power_bit	measured_bit	zero_mass	one_mass	retained_residues
519	0	48256457640483526790736996345261885416402018013988046254372920519692978755949818346967788625106125949665803400115206697318508323999832505432847356782135608177546840733663168278805472312472633443174306792848764674320699568611310171751523817932405366025164140823449795139392236379439950593039113881265164914919783530496	0	1
518	0	48256457640483526790736996345261885416402018013988046254372920519692978755949818346967788625106125949665803400115206697318508323999832505432847356782135608177546840733663168278805472312472633443174306792848764674320699568611310171751523817932405366025164140823449795139392236379439950593039113881265164914919783530496	0	1
517	0	48256457640483526790736996345261885416402018013988046254372920519692978755949818346967788625106125949665803400115206697318508323999832505432847356782135608177546840733663168278805472312472633443174306792848764674320699568611310171751523817932405366025164140823449795139392236379439950593039113881265164914919783530496	0	1
516	0	48256457640483526790736996345261885416402018013988046254372920519692978755949818346967788625106125949665803400115206697318508323999832505432847356782135608177546840733663168278805472312472633443174306792848764674320699568611310171751523817932405366025164140823449795139392236379439950593039113881265164914919783530496	0	1
515	0	48256457640483526790736996345261885416402018013988046254372920519692978755949818346967788625106125949665803400115206697318508323999832505432847356782135608177546840733663168278805472312472633443174306792848764674320699568611310171751523817932405366025164140823449795139392236379439950593039113881265164914919783530496	0	1
514	0	48256457640483526790736996345261885416402018013988046254372920519692978755949818346967788625106125949665803400115206697318508323999832505432847356782135608177546840733663168278805472312472633443174306792848764674320699568611310171751523817932405366025164140823449795139392236379439950593039113881265164914919783530496	0	1
513	0	48256457640483526790736996345261885416402018013988046254372920519692978755949818346967788625106125949665803400115206697318508323999832505432847356782135608177546840733663168278805472312472633443174306792848764674320699568611310171751523817932405366025164140823449795139392236379439950593039113881265164914919783530496	0	1
512	0	48256457640483526790736996345261885416402018013988046254372920519692978755949818346967788625106125949665803400115206697318508323999832505432847356782135608177546840733663168278805472312472633443174306792848764674320699568611310171751523817932405366025164140823449795139392236379439950593039113881265164914919783530496	0	1
511	0	48256457640483526790736996345261885416402018013988046254372920519692978755949818346967788625106125949665803400115206697318508323999832505432847356782135608177546840733663168278805472312472633443174306792848764674320699568611310171751523817932405366025164140823449795139392236379439950593039113881265164914919783530496	0	1
510	0	48256457640483526790736996345261885416402018013988046254372920519692978755949818346967788625106125949665803400115206697318508323999832505432847356782135608177546840733663168278805472312472633443174306792848764674320699568611310171751523817932405366025164140823449795139392236379439950593039113881265164914919783530496	0	1
509	0	48256457640483526790736996345261885416402018013988046254372920519692978755949818346967788625106125949665803400115206697318508323999832505432847356782135608177546840733663168278805472312472633443174306792848764674320699568611310171751523817932405366025164140823449795139392236379439950593039113881265164914919783530496	0	1
508	0	48256457640483526790736996345261885416402018013988046254372920519692978755949818346967788625106125949665803400115206697318508323999832505432847356782135608177546840733663168278805472312472633443174306792848764674320699568611310171751523817932405366025164140823449795139392236379439950593039113881265164914919783530496	0	1
507	0	48256457640483526790736996345261885416402018013988046254372920519692978755949818346967788625106125949665803400115206697318508323999832505432847356782135608177546840733663168278805472312472633443174306792848764674320699568611310171751523817932405366025164140823449795139392236379439950593039113881265164914919783530496	0	1
506	0	48256457640483526790736996345261885416402018013988046254372920519692978755949818346967788625106125949665803400115206697318508323999832505432847356782135608177546840733663168278805472312472633443174306792848764674320699568611310171751523817932405366025164140823449795139392236379439950593039113881265164914919783530496	0	1
505	0	48256457640483526790736996345261885416402018013988046254372920519692978755949818346967788625106125949665803400115206697318508323999832505432847356782135608177546840733663168278805472312472633443174306792848764674320699568611310171751523817932405366025164140823449795139392236379439950593039113881265164914919783530496	0	1
504	0	48256457640483526790736996345261885416402018013988046254372920519692978755949818346967788625106125949665803400115206697318508323999832505432847356782135608177546840733663168278805472312472633443174306792848764674320699568611310171751523817932405366025164140823449795139392236379439950593039113881265164914919783530496	0	1
503	0	48256457640483526790736996345261885416402018013988046254372920519692978755949818346967788625106125949665803400115206697318508323999832505432847356782135608177546840733663168278805472312472633443174306792848764674320699568611310171751523817932405366025164140823449795139392236379439950593039113881265164914919783530496	0	1
502	0	48256457640483526790736996345261885416402018013988046254372920519692978755949818346967788625106125949665803400115206697318508323999832505432847356782135608177546840733663168278805472312472633443174306792848764674320699568611310171751523817932405366025164140823449795139392236379439950593039113881265164914919783530496	0	1
501	0	48256457640483526790736996345261885416402018013988046254372920519692978755949818346967788625106125949665803400115206697318508323999832505432847356782135608177546840733663168278805472312472633443174306792848764674320699568611310171751523817932405366025164140823449795139392236379439950593039113881265164914919783530496	0	1
500	0	48256457640483526790736996345261885416402018013988046254372920519692978755949818346967788625106125949665803400115206697318508323999832505432847356782135608177546840733663168278805472312472633443174306792848764674320699568611310171751523817932405366025164140823449795139392236379439950593039113881265164914919783530496	0	1
499	0	48256457640483526790736996345261885416402018013988046254372920519692978755949818346967788625106125949665803400115206697318508323999832505432847356782135608177546840733663168278805472312472633443174306792848764674320699568611310171751523817932405366025164140823449795139392236379439950593039113881265164914919783530496	0	1
498	0	48256457640483526790736996345261885416402018013988046254372920519692978755949818346967788625106125949665803400115206697318508323999832505432847356782135608177546840733663168278805472312472633443174306792848764674320699568611310171751523817932405366025164140823449795139392236379439950593039113881265164914919783530496	0	1
497	0	48256457640483526790736996345261885416402018013988046254372920519692978755949818346967788625106125949665803400115206697318508323999832505432847356782135608177546840733663168278805472312472633443174306792848764674320699568611310171751523817932405366025164140823449795139392236379439950593039113881265164914919783530496	0	1
496	0	48256457640483526790736996345261885416402018013988046254372920519692978755949818346967788625106125949665803400115206697318508323999832505432847356782135608177546840733663168278805472312472633443174306792848764674320699568611310171751523817932405366025164140823449795139392236379439950593039113881265164914919783530496	0	1
495	0	48256457640483526790736996345261885416402018013988046254372920519692978755949818346967788625106125949665803400115206697318508323999832505432847356782135608177546840733663168278805472312472633443174306792848764674320699568611310171751523817932405366025164140823449795139392236379439950593039113881265164914919783530496	0	1
494	0	48256457640483526790736996345261885416402018013988046254372920519692978755949818346967788625106125949665803400115206697318508323999832505432847356782135608177546840733663168278805472312472633443174306792848764674320699568611310171751523817932405366025164140823449795139392236379439950593039113881265164914919783530496	0	1
493	0	48256457640483526790736996345261885416402018013988046254372920519692978755949818346967788625106125949665803400115206697318508323999832505432847356782135608177546840733663168278805472312472633443174306792848764674320699568611310171751523817932405366025164140823449795139392236379439950593039113881265164914919783530496	0	1
492	0	48256457640483526790736996345261885416402018013988046254372920519692978755949818346967788625106125949665803400115206697318508323999832505432847356782135608177546840733663168278805472312472633443174306792848764674320699568611310171751523817932405366025164140823449795139392236379439950593039113881265164914919783530496	0	1
491	0	48256457640483526790736996345261885416402018013988046254372920519692978755949818346967788625106125949665803400115206697318508323999832505432847356782135608177546840733663168278805472312472633443174306792848764674320699568611310171751523817932405366025164140823449795139392236379439950593039113881265164914919783530496	0	1
490	0	48256457640483526790736996345261885416402018013988046254372920519692978755949818346967788625106125949665803400115206697318508323999832505432847356782135608177546840733663168278805472312472633443174306792848764674320699568611310171751523817932405366025164140823449795139392236379439950593039113881265164914919783530496	0	1
489	0	48256457640483526790736996345261885416402018013988046254372920519692978755949818346967788625106125949665803400115206697318508323999832505432847356782135608177546840733663168278805472312472633443174306792848764674320699568611310171751523817932405366025164140823449795139392236379439950593039113881265164914919783530496	0	1
488	0	48256457640483526790736996345261885416402018013988046254372920519692978755949818346967788625106125949665803400115206697318508323999832505432847356782135608177546840733663168278805472312472633443174306792848764674320699568611310171751523817932405366025164140823449795139392236379439950593039113881265164914919783530496	0	1
487	0	48256457640483526790736996345261885416402018013988046254372920519692978755949818346967788625106125949665803400115206697318508323999832505432847356782135608177546840733663168278805472312472633443174306792848764674320699568611310171751523817932405366025164140823449795139392236379439950593039113881265164914919783530496	0	1
486	0	48256457640483526790736996345261885416402018013988046254372920519692978755949818346967788625106125949665803400115206697318508323999832505432847356782135608177546840733663168278805472312472633443174306792848764674320699568611310171751523817932405366025164140823449795139392236379439950593039113881265164914919783530496	0	1
485	0	48256457640483526790736996345261885416402018013988046254372920519692978755949818346967788625106125949665803400115206697318508323999832505432847356782135608177546840733663168278805472312472633443174306792848764674320699568611310171751523817932405366025164140823449795139392236379439950593039113881265164914919783530496	0	1
484	0	48256457640483526790736996345261885416402018013988046254372920519692978755949818346967788625106125949665803400115206697318508323999832505432847356782135608177546840733663168278805472312472633443174306792848764674320699568611310171751523817932405366025164140823449795139392236379439950593039113881265164914919783530496	0	1
483	0	48256457640483526790736996345261885416402018013988046254372920519692978755949818346967788625106125949665803400115206697318508323999832505432847356782135608177546840733663168278805472312472633443174306792848764674320699568611310171751523817932405366025164140823449795139392236379439950593039113881265164914919783530496	0	1
482	0	48256457640483526790736996345261885416402018013988046254372920519692978755949818346967788625106125949665803400115206697318508323999832505432847356782135608177546840733663168278805472312472633443174306792848764674320699568611310171751523817932405366025164140823449795139392236379439950593039113881265164914919783530496	0	1
481	0	48256457640483526790736996345261885416402018013988046254372920519692978755949818346967788625106125949665803400115206697318508323999832505432847356782135608177546840733663168278805472312472633443174306792848764674320699568611310171751523817932405366025164140823449795139392236379439950593039113881265164914919783530496	0	1
480	0	48256457640483526790736996345261885416402018013988046254372920519692978755949818346967788625106125949665803400115206697318508323999832505432847356782135608177546840733663168278805472312472633443174306792848764674320699568611310171751523817932405366025164140823449795139392236379439950593039113881265164914919783530496	0	1
479	0	48256457640483526790736996345261885416402018013988046254372920519692978755949818346967788625106125949665803400115206697318508323999832505432847356782135608177546840733663168278805472312472633443174306792848764674320699568611310171751523817932405366025164140823449795139392236379439950593039113881265164914919783530496	0	1
478	0	48256457640483526790736996345261885416402018013988046254372920519692978755949818346967788625106125949665803400115206697318508323999832505432847356782135608177546840733663168278805472312472633443174306792848764674320699568611310171751523817932405366025164140823449795139392236379439950593039113881265164914919783530496	0	1
477	0	48256457640483526790736996345261885416402018013988046254372920519692978755949818346967788625106125949665803400115206697318508323999832505432847356782135608177546840733663168278805472312472633443174306792848764674320699568611310171751523817932405366025164140823449795139392236379439950593039113881265164914919783530496	0	1
476	0	48256457640483526790736996345261885416402018013988046254372920519692978755949818346967788625106125949665803400115206697318508323999832505432847356782135608177546840733663168278805472312472633443174306792848764674320699568611310171751523817932405366025164140823449795139392236379439950593039113881265164914919783530496	0	1
475	0	48256457640483526790736996345261885416402018013988046254372920519692978755949818346967788625106125949665803400115206697318508323999832505432847356782135608177546840733663168278805472312472633443174306792848764674320699568611310171751523817932405366025164140823449795139392236379439950593039113881265164914919783530496	0	1
474	0	48256457640483526790736996345261885416402018013988046254372920519692978755949818346967788625106125949665803400115206697318508323999832505432847356782135608177546840733663168278805472312472633443174306792848764674320699568611310171751523817932405366025164140823449795139392236379439950593039113881265164914919783530496	0	1
473	0	48256457640483526790736996345261885416402018013988046254372920519692978755949818346967788625106125949665803400115206697318508323999832505432847356782135608177546840733663168278805472312472633443174306792848764674320699568611310171751523817932405366025164140823449795139392236379439950593039113881265164914919783530496	0	1
472	0	48256457640483526790736996345261885416402018013988046254372920519692978755949818346967788625106125949665803400115206697318508323999832505432847356782135608177546840733663168278805472312472633443174306792848764674320699568611310171751523817932405366025164140823449795139392236379439950593039113881265164914919783530496	0	1
471	0	48256457640483526790736996345261885416402018013988046254372920519692978755949818346967788625106125949665803400115206697318508323999832505432847356782135608177546840733663168278805472312472633443174306792848764674320699568611310171751523817932405366025164140823449795139392236379439950593039113881265164914919783530496	0	1
470	0	48256457640483526790736996345261885416402018013988046254372920519692978755949818346967788625106125949665803400115206697318508323999832505432847356782135608177546840733663168278805472312472633443174306792848764674320699568611310171751523817932405366025164140823449795139392236379439950593039113881265164914919783530496	0	1
469	0	48256457640483526790736996345261885416402018013988046254372920519692978755949818346967788625106125949665803400115206697318508323999832505432847356782135608177546840733663168278805472312472633443174306792848764674320699568611310171751523817932405366025164140823449795139392236379439950593039113881265164914919783530496	0	1
468	0	48256457640483526790736996345261885416402018013988046254372920519692978755949818346967788625106125949665803400115206697318508323999832505432847356782135608177546840733663168278805472312472633443174306792848764674320699568611310171751523817932405366025164140823449795139392236379439950593039113881265164914919783530496	0	1
467	0	48256457640483526790736996345261885416402018013988046254372920519692978755949818346967788625106125949665803400115206697318508323999832505432847356782135608177546840733663168278805472312472633443174306792848764674320699568611310171751523817932405366025164140823449795139392236379439950593039113881265164914919783530496	0	1
466	0	48256457640483526790736996345261885416402018013988046254372920519692978755949818346967788625106125949665803400115206697318508323999832505432847356782135608177546840733663168278805472312472633443174306792848764674320699568611310171751523817932405366025164140823449795139392236379439950593039113881265164914919783530496	0	1
465	0	48256457640483526790736996345261885416402018013988046254372920519692978755949818346967788625106125949665803400115206697318508323999832505432847356782135608177546840733663168278805472312472633443174306792848764674320699568611310171751523817932405366025164140823449795139392236379439950593039113881265164914919783530496	0	1
464	0	48256457640483526790736996345261885416402018013988046254372920519692978755949818346967788625106125949665803400115206697318508323999832505432847356782135608177546840733663168278805472312472633443174306792848764674320699568611310171751523817932405366025164140823449795139392236379439950593039113881265164914919783530496	0	1
463	0	48256457640483526790736996345261885416402018013988046254372920519692978755949818346967788625106125949665803400115206697318508323999832505432847356782135608177546840733663168278805472312472633443174306792848764674320699568611310171751523817932405366025164140823449795139392236379439950593039113881265164914919783530496	0	1
462	0	48256457640483526790736996345261885416402018013988046254372920519692978755949818346967788625106125949665803400115206697318508323999832505432847356782135608177546840733663168278805472312472633443174306792848764674320699568611310171751523817932405366025164140823449795139392236379439950593039113881265164914919783530496	0	1
461	0	48256457640483526790736996345261885416402018013988046254372920519692978755949818346967788625106125949665803400115206697318508323999832505432847356782135608177546840733663168278805472312472633443174306792848764674320699568611310171751523817932405366025164140823449795139392236379439950593039113881265164914919783530496	0	1
460	0	48256457640483526790736996345261885416402018013988046254372920519692978755949818346967788625106125949665803400115206697318508323999832505432847356782135608177546840733663168278805472312472633443174306792848764674320699568611310171751523817932405366025164140823449795139392236379439950593039113881265164914919783530496	0	1
459	0	48256457640483526790736996345261885416402018013988046254372920519692978755949818346967788625106125949665803400115206697318508323999832505432847356782135608177546840733663168278805472312472633443174306792848764674320699568611310171751523817932405366025164140823449795139392236379439950593039113881265164914919783530496	0	1
458	0	48256457640483526790736996345261885416402018013988046254372920519692978755949818346967788625106125949665803400115206697318508323999832505432847356782135608177546840733663168278805472312472633443174306792848764674320699568611310171751523817932405366025164140823449795139392236379439950593039113881265164914919783530496	0	1
457	0	48256457640483526790736996345261885416402018013988046254372920519692978755949818346967788625106125949665803400115206697318508323999832505432847356782135608177546840733663168278805472312472633443174306792848764674320699568611310171751523817932405366025164140823449795139392236379439950593039113881265164914919783530496	0	1
456	0	48256457640483526790736996345261885416402018013988046254372920519692978755949818346967788625106125949665803400115206697318508323999832505432847356782135608177546840733663168278805472312472633443174306792848764674320699568611310171751523817932405366025164140823449795139392236379439950593039113881265164914919783530496	0	1
455	0	48256457640483526790736996345261885416402018013988046254372920519692978755949818346967788625106125949665803400115206697318508323999832505432847356782135608177546840733663168278805472312472633443174306792848764674320699568611310171751523817932405366025164140823449795139392236379439950593039113881265164914919783530496	0	1
454	0	48256457640483526790736996345261885416402018013988046254372920519692978755949818346967788625106125949665803400115206697318508323999832505432847356782135608177546840733663168278805472312472633443174306792848764674320699568611310171751523817932405366025164140823449795139392236379439950593039113881265164914919783530496	0	1
453	0	48256457640483526790736996345261885416402018013988046254372920519692978755949818346967788625106125949665803400115206697318508323999832505432847356782135608177546840733663168278805472312472633443174306792848764674320699568611310171751523817932405366025164140823449795139392236379439950593039113881265164914919783530496	0	1
452	0	48256457640483526790736996345261885416402018013988046254372920519692978755949818346967788625106125949665803400115206697318508323999832505432847356782135608177546840733663168278805472312472633443174306792848764674320699568611310171751523817932405366025164140823449795139392236379439950593039113881265164914919783530496	0	1
451	0	48256457640483526790736996345261885416402018013988046254372920519692978755949818346967788625106125949665803400115206697318508323999832505432847356782135608177546840733663168278805472312472633443174306792848764674320699568611310171751523817932405366025164140823449795139392236379439950593039113881265164914919783530496	0	1
450	0	48256457640483526790736996345261885416402018013988046254372920519692978755949818346967788625106125949665803400115206697318508323999832505432847356782135608177546840733663168278805472312472633443174306792848764674320699568611310171751523817932405366025164140823449795139392236379439950593039113881265164914919783530496	0	1
449	0	48256457640483526790736996345261885416402018013988046254372920519692978755949818346967788625106125949665803400115206697318508323999832505432847356782135608177546840733663168278805472312472633443174306792848764674320699568611310171751523817932405366025164140823449795139392236379439950593039113881265164914919783530496	0	1
448	0	48256457640483526790736996345261885416402018013988046254372920519692978755949818346967788625106125949665803400115206697318508323999832505432847356782135608177546840733663168278805472312472633443174306792848764674320699568611310171751523817932405366025164140823449795139392236379439950593039113881265164914919783530496	0	1
447	0	48256457640483526790736996345261885416402018013988046254372920519692978755949818346967788625106125949665803400115206697318508323999832505432847356782135608177546840733663168278805472312472633443174306792848764674320699568611310171751523817932405366025164140823449795139392236379439950593039113881265164914919783530496	0	1
446	0	48256457640483526790736996345261885416402018013988046254372920519692978755949818346967788625106125949665803400115206697318508323999832505432847356782135608177546840733663168278805472312472633443174306792848764674320699568611310171751523817932405366025164140823449795139392236379439950593039113881265164914919783530496	0	1
445	0	48256457640483526790736996345261885416402018013988046254372920519692978755949818346967788625106125949665803400115206697318508323999832505432847356782135608177546840733663168278805472312472633443174306792848764674320699568611310171751523817932405366025164140823449795139392236379439950593039113881265164914919783530496	0	1
444	0	48256457640483526790736996345261885416402018013988046254372920519692978755949818346967788625106125949665803400115206697318508323999832505432847356782135608177546840733663168278805472312472633443174306792848764674320699568611310171751523817932405366025164140823449795139392236379439950593039113881265164914919783530496	0	1
443	0	48256457640483526790736996345261885416402018013988046254372920519692978755949818346967788625106125949665803400115206697318508323999832505432847356782135608177546840733663168278805472312472633443174306792848764674320699568611310171751523817932405366025164140823449795139392236379439950593039113881265164914919783530496	0	1
442	0	48256457640483526790736996345261885416402018013988046254372920519692978755949818346967788625106125949665803400115206697318508323999832505432847356782135608177546840733663168278805472312472633443174306792848764674320699568611310171751523817932405366025164140823449795139392236379439950593039113881265164914919783530496	0	1
441	0	48256457640483526790736996345261885416402018013988046254372920519692978755949818346967788625106125949665803400115206697318508323999832505432847356782135608177546840733663168278805472312472633443174306792848764674320699568611310171751523817932405366025164140823449795139392236379439950593039113881265164914919783530496	0	1
440	0	48256457640483526790736996345261885416402018013988046254372920519692978755949818346967788625106125949665803400115206697318508323999832505432847356782135608177546840733663168278805472312472633443174306792848764674320699568611310171751523817932405366025164140823449795139392236379439950593039113881265164914919783530496	0	1
439	0	48256457640483526790736996345261885416402018013988046254372920519692978755949818346967788625106125949665803400115206697318508323999832505432847356782135608177546840733663168278805472312472633443174306792848764674320699568611310171751523817932405366025164140823449795139392236379439950593039113881265164914919783530496	0	1
438	0	48256457640483526790736996345261885416402018013988046254372920519692978755949818346967788625106125949665803400115206697318508323999832505432847356782135608177546840733663168278805472312472633443174306792848764674320699568611310171751523817932405366025164140823449795139392236379439950593039113881265164914919783530496	0	1
437	0	48256457640483526790736996345261885416402018013988046254372920519692978755949818346967788625106125949665803400115206697318508323999832505432847356782135608177546840733663168278805472312472633443174306792848764674320699568611310171751523817932405366025164140823449795139392236379439950593039113881265164914919783530496	0	1
436	0	48256457640483526790736996345261885416402018013988046254372920519692978755949818346967788625106125949665803400115206697318508323999832505432847356782135608177546840733663168278805472312472633443174306792848764674320699568611310171751523817932405366025164140823449795139392236379439950593039113881265164914919783530496	0	1
435	0	48256457640483526790736996345261885416402018013988046254372920519692978755949818346967788625106125949665803400115206697318508323999832505432847356782135608177546840733663168278805472312472633443174306792848764674320699568611310171751523817932405366025164140823449795139392236379439950593039113881265164914919783530496	0	1
434	0	48256457640483526790736996345261885416402018013988046254372920519692978755949818346967788625106125949665803400115206697318508323999832505432847356782135608177546840733663168278805472312472633443174306792848764674320699568611310171751523817932405366025164140823449795139392236379439950593039113881265164914919783530496	0	1
433	0	48256457640483526790736996345261885416402018013988046254372920519692978755949818346967788625106125949665803400115206697318508323999832505432847356782135608177546840733663168278805472312472633443174306792848764674320699568611310171751523817932405366025164140823449795139392236379439950593039113881265164914919783530496	0	1
432	0	48256457640483526790736996345261885416402018013988046254372920519692978755949818346967788625106125949665803400115206697318508323999832505432847356782135608177546840733663168278805472312472633443174306792848764674320699568611310171751523817932405366025164140823449795139392236379439950593039113881265164914919783530496	0	1
431	0	48256457640483526790736996345261885416402018013988046254372920519692978755949818346967788625106125949665803400115206697318508323999832505432847356782135608177546840733663168278805472312472633443174306792848764674320699568611310171751523817932405366025164140823449795139392236379439950593039113881265164914919783530496	0	1
430	0	48256457640483526790736996345261885416402018013988046254372920519692978755949818346967788625106125949665803400115206697318508323999832505432847356782135608177546840733663168278805472312472633443174306792848764674320699568611310171751523817932405366025164140823449795139392236379439950593039113881265164914919783530496	0	1
429	0	48256457640483526790736996345261885416402018013988046254372920519692978755949818346967788625106125949665803400115206697318508323999832505432847356782135608177546840733663168278805472312472633443174306792848764674320699568611310171751523817932405366025164140823449795139392236379439950593039113881265164914919783530496	0	1
428	0	48256457640483526790736996345261885416402018013988046254372920519692978755949818346967788625106125949665803400115206697318508323999832505432847356782135608177546840733663168278805472312472633443174306792848764674320699568611310171751523817932405366025164140823449795139392236379439950593039113881265164914919783530496	0	1
427	0	48256457640483526790736996345261885416402018013988046254372920519692978755949818346967788625106125949665803400115206697318508323999832505432847356782135608177546840733663168278805472312472633443174306792848764674320699568611310171751523817932405366025164140823449795139392236379439950593039113881265164914919783530496	0	1
426	0	48256457640483526790736996345261885416402018013988046254372920519692978755949818346967788625106125949665803400115206697318508323999832505432847356782135608177546840733663168278805472312472633443174306792848764674320699568611310171751523817932405366025164140823449795139392236379439950593039113881265164914919783530496	0	1
425	0	48256457640483526790736996345261885416402018013988046254372920519692978755949818346967788625106125949665803400115206697318508323999832505432847356782135608177546840733663168278805472312472633443174306792848764674320699568611310171751523817932405366025164140823449795139392236379439950593039113881265164914919783530496	0	1
424	0	48256457640483526790736996345261885416402018013988046254372920519692978755949818346967788625106125949665803400115206697318508323999832505432847356782135608177546840733663168278805472312472633443174306792848764674320699568611310171751523817932405366025164140823449795139392236379439950593039113881265164914919783530496	0	1
423	0	48256457640483526790736996345261885416402018013988046254372920519692978755949818346967788625106125949665803400115206697318508323999832505432847356782135608177546840733663168278805472312472633443174306792848764674320699568611310171751523817932405366025164140823449795139392236379439950593039113881265164914919783530496	0	1
422	0	48256457640483526790736996345261885416402018013988046254372920519692978755949818346967788625106125949665803400115206697318508323999832505432847356782135608177546840733663168278805472312472633443174306792848764674320699568611310171751523817932405366025164140823449795139392236379439950593039113881265164914919783530496	0	1
421	0	48256457640483526790736996345261885416402018013988046254372920519692978755949818346967788625106125949665803400115206697318508323999832505432847356782135608177546840733663168278805472312472633443174306792848764674320699568611310171751523817932405366025164140823449795139392236379439950593039113881265164914919783530496	0	1
420	0	48256457640483526790736996345261885416402018013988046254372920519692978755949818346967788625106125949665803400115206697318508323999832505432847356782135608177546840733663168278805472312472633443174306792848764674320699568611310171751523817932405366025164140823449795139392236379439950593039113881265164914919783530496	0	1
419	0	48256457640483526790736996345261885416402018013988046254372920519692978755949818346967788625106125949665803400115206697318508323999832505432847356782135608177546840733663168278805472312472633443174306792848764674320699568611310171751523817932405366025164140823449795139392236379439950593039113881265164914919783530496	0	1
418	0	48256457640483526790736996345261885416402018013988046254372920519692978755949818346967788625106125949665803400115206697318508323999832505432847356782135608177546840733663168278805472312472633443174306792848764674320699568611310171751523817932405366025164140823449795139392236379439950593039113881265164914919783530496	0	1
417	0	48256457640483526790736996345261885416402018013988046254372920519692978755949818346967788625106125949665803400115206697318508323999832505432847356782135608177546840733663168278805472312472633443174306792848764674320699568611310171751523817932405366025164140823449795139392236379439950593039113881265164914919783530496	0	1
416	0	48256457640483526790736996345261885416402018013988046254372920519692978755949818346967788625106125949665803400115206697318508323999832505432847356782135608177546840733663168278805472312472633443174306792848764674320699568611310171751523817932405366025164140823449795139392236379439950593039113881265164914919783530496	0	1
415	0	48256457640483526790736996345261885416402018013988046254372920519692978755949818346967788625106125949665803400115206697318508323999832505432847356782135608177546840733663168278805472312472633443174306792848764674320699568611310171751523817932405366025164140823449795139392236379439950593039113881265164914919783530496	0	1
414	0	48256457640483526790736996345261885416402018013988046254372920519692978755949818346967788625106125949665803400115206697318508323999832505432847356782135608177546840733663168278805472312472633443174306792848764674320699568611310171751523817932405366025164140823449795139392236379439950593039113881265164914919783530496	0	1
413	0	48256457640483526790736996345261885416402018013988046254372920519692978755949818346967788625106125949665803400115206697318508323999832505432847356782135608177546840733663168278805472312472633443174306792848764674320699568611310171751523817932405366025164140823449795139392236379439950593039113881265164914919783530496	0	1
412	0	48256457640483526790736996345261885416402018013988046254372920519692978755949818346967788625106125949665803400115206697318508323999832505432847356782135608177546840733663168278805472312472633443174306792848764674320699568611310171751523817932405366025164140823449795139392236379439950593039113881265164914919783530496	0	1
411	0	48256457640483526790736996345261885416402018013988046254372920519692978755949818346967788625106125949665803400115206697318508323999832505432847356782135608177546840733663168278805472312472633443174306792848764674320699568611310171751523817932405366025164140823449795139392236379439950593039113881265164914919783530496	0	1
410	0	48256457640483526790736996345261885416402018013988046254372920519692978755949818346967788625106125949665803400115206697318508323999832505432847356782135608177546840733663168278805472312472633443174306792848764674320699568611310171751523817932405366025164140823449795139392236379439950593039113881265164914919783530496	0	1
409	0	48256457640483526790736996345261885416402018013988046254372920519692978755949818346967788625106125949665803400115206697318508323999832505432847356782135608177546840733663168278805472312472633443174306792848764674320699568611310171751523817932405366025164140823449795139392236379439950593039113881265164914919783530496	0	1
408	0	48256457640483526790736996345261885416402018013988046254372920519692978755949818346967788625106125949665803400115206697318508323999832505432847356782135608177546840733663168278805472312472633443174306792848764674320699568611310171751523817932405366025164140823449795139392236379439950593039113881265164914919783530496	0	1
407	0	48256457640483526790736996345261885416402018013988046254372920519692978755949818346967788625106125949665803400115206697318508323999832505432847356782135608177546840733663168278805472312472633443174306792848764674320699568611310171751523817932405366025164140823449795139392236379439950593039113881265164914919783530496	0	1
406	0	48256457640483526790736996345261885416402018013988046254372920519692978755949818346967788625106125949665803400115206697318508323999832505432847356782135608177546840733663168278805472312472633443174306792848764674320699568611310171751523817932405366025164140823449795139392236379439950593039113881265164914919783530496	0	1
405	0	48256457640483526790736996345261885416402018013988046254372920519692978755949818346967788625106125949665803400115206697318508323999832505432847356782135608177546840733663168278805472312472633443174306792848764674320699568611310171751523817932405366025164140823449795139392236379439950593039113881265164914919783530496	0	1
404	0	48256457640483526790736996345261885416402018013988046254372920519692978755949818346967788625106125949665803400115206697318508323999832505432847356782135608177546840733663168278805472312472633443174306792848764674320699568611310171751523817932405366025164140823449795139392236379439950593039113881265164914919783530496	0	1
403	0	48256457640483526790736996345261885416402018013988046254372920519692978755949818346967788625106125949665803400115206697318508323999832505432847356782135608177546840733663168278805472312472633443174306792848764674320699568611310171751523817932405366025164140823449795139392236379439950593039113881265164914919783530496	0	1
402	0	48256457640483526790736996345261885416402018013988046254372920519692978755949818346967788625106125949665803400115206697318508323999832505432847356782135608177546840733663168278805472312472633443174306792848764674320699568611310171751523817932405366025164140823449795139392236379439950593039113881265164914919783530496	0	1
401	0	48256457640483526790736996345261885416402018013988046254372920519692978755949818346967788625106125949665803400115206697318508323999832505432847356782135608177546840733663168278805472312472633443174306792848764674320699568611310171751523817932405366025164140823449795139392236379439950593039113881265164914919783530496	0	1
400	0	48256457640483526790736996345261885416402018013988046254372920519692978755949818346967788625106125949665803400115206697318508323999832505432847356782135608177546840733663168278805472312472633443174306792848764674320699568611310171751523817932405366025164140823449795139392236379439950593039113881265164914919783530496	0	1
399	0	48256457640483526790736996345261885416402018013988046254372920519692978755949818346967788625106125949665803400115206697318508323999832505432847356782135608177546840733663168278805472312472633443174306792848764674320699568611310171751523817932405366025164140823449795139392236379439950593039113881265164914919783530496	0	1
398	0	48256457640483526790736996345261885416402018013988046254372920519692978755949818346967788625106125949665803400115206697318508323999832505432847356782135608177546840733663168278805472312472633443174306792848764674320699568611310171751523817932405366025164140823449795139392236379439950593039113881265164914919783530496	0	1
397	0	48256457640483526790736996345261885416402018013988046254372920519692978755949818346967788625106125949665803400115206697318508323999832505432847356782135608177546840733663168278805472312472633443174306792848764674320699568611310171751523817932405366025164140823449795139392236379439950593039113881265164914919783530496	0	1
396	0	48256457640483526790736996345261885416402018013988046254372920519692978755949818346967788625106125949665803400115206697318508323999832505432847356782135608177546840733663168278805472312472633443174306792848764674320699568611310171751523817932405366025164140823449795139392236379439950593039113881265164914919783530496	0	1
395	0	48256457640483526790736996345261885416402018013988046254372920519692978755949818346967788625106125949665803400115206697318508323999832505432847356782135608177546840733663168278805472312472633443174306792848764674320699568611310171751523817932405366025164140823449795139392236379439950593039113881265164914919783530496	0	1
394	0	48256457640483526790736996345261885416402018013988046254372920519692978755949818346967788625106125949665803400115206697318508323999832505432847356782135608177546840733663168278805472312472633443174306792848764674320699568611310171751523817932405366025164140823449795139392236379439950593039113881265164914919783530496	0	1
393	0	48256457640483526790736996345261885416402018013988046254372920519692978755949818346967788625106125949665803400115206697318508323999832505432847356782135608177546840733663168278805472312472633443174306792848764674320699568611310171751523817932405366025164140823449795139392236379439950593039113881265164914919783530496	0	1
392	0	48256457640483526790736996345261885416402018013988046254372920519692978755949818346967788625106125949665803400115206697318508323999832505432847356782135608177546840733663168278805472312472633443174306792848764674320699568611310171751523817932405366025164140823449795139392236379439950593039113881265164914919783530496	0	1
391	0	48256457640483526790736996345261885416402018013988046254372920519692978755949818346967788625106125949665803400115206697318508323999832505432847356782135608177546840733663168278805472312472633443174306792848764674320699568611310171751523817932405366025164140823449795139392236379439950593039113881265164914919783530496	0	1
390	0	48256457640483526790736996345261885416402018013988046254372920519692978755949818346967788625106125949665803400115206697318508323999832505432847356782135608177546840733663168278805472312472633443174306792848764674320699568611310171751523817932405366025164140823449795139392236379439950593039113881265164914919783530496	0	1
389	0	48256457640483526790736996345261885416402018013988046254372920519692978755949818346967788625106125949665803400115206697318508323999832505432847356782135608177546840733663168278805472312472633443174306792848764674320699568611310171751523817932405366025164140823449795139392236379439950593039113881265164914919783530496	0	1
388	0	48256457640483526790736996345261885416402018013988046254372920519692978755949818346967788625106125949665803400115206697318508323999832505432847356782135608177546840733663168278805472312472633443174306792848764674320699568611310171751523817932405366025164140823449795139392236379439950593039113881265164914919783530496	0	1
387	0	48256457640483526790736996345261885416402018013988046254372920519692978755949818346967788625106125949665803400115206697318508323999832505432847356782135608177546840733663168278805472312472633443174306792848764674320699568611310171751523817932405366025164140823449795139392236379439950593039113881265164914919783530496	0	1
386	0	48256457640483526790736996345261885416402018013988046254372920519692978755949818346967788625106125949665803400115206697318508323999832505432847356782135608177546840733663168278805472312472633443174306792848764674320699568611310171751523817932405366025164140823449795139392236379439950593039113881265164914919783530496	0	1
385	0	48256457640483526790736996345261885416402018013988046254372920519692978755949818346967788625106125949665803400115206697318508323999832505432847356782135608177546840733663168278805472312472633443174306792848764674320699568611310171751523817932405366025164140823449795139392236379439950593039113881265164914919783530496	0	1
384	0	48256457640483526790736996345261885416402018013988046254372920519692978755949818346967788625106125949665803400115206697318508323999832505432847356782135608177546840733663168278805472312472633443174306792848764674320699568611310171751523817932405366025164140823449795139392236379439950593039113881265164914919783530496	0	1
383	0	48256457640483526790736996345261885416402018013988046254372920519692978755949818346967788625106125949665803400115206697318508323999832505432847356782135608177546840733663168278805472312472633443174306792848764674320699568611310171751523817932405366025164140823449795139392236379439950593039113881265164914919783530496	0	1
382	0	48256457640483526790736996345261885416402018013988046254372920519692978755949818346967788625106125949665803400115206697318508323999832505432847356782135608177546840733663168278805472312472633443174306792848764674320699568611310171751523817932405366025164140823449795139392236379439950593039113881265164914919783530496	0	1
381	0	48256457640483526790736996345261885416402018013988046254372920519692978755949818346967788625106125949665803400115206697318508323999832505432847356782135608177546840733663168278805472312472633443174306792848764674320699568611310171751523817932405366025164140823449795139392236379439950593039113881265164914919783530496	0	1
380	0	48256457640483526790736996345261885416402018013988046254372920519692978755949818346967788625106125949665803400115206697318508323999832505432847356782135608177546840733663168278805472312472633443174306792848764674320699568611310171751523817932405366025164140823449795139392236379439950593039113881265164914919783530496	0	1
379	0	48256457640483526790736996345261885416402018013988046254372920519692978755949818346967788625106125949665803400115206697318508323999832505432847356782135608177546840733663168278805472312472633443174306792848764674320699568611310171751523817932405366025164140823449795139392236379439950593039113881265164914919783530496	0	1
378	0	48256457640483526790736996345261885416402018013988046254372920519692978755949818346967788625106125949665803400115206697318508323999832505432847356782135608177546840733663168278805472312472633443174306792848764674320699568611310171751523817932405366025164140823449795139392236379439950593039113881265164914919783530496	0	1
377	0	48256457640483526790736996345261885416402018013988046254372920519692978755949818346967788625106125949665803400115206697318508323999832505432847356782135608177546840733663168278805472312472633443174306792848764674320699568611310171751523817932405366025164140823449795139392236379439950593039113881265164914919783530496	0	1
376	0	48256457640483526790736996345261885416402018013988046254372920519692978755949818346967788625106125949665803400115206697318508323999832505432847356782135608177546840733663168278805472312472633443174306792848764674320699568611310171751523817932405366025164140823449795139392236379439950593039113881265164914919783530496	0	1
375	0	48256457640483526790736996345261885416402018013988046254372920519692978755949818346967788625106125949665803400115206697318508323999832505432847356782135608177546840733663168278805472312472633443174306792848764674320699568611310171751523817932405366025164140823449795139392236379439950593039113881265164914919783530496	0	1
374	0	48256457640483526790736996345261885416402018013988046254372920519692978755949818346967788625106125949665803400115206697318508323999832505432847356782135608177546840733663168278805472312472633443174306792848764674320699568611310171751523817932405366025164140823449795139392236379439950593039113881265164914919783530496	0	1
373	0	48256457640483526790736996345261885416402018013988046254372920519692978755949818346967788625106125949665803400115206697318508323999832505432847356782135608177546840733663168278805472312472633443174306792848764674320699568611310171751523817932405366025164140823449795139392236379439950593039113881265164914919783530496	0	1
372	0	48256457640483526790736996345261885416402018013988046254372920519692978755949818346967788625106125949665803400115206697318508323999832505432847356782135608177546840733663168278805472312472633443174306792848764674320699568611310171751523817932405366025164140823449795139392236379439950593039113881265164914919783530496	0	1
371	0	48256457640483526790736996345261885416402018013988046254372920519692978755949818346967788625106125949665803400115206697318508323999832505432847356782135608177546840733663168278805472312472633443174306792848764674320699568611310171751523817932405366025164140823449795139392236379439950593039113881265164914919783530496	0	1
370	0	48256457640483526790736996345261885416402018013988046254372920519692978755949818346967788625106125949665803400115206697318508323999832505432847356782135608177546840733663168278805472312472633443174306792848764674320699568611310171751523817932405366025164140823449795139392236379439950593039113881265164914919783530496	0	1
369	0	48256457640483526790736996345261885416402018013988046254372920519692978755949818346967788625106125949665803400115206697318508323999832505432847356782135608177546840733663168278805472312472633443174306792848764674320699568611310171751523817932405366025164140823449795139392236379439950593039113881265164914919783530496	0	1
368	0	48256457640483526790736996345261885416402018013988046254372920519692978755949818346967788625106125949665803400115206697318508323999832505432847356782135608177546840733663168278805472312472633443174306792848764674320699568611310171751523817932405366025164140823449795139392236379439950593039113881265164914919783530496	0	1
367	0	48256457640483526790736996345261885416402018013988046254372920519692978755949818346967788625106125949665803400115206697318508323999832505432847356782135608177546840733663168278805472312472633443174306792848764674320699568611310171751523817932405366025164140823449795139392236379439950593039113881265164914919783530496	0	1
366	0	48256457640483526790736996345261885416402018013988046254372920519692978755949818346967788625106125949665803400115206697318508323999832505432847356782135608177546840733663168278805472312472633443174306792848764674320699568611310171751523817932405366025164140823449795139392236379439950593039113881265164914919783530496	0	1
365	0	48256457640483526790736996345261885416402018013988046254372920519692978755949818346967788625106125949665803400115206697318508323999832505432847356782135608177546840733663168278805472312472633443174306792848764674320699568611310171751523817932405366025164140823449795139392236379439950593039113881265164914919783530496	0	1
364	0	48256457640483526790736996345261885416402018013988046254372920519692978755949818346967788625106125949665803400115206697318508323999832505432847356782135608177546840733663168278805472312472633443174306792848764674320699568611310171751523817932405366025164140823449795139392236379439950593039113881265164914919783530496	0	1
363	0	48256457640483526790736996345261885416402018013988046254372920519692978755949818346967788625106125949665803400115206697318508323999832505432847356782135608177546840733663168278805472312472633443174306792848764674320699568611310171751523817932405366025164140823449795139392236379439950593039113881265164914919783530496	0	1
362	0	48256457640483526790736996345261885416402018013988046254372920519692978755949818346967788625106125949665803400115206697318508323999832505432847356782135608177546840733663168278805472312472633443174306792848764674320699568611310171751523817932405366025164140823449795139392236379439950593039113881265164914919783530496	0	1
361	0	48256457640483526790736996345261885416402018013988046254372920519692978755949818346967788625106125949665803400115206697318508323999832505432847356782135608177546840733663168278805472312472633443174306792848764674320699568611310171751523817932405366025164140823449795139392236379439950593039113881265164914919783530496	0	1
360	0	48256457640483526790736996345261885416402018013988046254372920519692978755949818346967788625106125949665803400115206697318508323999832505432847356782135608177546840733663168278805472312472633443174306792848764674320699568611310171751523817932405366025164140823449795139392236379439950593039113881265164914919783530496	0	1
359	0	48256457640483526790736996345261885416402018013988046254372920519692978755949818346967788625106125949665803400115206697318508323999832505432847356782135608177546840733663168278805472312472633443174306792848764674320699568611310171751523817932405366025164140823449795139392236379439950593039113881265164914919783530496	0	1
358	0	48256457640483526790736996345261885416402018013988046254372920519692978755949818346967788625106125949665803400115206697318508323999832505432847356782135608177546840733663168278805472312472633443174306792848764674320699568611310171751523817932405366025164140823449795139392236379439950593039113881265164914919783530496	0	1
357	0	48256457640483526790736996345261885416402018013988046254372920519692978755949818346967788625106125949665803400115206697318508323999832505432847356782135608177546840733663168278805472312472633443174306792848764674320699568611310171751523817932405366025164140823449795139392236379439950593039113881265164914919783530496	0	1
356	0	48256457640483526790736996345261885416402018013988046254372920519692978755949818346967788625106125949665803400115206697318508323999832505432847356782135608177546840733663168278805472312472633443174306792848764674320699568611310171751523817932405366025164140823449795139392236379439950593039113881265164914919783530496	0	1
355	0	48256457640483526790736996345261885416402018013988046254372920519692978755949818346967788625106125949665803400115206697318508323999832505432847356782135608177546840733663168278805472312472633443174306792848764674320699568611310171751523817932405366025164140823449795139392236379439950593039113881265164914919783530496	0	1
354	0	48256457640483526790736996345261885416402018013988046254372920519692978755949818346967788625106125949665803400115206697318508323999832505432847356782135608177546840733663168278805472312472633443174306792848764674320699568611310171751523817932405366025164140823449795139392236379439950593039113881265164914919783530496	0	1
353	0	48256457640483526790736996345261885416402018013988046254372920519692978755949818346967788625106125949665803400115206697318508323999832505432847356782135608177546840733663168278805472312472633443174306792848764674320699568611310171751523817932405366025164140823449795139392236379439950593039113881265164914919783530496	0	1
352	0	48256457640483526790736996345261885416402018013988046254372920519692978755949818346967788625106125949665803400115206697318508323999832505432847356782135608177546840733663168278805472312472633443174306792848764674320699568611310171751523817932405366025164140823449795139392236379439950593039113881265164914919783530496	0	1
351	0	48256457640483526790736996345261885416402018013988046254372920519692978755949818346967788625106125949665803400115206697318508323999832505432847356782135608177546840733663168278805472312472633443174306792848764674320699568611310171751523817932405366025164140823449795139392236379439950593039113881265164914919783530496	0	1
350	0	48256457640483526790736996345261885416402018013988046254372920519692978755949818346967788625106125949665803400115206697318508323999832505432847356782135608177546840733663168278805472312472633443174306792848764674320699568611310171751523817932405366025164140823449795139392236379439950593039113881265164914919783530496	0	1
349	0	48256457640483526790736996345261885416402018013988046254372920519692978755949818346967788625106125949665803400115206697318508323999832505432847356782135608177546840733663168278805472312472633443174306792848764674320699568611310171751523817932405366025164140823449795139392236379439950593039113881265164914919783530496	0	1
348	0	48256457640483526790736996345261885416402018013988046254372920519692978755949818346967788625106125949665803400115206697318508323999832505432847356782135608177546840733663168278805472312472633443174306792848764674320699568611310171751523817932405366025164140823449795139392236379439950593039113881265164914919783530496	0	1
347	0	48256457640483526790736996345261885416402018013988046254372920519692978755949818346967788625106125949665803400115206697318508323999832505432847356782135608177546840733663168278805472312472633443174306792848764674320699568611310171751523817932405366025164140823449795139392236379439950593039113881265164914919783530496	0	1
346	0	48256457640483526790736996345261885416402018013988046254372920519692978755949818346967788625106125949665803400115206697318508323999832505432847356782135608177546840733663168278805472312472633443174306792848764674320699568611310171751523817932405366025164140823449795139392236379439950593039113881265164914919783530496	0	1
345	0	48256457640483526790736996345261885416402018013988046254372920519692978755949818346967788625106125949665803400115206697318508323999832505432847356782135608177546840733663168278805472312472633443174306792848764674320699568611310171751523817932405366025164140823449795139392236379439950593039113881265164914919783530496	0	1
344	0	48256457640483526790736996345261885416402018013988046254372920519692978755949818346967788625106125949665803400115206697318508323999832505432847356782135608177546840733663168278805472312472633443174306792848764674320699568611310171751523817932405366025164140823449795139392236379439950593039113881265164914919783530496	0	1
343	0	48256457640483526790736996345261885416402018013988046254372920519692978755949818346967788625106125949665803400115206697318508323999832505432847356782135608177546840733663168278805472312472633443174306792848764674320699568611310171751523817932405366025164140823449795139392236379439950593039113881265164914919783530496	0	1
342	0	48256457640483526790736996345261885416402018013988046254372920519692978755949818346967788625106125949665803400115206697318508323999832505432847356782135608177546840733663168278805472312472633443174306792848764674320699568611310171751523817932405366025164140823449795139392236379439950593039113881265164914919783530496	0	1
341	0	48256457640483526790736996345261885416402018013988046254372920519692978755949818346967788625106125949665803400115206697318508323999832505432847356782135608177546840733663168278805472312472633443174306792848764674320699568611310171751523817932405366025164140823449795139392236379439950593039113881265164914919783530496	0	1
340	0	48256457640483526790736996345261885416402018013988046254372920519692978755949818346967788625106125949665803400115206697318508323999832505432847356782135608177546840733663168278805472312472633443174306792848764674320699568611310171751523817932405366025164140823449795139392236379439950593039113881265164914919783530496	0	1
339	0	48256457640483526790736996345261885416402018013988046254372920519692978755949818346967788625106125949665803400115206697318508323999832505432847356782135608177546840733663168278805472312472633443174306792848764674320699568611310171751523817932405366025164140823449795139392236379439950593039113881265164914919783530496	0	1
338	0	48256457640483526790736996345261885416402018013988046254372920519692978755949818346967788625106125949665803400115206697318508323999832505432847356782135608177546840733663168278805472312472633443174306792848764674320699568611310171751523817932405366025164140823449795139392236379439950593039113881265164914919783530496	0	1
337	0	48256457640483526790736996345261885416402018013988046254372920519692978755949818346967788625106125949665803400115206697318508323999832505432847356782135608177546840733663168278805472312472633443174306792848764674320699568611310171751523817932405366025164140823449795139392236379439950593039113881265164914919783530496	0	1
336	0	48256457640483526790736996345261885416402018013988046254372920519692978755949818346967788625106125949665803400115206697318508323999832505432847356782135608177546840733663168278805472312472633443174306792848764674320699568611310171751523817932405366025164140823449795139392236379439950593039113881265164914919783530496	0	1
335	0	48256457640483526790736996345261885416402018013988046254372920519692978755949818346967788625106125949665803400115206697318508323999832505432847356782135608177546840733663168278805472312472633443174306792848764674320699568611310171751523817932405366025164140823449795139392236379439950593039113881265164914919783530496	0	1
334	0	48256457640483526790736996345261885416402018013988046254372920519692978755949818346967788625106125949665803400115206697318508323999832505432847356782135608177546840733663168278805472312472633443174306792848764674320699568611310171751523817932405366025164140823449795139392236379439950593039113881265164914919783530496	0	1
333	0	48256457640483526790736996345261885416402018013988046254372920519692978755949818346967788625106125949665803400115206697318508323999832505432847356782135608177546840733663168278805472312472633443174306792848764674320699568611310171751523817932405366025164140823449795139392236379439950593039113881265164914919783530496	0	1
332	0	48256457640483526790736996345261885416402018013988046254372920519692978755949818346967788625106125949665803400115206697318508323999832505432847356782135608177546840733663168278805472312472633443174306792848764674320699568611310171751523817932405366025164140823449795139392236379439950593039113881265164914919783530496	0	1
331	0	48256457640483526790736996345261885416402018013988046254372920519692978755949818346967788625106125949665803400115206697318508323999832505432847356782135608177546840733663168278805472312472633443174306792848764674320699568611310171751523817932405366025164140823449795139392236379439950593039113881265164914919783530496	0	1
330	0	48256457640483526790736996345261885416402018013988046254372920519692978755949818346967788625106125949665803400115206697318508323999832505432847356782135608177546840733663168278805472312472633443174306792848764674320699568611310171751523817932405366025164140823449795139392236379439950593039113881265164914919783530496	0	1
329	0	48256457640483526790736996345261885416402018013988046254372920519692978755949818346967788625106125949665803400115206697318508323999832505432847356782135608177546840733663168278805472312472633443174306792848764674320699568611310171751523817932405366025164140823449795139392236379439950593039113881265164914919783530496	0	1
328	0	48256457640483526790736996345261885416402018013988046254372920519692978755949818346967788625106125949665803400115206697318508323999832505432847356782135608177546840733663168278805472312472633443174306792848764674320699568611310171751523817932405366025164140823449795139392236379439950593039113881265164914919783530496	0	1
327	0	48256457640483526790736996345261885416402018013988046254372920519692978755949818346967788625106125949665803400115206697318508323999832505432847356782135608177546840733663168278805472312472633443174306792848764674320699568611310171751523817932405366025164140823449795139392236379439950593039113881265164914919783530496	0	1
326	0	48256457640483526790736996345261885416402018013988046254372920519692978755949818346967788625106125949665803400115206697318508323999832505432847356782135608177546840733663168278805472312472633443174306792848764674320699568611310171751523817932405366025164140823449795139392236379439950593039113881265164914919783530496	0	1
325	0	48256457640483526790736996345261885416402018013988046254372920519692978755949818346967788625106125949665803400115206697318508323999832505432847356782135608177546840733663168278805472312472633443174306792848764674320699568611310171751523817932405366025164140823449795139392236379439950593039113881265164914919783530496	0	1
324	0	48256457640483526790736996345261885416402018013988046254372920519692978755949818346967788625106125949665803400115206697318508323999832505432847356782135608177546840733663168278805472312472633443174306792848764674320699568611310171751523817932405366025164140823449795139392236379439950593039113881265164914919783530496	0	1
323	0	48256457640483526790736996345261885416402018013988046254372920519692978755949818346967788625106125949665803400115206697318508323999832505432847356782135608177546840733663168278805472312472633443174306792848764674320699568611310171751523817932405366025164140823449795139392236379439950593039113881265164914919783530496	0	1
322	0	48256457640483526790736996345261885416402018013988046254372920519692978755949818346967788625106125949665803400115206697318508323999832505432847356782135608177546840733663168278805472312472633443174306792848764674320699568611310171751523817932405366025164140823449795139392236379439950593039113881265164914919783530496	0	1
321	0	48256457640483526790736996345261885416402018013988046254372920519692978755949818346967788625106125949665803400115206697318508323999832505432847356782135608177546840733663168278805472312472633443174306792848764674320699568611310171751523817932405366025164140823449795139392236379439950593039113881265164914919783530496	0	1
320	0	48256457640483526790736996345261885416402018013988046254372920519692978755949818346967788625106125949665803400115206697318508323999832505432847356782135608177546840733663168278805472312472633443174306792848764674320699568611310171751523817932405366025164140823449795139392236379439950593039113881265164914919783530496	0	1
319	0	48256457640483526790736996345261885416402018013988046254372920519692978755949818346967788625106125949665803400115206697318508323999832505432847356782135608177546840733663168278805472312472633443174306792848764674320699568611310171751523817932405366025164140823449795139392236379439950593039113881265164914919783530496	0	1
318	0	48256457640483526790736996345261885416402018013988046254372920519692978755949818346967788625106125949665803400115206697318508323999832505432847356782135608177546840733663168278805472312472633443174306792848764674320699568611310171751523817932405366025164140823449795139392236379439950593039113881265164914919783530496	0	1
317	0	48256457640483526790736996345261885416402018013988046254372920519692978755949818346967788625106125949665803400115206697318508323999832505432847356782135608177546840733663168278805472312472633443174306792848764674320699568611310171751523817932405366025164140823449795139392236379439950593039113881265164914919783530496	0	1
316	0	48256457640483526790736996345261885416402018013988046254372920519692978755949818346967788625106125949665803400115206697318508323999832505432847356782135608177546840733663168278805472312472633443174306792848764674320699568611310171751523817932405366025164140823449795139392236379439950593039113881265164914919783530496	0	1
315	0	48256457640483526790736996345261885416402018013988046254372920519692978755949818346967788625106125949665803400115206697318508323999832505432847356782135608177546840733663168278805472312472633443174306792848764674320699568611310171751523817932405366025164140823449795139392236379439950593039113881265164914919783530496	0	1
314	0	48256457640483526790736996345261885416402018013988046254372920519692978755949818346967788625106125949665803400115206697318508323999832505432847356782135608177546840733663168278805472312472633443174306792848764674320699568611310171751523817932405366025164140823449795139392236379439950593039113881265164914919783530496	0	1
313	0	48256457640483526790736996345261885416402018013988046254372920519692978755949818346967788625106125949665803400115206697318508323999832505432847356782135608177546840733663168278805472312472633443174306792848764674320699568611310171751523817932405366025164140823449795139392236379439950593039113881265164914919783530496	0	1
312	0	48256457640483526790736996345261885416402018013988046254372920519692978755949818346967788625106125949665803400115206697318508323999832505432847356782135608177546840733663168278805472312472633443174306792848764674320699568611310171751523817932405366025164140823449795139392236379439950593039113881265164914919783530496	0	1
311	0	48256457640483526790736996345261885416402018013988046254372920519692978755949818346967788625106125949665803400115206697318508323999832505432847356782135608177546840733663168278805472312472633443174306792848764674320699568611310171751523817932405366025164140823449795139392236379439950593039113881265164914919783530496	0	1
310	0	48256457640483526790736996345261885416402018013988046254372920519692978755949818346967788625106125949665803400115206697318508323999832505432847356782135608177546840733663168278805472312472633443174306792848764674320699568611310171751523817932405366025164140823449795139392236379439950593039113881265164914919783530496	0	1
309	0	48256457640483526790736996345261885416402018013988046254372920519692978755949818346967788625106125949665803400115206697318508323999832505432847356782135608177546840733663168278805472312472633443174306792848764674320699568611310171751523817932405366025164140823449795139392236379439950593039113881265164914919783530496	0	1
308	0	48256457640483526790736996345261885416402018013988046254372920519692978755949818346967788625106125949665803400115206697318508323999832505432847356782135608177546840733663168278805472312472633443174306792848764674320699568611310171751523817932405366025164140823449795139392236379439950593039113881265164914919783530496	0	1
307	0	48256457640483526790736996345261885416402018013988046254372920519692978755949818346967788625106125949665803400115206697318508323999832505432847356782135608177546840733663168278805472312472633443174306792848764674320699568611310171751523817932405366025164140823449795139392236379439950593039113881265164914919783530496	0	1
306	0	48256457640483526790736996345261885416402018013988046254372920519692978755949818346967788625106125949665803400115206697318508323999832505432847356782135608177546840733663168278805472312472633443174306792848764674320699568611310171751523817932405366025164140823449795139392236379439950593039113881265164914919783530496	0	1
305	0	48256457640483526790736996345261885416402018013988046254372920519692978755949818346967788625106125949665803400115206697318508323999832505432847356782135608177546840733663168278805472312472633443174306792848764674320699568611310171751523817932405366025164140823449795139392236379439950593039113881265164914919783530496	0	1
304	0	48256457640483526790736996345261885416402018013988046254372920519692978755949818346967788625106125949665803400115206697318508323999832505432847356782135608177546840733663168278805472312472633443174306792848764674320699568611310171751523817932405366025164140823449795139392236379439950593039113881265164914919783530496	0	1
303	0	48256457640483526790736996345261885416402018013988046254372920519692978755949818346967788625106125949665803400115206697318508323999832505432847356782135608177546840733663168278805472312472633443174306792848764674320699568611310171751523817932405366025164140823449795139392236379439950593039113881265164914919783530496	0	1
302	0	48256457640483526790736996345261885416402018013988046254372920519692978755949818346967788625106125949665803400115206697318508323999832505432847356782135608177546840733663168278805472312472633443174306792848764674320699568611310171751523817932405366025164140823449795139392236379439950593039113881265164914919783530496	0	1
301	0	48256457640483526790736996345261885416402018013988046254372920519692978755949818346967788625106125949665803400115206697318508323999832505432847356782135608177546840733663168278805472312472633443174306792848764674320699568611310171751523817932405366025164140823449795139392236379439950593039113881265164914919783530496	0	1
300	0	48256457640483526790736996345261885416402018013988046254372920519692978755949818346967788625106125949665803400115206697318508323999832505432847356782135608177546840733663168278805472312472633443174306792848764674320699568611310171751523817932405366025164140823449795139392236379439950593039113881265164914919783530496	0	1
299	0	48256457640483526790736996345261885416402018013988046254372920519692978755949818346967788625106125949665803400115206697318508323999832505432847356782135608177546840733663168278805472312472633443174306792848764674320699568611310171751523817932405366025164140823449795139392236379439950593039113881265164914919783530496	0	1
298	0	48256457640483526790736996345261885416402018013988046254372920519692978755949818346967788625106125949665803400115206697318508323999832505432847356782135608177546840733663168278805472312472633443174306792848764674320699568611310171751523817932405366025164140823449795139392236379439950593039113881265164914919783530496	0	1
297	0	48256457640483526790736996345261885416402018013988046254372920519692978755949818346967788625106125949665803400115206697318508323999832505432847356782135608177546840733663168278805472312472633443174306792848764674320699568611310171751523817932405366025164140823449795139392236379439950593039113881265164914919783530496	0	1
296	0	48256457640483526790736996345261885416402018013988046254372920519692978755949818346967788625106125949665803400115206697318508323999832505432847356782135608177546840733663168278805472312472633443174306792848764674320699568611310171751523817932405366025164140823449795139392236379439950593039113881265164914919783530496	0	1
295	0	48256457640483526790736996345261885416402018013988046254372920519692978755949818346967788625106125949665803400115206697318508323999832505432847356782135608177546840733663168278805472312472633443174306792848764674320699568611310171751523817932405366025164140823449795139392236379439950593039113881265164914919783530496	0	1
294	0	48256457640483526790736996345261885416402018013988046254372920519692978755949818346967788625106125949665803400115206697318508323999832505432847356782135608177546840733663168278805472312472633443174306792848764674320699568611310171751523817932405366025164140823449795139392236379439950593039113881265164914919783530496	0	1
293	0	48256457640483526790736996345261885416402018013988046254372920519692978755949818346967788625106125949665803400115206697318508323999832505432847356782135608177546840733663168278805472312472633443174306792848764674320699568611310171751523817932405366025164140823449795139392236379439950593039113881265164914919783530496	0	1
292	0	48256457640483526790736996345261885416402018013988046254372920519692978755949818346967788625106125949665803400115206697318508323999832505432847356782135608177546840733663168278805472312472633443174306792848764674320699568611310171751523817932405366025164140823449795139392236379439950593039113881265164914919783530496	0	1
291	0	48256457640483526790736996345261885416402018013988046254372920519692978755949818346967788625106125949665803400115206697318508323999832505432847356782135608177546840733663168278805472312472633443174306792848764674320699568611310171751523817932405366025164140823449795139392236379439950593039113881265164914919783530496	0	1
290	0	48256457640483526790736996345261885416402018013988046254372920519692978755949818346967788625106125949665803400115206697318508323999832505432847356782135608177546840733663168278805472312472633443174306792848764674320699568611310171751523817932405366025164140823449795139392236379439950593039113881265164914919783530496	0	1
289	0	48256457640483526790736996345261885416402018013988046254372920519692978755949818346967788625106125949665803400115206697318508323999832505432847356782135608177546840733663168278805472312472633443174306792848764674320699568611310171751523817932405366025164140823449795139392236379439950593039113881265164914919783530496	0	1
288	0	48256457640483526790736996345261885416402018013988046254372920519692978755949818346967788625106125949665803400115206697318508323999832505432847356782135608177546840733663168278805472312472633443174306792848764674320699568611310171751523817932405366025164140823449795139392236379439950593039113881265164914919783530496	0	1
287	0	48256457640483526790736996345261885416402018013988046254372920519692978755949818346967788625106125949665803400115206697318508323999832505432847356782135608177546840733663168278805472312472633443174306792848764674320699568611310171751523817932405366025164140823449795139392236379439950593039113881265164914919783530496	0	1
286	0	48256457640483526790736996345261885416402018013988046254372920519692978755949818346967788625106125949665803400115206697318508323999832505432847356782135608177546840733663168278805472312472633443174306792848764674320699568611310171751523817932405366025164140823449795139392236379439950593039113881265164914919783530496	0	1
285	0	48256457640483526790736996345261885416402018013988046254372920519692978755949818346967788625106125949665803400115206697318508323999832505432847356782135608177546840733663168278805472312472633443174306792848764674320699568611310171751523817932405366025164140823449795139392236379439950593039113881265164914919783530496	0	1
284	0	48256457640483526790736996345261885416402018013988046254372920519692978755949818346967788625106125949665803400115206697318508323999832505432847356782135608177546840733663168278805472312472633443174306792848764674320699568611310171751523817932405366025164140823449795139392236379439950593039113881265164914919783530496	0	1
283	0	48256457640483526790736996345261885416402018013988046254372920519692978755949818346967788625106125949665803400115206697318508323999832505432847356782135608177546840733663168278805472312472633443174306792848764674320699568611310171751523817932405366025164140823449795139392236379439950593039113881265164914919783530496	0	1
282	0	48256457640483526790736996345261885416402018013988046254372920519692978755949818346967788625106125949665803400115206697318508323999832505432847356782135608177546840733663168278805472312472633443174306792848764674320699568611310171751523817932405366025164140823449795139392236379439950593039113881265164914919783530496	0	1
281	0	48256457640483526790736996345261885416402018013988046254372920519692978755949818346967788625106125949665803400115206697318508323999832505432847356782135608177546840733663168278805472312472633443174306792848764674320699568611310171751523817932405366025164140823449795139392236379439950593039113881265164914919783530496	0	1
280	0	48256457640483526790736996345261885416402018013988046254372920519692978755949818346967788625106125949665803400115206697318508323999832505432847356782135608177546840733663168278805472312472633443174306792848764674320699568611310171751523817932405366025164140823449795139392236379439950593039113881265164914919783530496	0	1
279	0	48256457640483526790736996345261885416402018013988046254372920519692978755949818346967788625106125949665803400115206697318508323999832505432847356782135608177546840733663168278805472312472633443174306792848764674320699568611310171751523817932405366025164140823449795139392236379439950593039113881265164914919783530496	0	1
278	0	48256457640483526790736996345261885416402018013988046254372920519692978755949818346967788625106125949665803400115206697318508323999832505432847356782135608177546840733663168278805472312472633443174306792848764674320699568611310171751523817932405366025164140823449795139392236379439950593039113881265164914919783530496	0	1
277	0	48256457640483526790736996345261885416402018013988046254372920519692978755949818346967788625106125949665803400115206697318508323999832505432847356782135608177546840733663168278805472312472633443174306792848764674320699568611310171751523817932405366025164140823449795139392236379439950593039113881265164914919783530496	0	1
276	0	48256457640483526790736996345261885416402018013988046254372920519692978755949818346967788625106125949665803400115206697318508323999832505432847356782135608177546840733663168278805472312472633443174306792848764674320699568611310171751523817932405366025164140823449795139392236379439950593039113881265164914919783530496	0	1
275	0	48256457640483526790736996345261885416402018013988046254372920519692978755949818346967788625106125949665803400115206697318508323999832505432847356782135608177546840733663168278805472312472633443174306792848764674320699568611310171751523817932405366025164140823449795139392236379439950593039113881265164914919783530496	0	1
274	0	48256457640483526790736996345261885416402018013988046254372920519692978755949818346967788625106125949665803400115206697318508323999832505432847356782135608177546840733663168278805472312472633443174306792848764674320699568611310171751523817932405366025164140823449795139392236379439950593039113881265164914919783530496	0	1
273	0	48256457640483526790736996345261885416402018013988046254372920519692978755949818346967788625106125949665803400115206697318508323999832505432847356782135608177546840733663168278805472312472633443174306792848764674320699568611310171751523817932405366025164140823449795139392236379439950593039113881265164914919783530496	0	1
272	0	48256457640483526790736996345261885416402018013988046254372920519692978755949818346967788625106125949665803400115206697318508323999832505432847356782135608177546840733663168278805472312472633443174306792848764674320699568611310171751523817932405366025164140823449795139392236379439950593039113881265164914919783530496	0	1
271	0	48256457640483526790736996345261885416402018013988046254372920519692978755949818346967788625106125949665803400115206697318508323999832505432847356782135608177546840733663168278805472312472633443174306792848764674320699568611310171751523817932405366025164140823449795139392236379439950593039113881265164914919783530496	0	1
270	0	48256457640483526790736996345261885416402018013988046254372920519692978755949818346967788625106125949665803400115206697318508323999832505432847356782135608177546840733663168278805472312472633443174306792848764674320699568611310171751523817932405366025164140823449795139392236379439950593039113881265164914919783530496	0	1
269	0	48256457640483526790736996345261885416402018013988046254372920519692978755949818346967788625106125949665803400115206697318508323999832505432847356782135608177546840733663168278805472312472633443174306792848764674320699568611310171751523817932405366025164140823449795139392236379439950593039113881265164914919783530496	0	1
268	0	48256457640483526790736996345261885416402018013988046254372920519692978755949818346967788625106125949665803400115206697318508323999832505432847356782135608177546840733663168278805472312472633443174306792848764674320699568611310171751523817932405366025164140823449795139392236379439950593039113881265164914919783530496	0	1
267	0	48256457640483526790736996345261885416402018013988046254372920519692978755949818346967788625106125949665803400115206697318508323999832505432847356782135608177546840733663168278805472312472633443174306792848764674320699568611310171751523817932405366025164140823449795139392236379439950593039113881265164914919783530496	0	1
266	0	48256457640483526790736996345261885416402018013988046254372920519692978755949818346967788625106125949665803400115206697318508323999832505432847356782135608177546840733663168278805472312472633443174306792848764674320699568611310171751523817932405366025164140823449795139392236379439950593039113881265164914919783530496	0	1
265	0	48256457640483526790736996345261885416402018013988046254372920519692978755949818346967788625106125949665803400115206697318508323999832505432847356782135608177546840733663168278805472312472633443174306792848764674320699568611310171751523817932405366025164140823449795139392236379439950593039113881265164914919783530496	0	1
264	0	48256457640483526790736996345261885416402018013988046254372920519692978755949818346967788625106125949665803400115206697318508323999832505432847356782135608177546840733663168278805472312472633443174306792848764674320699568611310171751523817932405366025164140823449795139392236379439950593039113881265164914919783530496	0	1
263	0	48256457640483526790736996345261885416402018013988046254372920519692978755949818346967788625106125949665803400115206697318508323999832505432847356782135608177546840733663168278805472312472633443174306792848764674320699568611310171751523817932405366025164140823449795139392236379439950593039113881265164914919783530496	0	1
262	0	48256457640483526790736996345261885416402018013988046254372920519692978755949818346967788625106125949665803400115206697318508323999832505432847356782135608177546840733663168278805472312472633443174306792848764674320699568611310171751523817932405366025164140823449795139392236379439950593039113881265164914919783530496	0	1
261	0	48256457640483526790736996345261885416402018013988046254372920519692978755949818346967788625106125949665803400115206697318508323999832505432847356782135608177546840733663168278805472312472633443174306792848764674320699568611310171751523817932405366025164140823449795139392236379439950593039113881265164914919783530496	0	1
260	0	48256457640483526790736996345261885416402018013988046254372920519692978755949818346967788625106125949665803400115206697318508323999832505432847356782135608177546840733663168278805472312472633443174306792848764674320699568611310171751523817932405366025164140823449795139392236379439950593039113881265164914919783530496	0	1
259	0	48256457640483526790736996345261885416402018013988046254372920519692978755949818346967788625106125949665803400115206697318508323999832505432847356782135608177546840733663168278805472312472633443174306792848764674320699568611310171751523817932405366025164140823449795139392236379439950593039113881265164914919783530496	0	1
258	0	48256457640483526790736996345261885416402018013988046254372920519692978755949818346967788625106125949665803400115206697318508323999832505432847356782135608177546840733663168278805472312472633443174306792848764674320699568611310171751523817932405366025164140823449795139392236379439950593039113881265164914919783530496	0	1
257	0	48256457640483526790736996345261885416402018013988046254372920519692978755949818346967788625106125949665803400115206697318508323999832505432847356782135608177546840733663168278805472312472633443174306792848764674320699568611310171751523817932405366025164140823449795139392236379439950593039113881265164914919783530496	0	1
256	0	48256457640483526790736996345261885416402018013988046254372920519692978755949818346967788625106125949665803400115206697318508323999832505432847356782135608177546840733663168278805472312472633443174306792848764674320699568611310171751523817932405366025164140823449795139392236379439950593039113881265164914919783530496	0	1
255	0	48256457640483526790736996345261885416402018013988046254372920519692978755949818346967788625106125949665803400115206697318508323999832505432847356782135608177546840733663168278805472312472633443174306792848764674320699568611310171751523817932405366025164140823449795139392236379439950593039113881265164914919783530496	0	1
254	0	48256457640483526790736996345261885416402018013988046254372920519692978755949818346967788625106125949665803400115206697318508323999832505432847356782135608177546840733663168278805472312472633443174306792848764674320699568611310171751523817932405366025164140823449795139392236379439950593039113881265164914919783530496	0	1
253	0	48256457640483526790736996345261885416402018013988046254372920519692978755949818346967788625106125949665803400115206697318508323999832505432847356782135608177546840733663168278805472312472633443174306792848764674320699568611310171751523817932405366025164140823449795139392236379439950593039113881265164914919783530496	0	1
252	0	48256457640483526790736996345261885416402018013988046254372920519692978755949818346967788625106125949665803400115206697318508323999832505432847356782135608177546840733663168278805472312472633443174306792848764674320699568611310171751523817932405366025164140823449795139392236379439950593039113881265164914919783530496	0	1
251	0	48256457640483526790736996345261885416402018013988046254372920519692978755949818346967788625106125949665803400115206697318508323999832505432847356782135608177546840733663168278805472312472633443174306792848764674320699568611310171751523817932405366025164140823449795139392236379439950593039113881265164914919783530496	0	1
250	0	48256457640483526790736996345261885416402018013988046254372920519692978755949818346967788625106125949665803400115206697318508323999832505432847356782135608177546840733663168278805472312472633443174306792848764674320699568611310171751523817932405366025164140823449795139392236379439950593039113881265164914919783530496	0	1
249	0	48256457640483526790736996345261885416402018013988046254372920519692978755949818346967788625106125949665803400115206697318508323999832505432847356782135608177546840733663168278805472312472633443174306792848764674320699568611310171751523817932405366025164140823449795139392236379439950593039113881265164914919783530496	0	1
248	0	48256457640483526790736996345261885416402018013988046254372920519692978755949818346967788625106125949665803400115206697318508323999832505432847356782135608177546840733663168278805472312472633443174306792848764674320699568611310171751523817932405366025164140823449795139392236379439950593039113881265164914919783530496	0	1
247	0	48256457640483526790736996345261885416402018013988046254372920519692978755949818346967788625106125949665803400115206697318508323999832505432847356782135608177546840733663168278805472312472633443174306792848764674320699568611310171751523817932405366025164140823449795139392236379439950593039113881265164914919783530496	0	1
246	0	48256457640483526790736996345261885416402018013988046254372920519692978755949818346967788625106125949665803400115206697318508323999832505432847356782135608177546840733663168278805472312472633443174306792848764674320699568611310171751523817932405366025164140823449795139392236379439950593039113881265164914919783530496	0	1
245	0	48256457640483526790736996345261885416402018013988046254372920519692978755949818346967788625106125949665803400115206697318508323999832505432847356782135608177546840733663168278805472312472633443174306792848764674320699568611310171751523817932405366025164140823449795139392236379439950593039113881265164914919783530496	0	1
244	0	48256457640483526790736996345261885416402018013988046254372920519692978755949818346967788625106125949665803400115206697318508323999832505432847356782135608177546840733663168278805472312472633443174306792848764674320699568611310171751523817932405366025164140823449795139392236379439950593039113881265164914919783530496	0	1
243	0	48256457640483526790736996345261885416402018013988046254372920519692978755949818346967788625106125949665803400115206697318508323999832505432847356782135608177546840733663168278805472312472633443174306792848764674320699568611310171751523817932405366025164140823449795139392236379439950593039113881265164914919783530496	0	1
242	0	48256457640483526790736996345261885416402018013988046254372920519692978755949818346967788625106125949665803400115206697318508323999832505432847356782135608177546840733663168278805472312472633443174306792848764674320699568611310171751523817932405366025164140823449795139392236379439950593039113881265164914919783530496	0	1
241	0	48256457640483526790736996345261885416402018013988046254372920519692978755949818346967788625106125949665803400115206697318508323999832505432847356782135608177546840733663168278805472312472633443174306792848764674320699568611310171751523817932405366025164140823449795139392236379439950593039113881265164914919783530496	0	1
240	0	48256457640483526790736996345261885416402018013988046254372920519692978755949818346967788625106125949665803400115206697318508323999832505432847356782135608177546840733663168278805472312472633443174306792848764674320699568611310171751523817932405366025164140823449795139392236379439950593039113881265164914919783530496	0	1
239	0	48256457640483526790736996345261885416402018013988046254372920519692978755949818346967788625106125949665803400115206697318508323999832505432847356782135608177546840733663168278805472312472633443174306792848764674320699568611310171751523817932405366025164140823449795139392236379439950593039113881265164914919783530496	0	1
238	0	48256457640483526790736996345261885416402018013988046254372920519692978755949818346967788625106125949665803400115206697318508323999832505432847356782135608177546840733663168278805472312472633443174306792848764674320699568611310171751523817932405366025164140823449795139392236379439950593039113881265164914919783530496	0	1
237	0	48256457640483526790736996345261885416402018013988046254372920519692978755949818346967788625106125949665803400115206697318508323999832505432847356782135608177546840733663168278805472312472633443174306792848764674320699568611310171751523817932405366025164140823449795139392236379439950593039113881265164914919783530496	0	1
236	0	48256457640483526790736996345261885416402018013988046254372920519692978755949818346967788625106125949665803400115206697318508323999832505432847356782135608177546840733663168278805472312472633443174306792848764674320699568611310171751523817932405366025164140823449795139392236379439950593039113881265164914919783530496	0	1
235	0	48256457640483526790736996345261885416402018013988046254372920519692978755949818346967788625106125949665803400115206697318508323999832505432847356782135608177546840733663168278805472312472633443174306792848764674320699568611310171751523817932405366025164140823449795139392236379439950593039113881265164914919783530496	0	1
234	0	48256457640483526790736996345261885416402018013988046254372920519692978755949818346967788625106125949665803400115206697318508323999832505432847356782135608177546840733663168278805472312472633443174306792848764674320699568611310171751523817932405366025164140823449795139392236379439950593039113881265164914919783530496	0	1
233	0	48256457640483526790736996345261885416402018013988046254372920519692978755949818346967788625106125949665803400115206697318508323999832505432847356782135608177546840733663168278805472312472633443174306792848764674320699568611310171751523817932405366025164140823449795139392236379439950593039113881265164914919783530496	0	1
232	0	48256457640483526790736996345261885416402018013988046254372920519692978755949818346967788625106125949665803400115206697318508323999832505432847356782135608177546840733663168278805472312472633443174306792848764674320699568611310171751523817932405366025164140823449795139392236379439950593039113881265164914919783530496	0	1
231	0	48256457640483526790736996345261885416402018013988046254372920519692978755949818346967788625106125949665803400115206697318508323999832505432847356782135608177546840733663168278805472312472633443174306792848764674320699568611310171751523817932405366025164140823449795139392236379439950593039113881265164914919783530496	0	1
230	0	48256457640483526790736996345261885416402018013988046254372920519692978755949818346967788625106125949665803400115206697318508323999832505432847356782135608177546840733663168278805472312472633443174306792848764674320699568611310171751523817932405366025164140823449795139392236379439950593039113881265164914919783530496	0	1
229	0	48256457640483526790736996345261885416402018013988046254372920519692978755949818346967788625106125949665803400115206697318508323999832505432847356782135608177546840733663168278805472312472633443174306792848764674320699568611310171751523817932405366025164140823449795139392236379439950593039113881265164914919783530496	0	1
228	0	48256457640483526790736996345261885416402018013988046254372920519692978755949818346967788625106125949665803400115206697318508323999832505432847356782135608177546840733663168278805472312472633443174306792848764674320699568611310171751523817932405366025164140823449795139392236379439950593039113881265164914919783530496	0	1
227	0	48256457640483526790736996345261885416402018013988046254372920519692978755949818346967788625106125949665803400115206697318508323999832505432847356782135608177546840733663168278805472312472633443174306792848764674320699568611310171751523817932405366025164140823449795139392236379439950593039113881265164914919783530496	0	1
226	0	48256457640483526790736996345261885416402018013988046254372920519692978755949818346967788625106125949665803400115206697318508323999832505432847356782135608177546840733663168278805472312472633443174306792848764674320699568611310171751523817932405366025164140823449795139392236379439950593039113881265164914919783530496	0	1
225	0	48256457640483526790736996345261885416402018013988046254372920519692978755949818346967788625106125949665803400115206697318508323999832505432847356782135608177546840733663168278805472312472633443174306792848764674320699568611310171751523817932405366025164140823449795139392236379439950593039113881265164914919783530496	0	1
224	0	48256457640483526790736996345261885416402018013988046254372920519692978755949818346967788625106125949665803400115206697318508323999832505432847356782135608177546840733663168278805472312472633443174306792848764674320699568611310171751523817932405366025164140823449795139392236379439950593039113881265164914919783530496	0	1
223	0	48256457640483526790736996345261885416402018013988046254372920519692978755949818346967788625106125949665803400115206697318508323999832505432847356782135608177546840733663168278805472312472633443174306792848764674320699568611310171751523817932405366025164140823449795139392236379439950593039113881265164914919783530496	0	1
222	0	48256457640483526790736996345261885416402018013988046254372920519692978755949818346967788625106125949665803400115206697318508323999832505432847356782135608177546840733663168278805472312472633443174306792848764674320699568611310171751523817932405366025164140823449795139392236379439950593039113881265164914919783530496	0	1
221	0	48256457640483526790736996345261885416402018013988046254372920519692978755949818346967788625106125949665803400115206697318508323999832505432847356782135608177546840733663168278805472312472633443174306792848764674320699568611310171751523817932405366025164140823449795139392236379439950593039113881265164914919783530496	0	1
220	0	48256457640483526790736996345261885416402018013988046254372920519692978755949818346967788625106125949665803400115206697318508323999832505432847356782135608177546840733663168278805472312472633443174306792848764674320699568611310171751523817932405366025164140823449795139392236379439950593039113881265164914919783530496	0	1
219	0	48256457640483526790736996345261885416402018013988046254372920519692978755949818346967788625106125949665803400115206697318508323999832505432847356782135608177546840733663168278805472312472633443174306792848764674320699568611310171751523817932405366025164140823449795139392236379439950593039113881265164914919783530496	0	1
218	0	48256457640483526790736996345261885416402018013988046254372920519692978755949818346967788625106125949665803400115206697318508323999832505432847356782135608177546840733663168278805472312472633443174306792848764674320699568611310171751523817932405366025164140823449795139392236379439950593039113881265164914919783530496	0	1
217	0	48256457640483526790736996345261885416402018013988046254372920519692978755949818346967788625106125949665803400115206697318508323999832505432847356782135608177546840733663168278805472312472633443174306792848764674320699568611310171751523817932405366025164140823449795139392236379439950593039113881265164914919783530496	0	1
216	0	48256457640483526790736996345261885416402018013988046254372920519692978755949818346967788625106125949665803400115206697318508323999832505432847356782135608177546840733663168278805472312472633443174306792848764674320699568611310171751523817932405366025164140823449795139392236379439950593039113881265164914919783530496	0	1
215	0	48256457640483526790736996345261885416402018013988046254372920519692978755949818346967788625106125949665803400115206697318508323999832505432847356782135608177546840733663168278805472312472633443174306792848764674320699568611310171751523817932405366025164140823449795139392236379439950593039113881265164914919783530496	0	1
214	0	48256457640483526790736996345261885416402018013988046254372920519692978755949818346967788625106125949665803400115206697318508323999832505432847356782135608177546840733663168278805472312472633443174306792848764674320699568611310171751523817932405366025164140823449795139392236379439950593039113881265164914919783530496	0	1
213	0	48256457640483526790736996345261885416402018013988046254372920519692978755949818346967788625106125949665803400115206697318508323999832505432847356782135608177546840733663168278805472312472633443174306792848764674320699568611310171751523817932405366025164140823449795139392236379439950593039113881265164914919783530496	0	1
212	0	48256457640483526790736996345261885416402018013988046254372920519692978755949818346967788625106125949665803400115206697318508323999832505432847356782135608177546840733663168278805472312472633443174306792848764674320699568611310171751523817932405366025164140823449795139392236379439950593039113881265164914919783530496	0	1
211	0	48256457640483526790736996345261885416402018013988046254372920519692978755949818346967788625106125949665803400115206697318508323999832505432847356782135608177546840733663168278805472312472633443174306792848764674320699568611310171751523817932405366025164140823449795139392236379439950593039113881265164914919783530496	0	1
210	0	48256457640483526790736996345261885416402018013988046254372920519692978755949818346967788625106125949665803400115206697318508323999832505432847356782135608177546840733663168278805472312472633443174306792848764674320699568611310171751523817932405366025164140823449795139392236379439950593039113881265164914919783530496	0	1
209	0	48256457640483526790736996345261885416402018013988046254372920519692978755949818346967788625106125949665803400115206697318508323999832505432847356782135608177546840733663168278805472312472633443174306792848764674320699568611310171751523817932405366025164140823449795139392236379439950593039113881265164914919783530496	0	1
208	0	48256457640483526790736996345261885416402018013988046254372920519692978755949818346967788625106125949665803400115206697318508323999832505432847356782135608177546840733663168278805472312472633443174306792848764674320699568611310171751523817932405366025164140823449795139392236379439950593039113881265164914919783530496	0	1
207	0	48256457640483526790736996345261885416402018013988046254372920519692978755949818346967788625106125949665803400115206697318508323999832505432847356782135608177546840733663168278805472312472633443174306792848764674320699568611310171751523817932405366025164140823449795139392236379439950593039113881265164914919783530496	0	1
206	0	48256457640483526790736996345261885416402018013988046254372920519692978755949818346967788625106125949665803400115206697318508323999832505432847356782135608177546840733663168278805472312472633443174306792848764674320699568611310171751523817932405366025164140823449795139392236379439950593039113881265164914919783530496	0	1
205	0	48256457640483526790736996345261885416402018013988046254372920519692978755949818346967788625106125949665803400115206697318508323999832505432847356782135608177546840733663168278805472312472633443174306792848764674320699568611310171751523817932405366025164140823449795139392236379439950593039113881265164914919783530496	0	1
204	0	48256457640483526790736996345261885416402018013988046254372920519692978755949818346967788625106125949665803400115206697318508323999832505432847356782135608177546840733663168278805472312472633443174306792848764674320699568611310171751523817932405366025164140823449795139392236379439950593039113881265164914919783530496	0	1
203	0	48256457640483526790736996345261885416402018013988046254372920519692978755949818346967788625106125949665803400115206697318508323999832505432847356782135608177546840733663168278805472312472633443174306792848764674320699568611310171751523817932405366025164140823449795139392236379439950593039113881265164914919783530496	0	1
202	0	48256457640483526790736996345261885416402018013988046254372920519692978755949818346967788625106125949665803400115206697318508323999832505432847356782135608177546840733663168278805472312472633443174306792848764674320699568611310171751523817932405366025164140823449795139392236379439950593039113881265164914919783530496	0	1
201	0	48256457640483526790736996345261885416402018013988046254372920519692978755949818346967788625106125949665803400115206697318508323999832505432847356782135608177546840733663168278805472312472633443174306792848764674320699568611310171751523817932405366025164140823449795139392236379439950593039113881265164914919783530496	0	1
200	0	48256457640483526790736996345261885416402018013988046254372920519692978755949818346967788625106125949665803400115206697318508323999832505432847356782135608177546840733663168278805472312472633443174306792848764674320699568611310171751523817932405366025164140823449795139392236379439950593039113881265164914919783530496	0	1
199	0	48256457640483526790736996345261885416402018013988046254372920519692978755949818346967788625106125949665803400115206697318508323999832505432847356782135608177546840733663168278805472312472633443174306792848764674320699568611310171751523817932405366025164140823449795139392236379439950593039113881265164914919783530496	0	1
198	0	48256457640483526790736996345261885416402018013988046254372920519692978755949818346967788625106125949665803400115206697318508323999832505432847356782135608177546840733663168278805472312472633443174306792848764674320699568611310171751523817932405366025164140823449795139392236379439950593039113881265164914919783530496	0	1
197	0	48256457640483526790736996345261885416402018013988046254372920519692978755949818346967788625106125949665803400115206697318508323999832505432847356782135608177546840733663168278805472312472633443174306792848764674320699568611310171751523817932405366025164140823449795139392236379439950593039113881265164914919783530496	0	1
196	0	48256457640483526790736996345261885416402018013988046254372920519692978755949818346967788625106125949665803400115206697318508323999832505432847356782135608177546840733663168278805472312472633443174306792848764674320699568611310171751523817932405366025164140823449795139392236379439950593039113881265164914919783530496	0	1
195	0	48256457640483526790736996345261885416402018013988046254372920519692978755949818346967788625106125949665803400115206697318508323999832505432847356782135608177546840733663168278805472312472633443174306792848764674320699568611310171751523817932405366025164140823449795139392236379439950593039113881265164914919783530496	0	1
194	0	48256457640483526790736996345261885416402018013988046254372920519692978755949818346967788625106125949665803400115206697318508323999832505432847356782135608177546840733663168278805472312472633443174306792848764674320699568611310171751523817932405366025164140823449795139392236379439950593039113881265164914919783530496	0	1
193	0	48256457640483526790736996345261885416402018013988046254372920519692978755949818346967788625106125949665803400115206697318508323999832505432847356782135608177546840733663168278805472312472633443174306792848764674320699568611310171751523817932405366025164140823449795139392236379439950593039113881265164914919783530496	0	1
192	0	48256457640483526790736996345261885416402018013988046254372920519692978755949818346967788625106125949665803400115206697318508323999832505432847356782135608177546840733663168278805472312472633443174306792848764674320699568611310171751523817932405366025164140823449795139392236379439950593039113881265164914919783530496	0	1
191	0	48256457640483526790736996345261885416402018013988046254372920519692978755949818346967788625106125949665803400115206697318508323999832505432847356782135608177546840733663168278805472312472633443174306792848764674320699568611310171751523817932405366025164140823449795139392236379439950593039113881265164914919783530496	0	1
190	0	48256457640483526790736996345261885416402018013988046254372920519692978755949818346967788625106125949665803400115206697318508323999832505432847356782135608177546840733663168278805472312472633443174306792848764674320699568611310171751523817932405366025164140823449795139392236379439950593039113881265164914919783530496	0	1
189	0	48256457640483526790736996345261885416402018013988046254372920519692978755949818346967788625106125949665803400115206697318508323999832505432847356782135608177546840733663168278805472312472633443174306792848764674320699568611310171751523817932405366025164140823449795139392236379439950593039113881265164914919783530496	0	1
188	0	48256457640483526790736996345261885416402018013988046254372920519692978755949818346967788625106125949665803400115206697318508323999832505432847356782135608177546840733663168278805472312472633443174306792848764674320699568611310171751523817932405366025164140823449795139392236379439950593039113881265164914919783530496	0	1
187	0	48256457640483526790736996345261885416402018013988046254372920519692978755949818346967788625106125949665803400115206697318508323999832505432847356782135608177546840733663168278805472312472633443174306792848764674320699568611310171751523817932405366025164140823449795139392236379439950593039113881265164914919783530496	0	1
186	0	48256457640483526790736996345261885416402018013988046254372920519692978755949818346967788625106125949665803400115206697318508323999832505432847356782135608177546840733663168278805472312472633443174306792848764674320699568611310171751523817932405366025164140823449795139392236379439950593039113881265164914919783530496	0	1
185	0	48256457640483526790736996345261885416402018013988046254372920519692978755949818346967788625106125949665803400115206697318508323999832505432847356782135608177546840733663168278805472312472633443174306792848764674320699568611310171751523817932405366025164140823449795139392236379439950593039113881265164914919783530496	0	1
184	0	48256457640483526790736996345261885416402018013988046254372920519692978755949818346967788625106125949665803400115206697318508323999832505432847356782135608177546840733663168278805472312472633443174306792848764674320699568611310171751523817932405366025164140823449795139392236379439950593039113881265164914919783530496	0	1
183	0	48256457640483526790736996345261885416402018013988046254372920519692978755949818346967788625106125949665803400115206697318508323999832505432847356782135608177546840733663168278805472312472633443174306792848764674320699568611310171751523817932405366025164140823449795139392236379439950593039113881265164914919783530496	0	1
182	0	48256457640483526790736996345261885416402018013988046254372920519692978755949818346967788625106125949665803400115206697318508323999832505432847356782135608177546840733663168278805472312472633443174306792848764674320699568611310171751523817932405366025164140823449795139392236379439950593039113881265164914919783530496	0	1
181	0	48256457640483526790736996345261885416402018013988046254372920519692978755949818346967788625106125949665803400115206697318508323999832505432847356782135608177546840733663168278805472312472633443174306792848764674320699568611310171751523817932405366025164140823449795139392236379439950593039113881265164914919783530496	0	1
180	0	48256457640483526790736996345261885416402018013988046254372920519692978755949818346967788625106125949665803400115206697318508323999832505432847356782135608177546840733663168278805472312472633443174306792848764674320699568611310171751523817932405366025164140823449795139392236379439950593039113881265164914919783530496	0	1
179	0	48256457640483526790736996345261885416402018013988046254372920519692978755949818346967788625106125949665803400115206697318508323999832505432847356782135608177546840733663168278805472312472633443174306792848764674320699568611310171751523817932405366025164140823449795139392236379439950593039113881265164914919783530496	0	1
178	0	48256457640483526790736996345261885416402018013988046254372920519692978755949818346967788625106125949665803400115206697318508323999832505432847356782135608177546840733663168278805472312472633443174306792848764674320699568611310171751523817932405366025164140823449795139392236379439950593039113881265164914919783530496	0	1
177	0	48256457640483526790736996345261885416402018013988046254372920519692978755949818346967788625106125949665803400115206697318508323999832505432847356782135608177546840733663168278805472312472633443174306792848764674320699568611310171751523817932405366025164140823449795139392236379439950593039113881265164914919783530496	0	1
176	0	48256457640483526790736996345261885416402018013988046254372920519692978755949818346967788625106125949665803400115206697318508323999832505432847356782135608177546840733663168278805472312472633443174306792848764674320699568611310171751523817932405366025164140823449795139392236379439950593039113881265164914919783530496	0	1
175	0	48256457640483526790736996345261885416402018013988046254372920519692978755949818346967788625106125949665803400115206697318508323999832505432847356782135608177546840733663168278805472312472633443174306792848764674320699568611310171751523817932405366025164140823449795139392236379439950593039113881265164914919783530496	0	1
174	0	48256457640483526790736996345261885416402018013988046254372920519692978755949818346967788625106125949665803400115206697318508323999832505432847356782135608177546840733663168278805472312472633443174306792848764674320699568611310171751523817932405366025164140823449795139392236379439950593039113881265164914919783530496	0	1
173	0	48256457640483526790736996345261885416402018013988046254372920519692978755949818346967788625106125949665803400115206697318508323999832505432847356782135608177546840733663168278805472312472633443174306792848764674320699568611310171751523817932405366025164140823449795139392236379439950593039113881265164914919783530496	0	1
172	0	48256457640483526790736996345261885416402018013988046254372920519692978755949818346967788625106125949665803400115206697318508323999832505432847356782135608177546840733663168278805472312472633443174306792848764674320699568611310171751523817932405366025164140823449795139392236379439950593039113881265164914919783530496	0	1
171	0	48256457640483526790736996345261885416402018013988046254372920519692978755949818346967788625106125949665803400115206697318508323999832505432847356782135608177546840733663168278805472312472633443174306792848764674320699568611310171751523817932405366025164140823449795139392236379439950593039113881265164914919783530496	0	1
170	0	48256457640483526790736996345261885416402018013988046254372920519692978755949818346967788625106125949665803400115206697318508323999832505432847356782135608177546840733663168278805472312472633443174306792848764674320699568611310171751523817932405366025164140823449795139392236379439950593039113881265164914919783530496	0	1
169	0	48256457640483526790736996345261885416402018013988046254372920519692978755949818346967788625106125949665803400115206697318508323999832505432847356782135608177546840733663168278805472312472633443174306792848764674320699568611310171751523817932405366025164140823449795139392236379439950593039113881265164914919783530496	0	1
168	0	48256457640483526790736996345261885416402018013988046254372920519692978755949818346967788625106125949665803400115206697318508323999832505432847356782135608177546840733663168278805472312472633443174306792848764674320699568611310171751523817932405366025164140823449795139392236379439950593039113881265164914919783530496	0	1
167	0	48256457640483526790736996345261885416402018013988046254372920519692978755949818346967788625106125949665803400115206697318508323999832505432847356782135608177546840733663168278805472312472633443174306792848764674320699568611310171751523817932405366025164140823449795139392236379439950593039113881265164914919783530496	0	1
166	0	48256457640483526790736996345261885416402018013988046254372920519692978755949818346967788625106125949665803400115206697318508323999832505432847356782135608177546840733663168278805472312472633443174306792848764674320699568611310171751523817932405366025164140823449795139392236379439950593039113881265164914919783530496	0	1
165	0	48256457640483526790736996345261885416402018013988046254372920519692978755949818346967788625106125949665803400115206697318508323999832505432847356782135608177546840733663168278805472312472633443174306792848764674320699568611310171751523817932405366025164140823449795139392236379439950593039113881265164914919783530496	0	1
164	0	48256457640483526790736996345261885416402018013988046254372920519692978755949818346967788625106125949665803400115206697318508323999832505432847356782135608177546840733663168278805472312472633443174306792848764674320699568611310171751523817932405366025164140823449795139392236379439950593039113881265164914919783530496	0	1
163	0	48256457640483526790736996345261885416402018013988046254372920519692978755949818346967788625106125949665803400115206697318508323999832505432847356782135608177546840733663168278805472312472633443174306792848764674320699568611310171751523817932405366025164140823449795139392236379439950593039113881265164914919783530496	0	1
162	0	48256457640483526790736996345261885416402018013988046254372920519692978755949818346967788625106125949665803400115206697318508323999832505432847356782135608177546840733663168278805472312472633443174306792848764674320699568611310171751523817932405366025164140823449795139392236379439950593039113881265164914919783530496	0	1
161	0	48256457640483526790736996345261885416402018013988046254372920519692978755949818346967788625106125949665803400115206697318508323999832505432847356782135608177546840733663168278805472312472633443174306792848764674320699568611310171751523817932405366025164140823449795139392236379439950593039113881265164914919783530496	0	1
160	0	48256457640483526790736996345261885416402018013988046254372920519692978755949818346967788625106125949665803400115206697318508323999832505432847356782135608177546840733663168278805472312472633443174306792848764674320699568611310171751523817932405366025164140823449795139392236379439950593039113881265164914919783530496	0	1
159	0	48256457640483526790736996345261885416402018013988046254372920519692978755949818346967788625106125949665803400115206697318508323999832505432847356782135608177546840733663168278805472312472633443174306792848764674320699568611310171751523817932405366025164140823449795139392236379439950593039113881265164914919783530496	0	1
158	0	48256457640483526790736996345261885416402018013988046254372920519692978755949818346967788625106125949665803400115206697318508323999832505432847356782135608177546840733663168278805472312472633443174306792848764674320699568611310171751523817932405366025164140823449795139392236379439950593039113881265164914919783530496	0	1
157	0	48256457640483526790736996345261885416402018013988046254372920519692978755949818346967788625106125949665803400115206697318508323999832505432847356782135608177546840733663168278805472312472633443174306792848764674320699568611310171751523817932405366025164140823449795139392236379439950593039113881265164914919783530496	0	1
156	0	48256457640483526790736996345261885416402018013988046254372920519692978755949818346967788625106125949665803400115206697318508323999832505432847356782135608177546840733663168278805472312472633443174306792848764674320699568611310171751523817932405366025164140823449795139392236379439950593039113881265164914919783530496	0	1
155	0	48256457640483526790736996345261885416402018013988046254372920519692978755949818346967788625106125949665803400115206697318508323999832505432847356782135608177546840733663168278805472312472633443174306792848764674320699568611310171751523817932405366025164140823449795139392236379439950593039113881265164914919783530496	0	1
154	0	48256457640483526790736996345261885416402018013988046254372920519692978755949818346967788625106125949665803400115206697318508323999832505432847356782135608177546840733663168278805472312472633443174306792848764674320699568611310171751523817932405366025164140823449795139392236379439950593039113881265164914919783530496	0	1
153	0	48256457640483526790736996345261885416402018013988046254372920519692978755949818346967788625106125949665803400115206697318508323999832505432847356782135608177546840733663168278805472312472633443174306792848764674320699568611310171751523817932405366025164140823449795139392236379439950593039113881265164914919783530496	0	1
152	0	48256457640483526790736996345261885416402018013988046254372920519692978755949818346967788625106125949665803400115206697318508323999832505432847356782135608177546840733663168278805472312472633443174306792848764674320699568611310171751523817932405366025164140823449795139392236379439950593039113881265164914919783530496	0	1
151	0	48256457640483526790736996345261885416402018013988046254372920519692978755949818346967788625106125949665803400115206697318508323999832505432847356782135608177546840733663168278805472312472633443174306792848764674320699568611310171751523817932405366025164140823449795139392236379439950593039113881265164914919783530496	0	1
150	0	48256457640483526790736996345261885416402018013988046254372920519692978755949818346967788625106125949665803400115206697318508323999832505432847356782135608177546840733663168278805472312472633443174306792848764674320699568611310171751523817932405366025164140823449795139392236379439950593039113881265164914919783530496	0	1
149	0	48256457640483526790736996345261885416402018013988046254372920519692978755949818346967788625106125949665803400115206697318508323999832505432847356782135608177546840733663168278805472312472633443174306792848764674320699568611310171751523817932405366025164140823449795139392236379439950593039113881265164914919783530496	0	1
148	0	48256457640483526790736996345261885416402018013988046254372920519692978755949818346967788625106125949665803400115206697318508323999832505432847356782135608177546840733663168278805472312472633443174306792848764674320699568611310171751523817932405366025164140823449795139392236379439950593039113881265164914919783530496	0	1
147	0	48256457640483526790736996345261885416402018013988046254372920519692978755949818346967788625106125949665803400115206697318508323999832505432847356782135608177546840733663168278805472312472633443174306792848764674320699568611310171751523817932405366025164140823449795139392236379439950593039113881265164914919783530496	0	1
146	0	48256457640483526790736996345261885416402018013988046254372920519692978755949818346967788625106125949665803400115206697318508323999832505432847356782135608177546840733663168278805472312472633443174306792848764674320699568611310171751523817932405366025164140823449795139392236379439950593039113881265164914919783530496	0	1
145	0	48256457640483526790736996345261885416402018013988046254372920519692978755949818346967788625106125949665803400115206697318508323999832505432847356782135608177546840733663168278805472312472633443174306792848764674320699568611310171751523817932405366025164140823449795139392236379439950593039113881265164914919783530496	0	1
144	0	48256457640483526790736996345261885416402018013988046254372920519692978755949818346967788625106125949665803400115206697318508323999832505432847356782135608177546840733663168278805472312472633443174306792848764674320699568611310171751523817932405366025164140823449795139392236379439950593039113881265164914919783530496	0	1
143	0	48256457640483526790736996345261885416402018013988046254372920519692978755949818346967788625106125949665803400115206697318508323999832505432847356782135608177546840733663168278805472312472633443174306792848764674320699568611310171751523817932405366025164140823449795139392236379439950593039113881265164914919783530496	0	1
142	0	48256457640483526790736996345261885416402018013988046254372920519692978755949818346967788625106125949665803400115206697318508323999832505432847356782135608177546840733663168278805472312472633443174306792848764674320699568611310171751523817932405366025164140823449795139392236379439950593039113881265164914919783530496	0	1
141	0	48256457640483526790736996345261885416402018013988046254372920519692978755949818346967788625106125949665803400115206697318508323999832505432847356782135608177546840733663168278805472312472633443174306792848764674320699568611310171751523817932405366025164140823449795139392236379439950593039113881265164914919783530496	0	1
140	0	48256457640483526790736996345261885416402018013988046254372920519692978755949818346967788625106125949665803400115206697318508323999832505432847356782135608177546840733663168278805472312472633443174306792848764674320699568611310171751523817932405366025164140823449795139392236379439950593039113881265164914919783530496	0	1
139	0	48256457640483526790736996345261885416402018013988046254372920519692978755949818346967788625106125949665803400115206697318508323999832505432847356782135608177546840733663168278805472312472633443174306792848764674320699568611310171751523817932405366025164140823449795139392236379439950593039113881265164914919783530496	0	1
138	0	48256457640483526790736996345261885416402018013988046254372920519692978755949818346967788625106125949665803400115206697318508323999832505432847356782135608177546840733663168278805472312472633443174306792848764674320699568611310171751523817932405366025164140823449795139392236379439950593039113881265164914919783530496	0	1
137	0	48256457640483526790736996345261885416402018013988046254372920519692978755949818346967788625106125949665803400115206697318508323999832505432847356782135608177546840733663168278805472312472633443174306792848764674320699568611310171751523817932405366025164140823449795139392236379439950593039113881265164914919783530496	0	1
136	0	48256457640483526790736996345261885416402018013988046254372920519692978755949818346967788625106125949665803400115206697318508323999832505432847356782135608177546840733663168278805472312472633443174306792848764674320699568611310171751523817932405366025164140823449795139392236379439950593039113881265164914919783530496	0	1
135	0	48256457640483526790736996345261885416402018013988046254372920519692978755949818346967788625106125949665803400115206697318508323999832505432847356782135608177546840733663168278805472312472633443174306792848764674320699568611310171751523817932405366025164140823449795139392236379439950593039113881265164914919783530496	0	1
134	0	48256457640483526790736996345261885416402018013988046254372920519692978755949818346967788625106125949665803400115206697318508323999832505432847356782135608177546840733663168278805472312472633443174306792848764674320699568611310171751523817932405366025164140823449795139392236379439950593039113881265164914919783530496	0	1
133	0	48256457640483526790736996345261885416402018013988046254372920519692978755949818346967788625106125949665803400115206697318508323999832505432847356782135608177546840733663168278805472312472633443174306792848764674320699568611310171751523817932405366025164140823449795139392236379439950593039113881265164914919783530496	0	1
132	0	48256457640483526790736996345261885416402018013988046254372920519692978755949818346967788625106125949665803400115206697318508323999832505432847356782135608177546840733663168278805472312472633443174306792848764674320699568611310171751523817932405366025164140823449795139392236379439950593039113881265164914919783530496	0	1
131	0	48256457640483526790736996345261885416402018013988046254372920519692978755949818346967788625106125949665803400115206697318508323999832505432847356782135608177546840733663168278805472312472633443174306792848764674320699568611310171751523817932405366025164140823449795139392236379439950593039113881265164914919783530496	0	1
130	0	48256457640483526790736996345261885416402018013988046254372920519692978755949818346967788625106125949665803400115206697318508323999832505432847356782135608177546840733663168278805472312472633443174306792848764674320699568611310171751523817932405366025164140823449795139392236379439950593039113881265164914919783530496	0	1
129	0	48256457640483526790736996345261885416402018013988046254372920519692978755949818346967788625106125949665803400115206697318508323999832505432847356782135608177546840733663168278805472312472633443174306792848764674320699568611310171751523817932405366025164140823449795139392236379439950593039113881265164914919783530496	0	1
128	0	48256457640483526790736996345261885416402018013988046254372920519692978755949818346967788625106125949665803400115206697318508323999832505432847356782135608177546840733663168278805472312472633443174306792848764674320699568611310171751523817932405366025164140823449795139392236379439950593039113881265164914919783530496	0	1
127	0	48256457640483526790736996345261885416402018013988046254372920519692978755949818346967788625106125949665803400115206697318508323999832505432847356782135608177546840733663168278805472312472633443174306792848764674320699568611310171751523817932405366025164140823449795139392236379439950593039113881265164914919783530496	0	1
126	0	48256457640483526790736996345261885416402018013988046254372920519692978755949818346967788625106125949665803400115206697318508323999832505432847356782135608177546840733663168278805472312472633443174306792848764674320699568611310171751523817932405366025164140823449795139392236379439950593039113881265164914919783530496	0	1
125	0	48256457640483526790736996345261885416402018013988046254372920519692978755949818346967788625106125949665803400115206697318508323999832505432847356782135608177546840733663168278805472312472633443174306792848764674320699568611310171751523817932405366025164140823449795139392236379439950593039113881265164914919783530496	0	1
124	0	48256457640483526790736996345261885416402018013988046254372920519692978755949818346967788625106125949665803400115206697318508323999832505432847356782135608177546840733663168278805472312472633443174306792848764674320699568611310171751523817932405366025164140823449795139392236379439950593039113881265164914919783530496	0	1
123	0	48256457640483526790736996345261885416402018013988046254372920519692978755949818346967788625106125949665803400115206697318508323999832505432847356782135608177546840733663168278805472312472633443174306792848764674320699568611310171751523817932405366025164140823449795139392236379439950593039113881265164914919783530496	0	1
122	0	48256457640483526790736996345261885416402018013988046254372920519692978755949818346967788625106125949665803400115206697318508323999832505432847356782135608177546840733663168278805472312472633443174306792848764674320699568611310171751523817932405366025164140823449795139392236379439950593039113881265164914919783530496	0	1
121	0	48256457640483526790736996345261885416402018013988046254372920519692978755949818346967788625106125949665803400115206697318508323999832505432847356782135608177546840733663168278805472312472633443174306792848764674320699568611310171751523817932405366025164140823449795139392236379439950593039113881265164914919783530496	0	1
120	0	48256457640483526790736996345261885416402018013988046254372920519692978755949818346967788625106125949665803400115206697318508323999832505432847356782135608177546840733663168278805472312472633443174306792848764674320699568611310171751523817932405366025164140823449795139392236379439950593039113881265164914919783530496	0	1
119	0	48256457640483526790736996345261885416402018013988046254372920519692978755949818346967788625106125949665803400115206697318508323999832505432847356782135608177546840733663168278805472312472633443174306792848764674320699568611310171751523817932405366025164140823449795139392236379439950593039113881265164914919783530496	0	1
118	0	48256457640483526790736996345261885416402018013988046254372920519692978755949818346967788625106125949665803400115206697318508323999832505432847356782135608177546840733663168278805472312472633443174306792848764674320699568611310171751523817932405366025164140823449795139392236379439950593039113881265164914919783530496	0	1
117	0	48256457640483526790736996345261885416402018013988046254372920519692978755949818346967788625106125949665803400115206697318508323999832505432847356782135608177546840733663168278805472312472633443174306792848764674320699568611310171751523817932405366025164140823449795139392236379439950593039113881265164914919783530496	0	1
116	0	48256457640483526790736996345261885416402018013988046254372920519692978755949818346967788625106125949665803400115206697318508323999832505432847356782135608177546840733663168278805472312472633443174306792848764674320699568611310171751523817932405366025164140823449795139392236379439950593039113881265164914919783530496	0	1
115	0	48256457640483526790736996345261885416402018013988046254372920519692978755949818346967788625106125949665803400115206697318508323999832505432847356782135608177546840733663168278805472312472633443174306792848764674320699568611310171751523817932405366025164140823449795139392236379439950593039113881265164914919783530496	0	1
114	0	48256457640483526790736996345261885416402018013988046254372920519692978755949818346967788625106125949665803400115206697318508323999832505432847356782135608177546840733663168278805472312472633443174306792848764674320699568611310171751523817932405366025164140823449795139392236379439950593039113881265164914919783530496	0	1
113	0	48256457640483526790736996345261885416402018013988046254372920519692978755949818346967788625106125949665803400115206697318508323999832505432847356782135608177546840733663168278805472312472633443174306792848764674320699568611310171751523817932405366025164140823449795139392236379439950593039113881265164914919783530496	0	1
112	0	48256457640483526790736996345261885416402018013988046254372920519692978755949818346967788625106125949665803400115206697318508323999832505432847356782135608177546840733663168278805472312472633443174306792848764674320699568611310171751523817932405366025164140823449795139392236379439950593039113881265164914919783530496	0	1
111	0	48256457640483526790736996345261885416402018013988046254372920519692978755949818346967788625106125949665803400115206697318508323999832505432847356782135608177546840733663168278805472312472633443174306792848764674320699568611310171751523817932405366025164140823449795139392236379439950593039113881265164914919783530496	0	1
110	0	48256457640483526790736996345261885416402018013988046254372920519692978755949818346967788625106125949665803400115206697318508323999832505432847356782135608177546840733663168278805472312472633443174306792848764674320699568611310171751523817932405366025164140823449795139392236379439950593039113881265164914919783530496	0	1
109	0	48256457640483526790736996345261885416402018013988046254372920519692978755949818346967788625106125949665803400115206697318508323999832505432847356782135608177546840733663168278805472312472633443174306792848764674320699568611310171751523817932405366025164140823449795139392236379439950593039113881265164914919783530496	0	1
108	0	48256457640483526790736996345261885416402018013988046254372920519692978755949818346967788625106125949665803400115206697318508323999832505432847356782135608177546840733663168278805472312472633443174306792848764674320699568611310171751523817932405366025164140823449795139392236379439950593039113881265164914919783530496	0	1
107	0	48256457640483526790736996345261885416402018013988046254372920519692978755949818346967788625106125949665803400115206697318508323999832505432847356782135608177546840733663168278805472312472633443174306792848764674320699568611310171751523817932405366025164140823449795139392236379439950593039113881265164914919783530496	0	1
106	0	48256457640483526790736996345261885416402018013988046254372920519692978755949818346967788625106125949665803400115206697318508323999832505432847356782135608177546840733663168278805472312472633443174306792848764674320699568611310171751523817932405366025164140823449795139392236379439950593039113881265164914919783530496	0	1
105	0	48256457640483526790736996345261885416402018013988046254372920519692978755949818346967788625106125949665803400115206697318508323999832505432847356782135608177546840733663168278805472312472633443174306792848764674320699568611310171751523817932405366025164140823449795139392236379439950593039113881265164914919783530496	0	1
104	0	48256457640483526790736996345261885416402018013988046254372920519692978755949818346967788625106125949665803400115206697318508323999832505432847356782135608177546840733663168278805472312472633443174306792848764674320699568611310171751523817932405366025164140823449795139392236379439950593039113881265164914919783530496	0	1
103	0	48256457640483526790736996345261885416402018013988046254372920519692978755949818346967788625106125949665803400115206697318508323999832505432847356782135608177546840733663168278805472312472633443174306792848764674320699568611310171751523817932405366025164140823449795139392236379439950593039113881265164914919783530496	0	1
102	0	48256457640483526790736996345261885416402018013988046254372920519692978755949818346967788625106125949665803400115206697318508323999832505432847356782135608177546840733663168278805472312472633443174306792848764674320699568611310171751523817932405366025164140823449795139392236379439950593039113881265164914919783530496	0	1
101	0	48256457640483526790736996345261885416402018013988046254372920519692978755949818346967788625106125949665803400115206697318508323999832505432847356782135608177546840733663168278805472312472633443174306792848764674320699568611310171751523817932405366025164140823449795139392236379439950593039113881265164914919783530496	0	1
100	0	48256457640483526790736996345261885416402018013988046254372920519692978755949818346967788625106125949665803400115206697318508323999832505432847356782135608177546840733663168278805472312472633443174306792848764674320699568611310171751523817932405366025164140823449795139392236379439950593039113881265164914919783530496	0	1
99	0	48256457640483526790736996345261885416402018013988046254372920519692978755949818346967788625106125949665803400115206697318508323999832505432847356782135608177546840733663168278805472312472633443174306792848764674320699568611310171751523817932405366025164140823449795139392236379439950593039113881265164914919783530496	0	1
98	0	48256457640483526790736996345261885416402018013988046254372920519692978755949818346967788625106125949665803400115206697318508323999832505432847356782135608177546840733663168278805472312472633443174306792848764674320699568611310171751523817932405366025164140823449795139392236379439950593039113881265164914919783530496	0	1
97	0	48256457640483526790736996345261885416402018013988046254372920519692978755949818346967788625106125949665803400115206697318508323999832505432847356782135608177546840733663168278805472312472633443174306792848764674320699568611310171751523817932405366025164140823449795139392236379439950593039113881265164914919783530496	0	1
96	0	48256457640483526790736996345261885416402018013988046254372920519692978755949818346967788625106125949665803400115206697318508323999832505432847356782135608177546840733663168278805472312472633443174306792848764674320699568611310171751523817932405366025164140823449795139392236379439950593039113881265164914919783530496	0	1
95	0	48256457640483526790736996345261885416402018013988046254372920519692978755949818346967788625106125949665803400115206697318508323999832505432847356782135608177546840733663168278805472312472633443174306792848764674320699568611310171751523817932405366025164140823449795139392236379439950593039113881265164914919783530496	0	1
94	0	48256457640483526790736996345261885416402018013988046254372920519692978755949818346967788625106125949665803400115206697318508323999832505432847356782135608177546840733663168278805472312472633443174306792848764674320699568611310171751523817932405366025164140823449795139392236379439950593039113881265164914919783530496	0	1
93	0	48256457640483526790736996345261885416402018013988046254372920519692978755949818346967788625106125949665803400115206697318508323999832505432847356782135608177546840733663168278805472312472633443174306792848764674320699568611310171751523817932405366025164140823449795139392236379439950593039113881265164914919783530496	0	1
92	0	48256457640483526790736996345261885416402018013988046254372920519692978755949818346967788625106125949665803400115206697318508323999832505432847356782135608177546840733663168278805472312472633443174306792848764674320699568611310171751523817932405366025164140823449795139392236379439950593039113881265164914919783530496	0	1
91	0	48256457640483526790736996345261885416402018013988046254372920519692978755949818346967788625106125949665803400115206697318508323999832505432847356782135608177546840733663168278805472312472633443174306792848764674320699568611310171751523817932405366025164140823449795139392236379439950593039113881265164914919783530496	0	1
90	0	48256457640483526790736996345261885416402018013988046254372920519692978755949818346967788625106125949665803400115206697318508323999832505432847356782135608177546840733663168278805472312472633443174306792848764674320699568611310171751523817932405366025164140823449795139392236379439950593039113881265164914919783530496	0	1
89	0	48256457640483526790736996345261885416402018013988046254372920519692978755949818346967788625106125949665803400115206697318508323999832505432847356782135608177546840733663168278805472312472633443174306792848764674320699568611310171751523817932405366025164140823449795139392236379439950593039113881265164914919783530496	0	1
88	0	48256457640483526790736996345261885416402018013988046254372920519692978755949818346967788625106125949665803400115206697318508323999832505432847356782135608177546840733663168278805472312472633443174306792848764674320699568611310171751523817932405366025164140823449795139392236379439950593039113881265164914919783530496	0	1
87	0	48256457640483526790736996345261885416402018013988046254372920519692978755949818346967788625106125949665803400115206697318508323999832505432847356782135608177546840733663168278805472312472633443174306792848764674320699568611310171751523817932405366025164140823449795139392236379439950593039113881265164914919783530496	0	1
86	0	48256457640483526790736996345261885416402018013988046254372920519692978755949818346967788625106125949665803400115206697318508323999832505432847356782135608177546840733663168278805472312472633443174306792848764674320699568611310171751523817932405366025164140823449795139392236379439950593039113881265164914919783530496	0	1
85	0	48256457640483526790736996345261885416402018013988046254372920519692978755949818346967788625106125949665803400115206697318508323999832505432847356782135608177546840733663168278805472312472633443174306792848764674320699568611310171751523817932405366025164140823449795139392236379439950593039113881265164914919783530496	0	1
84	0	48256457640483526790736996345261885416402018013988046254372920519692978755949818346967788625106125949665803400115206697318508323999832505432847356782135608177546840733663168278805472312472633443174306792848764674320699568611310171751523817932405366025164140823449795139392236379439950593039113881265164914919783530496	0	1
83	0	48256457640483526790736996345261885416402018013988046254372920519692978755949818346967788625106125949665803400115206697318508323999832505432847356782135608177546840733663168278805472312472633443174306792848764674320699568611310171751523817932405366025164140823449795139392236379439950593039113881265164914919783530496	0	1
82	0	48256457640483526790736996345261885416402018013988046254372920519692978755949818346967788625106125949665803400115206697318508323999832505432847356782135608177546840733663168278805472312472633443174306792848764674320699568611310171751523817932405366025164140823449795139392236379439950593039113881265164914919783530496	0	1
81	0	48256457640483526790736996345261885416402018013988046254372920519692978755949818346967788625106125949665803400115206697318508323999832505432847356782135608177546840733663168278805472312472633443174306792848764674320699568611310171751523817932405366025164140823449795139392236379439950593039113881265164914919783530496	0	1
80	0	48256457640483526790736996345261885416402018013988046254372920519692978755949818346967788625106125949665803400115206697318508323999832505432847356782135608177546840733663168278805472312472633443174306792848764674320699568611310171751523817932405366025164140823449795139392236379439950593039113881265164914919783530496	0	1
79	0	48256457640483526790736996345261885416402018013988046254372920519692978755949818346967788625106125949665803400115206697318508323999832505432847356782135608177546840733663168278805472312472633443174306792848764674320699568611310171751523817932405366025164140823449795139392236379439950593039113881265164914919783530496	0	1
78	0	48256457640483526790736996345261885416402018013988046254372920519692978755949818346967788625106125949665803400115206697318508323999832505432847356782135608177546840733663168278805472312472633443174306792848764674320699568611310171751523817932405366025164140823449795139392236379439950593039113881265164914919783530496	0	1
77	0	48256457640483526790736996345261885416402018013988046254372920519692978755949818346967788625106125949665803400115206697318508323999832505432847356782135608177546840733663168278805472312472633443174306792848764674320699568611310171751523817932405366025164140823449795139392236379439950593039113881265164914919783530496	0	1
76	0	48256457640483526790736996345261885416402018013988046254372920519692978755949818346967788625106125949665803400115206697318508323999832505432847356782135608177546840733663168278805472312472633443174306792848764674320699568611310171751523817932405366025164140823449795139392236379439950593039113881265164914919783530496	0	1
75	0	48256457640483526790736996345261885416402018013988046254372920519692978755949818346967788625106125949665803400115206697318508323999832505432847356782135608177546840733663168278805472312472633443174306792848764674320699568611310171751523817932405366025164140823449795139392236379439950593039113881265164914919783530496	0	1
74	0	48256457640483526790736996345261885416402018013988046254372920519692978755949818346967788625106125949665803400115206697318508323999832505432847356782135608177546840733663168278805472312472633443174306792848764674320699568611310171751523817932405366025164140823449795139392236379439950593039113881265164914919783530496	0	1
73	0	48256457640483526790736996345261885416402018013988046254372920519692978755949818346967788625106125949665803400115206697318508323999832505432847356782135608177546840733663168278805472312472633443174306792848764674320699568611310171751523817932405366025164140823449795139392236379439950593039113881265164914919783530496	0	1
72	0	48256457640483526790736996345261885416402018013988046254372920519692978755949818346967788625106125949665803400115206697318508323999832505432847356782135608177546840733663168278805472312472633443174306792848764674320699568611310171751523817932405366025164140823449795139392236379439950593039113881265164914919783530496	0	1
71	0	48256457640483526790736996345261885416402018013988046254372920519692978755949818346967788625106125949665803400115206697318508323999832505432847356782135608177546840733663168278805472312472633443174306792848764674320699568611310171751523817932405366025164140823449795139392236379439950593039113881265164914919783530496	0	1
70	0	48256457640483526790736996345261885416402018013988046254372920519692978755949818346967788625106125949665803400115206697318508323999832505432847356782135608177546840733663168278805472312472633443174306792848764674320699568611310171751523817932405366025164140823449795139392236379439950593039113881265164914919783530496	0	1
69	0	48256457640483526790736996345261885416402018013988046254372920519692978755949818346967788625106125949665803400115206697318508323999832505432847356782135608177546840733663168278805472312472633443174306792848764674320699568611310171751523817932405366025164140823449795139392236379439950593039113881265164914919783530496	0	1
68	0	48256457640483526790736996345261885416402018013988046254372920519692978755949818346967788625106125949665803400115206697318508323999832505432847356782135608177546840733663168278805472312472633443174306792848764674320699568611310171751523817932405366025164140823449795139392236379439950593039113881265164914919783530496	0	1
67	0	48256457640483526790736996345261885416402018013988046254372920519692978755949818346967788625106125949665803400115206697318508323999832505432847356782135608177546840733663168278805472312472633443174306792848764674320699568611310171751523817932405366025164140823449795139392236379439950593039113881265164914919783530496	0	1
66	0	48256457640483526790736996345261885416402018013988046254372920519692978755949818346967788625106125949665803400115206697318508323999832505432847356782135608177546840733663168278805472312472633443174306792848764674320699568611310171751523817932405366025164140823449795139392236379439950593039113881265164914919783530496	0	1
65	0	48256457640483526790736996345261885416402018013988046254372920519692978755949818346967788625106125949665803400115206697318508323999832505432847356782135608177546840733663168278805472312472633443174306792848764674320699568611310171751523817932405366025164140823449795139392236379439950593039113881265164914919783530496	0	1
64	0	48256457640483526790736996345261885416402018013988046254372920519692978755949818346967788625106125949665803400115206697318508323999832505432847356782135608177546840733663168278805472312472633443174306792848764674320699568611310171751523817932405366025164140823449795139392236379439950593039113881265164914919783530496	0	1
63	0	48256457640483526790736996345261885416402018013988046254372920519692978755949818346967788625106125949665803400115206697318508323999832505432847356782135608177546840733663168278805472312472633443174306792848764674320699568611310171751523817932405366025164140823449795139392236379439950593039113881265164914919783530496	0	1
62	0	48256457640483526790736996345261885416402018013988046254372920519692978755949818346967788625106125949665803400115206697318508323999832505432847356782135608177546840733663168278805472312472633443174306792848764674320699568611310171751523817932405366025164140823449795139392236379439950593039113881265164914919783530496	0	1
61	0	48256457640483526790736996345261885416402018013988046254372920519692978755949818346967788625106125949665803400115206697318508323999832505432847356782135608177546840733663168278805472312472633443174306792848764674320699568611310171751523817932405366025164140823449795139392236379439950593039113881265164914919783530496	0	1
60	0	48256457640483526790736996345261885416402018013988046254372920519692978755949818346967788625106125949665803400115206697318508323999832505432847356782135608177546840733663168278805472312472633443174306792848764674320699568611310171751523817932405366025164140823449795139392236379439950593039113881265164914919783530496	0	1
59	0	48256457640483526790736996345261885416402018013988046254372920519692978755949818346967788625106125949665803400115206697318508323999832505432847356782135608177546840733663168278805472312472633443174306792848764674320699568611310171751523817932405366025164140823449795139392236379439950593039113881265164914919783530496	0	1
58	0	48256457640483526790736996345261885416402018013988046254372920519692978755949818346967788625106125949665803400115206697318508323999832505432847356782135608177546840733663168278805472312472633443174306792848764674320699568611310171751523817932405366025164140823449795139392236379439950593039113881265164914919783530496	0	1
57	0	48256457640483526790736996345261885416402018013988046254372920519692978755949818346967788625106125949665803400115206697318508323999832505432847356782135608177546840733663168278805472312472633443174306792848764674320699568611310171751523817932405366025164140823449795139392236379439950593039113881265164914919783530496	0	1
56	0	48256457640483526790736996345261885416402018013988046254372920519692978755949818346967788625106125949665803400115206697318508323999832505432847356782135608177546840733663168278805472312472633443174306792848764674320699568611310171751523817932405366025164140823449795139392236379439950593039113881265164914919783530496	0	1
55	0	48256457640483526790736996345261885416402018013988046254372920519692978755949818346967788625106125949665803400115206697318508323999832505432847356782135608177546840733663168278805472312472633443174306792848764674320699568611310171751523817932405366025164140823449795139392236379439950593039113881265164914919783530496	0	1
54	0	48256457640483526790736996345261885416402018013988046254372920519692978755949818346967788625106125949665803400115206697318508323999832505432847356782135608177546840733663168278805472312472633443174306792848764674320699568611310171751523817932405366025164140823449795139392236379439950593039113881265164914919783530496	0	1
53	0	48256457640483526790736996345261885416402018013988046254372920519692978755949818346967788625106125949665803400115206697318508323999832505432847356782135608177546840733663168278805472312472633443174306792848764674320699568611310171751523817932405366025164140823449795139392236379439950593039113881265164914919783530496	0	1
52	0	48256457640483526790736996345261885416402018013988046254372920519692978755949818346967788625106125949665803400115206697318508323999832505432847356782135608177546840733663168278805472312472633443174306792848764674320699568611310171751523817932405366025164140823449795139392236379439950593039113881265164914919783530496	0	1
51	0	48256457640483526790736996345261885416402018013988046254372920519692978755949818346967788625106125949665803400115206697318508323999832505432847356782135608177546840733663168278805472312472633443174306792848764674320699568611310171751523817932405366025164140823449795139392236379439950593039113881265164914919783530496	0	1
50	0	48256457640483526790736996345261885416402018013988046254372920519692978755949818346967788625106125949665803400115206697318508323999832505432847356782135608177546840733663168278805472312472633443174306792848764674320699568611310171751523817932405366025164140823449795139392236379439950593039113881265164914919783530496	0	1
49	0	48256457640483526790736996345261885416402018013988046254372920519692978755949818346967788625106125949665803400115206697318508323999832505432847356782135608177546840733663168278805472312472633443174306792848764674320699568611310171751523817932405366025164140823449795139392236379439950593039113881265164914919783530496	0	1
48	0	48256457640483526790736996345261885416402018013988046254372920519692978755949818346967788625106125949665803400115206697318508323999832505432847356782135608177546840733663168278805472312472633443174306792848764674320699568611310171751523817932405366025164140823449795139392236379439950593039113881265164914919783530496	0	1
47	0	48256457640483526790736996345261885416402018013988046254372920519692978755949818346967788625106125949665803400115206697318508323999832505432847356782135608177546840733663168278805472312472633443174306792848764674320699568611310171751523817932405366025164140823449795139392236379439950593039113881265164914919783530496	0	1
46	0	48256457640483526790736996345261885416402018013988046254372920519692978755949818346967788625106125949665803400115206697318508323999832505432847356782135608177546840733663168278805472312472633443174306792848764674320699568611310171751523817932405366025164140823449795139392236379439950593039113881265164914919783530496	0	1
45	0	48256457640483526790736996345261885416402018013988046254372920519692978755949818346967788625106125949665803400115206697318508323999832505432847356782135608177546840733663168278805472312472633443174306792848764674320699568611310171751523817932405366025164140823449795139392236379439950593039113881265164914919783530496	0	1
44	0	48256457640483526790736996345261885416402018013988046254372920519692978755949818346967788625106125949665803400115206697318508323999832505432847356782135608177546840733663168278805472312472633443174306792848764674320699568611310171751523817932405366025164140823449795139392236379439950593039113881265164914919783530496	0	1
43	0	48256457640483526790736996345261885416402018013988046254372920519692978755949818346967788625106125949665803400115206697318508323999832505432847356782135608177546840733663168278805472312472633443174306792848764674320699568611310171751523817932405366025164140823449795139392236379439950593039113881265164914919783530496	0	1
42	0	48256457640483526790736996345261885416402018013988046254372920519692978755949818346967788625106125949665803400115206697318508323999832505432847356782135608177546840733663168278805472312472633443174306792848764674320699568611310171751523817932405366025164140823449795139392236379439950593039113881265164914919783530496	0	1
41	0	48256457640483526790736996345261885416402018013988046254372920519692978755949818346967788625106125949665803400115206697318508323999832505432847356782135608177546840733663168278805472312472633443174306792848764674320699568611310171751523817932405366025164140823449795139392236379439950593039113881265164914919783530496	0	1
40	0	48256457640483526790736996345261885416402018013988046254372920519692978755949818346967788625106125949665803400115206697318508323999832505432847356782135608177546840733663168278805472312472633443174306792848764674320699568611310171751523817932405366025164140823449795139392236379439950593039113881265164914919783530496	0	1
39	0	48256457640483526790736996345261885416402018013988046254372920519692978755949818346967788625106125949665803400115206697318508323999832505432847356782135608177546840733663168278805472312472633443174306792848764674320699568611310171751523817932405366025164140823449795139392236379439950593039113881265164914919783530496	0	1
38	0	48256457640483526790736996345261885416402018013988046254372920519692978755949818346967788625106125949665803400115206697318508323999832505432847356782135608177546840733663168278805472312472633443174306792848764674320699568611310171751523817932405366025164140823449795139392236379439950593039113881265164914919783530496	0	1
37	0	48256457640483526790736996345261885416402018013988046254372920519692978755949818346967788625106125949665803400115206697318508323999832505432847356782135608177546840733663168278805472312472633443174306792848764674320699568611310171751523817932405366025164140823449795139392236379439950593039113881265164914919783530496	0	1
36	0	48256457640483526790736996345261885416402018013988046254372920519692978755949818346967788625106125949665803400115206697318508323999832505432847356782135608177546840733663168278805472312472633443174306792848764674320699568611310171751523817932405366025164140823449795139392236379439950593039113881265164914919783530496	0	1
35	0	48256457640483526790736996345261885416402018013988046254372920519692978755949818346967788625106125949665803400115206697318508323999832505432847356782135608177546840733663168278805472312472633443174306792848764674320699568611310171751523817932405366025164140823449795139392236379439950593039113881265164914919783530496	0	1
34	0	48256457640483526790736996345261885416402018013988046254372920519692978755949818346967788625106125949665803400115206697318508323999832505432847356782135608177546840733663168278805472312472633443174306792848764674320699568611310171751523817932405366025164140823449795139392236379439950593039113881265164914919783530496	0	1
33	0	48256457640483526790736996345261885416402018013988046254372920519692978755949818346967788625106125949665803400115206697318508323999832505432847356782135608177546840733663168278805472312472633443174306792848764674320699568611310171751523817932405366025164140823449795139392236379439950593039113881265164914919783530496	0	1
32	0	48256457640483526790736996345261885416402018013988046254372920519692978755949818346967788625106125949665803400115206697318508323999832505432847356782135608177546840733663168278805472312472633443174306792848764674320699568611310171751523817932405366025164140823449795139392236379439950593039113881265164914919783530496	0	1
31	0	48256457640483526790736996345261885416402018013988046254372920519692978755949818346967788625106125949665803400115206697318508323999832505432847356782135608177546840733663168278805472312472633443174306792848764674320699568611310171751523817932405366025164140823449795139392236379439950593039113881265164914919783530496	0	1
30	0	48256457640483526790736996345261885416402018013988046254372920519692978755949818346967788625106125949665803400115206697318508323999832505432847356782135608177546840733663168278805472312472633443174306792848764674320699568611310171751523817932405366025164140823449795139392236379439950593039113881265164914919783530496	0	1
29	0	48256457640483526790736996345261885416402018013988046254372920519692978755949818346967788625106125949665803400115206697318508323999832505432847356782135608177546840733663168278805472312472633443174306792848764674320699568611310171751523817932405366025164140823449795139392236379439950593039113881265164914919783530496	0	1
28	0	48256457640483526790736996345261885416402018013988046254372920519692978755949818346967788625106125949665803400115206697318508323999832505432847356782135608177546840733663168278805472312472633443174306792848764674320699568611310171751523817932405366025164140823449795139392236379439950593039113881265164914919783530496	0	1
27	0	48256457640483526790736996345261885416402018013988046254372920519692978755949818346967788625106125949665803400115206697318508323999832505432847356782135608177546840733663168278805472312472633443174306792848764674320699568611310171751523817932405366025164140823449795139392236379439950593039113881265164914919783530496	0	1
26	0	48256457640483526790736996345261885416402018013988046254372920519692978755949818346967788625106125949665803400115206697318508323999832505432847356782135608177546840733663168278805472312472633443174306792848764674320699568611310171751523817932405366025164140823449795139392236379439950593039113881265164914919783530496	0	1
25	0	48256457640483526790736996345261885416402018013988046254372920519692978755949818346967788625106125949665803400115206697318508323999832505432847356782135608177546840733663168278805472312472633443174306792848764674320699568611310171751523817932405366025164140823449795139392236379439950593039113881265164914919783530496	0	1
24	0	48256457640483526790736996345261885416402018013988046254372920519692978755949818346967788625106125949665803400115206697318508323999832505432847356782135608177546840733663168278805472312472633443174306792848764674320699568611310171751523817932405366025164140823449795139392236379439950593039113881265164914919783530496	0	1
23	0	48256457640483526790736996345261885416402018013988046254372920519692978755949818346967788625106125949665803400115206697318508323999832505432847356782135608177546840733663168278805472312472633443174306792848764674320699568611310171751523817932405366025164140823449795139392236379439950593039113881265164914919783530496	0	1
22	0	48256457640483526790736996345261885416402018013988046254372920519692978755949818346967788625106125949665803400115206697318508323999832505432847356782135608177546840733663168278805472312472633443174306792848764674320699568611310171751523817932405366025164140823449795139392236379439950593039113881265164914919783530496	0	1
21	0	48256457640483526790736996345261885416402018013988046254372920519692978755949818346967788625106125949665803400115206697318508323999832505432847356782135608177546840733663168278805472312472633443174306792848764674320699568611310171751523817932405366025164140823449795139392236379439950593039113881265164914919783530496	0	1
20	0	48256457640483526790736996345261885416402018013988046254372920519692978755949818346967788625106125949665803400115206697318508323999832505432847356782135608177546840733663168278805472312472633443174306792848764674320699568611310171751523817932405366025164140823449795139392236379439950593039113881265164914919783530496	0	1
19	0	48256457640483526790736996345261885416402018013988046254372920519692978755949818346967788625106125949665803400115206697318508323999832505432847356782135608177546840733663168278805472312472633443174306792848764674320699568611310171751523817932405366025164140823449795139392236379439950593039113881265164914919783530496	0	1
18	0	48256457640483526790736996345261885416402018013988046254372920519692978755949818346967788625106125949665803400115206697318508323999832505432847356782135608177546840733663168278805472312472633443174306792848764674320699568611310171751523817932405366025164140823449795139392236379439950593039113881265164914919783530496	0	1
17	0	48256457640483526790736996345261885416402018013988046254372920519692978755949818346967788625106125949665803400115206697318508323999832505432847356782135608177546840733663168278805472312472633443174306792848764674320699568611310171751523817932405366025164140823449795139392236379439950593039113881265164914919783530496	0	1
16	0	48256457640483526790736996345261885416402018013988046254372920519692978755949818346967788625106125949665803400115206697318508323999832505432847356782135608177546840733663168278805472312472633443174306792848764674320699568611310171751523817932405366025164140823449795139392236379439950593039113881265164914919783530496	0	1
15	0	48256457640483526790736996345261885416402018013988046254372920519692978755949818346967788625106125949665803400115206697318508323999832505432847356782135608177546840733663168278805472312472633443174306792848764674320699568611310171751523817932405366025164140823449795139392236379439950593039113881265164914919783530496	0	1
14	0	48256457640483526790736996345261885416402018013988046254372920519692978755949818346967788625106125949665803400115206697318508323999832505432847356782135608177546840733663168278805472312472633443174306792848764674320699568611310171751523817932405366025164140823449795139392236379439950593039113881265164914919783530496	0	1
13	0	48256457640483526790736996345261885416402018013988046254372920519692978755949818346967788625106125949665803400115206697318508323999832505432847356782135608177546840733663168278805472312472633443174306792848764674320699568611310171751523817932405366025164140823449795139392236379439950593039113881265164914919783530496	0	1
12	0	48256457640483526790736996345261885416402018013988046254372920519692978755949818346967788625106125949665803400115206697318508323999832505432847356782135608177546840733663168278805472312472633443174306792848764674320699568611310171751523817932405366025164140823449795139392236379439950593039113881265164914919783530496	0	1
11	0	48256457640483526790736996345261885416402018013988046254372920519692978755949818346967788625106125949665803400115206697318508323999832505432847356782135608177546840733663168278805472312472633443174306792848764674320699568611310171751523817932405366025164140823449795139392236379439950593039113881265164914919783530496	0	1
10	0	48256457640483526790736996345261885416402018013988046254372920519692978755949818346967788625106125949665803400115206697318508323999832505432847356782135608177546840733663168278805472312472633443174306792848764674320699568611310171751523817932405366025164140823449795139392236379439950593039113881265164914919783530496	0	1
9	0	48256457640483526790736996345261885416402018013988046254372920519692978755949818346967788625106125949665803400115206697318508323999832505432847356782135608177546840733663168278805472312472633443174306792848764674320699568611310171751523817932405366025164140823449795139392236379439950593039113881265164914919783530496	0	1
8	0	48256457640483526790736996345261885416402018013988046254372920519692978755949818346967788625106125949665803400115206697318508323999832505432847356782135608177546840733663168278805472312472633443174306792848764674320699568611310171751523817932405366025164140823449795139392236379439950593039113881265164914919783530496	0	1
7	0	24128228820241763395368498172630942708201009006994023127186460259846489377974909173483894312553062974832901700057603348659254161999916252716423678391067804088773420366831584139402736156236316721587153396424382337160349784305655085875761908966202683012582070411724897569696118189719975296519556940632582457459891765248	24128228820241763395368498172630942708201009006994023127186460259846489377974909173483894312553062974832901700057603348659254161999916252716423678391067804088773420366831584139402736156236316721587153396424382337160349784305655085875761908966202683012582070411724897569696118189719975296519556940632582457459891765248	2
6	1	48256457640483526790736996345261885416402018013988046254372920519692978755949818346967788625106125949665803400115206697318508323999832505432847356782135608177546840733663168278805472312472633443174306792848764674320699568611310171751523817932405366025164140823449795139392236379439950593039113881265164914919783530496	48256457640483526790736996345261885416402018013988046254372920519692978755949818346967788625106125949665803400115206697318508323999832505432847356782135608177546840733663168278805472312472633443174306792848764674320699568611310171751523817932405366025164140823449795139392236379439950593039113881265164914919783530496	4
5	1	96512915280967053581473992690523770832804036027976092508745841039385957511899636693935577250212251899331606800230413394637016647999665010865694713564271216355093681467326336557610944624945266886348613585697529348641399137222620343503047635864810732050328281646899590278784472758879901186078227762530329829839567060992	96512915280967053581473992690523770832804036027976092508745841039385957511899636693935577250212251899331606800230413394637016647999665010865694713564271216355093681467326336557610944624945266886348613585697529348641399137222620343503047635864810732050328281646899590278784472758879901186078227762530329829839567060992	8
4	1	193025830561934107162947985381047541665608072055952185017491682078771915023799273387871154500424503798663213600460826789274033295999330021731389427128542432710130899081868738377470485129791443715771031446833851377726915743032232691022358841051381387513565740160012289640381875362959789571593957232331773774823004446976	193025830561934107162947985381047541665608072055952185017491682078771915023799273387871154500424503798663213600460826789274033295999330021731389427128542432710130899081868738377470485129791443715771031446833851377726915743032232691022358841051381387513565740160012289640381875362959789571593957232331773774823004446976	16
3	0	386051661123868214325895970762095083331216144111904370034983364157543830047598546775742309000849007597326427200921653578548066591998660043462778854257084865422662309555383385233963052038933382448941763229895436868951142136226307440956489280945388107258931294434269960911621229393940793498396770581792557100146816716792	386051661123868214325895970762095083331216144111904370034983364157543830047598546775742309000849007597326427200921653578548066591998660043462778854257084865422662309555383385233963052038933382448941763229895436868951142136226307440956489280945388107258931294434269960911621229393940793498396770581792557100146816716792	32
2	0	772103322247736428651791941524190166662432288223808740069966728315087660095197093551484618001698015194652854401843307157096133183997320086925557708514169730848104885830239896283413525050758997292363405289824888507116343694730966574238931867836060911894551009336114550312404209626890953814644757659689154028175660004672	772103322247736428651791941524190166662432288223808740069966728315087660095197093551484618001698015194652854401843307157096133183997320086925557708514169730848104885830239896283413525050758997292363405289824888507116343694730966574238931867836060911894551009336114550312404209626890953814644757659689154028175660004672	64
1	0	1544206644495472857303583883048380333324864576447617480139933456630175320190394187102969236003396030389305708803686614314192266367994640173851115417028339461700927786937045471898924625312175543854879766993806474279864484251618542521727122035555219055976926081090963136066221007416174982075953285566366598874469990272216	1544206644495472857303583883048380333324864576447617480139933456630175320190394187102969236003396030389305708803686614314192266367994640173851115417028339461700927786937045471898924625312175543854879766993806474279864484251618542521727122035555219055976926081090963136066221007416174982075953285566366598874469990272216	128
0	0	3088413288990945714607167766096760666649729152895234960279866913260350640380788374205938472006792060778611417607373228628384532735989280347702230834056678923406167397660188206464455361968496151655351228322930187722050302493806696298615478639888335952273691115572625557170630951933690477347280394866250190338321308496520	3088413288990945714607167766096760666649729152895234960279866913260350640380788374205938472006792060778611417607373228628384532735989280347702230834056678923406167397660188206464455361968496151655351228322930187722050302493806696298615478639888335952273691115572625557170630951933690477347280394866250190338321308496520	256
