0x279bdd90	⊢⊞⊞⋈⋈⋈⊞⋈⋈⊞⊞⋈⊙⊣
0x27a58554	⊢⋈⋈⋈⋈⋈⊞⊞⊤∈⊞⊞⊞⊞⊞⊞⋈⋈⊞⋈⊞⊞⊞⋈⋈⊞⊞⋈⋈⊞⋈⋈⋈⊞⋈⋈⊡⋈⋈⊞⊞∈⊞⊞⊞∋⋈⊞⋈⊞⋈⋈⊞⊞⊞⋈⊞⋈⋈⋈⊞⊞⊞⋈⊞⊞⊞⋈⊞⋈⊞⋈⊞⊥⊞⊥⊞⋈⋈⊞⋈⋈⊞⊞⋈⊞⊞⊞⊤⊥⊞⊞⊞⊞⊞⊞⋈⋈⊞⊞⋈⊞⋈⊞⊞⊞⋈⋈⊞⊞⋈⋈⊞⋈⋈⋈⊞⋈⋈⊡⋈⋈⊞⊞∈⊞⊞⊞∋⋈⊞⋈⊞⋈⋈⊞⊞⊞⋈⊞⋈⋈⋈⊞⊞⊞⋈⊞⊞⋈⊞⊞⊞⊤⊥⊞⊥⊞⋈⋈⊞⋈⊞⊞⋈⊤⋈⋈⊥⊞≺∋⊞⋈⋈⋈⋈⊞⋈⋈⋈⋈⊣
0x27a0c780	⊢⋈⋈⋈⋈⋈⋈⊞⋈⋈⋈⋈⊤∈⋈⋈⊞⋈⋈⋈⋈⋈⋈≺⊤∈⋈⊤∈⋈⊤⋈⊥⋈⋈⋈⊤∈⋈⊤∈⋈⊞⊞∋⊞⋈⋈⋈≺∋⊤∈⋈⋈⊤⋈⊥⋈⋈⊞⋈⋈⊤∈∋⋈⊞⊞≻∋⋈⋈⋈⋈⋈⋈⋈⊤∈⋈⊞⋈⋈⋈⊤∈⋈≻⋈⋈⋈⋈⋈⋈⊞⋈⋈⊞⊤∈⋈⊤∈⊤∈⋈⊞⋈⋈⋈∋⊤∈⋈⋈⋈⊞⋈⊞⋈⊤⊥⊞⊤⊥⊞∈⋈⊤∈⋈⊞⋈⋈⋈≻⋈⊤∈⊞⋈≺∋⋈⋈⋈⋈⋈⋈⋈⋈⋈≻⋈⋈⊤∈⋈⋈⋈≻∋⋈⋈⋈⋈∋∋⊞⋈⋈⋈⋈⋈⋈⊣⊞∋⋈≻∋⋈⋈⊞⋈⋈⋈⋈⋈⋈≺⋈⋈⋈⋈⋈⋈⋈⋈⋈⊞⊞⋈⋈⊞⊤∈⋈⋈⋈⋈≻⋈≺∋⊤∈⋈⋈⊞∈⋈⋈⊞⊤∈∋⊞∋⋈⊞⋈⋈⋈⋈⊣⋈⊞⊞⊤⊞⋈⋈⊞⊤∈⋈⋈⋈⋈≻≺∋⋈⋈⋈⋈∈⊤⋈⊥⋈⊤∈⋈⊞⊞∋⋈⊞⋈⊞⊤∈∋≺∋⋈⊞⋈⋈⋈⋈⊣⋈⊤∈⋈⊞⊞∋⊤∈⊞⊞⊞⊤⊞≺∋⊞⋈⊥⋈⋈⊞⊥⊤⊥⊞∈⊞∈⋈⋈≻∋⋈⋈⋈≻⊤∈∋⋈⋈⋈⋈⋈⋈⋈⋈⋈≻⋈⋈⋈⋈∋∋⊞⋈⋈⋈⋈⋈⋈⊣
0x27a08bc8	⊢⋈⋈⋈⊞⊤∈⊞⋈⊞⋈⊞⋈∈⋈⋈⋈⊤∈⋈⊞⋈⊞⊤∈⋈⊞⊞⋈≺⋈⊞⊞⊞⊤∈⋈⊞⊞⋈⋈⋈⊞⊞⊞⊞⊞⊞≺⋈≺∋∋∋⋈⊞⊞⋈⊤∈⊤∈⊤∈⋈⊞⊤∈⊤∈⋈⋈⊞⊤∈⊤⊤∈⋈⋈≺⊤∈⊤≺∋⊥≺∋∋⊤∈∋∋∋∋⊤∈⋈∈⋈⋈⊤∈⋈⊤∈⋈⊞≺⋈⊤∈⋈⊞⋈⋈⊞⊞⊞⊞≺∋⊞⊞⊞∋⊞⊞⊞⋈≺∋⋈⊤∈⊤∈⊤∈⋈⊞⊤∈⊤∈⋈⋈⊞⊤∈⊤⊤∈⋈⋈≺⊤∈⊤≺∋⊥≺∋∋⊤∈∋∋∋⊞⊞∋∋⊤∈∋≺≺∋∋⊤∈∋≺⊞⊞≺∋∋∋⊞⊞⋈⋈⊣
0x27a46d60	⊢⋈⋈⊤∈⊞⋈⋈⋈⊞⋈⋈≺∈⋈⋈⊤∈⋈⊞⋈⊞⊤∈⋈⊞⊞⋈≺⋈⊞⊞⊞⊤∈⋈⊞⊞⋈⊡⋈⋈⊞⊞⊞⊞⊞⊞≺⋈≺∋∋∋⋈⊤∈⊤∈⊤∈⋈⊞⊤∈⊤∈⋈⋈⊞⊤∈⊤⊥≺⊤∈⋈⋈≺⊤∈⊤⊥≺∋∋∋⊤∈⊡∋∋⊞⊞⊤∈∋⋈∋∋∋∋⋈⋈≺∋⊞⊞⊣
0x279bde79	⊢⋈⋈⋈⋈⋈⋈⋈⊤∈⋈⋈⊞⋈⋈⋈⋈⊙⋈⋈⋈⋈≻⋈⋈⋈⋈≻⋈⋈⋈⋈⊞⋈⋈⋈⋈⊣
0x27a02831	⊢⋈⊞⋈⊞⊤∈⋈⋈⊡⋈⋈⋈⊞⋈⋈⋈⋈⋈≻⊤∈⋈⋈⋈⋈⋈≻⊤∈⋈⋈⋈⊣⋈⋈⋈⋈⋈⋈⊞⋈⋈⋈⋈⊞⋈⋈⋈⋈⋈∈⋈⋈⋈⋈⋈⋈⋈⊤∈⋈⋈⋈⋈≺⋈⊞⋈⊞⋈⋈⋈⋈⋈⋈≻⋈⋈⊤⋈⊥⋈⊤⋈⊥⊤∈⋈⋈⋈⋈⋈⋈⋈≻⋈⋈⋈⋈⋈⋈⋈⋈⋈≻⋈≺∋⋈⊤∈⋈⋈⋈⋈≻∋⋈⋈⋈∋⊞⋈⋈⋈⋈⊤∈∋⋈⋈⋈⋈⋈⊞⋈⋈⋈⋈⋈⋈⊣⋈⋈⋈⋈⋈⋈≺∋⊞⋈⊣
0x279bdef7	⊢⋈⊞⋈⊞⊤∈⋈⋈⋈⋈⊞⋈⋈⊞⋈⋈⋈⋈⋈⋈⋈⋈⋈≻⊤∈⋈⋈⋈⋈⋈≻⋈⋈⋈⋈⋈⋈⊞⋈⋈⋈⋈⊞∈⋈⋈⋈⋈⊞⋈⊞⊞⊤⊥⋈⊞⊤∈⋈⋈⋈⊤∈⋈⋈⋈⋈⊞⋈⊞⊤⊞⊡⋈∈⊞⊡⊞⊡⊞⊞∈∋⋈⋈⊤⋈⋈⊥⊤⊥⊞⋈⊙⋈⊞⋈⊞⋈∈⋈⋈⊤∈⋈⋈⋈⋈⊞⋈⊞⋈⋈∈⋈⋈⋈⋈≻⋈⋈⊞⊡⊞⋈⊤∈⋈⋈∈⊞⊞⊡⊞⊞⊤∈∋≺∋⊞⊞⊞⊤∈⊡⊞⊞≺∋⋈⊞⋈⊞⊞⊞⊤∈⊞⋈⊞⋈⋈⋈⋈⋈⊞⋈⊞⋈⋈⊤∈⋈⊞⋈⊞⋈⋈⋈⋈⋈⊡⊡≺∋⋈⊞∋⊤⋈⊞⊞⊤∈∋≺∋⋈⋈⊞⋈⋈≺⊞⊞⋈∈⋈⋈⋈⋈⊞∈∋≺∋⊞⊤⊥⊤∈⋈⊞∈∋⋈⋈⋈≻⋈⋈⋈⋈⋈⋈⊞⋈⋈⋈⋈⊙⊤∈⋈⋈≻⋈⋈⋈⋈⋈⋈⋈⋈⊤∈⊞∈⋈⋈≻∋⋈⋈∈⋈⊞⋈⋈⋈≻⋈⋈⊤∈∋≺∋⋈⋈⋈⊙⋈⋈⋈⋈⊞⋈⋈⋈⋈⋈⋈⊣⋈⋈⋈⋈⋈⋈⋈≻⊤∈⋈⋈⋈≻⋈⊞⋈⋈⋈⋈∈⊤∈⋈⋈⋈≻∋⋈⋈⋈≻⊞⋈⊞∈∋⋈⋈⋈≻⋈≺∋⋈⋈⋈⊞∈⋈⋈⋈≺∋⋈⋈⊞⋈⋈⋈⋈⋈⋈⊣⊞⋈⋈⊞⊞⊞⊞⊞⊞⊞⊞⋈⊞⊞⋈⊞⊞⊤⋈⊥≺∋⋈⋈⋈≻⋈⋈⊤∈⋈⋈⋈⋈⋈⋈⊙⋈⋈⋈⋈⋈⋈⊤∈⊞⋈⋈⋈⊡⊞⊞⋈⋈⋈⋈⊞⋈⋈∈⊤∈∈⊡⊞⊞⊞⊤∈∋⊞∋⊞⊞⋈⊞⋈⋈⋈⋈⋈⋈≻⋈⋈⊞⊡⊞⊤∈⋈∈⊞⊞⊡⊞⊞⊤∈∋≺∋⊞⊞⊞⊤∈⊡⊞⊞≺∋⋈⊞⊞⊞⋈⊞⋈⋈⊞⋈⊞⋈⊞⊞⋈⋈⊞⋈⋈⊡⊡⋈⊤∈∋≺⋈⋈⋈≺∋⊞⋈⋈⊞∈⋈⋈⋈⋈⊞⊤∈∋⋈⊤∈⋈⋈⊞⊞⊤∈⋈⊞⊙∋∋⋈∋∋⋈⊞⋈⋈⋈⋈⋈⋈⊣⋈⋈⋈⋈⋈≻⋈≺∋⋈⊞⋈⊣
0x27a519e2	⊢⋈⊤∈⋈⋈⊞⋈⋈⋈⋈⋈⋈⋈⋈⋈⋈⋈⋈≻⊞⋈⊣⊣
0x27a4ced8	⊢⋈⊤∈⋈⋈⊞⋈⋈⋈⋈⋈⋈⋈⋈⋈⋈⋈⋈⋈≻⊞⋈⊣⊣
0x27a51de4	⊢⋈⋈⋈⊞⊡⋈⊤∈⋈⋈⋈⋈⋈⋈⋈⋈⋈⋈⋈⋈≻≺∋⋈⊞⋈⋈⊣
0x27a419e0	⊢⊤∈⋈⋈⋈⊞≻⋈⋈⋈≻⋈⋈⋈⊣
0x27a41a20	⊢⋈⋈⋈⊤∈⊤∈⋈⋈⋈≻⋈⋈⋈≻⋈⊣⋈⋈⋈⋈⋈⋈⋈⊣
0x27a37eb0	⊢⋈⋈⋈⋈⋈⋈⋈⊞⋈⋈⋈⋈⋈⋈⋈⋈⋈⊞⊤⊥⋈⊞⋈⊞⋈⊞⊥⋈⊞⊥⊤⋈∈⋈⊞⊞⋈≺⋈⋈⋈⋈⋈⋈⋈⋈⋈⋈⋈⋈⊞⋈⋈⋈⋈⋈⊞⋈⊞⊞⊞⋈⊞⊞⊞⊞⊡∈⋈⊤∈⊤∈⋈∋⋈⋈⊞⊞⊞⊤∈⊞⊞⋈⋈⊤∈⋈⊤∈⋈⊤∈⋈∈⋈⋈⊞⋈⊡∈⊤∈⋈⊤⊥⊞⊞⊞⊤∈∋⋈⊤∈⊞⊞⊤∈≺≺∋⊞∈∋⊞⊞⊞⋈≺⋈≺∋⊞⊞⊤∈∋⋈∋∋≻⊤∈⋈⋈⋈⊞⋈⋈⋈⋈⋈⋈⊞⋈⋈≺∈⋈⋈⋈⋈⋈⋈⋈≻⊤∈⋈⋈⋈⊤∈⊤∈⊤∈⋈⋈⋈≻⋈⋈⋈⋈⋈⋈≻⊤⋈⊥⋈⋈⊥⋈⋈⋈≺⊤∈⊤∈∋⊤∈⋈⋈≻⋈⋈⋈⋈⋈⋈⋈⋈≻⊞⋈⋈⋈⊤∈⋈≺∋⋈⊞⋈⊞⋈⊞⋈⋈≺⋈≺⊤∈⊤∈∋⋈⋈⋈≻⋈⋈⋈⋈⋈≻⊤∈⋈⋈⋈⋈≺∋⋈∋∋∋∋∋∋⊞⊤∈∋∋⋈⋈⋈⋈⋈⋈⋈⋈⊞⋈⋈⋈⋈⋈⋈⋈⋈⋈⋈⋈⋈⊞⊞≻⋈⊤∈⋈⋈⋈⋈⋈⊤∈⋈⊙∋⊞⊤∈⋈⊙∋⊞⊞⋈≺⋈⊤∈⋈⊤∈≻≺⊞⊞⊞∈∋⋈≺∋⊞⊞⋈∋⊞∋∋∋∈⊞⋈⊞⊞⋈⊞⊤∈⊞⋈⋈⋈⋈⋈⋈⋈⋈⋈⋈⋈⋈≻⋈⋈⋈≻∋⋈≻∋≻≺∋∋⋈⋈⋈⊤∈⋈⋈≺⊤∈⋈⋈⊙⋈⊞⋈⋈⋈⊞⋈⋈⋈⋈≻⋈⊤∈∋∋⋈⋈⋈⊤∈⋈≺⊤∈⋈⋈⊙⋈⋈⊞⋈⊞⋈⋈⋈⋈≻⋈⋈⊤∈∋∋⋈⊞⋈⊞≺∋⋈⋈≻⋈⋈≻≺∋⊣⋈⋈⋈⋈⋈⋈⋈⋈⋈⋈⋈⋈⊞⋈⋈⋈⋈⋈⋈⊣
0x27a37090	⊢⋈⋈⋈⋈⋈⋈⋈⊞⋈⋈⋈⋈⋈⋈⋈⋈⊞⋈⋈⋈⋈⋈⋈⋈⊤⋈∈⋈⋈⋈⋈⊞⋈⋈⊞⋈⋈⊞⋈⊞⊞⊤⋈⊥⊥⊤⋈⋈⊥⋈⋈⋈⋈⊞⋈⋈⋈⊞⋈⋈⋈⋈⋈⊞⋈⋈⋈⋈⋈⋈⋈⋈⋈⋈⋈⋈⋈⋈⋈⋈⊞∈⋈⋈⊞⊤⊥⋈⋈⊞⋈⊞⊞⊞⋈⋈⊞⊞∈⋈⊤∈⊤∈⊞⋈⋈⋈≺∋⋈⋈⊞⊞⊞⊤∈⋈⋈⊤∈⊡≺⋈⋈⊤∈⋈⋈⋈⊤∈⋈∈⋈⋈⊞⋈⊡∈⊤∈⋈⊤⊥⊞⊞⊞⊤∈∋⋈⊤∈∋⊞∈⋈≺∋≺⊞⊞⊤∈≺⊞⊞⊤∈∋⊡∋∋⊤∈≻⋈⋈⋈⋈⋈⋈≻⋈⊤∈⋈⋈⊞⋈⊞⊞⋈⋈⊞⊞⋈≺≻⋈⋈⊤∈⊞⊞⋈⋈⋈⋈≺∈⋈⋈⋈⋈⋈⋈⋈⋈≻⊤∈⋈⋈⋈⊞⋈⋈⊞≺⋈⊤∈⋈⋈≻⋈⋈⊤∈⊞≺⊤∈⋈⋈⋈⊤∈⋈≺⊞⋈⊞∈⋈≺⊞⊤∈⊤∈⋈⊤∈∋⋈⋈⋈⋈⊞⊞⋈⊞⊞⊞⊞≺∋⊞∋⋈⋈≺∋⋈⊤∈⋈⋈≻⋈⊤∈⋈⋈⋈⋈≺⊤∈⋈⋈⋈⋈≺⊤∈⋈⊤∈⋈⋈⊞⋈⊞∈⋈⊤∈⋈⋈⋈⋈≺⋈⊞⋈⋈⊞⊙⊤∈⋈⋈≻⋈⊤∈⋈⋈⋈≺⋈≺⊤∈∋∋∋∋∋∋⊞⊤∈∋⊤∈⋈⋈⊞⊤⋈∈⊞⊤∈⋈⋈⊤∈⋈⊤∈⋈≻⋈⋈⋈⊤∈⋈⊤∈⋈≻⋈⋈⋈≺∋∋∋⋈⋈⋈⋈⋈⋈⋈⊞⋈⋈≺⋈⋈⋈⋈⋈⊞∈∋∋∋⋈⋈∋∋⊞⋈≺⊞⋈⋈⋈⋈⋈⋈⋈⋈⋈⋈⋈⋈⋈⋈⋈⋈⋈∈∈⋈⋈≻⋈⋈⋈⋈⊤∈⋈⋈⊞⊤∈≺⋈⋈⊞≺⊤∈⋈∋⊤∈∋⋈⋈⊤∈⋈≻∋⋈⋈⋈⋈⋈⋈⋈⋈⋈⋈⋈⋈⊞⋈≺∋∋∋∋∋∋∋⋈⊤∈∋≺⋈⊤∈⋈⊤∈⋈⋈⋈⋈⋈≺∈⋈⋈⊤∈⋈⋈⋈∈⋈⋈⋈⋈⊤∈⋈⋈⊤⋈∈∋⊞≺∋⋈⋈⋈∋⋈⊞⋈⊤∈∋⊤∈∋⋈⊤∈⋈≻⋈⋈∋⋈⋈⋈⋈⋈⋈⋈⊞⋈⋈⋈⋈≺∋⋈⊤∈∋⋈≺⋈⋈⊞⋈⊞∈∋⋈∋⋈⋈≺⋈⊤∈⋈⋈⋈⋈≺∋∋⊞⋈≺⋈⊞⋈⋈⊞⊙⊞⊞⊞∈∋≺⊞⋈⋈⊞⋈⋈∋∋∋∋∋∋⊤∈⋈⊙∋⋈⋈⊤∈⋈⋈⋈≺∈⊤∈⋈⊤∈⊤∈⊙∋⊤∈⋈⊙≺∋∋∋⊞⊞∈∋∋⊤∈⋈⊙∋⊞⋈⋈⋈≺∈⊞⋈⊞⊞⋈⊞⊤∈⊞⋈⋈⋈⋈⋈⋈≻⋈⋈⋈≻∋≻≺∋∋∋⋈⋈⋈⊤∈⊤∈⋈⊙⋈⊞⋈⋈⋈⋈⋈⋈≻⋈⊤∈∋∋⋈⋈⋈⋈⊤∈⋈≺⊤∈⋈⊙⋈⊞⋈⋈⋈⋈⋈⋈≻⋈⊤∈∋∋⋈⋈⊞⋈⊞⋈∋⋈⋈≻⋈⋈≻≺∋⊣⋈⋈⋈⋈⋈⋈⊞⋈⋈⋈⋈⋈⋈⊣
0x27a32b40	⊢⋈⋈⋈⋈⋈⋈⋈⊞⋈⋈⋈⋈⋈⋈⋈⋈⋈⋈⋈⋈⋈⋈⋈⋈⋈⋈⋈⋈⋈⊤∈⋈⋈≻⋈⊤∈⋈⋈≻∋⋈∋⋈⋈⋈⊙⋈⋈⊤⋈⋈⋈∈⋈⋈⋈⋈⋈⋈⋈≻⋈⊤∈⊞⋈⋈≺⊤∈⋈≺∋⋈⋈⋈⊤∈⋈⋈⋈≻⋈⊤∈∋⋈⋈⋈⊙⋈⋈⊤⋈⋈∈⋈⋈⊞⋈⋈≻⊤∈⋈⋈≻≺⋈⊞⊞∈⊤∈⋈⋈≻⋈⋈⋈⋈⋈⋈⋈⋈⋈⋈⋈⋈⊞⊞∈∋∋⋈≺∋⋈⋈⋈⋈⋈⋈⊤∈⋈⋈⋈⋈≻⋈⋈⋈⋈⋈⋈⋈⋈⋈⋈⋈⋈⋈⋈∋⋈⋈⋈⋈⋈⋈⋈⋈⋈⋈⋈⋈⋈⋈⋈⋈⋈⋈⋈⋈⋈⋈⋈⋈⋈⋈⋈⋈⋈⋈⋈⋈⋈⋈⋈⋈⋈⋈⋈⋈⋈⋈⋈⋈⋈⋈⋈⋈⋈⋈⋈⋈⋈⋈⋈⋈⋈⊞⋈⋈⋈⋈⋈⋈⋈⋈⋈⋈⋈⋈⋈⊞⊞⋈⊤∈⋈⋈⊞⋈⋈⋈⋈⋈⋈⋈∋⋈⋈⋈⋈⊤∈⊞⋈⋈⋈⋈∈⋈⋈⋈⋈⋈⋈⊤∈⊤∈⋈⊞⊞⊞⊡∈⋈⋈⊤∈⊤∈⊞⊞∋⋈⋈⊞⊞⋈⊞⊤∈⊞∈⋈⋈⋈⊤∈∋⊞⋈⊞⊞⋈≺⋈⋈⋈⋈⋈⊤∈⋈⊞⋈⋈⊞⋈⋈⊞⋈⋈⊞⋈⋈⋈⋈⋈≺⋈⋈⊞⊙⊞⋈⊞∈∋≺⋈⋈⊤∈⋈⋈⋈⊞⊤⋈∈⋈⋈⋈⋈⊤⋈∈⋈⋈⋈≺⊞⊤∈⊞⋈⊞⊞⋈≺⋈⊤∈⋈⋈⋈≺⊤⋈∈⋈⋈⋈∈⊤∈⋈⋈⋈⋈⊞⊞⊞⊞⊞∈⋈⋈⊤∈⊤∈⋈⊞⊞⋈⋈≺∋⋈⋈⋈⊞⊞⊞⊤∈⋈⋈⋈⋈⋈⋈⊤⋈⋈∈∋⊞⊤∈⋈⋈⋈⋈⋈≺⋈⊞⋈⋈⊞⋈⋈⊞⋈⋈⊞⋈⋈⋈⋈⋈⋈≺⊞⋈⊞⊞⋈∈∋≺⋈⊞⋈⋈∋⊞⋈⊞⊞⋈≺⊤∈⋈⋈⊞⊞⊞∈⋈⊤∈⊤∈⋈⊞⊞⋈⋈≺∋⋈⋈⊞⊞⊞⊤∈⋈⋈⋈⊞⋈⋈⊞⋈⋈⊞⋈⋈⋈⋈≺∋∋∋∋⋈⋈⊞⊞⋈⋈⊤∈⋈⊤∈⋈≻∋⋈⊞⋈⊞⋈⊞⋈⋈⊞⋈⊞⊞⊞⋈⋈⋈⋈⋈⋈⋈⋈⋈⋈⋈⋈⋈⋈⋈⊞⋈⋈⊞⋈⊤∈∋≺∋⋈⊤∈⋈⊤∈≻≺≻≺∋∋⋈⋈⋈⊤∈⊤∈⋈⊤∈∋⋈≻⋈⊞⊞⋈≺∋⋈⋈⋈⋈≻⋈⋈⋈⋈⋈⋈⊤∈⋈≻⋈≺∋⋈⋈⋈⋈⋈⋈⋈⋈⊞≺∈⊤∈⊤∈⊞⊞≺⊤∈⊤⋈∈⋈⊤∈⊞⋈⊤∈∋⋈⋈⊤∈⋈≺⊤∈∋⋈⊙⋈∋⊞⊞⋈⋈⋈⋈⋈⋈⋈≻⋈⊤∈∋∋⋈⋈⋈⋈⊤∈⊤∈⋈⊙⋈⋈⊞⋈⊞⋈⋈⋈≻⋈⊤∈∋∋⊤∈⋈⊙∋⊤∈⋈⊙∋⊤∈⋈⊙∋⊤∈⋈⊙∋⊤∈⋈⊙≺⋈⋈≻≺⋈⋈≻≺⋈⊞≺∋∋⋈⋈⋈⋈≻⋈⋈⋈⋈⋈⊤∈⋈⊤⋈∈⋈⋈⋈⋈≺∈⊤∈⋈⊙≺∋⊞⊞∈∋⋈⋈≺∋∋⊤∈⊙≺⊤⋈∈⋈≻≺⋈⋈⋈∋⋈⋈⋈⋈⋈⊞⋈⊞⊞⋈∋⋈⋈⋈⊞⊙⊞⊞⊞∈∋≺∋⊞⋈⋈⋈∋∋⊞⋈⊞⊞⋈≺∋∋∋∋∋∋∋∋⋈⊞⊞⊞⊞⊞⊞⋈⋈∋∋⊤∈⋈⊙∋⊤∈⋈⊙∋⊤∈⋈⊙∋⊤∈⋈⊙∋⊤∈⋈⊙∋⋈⋈⊤∈⋈⋈≺∈⊤∈⋈⊙≺∋⊞⊞∈∋∋⊤∈⋈⊙∋⊞∋∋⋈⊤∈⊞⋈⋈⋈⋈⋈⋈⋈≻⋈⋈⋈≻∋⋈⋈≻≺⋈⋈⋈⋈⋈⋈⋈⊞⋈⋈⋈⋈⋈⋈⊣⋈⋈⊞⊙⋈⋈≻≺⋈⋈⊞⊙
0x27a1e285	⊢⋈⋈⋈⋈⊤∈⋈⋈≻⋈⋈⊙⋈≺⋈∋⊞⋈⋈⊣
0x27a23215	⊢⋈⋈⋈⋈⋈⋈⋈⊞⋈⊞⋈⋈⋈⊞⊤⋈⋈⋈⋈∈⊡⋈⊡⋈⋈⊡⊡⋈⋈⋈⋈⋈⋈⋈⋈⋈⋈⋈≻⊤∈⋈⋈⋈≻⊤∈⋈⊡⋈⊡⋈⋈⋈⋈⋈≻⋈⊤⋈∈⊤∈⋈⋈≺⋈⋈⊞⋈⊡⋈⊙⊤∈⊙⋈⊞⊞∋⋈⊞⊤∈⋈⋈⋈⋈⊤∈⋈⊙∋⊤∈⋈⊙∋⋈⊙⋈⋈≺∋⋈⋈⋈⊞⊙⊤∈⊙≺∋∋⋈⋈⋈⊞⊞⊞⊥⊤∈⊤⋈⋈⊥⋈⋈⋈⋈⊞⋈≻⊤∈⋈⋈⋈⋈⊤∈⋈⋈≺⋈≺⋈∋⋈⋈⊞⋈⊞⊞⊤⋈⊥⊤⊥⋈⊤∈⋈⋈≺∋⊞⊤∈⋈⊞⋈≺⋈⋈≻⋈⊤∈⊤∈⊞⋈⋈⋈∋⊞⋈⋈≺∋∋⋈⋈⋈⋈∈∈∈∈∈⊤∈⊤∈⋈⋈≻⋈⊤∈⊤⋈∈⋈∋∋⋈⊤∈⋈⋈⊤⊥⋈⋈⋈⋈⋈⋈≻⊤∈⋈≺∋∋⋈≺⋈⋈⋈⋈≺∋⊞⋈⋈⊞⋈⊤⊥⋈⊤⊥∈⋈⋈⋈⊙⊤∈⋈⊤⊥⊞⋈⊤∈∋∋⊞≺⋈⊞⋈⋈⊞⊤⋈⊥⋈⊤⋈⋈⋈∈∋⊤⋈⋈⋈⋈⊥⊤⊥⋈⊤∈∋⋈⊤∈∋⋈⋈⊤∈∋⋈⋈⋈≺∋⊙⋈⊤∈∋≺⊞⊞⋈⋈⋈∋∋⋈⋈⋈⋈⋈⋈≻⊤∈⋈⊤⋈∈⋈⊡⋈⋈⋈⊡⋈⋈⋈⋈⊡⋈⋈⋈⋈⋈⊞⋈⊞∈⋈≻⊤∈⊤∈⋈⋈⋈⊞⊥⊞⊤∈⊞⋈⋈⋈⊞⊞≺∋⋈⊞∈⊤∈⊞⊤∈⊞⊤⋈⋈⊥≺∋⊤⊥⊥∋∋⋈⋈≻⋈⋈⋈⊡⋈⋈⋈⋈⋈⋈⋈≻⊤∈⊤∈∋⋈⋈⋈⋈⋈⋈⋈⊞⋈⊡⋈≺∋⊤∈⋈⋈≻⋈⋈⋈⊡⋈⋈⋈⋈⋈⋈⋈≻⊤∈⊤∈∋⋈⋈⋈⋈⋈⋈⋈⋈⊞⋈⊡⋈≺∋⊤∈⋈⋈≻⋈⋈⋈⊡⋈⋈⋈⋈⋈⋈⋈≻⊤∈⊤∈∋⋈⋈⋈⋈⋈⋈⋈⋈⊞⋈⊡⋈≺∋⊤∈⋈⋈≻⋈⋈⋈⊡⋈⋈⋈⋈⋈⋈⋈≻⊤∈⊤∈∋⋈⋈⋈⋈⋈⋈⋈⋈⊞⋈⊡⋈≺∋⊤∈⋈⋈≻⋈⋈⋈⋈⊡⋈⋈⋈⋈⋈⋈≻⊤∈⊤∈∋⋈⋈⊞⋈⋈⋈⋈⊞⊞⋈≺∋⊤∈⋈≻⋈⋈⋈⊡⋈⋈⋈⋈⋈⋈⋈≻⊤∈⋈⋈⊤∈⋈⊤∈⋈⋈⋈⊤∈≺⊤∈⊤∈⋈⊤∈⋈⊤⋈∈∋∋⊞⊞∈⋈⋈⊞⊞⋈⊤⊥⊤∈⊞⋈⊞⊞⊤∈∋≺∋⊞⊞∈⊤∈∋⊞⊞⊤∈⋈⊤∈⋈⋈⊤∈≺⊤∈⊤∈⊤∈⊞⊤⋈∈∋∋⊞⊞∈⋈⋈⊞⊞⋈⊤⊥⊤∈⊞⋈⊞⊞⊤∈∋≺∋⊞⊞∈⊤∈∋⋈⋈⊞⋈⋈⋈⋈⋈⋈≻⊤∈⋈⋈⋈⋈≻⊤∈⋈⋈⋈⋈≻⊤∈⋈⋈⋈⋈≻⊤∈⋈⊤∈⊤⋈⋈⋈⊤⋈∈⊤∈⊤∈⊡⋈⊤⋈⋈∈∋⊞⊞∈⋈⋈⋈⊞⊞⋈⊤⊥⊤∈⊤∈⊞⋈⊞⊞⊤∈∋≺⊤∈⋈⋈⋈⊤∈≺∋∋⊞⊞∈⋈⋈⋈⊞⊞⋈⊤⊥⊤∈⊞⋈⊞⊞⊤∈∋∋⋈⋈⋈⋈⊡⋈⋈⋈⋈⋈⋈≻⊤∈⋈⋈⋈⋈≻⊤∈⋈⋈⋈⊞⋈⊞⋈≻⊤∈⋈⋈⋈⋈⋈≻⊤∈⋈⋈⋈⊤∈⋈⋈⋈⋈⋈⊙⋈⋈⋈⋈≻⊤∈⋈⋈⋈≻⋈⋈⋈⋈⊙⋈⊤∈≺∋⊤∈⋈≻⋈⋈∋⊞⋈⋈⋈⋈⋈⋈⋈⋈⋈⋈⋈⋈⋈⋈⋈⋈⋈⋈⋈⋈⋈⋈⋈⊞⋈⊤⋈⋈∈∋∋∋⋈⋈⊤∈⋈⊙∋⋈⊙⋈⊤∈≺⋈⋈⊞⊞⋈⊤⊥⊤∈⋈⊞⋈⊞⊞⋈⊤⋈∈∋≺⋈⋈⊞⊞⋈⊤⊥⊤∈⋈⊞⋈⊞⊞⋈⊤⋈∈∋≺∋∋∋∋∋∋∋∋∋∋∋∋∋∋∋∋∋∋∋∋∋∋∋∋∋∋∋∋∋∋∋∋⋈⋈⊤⊥⊡⋈≺∋∋⋈⊞⊤∈⋈⋈⋈⋈⋈⊤∈⋈⊙∋⊤∈⋈⊙∋⋈⊙⊞⋈≺⊞≺∋∋⊤∈⋈⊙∋⋈⊙⋈⊤∈⋈⋈∈⊤∈⋈⊙∋⊞⊞∈∋⋈⋈≺∋⋈⊞⋈⋈⊤∈⋈⋈⋈⋈⋈⊤∈⋈⊙∋⊤∈⋈⊙∋⋈⊙⋈≺∋∋∋⊤∈⋈⊙∋∋⋈∋⋈⊡⋈⊡⋈⋈⋈⋈⋈⊙⋈⋈⋈⋈⋈⊤∈⋈⋈⊤∈⋈⋈∈⊤∈⋈⊙∋⊞⊞∈∋∋⊤⋈∈⋈⊙∋∋⋈⋈⋈⋈⋈⊤∈⋈⋈⊤∈⋈⋈∈⊤∈⋈⊙∋⊤∈⋈⊙∋⊞⊞∈∋∋⊤⋈∈⋈⊙∋∋⋈⋈⋈⊡⊡⋈∋⋈⊤∈⋈⋈⋈⊞⊞⊞⋈∈⋈⋈⋈⊞⊞∈∈⊤∈⊞⊤∈∋≺⋈⊞⋈⊞⊞⊤∈∋⊞⊤∈∋≺⋈⊤∈⋈⊤∈⊞⋈⊞⋈⋈∈⊤∈⊤∈⊞⋈⊞⋈⋈⋈⋈⊡⋈∈⋈⋈⋈⋈⊡⋈⋈⋈⊡⋈⋈⋈⊡⋈⊞∈∋≺⊞⋈⊞⊞⊤∈∋∋⊤∈⋈⋈≻⊞⋈⋈⋈⋈⋈⋈≻⊤∈⋈⋈⊡⋈⋈⋈⋈⊞⋈⋈⊡⋈⋈≻⊤⋈⋈∈⋈⋈⋈⋈⋈⊡⋈≻⊤∈⋈⋈≻⊤∈⋈⋈⋈⋈≻⋈⊤∈⋈⋈⋈⋈⋈⋈⋈⋈⋈⋈⋈⋈⋈⋈⋈⋈⋈⋈⋈⋈⋈⋈⋈⋈⋈⋈⋈⋈⋈⋈⋈⋈⋈⋈⋈⋈⋈⋈⋈⋈⋈⋈⋈⋈⋈⋈⋈⋈⋈⋈⋈⋈⋈⋈⋈⋈⋈⋈⋈⋈⋈⋈⋈⋈⋈⋈⋈⋈⋈⋈⋈⋈⋈⋈⋈⋈⋈⋈⋈⋈⋈⋈⋈⋈⋈⋈⋈⋈⋈⋈⋈⋈⋈⋈⋈⋈⋈⋈⋈⋈⋈⋈⋈⋈⋈⋈⋈⋈⋈⋈⋈⋈⋈⋈⋈⋈⋈⋈⋈⋈⋈⋈⋈⋈⋈⋈⋈⋈⋈⋈⋈⋈⋈⋈∋∋⋈⊤∈⋈⋈⊤∈⋈⊞⋈⋈⋈⋈⋈⊞⋈⋈∈⋈⊞⊥⋈⊞⊥⊞∈⊤∈⋈⊞⋈⊞⋈⋈⊙⊤⋈⋈∈⊞⊤∈⊤∈⋈⋈⋈⋈⊙⋈⋈⊤∈⊤∈⋈⊤∈⋈⋈⊞⊥⊤⊥⊞∈⊞⊞∈⊤∈⊞⊤∈∋≺∋∋∋∋∋⊞⊞∈∋∋∋∋∋∋∋∈∈∈∈∈∈∈⋈⋈⋈⋈≻⋈⋈⋈⋈⋈⋈⋈⋈⋈⋈≻⋈⊤∈⋈⋈⋈⋈⋈⋈⋈⋈⋈⋈⋈⋈⋈⋈⋈⋈⋈⋈⋈⋈⋈⋈⋈⋈⋈⋈⋈⋈⋈⋈⋈⋈⋈⋈⋈⋈⋈⋈⋈⋈⋈⋈⋈⋈⋈⋈⋈⋈⋈⋈⋈⋈⋈⋈⋈⋈⋈⋈⋈⋈⋈⋈⋈⋈⋈⋈⋈⋈⋈⋈⋈⋈⋈⋈⋈⋈⋈⋈⋈⋈⋈⋈⋈⋈⋈⋈⋈⋈⋈⋈⋈⋈⋈⋈⋈⋈⋈⋈⋈⋈⋈⋈⋈⋈⋈⋈⋈⋈⋈⋈⋈⋈⋈⋈⋈⋈⋈⋈⋈⋈⋈⋈⋈⋈⋈⋈∋⋈∈∈⋈≻⋈⋈⊙⋈⊤⋈⋈⋈⋈⋈⋈⋈⋈⋈∈∋⋈⋈⋈⋈⋈⋈⋈⋈⋈⋈⋈⋈⋈⋈⋈⋈⋈⋈⋈⋈⋈⋈⋈⋈⋈⋈⋈⋈⋈⋈⋈⋈⋈⋈⋈⋈⋈⋈⋈⋈⋈⋈⋈⋈⋈⋈⋈⋈⋈⋈⋈⋈⋈⋈⋈⋈⋈⋈⋈⋈⋈⋈⋈⋈⋈⋈⋈⋈⋈⋈⋈⋈⋈⋈⋈⋈⋈⋈⋈⋈⋈⋈⋈⋈⋈⋈⋈⋈⋈⋈⋈⋈⋈⋈⋈⋈⋈⋈⋈⋈⋈⋈⋈⋈⋈⋈⋈⋈⋈⋈⋈⋈⋈⋈⋈⋈⋈⋈⋈⋈⋈⋈⋈⋈⋈⋈⋈⋈⋈⋈⊤∈⋈⋈≻⋈∋⊞⋈⋈⋈⊡⊤∈⋈≺∋⋈⋈⊞⋈≻∋⋈⊞⋈⊞⊤∈∋⊤∈∋⋈⋈⊤∈∋⋈⋈⋈≻⋈≺⋈⋈⋈⋈⊙⋈⋈⋈⋈⋈≻⊤∈⋈⋈≻⋈⋈⋈⋈⋈≺∋∋⋈⋈⊤∈⋈⋈⋈⋈⊤∈⊞⋈⊤⊥≺∋⋈⋈⋈⋈⋈⋈⋈⋈≻⋈⊞⊤∈⋈≺⋈≻⋈⋈⋈⋈⊞∈∈⋈⋈⋈⋈⋈⋈≻⋈⊤∈≺∋⋈⋈⊡⊤∈⋈⋈⋈⊞⋈⋈≻⋈⋈≺⊞∋⋈⊞⋈⋈⋈⊙⊞⋈⊥⋈⋈⋈⊞⊥⊞∈⊤⊥⊞≺∋⊤∈⋈⊤∈∋⋈⊤∈⊤∈⋈⋈⋈⋈⋈≻⋈⋈≺∋⋈⊞⊞≺∋⋈⋈∋⊞⊤∈⋈⋈⋈⋈⋈≻⋈⋈≺∋⋈⊞⋈⋈⊙⊞⋈⋈⋈⋈∈⊞⋈⊤⊥≺∋⊤∈⊞⋈⊤⊥≺∋⊤∈⋈⋈⋈⊙⊤∈∋⋈⋈⋈⋈⋈⋈⋈⋈⋈⋈⋈⋈⋈⋈⋈⋈⋈⋈⋈⋈⋈∈⋈⋈≻⊤∈⋈⋈≻⊤∈⋈⋈≻⊤∈⋈⋈⋈⋈⋈⋈⋈⋈⋈⋈⋈⋈⋈⋈⋈⋈⋈⋈≻⊤∈∋≺∋∋⋈⋈≻⊤∈∋∋⊡⋈⊤∈⋈⋈⋈⊞⋈⋈≻⋈⋈⋈≺⊞∋⋈⋈⋈⋈⋈⊙⊞⋈∈⋈⊞⊞⊤∈∋⋈⊤⋈∈⊤∈⋈⋈⋈⋈⋈⋈≻⋈⋈⋈⋈≺∋⋈⋈⊞⋈≺∋∋⊞⊤∈⋈⋈⋈⋈⋈⋈⋈≻⋈⋈⋈≺∋⋈⋈⋈⋈⋈⋈⋈⊞⊞∈⊞⊤⊥≺∋⊤∈⋈⊤∈∋⋈⊤∈⊤∈⋈⋈⋈⋈⋈⋈≻⋈⋈≺∋⋈⊞⊞≺∋⋈⋈∋⊞⊤∈⋈⋈⋈⋈⋈⋈≻⋈⋈≺∋⊞⋈⋈⊙⊞⋈⋈⋈⋈≻⊤∈⋈⊤∈≻⋈⊞⋈∋⊤∈⊡⊤∈⋈⋈⋈⋈⋈⊞⋈≻⋈⋈≺⊞∋⋈⋈⋈⋈⊞⋈⋈⋈⋈⋈⋈≻⋈⊤∈⋈⋈⋈⋈⋈⋈≻≺⋈⋈⊞∈⊞⊤⊥≺∋⊤∈⊤∈∋⋈⊤∈⊤∈⋈⋈⋈⋈⋈⋈≻⋈⋈≺∋⋈⊞⊞≺∋⋈⋈∋⊞⊤∈⋈⋈⋈⋈⋈⋈≻⋈⋈≺∋⊞⋈⋈⋈⊙⊞⊞⋈⋈∈⋈⊞⊤∈⊤⊥∋∋⊤∈⋈⊤∈∋⋈⊤∈⊤∈⋈⋈⋈⋈⋈⋈≻⋈⋈≺∋⋈⊞⊞≺∋⋈⋈∋⊞⊤∈⋈⋈⋈⋈⋈⋈≻⋈⋈≺∋⊞⋈⋈⊙⊞⋈⋈⋈⋈≻⊤∈∋⊤∈⋈⊙∋⊤∈∋⋈≺∋∋⋈⋈⋈⋈∋⊤∈⋈⊙∋⋈⊤∈∋⋈⋈⋈⋈⋈⋈⋈≻⋈⋈⊤∈∋⋈⋈⋈⋈⋈⋈⋈⋈⋈⋈⋈⋈⋈⋈⋈⋈⋈⋈⋈⋈⋈⋈⋈⋈⋈⋈⋈⋈⋈⋈⋈⋈⋈⋈⋈⋈⋈⋈⋈⋈⋈⋈⋈⋈⋈⋈⋈⋈⋈⋈⋈⋈⋈⋈⋈⋈⋈⋈⋈⋈⋈⋈⋈⋈⋈⋈⋈⋈⋈⋈⋈⋈⋈⋈⋈⋈⋈⋈⋈⋈⋈⋈⋈⋈⋈⋈⋈⋈⋈⋈⋈⋈⋈⋈⋈⋈⋈⋈⋈⋈⋈⋈⋈⋈⋈⋈⋈⋈⋈⋈⋈⋈⋈⋈⋈⋈⋈⋈⋈⋈⋈⋈⋈⋈⋈⋈⋈⋈⋈⋈⋈⋈⋈⋈⋈⋈⋈≺∋⊤∈∋⋈⊙≺∋⊞∋⋈⋈≻≺⋈⋈⊞⊤∈∋⋈⋈⋈⋈⊤∈⋈⊙∋⊤∈⋈⊙∋⋈∋⊙≺∋⊤∈⊞⊞⋈⋈⋈∈⋈⊞⋈⋈⋈⊡⋈⋈⋈⊡⋈⋈⋈⊡⊞⊤∈∋∋⋈⋈∋⊞⋈⋈⋈⋈⊤∈⊤∈⊞⋈∈⋈⊞⋈⋈⊞⊤⊥⊞⋈⊤∈∋⊞≺∋⋈⊞⊤∈⊞⊞⋈≺∋∋⊞⊤∈⋈⋈≻⋈⋈⋈∈⋈⊞⋈⊞⊞⊞∈⋈⊤∈⋈⋈⊞≺⊤∈⊤∈⋈⋈⊤∈⋈≻⊞⊞⋈⋈⊞∋⋈⋈⊤∈⋈⋈⋈⋈⋈⋈≻⋈⋈⋈⋈⋈⋈⋈⋈⋈⋈⋈⋈⋈⋈⋈⋈⋈⋈≻⊤∈⋈⋈⊞⋈⊤⊥⋈⋈⋈⋈⋈⋈⋈⋈⋈⋈⋈⋈⋈⋈⋈⋈⋈⋈⋈⋈⊞⋈⋈⋈⋈⋈⋈⋈⋈⋈⋈⋈⋈⋈⋈⋈⋈⋈⋈⋈⋈⋈⋈⋈⋈⋈⋈⋈⋈⋈⋈⋈⋈⋈⋈⋈⋈⋈⋈⋈⋈⋈⋈⋈⋈⋈∈⋈⋈⋈⋈⋈⋈⋈⋈⋈⊡⊤∈⊤∈⋈⋈⋈⊞⋈⊞⊞⋈⋈∈⊞⋈⋈⊞∈⊤∈⋈⋈⋈⋈⊞⊞⋈⊞⊞⊞⊞⊤∈⊞⋈⊞⊥⊤⊥⊞⊤∈⋈⋈⊤∈⊞⊤∈⋈⊞⊞⋈⊞∈⋈⊞∈⋈⊤∈⋈⋈⋈⊞≻≺⊤∈⋈⋈⋈⋈⋈⋈⋈⋈⋈⋈⋈⋈⋈⋈⋈⋈⋈⊞⊞⊞⋈⋈⊞⊞⊞⊞⊞⋈⋈⋈⋈⋈⋈⋈⋈⋈⋈⋈⋈⋈⋈⊤∈⊤∈∋⋈⋈⋈⋈⊞∈⋈⊤∈⋈⋈⊞∈⋈⊤∈⋈⋈⊞∈⋈⊤∈⋈⋈⊞∈⋈⋈⊤∈⋈⋈⋈⊞∈⋈⋈⊤∈⋈⋈⋈⊞∈⋈⋈⊤∈⋈⋈⋈⊞∈⋈⋈⋈⋈⊞⊥⋈⊤∈⊤∈⋈⋈⊤∈⋈⊞⊞⊞⋈⊞⋈⊞⋈⋈⊞⋈⋈⊞⋈⋈⊞⋈≺∋⋈⋈⋈⋈⋈⋈⊤∈⊡∈∋⋈⋈⋈⋈⋈⋈⋈⋈⋈⋈⋈⋈⋈⋈⋈⋈⋈⋈⋈⋈⋈⋈⋈⋈⋈⋈⋈⋈⋈⋈⋈⋈⋈⋈⋈⋈⋈⋈⋈⋈⋈⋈⋈⋈⋈⋈⋈⋈⊡⊡⋈⋈⊙⊤∈⋈⋈⋈≻≺⋈⋈⋈⋈⊡⋈≺⋈⋈⋈⋈⋈⋈⊞⊙⊞⊥⊤∈⊞⊤∈∋≺∋∋∋∋∋∋∋∋∋∋∋∋∋∋∋∋∋∋∋∋∋∋∋∋∋∋⊡⋈⊡⋈⊤∈⋈⋈⊞≺⋈⊤∈⋈⋈⊞⋈⊞⋈⋈⋈⋈≻⋈⋈≺∋⋈⋈⋈⊙⊞⋈∋⋈⊤∈⊞⋈≺⊞⊤∈⋈⊞⊤∈⊤⊥∋∋⋈⊤∈⊤∈∋⋈⊤∈⊤∈⋈⋈⋈⋈⋈⋈≻⋈⋈≺∋⋈⊞⊞≺∋⋈⋈∋⊞⊤∈⋈⋈⋈⋈⋈⋈≻⋈⋈⋈≺⋈∋⊞⋈⋈⋈⊙⊞⋈⋈⋈⋈≻⊤∈⋈⋈⋈⊤∈⋈≻∋⋈⋈⊞⋈⋈⊞⋈∈∋⋈≻≺⋈⊞⋈⋈⋈≻⋈⋈⋈⊤∈⋈⋈⋈⋈⋈⋈⋈≻⋈⋈⊤⋈⊥⋈⋈⋈⊥⋈⋈⋈⋈⋈⋈≻⋈⋈⊤⋈⊥⋈⋈⋈⊥⋈⋈⋈⋈⋈⋈≻⋈⋈⊤⋈⊥⋈⋈⋈⊥⋈⋈⋈⋈⋈⋈≻⋈⋈⊤⋈⊥⋈⋈⋈⊥⋈⋈⋈⋈⋈⋈≻⋈⋈⊤⋈⊥⋈⋈⋈⊥⋈⋈⋈⋈⋈⋈≻⋈⋈⊤⋈⊥⋈⋈⋈⊥⋈⋈⋈⋈⋈⋈≻⋈⋈⊤⋈⊥⋈⋈⋈⊥⋈⋈⋈⋈⋈⋈≻⋈⋈⊤⋈⊥⋈⋈⋈⊥⋈⋈⋈⋈⋈≻⋈⋈⊤⊥⋈⋈⊥⋈⋈⋈⋈⋈≻⋈⋈⋈⋈⋈⋈⋈≻⊤⋈⋈⋈⊥⊥⊤⊥⊥⋈⋈⋈⋈⋈⋈⊤∈⊡∈∋⋈⋈⋈⋈⋈⋈⋈⋈⋈⊡⋈⋈⋈⋈⋈⋈⋈⋈⋈⊡⋈⋈⋈⋈⋈⋈⋈⋈⋈⋈⋈⋈⋈⋈⋈⋈⋈⋈⋈⋈⋈⋈⋈⋈⋈⋈⋈⋈⊡⊡⋈⋈⋈⋈⊙⊤∈⋈⋈⋈≻≺⋈⋈⋈⋈⊡⊤⋈∈⋈⊙∋∋⊤∈⋈⊙∋⋈∋⊡∈∋⊤∈⋈⊙∋⋈⊡⋈⋈∈∋⋈≻≺∋∋⋈⋈⋈⋈⋈⋈⋈⋈⋈⊤∈⊤∈⋈⊞≺⋈⋈⋈⋈⊡⋈⋈≻⋈⋈⋈⋈⋈⋈⋈⋈⊤∈⋈⋈⋈⋈⋈⋈⋈⋈⋈⊤∈⋈⋈⋈⋈⋈⋈⋈⋈⋈⋈⋈⋈⋈⋈⋈⋈⋈⋈⋈≻⋈⋈⋈⋈⋈⋈⋈⋈⊤∈⋈⋈⋈⋈⋈⋈⋈⋈⋈⋈⋈⋈⋈⊡⋈⋈⋈⋈⋈⋈⋈⋈⋈⋈⊤∈⋈∋⋈⋈⋈⋈⋈⋈⋈⋈⋈⋈⋈⋈⋈⋈⋈⋈⋈⋈⋈⋈⋈⊡⋈⋈⋈⋈⋈⋈⋈⊙⊤∈∋⋈⋈⋈≻≺⋈⋈⋈⋈⊡⋈⋈⋈⋈≺⋈⊞⋈⋈∋⋈⋈≺∋⊡⋈∈⋈≻≺∋∋∋⊤∈⊤∈⋈⋈≻⋈⋈⋈⋈≻≺∋∋∋∋∋∋∋∋∋∋⊣⋈⋈⋈⋈⋈⋈≺⊤∈⊡∈⋈≻∋∋∋⋈∋⊤∈⋈⋈⋈≺⋈⊤∈⋈⋈⋈⊞⊞⋈⊞⋈≺∋∋⋈⋈⋈⋈⋈⋈≻⊡⋈⋈⋈⋈⊡⋈⋈⋈≻⋈⋈⋈⊡⊤∈∋≺∋⋈∋⋈⊞∈∋≺∋∋∋⊤⋈∈⋈⋈⋈⋈⋈⊤⋈⋈⊥⊤∈⊞≺⋈⋈⋈⋈⋈⋈⋈⋈⋈⋈⋈⋈⋈⋈⋈⋈⋈⋈⋈⋈⊞⋈⊤⋈⋈∈⋈⋈⋈⊞⊞⋈⊞⊞⋈⊤∈⋈⋈⊤∈⋈≺∋⊤∈⋈⋈⊙⋈∋⋈⋈⋈⋈⋈⊤∈⋈⋈⋈⋈⊤⊥⋈⋈⋈⊤⊥⊤∈⋈⊤∈⋈⋈⋈⊤⋈∈⋈⋈⋈⋈≻≺∋⊤∈⊤∈⊞⋈∋⋈⊤∈∋∋⊞⋈⊞⋈⋈≺∋⊡⋈⋈⋈⋈⋈⋈⋈⊤∈⋈⋈⋈⋈≺⋈⋈⋈⋈⋈≺⋈⊤⊥⊞⊞⊤⊥⊞∈⋈⊙∋⋈⋈⋈⋈⋈⋈⋈⋈⋈∋∋⋈≻⋈≺∋∋⋈⋈⋈⋈⋈⋈⋈⋈⋈⋈≻∈⋈⋈⊤⋈⋈⊥⋈⊤∈⊤⊥⊤⊥⊞∈⋈⊙∋⋈⊞⊞⋈⋈⋈⋈⋈⋈⋈⋈⋈⋈⊤∈⋈∋⊤⊥⊤⊥⊞∈⋈⋈⊞⊞⋈⊞⊞⋈⊤∈⋈⋈⊤∈⋈∋⊤∈⋈⊙∋⋈⋈⋈⋈⋈⋈⊤∈⋈⋈⋈⋈⋈⊤⊥⋈⋈⊤⊥⊤∈⋈⊤∈⋈⋈⋈⊤⋈∈⋈⋈⋈⋈≻≺∋⊤∈⊤∈⋈≺∋⊤∈∋⋈⊙≺∋∋⊤⋈∈∋≻⊤∈⋈⋈⋈⋈⋈≻⋈∋⋈⊤∈∋∋⊞⋈⊞⋈⋈≺∋⊡⋈⋈⋈⋈⋈⋈⋈⊤∈⋈⋈⋈⋈⋈≺∋∋⋈≻⋈⋈≺⋈⋈⋈⋈⋈⋈≺∋∋⋈⋈⋈⋈⋈⋈⋈⋈⋈⋈⋈≻≺∋≺∋∋∋∋∋∋∋⊞⋈⋈⋈⋈⋈⋈⊣
0x279dd833	⊢⋈⋈⋈⋈⋈⋈⊞⋈⊤∈⊤∈⋈⋈⊤⋈∈∋⊞⋈⋈⊤∈⋈⋈≺⋈⋈⊤∈⋈∈∈∈⋈⊞⊤⊥⊥⋈⊞⋈⋈⋈⊞⊙⊤∈⊤∈⊞⊞∈∋≺⊙⋈⊤∈⊤∈⊤∈∋≺⊤∈⊤∈⊤∈⊤∈⋈≺∋⋈∈∈∈⋈⊞⊤⊥⊥⋈⊞⋈⋈⊙⊤∈⊤∈⊞⊞∈≺∋⊙⋈⊤∈⊤∈⊤∈∋≺⊤∈∋⊤∈⊤∈∋∋∋⋈≺∋∋⋈⊤∈⊤∈⊤∈∋∋∋∋∋∋⋈⋈⋈≻∋∋⋈≺∈⋈⋈⋈≻∋≻⊤∈∋⋈⋈⋈∈⋈⋈⋈⊙⊤∈⊙⋈⊤∈⊞⊞≺⊤∈⋈⋈⊞∈⋈∋⊞⋈≺∋⊤∈∋∋∋⋈⋈∋⋈⋈⋈∋⋈⊞⋈⋈⋈⋈⋈⋈⊣≺∋∋⋈⋈⋈⋈⋈⋈≻⋈≺∋
0x27a50850	⊢⋈⋈⋈⋈⋈⋈⋈⊞⋈⋈⋈⋈⋈⊞⊤∈⋈⋈⋈≻⋈⋈⋈⋈⋈⋈⋈⋈⋈⋈⋈⋈⋈⋈⋈⋈⋈⋈⋈⋈⋈⊞⋈⊞⊞⊞⋈⋈⋈⊙⋈⋈⋈⋈⋈⋈⋈⋈⋈⋈⋈⋈⋈⋈⋈⋈⋈⋈⋈⊙⋈⊞⋈⋈⋈⋈⋈⊞⋈⋈⊙⋈⋈⋈⋈⋈⋈⋈⋈⋈⊞⋈⊙⋈⋈⊞⋈⊞⋈⊙⊤∈⊞⊡∈⋈⋈⊞⋈⊤∈∋∋⊡⊤⋈⋈⋈∈⊞⋈⋈⊞⊤∈∋⋈⋈⋈≻⋈⋈⋈⋈⊙⋈⊞⊞⊡∈⋈⋈⋈⋈⊞⊤∈∋∋⋈⊙⋈⋈⊞⋈⋈⋈⋈⋈⋈⊣
0x27a4b290	⊢⋈⋈⋈⋈⋈⋈⋈⊞⋈⋈⋈⋈⋈⊞⊤∈⋈⋈⋈≻⋈⋈⋈⋈⋈⋈⋈⋈⋈⋈⋈⋈⋈⋈⋈⋈⋈⋈⋈⊞⊞⋈⋈⊙⋈⋈⋈⋈⋈⋈⋈⊞⋈⋈⊙⋈⊞⋈⋈⋈⋈⋈⋈⊞⊞⋈⊙⋈⊞⋈⋈⋈⋈⋈⊞⊞⋈⊞⋈⊙⋈⋈⊞⋈⊞⋈⊙⊤∈⊞⊡∈⋈⋈⊞⋈⊤∈∋∋⊡⊤⋈⋈⋈∈⊞⋈⋈⊞⊤∈∋⋈⋈⋈≻⋈⋈⋈⋈⊙⋈⊞⊞⊞∈⋈⋈⋈⋈⊞⊤∈∋∋⋈⊙⋈⋈⊞⋈⋈⋈⋈⋈⋈⊣
0x27a1e397	⊢⋈⊞⋈⋈⊤∈⊡⊞⊞⋈⊤∈⋈⋈⊡≻⊡⋈⊞≺∋⋈⋈⊡⊤∈⋈⋈⊞⋈⋈⋈⋈⋈≺∋⋈≺∋⊞⋈⊣
0x27a19fa1	⊢⋈⋈⋈⋈⋈⋈⋈⊞⋈⋈⊤∈⊤∈⋈⊤∈⊞⊞≺⊞⊞⋈⋈⋈≺∈⋈⊤∈⋈≺⋈⊤∈⋈⊤∈⋈≺⊤∈⋈≺⋈≺∋∋∋⋈⊞⊞⋈⊞∈∋⊞∋⋈∋⊞⋈⊤∈⋈⋈⋈⋈≻⋈⋈⋈≺⊤∈⊞⊞≺⊞⊞⊡∈⊞⊤⊥⊞⊞⊤∈∋≺∋∋∋⋈⊤∈∋⋈⋈⋈⋈⋈⊞⋈⋈⋈⋈⋈⋈⊙⋈⋈⊞⋈⊞⊞⋈⋈⊞⋈⋈⊙
0x27a1b7d3	⊢⋈⋈⋈⋈⋈⊞⋈⊤∈⋈⊤∈⋈⋈⊞⋈⋈⋈⋈≺⋈⋈⋈⋈≻⊤∈⋈⊤∈⋈⋈⋈⊤⊥⋈⋈⊞≻⋈⋈⊤∈∋⋈⋈⋈⋈⊤∈∋∋⊞⋈⋈⋈⋈⋈⋈⋈⋈⋈⋈≻⋈⋈⋈⋈≺∋∋⊞⋈⋈⋈⋈⊣
0x27a1c858	⊢⋈⋈⋈⋈⊞⋈⊤∈⋈⊤∈⋈⋈⊞⋈⋈⋈≺⋈⋈⋈≻⊤∈⋈⊤∈⋈⋈⋈⊤⊥⋈⋈⊞≻⋈⋈⊤∈∋⋈⋈⋈⋈⊤∈∋∋⊞⋈⋈⋈⋈⋈⋈⋈⋈⋈≻⋈⋈⋈⋈≺∋∋⊞⋈⋈⋈⊣
0x27a1bf5a	⊢⋈⋈⋈⋈⋈⋈⋈⊤∈⋈⊞⋈⊞∈⋈⊤∈⊤∈⊞⋈∋⊞∋⊞∈⋈⊤∈⋈⋈≻⊤∈∋∋⋈⋈≻⊤∈∋⋈≺⋈⊤∈∋≺∋∋⋈⋈⋈⋈⋈⋈⊣
0x27a1bfe3	⊢⋈⋈⋈⋈⋈⋈⋈⊤∈⊞≺⋈⊞⋈⊞∈⋈⊤∈⊤∈⊞⋈∋⊞∋⊤∈⋈⊤∈⋈⋈≻⊤∈∋∋⋈⋈≻⊤∈∋⋈≺⊞⋈⊤∈∋≺∋∋⋈⋈⋈⋈⋈⋈⋈⊣
0x27a1c077	⊢⋈⋈⋈⋈⋈⋈⋈⊞⋈⊤∈⋈⋈⋈⊞∈⋈⊤∈⊤∈⊞⋈∋⊞∈⋈⊤∈⋈⋈≻⊤∈⊤∈∋∋⋈⋈⋈≻⊤∈⋈⋈⊤∈⋈⋈⊤⊥⋈⋈⊞≺⊤∈∋⋈⊤∈⋈⋈⋈≻⊤∈⋈⋈≻⊤∈⋈⋈⊤∈⋈⋈⊞⋈⋈⊤⊥∋≻⊤∈∋∋⋈⋈≺⋈⋈⋈⋈⋈⊤∈⋈≻⊤∈⋈⊤∈⋈⋈≻⊤∈∋∋⋈⋈≻⊤∈∋∋∋∋⋈≺≺∋∋⋈⊤∈∋≺∋∋∋⊞∋∋⋈⊞⋈⋈⋈⋈⋈⋈⊣
0x27a1c937	⊢⋈⋈⋈⋈⋈⋈⋈⊤∈⊞≺⋈⊞⋈⊞∈⋈⊤∈⊤∈⊞⋈∋⊞∋⊤∈⋈⊤∈⋈⋈≻⊤∈∋∋⋈≻⊤∈∋⋈≺⊞⋈⊤∈∋≺∋∋⋈⋈⋈⋈⋈⋈⋈⊣
0x27a1cd15	⊢⋈⋈⋈⋈⋈⋈⋈⊞⋈⊤∈⋈⋈⋈⋈⊞∈⋈⊤∈⊤∈⊞⋈≺∋⊤∈⋈⊤∈⋈⋈≻⊤∈∋∋⋈≻⊤∈∈⋈⊤∈⋈⊤∈⊤∈∋∋⋈⋈⊤∈⋈⊤∈⋈⋈⋈≺⊞⋈⊤∈⋈⊤∈⋈⋈⋈⊤∈⋈⋈≺∋≻⊤∈∋∋⊤∈⋈⋈⋈⊤∈⋈⋈⋈∋≻⊤∈∋∋∋⋈⊞⊤⋈⋈⋈∈∋≺⋈⋈≻⊤∈⋈⋈⊤∈⋈⋈⊞⋈⋈⊤⊥≻⊤∈∋⋈⋈∋∋∋⊞⋈⋈⋈⋈⋈⊤∈⋈≻⊤∈⋈⊤∈⋈⋈≻⊤∈∋∋⋈≻⋈⋈⊤∈∋∋∋∋∋∋⋈≺∋∋⋈⊞⋈⋈⋈⋈⋈⋈⊣≺∋
0x27a1ad16	⊢⋈⋈⋈⋈⋈⋈⋈⊞⋈⊤∈⋈⊞⋈⋈⊞∈⋈⋈⊤∈⊤∈⊞⋈∋⊞∈⋈⊤∈⋈⋈≻⊤∈⋈⊤∈⋈⋈∋∋⊤∈⋈⊤∈⊞⋈⋈⊞≻≺⊤∈∋∋⋈≻⊞⋈⋈⋈≻⊤∈⋈⋈⊤∈⋈⋈⊤⊥⋈⋈⊞≻⊤∈∋⋈⋈≺∋∋⊞≺⋈⋈≻≺∋∋⊤∈∋∋⋈⋈⊤∈∋≺∋∋⋈⊞⋈⋈⋈⋈⋈⋈⊣
0x27a1a719	⊢⋈⋈⋈⋈⊞⋈⋈⋈⊞≻⊤∈⋈⋈⋈⋈⋈≻⋈⋈⋈⋈⋈⋈⋈⊞⋈⋈⊤∈⋈⊤∈⋈⋈⋈⋈⊤∈⋈⊤∈⋈⋈≻⋈⊤∈∋⋈⋈⋈⋈⋈⋈⋈≻⊤∈⋈⊞⋈⊤∈⋈⊤∈⋈⋈⊞≻≺⋈⋈⊤∈⊤∈⊡≺⋈⋈⊞⊙⋈⊤∈⋈⋈≻⋈⊤∈∋⋈⋈≺⋈⊤∈∋∋∋∋∋⊞∋∋∋⋈⊞⋈⋈⋈⋈⋈⋈⊣⋈≺∋⊞⋈⋈⋈⋈⋈⋈≺⋈⊞⋈⋈⋈⊣
0x27a1ba90	⊢⋈⋈⋈⋈⋈⋈⋈⊞⊤∈⊞⋈⋈⋈⋈⋈⊙⋈∈⊤∈∈⊤∈⋈⋈⋈⊙⋈≺∋⊤∈⋈⋈⋈⋈⊞⋈⋈⋈⋈⋈⋈⊙⊤∈⊤∈⋈≺⊤∈⋈⊤∈⋈≺⊤∈⋈≺⊤∈⋈≺⊤∈∋⊤∈⋈≻⊤∈∋⋈≻⊤∈∋⋈⋈≻⋈⋈⋈⋈⋈⋈⋈⋈⋈⋈⊤∈≺⋈⋈⋈≺⋈≺∋∋∋∋∋⋈⋈⊞∋⋈⋈⋈⋈∋⋈⋈⋈∈⋈⊤∈⋈∋⋈⋈⊙⊤∈∋∋⋈⊞⋈⋈⋈⋈⋈⋈⊣⊞⊤∈∋∋⋈≺∋
0x27a1c6db	⊢⋈⋈⋈⋈⋈⋈⋈⊞⋈⊤∈⋈⊤∈⋈⋈⊞⋈⋈⋈⋈⋈⋈≺⋈⋈⋈⋈≻⊤∈⋈⊤∈⋈⊞⋈⋈⋈⋈⋈⋈≺⋈⋈⋈⋈⋈⋈⋈⊞⋈⋈⊤∈⋈⋈⊤∈⊤∈∋⊞⊞⋈⋈≺∋⊤∈⊤∈∋⊤∈⊞⋈⋈⊤∈⊤∈∋⋈⋈⋈≻⋈⊤∈⋈⋈⊤∈⋈⋈⊤⊥⋈⋈⊞≻⋈⊤∈∋⋈⋈≺⋈⊤∈⊤∈∋⋈⊤∈⋈⋈≻⋈⊤∈∋⋈⋈⊞⋈⋈⋈≺∋⊤∈∋⋈⊤∈⋈⋈≻⋈⊤∈∋⊤∈≺∋⋈⊤∈⋈⋈⋈≻⋈⊤∈∋⊞⋈⋈⋈⋈⋈⋈⋈⋈⋈⋈⋈≻⊤∈⋈≻⋈⋈⋈⋈⋈⋈⋈⊞⊤∈⋈⋈⋈⋈⋈⋈⊤⊥⋈⊤⊥⊞∈⋈⋈⋈⋈⋈⋈⋈∈⋈⊞⋈⋈⊤∈⋈⋈≻⋈≺⊞⊤∈∈⊤∈⋈⊞⊤∈∋⋈∋⊞≺∋∋⊤∈⋈⊞⊞⋈⋈⊞∈⊤∈⊤∈⋈⋈⊞⋈≻⋈⋈⋈⋈⋈⊞⋈⋈⋈⋈⋈⋈⋈⊙⋈⋈⋈⋈⋈⋈⋈⋈⋈≻⋈⋈⋈⊞⊞⊤∈⋈⊤∈⋈⋈⋈⋈⋈⋈⋈⋈≺∋⊙⊞≺∋⊞⊞⋈⋈⋈⋈⊣⋈⋈⋈⋈⊙⋈⊤∈⋈⊞⋈⊞⋈⋈≺∋∋⊤∈∋≺∋∋⋈⋈⋈⋈⊞⊞⊞⊥⊤⊥⊞≺∋∋⋈⊞⋈⋈⋈⋈⋈⋈⊣⊤∈⋈⋈≻⊤∈∋⋈⋈⋈⋈⊡⋈⋈∈∈⋈⋈∈⋈⋈≻⊤∈⋈⊤∈⋈⋈≻⊤∈∋∋∋∋⋈⊤∈⋈⋈≻⋈⊤∈∋⋈≻⋈⊤∈⋈⊤∈⋈⋈≻⊤∈∋⋈⊤∈⋈⊤∈⊤∈∋∋⋈⊤∈⋈⋈≻⊤∈∋⋈⊞⋈⋈⋈⋈⋈⋈≺⊞⋈≺∋∋⊞⋈⋈⊤∈∋⋈⋈⋈⋈≻⊤⋈∈⋈⊤∈∋⋈⋈⋈≻⋈⊤∈∋≺∋∋∋⋈≺∋∋∋∋∋∋∋∋∋⋈⊞⋈⋈⋈⋈⋈⋈⊣⋈⊤∈⋈⋈≻⋈⊤∈⊞⋈∈⊤∈⋈⊤∈⋈⋈≻⊤∈∋∋⋈≻⊡≺⊤∈⋈⊤∈⋈⋈≻⊤∈∋∋⊡⋈⋈≻⊞⊤∈∋≺⋈⋈⊤∈⋈⋈⊤⊥⋈⋈⊞≻⋈⊤∈∋⋈⋈≺∋⊞∋∋∋∋∋⋈∋⊞⋈⋈⋈⋈⋈⋈⊣
0x27a1c9c6	⊢⋈⋈⋈⋈⋈⋈⋈⊞⋈⊤∈⋈⊤∈⋈⋈⊞⋈⋈⋈⋈⋈⋈≺⋈⋈⋈⋈≻⊤∈⋈⊤∈⋈≻⋈≺⋈⊤∈⋈⋈≻⋈⊤∈⊞⋈∈⊤∈⋈⊤∈⋈⋈≻⊤∈∋∋⋈≻⋈⊡⊤∈⋈⊤∈⋈⋈≻⊤∈∋∋⊡⋈⋈≻⊞⊤∈∋≺⋈⋈⊤∈⋈⋈⊤⊥⋈⋈⊞≻⋈⊤∈∋⋈⋈≺∋⊞≺∋∋∋∋∋∋∋⋈⊞⋈⋈⋈⋈⋈⋈⊣
0x27a471f0	⊢⋈⋈⋈⋈⋈⋈⋈⋈⋈⋈⋈≻⊤∈⋈⋈≻⋈⋈≻⋈≻⋈⋈⊙⋈≻⋈⋈⋈⋈⊙⋈⊙⊤∈⋈⋈≻≺⋈⋈⋈⋈⋈⊙⊤∈⋈⋈≻∋⊣⋈⋈⋈⋈⊞⋈⋈⋈⋈⋈⊣
0x279e37d4	⊢⋈⋈⋈⋈⋈⋈⊞⋈⋈⊞∈⋈⋈⋈⋈⋈⊞⋈⊞⊞⊤⊥⋈⊞⊤∈⊤∈⊞⋈⋈⋈⊞⋈⊞⊤⊞⊡⋈∈⊞⊡⊞⊡⊞⊞∈∋⊤⋈⋈⊥⊤⊥⊞⋈⋈⊙⋈⋈⋈⋈⋈⋈⊞⊞⊞∈⋈⋈⊤∈⋈≺⋈⊞⋈⋈⋈⊞⋈⋈⋈⋈∈⋈⊞⋈⋈≻⋈⊞⊡⊞⋈⊤∈⋈⋈∈⊞⊞⊡⊞⊞⊤∈∋≺∋⊞⊞⊞⊤∈⊡⊞⊞≺∋⋈⊞⋈⊞⊞⊞⊤∈⊞⋈⊞⋈⋈⋈⋈⋈⋈⊞⋈⊞⋈⋈⋈⋈⊤∈⊞⋈⋈⋈⋈⋈⊞⋈⋈⋈⋈⊙≺∋⋈⊞∋⊤⋈⊞⊞⋈⊤∈∋≺⋈⋈⋈⋈⊞⊞⊞⊤⊥≺∋⋈⊞⋈≺⊞⋈⊞⋈⋈∈⋈⋈⋈⋈⊞∈∋⋈⋈⋈⋈⋈≺∋⊞⊤⊥⊤∈⋈⊞∈∋⋈⋈⋈≻⋈⋈⋈⋈⋈⊞⊤∈⋈⋈≺⊤∈⋈⊞⋈⋈≺∋∋⋈⊤∈⋈⋈⋈≺⊤∈⋈⊞⊞⋈⋈⋈≺∋∋⊤⊥⊤∈⊞∈⋈⊡⊞⊤∈∋∋⊤∈⋈∋⋈⊤∈⋈⊤∈⋈⋈∋⋈⊤∈⊞≺⊤∈⋈⊞⋈∈⊤∈⊞⋈⊞⊤⋈∈∋⊤∈∋⋈⋈≺∋∋∋⋈⊞⊤∈⊤∈⋈⋈⋈≻⋈⋈⋈⊤∈⊞⋈⋈⋈⋈⋈≺⋈⋈⋈⋈⋈⊤∈⋈⋈⊤∈⋈⋈⋈≻⊤⊥⊞⋈⋈⋈⋈≻⊤∈∋⋈⋈≻⋈⋈⋈⋈⋈⋈⊞⋈⋈⋈⊞⊞⊤∈⊞∈⋈⋈≻∋⋈⋈⋈⋈⋈⋈≻⊤∈∋⊞⋈⋈⋈⊤∈⋈⋈⋈⋈⊞⋈≻⋈⋈≺⊞∋⋈∈⊤⋈⊥⋈⊞⊞∈⋈⊞⊞⊞∈∋⋈⊞⋈⊤∈∋⋈⋈⋈⋈⊤∈⋈⋈⊤∈⊞≺⊤∈⋈⊞⋈∈⊤∈⊞⋈⊞⊤⋈∈∋⊤∈∋⋈⋈≺∋∋∋⋈⊞⊤∈⊤∈⋈⋈⋈≻⋈⋈⋈≺⊤∈⊞⋈⋈≻⋈⋈≻⋈⋈⋈≺⋈⋈⊤⊥⊤⊥⋈≺∋∋∋∋⋈⋈⋈⋈⋈⋈⊞⋈⋈⋈⋈⋈⋈⊣⋈⋈∋⋈⋈⋈⊣⋈⋈≻⋈⋈⋈≺⊤∈⋈∋⊤∈⊤∈⋈≺∋∋∋∋∋⋈⋈⋈⊣⊞⋈⋈⊞⊞⊞⊞⊞⊞⊞⊞⋈⊞⊞⋈⊞⊞⊤⋈⊥≺∋⋈⋈⋈≻⋈⋈⊤∈⋈⋈⋈⋈⋈⋈⋈⊙⋈⋈⋈⋈⋈⋈⋈⋈⋈⊤∈⊞⋈⋈⋈⋈⊡⊞⊞⋈⋈⋈⋈⊞⋈∈⊤∈∈⊡⊞⊞⊞⊤∈∋⊞∋⊞⊞⋈⊞⋈⋈⋈⊞⋈⋈≻⋈⋈⊞⋈⊡⊞⊤∈⋈∈⊞⊞⊡⊞⊞⊤∈∋≺∋⊞⊞⊞⊤∈⊡⊞⊞≺∋⋈⊞⋈⊞⊞⋈⊞⋈⋈⋈⋈⊞⋈⋈⋈⊞⋈⋈⋈⊙⋈⋈⊤∈∋≺⋈⋈⋈≺∋⊞⋈⋈⊞∈⋈⋈⋈⋈⊞⊤∈∋⋈⋈≻⋈∋∋⊞⋈⋈⋈⋈⋈⋈⊣
0x279df0e5	⊢⋈⋈⋈⋈⋈⋈⊞⋈⋈⊞∈⋈⋈⋈⋈⋈⊞⋈⊞⊞⊤⊥⋈⊞⊤⋈∈⊤∈⊞⋈⋈⋈⊞⋈⊞⊤⊞⊡⋈∈⊞⊡⊞⊡⊞⊞∈∋⊤⋈⋈⊥⊤⊥⊞⋈⊙⋈⋈⋈⋈⋈⊞⊞⊞⋈⋈∈⋈⋈⊤∈⋈≺⋈⋈⊞⊞⊞⋈⊞⋈⋈⊞∈⋈⋈⋈⋈≻⋈⋈⊞⊡⊞⋈⊤∈⋈⋈∈⊞⊞⊡⊞⊞⊤∈∋≺∋⊞⊞⊞⊤∈⊡⊞⊞≺∋⋈⊞⋈⊞⊞⊞⊤∈⊞⋈⊞⋈⋈⋈⋈⋈⊞⋈⊞⋈⋈⋈⋈⊤∈⊞⊞⊞⋈⋈⋈⊞⋈⋈⋈⊡⊡⊡⊡≺∋⋈⊞∋⊤⋈⊞⊞⋈⊤∈∋≺⋈⋈⋈⊞⊞⊞⊤⊥≺∋⋈⊞⋈≺⊞⊞⋈⋈∈⋈⋈⋈⋈⊞∈∋⋈⋈⋈⋈≺∋⊞⊤⊥⊤∈⋈⊞∈∋⋈⋈⋈≻⋈⋈⋈⋈⋈⋈⊞⋈⋈⋈⋈⋈⋈⋈⋈⋈⋈⋈⋈≻⋈⊤∈⋈⋈≻⋈⋈⋈⋈⋈⋈⊞⋈⋈⋈⋈⋈⋈⋈⋈⋈≻⊤∈⊤∈⊤∈∋∋⋈⋈⋈≻⊤∈⊤∈⊤∈∋∋⊤∈⋈⋈⊞≻≺∋⋈⋈⋈⋈⋈⋈⋈⋈⋈⋈⋈⋈⋈⋈⋈≻⋈⋈⊤∈⋈⋈⊞⊞⊤∈⋈⊞⊙⋈≺∋∋∋∋⋈⊞⋈⋈⋈⋈⋈⋈⊣⋈⋈⊞⊤∈⋈⋈⊞∈⋈⋈⊤⋈∈⊞⋈⊞⊞⋈⋈≺⋈⋈⊤⊥⋈⊤⊥⊞⋈∈⋈⊡⊞⋈⊞⋈∋⊞⊤∈≺⋈≺∋∋⋈⊞⋈⋈⋈⋈⋈⋈⋈⊤⊥⋈⊥⊥⊞⋈⊞⊞∈∈⊤∈⋈⊞⊤⊥⊞⊤∈⊞⋈⊞⋈⊞⊥≺∋⋈⊤∈⊤∈⋈⋈⋈⊤⋈∈∋⋈⊞⊤∈⋈⊞⊥≺≺∋⊞∋⊞∋⊤∈⊤∈⋈⋈⋈⋈⊤⋈∈∋⋈⊞⋈⊤∈⋈⊞⊥≺∋∋⊞∋⊞⊤∈∋⊤∈∋∋⊤∈⋈⋈≺⊤∈⊤⋈⋈∈⋈⋈⊞≻≺∋⋈⋈⋈⋈⋈⋈⋈⋈⋈⋈⊞⋈⋈⋈⋈⋈⊞⋈⋈⋈⋈≻⊞⋈⋈⋈⊤∈⋈⋈⊞⊞⊤∈⋈⊞⊙≺⋈⋈≺⋈∋⋈∋∋∋∋∋⋈⋈⊞⋈⋈⋈⋈⋈⋈⊣⊞⋈⋈⊞⊞⊞⊞⊞⊞⊞⊞⋈⊞⊞⋈⊞⊞⊤⋈⊥≺∋⋈⋈⋈≻⋈⋈⊤∈⋈⋈⋈⋈⋈⋈⋈⋈⊙⋈⋈⋈⋈⋈⋈⋈⋈⋈⋈⊤∈⊞⋈⊡⊞⊞⋈⋈⋈⋈⋈⊞⋈⋈∈⊤∈∈⊡⊞⊞⊞⊤∈∋⊞∋⊞⊞⋈⊞⋈⊞⋈⋈⋈⋈≻⋈⋈⊞⊡⊞⊤∈⋈∈⊞⊞⊡⊞⊞⊤∈∋≺∋⊞⊞⊞⊤∈⊡⊞⊞≺∋⋈⊞⊞⊞⋈⊞⋈⋈⊞⊞⊞⊞⋈⊡⊡⊡⊡⋈⊤∈∋≺⋈⋈≺∋⋈⊞⋈⋈⊞∈⋈⋈⋈⋈⊞⊤∈∋⋈⋈≻⋈∋∋⊞⋈⋈⋈⋈⋈⋈⊣
0x279e5c55	⊢⋈⋈⋈⋈⋈⋈⊞⋈⋈⊞∈⋈⋈⋈⋈⋈⊞⋈⊞⊞⊤⊥⋈⊞⊤⋈∈⊤∈⊞⋈⋈⊞⋈⊞⊤⊞⊡⋈∈⊞⊡⊞⊡⊞⊞∈∋⊤⋈⋈⊥⊤⊥⊞⋈⋈⊙⋈⋈⋈⋈⋈⋈⊞⊞⊞∈⋈⋈⊤∈⋈≺⋈⊞⋈⋈⋈⋈⊞⋈⋈⋈∈⋈⋈⋈⋈≻⋈⊞⊡⊞⋈⊤∈⋈⋈∈⊞⊞⊡⊞⊞⊤∈∋≺∋⊞⊞⊞⊤∈⊡⊞⊞≺∋⋈⊞⋈⊞⊞⊞⊤∈⊞⋈⊞⋈⋈⋈⋈⋈⊞⋈⊞⋈⋈⋈⋈⊤∈⊞⋈⋈⋈⋈⋈⊞⋈⋈⋈⋈⋈⋈⊡⊡⊡⊡≺∋⋈⊞∋⊤⋈⊞⊞⋈⊤∈∋≺⋈⋈⋈⊞⊞⊞⊤⊥≺∋⋈⊞⋈≺⊞⋈⊞⋈⋈∈⋈⋈⋈⋈⊞∈∋⋈⋈⋈≺∋⊞⊤⊥⊤∈⋈⊞∈∋⋈⋈⋈≻⋈⋈⋈⋈⋈⋈⊞⋈⋈⊞∈⋈⋈⋈⋈⋈⊞⋈⊞⊞⊤⊥⋈⊞⊤∈⊤∈⊞⋈⋈⋈⊞⋈⊞⊤⊞⊡⋈∈⊞⊡⊞⊡⊞⊞∈∋⊤⋈⋈⊥⊤⊥⊞⋈⋈⊙⋈⋈⋈⋈⋈⋈⊞⊞⊞∈⋈⋈⊤∈⋈≺⋈⊞⊞⊞⋈⊞⋈⋈⊞⋈∈⋈⊞⋈⋈≻⋈⊞⊡⊞⋈⊤∈⋈⋈∈⊞⊞⊡⊞⊞⊤∈∋≺∋⊞⊞⊞⊤∈⊡⊞⊞≺∋⋈⊞⋈⊞⊞⊞⊤∈⊞⋈⊞⋈⋈⋈⋈⋈⋈⊞⋈⊞⋈⋈⋈⋈⊤∈⊞⊞⊞⋈⋈⋈⊞⋈⋈⋈⋈⋈⊙≺∋⋈⊞∋⊤⋈⊞⊞⋈⊤∈∋≺⋈⋈⋈⋈⊞⊞⊞⊤⊥≺∋⋈⊞⋈≺⊞⊞⋈⋈∈⋈⋈⋈⋈⊞∈∋⋈⋈⋈⋈⋈≺∋⊞⊤⊥⊤∈⋈⊞∈∋⋈⋈⋈≻⋈⋈⋈⋈⋈⋈⋈⋈⊤∈⋈⋈⊤∈⋈⊡⊞⊞⋈∈⊤∈∈⊡⊞⊞⊞⊤∈∋⊞∋⋈⊞⊞⊞⋈⋈⊞≻⋈⊞∈∋∋⋈⋈⊞⊞⊤∈∋⊞⋈⋈⋈⋈⋈⋈⊣⋈⊞⊞⋈⋈⋈⋈⋈⋈⊙⊞⋈⋈⊞⊞⊞⊞⊞⊞⊞⊞⋈⊞⊞⋈⊞⊞⊤⋈⊥≺∋⋈⋈⋈≻⋈⋈⊤∈⋈⋈⋈⋈⋈⋈⋈⊙⋈⋈⋈⋈⋈⋈⋈⋈⋈⋈⊤∈⊞⋈⋈⊡⋈⊞⊞⋈⋈⋈⋈⋈⋈⊞⋈⋈⋈∈⊤∈∈⊡⊞⊞⊞⊤∈∋⊞∋⊞⊞⋈⊞⊞⊞⋈⋈≻⋈⋈⊞⋈⊡⊞⊤∈⋈∈⊞⊞⊡⊞⊞⊤∈∋≺∋⊞⊞⊞⊤∈⊡⊞⊞≺∋⋈⊞⊞⊞⋈⊞⋈⋈⊞⊞⊞⊞⊞⊞⋈⊙⋈⊤∈∋≺⋈⋈≺∋⋈⊞⋈⋈⊞∈⋈⋈⋈⋈⊞⊤∈∋⋈⋈≻⋈∋∋⊞⋈⋈⋈⋈⋈⋈⊣⊞⋈⋈⊞⊞⊞⊞⊞⊞⊞⊞⋈⊞⊞⋈⊞⊞⊤⋈⊥≺∋⋈⋈⋈≻⋈⋈⊤∈⋈⋈⋈⋈⋈⋈⋈⋈⊙⋈⋈⋈⋈⋈⋈⋈⋈⋈⋈⊤∈⊞⋈⊡⊞⊞⋈⋈⋈⋈⊞⋈⋈⋈∈⊤∈∈⊡⊞⊞⊞⊤∈∋⊞∋⊞⊞⋈⊞⋈⋈⋈⋈⋈≻⋈⋈⊞⊡⊞⊤∈⋈∈⊞⊞⊡⊞⊞⊤∈∋≺∋⊞⊞⊞⊤∈⊡⊞⊞≺∋⋈⊞⊞⊞⋈⊞⋈⋈⊞⋈⊞⊞⋈⋈⋈⋈⊡⊡⊡⊡⋈⊤∈∋≺⋈⋈≺∋⋈⊞⋈⋈⊞∈⋈⋈⋈⋈⊞⊤∈∋⋈⋈≻⋈∋∋⊞⋈⋈⋈⋈⋈⋈⊣
0x279e046c	⊢⋈⋈⋈⋈⋈⋈⊞⋈⋈⋈⊞∈⋈⋈⋈⋈⊞⋈⊞⊞⊤⊥⋈⊞⊤∈⊤∈⊞⋈⋈⋈⊞⋈⊞⊤⊞⊡⋈∈⊞⊡⊞⊡⊞⊞∈∋⊤⋈⋈⊥⊤⊥⊞⋈⊙⋈⋈⋈⋈⋈⊞⊞⊞⋈∈⋈⋈⊤∈⋈≺⋈⊞⋈⋈⋈⋈⊞⋈⋈⋈∈⋈⋈⋈⋈≻⋈⊞⊡⊞⋈⊤∈⋈⋈∈⊞⊞⊡⊞⊞⊤∈∋≺∋⊞⊞⊞⊤∈⊡⊞⊞≺∋⋈⊞⋈⊞⊞⊞⊤∈⊞⋈⊞⋈⋈⋈⋈⋈⊞⋈⊞⋈⋈⋈⋈⊤∈⊞⋈⋈⋈⋈⋈⊞⋈⋈⋈⋈⋈⋈⊡⊡≺∋⋈⊞∋⊤⋈⊞⊞⋈⊤∈∋≺⋈⋈⋈⋈⊞⊞⊞⊤⊥≺∋⋈⊞⋈≺⊞⋈⊞⋈⋈∈⋈⋈⋈⋈⊞∈∋⋈⋈⋈≺∋⊞⊤⊥⊤⋈∈⋈⊞∈∋⋈⋈⋈≻⋈⋈⋈⋈⋈⋈⊞⋈⋈⊤∈⋈⋈≻⋈⋈⋈⋈⊞⊤∈⋈⋈⊤∈⋈⋈⋈⋈⋈⋈⊤∈⋈⋈⋈≻⋈⊞⋈⋈⊞⊞⊞⊞⊞⊞∈⊞⊡⊞⊞⊞⊤∈∈⊞⊞⊞⊞⋈⊤⋈∈⋈⊤∈⊤∈⋈⋈≺∋∋⋈⊞⋈∈∋∋⊞⊞⊤∈∋⋈⋈⋈≻⋈⊤∈∋⋈⋈⋈≻⋈⋈⋈⋈⋈⋈⊞⋈⋈⋈⊞∈⋈⋈⋈⋈⊞⋈⊞⊞⊤⊥⋈⊞⊤∈⊤∈⊞⋈⋈⋈⊞⋈⊞⊤⊞⊡⋈∈⊞⊡⊞⊡⊞⊞∈∋⊤⋈⋈⊥⊤⊥⊞⋈⊙⋈⋈⋈⋈⋈⊞⊞⊞∈⋈⋈⊤∈⋈≺⋈⊞⋈⋈⋈⋈⊞⋈⋈⋈⋈∈⋈⊞⋈⋈≻⋈⊞⊡⊞⋈⊤∈⋈⋈∈⊞⊞⊡⊞⊞⊤∈∋≺∋⊞⊞⊞⊤∈⊡⊞⊞≺∋⋈⊞⋈⊞⊞⊞⊤∈⊞⋈⊞⋈⋈⋈⋈⋈⊞⋈⊞⋈⋈⋈⋈⊤∈⊞⋈⋈⋈⋈⋈⊞⋈⋈⋈⋈⋈⋈⊡⊡⊡⊡≺∋⊞∋⊤⋈⊞⊞⋈⊤∈∋≺⋈⋈⋈⋈⊞⊞⊞⊤⊥≺∋⋈⊞⋈≺⊞⋈⊞⋈⋈∈⋈⋈⋈⋈⊞∈∋⋈⋈⋈⋈≺∋⊞⊤⊥⊤⋈∈⋈⊞∈∋⋈⋈⋈≻⋈⋈⋈⋈⋈⋈⊞⋈⋈⋈⋈⊤∈⋈⋈⋈≻⋈⊞⋈⋈⊞⊞⊞⊞⋈⊞⊞∈⊞⊡⊞⊞⊞⊤∈∈⊞⊞⊞⋈⊞⋈⊞⊤∈⊞⊞⋈≺⋈⊞⋈∈∋∋⊞⊞⊤∈∋⋈⋈⋈⋈⋈≻⋈⋈⋈≻⋈⊤∈⋈⊤∈⋈∈⋈⋈⋈⋈⋈⋈⋈⋈≻⋈⋈⋈⋈⋈≻⊤∈⋈⋈⋈⋈⋈⋈⋈⋈⋈⊤∈⋈⋈⋈⋈⋈⋈⋈≺∋≻⋈∋∋∋∋⋈≻⋈⋈⋈≻∋⋈⊞⋈⋈⋈⋈⋈⋈⊣⊞⊞⊞≺∋⊞⋈⋈⊞⊞⊞⊞⊞⊞⊞⊞⋈⊞⊞⋈⊞⊞⊤⋈⊥≺∋⋈⋈⋈≻⋈⋈⊤∈⋈⊞⋈⋈⋈⋈⋈⋈⊙⋈⋈⋈⋈⋈⋈⋈⋈⋈⋈⊤⋈∈⊞⋈⊡⊞⊞⋈⋈⋈⋈⋈⋈⊞⋈⋈∈⊤∈∈⊡⊞⊞⊞⊤∈∋⊞∋⊞⊞⋈⊞⋈⋈⋈⋈⋈≻⋈⋈⊞⊡⊞⊤∈⋈∈⊞⊞⊡⊞⊞⊤∈∋≺∋⊞⊞⊞⊤∈⊡⊞⊞≺∋⋈⊞⊞⊞⋈⊞⋈⋈⊞⋈⊞⊞⋈⋈⋈⋈⊡⊡⊡⊡⋈⊤∈∋≺⋈≺∋⋈⊞⋈⋈⊞⋈∈⋈⋈⋈⋈⊞⊤∈∋⋈⋈≻⋈∋∋⊞⋈⋈⋈⋈⋈⋈⊣⋈⋈⋈⋈⊤⊥⊤⊥⋈⋈⋈≻⋈⋈⋈⊤∈⋈⋈⊤∈⋈⋈∋∋⋈⊤⋈⋈⋈⋈∈⊞⋈⋈⋈⋈⋈⋈⋈⋈⋈⋈⋈⋈≻⊞⋈⋈⋈⊞⋈⋈⋈⋈⋈⋈⋈⋈⋈≺⋈⊞⋈⊤∈⋈⋈⊤∈⋈⋈≺∋⋈⊞⊤∈∋⊞⋈⊞⊥≺∋⋈⋈⋈⊞⊞⊞⋈⋈⋈⋈⋈⋈⋈⋈⋈≻⊞⋈⋈⊞⋈⋈⋈⋈⋈⋈⋈⋈⋈⋈⋈∋≻⊞⋈⊤⋈∈⋈⋈⋈⋈⋈⋈⋈≻⋈∋⋈⊤∈⋈⋈⋈⋈⋈⋈⋈≻⋈∋⋈⋈⋈≻⋈⊤∈⋈⋈≻≺∋⋈⊞⋈⋈⊞⊞⊞⊞⊞⊞⊞∈⊞⊡⊞⊞⊞⊤∈∈⊞⊞⊞⊞⋈⊤∈⋈⋈⊤∈⋈⊤∈⋈⋈≺∋∋⋈⊞⋈∈∋∋⊤∈⊞⊤∈⊞⊞⊞⊞∋⊞⊞⊤∈⋈⊤∈⊡⊞⊞⋈≺∋⊞⋈⊡⋈⊞⋈⋈⊡⊞⋈⋈⋈⋈⋈⋈⋈⋈≺∋⊞⊞⊞⋈≺∋⊞⊞⊞≺∋⊤⋈⊥⋈⊥⋈≺⋈≺∋∋∋∋⋈⋈⊞⋈⋈⋈⋈⋈⋈⊣⊞⋈⋈⊞⊞⊞⊞⊞⊞⊞⊞⋈⊞⊞⋈⊞⊞⊤⋈⊥≺∋⋈⋈⋈≻⋈⋈⊤∈⋈⊞⋈⋈⋈⋈⋈⋈⊙⋈⋈⋈⋈⋈⋈⋈⋈⋈⋈⊤⋈∈⊞⋈⊡⋈⊞⊞⋈⋈⋈⋈⊞⋈⋈⋈∈⊤∈∈⊡⊞⊞⊞⊤∈∋⊞∋⊞⊞⋈⊞⋈⋈⋈⋈⋈≻⋈⋈⊞⊡⊞⊤∈⋈∈⊞⊞⊡⊞⊞⊤∈∋≺∋⊞⊞⊞⊤∈⊡⊞⊞≺∋⋈⊞⊞⊞⋈⊞⋈⋈⊞⋈⊞⊞⋈⋈⋈⋈⊡⊡⋈⊤∈∋≺⋈≺∋⋈⊞⋈⋈⊞⋈∈⋈⋈⋈⋈⊞⊤∈∋⋈⋈≻⋈∋∋⊞⋈⋈⋈⋈⋈⋈⊣
0x279dcfe1	⊢⋈⋈⋈⋈⋈⋈⊞⋈⋈⊞∈⋈⋈⋈⋈⋈⊞⋈⊞⊞⊤⊥⋈⊞⊤⋈∈⊤∈⊞⋈⋈⊞⋈⊞⊤⊞⊡⋈∈⊞⊡⊞⊡⊞⊞∈∋⊤⋈⋈⊥⊤⊥⊞⋈⋈⊙⋈⋈⋈⋈⋈⋈⊞⊞⊞⋈∈⋈⋈⊤∈⋈≺⋈⋈⊞⊞⊞⋈⊞⋈⋈⊞∈⋈⊞⋈⋈≻⋈⋈⊞⊡⊞⋈⊤∈⋈⋈∈⊞⊞⊡⊞⊞⊤∈∋≺∋⊞⊞⊞⊤∈⊡⊞⊞≺∋⋈⊞⋈⊞⊞⊞⊤∈⊞⋈⊞⋈⋈⋈⋈⋈⊞⋈⊞⋈⋈⋈⋈⊤∈⊞⊞⊞⋈⋈⋈⊞⋈⋈⋈⊡⊡⊡⊡≺∋⋈⊞∋⊤⋈⊞⊞⋈⊤∈∋≺⋈⋈⋈⊞⊞⊞⊤⊥≺∋⋈⊞⋈≺⊞⊞⋈⋈∈⋈⋈⋈⋈⊞∈∋⋈⋈⋈⋈≺∋⊞⊤⊥⊤∈⋈⊞∈∋⋈⋈⋈≻⋈⋈⋈⋈⋈⋈⋈⊞∈⋈⊤∈⊞⊞⋈⊞⊥⋈⊤⊥⊞∈∋∋⋈⋈⋈≻∋⋈⊤∈⋈⋈≻⊤∈⋈⋈≻∋⋈∋⊞⋈⋈⊞⋈⊞⊞⊤⊥⋈⋈⋈⋈⊞⋈⋈⋈⋈⊣⊞⋈⋈⊞⊞⊞⊞⊞⊞⊞⊞⋈⊞⊞⋈⊞⊞⊤⋈⊥≺∋⋈⋈⋈≻⋈⋈⊤∈⋈⋈⋈⋈⋈⋈⋈⋈⊙⋈⋈⋈⋈⋈⋈⋈⋈⋈⊤∈⊞⋈⊡⊞⊞⋈⋈⋈⋈⋈⋈⋈⋈⊞⋈⋈∈⊤∈∈⊡⊞⊞⊞⊤∈∋⊞∋⊞⊞⋈⊞⋈⊞⋈⋈≻⋈⋈⊞⊡⊞⊤∈⋈∈⊞⊞⊡⊞⊞⊤∈∋≺∋⊞⊞⊞⊤∈⊡⊞⊞≺∋⋈⊞⊞⊞⋈⊞⋈⋈⊞⊞⊞⊞⋈⊡⊡⊡⊡⋈⊤∈∋≺⋈⋈≺∋⋈⊞⋈⋈⊞∈⋈⋈⋈⋈⊞⊤∈∋⋈⋈≻⋈∋∋⊞⋈⋈⋈⋈⋈⋈⊣
0x279e2a1b	⊢⋈⋈⋈⋈⋈⋈⊞⋈⋈⊞∈⋈⋈⋈⋈⋈⊞⋈⊞⊞⊤⊥⋈⊞⊤⋈∈⊤∈⊞⋈⋈⊞⋈⊞⊤⊞⊡⋈∈⊞⊡⊞⊡⊞⊞∈∋⊤⋈⋈⊥⊤⊥⊞⋈⋈⊙⋈⋈⋈⋈⋈⋈⊞⊞⊞⋈∈⋈⋈⊤∈⋈≺⋈⋈⊞⊞⊞⋈⊞⋈⋈⊞∈⋈⊞⋈⋈≻⋈⋈⊞⊡⊞⋈⊤∈⋈⋈∈⊞⊞⊡⊞⊞⊤∈∋≺∋⊞⊞⊞⊤∈⊡⊞⊞≺∋⋈⊞⋈⊞⊞⊞⊤∈⊞⋈⊞⋈⋈⋈⋈⋈⊞⋈⊞⋈⋈⋈⋈⊤∈⊞⊞⊞⋈⋈⋈⊞⋈⋈⋈⊡⊡⊡⊡≺∋⋈⊞∋⊤⋈⊞⊞⋈⊤∈∋≺⋈⋈⋈⊞⊞⊞⊤⊥≺∋⋈⊞⋈≺⊞⊞⋈⋈∈⋈⋈⋈⋈⊞∈∋⋈⋈⋈⋈≺∋⊞⊤⊥⊤∈⋈⊞∈∋⋈⋈⋈≻⋈⋈⋈⋈⋈⊞⋈⋈⊞⋈⊞⋈⊞⋈⊞⋈⋈⋈⋈⋈⋈⋈⊞⋈⋈⋈⋈⋈⊞⊤⊥⋈⋈⋈⋈≻⊤∈⋈⋈⋈⋈⋈≻⊤∈⊤∈⋈⋈≺⊤∈⋈⊞⋈⋈≺∋∋⋈⋈⋈⋈⋈≻⊞⋈⋈⋈≻∋⋈⋈⋈⋈⋈≻⊤∈⊤∈⋈⋈≺⊤∈⋈⊞⊞⋈⋈≺∋∋⋈⋈⋈⋈⋈≻⊞⋈⋈⋈⋈⋈⋈⋈⋈⋈⋈≻⋈⋈⋈⋈⋈⋈≻⋈⋈⋈⋈⋈≺∋≻∋⋈⊞⊞⋈⋈⊞⋈⊞⋈⊞⊞⊞⊞⊞⊞⊞⊞⊞⊞⊞⊞⊞⊞⊞⊞⊞⊞⊞⊞⊞⊞⊞⊞⊞⊞⊞⊞⊞⊞⊞⊞⊞⊞⊞⊞⊞⊞⊞⊞⊞⊞⊞⊞⊞⊞⊞⊞⊞⊞⊞⊞⋈⊞⊞⊞⊞⊞⋈⋈⋈⋈⋈⊣⊞⋈⋈⊞⊞⊞⊞⊞⊞⊞⊞⋈⊞⊞⋈⊞⊞⊤⋈⊥≺∋⋈⋈⋈≻⋈⋈⊤∈⋈⋈⋈⋈⋈⋈⋈⋈⊙⋈⋈⋈⋈⋈⋈⋈⋈⋈⊤∈⊞⋈⊡⊞⊞⋈⋈⋈⋈⋈⋈⋈⋈⊞⋈⋈∈⊤∈∈⊡⊞⊞⊞⊤∈∋⊞∋⊞⊞⋈⊞⋈⊞⋈⋈≻⋈⋈⊞⊡⊞⊤∈⋈∈⊞⊞⊡⊞⊞⊤∈∋≺∋⊞⊞⊞⊤∈⊡⊞⊞≺∋⋈⊞⊞⊞⋈⊞⋈⋈⊞⊞⊞⊞⋈⊡⊡⊡⊡⋈⊤∈∋≺⋈⋈≺∋⋈⊞⋈⋈⊞∈⋈⋈⋈⋈⊞⊤∈∋⋈⋈≻⋈∋∋⊞⋈⋈⋈⋈⋈⋈⊣
0x279e1c0f	⊢⋈⋈⋈⋈⋈⋈⊞⋈⋈⊞∈⋈⋈⋈⋈⋈⊞⋈⊞⊞⊤⊥⋈⊞⊤⋈∈⊤∈⊞⋈⋈⊞⋈⊞⊤⊞⊡⋈∈⊞⊡⊞⊡⊞⊞∈∋⊤⋈⋈⊥⊤⊥⊞⋈⋈⊙⋈⋈⋈⋈⋈⋈⊞⊞⊞⋈∈⋈⋈⊤∈⋈≺⋈⋈⊞⊞⊞⋈⊞⋈⋈⊞∈⋈⋈⋈≻⋈⋈⊞⊡⊞⋈⊤∈⋈⋈∈⊞⊞⊡⊞⊞⊤∈∋≺∋⊞⊞⊞⊤∈⊡⊞⊞≺∋⋈⊞⋈⊞⊞⊞⊤∈⊞⋈⊞⋈⋈⋈⋈⋈⊞⋈⊞⋈⋈⋈⋈⊤∈⊞⊞⊞⋈⋈⋈⊞⋈⋈⋈⊡⊡≺∋⋈⊞∋⊤⋈⊞⊞⋈⊤∈∋≺⋈⋈⋈⊞⊞⊞⊤⊥≺∋⋈⊞⋈≺⊞⊞⋈⋈∈⋈⋈⋈⋈⊞∈∋⋈⋈⋈⋈≺∋⊞⊤⊥⊤∈⋈⊞∈∋⋈⋈⋈≻⋈⋈⋈⋈⋈⋈⊞⋈⊤∈⋈⋈⋈⊤∈⋈⋈⋈⋈⋈⊤⋈∈⋈⋈⋈⋈≻⋈⊞⋈⋈⊞⊞⊞⊞⊞⊞⋈∈⊞⊡⊞⊞⊞⊤∈∈⊞⊞⊞⊞⋈⊞⊤∈⊤∈⊤∈⋈≺∋∋⋈⊞⋈∈∋∋⊞⊞⊤∈∋⊤∈⋈⋈⋈≻⋈⊤∈∋⋈⋈≻⋈⊞⋈⋈⋈⋈⋈⊞⋈⋈⊤∈⋈⊤⊥⋈⊤∈⋈⋈⊤∈⊞⋈⋈≺∋⋈⊞⊤∈⋈⋈⊞∈≺∋⊤∈⊞⊤∈⊞⋈⊤⊥⋈⊤∈⋈⋈⊤∈⊞⋈⋈≺∋⋈⊞⊤∈⋈⋈⊞∈∋∋⊤∈∋∋∋⋈⊤⊥⋈⊤∈⋈⋈⊤∈⊞⋈⋈≺∋⋈⊞⊤∈⋈⋈⊞∈∋⊤∈∋∋⋈⋈≻⋈⋈⋈⊞⋈⋈⊞⋈⊞⋈⊞⋈⊞⋈⋈⋈⋈⋈⋈⋈⊞⋈⋈⋈⋈⋈⋈⋈⋈≻⋈⋈⋈⋈⋈⋈≻⋈⋈⋈⋈⋈≻⋈⊞⊞⋈⋈⊞⋈⊞⋈⊞⊞⊞⊞⊞⊞⊞⊞⊞⊞⊞⊞⊞⊞⊞⊞⊞⊞⊞⊞⊞⊞⊞⊞⊞⊞⊞⊞⊞⊞⊞⊞⊞⊞⊞⊞⊞⊞⊞⊞⊞⊞⊞⊞⊞⊞⊞⊞⊞⊞⊞⊞⋈⊞⊞⊞⊞⊞⋈⋈⋈⊣⊞⊤∈⊞⋈⊤⊥⋈⊤∈⋈⋈⊤∈⊞⋈⋈≺∋⋈⊞⊤∈⋈⋈⊞∈∋∋∋∋∋⋈⋈⋈⋈≻⋈⋈⋈⋈⋈⋈≻⋈⋈⋈⊤⋈∈⋈⋈⊤∈⋈⊤⊥⊞⊤⊥⊥⋈≺∋⋈⊤⊥⋈∋⋈⋈⋈≻⊤∈⋈⋈⋈⊤∈⋈⋈≺∋∋⋈⋈⋈≻⋈⊤∈⋈⋈⋈⋈⊤⋈∈⋈⋈≺∋∋⋈⊤∈⋈⋈⋈⋈⋈⋈≻⋈⋈⋈⋈⋈⋈⋈⊞⊤∈⋈⋈⋈⋈⋈⋈≻⋈⋈⋈⋈⋈⋈≺∋⋈⋈≻⋈≺∋⊤∈⋈⋈⋈⋈⋈⋈⋈⋈≻⋈∋⋈⋈⋈≻⋈∋⊞⋈⋈⋈⋈⋈⋈⋈≻⋈⋈⋈⋈≻≺⊞⊞⊞≺∋⋈≺∋∋∋∋∋∋⋈⊞⋈⋈⋈⋈⋈⋈⊣⊞⋈⋈⊞⊞⊞⊞⊞⊞⊞⊞⋈⊞⊞⋈⊞⊞⊤⋈⊥≺∋⋈⋈⋈⋈≻⋈⋈⊤∈⋈⋈⋈⋈⋈⋈⋈⋈⋈⊙⋈⋈⋈⋈⋈⋈⋈⋈⋈⋈⊤∈⊞⋈⊡⊞⊞⋈⋈⋈⋈⋈⋈⋈⊞⋈∈⊤∈∈⊡⊞⊞⊞⊤∈∋⊞∋⊞⊞⋈⊞⋈⊞⋈⋈⋈≻⋈⋈⊞⊡⊞⊤∈⋈∈⊞⊞⊡⊞⊞⊤∈∋≺∋⊞⊞⊞⊤∈⊡⊞⊞≺∋⋈⊞⊞⊞⋈⊞⋈⋈⊞⊞⊞⊞⋈⊡⊡⋈⊤∈∋≺⋈⋈≺∋⋈⊞⋈⋈⊞∈⋈⋈⋈⋈⊞⊤∈∋⋈⋈≻⋈∋∋⊞⋈⋈⋈⋈⋈⋈⊣
0x27a50e20	⊢⋈⋈⋈⋈⋈⋈⋈⊞⋈⋈⋈⊙⊤∈⋈⋈≻⋈⋈⋈⋈⋈⋈⋈⊞⊞⋈⋈⋈⋈⋈⋈⋈⊤∈∋⋈⋈⋈⋈⋈⊞≻⋈⋈⊞⊞⋈⋈⋈⋈⋈⋈⋈⋈⋈⋈⋈⊞⊞⋈⋈⋈⋈⋈⊙⋈⊞⋈⋈⊞⋈⊙⋈⋈⋈⋈⋈⋈⋈⋈⋈⋈⋈⋈⋈⋈⋈⋈⋈⋈⋈⋈⊞⋈⋈⋈⋈⋈⋈⊣
0x27a4c610	⊢⋈⋈⋈⋈⋈⋈⋈⊞⋈⋈⋈⊙⊤∈⋈⋈≻⋈⋈⋈⋈⋈⋈⋈⊞⊞⋈⋈⋈⊞⋈⋈⋈⋈⊤∈∋⋈⋈⋈⋈⊞⋈≻⋈⋈⋈⋈⋈⊞⋈⊞⋈⋈⋈⊙⊞⊞⊞⋈⋈⋈⊙⋈⋈⋈⋈⋈⋈⋈⋈⋈⋈⋈⋈⋈⋈⋈⋈⊞⋈⋈⋈⋈⋈⋈⊣
0x27a07dcf	⊢⋈⋈⋈⋈⋈⋈⋈⊞⋈⋈≻⋈⋈⋈⋈⋈⋈⋈⊞⊞⋈⋈⊞⋈⊞⋈⋈⋈⋈⋈⊡⊤∈⋈⋈⋈⋈⋈⊞⋈≻⋈⋈⋈⋈⋈⊞⋈⊞⋈⋈⋈⋈⊙⊞⊞⊞⋈⊙⋈⋈⋈⋈⊡⋈⋈⋈⋈⋈⋈⋈⋈⋈⋈⋈⋈⋈⋈⊞⋈⋈⋈⋈⋈⋈⊣
0x27a1ef7c	⊢⋈⋈⋈⋈⋈⋈⋈⊙⊤∈⋈⋈≻⋈⋈⋈⋈⋈⋈⋈⋈⋈⊣
0x27a51000	⊢⋈⋈⋈⋈⋈⋈⋈⊞⋈⋈⋈⋈⋈⊙⊤∈⋈⋈≻⋈⋈⋈⋈⋈⊞⋈⊞⋈⋈⋈⋈⋈⋈⋈⊤⋈∈∋⋈⋈⋈⋈⋈⊞≻≺⋈⋈⋈⊞⊞⋈⋈⋈⋈⋈⋈⋈⋈⋈⋈⊞⊞⋈⋈⋈⋈⋈⊙⋈⋈⋈⊞⋈⊙⋈⋈⋈⋈⋈⋈⋈⋈⋈⋈⋈⋈⋈⋈⋈⊤∈⋈⋈⋈⊞≻≺⋈⊞⊤∈⋈⋈⋈≻⋈⊞⋈⊞⊞⊙⋈⋈⊞⊡∈⋈⊤⊞⋈⋈⋈⊤∈⊤∈∋∋⋈⋈⋈⋈⋈⋈⋈⋈⋈⋈⋈⊞⋈⋈⋈⋈⋈⋈⊣
0x27a4c7b0	⊢⋈⋈⋈⋈⋈⋈⋈⊞⋈⋈⋈⋈⋈⊙⊤∈⋈⋈≻⋈⋈⋈⋈⋈⋈⋈⊞⋈⊞⋈⋈⋈⊞⋈⋈⋈⋈⋈⊤∈∋⋈⋈⊞⋈≻≺⋈⋈⋈⋈⋈⋈⊞⋈⊙⊞⊞⊞⋈⋈⋈⊙⋈⋈⋈⋈⋈⊤∈⋈⋈⋈⊞≻≺⋈⊞⊤∈⋈⋈⋈≻⋈⊞⋈⊞⊞⊙⋈⋈⊞⊡∈⋈⊤⊞⋈⋈⋈⊤∈⊤∈∋∋⋈⋈⋈⋈⋈⋈⋈⋈⋈⋈⋈⋈⋈⊞⋈⋈⋈⋈⋈⋈⊣
0x27a080fc	⊢⋈⋈⋈⋈⋈⋈⋈⊞⋈⋈⋈⋈⋈≻⋈⋈⋈⋈⋈⋈⊞⊞⋈⋈⊞⋈⊞⋈⋈⋈⋈⋈⋈⋈⋈⊡⊤∈⋈⋈⊞⋈≻≺⋈⋈⋈⋈⋈⋈⊞⋈⊙⊞⊞⊞⋈⊙⋈⋈⋈⋈⊡⋈⋈⊤∈⋈⋈⊞⋈≻≺⋈⊞⊤∈⋈⋈⋈≻⋈⊞⋈⊞⊞⋈⊙⋈⋈⊞∈⋈⊤⊞⋈⋈⋈⊤∈⊤∈∋∋⋈⋈⋈⋈⋈⋈⋈⋈⋈⋈⋈⊡⋈⋈⋈⋈⊞⋈⋈⋈⋈⋈⋈⊣
0x27a4fb90	⊢⋈⋈⋈⋈⋈⋈⋈⊞⋈⋈⋈⋈⋈⋈⋈⋈⋈⋈⋈⋈⋈⋈⊞⋈⊞⊞⊞⋈⋈⋈⊙⋈⊞⋈⋈⋈⋈⋈⊞⋈⊙⋈⊞⋈⋈⋈⋈⋈⋈⊤∈⋈⊤∈∋⋈≺⋈⋈⊤⋈∈⋈⊤∈⋈⋈⋈⋈⋈⋈⋈⋈⋈⋈⋈⋈⊞⊞⊤∈⋈⋈≻⊤∈⋈≻⋈⋈≺⋈⊞⋈⋈⋈⋈⋈⋈⋈⋈⋈⋈⊞⊤∈⋈⋈⋈≻⊡≺⊤∈∋⋈⋈⋈⋈≻⋈⋈⋈⊞⊞⋈≺∋∋∋⋈⋈⊤∈⋈⋈⊤∈⋈⊞≺∈⋈⋈⊤∈⊤∈⋈⋈≺⋈⋈⊤⋈∈⋈⊤∈∋⋈⋈⋈≻≺⋈⋈⋈⋈⋈⋈⋈⋈⋈⋈⊞⊤∈⋈⊞⋈≻≺⋈⋈⊞⋈⋈⋈⋈⊞⋈⋈⋈⋈⋈⋈⋈⋈⋈⊞⊤∈⋈⊞⋈≻≺⋈⋈⋈⊞⋈⋈⋈≺∋⋈⋈⋈⋈⋈⋈⋈⋈⋈⋈⋈⊞⋈⊞⊞⊞⋈⋈⋈⊙⋈⋈⋈⋈⋈⋈⋈⋈⋈⋈⋈⋈⋈⋈⋈⋈⋈⋈⊙⋈⊞⋈⋈⋈⋈⋈⊞⋈⊙⋈⋈⋈⋈⋈⋈⋈⋈⋈⊞⋈⊙⋈⋈⋈⊞⋈⊞⋈⊙⊤∈⊡∈⋈⋈⋈⊞⊤∈∋∋⊡⋈⊤⋈⋈∈⋈⊞⊞⊤∈⋈⋈⋈≺∋≻⋈⋈⋈⊞⊙⋈⊞⊡∈⋈⋈⋈⊞⊤∈∋≺∋⋈⊙⋈⋈⋈⊤∈∋∋∋∋∋∋⋈⋈≺∋⋈∋⋈⋈⋈⋈⋈⋈⋈⋈⋈⋈⋈⋈⊞⋈⋈⋈⋈⋈⋈⊣
0x27a4a950	⊢⋈⋈⋈⋈⋈⋈⋈⊞⋈⋈⋈⋈⋈⋈⋈⋈⋈⋈⋈⊞⋈⊞⊞⋈⋈⊙⋈⋈⊞⋈⋈⋈⋈⋈⋈⋈⋈⊞⊞⋈⊙⋈⊞⋈⋈⋈⊤∈⋈⊤∈⋈⋈≺⋈⋈⊤∈⋈⋈⊤∈⋈⋈⋈⋈⋈⋈⋈⋈⋈⋈⋈⋈⊞⊞⊤∈⋈⋈≻⊤∈⋈≻⋈⋈≺⋈⊞⋈⋈⋈⋈⋈⋈⋈⋈⋈⋈⊞⊤∈⋈⋈⋈⋈≻⊡≺⊤∈∋⋈⋈⋈≺⋈≻⋈⋈⋈⊞⊞⋈≺∋∋∋∋⋈⋈⊤∈⋈⊤∈⋈⊞≺∈⋈⋈⊤∈⊤∈⋈⋈≺⋈⋈⊤⋈∈⋈⊤∈∋⋈⋈⋈≻⋈⋈⋈⋈⋈⋈⋈⋈⋈⋈⊞⊤∈⋈⊞⋈≻≺⋈⋈⊞⋈⋈⋈⋈⊞⋈⋈⋈⋈⋈⋈⋈⋈⋈⊞⊤∈⋈⊞⋈≻≺⋈⋈⋈⊞⋈⋈⋈≺∋⋈⋈⋈⋈⊞⋈⋈⋈⊞⋈⊞⊞⋈⋈⊙⋈⋈⋈⋈⋈⋈⊞⋈⋈⊙⋈⊞⋈⋈⋈⋈⋈⋈⊞⊞⋈⊙⋈⊞⋈⋈⋈⋈⋈⊞⊞⋈⊞⋈⊙⋈⋈⋈⊞⋈⊞⋈⊙⊤∈⊞∈⋈⋈⋈⊞⊤∈∋∋⊡⋈⊤⋈⋈∈⋈⊞⊞⊤∈⋈⋈⋈∋≻≺∋⊣⋈⋈⋈⊞⊙⋈⊞⊡∈⋈⋈⋈⊞⊤∈∋≺∋⋈⊙⋈⋈⋈⊤∈∋∋∋∋∋∋⋈∋⋈∋⋈⋈⋈⋈⋈⋈⋈⋈⋈⋈⋈⋈⋈⊞⋈⋈⋈⋈⋈⋈⊣
0x27a40000	⊢⋈⋈⋈⋈⋈⋈⋈⊞⋈⋈⊤∈⋈⋈⋈⋈⋈⋈≺⋈⊞⋈⋈⋈⋈⊤∈⋈⋈⋈⋈⋈⋈⋈≻⊤∈⋈⋈≻⋈⊤∈⋈⊙∋⋈≻⋈⋈⋈⊞⋈⋈⋈∈⊤∈⋈⋈⋈⊞⊞⋈⋈⊞∈⋈⋈⋈⊤∈⊤∈⋈⋈⋈⋈⋈≺∋⋈⋈⊞⊞⊞⊤∈⋈⋈⊤⊥⊤⋈⊥⊤∈⋈⊞≺⋈⋈⋈⋈⋈⋈⋈⋈⊞⊤∈⊤∈⋈⋈⋈⋈⋈⋈⋈⊞⊞⋈⊞⊤∈⊤∈∋⋈⊞⋈≺⊞⋈⋈⋈⋈⋈⊤∈⋈⋈∋∋⋈⋈⋈⋈⋈⋈≺⋈⊞⋈⊞⋈⋈⊤∈≺∋⋈⊤∈∋⋈≻⋈∋∋⊞⋈⋈⊡⋈⋈⋈⋈⋈⋈⋈⋈⊤⋈∈∋≺⊤⋈∈∋⋈≺⋈⋈⋈⋈≺⊞⋈⋈⊤∈∋≺⊞⋈⋈∋⋈⋈∋⋈⋈⋈⋈⋈∋∋⋈⋈⊤∈⋈⊙∋∋∋⊞⋈⋈⋈⋈⋈⋈⊣
0x27a21243	⊢⋈⊤∈⊞⋈⋈≻⊞⊣⋈⋈⋈⋈⊣
0x27a20e0c	⊢⋈⋈⋈⋈⋈⋈⊞⋈⋈⋈⊞∈⋈⋈⋈⋈⊤∈⋈⋈⋈⋈⋈≻⋈≺⋈⋈⋈⋈⋈⊞⋈⋈⋈⋈⋈⋈⊞⋈⊞⊞⊞∈⋈⋈⋈⋈≻≺⋈⋈∋∋⊤∈⋈⋈⊞⊤∈⋈⋈⊤∈⋈⋈⋈⋈⋈≻⊤∈⋈⊤⋈∈⋈⋈⋈≻⊤∈⋈⊤∈⋈∋⋈⋈⋈⊞∈⋈≺∋⋈⋈≻⊤⋈∈⋈⋈⋈≺⋈⋈⋈⋈⊞⋈⋈⋈⋈⋈⋈⊞⋈⊞⊞⊞∈⋈⋈∋⋈⋈≻≺⋈⋈∋⊤∈⋈⋈⋈⊤∈∋⋈⋈≺∋⋈≻≺⊞⋈⊞⊞⋈⊞⊞⋈⊞⋈⊞⋈⋈⊞⊤∈⋈⋈⋈⋈≻⋈≺∋⋈⋈⊞⊞⋈⊞⊞⊞⋈⊞⊞⊞⋈⊞⊞⋈⊞≺∋⋈≺⋈⊤∈⋈⋈⊞⊤∈∋⋈⋈⋈⋈≻⋈≺∋⋈⊞⊤∈⋈⊞⊞⊞⊞⊞⋈⋈⋈⊞⊞⋈≺∋⋈⊞⊞⋈⊞∋⋈⋈⊤∈⋈≻≺∋⋈⋈⊞⋈≺∋⊞∋⋈≺∋∋∋⊞⋈⋈⋈⋈⋈⋈⊣
0x27a20db1	⊢⋈⋈⋈⋈⋈⋈⋈⋈≻⋈⋈≻⋈⋈⊞⋈⋈⊣
0x27a21272	⊢⋈⋈⋈⋈⋈⋈⋈⋈≻⋈⋈≻⋈⋈⊞⋈⋈⊣
0x27a2120c	⊢⋈⋈⋈⋈⋈⋈⋈⋈≻⋈⋈≻⋈⋈⊞⋈⋈⊣
0x27a20de9	⊢⋈⋈⋈⋈⋈⋈≻⋈⋈⋈≺
0x27a352f0	⊢⋈⋈⋈⋈⋈⋈⋈⊞⋈⋈⋈⋈⋈⋈⊤∈⋈⋈⊞⊞≺⋈⋈≻⋈⋈⋈⋈⊞∈⋈⊤∈⋈⋈⋈≻⋈⊤∈∋⋈⋈⋈⊙⋈⋈⋈⋈≻⋈⊤∈∋⋈≺∋∋⋈⋈⋈⋈⋈⋈⊤∈⊤∈⊤∈⋈⋈⋈⋈⋈⋈⊞⊙⊞⊤∈∋∋⋈⋈⋈⊞⊙⋈⋈⋈⋈⋈⋈⊞⊙⋈⋈⋈⋈≺⊞⋈⋈⋈⋈⋈⋈⊣
0x27a3b700	⊢⋈⋈⋈⋈⋈⋈⋈⊞⋈⋈⋈⋈⊞⊤⊥⋈⊞⋈⊞⋈⊞⊥⊤⊥⊤∈⋈⋈≺⋈⋈⊞⋈⋈⋈⋈⋈⊞⊞⊞⊞⊞⊞⊞⊞∈⋈⊤∈⊤∈⋈∋⋈⋈⊞⊞⊞⊤∈⊞⊞⋈⋈⊤∈⋈≺⋈⊤∈⋈⊤∈⋈∈⋈⋈⊞⋈∈⊤∈⋈⊤⊥⊞⊞⊞⊤∈∋⋈⊤∈∋⊞∈∋⋈⋈≺⋈≺∋≺⊞⊞⊞⊞≺∋⋈⋈⋈⋈⊤∈⋈∋⋈≻⋈⊤∈⋈⊞⋈⋈⋈⋈⊞⋈⋈⋈⊞≺∈⋈⋈⋈⋈⋈⋈⋈⋈≻⊤∈⋈⋈⋈⋈≺⋈⊤∈⊤∈⋈⋈≻⋈⋈⋈⋈⋈≻⊤∈⋈⋈⋈≺⊤∈⊤∈∋⋈⋈≻⋈⋈⋈⋈⊤∈⊤∈∋⋈⋈≻⋈⋈⋈⋈⋈≻⊤∈∋∋∋∋∋⊞⊤∈∋⊤∈⋈⊤∈⋈⊞⋈⋈⋈⋈⋈⋈⋈≻⊞≺∋⊞⋈⋈≺⋈⋈⋈⋈⋈≺≺⋈⋈⋈⋈≺⊞⊞⊞∈∋⋈≺∋∋⋈⋈⋈⋈⋈∋∋⋈∋∋∋∋∋⊞⋈⋈⋈⋈⋈⋈⊣
0x27a3b3d0	⊢⋈⋈⋈⋈⋈⋈⋈⊤∈⋈⋈⊤∈⋈⋈⋈⋈⋈⋈≻≺⊤∈⋈⊤∈⋈⊤∈⋈⊤∈⊞⊡∈⋈⊞⋈⊞⊤⊥⊞⋈⊤∈∋⊞≺∋⊞⊤∈⊞∈⊞⊞⊞⊤∈⋈⊤∈⋈⊤∈⊞⊡∈⋈⊞⋈⊞⊤⊥⊞⋈⊤∈∋⊞≺∋⊞⊤∈⊞∈⊞⊞⊞≺∋⊤∈⊞∈⋈⋈⊞⊤⊥⊞⋈⊞⋈⊞∈⊤∈⋈⋈⋈⋈≻≺⊤∈⋈⊤∈∋∋⊞⋈≺⋈⊤∈⋈⊤∈⊞⊡∈⋈⊞⋈⊞⊤⊥⊞⋈⊤∈∋⊞≺∋⊞⊤∈⊞∈⊞⊤∈⋈⊞∈⋈⋈⊞⊤⊥⊞⋈⊞⋈⊞∈⊤∈∋∋∋∋∋∋∋∋∋∋∋∋∋∋∋∋∋⋈⋈⊞⊞⊞⋈⋈⋈⋈≻≺∋∋∋∋⊞⋈⋈⋈⋈⊣
0x27a09086	⊢⋈⋈⋈⋈⊤∈⊞∈⋈⋈≻∋⋈∈⋈⊞⋈⋈⋈≻⋈⊤∈∋≺∋⋈⋈⋈⋈⋈⋈⊣
0x27a0cba9	⊢⋈⋈⋈⋈⊞⋈⋈⋈⋈⋈⊤∈⊤⊥⊤⊥⊞∈⊤⊥⊤⊥⊞∈∋⊞⊤∈⋈⊞⋈⋈⋈≻⋈⊤∈∋∈⋈⋈≻∋⊤∈⋈⊞⋈⋈⋈≻⋈⊤∈∋≺∋⋈⋈⋈≺∋⋈⋈⋈⋈⋈⋈⋈≻⋈⋈⋈⋈≺∋⊞⋈⋈⋈⋈⊣
0x279f5d6b	⊢⋈⋈⋈⋈⋈⊞∈⋈⊤∈⋈⋈⋈≻∋⋈⊤∈⋈⋈⋈≻∋⊞⊤∈∋⋈⋈⋈⊣
0x27a427d0	⊢⋈⋈⋈⋈⋈⋈⋈⋈⊤∈⊞⋈⋈⋈⋈⋈⋈⊣⋈⋈⋈≺∈⋈⊡∈⋈≻≺∋⋈≻⊞⊞∈∋⋈⊞⋈⋈⋈⋈⋈⋈⊙
0x27a326c0	⊢⋈⋈⋈⋈⊤∈⋈⊤∈⋈⊙∋⊤∈⋈⊙∋⊤∈⋈⊙∋⊤∈∋⊞⋈⋈⊣⋈⊞⋈⋈⊙
0x279be6d6	⊢⋈⋈⋈⋈⋈⊞∈⋈⋈⋈⊤∈⋈⋈⋈≻∋⋈⊤∈⋈⋈⋈≻∋⋈⋈⋈≻⋈⋈⋈⋈⋈⋈⋈≺⊤∈⋈⊞⊞⋈⋈≺∋⋈⊤∈⊤∈∋⊣⋈⊙⋈⋈⋈⊣
0x279f632b	⊢⋈⋈⋈⋈⋈⋈⋈⊞∈⋈⋈⋈⊤∈⋈∈⋈≻⊞⊞∈∋∋⋈⋈⋈⋈≻⋈⋈⋈≻⋈⋈⋈⋈⋈⋈⋈⋈⋈≺⊤∈⋈⊞⊞⋈⋈≺∋⋈⊤∈⊤∈∋⊣⋈⊙⋈⋈⋈⋈⋈⊣
0x27a3f9f0	⊢⋈⋈⋈⋈⊤⊥⊤⊥⊞∈⋈⋈⊡∈⋈≻∋⋈⊡∈⋈≻∋⋈≻⋈⋈⋈⋈⊙⋈⋈⋈⊣
0x27a3e9b0	⊢⋈⋈⋈⋈⋈⋈⋈⋈⋈⊤∈⋈⋈⊤∈⋈⋈≺∈⊤∈⋈⊤∈⊤∈⊙∋⊤∈⋈⊙≺∋∋∋⊞⊞∈∋⋈⊙∋⊤∈∋⊞⋈⋈⋈⋈⋈⋈⊣⋈⊞⋈⋈⋈⋈⋈⋈⊙
0x279d7140	⊢⋈⋈⋈⋈⋈⋈⊞∈⋈⋈⊞⋈⋈≺⊤∈⋈⊞⋈⋈≺∋⋈⊤∈⊤∈∋⊣⋈⊙⋈⋈⊤∈⋈⊙∋⊤∈⊞⋈⋈⊣⋈⊞⋈⋈⊙
0x27a4a8e0	⊢⋈⋈⋈⋈⋈⋈⊤⊤∈⋈⊞⊤∈≻⊤∈⋈≺∋∋∋⊞⋈⊤∈⋈⋈⋈⋈⊞⊞⋈⋈⊙⊞⋈⋈⊣
0x27a35d20	⊢⋈⋈⋈⋈⋈⋈⋈⋈⋈⊤∈⋈⋈⊤∈⋈⋈≺∈⊤∈⋈⊙≺∋⊞⊞∈∋⋈⊙∋⋈⊤∈∋⊞⋈⋈⋈⋈⋈⋈⊣⋈⋈⋈≺∈⊤∈⋈⊙≺∋⊞⊞∈∋⋈⊞⋈⋈⋈⋈⋈⋈⊙
0x27a32730	⊢≺
0x27a3b6b0	⊢⋈⋈⋈⋈⊤∈⋈⊤∈⊤∈⋈⋈⊙⋈∋⊤∈∋∋⊞⋈⋈⊣⋈⊞⋈⋈⊙
0x27a3e9a0	⊢⊤∈⊣⊞≺
0x27a35d10	⊢⊤∈⊣⊞≺
0x27a4e6a0	⊢⋈⋈⋈⋈⋈⋈⋈⋈⊞⊤∈⋈⋈⋈⋈⊤∈⋈⊙∋⊤∈⋈⊙∋⋈⋈⋈⋈⋈⋈⊙⋈⋈⋈⋈⋈⊣
0x27a22b40	⊢⊤∈⊣
0x279be75b	⊢≺⋈⋈⋈⋈⋈⊞⊤∈⋈⋈⋈⊤∈⋈⊙∋⊞⊤∈⋈⊙∋⋈⋈⋈⋈⊙⋈⋈⋈⊣
0x279d7427	⊢⊤∈⋈⋈⋈⋈⋈⊞⊤∈⋈⋈⋈⊤∈⋈⊙∋⊞⊤∈⋈⊙∋⋈⋈⋈⋈⊙⋈⋈⋈⊣⊣
0x279dd643	⊢⋈⊤∈⋈⋈⊞⊞⊞⊞⊞⊞⊤∈∋⊣⋈⊞⊙
0x279be760	⊢⋈⋈⋈⋈⋈⋈≻⋈≻⋈≻⋈⋈⋈≻⋈⋈⋈⋈≻⋈⋈⊤∈⋈∈⋈⋈⋈⋈≻⊞⊞∈∋∋⋈⋈⋈⋈⊞⋈⋈⋈⋈≺
0x27a41c50	⊢⋈⋈⋈⋈⋈⋈⊡∈⋈≻∋⋈≻⊤∈⋈≻∋⊤∈⋈≻∋⋈⊤∈⋈⋈⋈⋈⋈≺⋈⋈⋈⊣
0x27a41c00	⊢⋈⋈⋈⋈⋈⋈⊡∈⋈≻∋⊞⋈⋈⋈⋈≺
0x27a41a80	⊢⋈⋈⋈⋈⋈⋈⋈⋈⋈⊤∈⋈⊙∋⋈⋈⋈⋈∈⊤∈⊤∈⊞⋈⋈⋈⋈⋈⋈⊣⋈⊞⋈⋈⋈⋈⋈⋈⊙⋈⊞≻⋈≺∋
0x27a3e820	⊢⋈⋈⋈⋈⊤∈⋈⊤∈⊤∈⋈⋈⊙⋈∋⊤∈∋∋⊞⋈⋈⊣⋈⊞⋈⋈⊙
0x27a53c8b	⊢⋈⋈⋈⋈⋈⋈⋈⋈⊤∈⋈∈⋈⋈⋈⋈≻⊞⊞∈∋∋⋈⋈⋈⋈⊞⋈⋈⋈⋈≺
0x27a4de20	⊢⋈⋈⋈⋈⋈⋈⋈⋈⋈⋈≻⊤∈⊞⋈⋈⋈⋈⊣⋈⊞⋈⋈⋈⋈⊙
0x27a42300	⊢⋈⋈⋈⋈⋈⋈⋈⋈⋈⋈⋈⊞⋈⊞∈⊤∈⊤∈⊞⋈⋈⋈⋈⋈⋈⊣⋈⊞⋈⋈⋈⋈⋈⋈⊙⋈⊞≻⋈≺∋
0x27a423b0	⊢⋈⋈⋈⋈⋈⋈⋈⋈⋈⋈⋈⊤∈⋈≺∈⋈⊡∈⋈≻≺∋⋈≻⊞⊞∈∋∋⊤∈⊞⋈⋈⋈⋈⋈⋈⊣⋈⊞⋈⋈⋈⋈⋈⋈⊙
0x27a3e870	⊢⋈⋈⋈⋈⋈⋈⋈⋈⋈⋈⋈⊤∈⋈⋈≺∈⊤∈⋈⊤∈⊤∈⊙∋⊤∈⋈⊙≺∋∋∋⊞⊞∈∋∋⊤∈⊞⋈⋈⋈⋈⋈⋈⊣⋈⊞⋈⋈⋈⋈⋈⋈⊙
0x27a35270	⊢⋈⋈⋈⋈⋈⋈⋈⋈⋈⋈⋈⊤∈⋈⋈≺∈⊤∈⋈⊙≺∋⊞⊞∈∋∋⊤∈⊞⋈⋈⋈⋈⋈⋈⊣⋈⊞⋈⋈⋈⋈⋈⋈⊙
0x27a35c20	⊢⋈⋈⋈⋈⋈⋈⋈⋈⋈⋈⋈⊤∈⋈⋈≺∈⊤∈⋈⊙≺∋⊞⊞∈∋∋⊤∈⊞⋈⋈⋈⋈⋈⋈⊣⋈⊞⋈⋈⋈⋈⋈⋈⊙
0x27a516c0	⊢⋈⋈⋈⋈⋈⋈⋈⋈⋈⋈⋈⊤∈⋈⋈≺∈⊤∈⋈⊙≺∋⊞⊞∈∋∋⊤∈⊞⋈⋈⋈⋈⋈⋈⊣⋈⊞⋈⋈⋈⋈⋈⋈⊙
0x279be813	⊢⋈⋈⋈⋈⋈⋈⋈≻⋈⋈⋈⋈⊞⋈⋈≺
0x27a512c0	⊢⋈⋈⋈⋈⋈⋈⋈⋈⋈⋈⋈⊤∈⋈⋈≺∈⊤∈⋈⊙∋⊤∈⋈⊙≺∋⊞⊞∈∋∋⊤∈⊞⋈⋈⋈⋈⋈⋈⊣⋈⊞⋈⋈⋈⋈⋈⋈⊙
0x27a2f690	⊢⋈⋈⋈⋈⋈⋈⊤∈⊡∈⋈≻∋∋⊞⋈⋈⋈⋈≺⋈⋈⋈⋈⊞⋈⊤∈⊞⊞⋈⋈⋈⋈⋈⋈⋈⋈⋈≺∋⋈⋈⋈⋈⋈⊡∈∈∈⋈⋈≻⋈⊤∈⊞⋈⋈⋈⊣⋈⊞⊤∈∋⊞⋈⊡∈∋⋈≻≺∋
0x27a4a0f0	⊢⋈⋈⋈⋈⋈⋈⋈⋈⋈⊤∈⋈⊙∋⊤∈⊞⋈⋈⋈⋈⊣⋈⊞⋈⋈⋈⋈⊙
0x27a4de80	⊢⋈⋈⋈⋈⋈⋈⋈⋈⋈⊤∈⋈⊙∋⊤∈⊞⋈⋈⋈⋈⊣⋈⊞⋈⋈⋈⋈⊙
0x27a4a070	⊢⋈⋈⋈⋈⋈⋈⋈⋈⊤∈⊤∈⊙∋∋⋈⋈⋈⊤∈⋈⊙∋⊤∈⋈⊙∋⋈⋈⋈⋈⋈⋈⊙
0x27a3e910	⊢⋈⋈⋈⋈⋈⋈⊤∈⋈⋈⋈⋈⋈⊣⋈⊞⋈⊞⋈≺∈⊤∈⋈⊤∈⊤∈⊙∋⊤∈⋈⊙≺∋∋∋⊞⊤∈∋⋈⋈⋈⋈⋈⋈⊙
0x27a35ca0	⊢⋈⋈⋈⋈⋈⋈⊤∈⋈⋈⋈⋈⋈⊣⋈⊞⋈⊞⋈≺∈⊤∈⋈⊙≺∋⊞⊤∈∋⋈⋈⋈⋈⋈⋈⊙
0x27a49f90	⊢⋈⋈⊞⊙⋈⊤∈⋈⋈⋈≻⊞⋈⊣
0x279f0592	⊢⋈⋈⋈⋈⋈⊞∈⋈⋈⊞∈⋈⋈⊞∈⋈⋈⋈≻∋⊞⊞∈∋∋⊞⋈⋈⊣
0x27a4cf30	⊢⊡∈⋈⊞⋈⊤∈⋈⋈⋈⋈⊞⊙∋⊣
0x27a34fa0	⊢⋈⋈⋈⋈⋈⊤∈⋈⊙∋⊤∈⋈⊙∋⊤∈⋈⊙∋⊤∈⊞⋈⋈⊣⋈⊞⋈⋈⊙
0x27a32610	⊢⋈⋈⋈⋈⋈⋈⊡∈⋈≻∋⊞⋈⋈⋈⋈≺
0x27a4dd10	⊢⋈⋈⋈⋈⋈⋈⋈⊞⊞≻⊤∈⋈⋈⋈⊣⋈⋈⋈⋈⊙
0x27a4cf70	⊢⋈⋈⋈⋈⋈⋈⋈⋈⋈⊤∈⋈≻⋈⊞⊤∈⋈⊞⋈⋈⋈⊤∈⋈⊙∋⊤∈⋈⊙∋⋈⊙⊤∈∋⊤∈∋⊞⋈⋈⋈⋈⋈⋈⊣∋⋈⊞⋈⋈⋈⋈⋈⋈⊙
0x27a22b60	⊢⋈⊡⊞⋈⊞⊞∈⋈≺⋈⋈⋈⋈⊤∈⋈⋈⋈≻⋈⋈⊞∈⊞⋈⊡∈⋈∋⊤∈⋈⋈⊡∈⋈⊡⋈⋈⋈⊞⊙⊤∈⊤∈∋⊞⋈⊡∈∋∋∋⊞⋈⋈⊣⋈⋈⋈⋈⊡⊞⋈⋈⋈⋈≺∋⊞⊞⋈⋈⊙⊣
0x27a4ed10	⊢⋈⋈⋈⋈⋈⋈⋈⊞⋈⊤∈⊞⊞⋈⋈⋈⋈⋈⋈⋈⋈⋈≺∋⋈⋈⋈⋈⋈⋈⊡∈∈⋈⋈≻⋈⊤∈⊞⋈⋈⋈⋈⋈⋈⊣⋈⋈⊤∈⋈⊞⋈⊙∋⋈⊞⊤∈∋⋈⊙≺∋
0x27a504a0	⊢⋈⋈⋈⋈⋈⋈⋈⊞⋈⋈⋈⊞∈∈⋈⋈≻⋈⊤∈⊞⋈⋈⋈⋈⋈⋈⊣⋈⋈⊤∈⋈⊞⋈⊙∋⋈⊞⊤∈∋⋈⊙≺∋
0x27a48160	⊢⊤∈⊣⊞≺
0x27a41970	⊢⋈⋈⋈⋈⊞⋈⋈⊡∈∈∈⋈⋈≻⋈⊤∈⊞⋈⋈⋈⊣⋈⊞⊤∈∋⊞⋈⊡∈∋⋈≻≺∋
0x279d7195	⊢⋈⋈⋈⋈⋈⋈⋈⋈⋈⊤∈⋈≻∋⋈⋈⊤∈⋈⊤∈⋈∋⊡∈⋈⋈⋈⊤∈⊞⋈⋈⋈⊞⊙∋∋⋈⊤∈⊡∈⋈≻∋∋⊤∈⋈≻∋∋⊤∈⊡∈∋⊞⋈⋈⋈⋈⊣⋈⊞⋈⋈⋈⋈⊙
0x27a47f10	⊢⋈⊞⊤∈⋈⊙⊣
0x27a4ede0	⊢⋈⋈⋈⋈⋈⋈⋈⋈⋈⋈⊞⋈⊞⊤∈⋈⊞⊞⋈≺∈⊤∈⋈⊙∋⊤∈⋈⊙≺∋⊞⊞∈∋∋⊤∈⋈⋈⋈⋈⋈⊣⋈⋈⋈⋈⋈⋈⊙
0x27a4e820	⊢⋈⋈⋈⋈⋈⋈⊤∈⊙∋⋈⊤∈⊙∋⋈⊞⊤∈⋈⋈⊣⋈⋈⊙
0x27a4d7f0	⊢⋈⋈⋈⋈⋈⋈⊤∈⊙∋⋈⊤∈⊙∋⋈⊤∈⊙∋⋈⊞⊤∈⋈⋈⊣⋈⋈⊙
0x279f1550	⊢⋈⋈⋈⋈≻⋈⋈⋈≺
0x279f05dd	⊢⋈⋈⋈⋈⋈⋈⊞⋈⋈⋈⊤∈⊙∋⋈⊞∈⋈⊞⋈⊞≻⋈⋈∈⊞⊞⋈⋈∈⋈⋈⊙⋈⊤∈⋈⊙∋⊞⊤∈∋∋⋈⋈⋈⋈⋈≻⋈⋈⊤⊥∈⋈∋⋈⋈⊞⋈∈∈⋈⊤∈⊤∈⊤∈⋈⊤∈∈⋈⊞∈∋∋∋⋈⊤∈⋈∈⋈⋈⊙⋈⋈⊤∈∋≺∋⋈⊙∋⋈⋈⊤∈⋈⊤∈⊙∋∋⋈⊤∈⋈⊤∈⊙∋∋⋈⋈⊤∈⋈∈⋈⋈⋈⊤∈⋈⊙∋⊤∈⋈⊙∋⊞⊞∈∋∋⋈⋈⋈⋈⋈≻⋈⊤∈⊤∈⊙∋∋⋈⊤∈⊤∈⋈⊙∋∋⋈⊤∈⊤∈⋈⊙∋∋⋈⊤∈⊤∈∋⊞⋈⋈⋈⋈⋈⋈⊣⋈⊞⋈⋈⋈⋈⋈⋈⊙⊤∈⊤∈⋈⊤∈∈⋈⊞∈∋∋⊞⊞∋⋈⊤∈∈⋈⊤∈∋⋈⊙⋈≻∋⋈≻⋈⋈⊞⋈⋈⋈⊞⊙⊤∈⊞⊞⋈⋈⋈⋈⋈⋈⋈⋈≻⊣⋈⋈⋈⊡∈⋈⋈⊤∈∋⋈⋈⋈≻⋈⋈⋈⋈⊤∈∋⋈≻⋈⋈≻⋈≻≻⋈⋈⋈⋈⋈⋈⊞⋈⋈⋈⋈≻⋈⋈⊞⊞⋈⋈∈⊤∈∈⋈⊞⋈⊤∈⋈⋈⋈≻≺⊞⊤∈∈⊤∈⋈⊞⊤∈∋⋈∋⊞≺∋∋⊤∈⋈⋈⊞⊞⊤∈⊤∈⊞⋈⋈⋈≺∋⋈⊤∈∋≺⋈≺∋∋⋈⋈⋈⋈⊤∈∋⋈⋈⊞∈⊤⋈∈⋈⊞∈⊤∈⊞≺∋⋈≺∋∋∋⊤∈⋈⋈⊞⋈⋈∈⊤∈⋈⋈⊤∈⋈⋈⊤∈∈⋈⋈⋈⋈⊙⋈⋈⊤≺⊤∈⋈⊤∈⋈⊤⋈∈⋈⊞⋈⊥⋈∈⊤∈∋⋈⋈⋈⋈≻⊤∈⊤∈⋈⋈⋈⋈⋈∈⊤∈⊤∈∈⊤∈∋∋⊤∈⊞≺⋈⊤∈⋈⊞⋈⊞⊤∈⊞⊞⋈≺⋈⊞⊞⊞⊤∈⊞⊞⋈⋈⊞⊞⊞⊞⊞⊞≺∋∋∋⊤∈⋈≺⋈⊤∈⋈⊤∈⊤⋈⊞∋∋⊞⋈≺∋≺∋⋈⋈≻⋈⋈⋈⋈⋈⋈⊤∈⋈⋈⊤∈⋈⋈⋈⋈∈⋈⊞∈⊞≺⋈⋈∈⊤∈⋈⋈∈⊞∈⋈⊤∈∋⋈⋈⋈⊤∈⋈⊤⋈∈∋⊞⋈⊞⊤∈⋈⋈⊤⋈∈∋⊞⊞⊞⋈≺∋∋⋈⊤∈∋⋈⋈⊤∈∋∋∋⊞≺⋈⋈⋈⋈⋈⊞∈⋈⊞∈⊞⊞≺⊤⋈⊥⋈⋈∈⊤∈⋈⋈∈⊤⋈∈⋈⊞⊤∈⋈⊤∈⋈⊤∈∋⊞⋈⋈⊞⊤∈⊞≺⋈⋈⊤∈∋⊞⊞⊞⊞⋈≺∋⋈∋⋈⊤∈∋⊞≺∋⋈≺∋∋⋈≺⋈⊤∈⋈⋈≻∋⊞∋⊤⊥⋈≻∋⋈⋈≻∋⋈≺∋⋈≻∋⋈⋈≻⋈⋈⊤∈∋⋈⋈⋈⊤∈⋈⊞⊞⊞⊞⋈⋈⋈⊤∈∋∈⋈⋈⋈⊙⋈⋈⊤∈⊞⊞⊤∈∋⊞≺⋈⊞⊞⊞⊞⋈⋈≺∋⋈⋈⊞⊞⊞⊞⊞⋈⋈⋈⋈⋈⋈⋈⊤⊡⊡⋈∈⊞⊞⋈⋈⊞∈⋈⊞∈⊡⊡⊞⊞⊞⊞⋈⊞⊤∈∋⊞⋈⊞∈⋈⊤∈⋈⋈⋈⋈≻⊡⊡⋈⋈⊞⊞≺∋⊞⊞⊤∈∋≺⋈⊞⊞⊞⊤⋈∈⊞⊞⊤∈∋∋⋈⊞⊤∈⋈⋈⊤⋈⋈∈⊞⋈∈⊡⊡⊞⊞⊞⊞⊤∈⋈⋈⊞⋈≻⊡⊡⋈⋈⋈≺⊞∋⋈⊤∈⊞⊤∈∋≺∋∋∋⋈⊞⋈⊞⊡⊡⊞⊞⊞⊞⊤∈⊞⋈⋈⊞⋈≻⋈⊞⊞≺∋⋈∋∋∋∋⋈≺∋⋈⊤∈⋈⋈⋈⋈≻⋈⋈⊤∋⊥≺⊞∈⊤∈⊞⊤∈∋≺∋⊞≺∋∋⊞⊤∈∋≺∋∋∋⊞⋈⋈⋈⊤∈⋈⊞⋈⊞⊞⊤⊞⋈⋈⋈⊞≻⋈∈⋈⊤∈⋈⊞⋈⊞⊤∈⊞⋈⊞⊞⋈≺⋈⊞⊞⊞⊤∈⊞⋈⊞⊞⋈⋈⊞⊞⊞⊞⊞⊞⊤∈⊞≺⊞∋⋈≺∋∋⋈⋈⊤∈⋈∋⋈⊤∈⋈⊤∈⊤⋈⊞∋∋⋈⋈⊞⋈⊤∈⋈⋈⋈⋈⋈⋈≻⋈⋈≺∋⋈⊤∈⋈⊞⊞⋈⊞⊤∈⊞⊞⋈⊞⊤∈⊞⊞⊞⊞⋈⋈⋈⋈⊞⋈⋈⋈≺⊞⋈⋈≺⋈≺∋∋∋⊞⋈⋈⊤∈∋≺∋∋⋈⋈⋈⋈⋈⋈⋈⋈⋈⋈⋈⋈≻⋈⋈≻∋⋈⊤⋈∈∋≺∋∋⋈⋈⊞∈⋈≻∋⊞⋈⋈⋈⋈⋈⋈⊣⋈⋈⋈⋈⊡∈⋈≻∋⋈⊡∈⊞⋈⋈⊣⋈⊞⋈⋈≺⊞⋈⋈⊙⋈⊤∈∋⋈⋈⋈≺∋⋈⊤∈⋈⋈⊞∈⋈⋈⊞∈∋⊞≺∋⊞⋈⋈⊞⋈⊞⋈⋈≻⋈⋈⋈⊞⋈∈∋⋈≻⊞≺∋
0x279f1b6c	⊢⋈⋈⋈⋈⋈⋈∈⋈⊤∈⋈⋈⋈≻∋⋈⊤∈⋈⋈⋈≻∋⊞⊤∈∋⋈⋈⋈⊣
0x279be846	⊢⋈⋈⋈⋈⋈⋈⊞∈⋈⋈⋈≻∋⋈∈⋈≻⊞⊤∈∋⊞⋈⊞⋈⋈≺
0x279f98c5	⊢⋈⋈⋈⋈⊞∈⋈≻⊞⊤∈∋⊞⋈⊞⋈⋈≺
0x279be8a0	⊢⋈⋈⋈⋈⊞∈⋈⋈⋈≻∋⋈⋈⊞∈⋈⊤∈⋈⋈⋈≻∋⋈⋈⊤∈⋈⋈⋈⋈≺∋⋈⊣
0x279eb909	⊢⋈⋈⋈⋈≻⋈⋈≻⋈⋈≻⋈⋈⋈≺
0x279f156e	⊢⋈⋈⋈⋈≻⋈⊤∈⋈⊣⋈⋈≺
0x279be919	⊢⋈⋈⋈⋈≻⋈⊤∈⋈⊣⋈⋈≺
0x279be93e	⊢⋈⋈⋈⋈⋈⋈⋈≻⋈⋈≻⋈⋈≻⋈⋈⊞∈⋈⋈⋈≻∋⋈⊤∈⋈⋈⋈≻∋⋈⊤∈⋈⋈⋈⊞⋈⋈≺⊞⋈⋈⊣
0x27a078cc	⊢⋈⋈⋈⋈⋈⋈⋈⋈⊤∈⋈⋈∈⊤∈⋈≻∋⊞⊞∈∋∋⋈⋈⋈⋈≻⋈⋈⋈≻⋈⋈⋈⋈≻⋈⋈⋈⋈≻⋈⋈⋈⋈≻⋈⋈⋈⋈≻⊞⋈⋈⋈⋈⋈⋈≺
0x279e1a5f	⊢⋈⋈⋈⋈⊞∈⋈⊤∈⋈⋈⋈≻∋⋈⋈⊞∈⋈⋈⋈⋈≺∋⋈⊣
0x279dbbee	⊢⋈⋈⋈⋈⋈⋈⋈⋈⊞⊤⋈⊥⊤∈⋈⋈⊤∈⋈⋈⋈≻⋈⋈⋈⋈≻⋈⋈⋈⊤∈⋈⋈⋈≻≺⊤⋈⋈⋈⋈≻⋈⋈∋∋⋈⊤∈⋈⋈⋈≻≺∋∋⋈⋈⋈⋈⊞⋈⋈⋈⋈≺
0x279be9de	⊢⋈⋈⋈⋈⋈⋈⊞⋈⋈⋈⊞∈⋈⋈⋈≻∋⋈⋈≻⋈⊞∈⊞∈⋈⊤∈⋈⋈⋈≻∋⋈⊤∈⋈⋈⋈≻∋⊞⊤∈∋⊞⊞⊤∈∋⋈⋈⊤∈⋈⋈∈⊤∈⋈≻∋⊞⊞∈∋∋⋈⋈⋈⋈≻⋈⋈⋈≻⋈⋈⋈⋈≻⋈⋈⋈⋈≻⋈⋈⋈⋈≻⋈⋈⋈⋈≻⋈≻⋈⊤∈⋈⋈⊤∈⋈∈⋈≻⊞⊞∈∋∋⋈⋈⋈⋈≻⋈⋈⋈≻⋈⋈⋈⋈≻∋⋈⋈⋈⋈⊤∈⋈⋈⋈⊞∈⊞∈⋈⊤∈⋈⋈⋈≻∋⋈⊤∈⋈⋈⋈≻∋⊞⊤∈∋⊞∈⋈⊤∈⋈⋈⋈≻∋⊞⊤∈∋⊞⋈⊞⊞⊤∈∋∋⋈⋈⋈⋈⋈⊞⋈⋈⋈⋈⋈⋈≺
0x27a53ce8	⊢⋈⋈⋈⋈⋈⋈≻⋈⋈⋈⋈≻⋈⋈⋈⋈⋈≺
0x279f4316	⊢⋈⋈⋈⋈⋈⋈≻⋈⋈⋈⋈≻⋈⋈⋈⋈⋈≺
0x27a54732	⊢⋈⋈⋈⋈⋈⋈≻⋈⋈⋈⋈≻⋈⋈⋈⋈≻⋈⋈⋈⋈≻⋈⋈⋈⋈≻⋈⋈⋈⋈⋈≺
0x27a1e64d	⊢⋈⋈⋈⋈⋈⋈⋈⊤∈⋈⋈⊞⊤∈⋈⋈⋈⊤∈⋈⊙∋⊞⊤∈⋈⊙≺⊤∈⊤∈⋈∋∋⋈⊙≺∋∋∋⋈⊞⋈⋈⋈⋈⊙
0x279becb6	⊢⋈⋈⋈⊤∈⋈≻⊤∈⊤∈⋈⊙≺∋∋∋⋈⋈⊙
0x27a1e427	⊢⊤∈⋈⊞⋈⋈≺∋⋈⊤∈⊤∈∋⊣⋈⊙
0x279becee	⊢⋈⋈⋈⋈⋈⋈⊤∈⋈∈⋈⋈⊞⋈⋈⋈⋈≺⊤∈⊞⋈⊞⋈⋈⋈⋈≺⋈⋈⊤∈⋈∈⋈≻⊞⊞∈∋∋⋈⋈⋈⋈⊞⋈⋈⋈⋈≺⊞⋈⋈⋈⋈⊣
0x279d0180	⊢⊤∈⊣⋈⊙
0x27a49220	⊢⊤∈⊣⋈⊙
0x279bed85	⊢⋈⋈⋈≺
0x27a09143	⊢⋈⊤∈⋈⊞⋈⋈⋈≺∋⋈⊤∈⊤∈∋⊣⊙
0x27a1ea74	⊢⋈⋈⋈≺
0x27a472d0	⊢⋈⋈⋈⋈⊤∈⋈⋈⋈⊙⋈∋⊞⋈⋈⊙
0x27a51850	⊢⊡∈⋈⋈⊞⋈⊤∈⊞⋈⋈⋈⊞⊙∋⊣
0x279bede2	⊢⊡∈⋈⋈⊞⋈⊤∈⊞⋈⋈⋈⊞⊙∋⊣
0x27a22ca0	⊢⋈⋈⋈⋈⊤∈⋈⊞⊤∈⋈≻⋈⊤∈⋈≺∋∋∋⊞⋈⊤∈⋈⋈⋈⋈⊞⊞⋈⋈⊙⊞⋈⋈⊣
0x27a51d90	⊢⋈⋈⋈⋈⋈⋈⋈⋈⋈⋈⊤∈⋈⊙∋⊤∈⋈⊙∋⋈⊤∈⊡∈⋈≻∋∋⊤∈⊡∈∋⋈⋈⋈⋈⋈⊣⋈⋈⋈⋈⋈⋈⊙
0x279bee17	⊢⊤∈⋈⋈⊞⊞⊤∈∋⊣⊞⊙
0x27a3fa90	⊢⋈⋈⋈⋈⋈⋈⋈⋈⋈⋈⋈⊤∈⋈⋈≺∈⊤∈⊤∈⋈⊙≺∋∋⊞⊞∈∋∋⊤∈⋈⊙∋⋈⋈⊤⊥∈⋈∋⋈⊞⋈⊡∈∈∈⊤∈⊤∈⊞⋈⋈⋈⋈⋈⋈⊣⊤∈⋈⊤∈⊡∈⋈⊞∈∋∋∋⋈⊤∈⋈⊡∈⋈⊙⋈⋈⊤∈∋≺∋⋈⊞⋈⋈⋈⋈⋈⋈⊙⊤∈⋈≻⊤∈⋈⊤∈∈⋈⊞∈∋∋⊞⊞∋⋈⊤∈⋈⊡∈⋈⊤∈⊙⋈≻⊣⊞⋈⊙⋈⊤∈∋⋈⋈⋈≺∋⋈⊤∈⋈⋈⊞⊡∈⋈⋈⊞∈∋⊞≺∋⊞⊞⋈⊤⋈∈∋⊞⊤⋈∈∋⋈⋈⋈⋈⊙⋈⋈⊞≺∋
0x27a230a0	⊢⋈⋈⋈⋈⋈≻
0x27a46c90	⊢⋈⋈⋈⋈⋈⊤∈⋈⊙∋⊤∈⊞⋈⋈⊣⋈⊞⋈⋈⊙
0x27a49f10	⊢⋈⋈⋈⋈⋈⋈⋈⋈⊤∈⊤∈⊙∋∋⋈⋈⋈⊤∈⋈⊙∋⊤∈⊞⋈⋈⋈⋈⊣⋈⊞⋈⋈⋈⋈⊙
0x27a41d30	⊢⊤∈⊣⋈⊙
0x27a29900	⊢⋈⋈⋈⋈⋈⋈⋈⋈⋈⋈⋈⊤∈⋈⋈≺∈⊤∈⋈⊙≺∋⊞⊞∈∋∋⊤∈⋈⊙∋⋈⋈⊤∈⋈⋈⊡∈⋈⋈⊙⊞⊞∈∋∋⊤∈⊞⋈⋈⋈⋈⋈⋈⊣⋈⊞⋈⋈⋈⋈⋈⋈⊙
0x27a4e7d0	⊢⋈⋈⋈⋈⋈⊤∈⋈⊙⊤∈⊤∈∋⋈⊙⊤∈∋⊤∈∋⋈⊞⋈⋈⊙∋⊞⋈⋈⊣
0x27a4e070	⊢⋈⋈⋈⋈⋈⋈⋈⋈⋈⋈⊞∈⋈⊞⋈⊞≻⋈⋈∈⊞⊞⋈≺∈⋈⋈⊙⋈⊤∈⋈⊙≺∋⊞⊤∈∋∋⋈⊤∈⊞⋈⋈⋈⋈⋈⋈⊣⋈⊞⋈⋈⋈⋈⋈⋈⊙
0x27a4d240	⊢⋈⋈⋈⋈⊤∈⋈⋈⊞∈⋈⊞≻⋈∈⋈⊞⋈⋈⋈⊙⋈∋∋⋈⋈⋈⊣
0x27a47300	⊢⊤∈⊣⋈⊙
0x27a4dd70	⊢⋈⋈⋈⋈⋈⋈⋈⋈⊤∈⋈⋈⊞⋈≺∈⋈⋈⋈⊤∈⋈⊙∋⊤∈⋈⊙≺∋⊞⊞∈∋∋⊞⋈⋈⋈⋈⋈⋈⊣
0x279eb26c	⊢⊤∈⋈⋈⋈⋈⋈⋈⊞∈⋈⊤∈⋈⋈⋈≻∋⋈⊤∈⋈⋈⋈≻∋⊞⊞∈∋⋈⋈⋈∋⊣
0x279bee3f	⊢⋈⋈⋈⋈⋈⋈⋈⋈⊤∈⋈⊞∈⋈⊞⊞⋈⋈⋈⊞∈⋈⋈⋈≻∋⋈⋈⊤∈⋈∈⋈≻⊞⊞∈∋∋⊞⋈⋈⋈⋈≻⊤∈∋∋⊞⋈⋈⋈⋈⋈⋈⊣
0x27a50290	⊢⋈⋈⋈⋈⋈⊤∈⋈⊙∋⊤∈⊞⋈⋈⊣⋈⊞⋈⋈⊙
0x27a2eb20	⊢⋈⋈⋈⋈⋈⋈⊡∈⋈≻∋⋈≻⋈⋈≻⊤∈⋈⊙∋⋈⋈⊙⊞⋈⋈⋈⋈≺
0x27a18dd0	⊢⋈⊞⊞⊞⊞⋈⋈⋈⋈⊞⋈⋈⋈⋈⊞⊞⋈⋈⋈⊞⊞⋈⋈⋈⊞⊞⋈⋈⋈⊞⊞⋈⋈⊞⋈⋈⋈⋈⋈⋈⋈⋈⋈⋈⋈⊣
0x27a48d22	⊢⋈⋈⊞⋈⋈⋈⋈⋈⋈⋈⋈⋈⋈⋈⋈≻
0x27a48f2a	⊢⋈⋈⊞⋈⋈⋈⋈⋈⋈⋈⋈⋈⊞≻
0x279d12c4	⊢⋈⋈⊞⋈⋈⋈⋈⋈⋈⋈⋈⋈⋈⋈≻
0x27a48f90	⊢⋈⋈≻
0x279beeda	⊢⋈⊙⋈⊣
0x279d7432	⊢⋈⋈⋈⋈⋈⋈⊞⋈⋈⋈⋈⋈⊤∈⋈⊤∈⋈⋈≻⋈∋⋈⋈⋈⋈≻⋈⊤∈⊡∈⋈≻∋∋⋈⋈⋈⋈⊞⊞⋈⋈⋈⋈⊤∈⋈⋈⋈∈⋈⋈⋈⊙⊤∈⋈⊙∋⋈⊞⊞⊤∈∋⋈⋈∋⊞⊞⋈≻⊤∈⋈⊙∋⊞⋈⋈⋈⋈⋈⋈⊣⋈≻⊣
0x279d762e	⊢⋈⋈⊞⋈⋈⊞⋈⋈⋈⋈⋈≻⋈⋈⊤∈⋈≻∋⋈⋈⋈⋈⋈⊙⊞⋈⋈⊣
0x279e77b8	⊢⋈⊤∈⋈≻⊤∈⋈⋈⋈≻⋈⋈⋈⋈⋈⋈⊞⋈⋈⋈⋈⋈⋈⋈⋈⋈⋈⋈⊤∈⋈⊤∈⊤∈⋈⊤∈⋈⊤∈∋⊞≺≺∋∋∋∋⋈⋈⋈⊞∈⋈⋈⋈≺⋈⊤∈⋈⊞⋈⋈≺∋∋⊤∈⊤⊥⊤⊥⊞∈⋈⊤∈⊤∈⋈⋈⋈⋈≻≺⋈⋈⋈⋈⋈⋈⋈≻⋈⋈⋈⋈≺⋈⋈⋈∋⋈⋈⋈⋈≻≺⋈⊞⊤⊥⊞⊤∈⋈⋈⋈∋∋⋈⋈≺⋈≺∋⋈⋈⋈⋈⋈⋈⋈⋈≻⋈⋈⋈⋈∋⊤∈⋈⋈⋈⋈≻∋⋈⋈⋈≻⊞⋈⋈⋈⋈⋈⋈⊣⊤⊥⊤⊥⊞⊞≺∋⋈⊣
0x27a0cd1f	⊢⋈⊤∈≻⊤∈⋈⋈⋈≻⊞⊤∈⋈⊤∈⋈⋈⊤∈∋⊞⊣⋈⊞≺∋⊞⊞⋈∈⊤∈⋈⊡⊞⊞⋈⊣⊞⊞⊤∈∋⊣⊤⊥⊞≺∋⋈⊣
0x27a40520	⊢⋈⋈⋈⋈⋈⋈⋈⊞⋈⋈⋈⊤∈⋈⋈⋈⋈⊞⋈⋈⊞⋈⋈⋈⋈⋈⋈≺∈⋈⋈⋈⋈≻⋈⋈⋈⊤∈⋈⋈⋈⋈≺⋈⋈⊤∈⊤∈⋈⋈⋈≺∋⊞⊤∈∋⋈⊤∈∋⋈≻⋈⋈⋈⋈⋈⋈⋈⋈⋈⋈⋈⋈⋈⋈⋈⋈⋈⋈⋈⋈⋈⋈⋈⋈⋈⋈∋⊞⋈⋈⋈⋈⋈⋈⊣⋈⋈⊞⊙
0x27a40a70	⊢⊞⋈⋈⊤∈⊤∈⋈⋈⊤∈⋈⋈≺⋈⊞⊞⊞⊞⊡∈⋈⊤∈⊤∈⋈≺⋈⋈∋⋈⋈⊞⊞⊞⊤∈⋈⋈⋈⊞⋈⊞⋈⊞⋈≺⊞⊞⊞∈∋≺⋈⋈⋈≺∋∋⋈⋈⋈⋈⋈⋈⊣⊤∈⋈⋈⋈⊣⊤∈⋈⋈⊤∈⊞⋈⋈⋈⋈⋈⋈⊤∈∋⋈⋈⋈⋈≺⋈⋈⊣⊞⋈⋈⋈⋈⋈⋈⊞⊞⋈⊞⊞⊞⊞≺∋⋈⊞⋈⊞⋈⊞⋈≺∋⋈⊞⋈⊞⊞⋈⊞⊞⋈⋈⊣⋈⋈⊞⊙
0x27a403d0	⊢⋈⋈⋈⋈⋈⋈⋈⊞⋈⊤∈⋈⋈⋈⋈⊞⋈⋈⊞≺∈⋈⋈⋈⋈≻⋈⋈⋈⋈⊤∈⋈⋈⋈⋈≺⋈⋈⊤∈⋈⋈⋈≺∋⊞⊤∈∋⋈⊤∈∋⋈≻⋈⋈⋈⋈⊞⋈⋈⋈⊤⋈⊥⋈⋈⋈⋈⋈≻⊤∈⋈⋈≻⋈⋈⋈⊞⋈⋈⋈⊣⋈⋈⋈⋈∋⊞⋈⋈⋈⋈⋈⋈⊣
0x27a386a0	⊢⋈⋈⋈⋈⋈⋈⋈⊞⋈⋈⊞⋈⊞⋈⋈⋈⋈⋈⋈⋈⋈⋈⋈⊤∈⊞⊤∈⋈⋈⋈≺⋈⊞⋈⋈⋈⋈⋈⋈⊣⋈⋈⊞⊙⋈⊞⊙
0x27a3cd50	⊢⋈⋈⋈⋈⋈⊤∈⊞⊞⋈⋈⋈⊞⋈⊞⊤⋈⊥⋈⊞⋈⋈⊡∈⋈⋈⋈⋈⊤∈⋈⊤∈⊤∈⊞∈⊞⋈⋈∋⋈⋈⊤∈⊞⊤∈⋈⋈≺⊡∈⊞∈⋈≺⋈⋈⋈⋈⋈⋈⊤⋈∈∋⊞≺⋈⋈⊞⊙⋈⋈≺⋈⊞⋈∋⊞⊤∈∋≺⊤∈⊞∈⊞⋈⋈∋∋⋈≺∋⋈⋈≺∋∋∋⋈⋈⋈⋈⋈⊣⋈⊞⊙
0x279d9e7a	⊢⋈⋈⋈⋈⊞⊞⋈⊤∈⋈⋈⊤⋈⊞⋈∈⋈⊤∈⋈⋈⊞≺∋⋈⋈⋈⊞⊞∈∋⋈∋⋈⋈⋈⊣
0x279db5d6	⊢⋈⋈⋈⋈⋈⋈⊞⋈⋈⋈⋈⋈⊞⊞⋈⋈⋈⊤∈⋈⋈⊤⊞⋈∈⋈⋈⋈≻⋈⋈⊞⊞∈∋∋⋈⋈⋈⋈⋈⋈⊞⋈⋈⋈⋈⋈⋈⊣
0x279d9ee6	⊢⋈⋈⋈⋈⋈⋈⋈⋈⋈⋈⋈⊞⊞⋈⊤∈⋈⊤⋈⊞⊞∈⋈⊤∈⋈⊞≺∋⋈⊞⊤∈∋∋⋈≻⋈⋈⋈⋈⋈⋈⋈⋈⋈⋈⋈⋈≺
0x279db671	⊢⋈⋈⋈⋈⋈⋈⊞⋈⋈⋈⋈⋈⊞⊞⋈⋈⋈⋈⊤∈⋈⋈⋈⊤⊞⊞∈⋈⋈⋈≻⋈⋈⊤∈∋∋⋈⋈≻⋈⋈⋈⋈⋈⋈⋈⋈⋈⋈⊞⋈⋈⋈⋈⋈⋈≺
0x279d5950	⊢⋈⋈⋈⋈⋈⋈⋈⊞⋈⊤∈⋈⋈⋈⊞⋈⊞⊞⋈⋈⊞⋈⊞⋈⊤⊥⋈⊞⋈⋈⊤∈⋈⊞⊤∈⋈≺⋈⊞⊤∈⋈⊞⊤⊥⋈⊥⋈⊞⊞⊤∈⋈∋∋⋈⊞⊞≺∋⊞⋈⊞⊤∈∋⊤∈⋈⋈⊞⊤⊥⋈⊥⊤⋈⊥⊥⊤∈⋈⋈⋈⊤∈⋈⋈⋈⋈⊞⋈⋈⋈⋈⋈⋈⋈≺⋈≺∋⋈⋈≺⋈⋈⋈⋈⋈⊞⋈≺⊤⋈⋈⊥⋈⊥⊤⊥⊥⊤⋈⋈⊥⋈⊞⊤∈⊤∈∋⊞⊞⋈⊤⊥⊤∈⋈⊤∈⋈⊞⊞⋈⋈⊞⋈⊞⊞⋈⊞⊞⊞⊞⋈⊞⊞⊞⋈⊤∈⋈⊞⊞⋈⊡⊞⊞⊞⋈⊞⋈⋈⊞⋈⋈⊞⋈⊞⋈⋈⋈⊞⋈⋈⋈∈⊤∈⋈⊤∈∋⊤∈⊤∈⊤∈⊤⊥⋈⋈⊥⊞⊤⊥⋈⋈⊥⊞≺⊤⊥⋈⋈⊥⊞≺⊤∈⊤⊥⋈⋈⊥⊞≺⊞⊤⊥⋈⊞≺∋∋∋∋⋈⋈⊞⋈⋈⊤∈⋈⋈⋈⋈⊞⊞⋈⊤⋈⊥⊞⊞⋈⋈⊡∈⋈⋈⊞⊞⊤∈⊞⋈⊤∈⋈⊤∈⋈⊞⊞⋈⋈⋈⋈⊡∈⋈⋈⊞⊤∈∋∋⋈≺⊤∈⊞⋈⋈⊞⊞⋈⋈⊞⊞⋈⊞⊤∈∋⋈⋈⋈⋈⋈⋈⋈≻⊞⋈⊞⊞⊞⊤⋈∈∋⋈≻∋⋈⋈⊞⊞⋈⊞⋈⋈⋈⋈⋈⋈⋈⋈≻⊞⋈⋈≺⋈⊞⋈⊞⋈⋈⊞⋈⋈⋈⊞⋈⋈⋈≻⊞⋈≺∋∋⋈⊤⋈∈∋⋈⊤∈⋈⋈⊞⊞⊞⊞⋈⊞⊞⊞⊞⋈⊞⊥⊥⊞⋈⋈⋈⊞⊡⊡⊡⊡⊡⊡⊡⊡⊡⋈⊡⊡⊡⊡⊡⊡⊡⊡⊡⊡⋈⋈⊤∈⋈⊞⋈⋈⋈⋈≺∋≻⋈⊤∈⋈⊞⋈⋈⋈⊞⋈≺∋≻⋈⋈⋈⊙⋈⊤∈⋈⋈≺∈⋈⊤∈⊤∈⊞⊞⊡∈⋈⊞⊞⋈⊞⊞⊞⊞⋈⊞∈∋≺∋⊞⊤∈∋∋⋈⋈⊞∈⋈⊤⋈∈⊤∈⊞⊞⋈⊞≺∈⋈⊞⊞⋈⊞∈⊞⊞⋈⋈⊞⊞⋈⋈≺∋⋈⊞∈∋⋈≺∋⋈⊤⊥⊤∈⊤∈⊞⊞⊞⊡∈⋈⋈⊞⊡⋈⊥⊤∈∋⊤∈⊤∈⋈⊞≺∋∋⋈⋈⊤⊥⊤∈⊞⋈⊡∈⊤∈⋈⊞⋈⊤∈⋈⊤⋈∈∋∈∋⊤∈⊞≺⋈⊞⊞⊡∈⋈⋈⋈⋈⊞⊞⊤∈∋⊤∈⊤⋈∈⋈⊞⋈≺∋∋⋈∋⊞≺∋⋈⊞⋈⊞⊤⋈⊥⊤∈⊞⋈⋈⋈⋈⋈⋈⋈⋈⊙⋈⋈≻⋈⋈⋈⋈⊙⋈⋈≻⋈⋈⋈⋈⊙⋈⋈⋈≻⋈⋈⊞⋈⋈⋈∈⊤∈⋈⊞⊞∈⊤∈⋈⋈⊤∈⋈⊞∈⋈⊞⋈⊙⋈⋈≺⊤⋈∈∋⊤⋈⊥⊤∈⋈⊡∈⊤∈⊞⊞⋈⊤∈⋈⋈⊞⊤∈∋∈∋⊞∋⋈⊞⊡∈⋈⊞⋈⊞⊡⋈⊥⊤∈∋⊤∈⋈⋈⋈≺∋⊤⋈⊥⊤∈∋∋∋∋∋⋈⋈⊞≻∋⋈⋈⋈≻⋈⊡∈⊤∈⊞⊞⋈⊤∈⋈⊤⋈∈∋∈∋⋈∋⊤∈⋈⊞⊡∈⋈⊞⋈⊞⊡⋈⊥⊤∈∋⊤∈∋⋈⊞≺∋⊤⋈⊥⊤∈⋈⊡∈⊤∈⊞⊞⋈⊤∈⋈⊤⋈∈∋∈∋⋈∋⊤∈⋈⊞⊡∈⋈⊞⋈⊞⊡⋈⊥⊤∈∋⊤∈∋⋈⊞≺∋⋈⊤⋈⊥⊤⋈∈⋈⊡∈⊤∈⊞⊞⋈⊤∈⋈⊤⋈∈∋∈∋⋈∋⊤∈⋈⊞⊡∈⋈⊞⋈⊞⊡⋈⊥⊤∈∋⊤∈∋∋∋⋈⋈⋈≻∋⋈⊞≺∋⋈⊤∈⊞⋈⊤∈⊞⋈⊞⊞⊡∈⋈⋈⋈⋈⊞⊞⊤∈∋⊤∈⊤∈⋈⊞≺∋∋⋈⊞⊤∈∋⋈⋈⋈⋈⋈≺∋⊤∈⊞≺⋈⊞⊞⊡∈⋈⋈⊞⋈⊞⋈⊞⊤∈∋⊤∈⋈⊤∈⋈⊞⋈≺∋∋⋈⊤⊥⊤∈∋∋∋⋈⋈⊞⋈≻∋⋈⋈⊞≻∋⋈⋈⋈≻⊞⊡∈⊤∈⋈⊞⋈⊤⊥⊞⋈⊤⋈∈∋⊥⊞≺∋⊤∈⊤∈⊞≺⋈⊤∈⊤∈⋈⊤∈∋⊤∈∋⋈⋈⊡∈⊤∈⊤∈⋈⋈⋈⋈⋈⊙⋈⋈⋈≺∋⊞⊤∈⋈⊞⋈⊞⊤∈∋⊡⋈⊞⋈⊞⋈⊙⋈⋈≺≺∋∋∋∋⊤∈∋∋∋⋈⋈⋈≺∋⊤∈∋⋈⋈⋈≻⊤∈∋⋈⋈⋈≻∋⋈⋈⋈≻∋⋈⋈⊞⋈≻∋⋈⋈⋈≻∋⋈⋈⋈≻∋⋈⋈⋈≻∋⋈≺∋⊞⋈⋈≻∋⋈⋈⋈≻∋⋈⋈≻∋⋈⋈⋈≻∋∋∋∋⋈⋈⋈≻∋⋈⋈≻∋⋈⋈⋈≻⋈⋈⋈⊤⊥⊤⊥⊞∈⋈⋈≺⋈⋈⋈⋈⊞⋈⋈⋈⋈⊡∈⋈⋈⋈⋈⋈⋈⋈≺∋∋⋈⊞⋈⊞⊤⊥⋈⋈⊥⊥⊞⋈⋈⋈⋈⋈⋈∋∋∋⋈⋈⋈⋈⋈⋈≻⊞⋈⋈⋈⋈⋈⋈⊣
0x279d3c40	⊢⋈⋈⋈⋈⋈⋈⋈⊞⋈⋈⊞⋈⊞⊞⋈⋈⊞⋈⊞⋈⊤⊥⋈⊞⋈⋈⊤∈⋈⊞⊤∈⋈≺⋈⊞⊤∈⋈⊞⊤⊥⋈⊥⋈⋈⊞⊞⊞⊤∈⋈∋∋⋈⊞⊞⊞⋈≺∋⋈⊞⊤∈∋⊤∈⋈⋈⊞⊤⊥⋈⊥⊤⋈⊥⊥⋈⊤∈⋈⋈≺∋⋈⋈≺⋈⋈⋈⋈⋈⊞⋈≺⊤⋈⋈⊥⋈⊥⊤⊥⊥⊤∈⋈⊤∈∈⋈⊞⋈⊞⊞⋈⊞⊞⋈⋈⊞⋈⊞⋈⋈⋈⊤∈⋈⊞⋈⊞⋈⋈⋈⊤∈⋈⋈⋈⊞⋈⋈⊞⋈⊞⊞⊞⊞⋈⊞⊞⊞⋈⊤∈⊞⋈⋈⋈⊞⊞⊞⋈⋈⋈⊞⊞⊞⋈⊞⋈⋈⊞⋈⊞⋈⋈⊞⋈⊞⋈⊞⋈⋈⋈⊤⋈⋈⋈⋈⋈∈⊤∈⊤∈⊤⊥⋈⋈⊥⊞⊤⊥⋈⋈⊥⊞≺⊤⊥⋈⋈⊥⊞≺⊤∈⊤⊥⋈⋈⊥⊞≺⊞⊤⊥⋈⊞≺∋∋∋∋⋈⊞⋈⋈⋈⋈⊞⋈⋈⊞⊞⋈⋈⋈⊞⋈⊞⋈⊞⊞⋈⋈∈⋈⊞⊞⊞⋈⋈⊞⋈⋈⋈⊞∈⋈⊤∈⋈⋈⋈⋈⊡∈⊤∈⋈⋈⊞⋈⋈⊞⊞⋈⊞⋈⊞⋈⋈⊞⋈⊞∈∋⊞⊞⋈⊞⊤⊥⋈⊞∈⊤∈⊞⋈⊞⊞⋈⊞⊞⋈⋈⊞⋈⊞⊞⊞⊞∈⋈⊤∈⋈⊤∈⊞∋∋⋈∋⋈⊞⊥⊤∈⊞⊞⋈⊤∈∋≺∋∋⋈⊞∈⊤∈∋⋈⋈⊤⋈∈⊞⊞⋈∈⊤∈⋈⋈⊤∈∋⊞⋈⊞⊤∈≺⋈⊞⊞⊞⊤⋈∈∋⋈≻∋⋈⊞⋈⊞⋈⊞⊤⊥⊤∈⊤∈∋⋈⋈≺⋈⋈⋈⋈⊞⊞⊞⊞⋈⊞⊞⊞⊞⊞⊞⊞⊞⋈⊡∈⋈⊤∈⋈⊤∈⊞⋈∋⊞⋈⊞⊥⊤∈⊞⊞⋈⊤∈∋≺∋∋∋⋈⊞∈⊤∈⊞⊞∈⊤∈∋∋⊤∈⋈⊞⊤∈≺∋∋∋∋∋∋∋∋⋈⋈⊞⋈⊞⊞⋈⋈⋈⊞⊞⋈⊞⊞⊞⊞⋈⊞⊥⊥⊞⋈⋈⋈⊞⊡⊡⊡⊡⊡⊡⊡⊡⊡⋈⋈⋈⊡⊡⊡⊡⊡⊡⊡⊡⊡⊡⋈⋈⊡⊡⊡⊡⊡⊡⊡⊡⊡⊡⊡⊡⊡⊡⊡⊡⊡⊡⊡⊡⋈⋈⊤∈⋈⊞⋈⋈⋈⋈≻⋈⋈≻⋈⋈≺∋≻⊤∈⋈⊞⋈⋈⋈≻⋈⋈≻⋈⋈⋈⊞⋈≺∋≻⋈⋈⋈⊙⋈⋈⊤⊥⊤∈⊤⋈∈⊞⊞⊞⊡∈⋈⋈⊞⊡⋈⊥⊤∈∋⊤∈⊤∈⋈⊞≺∋∋⋈⋈⊤⋈⊥⊤∈⊞⊡∈⊤∈⋈⊞⋈⊤⊥⊞⊤∈⋈⊤⋈∈∋⊥⊞⊤∈∋⋈⊞⋈≺∋⋈⊤∈⊤∈⊞⋈⊞⊞⊡∈⋈⋈⋈⋈⊞⊞⊤∈∋⊤∈⊤∈⋈⊞≺∋∋⋈⋈⊤∈⊤∈⊞⋈⊞⊞⊡∈⋈⋈⋈⋈⊞⊞⊤∈∋⊤∈⊤∈⋈⊞≺∋∋⋈⊤∈⊞⋈⊞⊞⊡∈⋈⋈⋈⋈⊞⊞⊤∈∋⊤∈⊤∈⋈⊞≺∋∋⋈⋈∋⋈⋈⋈⋈⋈⋈⋈⊙⋈⋈≻⋈⋈⋈⋈⊙⋈⋈≻⋈⋈⋈⋈⊙⋈⋈≻⋈⊤⋈⋈⊥⊤∈⋈⋈⋈⋈⊞≺∈⋈⋈⊡∈⊤∈⊞⊞⋈⊤∈⋈⋈⊞⊤∈∋∈∋⊞⋈∋⊤∈⋈⊞⊡∈⋈⊞⋈⊞⊡⋈⊥⊤∈∋⊤∈∋⋈⋈≺∋⋈⊤⋈⊥⊤∈⋈⊡∈⊤∈⊞⊞⋈⊤∈⋈⊤⋈∈∋∈∋⋈∋⊤∈⋈⊞⊡∈⋈⊞⋈⊞⊡⋈⊥⊤∈∋⊤∈∋⋈⊞≺∋⋈⊤⋈⊥⊤∈⋈⊡∈⊤∈⊞⊞⋈⊤∈⋈⊤⋈∈∋∈∋⋈∋⊤∈⋈⊞⊡∈⋈⊞⋈⊞⊡⋈⊥⊤∈∋⊤∈∋⋈⊞≺∋⋈⊤⋈⊥⊤∈⋈⊡∈⊤∈⊞⊞⋈⊤∈⋈⊤⋈∈∋∈∋⋈∋⊤∈⋈⊞⊡∈⋈⊞⋈⊞⊡⋈⊥⊤∈∋⊤∈∋⋈⊞≺∋⊤∈⊞⋈⋈⊤⋈⊥⊤∈⋈⊞⋈⊡∈⊤∈⋈⊞⋈⊤⊥⊞⋈⊤⋈∈∋⊥⊞≺∋⋈⋈⋈⊙⋈⊤⊥⊤∈⊤∈⊞⋈⊞⊞⋈⊡∈⋈⋈⊞⊡⋈⊥⊤∈∋⊤∈⊤∈⋈⊞≺∋∋⋈⋈⊤⊥⊤∈⊞⊡∈⊤∈⋈⊞⋈⊤⊥⊞⋈⊤⋈∈∋⊥⊞≺∋⊤∈⊤∈∋⊤∈⊤∈⋈⋈≻⋈⋈⊤⊥⊤∈⊞⊡∈⊤∈⋈⊤⋈∈∋∈≺⊤∈⊞⋈⊞⊞⊡∈⋈⋈⋈⋈⊞⊞⊤∈∋⊤∈⊤∈⋈⊞≺∋∋⋈⊤∈⊞⋈⊞⊞⊡∈⋈⋈⋈⋈⊞⊞⊤∈∋⊤∈⊤∈⋈⊞≺∋∋⋈⊤∈⊞⋈⊞⊞⊞∈⋈⋈⋈⋈⊞⊞⊤∈∋⊤∈⊤∈⋈⊞≺∋∋⋈⋈⊤⋈⊥⊤∈∋∋∋∋∋∋∋∋∋∋⋈⋈⊞≻∋⋈⊞⋈⊤∈∋∋⋈⋈⊡∈⊤∈⋈⋈⋈⋈⊙⊤∈⋈⊞⋈⊞⋈⋈⊤∈⋈⊞⊤∈∋⊡⋈⊞⋈⊞⋈⊙∋∋∋⊤∈∋∋⊤∈∋⋈⋈⋈≻∋∋⋈⋈⊞⋈≻∋⋈⋈⊞⋈≻∋∋∋∋⋈⋈⋈≻∋∋⋈⋈⋈⊞≻∋⋈⋈⊞⋈≻∋⋈⋈⋈≻∋⋈⋈⋈≻∋⋈⋈⋈≻∋∋∋∋∋∋∋∋⋈⋈⋈≻∋⋈≺∋⋈⋈≻∋⋈⋈≻∋⋈⋈⋈≻∋⋈⋈⋈⋈⋈⊤⋈∈⋈⋈⋈⋈⋈⊞⋈⋈⋈⋈⋈∋⋈⋈⊞⋈⊞⊤⊥⋈⋈⊥⊥⊞⋈⋈⋈⋈⋈⋈⋈⋈∋∋⋈⋈⋈⋈⋈⋈⋈≻⊞⋈⋈⋈⋈⋈⋈⊣
0x27a4e140	⊢⋈⊞⋈⋈⊞⊙
0x27a35010	⊢⋈⋈⋈⋈⋈⋈⋈⊞⋈⋈⋈⊞⋈⊞⊤⋈⊥⊤⊥⊤⋈⊥⊤∈⋈⊞⊞⊥⋈⊤⊥⊤∈≻∋⋈⋈⋈⋈≻⊤∈⋈⋈≻⋈⋈≻⋈≻⋈⋈⋈⋈⊞⋈⊤⊥⋈⋈⋈≻⋈⊞⋈⋈⋈⋈⋈⋈⊙⊞⊤⊥⋈⋈≻⊞⋈⋈⋈⋈⋈⋈⊣
0x27a42170	⊢⋈⋈⋈⋈⋈⋈⋈⊞⋈⋈⋈⊞⋈⊞⊤⋈⊥⊤⊥⊤⋈⊥⊤∈⋈⊞⊞⊥⋈⊤⊥⊤∈≻∋⋈⋈⋈⋈≻⊤∈⋈⋈≻⋈⋈⊙⋈≻⋈⊞⋈⊤⊥⋈⋈⋈≻⋈⊞⋈⋈⋈⋈⋈⋈⊙⊞⊤⊥⋈⋈≻⊞⋈⋈⋈⋈⋈⋈⊣
0x27a3e690	⊢⋈⋈⋈⋈⋈⋈⊞⋈⊞⋈⊞⊤⋈⊥⊤⊥⊤⋈⊥⊤∈⋈⊤∈≻∋⋈⋈⊤∈⋈⋈⋈⋈≻⋈⋈⋈⊤∈⋈⋈≻∋⋈⊞∋⊞⊤⊥⋈⋈≻⋈⊞⋈⋈⋈⋈⋈⊙⊞⊤⊥⋈⋈≻⊞⋈⋈⋈⋈⋈⊣
0x27a3a990	⊢⋈⋈⋈⋈⋈⋈⋈⊞⋈⋈⋈⊞⋈⊞⊤⋈⊥⊤⊥⊤⋈⊥⊤∈⋈⊞⊞⊥⋈⊤⊥⊤∈≻∋⋈⋈⋈⋈≻⊤∈⋈⋈≻⋈⋈⊙⋈≻⋈⊞⋈⊤⊥⋈⋈⋈≻⋈⊞⋈⋈⋈⋈⋈⋈⊙⊞⊤⊥⋈⋈≻⊞⋈⋈⋈⋈⋈⋈⊣
0x27a42050	⊢⋈⋈⋈⋈⋈⋈⋈⊞⋈⋈⋈⊞⋈⊞⊤⋈⊥⊤⊥⊤⋈⊥⊤∈⋈⊞⊞⊥⋈⊤⊥⊤∈≻∋⋈⋈⋈⋈≻⊤∈⋈⋈≻⋈⋈⊙⋈≻⋈⊞⋈⊤⊥⋈⋈⋈≻⋈⊞⋈⋈⋈⋈⋈⋈⊙⊞⊤⊥⋈⋈≻⊞⋈⋈⋈⋈⋈⋈⊣
0x27a45c70	⊢⋈⋈⋈⋈⋈⊤∈∈⋈⋈⊤∈⊞⊞⊤∈∋≺⊡∈⋈⋈⊤∈∋⊤∈⋈⊞⊞⊞⊞⊞⊞≺⋈⋈⋈⋈⋈⋈⋈⊞⋈⋈⊤∈⋈⋈≺∈∈⊞∈⋈⋈⊞⋈⋈⋈⋈⋈⋈≺⋈⊞⊞≺∈⊞⋈⊞∈⋈⋈⋈⋈⋈⋈⋈⋈⋈⋈⋈⋈⋈⊞∋⊤⋈⊥⋈⊤∈⋈⊡∈⊞⊤∈⋈⋈⋈⊤⊞∋⋈⋈⋈⋈⋈⊤∈⋈⋈⋈⋈⋈⋈⋈⋈⋈⋈⋈⋈⋈⋈⋈⊤∈∋≺∋∋⊤∈∋⊣⋈⊞⋈⊞⊞⊞⊞⊤∈⋈⋈≻⋈⋈⊤⊥⋈⊤⊥⊞⊤⊥⊞⊥⊤⊥≺∋⊞⊤∈⋈⊤∈⊞⋈⋈⋈⋈⋈⋈⋈⋈⋈⋈⋈⋈⋈⋈⋈⋈⋈⋈⊞⋈⋈⋈⊞⊞⊡∈⋈⋈⊤⋈⋈⋈⋈⋈⋈⋈⋈⊞⋈⋈⋈⊤∈∋∈⋈⊡∈⋈⊤⋈⋈⋈⋈⋈⋈⋈⋈⋈⊞⋈⊞∈∋≺∋⊤⋈⋈⋈⋈⋈⋈⋈⋈⊞⊤∈⋈⋈⋈⋈⋈⋈⋈⋈⋈⋈⋈⋈⋈⊞⊞⋈⊞⊞⊤∈∋∋⋈⋈⋈⋈⋈⋈⋈⋈⋈⋈⋈⋈⋈⋈⋈⋈⋈⋈⋈⊞⋈⋈⋈⊞⊞⊡∈⋈⋈⋈⊤⋈⋈⋈⋈⋈⋈⋈⊞⋈⋈⋈⊤∈∋∈⋈⊡∈⋈⋈⊤⋈⋈⋈⋈⋈⋈⋈⋈⊞⋈⊞∈∋≺∋⊤⋈⋈⋈⋈⋈⋈⋈⋈⊞⊤∈∋⊣⋈⋈⋈⋈⋈⋈⋈⋈⋈⋈⋈⋈⋈⋈⋈⊞⋈⊞⊞⋈⋈⋈≻⋈⊤∈∋∋∋⋈⋈⊞⋈⋈⋈⋈⋈⋈≺⋈⋈⋈⋈⋈⋈⋈⊞⊤∈⋈⋈⋈⊞⊤∈⋈⋈⋈⋈⋈⋈⋈⋈⋈⋈⋈⋈⋈⊞⊞⊤⊥⊥⋈⋈⊤⋈⋈⋈⋈⊥⋈⊥⋈⋈⋈⊤⋈⊥⊤⊥⊥⊥⊤⊥⊥⋈⊤⋈⊥⊥⋈⋈⋈⋈⋈⋈⋈⋈⋈⋈⋈⋈⋈⋈⋈⋈⋈⊞⊞⊤⊥⊥⋈⊞⋈⊞⊤⋈⋈⋈⋈⊥⊥⋈⋈⊤⋈⊥⋈⊤⋈⊥⊥⋈⊥⊤⊥⊥⋈⋈⊤⋈⋈⊥⋈⊥⋈⋈⋈⋈⋈⋈⋈⋈⋈⋈⋈⋈⋈⋈⋈⋈⋈≺∋⋈⊞⊤∈⋈⋈⋈⋈⋈≺∈⊞⋈⋈⋈⋈⋈⋈⋈⊤∈⊞⋈⋈⋈⊡∈⋈⋈⋈⋈⊤∈⋈⋈⊤⋈∈∋⋈⊞≺∋⋈⋈⋈∋⊤⋈⊞⊞⊤∈∋∋⋈⋈⋈⊞⊤∈⊞⋈⋈⋈≺∈⊞⋈⋈⋈⋈⋈⋈⋈⊤∈⊞⋈⋈⋈⊡∈⋈⋈⋈⋈⊤∈⋈⋈⊤⋈∈∋⊞≺∋⋈⋈⋈∋⊤⋈⊞⊞⊤∈∋∋⋈⋈⊞⋈⊞⋈⋈⋈⊡∈⋈⋈⋈⊞⊤⋈⊥⊥⋈⋈⊥⋈⋈⊤⋈⊞⊤⋈⊥⋈⋈⊞⋈⊞⋈⋈⋈⋈⋈⋈⋈⋈⊞⊞∈∋⊞⊤∈⋈⋈⊤⋈⊥⋈⋈⋈⋈⊥⊥∋⊤∈⊞⊤∈∋≻⊣∋⊞⋈⋈⋈⋈⋈⋈⊣⊞⊞⊤∈∋≺∋∋⊤∈⋈⊞⋈⋈⋈⊞⊡∈⋈⋈⋈⋈⋈⋈⋈⋈⋈⋈⋈⋈⊞⊞⊤∈∋∋⊣
0x279db83b	⊢⋈⊤∈∈⋈⊤∈∋⋈⋈∈⋈⋈⊤∈⋈⊤∋∈⋈⊞⊞⊤∈∋≺∋⋈⋈∈⋈⋈⊤∈⋈⊤∋∈⊞≺∋⊤∈⋈⊞⊞⊞⊞⊞⊞≺⋈⋈⋈⋈⋈⋈⊞⋈⋈⊤∈⋈⋈∈⊞∈⋈⋈⊞⋈⋈⋈⋈⋈⋈≺⋈⋈⊞⊞∈⊞⋈⊞∈⋈⊞⋈⋈⋈⋈⋈⋈⊞∋⊤⋈⊥⋈⊤∈⋈∈⊞⊤∈⋈⊞⊞⋈⊤∈⊞⊞⋈⊤∋⊥⋈⊞∋⋈⊞⋈⋈⊞⋈⋈⊤∈⋈⊤∋∈⊞∈⋈⋈⋈⋈⊞⊤∈∋⋈⋈⋈⊤∈∋∋∋⊤∈∋⋈⊣⋈⊞⋈⊞⊞⊞⊞⊤∈⋈⋈≻⋈⋈⋈⊤∈⋈⊤∋⊥⋈⊤∈⋈⊤∋⊥⋈⊤∈⊤∈⋈⊤∋⊥⊞⊥⋈≺∋∋⊞⊤∈⋈⋈⊤∈⋈⊤∋∈⋈⋈⋈⋈⋈⋈⋈⋈⋈⋈⋈⋈⋈⊞⋈⊞⋈⊤∈⋈⊞⊞∈⊤∈⊤∋⊥⋈⋈⊞⋈⋈⋈⋈⊤∈⊤∋⊥⊞⋈⋈⊞⋈⊞⋈⊞⊞⋈⋈⋈⋈⊞⊤∈∋⋈≺∋⊞⊤∈∈⋈⊤∈⊤∋⊥⊞⋈⊞⋈⋈⋈⋈⋈⊞⋈⋈⊤∈∋⊞⋈∋⋈⊞⋈⋈⊞⊤⊥⊞⊤⋈⊥⊥⋈⋈⊞⊤∈⋈⋈⊞⋈⋈⋈⋈⋈⋈⊞⊞⊞⊞⊞∋⋈⋈⋈⋈⋈⋈⋈⋈⋈⋈⋈⋈⋈⊞⋈⊞⋈⊤∈⋈⊞⊞∈⊤∈⊤∋⊥⋈⋈⊞⋈⋈⋈⋈⊤∈⊤∋⊥⋈⋈⊞⋈⋈⊞⊞⋈⋈⋈⋈⊞⊤∈∋⋈≺∋⊞⊤∈∈⋈⊤∈⊤∋⊥⋈⊞⋈⋈⋈⋈⋈⊞⋈⋈⊤∈∋⊞⋈∋⊞⊤⊥⊞⊤⊥⊥⋈⊞⋈⋈⋈⋈⋈⊞⋈⊤∈∋⊣⋈⊞⋈⋈⋈⋈⊞⋈⋈⋈⋈⋈⊞⊞⋈⋈⋈⋈≻⋈⋈⋈≺∋⊤∈∋∋⊤∈⋈⊞⊤⋈⋈∈⋈⊞⋈⋈⊞⊤∈⋈⋈⋈⋈⋈⋈⋈≻⋈⋈≻⋈⋈≺∋⋈⋈⊞⋈⊞⋈⋈≻⋈⊞⋈⋈⊞⋈⊞≻⋈⋈≺∋⋈⋈⊞⋈⋈⊞⋈⊞⋈⋈⊞⋈⋈⊞⋈⊞⊞∈⋈⊤⋈⊥⋈⊤∈⊞⋈⊞⋈⋈⊞⊞∈⋈⋈⋈⋈≻⊞⊞⊞∈∋∋⋈⊤⋈⋈⋈∈∋⋈⋈⋈≻∋⊞⋈⋈⋈⋈⋈⋈⊣⊤∈∋⋈⊞⊞⊞⊞∈⋈⋈⋈⋈⋈⋈⊞⊞⊤∈∋⊞⊞⊤∈∋≺∋∋⊣
0x27a4dae0	⊢⋈⋈⋈⋈⋈⋈≻⋈⊤∈⊡∈⋈≻∋∋⊞⋈⋈⊣
0x27a2ab20	⊢⋈⋈⋈⋈⋈⊞⋈⋈≻⋈⊞∈⋈⋈⋈⋈∈⋈⋈⋈⋈⋈≻⋈⊤∈∋⋈⊞⋈⋈⋈⋈⊙≺∋⊞⋈⋈⋈⋈⊣
0x27a468b0	⊢⋈⋈⋈⋈⋈⋈⊞⋈⋈⋈≻⋈⊞∈⋈⋈⋈∈⋈⋈⋈⋈⋈⋈≻⋈⊤∈∋⋈⊞⋈⋈⋈⋈⋈⊙≺∋⊞⋈⋈⋈⋈⋈⊣
0x27a45a00	⊢⋈⋈⋈⋈⋈⊞⋈⋈≻⋈⊞∈⋈⋈⋈∈⋈≺⋈⋈⋈⋈⋈⊞≻⊤∈⋈⋈⋈⊙≺⊞⋈⋈⋈⋈⋈⋈⋈⋈⋈⋈⋈⊙⊤∈⊙⋈⊞⊞⋈⋈⋈⋈⋈⊙⋈≺∋∋⋈⊤∈∋⊞⋈⋈⋈⋈⊣∋⋈⊞⋈⋈⋈⋈⊙
0x27a36fd0	⊢⋈⋈⋈⋈⋈⋈⋈⋈⋈⋈⊤∈⊞⋈⊞⋈⊞⋈⋈≻⋈⋈⋈⋈⋈≻⋈⊞⊞⋈⋈⋈⋈≻⋈⋈∋⋈⋈⊤⊥⋈⊤⊥⊞⊤⊥⊞⊥⊤⊥⋈⊞⋈⋈⋈⋈⋈⋈⊣
0x27a43790	⊢⋈⋈⋈⋈⋈⋈⋈⋈⋈⋈⊤∈⊞⋈⊞⋈⊞⋈⋈≻⋈⋈⋈⋈⋈≻⋈⊞⊞⋈⋈⋈⋈≻⋈⋈∋⋈⋈⊤⊥⋈⊤⊥⊞⊤⊥⊞⊥⊤⊥⋈⊞⋈⋈⋈⋈⋈⋈⊣
0x27a3f930	⊢⋈⋈⋈⋈⋈⋈⋈⋈⋈⋈⊤∈⊞⋈⊞⋈⋈⊞⋈⋈≻⋈⋈⋈⋈⋈≻⋈⊞⊞⋈⋈⋈⋈≻⋈⋈∋⋈⋈⊤⊥⋈⊤⊥⊞⊤⊥⊞⊥⊤⊥⋈⊞⋈⋈⋈⋈⋈⋈⊣
0x27a3cc40	⊢⋈⋈⋈⋈⋈⋈⋈⋈⋈⋈⊤∈⊞⋈⊞⋈⊞⋈⋈≻⋈⋈⋈⋈⋈≻⋈⊞⊞⋈⋈⋈⋈≻⋈⋈∋⋈⋈⋈⋈⊤∈⊥⊤⊥⊞⋈⋈⊤∈⊥⊤⊥⊞⊤∈⊤⋈∈≺⋈⋈⋈⊤∈∈⊤∈∋∋∋⋈⊤∈⊥⊤⊥⊞∋⊞⊥⋈≺∋∋∋∋⋈⊞⋈⋈⋈⋈⋈⋈⊣
0x27a467f0	⊢⋈⋈⋈⋈⋈⋈⋈⋈⋈⋈⊤∈⊞⋈⊞⋈⋈⊞⋈⋈≻⋈⋈⋈⋈⋈≻⋈⊞⊞⋈⋈⋈⋈≻⋈⋈∋⋈⋈⊤⊥⋈⊤⊥⊞⊤⊥⊞⊥⊤⊥⋈⊞⋈⋈⋈⋈⋈⋈⊣
0x27a44b60	⊢⋈⋈⋈⋈⋈⋈⋈⋈⋈⋈⊤∈⊞⋈⊞⋈⊞⋈⋈≻⋈⋈⋈⋈⋈≻⋈⊞⊞⋈⋈⋈⋈≻⋈⋈∋⋈⋈⊤⊥⋈⊤⊥⊞⊤⊥⊞⊥⊤⊥⋈⊞⋈⋈⋈⋈⋈⋈⊣
0x279e4968	⊢⋈⋈⋈⋈⋈⋈⋈⋈⋈⋈⊤∈⋈⊞⋈⊞⋈⊞⋈⋈⋈≻⋈⋈⋈⋈⋈≻⋈⊞⊞⋈⋈⋈⋈≻⋈∋⋈⋈⊤∈⋈⊤∋⊥⋈⊤∈⋈⊤∋⊥⊤∈⊤∈⋈⊤∋⊥⊞⊥⋈∋⋈⊞⋈⋈⋈⋈⋈⋈⊣
0x279db90d	⊢⋈⊤∈∈⋈⋈⊤∈⊞≺∋⋈⋈⋈⊤∈∈⊤∈⊤∋∈∋⋈⋈⋈⋈⋈⊤∈∋≺∋⋈⋈∋∋⊣
0x27a3cae0	⊢⋈⋈⋈⊤∈⋈⊥⊤⊥⊞∋⋈⋈⊤∈⋈⋈⋈⊤⊥⊤⊥⊞⊥⋈⊞⋈⋈≺∋⋈⊞⋈⊞⊞⊞⋈⊞⊞⋈⋈⋈⊤∈⋈⊥⊤⊥⊞∋⋈⋈⊤∈⋈⊥⊤⊥⊤⋈⊥⊤⊥⊥⊥⊤⊥⊥⋈⋈⋈⊤⋈⊥⊥≺∋⋈⊤∈⊥⋈⊤⊥⊤⋈⊥⊥⋈∋⋈⋈⋈⋈⋈⋈⋈⋈⋈⋈⋈⋈⋈⋈⋈⋈⊣
0x279e4a6e	⊢⋈⊤∈⋈⊤∋⊥⋈⊤∈⋈⊤∋⊥⋈⋈⊞⋈⊞⋈⊞⊞⋈⋈⊞⊞⊞⊞⊞⊞⋈⊤∈⋈⊤∋⊥⋈⊤∈⋈⊤∋⊥⋈⊤⋈⊥⊤⊥⋈⊥⊤⊥⋈⊤∈⋈⊤∋⊥⊤⊥⊤⊥⊤⋈⊥⊥⋈⋈⋈⋈⋈⋈⋈⋈⋈⊣
0x27a447e0	⊢⋈⋈⋈⋈⋈⋈⋈⋈⋈⋈⊞⊞⊤⊥⊥⊞⊤⊥⊞⋈⊞⋈⋈⊞⋈⊞⊞⊞⋈⋈⋈⊤⋈⊥⊤⊥⊥⋈⊥⊤⊥⊥⋈⊤⋈⊥⊥⋈⋈⋈⋈⋈⋈⋈⋈⋈⋈⊞⊞⊤⊥⊥⊞⊤⊥⊞⋈⊞⊞⋈⊞⋈⊞⋈⊞⊞⊞⋈⋈⋈⊤⋈⊥⊤⊥⊥⊥⊤⋈⊥⊥⋈⊤⋈⊥⊥⋈⋈⋈⋈⋈⋈⋈⋈⋈⋈⊞⊞⊤⊥⊥⊥⋈⋈⋈⋈⊞⊤⋈⊞⊤⋈⊞⋈⋈⊤⊥⊞⋈⊞⊞⋈⋈⊞⊞⋈⊞⊞⊤⋈⊥⊥⋈⊥⋈⋈⋈⋈⊤⋈⊞⊤⋈⋈⋈⊥⋈⊞⊞⋈⊞⋈⋈⊞⊞⋈⊞⊞⊤⋈⊥⊥⋈⊥⋈⋈⋈⋈⊤⋈⊞⊤⋈⊞⊞⊞⊤⋈⊥⊞⋈⊞⋈⋈⋈⊞⊞⋈⊞⊞⊤⊥⊥⋈⊥⋈⋈⋈⋈⊤⋈⊞⊤⊞⊞⊞⊤⋈⊥⋈⋈⊞⊞⊞⊞⊞⊤∈⋈⊞⊞⊞⋈⊞⊤∈∋≻⊞⋈⋈⋈⋈⋈⋈⊣
0x279e4a33	⊢⋈⋈⋈⋈⋈⋈⋈≻⊞⋈⋈≻⋈⋈⋈⋈⋈⋈≺⋈⋈⋈⋈⋈⋈⊞⋈⊞⊞⊞⋈⊞⋈⋈⊞⊞∈⋈⊤∈⋈⊤∋⊥⋈⊤∈⋈∋⋈⋈⋈⊤∈⋈⊤∋⊥⋈⊤∈⋈∋⋈⋈⊞⊞⊞⋈⊞⊞⊞⋈⋈⋈⊞⊞⊞⊞⊞⋈⊞∈∋⊞⊤∈⊞⊞⊤⊥⊥⋈⊥⋈⋈⊞⊞⊞⊞∋⊤∈⊞⊤∈∋≻⋈⋈⋈⋈⋈⊣⋈⋈⋈⋈⋈⊣
0x27a35150	⊢⊞⊞⋈⋈⋈≺∈⋈⋈⊤∈⋈⋈⋈⋈⊡∈⋈⋈⋈⋈⋈⊤∈⊞⋈⋈⊤∈∋⊞⊞≺∋⋈⋈⋈⋈∋⋈⊞⋈⊤∈∋⊣
0x27a3aab0	⊢⋈⋈⊞⊞⋈⊞⋈≺∈⋈⋈⋈⋈⊤∈∈⊤∈∋⋈⋈⋈⋈⋈⋈⋈⊤∈⋈≺∈⋈⋈⊞⊤∈∈⊤∈∋⋈⋈⋈⋈⊞∈∋⋈≺∋∋∋⋈⋈⋈⋈∋∋⋈⊞⊤∈∋⋈⋈⊣
0x27a36070	⊢⋈⋈⋈⋈⋈⋈⋈⊞⋈⋈⋈⋈⋈⊞⊞⊤⊞⋈⊤⋈⋈∈⊞⊞⋈⊞⊞⊞⋈⊞⊞⊞⊞⋈⊞⋈⊞⊤⋈⊥⋈≺∋⋈⋈⋈⋈⋈⋈⋈⊞⋈⋈⊞⊞⋈⋈⋈⋈⊡∈⋈⊞∈⊞⋈⋈⊤∈≺⋈⊞⋈⋈⊤∈⊤∈⋈⋈⊤∈⋈⊤∈⋈⋈⋈⋈⋈⋈⊞∈⋈⋈⊤∈⊞⊞⊤∈∋≺⋈⊤∈⋈⋈⋈⋈⋈⊡∈⋈⋈⊤∈⊞⊞⊤∈∋∋⋈∋∋⊤⋈⋈∈⊤∈⋈⋈⊤∈∋∋⋈⊡⋈⋈⊞≺⋈⋈∋⋈⊞⋈⊞⊞⊞⊡∈⋈⋈⋈⋈⋈⋈⋈⋈⋈⋈⋈⋈⋈⋈⋈⋈⊞⊞⊞∈∋⋈⋈≺⋈≺∋⊤∈⋈⋈⊤⊥⊞≺⋈⊤⋈⊥⋈⊞⊞⋈≻⋈⋈⋈⋈⋈≺∋∋∋∋⋈⊞⋈⊞⋈⊞⋈⋈⊞⊞⊞⋈⊞⊞⊤∈∋⋈⊞⋈⊞⋈⊞⋈⋈⋈≺∈∈⊤∈⊞⋈⋈⊞⋈⊞⋈⊤∈⋈⊞⊞∈∋⊞⊞⊞⊤⋈⋈∈⋈⊞⊞⊞⊞⊞⋈⋈⋈⊞≻⋈⋈⋈⋈⋈⋈⊤∈⊤∈∋⋈⋈⊞⊞⋈⊞⊞⊞⊞⊞⋈⊞≻⋈⋈⋈⋈⋈⋈⊤∈∋⊤∈∋⊤∈⊤⋈⊥⊤∈⋈⋈⊞⊞⊤⋈⊥⊞⋈⋈⊙⋈⊞⊤∈⋈⋈⊡∈⋈⋈⊞⊞⊤⊥⊥⋈⊥⋈⋈⋈⋈⊞⊞⊞⊤∈⋈⊞⊞⊤∈∋≺⋈⊡∈⋈⋈⋈⊞⊞⊤⊥⊥⊥⋈⋈⋈⋈⊞⊞⊞⊞⊞⊞⊤∈⊞⊤∈∋≺∋⋈⋈∋∋⊞⋈⋈⊙⋈⋈⋈⋈⋈≺∋∋∋∋⋈⋈⊤∈∋⊞⋈⊤∈∋≺∋⋈∋∋∋⋈⋈⊤∈⊤∈⊞⋈⋈⋈⋈⋈⋈⊣⋈⋈⊞⊞⊞⊞⊞⋈⊞⊞⋈⋈⋈⋈⋈⋈≺⋈⋈⋈⋈⋈⋈⋈⊞⋈⋈⋈⋈⊤∈⋈⋈⋈⋈∈⋈⋈⊡∈⊞∈⋈⋈⋈⋈⋈≻≺⋈⋈⊞⋈⊞⊞⊞⊞⊤∈⋈⋈≻⋈⋈⊤⊥⋈⊤⊥⊞⊤⊥⊞⊥⊤⊥≺∋⋈⊞⊞⋈⋈⋈⋈⊤∈⋈⋈⊤∈∋⊤∈⋈⊞⋈⋈⊞⋈⊞⊞⊞⋈⋈⋈∈⋈⊞⊞⊤∈⊞∈⋈⊞⋈⊞⊤⋈⊥⋈⋈⋈⋈⊞⊞⊤∈∋∋⊤∈⋈⋈⊞⋈⋈⊙⋈⊞∈⋈⊞⊞⋈⊡∈⋈⋈⋈⋈⊞⊞⊞∈∋∋⊤⋈⋈∈∋⊤∈⋈⊞⋈⋈⊞⋈⊞⊞⊞⊡∈⋈⊞⊞⊤∈∈⋈⊞⋈⊞⊤⋈⊥⋈⋈⋈⋈⊞⊞⊤∈∋∋⊤∈⋈⊞⋈⋈⋈⊙⋈⊞∈⋈⊞⊞⋈⋈⊡∈⋈⋈⋈⋈⊞⊞⊞∈∋⊤∈⋈⋈⋈⋈≻⋈⋈⋈⋈⊙⋈≻⋈⋈⊤⋈⋈⋈∈∋≺⊞⋈⊞⋈⋈⋈⋈⊞⊞⋈≺∋⊤∈⋈⋈⋈≻⋈⊞⋈⋈⋈⋈⋈⋈⋈≻⋈⋈⊤∈∋≺⋈⊞⋈⋈⋈⋈⊞⊞⋈≺∋∋∋⊤∈⋈⊞⊤⋈⋈∈⋈⋈⋈⋈⋈⊞⋈⋈⋈⋈⋈⋈⋈⊞⊞⊤⊥⊥⊞⊤⊥⊞⋈⊞⋈⋈⊞⋈⊞⊞⊞⋈⋈⋈⊤⋈⊥⊤⊥⊥⋈⋈⊥⊤⊥⋈⊥⋈⊤⋈⊥⊥⋈⊞⋈⋈⊞⊞⋈⊤⋈⋈⊥⊥⊞⋈⊤⊥⊞⊞⋈⋈⊞⋈⊞⊞⊞⋈⋈⋈⊤⋈⊥⊤⋈⋈⊥⊥⊥⊤⋈⋈⋈⋈⋈⊥⋈⊥⋈⋈⋈⊤⋈⋈⋈⊥⋈⊥⋈⋈⋈⋈⋈⋈⋈⋈⋈⋈⋈⋈⋈⋈⋈⋈⋈⋈⋈⋈⋈⋈⋈⋈⋈⋈≺∋⋈⊞⊤∈⋈⋈⊞⋈≺∈⋈⋈⊞⋈⋈⋈⋈⋈⊤∈⋈⊞⋈⋈⊡∈⋈⋈⋈⋈⋈⊤∈⊞⋈⋈⊤∈∋⊞⊞≺∋⋈⋈⋈⋈∋⊤⋈⊞⊞⊤∈∋∋⋈⊞⋈⊤∈⊞⋈⋈⊞≺∈⋈⋈⊞⋈⋈⋈⋈⋈⊤∈⋈⊞⋈⋈⊡∈⋈⋈⋈⋈⋈⊤∈⊞⋈⋈⊤∈∋⊞⊞≺∋⋈⋈⋈⋈∋⊤⋈⊞⊞⊤∈∋∋⋈⊞⋈⊞⋈⋈⋈⋈⋈≺∈⋈⊞⊞⋈⊤⊥⊥∈⋈∋⋈⋈⋈⋈⋈⋈⊤⋈⊞⋈⊤∈⋈≺∋⋈⋈⋈⊞⊞⊞⋈⋈⊞⊞⊞⋈⋈⋈⋈⊞⊞⊞⊞⊞⊡⋈∈∋⊞⊤∈⊞⊞⊤⊥⊥⋈⊥⋈⋈⋈⋈⊞⊞⊞⊞∋⊤∈⊞⊤∈∋∋≻∋∋⊣∋∋∋⊞⋈⋈⋈⋈⋈⋈⊣⊞⋈⋈⊞⊞≺∋
0x27a42830	⊢⋈⋈⋈⋈⋈⋈⋈⊞⋈⋈⋈⋈⋈⊞⊞⊤⊞⋈⊤⋈⋈∈⊞⊞⋈⊞⊞⊞⋈⊞⊞⊞⊞⋈⊞⋈⊞⊤⋈⊥⋈≺∋⋈⋈⋈⋈⋈⋈⋈⊞⋈⋈⊞⊞⋈⋈⋈⋈⊡∈⋈⊞∈⊞⋈⋈⊤∈≺⋈⊞⋈⋈⊤∈⊤∈⋈⋈⊤∈⋈⊤∈⋈⋈⋈⋈⋈⋈⊞∈⋈⋈⊤∈⊞⊞⊤∈∋≺⋈⊤∈⋈⋈⋈⋈⋈⊡∈⋈⋈⊤∈⊞⊞⊤∈∋∋⋈∋∋⊤⋈⋈∈⊤∈⋈⋈⊤∈∋∋⋈⊡⋈⋈⊞≺⋈⋈∋⋈⊞⋈⊞⊞⊞⊡∈⋈⋈⋈⋈⋈⋈⋈⋈⋈⋈⋈⋈⋈⋈⋈⋈⊞⊞⊞∈∋⋈⋈≺⋈≺∋⊤∈⋈⋈⊤⊥⊞≺⋈⊤⋈⊥⋈⊞⊞⋈≻⋈⋈⋈⋈⋈≺∋∋∋∋⋈⊞⋈⊞⋈⊞⋈⋈⊞⊞⊞⋈⊞⊞⊤∈∋⋈⊞⋈⊞⋈⊞⋈⋈⋈≺∈∈⊤∈⊞⋈⋈⊞⋈⊞⋈⊤∈⋈⊞⊞∈∋⊞⊞⊞⊤⋈⋈∈⋈⊞⊞⊞⊞⊞⋈⋈⋈⊞≻⋈⋈⋈⋈⋈⋈⊤∈⊤∈∋⋈⋈⊞⊞⋈⊞⊞⊞⊞⊞⋈⊞≻⋈⋈⋈⋈⋈⋈⊤∈∋⊤∈∋⊤∈⊤⋈⊥⊤∈⋈⋈⊞⊞⊤⋈⊥⊞⋈⋈⊙⋈⊞⊤∈⋈⋈⊡∈⋈⋈⊞⊞⊤⊥⊥⋈⊥⋈⋈⋈⋈⊞⊞⊞⊤∈⋈⊞⊞⊤∈∋≺⋈⊡∈⋈⋈⋈⊞⊞⊤⊥⊥⊥⋈⋈⋈⋈⊞⊞⊞⊞⊞⊞⊤∈⊞⊤∈∋≺∋⋈⋈∋∋⊞⋈⋈⊙⋈⋈⋈⋈⋈≺∋∋∋∋⋈⋈⊤∈∋⊞⋈⊤∈∋≺∋⋈∋∋∋⋈⋈⊤∈⊤∈⊞⋈⋈⋈⋈⋈⋈⊣⋈⋈⊞⊞⊞⊞⊞⋈⊞⊞⋈⋈⋈⋈⋈⋈≺⋈⋈⋈⋈⋈⋈⋈⊞⋈⋈⋈⋈⊤∈⋈⋈⋈⋈∈⋈⋈⊡∈⊞∈⋈⋈⋈⋈⋈≻≺⋈⋈⊞⋈⊞⊞⊞⊞⊤∈⋈⋈≻⋈⋈⊤⊥⋈⊤⊥⊞⊤⊥⊞⊥⊤⊥≺∋⋈⊞⊞⋈⋈⋈⋈⊤∈⋈⋈⊤∈∋⊤∈⋈⊞⋈⋈⊞⋈⊞⊞⊞⋈⋈⋈∈⋈⊞⊞⊤∈⊞∈⋈⊞⋈⊞⊤⋈⊥⋈⋈⋈⋈⊞⊞⊤∈∋∋⊤∈⋈⋈⊞⋈⋈⊙⋈⊞∈⋈⊞⊞⋈⊡∈⋈⋈⋈⋈⊞⊞⊞∈∋∋⊤⋈⋈∈∋⊤∈⋈⊞⋈⋈⊞⋈⊞⊞⊞⊡∈⋈⊞⊞⊤∈∈⋈⊞⋈⊞⊤⋈⊥⋈⋈⋈⋈⊞⊞⊤∈∋∋⊤∈⋈⊞⋈⋈⋈⊙⋈⊞∈⋈⊞⊞⋈⋈⊡∈⋈⋈⋈⋈⊞⊞⊞∈∋⊤∈⋈⋈⋈⋈≻⋈⋈⋈⋈⊙⋈≻⋈⋈⊤⋈⋈⋈∈∋≺⊞⋈⊞⋈⋈⋈⋈⊞⊞⋈≺∋⊤∈⋈⋈⋈≻⋈⊞⋈⋈⋈⋈⋈⋈⋈≻⋈⋈⊤∈∋≺⋈⊞⋈⋈⋈⋈⊞⊞⋈≺∋∋∋⊤∈⋈⊞⊤⋈⋈∈⋈⋈⋈⋈⋈⊞⋈⋈⋈⋈⋈⋈⋈⊞⊞⊤⊥⊥⊞⊤⊥⊞⋈⊞⋈⋈⊞⋈⊞⊞⊞⋈⋈⋈⊤⋈⊥⊤⊥⊥⋈⋈⊥⊤⊥⋈⊥⋈⊤⋈⊥⊥⋈⊞⋈⋈⊞⊞⋈⊤⋈⋈⊥⊥⊞⋈⊤⊥⊞⊞⋈⋈⊞⋈⊞⊞⊞⋈⋈⋈⊤⋈⊥⊤⋈⋈⊥⊥⊥⊤⋈⋈⋈⋈⋈⊥⋈⊥⋈⋈⋈⊤⋈⋈⋈⊥⋈⊥⋈⋈⋈⋈⋈⋈⋈⋈⋈⋈⋈⋈⋈⋈⋈⋈⋈⋈⋈⋈⋈⋈⋈⋈⋈⋈≺∋⋈⊞⊤∈⋈⋈⊞⋈≺∈⋈⋈⊞⋈⋈⋈⋈⋈⊤∈⋈⊞⋈⊞⋈⊡∈⋈⋈⋈⋈⋈⊤∈⊞⋈⋈⊤∈∋⊞⊞≺∋⋈⋈⋈⋈∋⊤⋈⊞⊞⊤∈∋∋⋈⊞⋈⊤∈⊞⋈⋈⊞≺∈⋈⋈⊞⋈⋈⋈⋈⋈⊤∈⋈⊞⋈⊞⋈⊡∈⋈⋈⋈⋈⋈⊤∈⊞⋈⋈⊤∈∋⊞⊞≺∋⋈⋈⋈⋈∋⊤⋈⊞⊞⊤∈∋∋⋈⊞⋈⊞⋈⋈⋈⋈⋈≺∈⋈⊞⊞⋈⊤⊥⊥∈⋈∋⋈⋈⋈⋈⋈⋈⊤⋈⊞⋈⊤∈⋈≺∋⋈⋈⋈⊞⊞⊞⋈⋈⊞⊞⊞⋈⋈⋈⋈⊞⊞⊞⊞⊞⊡⋈∈∋⊞⊤∈⊞⊞⊤⊥⊥⋈⊥⋈⋈⋈⋈⊞⊞⊞⊞∋⊤∈⊞⊤∈∋∋≻∋∋⊣∋∋∋⊞⋈⋈⋈⋈⋈⋈⊣⊞⋈⋈⊞⊞≺∋
0x27a3ea50	⊢⋈⋈⋈⋈⋈⋈⋈⊞⋈⋈⋈⋈⋈⊞⊞⊤⊞⋈⊤⋈⋈∈⊞⊞⋈⊞⊞⊞⋈⊞⊞⊞⊞⋈⊞⋈⊞⊤⋈⊥⋈≺∋⋈⋈⋈⋈⋈⋈⋈⊞⋈⋈⊞⋈⊞⋈⋈⋈⊡∈⋈⊞∈⊞⋈⊤∈≺⋈⋈⋈⊤∈⊤∈⋈⋈⊤⋈∈⋈⊤∈⋈⋈⋈⋈⋈⊡∈⋈⋈⊤∈⊞⊞⊤∈∋≺⊤∈⋈⋈⋈⋈⋈⊡∈⋈⋈⊤∈∋⋈⊞⊞⊤∈∋∋⋈⋈≺∋⊤⋈∈⊤∈⋈⋈⊤∈∋∋⋈⊡⋈⋈⊞≺⋈⋈⋈∋⋈⋈⋈⋈⋈⋈⊞⊡∈⋈⋈⋈⋈⋈⋈⋈⋈⋈⋈⋈⋈⊞⊞⊞∈∋⋈⋈≺⋈≺∋⊤∈⋈⊤⊥⊞≺⊤⋈⊥⋈⋈⊞⋈⊞≻⋈⋈⋈⋈⋈≺∋∋∋∋⋈⊞⋈⊞⋈⊞⋈⋈⊞⊞⊞⋈⊞⊞⊤∈∋⋈⋈⋈⊞⋈⊞⋈⋈⋈⋈≺∈∈⊤∈⊞⋈⋈⊞⋈⊞⋈⊤∈⋈⊞⊞∈∋⋈⊞⋈⋈⋈⊤⋈⋈∈⋈⊞⊞⊞⊞⊞⋈⋈⋈⊞≻⋈⋈⋈⋈⋈⋈∋⊤∈⋈⋈⋈⋈⊞⊞⊞⊞⊞⋈⊞≻⋈⋈⋈⋈⋈⋈∋⊤⋈∈⊤∈⊤⋈⊥⊤∈⋈⋈⋈⊤⋈⊥⊞⋈⋈⋈⊙⋈⊞⊤∈⋈⋈⊡∈⋈⊞⊞⊤⊥⊥⋈⊥⋈⋈⋈⋈⋈⋈⊞⊤∈⋈⋈⋈⊤∈∋≺⋈⊞∈⋈⋈⋈⊞⊞⊤⊥⊥⊥⋈⋈⋈⋈⋈⋈⋈⋈⊞⊤∈⊞⊤∈∋≺∋⋈⋈∋∋⊞⋈⋈⊙⋈⋈⋈⋈⋈⋈∋∋∋⋈⋈⊤∈∋⊞⋈⊤∈∋≺∋⋈∋∋∋⋈⋈⊤∈⊤∈⊞⋈⋈⋈⋈⋈⋈⊣⋈⋈⊞⊞⊞⊞⊞⋈⊞⊞⋈⋈⋈⋈⋈⋈≺⋈⋈⋈⋈⋈⋈⋈⊞⋈⋈⋈⋈⋈⊤∈⋈⋈⋈∈⋈⊡∈⊞∈⋈⋈⋈⋈⋈≻≺⋈⋈⊞⋈⊞⊞⊞⊞⊤∈⋈⋈≻⋈⋈⋈⊤⊥⋈⊤⊥⊞⊤⊥⊞⊥⊤⊥≺∋⋈⊞⊞⋈⊞⋈⋈⋈⋈⊤∈⋈⋈⊤∈∋⊤∈⋈⋈⋈⋈⊞⋈⊞∈⋈⋈⊤∈⊡∈⊞⋈⊤⋈⋈⊥⋈⋈⋈⋈⊞⊞⊤∈∋∋⊤∈⋈⋈⋈⋈⋈⊙⋈⊞∈⋈⋈⋈⋈⋈⋈⊡∈⋈⋈⋈⋈⊞⊞⊞∈∋∋⊤⋈∈∋⊤∈⋈⋈⋈⋈⊞⋈⊞∈⋈⋈⊤∈⊡∈⋈⊞⊤⋈⊥⋈⋈⋈⋈⋈⊞⊞⊤∈∋∋⊤∈⋈⋈⋈⋈⋈⊙⋈⊞∈⋈⋈⋈⋈⋈⋈⋈⊡∈⋈⋈⋈⋈⊞⊞⊞∈∋⊤⋈∈⋈⋈⋈⋈≻⋈⊞⋈⋈⋈⊙⋈≻⋈⋈⊤⋈∈∋≺⊞⋈⋈⋈⋈⋈⊞⊞⋈≺∋⊤∈⋈⋈⋈≻⋈⋈⋈⋈⋈⋈⋈≻⋈⊤∈∋≺⋈⋈⋈⋈⋈⊞⊞⋈≺∋∋∋⊤∈⋈⊞⊤⋈∈⋈⋈⋈⋈⋈⋈⋈⋈⋈⋈⋈⋈⋈⊞⊞⊤⊥⊥⋈⋈⊤⋈⋈⋈⋈⊥⋈⊥⋈⋈⋈⊤⋈⊥⊤⊥⊥⋈⊥⊤⊥⊥⋈⊤⋈⊥⋈⊥⋈⋈⋈⋈⋈⋈⊞⊞⋈⊤⊥⊥⋈⋈⋈⊞⊞⋈⊤⋈⋈⋈⋈⊥⊥⋈⋈⊤⋈⊥⋈⊤⋈⊥⊥⊥⊤⋈⋈⋈⋈⋈⋈⋈⋈⋈⋈⋈⋈⋈⊥⋈⊥⋈⋈⋈⊤⋈⋈⊥⋈⊥⋈⋈⋈⋈⋈⋈⋈⋈⋈⋈⋈⋈⋈⋈⋈⋈⋈⋈⋈≺∋⋈⊞⊤∈⋈⋈⋈⋈≺∈⊞⋈⋈⋈⋈⋈⋈⋈⊤∈⊞⋈⋈⋈⊡∈⋈⋈⋈⋈⊤∈⋈⋈⊤⋈∈∋⊞≺∋⋈⋈⋈∋⊤⋈⊞⊞⊤∈∋∋⋈⋈⋈⊤∈⊞⋈⋈⋈≺∈⊞⋈⋈⋈⋈⋈⋈⋈⊤∈⊞⋈⋈⋈⊡∈⋈⋈⋈⋈⊤∈⋈⋈⊤⋈∈∋⊞≺∋⋈⋈⋈∋⊤⋈⊞⊞⊤∈∋∋⋈⋈⊞⋈⋈⋈⋈≺∈⋈⋈⊞⊞⋈⊤⊥⊥∈⋈∋⋈⋈⋈⋈⋈⋈⊤⋈⊞⋈⊤∈⋈≺∋⋈⋈⋈⋈⋈⋈⋈⋈⊞⋈⊞⋈⋈⋈⋈⋈⋈⋈⋈⊞⋈⊞∈∋⊞⊤∈⊞⊞⊤⊥⊥⋈⊥⋈⋈⋈⋈⋈⋈⋈⋈∋⊤∈⊞⊤∈∋∋≻∋∋⊣∋∋∋⊞⋈⋈⋈⋈⋈⋈⊣⊞⋈⊞⊞⋈≺∋
0x27a3bba0	⊢⋈⋈⋈⋈⋈⋈⋈⊞⋈⋈⋈⋈⋈⊞⊞⊤⊞⋈⊤⋈⋈∈⊞⊞⋈⊞⊞⊞⋈⊞⊞⊞⊞⋈⊞⋈⊞⊤⋈⊥⋈≺∋⋈⋈⋈⋈⋈⋈⋈⊞⋈⋈⊞⋈⊞⋈⋈⋈⊡∈⋈⊞∈⊞⋈⋈⊤∈≺⋈⊞⋈⋈⋈⊤∈⊤∈⋈⋈⊤∈⋈∈⊤∈∋⊤∈⋈⋈⋈⋈≺∈⋈⋈⊤∈⋈∈⊤∈∋⊞⊞⋈⊤∈∋⊞∋⊞≺⋈⊞≺∋⋈⋈⊤∈⋈⋈⋈⋈≺∈⋈⋈⊤∈∈⋈⊤∈∋⊞⊞⊤∈∋∋⋈≺∋∋∋⋈∋∋⊤⋈∈⊤∈⋈≺⋈⊤∈⋈⋈⊞⋈⊞⋈⊞⊞⊞⊡∈⋈⋈⋈⋈⋈⋈⋈⋈⋈⋈⋈⋈⋈⋈⋈⋈⊞⊞⊞∈∋⋈⋈⋈≺⋈∋∋∋⋈⋈≺∋⊤∈⋈⋈⋈⊤⊥⊞⊤⋈⊥⋈⋈⊞⊞≻⋈⋈⋈⋈⋈≺∋∋⋈⊞⋈⊞⋈⊞⋈⋈⊞⊞⊞⋈⊞⊞⋈⊤∈∋⋈⊞⋈⊞⋈⊞⋈⋈⋈≺∈∈⊤∈⊞⋈⋈⊞⋈⊞⋈⊤∈⋈⊞⊞∈∋⊞⊞⊞⊤⋈⋈∈⋈⊞⊞⊞⊞⊞⋈⋈⋈⊞≻⋈⋈⋈⋈⋈⋈⊤∈⊤∈∋⋈⋈⊞⊞⋈⊞⊞⊞⊞⊞⋈⊞≻⋈⋈⋈⋈⋈⋈⊤∈∋⊤∈∋⊤∈⊤⋈⊥⊤∈⋈⋈⊞⊞⊤⋈⊥⊞⋈⋈⊙⋈⊞⊤∈⋈⋈⊡∈⋈⋈⊤∈⋈⊥⊤⊥⊞⋈⊞⊤⋈⊥⋈⋈⋈⊞⋈≺∋⋈⋈⋈⋈⊞⊞⊞⊤∈⊞⊞⊤∈∋≺⋈⊡∈⋈⊞⋈⊞⋈⋈⊤∈⋈⊥⊤⊥⋈⊞∈⋈∋∋⋈⋈⋈⋈⋈⊞⋈⊞⊞⊞⊞⊤∈⊞⊤∈∋≺∋⋈⋈∋∋⊞⋈⋈⊙⋈⋈⋈⋈⋈≺∋∋∋∋⋈⋈⊤∈∋⊞⋈⊤∈∋≺∋⋈∋∋∋⋈⋈⊤∈⊤∈⊞⋈⋈⋈⋈⋈⋈⊣⋈⋈⊞⊞⊞⊞⊞⋈⊞⊞⋈⋈⋈⋈⋈⋈≺⋈⋈⋈⋈⋈⋈⋈⊞⋈⋈⋈⋈⋈⊤∈⋈⋈⋈∈⋈⋈⊡∈⊞∈⋈⋈⋈⋈⋈≻≺⋈⊞⋈⊞⊞⊞⊞⋈⊤∈⋈≻⋈⋈≺⋈⋈⋈⋈⊤∈⊥⊤⊥⊞⋈⋈⊤∈⊥⊤⊥⊞⋈⊤⋈∈⊡⋈⊤⋈⋈∈≺⋈⋈⋈⊤∈⋈⋈∈⋈⊤∈≺⋈≺∋∋∋⋈⊤∈⊥⊤⊥⊞∋⊞⊥⋈∋∋∋∋∋⋈⋈⊞⊞⋈⋈⋈⋈⊤∈⋈⋈⊤∈∈⋈⋈⊤∈∋∋⊤∈⋈⊞⋈⊞⋈⋈⋈⋈∈⋈⊞⊞≺∈⊤∈⊤∈⋈⋈⊞⋈⋈⊙⋈⋈⊞∈⋈⊞⊞⋈∈⋈⋈⋈⋈⊞⊞⊞∈∋∋⊤⋈∈∋∋⊤∈⋈⊞⋈⊞⊞⋈⊞∈⋈⊞⊞≺∈⊤∈⊤∈⋈⊞⋈⋈⋈⋈⊙⋈⋈⊞∈⊞⋈⊞⋈⋈⊡∈⋈⋈⋈⋈⊞⊞⊞∈∋⊤∈⋈⋈⋈≻⋈⋈⋈⋈⊙⋈≻⋈⋈⊤⋈⋈∈∋≺⊞⋈⊞⋈⋈⋈⋈⊞⊞⋈≺∋⋈⋈⊤∈⋈⊥⊤⊥⊞⊞⊤⋈⊥⋈⊞⊞⋈≺∋⊞⊞⋈⋈⋈⋈⊞⋈∋⊤∈⋈⋈⋈≻⋈⊞⋈⋈⋈⋈⋈⋈≻⋈⊤∈∋≺⋈⊞⋈⋈⋈⋈⊞⊞⋈≺∋⋈⋈⊤∈⋈⊥⊤⊥⊞⊞⊤⋈⊥⋈⊞⋈⋈≺∋⊞⊞⋈⋈⋈⋈⊞⋈∋∋∋⊤∈⋈⋈⊞⋈⊞⋈⊞⊤⋈⋈∈⋈⋈⋈⋈⋈⋈⋈⋈⋈⋈≻⋈⋈≻⋈≺∋⋈⊞⋈⊤∈⋈⋈⊞⊞⋈≺∈⋈⋈⋈⊞⋈⋈⋈⋈⋈⋈⊞⋈⋈⊤∈∈⊤∈∋⊞⋈⋈⋈⋈⋈⋈⊤∈⋈≺∈⋈⋈⊞⊤∈∈⊤∈∋⋈⋈⋈⋈⊞∈∋⋈≺∋∋∋⋈⋈⋈⋈∋∋⊤⋈⊞⊞⊤∈∋∋⊤⋈∈⋈⋈⊞⊞≺∈⋈⋈⋈⊞⋈⋈⋈⋈⋈⊞⋈⋈⊤∈∈⊤∈∋⊞⋈⋈⋈⋈⋈⋈⊤∈⋈≺∈⋈⋈⊞⊤∈∈⊤∈∋⋈⋈⋈⋈⊞∈∋⋈≺∋∋∋⋈⋈⋈⋈∋∋⋈⊤⋈⊞⊞⊤∈∋∋⋈⊞⋈⋈⊞⋈⊞⊞⋈⋈≺∈⋈⋈⋈⋈⋈⊤∈⋈⊥⊤⊥⋈⊞∈⋈∋∋⋈⋈⋈⋈⋈⋈⋈⊤∈⋈⊥⊤⊥⋈⊞∈⋈≺∋∋⋈⊞⊞⊞⋈⊞⊞⊞⋈⋈⋈⋈⋈⊞⊞⊞⊞⊞⊞∈∋⊞⊤∈⊞⊞⊤⊥⊥⋈⊥⋈⋈⋈⋈⊞⊞⊞⊞∋⋈⊤∈⊞⊤∈∋∋≻∋∋⊣∋∋∋⊞⋈⋈⋈⋈⋈⋈⊣⊞⋈⋈⊞⊞≺∋
0x27a43850	⊢⋈⋈⋈⋈⋈⋈⋈⊞⋈⋈⋈⋈⋈⊞⊞⊤⊞⋈⊤⋈⋈∈⊞⊞⋈⊞⊞⊞⋈⊞⊞⊞⊞⋈⊞⋈⊞⊤⋈⊥⋈≺∋⋈⋈⋈⊞⋈⋈⊞⊞⋈⋈⋈⋈∈⋈⊞∈⊞⋈⋈⊤∈≺⋈⊞⋈⋈⊤∈⊤∈⋈⋈⊤∈⋈⊤∈⋈⋈⋈⋈⋈⋈⊡∈⋈⋈⊤∈⊞⊞⊤∈∋≺⊤∈⋈⋈⋈⋈⋈⋈∈⋈⋈⊤∈⊞⊞⊤∈∋∋⋈∋∋⊤⋈⋈∈⊤∈⋈⊤∈⋈⊞≺⋈⋈∋⋈⊞⊞⊞⊡∈⋈⋈⋈⋈⊞⊞⊞∈∋≺∋⋈∋∋⋈⊡⋈≺∋⊤∈⋈⋈⊤⊥⊞≺⋈⊤⋈⊥⋈⊞⊞⋈≻⋈⋈⋈⋈⋈≺∋∋∋⋈⊞⋈⊞⋈⊞⋈⋈⊞⊞⊞⋈⊞⊞⊤∈∋⋈⊞⋈⊞⋈⊞⋈⋈⋈≺∈∈⊤∈⊞⋈⋈⊞⋈⊞⋈⊤∈⋈⊞⊞∈∋⊞⊞⊞⊤⋈⋈∈⋈⊞⊞⊞⊞⊞⋈⋈⋈⊞≻⋈⋈⋈⋈⋈⋈⊤∈⊤∈∋⋈⋈⊞⊞⋈⊞⊞⊞⊞⊞⋈⊞≻⋈⋈⋈⋈⋈⋈⊤∈∋⊤∈∋⊤∈⊤⋈⊥⊤∈⋈⋈⊞⊞⊤⋈⊥⊞⋈⋈⊙⋈⊞⊤∈⋈⋈⊡∈⋈⋈⊞⊞⊤⊥⊥⋈⊥⋈⋈⊞⊞⊞⊤∈⋈⊞⊞⊤∈∋≺⋈⊡∈⋈⋈⊞⊞⊤⋈⊥⊥⊥⋈⋈⊞⊞⊞⊞⊞⊞⊤∈⊞⊤∈∋≺∋⋈⋈∋∋⊞⋈⋈⊙⋈⋈⋈⋈⋈≺∋∋∋∋⋈⋈⊤∈∋⊞⋈⊤∈∋≺∋⋈∋∋∋⋈⋈⊤∈⊤∈⊞⋈⋈⋈⋈⋈⋈⊣⋈⋈⊞⊞⊞⊞⊞⋈⊞⊞⋈⋈⋈⋈⋈⋈≺⋈⋈⋈⋈⋈⋈⋈⊞⋈⋈⋈⋈⊤∈⋈⋈⋈⋈⋈∈⋈⊡∈⊞∈⋈⋈⋈⋈⋈≻≺⋈⊞⋈⊞⊞⊞⊞⊤⋈⋈∈⋈⋈≻⋈⋈⋈⊤⊥⋈⊤⊥⊞⊤⊥⊞⊥⊤⊥≺∋⋈⊞⋈⊞⋈⋈⋈⋈⋈⊤∈⋈⊤∈∋⊤∈⋈⊞⋈⊞⋈⋈⊡∈⋈⊞⋈⊥⊞⊞⊤∈∈⋈⋈⊞⊤⊥⊥⋈⊞⋈⋈⊞⊤⋈⋈⊥⋈⋈⊞⋈⋈⋈⊞⊤⊥⊥⋈⊞⋈⋈⋈⋈⊞⊞⊤⋈⊥⋈⋈⊞⊞⊤∈∋∋⋈⊞⊞⊤∈⊡∈⋈⊞⋈⊞⊤⋈⊥⋈⋈⊞⊞⊤∈∋∋⋈⊤∈⋈⊞⋈⋈⋈⊙⋈⋈⋈⊞∈⋈⊞⋈⊡∈⋈⋈⊞⊞⊞∈∋∋⊤⋈∈∋⊤∈⋈⊞⋈⊞⊞⋈⋈⊡∈⋈⊞⋈⊥⊞⊞⊤∈∈⋈⋈⋈⊞⊤⊥⊞⋈⋈⊞⊤⋈⋈⊥⋈⊞⋈⋈⊞⊤⋈⋈⊥⋈⋈⊞⋈⋈⊞⋈⊞⊤⋈⊥⋈⋈⊞⊞⊤∈∋∋⋈⊞⊞⊤∈⊡∈⋈⊞⋈⊞⊤⋈⊥⋈⋈⊞⊞⊤∈∋∋⊤∈⋈⊞⋈⋈⋈⊙⋈⋈⊞∈⊞⋈⊞⋈⋈⊡∈⋈⋈⊞⊞⊞∈∋⊤⋈∈⋈⋈⋈≻⋈⋈⋈⋈⊙⋈≻⋈⋈⊤⋈∈∋≺⊞⋈⊞⋈⋈⊞⊞⋈≺∋⊤∈⋈⋈⋈≻⊞⋈⋈⋈⋈⋈≻⋈⊤∈∋≺⋈⊞⋈⋈⊞⊞⋈≺∋∋∋⊤∈⋈⊞⊤∈⊤∈⋈⋈⋈⊞⋈⋈⋈⋈⋈⊞⊞⊤⊥⊥⊞⊤⊥⊞⋈⊞⋈⋈⊞⋈⊞⊞⊞⋈⋈⋈⊤⋈⊥⊤⊥⊥⋈⋈⊥⊤⊥⋈⊥⋈⊤⋈⊥⋈⊥⋈⊞⋈⋈⊞⊞⊤⋈⊥⊥⊞⊤⊥⊞⊞⋈⋈⋈⊞⋈⊞⊞⊞⋈⋈⋈⊤⋈⊥⊤⋈⋈⊥⊥⊥⊤⋈⋈⋈⊥⊥⋈⋈⋈⊤⋈⋈⊥⋈⋈⊥⋈⋈⋈⋈⋈⋈⋈⋈⋈⋈⋈⋈⋈≺⋈⊞⋈⋈⋈≻⋈⊞⋈⊞⋈⊞≻⋈≺∋∋⋈⊞⊤∈⋈⋈⊞⋈≺∈⋈⋈⊞⋈⋈⋈⊤∈⊞⋈⋈⊡∈⋈⋈⊤∈⋈⋈⊤⋈∈∋⊞≺∋⋈⋈∋⊤⋈⊞⊞⊤∈∋∋⋈⊞⋈⊤∈⊞⋈⋈⊞≺∈⋈⋈⊞⋈⋈⋈⊤∈⊞⋈⋈⊡∈⋈⋈⊤∈⋈⋈⊤⋈∈∋⊞≺∋⋈⋈∋⊤⋈⊞⊞⊤∈∋∋⋈⊞⋈⊞⋈⋈⋈⋈⋈≺∈⋈⋈⊞⊞⋈⊤⊥⊥∈⋈∋⋈⋈⋈⋈⋈⊤⋈⊞⋈⊤⋈∈⋈≺∋⋈⋈⋈⊞⊞⊞⋈⋈⊞⊞⊞⋈⋈⋈⊞⊞⊞⊞⊞⋈⊞∈∋⊞⊤∈⊞⊞⊤⊥⊥⋈⊥⋈⋈⊞⊞⊞⊞∋⊤∈⊞⊤∈∋∋≻∋∋⊣∋∋∋⊞⋈⋈⋈⋈⋈⋈⊣⊞⋈⋈⊞⊞≺∋
0x279cfb60	⊢⋈⋈⋈⋈⊞⊞∈⊞≻⋈⋈⋈⊤⊥⊤⋈⊥⋈⋈⋈⋈≻⊤∈∋⋈⋈≻⋈⋈⋈⋈⋈⋈⋈⋈⊤∈⋈⊤∈⋈⋈≻⊤∈⋈⋈⋈≻⊤∈∋⋈⋈∋⋈⋈⊞≺⋈⊞≺∋∋⋈⋈⊞⋈⋈⋈⋈⊣⋈⋈⋈⊞⋈⋈⋈⊣
0x27a2b1d0	⊢⋈⋈⋈⋈⊞⊞∈⊞≻⋈⋈⋈⋈⋈⊤⊥⊞⊤⊥⋈⊤⊥⋈⋈⋈⋈≻⊤∈∋⋈⋈≻⋈⋈⋈⋈⋈⋈⊞⋈⋈⋈≻⊤∈⋈⊞⊤⊥⋈⋈⊞⊤∈⋈⋈⋈⋈⊤∈⋈⊙∋⊤∈⋈⊙∋⋈⊙∋⊞≺∋⊞⋈⋈⋈⋈⋈⊣⋈⋈⋈⊞⋈⋈⋈⊣
0x27a08e22	⊢⋈≻⋈⊤∈⋈⋈≻⊞∈⋈⋈⋈⊞⋈⋈⋈⋈⋈⊤⊥⊞⊤⊥⊤⋈⋈⊥⊤⊥⋈⋈⋈⋈⋈≻⊤∈⋈⋈⋈⋈⋈⋈≺∋⊞⋈⋈⋈⊣⊞⊣⋈⊣
0x279cf920	⊢⋈⋈≻⋈⊤∈⋈⋈≻⋈⋈⋈⋈⋈⋈⋈⋈⋈⋈⋈⊤∈⊤∈⊤∈⊤∈⊤∈⊤∈∈∋⊤∈≺∋∋∋∋∋⋈⋈≻⊤∈∋∋⊤∈∈⋈⋈⋈⋈⋈≻⋈⋈⊤∈≺∋⋈⋈⋈⊙⋈⋈≻⋈⋈⋈⋈⊞⋈⋈⋈⋈⋈⋈⊣⊞∋⋈⋈≻∋⋈⋈⋈⋈≻⊤∈⊤⋈⋈⊥⊤∈⋈⊤∈⋈⋈⋈⋈⋈⋈≻⋈⋈⋈≺∋⋈⊞⋈∋∋⊞⋈⋈⋈⊞⋈⋈⋈⋈⋈⋈≺⋈⋈⋈⋈⋈⋈⋈⋈⋈⊞⋈⋈⊞⊤∈⋈⋈⋈⋈⋈≻⋈≺∋⋈⊞⋈⋈⊙⊞⋈⋈⋈⋈⋈⋈⊣⋈⊣
0x27a470f0	⊢⋈⋈⋈⋈⋈⋈⋈⊞⋈⋈⊞⋈⋈⋈⋈⋈⊡∈⋈⋈⋈⊙⊤∈⊤∈⋈⋈⊞⋈≻⋈⋈⊞⊤⋈∈∋⋈⋈⋈⋈⋈≻⋈⋈≺∋⋈⊞⋈⋈⋈⊙⋈⊞⋈⊞⊙⋈⊤∈∋⊞⊞⋈⋈≺∋⋈⊞⋈⋈⋈⋈⋈⋈⊣
0x27a49d80	⊢⋈⋈⋈⋈⋈⋈⋈⊞⋈⋈⊞⋈⋈⋈⋈⋈⊡∈⋈⋈⋈⊙⊤∈⊤∈⋈⋈⊞⋈≻⋈⋈⊞⊤⋈∈∋⋈⋈⋈⋈⋈≻⋈⋈≺∋⋈⊞⋈⋈⋈⊙⋈⊞⋈⊞⊙⋈⊤∈∋⊞⊞⋈⋈≺∋⋈⊞⋈⋈⋈⋈⋈⋈⊣
0x27a20c8a	⊢⋈⊞⋈⋈⋈⋈⊤∈⋈⋈∈⋈⊤∈⊞∈∋⊤∈⊤∈⊤∈⋈⋈≺⋈⋈⊤∈⊞⋈⊞∈⋈⊤∈⊞∈⊤∈∋⊤∈⋈⋈≺⋈⋈⊞⊞⊤∈∋∋⋈⋈≺⋈⊤∈∋⋈≺∋⋈⋈≺⋈≺∋⊞⊞⋈⊤∈∋∋⋈⋈∋∋∋∋≻⋈⋈≺∋⋈⊞⋈⊣
0x279beedf	⊢⋈⋈⋈⋈⋈⋈⊞⋈⋈⋈⋈⊞⊙
0x279bf2be	⊢⋈⋈⋈⋈⋈⋈⊞⋈⋈⋈⋈⋈⊞⊙
0x279bf8ce	⊢⋈⋈⋈⋈⋈⋈⊞⋈⋈⊞⋈⊞⋈∈⋈⋈⋈⋈⋈⋈⋈⊞⋈⋈⋈∈⋈⋈⋈⋈⊞⋈⋈⋈⋈⋈≻⋈⋈⋈≻⋈⊞⋈⊞⋈⋈≻⋈⋈≻⋈⊤⊥∈⊤∈⋈⋈⋈⊤∈⋈∋⋈⋈⋈⊤∈⋈∋⊤⊥∈⊤⋈⋈⊥⊤⊥⊤⋈⋈⊥⊤⊥⊞∈⊤∈⋈⊤⋈∈∋⋈⋈⊤∈⋈⋈⋈⊤∈⋈∋⋈⋈⋈⊤∈⋈∋⊤⊥∈⊤⋈⋈⊥⊤⊥⊤⋈⋈⊥⊤⊥⊞∈⊤∈∋⊞⊤⊥⋈⊤⋈∈∋≺∋⊥≺∋∋∋∋⊤⋈⋈⊥⊥∋⋈⋈⋈⋈⋈⊤∈⋈⋈⋈≻∋⋈⋈≻⋈⋈⊤∈⋈⋈⋈≻∋⋈⊤∈⋈⋈⋈≻∋⋈⊤∈⋈⋈⋈≻∋⋈⊞⋈⋈⋈⊞⊞⋈⊞⊞⊞⊤∈∋∋⊞⋈⋈⋈⋈⋈⋈⊣
0x279db9b3	⊢⋈⋈⊤∈⊞⊣⋈⋈⋈⋈⋈⊞⋈⊞⊞∈⋈⊞⋈⋈∈⊤∈⊞∈⊤∈⊤∈∋⊞≺⊤⋈∈∋≺⊞⊞∈⊤⊥⊞⊞⊤∈∋⊞⊞⊤∈∋≺∋⋈∋⋈⋈⋈⋈⋈⊣
0x27a1f9b3	⊢⋈⋈⋈⋈⋈⋈⊞⋈⋈⋈⋈⊤∈⋈⋈⋈∈⋈⊤∈⊞∈∋⊤∈⊤∈⊞⋈⋈⋈⋈⋈⋈≻⋈⋈⊤∈⋈⊤⊤∈⋈∈⋈⊞⋈⋈⋈≻⋈⋈⊤∈≺∋⋈⋈⋈⊙⋈⋈⋈⋈⋈⋈⋈⋈⋈⋈⋈⋈⋈⋈⋈⋈⋈⋈≺⊞∋⋈⋈≻⋈≺⊤∈⊞⋈⋈⋈⋈⊞≻⊤∈∋⋈⋈≺⋈≺⊤∈⊡∈⊞⋈⊞⋈⋈⋈⋈⋈⋈∈⋈⊤∈⋈⋈∈⋈⊤∈⊞∈∋⊤∈⋈⋈⋈⋈⊞≺⊤∈⊤∈⋈⋈≺⊞⋈⊤∈⋈⊞∈⋈⊤∈⊞∈∋⊤∈⋈⋈≺∋⋈⋈≻⋈⊤∈⋈⋈≺⋈⋈⋈⋈⋈⋈⋈⋈⋈⊤∈⋈≻⋈∋⋈⊞⋈⋈⋈⋈⋈⋈⋈⋈⊞⋈⋈⋈⊞⋈⋈⋈≺∋⋈⋈⊞⊞⊤∈∋≺⊞⋈⊞⊤∈∋≺∋⋈⋈⊤∈⊤∈⊞⋈⋈⋈⋈≻⊤∈⋈⊤∈⊡∈∋⋈⋈≺⊞⋈⋈⋈⋈⋈⋈≻⊤∈⊤∈⋈⊡⋈⋈⋈⋈≻⊤⋈∈⋈⊤∈∈⋈⋈⋈⊙⋈⊞⋈⋈≻⋈⊤∈⋈⋈⋈⋈⊙⋈⊞∈∋⋈⊞⋈⋈⋈⋈⋈⊤∈≺∋⋈⋈⋈⊞⋈⋈⋈⋈⋈⋈⋈≻⊤∈⋈⋈⋈⋈⋈≻⊤∈⋈≻∋⋈⋈∈⋈≻⊤∈⋈≺⊤∈⋈⊡⋈⋈⋈≻⊤⋈∈⋈⊤∈⊞∈⋈⋈⋈⋈⋈⊙⋈⋈⋈⋈≻⊤∈⋈⋈≺∋⋈≻∋∋⋈⋈≺∋∋∋⋈≻∋⋈⋈⋈⊤∈⋈∈⋈≻⊞⊞∈∋∋⋈⋈⋈⋈≻⋈⋈⋈∋⊡⋈⋈⊤∈⋈∈⋈⊤∈⊞∈⊤∈∋⊤∈⋈⊞⋈⋈⋈⋈⋈⊤∈⋈⋈⋈⋈⋈⋈⋈⋈⋈⋈⋈⋈≺⋈≺⋈⋈⋈⊤∈⊞⋈⊞∈⋈⊤∈⊞∈∋⊤∈⋈⋈≺⋈⋈⊞⊞⊤∈∋≺∋∋∋⋈⋈≺⊞⋈⊤∈∋∋⋈⋈⋈∋∋⋈≻⋈⋈⋈⋈⋈⊤∈⋈≺⋈⋈⋈⋈⊙⋈⊞⋈∈∋⋈⋈⋈⋈⋈⋈⋈⋈⋈⋈≺∋⋈⋈⊤∈⋈⋈≺∋⋈⋈≻⊤∈⋈⋈⋈≻≺∋∋∋⋈⋈≺⋈⋈⋈⋈⋈⋈⋈⋈⋈⋈⋈⋈⋈≻⊤∈⋈≻∋⋈≺∋⋈⋈≻∋⋈≻≺⊞∋⋈≻⋈∋∋⋈⋈≺∋∋⊡⋈⋈⊤∈⋈∈⋈⊤∈⊞∈⊤∈∋⊤∈⋈⋈≺⊞⋈⋈⋈⋈⋈⊤∈⋈⋈⋈⋈⋈⋈∋⋈≺⋈⋈≺⊞⋈⊤∈∋∋⋈⋈∋∋⋈≻⋈⋈⋈⋈⋈⊤∈∋⋈⋈⋈≻≺⋈⋈∋⋈⋈≻≺∋∋∋∋⊤∈⊤∈⊞⋈⋈⋈⋈≻⊤∈⋈≺∋⋈⋈⋈⋈⋈⋈⋈⋈⋈⋈≺⊤∈∋∋⊞⊤∈⋈⋈⋈≻⋈⋈⋈⋈⋈≻⊤∈∋⋈⋈∋⋈≻⊤∈∋⋈⋈⋈⋈∋⋈≺∋⋈≻≺⋈≺⊞⋈⋈⋈⋈≻⊤∈⋈⋈⋈⋈⋈⋈⋈⋈⋈⋈⋈⋈⋈≺⊞⋈⊤∈∋∋⋈⋈∋⋈≻∋∋∋∋∋∋⋈∋⋈≺∋∋∋∋⊞⋈⋈⋈⋈⋈⋈⊣
0x27a1f1cf	⊢⋈⊞⋈⋈⋈⋈⊤∈⋈⋈∈⋈⊤∈⊞∈⊤∈∋⋈⋈≺⊞⋈⋈⊞⋈≺⊞⋈⊤∈∋∋⋈⋈∋⋈⋈≻⋈⋈⊞⋈⊣
0x279db95f	⊢⋈⋈⋈⋈⊞∈⋈⊤∈⋈⋈⋈⊤∈⋈⋈⋈≻⋈⊤⋈∈∋∋⊤⊥⋈⊣
0x279bfbfa	⊢⋈⋈⋈⋈⋈⊞⋈⊞⋈⊤∈⊞∈⋈⋈≻∋⋈⋈⋈⊤∈⊞⋈⋈⋈⋈⋈⋈≻⊤∈∋⊞⋈⋈⋈⊞∈⊞⊞⊞⋈⊞⊤∈∋≺∋⋈⋈⋈⋈⋈⋈⊞⋈⋈⋈⋈⋈⊣
0x279bfcbd	⊢⋈⋈⋈⋈⋈⋈⊞⋈⋈⋈⊞∈⊞⋈⊞⋈⊞⋈⋈≻⊤∈⋈⋈⋈⋈⊞⋈⋈⋈⋈⊞⋈⋈⋈∈⋈⋈⋈⋈⊙⊤∈⋈⋈⋈⋈⋈⋈⊙⊤∈⊞⊞⋈⋈⋈⊞∈⊞⋈⋈⋈⊙⊤∈⋈⋈⋈⋈⋈⋈⋈⊤⋈⋈⊥⋈⋈⋈≻⋈⋈⋈⋈⋈⋈⋈⋈⋈⋈≻⋈⋈≻⋈⋈⋈⋈≻⊤∈⋈⋈⋈⋈⋈⋈⋈⋈≻⊤∈⋈≻∋⋈⋈≻⋈⊙⊤∈∋⋈⋈≻∋⋈⋈≻∋⋈⋈≻⋈⊞⋈⋈⋈⋈⋈⋈⊤⋈⋈⊥⋈⋈⋈≻⋈⋈⋈⋈⋈⋈⋈⋈⋈⋈≻⋈⋈≻⋈⋈⋈⋈≻⊤∈∋⋈⋈⋈⋈⋈⋈⋈⋈⋈⋈⋈⋈⋈⋈≻⊤∈⋈≻∋⋈⋈≻⋈⋈⋈⋈⋈⋈⋈⋈⋈⋈⊞⊞⊤∈∋⋈⋈⋈⋈⋈⋈⋈≻⊤∈⋈⋈⋈⋈⋈⋈⋈⋈≻⊤∈⋈≻∋⊞∈⋈≻⊞⊤∈∋⋈⋈⋈⋈≻⋈⋈⊙⊤∈⋈⋈⋈⋈⋈⋈⋈⋈⊙⊤∈⋈⋈≻⋈⋈∈⋈⋈≻⋈⋈⋈⋈⊞⊤∈∋⋈⋈≻⊞⊤∈⋈⋈⋈⋈⋈⋈∈⋈⊤∈⊞≻∋⊞⋈⋈⋈⋈⋈∈⋈⋈⋈⋈⋈≻⊤∈∋⋈⋈≻⋈⋈⋈⋈⋈⋈⊞⋈⋈⋈⋈⋈⋈⋈⋈⋈⋈⋈≻⋈⊤∈⋈⋈⊙⊤∈⋈⋈≻⋈⋈⋈⋈⋈⋈⊞⋈⋈⋈⊞⋈⋈⊞⋈⊤∈⊞∈⋈⋈≻∋⋈⊤∈⊞⋈⋈⋈⋈⋈⊞⋈⋈⋈≻⊤∈∋⋈⊞⋈⋈⋈⋈⊞⋈⋈⊞∈⊞⋈⋈⋈⊙⊤∈⋈⋈⋈⋈⋈⋈⋈⋈⋈⋈≻⋈⋈⋈⋈≻⊤∈⋈⋈⋈⋈⋈⋈⋈⋈≻⊤∈⋈≻∋⋈⋈≻⋈⊙⊤∈⋈⋈⋈⋈⋈⋈⋈⋈≻⋈⋈⋈⋈≻⊤∈∋⋈⋈⋈⋈⋈⋈⋈≻∋⋈⋈≻∋⋈⋈≻⋈⊞⋈⊞⋈⊞⋈⊞⋈⊞⋈⋈⋈⋈⋈⋈⋈⊞⋈⋈⋈⋈⋈≻⋈⋈⋈⋈≻⋈⊞⊞⋈⋈⊞⋈⊞⋈⊞⊞⊞⊞⊞⊞⊞⊞⊞⊞⊞⊞⊞⊞⊞⊞⊞⊞⊞⊞⊞⊞⊞⊞⊞⊞⊞⊞⊞⊞⊞⊞⊞⊞⊞⊞⊞⊞⊞⊞⊞⊞⊞⊞⊞⊞⊞⊞⊞⊞⊞⊞⋈⊞⊞⊞⊞⊞⋈⊣⋈⋈⋈⋈⋈⋈⋈⋈≻⊤∈⋈≻∋⋈⋈≻⋈⋈⋈⋈⋈⋈⋈⋈⋈⋈⊞⊞⊞⊤∈∋≺∋⋈⋈⋈⋈⋈⋈⋈⊞⋈⋈⋈⋈⋈⋈⊣⋈⋈⋈⋈⋈⋈⋈⋈⋈⋈⋈⋈⋈⋈⋈⋈⋈∈⋈⋈≻⊤∈⋈⋈⋈⋈⊤∈⋈⋈⋈⋈⋈≻⋈≺∋⋈⋈⋈⋈⊞⋈⊞≺∋⋈⊞⊞≺∋⊤∈⋈⋈⋈⋈⋈⋈⋈≻⋈⋈⋈⋈≻⋈⋈⋈⋈⊞≺∋⋈⊞⋈⋈⋈⋈⋈⋈⊣⋈⋈≺∋⋈⋈⋈⊙⋈⊤∈⋈≻∋⋈⋈⊞⋈⋈⋈⋈⋈⋈⊞⋈⋈⊞⊤∈∋⋈⋈⋈⋈⋈⋈⋈⋈⋈⋈⋈≻⊤∈⋈≻∋⋈⋈∈⋈⋈≻⊞⊤∈∋⋈⋈⋈⋈≻⋈⊙⊤∈∋∋⋈⋈≻∋⋈⋈≻∋⋈⋈≺⋈⋈⋈⋈⋈⋈⋈⋈⋈⊞⊤⊥⋈⋈⋈⋈⋈⋈≻⋈⋈⋈⋈≻⊤∈∋∈⋈⋈∋⋈⋈⋈⋈≺∋⋈≻∋⋈⋈⋈⋈⋈⋈⋈⋈≻⊤∈⋈≻∋⋈⋈≻⋈⋈⋈⋈⋈⋈⋈⊞⋈⋈⋈⋈⋈⋈⊞⊞⊤⋈⋈⋈∈∋≺∋⋈⋈⋈⋈⋈⋈⊞⋈⋈⋈⋈⋈⋈⊣
0x279def60	⊢⋈⋈⋈⊞⋈⋈⊞⋈⊞⋈⊞⋈⊞⋈⋈⋈⋈⋈⋈⋈⊞⋈⋈⋈⋈⋈⋈⋈≻⋈⋈⋈⋈≻⋈⊞⊞⋈⋈⊞⋈⊞⋈⊞⊞⊞⊞⊞⊞⊞⊞⊞⊞⊞⊞⊞⊞⊞⊞⊞⊞⊞⊞⊞⊞⊞⊞⊞⊞⊞⊞⊞⊞⊞⊞⊞⊞⊞⊞⊞⊞⊞⊞⊞⊞⊞⊞⊞⊞⊞⊞⊞⊞⊞⊞⋈⊞⊞⊞⊞⊞⋈⋈⋈⊣
0x279dcc98	⊢⋈⋈⋈⊞⋈⋈⊞⋈⊞⋈⊞⋈⊞⋈⋈⋈⋈⋈⋈⋈⊞⋈⋈⋈⋈⋈⋈⋈⋈≻⋈⋈⋈⋈⋈⋈≻⋈⋈⋈⋈⋈≻⋈⊞⊞⋈⋈⊞⋈⊞⋈⊞⊞⊞⊞⊞⊞⊞⊞⊞⊞⊞⊞⊞⊞⊞⊞⊞⊞⊞⊞⊞⊞⊞⊞⊞⊞⊞⊞⊞⊞⊞⊞⊞⊞⊞⊞⊞⊞⊞⊞⊞⊞⊞⊞⊞⊞⊞⊞⊞⊞⊞⊞⋈⊞⊞⊞⊞⊞⋈⋈⋈⊣
0x279e16f8	⊢⋈⊞⋈⊞⋈⊞⋈⊞⋈⊞⋈⋈⋈⋈⋈⋈⋈⊞⋈⋈⋈⋈⋈⋈≻⋈⊞⊞⋈⋈⊞⋈⊞⋈⊞⊞⊞⊞⊞⊞⊞⊞⊞⊞⊞⊞⊞⊞⊞⊞⊞⊞⊞⊞⊞⊞⊞⊞⊞⊞⊞⊞⊞⊞⊞⊞⊞⊞⊞⊞⊞⊞⊞⊞⊞⊞⊞⊞⊞⊞⊞⊞⊞⊞⊞⊞⋈⊞⊞⊞⊞⊞⋈⊣
0x279c0c10	⊢⋈⋈⋈⋈⋈⋈⊞⋈⋈⋈⋈⋈⋈≻⊞⊤∈⋈⋈⋈⋈⊤∈⊞⋈⋈∈⋈⋈≻⊤∈⋈⋈⋈⋈⋈⊤∈⋈∈⋈≻⊞⊞∈∋∋⋈⋈⋈⋈⊞⋈⋈⋈⋈⋈⋈≺⋈⊤∈⋈≻∋⊞⋈⋈⊞⋈⋈⋈⋈⊞⋈⊞∈∋∋⋈⋈⋈⋈⋈⋈⋈⋈⋈⋈⋈⋈⋈⋈≺∋⊞⋈⋈⋈⋈⋈⋈⊣
0x279d9a17	⊢⋈⋈⋈⋈⋈⋈⊞⋈⋈⋈⋈⋈⊞⊤⋈⊥⋈⋈⋈⊞⊙
0x27a51ab0	⊢⋈⋈⋈⋈⋈⋈⋈⊤∈⋈≻⋈⊙⊤∈∋⋈⋈≻⋈⋈⋈⋈⋈⋈⋈⊞⋈⋈⋈⋈⋈⋈⊤∈⋈⊞∈⊤∈≻⋈⊡∈∋⋈∋⋈⊤∈⋈⊞⊡∈⋈⊤∈∋⋈⋈⋈≻∋⋈≻≺∋⋈⊞≺∋⋈⋈⋈⋈⋈⋈⋈⋈⋈⋈⋈≻⋈⊤∈⋈⊞⊤∈⋈⋈⋈⋈⊤∈⋈⊙∋⊤∈⋈⊙∋⋈⊙≺∋⊞⊤∈∋⋈⊡∈⋈⊞⋈⊤∈⊞⋈⋈⋈⊞⊙⊤∈∋⊤∈∋⋈⋈⋈⋈⋈⋈⋈⋈⋈⋈⋈≻∋⊞⋈⋈⋈⋈⋈⋈⊣⋈⋈⋈≻≺⊞⋈⋈⋈⋈⋈⋈⊞⋈⋈⊣
0x27a4d2e0	⊢⋈⋈⋈⋈⊤∈⋈⋈⋈≻⋈⊞⋈⋈⋈⋈⋈⊣
0x27a51f60	⊢⋈⋈⋈⋈⋈⊞⋈⋈⋈⋈⊤∈⋈≻⋈⋈≻⋈⋈⋈⋈⋈⋈⋈⋈⋈⋈⊞∈⊤∈⊤∈⋈⋈⋈≻⊤∈⋈⋈≺⋈⊤∈≺⊞⊤∈∋≺∋⋈⊤∈∋⋈≻∋∋⋈⋈∋⊞⋈⋈⋈⋈⊣
0x27a4cd00	⊢⋈⋈⋈⊞⋈⋈⋈⊤∈⋈⋈⊤∈⊤∈∈⋈⊤∈⋈⊡∈⊤∈≻∋⋈≻∋⋈≻⊤∈∋≺⋈⊡∈∋⋈∋⋈⊤∈⋈⊞⊡∈⋈⋈⊤∈⊞≺∋⋈⋈⋈⋈⋈⊤∈⋈≻⊣⋈⋈≻⋈⋈⋈⋈⊡⊡∈⋈⊞⋈⊤∈⋈⋈⋈⋈⊞⊙≺∋∋∋∋∋∋⋈≻⊞⋈⋈⊣
0x27a47360	⊢⋈⋈⋈⋈⋈⋈⋈⊞⋈⋈⋈⋈⋈⊤∈⋈⋈≻⋈⊤∈⊤∈⋈⊤∈⋈⋈⋈⋈≻⊤∈⋈⋈≺∋⋈⋈⋈⋈≻⋈⊤∈⊤∈⋈⋈⋈⋈≻⊤∈⊤∈∋⋈⊡≺⋈≺⋈≺∋∋∋∋∋⋈⊤∈⋈⋈⊤∈⋈⊤∈⋈⋈⊞⊤⋈⊥⊥⋈⋈⋈⋈⋈⋈⋈⋈⋈⋈⋈⋈⋈≻∋⋈⋈∋⋈⋈⋈⋈⋈⊤∈⋈⊙⋈∋⋈⋈≻⋈⊤∈⊤∈⋈⊤∈⋈⋈⋈⋈⊞≺∋⋈⋈⋈⋈∋⋈⊞⊞≺∋⋈⋈⋈⋈⋈⋈≻⊞⋈⋈⋈⊡∋∋∋⊞⋈⋈⋈⋈⋈⋈⊣
0x279c0d63	⊢⋈⋈⋈⋈⋈⋈⊞⋈⋈⋈⊞∈⋈⊤∈⋈⊡⊞⋈⋈⋈⋈⊤⊥⋈⊞⊤⊥⊞∈⋈⊡⊞⊞⋈≺∋⊞∈⋈⋈∈⋈⋈⋈≻⊤∈⋈⊞⊥∈⊞⋈⋈⋈≺∋⊞⊞∈⋈⊞⊤⊥⊞⊤∈⊞⋈⊞⊥≺∋⋈⊞⊤∈∋⋈⊤⊥⊤⊥⋈⊞∈∈⊤∈⋈⊤∈⋈⊞⋈⊤∈∋∋⋈⋈⊞⊞≺∋∋∋⋈≺⊞∋⋈⋈≻∋∋⋈⊞⊞∋⋈≻⋈⋈⊞⋈⋈⋈⋈⋈⋈≺
0x279c0ef3	⊢⋈⋈⋈⋈⋈⋈⊙⊤∈⋈⋈≻⋈⋈⊞⋈⋈⋈⋈⋈⋈≻⊤⋈⊥⊤∈⋈⋈⋈⋈⋈⋈⋈⋈≻⋈⋈⋈⊞⋈∈⋈⋈⋈⋈⋈⋈≺∋⋈≻≺∋⊞⋈⋈⊣⋈⊞∈⊞⊥⊞⊤∈∋⋈⊤∈⋈∈⊤∈⋈⋈⊤∈⋈⊞⋈⊤∈∋≺∋∋∋⋈⋈≻⋈⋈⋈⋈⋈≺
0x27a32740	⊢⋈⋈⋈⋈⋈⋈⋈⊞⋈⋈⋈⊤∈⋈⊤∈⋈⋈⋈⋈⋈⋈≻⋈⋈⊤∈≺⋈⊤∈∋⋈⋈⊤∈⋈⋈⋈⋈⋈⋈⋈≺⋈∋∋⋈⋈⊞⊤∈⊞≺⋈⋈⊤∈⊞⊞∈⋈⊞⋈⋈⊤⊥⊞⋈⊤∈∋∋⋈⊞⊤∈⊞⊤⋈∈⋈⋈⊤∈⋈⋈⋈≻⋈⋈⋈⋈⋈⋈⋈⋈⋈⋈⋈⋈⋈⋈⋈⋈⋈⊤∈⋈⋈⋈⋈⋈≻⊞⋈⋈⋈⊤∈≺⊞⊤∈∋⋈⋈⊤∈⋈⋈⋈⋈⋈⋈≺∋∋∋∋∋⋈⊤∈⊤∈⋈⋈⋈⊞⋈⋈⋈⋈⋈≻⋈⋈⋈⊤∈≺⊞⊤∈∋⋈⋈⊤∈⋈⋈⋈⊞⊞⊞⊞⋈⋈≺∋⋈⋈≺⋈∋∋⋈⊞⊤∈⋈⊤∈⊞⊡∈⋈⊞⋈⋈⊞⊤⊥⊞⋈⊤∈∋⊞≺∋⊞⊤∈⊤∈⊞⋈⊞⊤∈⋈⊤∈⊞⋈⊡∈⋈⊞⋈⋈⊤⊥⊞⋈⊤∈∋⊞≺∋⋈⊤∈⊞∈⊞≺⊞∋⊤∈∋⋈⋈≻⋈⋈⋈⊤∈⊞⋈⋈⋈⋈≺∋⋈⋈⊞⊤⊥⋈≺∋∋∋∋∋∋⋈⋈⋈⋈⋈⋈⋈⋈⋈⋈≺∋∋∋⊞⋈⋈⋈⋈⋈⋈⊣
0x279f5dce	⊢⋈⋈⋈⋈⋈⋈⊞⋈⋈⋈⋈⋈⋈⋈⋈⋈⊤∈⋈⊤∈⊤∈⋈⊤∈⋈⊤∈∋⊞≺≺∋∋∋∋⋈⋈⋈⋈≻⋈⋈⋈⋈≻⋈⊤∈⊞⊤∈⋈≻⋈⋈⋈⋈⊞⋈⋈⋈⋈⋈⋈⋈⋈⋈⊞∈⋈⋈⊤∈⊞⊤∈⋈⋈≺∋⋈⊞∈⋈⊞⋈⊞∈∋⋈⊤∈⋈⋈⊤∈∋⊞⊤∈⋈⊞⋈∈⊤∈⊞⋈⊞⊤⋈∈∋⊤∈≺∋⋈⋈≺∋∋∋⋈⊞⊤∈⊤∈⋈⋈⋈≻⋈⋈⋈≺⊤∈⊞⋈⋈≻⋈⋈≻⋈⋈⋈≺⋈⋈⊤⊥⊤⊥⋈≺∋∋∋∋∋⋈⋈⋈⋈⋈⋈⋈⋈⋈≻⊞⋈⋈⋈⋈⊣⋈⊤∈⊤∈⋈≺⋈⊤∈⋈⋈⊞⊥⋈⊤⊥⊞∈⊞∈⋈⋈≻∋⊤∈⋈⊞⋈⋈⋈⋈≻⊤∈∋⋈⋈⋈≺∋⋈⋈⊙≺⋈⋈≺⋈≺∋∋∋⋈∋⋈⋈⋈⋈⋈⋈≻⋈⊤∈⊤∈⋈⋈⋈⋈⋈⋈⋈≻⊤∈∋⋈⋈⋈⋈⋈≺⋈⋈⋈⋈≺∋∋⊤∈⋈⋈⋈⋈≻∋⋈⊤∈⋈⋈⋈≻∋⊞⋈⋈⋈⋈⋈⋈⊣
0x279f61ae	⊢⋈⋈⋈⋈⋈⋈⊞⋈⋈⋈⋈⊤∈⋈⊤∈⊤∈⋈⊤∈⋈⊤∈∋⊞≺≺∋∋∋∋⋈⋈⋈⋈⋈≻⋈⋈⋈⋈≻⋈⋈⋈⋈⋈⋈⋈⋈⋈⋈≻⋈⋈⋈⋈⋈⋈⋈⋈⋈⋈⋈⋈≻⋈⋈⋈≻⊤∈⋈⊞⋈∋⋈⋈⋈⋈⋈⋈⋈⋈⋈⋈⋈⋈⋈⋈⊤∈⋈⋈⋈≻∋⋈⊤∈⋈⋈⋈≻∋⊞⋈⋈⋈⋈⋈⋈⊣
0x279e9200	⊢⋈⋈⋈⋈⊞⋈⋈⋈⋈⊤∈⋈⋈⋈⋈⋈⋈⋈⋈⋈⋈⋈⋈≻⋈⋈≻⋈⋈⋈⋈⊤∈⋈⊤∈⋈⊤∈⋈≺∋⊤∈⋈≺∋⊤∈∋⋈⋈⊞⋈≻≺∋⊤∈⋈⋈⋈⋈⋈≻≺∋∋⊤∈⋈≻∋⋈⋈⋈⋈⋈⋈⋈⋈≻⋈⊞⋈⋈⋈⋈⋈⋈⋈⋈⋈⋈⋈⋈⋈⋈⋈⋈⋈⋈⋈⋈≻⋈⋈≻⋈⋈⋈⋈⊤∈⋈⊤∈⋈⊤∈⋈≺∋⊤∈⋈≺∋⊤∈∋⋈⋈⊞⋈≻≺∋⊤∈⋈⋈⋈⋈⋈≻≺∋∋⊤∈⋈≻∋⋈⋈⋈⋈⋈⋈⋈≻≺∋⊞⋈⋈⋈⋈⊣
0x279e71f8	⊢⋈⋈⋈⋈⋈⊞⋈⋈⋈⋈⊤∈⋈⋈⋈⋈⋈⋈⋈⋈⋈⋈⋈⋈≻⋈⋈⋈≻⋈⋈⋈⋈⊤∈⋈⊤∈⋈⊤∈⋈≺∋⊤∈⋈≺∋⊤∈∋⋈⊞⊞⋈⋈⋈⋈≻≺∋⊤∈⋈⋈⋈⋈⋈≻≺∋∋⊤∈⋈≻∋⋈⋈⋈⋈⋈⋈⋈⋈≻⋈⊞⋈⋈⋈⋈⋈⋈⋈⋈⋈⋈⋈⋈⋈⋈⋈⋈⋈⋈⋈⋈≻⋈⋈⋈≻⋈⋈⋈⋈⊤∈⋈⊤∈⋈⊤∈⋈≺∋⊤∈⋈≺∋⊤∈∋⋈⊞⊞⋈⋈⋈⋈≻≺∋⊤∈⋈⋈⋈⋈⋈≻≺∋∋⊤∈⋈≻∋⋈⋈⋈⋈⋈⋈⋈≻≺∋⊞⋈⋈⋈⋈⋈⊣
0x27a48fa0	⊢⋈⋈⋈⊞⋈⋈⊤∈⋈⊞⋈⋈⋈⋈⋈⋈⋈⋈≻⋈⊞⊤∈⋈≻∋⋈⋈⊙⋈⋈≻⋈⋈⋈⋈⋈⋈⋈⋈⋈≻⊣
0x279c1030	⊢⋈⋈⋈⋈⊞⋈⋈⋈⋈⋈⋈⋈⋈⋈≻⊤⋈⊥⊤∈⋈⋈⋈⋈⋈⋈⋈⋈≻⋈⋈⋈⊞⋈∈⋈⋈≺∋⋈⋈⋈≻⋈⋈⋈⊤∈⋈⊞∈⊤∈⊞⊤∈⋈⋈⊙⊤∈⋈⋈≻⋈⋈⋈⋈⋈⋈⊞⋈⋈⊤∈⋈⋈⊞⊤∈≻∋⊤∈∋⋈⋈⋈⊞≻⋈⋈⋈⋈≻⊤∈⋈⋈⋈⋈⋈⋈⊞⋈∈⋈⋈⊤∈⋈⋈⊤⊥⊤∈⋈⊙⋈⊤∈⋈⋈⋈≻⋈⊤∈⋈⋈≻≺∋⋈⋈⋈⊙⊤∈⋈≻⋈∋⊞⋈⋈⋈⋈⊞⋈⊤∈∋⋈⋈⊤⊥⋈≺∋⋈∈⋈⋈≻⊞⊞∈∋∋⋈⋈⋈⋈≻⊤∈∋⋈⋈⊙⊤∈⋈⋈≻∋⋈⋈≻⋈⊤∈⋈⊙≺∋⋈≻≺⋈≻⋈⋈⋈⋈⋈⋈⋈⊞∈⊞⋈⊤∈∋⊞⋈⋈⋈⋈⋈⊞⋈⋈⋈⋈⋈⋈⋈≻⋈⋈⊤∈⋈⋈⋈⋈⋈⋈⊤∈⋈⊞⊞⋈∈⋈⊤∈⊞∈∋⋈⋈⋈≻⋈⋈⋈≻≺⋈⋈⊞⊞⊤∈∋∋⋈∋∋⋈⋈≻⊤∈⋈⋈⋈⋈⋈⋈⋈⋈⋈⋈⋈⋈⋈⋈⋈⋈≻⊤∈⋈⋈⊙⊤∈⋈⋈≻⋈⋈⋈⋈⋈⋈⋈⋈⋈⋈⋈≺⋈⋈⋈≻⊤⋈⊥⊤∈⋈⋈⊙⊤∈∋⋈⋈≻⋈⋈⋈⋈⋈⋈⋈⋈⋈⋈≻⋈⋈⋈⋈⋈⊤∈⋈⋈⋈⋈⋈⋈⋈⋈≻⊤⋈∈⋈⋈⋈≻⊤⊥⊤∈⋈⋈⊙⊤∈⋈⋈≻⋈⋈⋈⋈⋈⋈⋈≺⋈⋈⊞⊞⋈⋈⋈⋈⋈⋈≻⊤∈⋈⊤∈⋈⊞≺⋈⋈⋈⋈≻⋈⋈⋈⋈⋈⋈⋈⊞⋈≺⋈⋈⊙⊤∈⋈⋈≻⋈⋈⋈⋈⋈⋈⊞⋈⋈⊤⋈⋈⊥⋈⋈⊥∈⋈⋈⊙⊤∈⋈⋈≻⊡⊡⋈⋈⋈⋈⋈≺⊤⋈∈⋈⋈⋈⊞⋈⊞⋈⊞⋈⊞⋈⋈⋈⋈⋈⋈⋈⊞⋈⋈⋈≻⋈⋈⋈⋈≻⋈⋈⊞⊞⋈⊞⋈⊞⋈⊞⊞⊞⊞⊞⊞⊞⊞⊞⊞⊞⊞⊞⊞⊞⊞⊞⊞⊞⊞⊞⊞⊞⊞⊞⊞⊞⊞⊞⊞⊞⊞⊞⊞⊞⊞⊞⊞⊞⊞⊞⊞⊞⊞⊞⊞⊞⊞⊞⊞⊞⊞⋈⊞⊞⊞⊞⋈⊞⋈⋈⋈⊞⊞⊞⊞⊞⊞⋈∈⊞⊡⊞⊞⊞⊤∈⋈⊡⋈⋈⊡∈⊞⊞⊞⊞⋈⊤∈⋈⊞⋈⋈⋈⋈⋈⊙⋈⋈⊤∈⋈⋈⋈⋈⋈≺∋⋈⊞⋈⋈⊡⋈⊞⋈⊡∈∋∋⊞⊞⊤⋈⋈∈∋⋈⋈⋈⋈≻⋈⋈⋈⊤∈⋈⊞∈⊤∈⋈⊤∈⋈⋈⊙⊤∈∋⋈⋈≻⋈⋈⋈⋈⋈⋈⊞⋈⊤⋈⋈⊥∈⊤∈⋈⋈⋈≻⊤∈⋈⋈⋈⋈⊙⋈⋈⋈⋈⊞∋⋈⋈≻⋈⋈⋈⊞⊞⋈⋈⋈⋈⋈⋈⋈≻⊤∈∋⋈⊞⊞≺⋈⋈⊙⊤∈⋈⋈≻⋈⋈⋈⋈⋈⋈⊞⋈⋈⋈⋈⋈≻⊤⋈⊥⋈⋈⋈⋈≻⋈⋈⋈⊤∈⋈⋈⋈⋈⋈≻⊤⊥⋈⋈⋈⋈≻⋈⋈⋈⊤∈⊤∈⋈⊞∈⊤∈⋈⊞∈⊞∈⋈≻∋⊤∈⋈⊞⋈⊞⋈⋈≻⋈⊤∈∋⋈⊞⊞⋈∈⋈⊤⋈⊥⊞⊞⊤∈∋≺∋⋈⋈⋈⋈≻⋈⋈⋈⋈≻⋈⋈⋈⋈≺⊤⋈∈∋∋⋈⋈⊙⊤∈⋈⋈≻⋈⋈⋈⋈⋈⋈⊞⋈⊞⋈⋈⋈⋈⋈⊞⋈⊤∈⋈⊤∈⋈⋈≺⊤∈⋈⊞⋈⋈≺∋∋⋈⊤∈⋈⋈≺⊤∈⋈⊞⋈⋈≺∋∋⊤∈⊞⊙⊤∈⋈⊤∈⋈⋈≺⊤∈⋈⊞⋈⋈≺∋∋⋈⊤∈⋈⋈≺⊤∈⋈⊞⋈⋈≺∋∋⊤∈⊞⊙⊤∈∋∋∋∋⋈⋈⋈⋈≻⋈⋈⋈⋈⋈⊤∈⋈⋈⋈⋈⋈⋈⋈≻⋈⋈⋈⋈⋈⋈⋈⋈⋈⋈⋈⋈⋈≻⊡⊡⋈⋈⋈⋈⋈⋈⊤∈⊞∈⋈⊤∈⋈⋈⋈≻∋⋈⊤∈⋈⋈⋈≻∋⊞⊞∈∋∋⋈⋈⋈⋈⊤∈⊞∈⋈⋈⋈⋈≻⊞⊞∈∋∋∋⊤∈⋈≻⋈⊤∈⋈⋈⋈⊤∈⋈⋈⋈⋈≺⋈⊤∈⋈⋈⊞⋈⋈⋈⋈≺∋∋⋈⊤∈⋈⋈≺⊤∈⋈⊞⋈⋈≺∋∋⊤∈⋈⊞⊙⊤∈⊤∈∋∋∋⋈⋈⊙⊤∈⋈⋈≻⋈⋈⋈⋈⋈⊡⊡⋈⋈⋈⋈≻⋈⋈⋈⋈⋈⋈⊤⋈∈⊤⋈⋈∈⋈⋈⊤⋈∈⋈⊞∈⋈⋈⊞⋈⊡⊞⋈⊞⊤⋈∈∋⋈⋈⋈⊙⊤∈⋈⋈⋈⊡⊡⋈⋈⋈⋈≺⋈⋈⊞⊞⋈≺∋⋈⋈⊞≺∋⋈⊞⋈⊞⊤⊞⊞⋈⋈⋈⋈⋈⋈≻⊤∈⋈⋈⋈⋈⋈≻⊞⊞⋈⋈⋈⊞⋈⊞⋈⋈⋈⋈⊤⋈⊥⋈⊤⋈⋈⋈⋈⋈⊥⋈⋈⋈⋈⋈∈⊤∈⊤∈⊡⊡⋈⊞⊞⋈⋈⋈⋈∈⊤⋈⊥⋈⋈⊞⊞⋈⊞⊞⋈⊞⊞⋈⋈⋈⊙⋈⊞∈∋⋈⋈⊤∈⋈⋈⋈⋈⋈≺∋⋈⊤∈⋈⋈⊡≺∋⋈⋈≻⋈⋈⊤∈⋈⋈⋈⋈⋈⋈≺⋈⋈⋈≺∋⊤⋈⋈⊥⋈⋈⋈∋⊤⋈⊥⊥⊤∈⊞∈⊤∈⊞⊤∈⋈⊤⋈∈∋∋∈∋⋈⊤∈⋈⋈⋈≻∋⋈⋈≺∋≺∋⋈⋈⋈⋈≻⋈⊤∈⋈⋈⋈⋈⋈⋈⊞⋈≻⊤⋈∈⋈⋈⋈⋈⋈⋈⊞⋈⊞⊥⋈⊤⊥⋈⊥⊥⋈⊞⋈⋈∈⋈⊤∈⋈⊞⊤⊥⊞⊤∈⊞⋈⊞⊥≺∋⋈⋈⊤∈∋≺∋⋈⋈⋈⋈⊤∈⋈⋈⋈⋈⋈⋈⊙⊤∈⋈⋈⊡⊡⋈⋈⋈≻⋈⋈⋈≺∋∋⋈⋈⋈⋈⋈⋈⊤∈∋⋈⋈⋈⋈⋈⋈≻⋈⋈⋈∋⋈⊤∈⋈⋈⋈⋈⋈⋈⋈⋈⋈⋈⋈⊤∈⋈⋈⊞≻≺∋⋈⋈⋈⋈⋈≻⊞⋈⋈⋈⋈⊞⊡⋈⊡⋈⊡⋈⊡⋈⋈⋈⋈⋈⋈⋈⋈⋈⋈⋈⋈⋈⋈⋈⋈⋈⋈≻⋈⋈∈⋈⊞⊤∈∋⊤⋈⋈∈⋈⊤⋈⋈∈⊤⋈∈⋈≺⊤∈⋈⋈⊞⊥⋈⊞⊤⊥⊞∈⊞∈⋈⋈≻∋⊤∈∋⋈⋈⋈⋈⋈⋈≻⋈⊤∈∋⋈⋈⋈⋈⋈≺∋⋈⊙⋈⋈⋈⋈≺⋈⋈≺∋∋∋⋈⋈⋈⋈⋈⋈⋈⋈⊤⋈⋈∈⊤∈⋈⊞⊞⋈⊤∈⋈⊞⊤∈⋈⊡⊞⋈⊞≺∋⊞∈⋈⊤⊥⋈⊥⋈⋈⊥⋈⋈⊞⊞⊞∈⋈⊞⊤⊥⊞⊤∈⊞⋈⋈⊞⊥≺∋⊞⋈⋈⋈≻⊞⊤∈∋∋∋∋∋⋈⋈⋈⋈⋈⋈⋈≺∋⋈⋈⋈⋈≻⋈⋈⋈⋈⋈⋈⋈⋈≻⋈⋈⋈⊡⊡⋈⋈≻⋈⊤∈⊞⋈⊤∈⋈⋈⊤∈⊞⋈⋈⋈⋈⋈⋈⋈≺∋⋈⊞⊤∈∋⊞⋈⊞⊥≺∋⊤⊥∈⋈⋈⋈⋈≺∋⊞∈∈⋈⊤∈⊤∈⋈⋈⋈⊤∈⋈⋈⋈≺∋⋈⋈⋈⋈≻⋈∋∋⊤∈⋈⋈∋⋈⋈⋈⋈⋈⋈⋈⋈⋈⋈≻⋈⋈⊞⊤⊥⋈⋈⊤⋈∈⋈⋈⋈≻∋⊤∈⋈⋈⋈⋈≻∋⋈⋈≻⊞⋈⊞⊤⊥⊞⊞⋈⊤∈∋⋈⋈⊞⊥⋈≺∋⋈⋈≺∋⋈⋈∋⋈⊤∈∋⋈⋈⋈⋈≻≺∋⊡⊡⊞⊡⋈⋈⊤∈⊞⋈⋈⋈⋈⋈⋈⋈⋈⋈⋈⋈⋈⋈⋈⋈∈⋈⊞⋈≻⋈⊤∈⊞⋈⋈⋈≻⋈⊤∈⊡⋈⋈⊤⋈∈⊤∈⊤∈∋⋈⋈⋈≻⋈⊤∈⊡⊡⋈⋈⊞⊞⋈⋈⋈⋈⋈⋈≻⋈⋈⋈⋈⊤⊥⋈⋈⊤⊥⋈⋈⊞⋈⊞⊞∈⋈⋈⊤⋈⋈∈⋈⊤⋈∈⋈⊤∈⊤⋈∈⊞⊤∈⋈⊞⋈⋈⋈≻⊤∈⋈≺∋⋈⋈⋈⋈⊙⋈⋈⋈⋈≺⋈⋈⋈≺∋⋈⋈⋈⋈⋈≺∋∋⋈⋈⋈⋈≻⋈⋈⋈⊤∈⊤⋈∈⋈⋈⋈⋈≻⊞⋈≺⊤⋈∈∋⋈⋈⋈⊞⋈⊞⋈⋈≺∋∋⋈⋈⋈⋈⊞⋈⋈⋈⋈⋈⋈⋈⋈≻⋈⋈⋈⋈⋈⋈⊤∈⊡⊡⊤∈⋈⋈⋈⋈≻∋⋈⋈⊤⋈⋈∈≺⋈⋈⋈⋈⋈⋈⋈⊡⋈⊡⋈⊤∈⋈⋈⋈⋈≻∋⋈⊤⋈∈⋈⋈⋈⋈⋈≻⋈⋈⊤⋈∈⋈⋈⋈⋈≻∋⋈⊤∈⋈⋈⋈≻∋⊞⋈⊞⊤∈∋≺⋈⋈≻⋈⋈⊞⊤⊥⋈⋈⋈⊤∈∋⋈⋈⋈≻∋⊤⋈∈∋⋈⋈⋈⋈⋈⋈≺⋈≺∋⋈∋⋈≺∋⋈⋈≻⋈⊤∈⋈⋈⋈≻⋈⊤∈⊡⋈⊡⋈≺⋈⊤∈⋈⋈⊙⊤∈⋈⋈⊡⊡⋈⋈⋈⋈⊞⋈∈⋈⊤∈⋈⋈⊤∈∋⋈∋⋈⊤∈⋈⊞≻≺∋⋈⋈⋈⋈⋈⋈⊡⊡⋈⋈⋈⋈⋈⊞⋈≻⋈⊤∈⋈⊤∈⋈⊡⊞⊞⋈∈⊤∈∈⊡⊞⊞⊞⊤∈∋⊞∋⊞⊞⋈⋈⋈⊤∈⋈⋈⋈⋈≻∋⋈⊞⋈⊞∈∋∋⋈⋈⊞⊞⊤⋈⋈⋈⋈∈⋈⊞⊙∋∋⋈⊡⊡⋈⋈⊞⊤∈∋≺⋈⋈⋈⊡⊞⋈∈⋈⊤∈⋈≺⋈⋈⊞⊤∈∋⋈⋈⋈⋈⊤∈⋈⊞≻≺∋⋈⋈⋈⋈⋈⋈⋈⋈⋈⋈⋈⊞⋈⋈∈⋈⊞⋈⊞⋈⋈⋈⋈⊞⋈≻⊡⋈⋈⋈⋈⋈⋈⊡⊞⊞⊤∈∋⋈⋈⋈⋈⊙⋈⊤∈⋈⊤∈⋈⊡⊞⊞⋈∈⊤∈∈⊡⊞⊞⊞⊤∈∋⊞∋⊞⊞⊞⋈⋈⋈⊤∈⋈⋈⋈≻∋⋈⋈⊤∈⋈⋈⋈≻∋⋈⊞⋈⊞∈∋∋⊞⊞⊞⊞⊤⋈⋈⋈⋈∈⋈⊞⊙∋∋⋈⋈⋈≻⋈⋈≻⋈⊤∈⋈⋈⋈≻∋⊞⊡⋈⋈∈⊡⋈⊞⊤∈∋⋈⋈⊙⋈⊞∈⋈⊞⋈⋈⋈⊞⋈⊞⊞⋈⋈⋈⋈⋈⊞⋈⊞⋈∈⋈⋈⊞⋈⋈⋈⊞⊞⋈⋈⋈⊞∈⋈⋈⊤∈⋈⊤∈⋈⊤∈⊤∈⊤∈∋⊞⋈≺∋∋∋∋⋈⊞⋈⋈⋈⋈⋈≻⋈⋈⋈≻⋈⊞⊞⋈⊤∈⋈⊤∈⋈⊤∈⊤∈⊤∈∋⊞⋈≺∋∋∋⋈⋈⋈⋈≻⋈⋈⋈⋈≻⋈⋈⋈≻⋈⋈⊤∈⋈⊤⋈∈⊤⋈∈⊤∈∋⊞⋈≺⋈⋈⋈⋈≻⋈⋈⋈≻⋈⋈⋈≻⋈⋈≺∋∋∋∋⋈⋈⋈≻⋈⋈⋈⋈≻⋈⋈⊤∈⋈⋈⊤∈⋈⊤∈⊤∈⊤∈∋⊞⋈≺∋∋∋∋⋈⋈⋈⋈≻⋈⋈⋈≻⋈⋈⋈⋈≻⋈⋈⋈⋈⋈⊤⋈∈⋈⊤∈⋈⊤∈⊤∈⊤∈∋⊞⋈≺∋∋∋∋⋈⋈⋈≻⋈⋈⋈≻⋈⋈⋈⋈⋈⋈⊤⋈∈⋈⊤∈⋈⊤∈⊤∈⊤∈∋⊞⋈≺∋∋∋∋⋈⊞⋈⋈⋈≻⋈⋈⋈≻⋈⋈⋈≻⋈⋈⋈⋈⋈⋈⋈⋈⋈⋈≻⋈⋈⋈⋈⊡⊡⋈⊤∈⋈⋈⋈≻∋⊞⊤⋈∈∋⊡⋈⊤∈∋⋈⋈⋈⋈⋈⋈⋈⋈⋈⋈⋈⋈⋈⋈⋈⋈⋈⋈≻⋈⋈⋈⋈⋈⊡⊡⋈⋈⋈⋈⋈⋈≻⋈⋈⋈≻⊤⋈∈⋈⊞⋈⋈∋⋈⋈⋈⋈⊤∈⋈⋈⋈≻∋⋈⊤∈⋈⋈⋈≻∋⊤∈⋈⋈⊞⋈⊤∈⋈⊙⊤∈⋈⋈≻⋈⊡⊡⋈⋈⊤∈⋈⋈⋈⋈≻∋⋈⋈∈⋈⊤∈⋈⋈⋈≻∋⊞⊤∈∋⋈⋈⋈⊤⋈∈⊤∈⋈⋈⋈≺⊤∈⋈⋈⋈⊤⊥⋈⊤⊥⊞∈⊤∈⋈⊞⋈⋈⋈≻⊤∈⋈≺⋈≺∋⋈⋈⋈⋈⊙⋈≺∋⋈⋈⋈⋈⋈≺⋈⋈≺∋∋∋⋈⊤∈⋈⋈⋈≻⋈∋⋈⋈⋈⊤∈⋈⋈⋈⋈≻∋⋈⊞⋈⊤⋈⋈∈∋≺⋈⋈⋈⋈⋈⋈⋈⊙⋈≺∋⋈⊤∈⋈⋈⋈≻∋⋈⋈⊤∈⋈⋈⋈⊙⋈⋈⋈⋈⋈⋈⋈⋈⋈⋈∈⋈⋈⋈⊤∈⊤∈⋈≺⋈⊤∈⋈⋈⊤⊥⋈⊞⊤⊥⊞∈⊤∈⋈⊞⋈⋈⋈≻⊤∈∋⋈≺⋈≺∋⋈⋈⋈⋈⊙⋈⋈⋈⋈≺∋⋈⋈≺∋∋⊡⋈⋈⊡⋈⋈⋈⋈⋈⋈⋈≻⊞⊤∈∋⋈⋈⋈⋈⊤⋈∈⋈⊙⊤⋈⋈∈⋈⋈⊡⋈⊡⋈⋈⋈⋈⋈≻⋈⋈≻⋈⋈⊤∈⋈⋈⋈≻∋⋈⋈⋈⋈⋈⋈⋈⊞⋈⋈≻⋈⊤∈⊤∈⊤∈∋⊞⊞⋈⋈⋈⋈⋈⋈⋈⋈⋈≻∋⋈⋈⋈≻≺∋⊤∈⋈≻∋⋈⋈⊡⊡⋈⋈⋈≻⊤⊥⋈∈⋈⊤⋈⋈⊥⊤∈⋈⋈⋈≺∋⊤⊥⊤∈∋⊤∈⋈⋈∈⋈⋈∈⋈∈⊤∈⋈⋈⋈⊤⋈∈∋⋈⋈∈∋⋈≺∋⋈≺≺∋∋∋∋⋈⋈⋈⋈⋈⊤∈⋈⋈⋈≻∋⋈⊞⋈∈⋈⋈⋈⋈⋈⋈⋈⋈⋈∈⋈⋈⊤∈⊤∈⋈⊤∈⋈⋈⊤⊥⋈⊞⊤⊥⊞∈⊞⊤∈⋈⊞⋈⋈⋈≻⊤∈⋈≺∋⋈⋈⋈⋈⊙⋈⋈≺⋈⋈⋈⊤∈∋⋈∋⋈⋈⋈⋈⋈≺≺∋⋈⋈⋈⋈∋⋈⋈⋈⋈≻⊞⊤⊥⊞⋈⋈⋈≻⋈⋈⋈⋈⋈≻⊞⊤⊥⊞⋈⋈≻⋈⋈⋈≻⋈⋈⋈⋈≻⋈⋈⋈⋈⊡⋈⋈⋈⊡⋈⋈≻⊞⊞⊤∈∋≺⋈⋈⋈⋈⋈⋈⋈≻⋈⋈⋈⋈⋈⋈⋈≻⋈⋈⋈⋈⊤∈⋈⋈⊤∈⋈⊤∈⋈⋈⊤⊥⋈⊤⊥⊞∈⊤∈⋈⋈⊞⋈⋈⋈≻⋈⊤∈⋈≺∋⋈⋈⋈⋈⊙⋈⋈≺⋈⋈⋈≺⋈⋈≺∋∋⋈∋⋈⋈⋈⋈⋈⋈≻⋈⋈⋈⋈⋈⋈⋈⋈⋈≻⋈⋈⋈⋈⋈⋈⋈⋈⋈≻⋈⋈⋈⋈⋈⋈⋈⋈⋈⋈⋈⋈⋈≻⋈⋈⋈≻⊤∈⋈⊞⋈∋⊡⋈⋈⋈⋈⋈⋈⋈⋈⋈⋈⊡⋈⊤∈⋈⋈⋈≻∋⋈⊤∈⋈⋈⋈≻∋⋈⊤∈⋈⋈⋈≻∋⋈⋈⋈⋈≻⋈⋈⊞⋈⊞⋈⋈⋈⋈≻⋈⋈≻⋈⋈⊤∈⋈⊤⊤∈⋈⋈⋈⋈⊤∈⋈∋⋈⋈⋈⋈⊤∈⋈∋⊤⊥∈⊤⋈⋈⊥⋈⊤⊥⊤⋈⋈⊥⊤⊥⊞∈⊤∈⋈⊤⋈∈∋⊤∈⋈⋈⋈⋈⋈⊤∈⋈∋⋈⋈⋈⋈⊤∈⋈∋⊤⊥∈∋⊤⋈⋈∈≺⊤⋈⋈⊥⋈⊤⊥⊤⋈⋈⊥⊤⊥⊞∈⊤∈∋∋⋈⋈⋈⊤⋈∈∋⋈≺∋⋈∈∋⊤∈⋈⋈⋈≻∋⋈⋈⊤∈⋈⋈⋈≻∋⋈⊙⋈⊤∈⋈⋈⋈⋈⋈⋈⋈⊡⊡⋈≺∋∋⊤∈⋈⋈⋈≻∋⋈⊤∈⋈⋈⋈≻∋⊤∈⊤∈∋⋈⊙⋈⊤∈⋈⋈≻∋⋈⋈≻⋈⋈⋈⊡⊡⋈≺∋⋈⋈⊤∈⋈⋈⋈≻∋⋈⋈⊤∈⋈⋈⋈≻∋⋈⊤∈⋈⋈⋈⋈≻∋⋈⋈⋈≺⋈⊤∈⋈⋈⋈≻∋⋈⊞⊤⋈∈∋≺⋈⋈⊤∈⋈⋈⋈≻∋⋈⊤∈⋈⋈⋈⋈≻∋⋈⋈⋈⋈≺∋∋⋈⊤⋈∈⋈⋈⋈≻∋⊤∈⋈⋈⋈⋈≺⋈⋈⋈∈⋈⊤∈⊤∈⋈⊤∈⋈⋈⊤⊥⋈⊤⊥⊞∈⊞⊤∈⋈⊞⋈⋈⋈≻⊤∈⋈⋈≺∋⋈⋈⋈⊙⋈⋈⋈⋈≺⋈⊤∈∋∋⋈⋈⋈⋈⊤∈⋈⊤∈⋈⋈≺⊤∈⋈⊞⋈⋈≺∋∋⊤⊥⊤∈⋈⊤∈⋈∋⋈⊤⊥⊞⊙⊤∈∋∋⋈⊤∈⋈⋈⋈⋈≻∋⋈⋈⊤∈⋈⋈⋈⋈≻∋⋈≺∋⋈⋈⊡⊡⊤∈∋⋈⊙⊤∈⋈⋈≻⋈⋈⋈⋈⊡⊡⋈⋈⋈⋈⋈⋈⋈⋈≺∋⊞⊞⊤∈∋⋈⋈⋈⋈∈⋈⋈⊤∈⊤∈⋈⋈⊤∈⋈⋈⊤⊥⋈⊞⊤⊥⊞∈⊞⊤∈⋈⋈⊞⋈⋈⋈≻⋈⊤∈∋⋈≺∋⋈⋈≻∋⊞⋈≺∋⋈⋈⋈⋈⊙⋈≺⋈⋈≺⋈≺∋∋⋈∋⋈⋈⋈⋈⋈⋈⋈⋈⊤⋈⋈⊥⊤⋈⊥⊤∈⋈⋈⋈⋈⋈⋈⋈≻⋈⋈⋈⋈⋈⋈⋈⋈⋈⋈⋈≻⋈⋈⋈⋈≺∋⋈⊤∈⋈⋈⋈⋈≻∋⊡⊡⋈⋈⊞⊤∈∋≺⋈⋈⊡⊡⋈⋈⋈⊤∈⋈⋈⊤∈⋈⋈⋈⋈⋈⋈⊤∈∋⋈⊙⋈⊤∈∋⋈⋈≻⋈⋈⋈⋈⋈⊡⊡⋈⋈⋈≺⋈⋈⋈⋈≺∋⋈⋈⊞⊤⋈⋈⊥⋈⊤⊥⊥⋈⋈⊞∈⋈⊤∈⊤∈⊤∈⋈⋈⊞∈⊞⋈⊡⊞⊞⊤∈∋⋈⊙⋈⊤∈⋈⋈⋈⊡⊡⋈⋈⋈⋈⋈≺⋈⊞⊞⋈≺∋⊞≺∋⋈⋈⊞⊞⊤⊞⊞⋈⋈⋈⋈⋈≻⋈⊤∈⋈⋈≻⋈⊞⊞⋈⋈⊞⋈⊞⋈⋈⋈⋈⋈⋈⋈⊤⋈⋈⊥⋈∈⊤∈⊤∈⊡⊡⋈⊞⊞⋈⋈⋈⋈∈⊤⋈⊥⋈⋈⊞⊞⋈⊞⊞⋈⊞⊞⋈⋈⋈⊙⋈⊞∈∋⋈⋈⊤∈∋⋈⊤∈∋⋈⋈⋈≻⋈⋈⋈⊡≺∋⋈⋈⋈≻⋈⋈⊤∈⋈⋈⋈⋈≺⋈⋈≺∋⊤⋈⋈⊥⋈⋈∋⋈⊤⋈⋈⊥⊥⊤∈⊞⋈∈⊤∈⊞⊤∈⋈⊤⋈∈∋∋∈∋⋈⊤∈⋈⋈⋈≻∋⋈≺∋≺∋⋈⋈⋈≻⋈⊤∈⋈⋈⋈⊡⊡⊤⋈⋈⊥⋈⊤⊥⊥⋈⋈⋈⋈⋈⊞∈⋈⊞⋈≻⋈⋈⋈⋈⊤∈⋈∋⊤∈⊤⋈⋈⊥⋈⊤⊥⋈∈⊤∈⊞⊤∈⋈⊤⋈∈∋∋∈∋⊞⊡⊤∈∋⋈⊙⋈⊤∈∋⋈⋈≻⋈⋈⋈⋈⋈⊡⊡⋈⋈⋈⋈≺≺∋⋈⋈∋⊤∈⋈⋈⋈⋈≻∋⋈⊤∈⋈⋈⋈⋈≻⋈⋈⋈≺⋈⊙⋈⊤∈⋈⋈⋈⊡⊡⋈⋈≻⋈⋈⋈≺∋∋∋∋⋈⋈⊤∈⋈⋈≺⊤∈⋈⊞⋈⋈⋈≺∋∋⊤∈⋈⋈⊙⊤∈⋈≺∋∋⋈⊤∈⋈⋈⋈⋈≻∋⋈⊤∈⋈⋈⋈⋈⋈⊤∈∈∋⋈⋈⋈≻⋈⋈⋈⋈⋈⊞⋈⋈≻⋈⋈≻⊤∈⊤∈∋⋈⋈⋈≻∋⋈≺∋⋈⋈≻⋈⋈⋈⋈⋈≻⋈⋈⋈⋈≻⋈⋈⋈⊤∈⋈⋈⋈≻∋⊡⊡⋈⋈⋈⋈⊡⋈⋈≻⋈∈⋈⋈⊞⊤∈∋⋈⋈⋈⋈⋈⋈⊙⋈⋈⋈⊙⋈⊤∈⋈≻∋⋈⋈⊞⋈⋈⋈⊙⋈⋈⊞⋈⋈⊡⋈⋈≻⋈⋈⊞⊤⊥⋈⋈⋈⋈⋈⊤∈⋈⋈⋈≻∋⋈∈⋈⋈⊤∈⋈⋈⋈≻∋⊞⊤∈∋⋈⋈⋈⋈⋈≺⋈⋈⋈≻⋈⋈⊤∈⋈⋈⋈≻≺⋈⋈⋈≻≺∋∋∋⋈⋈⋈⋈≺∋∋⋈∈⋈⊤∈⋈⋈⋈≻∋⊞⊤∈≺∋∋⊡⊞≺∋≺∋⋈⋈⋈⋈⋈∋⋈∈⋈⊤∈⋈⋈⋈≻∋⋈⊤∈⋈⋈⋈≻∋⊞⊤∈∋⋈∈⋈⊤∈⋈⋈⋈≻∋⊞⊤∈∋⋈⋈⊤∈∋∋⋈⋈⋈⋈⋈⋈∋⋈⊤∈⋈⋈⊙⊤∈⋈⋈≻⋈⋈⋈≺⋈⋈⋈⊞⊤⊥⋈∈⋈⋈⋈⋈⋈≻⋈⋈⋈⊞⊞⋈⋈⋈⋈⋈⋈⋈≻⋈⋈⋈≻⊤⋈∈⋈⋈⋈⋈≻≺∋∋⊞⋈⋈⊤∈⋈⊤∈∋⋈⋈⊙⊤∈∋⋈⋈≻∋⋈≺∋⋈⋈≻⋈⋈⋈⋈⋈∋⋈⋈⋈⋈⋈≺⋈⋈⊤∈⋈≺∋∋⋈≻∋⋈⋈≻∋⋈⋈≻∋⋈⋈⋈≻∋∋⋈⋈≻⋈⋈⋈⋈⊡⊡⋈⊡⋈⋈⋈≻⋈∈⋈⊞⊤∈∋⋈⋈⋈⋈≻⋈⋈⊞⊤⊥⋈⋈⊤⋈∈∋⊤∈⊤∈⋈⊤∈∋∋⋈⋈⊙⊤∈∋⋈⋈≻∋∋⋈⋈≻∋⋈≺∋⋈⋈≻∋⊞∋⋈⋈≻∋⊞∋⋈⋈≻∋∋∋⊡⊡⋈≺∋⋈⋈⋈⋈⋈⊡⊡⋈⋈⋈⋈≻⋈⋈⊤∈⊤∈⋈⊤∈⋈⋈⊞⊥⋈⊞⊤⊥⊞∈⊤∈⋈⊞⋈⋈⋈≻⊤∈⋈⋈≺∋⋈⋈⋈⊙⋈≺⊞∋⋈⋈≻⋈⋈≺⋈≺∋∈⋈⋈⋈≻⋈⋈⋈⋈⋈⊤∈⋈⋈⊤∈⋈≻∋⋈⋈⊞⋈⋈⋈⋈⋈⋈⋈⊞⋈⋈⊤⋈∈⋈⋈⊤∈∋⋈⋈⊤⊥⋈⊞⊞⊥⊞∈⋈⊡⊞⊞⊤∈⋈⋈⊡⊞⋈≺∋⊞⊤∈⋈⋈≻⋈⋈⋈⋈⋈⊤∈⋈⋈⋈⋈⋈⋈⋈⋈⋈⋈⋈≻⋈⊤∈⋈⋈⋈≻∋⋈⋈⋈⊤∈∋⋈⋈⊡⋈⋈⋈⋈⋈⊡⋈⋈⋈⊤∈⋈⋈⋈⋈⋈⋈⋈⋈⋈⋈⋈⋈⋈⋈≻⋈⋈⋈⋈⋈⋈⊤∈∋⋈⋈⋈⋈⋈⊡⊡⊡⋈⋈⋈⋈⋈⋈≻⊤∈⋈⋈≻⊤∈∋⋈⋈≻⊤∈⋈⋈≻⊤∈∋⋈⋈⋈⋈≻⋈⋈≻∋⋈⋈⋈⊙⋈⊤∈⋈⋈⋈⋈≻∋⋈⊤∈⋈⋈⋈⋈≻∋⋈⊤∈⋈⋈⋈⋈≻≺⊡⊡⋈⋈⋈≺∋⋈⊤∈⋈⋈⋈⋈≻∋⋈⊤∈⋈⋈⋈⋈≻∋⋈⊤∈⋈⋈⋈⋈≻∋⋈⋈≺⋈∋∋⊡⋈⋈⋈⊡⋈⋈⋈⋈⊙⊤⋈⋈∈≺⋈≺⋈⋈⋈⋈≺∋∋∋⋈⋈⊙⊤∈⋈⋈≻∋⋈⋈≻∋⋈⋈≻∋⋈≺∋⋈⋈≻∋⋈∋⋈∋⋈⋈⋈⋈⊙⋈⋈⋈∋⋈∋⋈⊡⊡⋈≺∋⋈≺∋∋⋈⋈⋈⊡⊡⋈⋈⋈⊤∈⋈⋈⋈⋈≻≺∋∋∋∋⋈⊤∈⋈⋈⋈≻∋⋈∋≻∋⋈⋈⋈⊙≺≺∋⋈⋈⊡⊡≺∋⊞⋈∋⊞⋈⋈⋈⋈⋈⋈⊣⋈⋈⋈⋈⋈⋈⋈⋈⋈⋈⋈⋈≻⋈⋈⋈⋈≺∋⋈⋈⋈⋈⊞⋈⋈⋈⋈⋈⋈≺⋈⋈⋈⋈∋⊞⋈⋈⋈⋈⋈⋈⊣⋈⋈⋈⋈⋈⋈⋈⋈⋈⋈⋈⋈∈⋈≻⊤∈⋈⋈∋⊤∈⋈⋈⋈⋈⋈⋈⋈⋈≻⋈⋈⋈⋈⊞≺∋⋈≺∋⊞⋈⋈⋈⋈⋈⋈⊣⋈⊤∈⋈⋈⋈⋈⋈≻⋈≺∋⋈⊞⋈≺∋⋈⋈⋈⋈⋈⋈⋈⋈⋈⋈⋈⊞⋈⋈⋈⋈⋈⋈≺⋈⋈≺∋⋈⋈⋈⋈≻⊞⊤⊥⋈≺∋⋈⋈⋈⋈⋈⋈≻⋈⊤∈⋈⋈⋈≻≺∋⋈⋈⊞⋈⋈⊞⊞⊞⊞⊞⊞⋈⊞∈⊞⊡⊞⊞⊞⊤∈⋈⋈⋈⋈⊡⋈⋈⊡∈⋈⊞⊞⊞⊞⋈⊤∈⋈⊞⋈⋈⋈⋈⊙⋈⊤∈∋⋈⋈⊞⋈⋈⋈⋈⊡⊞⋈⋈⊡∈∋∋⊤⋈∈⊞⊤∈⊞⊞⊞⊞∋⊞⊞⊤∈⋈⊤∈⊡⊞⊞⋈≺∋⊞⋈⊡⋈⊞⋈⋈⊡⊞⋈⋈⋈⋈⋈∋⋈⋈⋈⋈⋈⋈⋈≺∋⊞⊞⊞⊞≺∋⋈⋈⋈≺∋∋∋⊞⋈⋈⋈⋈⋈⋈⊣⊞⊞⊞≺∋⋈⋈⋈⋈⋈⋈⋈⋈⋈⋈⋈⋈∈⋈≻⊤∈⋈⋈⋈⊤∈⋈∋⋈⋈⋈⋈⋈⋈≻⋈⋈⋈≺⋈⋈⋈⋈≻⊤⋈⊥⊤∈⋈⋈⋈≻⋈⋈⋈⋈⋈≻⋈⋈⋈⊤∈⋈⊤∈⊤⋈∈⋈⋈⋈⋈≻⊤∈⋈⋈⋈≻⋈⋈⋈⋈≻⋈≺∋⋈≺⋈⋈⋈⋈⋈≻⊤∈∋⋈⊞⋈⋈∈⋈⋈⋈≻≺≺∋⊞⋈⋈∋⋈⋈⋈⋈≻⋈⋈⋈⋈⋈⋈⊤∈⋈⋈⋈⋈⋈⊙⋈⋈⋈⋈⋈⋈⋈⋈⋈⋈≻⋈⋈⋈⋈⋈⋈⊤∈⋈⋈⋈⋈⊙⋈⋈⋈⋈⋈⋈⋈⋈⋈≻⋈⋈≻⊞⊞⊞⊞∈⋈⊞⋈⋈⋈⊞⋈⋈⊞⊞∈⋈⋈⋈⋈⊞⊤∈∋⋈⋈⋈≻⊞⋈⊞⊡⋈⊞⋈⊞⋈⋈≻⋈⋈⊞⋈≻⋈⋈⋈⋈⊙⋈⋈⋈⋈⊞⋈⋈⊞⊞⋈⊞⋈⊞⊞⊞⊞⊞⋈⊞⋈⊞⊤∈∋⋈⊤⋈∈∋⋈⋈⊙⊞⊞⋈⋈⊤⊥⋈⊞⊞⊤⊥⊞∈⋈⋈⋈⋈≻⋈⋈⋈⋈⋈⋈≺⋈⊞⋈⋈⊞⋈⊞⋈⊞⊞∈⋈⊞⋈⋈⋈⊞⋈⋈⊞⊞∈⋈⋈⊞⊤∈⋈⋈⋈≻⊞⋈⊡⋈⋈⊙⋈⋈⊞⋈⋈⊞⋈⋈⊞⊞⋈⊞⋈⊞⊞⊞⊞⋈⊞⋈⊞⋈⋈≻⊡⋈⋈⊞⋈≻⋈⊡⋈⊙⋈⋈⊞⋈⊞⊞⊞⊞⋈⋈⊞⊤∈∋⋈⊤⋈∈∋⋈⋈⋈⋈≻⋈⋈⋈≻⋈⋈⋈≻⋈⋈⋈⋈⊤∈⋈⋈⋈≻∋⋈⋈⋈⋈≻⋈⋈⋈⋈⋈⋈≻⋈⋈⋈⋈⋈⊤∈⋈⋈⋈⋈⋈⊙⊡⊡⋈⋈⋈⋈⋈⋈⋈⋈⋈⋈≻⋈≻⋈⋈≻⋈⋈⊞⋈⋈⋈⋈⋈⋈⋈⋈≻⊞⊡⊡⊡⊞⊞⋈⊤⊥⊡⊞⊞⊤⊥⊞⊞⊤⊥⊤∈⋈⋈⋈⊞⊞⋈⊞⊞⊞⋈⋈⊞⊞⋈⊞⊞⊞⋈⋈⊞⋈⊙⋈⋈∈⋈⋈⋈⋈⋈⋈⋈⋈⊙⋈⋈⋈⋈⊙⋈⋈⋈⋈⋈⋈⋈⋈≻⋈≻⋈⋈⋈⋈≻⋈⋈⊤∈⋈⋈⋈≻∋⋈≻⋈≻⋈⋈⋈⋈≻⋈≺∋⋈⋈⋈⋈⋈⋈⋈⋈⋈⋈⋈⋈⋈⋈≻⋈⋈⋈⋈⋈⋈⋈≻⋈≻⋈⋈⋈⋈⋈⋈≺∋⋈⋈⋈⋈≻∋⋈⋈⋈⋈⊤⋈∈⋈⋈⋈≻∋⋈≻⋈≻⋈⋈⋈⋈⋈⋈≺∋⋈≻≺⋈⋈⋈⋈⋈⋈⋈⋈⋈⋈⋈⋈≺∋∋⋈∋∋⋈∋⋈⋈⋈≻≺⋈⊤∈⋈⋈⋈⋈⋈≻⋈≺∋⋈⊞⋈≺∋⋈⋈⋈⋈≻⋈⊤∈⋈⋈⋈⋈⋈⋈⋈≻⊤⊥⊤∈⋈⋈⊙⊤⋈∈∋⋈⋈≻⋈⋈⋈⋈∋⋈⋈⋈≺⋈⋈⋈⋈≻⋈⋈⋈⊤∈⊤∈⊤⋈∈⊞⊤∈⋈≺∋⊤∈⊤∈∋⋈⋈≻⊤∈⋈⋈≻⊞⊤⊥⊤⋈∈∋∋⋈⋈⋈≻⊤⊥⊤∈⋈⋈⋈≻≺⊞⋈⋈⋈⋈⊤∈⋈⊞⊞⋈⋈⊞⋈⋈⋈⋈⊞⊞⋈⊞∈⋈⋈⋈⋈⋈⋈⋈≻⊤⊥⊤∈⋈⋈⋈⋈⋈⋈⋈≻⋈⋈⋈⋈⊤∈⋈⋈⋈⋈⋈≺∋⋈≻⋈⋈⊤∈∋⋈⋈⋈⋈⋈⋈⋈⋈⋈≺⋈⋈⋈⋈⋈⋈⋈⋈≻⊤⋈⊥⊤∈⋈⋈⋈⋈⋈⋈⋈≻⋈⋈⋈⋈⊤⋈∈⋈⋈⋈⋈⋈⋈≺∋⋈≻⋈⊤∈∋⋈⋈⋈⋈⋈⋈⋈⋈⋈⋈⊤∈⋈⋈⋈⋈≻∋∋⋈⋈⋈≻⋈⋈⋈⋈≻⋈⋈⋈⋈⋈⋈⋈⊤∈⋈≻⋈⋈∋⋈⋈⋈⋈⋈⋈⋈⋈⋈⋈⊞⋈⋈⊞⊤⋈∈∋⋈⋈⊤∈⋈≺∋⋈⋈⋈⋈⋈⋈⋈⋈⋈⊙⋈⋈⋈⋈≻⋈≺∋⋈⋈⋈≻⋈⋈⋈⋈⊤∈⋈⋈⋈⋈⋈⊙⋈⋈⋈⋈⋈⋈⋈⋈≻⋈⋈⊤⋈∈⋈⋈⋈⋈⋈⋈≻⋈⋈⊤∈∋⋈⋈⋈⋈⋈⋈≺⋈⋈⋈⋈⋈⋈≻⋈⋈⋈⋈⊤∈⋈⋈⋈⋈⋈⋈⋈⋈≻⋈⋈⋈⊤∈⊤∈⊤∈⊞⊤∈⋈⋈⋈≻⋈⋈⋈⋈≻≺⋈≺∋⋈⋈⋈⋈≻⊞⊤⊥≺∋⋈⋈⋈⋈⋈⋈⋈⋈⊙⋈⋈⋈⋈⊙⋈⋈⋈⋈⋈⋈⋈⋈∋⋈⋈≺⋈⋈⋈≺∋⋈⋈∋⋈∋⋈⋈⋈≻≺⋈⋈⋈≻⋈≺∋⋈⋈≺≺∋∋⋈⋈⋈⋈≻⋈⋈⋈⋈∋∋⋈⋈⋈⋈⋈≺∋⋈⋈⋈≺∋∋∋∋∋⋈⊤∈⋈⋈⋈≻∋∋⋈⋈⊤∈⋈⋈⋈⋈⋈⋈⋈⊙⋈⋈⋈⋈⋈⋈⋈⋈⋈⊡⊡⋈⋈⋈⊙⋈⋈⋈⋈⋈⋈≻⊤∈⋈⋈⋈≻⊤⊥⊤∈⋈⋈⊙⊤∈∋⋈⋈≻⋈⋈⊡⊡⋈⋈⋈≺⋈⋈⋈⋈⋈⋈⋈⋈⋈≻⊤⊥⊤∈⋈⋈⋈⋈⋈⋈⋈⋈⋈≻⋈⋈⋈⋈⊤∈⋈⋈⋈⋈⋈⋈≺∋⋈≻⋈⊤∈∋⋈⋈⊡⊡⊡⋈⋈≺⋈⋈⋈⋈⋈⋈⋈⋈⋈⋈⋈≻⊤⋈⊥⊤∈⋈⋈⋈⋈⋈⋈⋈⋈≻⋈⋈⋈⊤∈⋈⋈⋈⋈⋈⋈⋈⋈≺∋⋈≻⋈⊤∈⋈⋈⋈⋈⋈⋈⋈⋈⋈⋈⋈⋈⋈≻⋈⋈⋈⋈⋈⊤∈⋈⋈⋈⋈⋈⋈⊤∈⋈⋈⋈≻∋⋈⊤⋈∈⋈⋈⋈≻∋⋈⋈⋈⋈⋈≻⊤⊥⊤∈⋈⋈⋈⋈⋈⋈⋈≻⋈⋈⋈⊤∈⋈⋈⋈⋈⋈⋈⋈⋈≺∋⋈≻⋈⊤∈⋈⋈⋈⊡⊡⋈⋈⋈≻⋈⊤∈⋈⋈⋈⋈≻∋⊤∈⋈⋈⊤⋈∈⋈⋈⋈≻≺⋈⋈⋈≻⋈⋈≺⋈≺∋⋈⊡⊡⋈∋⋈⊤∈⋈≺⋈⋈⊡⊡⋈⋈⊤⋈∈⋈⋈⋈≻≺⋈≺∋⋈⋈⊡⊡⊡⋈⋈∋∋⋈⊤∈⋈∋⋈⋈≻∋∋∋⋈⊤∈∋⋈⋈⋈⋈⋈⋈≺∋∋∋⋈⋈⋈≻⊤⊥⊤∈⋈⋈⊙⊤∈∋⋈⋈≻⊡⊡⋈⋈⋈⋈⋈⋈⋈⋈⋈⋈≻⋈⋈⋈⋈⋈⊤∈⋈⋈⊡⊡⋈⋈⋈≻⊤⊥⊤∈⋈⋈⋈≻≺⋈⋈⋈⋈≻⋈⋈⋈⊤∈⋈⊤∈⊤∈⊤∈⋈⋈⋈≻⋈⋈⋈⋈≻⋈⋈≺⊞⊤⊥⋈≺⋈⋈⋈⋈⋈⋈⊡⊡≺∋∋⋈⋈⋈⋈⋈≺∋∋⋈⋈⋈⋈⋈⋈∋⋈⋈⋈⊞⋈⋈⋈⋈⋈⋈⋈⋈⋈≻⊤∈⋈⋈⋈⋈⋈≻∋⋈∋⋈⋈⋈⋈≻∋⋈⋈⋈⋈≻⊤⊥⊤⋈⋈⊥⋈⋈⊥∈⋈⋈⋈⋈⋈⋈⋈⋈⋈≻⋈⋈⊤∈≻⋈⋈⋈≻⊤∈⊤∈⋈⋈≺∋⋈≻≺⋈⋈⋈⋈⋈≻⋈⋈⋈⋈⋈⊤∈⋈⋈⋈⊡⊡⋈⋈⋈⋈⋈⋈⋈≻⊤∈⋈⋈⋈⋈⋈⊤∈⋈⊤∈⋈⋈≻⋈⋈⋈⋈≻⊤⊤∈⋈⊤≺∋⋈∈⋈⋈⋈≻⊤⋈⊥⊤∈⋈⋈⋈≻⋈⋈⋈⋈⋈⋈⋈⋈≻⋈⋈⋈⋈⋈⋈⊤∈⋈⋈⊤∈∋∋⋈∋∋⋈⋈⋈⋈≻⋈⋈⋈⋈⋈⋈⋈≻⋈⋈⋈⋈⋈⊤∈⋈⋈⋈⋈⊙⋈⋈⋈⋈⋈⋈⋈⋈≻⋈⋈⋈⋈⋈⋈⊤∈⋈⋈⋈⋈≻⋈⋈⋈⋈⋈⊡⊡⋈⋈⋈⊙⋈⋈⋈≻⊤⋈⊥⋈⋈⋈≻⊤⊥⊤∈⋈⋈⋈≻≺⋈⋈⊞⊞⋈⋈≻⋈⋈⋈⋈⊤∈⋈⋈⋈≻⊤⋈⊥⋈⋈⋈≻⊤⊥⊤∈⋈⋈⋈≻⋈⋈⋈⋈≻⋈⋈⋈⋈⋈⊤∈⋈⋈⋈⊡⊡⊞⊤⊥⋈⋈⋈⋈⋈≻⊤∈⋈⋈⋈⋈⋈⋈⋈⋈⋈≻⋈⋈⋈⋈⋈⋈⊤∈⋈⋈⋈⋈⋈⋈⋈⋈⋈⋈⋈⋈⋈⋈⋈⋈⋈⋈⋈⋈⊙⋈⊞⋈⋈⋈⊞⋈⋈⋈⋈⋈⋈⋈⋈⊡⋈∈∈⋈≻⋈⋈⋈⋈≻⋈⋈⋈⋈⋈⊤∈⋈⋈⋈⊡⊡⋈≺⋈⋈⋈⊙⋈⋈⋈⋈⋈⋈⋈⊤∈⋈⋈⋈⋈⊙⋈⋈⋈⋈⋈⊞⋈⋈⋈⋈⋈⋈⋈≻⊞⋈⋈⊤∈⋈⋈⋈⋈⋈⋈⋈⋈⋈⋈⋈⋈⋈≻⋈⋈⋈⋈⋈⊤∈∋⋈⋈⋈⋈⋈⋈⋈⋈⊞⊞⋈⋈⋈⋈⋈⋈⋈≻⋈⋈⋈⋈⋈≻⋈⋈⋈≻⋈⋈⋈⋈⋈⊤∈⋈⋈⋈⋈⋈⋈⋈⋈⊞⊞⋈⋈⋈⋈⋈⋈⋈≻⋈⋈⋈⋈⋈⋈≻⋈⋈⋈≻⋈⋈⋈⋈⋈⊤∈⋈⋈⊡⊡⋈⋈⋈⋈⋈⋈⋈⋈⋈⋈⋈⋈⋈⋈⋈⋈⋈≻⋈⋈⋈⋈⋈≻⊤⋈⊥⊤∈∋⋈⋈⋈≻⋈⋈⋈⋈⋈≻⋈⋈≻⋈⋈≻⋈⋈≻⊡⊞⊞⊤⊥⋈⋈⋈⋈⊡⋈≻⊡⊞⊞⊤⊥⋈⋈⋈⊡⋈≻⊡⊞⊞⊤⊥⋈⋈⋈⊡⋈⋈≻⊞⋈⊤⊥⋈⋈⋈⋈⋈⋈≻⋈⋈⋈⋈⋈⋈⋈⋈⋈⋈⋈⋈⋈⋈⋈⋈⋈⋈⋈⋈⋈⋈⋈⋈⋈⋈⋈⋈⋈⋈⋈⋈⋈⋈⋈⋈⋈⋈⋈⋈⋈⋈⋈⋈⋈⋈≻⋈⋈≻⋈⋈≻⋈⋈⋈≻⋈⋈⋈≻⋈⋈⋈≻⋈⋈⋈≻⋈⋈⋈≻⋈⋈⋈≻⋈⋈⋈⋈⋈⋈⋈⋈≻⋈⋈⋈⋈⋈⋈⋈⋈⋈⋈⋈⋈⋈⋈⋈⋈⋈⋈⋈⋈≻⋈⋈⋈≻⋈⋈≻⋈⋈≺∋⋈⋈≻⋈⋈≻⋈⋈⋈⊡⊡⋈≺∋⊤∈⋈∈⋈≻⊞⊞∈∋∋⋈⋈⋈⋈≻⋈⋈≻⋈⋈⋈⋈⋈⊡⊡⋈≺∋⊤∈⋈∈⋈≻⊞⊞∈∋∋⋈⋈⋈⋈≻⋈⋈⊤∈⋈⋈⋈≻⋈⋈⋈⊡⊡⋈≺∋∋⋈⋈≻⋈⋈≻⋈⋈⊡⊡⋈⋈⊡⋈≺∋⋈≻⋈⊤∈⋈⋈⋈⋈≻∋∋⋈⋈⊤∈⋈⋈⋈≻∋⋈≻⋈⋈⊤∈⋈⋈⋈≻≺⊤∈∋⋈⋈⋈⋈≻≺∋⋈⋈⋈⊡⊡⋈⋈⋈⊤∈⋈⋈⋈≺⋈⋈⋈⋈≻⋈⋈⋈⊤∈⋈⋈⋈≻≺⋈⋈⋈⊡⊡⋈≺∋∋∋⋈⋈≻⋈⋈⋈⋈∋≻⋈⋈⋈⋈⋈⋈≺∋∋∋⋈⋈⋈⋈⊡⊡⋈⋈≺∋≻⋈⋈⋈⊡⊡⋈≺∋∋∋⋈⋈⊤∈⋈⋈⋈≻∋⋈≺⋈⋈⊞⋈⋈⋈⋈⋈⋈⋈⋈≻⊞⋈⋈⊤∈⋈⋈⊡⋈⋈⊡⋈⊡⋈⋈⋈⋈⋈⋈⋈⋈⋈⋈⋈⋈⋈⋈⋈⋈≻⋈⋈⋈≻⊤⋈⊥⊤∈∋⋈⋈⋈≻⋈⋈⋈⋈⊞≻⋈⊞≻⊡⊞⋈≻⊡⊞⋈≻⊡⊞⋈⋈≻⋈⋈⋈≻⋈⋈⋈⋈⋈⋈⋈⋈⋈⋈⋈⋈⋈⋈⋈⋈⋈⋈⋈⋈⋈⋈⋈⋈⋈⋈⋈⋈⋈⋈⋈⋈⋈⋈⋈⋈⋈⋈⋈≻⋈⋈≻⋈⋈≻⋈⋈≻⋈⋈≻⋈⋈≻⋈⋈⋈≻⋈≺∋⋈⋈≻⋈⋈≻⋈⋈≻⋈⋈⊡⊡⋈⋈⊡⋈≺∋⋈⋈≻⋈⋈≻≺⋈⋈⋈⋈⋈⋈⋈≺∋∋⋈⋈≺⋈⋈⋈⋈≻⋈⋈⋈⊤⋈∈⋈⋈⋈≻≺⋈⋈⋈⊡⊡≺⋈⋈⋈⋈≺∋⋈∋⋈≺∋∋⋈∋∋∋∋⋈⊤∈⋈⋈⋈≻≺∋∋⋈≻∋⊤∈⋈⋈⋈⋈≻≺∋∋⋈≻⋈⋈⋈⋈⋈≻⋈⋈⋈⋈⋈⋈⋈≺∋⊞⋈⋈⋈⋈⋈⋈⊣⋈⋈⋈⋈⋈⋈⋈⋈⋈⋈⋈⋈≻⊤∈∋⋈⋈⋈⋈⋈⋈⋈⋈⋈⋈⋈⋈⋈≻⋈⋈≻⊞⋈⋈⋈⋈⋈≺∋⋈⋈⋈⋈⋈⊤∈≻≺∋⋈⊤∈⋈∈⊤∈⋈⊡∈∋⋈∋⋈⋈⊤∈⋈⊞⊡∈⋈⊤∈⋈⋈⋈≻∋⋈≻≺∋⋈⊞≺∋⋈⊤∈⋈≻⋈⋈⊞⊞⋈⋈⊤∈⋈⊞⊞⋈⊞∈∋⋈⋈⋈∋⋈⊞⋈⊞∈⊤∈⋈⋈⋈∈⋈⊤∈⋈⋈⋈⊞⋈⊞⊞⋈⊞⋈⊞⊞⊞⊞⊤∈∋∋⊤∈⋈⊞≺∈⊤∈⋈⊤∈⊞⋈⊤∈⋈≻⊤∈⋈≺∋∋⋈⊞⊤∈⋈⋈⊞⋈⋈⊞⊤∈∋⋈⊞⊤⋈∈∋⊞≺∋⊞∈⋈⋈⋈≻≺⋈⊤∈⊤∈⋈⋈⋈∈⋈⋈⋈⊙⊤∈⊙⋈⊤∈⊞⊞⊤∈⋈≺∋⋈⊞⋈⊤∈⋈⊞∈⊞⋈≺∋⊤∈∋≺⋈⊞⊤∈⋈⋈⋈≻⊤∈≺⋈⊞⋈⋈⊙⊞⋈∋⋈≻⊤∈∋∋∋⊡∋∋∋⊞⋈⋈⊞⊤∈∋⋈⋈⋈≻⊡⊤∈≺∋⋈≻⋈≻⋈⊞⋈≺∋⋈⊙⊞⋈⊡∋⊡⋈∈⋈⊞⋈⊤∈⋈⋈⋈⋈⊞⊙≺∋∋⊤∈∋≻∋≻∋⋈⋈≺∋∋⋈⋈⋈≻≺∋∋⊣⋈⋈≻⊞⋈⋈⋈⋈⋈⋈⊣⊡⊡⋈⋈⋈⋈⋈⋈⋈⋈⋈≻⋈≺∋⋈⋈⋈⋈⋈≻⊡⊞⊤∈⊞≺∋∋⊞⋈⋈⊤⊥⋈⊞⊤⊥⊞⋈⊞⊞⊤⊥⊤⊥⊞⊞∈⋈⋈⋈⋈⋈⋈⋈≻≺⋈⊡⋈≺∋⋈⋈⋈≺∋∋∋⊞⋈⋈⋈⋈⊣
0x27a026c0	⊢⋈⋈⋈⋈⋈⋈⊞⋈⋈⋈⊤∈⋈⋈⋈∈⋈⋈⋈⋈⋈≻⋈⋈⊞∈⋈⋈⋈≻⋈⋈⋈⋈⋈⋈⋈⋈⋈⋈≻⊤∈⋈⋈≻⋈⋈⋈⋈⊙⋈⋈⋈⋈⋈⊞⋈⋈⋈⋈⊣⋈⋈⋈⋈⋈⋈⋈⋈⋈≻⋈⋈≻⋈⋈⋈⋈⋈⋈⋈⋈⊤∈∋∋⋈⋈⋈⋈⋈⋈⋈⊞⋈⋈⋈⋈⋈⋈≺
0x279f3f6c	⊢⋈⋈⋈⋈⋈⋈⊞⋈⋈⋈⋈⋈⋈≻⋈⋈⊤∈⋈⋈⋈⋈⊤∈⋈⋈⋈⋈≻⋈⋈⊤∈⋈⋈⋈⋈⊙⋈⊤∈⋈≻⋈⋈⋈⊞⊥⊤⊥⊞∈⊞∈⋈⋈≻∋⊤∈⋈⊞⋈⋈⋈⋈≻⋈⋈⊤⋈∈∋≺∋⊤∈⊞⊞∈⋈⊞⋈⊞⊤∈∋≺∋⋈⋈⋈⋈⋈≻≺∋⋈≻⋈≺∋⋈⋈⋈⊙⊤∈⋈⋈⋈⋈⋈⋈⋈⋈⋈⋈⋈⋈⋈⋈≻⊤∈∋⋈⋈⊞⋈⋈⋈⋈⋈⋈≺⋈⋈⋈⊞⋈⋈⋈⋈⋈≻⊤∈⋈⋈⋈⋈⋈≻∋⋈⋈≻⋈⋈⋈⋈⋈⋈⋈⋈⋈⋈≻⊤∈⋈⋈≻⋈⋈⋈⋈⋈⋈⊤∈⋈⋈⋈⋈≻⊤∈⋈⋈≻⋈⊞∈⊤⊥⊞⊤∈∋⋈⊤⊥⊞⊥⊞∈⊤∈∋⋈⋈∈⋈⊞∈⋈⊞⊤∈⊤∈≺∋⋈⊞⊞≺∋∋∋∋⋈⋈≻⋈⋈⊞⋈⋈⋈⋈≺⋈⋈⋈⋈⊙⋈⋈⋈⋈⋈⊞⋈⋈⋈⋈⊣⋈⋈⋈⋈⋈≺∋⊞⋈⋈⋈⋈⋈⋈⊣
0x27a47fc0	⊢⋈⊞⊤⊥⋈⋈⋈≺⋈⋈⋈⋈⋈⋈⋈⊞⊤∈⋈⋈⊤∈⊤∈⊤∈≺∋⋈⊞⊞⋈⋈⋈⋈⋈⋈≺⋈⋈⊤∈∋⊤∈⊤∈⋈⋈⋈⋈⋈≻⊤∈⋈⋈≻⊤∈⋈⋈⋈⋈⋈⋈⋈⋈⋈⋈⋈⋈⋈⋈≻∋⋈≺∋∋∋∋⋈⋈⋈⋈⋈⋈⋈⊡∈⋈⋈≻⋈⊤∈⊞≺⋈⊤∈⋈≻≺∋⋈⋈⊙⋈⊤∈⋈⋈⊙⊤∈∋≺∋∋∋⋈⊞⋈⋈⋈⋈⋈⋈⊣
0x27a230d0	⊢⋈⋈⋈⋈⋈⋈⋈⊞⋈⋈⊤∈⋈⊤∈∋⋈⋈⋈⋈⋈⋈⋈⋈⋈⋈⋈⋈⋈⋈⋈⋈⋈⊤∈⋈⊙∋⋈⊤⊥⋈≻⊤∈⊤∈⋈⋈⊤∈⋈⊙⋈∋⋈⋈⋈⋈⋈⋈⋈⊞≻⋈⋈⋈⊡∋∋⋈⊡⋈⋈⊞⊞≺∋⊞⋈⋈⋈⋈⋈⋈⊣
0x27a16fbd	⊢⋈⋈⋈⋈⋈⋈⊞⋈⋈⋈⋈⋈⋈⋈≻⋈⋈⊞⊤∈⋈⊤∈⋈⊞⊤∈∋⋈⊞⋈⋈≺∋⋈⊤⊥≺∋⋈⋈⊞⋈∈⊤∈∋⋈⋈⋈⋈⋈⋈⋈⋈⋈≻⋈⋈⋈⋈⋈⊤∈⋈⋈⋈≻⋈∋⋈≺⊤∈⋈⋈⋈≻⋈⋈⋈⋈⋈⋈⊞⋈⋈⋈⋈⋈⋈⋈⋈⊞∈⋈⋈≺∋⊤∈⋈⋈⊤∈⋈⋈≺∋⊤∈⋈⊤∈⋈⋈≺∋⊤∈⊤∈⋈⋈⊞⋈≺⊤∈⋈⋈⊞⋈⋈⋈≺∋∋⊤∈⋈⋈⋈⋈≺⊤∈⋈⋈⋈⊞⋈⋈⋈≺∋∋⊤⋈∈⋈⋈≺⊤∈⋈⊞⊞⋈⋈≺∋∋⋈⊞⋈⋈⊞≻⋈⊤⋈⊥⊤⋈⋈⊥⋈⋈⋈⋈⊞⋈∈⋈⊞∈⋈⊤∈⋈⊞⋈⋈≻⊤∈⋈⊤∈⊞⋈⋈⊞⊞∈⋈⊡⋈⊞⊞⊞⋈⊞⊞⋈⊤∈∋≺∋⋈⋈⋈⊤∈⊞⋈⊞⊞⊞∈⋈⊡⊞⊞⊞⋈⊞⊞⋈⊤∈∋≺∋⋈⊤∈⋈⋈⋈≻∋⋈⋈⋈≻⊞⊞⊥⊞⊥⋈⊞⋈⊞⊤⋈∈∋⊤∈⋈⊞⋈∈∈⋈⋈⊞⊤∈⋈⋈⊞⊥⋈⊞⊤⊥⊞∈⊞∈⋈⋈≻∋⊤∈∋⋈⊞⋈⋈⋈≻⊤∈∋⋈⋈⋈≺∋⋈⋈⋈⊙≺⋈⊞⋈∈∈⋈⋈⋈≻∋⋈⋈≺∋⋈≻∋∋∋⋈⋈⋈⋈⋈⋈⋈⋈⋈⋈⋈⋈⋈⋈⋈⋈⋈≻∋⋈⋈⊞⋈⊤⊥⊞⊞∈⊤∈⋈⋈⊞⋈⊞⋈⊞⊞⋈⊞⊞⊞⊞⊞⋈⊤∈∋∋⊤∈⋈⋈≻⊤∈∋⋈⋈≻⊤∈⋈⋈⋈⋈⋈⊞∈⋈⋈⊞∈⋈⋈⋈≻∋⊞⊞∈∋⊞⋈⋈∋⊣⋈⋈⋈⋈⊙⋈⋈≺⋈≺∋⋈≺∋⋈∋∋⋈⋈⋈⋈⋈⋈⋈⋈⊞⋈⋈⋈⋈⋈⋈≺⋈⊤∈⋈⊤∈⋈⊞⊤∈∋⊞⋈⋈≺∋⊞∈⋈⋈⊞⋈⊞∈∋≺∋⊞⊤⊥⋈∋⊤∈⋈⋈⋈≻⋈∋⋈⊤∈⋈⋈⋈≻⋈∋⋈⋈⋈⊤∈⋈⋈⊤∈⋈⋈⋈≺⋈⊤∈⋈⊞⋈⋈≺∋∋⋈⋈⋈⊤∈⊤∈⋈⊞⊞⊞⋈⋈⋈≺∋∋⊤∈⊤∈⋈⋈≻⋈≺⊤∈⊤∈⋈≻⋈⋈⊤∈⋈⋈⋈≻⋈∋⋈⋈⋈≺⋈⊤⋈∈⊤∈⋈⊤∈⋈⋈⊞⊥⋈⊤⊥⊞∈⊞∈⋈⋈≻∋⋈⊤∈⋈⊞⋈⋈⋈≻⊤∈∋⋈⋈≺∋⋈⋈⋈⊙⋈⋈≺⋈⋈≺∋∋⋈⋈∋⋈⋈⋈⋈⋈≻⋈⋈⋈⋈⋈⊤⋈∈⋈⋈⋈≻⋈∋⋈⋈⋈∋⋈⊞⊤⊥⋈≺∋∋∋⋈⋈⋈⋈⋈≻⋈⊤∈⋈⋈⋈≻∋⋈⋈⋈⋈∋⊞⋈⋈⋈⋈⋈⋈⊣
0x27a47e60	⊢⊤∈⋈⋈⊞⊞⋈⊤∈∈⊞⋈⋈⊞⊤∈⋈⊡∈⋈⊤∈⊞⊞⊤∈∋≺∋⋈⊤∈∋⋈⊞⊞∈∋∈⊞⋈⊞⊞⊡∈⊤∈∋⋈⊣⋈⊤⋈∈∋⋈⊞⊞⊞∈∋≺∋⊞∋⊣
0x279f1593	⊢⊤∈⋈⋈⊞⊞⋈∈⊞⋈⊤∈⋈⊞⋈∈⊤∈⋈⊤∈⋈⊤∈⊞⊞≺∋⊞∈⊤∈∋⋈⊣⋈⊤⋈∈∋≺∋∋⋈⊞⊞∈≺∋∋⊞⊣
0x27a48ce0	⊢⋈⋈⊙
0x27a48d00	⊢⋈⋈⊙
0x27a46ed0	⊢⋈⊤∈⋈⋈⋈⊣⋈⋈⋈⊤∈⋈⊞⋈⋈⋈⊞⊤∈⊞⊞⋈≺⋈⋈⋈⊞⊞⊞⊤∈⊞⊞⋈⋈⋈⋈⊞⊞⊞⊞⊞⊞≺∋∋∋⋈⋈⊣
0x27a15529	⊢⋈⋈⋈⋈⋈⊞⋈⋈⋈⋈⋈⋈⋈⋈⋈⋈⋈⋈≻⋈⋈⋈⋈⋈⋈⊤∈⋈⋈⋈≻∋⋈⋈⋈≻⋈⋈⋈⋈⋈⋈⋈⊤⊥⊤∈⋈⊤⋈⊥⊤∈⋈⊤⋈⊥⊤∈∋⋈⋈⊞⋈≻≺∋⊤∈⋈⋈⋈⋈⋈≻≺∋∋⊞⋈⋈⋈⋈⋈⊣
0x279d7272	⊢⋈⋈⋈⋈⋈⋈⊞⋈⊡∈⊣⊤∈⋈⋈⋈⊤∈⊤∈∋≻⋈⋈≻≻∋⋈∋≻⊞⋈⋈⋈⊤∈⋈⊤∈⊤∈⊞⋈⋈⋈⋈⊞⋈⊞∈∋⊤⋈⊥⋈⊙≺∋⋈⋈⋈⊙⋈⋈⊙∋∋⋈⋈⋈⋈⋈⋈⋈≻⋈⋈⋈≻⋈⋈⋈⋈⋈⊤∈⋈≻∋⋈⋈⋈⋈⊡∈≻∋⋈⊡∈⊞⋈⋈⋈⋈⋈⋈⊣⋈⊞⋈⋈⋈⋈⋈⋈≺⋈⋈⋈⋈⋈⊤∈⊤⋈∈⋈⋈⊙⋈∋∋⊤∈⊡∈∋⊞⋈⋈⊣⊞⋈⋈⊙
0x27a51a40	⊢⋈⋈⋈⋈⋈⋈⋈⊤∈⋈≻⋈⊙⊤∈∋⋈⋈≻⊞⋈⋈⋈⋈⋈⋈⊞⋈⋈⊣
0x27a4d290	⊢⋈⋈⋈⋈⊤∈⋈⋈⋈≻⋈⊞⋈⋈⋈⋈⋈⊣
0x27a51e60	⊢⋈⋈⋈⋈⋈⊞⋈⋈⋈⋈⊤∈⋈≻⋈⋈≻⋈⋈⋈⋈⋈⋈⋈⋈⋈⋈⊞∈⊤∈⊤∈⋈⋈⋈≻⊤∈⋈⋈≺⋈⊤∈≺⊞⊤∈∋≺∋⋈⊤∈∋⋈≻∋∋⋈⋈∋⊞⋈⋈⋈⋈⊣
0x27a4cce0	⊢⋈⋈⊞⋈⋈⋈≻⊞⋈⊣
0x27a47f30	⊢⋈⋈⋈⋈⊞⋈⋈⋈⋈⋈⋈⋈⋈⋈⋈⊞⋈⊞⊥⋈≻⊞⊤∈⋈⋈⊙⋈∋⊞⋈⋈⋈⊣
0x27a230c0	⊢≺
0x27a48cd0	⊢⋈⋈⊙
0x27a48cf0	⊢⋈⋈⊙
0x27a18e89	⊢⋈⋈⋈⋈⋈⋈⋈⊞⋈⋈⋈⋈⋈⋈⋈≻⊤∈⋈⋈∈⋈⋈≻⋈⊤∈∋⊤∈⋈≺⋈≺⋈⋈⋈⋈⋈⋈⋈⊤∈⋈⋈⊞⊤∈⋈⋈⋈⋈⋈∈⋈⊞∈⊞≺⋈⋈∈⊤∈⋈∈⊞∈⊤∈⋈⊤∈⋈⊤∈∋⊞⋈⊞⊤∈⋈⋈⊤∈∋⊞⊞⊞≺∋∋⋈⊤∈∋⋈⋈⊞⊤∈⋈⋈⋈⋈⋈⊞⋈∈⋈⊞∈⊞⊤⋈⊥⋈⋈∈⊤∈⋈∈⊤∈∋⋈∋⋈⊞∈⊤∈∈⊤∈∋∋⊞⋈∈⊤∈⋈⊤∈⋈⊞⋈⊞⊤∈⊞⊞⊞⋈≺⋈⊞⊞⊞⊤∈⊞⊞⊞⋈⋈⊞⊞⊞⊞⊞⊞⊤∈∋⊤∈⋈≺⊤∈∈⊤∈∋⋈⋈⋈⊞≻⋈≺⊞≺⊞≺∋∋∋⋈⊤⊥⊞⊤⊥⊤∈∋≺∋⋈≺⊞⊤∈⋈⊤∈⋈⊤∈∋⊞⋈≺⋈⊞⊤∈⋈⋈⊤∈∋⊞⊞⊞≺∋⊞∋⋈⊞⊤∈∋≺∋∋∋∋⋈≺∋∋∋⊤∈⋈⊞⋈⊞⊞∈⋈⋈⊤∈⊤∈⋈⋈⋈≺⊤∈⊤∈⋈⋈≺⋈⊤∈⊤∈⋈⋈⊤∈⋈≺⊤∈∋∋⋈⋈⋈≺⋈≺⋈⊤∈⊤∈⋈⋈⋈≺∋∋∋⊞⊞⋈⊞∈⊤∈⊤∈⋈⊤∈⋈⊞⋈⊞⊤∈⋈⊞⊞≺⋈⊞⊞⊞⊤∈⋈⊞⊞⋈⋈⋈⊞⊞⊞⊞⊞⊞≺⋈∋⋈≺∋∋⊤∈⊤∈⊞⋈∈⋈⊤∈⊞∈⋈⊤∈⊤∈∈⊤∈⋈⊤∈⋈⊞⋈⊞⊤∈⊞⊞⊞⋈≺⋈⊞⊞⊞⊤∈⊞⊞⊞⋈⋈⊞⊞⊞⊞⊞⊞⊤∈⊞≺⊞≺∋∋∋⊞∈∋∋⊞⊤∈∋≺⊞⋈⋈⊥⊞⊥⊤∈⊤∈⊤∈⋈⊤∈⋈⊞⋈⊞⊤∈⊞⊞⊞≺⋈⊞⊞⊞⊤∈⊞⊞⊞⋈⋈⊞⊞⊞⊞⊞⊞⊞≺⊞∋⋈≺∋∋⊤∈≺∋⊤⋈∈∋≺∋∋∋∋∋∋∋∋∋⊤∈∋⋈⊤⋈∈∋∋⊤∈⋈⊤∈∋⋈⋈⋈⋈⊤∈∋⋈⊤∈⋈⋈≺⋈⊤∈⋈⊞⋈⊞⊞∈⋈⊤∈⋈⋈≺∋∋⊞⋈⊤∈⊞⊞∈⊤∈⋈⋈⋈⊞⋈⋈⋈⋈⊞≻⊤∈⋈⊤∈⋈⋈⊞⋈⊞⊞⋈⊞⋈⊞⊞⊤∈⋈⊞⊤∈⋈⋈⋈⋈⋈⋈⋈⋈⋈⋈⋈⊞≻⊤∈∋⋈⋈⋈⋈⋈≻∋⊞⊤⊥⋈⋈≻∋∋⋈⋈≻∋∋⋈⋈≻∋⊞⊤⊥⋈⋈≻∋⋈⋈≺∋∈⋈⋈⋈≻∋⋈⋈≺∋∋∋⋈⋈⋈≻∋⋈⋈≺∋⋈⊤∈⋈⋈∋∋⊤∈⊤∈∈⊤∈∋∋⊞⊞⊞∋⋈⋈≻∋⊞∋⊞≺∋⊤∈⊞⋈⊤∈⋈⋈⋈∈⊤∈⋈⊞⋈⋈⊞⊤∈⊞⊞⊞⋈≺⋈⊞⊞⊞⊤∈⊞⊞⊞⋈⋈⊞⊞⊞⊞⊞⊞⊤∈⊞≺⊞⋈≺∋∋∋⋈⊞⊞⊤⊥⋈⊤⊥⋈⊤⊥⊞⊞∈⋈⊤∈⋈⊞∈∋⊞⊤∈≺∋∋⊤∈∋∋⋈⋈⋈⋈⋈⋈⋈⋈⋈⋈≺∋⊤⋈∈∋≺∋∋∋∋∋∋∋∋∋∋∋⋈⋈⊞⋈⋈⋈⋈⋈⋈⊣
0x27a22b90	⊢⋈⋈≻
0x27a49470	⊢⋈⋈≻
0x279d6ef0	⊢⋈⊤∈⋈⊙⋈⊞⊞⋈⋈⊤⋈⊥⋈⊙⊤∈⋈∋⋈⊞⋈⊣
0x279d6f38	⊢⋈⋈⋈⋈⋈⋈⋈⊤⊥⊤⊥⊤∈⋈⋈⋈⊤⋈⊥⋈⋈⊙⊤⊥⋈⊤⊥⊞∈⊤⊥⋈⋈⋈⊙⋈⊙⊞≺∋⋈⊞⋈⋈⋈⋈⊣⋈⋈⊞⋈⋈⋈⋈⊙
0x27a49480	⊢⋈⋈⊞⋈⋈⋈⋈≻
0x27a189f0	⊢⋈⋈≻
0x279d6fdb	⊢⋈⋈⋈⋈⊤∈⋈⋈⊞⋈⋈⊙⋈⋈⋈⋈⋈⊙⊤⊥⋈⊤⊥⊞∈⋈⊞⋈⊙⊞≺∋⋈⊞⋈⋈⊣
0x27a18a00	⊢⋈⋈⊞⋈⋈⋈⊤∈⋈⋈⋈⊞⊞⋈⊞⋈⋈⋈⋈⋈∋⊤⊥⊤⊥⊤∈⋈⋈⋈⋈⊞∋⋈⊞⋈⊞⋈⋈⋈⊞≻⊞⋈⊣
0x27a494a0	⊢⋈⋈⋈⋈⋈≻
0x27a49580	⊢⋈⋈⋈⊞⋈⋈⊙⊤∈⊙⋈⊞⊞⋈⋈⋈⋈⋈⋈≻⋈⊤∈⋈⋈⋈⋈⋈⋈⋈≻≺⋈⊞⋈⋈⊣
0x279f18dc	⊢⋈⋈⋈⋈⋈⋈⊞⋈⋈⋈⋈⋈⊞∈⋈⊞⋈⊞⊞⊞⊞⊞⋈⋈⋈≻⋈⊞⋈⊞⊞⊞⊞⋈⋈≻⋈⋈⋈⋈⋈⋈⋈⋈⋈⋈⋈⋈⋈≻⋈⋈⋈⋈⋈⋈⋈⋈⋈⋈⋈⋈⋈≻⋈⋈⋈⋈⋈⋈⋈⋈⋈⋈⋈⋈⊞⊞⊤∈∋⋈⋈⋈⊙⊞⋈⋈⋈⋈⋈⋈⊣
0x279ec06e	⊢⋈⋈⋈⋈⋈⋈⊞⊤⋈⊥⋈⊞∈⊞∈⋈⋈≻∋⋈⋈⋈⋈⋈⋈⋈⋈≻⊤∈∋⋈⋈⋈⊤∈⊞≺⋈⋈⊞⊞⋈∈⊤∈⊞⋈⋈≺∋⊤∈⊞⋈⋈≺∋⊤∈⋈≻⋈⋈∋⊞⊞⊞⋈⊞⋈⊞⋈⊤⊥⊤∈∋⋈⊤∈⋈⊤∈⋈⋈≻⋈∋⋈⋈⊞≺∋⋈⊤∈⋈⊞⊤∈⊞⋈∈⊤∈⊞⋈⋈⊞∈⋈⊞⋈⊤∈∋∋⊞≺∋∋∋∋⋈⋈⋈⊞⋈⋈⋈⋈⋈⋈⊣
0x279ebecc	⊢⋈⋈⋈⋈⋈⋈⊞⋈⋈⊤∈⋈⊤∈∋⊞⋈⋈⋈⋈⋈⋈⋈⋈⋈⋈⋈⋈⋈≻⋈⋈⋈⋈⋈⋈⋈⋈≻⋈⋈⋈⋈⊞⋈⊞∈⋈⊞⊞⋈⋈⋈≻⋈⋈≻⋈⋈⋈⋈⊤∈⊤∈⋈⊤∈⊤∈⋈⋈⋈⋈⊤∈∋⋈⋈⋈⋈≺⋈⋈⋈⋈≺∋∋≻⋈⋈≻⋈⋈⋈∋∋⊤∈∋⋈⋈⋈⋈⋈⋈≻⋈⋈≻≺∋⊞⋈⋈⋈⋈⋈⋈⊣
0x279f1690	⊢⋈⋈⋈⋈⋈⋈⊙⊤∈⋈⋈≻⋈⋈⋈⋈⋈⋈⊞⋈⋈⊤∈∈⋈⋈∈⊞∈⋈⊞⋈∈∋⊤∈∋⋈⋈≺∋∋⊤∈⊞⋈⋈⋈⋈⊞≺⋈⋈⋈⋈⋈≻⊤∈⋈⋈≻⋈⋈⊞⋈⋈⋈⊞⊞⋈⋈⋈⋈⋈⋈⋈≻⊞⊤∈⋈⊤∈≺⋈⊤∈∋⋈∋∋⋈⋈⋈⋈⋈⊞⋈⋈⊣⋈⋈⋈⋈⊞⊞⋈∈⊞⊤∈⋈⊞∋⋈⊤∈⋈≻⋈⋈∋⋈⊞⊞⋈⊞⊞⊞⊞⊤⊥⋈⋈⋈⊤∈∋⊞⋈⋈⊞∈⋈≺⊞⋈⋈∈⊤∈⊞⋈⋈⊞∈⋈⊞⋈⊤∈∋∋⊞≺∋∋∋⋈⋈⋈∋⊞⋈⋈⋈⋈⋈⋈⊣⋈⋈⋈⋈⊞⋈⋈⊣
0x279ec1ec	⊢⋈⋈⋈⋈⋈⋈⊞⋈⊤∈⋈⋈⋈⊞∈⋈⋈⋈⋈≻⊤∈⋈⋈⋈⋈⋈⊤∈⋈⋈⊞⋈∋⋈⋈⊞⊤∈⋈⋈⋈⋈⋈⋈≻⋈⋈≺∋⊞⋈⋈⋈⊙⊞⋈⋈⋈⋈⊞∋⋈⋈≻∋⊞⋈⋈⋈≺∋⊞⋈⋈⋈⋈⋈⋈⊣
0x279ec329	⊢⋈⋈⋈⋈⊞⋈⊞⋈⋈⋈⊤∈⋈⋈⊞⋈∈⊤∈⋈≻⋈∋⋈⊞⋈⊞⋈⋈⊞⊤⋈∈∋∋⋈⋈⋈⋈⋈⋈⊞⋈⋈⋈⋈⊣
0x279e5904	⊢⋈⋈⋈⋈⋈⋈⋈⋈⋈⊞⊤∈⋈⋈⊤⊥⋈⊞⊥⊞∈⋈⊡⊞⋈⊞⊞⊤∈⋈⊤∈⊤∈⋈⋈⋈≻⊤∈⋈⋈⋈⋈⊙⋈⋈⋈≺∋⋈⋈⋈⋈≺⋈⋈⊙⊤∈⋈⋈⋈⋈≺∋∋⋈⋈⊙⊤∈⋈⋈≻∋⋈⋈≻∋⋈⋈≻⋈⋈⋈⋈⋈⋈⊞⋈⋈⋈⋈⊞⊤⋈∈⊤∈⋈⋈⊤∈⋈⋈⊞⊥⋈⊤⊥⊞∈⊞⋈⋈≺⋈≺∋∋⋈∈⋈⋈⊤∈⊤∈⋈⊤∈⋈⋈⊞⊥⊞⊤⊥⊞∈⋈⋈⋈⊤∈⋈⊞⋈⋈⋈⋈⋈≻⋈⊤∈⋈⋈⋈≺∋⋈⋈⊙⋈⋈⋈⊞∋⋈⋈≻∋⋈⊤∈⋈⋈⋈⋈⋈≻⋈⊤∈∋⋈≻∋⋈≺⋈⋈≺∋⋈⋈⋈⊙⋈⋈⋈≺∋⋈⋈≺⋈≺∋∋∋⋈⋈⋈⋈⋈⋈⋈⋈⊞⋈⋈⋈⋈⋈⋈⊣⋈⋈⋈⋈⋈⋈⋈⋈∋⋈⋈⋈⊞⋈∋⊞⋈⋈⋈⋈⋈⋈⊣
0x279d9f73	⊢⋈⋈⋈⋈⋈⋈⊞⋈⋈⋈⋈⋈⋈⊞⊤⋈⊥⋈⋈⊞⋈⊙
0x279f640a	⊢⋈⋈⋈⋈⊤⊥⊤∈⋈⋈⊙⊤∈⋈⋈≻⋈⋈⋈⋈⋈⊞⋈⋈⋈⋈⊤∈⋈⋈⊞≻≺∋⋈⋈⋈⋈⋈⋈⋈⋈⋈⋈⋈⋈⋈⋈⋈⋈≻⋈⋈⊤∈⋈⊞⊞⊞⊞⊤∈⋈⊞⊙∋∋⋈⊞⋈⋈⋈⋈⋈⊣⋈⋈⋈⋈⋈⋈⋈⋈⋈⋈⋈≺∋⊞⋈⋈⊣
0x279f765e	⊢⋈⋈⋈⋈⋈⋈⊞⋈⊞⋈⊞⋈⊞⋈⊞⋈⊞⋈⋈⋈⋈⋈⋈⋈⋈≻⋈⋈⋈⊤∈⋈⋈⋈⋈≻⋈⋈⋈⋈⋈⊤⋈∈⋈⋈⋈≺⋈⋈⋈⋈⋈≻⋈⋈⋈⊤⋈⋈∈⊤∈⋈⋈⊤∈⋈⋈⊞⊥⋈⊞⊤⊥⊞∈⊤∈⋈⊞⋈⋈⋈≻⊤∈⋈⋈≺∋⋈⋈⋈⊙≺⋈⋈≺⋈≺∋∋⋈∋⋈⋈⋈⋈⋈⋈≻⋈⋈⋈⋈⋈⋈⋈⋈≻⋈⋈⋈⋈≻⋈⋈⋈⊤∈⊤∈⋈⋈⊤∈⋈⋈⊞⊥⋈⊞⊤⊥⊞∈⊤∈⋈⊞⋈⋈⋈≻⊤∈⋈⋈≺∋⋈⋈⋈⊙≺⋈⋈≺⋈≺∋∋⋈∋⋈⋈⋈⋈⋈⋈≻⋈⋈⋈⋈⋈⋈⋈⋈≻⋈⋈⋈⋈≻⋈⋈⋈⊤∈⊤∈⋈⋈⊤∈⋈⋈⊞⊥⋈⊞⊤⊥⊞∈⊤∈⋈⊞⋈⋈⋈≻⊤∈⋈⋈≺∋⋈⋈⋈⊙≺⋈⋈≺⋈≺∋∋⋈∋⋈⋈⋈⋈⋈⋈≻⋈⋈⋈⋈⋈⋈⋈⋈≻⋈⋈⋈⋈≻⋈⋈⋈⋈≻⋈⋈⋈⋈≻⋈⋈⋈⊤∈⊤∈⋈⋈⊤∈⋈⋈⊞⊥⋈⊞⊤⊥⊞∈⊤∈⋈⊞⋈⋈⋈≻⊤∈⋈⋈≺∋⋈⋈⋈⊙≺⋈⋈≺⋈≺∋∋⋈∋⋈⋈⋈⋈⋈⋈≻⋈⋈⋈⋈⋈⋈⋈⋈≻⋈⋈⋈⋈≻⋈⋈⋈⋈⋈≻⋈⋈⋈≻⋈⋈⋈⊤∈⊤∈⋈⋈⊤∈⋈⋈⊞⊥⋈⊞⊤⊥⊞∈⊤∈⋈⊞⋈⋈⋈≻⊤∈⋈⋈≺∋⋈⋈⋈⊙≺⋈⋈≺⋈≺∋∋⋈∋⋈⋈⋈⋈⋈⋈≻⋈⋈⋈⋈⋈⋈⋈⋈≻⋈⋈⋈⋈≻⋈⋈⋈⋈⋈≻⋈⋈⋈≻⋈⋈⋈⊤∈⊤∈⋈⋈⊤∈⋈⋈⊞⊥⋈⊞⊤⊥⊞∈⊤∈⋈⊞⋈⋈⋈≻⊤∈⋈⋈≺∋⋈⋈⋈⊙≺∋∋∋∋∋⊞∋∋∋∋∋∋⋈⋈≻⋈⋈≺⋈≺∋∋⋈∋⋈⋈⋈⋈⋈⋈≻⋈⋈⋈⋈⋈⋈⋈⋈≻⋈⋈⋈⋈≻⋈⋈⋈⋈⋈≻⋈⋈⋈⋈⋈≻⋈⋈⋈⋈⋈⋈⋈⋈≻⋈⋈⋈⋈⋈⋈⋈⋈≻⋈⋈⋈⋈⋈⋈⋈⋈≻⋈⋈⋈⋈⋈≻⋈⋈⋈⋈⋈≻⋈⋈⋈⋈≻⋈⋈⋈⋈⋈≻⋈⋈⋈⋈≻⋈⋈⋈⋈⋈≻⋈⋈⋈⋈⋈⋈⋈⋈≻⋈⋈⋈⋈⋈⋈⋈⋈⋈≻⋈⋈⋈⋈⋈⋈⋈⋈≻⋈⋈⋈⋈⋈≻⋈⋈⋈⋈≻⋈⋈⋈⋈≻⋈⋈⋈⋈⋈≻⋈⋈⋈⋈⋈≻⋈⋈⋈⋈⋈⋈⋈⋈⋈⋈⋈⋈⋈⋈⋈⋈⋈⋈⋈⋈⋈⋈⋈⋈⋈⋈⋈⋈⋈⋈⋈⋈⋈⋈⋈⋈⊤∈⋈⋈⋈≻∋⋈⊤⋈∈⋈⋈⋈≻∋⋈⊤∈⋈⋈⋈≻∋⋈⊤∈⋈⋈⋈≻∋⋈⊤∈⋈⋈⋈≻∋⋈⊤∈⋈⋈⋈≻∋⋈⊤∈⋈⋈⋈≻∋⋈⊤∈⋈⋈⋈≻∋⋈⊞⋈⋈∈⊞⋈⋈∈⋈⋈⋈⋈⋈⋈⋈⋈⋈⋈⋈⋈⋈⋈⋈⋈⊞⊤∈∋⋈⋈⋈⊙⋈⊞⋈⊞⋈⋈⊙⊞⊤∈∋⋈⋈⋈⋈⋈⊙⊞⋈⊞⋈⋈⋈∈⋈⋈⋈⊞⊞⋈⊞⋈⊞⋈⋈⋈⊞⊞∈⋈⋈⊞⊞∈⋈⋈⋈⋈⋈⋈≺∋⋈⋈⋈⋈⋈⋈⋈≻⋈⋈⋈⋈⋈⊤∈⋈⋈⋈⊞∈⋈⊞≻⊞⊤∈∋⋈⋈⋈⋈⋈⊞⋈⋈⋈⋈⋈⋈⋈⋈⋈⋈⊞⋈⊞⋈⋈≻⋈⊤∈⋈⋈⋈≻∋⋈⊤∈⋈⋈⋈⋈≻∋⋈⋈⋈⋈⋈⋈⋈⋈⊤⋈∈⋈⋈⋈⋈≻∋⋈⊤⋈∈⋈⋈⋈≻∋⊞⊞⊤⋈⋈⋈∈∋⋈⊞⋈⊤⋈∈∋⋈⋈⋈⋈⋈⋈⋈⋈⊙≺∋⋈⋈≻⋈⋈⊤∈⋈⋈⋈≻∋⋈⋈⊤∈⋈⋈⋈≻∋⋈⋈⊤∈⋈⋈⋈≻∋⋈⋈⊤∈⋈⋈⋈≻∋⋈⋈⊤∈⋈⋈⋈≻∋⋈⋈⊤∈⋈⋈⋈≻∋⋈⋈⊤∈⋈⋈⋈≻∋⊤∈⋈⋈⋈⋈⊙⋈⋈⋈⋈⋈⋈⋈⋈⋈⋈⋈⋈⋈≻⋈⋈⋈⊤∈⋈⊤∈⋈⋈⋈≻⋈∋⋈⊞⊤⋈∈⋈⋈⊞≻≺∋⋈⋈⋈⋈⊞⋈⋈⋈⋈⊞⋈⋈⋈⋈⋈⋈⋈⋈⋈⋈⋈⋈⋈⋈⋈⋈⋈⋈⋈⋈⋈⋈⋈⋈≻∈⋈⊞⊤∈∋⋈⊤⊞⋈⋈⋈⋈⊙⋈⋈⋈⋈⋈⋈⋈⋈⋈⋈⊙⊞⋈⊤∈∋⋈⋈⋈⋈⋈⋈⊙⋈⋈⋈⋈⋈⋈⋈⊙⋈⋈⋈⊙⋈⋈⋈⋈⋈⋈⋈⋈⋈⋈⋈⋈⋈⋈⊞⋈⋈⋈⋈⋈⋈⋈⋈⋈⋈⋈⋈⋈⋈⋈⊞⋈⋈≺⋈⋈⋈≺⋈⋈⋈⊞⋈∈⋈⊞≻⊞⊤∈∋⋈⋈≺∋⋈⋈⋈∋⋈≻⋈⋈⊤∈⋈⋈⋈≻∋∋⋈⋈⋈⋈⋈∋⋈⋈≻⋈⋈⋈⋈⋈≻⋈⋈⊤∈∋⊞⋈⋈⋈⋈⋈⋈⊣⋈⋈⋈⊞⋈⋈⋈⋈⋈⋈≺
0x27a07480	⊢⋈⋈⋈⋈⋈⋈⊞⋈⊞⊤⋈∈⋈⊤⊥⋈⊞⊞⊥⊞∈⋈⊡⊞⊞⊤∈∋⊞≺⋈⊡⊞⋈≺∋⊞∋⋈⊞⋈⋈⊞⊞⋈∈⋈⊞⋈⋈⋈⊞⋈⊞⋈∈∈⊤∈⋈⊤∈∋⋈⊤⋈⋈∈∋⋈⋈⋈≺⋈⋈≻⊤∈⋈⋈⋈≻⊤⊥⋈⊞⋈⊤∈∋⋈⋈≻⋈⋈⋈⋈⊞⋈⊤∈⋈⋈⊞≻≺∋⋈⋈⋈⋈⋈≻⊞⋈⋈⋈⋈⊞⋈⋈⋈⋈⋈⋈⋈⋈⋈⋈⋈⋈⋈⋈⋈⋈⋈⋈⋈⋈⋈⋈⋈≻∈⋈⊞⊤∈∋⋈⋈⊞⋈⋈⋈⋈⊣⊞⊞⋈⊤∈∋⋈⊤∈⋈⋈⊤∈⊞⋈⋈≺∋⋈⊞⊤∈⋈⊞∈∋≺∋∋⋈⋈⋈⋈⋈⋈⋈⋈⋈≻⋈⋈⋈⋈⊤⊥⊞⊥⊞∈⊤∈⊞⋈∈⋈⊞∈⋈⊞⊤∈⊤∈∋∋∋∋∋⋈⋈⋈≻⋈⋈≻⋈⋈⋈⋈⋈⋈⋈≻⋈⋈⋈⋈⊤⊥⊞⊥⊞∈⊤∈⊞⋈∈⋈⊞∈⋈⊞⊤∈⊤∈∋∋∋∋∋⋈⋈≻⋈⋈≻⋈⋈⋈⋈⋈⋈⋈⋈≻⋈⋈≻⋈⋈≻∋⊞⋈⋈⋈⋈⋈⋈⊣
0x279db529	⊢⋈⊞⊤∈⋈⊤⊥⋈⊞⊞⊥⊞∈⋈⊡⊞⊞⊤∈∋⊞≺⋈⊡⊞⋈≺∋⊞∋⊤∈⊤∈⋈⊤∈⋈⊤∈⋈∋∋∋⊣⊞⊞⋈⊣
0x27a0ce22	⊢⋈⋈⋈⋈⋈⋈⋈⋈⊞⋈⊞⋈⋈⊞⊤∈⋈⋈⋈⋈⋈≻⋈≺∋⋈⊞⋈⋈⊙⊞⋈⋈⋈⋈⋈⋈⊣
0x27a117a1	⊢⋈⋈⋈⋈⋈⋈⋈⋈⊞⊤∈⋈⋈⋈⋈≻⋈≺∋⋈⊞⊤∈⊤∈⋈∈⋈⊞⊞∈∋⊞⊞≺∋⋈⊞∋⋈⋈⋈⋈⊣
0x27a2ec10	⊢⋈⋈⋈⋈⋈⋈⋈⊞⋈⋈⋈⋈⋈⊤∈⊤∈⋈≻⊤∈⋈⊤∈⋈⋈≺∋⋈⋈⋈⊞⋈⋈⋈⋈⋈⋈⋈⋈≻⋈⊤∈⋈⋈⋈⊞⊞⋈≺⋈⋈⊤∈⋈≺⋈⋈⋈⊤⋈⋈⊥⋈⋈⋈≻⋈⋈⋈⋈⋈⋈⋈⋈⊤⋈∈⋈⊞⊡∈⊤∈⋈⊤∈⋈⊞⋈⋈∋∋⋈⋈⊞⋈⋈⋈⋈⋈⋈⋈≻⋈⊤∈⋈⋈⋈⋈⊞⊞⋈⊞⋈⋈⋈⋈⋈⋈⋈⋈⊞⊤∈∋⊞⊞⋈⋈⋈⊞⋈⋈⋈⋈⋈⋈≻⋈⋈⋈⋈⋈⊞⊞⋈⊤∈∋⋈⋈⋈∋∋⋈⋈⊞⊞⊞⊞⋈⋈⋈⋈⊞⋈⋈⋈⋈⊤⋈∈⋈⋈⋈⋈⋈≻⋈⋈⊤∈⋈≺∋⋈⋈⋈⊤∈⋈⋈≻⋈⊤∈≺∋⊤∈∋∋⋈⋈⋈∋∋⋈⊤∈⋈⊞⊞⋈≺⋈⊞⋈≺∋∋⋈⋈⋈⊞⊞≺∋∋⊡∈⋈⋈⋈⊤∈⋈⋈⊞⋈⋈≺∋⋈⊞⋈⋈⋈⋈⋈⋈≻⋈⋈⋈⋈⋈⋈⋈⋈⋈⋈⋈⋈⋈⋈⋈⋈⋈⋈⋈⋈≺∋⊞⋈⋈⋈⋈⋈⋈⊣
0x279ec2e9	⊢⋈⋈⋈⋈⋈⋈⋈≻⊤∈⋈⋈≻⋈⋈⋈⊞⋈⋈⊣
0x279cfc80	⊢⋈⋈⋈⋈⋈⋈⋈⊞⋈⋈⋈⋈⋈⋈≻⋈⊤∈⋈⋈≺⋈⊤∈⋈⋈∋⋈⋈≺⋈⊤∈⋈⋈⋈≻⊤∈⋈⋈≻≺⋈⊤∈⋈⊙∋⋈≻⋈≺∋⋈⋈⋈⊤∈⋈⊞⋈≻⋈⋈⋈≺⊞∋⋈⋈⋈⊙⊞⋈⊞⊤∈⋈⋈⋈≻⋈⋈≺∋⋈⋈⊞⋈⋈⋈⊡∈∈⋈⋈≻⋈⊤∈⋈⋈⋈⋈⋈∋⊞⋈⋈⋈⋈⋈⋈⊣⋈⋈⋈⊞⊤∈⋈⋈⋈≻⋈⋈≺∋⋈⋈⋈⊙⊞⋈⊤∈∋⋈⊞⊤∈⋈⋈⋈≻⋈⋈≺∋⋈⋈⊞⋈≺∋
0x279f8d4a	⊢⋈⋈⋈⋈⋈⋈⊞⋈⋈⋈⊤∈⋈⋈≺⋈⋈⋈⋈⋈≻⋈⋈⋈⋈⋈⋈⋈⋈≻⋈⋈⋈⋈⋈⋈⋈⋈⋈≻⋈⋈⊞⊞∈⋈⋈⋈⊞⊞⋈⋈⋈⊞⋈⋈⋈⋈⋈⋈⋈⊞⊞⋈⋈⋈∈⋈⋈⋈≻⋈⊙⊤∈⋈⋈≻⋈⋈⋈⊤∈⊞⋈⋈≺∋⋈⊞⊤∈⊞⋈⋈≺∋⊞⋈⋈⋈⊞⋈∈⊤∈⋈⋈⊞∈⋈⊞⊤∈∋∋⋈⋈⋈⋈⋈⋈⋈≻⋈⋈≻⋈⋈⋈⋈⋈⊙⋈⋈≻⊤∈⋈⋈⋈⋈∈⋈⋈∈⋈⊞∈⋈⋈⋈≺⋈⊞⋈∈∋⋈⋈⋈⊤∈∋⋈⊤∈∈⋈⋈⋈∈⋈⊞∈⋈⊞⋈∈∋⊤∈∋⋈⊤⋈∈⋈⊞⊤∈⋈⋈⋈⋈∈⋈⊞∈⊞⋈⊞⋈∈∋⊞⊤∈∋∋⋈⋈⋈⋈⋈≺∋⋈⊞≺≺∋∋⊞⋈⋈≺≺∋∋∋∋⋈⋈⋈⋈⋈≻⋈⋈⊤∈∋⋈⋈⋈≻⋈⋈⋈⋈⋈⋈⋈⋈≻⋈⋈⋈⋈⋈∋⋈⋈⊤∈∋⋈⋈≻⋈⋈⋈⋈⋈⋈⊞⋈⋈⊤∈⋈≺⋈⋈⋈⋈⋈≻⋈⋈⋈⋈⋈⋈⋈≻⋈⋈⊤∈⋈⋈⋈⋈⋈≻⋈⋈≻⊤∈⋈⋈⋈⋈⋈⋈⋈⋈⋈⋈⋈⋈⋈≻⋈⋈⋈⋈⋈⋈⋈⋈≻⋈⊤∈⋈⋈⋈⋈≻⋈⋈≻⊤⋈∈⋈⋈⋈⋈⋈⋈⋈⋈⋈⋈⋈≻⋈⋈⋈⋈⋈⋈⋈≻⋈⊤⋈∈⋈⋈⋈⋈≻⋈⋈≻⊤∈⋈⋈⋈⋈⋈⋈≻⋈⋈⋈⋈⋈⋈≻⋈⊤⋈∈⋈⋈⋈⋈⋈≻⋈⋈≻⋈⊤∈⋈⊤∈⋈⋈⋈⋈∈⋈⋈⋈⋈⋈≻⋈⋈⋈⋈⋈⋈≻⋈⊤∈⋈⋈≻≺⋈⋈⋈⋈≻⋈⋈≻⋈⋈⊤⋈∈⋈∋⋈⋈⋈≺⋈⋈≻⋈⋈⋈⋈⋈≻⋈⋈⋈⋈⋈⋈≻⋈⊤∈⋈⋈≻⋈⋈⋈≺⋈⋈⋈⋈⋈⋈≻⋈⋈≻⋈⊤⋈⋈∈⋈⋈⋈≺⋈⋈⊞⊞⋈⋈≻⋈⋈⊤∈⋈⊤⋈∈⋈⊤⋈∈⋈⊤∈∋⋈⋈⋈⋈⊤⋈⋈⊥≺∋∋⋈⋈⋈⋈⋈⋈≻⋈⋈⋈⋈⋈⋈≻⋈⊤∈⋈⋈≻⋈⋈⋈⋈⋈⋈≻⋈⋈≻⊤∈∋⋈⋈∋⋈∋∋⋈≻≺⋈⋈≻⋈⋈⋈≺∋⊤∈∋⋈⋈⋈⋈⋈≺≺∋⋈⋈≻≺∋⋈⋈∋∋⋈⋈≻⋈⋈≻≺∋⋈⋈≺∋⋈⋈≻⋈⋈≻⋈≺∋⋈⋈⋈≺∋⋈⋈≻⋈⋈≻≺∋⋈≺∋∋⊞⋈⋈⋈⋈⋈⋈⊣⋈⋈⊤⋈⋈∈⋈∋⊤∈∋⋈⋈≺∋⋈⊤∈⋈⊞⊤∈⊞⋈∈⊤∈⊞⋈⋈⊞∈⋈⊞⋈⊤∈∋∋⊞⋈≺∋∋∋⋈⋈⋈⋈⋈⋈⋈⋈≻⋈⋈≻∋⊞⋈⋈⋈⋈⋈⋈⊣⋈⋈≺∋
0x279d1520	⊢⋈⋈⋈⋈⊞⋈⊤∈⊤∈⊤⊥⊤∈⋈⋈≻⋈⊤∈∋⋈⋈≻⊤∈⋈⊞⊞⊞⊞⋈⋈⋈⋈⊞⋈⋈⋈⋈⊞⊞⋈⋈⋈⊞⊞⋈⋈⋈⊞⊞⋈⋈⋈⊞⊞⋈⋈⊞⋈⋈⋈⋈⋈⋈⋈⋈⋈⋈⋈⋈⋈⋈≺⋈⊞⊞⊞⊞⋈⋈⋈⋈⊞⋈⋈⋈⋈⊞⊞⋈⋈⋈⊞⊞⋈⋈⋈⊞⊞⋈⋈⋈⊞⊞⋈⋈⊞⋈⋈⋈⋈⋈⋈⋈⋈⋈≺∋⋈≺⋈≺⋈⋈⊞∋∋⋈⋈⊞⋈⋈⋈⊣⋈⋈⋈⊞⊙
0x27a49b20	⊢⋈⋈⋈⋈⋈⋈⋈⊞⋈⋈⋈⋈⋈⊞⋈⋈⊤∈⋈⋈⋈≻⋈⊤∈⊤∈⊞⊞≺⋈⋈⋈∋⋈⊞⊞⋈⋈∈∈∈∈⋈⊤∈⊤∈⋈⋈⋈⋈⋈≻⋈⊤∈⊤⋈∈⋈⋈⋈⋈∋∋⋈⋈⊤⋈∈⋈⋈⋈⊤⊥⋈⋈⋈⋈⋈≻⊤∈⋈⋈≺⋈⋈⋈⋈⋈≺∋⊞⋈⋈⊞⊤⊥⋈⊤⊥⊡∈⋈⋈⋈⊙⊤∈⋈⊤⊥⊞⋈⋈⊤⋈∈∋⊞⊞≺⋈⊞⊞⊤⋈⊥⊤⋈⋈⋈⊥⊤⊥⋈⋈⊤⋈⋈⋈∈∋⋈⋈⊤∈∋⋈⋈⊤∈∋⋈⋈≺∋⊙⋈⊤∈∋≺⊞⊞⋈⋈⋈⋈∋⋈≺∋∋∋∋⋈⊞⋈⋈⋈⋈⋈⋈⊣
0x27a2b6d0	⊢⋈⋈⋈⋈⋈⋈⋈⊞⋈⋈⋈⋈⊤∈⋈⋈⋈⋈⊞⊞⋈⋈≻⊤∈⋈⋈≻⋈⋈⋈⋈⊙⋈⋈⋈⊤⊥⋈≺∋⋈⋈⋈⋈⋈⋈⋈⋈≻⊤∈⋈⋈⊤∈⊤∈∋⋈⊡∈⊤∈⋈⊞⊤∈∋⊤∈∋∋∋⋈⋈⊙⊤∈⋈⋈⋈⋈⋈⊞∈⋈⋈≻⋈⊤∈∋⋈⋈≻≺∋⊞⋈⋈⋈⊙⋈⋈⋈⋈⋈⋈⋈⋈≻⋈⋈⋈⊞⊤⊥⋈≺∋⋈⋈⋈⊞⊞∈⊤∈⋈⋈⋈⋈⋈⋈⋈≻≺⊞⊤∈∋⊤∈⊞⊤⊥≺∋⋈⋈⋈⋈⋈⋈⋈≻⊞⊤⋈⊥∈⋈⊤∈⊤∈∋⋈⊡∈⋈⊞⊤∈⋈⊞⋈⊤∈∋⊤∈⊞≺⊞⊞≺∋⋈⋈∋⋈⋈⊞≺∋⊤⊥⊤∈⊤⊥⊞⊞⊥⊤⊥⊞∈⊤∈⊤∈⊤∈∋⋈⋈⋈≻∋∋∋⋈⊤∈⋈⋈∋⋈⊞⊤∈⋈⊞∈∋⊞⋈⋈⋈⋈⋈⋈≻⊤∈⋈⋈≺∋≻⋈⋈⋈⋈≺⊤∈⋈⋈⋈⋈⋈≻⋈⋈⋈⋈≺⋈∋∋⋈⋈⊞⋈⊞⊤∈⋈⋈⋈⋈⋈≻⋈≺∋⋈⊞⋈⋈⊙⊞⋈∋∋⊤∈⋈⊙∋⋈⋈⋈⋈≻⋈⊤⋈∈⋈⋈⋈⋈⊤∈⋈≻⋈∋⋈⋈⊞⋈⋈⊞⋈∈⋈≻≺∋∋∋⊣⋈⊞⋈⋈⋈≻⋈⋈⊤∈∋⋈⋈⊤∈⊤∈∋⊞⋈⋈⋈⋈⋈⋈⊣∋⋈⊞⋈⋈⋈⋈⋈⋈⊙
0x27a29ed0	⊢⋈⋈⋈⋈⋈⋈⋈⊞⋈⋈⋈⋈⋈⋈⋈⋈⋈≻⊤∈⋈⋈⊤∈⋈⊞⋈⋈⋈⋈⋈⋈⊙⋈⋈⋈⋈⋈⊞⊡⋈⋈⋈⋈⋈≻⋈⋈⋈⊞∈⋈⋈⋈⋈⋈⋈⋈⋈⋈⋈⋈⋈⋈⋈⋈⋈⋈⋈⋈⋈⋈⋈⊡⊡⋈⊤⊥⋈⊤⊥⊞⋈∈⋈⋈⋈⊞⋈⋈⋈⋈≺∈⋈⊞⊥⋈⊞⊥⊞∈⋈⊤∈⊞⋈⊞⋈⋈⊙⊤∈⊞⊤∈⊤∈⊡⊡⋈⊞⊡⊞⊞⊤∈∋∋∋∋∋⊞⊞∈∋⋈⋈⊤⋈⋈⋈∈⋈⊤∈≺⋈⋈⊞⊥⊤⊥⊞∈⋈⊞⋈⊞⋈∈⊤∈⋈⊞⋈⊞⋈⋈⊤∈⋈⊤∈∋⋈⊤∈⋈⋈≻⋈≺⋈⋈⋈⋈⊙⋈⊞⋈⋈⋈≻⊤∈⋈⋈≻⋈⋈⋈⋈⋈≺∋∋⋈⊤∈⋈⋈⊤⋈∈⊞⊤⊥≺∋⋈⋈⋈⋈⋈⋈⋈⋈≻⋈⊞⊤∈⋈≺⋈≻⋈⋈⊤∈⋈⋈⋈≻⋈⊤∈∋⊤⊥⋈⋈⋈⊙⋈⋈⋈⋈⋈⊞⊥⊞∈⊤⊥⊞≺∋⊤∈⊤∈∋⊤∈⋈⋈⋈⋈⋈⋈≻⋈⋈⋈⋈⊞⋈⊞≺∋⋈≺∋⊞⊤∈⋈⋈⋈⋈⋈≻⋈⋈≺∋⊞⋈⋈⋈⊙⊞⋈⋈⋈⋈≻⊤∈⊤∈⋈⊙∋⊤⋈⋈∈⋈⊙⋈⋈⊡⊡⋈⋈∋⋈⊤∈⋈⊙≺⋈⋈≻≺⋈⋈⊞⊤∈⋈⋈⋈⋈⊤∈⋈⊙∋⊤∈⋈⊙∋⋈⊙⋈≺⋈≻⊤∈∋∋⋈⋈⋈≻∋∋⋈⋈⋈⋈≻⊤∈⋈⋈≻⋈⋈⋈⋈⊙⋈⋈⋈≺∋⋈⊤∈⋈⋈⋈⋈≻⊤⋈∈⋈⋈⋈⊤∈⋈≻∋⋈⋈⊞⋈⋈⊞⋈∈⋈≻≺⋈⋈⋈⋈≻⋈⋈⋈⊤∈⋈⋈⋈≻⊤∈⊤∈⋈⋈⋈⊙⊤∈⋈⋈⋈⋈⋈⋈⋈⊡⊡⋈⋈⋈⋈⊡⊡⋈≺∋∋⊤∈⋈⊙∋⋈∋⋈∋∋⊤⋈∈⋈⊙∋⋈≺⊞⊤∈∋≺∋∋∋⋈≺∋⋈∋∋∋∋∋⋈⋈⋈⋈≻⋈⋈⋈⋈⋈⋈⋈⋈⋈⋈⋈⋈⋈⋈⋈⋈⋈⋈⋈⋈⋈⋈⋈⋈⋈⋈⋈⋈⋈⊡⋈⋈⋈⊡⋈⋈⋈⋈⊡⊡⋈⋈⋈⋈⋈⋈⋈⋈≻⋈⋈⊤∈⋈⋈⋈⊙⊡⊡⋈⋈⊡⊡⋈⋈⋈⋈⊤∈≺∋⋈⋈≻⋈⋈⊙⊤∈∋⋈⊙∋∋∋⊞⋈⋈⋈⋈⋈⋈⊣
0x27a414e0	⊢⋈⋈⋈⋈⋈⋈⋈⋈⊤∈≻∋⋈⋈⋈∈⋈⋈⊤∈⋈⋈≻⊤∈⋈⋈⊤∈∋⋈≻≺∋∋⋈⋈⊞⋈⋈⋈⊞⋈⊤∈⋈⋈⋈≻∋⋈⋈≻⋈⊤∈⋈⊙∋⋈≻⋈⋈⋈⋈⋈⋈⋈⊞⋈⊞⋈⊞⋈⋈⋈⋈⋈⋈⋈⊞⊙⋈⋈⋈⋈⋈⋈≻⊤⊥⊤⊥⊞⊤⊥⊞⊞⋈⋈⋈⋈⋈⋈⊣⋈⋈⋈⋈⊞⋈⋈⋈⋈⋈⋈⊣
0x27a48370	⊢⋈⋈⋈⋈⋈⋈⊞⋈⋈⊤∈⋈⊞∈⊞⋈⊤∈⊤⋈∈∋∋∋⊤∈⋈⊞⊡∈∋⋈⋈⋈∈∈∈⊤∈⋈⋈⊤∈∋⋈⊡∈⋈⊤∈⊤⋈⊥⋈⋈⋈⋈⋈⊞⊞⊙⊤∈⊙⊤∈∋∋∋⋈⊤∈∋⋈⊞∈⊞⋈⋈⊤∈∋⊤⋈∈∋≺∋∋⊞⋈⋈⋈⋈⋈⊣
0x27a22830	⊢⋈⋈⋈⋈⋈⋈⋈⊞⋈⋈⊤∈⋈⊡∈⊞⋈⊤∈⊤⋈∈∋∋∋⋈⊞⋈⋈≺∈∈∈∈∈⋈⊞⊤∈⋈⊞⊞⋈⊤⊥⊞∈∋⊤⊥⊤⊥⊞⊤⊥⊤∈∋⋈⊡∈∋⊞⋈⋈⋈⋈⋈⋈⊣⊤∈⋈⋈⋈≻⊤∈⋈⋈⊞⊡∈∋≺∋⋈⊡∈⋈⊤∈⊤⋈⊥⋈⋈⋈⋈⋈⊞⊞⊙⊤∈⊙⊤∈∋∋∋⋈⋈⊤∈∋⋈⊡∈⊞⋈⋈⊤∈∋⊤⋈∈∋≺∋
0x27a4e4e0	⊢⋈⋈⋈⋈⋈⋈⊞⋈⊙⋈⋈⊞⊞⊙⊞⋈⋈⋈⋈⋈⋈⋈⋈⋈⋈⋈⊤∈⋈⋈⋈⋈⋈⋈⋈∋⋈⋈⋈⊡∈⋈⋈⊞⊙⊤∈⊤∈⊞⊞⋈⋈⋈⋈⋈⊣⊙⋈⊤∈∋⊞⊞⋈≺∋⋈⋈⋈⋈⋈⋈⋈⋈⋈⋈≻⋈⊤∈⋈≻∋≻⋈⊤∈⋈≻∋⋈≻≻
0x27a4e1d0	⊢⋈⋈⋈⋈⋈⋈⋈⊞⋈⋈⋈⋈⋈⊤∈⋈⋈⋈⊡∈⋈⊞⊙⊤∈∋⊤∈⋈⋈⋈⊡∈⋈⋈⊙⊤∈∋⊤∈⋈⋈⋈⊡∈⋈⋈⊙⊤∈∋⋈⋈⊤∈⋈⋈⊙⊤∈∋⊤∈⋈⊙⊤∈∋⊤∈⋈⊤∈⊞⊞⊙⊤∈⊙⋈⋈⊞⊞⋈⊤∈⋈≻∋∋⋈⊙⊤∈∋⋈⊤∈⊙⊤∈∋⋈⊤∈⊙⊤∈∋⊤∈⋈⊞⊙⊤∈∋⊤∈⊙⊤∈∋⋈⊞⊙⊤∈∋∋∋∋∋∋∋⊙⋈⋈⋈⊞⊞⋈⊡∈⊞⊤⊥∈⋈⊤∈⋈⋈⋈⋈≺∋⋈⋈⋈⊙⊙⋈⊞⊞⊤∈⋈⋈∋⋈≻≺⋈⋈⊙⋈⋈⊞⊞⊤∈∋≺⊙⋈⊤∈∋≺⊙⋈⊤∈∋≺⊙⋈⊤∈∋≺∋∋∋⊞⊞∋∋⊤∈⋈⊙⊤∈⊤∈∋⋈⊙⊤∈∋⊤∈∋⋈⊙≺∋∋∋⋈⊞⋈⋈⋈⋈⋈⋈⊣
0x27a09b61	⊢⋈⊤∈⋈⊞⊤∈≻⋈≺⊤∈⊡⊡⊞⊞⊤∈⊞⋈∈⊤∈⊤∈∋⊞⊡⊞⊞⊞⊤⊥⊞⊞≺⊡⊞⊞⊞⊤∈∋⋈⊞⋈≺∋⊞⊞⋈⊞∈⊤∈⋈⊤⋈∈∋≺∋⋈≺∋∋∋∋⋈⋈⊣
0x27a4e660	⊢⋈⋈⋈⋈⋈⊙⋈⋈⊤∈⊙⋈⊞⊞∋⊞⊤⊥⊞⋈⋈⊣
0x279f4ecc	⊢⋈⋈⋈⋈⋈⋈⊞⋈⋈⋈⋈⋈⋈⋈≻⋈⋈⋈⋈⋈⋈≻⋈⋈⋈⋈≻⋈≻⋈≻⊞⋈⋈⋈⋈⋈⋈⊣
0x279fa4f8	⊢⋈⋈⋈⋈⋈⋈⊞⋈⊞⋈⊞⋈⊞⋈⊞⋈⊞⋈⋈⋈⋈⊞∈⋈⋈⊤⊥⋈⊤⊥⊞∈⋈⊡⊞⋈⊞⋈⋈⊤∈⋈⋈⊞⊞⋈⋈≺∋⊞⊤∈⋈⋈⋈≻⋈⋈⋈⊤∈⋈⋈≺⋈⋈⋈⋈⋈≻⋈⋈⋈⋈⋈⋈⋈⊤∈⋈⋈⋈⋈⋈⊙⋈⋈⋈⋈⋈⋈⊤∈⋈⋈⋈⋈⋈⋈⋈≻⋈⋈⋈⋈⊤∈⋈⋈⋈⋈⊙⋈⋈⋈⋈⋈⋈⋈⋈≻⋈⋈⋈⋈⋈⋈⋈⋈⋈⋈⋈⊤∈⊤∈⋈⊤∈⋈⋈⊞⊥⋈⊤⊥⊞∈⋈⋈⊤∈⋈⋈⋈⋈≻⊤∈⋈⋈⋈≺⊞∋⋈⋈≻⋈⋈≺∋⋈∋∈⋈⋈⋈⋈⋈⋈⋈⋈⋈⋈⊞⋈⋈⋈⋈⋈⋈⋈⋈⋈⋈⋈⋈⋈⋈⋈⋈⋈⋈⋈⋈⋈⋈⋈⋈⋈⋈⋈⋈⋈⋈⋈⋈⋈⋈≻⋈≻⋈⋈⋈⋈⊙⋈⋈⋈⋈⋈⋈⋈⋈⊙⊤∈⋈⋈⋈⋈⊙⋈⋈⋈⋈⊞⋈⋈∈⋈⊞⋈⋈≻⋈⊤∈⊤∈⊤∈∋⋈⋈⋈⋈⋈⊞⋈≻∋⋈⋈≻≺∋⊤∈⋈≻∋⋈⋈⋈⋈⋈⋈⋈≻⋈⋈⋈⋈≻⋈⊤∈⊤∈⊤∈∋⋈⋈⋈⋈⋈⊞⋈≻∋⋈⋈≻≺∋⊤∈⋈≻∋⋈⋈⋈⋈⋈⋈⋈≻⋈⋈⋈⋈⋈⋈⋈⋈⋈⋈⋈⋈⋈⊞⊤∈∋⋈⋈⋈⋈⋈⋈⋈⊙⋈≻⋈≻⊤∈⋈⋈⋈⋈⊙⋈⋈⋈⋈⊞⋈⋈∈⋈⋈⋈⊞⋈⋈∈⋈⊞⊞⋈⊞⋈⋈⊞⊤∈⊤∈⋈⊞⋈⋈⊤∈⊞⋈⊞⋈≻≺⊞⊞⊞⊞⋈⋈⋈⊞⊞⋈⊞⊞⋈⊞∈⊤∈⋈⋈⊤∈∋⋈⋈⋈⋈⋈⋈⋈≺∋⊞⊤∈∋⊤⋈∈⋈⋈⋈⋈⋈⋈≺∋⋈⋈⋈⋈⋈⋈⋈⋈⋈⋈⋈⋈⊞⊞∈⊤∈⊤∈⊤∈∋⋈⋈⋈⋈⋈⋈⋈≻⋈≺∋⋈⋈⋈⋈⋈⋈⋈⊤∈⋈⋈⊤∈∋⋈⋈≺⋈≺⊤∈⊤⊥⊤∈⋈⋈⋈⋈⋈≻⋈≺∋⋈⋈⋈⋈⋈⋈⋈⋈⋈⊤⊥⊤∈⋈⋈⋈⋈⋈∋⋈≻⋈⋈≺∋∋⋈⋈⋈⋈⋈⋈⋈⋈⋈⊤∈⋈⋈⋈≻⋈⊞⋈⊞⋈⋈≻⋈⋈⊞⊤∈∋⋈⋈⋈≻⊞⊞⋈⋈≻⋈⋈≺∋⋈⊞⋈⊞⋈⋈⋈⋈≻⋈⋈⋈⋈≻⋈⊤∈⋈⋈⋈≻∋⋈⊤∈⋈⋈⋈≻∋⋈⋈⋈⋈⋈⋈⋈⋈⋈⋈⋈⋈⋈≻⋈⋈⋈⋈⋈⋈⋈⊤∈⋈⋈⋈≻∋⋈⋈⋈⋈⋈⋈⋈⋈⋈⋈⋈⋈⋈⋈⋈≻⋈⋈⋈⋈⋈⋈⋈⋈⊤∈⋈⋈⋈≻∋⋈⊤∈⋈⋈⋈≻∋⋈⊤∈⋈⋈⋈≻∋⋈⊤∈⋈⋈⋈≻∋⋈⊤∈⋈⋈⋈≻∋⋈⋈⊤⋈⋈∈∋⋈⋈⋈⋈⋈⋈⋈⋈⋈⋈⋈⋈⋈⋈⋈⋈∋∋⋈⋈⋈⋈⋈⋈⋈⋈⋈⋈⊞⋈⋈⋈⋈⊞⊞⊤∈∋⋈⋈⋈⋈⋈⊙⊞⋈⊞⋈⋈⊙⋈⋈⊤∈∋⋈⋈⋈⋈⊙⊞⋈⋈⋈∈⊞⋈⊞⋈⋈⊞⋈⊞⊞∈⋈⊤∈⊞⊞⊤∈∋∋⊞⊞∈⊤∈⊤∈⋈⊞⋈⊞⊞⋈⋈⊞⊞⊞⊞⊞⊞⊞⊞⋈⋈≻≺⊞⊞⊤∈∋≺∋⋈⊤⊥⊤⊥⊤∈⋈⋈⋈⋈⋈⋈≻≺∋⋈⋈⋈⋈⋈⋈⋈⋈⋈∋⋈⋈⋈⋈⋈⋈⋈⋈⋈⊞⋈⋈⋈⋈⊞⊤∈∋⊤∈∋⋈⊤⋈∈⋈≺⊤∈⋈⋈⊞⊥⊞⊤⊥⊞∈⊤∈⋈⊞⋈⋈⋈≻⊤∈⋈⋈≺∋⋈⋈⋈⊙⊞∋⋈⋈≻∋⋈⊞∋⋈⋈⋈⊙⋈⋈⋈⋈≺∋⋈⋈⋈≺⋈⋈⋈≺∋∋∋⋈⋈⋈⋈⊙⋈⋈⋈⊙⋈⋈⋈⋈⋈⋈⋈⋈≻≺⋈≻≺⋈⋈⊙⊤∈⋈⋈⋈⋈⋈⋈≺∋∋∋⋈⋈⋈⋈⋈⋈∋⋈≻≺∋∋⋈⋈⊙⊤∈∋⋈⋈≻∋⋈⋈≻∋⋈⋈≻⋈⋈⋈⋈⋈≻⋈⊤∈⋈⋈≻⋈⋈⋈⋈⋈⋈⊞⋈⋈⋈⋈⋈⋈⋈⋈⋈⋈⋈⋈⊞∈⋈⊤∈⋈⋈⋈⊤∈⋈⊤∈⋈⋈≺∋⊞∈⊤∈⋈⊤⋈∈∋∈∋∋⋈⊤∈⊤∈⊤∈∋⋈⋈⊤∈⊤∈⊤∈∋⋈⋈⊤∈⋈⋈⋈⋈⋈⋈≺⋈⋈⊤∈⋈⋈⋈⊞⋈⋈⋈⋈⋈≺∋∋⊤∈⋈⋈⋈⋈⋈⋈⋈≺⋈⋈⊤∈⋈⋈⊞⋈⋈⋈≺∋∋⊤∈⋈∈⊞⋈∈⊤∈⊞⊤∈≺⋈⊤⋈∈∋∈∋∋⋈⋈⋈⋈⊤⋈⋈⋈⋈⋈⋈⋈⋈∈⊤∈⋈⋈≺⊤∈⋈⊞⋈⋈≺∋∋⊤∈⋈⋈≺⊤∈⋈⊞⋈⋈≺∋∋⊤∈⊞⊙⋈⋈⋈⋈⊤∈⊤∈⋈⋈≺⊤∈⋈⊞⋈⋈≺∋∋⊤∈⋈⋈⋈⋈≺⋈⋈⊤∈⋈⋈⊞⋈⋈⋈≺∋∋⊤∈⊞⊙⋈⋈⋈⋈⊤∈∋∋∋∋⋈⊤∈⋈⋈⋈≻⋈⋈⋈⋈∋⋈⋈⋈⋈⊤∈⊤∈⋈⊤∈⋈⋈⊞⊥⋈⊤⊥⊞∈⊤⋈∈⋈⋈⋈⋈≻⋈⋈⊤∈⋈⋈≺∋⋈⋈⋈⊙⋈⋈⋈⋈⋈⋈⋈≺⊞∋⋈⋈≻⋈⋈≺⋈≺∋∋⋈∋⋈⊤∈⋈⊤∈∋⋈⋈⋈⊤∈⋈⋈⋈⊞⊥⋈⊤⊥⊞∈⋈⋈⊤∈⋈⊞⋈⋈⋈≻⋈⋈⊤∈⋈⋈≺∋⋈⋈⋈⊙⋈⋈⋈⋈⋈⋈⋈⋈≺⊞∋⋈≻⋈⋈⋈⋈≺⋈⋈⋈≺∋∋⋈∋⋈⋈⊞∈⋈⊤∈⋈⋈⋈⋈⋈⋈⋈≻⋈⋈⋈⋈⋈⋈⋈⋈∋⋈⊤∈⋈⋈⋈⋈⋈⋈⋈≻⋈⋈⋈⋈⋈⋈⋈⋈∋∋⋈⋈⋈⋈⋈⋈⋈⋈⋈⋈∋⊤∈⊤⊤≺∋⋈∈⋈⋈⋈⊤∈⋈⊤∈⊤∈⊤∈⋈≺∋⊞∈⊤∈⋈⊤⋈∈∋∈∋∋⊤∈∋⊤⊤≺∋⋈⋈∈⊤∈⊤∈⊤∈∋⊤∈⋈⋈⋈≺⊤∈⋈⊞⋈⊞⋈⋈⋈⋈≺∋∋⊤∈⋈⋈⋈≺⊤∈⋈⊞⋈⊞⋈⋈⋈⋈≺∋∋⊤∈⊞∈⊤∈⊞⊤∈⋈⊤⋈∈∋∋∈∋⋈⊤∈⊤∈⋈⊤∈⋈⋈⊤⊥⋈⊤⊥⊞∈⋈⊤∈⋈⋈⋈⋈⋈≻⋈⋈⊤∈⋈⋈≺∋⋈⋈⊙⋈⋈⋈⋈≺⊞∋⋈≻⋈⋈⋈≺∋∋⋈∋⋈⊤⋈⋈∈⊤∈∋⋈⊤∈⋈⋈⊤⊥⋈⊤⊥⊞∈⋈⊤∈⋈⊞⋈⋈⋈≻⊤∈⋈⋈≺∋⋈⋈⋈⊙⋈⋈⋈⋈⋈⋈≺⊞∋⋈≺⋈⋈⋈≺∋∋⋈∋⋈⋈⋈⋈⋈⋈⋈⊤⋈⋈∈⊤∈⋈⊤∈⋈⋈⊤⊥⋈⊤⊥⊞∈⊞⋈⋈≺⋈≺∋∋⋈∈⋈⋈⋈⋈⊤∈⊤∈⊤∈⋈⋈⊤⊥⋈⊤⊥⊞∈⋈⋈≺⋈≺∋∈⋈∈⋈⋈⋈⋈⋈⋈⋈≻⋈⋈⋈⋈⋈⊞⊞⋈⊤⋈⋈∈⋈⋈⋈⋈⋈⋈⊞⊤⋈⊥⊤⋈⋈⋈⋈⊥⊥⋈⋈⊤⊥⋈⋈⋈⊤⊥⊞⋈⋈⋈⋈⋈⋈⋈⋈∈⋈⋈⊤∈⋈⋈⋈⋈⋈⋈⋈⋈⋈⋈⊤⋈⊥⋈⋈⋈⊤∈⋈∋⊤∈⊤⋈⋈⊥⊤⊥⊤⋈⋈⊥⊤⊥⋈∈⊤∈⋈⊤⋈∈∋∋∈⊤∈⊤⋈⋈⊥⊤⊥⋈∈⊤∈⋈⊤⋈∈∋∋∈∋⊤⋈∈⊤⋈∈⋈⊤∈⋈⋈⊤⊥⊤⊥⊞∈⊞⋈⊤∈⋈⊞⋈⋈⋈⋈≻⊤∈∋⋈⋈≻∋⋈⋈⊤∈⋈⊞⋈⋈⋈≻⋈⋈⊤∈∋⋈≻∋⋈∋⋈⋈≺∋⋈⋈⋈⊙⋈⋈⋈⋈≺∋⋈⋈≺∋⋈⋈⋈⊙⋈⋈⋈≺⋈⋈≺∋⋈⋈∋⋈≺∋⋈⋈⋈⊤∈⋈⊤∈⋈⊤∈⊤∈⊞⋈⋈⊤∈⋈⊞⋈⋈⋈≻⊤∈⋈≺∋⋈⋈≻∋⋈⊤∈⋈⊞⋈⋈⋈≻⊤∈⋈⋈⋈≺∋⋈⋈⊙⋈≺∋⋈⋈≺∋⋈⋈⋈⊙⋈⋈⋈⋈⋈⋈≺⋈⋈≺⋈≺∋∋⋈∋⋈⋈⋈⊤∈⊤∈⋈⋈⋈⊤∈⋈⋈⊤⊥⊤⊥⊞∈⊞⋈⊤∈⋈⊞⋈⋈⋈⋈≻⊤∈⋈≺∋⋈⋈≻⋈⋈≺∋⋈⋈⋈⊙⋈≺⋈⋈⋈≺⋈⋈≺∋∋⋈∋⋈⋈⋈⋈⋈⋈⋈≻⋈⋈⋈⊤∈⋈∋⋈⋈⋈⊤⋈∈⋈∋⊤∈⊤⋈⋈⊥⊤⊥⊤⋈⋈⊥⊤⊥⊞⋈⊙⋈⊤∈⊤∈⋈⋈⋈⋈≻∋⊤∈⋈⋈⊞∈⊤∈∋⋈⋈⋈≻⋈⊤∈⋈⊤∈⋈⋈⊞⋈⊤∈∋⊞⋈∈⋈⊞⊞∈∋⊞⊤⊥≺∋⊤∈⋈⋈⋈⋈⋈≻⋈∋⋈⊤∈⋈⋈⋈⋈≻⋈∋⋈⋈⋈⋈≺∋∋⋈∋⊤∈⋈⋈⋈⋈≻⋈⋈⋈∋⊤∈⋈⋈⋈⋈≻⋈∋⋈⋈⋈⊤∈∋≺≺∋∋∋∋∋∋∋⋈⋈⊙⊤∈⋈⋈⋈⋈⊙⋈⋈⋈⋈≺≺∋∋∋∋∋∋∋∋∋⋈⋈⊙⊤∈∋⋈⋈≻∈⋈⊞∈∈⊤∈⊡∈⊤∈⋈⋈⊞⊤∈⋈⋈⋈⊤⋈⋈∈∋∋∈∋⋈⋈≻⋈⋈⋈≻⋈⋈⋈⋈⋈∋∈∈⋈⊤∈⋈⋈≺⊤∈⋈⊞⋈⋈≺∋∋⋈⋈⊤∈⋈∋⊤∈⊤⋈⋈⊥⋈⊤⊥⊞∈⊤∈⋈⊤⋈∈∋∋∈⋈⋈⋈≻⊤∈∋∋⋈⋈⋈⋈⋈⋈⋈⋈⋈⋈⋈≻⋈⋈⋈⊤∈⋈⋈⋈≻∋⋈⋈⊤∈⋈⋈⋈≻∋⋈⋈⋈⋈≻⋈⋈⋈≻⋈⋈⋈⋈⋈≺∋⋈≻⋈⋈⋈⋈⋈⋈⋈⋈⋈⋈⋈⋈⋈⋈⋈⋈⋈⋈⋈⋈⋈⋈⋈⋈⋈⋈⋈⋈⊤∈⋈⋈⋈≻∋⋈⋈⊤∈⋈⋈⋈≻∋⋈⋈⊤∈⋈⋈⋈≺∈≻∋∈⋈⋈⊞⊞⋈⊞≻⋈⋈⋈⋈≻⋈⋈≺∈⋈⊤∈⋈⋈⋈≻∋⋈⊤⋈∈⋈⋈≻∋⋈⊤∈⋈⋈⋈≻∋⋈⋈⊞⋈⊞⊞∈⋈⋈⋈⋈⋈⋈⋈⋈⋈⋈⋈⋈⋈⋈⋈⊡≺⊤∈⋈⋈⋈⋈⋈⋈≺∋⋈∋⊤∈⋈⊤∈⋈⋈⋈≻∋⋈⊤∈⋈⋈⋈≻∋⋈⋈≻∋⋈⋈⋈⊤∈∋⋈⋈⋈⋈⋈⋈≺⋈⋈⋈⋈⋈⋈⋈⋈⊤∈⋈⋈⋈⋈⋈⋈⋈⋈⋈≺⋈⋈⋈⋈≻⋈⋈⋈≻⋈⋈⋈⋈≻⋈⋈⋈⋈⊞⊞⋈⋈⋈⋈⋈⊤∈⋈⋈⋈⊤⋈⊥⊤∈∋⊞⋈⋈⋈≺∋⋈⋈⋈⋈⋈⋈⋈∈⋈⊞⋈⊤∈⋈⋈⋈⋈⋈⋈⋈⋈⋈⊤⋈⊥⊤∈⊤∈⊤⋈⋈⊥⋈⋈⊥⊤⊥⋈⊥⊞∈⋈⊤∈⊤∈⋈⊤⋈∈∋∈∋∋⊤∈⊤⋈⋈⊥⊤⊥⋈∈⊤∈⋈⊤⋈∈∋∋∈∋⋈⋈⋈⋈⋈⋈≻⋈⋈⋈⋈⋈⋈⋈≻⋈⋈⋈⊤∈⋈∋⋈⋈⋈⊤⋈∈⋈∋⊤∈⊤⋈⋈⊥⊤⊥⊤⋈⋈⊥⊤⊥⊞∈⊤∈⊞⊤∈⋈⊤⋈∈∋∋∈∋⋈⋈⋈⋈⋈⋈⋈∋⋈⋈⋈⋈⋈⋈⋈≺∋⋈⋈⋈≻⋈⋈⋈⋈⋈⊤∈⋈⋈⋈≻∋⋈⋈⋈⊤⋈⋈⋈⋈∈⋈∋⊤∈⊤⋈⋈⊥⊤⊥⊤⋈⋈⊥⊤⊥⊞∈⊤∈⋈⊤⋈∈∋∋∈∋⋈⊤∈⊤∈⋈⋈⊤∈⋈⋈⊤⊥⋈⊤⊥⊞∈⊞⊤∈⋈⋈⊞⋈⋈⋈≻⋈⊤∈∋⋈≺∋⋈⋈≻⋈≺∋⋈⋈⋈⋈⊙⋈⋈⋈⋈≺⋈⋈⋈⋈≺⋈≺∋⋈∋∋⋈⋈⋈⊤∈⋈⊤∈⋈⊤∈⋈⋈⊤⊥⋈⊤⊥⊞∈∋⊞⊤∈⋈⋈⊞⋈⋈⋈≻⋈⊤∈⋈≺∋⋈⋈≻∋⋈⋈⋈⋈⋈⋈⋈⋈⋈⋈⋈≻⋈⋈⋈⋈⋈⊤∈⋈⋈⋈≻∋⋈⊤∈∋⊤∈⋈⋈⋈⋈≻⊤∈∋∋∋⋈⋈⋈⋈⋈⋈⋈⋈⋈⋈⋈≻⋈⋈⋈⋈⋈⋈⊤∈⋈⋈⋈≻∋⋈⊤∈⊤∈⋈⊤∈⊤∈⊞∈⋈⋈≻∋⊤∈⋈⊞⋈⋈⋈≻⊤∈∋⋈⋈≺∋⋈⋈⋈⊙⋈≺⋈⋈⋈⋈≺∋⋈∋⋈∋⋈⋈⋈⋈⋈⋈⋈⋈⋈⋈≻⋈⋈⋈⋈≻⋈⋈⊤∈⋈⋈⋈≺⋈⊤∈⋈⊞⋈⋈≺∋∋⊤∈⊞⋈⋈⋈⊙⊤⊥≺∋⋈⊤∈⋈⋈⋈⋈≻∋⊤∈⋈⋈⊤∈⊤∈⋈⋈⊤∈⋈⋈⊤⊥⊤⊥⊞∈∋⊞⊤∈⋈⊞⋈⋈⋈≻⊤∈∋∋⋈⋈⋈≺∋⋈⋈⋈⊙≺⋈⋈≺⋈≺∋∋⋈∋⋈⋈⋈⋈⋈⋈≻⋈⋈⋈⋈⋈⋈⋈⋈⊤∈⊤∈⋈⊤∈⋈⋈⋈⊤⊥⊤⊥⊞∈⊤∈⋈⊞⋈⋈⋈≻⊤∈⋈⋈≺∋⋈⋈⋈⊙⋈≺⋈⋈⋈≺∋⋈∋∋⋈⋈⋈⋈⋈⋈⋈≻⋈⋈⋈≻⋈⊤∈⊤∈⋈⊤∈⋈⋈⋈⊤⊥⊤⊥⊞∈⊤∈⋈⊞⋈⋈⋈≻⊤∈⋈⋈≺∋⋈⋈⋈⊙⋈≺∋⊞∋∋⋈≺∋∋⋈≻∋⋈∋⋈∋⊞⊞⋈⊞≻⋈⋈⋈⋈≻⋈⋈∋⋈⋈⋈⋈≺∋⋈∋⋈∋⋈⋈⋈⋈⋈⋈⋈⋈≻⋈⋈⊤∈⋈⋈⋈⋈≺⋈⊤∈⋈⊞⊞⋈⋈⋈≺∋∋⋈⊤∈⋈⋈⋈⋈⊤⋈⋈⊥⋈≺∋⊤∈⊞∈⊤∈∋⋈⊤⋈∈∋∋∈∋⋈⊤∈⋈≺∋⊤∈∋⋈⋈≺∋⋈⋈⋈⋈⋈⋈⋈⋈⋈⋈⋈≻⋈⋈⋈≺∋⊤∈⋈⋈⋈≻≺∋⋈⋈⋈⋈⋈⋈⋈⋈⋈⋈⋈≻⋈⋈≺∋∋⋈⋈⊤∈⋈⋈⋈≻∋⋈⋈⊤∈⋈⋈⋈≻∋⋈⊤∈∋⋈⋈⋈⋈∋⋈≺∋⋈⋈⋈⋈⊙⋈⋈⋈⋈≺⋈⋈≺⋈≺∋∋⋈∋⋈⋈⋈⋈⋈⋈⋈⋈⋈≻⋈⋈⋈⋈⋈⋈⋈⋈⋈≻⋈⋈⋈⋈⋈⊤∈⋈⋈⋈≻∋⋈⊤∈⋈⋈⋈≻∋⋈⋈⊤⋈⋈⊥⋈⊤⋈⋈∈⋈⋈∋⋈⋈⊤∈⊤⊥⊤⊥⊞∈⋈⊤∈⊤∈⋈⋈⋈⋈≻⋈⋈⋈⋈≺⋈⋈⋈⋈⋈⋈≻⋈⋈⋈⋈⋈⋈⋈⋈⋈≺⋈⋈⋈∋⋈⋈⋈≻⋈⋈⊤⊥⋈⊤∈∋⋈⋈⋈⋈⋈⋈≻⋈⋈⋈⋈⋈⋈⋈⋈⋈⋈⋈⋈≺∋⋈≺∋∋⊤∈⋈⋈≻∋⋈⋈⋈⊤⋈⋈⋈∈⋈∋⊤∈⊤⋈⋈⊥⊤⊥⋈∈⊤∈⋈⊤⋈∈∋∋∈∋⋈⋈⋈⊤∈⋈⋈⋈≻⋈∋⋈⋈⋈⋈⋈⋈⋈⋈≻⋈⊤∈⋈⊤∈⊤∈⋈⋈≻⊤∈⊤∈∋⋈⋈⋈≻⋈⋈⋈⋈⋈⋈⋈≻⋈⋈⊤∈⋈⊤∈⊤∈∋⋈⋈≻⋈⋈≻⊤∈⊤∈∋⋈⋈⋈⋈⋈⋈≻⋈⋈≺≺∋∋⋈⋈⋈⋈≻⋈⋈⋈⋈≻⋈⋈⊤∈⋈⋈⋈≻∋⋈⋈⊤∈⊤∈⋈⋈⊤∈∋⋈⊤∈≺∋∋⋈⋈⋈⋈⋈⋈≻⋈⋈⋈⋈⋈⋈⋈≻⋈⋈⋈⊤∈⋈⋈⋈≻∋⊤∈⋈⋈⋈⋈⋈⋈⋈⋈⋈⋈≻⋈⋈⋈⋈⋈⋈≻⋈⋈⋈⋈⋈⋈⋈⋈⋈⋈⋈⋈⋈⋈⋈⋈⋈∈⋈⊤∈⋈⋈⋈⋈⋈≻⋈⋈⋈≻⋈⋈⋈⋈⋈≻⊤∈⋈⋈≻⊤∈⋈⋈⋈⋈⋈⋈⋈⋈⋈≻⋈⋈⋈⋈⋈⋈⋈≻⋈⋈⋈⊡⋈≻⋈⋈⊤∈⋈≺∋⋈⋈⊤∈⋈⋈⋈≻∋⊞⊞⊤∈∋⋈∋⋈⋈≻⋈⋈⊤∈⋈⋈⋈≻∋⋈⋈⊤∈⋈∋∋⋈⋈≻⋈∋⋈⋈⋈⋈⋈⋈≻⋈⋈⋈⊤∈⋈⋈⋈⋈≻∋∋⋈⋈⊤∈⋈∋⋈⋈≻∋∋⋈⋈⊤∈⋈⋈⋈≻∋⋈≻≺≺∋∋∋⋈⋈⊤∈⋈⋈⋈≻≺⊤∈⋈⋈≻⋈⋈∋⋈⊤∈⋈⋈⋈⊤∈⋈⋈≻⋈⋈⋈∋⋈⊤∈⋈⋈⋈≺∋≻⋈⋈∋∋⋈∋∋∋⊤∈⋈⋈⋈≻⋈⋈⋈∋⊤∈⋈⋈⋈⋈⋈≻⋈⋈⋈≺∋∋⊤∈∋≺⋈∋∋⋈∋∋⋈≻∋⋈⋈≺⋈⋈⋈⋈⊙⋈⋈⋈∋⊞⋈∋∋∋⊞⋈⋈⋈⋈⋈⋈⊣⋈⊣⋈⋈⋈⋈⋈⋈⋈⋈⋈∋⋈⋈⋈⋈⋈⋈∋⋈⋈⋈⋈⋈⋈⊞⋈∋⊞⋈⋈⋈⋈⋈⋈⊣
0x279f435f	⊢⋈⋈⋈⋈⋈⋈⊞⋈⊞⋈⊞⋈⋈⋈⋈⋈⋈≻⋈⊤∈⋈⋈⊞⋈⋈⊞∈⋈⋈⊞⊞⊞∈⋈⋈≻⋈⋈⋈⋈⋈⋈⋈⋈⊞⊤∈∋⋈⋈≻⋈⋈⋈⋈⋈⊙⋈⋈⋈⋈⊙⋈⊞⊞⊞⊞⋈∈⋈⊞⋈⊞⋈⋈⊙⋈⊞⋈⊤∈∋⋈⋈⊞⊞⊤⋈∈∋⋈⋈⋈⊤∈⊞∈⋈⋈≻∋⊤∈⋈⊞⋈⋈⋈⋈≻⋈⋈⋈⊤∈∋≺∋⋈⋈⋈⋈⊤⋈⋈∈⋈⋈⋈⊞⋈∈⋈⋈≻⊤∈⋈⊞⊞⋈⋈⋈⊞⋈∈⋈⋈⋈⋈⊞∈⋈⋈⋈⋈⋈≻⋈⊤∈⋈⋈⋈⋈⋈⋈⋈⋈⋈⋈⋈⊙⊤∈⋈⋈⋈⋈⋈⋈⋈⋈⋈⋈⋈⋈⋈⋈⋈⋈⊤∈∈∈⋈⊞⋈⋈⋈≻⋈⊤∈⋈⋈⋈⋈⋈⋈⋈⋈⋈⋈⊤∈⋈⋈⋈⋈⋈⋈≻⋈⋈≺∋⋈⋈⋈⋈⋈⋈⋈⋈⋈⋈⋈⊞⋈⊤∈∋≺⊤∈∋≺∋∋⋈⋈⋈⋈⊤∈∋⋈⊞⊞≺∋⋈⋈⋈⋈⋈⋈⋈⊤∈∋⋈⋈⋈⋈⋈⋈⋈⋈⋈⊤⋈∈∋⋈⋈⋈⋈⋈≺∋⋈⋈⋈⋈≻⋈⊤⋈⋈∈⋈⋈∈⋈⋈⋈⊞⊥⊤∈⊤∈∋⋈⋈⊙⊤∈⋈⋈⋈⋈⋈⋈⋈⋈⋈⋈⋈⊞⋈⋈≻⊡⊞⊞⋈⋈⊞⋈⋈∈⋈⋈⋈⊤∈⊞⋈⊞⋈⊤∈⋈⋈⋈⊤⋈∈⊞⋈⋈⊞⋈⋈⊞⋈⋈⋈⋈⋈⊞⊞⋈⋈⊞∈⋈⋈⊞⊤∈⋈⋈≻∋⋈⋈≻∋⋈≻∋⋈⋈⋈≻∋⋈⋈≻∋⋈⋈≻∋⋈⋈≻⊞⊞⋈⊞⋈⋈⋈≻⋈⋈⋈⋈⋈⋈⋈⋈⋈⋈⋈⋈≻⋈⋈⋈⋈⋈⋈⋈⊤∈⋈⋈⋈≻∋⋈⋈⋈⋈⋈⋈⋈⋈⋈⋈⋈⋈⋈≻⋈⋈⋈⋈⋈⋈⋈⊤∈⋈⋈⋈≻∋⊞⊤∈∋≺∋⋈⋈⋈⋈⋈⋈⊞⋈⋈⋈⋈⋈⋈⊞⊤⋈⋈⋈⋈∈∋⋈⋈⋈⋈⊙⋈⋈≻⋈⋈⋈⊙⋈⊤∈∋∋⋈⋈⋈⊙≺∋⊤∈⊞∈⋈⋈⋈⋈⊤∈⋈⋈⊞∈⋈⊞⋈⋈⋈⊤∈⊞⋈∈⋈⊤∈⋈⋈⋈≻⋈∋⋈⊤∈⋈⋈⋈≻⋈∋⊞⊞∈∋⋈∋⊞⋈⋈⋈⋈≻⊤∈∋⋈⋈⋈⋈∋⊞⋈⋈⋈⋈≻⊤∈∋∋⋈⋈⋈⋈≻⋈⊤∈⊞⋈⋈∈⋈⋈≻⋈⊞⊞⊤∈∋∋⋈⋈⋈⋈≻⊞⋈⋈⋈⋈⋈⋈⊣
0x27a546b9	⊢⋈⋈⋈⊞⋈⋈⋈⋈⋈⋈⋈≻⋈⊤∈⋈⊞⋈⋈⊞⋈⊙⊤⊥≺∋⋈⋈⋈⋈≻⋈⊞⋈⋈⋈⊣
0x27a41660	⊢⋈⋈⋈⋈⊞⋈⋈⋈⊤⋈⊥⋈⋈⋈⋈⋈≻⊤∈⋈⋈≻⋈⋈⋈⊞⋈⋈⋈⊣
0x27a42290	⊢⋈⋈⋈⋈⊞⋈⋈⋈⊤⋈⊥⋈⋈⋈⋈⋈≻⊤∈⋈⋈≻⋈⋈⋈⊞⋈⋈⋈⊣
0x27a42490	⊢⋈⋈⋈⋈⊞⋈⋈⋈⊤⋈⊥⋈⋈⋈⋈⋈≻⊤∈⋈⋈≻⋈⋈⋈⊞⋈⋈⋈⊣
0x27a3e7b0	⊢⋈⋈⋈⋈⊞⋈⋈⋈⊤⋈⊥⋈⋈⋈⋈⋈≻⊤∈⋈⋈≻⋈⋈⋈⊞⋈⋈⋈⊣
0x27a3d2f0	⊢⋈⋈⋈⋈⊞⋈⋈⋈⊤⋈⊥⋈⋈⋈⋈⋈≻⊤∈⋈⋈≻⋈⋈⋈⊞⋈⋈⋈⊣
0x279e376a	⊢⋈⋈⋈⋈⋈≻⋈⊤∈⋈⋈≻⋈⋈⋈⋈⋈≻⋈⊤∈⋈⋈≻⋈⊣⋈⊣
0x27a34f30	⊢⋈⋈⋈⋈⊞⋈⋈⋈⊤⋈⊥⋈⋈⋈⋈⋈≻⊤∈⋈⋈≻⋈⋈⋈⊞⋈⋈⋈⊣
0x279cb416	⊢⋈⋈⋈⋈⋈≻⋈⊤∈⋈⋈≻⋈⋈⋈⋈⋈⊞⋈⋈⋈⋈⊤∈⊤∈⊤∈⊤∈∋⋈≺≺⊞⊤⊥⊞⋈⋈⋈⋈⋈⋈≻⋈⊤∈⋈⋈⊤∈⊞≺⊤∈⋈⊞⋈∈⊤∈⊞⋈⊞⊤⋈∈∋⊤∈∋⋈⋈≺∋∋∋⋈⊞⋈⊤∈⊤∈⋈⋈⋈≻⋈⋈⋈≺⊤∈⊞⋈⋈≻⋈⋈≻⋈⋈⋈≺⋈⊤∈⊤∈⋈≺∋∋∋∋∋∋∋∋∋⋈⋈⋈⋈⋈⋈⋈⊞⋈⋈⋈⋈⋈⊣⋈⊣
0x27a20c55	⊢⋈⋈⋈⋈⋈≻⋈⊤∈⋈⋈≻⋈⊣
0x27a35200	⊢⋈⋈⋈⋈⊞⋈⋈⋈⊤⋈⊥⋈⋈⋈⋈⋈≻⊤∈⋈⋈≻⋈⋈⋈⊞⋈⋈⋈⊣
0x27a41470	⊢⋈⋈⋈⋈⊞⋈⋈⋈⊤⋈⊥⋈⋈⋈⋈⋈≻⊤∈⋈⋈≻⋈⋈⋈⊞⋈⋈⋈⊣
0x27a08360	⊢⋈⋈⋈⋈⋈⋈≻⋈⊤∈⋈⋈≻⊞∈⋈⋈⋈⋈⋈⊞⋈⋈⋈⋈⋈⊤⊥⊞⊤⊥⋈⊤⊥⋈⋈⋈⋈⋈≻⊤∈⋈⋈⋈⋈⋈⋈≺∋⊞⋈⋈⋈⋈⊣⊞⊣⋈⊣
0x27a08505	⊢⋈⋈⋈⋈⋈⋈≻⋈⊤∈⋈⋈≻⋈⋈⋈⋈⋈⋈⋈⊞⋈⋈⋈⊤∈⋈∈⋈⋈⊤∈⋈⋈⋈≻⊞⋈⋈⋈⋈⋈⋈⋈⋈⋈⊡⋈∈⋈⋈⊞⋈∈⊤∈⋈⊤⊥⊞⊞⊞⊤∈∋⋈⊤∈≺∋⊞∈⋈⋈⋈⋈⋈⊤∈⋈⋈⋈⋈≻≺⋈⊤∈⋈∈∋⋈⋈⋈⋈⋈≻⋈⋈≺⋈⋈⊤∈⋈⋈⋈⋈≻⊞⋈⋈⋈⋈≻⊞≺∋⋈∋⋈⋈⋈⋈⋈⋈⋈⋈⋈≻⋈⋈⋈⋈⋈⊡⊤∈⋈⋈⋈⋈⋈⋈⋈⋈∈⊡⋈⊤∈⋈⋈⋈⋈⋈⋈⊤∈⋈≻≺⋈⋈≻⋈⋈⋈⋈⋈⋈⋈⊞∈⋈⋈≻≺⋈⋈⋈⋈⊤∈⋈⋈⋈≻⋈⋈⋈⋈⋈⋈⋈⋈⋈⋈⊞⋈⊡⋈⋈⋈≺⊤∈⋈⋈⋈≻≺⋈⊤∈⋈⋈⋈⋈≻≺⊞⋈⋈⋈⊤∈⊤∈⋈⋈⋈≻⊞≺⋈⊤∈⋈⋈⋈≻⊞∋⋈∋⋈⋈⋈≻⋈≺∋⋈⋈⋈⋈≻⋈⋈⋈⋈⋈⋈⊡⊤∈∋∋∋∋∋⊡⋈⋈⋈⋈⋈⋈⋈⋈≺∋⋈≺∋⊤∈⋈⊤∈⋈∈⋈⋈⊞⋈∈⊤∈⋈⊤⊥⊞⊞⊞⊤∈∋⋈⊤∈≺∋⊞∈∋∋⊤∈⋈≻∋⊞⊞⋈⋈⊡⋈≺∋⊞⋈≺∋∋∋⋈⊤∈⋈⋈⋈⋈≻≺∋∋⋈⊞⋈⋈⋈⋈⋈⋈⊣⋈⊣
0x27a46c20	⊢⋈⋈⋈⋈⊞⋈⋈⋈⊤⋈⊥⋈⋈⋈⋈⋈≻⊤∈⋈⋈≻⋈⋈⋈⊞⋈⋈⋈⊣
0x27a2f6f0	⊢⋈⋈⋈⋈⊞⋈⋈⋈⊤⋈⊥⋈⋈⋈⋈⋈≻⊤∈⋈⋈≻⋈⋈⋈⊞⋈⋈⋈⊣
0x27a49ea0	⊢⋈⋈⋈⋈⊞⋈⋈⋈⊤⋈⊥⋈⋈⋈⋈⋈≻⊤∈⋈⋈≻⋈⋈⋈⊞⋈⋈⋈⊣
0x279eb2d0	⊢⋈⋈⋈⋈⋈≻⋈⊤∈⋈⋈≻⋈⋈⋈⋈⋈⋈⊞⋈⊞⊤⋈⋈∈⊤∈⋈⋈⊤∈⋈⋈⊞⊥⋈⊤⊥⊞∈⊞∈⋈⋈≻∋⊤∈⋈⋈⋈≻⊤∈∋⋈⋈⋈⊞≺∋⋈⋈⋈⊙≺⋈⋈≺⋈≺∋∋⋈∋⋈⋈⋈⋈⊞⋈⋈⋈⋈⋈⋈⋈∈⊤∈⊤∈⊤∈∋⊤∈⋈⊞⊤∈⋈⋈∈⊤∈∋∋⋈⋈⊤∈⊞⋈∈∋≺∋∋⋈⊤∈⋈⋈⋈⋈≻∋⋈⋈⋈≻⋈⋈≻⊞⋈⋈⋈⋈⋈⋈⊣≺∋⋈⋈⋈⋈⋈⋈≻⋈⋈⋈⊤∈⋈∋⊤∈⊞⋈⊤∈⋈∋⊤⊥⊤⊥≺∋⊤∈⋈≻⋈∋⋈⊞⋈⋈⊤∈⋈⋈⋈≻∋⋈⋈⋈⋈⋈⋈⊤∈⋈⋈⊤∈⊤∈⋈∋⊤∈⋈≺∋⊤∈∋⋈⋈⋈⋈⋈⊞⋈≻≺∋⊤∈⋈⋈⋈⋈≻≺∋∋⋈⋈⋈⋈⋈⋈⋈≺∋⋈⊣
0x27a41fe0	⊢⋈⋈⋈⋈⊞⋈⋈⋈⊤⋈⊥⋈⋈⋈⋈⋈≻⊤∈⋈⋈≻⋈⋈⋈⊞⋈⋈⋈⊣
0x27a58179	⊢⋈⋈⋈⋈⋈≻⋈⊤∈⋈⋈≻⋈⋈⋈⋈⋈⋈⊤∈⊞∈⋈⋈≻∋⋈⋈∈⋈⊞⋈⋈⋈≻⋈⋈⊤∈∋≺∋⋈⋈⋈⋈⊙⋈⊞⋈⋈⋈⋈⊣⋈⊣
0x27a52930	⊢⋈⋈⋈⋈⋈≻⋈⊤∈⋈⋈≻⋈⋈⋈⋈⋈⋈⊞⋈⋈⋈⋈⋈≻⋈⋈⋈⋈⋈⋈⋈≻⋈⋈⋈⋈⊞≻⊤∈⋈⋈⊞⋈⋈⋈⊞∈⊤∈⋈⊞⋈⊞⊞∈⊤∈⋈≻⋈⊡⊞⊞⊞⋈⊞⋈⊞⊞⋈⊤∈∋⊤∈⋈⊞∈⊤∈∋⋈≻⋈⋈⋈⋈⋈⋈⊞⋈⋈⋈⋈⊞⋈⋈⋈≻⊤∈⋈⋈≻⋈⋈⋈⋈⋈⋈⊞⋈⊞⋈⊞⋈⊞⊥⋈⊤⊥⊞∈⊞∈⋈⋈≻∋⋈⋈⊤⋈∈⋈⊞⋈⋈⋈≻⊤∈∋≺∋⋈⋈⋈⊤∈⋈⋈⊞⋈∈⋈⊞∈⊞⋈⊞⊤∈⋈≻⋈∋⊞⋈⊞⋈⊤∈∋⊞⊤∈∋∋⋈⊤∈⊤⋈∈⊤∈⋈≻∋⋈⋈⋈⊞⋈⋈∈⋈⊞∈⊤∈⊞⊞⊤∈∋≺∋⋈∋∋⋈∋⋈⋈⋈⋈⊞⋈⋈⋈⋈⋈⋈⊣⊞⋈⋈⋈⊤∈⋈⋈⊞⊞⋈⊞∈⋈⊞⋈⊞⊞∈⋈⋈⊞⊤⊥⊞⊤∈⊤∈≻⋈⋈∋⋈⊞⋈⊞⊤∈∋≺⊞⊞∈∋≺⊤∈⋈⋈≻⋈∋⋈⊞⋈∋⊤⋈∈⊤∈⋈≻∋∋⋈⋈⋈∋⋈⋈≻⊞⋈⋈⋈⋈⋈⋈⊣⊡⊞⊞⊤⋈⋈∈∋∋∋⊞⊞⊤∈∋∋⋈⋈⋈⋈⋈⋈⋈≻⋈⋈⋈⋈≻⋈⋈⋈⋈≻⋈⋈⋈⋈≻⋈⋈⋈⋈⊞⋈⋈⋈⋈⋈⋈≺⋈⊣
0x279cfeb0	⊢⋈⋈⋈⋈⊞⋈⋈⋈⊤⋈⊥⋈⋈⋈≻⊤∈⋈⋈≻⋈⋈⋈⊞⋈⋈⋈⊣
0x27a09051	⊢⋈⋈⋈⋈⋈≻⋈⊤∈⋈⋈≻⋈⊣
0x27a35e90	⊢⋈⊞⊤∈⋈⋈⋈⊣⋈⋈⊞⊙
0x27a4ca00	⊢⋈⋈⋈⋈⋈⋈⋈⊞⋈⋈⋈⋈⋈⊤∈⋈≺⋈⊞⋈⊞⋈⊞⋈⊙⋈⋈≺∈∈∈⋈⊞⋈⊞⋈⊤∈⊞⊡∈∋⊤⊥⋈⋈⋈⋈⋈⊙⋈⋈⊤∈⋈⋈⋈⋈⊞⊙⊤∈∋∋⊞⋈⋈⋈⋈⋈⋈⊣⋈⊤∈⊞⋈⊡∈∋∋⋈⊡∈⋈⊤∈⊤⋈⊥⋈⋈⋈⋈⋈⊞⊞⊙⊤∈⊙⊤∈∋∋∋⋈≺∋
0x27a4eb70	⊢⋈⋈⋈⋈⋈⊞⋈⋈⋈⋈⊞⊙
0x27a50520	⊢⋈⋈⋈⋈⋈⋈⋈⊞⋈⋈⋈⊤∈⋈⋈⋈≻⋈⋈⋈⊞∈∋⋈⋈⋈≻⋈⋈⋈⋈⋈⋈⋈⋈⋈⋈⋈⋈⋈⋈⋈⋈⊙⋈⋈⊞⋈⋈⊙⋈⊞⋈⊞⊤∈∋⋈⋈⋈≻⋈⋈⋈⋈⋈⋈⊞⊞⋈⊞⋈⋈⋈⊙⋈⋈⋈⊞⋈⋈⋈⊙⊞⋈⋈⋈⋈⋈⋈⋈⋈⋈⋈⋈⋈⋈⋈⋈⋈⋈⋈⋈⋈⋈⋈⋈⋈⋈⋈⋈⋈⋈⋈⋈⋈⋈⋈⋈⋈⋈⋈⋈⋈⊤⋈∈⊤∈⊤∈∋∋⋈⋈⋈≻⋈⋈⋈⊞⋈⋈⋈⋈⊙⋈⋈⊞⋈⋈⊙⋈⊞⊞⊡∈⋈⋈⋈⊞⊤∈∋≺∋⊞⋈⋈⋈⋈⋈⋈⊣
0x27a50b20	⊢⋈⋈⋈⋈⋈⋈⋈⊞⋈⋈⋈⊤∈⋈⋈⋈≻⋈⋈⋈⊞∈∋⋈⋈⋈≻⋈⋈⋈⋈⋈⋈⋈⋈⋈⋈⋈⋈⋈⋈⋈⋈⋈⋈⋈⋈⋈⋈⋈⋈⋈⋈⋈⋈⋈⋈⋈⋈⋈⋈⋈⋈⋈⋈⋈⋈⋈⋈⋈⋈⋈⋈⋈⋈⋈⋈⋈⋈⋈⋈⊞⊙⋈⊞⋈⋈⊙⋈⋈⊞⋈⋈⋈⋈⊙⋈⋈⊞⋈⋈⊙⋈⊤⋈∈⊤∈⊤∈∋∋⋈⋈⋈≻⋈⋈⋈⋈⋈⊞⋈⊙⋈⊞⋈⋈⊙⋈⋈⊞⊞∈⋈⋈⋈⋈⊞⊤∈∋⊞⊞⊞∈⋈⋈⋈⊞⊤∈∋≺∋⊞⋈⋈⋈⋈⋈⋈⊣
0x27a4b000	⊢⋈⋈⋈⋈⋈⋈⋈⊞⋈⋈⋈⊤∈⋈⋈⋈≻⋈⋈⋈⊞∈∋⋈⋈⋈≻⋈⋈⋈⋈⋈⊞⋈⋈⋈⋈⋈⊙⋈⊞⊞⋈⋈⊞⋈⊙⋈⋈⊞⋈⊞⊤∈∋⋈⋈⋈≻⋈⋈⊞⋈⋈⋈⊙⋈⊞⊞⊞⋈⋈⊙⋈⊞⋈⋈⋈⋈⋈⋈⋈⋈⋈⊞⋈⋈⋈⋈⋈⋈⋈⋈⋈⋈⋈⋈⋈⋈⊤⋈∈⊤∈⊤∈∋∋⋈⋈⋈≻⋈⋈⋈⊞⋈⊞⋈⊙⋈⋈⊞⋈⋈⊙⋈⊞⊞⊞∈⋈⋈⋈⊞⊤∈∋≺∋⊞⋈⋈⋈⋈⋈⋈⊣
0x27a4b510	⊢⋈⋈⋈⋈⋈⋈⋈⊞⋈⋈⋈⊤∈⋈⋈⋈≻⋈⋈⋈⊞∈∋⋈⋈⋈≻⋈⋈⋈⋈⋈⋈⊞⋈⋈⋈⋈⋈⋈⋈⋈⋈⋈⊞⋈⋈⋈⋈⋈⋈⋈⋈⋈⋈⊞⋈⋈⋈⋈⋈⋈⋈⊞⋈⊙⋈⊞⊞⋈⋈⊙⋈⊞⋈⋈⋈⊙⋈⊞⊞⋈⊞⋈⊙⋈⊤⋈∈⊤∈⊤∈∋∋⋈⋈⋈≻⋈⋈⋈⊞⋈⊙⋈⊞⋈⊞⋈⊙⋈⋈⊞⊞⊡∈⋈⋈⋈⋈⊞⊤∈∋⊞⊞⊡∈⋈⋈⋈⊞⊤∈∋≺∋⊞⋈⋈⋈⋈⋈⋈⊣
0x27a2b3e0	⊢⋈⋈⋈⋈⋈⋈⋈⊞⊤∈⊞⊤∈⊤⊥⊤∈∋⊞∋⊤⊥≺∋⋈⋈⋈⋈⋈⋈⋈⋈⋈⊤∈⊞∈⋈⋈⋈⋈⋈⋈∋∈⋈⋈⋈⋈⋈⋈⋈⋈⋈⋈⋈⋈⋈⋈⋈⋈⋈⋈⋈⋈⋈≻⋈⋈≻⋈⋈⋈⋈⋈⋈⋈⋈⋈⋈⋈⋈⋈⋈⋈⋈⋈⊤⋈∈⊤∈⊤∈∋⋈⋈⋈⋈⋈⋈⋈⋈⋈⋈⊤∈⋈⋈⋈⋈⋈⋈⋈⋈⋈⋈⋈⋈⋈⋈⋈⋈⋈⋈⋈≻⋈⋈≻⊤∈∋∋⊞≺∋⊞⋈⋈⋈⋈⋈⋈⊣⋈⋈⋈⋈⋈⋈⋈⋈⋈⋈⋈⋈⋈⋈⋈⋈⋈⊤∈∋≺∋
0x27a2b310	⊢⋈⋈⋈⋈⋈⋈⊞⋈⋈⋈≻⊤∈⋈⊞⊤⊥⋈⋈⊞⊤∈⋈⋈⋈⋈⊤∈⋈⊙∋⊤∈⋈⊙∋⋈⊙∋⊞≺∋⊞⋈⋈⋈⋈⋈⊣
0x27a1b94a	⊢⋈⋈⋈⋈⋈⋈⊞⋈⋈⋈⋈⋈⋈⋈⋈≻⋈∈⋈⋈≻⋈⊤∈∋⊤∈⋈⋈≺∋⋈⊞⊤∈⋈⊤∈⊞⊞⊞∈⋈⊤∈⋈⊞⋈⊞⊤∈⊞⊞⊞⋈≺⋈⊞⊞⊞⊤∈⊞⊞⊞⋈⋈⊞⊞⊞⊞⊞⊞⊞≺⊞≺∋∋∋⋈⊞⊞⋈⊤⊥⊤∈⋈≻⋈⊞⋈⊞⊤∈∋⊞≺⊞≺∋∋⊞⋈⋈⋈⋈⋈⊣
0x279dce3e	⊢⋈⋈⋈⋈⋈⋈⊞⋈⋈⋈⋈⋈⋈≻⋈⊤∈⋈⋈≻≺∋⋈⊞⋈⋈⊞⊞⊞⊞⋈⋈⋈⋈⊞⊞⊞∈⊞⊡⊞⊞⊞⊤∈⋈∈⋈⊞⊞⊞⋈⊞⋈⊞⋈⊤∈⊤∈⊤∈⊞⋈≺∋∋⋈⊞⋈⋈⋈∈∋∋⊤∈⊞⊤∈⊞⊞⊞⊞∋⊞⊞⊤∈⋈⊤∈⊡⊞⊞⋈≺∋⊞⋈⊡⋈⊞⋈⋈⊡⋈⊞⊞⋈⊞⊞⊡⊡⋈⋈∋⊞⋈⊞⋈⋈⋈⋈⋈⋈⊣⋈≺∋⊞⊞⊞≺∋
0x279e2878	⊢⋈⋈⋈⋈⋈⋈⊞⋈⋈⋈⋈⋈⋈≻⋈⊤∈⋈⋈≻≺∋⋈⊞⋈⋈⊞⊞⊞⊞⋈⋈⋈⋈⊞⊞⊞∈⊞⊡⊞⊞⊞⊤∈⋈∈⋈⊞⊞⊞⋈⊞⋈⊞⋈⊤∈⊤∈⊤∈⊞⋈≺∋∋⋈⊞⋈⋈⋈∈∋∋⊤∈⊞⊤∈⊞⊞⊞⊞∋⊞⊞⊤∈⋈⊤∈⊡⊞⊞⋈≺∋⊞⋈⊡⋈⊞⋈⋈⊡⋈⊞⊞⋈⊞⊞⊡⊡⋈⋈∋⊞⋈⊞⋈⋈⋈⋈⋈⋈⊣⋈≺∋⊞⊞⊞≺∋
0x279e1ab2	⊢⋈⋈⋈⋈⋈⋈⋈⋈⋈⋈⋈⋈⋈≻⋈⊤∈⋈⋈≻≺∋⋈⊞⋈⋈⊞⊞⊞⊞⋈⊞⊞⊞∈⊞⊡⊞⊞⊞⊤∈∈⊞⊞⊞⋈⊞⋈⊞⊤∈⊞≺⋈⊞⋈∈∋∋⊤∈⊞⊤∈⊞⊞⊞⊞∋⊞⊞⊤∈⋈⊤∈⊡⊞⊞⋈≺∋⊞⋈⊡⋈⊞⋈⋈⊡⋈⊞⊞⊞⋈∋⊞⋈⊞⋈⋈⋈⋈⋈⋈⊣⋈≺∋⊞⊞⊞≺∋
0x27a39900	⊢⋈⋈⋈⋈⋈⋈⋈⊞⋈⋈⋈⋈⋈⋈∈∈∈∈∈⋈⋈⊤∈⋈≺⋈⋈⋈⊤∈⋈⋈⋈⋈⋈⋈⋈⋈⋈⋈⊞⊞⊡∈⋈⊤∈⊤∈⋈⋈⋈≺∋⋈⋈⊞⊞⊞⊤∈⋈⋈⊤∈⋈⊞⋈≺∋⋈⋈⊤∈⋈⊤∈⋈∈⋈⋈⊞⋈⊞∈⊤∈⋈⊤⊥⊞⊞⊞⊤∈∋⋈⊤∈∋⊞∈∋⋈⋈≺⋈≺∋≺⊞⊞⊤∈≺⊞⊞⊤∈∋⋈⊞⋈∋∋⋈⊤∈⋈⋈⋈≻⋈⋈⋈⋈⋈≻⋈⊤∈⋈⊤⋈⋈∈∋∈⋈⋈⋈⋈⊞⊤∈⋈⋈⊞⊞∈⋈⊤∈⊤∈⋈⋈⋈⊞≺∋⋈⋈⊞⊞⊞⊤∈⋈⋈⊤∈⋈⊞⋈≺⋈⋈⊤∈⋈⊤∈⋈∈⋈⋈⊞⋈⊡∈⊤∈⋈⊤⊥⊞⊞⊞⊤∈∋⋈⊤∈∋⊞∈∋⋈⊞⋈≺⋈≺∋≺⊞⊞⊞⊞≺∋⊤∈⋈⊞⋈∋⋈≻⋈⋈⋈⋈⋈⋈≻⋈⊤∈∋⋈⋈⋈⊞⊞⋈⋈≺⋈⋈⋈∋⊤∈∋≺∋⊞⊞⊞∈∋≺⊞⋈⋈⊞∋∋∋⊞∋⋈⋈⋈⊞⋈⋈≺⋈⋈⊤∈⊤⊥⋈⋈⋈⋈≻⋈⊤∈⋈⋈⋈⋈⋈⊞⋈⋈⊞⋈⊞⋈⋈⊞⋈⋈⋈⋈⋈⋈≺∈⋈⋈⋈⋈⋈⋈⋈⋈⋈≻⋈⊤∈⋈⋈⋈≺⋈⋈⊤∈⊤∈⊤∈∋⋈⋈⋈⋈≻⋈⋈⋈⋈⋈⋈≻⊤∈⋈⋈⋈⋈≺∋⋈⋈∋⋈⋈⊞⊤∈∋∋⋈⊤∈⋈≻≺∋⋈⊞⊞⋈⋈⋈⋈⊞⊞⋈⋈⊞⋈⋈⋈⋈⊞⋈⋈⋈⋈⋈⋈⋈⋈⋈⋈⋈⊤⋈⋈⋈⋈∈⋈⋈⊞⊤∈⊞⊤∈⋈⋈⊤∈⋈⋈⊤∈⋈≻≺∋⋈⋈⊞⋈⋈⋈⋈⋈⋈⊞⋈≺⊤∈⋈⋈⊤∈⋈≻≺∋⋈⋈⊞⋈⋈⋈⋈⋈⋈⋈⊞⋈≺⋈⋈⊞⊤⊥⊞⋈⋈⊞∈⋈⊞⊞⊤⋈⋈⋈⋈⋈⋈⋈⋈⋈⋈⋈⊥⋈∈∈⋈⋈≻⋈⋈⋈⊤∈⊤∈⋈⊞⋈⊞⊤∈∋∋∋∋∋∋⋈⋈⋈⋈≻≺⊤∈∋⋈⊤∈⋈≻≺∋⋈⋈⊞⋈⋈⋈⋈⋈⊞⋈≺∋⋈⊞⊞≺∋⋈⋈⋈⊞⋈⋈∋∋⋈⋈⊤∈∋≺⋈⋈≺⋈⋈⊞⊙⋈≻⋈⋈⋈⋈⋈⋈≻⊤∈⋈⋈⋈≺⋈⋈≺∋⊞⊞⊞∈∋≺⊞⋈⋈∋∋∋⋈⋈⋈⋈⋈∋∋∋∋⊞⋈⋈⋈⋈⋈⋈⊣
0x27a5821e	⊢⋈⋈⋈⋈⋈⋈⋈⋈⊞∈⋈⊞⊤∈⋈⋈⋈⋈⋈≻⋈≺∋⋈⋈⊤∈⋈⊞⊙⊞⊞⊞⋈∋⋈⊞⋈∋⋈⊞⋈⋈⋈⋈⊣
0x279d1e40	⊢⋈⋈⋈⋈⋈⋈⋈⊞⋈⋈⊤∈⋈⋈⋈⊤⋈∈⊤∈⋈⋈⋈⋈⋈⋈⋈⊙⋈⋈⋈⊤∈∋⋈⋈⋈⋈⋈⋈⋈⋈⋈⋈⋈≻⊤∈⋈⋈⋈≻⊤∈⋈⋈⊙⊤∈⋈⋈⋈⋈⊙⋈⋈⋈⊞⋈⋈⊤⊥⋈⋈⊙⊤∈⋈⋈⋈⋈⊙⊤∈⋈⋈⋈⋈⊙⊤∈⋈⋈⊙≺∋⋈≺∋∋∋∋∋∋∋∋⋈⋈⋈⊞⋈⋈⋈⋈⋈⋈⊣
0x279d1fc0	⊢⋈⊤∈⊤⋈∈⋈⋈⋈⋈⋈⋈⊤∈⋈⋈⋈⋈⋈⋈⋈⋈≺∋⊙⋈⊞⋈⋈∋⋈∋⊣
0x27a1ae60	⊢⋈⋈⋈⊤∈⊤∈∋⊞⋈∈⊤∈⋈⊤∈⊞⋈⊤∈⊞⋈⋈⊤∈⋈⊤∈⋈⊤∈⊞⊞≺∋⋈∋⊞⋈⊞∈⋈⊞∈∋≺∋∋∋∋⋈⋈⊞⋈⋈≺∋⊞≺∋⋈⊣
0x27a1b8bf	⊢⋈⋈⋈⋈⋈⋈⋈⋈⋈∈⊤∈⋈⋈⊞⋈⋈⊤⊥⋈⊤⊥⊞∈∋⊤∈∋⋈⋈⋈⊞∈⊤∈⊤∈∋⋈⋈≻∋⊞⋈⋈≺∋⊞⋈⋈⊣
0x27a1a08d	⊢⋈⋈⋈⋈⊞⋈⋈⊤∈⋈⊤∈∋⋈⊞⋈⋈⋈≻⊤∈⋈⊤∈⋈≺⊞⋈≺∋⊞⋈⋈∋⋈≺∋⋈⊞⋈⋈⋈⊣
0x27a1a0fe	⊢⋈⋈⋈⋈⋈⋈⋈⊤∈⋈⊤∈∋⊞⊞⋈⋈≺∋⊤∈⋈⋈⊞⊤∈⊞⋈⊤∈⊞⋈⋈∈⊤∈⋈⋈⊞⊤∈∋⊤∈⊤∈⊞⋈≺∋∋∋⋈⊞∈⋈⊤∈⊤∈⊤∈∋⊤∈⊤∈∋⋈⋈⋈≻∋⋈⊤∈⋈⋈⋈⋈≺⋈⊞⋈∈⊤∈⋈⊞≺⋈⊞⊤∈∋⊤∈⊤∈∈⊤∈⊤∈∋∋⊤∈⋈∈⊤∈∋⋈⋈⋈⋈≻∋⊞⋈≺∋∋⊞⊞⋈⋈∋⊤∈⋈⋈⋈⋈≺≺∋∋⋈⋈⋈⊞≻⋈⋈⋈⋈⋈⋈⋈⊞⋈⋈⋈⋈⊞⊙⋈⋈⊤∈⋈⋈⋈⋈⋈⋈⋈⋈⋈⋈⊤⋈⋈∈⊞⊞⊞∈⋈⊤∈⋈⊞⋈⊞⊤∈⊞⊞⊞⋈≺⋈⊞⊞⊞⊤∈⊞⊞⊞⋈⋈⊞⊞⊞⊞⊞⊞⊤∈⊞≺⊞≺∋∋∋⊤∈⋈⊞⊤∈∋∋⋈⋈⋈⋈⋈⋈⋈⋈⋈⋈⊞∈⊞⋈⋈⊞⋈⊞∈⋈⊞⋈⊥⊤⊞⊤⋈⊥⊤∈⋈⊤∈⊤∈⋈⊞≺∋⋈⊤∈⋈⊤∈⊞⋈∋⋈⋈⊞∈⊞∈⊤∈⊞∈⋈⋈⊞⊞⋈⋈⊞⊤∈⋈⊞∈⊤∈⋈⊞⊞⊤∈⊤∈⋈⊤∈⊤∈⋈⋈≻⋈⊤∈⋈⊞≺⋈⋈⊞⋈⋈⊤∈⊞⊞⊞⊤⊥⋈⊥⊞⊞≺∋∋⊞⊣∈⋈⋈⊞⊤∈∋≺∋⋈⊤∈⋈⋈∈⋈⋈⋈⋈≻⋈⊤∈⊞⊡∈≺∋⋈⊞⊡⋈⊞⊞⋈⊞⊞⊤∈⋈⋈⋈⋈∈⋈⊞⋈⊞⊞⊤⋈∈∋≺∋⊞⋈⋈⋈⊞⊞⊞⋈⊞⊞⋈⋈⋈⋈⋈≺∋⋈⊞⊞⊞⋈⊞⋈⋈∈∋≺∋∋∋∋∋∋∋∋∋∋∋∋⋈⋈⋈⋈⋈⋈⋈⊙⋈⊤∈⋈⊤∈⋈⋈⋈⊙⊤∈⋈⋈⋈⊙⊤∈∋⋈⋈⋈⋈⊙⊤∈⋈⋈⋈⋈≺∋⊞⋈⋈⋈⋈⋈⋈⊙∋∋∋∋∋⋈⊞⋈⋈⋈⋈⋈⋈⊣≺∋⊞⋈⊞∈⋈⊞∈∋∋∋∋∋∋⋈⋈∋∋⊞⋈⋈⊣≺∋
0x27a1c635	⊢⋈⋈⋈⋈⋈⋈⊞⋈⋈⋈⋈⋈≻⊤∈⊞⋈⊤∈⋈⋈⊞⊤∈⋈⋈⋈⋈≺⋈≺⋈⋈≺∋∋⋈∋⊞⋈⋈⋈⋈⋈⊣
0x279f1a71	⊢⋈⋈⋈⋈⊞⊤∈⋈⊤⊥⋈⊞⊞⊥⊞∈⋈⊡⊞⊞⊤∈∋⊞≺⋈⊡⊞⋈≺∋⊞∋⊞⊞⊥⊤⊥⋈⊤⊥⊤∈⋈⋈⊙⊤∈⋈⋈≻⋈⋈⋈⋈⋈⋈⋈⋈⋈⋈⊞⋈⋈⋈≺∋⊞⋈⋈⊣
0x27a2f0b0	⊢⋈⋈⋈⋈⋈⋈⋈⊞⋈⊤∈⋈⋈⋈⋈⋈⋈⋈⋈⋈⋈⋈⋈⋈⋈⋈⋈⋈⋈∈⋈⋈⋈⊤∈⋈⊞⋈⋈⋈≺⋈⋈⋈⋈⊤∈⋈⋈⋈⋈⋈⋈⋈⋈⋈⋈⋈⊞⋈⋈⋈⋈≺∈⊤⋈∈⊞⊤∈⊞≺∈⋈⊞⋈⋈⊞⋈⊤∈∈⋈⊤∈∋⋈≺∋∋⊞⊤∈∋∋⋈⊞⋈⊤∈∈⋈⊤∈⋈⊤∈∋∋∋∋⋈⋈⋈⋈⊞⋈⋈⋈⊞⋈⋈⋈⋈⋈≺⋈⊤∈⋈⋈⋈≻≺⋈⊤∈⋈≻≺⋈∋⋈⊞⊞⋈⊞⋈⊞⋈⊞⊞⊞⋈⋈∋⊤∈⋈⋈⋈⋈⋈≺⋈⊤∈⊤∈⋈⋈⋈≺∈⋈⊤∈⋈⋈⋈⋈⋈⊞⊤∈⊤∈∋⋈⊤∈∋⋈⋈⋈⋈⊤∈⋈≻⊞⊞⋈⋈⋈≺∋⋈⋈⊤∈∋∋∋∋∋∋⋈⋈⋈⋈⋈⋈⋈⋈⋈⋈⋈⋈⋈⋈⋈⋈⋈⋈⋈⋈⋈⋈⋈⋈⋈⋈⋈⋈⋈⋈⋈⋈⋈⋈⋈≻⋈⋈⋈⋈⋈⋈⋈⋈⋈⋈⋈⋈⋈⋈⋈⊤⋈∈∋≺∋⋈⋈⋈⋈⋈⋈⋈⋈⋈⋈⋈⋈⋈⋈⋈⋈⋈⋈⋈⋈⋈⋈⋈⋈⋈⋈⋈⊞⋈⋈⊙≺∋⊞⋈⋈⋈⋈⋈⋈⊣
0x27a35dd0	⊢⋈⋈⋈⋈⋈⋈⋈⋈⋈⊞⋈⊞⊞⊞⋈⊥⋈⊞⊤⊥⊞⋈∈⊤∈⊤∈⋈⋈⋈⋈≻⊤∈⊞⋈⋈⋈⋈⋈≻⊤∈∋∋⋈⋈⊞≺∋⋈⋈≺⋈⊞≺∋∋⋈⋈⋈⋈⋈⋈⋈⊣
0x27a08edb	⊢⋈⋈⋈⋈⊞⋈⋈⋈⋈⊞⋈⊞⊞⊞⋈⊥⋈⊞⊤⊥⊞⋈∈⊤∈⋈⊞⊞⋈⋈≺∋⋈⊤∈⊤∈⋈≺⋈⊤∈⊤∈⋈≺∋⋈⋈≻⋈⋈⋈≻≺∋∋⊤∈⋈⋈∋⋈⋈⊞≺⋈⊞≺∋∋⋈⋈⊞⋈⋈⋈⋈⊣
0x27a08422	⊢⋈⋈⋈⋈⋈⋈⊞⋈⋈⋈⋈⊞⋈⊞⊞⊞⋈⊥⋈⊞⊤⊥⊞⋈∈⊤∈⋈⊞⊞⋈⋈≺∋⋈⊤∈⊤∈⋈≺⋈⊤∈⊤∈⋈≺∋⋈⋈≻⋈⋈⋈≻≺∋∋⊤∈⋈⋈∋⋈⋈⊞≺⋈⊞≺∋∋⋈⋈⊞⋈⋈⋈⋈⋈⊣
0x279d6e84	⊢⋈⋈⋈⋈⊞⋈⋈⋈⊤∈⋈⋈⋈⋈⋈⋈⋈≻⊤∈⋈⋈⋈≺⋈≺∋∋⋈⊞⋈⋈⋈⋈⊣
0x279d2020	⊢⋈⋈⋈⋈⋈⋈⋈⊞⋈⊞⋈⋈⋈⋈⋈⋈⋈⋈⋈⋈⋈⊤∈⊤∈⋈⋈⊞⋈≻⋈⋈⋈⋈⊞⊞⊡∈∈⊤∈⋈⊞⋈⊞⊤∈∋⊞⋈⊞⊡∈⊤∈⋈⋈⊞⊞⊞⋈⊞⋈⊞⊞⊤∈∋⋈⊤∈⋈⊤∈⋈⋈∋⊞⊤⊥≺∋⋈⋈⋈⋈⊞⋈⊞⊡∈∈⊤∈∋⋈⋈⋈⊙⋈⋈⊞⋈⋈⋈⋈⋈⋈⊣⋈⊞⋈⊞⊤∈∋⋈⊞⋈⊞⊡∈⊤∈⋈⋈⊞⊞⊞⋈⊞⋈⊞⊞⊤∈∋⋈⊤⋈∈⋈⊤∈∋∋∋∋⋈⋈≻⋈⋈⋈⋈⋈⋈⊤∈⋈⋈⋈≻⋈⋈⊞⋈⊤∈⋈∈⊞⊤∈⋈⊤∈⋈⋈⊤∈∋∋⋈⊞⊤∈⋈⋈⊞⊙∋⋈⊞⊤∈⋈⋈⊤∈∋∋⋈⋈⋈≻⋈⋈⊞⊞⋈⊤∈⊤∈∋∋⋈⋈≻⋈⋈∋⋈⊤∈⋈⊞⊡∈⋈⋈⋈⊞⋈⊞⊞⋈⊞⊤∈∋∋⋈⊡≺∋⋈⋈⊞⋈⋈⋈⋈⊣⋈⋈∋⊞⊤⊥≺∋
0x279e79d9	⊢⋈⋈⋈⋈⋈⋈⊞⋈⋈⋈⋈⊞⊤∈⋈⊤∈⋈⊤⋈∈⋈⋈⋈≻⊤∈⋈⋈⋈⋈⊙⋈⋈⊤∈∋⋈⋈⊙⊤∈⋈⋈≻⋈⋈⋈⋈⋈⋈⋈⋈⊞⋈≺⋈⊞≺∋⋈⋈⋈⋈≺∋⋈⋈⋈⋈⋈⋈⋈⋈⋈≻⋈⋈⋈⋈≻⋈⋈⋈≻⋈⊤⋈∈⋈⋈⋈≻∋⋈⋈⊤∈⊤∈⋈≺⋈⊤∈⋈⋈⊞⊥⋈⊤⊥⊞∈⊞∈⋈⋈≻∋⊤∈⋈⊞⋈⋈⋈⋈≻⊤∈∋⋈⋈⋈≺∋⋈⋈⊙⋈⋈≺⋈≺∋∋∋⋈⋈⋈⋈⋈⋈≻⋈⋈⋈⋈⋈⋈⋈⋈≻⋈⋈⊤∈⋈⊤⋈⋈⊤⋈⋈∈⊤∈⋈⋈≺⊤∈⋈⊞⋈⋈≺∋∋⋈⊤∈⋈⋈≺⊤∈⋈⊞⋈⋈≺∋∋⊤⊥∈⊞∈⊤∈⋈⊤⋈∈∋≺⊤∈⋈≺⋈⊤∈⋈⋈≺⊤∈⋈⊞⋈⋈≺∋∋⊤∈⋈⋈≺⊤∈⋈⊞⋈⋈≺∋∋⊤⊥∈∋⊤∈⊞∈⊤∈⋈⊤⋈∈∋∋∈∋⊤∈⋈⋈⋈≻∋⋈⋈⋈⋈⋈⋈⋈⋈⋈⋈⋈⋈≻⋈⋈⋈⋈≺≺∋∋∋∋⊤∈⋈⋈⋈≻∋∋⊤∈⊞⋈⊞⊞⋈⋈⋈⋈⋈⋈⋈⋈≻⊤⋈⋈∈⊤∈≺⊤∈∋⋈∋∋⋈⋈⋈⋈⋈⋈⋈⋈⋈⋈⋈⋈≻⋈⋈⋈⋈⋈⋈⋈≻⋈⋈⋈⋈⋈⋈⋈⋈⋈≻⋈⋈⋈⋈≻⋈⋈⋈⋈⋈⋈⋈⋈≻⋈⋈⋈⋈⋈⋈⋈⋈≻⋈⋈⋈⋈≻⋈⋈⋈⋈⋈⋈⋈⋈≻⋈⋈⋈⋈⋈⋈⋈⋈≻⋈⋈⋈⋈≻⋈⋈⋈⋈≻⋈⋈⋈⋈⋈≻⊞⊤⊥⊞⋈⋈⋈≻⋈⋈⋈≻⋈⋈⊤∈⋈⊤∈⋈⋈⋈⋈⋈⋈⋈≺⊤∈⋈⋈⊞⊥⋈⊞⊤⊥⊞∈⊞⋈⋈⋈⋈⊞≺⋈⋈⋈⋈≺⋈⋈⊙⊤∈∋⋈⋈≻∋⋈⋈≻∈⋈≺∈⋈≻∋⊤∈⋈⋈⋈⋈⋈≻⊤∈∋⋈∋⋈⋈≺∋⋈⋈⋈⊙⋈⋈≻⊤∈∋⋈⋈⋈⋈⊙⋈⋈∋∋∋⋈⋈⋈⋈⋈⊤⋈∈⋈⊤∈⋈⋈⋈⋈⋈⋈≺⊤∈⋈⋈⊞⊥⋈⊤⊥⊞∈⊞∈⋈∈⋈≻∋⊤⋈∈⋈⋈⋈⋈⋈≻⊤∈∋⋈⋈⋈≺∋⋈⋈⋈⊙⋈⋈≻⊤∈⋈≺∋⋈⋈⋈⋈⊙⋈⋈⋈⋈⋈⊞≺⋈⋈⋈⋈≺∋∋∋⋈⋈⋈⋈⋈⋈⋈⋈⋈⋈⋈∈⋈⊤∈⋈⊞⋈⋈⋈⋈⋈⋈⋈⋈≺∋⋈⋈⊤∈⋈⊤∈⋈⊤∈⊤∈⊤∈∋⊞⋈≺∋∋∋∋⋈⋈⋈≻⋈⋈⋈⋈≻⋈⋈⋈≻⋈⋈⋈≻⋈⋈⊤∈⋈⋈⋈≻∋⋈⋈⋈⋈⊤∈⋈⊞⋈⋈⋈⋈⋈⋈⋈⋈≺∋⋈⋈⊤∈⋈⊤∈⋈⊤∈⊤∈⊤∈∋⊞⋈≺∋∋∋∋⋈⋈⋈≻⋈⋈⋈⋈≻⋈⋈⋈≻⋈⋈⋈≻⋈⊤∈⋈⋈⋈≻∋⋈⋈⋈⋈⊤∈⊤∈⋈⊤∈⋈⋈⋈≻∋⋈⊤⋈⋈∈⋈⋈⋈≻∋⋈⋈⋈⋈⋈⋈⋈⋈⋈⊤∈⋈⋈⋈≻∋⋈⊤∈⋈⋈⋈≻∋⋈⊤∈⋈⋈⋈≻∋⋈⋈⋈⋈⋈⋈⋈⋈⋈⋈⋈⋈⋈⋈⋈⋈⋈⋈⋈⋈⋈⋈⋈⋈⋈⋈⋈⋈⊞⋈≻⊤∈⋈⊤∈≺⋈⊤∈∋⋈∋∋⋈⋈⋈⋈⋈⋈⋈⋈⋈≻⋈⋈⋈⋈≻⋈⋈⋈⋈⋈⋈⋈⋈⋈⋈⊤∈⋈⋈⋈≻∋⋈⊤∈⋈⋈⋈≻∋⋈⊤∈⋈⋈⋈≻∋⋈⊤∈≺∋⋈⋈⊤⋈∈⋈⋈⋈⋈⋈⋈⋈⋈⋈⋈⋈⋈⋈⋈⋈≻⋈⋈⋈⋈⋈⋈⋈⋈⋈⋈⋈⋈⋈⋈⋈⋈⋈⋈⋈⋈⋈⋈⋈⋈⋈⋈⋈≻⋈⋈⋈⋈⋈⋈⋈⋈⋈⋈⋈⋈⋈⋈⋈≻⋈⋈⋈⋈⋈⋈⋈⋈⋈⋈⋈⋈⋈⋈⋈⋈⋈⋈⋈⋈⋈⋈⋈⋈⋈⋈⋈⋈≻≺∋⋈⋈⋈⋈⋈⋈⋈⋈⋈⋈⋈⋈⋈⋈⊤∈⋈⋈⋈≻∋⋈⋈⊤⋈∈⋈⋈⋈≻∋⊞⊞⋈≺∋⋈⋈⋈⋈⋈⋈⋈⋈⋈⋈⊤∈⋈⋈⋈≻∋⋈⊤∈∋⋈⋈⋈≻∋∋∋⊞⋈⋈⋈⋈⋈⋈⊣≺∋
0x279e6bc6	⊢⋈⋈⋈⋈⋈⋈⊞⋈⋈⋈⋈⊞⊞⊥⋈⊞⊞⋈⋈⋈⋈⋈⋈⋈⋈⋈≻⊤∈⋈⊤∈≺⋈⊤∈∋⋈∋∋⋈⋈⋈⋈⋈⋈⋈⋈⊤∈⋈⊤∈⊤∈⋈⊤∈⋈⊤∈∋⊞≺≺∋∋∋∋⋈⋈⋈⋈⋈≻⋈⋈⋈≻⋈⋈⋈⊤∈⋈⊤∈⋈⊤∈⊤∈⊤∈∋⊞⋈≺∋∋∋∋⋈⋈⋈⋈⋈⋈≻⋈⋈⋈⋈≻⋈⋈⋈⋈≻⋈⋈⋈⋈≻⋈⋈⋈⊤∈⋈⊤∈⋈⊤∈⊤∈⊤∈∋⊞⋈≺∋∋∋∋⋈⋈⋈⋈≻⋈⋈⋈≻⋈⊤⋈∈⋈⊤∈⋈⊤∈⊤∈⊤∈∋⊞⋈≺∋∋∋∋⋈⋈⋈≻⋈⋈⋈⋈≻⋈⋈⋈⋈≻⋈⋈⋈⋈⋈⋈≻⋈⋈⋈⋈⋈⋈⊤∈⋈⋈⋈≻∋⊞⋈⋈⋈⋈⋈⋈⊣
0x27a20602	⊢⊞⋈⋈⋈⊞⊞∈⊤∈⊤∈⋈⋈⋈⊞⋈⊤⋈∈∋⋈⋈≺∋≻∋⊞⊣
0x27a212e7	⊢⋈⋈⊞⋈⋈⊤∈⋈⋈⊤∈⋈⋈⋈⊞≻⊤∈⊤∈∋⋈⊤∈⋈⊞∈⋈⊞⊡⊡⋈⋈⊞⊞⊞≺⋈≺∋⋈⋈⋈⊞≻≺∋⊤∈⋈∋⊞≺∋∋⋈⋈⋈⋈⋈≺∋⊞⋈⋈⊣
0x27a21503	⊢⋈⊞⋈⊞⊡⊡⋈⋈⊞⋈⊞⊥⊤∈⊞⋈⋈∈⋈∈∈∋⊤∈⊞⊞⋈⊞⊥⊤∈∋∋⋈⋈⋈⊤∈⊞⊞⊞⊞⋈⊤∈∋∋⊤∈⊡∋⋈⊞∋⋈⋈⋈⋈≻⋈⋈≺∋⋈⊞⋈⊣
0x27a20656	⊢⋈⋈⊞⋈⋈⋈⊤∈⋈⋈⋈⋈⋈⋈⊤∈⋈⊤∈⋈⋈≺∋⋈⋈≻⊞⋈⊤∈⋈⋈⊞⊞⋈∈⋈⊞⊤∈⊤∈⊤∈⊤∈∋⋈⋈⋈≻⊤∈⋈⋈⊞⋈⋈⋈≺∋⋈≺∋⋈⋈⋈⋈⋈⊞⊞⊤∈∋∋∋⋈⋈≺⊤∈⋈⊞⊤∈∋⋈⋈⊞∋⊞⋈⋈≺⋈⋈⋈⋈≻≺∋⋈⋈∋⊞⋈⋈⊣
0x27a213b2	⊢⋈⋈⋈⋈⊞⋈⊞∈⊞⋈⊞⊞∈⋈⋈⊤∈⊤∈⋈⋈⋈≺⊤∈⊤∈∋⋈⋈⋈≺⋈⋈⊞⊤∈∋⋈≺∋∋⋈⋈⋈≺
0x27a1e2ba	⊢⋈⋈⋈⋈⋈⋈≻⋈⋈⋈≺
0x27a1e2de	⊢⋈⋈⋈⋈⊤∈⋈⋈⊞⋈≻⋈⋈⋈⋈⋈⊙⊤∈⊞⋈⊞⊞≺∋⋈⋈⋈⋈⊙⊞⊞⋈⋈⋈⋈⊣
0x27a212a7	⊢⋈⋈⊤∈⋈⊞⊞∈⋈⊤∈⊤∈⊤∈⋈⋈⊞⊞⊤∈∋∋∋∋∋⊣
0x279d23d0	⊢⋈⊤∈⋈⊞⊞∈⊞⊡∈⊤∈⊞⊤∈∋⋈⊤∈⋈⊞∋⋈⋈⊞∈⋈⋈⋈⊞⊞⋈⊞⊞⊞⊞⊤∈⊞⊤∈∋≺∋∋⋈⊞∈⋈⊞⊡∈⊤∈⊞⊞⊤∈∋⊞⊡∈⊤∈∋∋⋈⊤∈⋈⋈⋈⋈⊞≺⊞⊤∈∋≺∋∋⋈≺∋⋈∋⋈⋈⊣
0x27a198e6	⊢⋈⋈⋈⋈⋈⋈⋈⊞⋈⋈⊤∈⋈⊞⋈⊤∈⋈⊤∈⋈⋈⊞⋈⋈⊤∈⊤∈⋈⋈≻⋈≺⊤∈⋈⋈⋈⋈≻⊤∈⊤∈⋈⋈⋈≻⊤∈⋈⋈⋈⋈⋈⊤∈⋈≻⋈⊤∈⋈⊤∈⊤∈⋈⊞∈⋈⋈⋈⋈⊙⊤∈⋈⋈≻⊤∈⋈⋈⋈⋈⋈⊙≺⊤∈⋈⋈≻⋈⊤∈⊤∈⋈⊤∈⋈⋈≻⊤∈∋∋⋈⊤∈⋈⋈≻⊤∈∋⋈≻⊤∈≺⊤∈⊤∈⊤∈⊤∈∋⋈⋈⋈⋈≻⊤∈⋈≻∋⋈⊤∈⋈⋈≻⋈⊤∈∋⋈≻⋈⊤∈⊤∈⋈⊤∈⋈⋈≻⊤∈∋⋈⊞≻⊤∈∋∋⋈⊤∈⋈⋈⋈⊤∈⋈⋈⊞⋈⋈⊤⊥≺⊤∈∋∋∋⋈⊤∈⋈⋈≻⋈⊤∈∋⋈⋈≺⋈≻⋈⊤∈⋈⋈⋈≻⋈⊤∈⊤∈⋈⊤∈⋈⋈≻⊤∈⊤∈∋⋈⋈⋈⋈≻⊤∈∋⋈⊤∈∋∋∋⋈⊤∈⋈⋈⊞⋈⋈⋈⋈⋈⋈≺⋈⋈⋈≻⊤∈∋⋈≺∋⋈⊤∈⋈⋈⊤⊥⋈⋈⊞∋≻⋈⊤∈∋∋⋈⋈≺⊞⋈⋈⋈⋈⊤∈⋈⊤∈⋈⋈≻⊤∈∋⊤∈⋈⊤∈⋈⋈⊤∈⋈⋈⊤∈⋈≻⋈⊤∈⋈⋈≺∋≻≺∋⊤∈∋∋∋⋈⋈⊞∈⊤∈⋈⋈≻⊤∈⋈⊤∈⋈≻⊤∈⋈≺∋⊤∈⋈⋈≻⊤∈⋈⋈⊤∈⋈≻⊤∈⋈⊤∈⋈≺∋⋈≻⋈⊞∈⋈⊤∈⋈⋈≻⊤∈⋈⊤∈⋈≻≺∋∋∋⊤∈∋∋∋∋∋∋∋∋∋∋∋∋∋⊤∈⊡≺⊞⋈⊤∈⊞⊤⊥⋈⋈⋈⊥⋈⊞≻⋈⋈⊤∈∋⋈⋈≺⋈⊤∈⋈⋈≻⋈⊤∈∋⋈⋈≺∋∋∋∋∋∋∋⊞∋∋∋∋∋∋∋∋∋∋∋∋∋∋∋∋∋∋∋∋∋∋∋∋∋⋈⊞⋈⋈⋈⋈⋈⋈⊣
0x27a1aeff	⊢⋈⋈⋈⋈⋈⋈⊞⋈⋈⊤∈⋈⊤∈⋈⋈⊞⋈⋈⋈⋈⋈≺⋈⋈⋈⊤∈⋈⋈⋈⋈⊞⋈⊤∈⋈⊤∈⊤∈⊤∈⋈⊤∈⋈⋈≻⋈⊤∈∋∋⋈⊤∈⋈⋈≻⋈⊤∈∋⋈≻⋈⊤∈⋈⊤∈⋈⋈≻≺⊤∈∋⊤∈⋈⊤∈⋈⋈≻≺⊤∈∋⋈⊤∈⋈⋈≻⋈⊤∈∋⋈⋈≺⋈⋈≻≺∋⋈⊤∈∋∋⊤∈⊡≺⋈⋈⊞⊙⋈⊤∈⋈⋈≻⋈⊤∈∋⋈⋈≺∋∋∋∋⊞∋∋∋∋∋∋∋⋈⊞⋈⋈⋈⋈⋈⊣
0x27a1b654	⊢⋈⋈⋈⋈⋈⋈⋈⊞⋈⊤∈⋈⊤∈⋈⋈⊞⋈⋈⋈⋈⋈⋈≺⋈⋈⋈⋈≻⋈⊤∈⋈⋈⊤∈⋈⋈⊤⊥⋈⋈⊞≻⋈⊤∈∋⋈⋈≺⋈⋈⋈≻⊤∈⋈⊤∈⋈⋈⋈≻⋈⊤∈⋈⋈⋈≻⋈⊤∈⋈⋈≻⋈⊞⋈⊞⋈⋈⋈⊞≻⋈≺∋⊤∈⊤∈∋∋∋∋⊞⋈≻⊤∈⋈≻⋈⋈≻⋈≺∋∋∋∋⋈⊞⋈⋈⋈⋈⋈⋈⊣
0x27a1bc42	⊢⋈⋈⋈⋈⋈⋈⋈⊞⋈⊤∈⋈⊤∈⋈⋈⊞⋈⋈⋈⋈⋈⋈≺⋈⋈⋈≻⋈⊤∈⋈⋈⊤∈⋈⋈⊤⊥⋈⋈⊞≻⋈⊤∈∋⋈⋈⋈⊤∈⋈⊞⋈⋈⋈⋈⋈⋈∈⋈≻⊤∈∋⊤∈∋⋈⊤∈⋈⋈≻⋈⊤∈∋⋈⋈≺⋈⋈⊤∈∋∋∋⊞⋈⋈⋈⊙⋈⊤∈⋈⋈⋈⋈⋈⋈⋈∈∈⋈≻⊤∈⋈⋈⋈⊙⋈≺⋈⊤∈⋈⋈⋈⋈⋈≻⊤∈⊤∈⊤∈⋈≺⊤∈⋈⊤∈⋈≺⊤∈⋈≺⊤∈⋈≺⊤∈∋⊤∈⋈≻⊤∈∋⋈≻⊤∈∋⋈⋈≻⋈⋈⋈⋈⋈⋈⋈⋈⋈⋈⊤∈≺⋈⋈⋈≺⋈≺∋∋∋∋∋⋈⋈⊞∋⋈⋈⋈⋈∋⋈⋈⋈∈⋈⊤∈⋈∋⋈⋈⊙⊤∈⊞⊤∈∋∋⋈≺∋⋈⋈⋈⊙⊤∈∋≺∋∋∋∋∋∋⋈⊞⋈⋈⋈⋈⋈⋈⊣
0x27a1b544	⊢⋈⋈⋈⋈⋈⋈⋈⊞⋈⊤∈⋈⋈⋈⋈⋈≻⋈⊤∈⊤∈⋈⋈⋈⊞⋈⋈⋈⋈⋈⋈≺⋈⊞∈⊤∈⋈⋈⋈≻⊤∈⋈⋈≻⋈⊞⋈⊞⋈⋈⋈⊞≻⊞⋈⋈⋈≻≺∋⋈≺⋈⋈⋈≻⊤∈⋈⋈∋⊞∋∋∋∋⋈⊞⋈⋈⋈⋈⋈⋈⊣
0x27a1cf4d	⊢⋈⋈⋈⋈⊞⋈⋈⊤∈⋈⊤∈⋈⊤∈⊞⋈⋈⊞≻⋈⊤∈⋈⊤∈⋈⋈≻⊤∈∋⋈≻⋈⊞≺⊤∈∋∋⋈⊞≻⋈⊞⊞⋈⋈⋈⋈≻⊤∈⋈⊤∈⋈⋈⋈⊤⊥⋈⋈⊞≻⊤∈∋⋈⋈⋈⋈⋈≺⊤∈∋⊞≺∋∋∋∋∋⋈⋈⋈⋈⋈⋈⋈⋈⋈⋈≻⋈⋈⋈⋈≺∋⊞⋈⋈⋈⊣
0x27a1cb3a	⊢⋈⋈⋈⋈⋈⋈⋈⋈⊤∈⋈⊤∈⋈⋈⊞⋈⋈⋈⋈≺⋈⊤∈⋈⊞⋈⊤∈⋈⊤∈⋈⋈≻⋈⊤∈⋈⊞⋈⊤∈⋈≻⋈⊤∈⋈∈⋈⊤∈⋈⊤∈⋈⋈≻≺⋈⊤∈⊤∈⊞⋈⊡≺∋⋈⊤∈⋈⋈≻⊤∈∋⋈≻⊤∈∋≺⋈⊤∈⋈⋈≻⋈⊤∈∋⋈⋈≺⊤∈∋⋈⊤∈⋈⋈≻⋈∋⊤∈∋∋⋈⋈≺⋈⊞≻⋈⊤∈⋈⊤∈⋈⋈≻⊤∈∋⋈⊞≻≺∋⊤∈∋∋∋∋∋⊞∋∋∋∋∋∋∋∋⋈⊞⋈⋈⋈⋈⊣
0x27a301b0	⊢⋈⋈⋈⋈⋈⋈⋈⊞⋈⋈⋈⋈⋈⋈⊤∈⋈∈⋈⋈⊞⋈⊡∈⊤∈⋈⊤⊥⊞⊞⊞⊤∈∋⋈⊤∈∋⊞∈∋⊞∈⋈⋈⊞⋈⋈⋈⊞⋈⋈⋈⋈∈⊤∈⊞⊞⊞⋈⋈⊡∈⋈⋈⊤∈⊤∈∋⋈⋈⊞⊞⋈⋈⊞⊤∈⊤∈∋⋈⋈⋈⋈⋈⊞⊞⋈⋈⋈⋈⋈⋈⊞∈⋈⋈⊞⋈⋈⋈⋈⋈⋈⋈⋈⋈⋈⋈⊙⊤⋈∈⋈⋈⋈≻≺⋈⋈⋈⋈⋈⋈⋈⋈⋈≺⋈≺⊤∈⋈⋈⋈⋈⊞⊤∈⊤∈⋈⋈⋈⋈⊞⊞⋈⊞⊤∈⊤∈⋈⊤∈⊞⊞⋈⊞⋈⊞⋈⋈∋∋⊤∈⋈≺⊤∈∋∋∋⋈⊞⊞⊞≺⋈⊤∈⋈∋∋⊞∋⊞⊞⋈⋈⊞⋈⊞⋈⋈⋈⋈⋈⋈⋈⋈⊞⋈⋈⊞∈∈∈⊤∈⋈⊞⊞⊞⋈≺⋈⋈⋈⋈⋈⊞⊤∈⊤∈⋈⋈⋈⋈⋈⊞⊞⋈⊞⊤∈⊤∈⋈⊤∈⋈⊞⊞⋈⊞⋈⊞⋈⋈∋∋⊤∈⊤∈⋈⋈⋈⋈⊞⊤∈⊤∈⋈⋈⋈⋈⊞⊞⋈⊞⊤∈⊤∈∋⋈⊞⊞⊞⋈≺⋈⊤∈⊞⊞⋈⊞⋈⊞⋈⋈∋∋⊤∈⋈≺⋈⋈⋈⋈⋈⋈⋈⋈⋈⋈⋈⋈⋈⋈⊤∈⋈≺⋈⋈⋈⋈⋈⋈⋈⋈⋈⋈⋈⊞⋈⊞⋈⊞⊤∈⋈⋈⋈⋈⋈⋈⋈⋈⋈⋈⋈⋈⊞⋈⊞⋈⋈⋈⊞⋈⋈⋈⋈⋈⋈⋈⋈⋈⋈⋈⋈⋈⋈⋈⋈≻⊤⋈⋈∈∋⋈⋈≺⊤∈∋∋∋⋈⊞⊞⊞⋈≺⋈⋈⋈⋈⊞⊤∈⊤∈⋈⋈⋈⋈⊞⊞⋈⊞⊤∈⊤∈∋⋈⊞⊞⋈≺⋈⊤∈∋∋⋈⊞⊞⊞⋈⊞⋈⊞⋈⋈∋∋⊤∈⊞⋈⋈⋈⊞≺∈⊞∈⋈⊞⋈⊞⊞∋⊞⋈⊤∈⊤∈⊤∈∋∋⋈⊞⊞⊞⊞⊞⊤∈∋⋈⊞⊤⋈⊥⊤⊥⊞⋈⋈≺⋈⊞⊞⊞≺⋈⋈⊤∈⋈≺∋∋⋈⊞⋈⊞⊞≺∋∋∋∋∋⋈⊞⊞⊤∈⊤∈⋈⊙∋∋⊞⋈∋⋈⊞⋈⊞⋈⊞≺⊞≺∋⊞⋈⊞⋈⊞⊞⊤∈⋈⊤∈∈⋈⋈≻≺⋈⊞⋈⋈⋈⊞⋈≺∋⋈⊙⊤∈⋈⋈≻⋈⋈⋈⋈⋈⋈⋈⋈⋈⋈⋈⋈⋈⋈⋈≻⋈⋈⋈⋈⋈⋈⋈⋈⋈≺∋⋈⊤∈⋈≻⋈∋⋈⋈⊞⋈⋈⊞⋈≺∋⊞⋈⋈⊤∈∋≺⊞⋈⊞⊞⊞⋈≺∋∋∋⋈∋⊞⋈⊞∋⋈≻∋⊤∈⋈≺⋈≺∋≺⋈⊞⋈⋈⊤∈⋈⋈⋈⊞⊞⋈≺∋∋⋈⋈⊞⋈⋈⋈⋈≺⋈⋈⊡∈∋∋∋⊣⋈≺∋∋⋈⋈⊤⊥⊞⊞⊤⊥⊞⋈⊞⊞⋈⊤⊥⊥⋈⋈⊞⊞⊤⊥⋈⋈⋈⋈⋈⋈⋈⋈⋈⋈⋈⋈⋈⋈⋈⋈⋈⋈⋈⋈⋈⋈⊞⋈⋈⋈⋈⋈⋈⋈⋈⋈⊡∈⋈⋈≻⋈⋈⊤∈⋈⋈⋈⊞⊞⊞⊞⊞⊞⋈⋈≺⋈⊤∈⊤∈⋈⋈∋⋈≺⊤∈∋≺∋⋈⋈≻⋈⋈⋈⋈⋈⋈⊤⋈∈⋈⊞⋈⋈⋈≺⋈⋈⋈⋈⊞⋈⋈⋈⋈⋈⋈⋈≺∈⋈⋈⋈⋈⋈⋈⋈⋈≻⋈⊤∈⋈⋈⋈⋈⋈≺⋈⋈⋈⋈⋈⋈⋈⋈⋈⊤∈⊞⊤∈⋈⋈⊞⊙⊤∈⊤∈⊤∈⋈⋈≻⊤∈⋈≺⋈⋈⋈⋈⋈≺⊤∈⋈⋈≻⊤∈⋈⋈≺⊤∈⋈⋈≻⊤∈⋈⋈≺⊞⊤∈∋∋∋∋∋∋∋∋∋⊞⊞∈∋⋈⋈⋈⋈∋⊤⋈∈⋈⋈⊞⋈⋈⋈∋⋈⋈⋈⊤∈⋈⋈⋈⋈⋈⋈⋈⋈⋈≻⊤∈⊞⋈≺∋⋈⋈⊞≺∋⋈⋈⊤∈⋈⋈⋈⋈⋈⋈⋈⋈≻⋈⊤∈⊞⋈≺∋⋈⋈⋈⊤∈⋈⊤⋈∈∋⋈⋈⋈⋈⋈⊤∈⊞≺∋⋈⋈⊞∈⊞⊤∈⋈⋈⋈⋈⊞⊞⋈⋈⋈⋈⋈⋈⋈⊞⊤∈⋈⋈⊤∈⊤∈⊤∈⋈⋈≺⊞⋈⋈⋈⋈⊞⊞⋈⊞⊞⊞⊞⋈⋈⊤∈∋⋈⊤∈⋈⋈⋈⋈⊞⋈⋈⊞⊤∈⋈⋈⋈⋈⋈⊤∈⊤∈⋈⋈⋈⊞⋈⊤∈⊞⋈≺⋈⋈⊞⋈∈⊞⋈≺⊤∈⋈⋈⊤∈⋈⊞⋈⋈⋈∋⊤∈⊤∈⋈⊞⋈⋈⋈⊤∈⊞⋈⋈⋈⋈⋈⋈⊞⊞⋈⋈⊞⊞⊞⊞⋈≺∋⊞∈⋈⋈⋈⊤∈⋈⋈⋈⋈⋈⋈⊤∈⋈⋈⋈⊞⋈⊤∈⊤∈⋈⋈⋈⋈⋈⋈⊤∈⋈≺⋈⊞∋⊤∈⋈⋈⊤∈⋈⋈⊞⋈∈⊞≺⋈⋈⋈⋈⋈⋈⊤∈⋈≺⊤⊥⊤∈⋈⋈⋈⋈⊤∈⋈≺⋈⋈⋈⊞⋈⋈⊞∈⋈⋈⋈⋈⋈⋈⋈⋈⊤∈⋈⋈≻⋈⋈⋈⋈⊞⋈∈⋈⋈≻⋈⊤∈⋈⊞⋈⊞⊞⋈⊞⋈⋈⊞⊞⋈⋈⋈⊤∈⋈⋈⋈⋈≺⋈⊞⋈⊞⊞⋈⋈⋈⋈⋈⋈⊞≺∈⋈⋈⋈⋈⋈≻⋈⋈⋈⋈⋈⊤∈⋈⊞⋈⋈⊞⋈⊞⊞⋈≺⊤∈⋈≻≺⋈⋈∋⋈⋈⋈⋈⋈⋈⋈⊞⋈⊞⋈⊤∈∋⋈⋈⊞⋈⋈⊞⋈⊞⋈≺⊤∈⊞⋈⋈⋈∈⋈⋈⊞∈⊤∈⋈⊞⊞⋈⊞⋈⋈⊤∈⋈⋈⊞∋⋈⋈⋈⊤∈∋⋈⋈≻⋈⋈⋈⋈⊞⋈⋈∈⋈⋈≻⋈⊤∈⋈⊞⋈⊞⊞⋈⊞⋈⋈⊞⊞⋈⋈≺⋈⋈⋈⋈⊤∈⋈⊞⋈⊞⊞⋈⋈⋈⋈⋈≺∈⋈⋈⋈⋈⋈≻⋈⋈⋈⋈⋈⊤∈⋈⊞⋈⋈⊞⋈⊞⊞⋈⋈⊤∈≺⋈⋈⋈⋈⋈⋈⋈⋈⋈⋈⊤∈⋈≻≺⋈⋈∋⋈⋈⋈⋈⋈⋈⋈⋈⋈⋈⋈⋈⋈⋈⋈⊞⋈⊞⋈⊤∈∋⋈⋈⊞⋈⋈⊞⋈⊞⋈⊤∈≺⊤∈⋈⊞⋈⋈≺∋⋈⋈⋈⋈⊤∈⋈⋈⋈⋈⋈⋈∈⋈⋈⋈⊞∈⋈⊤∈⋈⊞⊞⋈⊞⊞⋈⋈⊤∈⋈⋈⋈∋∋⋈⊡⋈⋈⋈⋈⋈⋈⋈⋈⋈⋈⊞⋈⋈⋈⋈⋈⋈⋈⋈⋈⊤∈∋⋈⊤∈⋈⊙∋⊤∈⋈⊙∋⊤∈⋈⊙∋⊤⋈∈⋈⊙⋈≺∋∋∋⋈⋈⋈⋈⋈⋈⋈⋈⋈⋈⋈⋈⋈⋈⋈⋈⋈⋈⋈⋈⋈⋈⋈⋈⋈⋈⋈⋈⋈⋈⋈⋈⋈⋈⋈⋈⋈⋈⋈⋈⋈⋈⋈⋈⋈⋈⋈⋈⋈⋈⋈⋈⋈⋈⋈⋈⋈⋈⋈⋈⋈⋈⋈⋈⋈⋈⋈⋈⋈⊤⋈∈⊤∈⋈⋈⊤∈∋∋⋈⋈⊙≺⋈⋈⋈⊞∈⋈⋈⊞⋈⊞⋈⊞∈⋈⋈⊞⊤∈≺⊞⋈⋈⊞⊙∋⋈∋⋈⊞⊞⋈⋈⋈≺⋈⋈⋈≻⋈⋈⋈⋈⊤∈⋈⊞⋈⋈⊞⋈⊞⋈⋈≺⋈⋈⋈⋈⋈⋈⋈⋈⋈⋈⊤∈⋈≻⋈⋈∋⋈⊞⋈⋈⋈⋈⋈⋈⋈⋈⋈⋈⋈⋈⋈⊞⋈⋈⋈⋈⋈⊞⋈⊤∈∋≺⋈⊞⊞⊞⊤∈∋≺⋈⋈≺∋∋⋈⊞⋈⋈⊞⊞⋈⋈⋈∋⋈∋⊞⊤∈∋∋⋈⊙∋∋∋⊤⊥⊞∈⋈⊙∋⊞⋈≺⋈⊤∈⋈≻⋈∋⋈⋈⋈⋈⋈⊞⋈⋈⋈⋈⋈⋈⊤∈∋≺⋈⊞⊞⊤∈∋≺⋈≺∋∋⋈⊞⋈⋈⊞⊞⋈⋈⋈⋈≺∋⊞∋∋∋⊤∈⋈⊙∋⊤⊥⊞∈⋈⊙∋⋈≺⋈⊞⊞⊞⋈≺∋∋∋∋⋈⊞⊞⊞≺⋈≺⋈≺∋∋∋∋≺⊞≺∋∋∋∋∋∋⋈⊞⊞≺∋⊞∋⋈⋈⋈≺⋈≺∋∋⋈⊞⋈⊞⋈⊞≺∋∋∋∋∋∋∋∋⋈⊞⋈⊞⊞⋈⊞⊞⋈⊞⋈⋈≺∋⋈⋈⋈∋∋∋⋈⊡∈⋈≻∋⊤∈⊤∈⋈⊙∋⊤∈⋈⊙∋⊤∈⋈⊙∋⊤∈⋈⊙∋∋∋∋⊞⋈⋈⋈⋈⋈⋈⊣⋈⋈⊞⊙
0x27a41d40	⊢⋈⋈⋈⋈⋈⊤∈⋈⋈⋈⋈⊞⊞⋈⋈⋈⋈⋈⋈⊞⊤∈⋈⋈⊞∈⊤∈⊤∈⋈⋈≺⊞⋈⋈⋈⋈⋈⋈⊞⊞⋈⊞⊞⊞⊞⋈⋈⊞∈∋⋈≺∋⋈⋈⋈⊤∈⋈⋈⋈⋈⋈⋈⋈⋈⊞⊤∈⋈⋈⋈≺⋈⊤∈⊤∈⋈⋈⊞⋈⊤∈∋⊞⋈⋈⋈⋈≺∋∋⋈⋈⋈⋈⋈⋈⊞⊞⋈⊞⊞⊞⊞≺∋⊤∈⋈⊞≺⋈⋈⊤∈⋈⊞∈∋∋⋈⋈⊤∈⊤∈⊞⊞⊤⊥⊞⊞⊞⋈⋈⊞⋈⊞⊞⊤⋈⊥⋈⊞∈⊞⋈⋈⋈⋈⋈⋈⋈⋈≺⋈≺⋈≺⊞⋈≺∋⋈⋈∋⋈≺⋈≺∋∋⋈⊞⋈⋈⋈⊞⋈⊞⋈⋈≺∋∋∋∋⋈∋⋈⋈⋈⊣
0x27a4e190	⊢⋈⊞⋈⋈⊞⊙
0x279d24e0	⊢⋈⋈⋈⋈⋈⋈⊞⋈⋈⊤∈⋈⊤⋈∈⊤∈⋈⋈⋈⋈⋈⋈⋈⊙⋈⋈⋈⋈⊤∈∋⋈⋈⋈⋈⋈⋈⋈⋈⋈⋈⋈⋈⋈⋈⊙⊤∈⋈⋈⋈⋈⊙⋈≺⊤∈⋈⋈⋈⋈⋈⋈⋈⊙⋈⋈⋈⋈⊤∈∋⋈⋈⊙≺∋∋∋∋∋⋈⋈⋈⊞⋈⋈⋈⋈⋈⊣
0x27a2fb70	⊢⋈⊤∈⋈⊣⋈⋈⋈⋈⋈⋈⊤∈⋈⋈⋈⋈⊞⊞⋈⋈⋈⋈⋈⋈⊞⊤∈⋈⋈⊞∈⊤∈⊤∈⋈≺⋈⋈⋈⋈⋈⊞⊞⋈⊞⊞⊞⊞⋈⊞∈∋⋈⋈⋈⊤∈⋈⋈⋈⋈⊞⋈⋈⋈⋈⋈⊞⊤∈⊤∈⋈⋈⊞⋈⊞≺⊤∈⊤∈⋈⋈⊤∈⋈⊞∈⋈⋈⊤∈⊤∈⋈⋈⋈⊞⊤∈∋⊞≺∋∋⋈⊞⋈⊞≺∋⊞⋈⋈⋈⋈⋈⋈⋈⋈⊞⊞⊞⊞⊞⊞⋈⋈⊞≺∋⊞⊞⊤∈⋈⊞≺⋈⋈⋈⋈⊞⊙⊞⋈⊞≺⊤∈⊤∈⋈⋈⊞⋈⊤∈∋∋⋈⊞⋈⊞⊞⋈≺⋈⋈⋈⋈⋈⊞⊞⋈⊞⊞⊞⋈⊞≺∋⊤∈⋈⊞⋈≺⋈⋈⊤∈⋈⊞∈∋∋∋∋∋⋈⊞⊞≺∋∋∋⊞⊞⋈⊞⊞⋈⊞⊞⋈⋈⋈⋈⋈⋈⋈⋈⋈⋈⋈⋈⋈⋈≺⋈≺∋∋⋈⊞⋈⊞⋈⊞⋈⊞≺∋∋⋈⊞⊞⋈⊞⊞⋈⊞⊞⋈⊞⋈⋈⋈⋈⋈∋⋈⋈⋈⋈⋈⊣
0x27a45b40	⊢⋈⋈⊤∈⊤∈⋈⊤∈⋈≺⋈⊤∈⊤∈⊤∈⋈⊤∈≺∋⋈≺⋈⋈⊤∈⋈⋈⊞⊞≻∋⋈∋∋∋⊞∋∋∋⋈⋈⋈⊞⋈⊞⊞⊡∈⊤∈⋈⊞⊤⋈∈∋⊞⊤∈⋈⋈⋈≻⋈⋈∋⋈⊞∈⊤∈⊤∈⊤∈⊤∈⋈⊤∈≺∋∋∋⋈∋∋∋⊞⋈⋈⋈⋈⋈⊣
0x27a2af60	⊢⋈⋈⋈⋈⋈⋈⊞⋈⋈⋈⊤∈⋈⋈⋈⋈⋈⋈∋⋈⋈⋈⋈⋈⋈⋈⋈⋈⋈⋈⋈⋈⋈⋈⊤∈⊤∈⊡∈⊞⊡∈⊤∈⋈⊤∈⊞⊤∈∋⋈⊞⊤∈∋⊤∈⊤∈≺∋∋⊞⊤∈⊞⊞∈∋⊞∋∋⋈⋈∋⊤∈⊤∈⊤∈⋈⋈⊡∈⋈⋈≻⊤∈⋈⊞∈⋈⋈∈∋∋∋⊞⊤∈⋈⋈∈⋈⊤∈⊤∈⊤∈⊞⊡∋⊤∈⊤∈⊤∈∋⊞⊤∈≺∋⋈⊤∈∋∋⋈⋈≻⊤∈⋈⊞∈⋈⋈≺∋≺⊤∈⋈⋈⊞∈⋈⋈≻⊤∈⋈⊞∈∋∋⋈⊞⋈≻∋⋈⋈⋈≻⋈⋈⊤∈∋⋈≺∋∋∋∋∋∋∋∋∋⋈⋈⊞⋈⋈⋈⋈⋈⊣
0x27a42500	⊢⊤∈⋈⋈⋈⋈⋈⋈⋈⋈⊞⋈⋈⊣⋈⋈⋈⋈⋈⊤∈⋈⋈⊤∈⋈⋈⊤∈⋈⋈≺∋⋈⊞⊤∈⊤∈⊤∈⋈⋈⋈⊤∈⊤∈⋈⊞∈∋⋈≺∋⊞⊞⋈⊞∈⋈⋈⊞⊞∈⋈⊤∈⋈⋈⊤⋈∈⊞⊤∈⋈∈⊤∈⋈⋈⋈⊞⊤∈⊤∈⊞⊞⋈⊞⊞⋈⊞⊤∈∋⋈∈⊤∈∋⋈⋈⋈⋈⋈⋈⋈⋈⋈⋈⋈⊤∈⋈∋∋⋈⋈≺⊞⊞⋈⊞⊞⋈⊞⊤∈∋≺∋∋⋈⋈⊞⊞⊞∈⋈⊤∈⋈⋈⋈⋈⋈⋈⋈⋈⋈⋈⋈⋈⋈⋈⋈≺⋈⋈≺⋈≺∋⋈≺⋈≺⋈⋈≺⋈≺⊞⊞≺⊞≺∋∋∋⋈⋈⋈⋈⋈⋈⋈⋈⋈∋⋈∋∋∋∋∋∋∋⋈∋⋈⋈⋈⋈⋈⊣
0x27a1ecc8	⊢⋈⋈⋈⋈⋈⋈⊞⋈⋈⋈⋈⋈⋈⊞⊤∈⋈⋈⋈⋈⋈⋈⊞⋈⋈⋈⋈⋈⊙⋈⋈⋈⋈⋈⋈⋈⋈⋈⋈⋈⊞⊞⊞⊞⊞⋈⋈⊙⋈⋈⋈⋈⋈⋈⋈⋈⋈⋈≺∋⊞⋈⊞⋈⋈⋈⋈⋈⋈⋈⋈⋈⊞⋈⋈⋈⋈⋈⋈⊣
0x27a07cc5	⊢⋈⋈⋈⋈⋈⋈⋈⊞⋈⋈⋈⋈⋈⋈⋈⋈⋈⊞⊤∈⋈⋈⋈⋈⊞⋈⋈⋈⋈⊙⋈⋈⋈⋈⋈⊡⊞⊞⊞⊞⊞⊙⋈⋈⋈⋈⋈⋈⊡≺∋⊞⊞⊞⋈⋈⊡⋈⋈⋈⋈⋈⊞⋈⋈⋈⋈⋈⋈⊣
0x27a1edf6	⊢⋈⋈⋈⋈⋈⋈⊞⋈⋈⋈⋈⋈⋈⋈⋈⋈⊞⊤∈⋈⋈⋈⊞⋈⋈⋈⊞⋈⋈⋈⋈⊙⋈⋈⋈⋈⋈⋈⋈⋈⋈⋈⋈⊞⊞⋈⊞⊞⊞⋈⋈⊙⋈⋈⋈⋈⋈⋈⋈⋈≺∋⋈⊞⋈⋈⋈⋈⋈⋈⊤∈⋈⋈⋈⋈⊞⊞⊙∋⋈⋈⋈⊤∈⊞∈⋈⋈⋈⋈⊞⊤∈∋∋⊞⋈⋈⋈⋈⋈⋈⊣
0x27a07faf	⊢⋈⋈⋈⋈⋈⋈⋈⊞⋈⋈⋈⋈⋈⋈⋈⋈⋈⊞⊤∈⋈⋈⋈⊞⋈⋈⋈⊙⋈⋈⋈⋈⋈⊡⊞⊞⊞⊞⊞⊙⋈⋈⋈⋈⊡≺∋⊞⊞⋈⋈⊡⋈⋈⊤∈⋈⋈⋈⋈⊞⊞⊙∋⋈⋈⋈⋈⊤∈⊞∈⋈⋈⋈⋈⊞⊤∈∋∋⊞⋈⋈⋈⋈⋈⋈⊣
0x27a4d330	⊢⋈⋈⋈⋈⋈⋈⋈⊞⋈⋈⋈⋈⊤∈⊙∋⋈⋈⋈⋈⋈⋈⋈⋈⋈⊤∈⊤∈⋈⋈≻⊤∈⋈⋈⋈⋈⋈⋈≻≺⋈≺⊤∈⋈⋈≻⊤∈⋈⋈⋈⋈⋈⋈≻∋⋈⊙≺⋈⋈⋈⋈⊞⊙⊤⋈∈⋈⋈⋈⋈⊞⊙⊤∈∋⋈⊙⋈⊞⊞≺⋈⋈⋈⋈⋈⋈∈∈∈⋈⋈⋈⊙⊤∈⊙⋈⊤∈∋≺⊤∈⋈⋈≻⊤∈⋈⋈⋈⋈⊞⊙⊤∈⋈⋈≻≺⋈⋈⋈⊞⋈⊤∈∋⊤∈∋⋈⋈≻⊤∈⋈⋈⋈⋈⊞⊙⊤∈∋⊙⋈∋⊞⊞⋈⋈≻∋⊞⊤⊥≺⋈⋈⋈⊞⋈⊤∈∋∋∋⋈∋⋈⋈⊙⋈⊙⊤∈⋈⋈⋈⋈⋈⋈≻≺∋∋⋈⋈⋈≻⊤∈⋈⋈⋈⋈⋈⋈⋈⋈⋈⋈⋈⋈⋈⋈⋈⋈⋈⋈⋈⋈⋈⋈⋈⊤∈⋈⊙∋⊤∈⋈⊙≺∋∋⋈⊤∈⊙∋⋈⊤∈⊙∋⋈⊤∈⊙∋⋈⊤∈⊙∋⊞⋈⋈⋈⋈⋈⋈⊣≺∋
0x27a4d9f0	⊢⊤∈⋈⋈⋈⋈⋈⊤∈⋈⋈⊙⊤∈⊙⋈⊞⊞⊞≺⋈⋈⊞⊞⊞⊙⋈⋈⊤∈⊙⋈⊞⊞∋⊞⊤⊥≺∋∋⊞⋈⋈⊣⊞⊣
0x27a4da80	⊢⋈⋈⋈⋈⊞⋈⋈⋈⊤∈⋈⊙⋈∋⋈≻⊤∈⋈⋈⊞⋈⋈⋈≺∋⋈⊞⋈⋈⋈⊣
0x279e68d6	⊢⋈⋈⋈⋈⋈⋈⊞⋈⋈⋈⊞⋈⋈⊞∈⋈⊞⊞⊞⋈⋈⊞⋈⋈⊤∈⊤∈⋈≺⋈⊤∈⋈⋈⊤⊥⊤⊥⊞∈⊞⋈⋈⋈⊤∈⋈⋈⋈⋈⋈≻⊤∈⋈⋈≺∋⋈≻⋈⋈≺∋⋈⋈⋈⋈⊙⋈⋈⋈⋈⋈⋈⋈⋈≺⋈⋈⋈≺∋⋈∋⋈∋⋈⋈⋈⊤∈⊤∈⋈⋈⊤∈⋈⋈⊤⊥⊤⊥⊞∈∋⊞⋈⋈⋈⋈⊤⋈∈⋈⊞⋈⋈⋈⋈≻⊤∈∋⋈⋈≻⋈⋈≺∋⋈⋈⋈⊙⋈⋈⋈⋈⋈⋈⋈≺⋈⋈≺⋈≺∋∋⋈∋⋈⊞⋈⋈⋈⋈⋈⋈⋈⋈⋈⊞⊞⊞⊤∈∋≺∋⋈⋈⋈⊙⊞⋈⋈⋈⋈⋈⋈⊣
0x279f585b	⊢⋈⋈⋈⋈⋈⋈⊞⋈⋈⋈⋈⋈⋈⊞⋈∈⋈⋈⋈⋈⋈⋈⋈⋈⊞⊤∈⋈⋈⋈≻⊞⊞⋈⋈≻⋈⊤∈⊞⊤∈∋⋈≻⋈⊤∈⊤⋈∈⋈≺⋈⊤∈⋈⊤⊥⋈⊤⊥⊞∈⊞⊤∈⋈⊞⋈⋈⋈⋈≻⊤∈⋈⋈≺∋⋈⋈⋈⊙⋈⋈⋈⋈⋈⋈≺⋈⋈≺⋈≺∋∋∋⋈⋈⋈⋈⊞⊤⋈⋈⊥⋈∋⋈⋈⋈⊤∈⋈∋⊤∈⊤⋈⋈⊥⊤⊥⊞∈⊤∈⊞⋈⋈⊤∈≺⋈⊤⋈∈∋∋⋈⋈∈∋⋈⋈⋈∋∋⋈⋈⋈⋈⊤∈⋈⋈⋈≻∋⊞⋈⋈≻⋈⊤∈⊞⊤∈∋⋈≻∋⋈≺∋⋈⋈≻⋈⊤∈⊤⋈∈⋈≺⋈⊤∈⋈⊤⊥⋈⊤⊥⊞∈∋⊞⊤∈⋈⊞⋈⋈⋈≻⊤∈⋈≺∋⋈⋈≻⋈≺∋⋈⋈⋈⋈⊙⋈⋈⋈⋈⋈≺⋈⋈≺⋈≺∋∋∋⋈⋈⋈⋈⊞⊤⋈⋈⊥⋈∋⋈⋈⋈⊤∈⋈∋⊤∈⊤⋈⋈⊥⊤⊥⊞∈⊤∈⊞⋈⋈⊤∈≺⋈⊤⋈∈∋∋⋈⋈∈∋⋈⋈⋈∋∋⋈⋈⋈⋈⊤⋈∈⋈⋈⋈≻∋⋈⊤∈⋈⋈⋈≻∋⋈⊤∈⋈⋈⋈≻∋⊞⊤∈∋≺∋⋈⋈⋈⋈⋈⊞⋈⋈⋈⋈⋈⋈⊣
0x279f5242	⊢⋈⋈⋈⋈⋈⋈⊞⋈⋈⋈⊞⋈⋈⋈⊞∈⋈⊞⊞⋈⊞⊤∈⋈⋈⋈⋈≻⋈⋈≺∋⋈⋈⋈⋈⋈⋈⋈⋈⋈⋈⋈⋈⋈⋈⋈⋈⋈⋈⊞⊞⊤∈∋⋈⋈⋈⊙⊞⋈⋈⋈⋈⋈⋈⊣
0x279f4f50	⊢⋈⋈⋈⋈⋈⋈⊞⋈⋈⋈⋈⊞∈⋈⋈⋈⋈⊞⊞⋈⊞⋈⊞⊞⋈⊞⊞⋈⊞⊞⋈⋈⋈⊞⋈⋈⋈⊞∈⊤∈⋈⋈⋈≻⊤∈⊤∈∋⊤∈⊤∈∋⋈⋈⋈⋈≻⋈⋈⋈⋈⋈⋈⋈⋈⋈⋈⋈⋈≻⋈⋈⋈⋈⋈⋈⋈⊤∈⋈⋈⋈≻∋⋈⋈⋈⋈⋈⋈⋈⋈⋈⋈⋈⋈⋈⋈⋈≻⋈⋈⋈⋈⋈⋈⋈⋈⋈⊤∈⋈⋈⋈≻∋∋∋⊞⊞⊞⊤∈∋⋈⋈⋈⋈⋈⋈⊞⋈⋈⋈⋈⋈⋈⋈⋈⊞⊤∈∋⋈⋈⋈⊙⊞⋈⋈⋈⋈⋈⋈⊣
0x279f98fe	⊢⋈⋈⋈⋈⋈⋈⊞⋈⋈⋈⋈⋈⋈⋈≻⋈⊤∈⋈⋈⊙⊤∈⋈⋈≻⋈⋈⋈⋈⋈⋈⋈⋈⋈⊤∈⋈⋈⋈≺⋈⊤⋈∈⋈⋈⋈⊤∈⊤∈⋈≺⋈⊤∈⋈⋈⊞⊥⋈⊞⊤⊥⊞∈⊤∈⋈⋈⋈⋈⋈≻⊤∈⋈⋈≺∋⋈⋈⋈⊙⋈⋈⋈⋈≺∋∋⋈⋈⋈⋈⋈⋈⋈⋈⋈⋈⋈≺⋈⋈⋈⋈⋈⋈⊤∈∋⋈⋈⋈⋈≻≺∋∋⋈⋈⋈⋈⋈⋈⋈⋈⋈≻⋈⋈⋈⋈≻⋈⋈⋈≻⋈⋈≻⋈⋈⋈⋈⊤⋈∈⋈⋈⊤∈⊤∈⋈∋⊤∈⋈≺∋⊤∈∋⋈⋈⋈⋈⋈⋈⊞⋈≻≺∋⊤∈⋈⋈⋈⋈≻≺∋∋⋈⊤∈⋈⋈⋈≻∋⋈⋈⋈⋈≻⋈⋈⋈⋈⋈⋈⋈⋈≻⋈⋈⋈⋈⋈⊤∈⋈⋈⋈≻∋⋈⋈⋈⋈⋈≻⋈⋈≻⋈⊤∈⋈⋈⋈≻∋⋈⊤∈⊤∈⋈⊤∈⋈⋈⊞⊥⋈⊤⊥⊞∈∋⊞⋈⊤∈∋⋈⋈≺≺∋⋈⊞∋⋈∈⋈⋈⊤∈⋈⊤∈⊤∈⋈⋈⊞⊥⋈⊤⊥⊞∈⋈⋈⋈⊤∈⋈⊞⋈⋈⋈≻⊤∈⋈⋈≺∋⋈⋈⋈⊙⋈⋈⋈⊞∋⋈⋈≻∋⊤∈⋈⊞⋈⋈⋈≻⊤∈∋∋⋈⋈≻∋⋈⋈⋈⋈⋈⋈⋈⋈⋈≻⋈⋈⋈⋈⋈⋈≺∋⋈⋈⋈⊙⋈⋈⋈≺∋⋈⋈⋈≺⋈⋈⊤∈∋∋⋈⋈⋈⋈⋈⋈⋈⋈⋈⋈⋈⋈⊞⋈≺∋⋈≺∋⋈⋈⊤∈⊤∈⋈⋈⋈⋈⋈⋈⋈⋈⋈≻⋈⋈⋈⋈⊤∈∋⋈⋈⋈⋈⊞≺⋈⋈⋈≺∋⋈∋⋈⋈⋈⋈⊞⋈⋈⋈⋈⋈⋈⋈⋈⋈⋈⋈⋈⋈⋈⋈⋈⋈⋈⋈⋈⋈⋈⋈⋈⋈⋈⋈⋈⋈⋈⋈⋈⋈⋈⋈⋈⋈⋈⋈⋈⋈⋈⋈⋈⋈⋈≻⋈⋈⋈⋈⋈⊤∈⋈⋈⋈⋈⋈⋈⋈⋈⋈⋈⋈⋈⋈⋈⋈⋈⋈⋈⋈⋈⋈⋈⋈≻⋈⋈⋈⋈⋈⊤∈⋈⋈⋈⋈⋈⋈⋈⋈⋈⋈⋈⋈⋈⋈⋈⋈⋈⋈⋈⋈⋈⊞⋈⋈⋈⋈⋈⋈⋈⋈⋈⋈⋈⋈⋈⋈⋈⋈⋈⋈⋈⋈⋈≻⋈⋈⋈⋈≻⋈≻⋈∈⋈⊞⋈≻⋈⋈⋈⋈⋈⋈⋈⋈⊞⊤∈∋⋈⋈⋈⋈⋈⊙⋈⋈⋈⊙⋈⋈⋈⊙⋈⋈⋈⊙⋈⋈⋈⋈⊙⋈⋈⋈⋈⊙⋈⋈⋈⋈⋈⊤∈⋈⋈⋈⋈⋈⋈⋈⋈⋈⊤⋈∈⋈⋈⋈⋈≻∋⊤∈⋈⋈⋈⋈≻≺⋈⋈⋈⋈⋈∋∋⋈≻⋈⊤∈∋⋈⋈⋈∋≻≺∋∋∋⊞⋈⋈⋈⋈⋈⋈⊣
0x279fee5d	⊢⋈⋈⊞⋈⊤∈⋈⋈⊙⊤∈⋈⋈≻⋈⋈⋈⋈⋈⋈⊞⋈⋈⋈⋈⋈⋈⋈≻⋈⋈⋈⋈⋈⊤∈⊤∈⊞⊤∈⋈⋈⋈⋈≻∋⊤∈⋈⋈⊙⊤∈⋈⋈⋈⋈⋈⋈⋈⋈⋈⋈⋈≺⋈⋈⋈⋈⊤⋈⋈∈⋈⋈⊤∈⊤∈⋈⊞⊥⋈⊤⊥⊞∈⊞⋈⋈⋈≺⋈⋈⋈⋈≺∋∋⋈∈⋈⋈⋈⋈⋈⋈⋈⊤⋈⋈∈⋈⋈⊤∈⊤∈⋈⊞⊥⋈⊤⊥⊞∈⊤∈⋈⊞⋈⋈⋈≻⊤∈⋈⋈≺∋⋈⋈⋈⊙⋈⊞∋⋈⋈≻∋⊤∈⋈⊞⋈⋈⋈≻⊤∈∋⋈⋈⋈≺∋⋈⋈⋈⊙⋈≺∋⋈⋈⋈⋈≺∋⋈⋈⋈⋈⋈≺∈⋈≺∋⋈⊞⋈⋈⋈⋈⋈⋈⋈⋈∈⋈⊤∈⊤∈⊤⋈⊥⋈⊤∈∋⋈⊞∈⊤∈∋⋈⋈⋈⋈⋈⋈⋈⋈⋈≻⋈⋈⋈⋈⊤∈⋈⋈⋈≻∋⋈≺⊤∈⋈⊤∈⋈⊤∈⋈⊞⋈⊤⋈∈∋⊞∈⋈⊞⊞∈∋≺≺∋⊞∋⊞⊤⊥⋈⋈∋⋈⋈⋈⋈⊤∈⋈⋈⋈≻∋⋈⋈⋈⋈⋈⋈≺∋≺∋⊤∈⊤⋈⋈∈⋈⋈⊤⋈⋈∈∋⋈⊤∈⊤∈⋈⊤⋈⋈⋈∈⋈⋈⊤⊥⊞⊤⊥⋈⋈⋈⋈≺∋⋈⊞⊥⊞⊞∈⋈⋈⋈⋈⋈⋈⋈⋈⋈⋈⋈≻⋈⋈⋈⋈⋈⊤∈⋈⋈⋈≻∋⋈⋈≺⊤∈⊤∈⊤∈⋈⋈⋈⊤∈∋⊞∈⋈⋈⊞⋈⊞∈∋≺≺∋⊞∋⊞⊤⊥⋈⋈⋈⋈∋⋈⋈⋈⊞⋈⋈⋈∈⊤∈⋈⋈≺⊤∈⋈⊞⋈⋈≺∋∋⊤⋈⊥⊤∈⊤⋈⋈⊥⊤⊥⊞⊙⊤∈∋⋈⋈⊙⊤⋈∈⋈⋈⋈⋈⋈⋈⋈⋈⋈⋈⋈⋈⊤⋈∈⋈⋈⋈⋈≻∋⋈≺⋈⋈⋈≻⊤∈⋈⋈⊤⋈⋈⊤≺∋⋈∈⋈⊞⋈⊤⊥≺∋⋈⊞∈⊤∈∋⋈⋈⋈⋈⋈⋈⋈⋈⋈≻⋈⋈⋈⋈⋈⋈⊤∈⋈⋈⋈≻∋⋈≺⊤∈⋈⊤∈⋈⊤∈⋈⊞⋈⊤⋈∈∋⊞∈⋈⊞⊞∈∋≺≺∋⊞∋⊞⊤⊥⋈⋈⋈∋⊤∈⋈⋈⋈≻∋⋈⋈⋈≻⊤∈⋈⋈⊤∈⋈⋈⊤∈∋⋈⊤⊥∋⋈⊞≺∋⋈⊞∈⊤∈∋⋈⋈⋈⋈⋈⋈⋈⋈⋈≻⋈⋈⋈⋈⋈⋈⊤∈⋈⋈⋈≻∋⋈≺⊤∈∋∋∋∋⋈⋈⋈≻⋈⊤∈⋈⊤∈⋈⊞⋈⊤⋈∈∋⊞∈⋈⋈⊞⋈⊞∈∋≺≺∋⊞∋⊞⊤⊥⋈⋈∋⊤∈⋈⋈⋈≻∋⊤∈⋈⋈⋈⋈≻∋⋈⋈⋈⋈⋈⋈⊤∈⋈⋈⋈≻∋⊞⊤∈∋⊤∈⋈⊤⋈⋈∈⊤∈⊞⊥⋈⋈⊤⊥⊞∈∋⊤∈⋈⊞⋈⋈⋈≻⊤∈⋈⋈⋈≺∋⋈⋈⋈⊙⋈≺⊞∋⋈⋈≻⋈⋈⋈⋈∋⋈⋈⋈⋈⋈≺∋∋⊤∈⊤∈∋⋈⊤∈⋈⋈⊞⊥⋈⊤⊥⊞∈⊤∈⋈⊞⋈⋈⋈≻⊤∈⋈⋈≺∋⋈⋈⋈⊙⋈⋈≺⊞∋⋈≺∋⋈≻∋⋈⋈∋⋈⋈⋈≺∋⋈⋈⋈≺∋∋⋈⋈⋈⋈⋈⋈⋈⋈⋈⋈⋈⋈⋈⋈⊤∈⋈⋈⋈≻∋⋈⊤∈⋈⋈⋈≻∋⋈⊤∈⋈⋈⋈≺≺∋∋⋈⋈⊙⊤∈⋈⋈⋈⋈⋈⋈⋈⋈⋈⋈∋⊤∈⋈⋈⋈⋈≻∋⋈⊤∈⋈⋈⋈⋈⋈⊙⊤∈⋈⋈≻∋⋈⋈≻∋⋈⋈≻∋⋈⋈≻⋈⋈⋈⋈⋈⋈⊞⋈⋈⋈⋈⋈⋈≻⋈⋈⋈⋈⋈⊤∈⋈⋈⊤⋈⊥⋈∈⊤∈⋈⋈⋈⋈≻∋⋈⋈⋈⊤∈⊞∈⋈⋈≻∋⊤∈⋈⊞⋈⋈⋈≻⋈⊤∈∋≺∋⋈⋈⋈⋈⊤∈⋈⋈⊤⋈∈⊞⋈⋈⊤⋈∈∋⋈⊞⋈⋈≺∋⋈⊤⊥≺∋⋈⋈⊞⋈∈⊤∈∋⋈⋈⋈⋈⋈⋈⋈⋈⋈⋈≻⋈⋈⋈⋈⋈⊤∈⋈⋈⋈≻∋⋈≺⊤∈⊤∈⋈⊤∈⋈⊞⊤∈∋⊞⊞⋈≺∋⊞∈⋈⊞⊞∈∋≺∋⊞⊤⊥⋈⋈⋈∋⋈⋈⋈⋈⋈⋈⋈⊞⋈∈⋈⊤∈⊤∈⋈⋈⊤∈⋈⋈⊞⊥⋈⊤⊥⊞∈⊞⋈⊤∈⋈⊞⋈⋈⋈≻⊤∈⋈≺∋⋈⋈⋈⋈⊙⋈⋈⋈⋈⋈≺∋⋈⋈≺∋⋈≺∋⊤∈⋈≻⋈∋⋈⊞⋈⋈⋈⋈⋈⋈⋈⋈≻⋈⊤∈⋈⋈⋈⊤⋈⋈⋈⊤≺∋⋈∈⋈⊞⋈⊤⊥≺∋⋈⊞∈⊤∈∋⋈⋈⋈⋈⋈⋈⋈⋈≻⋈⋈⋈⋈⋈⋈⊤∈⋈⋈⋈≻∋⋈≺⊤∈⋈⊤∈⋈⊤∈⋈⊞⋈⊤⋈∈∋⊞∈⋈⊞⊞∈∋≺≺∋⊞∋⊞⊤⊥⋈⋈⋈∋⊤∈⋈⋈⋈≻∋⋈⋈⋈≻⊤∈⋈⋈⊤∈⋈⋈⊤∈∋⋈⊤⊥∋⋈⊞≺∋⋈⊞∈⊤∈∋⋈⋈⋈⋈⋈⋈⋈⋈≻⋈⋈⋈⋈⊤∈⋈⋈⋈≻∋⋈≺⊤∈⋈⊤∈⋈⊤∈⋈⊞⋈⊤⋈∈∋⊞∈⋈⋈⊞⋈⊞∈∋≺≺∋⊞∋⊞⊤⊥⋈∋⊤∈⋈⋈⋈≻∋⋈⊤∈⋈⋈⋈≻∋⋈⋈⋈⋈⊤∈⋈⋈⋈≻∋⊤⋈⋈∈∋⋈⋈⋈⋈≻⋈⊤∈⋈⋈⋈≻≺⋈⋈⊙⊤∈∈⋈⋈≻∋⋈≺∋⋈⋈≻∋∋∋⋈⋈⋈≻∋⋈⋈⋈⋈⋈⋈⋈⋈⋈⊤∈⋈⋈⋈⋈⊞⋈⋈⋈⋈⋈⋈≺⋈⋈⋈⋈⋈∋∋∋⊞⋈⋈⋈⋈⋈⋈⊣⋈⋈⋈⋈⋈⋈⋈⋈⊤∈⋈⋈⋈⋈≺∋≻⋈⋈⋈⋈∋⋈≺∋∋∋⋈⋈⋈≻⋈⋈⋈⋈∋≻∋⊞⋈⋈⋈⋈⋈⋈⊣⋈⋈⋈⋈⋈⋈⋈⋈⋈⊞⋈⊞⊞⋈⋈⋈⋈⋈⋈≻⊞≺∋⋈⊞⋈⋈⊣
0x279dc739	⊢⋈⋈⋈⋈⋈⋈⊞⋈⋈⋈⋈⋈⋈⋈⋈⋈⋈⋈≻⊤∈⋈⊞⊤∈⊤∈⊤∈∋⋈⋈⋈⋈⋈⋈⋈⋈⋈≻⋈⋈⋈⋈⋈≻⋈⊤∈⋈⋈⋈⊞≻⋈≺∋⋈⋈⋈⋈⋈⋈⋈⋈⋈⋈⋈⋈⋈⋈⊞⋈⋈≻⊞⋈⋈⊤∈⋈⊞⊞⊞⊞⊤∈⋈⊞⊙∋∋⋈⋈⋈⋈⋈≻⋈≺∋∋∋⋈⊞⋈⋈⋈⋈⋈⋈⊣
0x279dbcec	⊢⋈⊤∈⋈⋈⋈≻⋈⋈⋈⋈⋈⋈⊞⋈⋈⊤∈⋈⋈⋈≻⋈⊞⋈⋈⊞⊞⊞⊞⋈⊞⊞∈⊞⊡⊞⊞⊞⊤∈⊡⋈⋈⊡⋈∈⊞⊞⊞⊞⋈⋈⋈⊞⋈⋈≻⊤∈⋈⋈⋈≻≺⋈⊞⋈⋈⋈⊡⋈⊞⊡⋈∈∋∋⊞⊞⊤∈∋⋈⋈⊤⋈∈⋈⋈⊞⊞⊞⊥⊡⊡⊞⋈⊡⋈≺⋈⋈⊤∈⋈≺⋈⊤∈⋈≺⋈⊞⊞⊞⋈⋈⊤∈⊤∈⋈⋈⋈≻⋈⋈⋈⋈⋈≻⋈⋈⋈⋈≺⊤∈⋈⋈⋈∋≻≺⋈⋈⊡⊡⊞⋈⊡⋈≺∋∋⋈⊤∈⋈⋈⋈⋈⋈≻⋈⋈⋈⋈≻⋈∋⊡⊡⊡⊡⊡⊡⋈⋈⋈⋈⋈⊤∈⋈⋈⊡⊤⋈⋈∈⊡∋⋈⊤∈⋈⋈⋈≻⊤∈⋈≻∋⋈⋈⊞⋈⋈⋈⊡⊡⋈⋈⋈⋈⋈⋈⊤∈⋈≻∋⋈⊞⊡⊡⊡⊡⊡⊡⋈⋈⋈⋈⋈⊞⋈⋈⊤∈⋈≻∋⋈⋈⊞⋈⋈⋈⋈⋈⋈⋈≻⋈⊤∈⋈≺⋈⋈⋈⊞⋈⋈⊤∈⋈≻∋⊡⊡⊡⊡⊡⊡⊡⊡⋈⊤∈⋈≺⋈⋈⊞⋈⋈⊤∈⋈⋈⋈≻∋⋈⊤∈⋈⋈⋈≻∋⊡⊡⊡⊡⊡⊡⋈⋈⋈⋈⋈⋈⋈⊤∈⋈≺∋∋∋∋⋈≻∋⋈∋⋈≻⋈⋈⋈⋈⋈⋈⊞⋈⋈⋈⋈⋈⊤∈⋈⋈⊞≻≺∋⋈⋈⋈⋈⋈⋈⋈⋈⋈⋈⋈⋈⋈⋈⋈⋈⋈⊞≻⋈⋈⊤∈⋈⊞⊞⊞⊞⊤∈⋈⊞⊙∋∋⋈⊞⋈⋈⋈⋈⋈⋈⊣⋈⋈≺∋⋈⋈⋈≻⋈⊤∈⋈⋈≻≺∋⋈⊞⋈⋈⊞⊞⊞⊞⋈⊞⊞⊞∈⊞⊡⊞⊞⊞⊤∈⋈⋈⊡⋈⋈⋈⊡⋈⋈∈⋈⊞⊞⊞⊞⋈⋈⋈⋈⋈≻⊤∈⋈⋈⋈≻≺⋈⊞⋈⋈⋈⋈⋈⋈⋈⊡⊞⋈⋈⊡∈∋∋⊤∈⊞⊤∈⊞⊞⊞⊞∋⊞⊞⊤∈⋈⊤∈⊡⊞⊞⋈≺∋⊞⋈⊡⋈⊞⋈⋈⊡⊞⋈⋈⊡⊡⊡⊡⊡⊡⊡⊡⋈⋈∋⋈⊤∈⋈≻∋⋈⋈⊞⋈∋⋈⊞⋈⋈⋈⋈⋈⋈⊣⋈≺∋⊞⊞⊞≺∋⊞⊞⊞≺∋⊞⊤∈⊞⊞⋈⊞∈⊤∈⋈⊤⋈∈⋈∋⋈⊤∈⋈⋈⊤∈⊞⋈⋈≺∋⋈⊞⊤∈⋈⊞∈∋∋⊞⊞≺∋∋⊞≺∋⋈⊣
0x279dc663	⊢⋈⋈⋈⋈⊞⋈⋈⋈⊤∈⋈⋈⊞≻≺∋⋈⋈⋈⋈⋈⋈⋈⋈⋈⋈⋈⋈⋈⋈⋈≻⋈⋈⊤∈⋈⊞⊞⊞⊞⊤∈⋈⊞⊙∋∋⋈⊞⋈⋈⋈⋈⊣
0x279dbaa1	⊢⋈⋈⋈⋈⋈⊞⋈⋈⋈⊞∈⋈⊤∈⋈≺⊞⊡⊤∈∋⋈⊤⋈⋈⋈⋈⋈⋈⋈⋈⋈⋈⋈⋈∈⋈⋈⋈⋈⋈⋈⋈∈⋈⋈≻⊞⊤∈∋∋⋈⋈⋈⊞⋈⋈⋈⊤∈⊞⊞∈⋈⋈⊤∈⋈⋈∋⋈≻⋈⊤∈⋈≻∋⊞⊤∈∋∋⋈⋈⋈⋈⊞⋈⋈⋈⋈⋈≺
0x279dcc58	⊢⋈⊤∈⊞⋈⊤∈⋈≻∋⋈⋈⋈≻⊞⋈⋈⊣
0x279f655f	⊢⋈⋈⋈⋈⋈⊞⋈⋈⋈⋈⊤∈⊤∈∋⊤∈⋈⋈⊞≻≺∋⋈⋈⋈⋈⋈⋈⋈⋈⋈⋈⋈⋈⋈⋈⋈⋈≻⋈⋈⊤∈⋈⊞⊞⊞⊞⊤∈⋈⊞⊙⋈⋈⋈⋈⋈⋈⋈⋈≻⋈≺∋∋∋⋈⊞⋈⋈⋈⋈⋈⊣
0x279e3f42	⊢⋈⋈⋈⋈⋈⋈⊞⋈⋈⊤∈⋈≺⋈⋈⋈⋈⊞⋈⋈⊤∈⊞⋈⋈⋈⋈⋈⊡⋈⋈⊡⋈⋈⋈⋈⋈≻⋈⊞⋈⋈⊞⊞⊞⊞⋈⊞⊞∈⊞⊡⊞⊞⊞⊤∈⋈⋈⊡⋈⊡⋈∈⋈⊞⊞⊞⋈⊞⋈⋈⊞≻⊤∈⋈⋈⊞⋈⊞⋈⊞⋈⊞⊡⊞⊞⊞⊡⊞⊞⋈⊞⊞⊞⊞⊞⋈⊤∈⊡⋈∋⋈⋈⊡⊞⋈⋈⋈⊡⋈⊤⋈∈⋈≻⋈⊞⋈⋈⋈⋈⋈⊡⋈⊞⊡∈∋∋⊞⊞⊤∈∋∋⋈⋈⊞⋈⋈⋈⋈⊤∈⋈∋⋈≻⋈⊞⋈⋈⋈⋈⊤∈⋈⋈⋈≻∋⋈⊤∈⋈⋈⋈≻∋⋈⋈⋈⋈⋈⋈⋈⋈⊤∈⋈≻∋⋈⋈⊞⋈⊞⊤∈⋈⋈⋈≻⋈⋈≻∋⋈≻∋⊞⋈⋈⋈⋈⋈⋈⊣⊞⊞⊞≺∋
0x279e3f17	⊢⋈⊤∈⋈⋈⋈⋈≻⋈⊡∈⊣
0x27a1eca6	⊢⋈⋈⊙⊤∈⋈⋈≻⋈⊣
0x27a07ca0	⊢⋈⋈⋈⊙⊤∈⋈⋈≻⋈⊣
0x27a1e263	⊢⋈⋈⊙⊤∈⋈⋈≻⋈⊣
0x27a07c7b	⊢⋈⋈⋈⊙⊤∈⋈⋈≻⋈⊣
0x27a28150	⊢⋈⋈⋈⋈⋈⋈⋈⊞⋈⋈⋈⊤∈⊤∈∋⋈⋈⋈⋈⋈⋈⊤∈⋈⋈⋈⋈⋈⋈⋈⋈≻⊤∈⊤∈⋈⋈⋈⋈⋈⋈⋈⋈⋈⋈⋈⋈⋈⋈⊙⊤∈⊤∈⋈⋈⋈⋈⋈⋈⋈⋈⋈⋈≺∋⋈≻⊤∈∋∋⊤∈⊤∈⋈⋈⋈⋈⋈⋈⋈⋈⋈⋈⋈⋈⋈⋈⋈⋈⋈⋈⋈⋈⋈⋈⋈⋈⋈⋈⋈⋈⋈⋈⋈⋈⋈⋈⋈⋈≺∋⋈≻⊤∈⋈⋈⋈⋈⋈⊙⊤∈∋⋈⋈⋈⋈⋈⊙⊤∈⋈⊤⊥⊞⊤⋈∈⋈⊤∈⋈⋈⋈⋈⋈⋈⋈⋈⋈⋈⋈≻⊤∈∋⋈⋈⋈⋈⋈⊙⊤∈⋈⋈⋈⋈⋈⋈⋈⋈⋈⋈⊙⊤∈⋈⋈⋈⋈⋈⋈⋈⋈⋈≻⊤∈⋈⊤∈⋈⋈⋈⋈⋈⋈⋈⋈⋈⋈≻⊤∈∋⋈⋈⋈⋈⋈⊙⋈⋈⊤⋈∈≺≺∋∋∋∋∋∋∋∋∋∋⋈∋∋⊞⋈⊞≺∋∋⊞⋈⋈⋈⋈⋈⋈⊣
0x27a475c0	⊢⋈⋈⋈⋈⋈⊞⋈⊤∈⋈⊤∈⋈≺⋈⋈⋈≺∋⋈⋈⋈≻⊤⋈∈⋈⋈⋈≻⋈⊤∈⋈⋈⋈⋈⋈⋈⋈⋈∋∋⋈⋈⋈⋈⋈⋈⋈⋈⋈⋈⋈∋⊞⋈⋈⋈⋈⊣
0x279cff10	⊢⋈⋈⋈⋈⋈⊞⋈⋈⊤∈⋈⋈⋈⋈⋈⋈≻⊤∈⋈⋈≻⋈⋈⋈≺⋈⋈⊞⊤∈⊤∈⋈⊙⋈⋈≺⋈⋈⋈⋈≻⊤∈⋈⋈≻≺∋⋈∋∋⊞⋈⋈⋈⋈⊣
0x27a2bcb1	⊢⋈⋈⋈⋈⋈⋈⋈⊞⋈⋈⋈⋈⋈⋈⋈⋈⋈⋈≻⋈⊤⋈⋈⋈⊥⋈⋈⊥⋈⋈⋈⋈⋈⋈≻⋈⊤⋈⋈⋈⊥⋈⋈⊥⋈⋈⋈⋈⋈⋈≻⋈⊤⋈⋈⋈⊥⋈⋈⊥⋈⋈⋈⋈⋈⋈≻⋈⊤⋈⋈⋈⊥⋈⋈⊥⋈⋈⋈⋈⋈⋈≻⋈⊤⋈⋈⋈⊥⋈⋈⊥⋈⋈⋈⋈⋈⋈≻⋈⊤⋈⋈⋈⊥⋈⋈⊥⋈⋈⋈⋈⋈⋈≻⋈⊤⋈⋈⋈⊥⋈⋈⊥⋈⋈⋈⋈⋈⋈≻⋈⊤⋈⋈⋈⊥⋈⋈⊥⋈⋈⋈⋈⋈⋈≻⋈⊤⋈⋈⋈⊥⋈⋈⊥⋈⋈⋈⋈⋈⋈≻⋈⊤⋈⋈⋈⊥⋈⋈⊥⋈⋈⋈⋈⋈⋈≻⋈⊤⋈⋈⋈⊥⋈⋈⊥⋈⋈⋈⋈⋈⋈≻⋈⊤⋈⋈⋈⊥⋈⋈⊥⋈⋈⋈⋈⋈⋈≻⋈⊤⋈⋈⋈⊥⋈⊥⋈⋈⋈⋈⋈⋈≻⋈⋈⋈⋈⋈⋈⋈≻⋈⊞⋈⋈⋈⋈⋈⋈⋈⋈⋈⋈⋈⋈⋈⋈⋈⋈⋈⋈⋈⋈⋈⋈⋈⋈⋈⋈⋈⋈⋈⋈⋈⋈⋈⋈⋈⋈⋈⋈⋈⋈⋈⋈⋈⋈⋈⋈⋈⋈⋈⋈⊤⊥⋈⋈⋈⋈⊥⋈⋈⊤⊥⊥⋈⋈⊡⋈⋈⋈⋈⋈⋈⊤∈⋈⋈⋈⋈⋈⋈≻⋈⊤⋈⋈⋈⊥⋈⋈⊥⋈⋈⋈⋈⋈⋈≻⋈⊤⋈⋈⋈⊥⋈⋈⊥⋈⋈⋈⋈⋈⋈≻⋈⊤⋈⋈⋈⊥⋈⋈⊥⋈⋈⋈⋈⋈⋈≻⋈⊤⋈⋈⋈⊥⋈⋈⊥⋈⋈⋈⋈⋈⋈≻⋈⊤⋈⋈⋈⊥⋈⋈⊥⋈⋈⋈⋈⋈⋈≻⋈⊤⋈⋈⋈⊥⋈⋈⊥⋈⋈⋈⋈⋈⋈≻⋈⊤⋈⋈⋈⊥⋈⋈⊥⋈⋈⋈⋈⋈⋈≻⋈⊤⋈⋈⋈⊥⋈⋈⊥⋈⋈⋈⋈⋈⋈≻⋈⊤⋈⋈⋈⊥⋈⋈⊥⋈⋈⋈⋈⋈⋈≻⋈⊤⋈⋈⋈⊥⋈⋈⊥⋈⋈⋈⋈⋈⋈≻⋈⊤⋈⋈⋈⊥⋈⋈⊥⋈⋈⋈⋈⋈⋈≻⋈⊤⋈⋈⋈⊥⋈⋈⊥⋈⋈⋈⋈⋈⋈≻⋈⊤⋈⋈⋈⊥⋈⊥⋈⋈⋈⋈⋈⋈≻⋈⋈⋈⋈⋈⋈⋈≻⊞⋈⋈⋈⋈⋈⋈⋈⋈⋈⋈⋈⋈⋈⋈⋈⋈⋈⋈⋈⋈⋈⋈⋈⋈⋈⋈⋈⋈⋈⋈⋈⋈⋈⋈⋈⋈⋈⋈⋈⋈⋈⋈⋈⋈⋈⋈⋈⋈⋈⋈⋈⋈⋈⋈⋈⋈⊤⊥⊥⋈⋈⊤⊥⊥⋈⋈⊡⋈⋈⊙⊤∈⋈⋈⋈⋈≻≺⋈⋈⋈⋈⊡⋈⋈⋈⋈≻⊞∋⋈⋈⋈⋈⊡⋈⋈⋈⊙⊤∈⋈⋈⋈≻≺⋈⋈⋈⋈⋈⊡⋈⊡⋈⊡⋈⋈⋈⋈⋈⋈⊡⋈⊤∈⋈⋈⋈⊞⋈⊞⋈∈⋈⋈⋈≻⊤∈⋈⋈⋈⊞⋈⋈⊞≺⊞⋈⋈⊞⋈⋈⊤∈⋈≻⋈⋈∋⋈⋈⋈⊞⋈⋈⊞⊤∈∋⊤⋈∈⋈⊤∈⋈≻≺⊞⊞⋈⋈⋈⋈∈⋈⋈⊤∈⋈⋈∈⋈⋈⊤∈⋈⋈⊤⋈∈∋⊞≺∋⋈⋈∋⋈⊞⋈⊤∈≺∋∋∋∋⋈⊡⋈⋈⋈⊡⋈⊡⋈⊡⊞⋈⋈⋈⋈⋈⊡⋈⋈⋈⋈⋈⋈⋈⋈⋈⋈⋈∈∈∈∈∈∈∈∈∈⋈⋈≻⋈⋈⋈⊤∈⋈⊞⋈⋈⊞⋈≺⋈⋈⋈⋈⋈⋈⋈⋈⊤∈⋈⋈⊤∈⊤∈⋈⋈≻≺⋈⊞⊞⋈⋈⋈⋈∈⋈⋈⊤∈⋈⋈⋈⋈∈⋈⋈⋈⋈⋈⊤∈⊞⋈⋈⊤∈∋⊞⊞≺∋⋈⋈⋈⋈∋⋈⊞⋈⊤∈∋≺⊤∈⋈⊤∈⋈⊙⋈⋈≺∋∋⋈⊞⋈⋈⋈∈⋈⊤⊥⋈⊞∈∋⋈⊤∈⊞⊞⋈⋈⋈⋈≻⊤∈⋈⋈⋈≻⊞⋈≺∋∋∋⋈⋈⋈⊤∈⋈≺⊤∈⊙⋈⋈⊞⊞⋈⋈⋈≻⊤∈∋∋⋈⊞⋈⋈⊞⊤∈⋈⋈≺⋈⋈⋈⋈⋈≻≺⋈⊤∈∋⊤∈∋⊤∈⊡⋈⋈⋈⋈⋈⋈⋈⋈⋈⋈⋈⋈⋈⋈≻⊤∈∋⋈⋈⋈⊡⋈⊤∈∋⊡⋈⋈⋈⋈⋈⋈⋈⋈⋈⋈⋈⋈⋈⋈≻⊤∈∋⋈⋈⋈⋈⊡⋈⋈⋈⋈⋈⋈⋈⋈⊡⊤∈⋈⋈⊞⊞∈⋈⊤∈⊤∈⋈⋈⋈⋈≺∋⋈⋈⊞⊞⊞⊤∈⋈⋈⊤∈⋈⊤∈⋈⊤∈⋈∈⋈⋈⊞⋈⋈∈⊤∈⋈⊤⊥⊞⊞⊞⊤∈∋⋈⊤∈∋⊞∈∋⋈⋈⋈≺⋈≺∋≺⊞⊞⊞⊞≺∋⊤∈⋈∋≻⋈⊤∈⋈⊞⋈⋈⊞⊞⋈⋈⋈⊞⋈⊞⋈⋈⊞⋈⋈⊞⋈⊞⊤⋈⊥⊤⊥⋈⋈⋈⊞⋈⋈⋈⊞⋈⋈⋈⊞⋈⋈⋈⊞⋈⋈⋈⊞⋈⋈⋈∈⋈⋈⋈⋈⋈⋈⋈⋈⋈⋈≻⋈⋈⋈⊤∈⋈⊞⋈⋈⋈⋈⋈⋈⋈⋈⊤∈⋈⋈≻⋈⋈⊤∈⊞⋈⋈⋈⋈≺⊤⋈⋈⋈∈⋈≺⋈⊤∈⋈≺⊞⋈⊞∈⋈⊞⊤∈⊤∈⋈⊤∈∋∋∋⋈⋈⋈⋈⋈⋈⊞⊞⋈⊞⊞⊞⊞≺∋⊞⋈⋈⋈⋈≺⋈⋈⊤∈⋈⋈≻⋈⊤∈⋈⋈⋈⋈⊤⋈⋈⋈∈⋈⋈⋈⋈≺⊤∈∋⋈⋈⊤∈⋈⊞⋈⊞∈⊞⊤∈⋈⋈⋈⋈⋈⊞⊙⊤∈⋈⋈≻⋈⊤⋈⋈⋈⊥⋈⊤∈⋈⋈≺⊤∈⋈⋈≻⋈⊤∈⋈⋈⋈≺⊤∈∋∋∋∋∋⋈∋⋈⋈≺∋∋∋⊞⊤∈∋⋈⊤∈∋⋈⊤∈⋈⋈⊤∈⋈⊞∈⋈⊞⋈⋈⊞⊤⊥⊞⋈⊤∈∋⊞≺∋⋈⊞⊤∈⊤∈⊞⊞⊞∈⊤∈⊞⊞⊤⋈∈∋≺∋⊤∈⊞⊞⊞⊞⋈⋈⋈⋈∈⊤∈⋈⋈⋈⊞∈⋈⋈≺⋈⊞⋈⋈⋈⋈≻⋈⊤∈⋈∋⋈⋈⊞⋈⋈⋈⊞⊞⊞⊞⋈⊞⊞⋈⋈⊞⊤⋈⋈∈⋈⋈⋈⊞∈⋈⋈⋈⋈⋈⊞∈∈⊤∈∈∈∈⊤∈∈⊤∈⊞∈⋈⋈⊞∋⋈⋈⊞⋈⊞∈∋⋈⊤∈∋⊤∈∋⋈⊤∈∈∈∈⊤∈∈⊤∈⊞∈⋈⋈⊞∋⋈⋈⊞⋈⊞∈∋⋈⊤∈∋⊤∈∋≺⊤⋈⋈∈∈∈∈∈⊤∈⋈∈⊤∈⋈⊞⊤∈⊤∈∋⋈⋈⊞≺∋⋈⋈⊞⊞⋈⋈⊞⊞⊞⊞⋈⊞⋈⋈⋈⋈⋈⊞⊞⋈⋈⊞⊞⊞⊞⋈⋈⊞⋈∈∋⋈⊤⋈∈∋⋈⊞∈∋⊤∈≺∋∈∈∈⊤∈∈⊤∈∋∋∋∋∋∋∋⋈∋∋⊞⊤∈∋∋⊤∈∋⋈⋈⊞⊤∈⊤∈∋⋈⋈⊞≺∋⋈⋈⊞⊞⋈⊞∈∋⋈⊤∈∋⊤∈∋≺∋∋∋⊤∈∋⋈⋈⋈⋈⋈⋈⋈⋈⊤∈⋈≻∋⋈⋈⋈⊞⋈⋈⋈⋈⊡⊞⋈⋈⋈⋈⋈⋈⋈⋈⋈≺∋≺∋∋⊤∈∋⋈⊞⊤∈⊞⊤∈⋈⋈⋈⊤∈⋈⊤∈⋈≻≺⋈⊤∈∋∋⊡⊤∈≺⋈⊤∈⋈⋈≻⋈≺∋∋∋⋈⋈⊞⋈⋈⋈⋈⊡⊞⋈≺∋∋⊡∋⋈⊞⊤⊥⊞⋈⋈⋈⋈⊞∈∋⋈⋈≺⋈⊞⊞⊤⋈⋈⋈⋈⋈⋈⋈⋈⋈⋈⋈⋈⊥⋈∈∈⋈⋈≻⋈⋈⋈⊤∈⋈⊞⋈⊤∈∋⋈≺∋⊞≺⊤∈∋⋈⋈⊡⊤∈⋈⊤∈∋⋈⋈⋈⋈≻⊤∈⊤∈⋈∋⋈⊤∈⋈⋈⊞⋈⋈⋈⊞⋈⊞∈⋈⋈⋈⋈⋈⊤∈⋈≻∋⋈⊞⋈⋈⋈⋈⋈⊡⊞⋈⊞⊤∈∋≺∋∋∋∋∋∋⋈⋈⋈⊡⋈⋈⋈⋈⋈⋈⋈⋈⋈⋈⋈⊡⋈⊤∈⋈≻∋⊞⊞⋈⋈⊡⊞⋈≺∋⊤∈∋⋈⋈⊤∈⋈≻∋⋈⋈⊞⋈⋈⋈⋈⊡⊞⋈⋈⋈≺∋⋈⊤⋈⋈∈⋈⊞⋈⊞∈∋⋈⋈∋∋⋈⋈⋈⋈≺⊞⊤∈∋⋈⋈⋈≺∋∋⊞≺⋈⋈⋈⋈⋈⊞⊙⊡∈⋈≻∋⊤∈∋⊤∈⋈⊙∋⊤∈⋈⊙∋⊤∈⋈⊙∋⊤∈∋⋈⊙≺∋⊞⊞⊞∈∋≺⋈⋈⊞⋈∋∋∋⊞⋈∋∋⋈⊡∈⋈≻∋⊤∈⊤∈⋈⊙∋⊤∈⋈⊙∋⊤∈⋈⊙∋⊤∈⋈⊙∋∋∋⋈⋈⊞⋈∈⊤∈⊤∈⋈⊙∋⊤∈⋈⊙∋∋⋈⊤∈⊞≺∋⋈⊙⊤∈∋⊞⋈⊞⊞⋈⊞⋈⋈⊡≺∋⊞⋈⊞⊞⋈⊞⋈⋈⋈⋈⋈⋈⊤∈⋈⋈⊞≺⋈⊡⋈⊡⋈⊞⋈⋈⊡⋈⋈⋈⋈⋈⋈∈∈∈⋈⋈≻⋈⋈⋈⊤∈⋈≻⋈⋈⊡⋈≻∋⋈⊡⋈⋈∈⋈⋈≻∋⋈⋈⋈⋈⋈⊤∈⋈≻≺⋈⋈⋈⋈⋈⋈⋈⋈⊤∈⋈⋈⊤∈⋈⋈≺⊤⋈∈⋈⊙⋈⋈⊞⊞⋈⋈⋈⋈≻⊤∈∋∋∋⋈⋈⋈⋈⋈⋈⋈⋈⋈⋈⋈⋈⋈⋈⋈⊤∈⋈⋈⋈⋈⋈⋈≻⋈⋈⋈⋈⊤⋈⊥⋈⊥⋈⋈⋈⋈⋈⋈≻⋈⋈⋈⋈⋈⋈⋈≻⋈⊤⋈⊥⋈⊥⋈⋈⋈⋈⋈⋈≻⋈⊤⋈⊥⋈⊥⋈⋈⋈⋈⋈⋈≻⋈⊤⋈⊥⋈⊥⋈⋈⋈⋈⋈⋈≻⋈⊤⋈⊥⋈⊥⋈⋈⋈⋈⋈⋈≻⋈⊤⋈⊥⋈⊥⋈⋈⋈⋈⋈⋈≻⋈⊤⋈⊥⋈⊥⋈⋈⋈⋈⋈⋈≻⋈⊤⋈⊥⋈⊥⋈⋈⋈⋈⋈⋈≻⋈⋈⊤⊥⊥⋈⋈⋈⋈⋈≻⋈⋈⊤⊥⋈⊥⋈⋈⋈⋈≻⋈⊤∈⋈⊤⊥⋈⊥⋈⋈⋈⋈⋈⋈⋈⋈⋈⋈⋈⋈⋈⋈≻⋈⊤∈⋈⋈⋈⋈⋈⋈⋈⋈⋈⋈⋈⋈⋈⋈⋈⋈⋈⋈⋈⋈⋈⋈⋈⋈⋈⋈⋈⋈⋈⋈⋈⋈⋈⋈⋈⋈≻⋈⋈⋈⋈⋈⋈≺∋⋈⋈⋈⋈⋈⋈≻⊞⋈⋈⋈≻∋∋⋈⋈⊤⊥⊤∈⋈≻∋⋈⋈⋈≻⋈∋⋈⋈⋈⋈⋈⋈⋈⋈⋈⋈⋈⋈⋈⊡⋈⋈⋈⋈⋈⊡⋈⋈⋈⋈⋈⋈⋈⋈⋈⋈⋈⋈⋈⋈⋈⋈⋈⋈⋈⋈⋈⋈⋈⋈⋈⋈⋈⋈⋈⋈⋈⋈⋈⋈⋈⋈⋈⋈⋈⋈⋈⋈⋈⊡≺∋⊞⋈⋈⋈⋈⋈⋈⊣⋈⋈⋈≻≺∋∋∋∋⊣⊤∈∋⊡⋈⋈⋈⋈⋈⋈⋈⋈⋈⋈⋈⋈⋈≻⊤∈∋⋈⋈⋈⊡⋈⋈⊤⋈∈⋈≻⋈∋⊞⋈⊞⋈⋈⊡⊞⋈⋈≺∋⋈⊞≻⋈≺∋
0x27a4df50	⊢⋈⋈⋈⋈⋈⋈⋈⋈⋈⋈⋈⋈⋈⊞⊤∈⋈≻⊤∈⋈∋⊤∈⋈⊤∈⋈⋈≺∈∈⋈⋈⋈⊙⊤∈⊙⋈⊤∈⊞⊞⋈≺⊤∈∋⊤∈⋈≺⋈⊞∈⋈⋈⋈⋈≻⊞⋈⊤∈∋∋∋⊞∋∋⋈⊞⊞⋈⊤⊥⋈⋈⋈⊞⋈⋈⊙⊞⋈⊞≺∋∋⊞⋈⋈⋈⋈⋈⋈⊣
0x27a4d040	⊢⋈⋈⋈⋈⋈⋈⋈⊞⋈⊤∈⊞≺⋈⋈⋈⊞⋈⋈⋈≺∈⋈⋈⊞⋈⋈⋈⋈⋈⊙⊤∈⊙⋈⋈⊞⊞⋈⊤⊥∈⋈⊞⋈⋈⊞⊙⋈≺∋⊤∈⊞≺⋈⋈⊤∈∋⊞⋈⊤∈⋈⊞⋈≻∋⋈⊤∈⋈⋈⋈⋈⊙⋈⋈∋⋈∋∋⊞⋈⋈⋈⋈⋈⋈⊣
0x27a34c90	⊢⋈⊞⊤∈⊣⋈⋈⋈⋈⋈⊤∈⊞⋈⊡∈⋈⊞⋈⋈⊤⊥⊞⋈⊤∈∋∋⋈⋈⊤∈⊞∈⊞∋⊤∈⋈⋈⊤∈⋈⊞⊤∈⋈⊤∈⋈⊞∈⋈⋈⊞∈⊤∈⊞⊞⋈⊞⋈⊙⊤∈⊞≺⊞⊞⊤⊥≺∋∋∋∋∋∋∋⊞∋∋⋈⋈⋈⊣
0x27a291c0	⊢⋈⋈⋈⋈⋈⋈⋈⊞⋈⊤∈⋈⊤∈⊤∈⋈⊞⊤∈⊤⋈⊥∈⊤∈⋈⋈⋈⊤∈⋈⋈⊤∈⊤∈⋈⊞⊥⊤⊥⊞∈⋈⊤∈∋⋈⋈⋈⋈⋈⋈⋈⋈⊞∈≺⊤∈⋈⊞∋⊤∈⋈⊞⊤∈⋈⋈⊤∈⋈∋⊤∈⋈⊤∈⊞⋈⊤⋈⋈⋈⋈∈⊞⋈⋈⋈⋈⊞⋈∈∋⊞⋈⋈∈⊤∈⋈⊤∈⋈⋈⋈⋈⋈⊞⊥⊤⊥⊞∈⊡≺∋⋈⋈⊞⊞⋈⋈⋈⊤∈⋈⊤∈⋈⋈⋈⊤∈⊞⊤∈⊞⋈⋈⋈⋈⊞⋈∈∋⋈⊞⊞⋈≺∈⊤∈⋈⊤∈⋈⊤∈⊤∈⋈⊤∈⋈⋈⊞⊤⋈⋈∈∋∋∋⊞⊤∈∋⊤∈⋈⋈≺≺≺⊞⊞⊞∈∋∋⋈⋈⋈⊞⋈∈⊤∈⋈⊤∈⋈⋈⋈⊞⊥⊤⊥⊞∈⊞≺∋⋈⋈⊞⊞⋈⋈⊤∈⋈⊤∈⋈⋈⋈⊤∈⊞⋈⊤∈⊞⋈⋈⋈⋈⊞⋈∈∋⋈⊞⊞≺∈⊤∈⋈⊤∈⋈⊤∈⊤∈⋈⊤∈⋈⊞⊤∈∋∋∋⊞⊤∈∋⋈≺≺≺⊞⊞⊞∈∋⋈≺∋⋈⋈⊞∋∋⊞⋈⋈⊡∈∈⊤∈⋈⊞⊞≺⋈⊞⋈⊞⊞⊞⊤∈∋⊤∈∋⋈⋈⋈⋈⋈⋈⋈⊙⊤∈⋈⋈≻⋈⋈⋈⋈⋈⋈⋈⋈⋈⋈⋈⊡∈∈∈⊤∈⋈⋈⊤∈⋈⊤∈∋⋈⋈≻⋈⋈⋈⊞⋈⋈⋈≺∈⋈⋈⊤∈⋈⋈⋈∈⋈⋈⋈⋈⊤∈⋈⋈⊤⋈∈∋⊞≺∋⋈⋈⋈∋⋈⊞⋈⊤∈∋∋⋈⋈⋈≺∋⋈⋈∋⋈⋈⋈⋈⋈⋈⋈⋈⋈⋈⋈⋈⋈⋈⋈⋈⋈⋈⋈⋈⋈≺⋈⊞⋈⊞⊞⊤∈∋⊤∈∋⋈⋈⋈⋈⋈⋈⊤∈⋈⋈⋈⋈≻⋈⋈⋈∋⋈⋈⋈⋈⋈⋈⋈⊞⋈≺∋∋∋∋∋∋∋∋∋∋∋∋∋∋∋∋∋∋∋∋∋∋∋∋∋∋∋∋∋∋∋⋈⋈∋⊞⋈⋈⋈⋈⋈⋈⊣
0x27a2f760	⊢⋈⋈⋈⋈⋈⋈⋈⊞⋈⊞⋈⊞⋈⋈⋈⋈⋈⋈⋈⋈⊞⋈⊤∈⋈⋈⋈⊤∈⋈⋈⋈⋈⋈⋈⊞⋈⋈⋈⋈⋈≺∈⋈⊞⊥⋈⊞⊥⊞∈⊤∈⊞⋈⊞⋈⋈⊙⋈⋈⊤∈⊞⊤⊥⊤⊥⊞∈⋈⋈⋈⊙⋈⋈⊤∈∋∋∋∋⊞⊞∈∋∋∋⋈⋈⊞⋈⊞⊞∈⊤∈⋈⋈⋈⋈⋈≻⊤⋈∈⋈⋈⋈⊤∈⊡⋈⋈⋈⋈⋈⋈⊞⋈≺∈⋈⊞⊥⋈⊞⊥⊞∈⊤∈⊞⋈⋈⊞⋈⋈⊙⋈⊤∈⊞⊤⊥⊤⊥⊞∈⊞⋈⊤⊥⋈⊤∈⋈⊤∈⊞⊞⋈⋈⊙⋈⊤∈∋∋∋∋∋∋⊞⊞∈∋⊤∈⋈⊤∈⋈⋈⋈⊞⊥⊤⊥⊞∈⊞⊞⊥∈⋈⊞⊤⊥⊤⊥⊞∈⊞⋈⊞⊞⋈≻⋈⋈⋈⋈⋈⋈≻⊤∈≺⊤∈⋈⊤∈∋⊞⊤⊥⊞≺⋈⋈⋈⊞⊥⊤⊥⊞∈⊞⊤∈⊤∈⊤∈∋∋∋∋∋∋∋∋∋∋∋∋⊞⊞⋈⊞⋈⋈≻⋈⋈⋈⋈⋈⊞⊙⋈⋈⋈⋈⋈⋈≻⊞⋈⊞⊞⋈⊥⊤⊥⋈∋⋈≺∋∋∋⋈⊞⋈⋈⋈⋈⋈⋈⊣
0x27a299d0	⊢⋈⊤∈⊞⊣⋈⋈⋈⋈⋈⋈⊞⊞⋈⋈⋈⋈≺∈⊤∈⋈⊤∈⋈⋈⋈⊞⊥⊤⊥⊞∈⊞≺∋⋈⋈⊤∈⋈⊤∈∋⊤∈⋈⋈⊞⊞∈⋈⋈⊤∈⋈⊞⋈⊞∈⋈⊤∈⋈⊞⊞⋈⋈⊞⋈⊥⋈⊥⊡∈⋈⊞∈⊤∈∋⊤∈⋈⊞⋈⊞⊞∈⊤∈⊞≺⊡∋∋∋⊤∈⋈⋈⊤∈∋≺∋∋∋∋∋∋∋∋⊞⊤∈∋⊞∋⋈⋈⋈⋈⋈⊣
0x27a4d840	⊢⋈⋈⋈⋈⋈⋈⋈⊞⋈⊤∈⋈⊤∈⋈⋈⋈⋈⋈⋈⊡∈⋈⋈⊞⊙⊤∈⋈⋈⋈⋈⋈⋈≺⊙⋈⊤∈∋⊞⊞⋈⋈⋈≺⋈⊞⋈⋈⋈⋈⋈⋈⋈⋈⋈⋈⋈⊙⊤∈⊙⋈⊞⊞⋈⋈≺⋈⋈⊞⊤∈⋈⋈⋈≻⋈⋈⋈⊞⊙⋈⋈⋈≺∋∋∋⊞⋈⋈⋈⋈⋈⋈⊣
0x279d0fa0	⊢⋈⋈⋈⋈⋈⋈⋈⊞⋈⋈⊤∈⋈⋈⋈⊤∈⋈⋈⊞⋈⋈⊥⊞⊞⊤∈∋⊞≺∋⊤∈⊞⊞⊞⊞∈⊞⊤⊥⊞⊞⊤∈∋≺∋⊞∋⋈⊤⋈∈⋈⋈⋈⋈⋈⋈⋈⋈≻⋈⊤∈⋈⋈⋈⋈⊞⋈⋈⋈⋈⋈⋈⊙⊤⋈⋈∈⋈⋈⊞⊞⋈⋈⋈⋈⋈⋈⋈⋈⋈≻⋈⊤∈⊞⊞⊡∈⊞∈⋈⋈⋈⊙⊤∈⋈⋈⋈⊞≺⋈⋈⊙⊤∈∋≺∋∋∋∋⋈⊞⋈⋈⋈⋈⋈⋈⊣⋈⊞⋈⊞⊞⋈⋈⊞⋈⋈⊙
0x279d3820	⊢⋈⋈⋈⋈⋈⋈⋈⊞⋈⋈⋈⊤∈⋈⋈⊞⋈⋈⋈⋈⋈⋈≺⋈⋈⋈⋈⋈⋈⋈⊞⋈⋈⋈⋈⊤∈⋈⋈⊙⋈⋈⊤∈∋⋈⊤∈⋈⋈⋈⋈⋈⋈⋈≺∈⋈⋈⋈⊤∈⋈⊤∈⊤∈⋈⋈⊞∈⋈⋈⋈⊙⊤∈⊞⊤∈∋≺∋⋈⋈⋈⊙⊤⋈∈≺⊤∈⋈⋈⋈⋈⋈⋈⋈⊤∈⋈≺⊤∈⋈⋈⊤∈⋈≺⋈⋈⊞⋈⊞⊞⊞⊞⊞≺∋∋⊤∈⋈⋈⋈⊞≻⊤∈⊞∋⋈⊞∈⋈⊞⊞⋈⋈⊞⊞⋈⋈⊞∈∋≺∋⋈⋈≺∋⊙⊤∈∋∋⋈∋∋⋈⊤⊥∈∋∋⊞≺∋∋⊞⋈⋈⋈⋈⋈⋈⊣⋈⋈⋈⋈⋈⊤∈⋈⋈⋈⋈⋈⋈⋈⊙⊤∈⋈⋈⋈⊞⋈⊞⊥⋈⊞⊞⋈⋈⋈⋈≺∋⋈⊤∈⊞⋈⊞≺∈⋈⊤∈⋈⊤∈⋈≺⋈⊤∈⋈≺⋈⋈⊞⋈⊞⊞⊞⊞⊞≺∋∋∋⊞⊞⊞∈∋∋⊞⋈⊤∈⋈⋈⋈≻⋈≺∋⊞⋈⋈⋈⋈⋈⋈⊣⋈⊞⋈⊞⊞⋈⋈⊞⋈⋈⋈⊙
0x279d25f0	⊢⋈⋈⋈⋈⋈⋈⊤∈⋈⋈⋈⋈⊡∈⊤∈⋈⋈⋈≻⋈⊞⊞⊞⋈⊞⊞⊞⊞⊞⋈⋈⋈⋈⋈⊞⊤⋈∈∋⊞∋⊤∈⋈⊞⊞⊞⊞⊞⋈⋈⋈⋈⊞⋈∋⊤∈⊤∈∋⊞⋈⋈⋈⊞∋⊞⋈⋈⊣
0x27a3ab70	⊢⋈⋈⋈⋈⋈⊤∈⊤∈⋈⋈⊤∈⋈⋈⊞⊙⊤∈⋈⊤∈≺⋈⋈⋈≺⊤∈⋈⊤∈≺⋈⋈⋈≺∋⋈⋈⋈⋈⊣⊞⊤∈∋⋈∋∋∋⋈⋈⊞⊙⋈⋈⊞⊙
0x27a3bb00	⊢⋈⊞⊤∈⊞⊣⋈⋈⊞⊙
0x27a3bb50	⊢⋈⊞⊤∈⊞⊣⋈⋈⊞⊙
0x27a3d360	⊢⋈⋈⋈⋈⋈⊞⋈⋈⋈⋈⋈⋈⊞⊞⋈⊞⋈⋈⋈⋈⊞⋈⋈⋈⊞⋈⋈⊞⋈⋈⋈⋈⋈⋈⊞⋈⊤∈⊤∈⋈⊤∈⋈⊞⋈⊞⋈⊞⋈⊞⋈⋈⊞⊙⋈⊤∈⊞⋈⋈⋈≺∋⊞⋈⋈⋈⊞⊞⋈⋈⋈∋⋈⊞⋈⋈⋈⋈⋈⊣⋈⋈⋈⋈⊞⊙
0x27a40810	⊢⋈⋈⋈⋈⋈⋈⋈⊤∈⋈⋈≺⋈⋈⋈⊞⊞⊞⋈⊞∈⋈⋈⊞⋈⊤⊥⊤⊥⊤∈⋈⋈⋈⋈⊞⊞⊞⊤∈⋈⋈⊤∈⋈⋈⊞⋈⊞⊞⊞⋈⋈⊞⊞⊞∈⋈⋈⊞⋈⊤∈⊤∈⋈⋈⋈⋈∋⋈⋈⊞⊞⊞⊤∈⋈⋈⋈⊤∈⊞⋈⊞⊞⊞⊞⋈⊞⊞⊞⋈⊡∈⋈⊤∈⊤∈⋈⋈⋈∋⋈⋈⊞⊞⊞⊤∈⋈⋈⊞⋈⋈⋈⋈⋈⋈⋈⋈⋈⋈≺⊞⊞⊞∈∋⋈⋈∋⋈≺∋⋈⋈⋈⋈⋈≺⊞⊞⊞⊞⊤∈∋⋈⋈⋈⋈∋⋈≺∋⋈⋈⋈⋈⋈≺⊞⊞⋈⊤∈∋⋈⋈⋈≺∋∋⋈⋈⋈⋈⋈∋∋⋈∋⋈⋈⋈⋈⋈⊣
0x27a3fcf0	⊢⋈⋈⋈⋈⋈⋈⋈⊞⋈⊤∈⋈⊤∈⊤∈⋈⋈⋈⋈⋈≻⋈⋈⋈⋈⋈⊤∈⋈⋈⊞⊞⋈⋈⋈⊡∈⋈⋈⋈⋈⋈⋈⋈⋈≻⊤∈⋈⋈⋈⋈⋈⊞⊞∈∋⋈⋈∋⊤∈⋈⊞⋈⋈∋⋈⋈⋈≺⋈⋈⊞∈⊞∋⋈⋈⊤∈∋⋈⋈⋈⋈⊞⊤⊥⊞⋈⊞⊞⊞⋈⊞⊞⊞⊞⊡∈⋈⊤∈⊤∈⋈∋⋈⋈⊞⊞⊞⊤∈⋈⋈⊤∈⋈⋈≺⋈⊤∈⋈⋈⊤∈⋈∈⋈⋈⊞⋈⊞∈⊤∈⋈⊤⊥⊞⊞⊞⊤∈∋⋈⊤∈∋⊞∈⋈≺∋≺⊞⊞⊞⊞≺∋⊞⊤⊥⋈⋈⋈⋈⋈⋈⋈∋⋈⊞⊞⊞∈∋⋈⋈≺∋∋∋⋈⋈⋈⋈⋈⋈≺∋⋈⋈⋈≺⋈≺∋⋈⋈≺∋∋∋⊞⋈⋈⋈⋈⋈⋈⊣
0x279d1400	⊢⋈⋈⋈⋈⋈⋈⊤∈⋈⋈⋈⋈⊡∈⋈⊤∈⋈⋈⋈≻⋈⊞⊞⊞⋈⊞⊞⊞⊞⊞⋈⋈⋈⋈⋈⋈⊤⋈∈∋∋⊤∈⋈⊞⋈⊞⊞⊞⊞⋈⋈⋈⋈⊞⋈∋⊤∈⊤∈∋⊞⋈⋈⋈⊞∋⋈⋈⋈⋈⊣
0x27a287e0	⊢⋈⋈⋈⋈⋈⋈⋈⋈⋈⋈⋈⋈⊤∈⊤∈⋈⊤∈⊤∈⊤∈⊤∈⋈⋈≺⋈⋈⊤∈⊤∈⊤∈⊤∈⊤∈⊞⊤⋈⋈∈≺⋈≺⋈⋈⊤∈∋⋈⋈⋈≺≺∋∋∋⋈⋈⋈⊞⊞⊤∈∋∋∋∋∋∋⋈⋈∋⋈≻∋∋⊤⋈∈⊤∈⋈⊞⊤∈∋⋈≺⋈⊞⊞≺∋∋⋈⊞⊞⊞⊞⋈⋈⋈⊡∈⋈⋈⋈⊞⊙⊤∈⋈⋈⊞≺⊙⋈⊤∈∋⊞⊞⋈≺∋⋈⋈∋⋈⊞⋈⋈⋈⋈⋈⋈⊣
0x27a1f25e	⊢⋈⋈⋈⋈⋈⋈⊞⋈⋈⋈⋈⊤∈⋈⋈⋈⋈⋈⊞⋈⊤∈≻⊞⋈⋈⋈⋈⋈⋈⋈⋈⋈⋈⋈⋈⋈⋈⋈⋈⋈⋈⋈⋈∈⋈⋈⋈⋈⋈⋈⋈∈⊤∈⋈⋈⋈⋈⋈⊞⊥⋈⊙⊞⊤⊥⊤⊥⊥⊞⊞⊞⋈⊤∈∋⋈⊤∈⋈⋈⋈≻⋈⋈≺≺∋⋈⋈⊞∈⋈⋈⋈⋈⋈⋈⋈⋈⊞⋈⋈⊤⋈∈∋⋈⋈∋⊞⋈⋈⋈⋈⋈⋈⋈⋈⋈≺⊤∈⋈⋈⋈⊤∈∈⋈⋈⋈≺⊤∈⊞⋈⋈⋈⋈⋈⋈⋈⋈⋈⋈⊞≺⋈⋈≺∋∋∋≻⋈⋈⋈⋈⋈⊞⊞⋈⋈⋈⋈⋈⋈⋈⊞⋈⋈⋈⋈⊤∈⋈⋈⋈⊞⋈⋈⋈⋈⋈⋈⊙⊞⊞⊞⋈⋈⋈⊙⋈⋈⋈⋈⋈⋈⋈⋈⋈⋈⊞⋈⋈⋈⋈⋈⋈⋈⋈⋈⋈⋈⋈⋈⋈⋈≻⋈⊤⋈⋈∈⋈⋈⋈⋈⋈⋈⋈⋈⊤∈⊞⋈⋈⊞⊞∈⊤∈⋈⋈⋈≻∋⋈⋈⊞⋈≻⋈⊤∈⋈⋈⋈⋈≻⋈⊞⋈⊤∈⊤∈⋈∋⋈⋈⋈⋈⋈≻⋈≺⊤∈⊞⋈⋈⊞≺∋⋈⋈⋈⋈⋈≻⋈∋⋈⋈⋈⋈≻⋈⋈⋈⋈⋈⋈⋈⋈⊤⋈∈∋⋈≺⋈⋈⋈⋈⋈⋈⋈⋈⋈⋈⋈⋈⊤∈∋⋈⊤∈∋⋈≻⋈≻⋈⋈⋈⋈⊞⋈∈∋⋈≻⋈⋈⋈⋈⊤∈∋⋈⋈⋈≻⋈⋈⋈⋈⋈⋈⋈⋈⋈⋈⋈⋈⋈⋈≺≺∋⋈⋈⋈⋈≻≺∋∋∋∋⊡⋈∋⊞⋈⋈⋈⋈⋈⋈⊣⋈⋈≺∋
0x27a4ee80	⊢⋈⋈⋈⋈⋈⋈⋈⊞⋈⋈⊤∈⋈⋈⋈⊞∈⋈⋈⋈⋈⋈⋈⋈⋈⊙⊤∈⋈⋈⋈≻≺⋈⋈⋈⋈⋈⋈⋈⋈⋈⋈⋈⋈⋈⋈⋈⋈⋈⋈⋈⋈⋈⋈⋈⋈∈⋈⋈⋈⋈⋈⋈⋈⋈⊡∈⊤∈⋈⋈⋈⋈⋈⋈⊞⊥⋈⋈⊙⋈⊞⊤⊥⊤⊥⊥⊞⊞⊞⋈⊤∈∋⋈⊤∈⋈⊤⋈∈⋈⊙≺≺∋⋈⋈⊞∈⋈⋈⋈⊞∈⋈⋈⋈⋈⋈⊤∈⋈⊞⋈⊤⋈∈⋈⋈⋈⋈⋈⊞⋈⊞⊞⋈⋈⋈⋈⋈⊙⋈⋈⊞⋈⋈⊞⋈⋈⊙⋈⋈⋈⋈∋⋈⋈⋈⋈⋈⊞⋈⋈⋈⋈⋈≺⋈⊤⋈⋈⋈∈⋈∈∋⋈⋈⋈⋈⋈⋈≻⋈⋈⋈⋈≺⋈⋈⊤∈⋈⋈⋈⋈⋈≻⊞⋈⋈⋈⋈⋈≻⊞≺∋⋈⋈⋈∋⋈⋈⋈⊞⋈⊞⊤∈⋈⋈⋈⋈⋈⋈⊞⋈⊞⊞⋈⋈⋈⊙⋈⋈⊞⋈⊞⋈⊙⋈⋈⋈∋⋈⋈⋈⋈⋈⋈⊞⋈⋈⋈⋈⋈⋈⊤⋈∈⋈⋈⋈⋈⋈⋈⋈⋈⋈⋈⊤∈⋈⋈∈⋈⋈⋈⊤∈⋈⋈⋈≻≺⋈⋈⊤⋈⋈⋈∈⋈⋈⋈⋈⋈⊞⊤∈⋈⋈⋈⋈⊞⋈⊞⊞⋈⋈⋈⋈⊙⋈⊞⋈⋈⊞⋈⊙⋈⋈⋈⋈∋⋈⋈⋈⋈⋈⋈⋈⋈⋈⋈⋈⊤∈⋈⋈⋈⋈⊞⋈⋈⊞⊞⋈⊙⋈⋈⋈∋⋈⋈⋈⊤∈⊞∈⋈⋈⊞⋈⊤∈∋∋⋈≺⊞⋈⋈⋈⊤∈⊤∈⋈∋⋈⋈⋈≻⋈⋈⋈⋈⋈⊞⊤∈⋈⋈⋈⋈⋈⋈⋈⋈⋈⋈⋈⋈⋈⋈⋈⋈⋈⊞⋈⊞⊞⋈⋈⋈⋈⋈⊙⋈⋈⋈⋈⋈⋈⋈⋈⋈⊞⋈⋈⊙⋈⋈⋈⋈⋈⋈⋈⋈⊞⋈⊞⋈⊙⋈≺∋⋈⋈⋈⋈⋈⊤∈⊞⊞∈⋈⋈⋈⋈⊞⊤∈∋∋⋈⋈⋈⋈⋈⋈⋈⋈≺⊤∈⋈⋈⋈≻⊞⋈⋈⋈≻⊞≺∋⋈⋈⋈⋈⋈⊞⊤∈⋈⋈⋈⋈⋈⋈⋈⋈⋈⋈⋈⋈⋈⋈⋈⋈⊞⋈⊞⊞⋈⋈⋈⋈⋈⊙⋈⋈⋈⋈⋈⋈⋈⋈⋈⊞⋈⋈⊙⋈⋈⋈⋈⋈⋈⋈⋈⊞⋈⊞⋈⊙⋈≺∋⋈⋈⋈⋈⋈⊤∈⊞∈⋈⋈⋈⋈⊞⊤∈∋∋⋈⋈⋈⋈⋈⋈⋈⋈∋⋈⋈⊤⋈∈⋈⋈⋈⊤∈∋≺∋⋈⋈⋈⋈⋈⋈⋈⊤∈⋈≻≺⋈⋈⊙⊤∈⋈⋈≻≺⋈⋈⋈⋈⋈⊞⋈⋈∈⋈≻≺⋈⋈⋈⋈⋈⊤∈⋈⋈⋈≻⋈⋈⋈⋈⋈⋈⋈⋈⋈⋈⋈⋈⋈⋈⋈≺∋∋∋∋∋⊡⋈⋈⋈⋈⋈≺∋∋∋⋈⋈⊞⋈⋈⋈⋈⋈⋈⋈⋈⋈⋈⋈⋈⋈≺∋⊞⋈⋈⋈⋈⋈⋈⊣⋈⋈≺∋
0x27a1577e	⊢⋈⋈⋈⋈⋈⋈⊞⋈⋈⋈⋈⊞⋈∈⋈⊤∈⋈⋈⋈⋈⊤∈⊤∈∋⋈⋈⋈⋈⋈⊤∈⋈⋈⋈∋⋈⋈⊞⊞⋈∈⊞⋈⊞⊤⋈∈∋⋈⋈⊤⋈⋈∈⊤∈⋈⊤∈⋈⋈⊞⊥⋈⊤⊥⊞∈⊞⋈⋈≺⋈⋈≺∋∋⋈⋈⋈⋈⋈⋈⋈⋈∈⊤⋈∈⋈⋈≺⋈⊞⊤⊥⋈⊤⊥⊥⊤∈⋈⋈⊞∈∋⋈⋈⋈⋈⋈⋈⋈⋈⋈⋈⋈⋈≻⋈⋈⋈⋈⋈⊤∈⋈⋈⋈≻⋈∋⋈⋈≺⊤∈⊤∈⊤∈⊞⋈⋈⋈⊤∈∋⊞∈⋈⋈⊞⋈⊞∈∋≺≺∋⊞∋⊞⊤⊥⋈⋈∋⊤∈⋈⋈⋈⋈≻⋈⋈∋⋈⋈⋈∋⋈⊤⊥⊤∈⋈⋈≻⋈∋⋈⋈⋈⋈⋈⋈⊞⋈⋈⋈⋈⋈⋈⋈⊞≻⋈⋈⊤⊥⊤⊥⊥⊞⊤⋈⋈∈⋈⋈⊞∈∋⋈⋈⋈⋈⋈⋈⋈⋈⋈⋈≻⋈⋈⋈⋈⋈⊤∈⋈⋈⋈≻⋈∋⋈≺⊤∈⋈⋈⊤∈⋈⊤∈⋈⊞⊤∈∋⊞⋈⋈≺∋⊞∈⋈⋈⊞⋈⊞∈∋≺∋⊞⊤⊥⋈⋈∋⊤∈⋈⋈⋈≻⋈∋⋈⋈⋈⊤⊥⋈⊤∈⋈≻⋈∋⋈⋈⋈⋈⋈⋈≻⋈⊙⊤∈⋈⋈⊞⋈⋈⋈⋈⋈⋈⋈⋈⋈⋈⋈⋈≻⋈⋈⋈⋈⋈⋈⋈⋈⋈⋈⋈⋈⋈≻⋈⋈⋈⋈⋈⋈⋈⋈∈⋈⋈⊞⋈⋈⋈⋈⋈≻⊤∈⋈≻⋈∋⋈⋈⋈⋈⋈⊞⊞⊤∈∋⋈⋈⋈⊤⋈∈⊤⋈∈⋈⋈⊤∈⋈⋈⋈⊞⊥⊞⊤⊥⊞∈⊤∈⋈⊞⋈⋈⋈≻⊤∈⋈⋈≺∋⋈⋈⋈⊙⋈≺⊞∋⋈⋈≻∋⊤∈⋈⊞⋈⋈⋈⋈⋈≻⋈⊤∈∋⋈⋈≻⋈⋈⋈≺∋⋈⊙⋈⋈⋈⋈⊞⋈⋈≺∋⋈⋈≺∋⋈⋈⋈⋈⋈∋⋈≺∋⋈⋈⋈⋈⋈≻⋈⋈⋈⋈⋈≻⋈⊤∈⋈⊤∈⋈⊤∈⊞⋈≺∋⋈⋈⋈⋈∈⋈⊞⋈⋈⋈⊞∈⋈⊤⊥⊤⊥⊞∈⋈⋈⋈⋈⋈⋈≻⋈⋈⊤∈⋈⋈⋈≻∋⋈⋈⋈⋈⋈⋈⋈⋈⋈⋈≻⋈⋈⊤∈⋈⋈⋈≻∋⋈⋈⋈⋈⋈⋈⋈⋈⋈⋈≻⋈⋈⊤∈⋈⋈⋈≻∋⋈⋈⋈⋈⋈⋈⋈⋈⋈⋈≻⋈⋈⊤∈⋈⋈⋈≻∋⋈⋈⋈⋈∋⋈⊞⋈⋈⋈⋈⋈⋈⋈⋈≻⋈⋈⊤∈⋈⋈⋈≻∋⋈⋈⋈⋈⊞∈⋈⋈⋈⋈⊞⊤∈∋⊞⊤⋈⋈⋈∈∋⋈⊤⋈∈∋∋∋⋈⋈⋈⋈⋈⋈≻⋈⋈⊤∈⋈⋈⋈≻∋⋈⋈⋈⋈⋈⋈⋈⊤⋈∈⋈⋈⊤∈⊞⊤∈∋⋈⋈⊞⋈⋈∈⊤∈⊞⋈⊞⊤⋈∈∋⊤∈≺∋⋈⋈≺∋∋⋈⊞⊤∈⊤∈⋈⋈⋈⋈≻⋈⋈⋈⋈⋈⋈≺⊤∈⊞⋈⋈⋈≻⋈⋈∋⋈⊤∈⋈⋈⋈≺⋈⋈⋈⋈≻⋈⋈⋈⊞⋈⊤∈∋⋈≺⊤⋈∈⋈⊞≺∋∋∋∋⊤⋈⊥⋈⋈∋⊤∈⋈⋈∈⊤∈⋈⊤⋈∈∋∋∈∋⋈⋈⋈≻⋈⋈⋈⊤⋈⊥⋈⊤⋈⋈⊥⊥⊤∈⊞⋈∈⊤∈⋈⊤⋈∈∋∋∈∋⋈⊤∈⊤∈⋈⋈⋈⋈≺∋⊤∈⋈⊞⋈∈∋⋈⋈⋈⊞⋈⋈⋈⋈⋈⋈⋈≻⋈⋈⋈⋈⋈⊤∈⋈⋈⋈≻⋈∋⋈≺⊤∈⊤∈⊤∈⊞⋈⋈⊤∈∋⊞∈⋈⋈⊞⋈⊞∈∋≺≺∋⊞∋⊞⊤⊥⋈⋈∋⊤∈⋈⋈⋈≻∋⋈⋈⋈⋈≺∋∋⋈⊤∈⋈⊤∈⊞≺⊤∈⋈⊞⋈∈⊤∈⊞⋈⊞⊤⋈∈∋⊤∈∋⋈⋈≺∋∋∋⋈⊞⊤∈⊤∈⋈⋈⋈⋈⋈≻⋈⋈⋈⋈≺⊤∈⊞⋈≻⋈⋈⋈⋈≻⋈⋈⋈≺⊤∈⊤∈⋈≺∋∋∋∋∋∋⋈⋈⋈⋈⋈⋈⋈⋈⋈⊤∈⋈⋈⋈≻∋⋈⋈⋈≻⋈⋈⋈⋈≻⋈⋈⊤∈⋈⋈⋈≻⋈∋⋈⊤∈⋈⋈⋈≻⋈∋⋈⊤∈⋈⋈≺∋⋈⊤∈⋈⋈≺⊤∈⋈⊞⊞⋈⋈≺∋∋⋈⊤∈⊤∈⊤∈∋⊤∈⋈⋈⋈⊞∈⊤∈⋈⋈⋈⋈⋈⋈⋈≻⊤⋈∈⋈⋈⋈⊤⊥⋈⊤⊥⊥⋈⊞⋈⊤⊥⊞⊞⋈∈⊞⋈⊞∈⋈⋈⋈≻⊤∈⋈⋈⋈⊞⊥⊤∈⋈⋈⋈⋈⋈⋈⋈⋈⋈⋈⋈≻⋈⋈⋈⋈⋈⊤∈⋈⋈⋈≻⋈∋⋈≺⊤∈⋈⋈⊤∈⋈⊤∈⋈⊞⋈⊤⋈∈∋⊞∈⋈⋈⊞⋈⊞∈∋≺≺∋⊞∋⊞⊤⊥⋈⋈∋⊤∈⋈⋈⋈≻⋈∋⋈⊤∈⋈⋈⋈≻∋⊞⋈⋈⋈⊤∈∋⋈⋈⊤∈∋∋⋈⋈⋈⊤∈∋⋈⋈⊞⋈⊤⊥⋈⊤⊥⋈⊥⋈⊞⋈⊤⊥⊞⊞∈⋈⋈⋈⋈≻⊤∈⋈⋈⋈⊞⊥⊤∈⋈⋈⋈⋈⋈⋈⋈⋈⋈⋈⋈≻⋈⋈⋈⋈⋈⊤∈⋈⋈⋈≻⋈∋⋈≺⊤∈⋈⋈⊤∈⋈⊤∈⋈⊞⋈⊤⋈∈∋⊞∈⋈⋈⊞⋈⊞∈∋≺≺∋⊞∋⊞⊤⊥⋈⋈∋⊤∈⋈⋈⋈≻⋈∋⋈⊤∈⋈⋈⋈≻∋⋈⋈⋈⋈⊞⋈⊤⋈∈∋⊞⋈≺∋⋈⊞⊤∈⊤∈∋⋈⋈⊤∈⊤∈⋈≺⋈⊤∈⋈⋈⊞⊥⋈⊤⊥⊞∈⊞∈⋈⋈≻∋⊤∈⋈⊞⋈⋈⋈⋈≻⊤∈∋⋈⋈⋈≺∋⋈⋈⊙⋈⋈⋈≺⋈≺∋∋∋⋈⋈⊞⋈⋈⋈⋈⊞⋈⋈⋈⋈⋈⋈⊤∈⋈⊞⊤∈⊞⋈∈⋈⊞⋈≻⊞⊞∈∋∋⊤∈⋈⋈∈⋈⋈∈⋈⊞⋈≻⊞⊞∈∋⊞⊤∈∋∋⋈∋⊤∈⋈⋈∈⋈⊞⋈≻⊞⊤⋈∈∋∋⋈⋈⋈⋈⋈⋈⋈⊤∈⋈≺∋⋈⋈≻⋈⋈⋈⋈⋈≺⊞⊞∈∋∋⋈⋈⋈≺∋∋∋∋⊞⋈⋈⋈⋈⋈⋈⊣∋⋈⋈≺∋⋈≻∋∋∋∋∋∋∋∋⋈⋈⋈≻∋⋈⋈≻
0x27a185ac	⊢⋈⋈⋈⋈⋈⋈⋈⋈⋈⋈⊞⊞⋈⊤∈⊤∈⋈⋈⊤∈⋈⋈≺∋⊤∈⊞⊡∈⋈⋈⊤∈⊤∈⋈⊤∈⊞⊞⋈∈⊤∈⊞⋈⊞⊞⊤∈∋⊤∈∋⋈⋈≺∋∋⋈⊞⊤∈⊤∈⋈⋈⋈≻⋈⋈⋈≺⊤∈⊞⋈⋈⊞⋈⋈⋈⋈≺⋈⋈≻⋈⋈⋈≺⊤∈⊤∈⋈≺⊤∈⋈⋈≺∋⊤∈⋈⋈≻⋈∋⊤∈⋈⋈⊤∈⊞⊞⋈⋈≺∋⊤∈∋⋈⋈≻⋈⋈⋈⋈⋈⋈⊞⋈⋈⋈⊞⊤⋈∈⊤∈⋈⋈⊤∈⋈⋈⊞⊥⋈⊤⊥⊞∈⊞∈⋈⋈≻∋⊤∈⋈⊞⋈⋈⋈⋈⋈≻⋈⊤∈∋⋈⋈⋈≺∋⋈⊙≺⋈⋈≺⋈≺∋∋⋈∋⋈⋈⋈⋈⋈⋈≻⊤∈⋈⋈⋈⋈≻∋⋈⋈⋈⋈⋈⊤⋈⋈⊥⋈≻⊞⋈⋈⋈⋈⋈⋈⊣⊡∋∋∋∋∋∋∋∋∋∋⊞⋈⋈⋈⋈⊣
0x27a2f600	⊢⋈⋈⋈⋈⋈⋈⊤∈⊡∈⋈≻∋∋⋈≻⊤∈⊡∈∋⋈⋈⋈⊣⋈⋈⋈⋈⊙
0x279d7110	⊢⋈⋈⋈⊡∈⋈≻∋⊤∈⊡∈∋⋈⊣⋈⋈⊙
0x27a32660	⊢⋈⋈⋈⋈⋈⊞≻⊤∈⊡∈∋⋈⋈⋈⊣⋈⋈⋈⋈⊙
0x27a100f2	⊢⋈⋈⋈⋈⋈⊞⋈⋈⋈⋈⊤∈⊤∈⊤∈⊤∈∋⋈≺≺⊞⊤⊥⊞⋈⋈⋈⋈⋈⋈≻⋈⊤∈⋈⋈⊤∈⊞≺⊤∈⋈⊞⋈∈⊤∈⊞⋈⊞⊤⋈∈∋⊤∈∋⋈⋈≺∋∋∋⋈⊞⋈⊤∈⊤∈⋈⋈⋈≻⋈⋈⋈≺⊤∈⊞⋈⋈≻⋈⋈≻⋈⋈⋈≺⋈⊤∈⊤∈⋈≺∋∋∋∋∋∋∋∋∋⋈⋈⋈⋈⋈⋈⋈⊞⋈⋈⋈⋈⋈⊣
0x279d2700	⊢⋈⋈⋈⋈⋈⋈⋈⊞⋈⋈⋈⊤⋈⋈∈⋈⊞⋈⊞⋈⊞≺∈⋈⊤∈⋈⊤∈⊞⊞⋈⊞∈⋈⊞⋈≺∋⊞⊞⊤⋈⊥⊥⊞⋈≺∋⋈⊤∈∋⋈⊞⋈⊞⋈⊞≺∈⋈⊤∈⋈⊤∈⊞⊞⋈⊞∈⋈⊞⋈≺∋⊞⊞⊤⋈⊥⊥⊞⋈≺∋⋈⊤∈∋⋈⊞⊞⋈∋⊤⊥⊥⋈⊞∈⋈⊞⋈⋈≻⋈⊞∈⊤∈∋∋⋈⋈⋈≻∋∋⋈⋈≻⋈⋈⋈⋈⊙⊤∈⋈⊞⊞⋈⊞≺∈⋈⊤∈⋈⊞⋈⊞⊞⊤∈⋈⊞⊞⊞⊤∈⋈⋈⊤∈⋈⊞⋈⊞⊞∈⋈⊞⋈≺⊞⊤⋈⊥⊥⋈⊞⋈≺∋∋⋈⊤∈∋∋⋈⊞⊞⋈⊞≺∈⋈⊤∈⋈⊞⋈⊞⊞⊤∈∋∋⋈⋈≻⋈⊞⊞⊞⊤∈∋∋⋈⋈⋈≻⋈⋈⊤∈⋈⊞⋈⊞⊞∈⋈⊞⋈≺⊞⊤⋈⊥⊥⋈⊞⋈≺∋∋⋈⊤∈∋∋⊤⊥⋈⊞⊞⊤∈⋈⊞⊞≺⊞⊞⋈⊡∈⋈⊞⊞⊤∈∋⋈⊞⊞⊡∈⋈⊞⊞⊤∈∋⊤⊥⊞⋈⋈⋈⋈∋⋈≺∋⋈⋈⋈⋈⋈⋈⋈⋈⋈⋈⋈⋈⋈⋈⋈⊞⋈⋈⋈⋈⋈⋈⊣
0x27a46f70	⊢⊤∈⋈⊤∈⋈⊤∈⊤∈⊤∈⊤∈⊞⊤⋈∈∋∋⊞⊞⊡∈⋈⋈⊞⊞⋈⊤⊥⊤∈⊞⋈⊞⊞⋈⊤∈∋∋⊞⊞⊤∈⊡∈⋈⋈⊞⊞⋈⊤⊥⊤∈∋∋∋⋈⋈⊞∈⋈≺⊞⋈⊞⊞⊤∈∋≺∋∋⋈⊞⋈⊣⋈≺∋∋⋈⋈⊣
0x27a502d0	⊢⋈⋈⋈⋈⋈⋈⋈⋈⋈⋈⊤∈⋈⋈⋈⊤⋈∈⊤∈⋈⊤∈⊡∈⋈⊞∈∋∋∋⋈⊤∈⋈⋈⊞∈⋈⊙⋈⋈⊤∈∋≺∋⋈⊙∋⋈⊞⋈⊤∈⋈≻⋈⊤∈⋈⋈⊤∈⊡∈⋈⊞∈∋∋⋈⊞⊞⋈⋈≺∋⋈⊤∈⋈⋈⊡∈⋈⊤∈⊙⋈≻⊣⊞⋈⊙⋈⊤∈∋⋈⋈≺∋⋈⊤∈⋈⋈⊞⊞⋈⊡∈⋈⋈⊞∈∋≺∋⋈⋈⋈⋈⋈⋈≺∋⊞⋈⋈⋈⋈⋈⋈⊣
0x27a41790	⊢⋈⋈⋈⋈⋈⋈⋈⋈⋈⋈⊤∈⋈⋈⋈⊤⋈∈⊤∈⋈⊤∈⊡∈⋈⊞∈∋∋∋⋈⊤∈⋈⋈⊡∈⋈⊙⋈⋈⊤∈∋≺∋⋈⊙∋⋈⊞⋈⊤∈⋈≻⋈⊤∈⋈⋈⊤∈⊡∈⋈⊞∈∋∋⋈⊞⊞⋈⋈≺∋⋈⊤∈⋈⋈⊡∈⋈⊤∈⊙⋈≻⊣⊞⋈⊙⋈⊤∈∋⋈⋈≺∋⋈⊤∈⋈⋈⊞⊞⋈⊡∈⋈⋈⊞∈∋≺∋⋈⋈⋈⋈⋈⋈≺∋⊞⋈⋈⋈⋈⋈⋈⊣
0x27a1c6b0	⊢⊞⊤∈⊞⊣⋈⊞⋈⋈⋈⋈⊣
0x27a4cc30	⊢⋈⊤∈⋈⋈⊞⋈⋈⋈⋈⋈⋈⋈⊞≻⊞⋈⊣⊣
0x27a46950	⊢⋈⋈⋈⋈⋈⋈⋈⊞⋈⋈⋈⋈⋈⋈⊞⋈∈⊤∈⊤∈⋈⋈⋈⊙⊤∈⋈⋈≻⋈≺⋈⊙⋈≻⋈⋈⋈⋈⋈⋈⊡∈⋈⋈⋈⊙⊤∈⋈⊙⋈⊞⊞⊤∈⋈⊙∋⋈⋈⋈≺⋈⊤∈∈⋈⊤∈⋈⋈⊙⋈⋈⋈⋈≺⋈⋈⋈⋈⋈≻⋈⋈⋈⊤∈∋⋈⊤⋈∈∋⋈⋈⋈⊞⋈⋈⋈⋈⋈⋈⊣⋈⋈≻⊣⋈⋈⋈⋈⋈≻⋈⋈≺∋⊞⊤∈∋≺∋∋∋⋈⊞⋈⋈⊞⊙
0x27a48790	⊢⋈⋈⋈⋈⋈⋈⋈⊞⋈⋈⋈⋈⋈⋈⋈⊞⊞∈⊤∈⊤∈⋈⊤∈⋈⊡∈∋⋈≻≺∋⋈⋈⊙⊤∈⋈≺⋈⋈⊙⋈⊤∈⋈⋈⋈≻⋈⊤∈∋⋈⋈⋈⊙∋⋈⊡⊞⋈⊞⊞∈⋈≻≺∋⋈⊤∈⋈⋈⋈⋈⋈≻⊣⊞⊤∈∋≺∋⋈∋⋈⊞⊤∈⋈⋈⋈⋈⊤∈⋈⊙∋⊤∈⋈⊙∋⋈⊙≺∋∋⋈⊞⋈⋈⋈⋈⋈⋈⊣
0x27a494d0	⊢⋈⋈⋈⋈⋈⋈⊞⋈⋈⋈⋈⋈⋈⋈⋈≻⋈⊞⊤∈⋈⊞⋈⋈⋈⊤∈⋈⊙∋⊤∈⋈⊙∋⋈⊙≺∋⊞⋈⋈⋈⋈⋈⊣
0x27a494c0	⊢⋈⋈≻≻
0x27a4cc20	⊢⋈⋈≻≻
0x27a22b50	⊢⋈⋈≻
0x27a21fe3	⊢⋈⋈⋈⋈⋈⋈⋈⊞⋈⋈⋈⊡∈⋈⋈⋈⋈⋈⋈⋈⋈⋈⋈⋈≻⋈≺⊤∈⊙⊤⋈⋈⊥⊥⋈⋈⋈⋈⋈⋈⋈⋈⋈⋈⋈⋈⋈≻⋈⋈⋈⊡⋈⋈⊤∈⋈⊡∈∋⋈≻≺∋⊤∈⋈⋈⊙⋈⋈⋈⋈⋈⋈⋈⋈⋈⊙≻⋈⊤∈∈⋈⋈⋈⋈≻⋈≺∋∋⋈≻≻∋≻⋈⋈⊙⋈⋈⋈⋈⋈⊤∈⋈⋈⊤∈⋈⊞⋈⊤∈⋈⋈≻⋈⋈⊞⊤∈⋈⋈⊤∈⊤∈⋈⋈⋈⊤∈⊤∈∋∋⋈⊞⋈⋈⋈⋈≺∋⋈≺∋⊤∈⋈⊙⋈⋈⋈⋈⋈≺∋∋⊞⊡∈⋈⋈⊤∈⊞⋈⋈⊞⋈≺∋∋∋∋∋⋈⋈⋈⋈⋈⊙⊡⊡⊞⊤∈∋⋈⋈⊙⊡⊡⊞⊤∈⋈⋈⋈≺⋈⋈⋈≺⋈⋈⋈∋⋈⋈∋⋈⋈⋈⋈⊞⊡∈⋈≻≺∋⋈⊞⊤∈≻⊞⋈≺⋈∋⋈⋈⋈⋈⊤∈⋈⊞⊤⋈⊥⊤⋈⊤∈⋈⊞⋈⊞⊤⋈≺∋⊥≺∋⊤⋈⊥⋈⋈⊥⋈⋈⊤∈⊙⋈⊞⊙≺∋⊞⋈⋈⋈⊞⋈⊡⋈⋈⋈⊡⋈⋈⋈⋈⋈⋈⋈⋈⋈⋈⋈⋈⋈⋈⋈⋈⋈⊡⋈⋈⋈⋈≻⋈⊤∈⋈⊞⊤∈⋈⋈⋈⋈⊤∈⋈⊙∋⊤∈⋈⊙∋⋈⊙≺∋⋈⊤∈⋈⋈⊞⋈≻≺⋈⋈⋈≻⋈⊞⊤∈⋈⊞⋈⋈⋈⊤∈⋈⊙⊤∈⋈⋈⋈≻⋈⊞⊤∈⋈⋈⋈⋈⋈⋈⊤∈⋈⊙∋⊤∈⋈⊙∋⋈⊙≺∋⋈⋈⋈⋈⋈⋈⋈⋈⋈⋈⋈⋈⋈⋈⋈⋈≻⋈⊞⊤∈⋈⊞⋈⋈⋈⊤∈⋈⊙≺∋∋∋⊤∈⋈⊙∋⋈⊙≺∋∋⋈⋈⋈⊞⊙
0x279cb5d7	⊢⋈⋈⋈⊞⋈⊤∈⋈⋈⊤∈⋈⊞⋈⊞⊤∈⋈⊞⊞⋈≺⋈⊞⊞⊞⊤∈⋈⊞⊞⋈⋈⋈⊞⊞⊞⊞⊞⊞≺⋈≺∋∋∋⊤∈⊞⊤∈∋⋈⋈⊙⊤∈⋈⋈≻⋈⋈⋈⋈⋈⋈⊞⋈⋈⋈⋈⊞∈⋈⋈⊤⊥⋈⊞⊤⊥⊞∈⋈⊡⊞⊞⊤∈⊞∋⊞⋈⊡⊞⋈⋈≺∋⊞≺∋⋈⋈⋈⊤∈⋈⋈⊤⊥⋈⊤⊥⊞∈⋈⊡⊞⊞⋈≺⊤∈⋈∋⊞≺⋈⊡⊞⋈⋈≺∋⋈⊞∋⊤⊥⊞⊞⊥⋈⋈≻⋈⋈⊤∈⊤∈⊤∈∋⋈⊞⋈⊞⋈⊞⋈⋈⋈⋈⋈≻∋⋈⋈≻≺∋⊤∈⋈≻∋⋈⋈⋈⋈⋈⋈⋈⋈≻⋈≻⋈⋈⊤⋈∈⋈⊤⊥⋈⊞⊞⊥⊞∈⋈⊡⊞⊞⊤∈∋⊞≺⋈⊡⊞⋈≺∋⊞∋⋈⋈⋈⋈≻⋈⊤∈⊤∈⊤∈∋⋈⊞⊞⋈⋈⋈⋈⋈⋈⋈≻∋⋈⋈≻≺∋⊤∈⋈≻∋⋈⋈⋈⋈⋈⋈⋈⋈≻⋈≻⋈⋈⊤∈⋈⋈⊤⊥⋈⊞⊥⊤∈⋈⊡⊞⊞⊞⋈⋈⋈⋈⊞≺∋⋈⋈⋈≻⋈⊤∈⋈⋈⋈⊞≺⋈⋈⊡⊞⊞⋈⋈≺∋∋⋈⊤∈⋈⋈⋈⋈≻∋⋈⋈⋈⊞⊞⋈⊞⋈⋈⊙⋈⋈⊤∈⊞⊡⊡⋈⋈⊞⊞⋈∋⊤∈⊡∋⋈⊞⊞⊞⊞⋈⋈⊙⊤⋈∈⊞⊡⊡⋈⋈⊞⊞⋈∋⊤∈⊡∋⋈⊞⊞⋈⋈⋈⋈⋈⋈⊣⋈⋈⋈⋈⋈⋈⋈⋈⋈⋈≺⋈≺∋⊞⊞⋈⋈⋈≻⋈⋈⋈⋈⋈⊤∈⋈⋈⋈⋈⋈⋈⋈≻⋈⋈⋈⋈∋⋈⋈≺∋⊞⋈⋈⋈⊣
0x279cbbfb	⊢⋈⋈⋈⋈⋈⋈⊞⋈⋈⋈⋈⋈≻⋈⋈⊞∈⋈⋈⋈⋈⋈⋈⋈⋈⋈⋈⊤∈⋈⋈⋈⋈⋈⋈≻⋈⊤∈⋈⋈⋈⊙⊤∈⋈⋈≻⋈⋈⋈⊤∈⊞⋈⋈∈⋈⋈⋈⋈⋈⋈⋈⋈⊤∈⋈⋈⋈⋈≺⋈⊞⋈⊞⋈⋈⋈⋈⋈⋈⋈≻⋈⋈⊤⋈⋈⊥⋈⋈⊤⋈⊥⊤∈⋈⋈⋈⋈⋈⋈⋈≻⋈⋈⋈⋈⋈⋈⋈⋈⋈≻⋈≺∋⋈⋈⊤∈⋈⋈⋈⋈≻∋⋈∋⊞⋈⋈⋈⋈⊤∈∋∋⋈⋈⋈⋈⋈≺∋⋈⋈≻⋈⋈⊙⊤∈⋈⋈⋈⋈⋈⋈⋈≺⋈⋈⊙⊤∈⋈⋈⋈⋈⋈⋈∋⋈⋈⋈⋈∋⋈≻⋈⋈⋈⊞⋈⋈⋈⋈⋈≻⊤∈⋈⋈⋈⋈⋈≻∋⋈⋈≻∋⋈⋈≻⋈⋈⋈⋈⋈⋈⋈⊤∈⋈⊞⊤∈⋈⋈≻⋈⋈⊤∈⋈⋈≻⋈⋈⋈⋈⋈⋈⊞⋈⋈⋈⋈⋈≻⊤⋈⊥⋈⋈⋈≻⋈⋈⋈⋈⋈⊤∈⋈⋈⋈⋈⊞⋈⋈⋈⊤∈⋈⋈⊞≻≺∋⋈⋈⋈⋈⋈⋈⋈⋈⋈⋈⋈⋈⋈≻⊤⊥⊤⋈⋈⊥∈⊤∈⊞∈⋈⋈≻∋⋈⋈⋈≻⊤∈∋⋈⋈⋈⋈⊙⋈⋈⋈⋈⋈⊤∈⋈⋈⋈⋈⋈⋈⊞⊞⋈⋈⋈⋈⋈∈⋈⋈⋈≻⊤⊥⋈⋈⋈≻⋈⋈⋈⋈⋈⊤∈⋈⋈⋈⋈⋈≺∋⋈≺⊞⋈⋈⋈⋈⋈⋈≻⊤⊥⊤∈⋈⋈⋈≻⋈≺⋈⋈⋈⊤∈⊞⋈⊞⊞⋈⊤⋈⋈⊥⋈⋈⋈⊤⋈⋈⊥⋈⊥⋈⋈⋈⊞⊥⊞⋈⊤⊥⋈⊞⋈⋈⋈⋈⊞⋈∈⋈⋈⋈≻⊤∈⋈⋈⋈⋈≻⊤∈⋈⋈⋈⋈≺⋈⋈⋈⋈≻⊤⊥⋈⋈⋈⋈⋈≻⋈⋈⋈⊤∈⋈⋈⋈⋈⋈⋈≺⋈⋈⋈⋈≻⋈⋈⋈⋈⋈⊤∈⋈⋈⋈⋈⋈≺⋈⋈⋈⋈≺⋈⋈⋈⋈≻⊤⊥⋈⋈≻⋈⋈⋈⋈⋈⊤∈⋈⋈⋈⋈⋈⋈⋈⊤⋈⊥⊤⋈∈⊤⋈⋈⊥⊤⊥⋈⋈∈⊤∈⊞⊤∈⋈⊤⋈∈∋∋∈∋⊤∈⊤∈⋈⋈⋈⋈≻⋈⋈⋈⋈⋈≻≺⊤∈≺⋈⋈⋈⋈∋≻⋈≺∋∋∋⋈⋈⋈⋈≻⋈⋈⋈≻⊤⊥⋈⋈⋈≻⋈⋈⋈⊤∈⋈⋈⋈⋈⋈⋈⋈⋈⋈≻⋈⋈⊤⋈∈⋈⋈⋈≻≺⋈⊤⋈∈⋈⊤∈⋈≺⊤∈⊤∈⊞⋈⊤⋈∈⋈⋈⋈≻⊤∈⋈⋈⋈≺∋⋈≻∋⋈⋈⋈⋈⋈⋈≺∋⋈⋈⋈⋈⊙⋈⋈⋈⋈⋈≺⋈⋈⋈⋈⋈⋈⋈≺∋⋈∋⋈∋⋈⋈⋈≻⋈⋈⋈⋈⋈⋈⊤∈⋈⋈⋈⋈⋈⋈⋈⋈⊤∈⋈⋈⋈≻⋈∋⋈⊤⋈∈⋈⋈⋈≻∋⋈⋈⋈⋈≻⋈⋈⋈⋈≻≺⋈⋈⋈⋈⋈⋈⋈⋈∋⊤∈⋈≻⋈∋⊞⊞⋈⋈⋈⋈⋈⋈⋈⋈⋈⋈⋈⋈⋈⋈⋈⋈⋈⋈⋈⋈⋈⋈⋈⋈⊞⋈⋈⊤⋈∈∋⋈⋈⋈⋈≻⊤⊥⋈⋈≻⋈⋈⋈⋈⋈⋈⊤∈⋈⋈⋈⋈≺∋⋈⋈≺∋∋∋∋⋈∋∋∋⋈⊤∈⋈∈⋈≻⊞⊞∈∋∋∋⋈⋈⋈⋈≻⋈⋈⋈⋈≻∋⋈⋈⊤∈⋈⋈⊞⊞⊤∈⋈⊞⊙∋∋⋈⋈⋈≻⋈⋈⋈⋈≻⋈⊤∈⋈⋈⋈⋈⋈⋈⋈⋈⋈⋈⋈⊤⋈∈⋈≻∋⊞⋈⋈⊞⋈⋈⋈⋈⋈⋈⊞⋈⋈⋈⋈⋈≻⋈⊤⋈⋈⋈⋈⋈⋈∈∋⋈⋈⋈⋈⋈⋈⋈⊤⋈∈⋈⋈⊞⊞⊤∈⊞⊙⋈≺∋∋∋⋈⊤∈∋⋈⋈⋈≻≺≺∋⋈⋈⋈⋈⋈≺∋∋∋⊞⋈⋈⋈⋈⋈⋈⊣⋈⊞≺∋⋈⋈⋈⊙⋈⋈⋈⋈⋈⋈⋈⋈⊣⋈⋈⋈⋈⋈⋈⋈≺⋈⋈⋈⋈⋈⋈⊞⋈⋈⋈⊤∈⋈⊤∈⊞⋈⊞≺∈⊞⊤∈⋈⊞⊞⋈⊞∈⊤⊥⊞⋈⊞⋈⊞⊞⊞⊞⋈⋈⊞⊞⋈⊞⊞⋈⊞⊞⊞≺⋈⊞⊞⊞≺∋∋⋈⊤∈∋⊤⊥⊤∈⊞∈≻⊞⋈⊞≺∋∋⊤∈⋈⋈≻⊤∈⋈⋈≻∋∋⋈⊞∋⋈⋈⋈⋈⋈⋈⋈≻⊤∈∋⋈⋈⋈⋈⋈≻⋈⋈⋈⋈⊞⋈⋈⋈⋈⋈⊣⋈⋈⋈⋈⋈⋈⋈≺∋⊞⋈⋈⋈⋈⋈⋈⊣
0x279ea0de	⊢⋈⋈⋈⋈⋈⋈⊞⋈⋈⋈⋈⊞⋈⋈⋈⋈⋈⋈⋈⋈⋈⋈⋈⋈⋈⋈⋈⋈⋈⋈⋈⋈⋈⋈⋈⋈⋈⋈⋈⋈⋈⋈⋈⋈⋈⋈⋈∈⊤∈⋈⊤∈⊤∈∋⋈⋈⋈⋈⋈⋈⋈⋈≻⋈⋈⋈⋈⋈⊤∈⋈⋈⋈≻∋⋈⋈⋈⋈≻⋈⋈≻⋈⋈⋈⋈⋈⋈≻⋈⋈≻⋈⋈⋈⋈⋈⋈⊤⋈⋈⋈∈⊤⋈∈⋈⋈⋈⊤⋈∈⋈⊤⊥⋈⊤⊥⊞∈⊞⊤∈⋈⋈⋈⋈⋈⋈⋈≻⊤∈⋈≺∋⋈⋈⋈⋈⊙⋈⋈⋈⋈⋈⋈⋈⋈≺⋈⋈⋈≺⋈⋈⋈⋈⋈≺∋∋⋈∋⊤⋈∈⊤∈⋈≺⊤∈⋈⊤⊥⋈⊤⊥⊞∈⋈⋈⋈⋈⊤∈⋈⊞⋈⋈⋈⋈⋈≻⊤∈⋈≺⋈≺∋⋈⋈⋈⋈⊙⋈⋈⋈⋈⋈⋈⋈⋈⋈≺⋈⋈≺∋∋∋⋈⋈⊤∈⋈⋈⋈⋈⋈⋈≻⋈⋈⋈⋈⋈⋈⋈⋈⋈∋⋈⋈⊞⋈⋈⋈⋈⋈⋈⋈⊞⋈⋈⋈⋈⊤∈⋈⋈⋈≻∋⋈⋈⋈⋈⋈⋈⋈⋈⋈⋈⊤⋈∈⋈⋈⋈≻∋⋈⋈⋈⋈⋈⋈⋈⋈⋈⊤∈⋈⊤⋈∈⋈⊞⋈⊤⋈⋈∈∋⋈⊤⊥≺≺∋⋈⊞∋⋈⊞∈⊤∈∋⋈⋈⋈⋈⋈⋈⋈⋈≻⋈⋈⋈⋈⋈⊤∈⋈⋈⋈≻∋⋈⋈≺⊤∈⋈⋈⋈≻∋⋈≺∋⋈≻∋⊞∋⋈⋈≻⋈⊤∈⋈⊤∈⋈⊞⋈⊤⋈∈∋⊞∈⋈⋈⊞⋈⊞∈∋≺≺∋⊞∋⊞⊤⊥⋈⋈∋⋈⋈⋈⋈⊤∈⋈⋈⋈≻∋⋈⋈⋈⋈⋈⋈⋈⋈⋈⊤∈⋈⋈⋈≻∋⋈≺∋≺∋∋⋈⋈⋈⋈⋈⋈⊤∈⋈⋈⋈≻∋⋈⊤⋈∈⋈⋈⋈≻∋⊤∈⋈⋈⋈⋈≻∋⋈⊤∈⋈⋈⋈≻∋⋈⊤∈⋈⋈⋈≻∋⋈⊤∈⋈⋈⋈≻∋⊞⋈⋈⋈⋈⋈⋈⊣
0x279e8e70	⊢⋈⋈⋈⋈⋈⋈⊞⋈⋈⋈⋈⋈⋈≻⋈⊞⊤∈⊤∈⊤∈∋⋈⋈⋈⋈⋈⊞⋈≻∋⋈⋈≻≺∋⊤∈⋈≻∋⋈⋈⋈⋈⋈⋈⋈⋈⋈≻⊤∈⋈⋈⋈⋈⋈⋈⋈⋈⋈⋈⋈⋈⋈≻⋈⋈⋈⋈⋈⋈⋈⋈⋈⋈≻⋈⋈⋈⋈⋈⋈⋈⋈⋈⋈⋈⋈⋈⋈≻⋈⋈⋈⋈≻⋈⋈⋈⋈⋈⋈⋈⋈⋈⋈⊤∈⋈⋈⋈≻∋⋈⊤∈⋈⋈⋈≻∋⋈⊞⊤⋈⋈⊥⋈⋈⋈⋈⋈⋈⋈⋈⋈⋈⋈⋈⋈⋈⋈⋈⋈≻⋈⋈⋈⋈⋈⋈⋈⋈⋈⋈≻⋈⋈⋈⋈⋈⋈⋈⋈⋈⋈⋈⋈≻⋈⋈⋈≻⊤∈⋈⊞⋈∋⋈⋈⋈⋈⋈⋈⋈⋈⋈⋈⋈⋈⋈⋈⊤∈⋈⋈⋈≻∋⋈⊤∈⋈⋈⋈≻≺∋∋⋈⊤∈⋈⋈⋈≻∋⊞⋈⋈⋈⋈⋈⋈⊣
0x279e9440	⊢⋈⋈⋈⋈⋈⋈⊞⋈⋈⋈⋈⋈⋈⋈⋈⋈⋈⋈⋈⋈≻⊞⊤∈⋈⊤∈≺⋈⊤∈∋⋈∋∋⋈⋈⋈⋈⋈⋈⋈⋈⋈⋈⋈⋈⋈⋈⋈⋈⋈≻⋈⋈⋈⋈⋈⋈⋈⋈⋈⋈⋈⋈⋈≻⋈⋈⋈⋈≻⋈⊤∈⋈⋈⋈≻∋⋈⋈⊞⊤∈⋈⋈⋈∈⋈⋈⋈⋈⋈⋈⋈⋈⋈⋈⋈⋈⋈⋈⋈⋈⋈⋈⋈≻⋈⋈⋈⋈⋈⋈⋈⋈⋈⋈⋈⋈⋈≻⋈⋈⋈≻⋈⋈⋈⋈⋈⋈⋈⋈⋈⋈⋈⊤∈⋈⋈⋈⋈≻⋈∋⊤⋈∈⋈⊤∈⋈⋈⋈≻⊤∈⋈⋈⋈⋈⋈⋈⋈⋈⋈⋈⋈⋈⋈⋈⋈⋈⋈⋈⋈⋈≻⋈⋈⋈⋈⋈⋈⋈⋈⋈⋈⋈⋈⋈⋈⋈⋈⋈⋈⋈⋈≻≺∋⋈⋈⋈⋈⋈⋈⋈⋈⊤∈⋈⋈⋈⋈≻∋⋈⋈⋈⋈⋈⋈⋈⋈⋈⋈⋈⋈≻⋈⋈⋈⋈⋈⋈⋈⋈⋈⋈⋈⋈⋈≻⋈⋈⋈≻⊤∈⋈⊞⋈∋⋈⋈⋈⋈⋈⋈⋈⋈⋈⋈⋈⋈⋈⋈⊤∈⋈⋈⋈≻∋⋈⊤⋈∈⋈⋈⋈≻∋⋈⋈⋈⋈⊞⊞⊤∈∋≺⋈⋈≺∋∋∋⋈⋈⋈⋈⋈⋈⋈⋈⊤∈⋈⋈⋈≻∋⋈⊤∈⋈⋈⋈≻∋⊞⋈⋈⋈⋈⋈⋈⊣
0x279e9bd8	⊢⋈⋈⋈⋈⋈⋈⊞⋈⋈⋈⋈⋈⋈⋈⋈∈⋈⊤∈⋈⋈⊤∈⋈⋈⋈⋈⋈⋈⋈⋈≻≺⋈⊤∈⋈⋈⋈≻⊤∈⋈⋈⋈⋈⊙⋈⋈⊤∈⋈⊤∈⋈⋈⊞⋈≺⋈⊤∈⋈⋈≺∋⋈⊞≺⋈⋈⋈≺⋈⋈⋈⊤∈⋈⋈⋈⋈⋈∋⊞⋈⋈⋈⋈⋈⋈⊣⋈⋈⋈⋈⋈≺∋⋈∋∋⋈⊤⊥∋⋈⊞⋈⋈∈⊤∈∋⋈⋈⋈⋈⋈⋈⋈⋈≻⋈⋈⋈⋈⋈⊤∈⋈⋈⋈≻⋈∋⋈≺⊤∈⋈⋈⋈≻∋⋈⋈≻⋈⋈⋈⋈⋈⋈⋈⋈⋈⊞∈⋈⋈≺∋⊤∈⋈⋈≺⊤∈⋈⊞⊞⋈⋈≺∋∋⋈⊞∈⋈⋈≻⋈⋈∋⊤∈⋈⋈≺⊤∈⋈⊞⋈⋈≺∋∋⊤∈⋈⋈⋈≻⊤∈⊞⊞∈⋈⊞⊡⋈⊥⊤∈∋⊤∈⊞⊞∈⊤∈⋈⋈⊤∈⋈⊤∈⋈≻∋⋈⋈⊞⋈≺⊤∈⋈⋈⋈⋈⊙⊤∈∋⋈⋈≻⋈⋈⋈⊞⋈⋈⋈⋈⋈⋈⋈⋈⋈⋈⋈⋈≻⋈⋈⋈⋈⋈⊞⊤∈⋈⋈⋈≻∋⊞⋈⋈⋈⊣⋈⋈⋈⋈⋈⋈≺⊞⊡⋈⊥∈∋≺∋∋∋∋∋⊞⋈⋈⋈⋈⊣⊤∈⋈⊤∈⋈⊞⋈⊤⋈∈∋⊞∈⋈⋈⊞⋈⊞∈∋≺≺∋⊞∋⊞⊤⊥⋈∋⊤∈⋈⋈⋈≻⋈∋⋈⋈⋈⋈⊤∈⋈⋈⋈≻⋈∋⋈⋈⋈⋈⋈≺∋
0x279ea98b	⊢⋈⋈⋈⋈⋈⋈⊞⋈⋈⋈⋈⋈⋈⋈⋈⊞⋈∈⋈⋈⊤∈⊞⋈⋈⊞⋈⋈⋈⊤∈⋈⊞⊞≺⋈⋈⋈≺∋⋈⊤⊥≺∋∋⋈⋈⊞⋈∈⊤∈∋⋈⋈⋈⋈⋈⋈⋈⋈⋈⋈≻⋈⋈⋈⋈⋈⋈⊤∈⋈⋈⋈≻⋈∋⋈⊤⋈∈⋈⋈⋈≻⋈⊤∈⋈⊞⊞⊞⊤⊥⋈⋈⋈≺∋∋⋈⋈⋈⋈⊤∈⋈⊤∈⊞⋈⊤∈∋⋈⊞⋈⋈≺∋⋈⊤⊥≺∋⋈⊞⋈∈⊤∈∋⋈⋈⋈⋈⋈⋈⋈⋈⋈⋈≻⋈⋈⋈⋈⋈⊤∈⋈⋈⋈≻⋈∋⋈≺⊤∈⋈⊤∈⋈⊤∈⋈⊞⊤∈∋⊞⋈⋈≺∋⊞∈⋈⋈⊞⋈⊞∈∋≺∋⊞⊤⊥⋈∋⊤∈⋈⋈⋈≻⋈∋⋈⋈⋈⋈⋈⋈⋈⋈⋈∈⋈⋈⊤∈⊤∈⋈⋈⋈⋈⋈⋈⋈⋈⋈≻⋈⋈⊤∈⋈⋈⋈⋈⋈≺∋⊤∈⋈⋈⋈⋈≻∋⊞⋈⋈⋈⋈⋈⋈⊣≺∋⋈⋈⋈⋈⋈⋈≻⋈⋈⋈⋈⊤∈⋈∋⊤⋈∈⊞⊤⋈⋈⊥⊤⊥⊤⊥≺∋⊤∈⋈⋈≻⋈∋⊤∈⋈⋈⋈≻⋈⊤∈⋈⋈⊤∈⋈⋈⊤∈∋⋈⊤⊥∋⋈⊞≺∋⋈⊞∈⊤∈∋⋈⋈⋈⋈⋈⋈⋈⋈⋈≻⋈⋈⋈⋈⋈⊤∈⋈⋈⋈≻⋈∋⋈≺⊤∈⋈⊤∈⋈⊤∈⋈⊞⋈⊤⋈∈∋⊞∈⋈⋈⊞⋈⊞∈∋≺≺∋⊞∋⊞⊤⊥⋈∋⊤∈⋈⋈⋈≻⋈∋⋈⊤∈⋈⋈⋈≻⋈∋⋈⋈⋈⋈⋈∋⋈⋈⋈⋈⋈⊤∈⊤∈⊤∈∋⋈⋈⋈⋈⋈⊞⋈≻∋⋈⋈⋈≺∋⋈⋈⋈⋈⋈⋈⋈⋈⋈≻⋈⊤∈⋈⋈⊤∈⋈⋈⊤∈∋⋈⊤⊥∋⋈⊞≺∋⋈⊞∈⊤∈∋⋈⋈⋈⋈⋈⋈⋈⋈⋈≻⋈⋈⋈⋈⋈⊤∈⋈⋈⋈≻⋈∋⋈≺⊤∈∋∋∋⋈⋈⋈≻⋈⊞⊤∈⋈⋈≺⊤∈⋈⊞⊞⋈⋈≺∋∋⊤∈⋈⋈≺⊤∈⋈⊞⊞⋈⋈≺∋∋⊤⊥∈⊞∈⊤∈⊞⊤⊥∋⊣⋈⊤⋈∈∋⊥⊣⋈⊤∈⋈⊤∈⋈⊞⋈⊤⋈∈∋⊞∈⋈⋈⊞⋈⊞∈∋≺≺∋⊞∋⊞⊤⊥⋈∋⊤∈⋈⋈⋈≻⋈∋⋈⊤∈⋈⋈⋈≻⋈∋⋈⋈≺∋
0x279ec3b7	⊢⋈⋈⋈⋈⋈⊞⋈⋈⋈⊞⋈⋈⋈⋈⋈⋈⋈⋈⊞≻⋈⋈⋈⋈⋈⊤∈⋈⊞≻⊞⋈∈⊤∈∋⋈⋈⋈⊞⋈⊤∈⋈⋈⋈⋈⋈⋈≻⋈⋈≺∋⋈⋈⋈⋈⋈⋈⊞⊤∈⋈⋈⋈⋈⋈≻⋈⋈⋈≺∋⋈⋈⋈⋈⊞⊤∈⋈⋈⋈⋈⋈≻⋈⋈≺∋⋈⋈⊞⋈⋈⋈⋈⊞⋈⋈⋈⋈⋈⊣⋈⋈≻⊞≺∋
0x279eb6e3	⊢⋈⋈⋈⋈⋈⋈⊞⋈⋈⋈⋈⋈⋈⋈⋈⋈≻⋈⋈⊞⋈∈⋈⋈⊞⋈⋈⋈⊤∈⋈≻∋⊞⋈⋈⋈⋈≻⋈⋈⋈⊤∈⋈⋈⊞⋈⋈⋈⊤∈⋈≻∋⊞⋈⋈⋈⋈≻⋈⋈⋈⊤∈⋈⋈⊞⋈⋈⊤∈⋈≻∋⊞⋈⋈⋈⋈⋈⋈≻⋈⊤∈⋈⊞⋈⋈⋈⊙⋈⊤⊥≺∋⋈⋈⋈⋈⋈⋈⋈⋈⋈⋈⋈⋈⋈⋈⋈⋈⋈⋈⋈≺⋈⋈⋈⋈≻⋈⋈≺∋⋈⋈⊞⋈⋈⋈⋈⋈⋈≺⋈⋈∋⊞⋈⋈⋈⋈⋈⋈⊣
0x279eb941	⊢⋈⋈⋈⋈⋈⋈⊞⋈⋈⊤∈⋈≺⊞⋈⋈≻⋈⋈⋈⊞⊤∈⋈⊤∈⋈⊞≺⋈⊞⋈∈⋈⊤∈⋈⊤∈⊤∈⊤∈⋈⊤∈⊞∈∋∋⋈⋈⋈≻≺∋∋∋⊞⊤∈∋≺⋈⊤∈∋⋈∋∋⋈⋈⊞⋈⋈⋈⋈⋈⋈⊣⋈⊞⊤∈⋈⊤∈⊤∈⊤∈⊤∈⋈⋈⊞⋈⋈⊤∈⊞⋈⋈≻⋈⋈⊞⊞⋈⊞⋈∈⋈⊤∈⋈≺⊤∈⊤∈⋈⋈≺⊤∈⋈⊤∈⋈≺⊤∈⊤∈⋈⊞⋈∋∋∋⋈≻⊤∈⋈⋈⊤∈⊤∈∋∋∋∋⋈⋈≻≺⊞∋⋈⊤∈⋈⋈⋈⋈≻⋈⋈⋈⋈⋈∋⊞⋈⋈⊞⋈⊞⊤∈∋⋈⋈≻⋈⋈⋈⋈⋈⊤⊥⊞⊥⊞∈⊤∈⊞⋈∈⋈⊞∈⋈⊞⊤∈⊤∈∋∋∋∋⋈∋⋈⋈⋈⋈⋈⋈⊤∈⋈⋈⋈⋈⋈⋈⋈⋈≺∋∋⊤∈⋈≺∋∋∋∋∋⊤∈⊤∈⊤∈⊤∈⋈⊞⊤⊥⊤∈⊞⋈⋈⊞⊤⊥⊤∈⋈⊤∈⋈⊤∈⋈⊤∈⊤∈⊞⊤∈⊞⊤⊥⊞⊤⊥⋈⊞⋈⋈≻⊤⋈⊥⊤⋈⊥⋈⊤∈∋∋∋∋∋∋∋∋∋∋∋∋∋⋈⋈⋈⋈⋈⋈⋈⊤∈⋈⋈⋈⊙⊤∈⋈⋈⋈≻⋈⋈⋈⊤∈∋∋⋈⋈≺∋⋈⋈⋈⋈⋈⋈⋈⋈≺∋∋⋈⋈⋈⋈⊞⋈⋈⋈⋈⋈⋈≺
0x279ec55e	⊢⋈⋈⋈⋈⋈⋈⋈⋈⊞⋈⊤∈⋈⋈⋈⋈⋈≻⋈⋈≺∋⋈⋈⋈⋈⋈⋈⊞⊤∈⋈⋈⋈⋈≻⋈⋈⋈≺∋⋈⋈⋈⋈⊞⊤∈⋈⋈⋈⋈≻⋈⋈≺∋⋈⋈⋈⋈⋈⋈⊞⊤∈⋈⋈⋈⋈≻⋈⋈≺∋⋈⊞⋈⋈⋈⋈⊞⊤∈⋈⋈⋈⋈≻⋈⋈≺∋⋈⋈⊞⋈⋈⋈⋈⊣
0x279d8a5b	⊢⋈⋈⋈⋈⋈⋈⊞⊤∈⋈⋈⋈≺⋈⋈⋈⊞⋈⋈≻⊤∈⋈⋈≻⋈⋈⋈⋈⋈⋈⊞⋈⋈⋈⋈⊤∈⋈⊞⊤⊥∈⋈⋈⊞⋈⋈⊞⊤∈⋈⊞⋈⋈⋈≺∋⊞⋈⊞⊤⋈⊥⊤∈⋈⋈⊞⋈⋈⋈⋈≻⊤∈⋈⋈⋈⋈⋈⋈∈⊞⊤⊥∈⋈⊞∈⋈⋈∈⋈⊞⋈⋈⋈≻⊤∈≺∋⋈⋈⋈⋈⋈⋈⊞⋈∈⋈⋈⊞∈⊤∈⋈≻⋈∋⊞⋈⊥⊞⋈⊤∈∋⋈⊞⋈⊤∈∋⋈⋈≺⊞∋⋈⋈≻⋈⋈⋈⊤∈⋈⊞⊞⊞⋈⋈⋈⋈≻⋈≺∋⋈⊞⋈⋈≺∋⊞∋⋈⋈≻∋∋⊞⋈⋈⋈⋈⋈⊞∋⋈⋈⋈⋈≻⊤∈⋈⊞⊤∈⊞∈⊤∈∋⊞⋈⋈⊞∈⋈⊞⋈⊤∈∋∋⊞≺∋⋈∋∋⋈⋈⋈⋈⊞⋈⋈⋈⋈⋈⋈⊣⋈⋈⋈⋈⋈⊞⋈∈⋈⋈⋈⋈⋈≻⊞⊤∈∋⋈⊤∈⋈⋈⋈⋈⋈⋈⋈⋈≻≺∋⋈⋈≻∋⊞⋈⋈⋈⋈⋈⋈⊣
0x279d77ca	⊢⋈⋈⋈⋈⋈⋈⊞⋈⋈⋈⋈⊤∈⊤∈⊤∈∋⋈⋈≻⋈⋈⋈⋈⋈⋈≻⋈⋈⋈⊞⊥⊤⊥⊞∈⋈⋈⊤⋈∈⋈⋈⋈⋈⋈≻⋈⋈⊤∈∋⋈⋈⋈⋈⊙⊤∈⋈⋈⋈⊞⊤⋈∈⋈⋈⊞∈⊤∈∋⋈≺⋈⊤∈⋈⊤⋈∈∋≺∋∋∋⋈⋈⊤⊥⊤⊥⊞∈∋⊞≺∋∈⋈∈∈⋈≻∋⋈⊤∈⋈⋈⋈⋈⋈≻⋈⋈⊤∈∋≺∋⋈⋈⋈⊙⊤⋈∈⋈⋈⋈⊞⊤⋈∈⋈≺∋⋈⋈⋈⊞⋈∈⊤∈⋈≺⋈⊤∈⋈⊤⋈∈∋≺∋∋∋⊤∈⊤∈⋈⋈⊡⊞⋈⋈≻⋈⋈⋈⋈⋈⋈≻⋈⊤∈⊤∈⋈≻∋⋈⋈⊞⋈⋈∋⋈⋈⊞⋈⊞⋈≻⋈⊤∈⋈⋈⊤∈⊤∈⋈⋈⋈⋈⊞⋈⋈⋈⋈⋈⋈⋈⊞⊞⋈⋈⊞⊞⋈⋈⋈∈⋈⊞⊤∈⋈⋈≺⋈⊤∈⋈≺⋈⊤∈⋈⊤∈⋈⋈⋈⋈⋈⋈⋈⋈⊞⊙⋈⋈⋈⋈⋈⊞⊞⊞⋈⊞⋈⊞⊞⊞⊤⊥⊥⊞⋈⊞⊞⋈⊤⋈∈∈⋈⊞⋈⊞⊞⊤⋈⊞∈⊞⊞⊞⊞∈∋∋∋⋈⊞⊞⊞⊞⊞⋈∈⋈⊤∈⋈⋈⊞⋈⊞⊞⊞⋈⊞⋈⊞⊥⊞⋈⋈⊥⊞⋈⊞⋈⊤∈∋⋈⋈⋈⋈⊞⊞⊥⋈⊤∈⊤∈∋⊞⊞⋈∈⋈⊤∈⋈⋈⊞⊥⊞⋈⋈⊥⊞⋈⊞⊤∈∋⊡⊤∈⋈⊞⊤⋈∈∋⋈⋈⊞⊞⊤∈∋∋⊤∈⋈⊞⋈⋈≻∋⋈≺⋈⊤∈⋈⋈⋈⋈≻⊤∈⋈⋈⋈⋈⊙⋈⊤⋈∈⋈≺⋈⋈∈⊤∈⋈⊤∈⋈⊞⋈⊤∈∋∋⋈≺⋈⋈⋈⋈≻⊤∈⋈⋈⋈⋈⋈⋈⊞⊞⊞⋈⊞⋈∈⋈⋈⋈⊞⊤∈⊞⋈⋈⊞≺∋⊤∈⋈≻⋈∋⊞⋈⋈⋈⋈⊤∈∋⊞⋈⊞⊞⋈∈⋈⋈⋈⊞⋈∈⊤∈⊞∈⋈⊞⊤∈∋∋∋⊞≺∋⋈⋈∋∋∋⋈⋈⋈⊤⊥⋈⊞⊥⊞∈⋈⊞∈⊤∈⋈⊤∈⋈⊤⋈∈∋≺∋⋈∋∋⋈⋈⋈⋈⋈⋈⋈≻⋈⋈⋈⋈≻⋈⋈⋈⋈⋈≺⋈≺∋⋈⋈≻∋⋈⋈≻∋⋈≻∋∋⋈≺∋⋈⋈⊞⋈⋈≺⊤∈⊞⋈≺∋⋈⊤⊥⊤⊥⊞∈⊤∈⋈⊞⋈⋈⋈≻⋈⊤∈≺∋⋈⋈⋈⊤∈⋈⋈⋈⊞⊞⊞≺⋈⋈⊞≻⊤∈⋈≻⋈⋈⋈⋈⋈⋈⊞⋈⋈⊞⋈⋈⋈⋈⋈⋈⋈⋈⊞≻⋈⋈⋈⋈⋈⊤∈⊤∈⊤∈∋⋈⋈⋈≻⋈⊤∈⋈⋈⋈⋈⋈⊞⋈∈⋈⋈⊞⊞⊤∈⋈⋈⋈⋈≻⋈⋈⋈≺∋⋈⋈⋈⋈⋈⋈⊞⊤∈⋈⋈⋈⋈≻⋈⋈⋈≺∋⋈⋈⋈⋈⋈⋈⊞⊤∈⋈⋈⋈⋈≻⋈⋈⋈⋈≺∋⋈⋈⋈⋈⋈⊞⊞∈⋈⋈⋈⋈≻⋈⋈⋈≺∋⊞⋈⋈⋈⋈⋈⊞⊤∈⋈⋈⋈⋈≻⋈⋈≺∋⋈⋈⋈⋈⊞⊞⊞⊤∈∋≺⊞⋈≺∋⋈⊞⋈⊤∈∋⋈⋈⋈⊤∈⋈⋈⋈⋈⋈⋈≻⋈⋈⋈≺∋⋈⋈⋈⊞⋈⊤∈⋈⋈⋈⋈⋈⋈≻⋈⋈≺∋⋈⋈⋈⋈⋈⋈⊤∈⋈⋈⋈⋈⋈⋈≻⋈⋈≺∋⋈⋈⋈⋈≺∈⊞⋈⋈⋈⋈≻⋈⊤∈∈⋈⋈⋈⋈≻∋⋈⋈⋈⋈⋈⋈≻⋈⋈≺∋⋈⋈⋈⋈⋈⋈⊞⊤∈⋈⋈⋈⋈⋈≻⋈⋈≺∋⋈⋈⋈⋈⋈⋈⊞⊤∈⋈⋈⋈⋈⋈≻⋈⋈⋈≺∋⋈⋈⊞⋈⋈≻∋⋈⊞⋈⋈⊞⋈⋈⊞⋈⋈⋈≻⊤∈⊞⋈⋈⋈⊤∈⊞⋈⋈⊞⊞⊞∈⊤⋈⊥⊤∈⋈⋈⋈≻∋⋈⋈≻⊤∈⋈⊞⊤∈⋈⋈∈⊤∈⋈≻⋈∋⋈⊞⋈⊤∈∋⋈⋈∋⋈⋈⊞⊡∋⋈⋈⊞⊞⊤∈∋⋈⋈⋈⋈⊤⊥⊤⊥⊞⋈⋈∈⋈⊞∈⊤∈⊞∈⋈⊞⊤∈∋∋∋⊞≺∋∋⋈⋈⋈⋈⊞⋈⋈⋈≺∋⋈⋈⋈⋈≻⋈⋈⊞⋈⋈⋈⋈⋈⋈≺⋈⋈⊞⊞⋈⋈∈⊤∈⋈⋈⋈⋈⋈⊞⊙⋈⋈⊞⋈⊞⊞∈∋⋈⊤⊥⋈⊞⊥⊞∈⋈⊞∈⊤∈⋈⊤∈⋈⊤⋈∈∋≺∋⋈∋∋⋈⊤⋈∈⋈⊞⊞⋈⊙⊤∈∈⋈⋈≻∋⋈⋈⋈≻∋⋈≻∋⋈≺∋∋∋∋⋈≻∋⋈⋈⋈⋈≺∋∋⋈≺∋⋈⋈⋈⋈≻⋈⋈⋈∋⋈⋈⋈≻⋈⋈⋈⋈≻⋈⋈⋈⋈≻⋈⋈⋈⋈⋈≻⋈⋈⋈⋈≻⋈⋈⋈⋈⋈⋈⋈⋈⋈⋈⋈⋈⋈⋈⋈⋈⋈⋈⋈⋈⋈⋈≻⋈⋈⋈⋈⊞⋈⋈⋈⋈⋈⋈≺⊞∋⋈≺∋∋⊞⋈⊞⋈⋈⋈⋈⋈⋈⊣
0x279d8dfa	⊢⋈⋈⋈⋈⋈⋈⊞⋈⋈⋈⊤∈⋈⊤∈⋈⋈⋈⋈⋈⋈⋈≻⊤∈⋈⋈⋈⋈⊞⋈⋈⊞⊞⊞⊞⊞⋈⋈∈⋈⋈⋈⋈⊞⊤∈⋈≻⋈⋈⋈∋⊞⋈⋈⊞⋈⋈⋈⊞∈∋⊤∈⊤∈⋈≻∋⋈⋈⊞⋈∋⋈⋈⋈⋈⋈⊞∋⋈⋈≻∋⋈⋈⋈≻⊤∈⋈⋈≻⋈⋈⋈⋈⋈⋈⊞⋈⋈⋈⊞⊤⋈∈⊤∈⋈⋈⊤∈⋈⋈⊞⊥⋈⊤⊥⊞∈⊞⋈⋈≺⋈≺∋∋⋈⋈⋈⋈⋈⋈⋈∈⋈⊤∈⊤∈⋈⊤∈⋈⋈⊞⊥⋈⊤⊥⊞∈⋈⊤∈⋈⊞⋈⋈⋈⋈⋈≻⋈⊤∈⋈⋈⋈≺∋⋈⋈⊙⋈⊞⋈⊞∋⋈⋈≻∋⊤∈⋈⊞⋈⋈⋈≻⊤∈∋⋈⋈⋈≺∋⋈⋈⋈⊙⋈⋈⋈⋈⋈⋈⋈≻⊤∈⋈⋈⋈⋈⊙⋈⋈⋈≺∋⋈⋈⋈⊞≺⋈⋈⊞⋈⊞⊞≺∋∋∈⋈⋈⋈⋈⋈⋈⋈⋈⋈⋈⋈⋈⋈⋈⋈⋈⊤⋈∈⋈⋈⋈⋈∈⋈⋈⋈⋈⋈⋈⋈⋈⋈≻⋈⋈⋈⋈⋈⋈⋈⋈⋈⋈⋈⋈⋈≻⋈⋈⋈≻⊤∈⋈⊞⋈∋⋈⋈⋈⋈⋈⋈⋈⋈⋈⋈⋈⋈⋈⊤∈⋈⋈⋈≻∋⋈⊤∈⋈⊤∈⋈⊤∈⊤∈⊤∈∋⊞⋈≺∋∋∋⋈⋈⋈≻⋈⋈⋈≻⋈⋈⋈≻⋈⊤∈⋈⊤∈⊤∈⊤∈∋⊞⋈≺⋈⋈⋈≻⋈⋈⋈≻⋈⋈⋈≻⋈≺∋∋∋∋⋈⋈⋈≻⋈⋈⋈≻⋈⋈⋈≻⋈⋈⋈⋈⋈⋈⊤∈⋈⋈⋈≻∋⋈⋈⋈⋈⋈⋈⋈⋈⋈⊤∈⋈⋈⋈≻∋⋈⋈⋈⋈⋈⋈⋈⋈⋈⊤∈⋈⋈⋈≻∋⊤∈∋⋈∋⊤⋈⋈∈⋈⋈⋈⊤∈⋈∋⊤∈⋈⊤⋈⊥⊤⊥⊤∈⋈⋈⋈⋈⋈⋈⋈⋈≻⋈⊤∈⋈⋈⋈≻∋⋈⋈⋈⋈⋈≻⋈⋈⋈≻⋈⊤∈⋈⋈⋈≻∋⋈⊤∈⋈⋈⊙⊤∈⋈⋈≻⋈⋈⋈⋈⋈⋈⊞⋈⋈⋈⊤∈⋈⊞∈⊞∈⋈⋈≺∋⊞≺∋⋈⋈⊞⊥⋈⊤⊥⊞∈⊞∈⋈⋈≻∋⊤∈⋈⊞⋈⋈⋈≻⊤∈∋≺∋⋈⋈⋈⋈⋈⋈⊞⊥⊞∈⋈⊞∈⋈⋈∋⋈≻⊤∈∋⋈⋈⋈⋈⊞≻⋈⋈≺⊞∋⊤∈∈⋈⊞⊞⊤∈∋∋⋈⊞⊞≺∋⋈⋈⋈⋈⊞⋈⋈⋈⋈⋈⋈⊣⋈⋈⋈⋈⋈⋈⋈≺⊤∈⋈⊤∈⊤∈⋈≺⋈⊤∈⋈⋈⊞⊥⋈⊤⊥⊞∈⊞∈⋈⋈≻∋⊤∈⋈⊞⋈⋈⋈≻⊤∈∋⋈⋈≺∋⋈⋈⋈⊙⋈⋈≺⋈≺⊞∋≺∋∋∋⋈⋈⊞⋈∋⋈⋈⋈⊤∈⋈⋈⋈≻∋⋈⊤⋈∈⋈≺∋∋⋈⋈⊙⊤∈⋈⋈≻∋⋈≺∋⋈≻∋⋈⋈⋈≺∋⋈⋈⋈⋈⋈⋈⋈⋈⋈⋈⋈⊤∈⋈⋈⋈≻∋⋈⊤∈⋈∋⋈⋈≻∋∋⋈⊤∈⋈⋈⋈≻∋⋈⊤∈⋈⋈⋈≻∋⊤∈⋈⋈⋈⋈≻∋⊞⋈⋈⋈⋈⋈⋈⊣⋈⋈⋈⋈⋈⊙⋈≺∋⊞⋈⋈⋈⋈⋈⋈⊣
0x27a015c0	⊢⋈⋈⋈⋈⋈⋈⊞⋈⋈⋈⋈⋈⋈⋈≻⋈⋈⋈⊤∈⋈⋈⋈⋈⋈⋈≻⋈⋈⋈⋈⋈⊤∈⊞⊤∈⋈⋈≻∋⊞⊤⊥⋈⋈⋈⋈⋈⋈⋈⋈≻⋈⋈⊤⋈∈⋈⊤∈⊤∈⋈⊤∈⋈≺∋⊤∈∋⋈⋈⋈⋈≻⋈⋈⋈⋈⋈⊤∈⋈⋈⋈⊤∈⋈⋈⋈⋈⋈⋈⋈≻⋈⋈⋈∋⊤∈⋈⋈⋈⋈⋈⋈≻⋈⋈∋⋈⋈≻⋈⋈⋈⋈≻⋈⋈⋈⋈⋈⋈⋈∋∋⋈⋈⊙⊤∈⋈⋈≻⋈⋈⋈⋈⋈⋈⊞⋈⋈⋈⋈⋈≻⋈⋈⋈⊤⊥⊞⊥⊞∈⊤∈⊞⋈∈⋈⊞∈⋈⊞⊤∈⊤∈∋∋∋∋⋈∋⋈⋈⋈⋈⋈⋈⋈≻⋈⋈⋈⊤⊥⊞⊥⊞∈⊤∈⊞⋈∈⋈⊞∈⋈⊞⊤∈⊤∈∋∋∋∋∋⋈⋈⋈⋈⋈⋈≻⋈⋈⋈⊤⊥⊞⊥⊞∈⊤∈⊞⋈∈⋈⊞∈⋈⊞⊤∈⊤∈∋∋∋∋∋⋈⋈⋈≻⋈⊤∈⊤∈⊤∈⋈⋈⋈⋈⋈⋈⋈⋈≻⋈⋈⋈⋈⋈⋈≻⋈⋈⋈⋈⋈⊤⊥⊤⊥⊞∈⋈⊤∈⋈⋈⋈⊙⋈⊤∈⋈≻⋈⋈≻⋈⊞⋈⊞⊞∈∋⊞∈⋈⋈⋈⊙⋈⋈⋈⋈≻⊤∈⊤⊥⋈⋈⋈⋈⊙⋈⋈⊤⊥⊞∈⋈⋈∈⊤∈⋈⋈≺⋈⊤∈⋈⊞⋈⊤∈∋∋⋈⋈≺⋈≺∋⋈∋∋⋈⋈⋈⋈⋈⋈⋈≻⋈⋈⊤∈⋈⋈⋈⋈⊤⋈⋈∈⋈⋈⋈⊙⋈⊤∈∋⋈⋈⋈⋈⋈⋈≻⋈⊤∈⋈⋈⋈⋈⋈⋈⊙⊤∈∋⋈⋈≻⋈⋈⋈⋈⋈⋈⋈⋈⋈≻⊤∈⋈⋈⋈∈⋈⋈⋈⋈⋈≻⋈⋈⊤∈⋈⋈⋈≻⋈⋈⋈⋈⋈⋈⋈⋈⋈≻⋈⋈≻⋈⋈⋈⋈⋈⋈⋈⋈⊤∈∋⋈⋈⋈∋⋈⋈≻⋈⊤⋈∈⋈⋈⋈⊙⊤∈⋈⋈≻⋈⋈⋈⋈⋈⋈≻⋈⋈⊤⋈⋈∈⋈⋈⋈⋈⋈⋈⋈≻⋈⋈⋈⋈⋈⋈⋈⋈≻⋈⋈⊤∈⋈⋈⋈⋈⊙⋈⊤∈∋⊤∈⋈⋈⋈⋈⊙⋈⋈⊤∈∋⋈⋈⋈⋈⋈⋈≻⋈⋈⋈⋈≻⋈⋈⋈⋈⋈≻⋈⋈≻⋈⋈⋈⋈⋈⋈∋∋⊤∈⋈⋈⋈⊙⋈⊤∈∋⊤∈⋈⋈⋈⊙⋈⊤∈∋⊤∈∋∋⋈⋈⋈≻⋈⋈⋈⋈⋈⋈⋈⋈≻⋈⋈⊤∈∋⋈⋈⋈⋈⋈⋈⋈⋈⋈⋈⋈⋈≻⋈⋈⋈⋈≻⋈⋈⋈≻⋈⊤∈⋈⋈⋈⊙⊤∈∋⊤∈⋈⋈⋈⋈⋈⋈⋈⋈⋈⋈⋈≻⋈⋈≻⋈⋈⋈⋈⋈⋈⋈⊤∈⋈⋈⋈⋈⊡⋈⋈⋈⋈⋈⋈⋈≻⊤∈⋈⋈⋈⋈≻⋈⋈⋈⋈⋈≻⋈⋈⋈⋈⋈⋈⋈⋈⋈⋈⋈⋈⋈⋈⋈≻⋈⋈⋈⋈⋈⋈⋈⋈⋈⋈⋈⋈⊙⋈⋈≻⋈⋈≻⋈⋈≻⋈⋈≻⋈⋈≻⋈⋈≻⋈⋈≻⋈≺⋈⋈⋈⋈⋈⋈⋈≺∋∋⋈⋈⋈⋈≻⋈⋈⋈⋈⋈∋⋈⋈≻⋈⋈≻⋈⋈≻⋈⋈≻⋈⋈≻⋈≺⋈⋈⋈≻≺∋∋⋈⋈≻⋈⋈⋈≻≺∋⋈⋈⋈≺∋⋈⋈≻⋈⋈⋈⋈≻⋈⋈⋈⋈⋈⋈∋≻⋈⋈≻⋈⋈≻⋈⋈≻≺⋈⋈≻∋⋈⋈⊙⊤∈⋈⋈⋈⋈⋈⋈⋈⋈⋈⋈⋈⋈⋈⋈≻⋈⋈⊙⊤⋈∈⋈⋈⋈⋈⋈⋈⋈⋈⋈⋈⋈≺∋⋈⋈≻≺⊤∈∋∋⋈≻≺∋⋈⊤∈⋈⋈≻∋⋈∋∋∋⋈⋈⊙⊤∈⋈⋈≻∋⋈⋈≻∋⋈⋈≻∋⋈⋈≻⋈⋈⋈⋈⋈⋈⋈⋈⋈⋈⋈⋈⋈∋⋈⋈≻⋈⋈≻⋈⋈≻⋈∋∋⋈⋈⊞⋈⋈⋈⋈⋈⋈≺⋈⋈⋈⋈⋈⋈⋈⋈≺∋⋈⋈⊤∈⋈⋈⋈⋈≻≺⋈⋈⋈⋈⋈≺∋∋∋⋈⋈≻⋈⋈⋈⋈≺∋⊞⋈⋈⋈⋈⋈⋈⊣
0x279f3d29	⊢⋈⋈⋈⋈⋈⋈⊞⋈⋈⋈⋈⋈≻⋈⋈⊞∈⋈⋈⋈⋈⊤∈⋈⋈⋈⋈≻⋈⋈⊤∈⋈⋈⋈⋈⊙⋈⊤∈⋈≻⋈⊤∈⊞⊞∈⋈⊞⊞⊤∈∋⊤∈∋⋈⋈⊙⊤∈⋈⋈⋈⋈⋈⋈⋈≺⋈⋈⋈⋈≺∋⋈≻≺∋⋈⋈⊙⊤∈⋈⋈⋈⋈⋈⋈∋⋈⋈⋈⋈⋈⋈≻⊤∈∋⋈⋈⊞⋈⋈⋈⋈⋈⋈≺⋈⋈⋈⊞⋈⋈⋈⋈⋈≻⊤∈⋈⋈⋈⋈⋈≻∋⋈⋈≻∋⋈⋈≻⋈⋈⋈⋈⋈≺∋⊞⋈⋈⋈⋈⋈⋈⊣
0x279f1bd2	⊢⋈⋈⋈⋈⋈⋈⊞⋈⋈⋈⋈⋈⋈⋈⋈⋈⋈⋈⋈⋈⋈⋈≻⋈⋈⊤∈⋈≻⋈⋈⋈⋈≻⋈⋈⋈⊤∈⋈⋈⋈⋈⋈⋈⋈≻⋈⋈⋈⊤∈⋈⋈⋈⋈⋈⋈≻⋈⋈⋈⊤∈⋈⋈⋈⋈⋈⋈⋈⋈≻⋈⋈⋈⊤∈⋈⋈⋈⊞⊥⋈⋈⊤⊥⊞∈⋈⋈⊤⋈∈⋈⋈⋈⋈⋈≻⋈⋈⊤∈∋⋈⋈⋈⋈⊙⊤⋈∈⋈⋈⋈⊞⊤⋈∈⋈⋈⊞∈⊤∈∋⋈≺⋈⊤∈⋈⊤⋈∈∋≺∋∋∋⋈⋈⋈⋈≻⋈⊤⊥⊤⊥⊞∈≺∈∈∈⋈∈⋈≻∋⋈⋈⊤∈⋈⊞⋈⋈⋈≻⋈⋈⊤∈∋≺∋⋈⋈⋈⋈⊙⋈⊤∈⋈⊞⋈⊤∈⋈⋈⊞⋈∈⊤∈⋈⋈⊤∈⋈⊤⋈∈∋≺∋∋∋∋⋈⊤∈⊞⋈⋈⊙⊤∈⋈⋈⋈⋈⋈≻⊞⋈⋈⋈⋈⋈⋈⋈⋈⋈⋈≻⊞⋈⋈⊤∈⋈⋈⋈⋈⊙⋈⋈≻⊤∈⋈≻≺⋈⋈⋈⋈⋈⋈⋈⋈⋈⋈⋈⋈⋈⋈⋈⋈⋈⋈⋈⋈⋈⋈⋈≻⋈⋈⋈⋈≻⋈⋈⋈⋈≻⋈⋈⋈⋈≻⋈⊤∈⋈⋈⋈⋈⋈⋈⋈⋈⋈⋈⊤∈⊞⋈⋈⋈⋈⋈≻⋈⋈⊤⋈⋈∈∋⋈⋈⊙⊤∈⋈⋈⋈⊞⊤⋈∈⋈⋈⊞∈⊤∈∋⋈≺⋈⊤∈⋈⊤⋈∈∋≺∋∋∋⋈⋈⊤⊥⊤⊥⊞∈∋∋⊞∋⋈⋈⋈⊤∈⋈⋈⋈⋈⋈≻⋈⋈⋈⊤∈∋≺∋⋈⋈⋈⊙⋈⋈⊤∈⋈⊞⊤∈⋈⊞∈⊤∈∋∋⋈⋈⊤∈⋈⊤⋈∈∋≺∋∋⋈⋈⋈⋈⋈⋈≻⋈⋈⊤⋈∈⋈⋈⋈⋈⋈⋈⋈⋈⋈⋈≻⋈⋈⊤∈⋈⋈⋈⋈⋈⋈⋈⋈⋈⋈≻⋈⋈⋈⊤∈⋈⋈⋈⋈⋈⋈⋈⋈≻⋈⋈⊞⋈⊤⊥⋈⋈⊞⊥⊞∈⋈⋈⋈⊞∈⊤∈⋈⋈⊤∈⋈⊤⋈∈∋≺∋∋⋈⋈∋⊤∈⋈⊞⊤∈⋈⋈⊞∈⊤∈∋∋⋈⋈⊤∈⋈⊤⋈∈∋≺∋∋⋈⋈⋈⋈⋈≻⊤∈⊤∈∋⋈⋈⋈⋈≻⋈⋈⋈⋈≻⋈⊙⊤∈⋈⋈⋈⊙⊤∈⋈⋈⋈⊙⊤∈⋈⋈⋈⊙⊤∈⋈⋈⊤∈⋈⋈⋈⋈⋈⋈⋈⋈⋈⋈⋈⋈⋈⋈⋈⋈⋈⋈⋈⋈⋈⋈⋈⋈⋈⊙⋈⊤∈∋∋∋∋⋈⋈≻⋈⋈⋈⋈⊤⊥⋈⊤∈⋈⋈⋈⋈∈⋈⋈⋈⋈⋈⋈⋈⊤∈⋈⋈⋈⋈⋈⋈∋⋈⋈⋈⊤∈⋈⋈⋈⋈⋈⋈∋⋈⋈⋈⊤∈⋈⋈⋈⋈∋⋈⋈⋈⋈⋈⋈≻⊤∈⋈⋈⋈⋈≻⊤∈⊤∈⋈⋈⋈⋈⋈≻⋈⋈⋈⋈⋈⋈≻⋈⋈⋈⋈⋈≻⋈⋈⋈⊤∈⋈⋈⋈⋈≻⋈⋈⋈⋈≻⋈⋈⋈⋈≺⊞⋈⋈⊙⋈⋈⋈⋈⋈≻⋈⋈⋈⋈≻⋈⋈⋈⋈≻⊤∈≺⋈⋈⋈⋈⋈≻⋈⋈⋈⋈⋈⋈≻⊤∈⋈⋈⋈⋈⋈≻⋈⋈⋈⋈⋈⋈≻⋈⋈⋈⋈≻⋈⋈⋈⋈⋈≻≺∋⋈⋈⋈⋈⋈≻⋈⋈⋈⋈⋈≻⋈⋈⋈⋈⋈⋈≻⋈⋈⋈⋈⋈⋈⋈⋈⋈≻⋈⋈⋈⋈⋈⋈≻⋈⋈⋈⋈≻⋈⋈⋈⋈≻⋈⋈⋈⋈⋈⋈≻⋈⋈⋈⊤∈⊞⊞⋈⋈⊙⊤⊥≺∋⋈⋈⋈⋈≻⋈⋈⋈⋈≻⋈⋈⋈⋈≻⋈⋈⋈⋈≻⋈⋈⋈⋈≻⋈⋈⋈⋈≻⊤∈∋⋈⋈⋈⋈⋈⋈⋈⋈⋈≻⋈⋈⋈⋈⋈⋈⋈⋈⋈⋈⋈⋈⋈≻⋈⋈⋈⋈⋈⋈≻⋈⋈⋈⋈≻⋈⋈⋈⋈≻⋈⋈⋈⋈⋈⋈≻⋈⋈⋈⋈⋈⋈⋈⋈≻⋈⋈⋈⋈≻⋈⋈⋈⋈⋈⋈⋈⋈⋈⋈≻⋈⋈⋈⋈⋈⋈≻⋈⋈⋈⋈≻⋈⋈⋈⋈⋈⋈⋈⋈≻⋈⋈⋈⋈⋈≻⋈⋈⋈⋈⋈⋈≻⋈⋈⋈⋈⋈⋈⋈⋈⋈⋈⋈⋈≻⋈⋈⋈⋈≻⋈⋈⋈≻⋈⋈⋈≻⋈⋈⋈⋈≻⋈⋈⋈⋈≻⋈⋈⋈⋈⋈⋈⋈⋈≻⋈⋈⋈⋈⋈⋈⋈⋈≻⋈⋈⋈⋈⋈⋈≻⋈⋈⋈⋈≻⋈⋈⋈⋈⋈≻⋈⋈⋈⋈⋈⋈≻⋈⋈⋈⋈≻⋈⋈⋈≻⋈⋈⋈⋈⋈⋈≻⋈⋈⋈⋈⋈≻⋈⋈⋈⋈⋈⋈⋈⋈⋈⋈⋈⋈⋈⋈⋈⋈⋈⋈⋈⋈⊡⋈⋈⋈⋈≻⋈⋈⋈⋈≻⋈⋈⋈⋈≻⋈⊤∈⋈⊞⋈⋈⋈⋈⊡⋈≻⋈⋈⋈⋈⋈⋈⋈⋈⊡⋈⊡⋈⊤∈∋⋈⋈⋈⋈≺∋⋈⋈⋈⋈⋈≻⋈⋈⊤∈⋈⊞⋈⋈⊙⊤∈⋈≻⊤∈∋∋⋈⋈⋈⋈∋≻∋∋∋∋∋⋈⊙⋈≻≺∋∋⋈⋈⊤∈⋈∈⋈⋈⋈⋈≻⊞⊞∈∋∋⋈⋈⋈⋈≻∋⋈⋈⊤∈⋈∈⋈⋈⋈⋈≻⊞⊞∈∋∋⋈⋈⋈⋈≻⋈⋈⊤∈⋈∈⋈⋈⋈⋈≻⊞⊞∈∋∋⋈⋈⋈⋈≻⋈⊤∈⋈⋈⋈⋈⋈⋈⋈⋈⋈⋈⋈⋈⋈⊙⋈⋈⋈⋈≻⋈⋈⋈⋈≻⋈⋈⋈⋈≻⋈⋈⋈⋈≻⋈≻⋈≻⋈≻⋈⋈⋈⋈≻⋈⊤∈⋈⋈⋈⋈⋈⋈⋈⋈⋈⋈⊤∈⋈⋈⋈⋈⊙⊤∈⋈⊤∈⋈⋈⊞⊙⊤∈⋈⊤∈∋∋∋∋⋈⋈⋈⊡⋈⋈⋈⊞⊙⋈⋈⋈⊡⊤∈∋⋈≻⋈⋈⋈⋈⋈⋈⋈⋈≺∋⋈≻⋈⋈⋈⋈≻⋈⊤⋈⋈⋈⋈∈⋈⋈⋈⋈⋈⋈⋈⋈⋈⋈⋈⋈⋈≻⋈⋈⋈⋈≻⋈⋈⋈⋈≻⋈⋈⋈⋈≻⋈⋈⋈⋈≻⋈⋈⋈⊤∈⋈⋈⋈⋈≻⋈⋈⊤∈∋⋈⋈⋈⋈⋈⋈⋈⋈⋈⋈⋈⋈⋈⋈⋈⋈≻⋈⋈⋈⋈≻⋈⋈⋈⋈≻⋈⋈⋈⋈⊞⋈⋈⋈⋈⋈≻⊞⋈⋈⋈≻⋈⋈⋈⋈⋈⋈⊤∈⋈⋈⋈⋈⊡⋈⋈⋈⋈⋈⋈⋈≻⊤∈⋈⋈⋈⋈≻⋈⋈⋈⋈⋈⋈⋈⋈⋈⋈⋈⋈⋈⋈⋈⋈⋈⋈⋈⋈≺⋈⋈⋈⋈⋈⋈⋈≺∋⋈⋈≻⋈⋈≻∋⋈⋈⋈⋈≻⋈⋈⋈⋈≻≺⋈⋈⋈⋈⋈⋈⋈≺∋≻≺⋈⋈⊤∈⋈∈⋈⋈⋈⋈≻⊞⊞∈∋∋⋈⋈⋈⋈≻≺∋∋⋈⋈⋈⋈≻∋⋈⋈⋈⋈≻∋⋈≻≺⋈≺∋∋⋈⋈⋈⋈≻∋∋⋈⋈⋈⋈≻∋∋⋈⋈⋈⋈≻⋈⋈⋈⋈∋⋈⋈≻⋈⋈⋈⋈≻≺⋈⋈⋈⋈⋈⋈⋈∋⋈⋈⋈⋈≻⋈⋈⋈⋈⋈⋈≺∋⋈⋈⋈⋈≻⋈⋈⋈⋈⋈⋈≺∋⋈⋈⋈⋈⊞⋈⋈⋈⋈⋈⋈≺⋈⋈⋈⋈⋈⋈⋈⋈⋈⋈⋈≺∋∋∋⊞⋈⋈⋈⋈⋈⋈⊣
0x279eb5f1	⊢⋈⋈⋈⋈⋈⋈⊞⋈⋈⋈⊞⊤∈⊤∈⊤∈∋⋈⊤∈⊤∈⊤∈∋⋈⋈⋈≻⋈⋈⋈⋈⋈≻⋈⋈⋈⋈⋈⋈⋈⋈⋈≻⋈⊤∈⋈⋈≻⊞≺∋⋈⋈≻⋈⋈≻≺∋∋∋⊞≺∋⋈⊞⋈⋈⋈⋈⋈⋈⊣
0x279ec6eb	⊢⋈⋈⋈⋈⋈⋈⊞⋈⋈⋈⋈⋈⋈⋈⊞⊞⋈∈∈⊤∈⋈⋈⋈⋈⋈⊞⋈⋈⋈⋈⋈⋈⊣⋈⋈⊞⊤⋈∈∋⋈⊞⊞⋈⋈⋈⋈⋈⋈≻⋈⊤⋈⊥⊤∈⋈⋈⋈≺∋⋈⊤∈⋈⋈⋈⋈≺⋈⊤∈⋈⊞⊞⋈⋈⋈≺∋∋⊤⊥⊤∈⊞∈⋈⊡⊞⊤∈∋∋⋈⊤∈⋈∋⊤∈⊤∈⊤⋈⋈⊥⊤∈⊞⋈⋈≺∋⋈⊤∈⊤⋈⋈⊥⊤∈⊞⋈⋈≺∋⋈≺∋⊤∈⋈⋈≻⋈⋈⋈⋈⋈⋈⊞⋈⋈⋈⋈⊞⋈⊞∈⋈⊤∈⋈⊤⋈∈∋∋⊤⊥⋈⋈⋈⋈≻⋈⋈⋈⊞∈≻⋈⋈⋈⊤∈⋈⊙∋⋈⋈⊞≺∋⋈⊙⊤∈⋈⋈≻≺⋈⋈⋈⋈⋈⊤∈⋈⋈⋈≻⋈⊤∈∋⋈⋈⋈⊙⋈⊞⋈⋈⋈⋈⋈⋈⋈⋈⋈⋈⋈⋈⋈⋈⋈⋈⋈⋈⋈⋈⋈⋈⋈⋈⋈⋈⋈⋈⋈⋈⋈⋈⋈⋈⋈⋈∈⋈⋈⋈≻⋈⋈⋈⊤∈⋈≻⋈⊤∈⋈⊙⋈≺∋∋⋈⋈⊞∈⋈⊞≻⋈⋈⊤∈⋈≻⋈≺∋⋈⊞⋈⊞⊤∈∋≺⊤∈⋈⊙∋⋈⊤∈⋈⊙∋⋈⊤∈⋈⊙∋⋈⋈⋈⊤⊥⊞⊤∈⋈⋈≺⊞⋈⋈⊤∈⋈⊤∈⋈⊡∈∋⋈≻≺∋⋈⋈⋈⊞⋈⋈⋈⋈⋈⊤⋈∈⋈⊤∈∋⋈⊞⋈⋈⋈∈⋈⊙⊤∈⋈⋈⋈⊤∈⋈≻⋈≺⊞⊤∈∈⊤∈⋈⊞⊤∈∋⋈∋⊞≺∋∋⊤∈⋈⊤∈⋈⊞⋈⋈≻≺⊤∈⋈⋈⋈≻⊤∈∋⋈⋈⋈⋈⊙⊞⊤∈⋈⋈⋈⋈≻≺⋈⋈⊞∈⋈⋈≻⋈⊤∈⋈⋈≻≺∋⊞⋈⋈⋈⊙⋈⋈⊤∈⋈⋈⋈⋈⋈⋈⋈⋈⊤∈⋈≻⋈⋈∋⋈⊞⋈⋈⋈⋈⋈⋈⋈⊞⋈⋈∋⋈∋∋⋈⊞⊤∈∋⋈≺∋⋈⊡⊞⋈⊞⊞∈⋈≻≺∋⋈⋈⊞⋈⊞⋈⋈⋈⋈⋈⊤∈⋈⊞⋈⋈∈⋈⋈⋈⊤∈⋈⋈⋈⋈⋈⋈⋈⋈⋈⋈⋈⋈⋈≻⋈⊞⊤∈⋈⊙∋⋈⊞⊤∈∋∋∋⋈⊞⋈⊞⋈⊤⋈⋈∈⋈⊞⊞∈⊤∈⋈⊙∋⊤∈⋈⊙∋⊞⊞∈∋∋⊤∈⋈⊙∋∋⊤⊥⋈⊤⊥⊤∈⋈⊞∈⊤∈⋈⊤∈∈⋈⊞∈∋∋⊞⊞∋⋈⊤∈∈⋈⊤∈⋈≻≺⊞⋈⋈⊤∈∋⋈⋈≺∋⋈⊤⋈∈⋈⋈⊞∈⋈⋈⊞∈∋⊞≺∋⋈⋈⊞⋈⊤∈⋈⋈⋈⋈⊤∈⋈⋈⋈≻⋈⋈⊤∈⋈⋈≻≺∋⋈⊞⋈⋈⊙⋈⋈⋈⋈⋈⊤⋈∈⋈⋈⋈≻⋈⋈⊤∈⋈⋈≻≺∋⋈⋈⊙⋈⋈⋈⋈⋈⋈⋈≻⋈⊞⊤⋈∈⋈≺⋈⋈⊤∈⋈⋈⋈⋈⋈⋈⋈⋈⋈∈⋈⋈⋈⋈⋈⋈⋈∈⊤∈⋈⋈⋈⋈⋈⋈⊞⊥⋈⊙⊞⊤⊥⊤⊥⊥⊞⊞⊞⋈⊤∈∋⋈⊤∈∋⋈⊡∈⋈⋈≺∋≺⋈⋈⊤⋈∈⋈⋈⋈⋈⋈⋈⋈≻⋈⋈⊤∈⋈∈⋈⋈⊞⊤∈∋∋⋈⊞⋈⋈⋈⋈⋈⋈≻⋈⋈⋈⊤∈∈⋈⋈⊤∈∋∋⋈⋈⋈⋈⋈⋈⋈⋈⋈⋈⋈⋈⋈⋈⋈⋈⋈⋈⋈⋈⋈⋈⋈⋈⋈⋈⋈⋈⋈⋈≺∋⋈⋈⋈⋈⋈⋈⊡⋈⋈⊤∈⋈⊤∈⋈⋈⋈≻≺⋈⋈⋈⊞⋈⋈⊙∋⋈⊞∈⋈⋈∈⋈⊙∋⊞⊤∈⋈∋⊙∋∋∋∋∋⋈⋈⊞∈∋∋⋈⋈⋈⋈⋈⋈⋈⊞⊥⋈⊞⊤⊥⊞∈⊤∈⊞⋈⋈⋈⋈⋈⋈≻⊤∈⋈⋈⋈⊤∈∋⋈≻⋈≺∋⊞⋈⋈⋈⋈⋈⋈⊞⊤⊥⊥⋈⋈⋈⋈⋈⋈⋈⋈⋈⋈⋈⋈∈∈⋈⋈≻⋈⊤∈⋈⋈⋈⋈⊤∈∋⋈⋈∈∈⋈⋈≻⋈⊤∈⋈⋈⋈⋈⋈∋⊤∈⋈⋈⊞⊤⋈⋈⊥⋈⋈≻⊤∈⋈⋈⋈⊞⊞⊤⋈⊥⋈⋈⊞≻⊤∈⋈⋈⋈⊞⊞⊤⋈⋈⊥⋈⋈⊞≻⊤∈⋈⋈⋈⋈⋈⊞⊞⋈⋈⋈⋈⋈⋈⋈⋈⋈⋈⋈⋈⋈⋈⋈⊞∈⋈⊤∈⊤∈∋⋈⋈⊞⊤∈⋈≻⊤∈⊤∈⊞∈⊤∈∋∋⊤∈⊤∈⊤∈⋈⊤∈⋈⊤∈⋈⊤∈⊙⋈⋈⋈⊞⊞⊙⋈⊤∈⊙⋈⊞⊞⋈⋈⋈⋈⋈≻⊤∈⋈⊤∈∋⋈⋈≻⊤∈⋈⊙⊤∈⊙⋈⊞⊞⋈⋈⋈⋈≻⊤⊥⊤⊥⊤∈∋∋⋈⊙⋈⋈⋈⊙⋈≺∋∋∋⋈⊙⋈⋈⊙⋈⋈⋈⋈≻⊤∈⋈⋈⊞⋈⋈⋈⋈⋈⋈⋈⋈⋈⋈⋈⋈⋈≻⊤∈⊤∈⋈⋈⋈⊞⊥⊞⊤∈⊞⋈⋈⋈⊞⊞⋈≺∋⋈⊤∈⊤∈⊤∈⊤∈⊞⊤⋈∈∋⊞⋈⊞∈⊤∈⋈⊞⊤∈⋈⊞⋈⊥⊞⊥⊤∈⊞⊤∈≺∋⋈⊤∈⋈⊤∈∋∋⊞⊞∈⋈⊞⊤∈⋈⋈⋈⊞⊤∈∋∋⊞≺∋∋∋∋∋∋∋⊤∈⊤∈⋈⋈⋈⋈≻⊤∈⊤∈⋈⋈⋈⊞⊥⊞⊤∈⊞≺⋈⋈⋈⊞⊞⋈∋⋈⊤∈⊤∈⊤∈⊞⊤⋈∈⋈⊤∈⋈⊤∈≺⊞⊤∈∋≺⋈⊤∈⋈⊙∋⊤∈⋈⊙≺⋈∋∋⊤∈⋈⊙∋⊤∈⋈⊙⋈≺∋∋⋈⋈⋈≺∋⋈∈∈∈∈⊤∈⋈≻∋⊤∈⋈⋈⋈⋈⋈⋈⋈⋈⋈⋈⋈⋈⋈⋈⋈⋈⋈≻⋈⋈⊤∈⋈≻⋈⊤∈⋈≻∋⋈⋈⋈≻⊤∈⋈≻∋⊞⋈⋈≺⋈⋈⊤∈⋈⋈⋈≻⋈⋈⊤∈⋈⋈⋈⋈⋈≻⊤∈⋈⊤∈⋈⊤∈⊤∈⊞⊤⋈∈⋈⊤∈⋈⊤∈⊞≺∈⋈∈⊤∈≻∋⊤∈∋⊞⋈⊞∈⊤∈⋈⊞⊤∈⋈⊞⋈⊥⊞⊥⊤∈⊞⊤∈≺∋∋∋⊞⊞∈⋈⊞⊤∈∋∋∋∋∋∋∋⋈⋈⋈⋈⊞⊤∈∋≺∋∋⋈⋈≻∋⋈⋈∋⋈⊡∈∋⋈⊙⊤∈⋈⋈⋈⋈⋈⋈⋈⋈⋈⊤⋈⋈∈⊤∈⋈⋈≻⋈∋⋈⋈⋈⊤∈⊞⊡∈⋈≺∋⋈⋈⋈≻⋈⊤∈⊡∈⋈≻∋∋⋈⋈⊤∈⋈⊞≺⋈⋈⋈⋈⊙⋈⊤∈⋈∋⊞⊞≺⋈⋈⊙⊤∈⋈⋈≻≺⋈⋈⋈⋈⋈⋈⊤∈⋈⋈⋈⋈∈⋈⋈⋈⋈⊙⋈⋈⊤∈⋈⊤∈⊤⋈⊞⋈⋈⋈⋈≻⋈∋⊞⋈⋈⊞⋈⊤∈∋⋈∋⋈⋈≺∋⋈⊞⋈⊞⊞≺∋∋⊡∈⋈⋈⊙⊤∈⋈⋈⋈⋈⋈⋈⊞⋈⋈⋈⊡∈⋈⊙⊤∈⋈⋈≻⋈⋈⋈⋈⋈⋈⋈⋈⋈⋈⋈⊤∈⋈⊤∈⊤∈∋⋈⊞⋈⋈⋈⊞∈∋⋈⋈≻⊤∈⋈⋈≻≺⋈⊞⋈≺∋⋈⋈⋈⊙≺∋⋈⋈⋈⋈⋈⋈⊙⊤∈⋈⋈⋈⋈⋈⋈⊙⋈⊤∈∋⋈⋈⋈⋈≻≺⋈⋈⊤⋈∈⊤∈⋈⊞⊙⋈⊤∈≺∋⋈⊙⋈∋∋⊤⊥⋈⋈⊙⊤∈⋈⊤∈⋈⋈⋈⋈≻≺⋈⊙⋈⊞⊞⊞⋈⊙⊤∈∋⋈⋈⋈⋈⋈⊙⊤⊥∈⋈⋈⊞⋈≻⊞⊞≺∋⊞⋈⋈⋈≺∋⋈⊙⋈⊤∈⋈⋈⋈≻≺⊤∈⋈≻∋⊤∈⋈⊡∈⋈≻∋⋈⊡∈⋈≻∋⋈⋈⋈⋈⋈⋈≻⋈⋈⋈≻⋈⋈⋈⋈⋈⋈⋈⋈⋈⋈⋈≻⋈⋈≻⋈⋈⋈⋈⋈⊤∈⋈⋈⋈⊤∈⋈⋈⋈⋈∈⋈⋈⋈⊙⊤∈⊙⋈⋈⊞⊞⋈⋈⊤∈⋈≻⋈⊤∈⋈∋⋈⋈≻⋈⊙⋈⋈⋈∋⋈≻⋈⊤∈⋈≻∋⋈⋈⋈≻⊤⋈∈⋈≻∋⋈⋈⋈⋈⋈⋈⋈≻⋈≻≺⋈⊞∈⋈⋈⋈⋈≻∋∋⋈⋈≻∋⋈⋈≻≺⊞⋈≺∋⊤∈∋∋⋈⊙≻⋈⊞⋈∈⋈⋈⋈≻∋⊤∈∋⊞⋈⊞∈⊤∈⋈⊞⊤∈⊞⋈⋈⊥⊞⊥⊤∈⊞⊤∈∋≺∋∋⊞⊞∈⋈⊞⊤∈⋈⋈⋈⊞⊤∈∋∋⊤∈⊞⊤⊥⊞⊤⊥⊥⊤∈⋈⋈⋈⋈⋈⋈⋈⋈⋈⋈⋈⋈∈⊤∈⊤∈⋈⋈⋈⋈⊙⋈⊤∈⋈⋈⊤∈⋈⋈⋈⋈⋈≺∋⋈⊤∈≺⊞⋈⋈⋈⋈⋈⋈⋈⋈⋈⋈⋈⊙⊤∈∋⋈⋈⋈⊙⋈⊞⊞⋈⋈⊤∈⊞⋈≺⋈⊤∈⋈⋈∋⋈∋⋈⋈⋈⋈⋈⋈⋈⋈⋈⋈⋈⋈⋈⋈≻⋈⋈⋈⋈⋈⋈⋈⋈⋈≻⋈⊤∈⋈⋈⋈≻⋈⊞⊞≺∋⋈⋈⊤∈⋈⋈⋈⋈⋈⋈⋈⊤∈⋈⋈⋈⋈≻⊤∈⋈⋈⋈⋈≻⋈⋈⋈⋈≻⊤∈⋈⋈≺⋈⋈⋈⋈⋈⋈∋≻⋈⋈≻≺∋⋈⋈⋈⋈≻⋈⋈⋈⋈⋈≺⊞∋⋈⊡≻⊞⊤⊥⊞⊤⊥⊥⊤∈⋈⋈⋈⊞≺∋⋈⋈≻⋈⊤∈⋈≻∋⋈⋈⋈≻⊤∈⋈≻∋⊤∈⋈⋈⋈⋈⋈⋈⋈⋈≻⋈⋈⋈⋈⋈⋈⋈⋈≻⋈≻≺∋⋈⋈⋈⋈⋈⋈⋈⋈⋈⋈⋈≻⋈⊤∈⋈⋈⋈≻⋈⊞⊞≺∋⋈≻⋈⋈≻∋⋈⋈⋈⋈⋈≻∋⋈⊤∈⊙∋⋈⊤∈⊙∋⋈⊤∈⊙∋⋈⊤∈⊙≺⋈⊞∈⊤⋈⊥⋈⋈⊞⋈⋈⊙⊤∈⊙⋈⋈⊤∈⋈⋈⋈≻∋⋈⋈⋈⋈⋈⋈⋈⋈⊤⋈∈⋈⋈⋈⋈⋈⋈≻⋈⊤∈⋈⋈⋈⊙⊤∈⋈⋈≻⋈⋈⋈≻⋈≻⋈≻⋈⋈≻⋈⋈≺∋⋈⋈≻⋈≺∋⋈⋈⋈⋈≻≺∋⋈≻⋈∋⋈⋈≻⋈⋈∋≻⊞⋈⊞≺∋⊤⊥⊤⊥⊞∈∋⋈⋈≺∋⋈⊞⊤∈⋈⋈⋈≻∋⋈⋈⊤∈⊞⋈⊤∈⋈∋⊤∈≺∋⋈⋈⋈⋈⊙⊤∈⋈⊙⊤∈⊤∈⋈⋈⊞⊙⊤∈∋⊤∈⋈⋈⋈⊙⊤∈∋⊤∈⋈⋈⋈⊙⊤∈∋⊤∈⋈⋈⊙⊤∈∋⋈⊤∈⋈⋈⊙⊤∈⋈∋⋈⊙⊤∈⋈⋈⊙⊤∈∋⊙⋈≺⋈⋈⊙⋈⊤∈⋈⊞⋈⊞⋈⊙⊤∈⋈⊤∈⋈⊡∈∋⋈≻≺∋⋈⋈⊤∈⋈⋈≺∋⋈⊤∈⋈⊤∈∋⋈⋈⋈⋈⋈⋈⋈⊙⊤∈⋈⊞⊞⋈⊤∈⊙⋈⊤∈⋈≻≺⋈⋈⋈⋈⋈⊙⋈⊞⊞⊞⊤⊥⋈∈⊤∈⋈≻⋈⊙⊤∈⊙⋈⊞⊞⋈⋈⊙⋈≻⋈⋈⋈≻⋈⋈≻≺∋∋⋈⋈⊤⋈⊥⋈⊞⊞⊞≺⋈⋈⋈≻⊤⋈∈⊤∈⋈⋈≻⋈≺∋∋∋∋⋈⊡⊞⋈⊞⊞∈⋈≻≺∋∋∋∋∋⋈∋∋⊞⊞⋈∋∋⋈⊙⋈⊞⊞⋈≺∋⋈⊙≺⋈⊞⊞⋈≺∋∋∋∈⊤∈∋∋∋∋∋∋∋∋∋∋∋∋∋∋∋∋∋∋∋∋∋∋∋∋∋⋈⋈⋈⋈⋈⊞⊙⊤∈⊙⋈⊞⊞⋈⋈⋈⊤∈∋⋈⋈⋈≻≺⋈⊤∈⋈⋈⋈≻≺⋈⊤∈⋈⊡∈∋⋈≻≺∋⋈⊙⊤∈⊙⋈⊞⊞⋈⋈⊡⊞⋈⊞⊞∈⋈≻≺∋⋈⊙⋈⋈≺⋈⊤∈⋈⊡⋈⊙⊤∈⋈≻∋⊞⋈⋈⊤⊥⋈⋈≻⋈⋈⋈⋈≻⊤⋈⊞⋈⊥⋈⋈⋈⋈⊞⊞⋈⋈⋈⋈≻⋈⋈⊤∈⋈≻⋈⋈⋈≻⋈⊤∈⋈≻∋≻∋⋈⋈⋈⋈⊡⊞⋈⊞⊞∈⋈≻≺∋⋈⊙⋈⊙≺∋⋈≻⋈⊙⋈⋈⊡⊞⋈⊞⊞∈⋈≻≺∋⋈⊙⊤∈⊞⋈⊞⋈⋈⋈⋈⋈⋈⋈⋈⋈⋈⋈⋈⋈⋈⋈⋈⋈∈⋈⋈⋈⊙⊤∈⋈⊤⊥⊤⊥⊞⋈∈⊤∈⊤∈⊤∈⋈⊙⊤∈∋⋈≺∋∋∋∋∋∋⊤⋈⊥⋈⋈⋈⋈⋈⋈⋈∈⋈⋈⋈⊞⊙⊤∈⊤∈⋈⋈⋈⋈⋈⋈⊞⊞⊤∈⋈⋈≻⊤∈⋈≻⋈⋈⋈⋈≺⋈⋈⋈⊤∈⋈⋈⋈⋈⋈≻≺⋈⋈⋈≻⊤∈∋⋈≻⋈≺∋⋈⋈∋≻≺⊞⊞⊞⋈⋈⋈⋈⊤∈⊙∋∋≺∋⋈⊙⊙⋈⊤∈∋⊞⊞⋈⋈⋈⋈≻⊤∈⋈≻⋈⋈⋈⋈⋈⋈⋈⋈⋈≺∋⋈≻≺⊤∈⋈⋈⋈⋈⊤∈⋈⊙∋⊤⋈∈⋈⊙∋⊞⊤⋈∈∋≺⋈⋈⋈≺∋≺∋⊤∈⋈⊙∋⊤∈⋈⊙∋⊤⋈∈⊙∋⊞⊤∈⋈≺∋⊤⋈∈⋈⊙∋⋈⊤∈⊙∋⋈⊞⊤∈∋∋⊙≺∋⋈⋈⋈⊞⊙⋈⋈⋈⋈≻⊞⋈⋈⋈≻≺∋∋∋⊞⋈⋈⋈⋈⋈⋈⊣⋈⋈⊤∈⋈⊞⋈⊙∋⋈⊞⊤∈∋⋈⊙≺∋⋈⊞⋈⋈⋈⋈⋈⋈⋈⋈⋈⋈⋈⊞⊤∈⊞∈⋈⋈⋈⋈⋈≻⊤∈∋⋈⋈⋈≺∋⋈≻≺⋈⋈⋈≺⋈∋⊤∈⋈⋈⋈⋈⋈⋈≻⋈⋈≺∋⋈⋈⊞⋈⋈⊞⊤∈⋈⋈⋈⋈⋈⋈≻⋈⋈⋈≺∋⋈⋈⋈⊙⊞⊤∈⊞⋈⋈≻⊤∈⊤∈⊞∈⊤∈∋⊤∈⊞∈⋈⊙∋⋈≺⊞⊤∈∋≺∋∋⋈⋈⋈⊞⋈≻⋈∋⋈⋈⊞∈⋈⊞≻≺⋈⋈⊤∈⋈≻⋈∋⋈⊞⋈∋⋈⊤∈∋⋈⊙≺∋⊞∋⋈⋈≻≺≺⋈⋈≻≺⋈⋈≻≺⋈⋈⋈≻∋∋⋈⊤∈⋈⋈⋈≻∋⋈≺∋
0x27a02aae	⊢⋈⋈⋈⋈⋈⋈⊞⋈⋈⊤∈⋈⊞⋈⊞⋈⊞∈⋈⋈⋈⋈⋈≻⋈⋈⋈⊤∈⋈⊞⋈⊞⋈⊞∈⋈⋈⋈⋈⋈≻⋈⊤∈⋈⋈⋈⊞⋈⋈⋈⋈⋈≻⊤∈⋈⋈⋈⋈⋈≻⋈⋈⋈≺∋⋈⋈⋈⋈≻⊤∈⋈⋈⊤∈⋈⋈⊤∈⋈⊞∈⋈⋈⊤⊥⊥∋⊤∈⊤∈⋈⋈⋈⋈≻⊤∈⋈⋈⋈⋈⊞⊞∈⋈⋈⊤∈⊤∈⊤∈⋈⋈≻⋈⋈≺∋⋈⊞⋈≺∋⊞⊤∈∋≺⋈⋈⋈⋈⊡⊡⊙⋈⋈⊞⋈⊡⋈⊞⊞⊞⋈⋈⊥⋈⊥⋈⋈⊞⊥⋈⊞⊤⊥⊞∈⊤∈⋈⊞⋈⋈⋈≻⋈⊤∈≺∋⋈⋈⋈⋈⋈⋈⊞⊞⋈⋈⋈⊞⋈⊥⊞∈⋈⋈⋈≻⊞⊞∈⋈⋈⋈⊞⊤∈∋⊤∈⋈⋈⋈≻⋈⋈∋⋈⋈⊤∈⊞⋈⋈∈⊤⋈⊥⋈⊞⊤∈⋈⊞⊤∈⊤∈∋∋⊤∈⋈⊞⋈∈⋈⋈⊞⋈⋈≻⋈⋈⋈⊞⋈⊞⋈≺∋∋⊞⊞∈⋈⊡⊞⋈⋈⊞⋈⋈⊤∈∋∋⋈⋈⊞⋈⊞⊞∈⋈⋈⋈⊞⊤∈∋⋈⋈⋈⋈⋈⋈⋈≻⋈⋈⊤∈∋∋⋈⋈⋈⋈⋈⋈⊤∈⋈⋈⊤⋈⋈∈⊞≺⊤∈⋈⊞⋈∈⊤∈⊞⋈⊞⊤⋈∈∋⊤∈∋⋈⋈≺∋∋∋⋈⊞⊤∈⊤∈⋈⋈⋈⋈⋈≻⋈⋈⋈⋈⊤∈⊞⋈⋈≻⋈⋈⋈⋈⋈⋈⋈≻⋈⋈⋈⊞≺∋⋈≺⋈⊤⊥⊞⊤⋈⊥⋈⊥⋈⋈⋈≺∋∋∋⋈⋈⋈⋈⋈⋈≻⋈⊤∈⋈⋈⋈⋈⋈⋈⋈⋈⋈⊤∈⋈⋈⋈⊞⋈⋈⊞⊞∈⋈⊞⊤∈⋈⋈≻⋈⋈⊞⋈⋈⋈⋈⋈⊞⊞∈⋈⋈⋈⋈⋈≻⋈⋈≻⋈⋈⋈⊞∈∋⋈⋈≻⋈⋈≻⋈⋈⋈⋈⋈⋈≻⋈⋈≻⋈⋈⋈⋈⋈≻⋈⊤∈∋⋈⊤∈∋∋⋈⋈⋈⋈⋈⋈⋈⋈≻⋈⋈⋈⋈⋈⊤∈⋈⋈⋈≻≺⋈⋈⋈⋈⋈⋈⋈⋈⋈⋈≻⋈⋈⋈⋈⋈⋈⋈⋈⋈⋈⋈≺∋⋈⋈≻∋⋈⋈≻≺⊞∋⋈⋈≻∋⋈⋈⋈⋈⋈⊤∈⋈⋈⋈⋈⋈≻⊤∈⋈⋈⋈⊙⊤∈⋈⋈⋈⋈⋈≻⋈⋈⋈⋈⋈⋈⋈⋈⋈⋈⋈⋈≻⋈⊤∈⋈∋≻∋⋈⊤∈⋈⋈⋈⋈⋈⊤∈⊤∈⋈⊞⊤∈⋈⊡⊞⋈⊞⊤∈⋈⊞⊞⋈≺∋⊞⊤∈⋈⋈⋈⋈⋈≻⋈⊤∈⋈⋈⋈⋈⋈⋈⋈⊞≻≺∋⊤∈⋈⋈⋈⋈⋈⋈⋈⋈⊤∈∋⋈⊤∈⋈⊤∈⋈⋈⊤∈⋈⋈⋈≺∋⋈⊞∈⊤∈⊤∈⋈⊞⊤⋈∈∋∈∋⊤∈∋⋈⋈⋈≺∋⋈∋⋈⋈⊞⊤⋈⊥⊤⊥⊥⊤∈⊞∈⊤∈⊞⊤∈⋈⊤⋈∈∋∋∈∋⋈⋈⋈⋈≻⊤∈⋈⋈⋈⋈⋈⋈⊤∈⊤∈⊞≺≺⋈⋈≺∋∋∋⋈⋈⊙⊤∈⋈⋈⋈⋈⋈⋈⋈⋈⋈⋈⋈⋈∋⋈⋈⊙⊤∈⋈⋈⋈⋈⋈⋈⋈⋈≻⋈≺⋈⋈⋈⊙⊤∈⋈⋈≻∋⋈⋈≻∋⋈⋈≻⋈⋈⋈⋈⋈⋈⊙⊤∈⋈⋈≻⋈⊤∈⋈⋈⊞⊤∈⋈⋈≺⊤∈⋈⊞⊞⋈⋈≺∋∋⊤∈⋈⋈≺⊤∈⋈⊞⊞⋈⋈≺∋∋⊤∈⋈⊞⋈⊙⊤⊥⊞∋∋⊣⋈⋈⋈⋈⋈⋈⋈⋈⋈⊞⋈⋈⊣⋈⋈⋈⋈⋈⋈⋈⋈∋⋈≻⋈⊤∈⋈≻∋⋈∋∋∋∋⋈∋∋∋∋⋈∋⋈⋈⋈⋈⋈⋈⋈⋈≻⋈⋈⋈≺∋⋈⋈⋈⊞⋈≺∋⋈⋈⊙⊤∈⋈⋈≻∋⊤∈∋⋈⋈⋈⊤∈⋈⊤∈⊤∈⋈⊤∈⋈≺∋⋈⋈⊞∈⊤∈⊤∈⋈⊞⊤⋈∈∋∈∋∋∋⊞∋∋⋈⋈⋈⋈≻⋈≺∋⊤∈⊞≺∋⋈⋈⋈⋈≻∋∋⋈⊤∈⋈⋈⋈≻∋⊤∈∋∋∋∋∋∋∋⋈⋈⋈⋈⋈⋈≻⋈⊤∈⋈⋈⋈⋈⋈⋈⋈⋈⋈⊤∈⊤∈⊤∈∋⋈⋈⋈⋈⋈⋈≻⊤∈⋈⋈⋈⋈≻⊤∈⋈⋈⋈⊞≻⋈⋈⊤⋈⊥⋈≻⋈⊤∈⊤∈⋈⋈⋈⋈≻∋⋈⋈≻⋈⋈⋈≻⋈⋈⋈⋈⋈⋈⋈≺⊤∈⋈⋈⋈⋈≻∋⋈≺≺∋∋∋⋈⋈⋈⋈≻∋⋈⋈∋⊤∈⋈⋈⋈⋈≻∋⊤∈⋈⋈⋈⋈≻≺⋈≻≺∋∋∋⋈⊤∈⋈⋈⋈≻≺∋∋∋⋈⋈≻⋈⊤∈⋈⋈⋈≻≺⋈⋈⋈⋈⋈⋈⋈⋈⋈⋈⋈⊞⋈∋∋∋⊞⋈⋈⋈⋈⋈⋈⊣
0x27a53d31	⊢⋈⋈⋈⋈⋈⋈⊞⋈⋈⋈⋈⋈⋈⋈⋈⋈≻⊤∈⋈⋈⋈⋈⋈≺⋈⋈⋈⋈⋈≻⋈⋈⋈≻⊞⊤⋈∈⋈⊤∈⋈⋈⋈⋈⋈⋈⋈⊤⋈∈⋈⋈⋈⋈⋈⋈⋈⊤∈∋⋈⋈⊙⊤∈⋈⋈⋈⋈⋈⋈⋈⋈≺∋⋈∈⊞⋈⋈⋈⋈⋈⊤∈⋈⋈⊤∈⋈⊞⋈⋈⊤∈⋈⋈≺∋⊞⋈⋈⋈⋈⊞∈⋈⋈⊞⊞⊞⋈⊞⊞⊞⊞⋈⊞⊞⊞⊞⊞⊞⊞⊤∈∋⊤⋈∈∋∋⋈⋈⋈⋈⋈⋈⊞∈⊤∈⊤∈⊤∈∋⋈≺∋⊤∈⋈⋈⊤∈⋈⋈⊤∈∋⋈⊤⊥∋⋈⊞≺∋⋈⊞∈⊤∈∋⋈⋈⋈⋈⋈⋈⋈⋈⋈⋈≻⋈⋈⋈⋈⋈⊤∈⋈⋈⋈≻⋈≺⊤∈⋈⋈⋈≻∋⋈⋈≻⊤∈⋈⊤∈⋈⊞⋈⊤⋈∈∋⊞∈⋈⋈⊞⋈⊞∈∋≺≺∋⊞∋⊞⊤⊥⋈∋∋⋈⋈⋈⋈⋈⋈⋈⋈⋈⋈≻⋈⋈⋈⋈⋈⋈⊤∈⋈⋈⋈≻⋈∋⋈⊤∈⋈⋈⋈≻⋈∋⋈⋈⋈⋈⊤∈⋈≻⋈⋈∋⋈⋈⋈⋈⊞⋈⋈≺∋⋈≻⊤∈∋⋈⋈⋈≻⋈⊞⊞⋈⋈⋈⋈⋈⋈⋈⋈⋈⋈⋈≻⋈⋈⋈⋈⋈≻⋈⋈⋈⋈⋈⋈⊞⋈⋈⊞∈⋈⊤∈⊤∈⊤∈∋∈⋈⋈⊤∈⋈⋈⋈≻⋈⋈≺∋∋⊤∈⋈⋈⋈⋈≻⋈∋⋈⋈⋈⊤∈⊤∈∋⋈⋈⋈≻⋈⋈⊤⋈∈⋈⊞≺∋⋈⋈⋈⊤∈⊞⋈⋈⋈⋈∈⋈⋈≻⋈⋈⋈⋈⊞⊞⊞∈∋⋈⋈⋈≺∋⋈⋈⋈⋈⋈⋈⊤∈⋈⋈⋈≻⋈∋⋈⊤∈⋈⋈⋈≻∋⋈⋈≻⋈⋈⋈⋈≻∋⊞⋈⋈⋈⋈⋈⋈⊣⊞∋⋈⋈≻∋⋈⋈⊞⊥⊞⊤⊥⊞∈⊤∈⋈⊞⋈⋈⋈≻⊤∈⋈⋈≺∋⋈⋈⋈⊙⋈⋈⋈⋈⋈⋈≺∋⊞∋⋈⋈≻∋≺∋⋈⋈⋈≻⊤∈⋈≻⋈∋⋈⋈⋈⋈⊞⋈⋈⋈⋈⋈⋈⋈⊤⋈∈⋈⋈⊤∈⊤∈⋈∋⊤∈⋈≺∋⊤∈∋⋈⋈⋈⋈⋈⋈⋈≻∋⊤∈⋈⋈⋈⋈≻≺∋⋈≺∋⋈⊤∈⋈⋈⋈≻⋈∋⋈⋈⋈⋈⊞≺∋
0x27a54ad9	⊢⋈⋈⋈⋈⋈⋈⊞⋈⋈⋈⋈⊞∈⊤∈⊞⋈⋈⋈⋈⋈⋈⊞⊥⋈⊞⊤⊥⊞∈⋈⊡⊞⊞⋈⋈⊤∈∋⋈⊙⊤∈⋈⋈⋈⋈⋈≺⊞⋈⋈⋈⋈⋈⊤∈∋⋈⋈⊞⋈≺⋈⊡⊞⋈⋈⋈⋈≺∋⋈⊞⋈⊞⊞⊤⊞⊤∈⋈⋈≻⊤∈⊞⋈≺∋∋⋈⊞⋈⋈⋈⋈∈⋈≺⊤∈⋈⊞⋈⋈≺∋∋⊤∈⋈⊞⋈≻∋⋈⋈≻⋈⋈⋈⊤⋈∈⊞⋈⊞⊞⋈∈⋈⋈∈⊤∈⋈≻⋈≺∋⋈⊞⋈⊞⊞∈⊞⊤∈∋⊡∈⋈⋈⋈⋈⊤⋈∈∋⊞⋈⊞⋈⋈≺∋⊤∈∋⋈≻∋⋈⋈≻⋈⋈⋈⋈⋈⋈⋈⋈⊞⊤∈⋈⋈≺⊤∈⋈⊞⋈⋈≺∋∋⋈⊤∈⋈⋈⋈≺⊤∈⋈⊞⊞⋈⋈⋈≺∋∋⊤⊥⊤∈⊞∈⋈⊡⊞⊤∈∋∋⊤∈⋈∋⋈⊤∈⋈⊤∈⋈⋈∋⋈⊤∈⊞≺⊤∈⋈⊞⋈∈⊤∈⊞⋈⊞⊤⋈∈∋⊤∈∋⋈⋈≺∋∋∋⋈⊞⊤∈⊤∈⋈⋈⋈≻⋈⋈⋈≺⊤∈⊞⋈⋈≻⋈⋈≻⋈⋈⋈≺⊤∈⋈∋⊤∈⊤∈⋈≺∋∋∋∋∋∋⋈⋈⋈⋈⋈⋈⊞⋈⋈⋈⋈⊣⋈⊤∈⋈⋈∈⊤∈⋈≻≺∋⋈⋈⊞⋈⋈⊞⊤⋈∈∋≺∋⋈⋈⊤⋈∈⋈⋈⊞⋈⋈∈⋈⋈⊞∈⊞⋈⊞⊤∈⋈≻∋⋈⋈⊞⋈⊞⊤∈∋⋈⊞⊤∈∋⋈⋈≻⊤⋈∈⋈⊞⊤∈⋈⊞∈⊤∈⋈⋈⊤∈⋈⊤⋈∈∋≺∋∋⋈∋∋⋈⋈⋈⋈∋⊞⋈⋈⋈⋈⋈⋈⊣≺∋≺∋≺∋
0x27a54868	⊢⋈⋈⋈⋈⋈⋈⊤∈⋈⊞⋈⋈⋈⊞⋈⋈≻⊤∈⋈⋈⊞∈⊤∈⋈⊞⊤∈⋈⋈≻∋⋈⋈≻⋈⋈⋈⋈⋈⋈⊞⋈⋈⋈⋈⋈⋈⊞∈⋈⋈≺∋⊤∈⋈⊤∈⊤∈⋈≺⋈⊤∈⋈⋈⋈≻⊤∈⋈⋈≻⋈⋈⋈⋈⊙⋈⋈⋈≺⋈⊤∈∋⋈⊤∈⊤∈⋈≺⋈⊤∈⋈⋈⊞⊥⊞⊤⊥⊞∈⊞∈⋈⋈≻∋⊤∈⋈⊞⋈⋈⋈⋈≻⊤∈∋⋈⋈⋈≺∋⋈⋈⊙⋈⋈≺⋈≺∋∋∋⋈⋈⋈⋈⋈⋈⋈≺∋∋∋⋈⋈⋈⋈⋈⋈≺∋≻⊞⋈⋈⋈⋈⋈⋈⊣⋈⊞⋈⊞⊡∋⊞⊞∈∋⊤∈∋⋈⋈⋈⋈⋈⋈≻≺∋⋈⋈⋈⋈⋈⋈⋈≺
0x27a55073	⊢⋈⋈⋈⋈⋈⋈⊞⋈⋈⋈⋈⋈⋈⋈⋈⋈⋈⋈≻⋈⋈⋈⋈⋈⊞∈⋈⊤∈⋈⊤∈⋈⋈⋈⋈⋈⊤∈⋈⋈⋈≺∋⋈⊞∈⊤∈⊤∈⋈⊞⊤⋈∈∋∈∋∋∋⋈⋈∋⊤∈∋⋈⋈⊤∈⋈⊞⋈⊤∈⋈⋈≺∋⊞⋈⋈⋈⋈⊞∈⋈⋈⊞⊞⊞⋈⊞⊞⊞⊞⋈⊞⊞⊞⊞⊞⊞⊞⊤∈∋⊤∈∋∋⋈⋈⋈⋈⋈≻⊤∈⋈⋈⋈≻⋈⊞⋈⊞⋈⋈⋈⋈⋈⋈⋈⋈⋈≻⋈⋈⋈⋈⋈⋈≻⋈⋈⋈⋈⋈≺∋⋈⋈⋈⋈⋈≻⋈⋈⋈⋈≻⋈⋈⋈⋈≻⋈⋈⋈⋈⋈⋈⋈⋈⋈⋈⋈⋈⊤∈⊤∈⋈⋈⊤∈⋈⋈≺⋈≺∋∋⋈∈⋈⋈⋈⋈⋈⋈⋈⊞⋈⋈⋈⋈⋈⋈⋈⋈⋈⋈⋈⋈⋈⊞⋈⊞⋈⋈⊞⋈∈⊤⋈∈⊤∈⊤∈⊤∈∋⊤∈⊤∈⊤∈≺∋⋈⋈⋈⋈≻⋈⊤∈⋈⋈⋈≺⋈⊤∈⋈⋈≺≺∋∋∋∋⋈⋈⊤⊥⊞⋈∈⋈⋈⋈⋈⋈≻⋈⋈⋈≻⋈⋈⋈⋈≻⋈⋈⋈⋈⋈⋈⋈⊤∈⋈⋈⊤∈⊤∈⋈∋⊤∈⋈≺∋⊤∈∋⋈⋈⋈⋈⋈⋈⋈≻≺∋⊤∈⋈⋈⋈⋈≻≺∋∋⋈⊤∈⋈⋈⋈≻∋⋈⋈⋈⋈⋈⋈⋈⋈⋈⋈⊤∈⋈⋈⊤∈⊤∈⋈∋⊤∈⋈≺∋⊤∈∋⋈⋈⋈⋈⋈⋈⋈≻≺∋⊤∈⋈⋈⋈⋈≻≺∋∋⋈⊤∈⋈⋈⋈≻∋⋈⋈⋈⋈⋈⋈⋈⋈⋈⋈⊤∈⋈⋈⊤∈⊤∈⋈∋⊤∈⋈≺∋⊤∈∋⋈⋈⋈⋈⋈⋈⋈≻≺∋⊤∈⋈⋈⋈⋈≻≺∋∋⋈⋈⊤∈⋈⋈⋈≻∋⋈⋈⋈⋈⋈≺⋈⊤∈⋈⊤∈⋈⊞⋈⊤⋈∈∋⋈⊤⊥≺≺∋⋈⊞∋⋈⊞∈⊤∈∋⋈⋈⋈⋈⋈⋈⋈⋈≻⋈⋈⋈⋈⋈⋈⊤∈⋈⋈⋈≻∋⋈≺⊤∈⊤∈⋈⊤∈⋈⊞⋈⊤⋈∈∋⊞∈⋈⊞⊞∈∋≺≺∋⊞∋⊞⊤⊥⋈⋈⋈∋⊤∈⋈⊤∈⋈⊞⋈⊤⋈∈∋⋈⊤⊥≺≺∋⋈⊞∋⋈⊞∈⊤∈∋⋈⋈⋈⋈⋈⋈⋈⋈≻⋈⋈⋈⋈⋈⋈⊤∈⋈⋈⋈≻≺⊤∈⊤∈⋈⊤∈⋈⊞⋈⊤⋈∈∋⊞∈⋈⊞⊞∈∋≺≺∋⊞∋⊞⊤⊥⋈⋈⋈∋∋⋈⊤∈⊤∈⊤∈∋⊤∈⋈⊤∈⋈⊞⋈⊤⋈∈∋⋈⊤⊥≺≺∋⋈⊞∋⋈⊞∈⊤∈∋⋈⋈⋈⋈⋈⋈⋈⋈≻⋈⋈⋈⋈⋈⋈⊤∈⋈⋈⋈≻≺⊤∈⊤∈⋈⊤∈⋈⊞⋈⊤⋈∈∋⊞∈⋈⊞⊞∈∋≺≺∋⊞∋⊞⊤⊥⋈⋈⋈∋⋈⋈≺∋∋∋⋈⋈⋈⋈⋈⋈⋈⋈≻⋈⋈⋈⋈⋈⊤∈⋈⋈⋈≻∋⋈⊤∈⋈⋈⋈≻∋⋈⋈⋈⋈⋈⋈⋈⋈⋈⋈⋈⋈≻⋈⋈⋈⋈⋈⊤∈⋈⋈⋈≻∋⋈⊤∈⋈⋈⋈≻∋⋈⋈⋈⋈⋈⋈⋈⋈⋈⋈⋈⋈≻⋈⋈⋈⋈⋈⊤∈⋈⋈⋈≻∋⋈⊤∈⋈⋈⋈≻∋⋈⋈⋈⋈∋⋈⋈⋈⋈⋈⋈⋈⋈⋈⋈⋈⋈⊤∈⋈⋈⋈⋈⋈⋈⋈≻⊤∈⋈⋈⋈≻⋈⋈⊤∈⋈⊤⋈⋈∈⋈⊞⋈⊤⋈⋈⋈∈∋⋈⊤⊥≺≺∋⋈⊞∋⋈⊞∈⊤∈∋⋈⋈⋈⋈⋈⋈⋈⋈≻⋈⋈⋈⋈⋈⋈⊤∈⋈⋈⋈≻≺∋∋⋈⊤∈⋈⋈⋈≺⋈≺⊤∈⊤∈⋈⊤∈⋈⊞⋈⊤⋈∈∋⊞∈⋈⊞⊞∈∋≺≺∋⊞∋⊞⊤⊥⋈⋈⋈∋⊤⋈⋈⊥⋈⋈∋⋈⋈⋈⊤∈⋈∋⊤∈⊤⋈⋈⊥⊤⊥⊞⊙⊤∈⊤∈⋈⋈⋈⋈≻∋⋈⊤∈⋈⋈⋈≻∋⋈⋈⊤∈⋈⋈⋈≻≺⊤∈⋈⊤∈⋈⊞⋈⊤⋈∈∋⋈⊤⊥≺≺∋⋈⊞∋⋈⊞∈⊤∈∋⋈⋈⋈⋈⋈⋈⋈⋈≻⋈⋈⋈⋈⋈⋈⊤∈⋈⋈⋈≻≺⊤∈⊤∈⋈⊤∈⋈⊞⋈⊤⋈∈∋⊞∈⋈⊞⊞∈∋≺≺∋⊞∋⊞⊤⊥⋈⋈⋈∋∋∋⋈⋈⊤⋈⋈⊥⋈⋈⊤⋈⋈⊥⊤⋈⋈∈⊤⋈⋈⊥⋈⊤⊥⊤⋈⋈⊥⊤⊥⊞∈⊤∈⊞⊤⋈∈⋈⊤⋈∈∋⋈∋∈∋⊤∈⊤⋈∈⋈⊤∈⋈⋈⋈⋈⊤⊥⋈⊤⊥⊞∈⊤∈⋈⊞⋈⋈⋈≻⊤∈⋈≺⋈≺∋⋈⋈⋈⋈⊙⋈⋈⋈⋈≺⋈⋈≺∋⋈⋈⋈∋⋈≺∋⋈⋈⋈⋈⋈≻⋈⋈⋈⋈⋈⋈⋈⋈⋈≻≺∋⊤∈⊤∈⋈⊤∈⋈⋈⋈⋈⋈⊤⊥⊞⊤⊥⊞∈⊤∈⋈⊞⋈⋈⋈≻⊤∈⋈≺⋈≺∋⋈⋈⋈⋈⊙⋈⋈⋈⋈≺⋈⋈≺∋∋⋈∋⋈⋈⋈⋈⋈≻⋈⋈⋈⋈⋈⋈⋈∋⊤∈⋈⋈⋈⋈⋈⋈≻⋈⋈⋈⋈≻⋈⋈⋈⋈≻⋈⋈⋈≻⋈⋈⊤⋈⋈⊥⋈⋈⊤⋈⊥⊤∈⋈⋈⋈⋈⋈⋈≻⋈⋈⋈⋈⋈⋈⋈⋈⋈⋈⋈≻⋈⋈⋈⋈⋈≺∋⋈⋈⊤⋈∈⋈⋈⋈⋈≻∋⋈⋈⋈≻⋈≺⊤∈⋈⊤∈⋈⊞⋈⊤⋈∈∋⋈⊤⊥≺≺∋⋈⊞∋⋈⊞∈⊤∈∋⋈⋈⋈⋈⋈⋈⋈⋈⋈≻⋈⋈⋈⋈⋈⋈⊤∈⋈⋈⋈≻≺⊤∈⊤∈⋈⊤∈⋈⊞⋈⊤⋈∈∋⊞∈⋈⊞⊞∈∋≺≺∋⊞∋⊞⊤⊥⋈⋈⋈∋∋⋈⋈⋈≻⊤∈⋈⊤∈⋈⊞⋈⊤⋈∈∋⋈⊤⊥≺≺∋⋈⊞∋⋈⊞∈⊤∈∋⋈⋈⋈⋈⋈⋈⋈⋈⋈≻⋈⋈⋈⋈⋈⋈⊤∈⋈⋈⋈≻≺⊤∈⊤∈⋈⊤∈⋈⊞⋈⊤⋈∈∋⊞∈⋈⊞⊞∈∋≺≺∋⊞∋⊞⊤⊥⋈⋈⋈∋∋⋈⋈⋈≻⋈⊤⋈⋈⊥⋈⊤⋈⊥⊤∈⋈⋈⋈⋈⋈⋈≻⋈⋈⋈⋈⋈⋈⋈⋈⋈⋈⋈⋈≻⋈⋈⋈⋈⋈≺∋⊤⋈∈⋈⋈⋈⋈≻∋⊤∈⋈⊤⋈∈⋈⊞⋈⊤⋈⋈∈∋⋈⊤⊥≺≺∋⋈⊞∋⋈⊞∈⊤∈∋⋈⋈⋈⋈⋈⋈⋈⋈≻⋈⋈⋈⋈⋈⋈⊤∈⋈⋈⋈≻∋⋈≺⊤∈∋∋∋∋∋∋∋⋈⋈⋈≻⋈⊤∈⋈⊤∈⋈⊞⋈⊤⋈∈∋⊞∈⋈⊞⊞∈∋≺≺∋⊞∋⊞⊤⊥⋈⋈⋈∋⊤∈⋈⋈⋈≻∋∋⋈⋈⋈⊤∈⋈∋⋈⋈⋈⊤∈⋈∋⊤∈⊤⋈⋈⊥⊤⊥⊤⋈⋈⊥⊤⊥⊞⊙⊤∈∋⋈⋈⊤∈⋈⋈⋈⋈≻∋⊤∈⋈⋈⋈⋈≻∋⋈⊤∈⋈⋈⋈≻∋⋈≺⊤∈⋈⋈⋈⋈≻∋⊤∈⋈⋈⋈⋈≻∋⋈⊤⋈∈⋈⋈⋈≻∋⋈⋈⋈⋈≺∋⋈⋈⋈≻⋈⋈⋈≻⋈⋈⊤⋈⋈⊥⋈⋈⊤⋈⊥⊤∈⋈⋈⋈⋈⋈⋈≻⋈⋈⋈⋈⋈⋈⋈⋈⋈⋈⋈≻⋈⋈⋈⋈⋈≺∋⊤∈⋈⋈⋈⋈≻∋⋈⋈⋈≻⋈⋈⊤⋈⋈⊥⊤∈⋈⋈⋈≺∋⊤∈⋈⊤⊥⊤⊥⊤∈⋈⊤∈⊤∈⋈⋈⋈≻≺⋈⋈⊤⊥⋈⊤⊥⊞∈⊞⋈⋈⊤∈⋈⊞⋈⋈⋈≻⊤∈∋⋈≺∋⋈⋈≻∋⊞∋⋈⋈≻∋⋈⋈⊤⊥⋈⊤⊥⊞∈⊤∈⋈⊞⋈⋈⋈≻⊤∈⋈⋈≺∋⋈⋈⋈⊙≺∋⊞∋⋈⋈≻∋⊞∋⋈⋈≻∋∋⋈⋈⊤∈⋈⋈⋈⋈≻∋⋈⊤∈⋈⋈⋈≻∋⋈∋⊤∈⋈⋈⋈≻∋⋈⊤∈⋈⋈⋈≻∋⋈⊤∈⋈⋈⋈≻⋈≺∋⋈⋈⋈⋈⊙⋈⋈⋈⋈⋈⋈≻⋈⋈⋈⋈⋈⋈≺⊤∈⊤⋈∈∋∋⋈⋈⋈∋∋⊤∈⋈⋈⋈⋈≻∋⋈≺≺∋⋈⋈⋈⋈⋈⋈⋈≻⋈⋈⋈⋈∋⋈⋈≻⋈⋈⋈⋈⋈⊤⋈⋈⊥⋈⊤⋈⊥⊤∈⋈⋈⋈⋈⋈⋈≻⋈⋈⋈⋈⋈⋈⋈⋈⋈⋈⋈⋈≻⋈⋈⋈⋈⋈≺∋⊤∈⋈⋈⋈⋈≻∋⊤∈⋈⋈⊤∈⋈⊤∈⋈⊤∈⋈≺∋⊤∈⋈≺∋⊤∈∋⋈⋈⋈⋈⋈⋈⋈⋈≻≺∋⊤∈⋈⋈⋈⋈⋈≻≺⋈⋈⋈⋈⋈⋈⋈⋈≻⋈⋈⋈⋈⋈⊤∈⋈⋈⋈≻∋⋈⊤∈⋈⋈⋈≻≺∋∋∋∋⋈⊤∈⋈⋈⋈≻∋⋈⋈⋈⋈⋈⋈⋈≻⋈⋈≻⋈⊤∈⋈⋈⋈≻∋⋈⋈⋈≻⋈⋈≻⋈⊤∈⋈⋈⋈≻∋⊤∈⋈⋈⋈⋈⋈⋈⊤∈⋈⋈⊤∈⊤∈⋈∋⊤∈⋈≺∋⊤∈∋⋈⋈⋈⋈⋈⋈⋈≻≺∋⊤∈⋈⋈⋈⋈≻≺∋∋⋈⋈⋈⋈⋈⋈≺⋈⋈⊤⋈⋈⊥⋈⊤∈⋈⋈∋⋈⊤∈⋈⋈⋈⋈≺⋈⊤∈⋈⊞⊞⋈⋈⋈≺∋∋⊤∈⊤∈⋈⋈≻≺⊤∈⊤∈⋈≻⊤∈⋈⋈⋈⋈≻∋⋈⋈⋈⋈≺⋈⋈⊤∈⊤∈⋈⊤∈⋈⋈⊤⊥⋈⊤⊥⊞∈⊞⊤∈⋈⊞⋈⋈⋈≻⊤∈⋈≺∋⋈⋈≻∋⋈⊞∋∋⋈⋈⋈⊤∈⋈∋⊤∈⊤⋈⋈⊥⊤⊥⊞⊙⊤∈⊤∈⋈⋈⋈⋈≻∋⋈⋈⋈⊤⋈∈∋⋈⋈⋈⋈⊙⋈⋈⋈≻⊤∈⋈⋈⊤⊥⋈⋈⋈⊙⋈⊤⊥⊞∈⋈⋈⋈∈⊤∈⊞∈⋈⊞⊤∈∋∋∋⊞⋈⋈⋈≺∋⋈≺∋⋈⊤∈⋈⋈⋈⋈⊙⋈⋈≺⋈⋈≻⊤∈∋⋈⋈≻⋈⋈⋈⋈⋈⋈⊞⋈⋈⋈⋈⊞∈⋈⋈⋈⋈≺⋈⊤∈⋈⊞⊞⋈⋈⋈≺∋∋⋈⊤∈⋈⋈⊤⊥⊤⊥⊤∈⊤∈⊤∈⋈⋈⋈⋈≻≺⋈⋈⋈⋈⋈⋈⋈≻⋈⋈⋈⋈≺⋈⋈⋈⊤⊥⊤∈∋⋈⋈⋈≺⋈⊞≺∋⋈⋈⊤∈⊤∈⋈≺⊤∈⋈⋈⊞⊥⋈⊤⊥⊞∈⊞∈⋈⋈≻∋⋈⊤∈⋈⊞⋈⋈⋈⋈≻⋈⊤∈∋⋈⋈≺∋⋈⋈⋈⊙⋈⋈⋈≺∋∋∋⋈⋈⋈⋈⋈⋈≻⋈⋈⋈⋈⋈⋈∋⊤∈∋⋈⋈⋈⋈≻∋∋⊞⋈⋈⋈⋈⋈⋈⊣⋈⋈⊤⊥⋈⋈⋈⊙⋈⋈⊞⊤⊥⊞∈⋈⋈∈⊤∈⊞∈⋈⊞⊤∈∋∋∋⊞⋈∋⋈⋈⋈≺∋⋈⋈⋈≻⋈⋈≻⋈⋈≻⋈⋈⋈≻⋈⋈⋈⋈⋈⋈⋈⋈⋈⋈⋈⋈⋈⊤∈⋈⋈⋈≻∋⋈⊤⋈∈⋈⋈⋈≻∋⋈⊤∈⋈⋈⋈≻∋⋈⊤∈⋈⋈⋈≻∋⊤∈⋈⋈⋈⋈≺∋⊤∈⋈⋈⋈⋈≻∋⋈⋈≺∋∋⋈⊤∈⋈⋈⋈≻∋⋈⊤∈⋈⋈⋈≻∋⋈⊤∈⋈⋈⋈≻∋⋈⊤∈⋈⋈⋈≻∋⋈⊤∈⋈⋈⋈∋≻∋∋⋈⊤∈⋈⋈⋈≻∋⋈⊤∈⋈⋈⋈≻∋⋈⊤∈⋈⋈⋈≻∋⋈⋈⊤∈⋈⋈⋈≻≺∋∋⋈⊤∈⋈⋈⋈≻∋⊞⋈⋈⋈⋈⋈⋈⊣⋈≺∋⋈⋈⋈⋈⊙⋈⋈⋈≺⋈⋈≺∋∋⋈∋⋈⋈⋈⋈⋈≻⋈⋈⋈⋈⊤∈⋈⋈⋈⋈≻∋⋈⋈⋈⋈⋈⊞⊤⊥⋈≺∋∋∋∋⋈∋⋈⊤∈⋈⋈⋈≻∋⋈⊤⋈∈⋈⋈⋈≻∋⋈⊤∈⋈⋈⋈≻∋⊞≺∋
0x27a5829e	⊢⋈⋈⋈⋈⋈⋈⊞⋈⋈⋈⋈⋈⊤∈⋈⋈⋈⋈⊙⊞≺⋈⋈⋈⋈≻⊤∈⋈⋈≻⋈⊤⊥⋈⋈⋈⊙⋈⊤⊥⊞∈⋈⋈⋈⋈∈⊤∈⊞∈⋈⊞⊤∈∋∋∋⊞⋈⋈⋈⋈⋈≺∋∋⊤∈⋈⋈⋈⋈⋈⊙⊤∈⋈⋈⋈⋈⋈⋈⋈⋈⋈⋈⋈≻⋈⊤∈⋈⋈⋈⋈⊙⋈⊤∈⋈⋈⋈≻⋈⋈⋈⋈≻⊤⋈∈⋈⋈⋈⋈≻⊤∈⋈⋈⋈⋈⋈⋈⋈≻⊤⋈⊥⊥⋈⋈⋈⋈⋈⋈⋈⋈⋈⋈⋈⋈⋈⋈⋈⋈⋈⋈⋈⋈⋈⋈⋈⋈⊞⋈⋈⋈⋈⋈⋈≺∋⋈⋈⋈≻⋈∋∋∋∋⋈⋈⋈⋈⋈⋈≻⋈⊞⋈⋈⋈⋈⋈⋈≺
0x27a547c3	⊢⋈⊞⋈∈⊤∈⋈⊞⊤⋈∈∋⋈∋⋈⊞⋈∈⊤∈⋈⊞⊤⋈∈∋⋈∋⊤⊥⊞⊤∈⊞∈⊤∈⊞∋⊣⊤∈⊞⊤⊥≺∋⊤∈⊞⊤⊥≺∋⊞⊤∈∋⊥⊞⊣
0x27a52e86	⊢⋈⋈⋈⋈⋈⋈⊞⋈⋈⋈⋈⋈≻⋈⋈⋈⋈⋈⋈≻⋈⋈⊞⋈⋈⋈⊤⋈⊥⊤∈⋈⋈⊞⋈⊞⊞⋈⋈∈⊤⋈⊥⊤⋈⊥⊞⊞⊞⋈⊞⊤∈⋈≻⋈⋈⋈⋈∋⋈⊞⋈⊞⊞⋈⋈⊤∈∋⊤∈⋈⊞⊤∈⋈≻∋⋈⋈⊞⋈∋∋⋈⋈⋈≻⋈⋈⋈⋈≻⋈⋈⋈⋈≻⋈⋈⋈⋈≻⋈⋈⋈⋈⊞⋈⋈⋈⋈⋈⋈≺
0x27a5302e	⊢⋈⋈⋈⋈⋈⋈⊞⋈⋈⋈⋈⋈≻⋈⋈⋈⋈⋈⋈⋈≻⋈⋈⊞⋈⋈⋈⊤∈⋈⋈⋈⊞⋈⊞⊞⋈⋈∈⋈⊤⋈⊥⊞⊞⊞⋈⊞⊤∈⋈⋈≻⋈⋈⋈⋈∋⊞⋈⊞⋈⊞⋈⊤∈∋⋈⋈⋈≺∋⋈⋈⋈≻⋈⋈⋈⋈≻⋈⋈⋈⋈≻⋈⋈⋈⋈≻⋈⋈⋈⋈⊞⋈⋈⋈⋈⋈⋈≺
0x27a52df7	⊢⋈⋈⋈⋈⋈⋈⊤∈⊤∈⊤∈⋈≻∋⋈⋈⋈⋈⊞⋈∈⋈⊞∈⋈≻⊤∈⊞⋈⊞⊤∈∋≺∋∋∋⋈⋈⋈⋈⊞⋈⋈⊣
0x27a531ab	⊢⋈⋈⋈⋈⋈⋈⊞⋈⋈⋈⋈⋈≻⋈⋈⋈⋈⋈⋈≻⋈⋈⋈⋈⋈⋈⋈≻⋈⋈⋈⋈≻⋈⋈⋈⋈≻⋈⋈⋈⋈≻⋈⋈⋈⋈≻⋈⋈⋈⋈⋈⊞⋈⋈⋈⋈⋈⋈≺
0x27a53288	⊢⋈⋈⋈⋈⋈⋈⊞⋈⋈⋈⋈⋈⋈⊞∈⊤∈⊤⋈∈∋⊞⋈⊞⊥∈⋈⊤∈⊤∈⋈⊤⋈∈∋⊞⋈∋⋈∈⋈⊤∈⋈⊤∈⋈≺⋈⊤⋈∈∋⊞≺∋⊤∈∈⊞⋈∈⊤∈∋⋈⊤∈⋈⊞⊤∈⊤∈⋈⊤⋈∈∋∈∋∋⋈⋈⊙⊤∈⋈⋈⋈⊤∈⊞⋈⋈≻⋈⋈⊤∈∋⋈⋈⋈⋈⋈⋈⊙⋈⋈⋈⋈≻⋈⋈⋈⋈≺≺⋈≺∋⋈⋈⋈≻⊤∈⋈⋈⋈≺∋⋈⋈⋈⋈⊙⋈⋈⋈≻⋈⋈≻⊤∈⋈⋈⋈⋈⋈⋈⊙⋈⋈⋈⋈≻⋈⋈⊞∈∈⋈⋈⊡⊞⊞⋈⋈⊞⋈≻⊞⋈⊞⋈⊞⋈⋈⊞∈⊤∈⋈≻⋈⋈⋈⊞⊞⋈⊞⊤⋈⊥⊞⋈⊞∈∋⋈⋈⋈⊞≻⋈⊤∈⋈⊞⊞⋈⋈⊞⋈⊞⋈⋈⊞⊞∈⋈⊤∈⋈⋈⋈⊞⊞⋈⊞⋈⊞⊤⋈⊥⊞⋈∈∋⋈≺∋⊤∈⋈⋈≻⋈⋈⋈⋈⋈⋈⋈⋈⊞∈∋⋈⋈⋈⋈⋈⊞⋈⋈⋈⊞≻⋈⋈⊞⋈⋈⋈⋈⋈⋈⋈⋈⋈⊞⋈⊞⋈⋈⋈⋈∈⋈⊞⊤∈∋⋈≺⊤∈⋈≻⋈⋈⋈⋈⋈⋈⊞⊙⋈⋈⋈⋈⊞⊞⊞⋈⊞⋈⊞⊞⊞⋈⊞⋈⊞⊞⊤⊥⊥⊤∈⊞⋈⋈⋈⊞⋈⋈∈⊤∈⋈⋈⋈≻⊤∈∋⋈⋈⋈⊞⋈⊞⊞⋈⊤⋈⊞∈⊞⊞⊞⊞∈∋≺∋∋⊞⊞⊞∈⋈⊤∈⋈⋈⊞⋈⊞⊞⊞⊞⊡⋈⋈⊞⊥⋈⊤∈∋⋈⋈⊡⋈⋈⊞⋈∈⊞⊞⊞∈⋈⊤∈⋈≺⊞⊞⊞⋈⋈⊞⊞⋈⊤∈∋⊡⊞∋⋈⊤∈∋⋈⋈⋈≻∋⋈⋈⋈⊞⊞∈∋⋈⊞⋈≻⋈⊤∈⋈⊤∈⋈⋈⋈⋈⊙⋈⊞⋈⋈⋈⊞⋈⊞⊞⋈⋈⋈∈⋈⋈⊞⊤∈⋈⊤∈⋈⋈⋈⊞⊞⋈⋈⊞⊞⊤∈∋≺∋⋈⋈⋈⋈⋈⋈⋈⋈≻⋈⋈⋈⋈⊞⋈⋈≻⋈⋈⋈⋈≻⋈⋈⋈⋈≻⋈⋈⋈⋈≻⋈⋈⋈⋈⋈⋈⋈⊞⋈⊞⋈≻⊤∈⋈⋈⋈⋈⋈⊞⋈⊞⋈∈⊤∈⊤∈⋈⋈⋈⋈⊞⊙⋈⋈⊞⋈⊞⊞∈∋⋈∋⋈⋈⋈⋈⋈⋈≻⋈⊙⊤∈∋⋈⋈≻∋⋈≺∋∋∋⋈≻∋⋈⋈≻∋⋈≺∋⋈≻∋⋈∋⋈≻∋⋈≻∋⋈⋈⋈≻∋⋈≻∋⋈⋈≻∋⋈⋈≻∋∋⋈⋈≻∋⋈⋈≻∋⋈≺∋⊞≻⋈⋈⋈⋈⋈⋈⋈⋈⋈⋈⋈⋈⋈⋈≻⋈⋈⋈⋈≺∋≻∋⊞⋈⋈⋈⋈⋈⋈⊣
0x279cfab1	⊢⊤∈⋈⊤∈⊤∈⊤∈⊤∈⊤∈∈∋⊤⊥⊣∋∋∋∋⊞∋⊣
0x279cfc4e	⊢⋈⋈⋈⋈⋈≻⋈⋈⋈⋈⋈≻
0x279cfb4c	⊢⋈⋈⊤∈≻∋≻
0x279d0670	⊢⋈⋈⋈⋈⋈⋈⋈⊞⋈⋈⋈⊤∈⊞⋈⋈⋈⋈⊞⋈⋈⋈⋈⋈⋈⊙⋈⊤∈⋈⋈⋈⋈≺∈⋈⋈⊤∈⊤∈⋈⋈⋈⋈⊙⊤∈⋈⊞≺⊤∈⋈⊤∈⋈⊞⋈∋⊤∈⋈⊞⊞≺∋⋈⊤∈⋈⊞⊤∈⊞⊤∈∋⋈⊞≺∋∋⊤∈⋈⊞⊤∈⊞⋈∋∋⊤∈⋈⊞⊤∈⊞⋈∋∋⋈⊞⋈⋈⋈⋈⋈⊞⋈≺∋⋈⋈⋈⋈⋈⊙⊤∈⊞⋈≺⋈⋈⋈⊙⊤∈∋∋⋈⊞≺∋∋⋈⋈⊤∈∋∋⊞≺∋⊞⋈⋈⋈⋈⋈⋈⊣
0x279d2b70	⊢⋈⋈≻
0x279d2b80	⊢⋈⋈⊞⋈⋈⊤∈⋈⊡∈⊤∈⊞∈∋⊞∋⋈⋈⊞⊤⊥⋈⋈⊥⋈⋈⋈⋈⊞≺∋⋈⋈⊤∈⊤∈⊤∈⋈⋈⋈⋈⋈⋈⋈⋈⋈⋈⋈⋈⋈⋈⋈≺⊤⊥⊤⊥⊞∈⊤⊥∋⋈⊤∈⊤∈⊡∈⊤∈⊞∈∋∋⊞∋⊤∈∋∈⋈≻∋⋈⊤∈⋈⊞⋈⊞⊤∈⊞⊞⋈≺⋈⊞⊞⊞⊤∈⊞⊞⋈⋈⊞⊞⊞⊞⊞⊞⊤∈∋≺∋∋⋈⋈⊤∈⋈⊤∈⊤⋈⊞⋈⋈≺∋∋∋⊞⋈⋈⋈⋈⋈⋈⋈⋈⋈⋈⋈⋈⋈⋈⋈⋈⋈⋈⋈⋈⋈⋈∋∈⋈⋈≻∋⋈∋⋈⋈⋈⋈⋈⋈⋈⋈⋈⋈⋈⋈⋈≺∋
0x279d30e0	⊢⋈⋈≻
0x279d3140	⊢⋈⋈⊞⋈⋈⋈⋈⋈⋈⋈⋈≻
0x279d1b00	⊢⋈⋈⋈⋈⋈≻
0x279d3180	⊢⋈⋈⊞⋈⋈⋈⋈⋈⋈⋈⋈⋈⋈⋈⋈⋈⋈⋈≻
0x279d31e0	⊢⋈⋈⋈⋈⊞≻
0x279d3243	⊢⋈⋈≻
0x279d122d	⊢⋈⋈⊞⋈⋈⋈⋈⋈⋈⋈⋈⋈⋈⋈≻
0x279d3200	⊢⋈⋈⊞⋈⋈⋈⋈⋈⋈⋈⋈≻
0x279d0515	⊢⋈⋈⊞⋈⋈⋈⋈⋈⋈⋈⋈⋈⊤∈⋈⋈⋈⋈⋈⋈⋈⋈⋈⋈⋈⋈⋈≻∋⋈⋈⋈⋈⋈⋈⋈⋈⋈⋈⋈⋈⋈⋈⋈⋈⋈⋈⋈≻
0x279d3233	⊢⋈⋈⋈≻
0x279d3250	⊢⋈⋈⋈⋈⋈⋈≻
0x279d1c20	⊢⋈⋈⋈≻
0x279d0640	⊢⋈⋈⊞⋈⋈⋈⋈⋈⋈⋈≻
0x27a52230	⊢⋈⋈⋈⋈⋈⋈⋈⊞⊞⊞⋈⊞⋈⋈⊞⋈⊤∈⊞≺⋈⋈⋈⊞⋈⋈⊞⋈⋈⋈⊤⋈⋈∈⋈⋈⋈⊞⋈⊞⋈⊞⋈⋈⋈⋈⋈⋈⋈⊞⋈⋈⋈⋈⋈⋈⋈⋈⋈⋈≺∋⊞⊞⊞⋈⋈⊞⋈⊤⋈∈⊞⋈⋈⊞⋈⋈∋⊞⋈⋈⊞⊞⋈⊞⊞⋈⊞⊞⋈⊞⋈⊞⊞⊞⊞⋈⊞⊞⊞⋈⊞⋈⊞⋈⊞⊞⊞⋈⊞⊞⊞⋈⋈⊞⋈⊞⋈⊞⊞⊞⋈⊞⊞⋈⋈⊞⊞⋈⊞⋈⊞⊞⊞⋈⊞⊞⊞⊞⊞⊞⋈⊞⊞⊞⊞⊞⊞⊞⊞⊞⋈⊞⊞⊞⋈⊞⊞⊞⋈⊞⊞⊞⊞⊞⋈⊞⋈⋈⊞⊤⊥⊤∈⋈⊞⋈⊞⋈⋈⊞⊞⊞⋈⊞∋⋈⋈⊞⊞⊞⋈⊞⋈⊞⊞∈⋈⋈⊞⊞⊞∈∋⋈⊞⊞⋈⊞⊞⊞⊞⊞⊞∋⋈⊞⊤∈⋈≻⋈⋈⊞⊞⊤∈⋈⋈⋈⊤∈⋈⊞⋈⊞⊤∈⋈⋈⋈⊞⋈⋈⊞⊤⊥⊥⋈⊞⊞⊞⊞⊞⊞⋈∋⋈⋈⊞⋈⊞⋈⊞⊞⊞⊞⊞⋈⊞⊞⊞⋈⊞⊞⊞⋈⊞⊞⊞⋈⋈⊞⊞⋈⊞⊞⋈⊞⊞⊞⋈⊞⊞⊞⊞⊞⊞⊞⊞∈⋈⋈⊞⋈⊞⊞⋈⋈⊞⊞⊞⋈⊞⊞⊞⋈⊞⊞⊞⋈⊞⊞⊞⋈⊞⊞⊞⊞⋈⊞⊤⊥⋈⋈⊞⊞⋈⊞⊞⊞⊞⊞⋈⋈⊞⊞⊞⊞⋈⊞⊞⋈⋈⊞⊞⊞⊞⊞⊞⊞∋⋈⋈⊤∈∋⋈⋈⊞⊞⊞⊞⊞⋈⊞⊞⊞⋈⊞⊞⊞⊞⊤∈⋈⋈⋈⊞⋈⋈⋈⊞⊞⋈⊞⊞⊞⊞⊞⊞⊞≺∋∋∋⋈⊤⊥⊤⊥⊞⋈⊞⊤⊥⊤∈⋈⊞⋈⊞⋈⊤⋈⋈⊥⊞∋∋⋈⊞⋈⊞⊞⋈⊞⋈⊞⊞⊥⋈∋⊞⋈⋈⋈⊞⋈⋈⋈⋈⋈⋈⊣
0x27a4cca0	⊢⋈⋈⋈⋈⊙⋈⊞⊡∈⊤∈⋈≻⋈⊞∈⊙≺∋⊞⋈⋈⊣
0x27a455e0	⊢⋈⋈⋈⋈⋈⊞⋈⊤∈⋈⊞⋈⋈⋈⋈≺⋈⋈⋈⊙⋈⊞⋈⋈⋈≻⊤∈⋈⋈⋈⋈⊞≻⊤∈⋈⋈⋈⊙⊞⋈⋈⋈⋈⋈⋈⋈⋈⋈⋈⋈⊙⊤∈⊙⋈⊞⊞≺⋈⋈⋈⊙⋈≺⋈∋⋈⋈≺∋∋⊞⋈⋈⋈⋈⊣
0x27a4db40	⊢⋈⋈⊞⋈⋈⋈⋈⋈⋈⋈≻
0x27a51690	⊢⋈⋈⊤∈⋈⊞⊙⊙≺∋⊞⋈⊣
0x27a22c90	⊢⊤⊥⊣
0x279cce3c	⊢⋈⋈⋈⋈⋈⋈⊞⋈⋈⋈⋈⋈≻⊤⋈⊥⊤∈⋈⋈⋈≻⋈⊤⊥⊞⋈⋈⋈⋈⊙⊤∈⋈⋈≻⋈⋈⋈⋈⋈⋈⋈⋈⋈≻⊤⊥⋈⋈⋈≻⊤∈⋈⋈⋈⋈⋈⋈⋈⋈⋈≻⊤∈⋈≻∋⋈⋈⊙⊤∈∋⋈⋈≻⋈⋈⋈⋈⋈⋈⋈⋈⊙⊤∈⋈⋈≻⋈⊞⋈⋈⋈⋈⊙⊤∈∋⋈⋈≻⋈⋈⋈⋈⋈⋈⋈⋈⋈⋈⊞≻⋈⊞≻⋈⋈⋈⋈⋈≻⊤∈⋈⋈⋈⋈⋈⋈⋈⋈⋈≻⊤∈⋈≻∋⋈⋈≻⋈⋈⊙⊤∈∋⋈⋈≻⋈⋈⋈⋈⋈⋈⋈⋈⋈⋈≻⊤⊥⋈⋈⋈≻⊤∈⋈⋈⋈⋈⋈⋈⋈⋈⋈≻⊤∈⋈≻∋⋈⋈⊙⊤∈∋⋈⋈≻⋈⋈⋈⋈⋈⋈⋈⋈⋈≻⊤⊥⋈⋈⋈≻⊤∈∋∋∋⋈⋈⋈⋈⋈⋈⋈≻⋈⋈⋈⋈⋈⋈⋈⋈⋈≻⊤∈⋈≻∋⋈⋈⋈⋈⋈⋈⋈⋈⋈⋈⋈⋈⋈⋈⋈⋈⋈⋈⋈⋈⋈≻⊤∈⋈≻∋⋈⋈⋈⋈⋈⋈⋈⋈⋈≻⋈⋈⋈⋈⊤∈⋈⋈⋈⋈⊤∈⊞⊞⋈⋈⋈⊞⋈⊤∈∋⋈⋈⊙⊤∈∋⋈⋈≻⋈⋈⋈⋈⋈⋈⋈≺⊞⋈⋈⋈⋈⋈⊤∈⋈⋈⋈≻∋⊤∈∋⋈⋈⊞≻≺∋⋈⋈⋈⋈⋈⋈⋈⋈⋈⋈⊞⋈⋈⋈⋈⋈⋈≻⊤⊥⊤⋈⋈⊥∈⊤∈⋈⋈⋈⋈≻⊤∈⋈⋈⋈⋈⊙⋈⋈⋈⋈⋈⊞⋈⋈⊞∋⋈⋈⊤∈⋈⊞⋈⋈⋈⊞⊞⋈⋈⋈⋈⋈⋈⋈∈⋈⋈≻⊤⊥⋈⋈⋈⋈≻⋈⋈⋈⊤∈⋈⋈⋈⋈⋈⋈⋈⋈≺⋈⋈⊞∈⊤∈⋈⋈⋈⋈⋈≻⊤⊥⋈⋈≻⋈⋈⋈⋈⋈⊤∈∋⋈⋈⋈⋈⋈⋈⋈⋈≺⋈⊤∈⋈≻⋈⋈⋈∋⋈⊞⋈⋈⋈⋈⋈⋈⋈⋈⋈⊞⋈⋈⋈⋈⊤⋈⋈⋈∈∋⋈⋈⋈⋈≺∋⋈⋈⋈⋈⋈⋈⋈⋈≻⋈≻≺⊤⋈∈∋≺⋈⋈⋈⋈⋈≺⊞⋈⋈⋈⋈⋈⋈⋈⋈⋈⋈≻⋈⋈⋈⊤∈⋈⋈⊞⊞⋈⊤∈⋈⋈⋈⋈⊞⋈⋈⊞⋈⋈∈⋈⋈⋈⊤∈⋈⋈⋈⋈⋈⋈⋈⋈⊞⋈⊤∈⋈⋈⋈⋈⋈≻⋈⋈⋈≺∋⊞⊞⊞⋈⊙⊞⋈⋈⋈⋈⋈≻⋈⊞⋈⊥∈⊞⋈⋈⋈⊞⋈⋈⋈≻⊤∈⋈≺∋⋈≻∋⋈⋈⋈⊙⊤∈∋⋈⋈≻⋈⋈⋈⋈⊤∈⋈⋈⊙⊤∈⋈⋈≻⋈⋈⋈⋈⋈⋈⋈⋈⋈⊞⊤⋈∈⊤∈⋈≺⋈⊤∈⋈⋈⊞⊥⊞⊤⊥⊞∈⊞∈⋈⋈≻∋⊤∈⋈⊞⋈⋈⋈≻⊤∈∋⋈⋈≺∋⋈⋈⋈⊙⋈⋈≺⋈≺∋∋∋⋈⋈⋈⊞⋈⋈⋈⋈⋈⋈⊣⋈⋈⋈⋈⋈⋈⋈⋈⊞⋈⋈⊣⋈⋈⋈⋈⊞⋈⋈≺⋈⋈⋈⋈⋈⋈⋈⋈⋈⋈⋈⋈⋈∋⋈⋈⋈⋈⋈≻∋⋈≺∋⋈⋈≻⋈⋈⋈⋈≻⋈⊤∈⋈⋈⊞⊞⊤∈⋈⊞⊙∋∋⊤∈⋈∈⋈≻⊞⊞∈∋∋⋈⋈⋈⋈≻⋈∋⋈⋈⋈≻⋈⋈⋈⋈≻∋∋⋈≻≺⋈⋈⋈⋈⊞⊞∈⋈⋈⊞⋈⊞∈∋≺∋⋈⋈⋈⋈⋈⋈⋈⋈⋈⋈⋈⊤⋈∈⋈≻⋈⋈∋⋈⊞⋈⋈⋈⋈⋈⋈⋈⊞⋈⋈⋈⋈⊤∈∋≺⋈∋⋈⋈∋⊞⊞⋈⊞≻⋈⋈⋈⋈≻⋈⋈⋈⋈⋈⋈⋈⋈⋈⋈⋈⋈⋈⋈⋈⋈⋈⋈⋈⋈⋈⋈⋈⊞≻⋈⋈⋈⊞≻⋈⋈⋈⊞≻≺∋∋⊞⋈⋈⋈⋈⋈⋈⊣
0x27a11d10	⊢⊤⋈⊥⊤∈⊞⊞∈⋈⊞⊡⋈⊥⊤∈∋⊤∈⋈⊞∈⊤∈⊞⊡⋈⊥∈∋∋∋⊞⊞∈⊤∈⊤⋈∈∋∋⋈⋈⋈⋈≻∋⊣
0x27a0d391	⊢⋈⋈⋈⊞⋈⊤∈⊞⊞⊤⊥⋈≺⋈⊤∈⋈⋈⊞⊤∈⊞⊤∈⋈⊤∈⋈⋈⊤∈⋈⋈≺∋⋈⊞⊞∈⋈⊡⋈⊞⋈⋈⊞⋈⋈⊤∈∋⊤∈⋈⊤∈⋈⊤∈⋈≻∋⋈⋈⊞⋈≺⊤∈⋈⋈≺⋈⋈⊙⊤∈⋈⋈≻⋈⋈⋈⋈⋈⋈⊞⋈⋈⋈⋈⋈⊞⊞⊞⋈⋈⊞≻⊤∈⋈⋈≺⊤∈⋈⊞⋈⋈≺∋∋⋈⋈⋈⋈⋈≻⋈⊤∈⋈⋈⊤⋈∈⊞≺⊤∈⋈⊞⋈∈⊤∈⊞⋈⊞⊤⋈∈∋⊤∈∋⋈⋈≺∋∋∋⋈⊞⊤∈⊤∈⋈⋈⋈≻⋈⋈⋈≺⊤∈⊞⋈⋈≻⋈⋈≻⋈⋈⋈≺⊤⋈∈⊤∈⋈≺∋∋∋∋∋∋⋈⋈⋈⋈⋈⋈⊞⋈⋈⋈⋈⋈⋈⊣⋈⋈⋈⋈⋈⋈≺⋈⋈⋈⋈⋈⊤∈⋈⋈⊤∈⊤∈⋈∋⊤∈⋈≺∋⊤∈∋⋈⊞⋈⋈⋈⋈⋈⋈⊞≻≺∋⊤∈⋈⋈⋈⋈≻≺∋∋⋈⋈⋈⋈⋈⋈∋∋∋∋∋∋∋∋⊞⋈⋈⋈⊣
0x27a0f4f3	⊢⋈⋈⋈⋈⋈⊞⋈⋈⊤∈⋈⋈⋈⋈⋈⊤∈⋈⊤∈⋈⋈⋈≻⊤∈⋈⋈≻⋈⋈⋈⋈⋈⋈⊞⋈⋈⋈⊤∈⋈⋈⊤∈⊤∈⊤∈⊤∈∋⋈⋈⋈⊞∈⋈⋈⋈⋈≺⋈⋈⊤∈⋈⋈⋈≺∋⋈⋈⋈⋈≻⋈⋈⋈≺⋈⊞⊤⋈∈⊤∈⋈≺⋈⊤∈⋈⋈⊞⊥⊞⊤⊥⊞∈⊤∈⋈⋈⋈⋈≻⊤∈⋈⋈⋈≺⊞∋⋈≺⋈⋈≺⋈≺⋈⋈⊞⊤⋈∈⊤∈⋈≺⋈⊤∈⋈⋈⊞⊥⊞⊤⊥⊞∈⊤∈⋈⊞⋈⋈⋈⋈≻⊤∈⋈⋈⋈≺∋⋈⋈⊙⊞∋⋈∈⋈≻∋⋈⊞⊞∋∋⋈⊤∈⋈⋈⋈⋈≺⋈⋈⊤∈⋈⊞⊞⋈⋈⋈≺∋∋⊤⊥⊞⊤∈⊞∈⊤∈⊞⊤⊥⊞⋈⊤⋈∈∋⊥⊞≺∋∋⊤∈⋈⋈⋈⋈≺⋈⊤∈⋈⊤∈⊤∈⋈≺⊤∈⋈⋈⊞⊥⊞⊤⊥⊞∈⊤∈⋈⋈⋈⋈≻⋈⊤∈⋈⋈≺∋⋈⋈⋈⊙⋈⊞∋∋⋈≻∋⋈⊞∋⋈⋈⊙∋∋∋⋈⋈⋈⋈⋈⋈≺∋∋∋⋈⋈⋈⋈⋈⋈≻⋈⋈⋈⋈⋈⋈⋈⊤∈⊤∈⋈≺⊤∈⋈⋈⊞⊥⊞⊤⊥⊞∈⊤∈⋈⋈⋈⋈⋈≻⊤∈⋈≺∋⋈⋈⋈⋈⊙⋈⋈⊞∋⋈≺∋⋈⋈⋈≺∋∋∋⋈⋈⋈⋈⋈⋈≻⋈⋈⋈⋈⋈⋈≺∋⋈∋≻⋈⋈≺⋈≺∋∋∋⋈⋈⋈≺∋⋈≺∋∋⊞⋈⋈⋈⋈⋈⋈⊣⋈⋈⋈⋈⊙⋈⋈⋈⊤∈⋈∈⊤∈⊞⋈⊞⊤⋈∈∋⊤∈≺∋⋈⋈⊞⊤∈⊤∈⋈⋈⋈⋈⋈≻⋈⋈⋈⋈≺⊤∈⊞⋈⋈≻⋈⋈⋈⊞∈⊤∈≺⋈⋈⋈⋈≻⋈⋈⋈≺∋∋∋⊤∈⋈⋈⋈⋈⋈⋈⋈⋈⊞⋈⋈⋈⋈⋈≺∋∋∋⋈⋈⋈⋈⋈⋈⋈⋈⋈≺∋⋈∋∋⋈⋈⋈⋈≺∋⊞⋈⋈⋈⋈⋈⊣
0x27a0d72d	⊢⋈⋈⋈⋈⋈⋈⊞⋈⋈⋈⋈∈⊤∈⊞≺⊤∈⋈⊞⊞∈⊤∈⋈⊞∈⋈≺⋈⊞⋈⋈⋈⊤∈⋈⊞⊞≺∋⋈≺∋∋⊤∈⊞≺⊤∈⋈⊞⊞∈⊤∈⋈⊞∈⋈⋈⊞⋈⋈⋈⊤∈⋈⊞⊞≺∋⋈≺∋∋⊤∈⋈⋈⋈⋈⋈⋈≺∋⊤∈⊤∈⋈⊞⋈⋈⋈⊞⋈⋈∈⋈⊞∈⋈⊤∈⊤∈⋈⋈≺⊤∈⊞⋈⋈⊞⊞⊞∈⋈⊡⊞⊞⊞⋈⋈⊞⊞⋈⊤∈∋⋈⋈⋈≺∋⊤∈⋈⋈⋈⊡∈⋈⋈∈⊤∈⊞⊡⋈⊥∈∋∋∋⊞⊞⊞⊞⊤∈≺∋⋈⊤∈⊤⋈⋈⋈∈⋈⋈⊞⋈⊞⊞⊤⋈⊥⋈⊞⊤⊥⋈⊞⊤⊥⋈⋈⋈⋈≻⋈⋈⋈⊞⋈∈⋈⊞⋈⋈≻⋈⋈⊞⋈⋈≻⊤∈⋈⋈⋈⋈≻⋈⋈⋈⊞∈⋈⋈⋈⋈≻⋈⋈⋈⋈≻⋈⋈⋈⋈⋈≻⋈⋈⋈⋈≻⋈⋈⋈≻⋈⋈⋈≻⋈⋈⋈⊤∈⋈⊤∈⊤∈⋈⊤∈⋈⊤∈∋⊞≺≺∋∋∋∋⋈⋈⋈⋈≻⋈⋈⋈≻⋈⊤∈⋈⊤∈⋈⊤∈⊤∈⊤∈∋⊞⋈≺∋∋∋∋⋈⋈⋈⋈≻⋈⋈⋈≻⋈⋈⋈⋈⋈⋈⋈⋈⋈⋈⋈⋈⋈⋈≻⋈⋈⋈⋈⋈⋈⋈⋈⋈⋈⋈⋈≻⋈⋈⋈⋈⋈⋈⋈⊤∈⋈⊤∈⋈⊤∈⊤∈⊤∈∋⊞⋈≺∋∋∋∋⋈⋈⋈⋈≻⋈⋈⋈≻⋈⊤∈⋈⊤∈⋈⊤∈⊤∈⊤∈∋⊞⋈≺∋∋∋∋⋈⋈⋈⋈⋈⋈≻⋈⋈⋈≻⋈⋈⋈⋈⋈⋈⋈⋈⋈⋈⋈⋈⋈≻⋈⋈⋈⋈⋈⋈⋈⋈≻⋈⋈⋈⋈⋈⋈⋈⋈≻⋈⋈⋈⋈⋈⋈⋈⋈⋈≻⋈⋈⋈⋈⋈⋈⋈⋈⋈⋈⋈⋈⋈≻⋈⋈⋈⋈⋈⋈⋈⋈≻⋈⋈⋈⋈⋈⋈⋈⋈≻⋈⋈⋈⋈⋈⋈⋈≻⋈⋈⋈⋈⋈⋈⊤∈⋈⊤∈⋈⊤∈⊤∈⊤∈∋⊞⋈≺∋∋∋∋⋈⋈⋈⋈⋈≻⋈⋈⋈⋈≻⋈⋈⋈⋈⋈≻⋈⋈⋈⋈⋈⋈⋈⋈⋈≻⋈⋈⋈⋈⋈⋈⋈≻⋈⋈⋈⋈⋈⋈⋈≻⋈≻⋈⋈⋈⋈⊤⋈⊥⋈⊞⊤∈⊤⋈⊥⊤∈⊤⋈⊥⊤∈∋⋈⋈⊞⋈≻≺∋⊤∈⋈⋈⋈⋈⋈≻≺∋∋⊤∈⋈≻∋⋈⋈⋈⋈⋈⋈⋈⋈≻⋈⋈⋈⋈⋈⋈⋈⋈≻⋈⋈⋈⋈⋈⊤∈⋈⊤∈⊤∈⊤∈⊤∈∋⋈⋈⋈⋈⋈⋈⋈≻⋈⋈⋈⋈⋈⋈≺∋⋈⊤∈⋈⋈≺⊤∈⋈⊞⋈⋈≺∋∋⋈⋈⊤∈⋈⋈≺⊤∈⋈⊞⋈⋈≺∋∋⊤⊥⊞⊤∈⊞∈⊤∈⊞⊤⊥⊞⋈⊤⋈∈∋⊥⊞≺∋∋⊤∈⋈⋈⋈⋈≺⋈⊤∈⋈⊞⋈⋈⋈⋈⋈⋈⋈≻⋈⋈⋈⋈⋈⋈∋⋈⋈⋈⋈⋈⋈⋈⋈⋈≻⋈⋈⋈≺∋≻⋈⊞⋈⋈⋈⋈⋈⋈⋈⋈⋈≺∋⋈≺⋈⋈⋈⊤∈⊤∈⋈≺⋈⊤∈⋈⋈⊞⊥⋈⊞⊤⊥⊞∈⊤∈⋈⊞⋈⋈⋈⋈⋈≻⋈⊤∈⋈⋈⋈≺∋⋈⊙⋈⋈≺⋈≺∋∋∋⋈⋈⋈⋈⋈∋⋈⊤⋈∈⋈⋈⋈≻∋∋⋈≻⋈⋈⋈⊤⋈⊥⋈⊤∈⊤⊥⊤∈⊤⊥⊤∈∋⋈⋈⊞⋈≻⋈≺∋⊤⋈∈⋈⋈⋈⋈⋈≻≺∋∋⊤∈⋈≻∋⋈⋈⋈⋈⋈⋈⋈≻⋈⊤∈⊤∈⊤∈∋⋈⋈⋈⋈⋈⊞⋈≻∋⋈⋈≻≺∋⋈⋈⋈⋈⋈≻⋈⋈⋈⋈≻⋈⋈⋈⋈⋈≻⋈⋈⋈⋈⋈⊤∈⋈⊤∈⊤∈⊤∈⊤∈∋⋈⊤∈⋈⋈≺⊤∈⋈⊞⋈⋈≺∋∋⊤∈⋈⋈≺⊤∈⋈⊞⋈⋈≺∋∋⊤⊥⊞⊤∈⊞∈⊤∈⊞⊤⊥⊞⋈⊤⋈∈∋⊥⊞≺∋∋⊤∈⋈⋈⋈⋈≺⋈⊤∈⋈⋈⋈⋈⋈⋈⋈⋈≻⋈⋈⋈≺⋈⋈⋈⋈⋈⋈⋈≻∋⋈⋈⋈⋈⋈⋈⋈≻≺∋⋈⋈⋈⋈⋈⋈⋈∋≻⋈⋈≺⋈⊤∈⊤∈⋈⋈≺⋈⊤∈⋈⋈⊞⊥⋈⊤⊥⊞∈∋⊞∋∈⋈⋈≻∋⊤∈⋈⊞⋈⋈⋈⋈⋈≻⋈⊤∈∋⋈⋈⋈≺∋⋈⊙⋈⋈⋈≺⋈⋈≺∋∋∋⋈⋈⋈⋈⋈⋈∋⊤⋈⋈∈⋈⋈⋈≻⋈⋈⋈⋈⋈≺∋∋∋⋈⋈⋈⋈⋈⊤∈⋈⋈⋈≻∋⋈⋈⋈⋈⋈⋈⋈⋈≻⋈⋈⋈⋈⋈⋈⋈⋈⋈⋈⋈⋈⋈∈⋈⊞⋈⋈⊤∈⊞⋈⊞∈⋈≺⊤∈⋈⋈⋈≺⊤⋈∈⋈⊞⊞⋈⋈≺∋∋⋈≻≺⊤∈⊞⋈⊞∈⋈≺⊤∈⋈⋈⋈≺⊤⋈∈⋈⊞⊞⋈⋈≺∋∋⋈≻∋∋⊞⊤∈∋⋈⊤∈⋈⋈⋈≻∋⋈⊤∈⋈⋈⋈≻∋⋈⊤∈⋈⋈⋈≻∋⋈⊤∈⋈⋈⋈≻∋⋈⊤∈⋈⋈⊞⊞∈⋈⊞⋈⋈⊞⋈⋈⋈⋈⊞⊞⋈⋈⊞⋈≻⋈⋈⋈⋈⊞⊤∈⋈⋈≺⊤∈⋈⊞⋈⋈≺∋∋⋈⋈⋈⋈⋈≻⋈⊤⋈∈⋈⋈⊤∈⊞⋈≺⊤⋈∈⋈⊞⋈∈⊤∈⊞⋈⋈⊞⊤⋈∈∋⊤⋈∈∋⋈⋈≺∋∋∋⋈⊞⊤∈⊤∈⋈⋈⋈≻⋈⋈⋈⋈⋈⋈≺⊤∈⊞⋈⋈≻⋈⋈≻⋈⋈⋈≺∋⋈⊤⋈∈⊤∈⋈≺∋∋∋∋∋⋈⋈⊞∈⋈≺⋈⋈⋈⊤⋈⊥⊤∈⋈⋈⋈≺∋⋈⋈≻⊞⋈⊞∈⋈⋈∋⋈⋈≻∋⋈⋈⋈⋈⋈⋈≻⋈⋈⋈⋈⊤⋈⋈⋈⊥⊤∈⋈⋈⋈⋈⋈≺∋≻⊞⋈⋈⊤⊥⋈⋈⋈≻⋈⊤⋈⊥⊤⋈∈⋈⋈⋈≺∋⋈⋈⋈⋈≻⋈⊤⋈⋈∈⋈⋈⊤⋈⋈∈⊞≺⊤∈⋈⊞⋈∈⊤∈⊞⋈⋈⊞⊤⋈∈∋⊤⋈∈∋⋈⋈≺∋∋∋⋈⊞⊤∈⊤∈⋈⋈⋈⋈≻⋈⋈⋈⋈⋈⋈⋈≺⊤∈⊞⋈⋈⋈≻⋈⊤⋈∈⋈⋈⋈≺⋈⋈⋈⋈≻⋈⋈⋈⊞≺∋⋈⋈⊤⋈⋈∈⊤∈⋈⊞≺∋∋∋∋⊤⋈⊥∋∋⋈⋈⋈≻⋈⊤⋈⊥⊤∈⋈⋈⋈≺∋⋈⋈≻⋈⋈⋈⋈⋈⋈⋈≻⋈⋈⋈⋈⋈⋈⋈⋈⋈⋈⋈≻⋈⋈⋈⋈⋈⊤⋈∈⊤∈⊤∈⊤∈⊤∈∋⊞⋈⋈⊤⊥⋈⋈⋈≻⋈⊤⋈⋈⊥⋈⊤⋈∈⋈⋈⋈≺∋⊤∈⋈⋈≺⊤∈⋈⊞⋈⋈≺∋∋⊤∈⋈⋈≺⊤∈⋈⊞⋈⋈≺∋∋≻⋈⊤∈⋈⋈⊤∈⊞≺⊤∈⋈⊞⋈∈⊤∈⋈⊞⊤⋈∈∋⊤∈≺⋈⊤∈⊤∈⋈≺∋⊤∈⋈⋈≺⊤∈⋈⊞⋈⋈≺∋∋⊤∈⋈⋈≺⊤∈⋈⊞⋈⋈≺∋∋⋈⋈≻≺⋈⊞⋈⋈⋈⋈⋈⋈⋈⋈⋈⋈⋈≻⋈⊞∈⋈⋈⋈⋈≻∋⋈≺∋∋∋∋⋈⋈≻∋⋈⋈⋈⋈≻∋⋈⊞⋈⊞≻∋⋈⋈⋈⋈≻∋⋈⋈≺∋∋⋈≻∋⊞∋⋈⋈∋∋∋⋈⊞⊤∈⊤∈⋈⋈⋈⋈≻⋈⋈⋈⋈⋈⋈≺⊤∈⊞⋈⋈⋈≻⋈⊤⋈∈⋈⋈≺⋈≺⋈⋈⋈≻⋈⋈⋈∋⊞∋∋∋∋⊤⋈⊥∋∋⋈⋈⋈≻∋∋∋⋈⊤∈⋈⋈⋈≻∋⋈⊤∈⋈⋈⋈≻∋⋈⊤∈⋈≺∋⋈⋈≻∋∋∋∋∋∋⊞⋈⋈⋈⋈⋈⋈⊣⊞⋈⋈⋈⊞⋈⋈≺∋
0x27a118af	⊢⋈⋈⋈⋈⋈⋈⊞⋈⋈⋈⋈⊤⊥⋈⊞⊥⊞∈⊤∈⋈⋈∈⊤∈⊞⋈⊞⊤⋈∈∋⊤∈⋈≺∋∋∋⋈⊞∈⊤∈⋈⋈∈⊤∈⊞⋈⊞⊤⋈∈∋⊤∈⋈⊞⋈≻∋⋈⊞⋈≻⋈≺∋∋∋⊤⊥⊞⊤∈⋈∈⊤∈⊞⊤⊥⊞⋈⊤⋈∈∋⊥⊞≺∋∋⊤∈⋈⋈⋈⋈≺⋈⋈⊤∈⋈⋈⊞⊥⊤⊥⊞∈⋈⋈⊞⊥⊤⊥⊞∈∋⊞⋈⊤∈⋈⋈⋈⋈≻⋈⋈⋈⊤∈∋∈⋈≻∋⋈⊤∈⋈⋈⋈⋈≻⋈⋈⋈⊤∈∋≺∋⋈⋈⋈⊙⋈⋈⋈⋈≻⋈⋈⋈⋈⊤∈⊞≺⊤∈⋈∈⊤∈⊞⋈⊞⊤⋈∈∋⊤∈∋⋈⋈≺∋∋∋⋈⊞⊤∈⊤∈⋈⋈⋈⋈≻⋈⊞⋈⋈⋈≺⊤∈⊞⋈⋈≻⋈⋈⋈≻⋈⋈⋈≺∋∋∋⋈⋈⋈⋈⋈⋈⋈⋈≺∋⋈⋈⋈⊙⋈⋈⋈⋈≻⋈⋈⋈⋈⊤∈⊞≺⊤∈⋈∈⊤∈⊞⋈⊞⊤⋈∈∋⊤∈∋⋈⋈≺∋∋∋⋈⊞⊤∈⊤∈⋈⋈⋈⋈≻⋈⊞⋈⋈⋈≺⊤∈⊞⋈⋈≻⋈⋈⋈≻⋈⋈⋈≺∋∋∋⋈⋈⋈⋈⋈⋈⋈⋈≺∋∋⊞⋈⋈⋈⋈⋈⋈⊣
0x27a11467	⊢⋈⋈⋈⋈⋈⋈⊞⋈⋈⋈⋈⋈⊤∈⋈⋈⋈⊤∈⋈⋈⋈⋈⋈≻≺∋⋈⋈⋈⋈⋈⋈⊤∈⋈⋈⋈⋈⋈⋈≺⋈⋈⋈⊤∈⋈∋⊤⋈∈⋈⋈≺∋⋈⊞⊞⋈⋈⊞⊥⋈⊤⊥⊞∈⊞∈⋈⋈≻∋⋈⋈⋈⋈≻⊤∈∋⋈⋈⋈⋈⋈⊞≻⊤∈⋈⋈⋈⋈≺⊤⋈⋈∈⋈⊞⊞⋈⋈≺∋∋⋈⋈⋈≻⋈⋈⋈⋈⋈⊤∈⋈⋈⋈⋈⋈⊞⊤∈≺∋⊤∈⋈⋈≺⊤∈⋈⊞⋈⋈≺∋∋⋈⊞⊤∈⋈⋈⋈≻∈⊞⋈⊞⋈⋈⊞⊞∈⋈⋈⋈⋈⊞⋈⊞⊞⋈⊞⊤∈∋⊤∈⋈⊤∈⋈⊤∈⋈≻∋⋈⋈⊞⋈≺⊤∈⋈⋈⋈⋈⊙⊤∈∋⋈⋈≻⋈⋈⋈⋈⋈⋈≺∋∋∋∋⊤⊥⋈⋈⋈⋈⋈⋈⋈⊞⊤⊥⊞∈∋⋈⋈⋈≻∋∋∋⊞⋈⋈⋈⋈⋈⋈⊣
0x27a10f4e	⊢⋈⋈⋈⋈⋈⋈⊞⋈⋈⋈⋈⋈⊤⋈⊥⋈⊞⊤∈⋈⋈≺∋⊤∈⊤∈⊞⊤∈⋈⊞∋⋈⋈⋈≺⋈⋈⋈≺⊤∈⋈⋈⋈⋈⋈⊤∈⋈⋈⊞∈⋈⋈⊤∈⊤∈⋈⋈⋈⊙≺⊤∈⊤∈⋈≺⊤∈⋈⋈≺⊤∈⋈⊞⊞⋈⋈≺∋∋⋈⊞∈⋈⋈⋈≻∋⋈⋈⋈≻∋⋈⊞⋈⋈≻⋈⋈⋈⋈⋈⋈⊞∈⋈⊤∈⊤∈⋈≻∋⋈⋈⋈⋈⊤∈⋈⋈⋈≺⋈⋈≺∋⊡∈⋈⊞⋈⋈∈⊤∈⋈⋈⊤∈⋈⊤∈⋈≻∋⋈⋈⊞⋈≺⊤∈⋈⋈⋈⋈⊙⊤∈⋈⋈≻⋈⋈⋈⋈⋈≺∋⋈≺⊞⊡⋈⊥∈∋≺∋∋∋∋∋⋈⋈⋈⊣⋈⊤∈⋈⋈⋈⋈≺⊤∈⋈⋈⊞⊥⋈⊤⊥⊞∈⊤∈⋈⋈⋈⋈≻⋈⋈⊤∈≺∋⋈⋈⋈⋈⊙⋈⋈⋈⋈⋈≺⊞∋⋈≻∋⊤∈∋⊞∋⋈≺∋⋈⊞⊤∈⊤∈⋈⋈⋈⋈⋈≻⋈⋈⋈≺⊤∈⊞⋈⋈≻⋈⋈⋈⋈≻⋈⋈⋈≺∋∋∋∋∋⋈⋈⋈⋈⋈⋈⋈⋈⋈≺∋∋∋⊤∈⊤∈⋈⊤∈⋈⊞⊤∈⊞⋈⋈≺∋⋈⊞⊞⋈⊞⋈⊞∈⋈⋈⋈⊞⋈⊞⊞⋈⋈⊞∈∋⊤∈⋈⊤∈⋈⊤∈⊞⋈≺⋈≺∋⋈⊤⊥⊤⊥⋈∋∋∋∋∋⋈⋈⋈⋈⋈⋈∋∋⊞⋈⋈⋈⋈⋈⋈⊣
0x27a1256a	⊢⋈⋈⋈⋈⋈⊞∈⋈⋈≺∋⊤∈⊤∈⊞∈⋈⋈⊤⊥⋈⊞⊥⊞∈⋈⊡⊞⊞⊞⊤∈∋⊞≺⊤∈⊞≺⋈⊡⊞⊞⊞⋈⋈≺∋⋈⊞⊞∈⋈⊞⋈⋈⊞⊤⋈⊥⊤∈⊤∈⋈⊞∋⋈⋈⊞⊞⊞∋⊤∈⋈⊞⋈⊞⊞⊤⊥⊞∋⊞⊞⊞∈∋⊞∈⊤∈⋈⊤∈∋⋈⊞⊞≻⋈⋈⋈⋈⋈⋈⊞⋈⋈⋈⋈⋈⊤⊥⋈⋈⋈⊞∈⊤∈∈⋈⋈⋈≻∋⊤∈∋∋⋈⋈⊤⋈⊥⋈⊤∈⊤∈⊤∈∋⊤⋈∈⋈⊤⋈∈⋈⊤∈⊞∋⊤∈⋈⋈≺⊤∈⋈⊞⊞⋈⋈≺∋∋⊤⋈⋈∈⋈⋈≺⊤∈⋈⊞⋈⋈≺∋∋⊤⊥⊞⊤∈⊞∈⊤∈⊞⊤⊥⊞⋈⊤⋈∈∋⊥⊞≺∋∋⊤∈⋈⋈⋈⋈⋈≺⋈⊤⋈∈⊤∈⋈⋈⋈⋈⋈⋈≻⋈≺∋⋈⋈⋈⋈⋈⋈⋈⋈⋈⋈⊞⊤∈≺⊤∈⋈⊤∈⋈⋈⊞⊤∈⊤∈∋∋⋈≻⋈≺∋⋈⋈⋈⊞⊞∈⋈≻⋈⊞⊤⋈∈⋈⊤⋈∈∋⋈⋈⊤∈⊤∈⋈∋⊤∈⋈≺∋⊤∈∋⊞⊞⊤⊥⊥⋈⋈⋈⋈⋈≻∋⊤∈⋈⋈⋈⋈⋈≻≺∋⋈≺∋⋈⋈⊤∈⋈⋈⊤∈⊤∈⋈∋⊤∈⋈≺∋⊤∈∋⊞⊞⊤⊥⊥⋈⋈⋈⋈⋈≻≺∋⊤∈⋈⋈⋈⋈⋈≻≺∋∋⋈⋈⋈⋈≻⋈⋈⋈⋈⋈⋈⋈⋈⋈⋈⋈⊤⋈⊥⊤∈⊤⊥⊤⋈∈⊤⊥⊤⋈∈∋⊞⊞⊤⊥⊥⋈⋈≻≺∋⊤∈⋈⋈⋈⋈⋈≻≺∋∋⋈⋈⋈⋈⋈⋈⋈⋈⋈⊤∈⋈⊞⋈≺∋⋈⊤∈⋈⋈⋈⋈⋈⋈⋈⋈≻≺∋⊤∈⋈⋈⋈⋈≻⋈⋈⋈⋈⋈⊞⊤⊥⋈⋈⋈⊞⋈⊤∈⋈≺∋⋈⋈≻⋈⋈⋈⋈⋈⋈⋈⊞⋈⊤∈⋈≺∋∋⋈⋈∋⋈⋈⋈∋⋈⋈⋈⊞⊤∈⋈⋈⋈⋈≻∋⊤∈∋∋∋∋∋∋⊞⋈⋈⋈⋈⋈⋈⊣⋈⋈⋈⋈≺∋⊞⋈⋈⋈⋈⋈⋈≺⊞≺∋⋈≺∋∋∋∋⊞⋈⋈⊣
0x27a1806c	⊢⋈⋈⋈⋈⋈⋈⊞⋈⋈⊤∈⋈⋈⋈⊞⋈⋈⋈⋈⊞∈⋈⊤∈⋈⋈⊞⋈⋈⋈⋈⋈⋈⋈⋈⋈⋈≻⋈⋈⋈⋈⋈⋈⋈⋈⊤∈⋈⋈≺⊤∈⋈⊞⋈⋈≺∋∋⋈⋈⊤∈⋈⋈⋈⋈≺⋈⊤∈⋈⊞⊞⋈⋈⋈≺∋∋⊤∈⊞∈⊤∈⊞⊤∈⋈⊤⋈∈∋∋∈∋⋈⋈≺∋⋈⊤∈⋈⋈≺⊤∈⋈⊞⋈⋈≺∋∋⋈⊤∈⋈≺⊤∈⋈⊞⊞⋈⋈≺∋∋⊤∈⊞∈⊤∈⊞⊤∈⋈⊤⋈∈∋∋∈∋⋈⋈∋⋈≻∋⋈⋈⋈≻∋⊞⋈⋈⋈⋈⋈⋈⋈⋈⋈⋈⋈⋈≻⋈⋈⋈⋈⋈⋈⋈⋈⋈≻⋈⋈⊤∈≺⋈⊤∈⋈⋈⋈⋈⋈⋈∈⊤∈⊤⋈∈⋈⋈⋈⋈⋈⋈⋈≻⋈⋈⋈⋈⋈⋈⋈⋈⋈⋈∈⋈⊞⋈⊤∈⋈≻⋈≺∋⊞⋈⋈⊞⋈⋈⊞⋈⋈⊞∈∋≺⋈⋈⊤⋈∈∋⋈⊤⋈⋈∈≺∋∋⋈⊞⊞≻⋈⊤∈∋⊞⋈≺⋈⋈⋈⋈⋈⋈≺∋∋⋈⋈⊤∈⋈∈⋈⊞⋈⊤∈⋈⋈≻⋈≺∋⊞⋈⋈⋈⊞⋈⋈⊞⋈⊤⋈∈∋≺∋⋈⋈⋈⊤∈⋈⋈⋈≻⋈⋈∋⋈∋⋈⋈∈⊤∈⋈⋈⊤⊥⊞∈∋⋈⋈⋈≻∋∋⊞⋈⋈⋈⋈⋈⋈⊣⊤∈⋈≻≺∋⋈⋈⊞⋈≺∋
0x27a0d331	⊢⊤∈⋈⋈⋈⋈≻⊤∈⊞⊞∈⋈⊞⊡⋈⊥⊤∈∋⊤∈⊞⊞∈⊤∈⊞⊡⋈⊥∈∋∋∋∋⊣
0x27a12ccf	⊢⋈⋈⋈⋈⋈⋈⊞⋈⋈⋈⋈⋈⊤⋈⊥⊞⊤⋈∈⋈⊤∈⊤∈⋈⊤∈⋈⋈⊞⋈⊞⋈⊞⋈⊤⊥⋈⋈⋈⋈⋈≻⊤∈⋈⋈⋈⋈⊙⋈⋈⋈⋈⋈⋈⋈≻⋈⋈⋈⋈⋈⋈⊤∈⋈⋈⋈⋈≺⋈⊤⋈∈⋈⊞⋈⋈≺∋∋⋈⋈⋈⋈⊤∈⋈∈⊤∈⋈⊤⋈∈∋∋∈∋⋈⊤⋈⋈⋈⋈⋈∈⊤∈⋈≺⋈⊤∈⋈⋈⊞⊥⋈⊤⊥⊞∈⊞∈⋈⋈≻∋⊤∈⋈⊞⋈⋈⋈⋈≻⊤∈∋⋈⋈⋈≺∋⋈⋈⊙⋈⋈⋈≺⋈≺∋∋∋⋈⋈⋈⋈⋈⋈⋈≻⊤∈⋈⋈⋈⋈⊙⋈⋈⋈⋈⋈⊞⋈⋈⋈⋈⋈⋈≻⋈⋈⊤∈⋈⋈⋈≻⋈∋⋈⊤∈⋈⋈⋈≻⋈⋈⋈⋈⋈⋈⋈⋈⋈⋈⋈⋈≻⊤∈⋈⋈⋈⋈⊙⋈⋈⋈⋈⋈⋈⋈⋈≻≺∋⋈∋⊞⊤∈⋈⋈⋈⋈≻≺∋∋∋⊤∈⋈⋈⋈⋈⋈⋈≻⋈≺∋⊤∈⋈⊤∈⊤∈⋈⋈⊤∈⋈⋈≺∋⋈⋈⋈⋈⊞⋈⋈⊞≻⊞⋈∈⋈⋈⋈⋈⋈⋈⊞⋈⊞⊤⊥⋈⋈⋈⋈⊞⋈⋈∈⋈⊤∈⋈⊞⊥⋈⋈⊞⊥⊞∈⋈⋈⊤∈⋈⋈⋈⋈⋈⊤∈⊞⋈⊞⊥∈⋈⋈⊞⋈⊞⋈≺∋∈⋈⊞⊤⋈⊞∈⊞⊞⊞∈∋∋∋⊞⋈⊞∈⋈⋈⋈⋈⋈≻∈⋈⊞∈⋈⊡⊞⊞⊥⊞⊞⊞⋈⋈⋈⊞⊤∈∋⊞⊤⋈∈⋈⊤⋈∈∋⋈⋈⋈⋈≻∋⊤∈∋⋈⋈⊞≻∋⋈⊤∈∋⋈≻≺∋⋈∋⋈≺∋⋈⋈≻⊞⊞⊞∈⋈⊞⊡⋈⊥⊤∈∋⊤⋈∈⋈⋈∈⊤∈⊞⋈⊡⋈⊥∈∋≺⋈≺∋⋈∋∋∋⊤∈⋈⋈⋈⊤⋈∈∋⊤∈⋈⋈⊞⊡⊤∈∋⋈⊤⋈∈⋈⋈⋈⊤⊥⋈⊞⊤⊥⊞⊤⋈∈⊤∈⋈⋈⋈⋈≺⊤∈⊞⋈⋈≺⋈⋈⋈≺≺∋⊞∋⋈⋈⋈⋈≻∋⋈⋈≻∋∋⋈⋈≻⋈⋈⋈⋈⋈⋈⊞⋈⋈⋈⋈⊞∈⋈⋈⋈⊞∈∋⋈⋈⋈⋈⋈⋈⋈≺⋈⋈⋈⊤∈⋈⋈⋈⋈⊤∈⋈≺⊤∈⋈⋈⊞⊥⋈⊤⊥⊞∈⊞∈⋈⋈≻∋⊤⋈⋈∈⋈⋈⋈⋈⋈≻⋈⋈⋈⋈⊤∈∋≺∋⋈⋈⋈⊙⋈⋈⋈⋈⋈⊤∈⋈⋈⋈⋈∈⊤∈⊞⋈⊞⊤⋈∈∋⊤∈∋⋈⋈≺⋈⋈⋈≺∋∋⋈⊞⊤∈⊤∈⋈⋈⋈⋈⋈≻⋈⋈⋈⋈⋈⋈≺⊤∈⊞⋈⋈≻⋈⋈⋈⋈≻⋈⋈⋈≺∋⋈⋈⋈⋈⋈⋈≺∋∋∋∋∋⊤∈⋈⋈∋⊤∈⋈⊞⋈∈⊤∈⊞⋈⊞⊤⋈∈∋⊤∈∋⋈⋈≺∋∋⋈⊞⊤∈⊤∈⋈⋈⋈⋈≻⋈⋈⋈≺⊤∈⊞⋈⋈≻⋈⋈≻⋈⋈⋈≺∋∋∋⋈⋈⋈⋈⋈⋈⋈⋈⋈⋈∋⊞⋈⋈⋈⋈⋈⋈⊣∋⊤∈∋⋈⋈⊤⋈∈⊞≺⊤∈⋈⊞⋈∈⊤∈⊞⋈⊞⊤⋈∈∋⊤∈∋⋈⋈≺∋∋∋⋈⊞⊤∈⊤∈⋈⋈⋈⋈∋≻⋈⋈⋈⋈≺⊤∈⊞⋈⋈∋≻⋈⋈⋈∋≻⋈⋈⋈≺∋⋈⋈⋈⊤⊥⊤⊥⋈⋈≺∋∋∋∋⋈⊤∈⋈⋈⊤∈⊞≺⊤∈⋈⊞⋈∈⊤∈⊞⋈⊞⊤⋈∈∋⊤∈∋⋈⋈≺∋∋∋⋈⊞⊤∈⊤∈⋈⋈⋈⋈≻⋈⋈⋈≺⊤∈⊞⋈⋈≻⋈⋈≻⋈⋈⋈≺⋈⋈⊤⊥⊤⊥⋈≺∋∋∋∋⋈⋈⋈⋈⋈⋈⋈⋈⋈⋈∋∋⊞⋈⋈⋈⋈⋈⋈⊣
0x27a10d9d	⊢⋈⋈⋈⋈⋈⊤∈⋈⋈⋈≻⋈⋈⋈⋈⋈⋈⊞∈⋈⋈⊤∈⊞⊞⊤∈⊞≺⋈⋈≺∋⊞∈⋈⋈⊞⋈⋈⊞∈∋⋈⊤∈⋈⋈⊤∈∋⊞⊤∈⋈⊞⋈∈⊤∈⊞⋈⊞⊤⋈∈∋⊤∈≺∋⋈⋈≺∋∋∋⋈⊞⊤∈⊤∈⋈⋈⋈≻⋈⋈⋈≺⊤∈⊞⋈⋈≻⋈⋈≻⋈⋈⋈≺⊤∈⊤∈⋈≺∋∋∋∋∋∋∋⋈⋈⋈⋈⋈⋈⋈⋈⋈⋈⋈⋈⊣
0x27a0a25c	⊢⋈⋈⋈⋈⋈⋈⋈⊞⋈⋈⋈⋈⋈⋈⋈⋈⋈⋈⋈⋈⋈⋈⋈⋈⋈⋈⋈⋈⋈⋈⋈⋈⋈⋈⊞⋈⋈⋈⋈⋈⋈⋈⋈⊤∈⋈⋈⊞≺⋈⊞⋈⋈⊞⊤⊥⋈⊞⋈⊤⋈∈⊤⊥⊤⊥⊞⋈⊞∋⋈⋈⋈⊞⊞⊞⋈⋈⋈⋈⋈⋈⋈⋈⊤∈⊤∈⋈⊞⋈≺⋈≻⋈⋈≻⋈⋈⋈⋈≻⋈⋈⊞≻⋈⋈≻⋈⋈≺⋈≻⋈⋈≻⋈⋈⋈≻⋈⋈⋈⋈⋈⋈⋈⊞⋈⋈⋈⋈⋈⋈⋈⋈⋈⋈⋈⋈⋈⋈⊞⋈∈⋈⊤∈⋈⋈⋈⋈⋈⋈⋈⊞∈⋈⊞⊤∈∋⋈⋈⋈⊤⋈∈⋈⋈⋈⋈⋈⋈⋈⊞∈⋈⊞⊤∈∋⋈⋈⋈⊤∈⋈⋈⋈⋈⋈⋈⋈⋈⊞∈⋈⊞⊤∈∋⋈⋈⋈≺∋⋈⋈⊞⊙⊞⋈⋈≺∋⋈⋈⋈⊤∈⊤⋈∈⊞∈⋈⊤∈⊡⊞⊤∈∋∋⊞⋈⊞⊞⊞∈⊤∈⋈⊞⊤⊥⊞⊤⊥⊤∈⋈≺⊤⋈⊞⊤∈∋⊤∈⋈⊤∈⊤∈∋⋈⋈⊞∈⊤∈⋈∈⋈⋈⋈⊞∈⋈⋈⋈⊞⊞⊞⊞⋈⊞⊞⊞⊞⊞⋈⊞⊞⊞⋈⋈⋈⊞⊞⊞⋈⋈⊞⊞⋈⋈⊤∈⊞⋈⊤∈⋈⋈⋈⊞⋈∋⊞⊤∈⊞∈⊞⊞⊞⋈⊤∈⋈⊤∈⋈⋈⋈⊞⋈∋⋈⊞⊞∈∋∋⊞⊞⊞⋈⊤∈∋⋈⋈≺⋈≺∋⊤∈⋈⋈⊞⊞⋈⊞∈⋈⊞⊤∈∋∋∋⊤⋈⊞⊤∈∋≺∋⋈⊤∈⋈⋈⋈⋈≺⊤∈⋈⋈⋈⋈≺∋∋∋∋∋∋∋⊞⋈⋈⋈⋈⋈⋈⊣⊞⋈≺∋∋⋈⊞⊞⊞⋈⋈⋈⊞≺∋⋈⋈⋈⋈⋈⋈⊞⋈⊞⋈⊞⋈⋈⋈⊞⊞⊞⋈⊞⋈⊞⋈⊤⋈∈⊞⋈⊞⊞⊞⊞⊞⊞⋈⊞⊞∈⋈∈⋈⊞⋈⊞⋈⊞⋈⊞⊞⊞⊞⊞⊞∈∋⊞⋈⋈⊞⊞⊞⊞⋈⊞⊞⊞⊞⋈⊞⊞⊞⊞⋈⊞⊞⊞⊞⋈⊞⊞⊞⊞⋈⊞⊞⊞⊞⋈⊞⊞⊞⊞⋈⊞⊞⊞⊞⋈⊞⊞⊞⊞⋈⊞⊞⊤∈∋⊞⊞⊞⊞⊞⊞⊞≺∋⋈⊤∈⋈⋈⋈⋈∈⋈⊞⋈⊞⋈⊞⋈⊞⊞⊞⊞⊞⊞⊤∈∋⋈⋈⊞⊞⊞⊞⋈⊞⊞⊞⊞⋈⊞⊞⊞⊞⋈⊞⊞⊞⊞⋈⊞⊞⊞⊞⋈⊞⊞⊞⊞⋈⊞⊞⊞⊞⋈⊞⊞⊞⊞≺∋⊞⊞⋈⊞⋈⋈⊞⊞⋈⋈⊞⊞⊞⊞⋈⊞⋈⊞⋈⊞⊞⊞⊞⊞⋈⊤∈⋈⋈⋈⋈⊞⊞⋈⋈⋈⋈∈⋈⊞⊞⊞⊤∈∋≺∋⋈⊞⊞⊞⊞⋈⊞⊞⊞⊞⊞⊞⋈⋈⊤⋈∈⊤⊥⊞⊞∋∋⊞⊞⋈⋈⋈⋈⊞⋈⋈⋈⋈⋈⋈⊣⋈⋈⊞⊙
0x27a0c28d	⊢⋈⋈⋈⋈⊞⊤∈⊤⊥⋈⊞⊤⊥⊤∈⊤∈⋈⊤∈∋∋⋈⋈⋈≺⊤∈⊞∈⋈⋈⋈⊞∈⊤∈∋⋈⋈≻⊤∈∋⋈⊞⊞⊞∈⊤∈⋈≺∋⊞⋈⋈≻⊤∈⊤∈∋∋⋈⋈⋈≻∋⋈⋈≺∋⋈≻∋⋈⋈⋈⋈⋈⋈⋈⋈⋈⋈⊞⊥⋈⊞⊥⋈⊞⋈⊤⊥⊤∈⊤⊥⊤⊥⊞⋈⊞⊥⊤⊥⊤∈⊤∈⋈⊞⋈⊞⊞∈⋈⊞⊤∈⋈⋈⋈⊞⊤∈⋈⊤∈⋈≺⋈⋈⋈⊞⊤∈⋈≺⋈⋈⋈⊞⊤∈⋈≺⋈⋈⋈⋈⋈⊞⊞⊤∈∋⊞⊞⊤∈∋∋⋈⋈∈⋈⊤∈⋈⊤∈⋈⋈⊤∈⋈⋈⊞⋈⊤∈∋⊞⋈⋈⊞⊙≺∋⋈⊤∈⋈≺∋∋∋⋈≻⊤∈⊤∈∋∈⋈⋈⋈⋈⋈≻⋈⋈≺∋⋈≻∋⋈⋈⋈≻∋⋈⊞≺∋⋈≻∋⋈⋈⋈≻∋⋈⋈⋈⊙⋈⊞⋈⋈⊞⋈⊙⊞⊞≺∋⋈⋈⋈⋈⊙⊤⊥⋈⊤⊥⊞∈⋈⊤∈⊤∈⋈⊤∈⋈⋈⋈⋈⋈⋈∋∋∋∋⋈⊣
0x279d0a60	⊢⋈⋈⋈⋈⋈⋈⊞⋈⊞⊞⋈⊞⋈⊞∈⊞⊞⊡∈⊞⊤⊥⊞⊞⊤∈∋⊞≺∋⊤∈⊞⋈⊞⊞⊞⊞⊡∈⊞⊤⊥⊞⊞⊤∈∋≺∋⊞⊞⋈⋈⋈≺∈⊤∈⋈⊤⋈⊥⋈⋈⊞∈⊞⊞⊞⊡∈⋈⋈⋈⊞⊞⊞⊞⊞⊞⋈⊞⊞⊞⊞⊞⋈⋈⊞⊞⊞⊞⊞⊞⊞⋈⋈⊞⊞⊞⊞⊞⊞⊞⊤∈∋≺∋⊞⊞⋈⊞⋈⊞⊞⊞⊞⊞⊞⊞⊤∈∋⊞⋈⊞⊞⊞⊡∈⋈⋈⊞⊞⊞⊞⊞⊞⊞⊤∈∋⋈⊞⊞⊞⊞⊞⊞⊞∋⋈⋈⋈⋈⋈⊣
0x279d1c40	⊢⋈⋈⋈⊞⋈⊞⊥⊤∈⋈⊞⊞⊞⋈⋈≺∈⋈⊤∈⋈⋈⊤∈⋈⊤∈⋈⊤∈⊞⊤∈≺⊤∈⊞⊤∈⊤∈⊤∈∋∋⋈⊤∈⊤∈⋈⊤∈⊤∈⋈≺≺⊤∈⋈⊤∈⋈⊤∈⊞⊤∈≺⊤∈⋈⊤∈⊞⊤∈∋⊤∈⊤∈∋∋⋈⊤∈⊤∈≺∋⋈≺⊤∈∋∋∋∋∋∋∋∋⋈≺⋈⊤∈∋∋∋∋∋⊞≺⊤⋈∈∋∋⊞⋈≺∋∋∋∋⋈⋈⋈⋈⋈⊞⊤∈∈⊤∈⋈⊞⊤∈⊞∋∋⊤∈⊡∈⊤∈⊞⊤∈∋≺⊞≺∋∋∋⊤∈∋∋∋⋈⋈⊞≺∋⋈⋈⋈⋈⊣
0x279d1b20	⊢⋈⋈⊤∈⋈⋈≻∋⊤∈⊤∈⋈≻∋∋⋈⋈⋈≻
0x279d3280	⊢⋈⋈⋈⊞⊞∈⊤⊥⊤∈⊞⊡∈⊤∈⊞⊤∈∋∋⋈⊤∈⋈⊞≺∋⋈⋈⋈⋈⊞⊡∈⋈⊞⋈⊞⊞⋈⊞⋈⊞⊞⊞⊞⊤∈⊞⊤∈∋∋∋⊞∈⊞⊞⊞⊡∈⊤∈⊞∋⋈⊞⊤∈∋≺⊞≺∋∋⋈⋈⋈⊣
0x279d1750	⊢⋈⋈⋈⋈⊤∈⋈⊤∈⊤∈⊤∈⋈⊞⊤⊥⋈⊞⊤⊥⊞⊤⊥⋈⊤⊥⊞⊞⋈⊤⊥⋈⊤⊥⊞⋈⊤⊥⊞⊞⋈⊤⊥⊤⊥⊞⊞≺⋈⊞⋈⋈⊞⋈⋈∈⋈⋈⊤⋈∈∈⊤∈⊤∈⊞⊡∈⊤∈∋⊞⋈⊤⊥⋈∈∋∋⋈⋈⊞⋈∈⋈⋈⊤∈⊤∈⋈⊞⊞⊞⊞⊞∈⋈⊞∈∋⊞⊤∈∋≺≺⋈⊞⊤∈∋≺⋈⊞⋈⋈⊞⋈⋈∈⋈⋈⊤⋈∈∈⊤∈⊤∈∋⋈⋈⋈≻∋∋⋈⋈⋈≻⊞⊡∈⊤∈∋⊞⋈⊤⊥⋈∈∋∋⋈⊞⋈∈⋈⋈⊤∈⊤∈∋∋⋈≻⋈⊞⊞⊞⊞⊞∈⋈⊞∈∋⊞⊤∈∋≺≺⋈⊞⊤∈∋≺∋∋⊞≺∋∋∋∋∋∋∋∋⊞⊞⋈⋈⊣
0x279d3360	⊢⋈⋈⋈⋈⋈≻
0x279d3380	⊢⋈⋈⋈⋈⋈≻
0x27a28f10	⊢⋈⋈⋈⋈⋈⋈⋈⊞⋈⋈⋈⋈⋈⋈⊤∈⋈⋈≻⊤∈⋈⋈⋈⊙⋈⊞⋈⋈⋈≻⊤∈⋈⋈⋈≻⊤∈⋈⋈⋈⊤∈∋∋⋈⋈⊞⊤∈⋈⋈⋈⋈⊤∈⋈⊙∋⊤∈⋈⊙∋⋈⊙∋⋈≺≺∋∋⋈⋈⋈⋈⋈≻⋈⊤∈⊤∈⋈⋈≺⊞⋈⋈⋈⋈⋈⋈⋈⋈⋈⋈⋈⊙⊤∈⊙⋈⊞⊞∋⋈⊞⊤∈⋈⋈⋈⋈⊤∈⋈⊙∋⊤∈⋈⊙∋⋈⊙∋⋈⋈≺∋⊞⊞⋈⋈⋈⋈⊞⊙⊤∈⋈⋈⋈∋⋈≺∋⋈⊙∋⊞⋈⋈⋈⋈⋈⋈⊣
0x27a2aa70	⊢⋈⋈⋈⋈⋈⋈⋈⋈⊞⊙⊤∈⋈⋈⊙⋈⊤∈⋈⋈⋈≻⋈⊤∈∋⋈⋈⋈⊙⋈⊙⋈⋈⋈⋈⋈≻∋⊙⋈⊞⊞⋈⋈⋈≺∋⋈⋈⋈⋈⋈⊣
0x27a45730	⊢⋈⋈⋈⋈⋈⊞⋈⋈⊤∈⊞⋈⋈⋈⋈⋈⋈⋈⋈⋈⋈⋈⋈⋈⋈⋈⋈⊤∈⋈⋈⋈⊞⊙⊤∈⋈⋈⋈⋈⋈⊙⊤∈∋⊙⋈⋈⊞⊞⋈⊤∈⊤∈⋈⊞⊞⊞⋈⊞⊞⊙⊤∈⊞⊞⊞⋈⊞⊙⊤∈≺∋⊤∈∋∋⋈≺⋈≺∋⋈⋈∋⊤∈⋈∋⋈⋈⋈⊞⊞⊞⊞⊞⋈⊞⊞⊞⊞⋈⋈⋈⊞⊞⊞⊞⊞⋈⊞⊞⋈⋈⊞⊞⊞⋈⋈⋈⋈⋈⋈⋈⋈⋈⋈⋈⋈⋈⋈⋈⋈⋈⋈⋈⋈⋈⋈⋈⋈⋈⋈⋈⋈⋈⋈⋈⋈⋈⋈≺∋⋈≺∋∋⊞⋈⋈⋈⋈⊣
0x27a48a60	⊢⋈⋈⊙
0x27a46cd0	⊢⊞⊤∈⋈⊣⋈⋈⊞⊙
0x279d1a10	⊢⊞⊤⊥⋈⊞⊞⋈⋈⋈⊞⊤⊥⋈⋈⊞⊤⊥⋈⋈⊞⊤⊥⋈⋈⊞⊤⊥⋈⋈⊞⊤⊥⋈⊞⊞⊤⊥⊞⋈⊞⋈⊤∈⋈⊞⊤∈⊞≺∋⋈⊞∋⋈⊞⊞∈⊞⊞⊞⋈⊞∈⋈⋈⊞⊤∈⊞⊤∈∋∋∋⊞⊣
0x27a52890	⊢⊞⊞⊞⊞⊣
0x27a28b90	⊢⋈⋈⋈⋈⋈⋈⋈⊞⋈⋈⋈⋈⋈⊤⋈∈⊤∈⊤∈⋈⋈≺⊤∈∋⋈≻⋈⋈⊞∈⋈⋈⋈≺⋈⋈⊞⋈⋈⊤∈⋈⋈⋈⋈⋈⊤∈⋈⊙≺⊤∈⊤∈∋⊞⊤∈⋈⊤∈⋈⊞≺∈⊤∈⊤∈⋈⊤∈∋∋⊞⊞∈∋∋∋⋈≻⋈⋈⋈⊤∈⋈⋈≺⋈⊞⋈⋈⊤∈⋈⋈⋈⋈⋈⊤∈⋈⊙∋∋∋⊤∈⋈⊙∋⋈⊙⊞⊞∋∋⊞⊞≺⋈⋈⋈⋈≻⊤∈⋈⋈⋈⋈⊙⋈⋈≺∋⋈⋈⊙⋈⊤∈⋈⋈⋈≻⋈⊤∈∋⋈⋈⋈⊙⋈≺∋⋈∋∋∋∋⊤⋈⋈⊥⊤⊥⊥⊤∈⊞⋈⋈⋈⋈⊞⋈⋈≻⊤∈⋈⋈≻⊞⊞⊞⋈⊡∈⋈⋈⋈⋈⊞⊞⊤∈∋⋈⋈≺∋⋈⋈⋈⋈⋈⋈⋈⋈⋈⋈⊤∈⋈≻∋⋈⊞⋈⋈⋈⋈⋈⋈⋈⋈⊞⋈⊞⊞⋈⋈⋈⋈⋈⋈⊣∋⋈⋈≻≺
0x27a29b60	⊢⋈⋈⋈⋈⋈⋈⋈⊞⋈⊤∈⋈⋈⋈⊤∈⊤∈∈⋈⊞∈∈⋈⋈⋈⋈⋈≻⊤∈⋈⋈≻≺⋈⊤∈⋈⊙∋⋈≻⋈⋈⋈⊤∈∋⋈⋈⋈⋈⊞≻⋈⋈⋈⊞≺∋⋈⋈⋈⋈⋈⋈⋈⋈⋈⊞⋈⊞⊤⋈⋈⊥⊤∈⋈⋈⋈⋈⋈≻⋈⋈≺∋⋈⋈⋈⊞⋈⋈⊤⋈⋈⊥⋈⊤∈⋈⋈⋈⋈≻⋈⋈≺∋⋈⋈⋈⋈⊤∈⋈⋈⋈⋈⋈≻⋈⋈≺∋⋈⊞⋈⊞⊞⋈⊡∈⋈⋈⋈⊞⋈⊞⊤⋈⋈⊥⋈⊤∈⋈⋈⋈⋈≻⋈⋈⋈≺∋⋈⋈⋈⊞⋈⋈⊤⋈⋈⊥⊤∈⋈⋈⋈⋈≻⋈⋈≺∋⋈⋈⊞⋈⊞⊤∈∋≺⋈⊞⊤∈⋈⋈⋈⋈⋈≻⋈⋈≺∋⋈⋈⊞⋈⋈⋈⋈⋈≻∋≻⋈⊞⋈⊤∈∋∋⋈⋈⋈≺⋈⋈≺∋∋⊞⋈⋈⋈⋈⋈⋈⊣
0x27a48460	⊢⋈⋈⋈⋈⋈⊞⋈⊤∈⊤∈⋈⋈⋈≻⋈⋈≻≻⊡⋈≻⋈⋈≻⋈⊤∈⋈⊞≻∋⋈⋈⊞⋈⋈⋈⊞⋈⊡⊞⋈⋈⋈⋈⊣⋈⋈⋈⊞⋈⋈⋈⋈⊙
0x27a48560	⊢⋈⋈⋈⊞⋈⊤∈⋈⋈⋈⊙⊤∈⋈⊤∈⋈⋈⋈⊙⊤∈∋⋈⋈⋈≺⋈⊞⊙⊤∈⋈⋈⋈∋≻⋈⋈≻≻∋⋈⊞⊡∈⋈⊙⋈∋∋⋈⊙⊞⋈⋈⊣
0x27a4cc80	⊢⋈⋈≻⋈⊙
0x279d33a0	⊢⋈⋈⋈⋈⋈⋈⊤∈⋈⊞∈⋈⋈⊞⋈⊤∈⊤∈⊞⋈⊤∈≺⋈⋈⊞⊞⊡∈⋈⊞⊞⋈⊞⋈⊞⊤∈∋⊤∈⊤∈⋈⊞∋⋈∋⊤∈∋⋈⊤∈⊤∈⊞⋈⊞⊞⊡∈⋈⊞⊞⋈⊞⋈⊞⊤∈∋⊤∈⊤∈⋈⊞≺∋∋⋈∋∋⊤∈⋈⋈⋈≻⊤∈⊤∈∋⋈⋈⋈≻⊤∈∋⊤∈∋⋈⋈⋈≻⊤∈∋⊤∈∋⋈⋈⋈≻⊤∈≺∋⊤∈∋⋈⋈⋈≻∋∋⋈⋈≻⋈⊤∈∋∋⋈⋈⊞≻⊤∈⊞⋈≺⋈⋈⋈⊞⊞⊡∈⋈⊞⊞⋈⊞⋈⊞⊤∈∋⊤∈⊤∈∋∋∋⋈⋈⋈≻⋈⊞∋⋈≺∋∋⋈⋈⋈⋈⊣
0x279d37a0	⊢⋈⋈⋈⋈⋈≻
0x27a4b790	⊢⋈⋈⋈⋈⋈⋈⋈⊞⋈⋈⋈⋈⊙⋈⋈⊞⊡∈⋈≻≺∋⋈⊞⊤∈≻⋈⊞≺⊞∋⋈⋈⊞⊤⊥⋈⋈⋈⊞⊡∈⋈⊡∈⊤∈⋈⋈⋈≻≺⊙⊞⊡∈∋∋⋈⋈⊤∈⋈⊙⊤∈⋈⋈≻≺⋈⋈⋈⋈⋈⋈⋈⋈⋈⋈⋈⋈⊡⋈⋈∈⋈⋈⋈⊞⋈⊡∈⊤∈⋈⊤⊥⊞⊞⊞⊤∈∋⋈⊤∈∋⊞∈⊤∈⋈⊤∈⋈⋈⋈⋈⊞⋈⊞⋈⋈⊙⋈⋈⊞⊞⋈⊞⊞⋈⊞⊙≺∋⋈⋈⊞⋈⋈⋈⋈⋈⋈⋈≺⋈⊤∈⋈∈∋⋈⋈⋈⋈⋈≻⋈≺⊤∈⋈⋈⋈⋈⋈≻⊞⋈⋈⋈⋈⋈≻⊞≺∋⋈∋⋈⋈⊞⊤∈⋈⋈⋈⋈⋈⊞⋈⊞⋈⋈⊙⋈⋈⊞⊞⋈⊞⊞⋈⊞⊙≺∋⋈⊞⊞⋈⋈⋈⋈⋈⋈⋈⋈⋈⋈⋈⋈⋈⋈⊤∈⋈⋈⋈⋈⋈⋈⊤∈∈⊤∈⋈⋈⋈≻≺⋈⋈⊤⋈∈⋈⋈⊤∈⋈⋈⊞⋈⋈⋈⋈⋈⋈⋈⋈⋈⊞⋈⋈⊞⋈⋈⊞⋈⋈⋈⋈⊙⋈⋈⋈⋈⋈⋈⊞⋈⋈⊞⊞⊞⋈⋈⊙⋈⋈⋈⋈⋈⋈⋈⋈⋈⋈⊞⋈⊙⋈⋈⋈≺∋⋈⋈⋈⊤∈⊞∈⋈⋈⊞⋈⊤∈∋≺⊞⋈⋈⋈⊤∈⊤∈⋈∋⋈⋈⋈⋈≻⋈⋈⋈⊤∈⋈⋈⊞⋈⋈⋈⋈⋈⋈⋈⊞⋈⋈⊞⋈⋈⊞⋈⋈⋈⊙⋈⋈⋈⋈⊞⋈⋈⊞⊞⊞⋈⋈⊙⋈⋈⋈⋈⋈⋈⋈⋈⋈⋈⊞⋈⊙⋈≺∋⋈⋈⋈⋈⋈⊤∈⊞∈⋈⋈⋈⋈⊞⊤∈∋≺∋⋈⋈⋈⋈⋈⋈⋈⋈⊤∈⋈⋈⋈≻⊞⋈⋈⋈≻⊞≺∋⋈⋈⋈⊤∈⋈⋈⋈⊞⋈⋈⋈⋈⋈⋈⋈⊞⋈⋈⋈⋈⋈⊞⋈⋈⋈⊙⋈⋈⋈⋈⊞⋈⋈⊞⊞⊞⋈⋈⊙⋈⋈⋈⋈⋈⋈⋈⋈⊞⋈⊞⋈⊙⋈≺∋⋈⋈⋈⋈⋈⊤∈⊞⊡∈⋈⋈⋈⋈⊞⊤∈∋∋⋈⋈⋈⋈⋈⋈⋈⊤∈∋⋈⋈⋈⋈⋈⋈⋈⊤∈∋≺⋈∋⋈⋈⋈⊤∈⋈≻≺⋈⋈⊙⊤∈⋈⋈≻≺⋈⋈⋈⋈⋈⊞⋈∈⋈≻≺⋈⋈⋈⋈⊤∈⋈⋈⋈≻⋈⋈⋈⋈⋈⋈⋈⋈⋈⋈⋈∋∋∋∋∋⊡⋈≺∋⋈⋈≺∋≺⊞⋈⋈⋈⋈⋈⋈⋈⋈⋈⊤⋈⋈∈⊤∈⊙≺∋∋∋⋈⋈⊤⊤∈⋈⊤∈≻⊤∈⋈≺∋∋∋⊞⋈⊤∈⋈⋈⋈⋈⊞⊞⋈⋈⋈⋈⋈⋈⊙⊞⋈⋈⋈⋈⋈⋈⊣
0x27a4a4b0	⊢⋈⋈⋈⋈⋈⋈⊞⊤∈⋈⋈⊙⊤⋈⊥⋈⋈⋈⋈⋈⊞⊙⊞⊞⋈⋈⊙∋⊙⋈⋈⊞⊡∈⋈≻≺∋⋈⊞⊤∈≻⋈⊞≺⊞∋⋈⋈⊞⊤⊥⋈⋈⋈⊞⊡∈⋈⊞∈⊤∈⋈⋈⋈≻≺⊙⊞⊡∈∋∋⋈⊤∈⋈∈⋈⋈⊞⋈⊡∈⊤∈⋈⊤⊥⊞⊞⊞⊤∈∋⋈⊤∈⋈⊤∈⋈⋈⋈⋈⋈⋈≻⋈⋈⋈⊤∈⋈⊡∈⋈⋈⊞⊤∈∋∋⋈⊞⋈⋈⋈⋈⋈⋈≻⋈⋈⋈⋈⋈⋈⋈⋈⊤∈⊞∈⋈⋈⊤∈∋∋⋈⊞⋈⋈⋈⋈⋈⋈≺∋⊡⊤∈⋈⊤∈⋈≻≺⋈⊤∈⋈⋈⋈≻⋈⋈⊞⋈⋈⊙∋⊤⊥⊤⊥⊞∈⋈⊙≺∋⊞∈∋∋∋⋈⋈⊤⊤∈⋈⊤∈≻⊤∈⋈≺∋∋∋⊞⋈⊤∈⋈⋈⋈⋈⊞⊙≺∋⊞⋈⋈⋈⋈⋈⊣⋈≺∋
0x27a4a150	⊢⋈⋈⋈⋈⋈⋈⋈⊞⋈⋈⋈⊤∈⊤⊥⊤⊥⊞∈⋈⊙∋⊞⋈⊤∈⊞⋈⋈⋈⋈⊙⋈⋈⊙⊤∈⋈⋈⋈⊙⋈⊤∈⋈⋈≺⊤∈⋈⋈⋈⋈≻≺⋈⋈⋈⋈⋈⊙⋈⊤∈⋈⋈≺⋈⋈⋈⊙⋈⊤∈⋈⋈∋∋⋈⋈≻⋈⊞⊞⋈⋈⋈≻∋∋⊞⋈⋈⊞⋈⊞⊙⊤∈⋈⋈⊙⊤⋈⊥⋈⋈⊞⋈⋈⋈⊞⊙⊤∈⊙⋈⊞⊞⋈⋈⋈⋈⋈⋈⋈⋈≻≺⋈⋈⋈⊞⊙⊤∈⊙⋈⊞⊞⋈⋈⋈⋈⋈⋈⋈⋈≻≺⊞⋈⋈⋈⋈⊞⊙⋈⋈∋⊤∈⊤⊥⊤⊥⊞∈⋈⊙≺∋∋∋⋈⊞⋈⋈⋈⋈⋈⋈⊣
0x27a51350	⊢⋈⋈⋈⋈⋈⋈⋈⊞⋈⋈⊤∈⋈⊙⋈⊡∈⊞⊡∈⋈⊤∈⋈∈⋈⋈⊞⋈⊡∈⊤∈⋈⊤⊥⊞⊞⊞⊤∈∋⋈⊤∈⊞⊤∈⊤∈⊞⋈⊤∈⋈⋈⋈≺∋⋈⋈≻⋈⋈⋈⋈⋈⋈⋈⋈⋈⋈⋈⋈≻⋈⊤∈⋈≻∋⋈⋈⋈≻⋈⋈≻≺≺∋⊞∈∋∋∋⋈≺⋈≺∋⊤∈⋈⋈⋈≻⋈⋈≻∋≻⊤∈⋈⊙∋⋈⊙≻⋈≻≻⊞⊞∈∋⋈⋈⋈≺∈⋈⋈⋈⊙⊤∈⋈⊤∈⊞⊞⊤∈⋈≺∋⋈⊞⊤∈⋈⋈⋈⋈⊤∈⋈⊙∋⊤∈⋈⊙∋⋈⊙⋈⊞∈⋈⋈⋈⋈≻⊣⊞⋈≺∋⊤∈∋∋∋∋∋⊞⋈⋈⋈⋈⋈⋈⋈⋈⋈⋈⋈⋈⊞⊙⊞⋈⋈⋈⋈⋈⋈⊣
0x27a49e80	⊢⋈⋈⋈⋈⋈≻
0x27a49fd0	⊢⋈⋈⋈⋈⋈⋈⋈⋈⋈⊞≻⋈⋈⋈⋈⊙⊤∈⋈⊙∋⋈≻⋈⊙⊞⋈⋈⋈⋈⋈⊣
0x27a44fe0	⊢⋈⋈⋈⋈⋈⋈⋈⊞⋈⊞∈⋈⋈⋈⊤⋈⊥⋈⋈≻⊤∈⊤∈⊤⋈⊥⊤∈⋈⋈⊡∈⊤⊞⋈⊞∈⋈⋈⋈⋈≻∋⋈⋈⋈≻⊞⋈⋈≻⊤∈⊤∈⋈⊤∈∋∋∋⋈⋈⋈⋈⋈⋈⋈≻∋∋∋⊞⋈⋈⋈⋈⋈⋈⊣
0x279ddaf2	⊢⋈⋈⋈⋈⋈⋈⊞⋈⋈⋈⋈⋈⊤∈⋈⊞⊤∈⋈⊤⊥⋈⊞⊞⊥⊞∈⋈⊡⊞⊞⊤∈⋈⊡⊞⋈≺∋⊤∈⊞⊤∈⊤∈∋⋈⋈⋈⋈⋈⋈⋈≻⊤∈⋈⋈⋈⋈⋈⊤∈⋈⋈⋈⋈≻⋈⊞⋈⋈⊞⊞⊞⊞⊞⊞⋈∈⊞⊡⊞⊞⊞⊤∈∈⊞⊞⊞⊞⋈⊞⊤⋈∈⊤∈⊤∈⋈≺∋∋⋈⊞⋈∈∋∋⊞⊞⊤∈∋⋈⋈⋈≻⊤∈⋈≻⋈⋈⊤⋈∈∋⋈⋈⋈≻⋈⋈⋈⋈⋈⋈⊞⋈⋈⊤∈⋈⋈⊞⊤∈⋈⋈⋈⊤⋈∈⋈⋈⋈⋈⋈⋈⊞⊤∈⋈⊤∈⋈⊤∈∋⋈⋈⋈⋈⋈⊞⋈⋈≻∋⋈⋈⋈≻≺∋⋈⊤⋈∈⋈⋈⊤⋈∈⊞⋈⋈⋈⊞⋈⋈⋈⊤⋈∈⋈⋈⊞≺∋⋈⋈⋈⋈≺∋⋈⋈⋈⊤⊥≺∋⋈⊞⋈∈⊤∈∋⋈⋈⋈⋈⋈⋈⋈⋈⋈⋈⋈≻⋈⋈⋈⋈⋈⋈⊤∈⋈⋈⋈≻⋈∋⋈⋈≺⊤∈⋈⋈⊤∈⋈⊤∈⋈⊞⊤∈∋⊞⋈⋈≺∋⊞∈⋈⊞⊞∈∋≺∋⊞⊤⊥⋈⋈⋈∋⊤∈⋈⋈⋈≻⋈∋⋈⊤⋈⋈∈⋈⊤∈⋈⋈⋈≻⋈⋈⋈⋈⋈⋈⊞⊤∈⋈⋈⊤∈⊞⋈⋈≺∋⊤∈⋈⊞∈∋∋⋈⋈⋈⋈≻⋈⊤∈⋈⊤∈⊞⋈⊤∈∋⋈⊞⋈⋈≺∋⋈⊤⊥≺∋⋈⊞∈⊤∈∋⋈⋈⋈⋈⋈⋈⋈⋈⋈⋈≻⋈⋈⋈⋈⋈⋈⊤∈⋈⋈⋈≻⋈∋⋈≺⊤∈⋈⊤∈⋈⊤∈⋈⊞⊤∈∋⊞⋈⋈≺∋⊞∈⋈⊞⊞∈∋≺∋⊞⊤⊥⋈⋈⋈∋⊤∈⋈⋈⋈≻⋈∋⋈⊤∈∋⋈⋈⊞⊞⊤∈⋈⋈⊤∈⊞⋈⋈≺∋⊤∈⋈⋈⊞∈∋∋⋈⋈⋈⋈≻⋈⋈⋈⊞⊞⋈⋈⋈⋈⋈⋈⋈⋈⋈⋈⋈⋈⋈⋈⋈⋈⋈≻⊞⋈⊞⋈⋈⋈⋈⋈⋈⋈⋈⋈⋈⋈⋈⋈⋈≻⊞⋈⋈⋈⋈⋈⋈⋈⋈≻⋈⊞⊞⋈⋈⋈⋈⋈⋈⋈⋈⋈⋈⋈⋈⋈≻⊞≺∋⋈⋈⋈⊤∈⋈⋈⋈≻⊞⊞⋈⋈⋈⋈⋈⋈⋈⋈⋈⋈⋈⋈⋈⋈≻⊞⋈≺∋⋈∋⋈⊤∈⋈≺⋈⋈⊞≻⊤∈⋈⋈⊞∈⋈⋈⊤∈⊞⋈⋈⊞⋈⋈⋈⊤∈⋈⊞⊞≺⋈⋈⋈≺∋⋈⊤⊥≺∋∋⋈⋈⊞⋈∈⊤∈∋⋈⋈⋈⋈⋈⋈⋈⋈⋈⋈⋈⋈⋈≻⋈⋈⋈⋈⋈⋈⊤∈⋈⋈⋈≻∋⋈⊤⋈⋈∈⊤∈≺⊤∈≺⊤∈∋∋⋈⋈⋈≻∋⋈⋈≻∋⋈≺∋⋈≻⋈⋈⋈⋈⋈⋈⊞⋈⋈⋈⋈⋈⋈⊞∈⋈⋈≺∋⊤∈⋈⊤∈⋈⊤∈⋈⋈⋈≻⊤∈⋈⋈≻⋈⋈⋈⋈⋈⋈⊞⋈⋈⋈⋈⊤∈⋈⋈⋈⋈≻⋈⊞⋈⋈⊞⊞⊞⊞⊞⊞∈⊞⊡⊞⊞⊞⊤∈∈⊞⊞⊞⊞⋈⊞⊤∈⊤∈⋈⋈≺∋⋈⊞⋈∈∋∋⊞⊞⊤∈∋⋈⋈⋈⋈≻⋈⋈⊤∈⋈⊤∈⋈⋈∈⋈⋈⋈⋈⋈⋈⋈≻⋈⋈⋈⋈⋈⋈≻⊤∈⋈⋈⋈⋈⋈⋈⋈⋈⋈≻⋈⋈∋⋈⊤∈⋈⋈⋈⋈⋈⋈⋈⋈≻⋈⋈⋈≺∋∋∋∋⋈⋈⋈⋈⋈≻⋈⊤∈⋈⋈≻≺∋⋈⊞⋈⋈⊞⊞⊞⊞⊞⊞⊞∈⊞⊡⊞⊞⊞⊤∈∈⊞⊞⊞⊞⋈⊞⊤∈⊤∈⋈⋈⋈≺∋⋈⊞⋈∈∋∋⊤∈⊞⊤∈⊞⊞⊞⊞∋⊞⊞⊤∈⋈⊤∈⊡⊞⊞⋈≺∋⊞⋈⊡⋈⊞⋈⋈⊡⊞⋈⊞⊞⋈⋈⋈⋈⋈∋∋⋈⊞⋈⋈⋈⋈⋈⋈⊣⋈≺∋⊞⊞⊞≺∋⊞⊞⊞≺∋⋈⋈⋈⋈⊙⋈⋈⊤∈∋⋈⊤∈⊤∈⋈≺⋈⊤∈⋈⋈⊞⊥⊞⊤⊥⊞∈⊞∈⋈⋈≻∋⊤∈⋈⊞⋈⋈⋈⋈≻⊤∈∋⋈⋈⋈≺∋⋈⋈⊙⋈⋈≺⋈≺∋∋∋⋈⋈⋈⋈⋈⋈≻⋈⋈⋈⋈≺∋⋈≺∋⋈⋈⋈⋈⋈⋈≻⋈⋈⋈≺∋⋈⊞⋈⋈⋈⋈⋈⋈⊣⊤∈⋈⊤∈⋈⊞⊤∈⊞⋈≺∋⋈⋈⊞∈⋈⊞⊞∈∋⊞⊤⊥⋈⋈⋈⋈∈∋∋⋈⋈⋈⋈⋈⋈⋈⋈≻⋈⋈⋈⋈⊞≻⋈⋈⋈⋈⋈≻⋈⋈⊤⋈∈⊤∈⋈≺⊤∈⋈⋈⊞⊥⋈⊤⊥⊞⋈∈⊞∈⋈⋈≻∋⊤∈⋈⊞⋈⋈⋈⋈≻⊤∈∋⋈⋈⋈≺∋⋈⋈⊙⋈⋈⋈⋈≺⋈≺∋∋∋⋈⋈⋈⋈⋈⋈≻⋈⋈⋈⋈⋈⋈⋈⋈⋈⋈⋈⋈≻⋈⊞⋈⋈⋈⋈⋈⋈⋈≻⊞⋈⋈⊞⋈⊞⋈⋈⋈⋈⋈⋈⋈⋈⋈⋈≻⋈⋈⋈⋈⋈⋈⋈≻⋈⋈⋈⋈⋈⋈⊤∈⋈⋈⋈≻∋⊞⋈⋈⋈⋈⋈⋈⋈⋈≻⊞⋈⋈⊤∈⋈⋈⋈≻∋⋈⋈⋈≻⋈⋈⋈≻⋈⋈⋈⋈⊞≻⋈⋈⊤∈∋⋈∋⋈⋈≻∋∋∋∋∋∋∋∋⋈⊞⋈⋈⋈⋈⋈⋈⊣⋈⋈⊤⋈⊥⋈⋈⋈≻⊤⋈⋈∈⋈⊤⋈∈⋈⋈≺∋∋⊤⋈∈⋈⊤∈⋈⋈⊤∈⋈⋈≺∋⋈⊞⊤∈∋⊞⋈⊞⊥≺∋⋈⊞⋈⊥⊥⊞⋈⊞⊞⋈⋈⋈⋈⋈⋈⋈⋈⋈⋈≻⊞⋈⋈⋈⋈⋈⋈⋈⋈⋈⋈⋈⋈⋈⋈⋈⋈⋈⋈⋈⋈≻⊞⋈⋈⋈⋈⋈⋈⋈⋈⋈≺∋≻⊞⋈⋈⊤⋈⋈∈⋈⋈⋈⋈⋈⋈≻⋈∋⋈⋈⋈≻⊞⊞⊞≺∋≺∋∋∋∋∋∋∋⋈⊞⋈⋈⋈⋈⋈⋈⊣
0x27a004f3	⊢⋈⋈⋈⋈⋈⋈⊞⋈⋈⋈⊤∈⋈⋈≻⋈⋈⋈⊞⊤∈⊤∈∋⋈⋈≻⋈⊞⊤∈⋈⋈≺⊤∈⋈⊞⊞⋈⋈≺∋∋⊤∈⋈⋈≺⊤∈⋈⊞⊞⋈⋈≺∋∋⊤⊥∈⊞∈⊤∈⋈⊣⋈⊤⋈∈∋⊥∋⊣⊞⊤∈⋈⋈⋈⋈⋈⊤∈⋈⋈⋈≻⋈⊞⋈⋈⊞⊞⊞⊞⊞⊞∈⊞⊡⊞⊞⊞⊤∈∈⊞⊞⊞⊞⋈⊞⋈⊤∈⊞⊤∈⊤∈⋈⋈⊞⊤⋈∈⊤∈⋈⋈⊤∈⋈⋈⊞⊥⋈⊤⊥⊞∈⋈⊤∈⋈⊞⋈⋈⋈⋈⋈≻⋈⊤∈⋈⋈⋈≺∋⋈⋈⊙⋈≺⊞∋⋈≺⋈⋈≺⋈≺∋∋⋈∋⋈⋈⋈⋈⋈⋈⊤∈⊤∈⋈≺⋈⊤∈⋈⋈⊞⊥⊞⊤⊥⊞∈⊤∈⋈⊞⋈⋈⋈⋈≻⊤∈⋈⋈⋈≺∋⋈⋈⊙⋈⋈≺⋈≺∋∋∋⋈⋈⋈⋈≺∋∋⋈⊞⋈⋈∈∋∋⊞⊞⊤∈∋⋈⋈⋈⋈⋈⋈⋈⋈⋈≻⋈⋈⋈⊞⋈⊤⊥⋈⋈⋈≻⋈⊤⊥⊞⋈⋈⋈∈⋈⋈⋈≻⋈⋈⋈⋈≻⊤∈⊤∈∋⋈⋈⋈≻⋈⋈⋈⋈⋈⊤∈⋈⊤∈⊤∈⋈⊤∈⋈⊤∈∋⊞≺≺∋∋∋∋⊞⋈⊞⋈⋈⋈⋈⋈≻⋈⋈⋈≻⋈⊤⋈∈⋈⋈⊤∈⋈⊤∈⊤∈⊤∈∋⊞⋈≺∋∋∋∋⋈⋈⋈⋈≻⋈⋈⋈⋈≻⋈⋈⋈⋈≻⋈⊞⋈⋈⋈⋈⊤∈⋈⋈⊤∈⋈⋈⊤∈⋈≺∋⊤∈⋈≺∋⊤∈∋⋈⊞⋈⊞⋈⋈⋈⊡⊡⋈⋈≻≺∋⊤∈⋈⋈⊡⊡⋈≻≺∋∋⋈⋈⋈≻⋈⋈⋈⊤∈⋈⋈⊤∈⋈⊤∈⊤∈⊤∈∋⊞⋈≺∋∋∋∋⋈⋈⋈⋈≻⋈⋈⋈≻⋈⊤⋈⋈⋈⋈∈⋈⊤∈⋈⊤∈⊤∈⊤∈∋⊞⋈≺∋∋∋∋⋈⋈⋈≻⋈⋈⋈⋈≻⋈⋈⋈⋈≻⋈⋈⋈⊤∈⋈⊤∈⋈⊤∈⋈≺∋⊤∈⋈≺∋⊤∈∋⋈⊞⊞⋈⋈⋈⊡⊡⋈⋈⋈≻≺∋⊤∈⋈⋈⊡⊡⋈≻≺∋∋⋈⋈⋈⋈≻⋈⋈⋈⋈⋈⋈⋈⋈⋈⋈⋈⋈⋈⋈⋈⋈⋈⋈⋈⋈⋈⊤⋈⊥⊤⊥⊤⊥⋈⋈⋈≻⋈⋈⊤⋈⋈∈⋈⋈⊤∈⋈⋈∋∋⋈⋈⋈⋈⋈≻⋈⋈⋈⊤∈⋈⋈⊤∈⋈⋈∋∋⋈⋈⋈⋈⋈⋈⋈≻⋈⋈⋈⋈⋈⋈⋈⋈≻⋈⋈⋈⋈⋈⋈⋈⋈⋈⋈⋈⋈⋈≻⊞⋈⋈⋈⋈⋈⊤∈⋈⋈⊤⋈∈⋈⋈⊤∈⋈⋈≺∋⊤∈⋈⋈≺∋⊤∈∋⋈⋈⊞⊞⋈⋈⋈⋈⋈⋈⋈≻≺∋⊤∈⋈⋈⋈⋈⋈≻≺∋∋⋈⋈⋈⋈≻⋈⋈⋈⋈⊡⊡⋈⊡⊡⋈⋈⋈≻⋈⋈⋈⊤∈⋈⊤∈⋈⊤∈⋈≺∋⊤∈⋈≺∋⊤∈∋⋈⋈⊞⊞⋈⋈⋈⊡⊡⋈⋈≻≺∋⊤∈⋈⋈⊡⊡⋈≻≺∋∋⋈⋈⋈⋈≻⋈⋈⋈⋈⋈⋈⋈⋈⋈⋈⋈⋈⋈⋈⋈⋈⋈⋈≺∋⋈⋈⋈⊤⋈⋈⋈⋈∈⊤∈⋈⊤∈⋈⋈⊞⊥⋈⊤⊥⊞∈⊞⋈⋈≺∋⋈∋∈⋈⋈⋈⋈⋈⊤∈⊤∈⊤∈⋈⋈⋈⊞⊥⋈⊤⊥⊞∈⋈⋈⊤∈⋈⋈⋈⋈⋈⋈≻⊤∈⋈⋈⋈⋈⋈≺∋⋈⋈⋈⊙⋈⋈⋈⋈≺∋⊞∋∋⋈⋈≻∋⊤∈⋈⋈⋈⋈⋈⋈≻⋈⊤∈∋⋈∋⋈≻∋⋈⋈⋈⋈⋈≺∋⋈⋈⋈⊙⋈⋈⋈⋈⋈⋈≺∋⋈⋈≺∋⋈∋∋⋈⋈⋈⋈⋈⋈⋈⋈≻⋈⊤∈∋⋈⋈≻≺∋⋈⊞⋈⋈⊞⊞⊞⊞⊞⊞⊞∈⊞⊡⊞⊞⊞⊤∈∈⊞⊞⊞⊞⊞⋈⊤∈⊞⋈⊤∈⋈⊤∈⋈⋈⋈⋈⋈⋈⋈⋈⋈⋈⋈⋈⋈⋈⋈⋈⋈⋈⋈⊞⋈⋈⋈∈⋈⊤∈⋈⋈≻⋈∋⊤∈⋈⋈⋈⋈≻⋈≺∋∋⋈⊞⋈∈∋∋⊤⋈⋈∈⊞⊤∈⊞⊞⊞⊞∋⊞⊞⊤∈⋈⊤∈⊡⊞⊞⋈≺∋⊞⋈⊡⋈⊞⋈⋈⊡⊞⊞⋈⋈⊡⊡⋈⋈⋈⋈⋈⋈⋈⋈⋈⋈⋈⋈⋈⋈∋∋∋⋈⋈⋈⋈⋈⋈⋈⋈⋈⋈⋈⋈⋈⋈⋈⋈⋈⋈⋈⋈⋈≺⋈≺∋⊞⊞⊞⋈⋈≺∋⊞⊞⊞≺∋∋⊡⊡⊡⊡⊡⊡∋∋⊞⋈⋈⋈⋈⋈⋈⊣
0x279dc8e6	⊢⋈⋈⋈⋈⋈⋈⊞⋈⋈⋈⋈⋈⊤∈⋈⋈⋈⋈⋈⋈⋈⋈⋈⋈≻⊤∈⋈⋈⋈⊤∈⋈⋈⋈≻⋈⊞⋈⋈⊞⊞⊞⊞⊞⊞∈⊞⊡⊞⊞⊞⊤∈∈⊞⊞⊞⊞⋈⊞⊤∈⊤∈⊤∈⋈≺∋∋⋈⊞⋈∈∋∋⊞⊞⊤∈∋⋈⋈⋈≻⊤∈⋈≻⋈⋈⊤∈∋⋈⋈⋈≻⋈⋈⋈⊤⋈⊥⋈⋈⋈≻⋈⊤⋈⋈∈⋈⊤⋈∈⋈⋈≺∋∋⊤∈⋈⊞⊤⋈⋈∈⋈⋈⊤∈⋈⋈≺∋⋈⊞⊤∈∋⊞⋈⊞⊥≺∋⊞⋈⊞⊞⊞⋈⋈⋈⋈⋈⋈⋈⋈≻⊞⋈⊞⋈⋈⋈⋈⋈⋈⋈⋈⋈⋈⊞⋈⋈⋈⋈⋈⋈⋈⋈⋈⋈⋈≻⊞⋈⊞⋈⋈⋈⋈⋈⋈⋈⋈⋈≺∋≻⊞⊤⋈∈⋈⋈⋈⋈⋈⋈⋈≻⋈∋⋈⋈⋈≻⋈⊞⊞⊞≺∋⊤∈∋∋∋⋈⊞⋈⋈⋈⋈⋈⋈⊣⋈⋈⊞⋈⋈⋈⋈⋈⋈≺
0x279dfb16	⊢⋈⋈⋈⋈⋈⋈⊞⋈⋈⊤∈⋈⋈≻⋈⋈⋈⋈⊞⊤∈⊤∈∋⋈⋈≻⋈⋈⋈⋈⋈⋈⊞⋈⋈⋈⊤∈⋈⋈⊤∈⊤∈⊤∈⊤∈∋⋈⋈⋈⊞∈⋈⋈⋈⋈≺⋈⋈⊤∈⋈⋈⋈≺∋⋈⋈⋈⋈≻⋈⋈⋈≺⋈⊞⊤⋈∈⊤∈⋈≺⋈⊤∈⋈⋈⊞⊥⊞⊤⊥⊞∈⊤∈⋈⋈⋈⋈≻⊤∈⋈⋈⋈≺⊞∋⋈≺⋈⋈≺⋈≺⋈⋈⊞⊤⋈∈⊤∈⋈≺⋈⊤∈⋈⋈⊞⊥⊞⊤⊥⊞∈⊤∈⋈⊞⋈⋈⋈⋈≻⊤∈⋈⋈⋈≺∋⋈⋈⊙⊞∋⋈∈⋈≻∋⋈⊞⊞∋∋⋈⊤∈⋈⋈⋈⋈≺⋈⋈⊤∈⋈⊞⊞⋈⋈⋈≺∋∋⊤⊥⊞⊤∈⊞∈⊤∈⊞⊤⊥⊞⋈⊤⋈∈∋⊥⊞≺∋∋⊤∈⋈⋈⋈⋈≺⋈⊤∈⋈⊤∈⊤∈⋈≺⊤∈⋈⋈⊞⊥⊞⊤⊥⊞∈⊤∈⋈⋈⋈⋈≻⋈⊤∈⋈⋈≺∋⋈⋈⋈⊙⋈⊞∋∋⋈≻∋⋈⊞∋⋈⋈⊙∋∋∋⋈⋈⋈⋈⋈⋈≺∋∋∋⋈⋈⋈⋈⋈⋈≻⋈⋈⋈⋈⋈⋈⋈⊤∈⊤∈⋈≺⊤∈⋈⋈⊞⊥⊞⊤⊥⊞∈⊤∈⋈⋈⋈⋈⋈≻⊤∈⋈≺∋⋈⋈⋈⋈⊙⋈⋈⊞∋⋈≺∋⋈⋈⋈≺∋∋∋⋈⋈⋈⋈⋈⋈≻⋈⋈⋈⋈⋈⋈≺∋⋈∋≻⋈⋈≺⋈≺∋∋∋⋈⋈⋈≺∋⋈≺∋∋⊞⋈⋈⋈⋈⋈⋈⊣⊞⊤∈⊤∈⋈⋈⋈⋈≻⋈⊞⋈⋈⊞⊞⊞⊞⊞⊞∈⊞⊡⊞⊞⊞⊤∈∈⊞⊞⊞⊞⋈⊤∈⋈⊤∈⋈≺∋⋈⊞⋈∈∋∋⊞⊞⊤∈∋⋈⋈⋈⋈⋈≻⋈⋈⊤⊥⋈⋈⋈≻⋈⋈⊤⊥⊞∈⋈⋈⋈≻⋈⋈⋈⋈≻⋈⊤∈⊤∈∋⋈⋈⋈≻⋈⊞⋈⊞⋈⋈⋈≻⋈⋈⋈≻⋈⋈≻⋈⋈⋈⊤⋈⊥⋈⊤⊥⊤⋈⊥⋈⋈⋈≻⋈⋈⊤∈⋈⋈⊤∈⋈⋈∋∋⋈⋈⋈⋈≻⋈⋈⊤∈⋈⋈⊤∈⋈⋈∋∋⋈⋈⋈⋈⋈≻⋈⋈⋈⋈⋈≻⊤∈⋈⋈⋈⋈⋈⋈⋈≻⋈≺∋∋⋈⋈⋈⋈≻⋈⊤∈∋⋈⋈≻≺∋⋈⊞⋈⋈⊞⊞⊞⊞⊞⊞⊞∈⊞⊡⊞⊞⊞⊤∈∈⊞⊞⊞⊞⋈⊤∈⋈⊤∈⋈≺∋⋈⊞⋈∈∋∋⊤∈⊞⊤∈⊞⊞⊞⊞∋⊞⊞⊤∈⋈⊤∈⊡⊞⊞⋈≺∋⊞⋈⊡⋈⊞⋈⋈⊡⊞⋈⋈⋈⋈⋈≺∋⊞⊞⊞⋈≺∋⊞⊞⊞≺∋⋈≺⋈≺∋∋∋∋⋈⊞⋈⋈⋈⋈⋈⋈⊣
0x279f6e6f	⊢⋈⋈⋈⋈⋈⋈⊞⋈⋈⋈⋈⋈⋈⊤∈⋈⋈⋈⋈≻⋈⊞⋈⋈⊞⊞⊞⊞⊞⊞∈⊞⊡⊞⊞⊞⊤∈∈⊞⊞⊞⊞⋈⊤∈⋈⊤∈⋈⊤∈⊤∈⋈≺⋈⊤∈⋈⋈⋈⊞⊥⊞⊤⊥⊞∈⊤∈⋈⊞⋈⋈⋈≻⊤∈⋈⋈≺∋⋈⋈⋈⊙⋈⊞∋⋈≺⋈⋈≺⋈≺∋∋∋⋈⋈⋈∋⋈⊞⋈∈∋∋⊞⊞⊤∈∋⋈⋈⋈⋈⋈⋈⋈≻⋈⋈⋈⊤∈⋈⊞⋈⋈⋈⋈⋈≻⊞⊤⊥⊞⋈⋈⋈≻⋈⋈⋈⋈⋈≻⊞⊤⊥⊞⋈⋈⋈≻⋈⋈⋈⋈≻⋈⊤∈⊞⋈⊤⋈∈⋈≻⋈⊤∈⊤∈⋈≺⋈⊤∈⋈⋈⋈⊞⊥⊞⊤⊥⊞∈⊤∈⋈⊞⋈⋈⋈≻⊤∈⋈⋈≺∋⋈⋈⋈⊙⋈⊞⋈≺⋈⋈⊞⋈⋈⊤∈∋∋⋈⋈⋈≺⋈⊞≺∋⋈∋⋈⊞⊞⋈⋈⋈⋈⋈⋈≻∋⋈⊤∈⋈⋈⋈≻⋈⋈⋈⋈⋈⋈⋈⋈⋈⋈⋈⋈≻⋈⋈⋈⋈⋈⋈≻⋈⋈⊤⋈⋈⊥⋈⊤⊥⊤∈⋈⋈⋈⋈⊡⊡⋈⋈≻⋈⋈⋈⋈⋈⋈⋈⋈⊡⊡⋈⋈≻⋈⋈⋈≺∋⋈⊤∈⋈⋈⋈⋈≻∋⋈⊤∈⋈⋈⊤∈⊤∈⋈∋⊤∈⋈≺∋⊤∈∋⋈⊞⋈⊞⊞⋈⋈⋈⋈⋈⋈≻≺∋⊤∈⋈⋈⋈≺⋈⋈≻≺∋∋∋⋈∋⋈⊤∈⊤∈⋈⋈⊤∈⋈⋈⋈⊞⊥⊞⊤⊥⊞∈∋⊞⊤∈⋈⋈⋈≻⊤∈∋∋⋈∋⋈≻∋⋈⊞⋈⋈≺∋⋈⋈⋈⊙⋈≺⋈⋈≺⋈≺∋∋⋈∋⋈⋈⋈⋈⋈≻⋈⊤∈⋈⋈≻≺∋⋈⊞⋈⋈⊞⊞⊞⊞⊞⊞⊞∈⊞⊡⊞⊞⊞⊤∈∈⊞⊞⊞⊞⋈⋈⊤∈⋈⋈⊤∈⋈⋈⋈⋈⋈⊞⊤⋈∈⋈⋈≻≺∋⋈⊞⋈∈∋∋⊤∈⊞⊤∈⊞⊞⊞⊞∋⊞⊞⊤∈⋈⊤∈⊡⊞⊞⋈≺∋⊞⋈⋈⊡⋈⊞⋈⋈⊡⊞⋈⋈⋈⋈⋈⋈⋈⋈⋈∋∋⋈⋈⊡⊡≺∋⊞⋈⋈⋈⋈⋈⋈⊣⋈≺∋⊞⊞⊞≺∋⊞⊞⊞≺∋
0x279f6678	⊢⋈⋈⋈⋈⋈⋈⊞⋈⋈⋈⋈⋈⊤∈⋈⋈⋈≻⋈⊞⋈⋈⊞⊞⊞⊞⋈⊞⊞∈⊞⊡⊞⊞⊞⊤∈∈⊞⊞⊞⋈⊞⋈⊞⊤∈⊞⊞⋈≺⋈⊞⋈∈∋∋⊞⊞⊤∈∋⋈⋈⋈⋈⋈⋈≻⋈⋈⋈≻⋈⊤∈⋈⋈⋈⋈⋈⋈⋈⋈⋈⋈⋈⋈⋈⋈≻⋈⋈⊤∈⋈⋈⋈≻∋⋈⊤⋈∈⋈⋈⋈≻∋⊡⊡⊡⊡⋈⊡⊡⊡⊡⋈≻⋈⋈⋈⋈⋈⋈⋈⋈⋈⋈⋈⋈≻⋈⋈⋈⋈⋈⋈≻⊤∈⋈⋈⋈⋈⋈⋈⋈≻⋈∋⋈≺∋⋈⋈⋈≻∋⋈⊞⋈⋈⋈⋈⋈⋈⊣⊞⊞⊞≺∋
0x279f690c	⊢⋈⋈⋈⋈⋈⋈⊞⋈⋈⋈⋈⋈⊤∈⋈⋈⋈≻⋈⊞⋈⋈⊞⊞⊞⊞⋈⊞⊞∈⊞⊡⊞⊞⊞⊤∈∈⊞⊞⊞⋈⊞⋈⊞⊤∈⊞⊞⋈≺⋈⊞⋈∈∋∋⊞⊞⊤∈∋⋈⋈⋈⋈≻⋈⋈⋈≻⊤∈⋈⋈⋈⋈⋈⋈⋈⊤∈⋈⋈⊤∈⊤∈⋈⊤∈⋈⊤∈∋⊞≺≺∋∋∋∋⋈⋈⋈⋈⋈⋈⋈⋈⋈≻⋈⋈⋈⋈≻⋈⋈⋈⋈⋈⋈⋈⋈⋈⋈⋈≻⋈⋈⋈⋈⋈⋈⋈⋈⋈⋈⋈⋈≻⋈⋈⋈≻⋈⋈⊤∈⋈⊞⋈∋⋈⋈⋈⋈⋈⋈⋈⋈⋈⋈⋈⋈⋈⋈⊤∈⋈⋈⋈≻∋⋈⋈⊤∈⋈⋈⋈≻∋⋈⋈⋈⋈⋈⋈⊤∈⋈⋈⊤∈⋈⊤∈⊤∈⊤∈∋⊞⋈≺∋∋∋∋⋈⋈⋈⋈⋈≻⋈⋈⋈⋈≻⋈⋈⋈⋈⋈⋈⋈⋈⋈⋈≻⋈⋈⋈⋈⋈⋈⋈⋈⋈⋈⋈⋈⋈≻⋈⋈⋈≻⊤∈⋈⊞⋈∋⋈⋈⋈⋈⋈⋈⋈⋈⋈⋈⋈⋈⋈⊤⋈∈⋈⋈⋈≻∋⋈⊤∈⋈⋈⋈≻∋⊡⊡⋈⊡⊡⋈≻⋈⋈⋈⋈⋈⋈⋈⋈⋈⋈⋈⋈⋈≻⋈⋈⋈⋈⋈⋈⋈≻⊤∈⋈⋈⋈⋈⋈⋈⋈⋈≻⋈≺∋∋⋈⋈⋈≻∋⋈⊞⋈⋈⋈⋈⋈⋈⊣⊞⊞⊞≺∋
0x279d1270	⊢⋈⋈⋈⋈⋈⋈⋈⋈⋈⊤∈⋈⋈⊙⋈⋈⋈⊤∈∋⊤∈⊞∋⋈⋈⋈⋈⋈⊣⋈⋈⋈⋈⋈⋈⋈⋈⊙
0x279d37c0	⊢⋈⋈⋈⋈⋈≻
0x27a13e5b	⊢⋈⋈⋈⋈⋈⋈⊞⋈⋈⋈⋈⋈⋈⋈⋈⋈⋈⊞∈⋈⋈≺∋⊞⋈⊤∈⋈⋈⋈⊞⊥⊞⊤⊥⊞∈⋈⋈⋈⋈⋈⋈≻⊤∈⊤∈⊞⋈⋈⋈≺∋⋈⋈⋈⋈⋈⊞∋⋈⋈≻∋⋈⊞⊞⊤∈⋈⋈⋈⋈≻≺∋∋⋈⋈≻⊤∈⋈⋈≺⊤∈⋈⊞⊞⋈⋈≺∋∋⋈⋈≻⋈⊤∈⋈⋈⊤∈⊞≺⊤∈⋈⊞⋈∈⊤∈⊞⋈⊞⊤⋈∈∋⊤∈∋⋈⋈≺∋∋∋⋈⊞⊤∈⊤∈⋈⋈⋈≻⋈⋈⋈≺⊤∈⊞⋈⋈≻⋈⋈≻⋈⋈⋈≺⋈⋈⊤⊥⊤⊥⋈≺∋∋∋∋⋈⋈⋈⋈⋈⋈⊞⋈⋈⋈⋈⋈⋈⊣
0x27a13ab8	⊢⋈⋈⋈⋈⋈⋈⊞⋈⋈⋈⋈⋈⋈⊤∈⋈⊤∈⋈⋈⊤⊥⋈⊤⊥⊞∈⋈⊡⊞⋈⊞⊞⋈⊞⊞∈⋈⊞∈⊤∈⊞≺⊤∈⋈⊞∈⋈⊞∋⋈⋈⋈≺⋈⋈⊞⊞⋈⊞⊞⊞∈∋∋∋⋈⋈⋈⋈⋈⋈⋈⋈⋈⋈⋈⋈⋈≻≺⋈≺∋∋⋈⊞⋈⊞⋈⋈⋈⋈⋈⋈≻∋⋈⋈⋈⋈⋈≻⋈⋈⋈⋈⋈⊤∈⋈⋈⊤∈⊤∈⋈∋⊤∈⋈≺∋⊤∈∋⋈⊞⋈⊞⋈⋈⋈⋈⋈⋈⋈≻≺∋⊤∈⋈⋈⋈⋈≻≺∋∋⋈⋈⋈⋈≻⋈⋈⋈⋈⋈⋈⋈⋈⋈⋈⋈⋈⋈⋈≻⋈⋈⋈⋈⋈⋈⋈⋈⋈⋈⋈⊤⋈⊥⋈⊤∈⊤⊥⊤∈⊤⊥⊤∈∋⋈⊞⊞⋈⋈⋈⋈≻∋⊤∈⋈⋈⋈⋈⋈≻≺∋⋈≺∋⋈⋈⋈⋈⋈⋈⋈⋈⋈⊤∈⋈⋈⋈⋈⋈⋈≻⋈⋈⋈⋈⋈⋈⋈≻⋈⊤∈∋⋈⋈⋈≻≺∋∋∋⊞⋈⋈⋈⋈⋈⋈⊣
0x27a144f7	⊢⋈⋈⋈⋈⋈⋈⊞⋈⋈⋈⋈⋈⋈⊞⊤∈⋈⋈≺⊤∈⋈⊞⋈⋈≺∋∋⋈⊤∈⋈⋈⋈⋈≺⋈⊤∈⋈⊞⊞⋈⋈⋈≺∋∋⋈⊤⋈⋈∈⊞∈⊤∈⊞⊤∈⋈⊤⋈∈∋∋∈∋⋈⋈⊤∈⊤∈⋈⊤∈⋈⋈⊞⊥⋈⊞⊤⊥⊞∈⊞∈⋈⋈≻∋⋈⊤∈⋈⊞⋈⋈⋈⋈≻⋈⊤∈∋⋈⋈≺∋⋈⋈⊙⋈≺⋈⋈≺∋⋈∋∋⋈⋈⋈⋈⋈⋈⋈⋈⋈⋈⋈⋈⋈⋈≻⋈⋈⋈⋈⋈⋈⋈⋈⋈⋈⋈⋈≻⋈∋⋈⋈⋈⋈⋈≻⋈⋈⋈⋈⋈⋈⋈⋈⋈⋈⋈≻⋈⋈⋈⋈⋈⋈⋈⋈⋈⋈≻⋈⋈≻⋈⋈⋈⋈⋈⊤∈⋈⋈⋈≻∋⋈⊤∈⊤∈⊤∈∋⋈⊞⋈⋈⋈⋈⋈⊞≻∋⋈⋈≻≺∋⋈⋈⋈≻⋈⋈⋈⋈≺∋⋈⋈⋈⋈⋈≻⊤∈⋈⋈⋈≺⊤∈⋈⋈⊞⋈⋈⋈≺∋∋⋈⊤∈⋈⋈⋈⋈≺⋈⊤∈⋈⊞⊞⋈⋈⋈≺∋∋⊤∈⊞∈⊤∈⊞⊤∈⋈⋈⊞⊤∈∋∋∈∋⋈⋈⋈⋈⋈⋈⋈⋈≻⋈≻⋈⋈⋈≻⋈⊤∈⋈⋈≺⊤∈⋈⊞⋈⋈≺∋∋⋈⊤∈⋈≺⊤∈⋈⊞⋈⋈≺∋∋⋈⊤∈⊞∈⊤∈⊞⊤∈≺⋈⊤⋈∈∋∋∈∋⋈≻⋈⋈≻∋∋⋈⊤∈⋈⋈⋈≻∋⋈∋⊞⋈≺∋⋈⋈⋈⋈⋈⋈⋈⋈⋈⋈⋈⋈⋈⋈⋈⋈≻⋈⋈⋈⋈⋈⊤∈⋈⋈⋈≻∋⋈⋈⋈⋈⋈⋈⋈⋈⋈⋈⊤⋈∈⋈⋈⋈≻∋⋈⊤⊥⊞∈⋈⋈⋈≻∋⋈⊤∈⋈⋈⋈≻∋⊞⋈⋈⋈⋈⋈⋈⊣
0x27a140bc	⊢⋈⋈⋈⋈⋈⋈⊞⋈⋈⋈⋈⋈⊞⋈⋈⋈≻⋈⋈⋈⋈⋈⋈⋈⋈⋈⋈⋈⋈≻⋈⋈⋈⋈⋈⋈⋈⋈⋈⋈⋈⋈≻⋈⋈⋈⋈⋈⋈⋈⊞⋈⋈⋈⋈⋈∈⊤∈⋈⊤∈⋈⋈⊞⊥⋈⊤⊥⊞∈⋈⋈⊤∈⋈⊞⋈⋈⋈⋈⋈≻⊤∈⋈⋈⋈≺∋⋈⋈⋈⊙⋈⋈⋈⋈⋈≺⋈⋈⋈≺∋⋈∋∋⋈⋈⋈⋈⋈⋈⊤⋈∈⊤∈⋈⊤∈⋈⋈⊞⊥⋈⊤⊥⊞∈∋⊞∋∈⋈⋈≻∋⊤∈⋈⊞⋈⋈⋈⋈≻⊤∈∋⋈⋈⋈≺∋⋈⋈⋈⋈⊙⋈⋈≺⋈⋈≺∋⋈∋∋⋈⋈⋈⋈⋈⋈⋈⋈⋈⋈⋈⋈⋈⋈⋈≻⋈⋈⋈⋈⋈⋈⋈⋈⋈⋈⋈⋈⋈≻⋈⋈⋈⋈⋈⋈⋈⋈⋈⋈⋈⋈⋈⋈⋈⋈⋈⋈⋈⋈⋈⋈⋈⋈⋈⋈≻⋈⋈⋈⋈⋈⋈⋈⋈⋈⋈⋈⋈⋈⋈≻⋈⋈⋈⋈⋈⋈⊤∈⋈⋈⋈≻∋⊞⋈⋈⋈⋈⋈⋈⊣
0x27a09650	⊢⋈⋈⋈⊤∈⋈⋈⊞⊤∈⊞⊞⊞⊞⊡⊞⊞⊤∈⊞⊞⊤⊥⋈⊤⊥⊞⊤∈⊡∈⊡⊞⊡⊞⊡⊞⊡⊞⊞⊞⊞⊞⊞⊞⊤∈⊞⊤∈⊞⊤∈⊞⊤∈⊞⊞⋈⊞⊞⋈⊣⊞≺⊞≺⊞⊤∈∋∋⋈⊤∈⊡∈⊡⊞⊞⊤∈⊞≺⊞⊤∈∋∋⊤∈∋⊞⊣⊡⊞⊞⊞⊤⊥⋈⊞⋈⊞⊣∋∋∋⊞∋⊞⊞⊞⊞∈⊤∈∋⋈⊣⊞⊤∈∋⋈⊣
0x27a097f0	⊢⋈⊤∈⋈⋈⊞⊤∈⊞⊞⊞⊞⊡⊞⊞⊤∈⊞⊞⊤⊥⋈⊤⊥⊞⊤∈⊡∈⊡⊞⊡⊞⊡⊞⊡⊞⊞⊞⊞⊞⊞⊞⊤∈⊞⊤∈⊞⊤∈⊞⊤∈⊞⊞⋈⊞⊞⋈⊣⊞≺⊞≺⊞⊤∈∋∋⋈⊤∈⊡∈⊡⊞⊞⊤∈⊞≺⊞⊤∈∋∋⊤∈∋⊞⊣⊡⊞⊞⊞⊤⊥⋈⊞⋈⊞⊣∋∋∋⊞∋⊞⊞⊞∈⊤∈∋⋈⊣⊞⊤∈∋⋈⊣
0x27a23060	⊢⋈⋈⊞⋈⋈⋈⋈⋈⊙⊞⋈⋈⊞⋈⊣
0x27a09978	⊢⋈⋈⋈⋈⋈⋈⋈⊤∈≻≺∋⊤∈⋈⋈≺∋⋈⋈⋈⋈⋈⋈⋈⊙
0x27a09b25	⊢⋈⋈⊞⊞
0x27a099c3	⊢⊤∈⋈⊞⊤∈⊞⊞⊞⊞⊡⊞⊞⊤∈⊞⊤∈⋈∈⋈⊤∈⋈∋⋈∈⊤∈⊤∈∋⊞⊡⊞⊞⊞⊤⊥⊞⊞≺⊡⊞⊞⊞⊤∈∋≺⋈⊡⊞⊡⊞⊡⊞⊡⊞⊞⊞⊞⊞⊞⊞⊤∈∋⊞⊤∈⊞⊤∈⊞⊤∈⊞⋈⊞⊞⊞⊞⊞≺⊞⊞≺⊞≺∋∋⋈⊞⊞≺⊞∋⋈⊞⊞⊞∈⊤∈⋈⊤⋈∈∋≺∋∋∋⋈≺∋∋∋⋈⊣
0x27a09d2c	⊢⋈⋈⋈⋈⋈⋈⋈⊤∈≻≺∋⊤∈⋈⋈≺∋⋈⋈⋈⋈⋈⋈⋈⊙
0x27a09fab	⊢⊤∈⊞⊣⋈⋈
0x27a09d77	⊢⊤∈⊞⊣⋈⋈⋈⋈⋈⊞⊤∈⊞⊞⊞⊞⋈⊞⊞⊞∈⊞⊤⊥⊞⊞⊤∈∋⊤∈⋈⊤∈⋈⋈⋈⋈∈⊡⊞⊞⋈⊞⊞⊞⋈⊞⊞⊞⊞⋈⊞⊞⊞⋈⊞⊞⊞⊞⊡⊞⊞⋈⊞⊞⊞⋈⊞⊞⊞⊞⋈⊞⊞⊞⋈⊞⊞⊞⊡⊞⊞⋈⊞⊞⊞⋈⊞⊞⊞⊞⋈⊞⊞⊞⋈⊞⊞⊞⊞⊞⊡⊞⊞⋈⊞⊞⊞⋈⊞⊞⊞⊞⋈⊞⊞⊞⋈⊞⊞⊞⊞⊞⊤∈∋∋∋⋈⊤∈⋈∈⊡⊞⊞⋈⊞⊞⊞⋈⊞⊞⊞⊞⋈⊞⊞⊞⋈⊞⊞⋈⊞⊞⊤∈∋∋⊞⊤∈∈⊞⊤⊥⊞⊞⊤∈∋∋⊞⊞∈⊞⊤⊥⊞⊞⊤∈∋≺∋⋈⋈⋈⋈⊣
0x27a48630	⊢⋈⋈⊤∈∈⋈⋈⊤∈⊤∈⊞⋈⊙⋈⊞≺∋⋈⋈⋈⋈⋈⊤∈⋈⊡∈∋⋈⊣⊞⋈≺⊞⋈⋈⊞⋈⋈⋈⊙⊤∈∋∋⋈≻⊣
0x27a48d10	⊢⋈⋈⋈⊣
0x279d3620	⊢⋈⋈⋈⋈⋈⋈⋈⋈⋈⋈⋈⊞∈⊤∈⋈⊞⊤∈⋈⊞⊞⋈⊤∈⊤∈⋈≺⋈≺∋⊞∈⊞⊤∈⊤∈⋈≺⋈∈⊤∈⊤∈⋈⋈⋈⋈⋈⊞⋈⋈⋈⋈⋈⋈⋈⊙⋈⋈⋈⋈⋈≺∋⊞⋈⊤⊥⊤⊥⊞⊤∈⋈⊞⋈⊞⊤∈∋⊡⋈⊞⋈⊞⋈⋈⋈⋈⋈⋈⋈⊙⋈⋈⋈⋈≺∋∋⊤∈⋈∋∋⊞⋈⋈≻⋈∋⋈⋈≺∋∋∋⋈∋⊞⋈⋈⋈⋈⋈⋈⊣
0x279d30f0	⊢⋈⋈⊞⋈⋈⋈⋈⋈⋈⋈≻
0x279d1b60	⊢⋈⋈⊞⋈⋈⋈⋈⋈⋈⋈⋈⋈⋈⋈≻
0x279d1be0	⊢⋈⋈⊞⋈⋈⋈⋈⋈⋈⋈⋈⋈⋈⋈≻
0x279d1ba0	⊢⋈⋈⊞⋈⋈⋈⋈⋈⋈⋈⋈⋈⋈⋈≻
0x279d37e0	⊢⋈⋈⊞⋈⋈⋈⋈⋈⋈⋈⋈⋈⋈⋈≻
0x279e3290	⊢⋈⋈⋈⋈⋈⋈⋈⋈⊤⊥⋈⊤⊥⊞∈⊤∈⋈⊤∈⊤∈⊤∈⋈⋈≺⊤∈⋈⊞⋈⋈≺∋∋⊤∈⋈⋈≺⊤∈⋈⊞⋈⋈≺∋∋⊤∈⊞⊙⊤∈≺∋⋈⊤∈⋈⊤∈⊤∈⋈⋈≺⊤∈⋈⊞⊞⋈⋈≺∋∋⊤∈⋈⋈≺⊤∈⋈⊞⊞⋈⋈≺∋∋⊤∈⊞⊙⊤≺⋈⊤∈⋈⊤∈⋈⊤∋⊥≺∋∋∋∋∋∋∋⊞∋∋⋈⋈⋈⊣
0x27a49240	⊢⋈⋈⋈⊣
0x27a48cc0	⊢⋈⋈⋈⊣
0x27a49650	⊢⋈≺⋈⋈⋈⋈⊞⋈⋈⋈⊞⋈⋈⊞⊙
0x27a4db70	⊢⋈⋈⋈⋈⋈⋈⊞⋈⋈⋈⊤∈⋈≺∈⊡∈⋈⋈⋈⊤∈⊡∈⊙∋∋⊤∈⋈⋈⊤∈⋈⊙∋⊤∈⋈⊙≺∋⋈⊤∈∋∋∋∋⊞⋈⋈⋈⋈⋈⊣
0x279cddfe	⊢⋈⋈⋈⋈⋈⋈⊞⋈⋈⋈⊤∈⋈⋈⊤∈⊤∈⊤∈⊤∈∋⋈⋈⋈⋈⊞∈⋈⋈≺∋⊤∈⋈⊤∈⋈⊤∈⋈⋈⋈≻⊤∈⋈⋈≻⋈⋈⋈⋈⋈⋈⊞⋈⋈⋈⋈⊤∈⋈⋈⋈⋈⋈⋈⋈∈⋈⋈⊤∈⋈⋈⊙⊤∈⋈⋈≻⋈⋈⋈⋈⋈⊞⋈⊤∈⊞⋈⋈⋈⋈⋈⋈⋈≻⋈⋈⋈⊞∈⋈⋈⊤∈⋈≻∋⋈⋈⋈∋⊞⊤⊥≺∋⋈⊞⋈⋈⋈⋈⋈⊣⋈⋈⋈⋈⋈⋈⋈⋈⋈⋈⋈⋈⋈≻⋈⋈⋈⊤∈∋⋈⋈⋈⊤⋈∈⋈≻∋⋈⋈⋈⊤∈⋈⋈⊤∈⋈⋈⋈⋈≺∋⋈⊤∈∋⋈≺∋∋∋⋈⊞⋈⋈⋈⋈⋈⋈⊣⋈⋈⋈⋈⊙⋈⋈⊤∈∋⋈⊤∈⋈≺⋈≺∋⋈≺∋⋈⋈⋈⋈⋈⋈≻⋈⋈⋈≺∋⋈⋈⋈⊞∈⋈⋈⋈⋈≺⋈⊤∈⋈⊞⊞⋈⋈⋈≺∋∋⋈⊤∈⋈⋈⋈⋈≺⋈⋈⊤∈⋈⊞⊞⋈⋈⋈≺∋∋⊤⊥⊞⊤∈⊞∈⊤∈⊞⊤⊥⊞⋈⊤⋈∈∋⊥⊞≺∋∋⊤∈⋈⋈⋈⋈≺⋈⊤∈⋈⊤∈⋈≺⋈⊤∈⊤∈⋈≺⊤∈⋈⋈⊞⊥⊞⊤⊥⊞∈⊤∈⋈⊞⋈⋈⋈⋈≻⊤∈⋈⋈⋈≺∋⋈⋈⋈⊙⋈⊞∋⋈≺⋈⋈≺∋∋∋⋈⋈⋈⋈⋈⋈≻⋈⋈⋈⋈⋈⋈≺⋈⊞⊤⋈∈⊤∈⋈≺⋈⊤∈⋈⋈⊞⊥⊞⊤⊥⊞∈⊤∈⋈⊞⋈⋈⋈⋈≻⊤∈⋈⋈⋈≺∋⋈⋈⊙⊞∋⋈⋈≻∋⊤∈⋈⋈≺⊤∈⋈⋈⊞⊥⊞⊤⊥⊞∈⊤⋈∈⋈⊞⋈⋈⋈⋈≻⋈⊤∈⋈⋈≺∋⋈⋈⋈⋈⊙⋈⊞∋⋈⋈≻⋈⋈⋈⋈≺∋∋∋⋈⊞⋈⋈⋈⋈⋈⋈≻⋈⋈⋈⋈⋈⋈⋈⋈≺⋈≺∋∋∋⋈⊞⋈⋈⋈⋈≺⋈⋈⊞⊤⋈∈⊤∈⋈≺⋈⊤∈⋈⋈⊞⊥⊞⊤⊥⊞∈⊤∈⋈⊞⋈⋈⋈⋈≻⊤∈⋈⋈⋈≺∋⋈⋈⊙⊞∋⋈∋∈⋈≻∋⊤∈⋈≺⋈⊤∈⋈⋈⊞⊥⊞⊤⊥⊞∈∋⊤∈⋈⊞⋈⋈⋈⋈≻⊤∈⋈⋈≺∋⋈⋈⋈⊙⊞∋⋈≺∋⋈⋈≺∋∋∋⋈⋈⋈⋈⋈⋈≻⋈⋈⋈∋⋈⋈⋈≺∋∋⋈≻⋈⋈≺⋈≺∋∋∋⋈⋈⋈⋈≺∋∋∋⊞⋈⋈⋈⋈⋈⋈⊣
0x279f5356	⊢⋈⋈⋈⋈⋈⋈⊞⋈⋈⋈⊤∈⋈⋈⊤∈⊤∈⊤∈⊤∈∋⋈⋈⋈⋈≻⋈⋈⋈≺∋⋈⋈⋈⊞∈⋈⋈⋈⋈≺⋈⊤∈⋈⋈⋈≺⋈⊞⊤⋈∈⊤∈⋈≺⋈⊤∈⋈⋈⊞⊥⊞⊤⊥⊞∈⊤∈⋈⋈⋈⋈≻⊤∈⋈⋈⋈≺⊞∋⋈≺⋈⋈≺⋈≺⋈⋈⊞⊤⋈∈⊤∈⋈≺⋈⊤∈⋈⋈⊞⊥⊞⊤⊥⊞∈⊤∈⋈⊞⋈⋈⋈⋈≻⊤∈⋈⋈⋈≺∋⋈⋈⊙⊞∋⋈∈⋈≻∋⋈⊞⊞∋∋⋈⊤∈⋈⋈⋈⋈≺⋈⋈⊤∈⋈⊞⊞⋈⋈⋈≺∋∋⊤⊥⊞⊤∈⊞∈⊤∈⊞⊤⊥⊞⋈⊤⋈∈∋⊥⊞≺∋∋⊤∈⋈⋈⋈⋈≺⋈⊤∈⋈⊤∈⊤∈⋈≺⊤∈⋈⋈⊞⊥⊞⊤⊥⊞∈⊤⋈∈⋈⊞⋈⋈⋈≻⊤∈⋈⋈≺∋⋈⋈⋈⊙⋈⋈⊞∋⋈∋⋈≻∋⋈⊞∋⋈⋈⊙∋∋∋⋈⊞⋈⋈⋈⋈≺⋈⋈⋈≺∋∋∋⋈⊞⋈⋈⋈⋈⋈⋈≻⋈⋈⋈⋈⋈⋈⋈⊤∈⊤∈⋈≺⊤∈⋈⋈⊞⊥⊞⊤⊥⊞∈⊤∈⋈⋈⋈⋈⋈⋈≻⊤∈⋈⋈⋈≺∋⋈⋈⋈⊙⋈⊞∋⋈≺∋⋈⋈≺∋∋∋⋈⋈⋈⋈⋈⋈≻⋈⋈⋈⋈⋈⋈≺∋⋈∋≻⋈⋈≺⋈≺∋∋∋⋈⋈⋈⋈≺∋∋∋⊞⋈⋈⋈⋈⋈⋈⊣
0x27a0fbed	⊢⋈⋈⋈⋈⋈⋈⊞⋈⋈⋈⊤∈⋈⋈⊤∈⊤∈⊤∈⊤∈∋⋈⋈⋈⋈≻⋈⋈⋈≺∋⋈⋈⋈⊞∈⋈⋈⋈⋈≺⋈⊤∈⋈⋈⋈≺⋈⊞⊤⋈∈⊤∈⋈≺⋈⊤∈⋈⋈⊞⊥⊞⊤⊥⊞∈⊤∈⋈⋈⋈⋈≻⊤∈⋈⋈⋈≺⊞∋⋈≺⋈⋈≺⋈≺⋈⋈⊞⊤⋈∈⊤∈⋈≺⋈⊤∈⋈⋈⊞⊥⊞⊤⊥⊞∈⊤∈⋈⊞⋈⋈⋈⋈≻⊤∈⋈⋈⋈≺∋⋈⋈⊙⊞∋⋈∈⋈≻∋⋈⊞⊞∋∋⋈⊤∈⋈⋈⋈⋈≺⋈⋈⊤∈⋈⊞⊞⋈⋈⋈≺∋∋⊤⊥⊞⊤∈⊞∈⊤∈⊞⊤⊥⊞⋈⊤⋈∈∋⊥⊞≺∋∋⊤∈⋈⋈⋈⋈≺⋈⊤∈⋈⊤∈⊤∈⋈≺⊤∈⋈⋈⊞⊥⊞⊤⊥⊞∈⊤⋈∈⋈⊞⋈⋈⋈≻⊤∈⋈⋈≺∋⋈⋈⋈⊙⋈⋈⊞∋⋈∋⋈≻∋⋈⊞∋⋈⋈⊙∋∋∋⋈⊞⋈⋈⋈⋈≺⋈⋈⋈≺∋∋∋⋈⊞⋈⋈⋈⋈⋈⋈≻⋈⋈⋈⋈⋈⋈⋈⊤∈⊤∈⋈≺⊤∈⋈⋈⊞⊥⊞⊤⊥⊞∈⊤∈⋈⋈⋈⋈⋈⋈≻⊤∈⋈⋈⋈≺∋⋈⋈⋈⊙⋈⊞∋⋈≺∋⋈⋈≺∋∋∋⋈⋈⋈⋈⋈⋈≻⋈⋈⋈⋈⋈⋈≺∋⋈∋≻⋈⋈≺⋈≺∋∋∋⋈⋈⋈⋈≺∋∋∋⊞⋈⋈⋈⋈⋈⋈⊣
0x279e33f9	⊢⋈⋈⋈⋈⋈⋈⊞⋈⋈⋈⋈⋈⋈⊞∈⋈⋈≺∋⊤∈⋈⊤∈⊤∈⋈≺⋈⊤∈⋈⋈⋈≻⊤∈⋈⋈≻⋈⋈⋈⋈⋈⋈⊞⋈⋈⋈⋈⊞⊤⋈∈⊤∈⋈⋈⊤∈⋈⋈⊞⊥⋈⊤⊥⊞∈⊞≺⋈⋈≺⋈≺∋∋⋈∈⋈⊤∈⊤∈⋈≺⋈⊤∈⋈⋈⊞⊥⊞⊤⊥⊞∈⋈⋈⊤∈⋈⊞⋈⋈⋈⋈⋈≻⋈⊤∈⋈⋈⋈≺∋⋈⋈⊙⋈⋈⊞∋⋈∋∈⋈≻∋⋈⊤∈⋈⊞⋈⋈⋈⋈≻⋈⋈⊤∈∋⋈⋈≺∋⋈⋈⋈⊙⋈⋈≺∋⋈⋈≺⋈≺∋∋∋⋈⋈⋈⋈⋈⋈⋈⊞⋈⋈⋈⋈⋈⋈⊣⋈⋈⋈⋈⊙⋈⋈⋈≺⋈⊤∈∋⋈⊤∈⊤∈⋈≺⋈⊤∈⋈⋈⊞⊥⊞⊤⊥⊞∈⊞∈⋈⋈≻∋⊤∈⋈⊞⋈⋈⋈⋈≻⊤∈∋⋈⋈⋈≺∋⋈⋈⊙⋈⋈≺⋈≺∋∋∋⋈⋈⋈⋈⋈⋈≻⋈⋈⋈⋈≺∋∋∋⋈⋈⋈⋈⋈⋈≻⋈⋈⋈≺∋⋈⊞⋈⋈⋈⋈⋈⋈⊣
0x27a0929c	⊢⋈⋈⋈⋈⋈⋈⊞⊤∈⋈⋈⋈⊤∈⋈⊞⋈⊞⊤∈⊞⊞⊞⋈≺⋈⊞⊞⊞⊤∈⊞⊞⊞⋈≺⋈⊞⊞⊞⊞⊞⊞⊤∈⊞∋⊞⋈⋈⋈≺⊞≺∋∋∋⋈⊞⋈⊞⊞⊤⊞⊤⋈⊥⋈⋈⊤⊥⋈⊤⊥⊞∈⊞∈⋈⋈≻∋⋈⊤∈⋈⊞⋈⋈⋈≻⊤∈∋⊞≺∋⋈⋈⋈⋈⊤∈⋈⋈∈⋈⊤∈⋈⊞⋈⊞⊤∈⊞⊞⊞⋈≺⋈⊞⊞⊞⊤∈⊞⊞⊞⋈⋈⊞⊞⊞⊞⊞⊞⊤∈⊞≺⊞≺∋∋∋⊤∈⋈⊞⋈⊞⊞⊤⊞⊞⋈⋈⋈⋈≻⋈≺∋⋈⊞⋈⊤∈∋≺∋∋⋈⋈⋈⋈⋈⋈⋈∋⊞⋈⋈⋈⋈⋈⋈⊣
0x279db732	⊢⋈⋈⋈⋈⋈⋈⊞⋈⋈⋈∈⊤∈⊞⋈⋈⋈≺⋈⊞⊤∈∋⋈⋈⊙⊤∈⋈⋈≻⊞⋈⋈⋈⋈⋈⋈⋈∈∈⊤∈⋈⋈⋈⋈∋⊞⋈⋈⋈⋈⋈⋈⊣⋈⊞⊤∈∋⋈⊤∈⋈⋈⋈⋈⋈≻⋈≺∋⊞⋈⊞⋈⋈⊞⋈≺∋
0x27a1c546	⊢⋈⊞⊤∈⊤∈⊞⊣⊞⊞∈⊞⊤⊥⊞⊞⊤∈∋⊣
0x279ce6b2	⊢⋈⋈⋈⋈⋈⋈⊞⋈⊞⊤∈⋈⋈⋈⋈⊤∈⋈⋈⊙⊤∈⋈⋈≻⋈⋈⋈⋈⋈⋈⋈⋈⋈≻⋈⋈⋈⋈⋈⊤∈⋈⋈⊤∈⊤∈⊤∈⊤∈⋈⊤∈∋⊤∈≺≺∋⊞∋⊞≺⋈⊤∈⊤∈⊤∈⊞⋈⋈⊤∈∋⋈⊞⋈⋈≺∋⋈⊤⊥≺∋⊤⊥⊞⊞≺∋∋⊤∈⋈⊞⊞∈∋∋∋⋈⋈⊙⊤∈∋⋈⋈≻⋈⋈⋈⋈⋈⊤∈⋈⋈⋈⋈≻≺∋∋⋈⋈⊤∈⋈⋈⋈⋈≻∋⋈⊞⊥⊞⋈⊤∈⋈⋈⊙⊤∈∋⋈⋈≻⋈⋈⋈⋈⋈⋈⊞⋈⋈⋈⋈⋈≻⋈∈∈⋈⊞⋈∈⋈⊤∈⊤⋈∈⊞⋈⋈⋈≻∋⋈⋈⋈≻⊞⋈⋈⋈⋈⋈⋈⊣⋈⋈⊞⊤∈∋⊤∈⋈⋈⋈≻∋⊞⊞⊞⊞⊤∈⋈⋈⋈⋈⋈≻≺∋⋈⊞⊞⋈⋈⋈⋈⋈⋈⋈⋈⋈≻≺∋⋈⋈⋈⋈⋈⋈⋈⋈⋈≺⋈⋈⊤∈∋∋⊞⋈⊤∈⋈≻∋⋈⋈⋈⋈⊞≺∋∋∋⋈⊞⋈⋈⋈⋈⋈⋈⊣
0x27a1c250	⊢⋈⋈⋈⋈⊞⋈⋈⋈⊞∈⋈⋈⋈⋈⊤∈⋈⋈⊞⊞⋈⊤⊥⊤∈⋈⋈⊞⊞⋈⊤⊥⊤∈⊞⊞∈⋈⊤∈⋈⊤∈⋈⊤∈⋈⊤∈∋∋⋈⋈⋈⋈⋈⋈⋈⋈⊞⊞⊞∈⋈⊤∈⋈≺⋈⊞⋈⋈⋈⋈⊞⊞⋈⊤⊥⊤∈⋈⋈⊞⊞⋈⊤⊥⊤∈∋∋∋⋈≻∋⋈⋈⋈≻⊞⊞⋈⊞⊞⊞⋈⊞∈∋≺⋈⋈⋈⋈⋈⋈⋈∋⋈⋈⋈≻⊤⋈∈⋈⋈⋈⋈⋈⊤∈⋈⊤∈⋈⊞⋈⊞⊤∈⋈⊞⊞⋈≺⋈⊞⊞⊞⊤∈⋈⊞⊞⋈⋈⋈⊞⊞⊞⊞⊞⊞≺⋈≺∋∋∋⊤∈∋⊤⊤∈∋∋≻⋈⋈⋈⋈⋈⋈⋈⋈⋈⋈⋈⋈⋈⋈⋈⋈≻⋈⋈⋈≺∋∋∋∋∋⊞⋈⋈⋈⊣
0x27a22d00	⊢⋈⋈⋈⋈⋈⋈⋈⊞⋈⋈⋈⋈⋈⋈⊙⊤∈⋈⋈≻⋈⊤∈⋈⊙∋⋈≺⊙⋈≻⋈⋈⋈⋈⋈⊞∈⋈⋈⊙⊤∈⋈⊙⋈⊤∈⋈⊤∈⋈⊙⋈⋈⋈⋈⋈⋈≻⋈⋈⊤∈∋⋈⊤⋈∈⋈⋈≻⊣⊙⋈⊤∈⊞⊞⊤∈⋈⊙∋⋈≺∋⋈⊞⊤∈⋈⋈⋈⋈⊤∈⋈⊙∋⊤∈⋈⊙∋⋈⊙⋈≺∋⋈⋈≺∋∋⋈⋈⋈⋈⋈⋈⋈⋈⋈⊙⊤∈⋈⋈⋈⋈⋈⋈⋈⋈⋈⋈⋈⋈⋈⋈⋈⋈⋈⋈⋈⋈⋈⋈⋈⋈⋈⋈⋈⋈⋈⋈⋈⋈⊙⊤∈⊤∈⋈⋈⋈⋈⊙⊤∈∋⊞⋈⊞⋈⊤∈≺∋⋈∋⋈⊞⋈⊤∈∋⋈⊙⋈∋∋⊞⋈⋈⋈⋈⋈⋈⊣⋈⋈⋈⋈⋈⋈≻⋈⋈≺∋
0x27a48180	⊢⋈⋈⋈⋈⋈⋈⋈⋈⋈⋈⋈⋈⋈⊤⋈⊥⊞⊞⊤⋈⊥⋈⊙⊞⋈⊤∈⋈⋈⊤∈⋈≻∋⋈⋈∋⊤⊥⊞⋈⋈⋈⋈⋈⋈⊣
0x27a51890	⊢⋈⋈⋈⋈⋈⋈⋈⋈⋈≻⋈⊤∈⋈⊤∈⋈≻∋⋈∋⊤⊥⊞⋈⋈⋈⋈⊣
0x27a48a70	⊢⋈⋈⋈⋈⋈⋈⋈⋈⊤∈⋈⋈⋈⋈⋈≺∈∈⋈⋈⋈⊙⊤∈⊙⋈⊤∈⊞⊞⊤∈∋⊤∈⋈≺∋⋈⋈⊤∈⋈≻∋⋈⋈⋈⊞∈⋈⋈⋈⋈≻⋈⋈≻⊞⋈⊤∈∋∋∋⊞≺∋⊞⋈⋈⋈⋈⋈⋈⊣
0x27a4df20	⊢⋈⋈⊞⋈⋈⋈≻⋈⋈≻≻
0x27a1d641	⊢⊡⊥⊞⋈⋈⊞⋈⊤∈⋈⋈⋈⋈⊙⋈⊣
0x279e185c	⊢⋈⋈⋈⋈⋈⋈⊞⋈⋈⋈⋈⋈⊤∈⋈⋈⊤∈⊤∈⋈⋈⊤∈⋈⋈⊞⊥⋈⊤⊥⊞∈⊞⋈⋈≺⋈≺∋∋⋈∈⋈⋈⊤∈⊤∈⋈⊤∈⋈⋈⊞⊥⊞⊤⊥⊞∈⋈⋈⋈⊤∈⋈⊞⋈⋈⋈⋈⋈≻⋈⊤∈⋈⋈⋈≺∋⋈⋈⊙⋈⋈⋈⊞∋⋈⋈≻∋⋈⊤∈⋈⋈⋈⋈⋈≻⋈⊤∈∋⋈≻∋⋈≺⋈⋈≺∋⋈⋈⋈⊙⋈⋈⋈≺∋⋈⋈≺⋈≺∋∋∋⋈⋈⋈⋈⋈⋈⋈⋈⋈⋈⋈⋈⋈⋈⋈⋈≺∋⊞⋈⋈⋈⋈⋈⋈⊣
0x279fed3b	⊢⋈⋈⊞⊤∈⋈⋈≺⊤∈⋈⊞⊞⋈⋈≺∋∋⊤∈⋈⋈≺⊤∈⋈⊞⊞⋈⋈≺∋∋⊤∈⊞⊣⋈⊞⋈⊙⊤⊥⊞⊣
0x279e8bb7	⊢⋈⋈⋈⋈⋈⋈⊞⋈⋈⋈⊤∈⋈⋈⊤∈⊤∈⊤∈⊤∈∋⋈⋈⋈⋈⋈⋈⋈≻≺∋⋈⊤∈⋈⋈≺⊤∈⋈⊞⋈⋈≺∋∋⊤∈⋈⋈≺⊤∈⋈⊞⋈⋈≺∋∋⊤⊥⊞⊤∈⊞∈⊤∈⊞⊤⊥⊞⋈⊤⋈∈∋⊥⊞≺∋∋⊤∈⋈⋈⋈⋈≺⋈⊤∈⋈⊞⋈⋈⋈⋈⋈⋈⋈⋈⋈≻⋈⋈⋈≺⋈⋈⋈⋈⋈⋈⋈≻∋⋈⋈⋈⋈⋈⋈⋈∋≻≺⋈⊤∈⊤∈⋈⋈⊤∈⋈⋈⊞⊥⋈⊤⊥⊞∈⊞∈⋈⋈≻∋⊤∈⋈⊞⋈⋈⋈⋈⋈≻⋈⊤∈∋⋈⋈⋈≺∋⋈⊙⋈≺⋈⋈≺⋈≺∋∋⋈∋⋈⊞⋈⋈⋈⋈⋈∋⊤∈⋈⋈⋈⊞⋈⋈⋈⋈⋈⋈≺⋈⋈⋈⋈≺∋∋⊞⋈⋈⋈⋈⋈⋈⊣
0x27a10ae4	⊢⋈⋈⋈⋈⋈⋈⊞⋈⋈⋈⊤∈⋈⋈⊤∈⊤∈⊤∈⊤∈∋⋈⋈⋈⋈⋈⋈⋈≻≺∋⋈⊤∈⋈⋈≺⊤∈⋈⊞⋈⋈≺∋∋⊤∈⋈⋈≺⊤∈⋈⊞⋈⋈≺∋∋⊤⊥⊞⊤∈⊞∈⊤∈⊞⊤⊥⊞⋈⊤⋈∈∋⊥⊞≺∋∋⊤∈⋈⋈⋈⋈≺⋈⊤∈⋈⊞⋈⋈⋈⋈⋈⋈⋈⋈⋈≻⋈⋈⋈≺⋈⋈⋈⋈⋈⋈⋈≻∋⋈⋈⋈⋈⋈⋈⋈∋≻≺⋈⊤∈⊤∈⋈⋈⊤∈⋈⋈⊞⊥⋈⊤⊥⊞∈⊞∈⋈⋈≻∋⊤∈⋈⊞⋈⋈⋈⋈⋈≻⋈⊤∈∋⋈⋈⋈≺∋⋈⊙⋈≺⋈⋈≺⋈≺∋∋⋈∋⋈⊞⋈⋈⋈⋈⋈∋⊤∈⋈⋈⋈⊞⋈⋈⋈⋈⋈⋈≺⋈⋈⋈⋈≺∋∋⊞⋈⋈⋈⋈⋈⋈⊣
0x279e5652	⊢⋈⋈⋈⋈⋈⋈⊞⋈⋈⋈⊤∈⋈⋈⊤∈⊤∈⊤∈⊤∈∋⋈⊤∈⋈⋈≺⊤∈⋈⊞⋈⋈≺∋∋⊤∈⋈⋈≺⊤∈⋈⊞⋈⋈≺∋∋⊤⊥⊞⊤∈⊞∈⊤∈⊞⊤⊥⊞⋈⊤⋈∈∋⊥⊞≺∋∋⊤∈⋈⋈⋈⋈≺⋈⊤∈⋈⋈⋈⋈⋈⋈⋈⋈⋈≻⋈⋈⋈≺⋈⋈⋈⋈⋈⋈⋈≻∋⋈⋈⋈⋈⋈⋈⋈≻≺∋⋈⋈⋈⋈⋈⋈⋈∋≻≺⋈⊤∈⊤∈⋈⋈⊤∈⋈⋈⊞⊥⋈⊤⊥⊞∈⊞∈⋈⋈≻∋⊤∈⋈⊞⋈⋈⋈⋈⋈≻⋈⊤∈∋⋈⋈⋈≺∋⋈⊙⋈≺⋈⋈≺⋈≺∋∋⋈∋⋈⋈⋈⋈⋈∋⊤∈⋈⋈⋈⊞⋈⋈⋈⋈⋈⋈≺⋈⋈⋈⋈≺∋∋⊞⋈⋈⋈⋈⋈⋈⊣
0x27a11f29	⊢⋈⋈⋈⋈⋈⋈⋈⋈⋈⋈⊞∈⋈⋈≺∋⊤∈⋈⋈⊤∈⋈⊤∈⊤∈⋈⊞⊞⋈⋈≺∋∋⊤∈⋈⋈≺⊤∈⋈⊞⋈⋈≺∋∋⊤⋈⊥⊤∈⊞⊞∈⋈⊞⊞⋈⋈⊥⊤∈∋⊤∈⊤∈∈⋈⋈⋈≻∋⊤∈∋⊞⊞∈⊤∈⊤⋈∈∋≺∋⊞⋈⋈≺∋⊞∈⋈⋈⋈≻∋∋⋈⋈⋈≻⊤∈⋈⋈≺⊤∈⋈⊞⋈⋈≺∋∋⋈⊤⊥⊤∈⋈≻≺⊞⊞∈⋈⊞⊞⋈⋈⊥⊤∈∋⋈≻⊤∈⊤∈⋈⋈≺⊤∈⋈⊞⋈⋈≺∋∋⋈⊞∈∋⋈⋈⋈≻⋈⋈⋈⋈⋈⊞⊤∈⋈⋈≺⊤∈⋈⊞⋈⋈≺∋∋⊤∈⋈⋈≺⊤∈⋈⊞⊞⋈⋈≺∋∋⋈≻⋈⊤∈⋈⋈⊤∈⊞≺⊤∈⋈⊞⋈∈⊤∈⊞⋈⊞⊤⋈∈∋⊤∈∋⋈⋈≺∋∋∋⋈⊞⊤∈⊤∈⋈⋈⋈≻⋈⋈⋈⊤∈⊞⋈⋈⋈⋈⋈≺⋈⋈≻⋈⋈⋈≺⊤∈⊤∈⋈≺∋∋∋∋∋⋈⋈⋈⊣⋈⋈⋈≻∋∋∋⋈⊤∈⋈⋈⊤∈⊞≺⊤∈⋈⊞⋈∈⊤∈⊞⋈⊞⊤⋈∈∋⊤∈∋⋈⋈≺∋∋∋⋈⊞⊤∈⊤∈⋈⋈⋈≻⋈⋈⋈≺⊤∈⊞⋈⋈≻⋈⋈≻⋈⋈⋈≺⊤∈⊤∈⋈≺∋∋∋∋∋∋⋈⋈⋈⋈⋈⋈⋈⋈⋈⋈⋈⊣
0x279d0f20	⊢⋈⋈⋈⋈⋈⋈⋈⋈⋈⊤∈⋈⋈⋈⋈⋈⊙⋈⊤∈∋⊤⊥⋈⋈⋈⋈⋈⋈⋈⊙⋈⋈⋈⋈⋈⋈⊣
0x279d0c90	⊢⋈⋈⋈⋈⋈⋈⋈⊞⋈⋈⋈⋈⋈⋈⋈⋈⋈⋈⋈⊞⊞⊞⋈≺∈⊤∈⊤∈⋈≺∈⋈⊞⋈⊤∈⋈⊞⊞⋈∈⊞⊡∈⊤∈⊞⊤∈∋⋈⊤∈⊡⋈⊞∋⋈⊞⊡∈⋈⋈⊞⋈⊞⊞⋈⊞⋈⊞⊞⊞⊞⊤∈⊞⊤∈∋≺∋∋⊤∈⋈≺⋈⋈⊞⊞⊞⋈⊡∈⊤∈⊞⊞⊤∈∋≺⊤∈⊞⊡∈⊤∈∋∋⋈⊞⊞⊤∈⊤∈∋⋈⊤∈∋⋈⊞⋈⋈≺⊞⊤∈∋≺∋∋⋈⋈∋⋈≺∋∋⋈⋈⋈⋈⋈⊤∈∋⊞≺∋⋈⋈⊤∈⋈⋈⋈⋈⊙⋈⊤∈∋⊤∈⊤⊥⊞≺∋⊞⊞⋈⋈⋈⋈⋈⋈⊙⋈⊤⋈⋈⋈⋈∈∋∋⋈∋⊞⋈⋈⋈⋈⋈⋈⊣
0x27a49050	⊢⊞⊤∈⋈⋈⋈⋈⋈⋈⊙⋈⋈⋈⋈⋈⋈≺
0x279d0330	⊢⋈⋈⋈⋈⋈⋈≺⋈⋈⋈⋈⋈⋈⋈⊞⋈⋈⋈⋈⋈⋈⋈⊙⋈⊤∈⊤∈⊞⊞≺⋈⋈⊞⊞⋈⋈⋈⋈∈⋈⊞⊡∈⋈⋈⊤∈⊤∈⊤∈∋∋⋈⊞⋈⊤∈⊞⋈⊞⋈⊞⊤∈⊞⊞⊞⋈≺⋈⊞⊞⊞⊤∈⊞⊞⊞⋈⊡⋈⊞⊞⊞⊞⊞⊞⊞⊤∈⋈⋈⋈≺⊞⊞≺∋∋∋⋈⋈⋈⋈⋈≻⋈⋈⋈⊞⊤∈⋈⋈⋈⊞⋈∈⊤∈⊤∈∈⋈⊤∈∋∋⊤∈⊤∈∈⋈⊤∈∋∋⊞⋈⋈⋈⊙⊤∈⊤∈⊞⋈⊞⋈⋈⊙⋈⋈⊙≺∋⊤∈∋⋈≺⋈⊤∈⋈⊤∈⊤⋈⊞∋∋⋈⊞≺≺∋∋∋∋⋈⋈⋈⋈≻⋈⋈≺∋⋈⋈⋈⊤∈⋈⊤∈⊤⋈⊞∋∋⊞⋈∋⊞⋈∈∋≺⊞⊤∈∋≺⊞∋⊤∈∋⋈≺⊤⋈⋈⋈∈⊞⊤∈⊤∈⋈∈⊤⋈∈∋⊤∈∋⊞≺∋⊤∈∈⊤∈∋⋈⋈≺∋∋∋⊞⊞⋈⋈⋈⋈⊙⊤∈⋈⋈⊙⋈∋∋∋⋈⊞⋈⋈⋈⋈⋈⋈⊣≺∋∋∋⋈⋈⋈≻
0x27a34d80	⊢⋈⋈⋈⋈⋈⋈⋈⋈⋈⊞⊙
0x27a45520	⊢⋈⋈⋈⋈⋈⋈⊞⊤⊥⋈⋈⊤⊥⊤∈⋈⊤∈⊤∈⊤∈⋈⋈⋈⊞⊙⊤∈⋈⊤∈∋⊞⋈⋈⊙⊤⊥≺∋∋∋∋⋈⋈⋈⊣
0x27a1e80a	⊢⋈⋈⋈⊞⊙
0x279cea5f	⊢⋈⋈⋈⋈⋈⋈⋈⋈⋈⋈≻⊤∈⋈⋈≻⋈⋈⋈⋈⋈⋈⊞∈⋈⊤∈⊤∈⋈≻∋⋈⋈⋈⋈⊤∈⋈⋈⋈≺⋈⋈≺∋⊡∈⋈⊞⋈⋈∈⊤∈⋈⋈⊤∈⋈⊤∈⋈≻∋⋈⋈⊞⋈≺⊤∈⋈⋈⋈⋈⊙⊤∈⋈⋈≻⋈⊡⋈⊤∈⊞≺⋈⊞⊤⋈⊥⊤∈⊞⊞⋈⋈≺∋⋈⊞⊤∈⋈⋈⊞⊞⊞∋⊤∈⋈⊞⋈⊞⊞∋⋈⊞⊞⋈⊤∈⋈⊞⋈⋈⊞⋈⊞⊞⊞⊞⊞⊞⊞⊞⊞⊞⊞⋈⊞⊞⋈⋈⊞⋈∋⊞⋈⊞⊞⊤∈⋈⋈⋈⋈∈⋈⊞⊞⊞⊞⊞⊞⊞⊞⊞⊞⊞⊞⊞⊞⊞⊞⊞⊤∈∋⋈⋈⋈⋈∋⊤∈⊞⊞⋈⋈≺∋⋈⊞⊤∈⋈⋈⋈⊞⊞⊞∋⊤∈⊞⋈⊞⋈⊞⊞∋⋈⊞≺∋⋈⋈⊣⋈⋈⋈⋈⋈≺∋⋈≺⊞⊡⋈⊥∈∋≺∋∋∋∋∋⋈⋈⋈⊣⋈⋈⋈⋈⊙⋈⋈⋈⊞⋈⋈⋈⋈⊣
0x279dba48	⊢⋈⋈⋈⋈⋈⋈⋈⋈⋈⋈≻⊤∈⋈⋈≻⋈⋈⋈⋈⊙⋈⋈⋈⊞⋈⋈⋈⋈⊣
0x279e6e78	⊢⋈⋈⋈⋈⋈⋈⊞⋈⋈⋈⋈⊤∈⋈⊤∈⊤∈⊤∈⊤∈∋⋈⋈⋈⋈⋈⋈⋈⋈⋈⊤⋈⋈⊥⋈⊤⊥⊤∈⋈⋈⋈⋈⋈⋈⋈≻⋈⋈⋈⋈⋈⋈⋈⋈⋈⋈⋈⋈⋈⋈≻⋈⋈⋈⋈≺∋⊤∈⋈⋈⋈⋈≻∋⋈⋈≺∋⋈⊤∈⋈⋈≺⊤∈⋈⊞⋈⋈≺∋∋⋈⊤∈⋈⋈⋈≺⋈⊤∈⋈⊞⋈⋈≺∋∋⊤⊥⊞⊤∈⊞∈⊤∈⊞⊤⊥⊞⋈⊤⋈∈∋⊥⊞≺∋∋⊤∈⋈⋈⋈⋈⊤∈⋈⋈≻≺⋈⊤∈⋈⊞⋈⋈⋈⋈⋈⋈⋈⋈⋈⋈⋈⋈⋈≻⋈⋈⋈⋈⋈⊤∈⋈⋈⋈≻∋⋈⋈⋈⋈⋈⋈⋈⋈⋈⋈⋈⋈⋈≻⋈⋈⋈⋈⋈⊤∈⋈⋈⋈≻∋⋈≺∋⋈∋⋈≻⋈⊞⋈⋈⋈⋈⋈⋈⋈⋈⋈⋈∋∋⊤∈⋈⋈⋈⋈⋈⋈⋈⋈⋈⊤∈∋∋⊞⋈⋈⋈⋈⋈⋈⊣⋈⋈⋈≺∋⊞⋈⋈⋈⋈⋈⋈≺
0x27a10763	⊢⋈⋈⋈⋈⋈⋈⊞⋈⋈⋈⋈⊤∈⋈⊤∈⊤∈⊤∈⊤∈∋⋈⋈⋈⋈⋈⋈⋈⋈⋈⊤⋈⋈⊥⋈⊤⊥⊤∈⋈⋈⋈⋈⋈⋈⋈≻⋈⋈⋈⋈⊤∈⋈⋈⋈⋈⋈⋈⋈⋈⋈≻⋈⋈⋈⋈⊤∈⋈≺∋⋈⋈⋈⋈≻∋∋⋈⋈≺∋⋈⊤∈⋈⋈≺⊤∈⋈⊞⋈⋈≺∋∋⋈⊤∈⋈⋈⋈≺⋈⊤∈⋈⊞⋈⋈≺∋∋⊤⊥⊞⊤∈⊞∈⊤∈⊞⊤⊥⊞⋈⊤⋈∈∋⊥⊞≺∋∋⊤∈⋈⋈⋈⋈⊤∈⋈⋈≻≺⋈⊤∈⋈⊞⋈⋈⋈⋈⋈⋈⋈⋈⋈⋈⋈⋈⋈≻⋈⋈⋈⋈⋈⊤∈⋈⋈⋈≻∋⋈⋈⋈⋈⋈⋈⋈⋈⋈⋈⋈⋈⋈≻⋈⋈⋈⋈⋈⊤∈⋈⋈⋈≻∋⋈≺∋⋈∋⋈≻⋈⊞⋈⋈⋈⋈⋈⋈⋈⋈⋈⋈∋∋⊤∈⋈⋈⋈⋈⋈⋈⋈⋈⋈⊤∈∋∋⊞⋈⋈⋈⋈⋈⋈⊣⋈⋈⋈≺∋⊞⋈⋈⋈⋈⋈⋈≺
0x279e7450	⊢⋈⋈⋈⋈⋈⋈⊞⋈⋈⋈⋈⊤∈⋈⊤∈⊤∈⊤∈⊤∈∋⋈⊤∈⋈⋈≺⊤∈⋈⊞⋈⋈≺∋∋⋈⊤∈⋈⋈⋈≺⋈⊤∈⋈⊞⋈⋈≺∋∋⊤⊥⊞⊤∈⊞∈⊤∈⊞⊤⊥⊞⋈⊤⋈∈∋⊥⊞≺∋∋⊤∈⋈⋈⋈⋈⊤∈⋈⋈≻≺⋈⊤∈⋈⋈⋈⋈⋈⋈⋈⋈⋈⋈⋈⋈≻⋈⋈⋈⋈⋈⊤∈⋈⋈⋈≻∋⋈⋈⋈⋈⋈⋈⋈⋈⋈⋈⋈⋈⋈≻⋈⋈⋈⋈⋈⊤∈⋈⋈⋈≻∋⋈≺∋⋈∋⋈⋈⋈⋈⋈⋈⋈⋈⋈⊤⋈⋈⊥⋈⊤⊥⊤∈⋈⋈⋈⋈⋈⋈⋈≻⋈⋈⋈⋈⋈⋈⋈⋈⋈⋈⋈⋈⋈⋈≻⋈⋈⋈⋈≺∋⊤∈⋈⋈⋈⋈≻∋⋈⋈≺∋⋈≻⋈⋈⋈⋈⋈∋∋⊤∈⋈⋈⋈⋈⋈⋈⋈⋈⋈⊤∈∋∋⊞⋈⋈⋈⋈⋈⋈⊣⋈⋈⋈≺∋⊞⋈⋈⋈⋈⋈⋈≺
0x27a1027e	⊢⋈⋈⋈⋈⋈⋈⊞⋈⋈⋈⋈⊤∈⋈⊤∈⊤∈⊤∈⊤∈∋⋈⊤∈⋈⋈≺⊤∈⋈⊞⋈⋈≺∋∋⋈⊤∈⋈⋈⋈≺⋈⊤∈⋈⊞⋈⋈≺∋∋⊤⊥⊞⊤∈⊞∈⊤∈⊞⊤⊥⊞⋈⊤⋈∈∋⊥⊞≺∋∋⊤∈⋈⋈⋈⋈⊤∈⋈⋈≻≺⋈⊤∈⋈⋈⋈⋈⋈⋈⋈⋈⋈⋈⋈⋈≻⋈⋈⋈⋈⋈⊤∈⋈⋈⋈≻∋⋈⋈⋈⋈⋈⋈⋈⋈⋈⋈⋈⋈⋈≻⋈⋈⋈⋈⋈⊤∈⋈⋈⋈≻∋⋈≺∋⋈∋⋈⋈⋈⋈⋈⋈⋈⋈⋈⊤⋈⋈⊥⋈⊤⊥⊤∈⋈⋈⋈⋈⋈⋈⋈≻⋈⋈⋈⋈⊤∈⋈⋈⋈⋈⋈⋈⋈⋈⋈≻⋈⋈⋈⋈⊤∈⋈≺∋⋈⋈⋈⋈≻∋∋⋈⋈≺∋⋈≻⋈⋈⋈⋈⋈∋∋⊤∈⋈⋈⋈⋈⋈⋈⋈⋈⋈⊤∈∋∋⊞⋈⋈⋈⋈⋈⋈⊣⋈⋈⋈≺∋⊞⋈⋈⋈⋈⋈⋈≺
0x27a1889b	⊢⋈⋈⋈⋈⋈⋈⊞⊤∈⋈⋈⊞≺⊤∈⋈⊞⋈⋈≺∋∋⋈⊤∈⋈⋈⊞⋈⋈≺⋈⊤∈⋈⊞⊞⋈⋈⋈≺∋∋⊤⊥⊤∈⊞∈⋈⊡⊞⊤∈∋∋⋈⊤∈⋈∋⋈⊤∈⋈⋈≺∋⊤∈⊤∈⋈≺⊤∈⋈⊞⊞⋈⋈≺∋∋⊤∈⋈⋈≺∋⊤∈⋈⋈⋈≻⋈⋈⋈≻∋⋈⋈⋈⋈⋈⋈⋈⊣
0x279e686f	⊢⋈⋈⋈⋈⋈⋈⊞⊤∈⋈⋈≻⋈⊞⋈⊤∈⊤∈∋⋈⋈≻⋈⋈⋈≺∋⊞⋈⋈⊣
0x27a49450	⊢⋈⋈⊣
0x27a49460	⊢⋈⋈⊣
0x27a49410	⊢⋈⋈⋈⋈⋈⋈⋈⊙⊤∈⋈⋈≻⋈⋈⋈⋈⋈⋈⊣
0x27a48e60	⊢⋈⋈⋈⋈⋈⋈⊞⋈⋈⋈⋈⋈⋈⊙⋈⋈⋈⋈⋈⋈⋈⋈⋈⋈≻⋈⋈⋈⋈⋈≻⋈⋈⋈⋈⋈≻⊞⋈⋈⋈⋈≻⋈⊤∈⋈⋈⋈⋈⋈⊙∋⊞⋈⋈⋈⋈⋈⊣
0x279d0630	⊢⋈⋈⋈⋈⊙
0x27a49a70	⊢⋈⋈⋈⋈⊙
0x27a1793d	⊢⋈≺⋈⋈⋈⋈⋈⋈⊞⋈⋈⋈⋈⊞∈⊤∈⋈⊤∈⋈⋈⊞⊤∈⋈⊞⋈⋈⊡⊞⊞⊤∈∋⋈⋈⊙⊤∈⋈⋈⋈≺⊤∈∋⋈⋈⊙⊤∈∋⋈⋈≻⋈⋈⊞⋈≺⋈⊡⊞⋈⋈≺∋⋈⊞⊞⊡⊡⋈⋈⋈⊞≺∋⊡⊙⋈⋈⊞⋈⊡⋈⊞⊞⊞⋈⋈⊥⋈⊥⊤∈∈⋈∈⋈≻∋∈⋈⊞⋈⋈⋈≻⊤∈∋⋈≺∋⋈⋈⋈⋈⋈⋈⊤∈⊤∈⊞⋈⋈⋈∈⋈⋈⊙⊤∈⋈⋈⋈⋈⋈⋈⋈⋈⋈⋈⋈⋈⋈⊞⊞⊞⋈⋈⋈⋈∈⋈⊤∈⋈⋈≺∋⋈⊤∈⋈⋈⋈⋈⋈⋈⋈⋈⋈⋈⋈⋈≻⋈⋈⋈⊤⊥⊤⊥⊞∈⋈⊞⊞∈⊤∈⋈⊞∈⊤⋈∈∋∋∋⊞∋⋈⊤∈⋈∈⋈⋈⊤∈⋈⋈⋈≻∋⊞⊞∈∋∋⋈⋈⋈⋈≻≺⋈⋈≻⋈⊤∈⋈≻⋈∋⊞⋈⋈⋈⋈⋈⋈⊤∈⊞⋈⋈⊞⋈⋈⊞⊞⋈⊞⊤∈∋∋⋈≻∋⊤∈⋈⋈⋈⋈⊞⊤∈⋈⋈⊞⊥⋈⊞⊤⊥⊞∈⊤∈⋈⋈⋈⋈⋈⋈⋈≻⊤∈⋈⋈≺∋⋈⋈⋈⊙⊤⋈∈⊞⋈⋈∈⊤∈⊤∈⋈⊞⋈≺⋈⋈⋈⋈⋈⋈≻⋈⋈⋈⋈⋈⋈⋈∈⋈⊞⋈⊤∈⋈⋈≻⋈⋈≺∋⊞⋈⋈⊞⋈⊞⋈⋈⊞∈∋≺⋈⋈⊤⋈⋈∈∋≺∋⊤∈∋∋∋⋈⊞⊞≻∋⋈⋈≻⋈⋈≺∋∋⊤∈⋈∈⋈⊞⋈⊤∈⋈⋈≻⋈≺∋⊞⋈⋈⋈⊞⋈⋈⊞⋈⊤⋈∈∋≺∋⊤∈⋈⋈⋈⋈≻∋⋈⋈∋⋈⊤∈⋈∋⋈∈⋈⋈⋈⊞⊤⋈⋈⊥⋈⊞⊤∈∋⊤∈⋈⊞⊞⋈⊞⊞⋈∈⋈⋈⋈⋈⊞⊞⊤∈∋∋∋∋⋈⋈⋈⊞⋈⋈≻⋈⋈⋈≻⋈⊞⋈⋈⋈⋈⋈⋈⊣⋈⋈≺∋⊞∋⋈≺∋
0x27a1d612	⊢⋈⋈⋈⋈⋈⋈⊞⋈⋈⋈⋈⊙
0x27a44c10	⊢⋈⋈⋈⋈⋈⋈⋈⊞⋈⋈⋈⋈⋈⋈⋈⋈⊙⋈⊤∈⋈⋈⋈⋈⋈∈≻⋈⋈⊤∈⋈⋈⊙⋈≺⋈⋈⋈⋈⋈⊤∈⊞⋈⋈⊞⋈⊞⊞⋈≺∈⋈⋈⊤⋈∈⋈⊞⋈⊞⊤∈⋈⋈⊞⊞≺⋈⊞⊞⊞⊤∈⋈⋈⊞⊞⊡⋈⋈⋈⊞⊞⊞⊞⊞⊞≺⋈⋈⋈≺∋∋∋⋈⋈⋈≻⋈⊞⊤∈⋈⊞∈⊤∈⊤∈∈⋈⊤∈∋∋⊤∈⊤∈∈⋈⊤∈∋∋⊞⋈⋈⊙⊤∈⋈⋈⋈⋈⊤∈∈⊤∈⋈⊞⋈⊙⊤∈∋≺⋈⊞⊡∈⊞⊤∈∋⋈⋈⊤∈⋈⊤∈⊤⋈⊞≺∋∋⊞⋈⋈∋⋈⊞⋈⊞⋈⊤∈∋⊤∈⊞⋈≺⋈⊤∈⋈∈⋈⊤∈∋⋈⋈⋈⋈≻⋈≺∋∋∋⋈⊞⊞⋈⋈⊙⊤⋈∈⊤∈⊞⊞∈⋈⋈⋈⋈⋈⋈⋈⋈⋈≻⊤∈⊞⊤∈∋∋⋈⋈≺∋⋈⋈⊙⊤∈∋≺∋∋∋∋∋⋈∋∋⋈⊞⋈⋈⋈⋈⋈⋈⊣≺≺∋∋∋∋⋈⋈⋈⋈⋈≻
0x27a48d70	⊢⋈⋈⋈⋈⋈⋈⋈⊞⋈⋈⋈⋈⋈⋈⋈⋈⊙⋈⋈⋈⊤∈⋈⋈⊤∈≺⋈⋈⋈⊡∈⋈⊞⋈⋈⋈≻⊞∈∋⋈⊤∈∋⋈⋈⋈⋈⋈⊙∋∋⊞⋈⋈⋈⋈⋈⋈⊣
0x27a1c61c	⊢⋈⋈⋈⋈⋈⋈≺
0x27a49a80	⊢⋈⋈⋈⋈⋈⋈≺
0x27a48e30	⊢⋈⋈⊤∈⋈≺⊤∈≺
0x27a4ea50	⊢⋈⋈⋈⋈⊞⋈⋈⊤∈⋈⋈⋈⋈⊡∈⋈⋈⊞⊞⋈⋈⋈⊤⋈∈∋≺⋈⊤∈⋈⋈⋈⊡∈⋈⋈⊞⊞⋈⋈⋈⊤⋈∈∋∋⊞⋈⊞⋈⊞⋈⋈⋈⋈⋈⊞⊥⊞⊤⊥⋈≻⋈⊞⋈⊞⋈⋈⋈⊞≺∋≻⊞⋈⋈⋈⊣
0x27a48f60	⊢⋈⋈⋈⋈⊞⋈⋈⋈⊞⊥⋈≻⋈⊞⋈⊞⊞⊞⋈⋈⋈⊞≻⊞⋈⋈⋈⊣
0x279d1300	⊢⋈⋈⋈⊞⋈⋈⋈⋈⊤∈⋈⋈⋈∈⋈⋈⊞⊞⋈⋈⋈⊤⋈∈∋≺⊤∈⋈⋈⋈⊡∈⋈⋈⊞⊞⋈⋈⋈⊤⋈∈∋∋⊞⋈⊞⋈⊞⋈⋈⋈⋈⋈≻⋈⊞⋈⊞⋈⋈⋈⊞≺∋≻⊞⋈⋈⊣
0x27a1c577	⊢⋈⋈⋈⋈⋈⋈⋈⊞⋈⋈⋈⋈⋈⋈⋈⊙⋈⋈⋈⊤∈⋈⋈⊤∈≺⋈⋈⋈∈⋈⊞⋈⋈⋈≻⊞∈∋⋈⊤∈∋⋈⋈⋈⋈⋈⊙∋∋⊞⋈⋈⋈⋈⋈⋈⊣
0x27a1d66d	⊢⋈⋈⋈⋈⋈⋈⋈⊞⋈⋈⋈⊤∈⋈⋈⋈⋈⊞⋈⋈⋈⋈≻⋈⋈⋈⊞⋈⋈∈⋈⋈⊤⊥∈⋈⊤∈⋈⋈⋈⋈⊞⋈∈⊤∈⋈⊞⋈⋈⊞⊤∈⊞⊞⋈≺⋈⊞⊞⊞⊤∈⊞⊞⋈⋈⊞⊞⊞⊞⊞⊞⊤∈≺⋈≺∋∋∋⋈⊞⊤∈⋈⊞∈⊤∈⋈⋈⋈⊞≻⊤∈⊤∈⊤∈⊞⊤⋈∈∋⊞⊞∈⊤∈⋈⊞⊤∈⋈⋈⊞⋈⊥⊞⊥⋈⊤∈⊞⊤∈∋≺⋈⊤∈⋈⊤∈≺∋∋⊞⊞∈⋈⊞⊤∈⋈⋈⋈⊞⊤∈∋∋⊤∈⊤∈∈⊤∈∋∋⋈⊤∈⋈⋈⊞∈⊤∈⊤∈⊤∈⊤∈⋈≺∋⋈∈⊤∈⋈⊤∈⋈⊞⋈⊞⊤∈⊞⊞⊞⋈≺⋈⊞⊞⊞⊤∈⊞⊞⊞⋈⋈⊞⊞⊞⊞⊞⊞⊤∈∋∋⊞≺⊞≺⊞≺∋∋∋⋈⊞⊞⋈⊤⊥⊤∈∋∋∋∋∋⊤∈⋈⋈⋈⋈⊙⊤∈∋⊤∈⊤∈⊤∈⋈∋⋈⋈≺⊞⋈≺∋⋈∋⊞⋈∈∈∈⋈⋈⊤∈⋈⊤∈⊤∈⊤∈⋈≺∋⋈⋈⋈⊞∈⋈⊞⋈⊤∈⋈⋈≻≺⊞⊤∈∈⊤∈⋈⊞⊤∈∋⋈∋⊞≺∋∋⊤∈⋈⊤∈⊤∈⋈⊤∈⊞⋈⋈⋈⋈≻⋈⋈⊞⋈∈⊤∈⋈⋈⋈⋈⋈≻∋⊞⊤⋈∈⋈⊤∈⊤∈⊤∈⊤⋈∈⊤⋈∈⊤⋈∈⊤⋈∈⊤⋈∈⊤⋈∈⊤⋈∈≺∋∋∋∋∋∋∋⋈⋈⋈⊙≺⊤∈∋⊤∈⊤∈∋⊞⋈⋈⋈∈⊞⊤∈⋈⊤∈⋈⊞⋈⊞⊤∈⊞⊞⊞⋈≺⋈⊞⊞⊞⊤∈⊞⊞⊞⋈⋈⊞⊞⊞⊞⊞⊞⊤∈∋⊞⊞≺⊞≺∋∋∋⋈⊤⊥⊞⊤⊥⊞⊤∈∋⋈≺∋⋈⊤∈⊤∈⊤∈⊤∈⋈⊞⊤⋈∈∋⊞⊞∈⊤∈⋈⋈⊞⊞⋈⊤⊥⊤∈⊞⊞⊞⋈⊤∈≺∋⋈⊤∈⋈⊤∈∋∋⊞⊞∈⋈⋈⊞⊞⋈⊤⊥⊤∈∋∋⊞⊞⊞⊞⊤∈∋∋⊞≺≺∋∋∋∋⋈⊞⊞⊤⋈⊥⊤⊥⊤⊥⊞∈⋈⊤∈⊞⊤∈⋈⋈⋈≻∋⊤⋈∈∋≺≺∋⋈⋈⋈⋈≻⋈⋈⋈⋈⋈⊙∋⊞⊞⊤∈∋≺⊤∈∋⋈⋈⊞⋈∈⊤∈∋∋∋∋∋∋∋∋⋈⋈⋈⋈⋈⊙⊤⋈⋈∈∋≺⋈⋈⊤∈⋈⊞⋈⊞⊤∈⋈⊞⊞≺⋈⊞⊞⊞⊤∈⋈⊞⊞⋈⋈⊞⊞⊞⊞⊞⊞≺⋈⋈≺∋∋∋⊤∈⋈⊞⊞⋈⊤∈∋∋⊤∈⋈⋈⋈⋈⊞⊙⋈≺⊤⋈∈∈⊤∈⋈⋈⋈⋈⋈⊙∋⊤∈⊤∈∋∋⋈⋈⋈⊞⋈⋈⋈⋈⊙⊤∈⊤∈∋⋈⊞⊞⋈≺∋≺⋈⋈⋈⋈⋈≻⊤∈⋈⊤∈∋⋈≺⊤∈⋈⊞⋈⊞⊤∈⊞⊞⋈≺⋈⊞⊞⊞⊤∈⊞⊞⋈⋈⊞⊞⊞⊞⊞⊞≺∋∋∋⋈⋈⋈⊤∈⋈⋈⊙⊤∈⊤∈⋈∋∋⋈⋈⋈⊙⊤∈⊤∈⊤∈∋⋈⋈≺∋⋈∋⋈≺∋⋈≻∋⊞⊞≺⋈⋈⋈⋈⊙⊤∈∋∋∋∋∋∋∋∋⋈≺∋∋⊞⋈⋈⋈⋈⋈⋈⊣≺∋⊞⊞∋⋈⋈≺∋≺∋∋⋈⋈⋈⋈≺⊤∈∋∋⋈≻∋∋⋈⋈⊤∈∈⋈⋈⋈⋈∋⋈≻∋⊞≺∋∋∋∋∋⋈⋈⋈⋈⋈⋈≻∋⊞⊞≺∋
0x27a229d0	⊢⋈⋈⊞⋈⋈⋈⋈⋈⋈⊞⋈⋈⋈⋈⋈⋈⋈⋈⋈⋈⋈≻⊞⋈⊣
0x27a09294	⊢⊤⋈∈⋈⋈⋈⋈⊙⋈⋈⊞⋈⊤∈⋈⊞⊞⋈⊞⊤∈⊞⊞⋈⊞⊤∈⊞⊞⊞⊞⋈⋈⋈⋈⋈⊞⋈⋈⋈⋈≺⊞⋈⋈⋈≺⋈⋈≺∋∋∋⋈⋈⋈≻⊞⋈⊣
0x279d05f0	⊢⋈⋈⋈⋈≺
0x27a1e251	⊢⋈⋈⋈⋈≺
0x27a285f0	⊢⋈⋈⋈⋈⋈⋈⋈⊞⋈⋈⊤∈⊤∈⋈⋈⋈⋈⋈⋈⋈⋈⊙⋈⋈⊤∈≺⋈⋈⋈⊤⋈⋈⋈⋈⋈∈⋈⋈⋈⋈⋈⋈⋈⋈⋈⋈≺∋⋈⋈≻⊤∈⊤∈⋈⋈⋈⋈⋈⊙∋⊤∈⋈⋈⋈⋈∋⋈⋈⋈⊙≺⋈⊤∈⋈⊞∈⋈⋈⋈≻⊤∈⋈⋈⋈≻⊤∈⋈⋈⋈⋈⋈⋈≻⊤∈∋∋⋈≺⊤∈⊞⊤∈⋈⋈⋈⋈≻∋⋈⋈⋈⋈⋈≻⊞⊞∈∋≺∋∋∋⊞∋∋∋⊞⋈⋈⋈⋈⋈⋈⊣
0x279dd67c	⊢⋈⊡⋈⊤∈⊞≺⋈⊞⊤⋈⊥⊤∈⊞⊞⋈⋈≺∋⋈⊞⊤∈⋈⋈⊞⊞⊞∋⊤∈⋈⊞⋈⊞⊞∋⋈⊞⊞⋈⊤∈⋈⊞⋈⋈⊞⋈⊞⊞⊞⊞⊞⊞⊞⊞⊞⊞⊞⋈⊞⊞⋈⋈⊞⋈∋⊞⋈⊞⊞⊤∈⋈⋈⋈⋈∈⋈⊞⊞⊞⊞⊞⊞⊞⊞⊞⊞⊞⊞⊞⊞⊞⊞⊞⊤∈∋⋈⋈⋈⋈∋⊤∈⊞⊞⋈⋈≺∋⋈⊞⊤∈⋈⋈⋈⊞⊞⊞∋⊤∈⊞⋈⊞⋈⊞⊞∋⋈⊞≺∋⋈⋈⊣
0x27a14b9e	⊢⋈⋈⋈⊞⋈⋈⊞⊤∈⋈⋈≺⊤∈⋈⊞⋈⋈≺∋∋⋈⋈⋈≻⋈⊤∈⋈⋈⊤∈⊞≺⊤∈⋈⊞⋈∈⊤∈⊞⋈⊞⊤⋈∈∋⊤∈∋⋈⋈≺∋∋∋⋈⊞⊤∈⊤∈⋈⋈⋈≻⋈⋈⋈≺⊤∈⊞⋈⋈≻⋈⋈≻⋈⋈⋈≺⊤∈⊤∈⋈≺∋∋∋∋∋∋⊞⋈⋈⋈⊣
0x27a090db	⊢⋈⋈⋈⋈⋈⋈⋈⋈⊞⋈⋈⊞⊤∈⋈⋈⋈⋈⋈≻⋈≺∋⋈⊞⋈⋈⊙⊞⋈⊞⋈⋈⋈⋈⊣
0x279d5250	⊢⋈⊤∈⋈⊣⋈⋈⋈⊞⋈⋈≺∈⋈⋈⊤∈⋈⊤∈⋈⊤⊥⋈⊤∈⊞⊤∈≺⊤∈⊞⊤∈⊤∈⊤∈∋∋⋈⊤⋈⊥⊤∈⋈⊤⋈⊥⊤∈⊞≺⊤∈⋈⊤⊥⋈⊤∈⊞⊤∈≺⊤∈⋈⊤∈⊞⊤∈∋⊤∈⊤∈∋∋⋈⊤⋈⊥⊤∈⊞≺≺⊤∈⋈⊤⊥⊤∈⊞≺∋∋⋈∋⋈⊤∈∋∋∋∋∋∋∋∋∋∋∋∋∋∋⋈⊞⋈⋈⊞⋈⊞⋈⋈⋈⋈⋈⊣
0x27a493f0	⊢⋈⋈⋈⋈⋈⋈⊙
0x27a45100	⊢⋈⋈⋈⋈⋈⋈⋈⊞⋈⋈⋈⋈⋈⋈⋈⊙⋈⊤∈⊤∈⋈⋈⋈⊙⊤∈⋈⋈⋈⋈⋈⋈⋈⋈⋈⋈⋈⋈⋈⋈≻⊤∈⋈⋈⋈≻⊤∈⋈⋈⋈⊙⊤∈⋈⋈⋈≻⊤∈≺∋⋈⋈⋈⊙⋈≺∋∋∋∋∋∋⋈⊞⋈⋈⋈⋈⋈⋈⊣
0x279f1610	⊢⋈⋈⋈⊤⋈⊥⊤∈⋈⋈⋈≺⊤∈⋈⋈⋈∋⋈⊙⊞⋈⋈⋈⋈⋈⋈⋈⋈⋈⋈≻⊞⊣
0x27a1e7b1	⊢⊤∈⊞⋈⋈⋈⊞⋈⋈⋈⋈⋈⋈⋈⋈⋈⋈≻⊞⊣
0x27a22ba0	⊢⋈⋈⋈⋈⋈⊙⋈⋈⊤∈⊙⋈⊞⊞∋⊞⊤⊥⊞⋈⋈⊣
0x27a1e6cb	⊢⋈⋈⋈⊞⋈⋈⊞⋈⋈⋈⋈⋈⋈⋈⋈⋈⋈≻⊤∈⋈⋈⋈⋈⋈≻⋈⋈⋈⋈⋈⋈⊞⋈⋈⋈⋈⋈⋈⋈⋈⋈⋈⋈⋈≻⋈⋈⋈≻⋈⊞⋈⋈⋈⊣
0x27a105e7	⊢⋈⋈⋈⋈⋈⋈⊞⋈⋈⋈⋈⋈⊞∈⋈⋈≺⊤∈⋈⊞⋈⋈≺∋∋⋈⊤∈⋈⋈⊤⊥⊤⊥⊞∈⊤∈⊤∈⋈⋈⋈≻≺⋈⋈⋈⋈⋈⋈⋈≻⋈⋈⋈⋈≺⋈⋈⋈⋈∋⋈⋈⋈⋈≻⋈≺⋈⊤⊥⊤∈⋈⋈⋈∋∋⊤∈⋈⋈≺⊞≺∋⋈⋈⋈⋈⋈⋈⋈≻⋈⋈⋈⋈⊤∈∋⋈⋈⋈⋈≻∋∋⊞⋈⋈⋈⋈⋈⋈⊣
0x27a4a8d0	⊢⊙
0x279ced8b	⊢⋈⋈⊞∈⊤∈⋈⋈⋈⋈⋈⋈⋈⋈≺⊤∈∋⋈⋈⋈⋈⋈⊣⋈⋈⋈⋈⊣
0x27a4c400	⊢⋈⋈⋈⋈⋈⊞⋈⋈⊞⋈⋈⊞⊙
0x279e99ff	⊢⋈⋈⋈⋈⋈⋈⊞⋈⋈⋈⋈⋈⊞∈⋈⋈⋈≺⋈⊤∈⋈⊞⋈⋈≺∋∋⊤∈⋈⊤⊥⊤⊥⊤∈⋈⊤∈⊤∈⋈⋈⊞⊥⋈⊤⊥⊞∈⋈⋈⊤∈⋈⋈⋈⋈⋈≻⋈⋈⊤∈⋈≺∋⋈⋈⋈⋈⊙⋈⋈⋈⋈⋈⋈⋈⋈≻⋈⋈⋈⋈≺⊞∋⋈≻∋⋈⋈⋈⋈≻≺⊤∈⊤∈∋∋⋈⋈⋈∋∋⊤∈⋈⋈⋈⋈≻≺⊞≺∋⋈⋈⋈⋈⋈⋈⋈⋈≻⋈⋈⋈⋈∋∋⊞⋈⋈⋈⋈⋈⋈⊣
0x279cedf7	⊢⋈⋈⊞⊤∈⋈⋈≺⊤∈⋈⊞⊞⋈⋈≺∋∋⊤∈⋈⋈≺⊤∈⋈⊞⊞⋈⋈≺∋∋⊤∈⊞⊣⋈⊞⋈⊙⊤⊥⊞⊣
0x27a207af	⊢⋈⋈⋈⋈⋈⋈⊞⋈⋈⋈⋈⋈∈⋈⋈⊤∈∈⋈⋈≺⋈⋈⊤⋈∈⊤∈⊤∈⋈⋈⋈⊞⋈⊞⋈⋈⊞⊞⋈∈⊤∈⊞⊞⋈⋈≻⋈⋈≺⋈⊞⋈⋈⊞⋈⋈⊞⊞⊞⋈⊞⊞⊞⊞⊞⋈⊞∈∋⊞⊞⊞⊞⋈∋⋈≺∋∋⋈∋⊤∈∋⋈⋈≺∈⋈⋈∋⋈≻⋈⋈⋈⊤∈⊤∈⊞⋈⋈⋈∋⋈⋈≻≺⊤∈⋈⊞∈⋈≺⊞⊞⋈⋈⋈⋈⋈≺⊤∈⊞⋈⋈⋈≻⊞⋈⋈⋈⋈⋈≺⊤∈⋈∋∈⋈⋈⋈≻∋⋈≺∋⊞⋈⋈≻⋈⋈⊤∈⋈⋈⋈⋈≻⊤∈⋈≺⋈≺⋈⊞⋈⋈∋⋈⊤⋈∈⊤∈⋈⊤∈⋈≻⋈≺∋⋈⋈≺⊤∈⋈⊤∈⋈≻⋈≺∋⋈⋈≺⊤∈⋈⊤∈⋈≻⋈≺∋⋈⋈≺⋈⊤∈⊤∈⋈⊤∈⋈≻⋈≺∋⋈⋈⊤∈∋⋈⋈⋈≻⋈⊤∈⋈≻⋈≺∋⋈⋈≺∋∋∋∋⊞⋈⊞⊤∈∋≺∋∋⋈⋈⋈∋∋∋⊞⋈⋈⋈⋈⋈⋈⊣⋈⋈⊞⊙
0x279d0610	⊢⋈⋈⋈⋈⋈≺
0x279e4c88	⊢⋈⋈⋈⋈⋈⋈⊞⋈⋈⋈⋈⋈⊞∈⋈⋈⋈⋈≺⋈⊤∈⋈⊞⊞⋈⋈⋈≺∋∋⊤∈⋈⊤⊥⊤⊥⊤∈⋈⊤∈⊤∈⋈⋈⋈⋈⊞⋈⋈⋈⋈⋈⋈≺⋈⋈⊞⊥⊞⊤⊥⊞∈⊞⊤∈⊤∈∋∋⋈⋈⋈≺⊞≺∋⋈⋈⊤∈⊤∈⊤∈⋈⋈⊞⊥⊞⊤⊥⊞∈⊤∈⋈⊞⋈⋈⋈⋈≻⋈⊤∈⋈⋈≺∋⋈⋈⊙⊞∋⋈⋈≻∋⋈⋈⊤∈⋈⊞⋈⋈⋈≻⊤∈∋⋈⋈≻∋⋈≺⋈⋈≺∋⋈⋈⋈⊙⋈⋈⋈⋈⋈⋈≻⋈⋈⋈≺⋈⋈≺∋∋∋⋈⋈⋈⋈⋈⋈≻⋈⋈⋈∋⋈∋⊞⋈⋈⋈⋈⋈⋈⊣
0x279d5910	⊢⋈⋈⋈⊤∈⊞⊞⋈⊞⋈≺⊞⊞⋈≺
0x279d2b20	⊢⋈⋈⋈⊞⋈⋈⋈≻⋈⊞⋈⊞⋈⋈⋈⊞≻⊞⋈⋈⊣
0x27a123b6	⊢⋈⋈⋈⋈⋈⋈⊞⋈⋈⋈⋈⋈⋈⊞∈⋈⋈≺∋⊤∈⋈⊤∈⋈⊤∈⋈⋈⋈≻⊤∈⋈⋈≻⋈⋈⋈⋈⊙⋈⋈⊤∈∋⋈⊤∈⊤∈⋈≺⋈⊤∈⋈⋈⊞⊥⊞⊤⊥⊞∈⊞∈⋈⋈≻∋⊤∈⋈⊞⋈⋈⋈⋈≻⊤∈∋⋈⋈⋈≺∋⋈⋈⊙⋈⋈≺⋈≺∋∋∋⋈⋈⋈⋈⋈⋈≻⋈⋈⋈⋈≺∋⋈≺∋⋈⋈⋈⋈⋈⋈≻⋈⋈⋈≺∋⋈⊞⋈⋈⋈⋈⋈⋈⊣
0x279d6cc0	⊢⋈⋈⊞⋈⋈⋈⊡∈⋈⋈⊞⊞⋈⋈⋈⊤⋈∈∋⊞⋈⊞⋈⊞⋈⋈⋈⋈≻⊞⋈⊣
0x279cee7a	⊢⋈⋈⋈⋈⋈⊙
0x27a19f88	⊢⋈⋈⋈⋈⋈⊙
0x279d0160	⊢⋈⋈⋈⋈⋈⊙
0x27a52060	⊢⋈⋈⊞⋈⋈⋈⋈⋈⊞⋈⋈⊞∈⋈⋈⋈⋈⋈⋈≺⋈⊤∈⊤∈⊤∈⋈⋈⋈⋈⋈⋈⋈⋈⋈⋈⊞⋈⊙⋈⊞⊤∈⋈⊞⋈⋈⋈⋈⋈⊞≺∋⋈⋈⋈⋈⋈⋈⋈⋈⋈⋈⋈≺⋈⊤∈⋈⊞⊞⋈⋈⋈⋈⊞≺∋⋈⋈⊤∈⊞⊞⊤∈∋⋈⋈⋈⋈⋈⋈⋈⋈⋈≺⋈⋈⋈⋈⋈⋈⋈⋈⋈≺∋∋∋∋⋈≻⊞⋈⊣
0x279d0350	⊢⋈⋈⋈⋈⋈⋈⋈⊞⊤∈⋈⋈⋈⋈≺⋈⋈⊤∈⋈⋈⋈≻⊤∈⋈⋈≻⋈≺∋⋈⋈⋈⊙⋈⋈⋈∋⋈⋈⋈⋈⋈⊣
0x27a49af0	⊢⋈⊤∈⊤∈⋈≺≺
0x279cee93	⊢⋈⋈⋈⋈⋈⋈⋈⋈⋈⊤∈⋈⊤∈⊤⋈⊞∋∋⋈⊞⋈⊤∈⋈⋈⋈⋈⋈≻⋈≺∋⋈⊤∈⋈⊞⊞⋈⊞⊤∈⊞⊞⋈⊞⊤∈⊞⊞⊞⊞⋈⋈⋈⋈⊞⋈⋈⋈≺⊞⋈⋈≺⋈≺∋∋∋⊞⋈⊞⊞⋈⋈⋈⋈⊣
0x27a09180	⊢⋈⋈⋈⋈⋈⋈⋈⋈⋈⊤∈⋈⊤∈⊤⋈⊞∋∋⋈⊞⋈⊤∈⋈⋈⋈⋈⋈≻⋈≺∋⋈⊤∈⋈⊞⊞⋈⊞⊤∈⊞⊞⋈⊞⊤∈⊞⊞⊞⊞⋈⋈⋈⋈⊞⋈⋈⋈≺⊞⋈⋈≺⋈≺∋∋∋⊞⋈⊞⊞⋈⋈⋈⋈⊣
0x27a1ea90	⊢⋈⋈⋈⋈⋈⋈⋈⋈⋈⊤∈⋈⊤∈⊤⋈⊞∋∋⋈⊞⋈⊤∈⋈⋈⋈⋈⋈≻⋈≺∋⋈⊤∈⋈⊞⊞⋈⊞⊤∈⊞⊞⋈⊞⊤∈⊞⊞⊞⊞⋈⋈⋈⋈⊞⋈⋈⋈≺⊞⋈⋈≺⋈≺∋∋∋⊞⋈⊞⊞⋈⋈⋈⋈⊣
0x27a492c0	⊢⋈⋈⋈⋈⋈⋈⋈⋈⊤∈⋈⊤∈⊤⋈⊞∋∋⋈⊞⋈⊤∈⋈⋈⋈⋈⋈⋈≻⋈⋈⋈≺∋⋈⊤∈⋈⊞⊞⋈⊞⊤∈⊞⊞⋈⊞⊤∈⊞⊞⊞⊞⋈⋈⋈⋈⊞⋈⋈⋈≺⊞⋈⋈≺⋈≺∋∋∋⊞⋈⊞⋈⋈⋈⋈⋈⊣
0x279d0200	⊢⋈⋈⋈⋈⋈⋈⋈⋈⊤∈⋈⊤∈⊤⋈⊞∋∋⋈⊞⋈⊤∈⋈⋈⋈⋈≻⋈⋈⋈≺∋⋈⊤∈⋈⊞⊞⋈⊞⊤∈⊞⊞⋈⊞⊤∈⊞⊞⊞⊞⋈⋈⋈⋈⊞⋈⋈⋈≺⊞⋈⋈≺⋈≺∋∋∋⊞⋈⊞⋈⋈⋈⋈⋈⊣
0x279cef95	⊢⋈⊞≻⊞⋈⊣
0x27a1ea83	⊢⋈⊞≻⊞⋈⊣
0x27a49250	⊢⋈⋈⋈⋈⋈⋈⋈⋈⋈⋈⊞⊤∈⋈⋈⋈⋈⋈⋈≻⋈⋈≺∋⋈⊞⋈⊙⊞⋈⊞⋈⋈⋈⋈⋈⊣
0x279d01a0	⊢⋈⋈⋈⋈⋈⋈⋈⋈⋈⋈⊞⊤∈⋈⋈⋈⋈≻⋈⋈≺∋⋈⊞⋈⊙⊞⋈⊞⋈⋈⋈⋈⋈⊣
0x27a03d73	⊢⋈⋈⋈⋈⋈⋈⊞⋈⋈⋈⋈⋈⋈⋈≻⋈⋈⊞∈⋈⋈⋈⋈⋈⋈⋈⋈⋈⋈⋈⋈⋈⋈⋈⊤∈⋈⋈⋈⋈⊤⋈⊥⊤⋈∈⋈⋈⋈≺∋⋈⋈⋈⋈⋈⋈⋈⊞⋈⋈∈⊤∈⋈⋈⊙⊤∈⋈⋈⋈⋈⋈⋈⋈⋈⋈⋈⊤∈⋈⋈≺⊤∈⋈⊞⋈⋈≺∋∋⊤∈⋈⋈⊙⋈⊤∈⋈⊤∈⋈≺∋⋈⋈⋈⊞⊞⋈⋈⋈⋈⊤∈⋈⋈⊙⊤∈⋈⋈≻⋈≺⋈⋈≻⊞⋈≻⊞⋈⋈≻⋈⋈⋈⋈⋈⋈⋈⋈⋈⋈⋈≺∋⋈⋈≻⋈⋈⋈⋈⋈⋈⋈⋈⋈⋈⋈⋈⊤∈⋈⋈⋈⋈≺⋈⋈≻⋈⋈⊞⊤⊥⋈⋈⋈⋈≻⋈⋈⊤∈⋈⋈⋈⋈≺⋈⋈≺⊞⊞⋈⋈⊞⊤⋈⊥⋈⋈⊞⋈⊙∋⊞⊞≺∋⋈⋈⋈⋈≻⋈⋈⋈⋈⋈⋈⋈⊤∈⋈⋈⋈⋈⋈⋈⋈⋈⊤∈⋈⋈⊙⊤∈⋈⋈⋈⋈⋈⋈≺⋈⋈⊤∈⋈⋈⊤∈⊞⋈⋈⊤∈∋⋈⋈⊞⋈⋈≺∋⋈⋈⊤⊥≺∋⋈⊞⋈⋈⋈⋈∈⊤∈∋⋈⋈⋈⋈⋈⋈⋈⋈⋈≻⋈⋈⋈⋈⋈⋈⊤∈⋈⋈⋈≻⋈∋⋈⊤∈⋈⊤⋈∈≺⋈⋈⊤∈≺⊤∈⊤∈⋈⊤∈⋈⊞⊤∈∋⋈⊞⋈⊞⋈⋈⋈≺∋⊞∈⋈⊞⊞∈∋⊞⋈⊤⊥⋈⋈⋈∈∋⋈⋈∋⊤∈∋∋∋∋⋈⋈⋈⋈≻⋈⋈⋈⋈⊤∈⋈⋈⋈⋈⋈⋈⋈⋈⋈⊞⋈⋈⋈⋈≻⋈⊞⋈⋈⋈⋈⋈≻⋈⋈⋈⋈⋈⋈⊤⋈⋈∈⋈⋈⊞⋈⋈⋈⋈⋈⋈⊞⊥⋈⋈⋈⊤⊥⊞⋈⋈⋈⋈⋈⋈∈⊤⋈⊥⋈⋈≻⋈⊤⊥⊤⊥⊞∈⊞⋈⋈⋈⋈⋈≻⊤∈⋈⋈⋈⋈⊙⋈⋈⊤∈⊤⋈∈⋈⋈⊤∈⋈⋈⊤⊥⊤⊥⊞∈⊤∈⋈⊞⋈⋈⋈≻⊤∈⋈≺⋈≺∋⋈⋈⋈⋈⊙⋈⋈≺⋈⋈≺∋⋈⋈⋈∋⋈≺∋⊤⋈⋈⋈∈⊤∈⋈⋈⊤∈⊤∈⊞⋈⋈⊤∈⋈⊞⋈⋈⋈⋈⋈≻⊤∈⋈≺∋⋈⋈≻⋈⋈⋈⋈⋈≺∋⋈⋈⊙⋈≺⋈⋈⋈≺⋈⋈⋈≺∋∋⋈∋⋈⊙⊤∈⋈⋈⋈⋈⋈⋈⋈⋈⋈⋈⋈⋈⋈⋈⋈⋈⋈⋈⋈⋈⋈⋈⋈⋈⋈⋈≻⋈⋈⊤∈⊤∈⊤⋈⋈⋈∈⊤⋈⋈⋈∈∋⋈⊞⋈⊞⋈⋈⋈⋈⋈⋈≻∋⋈⋈≻≺∋⋈⊤⋈∈⋈⋈⊤∈⋈⋈⊤∈∋⋈⊤⊥∋⋈⊞≺∋⋈⊞∈⊤∈∋⋈⋈⋈⋈⋈⋈⋈⋈⋈≻⋈⋈⋈⋈⋈⊤∈⋈⋈⋈≻⋈∋⋈≺⊤∈⋈⊤∈⋈⊤∈⋈⊞⋈⊤⋈∈∋⊞∈⋈⋈⊞⋈⊞∈∋≺≺∋⊞∋⊞⊤⊥⋈∋⊤∈⋈⋈⋈≻⋈∋⋈⊤∈⋈⋈⋈≻⋈∋⋈⋈⋈⋈⋈⋈⋈⊞⋈⋈⋈⋈⋈⋈∈∋≺⋈⋈≺∋⊤∈⋈⋈⋈⋈⋈⋈≻⋈⋈⋈∋⋈⊤∈∈⋈⋈⋈⋈≻⋈⊤∈⊤⋈∈⋈⋈≺∈⋈⊤⊥≺∈⋈⊞∈⊤∈∋⋈⋈⋈⋈⋈⋈⋈⋈⋈≻⋈⋈⋈⋈⋈⋈⊤∈⋈⋈⋈≻⋈∋⋈≺⊤∈⋈⊤∈⋈⊤∈⋈⊞⊤∈∋∋⊞⋈⋈≺∋⊞∈⋈⊞⊞∈∋≺∋⊞⊤⊥⋈⋈⋈∋⊤∈⋈⋈⋈≻⋈∋⋈⋈⋈⊤∈⋈⋈⊙⊤∈⋈⋈⋈⋈⋈⋈≺⋈⋈⋈⋈⊤∈⋈⋈⊤∈⊞⋈⋈⊤∈∋⋈⋈⊞⋈⋈≺∋⋈⋈⊤⊥≺∋⋈⊞⋈∈⊤∈∋⋈⋈⋈⋈⋈⋈⋈⋈⋈⋈≻⋈⋈⋈⋈⋈⋈⊤∈⋈⋈⋈≻⋈∋⋈⊤∈⋈⊤⋈∈≺⋈⋈⊤∈≺⊤∈⊤∈⋈⊤∈⋈⊞⊤∈∋⋈⊞⋈⊞⋈⋈⋈≺∋⊞∈⋈⊞⊞∈∋⊞⋈⊤⊥⋈⋈⋈∈∋⋈⋈∋⊤∈∋∋∋∋⋈⋈⋈⋈≻⋈⋈⋈⋈⊤∈⋈⋈⋈⋈⋈⋈⋈⊞⋈⋈⋈⋈≻⋈⊞⋈⋈⋈⋈⋈≻⋈⋈⋈⋈⋈⋈⊤⋈⋈⋈∈⋈⋈⋈⋈⊞⊥⋈⋈⋈⋈⊤⊥⊞⋈⋈⋈⋈⋈∈⊤⋈⊥⋈⋈≻⋈⋈⋈⊤⊥⊤⊥⊞∈⊞⋈⋈⋈⋈⋈⋈≻⊤∈⋈≺∋⋈⋈⋈⋈⋈⊙⋈⋈⊤∈⊤⋈⋈∈⋈⋈⊤∈⋈⋈⊤⊥⊤⊥⊞∈⊞⊤∈⋈⋈⋈⋈⋈≻⊤∈⋈≺∋⋈≺⋈≺∋⋈⋈⋈⋈⊙⋈⋈⋈≺⋈⋈≺∋⋈⋈⋈∋⋈⋈≺∋⊤⋈∈⊤⋈∈≺⊤∈⊤∈∋⊞⊤∈⋈⊞⋈⋈⋈⋈≻⊤∈⋈⋈≺∋∋⋈⋈⋈⋈⋈⋈≺∋⋈⋈⊙⋈⋈⋈≺⋈⋈≺∋∋∋⋈⊙⊤∈⋈⋈⋈⋈⋈⋈⋈⋈⋈⋈⋈⋈⋈⋈⋈⋈⋈⋈⋈⋈⋈⋈⋈⋈⋈⋈≻⋈⋈⊤∈⊤∈⊤∈⊤∈∋⋈⋈⊞⊞⋈⋈⋈⋈⋈⋈⋈≻∋⋈⋈≻≺∋⋈⊤⋈∈⋈⋈⊤∈⋈⋈⊤∈∋⋈⊤⊥∋⋈⊞≺∋⋈⊞∈⊤∈∋⋈⋈⋈⋈⋈⋈⋈⋈⋈⋈≻⋈⋈⋈⋈⋈⊤∈⋈⋈⋈≻⋈∋⋈≺⊤∈⋈⊤∈⋈⊤∈⋈⊞⋈⊤⋈∈∋⊞∈⋈⋈⊞⋈⊞∈∋≺≺∋⊞∋⊞⊤⊥⋈∋⊤∈⋈⋈⋈≻⋈∋⋈⋈⊤∈⋈⋈⋈≻∋⋈⋈⋈⋈⋈⋈⋈⋈⊞⋈⋈⋈⋈⋈⋈∈∋⋈⋈⋈≺∈⊤⋈⊥⊤⋈∈⊞⋈⋈⋈⋈∈⋈⋈⋈⊞⋈⋈⋈⋈⋈⋈⋈⋈⋈∈⋈⋈⋈⊙⊤∈⋈⋈⋈⋈⋈⋈⋈⋈⋈⋈⋈⋈⋈⋈≻⋈⋈⊤∈⊞⊤∈∋⋈⋈⊤⋈⋈∈∋∋⋈⋈⋈⋈⋈⋈⋈⊤∈⋈⋈⋈⋈⋈⋈⊞⊥⋈⋈⋈⊤⊥⊞⋈⋈⋈⋈⋈∈⋈⊤⋈⊥⊤∈⊤⊤≺∋⋈∈⋈⋈⋈≺⊤⋈∈⊤∈⋈⊤∈⊤∈⊞⊤∈⋈⋈⊞⋈⋈⋈≻⋈⊤∈⋈⋈≺∋⋈≺∋⋈≻⋈≺∋⋈⋈⋈⋈⊙⋈⋈⋈≺⋈⋈≺⋈≺∋∋⋈∋⋈⋈⋈⋈⋈≻⋈⋈⋈⋈∋⋈⋈⋈≻⋈⋈⊤⊥⊤⊥⊞∈∋⊞⋈⋈⋈⋈⋈⋈≻⊤∈⋈≺∋⋈⋈≻∋⋈⋈≺∋⊤⋈⊥⊤⋈∈⊞⋈⋈⋈⋈∈⋈⋈⋈⊞⋈⋈⋈⋈⋈⋈⋈⋈⋈∈⋈⋈⋈⊙⊤∈∋⋈⋈≻⋈⋈⋈⋈⋈⋈⋈⋈⋈⋈⋈⋈⋈⋈≻⋈⋈⊤∈∋⋈⋈⋈⋈⋈⊤∈⋈⋈⋈≻∋⋈⋈⋈⋈≻⋈⋈⋈⋈≻⋈⊤∈⋈⋈⋈⋈≻⋈⊞⊤∈∋⋈⋈⊤⋈⋈∈∋∋⋈⋈⋈⋈⋈⋈⋈⊤∈⋈⋈⋈⋈⋈⋈⋈⋈⊞⊥⋈⋈⊤⊥⊞⋈⋈⋈⋈⋈∈⊤⋈⊥⊤⋈∈⊤⊤≺∋⋈∈⋈⋈⋈≺⊤∈⋈⊤∈⋈⊤∈⊤∈⊞⊤⋈∈⋈⊞⋈⋈⋈≻⊤∈⋈≺∋⋈∋⋈≻⋈⋈≺∋⋈⋈⋈⊙⋈⋈⋈⋈≺⋈⋈≺⋈⋈≺∋∋⋈∋⋈⋈⋈⋈⋈≻⋈⋈⋈⋈∋⋈⋈⋈≻⋈⊤⊥⊤⊥⊞∈⊞⋈⋈⋈⋈≻⊤∈⋈≺∋⋈⋈≻∋⋈⋈⋈⊞⋈∋⋈⋈⋈⋈⊙⋈⊤⋈⋈∈⊤⋈∈⋈≺⊤∈⊤∈∋⊞⊤∈⋈⊞⋈⋈⋈≻⊤∈⋈≺∋⋈≺∋⋈≻∋∋⋈⋈⋈⊤⋈⋈⋈∈⋈⋈⋈≻∋⋈⋈⋈⋈≻⋈⋈⋈⋈≻⋈⊤∈⋈⋈⋈⋈≻⋈⋈⋈⋈≺∋⋈⋈⊙⋈⋈⋈⋈≺⋈⋈≺∋∋∋⋈⊙⊤∈⋈⋈⋈⋈⋈⋈⋈⋈⋈⋈⋈⋈⋈⋈⋈⋈⋈⋈⋈⋈⋈⋈⋈⋈⋈⋈⋈≻⋈⋈⊤∈∋⋈⋈⋈⊤∈⋈⋈⋈≻∋⋈⋈⊤∈⋈⋈⋈≻∋⋈⋈⋈⋈≻⋈⋈⋈⋈≻⋈⋈≺∋∋⋈⋈⋈⋈∋∋⋈⋈⋈⊤⋈⋈⋈∈⊤∈⊤∈∋⋈⋈⊞⊞⋈⋈⋈⋈⋈⋈⋈≻∋⋈⋈≻≺∋⋈⊤⋈∈⋈⋈⊤∈⋈⋈⊤∈∋⋈⊤⊥∋⋈⊞≺∋⋈⊞∈⊤∈∋⋈⋈⋈⋈⋈⋈⋈⋈⋈⋈≻⋈⋈⋈⋈⋈⊤∈⋈⋈⋈⋈⋈⋈⋈≻⋈⋈⋈⋈⋈∋⋈≺⊤∈⋈⊤∈⋈⊤∈⋈⊞⋈⊤⋈∈∋⊞∈⋈⋈⊞⋈⊞∈∋≺≺∋⊞∋⊞⊤⊥⋈∋⋈⊤∈⋈⋈⋈⋈⋈⋈≻⋈⋈⋈⋈∋⋈⊤∈⋈⋈⋈⋈⋈⋈≻⋈⋈⋈⋈∋⋈⋈⋈⋈⋈⋈⋈⋈⊞⋈⋈⋈⋈∈∋⊤∈⋈⋈⋈⋈≻⋈∋⋈⊤∈⋈⋈⋈≻∋⋈⋈⋈⋈≻⋈⋈⋈⋈≻≺∋≺∋⋈⋈⋈⋈⊙⋈⊤∈⋈⊤∈≺⊤∈⊤∈⊞⊤∈⋈⋈⊞⋈⋈⋈≻⋈⊤∈⋈⋈≺∋⋈⋈≻⋈≺∋⋈⋈⋈⋈⊙⋈⋈⋈⋈≺⋈⋈≺∋∋∋⋈⊙⊤∈∋∋∋⋈⋈≻∋⋈⋈≻∋∋⋈⋈≻∋⋈≺∋⋈⋈≻∋⋈⊤⋈∈∋⋈⊞∋⋈⊞∋⋈⋈⋈⋈⋈⋈⋈⋈⋈⋈⋈⋈⋈⋈⋈⋈⋈⋈⋈⋈⋈⋈⋈⋈⋈⋈≻⋈⋈⊤∈⊤⋈∈⊤⋈∈⊤⋈∈∋⋈⊞⋈⊞⋈⋈⋈⋈⋈⋈⋈⋈≻∋⋈⋈⋈≻⋈≺∋⋈⊤⋈⋈⋈∈⋈⋈⊤∈⋈⋈⊤∈∋⋈⊤⊥∋⋈⊞≺∋⋈⊞∈⊤∈∋⋈⋈⋈⋈⋈⋈⋈⋈≻⋈⋈⋈⋈⋈⋈⊤∈⋈⋈⋈⋈⋈≻⋈⋈⋈∋⋈≺⊤∈∋∋∋∋∋∋∋⋈⋈⋈≻∋⋈⋈⋈⊤∈⋈⋈⋈≻∋⋈⋈⊤∈⋈⋈⋈≻∋⋈⋈⋈⋈≻⋈⋈⋈⋈≻⋈⋈⋈≺∋∋⋈⋈⋈⋈⊤∈⋈⊤∈⋈⊞⋈⊤⋈∈∋⊞∈⋈⋈⊞⋈⊞∈∋≺≺∋⊞∋⊞⊤⊥⋈∋⊤∈⋈⋈⋈⋈⋈≻⋈⋈⋈⋈∋⋈⊤∈⋈⋈⋈⋈⋈≻⋈⋈⋈⋈∋⋈⋈⋈⋈⋈⋈⋈⊞⋈⋈∈∋⋈⊤⋈∈⋈⋈≻⋈∋⋈⊤∈⋈⋈⋈≻∋⋈⋈⋈⋈≻⋈⋈⋈⋈≻≺≺∋⋈⋈⋈≺∋⊤∈⋈⋈⋈⋈⋈⋈≻⋈⋈⋈∋⊤⋈∈∋∋⋈⋈∋⋈⋈≻⋈⋈⊞⊤⊥⋈⋈⋈⋈≻⋈⋈⊤∈∋⋈⋈≺∋⋈⋈≺∋⋈⊤∈⋈⋈⋈≻⋈≺∋∋⊤∈⋈⋈⋈⋈≻≺⋈⋈⋈⋈≺∋∋∋∋∋∋⊞⋈⋈⋈⋈⋈⋈⊣
0x27a07a0e	⊢⋈⋈⋈⋈⋈⋈⊞⋈⋈⋈⋈⋈⋈⋈≻⋈⋈⊞∈⋈⋈⋈≺⋈⋈⊤∈⊞⋈∈⋈⋈≻⋈⋈⋈⋈⋈⋈⋈⋈⊞⊤∈∋⋈⋈⋈⊙⋈⋈≻≺∋⋈⋈⋈⋈⋈⋈⋈⋈⋈⊞∈⋈⋈⋈⋈⋈⋈⋈⋈⋈≻⋈⋈⊞∈⋈⊞⋈⋈⋈≻⋈⋈⋈≻⋈⊞⊤∈∋⋈⋈⊞⊞⊤∈∋⋈⋈≻⋈⋈⊞⊤⊥⋈⋈⋈⋈⋈≻∋⊞⋈⋈⋈⋈⋈⋈⊣
0x27a4dee0	⊢⋈⋈⋈⊞⋈⋈⋈⋈⋈⊙⋈⋈⋈⋈≻⊞⋈⋈⊣
0x27a218c3	⊢⋈⋈⋈⋈⋈⋈⊞⋈⊞⊥⋈⊤⊥⊞∈⊞∈⋈⋈≻∋⋈⊤∈⋈⊞⋈⋈⋈⋈≻⊤∈∋≺∋⋈⋈⋈⊞⋈⋈⋈⋈⊣
0x27a21946	⊢⊤∈⋈⊤∈∋⊞⊣⋈⋈⋈⋈⋈⋈⊞⋈⋈⋈⋈∈⋈⋈⋈⋈⋈⋈⋈∈⊤∈⋈⋈⋈⋈⋈⊞⊥⋈⊙⊞⊤⊥⊤⊥⊥⊞⊞⊞⋈⊤∈∋⋈⊤∈⊞⋈⊞≺∋⋈⊞∈⊞≺∋⊞⋈⋈⋈⋈⋈⋈⊣⋈⋈⋈≺∋
0x279e4ed0	⊢⋈⋈⋈⋈⋈⋈⊞⋈⋈⋈⋈⊤∈⋈⊤∈⊤∈⊤∈⊤∈∋⋈⋈⋈⋈⋈⋈≻⋈⋈⋈⋈⋈⋈≺∋⊤∈⋈⋈≺⊤∈⋈⋈≺⋈⊞⋈⋈⋈⋈⋈⋈⋈⋈⋈≺⋈⋈⊤∈⊤∈⋈⋈⊤∈⋈⋈⊞⊥⋈⊤⊥⊞∈⊤∈⋈⊞⋈⋈⋈⋈⋈≻⋈⊤∈⋈⋈⋈≺∋⋈⊙⋈≺⊞∋⋈⋈≻∋⋈⊞∋∋⋈⊤∈⋈⋈≺⊤∈⋈⊞⋈⋈≺∋∋⊤⊥⊞⊤∈⊞∈⊤∈⊞⊤⊥⊞⋈⊤⋈∈∋⊥⊞≺∋∋⊤∈⋈⋈⋈⋈≺⋈⊤∈⋈⊞⋈⋈⋈⋈⋈⋈≻⋈⋈⋈⋈⋈⋈∋⋈⋈⋈⋈⋈⋈⋈⋈≻⋈⋈⋈≺∋≻⋈⋈≺⋈≺∋∋⋈∋⋈⋈⋈⋈⋈∋⊤∈∋∋⊞⋈⋈⋈⋈⋈⋈⊣⋈⋈⋈⊞⋈⋈⋈⋈⋈⋈≺
0x27a11d99	⊢⋈⋈⋈⋈⋈⋈⋈⋈⋈⊞∈⋈⋈≺∋⊤∈⋈⋈≺⊤∈⋈⊞⊞⋈⋈≺∋∋⋈⊞∈⋈⋈≻⋈⋈∋⊤∈⋈⋈≺⊤∈⋈⊞⋈⋈≺∋∋⊤∈⋈⋈⋈≻⊤∈⊞⊞∈⋈⊞⊡⋈⊥⊤∈∋⊤∈⊞⊞∈⊤∈⋈⋈⊤∈⋈⊤∈⋈≻∋⋈⋈⊞⋈≺⊤∈⋈⋈⋈⋈⊙⊤∈∋⋈⋈≻⋈⋈⋈⋈⋈⋈≺⊞⊡⋈⊥∈∋≺∋∋∋∋∋⊞⋈⋈⋈⋈⊣
0x27a57fe9	⊢⋈⋈⋈⋈⋈⋈⋈⋈⋈⊞∈⋈⋈≺∋⊤∈⋈⋈≺⊤∈⋈⊞⊞⋈⋈≺∋∋⋈⊞∈⋈⋈≻⋈⋈∋⊤∈⋈⋈≺⊤∈⋈⊞⋈⋈≺∋∋⊤∈⋈⋈⋈≻⊤∈⊞⊞∈⋈⊞⊡⋈⊥⊤∈∋⊤∈⊞⊞∈⊤∈⋈⋈⊤∈⋈⊤∈⋈≻∋⋈⋈⊞⋈≺⊤∈⋈⋈⋈⋈⊙⊤∈∋⋈⋈≻⋈⋈⋈⋈⋈⋈≺⊞⊡⋈⊥∈∋≺∋∋∋∋∋⊞⋈⋈⋈⋈⊣
0x27a03cb5	⊢⋈⋈⋈⋈⋈⊞⋈⋈⋈⊞⋈⊞⊥∈⊞⋈⋈⋈⋈⋈⋈≻⊤∈⋈⋈≻⋈⋈⋈⋈⊞⊞⊞∈⋈⋈⊞⊥⊞⋈⊞∈∋≺∋⋈⋈⋈⋈⋈⋈⊞⋈⋈⋈⋈⋈⊣
0x279d2ec0	⊢⋈⋈⋈⋈⊞⋈⋈⋈⋈⊤∈⋈⋈⋈⊡∈⋈⋈⊞⊞⋈⋈⋈⊤⋈∈∋≺⊤∈⋈⋈⋈⊡∈⋈⋈⊞⊞⋈⋈⋈⊤⋈∈∋∋⊞⋈⊞⋈⊞⋈⋈⋈⋈⋈≻⋈⊞⋈⊞⋈⋈⋈⊞≺∋≻⋈⋈⊤∈⋈⋈⋈⋈⊙⋈⋈⊤∈⋈⋈⊤∈⋈⋈⋈⊞∈⋈⋈⊞⊞⋈⋈⋈⊤⋈∈∋≺⊤∈⋈⋈⋈⊡∈⋈⋈⊞⊞⋈⋈⋈⊤⋈∈∋∋⊞⋈⊞⋈⊞⋈⋈⋈⋈⋈≻⋈⊞⋈⊞⋈⋈⋈⊞≺∋≻∋∋⊞⋈⋈⋈⊣
0x27a28980	⊢⋈⋈⋈⋈⋈⋈⋈⊞⋈⋈⋈⊤⊥⋈⊤⊥⊞∈⋈⋈⋈⋈⋈⊤⋈⋈∈⋈∈⋈⊞⋈⋈⊤∈⋈⋈≻⋈≺⊞⊤∈⊞≺∈⊤∈⋈⊞⊤∈∋⋈⊞≺∋∋∋⊤∈⊞⊞⋈⊤⊥⊤⊥⊞∈⋈⋈⊞⋈≻⊤⋈⋈∈∋≺⋈⋈⋈⋈≺∈⋈⊞⋈⋈⊤∈⋈⋈≻⋈⊤∈≺⊞⊤∈⊡∈⊤∈⋈⊤∈⊡⊞⊤∈∋⋈∋⊞⊤∈∋∋⊞⊞⋈⋈⊞⊥⊤⊥⊞∈⋈⋈⋈⋈⊙⋈⊤∈∋⊤∈∋⋈⊞≺⋈⋈⋈⋈≺≺∋∋∋⋈⊞⋈⊞≺∋∋∋∋⋈⊞⋈⋈⋈⋈⋈⋈⊣
0x279d03d0	⊢⋈⋈⋈⋈⋈⋈⋈⊞⋈⊞∈≻∋⋈⋈⋈⋈⋈≻⊤∈⋈⋈≻⋈⋈⋈⋈⊙⊤∈⊞⋈⋈≻⊤∈≺⊤∈⊞⊞⊤∈⊞⊞⊞∈⊤∈⋈⊤∈⊞⊤∈∋⋈⊤∈∋∋∋⋈≺≺∋∋∋⋈⋈⋈⋈≻⋈⋈⋈∋⋈⋈⋈⊞⋈⋈⋈⋈⋈⋈⊣
0x27a49190	⊢⋈⋈⋈⊞⋈⊞⊤∈⋈⋈⋈⋈⋈⋈⋈⋈⋈≻⋈⋈⋈⋈⋈⋈∋⋈⋈⊞⋈⋈⊣
0x27a49090	⊢⋈⋈⋈⋈⋈⋈⊞⋈⋈⋈⊞∈⋈⋈⋈⋈⋈⋈⋈⋈⋈≻⋈⋈⋈⋈⋈⋈⋈∋⋈⋈⋈⋈⋈⋈⊙⊤∈⋈⋈≻⋈⋈⋈⋈⊞⋈⋈⋈⋈⋈⊣
0x279d04c0	⊢⋈⋈⋈⋈≺
0x27a073ee	⊢⋈⋈⋈⋈⋈⋈⊞⋈⊞⊥⋈⊤⊥⊞∈⊞∈⋈⋈≻∋⋈⋈⋈⊤∈⋈⊞⋈⋈⋈≻⋈⋈⊤∈∋≺∋⋈⋈⋈⋈⊙⋈⋈⋈⋈⋈⋈⊣
0x27a5289d	⊢⋈⋈⋈⋈⋈⋈⋈⊞⊥⋈⊤⊥⊞∈⊞∈⋈⋈≻∋⋈⋈⋈⊤∈⋈⊞⋈⋈⋈≻⋈⋈⊤∈∋≺∋⋈⋈⋈⋈⊙⋈⋈⋈⋈⋈⋈⊣
0x27a08fbe	⊢⋈⋈⋈⋈⋈⋈⋈⊞⊥⋈⊤⊥⊞∈⊞∈⋈⋈≻∋⋈⋈⋈⊤∈⋈⊞⋈⋈⋈≻⋈⋈⊤∈∋≺∋⋈⋈⋈⋈⊙⋈⋈⋈⋈⋈⋈⊣
0x27a4e6b0	⊢⋈⋈⋈⋈⋈⋈⊞⋈⋈⋈⋈⋈⋈⊙⋈⋈⋈⋈⋈⋈⋈⋈⋈⋈≻⋈⋈⋈⋈⋈≻⋈⋈⋈⋈⋈≻⋈⋈⋈⋈⋈≻⋈⋈⋈⋈⋈≻⋈⋈⋈⋈⋈≻⋈⋈⋈⋈⋈≻⊞⋈⋈⋈⋈≻⋈⊤∈⋈⋈⋈⋈⋈⊙∋⊞⋈⋈⋈⋈⋈⊣
0x27a08b8d	⊢⊤∈⋈⊤∈⋈⋈⋈⋈⊞≻⊞⋈⋈⋈≺∋⋈⊣
0x27a1564a	⊢⋈⋈⋈⊞⋈⊞⊤∈⋈⊤∈⋈⊞⊤∈∋⋈⊞⋈⋈≺∋⋈⊤⊥≺∋⋈⋈⊞∈⊤∈∋⋈⋈⋈⋈⋈⋈⋈⋈⋈⋈⋈≻⋈⋈⋈⋈⋈⊤∈⋈⋈⋈≻≺⊤∈⋈⋈⋈≻⊤∈⋈⊤∈⋈⊞⊤∈∋⊞⊞⋈≺∋⊞∈⋈⊞⊞∈∋≺∋⊞⊤⊥⋈⋈⋈∋∋⊞⋈⋈⋈⊣
0x279d6d40	⊢⋈⋈⋈⊞⋈⋈⋈≻⋈⊞⋈⊞⋈⋈⋈⊞≻⊞⋈⋈⊣
0x27a49ac0	⊢⋈⋈⋈⋈⋈⊞⋈⋈⋈⋈⊙
0x279ea94e	⊢⋈⋈⋈⋈⊞⊞⋈⊞≻⋈⋈⋈⋈⋈≺
0x27a45220	⊢⋈⋈⋈⋈⋈⋈⋈⋈⊤∈⋈⊤∈⋈⋈⋈⊤∈⋈⋈⊡∈⋈⋈∈∈∈∈⊤∈⊤∈⋈⊤∈⊤∈⊞⊡∈⊤∈⋈⊞⊤∈∋⋈⊞≺∋⋈⋈⊤∈⊤∈⊤∈⊤∈⊞⋈≺⊤∈⊤∈∋∋∋⋈⊞≺∋∋∋⊞⋈⊞∈⊞⋈⋈⋈⋈⊤∈∋⋈⋈⊤∈∋⊤∈⋈⊤∈∋≺⊤∈∋⊤∈∋≺∋⋈⋈⊤∈⋈≺⊞⊞⋈⋈⋈≺⋈⋈∈⊤∈∋⋈⋈≺⋈⊤∈⋈⋈⋈⊤∈⊞⊞⋈⋈⋈≺⋈⊤∈∋⋈⋈⋈⋈⋈⋈≻∋⋈⋈⋈⊤∈∋⋈⋈⋈⊞⊡∈⊤∈⋈⊞⊤∈∋⋈⊞≺∋⋈⋈⊤∈⊤∈⊤∈⊤∈⊤∈⊤∈∋∋∋⋈⊞⊞⋈≺∋∋∋⊞⋈⊞∈∈⋈⋈≺∋⋈⋈⋈⋈≻∋⋈∋⋈⊞⊞≻∋⊞⋈⋈⋈⋈⋈⊤∈∋≺∋⋈⋈⋈≺∋∋∋∋∋∋⋈⋈⋈⋈⋈⋈⊣
0x279cefa2	⊢⋈⋈⋈⋈⋈⋈⋈⋈⋈⋈⊤∈⋈⊤∈⊤∈⋈⊤∈⋈⋈⊞⊥⊞⊤⊥⊞∈⋈⋈≺⋈⊤∈∋⋈⋈⋈⋈≺≺⋈⊤∈⊤∈⋈≺⋈⊤∈⋈⋈⊞⊥⊞⊤⊥⊞∈∋⊞⊤∈⋈⊞⋈⋈⋈⋈≻⊤∈∋∈⋈⋈≻∋⊤∈⋈⊞⋈⋈⋈≻⊤∈∋⋈⋈≺∋⋈⋈⋈⊙∋∋⋈⋈⋈⋈⋈⋈⋈≺∋⋈⋈⊙⋈⋈≺⋈≺∋∋∋⋈⋈⋈⋈≺∋∋⊞⋈⋈⋈⋈⋈⋈⊣
0x27a14ce6	⊢⋈⋈⋈⋈⋈⋈⊞⋈⊞⊤∈⋈⊤∈⊞⋈⊤∈⋈⋈⊞⋈∈⋈≻⋈⋈⋈⋈⊞⋈⋈⊡⊞⊞⋈⊞⊞⊞⋈⋈≻⋈⊡⊞⊞⋈⊞⊞≺∋⋈⊞⊞⊞⊞⋈⋈⊙⊤∈⋈⊞⊡⊡⋈⋈⊞⊞≺∋⋈⊞⊞⋈⊤∈⊞⊞⊞⊤∈⊙⊞⋈∈∈∋⊞⋈⊞⊞⋈⋈⊞⋈⋈⊞⊤⋈⊥⊤∈⋈⊞⊤⊥⊤⊥⊥⊞∈⋈⊤∈⋈⋈⋈⊤∈⋈⋈⋈⋈⋈⋈⋈⋈⊞⋈⋈⊞⊞⋈⋈⋈≻≺∋⋈⋈⋈⊤∈⊞⊞⋈≺⋈⊞⊞⋈⋈⋈⋈⋈⋈⋈≻⋈⋈⋈≺∋∋⋈⊤∈⊞∋⋈≺∋⋈⋈⋈⋈⋈⋈⋈⋈⊞⋈⊞⋈⋈⋈≻⋈⋈⋈≻⋈⋈⋈⊤∈⋈⋈⊤⋈∈⊤∈⋈⋈∋⊤∈⋈⋈≺∋⊤∈∋⋈⊞⊞⊞⋈⋈⋈⋈⋈⋈⋈⋈≻≺∋⊤∈⋈⋈⋈⋈≻≺∋∋⋈⊤∈⋈⋈⋈≻≺∋∋⋈⋈⋈≻⋈⋈⊞⋈⊞⋈⋈∈⋈⋈⊤⋈⋈⊥⊤⋈⋈⊥⊥⋈⊤∈⋈⋈⋈⋈⊤⋈⋈⊥⋈≺∋⊤∈⊞∈⊤∈⊞⊤∈⋈⊤⋈∈∋∋∈∋∈⊤⋈⋈⊥⊤⊥⊥⋈⊤∈⋈∋⊤∈⊤⋈⋈⊥⊤⊥⊞∈⊤∈⋈⊤⋈∈∋∋∈⊤∈⋈⋈⋈⋈≻∋⋈⋈⋈⋈⋈⋈⋈⋈⋈≻⋈⋈⋈⋈⋈∋∋⋈⋈⋈⋈⋈⊤∈⋈⋈⋈⋈≻≺∋⊤∈⋈⊤∈⋈⊞⊤∈⋈⊡⊞⊞⊤∈⋈⊡⊞⋈≺∋⊞⊤∈∋∋∋⊤∈⋈⋈⋈⋈≻∋⋈⋈⋈⋈⋈⋈⋈≻⋈⋈⋈⋈⋈⋈⋈⋈≻⊤∈⋈⋈⋈⋈≻∋⋈⋈⋈⋈⋈⋈⋈≻⊤∈⋈⋈⋈⋈≻≺∋∋⋈⋈⋈⋈≺∋⋈⋈⊤∈∋⋈⋈⊤∈⊤∈⊞⊡⊡⋈⋈⊞⊞⊞⋈⋈⊞⋈⊡⋈⊞⊞⊞⊞⋈⊥⋈⋈⊥⊤∈⋈⊞⊞⋈⊞⊞⊤∈⋈≺∈⋈⊞⊞⊞⊞⊤⋈⋈∈∋≺∋∈⊤∈⊤∈∋⋈≻∋∋∋⋈≻⋈⋈⊞⊞⊞⊞∋⊞⊤⊥≺∋⊞⊤⊥⋈⋈⋈≺⊞⋈≺∋∋⋈⋈⋈≺∋∋∋⊞⋈⋈⋈⋈⋈⋈⊣
0x279e51b5	⊢⋈⋈⋈⋈⋈⋈⊞⋈⋈⋈⊤∈⊤∈⋈⊤∈⋈⊞⋈⊞⋈⊞⊞∈⋈⊤∈⋈⊞⊞⊤∈⋈⋈⊞∈⋈⋈≺∋⋈⊤⊥≺∋⊤⊥⊞⊤∈⊤∈⋈⊤∈⊤∈⋈⊤∈∋⊞⋈≺∋⋈⊤∈∋⊞⋈≺∋⊤∈⋈⊞⊞∈⋈⋈⊤∈⊤∈⋈⋈⊤∈⋈⋈⊞⊥⋈⊤⊥⊞∈⋈⊤∈⋈⊞⋈⋈⋈⋈≻⊤∈⋈⋈⋈≺∋⋈⋈⊙⋈⋈≺⋈⋈≺⋈≺∋∋⋈∋⋈⊞⊥⋈⋈⋈∈⊤∈⊤∈⊞⋈⊤∈⋈⋈≺∋⊞∈⋈⊞⊞∈∋≺∋∋∋⋈⋈⋈⋈⋈⋈⋈⋈⋈⋈⋈≻⋈⋈⋈⋈⋈⋈⋈⋈⋈⋈⋈⋈⋈≻⋈⋈⋈≻⊤∈⋈⊞⋈∋⋈⋈⋈⋈⋈⋈⋈⋈⋈⊤∈⋈⋈≻≺∋∋⊞∋∋⋈⋈⊤∈⊤∈⋈⋈⊤∈⋈⋈⊞⊥⋈⊤⊥⊞∈∋⊞⋈⊤∈⋈⋈⋈⋈≻⊤∈∋∋⋈⋈≻∋⋈⊞⋈⋈⋈≺∋⋈⋈⊙⋈⋈≺⋈⋈≺⋈≺∋∋⋈∋⋈⋈⋈⊤∈∋⋈⋈⋈≻⊤∈⊤∈∋⋈⊞⋈⊞⋈⊤∈∋⋈⊞⋈≺⋈⋈≺∋⊞∈⋈⊞⊞∈∋≺∋⊞⊤⊥⋈⋈⋈⊤∈∋⋈⋈⋈⋈⋈≻⋈≺∋∋⋈⋈≻∋∋⊞⋈⋈⋈⋈⋈⋈⊣
0x27a2abc0	⊢⋈⋈⋈⋈⋈⋈⋈⊞⋈⋈⊤∈⋈⊤⊥⊤⊥⊞⋈⋈⋈⋈⊤∈⊤∈⊤∈⋈∈⊤∈⋈⊤∈⊤∈⊤∈⊤∈⋈⊤∈≺∋⊞⋈≺⋈⊤∈⊤∈⋈⋈⋈⋈≻⋈⋈⋈⋈⋈⋈⋈⋈⋈⋈⋈⊞∈⋈⋈⋈⊤⋈⋈∈∋≺⊤∈⋈∈⊤∈⋈⊤∈⊤∈∋⋈≺⋈⋈⋈⋈≻⋈⋈⋈⋈⋈⋈⋈⋈⋈⋈⊞∈⋈⋈⋈⊤⋈⋈∈∋≺⊤∈⊤∈⋈∈∈⊤∈⋈⊤∈⊤∈⊤∈⊤∈⊤∈≺∋⋈⊞∈⋈≺⋈⊤∈⋈⊤∈⊤∈⊤∈⊤∈⊤∈∋⋈≺≺∋∋⊞∋∋⊤∈⋈⋈⋈≻⋈⋈⋈⋈⋈⋈⋈⋈⋈⋈⊞∈⋈⋈⋈⊤⋈∈∋≺⋈⋈≺∋⊤∈⋈∈∈⊤∈∋⋈⋈⊞∈∋∋⋈∋∋∋∋∋∋∋∋∋∋∋∋∋∋⋈⋈⊤∈∋∋∋⋈⋈⋈≻∋⋈∋⊞⋈⊞≻⊤∈⋈⋈⋈≻⋈⋈⋈⋈⋈⋈⋈⋈⋈⊞∈∋∋∋∋⋈⊞⋈⋈≻⋈⋈⋈⋈⊤⋈∈∋≺∋∋∋∋⊞⋈⋈⋈⋈⋈⋈⊣⋈⋈≺∋
0x279d2e20	⊢⋈⋈⋈⋈⋈⋈⊞⋈⋈⋈⋈⋈⋈⊙⋈⋈⊤∈⋈⋈⋈≻⋈⊤∈⋈⊞⋈⊞⋈⊙⋈⋈⊙≺∋⋈⋈⊤∈⋈⋈⊙∋∋⊞⋈⋈⋈⋈⋈⊣
0x27a1eba4	⊢⋈⋈⊤∈⊞≺⊞⋈⊤∈⋈⊤∈⋈⋈⋈⊤∈∈⋈⊞∈∋∋⋈⋈⊞⋈⊞⊞⋈⋈≺∋⋈⊤∈∈⋈⊤∈⋈≻∋⋈≻⊞⋈⋈⊤∈∋⋈≺∋⋈⊤∈⋈⋈⊞⊞∈⋈⋈⊞∈∋≺∋⋈⋈⊞⊞⊞⋈⋈⋈∋⋈⊣
0x279cf147	⊢⋈⋈⋈⋈≺
0x27a4c5f0	⊢⋈⋈⋈⋈≺
0x27a07c17	⊢⊤∈⋈⋈⋈⋈⋈⋈⊞∈⋈⊤∈⋈⋈⋈≻∋⋈⊤∈⋈⋈⋈≻∋⊞⊞∈∋⋈⋈⋈∋⊣
0x27a079aa	⊢⊤∈⋈⋈⋈⋈⋈⋈⊞∈⋈⊤∈⋈⋈⋈≻∋⋈⊤∈⋈⋈⋈≻∋⊞⊞∈∋⋈⋈⋈∋⊣
0x279f63b1	⊢⊤∈⋈⋈⋈⋈⋈⊞∈⋈⋈⊞∈⋈⋈⋈≻∋⋈⋈⋈⋈≻⊞⊞∈∋⊞⋈⋈∋⊣
0x27a1ea5a	⊢⋈⋈⋈⋈⋈⋈≺
0x27a49aa0	⊢⋈⋈⋈⋈⋈⋈≺
0x279d3120	⊢⋈⋈⋈≺
0x27a28530	⊢⋈⋈⋈⋈⊞⋈⋈⋈⋈⊤∈⊤∈⊞⊞⋈≺∋∋⊞⋈⋈⋈⋈⊡∈⋈⋈⊞⊞⋈⋈⋈⊤⋈∈∋⊞⋈⊞⋈⊞⋈⋈⋈⋈≻⋈⊞⋈⋈⋈⊣
0x279cf15a	⊢⋈⋈⋈⋈⋈⋈⋈⋈⋈⋈≻⊤∈⋈⋈≻⋈⋈⋈⋈⋈⋈⋈⋈⊤∈⊞∈⋈⋈≻∋⋈⋈∈⋈⊞⋈⋈⋈≻⋈⋈⊤∈∋≺∋⋈⋈⋈⊙⋈⋈⋈⋈⋈⊞⋈⋈⋈⋈⋈⋈⊣⋈⋈⋈⋈⊙⋈⋈⋈⋈⊞⋈⋈⋈⋈⊣
0x279fedbe	⊢⋈⋈⋈⋈⊞⋈⋈⋈⋈⋈⋈⋈⋈⋈⋈⋈⋈⋈≻⋈⋈⋈⋈⋈⋈⊞∈⋈⋈⋈≻∋⋈⊤∈⋈⋈⋈≻∋⊞⋈⋈⋈⋈⊣
0x27a51740	⊢⋈⋈⋈⋈⋈⋈⋈⋈⊤∈⋈≻⋈⊡⋈≻⋈⋈⊤∈⊞≺⋈⋈⋈⋈⋈≺∈∈⋈⋈⋈⊙⊤∈⊙⋈⊤∈⊞⊞⋈⊤∈∋⊤∈⋈⊞∈⋈⋈⋈⋈≻⊣⊞⋈⊤∈∋∋⊞≺∋∋⋈∋⋈⊞⊞⋈⊤⊥⊡⊞⋈⋈⋈⋈⋈⋈⊣
0x27a4e860	⊢⋈⋈⋈⋈⋈⋈⋈⊞⋈⋈⋈⊤∈⋈⋈⋈⋈⋈⋈⊙⋈⊤∈⊤∈⋈⋈⋈⊙⊤∈⋈⋈⋈⋈⋈⋈⋈⋈⋈⋈⋈⋈⋈≻⊤∈⋈⋈⋈⊙⊤∈⋈⋈≻⊤∈⋈⋈⋈⋈⋈⋈⊙⋈⊤∈⊤∈⋈⋈⋈⊙⊤∈⋈⋈⋈⋈⋈⋈⋈⋈⋈⋈⋈⋈⋈⋈≻⊤∈∋⋈⋈⋈⋈⊙⊤∈≺⋈⋈⋈⊙⊤∈⋈⋈⋈≻⊤∈∋⋈⋈⋈≺∋⋈⋈⋈⊙⋈≺∋∋∋∋∋∋∋∋∋∋∋⋈⊞⋈⋈⋈⋈⋈⋈⊣
0x27a47690	⊢⋈⋈⋈⋈⋈⋈⋈⊞⋈⋈⋈⊤∈∈⋈⋈⋈⊙⊤⊥≺⋈⋈⋈⋈⋈⊤∈⋈⊤∈⋈≺⋈⊤∈⋈⋈⋈⊤∈∋∋∋⋈⊤∈⋈⋈⊞⊞⊞⊞⋈⊞⊞⊞⊞⊞⋈⋈⋈⋈⋈⋈⊤⊡⊡⋈⋈∈⊞⊞⋈⋈⊞⊞⋈⊡∈⊡⊡⊡⊡⊞⊡⊡⊡⊡⊞⊞⊞⊤∈⋈⋈⊞⊡⊡⊡⊡⊡⊡≻⊡⊡⊡⊡⊡⊡⋈⊡⊡⋈≺⊞∋⊞⊞⊞⊞⊤∈⋈⋈⋈⋈⊡⊡⊡⊡≻⊡⊡⊡⊡⋈⊡⊡⊞≺∋⊞⊞⊞⊞⊤∈⋈⋈⋈⋈⊡⊡≻⊡⊡⋈⊡⊡⊞≺∋⊞⊞⊞⊞⊤∈⋈⋈⋈⋈≻⋈⊡⊡⊞≺∋⋈⊞⊤∈⊤∈∋≺∋∋⋈⊞⊤∈⊤∈⊡⋈⋈⊡∈⊡⊡⊞⊞⊞⊞⊤∈⋈⋈⊞≻⊡⊡⋈≺⊞∋⋈⊞⊤∈⊞⊤∈∋≺∋∋∋⊞⋈⊞⊡⋈⊡⊞⊞⊞⊞⊤∈⊞⋈⋈⋈⋈≻⊞≺⋈⊡∈⋈⋈⋈⊙⊤∈⊞⊞⊤∈∋⋈⋈⋈⋈⋈≻⊤∈⊤∈⋈⋈⋈⋈⊤∈⊤∈∈⊤∈∋∋⊤∈⋈⊤∈⋈⊞⋈⊞⊤∈⊞⊞⋈≺⋈⊞⊞⊞⊤∈⊞⊞⋈⋈⊞⊞⊞⊞⊞⊞≺∋∋∋⋈⊤∈⋈⊤∈⋈⊤∈⊤⋈⊞∋∋⊞∈⊤∈⊤∈⋈≺≺∋∋∈⋈⋈≻∋∈∋∋∋⊤∈⋈⊤∈⊤≺⋈⋈⋈⋈⋈⋈⊤∈⋈⋈⊤∈⋈⋈⋈⋈≺∈⋈⊞∈⊞⋈⋈∈⊤∈⋈∈⊞∈⊤∈⋈⊤∈⋈⊤∈∋⊞≺⋈⊞⊤∈⋈⋈⊤∈∋⊞⊞⊞≺∋∋⋈⊞⊤∈∋⋈⋈⊤∈∋∋∋∋⊞≺⋈⋈⋈⋈⋈⊞⋈∈⋈⊞∈⊞⊤⋈⊥⋈⋈⊡∈⊤∈⋈∈⊤∈∋∋⋈⊞⊤∈∋⋈⋈⋈≻⋈⊤∈∋∋⋈⋈≻∋⊞⋈⊤∈∋⊞⋈≺⋈⊞⊤∈⊞≺∋⊤⊥⋈≻⋈⋈⊤∈∋⊞⊞⊞≺∋⊞∋⋈⊞⊤∈∋≺∋∋∋∋∋∋∋∋∋∋∋⊞⋈⊞⋈⋈⋈⋈⋈⋈⊣
0x27a0951b	⊢⋈⋈⋈⊤∈⋈⋈⋈⋈∈⊤∈⋈⋈⋈≻⋈⊞⊞⊞⋈⊞⊞⊞⊞⊞⊞⋈⋈⋈⋈⋈⋈⋈⋈⊞⊤⋈∈∋⊞∋⊤∈⋈⋈⊤∈∋⋈⋈⋈≻⊞⊞⊞⊞⋈⋈⋈⋈≺∋⊤∈⊤∈∋⊞⊤∈∋⋈⋈⋈≻⊞⋈∋⋈⊣
0x279f9878	⊢⊞⊤∈⊤∈≺⊤∈∋⊞⋈⊞⋈⋈⋈⋈⊞⋈≻⊞⊣
0x279d04e0	⊢⋈⋈⋈⊙⊤∈⋈⋈≻⋈⋈⋈⋈⊣
0x27a1e182	⊢⋈⋈⊞⋈⊤∈⋈⊞⊞⋈⊞⊤∈⊞⊞⋈⊞⊤∈⊞⊞⊞⊞⋈⋈⋈⋈⋈⊞⋈⋈⋈⋈≺⊞⋈⋈⋈≺⋈⋈≺∋∋∋⊡⊥⊞⋈⋈⊞⋈⋈⊤∈⋈⋈⋈⋈⊙∋⊞⋈⊣
0x27a1e23f	⊢⋈⋈⋈≺
0x27a3e5e0	⊢⊤∈⋈⋈⊤∈⋈⋈⋈⋈⊞⋈⋈⋈⋈⋈≺∋⋈⋈⊣⋈⋈⊤∈⋈⋈⋈⋈⋈⊣⊞⋈⋈⋈⋈⋈⋈⊞⊞⋈⊞⊞⊞⊞⋈⋈⊣
0x27a40330	⊢⋈⋈⊤∈⋈⋈⊞⊞⊞⊞⊡∈⋈⊤∈⊤∈⋈⋈⋈⊣∋⋈⋈⊞⊞⊞⊤∈⋈⋈⋈⋈⊣⊞⊞⊞∈∋⋈⋈≺∋⋈⋈⋈⋈⊣
0x27a3e4f0	⊢⋈⋈⊞⊤∈⋈⋈⋈⋈⋈⋈⊣⋈⋈⊞⊙
0x27a48220	⊢⋈⋈⋈⋈⋈⋈⋈⊞⋈⊤∈⋈⊞⊞⋈⊞⊤∈⊞⊞⋈⊞⊤∈⊞⊞⊞⊞⋈⋈⋈⋈⋈⊞⋈⋈⋈⋈≺⊞⋈⋈⋈≺⋈⋈≺∋∋∋⋈⋈⋈⊤⋈⋈⊥⊞⊞⊤⋈⊥⋈⋈⊙⊞⋈⊤∈⋈⋈⊤∈⋈≻∋⋈⋈∋⊤⊥⊞⋈⋈⋈⋈⋈⋈⊣
0x27a48350	⊢⋈⋈⋈≺
0x27a518f0	⊢⋈⋈⋈⋈⋈⋈⋈⋈⊤∈⋈⊞⊞⋈⊞⊤∈⊞⊞⋈⊞⊤∈⊞⊞⊞⊞⋈⋈⋈⋈⋈⊞⋈⋈⋈⋈≺⊞⋈⋈⋈≺⋈⋈≺∋∋∋⋈⋈⋈≻⋈⊤∈⋈⊤∈⋈≻∋⋈∋⊤⊥⊞⋈⋈⋈⋈⊣
0x27a519d0	⊢⋈⋈⋈≺
0x27a48b40	⊢⋈⋈⋈⋈⋈⋈⋈⊞⋈⊤⋈∈⋈⊞⊞⋈⊞⊤∈⊞⊞⋈⊞⊤∈⊞⊞⊞⊞⋈⋈⋈⋈⋈⊞⋈⋈⋈⋈≺⊞⋈⋈⋈≺⋈⋈≺∋∋∋⋈⋈⋈≺∈∈⋈⋈⋈⊙⊤∈⊙⋈⊤∈⊞⊞⊤∈∋⊤∈⋈≺∋⋈⋈⊤∈⋈≻∋⋈⋈⋈⊞∈⋈⋈⋈⋈≻⋈⋈≻⊞⋈⊤∈∋∋⊞≺∋⊞⋈⋈⋈⋈⋈⋈⊣
0x27a48c90	⊢⋈⋈⋈≺
0x27a48cb0	⊢⊞⊣
0x279cf243	⊢⋈⊞⊤∈⋈⋈≺⊤∈⋈⊞⊞⋈⋈≺∋∋⊤∈⋈⋈≺⊤∈⋈⊞⊞⋈⋈≺∋∋⊤⊥∈⊞∈⊤∈⊞⊣⋈⊤⋈∈∋⊥∋⊣
0x279cf2cb	⊢⋈⋈⊞⊤∈⋈⋈≺⊤∈⋈⊞⊞⋈⋈≺∋∋⊤∈⋈⋈≺⊤∈⋈⊞⊞⋈⋈≺∋∋⋈⊤∈⋈⊞⋈⊙⊤⊥⊞∋⊣
0x279d0310	⊢⋈⋈⋈≺
0x27a493d0	⊢⋈⋈⋈≺
0x27a09282	⊢⋈⋈⋈≺
0x27a1eb92	⊢⋈⋈⋈≺
0x279d0f80	⊢⋈⋈⋈≺
0x27a22be0	⊢⋈⋈⋈⋈⋈⋈⋈⋈⊤∈⋈⋈⋈⋈⋈≺∈∈⋈⋈⋈⊙⊤∈⊙⋈⊤∈⊞⊞⋈≺⊤∈∋⊤∈⋈⊞∈⋈⋈⋈⋈≻⊞⋈⊤∈∋∋∋⊞∋∋⋈⊞⋈⋈⋈⋈⋈⋈⊣
0x279d76df	⊢⋈⋈⋈⋈⋈⋈⊞⊤∈⋈⋈⋈⋈⋈⋈∈⋈⋈≻⋈⋈⊤∈⊤∈⋈≺⋈⊞∈⋈⋈⋈⋈≻⊞⋈≺⊤∈∋∋⊞∋⋈⊞⋈⋈⋈⋈⋈⋈⊣⋈⊞⋈⊞⊙
0x27a22a40	⊢⋈⋈⋈⋈⋈⋈⊞⋈⋈⋈⋈⋈⋈⋈≻⋈⋈⊤∈⋈⊞⊤∈⋈⋈⋈⋈⊤∈⋈⊙∋⊤∈⋈⊙∋⋈⊙≺∋⊞⊤∈∋⊞⋈⋈⋈⋈⋈⊣⋈⋈⋈≻⊣
0x279d7416	⊢⋈⋈≺
0x27a47330	⊢⋈⋈⊣
0x27a47340	⊢⊞⊣
0x27a47350	⊢⊣
0x27a47320	⊢⋈⋈⋈⊣
0x279bde30	⊢⊞⊤∈⊣⋈⊤⋈∈⋈≻∋≻⋈⋈⊣
0x27a589a0	⊢⋈⋈⊞⊥⊤∈⋈⊤∈⋈⊤∈∋∈⊞⊤∈⊞≺∋⋈⊞⊤⋈∈∋≺∋∋⊤∈⋈⊞⋈⊣⊣
0x27a587f0	⊢⋈⊤∈⊤∈⋈⊞⊞∈⋈⊞⊞⋈⋈⊞⋈⊣⋈⊞⊞⋈⋈⊞⋈⊣⋈⋈⊞⊞⋈⊣⋈⊞⋈⊞⋈⊞⋈⋈⋈⊞⋈⊞⊤⊥⋈⊞⋈⊞⊞⋈⋈⊞⊞⊞⊥⋈⋈⊞⋈⋈⊞⊞⊞⊞⊤⊞⊞⋈⋈⊣
0x27a58a18	⊢⊞⊞⊞⊣
0x27a589fc	⊢⊞⊞⋈⊤∈⊙∋⊞⊣
0x27a58920	⊢⊞⋈⊞⊞⊤∈⊤∈⊤∈⋈⊣∈⋈⊣⊞⋈⊞⊤∈⋈⊞⊤⊥⋈⊞⊞⊞⊞∋∋∋⊣
0x279bddc0	⊢⋈⋈⊤∈⋈⊤∈∋⊣⊙
0x279bde70	⊢⋈⋈⊞⋈⊞⊞⊞⊞∈⋈⊤∈∋⊣⊙
0x279cf350	⊢⋈⋈⋈⋈⋈⋈⊞⋈⋈⋈⋈⋈⋈⋈⋈⋈⊡∈⋈⋈⊞⊙⊤∈⋈⋈⋈⋈⊞⋈⊡∈∈⊤∈⋈⊤⋈∈∋⊤∈⋈⊙⊤∈∋⋈⋈⊞⊞⊙⋈⊤∈∋⋈≺∋⊙⋈⊤∈∋⊤∈⋈⋈⊞∈⊞⋈⊞⊙⋈⊤∈⊤∈⋈⋈⊞⊞⊙⋈⊤∈∋∋⋈⋈⊞⊙⊤∈⊤∈⊤∈⋈⊙⊤∈∋⋈⋈⊞⊞⊙⋈⊤∈∋∋∋⋈⋈⊞⊙⊤∈⊤∈⊤∈⋈⊙⊤∈∋⋈⋈⊞⊞⊙⊤∈∋∋∋∋∋⊙∋∋∋∋⋈⋈⊙⊤∈⋈⋈⋈≻⋈⋈≻≻⋈⊙⋈⋈⊞⋈⋈⋈⋈⊙⋈⋈⊙⋈⊤⊥∈⋈⋈⋈⋈⋈⊙⋈⊤∈⋈⋈⊙⋈⊤∈⋈⋈⊤∈⋈≻≺⋈⊞⊞∈∋⋈⊞⊞⋈⊞⊞≺∋⋈⊞⊤⊥⊞⋈⊞≺∋⊞⋈⋈⋈⋈⋈⋈⋈⋈⋈⋈⋈⋈⊞⊙⊤∈⋈⊤∈⋈⋈⊞≻⋈⊤∈⋈⊙⊤∈⋈⋈⋈⋈⋈≻∋⊞∋⋈⋈⋈⋈⋈⊞⊙∋⋈⋈⊞⊙⊤∈⋈⊤∈⋈⋈⊞≻⋈⊤∈⋈⊙⊤∈∋⋈⋈≻⋈⋈⋈⋈⋈≻∋∋⋈⋈⋈⋈⋈⊞⊙∋⋈⋈⋈⋈⊤∈⋈⊡∈⊤∈≻≺⋈⊡∈∋⋈∋⋈⋈≻⋈⊤∈∋⋈⋈⋈⋈⋈⋈⋈⊞≻≺∋⊙⋈⊞⊡∈⊤∈⋈≻∋⋈⋈≺∋⋈≻≺⋈⊡∈⊙≺∋⊞⊞⋈⋈⋈⋈⋈⋈⊣
0x27a21a40	⊢⋈⋈⋈⋈⋈⋈⋈⊞⋈⊤∈⋈⋈⋈⋈⋈⊙⋈⋈⋈⋈⊙⋈⊤⊞⋈⊙⋈⋈⋈⋈⊤∈⊞⋈⋈⊤∈⋈≺⋈⋈⊤∈⋈⊡∈⋈⊤⋈∈∋≺∋⋈⊞⊞⊞⊡∈⋈⋈⋈⊞⊞⊞⊞⊞⊤∈∋⊤∈⊤∈⋈≺⋈⊞⋈⋈⋈⋈⋈⋈⊡⊤∈∋∋⋈⊤∈⋈⋈≺⋈⋈⋈⊞⊙⊤∈⋈⋈⊞⊙⋈⊞⊞⊤∈∋∋⋈∋∋⊞⋈⋈⋈⋈⋈⋈⊣⋈⋈⊞⋈⊙
0x27a588c0	⊢⊞⋈⊞⊞⊤∈⋈⋈⊞⊤⋈⊥⋈⊞⊤∈⊞⊞∋∋⊣
0x27a58a50	⊢⊙
0x27a58a40	⊢⊙
0x279bdde1	⊢⊡
0x279bdde9	⊢⊡
0x279bde22	⊢⊡
0x279bde29	⊢⊡
0x279bde65	⊢⊡
0x279bde69	⊢⊡
0x279bef06	⊢⋈≺
0x279bf2e5	⊢⋈⋈⋈≺
0x279c1976	⊢⋈
0x279c1983	⊢⋈⊡
0x279cf91b	⊢≻
0x279cffc2	⊢⋈⊤∈≺
0x279d0142	⊢⋈⊤∈⋈⊙∋⋈≻
0x279d06b6	⊢⊡
0x279d06f5	⊢⊡
0x279d08c3	⊢⊡
0x279d0974	⊢⊞≺
0x279d0999	⊢⋈≺
0x279d0a3b	⊢⋈⊤⊥⊞⋈⋈⋈⋈⋈⋈⊣
0x279d0b22	⊢⊡
0x279d0ce6	⊢⊡
0x279d0d56	⊢⊡
0x279d0da7	⊢⊡
0x279d0e1a	⊢⊡
0x279d0ead	⊢⊡
0x279d106d	⊢⋈≺
0x279d1154	⊢⊞≺
0x279d1544	⊢⋈≺
0x279d1621	⊢⋈≺
0x279d1721	⊢⋈
0x279d17e7	⊢⊡
0x279d1c7b	⊢⊡
0x279d1ca8	⊢⊡
0x279d1ce3	⊢⊡
0x279d27e2	⊢⊡
0x279d283b	⊢⊡
0x279d2868	⊢⊡
0x279d28e1	⊢⊡
0x279d296b	⊢⊡
0x279d2992	⊢⊡
0x279d2a1b	⊢⊡
0x279d322e	⊢≻
0x279d38eb	⊢⊡
0x279d393c	⊢⊡
0x279d3986	⊢⋈≺
0x279d39a0	⊢⊞≺
0x279d3a0a	⊢⋈⊡⊞⊞⋈⊡∈⋈⊤∈⋈⋈⊙⊞⊤∈∋≺
0x279d3ac7	⊢⊡
0x279d4956	⊢⊡
0x279d4a07	⊢⊡
0x279d4ab7	⊢⊡
0x279d4b66	⊢⊡
0x279d4bf3	⊢⊡
0x279d55b8	⊢⊡
0x279d55dc	⊢⊡
0x279d5698	⊢⊡
0x279d60e4	⊢⊡
0x279d6187	⊢⊡
0x279d73fd	⊢⋈⊡∈⋈≻∋⋈≻
0x279d756f	⊢⋈≺
0x279d7744	⊢⊤∈≺
0x279d7761	⊢⋈⊞⋈⊤∈≺
0x279d9a62	⊢⋈⋈⋈⋈⊤∈⊞≺
0x279d9fc5	⊢⋈⋈⋈⋈⋈≻⋈⊞⊞⋈⋈⋈⋈⋈⋈⋈⋈≻⋈⋈⋈⋈⋈⋈⋈⋈⋈⋈⋈⊙⊤∈⋈⋈≺
0x279ddad8	⊢⋈⋈≻⋈≻≻
0x279eeb80	⊢⊞⊞≺
0x279eec0b	⊢⊞≺
0x279f0079	⊢≺
0x279f041b	⊢⋈⋈≻≺
0x27a041a5	⊢⋈⋈⋈≻⋈⋈⋈⋈⋈⋈⋈⋈⋈⋈≺
0x27a05a82	⊢⋈≺
0x27a05b9e	⊢⊞⋈≻⊞
0x27a07328	⊢⋈⋈≺
0x27a07f48	⊢⋈⊤∈⋈⋈⋈⋈≻∋⋈⊙⋈≻
0x27a0832c	⊢≺
0x27a08ae5	⊢≺
0x27a08b0b	⊢⋈⊤∈⋈⋈⋈⋈≺
0x27a09b35	⊢⊞
0x27a09b37	⊢⋈⋈
0x27a09b41	⊢⊞∈
0x27a09b45	⊢⋈
0x27a09b4a	⊢⊞∈∋⋈⋈
0x27a09b55	⊢⊞∈⊞⋈⋈⊣
0x27a09c1e	⊢⊞
0x27a09c22	⊢⊞∈∈⊞⊞⊡⊣
0x27a09c41	⊢⊞∈⋈⊞⊞⊤∈⋈⋈⊤∈
0x27a09c66	⊢⊞∈⊞∈
0x27a09c70	⊢⊞∈⊡⊞∈∈⊞≺
0x27a09c82	⊢⊞⊣
0x27a09c86	⊢⊞⊞
0x27a09c8a	⊢⊞⊞⊞⊤∈
0x27a09c92	⊢⊞⊞⊣
0x27a09cac	⊢⊞∈∈⊞
0x27a09cb5	⊢⊞⊞⋈⊤∈⊞≺
0x27a09cca	⊢⊞∈
0x27a09cce	⊢⊞⊞
0x27a09cd1	⊢⊞⊤⊥⊞⊞≺
0x27a09ceb	⊢⊞⊞
0x27a09cee	⊢⊤∈⊞≺
0x27a09cf9	⊢⊞⊞
0x27a09cfc	⊢⊤∈⊞⊞⊞≺
0x27a09d10	⊢⊞⊞⊡⋈⊞⊞⊞≺
0x27a09fb3	⊢⊞
0x27a09fb5	⊢⋈⋈⊞⊤∈⊤∈⊞∈⊞⊤⊥⊞⊞⊤∈∋≺
0x27a09fee	⊢⋈⊞⊞⊞∈⊞⊤⊥⊞⊞⊤∈∋⊤∈⋈⊤∈⋈⋈⋈
0x27a0a03c	⊢⊞∈
0x27a0a040	⊢∈⊡⊞⊞⊞⋈⊞⊞⊞⊞⋈⊞⊞⊞⊞⊞⊞
0x27a0a078	⊢⊞∈⊞∈⊡≺
0x27a0a0ae	⊢⊞∈
0x27a0a0b2	⊢⊞
0x27a0a0b7	⊢⊞⊞⊡⊞⊞⋈⊞⊞⊞⊞⋈⊞⊞⊞⊞⊞⊞
0x27a0a0e6	⊢⊞∈
0x27a0a0ea	⊢⊞
0x27a0a0ee	⊢∈⊡⊞⊞⊞⋈⊞⊞⊞⊞⋈⊞⊞⊞⊞⊞⊞⊞⊤∈⋈⊤∈⋈
0x27a0a144	⊢⊞∈
0x27a0a148	⊢∈⋈⋈⊞⊞⊞⋈⊞⊞⊞⊞⋈⊞⊞⊞⊞⊞⊞⊞⊤∈⊞⊤∈∈⊞⊤⊥⊞⊞⊤∈∋∋⊞≺
0x27a0a1e5	⊢⊡
0x27a0a1ea	⊢∈⋈⋈⊞⊞⊞⋈⊞⊞⊞⊞⋈⊞⊞⊞⋈⊞⊞⋈⊞⊞⊤∈⊞⊤∈∈⊞⊤⊥⊞⊞⊤∈∋∋⊞⋈⋈
0x27a0a259	⊢⊞∈
0x27a0a33b	⊢⊞⋈⋈⋈⋈⋈≺
0x27a0b834	⊢⋈⋈⊞⋈≺
0x27a0bcdb	⊢⋈⊞⋈⊞⋈≺
0x27a0bd72	⊢⋈⋈⋈⋈≻⋈⋈⋈⋈≻⋈⋈⋈
0x27a0be09	⊢⋈
0x27a0c597	⊢⊤∈⊤∈⋈≺
0x27a0c6e1	⊢⋈⋈≺
0x27a0c73e	⊢⋈≺
0x27a1a895	⊢⋈⊤∈⋈⋈≻⋈⊤∈∋⋈⋈≻⋈⊤∈⊤∈⋈⋈⊤∈⋈⋈≻⋈⊤∈∋⋈⋈≻⊤∈∋⋈⋈⊤∈⋈≺
0x27a1ac1f	⊢⋈⊤∈⋈⋈≻≺
0x27a1acd5	⊢⋈⊤⋈∈⋈⋈⊤∈⋈⋈≻⊤∈∋⋈⋈⋈≻≺
0x27a1af9d	⊢⊤∈⊤∈⊞⋈⋈⊤∈⋈⋈≻⋈⊤∈∋∋∋⋈⋈≻
0x27a1b01f	⊢⋈⋈⋈≻⋈⊤∈⋈≻⊤∈⊤∈⊤∈⋈⊤∈⋈⋈≺
0x27a1b1d6	⊢⊤∈⋈⊤∈⋈⋈≻⋈⊤∈∋∋⋈⊤∈⋈⋈≻⋈⊤∈∋⋈≻⋈⊤∈⊤∈⋈⊤∈⋈⋈≻⊤∈∋⋈⊤∈⋈≺
0x27a1b344	⊢⊤∈⋈⊤∈⋈⋈≻⋈⊤∈∋∋⋈⊤∈⋈⋈≻⋈⊤∈∋⋈≻⋈
0x27a1b450	⊢⋈⋈⊤∈⋈⋈⊤⊥⋈⋈⊞≻⋈⊤∈∋⋈⋈
0x27a1b4a8	⊢⋈⊤∈⋈⋈≺
0x27a1e81d	⊢⋈⋈⋈⋈⋈⋈⊙
0x27a20899	⊢⋈⊤∈⋈⋈≺
0x27a209e5	⊢⋈⊤∈⋈⋈≺
0x27a20ac6	⊢⋈≻⋈≺
0x27a20b20	⊢⋈⋈≻⋈≺
0x27a21af1	⊢⋈⋈≺
0x27a21b07	⊢⋈⋈⊤∈≺
0x27a21cc3	⊢⋈⋈⋈⊞≺
0x27a21d10	⊢∈⋈⋈⊞⊞⊞⊞⊞⊤∈∋⊞⊞⊞∈⋈⋈⊞⊞⊞⊞⊞⊤∈∋≺
0x27a21f62	⊢⋈⋈⋈⊞⋈⊙⋈⋈⊞⊙⋈⋈⊙⋈≺
0x27a21fc5	⊢⋈≺
0x27a2243e	⊢⋈⋈⋈⋈⋈⋈⋈≻⋈⋈≻≺
0x27a22508	⊢⋈⋈⋈⋈⋈⋈⋈≻⋈⋈≻≺
0x27a22607	⊢⋈⋈⋈≻⋈⋈≻≺
0x27a22798	⊢≺
0x27a22888	⊢⊡
0x27a22aed	⊢⋈⊤∈⋈⊙∋⋈⊙⋈≻⋈⊤∈⋈≻∋⋈≻≻
0x27a2301c	⊢⋈≺
0x27a23090	⊢≻⊣
0x27a23205	⊢⋈⊡⋈≻
0x27a2576e	⊢⋈⋈≺
0x27a27ded	⊢≺
0x27a28a3c	⊢⊡
0x27a28ca4	⊢⊡
0x27a28ec2	⊢≺
0x27a29160	⊢⋈⊤∈⋈⊙∋⋈⊙⋈⊙⋈≻⋈⊤∈⋈⊙∋⋈⊙⋈≻
0x27a298c6	⊢⋈⊤∈≺
0x27a2992b	⊢⊡
0x27a29a05	⊢⊡
0x27a2a088	⊢⊡
0x27a2a987	⊢⋈⊤∈⋈⊙∋⋈≺
0x27a2ab9b	⊢⋈⋈⊤∈⋈⊙∋⋈≻
0x27a2b02b	⊢⊡
0x27a2b2e9	⊢⋈⊤∈⋈⊙∋⋈⊙⋈≻
0x27a2b3af	⊢⋈⊤∈⋈⊙∋⋈⊙⋈≻
0x27a2bc5a	⊢⋈⊤∈⋈≺
0x27a2cf27	⊢⊤∈⋈≺
0x27a2cfd6	⊢⊤∈⋈≺
0x27a2d186	⊢⊤∈⋈≺
0x27a2e846	⊢≺
0x27a2eb9a	⊢⋈⋈≻≺
0x27a2f225	⊢⊡
0x27a2f289	⊢⊡
0x27a2f496	⊢⊡
0x27a2f5b5	⊢≺
0x27a2f653	⊢⋈⋈≻≺
0x27a2f6cb	⊢⋈⊞⋈≻⋈≻≻
0x27a2f807	⊢⊡
0x27a2f9e1	⊢⊡
0x27a2ff41	⊢⋈⊤∈⊞⋈⋈⋈⋈⋈⊞⊞⋈⊞⊞⊞⋈⊞⋈⊤∈⊤∈⊡⋈⋈⋈⋈⋈⊞⊞⊞⊞⊞⊞⊞≺
0x27a2fff0	⊢⋈⊤∈⊞⋈⋈⋈⋈⋈⋈⊞⊞⊞⊞⊞⊞⊞⋈≺
0x27a30154	⊢⊤∈⊡⋈⊞⋈≺
0x27a3023c	⊢⊡
0x27a30597	⊢⊡
0x27a30e04	⊢⋈⋈≻⋈⋈⋈⋈⋈⊡
0x27a30edc	⊢⋈⋈≻⊤∈⋈⋈≺
0x27a30f2c	⊢⋈⋈≻⋈⊤⊥⊤∈⋈⋈∋⋈⊞⋈≺
0x27a30fe3	⊢⋈⋈≻⋈⋈⋈⋈⋈≺
0x27a31696	⊢⊤∈⋈≺
0x27a31834	⊢⊤∈⋈≺
0x27a3249a	⊢⋈⋈⋈⋈≺
0x27a32643	⊢⋈⊞⋈≻⋈≻
0x27a32692	⊢⋈⊤∈⊡∈⋈⊙∋∋⋈≻
0x27a32c67	⊢⊡⋈⊞⋈⊞⋈⊞⋈⊞⊞⋈⊞⊞⋈⋈⋈⋈⊞⊤∈
0x27a32cca	⊢⋈⋈⊞⋈⊞⋈⊞≺
0x27a331c5	⊢⋈⋈≺
0x27a33236	⊢⊡
0x27a33275	⊢⋈⊤∈⋈⊞⋈⊞⋈⋈⊞∈⊞≺
0x27a333d5	⊢⋈≺
0x27a33400	⊢∈⋈⊤∈⊤∈∋⋈⋈⊞⊞⊞⊤∈⊞⊞⊞∈∋≺
0x27a3370c	⊢⊤∈⊤∈⋈⊞⊞⋈∈⊤∈⊞⊞⊞⊞⊤∈∋≺
0x27a33834	⊢⋈≺
0x27a33d07	⊢⊞⊞⊞⋈⊞⊞⊤⊥∈⋈⋈≺
0x27a33f8a	⊢⊤∈⋈⊞⊞⊞⊞∈⋈⊤∈⊤∈∋⋈⋈⋈⊞⊞⋈⊡⋈⊤∈⊞⋈⊞∈∋≺
0x27a34495	⊢⊡
0x27a34558	⊢⋈⋈⊞⊞≺
0x27a34736	⊢⊡
0x27a3475c	⊢⋈⊞⋈⊞⋈⊞⊞≺
0x27a347d9	⊢⋈⋈⊞⋈≺
0x27a3482c	⊢⊞⊞⋈⊞⊞⋈≺
0x27a348b5	⊢⊞⋈⊞⊞⋈≺
0x27a349ee	⊢⋈⊞≺
0x27a34a77	⊢⊞⋈≺
0x27a34b42	⊢⋈≻≺
0x27a34b76	⊢⋈⋈⋈≻
0x27a34b88	⊢≺
0x27a34da6	⊢⋈⋈⊞⋈⊞⋈⊞≺
0x27a35165	⊢⊡
0x27a3529b	⊢⊡
0x27a3545a	⊢⋈⋈⊞⋈⊞⋈⊞⊞≺
0x27a359f5	⊢⋈⋈≺
0x27a35b02	⊢⋈⋈≺
0x27a35c4b	⊢⊡
0x27a35cc7	⊢⊡
0x27a35d8d	⊢⊡
0x27a35eb1	⊢⋈⋈⋈⊤∈⊞⊞∈⊞⊡∈⊤∈⊞⊤∈∋≺
0x27a35f91	⊢⋈⋈⋈⊤∈⊞⊞∈⊞⊡∈⊤∈⊞⊤∈∋∋∋⋈⋈⋈⋈⊣
0x27a361ca	⊢⊡
0x27a36633	⊢⊡
0x27a36981	⊢⊡
0x27a36a72	⊢⊡
0x27a36b1b	⊢⊡
0x27a36bc4	⊢⊡
0x27a36cc4	⊢⊡
0x27a36d9a	⊢⊡
0x27a36e6a	⊢⊡
0x27a372bb	⊢⊡
0x27a3753b	⊢⊤∈⋈≺
0x27a375db	⊢⊤∈⋈≺
0x27a376f8	⊢⊤∈⋈≺
0x27a3775b	⊢⊤∈⋈≺
0x27a37aac	⊢⊡
0x27a37c8e	⊢⋈⋈⋈⊞
0x27a37e2c	⊢≺
0x27a380f9	⊢⊡
0x27a381ba	⊢⊡
0x27a38649	⊢⋈⋈⊙⊤∈≺
0x27a386fd	⊢⊤∈⋈⋈⋈⋈⋈⋈⋈⊞⊤∈⊤∈⋈⋈⋈⋈⋈⋈⊞⊞⋈⊞⊤∈⊤∈⊞⋈⋈⋈⋈⊤∈⋈⊞⋈⊞⋈≺
0x27a387b4	⊢⊤∈⋈⊞⊞⊞⊞⊡∈⋈⊤∈⊤∈∋⋈⋈⊞⊞⊞⊤∈⊞⊞⊞∈∋≺
0x27a38e70	⊢∈⊤∈⊞⊤∈∋≺
0x27a39314	⊢⋈⋈⋈⋈⊞⋈⊞⋈⊞⋈≺
0x27a3984b	⊢⋈⋈⋈⋈⊞⋈⊞⋈⊞⋈⋈≺
0x27a399db	⊢⊡
0x27a39df7	⊢⊤∈⋈⋈≻⋈⋈⋈⋈⋈⋈⋈⋈≻⊞⋈⋈⋈⊤∈⋈≺
0x27a39ee7	⊢⋈⊞⊤∈⋈⋈⊞⋈⊙
0x27a3a78d	⊢⋈⋈⋈≺
0x27a3a812	⊢⋈⊞⊞⋈⋈⋈⋈⋈⊞⋈⋈⋈⊞⋈⋈⋈≺
0x27a3aac5	⊢⊡
0x27a3ab2d	⊢⊡
0x27a3aba0	⊢⋈⊤∈⊤∈≺
0x27a3ac1b	⊢⋈⋈⊤∈⋈⋈⊞⊙
0x27a3ac60	⊢⋈⋈⊤∈⋈⋈⊞⊙
0x27a3b02e	⊢⋈⋈⊞≺
0x27a3b097	⊢⋈≺
0x27a3b0c1	⊢⋈⋈⋈≺
0x27a3b373	⊢⋈≺
0x27a3b924	⊢⊡
0x27a3bb1d	⊢⋈≺
0x27a3bb34	⊢⋈≺
0x27a3bb6d	⊢⋈≺
0x27a3bb84	⊢⋈≺
0x27a3bcdd	⊢⊡
0x27a3bcfa	⊢⊡
0x27a3be31	⊢⊡
0x27a3bff9	⊢⊡
0x27a3c056	⊢⊡
0x27a3c0d1	⊢⊡
0x27a3c126	⊢⊡
0x27a3c34b	⊢⊡
0x27a3c364	⊢⊡
0x27a3c46c	⊢⊡
0x27a3c4d3	⊢⊡
0x27a3c50d	⊢⊡
0x27a3c5a4	⊢⊡
0x27a3c5dd	⊢⊡
0x27a3c7f5	⊢⊡
0x27a3c85a	⊢⊡
0x27a3c8f9	⊢⊡
0x27a3c967	⊢⊡
0x27a3cdc2	⊢⋈⋈≺
0x27a3ce0a	⊢⋈⊞≺
0x27a3ce5c	⊢⊤∈⋈⋈⋈⊞⊞⊡∈⋈⊤∈⊤∈∋⋈⋈⊞⊞⊞⊤∈⊞⊞⊞∈∋≺
0x27a3cf33	⊢⊤∈⋈⋈⋈⋈⋈⋈⊞⊤∈≺
0x27a3d230	⊢⋈⋈⋈⋈≺
0x27a3d271	⊢⋈⊞⊞⋈≺
0x27a3d2c4	⊢⋈⊞⋈⋈⋈⋈⋈≺
0x27a3d421	⊢⊤∈⋈⋈⋈⊞⊞⊡∈⋈⊤∈⊤∈∋⋈⋈⊞⊞⊞⊤∈⊞⊞⊞∈∋≺
0x27a3d49d	⊢⋈⋈⋈⊞⋈∈⋈⊞⋈⋈⋈⋈≺
0x27a3ddc0	⊢∈⋈⊤∈⊤∈∋⋈⋈⊞⊞⊞⊤∈⊞⊞⊞∈∋≺
0x27a3e486	⊢⋈⋈⋈≺
0x27a3e511	⊢⋈⋈⊤∈⊞⋈⋈⋈⋈≺
0x27a3e790	⊢⋈⋈⊙⋈≻
0x27a3e89b	⊢⊡
0x27a3e937	⊢⊡
0x27a3eb8d	⊢⊡
0x27a3eba7	⊢⊡
0x27a3ee38	⊢⊡
0x27a3f011	⊢⊡
0x27a3f40b	⊢⊡
0x27a3f53c	⊢⊡
0x27a3f648	⊢⊡
0x27a3fa58	⊢⋈⋈≻≺
0x27a3fabb	⊢⊡
0x27a3fb65	⊢⊡
0x27a3fbe3	⊢⊡
0x27a4040b	⊢⊡
0x27a40598	⊢⋈⋈⋈⊡
0x27a40611	⊢⊞⊤∈⋈⋈⊞⊙
0x27a40663	⊢⊞⊞⊞∈⋈⋈⋈⋈⋈⋈⋈⋈≺
0x27a40a91	⊢⋈⋈⊤∈⊞⋈⋈⋈⋈⊞∈≺
0x27a40b9f	⊢⋈⋈⊤∈⊞⋈⋈⋈⋈⋈⋈⊞⊞⊞≺
0x27a40d59	⊢⊤∈⋈⋈⊤∈⊞⋈⋈⋈⋈⋈⋈⊞⊞⋈⊞⊞⊞⊞≺
0x27a40fcc	⊢⋈⋈⊤∈⊞⋈⋈⋈⋈⋈⊞⋈⊞⋈≺
0x27a41048	⊢⋈⋈⋈≺
0x27a41150	⊢⋈⋈⋈⋈⋈⋈⊣
0x27a4130e	⊢⋈⋈⋈⋈⋈⋈⋈⊣
0x27a4139d	⊢⋈≺
0x27a41410	⊢⋈⋈⋈⊞⋈⊞⋈⊞⋈≺
0x27a4145b	⊢⋈⋈⋈≺
0x27a41773	⊢⋈⋈≻⋈≻≻
0x27a41af5	⊢⋈⊡∈⊞∈⋈⋈≻⋈≺∋
0x27a41b52	⊢⊡
0x27a41bb3	⊢⋈⋈≻⊡∈⊞∈⋈⋈≻⋈≺∋
0x27a41c33	⊢⋈⊞⋈≻⋈≻
0x27a41ccb	⊢⋈⋈≻⊤∈⋈≻∋⊤∈⋈≻∋⋈⊤∈⋈⋈≻∋⋈≻≻
0x27a42366	⊢⋈⊡∈⊞∈⋈⋈≻⋈≺∋
0x27a423d7	⊢⊡
0x27a42439	⊢⋈⋈≻⊡∈⊞∈⋈⋈≻⋈≺∋
0x27a42805	⊢⋈⋈≻≺
0x27a4298a	⊢⊡
0x27a42df3	⊢⊡
0x27a43141	⊢⊡
0x27a43232	⊢⊡
0x27a432db	⊢⊡
0x27a43384	⊢⊡
0x27a43484	⊢⊡
0x27a4355a	⊢⊡
0x27a4362a	⊢⊡
0x27a4398d	⊢⊡
0x27a43d98	⊢⊡
0x27a440d6	⊢⊡
0x27a44172	⊢⊡
0x27a442d3	⊢⊡
0x27a44542	⊢⊡
0x27a445e6	⊢⊡
0x27a44688	⊢⊡
0x27a44cd1	⊢⊡
0x27a44d26	⊢⊡
0x27a44e6a	⊢⊡
0x27a44e8d	⊢⊡
0x27a44ec9	⊢⊡
0x27a45379	⊢⊡
0x27a453b6	⊢⊡
0x27a453e4	⊢⊡
0x27a45405	⊢⊡
0x27a45593	⊢⋈⊤∈⋈⋈⋈⋈⊙⊤∈⋈⊤∈⋈⋈≺
0x27a455d0	⊢⋈⊤⊥≺
0x27a45ca9	⊢⊡
0x27a45f93	⊢⊡
0x27a460a3	⊢⊡
0x27a46401	⊢⊡
0x27a46502	⊢⊡
0x27a466b2	⊢⋈⊞⋈⋈⋈⊙⋈≻
0x27a466eb	⊢⊡
0x27a46931	⊢⋈⋈⊤∈⋈⊙∋⋈≻
0x27a46aee	⊢⋈⊤∈≺
0x27a46b72	⊢⋈⋈⋈⋈⋈⋈⋈⊤∈⋈⊙∋⊤∈⋈⊙∋⋈⊙≺
0x27a46be6	⊢⋈⊤∈⋈⊙≺
0x27a46ce7	⊢⋈⊣
0x27a46d47	⊢⋈⊣
0x27a46dc1	⊢⊡
0x27a470bd	⊢⋈⊤∈⋈⊙∋⋈⊙⋈≻
0x27a475ac	⊢⋈⊡⋈≻
0x27a47eb7	⊢⊡
0x27a47f92	⊢⋈⋈⊞⊤∈⋈⊙∋⋈≻
0x27a48206	⊢⋈⋈⋈≻
0x27a48330	⊢⋈⋈⋈≻
0x27a48730	⊢≻
0x27a48920	⊢⋈⋈⊡⊞⋈⊞⊞∈∈⋈≻∋⋈≻≺∋
0x27a48a9d	⊢⊡
0x27a4915c	⊢⋈⊤∈⋈≺
0x27a49201	⊢⋈⊤∈⋈⊙∋⋈≻
0x27a4955a	⊢⋈⊤∈⋈⊙∋⋈⊙⋈≻
0x27a4961e	⊢⋈⋈≻≺
0x27a4968a	⊢⋈⋈⋈⋈⊙⋈⋈⋈⋈⋈⋈⋈⋈⋈≻⋈⋈⋈⋈⋈≻⋈≻≺
0x27a49c49	⊢⊡
0x27a49f6c	⊢⋈⊤∈⋈⊙∋⋈≻
0x27a4a02c	⊢≺
0x27a4a0cb	⊢⋈⊤∈⋈⊙∋⋈⊙⋈≻
0x27a4a132	⊢⋈⊤∈⋈⊙∋⋈≻
0x27a4a449	⊢⋈⋈≻⋈≺
0x27a4a60c	⊢⊡
0x27a4a878	⊢⋈≺
0x27a4ac11	⊢⊡
0x27a4ace8	⊢⊡
0x27a4afd3	⊢⋈⋈⊤⊥⊤⊥⊞∈⊙∋⋈≻
0x27a4b8b9	⊢⊡
0x27a4c34e	⊢≺
0x27a4c361	⊢⋈⊤∈⊤⋈∈≺
0x27a4c428	⊢⋈⋈⋈⋈⊞⋈⋈⋈⋈≺
0x27a4c776	⊢⋈⊤⊥⊤⊥⊞∈⋈⊙∋⋈⊙⋈≻
0x27a4c9c5	⊢⋈≺
0x27a4ca3a	⊢⊡
0x27a4cb32	⊢⊞⊞⋈⊡∈
0x27a4cb56	⊢⊤∈⊞⋈⊡∈∋⋈⋈∈⋈⊤∈⊤⋈⊥⋈⋈⋈⋈⋈⊞⊞⊙⊤∈⊙⊤∈∋∋∋⋈⋈⊞⋈⊞⋈⊞⋈⊙
0x27a4ce98	⊢⋈⋈⋈⋈⋈⊡≺
0x27a4d001	⊢⋈⊤∈⋈⊙∋⋈⊙≺
0x27a4d07d	⊢⊤∈⊡
0x27a4d0d2	⊢⊡
0x27a4d124	⊢⊤∈⋈⋈⋈⋈⋈⊤∈⋈⊙∋⊤∈⋈⊙∋⋈⊙≺
0x27a4d209	⊢⋈⊤∈⋈⊙∋⋈⊙⋈⋈≻⋈≻≻
0x27a4d74b	⊢≺
0x27a4d8f1	⊢⊞⊞≺
0x27a4d99e	⊢⊞≺
0x27a4db0f	⊢≺
0x27a4db2e	⊢≻≻
0x27a4db9a	⊢⊡
0x27a4dbfe	⊢⋈⊤∈⋈⊙∋⊤∈⊡∈⋈≻∋∋⋈≻≻
0x27a4dcb4	⊢⋈≺
0x27a4dd47	⊢⋈⊤∈⋈⊙∋⋈≻
0x27a4dd96	⊢⊡
0x27a4dddd	⊢⋈⊤∈⋈⊙∋∈⊞∈⋈⋈⋈≻⋈≺∋
0x27a4de61	⊢⋈⊤∈⋈⊙∋⋈≻
0x27a4dec2	⊢⋈⊤∈⋈⊙∋⋈≻
0x27a4dfcd	⊢⊡
0x27a4e0a5	⊢⊡
0x27a4e11d	⊢⋈⊤∈⋈⊙∋⋈≻
0x27a4e155	⊢⋈⋈⋈⊣
0x27a4e1a5	⊢⋈⋈⊣
0x27a4e4c5	⊢≺
0x27a4eb92	⊢⋈⋈≺
0x27a4ecee	⊢⋈⋈⊙⋈≻
0x27a4ee22	⊢⊡
0x27a4ef59	⊢⊡
0x27a4fae6	⊢⋈⊤∈⋈⊙∋⊤∈≺
0x27a4fb14	⊢⋈⊤∈⋈⊙∋⋈⋈⊤∈≺
0x27a4fe63	⊢⊡
0x27a50273	⊢⋈⋈≻⋈≻
0x27a50fc0	⊢⋈⊤∈⋈⊙∋⊤∈⋈⊙∋⋈⊙⋈≻
0x27a5127b	⊢⋈⊤⋈∈⊙∋⊤∈⋈⊙≺
0x27a512eb	⊢⊡
0x27a513c3	⊢⊡
0x27a516eb	⊢⊡
0x27a51787	⊢⊡
0x27a518d7	⊢⋈⋈≻
0x27a519bd	⊢⋈⋈≻
0x27a51d2c	⊢⋈⊤∈⋈⊙∋⋈⊙≺
0x27a51dbe	⊢⋈⋈⊤∈⊡∈⋈≻∋∋⋈≻≻
0x27a51e43	⊢⋈⋈≻⋈≻≻
0x27a589cc	⊢⊡
0x27a58a30	⊢⋈⊙
0x27a58a46	⊢⋈≺
0x27a58a56	⊢⋈≺
