0xab4e900	⊢⊞⊞⋈⋈⋈⊞⋈⋈⊞⊞⋈⊙⊣
0xabd6054	⊢⋈⋈⋈⋈⋈⊞⊞⊤∈⊞⊞⊞⊞⊞⊞⋈⋈⊞⋈⊞⊞⊞⋈⋈⊞⊞⋈⋈⊞⋈⋈⋈⊞⋈⋈⊡⋈⋈⊞⊞∈⊞⊞⊞∋⋈⊞⋈⊞⋈⋈⊞⊞⊞⋈⊞⋈⋈⋈⊞⊞⊞⋈⊞⊞⊞⋈⊞⋈⊞⋈⊞⊥⊞⊥⊞⋈⋈⊞⋈⋈⊞⊞⋈⊞⊞⊞⊤⊥⊞⊞⊞⊞⊞⊞⋈⋈⊞⊞⋈⊞⋈⊞⊞⊞⋈⋈⊞⊞⋈⋈⊞⋈⋈⋈⊞⋈⋈⊡⋈⋈⊞⊞∈⊞⊞⊞∋⋈⊞⋈⊞⋈⋈⊞⊞⊞⋈⊞⋈⋈⋈⊞⊞⊞⋈⊞⊞⋈⊞⊞⊞⊤⊥⊞⊥⊞⋈⋈⊞⋈⊞⊞⋈⊤⋈⋈⊥⊞≺∋⊞⋈⋈⋈⋈⊞⋈⋈⋈⋈⊣
0xab8f7d0	⊢⋈⋈⋈⋈⋈⋈⊞⋈⋈⋈⋈⊤∈⋈⋈⊞⋈⋈⋈⋈⋈⋈≺⊤∈⋈⊤∈⋈⊤⋈⊥⋈⋈⋈⊤∈⋈⊤∈⋈⊞⊞∋⊞⋈⋈⋈≺∋⊤∈⋈⋈⊤⋈⊥⋈⋈⊞⋈⋈⊤∈∋⋈⊞⊞≻∋⋈⋈⋈⋈⋈⋈⋈⊤∈⋈⊞⋈⋈⋈⊤∈⋈≻⋈⋈⋈⋈⋈⋈⋈⋈⋈⊞⊞⋈⋈⊞⊤∈⋈⋈⋈⋈≻⋈≺∋⊤∈⋈⋈⊞∈⋈⋈⊞⊤∈∋⊞∋⋈⊞⋈⋈⋈⋈⊣⋈⊞⊞⊤⊞⋈⋈⊞⊤∈⋈⋈⋈⋈≻≺∋⋈⋈⋈⋈∈⊤⋈⊥⋈⊤∈⋈⊞⊞∋⋈⊞⋈⊞⊤∈∋≺∋⋈⊞⋈⋈⋈⋈⊣⋈⊤∈⋈⊞⊞∋⊤∈⊞⊞⊞⊤⊞≺∋⊞⋈⊥⋈⋈⊞⊥⊤⊥⊞∈⊞∈⋈⋈≻∋⋈⋈⋈≻⊤∈∋⋈⋈⋈⋈⋈⋈⋈⋈⋈≻⋈⋈⋈⋈∋∋⊞⋈⋈⋈⋈⋈⋈⊣
0xabc9ec0	⊢⋈⋈⊤∈⊞⋈⋈⋈⊞⋈⋈≺∈⋈⋈⊤∈⋈⊞⋈⊞⊤∈⋈⊞⊞⋈≺⋈⊞⊞⊞⊤∈⋈⊞⊞⋈⊡⋈⋈⊞⊞⊞⊞⊞⊞≺⋈≺∋∋∋⋈⊤∈⊤∈⊤∈⋈⊞⊤∈⊤∈⋈⋈⊞⊤∈⊤⊥≺⊤∈⋈⋈≺⊤∈⊤⊥≺∋∋∋⊤∈⊡∋∋⊞⊞⊤∈∋⋈∋∋∋∋⋈⋈≺∋⊞⊞⊣
0xab4e9e9	⊢⋈⋈⋈⋈⋈⋈⋈⊤∈⋈⋈⊞⋈⋈⋈⋈⊙⋈⋈⋈⋈≻⋈⋈⋈⋈≻⋈⋈⋈⋈⊞⋈⋈⋈⋈⊣
0xab86ee0	⊢⋈⊞⋈⊞⊤∈⋈⋈⊡⋈⋈⋈⊞⋈⋈⋈⋈⋈≻⊤∈⋈⋈⋈⋈⋈≻⊤∈⋈⋈⋈⊣⋈⋈⋈⋈⋈⋈⊞⋈⋈⋈⋈⊞⋈⋈⋈⋈⋈∈⋈⋈⋈⋈⋈⋈⋈⊤∈⋈⋈⋈⋈≺⋈⊞⋈⊞⋈⋈⋈⋈⋈⋈≻⋈⋈⊤⋈⊥⋈⊤⋈⊥⊤∈⋈⋈⋈⋈⋈⋈⋈≻⋈⋈⋈⋈⋈⋈⋈⋈⋈≻⋈≺∋⋈⊤∈⋈⋈⋈⋈≻∋⋈⋈⋈∋⊞⋈⋈⋈⋈⊤∈∋⋈⋈⋈⋈⋈⊞⋈⋈⋈⋈⋈⋈⊣⋈⋈⋈⋈⋈⋈≺∋⊞⋈⊣
0xab4ea67	⊢⋈⊞⋈⊞⊤∈⋈⋈⋈⋈⊞⋈⋈⊞⋈⋈⋈⋈⋈⋈⋈⋈⋈≻⊤∈⋈⋈⋈⋈⋈≻⋈⋈⋈⋈⋈⋈⊞⋈⋈⋈⋈⊞∈⋈⋈⋈⋈⊞⋈⊞⊞⊤⊥⋈⊞⊤∈⋈⋈⋈⊤∈⋈⋈⋈⋈⊞⋈⊞⊤⊞⊡⋈∈⊞⊡⊞⊡⊞⊞∈∋⋈⋈⊤⋈⋈⊥⊤⊥⊞⋈⊙⋈⊞⋈⊞⋈∈⋈⋈⊤∈⋈⋈⋈⋈⊞⋈⊞⋈⋈∈⋈⋈⋈⋈≻⋈⋈⊞⊡⊞⋈⊤∈⋈⋈∈⊞⊞⊡⊞⊞⊤∈∋≺∋⊞⊞⊞⊤∈⊡⊞⊞≺∋⋈⊞⋈⊞⊞⊞⊤∈⊞⋈⊞⋈⋈⋈⋈⋈⊞⋈⊞⋈⋈⊤∈⋈⊞⋈⊞⋈⋈⋈⋈⋈⊡⊡≺∋⋈⊞∋⊤⋈⊞⊞⊤∈∋≺∋⋈⋈⊞⋈⋈≺⊞⊞⋈∈⋈⋈⋈⋈⊞∈∋≺∋⊞⊤⊥⊤∈⋈⊞∈∋⋈⋈⋈≻⋈⋈⋈⋈⋈⋈⊞⋈⋈⋈⋈⊙⊤∈⋈⋈≻⋈⋈⋈⋈⋈⋈⋈⋈⊤∈⊞∈⋈⋈≻∋⋈⋈∈⋈⊞⋈⋈⋈≻⋈⋈⊤∈∋≺∋⋈⋈⋈⊙⋈⋈⋈⋈⊞⋈⋈⋈⋈⋈⋈⊣⋈⋈⋈⋈⋈⋈⋈≻⊤∈⋈⋈⋈≻⋈⊞⋈⋈⋈⋈∈⊤∈⋈⋈⋈≻∋⋈⋈⋈≻⊞⋈⊞∈∋⋈⋈⋈≻⋈≺∋⋈⋈⋈⊞∈⋈⋈⋈≺∋⋈⋈⊞⋈⋈⋈⋈⋈⋈⊣⊞⋈⋈⊞⊞⊞⊞⊞⊞⊞⊞⋈⊞⊞⋈⊞⊞⊤⋈⊥≺∋⋈⋈⋈≻⋈⋈⊤∈⋈⋈⋈⋈⋈⋈⊙⋈⋈⋈⋈⋈⋈⊤∈⊞⋈⋈⋈⊡⊞⊞⋈⋈⋈⋈⊞⋈⋈∈⊤∈∈⊡⊞⊞⊞⊤∈∋⊞∋⊞⊞⋈⊞⋈⋈⋈⋈⋈⋈≻⋈⋈⊞⊡⊞⊤∈⋈∈⊞⊞⊡⊞⊞⊤∈∋≺∋⊞⊞⊞⊤∈⊡⊞⊞≺∋⋈⊞⊞⊞⋈⊞⋈⋈⊞⋈⊞⋈⊞⊞⋈⋈⊞⋈⋈⊡⊡⋈⊤∈∋≺⋈⋈⋈≺∋⊞⋈⋈⊞∈⋈⋈⋈⋈⊞⊤∈∋⋈⊤∈⋈⋈⊞⊞⊤∈⋈⊞⊙∋∋⋈∋∋⋈⊞⋈⋈⋈⋈⋈⋈⊣⋈⋈⋈⋈⋈≻⋈≺∋⋈⊞⋈⊣
0xabcf976	⊢⋈⊤∈⋈⋈⊞⋈⋈⋈⋈⋈⋈⋈⋈⋈⋈⋈⋈≻⊞⋈⊣⊣
0xabcf012	⊢⋈⊤∈⋈⋈⊞⋈⋈⋈⋈⋈⋈⋈⋈⋈⋈⋈⋈⋈≻⊞⋈⊣⊣
0xabcfab0	⊢⋈⋈⋈⊞⊡⋈⊤∈⋈⋈⋈⋈⋈⋈⋈⋈⋈⋈⋈⋈≻≺∋⋈⊞⋈⋈⊣
0xabc4b40	⊢⊤∈⋈⋈⋈⊞≻⋈⋈⋈≻⋈⋈⋈⊣
0xabc4b80	⊢⋈⋈⋈⊤∈⊤∈⋈⋈⋈≻⋈⋈⋈≻⋈⊣⋈⋈⋈⋈⋈⋈⋈⊣
0xabbafa0	⊢⋈⋈⋈⋈⋈⋈⋈⊞⋈⋈⋈⋈⋈⋈⋈⋈⋈⊞⊤⊥⋈⊞⋈⊞⋈⊞⊥⋈⊞⊥⊤⋈∈⋈⊞⊞⋈≺⋈⋈⋈⋈⋈⋈⋈⋈⋈⋈⋈⋈⊞⋈⋈⋈⋈⋈⊞⋈⊞⊞⊞⋈⊞⊞⊞⊞⊡∈⋈⊤∈⊤∈⋈∋⋈⋈⊞⊞⊞⊤∈⊞⊞⋈⋈⊤∈⋈⊤∈⋈⊤∈⋈∈⋈⋈⊞⋈⊡∈⊤∈⋈⊤⊥⊞⊞⊞⊤∈∋⋈⊤∈⊞⊞⊤∈≺≺∋⊞∈∋⊞⊞⊞⋈≺⋈≺∋⊞⊞⊤∈∋⋈∋∋≻⊤∈⋈⋈⋈⊞⋈⋈⋈⋈⋈⋈⊞⋈⋈≺∈⋈⋈⋈⋈⋈⋈⋈≻⊤∈⋈⋈⋈⊤∈⊤∈⊤∈⋈⋈⋈≻⋈⋈⋈⋈⋈⋈≻⊤⋈⊥⋈⋈⊥⋈⋈⋈≺⊤∈⊤∈∋⊤∈⋈⋈≻⋈⋈⋈⋈⋈⋈⋈⋈≻⊞⋈⋈⋈⊤∈⋈≺∋⋈⊞⋈⊞⋈⊞⋈⋈≺⋈≺⊤∈⊤∈∋⋈⋈⋈≻⋈⋈⋈⋈⋈≻⊤∈⋈⋈⋈⋈≺∋⋈∋∋∋∋∋∋⊞⊤∈∋∋⋈⋈⋈⋈⋈⋈⋈⋈⊞⋈⋈⋈⋈⋈⋈⋈⋈⋈⋈⋈⋈⊞⊞≻⋈⊤∈⋈⋈⋈⋈⋈⊤∈⋈⊙∋⊞⊤∈⋈⊙∋⊞⊞⋈≺⋈⊤∈⋈⊤∈≻≺⊞⊞⊞∈∋⋈≺∋⊞⊞⋈∋⊞∋∋∋∈⊞⋈⊞⊞⋈⊞⊤∈⊞⋈⋈⋈⋈⋈⋈⋈⋈⋈⋈⋈⋈≻⋈⋈⋈≻∋⋈≻∋≻≺∋∋⋈⋈⋈⊤∈⋈⋈≺⊤∈⋈⋈⊙⋈⊞⋈⋈⋈⊞⋈⋈⋈⋈≻⋈⊤∈∋∋⋈⋈⋈⊤∈⋈≺⊤∈⋈⋈⊙⋈⋈⊞⋈⊞⋈⋈⋈⋈≻⋈⋈⊤∈∋∋⋈⊞⋈⊞≺∋⋈⋈≻⋈⋈≻≺∋⊣⋈⋈⋈⋈⋈⋈⋈⋈⋈⋈⋈⋈⊞⋈⋈⋈⋈⋈⋈⊣
0xabba180	⊢⋈⋈⋈⋈⋈⋈⋈⊞⋈⋈⋈⋈⋈⋈⋈⋈⊞⋈⋈⋈⋈⋈⋈⋈⊤⋈∈⋈⋈⋈⋈⊞⋈⋈⊞⋈⋈⊞⋈⊞⊞⊤⋈⊥⊥⊤⋈⋈⊥⋈⋈⋈⋈⊞⋈⋈⋈⊞⋈⋈⋈⋈⋈⊞⋈⋈⋈⋈⋈⋈⋈⋈⋈⋈⋈⋈⋈⋈⋈⋈⊞∈⋈⋈⊞⊤⊥⋈⋈⊞⋈⊞⊞⊞⋈⋈⊞⊞∈⋈⊤∈⊤∈⊞⋈⋈⋈≺∋⋈⋈⊞⊞⊞⊤∈⋈⋈⊤∈⊡≺⋈⋈⊤∈⋈⋈⋈⊤∈⋈∈⋈⋈⊞⋈⊡∈⊤∈⋈⊤⊥⊞⊞⊞⊤∈∋⋈⊤∈∋⊞∈⋈≺∋≺⊞⊞⊤∈≺⊞⊞⊤∈∋⊡∋∋⊤∈≻⋈⋈⋈⋈⋈⋈≻⋈⊤∈⋈⋈⊞⋈⊞⊞⋈⋈⊞⊞⋈≺≻⋈⋈⊤∈⊞⊞⋈⋈⋈⋈≺∈⋈⋈⋈⋈⋈⋈⋈⋈≻⊤∈⋈⋈⋈⊞⋈⋈⊞≺⋈⊤∈⋈⋈≻⋈⋈⊤∈⊞≺⊤∈⋈⋈⋈⊤∈⋈≺⊞⋈⊞∈⋈≺⊞⊤∈⊤∈⋈⊤∈∋⋈⋈⋈⋈⊞⊞⋈⊞⊞⊞⊞≺∋⊞∋⋈⋈≺∋⋈⊤∈⋈⋈≻⋈⊤∈⋈⋈⋈⋈≺⊤∈⋈⋈⋈⋈≺⊤∈⋈⊤∈⋈⋈⊞⋈⊞∈⋈⊤∈⋈⋈⋈⋈≺⋈⊞⋈⋈⊞⊙⊤∈⋈⋈≻⋈⊤∈⋈⋈⋈≺⋈≺⊤∈∋∋∋∋∋∋⊞⊤∈∋⊤∈⋈⋈⊞⊤⋈∈⊞⊤∈⋈⋈⊤∈⋈⊤∈⋈≻⋈⋈⋈⊤∈⋈⊤∈⋈≻⋈⋈⋈≺∋∋∋⋈⋈⋈⋈⋈⋈⋈⊞⋈⋈≺⋈⋈⋈⋈⋈⊞∈∋∋∋⋈⋈∋∋⊞⋈≺⊞⋈⋈⋈⋈⋈⋈⋈⋈⋈⋈⋈⋈⋈⋈⋈⋈⋈∈∈⋈⋈≻⋈⋈⋈⋈⊤∈⋈⋈⊞⊤∈≺⋈⋈⊞≺⊤∈⋈∋⊤∈∋⋈⋈⊤∈⋈≻∋⋈⋈⋈⋈⋈⋈⋈⋈⋈⋈⋈⋈⊞⋈≺∋∋∋∋∋∋∋⋈⊤∈∋≺⋈⊤∈⋈⊤∈⋈⋈⋈⋈⋈≺∈⋈⋈⊤∈⋈⋈⋈∈⋈⋈⋈⋈⊤∈⋈⋈⊤⋈∈∋⊞≺∋⋈⋈⋈∋⋈⊞⋈⊤∈∋⊤∈∋⋈⊤∈⋈≻⋈⋈∋⋈⋈⋈⋈⋈⋈⋈⊞⋈⋈⋈⋈≺∋⋈⊤∈∋⋈≺⋈⋈⊞⋈⊞∈∋⋈∋⋈⋈≺⋈⊤∈⋈⋈⋈⋈≺∋∋⊞⋈≺⋈⊞⋈⋈⊞⊙⊞⊞⊞∈∋≺⊞⋈⋈⊞⋈⋈∋∋∋∋∋∋⊤∈⋈⊙∋⋈⋈⊤∈⋈⋈⋈≺∈⊤∈⋈⊤∈⊤∈⊙∋⊤∈⋈⊙≺∋∋∋⊞⊞∈∋∋⊤∈⋈⊙∋⊞⋈⋈⋈≺∈⊞⋈⊞⊞⋈⊞⊤∈⊞⋈⋈⋈⋈⋈⋈≻⋈⋈⋈≻∋≻≺∋∋∋⋈⋈⋈⊤∈⊤∈⋈⊙⋈⊞⋈⋈⋈⋈⋈⋈≻⋈⊤∈∋∋⋈⋈⋈⋈⊤∈⋈≺⊤∈⋈⊙⋈⊞⋈⋈⋈⋈⋈⋈≻⋈⊤∈∋∋⋈⋈⊞⋈⊞⋈∋⋈⋈≻⋈⋈≻≺∋⊣⋈⋈⋈⋈⋈⋈⊞⋈⋈⋈⋈⋈⋈⊣
0xabb5c30	⊢⋈⋈⋈⋈⋈⋈⋈⊞⋈⋈⋈⋈⋈⋈⋈⋈⋈⋈⋈⋈⋈⋈⋈⋈⋈⋈⋈⋈⋈⊤∈⋈⋈≻⋈⊤∈⋈⋈≻∋⋈∋⋈⋈⋈⊙⋈⋈⊤⋈⋈⋈∈⋈⋈⋈⋈⋈⋈⋈≻⋈⊤∈⊞⋈⋈≺⊤∈⋈≺∋⋈⋈⋈⊤∈⋈⋈⋈≻⋈⊤∈∋⋈⋈⋈⊙⋈⋈⊤⋈⋈∈⋈⋈⊞⋈⋈≻⊤∈⋈⋈≻≺⋈⊞⊞∈⊤∈⋈⋈≻⋈⋈⋈⋈⋈⋈⋈⋈⋈⋈⋈⋈⊞⊞∈∋∋⋈≺∋⋈⋈⋈⋈⋈⋈⊤∈⋈⋈⋈⋈≻⋈⋈⋈⋈⋈⋈⋈⋈⋈⋈⋈⋈⋈⋈∋⋈⋈⋈⋈⋈⋈⋈⋈⋈⋈⋈⋈⋈⋈⋈⋈⋈⋈⋈⋈⋈⋈⋈⋈⋈⋈⋈⋈⋈⋈⋈⋈⋈⋈⋈⋈⋈⋈⋈⋈⋈⋈⋈⋈⋈⋈⋈⋈⋈⋈⋈⋈⋈⋈⋈⋈⋈⊞⋈⋈⋈⋈⋈⋈⋈⋈⋈⋈⋈⋈⋈⊞⊞⋈⊤∈⋈⋈⊞⋈⋈⋈⋈⋈⋈⋈∋⋈⋈⋈⋈⊤∈⊞⋈⋈⋈⋈∈⋈⋈⋈⋈⋈⋈⊤∈⊤∈⋈⊞⊞⊞⊡∈⋈⋈⊤∈⊤∈⊞⊞∋⋈⋈⊞⊞⋈⊞⊤∈⊞∈⋈⋈⋈⊤∈∋⊞⋈⊞⊞⋈≺⋈⋈⋈⋈⋈⊤∈⋈⊞⋈⋈⊞⋈⋈⊞⋈⋈⊞⋈⋈⋈⋈⋈≺⋈⋈⊞⊙⊞⋈⊞∈∋≺⋈⋈⊤∈⋈⋈⋈⊞⊤⋈∈⋈⋈⋈⋈⊤⋈∈⋈⋈⋈≺⊞⊤∈⊞⋈⊞⊞⋈≺⋈⊤∈⋈⋈⋈≺⊤⋈∈⋈⋈⋈∈⊤∈⋈⋈⋈⋈⊞⊞⊞⊞⊞∈⋈⋈⊤∈⊤∈⋈⊞⊞⋈⋈≺∋⋈⋈⋈⊞⊞⊞⊤∈⋈⋈⋈⋈⋈⋈⊤⋈⋈∈∋⊞⊤∈⋈⋈⋈⋈⋈≺⋈⊞⋈⋈⊞⋈⋈⊞⋈⋈⊞⋈⋈⋈⋈⋈⋈≺⊞⋈⊞⊞⋈∈∋≺⋈⊞⋈⋈∋⊞⋈⊞⊞⋈≺⊤∈⋈⋈⊞⊞⊞∈⋈⊤∈⊤∈⋈⊞⊞⋈⋈≺∋⋈⋈⊞⊞⊞⊤∈⋈⋈⋈⊞⋈⋈⊞⋈⋈⊞⋈⋈⋈⋈≺∋∋∋∋⋈⋈⊞⊞⋈⋈⊤∈⋈⊤∈⋈≻∋⋈⊞⋈⊞⋈⊞⋈⋈⊞⋈⊞⊞⊞⋈⋈⋈⋈⋈⋈⋈⋈⋈⋈⋈⋈⋈⋈⋈⊞⋈⋈⊞⋈⊤∈∋≺∋⋈⊤∈⋈⊤∈≻≺≻≺∋∋⋈⋈⋈⊤∈⊤∈⋈⊤∈∋⋈≻⋈⊞⊞⋈≺∋⋈⋈⋈⋈≻⋈⋈⋈⋈⋈⋈⊤∈⋈≻⋈≺∋⋈⋈⋈⋈⋈⋈⋈⋈⊞≺∈⊤∈⊤∈⊞⊞≺⊤∈⊤⋈∈⋈⊤∈⊞⋈⊤∈∋⋈⋈⊤∈⋈≺⊤∈∋⋈⊙⋈∋⊞⊞⋈⋈⋈⋈⋈⋈⋈≻⋈⊤∈∋∋⋈⋈⋈⋈⊤∈⊤∈⋈⊙⋈⋈⊞⋈⊞⋈⋈⋈≻⋈⊤∈∋∋⊤∈⋈⊙∋⊤∈⋈⊙∋⊤∈⋈⊙∋⊤∈⋈⊙∋⊤∈⋈⊙≺⋈⋈≻≺⋈⋈≻≺⋈⊞≺∋∋⋈⋈⋈⋈≻⋈⋈⋈⋈⋈⊤∈⋈⊤⋈∈⋈⋈⋈⋈≺∈⊤∈⋈⊙≺∋⊞⊞∈∋⋈⋈≺∋∋⊤∈⊙≺⊤⋈∈⋈≻≺⋈⋈⋈∋⋈⋈⋈⋈⋈⊞⋈⊞⊞⋈∋⋈⋈⋈⊞⊙⊞⊞⊞∈∋≺∋⊞⋈⋈⋈∋∋⊞⋈⊞⊞⋈≺∋∋∋∋∋∋∋∋⋈⊞⊞⊞⊞⊞⊞⋈⋈∋∋⊤∈⋈⊙∋⊤∈⋈⊙∋⊤∈⋈⊙∋⊤∈⋈⊙∋⊤∈⋈⊙∋⋈⋈⊤∈⋈⋈≺∈⊤∈⋈⊙≺∋⊞⊞∈∋∋⊤∈⋈⊙∋⊞∋∋⋈⊤∈⊞⋈⋈⋈⋈⋈⋈⋈≻⋈⋈⋈≻∋⋈⋈≻≺⋈⋈⋈⋈⋈⋈⋈⊞⋈⋈⋈⋈⋈⋈⊣⋈⋈⊞⊙⋈⋈≻≺⋈⋈⊞⊙
0xaba12ce	⊢⋈⋈⋈⋈⊤∈⋈⋈≻⋈⋈⊙⋈≺⋈∋⊞⋈⋈⊣
0xaba6305	⊢⋈⋈⋈⋈⋈⋈⋈⊞⋈⊞⋈⋈⋈⊞⊤⋈⋈⋈⋈∈⊡⋈⊡⋈⋈⊡⊡⋈⋈⋈⋈⋈⋈⋈⋈⋈⋈⋈≻⊤∈⋈⋈⋈≻⊤∈⋈⊡⋈⊡⋈⋈⋈⋈⋈≻⋈⊤⋈∈⊤∈⋈⋈≺⋈⋈⊞⋈⊡⋈⊙⊤∈⊙⋈⊞⊞∋⋈⊞⊤∈⋈⋈⋈⋈⊤∈⋈⊙∋⊤∈⋈⊙∋⋈⊙⋈⋈≺∋⋈⋈⋈⊞⊙⊤∈⊙≺∋∋⋈⋈⋈⊞⊞⊞⊥⊤∈⊤⋈⋈⊥⋈⋈⋈⋈⊞⋈≻⊤∈⋈⋈⋈⋈⊤∈⋈⋈≺⋈≺⋈∋⋈⋈⊞⋈⊞⊞⊤⋈⊥⊤⊥⋈⊤∈⋈⋈≺∋⊞⊤∈⋈⊞⋈≺⋈⋈≻⋈⊤∈⊤∈⊞⋈⋈⋈∋⊞⋈⋈≺∋∋⋈⋈⋈⋈∈∈∈∈∈⊤∈⊤∈⋈⋈≻⋈⊤∈⊤⋈∈⋈∋∋⋈⊤∈⋈⋈⊤⊥⋈⋈⋈⋈⋈⋈≻⊤∈⋈≺∋∋⋈≺⋈⋈⋈⋈≺∋⊞⋈⋈⊞⋈⊤⊥⋈⊤⊥∈⋈⋈⋈⊙⊤∈⋈⊤⊥⊞⋈⊤∈∋∋⊞≺⋈⊞⋈⋈⊞⊤⋈⊥⋈⊤⋈⋈⋈∈∋⊤⋈⋈⋈⋈⊥⊤⊥⋈⊤∈∋⋈⊤∈∋⋈⋈⊤∈∋⋈⋈⋈≺∋⊙⋈⊤∈∋≺⊞⊞⋈⋈⋈∋∋⋈⋈⋈⋈⋈⋈≻⊤∈⋈⊤⋈∈⋈⊡⋈⋈⋈⊡⋈⋈⋈⋈⊡⋈⋈⋈⋈⋈⊞⋈⊞∈⋈≻⊤∈⊤∈⋈⋈⋈⊞⊥⊞⊤∈⊞⋈⋈⋈⊞⊞≺∋⋈⊞∈⊤∈⊞⊤∈⊞⊤⋈⋈⊥≺∋⊤⊥⊥∋∋⋈⋈≻⋈⋈⋈⊡⋈⋈⋈⋈⋈⋈⋈≻⊤∈⊤∈∋⋈⋈⋈⋈⋈⋈⋈⊞⋈⊡⋈≺∋⊤∈⋈⋈≻⋈⋈⋈⊡⋈⋈⋈⋈⋈⋈⋈≻⊤∈⊤∈∋⋈⋈⋈⋈⋈⋈⋈⋈⊞⋈⊡⋈≺∋⊤∈⋈⋈≻⋈⋈⋈⊡⋈⋈⋈⋈⋈⋈⋈≻⊤∈⊤∈∋⋈⋈⋈⋈⋈⋈⋈⋈⊞⋈⊡⋈≺∋⊤∈⋈⋈≻⋈⋈⋈⊡⋈⋈⋈⋈⋈⋈⋈≻⊤∈⊤∈∋⋈⋈⋈⋈⋈⋈⋈⋈⊞⋈⊡⋈≺∋⊤∈⋈⋈≻⋈⋈⋈⋈⊡⋈⋈⋈⋈⋈⋈≻⊤∈⊤∈∋⋈⋈⊞⋈⋈⋈⋈⊞⊞⋈≺∋⊤∈⋈≻⋈⋈⋈⊡⋈⋈⋈⋈⋈⋈⋈≻⊤∈⋈⋈⊤∈⋈⊤∈⋈⋈⋈⊤∈≺⊤∈⊤∈⋈⊤∈⋈⊤⋈∈∋∋⊞⊞∈⋈⋈⊞⊞⋈⊤⊥⊤∈⊞⋈⊞⊞⊤∈∋≺∋⊞⊞∈⊤∈∋⊞⊞⊤∈⋈⊤∈⋈⋈⊤∈≺⊤∈⊤∈⊤∈⊞⊤⋈∈∋∋⊞⊞∈⋈⋈⊞⊞⋈⊤⊥⊤∈⊞⋈⊞⊞⊤∈∋≺∋⊞⊞∈⊤∈∋⋈⋈⊞⋈⋈⋈⋈⋈⋈≻⊤∈⋈⋈⋈⋈≻⊤∈⋈⋈⋈⋈≻⊤∈⋈⋈⋈⋈≻⊤∈⋈⊤∈⊤⋈⋈⋈⊤⋈∈⊤∈⊤∈⊡⋈⊤⋈⋈∈∋⊞⊞∈⋈⋈⋈⊞⊞⋈⊤⊥⊤∈⊤∈⊞⋈⊞⊞⊤∈∋≺⊤∈⋈⋈⋈⊤∈≺∋∋⊞⊞∈⋈⋈⋈⊞⊞⋈⊤⊥⊤∈⊞⋈⊞⊞⊤∈∋∋⋈⋈⋈⋈⊡⋈⋈⋈⋈⋈⋈≻⊤∈⋈⋈⋈⋈≻⊤∈⋈⋈⋈⊞⋈⊞⋈≻⊤∈⋈⋈⋈⋈⋈≻⊤∈⋈⋈⋈⊤∈⋈⋈⋈⋈⋈⊙⋈⋈⋈⋈≻⊤∈⋈⋈⋈≻⋈⋈⋈⋈⊙⋈⊤∈≺∋⊤∈⋈≻⋈⋈∋⊞⋈⋈⋈⋈⋈⋈⋈⋈⋈⋈⋈⋈⋈⋈⋈⋈⋈⋈⋈⋈⋈⋈⋈⊞⋈⊤⋈⋈∈∋∋∋⋈⋈⊤∈⋈⊙∋⋈⊙⋈⊤∈≺⋈⋈⊞⊞⋈⊤⊥⊤∈⋈⊞⋈⊞⊞⋈⊤⋈∈∋≺⋈⋈⊞⊞⋈⊤⊥⊤∈⋈⊞⋈⊞⊞⋈⊤⋈∈∋≺∋∋∋∋∋∋∋∋∋∋∋∋∋∋∋∋∋∋∋∋∋∋∋∋∋∋∋∋∋∋∋∋⋈⋈⊤⊥⊡⋈≺∋∋⋈⊞⊤∈⋈⋈⋈⋈⋈⊤∈⋈⊙∋⊤∈⋈⊙∋⋈⊙⊞⋈≺⊞≺∋∋⊤∈⋈⊙∋⋈⊙⋈⊤∈⋈⋈∈⊤∈⋈⊙∋⊞⊞∈∋⋈⋈≺∋⋈⊞⋈⋈⊤∈⋈⋈⋈⋈⋈⊤∈⋈⊙∋⊤∈⋈⊙∋⋈⊙⋈≺∋∋∋⊤∈⋈⊙∋∋⋈∋⋈⊡⋈⊡⋈⋈⋈⋈⋈⊙⋈⋈⋈⋈⋈⊤∈⋈⋈⊤∈⋈⋈∈⊤∈⋈⊙∋⊞⊞∈∋∋⊤⋈∈⋈⊙∋∋⋈⋈⋈⋈⋈⊤∈⋈⋈⊤∈⋈⋈∈⊤∈⋈⊙∋⊤∈⋈⊙∋⊞⊞∈∋∋⊤⋈∈⋈⊙∋∋⋈⋈⋈⊡⊡⋈∋⋈⊤∈⋈⋈⋈⊞⊞⊞⋈∈⋈⋈⋈⊞⊞∈∈⊤∈⊞⊤∈∋≺⋈⊞⋈⊞⊞⊤∈∋⊞⊤∈∋≺⋈⊤∈⋈⊤∈⊞⋈⊞⋈⋈∈⊤∈⊤∈⊞⋈⊞⋈⋈⋈⋈⊡⋈∈⋈⋈⋈⋈⊡⋈⋈⋈⊡⋈⋈⋈⊡⋈⊞∈∋≺⊞⋈⊞⊞⊤∈∋∋⊤∈⋈⋈≻⊞⋈⋈⋈⋈⋈⋈≻⊤∈⋈⋈⊡⋈⋈⋈⋈⊞⋈⋈⊡⋈⋈≻⊤⋈⋈∈⋈⋈⋈⋈⋈⊡⋈≻⊤∈⋈⋈≻⊤∈⋈⋈⋈⋈≻⋈⊤∈⋈⋈⋈⋈⋈⋈⋈⋈⋈⋈⋈⋈⋈⋈⋈⋈⋈⋈⋈⋈⋈⋈⋈⋈⋈⋈⋈⋈⋈⋈⋈⋈⋈⋈⋈⋈⋈⋈⋈⋈⋈⋈⋈⋈⋈⋈⋈⋈⋈⋈⋈⋈⋈⋈⋈⋈⋈⋈⋈⋈⋈⋈⋈⋈⋈⋈⋈⋈⋈⋈⋈⋈⋈⋈⋈⋈⋈⋈⋈⋈⋈⋈⋈⋈⋈⋈⋈⋈⋈⋈⋈⋈⋈⋈⋈⋈⋈⋈⋈⋈⋈⋈⋈⋈⋈⋈⋈⋈⋈⋈⋈⋈⋈⋈⋈⋈⋈⋈⋈⋈⋈⋈⋈⋈⋈⋈⋈⋈⋈⋈⋈⋈⋈⋈∋∋⋈⊤∈⋈⋈⊤∈⋈⊞⋈⋈⋈⋈⋈⊞⋈⋈∈⋈⊞⊥⋈⊞⊥⊞∈⊤∈⋈⊞⋈⊞⋈⋈⊙⊤⋈⋈∈⊞⊤∈⊤∈⋈⋈⋈⋈⊙⋈⋈⊤∈⊤∈⋈⊤∈⋈⋈⊞⊥⊤⊥⊞∈⊞⊞∈⊤∈⊞⊤∈∋≺∋∋∋∋∋⊞⊞∈∋∋∋∋∋∋∋∈∈∈∈∈∈∈⋈⋈⋈⋈≻⋈⋈⋈⋈⋈⋈⋈⋈⋈⋈≻⋈⊤∈⋈⋈⋈⋈⋈⋈⋈⋈⋈⋈⋈⋈⋈⋈⋈⋈⋈⋈⋈⋈⋈⋈⋈⋈⋈⋈⋈⋈⋈⋈⋈⋈⋈⋈⋈⋈⋈⋈⋈⋈⋈⋈⋈⋈⋈⋈⋈⋈⋈⋈⋈⋈⋈⋈⋈⋈⋈⋈⋈⋈⋈⋈⋈⋈⋈⋈⋈⋈⋈⋈⋈⋈⋈⋈⋈⋈⋈⋈⋈⋈⋈⋈⋈⋈⋈⋈⋈⋈⋈⋈⋈⋈⋈⋈⋈⋈⋈⋈⋈⋈⋈⋈⋈⋈⋈⋈⋈⋈⋈⋈⋈⋈⋈⋈⋈⋈⋈⋈⋈⋈⋈⋈⋈⋈⋈⋈∋⋈∈∈⋈≻⋈⋈⊙⋈⊤⋈⋈⋈⋈⋈⋈⋈⋈⋈∈∋⋈⋈⋈⋈⋈⋈⋈⋈⋈⋈⋈⋈⋈⋈⋈⋈⋈⋈⋈⋈⋈⋈⋈⋈⋈⋈⋈⋈⋈⋈⋈⋈⋈⋈⋈⋈⋈⋈⋈⋈⋈⋈⋈⋈⋈⋈⋈⋈⋈⋈⋈⋈⋈⋈⋈⋈⋈⋈⋈⋈⋈⋈⋈⋈⋈⋈⋈⋈⋈⋈⋈⋈⋈⋈⋈⋈⋈⋈⋈⋈⋈⋈⋈⋈⋈⋈⋈⋈⋈⋈⋈⋈⋈⋈⋈⋈⋈⋈⋈⋈⋈⋈⋈⋈⋈⋈⋈⋈⋈⋈⋈⋈⋈⋈⋈⋈⋈⋈⋈⋈⋈⋈⋈⋈⋈⋈⋈⋈⋈⋈⊤∈⋈⋈≻⋈∋⊞⋈⋈⋈⊡⊤∈⋈≺∋⋈⋈⊞⋈≻∋⋈⊞⋈⊞⊤∈∋⊤∈∋⋈⋈⊤∈∋⋈⋈⋈≻⋈≺⋈⋈⋈⋈⊙⋈⋈⋈⋈⋈≻⊤∈⋈⋈≻⋈⋈⋈⋈⋈≺∋∋⋈⋈⊤∈⋈⋈⋈⋈⊤∈⊞⋈⊤⊥≺∋⋈⋈⋈⋈⋈⋈⋈⋈≻⋈⊞⊤∈⋈≺⋈≻⋈⋈⋈⋈⊞∈∈⋈⋈⋈⋈⋈⋈≻⋈⊤∈≺∋⋈⋈⊡⊤∈⋈⋈⋈⊞⋈⋈≻⋈⋈≺⊞∋⋈⊞⋈⋈⋈⊙⊞⋈⊥⋈⋈⋈⊞⊥⊞∈⊤⊥⊞≺∋⊤∈⋈⊤∈∋⋈⊤∈⊤∈⋈⋈⋈⋈⋈≻⋈⋈≺∋⋈⊞⊞≺∋⋈⋈∋⊞⊤∈⋈⋈⋈⋈⋈≻⋈⋈≺∋⋈⊞⋈⋈⊙⊞⋈⋈⋈⋈∈⊞⋈⊤⊥≺∋⊤∈⊞⋈⊤⊥≺∋⊤∈⋈⋈⋈⊙⊤∈∋⋈⋈⋈⋈⋈⋈⋈⋈⋈⋈⋈⋈⋈⋈⋈⋈⋈⋈⋈⋈⋈∈⋈⋈≻⊤∈⋈⋈≻⊤∈⋈⋈≻⊤∈⋈⋈⋈⋈⋈⋈⋈⋈⋈⋈⋈⋈⋈⋈⋈⋈⋈⋈≻⊤∈∋≺∋∋⋈⋈≻⊤∈∋∋⊡⋈⊤∈⋈⋈⋈⊞⋈⋈≻⋈⋈⋈≺⊞∋⋈⋈⋈⋈⋈⊙⊞⋈∈⋈⊞⊞⊤∈∋⋈⊤⋈∈⊤∈⋈⋈⋈⋈⋈⋈≻⋈⋈⋈⋈≺∋⋈⋈⊞⋈≺∋∋⊞⊤∈⋈⋈⋈⋈⋈⋈⋈≻⋈⋈⋈≺∋⋈⋈⋈⋈⋈⋈⋈⊞⊞∈⊞⊤⊥≺∋⊤∈⋈⊤∈∋⋈⊤∈⊤∈⋈⋈⋈⋈⋈⋈≻⋈⋈≺∋⋈⊞⊞≺∋⋈⋈∋⊞⊤∈⋈⋈⋈⋈⋈⋈≻⋈⋈≺∋⊞⋈⋈⊙⊞⋈⋈⋈⋈≻⊤∈⋈⊤∈≻⋈⊞⋈∋⊤∈⊡⊤∈⋈⋈⋈⋈⋈⊞⋈≻⋈⋈≺⊞∋⋈⋈⋈⋈⊞⋈⋈⋈⋈⋈⋈≻⋈⊤∈⋈⋈⋈⋈⋈⋈≻≺⋈⋈⊞∈⊞⊤⊥≺∋⊤∈⊤∈∋⋈⊤∈⊤∈⋈⋈⋈⋈⋈⋈≻⋈⋈≺∋⋈⊞⊞≺∋⋈⋈∋⊞⊤∈⋈⋈⋈⋈⋈⋈≻⋈⋈≺∋⊞⋈⋈⋈⊙⊞⊞⋈⋈∈⋈⊞⊤∈⊤⊥∋∋⊤∈⋈⊤∈∋⋈⊤∈⊤∈⋈⋈⋈⋈⋈⋈≻⋈⋈≺∋⋈⊞⊞≺∋⋈⋈∋⊞⊤∈⋈⋈⋈⋈⋈⋈≻⋈⋈≺∋⊞⋈⋈⊙⊞⋈⋈⋈⋈≻⊤∈∋⊤∈⋈⊙∋⊤∈∋⋈≺∋∋⋈⋈⋈⋈∋⊤∈⋈⊙∋⋈⊤∈∋⋈⋈⋈⋈⋈⋈⋈≻⋈⋈⊤∈∋⋈⋈⋈⋈⋈⋈⋈⋈⋈⋈⋈⋈⋈⋈⋈⋈⋈⋈⋈⋈⋈⋈⋈⋈⋈⋈⋈⋈⋈⋈⋈⋈⋈⋈⋈⋈⋈⋈⋈⋈⋈⋈⋈⋈⋈⋈⋈⋈⋈⋈⋈⋈⋈⋈⋈⋈⋈⋈⋈⋈⋈⋈⋈⋈⋈⋈⋈⋈⋈⋈⋈⋈⋈⋈⋈⋈⋈⋈⋈⋈⋈⋈⋈⋈⋈⋈⋈⋈⋈⋈⋈⋈⋈⋈⋈⋈⋈⋈⋈⋈⋈⋈⋈⋈⋈⋈⋈⋈⋈⋈⋈⋈⋈⋈⋈⋈⋈⋈⋈⋈⋈⋈⋈⋈⋈⋈⋈⋈⋈⋈⋈⋈⋈⋈⋈⋈⋈≺∋⊤∈∋⋈⊙≺∋⊞∋⋈⋈≻≺⋈⋈⊞⊤∈∋⋈⋈⋈⋈⊤∈⋈⊙∋⊤∈⋈⊙∋⋈∋⊙≺∋⊤∈⊞⊞⋈⋈⋈∈⋈⊞⋈⋈⋈⊡⋈⋈⋈⊡⋈⋈⋈⊡⊞⊤∈∋∋⋈⋈∋⊞⋈⋈⋈⋈⊤∈⊤∈⊞⋈∈⋈⊞⋈⋈⊞⊤⊥⊞⋈⊤∈∋⊞≺∋⋈⊞⊤∈⊞⊞⋈≺∋∋⊞⊤∈⋈⋈≻⋈⋈⋈∈⋈⊞⋈⊞⊞⊞∈⋈⊤∈⋈⋈⊞≺⊤∈⊤∈⋈⋈⊤∈⋈≻⊞⊞⋈⋈⊞∋⋈⋈⊤∈⋈⋈⋈⋈⋈⋈≻⋈⋈⋈⋈⋈⋈⋈⋈⋈⋈⋈⋈⋈⋈⋈⋈⋈⋈≻⊤∈⋈⋈⊞⋈⊤⊥⋈⋈⋈⋈⋈⋈⋈⋈⋈⋈⋈⋈⋈⋈⋈⋈⋈⋈⋈⋈⊞⋈⋈⋈⋈⋈⋈⋈⋈⋈⋈⋈⋈⋈⋈⋈⋈⋈⋈⋈⋈⋈⋈⋈⋈⋈⋈⋈⋈⋈⋈⋈⋈⋈⋈⋈⋈⋈⋈⋈⋈⋈⋈⋈⋈⋈∈⋈⋈⋈⋈⋈⋈⋈⋈⋈⊡⊤∈⊤∈⋈⋈⋈⊞⋈⊞⊞⋈⋈∈⊞⋈⋈⊞∈⊤∈⋈⋈⋈⋈⊞⊞⋈⊞⊞⊞⊞⊤∈⊞⋈⊞⊥⊤⊥⊞⊤∈⋈⋈⊤∈⊞⊤∈⋈⊞⊞⋈⊞∈⋈⊞∈⋈⊤∈⋈⋈⋈⊞≻≺⊤∈⋈⋈⋈⋈⋈⋈⋈⋈⋈⋈⋈⋈⋈⋈⋈⋈⋈⊞⊞⊞⋈⋈⊞⊞⊞⊞⊞⋈⋈⋈⋈⋈⋈⋈⋈⋈⋈⋈⋈⋈⋈⊤∈⊤∈∋⋈⋈⋈⋈⊞∈⋈⊤∈⋈⋈⊞∈⋈⊤∈⋈⋈⊞∈⋈⊤∈⋈⋈⊞∈⋈⋈⊤∈⋈⋈⋈⊞∈⋈⋈⊤∈⋈⋈⋈⊞∈⋈⋈⊤∈⋈⋈⋈⊞∈⋈⋈⋈⋈⊞⊥⋈⊤∈⊤∈⋈⋈⊤∈⋈⊞⊞⊞⋈⊞⋈⊞⋈⋈⊞⋈⋈⊞⋈⋈⊞⋈≺∋⋈⋈⋈⋈⋈⋈⊤∈⊡∈∋⋈⋈⋈⋈⋈⋈⋈⋈⋈⋈⋈⋈⋈⋈⋈⋈⋈⋈⋈⋈⋈⋈⋈⋈⋈⋈⋈⋈⋈⋈⋈⋈⋈⋈⋈⋈⋈⋈⋈⋈⋈⋈⋈⋈⋈⋈⋈⋈⊡⊡⋈⋈⊙⊤∈⋈⋈⋈≻≺⋈⋈⋈⋈⊡⋈≺⋈⋈⋈⋈⋈⋈⊞⊙⊞⊥⊤∈⊞⊤∈∋≺∋∋∋∋∋∋∋∋∋∋∋∋∋∋∋∋∋∋∋∋∋∋∋∋∋∋⊡⋈⊡⋈⊤∈⋈⋈⊞≺⋈⊤∈⋈⋈⊞⋈⊞⋈⋈⋈⋈≻⋈⋈≺∋⋈⋈⋈⊙⊞⋈∋⋈⊤∈⊞⋈≺⊞⊤∈⋈⊞⊤∈⊤⊥∋∋⋈⊤∈⊤∈∋⋈⊤∈⊤∈⋈⋈⋈⋈⋈⋈≻⋈⋈≺∋⋈⊞⊞≺∋⋈⋈∋⊞⊤∈⋈⋈⋈⋈⋈⋈≻⋈⋈⋈≺⋈∋⊞⋈⋈⋈⊙⊞⋈⋈⋈⋈≻⊤∈⋈⋈⋈⊤∈⋈≻∋⋈⋈⊞⋈⋈⊞⋈∈∋⋈≻≺⋈⊞⋈⋈⋈≻⋈⋈⋈⊤∈⋈⋈⋈⋈⋈⋈⋈≻⋈⋈⊤⋈⊥⋈⋈⋈⊥⋈⋈⋈⋈⋈⋈≻⋈⋈⊤⋈⊥⋈⋈⋈⊥⋈⋈⋈⋈⋈⋈≻⋈⋈⊤⋈⊥⋈⋈⋈⊥⋈⋈⋈⋈⋈⋈≻⋈⋈⊤⋈⊥⋈⋈⋈⊥⋈⋈⋈⋈⋈⋈≻⋈⋈⊤⋈⊥⋈⋈⋈⊥⋈⋈⋈⋈⋈⋈≻⋈⋈⊤⋈⊥⋈⋈⋈⊥⋈⋈⋈⋈⋈⋈≻⋈⋈⊤⋈⊥⋈⋈⋈⊥⋈⋈⋈⋈⋈⋈≻⋈⋈⊤⋈⊥⋈⋈⋈⊥⋈⋈⋈⋈⋈≻⋈⋈⊤⊥⋈⋈⊥⋈⋈⋈⋈⋈≻⋈⋈⋈⋈⋈⋈⋈≻⊤⋈⋈⋈⊥⊥⊤⊥⊥⋈⋈⋈⋈⋈⋈⊤∈⊡∈∋⋈⋈⋈⋈⋈⋈⋈⋈⋈⊡⋈⋈⋈⋈⋈⋈⋈⋈⋈⊡⋈⋈⋈⋈⋈⋈⋈⋈⋈⋈⋈⋈⋈⋈⋈⋈⋈⋈⋈⋈⋈⋈⋈⋈⋈⋈⋈⋈⊡⊡⋈⋈⋈⋈⊙⊤∈⋈⋈⋈≻≺⋈⋈⋈⋈⊡⊤⋈∈⋈⊙∋∋⊤∈⋈⊙∋⋈∋⊡∈∋⊤∈⋈⊙∋⋈⊡⋈⋈∈∋⋈≻≺∋∋⋈⋈⋈⋈⋈⋈⋈⋈⋈⊤∈⊤∈⋈⊞≺⋈⋈⋈⋈⊡⋈⋈≻⋈⋈⋈⋈⋈⋈⋈⋈⊤∈⋈⋈⋈⋈⋈⋈⋈⋈⋈⊤∈⋈⋈⋈⋈⋈⋈⋈⋈⋈⋈⋈⋈⋈⋈⋈⋈⋈⋈⋈≻⋈⋈⋈⋈⋈⋈⋈⋈⊤∈⋈⋈⋈⋈⋈⋈⋈⋈⋈⋈⋈⋈⋈⊡⋈⋈⋈⋈⋈⋈⋈⋈⋈⋈⊤∈⋈∋⋈⋈⋈⋈⋈⋈⋈⋈⋈⋈⋈⋈⋈⋈⋈⋈⋈⋈⋈⋈⋈⊡⋈⋈⋈⋈⋈⋈⋈⊙⊤∈∋⋈⋈⋈≻≺⋈⋈⋈⋈⊡⋈⋈⋈⋈≺⋈⊞⋈⋈∋⋈⋈≺∋⊡⋈∈⋈≻≺∋∋∋⊤∈⊤∈⋈⋈≻⋈⋈⋈⋈≻≺∋∋∋∋∋∋∋∋∋∋⊣⋈⋈⋈⋈⋈⋈≺⊤∈⊡∈⋈≻∋∋∋⋈∋⊤∈⋈⋈⋈≺⋈⊤∈⋈⋈⋈⊞⊞⋈⊞⋈≺∋∋⋈⋈⋈⋈⋈⋈≻⊡⋈⋈⋈⋈⊡⋈⋈⋈≻⋈⋈⋈⊡⊤∈∋≺∋⋈∋⋈⊞∈∋≺∋∋∋⊤⋈∈⋈⋈⋈⋈⋈⊤⋈⋈⊥⊤∈⊞≺⋈⋈⋈⋈⋈⋈⋈⋈⋈⋈⋈⋈⋈⋈⋈⋈⋈⋈⋈⋈⊞⋈⊤⋈⋈∈⋈⋈⋈⊞⊞⋈⊞⊞⋈⊤∈⋈⋈⊤∈⋈≺∋⊤∈⋈⋈⊙⋈∋⋈⋈⋈⋈⋈⊤∈⋈⋈⋈⋈⊤⊥⋈⋈⋈⊤⊥⊤∈⋈⊤∈⋈⋈⋈⊤⋈∈⋈⋈⋈⋈≻≺∋⊤∈⊤∈⊞⋈∋⋈⊤∈∋∋⊞⋈⊞⋈⋈≺∋⊡⋈⋈⋈⋈⋈⋈⋈⊤∈⋈⋈⋈⋈≺⋈⋈⋈⋈⋈≺⋈⊤⊥⊞⊞⊤⊥⊞∈⋈⊙∋⋈⋈⋈⋈⋈⋈⋈⋈⋈∋∋⋈≻⋈≺∋∋⋈⋈⋈⋈⋈⋈⋈⋈⋈⋈≻∈⋈⋈⊤⋈⋈⊥⋈⊤∈⊤⊥⊤⊥⊞∈⋈⊙∋⋈⊞⊞⋈⋈⋈⋈⋈⋈⋈⋈⋈⋈⊤∈⋈∋⊤⊥⊤⊥⊞∈⋈⋈⊞⊞⋈⊞⊞⋈⊤∈⋈⋈⊤∈⋈∋⊤∈⋈⊙∋⋈⋈⋈⋈⋈⋈⊤∈⋈⋈⋈⋈⋈⊤⊥⋈⋈⊤⊥⊤∈⋈⊤∈⋈⋈⋈⊤⋈∈⋈⋈⋈⋈≻≺∋⊤∈⊤∈⋈≺∋⊤∈∋⋈⊙≺∋∋⊤⋈∈∋≻⊤∈⋈⋈⋈⋈⋈≻⋈∋⋈⊤∈∋∋⊞⋈⊞⋈⋈≺∋⊡⋈⋈⋈⋈⋈⋈⋈⊤∈⋈⋈⋈⋈⋈≺∋∋⋈≻⋈⋈≺⋈⋈⋈⋈⋈⋈≺∋∋⋈⋈⋈⋈⋈⋈⋈⋈⋈⋈⋈≻≺∋≺∋∋∋∋∋∋∋⊞⋈⋈⋈⋈⋈⋈⊣
0xab69350	⊢⋈⋈⋈⋈⋈⋈⊞⋈⊤∈⊤∈⋈⋈⊤⋈∈∋⊞⋈⋈⊤∈⋈⋈≺⋈⋈⊤∈⋈∈∈∈⋈⊞⊤⊥⊥⋈⊞⋈⋈⋈⊞⊙⊤∈⊤∈⊞⊞∈∋≺⊙⋈⊤∈⊤∈⊤∈∋≺⊤∈⊤∈⊤∈⊤∈⋈≺∋⋈∈∈∈⋈⊞⊤⊥⊥⋈⊞⋈⋈⊙⊤∈⊤∈⊞⊞∈≺∋⊙⋈⊤∈⊤∈⊤∈∋≺⊤∈∋⊤∈⊤∈∋∋∋⋈≺∋∋⋈⊤∈⊤∈⊤∈∋∋∋∋∋∋⋈⋈⋈≻∋∋⋈≺∈⋈⋈⋈≻∋≻⊤∈∋⋈⋈⋈∈⋈⋈⋈⊙⊤∈⊙⋈⊤∈⊞⊞≺⊤∈⋈⋈⊞∈⋈∋⊞⋈≺∋⊤∈∋∋∋⋈⋈∋⋈⋈⋈∋⋈⊞⋈⋈⋈⋈⋈⋈⊣≺∋∋⋈⋈⋈⋈⋈⋈≻⋈≺∋
0xabccfd0	⊢⋈⋈⋈⋈⋈⋈⋈⊞⋈⋈⋈⋈⋈⊞⊤∈⋈⋈⋈≻⋈⋈⋈⋈⋈⋈⋈⋈⋈⋈⋈⋈⋈⋈⋈⋈⋈⋈⋈⊞⊞⋈⋈⊙⋈⋈⋈⋈⋈⋈⋈⊞⋈⋈⊙⋈⊞⋈⋈⋈⋈⋈⋈⊞⊞⋈⊙⋈⊞⋈⋈⋈⋈⋈⊞⊞⋈⊞⋈⊙⋈⋈⊞⋈⊞⋈⊙⊤∈⊞⊡∈⋈⋈⊞⋈⊤∈∋∋⊡⊤⋈⋈⋈∈⊞⋈⋈⊞⊤∈∋⋈⋈⋈≻⋈⋈⋈⋈⊙⋈⊞⊞⊞∈⋈⋈⋈⋈⊞⊤∈∋∋⋈⊙⋈⋈⊞⋈⋈⋈⋈⋈⋈⊣
0xaba13e0	⊢⋈⊞⋈⋈⊤∈⊡⊞⊞⋈⊤∈⋈⋈⊡≻⊡⋈⊞≺∋⋈⋈⊡⊤∈⋈⋈⊞⋈⋈⋈⋈⋈≺∋⋈≺∋⊞⋈⊣
0xab9cf4d	⊢⋈⋈⋈⋈⋈⋈⋈⊞⋈⋈⊤∈⊤∈⋈⊤∈⊞⊞≺⊞⊞⋈⋈⋈≺∈⋈⊤∈⋈≺⋈⊤∈⋈⊤∈⋈≺⊤∈⋈≺⋈≺∋∋∋⋈⊞⊞⋈⊞∈∋⊞∋⋈∋⊞⋈⊤∈⋈⋈⋈⋈≻⋈⋈⋈≺⊤∈⊞⊞≺⊞⊞⊡∈⊞⊤⊥⊞⊞⊤∈∋≺∋∋∋⋈⊤∈∋⋈⋈⋈⋈⋈⊞⋈⋈⋈⋈⋈⋈⊙⋈⋈⊞⋈⊞⊞⋈⋈⊞⋈⋈⊙
0xab9e77f	⊢⋈⋈⋈⋈⋈⊞⋈⊤∈⋈⊤∈⋈⋈⊞⋈⋈⋈⋈≺⋈⋈⋈⋈≻⊤∈⋈⊤∈⋈⋈⋈⊤⊥⋈⋈⊞≻⋈⋈⊤∈∋⋈⋈⋈⋈⊤∈∋∋⊞⋈⋈⋈⋈⋈⋈⋈⋈⋈⋈≻⋈⋈⋈⋈≺∋∋⊞⋈⋈⋈⋈⊣
0xab9f8a1	⊢⋈⋈⋈⋈⊞⋈⊤∈⋈⊤∈⋈⋈⊞⋈⋈⋈≺⋈⋈⋈≻⊤∈⋈⊤∈⋈⋈⋈⊤⊥⋈⋈⊞≻⋈⋈⊤∈∋⋈⋈⋈⋈⊤∈∋∋⊞⋈⋈⋈⋈⋈⋈⋈⋈⋈≻⋈⋈⋈⋈≺∋∋⊞⋈⋈⋈⊣
0xab9ef06	⊢⋈⋈⋈⋈⋈⋈⋈⊤∈⋈⊞⋈⊞∈⋈⊤∈⊤∈⊞⋈∋⊞∋⊞∈⋈⊤∈⋈⋈≻⊤∈∋∋⋈⋈≻⊤∈∋⋈≺⋈⊤∈∋≺∋∋⋈⋈⋈⋈⋈⋈⊣
0xab9ef8f	⊢⋈⋈⋈⋈⋈⋈⋈⊤∈⊞≺⋈⊞⋈⊞∈⋈⊤∈⊤∈⊞⋈∋⊞∋⊤∈⋈⊤∈⋈⋈≻⊤∈∋∋⋈⋈≻⊤∈∋⋈≺⊞⋈⊤∈∋≺∋∋⋈⋈⋈⋈⋈⋈⋈⊣
0xab9f023	⊢⋈⋈⋈⋈⋈⋈⋈⊞⋈⊤∈⋈⋈⋈⊞∈⋈⊤∈⊤∈⊞⋈∋⊞∈⋈⊤∈⋈⋈≻⊤∈⊤∈∋∋⋈⋈⋈≻⊤∈⋈⋈⊤∈⋈⋈⊤⊥⋈⋈⊞≺⊤∈∋⋈⊤∈⋈⋈⋈≻⊤∈⋈⋈≻⊤∈⋈⋈⊤∈⋈⋈⊞⋈⋈⊤⊥∋≻⊤∈∋∋⋈⋈≺⋈⋈⋈⋈⋈⊤∈⋈≻⊤∈⋈⊤∈⋈⋈≻⊤∈∋∋⋈⋈≻⊤∈∋∋∋∋⋈≺≺∋∋⋈⊤∈∋≺∋∋∋⊞∋∋⋈⊞⋈⋈⋈⋈⋈⋈⊣
0xab9f980	⊢⋈⋈⋈⋈⋈⋈⋈⊤∈⊞≺⋈⊞⋈⊞∈⋈⊤∈⊤∈⊞⋈∋⊞∋⊤∈⋈⊤∈⋈⋈≻⊤∈∋∋⋈≻⊤∈∋⋈≺⊞⋈⊤∈∋≺∋∋⋈⋈⋈⋈⋈⋈⋈⊣
0xab9fd5e	⊢⋈⋈⋈⋈⋈⋈⋈⊞⋈⊤∈⋈⋈⋈⋈⊞∈⋈⊤∈⊤∈⊞⋈≺∋⊤∈⋈⊤∈⋈⋈≻⊤∈∋∋⋈≻⊤∈∈⋈⊤∈⋈⊤∈⊤∈∋∋⋈⋈⊤∈⋈⊤∈⋈⋈⋈≺⊞⋈⊤∈⋈⊤∈⋈⋈⋈⊤∈⋈⋈≺∋≻⊤∈∋∋⊤∈⋈⋈⋈⊤∈⋈⋈⋈∋≻⊤∈∋∋∋⋈⊞⊤⋈⋈⋈∈∋≺⋈⋈≻⊤∈⋈⋈⊤∈⋈⋈⊞⋈⋈⊤⊥≻⊤∈∋⋈⋈∋∋∋⊞⋈⋈⋈⋈⋈⊤∈⋈≻⊤∈⋈⊤∈⋈⋈≻⊤∈∋∋⋈≻⋈⋈⊤∈∋∋∋∋∋∋⋈≺∋∋⋈⊞⋈⋈⋈⋈⋈⋈⊣≺∋
0xab9dcc2	⊢⋈⋈⋈⋈⋈⋈⋈⊞⋈⊤∈⋈⊞⋈⋈⊞∈⋈⋈⊤∈⊤∈⊞⋈∋⊞∈⋈⊤∈⋈⋈≻⊤∈⋈⊤∈⋈⋈∋∋⊤∈⋈⊤∈⊞⋈⋈⊞≻≺⊤∈∋∋⋈≻⊞⋈⋈⋈≻⊤∈⋈⋈⊤∈⋈⋈⊤⊥⋈⋈⊞≻⊤∈∋⋈⋈≺∋∋⊞≺⋈⋈≻≺∋∋⊤∈∋∋⋈⋈⊤∈∋≺∋∋⋈⊞⋈⋈⋈⋈⋈⋈⊣
0xab9d6c5	⊢⋈⋈⋈⋈⊞⋈⋈⋈⊞≻⊤∈⋈⋈⋈⋈⋈≻⋈⋈⋈⋈⋈⋈⋈⊞⋈⋈⊤∈⋈⊤∈⋈⋈⋈⋈⊤∈⋈⊤∈⋈⋈≻⋈⊤∈∋⋈⋈⋈⋈⋈⋈⋈≻⊤∈⋈⊞⋈⊤∈⋈⊤∈⋈⋈⊞≻≺⋈⋈⊤∈⊤∈⊡≺⋈⋈⊞⊙⋈⊤∈⋈⋈≻⋈⊤∈∋⋈⋈≺⋈⊤∈∋∋∋∋∋⊞∋∋∋⋈⊞⋈⋈⋈⋈⋈⋈⊣⋈≺∋⊞⋈⋈⋈⋈⋈⋈≺⋈⊞⋈⋈⋈⊣
0xab9ea3c	⊢⋈⋈⋈⋈⋈⋈⋈⊞⊤∈⊞⋈⋈⋈⋈⋈⊙⋈∈⊤∈∈⊤∈⋈⋈⋈⊙⋈≺∋⊤∈⋈⋈⋈⋈⊞⋈⋈⋈⋈⋈⋈⊙⊤∈⊤∈⋈≺⊤∈⋈⊤∈⋈≺⊤∈⋈≺⊤∈⋈≺⊤∈∋⊤∈⋈≻⊤∈∋⋈≻⊤∈∋⋈⋈≻⋈⋈⋈⋈⋈⋈⋈⋈⋈⋈⊤∈≺⋈⋈⋈≺⋈≺∋∋∋∋∋⋈⋈⊞∋⋈⋈⋈⋈∋⋈⋈⋈∈⋈⊤∈⋈∋⋈⋈⊙⊤∈∋∋⋈⊞⋈⋈⋈⋈⋈⋈⊣⊞⊤∈∋∋⋈≺∋
0xab9f724	⊢⋈⋈⋈⋈⋈⋈⋈⊞⋈⊤∈⋈⊤∈⋈⋈⊞⋈⋈⋈⋈⋈⋈≺⋈⋈⋈⋈≻⊤∈⋈⊤∈⋈⊞⋈⋈⋈⋈⋈⋈≺⋈⋈⋈⋈⋈⋈⋈⊞⋈⋈⊤∈⋈⋈⊤∈⊤∈∋⊞⊞⋈⋈≺∋⊤∈⊤∈∋⊤∈⊞⋈⋈⊤∈⊤∈∋⋈⋈⋈≻⋈⊤∈⋈⋈⊤∈⋈⋈⊤⊥⋈⋈⊞≻⋈⊤∈∋⋈⋈≺⋈⊤∈⊤∈∋⋈⊤∈⋈⋈≻⋈⊤∈∋⋈⋈⊞⋈⋈⋈≺∋⊤∈∋⋈⊤∈⋈⋈≻⋈⊤∈∋⊤∈≺∋⋈⊤∈⋈⋈⋈≻⋈⊤∈∋⊞⋈⋈⋈⋈⋈⋈⋈⋈⋈⋈⋈≻⊤∈⋈≻⋈⋈⋈⋈⋈⋈⋈⊞⊤∈⋈⋈⋈⋈⋈⋈⊤⊥⋈⊤⊥⊞∈⋈⋈⋈⋈⋈⋈⋈∈⋈⊞⋈⋈⊤∈⋈⋈≻⋈≺⊞⊤∈∈⊤∈⋈⊞⊤∈∋⋈∋⊞≺∋∋⊤∈⋈⊞⊞⋈⋈⊞∈⊤∈⊤∈⋈⋈⊞⋈≻⋈⋈⋈⋈⋈⊞⋈⋈⋈⋈⋈⋈⋈⊙⋈⋈⋈⋈⋈⋈⋈⋈⋈≻⋈⋈⋈⊞⊞⊤∈⋈⊤∈⋈⋈⋈⋈⋈⋈⋈⋈≺∋⊙⊞≺∋⊞⊞⋈⋈⋈⋈⊣⋈⋈⋈⋈⊙⋈⊤∈⋈⊞⋈⊞⋈⋈≺∋∋⊤∈∋≺∋∋⋈⋈⋈⋈⊞⊞⊞⊥⊤⊥⊞≺∋∋⋈⊞⋈⋈⋈⋈⋈⋈⊣⊤∈⋈⋈≻⊤∈∋⋈⋈⋈⋈⊡⋈⋈∈∈⋈⋈∈⋈⋈≻⊤∈⋈⊤∈⋈⋈≻⊤∈∋∋∋∋⋈⊤∈⋈⋈≻⋈⊤∈∋⋈≻⋈⊤∈⋈⊤∈⋈⋈≻⊤∈∋⋈⊤∈⋈⊤∈⊤∈∋∋⋈⊤∈⋈⋈≻⊤∈∋⋈⊞⋈⋈⋈⋈⋈⋈≺⊞⋈≺∋∋⊞⋈⋈⊤∈∋⋈⋈⋈⋈≻⊤⋈∈⋈⊤∈∋⋈⋈⋈≻⋈⊤∈∋≺∋∋∋⋈≺∋∋∋∋∋∋∋∋∋⋈⊞⋈⋈⋈⋈⋈⋈⊣⋈⊤∈⋈⋈≻⋈⊤∈⊞⋈∈⊤∈⋈⊤∈⋈⋈≻⊤∈∋∋⋈≻⊡≺⊤∈⋈⊤∈⋈⋈≻⊤∈∋∋⊡⋈⋈≻⊞⊤∈∋≺⋈⋈⊤∈⋈⋈⊤⊥⋈⋈⊞≻⋈⊤∈∋⋈⋈≺∋⊞∋∋∋∋∋⋈∋⊞⋈⋈⋈⋈⋈⋈⊣
0xab9fa0f	⊢⋈⋈⋈⋈⋈⋈⋈⊞⋈⊤∈⋈⊤∈⋈⋈⊞⋈⋈⋈⋈⋈⋈≺⋈⋈⋈⋈≻⊤∈⋈⊤∈⋈≻⋈≺⋈⊤∈⋈⋈≻⋈⊤∈⊞⋈∈⊤∈⋈⊤∈⋈⋈≻⊤∈∋∋⋈≻⋈⊡⊤∈⋈⊤∈⋈⋈≻⊤∈∋∋⊡⋈⋈≻⊞⊤∈∋≺⋈⋈⊤∈⋈⋈⊤⊥⋈⋈⊞≻⋈⊤∈∋⋈⋈≺∋⊞≺∋∋∋∋∋∋∋⋈⊞⋈⋈⋈⋈⋈⋈⊣
0xabca350	⊢⋈⋈⋈⋈⋈⋈⋈⋈⋈⋈≻⊤∈⋈⋈≻⋈⋈≻⋈≻⋈⋈⊙⋈≻⋈⋈⋈⋈⊙⋈⊙⊤∈⋈⋈≻≺⋈⋈⋈⋈⋈⊙⊤∈⋈⋈≻∋⊣⋈⋈⋈⋈⊞⊞⋈⋈⋈⋈⊣
0xab6f0f8	⊢⋈⋈⋈⋈⋈⋈⊞⋈⋈⊞∈⋈⋈⋈⋈⋈⊞⋈⊞⊞⊤⊥⋈⊞⊤∈⊤∈⊞⋈⋈⋈⊞⋈⊞⊤⊞⊡⋈∈⊞⊡⊞⊡⊞⊞∈∋⊤⋈⋈⊥⊤⊥⊞⋈⋈⊙⋈⋈⋈⋈⋈⋈⊞⊞⊞∈⋈⋈⊤∈⋈≺⋈⊞⋈⋈⋈⊞⋈⋈⋈⋈∈⋈⊞⋈⋈≻⋈⊞⊡⊞⋈⊤∈⋈⋈∈⊞⊞⊡⊞⊞⊤∈∋≺∋⊞⊞⊞⊤∈⊡⊞⊞≺∋⋈⊞⋈⊞⊞⊞⊤∈⊞⋈⊞⋈⋈⋈⋈⋈⋈⊞⋈⊞⋈⋈⋈⋈⊤∈⊞⋈⋈⋈⋈⋈⊞⋈⋈⋈⋈⊙≺∋⋈⊞∋⊤⋈⊞⊞⋈⊤∈∋≺⋈⋈⋈⋈⊞⊞⊞⊤⊥≺∋⋈⊞⋈≺⊞⋈⊞⋈⋈∈⋈⋈⋈⋈⊞∈∋⋈⋈⋈⋈⋈≺∋⊞⊤⊥⊤∈⋈⊞∈∋⋈⋈⋈≻⋈⋈⋈⋈⋈⊞⊤∈⋈⋈≺⊤∈⋈⊞⋈⋈≺∋∋⋈⊤∈⋈⋈⋈≺⊤∈⋈⊞⊞⋈⋈⋈≺∋∋⊤⊥⊤∈⊞∈⋈⊡⊞⊤∈∋∋⊤∈⋈∋⋈⊤∈⋈⊤∈⋈⋈∋⋈⊤∈⊞≺⊤∈⋈⊞⋈∈⊤∈⊞⋈⊞⊤⋈∈∋⊤∈∋⋈⋈≺∋∋∋⋈⊞⊤∈⊤∈⋈⋈⋈≻⋈⋈⋈⊤∈⊞⋈⋈⋈⋈⋈≺⋈⋈⋈⋈⋈⊤∈⋈⋈⊤∈⋈⋈⋈≻⊤⊥⊞⋈⋈⋈⋈≻⊤∈∋⋈⋈≻⋈⋈⋈⋈⋈⋈⊞⋈⋈⋈⊞⊞⊤∈⊞∈⋈⋈≻∋⋈⋈⋈⋈⋈⋈≻⊤∈∋⊞⋈⋈⋈⊤∈⋈⋈⋈⋈⊞⋈≻⋈⋈≺⊞∋⋈∈⊤⋈⊥⋈⊞⊞∈⋈⊞⊞⊞∈∋⋈⊞⋈⊤∈∋⋈⋈⋈⋈⊤∈⋈⋈⊤∈⊞≺⊤∈⋈⊞⋈∈⊤∈⊞⋈⊞⊤⋈∈∋⊤∈∋⋈⋈≺∋∋∋⋈⊞⊤∈⊤∈⋈⋈⋈≻⋈⋈⋈≺⊤∈⊞⋈⋈≻⋈⋈≻⋈⋈⋈≺⋈⋈⊤⊥⊤⊥⋈≺∋∋∋∋⋈⋈⋈⋈⋈⋈⊞⋈⋈⋈⋈⋈⋈⊣⋈⋈∋⋈⋈⋈⊣⋈⋈≻⋈⋈⋈≺⊤∈⋈∋⊤∈⊤∈⋈≺∋∋∋∋∋⋈⋈⋈⊣⊞⋈⋈⊞⊞⊞⊞⊞⊞⊞⊞⋈⊞⊞⋈⊞⊞⊤⋈⊥≺∋⋈⋈⋈≻⋈⋈⊤∈⋈⋈⋈⋈⋈⋈⋈⊙⋈⋈⋈⋈⋈⋈⋈⋈⋈⊤∈⊞⋈⋈⋈⋈⊡⊞⊞⋈⋈⋈⋈⊞⋈∈⊤∈∈⊡⊞⊞⊞⊤∈∋⊞∋⊞⊞⋈⊞⋈⋈⋈⊞⋈⋈≻⋈⋈⊞⋈⊡⊞⊤∈⋈∈⊞⊞⊡⊞⊞⊤∈∋≺∋⊞⊞⊞⊤∈⊡⊞⊞≺∋⋈⊞⋈⊞⊞⋈⊞⋈⋈⋈⋈⊞⋈⋈⋈⊞⋈⋈⋈⊙⋈⋈⊤∈∋≺⋈⋈⋈≺∋⊞⋈⋈⊞∈⋈⋈⋈⋈⊞⊤∈∋⋈⋈≻⋈∋∋⊞⋈⋈⋈⋈⋈⋈⊣
0xab71579	⊢⋈⋈⋈⋈⋈⋈⊞⋈⋈⊞∈⋈⋈⋈⋈⋈⊞⋈⊞⊞⊤⊥⋈⊞⊤⋈∈⊤∈⊞⋈⋈⊞⋈⊞⊤⊞⊡⋈∈⊞⊡⊞⊡⊞⊞∈∋⊤⋈⋈⊥⊤⊥⊞⋈⋈⊙⋈⋈⋈⋈⋈⋈⊞⊞⊞∈⋈⋈⊤∈⋈≺⋈⊞⋈⋈⋈⋈⊞⋈⋈⋈∈⋈⋈⋈⋈≻⋈⊞⊡⊞⋈⊤∈⋈⋈∈⊞⊞⊡⊞⊞⊤∈∋≺∋⊞⊞⊞⊤∈⊡⊞⊞≺∋⋈⊞⋈⊞⊞⊞⊤∈⊞⋈⊞⋈⋈⋈⋈⋈⊞⋈⊞⋈⋈⋈⋈⊤∈⊞⋈⋈⋈⋈⋈⊞⋈⋈⋈⋈⋈⋈⊡⊡⊡⊡≺∋⋈⊞∋⊤⋈⊞⊞⋈⊤∈∋≺⋈⋈⋈⊞⊞⊞⊤⊥≺∋⋈⊞⋈≺⊞⋈⊞⋈⋈∈⋈⋈⋈⋈⊞∈∋⋈⋈⋈≺∋⊞⊤⊥⊤∈⋈⊞∈∋⋈⋈⋈≻⋈⋈⋈⋈⋈⋈⋈⋈⊤∈⋈⋈⊤∈⋈⊡⊞⊞⋈∈⊤∈∈⊡⊞⊞⊞⊤∈∋⊞∋⋈⊞⊞⊞⋈⋈⊞≻⋈⊞∈∋∋⋈⋈⊞⊞⊤∈∋⊞⋈⋈⋈⋈⋈⋈⊣⋈⊞⊞⋈⋈⋈⋈⋈⋈⊙⊞⋈⋈⊞⊞⊞⊞⊞⊞⊞⊞⋈⊞⊞⋈⊞⊞⊤⋈⊥≺∋⋈⋈⋈≻⋈⋈⊤∈⋈⋈⋈⋈⋈⋈⋈⋈⊙⋈⋈⋈⋈⋈⋈⋈⋈⋈⋈⊤∈⊞⋈⊡⊞⊞⋈⋈⋈⋈⊞⋈⋈⋈∈⊤∈∈⊡⊞⊞⊞⊤∈∋⊞∋⊞⊞⋈⊞⋈⋈⋈⋈⋈≻⋈⋈⊞⊡⊞⊤∈⋈∈⊞⊞⊡⊞⊞⊤∈∋≺∋⊞⊞⊞⊤∈⊡⊞⊞≺∋⋈⊞⊞⊞⋈⊞⋈⋈⊞⋈⊞⊞⋈⋈⋈⋈⊡⊡⊡⊡⋈⊤∈∋≺⋈⋈≺∋⋈⊞⋈⋈⊞∈⋈⋈⋈⋈⊞⊤∈∋⋈⋈≻⋈∋∋⊞⋈⋈⋈⋈⋈⋈⊣
0xab6c125	⊢⋈⋈⋈⋈⋈⋈⊞⋈⋈⋈⊞∈⋈⋈⋈⋈⊞⋈⊞⊞⊤⊥⋈⊞⊤∈⊤∈⊞⋈⋈⋈⊞⋈⊞⊤⊞⊡⋈∈⊞⊡⊞⊡⊞⊞∈∋⊤⋈⋈⊥⊤⊥⊞⋈⊙⋈⋈⋈⋈⋈⊞⊞⊞⋈∈⋈⋈⊤∈⋈≺⋈⊞⋈⋈⋈⋈⊞⋈⋈⋈∈⋈⋈⋈⋈≻⋈⊞⊡⊞⋈⊤∈⋈⋈∈⊞⊞⊡⊞⊞⊤∈∋≺∋⊞⊞⊞⊤∈⊡⊞⊞≺∋⋈⊞⋈⊞⊞⊞⊤∈⊞⋈⊞⋈⋈⋈⋈⋈⊞⋈⊞⋈⋈⋈⋈⊤∈⊞⋈⋈⋈⋈⋈⊞⋈⋈⋈⋈⋈⋈⊡⊡≺∋⋈⊞∋⊤⋈⊞⊞⋈⊤∈∋≺⋈⋈⋈⋈⊞⊞⊞⊤⊥≺∋⋈⊞⋈≺⊞⋈⊞⋈⋈∈⋈⋈⋈⋈⊞∈∋⋈⋈⋈≺∋⊞⊤⊥⊤⋈∈⋈⊞∈∋⋈⋈⋈≻⋈⋈⋈⋈⋈⋈⊞⋈⋈⊤∈⋈⋈≻⋈⋈⋈⋈⊞⊤∈⋈⋈⊤∈⋈⋈⋈⋈⋈⋈⊤∈⋈⋈⋈≻⋈⊞⋈⋈⊞⊞⊞⊞⊞⊞∈⊞⊡⊞⊞⊞⊤∈∈⊞⊞⊞⊞⋈⊤⋈∈⋈⊤∈⊤∈⋈⋈≺∋∋⋈⊞⋈∈∋∋⊞⊞⊤∈∋⋈⋈⋈≻⋈⊤∈∋⋈⋈⋈≻⋈⋈⋈⋈⋈⋈⊞⋈⋈⋈⊞∈⋈⋈⋈⋈⊞⋈⊞⊞⊤⊥⋈⊞⊤∈⊤∈⊞⋈⋈⋈⊞⋈⊞⊤⊞⊡⋈∈⊞⊡⊞⊡⊞⊞∈∋⊤⋈⋈⊥⊤⊥⊞⋈⊙⋈⋈⋈⋈⋈⊞⊞⊞∈⋈⋈⊤∈⋈≺⋈⊞⋈⋈⋈⋈⊞⋈⋈⋈⋈∈⋈⊞⋈⋈≻⋈⊞⊡⊞⋈⊤∈⋈⋈∈⊞⊞⊡⊞⊞⊤∈∋≺∋⊞⊞⊞⊤∈⊡⊞⊞≺∋⋈⊞⋈⊞⊞⊞⊤∈⊞⋈⊞⋈⋈⋈⋈⋈⊞⋈⊞⋈⋈⋈⋈⊤∈⊞⋈⋈⋈⋈⋈⊞⋈⋈⋈⋈⋈⋈⊡⊡⊡⊡≺∋⊞∋⊤⋈⊞⊞⋈⊤∈∋≺⋈⋈⋈⋈⊞⊞⊞⊤⊥≺∋⋈⊞⋈≺⊞⋈⊞⋈⋈∈⋈⋈⋈⋈⊞∈∋⋈⋈⋈⋈≺∋⊞⊤⊥⊤⋈∈⋈⊞∈∋⋈⋈⋈≻⋈⋈⋈⋈⋈⋈⊞⋈⋈⋈⋈⊤∈⋈⋈⋈≻⋈⊞⋈⋈⊞⊞⊞⊞⋈⊞⊞∈⊞⊡⊞⊞⊞⊤∈∈⊞⊞⊞⋈⊞⋈⊞⊤∈⊞⊞⋈≺⋈⊞⋈∈∋∋⊞⊞⊤∈∋⋈⋈⋈⋈⋈≻⋈⋈⋈≻⋈⊤∈⋈⊤∈⋈∈⋈⋈⋈⋈⋈⋈⋈⋈≻⋈⋈⋈⋈⋈≻⊤∈⋈⋈⋈⋈⋈⋈⋈⋈⋈⊤∈⋈⋈⋈⋈⋈⋈⋈≺∋≻⋈∋∋∋∋⋈≻⋈⋈⋈≻∋⋈⊞⋈⋈⋈⋈⋈⋈⊣⊞⊞⊞≺∋⊞⋈⋈⊞⊞⊞⊞⊞⊞⊞⊞⋈⊞⊞⋈⊞⊞⊤⋈⊥≺∋⋈⋈⋈≻⋈⋈⊤∈⋈⊞⋈⋈⋈⋈⋈⋈⊙⋈⋈⋈⋈⋈⋈⋈⋈⋈⋈⊤⋈∈⊞⋈⊡⊞⊞⋈⋈⋈⋈⋈⋈⊞⋈⋈∈⊤∈∈⊡⊞⊞⊞⊤∈∋⊞∋⊞⊞⋈⊞⋈⋈⋈⋈⋈≻⋈⋈⊞⊡⊞⊤∈⋈∈⊞⊞⊡⊞⊞⊤∈∋≺∋⊞⊞⊞⊤∈⊡⊞⊞≺∋⋈⊞⊞⊞⋈⊞⋈⋈⊞⋈⊞⊞⋈⋈⋈⋈⊡⊡⊡⊡⋈⊤∈∋≺⋈≺∋⋈⊞⋈⋈⊞⋈∈⋈⋈⋈⋈⊞⊤∈∋⋈⋈≻⋈∋∋⊞⋈⋈⋈⋈⋈⋈⊣⋈⋈⋈⋈⊤⊥⊤⊥⋈⋈⋈≻⋈⋈⋈⊤∈⋈⋈⊤∈⋈⋈∋∋⋈⊤⋈⋈⋈⋈∈⊞⋈⋈⋈⋈⋈⋈⋈⋈⋈⋈⋈⋈≻⊞⋈⋈⋈⊞⋈⋈⋈⋈⋈⋈⋈⋈⋈≺⋈⊞⋈⊤∈⋈⋈⊤∈⋈⋈≺∋⋈⊞⊤∈∋⊞⋈⊞⊥≺∋⋈⋈⋈⊞⊞⊞⋈⋈⋈⋈⋈⋈⋈⋈⋈≻⊞⋈⋈⊞⋈⋈⋈⋈⋈⋈⋈⋈⋈⋈⋈∋≻⊞⋈⊤⋈∈⋈⋈⋈⋈⋈⋈⋈≻⋈∋⋈⊤∈⋈⋈⋈⋈⋈⋈⋈≻⋈∋⋈⋈⋈≻⋈⊤∈⋈⋈≻≺∋⋈⊞⋈⋈⊞⊞⊞⊞⊞⊞⊞∈⊞⊡⊞⊞⊞⊤∈∈⊞⊞⊞⊞⋈⊤∈⋈⋈⊤∈⋈⊤∈⋈⋈≺∋∋⋈⊞⋈∈∋∋⊤∈⊞⊤∈⊞⊞⊞⊞∋⊞⊞⊤∈⋈⊤∈⊡⊞⊞⋈≺∋⊞⋈⊡⋈⊞⋈⋈⊡⊞⋈⋈⋈⋈⋈⋈⋈⋈≺∋⊞⊞⊞⋈≺∋⊞⊞⊞≺∋⊤⋈⊥⋈⊥⋈≺⋈≺∋∋∋∋⋈⋈⊞⋈⋈⋈⋈⋈⋈⊣⊞⋈⋈⊞⊞⊞⊞⊞⊞⊞⊞⋈⊞⊞⋈⊞⊞⊤⋈⊥≺∋⋈⋈⋈≻⋈⋈⊤∈⋈⊞⋈⋈⋈⋈⋈⋈⊙⋈⋈⋈⋈⋈⋈⋈⋈⋈⋈⊤⋈∈⊞⋈⊡⋈⊞⊞⋈⋈⋈⋈⊞⋈⋈⋈∈⊤∈∈⊡⊞⊞⊞⊤∈∋⊞∋⊞⊞⋈⊞⋈⋈⋈⋈⋈≻⋈⋈⊞⊡⊞⊤∈⋈∈⊞⊞⊡⊞⊞⊤∈∋≺∋⊞⊞⊞⊤∈⊡⊞⊞≺∋⋈⊞⊞⊞⋈⊞⋈⋈⊞⋈⊞⊞⋈⋈⋈⋈⊡⊡⋈⊤∈∋≺⋈≺∋⋈⊞⋈⋈⊞⋈∈⋈⋈⋈⋈⊞⊤∈∋⋈⋈≻⋈∋∋⊞⋈⋈⋈⋈⋈⋈⊣
0xab68afe	⊢⋈⋈⋈⋈⋈⋈⊞⋈⋈⊞∈⋈⋈⋈⋈⋈⊞⋈⊞⊞⊤⊥⋈⊞⊤⋈∈⊤∈⊞⋈⋈⊞⋈⊞⊤⊞⊡⋈∈⊞⊡⊞⊡⊞⊞∈∋⊤⋈⋈⊥⊤⊥⊞⋈⋈⊙⋈⋈⋈⋈⋈⋈⊞⊞⊞⋈∈⋈⋈⊤∈⋈≺⋈⋈⊞⊞⊞⋈⊞⋈⋈⊞∈⋈⊞⋈⋈≻⋈⋈⊞⊡⊞⋈⊤∈⋈⋈∈⊞⊞⊡⊞⊞⊤∈∋≺∋⊞⊞⊞⊤∈⊡⊞⊞≺∋⋈⊞⋈⊞⊞⊞⊤∈⊞⋈⊞⋈⋈⋈⋈⋈⊞⋈⊞⋈⋈⋈⋈⊤∈⊞⊞⊞⋈⋈⋈⊞⋈⋈⋈⊡⊡⊡⊡≺∋⋈⊞∋⊤⋈⊞⊞⋈⊤∈∋≺⋈⋈⋈⊞⊞⊞⊤⊥≺∋⋈⊞⋈≺⊞⊞⋈⋈∈⋈⋈⋈⋈⊞∈∋⋈⋈⋈⋈≺∋⊞⊤⊥⊤∈⋈⊞∈∋⋈⋈⋈≻⋈⋈⋈⋈⋈⋈⋈⊞∈⋈⊤∈⊞⊞⋈⊞⊥⋈⊤⊥⊞∈∋∋⋈⋈⋈≻∋⋈⊤∈⋈⋈≻⊤∈⋈⋈≻∋⋈∋⊞⋈⋈⊞⋈⊞⊞⊤⊥⋈⋈⋈⋈⊞⋈⋈⋈⋈⊣⊞⋈⋈⊞⊞⊞⊞⊞⊞⊞⊞⋈⊞⊞⋈⊞⊞⊤⋈⊥≺∋⋈⋈⋈≻⋈⋈⊤∈⋈⋈⋈⋈⋈⋈⋈⋈⊙⋈⋈⋈⋈⋈⋈⋈⋈⋈⊤∈⊞⋈⊡⊞⊞⋈⋈⋈⋈⋈⋈⋈⋈⊞⋈⋈∈⊤∈∈⊡⊞⊞⊞⊤∈∋⊞∋⊞⊞⋈⊞⋈⊞⋈⋈≻⋈⋈⊞⊡⊞⊤∈⋈∈⊞⊞⊡⊞⊞⊤∈∋≺∋⊞⊞⊞⊤∈⊡⊞⊞≺∋⋈⊞⊞⊞⋈⊞⋈⋈⊞⊞⊞⊞⋈⊡⊡⊡⊡⋈⊤∈∋≺⋈⋈≺∋⋈⊞⋈⋈⊞∈⋈⋈⋈⋈⊞⊤∈∋⋈⋈≻⋈∋∋⊞⋈⋈⋈⋈⋈⋈⊣
0xab6e33f	⊢⋈⋈⋈⋈⋈⋈⊞⋈⋈⊞∈⋈⋈⋈⋈⋈⊞⋈⊞⊞⊤⊥⋈⊞⊤⋈∈⊤∈⊞⋈⋈⊞⋈⊞⊤⊞⊡⋈∈⊞⊡⊞⊡⊞⊞∈∋⊤⋈⋈⊥⊤⊥⊞⋈⋈⊙⋈⋈⋈⋈⋈⋈⊞⊞⊞⋈∈⋈⋈⊤∈⋈≺⋈⋈⊞⊞⊞⋈⊞⋈⋈⊞∈⋈⊞⋈⋈≻⋈⋈⊞⊡⊞⋈⊤∈⋈⋈∈⊞⊞⊡⊞⊞⊤∈∋≺∋⊞⊞⊞⊤∈⊡⊞⊞≺∋⋈⊞⋈⊞⊞⊞⊤∈⊞⋈⊞⋈⋈⋈⋈⋈⊞⋈⊞⋈⋈⋈⋈⊤∈⊞⊞⊞⋈⋈⋈⊞⋈⋈⋈⊡⊡⊡⊡≺∋⋈⊞∋⊤⋈⊞⊞⋈⊤∈∋≺⋈⋈⋈⊞⊞⊞⊤⊥≺∋⋈⊞⋈≺⊞⊞⋈⋈∈⋈⋈⋈⋈⊞∈∋⋈⋈⋈⋈≺∋⊞⊤⊥⊤∈⋈⊞∈∋⋈⋈⋈≻⋈⋈⋈⋈⋈⊞⋈⋈⊞⋈⊞⋈⊞⋈⊞⋈⋈⋈⋈⋈⋈⋈⊞⋈⋈⋈⋈⋈⊞⊤⊥⋈⋈⋈⋈≻⊤∈⋈⋈⋈⋈⋈≻⊤∈⊤∈⋈⋈≺⊤∈⋈⊞⋈⋈≺∋∋⋈⋈⋈⋈⋈≻⊞⋈⋈⋈≻∋⋈⋈⋈⋈⋈≻⊤∈⊤∈⋈⋈≺⊤∈⋈⊞⊞⋈⋈≺∋∋⋈⋈⋈⋈⋈≻⊞⋈⋈⋈⋈⋈⋈⋈⋈⋈⋈≻⋈⋈⋈⋈⋈⋈≻⋈⋈⋈⋈⋈≺∋≻∋⋈⊞⊞⋈⋈⊞⋈⊞⋈⊞⊞⊞⊞⊞⊞⊞⊞⊞⊞⊞⊞⊞⊞⊞⊞⊞⊞⊞⊞⊞⊞⊞⊞⊞⊞⊞⊞⊞⊞⊞⊞⊞⊞⊞⊞⊞⊞⊞⊞⊞⊞⊞⊞⊞⊞⊞⊞⊞⊞⊞⊞⋈⊞⊞⊞⊞⊞⋈⋈⋈⋈⋈⊣⊞⋈⋈⊞⊞⊞⊞⊞⊞⊞⊞⋈⊞⊞⋈⊞⊞⊤⋈⊥≺∋⋈⋈⋈≻⋈⋈⊤∈⋈⋈⋈⋈⋈⋈⋈⋈⊙⋈⋈⋈⋈⋈⋈⋈⋈⋈⊤∈⊞⋈⊡⊞⊞⋈⋈⋈⋈⋈⋈⋈⋈⊞⋈⋈∈⊤∈∈⊡⊞⊞⊞⊤∈∋⊞∋⊞⊞⋈⊞⋈⊞⋈⋈≻⋈⋈⊞⊡⊞⊤∈⋈∈⊞⊞⊡⊞⊞⊤∈∋≺∋⊞⊞⊞⊤∈⊡⊞⊞≺∋⋈⊞⊞⊞⋈⊞⋈⋈⊞⊞⊞⊞⋈⊡⊡⊡⊡⋈⊤∈∋≺⋈⋈≺∋⋈⊞⋈⋈⊞∈⋈⋈⋈⋈⊞⊤∈∋⋈⋈≻⋈∋∋⊞⋈⋈⋈⋈⋈⋈⊣
0xab6ac7f	⊢⋈⋈⋈⋈⋈⋈⊞⋈⋈⋈⊞∈⋈⋈⋈⋈⊞⋈⊞⊞⊤⊥⋈⊞⊤∈⊤∈⊞⋈⋈⋈⊞⋈⊞⊤⊞⊡⋈∈⊞⊡⊞⊡⊞⊞∈∋⊤⋈⋈⊥⊤⊥⊞⋈⊙⋈⋈⋈⋈⋈⊞⊞⊞∈⋈⋈⊤∈⋈≺⋈⊞⋈⋈⋈⋈⊞⋈⋈⋈⋈∈⋈⋈⋈≻⋈⊞⊡⊞⋈⊤∈⋈⋈∈⊞⊞⊡⊞⊞⊤∈∋≺∋⊞⊞⊞⊤∈⊡⊞⊞≺∋⋈⊞⋈⊞⊞⊞⊤∈⊞⋈⊞⋈⋈⋈⋈⋈⊞⋈⊞⋈⋈⋈⋈⊤∈⊞⋈⋈⋈⋈⋈⊞⋈⋈⋈⋈⋈⋈⊡⊡≺∋⊞∋⊤⋈⊞⊞⋈⊤∈∋≺⋈⋈⋈⋈⊞⊞⊞⊤⊥≺∋⋈⊞⋈≺⊞⋈⊞⋈⋈∈⋈⋈⋈⋈⊞∈∋⋈⋈⋈⋈≺∋⊞⊤⊥⊤⋈∈⋈⊞∈∋⋈⋈⋈≻⋈⋈⋈⋈⋈⋈⊞⋈⋈⋈⋈⋈⋈⋈⋈⋈⋈⋈⋈≻⋈⊤∈⋈⋈≻⋈⋈⋈⋈⋈⋈⊞⋈⋈⋈⋈⋈⋈⋈⋈⋈≻⊤∈⊤∈⊤∈∋∋⋈⋈⋈≻⊤∈⊤∈⊤∈∋∋⊤∈⋈⋈⊞≻≺∋⋈⋈⋈⋈⋈⋈⋈⋈⋈⋈⋈⋈⋈⋈⋈≻⋈⋈⊤∈⋈⋈⊞⊞⊤∈⋈⊞⊙⋈≺∋∋∋∋⋈⊞⋈⋈⋈⋈⋈⋈⊣⋈⋈⊞⊤∈⋈⋈⊞∈⋈⋈⊤⋈∈⊞⋈⊞⊞⋈⋈≺⋈⋈⊤⊥⋈⊤⊥⊞⋈∈⋈⊡⊞⋈⊞⋈∋⊞⊤∈≺⋈≺∋∋⋈⊞⋈⋈⋈⋈⋈⋈⋈⊤⊥⋈⊥⊥⊞⋈⊞⊞∈∈⊤∈⋈⊞⊤⊥⊞⊤∈⊞⋈⊞⋈⊞⊥≺∋⋈⊤∈⊤∈⋈⋈⋈⊤⋈∈∋⋈⊞⊤∈⋈⊞⊥≺≺∋⊞∋⊞∋⊤∈⊤∈⋈⋈⋈⋈⊤⋈∈∋⋈⊞⋈⊤∈⋈⊞⊥≺∋∋⊞∋⊞⊤∈∋⊤∈∋∋⊤∈⋈⋈≺⊤∈⊤⋈⋈∈⋈⋈⊞≻≺∋⋈⋈⋈⋈⋈⋈⋈⋈⋈⋈⊞⋈⋈⋈⋈⋈⊞⋈⋈⋈⋈≻⊞⋈⋈⋈⊤∈⋈⋈⊞⊞⊤∈⋈⊞⊙≺⋈⋈≺⋈∋⋈∋∋∋∋∋⋈⋈⊞⋈⋈⋈⋈⋈⋈⊣⊞⋈⋈⊞⊞⊞⊞⊞⊞⊞⊞⋈⊞⊞⋈⊞⊞⊤⋈⊥≺∋⋈⋈⋈≻⋈⋈⊤∈⋈⊞⋈⋈⋈⋈⋈⋈⊙⋈⋈⋈⋈⋈⋈⋈⋈⋈⋈⊤⋈∈⊞⋈⊡⊞⊞⋈⋈⋈⋈⋈⋈⊞⋈⋈∈⊤∈∈⊡⊞⊞⊞⊤∈∋⊞∋⊞⊞⋈⊞⋈⋈⋈⋈⋈≻⋈⋈⊞⊡⊞⊤∈⋈∈⊞⊞⊡⊞⊞⊤∈∋≺∋⊞⊞⊞⊤∈⊡⊞⊞≺∋⋈⊞⊞⊞⋈⊞⋈⋈⊞⋈⊞⋈⋈⋈⋈⊡⊡⋈⊤∈∋≺⋈≺∋⋈⊞⋈⋈⊞⋈∈⋈⋈⋈⋈⊞⊤∈∋⋈⋈≻⋈∋∋⊞⋈⋈⋈⋈⋈⋈⊣
0xab6d764	⊢⋈⋈⋈⋈⋈⋈⊞⋈⋈⊞∈⋈⋈⋈⋈⋈⊞⋈⊞⊞⊤⊥⋈⊞⊤⋈∈⊤∈⊞⋈⋈⊞⋈⊞⊤⊞⊡⋈∈⊞⊡⊞⊡⊞⊞∈∋⊤⋈⋈⊥⊤⊥⊞⋈⋈⊙⋈⋈⋈⋈⋈⋈⊞⊞⊞⋈∈⋈⋈⊤∈⋈≺⋈⋈⊞⊞⊞⋈⊞⋈⋈⊞∈⋈⋈⋈≻⋈⋈⊞⊡⊞⋈⊤∈⋈⋈∈⊞⊞⊡⊞⊞⊤∈∋≺∋⊞⊞⊞⊤∈⊡⊞⊞≺∋⋈⊞⋈⊞⊞⊞⊤∈⊞⋈⊞⋈⋈⋈⋈⋈⊞⋈⊞⋈⋈⋈⋈⊤∈⊞⊞⊞⋈⋈⋈⊞⋈⋈⋈⊡⊡≺∋⋈⊞∋⊤⋈⊞⊞⋈⊤∈∋≺⋈⋈⋈⊞⊞⊞⊤⊥≺∋⋈⊞⋈≺⊞⊞⋈⋈∈⋈⋈⋈⋈⊞∈∋⋈⋈⋈⋈≺∋⊞⊤⊥⊤∈⋈⊞∈∋⋈⋈⋈≻⋈⋈⋈⋈⋈⋈⊞⋈⊤∈⋈⋈⋈⊤∈⋈⋈⋈⋈⋈⊤⋈∈⋈⋈⋈≻⋈⊞⋈⋈⊞⊞⊞⊞⊞⊞⋈∈⊞⊡⊞⊞⊞⊤∈∈⊞⊞⊞⊞⋈⊞⊤∈⊤∈⊤∈⋈≺∋∋⋈⊞⋈∈∋∋⊞⊞⊤∈∋⋈⊤∈⋈⋈⋈≻⋈⋈⋈⊞⋈⋈⊞⋈⊞⋈⊞⋈⊞⋈⋈⋈⋈⋈⋈⋈⊞⋈⋈⋈⋈⋈⋈⋈⋈≻⋈⋈⋈⋈⋈⋈≻⋈⋈⋈⋈⋈≻⋈⊞⊞⋈⋈⊞⋈⊞⋈⊞⊞⊞⊞⊞⊞⊞⊞⊞⊞⊞⊞⊞⊞⊞⊞⊞⊞⊞⊞⊞⊞⊞⊞⊞⊞⊞⊞⊞⊞⊞⊞⊞⊞⊞⊞⊞⊞⊞⊞⊞⊞⊞⊞⊞⊞⊞⊞⊞⊞⊞⊞⋈⊞⊞⊞⊞⊞⋈⋈⋈⊣⋈⊞⋈⋈⋈⋈⋈⋈⋈⋈⋈⋈≻⋈⋈⋈⋈⋈≻⋈⋈⋈⊤⋈∈⋈⋈⊤⋈∈⊤⊥⊞⊤⊥⊥⋈⋈≺∋⊤⊥⋈∋⋈⋈⋈≻⋈⋈⊤∈⋈⋈⋈⊤∈⋈⋈∋∋⋈⋈⋈⋈≻⋈⋈⊤∈⋈⋈⋈⊤∈⋈⋈∋∋⋈⊤⋈⋈∈⋈⋈⋈⋈⋈⋈⋈⋈⋈≻⋈⋈⋈⋈⋈⋈⋈⋈⋈⋈⋈⋈≻⋈≺⋈⋈⊤∈⋈⋈⋈⋈≻⋈⋈⋈⋈⋈⋈⋈⋈≻⋈⋈≺∋∋⊤∈⋈⋈⋈⋈⋈⋈⋈≻⋈∋⋈⋈⋈≻⋈⊤∈⋈⋈≻≺∋⋈⊞⋈⋈⊞⊞⊞⊞⊞⊞⊞∈⊞⊡⊞⊞⊞⊤∈∈⊞⊞⊞⊞⋈⊞⊤∈⊤∈⊤∈⋈≺∋∋⋈⊞⋈∈∋∋⊤∈⊞⊤∈⊞⊞⊞⊞∋⊞⊞⊤∈⋈⊤∈⊡⊞⊞⋈≺∋⊞⋈⊡⋈⊞⋈⋈⊡⊞⋈⊞⋈⋈⋈⋈⊞⋈⋈≺∋⊞⊞⊞⋈⋈≺∋⊞⊞⊞≺∋⋈≺⋈≺∋∋∋∋⋈⊞⋈⋈⋈⋈⋈⋈⊣⊞⋈⋈⊞⊞⊞⊞⊞⊞⊞⊞⋈⊞⊞⋈⊞⊞⊤⋈⊥≺∋⋈⋈⋈⋈≻⋈⋈⊤∈⋈⋈⋈⋈⋈⋈⋈⋈⋈⊙⋈⋈⋈⋈⋈⋈⋈⋈⋈⋈⊤∈⊞⋈⊡⊞⊞⋈⋈⋈⋈⋈⋈⋈⊞⋈∈⊤∈∈⊡⊞⊞⊞⊤∈∋⊞∋⊞⊞⋈⊞⋈⊞⋈⋈⋈≻⋈⋈⊞⊡⊞⊤∈⋈∈⊞⊞⊡⊞⊞⊤∈∋≺∋⊞⊞⊞⊤∈⊡⊞⊞≺∋⋈⊞⊞⊞⋈⊞⋈⋈⊞⊞⊞⊞⋈⊡⊡⋈⊤∈∋≺⋈⋈≺∋⋈⊞⋈⋈⊞∈⋈⋈⋈⋈⊞⊤∈∋⋈⋈≻⋈∋∋⊞⋈⋈⋈⋈⋈⋈⊣
0xabce320	⊢⋈⋈⋈⋈⋈⋈⋈⊞⋈⋈⋈⊙⊤∈⋈⋈≻⋈⋈⋈⋈⋈⋈⋈⊞⊞⋈⋈⋈⊞⋈⋈⋈⋈⊤∈∋⋈⋈⋈⋈⊞⋈≻⋈⋈⋈⋈⋈⊞⋈⊞⋈⋈⋈⊙⊞⊞⊞⋈⋈⋈⊙⋈⋈⋈⋈⋈⋈⋈⋈⋈⋈⋈⋈⋈⋈⋈⋈⊞⋈⋈⋈⋈⋈⋈⊣
0xab8b277	⊢⋈⋈⋈⋈⋈⋈⋈⊞⋈⋈≻⋈⋈⋈⋈⋈⋈⋈⊞⊞⋈⋈⊞⋈⊞⋈⋈⋈⋈⋈⊡⊤∈⋈⋈⋈⋈⋈⊞⋈≻⋈⋈⋈⋈⋈⊞⋈⊞⋈⋈⋈⋈⊙⊞⊞⊞⋈⊙⋈⋈⋈⋈⊡⋈⋈⋈⋈⋈⋈⋈⋈⋈⋈⋈⋈⋈⋈⊞⋈⋈⋈⋈⋈⋈⊣
0xaba1fc5	⊢⋈⋈⋈⋈⋈⋈⋈⊙⊤∈⋈⋈≻⋈⋈⋈⋈⋈⋈⋈⋈⋈⊣
0xabce4c0	⊢⋈⋈⋈⋈⋈⋈⋈⊞⋈⋈⋈⋈⋈⊙⊤∈⋈⋈≻⋈⋈⋈⋈⋈⋈⋈⊞⋈⊞⋈⋈⋈⊞⋈⋈⋈⋈⋈⊤∈∋⋈⋈⊞⋈≻≺⋈⋈⋈⋈⋈⋈⊞⋈⊙⊞⊞⊞⋈⋈⋈⊙⋈⋈⋈⋈⋈⊤∈⋈⋈⋈⊞≻≺⋈⊞⊤∈⋈⋈⋈≻⋈⊞⋈⊞⊞⊙⋈⋈⊞⊡∈⋈⊤⊞⋈⋈⋈⊤∈⊤∈∋∋⋈⋈⋈⋈⋈⋈⋈⋈⋈⋈⋈⋈⋈⊞⋈⋈⋈⋈⋈⋈⊣
0xab8b5a4	⊢⋈⋈⋈⋈⋈⋈⋈⊞⋈⋈⋈⋈⋈≻⋈⋈⋈⋈⋈⋈⊞⊞⋈⋈⊞⋈⊞⋈⋈⋈⋈⋈⋈⋈⋈⊡⊤∈⋈⋈⊞⋈≻≺⋈⋈⋈⋈⋈⋈⊞⋈⊙⊞⊞⊞⋈⊙⋈⋈⋈⋈⊡⋈⋈⊤∈⋈⋈⊞⋈≻≺⋈⊞⊤∈⋈⋈⋈≻⋈⊞⋈⊞⊞⋈⊙⋈⋈⊞∈⋈⊤⊞⋈⋈⋈⊤∈⊤∈∋∋⋈⋈⋈⋈⋈⋈⋈⋈⋈⋈⋈⊡⋈⋈⋈⋈⊞⋈⋈⋈⋈⋈⋈⊣
0xabcc690	⊢⋈⋈⋈⋈⋈⋈⋈⊞⋈⋈⋈⋈⋈⋈⋈⋈⋈⋈⋈⊞⋈⊞⊞⋈⋈⊙⋈⋈⊞⋈⋈⋈⋈⋈⋈⋈⋈⊞⊞⋈⊙⋈⊞⋈⋈⋈⊤∈⋈⊤∈⋈⋈≺⋈⋈⊤∈⋈⋈⊤∈⋈⋈⋈⋈⋈⋈⋈⋈⋈⋈⋈⋈⊞⊞⊤∈⋈⋈≻⊤∈⋈≻⋈⋈≺⋈⊞⋈⋈⋈⋈⋈⋈⋈⋈⋈⋈⊞⊤∈⋈⋈⋈⋈≻⊡≺⊤∈∋⋈⋈⋈≺⋈≻⋈⋈⋈⊞⊞⋈≺∋∋∋∋⋈⋈⊤∈⋈⊤∈⋈⊞≺∈⋈⋈⊤∈⊤∈⋈⋈≺⋈⋈⊤⋈∈⋈⊤∈∋⋈⋈⋈≻⋈⋈⋈⋈⋈⋈⋈⋈⋈⋈⊞⊤∈⋈⊞⋈≻≺⋈⋈⊞⋈⋈⋈⋈⊞⋈⋈⋈⋈⋈⋈⋈⋈⋈⊞⊤∈⋈⊞⋈≻≺⋈⋈⋈⊞⋈⋈⋈≺∋⋈⋈⋈⋈⊞⋈⋈⋈⊞⋈⊞⊞⋈⋈⊙⋈⋈⋈⋈⋈⋈⊞⋈⋈⊙⋈⊞⋈⋈⋈⋈⋈⋈⊞⊞⋈⊙⋈⊞⋈⋈⋈⋈⋈⊞⊞⋈⊞⋈⊙⋈⋈⋈⊞⋈⊞⋈⊙⊤∈⊞∈⋈⋈⋈⊞⊤∈∋∋⊡⋈⊤⋈⋈∈⋈⊞⊞⊤∈⋈⋈⋈∋≻≺∋⊣⋈⋈⋈⊞⊙⋈⊞⊡∈⋈⋈⋈⊞⊤∈∋≺∋⋈⊙⋈⋈⋈⊤∈∋∋∋∋∋∋⋈∋⋈∋⋈⋈⋈⋈⋈⋈⋈⋈⋈⋈⋈⋈⋈⊞⋈⋈⋈⋈⋈⋈⊣
0xabc30f0	⊢⋈⋈⋈⋈⋈⋈⋈⊞⋈⋈⊤∈⋈⋈⋈⋈⋈⋈≺⋈⊞⋈⋈⋈⋈⊤∈⋈⋈⋈⋈⋈⋈⋈≻⊤∈⋈⋈≻⋈⊤∈⋈⊙∋⋈≻⋈⋈⋈⊞⋈⋈⋈∈⊤∈⋈⋈⋈⊞⊞⋈⋈⊞∈⋈⋈⋈⊤∈⊤∈⋈⋈⋈⋈⋈≺∋⋈⋈⊞⊞⊞⊤∈⋈⋈⊤⊥⊤⋈⊥⊤∈⋈⊞≺⋈⋈⋈⋈⋈⋈⋈⋈⊞⊤∈⊤∈⋈⋈⋈⋈⋈⋈⋈⊞⊞⋈⊞⊤∈⊤∈∋⋈⊞⋈≺⊞⋈⋈⋈⋈⋈⊤∈⋈⋈∋∋⋈⋈⋈⋈⋈⋈≺⋈⊞⋈⊞⋈⋈⊤∈≺∋⋈⊤∈∋⋈≻⋈∋∋⊞⋈⋈⊡⋈⋈⋈⋈⋈⋈⋈⋈⊤⋈∈∋≺⊤⋈∈∋⋈≺⋈⋈⋈⋈≺⊞⋈⋈⊤∈∋≺⊞⋈⋈∋⋈⋈∋⋈⋈⋈⋈⋈∋∋⋈⋈⊤∈⋈⊙∋∋∋⊞⋈⋈⋈⋈⋈⋈⊣
0xaba428c	⊢⋈⊤∈⊞⋈⋈≻⊞⊣⋈⋈⋈⋈⊣
0xaba3e55	⊢⋈⋈⋈⋈⋈⋈⊞⋈⋈⋈⊞∈⋈⋈⋈⋈⊤∈⋈⋈⋈⋈⋈≻⋈≺⋈⋈⋈⋈⋈⊞⋈⋈⋈⋈⋈⋈⊞⋈⊞⊞⊞∈⋈⋈⋈⋈≻≺⋈⋈∋∋⊤∈⋈⋈⊞⊤∈⋈⋈⊤∈⋈⋈⋈⋈⋈≻⊤∈⋈⊤⋈∈⋈⋈⋈≻⊤∈⋈⊤∈⋈∋⋈⋈⋈⊞∈⋈≺∋⋈⋈≻⊤⋈∈⋈⋈⋈≺⋈⋈⋈⋈⊞⋈⋈⋈⋈⋈⋈⊞⋈⊞⊞⊞∈⋈⋈∋⋈⋈≻≺⋈⋈∋⊤∈⋈⋈⋈⊤∈∋⋈⋈≺∋⋈≻≺⊞⋈⊞⊞⋈⊞⊞⋈⊞⋈⊞⋈⋈⊞⊤∈⋈⋈⋈⋈≻⋈≺∋⋈⋈⊞⊞⋈⊞⊞⊞⋈⊞⊞⊞⋈⊞⊞⋈⊞≺∋⋈≺⋈⊤∈⋈⋈⊞⊤∈∋⋈⋈⋈⋈≻⋈≺∋⋈⊞⊤∈⋈⊞⊞⊞⊞⊞⋈⋈⋈⊞⊞⋈≺∋⋈⊞⊞⋈⊞∋⋈⋈⊤∈⋈≻≺∋⋈⋈⊞⋈≺∋⊞∋⋈≺∋∋∋⊞⋈⋈⋈⋈⋈⋈⊣
0xaba3dfa	⊢⋈⋈⋈⋈⋈⋈⋈⋈≻⋈⋈≻⋈⋈⊞⋈⋈⊣
0xaba42bb	⊢⋈⋈⋈⋈⋈⋈⋈⋈≻⋈⋈≻⋈⋈⊞⋈⋈⊣
0xaba4255	⊢⋈⋈⋈⋈⋈⋈⋈⋈≻⋈⋈≻⋈⋈⊞⋈⋈⊣
0xaba3e32	⊢⋈⋈⋈⋈⋈⋈≻⋈⋈⋈≺
0xabb83e0	⊢⋈⋈⋈⋈⋈⋈⋈⊞⋈⋈⋈⋈⋈⋈⊤∈⋈⋈⊞⊞≺⋈⋈≻⋈⋈⋈⋈⊞∈⋈⊤∈⋈⋈⋈≻⋈⊤∈∋⋈⋈⋈⊙⋈⋈⋈⋈≻⋈⊤∈∋⋈≺∋∋⋈⋈⋈⋈⋈⋈⊤∈⊤∈⊤∈⋈⋈⋈⋈⋈⋈⊞⊙⊞⊤∈∋∋⋈⋈⋈⊞⊙⋈⋈⋈⋈⋈⋈⊞⊙⋈⋈⋈⋈≺⊞⋈⋈⋈⋈⋈⋈⊣
0xabbe7f0	⊢⋈⋈⋈⋈⋈⋈⋈⊞⋈⋈⋈⋈⊞⊤⊥⋈⊞⋈⊞⋈⊞⊥⊤⊥⊤∈⋈⋈≺⋈⋈⊞⋈⋈⋈⋈⋈⊞⊞⊞⊞⊞⊞⊞⊞∈⋈⊤∈⊤∈⋈∋⋈⋈⊞⊞⊞⊤∈⊞⊞⋈⋈⊤∈⋈≺⋈⊤∈⋈⊤∈⋈∈⋈⋈⊞⋈∈⊤∈⋈⊤⊥⊞⊞⊞⊤∈∋⋈⊤∈∋⊞∈∋⋈⋈≺⋈≺∋≺⊞⊞⊞⊞≺∋⋈⋈⋈⋈⊤∈⋈∋⋈≻⋈⊤∈⋈⊞⋈⋈⋈⋈⊞⋈⋈⋈⊞≺∈⋈⋈⋈⋈⋈⋈⋈⋈≻⊤∈⋈⋈⋈⋈≺⋈⊤∈⊤∈⋈⋈≻⋈⋈⋈⋈⋈≻⊤∈⋈⋈⋈≺⊤∈⊤∈∋⋈⋈≻⋈⋈⋈⋈⊤∈⊤∈∋⋈⋈≻⋈⋈⋈⋈⋈≻⊤∈∋∋∋∋∋⊞⊤∈∋⊤∈⋈⊤∈⋈⊞⋈⋈⋈⋈⋈⋈⋈≻⊞≺∋⊞⋈⋈≺⋈⋈⋈⋈⋈≺≺⋈⋈⋈⋈≺⊞⊞⊞∈∋⋈≺∋∋⋈⋈⋈⋈⋈∋∋⋈∋∋∋∋∋⊞⋈⋈⋈⋈⋈⋈⊣
0xabbe4c0	⊢⋈⋈⋈⋈⋈⋈⋈⊤∈⋈⋈⊤∈⋈⋈⋈⋈⋈⋈≻≺⊤∈⋈⊤∈⋈⊤∈⋈⊤∈⊞⊡∈⋈⊞⋈⊞⊤⊥⊞⋈⊤∈∋⊞≺∋⊞⊤∈⊞∈⊞⊞⊞⊤∈⋈⊤∈⋈⊤∈⊞⊡∈⋈⊞⋈⊞⊤⊥⊞⋈⊤∈∋⊞≺∋⊞⊤∈⊞∈⊞⊞⊞≺∋⊤∈⊞∈⋈⋈⊞⊤⊥⊞⋈⊞⋈⊞∈⊤∈⋈⋈⋈⋈≻≺⊤∈⋈⊤∈∋∋⊞⋈≺⋈⊤∈⋈⊤∈⊞⊡∈⋈⊞⋈⊞⊤⊥⊞⋈⊤∈∋⊞≺∋⊞⊤∈⊞∈⊞⊤∈⋈⊞∈⋈⋈⊞⊤⊥⊞⋈⊞⋈⊞∈⊤∈∋∋∋∋∋∋∋∋∋∋∋∋∋∋∋∋∋⋈⋈⊞⊞⊞⋈⋈⋈⋈≻≺∋∋∋∋⊞⋈⋈⋈⋈⊣
0xab8c30d	⊢⋈⋈⋈⋈⊤∈⊞∈⋈⋈≻∋⋈∈⋈⊞⋈⋈⋈≻⋈⊤∈∋≺∋⋈⋈⋈⋈⋈⋈⊣
0xab8faab	⊢⋈⋈⋈⋈⊞⋈⋈⋈⋈⋈⊤∈⊤⊥⊤⊥⊞∈⊤⊥⊤⊥⊞∈∋⊞⊤∈⋈⊞⋈⋈⋈≻⋈⊤∈∋∈⋈⋈≻∋⊤∈⋈⊞⋈⋈⋈≻⋈⊤∈∋≺∋⋈⋈⋈≺∋⋈⋈⋈⋈⋈⋈⋈≻⋈⋈⋈⋈≺∋⊞⋈⋈⋈⋈⊣
0xab7c0ac	⊢⋈⋈⋈⋈⋈⊞∈⋈⊤∈⋈⋈⋈≻∋⋈⊤∈⋈⋈⋈≻∋⊞⊤∈∋⋈⋈⋈⊣
0xabc5930	⊢⋈⋈⋈⋈⋈⋈⋈⋈⊤∈⊞⋈⋈⋈⋈⋈⋈⊣⋈⋈⋈≺∈⋈⊡∈⋈≻≺∋⋈≻⊞⊞∈∋⋈⊞⋈⋈⋈⋈⋈⋈⊙
0xabb57b0	⊢⋈⋈⋈⋈⊤∈⋈⊤∈⋈⊙∋⊤∈⋈⊙∋⊤∈⋈⊙∋⊤∈∋⊞⋈⋈⊣⋈⊞⋈⋈⊙
0xab4f246	⊢⋈⋈⋈⋈⋈⊞∈⋈⋈⋈⊤∈⋈⋈⋈≻∋⋈⊤∈⋈⋈⋈≻∋⋈⋈⋈≻⋈⋈⋈⋈⋈⋈⋈≺⊤∈⋈⊞⊞⋈⋈≺∋⋈⊤∈⊤∈∋⊣⋈⊙⋈⋈⋈⊣
0xab7c66c	⊢⋈⋈⋈⋈⋈⋈⋈⊞∈⋈⋈⋈⊤∈⋈∈⋈≻⊞⊞∈∋∋⋈⋈⋈⋈≻⋈⋈⋈≻⋈⋈⋈⋈⋈⋈⋈⋈⋈≺⊤∈⋈⊞⊞⋈⋈≺∋⋈⊤∈⊤∈∋⊣⋈⊙⋈⋈⋈⋈⋈⊣
0xabc2ae0	⊢⋈⋈⋈⋈⊤⊥⊤⊥⊞∈⋈⋈⊡∈⋈≻∋⋈⊡∈⋈≻∋⋈≻⋈⋈⋈⋈⊙⋈⋈⋈⊣
0xabc1aa0	⊢⋈⋈⋈⋈⋈⋈⋈⋈⋈⊤∈⋈⋈⊤∈⋈⋈≺∈⊤∈⋈⊤∈⊤∈⊙∋⊤∈⋈⊙≺∋∋∋⊞⊞∈∋⋈⊙∋⊤∈∋⊞⋈⋈⋈⋈⋈⋈⊣⋈⊞⋈⋈⋈⋈⋈⋈⊙
0xabcc620	⊢⋈⋈⋈⋈⋈⋈⊤⊤∈⋈⊞⊤∈≻⊤∈⋈≺∋∋∋⊞⋈⊤∈⋈⋈⋈⋈⊞⊞⋈⋈⊙⊞⋈⋈⊣
0xabb8e10	⊢⋈⋈⋈⋈⋈⋈⋈⋈⋈⊤∈⋈⋈⊤∈⋈⋈≺∈⊤∈⋈⊙≺∋⊞⊞∈∋⋈⊙∋⋈⊤∈∋⊞⋈⋈⋈⋈⋈⋈⊣⋈⋈⋈≺∈⊤∈⋈⊙≺∋⊞⊞∈∋⋈⊞⋈⋈⋈⋈⋈⋈⊙
0xabb5820	⊢≺
0xabbe7a0	⊢⋈⋈⋈⋈⊤∈⋈⊤∈⊤∈⋈⋈⊙⋈∋⊤∈∋∋⊞⋈⋈⊣⋈⊞⋈⋈⊙
0xabc1a90	⊢⊤∈⊣⊞≺
0xabb8e00	⊢⊤∈⊣⊞≺
0xaba5c70	⊢⊤∈⋈⋈⋈⋈⋈⋈⋈⋈⊞⊤∈⋈⋈⋈⋈⊤∈⋈⊙∋⊤∈⋈⊙∋⋈⋈⋈⋈⋈⋈⊙⋈⋈⋈⋈⋈⊣⊣
0xab4f2cb	⊢≺⋈⋈⋈⋈⋈⊞⊤∈⋈⋈⋈⊤∈⋈⊙∋⊞⊤∈⋈⊙∋⋈⋈⋈⋈⊙⋈⋈⋈⊣
0xab69160	⊢⋈⊤∈⋈⋈⊞⊞⊞⊞⊞⊞⊤∈∋⊣⋈⊞⊙
0xab4f2d0	⊢⋈⋈⋈⋈⋈⋈≻⋈≻⋈≻⋈⋈⋈≻⋈⋈⋈⋈≻⋈⋈⊤∈⋈∈⋈⋈⋈⋈≻⊞⊞∈∋∋⋈⋈⋈⋈⊞⋈⋈⋈⋈≺
0xabc4db0	⊢⋈⋈⋈⋈⋈⋈⊡∈⋈≻∋⋈≻⊤∈⋈≻∋⊤∈⋈≻∋⋈⊤∈⋈⋈⋈⋈⋈≺⋈⋈⋈⊣
0xabc4d60	⊢⋈⋈⋈⋈⋈⋈⊡∈⋈≻∋⊞⋈⋈⋈⋈≺
0xabc4be0	⊢⋈⋈⋈⋈⋈⋈⋈⋈⋈⊤∈⋈⊙∋⋈⋈⋈⋈∈⊤∈⊤∈⊞⋈⋈⋈⋈⋈⋈⊣⋈⊞⋈⋈⋈⋈⋈⋈⊙⋈⊞≻⋈≺∋
0xabc1910	⊢⋈⋈⋈⋈⊤∈⋈⊤∈⊤∈⋈⋈⊙⋈∋⊤∈∋∋⊞⋈⋈⊣⋈⊞⋈⋈⊙
0xabd178b	⊢⋈⋈⋈⋈⋈⋈⋈⋈⊤∈⋈∈⋈⋈⋈⋈≻⊞⊞∈∋∋⋈⋈⋈⋈⊞⋈⋈⋈⋈≺
0xabc5460	⊢⋈⋈⋈⋈⋈⋈⋈⋈⋈⋈⋈⊞⋈⊞∈⊤∈⊤∈⊞⋈⋈⋈⋈⋈⋈⊣⋈⊞⋈⋈⋈⋈⋈⋈⊙⋈⊞≻⋈≺∋
0xabc5510	⊢⋈⋈⋈⋈⋈⋈⋈⋈⋈⋈⋈⊤∈⋈≺∈⋈⊡∈⋈≻≺∋⋈≻⊞⊞∈∋∋⊤∈⊞⋈⋈⋈⋈⋈⋈⊣⋈⊞⋈⋈⋈⋈⋈⋈⊙
0xabc1960	⊢⋈⋈⋈⋈⋈⋈⋈⋈⋈⋈⋈⊤∈⋈⋈≺∈⊤∈⋈⊤∈⊤∈⊙∋⊤∈⋈⊙≺∋∋∋⊞⊞∈∋∋⊤∈⊞⋈⋈⋈⋈⋈⋈⊣⋈⊞⋈⋈⋈⋈⋈⋈⊙
0xabb8360	⊢⋈⋈⋈⋈⋈⋈⋈⋈⋈⋈⋈⊤∈⋈⋈≺∈⊤∈⋈⊙≺∋⊞⊞∈∋∋⊤∈⊞⋈⋈⋈⋈⋈⋈⊣⋈⊞⋈⋈⋈⋈⋈⋈⊙
0xabb8d10	⊢⋈⋈⋈⋈⋈⋈⋈⋈⋈⋈⋈⊤∈⋈⋈≺∈⊤∈⋈⊙≺∋⊞⊞∈∋∋⊤∈⊞⋈⋈⋈⋈⋈⋈⊣⋈⊞⋈⋈⋈⋈⋈⋈⊙
0xabcf900	⊢⋈⋈⋈⋈⋈⋈⋈⋈⋈⋈⋈⊤∈⋈⋈≺∈⊤∈⋈⊙≺∋⊞⊞∈∋∋⊤∈⊞⋈⋈⋈⋈⋈⋈⊣⋈⊞⋈⋈⋈⋈⋈⋈⊙
0xab4f383	⊢⋈⋈⋈⋈⋈⋈⋈≻⋈⋈⋈⋈⊞⋈⋈≺
0xabb2780	⊢⋈⋈⋈⋈⋈⋈⊤∈⊡∈⋈≻∋∋⊞⋈⋈⋈⋈≺⋈⋈⋈⋈⊞⋈⊤∈⊞⊞⋈⋈⋈⋈⋈⋈⋈⋈⋈≺∋⋈⋈⋈⋈⋈⊡∈∈∈⋈⋈≻⋈⊤∈⊞⋈⋈⋈⊣⋈⊞⊤∈∋⊞⋈⊡∈∋⋈≻≺∋
0xabc1a00	⊢⋈⋈⋈⋈⋈⋈⊤∈⋈⋈⋈⋈⋈⊣⋈⊞⋈⊞⋈≺∈⊤∈⋈⊤∈⊤∈⊙∋⊤∈⋈⊙≺∋∋∋⊞⊤∈∋⋈⋈⋈⋈⋈⋈⊙
0xabb8d90	⊢⋈⋈⋈⋈⋈⋈⊤∈⋈⋈⋈⋈⋈⊣⋈⊞⋈⊞⋈≺∈⊤∈⋈⊙≺∋⊞⊤∈∋⋈⋈⋈⋈⋈⋈⊙
0xab7790b	⊢⋈⋈⋈⋈⋈⊞∈⋈⋈⊞∈⋈⋈⊞∈⋈⋈⋈≻∋⊞⊞∈∋∋⊞⋈⋈⊣
0xabcf070	⊢⊡∈⋈⊞⋈⊤∈⋈⋈⋈⋈⊞⊙∋⊣
0xabb8090	⊢⋈⋈⋈⋈⋈⊤∈⋈⊙∋⊤∈⋈⊙∋⊤∈⋈⊙∋⊤∈⊞⋈⋈⊣⋈⊞⋈⋈⊙
0xabb5700	⊢⋈⋈⋈⋈⋈⋈⊡∈⋈≻∋⊞⋈⋈⋈⋈≺
0xabcf0b0	⊢⋈⋈⋈⋈⋈⋈⋈⋈⋈⊤∈⋈≻⋈⊞⊤∈⋈⊞⋈⋈⋈⊤∈⋈⊙∋⊤∈⋈⊙∋⋈⊙⊤∈∋⊤∈∋⊞⋈⋈⋈⋈⋈⋈⊣∋⋈⊞⋈⋈⋈⋈⋈⋈⊙
0xaba5c90	⊢⋈⊡⊞⋈⊞⊞∈⋈≺⋈⋈⋈⋈⊤∈⋈⋈⋈≻⋈⋈⊞∈⊞⋈⊡∈⋈∋⊤∈⋈⋈⊡∈⋈⊡⋈⋈⋈⊞⊙⊤∈⊤∈∋⊞⋈⊡∈∋∋∋⊞⋈⋈⊣⋈⋈⋈⋈⊡⊞⋈⋈⋈⋈≺∋⊞⊞⋈⋈⊙⊣
0xabcb2c0	⊢⊤∈⊣⊞≺
0xabc4a60	⊢⋈⋈⋈⋈⊞⋈⋈⊡∈∈∈⋈⋈≻⋈⊤∈⊞⋈⋈⋈⊣⋈⊞⊤∈∋⊞⋈⊡∈∋⋈≻≺∋
0xabcb070	⊢⋈⊞⊤∈⋈⊙⊣
0xab77eb2	⊢⋈⋈⋈⋈⋈⋈∈⋈⊤∈⋈⋈⋈≻∋⋈⊤∈⋈⋈⋈≻∋⊞⊤∈∋⋈⋈⋈⊣
0xab4f3b6	⊢⋈⋈⋈⋈⋈⋈⊞∈⋈⋈⋈≻∋⋈∈⋈≻⊞⊤∈∋⊞⋈⊞⋈⋈≺
0xab7fa63	⊢⋈⋈⋈⋈⊞∈⋈≻⊞⊤∈∋⊞⋈⊞⋈⋈≺
0xab4f410	⊢⋈⋈⋈⋈⊞∈⋈⋈⋈≻∋⋈⋈⊞∈⋈⊤∈⋈⋈⋈≻∋⋈⋈⊤∈⋈⋈⋈⋈≺∋⋈⊣
0xab76913	⊢⋈⋈⋈⋈≻⋈⋈≻⋈⋈≻⋈⋈⋈≺⊤∈⋈⊞⋈⋈≺∋⋈⊤∈⊤∈∋⊣⋈⊙
0xab4f489	⊢⋈⋈⋈⋈≻⋈⊤∈⋈⊣⋈⋈≺
0xab4f4ae	⊢⋈⋈⋈⋈⋈⋈⋈≻⋈⋈≻⋈⋈≻⋈⋈⊞∈⋈⋈⋈≻∋⋈⊤∈⋈⋈⋈≻∋⋈⊤∈⋈⋈⋈⊞⋈⋈≺⊞⋈⋈⊣
0xab8ad74	⊢⋈⋈⋈⋈⋈⋈⋈⋈⊤∈⋈⋈∈⊤∈⋈≻∋⊞⊞∈∋∋⋈⋈⋈⋈≻⋈⋈⋈≻⋈⋈⋈⋈≻⋈⋈⋈⋈≻⋈⋈⋈⋈≻⋈⋈⋈⋈≻⊞⋈⋈⋈⋈⋈⋈≺
0xab6d5b4	⊢⋈⋈⋈⋈⊞∈⋈⊤∈⋈⋈⋈≻∋⋈⋈⊞∈⋈⋈⋈⋈≺∋⋈⊣
0xab6770b	⊢⋈⋈⋈⋈⋈⋈⋈⋈⊞⊤⋈⊥⊤∈⋈⋈⊤∈⋈⋈⋈≻⋈⋈⋈⋈≻⋈⋈⋈⊤∈⋈⋈⋈≻≺⊤⋈⋈⋈⋈≻⋈⋈∋∋⋈⊤∈⋈⋈⋈≻≺∋∋⋈⋈⋈⋈⊞⋈⋈⋈⋈≺
0xab4f54e	⊢⋈⋈⋈⋈⋈⋈⋈⋈⋈⋈⊞∈⋈⋈⋈≻∋⋈⋈≻⋈⊞∈⊞∈⋈⊤∈⋈⋈⋈≻∋⋈⊤∈⋈⋈⋈≻∋⊞⊤∈∋⊞⊞⊤∈∋⋈⋈⊤∈⋈⋈∈⊤∈⋈≻∋⊞⊞∈∋∋⋈⋈⋈⋈≻⋈⋈⋈≻⋈⋈⋈⋈≻⋈⋈⋈⋈≻⋈⋈⋈⋈≻⋈⋈⋈⋈≻⋈≻⋈⊤∈⋈⋈⊤∈⋈∈⋈≻⊞⊞∈∋∋⋈⋈⋈⋈≻⋈⋈⋈≻⋈⋈⋈⋈⊞⋈⋈⋈⋈⋈⋈≺⊞⋈⋈⋈⋈⋈⋈⊣
0xabd17e8	⊢⋈⋈⋈⋈⋈⋈≻⋈⋈⋈⋈≻⋈⋈⋈⋈⋈≺
0xab7a657	⊢⋈⋈⋈⋈⋈⋈≻⋈⋈⋈⋈≻⋈⋈⋈⋈⋈≺
0xabd2232	⊢⋈⋈⋈⋈⋈⋈≻⋈⋈⋈⋈≻⋈⋈⋈⋈≻⋈⋈⋈⋈≻⋈⋈⋈⋈≻⋈⋈⋈⋈⋈≺
0xaba1696	⊢⋈⋈⋈⋈⋈⋈⋈⊤∈⋈⋈⊞⊤∈⋈⋈⋈⊤∈⋈⊙∋⊞⊤∈⋈⊙≺⊤∈⊤∈⋈∋∋⋈⊙≺∋∋∋⋈⊞⋈⋈⋈⋈⊙
0xab4f751	⊢⋈⋈⋈⊤∈⋈≻⊤∈⊤∈⋈⊙≺∋∋∋⋈⋈⊙
0xaba1470	⊢⊤∈⋈⊞⋈⋈≺∋⋈⊤∈⊤∈∋⊣⋈⊙
0xab4f789	⊢⋈⋈⋈⋈⋈⋈⊤∈⋈∈⋈⋈⊞⋈⋈⋈⋈≺⊤∈⊞⋈⊞⋈⋈⋈⋈≺⋈⋈⊤∈⋈∈⋈≻⊞⊞∈∋∋⋈⋈⋈⋈⊞⋈⋈⋈⋈≺⊞⋈⋈⋈⋈⊣
0xab5dcf0	⊢⊤∈⊣⋈⊙
0xabcbc60	⊢⊤∈⊣⋈⊙
0xab4f820	⊢⋈⋈⋈≺
0xab8c3ca	⊢⋈⊤∈⋈⊞⋈⋈⋈≺∋⋈⊤∈⊤∈∋⊣⊙
0xaba1abd	⊢⋈⋈⋈≺
0xabca430	⊢⋈⋈⋈⋈⊤∈⋈⋈⋈⊙⋈∋⊞⋈⋈⊙
0xab4f87d	⊢⊡∈⋈⋈⊞⋈⊤∈⊞⋈⋈⋈⊞⊙∋⊣
0xaba5d90	⊢⋈⋈⋈⋈⊤∈⋈⊞⊤∈⋈≻⋈⊤∈⋈≺∋∋∋⊞⋈⊤∈⋈⋈⋈⋈⊞⊞⋈⋈⊙⊞⋈⋈⊣
0xab4f8b2	⊢⊤∈⋈⋈⊞⊞⊤∈∋⊣⊞⊙
0xabc2b80	⊢⋈⋈⋈⋈⋈⋈⋈⋈⋈⋈⋈⊤∈⋈⋈≺∈⊤∈⊤∈⋈⊙≺∋∋⊞⊞∈∋∋⊤∈⋈⊙∋⋈⋈⊤⊥∈⋈∋⋈⊞⋈⊡∈∈∈⊤∈⊤∈⊞⋈⋈⋈⋈⋈⋈⊣⊤∈⋈⊤∈⊡∈⋈⊞∈∋∋∋⋈⊤∈⋈⊡∈⋈⊙⋈⋈⊤∈∋≺∋⋈⊞⋈⋈⋈⋈⋈⋈⊙⊤∈⋈≻⊤∈⋈⊤∈∈⋈⊞∈∋∋⊞⊞∋⋈⊤∈⋈⊡∈⋈⊤∈⊙⋈≻⊣⊞⋈⊙⋈⊤∈∋⋈⋈⋈≺∋⋈⊤∈⋈⋈⊞⊡∈⋈⋈⊞∈∋⊞≺∋⊞⊞⋈⊤⋈∈∋⊞⊤⋈∈∋⋈⋈⋈⋈⊙⋈⋈⊞≺∋
0xaba6190	⊢⋈⋈⋈⋈⋈≻
0xabc9df0	⊢⋈⋈⋈⋈⋈⊤∈⋈⊙∋⊤∈⊞⋈⋈⊣⋈⊞⋈⋈⊙
0xabc4e90	⊢⊤∈⊣⋈⊙
0xabac9f0	⊢⋈⋈⋈⋈⋈⋈⋈⋈⋈⋈⋈⊤∈⋈⋈≺∈⊤∈⋈⊙≺∋⊞⊞∈∋∋⊤∈⋈⊙∋⋈⋈⊤∈⋈⋈⊡∈⋈⋈⊙⊞⊞∈∋∋⊤∈⊞⋈⋈⋈⋈⋈⋈⊣⋈⊞⋈⋈⋈⋈⋈⋈⊙
0xabcf380	⊢⋈⋈⋈⋈⊤∈⋈⋈⊞∈⋈⊞≻⋈∈⋈⊞⋈⋈⋈⊙⋈∋∋⋈⋈⋈⊣
0xabca460	⊢⊤∈⊣⋈⊙
0xab76654	⊢⊤∈⋈⋈⋈⋈⋈⋈⊞∈⋈⊤∈⋈⋈⋈≻∋⋈⊤∈⋈⋈⋈≻∋⊞⊞∈∋⋈⋈⋈∋⊣
0xab4f8da	⊢⋈⋈⋈⋈⋈⋈⋈⋈⊤∈⋈⊞∈⋈⊞⊞⋈⋈⋈⊞∈⋈⋈⋈≻∋⋈⋈⊤∈⋈∈⋈≻⊞⊞∈∋∋⊞⋈⋈⋈⋈≻⊤∈∋∋⊞⋈⋈⋈⋈⋈⋈⊣
0xabb1c10	⊢⋈⋈⋈⋈⋈⋈⊡∈⋈≻∋⋈≻⋈⋈≻⊤∈⋈⊙∋⋈⋈⊙⊞⋈⋈⋈⋈≺
0xab9bd7c	⊢⋈⊞⊞⊞⊞⋈⋈⋈⋈⊞⋈⋈⋈⋈⊞⊞⋈⋈⋈⊞⊞⋈⋈⋈⊞⊞⋈⋈⋈⊞⊞⋈⋈⊞⋈⋈⋈⋈⋈⋈⋈⋈⋈⋈⋈⊣
0xabcb962	⊢⋈⋈⊞⋈⋈⋈⋈⋈⋈⋈⋈⋈⊞≻
0xab5eda4	⊢⋈⋈⊞⋈⋈⋈⋈⋈⋈⋈⋈⋈≻
0xabcb9d0	⊢⋈⋈≻
0xab4f975	⊢⋈⊙⋈⊣
0xab72b39	⊢⋈⊤∈⋈≻⊤∈⋈⋈⋈≻⋈⋈⋈⋈⋈⋈⊞⋈⋈⋈⋈⊞⊤∈⋈⊤∈⋈⊤⋈∈⋈⋈⋈≻⊤∈⋈⋈⋈⋈⊙⋈⋈⊤∈∋⋈⋈⊙⊤∈⋈⋈≻⋈⋈⋈⋈⋈⋈⋈⋈⊞⋈≺⋈⊞≺∋⋈⋈⋈⋈≺∋⋈⋈⋈⋈⋈⋈⋈⋈⋈≻⋈⋈⋈⋈≻⋈⋈⋈≻⋈⊤∈⋈⋈⋈≻∋⋈⋈⋈⊤∈⊤∈⋈≺⋈⊤∈⋈⋈⊞⊥⋈⊞⊤⊥⊞∈⊞∈⋈⋈≻∋⊤∈⋈⊞⋈⋈⋈⋈≻⊤∈∋⋈⋈⋈≺∋⋈⋈⊙⋈⋈≺⋈≺∋∋∋⋈⋈⋈⋈⋈⋈≻⋈⋈⋈⋈⋈⋈⋈⋈≻⋈⋈⊤∈⋈⊤⋈⊤⋈∈⋈⊤∈⋈⋈≺⊤∈⋈⊞⋈⋈≺∋∋⋈⋈⊤∈⋈⋈≺⊤∈⋈⊞⋈⋈≺∋∋⊤⊥∈⊞∈⊤∈⋈⊤⋈∈∋≺⊤∈⋈≺⋈⋈⊤∈⋈⋈≺⊤∈⋈⊞⋈⋈≺∋∋⋈⊤∈⋈⋈≺⊤∈⋈⊞⋈⋈≺∋∋⊤⊥∈∋⊤∈⊞∈⊤∈⋈⊤⋈∈∋∋∈∋⋈⊤∈⋈⋈⋈≻∋⋈⋈⋈⋈⋈⋈⋈⋈⋈⋈⋈⋈≻⋈⋈⋈⋈≺≺∋∋∋∋⋈⊤∈⋈⋈⋈≻∋∋⊤∈⊞⋈⊞⊞⋈⋈⋈⋈⋈⋈⋈⋈≻⋈⊤⋈⋈∈⊤∈≺⊤∈∋⋈∋∋⋈⋈⋈⋈⋈⋈⋈⋈⋈⋈⋈⋈≻⋈⋈⋈⋈⋈⋈⋈≻⋈⋈⋈⋈⋈⋈⋈⋈⋈≻⋈⋈⋈⋈≻⋈⋈⋈⋈⋈⋈⋈⋈≻⋈⋈⋈⋈⋈⋈⋈⋈⋈≻⋈⋈⋈⋈≻⋈⋈⋈⋈⋈⋈⋈⋈≻⋈⋈⋈⋈⋈⋈⋈⋈≻⋈⋈⋈⋈⋈⋈⋈⋈⋈⋈⋈⊤∈⋈⊤∈⊤∈⋈⋈⊤∈⋈⊤∈∋⊞≺≺∋∋∋∋⋈⋈⊤∈⋈⋈⋈≺⋈⊤∈⋈⊞⋈⋈≺∋∋⊤∈⊤⊥⊤⊥⊞∈⋈⊤∈⋈⋈⋈⋈⊞⊤⊥⊞⊤∈⋈⋈⋈⋈≺∋⋈⋈⋈⋈⋈⋈⋈≻⋈⋈⋈⋈⋈⋈⊙⊤∈∋⋈⋈≻∋∈⋈≺∈⋈≻∋⊤∈⋈⋈≻≺∋⋈⋈⋈⋈≻⋈⋈≺⋈⋈⋈⋈⋈⋈≻⋈⋈⋈⋈≺∋⋈⋈≺∋∋⋈⊤∈⋈⋈⋈⋈≻∋⋈⋈⋈⋈≻⋈⋈⋈⋈≻⋈⋈⋈⋈⋈≻⊞⊤⊥⊞⋈⋈⋈≻⋈⋈⋈≻⋈⋈⊤∈⋈⊤∈⋈⋈⋈⋈⋈⋈≺⊤∈⋈⋈⊞⊥⋈⊤⊥⊞∈⊤∈⋈⋈⋈⋈⋈≻⊤∈⋈⋈≺∋⋈⋈⋈⊙⋈⋈≻⊤∈∋⋈⋈⋈⋈⊙⋈⊞∋⋈∋⋈⋈⋈⊞≺⋈⋈⋈⋈≺∋∋∋⋈⋈⋈⋈⋈⊤⋈∈⋈⊤∈⋈⋈⋈⋈⋈⋈⊤∈⋈⋈⊞⊥⋈⊤⊥⊞∈⊞∈⋈⋈≻∋⊤⋈∈⋈⋈⋈⋈⋈≻⋈⊤∈∋⋈⋈≺∋⋈⋈⋈⊙⋈⋈≻⊤∈⋈⋈≻⋈⋈⋈⋈⋈⋈⊞⋈⋈⋈⊤∈⋈⋈⊤∈⊤∈⊤∈⊤∈∋⋈⋈⋈⋈⋈⋈⋈≻≺∋⋈⊤∈⋈⋈≺⊤∈⋈⊞⋈⋈≺∋∋⊤∈⋈⋈≺⊤∈⋈⊞⋈⋈≺∋∋⊤⊥⊞⊤∈⊞∈⊤∈⊞⊤⊥⊞⋈⊤⋈∈∋⊥⊞≺∋∋⊤∈⋈⋈⋈⋈≺⋈⊤∈⋈⊞⋈⋈⋈⋈⋈⋈⋈⋈⋈≻⋈⋈⋈≺⋈⋈⋈⋈⋈⋈⋈≻∋⋈⋈⋈⋈⋈⋈⋈∋≻≺⋈⊤∈⊤∈⋈⋈⊤∈⋈⋈⊞⊥⋈⊤⊥⊞∈⊞∈⋈⋈≻∋⊤∈⋈⊞⋈⋈⋈⋈⋈≻⋈⊤∈∋⋈⋈⋈≺∋⋈⊙⋈≺⋈⋈≺⋈≺∋∋⋈∋⋈⊞⋈⋈⋈⋈⋈∋⊤∈⋈⋈⋈⊞⋈⋈⋈⋈⋈⋈≺⋈⋈⋈⋈≺∋∋⊞⋈⋈⋈⋈⋈⋈⊣⋈⋈⋈⋈⊙⋈≺⋈⋈⋈⊞≺⋈⋈⋈⋈∋⋈≺∋∋⋈⋈⋈⋈⋈⋈⋈⋈⋈⋈⋈⋈∈⋈⊤∈⋈⊞⋈⋈⋈⋈⋈⋈⋈⋈≺∋⋈⋈⊤∈⋈⊤∈⋈⊤∈⊤∈⊤∈∋⊞⋈≺∋∋∋∋⋈⋈⋈≻⋈⋈⋈≻⋈⋈⋈≻⋈⋈⋈≻⋈⋈⊤∈⋈⋈⋈≻∋⋈⋈⋈⋈⊤∈⋈⊞⋈⋈⋈⋈⋈⋈⋈⋈≺∋⋈⋈⋈⊤∈⋈⊤∈⋈⊤∈⊤∈⊤∈∋⊞⋈≺∋∋∋∋⋈⋈⋈≻⋈⋈⋈≻⋈⋈⋈≻⋈⋈⋈≻⋈⋈⊤∈⋈⋈⋈≻∋⋈⋈⋈⋈⊤∈⊤∈⋈⊤∈⋈⋈⋈≻∋⋈⊤⋈⋈∈⋈⋈⋈≻∋⋈⋈⋈⋈⋈⋈⋈⋈⋈⊤∈⋈⋈⋈≻∋⋈⊤∈⋈⋈⋈≻∋⋈⊤∈⋈⋈⋈≻∋⋈⋈⋈⋈⋈⋈⋈⋈⋈⋈⋈⋈⋈⋈⋈⋈⋈⋈⋈⋈⋈⋈⋈⋈⋈⋈⋈⋈⊞⋈≻⊤∈⋈⊤∈≺⋈⊤∈∋⋈∋∋⋈⋈⋈⋈⋈⋈⋈⋈⋈≻⋈⋈⋈⋈≻⋈⋈⋈⋈⋈⋈⋈⋈⋈⋈⊤∈⋈⋈⋈≻∋⋈⊤∈⋈⋈⋈≻∋⋈⊤∈⋈∋⊤⋈∈⋈⋈⋈⋈⋈⋈⋈⋈⋈⋈⋈⋈⋈⋈≻⋈⋈⋈⋈⋈⋈⋈⋈⋈⋈⋈⋈⋈⋈⋈⋈⋈⋈⋈⋈⋈⋈⋈⋈⋈⋈⋈≻⋈⋈⋈⋈⋈⋈⋈⋈⋈⋈⋈⋈⋈⋈≻⋈⋈⋈⋈⋈⋈⋈⋈⋈⋈⋈⋈⋈⋈⋈⋈⋈⋈⋈⋈⋈⋈⋈⋈⋈⋈⋈≻≺∋⋈⋈⋈⋈⋈⋈⋈⋈⋈⋈⋈⋈⋈⋈⊤∈⋈⋈⋈≻∋⋈⊤∈⋈⋈⋈≻∋⊞⊡≺∋⋈⋈⋈⋈⋈⋈⋈⋈⋈⋈⋈⊤∈⋈≺∋⋈⋈≻∋∋⋈⊤∈⋈⋈⋈≻∋∋⊞⋈⋈⋈⋈⋈⋈⊣≺∋⊤⊥⊤⊥⊞⊞≺∋⋈⊣
0xab8fc21	⊢⋈⊤∈≻⊤∈⋈⋈⋈≻⊞⊤∈⋈⊤∈⋈⋈⊤∈∋⊞⊣⋈⊞≺∋⊞⊞⋈∈⊤∈⋈⊡⊞⊞⋈⊣⊞⊞⊤∈∋⊣⊤⊥⊞≺∋⋈⊣
0xabc3610	⊢⋈⋈⋈⋈⋈⋈⋈⊞⋈⋈⋈⊤∈⋈⋈⋈⋈⊞⋈⋈⊞⋈⋈⋈⋈⋈⋈≺∈⋈⋈⋈⋈≻⋈⋈⋈⊤∈⋈⋈⋈⋈≺⋈⋈⊤∈⊤∈⋈⋈⋈≺∋⊞⊤∈∋⋈⊤∈∋⋈≻⋈⋈⋈⋈⋈⋈⋈⋈⋈⋈⋈⋈⋈⋈⋈⋈⋈⋈⋈⋈⋈⋈⋈⋈⋈⋈∋⊞⋈⋈⋈⋈⋈⋈⊣⋈⋈⊞⊙
0xabc3b60	⊢⊞⋈⋈⊤∈⊤∈⋈⋈⊤∈⋈⋈≺⋈⊞⊞⊞⊞⊡∈⋈⊤∈⊤∈⋈≺⋈⋈∋⋈⋈⊞⊞⊞⊤∈⋈⋈⋈⊞⋈⊞⋈⊞⋈≺⊞⊞⊞∈∋≺⋈⋈⋈≺∋∋⋈⋈⋈⋈⋈⋈⊣⊤∈⋈⋈⋈⊣⊤∈⋈⋈⊤∈⊞⋈⋈⋈⋈⋈⋈⊤∈∋⋈⋈⋈⋈≺⋈⋈⊣⊞⋈⋈⋈⋈⋈⋈⊞⊞⋈⊞⊞⊞⊞≺∋⋈⊞⋈⊞⋈⊞⋈≺∋⋈⊞⋈⊞⊞⋈⊞⊞⋈⋈⊣⋈⋈⊞⊙
0xabc34c0	⊢⋈⋈⋈⋈⋈⋈⋈⊞⋈⊤∈⋈⋈⋈⋈⊞⋈⋈⊞≺∈⋈⋈⋈⋈≻⋈⋈⋈⋈⊤∈⋈⋈⋈⋈≺⋈⋈⊤∈⋈⋈⋈≺∋⊞⊤∈∋⋈⊤∈∋⋈≻⋈⋈⋈⋈⊞⋈⋈⋈⊤⋈⊥⋈⋈⋈⋈⋈≻⊤∈⋈⋈≻⋈⋈⋈⊞⋈⋈⋈⊣⋈⋈⋈⋈∋⊞⋈⋈⋈⋈⋈⋈⊣
0xabbb790	⊢⋈⋈⋈⋈⋈⋈⋈⊞⋈⋈⊞⋈⊞⋈⋈⋈⋈⋈⋈⋈⋈⋈⋈⊤∈⊞⊤∈⋈⋈⋈≺⋈⊞⋈⋈⋈⋈⋈⋈⊣⋈⋈⊞⊙⋈⊞⊙
0xabbfe40	⊢⋈⋈⋈⋈⋈⊤∈⊞⊞⋈⋈⋈⊞⋈⊞⊤⋈⊥⋈⊞⋈⋈⊡∈⋈⋈⋈⋈⊤∈⋈⊤∈⊤∈⊞∈⊞⋈⋈∋⋈⋈⊤∈⊞⊤∈⋈⋈≺⊡∈⊞∈⋈≺⋈⋈⋈⋈⋈⋈⊤⋈∈∋⊞≺⋈⋈⊞⊙⋈⋈≺⋈⊞⋈∋⊞⊤∈∋≺⊤∈⊞∈⊞⋈⋈∋∋⋈≺∋⋈⋈≺∋∋∋⋈⋈⋈⋈⋈⊣⋈⊞⊙
0xab65a95	⊢⋈⋈⋈⋈⊞⊞⋈⊤∈⋈⋈⊤⋈⊞⋈∈⋈⊤∈⋈⋈⊞≺∋⋈⋈⋈⊞⊞∈∋⋈∋⋈⋈⋈⊣
0xab670f3	⊢⋈⋈⋈⋈⋈⋈⊞⋈⋈⋈⋈⋈⊞⊞⋈⋈⋈⊤∈⋈⋈⊤⊞⋈∈⋈⋈⋈≻⋈⋈⊞⊞∈∋∋⋈⋈⋈⋈⋈⋈⊞⋈⋈⋈⋈⋈⋈⊣
0xab65b01	⊢⋈⋈⋈⋈⋈⋈⋈⋈⋈⋈⋈⊞⊞⋈⊤∈⋈⊤⋈⊞⊞∈⋈⊤∈⋈⊞≺∋⋈⊞⊤∈∋∋⋈≻⋈⋈⋈⋈⋈⋈⋈⋈⋈⋈⋈⋈≺
0xab6718e	⊢⋈⋈⋈⋈⋈⋈⊞⋈⋈⋈⋈⋈⊞⊞⋈⋈⋈⋈⊤∈⋈⋈⋈⊤⊞⊞∈⋈⋈⋈≻⋈⋈⊤∈∋∋⋈⋈≻⋈⋈⋈⋈⋈⋈⋈⋈⋈⋈⊞⋈⋈⋈⋈⋈⋈≺
0xab631f0	⊢⋈⋈⋈⋈⋈⋈⋈⊞⋈⊤∈⋈⋈⋈⊞⋈⊞⊞⋈⋈⊞⋈⊞⋈⊤⊥⋈⊞⋈⋈⊤∈⋈⊞⊤∈⋈≺⋈⊞⊤∈⋈⊞⊤⊥⋈⊥⋈⊞⊞⊤∈⋈∋∋⋈⊞⊞≺∋⊞⋈⊞⊤∈∋⊤∈⋈⋈⊞⊤⊥⋈⊥⊤⋈⊥⊥⊤∈⋈⋈⋈⊤∈⋈⋈⋈⋈⊞⋈⋈⋈⋈⋈⋈⋈≺⋈≺∋⋈⋈≺⋈⋈⋈⋈⋈⊞⋈≺⊤⋈⋈⊥⋈⊥⊤⊥⊥⊤⋈⋈⊥⋈⊞⊤∈⊤∈∋⊞⊞⋈⊤⊥⊤∈⋈⊤∈⋈⊞⊞⋈⋈⊞⋈⊞⊞⋈⊞⊞⊞⊞⋈⊞⊞⊞⋈⊤∈⋈⊞⊞⋈⊡⊞⊞⊞⋈⊞⋈⋈⊞⋈⋈⊞⋈⊞⋈⋈⋈⊞⋈⋈⋈∈⊤∈⋈⊤∈∋⊤∈⊤∈⊤∈⊤⊥⋈⋈⊥⊞⊤⊥⋈⋈⊥⊞≺⊤⊥⋈⋈⊥⊞≺⊤∈⊤⊥⋈⋈⊥⊞≺⊞⊤⊥⋈⊞≺∋∋∋∋⋈⋈⊞⋈⋈⊤∈⋈⋈⋈⋈⊞⊞⋈⊤⋈⊥⊞⊞⋈⋈⊡∈⋈⋈⊞⊞⊤∈⊞⋈⊤∈⋈⊤∈⋈⊞⊞⋈⋈⋈⋈⊡∈⋈⋈⊞⊤∈∋∋⋈≺⊤∈⊞⋈⋈⊞⊞⋈⋈⊞⊞⋈⊞⊤∈∋⋈⋈⋈⋈⋈⋈⋈≻⊞⋈⊞⊞⊞⊤⋈∈∋⋈≻∋⋈⋈⊞⊞⋈⊞⋈⋈⋈⋈⋈⋈⋈⋈≻⊞⋈⋈≺⋈⊞⋈⊞⋈⋈⊞⋈⋈⋈⊞⋈⋈⋈≻⊞⋈≺∋∋⋈⊤⋈∈∋⋈⊤∈⋈⋈⊞⊞⊞⊞⋈⊞⊞⊞⊞⋈⊞⊥⊥⊞⋈⋈⋈⊞⊡⊡⊡⊡⊡⊡⊡⊡⊡⋈⊡⊡⊡⊡⊡⊡⊡⊡⊡⊡⋈⋈⊤∈⋈⊞⋈⋈⋈⋈≺∋≻⋈⊤∈⋈⊞⋈⋈⋈⊞⋈≺∋≻⋈⋈⋈⊙⋈⊤∈⋈⋈≺∈⋈⊤∈⊤∈⊞⊞⊡∈⋈⊞⊞⋈⊞⊞⊞⊞⋈⊞∈∋≺∋⊞⊤∈∋∋⋈⋈⊞∈⋈⊤⋈∈⊤∈⊞⊞⋈⊞≺∈⋈⊞⊞⋈⊞∈⊞⊞⋈⋈⊞⊞⋈⋈≺∋⋈⊞∈∋⋈≺∋⋈⊤⊥⊤∈⊤∈⊞⊞⊞⊡∈⋈⋈⊞⊡⋈⊥⊤∈∋⊤∈⊤∈⋈⊞≺∋∋⋈⋈⊤⊥⊤∈⊞⋈⊡∈⊤∈⋈⊞⋈⊤∈⋈⊤⋈∈∋∈∋⊤∈⊞≺⋈⊞⊞⊡∈⋈⋈⋈⋈⊞⊞⊤∈∋⊤∈⊤⋈∈⋈⊞⋈≺∋∋⋈∋⊞≺∋⋈⊞⋈⊞⊤⋈⊥⊤∈⊞⋈⋈⋈⋈⋈⋈⋈⋈⊙⋈⋈≻⋈⋈⋈⋈⊙⋈⋈≻⋈⋈⋈⋈⊙⋈⋈⋈≻⋈⋈⊞⋈⋈⋈∈⊤∈⋈⊞⊞∈⊤∈⋈⋈⊤∈⋈⊞∈⋈⊞⋈⊙⋈⋈≺⊤⋈∈∋⊤⋈⊥⊤∈⋈⊡∈⊤∈⊞⊞⋈⊤∈⋈⋈⊞⊤∈∋∈∋⊞∋⋈⊞⊡∈⋈⊞⋈⊞⊡⋈⊥⊤∈∋⊤∈⋈⋈⋈≺∋⊤⋈⊥⊤∈∋∋∋∋∋⋈⋈⊞≻∋⋈⋈⋈≻⋈⊡∈⊤∈⊞⊞⋈⊤∈⋈⊤⋈∈∋∈∋⋈∋⊤∈⋈⊞⊡∈⋈⊞⋈⊞⊡⋈⊥⊤∈∋⊤∈∋⋈⊞≺∋⊤⋈⊥⊤∈⋈⊡∈⊤∈⊞⊞⋈⊤∈⋈⊤⋈∈∋∈∋⋈∋⊤∈⋈⊞⊡∈⋈⊞⋈⊞⊡⋈⊥⊤∈∋⊤∈∋⋈⊞≺∋⋈⊤⋈⊥⊤⋈∈⋈⊡∈⊤∈⊞⊞⋈⊤∈⋈⊤⋈∈∋∈∋⋈∋⊤∈⋈⊞⊡∈⋈⊞⋈⊞⊡⋈⊥⊤∈∋⊤∈∋∋∋⋈⋈⋈≻∋⋈⊞≺∋⋈⊤∈⊞⋈⊤∈⊞⋈⊞⊞⊡∈⋈⋈⋈⋈⊞⊞⊤∈∋⊤∈⊤∈⋈⊞≺∋∋⋈⊞⊤∈∋⋈⋈⋈⋈⋈≺∋⊤∈⊞≺⋈⊞⊞⊡∈⋈⋈⊞⋈⊞⋈⊞⊤∈∋⊤∈⋈⊤∈⋈⊞⋈≺∋∋⋈⊤⊥⊤∈∋∋∋⋈⋈⊞⋈≻∋⋈⋈⊞≻∋⋈⋈⋈≻⊞⊡∈⊤∈⋈⊞⋈⊤⊥⊞⋈⊤⋈∈∋⊥⊞≺∋⊤∈⊤∈⊞≺⋈⊤∈⊤∈⋈⊤∈∋⊤∈∋⋈⋈⊡∈⊤∈⊤∈⋈⋈⋈⋈⋈⊙⋈⋈⋈≺∋⊞⊤∈⋈⊞⋈⊞⊤∈∋⊡⋈⊞⋈⊞⋈⊙⋈⋈≺≺∋∋∋∋⊤∈∋∋∋⋈⋈⋈≺∋⊤∈∋⋈⋈⋈≻⊤∈∋⋈⋈⋈≻∋⋈⋈⋈≻∋⋈⋈⊞⋈≻∋⋈⋈⋈≻∋⋈⋈⋈≻∋⋈⋈⋈≻∋⋈≺∋⊞⋈⋈≻∋⋈⋈⋈≻∋⋈⋈≻∋⋈⋈⋈≻∋∋∋∋⋈⋈⋈≻∋⋈⋈≻∋⋈⋈⋈≻⋈⋈⋈⊤⊥⊤⊥⊞∈⋈⋈≺⋈⋈⋈⋈⊞⋈⋈⋈⋈⊡∈⋈⋈⋈⋈⋈⋈⋈≺∋∋⋈⊞⋈⊞⊤⊥⋈⋈⊥⊥⊞⋈⋈⋈⋈⋈⋈∋∋∋⋈⋈⋈⋈⋈⋈≻⊞⋈⋈⋈⋈⋈⋈⊣
0xab61600	⊢⋈⋈⋈⋈⋈⋈⋈⊞⋈⋈⊞⋈⊞⊞⋈⋈⊞⋈⊞⋈⊤⊥⋈⊞⋈⋈⊤∈⋈⊞⊤∈⋈≺⋈⊞⊤∈⋈⊞⊤⊥⋈⊥⋈⋈⊞⊞⊞⊤∈⋈∋∋⋈⊞⊞⊞⋈≺∋⋈⊞⊤∈∋⊤∈⋈⋈⊞⊤⊥⋈⊥⊤⋈⊥⊥⋈⊤∈⋈⋈≺∋⋈⋈≺⋈⋈⋈⋈⋈⊞⋈≺⊤⋈⋈⊥⋈⊥⊤⊥⊥⊤∈⋈⊤∈∈⋈⊞⋈⊞⊞⋈⊞⊞⋈⋈⊞⋈⊞⋈⋈⋈⊤∈⋈⊞⋈⊞⋈⋈⋈⊤∈⋈⋈⋈⊞⋈⋈⊞⋈⊞⊞⊞⊞⋈⊞⊞⊞⋈⊤∈⊞⋈⋈⋈⊞⊞⊞⋈⋈⋈⊞⊞⊞⋈⊞⋈⋈⊞⋈⊞⋈⋈⊞⋈⊞⋈⊞⋈⋈⋈⊤⋈⋈⋈⋈⋈∈⊤∈⊤∈⊤⊥⋈⋈⊥⊞⊤⊥⋈⋈⊥⊞≺⊤⊥⋈⋈⊥⊞≺⊤∈⊤⊥⋈⋈⊥⊞≺⊞⊤⊥⋈⊞≺∋∋∋∋⋈⊞⋈⋈⋈⋈⊞⋈⋈⊞⊞⋈⋈⋈⊞⋈⊞⋈⊞⊞⋈⋈∈⋈⊞⊞⊞⋈⋈⊞⋈⋈⋈⊞∈⋈⊤∈⋈⋈⋈⋈⊡∈⊤∈⋈⋈⊞⋈⋈⊞⊞⋈⊞⋈⊞⋈⋈⊞⋈⊞∈∋⊞⊞⋈⊞⊤⊥⋈⊞∈⊤∈⊞⋈⊞⊞⋈⊞⊞⋈⋈⊞⋈⊞⊞⊞⊞∈⋈⊤∈⋈⊤∈⊞∋∋⋈∋⋈⊞⊥⊤∈⊞⊞⋈⊤∈∋≺∋∋⋈⊞∈⊤∈∋⋈⋈⊤⋈∈⊞⊞⋈∈⊤∈⋈⋈⊤∈∋⊞⋈⊞⊤∈≺⋈⊞⊞⊞⊤⋈∈∋⋈≻∋⋈⊞⋈⊞⋈⊞⊤⊥⊤∈⊤∈∋⋈⋈≺⋈⋈⋈⋈⊞⊞⊞⊞⋈⊞⊞⊞⊞⊞⊞⊞⊞⋈⊡∈⋈⊤∈⋈⊤∈⊞⋈∋⊞⋈⊞⊥⊤∈⊞⊞⋈⊤∈∋≺∋∋∋⋈⊞∈⊤∈⊞⊞∈⊤∈∋∋⊤∈⋈⊞⊤∈≺∋∋∋∋∋∋∋∋⋈⋈⊞⋈⊞⊞⋈⋈⋈⊞⊞⋈⊞⊞⊞⊞⋈⊞⊥⊥⊞⋈⋈⋈⊞⊡⊡⊡⊡⊡⊡⊡⊡⊡⋈⋈⋈⊡⊡⊡⊡⊡⊡⊡⊡⊡⊡⋈⋈⊡⊡⊡⊡⊡⊡⊡⊡⊡⊡⊡⊡⊡⊡⊡⊡⊡⊡⊡⊡⋈⋈⊤∈⋈⊞⋈⋈⋈⋈≻⋈⋈≻⋈⋈≺∋≻⊤∈⋈⊞⋈⋈⋈≻⋈⋈≻⋈⋈⋈⊞⋈≺∋≻⋈⋈⋈⊙⋈⋈⊤⊥⊤∈⊤⋈∈⊞⊞⊞⊡∈⋈⋈⊞⊡⋈⊥⊤∈∋⊤∈⊤∈⋈⊞≺∋∋⋈⋈⊤⋈⊥⊤∈⊞⊡∈⊤∈⋈⊞⋈⊤⊥⊞⊤∈⋈⊤⋈∈∋⊥⊞⊤∈∋⋈⊞⋈≺∋⋈⊤∈⊤∈⊞⋈⊞⊞⊡∈⋈⋈⋈⋈⊞⊞⊤∈∋⊤∈⊤∈⋈⊞≺∋∋⋈⋈⊤∈⊤∈⊞⋈⊞⊞⊡∈⋈⋈⋈⋈⊞⊞⊤∈∋⊤∈⊤∈⋈⊞≺∋∋⋈⊤∈⊞⋈⊞⊞⊡∈⋈⋈⋈⋈⊞⊞⊤∈∋⊤∈⊤∈⋈⊞≺∋∋⋈⋈∋⋈⋈⋈⋈⋈⋈⋈⊙⋈⋈≻⋈⋈⋈⋈⊙⋈⋈≻⋈⋈⋈⋈⊙⋈⋈≻⋈⊤⋈⋈⊥⊤∈⋈⋈⋈⋈⊞≺∈⋈⋈⊡∈⊤∈⊞⊞⋈⊤∈⋈⋈⊞⊤∈∋∈∋⊞⋈∋⊤∈⋈⊞⊡∈⋈⊞⋈⊞⊡⋈⊥⊤∈∋⊤∈∋⋈⋈≺∋⋈⊤⋈⊥⊤∈⋈⊡∈⊤∈⊞⊞⋈⊤∈⋈⊤⋈∈∋∈∋⋈∋⊤∈⋈⊞⊡∈⋈⊞⋈⊞⊡⋈⊥⊤∈∋⊤∈∋⋈⊞≺∋⋈⊤⋈⊥⊤∈⋈⊡∈⊤∈⊞⊞⋈⊤∈⋈⊤⋈∈∋∈∋⋈∋⊤∈⋈⊞⊡∈⋈⊞⋈⊞⊡⋈⊥⊤∈∋⊤∈∋⋈⊞≺∋⋈⊤⋈⊥⊤∈⋈⊡∈⊤∈⊞⊞⋈⊤∈⋈⊤⋈∈∋∈∋⋈∋⊤∈⋈⊞⊡∈⋈⊞⋈⊞⊡⋈⊥⊤∈∋⊤∈∋⋈⊞≺∋⊤∈⊞⋈⋈⊤⋈⊥⊤∈⋈⊞⋈⊡∈⊤∈⋈⊞⋈⊤⊥⊞⋈⊤⋈∈∋⊥⊞≺∋⋈⋈⋈⊙⋈⊤⊥⊤∈⊤∈⊞⋈⊞⊞⋈⊡∈⋈⋈⊞⊡⋈⊥⊤∈∋⊤∈⊤∈⋈⊞≺∋∋⋈⋈⊤⊥⊤∈⊞⊡∈⊤∈⋈⊞⋈⊤⊥⊞⋈⊤⋈∈∋⊥⊞≺∋⊤∈⊤∈∋⊤∈⊤∈⋈⋈≻⋈⋈⊤⊥⊤∈⊞⊡∈⊤∈⋈⊤⋈∈∋∈≺⊤∈⊞⋈⊞⊞⊡∈⋈⋈⋈⋈⊞⊞⊤∈∋⊤∈⊤∈⋈⊞≺∋∋⋈⊤∈⊞⋈⊞⊞⊡∈⋈⋈⋈⋈⊞⊞⊤∈∋⊤∈⊤∈⋈⊞≺∋∋⋈⊤∈⊞⋈⊞⊞⊞∈⋈⋈⋈⋈⊞⊞⊤∈∋⊤∈⊤∈⋈⊞≺∋∋⋈⋈⊤⋈⊥⊤∈∋∋∋∋∋∋∋∋∋∋⋈⋈⊞≻∋⋈⊞⋈⊤∈∋∋⋈⋈⊡∈⊤∈⋈⋈⋈⋈⊙⊤∈⋈⊞⋈⊞⋈⋈⊤∈⋈⊞⊤∈∋⊡⋈⊞⋈⊞⋈⊙∋∋∋⊤∈∋∋⊤∈∋⋈⋈⋈≻∋∋⋈⋈⊞⋈≻∋⋈⋈⊞⋈≻∋∋∋∋⋈⋈⋈≻∋∋⋈⋈⋈⊞≻∋⋈⋈⊞⋈≻∋⋈⋈⋈≻∋⋈⋈⋈≻∋⋈⋈⋈≻∋∋∋∋∋∋∋∋⋈⋈⋈≻∋⋈≺∋⋈⋈≻∋⋈⋈≻∋⋈⋈⋈≻∋⋈⋈⋈⋈⋈⊤⋈∈⋈⋈⋈⋈⋈⊞⋈⋈⋈⋈⋈∋⋈⋈⊞⋈⊞⊤⊥⋈⋈⊥⊥⊞⋈⋈⋈⋈⋈⋈⋈⋈∋∋⋈⋈⋈⋈⋈⋈⋈≻⊞⋈⋈⋈⋈⋈⋈⊣
0xabb8100	⊢⋈⋈⋈⋈⋈⋈⋈⊞⋈⋈⋈⊞⋈⊞⊤⋈⊥⊤⊥⊤⋈⊥⊤∈⋈⊞⊞⊥⋈⊤⊥⊤∈≻∋⋈⋈⋈⋈≻⊤∈⋈⋈≻⋈⋈≻⋈≻⋈⋈⋈⋈⊞⋈⊤⊥⋈⋈⋈≻⋈⊞⋈⋈⋈⋈⋈⋈⊙⊞⊤⊥⋈⋈≻⊞⋈⋈⋈⋈⋈⋈⊣
0xabc52d0	⊢⋈⋈⋈⋈⋈⋈⋈⊞⋈⋈⋈⊞⋈⊞⊤⋈⊥⊤⊥⊤⋈⊥⊤∈⋈⊞⊞⊥⋈⊤⊥⊤∈≻∋⋈⋈⋈⋈≻⊤∈⋈⋈≻⋈⋈⊙⋈≻⋈⊞⋈⊤⊥⋈⋈⋈≻⋈⊞⋈⋈⋈⋈⋈⋈⊙⊞⊤⊥⋈⋈≻⊞⋈⋈⋈⋈⋈⋈⊣
0xabc1780	⊢⋈⋈⋈⋈⋈⋈⊞⋈⊞⋈⊞⊤⋈⊥⊤⊥⊤⋈⊥⊤∈⋈⊤∈≻∋⋈⋈⊤∈⋈⋈⋈⋈≻⋈⋈⋈⊤∈⋈⋈≻∋⋈⊞∋⊞⊤⊥⋈⋈≻⋈⊞⋈⋈⋈⋈⋈⊙⊞⊤⊥⋈⋈≻⊞⋈⋈⋈⋈⋈⊣
0xabbda80	⊢⋈⋈⋈⋈⋈⋈⋈⊞⋈⋈⋈⊞⋈⊞⊤⋈⊥⊤⊥⊤⋈⊥⊤∈⋈⊞⊞⊥⋈⊤⊥⊤∈≻∋⋈⋈⋈⋈≻⊤∈⋈⋈≻⋈⋈⊙⋈≻⋈⊞⋈⊤⊥⋈⋈⋈≻⋈⊞⋈⋈⋈⋈⋈⋈⊙⊞⊤⊥⋈⋈≻⊞⋈⋈⋈⋈⋈⋈⊣
0xabc51b0	⊢⋈⋈⋈⋈⋈⋈⋈⊞⋈⋈⋈⊞⋈⊞⊤⋈⊥⊤⊥⊤⋈⊥⊤∈⋈⊞⊞⊥⋈⊤⊥⊤∈≻∋⋈⋈⋈⋈≻⊤∈⋈⋈≻⋈⋈⊙⋈≻⋈⊞⋈⊤⊥⋈⋈⋈≻⋈⊞⋈⋈⋈⋈⋈⋈⊙⊞⊤⊥⋈⋈≻⊞⋈⋈⋈⋈⋈⋈⊣
0xabc8dd0	⊢⋈⋈⋈⋈⋈⊤∈∈⋈⋈⊤∈⊞⊞⊤∈∋≺⊡∈⋈⋈⊤∈∋⊤∈⋈⊞⊞⊞⊞⊞⊞≺⋈⋈⋈⋈⋈⋈⋈⊞⋈⋈⊤∈⋈⋈≺∈∈⊞∈⋈⋈⊞⋈⋈⋈⋈⋈⋈≺⋈⊞⊞≺∈⊞⋈⊞∈⋈⋈⋈⋈⋈⋈⋈⋈⋈⋈⋈⋈⋈⊞∋⊤⋈⊥⋈⊤∈⋈⊡∈⊞⊤∈⋈⋈⋈⊤⊞∋⋈⋈⋈⋈⋈⊤∈⋈⋈⋈⋈⋈⋈⋈⋈⋈⋈⋈⋈⋈⋈⋈⊤∈∋≺∋∋⊤∈∋⊣⋈⊞⋈⊞⊞⊞⊞⊤∈⋈⋈≻⋈⋈⊤⊥⋈⊤⊥⊞⊤⊥⊞⊥⊤⊥≺∋⊞⊤∈⋈⊤∈⊞⋈⋈⋈⋈⋈⋈⋈⋈⋈⋈⋈⋈⋈⋈⋈⋈⋈⋈⊞⋈⋈⋈⊞⊞⊡∈⋈⋈⊤⋈⋈⋈⋈⋈⋈⋈⋈⊞⋈⋈⋈⊤∈∋∈⋈⊡∈⋈⊤⋈⋈⋈⋈⋈⋈⋈⋈⋈⊞⋈⊞∈∋≺∋⊤⋈⋈⋈⋈⋈⋈⋈⋈⊞⊤∈⋈⋈⋈⋈⋈⋈⋈⋈⋈⋈⋈⋈⋈⊞⊞⋈⊞⊞⊤∈∋∋⋈⋈⋈⋈⋈⋈⋈⋈⋈⋈⋈⋈⋈⋈⋈⋈⋈⋈⋈⊞⋈⋈⋈⊞⊞⊡∈⋈⋈⋈⊤⋈⋈⋈⋈⋈⋈⋈⊞⋈⋈⋈⊤∈∋∈⋈⊡∈⋈⋈⊤⋈⋈⋈⋈⋈⋈⋈⋈⊞⋈⊞∈∋≺∋⊤⋈⋈⋈⋈⋈⋈⋈⋈⊞⊤∈∋⊣⋈⋈⋈⋈⋈⋈⋈⋈⋈⋈⋈⋈⋈⋈⋈⊞⋈⊞⊞⋈⋈⋈≻⋈⊤∈∋∋∋⋈⋈⊞⋈⋈⋈⋈⋈⋈≺⋈⋈⋈⋈⋈⋈⋈⊞⊤∈⋈⋈⋈⊞⊤∈⋈⋈⋈⋈⋈⋈⋈⋈⋈⋈⋈⋈⋈⊞⊞⊤⊥⊥⋈⋈⊤⋈⋈⋈⋈⊥⋈⊥⋈⋈⋈⊤⋈⊥⊤⊥⊥⊥⊤⊥⊥⋈⊤⋈⊥⊥⋈⋈⋈⋈⋈⋈⋈⋈⋈⋈⋈⋈⋈⋈⋈⋈⋈⊞⊞⊤⊥⊥⋈⊞⋈⊞⊤⋈⋈⋈⋈⊥⊥⋈⋈⊤⋈⊥⋈⊤⋈⊥⊥⋈⊥⊤⊥⊥⋈⋈⊤⋈⋈⊥⋈⊥⋈⋈⋈⋈⋈⋈⋈⋈⋈⋈⋈⋈⋈⋈⋈⋈⋈≺∋⋈⊞⊤∈⋈⋈⋈⋈⋈≺∈⊞⋈⋈⋈⋈⋈⋈⋈⊤∈⊞⋈⋈⋈⊡∈⋈⋈⋈⋈⊤∈⋈⋈⊤⋈∈∋⋈⊞≺∋⋈⋈⋈∋⊤⋈⊞⊞⊤∈∋∋⋈⋈⋈⊞⊤∈⊞⋈⋈⋈≺∈⊞⋈⋈⋈⋈⋈⋈⋈⊤∈⊞⋈⋈⋈⊡∈⋈⋈⋈⋈⊤∈⋈⋈⊤⋈∈∋⊞≺∋⋈⋈⋈∋⊤⋈⊞⊞⊤∈∋∋⋈⋈⊞⋈⊞⋈⋈⋈⊡∈⋈⋈⋈⊞⊤⋈⊥⊥⋈⋈⊥⋈⋈⊤⋈⊞⊤⋈⊥⋈⋈⊞⋈⊞⋈⋈⋈⋈⋈⋈⋈⋈⊞⊞∈∋⊞⊤∈⋈⋈⊤⋈⊥⋈⋈⋈⋈⊥⊥∋⊤∈⊞⊤∈∋≻⊣∋⊞⋈⋈⋈⋈⋈⋈⊣⊞⊞⊤∈∋≺∋∋⊤∈⋈⊞⋈⋈⋈⊞⊡∈⋈⋈⋈⋈⋈⋈⋈⋈⋈⋈⋈⋈⊞⊞⊤∈∋∋⊣
0xab67358	⊢⋈⊤∈∈⋈⊤∈∋⋈⋈∈⋈⋈⊤∈⋈⊤∋∈⋈⊞⊞⊤∈∋≺∋⋈⋈∈⋈⋈⊤∈⋈⊤∋∈⊞≺∋⊤∈⋈⊞⊞⊞⊞⊞⊞≺⋈⋈⋈⋈⋈⋈⊞⋈⋈⊤∈⋈⋈∈⊞∈⋈⋈⊞⋈⋈⋈⋈⋈⋈≺⋈⋈⊞⊞∈⊞⋈⊞∈⋈⊞⋈⋈⋈⋈⋈⋈⊞∋⊤⋈⊥⋈⊤∈⋈∈⊞⊤∈⋈⊞⊞⋈⊤∈⊞⊞⋈⊤∋⊥⋈⊞∋⋈⊞⋈⋈⊞⋈⋈⊤∈⋈⊤∋∈⊞∈⋈⋈⋈⋈⊞⊤∈∋⋈⋈⋈⊤∈∋∋∋⊤∈∋⋈⊣⋈⊞⋈⊞⊞⊞⊞⊤∈⋈⋈≻⋈⋈⋈⊤∈⋈⊤∋⊥⋈⊤∈⋈⊤∋⊥⋈⊤∈⊤∈⋈⊤∋⊥⊞⊥⋈≺∋∋⊞⊤∈⋈⋈⊤∈⋈⊤∋∈⋈⋈⋈⋈⋈⋈⋈⋈⋈⋈⋈⋈⋈⊞⋈⊞⋈⊤∈⋈⊞⊞∈⊤∈⊤∋⊥⋈⋈⊞⋈⋈⋈⋈⊤∈⊤∋⊥⊞⋈⋈⊞⋈⊞⋈⊞⊞⋈⋈⋈⋈⊞⊤∈∋⋈≺∋⊞⊤∈∈⋈⊤∈⊤∋⊥⊞⋈⊞⋈⋈⋈⋈⋈⊞⋈⋈⊤∈∋⊞⋈∋⋈⊞⋈⋈⊞⊤⊥⊞⊤⋈⊥⊥⋈⋈⊞⊤∈⋈⋈⊞⋈⋈⋈⋈⋈⋈⊞⊞⊞⊞⊞∋⋈⋈⋈⋈⋈⋈⋈⋈⋈⋈⋈⋈⋈⊞⋈⊞⋈⊤∈⋈⊞⊞∈⊤∈⊤∋⊥⋈⋈⊞⋈⋈⋈⋈⊤∈⊤∋⊥⋈⋈⊞⋈⋈⊞⊞⋈⋈⋈⋈⊞⊤∈∋⋈≺∋⊞⊤∈∈⋈⊤∈⊤∋⊥⋈⊞⋈⋈⋈⋈⋈⊞⋈⋈⊤∈∋⊞⋈∋⊞⊤⊥⊞⊤⊥⊥⋈⊞⋈⋈⋈⋈⋈⊞⋈⊤∈∋⊣⋈⊞⋈⋈⋈⋈⊞⋈⋈⋈⋈⋈⊞⊞⋈⋈⋈⋈≻⋈⋈⋈≺∋⊤∈∋∋⊤∈⋈⊞⊤⋈⋈∈⋈⊞⋈⋈⊞⊤∈⋈⋈⋈⋈⋈⋈⋈≻⋈⋈≻⋈⋈≺∋⋈⋈⊞⋈⊞⋈⋈≻⋈⊞⋈⋈⊞⋈⊞≻⋈⋈≺∋⋈⋈⊞⋈⋈⊞⋈⊞⋈⋈⊞⋈⋈⊞⋈⊞⊞∈⋈⊤⋈⊥⋈⊤∈⊞⋈⊞⋈⋈⊞⊞∈⋈⋈⋈⋈≻⊞⊞⊞∈∋∋⋈⊤⋈⋈⋈∈∋⋈⋈⋈≻∋⊞⋈⋈⋈⋈⋈⋈⊣⊤∈∋⋈⊞⊞⊞⊞∈⋈⋈⋈⋈⋈⋈⊞⊞⊤∈∋⊞⊞⊤∈∋≺∋∋⊣
0xabadc10	⊢⋈⋈⋈⋈⋈⊞⋈⋈≻⋈⊞∈⋈⋈⋈⋈∈⋈⋈⋈⋈⋈≻⋈⊤∈∋⋈⊞⋈⋈⋈⋈⊙≺∋⊞⋈⋈⋈⋈⊣
0xabc9a10	⊢⋈⋈⋈⋈⋈⋈⊞⋈⋈⋈≻⋈⊞∈⋈⋈⋈∈⋈⋈⋈⋈⋈⋈≻⋈⊤∈∋⋈⊞⋈⋈⋈⋈⋈⊙≺∋⊞⋈⋈⋈⋈⋈⊣
0xabc8b60	⊢⋈⋈⋈⋈⋈⊞⋈⋈≻⋈⊞∈⋈⋈⋈∈⋈≺⋈⋈⋈⋈⋈⊞≻⊤∈⋈⋈⋈⊙≺⊞⋈⋈⋈⋈⋈⋈⋈⋈⋈⋈⋈⊙⊤∈⊙⋈⊞⊞⋈⋈⋈⋈⋈⊙⋈≺∋∋⋈⊤∈∋⊞⋈⋈⋈⋈⊣∋⋈⊞⋈⋈⋈⋈⊙
0xabba0c0	⊢⋈⋈⋈⋈⋈⋈⋈⋈⋈⋈⊤∈⊞⋈⊞⋈⊞⋈⋈≻⋈⋈⋈⋈⋈≻⋈⊞⊞⋈⋈⋈⋈≻⋈⋈∋⋈⋈⊤⊥⋈⊤⊥⊞⊤⊥⊞⊥⊤⊥⋈⊞⋈⋈⋈⋈⋈⋈⊣
0xabc68f0	⊢⋈⋈⋈⋈⋈⋈⋈⋈⋈⋈⊤∈⊞⋈⊞⋈⊞⋈⋈≻⋈⋈⋈⋈⋈≻⋈⊞⊞⋈⋈⋈⋈≻⋈⋈∋⋈⋈⊤⊥⋈⊤⊥⊞⊤⊥⊞⊥⊤⊥⋈⊞⋈⋈⋈⋈⋈⋈⊣
0xabc2a20	⊢⋈⋈⋈⋈⋈⋈⋈⋈⋈⋈⊤∈⊞⋈⊞⋈⋈⊞⋈⋈≻⋈⋈⋈⋈⋈≻⋈⊞⊞⋈⋈⋈⋈≻⋈⋈∋⋈⋈⊤⊥⋈⊤⊥⊞⊤⊥⊞⊥⊤⊥⋈⊞⋈⋈⋈⋈⋈⋈⊣
0xabbfd30	⊢⋈⋈⋈⋈⋈⋈⋈⋈⋈⋈⊤∈⊞⋈⊞⋈⊞⋈⋈≻⋈⋈⋈⋈⋈≻⋈⊞⊞⋈⋈⋈⋈≻⋈⋈∋⋈⋈⋈⋈⊤∈⊥⊤⊥⊞⋈⋈⊤∈⊥⊤⊥⊞⊤∈⊤⋈∈≺⋈⋈⋈⊤∈∈⊤∈∋∋∋⋈⊤∈⊥⊤⊥⊞∋⊞⊥⋈≺∋∋∋∋⋈⊞⋈⋈⋈⋈⋈⋈⊣
0xabc9950	⊢⋈⋈⋈⋈⋈⋈⋈⋈⋈⋈⊤∈⊞⋈⊞⋈⋈⊞⋈⋈≻⋈⋈⋈⋈⋈≻⋈⊞⊞⋈⋈⋈⋈≻⋈⋈∋⋈⋈⊤⊥⋈⊤⊥⊞⊤⊥⊞⊥⊤⊥⋈⊞⋈⋈⋈⋈⋈⋈⊣
0xabc7cc0	⊢⋈⋈⋈⋈⋈⋈⋈⋈⋈⋈⊤∈⊞⋈⊞⋈⊞⋈⋈≻⋈⋈⋈⋈⋈≻⋈⊞⊞⋈⋈⋈⋈≻⋈⋈∋⋈⋈⊤⊥⋈⊤⊥⊞⊤⊥⊞⊥⊤⊥⋈⊞⋈⋈⋈⋈⋈⋈⊣
0xab7028c	⊢⋈⋈⋈⋈⋈⋈⋈⋈⋈⋈⊤∈⋈⊞⋈⊞⋈⊞⋈⋈⋈≻⋈⋈⋈⋈⋈≻⋈⊞⊞⋈⋈⋈⋈≻⋈∋⋈⋈⊤∈⋈⊤∋⊥⋈⊤∈⋈⊤∋⊥⊤∈⊤∈⋈⊤∋⊥⊞⊥⋈∋⋈⊞⋈⋈⋈⋈⋈⋈⊣
0xab6742a	⊢⋈⊤∈∈⋈⋈⊤∈⊞≺∋⋈⋈⋈⊤∈∈⊤∈⊤∋∈∋⋈⋈⋈⋈⋈⊤∈∋≺∋⋈⋈∋∋⊣
0xabbfbd0	⊢⋈⋈⋈⊤∈⋈⊥⊤⊥⊞∋⋈⋈⊤∈⋈⋈⋈⊤⊥⊤⊥⊞⊥⋈⊞⋈⋈≺∋⋈⊞⋈⊞⊞⊞⋈⊞⊞⋈⋈⋈⊤∈⋈⊥⊤⊥⊞∋⋈⋈⊤∈⋈⊥⊤⊥⊤⋈⊥⊤⊥⊥⊥⊤⊥⊥⋈⋈⋈⊤⋈⊥⊥≺∋⋈⊤∈⊥⋈⊤⊥⊤⋈⊥⊥⋈∋⋈⋈⋈⋈⋈⋈⋈⋈⋈⋈⋈⋈⋈⋈⋈⋈⊣
0xab70392	⊢⋈⊤∈⋈⊤∋⊥⋈⊤∈⋈⊤∋⊥⋈⋈⊞⋈⊞⋈⊞⊞⋈⋈⊞⊞⊞⊞⊞⊞⋈⊤∈⋈⊤∋⊥⋈⊤∈⋈⊤∋⊥⋈⊤⋈⊥⊤⊥⋈⊥⊤⊥⋈⊤∈⋈⊤∋⊥⊤⊥⊤⊥⊤⋈⊥⊥⋈⋈⋈⋈⋈⋈⋈⋈⋈⊣
0xabc7940	⊢⋈⋈⋈⋈⋈⋈⋈⋈⋈⋈⊞⊞⊤⊥⊥⊞⊤⊥⊞⋈⊞⋈⋈⊞⋈⊞⊞⊞⋈⋈⋈⊤⋈⊥⊤⊥⊥⋈⊥⊤⊥⊥⋈⊤⋈⊥⊥⋈⋈⋈⋈⋈⋈⋈⋈⋈⋈⊞⊞⊤⊥⊥⊞⊤⊥⊞⋈⊞⊞⋈⊞⋈⊞⋈⊞⊞⊞⋈⋈⋈⊤⋈⊥⊤⊥⊥⊥⊤⋈⊥⊥⋈⊤⋈⊥⊥⋈⋈⋈⋈⋈⋈⋈⋈⋈⋈⊞⊞⊤⊥⊥⊥⋈⋈⋈⋈⊞⊤⋈⊞⊤⋈⊞⋈⋈⊤⊥⊞⋈⊞⊞⋈⋈⊞⊞⋈⊞⊞⊤⋈⊥⊥⋈⊥⋈⋈⋈⋈⊤⋈⊞⊤⋈⋈⋈⊥⋈⊞⊞⋈⊞⋈⋈⊞⊞⋈⊞⊞⊤⋈⊥⊥⋈⊥⋈⋈⋈⋈⊤⋈⊞⊤⋈⊞⊞⊞⊤⋈⊥⊞⋈⊞⋈⋈⋈⊞⊞⋈⊞⊞⊤⊥⊥⋈⊥⋈⋈⋈⋈⊤⋈⊞⊤⊞⊞⊞⊤⋈⊥⋈⋈⊞⊞⊞⊞⊞⊤∈⋈⊞⊞⊞⋈⊞⊤∈∋≻⊞⋈⋈⋈⋈⋈⋈⊣
0xab70357	⊢⋈⋈⋈⋈⋈⋈⋈≻⊞⋈⋈≻⋈⋈⋈⋈⋈⋈≺⋈⋈⋈⋈⋈⋈⊞⋈⊞⊞⊞⋈⊞⋈⋈⊞⊞∈⋈⊤∈⋈⊤∋⊥⋈⊤∈⋈∋⋈⋈⋈⊤∈⋈⊤∋⊥⋈⊤∈⋈∋⋈⋈⊞⊞⊞⋈⊞⊞⊞⋈⋈⋈⊞⊞⊞⊞⊞⋈⊞∈∋⊞⊤∈⊞⊞⊤⊥⊥⋈⊥⋈⋈⊞⊞⊞⊞∋⊤∈⊞⊤∈∋≻⋈⋈⋈⋈⋈⊣⋈⋈⋈⋈⋈⊣
0xabb8240	⊢⊞⊞⋈⋈⋈≺∈⋈⋈⊤∈⋈⋈⋈⋈⊡∈⋈⋈⋈⋈⋈⊤∈⊞⋈⋈⊤∈∋⊞⊞≺∋⋈⋈⋈⋈∋⋈⊞⋈⊤∈∋⊣
0xabbdba0	⊢⋈⋈⊞⊞⋈⊞⋈≺∈⋈⋈⋈⋈⊤∈∈⊤∈∋⋈⋈⋈⋈⋈⋈⋈⊤∈⋈≺∈⋈⋈⊞⊤∈∈⊤∈∋⋈⋈⋈⋈⊞∈∋⋈≺∋∋∋⋈⋈⋈⋈∋∋⋈⊞⊤∈∋⋈⋈⊣
0xabb9160	⊢⋈⋈⋈⋈⋈⋈⋈⊞⋈⋈⋈⋈⋈⊞⊞⊤⊞⋈⊤⋈⋈∈⊞⊞⋈⊞⊞⊞⋈⊞⊞⊞⊞⋈⊞⋈⊞⊤⋈⊥⋈≺∋⋈⋈⋈⋈⋈⋈⋈⊞⋈⋈⊞⊞⋈⋈⋈⋈⊡∈⋈⊞∈⊞⋈⋈⊤∈≺⋈⊞⋈⋈⊤∈⊤∈⋈⋈⊤∈⋈⊤∈⋈⋈⋈⋈⋈⋈⊞∈⋈⋈⊤∈⊞⊞⊤∈∋≺⋈⊤∈⋈⋈⋈⋈⋈⊡∈⋈⋈⊤∈⊞⊞⊤∈∋∋⋈∋∋⊤⋈⋈∈⊤∈⋈⋈⊤∈∋∋⋈⊡⋈⋈⊞≺⋈⋈∋⋈⊞⋈⊞⊞⊞⊡∈⋈⋈⋈⋈⋈⋈⋈⋈⋈⋈⋈⋈⋈⋈⋈⋈⊞⊞⊞∈∋⋈⋈≺⋈≺∋⊤∈⋈⋈⊤⊥⊞≺⋈⊤⋈⊥⋈⊞⊞⋈≻⋈⋈⋈⋈⋈≺∋∋∋∋⋈⊞⋈⊞⋈⊞⋈⋈⊞⊞⊞⋈⊞⊞⊤∈∋⋈⊞⋈⊞⋈⊞⋈⋈⋈≺∈∈⊤∈⊞⋈⋈⊞⋈⊞⋈⊤∈⋈⊞⊞∈∋⊞⊞⊞⊤⋈⋈∈⋈⊞⊞⊞⊞⊞⋈⋈⋈⊞≻⋈⋈⋈⋈⋈⋈⊤∈⊤∈∋⋈⋈⊞⊞⋈⊞⊞⊞⊞⊞⋈⊞≻⋈⋈⋈⋈⋈⋈⊤∈∋⊤∈∋⊤∈⊤⋈⊥⊤∈⋈⋈⊞⊞⊤⋈⊥⊞⋈⋈⊙⋈⊞⊤∈⋈⋈⊡∈⋈⋈⊞⊞⊤⊥⊥⋈⊥⋈⋈⋈⋈⊞⊞⊞⊤∈⋈⊞⊞⊤∈∋≺⋈⊡∈⋈⋈⋈⊞⊞⊤⊥⊥⊥⋈⋈⋈⋈⊞⊞⊞⊞⊞⊞⊤∈⊞⊤∈∋≺∋⋈⋈∋∋⊞⋈⋈⊙⋈⋈⋈⋈⋈≺∋∋∋∋⋈⋈⊤∈∋⊞⋈⊤∈∋≺∋⋈∋∋∋⋈⋈⊤∈⊤∈⊞⋈⋈⋈⋈⋈⋈⊣⋈⋈⊞⊞⊞⊞⊞⋈⊞⊞⋈⋈⋈⋈⋈⋈≺⋈⋈⋈⋈⋈⋈⋈⊞⋈⋈⋈⋈⊤∈⋈⋈⋈⋈∈⋈⋈⊡∈⊞∈⋈⋈⋈⋈⋈≻≺⋈⋈⊞⋈⊞⊞⊞⊞⊤∈⋈⋈≻⋈⋈⊤⊥⋈⊤⊥⊞⊤⊥⊞⊥⊤⊥≺∋⋈⊞⊞⋈⋈⋈⋈⊤∈⋈⋈⊤∈∋⊤∈⋈⊞⋈⋈⊞⋈⊞⊞⊞⋈⋈⋈∈⋈⊞⊞⊤∈⊞∈⋈⊞⋈⊞⊤⋈⊥⋈⋈⋈⋈⊞⊞⊤∈∋∋⊤∈⋈⋈⊞⋈⋈⊙⋈⊞∈⋈⊞⊞⋈⊡∈⋈⋈⋈⋈⊞⊞⊞∈∋∋⊤⋈⋈∈∋⊤∈⋈⊞⋈⋈⊞⋈⊞⊞⊞⊡∈⋈⊞⊞⊤∈∈⋈⊞⋈⊞⊤⋈⊥⋈⋈⋈⋈⊞⊞⊤∈∋∋⊤∈⋈⊞⋈⋈⋈⊙⋈⊞∈⋈⊞⊞⋈⋈⊡∈⋈⋈⋈⋈⊞⊞⊞∈∋⊤∈⋈⋈⋈⋈≻⋈⋈⋈⋈⊙⋈≻⋈⋈⊤⋈⋈⋈∈∋≺⊞⋈⊞⋈⋈⋈⋈⊞⊞⋈≺∋⊤∈⋈⋈⋈≻⋈⊞⋈⋈⋈⋈⋈⋈⋈≻⋈⋈⊤∈∋≺⋈⊞⋈⋈⋈⋈⊞⊞⋈≺∋∋∋⊤∈⋈⊞⊤⋈⋈∈⋈⋈⋈⋈⋈⊞⋈⋈⋈⋈⋈⋈⋈⊞⊞⊤⊥⊥⊞⊤⊥⊞⋈⊞⋈⋈⊞⋈⊞⊞⊞⋈⋈⋈⊤⋈⊥⊤⊥⊥⋈⋈⊥⊤⊥⋈⊥⋈⊤⋈⊥⊥⋈⊞⋈⋈⊞⊞⋈⊤⋈⋈⊥⊥⊞⋈⊤⊥⊞⊞⋈⋈⊞⋈⊞⊞⊞⋈⋈⋈⊤⋈⊥⊤⋈⋈⊥⊥⊥⊤⋈⋈⋈⋈⋈⊥⋈⊥⋈⋈⋈⊤⋈⋈⋈⊥⋈⊥⋈⋈⋈⋈⋈⋈⋈⋈⋈⋈⋈⋈⋈⋈⋈⋈⋈⋈⋈⋈⋈⋈⋈⋈⋈⋈≺∋⋈⊞⊤∈⋈⋈⊞⋈≺∈⋈⋈⊞⋈⋈⋈⋈⋈⊤∈⋈⊞⋈⋈⊡∈⋈⋈⋈⋈⋈⊤∈⊞⋈⋈⊤∈∋⊞⊞≺∋⋈⋈⋈⋈∋⊤⋈⊞⊞⊤∈∋∋⋈⊞⋈⊤∈⊞⋈⋈⊞≺∈⋈⋈⊞⋈⋈⋈⋈⋈⊤∈⋈⊞⋈⋈⊡∈⋈⋈⋈⋈⋈⊤∈⊞⋈⋈⊤∈∋⊞⊞≺∋⋈⋈⋈⋈∋⊤⋈⊞⊞⊤∈∋∋⋈⊞⋈⊞⋈⋈⋈⋈⋈≺∈⋈⊞⊞⋈⊤⊥⊥∈⋈∋⋈⋈⋈⋈⋈⋈⊤⋈⊞⋈⊤∈⋈≺∋⋈⋈⋈⊞⊞⊞⋈⋈⊞⊞⊞⋈⋈⋈⋈⊞⊞⊞⊞⊞⊡⋈∈∋⊞⊤∈⊞⊞⊤⊥⊥⋈⊥⋈⋈⋈⋈⊞⊞⊞⊞∋⊤∈⊞⊤∈∋∋≻∋∋⊣∋∋∋⊞⋈⋈⋈⋈⋈⋈⊣⊞⋈⋈⊞⊞≺∋
0xabc5990	⊢⋈⋈⋈⋈⋈⋈⋈⊞⋈⋈⋈⋈⋈⊞⊞⊤⊞⋈⊤⋈⋈∈⊞⊞⋈⊞⊞⊞⋈⊞⊞⊞⊞⋈⊞⋈⊞⊤⋈⊥⋈≺∋⋈⋈⋈⋈⋈⋈⋈⊞⋈⋈⊞⊞⋈⋈⋈⋈⊡∈⋈⊞∈⊞⋈⋈⊤∈≺⋈⊞⋈⋈⊤∈⊤∈⋈⋈⊤∈⋈⊤∈⋈⋈⋈⋈⋈⋈⊞∈⋈⋈⊤∈⊞⊞⊤∈∋≺⋈⊤∈⋈⋈⋈⋈⋈⊡∈⋈⋈⊤∈⊞⊞⊤∈∋∋⋈∋∋⊤⋈⋈∈⊤∈⋈⋈⊤∈∋∋⋈⊡⋈⋈⊞≺⋈⋈∋⋈⊞⋈⊞⊞⊞⊡∈⋈⋈⋈⋈⋈⋈⋈⋈⋈⋈⋈⋈⋈⋈⋈⋈⊞⊞⊞∈∋⋈⋈≺⋈≺∋⊤∈⋈⋈⊤⊥⊞≺⋈⊤⋈⊥⋈⊞⊞⋈≻⋈⋈⋈⋈⋈≺∋∋∋∋⋈⊞⋈⊞⋈⊞⋈⋈⊞⊞⊞⋈⊞⊞⊤∈∋⋈⊞⋈⊞⋈⊞⋈⋈⋈≺∈∈⊤∈⊞⋈⋈⊞⋈⊞⋈⊤∈⋈⊞⊞∈∋⊞⊞⊞⊤⋈⋈∈⋈⊞⊞⊞⊞⊞⋈⋈⋈⊞≻⋈⋈⋈⋈⋈⋈⊤∈⊤∈∋⋈⋈⊞⊞⋈⊞⊞⊞⊞⊞⋈⊞≻⋈⋈⋈⋈⋈⋈⊤∈∋⊤∈∋⊤∈⊤⋈⊥⊤∈⋈⋈⊞⊞⊤⋈⊥⊞⋈⋈⊙⋈⊞⊤∈⋈⋈⊡∈⋈⋈⊞⊞⊤⊥⊥⋈⊥⋈⋈⋈⋈⊞⊞⊞⊤∈⋈⊞⊞⊤∈∋≺⋈⊡∈⋈⋈⋈⊞⊞⊤⊥⊥⊥⋈⋈⋈⋈⊞⊞⊞⊞⊞⊞⊤∈⊞⊤∈∋≺∋⋈⋈∋∋⊞⋈⋈⊙⋈⋈⋈⋈⋈≺∋∋∋∋⋈⋈⊤∈∋⊞⋈⊤∈∋≺∋⋈∋∋∋⋈⋈⊤∈⊤∈⊞⋈⋈⋈⋈⋈⋈⊣⋈⋈⊞⊞⊞⊞⊞⋈⊞⊞⋈⋈⋈⋈⋈⋈≺⋈⋈⋈⋈⋈⋈⋈⊞⋈⋈⋈⋈⊤∈⋈⋈⋈⋈∈⋈⋈⊡∈⊞∈⋈⋈⋈⋈⋈≻≺⋈⋈⊞⋈⊞⊞⊞⊞⊤∈⋈⋈≻⋈⋈⊤⊥⋈⊤⊥⊞⊤⊥⊞⊥⊤⊥≺∋⋈⊞⊞⋈⋈⋈⋈⊤∈⋈⋈⊤∈∋⊤∈⋈⊞⋈⋈⊞⋈⊞⊞⊞⋈⋈⋈∈⋈⊞⊞⊤∈⊞∈⋈⊞⋈⊞⊤⋈⊥⋈⋈⋈⋈⊞⊞⊤∈∋∋⊤∈⋈⋈⊞⋈⋈⊙⋈⊞∈⋈⊞⊞⋈⊡∈⋈⋈⋈⋈⊞⊞⊞∈∋∋⊤⋈⋈∈∋⊤∈⋈⊞⋈⋈⊞⋈⊞⊞⊞⊡∈⋈⊞⊞⊤∈∈⋈⊞⋈⊞⊤⋈⊥⋈⋈⋈⋈⊞⊞⊤∈∋∋⊤∈⋈⊞⋈⋈⋈⊙⋈⊞∈⋈⊞⊞⋈⋈⊡∈⋈⋈⋈⋈⊞⊞⊞∈∋⊤∈⋈⋈⋈⋈≻⋈⋈⋈⋈⊙⋈≻⋈⋈⊤⋈⋈⋈∈∋≺⊞⋈⊞⋈⋈⋈⋈⊞⊞⋈≺∋⊤∈⋈⋈⋈≻⋈⊞⋈⋈⋈⋈⋈⋈⋈≻⋈⋈⊤∈∋≺⋈⊞⋈⋈⋈⋈⊞⊞⋈≺∋∋∋⊤∈⋈⊞⊤⋈⋈∈⋈⋈⋈⋈⋈⊞⋈⋈⋈⋈⋈⋈⋈⊞⊞⊤⊥⊥⊞⊤⊥⊞⋈⊞⋈⋈⊞⋈⊞⊞⊞⋈⋈⋈⊤⋈⊥⊤⊥⊥⋈⋈⊥⊤⊥⋈⊥⋈⊤⋈⊥⊥⋈⊞⋈⋈⊞⊞⋈⊤⋈⋈⊥⊥⊞⋈⊤⊥⊞⊞⋈⋈⊞⋈⊞⊞⊞⋈⋈⋈⊤⋈⊥⊤⋈⋈⊥⊥⊥⊤⋈⋈⋈⋈⋈⊥⋈⊥⋈⋈⋈⊤⋈⋈⋈⊥⋈⊥⋈⋈⋈⋈⋈⋈⋈⋈⋈⋈⋈⋈⋈⋈⋈⋈⋈⋈⋈⋈⋈⋈⋈⋈⋈⋈≺∋⋈⊞⊤∈⋈⋈⊞⋈≺∈⋈⋈⊞⋈⋈⋈⋈⋈⊤∈⋈⊞⋈⊞⋈⊡∈⋈⋈⋈⋈⋈⊤∈⊞⋈⋈⊤∈∋⊞⊞≺∋⋈⋈⋈⋈∋⊤⋈⊞⊞⊤∈∋∋⋈⊞⋈⊤∈⊞⋈⋈⊞≺∈⋈⋈⊞⋈⋈⋈⋈⋈⊤∈⋈⊞⋈⊞⋈⊡∈⋈⋈⋈⋈⋈⊤∈⊞⋈⋈⊤∈∋⊞⊞≺∋⋈⋈⋈⋈∋⊤⋈⊞⊞⊤∈∋∋⋈⊞⋈⊞⋈⋈⋈⋈⋈≺∈⋈⊞⊞⋈⊤⊥⊥∈⋈∋⋈⋈⋈⋈⋈⋈⊤⋈⊞⋈⊤∈⋈≺∋⋈⋈⋈⊞⊞⊞⋈⋈⊞⊞⊞⋈⋈⋈⋈⊞⊞⊞⊞⊞⊡⋈∈∋⊞⊤∈⊞⊞⊤⊥⊥⋈⊥⋈⋈⋈⋈⊞⊞⊞⊞∋⊤∈⊞⊤∈∋∋≻∋∋⊣∋∋∋⊞⋈⋈⋈⋈⋈⋈⊣⊞⋈⋈⊞⊞≺∋
0xabc1b40	⊢⋈⋈⋈⋈⋈⋈⋈⊞⋈⋈⋈⋈⋈⊞⊞⊤⊞⋈⊤⋈⋈∈⊞⊞⋈⊞⊞⊞⋈⊞⊞⊞⊞⋈⊞⋈⊞⊤⋈⊥⋈≺∋⋈⋈⋈⋈⋈⋈⋈⊞⋈⋈⊞⋈⊞⋈⋈⋈⊡∈⋈⊞∈⊞⋈⊤∈≺⋈⋈⋈⊤∈⊤∈⋈⋈⊤⋈∈⋈⊤∈⋈⋈⋈⋈⋈⊡∈⋈⋈⊤∈⊞⊞⊤∈∋≺⊤∈⋈⋈⋈⋈⋈⊡∈⋈⋈⊤∈∋⋈⊞⊞⊤∈∋∋⋈⋈≺∋⊤⋈∈⊤∈⋈⋈⊤∈∋∋⋈⊡⋈⋈⊞≺⋈⋈⋈∋⋈⋈⋈⋈⋈⋈⊞⊡∈⋈⋈⋈⋈⋈⋈⋈⋈⋈⋈⋈⋈⊞⊞⊞∈∋⋈⋈≺⋈≺∋⊤∈⋈⊤⊥⊞≺⊤⋈⊥⋈⋈⊞⋈⊞≻⋈⋈⋈⋈⋈≺∋∋∋∋⋈⊞⋈⊞⋈⊞⋈⋈⊞⊞⊞⋈⊞⊞⊤∈∋⋈⋈⋈⊞⋈⊞⋈⋈⋈⋈≺∈∈⊤∈⊞⋈⋈⊞⋈⊞⋈⊤∈⋈⊞⊞∈∋⋈⊞⋈⋈⋈⊤⋈⋈∈⋈⊞⊞⊞⊞⊞⋈⋈⋈⊞≻⋈⋈⋈⋈⋈⋈∋⊤∈⋈⋈⋈⋈⊞⊞⊞⊞⊞⋈⊞≻⋈⋈⋈⋈⋈⋈∋⊤⋈∈⊤∈⊤⋈⊥⊤∈⋈⋈⋈⊤⋈⊥⊞⋈⋈⋈⊙⋈⊞⊤∈⋈⋈⊡∈⋈⊞⊞⊤⊥⊥⋈⊥⋈⋈⋈⋈⋈⋈⊞⊤∈⋈⋈⋈⊤∈∋≺⋈⊞∈⋈⋈⋈⊞⊞⊤⊥⊥⊥⋈⋈⋈⋈⋈⋈⋈⋈⊞⊤∈⊞⊤∈∋≺∋⋈⋈∋∋⊞⋈⋈⊙⋈⋈⋈⋈⋈⋈∋∋∋⋈⋈⊤∈∋⊞⋈⊤∈∋≺∋⋈∋∋∋⋈⋈⊤∈⊤∈⊞⋈⋈⋈⋈⋈⋈⊣⋈⋈⊞⊞⊞⊞⊞⋈⊞⊞⋈⋈⋈⋈⋈⋈≺⋈⋈⋈⋈⋈⋈⋈⊞⋈⋈⋈⋈⋈⊤∈⋈⋈⋈∈⋈⊡∈⊞∈⋈⋈⋈⋈⋈≻≺⋈⋈⊞⋈⊞⊞⊞⊞⊤∈⋈⋈≻⋈⋈⋈⊤⊥⋈⊤⊥⊞⊤⊥⊞⊥⊤⊥≺∋⋈⊞⊞⋈⊞⋈⋈⋈⋈⊤∈⋈⋈⊤∈∋⊤∈⋈⋈⋈⋈⊞⋈⊞∈⋈⋈⊤∈⊡∈⊞⋈⊤⋈⋈⊥⋈⋈⋈⋈⊞⊞⊤∈∋∋⊤∈⋈⋈⋈⋈⋈⊙⋈⊞∈⋈⋈⋈⋈⋈⋈⊡∈⋈⋈⋈⋈⊞⊞⊞∈∋∋⊤⋈∈∋⊤∈⋈⋈⋈⋈⊞⋈⊞∈⋈⋈⊤∈⊡∈⋈⊞⊤⋈⊥⋈⋈⋈⋈⋈⊞⊞⊤∈∋∋⊤∈⋈⋈⋈⋈⋈⊙⋈⊞∈⋈⋈⋈⋈⋈⋈⋈⊡∈⋈⋈⋈⋈⊞⊞⊞∈∋⊤⋈∈⋈⋈⋈⋈≻⋈⊞⋈⋈⋈⊙⋈≻⋈⋈⊤⋈∈∋≺⊞⋈⋈⋈⋈⋈⊞⊞⋈≺∋⊤∈⋈⋈⋈≻⋈⋈⋈⋈⋈⋈⋈≻⋈⊤∈∋≺⋈⋈⋈⋈⋈⊞⊞⋈≺∋∋∋⊤∈⋈⊞⊤⋈∈⋈⋈⋈⋈⋈⋈⋈⋈⋈⋈⋈⋈⋈⊞⊞⊤⊥⊥⋈⋈⊤⋈⋈⋈⋈⊥⋈⊥⋈⋈⋈⊤⋈⊥⊤⊥⊥⋈⊥⊤⊥⊥⋈⊤⋈⊥⋈⊥⋈⋈⋈⋈⋈⋈⊞⊞⋈⊤⊥⊥⋈⋈⋈⊞⊞⋈⊤⋈⋈⋈⋈⊥⊥⋈⋈⊤⋈⊥⋈⊤⋈⊥⊥⊥⊤⋈⋈⋈⋈⋈⋈⋈⋈⋈⋈⋈⋈⋈⊥⋈⊥⋈⋈⋈⊤⋈⋈⊥⋈⊥⋈⋈⋈⋈⋈⋈⋈⋈⋈⋈⋈⋈⋈⋈⋈⋈⋈⋈⋈≺∋⋈⊞⊤∈⋈⋈⋈⋈≺∈⊞⋈⋈⋈⋈⋈⋈⋈⊤∈⊞⋈⋈⋈⊡∈⋈⋈⋈⋈⊤∈⋈⋈⊤⋈∈∋⊞≺∋⋈⋈⋈∋⊤⋈⊞⊞⊤∈∋∋⋈⋈⋈⊤∈⊞⋈⋈⋈≺∈⊞⋈⋈⋈⋈⋈⋈⋈⊤∈⊞⋈⋈⋈⊡∈⋈⋈⋈⋈⊤∈⋈⋈⊤⋈∈∋⊞≺∋⋈⋈⋈∋⊤⋈⊞⊞⊤∈∋∋⋈⋈⊞⋈⋈⋈⋈≺∈⋈⋈⊞⊞⋈⊤⊥⊥∈⋈∋⋈⋈⋈⋈⋈⋈⊤⋈⊞⋈⊤∈⋈≺∋⋈⋈⋈⋈⋈⋈⋈⋈⊞⋈⊞⋈⋈⋈⋈⋈⋈⋈⋈⊞⋈⊞∈∋⊞⊤∈⊞⊞⊤⊥⊥⋈⊥⋈⋈⋈⋈⋈⋈⋈⋈∋⊤∈⊞⊤∈∋∋≻∋∋⊣∋∋∋⊞⋈⋈⋈⋈⋈⋈⊣⊞⋈⊞⊞⋈≺∋
0xabbec90	⊢⋈⋈⋈⋈⋈⋈⋈⊞⋈⋈⋈⋈⋈⊞⊞⊤⊞⋈⊤⋈⋈∈⊞⊞⋈⊞⊞⊞⋈⊞⊞⊞⊞⋈⊞⋈⊞⊤⋈⊥⋈≺∋⋈⋈⋈⋈⋈⋈⋈⊞⋈⋈⊞⋈⊞⋈⋈⋈⊡∈⋈⊞∈⊞⋈⋈⊤∈≺⋈⊞⋈⋈⋈⊤∈⊤∈⋈⋈⊤∈⋈∈⊤∈∋⊤∈⋈⋈⋈⋈≺∈⋈⋈⊤∈⋈∈⊤∈∋⊞⊞⋈⊤∈∋⊞∋⊞≺⋈⊞≺∋⋈⋈⊤∈⋈⋈⋈⋈≺∈⋈⋈⊤∈∈⋈⊤∈∋⊞⊞⊤∈∋∋⋈≺∋∋∋⋈∋∋⊤⋈∈⊤∈⋈≺⋈⊤∈⋈⋈⊞⋈⊞⋈⊞⊞⊞⊡∈⋈⋈⋈⋈⋈⋈⋈⋈⋈⋈⋈⋈⋈⋈⋈⋈⊞⊞⊞∈∋⋈⋈⋈≺⋈∋∋∋⋈⋈≺∋⊤∈⋈⋈⋈⊤⊥⊞⊤⋈⊥⋈⋈⊞⊞≻⋈⋈⋈⋈⋈≺∋∋⋈⊞⋈⊞⋈⊞⋈⋈⊞⊞⊞⋈⊞⊞⋈⊤∈∋⋈⊞⋈⊞⋈⊞⋈⋈⋈≺∈∈⊤∈⊞⋈⋈⊞⋈⊞⋈⊤∈⋈⊞⊞∈∋⊞⊞⊞⊤⋈⋈∈⋈⊞⊞⊞⊞⊞⋈⋈⋈⊞≻⋈⋈⋈⋈⋈⋈⊤∈⊤∈∋⋈⋈⊞⊞⋈⊞⊞⊞⊞⊞⋈⊞≻⋈⋈⋈⋈⋈⋈⊤∈∋⊤∈∋⊤∈⊤⋈⊥⊤∈⋈⋈⊞⊞⊤⋈⊥⊞⋈⋈⊙⋈⊞⊤∈⋈⋈⊡∈⋈⋈⊤∈⋈⊥⊤⊥⊞⋈⊞⊤⋈⊥⋈⋈⋈⊞⋈≺∋⋈⋈⋈⋈⊞⊞⊞⊤∈⊞⊞⊤∈∋≺⋈⊡∈⋈⊞⋈⊞⋈⋈⊤∈⋈⊥⊤⊥⋈⊞∈⋈∋∋⋈⋈⋈⋈⋈⊞⋈⊞⊞⊞⊞⊤∈⊞⊤∈∋≺∋⋈⋈∋∋⊞⋈⋈⊙⋈⋈⋈⋈⋈≺∋∋∋∋⋈⋈⊤∈∋⊞⋈⊤∈∋≺∋⋈∋∋∋⋈⋈⊤∈⊤∈⊞⋈⋈⋈⋈⋈⋈⊣⋈⋈⊞⊞⊞⊞⊞⋈⊞⊞⋈⋈⋈⋈⋈⋈≺⋈⋈⋈⋈⋈⋈⋈⊞⋈⋈⋈⋈⋈⊤∈⋈⋈⋈∈⋈⋈⊡∈⊞∈⋈⋈⋈⋈⋈≻≺⋈⊞⋈⊞⊞⊞⊞⋈⊤∈⋈≻⋈⋈≺⋈⋈⋈⋈⊤∈⊥⊤⊥⊞⋈⋈⊤∈⊥⊤⊥⊞⋈⊤⋈∈⊡⋈⊤⋈⋈∈≺⋈⋈⋈⊤∈⋈⋈∈⋈⊤∈≺⋈≺∋∋∋⋈⊤∈⊥⊤⊥⊞∋⊞⊥⋈∋∋∋∋∋⋈⋈⊞⊞⋈⋈⋈⋈⊤∈⋈⋈⊤∈∈⋈⋈⊤∈∋∋⊤∈⋈⊞⋈⊞⋈⋈⋈⋈∈⋈⊞⊞≺∈⊤∈⊤∈⋈⋈⊞⋈⋈⊙⋈⋈⊞∈⋈⊞⊞⋈∈⋈⋈⋈⋈⊞⊞⊞∈∋∋⊤⋈∈∋∋⊤∈⋈⊞⋈⊞⊞⋈⊞∈⋈⊞⊞≺∈⊤∈⊤∈⋈⊞⋈⋈⋈⋈⊙⋈⋈⊞∈⊞⋈⊞⋈⋈⊡∈⋈⋈⋈⋈⊞⊞⊞∈∋⊤∈⋈⋈⋈≻⋈⋈⋈⋈⊙⋈≻⋈⋈⊤⋈⋈∈∋≺⊞⋈⊞⋈⋈⋈⋈⊞⊞⋈≺∋⋈⋈⊤∈⋈⊥⊤⊥⊞⊞⊤⋈⊥⋈⊞⊞⋈≺∋⊞⊞⋈⋈⋈⋈⊞⋈∋⊤∈⋈⋈⋈≻⋈⊞⋈⋈⋈⋈⋈⋈≻⋈⊤∈∋≺⋈⊞⋈⋈⋈⋈⊞⊞⋈≺∋⋈⋈⊤∈⋈⊥⊤⊥⊞⊞⊤⋈⊥⋈⊞⋈⋈≺∋⊞⊞⋈⋈⋈⋈⊞⋈∋∋∋⊤∈⋈⋈⊞⋈⊞⋈⊞⊤⋈⋈∈⋈⋈⋈⋈⋈⋈⋈⋈⋈⋈≻⋈⋈≻⋈≺∋⋈⊞⋈⊤∈⋈⋈⊞⊞⋈≺∈⋈⋈⋈⊞⋈⋈⋈⋈⋈⋈⊞⋈⋈⊤∈∈⊤∈∋⊞⋈⋈⋈⋈⋈⋈⊤∈⋈≺∈⋈⋈⊞⊤∈∈⊤∈∋⋈⋈⋈⋈⊞∈∋⋈≺∋∋∋⋈⋈⋈⋈∋∋⊤⋈⊞⊞⊤∈∋∋⊤⋈∈⋈⋈⊞⊞≺∈⋈⋈⋈⊞⋈⋈⋈⋈⋈⊞⋈⋈⊤∈∈⊤∈∋⊞⋈⋈⋈⋈⋈⋈⊤∈⋈≺∈⋈⋈⊞⊤∈∈⊤∈∋⋈⋈⋈⋈⊞∈∋⋈≺∋∋∋⋈⋈⋈⋈∋∋⋈⊤⋈⊞⊞⊤∈∋∋⋈⊞⋈⋈⊞⋈⊞⊞⋈⋈≺∈⋈⋈⋈⋈⋈⊤∈⋈⊥⊤⊥⋈⊞∈⋈∋∋⋈⋈⋈⋈⋈⋈⋈⊤∈⋈⊥⊤⊥⋈⊞∈⋈≺∋∋⋈⊞⊞⊞⋈⊞⊞⊞⋈⋈⋈⋈⋈⊞⊞⊞⊞⊞⊞∈∋⊞⊤∈⊞⊞⊤⊥⊥⋈⊥⋈⋈⋈⋈⊞⊞⊞⊞∋⋈⊤∈⊞⊤∈∋∋≻∋∋⊣∋∋∋⊞⋈⋈⋈⋈⋈⋈⊣⊞⋈⋈⊞⊞≺∋
0xabc69b0	⊢⋈⋈⋈⋈⋈⋈⋈⊞⋈⋈⋈⋈⋈⊞⊞⊤⊞⋈⊤⋈⋈∈⊞⊞⋈⊞⊞⊞⋈⊞⊞⊞⊞⋈⊞⋈⊞⊤⋈⊥⋈≺∋⋈⋈⋈⊞⋈⋈⊞⊞⋈⋈⋈⋈∈⋈⊞∈⊞⋈⋈⊤∈≺⋈⊞⋈⋈⊤∈⊤∈⋈⋈⊤∈⋈⊤∈⋈⋈⋈⋈⋈⋈⊡∈⋈⋈⊤∈⊞⊞⊤∈∋≺⊤∈⋈⋈⋈⋈⋈⋈∈⋈⋈⊤∈⊞⊞⊤∈∋∋⋈∋∋⊤⋈⋈∈⊤∈⋈⊤∈⋈⊞≺⋈⋈∋⋈⊞⊞⊞⊡∈⋈⋈⋈⋈⊞⊞⊞∈∋≺∋⋈∋∋⋈⊡⋈≺∋⊤∈⋈⋈⊤⊥⊞≺⋈⊤⋈⊥⋈⊞⊞⋈≻⋈⋈⋈⋈⋈≺∋∋∋⋈⊞⋈⊞⋈⊞⋈⋈⊞⊞⊞⋈⊞⊞⊤∈∋⋈⊞⋈⊞⋈⊞⋈⋈⋈≺∈∈⊤∈⊞⋈⋈⊞⋈⊞⋈⊤∈⋈⊞⊞∈∋⊞⊞⊞⊤⋈⋈∈⋈⊞⊞⊞⊞⊞⋈⋈⋈⊞≻⋈⋈⋈⋈⋈⋈⊤∈⊤∈∋⋈⋈⊞⊞⋈⊞⊞⊞⊞⊞⋈⊞≻⋈⋈⋈⋈⋈⋈⊤∈∋⊤∈∋⊤∈⊤⋈⊥⊤∈⋈⋈⊞⊞⊤⋈⊥⊞⋈⋈⊙⋈⊞⊤∈⋈⋈⊡∈⋈⋈⊞⊞⊤⊥⊥⋈⊥⋈⋈⊞⊞⊞⊤∈⋈⊞⊞⊤∈∋≺⋈⊡∈⋈⋈⊞⊞⊤⋈⊥⊥⊥⋈⋈⊞⊞⊞⊞⊞⊞⊤∈⊞⊤∈∋≺∋⋈⋈∋∋⊞⋈⋈⊙⋈⋈⋈⋈⋈≺∋∋∋∋⋈⋈⊤∈∋⊞⋈⊤∈∋≺∋⋈∋∋∋⋈⋈⊤∈⊤∈⊞⋈⋈⋈⋈⋈⋈⊣⋈⋈⊞⊞⊞⊞⊞⋈⊞⊞⋈⋈⋈⋈⋈⋈≺⋈⋈⋈⋈⋈⋈⋈⊞⋈⋈⋈⋈⊤∈⋈⋈⋈⋈⋈∈⋈⊡∈⊞∈⋈⋈⋈⋈⋈≻≺⋈⊞⋈⊞⊞⊞⊞⊤⋈⋈∈⋈⋈≻⋈⋈⋈⊤⊥⋈⊤⊥⊞⊤⊥⊞⊥⊤⊥≺∋⋈⊞⋈⊞⋈⋈⋈⋈⋈⊤∈⋈⊤∈∋⊤∈⋈⊞⋈⊞⋈⋈⊡∈⋈⊞⋈⊥⊞⊞⊤∈∈⋈⋈⊞⊤⊥⊥⋈⊞⋈⋈⊞⊤⋈⋈⊥⋈⋈⊞⋈⋈⋈⊞⊤⊥⊥⋈⊞⋈⋈⋈⋈⊞⊞⊤⋈⊥⋈⋈⊞⊞⊤∈∋∋⋈⊞⊞⊤∈⊡∈⋈⊞⋈⊞⊤⋈⊥⋈⋈⊞⊞⊤∈∋∋⋈⊤∈⋈⊞⋈⋈⋈⊙⋈⋈⋈⊞∈⋈⊞⋈⊡∈⋈⋈⊞⊞⊞∈∋∋⊤⋈∈∋⊤∈⋈⊞⋈⊞⊞⋈⋈⊡∈⋈⊞⋈⊥⊞⊞⊤∈∈⋈⋈⋈⊞⊤⊥⊞⋈⋈⊞⊤⋈⋈⊥⋈⊞⋈⋈⊞⊤⋈⋈⊥⋈⋈⊞⋈⋈⊞⋈⊞⊤⋈⊥⋈⋈⊞⊞⊤∈∋∋⋈⊞⊞⊤∈⊡∈⋈⊞⋈⊞⊤⋈⊥⋈⋈⊞⊞⊤∈∋∋⊤∈⋈⊞⋈⋈⋈⊙⋈⋈⊞∈⊞⋈⊞⋈⋈⊡∈⋈⋈⊞⊞⊞∈∋⊤⋈∈⋈⋈⋈≻⋈⋈⋈⋈⊙⋈≻⋈⋈⊤⋈∈∋≺⊞⋈⊞⋈⋈⊞⊞⋈≺∋⊤∈⋈⋈⋈≻⊞⋈⋈⋈⋈⋈≻⋈⊤∈∋≺⋈⊞⋈⋈⊞⊞⋈≺∋∋∋⊤∈⋈⊞⊤∈⊤∈⋈⋈⋈⊞⋈⋈⋈⋈⋈⊞⊞⊤⊥⊥⊞⊤⊥⊞⋈⊞⋈⋈⊞⋈⊞⊞⊞⋈⋈⋈⊤⋈⊥⊤⊥⊥⋈⋈⊥⊤⊥⋈⊥⋈⊤⋈⊥⋈⊥⋈⊞⋈⋈⊞⊞⊤⋈⊥⊥⊞⊤⊥⊞⊞⋈⋈⋈⊞⋈⊞⊞⊞⋈⋈⋈⊤⋈⊥⊤⋈⋈⊥⊥⊥⊤⋈⋈⋈⊥⊥⋈⋈⋈⊤⋈⋈⊥⋈⋈⊥⋈⋈⋈⋈⋈⋈⋈⋈⋈⋈⋈⋈⋈≺⋈⊞⋈⋈⋈≻⋈⊞⋈⊞⋈⊞≻⋈≺∋∋⋈⊞⊤∈⋈⋈⊞⋈≺∈⋈⋈⊞⋈⋈⋈⊤∈⊞⋈⋈⊡∈⋈⋈⊤∈⋈⋈⊤⋈∈∋⊞≺∋⋈⋈∋⊤⋈⊞⊞⊤∈∋∋⋈⊞⋈⊤∈⊞⋈⋈⊞≺∈⋈⋈⊞⋈⋈⋈⊤∈⊞⋈⋈⊡∈⋈⋈⊤∈⋈⋈⊤⋈∈∋⊞≺∋⋈⋈∋⊤⋈⊞⊞⊤∈∋∋⋈⊞⋈⊞⋈⋈⋈⋈⋈≺∈⋈⋈⊞⊞⋈⊤⊥⊥∈⋈∋⋈⋈⋈⋈⋈⊤⋈⊞⋈⊤⋈∈⋈≺∋⋈⋈⋈⊞⊞⊞⋈⋈⊞⊞⊞⋈⋈⋈⊞⊞⊞⊞⊞⋈⊞∈∋⊞⊤∈⊞⊞⊤⊥⊥⋈⊥⋈⋈⊞⊞⊞⊞∋⊤∈⊞⊤∈∋∋≻∋∋⊣∋∋∋⊞⋈⋈⋈⋈⋈⋈⊣⊞⋈⋈⊞⊞≺∋
0xab5d7a0	⊢⋈⋈⋈⋈⊞⊞∈⊞≻⋈⋈⋈⊤⊥⊤⋈⊥⋈⋈⋈⋈≻⊤∈∋⋈⋈≻⋈⋈⋈⋈⋈⋈⋈⋈⊤∈⋈⊤∈⋈⋈≻⊤∈⋈⋈⋈≻⊤∈∋⋈⋈∋⋈⋈⊞≺⋈⊞≺∋∋⋈⋈⊞⋈⋈⋈⋈⊣⋈⋈⋈⊞⋈⋈⋈⊣
0xabae2c0	⊢⋈⋈⋈⋈⊞⊞∈⊞≻⋈⋈⋈⋈⋈⊤⊥⊞⊤⊥⋈⊤⊥⋈⋈⋈⋈≻⊤∈∋⋈⋈≻⋈⋈⋈⋈⋈⋈⊞⋈⋈⋈≻⊤∈⋈⊞⊤⊥⋈⋈⊞⊤∈⋈⋈⋈⋈⊤∈⋈⊙∋⊤∈⋈⊙∋⋈⊙∋⊞≺∋⊞⋈⋈⋈⋈⋈⊣⋈⋈⋈⊞⋈⋈⋈⊣
0xab8c0a9	⊢⋈≻⋈⊤∈⋈⋈≻⊞∈⋈⋈⋈⊞⋈⋈⋈⋈⋈⊤⊥⊞⊤⊥⊤⋈⋈⊥⊤⊥⋈⋈⋈⋈⋈≻⊤∈⋈⋈⋈⋈⋈⋈≺∋⊞⋈⋈⋈⊣⊞⊣⋈⊣
0xab5d559	⊢⋈⋈≻⋈⊤∈⋈⋈≻⋈⋈⋈⋈⋈⋈⋈⋈⋈⋈⋈⊤∈⊤∈⊤∈⊤∈⊤∈⊤∈∈∋⊤∈≺∋∋∋∋∋⋈⋈≻⊤∈∋∋⊤∈∈⋈⋈⋈⋈⋈≻⋈⋈⊤∈≺∋⋈⋈⋈⊙⋈⋈≻⋈⋈⋈⋈⊞⋈⋈⋈⋈⋈⋈⊣⊞∋⋈⋈≻∋⋈⋈⋈⋈≻⊤∈⊤⋈⋈⊥⊤∈⋈⊤∈⋈⋈⋈⋈⋈⋈≻⋈⋈⋈≺∋⋈⊞⋈∋∋⊞⋈⋈⋈⊞⋈⋈⋈⋈⋈⋈≺⋈⋈⋈⋈⋈⋈⋈⋈⋈⊞⋈⋈⊞⊤∈⋈⋈⋈⋈⋈≻⋈≺∋⋈⊞⋈⋈⊙⊞⋈⋈⋈⋈⋈⋈⊣⋈⊣
0xabca250	⊢⋈⋈⋈⋈⋈⋈⋈⊞⋈⋈⊞⋈⋈⋈⋈⋈⊡∈⋈⋈⋈⊙⊤∈⊤∈⋈⋈⊞⋈≻⋈⋈⊞⊤⋈∈∋⋈⋈⋈⋈⋈≻⋈⋈≺∋⋈⊞⋈⋈⋈⊙⋈⊞⋈⊞⊙⋈⊤∈∋⊞⊞⋈⋈≺∋⋈⊞⋈⋈⋈⋈⋈⋈⊣
0xaba3cd3	⊢⋈⊞⋈⋈⋈⋈⊤∈⋈⋈∈⋈⊤∈⊞∈∋⊤∈⊤∈⊤∈⋈⋈≺⋈⋈⊤∈⊞⋈⊞∈⋈⊤∈⊞∈⊤∈∋⊤∈⋈⋈≺⋈⋈⊞⊞⊤∈∋∋⋈⋈≺⋈⊤∈∋⋈≺∋⋈⋈≺⋈≺∋⊞⊞⋈⊤∈∋∋⋈⋈∋∋∋∋≻⋈⋈≺∋⋈⊞⋈⊣
0xab4f97a	⊢⋈⋈⋈⋈⋈⋈⊞⋈⋈⋈⋈⊞⊙
0xab4ff1d	⊢⋈⋈⋈⋈⋈⋈⊞⋈⋈⋈⋈⋈⊞⊙
0xab5052d	⊢⋈⋈⋈⋈⋈⋈⊞⋈⋈⊞⋈⊞⋈∈⋈⋈⋈⋈⋈⋈⋈⊞⋈⋈⋈∈⋈⋈⋈⋈⊞⋈⋈⋈⋈⋈≻⋈⋈⋈≻⋈⊞⋈⊞⋈⋈≻⋈⋈≻⋈⊤⊥∈⊤∈⋈⋈⋈⊤∈⋈∋⋈⋈⋈⊤∈⋈∋⊤⊥∈⊤⋈⋈⊥⊤⊥⊤⋈⋈⊥⊤⊥⊞∈⊤∈⋈⊤⋈∈∋⋈⋈⊤∈⋈⋈⋈⊤∈⋈∋⋈⋈⋈⊤∈⋈∋⊤⊥∈⊤⋈⋈⊥⊤⊥⊤⋈⋈⊥⊤⊥⊞∈⊤∈∋⊞⊤⊥⋈⊤⋈∈∋≺∋⊥≺∋∋∋∋⊤⋈⋈⊥⊥∋⋈⋈⋈⋈⋈⊤∈⋈⋈⋈≻∋⋈⋈≻⋈⋈⊤∈⋈⋈⋈≻∋⋈⊤∈⋈⋈⋈≻∋⋈⊤∈⋈⋈⋈≻∋⋈⊞⋈⋈⋈⊞⊞⋈⊞⊞⊞⊤∈∋∋⊞⋈⋈⋈⋈⋈⋈⊣
0xab674d0	⊢⋈⋈⊤∈⊞⊣⋈⋈⋈⋈⋈⊞⋈⊞⊞∈⋈⊞⋈⋈∈⊤∈⊞∈⊤∈⊤∈∋⊞≺⊤⋈∈∋≺⊞⊞∈⊤⊥⊞⊞⊤∈∋⊞⊞⊤∈∋≺∋⋈∋⋈⋈⋈⋈⋈⊣
0xaba29fc	⊢⋈⋈⋈⋈⋈⋈⊞⋈⋈⋈⋈⊤∈⋈⋈⋈∈⋈⊤∈⊞∈∋⊤∈⊤∈⊞⋈⋈⋈⋈⋈⋈≻⋈⋈⊤∈⋈⊤⊤∈⋈∈⋈⊞⋈⋈⋈≻⋈⋈⊤∈≺∋⋈⋈⋈⊙⋈⋈⋈⋈⋈⋈⋈⋈⋈⋈⋈⋈⋈⋈⋈⋈⋈⋈≺⊞∋⋈⋈≻⋈≺⊤∈⊞⋈⋈⋈⋈⊞≻⊤∈∋⋈⋈≺⋈≺⊤∈⊡∈⊞⋈⊞⋈⋈⋈⋈⋈⋈∈⋈⊤∈⋈⋈∈⋈⊤∈⊞∈∋⊤∈⋈⋈⋈⋈⊞≺⊤∈⊤∈⋈⋈≺⊞⋈⊤∈⋈⊞∈⋈⊤∈⊞∈∋⊤∈⋈⋈≺∋⋈⋈≻⋈⊤∈⋈⋈≺⋈⋈⋈⋈⋈⋈⋈⋈⋈⊤∈⋈≻⋈∋⋈⊞⋈⋈⋈⋈⋈⋈⋈⋈⊞⋈⋈⋈⊞⋈⋈⋈≺∋⋈⋈⊞⊞⊤∈∋≺⊞⋈⊞⊤∈∋≺∋⋈⋈⊤∈⊤∈⊞⋈⋈⋈⋈≻⊤∈⋈⊤∈⊡∈∋⋈⋈≺⊞⋈⋈⋈⋈⋈⋈≻⊤∈⊤∈⋈⊡⋈⋈⋈⋈≻⊤⋈∈⋈⊤∈∈⋈⋈⋈⊙⋈⊞⋈⋈≻⋈⊤∈⋈⋈⋈⋈⊙⋈⊞∈∋⋈⊞⋈⋈⋈⋈⋈⊤∈≺∋⋈⋈⋈⊞⋈⋈⋈⋈⋈⋈⋈≻⊤∈⋈⋈⋈⋈⋈≻⊤∈⋈≻∋⋈⋈∈⋈≻⊤∈⋈≺⊤∈⋈⊡⋈⋈⋈≻⊤⋈∈⋈⊤∈⊞∈⋈⋈⋈⋈⋈⊙⋈⋈⋈⋈≻⊤∈⋈⋈≺∋⋈≻∋∋⋈⋈≺∋∋∋⋈≻∋⋈⋈⋈⊤∈⋈∈⋈≻⊞⊞∈∋∋⋈⋈⋈⋈≻⋈⋈⋈∋⊡⋈⋈⊤∈⋈∈⋈⊤∈⊞∈⊤∈∋⊤∈⋈⊞⋈⋈⋈⋈⋈⊤∈⋈⋈⋈⋈⋈⋈⋈⋈⋈⋈⋈⋈≺⋈≺⋈⋈⋈⊤∈⊞⋈⊞∈⋈⊤∈⊞∈∋⊤∈⋈⋈≺⋈⋈⊞⊞⊤∈∋≺∋∋∋⋈⋈≺⊞⋈⊤∈∋∋⋈⋈⋈∋∋⋈≻⋈⋈⋈⋈⋈⊤∈⋈≺⋈⋈⋈⋈⊙⋈⊞⋈∈∋⋈⋈⋈⋈⋈⋈⋈⋈⋈⋈≺∋⋈⋈⊤∈⋈⋈≺∋⋈⋈≻⊤∈⋈⋈⋈≻≺∋∋∋⋈⋈≺⋈⋈⋈⋈⋈⋈⋈⋈⋈⋈⋈⋈⋈≻⊤∈⋈≻∋⋈≺∋⋈⋈≻∋⋈≻≺⊞∋⋈≻⋈∋∋⋈⋈≺∋∋⊡⋈⋈⊤∈⋈∈⋈⊤∈⊞∈⊤∈∋⊤∈⋈⋈≺⊞⋈⋈⋈⋈⋈⊤∈⋈⋈⋈⋈⋈⋈∋⋈≺⋈⋈≺⊞⋈⊤∈∋∋⋈⋈∋∋⋈≻⋈⋈⋈⋈⋈⊤∈∋⋈⋈⋈≻≺⋈⋈∋⋈⋈≻≺∋∋∋∋⊤∈⊤∈⊞⋈⋈⋈⋈≻⊤∈⋈≺∋⋈⋈⋈⋈⋈⋈⋈⋈⋈⋈≺⊤∈∋∋⊞⊤∈⋈⋈⋈≻⋈⋈⋈⋈⋈≻⊤∈∋⋈⋈∋⋈≻⊤∈∋⋈⋈⋈⋈∋⋈≺∋⋈≻≺⋈≺⊞⋈⋈⋈⋈≻⊤∈⋈⋈⋈⋈⋈⋈⋈⋈⋈⋈⋈⋈⋈≺⊞⋈⊤∈∋∋⋈⋈∋⋈≻∋∋∋∋∋∋⋈∋⋈≺∋∋∋∋⊞⋈⋈⋈⋈⋈⋈⊣
0xaba2218	⊢⋈⊞⋈⋈⋈⋈⊤∈⋈⋈∈⋈⊤∈⊞∈⊤∈∋⋈⋈≺⊞⋈⋈⊞⋈≺⊞⋈⊤∈∋∋⋈⋈∋⋈⋈≻⋈⋈⊞⋈⊣
0xab6747c	⊢⋈⋈⋈⋈⊞∈⋈⊤∈⋈⋈⋈⊤∈⋈⋈⋈≻⋈⊤⋈∈∋∋⊤⊥⋈⊣
0xab50859	⊢⋈⋈⋈⋈⋈⊞⋈⊞⋈⊤∈⊞∈⋈⋈≻∋⋈⋈⋈⊤∈⊞⋈⋈⋈⋈⋈⋈≻⊤∈∋⊞⋈⋈⋈⊞∈⊞⊞⊞⋈⊞⊤∈∋≺∋⋈⋈⋈⋈⋈⋈⊞⋈⋈⋈⋈⋈⊣
0xab5091c	⊢⋈⋈⋈⋈⋈⋈⊞⋈⋈⋈⋈⋈⋈⋈⋈⋈⋈⋈≻⋈⊤∈⋈⋈⊙⊤∈⋈⋈≻⋈⋈⋈⋈⋈⋈⊞⋈⋈⋈⊞⋈⋈⊞⋈⊤∈⊞∈⋈⋈≻∋⋈⊤∈⊞⋈⋈⋈⋈⋈⊞⋈⋈⋈≻⊤∈∋⋈⊞⋈⋈⋈⋈⊞⋈⋈⊞∈⊞⋈⋈⋈⊙⊤∈⋈⋈⋈⋈⋈⋈⋈⋈⋈⋈≻⋈⋈⋈⋈≻⊤∈⋈⋈⋈⋈⋈⋈⋈⋈≻⊤∈⋈≻∋⋈⋈≻⋈⊙⊤∈⋈⋈⋈⋈⋈⋈⋈⋈≻⋈⋈⋈⋈≻⊤∈∋⋈⋈⋈⋈⋈⋈⋈≻∋⋈⋈≻∋⋈⋈≻⋈⊞⋈⊞⋈⊞⋈⊞⋈⊞⋈⋈⋈⋈⋈⋈⋈⊞⋈⋈⋈⋈⋈≻⋈⋈⋈⋈≻⋈⊞⊞⋈⋈⊞⋈⊞⋈⊞⊞⊞⊞⊞⊞⊞⊞⊞⊞⊞⊞⊞⊞⊞⊞⊞⊞⊞⊞⊞⊞⊞⊞⊞⊞⊞⊞⊞⊞⊞⊞⊞⊞⊞⊞⊞⊞⊞⊞⊞⊞⊞⊞⊞⊞⊞⊞⊞⊞⊞⊞⋈⊞⊞⊞⊞⊞⋈⊣⋈⋈⋈⋈⋈⋈⋈⋈≻⊤∈⋈≻∋⋈⋈≻⋈⋈⋈⋈⋈⋈⋈⋈⋈⋈⊞⊞⊞⊤∈∋≺∋⋈⋈⋈⋈⋈⋈⋈⊞⋈⋈⋈⋈⋈⋈⊣⋈⋈⋈⋈⋈⋈⋈⋈⋈⋈⋈⋈⋈⋈⋈⋈⋈∈⋈⋈≻⊤∈⋈⋈⋈⋈⊤∈⋈⋈⋈⋈⋈≻⋈≺∋⋈⋈⋈⋈⊞⋈⊞≺∋⋈⊞⊞≺∋⊤∈⋈⋈⋈⋈⋈⋈⋈≻⋈⋈⋈⋈≻⋈⋈⋈⋈⊞≺∋⋈⊞⋈⋈⋈⋈⋈⋈⊣
0xab6bab3	⊢⋈⋈⋈⊞⋈⋈⊞⋈⊞⋈⊞⋈⊞⋈⋈⋈⋈⋈⋈⋈⊞⋈⋈⋈⋈⋈⋈⋈≻⋈⋈⋈⋈≻⋈⊞⊞⋈⋈⊞⋈⊞⋈⊞⊞⊞⊞⊞⊞⊞⊞⊞⊞⊞⊞⊞⊞⊞⊞⊞⊞⊞⊞⊞⊞⊞⊞⊞⊞⊞⊞⊞⊞⊞⊞⊞⊞⊞⊞⊞⊞⊞⊞⊞⊞⊞⊞⊞⊞⊞⊞⊞⊞⊞⊞⋈⊞⊞⊞⊞⊞⋈⋈⋈⊣
0xab687b5	⊢⋈⋈⋈⊞⋈⋈⊞⋈⊞⋈⊞⋈⊞⋈⋈⋈⋈⋈⋈⋈⊞⋈⋈⋈⋈⋈⋈⋈⋈≻⋈⋈⋈⋈⋈⋈≻⋈⋈⋈⋈⋈≻⋈⊞⊞⋈⋈⊞⋈⊞⋈⊞⊞⊞⊞⊞⊞⊞⊞⊞⊞⊞⊞⊞⊞⊞⊞⊞⊞⊞⊞⊞⊞⊞⊞⊞⊞⊞⊞⊞⊞⊞⊞⊞⊞⊞⊞⊞⊞⊞⊞⊞⊞⊞⊞⊞⊞⊞⊞⊞⊞⊞⊞⋈⊞⊞⊞⊞⊞⋈⋈⋈⊣
0xab6ab1b	⊢⋈⊞⋈⊞⋈⊞⋈⊞⋈⊞⋈⋈⋈⋈⋈⋈⋈⊞⋈⋈⋈⋈⋈⋈≻⋈⊞⊞⋈⋈⊞⋈⊞⋈⊞⊞⊞⊞⊞⊞⊞⊞⊞⊞⊞⊞⊞⊞⊞⊞⊞⊞⊞⊞⊞⊞⊞⊞⊞⊞⊞⊞⊞⊞⊞⊞⊞⊞⊞⊞⊞⊞⊞⊞⊞⊞⊞⊞⊞⊞⊞⊞⊞⊞⊞⊞⋈⊞⊞⊞⊞⊞⋈⊣
0xab65632	⊢⋈⋈⋈⋈⋈⋈⊞⋈⋈⋈⋈⋈⊞⊤⋈⊥⋈⋈⋈⊞⊙
0xabcfa40	⊢⋈⋈⋈⋈⋈⋈⋈⊤∈⋈≻⋈⊙⊤∈∋⋈⋈≻⊞⋈⋈⋈⋈⋈⋈⊞⋈⋈⊣
0xabcf420	⊢⋈⋈⋈⋈⊤∈⋈⋈⋈≻⋈⊞⋈⋈⋈⋈⋈⊣
0xabcfc30	⊢⋈⋈⋈⋈⋈⊞⋈⋈⋈⋈⊤∈⋈≻⋈⋈≻⋈⋈⋈⋈⋈⋈⋈⋈⋈⋈⊞∈⊤∈⊤∈⋈⋈⋈≻⊤∈⋈⋈≺⋈⊤∈≺⊞⊤∈∋≺∋⋈⊤∈∋⋈≻∋∋⋈⋈∋⊞⋈⋈⋈⋈⊣
0xabcea10	⊢⋈⋈⋈⋈⋈⋈⊞⋈⋈⋈⊤∈⋈⋈⊤∈⊤∈∈⋈⊤∈⋈⊡∈⊤∈≻∋⋈≻∋⋈≻⊤∈∋≺⋈⊡∈∋⋈∋⋈⊤∈⋈⊞⊡∈⋈⋈⊤∈⊞≺∋⋈⋈⋈⋈⋈⊤∈⋈≻≺⋈⋈≻⋈⋈⋈⋈⊡⊡∈⋈⊞⋈⊤∈⋈⋈⋈⋈⊞⊙≺∋∋∋∋∋∋⋈⊤∈⋈⊙⊤⋈⊥⋈⋈⋈⋈⋈⊞⊙⊞⊞⋈⋈⊙∋⊙⋈⋈⊞⊡∈⋈≻≺∋⋈⊞⊤∈≻⋈⊞≺⊞∋⋈⋈⊞⊤⊥⋈⋈⋈⊞⊡∈⋈⊡∈⊤∈⋈⋈⋈≻≺⊙⊞⊡∈∋∋⋈⊤∈⋈∈⋈⋈⊞⋈⊡∈⊤∈⋈⊤⊥⊞⊞⊞⊤∈∋⋈⊤∈⋈⊤∈⋈⋈⋈⋈⋈⋈≻⋈⋈⋈⊤∈⋈⊡∈⋈⋈⊞⊤∈∋∋⋈⊞⋈⋈⋈⋈⋈⋈≻⋈⋈⋈⋈⋈⋈⋈⋈⊤∈⊞∈⋈⋈⊤∈∋∋⋈⊞⋈⋈⋈⋈⋈⋈≺∋⊡⊤∈⋈⊤∈⋈≻≺⋈⊤∈⋈⋈⋈≻∋∋∋⊣⋈⋈⊞⋈⋈⊙∋⊤⊥⊤⊥⊞∈⋈⊙≺∋⊞∈∋∋∋⋈⋈⊤⊤∈⋈⊤∈≻⊤∈⋈≺∋∋∋⊞⋈⊤∈⋈⋈⋈⋈⊞⊙≺∋⊞⋈⋈⋈⋈⋈⊣⋈≺∋
0xabca4c0	⊢⋈⋈⋈⋈⋈⋈⋈⊞⋈⋈⋈⋈⋈⊤∈⋈⋈≻⋈⊤∈⊤∈⋈⊤∈⋈⋈⋈⋈≻⊤∈⋈⋈≺∋⋈⋈⋈⋈≻⋈⊤∈⊤∈⋈⋈⋈⋈≻⊤∈⊤∈∋⋈⊡≺⋈≺⋈≺∋∋∋∋∋⋈⊤∈⋈⋈⊤∈⋈⊤∈⋈⋈⊞⊤⋈⊥⊥⋈⋈⋈⋈⋈⋈⋈⋈⋈⋈⋈⋈⋈≻∋⋈⋈∋⋈⋈⋈⋈⋈⊤∈⋈⊙⋈∋⋈⋈≻⋈⊤∈⊤∈⋈⊤∈⋈⋈⋈⋈⊞≺∋⋈⋈⋈⋈∋⋈⊞⊞≺∋⋈⋈⋈⋈⋈⋈≻⊞⋈⋈⋈⊡∋∋∋⊞⋈⋈⋈⋈⋈⋈⊣
0xab50f52	⊢⋈⋈⋈⋈⋈⋈⊞⋈⋈⋈⊞∈⋈⊤∈⋈⊡⊞⋈⋈⋈⋈⊤⊥⋈⊞⊤⊥⊞∈⋈⊡⊞⊞⋈≺∋⊞∈⋈⋈∈⋈⋈⋈≻⊤∈⋈⊞⊥∈⊞⋈⋈⋈≺∋⊞⊞∈⋈⊞⊤⊥⊞⊤∈⊞⋈⊞⊥≺∋⋈⊞⊤∈∋⋈⊤⊥⊤⊥⋈⊞∈∈⊤∈⋈⊤∈⋈⊞⋈⊤∈∋∋⋈⋈⊞⊞≺∋∋∋⋈≺⊞∋⋈⋈≻∋∋⋈⊞⊞∋⋈≻⋈⋈⊞⋈⋈⋈⋈⋈⋈≺
0xabb5830	⊢⋈⋈⋈⋈⋈⋈⋈⊞⋈⋈⋈⊤∈⋈⊤∈⋈⋈⋈⋈⋈⋈≻⋈⋈⊤∈≺⋈⊤∈∋⋈⋈⊤∈⋈⋈⋈⋈⋈⋈⋈≺⋈∋∋⋈⋈⊞⊤∈⊞≺⋈⋈⊤∈⊞⊞∈⋈⊞⋈⋈⊤⊥⊞⋈⊤∈∋∋⋈⊞⊤∈⊞⊤⋈∈⋈⋈⊤∈⋈⋈⋈≻⋈⋈⋈⋈⋈⋈⋈⋈⋈⋈⋈⋈⋈⋈⋈⋈⋈⊤∈⋈⋈⋈⋈⋈≻⊞⋈⋈⋈⊤∈≺⊞⊤∈∋⋈⋈⊤∈⋈⋈⋈⋈⋈⋈≺∋∋∋∋∋⋈⊤∈⊤∈⋈⋈⋈⊞⋈⋈⋈⋈⋈≻⋈⋈⋈⊤∈≺⊞⊤∈∋⋈⋈⊤∈⋈⋈⋈⊞⊞⊞⊞⋈⋈≺∋⋈⋈≺⋈∋∋⋈⊞⊤∈⋈⊤∈⊞⊡∈⋈⊞⋈⋈⊞⊤⊥⊞⋈⊤∈∋⊞≺∋⊞⊤∈⊤∈⊞⋈⊞⊤∈⋈⊤∈⊞⋈⊡∈⋈⊞⋈⋈⊤⊥⊞⋈⊤∈∋⊞≺∋⋈⊤∈⊞∈⊞≺⊞∋⊤∈∋⋈⋈≻⋈⋈⋈⊤∈⊞⋈⋈⋈⋈≺∋⋈⋈⊞⊤⊥⋈≺∋∋∋∋∋∋⋈⋈⋈⋈⋈⋈⋈⋈⋈⋈≺∋∋∋⊞⋈⋈⋈⋈⋈⋈⊣
0xab7c10f	⊢⋈⋈⋈⋈⋈⋈⊞⋈⋈⋈⋈⋈⋈⋈⋈⋈⊤∈⋈⊤∈⊤∈⋈⊤∈⋈⊤∈∋⊞≺≺∋∋∋∋⋈⋈⋈⋈≻⋈⋈⋈⋈≻⋈⊤∈⊞⊤∈⋈≻⋈⋈⋈⋈⊞⋈⋈⋈⋈⋈⋈⋈⋈⋈⊞∈⋈⋈⊤∈⊞⊤∈⋈⋈≺∋⋈⊞∈⋈⊞⋈⊞∈∋⋈⊤∈⋈⋈⊤∈∋⊞⊤∈⋈⊞⋈∈⊤∈⊞⋈⊞⊤⋈∈∋⊤∈≺∋⋈⋈≺∋∋∋⋈⊞⊤∈⊤∈⋈⋈⋈≻⋈⋈⋈≺⊤∈⊞⋈⋈≻⋈⋈≻⋈⋈⋈≺⋈⋈⊤⊥⊤⊥⋈≺∋∋∋∋∋⋈⋈⋈⋈⋈⋈⋈⋈⋈≻⊞⋈⋈⋈⋈⊣⋈⊤∈⊤∈⋈≺⋈⊤∈⋈⋈⊞⊥⋈⊤⊥⊞∈⊞∈⋈⋈≻∋⊤∈⋈⊞⋈⋈⋈⋈≻⊤∈∋⋈⋈⋈≺∋⋈⋈⊙≺⋈⋈≺⋈≺∋∋∋⋈∋⋈⋈⋈⋈⋈⋈≻⋈⊤∈⊤∈⋈⋈⋈⋈⋈⋈⋈≻⊤∈∋⋈⋈⋈⋈⋈≺⋈⋈⋈⋈≺∋∋⊤∈⋈⋈⋈⋈≻∋⋈⊤∈⋈⋈⋈≻∋⊞⋈⋈⋈⋈⋈⋈⊣
0xab7c4ef	⊢⋈⋈⋈⋈⋈⋈⊞⋈⋈⋈⋈⊤∈⋈⊤∈⊤∈⋈⊤∈⋈⊤∈∋⊞≺≺∋∋∋∋⋈⋈⋈⋈⋈≻⋈⋈⋈⋈≻⋈⋈⋈⋈⋈⋈⋈⋈⋈⋈≻⋈⋈⋈⋈⋈⋈⋈⋈⋈⋈⋈⋈≻⋈⋈⋈≻⊤∈⋈⊞⋈∋⋈⋈⋈⋈⋈⋈⋈⋈⋈⋈⋈⋈⋈⋈⊤∈⋈⋈⋈≻∋⋈⊤∈⋈⋈⋈≻∋⊞⋈⋈⋈⋈⋈⋈⊣
0xab745e8	⊢⋈⋈⋈⋈⊞⋈⋈⋈⋈⊤∈⋈⋈⋈⋈⋈⋈⋈⋈⋈⋈⋈⋈≻⋈⋈≻⋈⋈⋈⋈⊤∈⋈⊤∈⋈⊤∈⋈≺∋⊤∈⋈≺∋⊤∈∋⋈⋈⊞⋈≻≺∋⊤∈⋈⋈⋈⋈⋈≻≺∋∋⊤∈⋈≻∋⋈⋈⋈⋈⋈⋈⋈⋈≻⋈⊞⋈⋈⋈⋈⋈⋈⋈⋈⋈⋈⋈⋈⋈⋈⋈⋈⋈⋈⋈⋈≻⋈⋈≻⋈⋈⋈⋈⊤∈⋈⊤∈⋈⊤∈⋈≺∋⊤∈⋈≺∋⊤∈∋⋈⋈⊞⋈≻≺∋⊤∈⋈⋈⋈⋈⋈≻≺∋∋⊤∈⋈≻∋⋈⋈⋈⋈⋈⋈⋈≻≺∋⊞⋈⋈⋈⋈⊣
0xab72579	⊢⋈⋈⋈⋈⋈⊞⋈⋈⋈⋈⊤∈⋈⋈⋈⋈⋈⋈⋈⋈⋈⋈⋈⋈≻⋈⋈⋈≻⋈⋈⋈⋈⊤∈⋈⊤∈⋈⊤∈⋈≺∋⊤∈⋈≺∋⊤∈∋⋈⊞⊞⋈⋈⋈⋈≻≺∋⊤∈⋈⋈⋈⋈⋈≻≺∋∋⊤∈⋈≻∋⋈⋈⋈⋈⋈⋈⋈⋈≻⋈⊞⋈⋈⋈⋈⋈⋈⋈⋈⋈⋈⋈⋈⋈⋈⋈⋈⋈⋈⋈⋈≻⋈⋈⋈≻⋈⋈⋈⋈⊤∈⋈⊤∈⋈⊤∈⋈≺∋⊤∈⋈≺∋⊤∈∋⋈⊞⊞⋈⋈⋈⋈≻≺∋⊤∈⋈⋈⋈⋈⋈≻≺∋∋⊤∈⋈≻∋⋈⋈⋈⋈⋈⋈⋈≻≺∋⊞⋈⋈⋈⋈⋈⊣
0xabcb9e0	⊢⋈⋈⋈⊞⋈⋈⊤∈⋈⊞⋈⋈⋈⋈⋈⋈⋈⋈≻⋈⊞⊤∈⋈≻∋⋈⋈⊙⋈⋈≻⋈⋈⋈⋈⋈⋈⋈⋈⋈≻⊣
0xab510e2	⊢⋈⋈⊞⋈⋈⋈⋈⋈⋈≻⊤⋈⊥⊤∈⋈⋈⋈⋈⋈⋈⋈⋈≻⋈⋈⋈⊞⋈∈⋈⋈⋈⋈⋈⋈≺∋⋈≻≺∋⊞⋈⋈⊣
0xab5118c	⊢⋈⋈⋈⋈⊞⋈⋈⋈⋈⋈⋈⋈⋈⋈≻⊤⋈⊥⊤∈⋈⋈⋈⋈⋈⋈⋈⋈≻⋈⋈⋈⊞⋈∈⋈⋈≺∋⋈⋈⋈≻⋈⋈⋈⊤∈⋈⊞∈⊤∈⊞⊤∈⋈⋈⊙⊤∈⋈⋈≻⋈⋈⋈⋈⋈⋈⋈⊞∈⊞⋈⊤∈∋⊞⋈⋈⊤∈⋈⋈⊞⊤∈≻∋⊤∈∋⋈⋈⋈⊞≻⋈⋈⋈⋈≻⊤∈⋈⋈≻⋈⋈⋈⋈⋈⋈⊞⋈∈⋈⋈⊤∈⋈⋈⊤⊥⊤∈⋈⊙⋈⊤∈⋈⋈⋈≻⋈⊤∈∋⋈⋈⋈⊙⊤∈⋈≻⋈∋⊞⋈⋈⋈⋈⊞⋈⊤∈∋⋈⋈⊤⊥⋈≺∋⋈∈⋈⋈≻⊞⊞∈∋∋⋈⋈⋈⋈≻⊤∈∋⋈⋈⊙⊤∈⋈⋈≻⋈⋈⋈⋈⋈⋈⋈⋈⋈⋈⋈⋈⋈⊞⋈⋈⋈⋈⋈⋈⋈≻⋈⋈⊤∈⋈⋈⋈⋈⋈⋈⊤∈⋈⊞⊞⋈∈⋈⊤∈⊞∈∋⋈⋈⋈≻⋈⋈⋈≻≺⋈⋈⊞⊞⊤∈∋∋⋈∋∋⋈⋈≻⊤∈⋈⋈⊞⋈⋈⋈⋈⋈⋈⋈⋈⋈≻⊤∈⋈⋈⋈⋈⋈≻⋈⋈⋈⋈⋈≻⋈⋈⋈⋈⋈≺∋⋈∈∈⋈⋈⋈⋈⋈⋈⋈⋈⋈⋈⋈⋈⋈≻⋈⋈≻⊞∈⋈⋈⋈⋈⋈⊤∈≻≺∋⋈⊤∈⋈∈⊤∈≻⋈⊡∈∋⋈∋⋈⋈⊤∈⋈⊞⊡∈⋈⊤∈⋈⋈⋈≻∋⋈≻≺∋⋈⊞≺∋⋈⊤∈⋈≻⋈⋈⊞⊞⋈⋈⊤∈⋈⊞⊞⋈⊞∈∋⋈⋈⋈∋⋈⊞⋈⊞∈⊤∈⋈⋈⋈∈⋈⊤∈⋈⋈⋈⊞⋈⊞⊞⋈⊞⋈⊞⊞⊞⊞⊤∈∋∋⊤∈⋈⊞≺∈⊤∈⋈⊤∈⊞⋈⊤∈⋈≻⊤∈⋈≺∋∋⋈⊞⊤∈⋈⋈⊞⋈⋈⊞⊤∈∋⋈⊞⊤⋈∈∋⊞≺∋⊞∈⋈⋈⋈≻≺⋈⊤∈⊤∈⋈⋈⋈∈⋈⋈⋈⊙⊤∈⊙⋈⊤∈⊞⊞⊤∈⋈≺∋⋈⊞⋈⊤∈⋈⊞∈⋈⋈≺∋∋⋈⋈⋈≻≺⊞⋈≺∋⊤∈∋≺⋈⊞⊤∈⋈⋈⋈≻⊤∈≺⋈⊞⋈⋈⊙⊞⋈∋⋈≻⊤∈∋∋∋⊡∋∋∋⊞⋈⋈⊞⊤∈∋⋈⋈⋈≻⊡⊤∈≺∋⋈≻⋈≻⋈⊞⋈≺∋⋈⊙⊞⋈⊡∋⊡⋈∈⋈⊞⋈⊤∈⋈⋈⋈⋈⊞⊙≺∋∋⊤∈∋≻∋⋈⋈⋈⋈⋈⋈⋈⋈⋈⋈⋈⋈⋈⋈⋈⋈≻⊤∈⋈⋈⊙⊤∈⋈⋈≻⋈⋈⋈⋈⋈⋈⋈⋈⋈⋈⋈≺⋈⋈⋈≻⊤⋈⊥⊤∈⋈⋈⊙⊤∈∋⋈⋈≻⋈⋈⋈⋈⋈⋈⋈⋈⋈⋈≻⋈⋈⋈⋈⋈⊤∈⋈⋈⋈⋈⋈⋈⋈⋈≻⊤∈∋⋈⋈⋈≻⊤⊥⊤∈⋈⋈⊙⊤∈⋈⋈⋈⋈⋈⋈⋈≺⋈⋈⊞⊞⋈⋈⋈⋈⋈⋈≻⊤∈⋈⊤∈⋈⊞≺⋈⋈⋈⋈≻⋈⋈⋈⋈⋈⋈⋈⊞≺⋈⋈⊙⊤∈⋈⋈⋈⋈⋈⋈⋈⋈⋈⋈⋈⋈∈⋈≻⊤∈⋈⋈⋈⊤∈⋈∋⋈⋈⋈⋈⋈≻⋈⋈⋈⋈⋈≻⊤⋈⊥⊤∈⋈⋈⋈≻⋈≺⋈⋈⋈⋈⋈≻⋈⋈⋈⋈⊤∈⋈⊤∈⊤∈⋈⋈⋈⋈≻⊤∈⋈⋈⋈≻⋈⋈⋈⋈≻≺⋈⋈⋈⋈⋈⋈≻⊤∈∋⋈⊞∈⋈⋈⋈≻≺≺∋⋈∋⋈⋈⋈≻⋈⋈⋈⋈⋈⋈⋈⋈⊤∈⋈⋈⋈⋈⊙⋈⋈⋈⋈⋈⋈⋈⋈⋈⋈≻⋈⋈⋈⋈⋈⊤∈⋈⋈⋈⋈⊙⋈⋈⋈⋈⋈⋈⋈⋈⋈≻⋈⋈≻⊞⋈⊞⋈⊞∈⋈⊞⋈⋈⋈⊞⋈⋈⊞⊞∈⋈⋈⊞⊤∈∋⋈≺⊞⋈⊞⊡⋈⊞⋈⊞⋈⋈≻⋈⋈⊞⋈≻⋈⋈⋈⋈⊙⋈⋈⋈⋈⊞⋈⋈⊞⊞⋈⊞⋈⊞⋈⊞⊞⊞⊞⋈⊞⋈⊞⊤∈∋⋈⊤⋈∈∋⊡⋈⊙⊞⊞⋈⋈⊤⊥⋈⊞⊞⊤⊥⊞∈⋈⋈⋈⋈≻⋈⋈⋈⋈⋈⋈≺⋈⊞⋈⋈⊞⋈⊞⋈⋈⊞∈⋈⋈⊞⋈⋈⋈⊞⋈⋈⊞⊞∈⋈⋈⊞⊤∈⋈∋⋈⋈≻⊞⋈⊡⋈⋈⊙⋈⋈⊞⋈⋈⊞⋈⋈⊞⊞⋈⊞⋈⊞⊞⊞⊞⋈⊞⋈⊞⋈⋈≻⊡⋈⋈⊞⋈≻⋈⊡⋈⊙⋈⋈⊞⋈⊞⊞⊞⊞⋈⋈⊞⊤∈∋⋈⋈⊤∈∋⋈⋈⋈≻⋈⋈⋈≻⋈⋈≻⋈⋈⋈⋈⊤∈⋈⋈⋈≻∋⋈⋈⋈⋈≻⋈⋈⋈⋈⋈⋈≻⋈⋈⋈⋈⋈⊤∈⋈⋈⋈⋈⋈⊙⊡⊡⋈⋈⋈⋈⋈⋈⋈⋈⋈⋈≻⋈≻⋈⋈≻⋈⋈⊞⋈⋈⋈⋈⋈⋈⋈⋈⋈≻⊞⊡⊡⊡⊞⊞⋈⊤⊥⊡⊞⊞⊤⊥⊞⊞⊤⊥⊤∈⋈⋈⋈⊞⊞⋈⊞⊞⊞⋈⋈⊞⊞⋈⊞⊞⊞⋈⋈⊞⋈⊙⋈⋈∈⋈⋈⋈⋈⋈⋈⋈⋈⊙⋈⋈⋈⋈⊙⋈⋈⋈⋈⋈⋈⋈⋈≻⋈≻⋈⋈⋈⋈≻⋈⋈⊤∈⋈⋈⋈≻∋⋈≻⋈≻⋈⋈⋈⋈≻≺∋⋈⋈⋈⋈⋈⋈⋈⋈⋈⋈⋈⋈⋈⋈≻⋈⋈⋈⋈⋈⋈⋈≻⋈≻⋈⋈⋈⋈⋈⋈≺∋⋈⋈⋈⋈≻∋⋈⋈⊤∈⋈⋈⋈≻∋⋈≻⋈≻⋈⋈⋈⋈⋈⋈≺∋⋈≻⋈⋈⋈⋈⋈⋈≺∋∋∋⋈⋈⋈⋈⋈⋈⋈⋈≺∋⋈⋈∋∋⋈⋈⋈≻≺⋈⊤∈⋈⋈⋈⋈⋈≻⋈≺∋⋈⊞⋈≺∋⋈⋈⋈⋈≻⋈⊤∈⋈⋈≺∋⋈⋈⋈⋈⋈≻⊤⊥⊤∈⋈⋈⊙⊤∈⋈⋈⋈⋈∋⋈⋈⋈≺⋈⋈⋈⋈≻⋈⋈⋈⊤∈⊤∈⋈⊤∈⊞⊤∈⋈≺∋⋈⊤∈⊤∈∋⋈⋈≻⋈⊤∈⋈⋈≻⊞⊤⊥⊤∈∋∋⋈⋈⋈≻⊤⊥⊤∈⋈⋈⋈≻≺⊞⋈⋈⋈⋈⋈⊤∈⋈⊞⋈⋈⋈⊡⋈⊞⋈⊞⋈⋈∈⋈⋈⋈⋈⋈⋈⋈≻⊤⋈⊥⊤∈⋈⋈⋈⋈⋈⋈⋈≻⋈⋈⋈⋈⊤∈⋈⋈⋈⋈⋈≺∋⋈≻⋈⋈⊤∈∋⋈⋈⋈⋈⋈⋈⋈≺⋈⋈⋈⋈⋈⋈⋈⋈≻⊤⋈⊥⊤∈⋈⋈⋈⋈⋈⋈⋈≻⋈⋈⋈⋈⊤∈⋈⋈⋈⋈⋈≺∋⋈≻⋈⊤∈∋⋈⋈⋈⋈⋈⋈⋈⋈⋈⋈⊤∈⋈⋈⋈⋈≻∋∋⋈⋈⋈≻⋈⋈⋈⋈≻≺⋈⋈⋈⋈⋈⋈⋈⋈⊤∈⋈≻⋈∋⋈⋈⋈⋈⋈⋈⋈⋈⋈⋈⊞⋈⋈⊞⊤∈∋⋈⋈⊤∈∋⋈⋈⋈⋈⋈⊞⋈⋈⋈⋈⊙⋈⋈⋈⋈≻≺∋⋈⋈⋈≻⋈⋈⋈⋈⋈⊤∈⋈⋈⋈⋈⊙⋈⋈⋈⋈⋈⋈⋈⋈≻⋈⋈⋈⋈⊤∈∋⋈⋈⋈≺⋈⋈⋈⋈⋈≻⋈⋈⋈⋈⊤∈⋈⋈⋈≺⋈⋈⋈⋈⋈≻⋈⋈⋈⋈⊤∈⋈⋈⋈∋∋⋈⋈⋈⋈⋈≻⋈⋈⋈⊤∈⋈⊤∈∋⊤∈⊞⊤∈⋈⋈⋈≻⋈⋈⋈⋈≻≺⋈≺∋⋈⋈⋈⋈≻⊞⊤⊥≺∋⋈⋈⋈⋈⋈⋈⋈⋈⊙⋈⋈⋈⋈⊙⋈⋈⋈⋈⋈⋈⋈∋⋈≺⋈⋈⋈≺∋⋈∋⋈≻⋈⋈⋈≻≺∋∋⋈≺≺∋∋⋈⋈⋈⋈≻⋈⋈⋈⋈≺⋈⋈⋈≺∋∋∋⋈⋈∋∋∋⋈⊤∈⋈⋈⋈≻∋∋⋈⋈⊤∈⋈⋈⋈⋈⋈⋈⊙⋈⋈⋈⋈⋈⋈⋈⋈⋈⋈⋈⋈⊙⋈⋈⋈⋈⋈≻⊤⊥⊤∈⋈⋈⊙⊤∈⋈⋈≻∋⋈⋈≻∋⋈⋈≻∋⋈⋈≻⋈⊤∈⋈⊙≺∋⋈≻≺⋈≻⋈⋈⋈⋈⋈⋈⊞⋈⋈⊤⋈⋈⊥⋈⋈⊥∈⋈⋈⊙⊤∈⋈⋈≻⊡⊡⋈⋈⋈⋈⋈≺⊤⋈∈⋈⋈⋈⊞⋈⊞⋈⊞⋈⊞⋈⋈⋈⋈⋈⋈⋈⊞⋈⋈⋈≻⋈⋈⋈⋈≻⋈⋈⊞⊞⋈⊞⋈⊞⋈⊞⊞⊞⊞⊞⊞⊞⊞⊞⊞⊞⊞⊞⊞⊞⊞⊞⊞⊞⊞⊞⊞⊞⊞⊞⊞⊞⊞⊞⊞⊞⊞⊞⊞⊞⊞⊞⊞⊞⊞⊞⊞⊞⊞⊞⊞⊞⊞⊞⊞⊞⊞⋈⊞⊞⊞⊞⋈⊞⋈⋈⋈⊞⊞⊞⊞⊞⊞⋈∈⊞⊡⊞⊞⊞⊤∈⋈⊡⋈⋈⊡∈⊞⊞⊞⊞⋈⊤∈⋈⊞⋈⋈⋈⋈⋈⊙⋈⋈⊤∈⋈⋈⋈⋈⋈≺∋⋈⊞⋈⋈⊡⋈⊞⋈⊡∈∋∋⊞⊞⊤⋈⋈∈∋⋈⋈⋈⋈≻⋈⋈⋈⊤∈⋈⊞∈⊤∈⋈⊤∈⋈⋈⊙⊤∈∋⋈⋈≻⋈⋈⋈⋈⋈⋈⊞⋈⊤⋈⋈⊥∈⊤∈⋈⋈⋈≻⊤∈⋈⋈⋈⋈⊙⋈⋈⋈⋈⊞∋⋈⋈≻⋈⋈⋈⊞⊞⋈⋈⋈⋈⋈⋈⋈≻⊤∈∋⋈⊞⊞≺⋈⋈⊙⊤∈⋈⋈≻⋈⋈⋈⋈⋈⋈⊞⋈⋈⋈⋈⋈≻⊤⋈⊥⋈⋈⋈⋈≻⋈⋈⋈⊤∈⋈⋈⋈⋈⋈≻⊤⊥⋈⋈⋈⋈≻⋈⋈⋈⊤∈⊤∈⋈⊞∈⊤∈⋈⊞∈⊞∈⋈≻∋⊤∈⋈⊞⋈⊞⋈⋈≻⋈⊤∈∋⋈⊞⊞⋈∈⋈⊤⋈⊥⊞⊞⊤∈∋≺∋⋈⋈⋈⋈≻⋈⋈⋈⋈≻⋈⋈⋈⋈≺⊤⋈∈∋∋⋈⋈⊙⊤∈⋈⋈≻⋈⋈⋈⋈⋈⋈⊞⋈⋈⋈⋈⋈⊞⊤⋈⋈⋈∈⋈⋈⊤∈⋈⋈≺⊤∈⋈⊞⋈⋈≺∋∋⋈⊤∈⋈⋈⋈⋈≺⋈⋈⊤∈⋈⋈⊞⋈⋈⋈≺∋∋⊤∈⊞⊙⊤∈⊤∈⋈⋈≺⊤∈⋈⊞⋈⋈≺∋∋⊤∈⋈⋈≺⊤∈⋈⊞⋈⋈≺∋∋⊤∈⊞⊙⊤∈∋∋∋∋⋈⋈⋈≻⋈⋈⋈⋈⊤∈⋈⊤⋈⊥⋈∈⊤∈⋈⋈⋈⋈≻∋⋈⋈⋈⊤∈⋈⋈⊙⊤∈∈⋈⋈≻∈⋈≺∈⋈∈⋈≻∈⋈⋈⋈⋈⋈≻⋈⊤∈⋈⋈⋈≻∋⋈⊡⊡⋈⋈⊤⋈∈⋈⋈⋈⋈⋈⋈⋈≻⋈⋈⋈⋈⋈⋈⋈⋈⋈⋈⋈⋈⋈≻⊡⊡⋈⋈⋈⋈⋈⋈⊤∈⊞∈⋈⊤∈⋈⋈⋈≻∋⋈⊤∈⋈⋈⋈≻∋⊞⊞∈∋∋⋈⋈⋈⊤∈⊞∈⋈⋈⋈⋈≻⊞⊞∈∋∋⋈∋⋈⊤∈⋈≻⊤⋈∈⊤∈⋈⋈≺⊤∈⋈⊞⋈⋈≺∋∋⊤∈⋈⋈≺⊤∈⋈⊞⋈⋈≺∋∋⊤∈⋈⊞⊙⋈⊤∈⊤∈∋∋∋⋈⋈⊙⊤∈⋈⋈≻⋈⋈⋈⋈⋈⊡⊡⋈⋈⋈⋈⋈≻⋈⋈⋈⋈⋈⋈⊤∈⊤⋈⋈∈⋈⊤∈⋈⋈⊞∈⋈⊡⊞⋈⊞⊤∈∋⋈⊙⊤∈⋈⋈⋈⊡⊡⋈⋈⋈⋈≺⋈⋈⊞⊞⋈≺∋⊞≺⋈⋈⋈⋈≺∈⋈⋈∈⊤∈∋⋈⋈⋈⋈⋈≻⊞⋈≺≺∈⊡⊡⊞⊡⋈⊤∈⊞⋈⋈⋈⋈⋈⋈⋈⋈⋈⋈⋈⋈⋈∈⋈⊞⋈≻⋈⊤∈⊞⋈⋈⋈≻⋈⊤∈⊡⋈⋈⊤⋈∈⊤∈⊤∈∋⋈⋈⋈≻⋈⋈⊤∈⊡⊡⋈⋈⋈⊞⊞⋈⋈⋈⋈⋈⋈≻⋈⋈⋈⊤⊥⋈⋈⊤⊥⋈⋈⊞⋈⊞⊞⋈⋈∈⋈⋈⋈⊤∈⊤∈⋈⊤∈⊤∈⊞⋈⊤∈⋈⊞⋈⋈⋈⋈⋈⋈≻⊤⋈∈⋈≺∋⋈⋈≻⋈⋈⋈⋈≺∋⋈⋈⊙⋈⋈⋈≺⋈⋈⋈≺⋈⋈≺∋∋⋈∋⋈⋈⋈⋈⋈≻⋈⋈⋈⊤∈⊤∈⋈⋈⋈⋈≻⊞≺⊤∈∋⋈⋈⊞⋈⊞⋈≺∋∋⋈⋈⋈⋈⊞⋈⋈⋈⋈⋈⋈⋈⋈≻⋈⋈⋈⋈⋈⊤∈⊡⊡⋈⊤∈⋈⋈⋈⋈≻∋⋈⋈⊤⋈⋈∈≺⋈⋈⋈⋈⋈⋈⋈⊡⋈⊡⋈⋈⊤∈⋈⋈⋈⋈≻∋⋈⊤∈⋈⋈⋈⋈⋈≻⋈⊤⋈∈⋈⋈⋈⋈≻∋⋈⊤∈⋈⋈⋈≻∋⊞⊞⊤⋈∈∋≺⋈⋈⋈≻⋈⋈⊞⊤⊥⋈⋈⊤∈∋⋈⋈⋈≻∋⋈⊤⋈∈∋⋈⋈⋈⋈⋈⋈≺∋⋈∋⋈≺∋⋈⋈≻⋈⊤∈∋∋∋⋈⋈⋈≺⋈⋈⋈≻⋈⋈⊤∈⋈⋈⋈⊞≺⋈⊤∈⋈⋈⊙⋈⊤∈⋈⋈⋈⊡⊡⋈⊞⋈⋈⊞∈⋈⊤∈⋈⋈⊤∈∋⋈∋⋈⋈⊤∈⋈⊞≻≺∋⋈⋈⋈⋈⋈⋈⊡⊡⋈⋈⋈⋈⋈⊞⋈≻⋈⊤∈⋈⊤∈⋈⊡⊞⊞⋈∈⊤∈∈⊡⊞⊞⊞⊤∈∋⊞∋⊞⊞⋈⋈⋈⊤∈⋈⋈⋈⋈≻∋⋈⊞⋈⊞∈∋∋⋈⋈⊞⊞⊤⋈∈⋈⊞⊙∋∋⋈⊡⊡⋈⋈⊞⊤∈∋≺⋈⋈⋈⋈⊡⊡⊡⋈⋈∈⋈⋈⊤∈⊤∈⋈⋈⊤∈⋈⋈⊤⊥⋈⊞⊤⊥⊞∈⊞⊤∈⋈⊞⋈⋈⋈≻⊤∈⋈⋈≺∋⋈⋈⋈⋈⊙⋈⋈⋈⋈≺⋈⋈≺⋈≺∋∋⋈∋⋈⋈⋈⋈⋈⋈⋈⋈⊤⋈⋈⊥⊤⋈⊥⊤∈⋈⋈⋈⋈⋈⋈⋈≻⋈⋈⋈⋈⋈⋈⋈⋈⋈⋈≻⋈⋈⋈⋈⋈≺∋⋈⊤∈⋈⋈⋈⋈≻∋⊡⊡⋈⋈⊞⊤∈∋≺⋈⋈⊡⊡⋈⋈⊤⋈∈⋈⊤∈⋈⋈⋈⋈⋈⋈⊤∈∋⋈⊙⊤∈⋈⋈≻⋈⋈⋈⋈⋈⊡⊡⋈⋈⋈≺⋈⋈⋈⋈≺∋⋈⊞⊤⋈⋈⊥⋈⊤⋈⊥⋈⊥⋈⊞⊞∈⋈⊤∈⊤∈⊤∈⋈⋈⋈⊞∈⋈⋈⊡⊞⊡⊤∈∋⋈⊙⊤∈⋈⋈⋈⊡⊡⋈⋈⋈⋈⋈≺⋈⊡⊞⋈⋈≺∋⊡≺∋⋈⋈⊞⊞⊤⊞⊞⋈⋈⋈⋈⋈≻⋈⊤∈⋈⋈≻⋈⊞⊞⋈⋈⊞⋈⊞⋈⋈⋈⋈⋈⊤⋈⋈⊥⋈⋈⋈⋈⋈⋈∈⊤∈⊤∈⊡⊡⋈⊞⊞⋈⋈⋈⋈⋈⋈⋈∈⊤⋈⊥⋈⋈⊞⊞⋈⊞⊞⋈⊞⊞⋈⋈⋈⊙⋈⊞∈∋⋈⋈⊤∈⋈⋈⋈⋈⋈⋈⋈⋈⋈⋈⋈≺∋⊤∈⋈⊡≺∋⋈≻⋈⋈⊤∈⋈⋈⋈⋈⋈⋈≺⋈⋈⋈≺∋⊤⋈⋈⊥⋈⋈⋈∋⊤⋈⊥⊥⊤∈⊞∈⊤∈⊞⊤∈⋈⊤⋈∈∋∋∈∋⋈⊤∈⋈⋈⋈≻∋⋈⋈⋈≺∋≺∋⋈⋈⋈≻⋈⊤∈⋈⋈⋈⊡⊡⊤⋈⋈⊥⋈⊤⊥⊥⋈⋈⋈⋈⊞⊞∈⋈⊞⋈≻⋈⋈⋈⋈⊤∈⋈∋⊤⋈∈⊤⋈⋈⊥⋈⊤⊥⋈∈⊤∈⊞⊤∈⋈⊤⋈∈∋∋∈∋⊞⊞⊤∈∋⋈⊙⊤∈⋈⋈⋈⋈⋈⊡⊡⋈⋈⋈⋈≺≺∋⋈⋈∋⊤∈⋈⋈⋈⋈≻∋⋈⊤∈⋈⋈⋈⋈≻∋⋈⋈⋈≺⋈⊙⊤∈⋈⋈⋈⊡⊡⋈⋈≻⋈⋈⋈≺∋∋∋⋈∋⋈⊤∈⋈⋈≺⊤∈⋈⊞⋈⋈⋈≺∋∋⊤∈⋈⋈⊙⊤∈⋈⋈⋈≺∋⊤∈⋈⋈⋈⋈≻∋⊤∈⋈⋈≺⋈⊤∈∈⋈⋈⋈⋈⋈⊞⋈≻⋈⋈⊤∈⊤∈⋈⋈⋈⋈⋈⋈⋈≻⊤∈∋⋈⋈⋈⋈⋈⊤∈⋈⋈⋈⋈≻⊤∈⋈⊞≻≺∋⋈⋈⋈⋈⋈⋈⋈⋈⋈⋈⋈⋈⋈⋈⋈≻⋈⋈⊤∈⋈⊞⊞⊞⊞⊤∈⋈⊞⊙∋∋⋈⋈⊤∈⋈⋈⋈≻∋⊡⊡⋈⋈⋈⋈⊡⋈⋈⋈≻⋈∈⋈⊞⊤∈∋⋈⋈⋈⊡⋈⋈≻⋈⋈⊞⊤⊥⋈⋈⋈⊤∈⋈⋈⋈≻∋⋈⋈∈⋈⊤∈⋈⋈⋈≻∋⊞⊤∈∋⋈≺⋈⋈⋈⋈≺∋⋈⊙⊤∈⋈⋈⋈⊡⊡⋈⋈⋈⊤∈⋈⋈⋈≻∋⋈⋈⋈⊙⊤∈⋈⋈⋈⋈⋈⋈⋈⊡⊡⋈⋈≺∋⋈⋈∋⋈⊞⋈∈⋈⊤∈⋈⋈⋈≻∋⊞⊤∈∋⊤∈∋∋⋈⋈⊞⋈⊞⋈⋈⋈⋈⋈⋈⋈⋈≺∋⋈⊤∈⋈⋈⊙⊤∈∋⋈⋈⋈≺⋈⋈⊞⊤⊥⋈∈⋈⋈⋈⋈⋈≻⋈⋈⊞⊞⋈⋈⋈⋈⋈⋈⋈≻⋈⋈⋈⋈⋈≻⋈⋈⊤∈⋈⋈⋈≻≺∋∋⊞⋈⊤∈⊤∈∋⋈⋈⊙⊤∈⋈⋈⋈⋈⋈∋⋈⋈⋈⋈≺⋈⋈⊤∈⋈≺∋⋈≻⋈⊡⊡⋈⋈⋈⋈⊡⋈⋈≻⋈⋈∈⋈⊞⊤∈∋⋈⋈⋈⋈≻⋈⋈⊞⊤⊥⋈⊤⋈∈∋⊤∈⊤∈⋈⊤∈∋∋⋈⋈⊙⊤∈⋈⋈⋈⋈⊡⊡⋈⋈⋈∋⋈⋈⋈≻⋈⊤∈⊤∈⋈⋈⊤∈⋈⋈⊞⊥⋈⊞⊤⊥⊞∈⊤∈⋈⊞⋈⋈⋈≻⊤∈⋈⋈≺∋⋈⋈⋈⊙⋈≺⊞∋⋈≺∈⋈≻∋⊤∈⋈⊞⋈⋈⋈≻⋈⊤∈≺∋⋈⋈⋈⋈⋈⋈⊤∈⋈⋈⊤⋈∈⊞⋈⋈⊞⋈⋈⋈⋈⊤⋈∈⋈⊞⊞≺⋈⋈⋈≺∋⋈⊤⊥≺∋∋⋈⊞⋈⋈∈⊤∈∋⋈⋈⋈⋈⋈⋈⋈⋈⋈≻⊡⊡⋈⋈⋈⊤∈⋈⋈⋈≻∋⋈≺⊤∈⊤∈⋈⊤∈⋈⊞⊤∈∋⊞⊞⋈≺∋⊞∈⋈⊞⊞∈∋≺∋⊞⊤⊥⋈⋈⋈∋⋈⋈⋈⋈⋈⋈⋈⊞⋈∈⋈⋈⊤∈⊤∈⋈⋈⊤∈⋈⋈⋈⊤⊥⊞⊤⊥⊞∈⊞∋⋈⋈⊤∈⋈⊞⋈⋈⋈≻⊤∈∋⋈≺∋⋈⋈⋈⋈⊙⋈⋈⋈⋈≺⋈⋈≺⋈≺∋∋⋈∋⊤∈⋈⋈⋈≻⋈⋈⋈∋⋈⊞⋈⋈⋈⋈⋈⋈⋈⋈⋈⋈≻⋈⊤∈⋈⋈⊤⋈⋈⊤≺∋⋈∈⋈⊞⋈⊤⊥≺∋⋈⊞∈⊤∈∋⋈⋈⋈⋈⋈⋈⋈⋈≻⋈⊡⊡⋈⋈⋈⊤∈⋈⋈⋈≻∋⋈≺⊤∈⋈⊤∈⋈⊤∈⋈⊞⋈⊤⋈∈∋⊞∈⋈⊞⊞∈∋≺≺∋⊞∋⊞⊤⊥⋈⋈⋈∋⊤∈⋈⋈⋈≻∋⋈⋈⋈≻⊤∈⋈⋈⊤∈⋈⋈⊤∈∋⋈⊤⊥∋⋈⊞≺∋⋈⊞∈⊤∈∋⋈⋈⋈⋈⋈⋈⋈⋈≻⋈⋈⋈⋈⋈⊤∈⋈⋈⋈≻∋⋈⋈≺⊤∈∋∋⋈⋈⋈≻∋⊞∋⋈⋈⊞⋈⊞⊤⊞⊞⋈⋈⋈⋈⋈≻⊤∈⋈⋈⋈≻⋈⊞⊞⋈⋈⊞⋈⊞⋈⋈⋈⊤⋈⊥⋈⊤⋈⋈⋈⋈⊥⋈⋈⋈⋈⋈∈⊤∈⊤∈⊡⊡⋈⊞⊞⋈⋈⋈∈⊤⋈⊥⋈⋈⊞⊞⋈⊞⊞⋈⊞⊞⋈⋈⋈⊙⋈⊞∈∋⋈⋈⊤∈⋈⋈⋈⋈⋈⋈⋈⋈⋈≺∋⊤∈∋⋈⋈≻⋈⊡≺∋⋈⋈≻⋈⊤∈⋈⋈⋈⋈≺⋈⋈≺∋⊤⋈⋈⊥⋈⋈∋⊤⋈⋈⊥⊥⊤∈⋈⊞∈⊤∈⊞⊤∈⋈⊤⋈∈∋∋∈∋⋈⊤∈⋈⋈⋈≻∋⋈⋈⋈⋈≺∋≺∋⋈⋈⋈⋈⋈≻⋈⊤∈⋈⋈⋈⋈⋈⋈⋈⊞⋈≻⊤⋈⋈⋈∈⋈⋈⋈⋈⋈⋈⊞⋈⊞⊥⊤⊥⋈⊥⋈⊥⊞⋈⋈∈⋈⊤∈∋⋈⋈≻∋⋈⋈⋈≻∋∋⋈⋈≻∋⋈⋈≻⋈⊞⊤⊥⊞⊤∈⊞⋈⊞⊥≺∋⋈⋈⊤∈∋≺∋⋈⋈⊤∈⋈⋈⋈⋈⋈⊙⊤∈∋∋⋈⋈≻∋⋈⋈⋈≻∋⋈≺∋⋈≺∋⋈⋈⋈⊡⊡⋈⋈≻⋈⋈≺∋∋⋈⋈⋈⋈⋈⋈⊤∈∋∋⋈⋈⋈⋈⋈≻⋈⋈∋⊤∈∋⋈⋈⋈⋈⋈⋈⋈⋈⋈⋈⊤∈⋈⋈⊞≻≺∋⋈⋈⋈⋈⋈≻⊞⋈⋈⋈⋈⊞⊡⋈⊡⋈⊡⋈⊡⋈⋈⋈⋈⋈⋈⋈⋈⋈⊡⋈⊡⋈⋈⋈⊡⋈≻⋈⋈∈⋈⊞⊤∈∋⊤⋈⋈⋈⋈⋈∈⊤∈⋈⊤∈⋈⊤∈⋈⊞⊥⋈⊤⊥⊞∈∋⊞⊤∈⋈⊞⋈⋈⋈≻⊤∈∋∋⋈∋⋈⋈≺∋⋈⋈⋈⊙⋈≺⋈⋈⋈≺∋⋈⋈∋⋈≺∋⋈⋈⋈⋈⋈⋈⋈⊤∈⊤⋈∈⋈⊞⊞⋈⋈⊤∈⋈⋈⊞⊤∈⋈⊡⊞⋈⊞≺∋⊞∈⋈⊤⊥⋈⊥⋈⋈⊥⋈⋈⊞⊞⊞∈⋈⊞⊤⊥⊞⊤∈⊞⋈⋈⊞⊥≺∋⊞⋈⋈⋈≻⊞⊤∈∋∋∋∋∋⋈⋈⊡⊡⋈⋈⋈≺∋⋈⋈⋈⋈≻⋈⋈⋈⋈⋈⋈⋈⋈≻⋈⋈⋈⊡⊡⋈⋈≻⋈⊤∈⊞⋈⊤∈⋈⋈⊤∈⊞⋈⋈⋈⋈⋈⋈⋈≺∋⋈⊞⊤∈∋⊞⋈⊞⊥≺∋⊤⊥∈⋈⋈⋈⋈≺∋⊞∈∈⋈⊤∈⊤∈⋈⋈⋈⊤∈⋈⋈⋈≺∋⋈⋈⋈⋈≻⋈∋∋⊤∈⋈∋⋈⋈⋈⋈⋈⋈⋈⋈⋈⋈≻⋈⋈⊞⊤⊥⋈⊤⋈⋈∈⋈⋈⋈⋈≻∋⋈⊤∈⋈⋈⋈≻∋⋈⋈≻∋⊞⋈⊞⊤⊥⊞⊞⋈⊤∈∋⋈⋈⊞⊥⋈≺∋⋈⊤∈⋈⊤∈⋈⊞⋈⊤⋈∈∋⊞∈⋈⋈⊞⋈⊞∈∋≺≺∋⊞∋⊞⊤⊥⋈∋⊤∈⋈⋈⋈≻∋⋈⋈⊤∈⋈⋈⋈≻∋⋈⋈⋈⋈⋈⊤∈⋈⋈⋈≻∋⋈⊤⋈∈∋≺∋⋈⋈≺∋⋈⋈⋈≺∋∋⋈⋈⋈≻⋈⋈⋈⋈⋈⊤∈⋈⋈⊤∈⋈≻∋⋈⋈⊞⋈⋈⋈⋈⋈⋈⋈⊞⋈⋈⊤∈⋈⋈⊤∈⋈⊤⊥⋈⋈⊞⊞⊥⊞∈⋈⊡⊞⊞⊤∈⋈⋈⊡⊞⋈≺∋⊞⊤∈∋⋈⋈≻⋈⋈⋈⋈⋈⊤∈⋈⋈⋈⋈⋈⋈⋈⋈⋈⋈⋈⋈≻⋈⋈⊤∈⋈⋈⋈≻∋⋈⋈⋈⊞⊤∈⋈⋈⊡⋈⋈⋈⋈⋈⊡⋈⋈⊤∈⋈⋈⋈⋈⋈⋈⋈⋈⋈⋈⋈⋈⋈⋈≻⋈⋈⋈⋈⋈⋈⊤∈⋈⋈⋈⋈⋈⊡⊡⊡⋈⋈⋈⋈⋈⋈≻⊤∈⋈⋈≻⊤∈∋⋈⋈≻⊤∈⋈⋈≻⊤∈∋⋈⋈⋈⋈≻⋈⋈⋈≻∋⋈⋈⋈⊙⋈⊤∈⋈⋈⋈⋈≻∋⋈⊤∈⋈⋈⋈⋈≻∋⋈⊤∈⋈⋈⋈⋈≻≺⊡⊡⋈⋈⋈⋈≺∋⋈⊤∈⋈⋈⋈⋈≻∋⋈⊤∈⋈⋈⋈⋈≻∋⋈⊤∈⋈⋈⋈⋈≻≺⋈∋∋⊡⋈⋈⋈⊡⋈⋈⋈⋈⊙⋈⊤⋈∈≺⋈⋈⋈⋈≺∋∋∋⋈⋈⊙⊤∈∋⋈⋈≻∋⋈⋈⋈≻∋⋈⋈≻∋⋈⋈⋈≻∋⋈⋈≻∋⋈⋈≻∋⋈⋈≻∋⋈⋈≻⋈⋈⋈⋈⋈≻⋈⊤∈⋈⋈≻⋈⋈⋈⋈⋈⊞⋈⋈⋈⋈⊤∈⊤∈⊤∈⊤∈∋⋈≺≺⊞⊤⊥⊞⋈⋈⋈⋈⋈⋈≻⋈⊤∈⋈⋈⊤∈⊞≺⊤∈⋈⊞⋈∈⊤∈⊞⋈⊞⊤⋈∈∋⊤∈∋⋈⋈≺∋∋∋⋈⊞⋈⊤∈⊤∈⋈⋈⋈≻⋈⋈⋈≺⊤∈⊞⋈⋈≻⋈⋈≻⋈⋈⋈≺⋈⊤∈⊤∈⋈≺∋∋∋∋∋∋∋∋∋⋈⋈⋈⋈⋈⋈⋈⊞⋈⋈⋈⋈⋈⊣⋈⊣⋈⋈⋈⋈⊙⋈⋈⋈∋⋈∋⋈⊡⊡⋈∋⋈⋈∋∋⋈≺∋⋈≺⋈⋈⊡⊡⋈⋈⋈⊤⋈∈⋈⋈⋈⋈≻≺∋∋∋∋⋈⊤∈⋈⋈⋈≻∋∋⋈≻∋⋈⋈⋈⊙≺≺∋∋⊞⊞≺∋⋈⋈⊡⊡⋈⋈⋈⊤∈⋈⋈⋈⋈≻≺⋈⋈⋈⋈∋∋⋈⋈⋈⋈⋈⋈∋⋈⋈⋈⋈⋈⋈⋈∋∋⊞⋈⋈⋈⋈⋈⋈⊣⋈⋈⋈⋈⋈⋈⋈⋈⋈⋈⋈⋈≻⋈⋈⋈⋈≺∋⋈⋈⋈⋈⊞⋈⋈⋈⋈⋈⋈≺⋈⋈⋈⋈∋⊞⋈⋈⋈⋈⋈⋈⊣⋈⋈⋈⋈⋈⋈⋈⋈⋈⋈⋈⋈∈⋈≻⊤∈⋈⋈∋⊤∈⋈⋈⋈⋈⋈⋈⋈⋈≻⋈⋈⋈⋈⊞≺∋⋈≺∋⊞⋈⋈⋈⋈⋈⋈⊣⋈⊤∈⋈⋈⋈⋈⋈≻⋈≺∋⋈⊞⋈≺∋⋈⋈⋈⋈⋈⋈⋈⋈⋈⋈⋈⊞⋈⋈⋈⋈⋈⋈≺⋈⋈≺∋⋈⋈⋈⋈≻⊞⊤⊥⋈≺∋⋈⋈⋈⋈⋈⋈≻⋈⊤∈⋈⋈⋈≻≺∋⋈⋈⊞⋈⋈⊞⊞⊞⊞⊞⊞⋈⊞∈⊞⊡⊞⊞⊞⊤∈⋈⋈⋈⋈⊡⋈⋈⊡∈⋈⊞⊞⊞⊞⋈⊤∈⋈⊞⋈⋈⋈⋈⊙⋈⊤∈∋⋈⋈⊞⋈⋈⋈⋈⊡⊞⋈⋈⊡∈∋∋⊤⋈∈⊞⊤∈⊞⊞⊞⊞∋⊞⊞⊤∈⋈⊤∈⊡⊞⊞⋈≺∋⊞⋈⊡⋈⊞⋈⋈⊡⊞⋈⋈⋈⋈⋈∋⋈⋈⋈⋈⋈⋈⋈≺∋⊞⊞⊞⊞≺∋⋈⋈⋈≺∋∋∋⊞⋈⋈⋈⋈⋈⋈⊣⊞⊞⊞≺∋⋈⋈⋈⋈⋈⋈⋈⋈⋈⋈⋈⋈≻⋈⋈⋈⋈⋈⊤∈⋈⋈⋈⋈⋈⋈⋈≻⊤⊥⊤∈⋈⋈⋈≻⋈⋈⋈⋈≻⋈⋈⋈⊤∈⋈⊤∈⊤∈⋈⊤∈⋈⋈⋈≻⋈⋈⋈⋈≻≺⋈⋈≺∋⋈⋈⋈⋈≻⊞⊤⊥⋈≺∋⋈⋈⋈≻⊤⋈⊥⊤⋈⋈⊥⋈⋈⋈⊥⋈∈⋈⋈⋈≻⋈⋈⋈⋈⋈⋈≻⋈⋈⊤∈≻⋈⋈≻⋈⋈⋈⋈⋈⋈⋈≻⋈⋈⋈⋈⋈⊤∈⋈⋈⋈⋈⊙⋈⋈⋈⋈⋈⋈⋈⋈≻⋈⋈⋈⋈⋈⋈⊤∈⋈⋈⋈⋈≻⋈⋈⋈⋈⋈⋈⋈⋈⋈⋈⊙⋈⋈⋈≻⊤⋈⊥⋈⋈⋈≻⊤⊥⊤∈⋈⋈⋈≻≺⋈⋈⊞⊞⋈⋈≻⋈⋈⋈⋈⊤∈⋈⋈⋈≻⊤⋈⊥⋈⋈⋈≻⊤⊥⊤∈⋈⋈⋈≻⋈⋈⋈⋈≻⋈⋈⋈⋈⋈⊤∈⋈⋈⋈⋈⋈⊞⊤⊥⋈⋈⋈⋈⋈≻⊤∈⋈⋈⋈⋈⋈⋈⋈⋈⋈≻⋈⋈⋈⋈⋈⋈⊤∈⋈⋈⋈⋈⋈⋈⋈⋈⋈⋈⋈⋈⋈⋈⋈⋈⋈⋈⋈⋈⊙⋈⊞⋈⋈⋈⊞⋈⋈⋈⋈⋈⋈⋈⋈⋈⊞∈∈⋈≻⋈⋈⋈⋈≻⋈⋈⋈⋈⋈⊤∈∋⋈⋈⋈⋈⋈≺⋈⋈⋈⊙⋈⋈⋈⋈⋈⋈⊤∈⋈⋈⋈⋈⊙⋈⋈⋈⋈⋈≻⋈⋈⊤∈⋈⋈⋈⋈⋈⋈⋈⋈⋈⋈⋈⋈⋈≻⋈⋈⋈⋈⋈⊤∈⋈⋈⋈⋈⋈⋈⋈⋈⊞⊞⋈⋈⋈⋈⋈⋈⋈≻⋈⋈⋈⋈⋈≻⋈⋈⋈≻⋈⋈⋈⋈⋈⊤∈⋈⋈⋈⋈⋈⋈⋈⋈⋈⋈⋈⋈⋈⋈⋈⋈⋈⋈⋈⋈⋈≻⋈⋈⋈⋈⋈≻⊤⋈⊥⊤∈∋⋈⋈⋈≻⋈⋈⋈⋈⋈≻⋈⋈≻⋈⋈≻⋈⋈≻⊞⋈⊤⊥⋈⋈⋈⋈⋈⋈≻⊞⋈⊤⊥⋈⋈⋈⋈⋈≻⊞⋈⊤⊥⋈⋈⋈⋈⋈⋈≻⊞⋈⊤⊥⋈⋈⋈⋈⋈⋈≻⋈⋈⋈⋈⋈⋈⋈⋈⋈⋈⋈⋈⋈⋈⋈⋈⋈⋈⋈⋈⋈⋈⋈⋈⋈⋈⋈⋈⋈⋈⋈⋈⋈⋈⋈⋈⋈⋈⋈⋈⋈⋈⋈⋈⋈≻⋈⋈⋈≻⋈⋈≻⋈⋈⋈≻⋈⋈⋈≻⋈⋈⋈≻⋈⋈⋈≻⋈⋈⋈≻⋈⋈⋈≻⋈⋈⋈⋈⋈⋈⋈⋈⋈⋈⋈⋈⋈≻⋈⋈⋈≻⋈⋈⋈≺∋⋈⋈≻⋈⋈≻⋈⋈⋈⋈⋈≺∋⊤∈⋈∈⋈≻⊞⊞∈∋∋⋈⋈⋈⋈≻⋈⋈⊤∈⋈⋈⋈≻⋈⋈⋈⋈⋈≺∋∋⋈⋈≻⋈⋈≻⋈⋈⋈⋈⋈≺∋⋈≻⋈⊤∈⋈⋈⋈⋈≻∋∋⋈⋈⊤∈⋈⋈⋈≻∋⋈≻⋈⋈⊤∈⋈⋈⋈≻≺⊤∈∋⋈⋈⋈⋈≻≺∋⋈⋈⋈⋈⋈⋈⋈⊤∈⋈⋈⋈≺⋈⋈⋈⋈≻⋈⋈⋈⊤∈⋈⋈⋈≻≺⋈⋈⋈⋈⋈≺∋∋∋⋈⋈≻⋈⋈⋈⋈∋≻⋈⋈⋈⋈⋈≺∋∋∋⋈⋈⋈⋈⋈⋈⋈≺∋≻⋈⋈⋈⋈⋈≺∋∋∋⋈⋈⊤∈⋈⋈⋈≻∋⋈≺⋈⋈⋈⋈⋈≺∋⋈⋈≺⋈⋈⋈⋈∋⋈≺∋⋈∋⊤∈⋈⋈⋈≻≺⋈⋈⋈⋈≺∋⋈∋∋⋈≻∋⊤∈⋈⋈⋈⋈≻∋⋈⋈≻⊤∈∋⋈⋈⋈⋈⋈≺∋⋈⋈⋈⋈≺∋∋⋈⋈⋈⋈∋⋈⋈≻≺∋⋈⋈≻⊞⋈⋈⋈⋈⋈⋈⊣≺⋈⋈≻∋∋⊣⊡⊡⋈⋈⋈⋈⋈⋈⋈⋈⋈≻⋈≺∋⋈⋈⋈⋈⋈≻⊡⊞⊤∈⊞≺∋∋⊞⋈⋈⊤⊥⋈⊞⊤⊥⊞⋈⊞⊞⊤⊥⊤⊥⊞⊞∈⋈⋈⋈⋈⋈⋈⋈≻≺⋈⊡⋈≺∋⋈⋈⋈≺∋∋∋⊞⋈⋈⋈⋈⊣
0xab86d6f	⊢⋈⋈⋈⋈⋈⋈⊞⋈⋈⋈⊤∈⋈⋈⋈∈⋈⋈⋈⋈⋈≻⋈⋈⊞∈⋈⋈⋈≻⋈⋈⋈⋈⋈⋈⋈⋈⋈⋈≻⊤∈⋈⋈≻⋈⋈⋈⋈⊙⋈⋈⋈⋈⋈⊞⋈⋈⋈⋈⊣⋈⋈⋈⋈⋈⋈⋈⋈⋈≻⋈⋈≻⋈⋈⋈⋈⋈⋈⋈⋈⊤∈∋∋⋈⋈⋈⋈⋈⋈⋈⊞⋈⋈⋈⋈⋈⋈≺
0xab7a2ad	⊢⋈⋈⋈⋈⋈⋈⊞⋈⋈⋈⋈⋈⋈≻⋈⋈⊤∈⋈⋈⋈⋈⊤∈⋈⋈⋈⋈≻⋈⋈⊤∈⋈⋈⋈⋈⊙⋈⊤∈⋈≻⋈⋈⋈⊞⊥⊤⊥⊞∈⊞∈⋈⋈≻∋⊤∈⋈⊞⋈⋈⋈⋈≻⋈⋈⊤⋈∈∋≺∋⊤∈⊞⊞∈⋈⊞⋈⊞⊤∈∋≺∋⋈⋈⋈⋈⋈≻≺∋⋈≻⋈≺∋⋈⋈⋈⊙⊤∈⋈⋈⋈⋈⋈⋈⋈⋈⋈⋈⋈⋈⋈⋈≻⊤∈∋⋈⋈⊞⋈⋈⋈⋈⋈⋈≺⋈⋈⋈⊞⋈⋈⋈⋈⋈≻⊤∈⋈⋈⋈⋈⋈≻∋⋈⋈≻⋈⋈⋈⋈⋈⋈⋈⋈⋈⋈≻⊤∈⋈⋈≻⋈⋈⋈⋈⋈⋈⊤∈⋈⋈⋈⋈≻⊤∈⋈⋈≻⋈⊞∈⊤⊥⊞⊤∈∋⋈⊤⊥⊞⊥⊞∈⊤∈∋⋈⋈∈⋈⊞∈⋈⊞⊤∈⊤∈≺∋⋈⊞⊞≺∋∋∋∋⋈⋈≻⋈⋈⊞⋈⋈⋈⋈≺⋈⋈⋈⋈⊙⋈⋈⋈⋈⋈⊞⋈⋈⋈⋈⊣⋈⋈⋈⋈⋈≺∋⊞⋈⋈⋈⋈⋈⋈⊣
0xabcb120	⊢⋈⊞⊤⊥⋈⋈⋈≺⋈⋈⋈⋈⋈⋈⋈⊞⊤∈⋈⋈⊤∈⊤∈⊤∈≺∋⋈⊞⊞⋈⋈⋈⋈⋈⋈≺⋈⋈⊤∈∋⊤∈⊤∈⋈⋈⋈⋈⋈≻⊤∈⋈⋈≻⊤∈⋈⋈⋈⋈⋈⋈⋈⋈⋈⋈⋈⋈⋈⋈≻∋⋈≺∋∋∋∋⋈⋈⋈⋈⋈⋈⋈⊡∈⋈⋈≻⋈⊤∈⊞≺⋈⊤∈⋈≻≺∋⋈⋈⊙⋈⊤∈⋈⋈⊙⊤∈∋≺∋∋∋⋈⊞⋈⋈⋈⋈⋈⋈⊣
0xaba61c0	⊢⋈⋈⋈⋈⋈⋈⋈⊞⋈⋈⊤∈⋈⊤∈∋⋈⋈⋈⋈⋈⋈⋈⋈⋈⋈⋈⋈⋈⋈⋈⋈⋈⊤∈⋈⊙∋⋈⊤⊥⋈≻⊤∈⊤∈⋈⋈⊤∈⋈⊙⋈∋⋈⋈⋈⋈⋈⋈⋈⊞≻⋈⋈⋈⊡∋∋⋈⊡⋈⋈⊞⊞≺∋⊞⋈⋈⋈⋈⋈⋈⊣
0xab99ebf	⊢⋈⋈⋈⋈⋈⋈⊞⋈⋈⋈⋈⋈⋈⋈≻⋈⋈⊞⊤∈⋈⊤∈⋈⊞⊤∈∋⋈⊞⋈⋈≺∋⋈⊤⊥≺∋⋈⋈⊞⋈∈⊤∈∋⋈⋈⋈⋈⋈⋈⋈⋈⋈≻⋈⋈⋈⋈⋈⊤∈⋈⋈⋈≻⋈∋⋈≺⊤∈⋈⋈⋈≻⋈⋈⋈⋈⋈⋈⊞⋈⋈⋈⋈⋈⋈⋈⋈⊞∈⋈⋈≺∋⊤∈⋈⋈⊤∈⋈⋈≺∋⊤∈⋈⊤∈⋈⋈≺∋⊤∈⊤∈⋈⋈⊞⋈≺⊤∈⋈⋈⊞⋈⋈⋈≺∋∋⊤∈⋈⋈⋈⋈≺⊤∈⋈⋈⋈⊞⋈⋈⋈≺∋∋⊤⋈∈⋈⋈≺⊤∈⋈⊞⊞⋈⋈≺∋∋⋈⊞⋈⋈⊞≻⋈⊤⋈⊥⊤⋈⋈⊥⋈⋈⋈⋈⊞⋈∈⋈⊞∈⋈⊤∈⋈⊞⋈⋈≻⊤∈⋈⊤∈⊞⋈⋈⊞⊞∈⋈⊡⋈⊞⊞⊞⋈⊞⊞⋈⊤∈∋≺∋⋈⋈⋈⊤∈⊞⋈⊞⊞⊞∈⋈⊡⊞⊞⊞⋈⊞⊞⋈⊤∈∋≺∋⋈⊤∈⋈⋈⋈≻∋⋈⋈⋈≻⊞⊞⊥⊞⊥⋈⊞⋈⊞⊤⋈∈∋⊤∈⋈⊞⋈∈∈⋈⋈⊞⊤∈⋈⋈⊞⊥⋈⊞⊤⊥⊞∈⊞∈⋈⋈≻∋⊤∈∋⋈⊞⋈⋈⋈≻⊤∈∋⋈⋈⋈≺∋⋈⋈⋈⊙≺⋈⊞⋈∈∈⋈⋈⋈≻∋⋈⋈≺∋⋈≻∋∋∋⋈⋈⋈⋈⋈⋈⋈⋈⋈⋈⋈⋈⋈⋈⋈⋈⋈≻∋⋈⋈⊞⋈⊤⊥⊞⊞∈⊤∈⋈⋈⊞⋈⊞⋈⊞⊞⋈⊞⊞⊞⊞⊞⋈⊤∈∋∋⊤∈⋈⋈≻⊤∈∋⋈⋈≻⊤∈⋈⋈⋈⋈⋈⊞∈⋈⋈⊞∈⋈⋈⋈≻∋⊞⊞∈∋⊞⋈⋈∋⊣⋈⋈⋈⋈⊙⋈⋈≺⋈≺∋⋈≺∋⋈∋∋⋈⋈⋈⋈⋈⋈⋈⋈⊞⋈⋈⋈⋈⋈⋈≺⋈⊤∈⋈⊤∈⋈⊞⊤∈∋⊞⋈⋈≺∋⊞∈⋈⋈⊞⋈⊞∈∋≺∋⊞⊤⊥⋈∋⊤∈⋈⋈⋈≻⋈∋⋈⊤∈⋈⋈⋈≻⋈∋⋈⋈⋈⊤∈⋈⋈⊤∈⋈⋈⋈≺⋈⊤∈⋈⊞⋈⋈≺∋∋⋈⋈⋈⊤∈⊤∈⋈⊞⊞⊞⋈⋈⋈≺∋∋⊤∈⊤∈⋈⋈≻⋈≺⊤∈⊤∈⋈≻⋈⋈⊤∈⋈⋈⋈≻⋈∋⋈⋈⋈≺⋈⊤⋈∈⊤∈⋈⊤∈⋈⋈⊞⊥⋈⊤⊥⊞∈⊞∈⋈⋈≻∋⋈⊤∈⋈⊞⋈⋈⋈≻⊤∈∋⋈⋈≺∋⋈⋈⋈⊙⋈⋈≺⋈⋈≺∋∋⋈⋈∋⋈⋈⋈⋈⋈≻⋈⋈⋈⋈⋈⊤⋈∈⋈⋈⋈≻⋈∋⋈⋈⋈∋⋈⊞⊤⊥⋈≺∋∋∋⋈⋈⋈⋈⋈≻⋈⊤∈⋈⋈⋈≻∋⋈⋈⋈⋈∋⊞⋈⋈⋈⋈⋈⋈⊣
0xabcafc0	⊢⊤∈⋈⋈⊞⊞⋈⊤∈∈⊞⋈⋈⊞⊤∈⋈⊡∈⋈⊤∈⊞⊞⊤∈∋≺∋⋈⊤∈∋⋈⊞⊞∈∋∈⊞⋈⊞⊞⊡∈⊤∈∋⋈⊣⋈⊤⋈∈∋⋈⊞⊞⊞∈∋≺∋⊞∋⊣
0xabcb920	⊢⋈⋈⊙
0xabcb940	⊢⋈⋈⊙
0xabca030	⊢⋈⊤∈⋈⋈⋈⊣⋈⋈⋈⊤∈⋈⊞⋈⋈⋈⊞⊤∈⊞⊞⋈≺⋈⋈⋈⊞⊞⊞⊤∈⊞⊞⋈⋈⋈⋈⊞⊞⊞⊞⊞⊞≺∋∋∋⋈⋈⊣
0xab9842b	⊢⋈⋈⋈⋈⋈⊞⋈⋈⋈⋈⋈⋈⋈⋈⋈⋈⋈⋈≻⋈⋈⋈⋈⋈⋈⊤∈⋈⋈⋈≻∋⋈⋈⋈≻⋈⋈⋈⋈⋈⋈⋈⊤⊥⊤∈⋈⊤⋈⊥⊤∈⋈⊤⋈⊥⊤∈∋⋈⋈⊞⋈≻≺∋⊤∈⋈⋈⋈⋈⋈≻≺∋∋⊞⋈⋈⋈⋈⋈⊣
0xabcf9d0	⊢⋈⋈⋈⋈⋈⋈⋈⊤∈⋈≻⋈⊙⊤∈∋⋈⋈≻⊞⋈⋈⋈⋈⋈⋈⊞⋈⋈⊣
0xabcf3d0	⊢⋈⋈⋈⋈⊤∈⋈⋈⋈≻⋈⊞⋈⋈⋈⋈⋈⊣
0xabcfb30	⊢⋈⋈⋈⋈⋈⊞⋈⋈⋈⋈⊤∈⋈≻⋈⋈≻⋈⋈⋈⋈⋈⋈⋈⋈⋈⋈⊞∈⊤∈⊤∈⋈⋈⋈≻⊤∈⋈⋈≺⋈⊤∈≺⊞⊤∈∋≺∋⋈⊤∈∋⋈≻∋∋⋈⋈∋⊞⋈⋈⋈⋈⊣
0xabce9f0	⊢⋈⋈⊞⋈⋈⋈≻⊞⋈⊣
0xabcb090	⊢⋈⋈⋈⋈⊞⋈⋈⋈⋈⋈⋈⋈⋈⋈⋈⊞⋈⊞⊥⋈≻⊞⊤∈⋈⋈⊙⋈∋⊞⋈⋈⋈⊣
0xaba61b0	⊢≺
0xabcb910	⊢⋈⋈⊙
0xabcb930	⊢⋈⋈⊙
0xab9be35	⊢⋈⋈⋈⋈⋈⋈⋈⊞⋈⋈⋈⋈⋈⋈⋈≻⊤∈⋈⋈∈⋈⋈≻⋈⊤∈∋⊤∈⋈≺⋈≺⋈⋈⋈⋈⋈⋈⋈⊤∈⋈⋈⊞⊤∈⋈⋈⋈⋈⋈∈⋈⊞∈⊞≺⋈⋈∈⊤∈⋈∈⊞∈⊤∈⋈⊤∈⋈⊤∈∋⊞⋈⊞⊤∈⋈⋈⊤∈∋⊞⊞⊞≺∋∋⋈⊤∈∋⋈⋈⊞⊤∈⋈⋈⋈⋈⋈⊞⋈∈⋈⊞∈⊞⊤⋈⊥⋈⋈∈⊤∈⋈∈⊤∈∋⋈∋⋈⊞∈⊤∈∈⊤∈∋∋⊞⋈∈⊤∈⋈⊤∈⋈⊞⋈⊞⊤∈⊞⊞⊞⋈≺⋈⊞⊞⊞⊤∈⊞⊞⊞⋈⋈⊞⊞⊞⊞⊞⊞⊤∈∋⊤∈⋈≺⊤∈∈⊤∈∋⋈⋈⋈⊞≻⋈≺⊞≺⊞≺∋∋∋⋈⊤⊥⊞⊤⊥⊤∈∋≺∋⋈≺⊞⊤∈⋈⊤∈⋈⊤∈∋⊞⋈≺⋈⊞⊤∈⋈⋈⊤∈∋⊞⊞⊞≺∋⊞∋⋈⊞⊤∈∋≺∋∋∋∋⋈≺∋∋∋⊤∈⋈⊞⋈⊞⊞∈⋈⋈⊤∈⊤∈⋈⋈⋈≺⊤∈⊤∈⋈⋈≺⋈⊤∈⊤∈⋈⋈⊤∈⋈≺⊤∈∋∋⋈⋈⋈≺⋈≺⋈⊤∈⊤∈⋈⋈⋈≺∋∋∋⊞⊞⋈⊞∈⊤∈⊤∈⋈⊤∈⋈⊞⋈⊞⊤∈⋈⊞⊞≺⋈⊞⊞⊞⊤∈⋈⊞⊞⋈⋈⋈⊞⊞⊞⊞⊞⊞≺⋈∋⋈≺∋∋⊤∈⊤∈⊞⋈∈⋈⊤∈⊞∈⋈⊤∈⊤∈∈⊤∈⋈⊤∈⋈⊞⋈⊞⊤∈⊞⊞⊞⋈≺⋈⊞⊞⊞⊤∈⊞⊞⊞⋈⋈⊞⊞⊞⊞⊞⊞⊤∈⊞≺⊞≺∋∋∋⊞∈∋∋⊞⊤∈∋≺⊞⋈⋈⊥⊞⊥⊤∈⊤∈⊤∈⋈⊤∈⋈⊞⋈⊞⊤∈⊞⊞⊞≺⋈⊞⊞⊞⊤∈⊞⊞⊞⋈⋈⊞⊞⊞⊞⊞⊞⊞≺⊞∋⋈≺∋∋⊤∈≺∋⊤⋈∈∋≺∋∋∋∋∋∋∋∋∋⊤∈∋⋈⊤⋈∈∋∋⊤∈⋈⊤∈∋⋈⋈⋈⋈⊤∈∋⋈⊤∈⋈⋈≺⋈⊤∈⋈⊞⋈⊞⊞∈⋈⊤∈⋈⋈≺∋∋⊞⋈⊤∈⊞⊞∈⊤∈⋈⋈⋈⊞⋈⋈⋈⋈⊞≻⊤∈⋈⊤∈⋈⋈⊞⋈⊞⊞⋈⊞⋈⊞⊞⊤∈⋈⊞⊤∈⋈⋈⋈⋈⋈⋈⋈⋈⋈⋈⋈⊞≻⊤∈∋⋈⋈⋈⋈⋈≻∋⊞⊤⊥⋈⋈≻∋∋⋈⋈≻∋∋⋈⋈≻∋⊞⊤⊥⋈⋈≻∋⋈⋈≺∋∈⋈⋈⋈≻∋⋈⋈≺∋∋∋⋈⋈⋈≻∋⋈⋈≺∋⋈⊤∈⋈⋈∋∋⊤∈⊤∈∈⊤∈∋∋⊞⊞⊞∋⋈⋈≻∋⊞∋⊞≺∋⊤∈⊞⋈⊤∈⋈⋈⋈∈⊤∈⋈⊞⋈⋈⊞⊤∈⊞⊞⊞⋈≺⋈⊞⊞⊞⊤∈⊞⊞⊞⋈⋈⊞⊞⊞⊞⊞⊞⊤∈⊞≺⊞⋈≺∋∋∋⋈⊞⊞⊤⊥⋈⊤⊥⋈⊤⊥⊞⊞∈⋈⊤∈⋈⊞∈∋⊞⊤∈≺∋∋⊤∈∋∋⋈⋈⋈⋈⋈⋈⋈⋈⋈⋈≺∋⊤⋈∈∋≺∋∋∋∋∋∋∋∋∋∋∋⋈⋈⊞⋈⋈⋈⋈⋈⋈⊣
0xaba5cc0	⊢⋈⋈≻
0xabcbeb0	⊢⋈⋈≻
0xab64790	⊢⋈⊤∈⋈⊙⋈⊞⊞⋈⋈⊤⋈⊥⋈⊙⊤∈⋈∋⋈⊞⋈⊣
0xab647d8	⊢⋈⋈⋈⋈⋈⋈⋈⊤⊥⊤⊥⊤∈⋈⋈⋈⊤⋈⊥⋈⋈⊙⊤⊥⋈⊤⊥⊞∈⊤⊥⋈⋈⋈⊙⋈⊙⊞≺∋⋈⊞⋈⋈⋈⋈⊣⋈⋈⊞⋈⋈⋈⋈⊙
0xabcbec0	⊢⋈⋈⊞⋈⋈⋈⋈≻
0xab9b8b0	⊢⋈⋈≻
0xab6487b	⊢⋈⋈⋈⋈⊤∈⋈⋈⊞⋈⋈⊙⋈⋈⋈⋈⋈⊙⊤⊥⋈⊤⊥⊞∈⋈⊞⋈⊙⊞≺∋⋈⊞⋈⋈⊣
0xab9b8c0	⊢⋈⋈⊞⋈⋈⋈⊡∈⋈⋈⊞⋈⊞⋈⋈⋈⊤∈∋⊞⋈⊞⋈⊞⋈⋈⋈⋈≻⊞⋈⊣
0xabcbee0	⊢⋈⋈⋈⋈⋈≻
0xab77c22	⊢⋈⋈⋈⋈⋈⋈⊞⋈⋈⋈⋈⋈⊞∈⋈⊞⋈⊞⊞⊞⊞⊞⋈⋈⋈≻⋈⊞⋈⊞⊞⊞⊞⋈⋈≻⋈⋈⋈⋈⋈⋈⋈⋈⋈⋈⋈⋈⋈≻⋈⋈⋈⋈⋈⋈⋈⋈⋈⋈⋈⋈⋈≻⋈⋈⋈⋈⋈⋈⋈⋈⋈⋈⋈⋈⊞⊞⊤∈∋⋈⋈⋈⊙⊞⋈⋈⋈⋈⋈⋈⊣
0xab772a1	⊢⋈⋈⋈⋈⋈⋈⊞⊤⋈⊥⋈⊞∈⊞∈⋈⋈≻∋⋈⋈⋈⋈⋈⋈⋈⋈≻⊤∈∋⋈⋈⋈⊤∈⊞≺⋈⋈⊞⊞⋈∈⊤∈⊞⋈⋈≺∋⊤∈⊞⋈⋈≺∋⊤∈⋈≻⋈⋈∋⊞⊞⊞⋈⊞⋈⊞⋈⊤⊥⊤∈∋⋈⊤∈⋈⊤∈⋈⋈≻⋈∋⋈⋈⊞≺∋⋈⊤∈⋈⊞⊤∈⊞⋈∈⊤∈⊞⋈⋈⊞∈⋈⊞⋈⊤∈∋∋⊞≺∋∋∋∋⋈⋈⋈⊞⋈⋈⋈⋈⋈⋈⊣
0xab770ff	⊢⋈⋈⋈⋈⋈⋈⊞⋈⋈⊤∈⋈⊤∈∋⊞⋈⋈⋈⋈⋈⋈⋈⋈⋈⋈⋈⋈⋈≻⋈⋈⋈⋈⋈⋈⋈⋈≻⋈⋈⋈⋈⊞⋈⊞∈⋈⊞⊞⋈⋈⋈≻⋈⋈≻⋈⋈⋈⋈⊤∈⊤∈⋈⊤∈⊤∈⋈⋈⋈⋈⊤∈∋⋈⋈⋈⋈≺⋈⋈⋈⋈≺∋∋≻⋈⋈≻⋈⋈⋈∋∋⊤∈∋⋈⋈⋈⋈⋈⋈≻⋈⋈≻≺∋⊞⋈⋈⋈⋈⋈⋈⊣
0xab779d6	⊢⋈⋈⋈⋈⋈⋈⊙⊤∈⋈⋈≻⋈⋈⋈⋈⋈⋈⊞⋈⋈⊤∈∈⋈⋈∈⊞∈⋈⊞⋈∈∋⊤∈∋⋈⋈≺∋∋⊤∈⊞⋈⋈⋈⋈⊞≺⋈⋈⋈⋈⋈≻⊤∈⋈⋈≻⋈⋈⊞⋈⋈⋈⊞⊞⋈⋈⋈⋈⋈⋈⋈≻⊞⊤∈⋈⊤∈≺⋈⊤∈∋⋈∋∋⋈⋈⋈⋈⋈⊞⋈⋈⊣⋈⋈⋈⋈⊞⊞⋈∈⊞⊤∈⋈⊞∋⋈⊤∈⋈≻⋈⋈∋⋈⊞⊞⋈⊞⊞⊞⊞⊤⊥⋈⋈⋈⊤∈∋⊞⋈⋈⊞∈⋈≺⊞⋈⋈∈⊤∈⊞⋈⋈⊞∈⋈⊞⋈⊤∈∋∋⊞≺∋∋∋⋈⋈⋈∋⊞⋈⋈⋈⋈⋈⋈⊣⋈⋈⋈⋈⊞⋈⋈⊣
0xab7741f	⊢⋈⋈⋈⋈⋈⋈⊞⋈⊤∈⋈⋈⋈⊞∈⋈⋈⋈⋈≻⊤∈⋈⋈⋈⋈⋈⊤∈⋈⋈⊞⋈∋⋈⋈⊞⊤∈⋈⋈⋈⋈⋈⋈≻⋈⋈≺∋⊞⋈⋈⋈⊙⊞⋈⋈⋈⋈⊞∋⋈⋈≻∋⊞⋈⋈⋈≺∋⊞⋈⋈⋈⋈⋈⋈⊣
0xab7755c	⊢⋈⋈⋈⋈⊞⋈⋈⊞⋈⋈⋈⋈⋈∈⊤∈⋈≻⋈∋⋈⊞⋈⊞⋈⋈⊞⊤⋈∈∋⋈⋈⋈⋈⊞⋈⋈⋈⋈⊣
0xab77f18	⊢⋈⋈⋈⋈⋈⋈⊞⋈⋈⋈⋈⋈⋈⋈⋈⋈⋈⋈⋈⋈⋈⋈⋈⋈≻⋈⋈⊤∈⋈≻⋈⋈⋈⋈⋈≻⋈⋈⋈⊤∈⋈⋈⋈⋈⋈⋈⋈≻⋈⋈⋈⊤∈⋈⋈⋈⋈⋈⋈⋈⋈≻⋈⋈⋈⊤∈⋈⋈⋈⋈⋈⋈⋈≻⋈⋈⋈⊤∈⋈⋈⋈⊞⊥⋈⋈⊤⊥⊞∈⋈⋈⋈⊤∈⋈⋈⋈⋈⋈≻⋈⋈⊤∈∋⋈⋈⋈⋈⊙⊤⋈∈⋈⋈⋈⋈⊞⊤⋈⋈∈⋈⋈⊞∈⊤∈∋⋈≺⋈⊤∈⋈⊤⋈∈∋≺∋∋∋⋈⋈⋈≻⋈⊤⊥⊤⊥⊞∈≺∈∈∈⋈∈⋈≻∋⋈⋈⊤∈⋈⊞⋈⋈⋈≻⋈⋈⊤∈∋≺∋⋈⋈⋈⋈⊙⋈⊤∈⋈⊞⋈⊤∈⋈⋈⊞⋈∈⊤∈⋈⋈⊤∈⋈⊤⋈∈∋≺∋∋∋∋⋈⊤∈⊞⋈⋈⊙⊤∈⋈⋈⋈⋈⋈≻⊞⋈⋈⋈⋈⋈⋈⋈⋈⋈⋈≻⊞⋈⋈⊤∈⋈⋈⋈⋈⊙⋈⋈≻⊤∈⋈≻≺⋈⋈⋈⋈⋈⋈⋈⋈⋈⋈⋈⋈⋈⋈⋈⋈⋈⋈⋈⋈⋈⋈⋈≻⋈⋈⋈⋈≻⋈⋈⋈⋈≻⋈⋈⋈⋈≻⋈⊤∈⋈⋈⋈⋈⋈⋈⋈⋈⋈⋈⊤∈⊞⋈⋈⋈⋈⋈≻⋈⋈⊤⋈⋈∈∋⋈⋈⊙⊤∈⋈⋈⋈⊞⊤⋈∈⋈⋈⊞∈⊤∈∋⋈≺⋈⊤∈⋈⊤⋈∈∋≺∋∋∋⋈⋈⊤⊥⊤⊥⊞∈∋∋⊞∋⋈⋈⋈⊤∈⋈⋈⋈⋈⋈≻⋈⋈⋈⊤∈∋≺∋⋈⋈⋈⊙⋈⋈⊤∈⋈⊞⊤∈⋈⊞∈⊤∈∋∋⋈⋈⊤∈⋈⊤⋈∈∋≺∋∋⋈⋈⋈⋈⋈⋈≻⋈⋈⊤⋈∈⋈⋈⋈⋈⋈⋈⋈⋈⋈⋈≻⋈⋈⊤∈⋈⋈⋈⋈⋈⋈⋈⋈⋈⋈≻⋈⋈⋈⊤∈⋈⋈⋈⋈⋈⋈⋈⋈≻⋈⋈⊞⋈⊤⊥⋈⋈⊞⊥⊞∈⋈⋈⋈⊞∈⊤∈⋈⋈⊤∈⋈⊤⋈∈∋≺∋∋⋈⋈∋⊤∈⋈⊞⊤∈⋈⋈⊞∈⊤∈∋∋⋈⋈⊤∈⋈⊤⋈∈∋≺∋∋⋈⋈⋈⋈⋈≻⊤∈⊤∈∋⋈⋈⋈⋈≻⋈⋈⋈⋈≻⋈⊙⊤∈⋈⋈⋈⊙⊤∈⋈⋈⋈⊙⊤∈⋈⋈⋈⊙⊤∈⋈⋈⊤∈⋈⋈⋈⋈⋈⋈⋈⋈⋈⋈⋈⋈⋈⋈⋈⋈⋈⋈⋈⋈⋈⋈⋈⋈⋈⊙⋈⊤∈∋∋∋∋⋈⋈≻⋈⋈⋈⋈⊤⊥⋈⊤∈⋈⋈⋈⋈∈⋈⋈⋈⋈⋈⋈⋈⊤∈⋈⋈⋈⋈⋈⋈∋⋈⋈⋈⊤∈⋈⋈⋈⋈⋈⋈∋⋈⋈⋈⊤∈⋈⋈⋈⋈∋⋈⋈⋈⋈⋈⋈≻⊤∈⋈⋈⋈⋈≻⊤∈⊤∈⋈⋈⋈⋈⋈≻⋈⋈⋈⋈⋈⋈≻⋈⋈⋈⋈⋈≻⋈⋈⋈⊤∈⋈⋈⋈⋈≻⋈⋈⋈⋈≻⋈⋈⋈⋈≺⊞⋈⋈⊙⋈⋈⋈⋈⋈≻⋈⋈⋈⋈≻⋈⋈⋈⋈≻⊤∈≺⋈⋈⋈⋈⋈≻⋈⋈⋈⋈⋈⋈≻⊤∈⋈⋈⋈⋈⋈≻⋈⋈⋈⋈⋈⋈≻⋈⋈⋈⋈≻⋈⋈⋈⋈⋈≻≺∋⋈⋈⋈⋈⋈≻⋈⋈⋈⋈⋈≻⋈⋈⋈⋈⋈⋈≻⋈⋈⋈⋈⋈⋈⋈⋈⋈≻⋈⋈⋈⋈⋈⋈≻⋈⋈⋈⋈≻⋈⋈⋈⋈≻⋈⋈⋈⋈⋈⋈≻⋈⋈⋈⊤∈⊞⊞⋈⋈⊙⊤⊥≺∋⋈⋈⋈⋈≻⋈⋈⋈⋈≻⋈⋈⋈⋈≻⋈⋈⋈⋈≻⋈⋈⋈⋈≻⋈⋈⋈⋈≻⊤∈∋⋈⋈⋈⋈⋈⋈⋈⋈⋈≻⋈⋈⋈⋈⋈⋈⋈⋈⋈⋈⋈⋈⋈≻⋈⋈⋈⋈⋈⋈≻⋈⋈⋈⋈≻⋈⋈⋈⋈≻⋈⋈⋈⋈⋈⋈≻⋈⋈⋈⋈⋈⋈⋈⋈≻⋈⋈⋈⋈≻⋈⋈⋈⋈⋈⋈⋈⋈⋈⋈≻⋈⋈⋈⋈⋈⋈≻⋈⋈⋈⋈≻⋈⋈⋈⋈⋈⋈⋈⋈≻⋈⋈⋈⋈⋈≻⋈⋈⋈⋈⋈⋈≻⋈⋈⋈⋈⋈⋈⋈⋈⋈⋈⋈⋈≻⋈⋈⋈⋈≻⋈⋈⋈≻⋈⋈⋈≻⋈⋈⋈⋈≻⋈⋈⋈⋈≻⋈⋈⋈⋈⋈⋈⋈⋈≻⋈⋈⋈⋈⋈⋈⋈⋈≻⋈⋈⋈⋈⋈⋈≻⋈⋈⋈⋈≻⋈⋈⋈⋈⋈≻⋈⋈⋈⋈⋈⋈≻⋈⋈⋈⋈≻⋈⋈⋈≻⋈⋈⋈⋈⋈⋈≻⋈⋈⋈⋈⋈≻⋈⋈⋈⋈⋈⋈⋈⋈⋈⋈⋈⋈⋈⋈⋈⋈⋈⋈⋈⋈⊡⋈⋈⋈⋈≻⋈⋈⋈⋈≻⋈⋈⋈⋈≻⋈⊤∈⋈⊞⋈⋈⋈⋈⊡⋈≻⋈⋈⋈⋈⋈⋈⋈⋈⊡⋈⊡⋈⊤∈∋⋈⋈⋈⋈≺∋⋈⋈⋈⋈⋈≻⋈⋈⊤∈⋈⊞⋈⋈⊙⊤∈⋈≻⊤∈∋∋⋈⋈⋈⋈∋≻∋∋∋∋∋⋈⊙⋈≻≺∋∋⋈⋈⊤∈⋈∈⋈⋈⋈⋈≻⊞⊞∈∋∋⋈⋈⋈⋈≻∋⋈⋈⊤∈⋈∈⋈⋈⋈⋈≻⊞⊞∈∋∋⋈⋈⋈⋈≻⋈⋈⊤∈⋈∈⋈⋈⋈⋈≻⊞⊞∈∋∋⋈⋈⋈⋈≻⋈⊤∈⋈⋈⋈⋈⋈⋈⋈⋈⋈⋈⋈⋈⋈⊙⋈⋈⋈⋈≻⋈⋈⋈⋈≻⋈⋈⋈⋈≻⋈⋈⋈⋈≻⋈≻⋈≻⋈≻⋈⋈⋈⋈≻⋈⊤∈⋈⋈⋈⋈⋈⋈⋈⋈⋈⋈⊤∈⋈⋈⋈⋈⊙⊤∈⋈⊤∈⋈⋈⊞⊙⊤∈⋈⊤∈∋∋∋∋⋈⋈⋈⊡⋈⋈⋈⊞⊙⋈⋈⋈⊡⊤∈∋⋈≻⋈⋈⋈⋈⋈⋈⋈⋈≺∋⋈≻⋈⋈⋈⋈≻⋈⊤⋈⋈⋈∈⋈⋈⋈⋈⋈⋈⋈⋈⋈⋈⋈⋈⋈≻⋈⋈⋈⋈≻⋈⋈⋈⋈≻⋈⋈⋈⋈≻⋈⋈⋈⋈≻⋈⋈⋈⊤∈⋈⋈⋈⋈≻⋈⋈⊤∈∋⋈⋈⋈⋈⋈⋈⋈⋈⋈⋈⋈⋈⋈⋈⋈⋈≻⋈⋈⋈⋈≻⋈⋈⋈⋈≻⋈⋈⋈⋈⊞⋈⋈⋈⋈⋈≻⊞⋈⋈⋈≻⋈⋈⋈⋈⋈⋈⊤∈⋈⋈⋈⋈⊡⋈⋈⋈⋈⋈⋈⋈≻⊤∈⋈⋈⋈⋈≻⋈⋈⋈⋈⋈⋈⋈⋈⋈⋈⋈⋈⋈⋈⋈⋈⋈⋈⋈⋈≺⋈⋈⋈⋈⋈⋈⋈≺∋⋈⋈≻⋈⋈≻∋⋈⋈⋈⋈≻⋈⋈⋈⋈≻≺⋈⋈⋈⋈⋈⋈⋈≺∋≻≺⋈⋈⊤∈⋈∈⋈⋈⋈⋈≻⊞⊞∈∋∋⋈⋈⋈⋈≻≺∋∋⋈⋈⋈⋈≻∋⋈⋈⋈⋈≻∋⋈≻≺⋈≺∋∋⋈⋈⋈⋈≻∋∋⋈⋈⋈⋈≻∋∋⋈⋈⋈⋈≻⋈⋈⋈∋⋈⋈≻⋈⋈⋈⋈≻≺⋈⋈⋈⋈⋈⋈⋈∋⋈⋈⋈⋈≻⋈⋈⋈⋈⋈⋈≺∋⋈⋈⋈⋈≻⋈⋈⋈⋈⋈⋈≺∋⋈⋈⋈⋈⊞⋈⋈⋈⋈⋈⋈≺⋈⋈⋈⋈⋈⋈⋈⋈⋈⋈⋈⋈≺∋∋∋⊞⋈⋈⋈⋈⋈⋈⊣
0xab71228	⊢⋈⋈⋈⋈⋈⋈⋈⋈⋈⊞⊤∈⋈⋈⊤⊥⋈⊞⊥⊞∈⋈⊡⊞⋈⊞⊞⊤∈⋈⊤∈⊤∈⋈⋈⋈≻⊤∈⋈⋈⋈⋈⊙⋈⋈⋈≺∋⋈⋈⋈⋈≺⋈⋈⊙⊤∈⋈⋈⋈⋈≺∋∋⋈⋈⊙⊤∈⋈⋈≻∋⋈⋈≻∋⋈⋈≻⋈⋈⋈⋈⋈⋈⊞⋈⋈⋈⋈⊞⊤⋈∈⊤∈⋈⋈⊤∈⋈⋈⊞⊥⋈⊤⊥⊞∈⊞⋈⋈≺⋈≺∋∋⋈∈⋈⋈⊤∈⊤∈⋈⊤∈⋈⋈⊞⊥⊞⊤⊥⊞∈⋈⋈⋈⊤∈⋈⊞⋈⋈⋈⋈⋈≻⋈⊤∈⋈⋈⋈≺∋⋈⋈⊙⋈⋈⋈⊞∋⋈⋈≻∋⋈⊤∈⋈⋈⋈⋈⋈≻⋈⊤∈∋⋈≻∋⋈≺⋈⋈≺∋⋈⋈⋈⊙⋈⋈⋈≺∋⋈⋈≺⋈≺∋∋∋⋈⋈⋈⋈⋈⋈⋈⋈⊞⋈⋈⋈⋈⋈⋈⊣⋈⋈⋈⋈⋈⋈⋈⋈∋⋈⋈⋈⊞⋈∋⊞⋈⋈⋈⋈⋈⋈⊣
0xab65b8e	⊢⋈⋈⋈⋈⋈⋈⊞⋈⋈⋈⋈⋈⋈⊞⊤⋈⊥⋈⋈⊞⋈⊙
0xab7c74b	⊢⋈⋈⋈⋈⊤⊥⊤∈⋈⋈⊙⊤∈⋈⋈≻⋈⋈⋈⋈⋈⊞⋈⋈⋈⋈⊤∈⊤∈∋⊤∈⋈⋈⊞≻≺∋⋈⋈⋈⋈⋈⋈⋈⋈⋈⋈⋈⋈⋈⋈⋈⋈≻⋈⋈⊤∈⋈⊞⊞⊞⊞⊤∈⋈⊞⊙⋈⋈⋈⋈⋈⋈⋈⋈≻⋈≺∋∋∋⋈⊞⋈⋈⋈⋈⋈⊣⋈⋈⋈⋈⋈⋈⋈⋈⋈⋈⋈≺∋⊞⋈⋈⊣
0xab7d8c3	⊢⋈⋈⋈⋈⋈⋈⊞⋈⊞⋈⊞⋈⊞⋈⊞⋈⊞⋈⋈⋈⋈⋈⋈⋈⋈⋈≻⋈⋈⋈⊤∈⋈⋈⋈⋈⋈⋈⋈≻⋈⋈⋈⊤∈⋈⋈≺⋈⋈⋈⋈≻⋈⋈⊤⋈⋈∈⊤∈⋈⋈⊤∈⋈⋈⊞⊥⋈⊞⊤⊥⊞∈⊤∈⋈⊞⋈⋈⋈≻⊤∈⋈⋈≺∋⋈⋈⋈⊙⋈≺⊞∋⋈≺⋈⋈≺∋⋈⋈≺∋⋈∋⋈⋈⋈⋈⋈⋈≻⋈⋈⋈⋈⋈⋈⋈⋈≻⋈⋈⋈⋈≻⋈⋈⊤⋈∈⊤∈⋈⋈⊤∈⋈⋈⊞⊥⊞⊤⊥⊞∈⊤∈⋈⊞⋈⋈⋈≻⊤∈⋈⋈≺∋⋈⋈⋈⊙⋈≺⋈⋈≺⋈≺∋∋⋈⋈∋⋈⋈⋈⋈⋈⋈≻⋈⋈⋈⋈⋈⋈⋈⋈≻⋈⋈⋈⋈≻⋈⋈⊤⋈∈⊤∈⋈⋈⊤∈⋈⋈⊞⊥⊞⊤⊥⊞∈⊤∈⋈⊞⋈⋈⋈≻⊤∈⋈⋈≺∋⋈⋈⋈⊙⋈≺⋈⋈≺⋈≺∋∋⋈⋈∋⋈⋈⋈⋈⋈⋈≻⋈⋈⋈⋈⋈⋈⋈⋈≻⋈⋈⋈⋈≻⋈⋈⋈⋈≻⋈⋈⋈⋈≻⋈⋈⊤⋈∈⊤∈⋈⋈⊤∈⋈⋈⊞⊥⊞⊤⊥⊞∈⊤∈⋈⊞⋈⋈⋈≻⊤∈⋈⋈≺∋⋈⋈⋈⊙⋈≺⋈⋈≺⋈≺∋∋⋈⋈∋⋈⋈⋈⋈⋈⋈≻⋈⋈⋈⋈⋈⋈⋈⋈≻⋈⋈⋈⋈≻⋈⋈⋈⋈⋈≻⋈⋈⋈≻⋈⋈⊤⋈∈⊤∈⋈⋈⊤∈⋈⋈⊞⊥⊞⊤⊥⊞∈⊤∈⋈⊞⋈⋈⋈≻⊤∈⋈⋈≺∋⋈⋈⋈⊙⋈≺∋∋∋⊞∋∋∋∋⋈⋈⋈≺⋈≺∋∋⋈⋈∋⋈⋈⋈⋈⋈⋈≻⋈⋈⋈⋈⋈⋈⋈⋈≻⋈⋈⋈⋈≻⋈⋈⋈⋈⋈≻⋈⋈⋈≻⋈⋈⊤∈⊤∈⋈⊤∈⋈⋈⊞⊥⋈⊤⊥⊞∈⊤∈⋈⊞⋈⋈⋈≻⊤∈⋈⋈≺∋⋈⋈⋈⊙⊞∋⋈≺∋∋⋈≻∋⋈≺⋈⋈≺⋈≺∋∋∋⋈⋈⋈⋈⋈⋈≻⋈⋈⋈⋈⋈⋈⋈⋈≻⋈⋈⋈⋈≻⋈⋈⋈⋈⋈≻⋈⋈⋈⋈⋈≻⋈⋈⋈⋈⋈⋈⋈⋈≻⋈⋈⋈⋈⋈⋈⋈⋈≻⋈⋈⋈⋈⋈⋈⋈⋈≻⋈⋈⋈⋈⋈≻⋈⋈⋈⋈⋈≻⋈⋈⋈⋈≻⋈⋈⋈⋈⋈≻⋈⋈⋈⋈≻⋈⋈⋈⋈⋈≻⋈⋈⋈⋈⋈⋈⋈⋈≻⋈⋈⋈⋈⋈⋈⋈⋈⋈≻⋈⋈⋈⋈⋈⋈⋈⋈≻⋈⋈⋈⋈⋈≻⋈⋈⋈⋈≻⋈⋈⋈⋈≻⋈⋈⋈⋈⋈≻⋈⋈⋈⋈⋈≻⋈⋈⋈⋈⋈⋈⋈⋈⋈⋈⋈⋈⋈⋈⋈⋈⋈⋈⋈⋈⋈⋈⋈⋈⋈⋈⋈⋈⋈⋈⋈⋈⋈⋈⋈⋈⊤∈⋈⋈⋈≻∋⋈⊤⋈∈⋈⋈⋈≻∋⋈⊤∈⋈⋈⋈≻∋⋈⊤∈⋈⋈⋈≻∋⋈⊤∈⋈⋈⋈≻∋⋈⊤∈⋈⋈⋈≻∋⋈⊤∈⋈⋈⋈≻∋⋈⊤∈⋈⋈⋈≻∋⋈⊞⋈⋈∈⊞⋈⋈∈⋈⋈⋈⋈⋈⋈⋈⋈⋈⋈⋈⋈⋈⋈⋈⋈⊞⊤∈∋⋈⋈⋈⊙⋈⊞⋈⊞⋈⋈⊙⊞⊤∈∋⋈⋈⋈⋈⋈⊙⊞⋈⊞⋈⋈⋈∈⋈⋈⋈⊞⊞⋈⊞⋈⊞⋈⋈⋈⊞⊞∈⋈⋈⊞⊞∈⋈⋈⋈⋈⋈⋈≺∋⋈⋈⋈⋈⋈⋈⋈≻⋈⋈⋈⋈⋈⊤∈⋈⋈⋈⊞∈⋈⊞≻⊞⊤∈∋⋈⋈⋈⋈⋈⊞⋈⋈⋈⋈⋈⋈⋈⋈⋈⋈⊞⋈⊞⋈⋈≻⋈⊤∈⋈⋈⋈≻∋⋈⊤∈⋈⋈⋈⋈≻∋⋈⋈⋈⋈⋈⋈⋈⋈⊤⋈∈⋈⋈⋈⋈≻∋⋈⊤⋈∈⋈⋈⋈≻∋⊞⊞⊤⋈⋈⋈∈∋⋈⊞⋈⊤⋈∈∋⋈⋈⋈⋈⋈⋈⋈⋈⊙≺∋⋈≻⋈⋈⊤∈⋈⋈⋈≻∋⋈⋈⊤∈⋈⋈⋈≻∋⋈⋈⊤⋈∈⋈⋈⋈≻∋⋈⋈⊤∈⋈⋈⋈≻∋⋈⋈⊤∈⋈⋈⋈≻∋⋈⋈⊤∈⋈⋈⋈≻∋⋈⋈⊤∈⋈⋈⋈≻∋⊤∈⋈⋈⋈⋈⊙⋈⋈⋈⋈⋈⋈⋈⋈⋈⋈⋈⋈⋈≻⋈⋈⋈⊤∈⋈⊤∈⋈⋈⋈≻⋈∋⋈⊞⊤⋈∈⋈⋈⊞≻≺∋⋈⋈⋈⋈⊞⋈⋈⋈⋈⊞⋈⋈⋈⋈⋈⋈⋈⋈⋈⋈⋈⋈⋈⋈⋈⋈⋈⋈⋈⋈⋈⋈⋈⋈≻∈⋈⊞⊤∈∋⊤⊞⋈⋈⋈⋈⋈⋈⋈⊙⋈⋈⋈⊙⋈⋈⋈⋈⋈⋈⋈⋈⋈⊙⊞⋈⊤∈⋈⋈⋈⋈⊙⋈⋈⋈⋈⋈⋈⋈⋈⋈⋈⋈⋈⋈⋈⋈⋈⋈⋈⋈⋈⋈⋈⊞⋈⋈⋈⋈≺⋈⋈⋈⋈⋈≺⋈⋈⋈⊞⋈∈⋈⊞≻⊞⊤∈∋⋈⋈⋈≺∋⋈∋⋈≻⋈⋈⋈⊤∈⋈⋈⋈≻∋∋⋈⋈⋈⋈⋈⋈∋≻⋈⋈⋈⋈⋈≻⋈⊤∈∋⊞⋈⋈⋈⋈⋈⋈⊣⋈⋈⋈⊞⋈⋈⋈⋈⋈⋈≺
0xab8a928	⊢⋈⋈⋈⋈⋈⋈⊞⋈⊞⊤⋈∈⋈⊤⊥⋈⊞⊞⊥⊞∈⋈⊡⊞⊞⊤∈∋⊞≺⋈⊡⊞⋈≺∋⊞∋⋈⊞⋈⋈⊞⊞⋈∈⋈⊞⋈⋈⋈⊞⋈⊞⋈∈∈⊤∈⋈⊤∈∋⋈⊤⋈⋈∈∋⋈⋈⋈≺⋈⋈≻⊤∈⋈⋈⋈≻⊤⊥⋈⊞⋈⊤∈∋⋈⋈≻⋈⋈⋈⋈⊞⋈⊤∈⋈⋈⊞≻≺∋⋈⋈⋈⋈⋈≻⊞⋈⋈⋈⋈⊞⋈⋈⋈⋈⋈⋈⋈⋈⋈⋈⋈⋈⋈⋈⋈⋈⋈⋈⋈⋈⋈⋈⋈≻∈⋈⊞⊤∈∋⋈⋈⊞⋈⋈⋈⋈⊣⊞⊞⋈⊤∈∋⋈⊤∈⋈⋈⊤∈⊞⋈⋈≺∋⋈⊞⊤∈⋈⊞∈∋≺∋∋⋈⋈⋈⋈⋈⋈⋈⋈⋈≻⋈⋈⋈⋈⊤⊥⊞⊥⊞∈⊤∈⊞⋈∈⋈⊞∈⋈⊞⊤∈⊤∈∋∋∋∋∋⋈⋈⋈≻⋈⋈≻⋈⋈⋈⋈⋈⋈⋈≻⋈⋈⋈⋈⊤⊥⊞⊥⊞∈⊤∈⊞⋈∈⋈⊞∈⋈⊞⊤∈⊤∈∋∋∋∋∋⋈⋈≻⋈⋈≻⋈⋈⋈⋈⋈⋈⋈⋈≻⋈⋈≻⋈⋈≻∋⊞⋈⋈⋈⋈⋈⋈⊣
0xab67046	⊢⋈⊞⊤∈⋈⊤⊥⋈⊞⊞⊥⊞∈⋈⊡⊞⊞⊤∈∋⊞≺⋈⊡⊞⋈≺∋⊞∋⊤∈⊤∈⋈⊤∈⋈⊤∈⋈∋∋∋⊣⊞⊞⋈⊣
0xab8fd24	⊢⋈⋈⋈⋈⋈⋈⋈⋈⊞⋈⊞⋈⋈⊞⊤∈⋈⋈⋈⋈⋈≻⋈≺∋⋈⊞⋈⋈⊙⊞⋈⋈⋈⋈⋈⋈⊣
0xab946a3	⊢⋈⋈⋈⋈⋈⋈⋈⋈⊞⊤∈⋈⋈⋈⋈≻⋈≺∋⋈⊞⊤∈⊤∈⋈∈⋈⊞⊞∈∋⊞⊞≺∋⋈⊞∋⋈⋈⋈⋈⊣
0xabb1d00	⊢⋈⋈⋈⋈⋈⋈⋈⊞⋈⋈⋈⋈⋈⊤∈⊤∈⋈≻⊤∈⋈⊤∈⋈⋈≺∋⋈⋈⋈⊞⋈⋈⋈⋈⋈⋈⋈⋈≻⋈⊤∈⋈⋈⋈⊞⊞⋈≺⋈⋈⊤∈⋈≺⋈⋈⋈⊤⋈⋈⊥⋈⋈⋈≻⋈⋈⋈⋈⋈⋈⋈⋈⊤⋈∈⋈⊞⊡∈⊤∈⋈⊤∈⋈⊞⋈⋈∋∋⋈⋈⊞⋈⋈⋈⋈⋈⋈⋈≻⋈⊤∈⋈⋈⋈⋈⊞⊞⋈⊞⋈⋈⋈⋈⋈⋈⋈⋈⊞⊤∈∋⊞⊞⋈⋈⋈⊞⋈⋈⋈⋈⋈⋈≻⋈⋈⋈⋈⋈⊞⊞⋈⊤∈∋⋈⋈⋈∋∋⋈⋈⊞⊞⊞⊞⋈⋈⋈⋈⊞⋈⋈⋈⋈⊤⋈∈⋈⋈⋈⋈⋈≻⋈⋈⊤∈⋈≺∋⋈⋈⋈⊤∈⋈⋈≻⋈⊤∈≺∋⊤∈∋∋⋈⋈⋈∋∋⋈⊤∈⋈⊞⊞⋈≺⋈⊞⋈≺∋∋⋈⋈⋈⊞⊞≺∋∋⊡∈⋈⋈⋈⊤∈⋈⋈⊞⋈⋈≺∋⋈⊞⋈⋈⋈⋈⋈⋈≻⋈⋈⋈⋈⋈⋈⋈⋈⋈⋈⋈⋈⋈⋈⋈⋈⋈⋈⋈⋈≺∋⊞⋈⋈⋈⋈⋈⋈⊣
0xab7751c	⊢⋈⋈⋈⋈⋈⋈⋈≻⊤∈⋈⋈≻⋈⋈⋈⊞⋈⋈⊣
0xab5d8c0	⊢⋈⋈⋈⋈⋈⋈⋈⊞⋈⋈⋈⋈⋈⋈≻⋈⊤∈⋈⋈≺⋈⊤∈⋈⋈∋⋈⋈≺⋈⊤∈⋈⋈⋈≻⊤∈⋈⋈≻≺⋈⊤∈⋈⊙∋⋈≻⋈≺∋⋈⋈⋈⊤∈⋈⊞⋈≻⋈⋈⋈≺⊞∋⋈⋈⋈⊙⊞⋈⊞⊤∈⋈⋈⋈≻⋈⋈≺∋⋈⋈⊞⋈⋈⋈⊡∈∈⋈⋈≻⋈⊤∈⋈⋈⋈⋈⋈∋⊞⋈⋈⋈⋈⋈⋈⊣⋈⋈⋈⊞⊤∈⋈⋈⋈≻⋈⋈≺∋⋈⋈⋈⊙⊞⋈⊤∈∋⋈⊞⊤∈⋈⋈⋈≻⋈⋈≺∋⋈⋈⊞⋈≺∋
0xab7eee8	⊢⋈⋈⋈⋈⋈⋈⊞⋈⋈⋈⊤∈⋈⋈≺⋈⋈⋈⋈⋈≻⋈⋈⋈⋈⋈⋈⋈⋈≻⋈⋈⋈⋈⋈⋈⋈⋈⋈≻⋈⋈⊞⊞∈⋈⋈⋈⊞⊞⋈⋈⋈⊞⋈⋈⋈⋈⋈⋈⋈⊞⊞⋈⋈⋈∈⋈⋈⋈≻⋈⊙⊤∈⋈⋈≻⋈⋈⋈⊤∈⊞⋈⋈≺∋⋈⊞⊤∈⊞⋈⋈≺∋⊞⋈⋈⋈⊞⋈∈⊤∈⋈⋈⊞∈⋈⊞⊤∈∋∋⋈⋈⋈⋈⋈⋈⋈≻⋈⋈≻⋈⋈⋈⋈⋈⊙⋈⋈≻⊤∈⋈⋈⋈⋈∈⋈⋈∈⋈⊞∈⋈⋈⋈≺⋈⊞⋈∈∋⋈⋈⋈⊤∈∋⋈⊤∈∈⋈⋈⋈∈⋈⊞∈⋈⊞⋈∈∋⊤∈∋⋈⊤⋈∈⋈⊞⊤∈⋈⋈⋈⋈∈⋈⊞∈⊞⋈⊞⋈∈∋⊞⊤∈∋∋⋈⋈⋈⋈⋈≺∋⋈⊞≺≺∋∋⊞⋈⋈≺≺∋∋∋∋⋈⋈⋈⋈⋈≻⋈⋈⊤∈∋⋈⋈⋈≻⋈⋈⋈⋈⋈⋈⋈⋈≻⋈⋈⋈⋈⋈∋⋈⋈⊤∈∋⋈⋈≻⋈⋈⋈⋈⋈⋈⊞⋈⋈⊤∈⋈≺⋈⋈⋈⋈⋈≻⋈⋈⋈⋈⋈⋈⋈≻⋈⋈⊤∈⋈⋈⋈⋈⋈≻⋈⋈≻⊤∈⋈⋈⋈⋈⋈⋈⋈⋈⋈⋈⋈⋈⋈≻⋈⋈⋈⋈⋈⋈⋈⋈≻⋈⊤∈⋈⋈⋈⋈≻⋈⋈≻⊤⋈∈⋈⋈⋈⋈⋈⋈⋈⋈⋈⋈⋈≻⋈⋈⋈⋈⋈⋈⋈≻⋈⊤⋈∈⋈⋈⋈⋈≻⋈⋈≻⊤∈⋈⋈⋈⋈⋈⋈≻⋈⋈⋈⋈⋈⋈≻⋈⊤⋈∈⋈⋈⋈⋈⋈≻⋈⋈≻⋈⊤∈⋈⊤∈⋈⋈⋈⋈∈⋈⋈⋈⋈⋈≻⋈⋈⋈⋈⋈⋈≻⋈⊤∈⋈⋈≻≺⋈⋈⋈⋈≻⋈⋈≻⋈⋈⊤⋈∈⋈∋⋈⋈⋈≺⋈⋈≻⋈⋈⋈⋈⋈≻⋈⋈⋈⋈⋈⋈≻⋈⊤∈⋈⋈≻⋈⋈⋈≺⋈⋈⋈⋈⋈⋈≻⋈⋈≻⋈⊤⋈⋈∈⋈⋈⋈≺⋈⋈⊞⊞⋈⋈≻⋈⋈⊤∈⋈⊤⋈∈⋈⊤⋈∈⋈⊤∈∋⋈⋈⋈⋈⊤⋈⋈⊥≺∋∋⋈⋈⋈⋈⋈⋈≻⋈⋈⋈⋈⋈⋈≻⋈⊤∈⋈⋈≻⋈⋈⋈⋈⋈⋈≻⋈⋈≻⊤∈∋⋈⋈∋⋈∋∋⋈≻≺⋈⋈≻⋈⋈⋈≺∋⊤∈∋⋈⋈⋈⋈⋈≺≺∋⋈⋈≻≺∋⋈⋈∋∋⋈⋈≻⋈⋈≻≺∋⋈⋈≺∋⋈⋈≻⋈⋈≻⋈≺∋⋈⋈⋈≺∋⋈⋈≻⋈⋈≻≺∋⋈≺∋∋⊞⋈⋈⋈⋈⋈⋈⊣⋈⋈⊤⋈⋈∈⋈∋⊤∈∋⋈⋈≺∋⋈⊤∈⋈⊞⊤∈⊞⋈∈⊤∈⊞⋈⋈⊞∈⋈⊞⋈⊤∈∋∋⊞⋈≺∋∋∋⋈⋈⋈⋈⋈⋈⋈⋈≻⋈⋈≻∋⊞⋈⋈⋈⋈⋈⋈⊣⋈⋈≺∋
0xab5f000	⊢⋈⋈⋈⋈⊞⋈⊤∈⊤∈⊤⊥⊤∈⋈⋈≻⋈⊤∈∋⋈⋈≻⊤∈⋈⊞⊞⊞⊞⋈⋈⋈⋈⊞⋈⋈⋈⋈⊞⊞⋈⋈⋈⊞⊞⋈⋈⋈⊞⊞⋈⋈⋈⊞⊞⋈⋈⊞⋈⋈⋈⋈⋈⋈⋈⋈⋈⋈⋈⋈⋈⋈≺⋈⊞⊞⊞⊞⋈⋈⋈⋈⊞⋈⋈⋈⋈⊞⊞⋈⋈⋈⊞⊞⋈⋈⋈⊞⊞⋈⋈⋈⊞⊞⋈⋈⊞⋈⋈⋈⋈⋈⋈⋈⋈⋈≺∋⋈≺⋈≺⋈⋈⊞∋∋⋈⋈⊞⋈⋈⋈⊣⋈⋈⋈⊞⊙
0xabae7c0	⊢⋈⋈⋈⋈⋈⋈⋈⊞⋈⋈⋈⋈⊤∈⋈⋈⋈⋈⊞⊞⋈⋈≻⊤∈⋈⋈≻⋈⋈⋈⋈⊙⋈⋈⋈⊤⊥⋈≺∋⋈⋈⋈⋈⋈⋈⋈⋈≻⊤∈⋈⋈⊤∈⊤∈∋⋈⊡∈⊤∈⋈⊞⊤∈∋⊤∈∋∋∋⋈⋈⊙⊤∈⋈⋈⋈⋈⋈⊞∈⋈⋈≻⋈⊤∈∋⋈⋈≻≺∋⊞⋈⋈⋈⊙⋈⋈⋈⋈⋈⋈⋈⋈≻⋈⋈⋈⊞⊤⊥⋈≺∋⋈⋈⋈⊞⊞∈⊤∈⋈⋈⋈⋈⋈⋈⋈≻≺⊞⊤∈∋⊤∈⊞⊤⊥≺∋⋈⋈⋈⋈⋈⋈⋈≻⊞⊤⋈⊥∈⋈⊤∈⊤∈∋⋈⊡∈⋈⊞⊤∈⋈⊞⋈⊤∈∋⊤∈⊞≺⊞⊞≺∋⋈⋈∋⋈⋈⊞≺∋⊤⊥⊤∈⊤⊥⊞⊞⊥⊤⊥⊞∈⊤∈⊤∈⊤∈∋⋈⋈⋈≻∋∋∋⋈⊤∈⋈⋈∋⋈⊞⊤∈⋈⊞∈∋⊞⋈⋈⋈⋈⋈⋈≻⊤∈⋈⋈≺∋≻⋈⋈⋈⋈≺⊤∈⋈⋈⋈⋈⋈≻⋈⋈⋈⋈≺⋈∋∋⋈⋈⊞⋈⊞⊤∈⋈⋈⋈⋈⋈≻⋈≺∋⋈⊞⋈⋈⊙⊞⋈∋∋⊤∈⋈⊙∋⋈⋈⋈⋈≻⋈⊤⋈∈⋈⋈⋈⋈⊤∈⋈≻⋈∋⋈⋈⊞⋈⋈⊞⋈∈⋈≻≺∋∋∋⊣⋈⊞⋈⋈⋈≻⋈⋈⊤∈∋⋈⋈⊤∈⊤∈∋⊞⋈⋈⋈⋈⋈⋈⊣∋⋈⊞⋈⋈⋈⋈⋈⋈⊙
0xabacfc0	⊢⋈⋈⋈⋈⋈⋈⋈⊞⋈⋈⋈⋈⋈⋈⋈⋈⋈≻⊤∈⋈⋈⊤∈⋈⊞⋈⋈⋈⋈⋈⋈⊙⋈⋈⋈⋈⋈⊞⊡⋈⋈⋈⋈⋈≻⋈⋈⋈⊞∈⋈⋈⋈⋈⋈⋈⋈⋈⋈⋈⋈⋈⋈⋈⋈⋈⋈⋈⋈⋈⋈⋈⊡⊡⋈⊤⊥⋈⊤⊥⊞⋈∈⋈⋈⋈⊞⋈⋈⋈⋈≺∈⋈⊞⊥⋈⊞⊥⊞∈⋈⊤∈⊞⋈⊞⋈⋈⊙⊤∈⊞⊤∈⊤∈⊡⊡⋈⊞⊡⊞⊞⊤∈∋∋∋∋∋⊞⊞∈∋⋈⋈⊤⋈⋈⋈∈⋈⊤∈≺⋈⋈⊞⊥⊤⊥⊞∈⋈⊞⋈⊞⋈∈⊤∈⋈⊞⋈⊞⋈⋈⊤∈⋈⊤∈∋⋈⊤∈⋈⋈≻⋈≺⋈⋈⋈⋈⊙⋈⊞⋈⋈⋈≻⊤∈⋈⋈≻⋈⋈⋈⋈⋈≺∋∋⋈⊤∈⋈⋈⊤⋈∈⊞⊤⊥≺∋⋈⋈⋈⋈⋈⋈⋈⋈≻⋈⊞⊤∈⋈≺⋈≻⋈⋈⊤∈⋈⋈⋈≻⋈⊤∈∋⊤⊥⋈⋈⋈⊙⋈⋈⋈⋈⋈⊞⊥⊞∈⊤⊥⊞≺∋⊤∈⊤∈∋⊤∈⋈⋈⋈⋈⋈⋈≻⋈⋈⋈⋈⊞⋈⊞≺∋⋈≺∋⊞⊤∈⋈⋈⋈⋈⋈≻⋈⋈≺∋⊞⋈⋈⋈⊙⊞⋈⋈⋈⋈≻⊤∈⊤∈⋈⊙∋⊤⋈⋈∈⋈⊙⋈⋈⊡⊡⋈⋈∋⋈⊤∈⋈⊙≺⋈⋈≻≺⋈⋈⊞⊤∈⋈⋈⋈⋈⊤∈⋈⊙∋⊤∈⋈⊙∋⋈⊙⋈≺⋈≻⊤∈∋∋⋈⋈⋈≻∋∋⋈⋈⋈⋈≻⊤∈⋈⋈≻⋈⋈⋈⋈⊙⋈⋈⋈≺∋⋈⊤∈⋈⋈⋈⋈≻⊤⋈∈⋈⋈⋈⊤∈⋈≻∋⋈⋈⊞⋈⋈⊞⋈∈⋈≻≺⋈⋈⋈⋈≻⋈⋈⋈⊤∈⋈⋈⋈≻⊤∈⊤∈⋈⋈⋈⊙⊤∈⋈⋈⋈⋈⋈⋈⋈⊡⊡⋈⋈⋈⋈⊡⊡⋈≺∋∋⊤∈⋈⊙∋⋈∋⋈∋∋⊤⋈∈⋈⊙∋⋈≺⊞⊤∈∋≺∋∋∋⋈≺∋⋈∋∋∋∋∋⋈⋈⋈⋈≻⋈⋈⋈⋈⋈⋈⋈⋈⋈⋈⋈⋈⋈⋈⋈⋈⋈⋈⋈⋈⋈⋈⋈⋈⋈⋈⋈⋈⋈⊡⋈⋈⋈⊡⋈⋈⋈⋈⊡⊡⋈⋈⋈⋈⋈⋈⋈⋈≻⋈⋈⊤∈⋈⋈⋈⊙⊡⊡⋈⋈⊡⊡⋈⋈⋈⋈⊤∈≺∋⋈⋈≻⋈⋈⊙⊤∈∋⋈⊙∋∋∋⊞⋈⋈⋈⋈⋈⋈⊣
0xabc45d0	⊢⋈⋈⋈⋈⋈⋈⋈⋈⊤∈≻∋⋈⋈⋈∈⋈⋈⊤∈⋈⋈≻⊤∈⋈⋈⊤∈∋⋈≻≺∋∋⋈⋈⊞⋈⋈⋈⊞⋈⊤∈⋈⋈⋈≻∋⋈⋈≻⋈⊤∈⋈⊙∋⋈≻⋈⋈⋈⋈⋈⋈⋈⊞⋈⊞⋈⊞⋈⋈⋈⋈⋈⋈⋈⊞⊙⋈⋈⋈⋈⋈⋈≻⊤⊥⊤⊥⊞⊤⊥⊞⊞⋈⋈⋈⋈⋈⋈⊣⋈⋈⋈⋈⊞⋈⋈⋈⋈⋈⋈⊣
0xabcb4d0	⊢⋈⋈⋈⋈⋈⋈⊞⋈⋈⊤∈⋈⊞∈⊞⋈⊤∈⊤⋈∈∋∋∋⊤∈⋈⊞⊡∈∋⋈⋈⋈∈∈∈⊤∈⋈⋈⊤∈∋⋈⊡∈⋈⊤∈⊤⋈⊥⋈⋈⋈⋈⋈⊞⊞⊙⊤∈⊙⊤∈∋∋∋⋈⊤∈∋⋈⊞∈⊞⋈⋈⊤∈∋⊤⋈∈∋≺∋∋⊞⋈⋈⋈⋈⋈⊣
0xaba5960	⊢⋈⋈⋈⋈⋈⋈⋈⊞⋈⋈⊤∈⋈⊡∈⊞⋈⊤∈⊤⋈∈∋∋∋⋈⊞⋈⋈≺∈∈∈∈∈⋈⊞⊤∈⋈⊞⊞⋈⊤⊥⊞∈∋⊤⊥⊤⊥⊞⊤⊥⊤∈∋⋈⊡∈∋⊞⋈⋈⋈⋈⋈⋈⊣⊤∈⋈⋈⋈≻⊤∈⋈⋈⊞⊡∈∋≺∋⋈⊡∈⋈⊤∈⊤⋈⊥⋈⋈⋈⋈⋈⊞⊞⊙⊤∈⊙⊤∈∋∋∋⋈⋈⊤∈∋⋈⊡∈⊞⋈⋈⊤∈∋⊤⋈∈∋≺∋
0xab8cbb1	⊢⋈⊤∈⋈⊞⊤∈≻⋈≺⊤∈⊡⊡⊞⊞⊤∈⊞⋈∈⊤∈⊤∈∋⊞⊡⊞⊞⊞⊤⊥⊞⊞≺⊡⊞⊞⊞⊤∈∋⋈⊞⋈≺∋⊞⊞⋈⊞∈⊤∈⋈⊤⋈∈∋≺∋⋈≺∋∋∋∋⋈⋈⊣
0xab7b20d	⊢⋈⋈⋈⋈⋈⋈⊞⋈⋈⋈⋈⋈⋈⋈≻⋈⋈⋈⋈⋈⋈≻⋈⋈⋈⋈≻⋈≻⋈≻⊞⋈⋈⋈⋈⋈⋈⊣
0xab80696	⊢⋈⋈⋈⋈⋈⋈⊞⋈⊞⋈⊞⋈⊞⋈⊞⋈⊞⋈⋈⋈⋈⊞∈⋈⋈⊤⊥⋈⊤⊥⊞∈⋈⊡⊞⋈⊞⋈⋈⊤∈⋈⋈⊞⊞⋈⋈≺∋⊞⊤∈⋈⋈⋈≻⋈⋈⋈⊤∈⋈⋈≺⋈⋈⋈⋈⋈≻⋈⋈⋈⋈⋈⋈⋈⊤∈⋈⋈⋈⋈⋈⊙⋈⋈⋈⋈⋈⋈⊤∈⋈⋈⋈⋈⋈⋈⋈≻⋈⋈⋈⋈⊤∈⋈⋈⋈⋈⊙⋈⋈⋈⋈⋈⋈⋈⋈≻⋈⋈⋈⋈⋈⋈⋈⋈⋈⋈⋈⊤∈⊤∈⋈⊤∈⋈⋈⊞⊥⋈⊤⊥⊞∈⋈⋈⊤∈⋈⋈⋈⋈≻⊤∈⋈⋈⋈≺⊞∋⋈⋈≻⋈⋈≺∋⋈∋∈⋈⋈⋈⋈⋈⋈⋈⋈⋈⋈⊞⋈⋈⋈⋈⋈⋈⋈⋈⋈⋈⋈⋈⋈⋈⋈⋈⋈⋈⋈⋈⋈⋈⋈⋈⋈⋈⋈⋈⋈⋈⋈⋈⋈⋈≻⋈≻⋈⋈⋈⋈⊙⋈⋈⋈⋈⋈⋈⋈⋈⊙⊤∈⋈⋈⋈⋈⊙⋈⋈⋈⋈⊞⋈⋈∈⋈⊞⋈⋈≻⋈⊤∈⊤∈⊤∈∋⋈⋈⋈⋈⋈⊞⋈≻∋⋈⋈≻≺∋⊤∈⋈≻∋⋈⋈⋈⋈⋈⋈⋈≻⋈⋈⋈⋈≻⋈⊤∈⊤∈⊤∈∋⋈⋈⋈⋈⋈⊞⋈≻∋⋈⋈≻≺∋⊤∈⋈≻∋⋈⋈⋈⋈⋈⋈⋈≻⋈⋈⋈⋈⋈⋈⋈⋈⋈⋈⋈⋈⋈⊞⊤∈∋⋈⋈⋈⋈⋈⋈⋈⊙⋈≻⋈≻⊤∈⋈⋈⋈⋈⊙⋈⋈⋈⋈⊞⋈⋈∈⋈⋈⋈⊞⋈⋈∈⋈⊞⊞⋈⊞⋈⋈⊞⊤∈⊤∈⋈⊞⋈⋈⊤∈⊞⋈⊞⋈≻≺⊞⊞⊞⊞⋈⋈⋈⊞⊞⋈⊞⊞⋈⊞∈⊤∈⋈⋈⊤∈∋⋈⋈⋈⋈⋈⋈⋈≺∋⊞⊤∈∋⊤⋈∈⋈⋈⋈⋈⋈⋈≺∋⋈⋈⋈⋈⋈⋈⋈⋈⋈⋈⋈⋈⊞⊞∈⊤∈⊤∈⊤∈∋⋈⋈⋈⋈⋈⋈⋈≻⋈≺∋⋈⋈⋈⋈⋈⋈⋈⊤∈⋈⋈⊤∈∋⋈⋈≺⋈≺⊤∈⊤⊥⊤∈⋈⋈⋈⋈⋈≻⋈≺∋⋈⋈⋈⋈⋈⋈⋈⋈⋈⊤⊥⊤∈⋈⋈⋈⋈⋈∋⋈≻⋈⋈≺∋∋⋈⋈⋈⋈⋈⋈⋈⋈⋈⊤∈⋈⋈⋈≻⋈⊞⋈⊞⋈⋈≻⋈⋈⊞⊤∈∋⋈⋈⋈≻⊞⊞⋈⋈≻⋈⋈≺∋⋈⊞⋈⊞⋈⋈⋈⋈≻⋈⋈⋈⋈≻⋈⊤∈⋈⋈⋈≻∋⋈⊤∈⋈⋈⋈≻∋⋈⋈⋈⋈⋈⋈⋈⋈⋈⋈⋈⋈⋈≻⋈⋈⋈⋈⋈⋈⋈⊤∈⋈⋈⋈≻∋⋈⋈⋈⋈⋈⋈⋈⋈⋈⋈⋈⋈⋈⋈⋈≻⋈⋈⋈⋈⋈⋈⋈⋈⊤∈⋈⋈⋈≻∋⋈⊤∈⋈⋈⋈≻∋⋈⊤∈⋈⋈⋈≻∋⋈⊤∈⋈⋈⋈≻∋⋈⊤∈⋈⋈⋈≻∋⋈⋈⊤⋈⋈∈∋⋈⋈⋈⋈⋈⋈⋈⋈⋈⋈⋈⋈⋈⋈⋈⋈∋∋⋈⋈⋈⋈⋈⋈⋈⋈⋈⋈⊞⋈⋈⋈⋈⊞⊞⊤∈∋⋈⋈⋈⋈⋈⊙⊞⋈⊞⋈⋈⊙⋈⋈⊤∈∋⋈⋈⋈⋈⊙⊞⋈⋈⋈∈⊞⋈⊞⋈⋈⊞⋈⊞⊞∈⋈⊤∈⊞⊞⊤∈∋∋⊞⊞∈⊤∈⊤∈⋈⊞⋈⊞⊞⋈⋈⊞⊞⊞⊞⊞⊞⊞⊞⋈⋈≻≺⊞⊞⊤∈∋≺∋⋈⊤⊥⊤⊥⊤∈⋈⋈⋈⋈⋈⋈≻≺∋⋈⋈⋈⋈⋈⋈⋈⋈⋈∋⋈⋈⋈⋈⋈⋈⋈⋈⋈⊞⋈⋈⋈⋈⊞⊤∈∋⊤∈∋⋈⊤⋈∈⋈≺⊤∈⋈⋈⊞⊥⊞⊤⊥⊞∈⊤∈⋈⊞⋈⋈⋈≻⊤∈⋈⋈≺∋⋈⋈⋈⊙⊞∋⋈⋈≻∋⋈⊞∋⋈⋈⋈⊙⋈⋈⋈⋈≺∋⋈⋈⋈≺⋈⋈⋈≺∋∋∋⋈⋈⋈⋈⊙⋈⋈⋈⊙⋈⋈⋈⋈⋈⋈⋈⋈≻≺⋈≻≺⋈⋈⊙⊤∈⋈⋈⋈⋈⋈⋈≺∋∋∋⋈⋈⋈⋈⋈⋈∋⋈≻≺∋∋⋈⋈⊙⊤∈∋⋈⋈≻∋⋈⋈≻∋⋈⋈≻⋈⋈⋈⋈⋈⋈⊞⋈⋈⋈⋈⋈⋈⋈⋈⋈⋈⋈⋈⊞∈⋈⊤∈⋈⋈⋈⊤∈⋈⊤∈⋈⋈≺∋⊞∈⊤∈⋈⊤⋈∈∋∈∋∋⋈⊤∈⊤∈⊤∈∋⋈⋈⊤∈⊤∈⊤∈∋⋈⋈⊤∈⋈⋈⋈⋈⋈⋈≺⋈⋈⊤∈⋈⋈⋈⊞⋈⋈⋈⋈⋈≺∋∋⊤∈⋈⋈⋈⋈⋈⋈⋈≺⋈⋈⊤∈⋈⋈⊞⋈⋈⋈≺∋∋⊤∈⋈∈⊞⋈∈⊤∈⊞⊤∈≺⋈⊤⋈∈∋∈∋∋⋈⋈⋈⋈⊤⋈⋈⋈⋈⋈⋈⋈⋈∈⊤∈⋈⋈≺⊤∈⋈⊞⋈⋈≺∋∋⊤∈⋈⋈≺⊤∈⋈⊞⋈⋈≺∋∋⊤∈⊞⊙⋈⋈⋈⋈⊤∈⊤∈⋈⋈≺⊤∈⋈⊞⋈⋈≺∋∋⊤∈⋈⋈⋈⋈≺⋈⋈⊤∈⋈⋈⊞⋈⋈⋈≺∋∋⊤∈⊞⊙⋈⋈⋈⋈⊤∈∋∋∋∋⋈⊤∈⋈⋈⋈≻⋈⋈⋈⋈∋⋈⋈⋈⋈⊤∈⊤∈⋈⊤∈⋈⋈⊞⊥⋈⊤⊥⊞∈⊤⋈∈⋈⋈⋈⋈≻⋈⋈⊤∈⋈⋈≺∋⋈⋈⋈⊙⋈⋈⋈⋈⋈⋈⋈≺⊞∋⋈⋈≻⋈⋈≺⋈≺∋∋⋈∋⋈⊤∈⋈⊤∈∋⋈⋈⋈⊤∈⋈⋈⋈⊞⊥⋈⊤⊥⊞∈⋈⋈⊤∈⋈⊞⋈⋈⋈≻⋈⋈⊤∈⋈⋈≺∋⋈⋈⋈⊙⋈⋈⋈⋈⋈⋈⋈⋈≺⊞∋⋈≻⋈⋈⋈⋈≺⋈⋈⋈≺∋∋⋈∋⋈⋈⊞∈⋈⊤∈⋈⋈⋈⋈⋈⋈⋈≻⋈⋈⋈⋈⋈⋈⋈⋈∋⋈⊤∈⋈⋈⋈⋈⋈⋈⋈≻⋈⋈⋈⋈⋈⋈⋈⋈∋∋⋈⋈⋈⋈⋈⋈⋈⋈⋈⋈∋⊤∈⊤⊤≺∋⋈∈⋈⋈⋈⊤∈⋈⊤∈⊤∈⊤∈⋈≺∋⊞∈⊤∈⋈⊤⋈∈∋∈∋∋⊤∈∋⊤⊤≺∋⋈⋈∈⊤∈⊤∈⊤∈∋⊤∈⋈⋈⋈≺⊤∈⋈⊞⋈⊞⋈⋈⋈⋈≺∋∋⊤∈⋈⋈⋈≺⊤∈⋈⊞⋈⊞⋈⋈⋈⋈≺∋∋⊤∈⊞∈⊤∈⊞⊤∈⋈⊤⋈∈∋∋∈∋⋈⊤∈⊤∈⋈⊤∈⋈⋈⊤⊥⋈⊤⊥⊞∈⋈⊤∈⋈⋈⋈⋈⋈≻⋈⋈⊤∈⋈⋈≺∋⋈⋈⊙⋈⋈⋈⋈≺⊞∋⋈≻⋈⋈⋈≺∋∋⋈∋⋈⊤⋈⋈∈⊤∈∋⋈⊤∈⋈⋈⊤⊥⋈⊤⊥⊞∈⋈⊤∈⋈⊞⋈⋈⋈≻⊤∈⋈⋈≺∋⋈⋈⋈⊙⋈⋈⋈⋈⋈⋈≺⊞∋⋈≺⋈⋈⋈≺∋∋⋈∋⋈⋈⋈⋈⋈⋈⋈⊤⋈⋈∈⊤∈⋈⊤∈⋈⋈⊤⊥⋈⊤⊥⊞∈⊞⋈⋈≺⋈≺∋∋⋈∈⋈⋈⋈⋈⊤∈⊤∈⊤∈⋈⋈⊤⊥⋈⊤⊥⊞∈⋈⋈≺⋈≺∋∈⋈∈⋈⋈⋈⋈⋈⋈⋈≻⋈⋈⋈⋈⋈⊞⊞⋈⊤⋈⋈∈⋈⋈⋈⋈⋈⋈⊞⊤⋈⊥⊤⋈⋈⋈⋈⊥⊥⋈⋈⊤⊥⋈⋈⋈⊤⊥⊞⋈⋈⋈⋈⋈⋈⋈⋈∈⋈⋈⊤∈⋈⋈⋈⋈⋈⋈⋈⋈⋈⋈⊤⋈⊥⋈⋈⋈⊤∈⋈∋⊤∈⊤⋈⋈⊥⊤⊥⊤⋈⋈⊥⊤⊥⋈∈⊤∈⋈⊤⋈∈∋∋∈⊤∈⊤⋈⋈⊥⊤⊥⋈∈⊤∈⋈⊤⋈∈∋∋∈∋⊤⋈∈⊤⋈∈⋈⊤∈⋈⋈⊤⊥⊤⊥⊞∈⊞⋈⊤∈⋈⊞⋈⋈⋈⋈≻⊤∈∋⋈⋈≻∋⋈⋈⊤∈⋈⊞⋈⋈⋈≻⋈⋈⊤∈∋⋈≻∋⋈∋⋈⋈≺∋⋈⋈⋈⊙⋈⋈⋈⋈≺∋⋈⋈≺∋⋈⋈⋈⊙⋈⋈⋈≺⋈⋈≺∋⋈⋈∋⋈≺∋⋈⋈⋈⊤∈⋈⊤∈⋈⊤∈⊤∈⊞⋈⋈⊤∈⋈⊞⋈⋈⋈≻⊤∈⋈≺∋⋈⋈≻∋⋈⊤∈⋈⊞⋈⋈⋈≻⊤∈⋈⋈⋈≺∋⋈⋈⊙⋈≺∋⋈⋈≺∋⋈⋈⋈⊙⋈⋈⋈⋈⋈⋈≺⋈⋈≺⋈≺∋∋⋈∋⋈⋈⋈⊤∈⊤∈⋈⋈⋈⊤∈⋈⋈⊤⊥⊤⊥⊞∈⊞⋈⊤∈⋈⊞⋈⋈⋈⋈≻⊤∈⋈≺∋⋈⋈≻⋈⋈≺∋⋈⋈⋈⊙⋈≺⋈⋈⋈≺⋈⋈≺∋∋⋈∋⋈⋈⋈⋈⋈⋈⋈≻⋈⋈⋈⊤∈⋈∋⋈⋈⋈⊤⋈∈⋈∋⊤∈⊤⋈⋈⊥⊤⊥⊤⋈⋈⊥⊤⊥⊞⋈⊙⋈⊤∈⊤∈⋈⋈⋈⋈≻∋⊤∈⋈⋈⊞∈⊤∈∋⋈⋈⋈≻⋈⊤∈⋈⊤∈⋈⋈⊞⋈⊤∈∋⊞⋈∈⋈⊞⊞∈∋⊞⊤⊥≺∋⊤∈⋈⋈⋈⋈⋈≻⋈∋⋈⊤∈⋈⋈⋈⋈≻⋈∋⋈⋈⋈⋈≺∋∋⋈∋⊤∈⋈⋈⋈⋈≻⋈⋈⋈∋⊤∈⋈⋈⋈⋈≻⋈∋⋈⋈⋈⊤∈∋≺≺∋∋∋∋∋∋∋⋈⋈⊙⊤∈⋈⋈⋈⋈⊙⋈⋈⋈⋈≺≺∋∋∋∋∋∋∋∋∋⋈⋈⊙⊤∈∋⋈⋈≻∈⋈⊞∈∈⊤∈⊡∈⊤∈⋈⋈⊞⊤∈⋈⋈⋈⊤⋈⋈∈∋∋∈∋⋈⋈≻⋈⋈⋈≻⋈⋈⋈⋈⋈∋∈∈⋈⊤∈⋈⋈≺⊤∈⋈⊞⋈⋈≺∋∋⋈⋈⊤∈⋈∋⊤∈⊤⋈⋈⊥⋈⊤⊥⊞∈⊤∈⋈⊤⋈∈∋∋∈⋈⋈⋈≻⊤∈∋∋⋈⋈⋈⋈⋈⋈⋈⋈⋈⋈⋈≻⋈⋈⋈⊤∈⋈⋈⋈≻∋⋈⋈⊤∈⋈⋈⋈≻∋⋈⋈⋈⋈≻⋈⋈⋈≻⋈⋈⋈⋈⋈≺∋⋈≻⋈⋈⋈⋈⋈⋈⋈⋈⋈⋈⋈⋈⋈⋈⋈⋈⋈⋈⋈⋈⋈⋈⋈⋈⋈⋈⋈⋈⊤∈⋈⋈⋈≻∋⋈⋈⊤∈⋈⋈⋈≻∋⋈⋈⊤∈⋈⋈⋈≺∈≻∋∈⋈⋈⊞⊞⋈⊞≻⋈⋈⋈⋈≻⋈⋈≺∈⋈⊤∈⋈⋈⋈≻∋⋈⊤⋈∈⋈⋈≻∋⋈⊤∈⋈⋈⋈≻∋⋈⋈⊞⋈⊞⊞∈⋈⋈⋈⋈⋈⋈⋈⋈⋈⋈⋈⋈⋈⋈⋈⊡≺⊤∈⋈⋈⋈⋈⋈⋈≺∋⋈∋⊤∈⋈⊤∈⋈⋈⋈≻∋⋈⊤∈⋈⋈⋈≻∋⋈⋈≻∋⋈⋈⋈⊤∈∋⋈⋈⋈⋈⋈⋈≺⋈⋈⋈⋈⋈⋈⋈⋈⊤∈⋈⋈⋈⋈⋈⋈⋈⋈⋈≺⋈⋈⋈⋈≻⋈⋈⋈≻⋈⋈⋈⋈≻⋈⋈⋈⋈⊞⊞⋈⋈⋈⋈⋈⊤∈⋈⋈⋈⊤⋈⊥⊤∈∋⊞⋈⋈⋈≺∋⋈⋈⋈⋈⋈⋈⋈∈⋈⊞⋈⊤∈⋈⋈⋈⋈⋈⋈⋈⋈⋈⊤⋈⊥⊤∈⊤∈⊤⋈⋈⊥⋈⋈⊥⊤⊥⋈⊥⊞∈⋈⊤∈⊤∈⋈⊤⋈∈∋∈∋∋⊤∈⊤⋈⋈⊥⊤⊥⋈∈⊤∈⋈⊤⋈∈∋∋∈∋⋈⋈⋈⋈⋈⋈≻⋈⋈⋈⋈⋈⋈⋈≻⋈⋈⋈⊤∈⋈∋⋈⋈⋈⊤⋈∈⋈∋⊤∈⊤⋈⋈⊥⊤⊥⊤⋈⋈⊥⊤⊥⊞∈⊤∈⊞⊤∈⋈⊤⋈∈∋∋∈∋⋈⋈⋈⋈⋈⋈⋈∋⋈⋈⋈⋈⋈⋈⋈≺∋⋈⋈⋈≻⋈⋈⋈⋈⋈⊤∈⋈⋈⋈≻∋⋈⋈⋈⊤⋈⋈⋈⋈∈⋈∋⊤∈⊤⋈⋈⊥⊤⊥⊤⋈⋈⊥⊤⊥⊞∈⊤∈⋈⊤⋈∈∋∋∈∋⋈⊤∈⊤∈⋈⋈⊤∈⋈⋈⊤⊥⋈⊤⊥⊞∈⊞⊤∈⋈⋈⊞⋈⋈⋈≻⋈⊤∈∋⋈≺∋⋈⋈≻⋈≺∋⋈⋈⋈⋈⊙⋈⋈⋈⋈≺⋈⋈⋈⋈≺⋈≺∋⋈∋∋⋈⋈⋈⊤∈⋈⊤∈⋈⊤∈⋈⋈⊤⊥⋈⊤⊥⊞∈∋⊞⊤∈⋈⋈⊞⋈⋈⋈≻⋈⊤∈⋈≺∋⋈⋈≻∋⋈⋈⋈⋈⋈⋈⋈⋈⋈⋈⋈≻⋈⋈⋈⋈⋈⊤∈⋈⋈⋈≻∋⋈⊤∈∋⊤∈⋈⋈⋈⋈≻⊤∈∋∋∋⋈⋈⋈⋈⋈⋈⋈⋈⋈⋈⋈≻⋈⋈⋈⋈⋈⋈⊤∈⋈⋈⋈≻∋⋈⊤∈⊤∈⋈⊤∈⊤∈⊞∈⋈⋈≻∋⊤∈⋈⊞⋈⋈⋈≻⊤∈∋⋈⋈≺∋⋈⋈⋈⊙⋈≺⋈⋈⋈⋈≺∋⋈∋⋈∋⋈⋈⋈⋈⋈⋈⋈⋈⋈⋈≻⋈⋈⋈⋈≻⋈⋈⊤∈⋈⋈⋈≺⋈⊤∈⋈⊞⋈⋈≺∋∋⊤∈⊞⋈⋈⋈⊙⊤⊥≺∋⋈⊤∈⋈⋈⋈⋈≻∋⊤∈⋈⋈⊤∈⊤∈⋈⋈⊤∈⋈⋈⊤⊥⊤⊥⊞∈∋⊞⊤∈⋈⊞⋈⋈⋈≻⊤∈∋∋⋈⋈⋈≺∋⋈⋈⋈⊙≺⋈⋈≺⋈≺∋∋⋈∋⋈⋈⋈⋈⋈⋈≻⋈⋈⋈⋈⋈⋈⋈⋈⊤∈⊤∈⋈⊤∈⋈⋈⋈⊤⊥⊤⊥⊞∈⊤∈⋈⊞⋈⋈⋈≻⊤∈⋈⋈≺∋⋈⋈⋈⊙⋈≺⋈⋈⋈≺∋⋈∋∋⋈⋈⋈⋈⋈⋈⋈≻⋈⋈⋈≻⋈⊤∈⊤∈⋈⊤∈⋈⋈⋈⊤⊥⊤⊥⊞∈⊤∈⋈⊞⋈⋈⋈≻⊤∈⋈⋈≺∋⋈⋈⋈⊙⋈≺∋⊞∋∋⋈≺∋∋⋈≻∋⋈∋⋈∋⊞⊞⋈⊞≻⋈⋈⋈⋈≻⋈⋈∋⋈⋈⋈⋈≺∋⋈∋⋈∋⋈⋈⋈⋈⋈⋈⋈⋈≻⋈⋈⊤∈⋈⋈⋈⋈≺⋈⊤∈⋈⊞⊞⋈⋈⋈≺∋∋⋈⊤∈⋈⋈⋈⋈⊤⋈⋈⊥⋈≺∋⊤∈⊞∈⊤∈∋⋈⊤⋈∈∋∋∈∋⋈⊤∈⋈≺∋⊤∈∋⋈⋈≺∋⋈⋈⋈⋈⋈⋈⋈⋈⋈⋈⋈≻⋈⋈⋈≺∋⊤∈⋈⋈⋈≻≺∋⋈⋈⋈⋈⋈⋈⋈⋈⋈⋈⋈≻⋈⋈≺∋∋⋈⋈⊤∈⋈⋈⋈≻∋⋈⋈⊤∈⋈⋈⋈≻∋⋈⊤∈∋⋈⋈⋈⋈∋⋈≺∋⋈⋈⋈⋈⊙⋈⋈⋈⋈≺⋈⋈≺⋈≺∋∋⋈∋⋈⋈⋈⋈⋈⋈⋈⋈⋈≻⋈⋈⋈⋈⋈⋈⋈⋈⋈≻⋈⋈⋈⋈⋈⊤∈⋈⋈⋈≻∋⋈⊤∈⋈⋈⋈≻∋⋈⋈⊤⋈⋈⊥⋈⊤⋈⋈∈⋈⋈∋⋈⋈⊤∈⊤⊥⊤⊥⊞∈⋈⊤∈⊤∈⋈⋈⋈⋈≻⋈⋈⋈⋈≺⋈⋈⋈⋈⋈⋈≻⋈⋈⋈⋈⋈⋈⋈⋈⋈≺⋈⋈⋈∋⋈⋈⋈≻⋈⋈⊤⊥⋈⊤∈∋⋈⋈⋈⋈⋈⋈≻⋈⋈⋈⋈⋈⋈⋈⋈⋈⋈⋈⋈≺∋⋈≺∋∋⊤∈⋈⋈≻∋⋈⋈⋈⊤⋈⋈⋈∈⋈∋⊤∈⊤⋈⋈⊥⊤⊥⋈∈⊤∈⋈⊤⋈∈∋∋∈∋⋈⋈⋈⊤∈⋈⋈⋈≻⋈∋⋈⋈⋈⋈⋈⋈⋈⋈≻⋈⊤∈⋈⊤∈⊤∈⋈⋈≻⊤∈⊤∈∋⋈⋈⋈≻⋈⋈⋈⋈⋈⋈⋈≻⋈⋈⊤∈⋈⊤∈⊤∈∋⋈⋈≻⋈⋈≻⊤∈⊤∈∋⋈⋈⋈⋈⋈⋈≻⋈⋈≺≺∋∋⋈⋈⋈⋈≻⋈⋈⋈⋈≻⋈⋈⊤∈⋈⋈⋈≻∋⋈⋈⊤∈⊤∈⋈⋈⊤∈∋⋈⊤∈≺∋∋⋈⋈⋈⋈⋈⋈≻⋈⋈⋈⋈⋈⋈⋈≻⋈⋈⋈⊤∈⋈⋈⋈≻∋⊤∈⋈⋈⋈⋈⋈⋈⋈⋈⋈⋈≻⋈⋈⋈⋈⋈⋈≻⋈⋈⋈⋈⋈⋈⋈⋈⋈⋈⋈⋈⋈⋈⋈⋈⋈∈⋈⊤∈⋈⋈⋈⋈⋈≻⋈⋈⋈≻⋈⋈⋈⋈⋈≻⊤∈⋈⋈≻⊤∈⋈⋈⋈⋈⋈⋈⋈⋈⋈≻⋈⋈⋈⋈⋈⋈⋈≻⋈⋈⋈⊡⋈≻⋈⋈⊤∈⋈≺∋⋈⋈⊤∈⋈⋈⋈≻∋⊞⊞⊤∈∋⋈∋⋈⋈≻⋈⋈⊤∈⋈⋈⋈≻∋⋈⋈⊤∈⋈∋∋⋈⋈≻⋈∋⋈⋈⋈⋈⋈⋈≻⋈⋈⋈⊤∈⋈⋈⋈⋈≻∋∋⋈⋈⊤∈⋈∋⋈⋈≻∋∋⋈⋈⊤∈⋈⋈⋈≻∋⋈≻≺≺∋∋∋⋈⋈⊤∈⋈⋈⋈≻≺⊤∈⋈⋈≻⋈⋈∋⋈⊤∈⋈⋈⋈⊤∈⋈⋈≻⋈⋈⋈∋⋈⊤∈⋈⋈⋈≺∋≻⋈⋈∋∋⋈∋∋∋⊤∈⋈⋈⋈≻⋈⋈⋈∋⊤∈⋈⋈⋈⋈⋈≻⋈⋈⋈≺∋∋⊤∈∋≺⋈∋∋⋈∋∋⋈≻∋⋈⋈≺⋈⋈⋈⋈⊙⋈⋈⋈∋⊞⋈∋∋∋⊞⋈⋈⋈⋈⋈⋈⊣⋈⋈⋈⋈⋈⋈⋈⋈⋈∋⋈⋈⋈⋈⋈⋈∋⋈⋈⋈⋈⋈⋈⊞⋈∋⊞⋈⋈⋈⋈⋈⋈⊣
0xab7a6a0	⊢⋈⋈⋈⋈⋈⋈⊞⋈⊞⋈⊞⋈⋈⋈⋈⋈⋈≻⋈⊤∈⋈⋈⊞⋈⋈⊞∈⋈⋈⊞⊞⊞∈⋈⋈≻⋈⋈⋈⋈⋈⋈⋈⋈⊞⊤∈∋⋈⋈≻⋈⋈⋈⋈⋈⊙⋈⋈⋈⋈⊙⋈⊞⊞⊞⊞⋈∈⋈⊞⋈⊞⋈⋈⊙⋈⊞⋈⊤∈∋⋈⋈⊞⊞⊤⋈∈∋⋈⋈⋈⊤∈⊞∈⋈⋈≻∋⊤∈⋈⊞⋈⋈⋈⋈≻⋈⋈⋈⊤∈∋≺∋⋈⋈⋈⋈⊤⋈⋈∈⋈⋈⋈⊞⋈∈⋈⋈≻⊤∈⋈⊞⊞⋈⋈⋈⊞⋈∈⋈⋈⋈⋈⊞∈⋈⋈⋈⋈⋈≻⋈⊤∈⋈⋈⋈⋈⋈⋈⋈⋈⋈⋈⋈⊙⊤∈⋈⋈⋈⋈⋈⋈⋈⋈⋈⋈⋈⋈⋈⋈⋈⋈⊤∈∈∈⋈⊞⋈⋈⋈≻⋈⊤∈⋈⋈⋈⋈⋈⋈⋈⋈⋈⋈⊤∈⋈⋈⋈⋈⋈⋈≻⋈⋈≺∋⋈⋈⋈⋈⋈⋈⋈⋈⋈⋈⋈⊞⋈⊤∈∋≺⊤∈∋≺∋∋⋈⋈⋈⋈⊤∈∋⋈⊞⊞≺∋⋈⋈⋈⋈⋈⋈⋈⊤∈∋⋈⋈⋈⋈⋈⋈⋈⋈⋈⊤⋈∈∋⋈⋈⋈⋈⋈≺∋⋈⋈⋈⋈≻⋈⊤⋈⋈∈⋈⋈∈⋈⋈⋈⊞⊥⊤∈⊤∈∋⋈⋈⊙⊤∈⋈⋈⋈⋈⋈⋈⋈⋈⋈⋈⋈⊞⋈⋈≻⊡⊞⊞⋈⋈⊞⋈⋈∈⋈⋈⋈⊤∈⊞⋈⊞⋈⊤∈⋈⋈⋈⊤⋈∈⊞⋈⋈⊞⋈⋈⊞⋈⋈⋈⋈⋈⊞⊞⋈⋈⊞∈⋈⋈⊞⊤∈⋈⋈≻∋⋈⋈≻∋⋈≻∋⋈⋈⋈≻∋⋈⋈≻∋⋈⋈≻∋⋈⋈≻⊞⊞⋈⊞⋈⋈⋈≻⋈⋈⋈⋈⋈⋈⋈⋈⋈⋈⋈⋈≻⋈⋈⋈⋈⋈⋈⋈⊤∈⋈⋈⋈≻∋⋈⋈⋈⋈⋈⋈⋈⋈⋈⋈⋈⋈⋈≻⋈⋈⋈⋈⋈⋈⋈⊤∈⋈⋈⋈≻∋⊞⊤∈∋≺∋⋈⋈⋈⋈⋈⋈⊞⋈⋈⋈⋈⋈⋈⊞⊤⋈⋈⋈⋈∈∋⋈⋈⋈⋈⊙⋈⋈≻⋈⋈⋈⊙⋈⊤∈∋∋⋈⋈⋈⊙≺∋⊤∈⊞∈⋈⋈⋈⋈⊤∈⋈⋈⊞∈⋈⊞⋈⋈⋈⊤∈⊞⋈∈⋈⊤∈⋈⋈⋈≻⋈∋⋈⊤∈⋈⋈⋈≻⋈∋⊞⊞∈∋⋈∋⊞⋈⋈⋈⋈≻⊤∈∋⋈⋈⋈⋈∋⊞⋈⋈⋈⋈≻⊤∈∋∋⋈⋈⋈⋈≻⋈⊤∈⊞⋈⋈∈⋈⋈≻⋈⊞⊞⊤∈∋∋⋈⋈⋈⋈≻⊞⋈⋈⋈⋈⋈⋈⊣
0xabd21b9	⊢⋈⋈⋈⊞⋈⋈⋈⋈⋈⋈⋈≻⋈⊤∈⋈⊞⋈⋈⊞⋈⊙⊤⊥≺∋⋈⋈⋈⋈≻⋈⊞⋈⋈⋈⊣
0xabc4750	⊢⋈⋈⋈⋈⊞⋈⋈⋈⊤⋈⊥⋈⋈⋈⋈⋈≻⊤∈⋈⋈≻⋈⋈⋈⊞⋈⋈⋈⊣
0xabc53f0	⊢⋈⋈⋈⋈⊞⋈⋈⋈⊤⋈⊥⋈⋈⋈⋈⋈≻⊤∈⋈⋈≻⋈⋈⋈⊞⋈⋈⋈⊣
0xabc55f0	⊢⋈⋈⋈⋈⊞⋈⋈⋈⊤⋈⊥⋈⋈⋈⋈⋈≻⊤∈⋈⋈≻⋈⋈⋈⊞⋈⋈⋈⊣
0xabc18a0	⊢⋈⋈⋈⋈⊞⋈⋈⋈⊤⋈⊥⋈⋈⋈⋈⋈≻⊤∈⋈⋈≻⋈⋈⋈⊞⋈⋈⋈⊣
0xabc03e0	⊢⋈⋈⋈⋈⊞⋈⋈⋈⊤⋈⊥⋈⋈⋈⋈⋈≻⊤∈⋈⋈≻⋈⋈⋈⊞⋈⋈⋈⊣
0xab6f08e	⊢⋈⋈⋈⋈⋈≻⋈⊤∈⋈⋈≻⋈⋈⋈⋈⋈≻⋈⊤∈⋈⋈≻⋈⊣⋈⊣
0xabb8020	⊢⋈⋈⋈⋈⊞⋈⋈⋈⊤⋈⊥⋈⋈⋈⋈⋈≻⊤∈⋈⋈≻⋈⋈⋈⊞⋈⋈⋈⊣
0xaba3c9e	⊢⋈⋈⋈⋈⋈≻⋈⊤∈⋈⋈≻⋈⊣
0xabb82f0	⊢⋈⋈⋈⋈⊞⋈⋈⋈⊤⋈⊥⋈⋈⋈⋈⋈≻⊤∈⋈⋈≻⋈⋈⋈⊞⋈⋈⋈⊣
0xabc4560	⊢⋈⋈⋈⋈⊞⋈⋈⋈⊤⋈⊥⋈⋈⋈⋈⋈≻⊤∈⋈⋈≻⋈⋈⋈⊞⋈⋈⋈⊣
0xab8b808	⊢⋈⋈⋈⋈⋈⋈≻⋈⊤∈⋈⋈≻⊞∈⋈⋈⋈⋈⋈⊞⋈⋈⋈⋈⋈⊤⊥⊞⊤⊥⋈⊤⊥⋈⋈⋈⋈⋈≻⊤∈⋈⋈⋈⋈⋈⋈≺∋⊞⋈⋈⋈⋈⊣⊞⊣⋈⊣
0xab8b9ad	⊢⋈⋈⋈⋈⋈⋈≻⋈⊤∈⋈⋈≻⋈⋈⋈⋈⋈⋈⋈⊞⋈⋈⋈⊤∈⋈∈⋈⋈⊤∈⋈⋈⋈≻⊞⋈⋈⋈⋈⋈⋈⋈⋈⋈⊡⋈∈⋈⋈⊞⋈∈⊤∈⋈⊤⊥⊞⊞⊞⊤∈∋⋈⊤∈≺∋⊞∈⋈⋈⋈⋈⋈⊤∈⋈⋈⋈⋈≻≺⋈⊤∈⋈∈∋⋈⋈⋈⋈⋈≻⋈⋈≺⋈⋈⊤∈⋈⋈⋈⋈≻⊞⋈⋈⋈⋈≻⊞≺∋⋈∋⋈⋈⋈⋈⋈⋈⋈⋈⋈≻⋈⋈⋈⋈⋈⊡⊤∈⋈⋈⋈⋈⋈⋈⋈⋈∈⊡⋈⊤∈⋈⋈⋈⋈⋈⋈⊤∈⋈≻≺⋈⋈≻⋈⋈⋈⋈⋈⋈⋈⊞∈⋈⋈≻≺⋈⋈⋈⋈⊤∈⋈⋈⋈≻⋈⋈⋈⋈⋈⋈⋈⋈⋈⋈⊞⋈⊡⋈⋈⋈≺⊤∈⋈⋈⋈≻≺⋈⊤∈⋈⋈⋈⋈≻≺⊞⋈⋈⋈⊤∈⊤∈⋈⋈⋈≻⊞≺⋈⊤∈⋈⋈⋈≻⊞∋⋈∋⋈⋈⋈≻⋈≺∋⋈⋈⋈⋈≻⋈⋈⋈⋈⋈⋈⊡⊤∈∋∋∋∋∋⊡⋈⋈⋈⋈⋈⋈⋈⋈≺∋⋈≺∋⊤∈⋈⊤∈⋈∈⋈⋈⊞⋈∈⊤∈⋈⊤⊥⊞⊞⊞⊤∈∋⋈⊤∈≺∋⊞∈∋∋⊤∈⋈≻∋⊞⊞⋈⋈⊡⋈≺∋⊞⋈≺∋∋∋⋈⊤∈⋈⋈⋈⋈≻≺∋∋⋈⊞⋈⋈⋈⋈⋈⋈⊣⋈⊣
0xabc9d80	⊢⋈⋈⋈⋈⊞⋈⋈⋈⊤⋈⊥⋈⋈⋈⋈⋈≻⊤∈⋈⋈≻⋈⋈⋈⊞⋈⋈⋈⊣
0xabb27e0	⊢⋈⋈⋈⋈⊞⋈⋈⋈⊤⋈⊥⋈⋈⋈⋈⋈≻⊤∈⋈⋈≻⋈⋈⋈⊞⋈⋈⋈⊣
0xabc4ad0	⊢⋈⋈⋈⋈⊞⋈⋈⋈⊤⋈⊥⋈⋈⋈⋈⋈≻⊤∈⋈⋈≻⋈⋈⋈⊞⋈⋈⋈⊣
0xab766b8	⊢⋈⋈⋈⋈⋈≻⋈⊤∈⋈⋈≻⋈⋈⋈⋈⋈⋈⊞⋈⋈⋈⋈⋈⋈⋈⋈⋈≻⋈⋈⊞⋈∈⋈⋈⊞⋈⋈⋈⊤∈⋈≻∋⊞⋈⋈⋈⋈≻⋈⋈⋈⊤∈⋈⋈⊞⋈⋈⋈⊤∈⋈≻∋⊞⋈⋈⋈⋈≻⋈⋈⋈⊤∈⋈⋈⊞⋈⋈⊤∈⋈≻∋⊞⋈⋈⋈⋈⋈⋈≻⋈⊤∈⋈⊞⋈⋈⋈⊙⋈⊤⊥≺∋⋈⋈⋈⋈⋈⋈⋈⋈⋈⋈⋈⋈⋈⋈⋈⋈⋈⋈⋈≺⋈⋈⋈⋈≻⋈⋈≺∋⋈⋈⊞⋈⋈⋈⋈⋈⋈≺⋈⋈∋⊞⋈⋈⋈⋈⋈⋈⊣⋈⊣
0xabc5140	⊢⋈⋈⋈⋈⊞⋈⋈⋈⊤⋈⊥⋈⋈⋈⋈⋈≻⊤∈⋈⋈≻⋈⋈⋈⊞⋈⋈⋈⊣
0xabd5c79	⊢⋈⋈⋈⋈⋈≻⋈⊤∈⋈⋈≻⋈⋈⋈⋈⋈⋈⊤∈⊞∈⋈⋈≻∋⋈⋈∈⋈⊞⋈⋈⋈≻⋈⋈⊤∈∋≺∋⋈⋈⋈⋈⊙⋈⊞⋈⋈⋈⋈⊣⋈⊣
0xabd0430	⊢⋈⋈⋈⋈⋈≻⋈⊤∈⋈⋈≻⋈⋈⋈⋈⋈⋈⊞⋈⋈⋈⋈⋈≻⋈⋈⋈⋈⋈⋈⋈≻⋈⋈⋈⋈⊞≻⊤∈⋈⋈⊞⋈⋈⋈⊞∈⊤∈⋈⊞⋈⊞⊞∈⊤∈⋈≻⋈⊡⊞⊞⊞⋈⊞⋈⊞⊞⋈⊤∈∋⊤∈⋈⊞∈⊤∈∋⋈≻⋈⋈⋈⋈⋈⋈⊞⋈⋈⋈⋈⊞⋈⋈⋈≻⊤∈⋈⋈≻⋈⋈⋈⋈⋈⋈⊞⋈⊞⋈⊞⋈⊞⊥⋈⊤⊥⊞∈⊞∈⋈⋈≻∋⋈⋈⊤⋈∈⋈⊞⋈⋈⋈≻⊤∈∋≺∋⋈⋈⋈⊤∈⋈⋈⊞⋈∈⋈⊞∈⊞⋈⊞⊤∈⋈≻⋈∋⊞⋈⊞⋈⊤∈∋⊞⊤∈∋∋⋈⊤∈⊤⋈∈⊤∈⋈≻∋⋈⋈⋈⊞⋈⋈∈⋈⊞∈⊤∈⊞⊞⊤∈∋≺∋⋈∋∋⋈∋⋈⋈⋈⋈⊞⋈⋈⋈⋈⋈⋈⊣⊞⋈⋈⋈⊤∈⋈⋈⊞⊞⋈⊞∈⋈⊞⋈⊞⊞∈⋈⋈⊞⊤⊥⊞⊤∈⊤∈≻⋈⋈∋⋈⊞⋈⊞⊤∈∋≺⊞⊞∈∋≺⊤∈⋈⋈≻⋈∋⋈⊞⋈∋⊤⋈∈⊤∈⋈≻∋∋⋈⋈⋈∋⋈⋈≻⊞⋈⋈⋈⋈⋈⋈⊣⊡⊞⊞⊤⋈⋈∈∋∋∋⊞⊞⊤∈∋∋⋈⋈⋈⋈⋈⋈⋈≻⋈⋈⋈⋈≻⋈⋈⋈⋈≻⋈⋈⋈⋈≻⋈⋈⋈⋈⊞⋈⋈⋈⋈⋈⋈≺⋈⊣
0xab5daf0	⊢⋈⋈⋈⋈⊞⋈⋈⋈⊤⋈⊥⋈⋈⋈≻⊤∈⋈⋈≻⋈⋈⋈⊞⋈⋈⋈⊣
0xab8c2d8	⊢⋈⋈⋈⋈⋈≻⋈⊤∈⋈⋈≻⋈⊣
0xabb8f80	⊢⋈⊞⊤∈⋈⋈⋈⊣⋈⋈⊞⊙
0xabce710	⊢⋈⋈⋈⋈⋈⋈⋈⊞⋈⋈⋈⋈⋈⊤∈⋈≺⋈⊞⋈⊞⋈⊞⋈⊙⋈⋈≺∈∈∈⋈⊞⋈⊞⋈⊤∈⊞⊡∈∋⊤⊥⋈⋈⋈⋈⋈⊙⋈⋈⊤∈⋈⋈⋈⋈⊞⊙⊤∈∋∋⊞⋈⋈⋈⋈⋈⋈⊣⋈⊤∈⊞⋈⊡∈∋∋⋈⊡∈⋈⊤∈⊤⋈⊥⋈⋈⋈⋈⋈⊞⊞⊙⊤∈⊙⊤∈∋∋∋⋈≺∋
0xabccd40	⊢⋈⋈⋈⋈⋈⋈⋈⊞⋈⋈⋈⊤∈⋈⋈⋈≻⋈⋈⋈⊞∈∋⋈⋈⋈≻⋈⋈⋈⋈⋈⊞⋈⋈⋈⋈⋈⊙⋈⊞⊞⋈⋈⊞⋈⊙⋈⋈⊞⋈⊞⊤∈∋⋈⋈⋈≻⋈⋈⊞⋈⋈⋈⊙⋈⊞⊞⊞⋈⋈⊙⋈⊞⋈⋈⋈⋈⋈⋈⋈⋈⋈⊞⋈⋈⋈⋈⋈⋈⋈⋈⋈⋈⋈⋈⋈⋈⊤⋈∈⊤∈⊤∈∋∋⋈⋈⋈≻⋈⋈⋈⊞⋈⊞⋈⊙⋈⋈⊞⋈⋈⊙⋈⊞⊞⊞∈⋈⋈⋈⊞⊤∈∋≺∋⊞⋈⋈⋈⋈⋈⋈⊣
0xabcd250	⊢⋈⋈⋈⋈⋈⋈⋈⊞⋈⋈⋈⊤∈⋈⋈⋈≻⋈⋈⋈⊞∈∋⋈⋈⋈≻⋈⋈⋈⋈⋈⋈⊞⋈⋈⋈⋈⋈⋈⋈⋈⋈⋈⊞⋈⋈⋈⋈⋈⋈⋈⋈⋈⋈⊞⋈⋈⋈⋈⋈⋈⋈⊞⋈⊙⋈⊞⊞⋈⋈⊙⋈⊞⋈⋈⋈⊙⋈⊞⊞⋈⊞⋈⊙⋈⊤⋈∈⊤∈⊤∈∋∋⋈⋈⋈≻⋈⋈⋈⊞⋈⊙⋈⊞⋈⊞⋈⊙⋈⋈⊞⊞⊡∈⋈⋈⋈⋈⊞⊤∈∋⊞⊞⊡∈⋈⋈⋈⊞⊤∈∋≺∋⊞⋈⋈⋈⋈⋈⋈⊣
0xabae4d0	⊢⋈⋈⋈⋈⋈⋈⋈⊞⊤∈⊞⊤∈⊤⊥⊤∈∋⊞∋⊤⊥≺∋⋈⋈⋈⋈⋈⋈⋈⋈⋈⊤∈⊞∈⋈⋈⋈⋈⋈⋈∋∈⋈⋈⋈⋈⋈⋈⋈⋈⋈⋈⋈⋈⋈⋈⋈⋈⋈⋈⋈⋈⋈≻⋈⋈≻⋈⋈⋈⋈⋈⋈⋈⋈⋈⋈⋈⋈⋈⋈⋈⋈⋈⊤⋈∈⊤∈⊤∈∋⋈⋈⋈⋈⋈⋈⋈⋈⋈⋈⊤∈⋈⋈⋈⋈⋈⋈⋈⋈⋈⋈⋈⋈⋈⋈⋈⋈⋈⋈⋈≻⋈⋈≻⊤∈∋∋⊞≺∋⊞⋈⋈⋈⋈⋈⋈⊣⋈⋈⋈⋈⋈⋈⋈⋈⋈⋈⋈⋈⋈⋈⋈⋈⋈⊤∈∋≺∋
0xabae400	⊢⋈⋈⋈⋈⋈⋈⊞⋈⋈⋈≻⊤∈⋈⊞⊤⊥⋈⋈⊞⊤∈⋈⋈⋈⋈⊤∈⋈⊙∋⊤∈⋈⊙∋⋈⊙∋⊞≺∋⊞⋈⋈⋈⋈⋈⊣
0xab9e8f6	⊢⋈⋈⋈⋈⋈⋈⊞⋈⋈⋈⋈⋈⋈⋈⋈≻⋈∈⋈⋈≻⋈⊤∈∋⊤∈⋈⋈≺∋⋈⊞⊤∈⋈⊤∈⊞⊞⊞∈⋈⊤∈⋈⊞⋈⊞⊤∈⊞⊞⊞⋈≺⋈⊞⊞⊞⊤∈⊞⊞⊞⋈⋈⊞⊞⊞⊞⊞⊞⊞≺⊞≺∋∋∋⋈⊞⊞⋈⊤⊥⊤∈⋈≻⋈⊞⋈⊞⊤∈∋⊞≺⊞≺∋∋⊞⋈⋈⋈⋈⋈⊣
0xab6895b	⊢⋈⋈⋈⋈⋈⋈⊞⋈⋈⋈⋈⋈⋈≻⋈⊤∈⋈⋈≻≺∋⋈⊞⋈⋈⊞⊞⊞⊞⋈⋈⋈⋈⊞⊞⊞∈⊞⊡⊞⊞⊞⊤∈⋈∈⋈⊞⊞⊞⋈⊞⋈⊞⋈⊤∈⊤∈⊤∈⊞⋈≺∋∋⋈⊞⋈⋈⋈∈∋∋⊤∈⊞⊤∈⊞⊞⊞⊞∋⊞⊞⊤∈⋈⊤∈⊡⊞⊞⋈≺∋⊞⋈⊡⋈⊞⋈⋈⊡⋈⊞⊞⋈⊞⊞⊡⊡⋈⋈∋⊞⋈⊞⋈⋈⋈⋈⋈⋈⊣⋈≺∋⊞⊞⊞≺∋
0xab6d607	⊢⋈⋈⋈⋈⋈⋈⋈⋈⋈⋈⋈⋈⋈≻⋈⊤∈⋈⋈≻≺∋⋈⊞⋈⋈⊞⊞⊞⊞⋈⊞⊞⊞∈⊞⊡⊞⊞⊞⊤∈∈⊞⊞⊞⋈⊞⋈⊞⊤∈⊞≺⋈⊞⋈∈∋∋⊤∈⊞⊤∈⊞⊞⊞⊞∋⊞⊞⊤∈⋈⊤∈⊡⊞⊞⋈≺∋⊞⋈⊡⋈⊞⋈⋈⊡⋈⊞⊞⊞⋈∋⊞⋈⊞⋈⋈⋈⋈⋈⋈⊣⋈≺∋⊞⊞⊞≺∋
0xabbc9f0	⊢⋈⋈⋈⋈⋈⋈⋈⊞⋈⋈⋈⋈⋈⋈∈∈∈∈∈⋈⋈⊤∈⋈≺⋈⋈⋈⊤∈⋈⋈⋈⋈⋈⋈⋈⋈⋈⋈⊞⊞⊡∈⋈⊤∈⊤∈⋈⋈⋈≺∋⋈⋈⊞⊞⊞⊤∈⋈⋈⊤∈⋈⊞⋈≺∋⋈⋈⊤∈⋈⊤∈⋈∈⋈⋈⊞⋈⊞∈⊤∈⋈⊤⊥⊞⊞⊞⊤∈∋⋈⊤∈∋⊞∈∋⋈⋈≺⋈≺∋≺⊞⊞⊤∈≺⊞⊞⊤∈∋⋈⊞⋈∋∋⋈⊤∈⋈⋈⋈≻⋈⋈⋈⋈⋈≻⋈⊤∈⋈⊤⋈⋈∈∋∈⋈⋈⋈⋈⊞⊤∈⋈⋈⊞⊞∈⋈⊤∈⊤∈⋈⋈⋈⊞≺∋⋈⋈⊞⊞⊞⊤∈⋈⋈⊤∈⋈⊞⋈≺⋈⋈⊤∈⋈⊤∈⋈∈⋈⋈⊞⋈⊡∈⊤∈⋈⊤⊥⊞⊞⊞⊤∈∋⋈⊤∈∋⊞∈∋⋈⊞⋈≺⋈≺∋≺⊞⊞⊞⊞≺∋⊤∈⋈⊞⋈∋⋈≻⋈⋈⋈⋈⋈⋈≻⋈⊤∈∋⋈⋈⋈⊞⊞⋈⋈≺⋈⋈⋈∋⊤∈∋≺∋⊞⊞⊞∈∋≺⊞⋈⋈⊞∋∋∋⊞∋⋈⋈⋈⊞⋈⋈≺⋈⋈⊤∈⊤⊥⋈⋈⋈⋈≻⋈⊤∈⋈⋈⋈⋈⋈⊞⋈⋈⊞⋈⊞⋈⋈⊞⋈⋈⋈⋈⋈⋈≺∈⋈⋈⋈⋈⋈⋈⋈⋈⋈≻⋈⊤∈⋈⋈⋈≺⋈⋈⊤∈⊤∈⊤∈∋⋈⋈⋈⋈≻⋈⋈⋈⋈⋈⋈≻⊤∈⋈⋈⋈⋈≺∋⋈⋈∋⋈⋈⊞⊤∈∋∋⋈⊤∈⋈≻≺∋⋈⊞⊞⋈⋈⋈⋈⊞⊞⋈⋈⊞⋈⋈⋈⋈⊞⋈⋈⋈⋈⋈⋈⋈⋈⋈⋈⋈⊤⋈⋈⋈⋈∈⋈⋈⊞⊤∈⊞⊤∈⋈⋈⊤∈⋈⋈⊤∈⋈≻≺∋⋈⋈⊞⋈⋈⋈⋈⋈⋈⊞⋈≺⊤∈⋈⋈⊤∈⋈≻≺∋⋈⋈⊞⋈⋈⋈⋈⋈⋈⋈⊞⋈≺⋈⋈⊞⊤⊥⊞⋈⋈⊞∈⋈⊞⊞⊤⋈⋈⋈⋈⋈⋈⋈⋈⋈⋈⋈⊥⋈∈∈⋈⋈≻⋈⋈⋈⊤∈⊤∈⋈⊞⋈⊞⊤∈∋∋∋∋∋∋⋈⋈⋈⋈≻≺⊤∈∋⋈⊤∈⋈≻≺∋⋈⋈⊞⋈⋈⋈⋈⋈⊞⋈≺∋⋈⊞⊞≺∋⋈⋈⋈⊞⋈⋈∋∋⋈⋈⊤∈∋≺⋈⋈≺⋈⋈⊞⊙⋈≻⋈⋈⋈⋈⋈⋈≻⊤∈⋈⋈⋈≺⋈⋈≺∋⊞⊞⊞∈∋≺⊞⋈⋈∋∋∋⋈⋈⋈⋈⋈∋∋∋∋⊞⋈⋈⋈⋈⋈⋈⊣
0xabd5d1e	⊢⋈⋈⋈⋈⋈⋈⋈⋈⊞∈⋈⊞⊤∈⋈⋈⋈⋈⋈≻⋈≺∋⋈⋈⊤∈⋈⊞⊙⊞⊞⊞⋈∋⋈⊞⋈∋⋈⊞⋈⋈⋈⋈⊣
0xab5f920	⊢⋈⋈⋈⋈⋈⋈⋈⊞⋈⋈⊤∈⋈⋈⋈⊤⋈∈⊤∈⋈⋈⋈⋈⋈⋈⋈⊙⋈⋈⋈⊤∈∋⋈⋈⋈⋈⋈⋈⋈⋈⋈⋈⋈≻⊤∈⋈⋈⋈≻⊤∈⋈⋈⊙⊤∈⋈⋈⋈⋈⊙⋈⋈⋈⊞⋈⋈⊤⊥⋈⋈⊙⊤∈⋈⋈⋈⋈⊙⊤∈⋈⋈⋈⋈⊙⊤∈⋈⋈⊙≺∋⋈≺∋∋∋∋∋∋∋∋⋈⋈⋈⊞⋈⋈⋈⋈⋈⋈⊣
0xab5faa0	⊢⋈⊤∈⊤⋈∈⋈⋈⋈⋈⋈⋈⊤∈⋈⋈⋈⋈⋈⋈⋈⋈≺∋⊙⋈⊞⋈⋈∋⋈∋⊣
0xab9de0c	⊢⋈⋈⋈⊤∈⊤∈∋⊞⋈∈⊤∈⋈⊤∈⊞⋈⊤∈⊞⋈⋈⊤∈⋈⊤∈⋈⊤∈⊞⊞≺∋⋈∋⊞⋈⊞∈⋈⊞∈∋≺∋∋∋∋⋈⋈⊞⋈⋈≺∋⊞≺∋⋈⊣
0xab9e86b	⊢⋈⋈⋈⋈⋈⋈⋈⋈⋈∈⊤∈⋈⋈⊞⋈⋈⊤⊥⋈⊤⊥⊞∈∋⊤∈∋⋈⋈⋈⊞∈⊤∈⊤∈∋⋈⋈≻∋⊞⋈⋈≺∋⊞⋈⋈⊣
0xab9d039	⊢⋈⋈⋈⋈⊞⋈⋈⊤∈⋈⊤∈∋⋈⊞⋈⋈⋈≻⊤∈⋈⊤∈⋈≺⊞⋈≺∋⊞⋈⋈∋⋈≺∋⋈⊞⋈⋈⋈⊣
0xab9d0aa	⊢⋈⋈⋈⋈⋈⋈⋈⊤∈⋈⊤∈∋⊞⊞⋈⋈≺∋⊤∈⋈⋈⊞⊤∈⊞⋈⊤∈⊞⋈⋈∈⊤∈⋈⋈⊞⊤∈∋⊤∈⊤∈⊞⋈≺∋∋∋⋈⊞∈⋈⊤∈⊤∈⊤∈∋⊤∈⊤∈∋⋈⋈⋈≻∋⋈⊤∈⋈⋈⋈⋈≺⋈⊞⋈∈⊤∈⋈⊞≺⋈⊞⊤∈∋⊤∈⊤∈∈⊤∈⊤∈∋∋⊤∈⋈∈⊤∈∋⋈⋈⋈⋈≻∋⊞⋈≺∋∋⊞⊞⋈⋈∋⊤∈⋈⋈⋈⋈≺≺∋∋⋈⋈⋈⊞≻⋈⋈⋈⋈⋈⋈⋈⊞⋈⋈⋈⋈⊞⊙⋈⋈⊤∈⋈⋈⋈⋈⋈⋈⋈⋈⋈⋈⊤⋈⋈∈⊞⊞⊞∈⋈⊤∈⋈⊞⋈⊞⊤∈⊞⊞⊞⋈≺⋈⊞⊞⊞⊤∈⊞⊞⊞⋈⋈⊞⊞⊞⊞⊞⊞⊤∈⊞≺⊞≺∋∋∋⊤∈⋈⊞⊤∈∋∋⋈⋈⋈⋈⋈⋈⋈⋈⋈⋈⊞∈⊞⋈⋈⊞⋈⊞∈⋈⊞⋈⊥⊤⊞⊤⋈⊥⊤∈⋈⊤∈⊤∈⋈⊞≺∋⋈⊤∈⋈⊤∈⊞⋈∋⋈⋈⊞∈⊞∈⊤∈⊞∈⋈⋈⊞⊞⋈⋈⊞⊤∈⋈⊞∈⊤∈⋈⊞⊞⊤∈⊤∈⋈⊤∈⊤∈⋈⋈≻⋈⊤∈⋈⊞≺⋈⋈⊞⋈⋈⊤∈⊞⊞⊞⊤⊥⋈⊥⊞⊞≺∋∋⊞⊣∈⋈⋈⊞⊤∈∋≺∋⋈⊤∈⋈⋈∈⋈⋈⋈⋈≻⋈⊤∈⊞⊡∈≺∋⋈⊞⊡⋈⊞⊞⋈⊞⊞⊤∈⋈⋈⋈⋈∈⋈⊞⋈⊞⊞⊤⋈∈∋≺∋⊞⋈⋈⋈⊞⊞⊞⋈⊞⊞⋈⋈⋈⋈⋈≺∋⋈⊞⊞⊞⋈⊞⋈⋈∈∋≺∋∋∋∋∋∋∋∋∋∋∋∋⋈⋈⋈⋈⋈⋈⋈⊙⋈⊤∈⋈⊤∈⋈⋈⋈⊙⊤∈⋈⋈⋈⊙⊤∈∋⋈⋈⋈⋈⊙⊤∈⋈⋈⋈⋈≺∋⊞⋈⋈⋈⋈⋈⋈⊙∋∋∋∋∋⋈⊞⋈⋈⋈⋈⋈⋈⊣≺∋⊞⋈⊞∈⋈⊞∈∋∋∋∋∋∋⋈⋈∋∋⊞⋈⋈⊣≺∋
0xab9f67e	⊢⋈⋈⋈⋈⋈⋈⊞⋈⋈⋈⋈⋈≻⊤∈⊞⋈⊤∈⋈⋈⊞⊤∈⋈⋈⋈⋈≺⋈≺⋈⋈≺∋∋⋈∋⊞⋈⋈⋈⋈⋈⊣
0xab77db7	⊢⋈⋈⋈⋈⊞⊤∈⋈⊤⊥⋈⊞⊞⊥⊞∈⋈⊡⊞⊞⊤∈∋⊞≺⋈⊡⊞⋈≺∋⊞∋⊞⊞⊥⊤⊥⋈⊤⊥⊤∈⋈⋈⊙⊤∈⋈⋈≻⋈⋈⋈⋈⋈⋈⋈⋈⋈⋈⊞⋈⋈⋈≺∋⊞⋈⋈⊣
0xabb21a0	⊢⋈⋈⋈⋈⋈⋈⋈⊞⋈⊤∈⋈⋈⋈⋈⋈⋈⋈⋈⋈⋈⋈⋈⋈⋈⋈⋈⋈⋈∈⋈⋈⋈⊤∈⋈⊞⋈⋈⋈≺⋈⋈⋈⋈⊤∈⋈⋈⋈⋈⋈⋈⋈⋈⋈⋈⋈⊞⋈⋈⋈⋈≺∈⊤⋈∈⊞⊤∈⊞≺∈⋈⊞⋈⋈⊞⋈⊤∈∈⋈⊤∈∋⋈≺∋∋⊞⊤∈∋∋⋈⊞⋈⊤∈∈⋈⊤∈⋈⊤∈∋∋∋∋⋈⋈⋈⋈⊞⋈⋈⋈⊞⋈⋈⋈⋈⋈≺⋈⊤∈⋈⋈⋈≻≺⋈⊤∈⋈≻≺⋈∋⋈⊞⊞⋈⊞⋈⊞⋈⊞⊞⊞⋈⋈∋⊤∈⋈⋈⋈⋈⋈≺⋈⊤∈⊤∈⋈⋈⋈≺∈⋈⊤∈⋈⋈⋈⋈⋈⊞⊤∈⊤∈∋⋈⊤∈∋⋈⋈⋈⋈⊤∈⋈≻⊞⊞⋈⋈⋈≺∋⋈⋈⊤∈∋∋∋∋∋∋⋈⋈⋈⋈⋈⋈⋈⋈⋈⋈⋈⋈⋈⋈⋈⋈⋈⋈⋈⋈⋈⋈⋈⋈⋈⋈⋈⋈⋈⋈⋈⋈⋈⋈⋈≻⋈⋈⋈⋈⋈⋈⋈⋈⋈⋈⋈⋈⋈⋈⋈⊤⋈∈∋≺∋⋈⋈⋈⋈⋈⋈⋈⋈⋈⋈⋈⋈⋈⋈⋈⋈⋈⋈⋈⋈⋈⋈⋈⋈⋈⋈⋈⊞⋈⋈⊙≺∋⊞⋈⋈⋈⋈⋈⋈⊣
0xabb8ec0	⊢⋈⋈⋈⋈⋈⋈⋈⋈⋈⊞⋈⊞⊞⊞⋈⊥⋈⊞⊤⊥⊞⋈∈⊤∈⊤∈⋈⋈⋈⋈≻⊤∈⊞⋈⋈⋈⋈⋈≻⊤∈∋∋⋈⋈⊞≺∋⋈⋈≺⋈⊞≺∋∋⋈⋈⋈⋈⋈⋈⋈⊣
0xab8c162	⊢⋈⋈⋈⋈⊞⋈⋈⋈⋈⊞⋈⊞⊞⊞⋈⊥⋈⊞⊤⊥⊞⋈∈⊤∈⋈⊞⊞⋈⋈≺∋⋈⊤∈⊤∈⋈≺⋈⊤∈⊤∈⋈≺∋⋈⋈≻⋈⋈⋈≻≺∋∋⊤∈⋈⋈∋⋈⋈⊞≺⋈⊞≺∋∋⋈⋈⊞⋈⋈⋈⋈⊣
0xab8b8ca	⊢⋈⋈⋈⋈⋈⋈⊞⋈⋈⋈⋈⊞⋈⊞⊞⊞⋈⊥⋈⊞⊤⊥⊞⋈∈⊤∈⋈⊞⊞⋈⋈≺∋⋈⊤∈⊤∈⋈≺⋈⊤∈⊤∈⋈≺∋⋈⋈≻⋈⋈⋈≻≺∋∋⊤∈⋈⋈∋⋈⋈⊞≺⋈⊞≺∋∋⋈⋈⊞⋈⋈⋈⋈⋈⊣
0xab64724	⊢⋈⋈⋈⋈⊞⋈⋈⋈⊤∈⋈⋈⋈⋈⋈⋈⋈≻⊤∈⋈⋈⋈≺⋈≺∋∋⋈⊞⋈⋈⋈⋈⊣
0xab5fb00	⊢⋈⋈⋈⋈⋈⋈⋈⊞⋈⊞⋈⋈⋈⋈⋈⋈⋈⋈⋈⋈⋈⊤∈⊤∈⋈⋈⊞⋈≻⋈⋈⋈⋈⊞⊞⊡∈∈⊤∈⋈⊞⋈⊞⊤∈∋⊞⋈⊞⊡∈⊤∈⋈⋈⊞⊞⊞⋈⊞⋈⊞⊞⊤∈∋⋈⊤∈⋈⊤∈⋈⋈∋⊞⊤⊥≺∋⋈⋈⋈⋈⊞⋈⊞⊡∈∈⊤∈∋⋈⋈⋈⊙⋈⋈⊞⋈⋈⋈⋈⋈⋈⊣⋈⊞⋈⊞⊤∈∋⋈⊞⋈⊞⊡∈⊤∈⋈⋈⊞⊞⊞⋈⊞⋈⊞⊞⊤∈∋⋈⊤⋈∈⋈⊤∈∋∋∋∋⋈⋈≻⋈⋈⋈⋈⋈⋈⊤∈⋈⋈⋈≻⋈⋈⊞⋈⊤∈⋈∈⊞⊤∈⋈⊤∈⋈⋈⊤∈∋∋⋈⊞⊤∈⋈⋈⊞⊙∋⋈⊞⊤∈⋈⋈⊤∈∋∋⋈⋈⋈≻⋈⋈⊞⊞⋈⊤∈⊤∈∋∋⋈⋈≻⋈⋈∋⋈⊤∈⋈⊞⊡∈⋈⋈⋈⊞⋈⊞⊞⋈⊞⊤∈∋∋⋈⊡≺∋⋈⋈⊞⋈⋈⋈⋈⊣⋈⋈∋⊞⊤⊥≺∋
0xab71f47	⊢⋈⋈⋈⋈⋈⋈⊞⋈⋈⋈⋈⊞⊞⊥⋈⊞⊞⋈⋈⋈⋈⋈⋈⋈⋈⋈≻⊤∈⋈⊤∈≺⋈⊤∈∋⋈∋∋⋈⋈⋈⋈⋈⋈⋈⋈⊤∈⋈⊤∈⊤∈⋈⊤∈⋈⊤∈∋⊞≺≺∋∋∋∋⋈⋈⋈⋈⋈≻⋈⋈⋈≻⋈⋈⋈⊤∈⋈⊤∈⋈⊤∈⊤∈⊤∈∋⊞⋈≺∋∋∋∋⋈⋈⋈⋈⋈⋈≻⋈⋈⋈⋈≻⋈⋈⋈⋈≻⋈⋈⋈⋈≻⋈⋈⋈⊤∈⋈⊤∈⋈⊤∈⊤∈⊤∈∋⊞⋈≺∋∋∋∋⋈⋈⋈⋈≻⋈⋈⋈≻⋈⊤⋈∈⋈⊤∈⋈⊤∈⊤∈⊤∈∋⊞⋈≺∋∋∋∋⋈⋈⋈≻⋈⋈⋈⋈≻⋈⋈⋈⋈≻⋈⋈⋈⋈⋈⋈≻⋈⋈⋈⋈⋈⋈⊤∈⋈⋈⋈≻∋⊞⋈⋈⋈⋈⋈⋈⊣
0xaba364b	⊢⊞⋈⋈⋈⊞⊞∈⊤∈⊤∈⋈⋈⋈⊞⋈⊤⋈∈∋⋈⋈≺∋≻∋⊞⊣
0xaba4330	⊢⋈⋈⊞⋈⋈⊤∈⋈⋈⊤∈⋈⋈⋈⊞≻⊤∈⊤∈∋⋈⊤∈⋈⊞∈⋈⊞⊡⊡⋈⋈⊞⊞⊞≺⋈≺∋⋈⋈⋈⊞≻≺∋⊤∈⋈∋⊞≺∋∋⋈⋈⋈⋈⋈≺∋⊞⋈⋈⊣
0xaba454c	⊢⋈⊞⋈⊞⊡⊡⋈⋈⊞⋈⊞⊥⊤∈⊞⋈⋈∈⋈∈∈∋⊤∈⊞⊞⋈⊞⊥⊤∈∋∋⋈⋈⋈⊤∈⊞⊞⊞⊞⋈⊤∈∋∋⊤∈⊡∋⋈⊞∋⋈⋈⋈⋈≻⋈⋈≺∋⋈⊞⋈⊣
0xaba369f	⊢⋈⋈⊞⋈⋈⋈⊤∈⋈⋈⋈⋈⋈⋈⊤∈⋈⊤∈⋈⋈≺∋⋈⋈≻⊞⋈⊤∈⋈⋈⊞⊞⋈∈⋈⊞⊤∈⊤∈⊤∈⊤∈∋⋈⋈⋈≻⊤∈⋈⋈⊞⋈⋈⋈≺∋⋈≺∋⋈⋈⋈⋈⋈⊞⊞⊤∈∋∋∋⋈⋈≺⊤∈⋈⊞⊤∈∋⋈⋈⊞∋⊞⋈⋈≺⋈⋈⋈⋈≻≺∋⋈⋈∋⊞⋈⋈⊣
0xaba43fb	⊢⋈⋈⋈⋈⊞⋈⊞∈⊞⋈⊞⊞∈⋈⋈⊤∈⊤∈⋈⋈⋈≺⊤∈⊤∈∋⋈⋈⋈≺⋈⋈⊞⊤∈∋⋈≺∋∋⋈⋈⋈≺
0xaba1303	⊢⋈⋈⋈⋈⋈⋈≻⋈⋈⋈≺
0xaba1327	⊢⋈⋈⋈⋈⊤∈⋈⋈⊞⋈≻⋈⋈⋈⋈⋈⊙⊤∈⊞⋈⊞⊞≺∋⋈⋈⋈⋈⊙⊞⊞⋈⋈⋈⋈⊣
0xaba42f0	⊢⋈⋈⊤∈⋈⊞⊞∈⋈⊤∈⊤∈⊤∈⋈⋈⊞⊞⊤∈∋∋∋∋∋⊣
0xab5feb0	⊢⋈⊤∈⋈⊞⊞∈⊞⊡∈⊤∈⊞⊤∈∋⋈⊤∈⋈⊞∋⋈⋈⊞∈⋈⋈⋈⊞⊞⋈⊞⊞⊞⊞⊤∈⊞⊤∈∋≺∋∋⋈⊞∈⋈⊞⊡∈⊤∈⊞⊞⊤∈∋⊞⊡∈⊤∈∋∋⋈⊤∈⋈⋈⋈⋈⊞≺⊞⊤∈∋≺∋∋⋈≺∋⋈∋⋈⋈⊣
0xab9c892	⊢⋈⋈⋈⋈⋈⋈⋈⊞⋈⋈⊤∈⋈⊞⋈⊤∈⋈⊤∈⋈⋈⊞⋈⋈⊤∈⊤∈⋈⋈≻⋈≺⊤∈⋈⋈⋈⋈≻⊤∈⊤∈⋈⋈⋈≻⊤∈⋈⋈⋈⋈⋈⊤∈⋈≻⋈⊤∈⋈⊤∈⊤∈⋈⊞∈⋈⋈⋈⋈⊙⊤∈⋈⋈≻⊤∈⋈⋈⋈⋈⋈⊙≺⊤∈⋈⋈≻⋈⊤∈⊤∈⋈⊤∈⋈⋈≻⊤∈∋∋⋈⊤∈⋈⋈≻⊤∈∋⋈≻⊤∈≺⊤∈⊤∈⊤∈⊤∈∋⋈⋈⋈⋈≻⊤∈⋈≻∋⋈⊤∈⋈⋈≻⋈⊤∈∋⋈≻⋈⊤∈⊤∈⋈⊤∈⋈⋈≻⊤∈∋⋈⊞≻⊤∈∋∋⋈⊤∈⋈⋈⋈⊤∈⋈⋈⊞⋈⋈⊤⊥≺⊤∈∋∋∋⋈⊤∈⋈⋈≻⋈⊤∈∋⋈⋈≺⋈≻⋈⊤∈⋈⋈⋈≻⋈⊤∈⊤∈⋈⊤∈⋈⋈≻⊤∈⊤∈∋⋈⋈⋈⋈≻⊤∈∋⋈⊤∈∋∋∋⋈⊤∈⋈⋈⊞⋈⋈⋈⋈⋈⋈≺⋈⋈⋈≻⊤∈∋⋈≺∋⋈⊤∈⋈⋈⊤⊥⋈⋈⊞∋≻⋈⊤∈∋∋⋈⋈≺⊞⋈⋈⋈⋈⊤∈⋈⊤∈⋈⋈≻⊤∈∋⊤∈⋈⊤∈⋈⋈⊤∈⋈⋈⊤∈⋈≻⋈⊤∈⋈⋈≺∋≻≺∋⊤∈∋∋∋⋈⋈⊞∈⊤∈⋈⋈≻⊤∈⋈⊤∈⋈≻⊤∈⋈≺∋⊤∈⋈⋈≻⊤∈⋈⋈⊤∈⋈≻⊤∈⋈⊤∈⋈≺∋⋈≻⋈⊞∈⋈⊤∈⋈⋈≻⊤∈⋈⊤∈⋈≻≺∋∋∋⊤∈∋∋∋∋∋∋∋∋∋∋∋∋∋⊤∈⊡≺⊞⋈⊤∈⊞⊤⊥⋈⋈⋈⊥⋈⊞≻⋈⋈⊤∈∋⋈⋈≺⋈⊤∈⋈⋈≻⋈⊤∈∋⋈⋈≺∋∋∋∋∋∋∋⊞∋∋∋∋∋∋∋∋∋∋∋∋∋∋∋∋∋∋∋∋∋∋∋∋∋⋈⊞⋈⋈⋈⋈⋈⋈⊣
0xab9deab	⊢⋈⋈⋈⋈⋈⋈⊞⋈⋈⊤∈⋈⊤∈⋈⋈⊞⋈⋈⋈⋈⋈≺⋈⋈⋈⊤∈⋈⋈⋈⋈⊞⋈⊤∈⋈⊤∈⊤∈⊤∈⋈⊤∈⋈⋈≻⋈⊤∈∋∋⋈⊤∈⋈⋈≻⋈⊤∈∋⋈≻⋈⊤∈⋈⊤∈⋈⋈≻≺⊤∈∋⊤∈⋈⊤∈⋈⋈≻≺⊤∈∋⋈⊤∈⋈⋈≻⋈⊤∈∋⋈⋈≺⋈⋈≻≺∋⋈⊤∈∋∋⊤∈⊡≺⋈⋈⊞⊙⋈⊤∈⋈⋈≻⋈⊤∈∋⋈⋈≺∋∋∋∋⊞∋∋∋∋∋∋∋⋈⊞⋈⋈⋈⋈⋈⊣
0xab9e600	⊢⋈⋈⋈⋈⋈⋈⋈⊞⋈⊤∈⋈⊤∈⋈⋈⊞⋈⋈⋈⋈⋈⋈≺⋈⋈⋈⋈≻⋈⊤∈⋈⋈⊤∈⋈⋈⊤⊥⋈⋈⊞≻⋈⊤∈∋⋈⋈≺⋈⋈⋈≻⊤∈⋈⊤∈⋈⋈⋈≻⋈⊤∈⋈⋈⋈≻⋈⊤∈⋈⋈≻⋈⊞⋈⊞⋈⋈⋈⊞≻⋈≺∋⊤∈⊤∈∋∋∋∋⊞⋈≻⊤∈⋈≻⋈⋈≻⋈≺∋∋∋∋⋈⊞⋈⋈⋈⋈⋈⋈⊣
0xab9ebee	⊢⋈⋈⋈⋈⋈⋈⋈⊞⋈⊤∈⋈⊤∈⋈⋈⊞⋈⋈⋈⋈⋈⋈≺⋈⋈⋈≻⋈⊤∈⋈⋈⊤∈⋈⋈⊤⊥⋈⋈⊞≻⋈⊤∈∋⋈⋈⋈⊤∈⋈⊞⋈⋈⋈⋈⋈⋈∈⋈≻⊤∈∋⊤∈∋⋈⊤∈⋈⋈≻⋈⊤∈∋⋈⋈≺⋈⋈⊤∈∋∋∋⊞⋈⋈⋈⊙⋈⊤∈⋈⋈⋈⋈⋈⋈⋈∈∈⋈≻⊤∈⋈⋈⋈⊙⋈≺⋈⊤∈⋈⋈⋈⋈⋈≻⊤∈⊤∈⊤∈⋈≺⊤∈⋈⊤∈⋈≺⊤∈⋈≺⊤∈⋈≺⊤∈∋⊤∈⋈≻⊤∈∋⋈≻⊤∈∋⋈⋈≻⋈⋈⋈⋈⋈⋈⋈⋈⋈⋈⊤∈≺⋈⋈⋈≺⋈≺∋∋∋∋∋⋈⋈⊞∋⋈⋈⋈⋈∋⋈⋈⋈∈⋈⊤∈⋈∋⋈⋈⊙⊤∈⊞⊤∈∋∋⋈≺∋⋈⋈⋈⊙⊤∈∋≺∋∋∋∋∋∋⋈⊞⋈⋈⋈⋈⋈⋈⊣
0xab9e4f0	⊢⋈⋈⋈⋈⋈⋈⋈⊞⋈⊤∈⋈⋈⋈⋈⋈≻⋈⊤∈⊤∈⋈⋈⋈⊞⋈⋈⋈⋈⋈⋈≺⋈⊞∈⊤∈⋈⋈⋈≻⊤∈⋈⋈≻⋈⊞⋈⊞⋈⋈⋈⊞≻⊞⋈⋈⋈≻≺∋⋈≺⋈⋈⋈≻⊤∈⋈⋈∋⊞∋∋∋∋⋈⊞⋈⋈⋈⋈⋈⋈⊣
0xab9ff96	⊢⋈⋈⋈⋈⊞⋈⋈⊤∈⋈⊤∈⋈⊤∈⊞⋈⋈⊞≻⋈⊤∈⋈⊤∈⋈⋈≻⊤∈∋⋈≻⋈⊞≺⊤∈∋∋⋈⊞≻⋈⊞⊞⋈⋈⋈⋈≻⊤∈⋈⊤∈⋈⋈⋈⊤⊥⋈⋈⊞≻⊤∈∋⋈⋈⋈⋈⋈≺⊤∈∋⊞≺∋∋∋∋∋⋈⋈⋈⋈⋈⋈⋈⋈⋈⋈≻⋈⋈⋈⋈≺∋⊞⋈⋈⋈⊣
0xab9fb83	⊢⋈⋈⋈⋈⋈⋈⋈⋈⊤∈⋈⊤∈⋈⋈⊞⋈⋈⋈⋈≺⋈⊤∈⋈⊞⋈⊤∈⋈⊤∈⋈⋈≻⋈⊤∈⋈⊞⋈⊤∈⋈≻⋈⊤∈⋈∈⋈⊤∈⋈⊤∈⋈⋈≻≺⋈⊤∈⊤∈⊞⋈⊡≺∋⋈⊤∈⋈⋈≻⊤∈∋⋈≻⊤∈∋≺⋈⊤∈⋈⋈≻⋈⊤∈∋⋈⋈≺⊤∈∋⋈⊤∈⋈⋈≻⋈∋⊤∈∋∋⋈⋈≺⋈⊞≻⋈⊤∈⋈⊤∈⋈⋈≻⊤∈∋⋈⊞≻≺∋⊤∈∋∋∋∋∋⊞∋∋∋∋∋∋∋∋⋈⊞⋈⋈⋈⋈⊣
0xabb32a0	⊢⋈⋈⋈⋈⋈⋈⋈⊞⋈⋈⋈⋈⋈⋈⊤∈⋈∈⋈⋈⊞⋈⊡∈⊤∈⋈⊤⊥⊞⊞⊞⊤∈∋⋈⊤∈∋⊞∈∋⊞∈⋈⋈⊞⋈⋈⋈⊞⋈⋈⋈⋈∈⊤∈⊞⊞⊞⋈⋈⊡∈⋈⋈⊤∈⊤∈∋⋈⋈⊞⊞⋈⋈⊞⊤∈⊤∈∋⋈⋈⋈⋈⋈⊞⊞⋈⋈⋈⋈⋈⋈⊞∈⋈⋈⊞⋈⋈⋈⋈⋈⋈⋈⋈⋈⋈⋈⊙⊤⋈∈⋈⋈⋈≻≺⋈⋈⋈⋈⋈⋈⋈⋈⋈≺⋈≺⊤∈⋈⋈⋈⋈⊞⊤∈⊤∈⋈⋈⋈⋈⊞⊞⋈⊞⊤∈⊤∈⋈⊤∈⊞⊞⋈⊞⋈⊞⋈⋈∋∋⊤∈⋈≺⊤∈∋∋∋⋈⊞⊞⊞≺⋈⊤∈⋈∋∋⊞∋⊞⊞⋈⋈⊞⋈⊞⋈⋈⋈⋈⋈⋈⋈⋈⊞⋈⋈⊞∈∈∈⊤∈⋈⊞⊞⊞⋈≺⋈⋈⋈⋈⋈⊞⊤∈⊤∈⋈⋈⋈⋈⋈⊞⊞⋈⊞⊤∈⊤∈⋈⊤∈⋈⊞⊞⋈⊞⋈⊞⋈⋈∋∋⊤∈⊤∈⋈⋈⋈⋈⊞⊤∈⊤∈⋈⋈⋈⋈⊞⊞⋈⊞⊤∈⊤∈∋⋈⊞⊞⊞⋈≺⋈⊤∈⊞⊞⋈⊞⋈⊞⋈⋈∋∋⊤∈⋈≺⋈⋈⋈⋈⋈⋈⋈⋈⋈⋈⋈⋈⋈⋈⊤∈⋈≺⋈⋈⋈⋈⋈⋈⋈⋈⋈⋈⋈⊞⋈⊞⋈⊞⊤∈⋈⋈⋈⋈⋈⋈⋈⋈⋈⋈⋈⋈⊞⋈⊞⋈⋈⋈⊞⋈⋈⋈⋈⋈⋈⋈⋈⋈⋈⋈⋈⋈⋈⋈⋈≻⊤⋈⋈∈∋⋈⋈≺⊤∈∋∋∋⋈⊞⊞⊞⋈≺⋈⋈⋈⋈⊞⊤∈⊤∈⋈⋈⋈⋈⊞⊞⋈⊞⊤∈⊤∈∋⋈⊞⊞⋈≺⋈⊤∈∋∋⋈⊞⊞⊞⋈⊞⋈⊞⋈⋈∋∋⊤∈⊞⋈⋈⋈⊞≺∈⊞∈⋈⊞⋈⊞⊞∋⊞⋈⊤∈⊤∈⊤∈∋∋⋈⊞⊞⊞⊞⊞⊤∈∋⋈⊞⊤⋈⊥⊤⊥⊞⋈⋈≺⋈⊞⊞⊞≺⋈⋈⊤∈⋈≺∋∋⋈⊞⋈⊞⊞≺∋∋∋∋∋⋈⊞⊞⊤∈⊤∈⋈⊙∋∋⊞⋈∋⋈⊞⋈⊞⋈⊞≺⊞≺∋⊞⋈⊞⋈⊞⊞⊤∈⋈⊤∈∈⋈⋈≻≺⋈⊞⋈⋈⋈⊞⋈≺∋⋈⊙⊤∈⋈⋈≻⋈⋈⋈⋈⋈⋈⋈⋈⋈⋈⋈⋈⋈⋈⋈≻⋈⋈⋈⋈⋈⋈⋈⋈⋈≺∋⋈⊤∈⋈≻⋈∋⋈⋈⊞⋈⋈⊞⋈≺∋⊞⋈⋈⊤∈∋≺⊞⋈⊞⊞⊞⋈≺∋∋∋⋈∋⊞⋈⊞∋⋈≻∋⊤∈⋈≺⋈≺∋≺⋈⊞⋈⋈⊤∈⋈⋈⋈⊞⊞⋈≺∋∋⋈⋈⊞⋈⋈⋈⋈≺⋈⋈⊡∈∋∋∋⊣⋈≺∋∋⋈⋈⊤⊥⊞⊞⊤⊥⊞⋈⊞⊞⋈⊤⊥⊥⋈⋈⊞⊞⊤⊥⋈⋈⋈⋈⋈⋈⋈⋈⋈⋈⋈⋈⋈⋈⋈⋈⋈⋈⋈⋈⋈⋈⊞⋈⋈⋈⋈⋈⋈⋈⋈⋈⊡∈⋈⋈≻⋈⋈⊤∈⋈⋈⋈⊞⊞⊞⊞⊞⊞⋈⋈≺⋈⊤∈⊤∈⋈⋈∋⋈≺⊤∈∋≺∋⋈⋈≻⋈⋈⋈⋈⋈⋈⊤⋈∈⋈⊞⋈⋈⋈≺⋈⋈⋈⋈⊞⋈⋈⋈⋈⋈⋈⋈≺∈⋈⋈⋈⋈⋈⋈⋈⋈≻⋈⊤∈⋈⋈⋈⋈⋈≺⋈⋈⋈⋈⋈⋈⋈⋈⋈⊤∈⊞⊤∈⋈⋈⊞⊙⊤∈⊤∈⊤∈⋈⋈≻⊤∈⋈≺⋈⋈⋈⋈⋈≺⊤∈⋈⋈≻⊤∈⋈⋈≺⊤∈⋈⋈≻⊤∈⋈⋈≺⊞⊤∈∋∋∋∋∋∋∋∋∋⊞⊞∈∋⋈⋈⋈⋈∋⊤⋈∈⋈⋈⊞⋈⋈⋈∋⋈⋈⋈⊤∈⋈⋈⋈⋈⋈⋈⋈⋈⋈≻⊤∈⊞⋈≺∋⋈⋈⊞≺∋⋈⋈⊤∈⋈⋈⋈⋈⋈⋈⋈⋈≻⋈⊤∈⊞⋈≺∋⋈⋈⋈⊤∈⋈⊤⋈∈∋⋈⋈⋈⋈⋈⊤∈⊞≺∋⋈⋈⊞∈⊞⊤∈⋈⋈⋈⋈⊞⊞⋈⋈⋈⋈⋈⋈⋈⊞⊤∈⋈⋈⊤∈⊤∈⊤∈⋈⋈≺⊞⋈⋈⋈⋈⊞⊞⋈⊞⊞⊞⊞⋈⋈⊤∈∋⋈⊤∈⋈⋈⋈⋈⊞⋈⋈⊞⊤∈⋈⋈⋈⋈⋈⊤∈⊤∈⋈⋈⋈⊞⋈⊤∈⊞⋈≺⋈⋈⊞⋈∈⊞⋈≺⊤∈⋈⋈⊤∈⋈⊞⋈⋈⋈∋⊤∈⊤∈⋈⊞⋈⋈⋈⊤∈⊞⋈⋈⋈⋈⋈⋈⊞⊞⋈⋈⊞⊞⊞⊞⋈≺∋⊞∈⋈⋈⋈⊤∈⋈⋈⋈⋈⋈⋈⊤∈⋈⋈⋈⊞⋈⊤∈⊤∈⋈⋈⋈⋈⋈⋈⊤∈⋈≺⋈⊞∋⊤∈⋈⋈⊤∈⋈⋈⊞⋈∈⊞≺⋈⋈⋈⋈⋈⋈⊤∈⋈≺⊤⊥⊤∈⋈⋈⋈⋈⊤∈⋈≺⋈⋈⋈⊞⋈⋈⊞∈⋈⋈⋈⋈⋈⋈⋈⋈⊤∈⋈⋈≻⋈⋈⋈⋈⊞⋈∈⋈⋈≻⋈⊤∈⋈⊞⋈⊞⊞⋈⊞⋈⋈⊞⊞⋈⋈⋈⊤∈⋈⋈⋈⋈≺⋈⊞⋈⊞⊞⋈⋈⋈⋈⋈⋈⊞≺∈⋈⋈⋈⋈⋈≻⋈⋈⋈⋈⋈⊤∈⋈⊞⋈⋈⊞⋈⊞⊞⋈≺⊤∈⋈≻≺⋈⋈∋⋈⋈⋈⋈⋈⋈⋈⊞⋈⊞⋈⊤∈∋⋈⋈⊞⋈⋈⊞⋈⊞⋈≺⊤∈⊞⋈⋈⋈∈⋈⋈⊞∈⊤∈⋈⊞⊞⋈⊞⋈⋈⊤∈⋈⋈⊞∋⋈⋈⋈⊤∈∋⋈⋈≻⋈⋈⋈⋈⊞⋈⋈∈⋈⋈≻⋈⊤∈⋈⊞⋈⊞⊞⋈⊞⋈⋈⊞⊞⋈⋈≺⋈⋈⋈⋈⊤∈⋈⊞⋈⊞⊞⋈⋈⋈⋈⋈≺∈⋈⋈⋈⋈⋈≻⋈⋈⋈⋈⋈⊤∈⋈⊞⋈⋈⊞⋈⊞⊞⋈⋈⊤∈≺⋈⋈⋈⋈⋈⋈⋈⋈⋈⋈⊤∈⋈≻≺⋈⋈∋⋈⋈⋈⋈⋈⋈⋈⋈⋈⋈⋈⋈⋈⋈⋈⊞⋈⊞⋈⊤∈∋⋈⋈⊞⋈⋈⊞⋈⊞⋈⊤∈≺⊤∈⋈⊞⋈⋈≺∋⋈⋈⋈⋈⊤∈⋈⋈⋈⋈⋈⋈∈⋈⋈⋈⊞∈⋈⊤∈⋈⊞⊞⋈⊞⊞⋈⋈⊤∈⋈⋈⋈∋∋⋈⊡⋈⋈⋈⋈⋈⋈⋈⋈⋈⋈⊞⋈⋈⋈⋈⋈⋈⋈⋈⋈⊤∈∋⋈⊤∈⋈⊙∋⊤∈⋈⊙∋⊤∈⋈⊙∋⊤⋈∈⋈⊙⋈≺∋∋∋⋈⋈⋈⋈⋈⋈⋈⋈⋈⋈⋈⋈⋈⋈⋈⋈⋈⋈⋈⋈⋈⋈⋈⋈⋈⋈⋈⋈⋈⋈⋈⋈⋈⋈⋈⋈⋈⋈⋈⋈⋈⋈⋈⋈⋈⋈⋈⋈⋈⋈⋈⋈⋈⋈⋈⋈⋈⋈⋈⋈⋈⋈⋈⋈⋈⋈⋈⋈⋈⊤⋈∈⊤∈⋈⋈⊤∈∋∋⋈⋈⊙≺⋈⋈⋈⊞∈⋈⋈⊞⋈⊞⋈⊞∈⋈⋈⊞⊤∈≺⊞⋈⋈⊞⊙∋⋈∋⋈⊞⊞⋈⋈⋈≺⋈⋈⋈≻⋈⋈⋈⋈⊤∈⋈⊞⋈⋈⊞⋈⊞⋈⋈≺⋈⋈⋈⋈⋈⋈⋈⋈⋈⋈⊤∈⋈≻⋈⋈∋⋈⊞⋈⋈⋈⋈⋈⋈⋈⋈⋈⋈⋈⋈⋈⊞⋈⋈⋈⋈⋈⊞⋈⊤∈∋≺⋈⊞⊞⊞⊤∈∋≺⋈⋈≺∋∋⋈⊞⋈⋈⊞⊞⋈⋈⋈∋⋈∋⊞⊤∈∋∋⋈⊙∋∋∋⊤⊥⊞∈⋈⊙∋⊞⋈≺⋈⊤∈⋈≻⋈∋⋈⋈⋈⋈⋈⊞⋈⋈⋈⋈⋈⋈⊤∈∋≺⋈⊞⊞⊤∈∋≺⋈≺∋∋⋈⊞⋈⋈⊞⊞⋈⋈⋈⋈≺∋⊞∋∋∋⊤∈⋈⊙∋⊤⊥⊞∈⋈⊙∋⋈≺⋈⊞⊞⊞⋈≺∋∋∋∋⋈⊞⊞⊞≺⋈≺⋈≺∋∋∋∋≺⊞≺∋∋∋∋∋∋⋈⊞⊞≺∋⊞∋⋈⋈⋈≺⋈≺∋∋⋈⊞⋈⊞⋈⊞≺∋∋∋∋∋∋∋∋⋈⊞⋈⊞⊞⋈⊞⊞⋈⊞⋈⋈≺∋⋈⋈⋈∋∋∋⋈⊡∈⋈≻∋⊤∈⊤∈⋈⊙∋⊤∈⋈⊙∋⊤∈⋈⊙∋⊤∈⋈⊙∋∋∋∋⊞⋈⋈⋈⋈⋈⋈⊣⋈⋈⊞⊙
0xabc4ea0	⊢⋈⋈⋈⋈⋈⊤∈⋈⋈⋈⋈⊞⊞⋈⋈⋈⋈⋈⋈⊞⊤∈⋈⋈⊞∈⊤∈⊤∈⋈⋈≺⊞⋈⋈⋈⋈⋈⋈⊞⊞⋈⊞⊞⊞⊞⋈⋈⊞∈∋⋈≺∋⋈⋈⋈⊤∈⋈⋈⋈⋈⋈⋈⋈⋈⊞⊤∈⋈⋈⋈≺⋈⊤∈⊤∈⋈⋈⊞⋈⊤∈∋⊞⋈⋈⋈⋈≺∋∋⋈⋈⋈⋈⋈⋈⊞⊞⋈⊞⊞⊞⊞≺∋⊤∈⋈⊞≺⋈⋈⊤∈⋈⊞∈∋∋⋈⋈⊤∈⊤∈⊞⊞⊤⊥⊞⊞⊞⋈⋈⊞⋈⊞⊞⊤⋈⊥⋈⊞∈⊞⋈⋈⋈⋈⋈⋈⋈⋈≺⋈≺⋈≺⊞⋈≺∋⋈⋈∋⋈≺⋈≺∋∋⋈⊞⋈⋈⋈⊞⋈⊞⋈⋈≺∋∋∋∋⋈∋⋈⋈⋈⊣
0xabb2c60	⊢⋈⊤∈⋈⊣⋈⋈⋈⋈⋈⋈⊤∈⋈⋈⋈⋈⊞⊞⋈⋈⋈⋈⋈⋈⊞⊤∈⋈⋈⊞∈⊤∈⊤∈⋈≺⋈⋈⋈⋈⋈⊞⊞⋈⊞⊞⊞⊞⋈⊞∈∋⋈⋈⋈⊤∈⋈⋈⋈⋈⊞⋈⋈⋈⋈⋈⊞⊤∈⊤∈⋈⋈⊞⋈⊞≺⊤∈⊤∈⋈⋈⊤∈⋈⊞∈⋈⋈⊤∈⊤∈⋈⋈⋈⊞⊤∈∋⊞≺∋∋⋈⊞⋈⊞≺∋⊞⋈⋈⋈⋈⋈⋈⋈⋈⊞⊞⊞⊞⊞⊞⋈⋈⊞≺∋⊞⊞⊤∈⋈⊞≺⋈⋈⋈⋈⊞⊙⊞⋈⊞≺⊤∈⊤∈⋈⋈⊞⋈⊤∈∋∋⋈⊞⋈⊞⊞⋈≺⋈⋈⋈⋈⋈⊞⊞⋈⊞⊞⊞⋈⊞≺∋⊤∈⋈⊞⋈≺⋈⋈⊤∈⋈⊞∈∋∋∋∋∋⋈⊞⊞≺∋∋∋⊞⊞⋈⊞⊞⋈⊞⊞⋈⋈⋈⋈⋈⋈⋈⋈⋈⋈⋈⋈⋈⋈≺⋈≺∋∋⋈⊞⋈⊞⋈⊞⋈⊞≺∋∋⋈⊞⊞⋈⊞⊞⋈⊞⊞⋈⊞⋈⋈⋈⋈⋈∋⋈⋈⋈⋈⋈⊣
0xabc8ca0	⊢⋈⋈⊤∈⊤∈⋈⊤∈⋈≺⋈⊤∈⊤∈⊤∈⋈⊤∈≺∋⋈≺⋈⋈⊤∈⋈⋈⊞⊞≻∋⋈∋∋∋⊞∋∋∋⋈⋈⋈⊞⋈⊞⊞⊡∈⊤∈⋈⊞⊤⋈∈∋⊞⊤∈⋈⋈⋈≻⋈⋈∋⋈⊞∈⊤∈⊤∈⊤∈⊤∈⋈⊤∈≺∋∋∋⋈∋∋∋⊞⋈⋈⋈⋈⋈⊣
0xabae050	⊢⋈⋈⋈⋈⋈⋈⊞⋈⋈⋈⊤∈⋈⋈⋈⋈⋈⋈∋⋈⋈⋈⋈⋈⋈⋈⋈⋈⋈⋈⋈⋈⋈⋈⊤∈⊤∈⊡∈⊞⊡∈⊤∈⋈⊤∈⊞⊤∈∋⋈⊞⊤∈∋⊤∈⊤∈≺∋∋⊞⊤∈⊞⊞∈∋⊞∋∋⋈⋈∋⊤∈⊤∈⊤∈⋈⋈⊡∈⋈⋈≻⊤∈⋈⊞∈⋈⋈∈∋∋∋⊞⊤∈⋈⋈∈⋈⊤∈⊤∈⊤∈⊞⊡∋⊤∈⊤∈⊤∈∋⊞⊤∈≺∋⋈⊤∈∋∋⋈⋈≻⊤∈⋈⊞∈⋈⋈≺∋≺⊤∈⋈⋈⊞∈⋈⋈≻⊤∈⋈⊞∈∋∋⋈⊞⋈≻∋⋈⋈⋈≻⋈⋈⊤∈∋⋈≺∋∋∋∋∋∋∋∋∋⋈⋈⊞⋈⋈⋈⋈⋈⊣
0xabc5660	⊢⊤∈⋈⋈⋈⋈⋈⋈⋈⋈⊞⋈⋈⊣⋈⋈⋈⋈⋈⊤∈⋈⋈⊤∈⋈⋈⊤∈⋈⋈≺∋⋈⊞⊤∈⊤∈⊤∈⋈⋈⋈⊤∈⊤∈⋈⊞∈∋⋈≺∋⊞⊞⋈⊞∈⋈⋈⊞⊞∈⋈⊤∈⋈⋈⊤⋈∈⊞⊤∈⋈∈⊤∈⋈⋈⋈⊞⊤∈⊤∈⊞⊞⋈⊞⊞⋈⊞⊤∈∋⋈∈⊤∈∋⋈⋈⋈⋈⋈⋈⋈⋈⋈⋈⋈⊤∈⋈∋∋⋈⋈≺⊞⊞⋈⊞⊞⋈⊞⊤∈∋≺∋∋⋈⋈⊞⊞⊞∈⋈⊤∈⋈⋈⋈⋈⋈⋈⋈⋈⋈⋈⋈⋈⋈⋈⋈≺⋈⋈≺⋈≺∋⋈≺⋈≺⋈⋈≺⋈≺⊞⊞≺⊞≺∋∋∋⋈⋈⋈⋈⋈⋈⋈⋈⋈∋⋈∋∋∋∋∋∋∋⋈∋⋈⋈⋈⋈⋈⊣
0xaba1d11	⊢⋈⋈⋈⋈⋈⋈⊞⋈⋈⋈⋈⋈⋈⊞⊤∈⋈⋈⋈⋈⋈⋈⊞⋈⋈⋈⋈⋈⊙⋈⋈⋈⋈⋈⋈⋈⋈⋈⋈⋈⊞⊞⊞⊞⊞⋈⋈⊙⋈⋈⋈⋈⋈⋈⋈⋈⋈⋈≺∋⊞⋈⊞⋈⋈⋈⋈⋈⋈⋈⋈⋈⊞⋈⋈⋈⋈⋈⋈⊣
0xab8b16d	⊢⋈⋈⋈⋈⋈⋈⋈⊞⋈⋈⋈⋈⋈⋈⋈⋈⋈⊞⊤∈⋈⋈⋈⋈⊞⋈⋈⋈⋈⊙⋈⋈⋈⋈⋈⊡⊞⊞⊞⊞⊞⊙⋈⋈⋈⋈⋈⋈⊡≺∋⊞⊞⊞⋈⋈⊡⋈⋈⋈⋈⋈⊞⋈⋈⋈⋈⋈⋈⊣
0xaba1e3f	⊢⋈⋈⋈⋈⋈⋈⊞⋈⋈⋈⋈⋈⋈⋈⋈⋈⊞⊤∈⋈⋈⋈⊞⋈⋈⋈⊞⋈⋈⋈⋈⊙⋈⋈⋈⋈⋈⋈⋈⋈⋈⋈⋈⊞⊞⋈⊞⊞⊞⋈⋈⊙⋈⋈⋈⋈⋈⋈⋈⋈≺∋⋈⊞⋈⋈⋈⋈⋈⋈⊤∈⋈⋈⋈⋈⊞⊞⊙∋⋈⋈⋈⊤∈⊞∈⋈⋈⋈⋈⊞⊤∈∋∋⊞⋈⋈⋈⋈⋈⋈⊣
0xab8b457	⊢⋈⋈⋈⋈⋈⋈⋈⊞⋈⋈⋈⋈⋈⋈⋈⋈⋈⊞⊤∈⋈⋈⋈⊞⋈⋈⋈⊙⋈⋈⋈⋈⋈⊡⊞⊞⊞⊞⊞⊙⋈⋈⋈⋈⊡≺∋⊞⊞⋈⋈⊡⋈⋈⊤∈⋈⋈⋈⋈⊞⊞⊙∋⋈⋈⋈⋈⊤∈⊞∈⋈⋈⋈⋈⊞⊤∈∋∋⊞⋈⋈⋈⋈⋈⋈⊣
0xab71c57	⊢⋈⋈⋈⋈⋈⋈⊞⋈⋈⋈⊞⋈⋈⊞∈⋈⊞⊞⊞⋈⋈⊞⋈⋈⊤∈⊤∈⋈≺⋈⊤∈⋈⋈⊤⊥⊤⊥⊞∈⊞⋈⋈⋈⊤∈⋈⋈⋈⋈⋈≻⊤∈⋈⋈≺∋⋈≻⋈⋈≺∋⋈⋈⋈⋈⊙⋈⋈⋈⋈⋈⋈⋈⋈≺⋈⋈⋈≺∋⋈∋⋈∋⋈⋈⋈⊤∈⊤∈⋈⋈⊤∈⋈⋈⊤⊥⊤⊥⊞∈∋⊞⋈⋈⋈⋈⊤⋈∈⋈⊞⋈⋈⋈⋈≻⊤∈∋⋈⋈≻⋈⋈≺∋⋈⋈⋈⊙⋈⋈⋈⋈⋈⋈⋈≺⋈⋈≺⋈≺∋∋⋈∋⋈⊞⋈⋈⋈⋈⋈⋈⋈⋈⋈⊞⊞⊞⊤∈∋≺∋⋈⋈⋈⊙⊞⋈⋈⋈⋈⋈⋈⊣
0xab7bb9c	⊢⋈⋈⋈⋈⋈⋈⊞⋈⋈⋈⋈⋈⋈⊞⋈∈⋈⋈⋈⋈⋈⋈⋈⋈⊞⊤∈⋈⋈⋈≻⊞⊞⋈⋈≻⋈⊤∈⊞⊤∈∋⋈≻⋈⊤∈⊤⋈∈⋈≺⋈⊤∈⋈⊤⊥⋈⊤⊥⊞∈⊞⊤∈⋈⊞⋈⋈⋈⋈≻⊤∈⋈⋈≺∋⋈⋈⋈⊙⋈⋈⋈⋈⋈⋈≺⋈⋈≺⋈≺∋∋∋⋈⋈⋈⋈⊞⊤⋈⋈⊥⋈∋⋈⋈⋈⊤∈⋈∋⊤∈⊤⋈⋈⊥⊤⊥⊞∈⊤∈⊞⋈⋈⊤∈≺⋈⊤⋈∈∋∋⋈⋈∈∋⋈⋈⋈∋∋⋈⋈⋈⋈⊤∈⋈⋈⋈≻∋⊞⋈⋈≻⋈⊤∈⊞⊤∈∋⋈≻∋⋈≺∋⋈⋈≻⋈⊤∈⊤⋈∈⋈≺⋈⊤∈⋈⊤⊥⋈⊤⊥⊞∈∋⊞⊤∈⋈⊞⋈⋈⋈≻⊤∈⋈≺∋⋈⋈≻⋈≺∋⋈⋈⋈⋈⊙⋈⋈⋈⋈⋈≺⋈⋈≺⋈≺∋∋∋⋈⋈⋈⋈⊞⊤⋈⋈⊥⋈∋⋈⋈⋈⊤∈⋈∋⊤∈⊤⋈⋈⊥⊤⊥⊞∈⊤∈⊞⋈⋈⊤∈≺⋈⊤⋈∈∋∋⋈⋈∈∋⋈⋈⋈∋∋⋈⋈⋈⋈⊤⋈∈⋈⋈⋈≻∋⋈⊤∈⋈⋈⋈≻∋⋈⊤∈⋈⋈⋈≻∋⊞⊤∈∋≺∋⋈⋈⋈⋈⋈⊞⋈⋈⋈⋈⋈⋈⊣
0xab7b583	⊢⋈⋈⋈⋈⋈⋈⊞⋈⋈⋈⊞⋈⋈⋈⊞∈⋈⊞⊞⋈⊞⊤∈⋈⋈⋈⋈≻⋈⋈≺∋⋈⋈⋈⋈⋈⋈⋈⋈⋈⋈⋈⋈⋈⋈⋈⋈⋈⋈⊞⊞⊤∈∋⋈⋈⋈⊙⊞⋈⋈⋈⋈⋈⋈⊣
0xab7b291	⊢⋈⋈⋈⋈⋈⋈⊞⋈⋈⋈⋈⊞∈⋈⋈⋈⋈⊞⊞⋈⊞⋈⊞⊞⋈⊞⊞⋈⊞⊞⋈⋈⋈⊞⋈⋈⋈⊞∈⊤∈⋈⋈⋈≻⊤∈⊤∈∋⊤∈⊤∈∋⋈⋈⋈⋈≻⋈⋈⋈⋈⋈⋈⋈⋈⋈⋈⋈⋈≻⋈⋈⋈⋈⋈⋈⋈⊤∈⋈⋈⋈≻∋⋈⋈⋈⋈⋈⋈⋈⋈⋈⋈⋈⋈⋈⋈⋈≻⋈⋈⋈⋈⋈⋈⋈⋈⋈⊤∈⋈⋈⋈≻∋∋∋⊞⊞⊞⊤∈∋⋈⋈⋈⋈⋈⋈⊞⋈⋈⋈⋈⋈⋈⋈⋈⊞⊤∈∋⋈⋈⋈⊙⊞⋈⋈⋈⋈⋈⋈⊣
0xab7fa9c	⊢⋈⋈⋈⋈⋈⋈⊞⋈⋈⋈⋈⋈⋈⋈≻⋈⊤∈⋈⋈⊙⊤∈⋈⋈≻⋈⋈⋈⋈⋈⋈⋈⋈⋈⊤∈⋈⋈⋈≺⋈⊤⋈∈⋈⋈⋈⊤∈⊤∈⋈≺⋈⊤∈⋈⋈⊞⊥⋈⊞⊤⊥⊞∈⊤∈⋈⋈⋈⋈⋈≻⊤∈⋈⋈≺∋⋈⋈⋈⊙⋈⋈⋈⋈≺∋∋⋈⋈⋈⋈⋈⋈⋈⋈⋈⋈⋈≺⋈⋈⋈⋈⋈⋈⊤∈∋⋈⋈⋈⋈≻≺∋∋⋈⋈⋈⋈⋈⋈⋈⋈⋈≻⋈⋈⋈⋈≻⋈⋈⋈≻⋈⋈≻⋈⋈⋈⋈⊤⋈∈⋈⋈⊤∈⊤∈⋈∋⊤∈⋈≺∋⊤∈∋⋈⋈⋈⋈⋈⋈⊞⋈≻≺∋⊤∈⋈⋈⋈⋈≻≺∋∋⋈⊤∈⋈⋈⋈≻∋⋈⋈⋈⋈≻⋈⋈⋈⋈⋈⋈⋈⋈≻⋈⋈⋈⋈⋈⊤∈⋈⋈⋈≻∋⋈⋈⋈⋈⋈≻⋈⋈≻⋈⊤∈⋈⋈⋈≻∋⋈⊤∈⊤∈⋈⊤∈⋈⋈⊞⊥⋈⊤⊥⊞∈∋⊞⋈⊤∈∋⋈⋈≺≺∋⋈⊞∋⋈∈⋈⋈⊤∈⋈⊤∈⊤∈⋈⋈⊞⊥⋈⊤⊥⊞∈⋈⋈⋈⊤∈⋈⊞⋈⋈⋈≻⊤∈⋈⋈≺∋⋈⋈⋈⊙⋈⋈⋈⊞∋⋈⋈≻∋⊤∈⋈⊞⋈⋈⋈≻⊤∈∋∋⋈⋈≻∋⋈⋈⋈⋈⋈⋈⋈⋈⋈≻⋈⋈⋈⋈⋈⋈≺∋⋈⋈⋈⊙⋈⋈⋈≺∋⋈⋈⋈≺⋈⋈⊤∈∋∋⋈⋈⋈⋈⋈⋈⋈⋈⋈⋈⋈⋈⊞⋈≺∋⋈≺∋⋈⋈⊤∈⊤∈⋈⋈⋈⋈⋈⋈⋈⋈⋈≻⋈⋈⋈⋈⊤∈∋⋈⋈⋈⋈⊞≺⋈⋈⋈≺∋⋈∋⋈⋈⋈⋈⊞⋈⋈⋈⋈⋈⋈⋈⋈⋈⋈⋈⋈⋈⋈⋈⋈⋈⋈⋈⋈⋈⋈⋈⋈⋈⋈⋈⋈⋈⋈⋈⋈⋈⋈⋈⋈⋈⋈⋈⋈⋈⋈⋈⋈⋈⋈≻⋈⋈⋈⋈⋈⊤∈⋈⋈⋈⋈⋈⋈⋈⋈⋈⋈⋈⋈⋈⋈⋈⋈⋈⋈⋈⋈⋈⋈⋈≻⋈⋈⋈⋈⋈⊤∈⋈⋈⋈⋈⋈⋈⋈⋈⋈⋈⋈⋈⋈⋈⋈⋈⋈⋈⋈⋈⋈⊞⋈⋈⋈⋈⋈⋈⋈⋈⋈⋈⋈⋈⋈⋈⋈⋈⋈⋈⋈⋈⋈≻⋈⋈⋈⋈≻⋈≻⋈∈⋈⊞⋈≻⋈⋈⋈⋈⋈⋈⋈⋈⊞⊤∈∋⋈⋈⋈⋈⋈⊙⋈⋈⋈⊙⋈⋈⋈⊙⋈⋈⋈⊙⋈⋈⋈⋈⊙⋈⋈⋈⋈⊙⋈⋈⋈⋈⋈⊤∈⋈⋈⋈⋈⋈⋈⋈⋈⋈⊤⋈∈⋈⋈⋈⋈≻∋⊤∈⋈⋈⋈⋈≻≺⋈⋈⋈⋈⋈∋∋⋈≻⋈⊤∈∋⋈⋈⋈∋≻≺∋∋∋⊞⋈⋈⋈⋈⋈⋈⊣
0xab8504e	⊢⋈⋈⊞⋈⊤∈⋈⋈⊙⊤∈⋈⋈≻⋈⋈⋈⋈⋈⋈⊞⋈⋈⋈⋈⋈⋈⋈≻⋈⋈⋈⋈⋈⊤∈⊤∈⊞⊤∈⋈⋈⋈⋈≻∋⊤∈⋈⋈⊙⊤∈⋈⋈⋈⋈⋈⋈⋈⋈⋈⋈⋈≺⋈⋈⋈⋈⊤⋈⋈∈⋈⋈⊤∈⊤∈⋈⊞⊥⋈⊤⊥⊞∈⊞⋈⋈⋈≺⋈⋈⋈⋈≺∋∋⋈∈⋈⋈⋈⋈⋈⋈⋈⊤⋈⋈∈⋈⋈⊤∈⊤∈⋈⊞⊥⋈⊤⊥⊞∈⊤∈⋈⊞⋈⋈⋈≻⊤∈⋈⋈≺∋⋈⋈⋈⊙⋈⊞∋⋈⋈≻∋⊤∈⋈⊞⋈⋈⋈≻⊤∈∋⋈⋈⋈≺∋⋈⋈⋈⊙⋈≺∋⋈⋈⋈⋈≺∋⋈⋈⋈⋈⋈≺∈⋈≺∋⋈⊞⋈⋈⋈⋈⋈⋈⋈⋈∈⋈⊤∈⊤∈⊤⋈⊥⋈⊤∈∋⋈⊞∈⊤∈∋⋈⋈⋈⋈⋈⋈⋈⋈⋈≻⋈⋈⋈⋈⊤∈⋈⋈⋈≻∋⋈≺⊤∈⋈⊤∈⋈⊤∈⋈⊞⋈⊤⋈∈∋⊞∈⋈⊞⊞∈∋≺≺∋⊞∋⊞⊤⊥⋈⋈∋⋈⋈⋈⋈⊤∈⋈⋈⋈≻∋⋈⋈⋈⋈⋈⋈≺∋≺∋⊤∈⊤⋈⋈∈⋈⋈⊤⋈⋈∈∋⋈⊤∈⊤∈⋈⊤⋈⋈⋈∈⋈⋈⊤⊥⊞⊤⊥⋈⋈⋈⋈≺∋⋈⊞⊥⊞⊞∈⋈⋈⋈⋈⋈⋈⋈⋈⋈⋈⋈≻⋈⋈⋈⋈⋈⊤∈⋈⋈⋈≻∋⋈⋈≺⊤∈⊤∈⊤∈⋈⋈⋈⊤∈∋⊞∈⋈⋈⊞⋈⊞∈∋≺≺∋⊞∋⊞⊤⊥⋈⋈⋈⋈∋⋈⋈⋈⊞⋈⋈⋈∈⊤∈⋈⋈≺⊤∈⋈⊞⋈⋈≺∋∋⊤⋈⊥⊤∈⊤⋈⋈⊥⊤⊥⊞⊙⊤∈∋⋈⋈⊙⊤⋈∈⋈⋈⋈⋈⋈⋈⋈⋈⋈⋈⋈⋈⊤⋈∈⋈⋈⋈⋈≻∋⋈≺⋈⋈⋈≻⊤∈⋈⋈⊤⋈⋈⊤≺∋⋈∈⋈⊞⋈⊤⊥≺∋⋈⊞∈⊤∈∋⋈⋈⋈⋈⋈⋈⋈⋈⋈≻⋈⋈⋈⋈⋈⋈⊤∈⋈⋈⋈≻∋⋈≺⊤∈⋈⊤∈⋈⊤∈⋈⊞⋈⊤⋈∈∋⊞∈⋈⊞⊞∈∋≺≺∋⊞∋⊞⊤⊥⋈⋈⋈∋⊤∈⋈⋈⋈≻∋⋈⋈⋈≻⊤∈⋈⋈⊤∈⋈⋈⊤∈∋⋈⊤⊥∋⋈⊞≺∋⋈⊞∈⊤∈∋⋈⋈⋈⋈⋈⋈⋈⋈⋈≻⋈⋈⋈⋈⋈⋈⊤∈⋈⋈⋈≻∋⋈≺⊤∈∋∋∋∋⋈⋈⋈≻⋈⊤∈⋈⊤∈⋈⊞⋈⊤⋈∈∋⊞∈⋈⋈⊞⋈⊞∈∋≺≺∋⊞∋⊞⊤⊥⋈⋈∋⊤∈⋈⋈⋈≻∋⊤∈⋈⋈⋈⋈≻∋⋈⋈⋈⋈⋈⋈⊤∈⋈⋈⋈≻∋⊞⊤∈∋⊤∈⋈⊤⋈⋈∈⊤∈⊞⊥⋈⋈⊤⊥⊞∈∋⊤∈⋈⊞⋈⋈⋈≻⊤∈⋈⋈⋈≺∋⋈⋈⋈⊙⋈≺⊞∋⋈⋈≻⋈⋈⋈⋈∋⋈⋈⋈⋈⋈≺∋∋⊤∈⊤∈∋⋈⊤∈⋈⋈⊞⊥⋈⊤⊥⊞∈⊤∈⋈⊞⋈⋈⋈≻⊤∈⋈⋈≺∋⋈⋈⋈⊙⋈⋈≺⊞∋⋈≺∋⋈≻∋⋈⋈∋⋈⋈⋈≺∋⋈⋈⋈≺∋∋⋈⋈⋈⋈⋈⋈⋈⋈⋈⋈⋈⋈⋈⋈⊤∈⋈⋈⋈≻∋⋈⊤∈⋈⋈⋈≻∋⋈⊤∈⋈⋈⋈≺≺∋∋⋈⋈⊙⊤∈⋈⋈⋈⋈⋈⋈⋈⋈⋈⋈∋⊤∈⋈⋈⋈⋈≻∋⋈⊤∈⋈⋈⋈⋈⋈⊙⊤∈⋈⋈≻∋⋈⋈≻∋⋈⋈≻∋⋈⋈≻⋈⋈⋈⋈⋈⋈⊞⋈⋈⋈⋈⋈≻⋈⋈⋈⊤⊥⊞⊥⊞∈⊤∈⊞⋈∈⋈⊞∈⋈⊞⊤∈⊤∈∋∋∋∋⋈∋⋈⋈⋈⋈⋈⋈⋈≻⋈⋈⋈⊤⊥⊞⊥⊞∈⊤∈⊞⋈∈⋈⊞∈⋈⊞⊤∈⊤∈∋∋∋∋∋⋈⋈⋈⋈⋈⋈≻⋈⋈⋈⊤⊥⊞⊥⊞∈⊤∈⊞⋈∈⋈⊞∈⋈⊞⊤∈⊤∈∋∋∋∋∋⋈⋈⋈≻⋈⊤∈⊤∈⊤∈⋈⋈⋈⋈⋈⋈⋈⋈≻⋈⋈⋈⋈⋈⋈≻⋈⋈⋈⋈⋈⊤⊥⊤⊥⊞∈⋈⊤∈⋈⋈⋈⊙⋈⊤∈⋈≻⋈⋈≻⋈⊞⋈⊞⊞∈∋⊞∈⋈⋈⋈⊙⋈⋈⋈⋈≻⊤∈⊤⊥⋈⋈⋈⋈⊙⋈⋈⊤⊥⊞∈⋈⋈∈⊤∈⋈⋈≺⋈⊤∈⋈⊞⋈⊤∈∋∋⋈⋈≺⋈≺∋⋈∋∋⋈⋈⋈⋈⋈⋈⋈≻⋈⋈⊤∈⋈⋈⋈⋈⊤⋈⋈∈⋈⋈⋈⊙⋈⊤∈∋⋈⋈⋈⋈⋈⋈≻⋈⊤∈⋈⋈⋈⋈⋈⋈⊙⊤∈∋⋈⋈≻⋈⋈⋈⋈⋈⋈⋈⋈⋈≻⊤∈⋈⋈⋈∈⋈⋈⋈⋈⋈≻⋈⋈⊤∈⋈⋈⋈≻⋈⋈⋈⋈⋈⋈⋈⋈⋈≻⋈⋈≻⋈⋈⋈⋈⋈⋈⋈⋈⊤∈∋⋈⋈⋈∋⋈⋈≻⋈⊤⋈∈⋈⋈⋈⊙⊤∈⋈⋈≻⋈⋈⋈⋈⋈⋈≻⋈⋈⊤⋈⋈∈⋈⋈⋈⋈⋈⋈⋈≻⋈⋈⋈⋈⋈⋈⋈⋈≻⋈⋈⊤∈⋈⋈⋈⋈⊙⋈⊤∈∋⊤∈⋈⋈⋈⋈⊙⋈⋈⊤∈∋⋈⋈⋈⋈⋈⋈≻⋈⋈⋈⋈≻⋈⋈⋈⋈⋈≻⋈⋈≻⋈⋈⋈⋈⋈⋈∋∋⊤∈⋈⋈⋈⊙⋈⊤∈∋⊤∈⋈⋈⋈⊙⋈⊤∈∋⊤∈∋∋⋈⋈⋈≻⋈⋈⋈⋈⋈⋈⋈⋈≻⋈⋈⊤∈∋⋈⋈⋈⋈⋈⋈⋈⋈⋈⋈⋈⋈≻⋈⋈⋈⋈≻⋈⋈⋈≻⋈⊤∈⋈⋈⋈⊙⊤∈∋⊤∈⋈⋈⋈⋈⋈⋈⋈⋈⋈⋈⋈≻⋈⋈≻⋈⋈⋈⋈⋈⋈⋈⊤∈⋈⋈⋈⋈⊡⋈⋈⋈⋈⋈⋈⋈≻⊤∈⋈⋈⋈⋈≻⋈⋈⋈⋈⋈≻⋈⋈⋈⋈⋈⋈⋈⋈⋈⋈⋈⋈⋈⋈⋈≻⋈⋈⋈⋈⋈⋈⋈⋈⋈⋈⋈⋈⊙⋈⋈≻⋈⋈≻⋈⋈≻⋈⋈≻⋈⋈≻⋈⋈≻⋈⋈≻⋈≺⋈⋈⋈⋈⋈⋈⋈≺∋∋⋈⋈⋈⋈≻⋈⋈⋈⋈⋈∋⋈⋈≻⋈⋈≻⋈⋈≻⋈⋈≻⋈⋈≻⋈≺⋈⋈⋈≻≺∋∋⋈⋈≻⋈⋈⋈≻≺∋⋈⋈⋈≺∋⋈⋈≻⋈⋈⋈⋈≻⋈⋈⋈⋈⋈⋈∋≻⋈⋈≻⋈⋈≻⋈⋈≻≺⋈⋈≻∋⋈⋈⊙⊤∈⋈⋈⋈⋈⋈⋈⋈⋈⋈⋈⋈⋈⋈⋈≻⋈⋈⊙⊤⋈∈⋈⋈⋈⋈⋈⋈⋈⋈⋈⋈⋈≺∋⋈⋈≻≺⊤∈∋∋⋈≻≺∋⋈⊤∈⋈⋈≻∋⋈∋∋∋⋈⋈⊙⊤∈⋈⋈≻∋⋈⋈≻∋⋈⋈≻∋⋈⋈≻⋈⋈⋈⋈⋈⋈⋈⋈⋈⋈⋈⋈⋈∋⋈⋈≻⋈⋈≻⋈⋈≻⋈∋∋⋈⋈⊞⋈⋈⋈⋈⋈⋈≺⋈⋈⋈⋈⋈⋈⋈⋈⊤∈⋈⋈⋈⋈≺∋≻⋈⋈⋈⋈∋⋈≺∋∋∋⋈⋈⋈≻⋈⋈⋈⋈∋≻∋⊞⋈⋈⋈⋈⋈⋈⊣⋈⋈⋈⋈⋈⋈⋈⋈⋈⊞⋈⊞⊞⋈⋈⋈⋈⋈⋈≻⊞≺∋⋈⊞⋈⋈⊣
0xab68256	⊢⋈⋈⋈⋈⋈⋈⊞⋈⋈⋈⋈⋈⋈⋈⋈⋈⋈⋈≻⊤∈⋈⊞⊤∈⊤∈⊤∈∋⋈⋈⋈⋈⋈⋈⋈⋈⋈≻⋈⋈⋈⋈⋈≻⋈⊤∈⋈⋈⋈⊞≻⋈≺∋⋈⋈⋈⋈⋈⋈⋈⋈⋈⋈⋈⋈⋈⋈⊞⋈⋈≻⊞⋈⋈⊤∈⋈⊞⊞⊞⊞⊤∈⋈⊞⊙∋∋⋈⋈⋈⋈⋈≻⋈≺∋∋∋⋈⊞⋈⋈⋈⋈⋈⋈⊣
0xab67809	⊢⋈⊤∈⋈⋈⋈≻⋈⋈⋈⋈⋈⋈⊞⋈⋈⊤∈⋈⋈⋈≻⋈⊞⋈⋈⊞⊞⊞⊞⋈⊞⊞∈⊞⊡⊞⊞⊞⊤∈⊡⋈⋈⊡⋈∈⊞⊞⊞⊞⋈⋈⋈⊞⋈⋈≻⊤∈⋈⋈⋈≻≺⋈⊞⋈⋈⋈⊡⋈⊞⊡⋈∈∋∋⊞⊞⊤∈∋⋈⋈⊤⋈∈⋈⋈⊞⊞⊞⊥⊡⊡⊞⋈⊡⋈≺⋈⋈⊤∈⋈≺⋈⊤∈⋈≺⋈⊞⊞⊞⋈⋈⊤∈⊤∈⋈⋈⋈≻⋈⋈⋈⋈⋈≻⋈⋈⋈⋈≺⊤∈⋈⋈⋈∋≻≺⋈⋈⊡⊡⊞⋈⊡⋈≺∋∋⋈⊤∈⋈⋈⋈⋈⋈≻⋈⋈⋈⋈≻⋈∋⊡⊡⊡⊡⊡⊡⋈⋈⋈⋈⋈⊤∈⋈⋈⊡⊤⋈⋈∈⊡∋⋈⊤∈⋈⋈⋈≻⊤∈⋈≻∋⋈⋈⊞⋈⋈⋈⊡⊡⋈⋈⋈⋈⋈⋈⊤∈⋈≻∋⋈⊞⊡⊡⊡⊡⊡⊡⋈⋈⋈⋈⋈⊞⋈⋈⊤∈⋈≻∋⋈⋈⊞⋈⋈⋈⋈⋈⋈⋈≻⋈⊤∈⋈≺⋈⋈⋈⊞⋈⋈⊤∈⋈≻∋⊡⊡⊡⊡⊡⊡⊡⊡⋈⊤∈⋈≺⋈⋈⊞⋈⋈⊤∈⋈⋈⋈≻∋⋈⊤∈⋈⋈⋈≻∋⊡⊡⊡⊡⊡⊡⋈⋈⋈⋈⋈⋈⋈⊤∈⋈≺∋∋∋∋⋈≻∋⋈∋⋈≻⋈⋈⋈⋈⋈⋈⊞⋈⋈⋈⋈⋈⊤∈⋈⋈⊞≻≺∋⋈⋈⋈⋈⋈⋈⋈⋈⋈⋈⋈⋈⋈⋈⋈⋈⋈⊞≻⋈⋈⊤∈⋈⊞⊞⊞⊞⊤∈⋈⊞⊙∋∋⋈⊞⋈⋈⋈⋈⋈⋈⊣⋈⋈≺∋⋈⋈⋈≻⋈⊤∈⋈⋈≻≺∋⋈⊞⋈⋈⊞⊞⊞⊞⋈⊞⊞⊞∈⊞⊡⊞⊞⊞⊤∈⋈⋈⊡⋈⋈⋈⊡⋈⋈∈⋈⊞⊞⊞⊞⋈⋈⋈⋈⋈≻⊤∈⋈⋈⋈≻≺⋈⊞⋈⋈⋈⋈⋈⋈⋈⊡⊞⋈⋈⊡∈∋∋⊤∈⊞⊤∈⊞⊞⊞⊞∋⊞⊞⊤∈⋈⊤∈⊡⊞⊞⋈≺∋⊞⋈⊡⋈⊞⋈⋈⊡⊞⋈⋈⊡⊡⊡⊡⊡⊡⊡⊡⋈⋈∋⋈⊤∈⋈≻∋⋈⋈⊞⋈∋⋈⊞⋈⋈⋈⋈⋈⋈⊣⋈≺∋⊞⊞⊞≺∋⊞⊞⊞≺∋⊞⊤∈⊞⊞⋈⊞∈⊤∈⋈⊤⋈∈⋈∋⋈⊤∈⋈⋈⊤∈⊞⋈⋈≺∋⋈⊞⊤∈⋈⊞∈∋∋⊞⊞≺∋∋⊞≺∋⋈⊣
0xab68180	⊢⋈⋈⋈⋈⊞⋈⋈⋈⊤∈⋈⋈⊞≻≺∋⋈⋈⋈⋈⋈⋈⋈⋈⋈⋈⋈⋈⋈⋈⋈≻⋈⋈⊤∈⋈⊞⊞⊞⊞⊤∈⋈⊞⊙∋∋⋈⊞⋈⋈⋈⋈⊣
0xab675be	⊢⋈⋈⋈⋈⋈⊞⋈⋈⋈⊞∈⋈⊤∈⋈≺⊞⊡⊤∈∋⋈⊤⋈⋈⋈⋈⋈⋈⋈⋈⋈⋈⋈⋈∈⋈⋈⋈⋈⋈⋈⋈∈⋈⋈≻⊞⊤∈∋∋⋈⋈⋈⊞⋈⋈⋈⊤∈⊞⊞∈⋈⋈⊤∈⋈⋈∋⋈≻⋈⊤∈⋈≻∋⊞⊤∈∋∋⋈⋈⋈⋈⊞⋈⋈⋈⋈⋈≺
0xab68775	⊢⋈⊤∈⊞⋈⊤∈⋈≻∋⋈⋈⋈≻⊞⋈⋈⊣
0xab6f866	⊢⋈⋈⋈⋈⋈⋈⊞⋈⋈⊤∈⋈≺⋈⋈⋈⋈⊞⋈⋈⊤∈⊞⋈⋈⋈⋈⋈⊡⋈⋈⊡⋈⋈⋈⋈⋈≻⋈⊞⋈⋈⊞⊞⊞⊞⋈⊞⊞∈⊞⊡⊞⊞⊞⊤∈⋈⋈⊡⋈⊡⋈∈⋈⊞⊞⊞⋈⊞⋈⋈⊞≻⊤∈⋈⋈⊞⋈⊞⋈⊞⋈⊞⊡⊞⊞⊞⊡⊞⊞⋈⊞⊞⊞⊞⊞⋈⊤∈⊡⋈∋⋈⋈⊡⊞⋈⋈⋈⊡⋈⊤⋈∈⋈≻⋈⊞⋈⋈⋈⋈⋈⊡⋈⊞⊡∈∋∋⊞⊞⊤∈∋∋⋈⋈⊞⋈⋈⋈⋈⊤∈⋈∋⋈≻⋈⊞⋈⋈⋈⋈⊤∈⋈⋈⋈≻∋⋈⊤∈⋈⋈⋈≻∋⋈⋈⋈⋈⋈⋈⋈⋈⊤∈⋈≻∋⋈⋈⊞⋈⊞⊤∈⋈⋈⋈≻⋈⋈≻∋⋈≻∋⊞⋈⋈⋈⋈⋈⋈⊣⊞⊞⊞≺∋
0xab6f83b	⊢⋈⊤∈⋈⋈⋈⋈≻⋈⊡∈⊣
0xaba1cef	⊢⋈⋈⊙⊤∈⋈⋈≻⋈⊣
0xab8b148	⊢⋈⋈⋈⊙⊤∈⋈⋈≻⋈⊣
0xaba12ac	⊢⋈⋈⊙⊤∈⋈⋈≻⋈⊣
0xab8b123	⊢⋈⋈⋈⊙⊤∈⋈⋈≻⋈⊣
0xabab240	⊢⋈⋈⋈⋈⋈⋈⋈⊞⋈⋈⋈⊤∈⊤∈∋⋈⋈⋈⋈⋈⋈⊤∈⋈⋈⋈⋈⋈⋈⋈⋈≻⊤∈⊤∈⋈⋈⋈⋈⋈⋈⋈⋈⋈⋈⋈⋈⋈⋈⊙⊤∈⊤∈⋈⋈⋈⋈⋈⋈⋈⋈⋈⋈≺∋⋈≻⊤∈∋∋⊤∈⊤∈⋈⋈⋈⋈⋈⋈⋈⋈⋈⋈⋈⋈⋈⋈⋈⋈⋈⋈⋈⋈⋈⋈⋈⋈⋈⋈⋈⋈⋈⋈⋈⋈⋈⋈⋈⋈≺∋⋈≻⊤∈⋈⋈⋈⋈⋈⊙⊤∈∋⋈⋈⋈⋈⋈⊙⊤∈⋈⊤⊥⊞⊤⋈∈⋈⊤∈⋈⋈⋈⋈⋈⋈⋈⋈⋈⋈⋈≻⊤∈∋⋈⋈⋈⋈⋈⊙⊤∈⋈⋈⋈⋈⋈⋈⋈⋈⋈⋈⊙⊤∈⋈⋈⋈⋈⋈⋈⋈⋈⋈≻⊤∈⋈⊤∈⋈⋈⋈⋈⋈⋈⋈⋈⋈⋈≻⊤∈∋⋈⋈⋈⋈⋈⊙⋈⋈⊤⋈∈≺≺∋∋∋∋∋∋∋∋∋∋⋈∋∋⊞⋈⊞≺∋∋⊞⋈⋈⋈⋈⋈⋈⊣
0xabca720	⊢⋈⋈⋈⋈⋈⊞⋈⊤∈⋈⊤∈⋈≺⋈⋈⋈≺∋⋈⋈⋈≻⊤⋈∈⋈⋈⋈≻⋈⊤∈⋈⋈⋈⋈⋈⋈⋈⋈∋∋⋈⋈⋈⋈⋈⋈⋈⋈⋈⋈⋈∋⊞⋈⋈⋈⋈⊣
0xabaeda1	⊢⋈⋈⋈⋈⋈⋈⋈⊞⋈⋈⋈⋈⋈⋈⋈⋈⋈⋈≻⋈⊤⋈⋈⋈⊥⋈⋈⊥⋈⋈⋈⋈⋈⋈≻⋈⊤⋈⋈⋈⊥⋈⋈⊥⋈⋈⋈⋈⋈⋈≻⋈⊤⋈⋈⋈⊥⋈⋈⊥⋈⋈⋈⋈⋈⋈≻⋈⊤⋈⋈⋈⊥⋈⋈⊥⋈⋈⋈⋈⋈⋈≻⋈⊤⋈⋈⋈⊥⋈⋈⊥⋈⋈⋈⋈⋈⋈≻⋈⊤⋈⋈⋈⊥⋈⋈⊥⋈⋈⋈⋈⋈⋈≻⋈⊤⋈⋈⋈⊥⋈⋈⊥⋈⋈⋈⋈⋈⋈≻⋈⊤⋈⋈⋈⊥⋈⋈⊥⋈⋈⋈⋈⋈⋈≻⋈⊤⋈⋈⋈⊥⋈⋈⊥⋈⋈⋈⋈⋈⋈≻⋈⊤⋈⋈⋈⊥⋈⋈⊥⋈⋈⋈⋈⋈⋈≻⋈⊤⋈⋈⋈⊥⋈⋈⊥⋈⋈⋈⋈⋈⋈≻⋈⊤⋈⋈⋈⊥⋈⋈⊥⋈⋈⋈⋈⋈⋈≻⋈⊤⋈⋈⋈⊥⋈⊥⋈⋈⋈⋈⋈⋈≻⋈⋈⋈⋈⋈⋈⋈≻⋈⊞⋈⋈⋈⋈⋈⋈⋈⋈⋈⋈⋈⋈⋈⋈⋈⋈⋈⋈⋈⋈⋈⋈⋈⋈⋈⋈⋈⋈⋈⋈⋈⋈⋈⋈⋈⋈⋈⋈⋈⋈⋈⋈⋈⋈⋈⋈⋈⋈⋈⋈⊤⊥⋈⋈⋈⋈⊥⋈⋈⊤⊥⊥⋈⋈⊡⋈⋈⋈⋈⋈⋈⊤∈⋈⋈⋈⋈⋈⋈≻⋈⊤⋈⋈⋈⊥⋈⋈⊥⋈⋈⋈⋈⋈⋈≻⋈⊤⋈⋈⋈⊥⋈⋈⊥⋈⋈⋈⋈⋈⋈≻⋈⊤⋈⋈⋈⊥⋈⋈⊥⋈⋈⋈⋈⋈⋈≻⋈⊤⋈⋈⋈⊥⋈⋈⊥⋈⋈⋈⋈⋈⋈≻⋈⊤⋈⋈⋈⊥⋈⋈⊥⋈⋈⋈⋈⋈⋈≻⋈⊤⋈⋈⋈⊥⋈⋈⊥⋈⋈⋈⋈⋈⋈≻⋈⊤⋈⋈⋈⊥⋈⋈⊥⋈⋈⋈⋈⋈⋈≻⋈⊤⋈⋈⋈⊥⋈⋈⊥⋈⋈⋈⋈⋈⋈≻⋈⊤⋈⋈⋈⊥⋈⋈⊥⋈⋈⋈⋈⋈⋈≻⋈⊤⋈⋈⋈⊥⋈⋈⊥⋈⋈⋈⋈⋈⋈≻⋈⊤⋈⋈⋈⊥⋈⋈⊥⋈⋈⋈⋈⋈⋈≻⋈⊤⋈⋈⋈⊥⋈⋈⊥⋈⋈⋈⋈⋈⋈≻⋈⊤⋈⋈⋈⊥⋈⊥⋈⋈⋈⋈⋈⋈≻⋈⋈⋈⋈⋈⋈⋈≻⊞⋈⋈⋈⋈⋈⋈⋈⋈⋈⋈⋈⋈⋈⋈⋈⋈⋈⋈⋈⋈⋈⋈⋈⋈⋈⋈⋈⋈⋈⋈⋈⋈⋈⋈⋈⋈⋈⋈⋈⋈⋈⋈⋈⋈⋈⋈⋈⋈⋈⋈⋈⋈⋈⋈⋈⋈⊤⊥⊥⋈⋈⊤⊥⊥⋈⋈⊡⋈⋈⊙⊤∈⋈⋈⋈⋈≻≺⋈⋈⋈⋈⊡⋈⋈⋈⋈≻⊞∋⋈⋈⋈⋈⊡⋈⋈⋈⊙⊤∈⋈⋈⋈≻≺⋈⋈⋈⋈⋈⊡⋈⊡⋈⊡⋈⋈⋈⋈⋈⋈⊡⋈⊤∈⋈⋈⋈⊞⋈⊞⋈∈⋈⋈⋈≻⊤∈⋈⋈⋈⊞⋈⋈⊞≺⊞⋈⋈⊞⋈⋈⊤∈⋈≻⋈⋈∋⋈⋈⋈⊞⋈⋈⊞⊤∈∋⊤⋈∈⋈⊤∈⋈≻≺⊞⊞⋈⋈⋈⋈∈⋈⋈⊤∈⋈⋈∈⋈⋈⊤∈⋈⋈⊤⋈∈∋⊞≺∋⋈⋈∋⋈⊞⋈⊤∈≺∋∋∋∋⋈⊡⋈⋈⋈⊡⋈⊡⋈⊡⊞⋈⋈⋈⋈⋈⊡⋈⋈⋈⋈⋈⋈⋈⋈⋈⋈⋈∈∈∈∈∈∈∈∈∈⋈⋈≻⋈⋈⋈⊤∈⋈⊞⋈⋈⊞⋈≺⋈⋈⋈⋈⋈⋈⋈⋈⊤∈⋈⋈⊤∈⊤∈⋈⋈≻≺⋈⊞⊞⋈⋈⋈⋈∈⋈⋈⊤∈⋈⋈⋈⋈∈⋈⋈⋈⋈⋈⊤∈⊞⋈⋈⊤∈∋⊞⊞≺∋⋈⋈⋈⋈∋⋈⊞⋈⊤∈∋≺⊤∈⋈⊤∈⋈⊙⋈⋈≺∋∋⋈⊞⋈⋈⋈∈⋈⊤⊥⋈⊞∈∋⋈⊤∈⊞⊞⋈⋈⋈⋈≻⊤∈⋈⋈⋈≻⊞⋈≺∋∋∋⋈⋈⋈⊤∈⋈≺⊤∈⊙⋈⋈⊞⊞⋈⋈⋈≻⊤∈∋∋⋈⊞⋈⋈⊞⊤∈⋈⋈≺⋈⋈⋈⋈⋈≻≺⋈⊤∈∋⊤∈∋⊤∈⊡⋈⋈⋈⋈⋈⋈⋈⋈⋈⋈⋈⋈⋈⋈≻⊤∈∋⋈⋈⋈⊡⋈⊤∈∋⊡⋈⋈⋈⋈⋈⋈⋈⋈⋈⋈⋈⋈⋈⋈≻⊤∈∋⋈⋈⋈⋈⊡⋈⋈⋈⋈⋈⋈⋈⋈⊡⊤∈⋈⋈⊞⊞∈⋈⊤∈⊤∈⋈⋈⋈⋈≺∋⋈⋈⊞⊞⊞⊤∈⋈⋈⊤∈⋈⊤∈⋈⊤∈⋈∈⋈⋈⊞⋈⋈∈⊤∈⋈⊤⊥⊞⊞⊞⊤∈∋⋈⊤∈∋⊞∈∋⋈⋈⋈≺⋈≺∋≺⊞⊞⊞⊞≺∋⊤∈⋈∋≻⋈⊤∈⋈⊞⋈⋈⊞⊞⋈⋈⋈⊞⋈⊞⋈⋈⊞⋈⋈⊞⋈⊞⊤⋈⊥⊤⊥⋈⋈⋈⊞⋈⋈⋈⊞⋈⋈⋈⊞⋈⋈⋈⊞⋈⋈⋈⊞⋈⋈⋈∈⋈⋈⋈⋈⋈⋈⋈⋈⋈⋈≻⋈⋈⋈⊤∈⋈⊞⋈⋈⋈⋈⋈⋈⋈⋈⊤∈⋈⋈≻⋈⋈⊤∈⊞⋈⋈⋈⋈≺⊤⋈⋈⋈∈⋈≺⋈⊤∈⋈≺⊞⋈⊞∈⋈⊞⊤∈⊤∈⋈⊤∈∋∋∋⋈⋈⋈⋈⋈⋈⊞⊞⋈⊞⊞⊞⊞≺∋⊞⋈⋈⋈⋈≺⋈⋈⊤∈⋈⋈≻⋈⊤∈⋈⋈⋈⋈⊤⋈⋈⋈∈⋈⋈⋈⋈≺⊤∈∋⋈⋈⊤∈⋈⊞⋈⊞∈⊞⊤∈⋈⋈⋈⋈⋈⊞⊙⊤∈⋈⋈≻⋈⊤⋈⋈⋈⊥⋈⊤∈⋈⋈≺⊤∈⋈⋈≻⋈⊤∈⋈⋈⋈≺⊤∈∋∋∋∋∋⋈∋⋈⋈≺∋∋∋⊞⊤∈∋⋈⊤∈∋⋈⊤∈⋈⋈⊤∈⋈⊞∈⋈⊞⋈⋈⊞⊤⊥⊞⋈⊤∈∋⊞≺∋⋈⊞⊤∈⊤∈⊞⊞⊞∈⊤∈⊞⊞⊤⋈∈∋≺∋⊤∈⊞⊞⊞⊞⋈⋈⋈⋈∈⊤∈⋈⋈⋈⊞∈⋈⋈≺⋈⊞⋈⋈⋈⋈≻⋈⊤∈⋈∋⋈⋈⊞⋈⋈⋈⊞⊞⊞⊞⋈⊞⊞⋈⋈⊞⊤⋈⋈∈⋈⋈⋈⊞∈⋈⋈⋈⋈⋈⊞∈∈⊤∈∈∈∈⊤∈∈⊤∈⊞∈⋈⋈⊞∋⋈⋈⊞⋈⊞∈∋⋈⊤∈∋⊤∈∋⋈⊤∈∈∈∈⊤∈∈⊤∈⊞∈⋈⋈⊞∋⋈⋈⊞⋈⊞∈∋⋈⊤∈∋⊤∈∋≺⊤⋈⋈∈∈∈∈∈⊤∈⋈∈⊤∈⋈⊞⊤∈⊤∈∋⋈⋈⊞≺∋⋈⋈⊞⊞⋈⋈⊞⊞⊞⊞⋈⊞⋈⋈⋈⋈⋈⊞⊞⋈⋈⊞⊞⊞⊞⋈⋈⊞⋈∈∋⋈⊤⋈∈∋⋈⊞∈∋⊤∈≺∋∈∈∈⊤∈∈⊤∈∋∋∋∋∋∋∋⋈∋∋⊞⊤∈∋∋⊤∈∋⋈⋈⊞⊤∈⊤∈∋⋈⋈⊞≺∋⋈⋈⊞⊞⋈⊞∈∋⋈⊤∈∋⊤∈∋≺∋∋∋⊤∈∋⋈⋈⋈⋈⋈⋈⋈⋈⊤∈⋈≻∋⋈⋈⋈⊞⋈⋈⋈⋈⊡⊞⋈⋈⋈⋈⋈⋈⋈⋈⋈≺∋≺∋∋⊤∈∋⋈⊞⊤∈⊞⊤∈⋈⋈⋈⊤∈⋈⊤∈⋈≻≺⋈⊤∈∋∋⊡⊤∈≺⋈⊤∈⋈⋈≻⋈≺∋∋∋⋈⋈⊞⋈⋈⋈⋈⊡⊞⋈≺∋∋⊡∋⋈⊞⊤⊥⊞⋈⋈⋈⋈⊞∈∋⋈⋈≺⋈⊞⊞⊤⋈⋈⋈⋈⋈⋈⋈⋈⋈⋈⋈⋈⊥⋈∈∈⋈⋈≻⋈⋈⋈⊤∈⋈⊞⋈⊤∈∋⋈≺∋⊞≺⊤∈∋⋈⋈⊡⊤∈⋈⊤∈∋⋈⋈⋈⋈≻⊤∈⊤∈⋈∋⋈⊤∈⋈⋈⊞⋈⋈⋈⊞⋈⊞∈⋈⋈⋈⋈⋈⊤∈⋈≻∋⋈⊞⋈⋈⋈⋈⋈⊡⊞⋈⊞⊤∈∋≺∋∋∋∋∋∋⋈⋈⋈⊡⋈⋈⋈⋈⋈⋈⋈⋈⋈⋈⋈⊡⋈⊤∈⋈≻∋⊞⊞⋈⋈⊡⊞⋈≺∋⊤∈∋⋈⋈⊤∈⋈≻∋⋈⋈⊞⋈⋈⋈⋈⊡⊞⋈⋈⋈≺∋⋈⊤⋈⋈∈⋈⊞⋈⊞∈∋⋈⋈∋∋⋈⋈⋈⋈≺⊞⊤∈∋⋈⋈⋈≺∋∋⊞≺⋈⋈⋈⋈⋈⊞⊙⊡∈⋈≻∋⊤∈∋⊤∈⋈⊙∋⊤∈⋈⊙∋⊤∈⋈⊙∋⊤∈∋⋈⊙≺∋⊞⊞⊞∈∋≺⋈⋈⊞⋈∋∋∋⊞⋈∋∋⋈⊡∈⋈≻∋⊤∈⊤∈⋈⊙∋⊤∈⋈⊙∋⊤∈⋈⊙∋⊤∈⋈⊙∋∋∋⋈⋈⊞⋈∈⊤∈⊤∈⋈⊙∋⊤∈⋈⊙∋∋⋈⊤∈⊞≺∋⋈⊙⊤∈∋⊞⋈⊞⊞⋈⊞⋈⋈⊡≺∋⊞⋈⊞⊞⋈⊞⋈⋈⋈⋈⋈⋈⊤∈⋈⋈⊞≺⋈⊡⋈⊡⋈⊞⋈⋈⊡⋈⋈⋈⋈⋈⋈∈∈∈⋈⋈≻⋈⋈⋈⊤∈⋈≻⋈⋈⊡⋈≻∋⋈⊡⋈⋈∈⋈⋈≻∋⋈⋈⋈⋈⋈⊤∈⋈≻≺⋈⋈⋈⋈⋈⋈⋈⋈⊤∈⋈⋈⊤∈⋈⋈≺⊤⋈∈⋈⊙⋈⋈⊞⊞⋈⋈⋈⋈≻⊤∈∋∋∋⋈⋈⋈⋈⋈⋈⋈⋈⋈⋈⋈⋈⋈⋈⋈⊤∈⋈⋈⋈⋈⋈⋈≻⋈⋈⋈⋈⊤⋈⊥⋈⊥⋈⋈⋈⋈⋈⋈≻⋈⋈⋈⋈⋈⋈⋈≻⋈⊤⋈⊥⋈⊥⋈⋈⋈⋈⋈⋈≻⋈⊤⋈⊥⋈⊥⋈⋈⋈⋈⋈⋈≻⋈⊤⋈⊥⋈⊥⋈⋈⋈⋈⋈⋈≻⋈⊤⋈⊥⋈⊥⋈⋈⋈⋈⋈⋈≻⋈⊤⋈⊥⋈⊥⋈⋈⋈⋈⋈⋈≻⋈⊤⋈⊥⋈⊥⋈⋈⋈⋈⋈⋈≻⋈⊤⋈⊥⋈⊥⋈⋈⋈⋈⋈⋈≻⋈⋈⊤⊥⊥⋈⋈⋈⋈⋈≻⋈⋈⊤⊥⋈⊥⋈⋈⋈⋈≻⋈⊤∈⋈⊤⊥⋈⊥⋈⋈⋈⋈⋈⋈⋈⋈⋈⋈⋈⋈⋈⋈≻⋈⊤∈⋈⋈⋈⋈⋈⋈⋈⋈⋈⋈⋈⋈⋈⋈⋈⋈⋈⋈⋈⋈⋈⋈⋈⋈⋈⋈⋈⋈⋈⋈⋈⋈⋈⋈⋈⋈≻⋈⋈⋈⋈⋈⋈≺∋⋈⋈⋈⋈⋈⋈≻⊞⋈⋈⋈≻∋∋⋈⋈⊤⊥⊤∈⋈≻∋⋈⋈⋈≻⋈∋⋈⋈⋈⋈⋈⋈⋈⋈⋈⋈⋈⋈⋈⊡⋈⋈⋈⋈⋈⊡⋈⋈⋈⋈⋈⋈⋈⋈⋈⋈⋈⋈⋈⋈⋈⋈⋈⋈⋈⋈⋈⋈⋈⋈⋈⋈⋈⋈⋈⋈⋈⋈⋈⋈⋈⋈⋈⋈⋈⋈⋈⋈⋈⊡≺∋⊞⋈⋈⋈⋈⋈⋈⊣⋈⋈⋈≻≺∋∋∋∋⊣⊤∈∋⊡⋈⋈⋈⋈⋈⋈⋈⋈⋈⋈⋈⋈⋈≻⊤∈∋⋈⋈⋈⊡⋈⋈⊤⋈∈⋈≻⋈∋⊞⋈⊞⋈⋈⊡⊞⋈⋈≺∋⋈⊞≻⋈≺∋
0xabcf470	⊢⋈⋈⋈⋈⋈⋈⋈⋈⋈⋈⋈⋈⋈⊞⊤∈⋈≻⊤∈⋈∋⊤∈⋈⊤∈⋈⋈≺∈∈⋈⋈⋈⊙⊤∈⊙⋈⊤∈⊞⊞⋈≺⊤∈∋⊤∈⋈≺⋈⊞∈⋈⋈⋈⋈≻⊞⋈⊤∈∋∋∋⊞∋∋⋈⊞⊞⋈⊤⊥⋈⋈⋈⊞⋈⋈⊙⊞⋈⊞≺∋∋⊞⋈⋈⋈⋈⋈⋈⊣
0xabcf180	⊢⋈⋈⋈⋈⋈⋈⋈⊞⋈⊤∈⊞≺⋈⋈⋈⊞⋈⋈⋈≺∈⋈⋈⊞⋈⋈⋈⋈⋈⊙⊤∈⊙⋈⋈⊞⊞⋈⊤⊥∈⋈⊞⋈⋈⊞⊙⋈≺∋⊤∈⊞≺⋈⋈⊤∈∋⊞⋈⊤∈⋈⊞⋈≻∋⋈⊤∈⋈⋈⋈⋈⊙⋈⋈∋⋈∋∋⊞⋈⋈⋈⋈⋈⋈⊣
0xabb7d80	⊢⋈⊞⊤∈⊣⋈⋈⋈⋈⋈⊤∈⊞⋈⊡∈⋈⊞⋈⋈⊤⊥⊞⋈⊤∈∋∋⋈⋈⊤∈⊞∈⊞∋⊤∈⋈⋈⊤∈⋈⊞⊤∈⋈⊤∈⋈⊞∈⋈⋈⊞∈⊤∈⊞⊞⋈⊞⋈⊙⊤∈⊞≺⊞⊞⊤⊥≺∋∋∋∋∋∋∋⊞∋∋⋈⋈⋈⊣
0xabac2b0	⊢⋈⋈⋈⋈⋈⋈⋈⊞⋈⊤∈⋈⊤∈⊤∈⋈⊞⊤∈⊤⋈⊥∈⊤∈⋈⋈⋈⊤∈⋈⋈⊤∈⊤∈⋈⊞⊥⊤⊥⊞∈⋈⊤∈∋⋈⋈⋈⋈⋈⋈⋈⋈⊞∈≺⊤∈⋈⊞∋⊤∈⋈⊞⊤∈⋈⋈⊤∈⋈∋⊤∈⋈⊤∈⊞⋈⊤⋈⋈⋈⋈∈⊞⋈⋈⋈⋈⊞⋈∈∋⊞⋈⋈∈⊤∈⋈⊤∈⋈⋈⋈⋈⋈⊞⊥⊤⊥⊞∈⊡≺∋⋈⋈⊞⊞⋈⋈⋈⊤∈⋈⊤∈⋈⋈⋈⊤∈⊞⊤∈⊞⋈⋈⋈⋈⊞⋈∈∋⋈⊞⊞⋈≺∈⊤∈⋈⊤∈⋈⊤∈⊤∈⋈⊤∈⋈⋈⊞⊤⋈⋈∈∋∋∋⊞⊤∈∋⊤∈⋈⋈≺≺≺⊞⊞⊞∈∋∋⋈⋈⋈⊞⋈∈⊤∈⋈⊤∈⋈⋈⋈⊞⊥⊤⊥⊞∈⊞≺∋⋈⋈⊞⊞⋈⋈⊤∈⋈⊤∈⋈⋈⋈⊤∈⊞⋈⊤∈⊞⋈⋈⋈⋈⊞⋈∈∋⋈⊞⊞≺∈⊤∈⋈⊤∈⋈⊤∈⊤∈⋈⊤∈⋈⊞⊤∈∋∋∋⊞⊤∈∋⋈≺≺≺⊞⊞⊞∈∋⋈≺∋⋈⋈⊞∋∋⊞⋈⋈⊡∈∈⊤∈⋈⊞⊞≺⋈⊞⋈⊞⊞⊞⊤∈∋⊤∈∋⋈⋈⋈⋈⋈⋈⋈⊙⊤∈⋈⋈≻⋈⋈⋈⋈⋈⋈⋈⋈⋈⋈⋈⊡∈∈∈⊤∈⋈⋈⊤∈⋈⊤∈∋⋈⋈≻⋈⋈⋈⊞⋈⋈⋈≺∈⋈⋈⊤∈⋈⋈⋈∈⋈⋈⋈⋈⊤∈⋈⋈⊤⋈∈∋⊞≺∋⋈⋈⋈∋⋈⊞⋈⊤∈∋∋⋈⋈⋈≺∋⋈⋈∋⋈⋈⋈⋈⋈⋈⋈⋈⋈⋈⋈⋈⋈⋈⋈⋈⋈⋈⋈⋈⋈≺⋈⊞⋈⊞⊞⊤∈∋⊤∈∋⋈⋈⋈⋈⋈⋈⊤∈⋈⋈⋈⋈≻⋈⋈⋈∋⋈⋈⋈⋈⋈⋈⋈⊞⋈≺∋∋∋∋∋∋∋∋∋∋∋∋∋∋∋∋∋∋∋∋∋∋∋∋∋∋∋∋∋∋∋⋈⋈∋⊞⋈⋈⋈⋈⋈⋈⊣
0xabb2850	⊢⋈⋈⋈⋈⋈⋈⋈⊞⋈⊞⋈⊞⋈⋈⋈⋈⋈⋈⋈⋈⊞⋈⊤∈⋈⋈⋈⊤∈⋈⋈⋈⋈⋈⋈⊞⋈⋈⋈⋈⋈≺∈⋈⊞⊥⋈⊞⊥⊞∈⊤∈⊞⋈⊞⋈⋈⊙⋈⋈⊤∈⊞⊤⊥⊤⊥⊞∈⋈⋈⋈⊙⋈⋈⊤∈∋∋∋∋⊞⊞∈∋∋∋⋈⋈⊞⋈⊞⊞∈⊤∈⋈⋈⋈⋈⋈≻⊤⋈∈⋈⋈⋈⊤∈⊡⋈⋈⋈⋈⋈⋈⊞⋈≺∈⋈⊞⊥⋈⊞⊥⊞∈⊤∈⊞⋈⋈⊞⋈⋈⊙⋈⊤∈⊞⊤⊥⊤⊥⊞∈⊞⋈⊤⊥⋈⊤∈⋈⊤∈⊞⊞⋈⋈⊙⋈⊤∈∋∋∋∋∋∋⊞⊞∈∋⊤∈⋈⊤∈⋈⋈⋈⊞⊥⊤⊥⊞∈⊞⊞⊥∈⋈⊞⊤⊥⊤⊥⊞∈⊞⋈⊞⊞⋈≻⋈⋈⋈⋈⋈⋈≻⊤∈≺⊤∈⋈⊤∈∋⊞⊤⊥⊞≺⋈⋈⋈⊞⊥⊤⊥⊞∈⊞⊤∈⊤∈⊤∈∋∋∋∋∋∋∋∋∋∋∋∋⊞⊞⋈⊞⋈⋈≻⋈⋈⋈⋈⋈⊞⊙⋈⋈⋈⋈⋈⋈≻⊞⋈⊞⊞⋈⊥⊤⊥⋈∋⋈≺∋∋∋⋈⊞⋈⋈⋈⋈⋈⋈⊣
0xabacac0	⊢⋈⊤∈⊞⊣⋈⋈⋈⋈⋈⋈⊞⊞⋈⋈⋈⋈≺∈⊤∈⋈⊤∈⋈⋈⋈⊞⊥⊤⊥⊞∈⊞≺∋⋈⋈⊤∈⋈⊤∈∋⊤∈⋈⋈⊞⊞∈⋈⋈⊤∈⋈⊞⋈⊞∈⋈⊤∈⋈⊞⊞⋈⋈⊞⋈⊥⋈⊥⊡∈⋈⊞∈⊤∈∋⊤∈⋈⊞⋈⊞⊞∈⊤∈⊞≺⊡∋∋∋⊤∈⋈⋈⊤∈∋≺∋∋∋∋∋∋∋∋⊞⊤∈∋⊞∋⋈⋈⋈⋈⋈⊣
0xab5ea80	⊢⋈⋈⋈⋈⋈⋈⋈⊞⋈⋈⊤∈⋈⋈⋈⊤∈⋈⋈⊞⋈⋈⊥⊞⊞⊤∈∋⊞≺∋⊤∈⊞⊞⊞⊞∈⊞⊤⊥⊞⊞⊤∈∋≺∋⊞∋⋈⊤⋈∈⋈⋈⋈⋈⋈⋈⋈⋈≻⋈⊤∈⋈⋈⋈⋈⊞⋈⋈⋈⋈⋈⋈⊙⊤⋈⋈∈⋈⋈⊞⊞⋈⋈⋈⋈⋈⋈⋈⋈⋈≻⋈⊤∈⊞⊞⊡∈⊞∈⋈⋈⋈⊙⊤∈⋈⋈⋈⊞≺⋈⋈⊙⊤∈∋≺∋∋∋∋⋈⊞⋈⋈⋈⋈⋈⋈⊣⋈⊞⋈⊞⊞⋈⋈⊞⋈⋈⊙
0xab611e0	⊢⋈⋈⋈⋈⋈⋈⋈⊞⋈⋈⋈⊤∈⋈⋈⊞⋈⋈⋈⋈⋈⋈≺⋈⋈⋈⋈⋈⋈⋈⊞⋈⋈⋈⋈⊤∈⋈⋈⊙⋈⋈⊤∈∋⋈⊤∈⋈⋈⋈⋈⋈⋈⋈≺∈⋈⋈⋈⊤∈⋈⊤∈⊤∈⋈⋈⊞∈⋈⋈⋈⊙⊤∈⊞⊤∈∋≺∋⋈⋈⋈⊙⊤⋈∈≺⊤∈⋈⋈⋈⋈⋈⋈⋈⊤∈⋈≺⊤∈⋈⋈⊤∈⋈≺⋈⋈⊞⋈⊞⊞⊞⊞⊞≺∋∋⊤∈⋈⋈⋈⊞≻⊤∈⊞∋⋈⊞∈⋈⊞⊞⋈⋈⊞⊞⋈⋈⊞∈∋≺∋⋈⋈≺∋⊙⊤∈∋∋⋈∋∋⋈⊤⊥∈∋∋⊞≺∋∋⊞⋈⋈⋈⋈⋈⋈⊣⋈⋈⋈⋈⋈⊤∈⋈⋈⋈⋈⋈⋈⋈⊙⊤∈⋈⋈⋈⊞⋈⊞⊥⋈⊞⊞⋈⋈⋈⋈≺∋⋈⊤∈⊞⋈⊞≺∈⋈⊤∈⋈⊤∈⋈≺⋈⊤∈⋈≺⋈⋈⊞⋈⊞⊞⊞⊞⊞≺∋∋∋⊞⊞⊞∈∋∋⊞⋈⊤∈⋈⋈⋈≻⋈≺∋⊞⋈⋈⋈⋈⋈⋈⊣⋈⊞⋈⊞⊞⋈⋈⊞⋈⋈⋈⊙
0xab5ffc0	⊢⋈⋈⋈⋈⋈⋈⊤∈⋈⋈⋈⋈⊡∈⊤∈⋈⋈⋈≻⋈⊞⊞⊞⋈⊞⊞⊞⊞⊞⋈⋈⋈⋈⋈⊞⊤⋈∈∋⊞∋⊤∈⋈⊞⊞⊞⊞⊞⋈⋈⋈⋈⊞⋈∋⊤∈⊤∈∋⊞⋈⋈⋈⊞∋⊞⋈⋈⊣
0xabbdc60	⊢⋈⋈⋈⋈⋈⊤∈⊤∈⋈⋈⊤∈⋈⋈⊞⊙⊤∈⋈⊤∈≺⋈⋈⋈≺⊤∈⋈⊤∈≺⋈⋈⋈≺∋⋈⋈⋈⋈⊣⊞⊤∈∋⋈∋∋∋⋈⋈⊞⊙⋈⋈⊞⊙
0xabbebf0	⊢⋈⊞⊤∈⊞⊣⋈⋈⊞⊙
0xabbec40	⊢⋈⊞⊤∈⊞⊣⋈⋈⊞⊙
0xabc0450	⊢⋈⋈⋈⋈⋈⊞⋈⋈⋈⋈⋈⋈⊞⊞⋈⊞⋈⋈⋈⋈⊞⋈⋈⋈⊞⋈⋈⊞⋈⋈⋈⋈⋈⋈⊞⋈⊤∈⊤∈⋈⊤∈⋈⊞⋈⊞⋈⊞⋈⊞⋈⋈⊞⊙⋈⊤∈⊞⋈⋈⋈≺∋⊞⋈⋈⋈⊞⊞⋈⋈⋈∋⋈⊞⋈⋈⋈⋈⋈⊣⋈⋈⋈⋈⊞⊙
0xabc3900	⊢⋈⋈⋈⋈⋈⋈⋈⊤∈⋈⋈≺⋈⋈⋈⊞⊞⊞⋈⊞∈⋈⋈⊞⋈⊤⊥⊤⊥⊤∈⋈⋈⋈⋈⊞⊞⊞⊤∈⋈⋈⊤∈⋈⋈⊞⋈⊞⊞⊞⋈⋈⊞⊞⊞∈⋈⋈⊞⋈⊤∈⊤∈⋈⋈⋈⋈∋⋈⋈⊞⊞⊞⊤∈⋈⋈⋈⊤∈⊞⋈⊞⊞⊞⊞⋈⊞⊞⊞⋈⊡∈⋈⊤∈⊤∈⋈⋈⋈∋⋈⋈⊞⊞⊞⊤∈⋈⋈⊞⋈⋈⋈⋈⋈⋈⋈⋈⋈⋈≺⊞⊞⊞∈∋⋈⋈∋⋈≺∋⋈⋈⋈⋈⋈≺⊞⊞⊞⊞⊤∈∋⋈⋈⋈⋈∋⋈≺∋⋈⋈⋈⋈⋈≺⊞⊞⋈⊤∈∋⋈⋈⋈≺∋∋⋈⋈⋈⋈⋈∋∋⋈∋⋈⋈⋈⋈⋈⊣
0xabc2de0	⊢⋈⋈⋈⋈⋈⋈⋈⊞⋈⊤∈⋈⊤∈⊤∈⋈⋈⋈⋈⋈≻⋈⋈⋈⋈⋈⊤∈⋈⋈⊞⊞⋈⋈⋈⊡∈⋈⋈⋈⋈⋈⋈⋈⋈≻⊤∈⋈⋈⋈⋈⋈⊞⊞∈∋⋈⋈∋⊤∈⋈⊞⋈⋈∋⋈⋈⋈≺⋈⋈⊞∈⊞∋⋈⋈⊤∈∋⋈⋈⋈⋈⊞⊤⊥⊞⋈⊞⊞⊞⋈⊞⊞⊞⊞⊡∈⋈⊤∈⊤∈⋈∋⋈⋈⊞⊞⊞⊤∈⋈⋈⊤∈⋈⋈≺⋈⊤∈⋈⋈⊤∈⋈∈⋈⋈⊞⋈⊞∈⊤∈⋈⊤⊥⊞⊞⊞⊤∈∋⋈⊤∈∋⊞∈⋈≺∋≺⊞⊞⊞⊞≺∋⊞⊤⊥⋈⋈⋈⋈⋈⋈⋈∋⋈⊞⊞⊞∈∋⋈⋈≺∋∋∋⋈⋈⋈⋈⋈⋈≺∋⋈⋈⋈≺⋈≺∋⋈⋈≺∋∋∋⊞⋈⋈⋈⋈⋈⋈⊣
0xab5eee0	⊢⋈⋈⋈⋈⋈⋈⊤∈⋈⋈⋈⋈⊡∈⋈⊤∈⋈⋈⋈≻⋈⊞⊞⊞⋈⊞⊞⊞⊞⊞⋈⋈⋈⋈⋈⋈⊤⋈∈∋∋⊤∈⋈⊞⋈⊞⊞⊞⊞⋈⋈⋈⋈⊞⋈∋⊤∈⊤∈∋⊞⋈⋈⋈⊞∋⋈⋈⋈⋈⊣
0xabab8d0	⊢⋈⋈⋈⋈⋈⋈⋈⋈⋈⋈⋈⋈⊤∈⊤∈⋈⊤∈⊤∈⊤∈⊤∈⋈⋈≺⋈⋈⊤∈⊤∈⋈⊤∈⊤∈⊤∈⊞⊤⋈⋈∈≺⋈⋈⊤∈∋⋈⋈⋈≺≺∋∋∋⋈⋈⋈⊞⊞⊤∈∋∋∋∋∋∋⋈⋈∋≻∋∋⊤⋈∈⊤∈⋈⊞⊤∈∋⋈≺⋈⊞⊞≺∋∋⋈⊞⊞⊞⊞⋈⋈⋈⊡∈⋈⋈⋈⊞⊙⊤∈⋈⋈⊞≺⊙⋈⊤∈∋⊞⊞⋈≺∋⋈⋈∋⋈⊞⋈⋈⋈⋈⋈⋈⊣
0xaba22a7	⊢⋈⋈⋈⋈⋈⋈⊞⋈⋈⋈⋈⊤∈⋈⋈⋈⋈⋈⊞⋈⊤∈≻⊞⋈⋈⋈⋈⋈⋈⋈⋈⋈⋈⋈⋈⋈⋈⋈⋈⋈⋈⋈⋈∈⋈⋈⋈⋈⋈⋈⋈∈⊤∈⋈⋈⋈⋈⋈⊞⊥⋈⊙⊞⊤⊥⊤⊥⊥⊞⊞⊞⋈⊤∈∋⋈⊤∈⋈⋈⋈≻⋈⋈≺≺∋⋈⋈⊞∈⋈⋈⋈⋈⋈⋈⋈⋈⊞⋈⋈⊤⋈∈∋⋈⋈∋⊞⋈⋈⋈⋈⋈⋈⋈⋈⋈≺⊤∈⋈⋈⋈⊤∈∈⋈⋈⋈≺⊤∈⊞⋈⋈⋈⋈⋈⋈⋈⋈⋈⋈⊞≺⋈⋈≺∋∋∋≻⋈⋈⋈⋈⋈⊞⊞⋈⋈⋈⋈⋈⋈⋈⊞⋈⋈⋈⋈⊤∈⋈⋈⋈⊞⋈⋈⋈⋈⋈⋈⊙⊞⊞⊞⋈⋈⋈⊙⋈⋈⋈⋈⋈⋈⋈⋈⋈⋈⊞⋈⋈⋈⋈⋈⋈⋈⋈⋈⋈⋈⋈⋈⋈⋈≻⋈⊤⋈⋈∈⋈⋈⋈⋈⋈⋈⋈⋈⊤∈⊞⋈⋈⊞⊞∈⊤∈⋈⋈⋈≻∋⋈⋈⊞⋈≻⋈⊤∈⋈⋈⋈⋈≻⋈⊞⋈⊤∈⊤∈⋈∋⋈⋈⋈⋈⋈≻⋈≺⊤∈⊞⋈⋈⊞≺∋⋈⋈⋈⋈⋈≻⋈∋⋈⋈⋈⋈≻⋈⋈⋈⋈⋈⋈⋈⋈⊤⋈∈∋⋈≺⋈⋈⋈⋈⋈⋈⋈⋈⋈⋈⋈⋈⊤∈∋⋈⊤∈∋⋈≻⋈≻⋈⋈⋈⋈⊞⋈∈∋⋈≻⋈⋈⋈⋈⊤∈∋⋈⋈⋈≻⋈⋈⋈⋈⋈⋈⋈⋈⋈⋈⋈⋈⋈⋈≺≺∋⋈⋈⋈⋈≻≺∋∋∋∋⊡⋈∋⊞⋈⋈⋈⋈⋈⋈⊣⋈⋈≺∋
0xab98680	⊢⋈⋈⋈⋈⋈⋈⊞⋈⋈⋈⋈⊞⋈∈⋈⊤∈⋈⋈⋈⋈⊤∈⊤∈∋⋈⋈⋈⋈⋈⊤∈⋈⋈⋈∋⋈⋈⊞⊞⋈∈⊞⋈⊞⊤⋈∈∋⋈⋈⊤⋈⋈∈⊤∈⋈⊤∈⋈⋈⊞⊥⋈⊤⊥⊞∈⊞⋈⋈≺⋈⋈≺∋∋⋈⋈⋈⋈⋈⋈⋈⋈∈⊤⋈∈⋈⋈≺⋈⊞⊤⊥⋈⊤⊥⊥⊤∈⋈⋈⊞∈∋⋈⋈⋈⋈⋈⋈⋈⋈⋈⋈⋈⋈≻⋈⋈⋈⋈⋈⊤∈⋈⋈⋈≻⋈∋⋈⋈≺⊤∈⊤∈⊤∈⊞⋈⋈⋈⊤∈∋⊞∈⋈⋈⊞⋈⊞∈∋≺≺∋⊞∋⊞⊤⊥⋈⋈∋⊤∈⋈⋈⋈⋈≻⋈⋈∋⋈⋈⋈∋⋈⊤⊥⊤∈⋈⋈≻⋈∋⋈⋈⋈⋈⋈⋈⊞⋈⋈⋈⋈⋈⋈⋈⊞≻⋈⋈⊤⊥⊤⊥⊥⊞⊤⋈⋈∈⋈⋈⊞∈∋⋈⋈⋈⋈⋈⋈⋈⋈⋈⋈≻⋈⋈⋈⋈⋈⊤∈⋈⋈⋈≻⋈∋⋈≺⊤∈⋈⋈⊤∈⋈⊤∈⋈⊞⊤∈∋⊞⋈⋈≺∋⊞∈⋈⋈⊞⋈⊞∈∋≺∋⊞⊤⊥⋈⋈∋⊤∈⋈⋈⋈≻⋈∋⋈⋈⋈⊤⊥⋈⊤∈⋈≻⋈∋⋈⋈⋈⋈⋈⋈≻⋈⊙⊤∈⋈⋈⊞⋈⋈⋈⋈⋈⋈⋈⋈⋈⋈⋈⋈≻⋈⋈⋈⋈⋈⋈⋈⋈⋈⋈⋈⋈⋈≻⋈⋈⋈⋈⋈⋈⋈⋈∈⋈⋈⊞⋈⋈⋈⋈⋈≻⊤∈⋈≻⋈∋⋈⋈⋈⋈⋈⊞⊞⊤∈∋⋈⋈⋈⊤⋈∈⊤⋈∈⋈⋈⊤∈⋈⋈⋈⊞⊥⊞⊤⊥⊞∈⊤∈⋈⊞⋈⋈⋈≻⊤∈⋈⋈≺∋⋈⋈⋈⊙⋈≺⊞∋⋈⋈≻∋⊤∈⋈⊞⋈⋈⋈⋈⋈≻⋈⊤∈∋⋈⋈≻⋈⋈⋈≺∋⋈⊙⋈⋈⋈⋈⊞⋈⋈≺∋⋈⋈≺∋⋈⋈⋈⋈⋈∋⋈≺∋⋈⋈⋈⋈⋈≻⋈⋈⋈⋈⋈≻⋈⊤∈⋈⊤∈⋈⊤∈⊞⋈≺∋⋈⋈⋈⋈∈⋈⊞⋈⋈⋈⊞∈⋈⊤⊥⊤⊥⊞∈⋈⋈⋈⋈⋈⋈≻⋈⋈⊤∈⋈⋈⋈≻∋⋈⋈⋈⋈⋈⋈⋈⋈⋈⋈≻⋈⋈⊤∈⋈⋈⋈≻∋⋈⋈⋈⋈⋈⋈⋈⋈⋈⋈≻⋈⋈⊤∈⋈⋈⋈≻∋⋈⋈⋈⋈⋈⋈⋈⋈⋈⋈≻⋈⋈⊤∈⋈⋈⋈≻∋⋈⋈⋈⋈∋⋈⊞⋈⋈⋈⋈⋈⋈⋈⋈≻⋈⋈⊤∈⋈⋈⋈≻∋⋈⋈⋈⋈⊞∈⋈⋈⋈⋈⊞⊤∈∋⊞⊤⋈⋈⋈∈∋⋈⊤⋈∈∋∋∋⋈⋈⋈⋈⋈⋈≻⋈⋈⊤∈⋈⋈⋈≻∋⋈⋈⋈⋈⋈⋈⋈⊤⋈∈⋈⋈⊤∈⊞⊤∈∋⋈⋈⊞⋈⋈∈⊤∈⊞⋈⊞⊤⋈∈∋⊤∈≺∋⋈⋈≺∋∋⋈⊞⊤∈⊤∈⋈⋈⋈⋈≻⋈⋈⋈⋈⋈⋈≺⊤∈⊞⋈⋈⋈≻⋈⋈∋⋈⊤∈⋈⋈⋈≺⋈⋈⋈⋈≻⋈⋈⋈⊞⋈⊤∈∋⋈≺⊤⋈∈⋈⊞≺∋∋∋∋⊤⋈⊥⋈⋈∋⊤∈⋈⋈∈⊤∈⋈⊤⋈∈∋∋∈∋⋈⋈⋈≻⋈⋈⋈⊤⋈⊥⋈⊤⋈⋈⊥⊥⊤∈⊞⋈∈⊤∈⋈⊤⋈∈∋∋∈∋⋈⊤∈⊤∈⋈⋈⋈⋈≺∋⊤∈⋈⊞⋈∈∋⋈⋈⋈⊞⋈⋈⋈⋈⋈⋈⋈≻⋈⋈⋈⋈⋈⊤∈⋈⋈⋈≻⋈∋⋈≺⊤∈⊤∈⊤∈⊞⋈⋈⊤∈∋⊞∈⋈⋈⊞⋈⊞∈∋≺≺∋⊞∋⊞⊤⊥⋈⋈∋⊤∈⋈⋈⋈≻∋⋈⋈⋈⋈≺∋∋⋈⊤∈⋈⊤∈⊞≺⊤∈⋈⊞⋈∈⊤∈⊞⋈⊞⊤⋈∈∋⊤∈∋⋈⋈≺∋∋∋⋈⊞⊤∈⊤∈⋈⋈⋈⋈⋈≻⋈⋈⋈⋈≺⊤∈⊞⋈≻⋈⋈⋈⋈≻⋈⋈⋈≺⊤∈⊤∈⋈≺∋∋∋∋∋∋⋈⋈⋈⋈⋈⋈⋈⋈⋈⊤∈⋈⋈⋈≻∋⋈⋈⋈≻⋈⋈⋈⋈≻⋈⋈⊤∈⋈⋈⋈≻⋈∋⋈⊤∈⋈⋈⋈≻⋈∋⋈⊤∈⋈⋈≺∋⋈⊤∈⋈⋈≺⊤∈⋈⊞⊞⋈⋈≺∋∋⋈⊤∈⊤∈⊤∈∋⊤∈⋈⋈⋈⊞∈⊤∈⋈⋈⋈⋈⋈⋈⋈≻⊤⋈∈⋈⋈⋈⊤⊥⋈⊤⊥⊥⋈⊞⋈⊤⊥⊞⊞⋈∈⊞⋈⊞∈⋈⋈⋈≻⊤∈⋈⋈⋈⊞⊥⊤∈⋈⋈⋈⋈⋈⋈⋈⋈⋈⋈⋈≻⋈⋈⋈⋈⋈⊤∈⋈⋈⋈≻⋈∋⋈≺⊤∈⋈⋈⊤∈⋈⊤∈⋈⊞⋈⊤⋈∈∋⊞∈⋈⋈⊞⋈⊞∈∋≺≺∋⊞∋⊞⊤⊥⋈⋈∋⊤∈⋈⋈⋈≻⋈∋⋈⊤∈⋈⋈⋈≻∋⊞⋈⋈⋈⊤∈∋⋈⋈⊤∈∋∋⋈⋈⋈⊤∈∋⋈⋈⊞⋈⊤⊥⋈⊤⊥⋈⊥⋈⊞⋈⊤⊥⊞⊞∈⋈⋈⋈⋈≻⊤∈⋈⋈⋈⊞⊥⊤∈⋈⋈⋈⋈⋈⋈⋈⋈⋈⋈⋈≻⋈⋈⋈⋈⋈⊤∈⋈⋈⋈≻⋈∋⋈≺⊤∈⋈⋈⊤∈⋈⊤∈⋈⊞⋈⊤⋈∈∋⊞∈⋈⋈⊞⋈⊞∈∋≺≺∋⊞∋⊞⊤⊥⋈⋈∋⊤∈⋈⋈⋈≻⋈∋⋈⊤∈⋈⋈⋈≻∋⋈⋈⋈⋈⊞⋈⊤⋈∈∋⊞⋈≺∋⋈⊞⊤∈⊤∈∋⋈⋈⊤∈⊤∈⋈≺⋈⊤∈⋈⋈⊞⊥⋈⊤⊥⊞∈⊞∈⋈⋈≻∋⊤∈⋈⊞⋈⋈⋈⋈≻⊤∈∋⋈⋈⋈≺∋⋈⋈⊙⋈⋈⋈≺⋈≺∋∋∋⋈⋈⊞⋈⋈⋈⋈⊞⋈⋈⋈⋈⋈⋈⊤∈⋈⊞⊤∈⊞⋈∈⋈⊞⋈≻⊞⊞∈∋∋⊤∈⋈⋈∈⋈⋈∈⋈⊞⋈≻⊞⊞∈∋⊞⊤∈∋∋⋈∋⊤∈⋈⋈∈⋈⊞⋈≻⊞⊤⋈∈∋∋⋈⋈⋈⋈⋈⋈⋈⊤∈⋈≺∋⋈⋈≻⋈⋈⋈⋈⋈≺⊞⊞∈∋∋⋈⋈⋈≺∋∋∋∋⊞⋈⋈⋈⋈⋈⋈⊣∋⋈⋈≺∋⋈≻∋∋∋∋∋∋∋∋⋈⋈⋈≻∋⋈⋈≻
0xab9b4ae	⊢⋈⋈⋈⋈⋈⋈⋈⋈⋈⋈⊞⊞⋈⊤∈⊤∈⋈⋈⊤∈⋈⋈≺∋⊤∈⊞⊡∈⋈⋈⊤∈⊤∈⋈⊤∈⊞⊞⋈∈⊤∈⊞⋈⊞⊞⊤∈∋⊤∈∋⋈⋈≺∋∋⋈⊞⊤∈⊤∈⋈⋈⋈≻⋈⋈⋈≺⊤∈⊞⋈⋈⊞⋈⋈⋈⋈≺⋈⋈≻⋈⋈⋈≺⊤∈⊤∈⋈≺⊤∈⋈⋈≺∋⊤∈⋈⋈≻⋈∋⊤∈⋈⋈⊤∈⊞⊞⋈⋈≺∋⊤∈∋⋈⋈≻⋈⋈⋈⋈⋈⋈⊞⋈⋈⋈⊞⊤∈⋈⋈⊞≺⊤∈⋈⊞⋈⋈≺∋∋⋈⊤∈⋈⋈⊞⋈⋈≺⋈⊤∈⋈⊞⊞⋈⋈⋈≺∋∋⊤⊥⊤∈⊞∈⋈⊡⊞⊤∈∋∋⋈⊤∈⋈∋⋈⊤∈⋈⋈≺∋⊤∈⊤∈⋈≺⊤∈⋈⊞⊞⋈⋈≺∋∋⊤∈⋈⊤∈⋈⊤∈⊤∈⋈⊞⋈⋈∋⋈⊤∈⋈⋈⊞⋈⊞⋈⊤⊥⊞⊤⊥⊞∈⋈⊤∈⋈⊞⋈⋈⋈≻⋈⊤∈⊞⋈≺∋⋈⋈⋈⋈⋈⋈⋈⋈⋈⋈≻⋈⋈⋈⋈⊞∋⋈≻∋⋈⊤∈∋⋈⋈⋈≻⋈⋈⋈≻≺∋∋∋∋⋈⋈⋈⋈⊞⋈⋈⋈⋈⋈⋈⊣⊡∋∋∋∋∋∋∋∋∋∋⊞⋈⋈⋈⋈⊣
0xabb26f0	⊢⋈⋈⋈⋈⋈⋈⊤∈⊡∈⋈≻∋∋⋈≻⊤∈⊡∈∋⋈⋈⋈⊣⋈⋈⋈⋈⊙
0xabb5750	⊢⋈⋈⋈⋈⋈⊞≻⊤∈⊡∈∋⋈⋈⋈⊣⋈⋈⋈⋈⊙
0xab92ff4	⊢⋈⋈⋈⋈⋈⊞⋈⋈⋈⋈⊤∈⊤∈⊤∈⊤∈∋⋈≺≺⊞⊤⊥⊞⋈⋈⋈⋈⋈⋈≻⋈⊤∈⋈⋈⊤∈⊞≺⊤∈⋈⊞⋈∈⊤∈⊞⋈⊞⊤⋈∈∋⊤∈∋⋈⋈≺∋∋∋⋈⊞⋈⊤∈⊤∈⋈⋈⋈≻⋈⋈⋈≺⊤∈⊞⋈⋈≻⋈⋈≻⋈⋈⋈≺⋈⊤∈⊤∈⋈≺∋∋∋∋∋∋∋∋∋⋈⋈⋈⋈⋈⋈⋈⊞⋈⋈⋈⋈⋈⊣
0xab600d0	⊢⋈⋈⋈⋈⋈⋈⋈⊞⋈⋈⋈⊤⋈⋈∈⋈⊞⋈⊞⋈⊞≺∈⋈⊤∈⋈⊤∈⊞⊞⋈⊞∈⋈⊞⋈≺∋⊞⊞⊤⋈⊥⊥⊞⋈≺∋⋈⊤∈∋⋈⊞⋈⊞⋈⊞≺∈⋈⊤∈⋈⊤∈⊞⊞⋈⊞∈⋈⊞⋈≺∋⊞⊞⊤⋈⊥⊥⊞⋈≺∋⋈⊤∈∋⋈⊞⊞⋈∋⊤⊥⊥⋈⊞∈⋈⊞⋈⋈≻⋈⊞∈⊤∈∋∋⋈⋈⋈≻∋∋⋈⋈≻⋈⋈⋈⋈⊙⊤∈⋈⊞⊞⋈⊞≺∈⋈⊤∈⋈⊞⋈⊞⊞⊤∈⋈⊞⊞⊞⊤∈⋈⋈⊤∈⋈⊞⋈⊞⊞∈⋈⊞⋈≺⊞⊤⋈⊥⊥⋈⊞⋈≺∋∋⋈⊤∈∋∋⋈⊞⊞⋈⊞≺∈⋈⊤∈⋈⊞⋈⊞⊞⊤∈∋∋⋈⋈≻⋈⊞⊞⊞⊤∈∋∋⋈⋈⋈≻⋈⋈⊤∈⋈⊞⋈⊞⊞∈⋈⊞⋈≺⊞⊤⋈⊥⊥⋈⊞⋈≺∋∋⋈⊤∈∋∋⊤⊥⋈⊞⊞⊤∈⋈⊞⊞≺⊞⊞⋈⊡∈⋈⊞⊞⊤∈∋⋈⊞⊞⊡∈⋈⊞⊞⊤∈∋⊤⊥⊞⋈⋈⋈⋈∋⋈≺∋⋈⋈⋈⋈⋈⋈⋈⋈⋈⋈⋈⋈⋈⋈⋈⊞⋈⋈⋈⋈⋈⋈⊣
0xabca0d0	⊢⊤∈⋈⊤∈⋈⊤∈⊤∈⊤∈⊤∈⊞⊤⋈∈∋∋⊞⊞⊡∈⋈⋈⊞⊞⋈⊤⊥⊤∈⊞⋈⊞⊞⋈⊤∈∋∋⊞⊞⊤∈⊡∈⋈⋈⊞⊞⋈⊤⊥⊤∈∋∋∋⋈⋈⊞∈⋈≺⊞⋈⊞⊞⊤∈∋≺∋∋⋈⊞⋈⊣⋈≺∋∋⋈⋈⊣
0xabc4880	⊢⋈⋈⋈⋈⋈⋈⋈⋈⋈⋈⊤∈⋈⋈⋈⊤⋈∈⊤∈⋈⊤∈⊡∈⋈⊞∈∋∋∋⋈⊤∈⋈⋈⊡∈⋈⊙⋈⋈⊤∈∋≺∋⋈⊙∋⋈⊞⋈⊤∈⋈≻⋈⊤∈⋈⋈⊤∈⊡∈⋈⊞∈∋∋⋈⊞⊞⋈⋈≺∋⋈⊤∈⋈⋈⊡∈⋈⊤∈⊙⋈≻⊣⊞⋈⊙⋈⊤∈∋⋈⋈≺∋⋈⊤∈⋈⋈⊞⊞⋈⊡∈⋈⋈⊞∈∋≺∋⋈⋈⋈⋈⋈⋈≺∋⊞⋈⋈⋈⋈⋈⋈⊣
0xab9f6f9	⊢⊞⊤∈⊞⊣⋈⊞⋈⋈⋈⋈⊣
0xabce940	⊢⋈⊤∈⋈⋈⊞⋈⋈⋈⋈⋈⋈⋈⊞≻⊞⋈⊣⊣
0xabc9ab0	⊢⋈⋈⋈⋈⋈⋈⋈⊞⋈⋈⋈⋈⋈⋈⊞⋈∈⊤∈⊤∈⋈⋈⋈⊙⊤∈⋈⋈≻⋈≺⋈⊙⋈≻⋈⋈⋈⋈⋈⋈⊡∈⋈⋈⋈⊙⊤∈⋈⊙⋈⊞⊞⊤∈⋈⊙∋⋈⋈⋈≺⋈⊤∈∈⋈⊤∈⋈⋈⊙⋈⋈⋈⋈≺⋈⋈⋈⋈⋈≻⋈⋈⋈⊤∈∋⋈⊤⋈∈∋⋈⋈⋈⊞⋈⋈⋈⋈⋈⋈⊣⋈⋈≻⊣⋈⋈⋈⋈⋈≻⋈⋈≺∋⊞⊤∈∋≺∋∋∋⋈⊞⋈⋈⊞⊙
0xabcbf10	⊢⋈⋈⋈⋈⋈⋈⊞⋈⋈⋈⋈⋈⋈⋈⋈≻⋈⊞⊤∈⋈⊞⋈⋈⋈⊤∈⋈⊙∋⊤∈⋈⊙∋⋈⊙≺∋⊞⋈⋈⋈⋈⋈⊣
0xabcbf00	⊢⋈⋈≻≻
0xabce930	⊢⋈⋈≻≻
0xaba5c80	⊢⋈⋈≻
0xaba4fa3	⊢⋈⋈⋈⋈⋈⋈⋈⊞⋈⋈⋈⊡∈⋈⋈⋈⋈⋈⋈⋈⋈⋈⋈⋈≻⋈≺⊤∈⊙⊤⋈⋈⊥⊥⋈⋈⋈⋈⋈⋈⋈⋈⋈⋈⋈⋈⋈≻⋈⋈⋈⊡⋈⋈⊤∈⋈⊡∈∋⋈≻≺∋⊤∈⋈⋈⊙⋈⋈⋈⋈⋈⋈⋈⋈⋈⊙≻⋈⊤∈∈⋈⋈⋈⋈≻⋈≺∋∋⋈≻≻∋≻⋈⋈⊙⋈⋈⋈⊤∈∋⋈⋈⊤∈⋈⊞⋈⊤∈⋈⋈⋈⋈⋈⋈⋈⋈⋈⋈≻⊤∈⋈⋈⊤∈⋈⊡∈∋⋈≻≺∋⋈⋈⊙⋈⋈⋈⋈⋈⊤∈⋈⋈⊙⊤⋈∈⋈⋈⋈≻⋈⋈⊤∈⋈⋈⋈≻≺⋈⋈≺∋⋈⋈⋈⊙∋⊡⊞⋈⊞⊞∈⋈⋈≻≺∋⋈⋈⋈⊤∈⊤⋈∈⊤∈⊤∈⋈⋈⋈⊤∈⊤∈∋∋⋈⋈⊤∈⋈⋈⋈⋈≺∋⊤∈⋈≺⋈⋈≺∋⋈⊞⊤∈⋈⋈⋈⋈⋈⋈⊤∈⋈⊙∋⋈⋈⋈⋈⋈⊤∈⊙∋⋈≺∋∋⊙∋⋈⋈⋈≺∋∋∋⊞⊡∈⋈⋈⊤∈⊞⋈⋈⊞⋈⋈⋈≺∋∋∋∋∋⋈⋈⋈⋈⋈⊙⊡⊡⊞⊤∈⋈⋈⊙⊡⊡⊞⊤∈⋈⋈⋈≺⋈⋈⋈≺⋈⋈⋈∋⋈⋈∋⋈⋈⋈⋈⊞⊡∈⋈≻≺∋⋈⋈⊞⊤∈≻⊞⋈≺⋈∋⋈⋈⊤⊥⊤⊥⊞⋈⋈⊥⋈⋈⊞⋈⋈⊤∈⊙⋈⊞⊙≺∋⊞⋈⋈⋈⊞⋈⊡⋈⋈⋈⊡⋈⋈⋈⋈⋈⋈⋈⋈⋈⋈⋈⋈⋈⋈⋈⋈⋈⊡⋈⋈⋈⋈≻⋈⊤∈⋈⊞⊤∈⋈⋈⋈⋈⊤∈⋈⊙∋⊤∈⋈⊙∋⋈⊙≺∋⋈⊤∈⋈⋈⊞⋈≻≺⋈⋈⋈≻⋈⊞⊤∈⋈⊞⋈⋈⋈⊤∈⋈⊙⊤∈⋈⋈⋈≻∋∋⊣⋈⊞⊤∈⋈⋈⋈⋈⋈⋈⊤∈⋈⊙∋⊤∈⋈⊙∋⋈⊙≺∋⋈⋈⋈⋈⋈⋈⋈⋈⋈⋈⋈⋈⋈⋈⋈⋈≻⋈⊞⊤∈⋈⊞⋈⋈⋈⊤∈⋈⊙≺∋∋∋⊤∈⋈⊙∋⋈⊙≺∋∋⋈⋈⋈⊞⊙
0xab592bd	⊢⋈⋈⋈⊞⋈⊤∈⋈⋈⊤∈⋈⊞⋈⊞⊤∈⋈⊞⊞⋈≺⋈⊞⊞⊞⊤∈⋈⊞⊞⋈⋈⋈⊞⊞⊞⊞⊞⊞≺⋈≺∋∋∋⊤∈⊞⊤∈∋⋈⋈⊙⊤∈⋈⋈≻⋈⋈⋈⋈⋈⋈⊞⋈⋈⋈⋈⊞∈⋈⋈⊤⊥⋈⊞⊤⊥⊞∈⋈⊡⊞⊞⊤∈⊞∋⊞⋈⊡⊞⋈⋈≺∋⊞≺∋⋈⋈⋈⊤∈⋈⋈⊤⊥⋈⊤⊥⊞∈⋈⊡⊞⊞⋈≺⊤∈⋈∋⊞≺⋈⊡⊞⋈⋈≺∋⋈⊞∋⊤⊥⊞⊞⊥⋈⋈≻⋈⋈⊤∈⊤∈⊤∈∋⋈⊞⋈⊞⋈⊞⋈⋈⋈⋈⋈≻∋⋈⋈≻≺∋⊤∈⋈≻∋⋈⋈⋈⋈⋈⋈⋈⋈≻⋈≻⋈⋈⊤⋈∈⋈⊤⊥⋈⊞⊞⊥⊞∈⋈⊡⊞⊞⊤∈∋⊞≺⋈⊡⊞⋈≺∋⊞∋⋈⋈⋈⋈≻⋈⊤∈⊤∈⊤∈∋⋈⊞⊞⋈⋈⋈⋈⋈⋈⋈≻∋⋈⋈≻≺∋⊤∈⋈≻∋⋈⋈⋈⋈⋈⋈⋈⋈≻⋈≻⋈⋈⊤∈⋈⋈⊤⊥⋈⊞⊥⊤∈⋈⊡⊞⊞⊞⋈⋈⋈⋈⊞≺∋⋈⋈⋈≻⋈⊤∈⋈⋈⋈⊞≺⋈⋈⊡⊞⊞⋈⋈≺∋∋⋈⊤∈⋈⋈⋈⋈≻∋⋈⋈⋈⊞⊞⋈⊞⋈⋈⊙⋈⋈⊤∈⊞⊡⊡⋈⋈⊞⊞⋈∋⊤∈⊡∋⋈⊞⊞⊞⊞⋈⋈⊙⊤⋈∈⊞⊡⊡⋈⋈⊞⊞⋈∋⊤∈⊡∋⋈⊞⊞⋈⋈⋈⋈⋈⋈⊣⋈⋈⋈⋈⋈⋈⋈⋈⋈⋈≺⋈≺∋⊞⊞⋈⋈⋈≻⋈⋈⋈⋈⋈⊤∈⋈⋈⋈⋈⋈⋈⋈≻⋈⋈⋈⋈∋⋈⋈≺∋⊞⋈⋈⋈⊣
0xab598e1	⊢⋈⋈⋈⋈⋈⋈⊞⋈⋈⋈⋈⋈≻⋈⋈⊞∈⋈⋈⋈⋈⋈⋈⋈⋈⋈⋈⊤∈⋈⋈⋈⋈⋈⋈≻⋈⊤∈⋈⋈⋈⊙⊤∈⋈⋈≻⋈⋈⋈⊤∈⊞⋈⋈∈⋈⋈⋈⋈⋈⋈⋈⋈⊤∈⋈⋈⋈⋈≺⋈⊞⋈⊞⋈⋈⋈⋈⋈⋈⋈≻⋈⋈⊤⋈⋈⊥⋈⋈⊤⋈⊥⊤∈⋈⋈⋈⋈⋈⋈⋈≻⋈⋈⋈⋈⋈⋈⋈⋈⋈≻⋈≺∋⋈⋈⊤∈⋈⋈⋈⋈≻∋⋈∋⊞⋈⋈⋈⋈⊤∈∋∋⋈⋈⋈⋈⋈≺∋⋈⋈≻⋈⋈⊙⊤∈⋈⋈⋈⋈⋈⋈⋈≺⋈⋈⊙⊤∈⋈⋈⋈⋈⋈⋈∋⋈⋈⋈⋈∋⋈≻⋈⋈⋈⊞⋈⋈⋈⋈⋈≻⊤∈⋈⋈⋈⋈⋈≻∋⋈⋈≻∋⋈⋈≻⋈⋈⋈⋈⋈⋈⋈⊤∈⋈⊞⊤∈⋈⋈≻⋈⋈⊤∈⋈⋈≻⋈⋈⋈⋈⋈⋈⊞⋈⋈⋈⋈⋈≻⊤⋈⊥⋈⋈⋈≻⋈⋈⋈⋈⋈⊤∈⋈⋈⋈⋈⊞⋈⋈⋈⊤∈⋈⋈⊞≻≺∋⋈⋈⋈⋈⋈⋈⋈⋈⋈⋈⋈⋈⋈≻⊤⊥⊤⋈⋈⊥∈⊤∈⊞∈⋈⋈≻∋⋈⋈⋈≻⊤∈∋⋈⋈⋈⋈⊙⋈⋈⋈⋈⋈⊤∈⋈⋈⋈⋈⋈⋈⊞⊞⋈⋈⋈⋈⋈∈⋈⋈⋈≻⊤⊥⋈⋈⋈≻⋈⋈⋈⋈⋈⊤∈⋈⋈⋈⋈⋈≺∋⋈≺⊞⋈⋈⋈⋈⋈⋈≻⊤⊥⊤∈⋈⋈⋈≻⋈≺⋈⋈⋈⊤∈⊞⋈⊞⊞⋈⊤⋈⋈⊥⋈⋈⋈⊤⋈⋈⊥⋈⊥⋈⋈⋈⊞⊥⊞⋈⊤⊥⋈⊞⋈⋈⋈⋈⊞⋈∈⋈⋈⋈≻⊤∈⋈⋈⋈⋈≻⊤∈⋈⋈⋈⋈≺⋈⋈⋈⋈≻⊤⊥⋈⋈⋈⋈⋈≻⋈⋈⋈⊤∈⋈⋈⋈⋈⋈⋈≺⋈⋈⋈⋈≻⋈⋈⋈⋈⋈⊤∈⋈⋈⋈⋈⋈≺⋈⋈⋈⋈≺⋈⋈⋈⋈≻⊤⊥⋈⋈≻⋈⋈⋈⋈⋈⊤∈⋈⋈⋈⋈⋈⋈⋈⊤⋈⊥⊤⋈∈⊤⋈⋈⊥⊤⊥⋈⋈∈⊤∈⊞⊤∈⋈⊤⋈∈∋∋∈∋⊤∈⊤∈⋈⋈⋈⋈≻⋈⋈⋈⋈⋈≻≺⊤∈≺⋈⋈⋈⋈∋≻⋈≺∋∋∋⋈⋈⋈⋈≻⋈⋈⋈≻⊤⊥⋈⋈⋈≻⋈⋈⋈⊤∈⋈⋈⋈⋈⋈⋈⋈⋈⋈≻⋈⋈⊤⋈∈⋈⋈⋈≻≺⋈⊤⋈∈⋈⊤∈⋈≺⊤∈⊤∈⊞⋈⊤⋈∈⋈⋈⋈≻⊤∈⋈⋈⋈≺∋⋈≻∋⋈⋈⋈⋈⋈⋈≺∋⋈⋈⋈⋈⊙⋈⋈⋈⋈⋈≺⋈⋈⋈⋈⋈⋈⋈≺∋⋈∋⋈∋⋈⋈⋈≻⋈⋈⋈⋈⋈⋈⊤∈⋈⋈⋈⋈⋈⋈⋈⋈⊤∈⋈⋈⋈≻⋈∋⋈⊤⋈∈⋈⋈⋈≻∋⋈⋈⋈⋈≻⋈⋈⋈⋈≻≺⋈⋈⋈⋈⋈⋈⋈⋈∋⊤∈⋈≻⋈∋⊞⊞⋈⋈⋈⋈⋈⋈⋈⋈⋈⋈⋈⋈⋈⋈⋈⋈⋈⋈⋈⋈⋈⋈⋈⋈⊞⋈⋈⊤⋈∈∋⋈⋈⋈⋈≻⊤⊥⋈⋈≻⋈⋈⋈⋈⋈⋈⊤∈⋈⋈⋈⋈≺∋⋈⋈≺∋∋∋∋⋈∋∋∋⋈⊤∈⋈∈⋈≻⊞⊞∈∋∋∋⋈⋈⋈⋈≻⋈⋈⋈⋈≻∋⋈⋈⊤∈⋈⋈⊞⊞⊤∈⋈⊞⊙∋∋⋈⋈⋈≻⋈⋈⋈⋈≻⋈⊤∈⋈⋈⋈⋈⋈⋈⋈⋈⋈⋈⋈⊤⋈∈⋈≻∋⊞⋈⋈⊞⋈⋈⋈⋈⋈⋈⊞⋈⋈⋈⋈⋈≻⋈⊤⋈⋈⋈⋈⋈⋈∈∋⋈⋈⋈⋈⋈⋈⋈⊤⋈∈⋈⋈⊞⊞⊤∈⊞⊙⋈≺∋∋∋⋈⊤∈∋⋈⋈⋈≻≺≺∋⋈⋈⋈⋈⋈≺∋∋∋⊞⋈⋈⋈⋈⋈⋈⊣⋈⊞≺∋⋈⋈⋈⊙⋈⋈⋈⋈⋈⋈⋈⋈⊣⋈⋈⋈⋈⋈⋈⋈≺⋈⋈⋈⋈⋈⋈⊞⋈⋈⋈⊤∈⋈⊤∈⊞⋈⊞≺∈⊞⊤∈⋈⊞⊞⋈⊞∈⊤⊥⊞⋈⊞⋈⊞⊞⊞⊞⋈⋈⊞⊞⋈⊞⊞⋈⊞⊞⊞≺⋈⊞⊞⊞≺∋∋⋈⊤∈∋⊤⊥⊤∈⊞∈≻⊞⋈⊞≺∋∋⊤∈⋈⋈≻⊤∈⋈⋈≻∋∋⋈⊞∋⋈⋈⋈⋈⋈⋈⋈≻⊤∈∋⋈⋈⋈⋈⋈≻⋈⋈⋈⋈⊞⋈⋈⋈⋈⋈⊣⋈⋈⋈⋈⋈⋈⋈≺∋⊞⋈⋈⋈⋈⋈⋈⊣
0xab754c6	⊢⋈⋈⋈⋈⋈⋈⊞⋈⋈⋈⋈⊞⋈⋈⋈⋈⋈⋈⋈⋈⋈⋈⋈⋈⋈⋈⋈⋈⋈⋈⋈⋈⋈⋈⋈⋈⋈⋈⋈⋈⋈⋈⋈⋈⋈⋈⋈∈⊤∈⋈⊤∈⊤∈∋⋈⋈⋈⋈⋈⋈⋈⋈≻⋈⋈⋈⋈⋈⊤∈⋈⋈⋈≻∋⋈⋈⋈⋈≻⋈⋈≻⋈⋈⋈⋈⋈⋈≻⋈⋈≻⋈⋈⋈⋈⋈⋈⊤⋈⋈⋈∈⊤⋈∈⋈⋈⋈⊤⋈∈⋈⊤⊥⋈⊤⊥⊞∈⊞⊤∈⋈⋈⋈⋈⋈⋈⋈≻⊤∈⋈≺∋⋈⋈⋈⋈⊙⋈⋈⋈⋈⋈⋈⋈⋈≺⋈⋈⋈≺⋈⋈⋈⋈⋈≺∋∋⋈∋⊤⋈∈⊤∈⋈≺⊤∈⋈⊤⊥⋈⊤⊥⊞∈⋈⋈⋈⋈⊤∈⋈⊞⋈⋈⋈⋈⋈≻⊤∈⋈≺⋈≺∋⋈⋈⋈⋈⊙⋈⋈⋈⋈⋈⋈⋈⋈⋈≺⋈⋈≺∋∋∋⋈⋈⊤∈⋈⋈⋈⋈⋈⋈≻⋈⋈⋈⋈⋈⋈⋈⋈⋈∋⋈⋈⊞⋈⋈⋈⋈⋈⋈⋈⊞⋈⋈⋈⋈⊤∈⋈⋈⋈≻∋⋈⋈⋈⋈⋈⋈⋈⋈⋈⋈⊤⋈∈⋈⋈⋈≻∋⋈⋈⋈⋈⋈⋈⋈⋈⋈⊤∈⋈⊤⋈∈⋈⊞⋈⊤⋈⋈∈∋⋈⊤⊥≺≺∋⋈⊞∋⋈⊞∈⊤∈∋⋈⋈⋈⋈⋈⋈⋈⋈≻⋈⋈⋈⋈⋈⊤∈⋈⋈⋈≻∋⋈⋈≺⊤∈⋈⋈⋈≻∋⋈≺∋⋈≻∋⊞∋⋈⋈≻⋈⊤∈⋈⊤∈⋈⊞⋈⊤⋈∈∋⊞∈⋈⋈⊞⋈⊞∈∋≺≺∋⊞∋⊞⊤⊥⋈⋈∋⋈⋈⋈⋈⊤∈⋈⋈⋈≻∋⋈⋈⋈⋈⋈⋈⋈⋈⋈⊤∈⋈⋈⋈≻∋⋈≺∋≺∋∋⋈⋈⋈⋈⋈⋈⊤∈⋈⋈⋈≻∋⋈⊤⋈∈⋈⋈⋈≻∋⊤∈⋈⋈⋈⋈≻∋⋈⊤∈⋈⋈⋈≻∋⋈⊤∈⋈⋈⋈≻∋⋈⊤∈⋈⋈⋈≻∋⊞⋈⋈⋈⋈⋈⋈⊣
0xab74258	⊢⋈⋈⋈⋈⋈⋈⊞⋈⋈⋈⋈⋈⋈≻⋈⊞⊤∈⊤∈⊤∈∋⋈⋈⋈⋈⋈⊞⋈≻∋⋈⋈≻≺∋⊤∈⋈≻∋⋈⋈⋈⋈⋈⋈⋈⋈⋈≻⊤∈⋈⋈⋈⋈⋈⋈⋈⋈⋈⋈⋈⋈⋈≻⋈⋈⋈⋈⋈⋈⋈⋈⋈⋈≻⋈⋈⋈⋈⋈⋈⋈⋈⋈⋈⋈⋈⋈⋈≻⋈⋈⋈⋈≻⋈⋈⋈⋈⋈⋈⋈⋈⋈⋈⊤∈⋈⋈⋈≻∋⋈⊤∈⋈⋈⋈≻∋⋈⊞⊤⋈⋈⊥⋈⋈⋈⋈⋈⋈⋈⋈⋈⋈⋈⋈⋈⋈⋈⋈⋈≻⋈⋈⋈⋈⋈⋈⋈⋈⋈⋈≻⋈⋈⋈⋈⋈⋈⋈⋈⋈⋈⋈⋈≻⋈⋈⋈≻⊤∈⋈⊞⋈∋⋈⋈⋈⋈⋈⋈⋈⋈⋈⋈⋈⋈⋈⋈⊤∈⋈⋈⋈≻∋⋈⊤∈⋈⋈⋈≻≺∋∋⋈⊤∈⋈⋈⋈≻∋⊞⋈⋈⋈⋈⋈⋈⊣
0xab74828	⊢⋈⋈⋈⋈⋈⋈⊞⋈⋈⋈⋈⋈⋈⋈⋈⋈⋈⋈⋈⋈≻⊞⊤∈⋈⊤∈≺⋈⊤∈∋⋈∋∋⋈⋈⋈⋈⋈⋈⋈⋈⋈⋈⋈⋈⋈⋈⋈⋈⋈≻⋈⋈⋈⋈⋈⋈⋈⋈⋈⋈⋈⋈⋈≻⋈⋈⋈⋈≻⋈⊤∈⋈⋈⋈≻∋⋈⋈⊞⊤∈⋈⋈⋈∈⋈⋈⋈⋈⋈⋈⋈⋈⋈⋈⋈⋈⋈⋈⋈⋈⋈⋈⋈≻⋈⋈⋈⋈⋈⋈⋈⋈⋈⋈⋈⋈⋈≻⋈⋈⋈≻⋈⋈⋈⋈⋈⋈⋈⋈⋈⋈⋈⊤∈⋈⋈⋈⋈≻⋈∋⊤⋈∈⋈⊤∈⋈⋈⋈≻⊤∈⋈⋈⋈⋈⋈⋈⋈⋈⋈⋈⋈⋈⋈⋈⋈⋈⋈⋈⋈⋈≻⋈⋈⋈⋈⋈⋈⋈⋈⋈⋈⋈⋈⋈⋈⋈⋈⋈⋈⋈⋈≻≺∋⋈⋈⋈⋈⋈⋈⋈⋈⊤∈⋈⋈⋈⋈≻∋⋈⋈⋈⋈⋈⋈⋈⋈⋈⋈⋈⋈≻⋈⋈⋈⋈⋈⋈⋈⋈⋈⋈⋈⋈⋈≻⋈⋈⋈≻⊤∈⋈⊞⋈∋⋈⋈⋈⋈⋈⋈⋈⋈⋈⋈⋈⋈⋈⋈⊤∈⋈⋈⋈≻∋⋈⊤⋈∈⋈⋈⋈≻∋⋈⋈⋈⋈⊞⊞⊤∈∋≺⋈⋈≺∋∋∋⋈⋈⋈⋈⋈⋈⋈⋈⊤∈⋈⋈⋈≻∋⋈⊤∈⋈⋈⋈≻∋⊞⋈⋈⋈⋈⋈⋈⊣
0xab74fc0	⊢⋈⋈⋈⋈⋈⋈⊞⋈⋈⋈⋈⋈⋈⋈⋈∈⋈⊤∈⋈⋈⊤∈⋈⋈⋈⋈⋈⋈⋈⋈≻≺⋈⊤∈⋈⋈⋈≻⊤∈⋈⋈⋈⋈⊙⋈⋈⊤∈⋈⊤∈⋈⋈⊞⋈≺⋈⊤∈⋈⋈≺∋⋈⊞≺⋈⋈⋈≺⋈⋈⋈⊤∈⋈⋈⋈⋈⋈∋⊞⋈⋈⋈⋈⋈⋈⊣⋈⋈⋈⋈⋈≺∋⋈∋∋⋈⊤⊥∋⋈⊞⋈⋈∈⊤∈∋⋈⋈⋈⋈⋈⋈⋈⋈≻⋈⋈⋈⋈⋈⊤∈⋈⋈⋈≻⋈∋⋈≺⊤∈⋈⋈⋈≻∋⋈⋈≻⋈⋈⋈⋈⋈⋈⋈⋈⋈⊞∈⋈⋈≺∋⊤∈⋈⋈≺⊤∈⋈⊞⊞⋈⋈≺∋∋⋈⊞∈⋈⋈≻⋈⋈∋⊤∈⋈⋈≺⊤∈⋈⊞⋈⋈≺∋∋⊤∈⋈⋈⋈≻⊤∈⊞⊞∈⋈⊞⊡⋈⊥⊤∈∋⊤∈⊞⊞∈⊤∈⋈⋈⊤∈⋈⊤∈⋈≻∋⋈⋈⊞⋈≺⊤∈⋈⋈⋈⋈⊙⊤∈∋⋈⋈≻⋈⋈⋈⊞⋈⋈⋈⋈⋈⋈⋈⋈⋈⋈⋈⋈≻⋈⋈⋈⋈⋈⊞⊤∈⋈⋈⋈≻∋⊞⋈⋈⋈⊣⋈⋈⋈⋈⋈⋈≺⊞⊡⋈⊥∈∋≺∋∋∋∋∋⊞⋈⋈⋈⋈⊣⊤∈⋈⊤∈⋈⊞⋈⊤⋈∈∋⊞∈⋈⋈⊞⋈⊞∈∋≺≺∋⊞∋⊞⊤⊥⋈∋⊤∈⋈⋈⋈≻⋈∋⋈⋈⋈⋈⊤∈⋈⋈⋈≻⋈∋⋈⋈⋈⋈⋈≺∋
0xab75d73	⊢⋈⋈⋈⋈⋈⋈⊞⋈⋈⋈⋈⋈⋈⋈⋈⊞⋈∈⋈⋈⊤∈⊞⋈⋈⊞⋈⋈⋈⊤∈⋈⊞⊞≺⋈⋈⋈≺∋⋈⊤⊥≺∋∋⋈⋈⊞⋈∈⊤∈∋⋈⋈⋈⋈⋈⋈⋈⋈⋈⋈≻⋈⋈⋈⋈⋈⋈⊤∈⋈⋈⋈≻⋈∋⋈⊤⋈∈⋈⋈⋈≻⋈⊤∈⋈⊞⊞⊞⊤⊥⋈⋈⋈≺∋∋⋈⋈⋈⋈⊤∈⋈⊤∈⊞⋈⊤∈∋⋈⊞⋈⋈≺∋⋈⊤⊥≺∋⋈⊞⋈∈⊤∈∋⋈⋈⋈⋈⋈⋈⋈⋈⋈⋈≻⋈⋈⋈⋈⋈⊤∈⋈⋈⋈≻⋈∋⋈≺⊤∈⋈⊤∈⋈⊤∈⋈⊞⊤∈∋⊞⋈⋈≺∋⊞∈⋈⋈⊞⋈⊞∈∋≺∋⊞⊤⊥⋈∋⊤∈⋈⋈⋈≻⋈∋⋈⋈⋈⋈⋈⋈⋈⋈⋈∈⋈⋈⊤∈⊤∈⋈⋈⋈⋈⋈⋈⋈⋈⋈≻⋈⋈⊤∈⋈⋈⋈⋈⋈≺∋⊤∈⋈⋈⋈⋈≻∋⊞⋈⋈⋈⋈⋈⋈⊣≺∋⋈⋈⋈⋈⋈⋈≻⋈⋈⋈⋈⊤∈⋈∋⊤⋈∈⊞⊤⋈⋈⊥⊤⊥⊤⊥≺∋⊤∈⋈⋈≻⋈∋⊤∈⋈⋈⋈≻⋈⊤∈⋈⋈⊤∈⋈⋈⊤∈∋⋈⊤⊥∋⋈⊞≺∋⋈⊞∈⊤∈∋⋈⋈⋈⋈⋈⋈⋈⋈⋈≻⋈⋈⋈⋈⋈⊤∈⋈⋈⋈≻⋈∋⋈≺⊤∈⋈⊤∈⋈⊤∈⋈⊞⋈⊤⋈∈∋⊞∈⋈⋈⊞⋈⊞∈∋≺≺∋⊞∋⊞⊤⊥⋈∋⊤∈⋈⋈⋈≻⋈∋⋈⊤∈⋈⋈⋈≻⋈∋⋈⋈⋈⋈⋈∋⋈⋈⋈⋈⋈⊤∈⊤∈⊤∈∋⋈⋈⋈⋈⋈⊞⋈≻∋⋈⋈⋈≺∋⋈⋈⋈⋈⋈⋈⋈⋈⋈≻⋈⊤∈⋈⋈⊤∈⋈⋈⊤∈∋⋈⊤⊥∋⋈⊞≺∋⋈⊞∈⊤∈∋⋈⋈⋈⋈⋈⋈⋈⋈⋈≻⋈⋈⋈⋈⋈⊤∈⋈⋈⋈≻⋈∋⋈≺⊤∈∋∋∋⋈⋈⋈≻⋈⊞⊤∈⋈⋈≺⊤∈⋈⊞⊞⋈⋈≺∋∋⊤∈⋈⋈≺⊤∈⋈⊞⊞⋈⋈≺∋∋⊤⊥∈⊞∈⊤∈⊞⊤⊥∋⊣⋈⊤⋈∈∋⊥⊣⋈⊤∈⋈⊤∈⋈⊞⋈⊤⋈∈∋⊞∈⋈⋈⊞⋈⊞∈∋≺≺∋⊞∋⊞⊤⊥⋈∋⊤∈⋈⋈⋈≻⋈∋⋈⊤∈⋈⋈⋈≻⋈∋⋈⋈≺∋
0xab775d7	⊢⋈⋈⋈⋈⋈⊞⋈⋈⋈⊞⋈⋈⋈⋈⋈⋈⋈⋈⊞≻⋈⋈⋈⋈⋈⊤∈⋈⊞≻⊞⋈∈⊤∈∋⋈⋈⋈⊞⋈⊤∈⋈⋈⋈⋈⋈⋈≻⋈⋈≺∋⋈⋈⋈⋈⋈⋈⊞⊤∈⋈⋈⋈⋈⋈≻⋈⋈⋈≺∋⋈⋈⋈⋈⊞⊤∈⋈⋈⋈⋈⋈≻⋈⋈≺∋⋈⋈⊞⋈⋈⋈⋈⊞⋈⋈⋈⋈⋈⊣⋈⋈≻⊞≺∋
0xab7694b	⊢⋈⋈⋈⋈⋈⋈⊞⋈⋈⊤∈⋈≺⋈⋈⊤∈⋈⊞⋈⊞⊤∈⋈⊞⊞⋈≺⋈⊞⊞⊞⊤∈⋈⊞⊞⋈≺⋈⊞⊞⊞⊞⊞⊞⊤∈⋈⋈⊞⊞≺⋈≺∋∋∋⊞⋈⊞⋈⊞⊞⊤⊞⊤⋈⊥⋈⋈⊤⊥⋈⊤⊥⊞∈⊞∈⋈⋈≻∋⊤∈⋈⊞⋈⋈⋈⋈⋈≻⊤∈∋⋈⊞⋈⋈≺∋⋈⋈⋈⋈⋈⊤∈∈⋈⊤∈⋈⊞⋈⊞⊤∈⊞⊞⊞⋈≺⋈⊞⊞⊞⊤∈⊞⊞⊞⋈⋈⊞⊞⊞⊞⊞⊞⊤∈⊞≺⊞≺∋∋∋⊤∈⋈⊞⋈⊞⊞⊤⊞⊞⋈⋈⋈⋈≻⋈≺∋⋈⊞⋈⊤∈∋≺∋⋈⋈∋⋈⊞⋈∈⋈⊤∈⋈⊤∈⊤∈⊤∈⋈⊤∈⊞∈∋∋⋈⋈⋈⋈≻≺∋∋∋⊞⊤∈∋≺⊤∈⋈⋈⊞⋈⊞⊤∈⋈⊤∈⊤∈⊤∈⊤∈⋈⋈⊞⋈⋈⊤∈⋈⋈⊞⋈⋈≻⋈⋈⊞⊞⋈⊞⋈∈⋈⊤∈⋈≺⊤⋈∈⊤∈⋈⋈≺⊤∈⋈⊤∈⋈≺⊤∈⊤∈⋈⊞⋈∋∋∋⋈≻⊤∈⋈⋈⊤∈⊤∈∋∋∋∋⋈⋈≻⋈≺⊞∋⋈⊤∈⋈⋈≻⋈⋈⋈∋⊞⋈⋈⊞⋈⊞⊤∈∋⋈⋈⋈≻⋈⋈⋈⋈⊤⊥⊞⊥⊞⋈⋈∈⊤∈⊞⋈∈⋈⊞∈⋈⊞⊤∈⊤∈∋∋∋∋⋈∋⋈⋈⋈⋈⋈⋈⊤∈⋈⋈⋈⋈⋈⋈⋈⋈≺∋∋⊤∈⋈≺∋∋∋∋∋⊤∈⊤∈⊤∈⊤∈⋈⊞⊤⊥⊤∈⊞⋈⋈⊞⊤⊥⊤∈⋈⊤∈⋈⊤∈⋈⊤∈⊤∈⋈⋈⊞⊤∈⊞⊤⊥⊞⊤⊥⋈⊞⋈⋈≻⊤⊥⊤⋈⊥⋈⊤∈⋈⋈⋈⋈⋈⋈⋈⋈⋈⋈≺∋⋈⋈≺∋∋∋∋∋∋∋∋∋∋∋∋⋈⋈⋈⋈⋈⋈⋈⊤∈⋈⋈⋈⋈⊙⋈⊤∈⋈⋈⋈≻⋈⋈⋈⋈⊤∈⋈⋈⋈⋈⋈⋈⋈⋈≺∋∋⋈⋈∋∋∋⋈⋈⋈⋈⊞⋈⋈⋈⋈⋈⋈≺⋈∋∋⋈⋈⊞⋈⋈⋈⋈⋈⋈⊣
0xab7777e	⊢⋈⋈⋈⋈⋈⋈⋈⋈⊞⋈⊤∈⋈⋈⋈⋈⋈≻⋈⋈≺∋⋈⋈⋈⋈⋈⋈⊞⊤∈⋈⋈⋈⋈≻⋈⋈⋈≺∋⋈⋈⋈⋈⊞⊤∈⋈⋈⋈⋈≻⋈⋈≺∋⋈⋈⋈⋈⋈⋈⊞⊤∈⋈⋈⋈⋈≻⋈⋈≺∋⋈⊞⋈⋈⋈⋈⊞⊤∈⋈⋈⋈⋈≻⋈⋈≺∋⋈⋈⊞⋈⋈⋈⋈⊣
0xab648e7	⊢⋈⋈⋈⋈⋈⋈⊞⋈⋈⋈⋈⊤∈⋈⊞⊤⊥∈⋈⋈⊞⋈⋈⊞⊤∈⋈⊞⋈⋈⋈≺∋⊞⋈⊞⊤⋈⊥⊤∈⋈⋈⊞⋈⋈⋈⋈≻⊤∈⋈⋈⋈⋈⋈⋈∈⊞⊤⊥∈⋈⊞∈⋈⋈∈⋈⊞⋈⋈⋈≻⊤∈≺∋⋈⋈⋈⋈⋈⋈⊞⋈∈⋈⋈⊞∈⊤∈⋈≻⋈∋⊞⋈⊥⊞⋈⊤∈∋⋈⊞⋈⊤∈∋⋈⋈≺⊞∋⋈⋈≻⋈⋈⋈⊤∈⋈⊞⊞⊞⋈⋈⋈⋈≻⋈≺∋⋈⊞⋈⋈≺∋⊞∋⋈⋈≻∋∋⊞⋈⋈⋈⋈⋈⊞∋⋈⋈⋈⋈≻⊤∈⋈⊞⊤∈⊞∈⊤∈∋⊞⋈⋈⊞∈⋈⊞⋈⊤∈∋∋⊞≺∋⋈∋∋⋈⋈⋈⋈⊞⋈⋈⋈⋈⋈⋈⊣
0xab7a06a	⊢⋈⋈⋈⋈⋈⋈⊞⋈⋈⋈⋈⋈≻⋈⋈⊞∈⋈⋈⋈⋈⊤∈⋈⋈⋈⋈≻⋈⋈⊤∈⋈⋈⋈⋈⊙⋈⊤∈⋈≻⋈⊤∈⊞⊞∈⋈⊞⊞⊤∈∋⊤∈∋⋈⋈⊙⊤∈⋈⋈⋈⋈⋈⋈⋈≺⋈⋈⋈⋈≺∋⋈≻≺∋⋈⋈⊙⊤∈⋈⋈⋈⋈⋈⋈∋⋈⋈⋈⋈⋈⋈≻⊤∈∋⋈⋈⊞⋈⋈⋈⋈⋈⋈≺⋈⋈⋈⊞⋈⋈⋈⋈⋈≻⊤∈⋈⋈⋈⋈⋈≻∋⋈⋈≻∋⋈⋈≻⋈⋈⋈⋈⋈≺∋⊞⋈⋈⋈⋈⋈⋈⊣
0xab64b93	⊢⋈⋈⋈⋈⋈⋈⊞⋈⋈⋈⊞⊤⋈∈⊤∈⋈⋈⊤∈⋈⋈⊞⊥⋈⊤⊥⊞∈⊞⋈⋈≺⋈≺∋∋⋈⋈⋈⋈⋈⋈⋈∈⋈⊤∈⊤∈⋈⊤∈⋈⋈⊞⊥⋈⊤⊥⊞∈⋈⊤∈⋈⊞⋈⋈⋈⋈⋈≻⋈⊤∈⋈⋈⋈≺∋⋈⋈⊙⋈⊞⋈⊞∋⋈⋈≻∋⊤∈⋈⊞⋈⋈⋈≻⊤∈∋⋈⋈⋈≺∋⋈⋈⋈⊙⋈⋈⋈⋈⋈⋈⋈≻⊤∈⋈⋈⋈⋈⊙⋈⋈⋈≺∋⋈⋈⋈⊞≺⋈⋈⊞⋈⊞⊞≺∋∋∈⋈⋈⋈⋈⋈⋈⋈⋈⋈⋈⋈⋈⋈⋈⋈⋈⊤⋈∈⋈⋈⋈⋈∈⋈⋈⋈⋈⋈⋈⋈⋈⋈≻⋈⋈⋈⋈⋈⋈⋈⋈⋈⋈⋈⋈⋈≻⋈⋈⋈≻⊤∈⋈⊞⋈∋⋈⋈⋈⋈⋈⋈⋈⋈⋈⋈⋈⋈⋈⊤∈⋈⋈⋈≻∋⋈⊤∈⋈⊤∈⋈⊤∈⊤∈⊤∈∋⊞⋈≺∋∋∋⋈⋈⋈≻⋈⋈⋈≻⋈⋈⋈≻⋈⊤∈⋈⊤∈⊤∈⊤∈∋⊞⋈≺⋈⋈⋈≻⋈⋈⋈≻⋈⋈⋈≻⋈≺∋∋∋∋⋈⋈⋈≻⋈⋈⋈≻⋈⋈⋈≻⋈⋈⋈⋈⋈⋈⊤∈⋈⋈⋈≻∋⋈⋈⋈⋈⋈⋈⋈⋈⋈⊤∈⋈⋈⋈≻∋⋈⋈⋈⋈⋈⋈⋈⋈⋈⊤∈⋈⋈⋈≻∋⊤∈∋⋈∋⊤⋈⋈∈⋈⋈⋈⊤∈⋈∋⊤∈⋈⊤⋈⊥⊤⊥⊤∈⋈⋈⋈⋈⋈⋈⋈⋈≻⋈⊤∈⋈⋈⋈≻∋⋈⋈⋈⋈⋈≻⋈⋈⋈≻⋈⊤∈⋈⋈⋈≻∋⋈⊤∈⋈⋈⊙⊤∈⋈⋈≻⋈⋈⋈⋈⋈⋈⊞⋈⋈⋈⊤∈⋈⊞∈⊞∈⋈⋈≺∋⊞≺∋⋈⋈⊞⊥⋈⊤⊥⊞∈⊞∈⋈⋈≻∋⊤∈⋈⊞⋈⋈⋈≻⊤∈∋≺∋⋈⋈⋈⋈⋈⋈⊞⊥⊞∈⋈⊞∈⋈⋈∋⋈≻⊤∈∋⋈⋈⋈⋈⊞≻⋈⋈≺⊞∋⊤∈∈⋈⊞⊞⊤∈∋∋⋈⊞⊞≺∋⋈⋈⋈⋈⊞⋈⋈⋈⋈⋈⋈⊣⋈⋈⋈⋈⋈⋈⋈≺⊤∈⋈⊤∈⊤∈⋈≺⋈⊤∈⋈⋈⊞⊥⋈⊤⊥⊞∈⊞∈⋈⋈≻∋⊤∈⋈⊞⋈⋈⋈≻⊤∈∋⋈⋈≺∋⋈⋈⋈⊙⋈⋈≺⋈≺⊞∋≺∋∋∋⋈⋈⊞⋈∋⋈⋈⋈⊤∈⋈⋈⋈≻∋⋈⊤⋈∈⋈≺∋∋⋈⋈⊙⊤∈⋈⋈≻∋⋈≺∋⋈≻∋⋈⋈⋈≺∋⋈⋈⋈⋈⋈⋈⋈⋈⋈⋈⋈⊤∈⋈⋈⋈≻∋⋈⊤∈⋈∋⋈⋈≻∋∋⋈⊤∈⋈⋈⋈≻∋⋈⊤∈⋈⋈⋈≻∋⊤∈⋈⋈⋈⋈≻∋⊞⋈⋈⋈⋈⋈⋈⊣
0xabd1831	⊢⋈⋈⋈⋈⋈⋈⊞⋈⋈⋈⋈⋈⋈⋈⋈⋈≻⊤∈⋈⋈⋈⋈⋈≺⋈⋈⋈⋈⋈≻⋈⋈⋈≻⊞⊤⋈∈⋈⊤∈⋈⋈⋈⋈⋈⋈⋈⊤⋈∈⋈⋈⋈⋈⋈⋈⋈⊤∈∋⋈⋈⊙⊤∈⋈⋈⋈⋈⋈⋈⋈⋈≺∋⋈∈⊞⋈⋈⋈⋈⋈⊤∈⋈⋈⊤∈⋈⊞⋈⋈⊤∈⋈⋈≺∋⊞⋈⋈⋈⋈⊞∈⋈⋈⊞⊞⊞⋈⊞⊞⊞⊞⋈⊞⊞⊞⊞⊞⊞⊞⊤∈∋⊤⋈∈∋∋⋈⋈⋈⋈⋈⋈⊞∈⊤∈⊤∈⊤∈∋⋈≺∋⊤∈⋈⋈⊤∈⋈⋈⊤∈∋⋈⊤⊥∋⋈⊞≺∋⋈⊞∈⊤∈∋⋈⋈⋈⋈⋈⋈⋈⋈⋈⋈≻⋈⋈⋈⋈⋈⊤∈⋈⋈⋈≻⋈≺⊤∈⋈⋈⋈≻∋⋈⋈≻⊤∈⋈⊤∈⋈⊞⋈⊤⋈∈∋⊞∈⋈⋈⊞⋈⊞∈∋≺≺∋⊞∋⊞⊤⊥⋈∋∋⋈⋈⋈⋈⋈⋈⋈⋈⋈⋈≻⋈⋈⋈⋈⋈⋈⊤∈⋈⋈⋈≻⋈∋⋈⊤∈⋈⋈⋈≻⋈∋⋈⋈⋈⋈⊤∈⋈≻⋈⋈∋⋈⋈⋈⋈⊞⋈⋈≺∋⋈≻⊤∈∋⋈⋈⋈≻⋈⊞⊞⋈⋈⋈⋈⋈⋈⋈⋈⋈⋈⋈≻⋈⋈⋈⋈⋈≻⋈⋈⋈⋈⋈⋈⊞⋈⋈⊞∈⋈⊤∈⊤∈⊤∈∋∈⋈⋈⊤∈⋈⋈⋈≻⋈⋈≺∋∋⊤∈⋈⋈⋈⋈≻⋈∋⋈⋈⋈⊤∈⊤∈∋⋈⋈⋈≻⋈⋈⊤⋈∈⋈⊞≺∋⋈⋈⋈⊤∈⊞⋈⋈⋈⋈∈⋈⋈≻⋈⋈⋈⋈⊞⊞⊞∈∋⋈⋈⋈≺∋⋈⋈⋈⋈⋈⋈⊤∈⋈⋈⋈≻⋈∋⋈⊤∈⋈⋈⋈≻∋⋈⋈≻⋈⋈⋈⋈≻∋⊞⋈⋈⋈⋈⋈⋈⊣⊞∋⋈⋈≻∋⋈⋈⊞⊥⊞⊤⊥⊞∈⊤∈⋈⊞⋈⋈⋈≻⊤∈⋈⋈≺∋⋈⋈⋈⊙⋈⋈⋈⋈⋈⋈≺∋⊞∋⋈⋈≻∋≺∋⋈⋈⋈≻⊤∈⋈≻⋈∋⋈⋈⋈⋈⊞⋈⋈⋈⋈⋈⋈⋈⊤⋈∈⋈⋈⊤∈⊤∈⋈∋⊤∈⋈≺∋⊤∈∋⋈⋈⋈⋈⋈⋈⋈≻∋⊤∈⋈⋈⋈⋈≻≺∋⋈≺∋⋈⊤∈⋈⋈⋈≻⋈∋⋈⋈⋈⋈⊞≺∋
0xabd25d9	⊢⋈⋈⋈⋈⋈⋈⊞⋈⋈⋈⋈⊞∈⊤∈⊞⋈⋈⋈⋈⋈⋈⊞⊥⋈⊞⊤⊥⊞∈⋈⊡⊞⊞⋈⋈⊤∈∋⋈⊙⊤∈⋈⋈⋈⋈⋈≺⊞⋈⋈⋈⋈⋈⊤∈∋⋈⋈⊞⋈≺⋈⊡⊞⋈⋈⋈⋈≺∋⋈⊞⋈⊞⊞⊤⊞⊤∈⋈⋈≻⊤∈⊞⋈≺∋∋⋈⊞⋈⋈⋈⋈∈⋈≺⊤∈⋈⊞⋈⋈≺∋∋⊤∈⋈⊞⋈≻∋⋈⋈≻⋈⋈⋈⊤⋈∈⊞⋈⊞⊞⋈∈⋈⋈∈⊤∈⋈≻⋈≺∋⋈⊞⋈⊞⊞∈⊞⊤∈∋⊡∈⋈⋈⋈⋈⊤⋈∈∋⊞⋈⊞⋈⋈≺∋⊤∈∋⋈≻∋⋈⋈≻⋈⋈⋈⋈⋈⋈⋈⋈⊞⊤∈⋈⋈≺⊤∈⋈⊞⋈⋈≺∋∋⋈⊤∈⋈⋈⋈≺⊤∈⋈⊞⊞⋈⋈⋈≺∋∋⊤⊥⊤∈⊞∈⋈⊡⊞⊤∈∋∋⊤∈⋈∋⋈⊤∈⋈⊤∈⋈⋈∋⋈⊤∈⊞≺⊤∈⋈⊞⋈∈⊤∈⊞⋈⊞⊤⋈∈∋⊤∈∋⋈⋈≺∋∋∋⋈⊞⊤∈⊤∈⋈⋈⋈≻⋈⋈⋈≺⊤∈⊞⋈⋈≻⋈⋈≻⋈⋈⋈≺⊤∈⋈∋⊤∈⊤∈⋈≺∋∋∋∋∋∋⋈⋈⋈⋈⋈⋈⊞⋈⋈⋈⋈⊣⋈⊤∈⋈⋈∈⊤∈⋈≻≺∋⋈⋈⊞⋈⋈⊞⊤⋈∈∋≺∋⋈⋈⊤⋈∈⋈⋈⊞⋈⋈∈⋈⋈⊞∈⊞⋈⊞⊤∈⋈≻∋⋈⋈⊞⋈⊞⊤∈∋⋈⊞⊤∈∋⋈⋈≻⊤⋈∈⋈⊞⊤∈⋈⊞∈⊤∈⋈⋈⊤∈⋈⊤⋈∈∋≺∋∋⋈∋∋⋈⋈⋈⋈∋⊞⋈⋈⋈⋈⋈⋈⊣≺∋≺∋≺∋
0xabd2368	⊢⋈⋈⋈⋈⋈⋈⊤∈⋈⊞⋈⋈⋈⊞⋈⋈≻⊤∈⋈⋈⊞∈⊤∈⋈⊞⊤∈⋈⋈≻∋⋈⋈≻⋈⋈⋈⋈⋈⋈⊞⋈⋈⋈⋈⋈⋈⊞∈⋈⋈≺∋⊤∈⋈⊤∈⊤∈⋈≺⋈⊤∈⋈⋈⋈≻⊤∈⋈⋈≻⋈⋈⋈⋈⊙⋈⋈⋈≺⋈⊤∈∋⋈⊤∈⊤∈⋈≺⋈⊤∈⋈⋈⊞⊥⊞⊤⊥⊞∈⊞∈⋈⋈≻∋⊤∈⋈⊞⋈⋈⋈⋈≻⊤∈∋⋈⋈⋈≺∋⋈⋈⊙⋈⋈≺⋈≺∋∋∋⋈⋈⋈⋈⋈⋈⋈≺∋∋∋⋈⋈⋈⋈⋈⋈≺∋≻⊞⋈⋈⋈⋈⋈⋈⊣⋈⊞⋈⊞⊡∋⊞⊞∈∋⊤∈∋⋈⋈⋈⋈⋈⋈≻≺∋⋈⋈⋈⋈⋈⋈⋈≺
0xabd2b73	⊢⋈⋈⋈⋈⋈⋈⊞⋈⋈⋈⋈⋈⋈⋈⋈⋈⋈⋈≻⋈⋈⋈⋈⋈⊞∈⋈⊤∈⋈⊤∈⋈⋈⋈⋈⋈⊤∈⋈⋈⋈≺∋⋈⊞∈⊤∈⊤∈⋈⊞⊤⋈∈∋∈∋∋∋⋈⋈∋⊤∈∋⋈⋈⊤∈⋈⊞⋈⊤∈⋈⋈≺∋⊞⋈⋈⋈⋈⊞∈⋈⋈⊞⊞⊞⋈⊞⊞⊞⊞⋈⊞⊞⊞⊞⊞⊞⊞⊤∈∋⊤∈∋∋⋈⋈⋈⋈⋈≻⊤∈⋈⋈⋈≻⋈⊞⋈⊞⋈⋈⋈⋈⋈⋈⋈⋈⋈≻⋈⋈⋈⋈⋈⋈≻⋈⋈⋈⋈⋈≺∋⋈⋈⋈⋈⋈≻⋈⋈⋈⋈≻⋈⋈⋈⋈≻⋈⋈⋈⋈⋈⋈⋈⋈⋈⋈⋈⋈⊤∈⊤∈⋈⋈⊤∈⋈⋈≺⋈≺∋∋⋈∈⋈⋈⋈⋈⋈⋈⋈⊞⋈⋈⋈⋈⋈⋈⋈⋈⋈⋈⋈⋈⋈⊞⋈⊞⋈⋈⊞⋈∈⊤⋈∈⊤∈⊤∈⊤∈∋⊤∈⊤∈⊤∈≺∋⋈⋈⋈⋈≻⋈⊤∈⋈⋈⋈≺⋈⊤∈⋈⋈≺≺∋∋∋∋⋈⋈⊤⊥⊞⋈∈⋈⋈⋈⋈⋈≻⋈⋈⋈≻⋈⋈⋈⋈≻⋈⋈⋈⋈⋈⋈⋈⊤∈⋈⋈⊤∈⊤∈⋈∋⊤∈⋈≺∋⊤∈∋⋈⋈⋈⋈⋈⋈⋈≻≺∋⊤∈⋈⋈⋈⋈≻≺∋∋⋈⊤∈⋈⋈⋈≻∋⋈⋈⋈⋈⋈⋈⋈⋈⋈⋈⊤∈⋈⋈⊤∈⊤∈⋈∋⊤∈⋈≺∋⊤∈∋⋈⋈⋈⋈⋈⋈⋈≻≺∋⊤∈⋈⋈⋈⋈≻≺∋∋⋈⊤∈⋈⋈⋈≻∋⋈⋈⋈⋈⋈⋈⋈⋈⋈⋈⊤∈⋈⋈⊤∈⊤∈⋈∋⊤∈⋈≺∋⊤∈∋⋈⋈⋈⋈⋈⋈⋈≻≺∋⊤∈⋈⋈⋈⋈≻≺∋∋⋈⋈⊤∈⋈⋈⋈≻∋⋈⋈⋈⋈⋈≺⋈⊤∈⋈⊤∈⋈⊞⋈⊤⋈∈∋⋈⊤⊥≺≺∋⋈⊞∋⋈⊞∈⊤∈∋⋈⋈⋈⋈⋈⋈⋈⋈≻⋈⋈⋈⋈⋈⋈⊤∈⋈⋈⋈≻∋⋈≺⊤∈⊤∈⋈⊤∈⋈⊞⋈⊤⋈∈∋⊞∈⋈⊞⊞∈∋≺≺∋⊞∋⊞⊤⊥⋈⋈⋈∋⊤∈⋈⊤∈⋈⊞⋈⊤⋈∈∋⋈⊤⊥≺≺∋⋈⊞∋⋈⊞∈⊤∈∋⋈⋈⋈⋈⋈⋈⋈⋈≻⋈⋈⋈⋈⋈⋈⊤∈⋈⋈⋈≻≺⊤∈⊤∈⋈⊤∈⋈⊞⋈⊤⋈∈∋⊞∈⋈⊞⊞∈∋≺≺∋⊞∋⊞⊤⊥⋈⋈⋈∋∋⋈⊤∈⊤∈⊤∈∋⊤∈⋈⊤∈⋈⊞⋈⊤⋈∈∋⋈⊤⊥≺≺∋⋈⊞∋⋈⊞∈⊤∈∋⋈⋈⋈⋈⋈⋈⋈⋈≻⋈⋈⋈⋈⋈⋈⊤∈⋈⋈⋈≻≺⊤∈⊤∈⋈⊤∈⋈⊞⋈⊤⋈∈∋⊞∈⋈⊞⊞∈∋≺≺∋⊞∋⊞⊤⊥⋈⋈⋈∋⋈⋈≺∋∋∋⋈⋈⋈⋈⋈⋈⋈⋈≻⋈⋈⋈⋈⋈⊤∈⋈⋈⋈≻∋⋈⊤∈⋈⋈⋈≻∋⋈⋈⋈⋈⋈⋈⋈⋈⋈⋈⋈⋈≻⋈⋈⋈⋈⋈⊤∈⋈⋈⋈≻∋⋈⊤∈⋈⋈⋈≻∋⋈⋈⋈⋈⋈⋈⋈⋈⋈⋈⋈⋈≻⋈⋈⋈⋈⋈⊤∈⋈⋈⋈≻∋⋈⊤∈⋈⋈⋈≻∋⋈⋈⋈⋈∋⋈⋈⋈⋈⋈⋈⋈⋈⋈⋈⋈⋈⊤∈⋈⋈⋈⋈⋈⋈⋈≻⊤∈⋈⋈⋈≻⋈⋈⊤∈⋈⊤⋈⋈∈⋈⊞⋈⊤⋈⋈⋈∈∋⋈⊤⊥≺≺∋⋈⊞∋⋈⊞∈⊤∈∋⋈⋈⋈⋈⋈⋈⋈⋈≻⋈⋈⋈⋈⋈⋈⊤∈⋈⋈⋈≻≺∋∋⋈⊤∈⋈⋈⋈≺⋈≺⊤∈⊤∈⋈⊤∈⋈⊞⋈⊤⋈∈∋⊞∈⋈⊞⊞∈∋≺≺∋⊞∋⊞⊤⊥⋈⋈⋈∋⊤⋈⋈⊥⋈⋈∋⋈⋈⋈⊤∈⋈∋⊤∈⊤⋈⋈⊥⊤⊥⊞⊙⊤∈⊤∈⋈⋈⋈⋈≻∋⋈⊤∈⋈⋈⋈≻∋⋈⋈⊤∈⋈⋈⋈≻≺⊤∈⋈⊤∈⋈⊞⋈⊤⋈∈∋⋈⊤⊥≺≺∋⋈⊞∋⋈⊞∈⊤∈∋⋈⋈⋈⋈⋈⋈⋈⋈≻⋈⋈⋈⋈⋈⋈⊤∈⋈⋈⋈≻≺⊤∈⊤∈⋈⊤∈⋈⊞⋈⊤⋈∈∋⊞∈⋈⊞⊞∈∋≺≺∋⊞∋⊞⊤⊥⋈⋈⋈∋∋∋⋈⋈⊤⋈⋈⊥⋈⋈⊤⋈⋈⊥⊤⋈⋈∈⊤⋈⋈⊥⋈⊤⊥⊤⋈⋈⊥⊤⊥⊞∈⊤∈⊞⊤⋈∈⋈⊤⋈∈∋⋈∋∈∋⊤∈⊤⋈∈⋈⊤∈⋈⋈⋈⋈⊤⊥⋈⊤⊥⊞∈⊤∈⋈⊞⋈⋈⋈≻⊤∈⋈≺⋈≺∋⋈⋈⋈⋈⊙⋈⋈⋈⋈≺⋈⋈≺∋⋈⋈⋈∋⋈≺∋⋈⋈⋈⋈⋈≻⋈⋈⋈⋈⋈⋈⋈⋈⋈≻≺∋⊤∈⊤∈⋈⊤∈⋈⋈⋈⋈⋈⊤⊥⊞⊤⊥⊞∈⊤∈⋈⊞⋈⋈⋈≻⊤∈⋈≺⋈≺∋⋈⋈⋈⋈⊙⋈⋈⋈⋈≺⋈⋈≺∋∋⋈∋⋈⋈⋈⋈⋈≻⋈⋈⋈⋈⋈⋈⋈∋⊤∈⋈⋈⋈⋈⋈⋈≻⋈⋈⋈⋈≻⋈⋈⋈⋈≻⋈⋈⋈≻⋈⋈⊤⋈⋈⊥⋈⋈⊤⋈⊥⊤∈⋈⋈⋈⋈⋈⋈≻⋈⋈⋈⋈⋈⋈⋈⋈⋈⋈⋈≻⋈⋈⋈⋈⋈≺∋⋈⋈⊤⋈∈⋈⋈⋈⋈≻∋⋈⋈⋈≻⋈≺⊤∈⋈⊤∈⋈⊞⋈⊤⋈∈∋⋈⊤⊥≺≺∋⋈⊞∋⋈⊞∈⊤∈∋⋈⋈⋈⋈⋈⋈⋈⋈⋈≻⋈⋈⋈⋈⋈⋈⊤∈⋈⋈⋈≻≺⊤∈⊤∈⋈⊤∈⋈⊞⋈⊤⋈∈∋⊞∈⋈⊞⊞∈∋≺≺∋⊞∋⊞⊤⊥⋈⋈⋈∋∋⋈⋈⋈≻⊤∈⋈⊤∈⋈⊞⋈⊤⋈∈∋⋈⊤⊥≺≺∋⋈⊞∋⋈⊞∈⊤∈∋⋈⋈⋈⋈⋈⋈⋈⋈⋈≻⋈⋈⋈⋈⋈⋈⊤∈⋈⋈⋈≻≺⊤∈⊤∈⋈⊤∈⋈⊞⋈⊤⋈∈∋⊞∈⋈⊞⊞∈∋≺≺∋⊞∋⊞⊤⊥⋈⋈⋈∋∋⋈⋈⋈≻⋈⊤⋈⋈⊥⋈⊤⋈⊥⊤∈⋈⋈⋈⋈⋈⋈≻⋈⋈⋈⋈⋈⋈⋈⋈⋈⋈⋈⋈≻⋈⋈⋈⋈⋈≺∋⊤⋈∈⋈⋈⋈⋈≻∋⊤∈⋈⊤⋈∈⋈⊞⋈⊤⋈⋈∈∋⋈⊤⊥≺≺∋⋈⊞∋⋈⊞∈⊤∈∋⋈⋈⋈⋈⋈⋈⋈⋈≻⋈⋈⋈⋈⋈⋈⊤∈⋈⋈⋈≻∋⋈≺⊤∈∋∋∋∋∋∋∋⋈⋈⋈≻⋈⊤∈⋈⊤∈⋈⊞⋈⊤⋈∈∋⊞∈⋈⊞⊞∈∋≺≺∋⊞∋⊞⊤⊥⋈⋈⋈∋⊤∈⋈⋈⋈≻∋∋⋈⋈⋈⊤∈⋈∋⋈⋈⋈⊤∈⋈∋⊤∈⊤⋈⋈⊥⊤⊥⊤⋈⋈⊥⊤⊥⊞⊙⊤∈∋⋈⋈⊤∈⋈⋈⋈⋈≻∋⊤∈⋈⋈⋈⋈≻∋⋈⊤∈⋈⋈⋈≻∋⋈≺⊤∈⋈⋈⋈⋈≻∋⊤∈⋈⋈⋈⋈≻∋⋈⊤⋈∈⋈⋈⋈≻∋⋈⋈⋈⋈≺∋⋈⋈⋈≻⋈⋈⋈≻⋈⋈⊤⋈⋈⊥⋈⋈⊤⋈⊥⊤∈⋈⋈⋈⋈⋈⋈≻⋈⋈⋈⋈⋈⋈⋈⋈⋈⋈⋈≻⋈⋈⋈⋈⋈≺∋⊤∈⋈⋈⋈⋈≻∋⋈⋈⋈≻⋈⋈⊤⋈⋈⊥⊤∈⋈⋈⋈≺∋⊤∈⋈⊤⊥⊤⊥⊤∈⋈⊤∈⊤∈⋈⋈⋈≻≺⋈⋈⊤⊥⋈⊤⊥⊞∈⊞⋈⋈⊤∈⋈⊞⋈⋈⋈≻⊤∈∋⋈≺∋⋈⋈≻∋⊞∋⋈⋈≻∋⋈⋈⊤⊥⋈⊤⊥⊞∈⊤∈⋈⊞⋈⋈⋈≻⊤∈⋈⋈≺∋⋈⋈⋈⊙≺∋⊞∋⋈⋈≻∋⊞∋⋈⋈≻∋∋⋈⋈⊤∈⋈⋈⋈⋈≻∋⋈⊤∈⋈⋈⋈≻∋⋈∋⊤∈⋈⋈⋈≻∋⋈⊤∈⋈⋈⋈≻∋⋈⊤∈⋈⋈⋈≻⋈≺∋⋈⋈⋈⋈⊙⋈⋈⋈⋈⋈⋈≻⋈⋈⋈⋈⋈⋈≺⊤∈⊤⋈∈∋∋⋈⋈⋈∋∋⊤∈⋈⋈⋈⋈≻∋⋈≺≺∋⋈⋈⋈⋈⋈⋈⋈≻⋈⋈⋈⋈∋⋈⋈≻⋈⋈⋈⋈⋈⊤⋈⋈⊥⋈⊤⋈⊥⊤∈⋈⋈⋈⋈⋈⋈≻⋈⋈⋈⋈⋈⋈⋈⋈⋈⋈⋈⋈≻⋈⋈⋈⋈⋈≺∋⊤∈⋈⋈⋈⋈≻∋⊤∈⋈⋈⊤∈⋈⊤∈⋈⊤∈⋈≺∋⊤∈⋈≺∋⊤∈∋⋈⋈⋈⋈⋈⋈⋈⋈≻≺∋⊤∈⋈⋈⋈⋈⋈≻≺⋈⋈⋈⋈⋈⋈⋈⋈≻⋈⋈⋈⋈⋈⊤∈⋈⋈⋈≻∋⋈⊤∈⋈⋈⋈≻≺∋∋∋∋⋈⊤∈⋈⋈⋈≻∋⋈⋈⋈⋈⋈⋈⋈≻⋈⋈≻⋈⊤∈⋈⋈⋈≻∋⋈⋈⋈≻⋈⋈≻⋈⊤∈⋈⋈⋈≻∋⊤∈⋈⋈⋈⋈⋈⋈⊤∈⋈⋈⊤∈⊤∈⋈∋⊤∈⋈≺∋⊤∈∋⋈⋈⋈⋈⋈⋈⋈≻≺∋⊤∈⋈⋈⋈⋈≻≺∋∋⋈⋈⋈⋈⋈⋈≺⋈⋈⊤⋈⋈⊥⋈⊤∈⋈⋈∋⋈⊤∈⋈⋈⋈⋈≺⋈⊤∈⋈⊞⊞⋈⋈⋈≺∋∋⊤∈⊤∈⋈⋈≻≺⊤∈⊤∈⋈≻⊤∈⋈⋈⋈⋈≻∋⋈⋈⋈⋈≺⋈⋈⊤∈⊤∈⋈⊤∈⋈⋈⊤⊥⋈⊤⊥⊞∈⊞⊤∈⋈⊞⋈⋈⋈≻⊤∈⋈≺∋⋈⋈≻∋⋈⊞∋∋⋈⋈⋈⊤∈⋈∋⊤∈⊤⋈⋈⊥⊤⊥⊞⊙⊤∈⊤∈⋈⋈⋈⋈≻∋⋈⋈⋈⊤⋈∈∋⋈⋈⋈⋈⊙⋈⋈⋈≻⊤∈⋈⋈⊤⊥⋈⋈⋈⊙⋈⊤⊥⊞∈⋈⋈⋈∈⊤∈⊞∈⋈⊞⊤∈∋∋∋⊞⋈⋈⋈≺∋⋈≺∋⋈⊤∈⋈⋈⋈⋈⊙⋈⋈≺⋈⋈≻⊤∈∋⋈⋈≻⋈⋈⋈⋈⋈⋈⊞⋈⋈⋈⋈⊞∈⋈⋈⋈⋈≺⋈⊤∈⋈⊞⊞⋈⋈⋈≺∋∋⋈⊤∈⋈⋈⊤⊥⊤⊥⊤∈⊤∈⊤∈⋈⋈⋈⋈≻≺⋈⋈⋈⋈⋈⋈⋈≻⋈⋈⋈⋈≺⋈⋈⋈⊤⊥⊤∈∋⋈⋈⋈≺⋈⊞≺∋⋈⋈⊤∈⊤∈⋈≺⊤∈⋈⋈⊞⊥⋈⊤⊥⊞∈⊞∈⋈⋈≻∋⋈⊤∈⋈⊞⋈⋈⋈⋈≻⋈⊤∈∋⋈⋈≺∋⋈⋈⋈⊙⋈⋈⋈≺∋∋∋⋈⋈⋈⋈⋈⋈≻⋈⋈⋈⋈⋈⋈∋⊤∈∋⋈⋈⋈⋈≻∋∋⊞⋈⋈⋈⋈⋈⋈⊣⋈⋈⊤⊥⋈⋈⋈⊙⋈⋈⊞⊤⊥⊞∈⋈⋈∈⊤∈⊞∈⋈⊞⊤∈∋∋∋⊞⋈∋⋈⋈⋈≺∋⋈⋈⋈≻⋈⋈≻⋈⋈≻⋈⋈⋈≻⋈⋈⋈⋈⋈⋈⋈⋈⋈⋈⋈⋈⋈⊤∈⋈⋈⋈≻∋⋈⊤⋈∈⋈⋈⋈≻∋⋈⊤∈⋈⋈⋈≻∋⋈⊤∈⋈⋈⋈≻∋⊤∈⋈⋈⋈⋈≺∋⊤∈⋈⋈⋈⋈≻∋⋈⋈≺∋∋⋈⊤∈⋈⋈⋈≻∋⋈⊤∈⋈⋈⋈≻∋⋈⊤∈⋈⋈⋈≻∋⋈⊤∈⋈⋈⋈≻∋⋈⊤∈⋈⋈⋈∋≻∋∋⋈⊤∈⋈⋈⋈≻∋⋈⊤∈⋈⋈⋈≻∋⋈⊤∈⋈⋈⋈≻∋⋈⋈⊤∈⋈⋈⋈≻≺∋∋⋈⊤∈⋈⋈⋈≻∋⊞⋈⋈⋈⋈⋈⋈⊣⋈≺∋⋈⋈⋈⋈⊙⋈⋈⋈≺⋈⋈≺∋∋⋈∋⋈⋈⋈⋈⋈≻⋈⋈⋈⋈⊤∈⋈⋈⋈⋈≻∋⋈⋈⋈⋈⋈⊞⊤⊥⋈≺∋∋∋∋⋈∋⋈⊤∈⋈⋈⋈≻∋⋈⊤⋈∈⋈⋈⋈≻∋⋈⊤∈⋈⋈⋈≻∋⊞≺∋
0xabd5d9e	⊢⋈⋈⋈⋈⋈⋈⊞⋈⋈⋈⋈⋈⊤∈⋈⋈⋈⋈⊙⊞≺⋈⋈⋈⋈≻⊤∈⋈⋈≻⋈⊤⊥⋈⋈⋈⊙⋈⊤⊥⊞∈⋈⋈⋈⋈∈⊤∈⊞∈⋈⊞⊤∈∋∋∋⊞⋈⋈⋈⋈⋈≺∋∋⊤∈⋈⋈⋈⋈⋈⊙⊤∈⋈⋈⋈⋈⋈⋈⋈⋈⋈⋈⋈≻⋈⊤∈⋈⋈⋈⋈⊙⋈⊤∈⋈⋈⋈≻⋈⋈⋈⋈≻⊤⋈∈⋈⋈⋈⋈≻⊤∈⋈⋈⋈⋈⋈⋈⋈≻⊤⋈⊥⊥⋈⋈⋈⋈⋈⋈⋈⋈⋈⋈⋈⋈⋈⋈⋈⋈⋈⋈⋈⋈⋈⋈⋈⋈⊞⋈⋈⋈⋈⋈⋈≺∋⋈⋈⋈≻⋈∋∋∋∋⋈⋈⋈⋈⋈⋈≻⋈⊞⋈⋈⋈⋈⋈⋈≺
0xabd22c3	⊢⋈⊞⋈∈⊤∈⋈⊞⊤⋈∈∋⋈∋⋈⊞⋈∈⊤∈⋈⊞⊤⋈∈∋⋈∋⊤⊥⊞⊤∈⊞∈⊤∈⊞∋⊣⊤∈⊞⊤⊥≺∋⊤∈⊞⊤⊥≺∋⊞⊤∈∋⊥⊞⊣
0xabd0986	⊢⋈⋈⋈⋈⋈⋈⊞⋈⋈⋈⋈⋈≻⋈⋈⋈⋈⋈⋈≻⋈⋈⊞⋈⋈⋈⊤⋈⊥⊤∈⋈⋈⊞⋈⊞⊞⋈⋈∈⊤⋈⊥⊤⋈⊥⊞⊞⊞⋈⊞⊤∈⋈≻⋈⋈⋈⋈∋⋈⊞⋈⊞⊞⋈⋈⊤∈∋⊤∈⋈⊞⊤∈⋈≻∋⋈⋈⊞⋈∋∋⋈⋈⋈≻⋈⋈⋈⋈≻⋈⋈⋈⋈≻⋈⋈⋈⋈≻⋈⋈⋈⋈⊞⋈⋈⋈⋈⋈⋈≺
0xabd0b2e	⊢⋈⋈⋈⋈⋈⋈⊞⋈⋈⋈⋈⋈≻⋈⋈⋈⋈⋈⋈⋈≻⋈⋈⊞⋈⋈⋈⊤∈⋈⋈⋈⊞⋈⊞⊞⋈⋈∈⋈⊤⋈⊥⊞⊞⊞⋈⊞⊤∈⋈⋈≻⋈⋈⋈⋈∋⊞⋈⊞⋈⊞⋈⊤∈∋⋈⋈⋈≺∋⋈⋈⋈≻⋈⋈⋈⋈≻⋈⋈⋈⋈≻⋈⋈⋈⋈≻⋈⋈⋈⋈⊞⋈⋈⋈⋈⋈⋈≺
0xabd08f7	⊢⋈⋈⋈⋈⋈⋈⊤∈⊤∈⊤∈⋈≻∋⋈⋈⋈⋈⊞⋈∈⋈⊞∈⋈≻⊤∈⊞⋈⊞⊤∈∋≺∋∋∋⋈⋈⋈⋈⊞⋈⋈⊣
0xabd0cab	⊢⋈⋈⋈⋈⋈⋈⊞⋈⋈⋈⋈⋈≻⋈⋈⋈⋈⋈⋈≻⋈⋈⋈⋈⋈⋈⋈≻⋈⋈⋈⋈≻⋈⋈⋈⋈≻⋈⋈⋈⋈≻⋈⋈⋈⋈≻⋈⋈⋈⋈⋈⊞⋈⋈⋈⋈⋈⋈≺
0xabd0d88	⊢⋈⋈⋈⋈⋈⋈⊞⋈⋈⋈⋈⋈⋈⊞∈⊤∈⊤⋈∈∋⊞⋈⊞⊥∈⋈⊤∈⊤∈⋈⊤⋈∈∋⊞⋈∋⋈∈⋈⊤∈⋈⊤∈⋈≺⋈⊤⋈∈∋⊞≺∋⊤∈∈⊞⋈∈⊤∈∋⋈⊤∈⋈⊞⊤∈⊤∈⋈⊤⋈∈∋∈∋∋⋈⋈⊙⊤∈⋈⋈⋈⊤∈⊞⋈⋈≻⋈⋈⊤∈∋⋈⋈⋈⋈⋈⋈⊙⋈⋈⋈⋈≻⋈⋈⋈⋈≺≺⋈≺∋⋈⋈⋈≻⊤∈⋈⋈⋈≺∋⋈⋈⋈⋈⊙⋈⋈⋈≻⋈⋈≻⊤∈⋈⋈⋈⋈⋈⋈⊙⋈⋈⋈⋈≻⋈⋈⊞∈∈⋈⋈⊡⊞⊞⋈⋈⊞⋈≻⊞⋈⊞⋈⊞⋈⋈⊞∈⊤∈⋈≻⋈⋈⋈⊞⊞⋈⊞⊤⋈⊥⊞⋈⊞∈∋⋈⋈⋈⊞≻⋈⊤∈⋈⊞⊞⋈⋈⊞⋈⊞⋈⋈⊞⊞∈⋈⊤∈⋈⋈⋈⊞⊞⋈⊞⋈⊞⊤⋈⊥⊞⋈∈∋⋈≺∋⊤∈⋈⋈≻⋈⋈⋈⋈⋈⋈⋈⋈⊞∈∋⋈⋈⋈⋈⋈⊞⋈⋈⋈⊞≻⋈⋈⊞⋈⋈⋈⋈⋈⋈⋈⋈⋈⊞⋈⊞⋈⋈⋈⋈∈⋈⊞⊤∈∋⋈≺⊤∈⋈≻⋈⋈⋈⋈⋈⋈⊞⊙⋈⋈⋈⋈⊞⊞⊞⋈⊞⋈⊞⊞⊞⋈⊞⋈⊞⊞⊤⊥⊥⊤∈⊞⋈⋈⋈⊞⋈⋈∈⊤∈⋈⋈⋈≻⊤∈∋⋈⋈⋈⊞⋈⊞⊞⋈⊤⋈⊞∈⊞⊞⊞⊞∈∋≺∋∋⊞⊞⊞∈⋈⊤∈⋈⋈⊞⋈⊞⊞⊞⊞⊡⋈⋈⊞⊥⋈⊤∈∋⋈⋈⊡⋈⋈⊞⋈∈⊞⊞⊞∈⋈⊤∈⋈≺⊞⊞⊞⋈⋈⊞⊞⋈⊤∈∋⊡⊞∋⋈⊤∈∋⋈⋈⋈≻∋⋈⋈⋈⊞⊞∈∋⋈⊞⋈≻⋈⊤∈⋈⊤∈⋈⋈⋈⋈⊙⋈⊞⋈⋈⋈⊞⋈⊞⊞⋈⋈⋈∈⋈⋈⊞⊤∈⋈⊤∈⋈⋈⋈⊞⊞⋈⋈⊞⊞⊤∈∋≺∋⋈⋈⋈⋈⋈⋈⋈⋈≻⋈⋈⋈⋈⊞⋈⋈≻⋈⋈⋈⋈≻⋈⋈⋈⋈≻⋈⋈⋈⋈≻⋈⋈⋈⋈⋈⋈⋈⊞⋈⊞⋈≻⊤∈⋈⋈⋈⋈⋈⊞⋈⊞⋈∈⊤∈⊤∈⋈⋈⋈⋈⊞⊙⋈⋈⊞⋈⊞⊞∈∋⋈∋⋈⋈⋈⋈⋈⋈≻⋈⊙⊤∈∋⋈⋈≻∋⋈≺∋∋∋⋈≻∋⋈⋈≻∋⋈≺∋⋈≻∋⋈∋⋈≻∋⋈≻∋⋈⋈⋈≻∋⋈≻∋⋈⋈≻∋⋈⋈≻∋∋⋈⋈≻∋⋈⋈≻∋⋈≺∋⊞≻⋈⋈⋈⋈⋈⋈⋈⋈⋈⋈⋈⋈⋈⋈≻⋈⋈⋈⋈≺∋≻∋⊞⋈⋈⋈⋈⋈⋈⊣
0xab5d6ea	⊢⊤∈⋈⊤∈⊤∈⊤∈⊤∈⊤∈∈∋⊤⊥⊣∋∋∋∋⊞∋⊣
0xab5d88e	⊢⋈⋈⋈⋈⋈≻⋈⋈⋈⋈⋈≻
0xab5d785	⊢⋈⋈⊤∈≻∋≻
0xab5e150	⊢⋈⋈⋈⋈⋈⋈⋈⊞⋈⋈⋈⊤∈⊞⋈⋈⋈⋈⊞⋈⋈⋈⋈⋈⋈⊙⋈⊤∈⋈⋈⋈⋈≺∈⋈⋈⊤∈⊤∈⋈⋈⋈⋈⊙⊤∈⋈⊞≺⊤∈⋈⊤∈⋈⊞⋈∋⊤∈⋈⊞⊞≺∋⋈⊤∈⋈⊞⊤∈⊞⊤∈∋⋈⊞≺∋∋⊤∈⋈⊞⊤∈⊞⋈∋∋⊤∈⋈⊞⊤∈⊞⋈∋∋⋈⊞⋈⋈⋈⋈⋈⊞⋈≺∋⋈⋈⋈⋈⋈⊙⊤∈⊞⋈≺⋈⋈⋈⊙⊤∈∋∋⋈⊞≺∋∋⋈⋈⊤∈∋∋⊞≺∋⊞⋈⋈⋈⋈⋈⋈⊣
0xab60540	⊢⋈⋈≻
0xab60550	⊢⋈⋈⊞⋈⋈⊤∈⋈⊡∈⊤∈⊞∈∋⊞∋⋈⋈⊞⊤⊥⋈⋈⊥⋈⋈⋈⋈⊞≺∋⋈⋈⊤∈⊤∈⊤∈⋈⋈⋈⋈⋈⋈⋈⋈⋈⋈⋈⋈⋈⋈⋈≺⊤⊥⊤⊥⊞∈⊤⊥∋⋈⊤∈⊤∈⊡∈⊤∈⊞∈∋∋⊞∋⊤∈∋∈⋈≻∋⋈⊤∈⋈⊞⋈⊞⊤∈⊞⊞⋈≺⋈⊞⊞⊞⊤∈⊞⊞⋈⋈⊞⊞⊞⊞⊞⊞⊤∈∋≺∋∋⋈⋈⊤∈⋈⊤∈⊤⋈⊞⋈⋈≺∋∋∋⊞⋈⋈⋈⋈⋈⋈⋈⋈⋈⋈⋈⋈⋈⋈⋈⋈⋈⋈⋈⋈⋈⋈∋∈⋈⋈≻∋⋈∋⋈⋈⋈⋈⋈⋈⋈⋈⋈⋈⋈⋈⋈≺∋
0xab60ab0	⊢⋈⋈≻
0xab60b10	⊢⋈⋈⊞⋈⋈⋈⋈⋈⋈⋈⋈≻
0xab5f5e0	⊢⋈⋈⋈⋈⋈≻
0xab60b50	⊢⋈⋈⊞⋈⋈⋈⋈⋈⋈⋈⋈⋈⋈⋈⋈⋈⋈⋈≻
0xab60bb0	⊢⋈⋈⋈⋈⊞≻
0xab60c13	⊢⋈⋈≻
0xab5ed0d	⊢⋈⋈⊞⋈⋈⋈⋈⋈⋈⋈⋈⋈⋈⋈≻
0xab60bd0	⊢⋈⋈⊞⋈⋈⋈⋈⋈⋈⋈⋈≻
0xab5dff3	⊢⋈⋈⊞⋈⋈⋈⋈⋈⋈⋈⊤∈⋈⋈⋈⋈⋈⋈⋈⋈⋈⋈⋈⋈⋈⋈≻∋⋈⋈⋈⋈⋈⋈⋈⋈⋈⋈⋈⋈⋈⋈⋈⋈⋈⋈⋈⋈≻
0xab60c03	⊢⋈⋈⋈≻
0xab60c20	⊢⋈⋈⋈⋈⋈⋈≻
0xab5f700	⊢⋈⋈⋈≻
0xab5e120	⊢⋈⋈⊞⋈⋈⋈⋈⋈⋈⋈≻
0xabcfd30	⊢⋈⋈⋈⋈⋈⋈⋈⊞⊞⊞⋈⊞⋈⋈⊞⋈⊤∈⊞≺⋈⋈⋈⊞⋈⋈⊞⋈⋈⋈⊤⋈⋈∈⋈⋈⋈⊞⋈⊞⋈⊞⋈⋈⋈⋈⋈⋈⋈⊞⋈⋈⋈⋈⋈⋈⋈⋈⋈⋈≺∋⊞⊞⊞⋈⋈⊞⋈⊤⋈∈⊞⋈⋈⊞⋈⋈∋⊞⋈⋈⊞⊞⋈⊞⊞⋈⊞⊞⋈⊞⋈⊞⊞⊞⊞⋈⊞⊞⊞⋈⊞⋈⊞⋈⊞⊞⊞⋈⊞⊞⊞⋈⋈⊞⋈⊞⋈⊞⊞⊞⋈⊞⊞⋈⋈⊞⊞⋈⊞⋈⊞⊞⊞⋈⊞⊞⊞⊞⊞⊞⋈⊞⊞⊞⊞⊞⊞⊞⊞⊞⋈⊞⊞⊞⋈⊞⊞⊞⋈⊞⊞⊞⊞⊞⋈⊞⋈⋈⊞⊤⊥⊤∈⋈⊞⋈⊞⋈⋈⊞⊞⊞⋈⊞∋⋈⋈⊞⊞⊞⋈⊞⋈⊞⊞∈⋈⋈⊞⊞⊞∈∋⋈⊞⊞⋈⊞⊞⊞⊞⊞⊞∋⋈⊞⊤∈⋈≻⋈⋈⊞⊞⊤∈⋈⋈⋈⊤∈⋈⊞⋈⊞⊤∈⋈⋈⋈⊞⋈⋈⊞⊤⊥⊥⋈⊞⊞⊞⊞⊞⊞⋈∋⋈⋈⊞⋈⊞⋈⊞⊞⊞⊞⊞⋈⊞⊞⊞⋈⊞⊞⊞⋈⊞⊞⊞⋈⋈⊞⊞⋈⊞⊞⋈⊞⊞⊞⋈⊞⊞⊞⊞⊞⊞⊞⊞∈⋈⋈⊞⋈⊞⊞⋈⋈⊞⊞⊞⋈⊞⊞⊞⋈⊞⊞⊞⋈⊞⊞⊞⋈⊞⊞⊞⊞⋈⊞⊤⊥⋈⋈⊞⊞⋈⊞⊞⊞⊞⊞⋈⋈⊞⊞⊞⊞⋈⊞⊞⋈⋈⊞⊞⊞⊞⊞⊞⊞∋⋈⋈⊤∈∋⋈⋈⊞⊞⊞⊞⊞⋈⊞⊞⊞⋈⊞⊞⊞⊞⊤∈⋈⋈⋈⊞⋈⋈⋈⊞⊞⋈⊞⊞⊞⊞⊞⊞⊞≺∋∋∋⋈⊤⊥⊤⊥⊞⋈⊞⊤⊥⊤∈⋈⊞⋈⊞⋈⊤⋈⋈⊥⊞∋∋⋈⊞⋈⊞⊞⋈⊞⋈⊞⊞⊥⋈∋⊞⋈⋈⋈⊞⋈⋈⋈⋈⋈⋈⊣
0xabce9b0	⊢⋈⋈⋈⋈⊙⋈⊞⊡∈⊤∈⋈≻⋈⊞∈⊙≺∋⊞⋈⋈⊣
0xabc8740	⊢⋈⋈⋈⋈⋈⊞⋈⊤∈⋈⊞⋈⋈⋈⋈≺⋈⋈⋈⊙⋈⊞⋈⋈⋈≻⊤∈⋈⋈⋈⋈⊞≻⊤∈⋈⋈⋈⊙⊞⋈⋈⋈⋈⋈⋈⋈⋈⋈⋈⋈⊙⊤∈⊙⋈⊞⊞≺⋈⋈⋈⊙⋈≺⋈∋⋈⋈≺∋∋⊞⋈⋈⋈⋈⊣
0xabcf8d0	⊢⋈⋈⊤∈⋈⊞⊙⊙≺∋⊞⋈⊣
0xaba5d80	⊢⊤⊥⊣
0xab5ab22	⊢⋈⋈⋈⋈⋈⋈⊞⋈⋈⋈⋈⋈≻⊤⋈⊥⊤∈⋈⋈⋈≻⋈⊤⊥⊞⋈⋈⋈⋈⊙⊤∈⋈⋈≻⋈⋈⋈⋈⋈⋈⋈⋈⋈≻⊤⊥⋈⋈⋈≻⊤∈⋈⋈⋈⋈⋈⋈⋈⋈⋈≻⊤∈⋈≻∋⋈⋈⊙⊤∈∋⋈⋈≻⋈⋈⋈⋈⋈⋈⋈⋈⊙⊤∈⋈⋈≻⋈⊞⋈⋈⋈⋈⊙⊤∈∋⋈⋈≻⋈⋈⋈⋈⋈⋈⋈⋈⋈⋈⊞≻⋈⊞≻⋈⋈⋈⋈⋈≻⊤∈⋈⋈⋈⋈⋈⋈⋈⋈⋈≻⊤∈⋈≻∋⋈⋈≻⋈⋈⊙⊤∈∋⋈⋈≻⋈⋈⋈⋈⋈⋈⋈⋈⋈⋈≻⊤⊥⋈⋈⋈≻⊤∈⋈⋈⋈⋈⋈⋈⋈⋈⋈≻⊤∈⋈≻∋⋈⋈⊙⊤∈∋⋈⋈≻⋈⋈⋈⋈⋈⋈⋈⋈⋈≻⊤⊥⋈⋈⋈≻⊤∈∋∋∋⋈⋈⋈⋈⋈⋈⋈≻⋈⋈⋈⋈⋈⋈⋈⋈⋈≻⊤∈⋈≻∋⋈⋈⋈⋈⋈⋈⋈⋈⋈⋈⋈⋈⋈⋈⋈⋈⋈⋈⋈⋈⋈≻⊤∈⋈≻∋⋈⋈⋈⋈⋈⋈⋈⋈⋈≻⋈⋈⋈⋈⊤∈⋈⋈⋈⋈⊤∈⊞⊞⋈⋈⋈⊞⋈⊤∈∋⋈⋈⊙⊤∈∋⋈⋈≻⋈⋈⋈⋈⋈⋈⋈≺⊞⋈⋈⋈⋈⋈⊤∈⋈⋈⋈≻∋⊤∈∋⋈⋈⊞≻≺∋⋈⋈⋈⋈⋈⋈⋈⋈⋈⋈⊞⋈⋈⋈⋈⋈⋈≻⊤⊥⊤⋈⋈⊥∈⊤∈⋈⋈⋈⋈≻⊤∈⋈⋈⋈⋈⊙⋈⋈⋈⋈⋈⊞⋈⋈⊞∋⋈⋈⊤∈⋈⊞⋈⋈⋈⊞⊞⋈⋈⋈⋈⋈⋈⋈∈⋈⋈≻⊤⊥⋈⋈⋈⋈≻⋈⋈⋈⊤∈⋈⋈⋈⋈⋈⋈⋈⋈≺⋈⋈⊞∈⊤∈⋈⋈⋈⋈⋈≻⊤⊥⋈⋈≻⋈⋈⋈⋈⋈⊤∈∋⋈⋈⋈⋈⋈⋈⋈⋈≺⋈⊤∈⋈≻⋈⋈⋈∋⋈⊞⋈⋈⋈⋈⋈⋈⋈⋈⋈⊞⋈⋈⋈⋈⊤⋈⋈⋈∈∋⋈⋈⋈⋈≺∋⋈⋈⋈⋈⋈⋈⋈⋈≻⋈≻≺⊤⋈∈∋≺⋈⋈⋈⋈⋈≺⊞⋈⋈⋈⋈⋈⋈⋈⋈⋈⋈≻⋈⋈⋈⊤∈⋈⋈⊞⊞⋈⊤∈⋈⋈⋈⋈⊞⋈⋈⊞⋈⋈∈⋈⋈⋈⊤∈⋈⋈⋈⋈⋈⋈⋈⋈⊞⋈⊤∈⋈⋈⋈⋈⋈≻⋈⋈⋈≺∋⊞⊞⊞⋈⊙⊞⋈⋈⋈⋈⋈≻⋈⊞⋈⊥∈⊞⋈⋈⋈⊞⋈⋈⋈≻⊤∈⋈≺∋⋈≻∋⋈⋈⋈⊙⊤∈∋⋈⋈≻⋈⋈⋈⋈⊤∈⋈⋈⊙⊤∈⋈⋈≻⋈⋈⋈⋈⋈⋈⋈⋈⋈⊞⊤⋈∈⊤∈⋈≺⋈⊤∈⋈⋈⊞⊥⊞⊤⊥⊞∈⊞∈⋈⋈≻∋⊤∈⋈⊞⋈⋈⋈≻⊤∈∋⋈⋈≺∋⋈⋈⋈⊙⋈⋈≺⋈≺∋∋∋⋈⋈⋈⊞⋈⋈⋈⋈⋈⋈⊣⋈⋈⋈⋈⋈⋈⋈⋈⊞⋈⋈⊣⋈⋈⋈⋈⊞⋈⋈≺⋈⋈⋈⋈⋈⋈⋈⋈⋈⋈⋈⋈⋈∋⋈⋈⋈⋈⋈≻∋⋈≺∋⋈⋈≻⋈⋈⋈⋈≻⋈⊤∈⋈⋈⊞⊞⊤∈⋈⊞⊙∋∋⊤∈⋈∈⋈≻⊞⊞∈∋∋⋈⋈⋈⋈≻⋈∋⋈⋈⋈≻⋈⋈⋈⋈≻∋∋⋈≻≺⋈⋈⋈⋈⊞⊞∈⋈⋈⊞⋈⊞∈∋≺∋⋈⋈⋈⋈⋈⋈⋈⋈⋈⋈⋈⊤⋈∈⋈≻⋈⋈∋⋈⊞⋈⋈⋈⋈⋈⋈⋈⊞⋈⋈⋈⋈⊤∈∋≺⋈∋⋈⋈∋⊞⊞⋈⊞≻⋈⋈⋈⋈≻⋈⋈⋈⋈⋈⋈⋈⋈⋈⋈⋈⋈⋈⋈⋈⋈⋈⋈⋈⋈⋈⋈⋈⊞≻⋈⋈⋈⊞≻⋈⋈⋈⊞≻≺∋∋⊞⋈⋈⋈⋈⋈⋈⊣
0xab94c12	⊢⊤⋈⊥⊤∈⊞⊞∈⋈⊞⊡⋈⊥⊤∈∋⊤∈⋈⊞∈⊤∈⊞⊡⋈⊥∈∋∋∋⊞⊞∈⊤∈⊤⋈∈∋∋⋈⋈⋈⋈≻∋⊣
0xab90293	⊢⋈⋈⋈⊞⋈⊤∈⊞⊞⊤⊥⋈≺⋈⊤∈⋈⋈⊞⊤∈⊞⊤∈⋈⊤∈⋈⋈⊤∈⋈⋈≺∋⋈⊞⊞∈⋈⊡⋈⊞⋈⋈⊞⋈⋈⊤∈∋⊤∈⋈⊤∈⋈⊤∈⋈≻∋⋈⋈⊞⋈≺⊤∈⋈⋈≺⋈⋈⊙⊤∈⋈⋈≻⋈⋈⋈⋈⋈⋈⊞⋈⋈⋈⋈⋈⊞⊞⊞⋈⋈⊞≻⊤∈⋈⋈≺⊤∈⋈⊞⋈⋈≺∋∋⋈⋈⋈⋈⋈≻⋈⊤∈⋈⋈⊤⋈∈⊞≺⊤∈⋈⊞⋈∈⊤∈⊞⋈⊞⊤⋈∈∋⊤∈∋⋈⋈≺∋∋∋⋈⊞⊤∈⊤∈⋈⋈⋈≻⋈⋈⋈≺⊤∈⊞⋈⋈≻⋈⋈≻⋈⋈⋈≺⊤⋈∈⊤∈⋈≺∋∋∋∋∋∋⋈⋈⋈⋈⋈⋈⊞⋈⋈⋈⋈⋈⋈⊣⋈⋈⋈⋈⋈⋈≺⋈⋈⋈⋈⋈⊤∈⋈⋈⊤∈⊤∈⋈∋⊤∈⋈≺∋⊤∈∋⋈⊞⋈⋈⋈⋈⋈⋈⊞≻≺∋⊤∈⋈⋈⋈⋈≻≺∋∋⋈⋈⋈⋈⋈⋈∋∋∋∋∋∋∋∋⊞⋈⋈⋈⊣
0xab923f5	⊢⋈⋈⋈⋈⋈⊞⋈⋈⊤∈⋈⋈⋈⋈⋈⊤∈⋈⊤∈⋈⋈⋈≻⊤∈⋈⋈≻⋈⋈⋈⋈⋈⋈⊞⋈⋈⋈⊤∈⋈⋈⊤∈⊤∈⊤∈⊤∈∋⋈⋈⋈⊞∈⋈⋈⋈⋈≺⋈⋈⊤∈⋈⋈⋈≺∋⋈⋈⋈⋈≻⋈⋈⋈≺⋈⊞⊤⋈∈⊤∈⋈≺⋈⊤∈⋈⋈⊞⊥⊞⊤⊥⊞∈⊤∈⋈⋈⋈⋈≻⊤∈⋈⋈⋈≺⊞∋⋈≺⋈⋈≺⋈≺⋈⋈⊞⊤⋈∈⊤∈⋈≺⋈⊤∈⋈⋈⊞⊥⊞⊤⊥⊞∈⊤∈⋈⊞⋈⋈⋈⋈≻⊤∈⋈⋈⋈≺∋⋈⋈⊙⊞∋⋈∈⋈≻∋⋈⊞⊞∋∋⋈⊤∈⋈⋈⋈⋈≺⋈⋈⊤∈⋈⊞⊞⋈⋈⋈≺∋∋⊤⊥⊞⊤∈⊞∈⊤∈⊞⊤⊥⊞⋈⊤⋈∈∋⊥⊞≺∋∋⊤∈⋈⋈⋈⋈≺⋈⊤∈⋈⊤∈⊤∈⋈≺⊤∈⋈⋈⊞⊥⊞⊤⊥⊞∈⊤∈⋈⋈⋈⋈≻⋈⊤∈⋈⋈≺∋⋈⋈⋈⊙⋈⊞∋∋⋈≻∋⋈⊞∋⋈⋈⊙∋∋∋⋈⋈⋈⋈⋈⋈≺∋∋∋⋈⋈⋈⋈⋈⋈≻⋈⋈⋈⋈⋈⋈⋈⊤∈⊤∈⋈≺⊤∈⋈⋈⊞⊥⊞⊤⊥⊞∈⊤∈⋈⋈⋈⋈⋈≻⊤∈⋈≺∋⋈⋈⋈⋈⊙⋈⋈⊞∋⋈≺∋⋈⋈⋈≺∋∋∋⋈⋈⋈⋈⋈⋈≻⋈⋈⋈⋈⋈⋈≺∋⋈∋≻⋈⋈≺⋈≺∋∋∋⋈⋈⋈≺∋⋈≺∋∋⊞⋈⋈⋈⋈⋈⋈⊣⋈⋈⋈⋈⊙⋈⋈⋈⊤∈⋈∈⊤∈⊞⋈⊞⊤⋈∈∋⊤∈≺∋⋈⋈⊞⊤∈⊤∈⋈⋈⋈⋈⋈≻⋈⋈⋈⋈≺⊤∈⊞⋈⋈≻⋈⋈⋈⊞∈⊤∈≺⋈⋈⋈⋈≻⋈⋈⋈≺∋∋∋⊤∈⋈⋈⋈⋈⋈⋈⋈⋈⊞⋈⋈⋈⋈⋈≺∋∋∋⋈⋈⋈⋈⋈⋈⋈⋈⋈≺∋⋈∋∋⋈⋈⋈⋈≺∋⊞⋈⋈⋈⋈⋈⊣
0xab9062f	⊢⋈⋈⋈⋈⋈⋈⊞⋈⋈⋈⋈∈⊤∈⊞≺⊤∈⋈⊞⊞∈⊤∈⋈⊞∈⋈≺⋈⊞⋈⋈⋈⊤∈⋈⊞⊞≺∋⋈≺∋∋⊤∈⊞≺⊤∈⋈⊞⊞∈⊤∈⋈⊞∈⋈⋈⊞⋈⋈⋈⊤∈⋈⊞⊞≺∋⋈≺∋∋⊤∈⋈⋈⋈⋈⋈⋈≺∋⊤∈⊤∈⋈⊞⋈⋈⋈⊞⋈⋈∈⋈⊞∈⋈⊤∈⊤∈⋈⋈≺⊤∈⊞⋈⋈⊞⊞⊞∈⋈⊡⊞⊞⊞⋈⋈⊞⊞⋈⊤∈∋⋈⋈⋈≺∋⊤∈⋈⋈⋈⊡∈⋈⋈∈⊤∈⊞⊡⋈⊥∈∋∋∋⊞⊞⊞⊞⊤∈≺∋⋈⊤∈⊤⋈⋈⋈∈⋈⋈⊞⋈⊞⊞⊤⋈⊥⋈⊞⊤⊥⋈⊞⊤⊥⋈⋈⋈⋈≻⋈⋈⋈⊞⋈∈⋈⊞⋈⋈≻⋈⋈⊞⋈⋈≻⊤∈⋈⋈⋈⋈≻⋈⋈⋈⊞∈⋈⋈⋈⋈≻⋈⋈⋈⋈≻⋈⋈⋈⋈⋈≻⋈⋈⋈⋈≻⋈⋈⋈≻⋈⋈⋈≻⋈⋈⋈⊤∈⋈⊤∈⊤∈⋈⊤∈⋈⊤∈∋⊞≺≺∋∋∋∋⋈⋈⋈⋈≻⋈⋈⋈≻⋈⊤∈⋈⊤∈⋈⊤∈⊤∈⊤∈∋⊞⋈≺∋∋∋∋⋈⋈⋈⋈≻⋈⋈⋈≻⋈⋈⋈⋈⋈⋈⋈⋈⋈⋈⋈⋈⋈⋈≻⋈⋈⋈⋈⋈⋈⋈⋈⋈⋈⋈⋈≻⋈⋈⋈⋈⋈⋈⋈⊤∈⋈⊤∈⋈⊤∈⊤∈⊤∈∋⊞⋈≺∋∋∋∋⋈⋈⋈⋈≻⋈⋈⋈≻⋈⊤∈⋈⊤∈⋈⊤∈⊤∈⊤∈∋⊞⋈≺∋∋∋∋⋈⋈⋈⋈⋈⋈≻⋈⋈⋈≻⋈⋈⋈⋈⋈⋈⋈⋈⋈⋈⋈⋈⋈≻⋈⋈⋈⋈⋈⋈⋈⋈≻⋈⋈⋈⋈⋈⋈⋈⋈≻⋈⋈⋈⋈⋈⋈⋈⋈⋈≻⋈⋈⋈⋈⋈⋈⋈⋈⋈⋈⋈⋈⋈≻⋈⋈⋈⋈⋈⋈⋈⋈≻⋈⋈⋈⋈⋈⋈⋈⋈≻⋈⋈⋈⋈⋈⋈⋈≻⋈⋈⋈⋈⋈⋈⊤∈⋈⊤∈⋈⊤∈⊤∈⊤∈∋⊞⋈≺∋∋∋∋⋈⋈⋈⋈⋈≻⋈⋈⋈⋈≻⋈⋈⋈⋈⋈≻⋈⋈⋈⋈⋈⋈⋈⋈⋈≻⋈⋈⋈⋈⋈⋈⋈≻⋈⋈⋈⋈⋈⋈⋈≻⋈≻⋈⋈⋈⋈⊤⋈⊥⋈⊞⊤∈⊤⋈⊥⊤∈⊤⋈⊥⊤∈∋⋈⋈⊞⋈≻≺∋⊤∈⋈⋈⋈⋈⋈≻≺∋∋⊤∈⋈≻∋⋈⋈⋈⋈⋈⋈⋈⋈≻⋈⋈⋈⋈⋈⋈⋈⋈≻⋈⋈⋈⋈⋈⊤∈⋈⊤∈⊤∈⊤∈⊤∈∋⋈⋈⋈⋈⋈⋈⋈≻⋈⋈⋈⋈⋈⋈≺∋⋈⊤∈⋈⋈≺⊤∈⋈⊞⋈⋈≺∋∋⋈⋈⊤∈⋈⋈≺⊤∈⋈⊞⋈⋈≺∋∋⊤⊥⊞⊤∈⊞∈⊤∈⊞⊤⊥⊞⋈⊤⋈∈∋⊥⊞≺∋∋⊤∈⋈⋈⋈⋈≺⋈⊤∈⋈⊞⋈⋈⋈⋈⋈⋈⋈≻⋈⋈⋈⋈⋈⋈∋⋈⋈⋈⋈⋈⋈⋈⋈⋈≻⋈⋈⋈≺∋≻⋈⊞⋈⋈⋈⋈⋈⋈⋈⋈⋈≺∋⋈≺⋈⋈⋈⊤∈⊤∈⋈≺⋈⊤∈⋈⋈⊞⊥⋈⊞⊤⊥⊞∈⊤∈⋈⊞⋈⋈⋈⋈⋈≻⋈⊤∈⋈⋈⋈≺∋⋈⊙⋈⋈≺⋈≺∋∋∋⋈⋈⋈⋈⋈∋⋈⊤⋈∈⋈⋈⋈≻∋∋⋈≻⋈⋈⋈⊤⋈⊥⋈⊤∈⊤⊥⊤∈⊤⊥⊤∈∋⋈⋈⊞⋈≻⋈≺∋⊤⋈∈⋈⋈⋈⋈⋈≻≺∋∋⊤∈⋈≻∋⋈⋈⋈⋈⋈⋈⋈≻⋈⊤∈⊤∈⊤∈∋⋈⋈⋈⋈⋈⊞⋈≻∋⋈⋈≻≺∋⋈⋈⋈⋈⋈≻⋈⋈⋈⋈≻⋈⋈⋈⋈⋈≻⋈⋈⋈⋈⋈⊤∈⋈⊤∈⊤∈⊤∈⊤∈∋⋈⊤∈⋈⋈≺⊤∈⋈⊞⋈⋈≺∋∋⊤∈⋈⋈≺⊤∈⋈⊞⋈⋈≺∋∋⊤⊥⊞⊤∈⊞∈⊤∈⊞⊤⊥⊞⋈⊤⋈∈∋⊥⊞≺∋∋⊤∈⋈⋈⋈⋈≺⋈⊤∈⋈⋈⋈⋈⋈⋈⋈⋈≻⋈⋈⋈≺⋈⋈⋈⋈⋈⋈⋈≻∋⋈⋈⋈⋈⋈⋈⋈≻≺∋⋈⋈⋈⋈⋈⋈⋈∋≻⋈⋈≺⋈⊤∈⊤∈⋈⋈≺⋈⊤∈⋈⋈⊞⊥⋈⊤⊥⊞∈∋⊞∋∈⋈⋈≻∋⊤∈⋈⊞⋈⋈⋈⋈⋈≻⋈⊤∈∋⋈⋈⋈≺∋⋈⊙⋈⋈⋈≺⋈⋈≺∋∋∋⋈⋈⋈⋈⋈⋈∋⊤⋈⋈∈⋈⋈⋈≻⋈⋈⋈⋈⋈≺∋∋∋⋈⋈⋈⋈⋈⊤∈⋈⋈⋈≻∋⋈⋈⋈⋈⋈⋈⋈⋈≻⋈⋈⋈⋈⋈⋈⋈⋈⋈⋈⋈⋈⋈∈⋈⊞⋈⋈⊤∈⊞⋈⊞∈⋈≺⊤∈⋈⋈⋈≺⊤⋈∈⋈⊞⊞⋈⋈≺∋∋⋈≻≺⊤∈⊞⋈⊞∈⋈≺⊤∈⋈⋈⋈≺⊤⋈∈⋈⊞⊞⋈⋈≺∋∋⋈≻∋∋⊞⊤∈∋⋈⊤∈⋈⋈⋈≻∋⋈⊤∈⋈⋈⋈≻∋⋈⊤∈⋈⋈⋈≻∋⋈⊤∈⋈⋈⋈≻∋⋈⊤∈⋈⋈⊞⊞∈⋈⊞⋈⋈⊞⋈⋈⋈⋈⊞⊞⋈⋈⊞⋈≻⋈⋈⋈⋈⊞⊤∈⋈⋈≺⊤∈⋈⊞⋈⋈≺∋∋⋈⋈⋈⋈⋈≻⋈⊤⋈∈⋈⋈⊤∈⊞⋈≺⊤⋈∈⋈⊞⋈∈⊤∈⊞⋈⋈⊞⊤⋈∈∋⊤⋈∈∋⋈⋈≺∋∋∋⋈⊞⊤∈⊤∈⋈⋈⋈≻⋈⋈⋈⋈⋈⋈≺⊤∈⊞⋈⋈≻⋈⋈≻⋈⋈⋈≺∋⋈⊤⋈∈⊤∈⋈≺∋∋∋∋∋⋈⋈⊞∈⋈≺⋈⋈⋈⊤⋈⊥⊤∈⋈⋈⋈≺∋⋈⋈≻⊞⋈⊞∈⋈⋈∋⋈⋈≻∋⋈⋈⋈⋈⋈⋈≻⋈⋈⋈⋈⊤⋈⋈⋈⊥⊤∈⋈⋈⋈⋈⋈≺∋≻⊞⋈⋈⊤⊥⋈⋈⋈≻⋈⊤⋈⊥⊤⋈∈⋈⋈⋈≺∋⋈⋈⋈⋈≻⋈⊤⋈⋈∈⋈⋈⊤⋈⋈∈⊞≺⊤∈⋈⊞⋈∈⊤∈⊞⋈⋈⊞⊤⋈∈∋⊤⋈∈∋⋈⋈≺∋∋∋⋈⊞⊤∈⊤∈⋈⋈⋈⋈≻⋈⋈⋈⋈⋈⋈⋈≺⊤∈⊞⋈⋈⋈≻⋈⊤⋈∈⋈⋈⋈≺⋈⋈⋈⋈≻⋈⋈⋈⊞≺∋⋈⋈⊤⋈⋈∈⊤∈⋈⊞≺∋∋∋∋⊤⋈⊥∋∋⋈⋈⋈≻⋈⊤⋈⊥⊤∈⋈⋈⋈≺∋⋈⋈≻⋈⋈⋈⋈⋈⋈⋈≻⋈⋈⋈⋈⋈⋈⋈⋈⋈⋈⋈≻⋈⋈⋈⋈⋈⊤⋈∈⊤∈⊤∈⊤∈⊤∈∋⊞⋈⋈⊤⊥⋈⋈⋈≻⋈⊤⋈⋈⊥⋈⊤⋈∈⋈⋈⋈≺∋⊤∈⋈⋈≺⊤∈⋈⊞⋈⋈≺∋∋⊤∈⋈⋈≺⊤∈⋈⊞⋈⋈≺∋∋≻⋈⊤∈⋈⋈⊤∈⊞≺⊤∈⋈⊞⋈∈⊤∈⋈⊞⊤⋈∈∋⊤∈≺⋈⊤∈⊤∈⋈≺∋⊤∈⋈⋈≺⊤∈⋈⊞⋈⋈≺∋∋⊤∈⋈⋈≺⊤∈⋈⊞⋈⋈≺∋∋⋈⋈≻≺⋈⊞⋈⋈⋈⋈⋈⋈⋈⋈⋈⋈⋈≻⋈⊞∈⋈⋈⋈⋈≻∋⋈≺∋∋∋∋⋈⋈≻∋⋈⋈⋈⋈≻∋⋈⊞⋈⊞≻∋⋈⋈⋈⋈≻∋⋈⋈≺∋∋⋈≻∋⊞∋⋈⋈∋∋∋⋈⊞⊤∈⊤∈⋈⋈⋈⋈≻⋈⋈⋈⋈⋈⋈≺⊤∈⊞⋈⋈⋈≻⋈⊤⋈∈⋈⋈≺⋈≺⋈⋈⋈≻⋈⋈⋈∋⊞∋∋∋∋⊤⋈⊥∋∋⋈⋈⋈≻∋∋∋⋈⊤∈⋈⋈⋈≻∋⋈⊤∈⋈⋈⋈≻∋⋈⊤∈⋈≺∋⋈⋈≻∋∋∋∋∋∋⊞⋈⋈⋈⋈⋈⋈⊣⊞⋈⋈⋈⊞⋈⋈≺∋
0xab947b1	⊢⋈⋈⋈⋈⋈⋈⊞⋈⋈⋈⋈⊤⊥⋈⊞⊥⊞∈⊤∈⋈⋈∈⊤∈⊞⋈⊞⊤⋈∈∋⊤∈⋈≺∋∋∋⋈⊞∈⊤∈⋈⋈∈⊤∈⊞⋈⊞⊤⋈∈∋⊤∈⋈⊞⋈≻∋⋈⊞⋈≻⋈≺∋∋∋⊤⊥⊞⊤∈⋈∈⊤∈⊞⊤⊥⊞⋈⊤⋈∈∋⊥⊞≺∋∋⊤∈⋈⋈⋈⋈≺⋈⋈⊤∈⋈⋈⊞⊥⊤⊥⊞∈⋈⋈⊞⊥⊤⊥⊞∈∋⊞⋈⊤∈⋈⋈⋈⋈≻⋈⋈⋈⊤∈∋∈⋈≻∋⋈⊤∈⋈⋈⋈⋈≻⋈⋈⋈⊤∈∋≺∋⋈⋈⋈⊙⋈⋈⋈⋈≻⋈⋈⋈⋈⊤∈⊞≺⊤∈⋈∈⊤∈⊞⋈⊞⊤⋈∈∋⊤∈∋⋈⋈≺∋∋∋⋈⊞⊤∈⊤∈⋈⋈⋈⋈≻⋈⊞⋈⋈⋈≺⊤∈⊞⋈⋈≻⋈⋈⋈≻⋈⋈⋈≺∋∋∋⋈⋈⋈⋈⋈⋈⋈⋈≺∋⋈⋈⋈⊙⋈⋈⋈⋈≻⋈⋈⋈⋈⊤∈⊞≺⊤∈⋈∈⊤∈⊞⋈⊞⊤⋈∈∋⊤∈∋⋈⋈≺∋∋∋⋈⊞⊤∈⊤∈⋈⋈⋈⋈≻⋈⊞⋈⋈⋈≺⊤∈⊞⋈⋈≻⋈⋈⋈≻⋈⋈⋈≺∋∋∋⋈⋈⋈⋈⋈⋈⋈⋈≺∋∋⊞⋈⋈⋈⋈⋈⋈⊣
0xab94369	⊢⋈⋈⋈⋈⋈⋈⊞⋈⋈⋈⋈⋈⊤∈⋈⋈⋈⊤∈⋈⋈⋈⋈⋈≻≺∋⋈⋈⋈⋈⋈⋈⊤∈⋈⋈⋈⋈⋈⋈≺⋈⋈⋈⊤∈⋈∋⊤⋈∈⋈⋈≺∋⋈⊞⊞⋈⋈⊞⊥⋈⊤⊥⊞∈⊞∈⋈⋈≻∋⋈⋈⋈⋈≻⊤∈∋⋈⋈⋈⋈⋈⊞≻⊤∈⋈⋈⋈⋈≺⊤⋈⋈∈⋈⊞⊞⋈⋈≺∋∋⋈⋈⋈≻⋈⋈⋈⋈⋈⊤∈⋈⋈⋈⋈⋈⊞⊤∈≺∋⊤∈⋈⋈≺⊤∈⋈⊞⋈⋈≺∋∋⋈⊞⊤∈⋈⋈⋈≻∈⊞⋈⊞⋈⋈⊞⊞∈⋈⋈⋈⋈⊞⋈⊞⊞⋈⊞⊤∈∋⊤∈⋈⊤∈⋈⊤∈⋈≻∋⋈⋈⊞⋈≺⊤∈⋈⋈⋈⋈⊙⊤∈∋⋈⋈≻⋈⋈⋈⋈⋈⋈≺∋∋∋∋⊤⊥⋈⋈⋈⋈⋈⋈⋈⊞⊤⊥⊞∈∋⋈⋈⋈≻∋∋∋⊞⋈⋈⋈⋈⋈⋈⊣
0xab93e50	⊢⋈⋈⋈⋈⋈⋈⊞⋈⋈⋈⋈⋈⊤⋈⊥⋈⊞⊤∈⋈⋈≺∋⊤∈⊤∈⊞⊤∈⋈⊞∋⋈⋈⋈≺⋈⋈⋈≺⊤∈⋈⋈⋈⋈⋈⊤∈⋈⋈⊞∈⋈⋈⊤∈⊤∈⋈⋈⋈⊙≺⊤∈⊤∈⋈≺⊤∈⋈⋈≺⊤∈⋈⊞⊞⋈⋈≺∋∋⋈⊞∈⋈⋈⋈≻∋⋈⋈⋈≻∋⋈⊞⋈⋈≻⋈⋈⋈⋈⋈⋈⊞∈⋈⊤∈⊤∈⋈≻∋⋈⋈⋈⋈⊤∈⋈⋈⋈≺⋈⋈≺∋⊡∈⋈⊞⋈⋈∈⊤∈⋈⋈⊤∈⋈⊤∈⋈≻∋⋈⋈⊞⋈≺⊤∈⋈⋈⋈⋈⊙⊤∈⋈⋈≻⋈⋈⋈⋈⋈≺∋⋈≺⊞⊡⋈⊥∈∋≺∋∋∋∋∋⋈⋈⋈⊣⋈⊤∈⋈⋈⋈⋈≺⊤∈⋈⋈⊞⊥⋈⊤⊥⊞∈⊤∈⋈⋈⋈⋈≻⋈⋈⊤∈≺∋⋈⋈⋈⋈⊙⋈⋈⋈⋈⋈≺⊞∋⋈≻∋⊤∈∋⊞∋⋈≺∋⋈⊞⊤∈⊤∈⋈⋈⋈⋈⋈≻⋈⋈⋈≺⊤∈⊞⋈⋈≻⋈⋈⋈⋈≻⋈⋈⋈≺∋∋∋∋∋⋈⋈⋈⋈⋈⋈⋈⋈⋈≺∋∋∋⊤∈⊤∈⋈⊤∈⋈⊞⊤∈⊞⋈⋈≺∋⋈⊞⊞⋈⊞⋈⊞∈⋈⋈⋈⊞⋈⊞⊞⋈⋈⊞∈∋⊤∈⋈⊤∈⋈⊤∈⊞⋈≺⋈≺∋⋈⊤⊥⊤⊥⋈∋∋∋∋∋⋈⋈⋈⋈⋈⋈∋∋⊞⋈⋈⋈⋈⋈⋈⊣
0xab9546c	⊢⋈⋈⋈⋈⋈⊞∈⋈⋈≺∋⊤∈⊤∈⊞∈⋈⋈⊤⊥⋈⊞⊥⊞∈⋈⊡⊞⊞⊞⊤∈∋⊞≺⊤∈⊞≺⋈⊡⊞⊞⊞⋈⋈≺∋⋈⊞⊞∈⋈⊞⋈⋈⊞⊤⋈⊥⊤∈⊤∈⋈⊞∋⋈⋈⊞⊞⊞∋⊤∈⋈⊞⋈⊞⊞⊤⊥⊞∋⊞⊞⊞∈∋⊞∈⊤∈⋈⊤∈∋⋈⊞⊞≻⋈⋈⋈⋈⋈⋈⊞⋈⋈⋈⋈⋈⊤⊥⋈⋈⋈⊞∈⊤∈∈⋈⋈⋈≻∋⊤∈∋∋⋈⋈⊤⋈⊥⋈⊤∈⊤∈⊤∈∋⊤⋈∈⋈⊤⋈∈⋈⊤∈⊞∋⊤∈⋈⋈≺⊤∈⋈⊞⊞⋈⋈≺∋∋⊤⋈⋈∈⋈⋈≺⊤∈⋈⊞⋈⋈≺∋∋⊤⊥⊞⊤∈⊞∈⊤∈⊞⊤⊥⊞⋈⊤⋈∈∋⊥⊞≺∋∋⊤∈⋈⋈⋈⋈⋈≺⋈⊤⋈∈⊤∈⋈⋈⋈⋈⋈⋈≻⋈≺∋⋈⋈⋈⋈⋈⋈⋈⋈⋈⋈⊞⊤∈≺⊤∈⋈⊤∈⋈⋈⊞⊤∈⊤∈∋∋⋈≻⋈≺∋⋈⋈⋈⊞⊞∈⋈≻⋈⊞⊤⋈∈⋈⊤⋈∈∋⋈⋈⊤∈⊤∈⋈∋⊤∈⋈≺∋⊤∈∋⊞⊞⊤⊥⊥⋈⋈⋈⋈⋈≻∋⊤∈⋈⋈⋈⋈⋈≻≺∋⋈≺∋⋈⋈⊤∈⋈⋈⊤∈⊤∈⋈∋⊤∈⋈≺∋⊤∈∋⊞⊞⊤⊥⊥⋈⋈⋈⋈⋈≻≺∋⊤∈⋈⋈⋈⋈⋈≻≺∋∋⋈⋈⋈⋈≻⋈⋈⋈⋈⋈⋈⋈⋈⋈⋈⋈⊤⋈⊥⊤∈⊤⊥⊤⋈∈⊤⊥⊤⋈∈∋⊞⊞⊤⊥⊥⋈⋈≻≺∋⊤∈⋈⋈⋈⋈⋈≻≺∋∋⋈⋈⋈⋈⋈⋈⋈⋈⋈⊤∈⋈⊞⋈≺∋⋈⊤∈⋈⋈⋈⋈⋈⋈⋈⋈≻≺∋⊤∈⋈⋈⋈⋈≻⋈⋈⋈⋈⋈⊞⊤⊥⋈⋈⋈⊞⋈⊤∈⋈≺∋⋈⋈≻⋈⋈⋈⋈⋈⋈⋈⊞⋈⊤∈⋈≺∋∋⋈⋈∋⋈⋈⋈∋⋈⋈⋈⊞⊤∈⋈⋈⋈⋈≻∋⊤∈∋∋∋∋∋∋⊞⋈⋈⋈⋈⋈⋈⊣⋈⋈⋈⋈≺∋⊞⋈⋈⋈⋈⋈⋈≺⊞≺∋⋈≺∋∋∋∋⊞⋈⋈⊣
0xab9af6e	⊢⋈⋈⋈⋈⋈⋈⊞⋈⋈⊤∈⋈⋈⋈⊞⋈⋈⋈⋈⊞∈⋈⊤∈⋈⋈⊞⋈⋈⋈⋈⋈⋈⋈⋈⋈⋈≻⋈⋈⋈⋈⋈⋈⋈⋈⊤∈⋈⋈≺⊤∈⋈⊞⋈⋈≺∋∋⋈⋈⊤∈⋈⋈⋈⋈≺⋈⊤∈⋈⊞⊞⋈⋈⋈≺∋∋⊤∈⊞∈⊤∈⊞⊤∈⋈⊤⋈∈∋∋∈∋⋈⋈≺∋⋈⊤∈⋈⋈≺⊤∈⋈⊞⋈⋈≺∋∋⋈⊤∈⋈≺⊤∈⋈⊞⊞⋈⋈≺∋∋⊤∈⊞∈⊤∈⊞⊤∈⋈⊤⋈∈∋∋∈∋⋈⋈∋⋈≻∋⋈⋈⋈≻∋⊞⋈⋈⋈⋈⋈⋈⋈⋈⋈⋈⋈⋈≻⋈⋈⋈⋈⋈⋈⋈⋈⋈≻⋈⋈⊤∈≺⋈⊤∈⋈⋈⋈⋈⋈⋈∈⊤∈⊤⋈∈⋈⋈⋈⋈⋈⋈⋈≻⋈⋈⋈⋈⋈⋈⋈⋈⋈⋈∈⋈⊞⋈⊤∈⋈≻⋈≺∋⊞⋈⋈⊞⋈⋈⊞⋈⋈⊞∈∋≺⋈⋈⊤⋈∈∋⋈⊤⋈⋈∈≺∋∋⋈⊞⊞≻⋈⊤∈∋⊞⋈≺⋈⋈⋈⋈⋈⋈≺∋∋⋈⋈⊤∈⋈∈⋈⊞⋈⊤∈⋈⋈≻⋈≺∋⊞⋈⋈⋈⊞⋈⋈⊞⋈⊤⋈∈∋≺∋⋈⋈⋈⊤∈⋈⋈⋈≻⋈⋈∋⋈∋⋈⋈∈⊤∈⋈⋈⊤⊥⊞∈∋⋈⋈⋈≻∋∋⊞⋈⋈⋈⋈⋈⋈⊣⊤∈⋈≻≺∋⋈⋈⊞⋈≺∋
0xab90233	⊢⊤∈⋈⋈⋈⋈≻⊤∈⊞⊞∈⋈⊞⊡⋈⊥⊤∈∋⊤∈⊞⊞∈⊤∈⊞⊡⋈⊥∈∋∋∋∋⊣
0xab95bd1	⊢⋈⋈⋈⋈⋈⋈⊞⋈⋈⋈⋈⋈⊤⋈⊥⊞⊤⋈∈⋈⊤∈⊤∈⋈⊤∈⋈⋈⊞⋈⊞⋈⊞⋈⊤⊥⋈⋈⋈⋈⋈≻⊤∈⋈⋈⋈⋈⊙⋈⋈⋈⋈⋈⋈⋈≻⋈⋈⋈⋈⋈⋈⊤∈⋈⋈⋈⋈≺⋈⊤⋈∈⋈⊞⋈⋈≺∋∋⋈⋈⋈⋈⊤∈⋈∈⊤∈⋈⊤⋈∈∋∋∈∋⋈⊤⋈⋈⋈⋈⋈∈⊤∈⋈≺⋈⊤∈⋈⋈⊞⊥⋈⊤⊥⊞∈⊞∈⋈⋈≻∋⊤∈⋈⊞⋈⋈⋈⋈≻⊤∈∋⋈⋈⋈≺∋⋈⋈⊙⋈⋈⋈≺⋈≺∋∋∋⋈⋈⋈⋈⋈⋈⋈≻⊤∈⋈⋈⋈⋈⊙⋈⋈⋈⋈⋈⊞⋈⋈⋈⋈⋈⋈≻⋈⋈⊤∈⋈⋈⋈≻⋈∋⋈⊤∈⋈⋈⋈≻⋈⋈⋈⋈⋈⋈⋈⋈⋈⋈⋈⋈≻⊤∈⋈⋈⋈⋈⊙⋈⋈⋈⋈⋈⋈⋈⋈≻≺∋⋈∋⊞⊤∈⋈⋈⋈⋈≻≺∋∋∋⊤∈⋈⋈⋈⋈⋈⋈≻⋈≺∋⊤∈⋈⊤∈⊤∈⋈⋈⊤∈⋈⋈≺∋⋈⋈⋈⋈⊞⋈⋈⊞≻⊞⋈∈⋈⋈⋈⋈⋈⋈⊞⋈⊞⊤⊥⋈⋈⋈⋈⊞⋈⋈∈⋈⊤∈⋈⊞⊥⋈⋈⊞⊥⊞∈⋈⋈⊤∈⋈⋈⋈⋈⋈⊤∈⊞⋈⊞⊥∈⋈⋈⊞⋈⊞⋈≺∋∈⋈⊞⊤⋈⊞∈⊞⊞⊞∈∋∋∋⊞⋈⊞∈⋈⋈⋈⋈⋈≻∈⋈⊞∈⋈⊡⊞⊞⊥⊞⊞⊞⋈⋈⋈⊞⊤∈∋⊞⊤⋈∈⋈⊤⋈∈∋⋈⋈⋈⋈≻∋⊤∈∋⋈⋈⊞≻∋⋈⊤∈∋⋈≻≺∋⋈∋⋈≺∋⋈⋈≻⊞⊞⊞∈⋈⊞⊡⋈⊥⊤∈∋⊤⋈∈⋈⋈∈⊤∈⊞⋈⊡⋈⊥∈∋≺⋈≺∋⋈∋∋∋⊤∈⋈⋈⋈⊤⋈∈∋⊤∈⋈⋈⊞⊡⊤∈∋⋈⊤⋈∈⋈⋈⋈⊤⊥⋈⊞⊤⊥⊞⊤⋈∈⊤∈⋈⋈⋈⋈≺⊤∈⊞⋈⋈≺⋈⋈⋈≺≺∋⊞∋⋈⋈⋈⋈≻∋⋈⋈≻∋∋⋈⋈≻⋈⋈⋈⋈⋈⋈⊞⋈⋈⋈⋈⊞∈⋈⋈⋈⊞∈∋⋈⋈⋈⋈⋈⋈⋈≺⋈⋈⋈⊤∈⋈⋈⋈⋈⊤∈⋈≺⊤∈⋈⋈⊞⊥⋈⊤⊥⊞∈⊞∈⋈⋈≻∋⊤⋈⋈∈⋈⋈⋈⋈⋈≻⋈⋈⋈⋈⊤∈∋≺∋⋈⋈⋈⊙⋈⋈⋈⋈⋈⊤∈⋈⋈⋈⋈∈⊤∈⊞⋈⊞⊤⋈∈∋⊤∈∋⋈⋈≺⋈⋈⋈≺∋∋⋈⊞⊤∈⊤∈⋈⋈⋈⋈⋈≻⋈⋈⋈⋈⋈⋈≺⊤∈⊞⋈⋈≻⋈⋈⋈⋈≻⋈⋈⋈≺∋⋈⋈⋈⋈⋈⋈≺∋∋∋∋∋⊤∈⋈⋈∋⊤∈⋈⊞⋈∈⊤∈⊞⋈⊞⊤⋈∈∋⊤∈∋⋈⋈≺∋∋⋈⊞⊤∈⊤∈⋈⋈⋈⋈≻⋈⋈⋈≺⊤∈⊞⋈⋈≻⋈⋈≻⋈⋈⋈≺∋∋∋⋈⋈⋈⋈⋈⋈⋈⋈⋈⋈∋⊞⋈⋈⋈⋈⋈⋈⊣∋⊤∈∋⋈⋈⊤⋈∈⊞≺⊤∈⋈⊞⋈∈⊤∈⊞⋈⊞⊤⋈∈∋⊤∈∋⋈⋈≺∋∋∋⋈⊞⊤∈⊤∈⋈⋈⋈⋈∋≻⋈⋈⋈⋈≺⊤∈⊞⋈⋈∋≻⋈⋈⋈∋≻⋈⋈⋈≺∋⋈⋈⋈⊤⊥⊤⊥⋈⋈≺∋∋∋∋⋈⊤∈⋈⋈⊤∈⊞≺⊤∈⋈⊞⋈∈⊤∈⊞⋈⊞⊤⋈∈∋⊤∈∋⋈⋈≺∋∋∋⋈⊞⊤∈⊤∈⋈⋈⋈⋈≻⋈⋈⋈≺⊤∈⊞⋈⋈≻⋈⋈≻⋈⋈⋈≺⋈⋈⊤⊥⊤⊥⋈≺∋∋∋∋⋈⋈⋈⋈⋈⋈⋈⋈⋈⋈∋∋⊞⋈⋈⋈⋈⋈⋈⊣
0xab93c9f	⊢⋈⋈⋈⋈⋈⊤∈⋈⋈⋈≻⋈⋈⋈⋈⋈⋈⊞∈⋈⋈⊤∈⊞⊞⊤∈⊞≺⋈⋈≺∋⊞∈⋈⋈⊞⋈⋈⊞∈∋⋈⊤∈⋈⋈⊤∈∋⊞⊤∈⋈⊞⋈∈⊤∈⊞⋈⊞⊤⋈∈∋⊤∈≺∋⋈⋈≺∋∋∋⋈⊞⊤∈⊤∈⋈⋈⋈≻⋈⋈⋈≺⊤∈⊞⋈⋈≻⋈⋈≻⋈⋈⋈≺⊤∈⊤∈⋈≺∋∋∋∋∋∋∋⋈⋈⋈⋈⋈⋈⋈⋈⋈⋈⋈⋈⊣
0xab8d2ac	⊢⋈⋈⋈⋈⋈⋈⋈⊞⋈⋈⋈⋈⋈⋈⋈⋈⋈⋈⋈⋈⋈⋈⋈⋈⋈⋈⋈⋈⋈⋈⋈⋈⋈⋈⊞⋈⋈⋈⋈⋈⋈⋈⋈⊤∈⋈⋈⊞≺⋈⊞⋈⋈⊞⊤⊥⋈⊞⋈⊤⋈∈⊤⊥⊤⊥⊞⋈⊞∋⋈⋈⋈⊞⊞⊞⋈⋈⋈⋈⋈⋈⋈⋈⊤∈⊤∈⋈⊞⋈≺⋈≻⋈⋈≻⋈⋈⋈⋈≻⋈⋈⊞≻⋈⋈≻⋈⋈≺⋈≻⋈⋈≻⋈⋈⋈≻⋈⋈⋈⋈⋈⋈⋈⊞⋈⋈⋈⋈⋈⋈⋈⋈⋈⋈⋈⋈⋈⋈⊞⋈∈⋈⊤∈⋈⋈⋈⋈⋈⋈⋈⊞∈⋈⊞⊤∈∋⋈⋈⋈⊤⋈∈⋈⋈⋈⋈⋈⋈⋈⊞∈⋈⊞⊤∈∋⋈⋈⋈⊤∈⋈⋈⋈⋈⋈⋈⋈⋈⊞∈⋈⊞⊤∈∋⋈⋈⋈≺∋⋈⋈⊞⊙⊞⋈⋈≺∋⋈⋈⋈⊤∈⊤⋈∈⊞∈⋈⊤∈⊡⊞⊤∈∋∋⊞⋈⊞⊞⊞∈⊤∈⋈⊞⊤⊥⊞⊤⊥⊤∈⋈≺⊤⋈⊞⊤∈∋⊤∈⋈⊤∈⊤∈∋⋈⋈⊞∈⊤∈⋈∈⋈⋈⋈⊞∈⋈⋈⋈⊞⊞⊞⊞⋈⊞⊞⊞⊞⊞⋈⊞⊞⊞⋈⋈⋈⊞⊞⊞⋈⋈⊞⊞⋈⋈⊤∈⊞⋈⊤∈⋈⋈⋈⊞⋈∋⊞⊤∈⊞∈⊞⊞⊞⋈⊤∈⋈⊤∈⋈⋈⋈⊞⋈∋⋈⊞⊞∈∋∋⊞⊞⊞⋈⊤∈∋⋈⋈≺⋈≺∋⊤∈⋈⋈⊞⊞⋈⊞∈⋈⊞⊤∈∋∋∋⊤⋈⊞⊤∈∋≺∋⋈⊤∈⋈⋈⋈⋈≺⊤∈⋈⋈⋈⋈≺∋∋∋∋∋∋∋⊞⋈⋈⋈⋈⋈⋈⊣⊞⋈≺∋∋⋈⊞⊞⊞⋈⋈⋈⊞≺∋⋈⋈⋈⋈⋈⋈⊞⋈⊞⋈⊞⋈⋈⋈⊞⊞⊞⋈⊞⋈⊞⋈⊤⋈∈⊞⋈⊞⊞⊞⊞⊞⊞⋈⊞⊞∈⋈∈⋈⊞⋈⊞⋈⊞⋈⊞⊞⊞⊞⊞⊞∈∋⊞⋈⋈⊞⊞⊞⊞⋈⊞⊞⊞⊞⋈⊞⊞⊞⊞⋈⊞⊞⊞⊞⋈⊞⊞⊞⊞⋈⊞⊞⊞⊞⋈⊞⊞⊞⊞⋈⊞⊞⊞⊞⋈⊞⊞⊞⊞⋈⊞⊞⊤∈∋⊞⊞⊞⊞⊞⊞⊞≺∋⋈⊤∈⋈⋈⋈⋈∈⋈⊞⋈⊞⋈⊞⋈⊞⊞⊞⊞⊞⊞⊤∈∋⋈⋈⊞⊞⊞⊞⋈⊞⊞⊞⊞⋈⊞⊞⊞⊞⋈⊞⊞⊞⊞⋈⊞⊞⊞⊞⋈⊞⊞⊞⊞⋈⊞⊞⊞⊞⋈⊞⊞⊞⊞≺∋⊞⊞⋈⊞⋈⋈⊞⊞⋈⋈⊞⊞⊞⊞⋈⊞⋈⊞⋈⊞⊞⊞⊞⊞⋈⊤∈⋈⋈⋈⋈⊞⊞⋈⋈⋈⋈∈⋈⊞⊞⊞⊤∈∋≺∋⋈⊞⊞⊞⊞⋈⊞⊞⊞⊞⊞⊞⋈⋈⊤⋈∈⊤⊥⊞⊞∋∋⊞⊞⋈⋈⋈⋈⊞⋈⋈⋈⋈⋈⋈⊣⋈⋈⊞⊙
0xab8f2dd	⊢⋈⋈⋈⋈⊞⊤∈⊤⊥⋈⊞⊤⊥⊤∈⊤∈⋈⊤∈∋∋⋈⋈⋈≺⊤∈⊞∈⋈⋈⋈⊞∈⊤∈∋⋈⋈≻⊤∈∋⋈⊞⊞⊞∈⊤∈⋈≺∋⊞⋈⋈≻⊤∈⊤∈∋∋⋈⋈⋈≻∋⋈⋈≺∋⋈≻∋⋈⋈⋈⋈⋈⋈⋈⋈⋈⋈⊞⊥⋈⊞⊥⋈⊞⋈⊤⊥⊤∈⊤⊥⊤⊥⊞⋈⊞⊥⊤⊥⊤∈⊤∈⋈⊞⋈⊞⊞∈⋈⊞⊤∈⋈⋈⋈⊞⊤∈⋈⊤∈⋈≺⋈⋈⋈⊞⊤∈⋈≺⋈⋈⋈⊞⊤∈⋈≺⋈⋈⋈⋈⋈⊞⊞⊤∈∋⊞⊞⊤∈∋∋⋈⋈∈⋈⊤∈⋈⊤∈⋈⋈⊤∈⋈⋈⊞⋈⊤∈∋⊞⋈⋈⊞⊙≺∋⋈⊤∈⋈≺∋∋∋⋈≻⊤∈⊤∈∋∈⋈⋈⋈⋈⋈≻⋈⋈≺∋⋈≻∋⋈⋈⋈≻∋⋈⊞≺∋⋈≻∋⋈⋈⋈≻∋⋈⋈⋈⊙⋈⊞⋈⋈⊞⋈⊙⊞⊞≺∋⋈⋈⋈⋈⊙⊤⊥⋈⊤⊥⊞∈⋈⊤∈⊤∈⋈⊤∈⋈⋈⋈⋈⋈⋈∋∋∋∋⋈⊣
0xab5e540	⊢⋈⋈⋈⋈⋈⋈⊞⋈⊞⊞⋈⊞⋈⊞∈⊞⊞⊡∈⊞⊤⊥⊞⊞⊤∈∋⊞≺∋⊤∈⊞⋈⊞⊞⊞⊞⊡∈⊞⊤⊥⊞⊞⊤∈∋≺∋⊞⊞⋈⋈⋈≺∈⊤∈⋈⊤⋈⊥⋈⋈⊞∈⊞⊞⊞⊡∈⋈⋈⋈⊞⊞⊞⊞⊞⊞⋈⊞⊞⊞⊞⊞⋈⋈⊞⊞⊞⊞⊞⊞⊞⋈⋈⊞⊞⊞⊞⊞⊞⊞⊤∈∋≺∋⊞⊞⋈⊞⋈⊞⊞⊞⊞⊞⊞⊞⊤∈∋⊞⋈⊞⊞⊞⊡∈⋈⋈⊞⊞⊞⊞⊞⊞⊞⊤∈∋⋈⊞⊞⊞⊞⊞⊞⊞∋⋈⋈⋈⋈⋈⊣
0xab5f720	⊢⋈⋈⋈⊞⋈⊞⊥⊤∈⋈⊞⊞⊞⋈⋈≺∈⋈⊤∈⋈⋈⊤∈⋈⊤∈⋈⊤∈⊞⊤∈≺⊤∈⊞⊤∈⊤∈⊤∈∋∋⋈⊤∈⊤∈⋈⊤∈⊤∈⋈≺≺⊤∈⋈⊤∈⋈⊤∈⊞⊤∈≺⊤∈⋈⊤∈⊞⊤∈∋⊤∈⊤∈∋∋⋈⊤∈⊤∈≺∋⋈≺⊤∈∋∋∋∋∋∋∋∋⋈≺⋈⊤∈∋∋∋∋∋⊞≺⊤⋈∈∋∋⊞⋈≺∋∋∋∋⋈⋈⋈⋈⋈⊞⊤∈∈⊤∈⋈⊞⊤∈⊞∋∋⊤∈⊡∈⊤∈⊞⊤∈∋≺⊞≺∋∋∋⊤∈∋∋∋⋈⋈⊞≺∋⋈⋈⋈⋈⊣
0xab5f600	⊢⋈⋈⊤∈⋈⋈≻∋⊤∈⊤∈⋈≻∋∋⋈⋈⋈≻
0xab60c50	⊢⋈⋈⋈⊞⊞∈⊞⊡∈⊤∈⊞⊤∈∋⋈⊤∈⋈⊞∋⋈⋈⋈⋈⊞⊡∈⋈⊞⋈⊞⊞⋈⊞⋈⊞⊞⊞⊞⊤∈⊞⊤∈∋≺∋∋⊞∈⊞⊞⊞⊡∈⊤∈⊞∋⋈⊞⊤∈∋≺⊞≺∋∋⋈⋈⋈⊣
0xab5f230	⊢⋈⋈⋈⋈⊤∈⋈⊤∈⊤∈⊤∈⋈⊞⊤⊥⋈⊞⊤⊥⊞⊤⊥⋈⊤⊥⊞⊞⋈⊤⊥⋈⊤⊥⊞⋈⊤⊥⊞⊞⋈⊤⊥⊤⊥⊞⊞≺⋈⊞⋈⋈⊞⋈⋈∈⋈⋈⊤⋈∈∈⊤∈⊤∈⊞⊡∈⊤∈∋⊞⋈⊤⊥⋈∈∋∋⋈⋈⊞⋈∈⋈⋈⊤∈⊤∈⋈⊞⊞⊞⊞⊞∈⋈⊞∈∋⊞⊤∈∋≺≺⋈⊞⊤∈∋≺⋈⊞⋈⋈⊞⋈⋈∈⋈⋈⊤⋈∈∈⊤∈⊤∈∋⋈⋈⋈≻∋∋⋈⋈⋈≻⊞⊡∈⊤∈∋⊞⋈⊤⊥⋈∈∋∋⋈⊞⋈∈⋈⋈⊤∈⊤∈∋∋⋈≻⋈⊞⊞⊞⊞⊞∈⋈⊞∈∋⊞⊤∈∋≺≺⋈⊞⊤∈∋≺∋∋⊞≺∋∋∋∋∋∋∋∋⊞⊞⋈⋈⊣
0xab60d20	⊢⋈⋈⋈⋈⋈≻
0xab60d40	⊢⋈⋈⋈⋈⋈≻
0xabac000	⊢⋈⋈⋈⋈⋈⋈⋈⊞⋈⋈⋈⋈⋈⋈⊤∈⋈⋈≻⊤∈⋈⋈⋈⊙⋈⊞⋈⋈⋈≻⊤∈⋈⋈⋈≻⊤∈⋈⋈⋈⊤∈∋∋⋈⋈⊞⊤∈⋈⋈⋈⋈⊤∈⋈⊙∋⊤∈⋈⊙∋⋈⊙∋⋈≺≺∋∋⋈⋈⋈⋈⋈≻⋈⊤∈⊤∈⋈⋈≺⊞⋈⋈⋈⋈⋈⋈⋈⋈⋈⋈⋈⊙⊤∈⊙⋈⊞⊞∋⋈⊞⊤∈⋈⋈⋈⋈⊤∈⋈⊙∋⊤∈⋈⊙∋⋈⊙∋⋈⋈≺∋⊞⊞⋈⋈⋈⋈⊞⊙⊤∈⋈⋈⋈∋⋈≺∋⋈⊙∋⊞⋈⋈⋈⋈⋈⋈⊣
0xabadb60	⊢⋈⋈⋈⋈⋈⋈⋈⋈⊞⊙⊤∈⋈⋈⊙⋈⊤∈⋈⋈⋈≻⋈⊤∈∋⋈⋈⋈⊙⋈⊙⋈⋈⋈⋈⋈≻∋⊙⋈⊞⊞⋈⋈⋈≺∋⋈⋈⋈⋈⋈⊣
0xabc8890	⊢⋈⋈⋈⋈⋈⊞⋈⋈⊤∈⊞⋈⋈⋈⋈⋈⋈⋈⋈⋈⋈⋈⋈⋈⋈⋈⋈⊤∈⋈⋈⋈⊞⊙⊤∈⋈⋈⋈⋈⋈⊙⊤∈∋⊙⋈⋈⊞⊞⋈⊤∈⊤∈⋈⊞⊞⊞⋈⊞⊞⊙⊤∈⊞⊞⊞⋈⊞⊙⊤∈≺∋⊤∈∋∋⋈≺⋈≺∋⋈⋈∋⊤∈⋈∋⋈⋈⋈⊞⊞⊞⊞⊞⋈⊞⊞⊞⊞⋈⋈⋈⊞⊞⊞⊞⊞⋈⊞⊞⋈⋈⊞⊞⊞⋈⋈⋈⋈⋈⋈⋈⋈⋈⋈⋈⋈⋈⋈⋈⋈⋈⋈⋈⋈⋈⋈⋈⋈⋈⋈⋈⋈⋈⋈⋈⋈⋈⋈≺∋⋈≺∋∋⊞⋈⋈⋈⋈⊣
0xabcb6a0	⊢⋈⋈⊙
0xabc9e30	⊢⊞⊤∈⋈⊣⋈⋈⊞⊙
0xab5f4f0	⊢⊞⊤⊥⋈⊞⊞⋈⋈⋈⊞⊤⊥⋈⋈⊞⊤⊥⋈⋈⊞⊤⊥⋈⋈⊞⊤⊥⋈⋈⊞⊤⊥⋈⊞⊞⊤⊥⊞⋈⊞⋈⊤∈⋈⊞⊤∈⊞≺∋⋈⊞∋⋈⊞⊞∈⊞⊞⊞⋈⊞∈⋈⋈⊞⊤∈⊞⊤∈∋∋∋⊞⊣
0xabd0390	⊢⊞⊞⊞⊞⊣
0xababc80	⊢⋈⋈⋈⋈⋈⋈⋈⊞⋈⋈⋈⋈⋈⊤⋈∈⊤∈⊤∈⋈⋈≺⊤∈∋⋈≻⋈⋈⊞∈⋈⋈⋈≺⋈⋈⊞⋈⋈⊤∈⋈⋈⋈⋈⋈⊤∈⋈⊙≺⊤∈⊤∈∋⊞⊤∈⋈⊤∈⋈⊞≺∈⊤∈⊤∈⋈⊤∈∋∋⊞⊞∈∋∋∋⋈≻⋈⋈⋈⊤∈⋈⋈≺⋈⊞⋈⋈⊤∈⋈⋈⋈⋈⋈⊤∈⋈⊙∋∋∋⊤∈⋈⊙∋⋈⊙⊞⊞∋∋⊞⊞≺⋈⋈⋈⋈≻⊤∈⋈⋈⋈⋈⊙⋈⋈≺∋⋈⋈⊙⋈⊤∈⋈⋈⋈≻⋈⊤∈∋⋈⋈⋈⊙⋈≺∋⋈∋∋∋∋⊤⋈⋈⊥⊤⊥⊥⊤∈⊞⋈⋈⋈⋈⊞⋈⋈≻⊤∈⋈⋈≻⊞⊞⊞⋈⊡∈⋈⋈⋈⋈⊞⊞⊤∈∋⋈⋈≺∋⋈⋈⋈⋈⋈⋈⋈⋈⋈⋈⊤∈⋈≻∋⋈⊞⋈⋈⋈⋈⋈⋈⋈⋈⊞⋈⊞⊞⋈⋈⋈⋈⋈⋈⊣∋⋈⋈≻≺
0xabacc50	⊢⋈⋈⋈⋈⋈⋈⋈⊞⋈⊤∈⋈⋈⋈⊤∈⊤∈∈⋈⊞∈∈⋈⋈⋈⋈⋈≻⊤∈⋈⋈≻≺⋈⊤∈⋈⊙∋⋈≻⋈⋈⋈⊤∈∋⋈⋈⋈⋈⊞≻⋈⋈⋈⊞≺∋⋈⋈⋈⋈⋈⋈⋈⋈⋈⊞⋈⊞⊤⋈⋈⊥⊤∈⋈⋈⋈⋈⋈≻⋈⋈≺∋⋈⋈⋈⊞⋈⋈⊤⋈⋈⊥⋈⊤∈⋈⋈⋈⋈≻⋈⋈≺∋⋈⋈⋈⋈⊤∈⋈⋈⋈⋈⋈≻⋈⋈≺∋⋈⊞⋈⊞⊞⋈⊡∈⋈⋈⋈⊞⋈⊞⊤⋈⋈⊥⋈⊤∈⋈⋈⋈⋈≻⋈⋈⋈≺∋⋈⋈⋈⊞⋈⋈⊤⋈⋈⊥⊤∈⋈⋈⋈⋈≻⋈⋈≺∋⋈⋈⊞⋈⊞⊤∈∋≺⋈⊞⊤∈⋈⋈⋈⋈⋈≻⋈⋈≺∋⋈⋈⊞⋈⋈⋈⋈⋈≻∋≻⋈⊞⋈⊤∈∋∋⋈⋈⋈≺⋈⋈≺∋∋⊞⋈⋈⋈⋈⋈⋈⊣
0xabce990	⊢⋈⋈≻⋈⊙
0xab60d60	⊢⋈⋈⋈⋈⋈⋈⊤∈⋈⊞∈⋈⋈⊞⋈⊤∈⊤∈⊞⋈⊤∈≺⋈⋈⊞⊞⊡∈⋈⊞⊞⋈⊞⋈⊞⊤∈∋⊤∈⊤∈⋈⊞∋⋈∋⊤∈∋⋈⊤∈⊤∈⊞⋈⊞⊞⊡∈⋈⊞⊞⋈⊞⋈⊞⊤∈∋⊤∈⊤∈⋈⊞≺∋∋⋈∋∋⊤∈⋈⋈⋈≻⊤∈⊤∈∋⋈⋈⋈≻⊤∈∋⊤∈∋⋈⋈⋈≻⊤∈∋⊤∈∋⋈⋈⋈≻⊤∈≺∋⊤∈∋⋈⋈⋈≻∋∋⋈⋈≻⋈⊤∈∋∋⋈⋈⊞≻⊤∈⊞⋈≺⋈⋈⋈⊞⊞⊡∈⋈⊞⊞⋈⊞⋈⊞⊤∈∋⊤∈⊤∈∋∋∋⋈⋈⋈≻⋈⊞∋⋈≺∋∋⋈⋈⋈⋈⊣
0xab61160	⊢⋈⋈⋈⋈⋈≻
0xabcd4d0	⊢⋈⋈⋈⋈⋈⋈⋈⊞⋈⋈⋈⊙⋈⋈⊞⊡∈⋈≻≺∋⋈⊞⊤∈≻⋈⊞≺⊞∋⋈⋈⊞⊤⊥⋈⋈⋈⊞⊡∈⋈⊡∈⊤∈⋈⋈⋈≻≺⊙⊞⊡∈∋∋⋈⋈⊤∈⋈⊙⊤∈⋈⋈≻≺⋈⋈⋈⋈⋈⋈⋈⋈⋈⋈⋈⋈⋈∈⋈⋈⋈⊞⋈⊡∈⊤∈⋈⊤⊥⊞⊞⊞⊤∈∋⋈⊤∈∋⊞∈⊤∈⋈⊤∈⋈⋈⋈⋈⊞⋈⊞⋈⋈⊙⋈⋈⊞⊞⋈⊞⊞⋈⊞⊙≺∋⋈⋈⊞⋈⋈⋈⋈⋈⋈≺⋈⊤∈⋈∈∋⋈⋈⋈⋈⋈≻⋈≺⊤∈⋈⋈⋈⋈⋈≻⊞⋈⋈⋈⋈⋈≻⊞≺∋⋈∋⋈⋈⊞⊤∈⋈⋈⋈⋈⋈⊞⋈⊞⋈⋈⊙⋈⋈⊞⊞⋈⊞⊞⋈⊞⊙≺∋⋈⊞⊞⋈⋈⋈⋈⋈⋈⋈⋈⋈⋈⋈⋈⋈⊤∈⋈⋈⋈⋈⋈⋈⊤∈∈⋈⊤∈⋈⋈⋈≻≺⋈⋈⊤⋈∈⋈⋈⊤∈⋈⋈⊞⋈⋈⋈⋈⋈⋈⋈⋈⋈⋈⊞⋈⋈⊞⋈⊞⋈⋈⋈⋈⊙⋈⋈⋈⋈⋈⋈⊞⋈⋈⊞⊞⊞⋈⋈⊙⋈⋈⋈⋈⋈⋈⋈⋈⋈⋈⊞⋈⊙⋈⋈⋈≺∋⋈⋈⋈⊤∈⊞∈⋈⋈⊞⋈⊤∈∋∋⋈≺⊞⋈⋈⋈⊤∈⊤∈⋈∋⋈⋈⋈⋈≻⋈⋈⋈⊤∈⋈⋈⊞⋈⋈⋈⋈⋈⋈⋈⋈⊞⋈⋈⊞⋈⊞⋈⋈⋈⊙⋈⋈⋈⋈⊞⋈⋈⊞⊞⊞⋈⋈⊙⋈⋈⋈⋈⋈⋈⋈⋈⋈⋈⊞⋈⊙⋈≺∋⋈⋈⋈⋈⋈⊤∈⊞∈⋈⋈⋈⋈⊞⊤∈∋≺∋⋈⋈⋈⋈⋈⋈⋈⋈⊤∈⋈⋈⋈≻⊞⋈⋈⋈≻⊞≺∋⋈⋈⋈⊤∈⋈⋈⋈⊞⋈⋈⋈⋈⋈⋈⋈⋈⊞⋈⋈⋈⋈⊞⋈⋈⋈⊙⋈⋈⋈⋈⊞⋈⋈⊞⊞⊞⋈⋈⊙⋈⋈⋈⋈⋈⋈⋈⋈⊞⋈⊞⋈⊙⋈≺∋⋈⋈⋈⋈⋈⋈⊤∈⊞⊡∈⋈⋈⋈⋈⊞⊤∈∋∋⋈⋈⋈⋈⋈⋈⋈⊤∈∋⋈⋈⋈⋈⋈⋈⋈⊤∈∋≺∋∋⊡⋈∋⋈⋈⋈⊤∈⋈≻≺⋈⋈⊙⊤∈⋈⋈≻≺⋈⋈⋈⋈⋈⊞⋈∈⋈≻≺⋈⋈⋈⋈⊤∈⋈⋈⋈≻⋈⋈⋈⋈⋈⋈⋈⋈⋈⋈⋈∋∋⊡⋈≺∋⋈⋈≺∋≺⊞⋈⋈⋈⋈⋈⋈⋈⋈⊤⋈⋈∈⊤∈⊙≺∋∋∋⋈⋈⊤⊤∈⋈⊤∈≻⊤∈⋈≺∋∋∋⊞⋈⊤∈⋈⋈⋈⋈⊞⊞⋈⋈⋈⋈⋈⋈⊙⊞⋈⋈⋈⋈⋈⋈⊣
0xabcc4a0	⊢⋈⋈⋈⋈⋈⊞⋈⊤∈⊞⊞⋈⋈⊞⋈⊞⊙⊤∈⋈⊙⊤⋈⊥⋈⋈⊞⋈⋈⋈⊞⊙⊤∈⊙⋈⊞⊞⋈⋈⋈⋈⋈⋈⋈⋈≻≺⋈⋈⋈⊞⊙⊤∈⊙⋈⊞⊞⋈⋈⋈⋈⋈⋈⋈⋈≻⊞⋈⋈⋈⋈⊞⊙⋈≺∋∋⋈⊞⋈⋈⋈⋈⊣
0xabcf590	⊢⋈⋈⋈⋈⋈⋈⋈⊞⋈⋈⊤∈⋈⊙⋈⊡∈⊞⊡∈⋈⊤∈⋈∈⋈⋈⊞⋈⊡∈⊤∈⋈⊤⊥⊞⊞⊞⊤∈∋⋈⊤∈⊞⊤∈⊤∈⊞⋈⊤∈⋈⋈⋈≺∋⋈⋈≻⋈⋈⋈⋈⋈⋈⋈⋈⋈⋈⋈⋈≻⋈⊤∈⋈≻∋⋈⋈⋈≻⋈⋈≻≺≺∋⊞∈∋∋∋⋈≺⋈≺∋⊤∈⋈⋈⋈≻⋈⋈≻∋≻⊤∈⋈⊙∋⋈⊙≻⋈≻≻⊞⊞∈∋⋈⋈⋈≺∈⋈⋈⋈⊙⊤∈⋈⊤∈⊞⊞⊤∈⋈≺∋⋈⊞⊤∈⋈⋈⋈⋈⊤∈⋈⊙∋⊤∈⋈⊙∋⋈⊙⋈⊞∈⋈⋈⋈⋈≻⊣⊞⋈≺∋⊤∈∋∋∋∋∋⊞⋈⋈⋈⋈⋈⋈⋈⋈⋈⋈⋈⋈⊞⊙⊞⋈⋈⋈⋈⋈⋈⊣
0xabcc480	⊢⋈⋈⋈⋈⋈≻
0xabc8140	⊢⋈⋈⋈⋈⋈⋈⋈⊞⋈⊞∈⋈⋈⋈⊤⋈⊥⋈⋈≻⊤∈⊤∈⊤⋈⊥⊤∈⋈⋈⊡∈⊤⊞⋈⊞∈⋈⋈⋈⋈≻∋⋈⋈⋈≻⊞⋈⋈≻⊤∈⊤∈⋈⊤∈∋∋∋⋈⋈⋈⋈⋈⋈⋈≻∋∋∋⊞⋈⋈⋈⋈⋈⋈⊣
0xab6960f	⊢⋈⋈⋈⋈⋈⋈⊞⋈⊤∈⋈⋈⋈⋈⋈⋈⋈⋈⋈⋈⋈≻⊤∈⋈⋈⋈⋈⋈⊤∈⋈⋈⋈≻⋈⊞⋈⋈⊞⊞⊞⊞⊞⊞∈⊞⊡⊞⊞⊞⊤∈∈⊞⊞⊞⊞⋈⊞⊤∈⊤∈⋈⊤∈⋈≺∋∋⋈⊞⋈∈∋∋⊞⊞⊤∈∋⋈⋈⋈≻⋈⊤∈⋈≻⋈⊤⋈∈∋⋈⋈⋈≻⋈⋈⋈⋈⋈⋈⊞⋈⋈⊤∈⋈⋈⋈⊞⊤∈⋈⋈⋈⊤∈⋈⋈⋈⋈⋈⊞⊤∈⋈⊤∈⋈⊤∈∋⋈⋈⋈⋈⋈⊞⋈⋈≻∋⋈⋈⋈≻≺∋⋈⊤⋈⋈∈⋈⋈⊤⋈∈⊞⋈⋈⊞⋈⋈⋈⊤∈⋈⋈⊞≺⋈⋈⋈⋈≺∋⋈⊤⊥≺∋∋⋈⊞⋈∈⊤∈∋⋈⋈⋈⋈⋈⋈⋈⋈⋈⋈≻⋈⋈⋈⋈⋈⋈⊤∈⋈⋈⋈≻⋈∋⋈⋈≺⊤∈⋈⊤⋈∈⋈⊤∈⋈⊞⊤∈∋⊞⋈⋈≺∋⊞∈⋈⊞⊞∈∋≺∋⊞⊤⊥⋈⋈⋈∋⊤∈⋈⋈⋈≻⋈∋⋈⊤∈⊤∈⋈⋈⋈≻⋈⋈⋈⋈⋈⊞⊤∈⋈⋈⊤∈⊞⋈⋈≺∋⊤∈⋈⊞∈∋∋⋈⋈⋈⋈⋈≻⋈⊤∈⋈⋈⊤∈⊞⊤∈∋⋈⊞⋈⋈⋈≺∋⋈⊤⊥≺∋⋈⊞∈⊤∈∋⋈⋈⋈⋈⋈⋈⋈⋈⋈⋈≻⋈⋈⋈⋈⋈⋈⊤∈⋈⋈⋈≻⋈∋⋈⋈≺⊤∈⋈⊤⋈∈⋈⊤∈⋈⊞⊤∈∋⊞⋈⋈≺∋⊞∈⋈⊞⊞∈∋≺∋⊞⊤⊥⋈⋈⋈∋⊤∈⋈⋈⋈≻⋈∋⋈⊤⋈∈∋⋈≺∋∈⋈≻∋⋈≺∋⋈⊞⊞⊤∈⋈⋈⊤∈⊞⋈⋈≺∋⊤∈⋈⊞∈∋∋⊤∈⊞⋈⋈⋈⋈⋈⋈⋈⋈⋈⋈⋈⋈⋈≻⋈⊞⋈⋈⊤∈⋈⋈⋈≻⊞⋈⋈⋈⋈⋈⋈⋈⋈⋈⋈⋈≻⊞⋈≺∋⋈∋⋈⊤∈≺⋈⋈⊞≻⊤∈⋈⋈⊞∈⋈⋈⊤⋈∈⊞⋈⋈⊞⋈⋈⋈⊤⋈∈⋈⊞⊞≺⋈⋈⋈≺∋⋈⊤⊥≺∋∋⋈⋈⊞∈⊤∈∋⋈⋈⋈⋈⋈⋈⋈⋈⋈⋈⋈≻⋈⋈⋈⋈⋈⋈⊤∈⋈⋈⋈≻⋈∋⋈⊤∈⊤⋈∈≺⊤⋈∈≺⊤∈∋∋⋈⋈⋈≻∋⋈⋈⊞≻⋈≺∋⋈⋈⋈⋈⋈⋈⋈⋈⋈⋈⋈⋈⋈⋈≻⋈⋈⋈⊤∈⋈⋈⊞⊞⊤∈⋈⊞⊙∋∋⋈⊞⋈⋈⋈⋈⋈⋈⋈⋈⋈⋈⋈⋈⋈⋈⋈≻⊞⋈⋈⋈⋈⋈⋈⋈⋈⋈⋈⋈⋈⋈⋈≻⊞⋈⋈⋈⋈⋈⋈⋈⋈≻⋈⋈⋈⊤∈⋈⋈⋈≻⋈∋⋈⊤∈∋⋈≺⊤∈⋈⊤∈⋈⊞⊤∈⊞⋈≺∋⋈⋈⊞∈⋈⊞⊞∈∋⊞⊤⊥⋈⋈⋈∈∋∋⋈⋈⋈⋈⋈⋈⋈⋈≻⋈⋈⋈⋈⊞≻⋈⋈⋈⋈⋈⋈≻⋈⋈⊤⋈⋈∈⊤∈⋈⋈⊤∈⋈⋈⊞⊥⊞⊤⊥⊞⋈∈⊞∈⋈⋈≻∋⊤∈⋈⋈⊞⋈⋈⋈⋈⋈≻⊤∈∋⋈⋈⋈≺∋⋈⋈⊙⋈≺⋈⋈⋈⋈≺∋⋈⋈⋈⋈≺∋∋⋈⋈⋈⋈⋈⋈≻⋈⋈⋈⋈⋈⋈⋈⋈⋈⋈⋈≻⋈⊞⋈⋈⋈⋈⋈⋈⋈≻⊞⋈⋈⊞⋈⋈⊞⋈⋈⋈⋈⋈⋈⋈⋈⋈⋈≻⋈⋈⋈⋈⋈⋈⋈≻⋈⋈⋈⋈⋈⊤∈⋈⋈⋈≻∋⊞⋈⋈⋈⋈⋈⋈⋈⋈≻⊞⋈⋈⋈⊤∈⋈⋈⋈≻∋⋈⋈⋈≻⋈⋈⋈≻⋈⋈⋈⋈⊞≻⋈⋈⋈⊤∈∋⋈∋⋈⋈≻∋∋∋∋∋∋∋∋∋⋈⊞⋈⋈⋈⋈⋈⋈⊣⋈⋈⋈⊤⋈⊥⋈⋈≻⋈⊤⋈⋈∈⊤∈⋈⋈∋∋⊤∈⋈⊞⋈⊤∈⋈⋈⊤∈⋈⋈≺∋⋈⊞⊤∈∋⊞⋈⊞⊥≺∋⋈⋈⊞⋈⊥⊥⊞⋈⊞⊞⋈⋈⋈⋈⋈⋈⋈⋈⋈⋈⋈⋈≻⊞⋈⋈⋈⋈⋈⋈⋈⋈⋈⋈⋈⋈⋈⋈⋈⋈⋈⋈⋈⋈⋈⋈⋈⋈≻⊞⋈⋈⋈⋈⋈⋈⋈⋈⋈≺∋≻⊞⋈⋈⊤⋈∈⋈⋈⋈⋈⋈⋈⋈≻⋈∋⋈⋈⋈≻∋∋∋⋈⊞⋈⋈⋈⋈⋈⋈⊣⊞⊞⊞≺∋
0xab68403	⊢⋈⋈⋈⋈⋈⋈⊞⋈⋈⋈⋈⋈⊤∈⋈⋈⋈⋈⋈⋈⋈⋈⋈⋈≻⊤∈⋈⋈⋈⊤∈⋈⋈⋈≻⋈⊞⋈⋈⊞⊞⊞⊞⊞⊞∈⊞⊡⊞⊞⊞⊤∈∈⊞⊞⊞⊞⋈⊞⊤∈⊤∈⊤∈⋈≺∋∋⋈⊞⋈∈∋∋⊞⊞⊤∈∋⋈⋈⋈≻⊤∈⋈≻⋈⋈⊤∈∋⋈⋈⋈≻⋈⋈⋈⊤⋈⊥⋈⋈⋈≻⋈⊤⋈⋈∈⋈⊤⋈∈⋈⋈≺∋∋⊤∈⋈⊞⊤⋈⋈∈⋈⋈⊤∈⋈⋈≺∋⋈⊞⊤∈∋⊞⋈⊞⊥≺∋⊞⋈⊞⊞⊞⋈⋈⋈⋈⋈⋈⋈⋈≻⊞⋈⊞⋈⋈⋈⋈⋈⋈⋈⋈⋈⋈⊞⋈⋈⋈⋈⋈⋈⋈⋈⋈⋈⋈≻⊞⋈⊞⋈⋈⋈⋈⋈⋈⋈⋈⋈≺∋≻⊞⊤⋈∈⋈⋈⋈⋈⋈⋈⋈≻⋈∋⋈⋈⋈≻⋈⊞⊞⊞≺∋⊤∈∋∋∋⋈⊞⋈⋈⋈⋈⋈⋈⊣⋈⋈⊞⋈⋈⋈⋈⋈⋈≺
0xab6a813	⊢⋈⋈⋈⋈⋈⋈⊞⋈⋈⋈⋈⊤∈⋈⋈⋈≻⋈⊞⋈⋈⊞⊞⊞⊞⋈⊞⊞∈⊞⊡⊞⊞⊞⊤∈∈⊞⊞⊞⊞⋈⊤∈⋈⋈≺⋈⊞⋈∈∋∋⊞⊞⊤∈∋⋈⋈⋈⋈≻⋈⋈⊤∈⋈⊤∈⋈⋈∈⋈⋈⋈⋈⋈⋈⋈⋈≻⋈⋈⋈⋈⋈⋈≻⋈⊤∈⋈⋈⋈⋈⋈⋈⋈⋈≻⋈∋⋈⊤∈⋈⋈⋈⋈⋈⋈⋈⋈≻⋈⋈⋈≺∋∋∋∋⋈⋈⋈⋈≻⋈⊤∈⋈⋈≻≺∋⋈⊞⋈⋈⊞⊞⊞⊞⋈⊞⊞⊞∈⊞⊡⊞⊞⊞⊤∈∈⊞⊞⊞⊞⋈⊤∈⋈⋈⋈≺⋈⊞⋈∈∋∋⊤∈⊞⊤∈⊞⊞⊞⊞∋⊞⊞⊤∈⋈⊤∈⊡⊞⊞⋈≺∋⊞⋈⊡⋈⊞⋈⋈⊡⊞⋈⋈⋈⋈⋈∋∋⋈⊞⋈⋈⋈⋈⋈⋈⊣⋈≺∋⊞⊞⊞≺∋⊞⊞⊞≺∋
0xab6b690	⊢⋈⋈⋈⋈⋈⋈⊞⋈⋈⋈⋈⊤∈⋈⋈⋈⋈≻⋈⊞⋈⋈⊞⊞⊞⊞⊞⊞∈⊞⊡⊞⊞⊞⊤∈∈⊞⊞⊞⊞⋈⊤∈⋈⊤∈⋈≺∋⋈⊞⋈∈∋∋⊞⊞⊤∈∋⋈⋈⋈⋈⋈≻⋈⋈⊤⋈⊥⋈⋈⋈≻⋈⋈⊤⊥⊞⋈∈⋈⋈⋈≻⋈⋈⋈⋈≻⋈⊤∈⊤∈∋⋈⋈⋈≻⋈⋈⋈⊞⋈⊞⋈⋈⋈⋈⋈≻⋈⋈⋈≻⋈⋈⋈≻⋈⋈⊤⋈⊥⋈⊤⊥⊤⊥⋈⋈⋈≻⋈⋈⊤⋈⋈∈⋈⋈⊤∈⋈⋈∋∋⋈⋈⋈⋈⋈⋈≻⋈⋈⋈⊤∈⋈⋈⊤∈⋈⋈∋∋⋈⋈⋈⋈≻⋈⋈⋈⋈⋈≻⊤∈⋈⋈⋈⋈⋈⋈⋈≻⋈∋⋈≺∋⋈⋈⋈⋈⋈⋈≻⋈⊤∈∋⋈⋈≻≺∋⋈⊞⋈⋈⊞⊞⊞⊞⊞⊞⊞∈⊞⊡⊞⊞⊞⊤∈∈⊞⊞⊞⊞⋈⊤∈⋈⊤∈⋈≺∋⋈⊞⋈∈∋∋⊤∈⊞⊤∈⊞⊞⊞⊞∋⊞⊞⊤∈⋈⊤∈⊡⊞⊞⋈≺∋⊞⋈⊡⋈⊞⋈⋈⊡⊞⋈⋈⋈⋈∋∋⋈⊞⋈⋈⋈⋈⋈⋈⊣⋈≺∋⊞⊞⊞≺∋⊞⊞⊞≺∋
0xab7d0d4	⊢⋈⋈⋈⋈⋈⋈⊞⋈⋈⋈⋈⋈⋈⊤∈⋈⋈⋈⋈≻⋈⊞⋈⋈⊞⊞⊞⊞⊞⊞∈⊞⊡⊞⊞⊞⊤∈∈⊞⊞⊞⊞⋈⊤∈⋈⊤∈⋈⊤∈⊤∈⋈≺⋈⊤∈⋈⋈⋈⊞⊥⊞⊤⊥⊞∈⊤∈⋈⊞⋈⋈⋈≻⊤∈⋈⋈≺∋⋈⋈⋈⊙⋈⊞∋⋈≺⋈⋈≺⋈≺∋∋∋⋈⋈⋈∋⋈⊞⋈∈∋∋⊞⊞⊤∈∋⋈⋈⋈⋈⋈⋈⋈≻⋈⋈⋈⊤∈⋈⊞⋈⋈⋈⋈⋈≻⊞⊤⊥⊞⋈⋈⋈≻⋈⋈⋈⋈⋈≻⊞⊤⊥⊞⋈⋈⋈≻⋈⋈⋈⋈≻⋈⊤∈⊞⋈⊤⋈∈⋈≻⋈⊤∈⊤∈⋈≺⋈⊤∈⋈⋈⋈⊞⊥⊞⊤⊥⊞∈⊤∈⋈⊞⋈⋈⋈≻⊤∈⋈⋈≺∋⋈⋈⋈⊙⋈⊞⋈≺⋈⋈⊞⋈⋈⊤∈∋∋⋈⋈⋈≺⋈⊞≺∋⋈∋⋈⊞⊞⋈⋈⋈⋈⋈⋈≻∋⋈⊤∈⋈⋈⋈≻⋈⋈⋈⋈⋈⋈⋈⋈⋈⋈⋈⋈≻⋈⋈⋈⋈⋈⋈≻⋈⋈⊤⋈⋈⊥⋈⊤⊥⊤∈⋈⋈⋈⋈⊡⊡⋈⋈≻⋈⋈⋈⋈⋈⋈⋈⋈⊡⊡⋈⋈≻⋈⋈⋈≺∋⋈⊤∈⋈⋈⋈⋈≻∋⋈⊤∈⋈⋈⊤∈⊤∈⋈∋⊤∈⋈≺∋⊤∈∋⋈⊞⋈⊞⊞⋈⋈⋈⋈⋈⋈≻≺∋⊤∈⋈⋈⋈≺⋈⋈≻≺∋∋∋⋈∋⋈⊤∈⊤∈⋈⋈⊤∈⋈⋈⋈⊞⊥⊞⊤⊥⊞∈∋⊞⊤∈⋈⋈⋈≻⊤∈∋∋⋈∋⋈≻∋⋈⊞⋈⋈≺∋⋈⋈⋈⊙⋈≺⋈⋈≺⋈≺∋∋⋈∋⋈⋈⋈⋈⋈≻⋈⊤∈⋈⋈≻≺∋⋈⊞⋈⋈⊞⊞⊞⊞⊞⊞⊞∈⊞⊡⊞⊞⊞⊤∈∈⊞⊞⊞⊞⋈⋈⊤∈⋈⋈⊤∈⋈⋈⋈⋈⋈⊞⊤⋈∈⋈⋈≻≺∋⋈⊞⋈∈∋∋⊤∈⊞⊤∈⊞⊞⊞⊞∋⊞⊞⊤∈⋈⊤∈⊡⊞⊞⋈≺∋⊞⋈⋈⊡⋈⊞⋈⋈⊡⊞⋈⋈⋈⋈⋈⋈⋈⋈⋈∋∋⋈⋈⊡⊡≺∋⊞⋈⋈⋈⋈⋈⋈⊣⋈≺∋⊞⊞⊞≺∋⊞⊞⊞≺∋
0xab7c8dd	⊢⋈⋈⋈⋈⋈⋈⊞⋈⋈⋈⋈⋈⊤∈⋈⋈⋈≻⋈⊞⋈⋈⊞⊞⊞⊞⋈⊞⊞∈⊞⊡⊞⊞⊞⊤∈∈⊞⊞⊞⋈⊞⋈⊞⊤∈⊞⊞⋈≺⋈⊞⋈∈∋∋⊞⊞⊤∈∋⋈⋈⋈⋈⋈⋈≻⋈⋈⋈≻⋈⊤∈⋈⋈⋈⋈⋈⋈⋈⋈⋈⋈⋈⋈⋈⋈≻⋈⋈⊤∈⋈⋈⋈≻∋⋈⊤⋈∈⋈⋈⋈≻∋⊡⊡⊡⊡⋈⊡⊡⊡⊡⋈≻⋈⋈⋈⋈⋈⋈⋈⋈⋈⋈⋈⋈≻⋈⋈⋈⋈⋈⋈≻⊤∈⋈⋈⋈⋈⋈⋈⋈≻⋈∋⋈≺∋⋈⋈⋈≻∋⋈⊞⋈⋈⋈⋈⋈⋈⊣⊞⊞⊞≺∋
0xab7cb71	⊢⋈⋈⋈⋈⋈⋈⊞⋈⋈⋈⋈⋈⊤∈⋈⋈⋈≻⋈⊞⋈⋈⊞⊞⊞⊞⋈⊞⊞∈⊞⊡⊞⊞⊞⊤∈∈⊞⊞⊞⋈⊞⋈⊞⊤∈⊞⊞⋈≺⋈⊞⋈∈∋∋⊞⊞⊤∈∋⋈⋈⋈⋈≻⋈⋈⋈≻⊤∈⋈⋈⋈⋈⋈⋈⋈⊤∈⋈⋈⊤∈⊤∈⋈⊤∈⋈⊤∈∋⊞≺≺∋∋∋∋⋈⋈⋈⋈⋈⋈⋈⋈⋈≻⋈⋈⋈⋈≻⋈⋈⋈⋈⋈⋈⋈⋈⋈⋈⋈≻⋈⋈⋈⋈⋈⋈⋈⋈⋈⋈⋈⋈≻⋈⋈⋈≻⋈⋈⊤∈⋈⊞⋈∋⋈⋈⋈⋈⋈⋈⋈⋈⋈⋈⋈⋈⋈⋈⊤∈⋈⋈⋈≻∋⋈⋈⊤∈⋈⋈⋈≻∋⋈⋈⋈⋈⋈⋈⊤∈⋈⋈⊤∈⋈⊤∈⊤∈⊤∈∋⊞⋈≺∋∋∋∋⋈⋈⋈⋈⋈≻⋈⋈⋈⋈≻⋈⋈⋈⋈⋈⋈⋈⋈⋈⋈≻⋈⋈⋈⋈⋈⋈⋈⋈⋈⋈⋈⋈⋈≻⋈⋈⋈≻⊤∈⋈⊞⋈∋⋈⋈⋈⋈⋈⋈⋈⋈⋈⋈⋈⋈⋈⊤⋈∈⋈⋈⋈≻∋⋈⊤∈⋈⋈⋈≻∋⊡⊡⋈⊡⊡⋈≻⋈⋈⋈⋈⋈⋈⋈⋈⋈⋈⋈⋈⋈≻⋈⋈⋈⋈⋈⋈⋈≻⊤∈⋈⋈⋈⋈⋈⋈⋈⋈≻⋈≺∋∋⋈⋈⋈≻∋⋈⊞⋈⋈⋈⋈⋈⋈⊣⊞⊞⊞≺∋
0xab5ed50	⊢⋈⋈⋈⋈⋈⋈⋈⋈⋈⊤∈⋈⋈⊙⋈⋈⋈⊤∈∋⊤∈⊞∋⋈⋈⋈⋈⋈⊣⋈⋈⋈⋈⋈⋈⋈⋈⊙
0xab61180	⊢⋈⋈⋈⋈⋈≻
0xab96d5d	⊢⋈⋈⋈⋈⋈⋈⊞⋈⋈⋈⋈⋈⋈⋈⋈⋈⋈⊞∈⋈⋈≺∋⊞⋈⊤∈⋈⋈⋈⊞⊥⊞⊤⊥⊞∈⋈⋈⋈⋈⋈⋈≻⊤∈⊤∈⊞⋈⋈⋈≺∋⋈⋈⋈⋈⋈⊞∋⋈⋈≻∋⋈⊞⊞⊤∈⋈⋈⋈⋈≻≺∋∋⋈⋈≻⊤∈⋈⋈≺⊤∈⋈⊞⊞⋈⋈≺∋∋⋈⋈≻⋈⊤∈⋈⋈⊤∈⊞≺⊤∈⋈⊞⋈∈⊤∈⊞⋈⊞⊤⋈∈∋⊤∈∋⋈⋈≺∋∋∋⋈⊞⊤∈⊤∈⋈⋈⋈≻⋈⋈⋈≺⊤∈⊞⋈⋈≻⋈⋈≻⋈⋈⋈≺⋈⋈⊤⊥⊤⊥⋈≺∋∋∋∋⋈⋈⋈⋈⋈⋈⊞⋈⋈⋈⋈⋈⋈⊣
0xab969ba	⊢⋈⋈⋈⋈⋈⋈⊞⋈⋈⋈⋈⋈⋈⊤∈⋈⊤∈⋈⋈⊤⊥⋈⊤⊥⊞∈⋈⊡⊞⋈⊞⊞⋈⊞⊞∈⋈⊞∈⊤∈⊞≺⊤∈⋈⊞∈⋈⊞∋⋈⋈⋈≺⋈⋈⊞⊞⋈⊞⊞⊞∈∋∋∋⋈⋈⋈⋈⋈⋈⋈⋈⋈⋈⋈⋈⋈≻≺⋈≺∋∋⋈⊞⋈⊞⋈⋈⋈⋈⋈⋈≻∋⋈⋈⋈⋈⋈≻⋈⋈⋈⋈⋈⊤∈⋈⋈⊤∈⊤∈⋈∋⊤∈⋈≺∋⊤∈∋⋈⊞⋈⊞⋈⋈⋈⋈⋈⋈⋈≻≺∋⊤∈⋈⋈⋈⋈≻≺∋∋⋈⋈⋈⋈≻⋈⋈⋈⋈⋈⋈⋈⋈⋈⋈⋈⋈⋈⋈≻⋈⋈⋈⋈⋈⋈⋈⋈⋈⋈⋈⊤⋈⊥⋈⊤∈⊤⊥⊤∈⊤⊥⊤∈∋⋈⊞⊞⋈⋈⋈⋈≻∋⊤∈⋈⋈⋈⋈⋈≻≺∋⋈≺∋⋈⋈⋈⋈⋈⋈⋈⋈⋈⊤∈⋈⋈⋈⋈⋈⋈≻⋈⋈⋈⋈⋈⋈⋈≻⋈⊤∈∋⋈⋈⋈≻≺∋∋∋⊞⋈⋈⋈⋈⋈⋈⊣
0xab973f9	⊢⋈⋈⋈⋈⋈⋈⊞⋈⋈⋈⋈⋈⋈⊞⊤∈⋈⋈≺⊤∈⋈⊞⋈⋈≺∋∋⋈⊤∈⋈⋈⋈⋈≺⋈⊤∈⋈⊞⊞⋈⋈⋈≺∋∋⋈⊤⋈⋈∈⊞∈⊤∈⊞⊤∈⋈⊤⋈∈∋∋∈∋⋈⋈⊤∈⊤∈⋈⊤∈⋈⋈⊞⊥⋈⊞⊤⊥⊞∈⊞∈⋈⋈≻∋⋈⊤∈⋈⊞⋈⋈⋈⋈≻⋈⊤∈∋⋈⋈≺∋⋈⋈⊙⋈≺⋈⋈≺∋⋈∋∋⋈⋈⋈⋈⋈⋈⋈⋈⋈⋈⋈⋈⋈⋈≻⋈⋈⋈⋈⋈⋈⋈⋈⋈⋈⋈⋈≻⋈∋⋈⋈⋈⋈⋈≻⋈⋈⋈⋈⋈⋈⋈⋈⋈⋈⋈≻⋈⋈⋈⋈⋈⋈⋈⋈⋈⋈≻⋈⋈≻⋈⋈⋈⋈⋈⊤∈⋈⋈⋈≻∋⋈⊤∈⊤∈⊤∈∋⋈⊞⋈⋈⋈⋈⋈⊞≻∋⋈⋈≻≺∋⋈⋈⋈≻⋈⋈⋈⋈≺∋⋈⋈⋈⋈⋈≻⊤∈⋈⋈⋈≺⊤∈⋈⋈⊞⋈⋈⋈≺∋∋⋈⊤∈⋈⋈⋈⋈≺⋈⊤∈⋈⊞⊞⋈⋈⋈≺∋∋⊤∈⊞∈⊤∈⊞⊤∈⋈⋈⊞⊤∈∋∋∈∋⋈⋈⋈⋈⋈⋈⋈⋈≻⋈≻⋈⋈⋈≻⋈⊤∈⋈⋈≺⊤∈⋈⊞⋈⋈≺∋∋⋈⊤∈⋈≺⊤∈⋈⊞⋈⋈≺∋∋⋈⊤∈⊞∈⊤∈⊞⊤∈≺⋈⊤⋈∈∋∋∈∋⋈≻⋈⋈≻∋∋⋈⊤∈⋈⋈⋈≻∋⋈∋⊞⋈≺∋⋈⋈⋈⋈⋈⋈⋈⋈⋈⋈⋈⋈⋈⋈⋈⋈≻⋈⋈⋈⋈⋈⊤∈⋈⋈⋈≻∋⋈⋈⋈⋈⋈⋈⋈⋈⋈⋈⊤⋈∈⋈⋈⋈≻∋⋈⊤⊥⊞∈⋈⋈⋈≻∋⋈⊤∈⋈⋈⋈≻∋⊞⋈⋈⋈⋈⋈⋈⊣
0xab96fbe	⊢⋈⋈⋈⋈⋈⋈⊞⋈⋈⋈⋈⋈⊞⋈⋈⋈≻⋈⋈⋈⋈⋈⋈⋈⋈⋈⋈⋈⋈≻⋈⋈⋈⋈⋈⋈⋈⋈⋈⋈⋈⋈≻⋈⋈⋈⋈⋈⋈⋈⊞⋈⋈⋈⋈⋈∈⊤∈⋈⊤∈⋈⋈⊞⊥⋈⊤⊥⊞∈⋈⋈⊤∈⋈⊞⋈⋈⋈⋈⋈≻⊤∈⋈⋈⋈≺∋⋈⋈⋈⊙⋈⋈⋈⋈⋈≺⋈⋈⋈≺∋⋈∋∋⋈⋈⋈⋈⋈⋈⊤⋈∈⊤∈⋈⊤∈⋈⋈⊞⊥⋈⊤⊥⊞∈∋⊞∋∈⋈⋈≻∋⊤∈⋈⊞⋈⋈⋈⋈≻⊤∈∋⋈⋈⋈≺∋⋈⋈⋈⋈⊙⋈⋈≺⋈⋈≺∋⋈∋∋⋈⋈⋈⋈⋈⋈⋈⋈⋈⋈⋈⋈⋈⋈⋈≻⋈⋈⋈⋈⋈⋈⋈⋈⋈⋈⋈⋈⋈≻⋈⋈⋈⋈⋈⋈⋈⋈⋈⋈⋈⋈⋈⋈⋈⋈⋈⋈⋈⋈⋈⋈⋈⋈⋈⋈≻⋈⋈⋈⋈⋈⋈⋈⋈⋈⋈⋈⋈⋈⋈≻⋈⋈⋈⋈⋈⋈⊤∈⋈⋈⋈≻∋⊞⋈⋈⋈⋈⋈⋈⊣
0xab8c6a0	⊢⋈⋈⋈⊤∈⋈⋈⊞⊤∈⊞⊞⊞⊞⊡⊞⊞⊤∈⊞⊞⊤⊥⋈⊤⊥⊞⊤∈⊡∈⊡⊞⊡⊞⊡⊞⊡⊞⊞⊞⊞⊞⊞⊞⊤∈⊞⊤∈⊞⊤∈⊞⊤∈⊞⊞⋈⊞⊞⋈⊣⊞≺⊞≺⊞⊤∈∋∋⋈⊤∈⊡∈⊡⊞⊞⊤∈⊞≺⊞⊤∈∋∋⊤∈∋⊞⊣⊡⊞⊞⊞⊤⊥⋈⊞⋈⊞⊣∋∋∋⊞∋⊞⊞⊞⊞∈⊤∈∋⋈⊣⊞⊤∈∋⋈⊣
0xab8c840	⊢⋈⊤∈⋈⋈⊞⊤∈⊞⊞⊞⊞⊡⊞⊞⊤∈⊞⊞⊤⊥⋈⊤⊥⊞⊤∈⊡∈⊡⊞⊡⊞⊡⊞⊡⊞⊞⊞⊞⊞⊞⊞⊤∈⊞⊤∈⊞⊤∈⊞⊤∈⊞⊞⋈⊞⊞⋈⊣⊞≺⊞≺⊞⊤∈∋∋⋈⊤∈⊡∈⊡⊞⊞⊤∈⊞≺⊞⊤∈∋∋⊤∈∋⊞⊣⊡⊞⊞⊞⊤⊥⋈⊞⋈⊞⊣∋∋∋⊞∋⊞⊞⊞∈⊤∈∋⋈⊣⊞⊤∈∋⋈⊣
0xaba6150	⊢⋈⋈⊞⋈⋈⋈⋈⋈⊙⊞⋈⋈⊞⋈⊣
0xab8c9c8	⊢⋈⋈⋈⋈⋈⋈⋈⊤∈≻≺∋⊤∈⋈⋈≺∋⋈⋈⋈⋈⋈⋈⋈⊙
0xab8cb75	⊢⋈⋈⊞⊞
0xab8ca13	⊢⊤∈⋈⊞⊤∈⊞⊞⊞⊞⊡⊞⊞⊤∈⊞⊤∈⋈∈⋈⊤∈⋈∋⋈∈⊤∈⊤∈∋⊞⊡⊞⊞⊞⊤⊥⊞⊞≺⊡⊞⊞⊞⊤∈∋≺⋈⊡⊞⊡⊞⊡⊞⊡⊞⊞⊞⊞⊞⊞⊞⊤∈∋⊞⊤∈⊞⊤∈⊞⊤∈⊞⋈⊞⊞⊞⊞⊞≺⊞⊞≺⊞≺∋∋⋈⊞⊞≺⊞∋⋈⊞⊞⊞∈⊤∈⋈⊤⋈∈∋≺∋∋∋⋈≺∋∋∋⋈⊣
0xab8cd7c	⊢⋈⋈⋈⋈⋈⋈⋈⊤∈≻≺∋⊤∈⋈⋈≺∋⋈⋈⋈⋈⋈⋈⋈⊙
0xab8cffb	⊢⊤∈⊞⊣⋈⋈
0xab8cdc7	⊢⊤∈⊞⊣⋈⋈⋈⋈⋈⊞⊤∈⊞⊞⊞⊞⋈⊞⊞⊞∈⊞⊤⊥⊞⊞⊤∈∋⊤∈⋈⊤∈⋈⋈⋈⋈∈⊡⊞⊞⋈⊞⊞⊞⋈⊞⊞⊞⊞⋈⊞⊞⊞⋈⊞⊞⊞⊞⊡⊞⊞⋈⊞⊞⊞⋈⊞⊞⊞⊞⋈⊞⊞⊞⋈⊞⊞⊞⊡⊞⊞⋈⊞⊞⊞⋈⊞⊞⊞⊞⋈⊞⊞⊞⋈⊞⊞⊞⊞⊞⊡⊞⊞⋈⊞⊞⊞⋈⊞⊞⊞⊞⋈⊞⊞⊞⋈⊞⊞⊞⊞⊞⊤∈∋∋∋⋈⊤∈⋈∈⊡⊞⊞⋈⊞⊞⊞⋈⊞⊞⊞⊞⋈⊞⊞⊞⋈⊞⊞⋈⊞⊞⊤∈∋∋⊞⊤∈∈⊞⊤⊥⊞⊞⊤∈∋∋⊞⊞∈⊞⊤⊥⊞⊞⊤∈∋≺∋⋈⋈⋈⋈⊣
0xabcb950	⊢⋈⋈⋈⊣
0xab60fe0	⊢⋈⋈⋈⋈⋈⋈⋈⋈⋈⋈⋈⊞∈⊤∈⋈⊞⊤∈⋈⊞⊞⋈⊤∈⊤∈⋈≺⋈≺∋⊞∈⊞⊤∈⊤∈⋈≺⋈∈⊤∈⊤∈⋈⋈⋈⋈⋈⊞⋈⋈⋈⋈⋈⋈⋈⊙⋈⋈⋈⋈⋈≺∋⊞⋈⊤⊥⊤⊥⊞⊤∈⋈⊞⋈⊞⊤∈∋⊡⋈⊞⋈⊞⋈⋈⋈⋈⋈⋈⋈⊙⋈⋈⋈⋈≺∋∋⊤∈⋈∋∋⊞⋈⋈≻⋈∋⋈⋈≺∋∋∋⋈∋⊞⋈⋈⋈⋈⋈⋈⊣
0xab60ac0	⊢⋈⋈⊞⋈⋈⋈⋈⋈⋈⋈≻
0xab5f640	⊢⋈⋈⊞⋈⋈⋈⋈⋈⋈⋈⋈⋈⋈⋈≻
0xab5f6c0	⊢⋈⋈⊞⋈⋈⋈⋈⋈⋈⋈⋈⋈⋈⋈≻
0xab5f680	⊢⋈⋈⊞⋈⋈⋈⋈⋈⋈⋈⋈⋈⋈⋈≻
0xab611a0	⊢⋈⋈⊞⋈⋈⋈⋈⋈⋈⋈⋈⋈⋈⋈≻
0xab6ebb4	⊢⋈⋈⋈⋈⋈⋈⋈⋈⊤⊥⋈⊤⊥⊞∈⊤∈⋈⊤∈⊤∈⊤∈⋈⋈≺⊤∈⋈⊞⋈⋈≺∋∋⊤∈⋈⋈≺⊤∈⋈⊞⋈⋈≺∋∋⊤∈⊞⊙⊤∈≺∋⋈⊤∈⋈⊤∈⊤∈⋈⋈≺⊤∈⋈⊞⊞⋈⋈≺∋∋⊤∈⋈⋈≺⊤∈⋈⊞⊞⋈⋈≺∋∋⊤∈⊞⊙⊤≺⋈⊤∈⋈⊤∈⋈⊤∋⊥≺∋∋∋∋∋∋∋⊞∋∋⋈⋈⋈⊣
0xabcbc80	⊢⋈⋈⋈⊣
0xabcb900	⊢⋈⋈⋈⊣
0xabcbfc0	⊢⋈⋈⋈⋈⊞⋈⋈⋈⊞⋈⋈⊞⊙
0xab5bae4	⊢⋈⋈⋈⋈⋈⋈⊞⋈⋈⋈⊤∈⋈⋈⊤∈⊤∈⊤∈⊤∈∋⋈⋈⋈⋈⊞∈⋈⋈≺∋⊤∈⋈⊤∈⋈⊤∈⋈⋈⋈≻⊤∈⋈⋈≻⋈⋈⋈⋈⋈⋈⊞⋈⋈⋈⋈⊤∈⋈⋈⋈⋈⋈⋈⋈∈⋈⋈⊤∈⋈⋈⊙⊤∈⋈⋈≻⋈⋈⋈⋈⋈⊞⋈⊤∈⊞⋈⋈⋈⋈⋈⋈⋈≻⋈⋈⋈⊞∈⋈⋈⊤∈⋈≻∋⋈⋈⋈∋⊞⊤⊥≺∋⋈⊞⋈⋈⋈⋈⋈⊣⋈⋈⋈⋈⋈⋈⋈⋈⋈⋈⋈⋈⋈≻⋈⋈⋈⊤∈∋⋈⋈⋈⊤⋈∈⋈≻∋⋈⋈⋈⊤∈⋈⋈⊤∈⋈⋈⋈⋈≺∋⋈⊤∈∋⋈≺∋∋∋⋈⊞⋈⋈⋈⋈⋈⋈⊣⋈⋈⋈⋈⊙⋈⋈⊤∈∋⋈⊤∈⋈≺⋈≺∋⋈≺∋⋈⋈⋈⋈⋈⋈≻⋈⋈⋈≺∋⋈⋈⋈⊞∈⋈⋈⋈⋈≺⋈⊤∈⋈⊞⊞⋈⋈⋈≺∋∋⋈⊤∈⋈⋈⋈⋈≺⋈⋈⊤∈⋈⊞⊞⋈⋈⋈≺∋∋⊤⊥⊞⊤∈⊞∈⊤∈⊞⊤⊥⊞⋈⊤⋈∈∋⊥⊞≺∋∋⊤∈⋈⋈⋈⋈≺⋈⊤∈⋈⊤∈⋈≺⋈⊤∈⊤∈⋈≺⊤∈⋈⋈⊞⊥⊞⊤⊥⊞∈⊤∈⋈⊞⋈⋈⋈⋈≻⊤∈⋈⋈⋈≺∋⋈⋈⋈⊙⋈⊞∋⋈≺⋈⋈≺∋∋∋⋈⋈⋈⋈⋈⋈≻⋈⋈⋈⋈⋈⋈≺⋈⊞⊤⋈∈⊤∈⋈≺⋈⊤∈⋈⋈⊞⊥⊞⊤⊥⊞∈⊤∈⋈⊞⋈⋈⋈⋈≻⊤∈⋈⋈⋈≺∋⋈⋈⊙⊞∋⋈⋈≻∋⊤∈⋈⋈≺⊤∈⋈⋈⊞⊥⊞⊤⊥⊞∈⊤⋈∈⋈⊞⋈⋈⋈⋈≻⋈⊤∈⋈⋈≺∋⋈⋈⋈⋈⊙⋈⊞∋⋈⋈≻⋈⋈⋈⋈≺∋∋∋⋈⊞⋈⋈⋈⋈⋈⋈≻⋈⋈⋈⋈⋈⋈⋈⋈≺⋈≺∋∋∋⋈⊞⋈⋈⋈⋈≺⋈⋈⊞⊤⋈∈⊤∈⋈≺⋈⊤∈⋈⋈⊞⊥⊞⊤⊥⊞∈⊤∈⋈⊞⋈⋈⋈⋈≻⊤∈⋈⋈⋈≺∋⋈⋈⊙⊞∋⋈∋∈⋈≻∋⊤∈⋈≺⋈⊤∈⋈⋈⊞⊥⊞⊤⊥⊞∈∋⊤∈⋈⊞⋈⋈⋈⋈≻⊤∈⋈⋈≺∋⋈⋈⋈⊙⊞∋⋈≺∋⋈⋈≺∋∋∋⋈⋈⋈⋈⋈⋈≻⋈⋈⋈∋⋈⋈⋈≺∋∋⋈≻⋈⋈≺⋈≺∋∋∋⋈⋈⋈⋈≺∋∋∋⊞⋈⋈⋈⋈⋈⋈⊣
0xab7b697	⊢⋈⋈⋈⋈⋈⋈⊞⋈⋈⋈⊤∈⋈⋈⊤∈⊤∈⊤∈⊤∈∋⋈⋈⋈⋈≻⋈⋈⋈≺∋⋈⋈⋈⊞∈⋈⋈⋈⋈≺⋈⊤∈⋈⋈⋈≺⋈⊞⊤⋈∈⊤∈⋈≺⋈⊤∈⋈⋈⊞⊥⊞⊤⊥⊞∈⊤∈⋈⋈⋈⋈≻⊤∈⋈⋈⋈≺⊞∋⋈≺⋈⋈≺⋈≺⋈⋈⊞⊤⋈∈⊤∈⋈≺⋈⊤∈⋈⋈⊞⊥⊞⊤⊥⊞∈⊤∈⋈⊞⋈⋈⋈⋈≻⊤∈⋈⋈⋈≺∋⋈⋈⊙⊞∋⋈∈⋈≻∋⋈⊞⊞∋∋⋈⊤∈⋈⋈⋈⋈≺⋈⋈⊤∈⋈⊞⊞⋈⋈⋈≺∋∋⊤⊥⊞⊤∈⊞∈⊤∈⊞⊤⊥⊞⋈⊤⋈∈∋⊥⊞≺∋∋⊤∈⋈⋈⋈⋈≺⋈⊤∈⋈⊤∈⊤∈⋈≺⊤∈⋈⋈⊞⊥⊞⊤⊥⊞∈⊤⋈∈⋈⊞⋈⋈⋈≻⊤∈⋈⋈≺∋⋈⋈⋈⊙⋈⋈⊞∋⋈∋⋈≻∋⋈⊞∋⋈⋈⊙∋∋∋⋈⊞⋈⋈⋈⋈≺⋈⋈⋈≺∋∋∋⋈⊞⋈⋈⋈⋈⋈⋈≻⋈⋈⋈⋈⋈⋈⋈⊤∈⊤∈⋈≺⊤∈⋈⋈⊞⊥⊞⊤⊥⊞∈⊤∈⋈⋈⋈⋈⋈⋈≻⊤∈⋈⋈⋈≺∋⋈⋈⋈⊙⋈⊞∋⋈≺∋⋈⋈≺∋∋∋⋈⋈⋈⋈⋈⋈≻⋈⋈⋈⋈⋈⋈≺∋⋈∋≻⋈⋈≺⋈≺∋∋∋⋈⋈⋈⋈≺∋∋∋⊞⋈⋈⋈⋈⋈⋈⊣
0xab92aef	⊢⋈⋈⋈⋈⋈⋈⊞⋈⋈⋈⊤∈⋈⋈⊤∈⊤∈⊤∈⊤∈∋⋈⋈⋈⋈≻⋈⋈⋈≺∋⋈⋈⋈⊞∈⋈⋈⋈⋈≺⋈⊤∈⋈⋈⋈≺⋈⊞⊤⋈∈⊤∈⋈≺⋈⊤∈⋈⋈⊞⊥⊞⊤⊥⊞∈⊤∈⋈⋈⋈⋈≻⊤∈⋈⋈⋈≺⊞∋⋈≺⋈⋈≺⋈≺⋈⋈⊞⊤⋈∈⊤∈⋈≺⋈⊤∈⋈⋈⊞⊥⊞⊤⊥⊞∈⊤∈⋈⊞⋈⋈⋈⋈≻⊤∈⋈⋈⋈≺∋⋈⋈⊙⊞∋⋈∈⋈≻∋⋈⊞⊞∋∋⋈⊤∈⋈⋈⋈⋈≺⋈⋈⊤∈⋈⊞⊞⋈⋈⋈≺∋∋⊤⊥⊞⊤∈⊞∈⊤∈⊞⊤⊥⊞⋈⊤⋈∈∋⊥⊞≺∋∋⊤∈⋈⋈⋈⋈≺⋈⊤∈⋈⊤∈⊤∈⋈≺⊤∈⋈⋈⊞⊥⊞⊤⊥⊞∈⊤⋈∈⋈⊞⋈⋈⋈≻⊤∈⋈⋈≺∋⋈⋈⋈⊙⋈⋈⊞∋⋈∋⋈≻∋⋈⊞∋⋈⋈⊙∋∋∋⋈⊞⋈⋈⋈⋈≺⋈⋈⋈≺∋∋∋⋈⊞⋈⋈⋈⋈⋈⋈≻⋈⋈⋈⋈⋈⋈⋈⊤∈⊤∈⋈≺⊤∈⋈⋈⊞⊥⊞⊤⊥⊞∈⊤∈⋈⋈⋈⋈⋈⋈≻⊤∈⋈⋈⋈≺∋⋈⋈⋈⊙⋈⊞∋⋈≺∋⋈⋈≺∋∋∋⋈⋈⋈⋈⋈⋈≻⋈⋈⋈⋈⋈⋈≺∋⋈∋≻⋈⋈≺⋈≺∋∋∋⋈⋈⋈⋈≺∋∋∋⊞⋈⋈⋈⋈⋈⋈⊣
0xab6bc38	⊢⋈⋈⋈⋈⋈⋈⊞⋈⋈⋈⊤∈⋈⋈⊤∈⊤∈⊤∈⊤∈∋⋈⋈⋈⊞∈⋈⋈⋈⋈≺⋈⋈⊤∈⋈⋈⋈≺∋⋈⋈⋈⋈≻⋈⋈⋈≺⋈⊞⊤⋈∈⊤∈⋈≺⋈⊤∈⋈⋈⊞⊥⊞⊤⊥⊞∈⊤∈⋈⋈⋈⋈≻⊤∈⋈⋈⋈≺⊞∋⋈≺⋈⋈≺⋈≺⋈⋈⊞⊤⋈∈⊤∈⋈≺⋈⊤∈⋈⋈⊞⊥⊞⊤⊥⊞∈⊤∈⋈⊞⋈⋈⋈⋈≻⊤∈⋈⋈⋈≺∋⋈⋈⊙⊞∋⋈∈⋈≻∋⋈⊞⊞∋∋⋈⊤∈⋈⋈⋈⋈≺⋈⋈⊤∈⋈⊞⊞⋈⋈⋈≺∋∋⊤⊥⊞⊤∈⊞∈⊤∈⊞⊤⊥⊞⋈⊤⋈∈∋⊥⊞≺∋∋⊤∈⋈⋈⋈⋈≺⋈⊤∈⋈⊤∈⊤∈⋈≺⊤∈⋈⋈⊞⊥⊞⊤⊥⊞∈⊤∈⋈⋈⋈⋈≻⋈⊤∈⋈⋈≺∋⋈⋈⋈⊙⋈⊞∋∋⋈≻∋⋈⊞∋⋈⋈⊙∋∋∋⋈⋈⋈⋈⋈⋈≺∋∋∋⋈⋈⋈⋈⋈⋈≻⋈⋈⋈⋈⋈⋈⋈⊤∈⊤∈⋈≺⊤∈⋈⋈⊞⊥⊞⊤⊥⊞∈⊤∈⋈⋈⋈⋈⋈≻⊤∈⋈≺∋⋈⋈⋈⋈⊙⋈⋈⊞∋⋈≺∋⋈⋈⋈≺∋∋∋⋈⋈⋈⋈⋈⋈≻⋈⋈⋈⋈⋈⋈≺∋⋈∋≻⋈⋈≺⋈≺∋∋∋⋈⋈⋈≺∋⋈≺∋∋⊞⋈⋈⋈⋈⋈⋈⊣
0xab6ed1d	⊢⋈⋈⋈⋈⋈⋈⊞⋈⋈⋈⋈⋈⋈⊞∈⋈⋈≺∋⊤∈⋈⊤∈⊤∈⋈≺⋈⊤∈⋈⋈⋈≻⊤∈⋈⋈≻⋈⋈⋈⋈⋈⋈⊞⋈⋈⋈⋈⊞⊤⋈∈⊤∈⋈⋈⊤∈⋈⋈⊞⊥⋈⊤⊥⊞∈⊞≺⋈⋈≺⋈≺∋∋⋈∈⋈⊤∈⊤∈⋈≺⋈⊤∈⋈⋈⊞⊥⊞⊤⊥⊞∈⋈⋈⊤∈⋈⊞⋈⋈⋈⋈⋈≻⋈⊤∈⋈⋈⋈≺∋⋈⋈⊙⋈⋈⊞∋⋈∋∈⋈≻∋⋈⊤∈⋈⊞⋈⋈⋈⋈≻⋈⋈⊤∈∋⋈⋈≺∋⋈⋈⋈⊙⋈⋈≺∋⋈⋈≺⋈≺∋∋∋⋈⋈⋈⋈⋈⋈⋈⊞⋈⋈⋈⋈⋈⋈⊣⋈⋈⋈⋈⊙⋈⋈⋈≺⋈⊤∈∋⋈⊤∈⊤∈⋈≺⋈⊤∈⋈⋈⊞⊥⊞⊤⊥⊞∈⊞∈⋈⋈≻∋⊤∈⋈⊞⋈⋈⋈⋈≻⊤∈∋⋈⋈⋈≺∋⋈⋈⊙⋈⋈≺⋈≺∋∋∋⋈⋈⋈⋈⋈⋈≻⋈⋈⋈⋈≺∋∋∋⋈⋈⋈⋈⋈⋈≻⋈⋈⋈≺∋⋈⊞⋈⋈⋈⋈⋈⋈⊣
0xab6724f	⊢⋈⋈⋈⋈⋈⋈⊞⋈⋈⋈∈⊤∈⊞⋈⋈⋈≺⋈⊞⊤∈∋⋈⋈⊙⊤∈⋈⋈≻⊞⋈⋈⋈⋈⋈⋈⋈∈∈⊤∈⋈⋈⋈⋈∋⊞⋈⋈⋈⋈⋈⋈⊣⋈⊞⊤∈∋⋈⊤∈⋈⋈⋈⋈⋈≻⋈≺∋⊞⋈⊞⋈⋈⊞⋈≺∋
0xab9f4f2	⊢⋈⊞⊤∈⊤∈⊞⊣⊞⊞∈⊞⊤⊥⊞⊞⊤∈∋⊣
0xab5c398	⊢⋈⋈⋈⋈⋈⋈⊞⋈⊞⊤∈⋈⋈⋈⋈⊤∈⋈⋈⊙⊤∈⋈⋈≻⋈⋈⋈⋈⋈⋈⋈⋈⋈≻⋈⋈⋈⋈⋈⊤∈⋈⋈⊤∈⊤∈⊤∈⊤∈⋈⊤∈∋⊤∈≺≺∋⊞∋⊞≺⋈⊤∈⊤∈⊤∈⊞⋈⋈⊤∈∋⋈⊞⋈⋈≺∋⋈⊤⊥≺∋⊤⊥⊞⊞≺∋∋⊤∈⋈⊞⊞∈∋∋∋⋈⋈⊙⊤∈∋⋈⋈≻⋈⋈⋈⋈⋈⊤∈⋈⋈⋈⋈≻≺∋∋⋈⋈⊤∈⋈⋈⋈⋈≻∋⋈⊞⊥⊞⋈⊤∈⋈⋈⊙⊤∈∋⋈⋈≻⋈⋈⋈⋈⋈⋈⊞⋈⋈⋈⋈⋈≻⋈∈∈⋈⊞⋈∈⋈⊤∈⊤⋈∈⊞⋈⋈⋈≻∋⋈⋈⋈≻⊞⋈⋈⋈⋈⋈⋈⊣⋈⋈⊞⊤∈∋⊤∈⋈⋈⋈≻∋⊞⊞⊞⊞⊤∈⋈⋈⋈⋈⋈≻≺∋⋈⊞⊞⋈⋈⋈⋈⋈⋈⋈⋈⋈≻≺∋⋈⋈⋈⋈⋈⋈⋈⋈⋈≺⋈⋈⊤∈∋∋⊞⋈⊤∈⋈≻∋⋈⋈⋈⋈⊞≺∋∋∋⋈⊞⋈⋈⋈⋈⋈⋈⊣
0xab9f1fc	⊢⋈⋈⋈⋈⊞⋈⋈⋈⊞∈⋈⋈⋈⋈⊤∈⋈⋈⊞⊞⋈⊤⊥⊤∈⋈⋈⊞⊞⋈⊤⊥⊤∈⊞⊞∈⋈⊤∈⋈⊤∈⋈⊤∈⋈⊤∈∋∋⋈⋈⋈⋈⋈⋈⋈⋈⊞⊞⊞∈⋈⊤∈⋈≺⋈⊞⋈⋈⋈⋈⊞⊞⋈⊤⊥⊤∈⋈⋈⊞⊞⋈⊤⊥⊤∈∋∋∋⋈≻∋⋈⋈⋈≻⊞⊞⋈⊞⊞⊞⋈⊞∈∋≺⋈⋈⋈⋈⋈⋈⋈∋⋈⋈⋈≻⊤⋈∈⋈⋈⋈⋈⋈⊤∈⋈⊤∈⋈⊞⋈⊞⊤∈⋈⊞⊞⋈≺⋈⊞⊞⊞⊤∈⋈⊞⊞⋈⋈⋈⊞⊞⊞⊞⊞⊞≺⋈≺∋∋∋⊤∈∋⊤⊤∈∋∋≻⋈⋈⋈⋈⋈⋈⋈⋈⋈⋈⋈⋈⋈⋈⋈⋈≻⋈⋈⋈≺∋∋∋∋∋⊞⋈⋈⋈⊣
0xaba5df0	⊢⋈⋈⋈⋈⋈⋈⋈⊞⋈⋈⋈⋈⋈⋈⊙⊤∈⋈⋈≻⋈⊤∈⋈⊙∋⋈≺⊙⋈≻⋈⋈⋈⋈⋈⊞∈⋈⋈⊙⊤∈⋈⊙⋈⊤∈⋈⊤∈⋈⊙⋈⋈⋈⋈⋈⋈≻⋈⋈⊤∈∋⋈⊤⋈∈⋈⋈≻⊣⊙⋈⊤∈⊞⊞⊤∈⋈⊙∋⋈≺∋⋈⊞⊤∈⋈⋈⋈⋈⊤∈⋈⊙∋⊤∈⋈⊙∋⋈⊙⋈≺∋⋈⋈≺∋∋⋈⋈⋈⋈⋈⋈⋈⋈⋈⊙⊤∈⋈⋈⋈⋈⋈⋈⋈⋈⋈⋈⋈⋈⋈⋈⋈⋈⋈⋈⋈⋈⋈⋈⋈⋈⋈⋈⋈⋈⋈⋈⋈⋈⊙⊤∈⊤∈⋈⋈⋈⋈⊙⊤∈∋⊞⋈⊞⋈⊤∈≺∋⋈∋⋈⊞⋈⊤∈∋⋈⊙⋈∋∋⊞⋈⋈⋈⋈⋈⋈⊣⋈⋈⋈⋈⋈⋈≻⋈⋈≺∋
0xabcb2e0	⊢⋈⋈⋈⋈⋈⋈⋈⋈⋈⋈⋈⋈⋈⊤⋈⊥⊞⊞⊤⋈⊥⋈⊙⊞⋈⊤∈⋈⋈⊤∈⋈≻∋⋈⋈∋⊤⊥⊞⋈⋈⋈⋈⋈⋈⊣
0xabcb6b0	⊢⋈⋈⋈⋈⋈⋈⋈⋈⊤∈⋈⋈⋈⋈⋈≺∈∈⋈⋈⋈⊙⊤∈⊙⋈⊤∈⊞⊞⊤∈∋⊤∈⋈≺∋⋈⋈⊤∈⋈≻∋⋈⋈⋈⊞∈⋈⋈⋈⋈≻⋈⋈≻⊞⋈⊤∈∋∋∋⊞≺∋⊞⋈⋈⋈⋈⋈⋈⊣
0xaba068a	⊢⊡⊥⊞⋈⋈⊞⋈⊤∈⋈⋈⋈⋈⊙⋈⊣
0xab6d3b1	⊢⋈⋈⋈⋈⋈⋈⊞⋈⋈⋈⋈⋈⊤∈⋈⋈⊤∈⊤∈⋈⋈⊤∈⋈⋈⊞⊥⋈⊤⊥⊞∈⊞⋈⋈≺⋈≺∋∋⋈∈⋈⋈⊤∈⊤∈⋈⊤∈⋈⋈⊞⊥⊞⊤⊥⊞∈⋈⋈⋈⊤∈⋈⊞⋈⋈⋈⋈⋈≻⋈⊤∈⋈⋈⋈≺∋⋈⋈⊙⋈⋈⋈⊞∋⋈⋈≻∋⋈⊤∈⋈⋈⋈⋈⋈≻⋈⊤∈∋⋈≻∋⋈≺⋈⋈≺∋⋈⋈⋈⊙⋈⋈⋈≺∋⋈⋈≺⋈≺∋∋∋⋈⋈⋈⋈⋈⋈⋈⋈⋈⋈⋈⋈⋈⋈⋈⋈≺∋⊞⋈⋈⋈⋈⋈⋈⊣
0xab84ea4	⊢⋈⋈⊞⊤∈⋈⋈≺⊤∈⋈⊞⊞⋈⋈≺∋∋⊤∈⋈⋈≺⊤∈⋈⊞⊞⋈⋈≺∋∋⊤∈⊞⊣⋈⊞⋈⊙⊤⊥⊞⊣
0xab939e6	⊢⋈⋈⋈⋈⋈⋈⊞⋈⋈⋈⊤∈⋈⋈⊤∈⊤∈⊤∈⊤∈∋⋈⋈⋈⋈⋈⋈⋈≻≺∋⋈⊤∈⋈⋈≺⊤∈⋈⊞⋈⋈≺∋∋⊤∈⋈⋈≺⊤∈⋈⊞⋈⋈≺∋∋⊤⊥⊞⊤∈⊞∈⊤∈⊞⊤⊥⊞⋈⊤⋈∈∋⊥⊞≺∋∋⊤∈⋈⋈⋈⋈≺⋈⊤∈⋈⊞⋈⋈⋈⋈⋈⋈⋈⋈⋈≻⋈⋈⋈≺⋈⋈⋈⋈⋈⋈⋈≻∋⋈⋈⋈⋈⋈⋈⋈∋≻≺⋈⊤∈⊤∈⋈⋈⊤∈⋈⋈⊞⊥⋈⊤⊥⊞∈⊞∈⋈⋈≻∋⊤∈⋈⊞⋈⋈⋈⋈⋈≻⋈⊤∈∋⋈⋈⋈≺∋⋈⊙⋈≺⋈⋈≺⋈≺∋∋⋈∋⋈⊞⋈⋈⋈⋈⋈∋⊤∈⋈⋈⋈⊞⋈⋈⋈⋈⋈⋈≺⋈⋈⋈⋈≺∋∋⊞⋈⋈⋈⋈⋈⋈⊣
0xab70f76	⊢⋈⋈⋈⋈⋈⋈⊞⋈⋈⋈⊤∈⋈⋈⊤∈⊤∈⊤∈⊤∈∋⋈⊤∈⋈⋈≺⊤∈⋈⊞⋈⋈≺∋∋⊤∈⋈⋈≺⊤∈⋈⊞⋈⋈≺∋∋⊤⊥⊞⊤∈⊞∈⊤∈⊞⊤⊥⊞⋈⊤⋈∈∋⊥⊞≺∋∋⊤∈⋈⋈⋈⋈≺⋈⊤∈⋈⋈⋈⋈⋈⋈⋈⋈⋈≻⋈⋈⋈≺⋈⋈⋈⋈⋈⋈⋈≻∋⋈⋈⋈⋈⋈⋈⋈≻≺∋⋈⋈⋈⋈⋈⋈⋈∋≻≺⋈⊤∈⊤∈⋈⋈⊤∈⋈⋈⊞⊥⋈⊤⊥⊞∈⊞∈⋈⋈≻∋⊤∈⋈⊞⋈⋈⋈⋈⋈≻⋈⊤∈∋⋈⋈⋈≺∋⋈⊙⋈≺⋈⋈≺⋈≺∋∋⋈∋⋈⋈⋈⋈⋈∋⊤∈⋈⋈⋈⊞⋈⋈⋈⋈⋈⋈≺⋈⋈⋈⋈≺∋∋⊞⋈⋈⋈⋈⋈⋈⊣
0xab94e2b	⊢⋈⋈⋈⋈⋈⋈⋈⋈⋈⋈⊞∈⋈⋈≺∋⊤∈⋈⋈⊤∈⋈⊤∈⊤∈⋈⊞⊞⋈⋈≺∋∋⊤∈⋈⋈≺⊤∈⋈⊞⋈⋈≺∋∋⊤⋈⊥⊤∈⊞⊞∈⋈⊞⊞⋈⋈⊥⊤∈∋⊤∈⊤∈∈⋈⋈⋈≻∋⊤∈∋⊞⊞∈⊤∈⊤⋈∈∋≺∋⊞⋈⋈≺∋⊞∈⋈⋈⋈≻∋∋⋈⋈⋈≻⊤∈⋈⋈≺⊤∈⋈⊞⋈⋈≺∋∋⋈⊤⊥⊤∈⋈≻≺⊞⊞∈⋈⊞⊞⋈⋈⊥⊤∈∋⋈≻⊤∈⊤∈⋈⋈≺⊤∈⋈⊞⋈⋈≺∋∋⋈⊞∈∋⋈⋈⋈≻⋈⋈⋈⋈⋈⊞⊤∈⋈⋈≺⊤∈⋈⊞⋈⋈≺∋∋⊤∈⋈⋈≺⊤∈⋈⊞⊞⋈⋈≺∋∋⋈≻⋈⊤∈⋈⋈⊤∈⊞≺⊤∈⋈⊞⋈∈⊤∈⊞⋈⊞⊤⋈∈∋⊤∈∋⋈⋈≺∋∋∋⋈⊞⊤∈⊤∈⋈⋈⋈≻⋈⋈⋈⊤∈⊞⋈⋈⋈⋈⋈≺⋈⋈≻⋈⋈⋈≺⊤∈⊤∈⋈≺∋∋∋∋∋⋈⋈⋈⊣⋈⋈⋈≻∋∋∋⋈⊤∈⋈⋈⊤∈⊞≺⊤∈⋈⊞⋈∈⊤∈⊞⋈⊞⊤⋈∈∋⊤∈∋⋈⋈≺∋∋∋⋈⊞⊤∈⊤∈⋈⋈⋈≻⋈⋈⋈≺⊤∈⊞⋈⋈≻⋈⋈≻⋈⋈⋈≺⊤∈⊤∈⋈≺∋∋∋∋∋∋⋈⋈⋈⋈⋈⋈⋈⋈⋈⋈⋈⊣
0xab5ea00	⊢⋈⋈⋈⋈⋈⋈⋈⋈⋈⊤∈⋈⋈⋈⋈⋈⊙⋈⊤∈∋⊤⊥⋈⋈⋈⋈⋈⋈⋈⊙⋈⋈⋈⋈⋈⋈⊣
0xab5e770	⊢⋈⋈⋈⋈⋈⋈⋈⊞⋈⋈⋈⋈⋈⋈⋈⋈⋈⋈⋈⊞⊞⊞⋈≺∈⊤∈⊤∈⋈≺∈⋈⊞⋈⊤∈⋈⊞⊞⋈∈⊞⊡∈⊤∈⊞⊤∈∋⋈⊤∈⊡⋈⊞∋⋈⊞⊡∈⋈⋈⊞⋈⊞⊞⋈⊞⋈⊞⊞⊞⊞⊤∈⊞⊤∈∋≺∋∋⊤∈⋈≺⋈⋈⊞⊞⊞⋈⊡∈⊤∈⊞⊞⊤∈∋≺⊤∈⊞⊡∈⊤∈∋∋⋈⊞⊞⊤∈⊤∈∋⋈⊤∈∋⋈⊞⋈⋈≺⊞⊤∈∋≺∋∋⋈⋈∋⋈≺∋∋⋈⋈⋈⋈⋈⊤∈∋⊞≺∋⋈⋈⊤∈⋈⋈⋈⋈⊙⋈⊤∈∋⊤∈⊤⊥⊞≺∋⊞⊞⋈⋈⋈⋈⋈⋈⊙⋈⊤⋈⋈⋈⋈∈∋∋⋈∋⊞⋈⋈⋈⋈⋈⋈⊣
0xabcba90	⊢⊞⊤∈⋈⋈⋈⋈⋈⋈⊙⋈⋈⋈⋈⋈⋈≺
0xab5dea0	⊢⋈⋈⋈⋈⋈⋈≺⋈⋈⋈⋈⋈⋈⋈⊞⋈⋈⋈⋈⋈⋈⋈⊙⋈⊤∈⊤∈⊞⊞≺⋈⋈⊞⊞⋈⋈⋈⋈∈⋈⊞⊡∈⋈⋈⊤∈⊤∈⊤∈∋∋⋈⊞⋈⊤∈⊞⋈⊞⋈⊞⊤∈⊞⊞⊞⋈≺⋈⊞⊞⊞⊤∈⊞⊞⊞⋈⊡⋈⊞⊞⊞⊞⊞⊞⊞⊤∈⋈⋈⋈≺⊞⊞≺∋∋∋⋈⋈⋈⋈⋈≻⋈⋈⋈⊞⊤∈⋈⋈⋈⊞⋈∈⊤∈⊤∈∈⋈⊤∈∋∋⊤∈⊤∈∈⋈⊤∈∋∋⊞⋈⋈⋈⊙⊤∈⊤∈⊞⋈⊞⋈⋈⊙⋈⋈⊙≺∋⊤∈∋⋈≺⋈⊤∈⋈⊤∈⊤⋈⊞∋∋⋈⊞≺≺∋∋∋∋⋈⋈⋈⋈≻⋈⋈≺∋⋈⋈⋈⊤∈⋈⊤∈⊤⋈⊞∋∋⊞⋈∋⊞⋈∈∋≺⊞⊤∈∋≺⊞∋⊤∈∋⋈≺⊤⋈⋈⋈∈⊞⊤∈⊤∈⋈∈⊤⋈∈∋⊤∈∋⊞≺∋⊤∈∈⊤∈∋⋈⋈≺∋∋∋⊞⊞⋈⋈⋈⋈⊙⊤∈⋈⋈⊙⋈∋∋∋⋈⊞⋈⋈⋈⋈⋈⋈⊣≺∋∋∋⋈⋈⋈≻
0xabb7e70	⊢⋈⋈⋈⋈⋈⋈⋈⋈⋈⊞⊙
0xabc8680	⊢⋈⋈⋈⋈⋈⋈⊞⊤⊥⋈⋈⊤⊥⊤∈⋈⊤∈⊤∈⊤∈⋈⋈⋈⊞⊙⊤∈⋈⊤∈∋⊞⋈⋈⊙⊤⊥≺∋∋∋∋⋈⋈⋈⊣
0xaba1853	⊢⋈⋈⋈⊞⊙
0xab5c745	⊢⋈⋈⋈⋈⋈⋈⋈⋈⋈⋈≻⊤∈⋈⋈≻⋈⋈⋈⋈⋈⋈⊞∈⋈⊤∈⊤∈⋈≻∋⋈⋈⋈⋈⊤∈⋈⋈⋈≺⋈⋈≺∋⊡∈⋈⊞⋈⋈∈⊤∈⋈⋈⊤∈⋈⊤∈⋈≻∋⋈⋈⊞⋈≺⊤∈⋈⋈⋈⋈⊙⊤∈⋈⋈≻⋈⊡⋈⊤∈⊞≺⋈⊞⊤⋈⊥⊤∈⊞⊞⋈⋈≺∋⋈⊞⊤∈⋈⋈⊞⊞⊞∋⊤∈⋈⊞⋈⊞⊞∋⋈⊞⊞⋈⊤∈⋈⊞⋈⋈⊞⋈⊞⊞⊞⊞⊞⊞⊞⊞⊞⊞⊞⋈⊞⊞⋈⋈⊞⋈∋⊞⋈⊞⊞⊤∈⋈⋈⋈⋈∈⋈⊞⊞⊞⊞⊞⊞⊞⊞⊞⊞⊞⊞⊞⊞⊞⊞⊞⊤∈∋⋈⋈⋈⋈∋⊤∈⊞⊞⋈⋈≺∋⋈⊞⊤∈⋈⋈⋈⊞⊞⊞∋⊤∈⊞⋈⊞⋈⊞⊞∋⋈⊞≺∋⋈⋈⊣⋈⋈⋈⋈⋈≺∋⋈≺⊞⊡⋈⊥∈∋≺∋∋∋∋∋⋈⋈⋈⊣⋈⋈⋈⋈⊙⋈⋈⋈⊞⋈⋈⋈⋈⊣
0xab67565	⊢⋈⋈⋈⋈⋈⋈⋈⋈⋈⋈≻⊤∈⋈⋈≻⋈⋈⋈⋈⊙⋈⋈⋈⊞⋈⋈⋈⋈⊣
0xab721f9	⊢⋈⋈⋈⋈⋈⋈⊞⋈⋈⋈⋈⊤∈⋈⊤∈⊤∈⊤∈⊤∈∋⋈⋈⋈⋈⋈⋈⋈⋈⋈⊤⋈⋈⊥⋈⊤⊥⊤∈⋈⋈⋈⋈⋈⋈⋈≻⋈⋈⋈⋈⋈⋈⋈⋈⋈⋈⋈⋈⋈⋈≻⋈⋈⋈⋈≺∋⊤∈⋈⋈⋈⋈≻∋⋈⋈≺∋⋈⊤∈⋈⋈≺⊤∈⋈⊞⋈⋈≺∋∋⋈⊤∈⋈⋈⋈≺⋈⊤∈⋈⊞⋈⋈≺∋∋⊤⊥⊞⊤∈⊞∈⊤∈⊞⊤⊥⊞⋈⊤⋈∈∋⊥⊞≺∋∋⊤∈⋈⋈⋈⋈⊤∈⋈⋈≻≺⋈⊤∈⋈⊞⋈⋈⋈⋈⋈⋈⋈⋈⋈⋈⋈⋈⋈≻⋈⋈⋈⋈⋈⊤∈⋈⋈⋈≻∋⋈⋈⋈⋈⋈⋈⋈⋈⋈⋈⋈⋈⋈≻⋈⋈⋈⋈⋈⊤∈⋈⋈⋈≻∋⋈≺∋⋈∋⋈≻⋈⊞⋈⋈⋈⋈⋈⋈⋈⋈⋈⋈∋∋⊤∈⋈⋈⋈⋈⋈⋈⋈⋈⋈⊤∈∋∋⊞⋈⋈⋈⋈⋈⋈⊣⋈⋈⋈≺∋⊞⋈⋈⋈⋈⋈⋈≺
0xab93665	⊢⋈⋈⋈⋈⋈⋈⊞⋈⋈⋈⋈⊤∈⋈⊤∈⊤∈⊤∈⊤∈∋⋈⋈⋈⋈⋈⋈⋈⋈⋈⊤⋈⋈⊥⋈⊤⊥⊤∈⋈⋈⋈⋈⋈⋈⋈≻⋈⋈⋈⋈⊤∈⋈⋈⋈⋈⋈⋈⋈⋈⋈≻⋈⋈⋈⋈⊤∈⋈≺∋⋈⋈⋈⋈≻∋∋⋈⋈≺∋⋈⊤∈⋈⋈≺⊤∈⋈⊞⋈⋈≺∋∋⋈⊤∈⋈⋈⋈≺⋈⊤∈⋈⊞⋈⋈≺∋∋⊤⊥⊞⊤∈⊞∈⊤∈⊞⊤⊥⊞⋈⊤⋈∈∋⊥⊞≺∋∋⊤∈⋈⋈⋈⋈⊤∈⋈⋈≻≺⋈⊤∈⋈⊞⋈⋈⋈⋈⋈⋈⋈⋈⋈⋈⋈⋈⋈≻⋈⋈⋈⋈⋈⊤∈⋈⋈⋈≻∋⋈⋈⋈⋈⋈⋈⋈⋈⋈⋈⋈⋈⋈≻⋈⋈⋈⋈⋈⊤∈⋈⋈⋈≻∋⋈≺∋⋈∋⋈≻⋈⊞⋈⋈⋈⋈⋈⋈⋈⋈⋈⋈∋∋⊤∈⋈⋈⋈⋈⋈⋈⋈⋈⋈⊤∈∋∋⊞⋈⋈⋈⋈⋈⋈⊣⋈⋈⋈≺∋⊞⋈⋈⋈⋈⋈⋈≺
0xab727d1	⊢⋈⋈⋈⋈⋈⋈⊞⋈⋈⋈⋈⊤∈⋈⊤∈⊤∈⊤∈⊤∈∋⋈⊤∈⋈⋈≺⊤∈⋈⊞⋈⋈≺∋∋⋈⊤∈⋈⋈⋈≺⋈⊤∈⋈⊞⋈⋈≺∋∋⊤⊥⊞⊤∈⊞∈⊤∈⊞⊤⊥⊞⋈⊤⋈∈∋⊥⊞≺∋∋⊤∈⋈⋈⋈⋈⊤∈⋈⋈≻≺⋈⊤∈⋈⋈⋈⋈⋈⋈⋈⋈⋈⋈⋈⋈≻⋈⋈⋈⋈⋈⊤∈⋈⋈⋈≻∋⋈⋈⋈⋈⋈⋈⋈⋈⋈⋈⋈⋈⋈≻⋈⋈⋈⋈⋈⊤∈⋈⋈⋈≻∋⋈≺∋⋈∋⋈⋈⋈⋈⋈⋈⋈⋈⋈⊤⋈⋈⊥⋈⊤⊥⊤∈⋈⋈⋈⋈⋈⋈⋈≻⋈⋈⋈⋈⋈⋈⋈⋈⋈⋈⋈⋈⋈⋈≻⋈⋈⋈⋈≺∋⊤∈⋈⋈⋈⋈≻∋⋈⋈≺∋⋈≻⋈⋈⋈⋈⋈∋∋⊤∈⋈⋈⋈⋈⋈⋈⋈⋈⋈⊤∈∋∋⊞⋈⋈⋈⋈⋈⋈⊣⋈⋈⋈≺∋⊞⋈⋈⋈⋈⋈⋈≺
0xab93180	⊢⋈⋈⋈⋈⋈⋈⊞⋈⋈⋈⋈⊤∈⋈⊤∈⊤∈⊤∈⊤∈∋⋈⊤∈⋈⋈≺⊤∈⋈⊞⋈⋈≺∋∋⋈⊤∈⋈⋈⋈≺⋈⊤∈⋈⊞⋈⋈≺∋∋⊤⊥⊞⊤∈⊞∈⊤∈⊞⊤⊥⊞⋈⊤⋈∈∋⊥⊞≺∋∋⊤∈⋈⋈⋈⋈⊤∈⋈⋈≻≺⋈⊤∈⋈⋈⋈⋈⋈⋈⋈⋈⋈⋈⋈⋈≻⋈⋈⋈⋈⋈⊤∈⋈⋈⋈≻∋⋈⋈⋈⋈⋈⋈⋈⋈⋈⋈⋈⋈⋈≻⋈⋈⋈⋈⋈⊤∈⋈⋈⋈≻∋⋈≺∋⋈∋⋈⋈⋈⋈⋈⋈⋈⋈⋈⊤⋈⋈⊥⋈⊤⊥⊤∈⋈⋈⋈⋈⋈⋈⋈≻⋈⋈⋈⋈⊤∈⋈⋈⋈⋈⋈⋈⋈⋈⋈≻⋈⋈⋈⋈⊤∈⋈≺∋⋈⋈⋈⋈≻∋∋⋈⋈≺∋⋈≻⋈⋈⋈⋈⋈∋∋⊤∈⋈⋈⋈⋈⋈⋈⋈⋈⋈⊤∈∋∋⊞⋈⋈⋈⋈⋈⋈⊣⋈⋈⋈≺∋⊞⋈⋈⋈⋈⋈⋈≺
0xab71bf0	⊢⋈⋈⋈⋈⋈⋈⊞⊤∈⋈⋈≻⋈⊞⋈⊤∈⊤∈∋⋈⋈≻⋈⋈⋈≺∋⊞⋈⋈⊣
0xabcbe90	⊢⋈⋈⊣
0xabcbea0	⊢⋈⋈⊣
0xabcbe50	⊢⋈⋈⋈⋈⋈⋈⋈⊙⊤∈⋈⋈≻⋈⋈⋈⋈⋈⋈⊣
0xab5e110	⊢⋈⋈⋈⋈⊙
0xabcc3d0	⊢⋈⋈⋈⋈⊙
0xab9a83f	⊢⋈≺⋈⋈⋈⋈⋈⋈⊞⋈⋈⋈⋈⊞∈⊤∈⋈⊤∈⋈⋈⊞⊤∈⋈⊞⋈⋈⊡⊞⊞⊤∈∋⋈⋈⊙⊤∈⋈⋈⋈≺⊤∈∋⋈⋈⊙⊤∈∋⋈⋈≻⋈⋈⊞⋈≺⋈⊡⊞⋈⋈≺∋⋈⊞⊞⊡⊡⋈⋈⋈⊞≺∋⊡⊙⋈⋈⊞⋈⊡⋈⊞⊞⊞⋈⋈⊥⋈⊥⊤∈∈⋈∈⋈≻∋∈⋈⊞⋈⋈⋈≻⊤∈∋⋈≺∋⋈⋈⋈⋈⋈⋈⊤∈⊤∈⊞⋈⋈⋈∈⋈⋈⊙⊤∈⋈⋈⋈⋈⋈⋈⋈⋈⋈⋈⋈⋈⋈⊞⊞⊞⋈⋈⋈⋈∈⋈⊤∈⋈⋈≺∋⋈⊤∈⋈⋈⋈⋈⋈⋈⋈⋈⋈⋈⋈⋈≻⋈⋈⋈⊤⊥⊤⊥⊞∈⋈⊞⊞∈⊤∈⋈⊞∈⊤⋈∈∋∋∋⊞∋⋈⊤∈⋈∈⋈⋈⊤∈⋈⋈⋈≻∋⊞⊞∈∋∋⋈⋈⋈⋈≻≺⋈⋈≻⋈⊤∈⋈≻⋈∋⊞⋈⋈⋈⋈⋈⋈⊤∈⊞⋈⋈⊞⋈⋈⊞⊞⋈⊞⊤∈∋∋⋈≻∋⊤∈⋈⋈⋈⋈⊞⊤∈⋈⋈⊞⊥⋈⊞⊤⊥⊞∈⊤∈⋈⋈⋈⋈⋈⋈⋈≻⊤∈⋈⋈≺∋⋈⋈⋈⊙⊤⋈∈⊞⋈⋈∈⊤∈⊤∈⋈⊞⋈≺⋈⋈⋈⋈⋈⋈≻⋈⋈⋈⋈⋈⋈⋈∈⋈⊞⋈⊤∈⋈⋈≻⋈⋈≺∋⊞⋈⋈⊞⋈⊞⋈⋈⊞∈∋≺⋈⋈⊤⋈⋈∈∋≺∋⊤∈∋∋∋⋈⊞⊞≻∋⋈⋈≻⋈⋈≺∋∋⊤∈⋈∈⋈⊞⋈⊤∈⋈⋈≻⋈≺∋⊞⋈⋈⋈⊞⋈⋈⊞⋈⊤⋈∈∋≺∋⊤∈⋈⋈⋈⋈≻∋⋈⋈∋⋈⊤∈⋈∋⋈∈⋈⋈⋈⊞⊤⋈⋈⊥⋈⊞⊤∈∋⊤∈⋈⊞⊞⋈⊞⊞⋈∈⋈⋈⋈⋈⊞⊞⊤∈∋∋∋∋⋈⋈⋈⊞⋈⋈≻⋈⋈⋈≻⋈⊞⋈⋈⋈⋈⋈⋈⊣⋈⋈≺∋⊞∋⋈≺∋
0xaba065b	⊢⋈⋈⋈⋈⋈⋈⊞⋈⋈⋈⋈⊙
0xabc7d70	⊢⋈⋈⋈⋈⋈⋈⋈⊞⋈⋈⋈⋈⋈⋈⋈⋈⊙⋈⊤∈⋈⋈⋈⋈⋈∈≻⋈⋈⊤∈⋈⋈⊙⋈≺⋈⋈⋈⋈⋈⊤∈⊞⋈⋈⊞⋈⊞⊞⋈≺∈⋈⋈⊤⋈∈⋈⊞⋈⊞⊤∈⋈⋈⊞⊞≺⋈⊞⊞⊞⊤∈⋈⋈⊞⊞⊡⋈⋈⋈⊞⊞⊞⊞⊞⊞≺⋈⋈⋈≺∋∋∋⋈⋈⋈≻⋈⊞⊤∈⋈⊞∈⊤∈⊤∈∈⋈⊤∈∋∋⊤∈⊤∈∈⋈⊤∈∋∋⊞⋈⋈⊙⊤∈⋈⋈⋈⋈⊤∈∈⊤∈⋈⊞⋈⊙⊤∈∋≺⋈⊞⊡∈⊞⊤∈∋⋈⋈⊤∈⋈⊤∈⊤⋈⊞≺∋∋⊞⋈⋈∋⋈⊞⋈⊞⋈⊤∈∋⊤∈⊞⋈≺⋈⊤∈⋈∈⋈⊤∈∋⋈⋈⋈⋈≻⋈≺∋∋∋⋈⊞⊞⋈⋈⊙⊤⋈∈⊤∈⊞⊞∈⋈⋈⋈⋈⋈⋈⋈⋈⋈≻⊤∈⊞⊤∈∋∋⋈⋈≺∋⋈⋈⊙⊤∈∋≺∋∋∋∋∋⋈∋∋⋈⊞⋈⋈⋈⋈⋈⋈⊣≺≺∋∋∋∋⋈⋈⋈⋈⋈≻
0xab9f665	⊢⋈⋈⋈⋈⋈⋈≺
0xabcc3e0	⊢⋈⋈⋈⋈⋈⋈≺
0xabcb9a0	⊢⋈⋈⋈⋈⊞⋈⋈⋈⊞⊥⋈≻⋈⊞⋈⊞⊞⊞⋈⋈⋈⊞≻⊞⋈⋈⋈⊣
0xab5ede0	⊢⋈⋈⋈⊞⋈⋈⋈⋈⊤∈⋈⋈⋈∈⋈⋈⊞⊞⋈⋈⋈⊤⋈∈∋≺⊤∈⋈⋈⋈⊡∈⋈⋈⊞⊞⋈⋈⋈⊤⋈∈∋∋⊞⋈⊞⋈⊞⋈⋈⋈⋈⋈≻⋈⊞⋈⊞⋈⋈⋈⊞≺∋≻⊞⋈⋈⊣
0xab9f523	⊢⋈⋈⋈⋈⋈⋈⋈⊞⋈⋈⋈⋈⋈⋈⋈⊙⊤∈⊞∈⊤⋈∈⊤∈⋈⋈⊤∈⋈⋈⋈⊙⋈⋈⊤∈∋⋈⋈⋈⋈⋈⋈⋈⋈⋈⋈⋈⋈⋈≻⊤∈⋈⋈⋈⋈⊙⋈≺⊤∈⋈⋈⋈⋈⊙⋈⋈⊤∈∋⋈⋈≻≺∋∋∋∋∋⊞⋈⊞∈∋∋⋈⊤∈⋈⋈⋈⋈⊙⋈∋⋈⊞⋈⋈⋈⋈⋈⋈⊣
0xaba06b6	⊢⋈⋈⋈⋈⋈⋈⋈⊞⋈⋈⋈⊤∈⋈⋈⋈⋈⊞⋈⋈⋈⋈≻⋈⋈⋈⊞⋈⋈∈⋈⋈⊤⊥∈⋈⊤∈⋈⋈⋈⋈⊞⋈∈⊤∈⋈⊞⋈⋈⊞⊤∈⊞⊞⋈≺⋈⊞⊞⊞⊤∈⊞⊞⋈⋈⊞⊞⊞⊞⊞⊞⊤∈≺⋈≺∋∋∋⋈⊞⊤∈⋈⊞∈⊤∈⋈⋈⋈⊞≻⊤∈⊤∈⊤∈⊞⊤⋈∈∋⊞⊞∈⊤∈⋈⊞⊤∈⋈⋈⊞⋈⊥⊞⊥⋈⊤∈⊞⊤∈∋≺⋈⊤∈⋈⊤∈≺∋∋⊞⊞∈⋈⊞⊤∈⋈⋈⋈⊞⊤∈∋∋⊤∈⊤∈∈⊤∈∋∋⋈⊤∈⋈⋈⊞∈⊤∈⊤∈⊤∈⊤∈⋈≺∋⋈∈⊤∈⋈⊤∈⋈⊞⋈⊞⊤∈⊞⊞⊞⋈≺⋈⊞⊞⊞⊤∈⊞⊞⊞⋈⋈⊞⊞⊞⊞⊞⊞⊤∈∋∋⊞≺⊞≺⊞≺∋∋∋⋈⊞⊞⋈⊤⊥⊤∈∋∋∋∋∋⊤∈⋈⋈⋈⋈⊙⊤∈∋⊤∈⊤∈⊤∈⋈∋⋈⋈≺⊞⋈≺∋⋈∋⊞⋈∈∈∈⋈⋈⊤∈⋈⊤∈⊤∈⊤∈⋈≺∋⋈⋈⋈⊞∈⋈⊞⋈⊤∈⋈⋈≻≺⊞⊤∈∈⊤∈⋈⊞⊤∈∋⋈∋⊞≺∋∋⊤∈⋈⊤∈⊤∈⋈⊤∈⊞⋈⋈⋈⋈≻⋈⋈⊞⋈∈⊤∈⋈⋈⋈⋈⋈≻∋⊞⊤⋈∈⋈⊤∈⊤∈⊤∈⊤⋈∈⊤⋈∈⊤⋈∈⊤⋈∈⊤⋈∈⊤⋈∈⊤⋈∈≺∋∋∋∋∋∋∋⋈⋈⋈⊙≺⊤∈∋⊤∈⊤∈∋⊞⋈⋈⋈∈⊞⊤∈⋈⊤∈⋈⊞⋈⊞⊤∈⊞⊞⊞⋈≺⋈⊞⊞⊞⊤∈⊞⊞⊞⋈⋈⊞⊞⊞⊞⊞⊞⊤∈∋⊞⊞≺⊞≺∋∋∋⋈⊤⊥⊞⊤⊥⊞⊤∈∋⋈≺∋⋈⊤∈⊤∈⊤∈⊤∈⋈⊞⊤⋈∈∋⊞⊞∈⊤∈⋈⋈⊞⊞⋈⊤⊥⊤∈⊞⊞⊞⋈⊤∈≺∋⋈⊤∈⋈⊤∈∋∋⊞⊞∈⋈⋈⊞⊞⋈⊤⊥⊤∈∋∋⊞⊞⊞⊞⊤∈∋∋⊞≺≺∋∋∋∋⋈⊞⊞⊤⋈⊥⊤⊥⊤⊥⊞∈⋈⊤∈⊞⊤∈⋈⋈⋈≻∋⊤⋈∈∋≺≺∋⋈⋈⋈⋈≻⋈⋈⋈⋈⋈⊙∋⊞⊞⊤∈∋≺⊤∈∋⋈⋈⊞⋈∈⊤∈∋∋∋∋∋∋∋∋⋈⋈⋈⋈⋈⊙⊤⋈⋈∈∋≺⋈⋈⊤∈⋈⊞⋈⊞⊤∈⋈⊞⊞≺⋈⊞⊞⊞⊤∈⋈⊞⊞⋈⋈⊞⊞⊞⊞⊞⊞≺⋈⋈≺∋∋∋⊤∈⋈⊞⊞⋈⊤∈∋∋⊤∈⋈⋈⋈⋈⊞⊙⋈≺⊤⋈∈∈⊤∈⋈⋈⋈⋈⋈⊙∋⊤∈⊤∈∋∋⋈⋈⋈⊞⋈⋈⋈⋈⊙⊤∈⊤∈∋⋈⊞⊞⋈≺∋≺⋈⋈⋈⋈⋈≻⊤∈⋈⊤∈∋⋈≺⊤∈⋈⊞⋈⊞⊤∈⊞⊞⋈≺⋈⊞⊞⊞⊤∈⊞⊞⋈⋈⊞⊞⊞⊞⊞⊞≺∋∋∋⋈⋈⋈⊤∈⋈⋈⊙⊤∈⊤∈⋈∋∋⋈⋈⋈⊙⊤∈⊤∈⊤∈∋⋈⋈≺∋⋈∋⋈≺∋⋈≻∋⊞⊞≺⋈⋈⋈⋈⊙⊤∈∋∋∋∋∋∋∋∋⋈≺∋∋⊞⋈⋈⋈⋈⋈⋈⊣≺∋⊞⊞∋⋈⋈≺∋≺∋∋⋈⋈⋈⋈≺⊤∈∋∋⋈≻∋∋⋈⋈⊤∈∈⋈⋈⋈⋈∋⋈≻∋⊞≺∋∋∋∋∋⋈⋈⋈⋈⋈⋈≻∋⊞⊞≺∋
0xaba5b00	⊢⋈⋈⊞⋈⋈⋈⋈⋈⋈⊞⋈⋈⋈⋈⋈⋈⋈⋈⋈⋈⋈≻⊞⋈⊣
0xab8c51b	⊢⊤⋈∈⋈⋈⋈⋈⊙⋈⋈⊞⋈⊤∈⋈⊞⊞⋈⊞⊤∈⊞⊞⋈⊞⊤∈⊞⊞⊞⊞⋈⋈⋈⋈⋈⊞⋈⋈⋈⋈≺⊞⋈⋈⋈≺⋈⋈≺∋∋∋⋈⋈⋈≻⊞⋈⊣
0xab5e0d0	⊢⋈⋈⋈⋈≺
0xaba129a	⊢⋈⋈⋈⋈≺
0xabab6e0	⊢⋈⋈⋈⋈⋈⋈⋈⊞⋈⋈⊤∈⊤∈⋈⋈⋈⋈⋈⋈⋈⋈⊙⋈⋈⊤∈≺⋈⋈⋈⊤⋈⋈⋈⋈⋈∈⋈⋈⋈⋈⋈⋈⋈⋈⋈⋈≺∋⋈⋈≻⊤∈⊤∈⋈⋈⋈⋈⋈⊙∋⊤∈⋈⋈⋈⋈∋⋈⋈⋈⊙≺⋈⊤∈⋈⊞∈⋈⋈⋈≻⊤∈⋈⋈⋈≻⊤∈⋈⋈⋈⋈⋈⋈≻⊤∈∋∋⋈≺⊤∈⊞⊤∈⋈⋈⋈⋈≻∋⋈⋈⋈⋈⋈≻⊞⊞∈∋≺∋∋∋⊞∋∋∋⊞⋈⋈⋈⋈⋈⋈⊣
0xab69199	⊢⋈⊡⋈⊤∈⊞≺⋈⊞⊤⋈⊥⊤∈⊞⊞⋈⋈≺∋⋈⊞⊤∈⋈⋈⊞⊞⊞∋⊤∈⋈⊞⋈⊞⊞∋⋈⊞⊞⋈⊤∈⋈⊞⋈⋈⊞⋈⊞⊞⊞⊞⊞⊞⊞⊞⊞⊞⊞⋈⊞⊞⋈⋈⊞⋈∋⊞⋈⊞⊞⊤∈⋈⋈⋈⋈∈⋈⊞⊞⊞⊞⊞⊞⊞⊞⊞⊞⊞⊞⊞⊞⊞⊞⊞⊤∈∋⋈⋈⋈⋈∋⊤∈⊞⊞⋈⋈≺∋⋈⊞⊤∈⋈⋈⋈⊞⊞⊞∋⊤∈⊞⋈⊞⋈⊞⊞∋⋈⊞≺∋⋈⋈⊣
0xab97aa0	⊢⋈⋈⋈⊞⋈⋈⊞⊤∈⋈⋈≺⊤∈⋈⊞⋈⋈≺∋∋⋈⋈⋈≻⋈⊤∈⋈⋈⊤∈⊞≺⊤∈⋈⊞⋈∈⊤∈⊞⋈⊞⊤⋈∈∋⊤∈∋⋈⋈≺∋∋∋⋈⊞⊤∈⊤∈⋈⋈⋈≻⋈⋈⋈≺⊤∈⊞⋈⋈≻⋈⋈≻⋈⋈⋈≺⊤∈⊤∈⋈≺∋∋∋∋∋∋⊞⋈⋈⋈⊣
0xab8c362	⊢⋈⋈⋈⋈⋈⋈⋈⋈⊞⋈⋈⊞⊤∈⋈⋈⋈⋈⋈≻⋈≺∋⋈⊞⋈⋈⊙⊞⋈⊞⋈⋈⋈⋈⊣
0xab62b70	⊢⋈⊤∈⋈⊣⋈⋈⋈⊞⋈⋈≺∈⋈⋈⊤∈⋈⊤∈⋈⊤⊥⋈⊤∈⊞⊤∈≺⊤∈⊞⊤∈⊤∈⊤∈∋∋⋈⊤⋈⊥⊤∈⋈⊤⋈⊥⊤∈⊞≺⊤∈⋈⊤⊥⋈⊤∈⊞⊤∈≺⊤∈⋈⊤∈⊞⊤∈∋⊤∈⊤∈∋∋⋈⊤⋈⊥⊤∈⊞≺≺⊤∈⋈⊤⊥⊤∈⊞≺∋∋⋈∋⋈⊤∈∋∋∋∋∋∋∋∋∋∋∋∋∋∋⋈⊞⋈⋈⊞⋈⊞⋈⋈⋈⋈⋈⊣
0xabcbe30	⊢⋈⋈⋈⋈⋈⋈⊙
0xabc8260	⊢⋈⋈⋈⋈⋈⋈⋈⊞⋈⋈⋈⋈⋈⋈⋈⊙⋈⊤∈⊤∈⋈⋈⋈⊙⊤∈⋈⋈⋈⋈⋈⋈⋈⋈⋈⋈⋈⋈⋈⋈≻⊤∈⋈⋈⋈≻⊤∈⋈⋈⋈⊙⊤∈⋈⋈⋈≻⊤∈≺∋⋈⋈⋈⊙⋈≺∋∋∋∋∋∋⋈⊞⋈⋈⋈⋈⋈⋈⊣
0xab77956	⊢⋈⋈⋈⊤⋈⊥⊤∈⋈⋈⋈≺⊤∈⋈⋈⋈∋⋈⊙⊞⋈⋈⋈⋈⋈⋈⋈⋈⋈⋈≻⊞⊣
0xaba17fa	⊢⊤∈⊞⋈⋈⋈⊞⋈⋈⋈⋈⋈⋈⋈⋈⋈⋈≻⊞⊣
0xaba1714	⊢⋈⋈⋈⊞⋈⋈⊞⋈⋈⋈⋈⋈⋈⋈⋈⋈⋈≻⊤∈⋈⋈⋈⋈⋈≻⋈⋈⋈⋈⋈⋈⊞⋈⋈⋈⋈⋈⋈⋈⋈⋈⋈⋈⋈≻⋈⋈⋈≻⋈⊞⋈⋈⋈⊣
0xab934e9	⊢⋈⋈⋈⋈⋈⋈⊞⋈⋈⋈⋈⋈⊞∈⋈⋈≺⊤∈⋈⊞⋈⋈≺∋∋⋈⊤∈⋈⋈⊤⊥⊤⊥⊞∈⊤∈⊤∈⋈⋈⋈≻≺⋈⋈⋈⋈⋈⋈⋈≻⋈⋈⋈⋈≺⋈⋈⋈⋈∋⋈⋈⋈⋈≻⋈≺⋈⊤⊥⊤∈⋈⋈⋈∋∋⊤∈⋈⋈≺⊞≺∋⋈⋈⋈⋈⋈⋈⋈≻⋈⋈⋈⋈⊤∈∋⋈⋈⋈⋈≻∋∋⊞⋈⋈⋈⋈⋈⋈⊣
0xab5ca71	⊢⋈⋈⊞∈⊤∈⋈⋈⋈⋈⋈⋈⋈⋈≺⊤∈∋⋈⋈⋈⋈⋈⊣⋈⋈⋈⋈⊣
0xabce110	⊢⋈⋈⋈⋈⋈⊞⋈⋈⊞⋈⋈⊞⊙
0xab74de7	⊢⋈⋈⋈⋈⋈⋈⊞⋈⋈⋈⋈⋈⊞∈⋈⋈⋈≺⋈⊤∈⋈⊞⋈⋈≺∋∋⊤∈⋈⊤⊥⊤⊥⊤∈⋈⊤∈⊤∈⋈⋈⊞⊥⋈⊤⊥⊞∈⋈⋈⊤∈⋈⋈⋈⋈⋈≻⋈⋈⊤∈⋈≺∋⋈⋈⋈⋈⊙⋈⋈⋈⋈⋈⋈⋈⋈≻⋈⋈⋈⋈≺⊞∋⋈≻∋⋈⋈⋈⋈≻≺⊤∈⊤∈∋∋⋈⋈⋈∋∋⊤∈⋈⋈⋈⋈≻≺⊞≺∋⋈⋈⋈⋈⋈⋈⋈⋈≻⋈⋈⋈⋈∋∋⊞⋈⋈⋈⋈⋈⋈⊣
0xab5cadd	⊢⋈⋈⊞⊤∈⋈⋈≺⊤∈⋈⊞⊞⋈⋈≺∋∋⊤∈⋈⋈≺⊤∈⋈⊞⊞⋈⋈≺∋∋⊤∈⊞⊣⋈⊞⋈⊙⊤⊥⊞⊣
0xaba37f8	⊢⋈⋈⋈⋈⋈⋈⊞⋈⋈⋈⋈⋈∈⋈⋈⊤∈∈⋈⋈≺⋈⋈⊤⋈∈⊤∈⊤∈⋈⋈⋈⊞⋈⊞⋈⋈⊞⊞⋈∈⊤∈⊞⊞⋈⋈≻⋈⋈≺⋈⊞⋈⋈⊞⋈⋈⊞⊞⊞⋈⊞⊞⊞⊞⊞⋈⊞∈∋⊞⊞⊞⊞⋈∋⋈≺∋∋⋈∋⊤∈∋⋈⋈≺∈⋈⋈∋⋈≻⋈⋈⋈⊤∈⊤∈⊞⋈⋈⋈∋⋈⋈≻≺⊤∈⋈⊞∈⋈≺⊞⊞⋈⋈⋈⋈⋈≺⊤∈⊞⋈⋈⋈≻⊞⋈⋈⋈⋈⋈≺⊤∈⋈∋∈⋈⋈⋈≻∋⋈≺∋⊞⋈⋈≻⋈⋈⊤∈⋈⋈⋈⋈≻⊤∈⋈≺⋈≺⋈⊞⋈⋈∋⋈⊤⋈∈⊤∈⋈⊤∈⋈≻⋈≺∋⋈⋈≺⊤∈⋈⊤∈⋈≻⋈≺∋⋈⋈≺⊤∈⋈⊤∈⋈≻⋈≺∋⋈⋈≺⋈⊤∈⊤∈⋈⊤∈⋈≻⋈≺∋⋈⋈⊤∈∋⋈⋈⋈≻⋈⊤∈⋈≻⋈≺∋⋈⋈≺∋∋∋∋⊞⋈⊞⊤∈∋≺∋∋⋈⋈⋈∋∋∋⊞⋈⋈⋈⋈⋈⋈⊣⋈⋈⊞⊙
0xab5e0f0	⊢⋈⋈⋈⋈⋈≺
0xab705ac	⊢⋈⋈⋈⋈⋈⋈⊞⋈⋈⋈⋈⋈⊞∈⋈⋈⋈⋈≺⋈⊤∈⋈⊞⊞⋈⋈⋈≺∋∋⊤∈⋈⊤⊥⊤⊥⊤∈⋈⊤∈⊤∈⋈⋈⋈⋈⊞⋈⋈⋈⋈⋈⋈≺⋈⋈⊞⊥⊞⊤⊥⊞∈⊞⊤∈⊤∈∋∋⋈⋈⋈≺⊞≺∋⋈⋈⊤∈⊤∈⊤∈⋈⋈⊞⊥⊞⊤⊥⊞∈⊤∈⋈⊞⋈⋈⋈⋈≻⋈⊤∈⋈⋈≺∋⋈⋈⊙⊞∋⋈⋈≻∋⋈⋈⊤∈⋈⊞⋈⋈⋈≻⊤∈∋⋈⋈≻∋⋈≺⋈⋈≺∋⋈⋈⋈⊙⋈⋈⋈⋈⋈⋈≻⋈⋈⋈≺⋈⋈≺∋∋∋⋈⋈⋈⋈⋈⋈≻⋈⋈⋈∋⋈∋⊞⋈⋈⋈⋈⋈⋈⊣
0xab631b0	⊢⋈⋈⋈⊤∈⊞⊞⋈⊞⋈≺⊞⊞⋈≺
0xab604f0	⊢⋈⋈⋈⊞⋈⋈⋈≻⋈⊞⋈⊞⋈⋈⋈⊞≻⊞⋈⋈⊣
0xab6a65f	⊢⋈⋈⋈⋈⋈⋈⊞⋈⋈⋈⋈⋈⋈⊞∈⋈⋈≺∋⊤∈⋈⊤∈⋈⊤∈⋈⋈⋈≻⊤∈⋈⋈≻⋈⋈⋈⋈⊙⋈⋈⊤∈∋⋈⊤∈⊤∈⋈≺⋈⊤∈⋈⋈⊞⊥⊞⊤⊥⊞∈⊞∈⋈⋈≻∋⊤∈⋈⊞⋈⋈⋈⋈≻⊤∈∋⋈⋈⋈≺∋⋈⋈⊙⋈⋈≺⋈≺∋∋∋⋈⋈⋈⋈⋈⋈≻⋈⋈⋈⋈≺∋⋈≺∋⋈⋈⋈⋈⋈⋈≻⋈⋈⋈≺∋⋈⊞⋈⋈⋈⋈⋈⋈⊣
0xab952b8	⊢⋈⋈⋈⋈⋈⋈⊞⋈⋈⋈⋈⋈⋈⊞∈⋈⋈≺∋⊤∈⋈⊤∈⋈⊤∈⋈⋈⋈≻⊤∈⋈⋈≻⋈⋈⋈⋈⊙⋈⋈⊤∈∋⋈⊤∈⊤∈⋈≺⋈⊤∈⋈⋈⊞⊥⊞⊤⊥⊞∈⊞∈⋈⋈≻∋⊤∈⋈⊞⋈⋈⋈⋈≻⊤∈∋⋈⋈⋈≺∋⋈⋈⊙⋈⋈≺⋈≺∋∋∋⋈⋈⋈⋈⋈⋈≻⋈⋈⋈⋈≺∋⋈≺∋⋈⋈⋈⋈⋈⋈≻⋈⋈⋈≺∋⋈⊞⋈⋈⋈⋈⋈⋈⊣
0xab64560	⊢⋈⋈⊞⋈⋈⋈⊡∈⋈⋈⊞⊞⋈⋈⋈⊤⋈∈∋⊞⋈⊞⋈⊞⋈⋈⋈⋈≻⊞⋈⊣
0xab5cb60	⊢⋈⋈⋈⋈⋈⊙
0xab9cf34	⊢⋈⋈⋈⋈⋈⊙
0xab5dcd0	⊢⋈⋈⋈⋈⋈⊙
0xab5dec0	⊢⋈⋈⋈⋈⋈⋈⋈⊞⊤∈⋈⋈⋈⋈≺⋈⋈⊤∈⋈⋈⋈≻⊤∈⋈⋈≻⋈≺∋⋈⋈⋈⊙⋈⋈⋈∋⋈⋈⋈⋈⋈⊣
0xabcc450	⊢⋈⊤∈⋈≺⊤∈⋈≺
0xab5cb79	⊢⋈⋈⋈⋈⋈⋈⋈⋈⋈⊤∈⋈⊤∈⊤⋈⊞∋∋⋈⊞⋈⊤∈⋈⋈⋈⋈⋈≻⋈≺∋⋈⊤∈⋈⊞⊞⋈⊞⊤∈⊞⊞⋈⊞⊤∈⊞⊞⊞⊞⋈⋈⋈⋈⊞⋈⋈⋈≺⊞⋈⋈≺⋈≺∋∋∋⊞⋈⊞⊞⋈⋈⋈⋈⊣
0xab8c407	⊢⋈⋈⋈⋈⋈⋈⋈⋈⋈⊤∈⋈⊤∈⊤⋈⊞∋∋⋈⊞⋈⊤∈⋈⋈⋈⋈⋈≻⋈≺∋⋈⊤∈⋈⊞⊞⋈⊞⊤∈⊞⊞⋈⊞⊤∈⊞⊞⊞⊞⋈⋈⋈⋈⊞⋈⋈⋈≺⊞⋈⋈≺⋈≺∋∋∋⊞⋈⊞⊞⋈⋈⋈⋈⊣
0xaba1ad9	⊢⋈⋈⋈⋈⋈⋈⋈⋈⋈⊤∈⋈⊤∈⊤⋈⊞∋∋⋈⊞⋈⊤∈⋈⋈⋈⋈⋈≻⋈≺∋⋈⊤∈⋈⊞⊞⋈⊞⊤∈⊞⊞⋈⊞⊤∈⊞⊞⊞⊞⋈⋈⋈⋈⊞⋈⋈⋈≺⊞⋈⋈≺⋈≺∋∋∋⊞⋈⊞⊞⋈⋈⋈⋈⊣
0xabcbd00	⊢⋈⋈⋈⋈⋈⋈⋈⋈⊤∈⋈⊤∈⊤⋈⊞∋∋⋈⊞⋈⊤∈⋈⋈⋈⋈⋈⋈≻⋈⋈⋈≺∋⋈⊤∈⋈⊞⊞⋈⊞⊤∈⊞⊞⋈⊞⊤∈⊞⊞⊞⊞⋈⋈⋈⋈⊞⋈⋈⋈≺⊞⋈⋈≺⋈≺∋∋∋⊞⋈⊞⋈⋈⋈⋈⋈⊣
0xab5dd70	⊢⋈⋈⋈⋈⋈⋈⋈⋈⊤∈⋈⊤∈⊤⋈⊞∋∋⋈⊞⋈⊤∈⋈⋈⋈⋈≻⋈⋈⋈≺∋⋈⊤∈⋈⊞⊞⋈⊞⊤∈⊞⊞⋈⊞⊤∈⊞⊞⊞⊞⋈⋈⋈⋈⊞⋈⋈⋈≺⊞⋈⋈≺⋈≺∋∋∋⊞⋈⊞⋈⋈⋈⋈⋈⊣
0xab5cc7b	⊢⋈⊞≻⊞⋈⊣
0xaba1acc	⊢⋈⊞≻⊞⋈⊣
0xabcbc90	⊢⋈⋈⋈⋈⋈⋈⋈⋈⋈⋈⊞⊤∈⋈⋈⋈⋈⋈⋈≻⋈⋈≺∋⋈⊞⋈⊙⊞⋈⊞⋈⋈⋈⋈⋈⊣
0xab5dd10	⊢⋈⋈⋈⋈⋈⋈⋈⋈⋈⋈⊞⊤∈⋈⋈⋈⋈≻⋈⋈≺∋⋈⊞⋈⊙⊞⋈⊞⋈⋈⋈⋈⋈⊣
0xab8721b	⊢⋈⋈⋈⋈⋈⋈⊞⋈⋈⋈⋈⋈⋈⋈≻⋈⋈⊞∈⋈⋈⋈⋈⋈⋈⋈⋈⋈⋈⋈⋈⋈⋈⋈⊤∈⋈⋈⋈⋈⊤⋈⊥⊤⋈∈⋈⋈⋈≺∋⋈⋈⋈⋈⋈⋈⋈⊞⋈⋈∈⊤∈⋈⋈⊙⊤∈⋈⋈⋈⋈⋈⋈⋈⋈⋈⋈⊤∈⋈⋈≺⊤∈⋈⊞⋈⋈≺∋∋⊤∈⋈⋈⊙⋈⊤∈⋈⊤∈⋈≺∋⋈⋈⋈⊞⊞⋈⋈⋈⋈⊤∈⋈⋈⊙⊤∈⋈⋈≻⋈≺⋈⋈≻⊞⋈≻⊞⋈⋈≻⋈⋈⋈⋈⋈⋈⋈⋈⋈⋈⋈≺∋⋈⋈≻⋈⋈⋈⋈⋈⋈⋈⋈⋈⋈⋈⋈⊤∈⋈⋈⋈⋈≺⋈⋈≻⋈⋈⊞⊤⊥⋈⋈⋈⋈≻⋈⋈⊤∈⋈⋈⋈⋈≺⋈⋈≺⊞⊞⋈⋈⊞⊤⋈⊥⋈⋈⊞⋈⊙∋⊞⊞≺∋⋈⋈⋈⋈≻⋈⋈⋈⋈⋈⋈⋈⊤∈⋈⋈⋈⋈⋈⋈⋈⋈⊤∈⋈⋈⊙⊤∈⋈⋈⋈⋈⋈⋈≺⋈⋈⊤∈⋈⋈⊤∈⊞⋈⋈⊤∈∋⋈⋈⊞⋈⋈≺∋⋈⋈⊤⊥≺∋⋈⊞⋈⋈⋈⋈∈⊤∈∋⋈⋈⋈⋈⋈⋈⋈⋈⋈≻⋈⋈⋈⋈⋈⋈⊤∈⋈⋈⋈≻⋈∋⋈⊤∈⋈⊤⋈∈≺⋈⋈⊤∈≺⊤∈⊤∈⋈⊤∈⋈⊞⊤∈∋⋈⊞⋈⊞⋈⋈⋈≺∋⊞∈⋈⊞⊞∈∋⊞⋈⊤⊥⋈⋈⋈∈∋⋈⋈∋⊤∈∋∋∋∋⋈⋈⋈⋈≻⋈⋈⋈⋈⊤∈⋈⋈⋈⋈⋈⋈⋈⋈⋈⊞⋈⋈⋈⋈≻⋈⊞⋈⋈⋈⋈⋈≻⋈⋈⋈⋈⋈⋈⊤⋈⋈∈⋈⋈⊞⋈⋈⋈⋈⋈⋈⊞⊥⋈⋈⋈⊤⊥⊞⋈⋈⋈⋈⋈⋈∈⊤⋈⊥⋈⋈≻⋈⊤⊥⊤⊥⊞∈⊞⋈⋈⋈⋈⋈≻⊤∈⋈⋈⋈⋈⊙⋈⋈⊤∈⊤⋈∈⋈⋈⊤∈⋈⋈⊤⊥⊤⊥⊞∈⊤∈⋈⊞⋈⋈⋈≻⊤∈⋈≺⋈≺∋⋈⋈⋈⋈⊙⋈⋈≺⋈⋈≺∋⋈⋈⋈∋⋈≺∋⊤⋈⋈⋈∈⊤∈⋈⋈⊤∈⊤∈⊞⋈⋈⊤∈⋈⊞⋈⋈⋈⋈⋈≻⊤∈⋈≺∋⋈⋈≻⋈⋈⋈⋈⋈≺∋⋈⋈⊙⋈≺⋈⋈⋈≺⋈⋈⋈≺∋∋⋈∋⋈⊙⊤∈⋈⋈⋈⋈⋈⋈⋈⋈⋈⋈⋈⋈⋈⋈⋈⋈⋈⋈⋈⋈⋈⋈⋈⋈⋈⋈≻⋈⋈⊤∈⊤∈⊤⋈⋈⋈∈⊤⋈⋈⋈∈∋⋈⊞⋈⊞⋈⋈⋈⋈⋈⋈≻∋⋈⋈≻≺∋⋈⊤⋈∈⋈⋈⊤∈⋈⋈⊤∈∋⋈⊤⊥∋⋈⊞≺∋⋈⊞∈⊤∈∋⋈⋈⋈⋈⋈⋈⋈⋈⋈≻⋈⋈⋈⋈⋈⊤∈⋈⋈⋈≻⋈∋⋈≺⊤∈⋈⊤∈⋈⊤∈⋈⊞⋈⊤⋈∈∋⊞∈⋈⋈⊞⋈⊞∈∋≺≺∋⊞∋⊞⊤⊥⋈∋⊤∈⋈⋈⋈≻⋈∋⋈⊤∈⋈⋈⋈≻⋈∋⋈⋈⋈⋈⋈⋈⋈⊞⋈⋈⋈⋈⋈⋈∈∋≺⋈⋈≺∋⊤∈⋈⋈⋈⋈⋈⋈≻⋈⋈⋈∋⋈⊤∈∈⋈⋈⋈⋈≻⋈⊤∈⊤⋈∈⋈⋈≺∈⋈⊤⊥≺∈⋈⊞∈⊤∈∋⋈⋈⋈⋈⋈⋈⋈⋈⋈≻⋈⋈⋈⋈⋈⋈⊤∈⋈⋈⋈≻⋈∋⋈≺⊤∈⋈⊤∈⋈⊤∈⋈⊞⊤∈∋∋⊞⋈⋈≺∋⊞∈⋈⊞⊞∈∋≺∋⊞⊤⊥⋈⋈⋈∋⊤∈⋈⋈⋈≻⋈∋⋈⋈⋈⊤∈⋈⋈⊙⊤∈⋈⋈⋈⋈⋈⋈≺⋈⋈⋈⋈⊤∈⋈⋈⊤∈⊞⋈⋈⊤∈∋⋈⋈⊞⋈⋈≺∋⋈⋈⊤⊥≺∋⋈⊞⋈∈⊤∈∋⋈⋈⋈⋈⋈⋈⋈⋈⋈⋈≻⋈⋈⋈⋈⋈⋈⊤∈⋈⋈⋈≻⋈∋⋈⊤∈⋈⊤⋈∈≺⋈⋈⊤∈≺⊤∈⊤∈⋈⊤∈⋈⊞⊤∈∋⋈⊞⋈⊞⋈⋈⋈≺∋⊞∈⋈⊞⊞∈∋⊞⋈⊤⊥⋈⋈⋈∈∋⋈⋈∋⊤∈∋∋∋∋⋈⋈⋈⋈≻⋈⋈⋈⋈⊤∈⋈⋈⋈⋈⋈⋈⋈⊞⋈⋈⋈⋈≻⋈⊞⋈⋈⋈⋈⋈≻⋈⋈⋈⋈⋈⋈⊤⋈⋈⋈∈⋈⋈⋈⋈⊞⊥⋈⋈⋈⋈⊤⊥⊞⋈⋈⋈⋈⋈∈⊤⋈⊥⋈⋈≻⋈⋈⋈⊤⊥⊤⊥⊞∈⊞⋈⋈⋈⋈⋈⋈≻⊤∈⋈≺∋⋈⋈⋈⋈⋈⊙⋈⋈⊤∈⊤⋈⋈∈⋈⋈⊤∈⋈⋈⊤⊥⊤⊥⊞∈⊞⊤∈⋈⋈⋈⋈⋈≻⊤∈⋈≺∋⋈≺⋈≺∋⋈⋈⋈⋈⊙⋈⋈⋈≺⋈⋈≺∋⋈⋈⋈∋⋈⋈≺∋⊤⋈∈⊤⋈∈≺⊤∈⊤∈∋⊞⊤∈⋈⊞⋈⋈⋈⋈≻⊤∈⋈⋈≺∋∋⋈⋈⋈⋈⋈⋈≺∋⋈⋈⊙⋈⋈⋈≺⋈⋈≺∋∋∋⋈⊙⊤∈⋈⋈⋈⋈⋈⋈⋈⋈⋈⋈⋈⋈⋈⋈⋈⋈⋈⋈⋈⋈⋈⋈⋈⋈⋈⋈≻⋈⋈⊤∈⊤∈⊤∈⊤∈∋⋈⋈⊞⊞⋈⋈⋈⋈⋈⋈⋈≻∋⋈⋈≻≺∋⋈⊤⋈∈⋈⋈⊤∈⋈⋈⊤∈∋⋈⊤⊥∋⋈⊞≺∋⋈⊞∈⊤∈∋⋈⋈⋈⋈⋈⋈⋈⋈⋈⋈≻⋈⋈⋈⋈⋈⊤∈⋈⋈⋈≻⋈∋⋈≺⊤∈⋈⊤∈⋈⊤∈⋈⊞⋈⊤⋈∈∋⊞∈⋈⋈⊞⋈⊞∈∋≺≺∋⊞∋⊞⊤⊥⋈∋⊤∈⋈⋈⋈≻⋈∋⋈⋈⊤∈⋈⋈⋈≻∋⋈⋈⋈⋈⋈⋈⋈⋈⊞⋈⋈⋈⋈⋈⋈∈∋⋈⋈⋈≺∈⊤⋈⊥⊤⋈∈⊞⋈⋈⋈⋈∈⋈⋈⋈⊞⋈⋈⋈⋈⋈⋈⋈⋈⋈∈⋈⋈⋈⊙⊤∈⋈⋈⋈⋈⋈⋈⋈⋈⋈⋈⋈⋈⋈⋈≻⋈⋈⊤∈⊞⊤∈∋⋈⋈⊤⋈⋈∈∋∋⋈⋈⋈⋈⋈⋈⋈⊤∈⋈⋈⋈⋈⋈⋈⊞⊥⋈⋈⋈⊤⊥⊞⋈⋈⋈⋈⋈∈⋈⊤⋈⊥⊤∈⊤⊤≺∋⋈∈⋈⋈⋈≺⊤⋈∈⊤∈⋈⊤∈⊤∈⊞⊤∈⋈⋈⊞⋈⋈⋈≻⋈⊤∈⋈⋈≺∋⋈≺∋⋈≻⋈≺∋⋈⋈⋈⋈⊙⋈⋈⋈≺⋈⋈≺⋈≺∋∋⋈∋⋈⋈⋈⋈⋈≻⋈⋈⋈⋈∋⋈⋈⋈≻⋈⋈⊤⊥⊤⊥⊞∈∋⊞⋈⋈⋈⋈⋈⋈≻⊤∈⋈≺∋⋈⋈≻∋⋈⋈≺∋⊤⋈⊥⊤⋈∈⊞⋈⋈⋈⋈∈⋈⋈⋈⊞⋈⋈⋈⋈⋈⋈⋈⋈⋈∈⋈⋈⋈⊙⊤∈∋⋈⋈≻⋈⋈⋈⋈⋈⋈⋈⋈⋈⋈⋈⋈⋈⋈≻⋈⋈⊤∈∋⋈⋈⋈⋈⋈⊤∈⋈⋈⋈≻∋⋈⋈⋈⋈≻⋈⋈⋈⋈≻⋈⊤∈⋈⋈⋈⋈≻⋈⊞⊤∈∋⋈⋈⊤⋈⋈∈∋∋⋈⋈⋈⋈⋈⋈⋈⊤∈⋈⋈⋈⋈⋈⋈⋈⋈⊞⊥⋈⋈⊤⊥⊞⋈⋈⋈⋈⋈∈⊤⋈⊥⊤⋈∈⊤⊤≺∋⋈∈⋈⋈⋈≺⊤∈⋈⊤∈⋈⊤∈⊤∈⊞⊤⋈∈⋈⊞⋈⋈⋈≻⊤∈⋈≺∋⋈∋⋈≻⋈⋈≺∋⋈⋈⋈⊙⋈⋈⋈⋈≺⋈⋈≺⋈⋈≺∋∋⋈∋⋈⋈⋈⋈⋈≻⋈⋈⋈⋈∋⋈⋈⋈≻⋈⊤⊥⊤⊥⊞∈⊞⋈⋈⋈⋈≻⊤∈⋈≺∋⋈⋈≻∋⋈⋈⋈⊞⋈∋⋈⋈⋈⋈⊙⋈⊤⋈⋈∈⊤⋈∈⋈≺⊤∈⊤∈∋⊞⊤∈⋈⊞⋈⋈⋈≻⊤∈⋈≺∋⋈≺∋⋈≻∋∋⋈⋈⋈⊤⋈⋈⋈∈⋈⋈⋈≻∋⋈⋈⋈⋈≻⋈⋈⋈⋈≻⋈⊤∈⋈⋈⋈⋈≻⋈⋈⋈⋈≺∋⋈⋈⊙⋈⋈⋈⋈≺⋈⋈≺∋∋∋⋈⊙⊤∈⋈⋈⋈⋈⋈⋈⋈⋈⋈⋈⋈⋈⋈⋈⋈⋈⋈⋈⋈⋈⋈⋈⋈⋈⋈⋈⋈≻⋈⋈⊤∈∋⋈⋈⋈⊤∈⋈⋈⋈≻∋⋈⋈⊤∈⋈⋈⋈≻∋⋈⋈⋈⋈≻⋈⋈⋈⋈≻⋈⋈≺∋∋⋈⋈⋈⋈∋∋⋈⋈⋈⊤⋈⋈⋈∈⊤∈⊤∈∋⋈⋈⊞⊞⋈⋈⋈⋈⋈⋈⋈≻∋⋈⋈≻≺∋⋈⊤⋈∈⋈⋈⊤∈⋈⋈⊤∈∋⋈⊤⊥∋⋈⊞≺∋⋈⊞∈⊤∈∋⋈⋈⋈⋈⋈⋈⋈⋈⋈⋈≻⋈⋈⋈⋈⋈⊤∈⋈⋈⋈⋈⋈⋈⋈≻⋈⋈⋈⋈⋈∋⋈≺⊤∈⋈⊤∈⋈⊤∈⋈⊞⋈⊤⋈∈∋⊞∈⋈⋈⊞⋈⊞∈∋≺≺∋⊞∋⊞⊤⊥⋈∋⋈⊤∈⋈⋈⋈⋈⋈⋈≻⋈⋈⋈⋈∋⋈⊤∈⋈⋈⋈⋈⋈⋈≻⋈⋈⋈⋈∋⋈⋈⋈⋈⋈⋈⋈⋈⊞⋈⋈⋈⋈∈∋⊤∈⋈⋈⋈⋈≻⋈∋⋈⊤∈⋈⋈⋈≻∋⋈⋈⋈⋈≻⋈⋈⋈⋈≻≺∋≺∋⋈⋈⋈⋈⊙⋈⊤∈⋈⊤∈≺⊤∈⊤∈⊞⊤∈⋈⋈⊞⋈⋈⋈≻⋈⊤∈⋈⋈≺∋⋈⋈≻⋈≺∋⋈⋈⋈⋈⊙⋈⋈⋈⋈≺⋈⋈≺∋∋∋⋈⊙⊤∈∋∋∋⋈⋈≻∋⋈⋈≻∋∋⋈⋈≻∋⋈≺∋⋈⋈≻∋⋈⊤⋈∈∋⋈⊞∋⋈⊞∋⋈⋈⋈⋈⋈⋈⋈⋈⋈⋈⋈⋈⋈⋈⋈⋈⋈⋈⋈⋈⋈⋈⋈⋈⋈⋈≻⋈⋈⊤∈⊤⋈∈⊤⋈∈⊤⋈∈∋⋈⊞⋈⊞⋈⋈⋈⋈⋈⋈⋈⋈≻∋⋈⋈⋈≻⋈≺∋⋈⊤⋈⋈⋈∈⋈⋈⊤∈⋈⋈⊤∈∋⋈⊤⊥∋⋈⊞≺∋⋈⊞∈⊤∈∋⋈⋈⋈⋈⋈⋈⋈⋈≻⋈⋈⋈⋈⋈⋈⊤∈⋈⋈⋈⋈⋈≻⋈⋈⋈∋⋈≺⊤∈∋∋∋∋∋∋∋⋈⋈⋈≻∋⋈⋈⋈⊤∈⋈⋈⋈≻∋⋈⋈⊤∈⋈⋈⋈≻∋⋈⋈⋈⋈≻⋈⋈⋈⋈≻⋈⋈⋈≺∋∋⋈⋈⋈⋈⊤∈⋈⊤∈⋈⊞⋈⊤⋈∈∋⊞∈⋈⋈⊞⋈⊞∈∋≺≺∋⊞∋⊞⊤⊥⋈∋⊤∈⋈⋈⋈⋈⋈≻⋈⋈⋈⋈∋⋈⊤∈⋈⋈⋈⋈⋈≻⋈⋈⋈⋈∋⋈⋈⋈⋈⋈⋈⋈⊞⋈⋈∈∋⋈⊤⋈∈⋈⋈≻⋈∋⋈⊤∈⋈⋈⋈≻∋⋈⋈⋈⋈≻⋈⋈⋈⋈≻≺≺∋⋈⋈⋈≺∋⊤∈⋈⋈⋈⋈⋈⋈≻⋈⋈⋈∋⊤⋈∈∋∋⋈⋈∋⋈⋈≻⋈⋈⊞⊤⊥⋈⋈⋈⋈≻⋈⋈⊤∈∋⋈⋈≺∋⋈⋈≺∋⋈⊤∈⋈⋈⋈≻⋈≺∋∋⊤∈⋈⋈⋈⋈≻≺⋈⋈⋈⋈≺∋∋∋∋∋∋⊞⋈⋈⋈⋈⋈⋈⊣
0xab8aeb6	⊢⋈⋈⋈⋈⋈⋈⊞⋈⋈⋈⋈⋈⋈⋈≻⋈⋈⊞∈⋈⋈⋈≺⋈⋈⊤∈⊞⋈∈⋈⋈≻⋈⋈⋈⋈⋈⋈⋈⋈⊞⊤∈∋⋈⋈⋈⊙⋈⋈≻≺∋⋈⋈⋈⋈⋈⋈⋈⋈⋈⊞∈⋈⋈⋈⋈⋈⋈⋈⋈⋈≻⋈⋈⊞∈⋈⊞⋈⋈⋈≻⋈⋈⋈≻⋈⊞⊤∈∋⋈⋈⊞⊞⊤∈∋⋈⋈≻⋈⋈⊞⊤⊥⋈⋈⋈⋈⋈≻∋⊞⋈⋈⋈⋈⋈⋈⊣
0xaba490c	⊢⊤∈⋈⊤∈∋⊞⊣⋈⋈⋈⋈⋈⋈⊞⋈⋈⋈⋈∈⋈⋈⋈⋈⋈⋈⋈∈⊤∈⋈⋈⋈⋈⋈⊞⊥⋈⊙⊞⊤⊥⊤⊥⊥⊞⊞⊞⋈⊤∈∋⋈⊤∈⊞⋈⊞≺∋⋈⊞∈⊞≺∋⊞⋈⋈⋈⋈⋈⋈⊣⋈⋈⋈≺∋
0xab707f4	⊢⋈⋈⋈⋈⋈⋈⊞⋈⋈⋈⋈⊤∈⋈⊤∈⊤∈⊤∈⊤∈∋⋈⋈⋈⋈⋈⋈≻⋈⋈⋈⋈⋈⋈≺∋⊤∈⋈⋈≺⊤∈⋈⋈≺⋈⊞⋈⋈⋈⋈⋈⋈⋈⋈⋈≺⋈⋈⊤∈⊤∈⋈⋈⊤∈⋈⋈⊞⊥⋈⊤⊥⊞∈⊤∈⋈⊞⋈⋈⋈⋈⋈≻⋈⊤∈⋈⋈⋈≺∋⋈⊙⋈≺⊞∋⋈⋈≻∋⋈⊞∋∋⋈⊤∈⋈⋈≺⊤∈⋈⊞⋈⋈≺∋∋⊤⊥⊞⊤∈⊞∈⊤∈⊞⊤⊥⊞⋈⊤⋈∈∋⊥⊞≺∋∋⊤∈⋈⋈⋈⋈≺⋈⊤∈⋈⊞⋈⋈⋈⋈⋈⋈≻⋈⋈⋈⋈⋈⋈∋⋈⋈⋈⋈⋈⋈⋈⋈≻⋈⋈⋈≺∋≻⋈⋈≺⋈≺∋∋⋈∋⋈⋈⋈⋈⋈∋⊤∈∋∋⊞⋈⋈⋈⋈⋈⋈⊣⋈⋈⋈⊞⋈⋈⋈⋈⋈⋈≺
0xab94c9b	⊢⋈⋈⋈⋈⋈⋈⋈⋈⋈⊞∈⋈⋈≺∋⊤∈⋈⋈≺⊤∈⋈⊞⊞⋈⋈≺∋∋⋈⊞∈⋈⋈≻⋈⋈∋⊤∈⋈⋈≺⊤∈⋈⊞⋈⋈≺∋∋⊤∈⋈⋈⋈≻⊤∈⊞⊞∈⋈⊞⊡⋈⊥⊤∈∋⊤∈⊞⊞∈⊤∈⋈⋈⊤∈⋈⊤∈⋈≻∋⋈⋈⊞⋈≺⊤∈⋈⋈⋈⋈⊙⊤∈∋⋈⋈≻⋈⋈⋈⋈⋈⋈≺⊞⊡⋈⊥∈∋≺∋∋∋∋∋⊞⋈⋈⋈⋈⊣
0xabd5ae9	⊢⋈⋈⋈⋈⋈⋈⋈⋈⋈⊞∈⋈⋈≺∋⊤∈⋈⋈≺⊤∈⋈⊞⊞⋈⋈≺∋∋⋈⊞∈⋈⋈≻⋈⋈∋⊤∈⋈⋈≺⊤∈⋈⊞⋈⋈≺∋∋⊤∈⋈⋈⋈≻⊤∈⊞⊞∈⋈⊞⊡⋈⊥⊤∈∋⊤∈⊞⊞∈⊤∈⋈⋈⊤∈⋈⊤∈⋈≻∋⋈⋈⊞⋈≺⊤∈⋈⋈⋈⋈⊙⊤∈∋⋈⋈≻⋈⋈⋈⋈⋈⋈≺⊞⊡⋈⊥∈∋≺∋∋∋∋∋⊞⋈⋈⋈⋈⊣
0xab8715d	⊢⋈⋈⋈⋈⋈⊞⋈⋈⋈⊞⋈⊞⊥∈⊞⋈⋈⋈⋈⋈⋈≻⊤∈⋈⋈≻⋈⋈⋈⋈⊞⊞⊞∈⋈⋈⊞⊥⊞⋈⊞∈∋≺∋⋈⋈⋈⋈⋈⋈⊞⋈⋈⋈⋈⋈⊣
0xab60890	⊢⋈⋈⋈⋈⊞⋈⋈⋈⋈⊤∈⋈⋈⋈⊡∈⋈⋈⊞⊞⋈⋈⋈⊤⋈∈∋≺⊤∈⋈⋈⋈⊡∈⋈⋈⊞⊞⋈⋈⋈⊤⋈∈∋∋⊞⋈⊞⋈⊞⋈⋈⋈⋈⋈≻⋈⊞⋈⊞⋈⋈⋈⊞≺∋≻⋈⋈⊤∈⋈⋈⋈⋈⊙⋈⋈⊤∈⋈⋈⊤∈⋈⋈⋈⊞∈⋈⋈⊞⊞⋈⋈⋈⊤⋈∈∋≺⊤∈⋈⋈⋈⊡∈⋈⋈⊞⊞⋈⋈⋈⊤⋈∈∋∋⊞⋈⊞⋈⊞⋈⋈⋈⋈⋈≻⋈⊞⋈⊞⋈⋈⋈⊞≺∋≻∋∋⊞⋈⋈⋈⊣
0xababa70	⊢⋈⋈⋈⋈⋈⋈⋈⊞⋈⋈⋈⊤⊥⋈⊤⊥⊞∈⋈⋈⋈⋈⋈⊤⋈⋈∈⋈∈⋈⊞⋈⋈⊤∈⋈⋈≻⋈≺⊞⊤∈⊞≺∈⊤∈⋈⊞⊤∈∋⋈⊞≺∋∋∋⊤∈⊞⊞⋈⊤⊥⊤⊥⊞∈⋈⋈⊞⋈≻⊤⋈⋈∈∋≺⋈⋈⋈⋈≺∈⋈⊞⋈⋈⊤∈⋈⋈≻⋈⊤∈≺⊞⊤∈⊡∈⊤∈⋈⊤∈⊡⊞⊤∈∋⋈∋⊞⊤∈∋∋⊞⊞⋈⋈⊞⊥⊤⊥⊞∈⋈⋈⋈⋈⊙⋈⊤∈∋⊤∈∋⋈⊞≺⋈⋈⋈⋈≺≺∋∋∋⋈⊞⋈⊞≺∋∋∋∋⋈⊞⋈⋈⋈⋈⋈⋈⊣
0xab5df40	⊢⋈⋈⋈⋈⋈⋈⋈⋈⋈⊞∈≻∋⋈⋈⋈⋈⋈≻⊤∈⋈⋈≻⋈⋈⋈⋈≺⋈⋈⋈⋈⊙⊞⋈⋈≻⊤∈⋈⋈⋈⋈⋈⋈⋈⋈⋈≺∋⊞⋈⋈⋈⋈⋈⋈⊣
0xabcbbd0	⊢⋈⋈⋈⊞⋈⊞⊤∈⋈⋈⋈⋈⋈⋈⋈⋈⋈≻⋈⋈⋈⋈⋈⋈∋⋈⋈⊞⋈⋈⊣
0xabcbad0	⊢⋈⋈⋈⋈⋈⋈⊞⋈⋈⋈⊞∈⋈⋈⋈⋈⋈⋈⋈⋈⋈≻⋈⋈⋈⋈⋈⋈⋈∋⋈⋈⋈⋈⋈⋈⊙⊤∈⋈⋈≻⋈⋈⋈⋈⊞⋈⋈⋈⋈⋈⊣
0xab8a896	⊢⋈⋈⋈⋈⋈⋈⊞⋈⊞⊥⋈⊤⊥⊞∈⊞∈⋈⋈≻∋⋈⋈⋈⊤∈⋈⊞⋈⋈⋈≻⋈⋈⊤∈∋≺∋⋈⋈⋈⋈⊙⋈⋈⋈⋈⋈⋈⊣
0xabd039d	⊢⋈⋈⋈⋈⋈⋈⋈⊞⊥⋈⊤⊥⊞∈⊞∈⋈⋈≻∋⋈⋈⋈⊤∈⋈⊞⋈⋈⋈≻⋈⋈⊤∈∋≺∋⋈⋈⋈⋈⊙⋈⋈⋈⋈⋈⋈⊣
0xab8c245	⊢⋈⋈⋈⋈⋈⋈⋈⊞⊥⋈⊤⊥⊞∈⊞∈⋈⋈≻∋⋈⋈⋈⊤∈⋈⊞⋈⋈⋈≻⋈⋈⊤∈∋≺∋⋈⋈⋈⋈⊙⋈⋈⋈⋈⋈⋈⊣
0xab8c035	⊢⊤∈⋈⊤∈⋈⋈⋈⋈⊞≻⊞⋈⋈⋈≺∋⋈⊣
0xab9854c	⊢⋈⋈⋈⊞⋈⊞⊤∈⋈⊤∈⋈⊞⊤∈∋⋈⊞⋈⋈≺∋⋈⊤⊥≺∋⋈⋈⊞∈⊤∈∋⋈⋈⋈⋈⋈⋈⋈⋈⋈⋈⋈≻⋈⋈⋈⋈⋈⊤∈⋈⋈⋈≻≺⊤∈⋈⋈⋈≻⊤∈⋈⊤∈⋈⊞⊤∈∋⊞⊞⋈≺∋⊞∈⋈⊞⊞∈∋≺∋⊞⊤⊥⋈⋈⋈∋∋⊞⋈⋈⋈⊣
0xab645e0	⊢⋈⋈⋈⊞⋈⋈⋈≻⋈⊞⋈⊞⋈⋈⋈⊞≻⊞⋈⋈⊣
0xabcc420	⊢⋈⋈⋈⋈⋈⊞⋈⋈⋈⋈⊙
0xab75d36	⊢⋈⋈⋈⋈⊞⊞⋈⊞≻⋈⋈⋈⋈⋈≺
0xabc8380	⊢⋈⋈⋈⋈⋈⋈⋈⋈⊤∈⋈⊤∈⋈⋈⋈⊤∈⋈⋈⊡∈⋈⋈∈∈∈∈⊤∈⊤∈⋈⊤∈⊤∈⊞⊡∈⊤∈⋈⊞⊤∈∋⋈⊞≺∋⋈⋈⊤∈⊤∈⊤∈⊤∈⊞⋈≺⊤∈⊤∈∋∋∋⋈⊞≺∋∋∋⊞⋈⊞∈⊞⋈⋈⋈⋈⊤∈∋⋈⋈⊤∈∋⊤∈⋈⊤∈∋≺⊤∈∋⊤∈∋≺∋⋈⋈⊤∈⋈≺⊞⊞⋈⋈⋈≺⋈⋈∈⊤∈∋⋈⋈≺⋈⊤∈⋈⋈⋈⊤∈⊞⊞⋈⋈⋈≺⋈⊤∈∋⋈⋈⋈⋈⋈⋈≻∋⋈⋈⋈⊤∈∋⋈⋈⋈⊞⊡∈⊤∈⋈⊞⊤∈∋⋈⊞≺∋⋈⋈⊤∈⊤∈⊤∈⊤∈⊤∈⊤∈∋∋∋⋈⊞⊞⋈≺∋∋∋⊞⋈⊞∈∈⋈⋈≺∋⋈⋈⋈⋈≻∋⋈∋⋈⊞⊞≻∋⊞⋈⋈⋈⋈⋈⊤∈∋≺∋⋈⋈⋈≺∋∋∋∋∋∋⋈⋈⋈⋈⋈⋈⊣
0xab5cc88	⊢⋈⋈⋈⋈⋈⋈⋈⋈⋈⋈⊤∈⋈⊤∈⊤∈⋈⊤∈⋈⋈⊞⊥⊞⊤⊥⊞∈⋈⋈≺⋈⊤∈∋⋈⋈⋈⋈≺≺⋈⊤∈⊤∈⋈≺⋈⊤∈⋈⋈⊞⊥⊞⊤⊥⊞∈∋⊞⊤∈⋈⊞⋈⋈⋈⋈≻⊤∈∋∈⋈⋈≻∋⊤∈⋈⊞⋈⋈⋈≻⊤∈∋⋈⋈≺∋⋈⋈⋈⊙∋∋⋈⋈⋈⋈⋈⋈⋈≺∋⋈⋈⊙⋈⋈≺⋈≺∋∋∋⋈⋈⋈⋈≺∋∋⊞⋈⋈⋈⋈⋈⋈⊣
0xab97be8	⊢⋈⋈⋈⋈⋈⋈⊞⋈⊞⊤∈⋈⊤∈⊞⋈⊤∈⋈⋈⊞⋈∈⋈≻⋈⋈⋈⋈⊞⋈⋈⊡⊞⊞⋈⊞⊞⊞⋈⋈≻⋈⊡⊞⊞⋈⊞⊞≺∋⋈⊞⊞⊞⊞⋈⋈⊙⊤∈⋈⊞⊡⊡⋈⋈⊞⊞≺∋⋈⊞⊞⋈⊤∈⊞⊞⊞⊤∈⊙⊞⋈∈∈∋⊞⋈⊞⊞⋈⋈⊞⋈⋈⊞⊤⋈⊥⊤∈⋈⊞⊤⊥⊤⊥⊥⊞∈⋈⊤∈⋈⋈⋈⊤∈⋈⋈⋈⋈⋈⋈⋈⋈⊞⋈⋈⊞⊞⋈⋈⋈≻≺∋⋈⋈⋈⊤∈⊞⊞⋈≺⋈⊞⊞⋈⋈⋈⋈⋈⋈⋈≻⋈⋈⋈≺∋∋⋈⊤∈⊞∋⋈≺∋⋈⋈⋈⋈⋈⋈⋈⋈⊞⋈⊞⋈⋈⋈≻⋈⋈⋈≻⋈⋈⋈⊤∈⋈⋈⊤⋈∈⊤∈⋈⋈∋⊤∈⋈⋈≺∋⊤∈∋⋈⊞⊞⊞⋈⋈⋈⋈⋈⋈⋈⋈≻≺∋⊤∈⋈⋈⋈⋈≻≺∋∋⋈⊤∈⋈⋈⋈≻≺∋∋⋈⋈⋈≻⋈⋈⊞⋈⊞⋈⋈∈⋈⋈⊤⋈⋈⊥⊤⋈⋈⊥⊥⋈⊤∈⋈⋈⋈⋈⊤⋈⋈⊥⋈≺∋⊤∈⊞∈⊤∈⊞⊤∈⋈⊤⋈∈∋∋∈∋∈⊤⋈⋈⊥⊤⊥⊥⋈⊤∈⋈∋⊤∈⊤⋈⋈⊥⊤⊥⊞∈⊤∈⋈⊤⋈∈∋∋∈⊤∈⋈⋈⋈⋈≻∋⋈⋈⋈⋈⋈⋈⋈⋈⋈≻⋈⋈⋈⋈⋈∋∋⋈⋈⋈⋈⋈⊤∈⋈⋈⋈⋈≻≺∋⊤∈⋈⊤∈⋈⊞⊤∈⋈⊡⊞⊞⊤∈⋈⊡⊞⋈≺∋⊞⊤∈∋∋∋⊤∈⋈⋈⋈⋈≻∋⋈⋈⋈⋈⋈⋈⋈≻⋈⋈⋈⋈⋈⋈⋈⋈≻⊤∈⋈⋈⋈⋈≻∋⋈⋈⋈⋈⋈⋈⋈≻⊤∈⋈⋈⋈⋈≻≺∋∋⋈⋈⋈⋈≺∋⋈⋈⊤∈∋⋈⋈⊤∈⊤∈⊞⊡⊡⋈⋈⊞⊞⊞⋈⋈⊞⋈⊡⋈⊞⊞⊞⊞⋈⊥⋈⋈⊥⊤∈⋈⊞⊞⋈⊞⊞⊤∈⋈≺∈⋈⊞⊞⊞⊞⊤⋈⋈∈∋≺∋∈⊤∈⊤∈∋⋈≻∋∋∋⋈≻⋈⋈⊞⊞⊞⊞∋⊞⊤⊥≺∋⊞⊤⊥⋈⋈⋈≺⊞⋈≺∋∋⋈⋈⋈≺∋∋∋⊞⋈⋈⋈⋈⋈⋈⊣
0xab70ad9	⊢⋈⋈⋈⋈⋈⋈⊞⋈⋈⋈⊤∈⊤∈⋈⊤∈⋈⊞⋈⊞⋈⊞⊞∈⋈⊤∈⋈⊞⊞⊤∈⋈⋈⊞∈⋈⋈≺∋⋈⊤⊥≺∋⊤⊥⊞⊤∈⊤∈⋈⊤∈⊤∈⋈⊤∈∋⊞⋈≺∋⋈⊤∈∋⊞⋈≺∋⊤∈⋈⊞⊞∈⋈⋈⊤∈⊤∈⋈⋈⊤∈⋈⋈⊞⊥⋈⊤⊥⊞∈⋈⊤∈⋈⊞⋈⋈⋈⋈≻⊤∈⋈⋈⋈≺∋⋈⋈⊙⋈⋈≺⋈⋈≺⋈≺∋∋⋈∋⋈⊞⊥⋈⋈⋈∈⊤∈⊤∈⊞⋈⊤∈⋈⋈≺∋⊞∈⋈⊞⊞∈∋≺∋∋∋⋈⋈⋈⋈⋈⋈⋈⋈⋈⋈⋈≻⋈⋈⋈⋈⋈⋈⋈⋈⋈⋈⋈⋈⋈≻⋈⋈⋈≻⊤∈⋈⊞⋈∋⋈⋈⋈⋈⋈⋈⋈⋈⋈⊤∈⋈⋈≻≺∋∋⊞∋∋⋈⋈⊤∈⊤∈⋈⋈⊤∈⋈⋈⊞⊥⋈⊤⊥⊞∈∋⊞⋈⊤∈⋈⋈⋈⋈≻⊤∈∋∋⋈⋈≻∋⋈⊞⋈⋈⋈≺∋⋈⋈⊙⋈⋈≺⋈⋈≺⋈≺∋∋⋈∋⋈⋈⋈⊤∈∋⋈⋈⋈≻⊤∈⊤∈∋⋈⊞⋈⊞⋈⊤∈∋⋈⊞⋈≺⋈⋈≺∋⊞∈⋈⊞⊞∈∋≺∋⊞⊤⊥⋈⋈⋈⊤∈∋⋈⋈⋈⋈⋈≻⋈≺∋∋⋈⋈≻∋∋⊞⋈⋈⋈⋈⋈⋈⊣
0xabadcb0	⊢⋈⋈⋈⋈⋈⋈⋈⊞⋈⋈⊤∈⋈⊤⊥⊤⊥⊞⋈⋈⋈⋈⊤∈⊤∈⊤∈⋈∈⊤∈⋈⊤∈⊤∈⊤∈⊤∈⋈⊤∈≺∋⊞⋈≺⋈⊤∈⊤∈⋈⋈⋈⋈≻⋈⋈⋈⋈⋈⋈⋈⋈⋈⋈⋈⊞∈⋈⋈⋈⊤⋈⋈∈∋≺⊤∈⋈∈⊤∈⋈⊤∈⊤∈∋⋈≺⋈⋈⋈⋈≻⋈⋈⋈⋈⋈⋈⋈⋈⋈⋈⊞∈⋈⋈⋈⊤⋈⋈∈∋≺⊤∈⊤∈⋈∈∈⊤∈⋈⊤∈⊤∈⊤∈⊤∈⊤∈≺∋⋈⊞∈⋈≺⋈⊤∈⋈⊤∈⊤∈⊤∈⊤∈⊤∈∋⋈≺≺∋∋⊞∋∋⊤∈⋈⋈⋈≻⋈⋈⋈⋈⋈⋈⋈⋈⋈⋈⊞∈⋈⋈⋈⊤⋈∈∋≺⋈⋈≺∋⊤∈⋈∈∈⊤∈∋⋈⋈⊞∈∋∋⋈∋∋∋∋∋∋∋∋∋∋∋∋∋∋⋈⋈⊤∈∋∋∋⋈⋈⋈≻∋⋈∋⊞⋈⊞≻⊤∈⋈⋈⋈≻⋈⋈⋈⋈⋈⋈⋈⋈⋈⊞∈∋∋∋∋⋈⊞⋈⋈≻⋈⋈⋈⋈⊤⋈∈∋≺∋∋∋∋⊞⋈⋈⋈⋈⋈⋈⊣⋈⋈≺∋
0xab607f0	⊢⋈⋈⋈⋈⋈⋈⊞⋈⋈⋈⋈⋈⋈⊙⋈⋈⊤∈⋈⋈⋈≻⋈⊤∈⋈⊞⋈⊞⋈⊙⋈⋈⊙≺∋⋈⋈⊤∈⋈⋈⊙∋∋⊞⋈⋈⋈⋈⋈⊣
0xaba1bed	⊢⋈⋈⊤∈⊞≺⊞⋈⊤∈⋈⊤∈⋈⋈⋈⊤∈∈⋈⊞∈∋∋⋈⋈⊞⋈⊞⊞⋈⋈≺∋⋈⊤∈∈⋈⊤∈⋈≻∋⋈≻⊞⋈⋈⊤∈∋⋈≺∋⋈⊤∈⋈⋈⊞⊞∈⋈⋈⊞∈∋≺∋⋈⋈⊞⊞⊞⋈⋈⋈∋⋈⊣
0xab5ce2d	⊢⋈⋈⋈⋈≺
0xabce300	⊢⋈⋈⋈⋈≺
0xab8b0bf	⊢⊤∈⋈⋈⋈⋈⋈⋈⊞∈⋈⊤∈⋈⋈⋈≻∋⋈⊤∈⋈⋈⋈≻∋⊞⊞∈∋⋈⋈⋈∋⊣
0xab8ae52	⊢⊤∈⋈⋈⋈⋈⋈⋈⊞∈⋈⊤∈⋈⋈⋈≻∋⋈⊤∈⋈⋈⋈≻∋⊞⊞∈∋⋈⋈⋈∋⊣
0xab7c6f2	⊢⊤∈⋈⋈⋈⋈⋈⊞∈⋈⋈⊞∈⋈⋈⋈≻∋⋈⋈⋈⋈≻⊞⊞∈∋⊞⋈⋈∋⊣
0xaba1aa3	⊢⋈⋈⋈⋈⋈⋈≺
0xabcc400	⊢⋈⋈⋈⋈⋈⋈≺
0xab60af0	⊢⋈⋈⋈≺
0xabab620	⊢⋈⋈⋈⋈⊞⋈⋈⋈⋈⊤∈⊤∈⊞⊞⋈≺∋∋⊞⋈⋈⋈⋈⊡∈⋈⋈⊞⊞⋈⋈⋈⊤⋈∈∋⊞⋈⊞⋈⊞⋈⋈⋈⋈≻⋈⊞⋈⋈⋈⊣
0xab5ce40	⊢⋈⋈⋈⋈⋈⋈⋈⋈⋈⋈≻⊤∈⋈⋈≻⋈⋈⋈⋈⋈⋈⋈⋈⊤∈⊞∈⋈⋈≻∋⋈⋈∈⋈⊞⋈⋈⋈≻⋈⋈⊤∈∋≺∋⋈⋈⋈⊙⋈⋈⋈⋈⋈⊞⋈⋈⋈⋈⋈⋈⊣⋈⋈⋈⋈⊙⋈⋈⋈⋈⊞⋈⋈⋈⋈⊣
0xab84faf	⊢⋈⋈⋈⋈⊞⋈⋈⋈⋈⋈⋈⋈⋈⋈⋈⋈⋈⋈≻⋈⋈⋈⋈⋈⋈⊞∈⋈⋈⋈≻∋⋈⊤∈⋈⋈⋈≻∋⊞⋈⋈⋈⋈⊣
0xabca7f0	⊢⋈⋈⋈⋈⋈⋈⋈⊞⋈⋈⋈⊤∈∈⋈⋈⋈⊙⊤⊥≺⋈⋈⋈⋈⋈⊤∈⋈⊤∈⋈≺⋈⊤∈⋈⋈⋈⊤∈∋∋∋⋈⊤∈⋈⋈⊞⊞⊞⊞⋈⊞⊞⊞⊞⊞⋈⋈⋈⋈⋈⋈⊤⊡⊡⋈⋈∈⊞⊞⋈⋈⊞⊞⋈⊡∈⊡⊡⊡⊡⊞⊡⊡⊡⊡⊞⊞⊞⊤∈⋈⋈⊞⊡⊡⊡⊡⊡⊡≻⊡⊡⊡⊡⊡⊡⋈⊡⊡⋈≺⊞∋⊞⊞⊞⊞⊤∈⋈⋈⋈⋈⊡⊡⊡⊡≻⊡⊡⊡⊡⋈⊡⊡⊞≺∋⊞⊞⊞⊞⊤∈⋈⋈⋈⋈⊡⊡≻⊡⊡⋈⊡⊡⊞≺∋⊞⊞⊞⊞⊤∈⋈⋈⋈⋈≻⋈⊡⊡⊞≺∋⋈⊞⊤∈⊤∈∋≺∋∋⋈⊞⊤∈⊤∈⊡⋈⋈⊡∈⊡⊡⊞⊞⊞⊞⊤∈⋈⋈⊞≻⊡⊡⋈≺⊞∋⋈⊞⊤∈⊞⊤∈∋≺∋∋∋⊞⋈⊞⊡⋈⊡⊞⊞⊞⊞⊤∈⊞⋈⋈⋈⋈≻⊞≺⋈⊡∈⋈⋈⋈⊙⊤∈⊞⊞⊤∈∋⋈⋈⋈⋈⋈≻⊤∈⊤∈⋈⋈⋈⋈⊤∈⊤∈∈⊤∈∋∋⊤∈⋈⊤∈⋈⊞⋈⊞⊤∈⊞⊞⋈≺⋈⊞⊞⊞⊤∈⊞⊞⋈⋈⊞⊞⊞⊞⊞⊞≺∋∋∋⋈⊤∈⋈⊤∈⋈⊤∈⊤⋈⊞∋∋⊞∈⊤∈⊤∈⋈≺≺∋∋∈⋈⋈≻∋∈∋∋∋⊤∈⋈⊤∈⊤≺⋈⋈⋈⋈⋈⋈⊤∈⋈⋈⊤∈⋈⋈⋈⋈≺∈⋈⊞∈⊞⋈⋈∈⊤∈⋈∈⊞∈⊤∈⋈⊤∈⋈⊤∈∋⊞≺⋈⊞⊤∈⋈⋈⊤∈∋⊞⊞⊞≺∋∋⋈⊞⊤∈∋⋈⋈⊤∈∋∋∋∋⊞≺⋈⋈⋈⋈⋈⊞⋈∈⋈⊞∈⊞⊤⋈⊥⋈⋈⊡∈⊤∈⋈∈⊤∈∋∋⋈⊞⊤∈∋⋈⋈⋈≻⋈⊤∈∋∋⋈⋈≻∋⊞⋈⊤∈∋⊞⋈≺⋈⊞⊤∈⊞≺∋⊤⊥⋈≻⋈⋈⊤∈∋⊞⊞⊞≺∋⊞∋⋈⊞⊤∈∋≺∋∋∋∋∋∋∋∋∋∋∋⊞⋈⊞⋈⋈⋈⋈⋈⋈⊣
0xab8c55c	⊢⋈⋈⋈⊤∈⋈⋈⋈⋈∈⊤∈⋈⋈⋈≻⋈⊞⊞⊞⋈⊞⊞⊞⊞⊞⊞⋈⋈⋈⋈⋈⋈⋈⋈⊞⊤⋈∈∋⊞∋⊤∈⋈⋈⊤∈∋⋈⋈⋈≻⊞⊞⊞⊞⋈⋈⋈⋈≺∋⊤∈⊤∈∋⊞⊤∈∋⋈⋈⋈≻⊞⋈∋⋈⊣
0xab7fa16	⊢⊞⊤∈⊤∈≺⊤∈∋⊞⋈⊞⋈⋈⋈⋈⊞⋈≻⊞⊣
0xaba11cb	⊢⋈⋈⊞⋈⊤∈⋈⊞⊞⋈⊞⊤∈⊞⊞⋈⊞⊤∈⊞⊞⊞⊞⋈⋈⋈⋈⋈⊞⋈⋈⋈⋈≺⊞⋈⋈⋈≺⋈⋈≺∋∋∋⊡⊥⊞⋈⋈⊞⋈⋈⊤∈⋈⋈⋈⋈⊙∋⊞⋈⊣
0xaba1288	⊢⋈⋈⋈≺
0xabc16d0	⊢⊤∈⋈⋈⊤∈⋈⋈⋈⋈⊞⋈⋈⋈⋈⋈≺∋⋈⋈⊣⋈⋈⊤∈⋈⋈⋈⋈⋈⊣⊞⋈⋈⋈⋈⋈⋈⊞⊞⋈⊞⊞⊞⊞⋈⋈⊣
0xabc3420	⊢⋈⋈⊤∈⋈⋈⊞⊞⊞⊞⊡∈⋈⊤∈⊤∈⋈⋈⋈⊣∋⋈⋈⊞⊞⊞⊤∈⋈⋈⋈⋈⊣⊞⊞⊞∈∋⋈⋈≺∋⋈⋈⋈⋈⊣
0xabc15e0	⊢⋈⋈⊞⊤∈⋈⋈⋈⋈⋈⋈⊣⋈⋈⊞⊙
0xabcb380	⊢⋈⋈⋈⋈⋈⋈⋈⊞⋈⊤∈⋈⊞⊞⋈⊞⊤∈⊞⊞⋈⊞⊤∈⊞⊞⊞⊞⋈⋈⋈⋈⋈⊞⋈⋈⋈⋈≺⊞⋈⋈⋈≺⋈⋈≺∋∋∋⋈⋈⋈⊤⋈⋈⊥⊞⊞⊤⋈⊥⋈⋈⊙⊞⋈⊤∈⋈⋈⊤∈⋈≻∋⋈⋈∋⊤⊥⊞⋈⋈⋈⋈⋈⋈⊣
0xabcb4b0	⊢⋈⋈⋈≺
0xabcb780	⊢⋈⋈⋈⋈⋈⋈⋈⊞⋈⊤⋈∈⋈⊞⊞⋈⊞⊤∈⊞⊞⋈⊞⊤∈⊞⊞⊞⊞⋈⋈⋈⋈⋈⊞⋈⋈⋈⋈≺⊞⋈⋈⋈≺⋈⋈≺∋∋∋⋈⋈⋈≺∈∈⋈⋈⋈⊙⊤∈⊙⋈⊤∈⊞⊞⊤∈∋⊤∈⋈≺∋⋈⋈⊤∈⋈≻∋⋈⋈⋈⊞∈⋈⋈⋈⋈≻⋈⋈≻⊞⋈⊤∈∋∋⊞≺∋⊞⋈⋈⋈⋈⋈⋈⊣
0xabcb8d0	⊢⋈⋈⋈≺
0xabcb8f0	⊢⊞⊣
0xab84f27	⊢⋈⊞⊤∈⋈⋈≺⊤∈⋈⊞⊞⋈⋈≺∋∋⊤∈⋈⋈≺⊤∈⋈⊞⊞⋈⋈≺∋∋⊤⊥∈⊞∈⊤∈⊞⊣⋈⊤⋈∈∋⊥∋⊣
0xab5cf29	⊢⋈⋈⊞⊤∈⋈⋈≺⊤∈⋈⊞⊞⋈⋈≺∋∋⊤∈⋈⋈≺⊤∈⋈⊞⊞⋈⋈≺∋∋⋈⊤∈⋈⊞⋈⊙⊤⊥⊞∋⊣
0xab5de80	⊢⋈⋈⋈≺
0xabcbe10	⊢⋈⋈⋈≺
0xab8c509	⊢⋈⋈⋈≺
0xaba1bdb	⊢⋈⋈⋈≺
0xab5ea60	⊢⋈⋈⋈≺
0xaba5cd0	⊢⋈⋈⋈⋈⋈⋈⋈⋈⊤∈⋈⋈⋈⋈⋈≺∈∈⋈⋈⋈⊙⊤∈⊙⋈⊤∈⊞⊞⋈≺⊤∈∋⊤∈⋈⊞∈⋈⋈⋈⋈≻⊞⋈⊤∈∋∋∋⊞∋∋⋈⊞⋈⋈⋈⋈⋈⋈⊣
0xaba5b70	⊢⋈⋈⋈⋈⋈⋈⊞⋈⋈⋈⋈⋈⋈⋈≻⋈⋈⊤∈⋈⊞⊤∈⋈⋈⋈⋈⊤∈⋈⊙∋⊤∈⋈⊙∋⋈⊙≺∋⊞⊤∈∋⊞⋈⋈⋈⋈⋈⊣⋈⋈⋈≻⊣
0xabca490	⊢⋈⋈⊣
0xabca4a0	⊢⊞⊣
0xabca4b0	⊢⊣
0xabca480	⊢⋈⋈⋈⊣
0xab4e9a0	⊢⊞⊤∈⊣⋈⊤⋈∈⋈≻∋≻⋈⋈⊣
0xabd64a0	⊢⋈⋈⊞⊥⊤∈⋈⊤∈⋈⊤∈∋∈⊞⊤∈⊞≺∋⋈⊞⊤⋈∈∋≺∋∋⊤∈⋈⊞⋈⊣⊣
0xabd62f0	⊢⋈⊤∈⊤∈⋈⊞⊞∈⋈⊞⊞⋈⋈⊞⋈⊣⋈⊞⊞⋈⋈⊞⋈⊣⋈⋈⊞⊞⋈⊣⋈⊞⋈⊞⋈⊞⋈⋈⋈⊞⋈⊞⊤⊥⋈⊞⋈⊞⊞⋈⋈⊞⊞⊞⊥⋈⋈⊞⋈⋈⊞⊞⊞⊞⊤⊞⊞⋈⋈⊣
0xabd6518	⊢⊞⊞⊞⊣
0xabd64fc	⊢⊞⊞⋈⊤∈⊙∋⊞⊣
0xabd6420	⊢⊞⋈⊞⊞⊤∈⊤∈⊤∈⋈⊣∈⋈⊣⊞⋈⊞⊤∈⋈⊞⊤⊥⋈⊞⊞⊞⊞∋∋∋⊣
0xab4e930	⊢⋈⋈⊤∈⋈⊤∈∋⊣⊙
0xab4e9e0	⊢⋈⋈⊞⋈⊞⊞⊞⊞∈⋈⊤∈∋⊣⊙
0xab5cfb0	⊢⋈⋈⋈⋈⋈⋈⊞⋈⋈⋈⋈⋈⋈⋈⋈⋈⊡∈⋈⋈⊞⊙⊤∈⋈⋈⋈⋈⊞⋈⊡∈∈⊤∈⋈⊤⋈∈∋⊤∈⋈⊙⊤∈∋⋈⋈⊞⊞⊙⋈⊤∈∋⋈≺∋⊙⋈⊤∈∋⊤∈⋈⋈⊞∈⊞⋈⊞⊙⋈⊤∈⊤∈⋈⋈⊞⊞⊙⋈⊤∈∋∋⋈⋈⊞⊙⊤∈⊤∈⊤∈⋈⊙⊤∈∋⋈⋈⊞⊞⊙⋈⊤∈∋∋∋⋈⋈⊞⊙⊤∈⊤∈⊤∈⋈⊙⊤∈∋⋈⋈⊞⊞⊙⊤∈∋∋∋∋∋⊙∋∋∋∋⋈⋈⊙⊤∈⋈⋈⋈≻⋈⋈≻≻⋈⊙⋈⋈⊞⋈⋈⋈⋈⊙⋈⋈⊙⋈⊤⊥∈⋈⋈⋈⋈⋈⊙⋈⊤∈⋈⋈⊙⋈⊤∈⋈⋈⊤∈⋈≻≺⋈⊞⊞∈∋⋈⊞⊞⋈⊞⊞≺∋⋈⊞⊤⊥⊞⋈⊞≺∋⊞⋈⋈⋈⋈⋈⋈⋈⋈⋈⋈⋈⋈⊞⊙⊤∈⋈⊤∈⋈≻⋈⊤∈⋈⊙⊤∈⋈⋈⋈⋈≻∋⊞∋⋈⋈⋈⋈⋈⊞⊙∋⋈⋈⊞⊙⊤∈⋈⊤∈⋈≻⋈⊤∈⋈⊙⊤∈∋⋈⋈≻⋈⋈⋈⋈≻∋∋⋈⋈⋈⋈⋈⊞⊙∋⋈⋈⋈⋈⊤∈⋈⊡∈⊤∈≻≺⋈⊡∈∋⋈∋⋈⋈≻⋈⊤∈∋⋈⋈⋈⋈⋈⋈⋈⊞≻≺∋⊙⋈⊞⊡∈⊤∈⋈≻∋⋈⋈≺∋≻≺⋈⊡∈⊙≺∋⊞⊞⋈⋈⋈⋈⋈⋈⊣
0xaba4a00	⊢⋈⋈⋈⋈⋈⋈⋈⊞⋈⊤∈⋈⋈⋈⋈⋈⊙⋈⋈⋈⋈⊙⋈⊤⊞⋈⊙⋈⋈⋈⋈⊤∈⊞⋈⋈⊤∈⋈≺⋈⋈⊤∈⋈⊡∈⋈⊤⋈∈∋≺∋⋈⊞⊞⊞⊡∈⋈⋈⋈⊞⊞⊞⊞⊞⊤∈∋⊤∈⊤∈⋈≺⋈⊞⋈⋈⋈⋈⋈⋈⊡⊤∈∋∋⋈⊤∈⋈⋈≺⋈⋈⋈⊞⊙⊤∈⋈⋈⊞⊙⋈⊞⊞⊤∈∋∋⋈∋∋⊞⋈⋈⋈⋈⋈⋈⊣⋈⋈⊞⋈⊙
0xabd63c0	⊢⊞⋈⊞⊞⊤∈⋈⋈⊞⊤⋈⊥⋈⊞⊤∈⊞⊞∋∋⊣
0xabd6550	⊢⊙
0xabd6540	⊢⊙
0xab4e951	⊢⊡
0xab4e959	⊢⊡
0xab4e992	⊢⊡
0xab4e999	⊢⊡
0xab4e9d5	⊢⊡
0xab4e9d9	⊢⊡
0xab4f9a2	⊢⋈⋈≺
0xab4ff44	⊢⋈⋈⋈≺
0xab54ae7	⊢⋈
0xab54af9	⊢⋈⊡
0xab5d554	⊢≻
0xab5dcb2	⊢⋈⊤∈⋈⊙∋⋈≻
0xab5e196	⊢⊡
0xab5e1d5	⊢⊡
0xab5e3a3	⊢⊡
0xab5e454	⊢⊞≺
0xab5e479	⊢⋈≺
0xab5e51b	⊢⋈⊤⊥⊞⋈⋈⋈⋈⋈⋈⊣
0xab5e602	⊢⊡
0xab5e7c6	⊢⊡
0xab5e836	⊢⊡
0xab5e887	⊢⊡
0xab5e8fa	⊢⊡
0xab5e98d	⊢⊡
0xab5eb4d	⊢⋈≺
0xab5ec34	⊢⊞≺
0xab5f024	⊢⋈≺
0xab5f101	⊢⋈≺
0xab5f201	⊢⋈
0xab5f2c7	⊢⊡
0xab5f75b	⊢⊡
0xab5f788	⊢⊡
0xab5f7c3	⊢⊡
0xab601b2	⊢⊡
0xab6020b	⊢⊡
0xab60238	⊢⊡
0xab602b1	⊢⊡
0xab6033b	⊢⊡
0xab60362	⊢⊡
0xab603eb	⊢⊡
0xab60bfe	⊢≻
0xab612ab	⊢⊡
0xab612fc	⊢⊡
0xab61346	⊢⋈≺
0xab61360	⊢⊞≺
0xab613ca	⊢⋈⊡⊞⊞⋈⊡∈⋈⊤∈⋈⋈⊙⊞⊤∈∋≺
0xab61487	⊢⊡
0xab62316	⊢⊡
0xab623c7	⊢⊡
0xab62477	⊢⊡
0xab62526	⊢⊡
0xab625b3	⊢⊡
0xab62ed8	⊢⊡
0xab62efc	⊢⊡
0xab62fb8	⊢⊡
0xab63984	⊢⊡
0xab63a27	⊢⊡
0xab6567d	⊢⋈⋈⋈⋈⊤∈⊞≺
0xab65be0	⊢⋈⋈⋈⋈⋈⋈≻⋈⊞⊞⋈⋈⋈⋈⋈⋈⋈⋈≻⋈⋈⋈⋈⋈⋈⋈⋈⋈⋈⋈⊙⊤∈⋈⋈≺
0xab695f5	⊢⋈⋈≻⋈≻≻
0xab8764d	⊢⋈⋈⋈≻⋈⋈⋈⋈⋈⋈⋈⋈⋈⋈≺
0xab88f2a	⊢⋈≺
0xab89046	⊢⊞⋈≻⊞
0xab8a7d0	⊢⋈⋈≺
0xab8b3f0	⊢⋈⊤∈⋈⋈⋈⋈≻∋⋈⊙⋈≻
0xab8b7d4	⊢≺
0xab8bf8d	⊢≺
0xab8bfb3	⊢⋈⊤∈⋈⋈⋈⋈≺
0xab8cb85	⊢⊞
0xab8cb87	⊢⋈⋈
0xab8cb91	⊢⊞∈
0xab8cb95	⊢⋈
0xab8cb9a	⊢⊞∈∋⋈⋈
0xab8cba5	⊢⊞∈⊞⋈⋈⊣
0xab8cc6e	⊢⊞
0xab8cc72	⊢⊞∈∈⊞⊞⊡⊣
0xab8cc91	⊢⊞∈⋈⊞⊞⊤∈⋈⋈⊤∈
0xab8ccb6	⊢⊞∈⊞∈
0xab8ccc0	⊢⊞∈⊡⊞∈∈⊞≺
0xab8ccd2	⊢⊞⊣
0xab8ccd6	⊢⊞⊞
0xab8ccda	⊢⊞⊞⊞⊤∈
0xab8cce2	⊢⊞⊞⊣
0xab8ccfc	⊢⊞∈∈⊞
0xab8cd05	⊢⊞⊞⋈⊤∈⊞≺
0xab8cd1a	⊢⊞∈
0xab8cd1e	⊢⊞⊞
0xab8cd21	⊢⊞⊤⊥⊞⊞≺
0xab8cd3b	⊢⊞⊞
0xab8cd3e	⊢⊤∈⊞≺
0xab8cd49	⊢⊞⊞
0xab8cd4c	⊢⊤∈⊞⊞⊞≺
0xab8cd60	⊢⊞⊞⊡⋈⊞⊞⊞≺
0xab8d003	⊢⊞
0xab8d005	⊢⋈⋈⊞⊤∈⊤∈⊞∈⊞⊤⊥⊞⊞⊤∈∋≺
0xab8d03e	⊢⋈⊞⊞⊞∈⊞⊤⊥⊞⊞⊤∈∋⊤∈⋈⊤∈⋈⋈⋈
0xab8d08c	⊢⊞∈
0xab8d090	⊢∈⊡⊞⊞⊞⋈⊞⊞⊞⊞⋈⊞⊞⊞⊞⊞⊞
0xab8d0c8	⊢⊞∈⊞∈⊡≺
0xab8d0fe	⊢⊞∈
0xab8d102	⊢⊞
0xab8d107	⊢⊞⊞⊡⊞⊞⋈⊞⊞⊞⊞⋈⊞⊞⊞⊞⊞⊞
0xab8d136	⊢⊞∈
0xab8d13a	⊢⊞
0xab8d13e	⊢∈⊡⊞⊞⊞⋈⊞⊞⊞⊞⋈⊞⊞⊞⊞⊞⊞⊞⊤∈⋈⊤∈⋈
0xab8d194	⊢⊞∈
0xab8d198	⊢∈⋈⋈⊞⊞⊞⋈⊞⊞⊞⊞⋈⊞⊞⊞⊞⊞⊞⊞⊤∈⊞⊤∈∈⊞⊤⊥⊞⊞⊤∈∋∋⊞≺
0xab8d235	⊢⊡
0xab8d23a	⊢∈⋈⋈⊞⊞⊞⋈⊞⊞⊞⊞⋈⊞⊞⊞⋈⊞⊞⋈⊞⊞⊤∈⊞⊤∈∈⊞⊤⊥⊞⊞⊤∈∋∋⊞⋈⋈
0xab8d2a9	⊢⊞∈
0xab8d38b	⊢⊞⋈⋈⋈⋈⋈≺
0xab8e884	⊢⋈⋈⊞⋈≺
0xab8ed2b	⊢⋈⊞⋈⊞⋈≺
0xab8edc2	⊢⋈⋈⋈⋈≻⋈⋈⋈⋈≻⋈⋈⋈
0xab8ee59	⊢⋈
0xab8f5e7	⊢⊤∈⊤∈⋈≺
0xab8f731	⊢⋈⋈≺
0xab8f78e	⊢⋈≺
0xab9d841	⊢⋈⊤∈⋈⋈≻⋈⊤∈∋⋈⋈≻⋈⊤∈⊤∈⋈⋈⊤∈⋈⋈≻⋈⊤∈∋⋈⋈≻⊤∈∋⋈⋈⊤∈⋈≺
0xab9dbcb	⊢⋈⊤∈⋈⋈≻≺
0xab9dc81	⊢⋈⊤⋈∈⋈⋈⊤∈⋈⋈≻⊤∈∋⋈⋈⋈≻≺
0xab9df49	⊢⊤∈⊤∈⊞⋈⋈⊤∈⋈⋈≻⋈⊤∈∋∋∋⋈⋈≻
0xab9dfcb	⊢⋈⋈⋈≻⋈⊤∈⋈≻⊤∈⊤∈⊤∈⋈⊤∈⋈⋈≺
0xab9e182	⊢⊤∈⋈⊤∈⋈⋈≻⋈⊤∈∋∋⋈⊤∈⋈⋈≻⋈⊤∈∋⋈≻⋈⊤∈⊤∈⋈⊤∈⋈⋈≻⊤∈∋⋈⊤∈⋈≺
0xab9e2f0	⊢⊤∈⋈⊤∈⋈⋈≻⋈⊤∈∋∋⋈⊤∈⋈⋈≻⋈⊤∈∋⋈≻⋈
0xab9e3fc	⊢⋈⋈⊤∈⋈⋈⊤⊥⋈⋈⊞≻⋈⊤∈∋⋈⋈
0xab9e454	⊢⋈⊤∈⋈⋈≺
0xaba1866	⊢⋈⋈⋈⋈⋈⋈⊙
0xaba38e2	⊢⋈⊤∈⋈⋈≺
0xaba3a2e	⊢⋈⊤∈⋈⋈≺
0xaba3b0f	⊢⋈≻⋈≺
0xaba3b69	⊢⋈⋈≻⋈≺
0xaba4ab1	⊢⋈⋈≺
0xaba4ac7	⊢⋈⋈⊤∈≺
0xaba4c83	⊢⋈⋈⋈⊞≺
0xaba4cd0	⊢∈⋈⋈⊞⊞⊞⊞⊞⊤∈∋⊞⊞⊞∈⋈⋈⊞⊞⊞⊞⊞⊤∈∋≺
0xaba4f22	⊢⋈⋈⋈⊞⋈⊙⋈⋈⊞⊙⋈⋈⊙⋈≺
0xaba4f85	⊢⋈≺
0xaba55a4	⊢⋈⋈⋈⋈⋈⋈⋈≻⋈⋈≻≺
0xaba5637	⊢⋈⋈⋈⋈⋈⋈⋈≻⋈⋈≻≺
0xaba56cc	⊢⋈⋈⋈≻⋈⋈≻≺
0xaba586e	⊢≺
0xaba59b8	⊢⊡
0xaba5c1d	⊢⋈⊤∈⋈⊙∋⋈⊙⋈≻⋈⊤∈⋈≻∋⋈≻≻
0xaba610c	⊢⋈≺
0xaba6180	⊢≻⊣
0xaba62f5	⊢⋈⊡⋈≻
0xaba885e	⊢⋈⋈≺
0xabaaedd	⊢≺
0xababb2c	⊢⊡
0xababd94	⊢⊡
0xababfb2	⊢≺
0xabac250	⊢⋈⊤∈⋈⊙∋⋈⊙⋈⊙⋈≻⋈⊤∈⋈⊙∋⋈⊙⋈≻
0xabac9b6	⊢⋈⊤∈≺
0xabaca1b	⊢⊡
0xabacaf5	⊢⊡
0xabad178	⊢⊡
0xabada77	⊢⋈⊤∈⋈⊙∋⋈≺
0xabadc8b	⊢⋈⋈⊤∈⋈⊙∋⋈≻
0xabae11b	⊢⊡
0xabae3d9	⊢⋈⊤∈⋈⊙∋⋈⊙⋈≻
0xabae49f	⊢⋈⊤∈⋈⊙∋⋈⊙⋈≻
0xabaed4a	⊢⋈⊤∈⋈≺
0xabb0017	⊢⊤∈⋈≺
0xabb00c6	⊢⊤∈⋈≺
0xabb0276	⊢⊤∈⋈≺
0xabb1936	⊢≺
0xabb1c8a	⊢⋈⋈≻≺
0xabb2315	⊢⊡
0xabb2379	⊢⊡
0xabb2586	⊢⊡
0xabb26a5	⊢≺
0xabb2743	⊢⋈⋈≻≺
0xabb27bb	⊢⋈⊞⋈≻⋈≻≻
0xabb28f7	⊢⊡
0xabb2ad1	⊢⊡
0xabb3031	⊢⋈⊤∈⊞⋈⋈⋈⋈⋈⊞⊞⋈⊞⊞⊞⋈⊞⋈⊤∈⊤∈⊡⋈⋈⋈⋈⋈⊞⊞⊞⊞⊞⊞⊞≺
0xabb30e0	⊢⋈⊤∈⊞⋈⋈⋈⋈⋈⋈⊞⊞⊞⊞⊞⊞⊞⋈≺
0xabb3244	⊢⊤∈⊡⋈⊞⋈≺
0xabb332c	⊢⊡
0xabb3687	⊢⊡
0xabb3ef4	⊢⋈⋈≻⋈⋈⋈⋈⋈⊡
0xabb3fcc	⊢⋈⋈≻⊤∈⋈⋈≺
0xabb401c	⊢⋈⋈≻⋈⊤⊥⊤∈⋈⋈∋⋈⊞⋈≺
0xabb40d3	⊢⋈⋈≻⋈⋈⋈⋈⋈≺
0xabb4786	⊢⊤∈⋈≺
0xabb4924	⊢⊤∈⋈≺
0xabb558a	⊢⋈⋈⋈⋈≺
0xabb5733	⊢⋈⊞⋈≻⋈≻
0xabb5782	⊢⋈⊤∈⊡∈⋈⊙∋∋⋈≻
0xabb5d57	⊢⊡⋈⊞⋈⊞⋈⊞⋈⊞⊞⋈⊞⊞⋈⋈⋈⋈⊞⊤∈
0xabb5dba	⊢⋈⋈⊞⋈⊞⋈⊞≺
0xabb62b5	⊢⋈⋈≺
0xabb6326	⊢⊡
0xabb6365	⊢⋈⊤∈⋈⊞⋈⊞⋈⋈⊞∈⊞≺
0xabb64c5	⊢⋈≺
0xabb64f0	⊢∈⋈⊤∈⊤∈∋⋈⋈⊞⊞⊞⊤∈⊞⊞⊞∈∋≺
0xabb67fc	⊢⊤∈⊤∈⋈⊞⊞⋈∈⊤∈⊞⊞⊞⊞⊤∈∋≺
0xabb6924	⊢⋈≺
0xabb6df7	⊢⊞⊞⊞⋈⊞⊞⊤⊥∈⋈⋈≺
0xabb707a	⊢⊤∈⋈⊞⊞⊞⊞∈⋈⊤∈⊤∈∋⋈⋈⋈⊞⊞⋈⊡⋈⊤∈⊞⋈⊞∈∋≺
0xabb7585	⊢⊡
0xabb7648	⊢⋈⋈⊞⊞≺
0xabb7826	⊢⊡
0xabb784c	⊢⋈⊞⋈⊞⋈⊞⊞≺
0xabb78c9	⊢⋈⋈⊞⋈≺
0xabb791c	⊢⊞⊞⋈⊞⊞⋈≺
0xabb79a5	⊢⊞⋈⊞⊞⋈≺
0xabb7ade	⊢⋈⊞≺
0xabb7b67	⊢⊞⋈≺
0xabb7c32	⊢⋈≻≺
0xabb7c66	⊢⋈⋈⋈≻
0xabb7c78	⊢≺
0xabb7e96	⊢⋈⋈⊞⋈⊞⋈⊞≺
0xabb8255	⊢⊡
0xabb838b	⊢⊡
0xabb854a	⊢⋈⋈⊞⋈⊞⋈⊞⊞≺
0xabb8ae5	⊢⋈⋈≺
0xabb8bf2	⊢⋈⋈≺
0xabb8d3b	⊢⊡
0xabb8db7	⊢⊡
0xabb8e7d	⊢⊡
0xabb8fa1	⊢⋈⋈⋈⊤∈⊞⊞∈⊞⊡∈⊤∈⊞⊤∈∋≺
0xabb9081	⊢⋈⋈⋈⊤∈⊞⊞∈⊞⊡∈⊤∈⊞⊤∈∋∋∋⋈⋈⋈⋈⊣
0xabb92ba	⊢⊡
0xabb9723	⊢⊡
0xabb9a71	⊢⊡
0xabb9b62	⊢⊡
0xabb9c0b	⊢⊡
0xabb9cb4	⊢⊡
0xabb9db4	⊢⊡
0xabb9e8a	⊢⊡
0xabb9f5a	⊢⊡
0xabba3ab	⊢⊡
0xabba62b	⊢⊤∈⋈≺
0xabba6cb	⊢⊤∈⋈≺
0xabba7e8	⊢⊤∈⋈≺
0xabba84b	⊢⊤∈⋈≺
0xabbab9c	⊢⊡
0xabbad7e	⊢⋈⋈⋈⊞
0xabbaf1c	⊢≺
0xabbb1e9	⊢⊡
0xabbb2aa	⊢⊡
0xabbb739	⊢⋈⋈⊙⊤∈≺
0xabbb7ed	⊢⊤∈⋈⋈⋈⋈⋈⋈⋈⊞⊤∈⊤∈⋈⋈⋈⋈⋈⋈⊞⊞⋈⊞⊤∈⊤∈⊞⋈⋈⋈⋈⊤∈⋈⊞⋈⊞⋈≺
0xabbb8a4	⊢⊤∈⋈⊞⊞⊞⊞⊡∈⋈⊤∈⊤∈∋⋈⋈⊞⊞⊞⊤∈⊞⊞⊞∈∋≺
0xabbbf60	⊢∈⊤∈⊞⊤∈∋≺
0xabbc404	⊢⋈⋈⋈⋈⊞⋈⊞⋈⊞⋈≺
0xabbc93b	⊢⋈⋈⋈⋈⊞⋈⊞⋈⊞⋈⋈≺
0xabbcacb	⊢⊡
0xabbcee7	⊢⊤∈⋈⋈≻⋈⋈⋈⋈⋈⋈⋈⋈≻⊞⋈⋈⋈⊤∈⋈≺
0xabbcfd7	⊢⋈⊞⊤∈⋈⋈⊞⋈⊙
0xabbd87d	⊢⋈⋈⋈≺
0xabbd902	⊢⋈⊞⊞⋈⋈⋈⋈⋈⊞⋈⋈⋈⊞⋈⋈⋈≺
0xabbdbb5	⊢⊡
0xabbdc1d	⊢⊡
0xabbdc90	⊢⋈⊤∈⊤∈≺
0xabbdd0b	⊢⋈⋈⊤∈⋈⋈⊞⊙
0xabbdd50	⊢⋈⋈⊤∈⋈⋈⊞⊙
0xabbe11e	⊢⋈⋈⊞≺
0xabbe187	⊢⋈≺
0xabbe1b1	⊢⋈⋈⋈≺
0xabbe463	⊢⋈≺
0xabbea14	⊢⊡
0xabbec0d	⊢⋈≺
0xabbec24	⊢⋈≺
0xabbec5d	⊢⋈≺
0xabbec74	⊢⋈≺
0xabbedcd	⊢⊡
0xabbedea	⊢⊡
0xabbef21	⊢⊡
0xabbf0e9	⊢⊡
0xabbf146	⊢⊡
0xabbf1c1	⊢⊡
0xabbf216	⊢⊡
0xabbf43b	⊢⊡
0xabbf454	⊢⊡
0xabbf55c	⊢⊡
0xabbf5c3	⊢⊡
0xabbf5fd	⊢⊡
0xabbf694	⊢⊡
0xabbf6cd	⊢⊡
0xabbf8e5	⊢⊡
0xabbf94a	⊢⊡
0xabbf9e9	⊢⊡
0xabbfa57	⊢⊡
0xabbfeb2	⊢⋈⋈≺
0xabbfefa	⊢⋈⊞≺
0xabbff4c	⊢⊤∈⋈⋈⋈⊞⊞⊡∈⋈⊤∈⊤∈∋⋈⋈⊞⊞⊞⊤∈⊞⊞⊞∈∋≺
0xabc0023	⊢⊤∈⋈⋈⋈⋈⋈⋈⊞⊤∈≺
0xabc0320	⊢⋈⋈⋈⋈≺
0xabc0361	⊢⋈⊞⊞⋈≺
0xabc03b4	⊢⋈⊞⋈⋈⋈⋈⋈≺
0xabc0511	⊢⊤∈⋈⋈⋈⊞⊞⊡∈⋈⊤∈⊤∈∋⋈⋈⊞⊞⊞⊤∈⊞⊞⊞∈∋≺
0xabc058d	⊢⋈⋈⋈⊞⋈∈⋈⊞⋈⋈⋈⋈≺
0xabc0eb0	⊢∈⋈⊤∈⊤∈∋⋈⋈⊞⊞⊞⊤∈⊞⊞⊞∈∋≺
0xabc1576	⊢⋈⋈⋈≺
0xabc1601	⊢⋈⋈⊤∈⊞⋈⋈⋈⋈≺
0xabc1880	⊢⋈⋈⊙⋈≻
0xabc198b	⊢⊡
0xabc1a27	⊢⊡
0xabc1c7d	⊢⊡
0xabc1c97	⊢⊡
0xabc1f28	⊢⊡
0xabc2101	⊢⊡
0xabc24fb	⊢⊡
0xabc262c	⊢⊡
0xabc2738	⊢⊡
0xabc2b48	⊢⋈⋈≻≺
0xabc2bab	⊢⊡
0xabc2c55	⊢⊡
0xabc2cd3	⊢⊡
0xabc34fb	⊢⊡
0xabc3688	⊢⋈⋈⋈⊡
0xabc3701	⊢⊞⊤∈⋈⋈⊞⊙
0xabc3753	⊢⊞⊞⊞∈⋈⋈⋈⋈⋈⋈⋈⋈≺
0xabc3b81	⊢⋈⋈⊤∈⊞⋈⋈⋈⋈⊞∈≺
0xabc3c8f	⊢⋈⋈⊤∈⊞⋈⋈⋈⋈⋈⋈⊞⊞⊞≺
0xabc3e49	⊢⊤∈⋈⋈⊤∈⊞⋈⋈⋈⋈⋈⋈⊞⊞⋈⊞⊞⊞⊞≺
0xabc40bc	⊢⋈⋈⊤∈⊞⋈⋈⋈⋈⋈⊞⋈⊞⋈≺
0xabc4138	⊢⋈⋈⋈≺
0xabc4240	⊢⋈⋈⋈⋈⋈⋈⊣
0xabc43fe	⊢⋈⋈⋈⋈⋈⋈⋈⊣
0xabc448d	⊢⋈≺
0xabc4500	⊢⋈⋈⋈⊞⋈⊞⋈⊞⋈≺
0xabc454b	⊢⋈⋈⋈≺
0xabc4863	⊢⋈⋈≻⋈≻≻
0xabc4c55	⊢⋈⊡∈⊞∈⋈⋈≻⋈≺∋
0xabc4cb2	⊢⊡
0xabc4d13	⊢⋈⋈≻⊡∈⊞∈⋈⋈≻⋈≺∋
0xabc4d93	⊢⋈⊞⋈≻⋈≻
0xabc4e2b	⊢⋈⋈≻⊤∈⋈≻∋⊤∈⋈≻∋⋈⊤∈⋈⋈≻∋⋈≻≻
0xabc54c6	⊢⋈⊡∈⊞∈⋈⋈≻⋈≺∋
0xabc5537	⊢⊡
0xabc5599	⊢⋈⋈≻⊡∈⊞∈⋈⋈≻⋈≺∋
0xabc5965	⊢⋈⋈≻≺
0xabc5aea	⊢⊡
0xabc5f53	⊢⊡
0xabc62a1	⊢⊡
0xabc6392	⊢⊡
0xabc643b	⊢⊡
0xabc64e4	⊢⊡
0xabc65e4	⊢⊡
0xabc66ba	⊢⊡
0xabc678a	⊢⊡
0xabc6aed	⊢⊡
0xabc6ef8	⊢⊡
0xabc7236	⊢⊡
0xabc72d2	⊢⊡
0xabc7433	⊢⊡
0xabc76a2	⊢⊡
0xabc7746	⊢⊡
0xabc77e8	⊢⊡
0xabc7e31	⊢⊡
0xabc7e86	⊢⊡
0xabc7fca	⊢⊡
0xabc7fed	⊢⊡
0xabc8029	⊢⊡
0xabc84d9	⊢⊡
0xabc8516	⊢⊡
0xabc8544	⊢⊡
0xabc8565	⊢⊡
0xabc86f3	⊢⋈⊤∈⋈⋈⋈⋈⊙⊤∈⋈⊤∈⋈⋈≺
0xabc8730	⊢⋈⊤⊥≺
0xabc8e09	⊢⊡
0xabc90f3	⊢⊡
0xabc9203	⊢⊡
0xabc9561	⊢⊡
0xabc9662	⊢⊡
0xabc9812	⊢⋈⊞⋈⋈⋈⊙⋈≻
0xabc984b	⊢⊡
0xabc9a91	⊢⋈⋈⊤∈⋈⊙∋⋈≻
0xabc9c4e	⊢⋈⊤∈≺
0xabc9cd2	⊢⋈⋈⋈⋈⋈⋈⋈⊤∈⋈⊙∋⊤∈⋈⊙∋⋈⊙≺
0xabc9d46	⊢⋈⊤∈⋈⊙≺
0xabc9e47	⊢⋈⊣
0xabc9ea7	⊢⋈⊣
0xabc9f21	⊢⊡
0xabca21d	⊢⋈⊤∈⋈⊙∋⋈⊙⋈≻
0xabca70c	⊢⋈⊡⋈≻
0xabcb017	⊢⊡
0xabcb0f2	⊢⋈⋈⊞⊤∈⋈⊙∋⋈≻
0xabcb366	⊢⋈⋈⋈≻
0xabcb490	⊢⋈⋈⋈≻
0xabcb6dd	⊢⊡
0xabcbb9c	⊢⋈⊤∈⋈≺
0xabcbc41	⊢⋈⊤∈⋈⊙∋⋈≻
0xabcbf9a	⊢⋈⊤∈⋈⊙∋⋈⊙⋈≻
0xabcbfea	⊢⋈⋈⋈⋈⊙⋈⋈⋈⋈⋈⋈⋈⋈⋈≻⋈⋈⋈⋈⋈≻⋈≻≺
0xabcc5f3	⊢⋈⋈≻≺
0xabcc951	⊢⊡
0xabcca28	⊢⊡
0xabccd13	⊢⋈⋈⊤⊥⊤⊥⊞∈⊙∋⋈≻
0xabcd5f9	⊢⊡
0xabce08e	⊢≺
0xabce0a1	⊢≺
0xabce138	⊢⋈⋈⋈⋈⊞⋈⋈⋈⋈≺
0xabce486	⊢⋈⊤⊥⊤⊥⊞∈⋈⊙∋⋈⊙⋈≻
0xabce6d5	⊢⋈≺
0xabce74a	⊢⊡
0xabce842	⊢⊞⊞⋈⊡∈
0xabce866	⊢⊤∈⊞⋈⊡∈∋⋈⋈∈⋈⊤∈⊤⋈⊥⋈⋈⋈⋈⋈⊞⊞⊙⊤∈⊙⊤∈∋∋∋⋈⋈⊞⋈⊞⋈⊞⋈⊙
0xabcecac	⊢⊡
0xabcef80	⊢⋈⋈⋈⋈⋈⊡≺
0xabcf141	⊢⋈⊤∈⋈⊙∋⋈⊙≺
0xabcf1bd	⊢⊤∈⊡
0xabcf212	⊢⊡
0xabcf264	⊢⊤∈⋈⋈⋈⋈⋈⊤∈⋈⊙∋⊤∈⋈⊙∋⋈⊙≺
0xabcf349	⊢⋈⊤∈⋈⊙∋⋈⊙⋈⋈≻⋈≻≻
0xabcf4ed	⊢⊡
0xabcf603	⊢⊡
0xabcf92b	⊢⊡
0xabcfb0f	⊢⋈⋈≻⋈≻≻
0xabd64cc	⊢⊡
0xabd6530	⊢⋈⊙
0xabd6546	⊢⋈≺
0xabd6556	⊢⋈≺
