0x6021d80	⊢⊞⊞⋈⋈⋈⊞⋈⋈⊞⊞⋈⊙⊣
0x60ae164	⊢⋈⋈⋈⋈⋈⊞⊞⊤∈⊞⊞⊞⊞⊞⊞⋈⋈⊞⋈⊞⊞⊞⋈⋈⊞⊞⋈⋈⊞⋈⋈⋈⊞⋈⋈⊡⋈⋈⊞⊞∈⊞⊞⊞∋⋈⊞⋈⊞⋈⋈⊞⊞⊞⋈⊞⋈⋈⋈⊞⊞⊞⋈⊞⊞⊞⋈⊞⋈⊞⋈⊞⊥⊞⊥⊞⋈⋈⊞⋈⋈⊞⊞⋈⊞⊞⊞⊤⊥⊞⊞⊞⊞⊞⊞⋈⋈⊞⊞⋈⊞⋈⊞⊞⊞⋈⋈⊞⊞⋈⋈⊞⋈⋈⋈⊞⋈⋈⊡⋈⋈⊞⊞∈⊞⊞⊞∋⋈⊞⋈⊞⋈⋈⊞⊞⊞⋈⊞⋈⋈⋈⊞⊞⊞⋈⊞⊞⋈⊞⊞⊞⊤⊥⊞⊥⊞⋈⋈⊞⋈⊞⊞⋈⊤⋈⋈⊥⊞≺∋⊞⋈⋈⋈⋈⊞⋈⋈⋈⋈⊣
0x6067710	⊢⋈⋈⋈⋈⋈⋈⊞⋈⋈⋈⋈⊤∈⋈⋈⊞⋈⋈⋈⋈⋈⋈≺⊤∈⋈⊤∈⋈⊤⋈⊥⋈⋈⋈⊤∈⋈⊤∈⋈⊞⊞∋⊞⋈⋈⋈≺∋⊤∈⋈⋈⊤⋈⊥⋈⋈⊞⋈⋈⊤∈∋⋈⊞⊞≻∋⋈⋈⋈⋈⋈⋈⋈⊤∈⋈⊞⋈⋈⋈⊤∈⋈≻⋈⋈⋈⋈⋈⋈⋈⋈⋈⊞⊞⋈⋈⊞⊤∈⋈⋈⋈⋈≻⋈≺∋⊤∈⋈⋈⊞∈⋈⋈⊞⊤∈∋⊞∋⋈⊞⋈⋈⋈⋈⊣⋈⊞⊞⊤⊞⋈⋈⊞⊤∈⋈⋈⋈⋈≻≺∋⋈⋈⋈⋈∈⊤⋈⊥⋈⊤∈⋈⊞⊞∋⋈⊞⋈⊞⊤∈∋≺∋⋈⊞⋈⋈⋈⋈⊣⋈⊤∈⋈⊞⊞∋⊤∈⊞⊞⊞⊤⊞≺∋⊞⋈⊥⋈⋈⊞⊥⊤⊥⊞∈⊞∈⋈⋈≻∋⋈⋈⋈≻⊤∈∋⋈⋈⋈⋈⋈⋈⋈⋈⋈≻⋈⋈⋈⋈∋∋⊞⋈⋈⋈⋈⋈⋈⊣
0x60a1fd0	⊢⋈⋈⊤∈⊞⋈⋈⋈⊞⋈⋈≺∈⋈⋈⊤∈⋈⊞⋈⊞⊤∈⋈⊞⊞⋈≺⋈⊞⊞⊞⊤∈⋈⊞⊞⋈⊡⋈⋈⊞⊞⊞⊞⊞⊞≺⋈≺∋∋∋⋈⊤∈⊤∈⊤∈⋈⊞⊤∈⊤∈⋈⋈⊞⊤∈⊤⊥≺⊤∈⋈⋈≺⊤∈⊤⊥≺∋∋∋⊤∈⊡∋∋⊞⊞⊤∈∋⋈∋∋∋∋⋈⋈≺∋⊞⊞⊣
0x6021e69	⊢⋈⋈⋈⋈⋈⋈⋈⊤∈⋈⋈⊞⋈⋈⋈⋈⊙⋈⋈⋈⋈≻⋈⋈⋈⋈≻⋈⋈⋈⋈⊞⋈⋈⋈⋈⊣
0x605ee2f	⊢⋈⊞⋈⊞⊤∈⋈⋈⊡⋈⋈⋈⊞⋈⋈⋈⋈⋈≻⊤∈⋈⋈⋈⋈⋈≻⊤∈⋈⋈⋈⊣⋈⋈⋈⋈⋈⋈⊞⋈⋈⋈⋈⊞⋈⋈⋈⋈⋈∈⋈⋈⋈⋈⋈⋈⋈⊤∈⋈⋈⋈⋈≺⋈⊞⋈⊞⋈⋈⋈⋈⋈⋈≻⋈⋈⊤⋈⊥⋈⊤⋈⊥⊤∈⋈⋈⋈⋈⋈⋈⋈≻⋈⋈⋈⋈⋈⋈⋈⋈⋈≻⋈≺∋⋈⊤∈⋈⋈⋈⋈≻∋⋈⋈⋈∋⊞⋈⋈⋈⋈⊤∈∋⋈⋈⋈⋈⋈⊞⋈⋈⋈⋈⋈⋈⊣⋈⋈⋈⋈⋈⋈≺∋⊞⋈⊣
0x6021ee7	⊢⋈⊞⋈⊞⊤∈⋈⋈⋈⋈⊞⋈⋈⊞⋈⋈⋈⋈⋈⋈⋈⋈⋈≻⊤∈⋈⋈⋈⋈⋈≻⋈⋈⋈⋈⋈⋈⊞⋈⋈⋈⋈⊞∈⋈⋈⋈⋈⊞⋈⊞⊞⊤⊥⋈⊞⊤∈⋈⋈⋈⊤∈⋈⋈⋈⋈⊞⋈⊞⊤⊞⊡⋈∈⊞⊡⊞⊡⊞⊞∈∋⋈⋈⊤⋈⋈⊥⊤⊥⊞⋈⊙⋈⊞⋈⊞⋈∈⋈⋈⊤∈⋈⋈⋈⋈⊞⋈⊞⋈⋈∈⋈⋈⋈⋈≻⋈⋈⊞⊡⊞⋈⊤∈⋈⋈∈⊞⊞⊡⊞⊞⊤∈∋≺∋⊞⊞⊞⊤∈⊡⊞⊞≺∋⋈⊞⋈⊞⊞⊞⊤∈⊞⋈⊞⋈⋈⋈⋈⋈⊞⋈⊞⋈⋈⊤∈⋈⊞⋈⊞⋈⋈⋈⋈⋈⊡⊡≺∋⋈⊞∋⊤⋈⊞⊞⊤∈∋≺∋⋈⋈⊞⋈⋈≺⊞⊞⋈∈⋈⋈⋈⋈⊞∈∋≺∋⊞⊤⊥⊤∈⋈⊞∈∋⋈⋈⋈≻⋈⋈⋈⋈⋈⋈⊞⋈⋈⋈⋈⊙⊤∈⋈⋈≻⋈⋈⋈⋈⋈⋈⋈⋈⊤∈⊞∈⋈⋈≻∋⋈⋈∈⋈⊞⋈⋈⋈≻⋈⋈⊤∈∋≺∋⋈⋈⋈⊙⋈⋈⋈⋈⊞⋈⋈⋈⋈⋈⋈⊣⋈⋈⋈⋈⋈⋈⋈≻⊤∈⋈⋈⋈≻⋈⊞⋈⋈⋈⋈∈⊤∈⋈⋈⋈≻∋⋈⋈⋈≻⊞⋈⊞∈∋⋈⋈⋈≻⋈≺∋⋈⋈⋈⊞∈⋈⋈⋈≺∋⋈⋈⊞⋈⋈⋈⋈⋈⋈⊣⊞⋈⋈⊞⊞⊞⊞⊞⊞⊞⊞⋈⊞⊞⋈⊞⊞⊤⋈⊥≺∋⋈⋈⋈≻⋈⋈⊤∈⋈⋈⋈⋈⋈⋈⊙⋈⋈⋈⋈⋈⋈⊤∈⊞⋈⋈⋈⊡⊞⊞⋈⋈⋈⋈⊞⋈⋈∈⊤∈∈⊡⊞⊞⊞⊤∈∋⊞∋⊞⊞⋈⊞⋈⋈⋈⋈⋈⋈≻⋈⋈⊞⊡⊞⊤∈⋈∈⊞⊞⊡⊞⊞⊤∈∋≺∋⊞⊞⊞⊤∈⊡⊞⊞≺∋⋈⊞⊞⊞⋈⊞⋈⋈⊞⋈⊞⋈⊞⊞⋈⋈⊞⋈⋈⊡⊡⋈⊤∈∋≺⋈⋈⋈≺∋⊞⋈⋈⊞∈⋈⋈⋈⋈⊞⊤∈∋⋈⊤∈⋈⋈⊞⊞⊤∈⋈⊞⊙∋∋⋈∋∋⋈⊞⋈⋈⋈⋈⋈⋈⊣⋈⋈⋈⋈⋈≻⋈≺∋⋈⊞⋈⊣
0x60a7a86	⊢⋈⊤∈⋈⋈⊞⋈⋈⋈⋈⋈⋈⋈⋈⋈⋈⋈⋈≻⊞⋈⊣⊣
0x60a7122	⊢⋈⊤∈⋈⋈⊞⋈⋈⋈⋈⋈⋈⋈⋈⋈⋈⋈⋈⋈≻⊞⋈⊣⊣
0x60a7bc0	⊢⋈⋈⋈⊞⊡⋈⊤∈⋈⋈⋈⋈⋈⋈⋈⋈⋈⋈⋈⋈≻≺∋⋈⊞⋈⋈⊣
0x609cc50	⊢⊤∈⋈⋈⋈⊞≻⋈⋈⋈≻⋈⋈⋈⊣
0x609cc90	⊢⋈⋈⋈⊤∈⊤∈⋈⋈⋈≻⋈⋈⋈≻⋈⊣⋈⋈⋈⋈⋈⋈⋈⊣
0x60930b0	⊢⋈⋈⋈⋈⋈⋈⋈⊞⋈⋈⋈⋈⋈⋈⋈⋈⋈⊞⊤⊥⋈⊞⋈⊞⋈⊞⊥⋈⊞⊥⊤⋈∈⋈⊞⊞⋈≺⋈⋈⋈⋈⋈⋈⋈⋈⋈⋈⋈⋈⊞⋈⋈⋈⋈⋈⊞⋈⊞⊞⊞⋈⊞⊞⊞⊞⊡∈⋈⊤∈⊤∈⋈∋⋈⋈⊞⊞⊞⊤∈⊞⊞⋈⋈⊤∈⋈⊤∈⋈⊤∈⋈∈⋈⋈⊞⋈⊡∈⊤∈⋈⊤⊥⊞⊞⊞⊤∈∋⋈⊤∈⊞⊞⊤∈≺≺∋⊞∈∋⊞⊞⊞⋈≺⋈≺∋⊞⊞⊤∈∋⋈∋∋≻⊤∈⋈⋈⋈⊞⋈⋈⋈⋈⋈⋈⊞⋈⋈≺∈⋈⋈⋈⋈⋈⋈⋈≻⊤∈⋈⋈⋈⊤∈⊤∈⊤∈⋈⋈⋈≻⋈⋈⋈⋈⋈⋈≻⊤⋈⊥⋈⋈⊥⋈⋈⋈≺⊤∈⊤∈∋⊤∈⋈⋈≻⋈⋈⋈⋈⋈⋈⋈⋈≻⊞⋈⋈⋈⊤∈⋈≺∋⋈⊞⋈⊞⋈⊞⋈⋈≺⋈≺⊤∈⊤∈∋⋈⋈⋈≻⋈⋈⋈⋈⋈≻⊤∈⋈⋈⋈⋈≺∋⋈∋∋∋∋∋∋⊞⊤∈∋∋⋈⋈⋈⋈⋈⋈⋈⋈⊞⋈⋈⋈⋈⋈⋈⋈⋈⋈⋈⋈⋈⊞⊞≻⋈⊤∈⋈⋈⋈⋈⋈⊤∈⋈⊙∋⊞⊤∈⋈⊙∋⊞⊞⋈≺⋈⊤∈⋈⊤∈≻≺⊞⊞⊞∈∋⋈≺∋⊞⊞⋈∋⊞∋∋∋∈⊞⋈⊞⊞⋈⊞⊤∈⊞⋈⋈⋈⋈⋈⋈⋈⋈⋈⋈⋈⋈≻⋈⋈⋈≻∋⋈≻∋≻≺∋∋⋈⋈⋈⊤∈⋈⋈≺⊤∈⋈⋈⊙⋈⊞⋈⋈⋈⊞⋈⋈⋈⋈≻⋈⊤∈∋∋⋈⋈⋈⊤∈⋈≺⊤∈⋈⋈⊙⋈⋈⊞⋈⊞⋈⋈⋈⋈≻⋈⋈⊤∈∋∋⋈⊞⋈⊞≺∋⋈⋈≻⋈⋈≻≺∋⊣⋈⋈⋈⋈⋈⋈⋈⋈⋈⋈⋈⋈⊞⋈⋈⋈⋈⋈⋈⊣
0x6092290	⊢⋈⋈⋈⋈⋈⋈⋈⊞⋈⋈⋈⋈⋈⋈⋈⋈⊞⋈⋈⋈⋈⋈⋈⋈⊤⋈∈⋈⋈⋈⋈⊞⋈⋈⊞⋈⋈⊞⋈⊞⊞⊤⋈⊥⊥⊤⋈⋈⊥⋈⋈⋈⋈⊞⋈⋈⋈⊞⋈⋈⋈⋈⋈⊞⋈⋈⋈⋈⋈⋈⋈⋈⋈⋈⋈⋈⋈⋈⋈⋈⊞∈⋈⋈⊞⊤⊥⋈⋈⊞⋈⊞⊞⊞⋈⋈⊞⊞∈⋈⊤∈⊤∈⊞⋈⋈⋈≺∋⋈⋈⊞⊞⊞⊤∈⋈⋈⊤∈⊡≺⋈⋈⊤∈⋈⋈⋈⊤∈⋈∈⋈⋈⊞⋈⊡∈⊤∈⋈⊤⊥⊞⊞⊞⊤∈∋⋈⊤∈∋⊞∈⋈≺∋≺⊞⊞⊤∈≺⊞⊞⊤∈∋⊡∋∋⊤∈≻⋈⋈⋈⋈⋈⋈≻⋈⊤∈⋈⋈⊞⋈⊞⊞⋈⋈⊞⊞⋈≺≻⋈⋈⊤∈⊞⊞⋈⋈⋈⋈≺∈⋈⋈⋈⋈⋈⋈⋈⋈≻⊤∈⋈⋈⋈⊞⋈⋈⊞≺⋈⊤∈⋈⋈≻⋈⋈⊤∈⊞≺⊤∈⋈⋈⋈⊤∈⋈≺⊞⋈⊞∈⋈≺⊞⊤∈⊤∈⋈⊤∈∋⋈⋈⋈⋈⊞⊞⋈⊞⊞⊞⊞≺∋⊞∋⋈⋈≺∋⋈⊤∈⋈⋈≻⋈⊤∈⋈⋈⋈⋈≺⊤∈⋈⋈⋈⋈≺⊤∈⋈⊤∈⋈⋈⊞⋈⊞∈⋈⊤∈⋈⋈⋈⋈≺⋈⊞⋈⋈⊞⊙⊤∈⋈⋈≻⋈⊤∈⋈⋈⋈≺⋈≺⊤∈∋∋∋∋∋∋⊞⊤∈∋⊤∈⋈⋈⊞⊤⋈∈⊞⊤∈⋈⋈⊤∈⋈⊤∈⋈≻⋈⋈⋈⊤∈⋈⊤∈⋈≻⋈⋈⋈≺∋∋∋⋈⋈⋈⋈⋈⋈⋈⊞⋈⋈≺⋈⋈⋈⋈⋈⊞∈∋∋∋⋈⋈∋∋⊞⋈≺⊞⋈⋈⋈⋈⋈⋈⋈⋈⋈⋈⋈⋈⋈⋈⋈⋈⋈∈∈⋈⋈≻⋈⋈⋈⋈⊤∈⋈⋈⊞⊤∈≺⋈⋈⊞≺⊤∈⋈∋⊤∈∋⋈⋈⊤∈⋈≻∋⋈⋈⋈⋈⋈⋈⋈⋈⋈⋈⋈⋈⊞⋈≺∋∋∋∋∋∋∋⋈⊤∈∋≺⋈⊤∈⋈⊤∈⋈⋈⋈⋈⋈≺∈⋈⋈⊤∈⋈⋈⋈∈⋈⋈⋈⋈⊤∈⋈⋈⊤⋈∈∋⊞≺∋⋈⋈⋈∋⋈⊞⋈⊤∈∋⊤∈∋⋈⊤∈⋈≻⋈⋈∋⋈⋈⋈⋈⋈⋈⋈⊞⋈⋈⋈⋈≺∋⋈⊤∈∋⋈≺⋈⋈⊞⋈⊞∈∋⋈∋⋈⋈≺⋈⊤∈⋈⋈⋈⋈≺∋∋⊞⋈≺⋈⊞⋈⋈⊞⊙⊞⊞⊞∈∋≺⊞⋈⋈⊞⋈⋈∋∋∋∋∋∋⊤∈⋈⊙∋⋈⋈⊤∈⋈⋈⋈≺∈⊤∈⋈⊤∈⊤∈⊙∋⊤∈⋈⊙≺∋∋∋⊞⊞∈∋∋⊤∈⋈⊙∋⊞⋈⋈⋈≺∈⊞⋈⊞⊞⋈⊞⊤∈⊞⋈⋈⋈⋈⋈⋈≻⋈⋈⋈≻∋≻≺∋∋∋⋈⋈⋈⊤∈⊤∈⋈⊙⋈⊞⋈⋈⋈⋈⋈⋈≻⋈⊤∈∋∋⋈⋈⋈⋈⊤∈⋈≺⊤∈⋈⊙⋈⊞⋈⋈⋈⋈⋈⋈≻⋈⊤∈∋∋⋈⋈⊞⋈⊞⋈∋⋈⋈≻⋈⋈≻≺∋⊣⋈⋈⋈⋈⋈⋈⊞⋈⋈⋈⋈⋈⋈⊣
0x608dd40	⊢⋈⋈⋈⋈⋈⋈⋈⊞⋈⋈⋈⋈⋈⋈⋈⋈⋈⋈⋈⋈⋈⋈⋈⋈⋈⋈⋈⋈⋈⊤∈⋈⋈≻⋈⊤∈⋈⋈≻∋⋈∋⋈⋈⋈⊙⋈⋈⊤⋈⋈⋈∈⋈⋈⋈⋈⋈⋈⋈≻⋈⊤∈⊞⋈⋈≺⊤∈⋈≺∋⋈⋈⋈⊤∈⋈⋈⋈≻⋈⊤∈∋⋈⋈⋈⊙⋈⋈⊤⋈⋈∈⋈⋈⊞⋈⋈≻⊤∈⋈⋈≻≺⋈⊞⊞∈⊤∈⋈⋈≻⋈⋈⋈⋈⋈⋈⋈⋈⋈⋈⋈⋈⊞⊞∈∋∋⋈≺∋⋈⋈⋈⋈⋈⋈⊤∈⋈⋈⋈⋈≻⋈⋈⋈⋈⋈⋈⋈⋈⋈⋈⋈⋈⋈⋈∋⋈⋈⋈⋈⋈⋈⋈⋈⋈⋈⋈⋈⋈⋈⋈⋈⋈⋈⋈⋈⋈⋈⋈⋈⋈⋈⋈⋈⋈⋈⋈⋈⋈⋈⋈⋈⋈⋈⋈⋈⋈⋈⋈⋈⋈⋈⋈⋈⋈⋈⋈⋈⋈⋈⋈⋈⋈⊞⋈⋈⋈⋈⋈⋈⋈⋈⋈⋈⋈⋈⋈⊞⊞⋈⊤∈⋈⋈⊞⋈⋈⋈⋈⋈⋈⋈∋⋈⋈⋈⋈⊤∈⊞⋈⋈⋈⋈∈⋈⋈⋈⋈⋈⋈⊤∈⊤∈⋈⊞⊞⊞⊡∈⋈⋈⊤∈⊤∈⊞⊞∋⋈⋈⊞⊞⋈⊞⊤∈⊞∈⋈⋈⋈⊤∈∋⊞⋈⊞⊞⋈≺⋈⋈⋈⋈⋈⊤∈⋈⊞⋈⋈⊞⋈⋈⊞⋈⋈⊞⋈⋈⋈⋈⋈≺⋈⋈⊞⊙⊞⋈⊞∈∋≺⋈⋈⊤∈⋈⋈⋈⊞⊤⋈∈⋈⋈⋈⋈⊤⋈∈⋈⋈⋈≺⊞⊤∈⊞⋈⊞⊞⋈≺⋈⊤∈⋈⋈⋈≺⊤⋈∈⋈⋈⋈∈⊤∈⋈⋈⋈⋈⊞⊞⊞⊞⊞∈⋈⋈⊤∈⊤∈⋈⊞⊞⋈⋈≺∋⋈⋈⋈⊞⊞⊞⊤∈⋈⋈⋈⋈⋈⋈⊤⋈⋈∈∋⊞⊤∈⋈⋈⋈⋈⋈≺⋈⊞⋈⋈⊞⋈⋈⊞⋈⋈⊞⋈⋈⋈⋈⋈⋈≺⊞⋈⊞⊞⋈∈∋≺⋈⊞⋈⋈∋⊞⋈⊞⊞⋈≺⊤∈⋈⋈⊞⊞⊞∈⋈⊤∈⊤∈⋈⊞⊞⋈⋈≺∋⋈⋈⊞⊞⊞⊤∈⋈⋈⋈⊞⋈⋈⊞⋈⋈⊞⋈⋈⋈⋈≺∋∋∋∋⋈⋈⊞⊞⋈⋈⊤∈⋈⊤∈⋈≻∋⋈⊞⋈⊞⋈⊞⋈⋈⊞⋈⊞⊞⊞⋈⋈⋈⋈⋈⋈⋈⋈⋈⋈⋈⋈⋈⋈⋈⊞⋈⋈⊞⋈⊤∈∋≺∋⋈⊤∈⋈⊤∈≻≺≻≺∋∋⋈⋈⋈⊤∈⊤∈⋈⊤∈∋⋈≻⋈⊞⊞⋈≺∋⋈⋈⋈⋈≻⋈⋈⋈⋈⋈⋈⊤∈⋈≻⋈≺∋⋈⋈⋈⋈⋈⋈⋈⋈⊞≺∈⊤∈⊤∈⊞⊞≺⊤∈⊤⋈∈⋈⊤∈⊞⋈⊤∈∋⋈⋈⊤∈⋈≺⊤∈∋⋈⊙⋈∋⊞⊞⋈⋈⋈⋈⋈⋈⋈≻⋈⊤∈∋∋⋈⋈⋈⋈⊤∈⊤∈⋈⊙⋈⋈⊞⋈⊞⋈⋈⋈≻⋈⊤∈∋∋⊤∈⋈⊙∋⊤∈⋈⊙∋⊤∈⋈⊙∋⊤∈⋈⊙∋⊤∈⋈⊙≺⋈⋈≻≺⋈⋈≻≺⋈⊞≺∋∋⋈⋈⋈⋈≻⋈⋈⋈⋈⋈⊤∈⋈⊤⋈∈⋈⋈⋈⋈≺∈⊤∈⋈⊙≺∋⊞⊞∈∋⋈⋈≺∋∋⊤∈⊙≺⊤⋈∈⋈≻≺⋈⋈⋈∋⋈⋈⋈⋈⋈⊞⋈⊞⊞⋈∋⋈⋈⋈⊞⊙⊞⊞⊞∈∋≺∋⊞⋈⋈⋈∋∋⊞⋈⊞⊞⋈≺∋∋∋∋∋∋∋∋⋈⊞⊞⊞⊞⊞⊞⋈⋈∋∋⊤∈⋈⊙∋⊤∈⋈⊙∋⊤∈⋈⊙∋⊤∈⋈⊙∋⊤∈⋈⊙∋⋈⋈⊤∈⋈⋈≺∈⊤∈⋈⊙≺∋⊞⊞∈∋∋⊤∈⋈⊙∋⊞∋∋⋈⊤∈⊞⋈⋈⋈⋈⋈⋈⋈≻⋈⋈⋈≻∋⋈⋈≻≺⋈⋈⋈⋈⋈⋈⋈⊞⋈⋈⋈⋈⋈⋈⊣⋈⋈⊞⊙⋈⋈≻≺⋈⋈⊞⊙
0x607934e	⊢⋈⋈⋈⋈⊤∈⋈⋈≻⋈⋈⊙⋈≺⋈∋⊞⋈⋈⊣
0x607e415	⊢⋈⋈⋈⋈⋈⋈⋈⊞⋈⊞⋈⋈⋈⊞⊤⋈⋈⋈⋈∈⊡⋈⊡⋈⋈⊡⊡⋈⋈⋈⋈⋈⋈⋈⋈⋈⋈⋈≻⊤∈⋈⋈⋈≻⊤∈⋈⊡⋈⊡⋈⋈⋈⋈⋈≻⋈⊤⋈∈⊤∈⋈⋈≺⋈⋈⊞⋈⊡⋈⊙⊤∈⊙⋈⊞⊞∋⋈⊞⊤∈⋈⋈⋈⋈⊤∈⋈⊙∋⊤∈⋈⊙∋⋈⊙⋈⋈≺∋⋈⋈⋈⊞⊙⊤∈⊙≺∋∋⋈⋈⋈⊞⊞⊞⊥⊤∈⊤⋈⋈⊥⋈⋈⋈⋈⊞⋈≻⊤∈⋈⋈⋈⋈⊤∈⋈⋈≺⋈≺⋈∋⋈⋈⊞⋈⊞⊞⊤⋈⊥⊤⊥⋈⊤∈⋈⋈≺∋⊞⊤∈⋈⊞⋈≺⋈⋈≻⋈⊤∈⊤∈⊞⋈⋈⋈∋⊞⋈⋈≺∋∋⋈⋈⋈⋈∈∈∈∈∈⊤∈⊤∈⋈⋈≻⋈⊤∈⊤⋈∈⋈∋∋⋈⊤∈⋈⋈⊤⊥⋈⋈⋈⋈⋈⋈≻⊤∈⋈≺∋∋⋈≺⋈⋈⋈⋈≺∋⊞⋈⋈⊞⋈⊤⊥⋈⊤⊥∈⋈⋈⋈⊙⊤∈⋈⊤⊥⊞⋈⊤∈∋∋⊞≺⋈⊞⋈⋈⊞⊤⋈⊥⋈⊤⋈⋈⋈∈∋⊤⋈⋈⋈⋈⊥⊤⊥⋈⊤∈∋⋈⊤∈∋⋈⋈⊤∈∋⋈⋈⋈≺∋⊙⋈⊤∈∋≺⊞⊞⋈⋈⋈∋∋⋈⋈⋈⋈⋈⋈≻⊤∈⋈⊤⋈∈⋈⊡⋈⋈⋈⊡⋈⋈⋈⋈⊡⋈⋈⋈⋈⋈⊞⋈⊞∈⋈≻⊤∈⊤∈⋈⋈⋈⊞⊥⊞⊤∈⊞⋈⋈⋈⊞⊞≺∋⋈⊞∈⊤∈⊞⊤∈⊞⊤⋈⋈⊥≺∋⊤⊥⊥∋∋⋈⋈≻⋈⋈⋈⊡⋈⋈⋈⋈⋈⋈⋈≻⊤∈⊤∈∋⋈⋈⋈⋈⋈⋈⋈⊞⋈⊡⋈≺∋⊤∈⋈⋈≻⋈⋈⋈⊡⋈⋈⋈⋈⋈⋈⋈≻⊤∈⊤∈∋⋈⋈⋈⋈⋈⋈⋈⋈⊞⋈⊡⋈≺∋⊤∈⋈⋈≻⋈⋈⋈⊡⋈⋈⋈⋈⋈⋈⋈≻⊤∈⊤∈∋⋈⋈⋈⋈⋈⋈⋈⋈⊞⋈⊡⋈≺∋⊤∈⋈⋈≻⋈⋈⋈⊡⋈⋈⋈⋈⋈⋈⋈≻⊤∈⊤∈∋⋈⋈⋈⋈⋈⋈⋈⋈⊞⋈⊡⋈≺∋⊤∈⋈⋈≻⋈⋈⋈⋈⊡⋈⋈⋈⋈⋈⋈≻⊤∈⊤∈∋⋈⋈⊞⋈⋈⋈⋈⊞⊞⋈≺∋⊤∈⋈≻⋈⋈⋈⊡⋈⋈⋈⋈⋈⋈⋈≻⊤∈⋈⋈⊤∈⋈⊤∈⋈⋈⋈⊤∈≺⊤∈⊤∈⋈⊤∈⋈⊤⋈∈∋∋⊞⊞∈⋈⋈⊞⊞⋈⊤⊥⊤∈⊞⋈⊞⊞⊤∈∋≺∋⊞⊞∈⊤∈∋⊞⊞⊤∈⋈⊤∈⋈⋈⊤∈≺⊤∈⊤∈⊤∈⊞⊤⋈∈∋∋⊞⊞∈⋈⋈⊞⊞⋈⊤⊥⊤∈⊞⋈⊞⊞⊤∈∋≺∋⊞⊞∈⊤∈∋⋈⋈⊞⋈⋈⋈⋈⋈⋈≻⊤∈⋈⋈⋈⋈≻⊤∈⋈⋈⋈⋈≻⊤∈⋈⋈⋈⋈≻⊤∈⋈⊤∈⊤⋈⋈⋈⊤⋈∈⊤∈⊤∈⊡⋈⊤⋈⋈∈∋⊞⊞∈⋈⋈⋈⊞⊞⋈⊤⊥⊤∈⊤∈⊞⋈⊞⊞⊤∈∋≺⊤∈⋈⋈⋈⊤∈≺∋∋⊞⊞∈⋈⋈⋈⊞⊞⋈⊤⊥⊤∈⊞⋈⊞⊞⊤∈∋∋⋈⋈⋈⋈⊡⋈⋈⋈⋈⋈⋈≻⊤∈⋈⋈⋈⋈≻⊤∈⋈⋈⋈⊞⋈⊞⋈≻⊤∈⋈⋈⋈⋈⋈≻⊤∈⋈⋈⋈⊤∈⋈⋈⋈⋈⋈⊙⋈⋈⋈⋈≻⊤∈⋈⋈⋈≻⋈⋈⋈⋈⊙⋈⊤∈≺∋⊤∈⋈≻⋈⋈∋⊞⋈⋈⋈⋈⋈⋈⋈⋈⋈⋈⋈⋈⋈⋈⋈⋈⋈⋈⋈⋈⋈⋈⋈⊞⋈⊤⋈⋈∈∋∋∋⋈⋈⊤∈⋈⊙∋⋈⊙⋈⊤∈≺⋈⋈⊞⊞⋈⊤⊥⊤∈⋈⊞⋈⊞⊞⋈⊤⋈∈∋≺⋈⋈⊞⊞⋈⊤⊥⊤∈⋈⊞⋈⊞⊞⋈⊤⋈∈∋≺∋∋∋∋∋∋∋∋∋∋∋∋∋∋∋∋∋∋∋∋∋∋∋∋∋∋∋∋∋∋∋∋⋈⋈⊤⊥⊡⋈≺∋∋⋈⊞⊤∈⋈⋈⋈⋈⋈⊤∈⋈⊙∋⊤∈⋈⊙∋⋈⊙⊞⋈≺⊞≺∋∋⊤∈⋈⊙∋⋈⊙⋈⊤∈⋈⋈∈⊤∈⋈⊙∋⊞⊞∈∋⋈⋈≺∋⋈⊞⋈⋈⊤∈⋈⋈⋈⋈⋈⊤∈⋈⊙∋⊤∈⋈⊙∋⋈⊙⋈≺∋∋∋⊤∈⋈⊙∋∋⋈∋⋈⊡⋈⊡⋈⋈⋈⋈⋈⊙⋈⋈⋈⋈⋈⊤∈⋈⋈⊤∈⋈⋈∈⊤∈⋈⊙∋⊞⊞∈∋∋⊤⋈∈⋈⊙∋∋⋈⋈⋈⋈⋈⊤∈⋈⋈⊤∈⋈⋈∈⊤∈⋈⊙∋⊤∈⋈⊙∋⊞⊞∈∋∋⊤⋈∈⋈⊙∋∋⋈⋈⋈⊡⊡⋈∋⋈⊤∈⋈⋈⋈⊞⊞⊞⋈∈⋈⋈⋈⊞⊞∈∈⊤∈⊞⊤∈∋≺⋈⊞⋈⊞⊞⊤∈∋⊞⊤∈∋≺⋈⊤∈⋈⊤∈⊞⋈⊞⋈⋈∈⊤∈⊤∈⊞⋈⊞⋈⋈⋈⋈⊡⋈∈⋈⋈⋈⋈⊡⋈⋈⋈⊡⋈⋈⋈⊡⋈⊞∈∋≺⊞⋈⊞⊞⊤∈∋∋⊤∈⋈⋈≻⊞⋈⋈⋈⋈⋈⋈≻⊤∈⋈⋈⊡⋈⋈⋈⋈⊞⋈⋈⊡⋈⋈≻⊤⋈⋈∈⋈⋈⋈⋈⋈⊡⋈≻⊤∈⋈⋈≻⊤∈⋈⋈⋈⋈≻⋈⊤∈⋈⋈⋈⋈⋈⋈⋈⋈⋈⋈⋈⋈⋈⋈⋈⋈⋈⋈⋈⋈⋈⋈⋈⋈⋈⋈⋈⋈⋈⋈⋈⋈⋈⋈⋈⋈⋈⋈⋈⋈⋈⋈⋈⋈⋈⋈⋈⋈⋈⋈⋈⋈⋈⋈⋈⋈⋈⋈⋈⋈⋈⋈⋈⋈⋈⋈⋈⋈⋈⋈⋈⋈⋈⋈⋈⋈⋈⋈⋈⋈⋈⋈⋈⋈⋈⋈⋈⋈⋈⋈⋈⋈⋈⋈⋈⋈⋈⋈⋈⋈⋈⋈⋈⋈⋈⋈⋈⋈⋈⋈⋈⋈⋈⋈⋈⋈⋈⋈⋈⋈⋈⋈⋈⋈⋈⋈⋈⋈⋈⋈⋈⋈⋈⋈∋∋⋈⊤∈⋈⋈⊤∈⋈⊞⋈⋈⋈⋈⋈⊞⋈⋈∈⋈⊞⊥⋈⊞⊥⊞∈⊤∈⋈⊞⋈⊞⋈⋈⊙⊤⋈⋈∈⊞⊤∈⊤∈⋈⋈⋈⋈⊙⋈⋈⊤∈⊤∈⋈⊤∈⋈⋈⊞⊥⊤⊥⊞∈⊞⊞∈⊤∈⊞⊤∈∋≺∋∋∋∋∋⊞⊞∈∋∋∋∋∋∋∋∈∈∈∈∈∈∈⋈⋈⋈⋈≻⋈⋈⋈⋈⋈⋈⋈⋈⋈⋈≻⋈⊤∈⋈⋈⋈⋈⋈⋈⋈⋈⋈⋈⋈⋈⋈⋈⋈⋈⋈⋈⋈⋈⋈⋈⋈⋈⋈⋈⋈⋈⋈⋈⋈⋈⋈⋈⋈⋈⋈⋈⋈⋈⋈⋈⋈⋈⋈⋈⋈⋈⋈⋈⋈⋈⋈⋈⋈⋈⋈⋈⋈⋈⋈⋈⋈⋈⋈⋈⋈⋈⋈⋈⋈⋈⋈⋈⋈⋈⋈⋈⋈⋈⋈⋈⋈⋈⋈⋈⋈⋈⋈⋈⋈⋈⋈⋈⋈⋈⋈⋈⋈⋈⋈⋈⋈⋈⋈⋈⋈⋈⋈⋈⋈⋈⋈⋈⋈⋈⋈⋈⋈⋈⋈⋈⋈⋈⋈⋈∋⋈∈∈⋈≻⋈⋈⊙⋈⊤⋈⋈⋈⋈⋈⋈⋈⋈⋈∈∋⋈⋈⋈⋈⋈⋈⋈⋈⋈⋈⋈⋈⋈⋈⋈⋈⋈⋈⋈⋈⋈⋈⋈⋈⋈⋈⋈⋈⋈⋈⋈⋈⋈⋈⋈⋈⋈⋈⋈⋈⋈⋈⋈⋈⋈⋈⋈⋈⋈⋈⋈⋈⋈⋈⋈⋈⋈⋈⋈⋈⋈⋈⋈⋈⋈⋈⋈⋈⋈⋈⋈⋈⋈⋈⋈⋈⋈⋈⋈⋈⋈⋈⋈⋈⋈⋈⋈⋈⋈⋈⋈⋈⋈⋈⋈⋈⋈⋈⋈⋈⋈⋈⋈⋈⋈⋈⋈⋈⋈⋈⋈⋈⋈⋈⋈⋈⋈⋈⋈⋈⋈⋈⋈⋈⋈⋈⋈⋈⋈⋈⊤∈⋈⋈≻⋈∋⊞⋈⋈⋈⊡⊤∈⋈≺∋⋈⋈⊞⋈≻∋⋈⊞⋈⊞⊤∈∋⊤∈∋⋈⋈⊤∈∋⋈⋈⋈≻⋈≺⋈⋈⋈⋈⊙⋈⋈⋈⋈⋈≻⊤∈⋈⋈≻⋈⋈⋈⋈⋈≺∋∋⋈⋈⊤∈⋈⋈⋈⋈⊤∈⊞⋈⊤⊥≺∋⋈⋈⋈⋈⋈⋈⋈⋈≻⋈⊞⊤∈⋈≺⋈≻⋈⋈⋈⋈⊞∈∈⋈⋈⋈⋈⋈⋈≻⋈⊤∈≺∋⋈⋈⊡⊤∈⋈⋈⋈⊞⋈⋈≻⋈⋈≺⊞∋⋈⊞⋈⋈⋈⊙⊞⋈⊥⋈⋈⋈⊞⊥⊞∈⊤⊥⊞≺∋⊤∈⋈⊤∈∋⋈⊤∈⊤∈⋈⋈⋈⋈⋈≻⋈⋈≺∋⋈⊞⊞≺∋⋈⋈∋⊞⊤∈⋈⋈⋈⋈⋈≻⋈⋈≺∋⋈⊞⋈⋈⊙⊞⋈⋈⋈⋈∈⊞⋈⊤⊥≺∋⊤∈⊞⋈⊤⊥≺∋⊤∈⋈⋈⋈⊙⊤∈∋⋈⋈⋈⋈⋈⋈⋈⋈⋈⋈⋈⋈⋈⋈⋈⋈⋈⋈⋈⋈⋈∈⋈⋈≻⊤∈⋈⋈≻⊤∈⋈⋈≻⊤∈⋈⋈⋈⋈⋈⋈⋈⋈⋈⋈⋈⋈⋈⋈⋈⋈⋈⋈≻⊤∈∋≺∋∋⋈⋈≻⊤∈∋∋⊡⋈⊤∈⋈⋈⋈⊞⋈⋈≻⋈⋈⋈≺⊞∋⋈⋈⋈⋈⋈⊙⊞⋈∈⋈⊞⊞⊤∈∋⋈⊤⋈∈⊤∈⋈⋈⋈⋈⋈⋈≻⋈⋈⋈⋈≺∋⋈⋈⊞⋈≺∋∋⊞⊤∈⋈⋈⋈⋈⋈⋈⋈≻⋈⋈⋈≺∋⋈⋈⋈⋈⋈⋈⋈⊞⊞∈⊞⊤⊥≺∋⊤∈⋈⊤∈∋⋈⊤∈⊤∈⋈⋈⋈⋈⋈⋈≻⋈⋈≺∋⋈⊞⊞≺∋⋈⋈∋⊞⊤∈⋈⋈⋈⋈⋈⋈≻⋈⋈≺∋⊞⋈⋈⊙⊞⋈⋈⋈⋈≻⊤∈⋈⊤∈≻⋈⊞⋈∋⊤∈⊡⊤∈⋈⋈⋈⋈⋈⊞⋈≻⋈⋈≺⊞∋⋈⋈⋈⋈⊞⋈⋈⋈⋈⋈⋈≻⋈⊤∈⋈⋈⋈⋈⋈⋈≻≺⋈⋈⊞∈⊞⊤⊥≺∋⊤∈⊤∈∋⋈⊤∈⊤∈⋈⋈⋈⋈⋈⋈≻⋈⋈≺∋⋈⊞⊞≺∋⋈⋈∋⊞⊤∈⋈⋈⋈⋈⋈⋈≻⋈⋈≺∋⊞⋈⋈⋈⊙⊞⊞⋈⋈∈⋈⊞⊤∈⊤⊥∋∋⊤∈⋈⊤∈∋⋈⊤∈⊤∈⋈⋈⋈⋈⋈⋈≻⋈⋈≺∋⋈⊞⊞≺∋⋈⋈∋⊞⊤∈⋈⋈⋈⋈⋈⋈≻⋈⋈≺∋⊞⋈⋈⊙⊞⋈⋈⋈⋈≻⊤∈∋⊤∈⋈⊙∋⊤∈∋⋈≺∋∋⋈⋈⋈⋈∋⊤∈⋈⊙∋⋈⊤∈∋⋈⋈⋈⋈⋈⋈⋈≻⋈⋈⊤∈∋⋈⋈⋈⋈⋈⋈⋈⋈⋈⋈⋈⋈⋈⋈⋈⋈⋈⋈⋈⋈⋈⋈⋈⋈⋈⋈⋈⋈⋈⋈⋈⋈⋈⋈⋈⋈⋈⋈⋈⋈⋈⋈⋈⋈⋈⋈⋈⋈⋈⋈⋈⋈⋈⋈⋈⋈⋈⋈⋈⋈⋈⋈⋈⋈⋈⋈⋈⋈⋈⋈⋈⋈⋈⋈⋈⋈⋈⋈⋈⋈⋈⋈⋈⋈⋈⋈⋈⋈⋈⋈⋈⋈⋈⋈⋈⋈⋈⋈⋈⋈⋈⋈⋈⋈⋈⋈⋈⋈⋈⋈⋈⋈⋈⋈⋈⋈⋈⋈⋈⋈⋈⋈⋈⋈⋈⋈⋈⋈⋈⋈⋈⋈⋈⋈⋈⋈⋈≺∋⊤∈∋⋈⊙≺∋⊞∋⋈⋈≻≺⋈⋈⊞⊤∈∋⋈⋈⋈⋈⊤∈⋈⊙∋⊤∈⋈⊙∋⋈∋⊙≺∋⊤∈⊞⊞⋈⋈⋈∈⋈⊞⋈⋈⋈⊡⋈⋈⋈⊡⋈⋈⋈⊡⊞⊤∈∋∋⋈⋈∋⊞⋈⋈⋈⋈⊤∈⊤∈⊞⋈∈⋈⊞⋈⋈⊞⊤⊥⊞⋈⊤∈∋⊞≺∋⋈⊞⊤∈⊞⊞⋈≺∋∋⊞⊤∈⋈⋈≻⋈⋈⋈∈⋈⊞⋈⊞⊞⊞∈⋈⊤∈⋈⋈⊞≺⊤∈⊤∈⋈⋈⊤∈⋈≻⊞⊞⋈⋈⊞∋⋈⋈⊤∈⋈⋈⋈⋈⋈⋈≻⋈⋈⋈⋈⋈⋈⋈⋈⋈⋈⋈⋈⋈⋈⋈⋈⋈⋈≻⊤∈⋈⋈⊞⋈⊤⊥⋈⋈⋈⋈⋈⋈⋈⋈⋈⋈⋈⋈⋈⋈⋈⋈⋈⋈⋈⋈⊞⋈⋈⋈⋈⋈⋈⋈⋈⋈⋈⋈⋈⋈⋈⋈⋈⋈⋈⋈⋈⋈⋈⋈⋈⋈⋈⋈⋈⋈⋈⋈⋈⋈⋈⋈⋈⋈⋈⋈⋈⋈⋈⋈⋈⋈∈⋈⋈⋈⋈⋈⋈⋈⋈⋈⊡⊤∈⊤∈⋈⋈⋈⊞⋈⊞⊞⋈⋈∈⊞⋈⋈⊞∈⊤∈⋈⋈⋈⋈⊞⊞⋈⊞⊞⊞⊞⊤∈⊞⋈⊞⊥⊤⊥⊞⊤∈⋈⋈⊤∈⊞⊤∈⋈⊞⊞⋈⊞∈⋈⊞∈⋈⊤∈⋈⋈⋈⊞≻≺⊤∈⋈⋈⋈⋈⋈⋈⋈⋈⋈⋈⋈⋈⋈⋈⋈⋈⋈⊞⊞⊞⋈⋈⊞⊞⊞⊞⊞⋈⋈⋈⋈⋈⋈⋈⋈⋈⋈⋈⋈⋈⋈⊤∈⊤∈∋⋈⋈⋈⋈⊞∈⋈⊤∈⋈⋈⊞∈⋈⊤∈⋈⋈⊞∈⋈⊤∈⋈⋈⊞∈⋈⋈⊤∈⋈⋈⋈⊞∈⋈⋈⊤∈⋈⋈⋈⊞∈⋈⋈⊤∈⋈⋈⋈⊞∈⋈⋈⋈⋈⊞⊥⋈⊤∈⊤∈⋈⋈⊤∈⋈⊞⊞⊞⋈⊞⋈⊞⋈⋈⊞⋈⋈⊞⋈⋈⊞⋈≺∋⋈⋈⋈⋈⋈⋈⊤∈⊡∈∋⋈⋈⋈⋈⋈⋈⋈⋈⋈⋈⋈⋈⋈⋈⋈⋈⋈⋈⋈⋈⋈⋈⋈⋈⋈⋈⋈⋈⋈⋈⋈⋈⋈⋈⋈⋈⋈⋈⋈⋈⋈⋈⋈⋈⋈⋈⋈⋈⊡⊡⋈⋈⊙⊤∈⋈⋈⋈≻≺⋈⋈⋈⋈⊡⋈≺⋈⋈⋈⋈⋈⋈⊞⊙⊞⊥⊤∈⊞⊤∈∋≺∋∋∋∋∋∋∋∋∋∋∋∋∋∋∋∋∋∋∋∋∋∋∋∋∋∋⊡⋈⊡⋈⊤∈⋈⋈⊞≺⋈⊤∈⋈⋈⊞⋈⊞⋈⋈⋈⋈≻⋈⋈≺∋⋈⋈⋈⊙⊞⋈∋⋈⊤∈⊞⋈≺⊞⊤∈⋈⊞⊤∈⊤⊥∋∋⋈⊤∈⊤∈∋⋈⊤∈⊤∈⋈⋈⋈⋈⋈⋈≻⋈⋈≺∋⋈⊞⊞≺∋⋈⋈∋⊞⊤∈⋈⋈⋈⋈⋈⋈≻⋈⋈⋈≺⋈∋⊞⋈⋈⋈⊙⊞⋈⋈⋈⋈≻⊤∈⋈⋈⋈⊤∈⋈≻∋⋈⋈⊞⋈⋈⊞⋈∈∋⋈≻≺⋈⊞⋈⋈⋈≻⋈⋈⋈⊤∈⋈⋈⋈⋈⋈⋈⋈≻⋈⋈⊤⋈⊥⋈⋈⋈⊥⋈⋈⋈⋈⋈⋈≻⋈⋈⊤⋈⊥⋈⋈⋈⊥⋈⋈⋈⋈⋈⋈≻⋈⋈⊤⋈⊥⋈⋈⋈⊥⋈⋈⋈⋈⋈⋈≻⋈⋈⊤⋈⊥⋈⋈⋈⊥⋈⋈⋈⋈⋈⋈≻⋈⋈⊤⋈⊥⋈⋈⋈⊥⋈⋈⋈⋈⋈⋈≻⋈⋈⊤⋈⊥⋈⋈⋈⊥⋈⋈⋈⋈⋈⋈≻⋈⋈⊤⋈⊥⋈⋈⋈⊥⋈⋈⋈⋈⋈⋈≻⋈⋈⊤⋈⊥⋈⋈⋈⊥⋈⋈⋈⋈⋈≻⋈⋈⊤⊥⋈⋈⊥⋈⋈⋈⋈⋈≻⋈⋈⋈⋈⋈⋈⋈≻⊤⋈⋈⋈⊥⊥⊤⊥⊥⋈⋈⋈⋈⋈⋈⊤∈⊡∈∋⋈⋈⋈⋈⋈⋈⋈⋈⋈⊡⋈⋈⋈⋈⋈⋈⋈⋈⋈⊡⋈⋈⋈⋈⋈⋈⋈⋈⋈⋈⋈⋈⋈⋈⋈⋈⋈⋈⋈⋈⋈⋈⋈⋈⋈⋈⋈⋈⊡⊡⋈⋈⋈⋈⊙⊤∈⋈⋈⋈≻≺⋈⋈⋈⋈⊡⊤⋈∈⋈⊙∋∋⊤∈⋈⊙∋⋈∋⊡∈∋⊤∈⋈⊙∋⋈⊡⋈⋈∈∋⋈≻≺∋∋⋈⋈⋈⋈⋈⋈⋈⋈⋈⊤∈⊤∈⋈⊞≺⋈⋈⋈⋈⊡⋈⋈≻⋈⋈⋈⋈⋈⋈⋈⋈⊤∈⋈⋈⋈⋈⋈⋈⋈⋈⋈⊤∈⋈⋈⋈⋈⋈⋈⋈⋈⋈⋈⋈⋈⋈⋈⋈⋈⋈⋈⋈≻⋈⋈⋈⋈⋈⋈⋈⋈⊤∈⋈⋈⋈⋈⋈⋈⋈⋈⋈⋈⋈⋈⋈⊡⋈⋈⋈⋈⋈⋈⋈⋈⋈⋈⊤∈⋈∋⋈⋈⋈⋈⋈⋈⋈⋈⋈⋈⋈⋈⋈⋈⋈⋈⋈⋈⋈⋈⋈⊡⋈⋈⋈⋈⋈⋈⋈⊙⊤∈∋⋈⋈⋈≻≺⋈⋈⋈⋈⊡⋈⋈⋈⋈≺⋈⊞⋈⋈∋⋈⋈≺∋⊡⋈∈⋈≻≺∋∋∋⊤∈⊤∈⋈⋈≻⋈⋈⋈⋈≻≺∋∋∋∋∋∋∋∋∋∋⊣⋈⋈⋈⋈⋈⋈≺⊤∈⊡∈⋈≻∋∋∋⋈∋⊤∈⋈⋈⋈≺⋈⊤∈⋈⋈⋈⊞⊞⋈⊞⋈≺∋∋⋈⋈⋈⋈⋈⋈≻⊡⋈⋈⋈⋈⊡⋈⋈⋈≻⋈⋈⋈⊡⊤∈∋≺∋⋈∋⋈⊞∈∋≺∋∋∋⊤⋈∈⋈⋈⋈⋈⋈⊤⋈⋈⊥⊤∈⊞≺⋈⋈⋈⋈⋈⋈⋈⋈⋈⋈⋈⋈⋈⋈⋈⋈⋈⋈⋈⋈⊞⋈⊤⋈⋈∈⋈⋈⋈⊞⊞⋈⊞⊞⋈⊤∈⋈⋈⊤∈⋈≺∋⊤∈⋈⋈⊙⋈∋⋈⋈⋈⋈⋈⊤∈⋈⋈⋈⋈⊤⊥⋈⋈⋈⊤⊥⊤∈⋈⊤∈⋈⋈⋈⊤⋈∈⋈⋈⋈⋈≻≺∋⊤∈⊤∈⊞⋈∋⋈⊤∈∋∋⊞⋈⊞⋈⋈≺∋⊡⋈⋈⋈⋈⋈⋈⋈⊤∈⋈⋈⋈⋈≺⋈⋈⋈⋈⋈≺⋈⊤⊥⊞⊞⊤⊥⊞∈⋈⊙∋⋈⋈⋈⋈⋈⋈⋈⋈⋈∋∋⋈≻⋈≺∋∋⋈⋈⋈⋈⋈⋈⋈⋈⋈⋈≻∈⋈⋈⊤⋈⋈⊥⋈⊤∈⊤⊥⊤⊥⊞∈⋈⊙∋⋈⊞⊞⋈⋈⋈⋈⋈⋈⋈⋈⋈⋈⊤∈⋈∋⊤⊥⊤⊥⊞∈⋈⋈⊞⊞⋈⊞⊞⋈⊤∈⋈⋈⊤∈⋈∋⊤∈⋈⊙∋⋈⋈⋈⋈⋈⋈⊤∈⋈⋈⋈⋈⋈⊤⊥⋈⋈⊤⊥⊤∈⋈⊤∈⋈⋈⋈⊤⋈∈⋈⋈⋈⋈≻≺∋⊤∈⊤∈⋈≺∋⊤∈∋⋈⊙≺∋∋⊤⋈∈∋≻⊤∈⋈⋈⋈⋈⋈≻⋈∋⋈⊤∈∋∋⊞⋈⊞⋈⋈≺∋⊡⋈⋈⋈⋈⋈⋈⋈⊤∈⋈⋈⋈⋈⋈≺∋∋⋈≻⋈⋈≺⋈⋈⋈⋈⋈⋈≺∋∋⋈⋈⋈⋈⋈⋈⋈⋈⋈⋈⋈≻≺∋≺∋∋∋∋∋∋∋⊞⋈⋈⋈⋈⋈⋈⊣
0x603eea0	⊢⋈⋈⋈⋈⋈⋈⊞⋈⊤∈⊤∈⋈⋈⊤⋈∈∋⊞⋈⋈⊤∈⋈⋈≺⋈⋈⊤∈⋈∈∈∈⋈⊞⊤⊥⊥⋈⊞⋈⋈⋈⊞⊙⊤∈⊤∈⊞⊞∈∋≺⊙⋈⊤∈⊤∈⊤∈∋≺⊤∈⊤∈⊤∈⊤∈⋈≺∋⋈∈∈∈⋈⊞⊤⊥⊥⋈⊞⋈⋈⊙⊤∈⊤∈⊞⊞∈≺∋⊙⋈⊤∈⊤∈⊤∈∋≺⊤∈∋⊤∈⊤∈∋∋∋⋈≺∋∋⋈⊤∈⊤∈⊤∈∋∋∋∋∋∋⋈⋈⋈≻∋∋⋈≺∈⋈⋈⋈≻∋≻⊤∈∋⋈⋈⋈∈⋈⋈⋈⊙⊤∈⊙⋈⊤∈⊞⊞≺⊤∈⋈⋈⊞∈⋈∋⊞⋈≺∋⊤∈∋∋∋⋈⋈∋⋈⋈⋈∋⋈⊞⋈⋈⋈⋈⋈⋈⊣≺∋∋⋈⋈⋈⋈⋈⋈≻⋈≺∋
0x60a50e0	⊢⋈⋈⋈⋈⋈⋈⋈⊞⋈⋈⋈⋈⋈⊞⊤∈⋈⋈⋈≻⋈⋈⋈⋈⋈⋈⋈⋈⋈⋈⋈⋈⋈⋈⋈⋈⋈⋈⋈⊞⊞⋈⋈⊙⋈⋈⋈⋈⋈⋈⋈⊞⋈⋈⊙⋈⊞⋈⋈⋈⋈⋈⋈⊞⊞⋈⊙⋈⊞⋈⋈⋈⋈⋈⊞⊞⋈⊞⋈⊙⋈⋈⊞⋈⊞⋈⊙⊤∈⊞⊡∈⋈⋈⊞⋈⊤∈∋∋⊡⊤⋈⋈⋈∈⊞⋈⋈⊞⊤∈∋⋈⋈⋈≻⋈⋈⋈⋈⊙⋈⊞⊞⊞∈⋈⋈⋈⋈⊞⊤∈∋∋⋈⊙⋈⋈⊞⋈⋈⋈⋈⋈⋈⊣
0x6079460	⊢⋈⊞⋈⋈⊤∈⊡⊞⊞⋈⊤∈⋈⋈⊡≻⊡⋈⊞≺∋⋈⋈⊡⊤∈⋈⋈⊞⋈⋈⋈⋈⋈≺∋⋈≺∋⊞⋈⊣
0x6074fcd	⊢⋈⋈⋈⋈⋈⋈⋈⊞⋈⋈⊤∈⊤∈⋈⊤∈⊞⊞≺⊞⊞⋈⋈⋈≺∈⋈⊤∈⋈≺⋈⊤∈⋈⊤∈⋈≺⊤∈⋈≺⋈≺∋∋∋⋈⊞⊞⋈⊞∈∋⊞∋⋈∋⊞⋈⊤∈⋈⋈⋈⋈≻⋈⋈⋈≺⊤∈⊞⊞≺⊞⊞⊡∈⊞⊤⊥⊞⊞⊤∈∋≺∋∋∋⋈⊤∈∋⋈⋈⋈⋈⋈⊞⋈⋈⋈⋈⋈⋈⊙⋈⋈⊞⋈⊞⊞⋈⋈⊞⋈⋈⊙
0x60767ff	⊢⋈⋈⋈⋈⋈⊞⋈⊤∈⋈⊤∈⋈⋈⊞⋈⋈⋈⋈≺⋈⋈⋈⋈≻⊤∈⋈⊤∈⋈⋈⋈⊤⊥⋈⋈⊞≻⋈⋈⊤∈∋⋈⋈⋈⋈⊤∈∋∋⊞⋈⋈⋈⋈⋈⋈⋈⋈⋈⋈≻⋈⋈⋈⋈≺∋∋⊞⋈⋈⋈⋈⊣
0x6077921	⊢⋈⋈⋈⋈⊞⋈⊤∈⋈⊤∈⋈⋈⊞⋈⋈⋈≺⋈⋈⋈≻⊤∈⋈⊤∈⋈⋈⋈⊤⊥⋈⋈⊞≻⋈⋈⊤∈∋⋈⋈⋈⋈⊤∈∋∋⊞⋈⋈⋈⋈⋈⋈⋈⋈⋈≻⋈⋈⋈⋈≺∋∋⊞⋈⋈⋈⊣
0x6076f86	⊢⋈⋈⋈⋈⋈⋈⋈⊤∈⋈⊞⋈⊞∈⋈⊤∈⊤∈⊞⋈∋⊞∋⊞∈⋈⊤∈⋈⋈≻⊤∈∋∋⋈⋈≻⊤∈∋⋈≺⋈⊤∈∋≺∋∋⋈⋈⋈⋈⋈⋈⊣
0x607700f	⊢⋈⋈⋈⋈⋈⋈⋈⊤∈⊞≺⋈⊞⋈⊞∈⋈⊤∈⊤∈⊞⋈∋⊞∋⊤∈⋈⊤∈⋈⋈≻⊤∈∋∋⋈⋈≻⊤∈∋⋈≺⊞⋈⊤∈∋≺∋∋⋈⋈⋈⋈⋈⋈⋈⊣
0x60770a3	⊢⋈⋈⋈⋈⋈⋈⋈⊞⋈⊤∈⋈⋈⋈⊞∈⋈⊤∈⊤∈⊞⋈∋⊞∈⋈⊤∈⋈⋈≻⊤∈⊤∈∋∋⋈⋈⋈≻⊤∈⋈⋈⊤∈⋈⋈⊤⊥⋈⋈⊞≺⊤∈∋⋈⊤∈⋈⋈⋈≻⊤∈⋈⋈≻⊤∈⋈⋈⊤∈⋈⋈⊞⋈⋈⊤⊥∋≻⊤∈∋∋⋈⋈≺⋈⋈⋈⋈⋈⊤∈⋈≻⊤∈⋈⊤∈⋈⋈≻⊤∈∋∋⋈⋈≻⊤∈∋∋∋∋⋈≺≺∋∋⋈⊤∈∋≺∋∋∋⊞∋∋⋈⊞⋈⋈⋈⋈⋈⋈⊣
0x6077a00	⊢⋈⋈⋈⋈⋈⋈⋈⊤∈⊞≺⋈⊞⋈⊞∈⋈⊤∈⊤∈⊞⋈∋⊞∋⊤∈⋈⊤∈⋈⋈≻⊤∈∋∋⋈≻⊤∈∋⋈≺⊞⋈⊤∈∋≺∋∋⋈⋈⋈⋈⋈⋈⋈⊣
0x6077dde	⊢⋈⋈⋈⋈⋈⋈⋈⊞⋈⊤∈⋈⋈⋈⋈⊞∈⋈⊤∈⊤∈⊞⋈≺∋⊤∈⋈⊤∈⋈⋈≻⊤∈∋∋⋈≻⊤∈∈⋈⊤∈⋈⊤∈⊤∈∋∋⋈⋈⊤∈⋈⊤∈⋈⋈⋈≺⊞⋈⊤∈⋈⊤∈⋈⋈⋈⊤∈⋈⋈≺∋≻⊤∈∋∋⊤∈⋈⋈⋈⊤∈⋈⋈⋈∋≻⊤∈∋∋∋⋈⊞⊤⋈⋈⋈∈∋≺⋈⋈≻⊤∈⋈⋈⊤∈⋈⋈⊞⋈⋈⊤⊥≻⊤∈∋⋈⋈∋∋∋⊞⋈⋈⋈⋈⋈⊤∈⋈≻⊤∈⋈⊤∈⋈⋈≻⊤∈∋∋⋈≻⋈⋈⊤∈∋∋∋∋∋∋⋈≺∋∋⋈⊞⋈⋈⋈⋈⋈⋈⊣≺∋
0x6075d42	⊢⋈⋈⋈⋈⋈⋈⋈⊞⋈⊤∈⋈⊞⋈⋈⊞∈⋈⋈⊤∈⊤∈⊞⋈∋⊞∈⋈⊤∈⋈⋈≻⊤∈⋈⊤∈⋈⋈∋∋⊤∈⋈⊤∈⊞⋈⋈⊞≻≺⊤∈∋∋⋈≻⊞⋈⋈⋈≻⊤∈⋈⋈⊤∈⋈⋈⊤⊥⋈⋈⊞≻⊤∈∋⋈⋈≺∋∋⊞≺⋈⋈≻≺∋∋⊤∈∋∋⋈⋈⊤∈∋≺∋∋⋈⊞⋈⋈⋈⋈⋈⋈⊣
0x6075745	⊢⋈⋈⋈⋈⊞⋈⋈⋈⊞≻⊤∈⋈⋈⋈⋈⋈≻⋈⋈⋈⋈⋈⋈⋈⊞⋈⋈⊤∈⋈⊤∈⋈⋈⋈⋈⊤∈⋈⊤∈⋈⋈≻⋈⊤∈∋⋈⋈⋈⋈⋈⋈⋈≻⊤∈⋈⊞⋈⊤∈⋈⊤∈⋈⋈⊞≻≺⋈⋈⊤∈⊤∈⊡≺⋈⋈⊞⊙⋈⊤∈⋈⋈≻⋈⊤∈∋⋈⋈≺⋈⊤∈∋∋∋∋∋⊞∋∋∋⋈⊞⋈⋈⋈⋈⋈⋈⊣⋈≺∋⊞⋈⋈⋈⋈⋈⋈≺⋈⊞⋈⋈⋈⊣
0x6076abc	⊢⋈⋈⋈⋈⋈⋈⋈⊞⊤∈⊞⋈⋈⋈⋈⋈⊙⋈∈⊤∈∈⊤∈⋈⋈⋈⊙⋈≺∋⊤∈⋈⋈⋈⋈⊞⋈⋈⋈⋈⋈⋈⊙⊤∈⊤∈⋈≺⊤∈⋈⊤∈⋈≺⊤∈⋈≺⊤∈⋈≺⊤∈∋⊤∈⋈≻⊤∈∋⋈≻⊤∈∋⋈⋈≻⋈⋈⋈⋈⋈⋈⋈⋈⋈⋈⊤∈≺⋈⋈⋈≺⋈≺∋∋∋∋∋⋈⋈⊞∋⋈⋈⋈⋈∋⋈⋈⋈∈⋈⊤∈⋈∋⋈⋈⊙⊤∈∋∋⋈⊞⋈⋈⋈⋈⋈⋈⊣⊞⊤∈∋∋⋈≺∋
0x60777a4	⊢⋈⋈⋈⋈⋈⋈⋈⊞⋈⊤∈⋈⊤∈⋈⋈⊞⋈⋈⋈⋈⋈⋈≺⋈⋈⋈⋈≻⊤∈⋈⊤∈⋈⊞⋈⋈⋈⋈⋈⋈≺⋈⋈⋈⋈⋈⋈⋈⊞⋈⋈⊤∈⋈⋈⊤∈⊤∈∋⊞⊞⋈⋈≺∋⊤∈⊤∈∋⊤∈⊞⋈⋈⊤∈⊤∈∋⋈⋈⋈≻⋈⊤∈⋈⋈⊤∈⋈⋈⊤⊥⋈⋈⊞≻⋈⊤∈∋⋈⋈≺⋈⊤∈⊤∈∋⋈⊤∈⋈⋈≻⋈⊤∈∋⋈⋈⊞⋈⋈⋈≺∋⊤∈∋⋈⊤∈⋈⋈≻⋈⊤∈∋⊤∈≺∋⋈⊤∈⋈⋈⋈≻⋈⊤∈∋⊞⋈⋈⋈⋈⋈⋈⋈⋈⋈⋈⋈≻⊤∈⋈≻⋈⋈⋈⋈⋈⋈⋈⊞⊤∈⋈⋈⋈⋈⋈⋈⊤⊥⋈⊤⊥⊞∈⋈⋈⋈⋈⋈⋈⋈∈⋈⊞⋈⋈⊤∈⋈⋈≻⋈≺⊞⊤∈∈⊤∈⋈⊞⊤∈∋⋈∋⊞≺∋∋⊤∈⋈⊞⊞⋈⋈⊞∈⊤∈⊤∈⋈⋈⊞⋈≻⋈⋈⋈⋈⋈⊞⋈⋈⋈⋈⋈⋈⋈⊙⋈⋈⋈⋈⋈⋈⋈⋈⋈≻⋈⋈⋈⊞⊞⊤∈⋈⊤∈⋈⋈⋈⋈⋈⋈⋈⋈≺∋⊙⊞≺∋⊞⊞⋈⋈⋈⋈⊣⋈⋈⋈⋈⊙⋈⊤∈⋈⊞⋈⊞⋈⋈≺∋∋⊤∈∋≺∋∋⋈⋈⋈⋈⊞⊞⊞⊥⊤⊥⊞≺∋∋⋈⊞⋈⋈⋈⋈⋈⋈⊣⊤∈⋈⋈≻⊤∈∋⋈⋈⋈⋈⊡⋈⋈∈∈⋈⋈∈⋈⋈≻⊤∈⋈⊤∈⋈⋈≻⊤∈∋∋∋∋⋈⊤∈⋈⋈≻⋈⊤∈∋⋈≻⋈⊤∈⋈⊤∈⋈⋈≻⊤∈∋⋈⊤∈⋈⊤∈⊤∈∋∋⋈⊤∈⋈⋈≻⊤∈∋⋈⊞⋈⋈⋈⋈⋈⋈≺⊞⋈≺∋∋⊞⋈⋈⊤∈∋⋈⋈⋈⋈≻⊤⋈∈⋈⊤∈∋⋈⋈⋈≻⋈⊤∈∋≺∋∋∋⋈≺∋∋∋∋∋∋∋∋∋⋈⊞⋈⋈⋈⋈⋈⋈⊣⋈⊤∈⋈⋈≻⋈⊤∈⊞⋈∈⊤∈⋈⊤∈⋈⋈≻⊤∈∋∋⋈≻⊡≺⊤∈⋈⊤∈⋈⋈≻⊤∈∋∋⊡⋈⋈≻⊞⊤∈∋≺⋈⋈⊤∈⋈⋈⊤⊥⋈⋈⊞≻⋈⊤∈∋⋈⋈≺∋⊞∋∋∋∋∋⋈∋⊞⋈⋈⋈⋈⋈⋈⊣
0x6077a8f	⊢⋈⋈⋈⋈⋈⋈⋈⊞⋈⊤∈⋈⊤∈⋈⋈⊞⋈⋈⋈⋈⋈⋈≺⋈⋈⋈⋈≻⊤∈⋈⊤∈⋈≻⋈≺⋈⊤∈⋈⋈≻⋈⊤∈⊞⋈∈⊤∈⋈⊤∈⋈⋈≻⊤∈∋∋⋈≻⋈⊡⊤∈⋈⊤∈⋈⋈≻⊤∈∋∋⊡⋈⋈≻⊞⊤∈∋≺⋈⋈⊤∈⋈⋈⊤⊥⋈⋈⊞≻⋈⊤∈∋⋈⋈≺∋⊞≺∋∋∋∋∋∋∋⋈⊞⋈⋈⋈⋈⋈⋈⊣
0x60a2460	⊢⋈⋈⋈⋈⋈⋈⋈⋈⋈⋈≻⊤∈⋈⋈≻⋈⋈≻⋈≻⋈⋈⊙⋈≻⋈⋈⋈⋈⊙⋈⊙⊤∈⋈⋈≻≺⋈⋈⋈⋈⋈⊙⊤∈⋈⋈≻∋⊣⋈⋈⋈⋈⊞⊞⋈⋈⋈⋈⊣
0x6044e79	⊢⋈⋈⋈⋈⋈⋈⊞⋈⋈⊞∈⋈⋈⋈⋈⋈⊞⋈⊞⊞⊤⊥⋈⊞⊤∈⊤∈⊞⋈⋈⋈⊞⋈⊞⊤⊞⊡⋈∈⊞⊡⊞⊡⊞⊞∈∋⊤⋈⋈⊥⊤⊥⊞⋈⋈⊙⋈⋈⋈⋈⋈⋈⊞⊞⊞∈⋈⋈⊤∈⋈≺⋈⊞⋈⋈⋈⊞⋈⋈⋈⋈∈⋈⊞⋈⋈≻⋈⊞⊡⊞⋈⊤∈⋈⋈∈⊞⊞⊡⊞⊞⊤∈∋≺∋⊞⊞⊞⊤∈⊡⊞⊞≺∋⋈⊞⋈⊞⊞⊞⊤∈⊞⋈⊞⋈⋈⋈⋈⋈⋈⊞⋈⊞⋈⋈⋈⋈⊤∈⊞⋈⋈⋈⋈⋈⊞⋈⋈⋈⋈⊙≺∋⋈⊞∋⊤⋈⊞⊞⋈⊤∈∋≺⋈⋈⋈⋈⊞⊞⊞⊤⊥≺∋⋈⊞⋈≺⊞⋈⊞⋈⋈∈⋈⋈⋈⋈⊞∈∋⋈⋈⋈⋈⋈≺∋⊞⊤⊥⊤∈⋈⊞∈∋⋈⋈⋈≻⋈⋈⋈⋈⋈⊞⊤∈⋈⋈≺⊤∈⋈⊞⋈⋈≺∋∋⋈⊤∈⋈⋈⋈≺⊤∈⋈⊞⊞⋈⋈⋈≺∋∋⊤⊥⊤∈⊞∈⋈⊡⊞⊤∈∋∋⊤∈⋈∋⋈⊤∈⋈⊤∈⋈⋈∋⋈⊤∈⊞≺⊤∈⋈⊞⋈∈⊤∈⊞⋈⊞⊤⋈∈∋⊤∈∋⋈⋈≺∋∋∋⋈⊞⊤∈⊤∈⋈⋈⋈≻⋈⋈⋈⊤∈⊞⋈⋈⋈⋈⋈≺⋈⋈⋈⋈⋈⊤∈⋈⋈⊤∈⋈⋈⋈≻⊤⊥⊞⋈⋈⋈⋈≻⊤∈∋⋈⋈≻⋈⋈⋈⋈⋈⋈⊞⋈⋈⋈⊞⊞⊤∈⊞∈⋈⋈≻∋⋈⋈⋈⋈⋈⋈≻⊤∈∋⊞⋈⋈⋈⊤∈⋈⋈⋈⋈⊞⋈≻⋈⋈≺⊞∋⋈∈⊤⋈⊥⋈⊞⊞∈⋈⊞⊞⊞∈∋⋈⊞⋈⊤∈∋⋈⋈⋈⋈⊤∈⋈⋈⊤∈⊞≺⊤∈⋈⊞⋈∈⊤∈⊞⋈⊞⊤⋈∈∋⊤∈∋⋈⋈≺∋∋∋⋈⊞⊤∈⊤∈⋈⋈⋈≻⋈⋈⋈≺⊤∈⊞⋈⋈≻⋈⋈≻⋈⋈⋈≺⋈⋈⊤⊥⊤⊥⋈≺∋∋∋∋⋈⋈⋈⋈⋈⋈⊞⋈⋈⋈⋈⋈⋈⊣⋈⋈∋⋈⋈⋈⊣⋈⋈≻⋈⋈⋈≺⊤∈⋈∋⊤∈⊤∈⋈≺∋∋∋∋∋⋈⋈⋈⊣⊞⋈⋈⊞⊞⊞⊞⊞⊞⊞⊞⋈⊞⊞⋈⊞⊞⊤⋈⊥≺∋⋈⋈⋈≻⋈⋈⊤∈⋈⋈⋈⋈⋈⋈⋈⊙⋈⋈⋈⋈⋈⋈⋈⋈⋈⊤∈⊞⋈⋈⋈⋈⊡⊞⊞⋈⋈⋈⋈⊞⋈∈⊤∈∈⊡⊞⊞⊞⊤∈∋⊞∋⊞⊞⋈⊞⋈⋈⋈⊞⋈⋈≻⋈⋈⊞⋈⊡⊞⊤∈⋈∈⊞⊞⊡⊞⊞⊤∈∋≺∋⊞⊞⊞⊤∈⊡⊞⊞≺∋⋈⊞⋈⊞⊞⋈⊞⋈⋈⋈⋈⊞⋈⋈⋈⊞⋈⋈⋈⊙⋈⋈⊤∈∋≺⋈⋈⋈≺∋⊞⋈⋈⊞∈⋈⋈⋈⋈⊞⊤∈∋⋈⋈≻⋈∋∋⊞⋈⋈⋈⋈⋈⋈⊣
0x60472fa	⊢⋈⋈⋈⋈⋈⋈⊞⋈⋈⊞∈⋈⋈⋈⋈⋈⊞⋈⊞⊞⊤⊥⋈⊞⊤⋈∈⊤∈⊞⋈⋈⊞⋈⊞⊤⊞⊡⋈∈⊞⊡⊞⊡⊞⊞∈∋⊤⋈⋈⊥⊤⊥⊞⋈⋈⊙⋈⋈⋈⋈⋈⋈⊞⊞⊞∈⋈⋈⊤∈⋈≺⋈⊞⋈⋈⋈⋈⊞⋈⋈⋈∈⋈⋈⋈⋈≻⋈⊞⊡⊞⋈⊤∈⋈⋈∈⊞⊞⊡⊞⊞⊤∈∋≺∋⊞⊞⊞⊤∈⊡⊞⊞≺∋⋈⊞⋈⊞⊞⊞⊤∈⊞⋈⊞⋈⋈⋈⋈⋈⊞⋈⊞⋈⋈⋈⋈⊤∈⊞⋈⋈⋈⋈⋈⊞⋈⋈⋈⋈⋈⋈⊡⊡⊡⊡≺∋⋈⊞∋⊤⋈⊞⊞⋈⊤∈∋≺⋈⋈⋈⊞⊞⊞⊤⊥≺∋⋈⊞⋈≺⊞⋈⊞⋈⋈∈⋈⋈⋈⋈⊞∈∋⋈⋈⋈≺∋⊞⊤⊥⊤∈⋈⊞∈∋⋈⋈⋈≻⋈⋈⋈⋈⋈⋈⊞⋈⋈⊞∈⋈⋈⋈⋈⋈⊞⋈⊞⊞⊤⊥⋈⊞⊤∈⊤∈⊞⋈⋈⋈⊞⋈⊞⊤⊞⊡⋈∈⊞⊡⊞⊡⊞⊞∈∋⊤⋈⋈⊥⊤⊥⊞⋈⋈⊙⋈⋈⋈⋈⋈⋈⊞⊞⊞∈⋈⋈⊤∈⋈≺⋈⊞⊞⊞⋈⊞⋈⋈⊞⋈∈⋈⊞⋈⋈≻⋈⊞⊡⊞⋈⊤∈⋈⋈∈⊞⊞⊡⊞⊞⊤∈∋≺∋⊞⊞⊞⊤∈⊡⊞⊞≺∋⋈⊞⋈⊞⊞⊞⊤∈⊞⋈⊞⋈⋈⋈⋈⋈⋈⊞⋈⊞⋈⋈⋈⋈⊤∈⊞⊞⊞⋈⋈⋈⊞⋈⋈⋈⋈⋈⊙≺∋⋈⊞∋⊤⋈⊞⊞⋈⊤∈∋≺⋈⋈⋈⋈⊞⊞⊞⊤⊥≺∋⋈⊞⋈≺⊞⊞⋈⋈∈⋈⋈⋈⋈⊞∈∋⋈⋈⋈⋈⋈≺∋⊞⊤⊥⊤∈⋈⊞∈∋⋈⋈⋈≻⋈⋈⋈⋈⋈⋈⋈⋈⊤∈⋈⋈⊤∈⋈⊡⊞⊞⋈∈⊤∈∈⊡⊞⊞⊞⊤∈∋⊞∋⋈⊞⊞⊞⋈⋈⊞≻⋈⊞∈∋∋⋈⋈⊞⊞⊤∈∋⊞⋈⋈⋈⋈⋈⋈⊣⋈⊞⊞⋈⋈⋈⋈⋈⋈⊙⊞⋈⋈⊞⊞⊞⊞⊞⊞⊞⊞⋈⊞⊞⋈⊞⊞⊤⋈⊥≺∋⋈⋈⋈≻⋈⋈⊤∈⋈⋈⋈⋈⋈⋈⋈⊙⋈⋈⋈⋈⋈⋈⋈⋈⋈⋈⊤∈⊞⋈⋈⊡⋈⊞⊞⋈⋈⋈⋈⋈⋈⊞⋈⋈⋈∈⊤∈∈⊡⊞⊞⊞⊤∈∋⊞∋⊞⊞⋈⊞⊞⊞⋈⋈≻⋈⋈⊞⋈⊡⊞⊤∈⋈∈⊞⊞⊡⊞⊞⊤∈∋≺∋⊞⊞⊞⊤∈⊡⊞⊞≺∋⋈⊞⊞⊞⋈⊞⋈⋈⊞⊞⊞⊞⊞⊞⋈⊙⋈⊤∈∋≺⋈⋈≺∋⋈⊞⋈⋈⊞∈⋈⋈⋈⋈⊞⊤∈∋⋈⋈≻⋈∋∋⊞⋈⋈⋈⋈⋈⋈⊣⊞⋈⋈⊞⊞⊞⊞⊞⊞⊞⊞⋈⊞⊞⋈⊞⊞⊤⋈⊥≺∋⋈⋈⋈≻⋈⋈⊤∈⋈⋈⋈⋈⋈⋈⋈⋈⊙⋈⋈⋈⋈⋈⋈⋈⋈⋈⋈⊤∈⊞⋈⊡⊞⊞⋈⋈⋈⋈⊞⋈⋈⋈∈⊤∈∈⊡⊞⊞⊞⊤∈∋⊞∋⊞⊞⋈⊞⋈⋈⋈⋈⋈≻⋈⋈⊞⊡⊞⊤∈⋈∈⊞⊞⊡⊞⊞⊤∈∋≺∋⊞⊞⊞⊤∈⊡⊞⊞≺∋⋈⊞⊞⊞⋈⊞⋈⋈⊞⋈⊞⊞⋈⋈⋈⋈⊡⊡⊡⊡⋈⊤∈∋≺⋈⋈≺∋⋈⊞⋈⋈⊞∈⋈⋈⋈⋈⊞⊤∈∋⋈⋈≻⋈∋∋⊞⋈⋈⋈⋈⋈⋈⊣
0x6041c75	⊢⋈⋈⋈⋈⋈⋈⊞⋈⋈⋈⊞∈⋈⋈⋈⋈⊞⋈⊞⊞⊤⊥⋈⊞⊤∈⊤∈⊞⋈⋈⋈⊞⋈⊞⊤⊞⊡⋈∈⊞⊡⊞⊡⊞⊞∈∋⊤⋈⋈⊥⊤⊥⊞⋈⊙⋈⋈⋈⋈⋈⊞⊞⊞⋈∈⋈⋈⊤∈⋈≺⋈⊞⋈⋈⋈⋈⊞⋈⋈⋈∈⋈⋈⋈⋈≻⋈⊞⊡⊞⋈⊤∈⋈⋈∈⊞⊞⊡⊞⊞⊤∈∋≺∋⊞⊞⊞⊤∈⊡⊞⊞≺∋⋈⊞⋈⊞⊞⊞⊤∈⊞⋈⊞⋈⋈⋈⋈⋈⊞⋈⊞⋈⋈⋈⋈⊤∈⊞⋈⋈⋈⋈⋈⊞⋈⋈⋈⋈⋈⋈⊡⊡≺∋⋈⊞∋⊤⋈⊞⊞⋈⊤∈∋≺⋈⋈⋈⋈⊞⊞⊞⊤⊥≺∋⋈⊞⋈≺⊞⋈⊞⋈⋈∈⋈⋈⋈⋈⊞∈∋⋈⋈⋈≺∋⊞⊤⊥⊤⋈∈⋈⊞∈∋⋈⋈⋈≻⋈⋈⋈⋈⋈⋈⊞⋈⋈⊤∈⋈⋈≻⋈⋈⋈⋈⊞⊤∈⋈⋈⊤∈⋈⋈⋈⋈⋈⋈⊤∈⋈⋈⋈≻⋈⊞⋈⋈⊞⊞⊞⊞⊞⊞∈⊞⊡⊞⊞⊞⊤∈∈⊞⊞⊞⊞⋈⊤⋈∈⋈⊤∈⊤∈⋈⋈≺∋∋⋈⊞⋈∈∋∋⊞⊞⊤∈∋⋈⋈⋈≻⋈⊤∈∋⋈⋈⋈≻⋈⋈⋈⋈⋈⋈⊞⋈⋈⋈⊞∈⋈⋈⋈⋈⊞⋈⊞⊞⊤⊥⋈⊞⊤∈⊤∈⊞⋈⋈⋈⊞⋈⊞⊤⊞⊡⋈∈⊞⊡⊞⊡⊞⊞∈∋⊤⋈⋈⊥⊤⊥⊞⋈⊙⋈⋈⋈⋈⋈⊞⊞⊞∈⋈⋈⊤∈⋈≺⋈⊞⋈⋈⋈⋈⊞⋈⋈⋈⋈∈⋈⊞⋈⋈≻⋈⊞⊡⊞⋈⊤∈⋈⋈∈⊞⊞⊡⊞⊞⊤∈∋≺∋⊞⊞⊞⊤∈⊡⊞⊞≺∋⋈⊞⋈⊞⊞⊞⊤∈⊞⋈⊞⋈⋈⋈⋈⋈⊞⋈⊞⋈⋈⋈⋈⊤∈⊞⋈⋈⋈⋈⋈⊞⋈⋈⋈⋈⋈⋈⊡⊡⊡⊡≺∋⊞∋⊤⋈⊞⊞⋈⊤∈∋≺⋈⋈⋈⋈⊞⊞⊞⊤⊥≺∋⋈⊞⋈≺⊞⋈⊞⋈⋈∈⋈⋈⋈⋈⊞∈∋⋈⋈⋈⋈≺∋⊞⊤⊥⊤⋈∈⋈⊞∈∋⋈⋈⋈≻⋈⋈⋈⋈⋈⋈⊞⋈⋈⋈⋈⊤∈⋈⋈⋈≻⋈⊞⋈⋈⊞⊞⊞⊞⋈⊞⊞∈⊞⊡⊞⊞⊞⊤∈∈⊞⊞⊞⋈⊞⋈⊞⊤∈⊞⊞⋈≺⋈⊞⋈∈∋∋⊞⊞⊤∈∋⋈⋈⋈⋈⋈≻⋈⋈⋈≻⋈⊤∈⋈⊤∈⋈∈⋈⋈⋈⋈⋈⋈⋈⋈≻⋈⋈⋈⋈⋈≻⊤∈⋈⋈⋈⋈⋈⋈⋈⋈⋈⊤∈⋈⋈⋈⋈⋈⋈⋈≺∋≻⋈∋∋∋∋⋈≻⋈⋈⋈≻∋⋈⊞⋈⋈⋈⋈⋈⋈⊣⊞⊞⊞≺∋⊞⋈⋈⊞⊞⊞⊞⊞⊞⊞⊞⋈⊞⊞⋈⊞⊞⊤⋈⊥≺∋⋈⋈⋈≻⋈⋈⊤∈⋈⊞⋈⋈⋈⋈⋈⋈⊙⋈⋈⋈⋈⋈⋈⋈⋈⋈⋈⊤⋈∈⊞⋈⊡⊞⊞⋈⋈⋈⋈⋈⋈⊞⋈⋈∈⊤∈∈⊡⊞⊞⊞⊤∈∋⊞∋⊞⊞⋈⊞⋈⋈⋈⋈⋈≻⋈⋈⊞⊡⊞⊤∈⋈∈⊞⊞⊡⊞⊞⊤∈∋≺∋⊞⊞⊞⊤∈⊡⊞⊞≺∋⋈⊞⊞⊞⋈⊞⋈⋈⊞⋈⊞⊞⋈⋈⋈⋈⊡⊡⊡⊡⋈⊤∈∋≺⋈≺∋⋈⊞⋈⋈⊞⋈∈⋈⋈⋈⋈⊞⊤∈∋⋈⋈≻⋈∋∋⊞⋈⋈⋈⋈⋈⋈⊣⋈⋈⋈⋈⊤⊥⊤⊥⋈⋈⋈≻⋈⋈⋈⊤∈⋈⋈⊤∈⋈⋈∋∋⋈⊤⋈⋈⋈⋈∈⊞⋈⋈⋈⋈⋈⋈⋈⋈⋈⋈⋈⋈≻⊞⋈⋈⋈⊞⋈⋈⋈⋈⋈⋈⋈⋈⋈≺⋈⊞⋈⊤∈⋈⋈⊤∈⋈⋈≺∋⋈⊞⊤∈∋⊞⋈⊞⊥≺∋⋈⋈⋈⊞⊞⊞⋈⋈⋈⋈⋈⋈⋈⋈⋈≻⊞⋈⋈⊞⋈⋈⋈⋈⋈⋈⋈⋈⋈⋈⋈∋≻⊞⋈⊤⋈∈⋈⋈⋈⋈⋈⋈⋈≻⋈∋⋈⊤∈⋈⋈⋈⋈⋈⋈⋈≻⋈∋⋈⋈⋈≻⋈⊤∈⋈⋈≻≺∋⋈⊞⋈⋈⊞⊞⊞⊞⊞⊞⊞∈⊞⊡⊞⊞⊞⊤∈∈⊞⊞⊞⊞⋈⊤∈⋈⋈⊤∈⋈⊤∈⋈⋈≺∋∋⋈⊞⋈∈∋∋⊤∈⊞⊤∈⊞⊞⊞⊞∋⊞⊞⊤∈⋈⊤∈⊡⊞⊞⋈≺∋⊞⋈⊡⋈⊞⋈⋈⊡⊞⋈⋈⋈⋈⋈⋈⋈⋈≺∋⊞⊞⊞⋈≺∋⊞⊞⊞≺∋⊤⋈⊥⋈⊥⋈≺⋈≺∋∋∋∋⋈⋈⊞⋈⋈⋈⋈⋈⋈⊣⊞⋈⋈⊞⊞⊞⊞⊞⊞⊞⊞⋈⊞⊞⋈⊞⊞⊤⋈⊥≺∋⋈⋈⋈≻⋈⋈⊤∈⋈⊞⋈⋈⋈⋈⋈⋈⊙⋈⋈⋈⋈⋈⋈⋈⋈⋈⋈⊤⋈∈⊞⋈⊡⋈⊞⊞⋈⋈⋈⋈⊞⋈⋈⋈∈⊤∈∈⊡⊞⊞⊞⊤∈∋⊞∋⊞⊞⋈⊞⋈⋈⋈⋈⋈≻⋈⋈⊞⊡⊞⊤∈⋈∈⊞⊞⊡⊞⊞⊤∈∋≺∋⊞⊞⊞⊤∈⊡⊞⊞≺∋⋈⊞⊞⊞⋈⊞⋈⋈⊞⋈⊞⊞⋈⋈⋈⋈⊡⊡⋈⊤∈∋≺⋈≺∋⋈⊞⋈⋈⊞⋈∈⋈⋈⋈⋈⊞⊤∈∋⋈⋈≻⋈∋∋⊞⋈⋈⋈⋈⋈⋈⊣
0x603e64e	⊢⋈⋈⋈⋈⋈⋈⊞⋈⋈⊞∈⋈⋈⋈⋈⋈⊞⋈⊞⊞⊤⊥⋈⊞⊤⋈∈⊤∈⊞⋈⋈⊞⋈⊞⊤⊞⊡⋈∈⊞⊡⊞⊡⊞⊞∈∋⊤⋈⋈⊥⊤⊥⊞⋈⋈⊙⋈⋈⋈⋈⋈⋈⊞⊞⊞⋈∈⋈⋈⊤∈⋈≺⋈⋈⊞⊞⊞⋈⊞⋈⋈⊞∈⋈⊞⋈⋈≻⋈⋈⊞⊡⊞⋈⊤∈⋈⋈∈⊞⊞⊡⊞⊞⊤∈∋≺∋⊞⊞⊞⊤∈⊡⊞⊞≺∋⋈⊞⋈⊞⊞⊞⊤∈⊞⋈⊞⋈⋈⋈⋈⋈⊞⋈⊞⋈⋈⋈⋈⊤∈⊞⊞⊞⋈⋈⋈⊞⋈⋈⋈⊡⊡⊡⊡≺∋⋈⊞∋⊤⋈⊞⊞⋈⊤∈∋≺⋈⋈⋈⊞⊞⊞⊤⊥≺∋⋈⊞⋈≺⊞⊞⋈⋈∈⋈⋈⋈⋈⊞∈∋⋈⋈⋈⋈≺∋⊞⊤⊥⊤∈⋈⊞∈∋⋈⋈⋈≻⋈⋈⋈⋈⋈⋈⋈⊞∈⋈⊤∈⊞⊞⋈⊞⊥⋈⊤⊥⊞∈∋∋⋈⋈⋈≻∋⋈⊤∈⋈⋈≻⊤∈⋈⋈≻∋⋈∋⊞⋈⋈⊞⋈⊞⊞⊤⊥⋈⋈⋈⋈⊞⋈⋈⋈⋈⊣⊞⋈⋈⊞⊞⊞⊞⊞⊞⊞⊞⋈⊞⊞⋈⊞⊞⊤⋈⊥≺∋⋈⋈⋈≻⋈⋈⊤∈⋈⋈⋈⋈⋈⋈⋈⋈⊙⋈⋈⋈⋈⋈⋈⋈⋈⋈⊤∈⊞⋈⊡⊞⊞⋈⋈⋈⋈⋈⋈⋈⋈⊞⋈⋈∈⊤∈∈⊡⊞⊞⊞⊤∈∋⊞∋⊞⊞⋈⊞⋈⊞⋈⋈≻⋈⋈⊞⊡⊞⊤∈⋈∈⊞⊞⊡⊞⊞⊤∈∋≺∋⊞⊞⊞⊤∈⊡⊞⊞≺∋⋈⊞⊞⊞⋈⊞⋈⋈⊞⊞⊞⊞⋈⊡⊡⊡⊡⋈⊤∈∋≺⋈⋈≺∋⋈⊞⋈⋈⊞∈⋈⋈⋈⋈⊞⊤∈∋⋈⋈≻⋈∋∋⊞⋈⋈⋈⋈⋈⋈⊣
0x60440c0	⊢⋈⋈⋈⋈⋈⋈⊞⋈⋈⊞∈⋈⋈⋈⋈⋈⊞⋈⊞⊞⊤⊥⋈⊞⊤⋈∈⊤∈⊞⋈⋈⊞⋈⊞⊤⊞⊡⋈∈⊞⊡⊞⊡⊞⊞∈∋⊤⋈⋈⊥⊤⊥⊞⋈⋈⊙⋈⋈⋈⋈⋈⋈⊞⊞⊞⋈∈⋈⋈⊤∈⋈≺⋈⋈⊞⊞⊞⋈⊞⋈⋈⊞∈⋈⊞⋈⋈≻⋈⋈⊞⊡⊞⋈⊤∈⋈⋈∈⊞⊞⊡⊞⊞⊤∈∋≺∋⊞⊞⊞⊤∈⊡⊞⊞≺∋⋈⊞⋈⊞⊞⊞⊤∈⊞⋈⊞⋈⋈⋈⋈⋈⊞⋈⊞⋈⋈⋈⋈⊤∈⊞⊞⊞⋈⋈⋈⊞⋈⋈⋈⊡⊡⊡⊡≺∋⋈⊞∋⊤⋈⊞⊞⋈⊤∈∋≺⋈⋈⋈⊞⊞⊞⊤⊥≺∋⋈⊞⋈≺⊞⊞⋈⋈∈⋈⋈⋈⋈⊞∈∋⋈⋈⋈⋈≺∋⊞⊤⊥⊤∈⋈⊞∈∋⋈⋈⋈≻⋈⋈⋈⋈⋈⊞⋈⋈⊞⋈⊞⋈⊞⋈⊞⋈⋈⋈⋈⋈⋈⋈⊞⋈⋈⋈⋈⋈⊞⊤⊥⋈⋈⋈⋈≻⊤∈⋈⋈⋈⋈⋈≻⊤∈⊤∈⋈⋈≺⊤∈⋈⊞⋈⋈≺∋∋⋈⋈⋈⋈⋈≻⊞⋈⋈⋈≻∋⋈⋈⋈⋈⋈≻⊤∈⊤∈⋈⋈≺⊤∈⋈⊞⊞⋈⋈≺∋∋⋈⋈⋈⋈⋈≻⊞⋈⋈⋈⋈⋈⋈⋈⋈⋈⋈≻⋈⋈⋈⋈⋈⋈≻⋈⋈⋈⋈⋈≺∋≻∋⋈⊞⊞⋈⋈⊞⋈⊞⋈⊞⊞⊞⊞⊞⊞⊞⊞⊞⊞⊞⊞⊞⊞⊞⊞⊞⊞⊞⊞⊞⊞⊞⊞⊞⊞⊞⊞⊞⊞⊞⊞⊞⊞⊞⊞⊞⊞⊞⊞⊞⊞⊞⊞⊞⊞⊞⊞⊞⊞⊞⊞⋈⊞⊞⊞⊞⊞⋈⋈⋈⋈⋈⊣⊞⋈⋈⊞⊞⊞⊞⊞⊞⊞⊞⋈⊞⊞⋈⊞⊞⊤⋈⊥≺∋⋈⋈⋈≻⋈⋈⊤∈⋈⋈⋈⋈⋈⋈⋈⋈⊙⋈⋈⋈⋈⋈⋈⋈⋈⋈⊤∈⊞⋈⊡⊞⊞⋈⋈⋈⋈⋈⋈⋈⋈⊞⋈⋈∈⊤∈∈⊡⊞⊞⊞⊤∈∋⊞∋⊞⊞⋈⊞⋈⊞⋈⋈≻⋈⋈⊞⊡⊞⊤∈⋈∈⊞⊞⊡⊞⊞⊤∈∋≺∋⊞⊞⊞⊤∈⊡⊞⊞≺∋⋈⊞⊞⊞⋈⊞⋈⋈⊞⊞⊞⊞⋈⊡⊡⊡⊡⋈⊤∈∋≺⋈⋈≺∋⋈⊞⋈⋈⊞∈⋈⋈⋈⋈⊞⊤∈∋⋈⋈≻⋈∋∋⊞⋈⋈⋈⋈⋈⋈⊣
0x60407cf	⊢⋈⋈⋈⋈⋈⋈⊞⋈⋈⋈⊞∈⋈⋈⋈⋈⊞⋈⊞⊞⊤⊥⋈⊞⊤∈⊤∈⊞⋈⋈⋈⊞⋈⊞⊤⊞⊡⋈∈⊞⊡⊞⊡⊞⊞∈∋⊤⋈⋈⊥⊤⊥⊞⋈⊙⋈⋈⋈⋈⋈⊞⊞⊞∈⋈⋈⊤∈⋈≺⋈⊞⋈⋈⋈⋈⊞⋈⋈⋈⋈∈⋈⋈⋈≻⋈⊞⊡⊞⋈⊤∈⋈⋈∈⊞⊞⊡⊞⊞⊤∈∋≺∋⊞⊞⊞⊤∈⊡⊞⊞≺∋⋈⊞⋈⊞⊞⊞⊤∈⊞⋈⊞⋈⋈⋈⋈⋈⊞⋈⊞⋈⋈⋈⋈⊤∈⊞⋈⋈⋈⋈⋈⊞⋈⋈⋈⋈⋈⋈⊡⊡≺∋⊞∋⊤⋈⊞⊞⋈⊤∈∋≺⋈⋈⋈⋈⊞⊞⊞⊤⊥≺∋⋈⊞⋈≺⊞⋈⊞⋈⋈∈⋈⋈⋈⋈⊞∈∋⋈⋈⋈⋈≺∋⊞⊤⊥⊤⋈∈⋈⊞∈∋⋈⋈⋈≻⋈⋈⋈⋈⋈⋈⊞⋈⋈⋈⋈⋈⋈⋈⋈⋈⋈⋈⋈≻⋈⊤∈⋈⋈≻⋈⋈⋈⋈⋈⋈⊞⋈⋈⋈⋈⋈⋈⋈⋈⋈≻⊤∈⊤∈⊤∈∋∋⋈⋈⋈≻⊤∈⊤∈⊤∈∋∋⊤∈⋈⋈⊞≻≺∋⋈⋈⋈⋈⋈⋈⋈⋈⋈⋈⋈⋈⋈⋈⋈≻⋈⋈⊤∈⋈⋈⊞⊞⊤∈⋈⊞⊙⋈≺∋∋∋∋⋈⊞⋈⋈⋈⋈⋈⋈⊣⋈⋈⊞⊤∈⋈⋈⊞∈⋈⋈⊤⋈∈⊞⋈⊞⊞⋈⋈≺⋈⋈⊤⊥⋈⊤⊥⊞⋈∈⋈⊡⊞⋈⊞⋈∋⊞⊤∈≺⋈≺∋∋⋈⊞⋈⋈⋈⋈⋈⋈⋈⊤⊥⋈⊥⊥⊞⋈⊞⊞∈∈⊤∈⋈⊞⊤⊥⊞⊤∈⊞⋈⊞⋈⊞⊥≺∋⋈⊤∈⊤∈⋈⋈⋈⊤⋈∈∋⋈⊞⊤∈⋈⊞⊥≺≺∋⊞∋⊞∋⊤∈⊤∈⋈⋈⋈⋈⊤⋈∈∋⋈⊞⋈⊤∈⋈⊞⊥≺∋∋⊞∋⊞⊤∈∋⊤∈∋∋⊤∈⋈⋈≺⊤∈⊤⋈⋈∈⋈⋈⊞≻≺∋⋈⋈⋈⋈⋈⋈⋈⋈⋈⋈⊞⋈⋈⋈⋈⋈⊞⋈⋈⋈⋈≻⊞⋈⋈⋈⊤∈⋈⋈⊞⊞⊤∈⋈⊞⊙≺⋈⋈≺⋈∋⋈∋∋∋∋∋⋈⋈⊞⋈⋈⋈⋈⋈⋈⊣⊞⋈⋈⊞⊞⊞⊞⊞⊞⊞⊞⋈⊞⊞⋈⊞⊞⊤⋈⊥≺∋⋈⋈⋈≻⋈⋈⊤∈⋈⊞⋈⋈⋈⋈⋈⋈⊙⋈⋈⋈⋈⋈⋈⋈⋈⋈⋈⊤⋈∈⊞⋈⊡⊞⊞⋈⋈⋈⋈⋈⋈⊞⋈⋈∈⊤∈∈⊡⊞⊞⊞⊤∈∋⊞∋⊞⊞⋈⊞⋈⋈⋈⋈⋈≻⋈⋈⊞⊡⊞⊤∈⋈∈⊞⊞⊡⊞⊞⊤∈∋≺∋⊞⊞⊞⊤∈⊡⊞⊞≺∋⋈⊞⊞⊞⋈⊞⋈⋈⊞⋈⊞⋈⋈⋈⋈⊡⊡⋈⊤∈∋≺⋈≺∋⋈⊞⋈⋈⊞⋈∈⋈⋈⋈⋈⊞⊤∈∋⋈⋈≻⋈∋∋⊞⋈⋈⋈⋈⋈⋈⊣
0x60432b4	⊢⋈⋈⋈⋈⋈⋈⊞⋈⋈⊞∈⋈⋈⋈⋈⋈⊞⋈⊞⊞⊤⊥⋈⊞⊤⋈∈⊤∈⊞⋈⋈⊞⋈⊞⊤⊞⊡⋈∈⊞⊡⊞⊡⊞⊞∈∋⊤⋈⋈⊥⊤⊥⊞⋈⋈⊙⋈⋈⋈⋈⋈⋈⊞⊞⊞⋈∈⋈⋈⊤∈⋈≺⋈⋈⊞⊞⊞⋈⊞⋈⋈⊞∈⋈⋈⋈≻⋈⋈⊞⊡⊞⋈⊤∈⋈⋈∈⊞⊞⊡⊞⊞⊤∈∋≺∋⊞⊞⊞⊤∈⊡⊞⊞≺∋⋈⊞⋈⊞⊞⊞⊤∈⊞⋈⊞⋈⋈⋈⋈⋈⊞⋈⊞⋈⋈⋈⋈⊤∈⊞⊞⊞⋈⋈⋈⊞⋈⋈⋈⊡⊡≺∋⋈⊞∋⊤⋈⊞⊞⋈⊤∈∋≺⋈⋈⋈⊞⊞⊞⊤⊥≺∋⋈⊞⋈≺⊞⊞⋈⋈∈⋈⋈⋈⋈⊞∈∋⋈⋈⋈⋈≺∋⊞⊤⊥⊤∈⋈⊞∈∋⋈⋈⋈≻⋈⋈⋈⋈⋈⋈⊞⋈⊤∈⋈⋈⋈⊤∈⋈⋈⋈⋈⋈⊤⋈∈⋈⋈⋈⋈≻⋈⊞⋈⋈⊞⊞⊞⊞⊞⊞⋈∈⊞⊡⊞⊞⊞⊤∈∈⊞⊞⊞⊞⋈⊞⊤∈⊤∈⊤∈⋈≺∋∋⋈⊞⋈∈∋∋⊞⊞⊤∈∋⊤∈⋈⋈⋈≻⋈⊤∈∋⋈⋈≻⋈⊞⋈⋈⋈⋈⋈⊞⋈⋈⊤∈⋈⊤⊥⋈⊤∈⋈⋈⊤∈⊞⋈⋈≺∋⋈⊞⊤∈⋈⋈⊞∈≺∋⊤∈⊞⊤∈⊞⋈⊤⊥⋈⊤∈⋈⋈⊤∈⊞⋈⋈≺∋⋈⊞⊤∈⋈⋈⊞∈∋∋⊤∈∋∋∋⋈⊤⊥⋈⊤∈⋈⋈⊤∈⊞⋈⋈≺∋⋈⊞⊤∈⋈⋈⊞∈∋⊤∈∋∋⋈⋈≻⋈⋈⋈⊞⋈⋈⊞⋈⊞⋈⊞⋈⊞⋈⋈⋈⋈⋈⋈⋈⊞⋈⋈⋈⋈⋈⋈⋈⋈≻⋈⋈⋈⋈⋈⋈≻⋈⋈⋈⋈⋈≻⋈⊞⊞⋈⋈⊞⋈⊞⋈⊞⊞⊞⊞⊞⊞⊞⊞⊞⊞⊞⊞⊞⊞⊞⊞⊞⊞⊞⊞⊞⊞⊞⊞⊞⊞⊞⊞⊞⊞⊞⊞⊞⊞⊞⊞⊞⊞⊞⊞⊞⊞⊞⊞⊞⊞⊞⊞⊞⊞⊞⊞⋈⊞⊞⊞⊞⊞⋈⋈⋈⊣⊞⊤∈⊞⋈⊤⊥⋈⊤∈⋈⋈⊤∈⊞⋈⋈≺∋⋈⊞⊤∈⋈⋈⊞∈∋∋∋∋∋⋈⋈⋈⋈≻⋈⋈⋈⋈⋈⋈≻⋈⋈⋈⊤⋈∈⋈⋈⊤∈⋈⊤⊥⊞⊤⊥⊥⋈≺∋⋈⊤⊥⋈∋⋈⋈⋈≻⊤∈⋈⋈⋈⊤∈⋈⋈≺∋∋⋈⋈⋈≻⋈⊤∈⋈⋈⋈⋈⊤⋈∈⋈⋈≺∋∋⋈⊤∈⋈⋈⋈⋈⋈⋈≻⋈⋈⋈⋈⋈⋈⋈⊞⊤∈⋈⋈⋈⋈⋈⋈≻⋈⋈⋈⋈⋈⋈≺∋⋈⋈≻⋈≺∋⊤∈⋈⋈⋈⋈⋈⋈⋈⋈≻⋈∋⋈⋈⋈≻⋈∋⊞⋈⋈⋈⋈⋈⋈⋈≻⋈⋈⋈⋈≻≺⊞⊞⊞≺∋⋈≺∋∋∋∋∋∋⋈⊞⋈⋈⋈⋈⋈⋈⊣⊞⋈⋈⊞⊞⊞⊞⊞⊞⊞⊞⋈⊞⊞⋈⊞⊞⊤⋈⊥≺∋⋈⋈⋈⋈≻⋈⋈⊤∈⋈⋈⋈⋈⋈⋈⋈⋈⋈⊙⋈⋈⋈⋈⋈⋈⋈⋈⋈⋈⊤∈⊞⋈⊡⊞⊞⋈⋈⋈⋈⋈⋈⋈⊞⋈∈⊤∈∈⊡⊞⊞⊞⊤∈∋⊞∋⊞⊞⋈⊞⋈⊞⋈⋈⋈≻⋈⋈⊞⊡⊞⊤∈⋈∈⊞⊞⊡⊞⊞⊤∈∋≺∋⊞⊞⊞⊤∈⊡⊞⊞≺∋⋈⊞⊞⊞⋈⊞⋈⋈⊞⊞⊞⊞⋈⊡⊡⋈⊤∈∋≺⋈⋈≺∋⋈⊞⋈⋈⊞∈⋈⋈⋈⋈⊞⊤∈∋⋈⋈≻⋈∋∋⊞⋈⋈⋈⋈⋈⋈⊣
0x60a6430	⊢⋈⋈⋈⋈⋈⋈⋈⊞⋈⋈⋈⊙⊤∈⋈⋈≻⋈⋈⋈⋈⋈⋈⋈⊞⊞⋈⋈⋈⊞⋈⋈⋈⋈⊤∈∋⋈⋈⋈⋈⊞⋈≻⋈⋈⋈⋈⋈⊞⋈⊞⋈⋈⋈⊙⊞⊞⊞⋈⋈⋈⊙⋈⋈⋈⋈⋈⋈⋈⋈⋈⋈⋈⋈⋈⋈⋈⋈⊞⋈⋈⋈⋈⋈⋈⊣
0x60631c6	⊢⋈⋈⋈⋈⋈⋈⋈⊞⋈⋈≻⋈⋈⋈⋈⋈⋈⋈⊞⊞⋈⋈⊞⋈⊞⋈⋈⋈⋈⋈⊡⊤∈⋈⋈⋈⋈⋈⊞⋈≻⋈⋈⋈⋈⋈⊞⋈⊞⋈⋈⋈⋈⊙⊞⊞⊞⋈⊙⋈⋈⋈⋈⊡⋈⋈⋈⋈⋈⋈⋈⋈⋈⋈⋈⋈⋈⋈⊞⋈⋈⋈⋈⋈⋈⊣
0x607a045	⊢⋈⋈⋈⋈⋈⋈⋈⊙⊤∈⋈⋈≻⋈⋈⋈⋈⋈⋈⋈⋈⋈⊣
0x60a65d0	⊢⋈⋈⋈⋈⋈⋈⋈⊞⋈⋈⋈⋈⋈⊙⊤∈⋈⋈≻⋈⋈⋈⋈⋈⋈⋈⊞⋈⊞⋈⋈⋈⊞⋈⋈⋈⋈⋈⊤∈∋⋈⋈⊞⋈≻≺⋈⋈⋈⋈⋈⋈⊞⋈⊙⊞⊞⊞⋈⋈⋈⊙⋈⋈⋈⋈⋈⊤∈⋈⋈⋈⊞≻≺⋈⊞⊤∈⋈⋈⋈≻⋈⊞⋈⊞⊞⊙⋈⋈⊞⊡∈⋈⊤⊞⋈⋈⋈⊤∈⊤∈∋∋⋈⋈⋈⋈⋈⋈⋈⋈⋈⋈⋈⋈⋈⊞⋈⋈⋈⋈⋈⋈⊣
0x60634f3	⊢⋈⋈⋈⋈⋈⋈⋈⊞⋈⋈⋈⋈⋈≻⋈⋈⋈⋈⋈⋈⊞⊞⋈⋈⊞⋈⊞⋈⋈⋈⋈⋈⋈⋈⋈⊡⊤∈⋈⋈⊞⋈≻≺⋈⋈⋈⋈⋈⋈⊞⋈⊙⊞⊞⊞⋈⊙⋈⋈⋈⋈⊡⋈⋈⊤∈⋈⋈⊞⋈≻≺⋈⊞⊤∈⋈⋈⋈≻⋈⊞⋈⊞⊞⋈⊙⋈⋈⊞∈⋈⊤⊞⋈⋈⋈⊤∈⊤∈∋∋⋈⋈⋈⋈⋈⋈⋈⋈⋈⋈⋈⊡⋈⋈⋈⋈⊞⋈⋈⋈⋈⋈⋈⊣
0x60a47a0	⊢⋈⋈⋈⋈⋈⋈⋈⊞⋈⋈⋈⋈⋈⋈⋈⋈⋈⋈⋈⊞⋈⊞⊞⋈⋈⊙⋈⋈⊞⋈⋈⋈⋈⋈⋈⋈⋈⊞⊞⋈⊙⋈⊞⋈⋈⋈⊤∈⋈⊤∈⋈⋈≺⋈⋈⊤∈⋈⋈⊤∈⋈⋈⋈⋈⋈⋈⋈⋈⋈⋈⋈⋈⊞⊞⊤∈⋈⋈≻⊤∈⋈≻⋈⋈≺⋈⊞⋈⋈⋈⋈⋈⋈⋈⋈⋈⋈⊞⊤∈⋈⋈⋈⋈≻⊡≺⊤∈∋⋈⋈⋈≺⋈≻⋈⋈⋈⊞⊞⋈≺∋∋∋∋⋈⋈⊤∈⋈⊤∈⋈⊞≺∈⋈⋈⊤∈⊤∈⋈⋈≺⋈⋈⊤⋈∈⋈⊤∈∋⋈⋈⋈≻⋈⋈⋈⋈⋈⋈⋈⋈⋈⋈⊞⊤∈⋈⊞⋈≻≺⋈⋈⊞⋈⋈⋈⋈⊞⋈⋈⋈⋈⋈⋈⋈⋈⋈⊞⊤∈⋈⊞⋈≻≺⋈⋈⋈⊞⋈⋈⋈≺∋⋈⋈⋈⋈⊞⋈⋈⋈⊞⋈⊞⊞⋈⋈⊙⋈⋈⋈⋈⋈⋈⊞⋈⋈⊙⋈⊞⋈⋈⋈⋈⋈⋈⊞⊞⋈⊙⋈⊞⋈⋈⋈⋈⋈⊞⊞⋈⊞⋈⊙⋈⋈⋈⊞⋈⊞⋈⊙⊤∈⊞∈⋈⋈⋈⊞⊤∈∋∋⊡⋈⊤⋈⋈∈⋈⊞⊞⊤∈⋈⋈⋈∋≻≺∋⊣⋈⋈⋈⊞⊙⋈⊞⊡∈⋈⋈⋈⊞⊤∈∋≺∋⋈⊙⋈⋈⋈⊤∈∋∋∋∋∋∋⋈∋⋈∋⋈⋈⋈⋈⋈⋈⋈⋈⋈⋈⋈⋈⋈⊞⋈⋈⋈⋈⋈⋈⊣
0x609b200	⊢⋈⋈⋈⋈⋈⋈⋈⊞⋈⋈⊤∈⋈⋈⋈⋈⋈⋈≺⋈⊞⋈⋈⋈⋈⊤∈⋈⋈⋈⋈⋈⋈⋈≻⊤∈⋈⋈≻⋈⊤∈⋈⊙∋⋈≻⋈⋈⋈⊞⋈⋈⋈∈⊤∈⋈⋈⋈⊞⊞⋈⋈⊞∈⋈⋈⋈⊤∈⊤∈⋈⋈⋈⋈⋈≺∋⋈⋈⊞⊞⊞⊤∈⋈⋈⊤⊥⊤⋈⊥⊤∈⋈⊞≺⋈⋈⋈⋈⋈⋈⋈⋈⊞⊤∈⊤∈⋈⋈⋈⋈⋈⋈⋈⊞⊞⋈⊞⊤∈⊤∈∋⋈⊞⋈≺⊞⋈⋈⋈⋈⋈⊤∈⋈⋈∋∋⋈⋈⋈⋈⋈⋈≺⋈⊞⋈⊞⋈⋈⊤∈≺∋⋈⊤∈∋⋈≻⋈∋∋⊞⋈⋈⊡⋈⋈⋈⋈⋈⋈⋈⋈⊤⋈∈∋≺⊤⋈∈∋⋈≺⋈⋈⋈⋈≺⊞⋈⋈⊤∈∋≺⊞⋈⋈∋⋈⋈∋⋈⋈⋈⋈⋈∋∋⋈⋈⊤∈⋈⊙∋∋∋⊞⋈⋈⋈⋈⋈⋈⊣
0x607c30c	⊢⋈⊤∈⊞⋈⋈≻⊞⊣⋈⋈⋈⋈⊣
0x607bed5	⊢⋈⋈⋈⋈⋈⋈⊞⋈⋈⋈⊞∈⋈⋈⋈⋈⊤∈⋈⋈⋈⋈⋈≻⋈≺⋈⋈⋈⋈⋈⊞⋈⋈⋈⋈⋈⋈⊞⋈⊞⊞⊞∈⋈⋈⋈⋈≻≺⋈⋈∋∋⊤∈⋈⋈⊞⊤∈⋈⋈⊤∈⋈⋈⋈⋈⋈≻⊤∈⋈⊤⋈∈⋈⋈⋈≻⊤∈⋈⊤∈⋈∋⋈⋈⋈⊞∈⋈≺∋⋈⋈≻⊤⋈∈⋈⋈⋈≺⋈⋈⋈⋈⊞⋈⋈⋈⋈⋈⋈⊞⋈⊞⊞⊞∈⋈⋈∋⋈⋈≻≺⋈⋈∋⊤∈⋈⋈⋈⊤∈∋⋈⋈≺∋⋈≻≺⊞⋈⊞⊞⋈⊞⊞⋈⊞⋈⊞⋈⋈⊞⊤∈⋈⋈⋈⋈≻⋈≺∋⋈⋈⊞⊞⋈⊞⊞⊞⋈⊞⊞⊞⋈⊞⊞⋈⊞≺∋⋈≺⋈⊤∈⋈⋈⊞⊤∈∋⋈⋈⋈⋈≻⋈≺∋⋈⊞⊤∈⋈⊞⊞⊞⊞⊞⋈⋈⋈⊞⊞⋈≺∋⋈⊞⊞⋈⊞∋⋈⋈⊤∈⋈≻≺∋⋈⋈⊞⋈≺∋⊞∋⋈≺∋∋∋⊞⋈⋈⋈⋈⋈⋈⊣
0x607be7a	⊢⋈⋈⋈⋈⋈⋈⋈⋈≻⋈⋈≻⋈⋈⊞⋈⋈⊣
0x607c33b	⊢⋈⋈⋈⋈⋈⋈⋈⋈≻⋈⋈≻⋈⋈⊞⋈⋈⊣
0x607c2d5	⊢⋈⋈⋈⋈⋈⋈⋈⋈≻⋈⋈≻⋈⋈⊞⋈⋈⊣
0x607beb2	⊢⋈⋈⋈⋈⋈⋈≻⋈⋈⋈≺
0x60904f0	⊢⋈⋈⋈⋈⋈⋈⋈⊞⋈⋈⋈⋈⋈⋈⊤∈⋈⋈⊞⊞≺⋈⋈≻⋈⋈⋈⋈⊞∈⋈⊤∈⋈⋈⋈≻⋈⊤∈∋⋈⋈⋈⊙⋈⋈⋈⋈≻⋈⊤∈∋⋈≺∋∋⋈⋈⋈⋈⋈⋈⊤∈⊤∈⊤∈⋈⋈⋈⋈⋈⋈⊞⊙⊞⊤∈∋∋⋈⋈⋈⊞⊙⋈⋈⋈⋈⋈⋈⊞⊙⋈⋈⋈⋈≺⊞⋈⋈⋈⋈⋈⋈⊣
0x6096900	⊢⋈⋈⋈⋈⋈⋈⋈⊞⋈⋈⋈⋈⊞⊤⊥⋈⊞⋈⊞⋈⊞⊥⊤⊥⊤∈⋈⋈≺⋈⋈⊞⋈⋈⋈⋈⋈⊞⊞⊞⊞⊞⊞⊞⊞∈⋈⊤∈⊤∈⋈∋⋈⋈⊞⊞⊞⊤∈⊞⊞⋈⋈⊤∈⋈≺⋈⊤∈⋈⊤∈⋈∈⋈⋈⊞⋈∈⊤∈⋈⊤⊥⊞⊞⊞⊤∈∋⋈⊤∈∋⊞∈∋⋈⋈≺⋈≺∋≺⊞⊞⊞⊞≺∋⋈⋈⋈⋈⊤∈⋈∋⋈≻⋈⊤∈⋈⊞⋈⋈⋈⋈⊞⋈⋈⋈⊞≺∈⋈⋈⋈⋈⋈⋈⋈⋈≻⊤∈⋈⋈⋈⋈≺⋈⊤∈⊤∈⋈⋈≻⋈⋈⋈⋈⋈≻⊤∈⋈⋈⋈≺⊤∈⊤∈∋⋈⋈≻⋈⋈⋈⋈⊤∈⊤∈∋⋈⋈≻⋈⋈⋈⋈⋈≻⊤∈∋∋∋∋∋⊞⊤∈∋⊤∈⋈⊤∈⋈⊞⋈⋈⋈⋈⋈⋈⋈≻⊞≺∋⊞⋈⋈≺⋈⋈⋈⋈⋈≺≺⋈⋈⋈⋈≺⊞⊞⊞∈∋⋈≺∋∋⋈⋈⋈⋈⋈∋∋⋈∋∋∋∋∋⊞⋈⋈⋈⋈⋈⋈⊣
0x60965d0	⊢⋈⋈⋈⋈⋈⋈⋈⊤∈⋈⋈⊤∈⋈⋈⋈⋈⋈⋈≻≺⊤∈⋈⊤∈⋈⊤∈⋈⊤∈⊞⊡∈⋈⊞⋈⊞⊤⊥⊞⋈⊤∈∋⊞≺∋⊞⊤∈⊞∈⊞⊞⊞⊤∈⋈⊤∈⋈⊤∈⊞⊡∈⋈⊞⋈⊞⊤⊥⊞⋈⊤∈∋⊞≺∋⊞⊤∈⊞∈⊞⊞⊞≺∋⊤∈⊞∈⋈⋈⊞⊤⊥⊞⋈⊞⋈⊞∈⊤∈⋈⋈⋈⋈≻≺⊤∈⋈⊤∈∋∋⊞⋈≺⋈⊤∈⋈⊤∈⊞⊡∈⋈⊞⋈⊞⊤⊥⊞⋈⊤∈∋⊞≺∋⊞⊤∈⊞∈⊞⊤∈⋈⊞∈⋈⋈⊞⊤⊥⊞⋈⊞⋈⊞∈⊤∈∋∋∋∋∋∋∋∋∋∋∋∋∋∋∋∋∋⋈⋈⊞⊞⊞⋈⋈⋈⋈≻≺∋∋∋∋⊞⋈⋈⋈⋈⊣
0x606425c	⊢⋈⋈⋈⋈⊤∈⊞∈⋈⋈≻∋⋈∈⋈⊞⋈⋈⋈≻⋈⊤∈∋≺∋⋈⋈⋈⋈⋈⋈⊣
0x60679eb	⊢⋈⋈⋈⋈⊞⋈⋈⋈⋈⋈⊤∈⊤⊥⊤⊥⊞∈⊤⊥⊤⊥⊞∈∋⊞⊤∈⋈⊞⋈⋈⋈≻⋈⊤∈∋∈⋈⋈≻∋⊤∈⋈⊞⋈⋈⋈≻⋈⊤∈∋≺∋⋈⋈⋈≺∋⋈⋈⋈⋈⋈⋈⋈≻⋈⋈⋈⋈≺∋⊞⋈⋈⋈⋈⊣
0x6052369	⊢⋈⋈⋈⋈⋈⊞∈⋈⊤∈⋈⋈⋈≻∋⋈⊤∈⋈⋈⋈≻∋⊞⊤∈∋⋈⋈⋈⊣
0x609da40	⊢⋈⋈⋈⋈⋈⋈⋈⋈⊤∈⊞⋈⋈⋈⋈⋈⋈⊣⋈⋈⋈≺∈⋈⊡∈⋈≻≺∋⋈≻⊞⊞∈∋⋈⊞⋈⋈⋈⋈⋈⋈⊙
0x608d8c0	⊢⋈⋈⋈⋈⊤∈⋈⊤∈⋈⊙∋⊤∈⋈⊙∋⊤∈⋈⊙∋⊤∈∋⊞⋈⋈⊣⋈⊞⋈⋈⊙
0x60226c6	⊢⋈⋈⋈⋈⋈⊞∈⋈⋈⋈⊤∈⋈⋈⋈≻∋⋈⊤∈⋈⋈⋈≻∋⋈⋈⋈≻⋈⋈⋈⋈⋈⋈⋈≺⊤∈⋈⊞⊞⋈⋈≺∋⋈⊤∈⊤∈∋⊣⋈⊙⋈⋈⋈⊣
0x6052929	⊢⋈⋈⋈⋈⋈⋈⋈⊞∈⋈⋈⋈⊤∈⋈∈⋈≻⊞⊞∈∋∋⋈⋈⋈⋈≻⋈⋈⋈≻⋈⋈⋈⋈⋈⋈⋈⋈⋈≺⊤∈⋈⊞⊞⋈⋈≺∋⋈⊤∈⊤∈∋⊣⋈⊙⋈⋈⋈⋈⋈⊣
0x609abf0	⊢⋈⋈⋈⋈⊤⊥⊤⊥⊞∈⋈⋈⊡∈⋈≻∋⋈⊡∈⋈≻∋⋈≻⋈⋈⋈⋈⊙⋈⋈⋈⊣
0x6099bb0	⊢⋈⋈⋈⋈⋈⋈⋈⋈⋈⊤∈⋈⋈⊤∈⋈⋈≺∈⊤∈⋈⊤∈⊤∈⊙∋⊤∈⋈⊙≺∋∋∋⊞⊞∈∋⋈⊙∋⊤∈∋⊞⋈⋈⋈⋈⋈⋈⊣⋈⊞⋈⋈⋈⋈⋈⋈⊙
0x60a4730	⊢⋈⋈⋈⋈⋈⋈⊤⊤∈⋈⊞⊤∈≻⊤∈⋈≺∋∋∋⊞⋈⊤∈⋈⋈⋈⋈⊞⊞⋈⋈⊙⊞⋈⋈⊣
0x6090f20	⊢⋈⋈⋈⋈⋈⋈⋈⋈⋈⊤∈⋈⋈⊤∈⋈⋈≺∈⊤∈⋈⊙≺∋⊞⊞∈∋⋈⊙∋⋈⊤∈∋⊞⋈⋈⋈⋈⋈⋈⊣⋈⋈⋈≺∈⊤∈⋈⊙≺∋⊞⊞∈∋⋈⊞⋈⋈⋈⋈⋈⋈⊙
0x608d930	⊢≺
0x60968b0	⊢⋈⋈⋈⋈⊤∈⋈⊤∈⊤∈⋈⋈⊙⋈∋⊤∈∋∋⊞⋈⋈⊣⋈⊞⋈⋈⊙
0x6099ba0	⊢⊤∈⊣⊞≺
0x6090f10	⊢⊤∈⊣⊞≺
0x607dd80	⊢⊤∈⋈⋈⋈⋈⋈⋈⋈⋈⊞⊤∈⋈⋈⋈⋈⊤∈⋈⊙∋⊤∈⋈⊙∋⋈⋈⋈⋈⋈⋈⊙⋈⋈⋈⋈⋈⊣⊣
0x602274b	⊢≺⋈⋈⋈⋈⋈⊞⊤∈⋈⋈⋈⊤∈⋈⊙∋⊞⊤∈⋈⊙∋⋈⋈⋈⋈⊙⋈⋈⋈⊣
0x603ecb0	⊢⋈⊤∈⋈⋈⊞⊞⊞⊞⊞⊞⊤∈∋⊣⋈⊞⊙
0x6022750	⊢⋈⋈⋈⋈⋈⋈≻⋈≻⋈≻⋈⋈⋈≻⋈⋈⋈⋈≻⋈⋈⊤∈⋈∈⋈⋈⋈⋈≻⊞⊞∈∋∋⋈⋈⋈⋈⊞⋈⋈⋈⋈≺
0x609cec0	⊢⋈⋈⋈⋈⋈⋈⊡∈⋈≻∋⋈≻⊤∈⋈≻∋⊤∈⋈≻∋⋈⊤∈⋈⋈⋈⋈⋈≺⋈⋈⋈⊣
0x609ce70	⊢⋈⋈⋈⋈⋈⋈⊡∈⋈≻∋⊞⋈⋈⋈⋈≺
0x609ccf0	⊢⋈⋈⋈⋈⋈⋈⋈⋈⋈⊤∈⋈⊙∋⋈⋈⋈⋈∈⊤∈⊤∈⊞⋈⋈⋈⋈⋈⋈⊣⋈⊞⋈⋈⋈⋈⋈⋈⊙⋈⊞≻⋈≺∋
0x6099a20	⊢⋈⋈⋈⋈⊤∈⋈⊤∈⊤∈⋈⋈⊙⋈∋⊤∈∋∋⊞⋈⋈⊣⋈⊞⋈⋈⊙
0x60a989b	⊢⋈⋈⋈⋈⋈⋈⋈⋈⊤∈⋈∈⋈⋈⋈⋈≻⊞⊞∈∋∋⋈⋈⋈⋈⊞⋈⋈⋈⋈≺
0x609d570	⊢⋈⋈⋈⋈⋈⋈⋈⋈⋈⋈⋈⊞⋈⊞∈⊤∈⊤∈⊞⋈⋈⋈⋈⋈⋈⊣⋈⊞⋈⋈⋈⋈⋈⋈⊙⋈⊞≻⋈≺∋
0x609d620	⊢⋈⋈⋈⋈⋈⋈⋈⋈⋈⋈⋈⊤∈⋈≺∈⋈⊡∈⋈≻≺∋⋈≻⊞⊞∈∋∋⊤∈⊞⋈⋈⋈⋈⋈⋈⊣⋈⊞⋈⋈⋈⋈⋈⋈⊙
0x6099a70	⊢⋈⋈⋈⋈⋈⋈⋈⋈⋈⋈⋈⊤∈⋈⋈≺∈⊤∈⋈⊤∈⊤∈⊙∋⊤∈⋈⊙≺∋∋∋⊞⊞∈∋∋⊤∈⊞⋈⋈⋈⋈⋈⋈⊣⋈⊞⋈⋈⋈⋈⋈⋈⊙
0x6090470	⊢⋈⋈⋈⋈⋈⋈⋈⋈⋈⋈⋈⊤∈⋈⋈≺∈⊤∈⋈⊙≺∋⊞⊞∈∋∋⊤∈⊞⋈⋈⋈⋈⋈⋈⊣⋈⊞⋈⋈⋈⋈⋈⋈⊙
0x6090e20	⊢⋈⋈⋈⋈⋈⋈⋈⋈⋈⋈⋈⊤∈⋈⋈≺∈⊤∈⋈⊙≺∋⊞⊞∈∋∋⊤∈⊞⋈⋈⋈⋈⋈⋈⊣⋈⊞⋈⋈⋈⋈⋈⋈⊙
0x60a7a10	⊢⋈⋈⋈⋈⋈⋈⋈⋈⋈⋈⋈⊤∈⋈⋈≺∈⊤∈⋈⊙≺∋⊞⊞∈∋∋⊤∈⊞⋈⋈⋈⋈⋈⋈⊣⋈⊞⋈⋈⋈⋈⋈⋈⊙
0x6022803	⊢⋈⋈⋈⋈⋈⋈⋈≻⋈⋈⋈⋈⊞⋈⋈≺
0x608a890	⊢⋈⋈⋈⋈⋈⋈⊤∈⊡∈⋈≻∋∋⊞⋈⋈⋈⋈≺⋈⋈⋈⋈⊞⋈⊤∈⊞⊞⋈⋈⋈⋈⋈⋈⋈⋈⋈≺∋⋈⋈⋈⋈⋈⊡∈∈∈⋈⋈≻⋈⊤∈⊞⋈⋈⋈⊣⋈⊞⊤∈∋⊞⋈⊡∈∋⋈≻≺∋
0x6099b10	⊢⋈⋈⋈⋈⋈⋈⊤∈⋈⋈⋈⋈⋈⊣⋈⊞⋈⊞⋈≺∈⊤∈⋈⊤∈⊤∈⊙∋⊤∈⋈⊙≺∋∋∋⊞⊤∈∋⋈⋈⋈⋈⋈⋈⊙
0x6090ea0	⊢⋈⋈⋈⋈⋈⋈⊤∈⋈⋈⋈⋈⋈⊣⋈⊞⋈⊞⋈≺∈⊤∈⋈⊙≺∋⊞⊤∈∋⋈⋈⋈⋈⋈⋈⊙
0x604dbc8	⊢⋈⋈⋈⋈⋈⊞∈⋈⋈⊞∈⋈⋈⊞∈⋈⋈⋈≻∋⊞⊞∈∋∋⊞⋈⋈⊣
0x60a7180	⊢⊡∈⋈⊞⋈⊤∈⋈⋈⋈⋈⊞⊙∋⊣
0x60901a0	⊢⋈⋈⋈⋈⋈⊤∈⋈⊙∋⊤∈⋈⊙∋⊤∈⋈⊙∋⊤∈⊞⋈⋈⊣⋈⊞⋈⋈⊙
0x608d810	⊢⋈⋈⋈⋈⋈⋈⊡∈⋈≻∋⊞⋈⋈⋈⋈≺
0x60a71c0	⊢⋈⋈⋈⋈⋈⋈⋈⋈⋈⊤∈⋈≻⋈⊞⊤∈⋈⊞⋈⋈⋈⊤∈⋈⊙∋⊤∈⋈⊙∋⋈⊙⊤∈∋⊤∈∋⊞⋈⋈⋈⋈⋈⋈⊣∋⋈⊞⋈⋈⋈⋈⋈⋈⊙
0x607dda0	⊢⋈⊡⊞⋈⊞⊞∈⋈≺⋈⋈⋈⋈⊤∈⋈⋈⋈≻⋈⋈⊞∈⊞⋈⊡∈⋈∋⊤∈⋈⋈⊡∈⋈⊡⋈⋈⋈⊞⊙⊤∈⊤∈∋⊞⋈⊡∈∋∋∋⊞⋈⋈⊣⋈⋈⋈⋈⊡⊞⋈⋈⋈⋈≺∋⊞⊞⋈⋈⊙⊣
0x60a33d0	⊢⊤∈⊣⊞≺
0x609cb70	⊢⋈⋈⋈⋈⊞⋈⋈⊡∈∈∈⋈⋈≻⋈⊤∈⊞⋈⋈⋈⊣⋈⊞⊤∈∋⊞⋈⊡∈∋⋈≻≺∋
0x60a3180	⊢⋈⊞⊤∈⋈⊙⊣
0x604e16f	⊢⋈⋈⋈⋈⋈⋈∈⋈⊤∈⋈⋈⋈≻∋⋈⊤∈⋈⋈⋈≻∋⊞⊤∈∋⋈⋈⋈⊣
0x6022836	⊢⋈⋈⋈⋈⋈⋈⊞∈⋈⋈⋈≻∋⋈∈⋈≻⊞⊤∈∋⊞⋈⊞⋈⋈≺
0x6055ec3	⊢⋈⋈⋈⋈⊞∈⋈≻⊞⊤∈∋⊞⋈⊞⋈⋈≺
0x6022890	⊢⋈⋈⋈⋈⊞∈⋈⋈⋈≻∋⋈⋈⊞∈⋈⊤∈⋈⋈⋈≻∋⋈⋈⊤∈⋈⋈⋈⋈≺∋⋈⊣
0x604cbd0	⊢⋈⋈⋈⋈≻⋈⋈≻⋈⋈≻⋈⋈⋈≺⊤∈⋈⊞⋈⋈≺∋⋈⊤∈⊤∈∋⊣⋈⊙
0x6022909	⊢⋈⋈⋈⋈≻⋈⊤∈⋈⊣⋈⋈≺
0x602292e	⊢⋈⋈⋈⋈⋈⋈⋈≻⋈⋈≻⋈⋈≻⋈⋈⊞∈⋈⋈⋈≻∋⋈⊤∈⋈⋈⋈≻∋⋈⊤∈⋈⋈⋈⊞⋈⋈≺⊞⋈⋈⊣
0x6062cc3	⊢⋈⋈⋈⋈⋈⋈⋈⋈⊤∈⋈⋈∈⊤∈⋈≻∋⊞⊞∈∋∋⋈⋈⋈⋈≻⋈⋈⋈≻⋈⋈⋈⋈≻⋈⋈⋈⋈≻⋈⋈⋈⋈≻⋈⋈⋈⋈≻⊞⋈⋈⋈⋈⋈⋈≺
0x6043104	⊢⋈⋈⋈⋈⊞∈⋈⊤∈⋈⋈⋈≻∋⋈⋈⊞∈⋈⋈⋈⋈≺∋⋈⊣
0x603d25b	⊢⋈⋈⋈⋈⋈⋈⋈⋈⊞⊤⋈⊥⊤∈⋈⋈⊤∈⋈⋈⋈≻⋈⋈⋈⋈≻⋈⋈⋈⊤∈⋈⋈⋈≻≺⊤⋈⋈⋈⋈≻⋈⋈∋∋⋈⊤∈⋈⋈⋈≻≺∋∋⋈⋈⋈⋈⊞⋈⋈⋈⋈≺
0x60229ce	⊢⋈⋈⋈⋈⋈⋈⊞⋈⋈⋈⊞∈⋈⋈⋈≻∋⋈⋈≻⋈⊞∈⊞∈⋈⊤∈⋈⋈⋈≻∋⋈⊤∈⋈⋈⋈≻∋⊞⊤∈∋⊞⊞⊤∈∋⋈⋈⊤∈⋈⋈∈⊤∈⋈≻∋⊞⊞∈∋∋⋈⋈⋈⋈≻⋈⋈⋈≻⋈⋈⋈⋈≻⋈⋈⋈⋈≻⋈⋈⋈⋈≻⋈⋈⋈⋈≻⋈≻⋈⊤∈⋈⋈⊤∈⋈∈⋈≻⊞⊞∈∋∋⋈⋈⋈⋈≻⋈⋈⋈≻⋈⋈⋈⋈≻∋⋈⋈⋈⋈⊤∈⋈⋈⋈⊞∈⊞∈⋈⊤∈⋈⋈⋈≻∋⋈⊤∈⋈⋈⋈≻∋⊞⊤∈∋⊞∈⋈⊤∈⋈⋈⋈≻∋⊞⊤∈∋⊞⋈⊞⊞⊤∈∋∋⋈⋈⋈⋈⋈⊞⋈⋈⋈⋈⋈⋈≺
0x60a98f8	⊢⋈⋈⋈⋈⋈⋈≻⋈⋈⋈⋈≻⋈⋈⋈⋈⋈≺
0x6050914	⊢⋈⋈⋈⋈⋈⋈≻⋈⋈⋈⋈≻⋈⋈⋈⋈⋈≺
0x60aa342	⊢⋈⋈⋈⋈⋈⋈≻⋈⋈⋈⋈≻⋈⋈⋈⋈≻⋈⋈⋈⋈≻⋈⋈⋈⋈≻⋈⋈⋈⋈⋈≺
0x6079716	⊢⋈⋈⋈⋈⋈⋈⋈⊤∈⋈⋈⊞⊤∈⋈⋈⋈⊤∈⋈⊙∋⊞⊤∈⋈⊙≺⊤∈⊤∈⋈∋∋⋈⊙≺∋∋∋⋈⊞⋈⋈⋈⋈⊙
0x6022ca6	⊢⋈⋈⋈⊤∈⋈≻⊤∈⊤∈⋈⊙≺∋∋∋⋈⋈⊙
0x60794f0	⊢⊤∈⋈⊞⋈⋈≺∋⋈⊤∈⊤∈∋⊣⋈⊙
0x6022cde	⊢⋈⋈⋈⋈⋈⋈⊤∈⋈∈⋈⋈⊞⋈⋈⋈⋈≺⊤∈⊞⋈⊞⋈⋈⋈⋈≺⋈⋈⊤∈⋈∈⋈≻⊞⊞∈∋∋⋈⋈⋈⋈⊞⋈⋈⋈⋈≺⊞⋈⋈⋈⋈⊣
0x6033840	⊢⊤∈⊣⋈⊙
0x60a3d70	⊢⊤∈⊣⋈⊙
0x6022d75	⊢⋈⋈⋈≺
0x6064319	⊢⋈⊤∈⋈⊞⋈⋈⋈≺∋⋈⊤∈⊤∈∋⊣⊙
0x6079b3d	⊢⋈⋈⋈≺
0x60a2540	⊢⋈⋈⋈⋈⊤∈⋈⋈⋈⊙⋈∋⊞⋈⋈⊙
0x6022dd2	⊢⊡∈⋈⋈⊞⋈⊤∈⊞⋈⋈⋈⊞⊙∋⊣
0x607dea0	⊢⋈⋈⋈⋈⊤∈⋈⊞⊤∈⋈≻⋈⊤∈⋈≺∋∋∋⊞⋈⊤∈⋈⋈⋈⋈⊞⊞⋈⋈⊙⊞⋈⋈⊣
0x6022e07	⊢⊤∈⋈⋈⊞⊞⊤∈∋⊣⊞⊙
0x609ac90	⊢⋈⋈⋈⋈⋈⋈⋈⋈⋈⋈⋈⊤∈⋈⋈≺∈⊤∈⊤∈⋈⊙≺∋∋⊞⊞∈∋∋⊤∈⋈⊙∋⋈⋈⊤⊥∈⋈∋⋈⊞⋈⊡∈∈∈⊤∈⊤∈⊞⋈⋈⋈⋈⋈⋈⊣⊤∈⋈⊤∈⊡∈⋈⊞∈∋∋∋⋈⊤∈⋈⊡∈⋈⊙⋈⋈⊤∈∋≺∋⋈⊞⋈⋈⋈⋈⋈⋈⊙⊤∈⋈≻⊤∈⋈⊤∈∈⋈⊞∈∋∋⊞⊞∋⋈⊤∈⋈⊡∈⋈⊤∈⊙⋈≻⊣⊞⋈⊙⋈⊤∈∋⋈⋈⋈≺∋⋈⊤∈⋈⋈⊞⊡∈⋈⋈⊞∈∋⊞≺∋⊞⊞⋈⊤⋈∈∋⊞⊤⋈∈∋⋈⋈⋈⋈⊙⋈⋈⊞≺∋
0x607e2a0	⊢⋈⋈⋈⋈⋈≻
0x60a1f00	⊢⋈⋈⋈⋈⋈⊤∈⋈⊙∋⊤∈⊞⋈⋈⊣⋈⊞⋈⋈⊙
0x609cfa0	⊢⊤∈⊣⋈⊙
0x6084b00	⊢⋈⋈⋈⋈⋈⋈⋈⋈⋈⋈⋈⊤∈⋈⋈≺∈⊤∈⋈⊙≺∋⊞⊞∈∋∋⊤∈⋈⊙∋⋈⋈⊤∈⋈⋈⊡∈⋈⋈⊙⊞⊞∈∋∋⊤∈⊞⋈⋈⋈⋈⋈⋈⊣⋈⊞⋈⋈⋈⋈⋈⋈⊙
0x60a7490	⊢⋈⋈⋈⋈⊤∈⋈⋈⊞∈⋈⊞≻⋈∈⋈⊞⋈⋈⋈⊙⋈∋∋⋈⋈⋈⊣
0x60a2570	⊢⊤∈⊣⋈⊙
0x604c911	⊢⊤∈⋈⋈⋈⋈⋈⋈⊞∈⋈⊤∈⋈⋈⋈≻∋⋈⊤∈⋈⋈⋈≻∋⊞⊞∈∋⋈⋈⋈∋⊣
0x6022e2f	⊢⋈⋈⋈⋈⋈⋈⋈⋈⊤∈⋈⊞∈⋈⊞⊞⋈⋈⋈⊞∈⋈⋈⋈≻∋⋈⋈⊤∈⋈∈⋈≻⊞⊞∈∋∋⊞⋈⋈⋈⋈≻⊤∈∋∋⊞⋈⋈⋈⋈⋈⋈⊣
0x6089d20	⊢⋈⋈⋈⋈⋈⋈⊡∈⋈≻∋⋈≻⋈⋈≻⊤∈⋈⊙∋⋈⋈⊙⊞⋈⋈⋈⋈≺
0x6073dfc	⊢⋈⊞⊞⊞⊞⋈⋈⋈⋈⊞⋈⋈⋈⋈⊞⊞⋈⋈⋈⊞⊞⋈⋈⋈⊞⊞⋈⋈⋈⊞⊞⋈⋈⊞⋈⋈⋈⋈⋈⋈⋈⋈⋈⋈⋈⊣
0x60a3a72	⊢⋈⋈⊞⋈⋈⋈⋈⋈⋈⋈⋈⋈⊞≻
0x60348f4	⊢⋈⋈⊞⋈⋈⋈⋈⋈⋈⋈⋈⋈≻
0x60a3ae0	⊢⋈⋈≻
0x6022eca	⊢⋈⊙⋈⊣
0x6048e5d	⊢⋈⊤∈⋈≻⊤∈⋈⋈⋈≻⋈⋈⋈⋈⋈⋈⊞⋈⋈⋈⋈⋈⋈⋈⋈⋈⋈⋈⊤∈⋈⊤∈⊤∈⋈⊤∈⋈⊤∈∋⊞≺≺∋∋∋∋⋈⋈⋈⊞∈⋈⋈⋈≺⋈⊤∈⋈⊞⋈⋈≺∋∋⊤∈⊤⊥⊤⊥⊞∈⋈⊤∈⊤∈⋈⋈⋈⋈≻≺⋈⋈⋈⋈⋈⋈⋈≻⋈⋈⋈⋈≺⋈⋈⋈∋⋈⋈⋈⋈≻≺⋈⊞⊤⊥⊞⊤∈⋈⋈⋈∋∋⋈⋈≺⋈≺∋⋈⋈⋈⋈⋈⋈⋈⋈≻⋈⋈⋈⋈∋⊤∈⋈⋈⋈⋈≻∋⋈⋈⋈≻⊞⋈⋈⋈⋈⋈⋈⊣⊤⊥⊤⊥⊞⊞≺∋⋈⊣
0x6067b61	⊢⋈⊤∈≻⊤∈⋈⋈⋈≻⊞⊤∈⋈⊤∈⋈⋈⊤∈∋⊞⊣⋈⊞≺∋⊞⊞⋈∈⊤∈⋈⊡⊞⊞⋈⊣⊞⊞⊤∈∋⊣⊤⊥⊞≺∋⋈⊣
0x609b720	⊢⋈⋈⋈⋈⋈⋈⋈⊞⋈⋈⋈⊤∈⋈⋈⋈⋈⊞⋈⋈⊞⋈⋈⋈⋈⋈⋈≺∈⋈⋈⋈⋈≻⋈⋈⋈⊤∈⋈⋈⋈⋈≺⋈⋈⊤∈⊤∈⋈⋈⋈≺∋⊞⊤∈∋⋈⊤∈∋⋈≻⋈⋈⋈⋈⋈⋈⋈⋈⋈⋈⋈⋈⋈⋈⋈⋈⋈⋈⋈⋈⋈⋈⋈⋈⋈⋈∋⊞⋈⋈⋈⋈⋈⋈⊣⋈⋈⊞⊙
0x609bc70	⊢⊞⋈⋈⊤∈⊤∈⋈⋈⊤∈⋈⋈≺⋈⊞⊞⊞⊞⊡∈⋈⊤∈⊤∈⋈≺⋈⋈∋⋈⋈⊞⊞⊞⊤∈⋈⋈⋈⊞⋈⊞⋈⊞⋈≺⊞⊞⊞∈∋≺⋈⋈⋈≺∋∋⋈⋈⋈⋈⋈⋈⊣⊤∈⋈⋈⋈⊣⊤∈⋈⋈⊤∈⊞⋈⋈⋈⋈⋈⋈⊤∈∋⋈⋈⋈⋈≺⋈⋈⊣⊞⋈⋈⋈⋈⋈⋈⊞⊞⋈⊞⊞⊞⊞≺∋⋈⊞⋈⊞⋈⊞⋈≺∋⋈⊞⋈⊞⊞⋈⊞⊞⋈⋈⊣⋈⋈⊞⊙
0x609b5d0	⊢⋈⋈⋈⋈⋈⋈⋈⊞⋈⊤∈⋈⋈⋈⋈⊞⋈⋈⊞≺∈⋈⋈⋈⋈≻⋈⋈⋈⋈⊤∈⋈⋈⋈⋈≺⋈⋈⊤∈⋈⋈⋈≺∋⊞⊤∈∋⋈⊤∈∋⋈≻⋈⋈⋈⋈⊞⋈⋈⋈⊤⋈⊥⋈⋈⋈⋈⋈≻⊤∈⋈⋈≻⋈⋈⋈⊞⋈⋈⋈⊣⋈⋈⋈⋈∋⊞⋈⋈⋈⋈⋈⋈⊣
0x60938a0	⊢⋈⋈⋈⋈⋈⋈⋈⊞⋈⋈⊞⋈⊞⋈⋈⋈⋈⋈⋈⋈⋈⋈⋈⊤∈⊞⊤∈⋈⋈⋈≺⋈⊞⋈⋈⋈⋈⋈⋈⊣⋈⋈⊞⊙⋈⊞⊙
0x6097f50	⊢⋈⋈⋈⋈⋈⊤∈⊞⊞⋈⋈⋈⊞⋈⊞⊤⋈⊥⋈⊞⋈⋈⊡∈⋈⋈⋈⋈⊤∈⋈⊤∈⊤∈⊞∈⊞⋈⋈∋⋈⋈⊤∈⊞⊤∈⋈⋈≺⊡∈⊞∈⋈≺⋈⋈⋈⋈⋈⋈⊤⋈∈∋⊞≺⋈⋈⊞⊙⋈⋈≺⋈⊞⋈∋⊞⊤∈∋≺⊤∈⊞∈⊞⋈⋈∋∋⋈≺∋⋈⋈≺∋∋∋⋈⋈⋈⋈⋈⊣⋈⊞⊙
0x603b5e5	⊢⋈⋈⋈⋈⊞⊞⋈⊤∈⋈⋈⊤⋈⊞⋈∈⋈⊤∈⋈⋈⊞≺∋⋈⋈⋈⊞⊞∈∋⋈∋⋈⋈⋈⊣
0x603cc43	⊢⋈⋈⋈⋈⋈⋈⊞⋈⋈⋈⋈⋈⊞⊞⋈⋈⋈⊤∈⋈⋈⊤⊞⋈∈⋈⋈⋈≻⋈⋈⊞⊞∈∋∋⋈⋈⋈⋈⋈⋈⊞⋈⋈⋈⋈⋈⋈⊣
0x603b651	⊢⋈⋈⋈⋈⋈⋈⋈⋈⋈⋈⋈⊞⊞⋈⊤∈⋈⊤⋈⊞⊞∈⋈⊤∈⋈⊞≺∋⋈⊞⊤∈∋∋⋈≻⋈⋈⋈⋈⋈⋈⋈⋈⋈⋈⋈⋈≺
0x603ccde	⊢⋈⋈⋈⋈⋈⋈⊞⋈⋈⋈⋈⋈⊞⊞⋈⋈⋈⋈⊤∈⋈⋈⋈⊤⊞⊞∈⋈⋈⋈≻⋈⋈⊤∈∋∋⋈⋈≻⋈⋈⋈⋈⋈⋈⋈⋈⋈⋈⊞⋈⋈⋈⋈⋈⋈≺
0x6038d40	⊢⋈⋈⋈⋈⋈⋈⋈⊞⋈⊤∈⋈⋈⋈⊞⋈⊞⊞⋈⋈⊞⋈⊞⋈⊤⊥⋈⊞⋈⋈⊤∈⋈⊞⊤∈⋈≺⋈⊞⊤∈⋈⊞⊤⊥⋈⊥⋈⊞⊞⊤∈⋈∋∋⋈⊞⊞≺∋⊞⋈⊞⊤∈∋⊤∈⋈⋈⊞⊤⊥⋈⊥⊤⋈⊥⊥⊤∈⋈⋈⋈⊤∈⋈⋈⋈⋈⊞⋈⋈⋈⋈⋈⋈⋈≺⋈≺∋⋈⋈≺⋈⋈⋈⋈⋈⊞⋈≺⊤⋈⋈⊥⋈⊥⊤⊥⊥⊤⋈⋈⊥⋈⊞⊤∈⊤∈∋⊞⊞⋈⊤⊥⊤∈⋈⊤∈⋈⊞⊞⋈⋈⊞⋈⊞⊞⋈⊞⊞⊞⊞⋈⊞⊞⊞⋈⊤∈⋈⊞⊞⋈⊡⊞⊞⊞⋈⊞⋈⋈⊞⋈⋈⊞⋈⊞⋈⋈⋈⊞⋈⋈⋈∈⊤∈⋈⊤∈∋⊤∈⊤∈⊤∈⊤⊥⋈⋈⊥⊞⊤⊥⋈⋈⊥⊞≺⊤⊥⋈⋈⊥⊞≺⊤∈⊤⊥⋈⋈⊥⊞≺⊞⊤⊥⋈⊞≺∋∋∋∋⋈⋈⊞⋈⋈⊤∈⋈⋈⋈⋈⊞⊞⋈⊤⋈⊥⊞⊞⋈⋈⊡∈⋈⋈⊞⊞⊤∈⊞⋈⊤∈⋈⊤∈⋈⊞⊞⋈⋈⋈⋈⊡∈⋈⋈⊞⊤∈∋∋⋈≺⊤∈⊞⋈⋈⊞⊞⋈⋈⊞⊞⋈⊞⊤∈∋⋈⋈⋈⋈⋈⋈⋈≻⊞⋈⊞⊞⊞⊤⋈∈∋⋈≻∋⋈⋈⊞⊞⋈⊞⋈⋈⋈⋈⋈⋈⋈⋈≻⊞⋈⋈≺⋈⊞⋈⊞⋈⋈⊞⋈⋈⋈⊞⋈⋈⋈≻⊞⋈≺∋∋⋈⊤⋈∈∋⋈⊤∈⋈⋈⊞⊞⊞⊞⋈⊞⊞⊞⊞⋈⊞⊥⊥⊞⋈⋈⋈⊞⊡⊡⊡⊡⊡⊡⊡⊡⊡⋈⊡⊡⊡⊡⊡⊡⊡⊡⊡⊡⋈⋈⊤∈⋈⊞⋈⋈⋈⋈≺∋≻⋈⊤∈⋈⊞⋈⋈⋈⊞⋈≺∋≻⋈⋈⋈⊙⋈⊤∈⋈⋈≺∈⋈⊤∈⊤∈⊞⊞⊡∈⋈⊞⊞⋈⊞⊞⊞⊞⋈⊞∈∋≺∋⊞⊤∈∋∋⋈⋈⊞∈⋈⊤⋈∈⊤∈⊞⊞⋈⊞≺∈⋈⊞⊞⋈⊞∈⊞⊞⋈⋈⊞⊞⋈⋈≺∋⋈⊞∈∋⋈≺∋⋈⊤⊥⊤∈⊤∈⊞⊞⊞⊡∈⋈⋈⊞⊡⋈⊥⊤∈∋⊤∈⊤∈⋈⊞≺∋∋⋈⋈⊤⊥⊤∈⊞⋈⊡∈⊤∈⋈⊞⋈⊤∈⋈⊤⋈∈∋∈∋⊤∈⊞≺⋈⊞⊞⊡∈⋈⋈⋈⋈⊞⊞⊤∈∋⊤∈⊤⋈∈⋈⊞⋈≺∋∋⋈∋⊞≺∋⋈⊞⋈⊞⊤⋈⊥⊤∈⊞⋈⋈⋈⋈⋈⋈⋈⋈⊙⋈⋈≻⋈⋈⋈⋈⊙⋈⋈≻⋈⋈⋈⋈⊙⋈⋈⋈≻⋈⋈⊞⋈⋈⋈∈⊤∈⋈⊞⊞∈⊤∈⋈⋈⊤∈⋈⊞∈⋈⊞⋈⊙⋈⋈≺⊤⋈∈∋⊤⋈⊥⊤∈⋈⊡∈⊤∈⊞⊞⋈⊤∈⋈⋈⊞⊤∈∋∈∋⊞∋⋈⊞⊡∈⋈⊞⋈⊞⊡⋈⊥⊤∈∋⊤∈⋈⋈⋈≺∋⊤⋈⊥⊤∈∋∋∋∋∋⋈⋈⊞≻∋⋈⋈⋈≻⋈⊡∈⊤∈⊞⊞⋈⊤∈⋈⊤⋈∈∋∈∋⋈∋⊤∈⋈⊞⊡∈⋈⊞⋈⊞⊡⋈⊥⊤∈∋⊤∈∋⋈⊞≺∋⊤⋈⊥⊤∈⋈⊡∈⊤∈⊞⊞⋈⊤∈⋈⊤⋈∈∋∈∋⋈∋⊤∈⋈⊞⊡∈⋈⊞⋈⊞⊡⋈⊥⊤∈∋⊤∈∋⋈⊞≺∋⋈⊤⋈⊥⊤⋈∈⋈⊡∈⊤∈⊞⊞⋈⊤∈⋈⊤⋈∈∋∈∋⋈∋⊤∈⋈⊞⊡∈⋈⊞⋈⊞⊡⋈⊥⊤∈∋⊤∈∋∋∋⋈⋈⋈≻∋⋈⊞≺∋⋈⊤∈⊞⋈⊤∈⊞⋈⊞⊞⊡∈⋈⋈⋈⋈⊞⊞⊤∈∋⊤∈⊤∈⋈⊞≺∋∋⋈⊞⊤∈∋⋈⋈⋈⋈⋈≺∋⊤∈⊞≺⋈⊞⊞⊡∈⋈⋈⊞⋈⊞⋈⊞⊤∈∋⊤∈⋈⊤∈⋈⊞⋈≺∋∋⋈⊤⊥⊤∈∋∋∋⋈⋈⊞⋈≻∋⋈⋈⊞≻∋⋈⋈⋈≻⊞⊡∈⊤∈⋈⊞⋈⊤⊥⊞⋈⊤⋈∈∋⊥⊞≺∋⊤∈⊤∈⊞≺⋈⊤∈⊤∈⋈⊤∈∋⊤∈∋⋈⋈⊡∈⊤∈⊤∈⋈⋈⋈⋈⋈⊙⋈⋈⋈≺∋⊞⊤∈⋈⊞⋈⊞⊤∈∋⊡⋈⊞⋈⊞⋈⊙⋈⋈≺≺∋∋∋∋⊤∈∋∋∋⋈⋈⋈≺∋⊤∈∋⋈⋈⋈≻⊤∈∋⋈⋈⋈≻∋⋈⋈⋈≻∋⋈⋈⊞⋈≻∋⋈⋈⋈≻∋⋈⋈⋈≻∋⋈⋈⋈≻∋⋈≺∋⊞⋈⋈≻∋⋈⋈⋈≻∋⋈⋈≻∋⋈⋈⋈≻∋∋∋∋⋈⋈⋈≻∋⋈⋈≻∋⋈⋈⋈≻⋈⋈⋈⊤⊥⊤⊥⊞∈⋈⋈≺⋈⋈⋈⋈⊞⋈⋈⋈⋈⊡∈⋈⋈⋈⋈⋈⋈⋈≺∋∋⋈⊞⋈⊞⊤⊥⋈⋈⊥⊥⊞⋈⋈⋈⋈⋈⋈∋∋∋⋈⋈⋈⋈⋈⋈≻⊞⋈⋈⋈⋈⋈⋈⊣
0x6037150	⊢⋈⋈⋈⋈⋈⋈⋈⊞⋈⋈⊞⋈⊞⊞⋈⋈⊞⋈⊞⋈⊤⊥⋈⊞⋈⋈⊤∈⋈⊞⊤∈⋈≺⋈⊞⊤∈⋈⊞⊤⊥⋈⊥⋈⋈⊞⊞⊞⊤∈⋈∋∋⋈⊞⊞⊞⋈≺∋⋈⊞⊤∈∋⊤∈⋈⋈⊞⊤⊥⋈⊥⊤⋈⊥⊥⋈⊤∈⋈⋈≺∋⋈⋈≺⋈⋈⋈⋈⋈⊞⋈≺⊤⋈⋈⊥⋈⊥⊤⊥⊥⊤∈⋈⊤∈∈⋈⊞⋈⊞⊞⋈⊞⊞⋈⋈⊞⋈⊞⋈⋈⋈⊤∈⋈⊞⋈⊞⋈⋈⋈⊤∈⋈⋈⋈⊞⋈⋈⊞⋈⊞⊞⊞⊞⋈⊞⊞⊞⋈⊤∈⊞⋈⋈⋈⊞⊞⊞⋈⋈⋈⊞⊞⊞⋈⊞⋈⋈⊞⋈⊞⋈⋈⊞⋈⊞⋈⊞⋈⋈⋈⊤⋈⋈⋈⋈⋈∈⊤∈⊤∈⊤⊥⋈⋈⊥⊞⊤⊥⋈⋈⊥⊞≺⊤⊥⋈⋈⊥⊞≺⊤∈⊤⊥⋈⋈⊥⊞≺⊞⊤⊥⋈⊞≺∋∋∋∋⋈⊞⋈⋈⋈⋈⊞⋈⋈⊞⊞⋈⋈⋈⊞⋈⊞⋈⊞⊞⋈⋈∈⋈⊞⊞⊞⋈⋈⊞⋈⋈⋈⊞∈⋈⊤∈⋈⋈⋈⋈⊡∈⊤∈⋈⋈⊞⋈⋈⊞⊞⋈⊞⋈⊞⋈⋈⊞⋈⊞∈∋⊞⊞⋈⊞⊤⊥⋈⊞∈⊤∈⊞⋈⊞⊞⋈⊞⊞⋈⋈⊞⋈⊞⊞⊞⊞∈⋈⊤∈⋈⊤∈⊞∋∋⋈∋⋈⊞⊥⊤∈⊞⊞⋈⊤∈∋≺∋∋⋈⊞∈⊤∈∋⋈⋈⊤⋈∈⊞⊞⋈∈⊤∈⋈⋈⊤∈∋⊞⋈⊞⊤∈≺⋈⊞⊞⊞⊤⋈∈∋⋈≻∋⋈⊞⋈⊞⋈⊞⊤⊥⊤∈⊤∈∋⋈⋈≺⋈⋈⋈⋈⊞⊞⊞⊞⋈⊞⊞⊞⊞⊞⊞⊞⊞⋈⊡∈⋈⊤∈⋈⊤∈⊞⋈∋⊞⋈⊞⊥⊤∈⊞⊞⋈⊤∈∋≺∋∋∋⋈⊞∈⊤∈⊞⊞∈⊤∈∋∋⊤∈⋈⊞⊤∈≺∋∋∋∋∋∋∋∋⋈⋈⊞⋈⊞⊞⋈⋈⋈⊞⊞⋈⊞⊞⊞⊞⋈⊞⊥⊥⊞⋈⋈⋈⊞⊡⊡⊡⊡⊡⊡⊡⊡⊡⋈⋈⋈⊡⊡⊡⊡⊡⊡⊡⊡⊡⊡⋈⋈⊡⊡⊡⊡⊡⊡⊡⊡⊡⊡⊡⊡⊡⊡⊡⊡⊡⊡⊡⊡⋈⋈⊤∈⋈⊞⋈⋈⋈⋈≻⋈⋈≻⋈⋈≺∋≻⊤∈⋈⊞⋈⋈⋈≻⋈⋈≻⋈⋈⋈⊞⋈≺∋≻⋈⋈⋈⊙⋈⋈⊤⊥⊤∈⊤⋈∈⊞⊞⊞⊡∈⋈⋈⊞⊡⋈⊥⊤∈∋⊤∈⊤∈⋈⊞≺∋∋⋈⋈⊤⋈⊥⊤∈⊞⊡∈⊤∈⋈⊞⋈⊤⊥⊞⊤∈⋈⊤⋈∈∋⊥⊞⊤∈∋⋈⊞⋈≺∋⋈⊤∈⊤∈⊞⋈⊞⊞⊡∈⋈⋈⋈⋈⊞⊞⊤∈∋⊤∈⊤∈⋈⊞≺∋∋⋈⋈⊤∈⊤∈⊞⋈⊞⊞⊡∈⋈⋈⋈⋈⊞⊞⊤∈∋⊤∈⊤∈⋈⊞≺∋∋⋈⊤∈⊞⋈⊞⊞⊡∈⋈⋈⋈⋈⊞⊞⊤∈∋⊤∈⊤∈⋈⊞≺∋∋⋈⋈∋⋈⋈⋈⋈⋈⋈⋈⊙⋈⋈≻⋈⋈⋈⋈⊙⋈⋈≻⋈⋈⋈⋈⊙⋈⋈≻⋈⊤⋈⋈⊥⊤∈⋈⋈⋈⋈⊞≺∈⋈⋈⊡∈⊤∈⊞⊞⋈⊤∈⋈⋈⊞⊤∈∋∈∋⊞⋈∋⊤∈⋈⊞⊡∈⋈⊞⋈⊞⊡⋈⊥⊤∈∋⊤∈∋⋈⋈≺∋⋈⊤⋈⊥⊤∈⋈⊡∈⊤∈⊞⊞⋈⊤∈⋈⊤⋈∈∋∈∋⋈∋⊤∈⋈⊞⊡∈⋈⊞⋈⊞⊡⋈⊥⊤∈∋⊤∈∋⋈⊞≺∋⋈⊤⋈⊥⊤∈⋈⊡∈⊤∈⊞⊞⋈⊤∈⋈⊤⋈∈∋∈∋⋈∋⊤∈⋈⊞⊡∈⋈⊞⋈⊞⊡⋈⊥⊤∈∋⊤∈∋⋈⊞≺∋⋈⊤⋈⊥⊤∈⋈⊡∈⊤∈⊞⊞⋈⊤∈⋈⊤⋈∈∋∈∋⋈∋⊤∈⋈⊞⊡∈⋈⊞⋈⊞⊡⋈⊥⊤∈∋⊤∈∋⋈⊞≺∋⊤∈⊞⋈⋈⊤⋈⊥⊤∈⋈⊞⋈⊡∈⊤∈⋈⊞⋈⊤⊥⊞⋈⊤⋈∈∋⊥⊞≺∋⋈⋈⋈⊙⋈⊤⊥⊤∈⊤∈⊞⋈⊞⊞⋈⊡∈⋈⋈⊞⊡⋈⊥⊤∈∋⊤∈⊤∈⋈⊞≺∋∋⋈⋈⊤⊥⊤∈⊞⊡∈⊤∈⋈⊞⋈⊤⊥⊞⋈⊤⋈∈∋⊥⊞≺∋⊤∈⊤∈∋⊤∈⊤∈⋈⋈≻⋈⋈⊤⊥⊤∈⊞⊡∈⊤∈⋈⊤⋈∈∋∈≺⊤∈⊞⋈⊞⊞⊡∈⋈⋈⋈⋈⊞⊞⊤∈∋⊤∈⊤∈⋈⊞≺∋∋⋈⊤∈⊞⋈⊞⊞⊡∈⋈⋈⋈⋈⊞⊞⊤∈∋⊤∈⊤∈⋈⊞≺∋∋⋈⊤∈⊞⋈⊞⊞⊞∈⋈⋈⋈⋈⊞⊞⊤∈∋⊤∈⊤∈⋈⊞≺∋∋⋈⋈⊤⋈⊥⊤∈∋∋∋∋∋∋∋∋∋∋⋈⋈⊞≻∋⋈⊞⋈⊤∈∋∋⋈⋈⊡∈⊤∈⋈⋈⋈⋈⊙⊤∈⋈⊞⋈⊞⋈⋈⊤∈⋈⊞⊤∈∋⊡⋈⊞⋈⊞⋈⊙∋∋∋⊤∈∋∋⊤∈∋⋈⋈⋈≻∋∋⋈⋈⊞⋈≻∋⋈⋈⊞⋈≻∋∋∋∋⋈⋈⋈≻∋∋⋈⋈⋈⊞≻∋⋈⋈⊞⋈≻∋⋈⋈⋈≻∋⋈⋈⋈≻∋⋈⋈⋈≻∋∋∋∋∋∋∋∋⋈⋈⋈≻∋⋈≺∋⋈⋈≻∋⋈⋈≻∋⋈⋈⋈≻∋⋈⋈⋈⋈⋈⊤⋈∈⋈⋈⋈⋈⋈⊞⋈⋈⋈⋈⋈∋⋈⋈⊞⋈⊞⊤⊥⋈⋈⊥⊥⊞⋈⋈⋈⋈⋈⋈⋈⋈∋∋⋈⋈⋈⋈⋈⋈⋈≻⊞⋈⋈⋈⋈⋈⋈⊣
0x6090210	⊢⋈⋈⋈⋈⋈⋈⋈⊞⋈⋈⋈⊞⋈⊞⊤⋈⊥⊤⊥⊤⋈⊥⊤∈⋈⊞⊞⊥⋈⊤⊥⊤∈≻∋⋈⋈⋈⋈≻⊤∈⋈⋈≻⋈⋈≻⋈≻⋈⋈⋈⋈⊞⋈⊤⊥⋈⋈⋈≻⋈⊞⋈⋈⋈⋈⋈⋈⊙⊞⊤⊥⋈⋈≻⊞⋈⋈⋈⋈⋈⋈⊣
0x609d3e0	⊢⋈⋈⋈⋈⋈⋈⋈⊞⋈⋈⋈⊞⋈⊞⊤⋈⊥⊤⊥⊤⋈⊥⊤∈⋈⊞⊞⊥⋈⊤⊥⊤∈≻∋⋈⋈⋈⋈≻⊤∈⋈⋈≻⋈⋈⊙⋈≻⋈⊞⋈⊤⊥⋈⋈⋈≻⋈⊞⋈⋈⋈⋈⋈⋈⊙⊞⊤⊥⋈⋈≻⊞⋈⋈⋈⋈⋈⋈⊣
0x6099890	⊢⋈⋈⋈⋈⋈⋈⊞⋈⊞⋈⊞⊤⋈⊥⊤⊥⊤⋈⊥⊤∈⋈⊤∈≻∋⋈⋈⊤∈⋈⋈⋈⋈≻⋈⋈⋈⊤∈⋈⋈≻∋⋈⊞∋⊞⊤⊥⋈⋈≻⋈⊞⋈⋈⋈⋈⋈⊙⊞⊤⊥⋈⋈≻⊞⋈⋈⋈⋈⋈⊣
0x6095b90	⊢⋈⋈⋈⋈⋈⋈⋈⊞⋈⋈⋈⊞⋈⊞⊤⋈⊥⊤⊥⊤⋈⊥⊤∈⋈⊞⊞⊥⋈⊤⊥⊤∈≻∋⋈⋈⋈⋈≻⊤∈⋈⋈≻⋈⋈⊙⋈≻⋈⊞⋈⊤⊥⋈⋈⋈≻⋈⊞⋈⋈⋈⋈⋈⋈⊙⊞⊤⊥⋈⋈≻⊞⋈⋈⋈⋈⋈⋈⊣
0x609d2c0	⊢⋈⋈⋈⋈⋈⋈⋈⊞⋈⋈⋈⊞⋈⊞⊤⋈⊥⊤⊥⊤⋈⊥⊤∈⋈⊞⊞⊥⋈⊤⊥⊤∈≻∋⋈⋈⋈⋈≻⊤∈⋈⋈≻⋈⋈⊙⋈≻⋈⊞⋈⊤⊥⋈⋈⋈≻⋈⊞⋈⋈⋈⋈⋈⋈⊙⊞⊤⊥⋈⋈≻⊞⋈⋈⋈⋈⋈⋈⊣
0x60a0ee0	⊢⋈⋈⋈⋈⋈⊤∈∈⋈⋈⊤∈⊞⊞⊤∈∋≺⊡∈⋈⋈⊤∈∋⊤∈⋈⊞⊞⊞⊞⊞⊞≺⋈⋈⋈⋈⋈⋈⋈⊞⋈⋈⊤∈⋈⋈≺∈∈⊞∈⋈⋈⊞⋈⋈⋈⋈⋈⋈≺⋈⊞⊞≺∈⊞⋈⊞∈⋈⋈⋈⋈⋈⋈⋈⋈⋈⋈⋈⋈⋈⊞∋⊤⋈⊥⋈⊤∈⋈⊡∈⊞⊤∈⋈⋈⋈⊤⊞∋⋈⋈⋈⋈⋈⊤∈⋈⋈⋈⋈⋈⋈⋈⋈⋈⋈⋈⋈⋈⋈⋈⊤∈∋≺∋∋⊤∈∋⊣⋈⊞⋈⊞⊞⊞⊞⊤∈⋈⋈≻⋈⋈⊤⊥⋈⊤⊥⊞⊤⊥⊞⊥⊤⊥≺∋⊞⊤∈⋈⊤∈⊞⋈⋈⋈⋈⋈⋈⋈⋈⋈⋈⋈⋈⋈⋈⋈⋈⋈⋈⊞⋈⋈⋈⊞⊞⊡∈⋈⋈⊤⋈⋈⋈⋈⋈⋈⋈⋈⊞⋈⋈⋈⊤∈∋∈⋈⊡∈⋈⊤⋈⋈⋈⋈⋈⋈⋈⋈⋈⊞⋈⊞∈∋≺∋⊤⋈⋈⋈⋈⋈⋈⋈⋈⊞⊤∈⋈⋈⋈⋈⋈⋈⋈⋈⋈⋈⋈⋈⋈⊞⊞⋈⊞⊞⊤∈∋∋⋈⋈⋈⋈⋈⋈⋈⋈⋈⋈⋈⋈⋈⋈⋈⋈⋈⋈⋈⊞⋈⋈⋈⊞⊞⊡∈⋈⋈⋈⊤⋈⋈⋈⋈⋈⋈⋈⊞⋈⋈⋈⊤∈∋∈⋈⊡∈⋈⋈⊤⋈⋈⋈⋈⋈⋈⋈⋈⊞⋈⊞∈∋≺∋⊤⋈⋈⋈⋈⋈⋈⋈⋈⊞⊤∈∋⊣⋈⋈⋈⋈⋈⋈⋈⋈⋈⋈⋈⋈⋈⋈⋈⊞⋈⊞⊞⋈⋈⋈≻⋈⊤∈∋∋∋⋈⋈⊞⋈⋈⋈⋈⋈⋈≺⋈⋈⋈⋈⋈⋈⋈⊞⊤∈⋈⋈⋈⊞⊤∈⋈⋈⋈⋈⋈⋈⋈⋈⋈⋈⋈⋈⋈⊞⊞⊤⊥⊥⋈⋈⊤⋈⋈⋈⋈⊥⋈⊥⋈⋈⋈⊤⋈⊥⊤⊥⊥⊥⊤⊥⊥⋈⊤⋈⊥⊥⋈⋈⋈⋈⋈⋈⋈⋈⋈⋈⋈⋈⋈⋈⋈⋈⋈⊞⊞⊤⊥⊥⋈⊞⋈⊞⊤⋈⋈⋈⋈⊥⊥⋈⋈⊤⋈⊥⋈⊤⋈⊥⊥⋈⊥⊤⊥⊥⋈⋈⊤⋈⋈⊥⋈⊥⋈⋈⋈⋈⋈⋈⋈⋈⋈⋈⋈⋈⋈⋈⋈⋈⋈≺∋⋈⊞⊤∈⋈⋈⋈⋈⋈≺∈⊞⋈⋈⋈⋈⋈⋈⋈⊤∈⊞⋈⋈⋈⊡∈⋈⋈⋈⋈⊤∈⋈⋈⊤⋈∈∋⋈⊞≺∋⋈⋈⋈∋⊤⋈⊞⊞⊤∈∋∋⋈⋈⋈⊞⊤∈⊞⋈⋈⋈≺∈⊞⋈⋈⋈⋈⋈⋈⋈⊤∈⊞⋈⋈⋈⊡∈⋈⋈⋈⋈⊤∈⋈⋈⊤⋈∈∋⊞≺∋⋈⋈⋈∋⊤⋈⊞⊞⊤∈∋∋⋈⋈⊞⋈⊞⋈⋈⋈⊡∈⋈⋈⋈⊞⊤⋈⊥⊥⋈⋈⊥⋈⋈⊤⋈⊞⊤⋈⊥⋈⋈⊞⋈⊞⋈⋈⋈⋈⋈⋈⋈⋈⊞⊞∈∋⊞⊤∈⋈⋈⊤⋈⊥⋈⋈⋈⋈⊥⊥∋⊤∈⊞⊤∈∋≻⊣∋⊞⋈⋈⋈⋈⋈⋈⊣⊞⊞⊤∈∋≺∋∋⊤∈⋈⊞⋈⋈⋈⊞⊡∈⋈⋈⋈⋈⋈⋈⋈⋈⋈⋈⋈⋈⊞⊞⊤∈∋∋⊣
0x603cea8	⊢⋈⊤∈∈⋈⊤∈∋⋈⋈∈⋈⋈⊤∈⋈⊤∋∈⋈⊞⊞⊤∈∋≺∋⋈⋈∈⋈⋈⊤∈⋈⊤∋∈⊞≺∋⊤∈⋈⊞⊞⊞⊞⊞⊞≺⋈⋈⋈⋈⋈⋈⊞⋈⋈⊤∈⋈⋈∈⊞∈⋈⋈⊞⋈⋈⋈⋈⋈⋈≺⋈⋈⊞⊞∈⊞⋈⊞∈⋈⊞⋈⋈⋈⋈⋈⋈⊞∋⊤⋈⊥⋈⊤∈⋈∈⊞⊤∈⋈⊞⊞⋈⊤∈⊞⊞⋈⊤∋⊥⋈⊞∋⋈⊞⋈⋈⊞⋈⋈⊤∈⋈⊤∋∈⊞∈⋈⋈⋈⋈⊞⊤∈∋⋈⋈⋈⊤∈∋∋∋⊤∈∋⋈⊣⋈⊞⋈⊞⊞⊞⊞⊤∈⋈⋈≻⋈⋈⋈⊤∈⋈⊤∋⊥⋈⊤∈⋈⊤∋⊥⋈⊤∈⊤∈⋈⊤∋⊥⊞⊥⋈≺∋∋⊞⊤∈⋈⋈⊤∈⋈⊤∋∈⋈⋈⋈⋈⋈⋈⋈⋈⋈⋈⋈⋈⋈⊞⋈⊞⋈⊤∈⋈⊞⊞∈⊤∈⊤∋⊥⋈⋈⊞⋈⋈⋈⋈⊤∈⊤∋⊥⊞⋈⋈⊞⋈⊞⋈⊞⊞⋈⋈⋈⋈⊞⊤∈∋⋈≺∋⊞⊤∈∈⋈⊤∈⊤∋⊥⊞⋈⊞⋈⋈⋈⋈⋈⊞⋈⋈⊤∈∋⊞⋈∋⋈⊞⋈⋈⊞⊤⊥⊞⊤⋈⊥⊥⋈⋈⊞⊤∈⋈⋈⊞⋈⋈⋈⋈⋈⋈⊞⊞⊞⊞⊞∋⋈⋈⋈⋈⋈⋈⋈⋈⋈⋈⋈⋈⋈⊞⋈⊞⋈⊤∈⋈⊞⊞∈⊤∈⊤∋⊥⋈⋈⊞⋈⋈⋈⋈⊤∈⊤∋⊥⋈⋈⊞⋈⋈⊞⊞⋈⋈⋈⋈⊞⊤∈∋⋈≺∋⊞⊤∈∈⋈⊤∈⊤∋⊥⋈⊞⋈⋈⋈⋈⋈⊞⋈⋈⊤∈∋⊞⋈∋⊞⊤⊥⊞⊤⊥⊥⋈⊞⋈⋈⋈⋈⋈⊞⋈⊤∈∋⊣⋈⊞⋈⋈⋈⋈⊞⋈⋈⋈⋈⋈⊞⊞⋈⋈⋈⋈≻⋈⋈⋈≺∋⊤∈∋∋⊤∈⋈⊞⊤⋈⋈∈⋈⊞⋈⋈⊞⊤∈⋈⋈⋈⋈⋈⋈⋈≻⋈⋈≻⋈⋈≺∋⋈⋈⊞⋈⊞⋈⋈≻⋈⊞⋈⋈⊞⋈⊞≻⋈⋈≺∋⋈⋈⊞⋈⋈⊞⋈⊞⋈⋈⊞⋈⋈⊞⋈⊞⊞∈⋈⊤⋈⊥⋈⊤∈⊞⋈⊞⋈⋈⊞⊞∈⋈⋈⋈⋈≻⊞⊞⊞∈∋∋⋈⊤⋈⋈⋈∈∋⋈⋈⋈≻∋⊞⋈⋈⋈⋈⋈⋈⊣⊤∈∋⋈⊞⊞⊞⊞∈⋈⋈⋈⋈⋈⋈⊞⊞⊤∈∋⊞⊞⊤∈∋≺∋∋⊣
0x6085d20	⊢⋈⋈⋈⋈⋈⊞⋈⋈≻⋈⊞∈⋈⋈⋈⋈∈⋈⋈⋈⋈⋈≻⋈⊤∈∋⋈⊞⋈⋈⋈⋈⊙≺∋⊞⋈⋈⋈⋈⊣
0x60a1b20	⊢⋈⋈⋈⋈⋈⋈⊞⋈⋈⋈≻⋈⊞∈⋈⋈⋈∈⋈⋈⋈⋈⋈⋈≻⋈⊤∈∋⋈⊞⋈⋈⋈⋈⋈⊙≺∋⊞⋈⋈⋈⋈⋈⊣
0x60a0c70	⊢⋈⋈⋈⋈⋈⊞⋈⋈≻⋈⊞∈⋈⋈⋈∈⋈≺⋈⋈⋈⋈⋈⊞≻⊤∈⋈⋈⋈⊙≺⊞⋈⋈⋈⋈⋈⋈⋈⋈⋈⋈⋈⊙⊤∈⊙⋈⊞⊞⋈⋈⋈⋈⋈⊙⋈≺∋∋⋈⊤∈∋⊞⋈⋈⋈⋈⊣∋⋈⊞⋈⋈⋈⋈⊙
0x60921d0	⊢⋈⋈⋈⋈⋈⋈⋈⋈⋈⋈⊤∈⊞⋈⊞⋈⊞⋈⋈≻⋈⋈⋈⋈⋈≻⋈⊞⊞⋈⋈⋈⋈≻⋈⋈∋⋈⋈⊤⊥⋈⊤⊥⊞⊤⊥⊞⊥⊤⊥⋈⊞⋈⋈⋈⋈⋈⋈⊣
0x609ea00	⊢⋈⋈⋈⋈⋈⋈⋈⋈⋈⋈⊤∈⊞⋈⊞⋈⊞⋈⋈≻⋈⋈⋈⋈⋈≻⋈⊞⊞⋈⋈⋈⋈≻⋈⋈∋⋈⋈⊤⊥⋈⊤⊥⊞⊤⊥⊞⊥⊤⊥⋈⊞⋈⋈⋈⋈⋈⋈⊣
0x609ab30	⊢⋈⋈⋈⋈⋈⋈⋈⋈⋈⋈⊤∈⊞⋈⊞⋈⋈⊞⋈⋈≻⋈⋈⋈⋈⋈≻⋈⊞⊞⋈⋈⋈⋈≻⋈⋈∋⋈⋈⊤⊥⋈⊤⊥⊞⊤⊥⊞⊥⊤⊥⋈⊞⋈⋈⋈⋈⋈⋈⊣
0x6097e40	⊢⋈⋈⋈⋈⋈⋈⋈⋈⋈⋈⊤∈⊞⋈⊞⋈⊞⋈⋈≻⋈⋈⋈⋈⋈≻⋈⊞⊞⋈⋈⋈⋈≻⋈⋈∋⋈⋈⋈⋈⊤∈⊥⊤⊥⊞⋈⋈⊤∈⊥⊤⊥⊞⊤∈⊤⋈∈≺⋈⋈⋈⊤∈∈⊤∈∋∋∋⋈⊤∈⊥⊤⊥⊞∋⊞⊥⋈≺∋∋∋∋⋈⊞⋈⋈⋈⋈⋈⋈⊣
0x60a1a60	⊢⋈⋈⋈⋈⋈⋈⋈⋈⋈⋈⊤∈⊞⋈⊞⋈⋈⊞⋈⋈≻⋈⋈⋈⋈⋈≻⋈⊞⊞⋈⋈⋈⋈≻⋈⋈∋⋈⋈⊤⊥⋈⊤⊥⊞⊤⊥⊞⊥⊤⊥⋈⊞⋈⋈⋈⋈⋈⋈⊣
0x609fdd0	⊢⋈⋈⋈⋈⋈⋈⋈⋈⋈⋈⊤∈⊞⋈⊞⋈⊞⋈⋈≻⋈⋈⋈⋈⋈≻⋈⊞⊞⋈⋈⋈⋈≻⋈⋈∋⋈⋈⊤⊥⋈⊤⊥⊞⊤⊥⊞⊥⊤⊥⋈⊞⋈⋈⋈⋈⋈⋈⊣
0x604600d	⊢⋈⋈⋈⋈⋈⋈⋈⋈⋈⋈⊤∈⋈⊞⋈⊞⋈⊞⋈⋈⋈≻⋈⋈⋈⋈⋈≻⋈⊞⊞⋈⋈⋈⋈≻⋈∋⋈⋈⊤∈⋈⊤∋⊥⋈⊤∈⋈⊤∋⊥⊤∈⊤∈⋈⊤∋⊥⊞⊥⋈∋⋈⊞⋈⋈⋈⋈⋈⋈⊣
0x603cf7a	⊢⋈⊤∈∈⋈⋈⊤∈⊞≺∋⋈⋈⋈⊤∈∈⊤∈⊤∋∈∋⋈⋈⋈⋈⋈⊤∈∋≺∋⋈⋈∋∋⊣
0x6097ce0	⊢⋈⋈⋈⊤∈⋈⊥⊤⊥⊞∋⋈⋈⊤∈⋈⋈⋈⊤⊥⊤⊥⊞⊥⋈⊞⋈⋈≺∋⋈⊞⋈⊞⊞⊞⋈⊞⊞⋈⋈⋈⊤∈⋈⊥⊤⊥⊞∋⋈⋈⊤∈⋈⊥⊤⊥⊤⋈⊥⊤⊥⊥⊥⊤⊥⊥⋈⋈⋈⊤⋈⊥⊥≺∋⋈⊤∈⊥⋈⊤⊥⊤⋈⊥⊥⋈∋⋈⋈⋈⋈⋈⋈⋈⋈⋈⋈⋈⋈⋈⋈⋈⋈⊣
0x6046113	⊢⋈⊤∈⋈⊤∋⊥⋈⊤∈⋈⊤∋⊥⋈⋈⊞⋈⊞⋈⊞⊞⋈⋈⊞⊞⊞⊞⊞⊞⋈⊤∈⋈⊤∋⊥⋈⊤∈⋈⊤∋⊥⋈⊤⋈⊥⊤⊥⋈⊥⊤⊥⋈⊤∈⋈⊤∋⊥⊤⊥⊤⊥⊤⋈⊥⊥⋈⋈⋈⋈⋈⋈⋈⋈⋈⊣
0x609fa50	⊢⋈⋈⋈⋈⋈⋈⋈⋈⋈⋈⊞⊞⊤⊥⊥⊞⊤⊥⊞⋈⊞⋈⋈⊞⋈⊞⊞⊞⋈⋈⋈⊤⋈⊥⊤⊥⊥⋈⊥⊤⊥⊥⋈⊤⋈⊥⊥⋈⋈⋈⋈⋈⋈⋈⋈⋈⋈⊞⊞⊤⊥⊥⊞⊤⊥⊞⋈⊞⊞⋈⊞⋈⊞⋈⊞⊞⊞⋈⋈⋈⊤⋈⊥⊤⊥⊥⊥⊤⋈⊥⊥⋈⊤⋈⊥⊥⋈⋈⋈⋈⋈⋈⋈⋈⋈⋈⊞⊞⊤⊥⊥⊥⋈⋈⋈⋈⊞⊤⋈⊞⊤⋈⊞⋈⋈⊤⊥⊞⋈⊞⊞⋈⋈⊞⊞⋈⊞⊞⊤⋈⊥⊥⋈⊥⋈⋈⋈⋈⊤⋈⊞⊤⋈⋈⋈⊥⋈⊞⊞⋈⊞⋈⋈⊞⊞⋈⊞⊞⊤⋈⊥⊥⋈⊥⋈⋈⋈⋈⊤⋈⊞⊤⋈⊞⊞⊞⊤⋈⊥⊞⋈⊞⋈⋈⋈⊞⊞⋈⊞⊞⊤⊥⊥⋈⊥⋈⋈⋈⋈⊤⋈⊞⊤⊞⊞⊞⊤⋈⊥⋈⋈⊞⊞⊞⊞⊞⊤∈⋈⊞⊞⊞⋈⊞⊤∈∋≻⊞⋈⋈⋈⋈⋈⋈⊣
0x60460d8	⊢⋈⋈⋈⋈⋈⋈⋈≻⊞⋈⋈≻⋈⋈⋈⋈⋈⋈≺⋈⋈⋈⋈⋈⋈⊞⋈⊞⊞⊞⋈⊞⋈⋈⊞⊞∈⋈⊤∈⋈⊤∋⊥⋈⊤∈⋈∋⋈⋈⋈⊤∈⋈⊤∋⊥⋈⊤∈⋈∋⋈⋈⊞⊞⊞⋈⊞⊞⊞⋈⋈⋈⊞⊞⊞⊞⊞⋈⊞∈∋⊞⊤∈⊞⊞⊤⊥⊥⋈⊥⋈⋈⊞⊞⊞⊞∋⊤∈⊞⊤∈∋≻⋈⋈⋈⋈⋈⊣⋈⋈⋈⋈⋈⊣
0x6090350	⊢⊞⊞⋈⋈⋈≺∈⋈⋈⊤∈⋈⋈⋈⋈⊡∈⋈⋈⋈⋈⋈⊤∈⊞⋈⋈⊤∈∋⊞⊞≺∋⋈⋈⋈⋈∋⋈⊞⋈⊤∈∋⊣
0x6095cb0	⊢⋈⋈⊞⊞⋈⊞⋈≺∈⋈⋈⋈⋈⊤∈∈⊤∈∋⋈⋈⋈⋈⋈⋈⋈⊤∈⋈≺∈⋈⋈⊞⊤∈∈⊤∈∋⋈⋈⋈⋈⊞∈∋⋈≺∋∋∋⋈⋈⋈⋈∋∋⋈⊞⊤∈∋⋈⋈⊣
0x6091270	⊢⋈⋈⋈⋈⋈⋈⋈⊞⋈⋈⋈⋈⋈⊞⊞⊤⊞⋈⊤⋈⋈∈⊞⊞⋈⊞⊞⊞⋈⊞⊞⊞⊞⋈⊞⋈⊞⊤⋈⊥⋈≺∋⋈⋈⋈⋈⋈⋈⋈⊞⋈⋈⊞⊞⋈⋈⋈⋈⊡∈⋈⊞∈⊞⋈⋈⊤∈≺⋈⊞⋈⋈⊤∈⊤∈⋈⋈⊤∈⋈⊤∈⋈⋈⋈⋈⋈⋈⊞∈⋈⋈⊤∈⊞⊞⊤∈∋≺⋈⊤∈⋈⋈⋈⋈⋈⊡∈⋈⋈⊤∈⊞⊞⊤∈∋∋⋈∋∋⊤⋈⋈∈⊤∈⋈⋈⊤∈∋∋⋈⊡⋈⋈⊞≺⋈⋈∋⋈⊞⋈⊞⊞⊞⊡∈⋈⋈⋈⋈⋈⋈⋈⋈⋈⋈⋈⋈⋈⋈⋈⋈⊞⊞⊞∈∋⋈⋈≺⋈≺∋⊤∈⋈⋈⊤⊥⊞≺⋈⊤⋈⊥⋈⊞⊞⋈≻⋈⋈⋈⋈⋈≺∋∋∋∋⋈⊞⋈⊞⋈⊞⋈⋈⊞⊞⊞⋈⊞⊞⊤∈∋⋈⊞⋈⊞⋈⊞⋈⋈⋈≺∈∈⊤∈⊞⋈⋈⊞⋈⊞⋈⊤∈⋈⊞⊞∈∋⊞⊞⊞⊤⋈⋈∈⋈⊞⊞⊞⊞⊞⋈⋈⋈⊞≻⋈⋈⋈⋈⋈⋈⊤∈⊤∈∋⋈⋈⊞⊞⋈⊞⊞⊞⊞⊞⋈⊞≻⋈⋈⋈⋈⋈⋈⊤∈∋⊤∈∋⊤∈⊤⋈⊥⊤∈⋈⋈⊞⊞⊤⋈⊥⊞⋈⋈⊙⋈⊞⊤∈⋈⋈⊡∈⋈⋈⊞⊞⊤⊥⊥⋈⊥⋈⋈⋈⋈⊞⊞⊞⊤∈⋈⊞⊞⊤∈∋≺⋈⊡∈⋈⋈⋈⊞⊞⊤⊥⊥⊥⋈⋈⋈⋈⊞⊞⊞⊞⊞⊞⊤∈⊞⊤∈∋≺∋⋈⋈∋∋⊞⋈⋈⊙⋈⋈⋈⋈⋈≺∋∋∋∋⋈⋈⊤∈∋⊞⋈⊤∈∋≺∋⋈∋∋∋⋈⋈⊤∈⊤∈⊞⋈⋈⋈⋈⋈⋈⊣⋈⋈⊞⊞⊞⊞⊞⋈⊞⊞⋈⋈⋈⋈⋈⋈≺⋈⋈⋈⋈⋈⋈⋈⊞⋈⋈⋈⋈⊤∈⋈⋈⋈⋈∈⋈⋈⊡∈⊞∈⋈⋈⋈⋈⋈≻≺⋈⋈⊞⋈⊞⊞⊞⊞⊤∈⋈⋈≻⋈⋈⊤⊥⋈⊤⊥⊞⊤⊥⊞⊥⊤⊥≺∋⋈⊞⊞⋈⋈⋈⋈⊤∈⋈⋈⊤∈∋⊤∈⋈⊞⋈⋈⊞⋈⊞⊞⊞⋈⋈⋈∈⋈⊞⊞⊤∈⊞∈⋈⊞⋈⊞⊤⋈⊥⋈⋈⋈⋈⊞⊞⊤∈∋∋⊤∈⋈⋈⊞⋈⋈⊙⋈⊞∈⋈⊞⊞⋈⊡∈⋈⋈⋈⋈⊞⊞⊞∈∋∋⊤⋈⋈∈∋⊤∈⋈⊞⋈⋈⊞⋈⊞⊞⊞⊡∈⋈⊞⊞⊤∈∈⋈⊞⋈⊞⊤⋈⊥⋈⋈⋈⋈⊞⊞⊤∈∋∋⊤∈⋈⊞⋈⋈⋈⊙⋈⊞∈⋈⊞⊞⋈⋈⊡∈⋈⋈⋈⋈⊞⊞⊞∈∋⊤∈⋈⋈⋈⋈≻⋈⋈⋈⋈⊙⋈≻⋈⋈⊤⋈⋈⋈∈∋≺⊞⋈⊞⋈⋈⋈⋈⊞⊞⋈≺∋⊤∈⋈⋈⋈≻⋈⊞⋈⋈⋈⋈⋈⋈⋈≻⋈⋈⊤∈∋≺⋈⊞⋈⋈⋈⋈⊞⊞⋈≺∋∋∋⊤∈⋈⊞⊤⋈⋈∈⋈⋈⋈⋈⋈⊞⋈⋈⋈⋈⋈⋈⋈⊞⊞⊤⊥⊥⊞⊤⊥⊞⋈⊞⋈⋈⊞⋈⊞⊞⊞⋈⋈⋈⊤⋈⊥⊤⊥⊥⋈⋈⊥⊤⊥⋈⊥⋈⊤⋈⊥⊥⋈⊞⋈⋈⊞⊞⋈⊤⋈⋈⊥⊥⊞⋈⊤⊥⊞⊞⋈⋈⊞⋈⊞⊞⊞⋈⋈⋈⊤⋈⊥⊤⋈⋈⊥⊥⊥⊤⋈⋈⋈⋈⋈⊥⋈⊥⋈⋈⋈⊤⋈⋈⋈⊥⋈⊥⋈⋈⋈⋈⋈⋈⋈⋈⋈⋈⋈⋈⋈⋈⋈⋈⋈⋈⋈⋈⋈⋈⋈⋈⋈⋈≺∋⋈⊞⊤∈⋈⋈⊞⋈≺∈⋈⋈⊞⋈⋈⋈⋈⋈⊤∈⋈⊞⋈⋈⊡∈⋈⋈⋈⋈⋈⊤∈⊞⋈⋈⊤∈∋⊞⊞≺∋⋈⋈⋈⋈∋⊤⋈⊞⊞⊤∈∋∋⋈⊞⋈⊤∈⊞⋈⋈⊞≺∈⋈⋈⊞⋈⋈⋈⋈⋈⊤∈⋈⊞⋈⋈⊡∈⋈⋈⋈⋈⋈⊤∈⊞⋈⋈⊤∈∋⊞⊞≺∋⋈⋈⋈⋈∋⊤⋈⊞⊞⊤∈∋∋⋈⊞⋈⊞⋈⋈⋈⋈⋈≺∈⋈⊞⊞⋈⊤⊥⊥∈⋈∋⋈⋈⋈⋈⋈⋈⊤⋈⊞⋈⊤∈⋈≺∋⋈⋈⋈⊞⊞⊞⋈⋈⊞⊞⊞⋈⋈⋈⋈⊞⊞⊞⊞⊞⊡⋈∈∋⊞⊤∈⊞⊞⊤⊥⊥⋈⊥⋈⋈⋈⋈⊞⊞⊞⊞∋⊤∈⊞⊤∈∋∋≻∋∋⊣∋∋∋⊞⋈⋈⋈⋈⋈⋈⊣⊞⋈⋈⊞⊞≺∋
0x609daa0	⊢⋈⋈⋈⋈⋈⋈⋈⊞⋈⋈⋈⋈⋈⊞⊞⊤⊞⋈⊤⋈⋈∈⊞⊞⋈⊞⊞⊞⋈⊞⊞⊞⊞⋈⊞⋈⊞⊤⋈⊥⋈≺∋⋈⋈⋈⋈⋈⋈⋈⊞⋈⋈⊞⊞⋈⋈⋈⋈⊡∈⋈⊞∈⊞⋈⋈⊤∈≺⋈⊞⋈⋈⊤∈⊤∈⋈⋈⊤∈⋈⊤∈⋈⋈⋈⋈⋈⋈⊞∈⋈⋈⊤∈⊞⊞⊤∈∋≺⋈⊤∈⋈⋈⋈⋈⋈⊡∈⋈⋈⊤∈⊞⊞⊤∈∋∋⋈∋∋⊤⋈⋈∈⊤∈⋈⋈⊤∈∋∋⋈⊡⋈⋈⊞≺⋈⋈∋⋈⊞⋈⊞⊞⊞⊡∈⋈⋈⋈⋈⋈⋈⋈⋈⋈⋈⋈⋈⋈⋈⋈⋈⊞⊞⊞∈∋⋈⋈≺⋈≺∋⊤∈⋈⋈⊤⊥⊞≺⋈⊤⋈⊥⋈⊞⊞⋈≻⋈⋈⋈⋈⋈≺∋∋∋∋⋈⊞⋈⊞⋈⊞⋈⋈⊞⊞⊞⋈⊞⊞⊤∈∋⋈⊞⋈⊞⋈⊞⋈⋈⋈≺∈∈⊤∈⊞⋈⋈⊞⋈⊞⋈⊤∈⋈⊞⊞∈∋⊞⊞⊞⊤⋈⋈∈⋈⊞⊞⊞⊞⊞⋈⋈⋈⊞≻⋈⋈⋈⋈⋈⋈⊤∈⊤∈∋⋈⋈⊞⊞⋈⊞⊞⊞⊞⊞⋈⊞≻⋈⋈⋈⋈⋈⋈⊤∈∋⊤∈∋⊤∈⊤⋈⊥⊤∈⋈⋈⊞⊞⊤⋈⊥⊞⋈⋈⊙⋈⊞⊤∈⋈⋈⊡∈⋈⋈⊞⊞⊤⊥⊥⋈⊥⋈⋈⋈⋈⊞⊞⊞⊤∈⋈⊞⊞⊤∈∋≺⋈⊡∈⋈⋈⋈⊞⊞⊤⊥⊥⊥⋈⋈⋈⋈⊞⊞⊞⊞⊞⊞⊤∈⊞⊤∈∋≺∋⋈⋈∋∋⊞⋈⋈⊙⋈⋈⋈⋈⋈≺∋∋∋∋⋈⋈⊤∈∋⊞⋈⊤∈∋≺∋⋈∋∋∋⋈⋈⊤∈⊤∈⊞⋈⋈⋈⋈⋈⋈⊣⋈⋈⊞⊞⊞⊞⊞⋈⊞⊞⋈⋈⋈⋈⋈⋈≺⋈⋈⋈⋈⋈⋈⋈⊞⋈⋈⋈⋈⊤∈⋈⋈⋈⋈∈⋈⋈⊡∈⊞∈⋈⋈⋈⋈⋈≻≺⋈⋈⊞⋈⊞⊞⊞⊞⊤∈⋈⋈≻⋈⋈⊤⊥⋈⊤⊥⊞⊤⊥⊞⊥⊤⊥≺∋⋈⊞⊞⋈⋈⋈⋈⊤∈⋈⋈⊤∈∋⊤∈⋈⊞⋈⋈⊞⋈⊞⊞⊞⋈⋈⋈∈⋈⊞⊞⊤∈⊞∈⋈⊞⋈⊞⊤⋈⊥⋈⋈⋈⋈⊞⊞⊤∈∋∋⊤∈⋈⋈⊞⋈⋈⊙⋈⊞∈⋈⊞⊞⋈⊡∈⋈⋈⋈⋈⊞⊞⊞∈∋∋⊤⋈⋈∈∋⊤∈⋈⊞⋈⋈⊞⋈⊞⊞⊞⊡∈⋈⊞⊞⊤∈∈⋈⊞⋈⊞⊤⋈⊥⋈⋈⋈⋈⊞⊞⊤∈∋∋⊤∈⋈⊞⋈⋈⋈⊙⋈⊞∈⋈⊞⊞⋈⋈⊡∈⋈⋈⋈⋈⊞⊞⊞∈∋⊤∈⋈⋈⋈⋈≻⋈⋈⋈⋈⊙⋈≻⋈⋈⊤⋈⋈⋈∈∋≺⊞⋈⊞⋈⋈⋈⋈⊞⊞⋈≺∋⊤∈⋈⋈⋈≻⋈⊞⋈⋈⋈⋈⋈⋈⋈≻⋈⋈⊤∈∋≺⋈⊞⋈⋈⋈⋈⊞⊞⋈≺∋∋∋⊤∈⋈⊞⊤⋈⋈∈⋈⋈⋈⋈⋈⊞⋈⋈⋈⋈⋈⋈⋈⊞⊞⊤⊥⊥⊞⊤⊥⊞⋈⊞⋈⋈⊞⋈⊞⊞⊞⋈⋈⋈⊤⋈⊥⊤⊥⊥⋈⋈⊥⊤⊥⋈⊥⋈⊤⋈⊥⊥⋈⊞⋈⋈⊞⊞⋈⊤⋈⋈⊥⊥⊞⋈⊤⊥⊞⊞⋈⋈⊞⋈⊞⊞⊞⋈⋈⋈⊤⋈⊥⊤⋈⋈⊥⊥⊥⊤⋈⋈⋈⋈⋈⊥⋈⊥⋈⋈⋈⊤⋈⋈⋈⊥⋈⊥⋈⋈⋈⋈⋈⋈⋈⋈⋈⋈⋈⋈⋈⋈⋈⋈⋈⋈⋈⋈⋈⋈⋈⋈⋈⋈≺∋⋈⊞⊤∈⋈⋈⊞⋈≺∈⋈⋈⊞⋈⋈⋈⋈⋈⊤∈⋈⊞⋈⊞⋈⊡∈⋈⋈⋈⋈⋈⊤∈⊞⋈⋈⊤∈∋⊞⊞≺∋⋈⋈⋈⋈∋⊤⋈⊞⊞⊤∈∋∋⋈⊞⋈⊤∈⊞⋈⋈⊞≺∈⋈⋈⊞⋈⋈⋈⋈⋈⊤∈⋈⊞⋈⊞⋈⊡∈⋈⋈⋈⋈⋈⊤∈⊞⋈⋈⊤∈∋⊞⊞≺∋⋈⋈⋈⋈∋⊤⋈⊞⊞⊤∈∋∋⋈⊞⋈⊞⋈⋈⋈⋈⋈≺∈⋈⊞⊞⋈⊤⊥⊥∈⋈∋⋈⋈⋈⋈⋈⋈⊤⋈⊞⋈⊤∈⋈≺∋⋈⋈⋈⊞⊞⊞⋈⋈⊞⊞⊞⋈⋈⋈⋈⊞⊞⊞⊞⊞⊡⋈∈∋⊞⊤∈⊞⊞⊤⊥⊥⋈⊥⋈⋈⋈⋈⊞⊞⊞⊞∋⊤∈⊞⊤∈∋∋≻∋∋⊣∋∋∋⊞⋈⋈⋈⋈⋈⋈⊣⊞⋈⋈⊞⊞≺∋
0x6099c50	⊢⋈⋈⋈⋈⋈⋈⋈⊞⋈⋈⋈⋈⋈⊞⊞⊤⊞⋈⊤⋈⋈∈⊞⊞⋈⊞⊞⊞⋈⊞⊞⊞⊞⋈⊞⋈⊞⊤⋈⊥⋈≺∋⋈⋈⋈⋈⋈⋈⋈⊞⋈⋈⊞⋈⊞⋈⋈⋈⊡∈⋈⊞∈⊞⋈⊤∈≺⋈⋈⋈⊤∈⊤∈⋈⋈⊤⋈∈⋈⊤∈⋈⋈⋈⋈⋈⊡∈⋈⋈⊤∈⊞⊞⊤∈∋≺⊤∈⋈⋈⋈⋈⋈⊡∈⋈⋈⊤∈∋⋈⊞⊞⊤∈∋∋⋈⋈≺∋⊤⋈∈⊤∈⋈⋈⊤∈∋∋⋈⊡⋈⋈⊞≺⋈⋈⋈∋⋈⋈⋈⋈⋈⋈⊞⊡∈⋈⋈⋈⋈⋈⋈⋈⋈⋈⋈⋈⋈⊞⊞⊞∈∋⋈⋈≺⋈≺∋⊤∈⋈⊤⊥⊞≺⊤⋈⊥⋈⋈⊞⋈⊞≻⋈⋈⋈⋈⋈≺∋∋∋∋⋈⊞⋈⊞⋈⊞⋈⋈⊞⊞⊞⋈⊞⊞⊤∈∋⋈⋈⋈⊞⋈⊞⋈⋈⋈⋈≺∈∈⊤∈⊞⋈⋈⊞⋈⊞⋈⊤∈⋈⊞⊞∈∋⋈⊞⋈⋈⋈⊤⋈⋈∈⋈⊞⊞⊞⊞⊞⋈⋈⋈⊞≻⋈⋈⋈⋈⋈⋈∋⊤∈⋈⋈⋈⋈⊞⊞⊞⊞⊞⋈⊞≻⋈⋈⋈⋈⋈⋈∋⊤⋈∈⊤∈⊤⋈⊥⊤∈⋈⋈⋈⊤⋈⊥⊞⋈⋈⋈⊙⋈⊞⊤∈⋈⋈⊡∈⋈⊞⊞⊤⊥⊥⋈⊥⋈⋈⋈⋈⋈⋈⊞⊤∈⋈⋈⋈⊤∈∋≺⋈⊞∈⋈⋈⋈⊞⊞⊤⊥⊥⊥⋈⋈⋈⋈⋈⋈⋈⋈⊞⊤∈⊞⊤∈∋≺∋⋈⋈∋∋⊞⋈⋈⊙⋈⋈⋈⋈⋈⋈∋∋∋⋈⋈⊤∈∋⊞⋈⊤∈∋≺∋⋈∋∋∋⋈⋈⊤∈⊤∈⊞⋈⋈⋈⋈⋈⋈⊣⋈⋈⊞⊞⊞⊞⊞⋈⊞⊞⋈⋈⋈⋈⋈⋈≺⋈⋈⋈⋈⋈⋈⋈⊞⋈⋈⋈⋈⋈⊤∈⋈⋈⋈∈⋈⊡∈⊞∈⋈⋈⋈⋈⋈≻≺⋈⋈⊞⋈⊞⊞⊞⊞⊤∈⋈⋈≻⋈⋈⋈⊤⊥⋈⊤⊥⊞⊤⊥⊞⊥⊤⊥≺∋⋈⊞⊞⋈⊞⋈⋈⋈⋈⊤∈⋈⋈⊤∈∋⊤∈⋈⋈⋈⋈⊞⋈⊞∈⋈⋈⊤∈⊡∈⊞⋈⊤⋈⋈⊥⋈⋈⋈⋈⊞⊞⊤∈∋∋⊤∈⋈⋈⋈⋈⋈⊙⋈⊞∈⋈⋈⋈⋈⋈⋈⊡∈⋈⋈⋈⋈⊞⊞⊞∈∋∋⊤⋈∈∋⊤∈⋈⋈⋈⋈⊞⋈⊞∈⋈⋈⊤∈⊡∈⋈⊞⊤⋈⊥⋈⋈⋈⋈⋈⊞⊞⊤∈∋∋⊤∈⋈⋈⋈⋈⋈⊙⋈⊞∈⋈⋈⋈⋈⋈⋈⋈⊡∈⋈⋈⋈⋈⊞⊞⊞∈∋⊤⋈∈⋈⋈⋈⋈≻⋈⊞⋈⋈⋈⊙⋈≻⋈⋈⊤⋈∈∋≺⊞⋈⋈⋈⋈⋈⊞⊞⋈≺∋⊤∈⋈⋈⋈≻⋈⋈⋈⋈⋈⋈⋈≻⋈⊤∈∋≺⋈⋈⋈⋈⋈⊞⊞⋈≺∋∋∋⊤∈⋈⊞⊤⋈∈⋈⋈⋈⋈⋈⋈⋈⋈⋈⋈⋈⋈⋈⊞⊞⊤⊥⊥⋈⋈⊤⋈⋈⋈⋈⊥⋈⊥⋈⋈⋈⊤⋈⊥⊤⊥⊥⋈⊥⊤⊥⊥⋈⊤⋈⊥⋈⊥⋈⋈⋈⋈⋈⋈⊞⊞⋈⊤⊥⊥⋈⋈⋈⊞⊞⋈⊤⋈⋈⋈⋈⊥⊥⋈⋈⊤⋈⊥⋈⊤⋈⊥⊥⊥⊤⋈⋈⋈⋈⋈⋈⋈⋈⋈⋈⋈⋈⋈⊥⋈⊥⋈⋈⋈⊤⋈⋈⊥⋈⊥⋈⋈⋈⋈⋈⋈⋈⋈⋈⋈⋈⋈⋈⋈⋈⋈⋈⋈⋈≺∋⋈⊞⊤∈⋈⋈⋈⋈≺∈⊞⋈⋈⋈⋈⋈⋈⋈⊤∈⊞⋈⋈⋈⊡∈⋈⋈⋈⋈⊤∈⋈⋈⊤⋈∈∋⊞≺∋⋈⋈⋈∋⊤⋈⊞⊞⊤∈∋∋⋈⋈⋈⊤∈⊞⋈⋈⋈≺∈⊞⋈⋈⋈⋈⋈⋈⋈⊤∈⊞⋈⋈⋈⊡∈⋈⋈⋈⋈⊤∈⋈⋈⊤⋈∈∋⊞≺∋⋈⋈⋈∋⊤⋈⊞⊞⊤∈∋∋⋈⋈⊞⋈⋈⋈⋈≺∈⋈⋈⊞⊞⋈⊤⊥⊥∈⋈∋⋈⋈⋈⋈⋈⋈⊤⋈⊞⋈⊤∈⋈≺∋⋈⋈⋈⋈⋈⋈⋈⋈⊞⋈⊞⋈⋈⋈⋈⋈⋈⋈⋈⊞⋈⊞∈∋⊞⊤∈⊞⊞⊤⊥⊥⋈⊥⋈⋈⋈⋈⋈⋈⋈⋈∋⊤∈⊞⊤∈∋∋≻∋∋⊣∋∋∋⊞⋈⋈⋈⋈⋈⋈⊣⊞⋈⊞⊞⋈≺∋
0x6096da0	⊢⋈⋈⋈⋈⋈⋈⋈⊞⋈⋈⋈⋈⋈⊞⊞⊤⊞⋈⊤⋈⋈∈⊞⊞⋈⊞⊞⊞⋈⊞⊞⊞⊞⋈⊞⋈⊞⊤⋈⊥⋈≺∋⋈⋈⋈⋈⋈⋈⋈⊞⋈⋈⊞⋈⊞⋈⋈⋈⊡∈⋈⊞∈⊞⋈⋈⊤∈≺⋈⊞⋈⋈⋈⊤∈⊤∈⋈⋈⊤∈⋈∈⊤∈∋⊤∈⋈⋈⋈⋈≺∈⋈⋈⊤∈⋈∈⊤∈∋⊞⊞⋈⊤∈∋⊞∋⊞≺⋈⊞≺∋⋈⋈⊤∈⋈⋈⋈⋈≺∈⋈⋈⊤∈∈⋈⊤∈∋⊞⊞⊤∈∋∋⋈≺∋∋∋⋈∋∋⊤⋈∈⊤∈⋈≺⋈⊤∈⋈⋈⊞⋈⊞⋈⊞⊞⊞⊡∈⋈⋈⋈⋈⋈⋈⋈⋈⋈⋈⋈⋈⋈⋈⋈⋈⊞⊞⊞∈∋⋈⋈⋈≺⋈∋∋∋⋈⋈≺∋⊤∈⋈⋈⋈⊤⊥⊞⊤⋈⊥⋈⋈⊞⊞≻⋈⋈⋈⋈⋈≺∋∋⋈⊞⋈⊞⋈⊞⋈⋈⊞⊞⊞⋈⊞⊞⋈⊤∈∋⋈⊞⋈⊞⋈⊞⋈⋈⋈≺∈∈⊤∈⊞⋈⋈⊞⋈⊞⋈⊤∈⋈⊞⊞∈∋⊞⊞⊞⊤⋈⋈∈⋈⊞⊞⊞⊞⊞⋈⋈⋈⊞≻⋈⋈⋈⋈⋈⋈⊤∈⊤∈∋⋈⋈⊞⊞⋈⊞⊞⊞⊞⊞⋈⊞≻⋈⋈⋈⋈⋈⋈⊤∈∋⊤∈∋⊤∈⊤⋈⊥⊤∈⋈⋈⊞⊞⊤⋈⊥⊞⋈⋈⊙⋈⊞⊤∈⋈⋈⊡∈⋈⋈⊤∈⋈⊥⊤⊥⊞⋈⊞⊤⋈⊥⋈⋈⋈⊞⋈≺∋⋈⋈⋈⋈⊞⊞⊞⊤∈⊞⊞⊤∈∋≺⋈⊡∈⋈⊞⋈⊞⋈⋈⊤∈⋈⊥⊤⊥⋈⊞∈⋈∋∋⋈⋈⋈⋈⋈⊞⋈⊞⊞⊞⊞⊤∈⊞⊤∈∋≺∋⋈⋈∋∋⊞⋈⋈⊙⋈⋈⋈⋈⋈≺∋∋∋∋⋈⋈⊤∈∋⊞⋈⊤∈∋≺∋⋈∋∋∋⋈⋈⊤∈⊤∈⊞⋈⋈⋈⋈⋈⋈⊣⋈⋈⊞⊞⊞⊞⊞⋈⊞⊞⋈⋈⋈⋈⋈⋈≺⋈⋈⋈⋈⋈⋈⋈⊞⋈⋈⋈⋈⋈⊤∈⋈⋈⋈∈⋈⋈⊡∈⊞∈⋈⋈⋈⋈⋈≻≺⋈⊞⋈⊞⊞⊞⊞⋈⊤∈⋈≻⋈⋈≺⋈⋈⋈⋈⊤∈⊥⊤⊥⊞⋈⋈⊤∈⊥⊤⊥⊞⋈⊤⋈∈⊡⋈⊤⋈⋈∈≺⋈⋈⋈⊤∈⋈⋈∈⋈⊤∈≺⋈≺∋∋∋⋈⊤∈⊥⊤⊥⊞∋⊞⊥⋈∋∋∋∋∋⋈⋈⊞⊞⋈⋈⋈⋈⊤∈⋈⋈⊤∈∈⋈⋈⊤∈∋∋⊤∈⋈⊞⋈⊞⋈⋈⋈⋈∈⋈⊞⊞≺∈⊤∈⊤∈⋈⋈⊞⋈⋈⊙⋈⋈⊞∈⋈⊞⊞⋈∈⋈⋈⋈⋈⊞⊞⊞∈∋∋⊤⋈∈∋∋⊤∈⋈⊞⋈⊞⊞⋈⊞∈⋈⊞⊞≺∈⊤∈⊤∈⋈⊞⋈⋈⋈⋈⊙⋈⋈⊞∈⊞⋈⊞⋈⋈⊡∈⋈⋈⋈⋈⊞⊞⊞∈∋⊤∈⋈⋈⋈≻⋈⋈⋈⋈⊙⋈≻⋈⋈⊤⋈⋈∈∋≺⊞⋈⊞⋈⋈⋈⋈⊞⊞⋈≺∋⋈⋈⊤∈⋈⊥⊤⊥⊞⊞⊤⋈⊥⋈⊞⊞⋈≺∋⊞⊞⋈⋈⋈⋈⊞⋈∋⊤∈⋈⋈⋈≻⋈⊞⋈⋈⋈⋈⋈⋈≻⋈⊤∈∋≺⋈⊞⋈⋈⋈⋈⊞⊞⋈≺∋⋈⋈⊤∈⋈⊥⊤⊥⊞⊞⊤⋈⊥⋈⊞⋈⋈≺∋⊞⊞⋈⋈⋈⋈⊞⋈∋∋∋⊤∈⋈⋈⊞⋈⊞⋈⊞⊤⋈⋈∈⋈⋈⋈⋈⋈⋈⋈⋈⋈⋈≻⋈⋈≻⋈≺∋⋈⊞⋈⊤∈⋈⋈⊞⊞⋈≺∈⋈⋈⋈⊞⋈⋈⋈⋈⋈⋈⊞⋈⋈⊤∈∈⊤∈∋⊞⋈⋈⋈⋈⋈⋈⊤∈⋈≺∈⋈⋈⊞⊤∈∈⊤∈∋⋈⋈⋈⋈⊞∈∋⋈≺∋∋∋⋈⋈⋈⋈∋∋⊤⋈⊞⊞⊤∈∋∋⊤⋈∈⋈⋈⊞⊞≺∈⋈⋈⋈⊞⋈⋈⋈⋈⋈⊞⋈⋈⊤∈∈⊤∈∋⊞⋈⋈⋈⋈⋈⋈⊤∈⋈≺∈⋈⋈⊞⊤∈∈⊤∈∋⋈⋈⋈⋈⊞∈∋⋈≺∋∋∋⋈⋈⋈⋈∋∋⋈⊤⋈⊞⊞⊤∈∋∋⋈⊞⋈⋈⊞⋈⊞⊞⋈⋈≺∈⋈⋈⋈⋈⋈⊤∈⋈⊥⊤⊥⋈⊞∈⋈∋∋⋈⋈⋈⋈⋈⋈⋈⊤∈⋈⊥⊤⊥⋈⊞∈⋈≺∋∋⋈⊞⊞⊞⋈⊞⊞⊞⋈⋈⋈⋈⋈⊞⊞⊞⊞⊞⊞∈∋⊞⊤∈⊞⊞⊤⊥⊥⋈⊥⋈⋈⋈⋈⊞⊞⊞⊞∋⋈⊤∈⊞⊤∈∋∋≻∋∋⊣∋∋∋⊞⋈⋈⋈⋈⋈⋈⊣⊞⋈⋈⊞⊞≺∋
0x609eac0	⊢⋈⋈⋈⋈⋈⋈⋈⊞⋈⋈⋈⋈⋈⊞⊞⊤⊞⋈⊤⋈⋈∈⊞⊞⋈⊞⊞⊞⋈⊞⊞⊞⊞⋈⊞⋈⊞⊤⋈⊥⋈≺∋⋈⋈⋈⊞⋈⋈⊞⊞⋈⋈⋈⋈∈⋈⊞∈⊞⋈⋈⊤∈≺⋈⊞⋈⋈⊤∈⊤∈⋈⋈⊤∈⋈⊤∈⋈⋈⋈⋈⋈⋈⊡∈⋈⋈⊤∈⊞⊞⊤∈∋≺⊤∈⋈⋈⋈⋈⋈⋈∈⋈⋈⊤∈⊞⊞⊤∈∋∋⋈∋∋⊤⋈⋈∈⊤∈⋈⊤∈⋈⊞≺⋈⋈∋⋈⊞⊞⊞⊡∈⋈⋈⋈⋈⊞⊞⊞∈∋≺∋⋈∋∋⋈⊡⋈≺∋⊤∈⋈⋈⊤⊥⊞≺⋈⊤⋈⊥⋈⊞⊞⋈≻⋈⋈⋈⋈⋈≺∋∋∋⋈⊞⋈⊞⋈⊞⋈⋈⊞⊞⊞⋈⊞⊞⊤∈∋⋈⊞⋈⊞⋈⊞⋈⋈⋈≺∈∈⊤∈⊞⋈⋈⊞⋈⊞⋈⊤∈⋈⊞⊞∈∋⊞⊞⊞⊤⋈⋈∈⋈⊞⊞⊞⊞⊞⋈⋈⋈⊞≻⋈⋈⋈⋈⋈⋈⊤∈⊤∈∋⋈⋈⊞⊞⋈⊞⊞⊞⊞⊞⋈⊞≻⋈⋈⋈⋈⋈⋈⊤∈∋⊤∈∋⊤∈⊤⋈⊥⊤∈⋈⋈⊞⊞⊤⋈⊥⊞⋈⋈⊙⋈⊞⊤∈⋈⋈⊡∈⋈⋈⊞⊞⊤⊥⊥⋈⊥⋈⋈⊞⊞⊞⊤∈⋈⊞⊞⊤∈∋≺⋈⊡∈⋈⋈⊞⊞⊤⋈⊥⊥⊥⋈⋈⊞⊞⊞⊞⊞⊞⊤∈⊞⊤∈∋≺∋⋈⋈∋∋⊞⋈⋈⊙⋈⋈⋈⋈⋈≺∋∋∋∋⋈⋈⊤∈∋⊞⋈⊤∈∋≺∋⋈∋∋∋⋈⋈⊤∈⊤∈⊞⋈⋈⋈⋈⋈⋈⊣⋈⋈⊞⊞⊞⊞⊞⋈⊞⊞⋈⋈⋈⋈⋈⋈≺⋈⋈⋈⋈⋈⋈⋈⊞⋈⋈⋈⋈⊤∈⋈⋈⋈⋈⋈∈⋈⊡∈⊞∈⋈⋈⋈⋈⋈≻≺⋈⊞⋈⊞⊞⊞⊞⊤⋈⋈∈⋈⋈≻⋈⋈⋈⊤⊥⋈⊤⊥⊞⊤⊥⊞⊥⊤⊥≺∋⋈⊞⋈⊞⋈⋈⋈⋈⋈⊤∈⋈⊤∈∋⊤∈⋈⊞⋈⊞⋈⋈⊡∈⋈⊞⋈⊥⊞⊞⊤∈∈⋈⋈⊞⊤⊥⊥⋈⊞⋈⋈⊞⊤⋈⋈⊥⋈⋈⊞⋈⋈⋈⊞⊤⊥⊥⋈⊞⋈⋈⋈⋈⊞⊞⊤⋈⊥⋈⋈⊞⊞⊤∈∋∋⋈⊞⊞⊤∈⊡∈⋈⊞⋈⊞⊤⋈⊥⋈⋈⊞⊞⊤∈∋∋⋈⊤∈⋈⊞⋈⋈⋈⊙⋈⋈⋈⊞∈⋈⊞⋈⊡∈⋈⋈⊞⊞⊞∈∋∋⊤⋈∈∋⊤∈⋈⊞⋈⊞⊞⋈⋈⊡∈⋈⊞⋈⊥⊞⊞⊤∈∈⋈⋈⋈⊞⊤⊥⊞⋈⋈⊞⊤⋈⋈⊥⋈⊞⋈⋈⊞⊤⋈⋈⊥⋈⋈⊞⋈⋈⊞⋈⊞⊤⋈⊥⋈⋈⊞⊞⊤∈∋∋⋈⊞⊞⊤∈⊡∈⋈⊞⋈⊞⊤⋈⊥⋈⋈⊞⊞⊤∈∋∋⊤∈⋈⊞⋈⋈⋈⊙⋈⋈⊞∈⊞⋈⊞⋈⋈⊡∈⋈⋈⊞⊞⊞∈∋⊤⋈∈⋈⋈⋈≻⋈⋈⋈⋈⊙⋈≻⋈⋈⊤⋈∈∋≺⊞⋈⊞⋈⋈⊞⊞⋈≺∋⊤∈⋈⋈⋈≻⊞⋈⋈⋈⋈⋈≻⋈⊤∈∋≺⋈⊞⋈⋈⊞⊞⋈≺∋∋∋⊤∈⋈⊞⊤∈⊤∈⋈⋈⋈⊞⋈⋈⋈⋈⋈⊞⊞⊤⊥⊥⊞⊤⊥⊞⋈⊞⋈⋈⊞⋈⊞⊞⊞⋈⋈⋈⊤⋈⊥⊤⊥⊥⋈⋈⊥⊤⊥⋈⊥⋈⊤⋈⊥⋈⊥⋈⊞⋈⋈⊞⊞⊤⋈⊥⊥⊞⊤⊥⊞⊞⋈⋈⋈⊞⋈⊞⊞⊞⋈⋈⋈⊤⋈⊥⊤⋈⋈⊥⊥⊥⊤⋈⋈⋈⊥⊥⋈⋈⋈⊤⋈⋈⊥⋈⋈⊥⋈⋈⋈⋈⋈⋈⋈⋈⋈⋈⋈⋈⋈≺⋈⊞⋈⋈⋈≻⋈⊞⋈⊞⋈⊞≻⋈≺∋∋⋈⊞⊤∈⋈⋈⊞⋈≺∈⋈⋈⊞⋈⋈⋈⊤∈⊞⋈⋈⊡∈⋈⋈⊤∈⋈⋈⊤⋈∈∋⊞≺∋⋈⋈∋⊤⋈⊞⊞⊤∈∋∋⋈⊞⋈⊤∈⊞⋈⋈⊞≺∈⋈⋈⊞⋈⋈⋈⊤∈⊞⋈⋈⊡∈⋈⋈⊤∈⋈⋈⊤⋈∈∋⊞≺∋⋈⋈∋⊤⋈⊞⊞⊤∈∋∋⋈⊞⋈⊞⋈⋈⋈⋈⋈≺∈⋈⋈⊞⊞⋈⊤⊥⊥∈⋈∋⋈⋈⋈⋈⋈⊤⋈⊞⋈⊤⋈∈⋈≺∋⋈⋈⋈⊞⊞⊞⋈⋈⊞⊞⊞⋈⋈⋈⊞⊞⊞⊞⊞⋈⊞∈∋⊞⊤∈⊞⊞⊤⊥⊥⋈⊥⋈⋈⊞⊞⊞⊞∋⊤∈⊞⊤∈∋∋≻∋∋⊣∋∋∋⊞⋈⋈⋈⋈⋈⋈⊣⊞⋈⋈⊞⊞≺∋
0x60332f0	⊢⋈⋈⋈⋈⊞⊞∈⊞≻⋈⋈⋈⊤⊥⊤⋈⊥⋈⋈⋈⋈≻⊤∈∋⋈⋈≻⋈⋈⋈⋈⋈⋈⋈⋈⊤∈⋈⊤∈⋈⋈≻⊤∈⋈⋈⋈≻⊤∈∋⋈⋈∋⋈⋈⊞≺⋈⊞≺∋∋⋈⋈⊞⋈⋈⋈⋈⊣⋈⋈⋈⊞⋈⋈⋈⊣
0x60863d0	⊢⋈⋈⋈⋈⊞⊞∈⊞≻⋈⋈⋈⋈⋈⊤⊥⊞⊤⊥⋈⊤⊥⋈⋈⋈⋈≻⊤∈∋⋈⋈≻⋈⋈⋈⋈⋈⋈⊞⋈⋈⋈≻⊤∈⋈⊞⊤⊥⋈⋈⊞⊤∈⋈⋈⋈⋈⊤∈⋈⊙∋⊤∈⋈⊙∋⋈⊙∋⊞≺∋⊞⋈⋈⋈⋈⋈⊣⋈⋈⋈⊞⋈⋈⋈⊣
0x6063ff8	⊢⋈≻⋈⊤∈⋈⋈≻⊞∈⋈⋈⋈⊞⋈⋈⋈⋈⋈⊤⊥⊞⊤⊥⊤⋈⋈⊥⊤⊥⋈⋈⋈⋈⋈≻⊤∈⋈⋈⋈⋈⋈⋈≺∋⊞⋈⋈⋈⊣⊞⊣⋈⊣
0x60330a9	⊢⋈⋈≻⋈⊤∈⋈⋈≻⋈⋈⋈⋈⋈⋈⋈⋈⋈⋈⋈⊤∈⊤∈⊤∈⊤∈⊤∈⊤∈∈∋⊤∈≺∋∋∋∋∋⋈⋈≻⊤∈∋∋⊤∈∈⋈⋈⋈⋈⋈≻⋈⋈⊤∈≺∋⋈⋈⋈⊙⋈⋈≻⋈⋈⋈⋈⊞⋈⋈⋈⋈⋈⋈⊣⊞∋⋈⋈≻∋⋈⋈⋈⋈≻⊤∈⊤⋈⋈⊥⊤∈⋈⊤∈⋈⋈⋈⋈⋈⋈≻⋈⋈⋈≺∋⋈⊞⋈∋∋⊞⋈⋈⋈⊞⋈⋈⋈⋈⋈⋈≺⋈⋈⋈⋈⋈⋈⋈⋈⋈⊞⋈⋈⊞⊤∈⋈⋈⋈⋈⋈≻⋈≺∋⋈⊞⋈⋈⊙⊞⋈⋈⋈⋈⋈⋈⊣⋈⊣
0x60a2360	⊢⋈⋈⋈⋈⋈⋈⋈⊞⋈⋈⊞⋈⋈⋈⋈⋈⊡∈⋈⋈⋈⊙⊤∈⊤∈⋈⋈⊞⋈≻⋈⋈⊞⊤⋈∈∋⋈⋈⋈⋈⋈≻⋈⋈≺∋⋈⊞⋈⋈⋈⊙⋈⊞⋈⊞⊙⋈⊤∈∋⊞⊞⋈⋈≺∋⋈⊞⋈⋈⋈⋈⋈⋈⊣
0x607bd53	⊢⋈⊞⋈⋈⋈⋈⊤∈⋈⋈∈⋈⊤∈⊞∈∋⊤∈⊤∈⊤∈⋈⋈≺⋈⋈⊤∈⊞⋈⊞∈⋈⊤∈⊞∈⊤∈∋⊤∈⋈⋈≺⋈⋈⊞⊞⊤∈∋∋⋈⋈≺⋈⊤∈∋⋈≺∋⋈⋈≺⋈≺∋⊞⊞⋈⊤∈∋∋⋈⋈∋∋∋∋≻⋈⋈≺∋⋈⊞⋈⊣
0x6022ecf	⊢⋈⋈⋈⋈⋈⋈⊞⋈⋈⋈⋈⊞⊙
0x60232ae	⊢⋈⋈⋈⋈⋈⋈⊞⋈⋈⋈⋈⋈⊞⊙
0x60238be	⊢⋈⋈⋈⋈⋈⋈⊞⋈⋈⊞⋈⊞⋈∈⋈⋈⋈⋈⋈⋈⋈⊞⋈⋈⋈∈⋈⋈⋈⋈⊞⋈⋈⋈⋈⋈≻⋈⋈⋈≻⋈⊞⋈⊞⋈⋈≻⋈⋈≻⋈⊤⊥∈⊤∈⋈⋈⋈⊤∈⋈∋⋈⋈⋈⊤∈⋈∋⊤⊥∈⊤⋈⋈⊥⊤⊥⊤⋈⋈⊥⊤⊥⊞∈⊤∈⋈⊤⋈∈∋⋈⋈⊤∈⋈⋈⋈⊤∈⋈∋⋈⋈⋈⊤∈⋈∋⊤⊥∈⊤⋈⋈⊥⊤⊥⊤⋈⋈⊥⊤⊥⊞∈⊤∈∋⊞⊤⊥⋈⊤⋈∈∋≺∋⊥≺∋∋∋∋⊤⋈⋈⊥⊥∋⋈⋈⋈⋈⋈⊤∈⋈⋈⋈≻∋⋈⋈≻⋈⋈⊤∈⋈⋈⋈≻∋⋈⊤∈⋈⋈⋈≻∋⋈⊤∈⋈⋈⋈≻∋⋈⊞⋈⋈⋈⊞⊞⋈⊞⊞⊞⊤∈∋∋⊞⋈⋈⋈⋈⋈⋈⊣
0x603d020	⊢⋈⋈⊤∈⊞⊣⋈⋈⋈⋈⋈⊞⋈⊞⊞∈⋈⊞⋈⋈∈⊤∈⊞∈⊤∈⊤∈∋⊞≺⊤⋈∈∋≺⊞⊞∈⊤⊥⊞⊞⊤∈∋⊞⊞⊤∈∋≺∋⋈∋⋈⋈⋈⋈⋈⊣
0x607aa7c	⊢⋈⋈⋈⋈⋈⋈⊞⋈⋈⋈⋈⊤∈⋈⋈⋈∈⋈⊤∈⊞∈∋⊤∈⊤∈⊞⋈⋈⋈⋈⋈⋈≻⋈⋈⊤∈⋈⊤⊤∈⋈∈⋈⊞⋈⋈⋈≻⋈⋈⊤∈≺∋⋈⋈⋈⊙⋈⋈⋈⋈⋈⋈⋈⋈⋈⋈⋈⋈⋈⋈⋈⋈⋈⋈≺⊞∋⋈⋈≻⋈≺⊤∈⊞⋈⋈⋈⋈⊞≻⊤∈∋⋈⋈≺⋈≺⊤∈⊡∈⊞⋈⊞⋈⋈⋈⋈⋈⋈∈⋈⊤∈⋈⋈∈⋈⊤∈⊞∈∋⊤∈⋈⋈⋈⋈⊞≺⊤∈⊤∈⋈⋈≺⊞⋈⊤∈⋈⊞∈⋈⊤∈⊞∈∋⊤∈⋈⋈≺∋⋈⋈≻⋈⊤∈⋈⋈≺⋈⋈⋈⋈⋈⋈⋈⋈⋈⊤∈⋈≻⋈∋⋈⊞⋈⋈⋈⋈⋈⋈⋈⋈⊞⋈⋈⋈⊞⋈⋈⋈≺∋⋈⋈⊞⊞⊤∈∋≺⊞⋈⊞⊤∈∋≺∋⋈⋈⊤∈⊤∈⊞⋈⋈⋈⋈≻⊤∈⋈⊤∈⊡∈∋⋈⋈≺⊞⋈⋈⋈⋈⋈⋈≻⊤∈⊤∈⋈⊡⋈⋈⋈⋈≻⊤⋈∈⋈⊤∈∈⋈⋈⋈⊙⋈⊞⋈⋈≻⋈⊤∈⋈⋈⋈⋈⊙⋈⊞∈∋⋈⊞⋈⋈⋈⋈⋈⊤∈≺∋⋈⋈⋈⊞⋈⋈⋈⋈⋈⋈⋈≻⊤∈⋈⋈⋈⋈⋈≻⊤∈⋈≻∋⋈⋈∈⋈≻⊤∈⋈≺⊤∈⋈⊡⋈⋈⋈≻⊤⋈∈⋈⊤∈⊞∈⋈⋈⋈⋈⋈⊙⋈⋈⋈⋈≻⊤∈⋈⋈≺∋⋈≻∋∋⋈⋈≺∋∋∋⋈≻∋⋈⋈⋈⊤∈⋈∈⋈≻⊞⊞∈∋∋⋈⋈⋈⋈≻⋈⋈⋈∋⊡⋈⋈⊤∈⋈∈⋈⊤∈⊞∈⊤∈∋⊤∈⋈⊞⋈⋈⋈⋈⋈⊤∈⋈⋈⋈⋈⋈⋈⋈⋈⋈⋈⋈⋈≺⋈≺⋈⋈⋈⊤∈⊞⋈⊞∈⋈⊤∈⊞∈∋⊤∈⋈⋈≺⋈⋈⊞⊞⊤∈∋≺∋∋∋⋈⋈≺⊞⋈⊤∈∋∋⋈⋈⋈∋∋⋈≻⋈⋈⋈⋈⋈⊤∈⋈≺⋈⋈⋈⋈⊙⋈⊞⋈∈∋⋈⋈⋈⋈⋈⋈⋈⋈⋈⋈≺∋⋈⋈⊤∈⋈⋈≺∋⋈⋈≻⊤∈⋈⋈⋈≻≺∋∋∋⋈⋈≺⋈⋈⋈⋈⋈⋈⋈⋈⋈⋈⋈⋈⋈≻⊤∈⋈≻∋⋈≺∋⋈⋈≻∋⋈≻≺⊞∋⋈≻⋈∋∋⋈⋈≺∋∋⊡⋈⋈⊤∈⋈∈⋈⊤∈⊞∈⊤∈∋⊤∈⋈⋈≺⊞⋈⋈⋈⋈⋈⊤∈⋈⋈⋈⋈⋈⋈∋⋈≺⋈⋈≺⊞⋈⊤∈∋∋⋈⋈∋∋⋈≻⋈⋈⋈⋈⋈⊤∈∋⋈⋈⋈≻≺⋈⋈∋⋈⋈≻≺∋∋∋∋⊤∈⊤∈⊞⋈⋈⋈⋈≻⊤∈⋈≺∋⋈⋈⋈⋈⋈⋈⋈⋈⋈⋈≺⊤∈∋∋⊞⊤∈⋈⋈⋈≻⋈⋈⋈⋈⋈≻⊤∈∋⋈⋈∋⋈≻⊤∈∋⋈⋈⋈⋈∋⋈≺∋⋈≻≺⋈≺⊞⋈⋈⋈⋈≻⊤∈⋈⋈⋈⋈⋈⋈⋈⋈⋈⋈⋈⋈⋈≺⊞⋈⊤∈∋∋⋈⋈∋⋈≻∋∋∋∋∋∋⋈∋⋈≺∋∋∋∋⊞⋈⋈⋈⋈⋈⋈⊣
0x607a298	⊢⋈⊞⋈⋈⋈⋈⊤∈⋈⋈∈⋈⊤∈⊞∈⊤∈∋⋈⋈≺⊞⋈⋈⊞⋈≺⊞⋈⊤∈∋∋⋈⋈∋⋈⋈≻⋈⋈⊞⋈⊣
0x603cfcc	⊢⋈⋈⋈⋈⊞∈⋈⊤∈⋈⋈⋈⊤∈⋈⋈⋈≻⋈⊤⋈∈∋∋⊤⊥⋈⊣
0x6023bea	⊢⋈⋈⋈⋈⋈⊞⋈⊞⋈⊤∈⊞∈⋈⋈≻∋⋈⋈⋈⊤∈⊞⋈⋈⋈⋈⋈⋈≻⊤∈∋⊞⋈⋈⋈⊞∈⊞⊞⊞⋈⊞⊤∈∋≺∋⋈⋈⋈⋈⋈⋈⊞⋈⋈⋈⋈⋈⊣
0x6023cad	⊢⋈⋈⋈⋈⋈⋈⊞⋈⋈⋈⊞∈⊞⋈⊞⋈⊞⋈⋈≻⊤∈⋈⋈⋈⋈⊞⋈⋈⋈⋈⊞⋈⋈⋈∈⋈⋈⋈⋈⊙⊤∈⋈⋈⋈⋈⋈⋈⊙⊤∈⊞⊞⋈⋈⋈⊞∈⊞⋈⋈⋈⊙⊤∈⋈⋈⋈⋈⋈⋈⋈⊤⋈⋈⊥⋈⋈⋈≻⋈⋈⋈⋈⋈⋈⋈⋈⋈⋈≻⋈⋈≻⋈⋈⋈⋈≻⊤∈⋈⋈⋈⋈⋈⋈⋈⋈≻⊤∈⋈≻∋⋈⋈≻⋈⊙⊤∈∋⋈⋈≻∋⋈⋈≻∋⋈⋈≻⋈⊞⋈⋈⋈⋈⋈⋈⊤⋈⋈⊥⋈⋈⋈≻⋈⋈⋈⋈⋈⋈⋈⋈⋈⋈≻⋈⋈≻⋈⋈⋈⋈≻⊤∈∋⋈⋈⋈⋈⋈⋈⋈⋈⋈⋈⋈⋈⋈⋈≻⊤∈⋈≻∋⋈⋈≻⋈⋈⋈⋈⋈⋈⋈⋈⋈⋈⊞⊞⊤∈∋⋈⋈⋈⋈⋈⋈⋈≻⊤∈⋈⋈⋈⋈⋈⋈⋈⋈≻⊤∈⋈≻∋⊞∈⋈≻⊞⊤∈∋⋈⋈⋈⋈≻⋈⋈⊙⊤∈⋈⋈⋈⋈⋈⋈⋈⋈⊙⊤∈⋈⋈≻⋈⋈∈⋈⋈≻⋈⋈⋈⋈⊞⊤∈∋⋈⋈≻⊞⊤∈⋈⋈⋈⋈⋈⋈∈⋈⊤∈⊞≻∋⊞⋈⋈⋈⋈⋈∈⋈⋈⋈⋈⋈≻⊤∈∋⋈⋈≻⋈⋈⋈⋈⋈⋈⊞⋈⋈⋈⋈⋈⋈⋈⋈⋈⋈⋈≻⋈⊤∈⋈⋈⊙⊤∈⋈⋈≻⋈⋈⋈⋈⋈⋈⊞⋈⋈⋈⊞⋈⋈⊞⋈⊤∈⊞∈⋈⋈≻∋⋈⊤∈⊞⋈⋈⋈⋈⋈⊞⋈⋈⋈≻⊤∈∋⋈⊞⋈⋈⋈⋈⊞⋈⋈⊞∈⊞⋈⋈⋈⊙⊤∈⋈⋈⋈⋈⋈⋈⋈⋈⋈⋈≻⋈⋈⋈⋈≻⊤∈⋈⋈⋈⋈⋈⋈⋈⋈≻⊤∈⋈≻∋⋈⋈≻⋈⊙⊤∈⋈⋈⋈⋈⋈⋈⋈⋈≻⋈⋈⋈⋈≻⊤∈∋⋈⋈⋈⋈⋈⋈⋈≻∋⋈⋈≻∋⋈⋈≻⋈⊞⋈⊞⋈⊞⋈⊞⋈⊞⋈⋈⋈⋈⋈⋈⋈⊞⋈⋈⋈⋈⋈≻⋈⋈⋈⋈≻⋈⊞⊞⋈⋈⊞⋈⊞⋈⊞⊞⊞⊞⊞⊞⊞⊞⊞⊞⊞⊞⊞⊞⊞⊞⊞⊞⊞⊞⊞⊞⊞⊞⊞⊞⊞⊞⊞⊞⊞⊞⊞⊞⊞⊞⊞⊞⊞⊞⊞⊞⊞⊞⊞⊞⊞⊞⊞⊞⊞⊞⋈⊞⊞⊞⊞⊞⋈⊣⋈⋈⋈⋈⋈⋈⋈⋈≻⊤∈⋈≻∋⋈⋈≻⋈⋈⋈⋈⋈⋈⋈⋈⋈⋈⊞⊞⊞⊤∈∋≺∋⋈⋈⋈⋈⋈⋈⋈⊞⋈⋈⋈⋈⋈⋈⊣⋈⋈⋈⋈⋈⋈⋈⋈⋈⋈⋈⋈⋈⋈⋈⋈⋈∈⋈⋈≻⊤∈⋈⋈⋈⋈⊤∈⋈⋈⋈⋈⋈≻⋈≺∋⋈⋈⋈⋈⊞⋈⊞≺∋⋈⊞⊞≺∋⊤∈⋈⋈⋈⋈⋈⋈⋈≻⋈⋈⋈⋈≻⋈⋈⋈⋈⊞≺∋⋈⊞⋈⋈⋈⋈⋈⋈⊣⋈⋈≺∋⋈⋈⋈⊙⋈⊤∈⋈≻∋⋈⋈⊞⋈⋈⋈⋈⋈⋈⊞⋈⋈⊞⊤∈∋⋈⋈⋈⋈⋈⋈⋈⋈⋈⋈⋈≻⊤∈⋈≻∋⋈⋈∈⋈⋈≻⊞⊤∈∋⋈⋈⋈⋈≻⋈⊙⊤∈∋∋⋈⋈≻∋⋈⋈≻∋⋈⋈≺⋈⋈⋈⋈⋈⋈⋈⋈⋈⊞⊤⊥⋈⋈⋈⋈⋈⋈≻⋈⋈⋈⋈≻⊤∈∋∈⋈⋈∋⋈⋈⋈⋈≺∋⋈≻∋⋈⋈⋈⋈⋈⋈⋈⋈≻⊤∈⋈≻∋⋈⋈≻⋈⋈⋈⋈⋈⋈⋈⊞⋈⋈⋈⋈⋈⋈⊞⊞⊤⋈⋈⋈∈∋≺∋⋈⋈⋈⋈⋈⋈⊞⋈⋈⋈⋈⋈⋈⊣
0x6041603	⊢⋈⋈⋈⊞⋈⋈⊞⋈⊞⋈⊞⋈⊞⋈⋈⋈⋈⋈⋈⋈⊞⋈⋈⋈⋈⋈⋈⋈≻⋈⋈⋈⋈≻⋈⊞⊞⋈⋈⊞⋈⊞⋈⊞⊞⊞⊞⊞⊞⊞⊞⊞⊞⊞⊞⊞⊞⊞⊞⊞⊞⊞⊞⊞⊞⊞⊞⊞⊞⊞⊞⊞⊞⊞⊞⊞⊞⊞⊞⊞⊞⊞⊞⊞⊞⊞⊞⊞⊞⊞⊞⊞⊞⊞⊞⋈⊞⊞⊞⊞⊞⋈⋈⋈⊣
0x603e305	⊢⋈⋈⋈⊞⋈⋈⊞⋈⊞⋈⊞⋈⊞⋈⋈⋈⋈⋈⋈⋈⊞⋈⋈⋈⋈⋈⋈⋈⋈≻⋈⋈⋈⋈⋈⋈≻⋈⋈⋈⋈⋈≻⋈⊞⊞⋈⋈⊞⋈⊞⋈⊞⊞⊞⊞⊞⊞⊞⊞⊞⊞⊞⊞⊞⊞⊞⊞⊞⊞⊞⊞⊞⊞⊞⊞⊞⊞⊞⊞⊞⊞⊞⊞⊞⊞⊞⊞⊞⊞⊞⊞⊞⊞⊞⊞⊞⊞⊞⊞⊞⊞⊞⊞⋈⊞⊞⊞⊞⊞⋈⋈⋈⊣
0x604066b	⊢⋈⊞⋈⊞⋈⊞⋈⊞⋈⊞⋈⋈⋈⋈⋈⋈⋈⊞⋈⋈⋈⋈⋈⋈≻⋈⊞⊞⋈⋈⊞⋈⊞⋈⊞⊞⊞⊞⊞⊞⊞⊞⊞⊞⊞⊞⊞⊞⊞⊞⊞⊞⊞⊞⊞⊞⊞⊞⊞⊞⊞⊞⊞⊞⊞⊞⊞⊞⊞⊞⊞⊞⊞⊞⊞⊞⊞⊞⊞⊞⊞⊞⊞⊞⊞⊞⋈⊞⊞⊞⊞⊞⋈⊣
0x6024c00	⊢⋈⋈⋈⋈⋈⋈⊞⋈⋈⋈⋈⋈⋈≻⊞⊤∈⋈⋈⋈⋈⊤∈⊞⋈⋈∈⋈⋈≻⊤∈⋈⋈⋈⋈⋈⊤∈⋈∈⋈≻⊞⊞∈∋∋⋈⋈⋈⋈⊞⋈⋈⋈⋈⋈⋈≺⋈⊤∈⋈≻∋⊞⋈⋈⊞⋈⋈⋈⋈⊞⋈⊞∈∋∋⋈⋈⋈⋈⋈⋈⋈⋈⋈⋈⋈⋈⋈⋈≺∋⊞⋈⋈⋈⋈⋈⋈⊣
0x603b182	⊢⋈⋈⋈⋈⋈⋈⊞⋈⋈⋈⋈⋈⊞⊤⋈⊥⋈⋈⋈⊞⊙
0x60a7b50	⊢⋈⋈⋈⋈⋈⋈⋈⊤∈⋈≻⋈⊙⊤∈∋⋈⋈≻⊞⋈⋈⋈⋈⋈⋈⊞⋈⋈⊣
0x60a7530	⊢⋈⋈⋈⋈⊤∈⋈⋈⋈≻⋈⊞⋈⋈⋈⋈⋈⊣
0x60a7d40	⊢⋈⋈⋈⋈⋈⊞⋈⋈⋈⋈⊤∈⋈≻⋈⋈≻⋈⋈⋈⋈⋈⋈⋈⋈⋈⋈⊞∈⊤∈⊤∈⋈⋈⋈≻⊤∈⋈⋈≺⋈⊤∈≺⊞⊤∈∋≺∋⋈⊤∈∋⋈≻∋∋⋈⋈∋⊞⋈⋈⋈⋈⊣
0x60a6b20	⊢⋈⋈⋈⋈⋈⋈⊞⋈⋈⋈⊤∈⋈⋈⊤∈⊤∈∈⋈⊤∈⋈⊡∈⊤∈≻∋⋈≻∋⋈≻⊤∈∋≺⋈⊡∈∋⋈∋⋈⊤∈⋈⊞⊡∈⋈⋈⊤∈⊞≺∋⋈⋈⋈⋈⋈⊤∈⋈≻≺⋈⋈≻⋈⋈⋈⋈⊡⊡∈⋈⊞⋈⊤∈⋈⋈⋈⋈⊞⊙≺∋∋∋∋∋∋⋈⊤∈⋈⊙⊤⋈⊥⋈⋈⋈⋈⋈⊞⊙⊞⊞⋈⋈⊙∋⊙⋈⋈⊞⊡∈⋈≻≺∋⋈⊞⊤∈≻⋈⊞≺⊞∋⋈⋈⊞⊤⊥⋈⋈⋈⊞⊡∈⋈⊡∈⊤∈⋈⋈⋈≻≺⊙⊞⊡∈∋∋⋈⊤∈⋈∈⋈⋈⊞⋈⊡∈⊤∈⋈⊤⊥⊞⊞⊞⊤∈∋⋈⊤∈⋈⊤∈⋈⋈⋈⋈⋈⋈≻⋈⋈⋈⊤∈⋈⊡∈⋈⋈⊞⊤∈∋∋⋈⊞⋈⋈⋈⋈⋈⋈≻⋈⋈⋈⋈⋈⋈⋈⋈⊤∈⊞∈⋈⋈⊤∈∋∋⋈⊞⋈⋈⋈⋈⋈⋈≺∋⊡⊤∈⋈⊤∈⋈≻≺⋈⊤∈⋈⋈⋈≻∋∋∋⊣⋈⋈⊞⋈⋈⊙∋⊤⊥⊤⊥⊞∈⋈⊙≺∋⊞∈∋∋∋⋈⋈⊤⊤∈⋈⊤∈≻⊤∈⋈≺∋∋∋⊞⋈⊤∈⋈⋈⋈⋈⊞⊙≺∋⊞⋈⋈⋈⋈⋈⊣⋈≺∋
0x60a25d0	⊢⋈⋈⋈⋈⋈⋈⋈⊞⋈⋈⋈⋈⋈⊤∈⋈⋈≻⋈⊤∈⊤∈⋈⊤∈⋈⋈⋈⋈≻⊤∈⋈⋈≺∋⋈⋈⋈⋈≻⋈⊤∈⊤∈⋈⋈⋈⋈≻⊤∈⊤∈∋⋈⊡≺⋈≺⋈≺∋∋∋∋∋⋈⊤∈⋈⋈⊤∈⋈⊤∈⋈⋈⊞⊤⋈⊥⊥⋈⋈⋈⋈⋈⋈⋈⋈⋈⋈⋈⋈⋈≻∋⋈⋈∋⋈⋈⋈⋈⋈⊤∈⋈⊙⋈∋⋈⋈≻⋈⊤∈⊤∈⋈⊤∈⋈⋈⋈⋈⊞≺∋⋈⋈⋈⋈∋⋈⊞⊞≺∋⋈⋈⋈⋈⋈⋈≻⊞⋈⋈⋈⊡∋∋∋⊞⋈⋈⋈⋈⋈⋈⊣
0x6024d53	⊢⋈⋈⋈⋈⋈⋈⊞⋈⋈⋈⊞∈⋈⊤∈⋈⊡⊞⋈⋈⋈⋈⊤⊥⋈⊞⊤⊥⊞∈⋈⊡⊞⊞⋈≺∋⊞∈⋈⋈∈⋈⋈⋈≻⊤∈⋈⊞⊥∈⊞⋈⋈⋈≺∋⊞⊞∈⋈⊞⊤⊥⊞⊤∈⊞⋈⊞⊥≺∋⋈⊞⊤∈∋⋈⊤⊥⊤⊥⋈⊞∈∈⊤∈⋈⊤∈⋈⊞⋈⊤∈∋∋⋈⋈⊞⊞≺∋∋∋⋈≺⊞∋⋈⋈≻∋∋⋈⊞⊞∋⋈≻⋈⋈⊞⋈⋈⋈⋈⋈⋈≺
0x608d940	⊢⋈⋈⋈⋈⋈⋈⋈⊞⋈⋈⋈⊤∈⋈⊤∈⋈⋈⋈⋈⋈⋈≻⋈⋈⊤∈≺⋈⊤∈∋⋈⋈⊤∈⋈⋈⋈⋈⋈⋈⋈≺⋈∋∋⋈⋈⊞⊤∈⊞≺⋈⋈⊤∈⊞⊞∈⋈⊞⋈⋈⊤⊥⊞⋈⊤∈∋∋⋈⊞⊤∈⊞⊤⋈∈⋈⋈⊤∈⋈⋈⋈≻⋈⋈⋈⋈⋈⋈⋈⋈⋈⋈⋈⋈⋈⋈⋈⋈⋈⊤∈⋈⋈⋈⋈⋈≻⊞⋈⋈⋈⊤∈≺⊞⊤∈∋⋈⋈⊤∈⋈⋈⋈⋈⋈⋈≺∋∋∋∋∋⋈⊤∈⊤∈⋈⋈⋈⊞⋈⋈⋈⋈⋈≻⋈⋈⋈⊤∈≺⊞⊤∈∋⋈⋈⊤∈⋈⋈⋈⊞⊞⊞⊞⋈⋈≺∋⋈⋈≺⋈∋∋⋈⊞⊤∈⋈⊤∈⊞⊡∈⋈⊞⋈⋈⊞⊤⊥⊞⋈⊤∈∋⊞≺∋⊞⊤∈⊤∈⊞⋈⊞⊤∈⋈⊤∈⊞⋈⊡∈⋈⊞⋈⋈⊤⊥⊞⋈⊤∈∋⊞≺∋⋈⊤∈⊞∈⊞≺⊞∋⊤∈∋⋈⋈≻⋈⋈⋈⊤∈⊞⋈⋈⋈⋈≺∋⋈⋈⊞⊤⊥⋈≺∋∋∋∋∋∋⋈⋈⋈⋈⋈⋈⋈⋈⋈⋈≺∋∋∋⊞⋈⋈⋈⋈⋈⋈⊣
0x60523cc	⊢⋈⋈⋈⋈⋈⋈⊞⋈⋈⋈⋈⋈⋈⋈⋈⋈⊤∈⋈⊤∈⊤∈⋈⊤∈⋈⊤∈∋⊞≺≺∋∋∋∋⋈⋈⋈⋈≻⋈⋈⋈⋈≻⋈⊤∈⊞⊤∈⋈≻⋈⋈⋈⋈⊞⋈⋈⋈⋈⋈⋈⋈⋈⋈⊞∈⋈⋈⊤∈⊞⊤∈⋈⋈≺∋⋈⊞∈⋈⊞⋈⊞∈∋⋈⊤∈⋈⋈⊤∈∋⊞⊤∈⋈⊞⋈∈⊤∈⊞⋈⊞⊤⋈∈∋⊤∈≺∋⋈⋈≺∋∋∋⋈⊞⊤∈⊤∈⋈⋈⋈≻⋈⋈⋈≺⊤∈⊞⋈⋈≻⋈⋈≻⋈⋈⋈≺⋈⋈⊤⊥⊤⊥⋈≺∋∋∋∋∋⋈⋈⋈⋈⋈⋈⋈⋈⋈≻⊞⋈⋈⋈⋈⊣⋈⊤∈⊤∈⋈≺⋈⊤∈⋈⋈⊞⊥⋈⊤⊥⊞∈⊞∈⋈⋈≻∋⊤∈⋈⊞⋈⋈⋈⋈≻⊤∈∋⋈⋈⋈≺∋⋈⋈⊙≺⋈⋈≺⋈≺∋∋∋⋈∋⋈⋈⋈⋈⋈⋈≻⋈⊤∈⊤∈⋈⋈⋈⋈⋈⋈⋈≻⊤∈∋⋈⋈⋈⋈⋈≺⋈⋈⋈⋈≺∋∋⊤∈⋈⋈⋈⋈≻∋⋈⊤∈⋈⋈⋈≻∋⊞⋈⋈⋈⋈⋈⋈⊣
0x60527ac	⊢⋈⋈⋈⋈⋈⋈⊞⋈⋈⋈⋈⊤∈⋈⊤∈⊤∈⋈⊤∈⋈⊤∈∋⊞≺≺∋∋∋∋⋈⋈⋈⋈⋈≻⋈⋈⋈⋈≻⋈⋈⋈⋈⋈⋈⋈⋈⋈⋈≻⋈⋈⋈⋈⋈⋈⋈⋈⋈⋈⋈⋈≻⋈⋈⋈≻⊤∈⋈⊞⋈∋⋈⋈⋈⋈⋈⋈⋈⋈⋈⋈⋈⋈⋈⋈⊤∈⋈⋈⋈≻∋⋈⊤∈⋈⋈⋈≻∋⊞⋈⋈⋈⋈⋈⋈⊣
0x604a8a5	⊢⋈⋈⋈⋈⊞⋈⋈⋈⋈⊤∈⋈⋈⋈⋈⋈⋈⋈⋈⋈⋈⋈⋈≻⋈⋈≻⋈⋈⋈⋈⊤∈⋈⊤∈⋈⊤∈⋈≺∋⊤∈⋈≺∋⊤∈∋⋈⋈⊞⋈≻≺∋⊤∈⋈⋈⋈⋈⋈≻≺∋∋⊤∈⋈≻∋⋈⋈⋈⋈⋈⋈⋈⋈≻⋈⊞⋈⋈⋈⋈⋈⋈⋈⋈⋈⋈⋈⋈⋈⋈⋈⋈⋈⋈⋈⋈≻⋈⋈≻⋈⋈⋈⋈⊤∈⋈⊤∈⋈⊤∈⋈≺∋⊤∈⋈≺∋⊤∈∋⋈⋈⊞⋈≻≺∋⊤∈⋈⋈⋈⋈⋈≻≺∋∋⊤∈⋈≻∋⋈⋈⋈⋈⋈⋈⋈≻≺∋⊞⋈⋈⋈⋈⊣
0x604889d	⊢⋈⋈⋈⋈⋈⊞⋈⋈⋈⋈⊤∈⋈⋈⋈⋈⋈⋈⋈⋈⋈⋈⋈⋈≻⋈⋈⋈≻⋈⋈⋈⋈⊤∈⋈⊤∈⋈⊤∈⋈≺∋⊤∈⋈≺∋⊤∈∋⋈⊞⊞⋈⋈⋈⋈≻≺∋⊤∈⋈⋈⋈⋈⋈≻≺∋∋⊤∈⋈≻∋⋈⋈⋈⋈⋈⋈⋈⋈≻⋈⊞⋈⋈⋈⋈⋈⋈⋈⋈⋈⋈⋈⋈⋈⋈⋈⋈⋈⋈⋈⋈≻⋈⋈⋈≻⋈⋈⋈⋈⊤∈⋈⊤∈⋈⊤∈⋈≺∋⊤∈⋈≺∋⊤∈∋⋈⊞⊞⋈⋈⋈⋈≻≺∋⊤∈⋈⋈⋈⋈⋈≻≺∋∋⊤∈⋈≻∋⋈⋈⋈⋈⋈⋈⋈≻≺∋⊞⋈⋈⋈⋈⋈⊣
0x60a3af0	⊢⋈⋈⋈⊞⋈⋈⊤∈⋈⊞⋈⋈⋈⋈⋈⋈⋈⋈≻⋈⊞⊤∈⋈≻∋⋈⋈⊙⋈⋈≻⋈⋈⋈⋈⋈⋈⋈⋈⋈≻⊣
0x6024ee3	⊢⋈⋈⊞⋈⋈⋈⋈⋈⋈≻⊤⋈⊥⊤∈⋈⋈⋈⋈⋈⋈⋈⋈≻⋈⋈⋈⊞⋈∈⋈⋈⋈⋈⋈⋈≺∋⋈≻≺∋⊞⋈⋈⊣
0x6024f8d	⊢⋈⋈⋈⋈⊞⋈⋈⋈⋈⋈⋈⋈⋈⋈≻⊤⋈⊥⊤∈⋈⋈⋈⋈⋈⋈⋈⋈≻⋈⋈⋈⊞⋈∈⋈⋈≺∋⋈⋈⋈≻⋈⋈⋈⊤∈⋈⊞∈⊤∈⊞⊤∈⋈⋈⊙⊤∈⋈⋈≻⋈⋈⋈⋈⋈⋈⊞⋈⋈⊤∈⋈⋈⊞⊤∈≻∋⊤∈∋⋈⋈⋈⊞≻⋈⋈⋈⋈≻⊤∈⋈⋈⋈⋈⋈⋈⊞⋈∈⋈⋈⊤∈⋈⋈⊤⊥⊤∈⋈⊙⋈⊤∈⋈⋈⋈≻⋈⊤∈⋈⋈≻≺∋⋈⋈⋈⊙⊤∈⋈≻⋈∋⊞⋈⋈⋈⋈⊞⋈⊤∈∋⋈⋈⊤⊥⋈≺∋⋈∈⋈⋈≻⊞⊞∈∋∋⋈⋈⋈⋈≻⊤∈∋⋈⋈⊙⊤∈⋈⋈≻∋⋈⋈≻⋈⊤∈⋈⊙≺∋⋈≻≺⋈≻⋈⋈⋈⋈⋈⋈⋈⊞∈⊞⋈⊤∈∋⊞⋈⋈⋈⋈⋈⊞⋈⋈⋈⋈⋈⋈⋈≻⋈⋈⊤∈⋈⋈⋈⋈⋈⋈⊤∈⋈⊞⊞⋈∈⋈⊤∈⊞∈∋⋈⋈⋈≻⋈⋈⋈≻≺⋈⋈⊞⊞⊤∈∋∋⋈∋∋⋈⋈≻⊤∈⋈⋈⋈⋈⋈⋈⋈⋈⋈⋈⋈⋈⋈⋈⋈⋈≻⊤∈⋈⋈⊙⊤∈⋈⋈≻⋈⋈⋈⋈⋈⋈⋈⋈⋈⋈⋈≺⋈⋈⋈≻⊤⋈⊥⊤∈⋈⋈⊙⊤∈∋⋈⋈≻⋈⋈⋈⋈⋈⋈⋈⋈⋈⋈≻⋈⋈⋈⋈⋈⊤∈⋈⋈⋈⋈⋈⋈⋈⋈≻⊤∈⋈⋈⋈≻⊤⊥⊤∈⋈⋈⊙⊤∈⋈⋈≻⋈⋈⋈⋈⋈⋈⋈≺⋈⋈⊞⊞⋈⋈⋈⋈⋈⋈≻⊤∈⋈⊤∈⋈⊞≺⋈⋈⋈⋈≻⋈⋈⋈⋈⋈⋈⋈⊞≺⋈⋈⋈⊙⊤∈⋈⋈⋈⋈⋈⋈⋈⋈⋈⋈⋈⋈∈⋈≻⊤∈⋈⋈⋈⊤∈⋈⋈∋⋈⋈⋈⋈⋈⋈≻⋈⋈⋈⋈⋈≻⊤⋈⊥⊤∈⋈⋈⋈≻⋈⋈⋈⋈⋈≻⋈⋈⋈⊤∈⋈⊤⋈∈⊤∈⋈⋈⋈⋈≻⊤∈⋈⋈⋈≻⋈⋈⋈⋈≻≺∋⋈⋈⋈⋈⋈⋈⋈≻⊤∈∋⋈⊞⋈∈⋈⋈⋈≻≺≺∋⊞⋈∋⋈⋈⋈⋈≻⋈⋈⋈⋈⋈⋈⋈⊤∈⋈⋈⋈⋈⋈⊙⋈⋈⋈⋈⋈⋈⋈⋈⋈⋈≻⋈⋈⋈⋈⋈⋈⊤∈⋈⋈⋈⋈⋈⊙⋈⋈⋈⋈⋈⋈⋈⋈⋈≻⋈⋈≻⊞⊞⊞⊞∈⋈⊞⋈⋈⋈⊞⋈⋈⊞⊞∈⋈⋈⋈⋈⊞⊤∈∋⋈⋈⋈≻⊞⋈⊞⊡⋈⊞⋈⊞⋈⋈≻⋈⋈⊞⋈≻⋈⋈⋈⋈⊙⋈⋈⋈⋈⊞⋈⋈⊞⊞⋈⊞⋈⊞⊞⊞⊞⊞⋈⊞⋈⊞⊤∈∋⋈⊤⋈∈∋⋈⋈⊙⊞⊞⋈⋈⊤⊥⋈⊞⊞⊤⊥⊞∈⋈⋈⋈⋈≻⋈⋈⋈⋈⋈⋈≺⋈⊞⋈⋈⊞⋈⊞⋈⊞⊞∈⋈⊞⋈⋈⋈⊞⋈⋈⊞⊞∈⋈⋈⊞⊤∈⋈⋈⋈≻⊞⋈⊡⋈⋈⊙⋈⋈⊞⋈⋈⊞⋈⋈⊞⊞⋈⊞⋈⊞⊞⊞⊞⋈⊞⋈⊞⋈⋈≻⊡⋈⋈⊞⋈≻⋈⊡⋈⊙⋈⋈⊞⋈⊞⊞⊞⊞⋈⋈⊞⊤∈∋⋈⊤⋈∈∋⋈⋈⋈⋈≻⋈⋈⋈≻⋈⋈⋈≻⋈⋈⋈⋈⊤∈⋈⋈⋈≻∋⋈⋈⋈⋈≻⋈⋈⋈⋈⋈⋈≻⋈⋈⋈⋈⋈⊤∈⋈⋈⋈⋈⋈⊙⊡⊡⋈⋈⋈⋈⋈⋈⋈⋈⋈⋈≻⋈≻⋈⋈≻⋈⋈⊞⋈⋈⋈⋈⋈⋈⋈⋈≻⊞⊡⊡⊡⊞⊞⋈⊤⊥⊡⊞⊞⊤⊥⊞⊞⊤⊥⊤∈⋈⋈⋈⊞⊞⋈⊞⊞⊞⋈⋈⊞⊞⋈⊞⊞⊞⋈⋈⊞⋈⊙⋈⋈∈⋈⋈⋈⋈⋈⋈⋈⋈⊙⋈⋈⋈⋈⊙⋈⋈⋈⋈⋈⋈⋈⋈≻⋈≻⋈⋈⋈⋈≻⋈⋈⊤∈⋈⋈⋈≻∋⋈≻⋈≻⋈⋈⋈⋈≻≺∋⋈⋈⋈⋈⋈⋈⋈⋈⋈⋈⋈⋈⋈⋈≻⋈⋈⋈⋈⋈⋈⋈≻⋈≻⋈⋈⋈⋈⋈⋈≺∋⋈⋈⋈⋈≻∋⋈⋈⋈⋈⋈⊤∈⋈⋈⋈≻∋⋈≻⋈≻⋈⋈⋈⋈⋈⋈≺∋⋈≻≺⋈⋈⋈⋈⋈∋⋈≺⋈⋈⋈⋈⋈⋈⋈⋈≺∋∋∋∋⋈⋈⋈⋈≻≺⋈⊤∈⋈⋈⋈⋈⋈≻⋈≺∋⋈⊞⋈≺∋⋈⋈⋈⋈≻⋈⊤∈⋈⋈≺∋⋈⋈⋈⋈⋈≻⊤⋈⊥⊤∈⋈⋈⊙⊤∈∋⋈⋈≻⋈⋈⋈⋈∋⋈⋈⋈≺⋈⋈⋈⋈≻⋈⋈⋈⊤∈⊤∈⊤∈⊞⊤∈⋈≺∋⊤∈⊤∈∋⋈⋈≻⊤∈⋈⋈≻⊞⊤⊥⊤∈∋∋⋈⋈⋈≻⊤⋈⊥⊤∈⋈⋈⋈≻≺⊞⋈⋈⋈⋈⊤⋈∈⋈⊞⊞⋈⋈⊞⋈⋈⋈⊞⋈⋈⋈∈⋈⋈⋈⋈⋈⋈⋈≻⊤⊥⊤∈⋈⋈⋈⋈⋈⋈⋈≻⋈⋈⋈⋈⊤∈⋈⋈⋈⋈⋈≺∋⋈≻⋈⋈⊤∈∋⋈⋈⋈⋈⋈⋈⋈⋈⋈≺⋈⋈⋈⋈⋈⋈⋈⋈≻⊤⊥⊤∈⋈⋈⋈⋈⋈⋈⋈≻⋈⋈⋈⋈⊤∈⋈⋈⋈⋈⋈⋈≺∋⋈≻⋈⊤∈∋⋈⋈⋈⋈⋈⋈⋈⋈⋈⊤⋈∈⋈⋈⋈⋈≻∋∋⋈⋈⋈≻⋈⋈⋈⋈≻≺⋈⋈⋈⋈⋈⋈⋈⋈⊤∈⋈≻⋈⋈∋⋈⋈⋈⋈⋈⋈⋈⋈⋈⋈⊞⋈⋈⊞⊤⋈∈∋⋈⋈⊤∈⋈≺∋⋈⋈⋈⋈⋈⋈⋈⋈⋈⊙⋈⋈⋈⋈≻⋈≺∋⋈⋈⋈≻⋈⋈⋈⋈⊤∈⋈⋈⋈⋈⊙⋈⋈⋈⋈⋈⋈⋈⋈⋈≻⋈⋈⊤∈⋈⋈⋈⋈⋈⋈≻⋈⋈⊤∈∋⋈⋈⋈⋈⋈⋈⋈⋈≻⋈⋈⋈⊤∈⋈⋈⋈≺∋⋈⋈⋈⋈⋈⋈≻⋈⋈⋈⊤∈⋈⊤∈⊤∈⊞⊤∈⋈⋈⋈≻⋈⋈⋈⋈≻≺⋈≺∋⋈⋈⋈⋈≻⊞⊤⊥≺∋⋈⋈⋈⋈⋈⋈⋈⋈⊙⋈⋈⋈⋈⊙⋈⋈⋈⋈⋈⋈⋈∋⋈⋈≺⋈⋈⋈⋈∋⋈≺∋⋈⋈≻≺⋈⋈⋈≻⋈≺≺∋∋⋈⋈⋈⋈≻⋈⋈⋈⋈≺⋈⋈⋈≺∋∋∋⋈⋈∋∋∋∋∋⋈⊤∈⋈⋈⋈≻∋∋⋈⋈⊤∈⋈⋈⋈⋈⋈⋈⋈⊙⋈⋈⋈⋈⋈⋈⋈⋈⋈⋈⋈⋈⋈⊙⋈⋈⋈⋈⋈≻⊤∈⋈⋈⋈≻⊤⋈⊥⊤∈⋈⋈⊙⊤∈∋⋈⋈≻⋈⋈⋈⋈⋈⋈⋈≺⋈⋈⋈⋈⋈⋈⋈⋈⋈≻⊤⊥⊤∈⋈⋈⋈⋈⋈⋈⋈⋈⋈≻⋈⋈⋈⋈⊤∈⋈⋈⋈⋈⋈⋈⋈≺∋⋈≻⋈⊤∈∋⋈⋈⋈⋈⋈⋈≺⋈⋈⋈⋈⋈⋈⋈⋈⋈⋈⋈≻⊤⊥⊤∈⋈⋈⋈⋈⋈⋈⋈⋈≻⋈⋈⋈⊤∈⋈⋈⋈⋈⋈⋈⋈⋈≺∋⋈≻⋈⊤∈⋈⋈⋈⋈⋈⋈⋈⋈⋈⋈⋈⋈⋈≻⋈⋈⋈⋈⋈⊤∈⋈⋈⋈⋈⋈⋈⊤∈⋈⋈⋈≻∋⋈⊤⋈∈⋈⋈⋈≻∋⋈⋈⋈⋈⋈≻⊤⊥⊤∈⋈⋈⋈⋈⋈⋈⋈≻⋈⋈⋈⊤∈⋈⋈⋈⋈⋈⋈⋈⋈≺∋⋈≻⋈⊤∈⋈⋈⋈⋈⋈⋈⋈⋈⋈≻⋈⊤∈⋈⋈⋈⋈≻∋⊤∈⋈⋈⊤∈⋈⋈⋈≻≺⋈⋈⋈≻⋈≺⋈≺∋⋈⋈⋈⋈∋⋈⊤∈⋈≺⋈⋈⋈⋈⋈⋈⊤∈⋈⋈⋈≻≺⋈≺∋⋈⋈⋈⋈⋈⋈∋∋⋈⊤∈⋈∋⋈⋈≻∋∋∋⋈⊤∈∋⋈⋈⋈⋈⋈⋈≺∋∋∋⋈⋈⋈≻⊤⋈⊥⊤∈⋈⋈⊙⊤∈∋⋈⋈≻∋⋈⋈≻⋈⋈⋈⋈⋈⋈⊞⋈⋈⊤⋈⋈⊥⋈⋈⊥∈⋈⋈⊙⊤∈⋈⋈≻⊡⊡⋈⋈⋈⋈⋈≺⊤⋈∈⋈⋈⋈⊞⋈⊞⋈⊞⋈⊞⋈⋈⋈⋈⋈⋈⋈⊞⋈⋈⋈≻⋈⋈⋈⋈≻⋈⋈⊞⊞⋈⊞⋈⊞⋈⊞⊞⊞⊞⊞⊞⊞⊞⊞⊞⊞⊞⊞⊞⊞⊞⊞⊞⊞⊞⊞⊞⊞⊞⊞⊞⊞⊞⊞⊞⊞⊞⊞⊞⊞⊞⊞⊞⊞⊞⊞⊞⊞⊞⊞⊞⊞⊞⊞⊞⊞⊞⋈⊞⊞⊞⊞⋈⊞⋈⋈⋈⊞⊞⊞⊞⊞⊞⋈∈⊞⊡⊞⊞⊞⊤∈⋈⊡⋈⋈⊡∈⊞⊞⊞⊞⋈⊤∈⋈⊞⋈⋈⋈⋈⋈⊙⋈⋈⊤∈⋈⋈⋈⋈⋈≺∋⋈⊞⋈⋈⊡⋈⊞⋈⊡∈∋∋⊞⊞⊤⋈⋈∈∋⋈⋈⋈⋈≻⋈⋈⋈⊤∈⋈⊞∈⊤∈⋈⊤∈⋈⋈⊙⊤∈∋⋈⋈≻⋈⋈⋈⋈⋈⋈⊞⋈⊤⋈⋈⊥∈⊤∈⋈⋈⋈≻⊤∈⋈⋈⋈⋈⊙⋈⋈⋈⋈⊞∋⋈⋈≻⋈⋈⋈⊞⊞⋈⋈⋈⋈⋈⋈⋈≻⊤∈∋⋈⊞⊞≺⋈⋈⊙⊤∈⋈⋈≻⋈⋈⋈⋈⋈⋈⊞⋈⋈⋈⋈⋈≻⊤⋈⊥⋈⋈⋈⋈≻⋈⋈⋈⊤∈⋈⋈⋈⋈⋈≻⊤⊥⋈⋈⋈⋈≻⋈⋈⋈⊤∈⊤∈⋈⊞∈⊤∈⋈⊞∈⊞∈⋈≻∋⊤∈⋈⊞⋈⊞⋈⋈≻⋈⊤∈∋⋈⊞⊞⋈∈⋈⊤⋈⊥⊞⊞⊤∈∋≺∋⋈⋈⋈⋈≻⋈⋈⋈⋈≻⋈⋈⋈⋈≺⊤⋈∈∋∋⋈⋈⊙⊤∈⋈⋈≻⋈⋈⋈⋈⋈⋈⊞⋈⊞⋈⋈⋈⋈⋈⊞⋈⊤∈⋈⊤∈⋈⋈≺⊤∈⋈⊞⋈⋈≺∋∋⋈⊤∈⋈⋈≺⊤∈⋈⊞⋈⋈≺∋∋⊤∈⊞⊙⊤∈⋈⊤∈⋈⋈≺⊤∈⋈⊞⋈⋈≺∋∋⋈⊤∈⋈⋈≺⊤∈⋈⊞⋈⋈≺∋∋⊤∈⊞⊙⊤∈∋∋∋∋⋈⋈⋈⋈≻⋈⋈⋈⋈⋈⊤∈⋈⋈⋈⋈⋈⋈⋈≻⋈⋈⋈⋈⋈⋈⋈⋈⋈⋈⋈⋈⋈≻⊡⊡⋈⋈⋈⋈⋈⋈⊤∈⊞∈⋈⊤∈⋈⋈⋈≻∋⋈⊤∈⋈⋈⋈≻∋⊞⊞∈∋∋⋈⋈⋈⋈⊤∈⊞∈⋈⋈⋈⋈≻⊞⊞∈∋∋∋⊤∈⋈≻⋈⊤∈⋈⋈⋈⊤∈⋈⋈⋈⋈≺⋈⊤∈⋈⋈⊞⋈⋈⋈⋈≺∋∋⋈⊤∈⋈⋈≺⊤∈⋈⊞⋈⋈≺∋∋⊤∈⋈⊞⊙⊤∈⊤∈∋∋∋⋈⋈⊙⊤∈⋈⋈≻⋈⋈⋈⋈⋈⊡⊡⋈⋈⋈⋈≻⋈⋈⋈⋈⋈⋈⊤⋈∈⊤⋈⋈∈⋈⋈⊤⋈∈⋈⊞∈⋈⋈⊞⋈⊡⊞⋈⊞⊤⋈∈∋⋈⋈⋈⊙⊤∈⋈⋈⋈⊡⊡⋈⋈⋈⋈≺⋈⋈⊞⊞⋈≺∋⋈⋈⊞≺∋⋈⊞⋈⊞⊤⊞⊞⋈⋈⋈⋈⋈⋈≻⊤∈⋈⋈⋈⋈⋈≻⊞⊞⋈⋈⋈⊞⋈⊞⋈⋈⋈⋈⊤⋈⊥⋈⊤⋈⋈⋈⋈⋈⊥⋈⋈⋈⋈⋈∈⊤∈⊤∈⊡⊡⋈⊞⊞⋈⋈⋈⋈∈⊤⋈⊥⋈⋈⊞⊞⋈⊞⊞⋈⊞⊞⋈⋈⋈⊙⋈⊞∈∋⋈⋈⊤∈⋈⋈⋈⋈⋈≺∋⋈⊤∈⋈⋈⊡≺∋⋈⋈≻⋈⋈⊤∈⋈⋈⋈⋈⋈⋈≺⋈⋈⋈≺∋⊤⋈⋈⊥⋈⋈⋈∋⊤⋈⊥⊥⊤∈⊞∈⊤∈⊞⊤∈⋈⊤⋈∈∋∋∈∋⋈⊤∈⋈⋈⋈≻∋⋈⋈≺∋≺∋⋈⋈⋈⋈≻⋈⊤∈⋈⋈⋈⋈⋈⋈⊞⋈≻⊤⋈∈⋈⋈⋈⋈⋈⋈⊞⋈⊞⊥⋈⊤⊥⋈⊥⊥⋈⊞⋈⋈∈⋈⊤∈⋈⊞⊤⊥⊞⊤∈⊞⋈⊞⊥≺∋⋈⋈⊤∈∋≺∋⋈⋈⋈⋈⊤∈⋈⋈⋈⋈⋈⋈⊙⊤∈⋈⋈⊡⊡⋈⋈⋈≻⋈⋈⋈≺∋∋⋈⋈⋈⋈⋈⋈⊤∈∋⋈⋈⋈⋈⋈⋈≻⋈⋈⋈∋⋈⊤∈⋈⋈⋈⋈⋈⋈⋈⋈⋈⋈⋈⊤∈⋈⋈⊞≻≺∋⋈⋈⋈⋈⋈≻⊞⋈⋈⋈⋈⊞⊡⋈⊡⋈⊡⋈⊡⋈⋈⋈⋈⋈⋈⋈⋈⋈⋈⋈⋈⋈⋈⋈⋈⋈⋈≻⋈⋈∈⋈⊞⊤∈∋⊤⋈⋈∈⋈⊤⋈⋈∈⊤⋈∈⋈≺⊤∈⋈⋈⊞⊥⋈⊞⊤⊥⊞∈⊞∈⋈⋈≻∋⊤∈∋⋈⋈⋈⋈⋈⋈≻⋈⊤∈∋⋈⋈⋈⋈⋈≺∋⋈⊙⋈⋈⋈⋈≺⋈⋈≺∋∋∋⋈⋈⋈⋈⋈⋈⋈⋈⊤⋈⋈∈⊤∈⋈⊞⊞⋈⊤∈⋈⊞⊤∈⋈⊡⊞⋈⊞≺∋⊞∈⋈⊤⊥⋈⊥⋈⋈⊥⋈⋈⊞⊞⊞∈⋈⊞⊤⊥⊞⊤∈⊞⋈⋈⊞⊥≺∋⊞⋈⋈⋈≻⊞⊤∈∋∋∋∋∋⋈⋈⋈⋈⋈⋈⋈≺∋⋈⋈⋈⋈≻⋈⋈⋈⋈⋈⋈⋈⋈≻⋈⋈⋈⊡⊡⋈⋈≻⋈⊤∈⊞⋈⊤∈⋈⋈⊤∈⊞⋈⋈⋈⋈⋈⋈⋈≺∋⋈⊞⊤∈∋⊞⋈⊞⊥≺∋⊤⊥∈⋈⋈⋈⋈≺∋⊞∈∈⋈⊤∈⊤∈⋈⋈⋈⊤∈⋈⋈⋈≺∋⋈⋈⋈⋈≻⋈∋∋⊤∈⋈⋈∋⋈⋈⋈⋈⋈⋈⋈⋈⋈⋈≻⋈⋈⊞⊤⊥⋈⋈⊤⋈∈⋈⋈⋈≻∋⊤∈⋈⋈⋈⋈≻∋⋈⋈≻⊞⋈⊞⊤⊥⊞⊞⋈⊤∈∋⋈⋈⊞⊥⋈≺∋⋈⋈≺∋⋈⋈∋⋈⊤∈∋⋈⋈⋈⋈≻≺∋⊡⊡⊞⊡⋈⋈⊤∈⊞⋈⋈⋈⋈⋈⋈⋈⋈⋈⋈⋈⋈⋈⋈⋈∈⋈⊞⋈≻⋈⊤∈⊞⋈⋈⋈≻⋈⊤∈⊡⋈⋈⊤⋈∈⊤∈⊤∈∋⋈⋈⋈≻⋈⊤∈⊡⊡⋈⋈⊞⊞⋈⋈⋈⋈⋈⋈≻⋈⋈⋈⋈⊤⊥⋈⋈⊤⊥⋈⋈⊞⋈⊞⊞∈⋈⋈⊤⋈⋈∈⋈⊤⋈∈⋈⊤∈⊤⋈∈⊞⊤∈⋈⊞⋈⋈⋈≻⊤∈⋈≺∋⋈⋈⋈⋈⊙⋈⋈⋈⋈≺⋈⋈⋈≺∋⋈⋈⋈⋈⋈≺∋∋⋈⋈⋈⋈≻⋈⋈⋈⊤∈⊤⋈∈⋈⋈⋈⋈≻⊞⋈≺⊤⋈∈∋⋈⋈⋈⊞⋈⊞⋈⋈≺∋∋⋈⋈⋈⋈⊞⋈⋈⋈⋈⋈⋈⋈⋈≻⋈⋈⋈⋈⋈⋈⊤∈⊡⊡⊤∈⋈⋈⋈⋈≻∋⋈⋈⊤⋈⋈∈≺⋈⋈⋈⋈⋈⋈⋈⊡⋈⊡⋈⊤∈⋈⋈⋈⋈≻∋⋈⊤⋈∈⋈⋈⋈⋈⋈≻⋈⋈⊤⋈∈⋈⋈⋈⋈≻∋⋈⊤∈⋈⋈⋈≻∋⊞⋈⊞⊤∈∋≺⋈⋈≻⋈⋈⊞⊤⊥⋈⋈⋈⊤∈∋⋈⋈⋈≻∋⊤⋈∈∋⋈⋈⋈⋈⋈⋈≺⋈≺∋⋈∋⋈≺∋⋈⋈≻⋈⊤∈⋈⋈⋈≻⋈⊤∈⊡⋈⊡⋈≺⋈⊤∈⋈⋈⊙⊤∈⋈⋈⊡⊡⋈⋈⋈⋈⊞⋈∈⋈⊤∈⋈⋈⊤∈∋⋈∋⋈⊤∈⋈⊞≻≺∋⋈⋈⋈⋈⋈⋈⊡⊡⋈⋈⋈⋈⋈⊞⋈≻⋈⊤∈⋈⊤∈⋈⊡⊞⊞⋈∈⊤∈∈⊡⊞⊞⊞⊤∈∋⊞∋⊞⊞⋈⋈⋈⊤∈⋈⋈⋈⋈≻∋⋈⊞⋈⊞∈∋∋⋈⋈⊞⊞⊤⋈⋈⋈⋈∈⋈⊞⊙∋∋⋈⊡⊡⋈⋈⊞⊤∈∋≺⋈⋈⋈⊡⊞⋈∈⋈⊤∈⋈≺⋈⋈⊞⊤∈∋⋈⋈⋈⋈⊤∈⋈⊞≻≺∋⋈⋈⋈⋈⋈⋈⋈⋈⋈⋈⋈⊞⋈⋈∈⋈⊞⋈⊞⋈⋈⋈⋈⊞⋈≻⊡⋈⋈⋈⋈⋈⋈⊡⊞⊞⊤∈∋⋈⋈⋈⋈⊙⋈⊤∈⋈⊤∈⋈⊡⊞⊞⋈∈⊤∈∈⊡⊞⊞⊞⊤∈∋⊞∋⊞⊞⊞⋈⋈⋈⊤∈⋈⋈⋈≻∋⋈⋈⊤∈⋈⋈⋈≻∋⋈⊞⋈⊞∈∋∋⊞⊞⊞⊞⊤⋈⋈⋈⋈∈⋈⊞⊙∋∋⋈⋈⋈≻⋈⋈≻⋈⊤∈⋈⋈⋈≻∋⊞⊡⋈⋈∈⊡⋈⊞⊤∈∋⋈⋈⊙⋈⊞∈⋈⊞⋈⋈⋈⊞⋈⊞⊞⋈⋈⋈⋈⋈⊞⋈⊞⋈∈⋈⋈⊞⋈⋈⋈⊞⊞⋈⋈⋈⊞∈⋈⋈⊤∈⋈⊤∈⋈⊤∈⊤∈⊤∈∋⊞⋈≺∋∋∋∋⋈⊞⋈⋈⋈⋈⋈≻⋈⋈⋈≻⋈⊞⊞⋈⊤∈⋈⊤∈⋈⊤∈⊤∈⊤∈∋⊞⋈≺∋∋∋⋈⋈⋈⋈≻⋈⋈⋈⋈≻⋈⋈⋈≻⋈⋈⊤∈⋈⊤⋈∈⊤⋈∈⊤∈∋⊞⋈≺⋈⋈⋈⋈≻⋈⋈⋈≻⋈⋈⋈≻⋈⋈≺∋∋∋∋⋈⋈⋈≻⋈⋈⋈⋈≻⋈⋈⊤∈⋈⋈⊤∈⋈⊤∈⊤∈⊤∈∋⊞⋈≺∋∋∋∋⋈⋈⋈⋈≻⋈⋈⋈≻⋈⋈⋈⋈≻⋈⋈⋈⋈⋈⊤⋈∈⋈⊤∈⋈⊤∈⊤∈⊤∈∋⊞⋈≺∋∋∋∋⋈⋈⋈≻⋈⋈⋈≻⋈⋈⋈⋈⋈⋈⊤⋈∈⋈⊤∈⋈⊤∈⊤∈⊤∈∋⊞⋈≺∋∋∋∋⋈⊞⋈⋈⋈≻⋈⋈⋈≻⋈⋈⋈≻⋈⋈⋈⋈⋈⋈⋈⋈⋈⋈≻⋈⋈⋈⋈⊡⊡⋈⊤∈⋈⋈⋈≻∋⊞⊤⋈∈∋⊡⋈⊤∈∋⋈⋈⋈⋈⋈⋈⋈⋈⋈⋈⋈⋈⋈⋈⋈⋈⋈⋈≻⋈⋈⋈⋈⋈⊡⊡⋈⋈⋈⋈⋈⋈≻⋈⋈⋈≻⊤⋈∈⋈⊞⋈⋈∋⋈⋈⋈⋈⊤∈⋈⋈⋈≻∋⋈⊤∈⋈⋈⋈≻∋⊤∈⋈⋈⊞⋈⊤∈⋈⊙⊤∈⋈⋈≻⋈⊡⊡⋈⋈⊤∈⋈⋈⋈⋈≻∋⋈⋈∈⋈⊤∈⋈⋈⋈≻∋⊞⊤∈∋⋈⋈⋈⊤⋈∈⊤∈⋈⋈⋈≺⊤∈⋈⋈⋈⊤⊥⋈⊤⊥⊞∈⊤∈⋈⊞⋈⋈⋈≻⊤∈⋈≺⋈≺∋⋈⋈⋈⋈⊙⋈≺∋⋈⋈⋈⋈⋈≺⋈⋈≺∋∋∋⋈⊤∈⋈⋈⋈≻⋈∋⋈⋈⋈⊤∈⋈⋈⋈⋈≻∋⋈⊞⋈⊤⋈⋈∈∋≺⋈⋈⋈⋈⋈⋈⋈⊙⋈≺∋⋈⊤∈⋈⋈⋈≻∋⋈⋈⊤∈⋈⋈⋈⊙⋈⋈⋈⋈⋈⋈⋈⋈⋈⋈∈⋈⋈⋈⊤∈⊤∈⋈≺⋈⊤∈⋈⋈⊤⊥⋈⊞⊤⊥⊞∈⊤∈⋈⊞⋈⋈⋈≻⊤∈∋⋈≺⋈≺∋⋈⋈⋈⋈⊙⋈⋈⋈⋈≺∋⋈⋈≺∋∋⊡⋈⋈⊡⋈⋈⋈⋈⋈⋈⋈≻⊞⊤∈∋⋈⋈⋈⋈⊤⋈∈⋈⊙⊤⋈⋈∈⋈⋈⊡⋈⊡⋈⋈⋈⋈⋈≻⋈⋈≻⋈⋈⊤∈⋈⋈⋈≻∋⋈⋈⋈⋈⋈⋈⋈⊞⋈⋈≻⋈⊤∈⊤∈⊤∈∋⊞⊞⋈⋈⋈⋈⋈⋈⋈⋈⋈≻∋⋈⋈⋈≻≺∋⊤∈⋈≻∋⋈⋈⊡⊡⋈⋈⋈≻⊤⊥⋈∈⋈⊤⋈⋈⊥⊤∈⋈⋈⋈≺∋⊤⊥⊤∈∋⊤∈⋈⋈∈⋈⋈∈⋈∈⊤∈⋈⋈⋈⊤⋈∈∋⋈⋈∈∋⋈≺∋⋈≺≺∋∋∋∋⋈⋈⋈⋈⋈⊤∈⋈⋈⋈≻∋⋈⊞⋈∈⋈⋈⋈⋈⋈⋈⋈⋈⋈∈⋈⋈⊤∈⊤∈⋈⊤∈⋈⋈⊤⊥⋈⊞⊤⊥⊞∈⊞⊤∈⋈⊞⋈⋈⋈≻⊤∈⋈≺∋⋈⋈⋈⋈⊙⋈⋈≺⋈⋈⋈⊤∈∋⋈∋⋈⋈⋈⋈⋈≺≺∋⋈⋈⋈⋈∋⋈⋈⋈⋈≻⊞⊤⊥⊞⋈⋈⋈≻⋈⋈⋈⋈⋈≻⊞⊤⊥⊞⋈⋈≻⋈⋈⋈≻⋈⋈⋈⋈≻⋈⋈⋈⋈⊡⋈⋈⋈⊡⋈⋈≻⊞⊞⊤∈∋≺⋈⋈⋈⋈⋈⋈⋈≻⋈⋈⋈⋈⋈⋈⋈≻⋈⋈⋈⋈⊤∈⋈⋈⊤∈⋈⊤∈⋈⋈⊤⊥⋈⊤⊥⊞∈⊤∈⋈⋈⊞⋈⋈⋈≻⋈⊤∈⋈≺∋⋈⋈⋈⋈⊙⋈⋈≺⋈⋈⋈≺⋈⋈≺∋∋⋈∋⋈⋈⋈⋈⋈⋈≻⋈⋈⋈⋈⋈⋈⋈⋈⋈≻⋈⋈⋈⋈⋈⋈⋈⋈⋈≻⋈⋈⋈⋈⋈⋈⋈⋈⋈⋈⋈⋈⋈≻⋈⋈⋈≻⊤∈⋈⊞⋈∋⊡⋈⋈⋈⋈⋈⋈⋈⋈⋈⋈⊡⋈⊤∈⋈⋈⋈≻∋⋈⊤∈⋈⋈⋈≻∋⋈⊤∈⋈⋈⋈≻∋⋈⋈⋈⋈≻⋈⋈⊞⋈⊞⋈⋈⋈⋈≻⋈⋈≻⋈⋈⊤∈⋈⊤⊤∈⋈⋈⋈⋈⊤∈⋈∋⋈⋈⋈⋈⊤∈⋈∋⊤⊥∈⊤⋈⋈⊥⋈⊤⊥⊤⋈⋈⊥⊤⊥⊞∈⊤∈⋈⊤⋈∈∋⊤∈⋈⋈⋈⋈⋈⊤∈⋈∋⋈⋈⋈⋈⊤∈⋈∋⊤⊥∈∋⊤⋈⋈∈≺⊤⋈⋈⊥⋈⊤⊥⊤⋈⋈⊥⊤⊥⊞∈⊤∈∋∋⋈⋈⋈⊤⋈∈∋⋈≺∋⋈∈∋⊤∈⋈⋈⋈≻∋⋈⋈⊤∈⋈⋈⋈≻∋⋈⊙⋈⊤∈⋈⋈⋈⋈⋈⋈⋈⊡⊡⋈≺∋∋⊤∈⋈⋈⋈≻∋⋈⊤∈⋈⋈⋈≻∋⊤∈⊤∈∋⋈⊙⋈⊤∈⋈⋈≻∋⋈⋈≻⋈⋈⋈⊡⊡⋈≺∋⋈⋈⊤∈⋈⋈⋈≻∋⋈⋈⊤∈⋈⋈⋈≻∋⋈⊤∈⋈⋈⋈⋈≻∋⋈⋈⋈≺⋈⊤∈⋈⋈⋈≻∋⋈⊞⊤⋈∈∋≺⋈⋈⊤∈⋈⋈⋈≻∋⋈⊤∈⋈⋈⋈⋈≻∋⋈⋈⋈⋈≺∋∋⋈⊤⋈∈⋈⋈⋈≻∋⊤∈⋈⋈⋈⋈≺⋈⋈⋈∈⋈⊤∈⊤∈⋈⊤∈⋈⋈⊤⊥⋈⊤⊥⊞∈⊞⊤∈⋈⊞⋈⋈⋈≻⊤∈⋈⋈≺∋⋈⋈⋈⊙⋈⋈⋈⋈≺⋈⊤∈∋∋⋈⋈⋈⋈⊤∈⋈⊤∈⋈⋈≺⊤∈⋈⊞⋈⋈≺∋∋⊤⊥⊤∈⋈⊤∈⋈∋⋈⊤⊥⊞⊙⊤∈∋∋⋈⊤∈⋈⋈⋈⋈≻∋⋈⋈⊤∈⋈⋈⋈⋈≻∋⋈≺∋⋈⋈⊡⊡⊤∈∋⋈⊙⊤∈⋈⋈≻⋈⋈⋈⋈⊡⊡⋈⋈⋈⋈⋈⋈⋈⋈≺∋⊞⊞⊤∈∋⋈⋈⋈⋈∈⋈⋈⊤∈⊤∈⋈⋈⊤∈⋈⋈⊤⊥⋈⊞⊤⊥⊞∈⊞⊤∈⋈⋈⊞⋈⋈⋈≻⋈⊤∈∋⋈≺∋⋈⋈≻∋⊞⋈≺∋⋈⋈⋈⋈⊙⋈≺⋈⋈≺⋈≺∋∋⋈∋⋈⋈⋈⋈⋈⋈⋈⋈⊤⋈⋈⊥⊤⋈⊥⊤∈⋈⋈⋈⋈⋈⋈⋈≻⋈⋈⋈⋈⋈⋈⋈⋈⋈⋈⋈≻⋈⋈⋈⋈≺∋⋈⊤∈⋈⋈⋈⋈≻∋⊡⊡⋈⋈⊞⊤∈∋≺⋈⋈⊡⊡⋈⋈⋈⊤∈⋈⋈⊤∈⋈⋈⋈⋈⋈⋈⊤∈∋⋈⊙⋈⊤∈∋⋈⋈≻⋈⋈⋈⋈⋈⊡⊡⋈⋈⋈≺⋈⋈⋈⋈≺∋⋈⋈⊞⊤⋈⋈⊥⋈⊤⊥⊥⋈⋈⊞∈⋈⊤∈⊤∈⊤∈⋈⋈⊞∈⊞⋈⊡⊞⊞⊤∈∋⋈⊙⋈⊤∈⋈⋈⋈⊡⊡⋈⋈⋈⋈⋈≺⋈⊞⊞⋈≺∋⊞≺∋⋈⋈⊞⊞⊤⊞⊞⋈⋈⋈⋈⋈≻⋈⊤∈⋈⋈≻⋈⊞⊞⋈⋈⊞⋈⊞⋈⋈⋈⋈⋈⋈⋈⊤⋈⋈⊥⋈∈⊤∈⊤∈⊡⊡⋈⊞⊞⋈⋈⋈⋈∈⊤⋈⊥⋈⋈⊞⊞⋈⊞⊞⋈⊞⊞⋈⋈⋈⊙⋈⊞∈∋⋈⋈⊤∈∋⋈⊤∈∋⋈⋈⋈≻⋈⋈⋈⊡≺∋⋈⋈⋈≻⋈⋈⊤∈⋈⋈⋈⋈≺⋈⋈≺∋⊤⋈⋈⊥⋈⋈∋⋈⊤⋈⋈⊥⊥⊤∈⊞⋈∈⊤∈⊞⊤∈⋈⊤⋈∈∋∋∈∋⋈⊤∈⋈⋈⋈≻∋⋈≺∋≺∋⋈⋈⋈≻⋈⊤∈⋈⋈⋈⊡⊡⊤⋈⋈⊥⋈⊤⊥⊥⋈⋈⋈⋈⋈⊞∈⋈⊞⋈≻⋈⋈⋈⋈⊤∈⋈∋⊤∈⊤⋈⋈⊥⋈⊤⊥⋈∈⊤∈⊞⊤∈⋈⊤⋈∈∋∋∈∋⊞⊡⊤∈∋⋈⊙⋈⊤∈∋⋈⋈≻⋈⋈⋈⋈⋈⊡⊡⋈⋈⋈⋈≺≺∋⋈⋈∋⊤∈⋈⋈⋈⋈≻∋⋈⊤∈⋈⋈⋈⋈≻⋈⋈⋈≺⋈⊙⋈⊤∈⋈⋈⋈⊡⊡⋈⋈≻⋈⋈⋈≺∋∋∋∋⋈⋈⊤∈⋈⋈≺⊤∈⋈⊞⋈⋈⋈≺∋∋⊤∈⋈⋈⊙⊤∈⋈≺∋∋⋈⊤∈⋈⋈⋈⋈≻∋⋈⊤∈⋈⋈⋈⋈⋈⊤∈∈∋⋈⋈⋈≻⋈⋈⋈⋈⋈⊞⋈⋈≻⋈⋈≻⊤∈⊤∈∋⋈⋈⋈≻∋⋈≺∋⋈⋈≻⋈⋈⋈⋈⋈≻⋈⋈⋈⋈≻⋈⋈⋈⊤∈⋈⋈⋈≻∋⊡⊡⋈⋈⋈⋈⊡⋈⋈≻⋈∈⋈⋈⊞⊤∈∋⋈⋈⋈⋈⋈⋈⊙⋈⋈⋈⊙⋈⊤∈⋈≻∋⋈⋈⊞⋈⋈⋈⊙⋈⋈⊞⋈⋈⊡⋈⋈≻⋈⋈⊞⊤⊥⋈⋈⋈⋈⋈⊤∈⋈⋈⋈≻∋⋈∈⋈⋈⊤∈⋈⋈⋈≻∋⊞⊤∈∋⋈⋈⋈⋈⋈≺⋈⋈⋈≻⋈⋈⊤∈⋈⋈⋈≻≺⋈⋈⋈≻≺∋∋∋⋈⋈⋈⋈≺∋∋⋈∈⋈⊤∈⋈⋈⋈≻∋⊞⊤∈≺∋∋⊡⊞≺∋≺∋⋈⋈⋈⋈⋈∋⋈∈⋈⊤∈⋈⋈⋈≻∋⋈⊤∈⋈⋈⋈≻∋⊞⊤∈∋⋈∈⋈⊤∈⋈⋈⋈≻∋⊞⊤∈∋⋈⋈⊤∈∋∋⋈⋈⋈⋈⋈⋈∋⋈⊤∈⋈⋈⊙⊤∈⋈⋈≻⋈⋈⋈≺⋈⋈⋈⊞⊤⊥⋈∈⋈⋈⋈⋈⋈≻⋈⋈⋈⊞⊞⋈⋈⋈⋈⋈⋈⋈≻⋈⋈⋈≻⊤⋈∈⋈⋈⋈⋈≻≺∋∋⊞⋈⋈⊤∈⋈⊤∈∋⋈⋈⊙⊤∈∋⋈⋈≻∋⋈≺∋⋈⋈≻⋈⋈⋈⋈⋈∋⋈⋈⋈⋈⋈≺⋈⋈⊤∈⋈≺∋∋⋈≻∋⋈⋈≻∋⋈⋈≻∋⋈⋈⋈≻∋∋⋈⋈≻⋈⋈⋈⋈⊡⊡⋈⊡⋈⋈⋈≻⋈∈⋈⊞⊤∈∋⋈⋈⋈⋈≻⋈⋈⊞⊤⊥⋈⋈⊤⋈∈∋⊤∈⊤∈⋈⊤∈∋∋⋈⋈⊙⊤∈∋⋈⋈≻∋∋⋈⋈≻∋⋈≺∋⋈⋈≻∋⊞∋⋈⋈≻∋⊞∋⋈⋈≻∋∋∋⊡⊡⋈≺∋⋈⋈⋈⋈⋈⊡⊡⋈⋈⋈⋈≻⋈⋈⊤∈⊤∈⋈⊤∈⋈⋈⊞⊥⋈⊞⊤⊥⊞∈⊤∈⋈⊞⋈⋈⋈≻⊤∈⋈⋈≺∋⋈⋈⋈⊙⋈≺⊞∋⋈⋈≻⋈⋈≺⋈≺∋∈⋈⋈⋈≻⋈⋈⋈⋈⋈⊤∈⋈⋈⊤∈⋈≻∋⋈⋈⊞⋈⋈⋈⋈⋈⋈⋈⊞⋈⋈⊤⋈∈⋈⋈⊤∈∋⋈⋈⊤⊥⋈⊞⊞⊥⊞∈⋈⊡⊞⊞⊤∈⋈⋈⊡⊞⋈≺∋⊞⊤∈⋈⋈≻⋈⋈⋈⋈⋈⊤∈⋈⋈⋈⋈⋈⋈⋈⋈⋈⋈⋈≻⋈⊤∈⋈⋈⋈≻∋⋈⋈⋈⊤∈∋⋈⋈⊡⋈⋈⋈⋈⋈⊡⋈⋈⋈⊤∈⋈⋈⋈⋈⋈⋈⋈⋈⋈⋈⋈⋈⋈⋈≻⋈⋈⋈⋈⋈⋈⊤∈∋⋈⋈⋈⋈⋈⊡⊡⊡⋈⋈⋈⋈⋈⋈≻⊤∈⋈⋈≻⊤∈∋⋈⋈≻⊤∈⋈⋈≻⊤∈∋⋈⋈⋈⋈≻⋈⋈≻∋⋈⋈⋈⊙⋈⊤∈⋈⋈⋈⋈≻∋⋈⊤∈⋈⋈⋈⋈≻∋⋈⊤∈⋈⋈⋈⋈≻≺⊡⊡⋈⋈⋈≺∋⋈⊤∈⋈⋈⋈⋈≻∋⋈⊤∈⋈⋈⋈⋈≻∋⋈⊤∈⋈⋈⋈⋈≻∋⋈⋈≺⋈∋∋⊡⋈⋈⋈⊡⋈⋈⋈⋈⊙⊤⋈⋈∈≺⋈≺⋈⋈⋈⋈≺∋∋∋⋈⋈⊙⊤∈⋈⋈≻∋⋈⋈≻∋⋈⋈≻∋⋈≺∋⋈⋈≻∋⋈∋⋈∋⋈⋈⋈⋈⊙⋈⋈⋈∋⋈∋⋈⊡⊡⋈≺∋⋈≺∋∋⋈⋈⋈⊡⊡⋈⋈⋈⊤∈⋈⋈⋈⋈≻≺∋∋∋∋⋈⊤∈⋈⋈⋈≻∋⋈∋≻∋⋈⋈⋈⊙≺≺∋⋈⋈⊡⊡≺∋⊞⋈∋⊞⋈⋈⋈⋈⋈⋈⊣⋈⋈⋈⋈⋈⋈⋈⋈⋈⋈⋈⋈≻⋈⋈⋈⋈≺∋⋈⋈⋈⋈⊞⋈⋈⋈⋈⋈⋈≺⋈⋈⋈⋈∋⊞⋈⋈⋈⋈⋈⋈⊣⋈⋈⋈⋈⋈⋈⋈⋈⋈⋈⋈⋈∈⋈≻⊤∈⋈⋈∋⊤∈⋈⋈⋈⋈⋈⋈⋈⋈≻⋈⋈⋈⋈⊞≺∋⋈≺∋⊞⋈⋈⋈⋈⋈⋈⊣⋈⊤∈⋈⋈⋈⋈⋈≻⋈≺∋⋈⊞⋈≺∋⋈⋈⋈⋈⋈⋈⋈⋈⋈⋈⋈⊞⋈⋈⋈⋈⋈⋈≺⋈⋈≺∋⋈⋈⋈⋈≻⊞⊤⊥⋈≺∋⋈⋈⋈⋈⋈⋈≻⋈⊤∈⋈⋈⋈≻≺∋⋈⋈⊞⋈⋈⊞⊞⊞⊞⊞⊞⋈⊞∈⊞⊡⊞⊞⊞⊤∈⋈⋈⋈⋈⊡⋈⋈⊡∈⋈⊞⊞⊞⊞⋈⊤∈⋈⊞⋈⋈⋈⋈⊙⋈⊤∈∋⋈⋈⊞⋈⋈⋈⋈⊡⊞⋈⋈⊡∈∋∋⊤⋈∈⊞⊤∈⊞⊞⊞⊞∋⊞⊞⊤∈⋈⊤∈⊡⊞⊞⋈≺∋⊞⋈⊡⋈⊞⋈⋈⊡⊞⋈⋈⋈⋈⋈∋⋈⋈⋈⋈⋈⋈⋈≺∋⊞⊞⊞⊞≺∋⋈⋈⋈≺∋∋∋⊞⋈⋈⋈⋈⋈⋈⊣⊞⊞⊞≺∋⋈⋈⋈⋈⋈⋈⋈⋈⋈⋈⋈⋈≻⋈⋈⋈⋈⋈⊤∈⋈⋈⋈⋈⋈⋈⋈≻⊤⊥⊤∈⋈⋈⋈≻⋈⋈⋈⋈≻⋈⋈⋈⊤∈⋈⊤∈⊤∈⊤∈⋈⋈⋈⋈≻⋈⋈⋈⋈≻≺⋈⋈≺⊞⊤⊥⋈≺⋈⋈⋈⋈⋈∋⋈≺∋⋈⋈⋈⋈⋈⋈≺∋∋⋈⋈⋈⋈⋈≺∋∋⋈⋈⋈⋈⋈⋈∋⋈⋈⋈⊞⋈⋈⋈⋈⋈⋈⋈⋈⋈≻⊤∈⋈⋈⋈⋈⋈≻∋⋈∋⋈⋈⋈≻∋⋈⋈⋈≻⊤⊥⊤⋈⋈⊥⋈⋈⊥∈⋈⋈⋈≻⋈⋈⋈⋈⋈⋈≻⋈⋈⋈⊤∈⋈≻⋈⋈≻⋈⋈⋈⋈⋈⋈⋈≻⋈⋈⋈⋈⋈⋈⊤∈⋈⋈⋈⋈⊙⋈⋈⋈⋈⋈⋈⋈⋈≻⋈⋈⋈⋈⋈⋈⊤∈⋈⋈⋈⋈≻⋈⋈⋈⋈⋈⋈⋈⋈⋈⋈⊙⋈⋈⋈≻⊤⋈⊥⋈⋈⋈≻⊤⊥⊤∈⋈⋈⋈≻≺⋈⋈⊞⊞⋈⋈≻⋈⋈⋈⋈⋈⊤∈⋈⋈⋈≻⊤⋈⊥⋈⋈⋈≻⊤⊥⊤∈⋈⋈⋈≻⋈⋈⋈⋈≻⋈⋈⋈⋈⋈⊤∈⋈⋈⋈⋈⋈⊞⋈⊤⊥⋈⋈⋈⋈⋈≻⊤∈⋈⋈⋈⋈⋈⋈⋈⋈⋈⋈≻⋈⋈⋈⋈⋈⋈⊤∈⋈⋈⋈⋈⋈⋈⋈⋈⋈⋈⋈⋈⋈⋈⋈⋈⋈⋈⋈⋈⊙⋈⊞⋈⋈⋈⊞⋈⋈⋈⋈⋈⋈⋈⋈⊞⋈⋈∈∈⋈≻⋈⋈⋈⋈≻⋈⋈⋈⋈⋈⊤∈⋈⋈⋈⋈⋈⋈≺⋈⋈⋈⊙⋈⋈⋈⋈⋈⋈⊤∈⋈⋈⋈⋈⊙⋈⋈⋈⋈⋈≻⋈⋈⊤∈⋈⋈⋈⋈⋈⋈⋈⋈⋈⋈⋈⋈⋈≻⋈⋈⋈⋈⋈⊤∈∋⋈⋈⋈⋈⋈⋈⋈⋈⊞⊞⋈⋈⋈⋈⋈⋈⋈≻⋈⋈⋈⋈⋈≻⋈⋈⋈≻⋈⋈⋈⋈⋈⊤∈∋⋈⋈⋈⋈⋈⋈⋈⋈⊞⊞⋈⋈⋈⋈⋈⋈⋈≻⋈⋈⋈⋈⋈⋈≻⋈⋈⋈≻⋈⋈⋈⋈⋈⊤∈⋈⋈⋈⋈⋈⋈⋈⋈⋈⋈⋈⋈⋈⋈⋈⋈⋈⋈⋈⋈⋈≻⋈⋈⋈⋈⋈≻⊤⋈⊥⊤∈⋈⋈⋈≻⋈⋈⋈⋈⋈≻⋈⋈≻⋈⋈≻⋈⋈≻⊞⋈⊤⊥⋈⋈⋈⋈⋈⋈≻⊞⋈⊤⊥⋈⋈⋈⋈⋈≻⊞⋈⊤⊥⋈⋈⋈⋈⋈⋈≻⊞⋈⊤⊥⋈⋈⋈⋈⋈⋈≻⋈⋈⋈⋈⋈⋈⋈⋈⋈⋈⋈⋈⋈⋈⋈⋈⋈⋈⋈⋈⋈⋈⋈⋈⋈⋈⋈⋈⋈⋈⋈⋈⋈⋈⋈⋈⋈⋈⋈⋈⋈⋈⋈⋈⋈⋈≻⋈⋈≻⋈⋈≻⋈⋈⋈≻⋈⋈⋈≻⋈⋈⋈≻⋈⋈⋈≻⋈⋈⋈≻⋈⋈⋈≻⋈⋈⋈⋈⋈⋈⋈⋈⋈⋈⋈⋈⋈⋈⋈⋈⋈≻⋈⋈⋈≻⋈⋈⋈≺∋⋈⋈≻⋈⋈≻⋈⋈⋈⋈⋈⋈≺∋⊤∈⋈∈⋈≻⊞⊞∈∋∋⋈⋈⋈⋈≻⋈⋈≻⋈⋈⋈⋈⋈⋈⋈⋈≺∋⊤∈⋈∈⋈≻⊞⊞∈∋∋⋈⋈⋈⋈≻⋈⋈⊤∈⋈⋈⋈≻⋈⋈⋈⋈⋈⋈≺∋∋⋈⋈≻⋈⋈≻⋈⋈⋈⋈⋈⋈⋈⋈≺∋⋈≻⋈⊤∈⋈⋈⋈⋈≻∋∋⋈⋈⊤∈⋈⋈⋈≻∋⋈≻⋈⋈⊤∈⋈⋈⋈≻≺⊤∈∋⋈⋈⋈⋈≻≺∋⋈⋈⋈⋈⋈⋈⋈⋈⊤∈⋈⋈⋈≺⋈⋈⋈⋈≻⋈⋈⋈⊤∈⋈⋈⋈≻≺⋈⋈⋈⋈⋈⋈≺∋∋∋⋈⋈≻⋈⋈⋈⋈∋≻⋈⋈⋈⋈⋈⋈⋈≺∋∋∋⋈≻⋈⋈⋈⋈⋈⋈⋈≻≺⋈⋈⋈⋈⋈⋈≺∋∋∋⋈∋⋈⊤∈⋈⋈⋈≻≺⋈⋈⋈⋈⋈⋈≺∋⋈⋈≺∋⊤∈⋈⋈⋈≻≺∋∋⋈≻∋∋⊤∈⋈⋈⋈⋈≻≺∋∋⋈≻⋈⋈⋈⋈⋈≻⋈⋈⋈⋈⋈⋈⋈≺∋⊞⋈⋈⋈⋈⋈⋈⊣⋈⋈⋈⋈⋈⋈⋈⋈⋈⋈⋈⋈≻⊤∈∋⋈⋈⋈⋈⋈⋈⋈⋈⋈⋈⋈⋈⋈≻⋈⋈≻⊞⋈⋈⋈⋈⋈≺∋⋈⋈⋈⋈⋈⊤∈≻≺∋⋈⊤∈⋈∈⊤∈⋈⊡∈∋⋈∋⋈⋈⊤∈⋈⊞⊡∈⋈⊤∈⋈⋈⋈≻∋⋈≻≺∋⋈⊞≺∋⋈⊤∈⋈≻⋈⋈⊞⊞⋈⋈⊤∈⋈⊞⊞⋈⊞∈∋⋈⋈⋈∋⋈⊞⋈⊞∈⊤∈⋈⋈⋈∈⋈⊤∈⋈⋈⋈⊞⋈⊞⊞⋈⊞⋈⊞⊞⊞⊞⊤∈∋∋⊤∈⋈⊞≺∈⊤∈⋈⊤∈⊞⋈⊤∈⋈≻⊤∈⋈≺∋∋⋈⊞⊤∈⋈⋈⊞⋈⋈⊞⊤∈∋⋈⊞⊤⋈∈∋⊞≺∋⊞∈⋈⋈⋈≻≺⋈⊤∈⊤∈⋈⋈⋈∈⋈⋈⋈⊙⊤∈⊙⋈⊤∈⊞⊞⊤∈⋈≺∋⋈⊞⋈⊤∈⋈⊞∈⊞⋈≺∋⊤∈∋≺⋈⊞⊤∈⋈⋈⋈≻⊤∈≺⋈⊞⋈⋈⊙⊞⋈∋⋈≻⊤∈∋∋∋⊡∋∋∋⊞⋈⋈⊞⊤∈∋⋈⋈⋈≻⊡⊤∈≺∋⋈≻⋈≻⋈⊞⋈≺∋⋈⊙⊞⋈⊡∋⊡⋈∈⋈⊞⋈⊤∈⋈⋈⋈⋈⊞⊙≺∋∋⊤∈∋≻∋≻∋⋈⋈≺∋∋⋈⋈⋈≻≺∋∋⊣⋈⋈≻⊞⋈⋈⋈⋈⋈⋈⊣⊡⊡⋈⋈⋈⋈⋈⋈⋈⋈⋈≻⋈≺∋⋈⋈⋈⋈⋈≻⊡⊞⊤∈⊞≺∋∋⊞⋈⋈⊤⊥⋈⊞⊤⊥⊞⋈⊞⊞⊤⊥⊤⊥⊞⊞∈⋈⋈⋈⋈⋈⋈⋈≻≺⋈⊡⋈≺∋⋈⋈⋈≺∋∋∋⊞⋈⋈⋈⋈⊣
0x605ecbe	⊢⋈⋈⋈⋈⋈⋈⊞⋈⋈⋈⊤∈⋈⋈⋈∈⋈⋈⋈⋈⋈≻⋈⋈⊞∈⋈⋈⋈≻⋈⋈⋈⋈⋈⋈⋈⋈⋈⋈≻⊤∈⋈⋈≻⋈⋈⋈⋈⊙⋈⋈⋈⋈⋈⊞⋈⋈⋈⋈⊣⋈⋈⋈⋈⋈⋈⋈⋈⋈≻⋈⋈≻⋈⋈⋈⋈⋈⋈⋈⋈⊤∈∋∋⋈⋈⋈⋈⋈⋈⋈⊞⋈⋈⋈⋈⋈⋈≺
0x605056a	⊢⋈⋈⋈⋈⋈⋈⊞⋈⋈⋈⋈⋈⋈≻⋈⋈⊤∈⋈⋈⋈⋈⊤∈⋈⋈⋈⋈≻⋈⋈⊤∈⋈⋈⋈⋈⊙⋈⊤∈⋈≻⋈⋈⋈⊞⊥⊤⊥⊞∈⊞∈⋈⋈≻∋⊤∈⋈⊞⋈⋈⋈⋈≻⋈⋈⊤⋈∈∋≺∋⊤∈⊞⊞∈⋈⊞⋈⊞⊤∈∋≺∋⋈⋈⋈⋈⋈≻≺∋⋈≻⋈≺∋⋈⋈⋈⊙⊤∈⋈⋈⋈⋈⋈⋈⋈⋈⋈⋈⋈⋈⋈⋈≻⊤∈∋⋈⋈⊞⋈⋈⋈⋈⋈⋈≺⋈⋈⋈⊞⋈⋈⋈⋈⋈≻⊤∈⋈⋈⋈⋈⋈≻∋⋈⋈≻⋈⋈⋈⋈⋈⋈⋈⋈⋈⋈≻⊤∈⋈⋈≻⋈⋈⋈⋈⋈⋈⊤∈⋈⋈⋈⋈≻⊤∈⋈⋈≻⋈⊞∈⊤⊥⊞⊤∈∋⋈⊤⊥⊞⊥⊞∈⊤∈∋⋈⋈∈⋈⊞∈⋈⊞⊤∈⊤∈≺∋⋈⊞⊞≺∋∋∋∋⋈⋈≻⋈⋈⊞⋈⋈⋈⋈≺⋈⋈⋈⋈⊙⋈⋈⋈⋈⋈⊞⋈⋈⋈⋈⊣⋈⋈⋈⋈⋈≺∋⊞⋈⋈⋈⋈⋈⋈⊣
0x60a3230	⊢⋈⊞⊤⊥⋈⋈⋈≺⋈⋈⋈⋈⋈⋈⋈⊞⊤∈⋈⋈⊤∈⊤∈⊤∈≺∋⋈⊞⊞⋈⋈⋈⋈⋈⋈≺⋈⋈⊤∈∋⊤∈⊤∈⋈⋈⋈⋈⋈≻⊤∈⋈⋈≻⊤∈⋈⋈⋈⋈⋈⋈⋈⋈⋈⋈⋈⋈⋈⋈≻∋⋈≺∋∋∋∋⋈⋈⋈⋈⋈⋈⋈⊡∈⋈⋈≻⋈⊤∈⊞≺⋈⊤∈⋈≻≺∋⋈⋈⊙⋈⊤∈⋈⋈⊙⊤∈∋≺∋∋∋⋈⊞⋈⋈⋈⋈⋈⋈⊣
0x607e2d0	⊢⋈⋈⋈⋈⋈⋈⋈⊞⋈⋈⊤∈⋈⊤∈∋⋈⋈⋈⋈⋈⋈⋈⋈⋈⋈⋈⋈⋈⋈⋈⋈⋈⊤∈⋈⊙∋⋈⊤⊥⋈≻⊤∈⊤∈⋈⋈⊤∈⋈⊙⋈∋⋈⋈⋈⋈⋈⋈⋈⊞≻⋈⋈⋈⊡∋∋⋈⊡⋈⋈⊞⊞≺∋⊞⋈⋈⋈⋈⋈⋈⊣
0x6071dff	⊢⋈⋈⋈⋈⋈⋈⊞⋈⋈⋈⋈⋈⋈⋈≻⋈⋈⊞⊤∈⋈⊤∈⋈⊞⊤∈∋⋈⊞⋈⋈≺∋⋈⊤⊥≺∋⋈⋈⊞⋈∈⊤∈∋⋈⋈⋈⋈⋈⋈⋈⋈⋈≻⋈⋈⋈⋈⋈⊤∈⋈⋈⋈≻⋈∋⋈≺⊤∈⋈⋈⋈≻⋈⋈⋈⋈⋈⋈⊞⋈⋈⋈⋈⋈⋈⋈⋈⊞∈⋈⋈≺∋⊤∈⋈⋈⊤∈⋈⋈≺∋⊤∈⋈⊤∈⋈⋈≺∋⊤∈⊤∈⋈⋈⊞⋈≺⊤∈⋈⋈⊞⋈⋈⋈≺∋∋⊤∈⋈⋈⋈⋈≺⊤∈⋈⋈⋈⊞⋈⋈⋈≺∋∋⊤⋈∈⋈⋈≺⊤∈⋈⊞⊞⋈⋈≺∋∋⋈⊞⋈⋈⊞≻⋈⊤⋈⊥⊤⋈⋈⊥⋈⋈⋈⋈⊞⋈∈⋈⊞∈⋈⊤∈⋈⊞⋈⋈≻⊤∈⋈⊤∈⊞⋈⋈⊞⊞∈⋈⊡⋈⊞⊞⊞⋈⊞⊞⋈⊤∈∋≺∋⋈⋈⋈⊤∈⊞⋈⊞⊞⊞∈⋈⊡⊞⊞⊞⋈⊞⊞⋈⊤∈∋≺∋⋈⊤∈⋈⋈⋈≻∋⋈⋈⋈≻⊞⊞⊥⊞⊥⋈⊞⋈⊞⊤⋈∈∋⊤∈⋈⊞⋈∈∈⋈⋈⊞⊤∈⋈⋈⊞⊥⋈⊞⊤⊥⊞∈⊞∈⋈⋈≻∋⊤∈∋⋈⊞⋈⋈⋈≻⊤∈∋⋈⋈⋈≺∋⋈⋈⋈⊙≺⋈⊞⋈∈∈⋈⋈⋈≻∋⋈⋈≺∋⋈≻∋∋∋⋈⋈⋈⋈⋈⋈⋈⋈⋈⋈⋈⋈⋈⋈⋈⋈⋈≻∋⋈⋈⊞⋈⊤⊥⊞⊞∈⊤∈⋈⋈⊞⋈⊞⋈⊞⊞⋈⊞⊞⊞⊞⊞⋈⊤∈∋∋⊤∈⋈⋈≻⊤∈∋⋈⋈≻⊤∈⋈⋈⋈⋈⋈⊞∈⋈⋈⊞∈⋈⋈⋈≻∋⊞⊞∈∋⊞⋈⋈∋⊣⋈⋈⋈⋈⊙⋈⋈≺⋈≺∋⋈≺∋⋈∋∋⋈⋈⋈⋈⋈⋈⋈⋈⊞⋈⋈⋈⋈⋈⋈≺⋈⊤∈⋈⊤∈⋈⊞⊤∈∋⊞⋈⋈≺∋⊞∈⋈⋈⊞⋈⊞∈∋≺∋⊞⊤⊥⋈∋⊤∈⋈⋈⋈≻⋈∋⋈⊤∈⋈⋈⋈≻⋈∋⋈⋈⋈⊤∈⋈⋈⊤∈⋈⋈⋈≺⋈⊤∈⋈⊞⋈⋈≺∋∋⋈⋈⋈⊤∈⊤∈⋈⊞⊞⊞⋈⋈⋈≺∋∋⊤∈⊤∈⋈⋈≻⋈≺⊤∈⊤∈⋈≻⋈⋈⊤∈⋈⋈⋈≻⋈∋⋈⋈⋈≺⋈⊤⋈∈⊤∈⋈⊤∈⋈⋈⊞⊥⋈⊤⊥⊞∈⊞∈⋈⋈≻∋⋈⊤∈⋈⊞⋈⋈⋈≻⊤∈∋⋈⋈≺∋⋈⋈⋈⊙⋈⋈≺⋈⋈≺∋∋⋈⋈∋⋈⋈⋈⋈⋈≻⋈⋈⋈⋈⋈⊤⋈∈⋈⋈⋈≻⋈∋⋈⋈⋈∋⋈⊞⊤⊥⋈≺∋∋∋⋈⋈⋈⋈⋈≻⋈⊤∈⋈⋈⋈≻∋⋈⋈⋈⋈∋⊞⋈⋈⋈⋈⋈⋈⊣
0x60a30d0	⊢⊤∈⋈⋈⊞⊞⋈⊤∈∈⊞⋈⋈⊞⊤∈⋈⊡∈⋈⊤∈⊞⊞⊤∈∋≺∋⋈⊤∈∋⋈⊞⊞∈∋∈⊞⋈⊞⊞⊡∈⊤∈∋⋈⊣⋈⊤⋈∈∋⋈⊞⊞⊞∈∋≺∋⊞∋⊣
0x60a3a30	⊢⋈⋈⊙
0x60a3a50	⊢⋈⋈⊙
0x60a2140	⊢⋈⊤∈⋈⋈⋈⊣⋈⋈⋈⊤∈⋈⊞⋈⋈⋈⊞⊤∈⊞⊞⋈≺⋈⋈⋈⊞⊞⊞⊤∈⊞⊞⋈⋈⋈⋈⊞⊞⊞⊞⊞⊞≺∋∋∋⋈⋈⊣
0x607036b	⊢⋈⋈⋈⋈⋈⊞⋈⋈⋈⋈⋈⋈⋈⋈⋈⋈⋈⋈≻⋈⋈⋈⋈⋈⋈⊤∈⋈⋈⋈≻∋⋈⋈⋈≻⋈⋈⋈⋈⋈⋈⋈⊤⊥⊤∈⋈⊤⋈⊥⊤∈⋈⊤⋈⊥⊤∈∋⋈⋈⊞⋈≻≺∋⊤∈⋈⋈⋈⋈⋈≻≺∋∋⊞⋈⋈⋈⋈⋈⊣
0x60a7ae0	⊢⋈⋈⋈⋈⋈⋈⋈⊤∈⋈≻⋈⊙⊤∈∋⋈⋈≻⊞⋈⋈⋈⋈⋈⋈⊞⋈⋈⊣
0x60a74e0	⊢⋈⋈⋈⋈⊤∈⋈⋈⋈≻⋈⊞⋈⋈⋈⋈⋈⊣
0x60a7c40	⊢⋈⋈⋈⋈⋈⊞⋈⋈⋈⋈⊤∈⋈≻⋈⋈≻⋈⋈⋈⋈⋈⋈⋈⋈⋈⋈⊞∈⊤∈⊤∈⋈⋈⋈≻⊤∈⋈⋈≺⋈⊤∈≺⊞⊤∈∋≺∋⋈⊤∈∋⋈≻∋∋⋈⋈∋⊞⋈⋈⋈⋈⊣
0x60a6b00	⊢⋈⋈⊞⋈⋈⋈≻⊞⋈⊣
0x60a31a0	⊢⋈⋈⋈⋈⊞⋈⋈⋈⋈⋈⋈⋈⋈⋈⋈⊞⋈⊞⊥⋈≻⊞⊤∈⋈⋈⊙⋈∋⊞⋈⋈⋈⊣
0x607e2c0	⊢≺
0x60a3a20	⊢⋈⋈⊙
0x60a3a40	⊢⋈⋈⊙
0x6073eb5	⊢⋈⋈⋈⋈⋈⋈⋈⊞⋈⋈⋈⋈⋈⋈⋈≻⊤∈⋈⋈∈⋈⋈≻⋈⊤∈∋⊤∈⋈≺⋈≺⋈⋈⋈⋈⋈⋈⋈⊤∈⋈⋈⊞⊤∈⋈⋈⋈⋈⋈∈⋈⊞∈⊞≺⋈⋈∈⊤∈⋈∈⊞∈⊤∈⋈⊤∈⋈⊤∈∋⊞⋈⊞⊤∈⋈⋈⊤∈∋⊞⊞⊞≺∋∋⋈⊤∈∋⋈⋈⊞⊤∈⋈⋈⋈⋈⋈⊞⋈∈⋈⊞∈⊞⊤⋈⊥⋈⋈∈⊤∈⋈∈⊤∈∋⋈∋⋈⊞∈⊤∈∈⊤∈∋∋⊞⋈∈⊤∈⋈⊤∈⋈⊞⋈⊞⊤∈⊞⊞⊞⋈≺⋈⊞⊞⊞⊤∈⊞⊞⊞⋈⋈⊞⊞⊞⊞⊞⊞⊤∈∋⊤∈⋈≺⊤∈∈⊤∈∋⋈⋈⋈⊞≻⋈≺⊞≺⊞≺∋∋∋⋈⊤⊥⊞⊤⊥⊤∈∋≺∋⋈≺⊞⊤∈⋈⊤∈⋈⊤∈∋⊞⋈≺⋈⊞⊤∈⋈⋈⊤∈∋⊞⊞⊞≺∋⊞∋⋈⊞⊤∈∋≺∋∋∋∋⋈≺∋∋∋⊤∈⋈⊞⋈⊞⊞∈⋈⋈⊤∈⊤∈⋈⋈⋈≺⊤∈⊤∈⋈⋈≺⋈⊤∈⊤∈⋈⋈⊤∈⋈≺⊤∈∋∋⋈⋈⋈≺⋈≺⋈⊤∈⊤∈⋈⋈⋈≺∋∋∋⊞⊞⋈⊞∈⊤∈⊤∈⋈⊤∈⋈⊞⋈⊞⊤∈⋈⊞⊞≺⋈⊞⊞⊞⊤∈⋈⊞⊞⋈⋈⋈⊞⊞⊞⊞⊞⊞≺⋈∋⋈≺∋∋⊤∈⊤∈⊞⋈∈⋈⊤∈⊞∈⋈⊤∈⊤∈∈⊤∈⋈⊤∈⋈⊞⋈⊞⊤∈⊞⊞⊞⋈≺⋈⊞⊞⊞⊤∈⊞⊞⊞⋈⋈⊞⊞⊞⊞⊞⊞⊤∈⊞≺⊞≺∋∋∋⊞∈∋∋⊞⊤∈∋≺⊞⋈⋈⊥⊞⊥⊤∈⊤∈⊤∈⋈⊤∈⋈⊞⋈⊞⊤∈⊞⊞⊞≺⋈⊞⊞⊞⊤∈⊞⊞⊞⋈⋈⊞⊞⊞⊞⊞⊞⊞≺⊞∋⋈≺∋∋⊤∈≺∋⊤⋈∈∋≺∋∋∋∋∋∋∋∋∋⊤∈∋⋈⊤⋈∈∋∋⊤∈⋈⊤∈∋⋈⋈⋈⋈⊤∈∋⋈⊤∈⋈⋈≺⋈⊤∈⋈⊞⋈⊞⊞∈⋈⊤∈⋈⋈≺∋∋⊞⋈⊤∈⊞⊞∈⊤∈⋈⋈⋈⊞⋈⋈⋈⋈⊞≻⊤∈⋈⊤∈⋈⋈⊞⋈⊞⊞⋈⊞⋈⊞⊞⊤∈⋈⊞⊤∈⋈⋈⋈⋈⋈⋈⋈⋈⋈⋈⋈⊞≻⊤∈∋⋈⋈⋈⋈⋈≻∋⊞⊤⊥⋈⋈≻∋∋⋈⋈≻∋∋⋈⋈≻∋⊞⊤⊥⋈⋈≻∋⋈⋈≺∋∈⋈⋈⋈≻∋⋈⋈≺∋∋∋⋈⋈⋈≻∋⋈⋈≺∋⋈⊤∈⋈⋈∋∋⊤∈⊤∈∈⊤∈∋∋⊞⊞⊞∋⋈⋈≻∋⊞∋⊞≺∋⊤∈⊞⋈⊤∈⋈⋈⋈∈⊤∈⋈⊞⋈⋈⊞⊤∈⊞⊞⊞⋈≺⋈⊞⊞⊞⊤∈⊞⊞⊞⋈⋈⊞⊞⊞⊞⊞⊞⊤∈⊞≺⊞⋈≺∋∋∋⋈⊞⊞⊤⊥⋈⊤⊥⋈⊤⊥⊞⊞∈⋈⊤∈⋈⊞∈∋⊞⊤∈≺∋∋⊤∈∋∋⋈⋈⋈⋈⋈⋈⋈⋈⋈⋈≺∋⊤⋈∈∋≺∋∋∋∋∋∋∋∋∋∋∋⋈⋈⊞⋈⋈⋈⋈⋈⋈⊣
0x607ddd0	⊢⋈⋈≻
0x60a3fc0	⊢⋈⋈≻
0x603a2e0	⊢⋈⊤∈⋈⊙⋈⊞⊞⋈⋈⊤⋈⊥⋈⊙⊤∈⋈∋⋈⊞⋈⊣
0x603a328	⊢⋈⋈⋈⋈⋈⋈⋈⊤⊥⊤⊥⊤∈⋈⋈⋈⊤⋈⊥⋈⋈⊙⊤⊥⋈⊤⊥⊞∈⊤⊥⋈⋈⋈⊙⋈⊙⊞≺∋⋈⊞⋈⋈⋈⋈⊣⋈⋈⊞⋈⋈⋈⋈⊙
0x60a3fd0	⊢⋈⋈⊞⋈⋈⋈⋈≻
0x6073930	⊢⋈⋈≻
0x603a3cb	⊢⋈⋈⋈⋈⊤∈⋈⋈⊞⋈⋈⊙⋈⋈⋈⋈⋈⊙⊤⊥⋈⊤⊥⊞∈⋈⊞⋈⊙⊞≺∋⋈⊞⋈⋈⊣
0x6073940	⊢⋈⋈⊞⋈⋈⋈⊡∈⋈⋈⊞⋈⊞⋈⋈⋈⊤∈∋⊞⋈⊞⋈⊞⋈⋈⋈⋈≻⊞⋈⊣
0x60a3ff0	⊢⋈⋈⋈⋈⋈≻
0x604dedf	⊢⋈⋈⋈⋈⋈⋈⊞⋈⋈⋈⋈⋈⊞∈⋈⊞⋈⊞⊞⊞⊞⊞⋈⋈⋈≻⋈⊞⋈⊞⊞⊞⊞⋈⋈≻⋈⋈⋈⋈⋈⋈⋈⋈⋈⋈⋈⋈⋈≻⋈⋈⋈⋈⋈⋈⋈⋈⋈⋈⋈⋈⋈≻⋈⋈⋈⋈⋈⋈⋈⋈⋈⋈⋈⋈⊞⊞⊤∈∋⋈⋈⋈⊙⊞⋈⋈⋈⋈⋈⋈⊣
0x604d55e	⊢⋈⋈⋈⋈⋈⋈⊞⊤⋈⊥⋈⊞∈⊞∈⋈⋈≻∋⋈⋈⋈⋈⋈⋈⋈⋈≻⊤∈∋⋈⋈⋈⊤∈⊞≺⋈⋈⊞⊞⋈∈⊤∈⊞⋈⋈≺∋⊤∈⊞⋈⋈≺∋⊤∈⋈≻⋈⋈∋⊞⊞⊞⋈⊞⋈⊞⋈⊤⊥⊤∈∋⋈⊤∈⋈⊤∈⋈⋈≻⋈∋⋈⋈⊞≺∋⋈⊤∈⋈⊞⊤∈⊞⋈∈⊤∈⊞⋈⋈⊞∈⋈⊞⋈⊤∈∋∋⊞≺∋∋∋∋⋈⋈⋈⊞⋈⋈⋈⋈⋈⋈⊣
0x604d3bc	⊢⋈⋈⋈⋈⋈⋈⊞⋈⋈⊤∈⋈⊤∈∋⊞⋈⋈⋈⋈⋈⋈⋈⋈⋈⋈⋈⋈⋈≻⋈⋈⋈⋈⋈⋈⋈⋈≻⋈⋈⋈⋈⊞⋈⊞∈⋈⊞⊞⋈⋈⋈≻⋈⋈≻⋈⋈⋈⋈⊤∈⊤∈⋈⊤∈⊤∈⋈⋈⋈⋈⊤∈∋⋈⋈⋈⋈≺⋈⋈⋈⋈≺∋∋≻⋈⋈≻⋈⋈⋈∋∋⊤∈∋⋈⋈⋈⋈⋈⋈≻⋈⋈≻≺∋⊞⋈⋈⋈⋈⋈⋈⊣
0x604dc93	⊢⋈⋈⋈⋈⋈⋈⊙⊤∈⋈⋈≻⋈⋈⋈⋈⋈⋈⊞⋈⋈⊤∈∈⋈⋈∈⊞∈⋈⊞⋈∈∋⊤∈∋⋈⋈≺∋∋⊤∈⊞⋈⋈⋈⋈⊞≺⋈⋈⋈⋈⋈≻⊤∈⋈⋈≻⋈⋈⊞⋈⋈⋈⊞⊞⋈⋈⋈⋈⋈⋈⋈≻⊞⊤∈⋈⊤∈≺⋈⊤∈∋⋈∋∋⋈⋈⋈⋈⋈⊞⋈⋈⊣⋈⋈⋈⋈⊞⊞⋈∈⊞⊤∈⋈⊞∋⋈⊤∈⋈≻⋈⋈∋⋈⊞⊞⋈⊞⊞⊞⊞⊤⊥⋈⋈⋈⊤∈∋⊞⋈⋈⊞∈⋈≺⊞⋈⋈∈⊤∈⊞⋈⋈⊞∈⋈⊞⋈⊤∈∋∋⊞≺∋∋∋⋈⋈⋈∋⊞⋈⋈⋈⋈⋈⋈⊣⋈⋈⋈⋈⊞⋈⋈⊣
0x604d6dc	⊢⋈⋈⋈⋈⋈⋈⊞⋈⊤∈⋈⋈⋈⊞∈⋈⋈⋈⋈≻⊤∈⋈⋈⋈⋈⋈⊤∈⋈⋈⊞⋈∋⋈⋈⊞⊤∈⋈⋈⋈⋈⋈⋈≻⋈⋈≺∋⊞⋈⋈⋈⊙⊞⋈⋈⋈⋈⊞∋⋈⋈≻∋⊞⋈⋈⋈≺∋⊞⋈⋈⋈⋈⋈⋈⊣
0x604d819	⊢⋈⋈⋈⋈⊞⋈⋈⊞⋈⋈⋈⋈⋈∈⊤∈⋈≻⋈∋⋈⊞⋈⊞⋈⋈⊞⊤⋈∈∋⋈⋈⋈⋈⊞⋈⋈⋈⋈⊣
0x604e1d5	⊢⋈⋈⋈⋈⋈⋈⊞⋈⋈⋈⋈⋈⋈⋈⋈⋈⋈⋈⋈⋈⋈⋈⋈⋈≻⋈⋈⊤∈⋈≻⋈⋈⋈⋈⋈≻⋈⋈⋈⊤∈⋈⋈⋈⋈⋈⋈⋈≻⋈⋈⋈⊤∈⋈⋈⋈⋈⋈⋈⋈⋈≻⋈⋈⋈⊤∈⋈⋈⋈⋈⋈⋈⋈≻⋈⋈⋈⊤∈⋈⋈⋈⊞⊥⋈⋈⊤⊥⊞∈⋈⋈⋈⊤∈⋈⋈⋈⋈⋈≻⋈⋈⊤∈∋⋈⋈⋈⋈⊙⊤⋈∈⋈⋈⋈⋈⊞⊤⋈⋈∈⋈⋈⊞∈⊤∈∋⋈≺⋈⊤∈⋈⊤⋈∈∋≺∋∋∋⋈⋈⋈≻⋈⊤⊥⊤⊥⊞∈≺∈∈∈⋈∈⋈≻∋⋈⋈⊤∈⋈⊞⋈⋈⋈≻⋈⋈⊤∈∋≺∋⋈⋈⋈⋈⊙⋈⊤∈⋈⊞⋈⊤∈⋈⋈⊞⋈∈⊤∈⋈⋈⊤∈⋈⊤⋈∈∋≺∋∋∋∋⋈⊤∈⊞⋈⋈⊙⊤∈⋈⋈⋈⋈⋈≻⊞⋈⋈⋈⋈⋈⋈⋈⋈⋈⋈≻⊞⋈⋈⊤∈⋈⋈⋈⋈⊙⋈⋈≻⊤∈⋈≻≺⋈⋈⋈⋈⋈⋈⋈⋈⋈⋈⋈⋈⋈⋈⋈⋈⋈⋈⋈⋈⋈⋈⋈≻⋈⋈⋈⋈≻⋈⋈⋈⋈≻⋈⋈⋈⋈≻⋈⊤∈⋈⋈⋈⋈⋈⋈⋈⋈⋈⋈⊤∈⊞⋈⋈⋈⋈⋈≻⋈⋈⊤⋈⋈∈∋⋈⋈⊙⊤∈⋈⋈⋈⊞⊤⋈∈⋈⋈⊞∈⊤∈∋⋈≺⋈⊤∈⋈⊤⋈∈∋≺∋∋∋⋈⋈⊤⊥⊤⊥⊞∈∋∋⊞∋⋈⋈⋈⊤∈⋈⋈⋈⋈⋈≻⋈⋈⋈⊤∈∋≺∋⋈⋈⋈⊙⋈⋈⊤∈⋈⊞⊤∈⋈⊞∈⊤∈∋∋⋈⋈⊤∈⋈⊤⋈∈∋≺∋∋⋈⋈⋈⋈⋈⋈≻⋈⋈⊤⋈∈⋈⋈⋈⋈⋈⋈⋈⋈⋈⋈≻⋈⋈⊤∈⋈⋈⋈⋈⋈⋈⋈⋈⋈⋈≻⋈⋈⋈⊤∈⋈⋈⋈⋈⋈⋈⋈⋈≻⋈⋈⊞⋈⊤⊥⋈⋈⊞⊥⊞∈⋈⋈⋈⊞∈⊤∈⋈⋈⊤∈⋈⊤⋈∈∋≺∋∋⋈⋈∋⊤∈⋈⊞⊤∈⋈⋈⊞∈⊤∈∋∋⋈⋈⊤∈⋈⊤⋈∈∋≺∋∋⋈⋈⋈⋈⋈≻⊤∈⊤∈∋⋈⋈⋈⋈≻⋈⋈⋈⋈≻⋈⊙⊤∈⋈⋈⋈⊙⊤∈⋈⋈⋈⊙⊤∈⋈⋈⋈⊙⊤∈⋈⋈⊤∈⋈⋈⋈⋈⋈⋈⋈⋈⋈⋈⋈⋈⋈⋈⋈⋈⋈⋈⋈⋈⋈⋈⋈⋈⋈⊙⋈⊤∈∋∋∋∋⋈⋈≻⋈⋈⋈⋈⊤⊥⋈⊤∈⋈⋈⋈⋈∈⋈⋈⋈⋈⋈⋈⋈⊤∈⋈⋈⋈⋈⋈⋈∋⋈⋈⋈⊤∈⋈⋈⋈⋈⋈⋈∋⋈⋈⋈⊤∈⋈⋈⋈⋈∋⋈⋈⋈⋈⋈⋈≻⊤∈⋈⋈⋈⋈≻⊤∈⊤∈⋈⋈⋈⋈⋈≻⋈⋈⋈⋈⋈⋈≻⋈⋈⋈⋈⋈≻⋈⋈⋈⊤∈⋈⋈⋈⋈≻⋈⋈⋈⋈≻⋈⋈⋈⋈≺⊞⋈⋈⊙⋈⋈⋈⋈⋈≻⋈⋈⋈⋈≻⋈⋈⋈⋈≻⊤∈≺⋈⋈⋈⋈⋈≻⋈⋈⋈⋈⋈⋈≻⊤∈⋈⋈⋈⋈⋈≻⋈⋈⋈⋈⋈⋈≻⋈⋈⋈⋈≻⋈⋈⋈⋈⋈≻≺∋⋈⋈⋈⋈⋈≻⋈⋈⋈⋈⋈≻⋈⋈⋈⋈⋈⋈≻⋈⋈⋈⋈⋈⋈⋈⋈⋈≻⋈⋈⋈⋈⋈⋈≻⋈⋈⋈⋈≻⋈⋈⋈⋈≻⋈⋈⋈⋈⋈⋈≻⋈⋈⋈⊤∈⊞⊞⋈⋈⊙⊤⊥≺∋⋈⋈⋈⋈≻⋈⋈⋈⋈≻⋈⋈⋈⋈≻⋈⋈⋈⋈≻⋈⋈⋈⋈≻⋈⋈⋈⋈≻⊤∈∋⋈⋈⋈⋈⋈⋈⋈⋈⋈≻⋈⋈⋈⋈⋈⋈⋈⋈⋈⋈⋈⋈⋈≻⋈⋈⋈⋈⋈⋈≻⋈⋈⋈⋈≻⋈⋈⋈⋈≻⋈⋈⋈⋈⋈⋈≻⋈⋈⋈⋈⋈⋈⋈⋈≻⋈⋈⋈⋈≻⋈⋈⋈⋈⋈⋈⋈⋈⋈⋈≻⋈⋈⋈⋈⋈⋈≻⋈⋈⋈⋈≻⋈⋈⋈⋈⋈⋈⋈⋈≻⋈⋈⋈⋈⋈≻⋈⋈⋈⋈⋈⋈≻⋈⋈⋈⋈⋈⋈⋈⋈⋈⋈⋈⋈≻⋈⋈⋈⋈≻⋈⋈⋈≻⋈⋈⋈≻⋈⋈⋈⋈≻⋈⋈⋈⋈≻⋈⋈⋈⋈⋈⋈⋈⋈≻⋈⋈⋈⋈⋈⋈⋈⋈≻⋈⋈⋈⋈⋈⋈≻⋈⋈⋈⋈≻⋈⋈⋈⋈⋈≻⋈⋈⋈⋈⋈⋈≻⋈⋈⋈⋈≻⋈⋈⋈≻⋈⋈⋈⋈⋈⋈≻⋈⋈⋈⋈⋈≻⋈⋈⋈⋈⋈⋈⋈⋈⋈⋈⋈⋈⋈⋈⋈⋈⋈⋈⋈⋈⊡⋈⋈⋈⋈≻⋈⋈⋈⋈≻⋈⋈⋈⋈≻⋈⊤∈⋈⊞⋈⋈⋈⋈⊡⋈≻⋈⋈⋈⋈⋈⋈⋈⋈⊡⋈⊡⋈⊤∈∋⋈⋈⋈⋈≺∋⋈⋈⋈⋈⋈≻⋈⋈⊤∈⋈⊞⋈⋈⊙⊤∈⋈≻⊤∈∋∋⋈⋈⋈⋈∋≻∋∋∋∋∋⋈⊙⋈≻≺∋∋⋈⋈⊤∈⋈∈⋈⋈⋈⋈≻⊞⊞∈∋∋⋈⋈⋈⋈≻∋⋈⋈⊤∈⋈∈⋈⋈⋈⋈≻⊞⊞∈∋∋⋈⋈⋈⋈≻⋈⋈⊤∈⋈∈⋈⋈⋈⋈≻⊞⊞∈∋∋⋈⋈⋈⋈≻⋈⊤∈⋈⋈⋈⋈⋈⋈⋈⋈⋈⋈⋈⋈⋈⊙⋈⋈⋈⋈≻⋈⋈⋈⋈≻⋈⋈⋈⋈≻⋈⋈⋈⋈≻⋈≻⋈≻⋈≻⋈⋈⋈⋈≻⋈⊤∈⋈⋈⋈⋈⋈⋈⋈⋈⋈⋈⊤∈⋈⋈⋈⋈⊙⊤∈⋈⊤∈⋈⋈⊞⊙⊤∈⋈⊤∈∋∋∋∋⋈⋈⋈⊡⋈⋈⋈⊞⊙⋈⋈⋈⊡⊤∈∋⋈≻⋈⋈⋈⋈⋈⋈⋈⋈≺∋⋈≻⋈⋈⋈⋈≻⋈⊤⋈⋈⋈∈⋈⋈⋈⋈⋈⋈⋈⋈⋈⋈⋈⋈⋈≻⋈⋈⋈⋈≻⋈⋈⋈⋈≻⋈⋈⋈⋈≻⋈⋈⋈⋈≻⋈⋈⋈⊤∈⋈⋈⋈⋈≻⋈⋈⊤∈∋⋈⋈⋈⋈⋈⋈⋈⋈⋈⋈⋈⋈⋈⋈⋈⋈≻⋈⋈⋈⋈≻⋈⋈⋈⋈≻⋈⋈⋈⋈⊞⋈⋈⋈⋈⋈≻⊞⋈⋈⋈≻⋈⋈⋈⋈⋈⋈⊤∈⋈⋈⋈⋈⊡⋈⋈⋈⋈⋈⋈⋈≻⊤∈⋈⋈⋈⋈≻⋈⋈⋈⋈⋈⋈⋈⋈⋈⋈⋈⋈⋈⋈⋈⋈⋈⋈⋈⋈≺⋈⋈⋈⋈⋈⋈⋈≺∋⋈⋈≻⋈⋈≻∋⋈⋈⋈⋈≻⋈⋈⋈⋈≻≺⋈⋈⋈⋈⋈⋈⋈≺∋≻≺⋈⋈⊤∈⋈∈⋈⋈⋈⋈≻⊞⊞∈∋∋⋈⋈⋈⋈≻≺∋∋⋈⋈⋈⋈≻∋⋈⋈⋈⋈≻∋⋈≻≺⋈≺∋∋⋈⋈⋈⋈≻∋∋⋈⋈⋈⋈≻∋∋⋈⋈⋈⋈≻⋈⋈⋈∋⋈⋈≻⋈⋈⋈⋈≻≺⋈⋈⋈⋈⋈⋈⋈∋⋈⋈⋈⋈≻⋈⋈⋈⋈⋈⋈≺∋⋈⋈⋈⋈≻⋈⋈⋈⋈⋈⋈≺∋⋈⋈⋈⋈⊞⋈⋈⋈⋈⋈⋈≺⋈⋈⋈⋈⋈⋈⋈⋈⋈⋈⋈⋈≺∋∋∋⊞⋈⋈⋈⋈⋈⋈⊣
0x6046fa9	⊢⋈⋈⋈⋈⋈⋈⋈⋈⋈⊞⊤∈⋈⋈⊤⊥⋈⊞⊥⊞∈⋈⊡⊞⋈⊞⊞⊤∈⋈⊤∈⊤∈⋈⋈⋈≻⊤∈⋈⋈⋈⋈⊙⋈⋈⋈≺∋⋈⋈⋈⋈≺⋈⋈⊙⊤∈⋈⋈⋈⋈≺∋∋⋈⋈⊙⊤∈⋈⋈≻∋⋈⋈≻∋⋈⋈≻⋈⋈⋈⋈⋈⋈⊞⋈⋈⋈⋈⊞⊤⋈∈⊤∈⋈⋈⊤∈⋈⋈⊞⊥⋈⊤⊥⊞∈⊞⋈⋈≺⋈≺∋∋⋈∈⋈⋈⊤∈⊤∈⋈⊤∈⋈⋈⊞⊥⊞⊤⊥⊞∈⋈⋈⋈⊤∈⋈⊞⋈⋈⋈⋈⋈≻⋈⊤∈⋈⋈⋈≺∋⋈⋈⊙⋈⋈⋈⊞∋⋈⋈≻∋⋈⊤∈⋈⋈⋈⋈⋈≻⋈⊤∈∋⋈≻∋⋈≺⋈⋈≺∋⋈⋈⋈⊙⋈⋈⋈≺∋⋈⋈≺⋈≺∋∋∋⋈⋈⋈⋈⋈⋈⋈⋈⊞⋈⋈⋈⋈⋈⋈⊣⋈⋈⋈⋈⋈⋈⋈⋈∋⋈⋈⋈⊞⋈∋⊞⋈⋈⋈⋈⋈⋈⊣
0x603b6de	⊢⋈⋈⋈⋈⋈⋈⊞⋈⋈⋈⋈⋈⋈⊞⊤⋈⊥⋈⋈⊞⋈⊙
0x6052a08	⊢⋈⋈⋈⋈⊤⊥⊤∈⋈⋈⊙⊤∈⋈⋈≻⋈⋈⋈⋈⋈⊞⋈⋈⋈⋈⊤∈⋈⋈⊞≻≺∋⋈⋈⋈⋈⋈⋈⋈⋈⋈⋈⋈⋈⋈⋈⋈⋈≻⋈⋈⊤∈⋈⊞⊞⊞⊞⊤∈⋈⊞⊙∋∋⋈⊞⋈⋈⋈⋈⋈⊣⋈⋈⋈⋈⋈⋈⋈⋈⋈⋈⋈≺∋⊞⋈⋈⊣
0x6053c5c	⊢⋈⋈⋈⋈⋈⋈⊞⋈⊞⋈⊞⋈⊞⋈⊞⋈⊞⋈⋈⋈⋈⋈⋈⋈⋈≻⋈⋈⋈⊤∈⋈⋈⋈⋈≻⋈⋈⋈⋈⋈⊤⋈∈⋈⋈⋈≺⋈⋈⋈⋈⋈≻⋈⋈⋈⊤⋈⋈∈⊤∈⋈⋈⊤∈⋈⋈⊞⊥⋈⊞⊤⊥⊞∈⊤∈⋈⊞⋈⋈⋈≻⊤∈⋈⋈≺∋⋈⋈⋈⊙≺⋈⋈≺⋈≺∋∋⋈∋⋈⋈⋈⋈⋈⋈≻⋈⋈⋈⋈⋈⋈⋈⋈≻⋈⋈⋈⋈≻⋈⋈⋈⊤∈⊤∈⋈⋈⊤∈⋈⋈⊞⊥⋈⊞⊤⊥⊞∈⊤∈⋈⊞⋈⋈⋈≻⊤∈⋈⋈≺∋⋈⋈⋈⊙≺⋈⋈≺⋈≺∋∋⋈∋⋈⋈⋈⋈⋈⋈≻⋈⋈⋈⋈⋈⋈⋈⋈≻⋈⋈⋈⋈≻⋈⋈⋈⊤∈⊤∈⋈⋈⊤∈⋈⋈⊞⊥⋈⊞⊤⊥⊞∈⊤∈⋈⊞⋈⋈⋈≻⊤∈⋈⋈≺∋⋈⋈⋈⊙≺⋈⋈≺⋈≺∋∋⋈∋⋈⋈⋈⋈⋈⋈≻⋈⋈⋈⋈⋈⋈⋈⋈≻⋈⋈⋈⋈≻⋈⋈⋈⋈≻⋈⋈⋈⋈≻⋈⋈⋈⊤∈⊤∈⋈⋈⊤∈⋈⋈⊞⊥⋈⊞⊤⊥⊞∈⊤∈⋈⊞⋈⋈⋈≻⊤∈⋈⋈≺∋⋈⋈⋈⊙≺⋈⋈≺⋈≺∋∋⋈∋⋈⋈⋈⋈⋈⋈≻⋈⋈⋈⋈⋈⋈⋈⋈≻⋈⋈⋈⋈≻⋈⋈⋈⋈⋈≻⋈⋈⋈≻⋈⋈⋈⊤∈⊤∈⋈⋈⊤∈⋈⋈⊞⊥⋈⊞⊤⊥⊞∈⊤∈⋈⊞⋈⋈⋈≻⊤∈⋈⋈≺∋⋈⋈⋈⊙≺⋈⋈≺⋈≺∋∋⋈∋⋈⋈⋈⋈⋈⋈≻⋈⋈⋈⋈⋈⋈⋈⋈≻⋈⋈⋈⋈≻⋈⋈⋈⋈⋈≻⋈⋈⋈≻⋈⋈⋈⊤∈⊤∈⋈⋈⊤∈⋈⋈⊞⊥⋈⊞⊤⊥⊞∈⊤∈⋈⊞⋈⋈⋈≻⊤∈⋈⋈≺∋⋈⋈⋈⊙≺∋∋∋∋∋⊞∋∋∋∋∋∋⋈⋈≻⋈⋈≺⋈≺∋∋⋈∋⋈⋈⋈⋈⋈⋈≻⋈⋈⋈⋈⋈⋈⋈⋈≻⋈⋈⋈⋈≻⋈⋈⋈⋈⋈≻⋈⋈⋈⋈⋈≻⋈⋈⋈⋈⋈⋈⋈⋈≻⋈⋈⋈⋈⋈⋈⋈⋈≻⋈⋈⋈⋈⋈⋈⋈⋈≻⋈⋈⋈⋈⋈≻⋈⋈⋈⋈⋈≻⋈⋈⋈⋈≻⋈⋈⋈⋈⋈≻⋈⋈⋈⋈≻⋈⋈⋈⋈⋈≻⋈⋈⋈⋈⋈⋈⋈⋈≻⋈⋈⋈⋈⋈⋈⋈⋈⋈≻⋈⋈⋈⋈⋈⋈⋈⋈≻⋈⋈⋈⋈⋈≻⋈⋈⋈⋈≻⋈⋈⋈⋈≻⋈⋈⋈⋈⋈≻⋈⋈⋈⋈⋈≻⋈⋈⋈⋈⋈⋈⋈⋈⋈⋈⋈⋈⋈⋈⋈⋈⋈⋈⋈⋈⋈⋈⋈⋈⋈⋈⋈⋈⋈⋈⋈⋈⋈⋈⋈⋈⊤∈⋈⋈⋈≻∋⋈⊤⋈∈⋈⋈⋈≻∋⋈⊤∈⋈⋈⋈≻∋⋈⊤∈⋈⋈⋈≻∋⋈⊤∈⋈⋈⋈≻∋⋈⊤∈⋈⋈⋈≻∋⋈⊤∈⋈⋈⋈≻∋⋈⊤∈⋈⋈⋈≻∋⋈⊞⋈⋈∈⊞⋈⋈∈⋈⋈⋈⋈⋈⋈⋈⋈⋈⋈⋈⋈⋈⋈⋈⋈⊞⊤∈∋⋈⋈⋈⊙⋈⊞⋈⊞⋈⋈⊙⊞⊤∈∋⋈⋈⋈⋈⋈⊙⊞⋈⊞⋈⋈⋈∈⋈⋈⋈⊞⊞⋈⊞⋈⊞⋈⋈⋈⊞⊞∈⋈⋈⊞⊞∈⋈⋈⋈⋈⋈⋈≺∋⋈⋈⋈⋈⋈⋈⋈≻⋈⋈⋈⋈⋈⊤∈⋈⋈⋈⊞∈⋈⊞≻⊞⊤∈∋⋈⋈⋈⋈⋈⊞⋈⋈⋈⋈⋈⋈⋈⋈⋈⋈⊞⋈⊞⋈⋈≻⋈⊤∈⋈⋈⋈≻∋⋈⊤∈⋈⋈⋈⋈≻∋⋈⋈⋈⋈⋈⋈⋈⋈⊤⋈∈⋈⋈⋈⋈≻∋⋈⊤⋈∈⋈⋈⋈≻∋⊞⊞⊤⋈⋈⋈∈∋⋈⊞⋈⊤⋈∈∋⋈⋈⋈⋈⋈⋈⋈⋈⊙≺∋⋈⋈≻⋈⋈⊤∈⋈⋈⋈≻∋⋈⋈⊤∈⋈⋈⋈≻∋⋈⋈⊤∈⋈⋈⋈≻∋⋈⋈⊤∈⋈⋈⋈≻∋⋈⋈⊤∈⋈⋈⋈≻∋⋈⋈⊤∈⋈⋈⋈≻∋⋈⋈⊤∈⋈⋈⋈≻∋⊤∈⋈⋈⋈⋈⊙⋈⋈⋈⋈⋈⋈⋈⋈⋈⋈⋈⋈⋈≻⋈⋈⋈⊤∈⋈⊤∈⋈⋈⋈≻⋈∋⋈⊞⊤⋈∈⋈⋈⊞≻≺∋⋈⋈⋈⋈⊞⋈⋈⋈⋈⊞⋈⋈⋈⋈⋈⋈⋈⋈⋈⋈⋈⋈⋈⋈⋈⋈⋈⋈⋈⋈⋈⋈⋈⋈≻∈⋈⊞⊤∈∋⋈⊤⊞⋈⋈⋈⋈⊙⋈⋈⋈⋈⋈⋈⋈⋈⋈⋈⊙⊞⋈⊤∈∋⋈⋈⋈⋈⋈⋈⊙⋈⋈⋈⋈⋈⋈⋈⊙⋈⋈⋈⊙⋈⋈⋈⋈⋈⋈⋈⋈⋈⋈⋈⋈⋈⋈⊞⋈⋈⋈⋈⋈⋈⋈⋈⋈⋈⋈⋈⋈⋈⋈⊞⋈⋈≺⋈⋈⋈≺⋈⋈⋈⊞⋈∈⋈⊞≻⊞⊤∈∋⋈⋈≺∋⋈⋈⋈∋⋈≻⋈⋈⊤∈⋈⋈⋈≻∋∋⋈⋈⋈⋈⋈∋⋈⋈≻⋈⋈⋈⋈⋈≻⋈⋈⊤∈∋⊞⋈⋈⋈⋈⋈⋈⊣⋈⋈⋈⊞⋈⋈⋈⋈⋈⋈≺
0x6062877	⊢⋈⋈⋈⋈⋈⋈⊞⋈⊞⊤⋈∈⋈⊤⊥⋈⊞⊞⊥⊞∈⋈⊡⊞⊞⊤∈∋⊞≺⋈⊡⊞⋈≺∋⊞∋⋈⊞⋈⋈⊞⊞⋈∈⋈⊞⋈⋈⋈⊞⋈⊞⋈∈∈⊤∈⋈⊤∈∋⋈⊤⋈⋈∈∋⋈⋈⋈≺⋈⋈≻⊤∈⋈⋈⋈≻⊤⊥⋈⊞⋈⊤∈∋⋈⋈≻⋈⋈⋈⋈⊞⋈⊤∈⋈⋈⊞≻≺∋⋈⋈⋈⋈⋈≻⊞⋈⋈⋈⋈⊞⋈⋈⋈⋈⋈⋈⋈⋈⋈⋈⋈⋈⋈⋈⋈⋈⋈⋈⋈⋈⋈⋈⋈≻∈⋈⊞⊤∈∋⋈⋈⊞⋈⋈⋈⋈⊣⊞⊞⋈⊤∈∋⋈⊤∈⋈⋈⊤∈⊞⋈⋈≺∋⋈⊞⊤∈⋈⊞∈∋≺∋∋⋈⋈⋈⋈⋈⋈⋈⋈⋈≻⋈⋈⋈⋈⊤⊥⊞⊥⊞∈⊤∈⊞⋈∈⋈⊞∈⋈⊞⊤∈⊤∈∋∋∋∋∋⋈⋈⋈≻⋈⋈≻⋈⋈⋈⋈⋈⋈⋈≻⋈⋈⋈⋈⊤⊥⊞⊥⊞∈⊤∈⊞⋈∈⋈⊞∈⋈⊞⊤∈⊤∈∋∋∋∋∋⋈⋈≻⋈⋈≻⋈⋈⋈⋈⋈⋈⋈⋈≻⋈⋈≻⋈⋈≻∋⊞⋈⋈⋈⋈⋈⋈⊣
0x603cb96	⊢⋈⊞⊤∈⋈⊤⊥⋈⊞⊞⊥⊞∈⋈⊡⊞⊞⊤∈∋⊞≺⋈⊡⊞⋈≺∋⊞∋⊤∈⊤∈⋈⊤∈⋈⊤∈⋈∋∋∋⊣⊞⊞⋈⊣
0x6067c64	⊢⋈⋈⋈⋈⋈⋈⋈⋈⊞⋈⊞⋈⋈⊞⊤∈⋈⋈⋈⋈⋈≻⋈≺∋⋈⊞⋈⋈⊙⊞⋈⋈⋈⋈⋈⋈⊣
0x606c5e3	⊢⋈⋈⋈⋈⋈⋈⋈⋈⊞⊤∈⋈⋈⋈⋈≻⋈≺∋⋈⊞⊤∈⊤∈⋈∈⋈⊞⊞∈∋⊞⊞≺∋⋈⊞∋⋈⋈⋈⋈⊣
0x6089e10	⊢⋈⋈⋈⋈⋈⋈⋈⊞⋈⋈⋈⋈⋈⊤∈⊤∈⋈≻⊤∈⋈⊤∈⋈⋈≺∋⋈⋈⋈⊞⋈⋈⋈⋈⋈⋈⋈⋈≻⋈⊤∈⋈⋈⋈⊞⊞⋈≺⋈⋈⊤∈⋈≺⋈⋈⋈⊤⋈⋈⊥⋈⋈⋈≻⋈⋈⋈⋈⋈⋈⋈⋈⊤⋈∈⋈⊞⊡∈⊤∈⋈⊤∈⋈⊞⋈⋈∋∋⋈⋈⊞⋈⋈⋈⋈⋈⋈⋈≻⋈⊤∈⋈⋈⋈⋈⊞⊞⋈⊞⋈⋈⋈⋈⋈⋈⋈⋈⊞⊤∈∋⊞⊞⋈⋈⋈⊞⋈⋈⋈⋈⋈⋈≻⋈⋈⋈⋈⋈⊞⊞⋈⊤∈∋⋈⋈⋈∋∋⋈⋈⊞⊞⊞⊞⋈⋈⋈⋈⊞⋈⋈⋈⋈⊤⋈∈⋈⋈⋈⋈⋈≻⋈⋈⊤∈⋈≺∋⋈⋈⋈⊤∈⋈⋈≻⋈⊤∈≺∋⊤∈∋∋⋈⋈⋈∋∋⋈⊤∈⋈⊞⊞⋈≺⋈⊞⋈≺∋∋⋈⋈⋈⊞⊞≺∋∋⊡∈⋈⋈⋈⊤∈⋈⋈⊞⋈⋈≺∋⋈⊞⋈⋈⋈⋈⋈⋈≻⋈⋈⋈⋈⋈⋈⋈⋈⋈⋈⋈⋈⋈⋈⋈⋈⋈⋈⋈⋈≺∋⊞⋈⋈⋈⋈⋈⋈⊣
0x604d7d9	⊢⋈⋈⋈⋈⋈⋈⋈≻⊤∈⋈⋈≻⋈⋈⋈⊞⋈⋈⊣
0x6033410	⊢⋈⋈⋈⋈⋈⋈⋈⊞⋈⋈⋈⋈⋈⋈≻⋈⊤∈⋈⋈≺⋈⊤∈⋈⋈∋⋈⋈≺⋈⊤∈⋈⋈⋈≻⊤∈⋈⋈≻≺⋈⊤∈⋈⊙∋⋈≻⋈≺∋⋈⋈⋈⊤∈⋈⊞⋈≻⋈⋈⋈≺⊞∋⋈⋈⋈⊙⊞⋈⊞⊤∈⋈⋈⋈≻⋈⋈≺∋⋈⋈⊞⋈⋈⋈⊡∈∈⋈⋈≻⋈⊤∈⋈⋈⋈⋈⋈∋⊞⋈⋈⋈⋈⋈⋈⊣⋈⋈⋈⊞⊤∈⋈⋈⋈≻⋈⋈≺∋⋈⋈⋈⊙⊞⋈⊤∈∋⋈⊞⊤∈⋈⋈⋈≻⋈⋈≺∋⋈⋈⊞⋈≺∋
0x6055348	⊢⋈⋈⋈⋈⋈⋈⊞⋈⋈⋈⊤∈⋈⋈≺⋈⋈⋈⋈⋈≻⋈⋈⋈⋈⋈⋈⋈⋈≻⋈⋈⋈⋈⋈⋈⋈⋈⋈≻⋈⋈⊞⊞∈⋈⋈⋈⊞⊞⋈⋈⋈⊞⋈⋈⋈⋈⋈⋈⋈⊞⊞⋈⋈⋈∈⋈⋈⋈≻⋈⊙⊤∈⋈⋈≻⋈⋈⋈⊤∈⊞⋈⋈≺∋⋈⊞⊤∈⊞⋈⋈≺∋⊞⋈⋈⋈⊞⋈∈⊤∈⋈⋈⊞∈⋈⊞⊤∈∋∋⋈⋈⋈⋈⋈⋈⋈≻⋈⋈≻⋈⋈⋈⋈⋈⊙⋈⋈≻⊤∈⋈⋈⋈⋈∈⋈⋈∈⋈⊞∈⋈⋈⋈≺⋈⊞⋈∈∋⋈⋈⋈⊤∈∋⋈⊤∈∈⋈⋈⋈∈⋈⊞∈⋈⊞⋈∈∋⊤∈∋⋈⊤⋈∈⋈⊞⊤∈⋈⋈⋈⋈∈⋈⊞∈⊞⋈⊞⋈∈∋⊞⊤∈∋∋⋈⋈⋈⋈⋈≺∋⋈⊞≺≺∋∋⊞⋈⋈≺≺∋∋∋∋⋈⋈⋈⋈⋈≻⋈⋈⊤∈∋⋈⋈⋈≻⋈⋈⋈⋈⋈⋈⋈⋈≻⋈⋈⋈⋈⋈∋⋈⋈⊤∈∋⋈⋈≻⋈⋈⋈⋈⋈⋈⊞⋈⋈⊤∈⋈≺⋈⋈⋈⋈⋈≻⋈⋈⋈⋈⋈⋈⋈≻⋈⋈⊤∈⋈⋈⋈⋈⋈≻⋈⋈≻⊤∈⋈⋈⋈⋈⋈⋈⋈⋈⋈⋈⋈⋈⋈≻⋈⋈⋈⋈⋈⋈⋈⋈≻⋈⊤∈⋈⋈⋈⋈≻⋈⋈≻⊤⋈∈⋈⋈⋈⋈⋈⋈⋈⋈⋈⋈⋈≻⋈⋈⋈⋈⋈⋈⋈≻⋈⊤⋈∈⋈⋈⋈⋈≻⋈⋈≻⊤∈⋈⋈⋈⋈⋈⋈≻⋈⋈⋈⋈⋈⋈≻⋈⊤⋈∈⋈⋈⋈⋈⋈≻⋈⋈≻⋈⊤∈⋈⊤∈⋈⋈⋈⋈∈⋈⋈⋈⋈⋈≻⋈⋈⋈⋈⋈⋈≻⋈⊤∈⋈⋈≻≺⋈⋈⋈⋈≻⋈⋈≻⋈⋈⊤⋈∈⋈∋⋈⋈⋈≺⋈⋈≻⋈⋈⋈⋈⋈≻⋈⋈⋈⋈⋈⋈≻⋈⊤∈⋈⋈≻⋈⋈⋈≺⋈⋈⋈⋈⋈⋈≻⋈⋈≻⋈⊤⋈⋈∈⋈⋈⋈≺⋈⋈⊞⊞⋈⋈≻⋈⋈⊤∈⋈⊤⋈∈⋈⊤⋈∈⋈⊤∈∋⋈⋈⋈⋈⊤⋈⋈⊥≺∋∋⋈⋈⋈⋈⋈⋈≻⋈⋈⋈⋈⋈⋈≻⋈⊤∈⋈⋈≻⋈⋈⋈⋈⋈⋈≻⋈⋈≻⊤∈∋⋈⋈∋⋈∋∋⋈≻≺⋈⋈≻⋈⋈⋈≺∋⊤∈∋⋈⋈⋈⋈⋈≺≺∋⋈⋈≻≺∋⋈⋈∋∋⋈⋈≻⋈⋈≻≺∋⋈⋈≺∋⋈⋈≻⋈⋈≻⋈≺∋⋈⋈⋈≺∋⋈⋈≻⋈⋈≻≺∋⋈≺∋∋⊞⋈⋈⋈⋈⋈⋈⊣⋈⋈⊤⋈⋈∈⋈∋⊤∈∋⋈⋈≺∋⋈⊤∈⋈⊞⊤∈⊞⋈∈⊤∈⊞⋈⋈⊞∈⋈⊞⋈⊤∈∋∋⊞⋈≺∋∋∋⋈⋈⋈⋈⋈⋈⋈⋈≻⋈⋈≻∋⊞⋈⋈⋈⋈⋈⋈⊣⋈⋈≺∋
0x6034b50	⊢⋈⋈⋈⋈⊞⋈⊤∈⊤∈⊤⊥⊤∈⋈⋈≻⋈⊤∈∋⋈⋈≻⊤∈⋈⊞⊞⊞⊞⋈⋈⋈⋈⊞⋈⋈⋈⋈⊞⊞⋈⋈⋈⊞⊞⋈⋈⋈⊞⊞⋈⋈⋈⊞⊞⋈⋈⊞⋈⋈⋈⋈⋈⋈⋈⋈⋈⋈⋈⋈⋈⋈≺⋈⊞⊞⊞⊞⋈⋈⋈⋈⊞⋈⋈⋈⋈⊞⊞⋈⋈⋈⊞⊞⋈⋈⋈⊞⊞⋈⋈⋈⊞⊞⋈⋈⊞⋈⋈⋈⋈⋈⋈⋈⋈⋈≺∋⋈≺⋈≺⋈⋈⊞∋∋⋈⋈⊞⋈⋈⋈⊣⋈⋈⋈⊞⊙
0x60868d0	⊢⋈⋈⋈⋈⋈⋈⋈⊞⋈⋈⋈⋈⊤∈⋈⋈⋈⋈⊞⊞⋈⋈≻⊤∈⋈⋈≻⋈⋈⋈⋈⊙⋈⋈⋈⊤⊥⋈≺∋⋈⋈⋈⋈⋈⋈⋈⋈≻⊤∈⋈⋈⊤∈⊤∈∋⋈⊡∈⊤∈⋈⊞⊤∈∋⊤∈∋∋∋⋈⋈⊙⊤∈⋈⋈⋈⋈⋈⊞∈⋈⋈≻⋈⊤∈∋⋈⋈≻≺∋⊞⋈⋈⋈⊙⋈⋈⋈⋈⋈⋈⋈⋈≻⋈⋈⋈⊞⊤⊥⋈≺∋⋈⋈⋈⊞⊞∈⊤∈⋈⋈⋈⋈⋈⋈⋈≻≺⊞⊤∈∋⊤∈⊞⊤⊥≺∋⋈⋈⋈⋈⋈⋈⋈≻⊞⊤⋈⊥∈⋈⊤∈⊤∈∋⋈⊡∈⋈⊞⊤∈⋈⊞⋈⊤∈∋⊤∈⊞≺⊞⊞≺∋⋈⋈∋⋈⋈⊞≺∋⊤⊥⊤∈⊤⊥⊞⊞⊥⊤⊥⊞∈⊤∈⊤∈⊤∈∋⋈⋈⋈≻∋∋∋⋈⊤∈⋈⋈∋⋈⊞⊤∈⋈⊞∈∋⊞⋈⋈⋈⋈⋈⋈≻⊤∈⋈⋈≺∋≻⋈⋈⋈⋈≺⊤∈⋈⋈⋈⋈⋈≻⋈⋈⋈⋈≺⋈∋∋⋈⋈⊞⋈⊞⊤∈⋈⋈⋈⋈⋈≻⋈≺∋⋈⊞⋈⋈⊙⊞⋈∋∋⊤∈⋈⊙∋⋈⋈⋈⋈≻⋈⊤⋈∈⋈⋈⋈⋈⊤∈⋈≻⋈∋⋈⋈⊞⋈⋈⊞⋈∈⋈≻≺∋∋∋⊣⋈⊞⋈⋈⋈≻⋈⋈⊤∈∋⋈⋈⊤∈⊤∈∋⊞⋈⋈⋈⋈⋈⋈⊣∋⋈⊞⋈⋈⋈⋈⋈⋈⊙
0x60850d0	⊢⋈⋈⋈⋈⋈⋈⋈⊞⋈⋈⋈⋈⋈⋈⋈⋈⋈≻⊤∈⋈⋈⊤∈⋈⊞⋈⋈⋈⋈⋈⋈⊙⋈⋈⋈⋈⋈⊞⊡⋈⋈⋈⋈⋈≻⋈⋈⋈⊞∈⋈⋈⋈⋈⋈⋈⋈⋈⋈⋈⋈⋈⋈⋈⋈⋈⋈⋈⋈⋈⋈⋈⊡⊡⋈⊤⊥⋈⊤⊥⊞⋈∈⋈⋈⋈⊞⋈⋈⋈⋈≺∈⋈⊞⊥⋈⊞⊥⊞∈⋈⊤∈⊞⋈⊞⋈⋈⊙⊤∈⊞⊤∈⊤∈⊡⊡⋈⊞⊡⊞⊞⊤∈∋∋∋∋∋⊞⊞∈∋⋈⋈⊤⋈⋈⋈∈⋈⊤∈≺⋈⋈⊞⊥⊤⊥⊞∈⋈⊞⋈⊞⋈∈⊤∈⋈⊞⋈⊞⋈⋈⊤∈⋈⊤∈∋⋈⊤∈⋈⋈≻⋈≺⋈⋈⋈⋈⊙⋈⊞⋈⋈⋈≻⊤∈⋈⋈≻⋈⋈⋈⋈⋈≺∋∋⋈⊤∈⋈⋈⊤⋈∈⊞⊤⊥≺∋⋈⋈⋈⋈⋈⋈⋈⋈≻⋈⊞⊤∈⋈≺⋈≻⋈⋈⊤∈⋈⋈⋈≻⋈⊤∈∋⊤⊥⋈⋈⋈⊙⋈⋈⋈⋈⋈⊞⊥⊞∈⊤⊥⊞≺∋⊤∈⊤∈∋⊤∈⋈⋈⋈⋈⋈⋈≻⋈⋈⋈⋈⊞⋈⊞≺∋⋈≺∋⊞⊤∈⋈⋈⋈⋈⋈≻⋈⋈≺∋⊞⋈⋈⋈⊙⊞⋈⋈⋈⋈≻⊤∈⊤∈⋈⊙∋⊤⋈⋈∈⋈⊙⋈⋈⊡⊡⋈⋈∋⋈⊤∈⋈⊙≺⋈⋈≻≺⋈⋈⊞⊤∈⋈⋈⋈⋈⊤∈⋈⊙∋⊤∈⋈⊙∋⋈⊙⋈≺⋈≻⊤∈∋∋⋈⋈⋈≻∋∋⋈⋈⋈⋈≻⊤∈⋈⋈≻⋈⋈⋈⋈⊙⋈⋈⋈≺∋⋈⊤∈⋈⋈⋈⋈≻⊤⋈∈⋈⋈⋈⊤∈⋈≻∋⋈⋈⊞⋈⋈⊞⋈∈⋈≻≺⋈⋈⋈⋈≻⋈⋈⋈⊤∈⋈⋈⋈≻⊤∈⊤∈⋈⋈⋈⊙⊤∈⋈⋈⋈⋈⋈⋈⋈⊡⊡⋈⋈⋈⋈⊡⊡⋈≺∋∋⊤∈⋈⊙∋⋈∋⋈∋∋⊤⋈∈⋈⊙∋⋈≺⊞⊤∈∋≺∋∋∋⋈≺∋⋈∋∋∋∋∋⋈⋈⋈⋈≻⋈⋈⋈⋈⋈⋈⋈⋈⋈⋈⋈⋈⋈⋈⋈⋈⋈⋈⋈⋈⋈⋈⋈⋈⋈⋈⋈⋈⋈⊡⋈⋈⋈⊡⋈⋈⋈⋈⊡⊡⋈⋈⋈⋈⋈⋈⋈⋈≻⋈⋈⊤∈⋈⋈⋈⊙⊡⊡⋈⋈⊡⊡⋈⋈⋈⋈⊤∈≺∋⋈⋈≻⋈⋈⊙⊤∈∋⋈⊙∋∋∋⊞⋈⋈⋈⋈⋈⋈⊣
0x609c6e0	⊢⋈⋈⋈⋈⋈⋈⋈⋈⊤∈≻∋⋈⋈⋈∈⋈⋈⊤∈⋈⋈≻⊤∈⋈⋈⊤∈∋⋈≻≺∋∋⋈⋈⊞⋈⋈⋈⊞⋈⊤∈⋈⋈⋈≻∋⋈⋈≻⋈⊤∈⋈⊙∋⋈≻⋈⋈⋈⋈⋈⋈⋈⊞⋈⊞⋈⊞⋈⋈⋈⋈⋈⋈⋈⊞⊙⋈⋈⋈⋈⋈⋈≻⊤⊥⊤⊥⊞⊤⊥⊞⊞⋈⋈⋈⋈⋈⋈⊣⋈⋈⋈⋈⊞⋈⋈⋈⋈⋈⋈⊣
0x60a35e0	⊢⋈⋈⋈⋈⋈⋈⊞⋈⋈⊤∈⋈⊞∈⊞⋈⊤∈⊤⋈∈∋∋∋⊤∈⋈⊞⊡∈∋⋈⋈⋈∈∈∈⊤∈⋈⋈⊤∈∋⋈⊡∈⋈⊤∈⊤⋈⊥⋈⋈⋈⋈⋈⊞⊞⊙⊤∈⊙⊤∈∋∋∋⋈⊤∈∋⋈⊞∈⊞⋈⋈⊤∈∋⊤⋈∈∋≺∋∋⊞⋈⋈⋈⋈⋈⊣
0x607da70	⊢⋈⋈⋈⋈⋈⋈⋈⊞⋈⋈⊤∈⋈⊡∈⊞⋈⊤∈⊤⋈∈∋∋∋⋈⊞⋈⋈≺∈∈∈∈∈⋈⊞⊤∈⋈⊞⊞⋈⊤⊥⊞∈∋⊤⊥⊤⊥⊞⊤⊥⊤∈∋⋈⊡∈∋⊞⋈⋈⋈⋈⋈⋈⊣⊤∈⋈⋈⋈≻⊤∈⋈⋈⊞⊡∈∋≺∋⋈⊡∈⋈⊤∈⊤⋈⊥⋈⋈⋈⋈⋈⊞⊞⊙⊤∈⊙⊤∈∋∋∋⋈⋈⊤∈∋⋈⊡∈⊞⋈⋈⊤∈∋⊤⋈∈∋≺∋
0x6064af1	⊢⋈⊤∈⋈⊞⊤∈≻⋈≺⊤∈⊡⊡⊞⊞⊤∈⊞⋈∈⊤∈⊤∈∋⊞⊡⊞⊞⊞⊤⊥⊞⊞≺⊡⊞⊞⊞⊤∈∋⋈⊞⋈≺∋⊞⊞⋈⊞∈⊤∈⋈⊤⋈∈∋≺∋⋈≺∋∋∋∋⋈⋈⊣
0x60514ca	⊢⋈⋈⋈⋈⋈⋈⊞⋈⋈⋈⋈⋈⋈⋈≻⋈⋈⋈⋈⋈⋈≻⋈⋈⋈⋈≻⋈≻⋈≻⊞⋈⋈⋈⋈⋈⋈⊣
0x6056af6	⊢⋈⋈⋈⋈⋈⋈⊞⋈⊞⋈⊞⋈⊞⋈⊞⋈⊞⋈⋈⋈⋈⊞∈⋈⋈⊤⊥⋈⊤⊥⊞∈⋈⊡⊞⋈⊞⋈⋈⊤∈⋈⋈⊞⊞⋈⋈≺∋⊞⊤∈⋈⋈⋈≻⋈⋈⋈⊤∈⋈⋈≺⋈⋈⋈⋈⋈≻⋈⋈⋈⋈⋈⋈⋈⊤∈⋈⋈⋈⋈⋈⊙⋈⋈⋈⋈⋈⋈⊤∈⋈⋈⋈⋈⋈⋈⋈≻⋈⋈⋈⋈⊤∈⋈⋈⋈⋈⊙⋈⋈⋈⋈⋈⋈⋈⋈≻⋈⋈⋈⋈⋈⋈⋈⋈⋈⋈⋈⊤∈⊤∈⋈⊤∈⋈⋈⊞⊥⋈⊤⊥⊞∈⋈⋈⊤∈⋈⋈⋈⋈≻⊤∈⋈⋈⋈≺⊞∋⋈⋈≻⋈⋈≺∋⋈∋∈⋈⋈⋈⋈⋈⋈⋈⋈⋈⋈⊞⋈⋈⋈⋈⋈⋈⋈⋈⋈⋈⋈⋈⋈⋈⋈⋈⋈⋈⋈⋈⋈⋈⋈⋈⋈⋈⋈⋈⋈⋈⋈⋈⋈⋈≻⋈≻⋈⋈⋈⋈⊙⋈⋈⋈⋈⋈⋈⋈⋈⊙⊤∈⋈⋈⋈⋈⊙⋈⋈⋈⋈⊞⋈⋈∈⋈⊞⋈⋈≻⋈⊤∈⊤∈⊤∈∋⋈⋈⋈⋈⋈⊞⋈≻∋⋈⋈≻≺∋⊤∈⋈≻∋⋈⋈⋈⋈⋈⋈⋈≻⋈⋈⋈⋈≻⋈⊤∈⊤∈⊤∈∋⋈⋈⋈⋈⋈⊞⋈≻∋⋈⋈≻≺∋⊤∈⋈≻∋⋈⋈⋈⋈⋈⋈⋈≻⋈⋈⋈⋈⋈⋈⋈⋈⋈⋈⋈⋈⋈⊞⊤∈∋⋈⋈⋈⋈⋈⋈⋈⊙⋈≻⋈≻⊤∈⋈⋈⋈⋈⊙⋈⋈⋈⋈⊞⋈⋈∈⋈⋈⋈⊞⋈⋈∈⋈⊞⊞⋈⊞⋈⋈⊞⊤∈⊤∈⋈⊞⋈⋈⊤∈⊞⋈⊞⋈≻≺⊞⊞⊞⊞⋈⋈⋈⊞⊞⋈⊞⊞⋈⊞∈⊤∈⋈⋈⊤∈∋⋈⋈⋈⋈⋈⋈⋈≺∋⊞⊤∈∋⊤⋈∈⋈⋈⋈⋈⋈⋈≺∋⋈⋈⋈⋈⋈⋈⋈⋈⋈⋈⋈⋈⊞⊞∈⊤∈⊤∈⊤∈∋⋈⋈⋈⋈⋈⋈⋈≻⋈≺∋⋈⋈⋈⋈⋈⋈⋈⊤∈⋈⋈⊤∈∋⋈⋈≺⋈≺⊤∈⊤⊥⊤∈⋈⋈⋈⋈⋈≻⋈≺∋⋈⋈⋈⋈⋈⋈⋈⋈⋈⊤⊥⊤∈⋈⋈⋈⋈⋈∋⋈≻⋈⋈≺∋∋⋈⋈⋈⋈⋈⋈⋈⋈⋈⊤∈⋈⋈⋈≻⋈⊞⋈⊞⋈⋈≻⋈⋈⊞⊤∈∋⋈⋈⋈≻⊞⊞⋈⋈≻⋈⋈≺∋⋈⊞⋈⊞⋈⋈⋈⋈≻⋈⋈⋈⋈≻⋈⊤∈⋈⋈⋈≻∋⋈⊤∈⋈⋈⋈≻∋⋈⋈⋈⋈⋈⋈⋈⋈⋈⋈⋈⋈⋈≻⋈⋈⋈⋈⋈⋈⋈⊤∈⋈⋈⋈≻∋⋈⋈⋈⋈⋈⋈⋈⋈⋈⋈⋈⋈⋈⋈⋈≻⋈⋈⋈⋈⋈⋈⋈⋈⊤∈⋈⋈⋈≻∋⋈⊤∈⋈⋈⋈≻∋⋈⊤∈⋈⋈⋈≻∋⋈⊤∈⋈⋈⋈≻∋⋈⊤∈⋈⋈⋈≻∋⋈⋈⊤⋈⋈∈∋⋈⋈⋈⋈⋈⋈⋈⋈⋈⋈⋈⋈⋈⋈⋈⋈∋∋⋈⋈⋈⋈⋈⋈⋈⋈⋈⋈⊞⋈⋈⋈⋈⊞⊞⊤∈∋⋈⋈⋈⋈⋈⊙⊞⋈⊞⋈⋈⊙⋈⋈⊤∈∋⋈⋈⋈⋈⊙⊞⋈⋈⋈∈⊞⋈⊞⋈⋈⊞⋈⊞⊞∈⋈⊤∈⊞⊞⊤∈∋∋⊞⊞∈⊤∈⊤∈⋈⊞⋈⊞⊞⋈⋈⊞⊞⊞⊞⊞⊞⊞⊞⋈⋈≻≺⊞⊞⊤∈∋≺∋⋈⊤⊥⊤⊥⊤∈⋈⋈⋈⋈⋈⋈≻≺∋⋈⋈⋈⋈⋈⋈⋈⋈⋈∋⋈⋈⋈⋈⋈⋈⋈⋈⋈⊞⋈⋈⋈⋈⊞⊤∈∋⊤∈∋⋈⊤⋈∈⋈≺⊤∈⋈⋈⊞⊥⊞⊤⊥⊞∈⊤∈⋈⊞⋈⋈⋈≻⊤∈⋈⋈≺∋⋈⋈⋈⊙⊞∋⋈⋈≻∋⋈⊞∋⋈⋈⋈⊙⋈⋈⋈⋈≺∋⋈⋈⋈≺⋈⋈⋈≺∋∋∋⋈⋈⋈⋈⊙⋈⋈⋈⊙⋈⋈⋈⋈⋈⋈⋈⋈≻≺⋈≻≺⋈⋈⊙⊤∈⋈⋈⋈⋈⋈⋈≺∋∋∋⋈⋈⋈⋈⋈⋈∋⋈≻≺∋∋⋈⋈⊙⊤∈∋⋈⋈≻∋⋈⋈≻∋⋈⋈≻⋈⋈⋈⋈⋈≻⋈⊤∈⋈⋈≻⋈⋈⋈⋈⋈⋈⊞⋈⋈⋈⋈⋈⋈⋈⋈⋈⋈⋈⋈⊞∈⋈⊤∈⋈⋈⋈⊤∈⋈⊤∈⋈⋈≺∋⊞∈⊤∈⋈⊤⋈∈∋∈∋∋⋈⊤∈⊤∈⊤∈∋⋈⋈⊤∈⊤∈⊤∈∋⋈⋈⊤∈⋈⋈⋈⋈⋈⋈≺⋈⋈⊤∈⋈⋈⋈⊞⋈⋈⋈⋈⋈≺∋∋⊤∈⋈⋈⋈⋈⋈⋈⋈≺⋈⋈⊤∈⋈⋈⊞⋈⋈⋈≺∋∋⊤∈⋈∈⊞⋈∈⊤∈⊞⊤∈≺⋈⊤⋈∈∋∈∋∋⋈⋈⋈⋈⊤⋈⋈⋈⋈⋈⋈⋈⋈∈⊤∈⋈⋈≺⊤∈⋈⊞⋈⋈≺∋∋⊤∈⋈⋈≺⊤∈⋈⊞⋈⋈≺∋∋⊤∈⊞⊙⋈⋈⋈⋈⊤∈⊤∈⋈⋈≺⊤∈⋈⊞⋈⋈≺∋∋⊤∈⋈⋈⋈⋈≺⋈⋈⊤∈⋈⋈⊞⋈⋈⋈≺∋∋⊤∈⊞⊙⋈⋈⋈⋈⊤∈∋∋∋∋⋈⊤∈⋈⋈⋈≻⋈⋈⋈⋈∋⋈⋈⋈⋈⊤∈⊤∈⋈⊤∈⋈⋈⊞⊥⋈⊤⊥⊞∈⊤⋈∈⋈⋈⋈⋈≻⋈⋈⊤∈⋈⋈≺∋⋈⋈⋈⊙⋈⋈⋈⋈⋈⋈⋈≺⊞∋⋈⋈≻⋈⋈≺⋈≺∋∋⋈∋⋈⊤∈⋈⊤∈∋⋈⋈⋈⊤∈⋈⋈⋈⊞⊥⋈⊤⊥⊞∈⋈⋈⊤∈⋈⊞⋈⋈⋈≻⋈⋈⊤∈⋈⋈≺∋⋈⋈⋈⊙⋈⋈⋈⋈⋈⋈⋈⋈≺⊞∋⋈≻⋈⋈⋈⋈≺⋈⋈⋈≺∋∋⋈∋⋈⋈⊞∈⋈⊤∈⋈⋈⋈⋈⋈⋈⋈≻⋈⋈⋈⋈⋈⋈⋈⋈∋⋈⊤∈⋈⋈⋈⋈⋈⋈⋈≻⋈⋈⋈⋈⋈⋈⋈⋈∋∋⋈⋈⋈⋈⋈⋈⋈⋈⋈⋈∋⊤∈⊤⊤≺∋⋈∈⋈⋈⋈⊤∈⋈⊤∈⊤∈⊤∈⋈≺∋⊞∈⊤∈⋈⊤⋈∈∋∈∋∋⊤∈∋⊤⊤≺∋⋈⋈∈⊤∈⊤∈⊤∈∋⊤∈⋈⋈⋈≺⊤∈⋈⊞⋈⊞⋈⋈⋈⋈≺∋∋⊤∈⋈⋈⋈≺⊤∈⋈⊞⋈⊞⋈⋈⋈⋈≺∋∋⊤∈⊞∈⊤∈⊞⊤∈⋈⊤⋈∈∋∋∈∋⋈⊤∈⊤∈⋈⊤∈⋈⋈⊤⊥⋈⊤⊥⊞∈⋈⊤∈⋈⋈⋈⋈⋈≻⋈⋈⊤∈⋈⋈≺∋⋈⋈⊙⋈⋈⋈⋈≺⊞∋⋈≻⋈⋈⋈≺∋∋⋈∋⋈⊤⋈⋈∈⊤∈∋⋈⊤∈⋈⋈⊤⊥⋈⊤⊥⊞∈⋈⊤∈⋈⊞⋈⋈⋈≻⊤∈⋈⋈≺∋⋈⋈⋈⊙⋈⋈⋈⋈⋈⋈≺⊞∋⋈≺⋈⋈⋈≺∋∋⋈∋⋈⋈⋈⋈⋈⋈⋈⊤⋈⋈∈⊤∈⋈⊤∈⋈⋈⊤⊥⋈⊤⊥⊞∈⊞⋈⋈≺⋈≺∋∋⋈∈⋈⋈⋈⋈⊤∈⊤∈⊤∈⋈⋈⊤⊥⋈⊤⊥⊞∈⋈⋈≺⋈≺∋∈⋈∈⋈⋈⋈⋈⋈⋈⋈≻⋈⋈⋈⋈⋈⊞⊞⋈⊤⋈⋈∈⋈⋈⋈⋈⋈⋈⊞⊤⋈⊥⊤⋈⋈⋈⋈⊥⊥⋈⋈⊤⊥⋈⋈⋈⊤⊥⊞⋈⋈⋈⋈⋈⋈⋈⋈∈⋈⋈⊤∈⋈⋈⋈⋈⋈⋈⋈⋈⋈⋈⊤⋈⊥⋈⋈⋈⊤∈⋈∋⊤∈⊤⋈⋈⊥⊤⊥⊤⋈⋈⊥⊤⊥⋈∈⊤∈⋈⊤⋈∈∋∋∈⊤∈⊤⋈⋈⊥⊤⊥⋈∈⊤∈⋈⊤⋈∈∋∋∈∋⊤⋈∈⊤⋈∈⋈⊤∈⋈⋈⊤⊥⊤⊥⊞∈⊞⋈⊤∈⋈⊞⋈⋈⋈⋈≻⊤∈∋⋈⋈≻∋⋈⋈⊤∈⋈⊞⋈⋈⋈≻⋈⋈⊤∈∋⋈≻∋⋈∋⋈⋈≺∋⋈⋈⋈⊙⋈⋈⋈⋈≺∋⋈⋈≺∋⋈⋈⋈⊙⋈⋈⋈≺⋈⋈≺∋⋈⋈∋⋈≺∋⋈⋈⋈⊤∈⋈⊤∈⋈⊤∈⊤∈⊞⋈⋈⊤∈⋈⊞⋈⋈⋈≻⊤∈⋈≺∋⋈⋈≻∋⋈⊤∈⋈⊞⋈⋈⋈≻⊤∈⋈⋈⋈≺∋⋈⋈⊙⋈≺∋⋈⋈≺∋⋈⋈⋈⊙⋈⋈⋈⋈⋈⋈≺⋈⋈≺⋈≺∋∋⋈∋⋈⋈⋈⊤∈⊤∈⋈⋈⋈⊤∈⋈⋈⊤⊥⊤⊥⊞∈⊞⋈⊤∈⋈⊞⋈⋈⋈⋈≻⊤∈⋈≺∋⋈⋈≻⋈⋈≺∋⋈⋈⋈⊙⋈≺⋈⋈⋈≺⋈⋈≺∋∋⋈∋⋈⋈⋈⋈⋈⋈⋈≻⋈⋈⋈⊤∈⋈∋⋈⋈⋈⊤⋈∈⋈∋⊤∈⊤⋈⋈⊥⊤⊥⊤⋈⋈⊥⊤⊥⊞⋈⊙⋈⊤∈⊤∈⋈⋈⋈⋈≻∋⊤∈⋈⋈⊞∈⊤∈∋⋈⋈⋈≻⋈⊤∈⋈⊤∈⋈⋈⊞⋈⊤∈∋⊞⋈∈⋈⊞⊞∈∋⊞⊤⊥≺∋⊤∈⋈⋈⋈⋈⋈≻⋈∋⋈⊤∈⋈⋈⋈⋈≻⋈∋⋈⋈⋈⋈≺∋∋⋈∋⊤∈⋈⋈⋈⋈≻⋈⋈⋈∋⊤∈⋈⋈⋈⋈≻⋈∋⋈⋈⋈⊤∈∋≺≺∋∋∋∋∋∋∋⋈⋈⊙⊤∈⋈⋈⋈⋈⊙⋈⋈⋈⋈≺≺∋∋∋∋∋∋∋∋∋⋈⋈⊙⊤∈∋⋈⋈≻∈⋈⊞∈∈⊤∈⊡∈⊤∈⋈⋈⊞⊤∈⋈⋈⋈⊤⋈⋈∈∋∋∈∋⋈⋈≻⋈⋈⋈≻⋈⋈⋈⋈⋈∋∈∈⋈⊤∈⋈⋈≺⊤∈⋈⊞⋈⋈≺∋∋⋈⋈⊤∈⋈∋⊤∈⊤⋈⋈⊥⋈⊤⊥⊞∈⊤∈⋈⊤⋈∈∋∋∈⋈⋈⋈≻⊤∈∋∋⋈⋈⋈⋈⋈⋈⋈⋈⋈⋈⋈≻⋈⋈⋈⊤∈⋈⋈⋈≻∋⋈⋈⊤∈⋈⋈⋈≻∋⋈⋈⋈⋈≻⋈⋈⋈≻⋈⋈⋈⋈⋈≺∋⋈≻⋈⋈⋈⋈⋈⋈⋈⋈⋈⋈⋈⋈⋈⋈⋈⋈⋈⋈⋈⋈⋈⋈⋈⋈⋈⋈⋈⋈⊤∈⋈⋈⋈≻∋⋈⋈⊤∈⋈⋈⋈≻∋⋈⋈⊤∈⋈⋈⋈≺∈≻∋∈⋈⋈⊞⊞⋈⊞≻⋈⋈⋈⋈≻⋈⋈≺∈⋈⊤∈⋈⋈⋈≻∋⋈⊤⋈∈⋈⋈≻∋⋈⊤∈⋈⋈⋈≻∋⋈⋈⊞⋈⊞⊞∈⋈⋈⋈⋈⋈⋈⋈⋈⋈⋈⋈⋈⋈⋈⋈⊡≺⊤∈⋈⋈⋈⋈⋈⋈≺∋⋈∋⊤∈⋈⊤∈⋈⋈⋈≻∋⋈⊤∈⋈⋈⋈≻∋⋈⋈≻∋⋈⋈⋈⊤∈∋⋈⋈⋈⋈⋈⋈≺⋈⋈⋈⋈⋈⋈⋈⋈⊤∈⋈⋈⋈⋈⋈⋈⋈⋈⋈≺⋈⋈⋈⋈≻⋈⋈⋈≻⋈⋈⋈⋈≻⋈⋈⋈⋈⊞⊞⋈⋈⋈⋈⋈⊤∈⋈⋈⋈⊤⋈⊥⊤∈∋⊞⋈⋈⋈≺∋⋈⋈⋈⋈⋈⋈⋈∈⋈⊞⋈⊤∈⋈⋈⋈⋈⋈⋈⋈⋈⋈⊤⋈⊥⊤∈⊤∈⊤⋈⋈⊥⋈⋈⊥⊤⊥⋈⊥⊞∈⋈⊤∈⊤∈⋈⊤⋈∈∋∈∋∋⊤∈⊤⋈⋈⊥⊤⊥⋈∈⊤∈⋈⊤⋈∈∋∋∈∋⋈⋈⋈⋈⋈⋈≻⋈⋈⋈⋈⋈⋈⋈≻⋈⋈⋈⊤∈⋈∋⋈⋈⋈⊤⋈∈⋈∋⊤∈⊤⋈⋈⊥⊤⊥⊤⋈⋈⊥⊤⊥⊞∈⊤∈⊞⊤∈⋈⊤⋈∈∋∋∈∋⋈⋈⋈⋈⋈⋈⋈∋⋈⋈⋈⋈⋈⋈⋈≺∋⋈⋈⋈≻⋈⋈⋈⋈⋈⊤∈⋈⋈⋈≻∋⋈⋈⋈⊤⋈⋈⋈⋈∈⋈∋⊤∈⊤⋈⋈⊥⊤⊥⊤⋈⋈⊥⊤⊥⊞∈⊤∈⋈⊤⋈∈∋∋∈∋⋈⊤∈⊤∈⋈⋈⊤∈⋈⋈⊤⊥⋈⊤⊥⊞∈⊞⊤∈⋈⋈⊞⋈⋈⋈≻⋈⊤∈∋⋈≺∋⋈⋈≻⋈≺∋⋈⋈⋈⋈⊙⋈⋈⋈⋈≺⋈⋈⋈⋈≺⋈≺∋⋈∋∋⋈⋈⋈⊤∈⋈⊤∈⋈⊤∈⋈⋈⊤⊥⋈⊤⊥⊞∈∋⊞⊤∈⋈⋈⊞⋈⋈⋈≻⋈⊤∈⋈≺∋⋈⋈≻∋⋈⋈⋈⋈⋈⋈⋈⋈⋈⋈⋈≻⋈⋈⋈⋈⋈⊤∈⋈⋈⋈≻∋⋈⊤∈∋⊤∈⋈⋈⋈⋈≻⊤∈∋∋∋⋈⋈⋈⋈⋈⋈⋈⋈⋈⋈⋈≻⋈⋈⋈⋈⋈⋈⊤∈⋈⋈⋈≻∋⋈⊤∈⊤∈⋈⊤∈⊤∈⊞∈⋈⋈≻∋⊤∈⋈⊞⋈⋈⋈≻⊤∈∋⋈⋈≺∋⋈⋈⋈⊙⋈≺⋈⋈⋈⋈≺∋⋈∋⋈∋⋈⋈⋈⋈⋈⋈⋈⋈⋈⋈≻⋈⋈⋈⋈≻⋈⋈⊤∈⋈⋈⋈≺⋈⊤∈⋈⊞⋈⋈≺∋∋⊤∈⊞⋈⋈⋈⊙⊤⊥≺∋⋈⊤∈⋈⋈⋈⋈≻∋⊤∈⋈⋈⊤∈⊤∈⋈⋈⊤∈⋈⋈⊤⊥⊤⊥⊞∈∋⊞⊤∈⋈⊞⋈⋈⋈≻⊤∈∋∋⋈⋈⋈≺∋⋈⋈⋈⊙≺⋈⋈≺⋈≺∋∋⋈∋⋈⋈⋈⋈⋈⋈≻⋈⋈⋈⋈⋈⋈⋈⋈⊤∈⊤∈⋈⊤∈⋈⋈⋈⊤⊥⊤⊥⊞∈⊤∈⋈⊞⋈⋈⋈≻⊤∈⋈⋈≺∋⋈⋈⋈⊙⋈≺⋈⋈⋈≺∋⋈∋∋⋈⋈⋈⋈⋈⋈⋈≻⋈⋈⋈≻⋈⊤∈⊤∈⋈⊤∈⋈⋈⋈⊤⊥⊤⊥⊞∈⊤∈⋈⊞⋈⋈⋈≻⊤∈⋈⋈≺∋⋈⋈⋈⊙⋈≺∋⊞∋∋⋈≺∋∋⋈≻∋⋈∋⋈∋⊞⊞⋈⊞≻⋈⋈⋈⋈≻⋈⋈∋⋈⋈⋈⋈≺∋⋈∋⋈∋⋈⋈⋈⋈⋈⋈⋈⋈≻⋈⋈⊤∈⋈⋈⋈⋈≺⋈⊤∈⋈⊞⊞⋈⋈⋈≺∋∋⋈⊤∈⋈⋈⋈⋈⊤⋈⋈⊥⋈≺∋⊤∈⊞∈⊤∈∋⋈⊤⋈∈∋∋∈∋⋈⊤∈⋈≺∋⊤∈∋⋈⋈≺∋⋈⋈⋈⋈⋈⋈⋈⋈⋈⋈⋈≻⋈⋈⋈≺∋⊤∈⋈⋈⋈≻≺∋⋈⋈⋈⋈⋈⋈⋈⋈⋈⋈⋈≻⋈⋈≺∋∋⋈⋈⊤∈⋈⋈⋈≻∋⋈⋈⊤∈⋈⋈⋈≻∋⋈⊤∈∋⋈⋈⋈⋈∋⋈≺∋⋈⋈⋈⋈⊙⋈⋈⋈⋈≺⋈⋈≺⋈≺∋∋⋈∋⋈⋈⋈⋈⋈⋈⋈⋈⋈≻⋈⋈⋈⋈⋈⋈⋈⋈⋈≻⋈⋈⋈⋈⋈⊤∈⋈⋈⋈≻∋⋈⊤∈⋈⋈⋈≻∋⋈⋈⊤⋈⋈⊥⋈⊤⋈⋈∈⋈⋈∋⋈⋈⊤∈⊤⊥⊤⊥⊞∈⋈⊤∈⊤∈⋈⋈⋈⋈≻⋈⋈⋈⋈≺⋈⋈⋈⋈⋈⋈≻⋈⋈⋈⋈⋈⋈⋈⋈⋈≺⋈⋈⋈∋⋈⋈⋈≻⋈⋈⊤⊥⋈⊤∈∋⋈⋈⋈⋈⋈⋈≻⋈⋈⋈⋈⋈⋈⋈⋈⋈⋈⋈⋈≺∋⋈≺∋∋⊤∈⋈⋈≻∋⋈⋈⋈⊤⋈⋈⋈∈⋈∋⊤∈⊤⋈⋈⊥⊤⊥⋈∈⊤∈⋈⊤⋈∈∋∋∈∋⋈⋈⋈⊤∈⋈⋈⋈≻⋈∋⋈⋈⋈⋈⋈⋈⋈⋈≻⋈⊤∈⋈⊤∈⊤∈⋈⋈≻⊤∈⊤∈∋⋈⋈⋈≻⋈⋈⋈⋈⋈⋈⋈≻⋈⋈⊤∈⋈⊤∈⊤∈∋⋈⋈≻⋈⋈≻⊤∈⊤∈∋⋈⋈⋈⋈⋈⋈≻⋈⋈≺≺∋∋⋈⋈⋈⋈≻⋈⋈⋈⋈≻⋈⋈⊤∈⋈⋈⋈≻∋⋈⋈⊤∈⊤∈⋈⋈⊤∈∋⋈⊤∈≺∋∋⋈⋈⋈⋈⋈⋈≻⋈⋈⋈⋈⋈⋈⋈≻⋈⋈⋈⊤∈⋈⋈⋈≻∋⊤∈⋈⋈⋈⋈⋈⋈⋈⋈⋈⋈≻⋈⋈⋈⋈⋈⋈≻⋈⋈⋈⋈⋈⋈⋈⋈⋈⋈⋈⋈⋈⋈⋈⋈⋈∈⋈⊤∈⋈⋈⋈⋈⋈≻⋈⋈⋈≻⋈⋈⋈⋈⋈≻⊤∈⋈⋈≻⊤∈⋈⋈⋈⋈⋈⋈⋈⋈⋈≻⋈⋈⋈⋈⋈⋈⋈≻⋈⋈⋈⊡⋈≻⋈⋈⊤∈⋈≺∋⋈⋈⊤∈⋈⋈⋈≻∋⊞⊞⊤∈∋⋈∋⋈⋈≻⋈⋈⊤∈⋈⋈⋈≻∋⋈⋈⊤∈⋈∋∋⋈⋈≻⋈∋⋈⋈⋈⋈⋈⋈≻⋈⋈⋈⊤∈⋈⋈⋈⋈≻∋∋⋈⋈⊤∈⋈∋⋈⋈≻∋∋⋈⋈⊤∈⋈⋈⋈≻∋⋈≻≺≺∋∋∋⋈⋈⊤∈⋈⋈⋈≻≺⊤∈⋈⋈≻⋈⋈∋⋈⊤∈⋈⋈⋈⊤∈⋈⋈≻⋈⋈⋈∋⋈⊤∈⋈⋈⋈≺∋≻⋈⋈∋∋⋈∋∋∋⊤∈⋈⋈⋈≻⋈⋈⋈∋⊤∈⋈⋈⋈⋈⋈≻⋈⋈⋈≺∋∋⊤∈∋≺⋈∋∋⋈∋∋⋈≻∋⋈⋈≺⋈⋈⋈⋈⊙⋈⋈⋈∋⊞⋈∋∋∋⊞⋈⋈⋈⋈⋈⋈⊣⋈⊣⋈⋈⋈⋈⋈⋈⋈⋈⋈∋⋈⋈⋈⋈⋈⋈∋⋈⋈⋈⋈⋈⋈⊞⋈∋⊞⋈⋈⋈⋈⋈⋈⊣
0x605095d	⊢⋈⋈⋈⋈⋈⋈⊞⋈⊞⋈⊞⋈⋈⋈⋈⋈⋈≻⋈⊤∈⋈⋈⊞⋈⋈⊞∈⋈⋈⊞⊞⊞∈⋈⋈≻⋈⋈⋈⋈⋈⋈⋈⋈⊞⊤∈∋⋈⋈≻⋈⋈⋈⋈⋈⊙⋈⋈⋈⋈⊙⋈⊞⊞⊞⊞⋈∈⋈⊞⋈⊞⋈⋈⊙⋈⊞⋈⊤∈∋⋈⋈⊞⊞⊤⋈∈∋⋈⋈⋈⊤∈⊞∈⋈⋈≻∋⊤∈⋈⊞⋈⋈⋈⋈≻⋈⋈⋈⊤∈∋≺∋⋈⋈⋈⋈⊤⋈⋈∈⋈⋈⋈⊞⋈∈⋈⋈≻⊤∈⋈⊞⊞⋈⋈⋈⊞⋈∈⋈⋈⋈⋈⊞∈⋈⋈⋈⋈⋈≻⋈⊤∈⋈⋈⋈⋈⋈⋈⋈⋈⋈⋈⋈⊙⊤∈⋈⋈⋈⋈⋈⋈⋈⋈⋈⋈⋈⋈⋈⋈⋈⋈⊤∈∈∈⋈⊞⋈⋈⋈≻⋈⊤∈⋈⋈⋈⋈⋈⋈⋈⋈⋈⋈⊤∈⋈⋈⋈⋈⋈⋈≻⋈⋈≺∋⋈⋈⋈⋈⋈⋈⋈⋈⋈⋈⋈⊞⋈⊤∈∋≺⊤∈∋≺∋∋⋈⋈⋈⋈⊤∈∋⋈⊞⊞≺∋⋈⋈⋈⋈⋈⋈⋈⊤∈∋⋈⋈⋈⋈⋈⋈⋈⋈⋈⊤⋈∈∋⋈⋈⋈⋈⋈≺∋⋈⋈⋈⋈≻⋈⊤⋈⋈∈⋈⋈∈⋈⋈⋈⊞⊥⊤∈⊤∈∋⋈⋈⊙⊤∈⋈⋈⋈⋈⋈⋈⋈⋈⋈⋈⋈⊞⋈⋈≻⊡⊞⊞⋈⋈⊞⋈⋈∈⋈⋈⋈⊤∈⊞⋈⊞⋈⊤∈⋈⋈⋈⊤⋈∈⊞⋈⋈⊞⋈⋈⊞⋈⋈⋈⋈⋈⊞⊞⋈⋈⊞∈⋈⋈⊞⊤∈⋈⋈≻∋⋈⋈≻∋⋈≻∋⋈⋈⋈≻∋⋈⋈≻∋⋈⋈≻∋⋈⋈≻⊞⊞⋈⊞⋈⋈⋈≻⋈⋈⋈⋈⋈⋈⋈⋈⋈⋈⋈⋈≻⋈⋈⋈⋈⋈⋈⋈⊤∈⋈⋈⋈≻∋⋈⋈⋈⋈⋈⋈⋈⋈⋈⋈⋈⋈⋈≻⋈⋈⋈⋈⋈⋈⋈⊤∈⋈⋈⋈≻∋⊞⊤∈∋≺∋⋈⋈⋈⋈⋈⋈⊞⋈⋈⋈⋈⋈⋈⊞⊤⋈⋈⋈⋈∈∋⋈⋈⋈⋈⊙⋈⋈≻⋈⋈⋈⊙⋈⊤∈∋∋⋈⋈⋈⊙≺∋⊤∈⊞∈⋈⋈⋈⋈⊤∈⋈⋈⊞∈⋈⊞⋈⋈⋈⊤∈⊞⋈∈⋈⊤∈⋈⋈⋈≻⋈∋⋈⊤∈⋈⋈⋈≻⋈∋⊞⊞∈∋⋈∋⊞⋈⋈⋈⋈≻⊤∈∋⋈⋈⋈⋈∋⊞⋈⋈⋈⋈≻⊤∈∋∋⋈⋈⋈⋈≻⋈⊤∈⊞⋈⋈∈⋈⋈≻⋈⊞⊞⊤∈∋∋⋈⋈⋈⋈≻⊞⋈⋈⋈⋈⋈⋈⊣
0x60aa2c9	⊢⋈⋈⋈⊞⋈⋈⋈⋈⋈⋈⋈≻⋈⊤∈⋈⊞⋈⋈⊞⋈⊙⊤⊥≺∋⋈⋈⋈⋈≻⋈⊞⋈⋈⋈⊣
0x609c860	⊢⋈⋈⋈⋈⊞⋈⋈⋈⊤⋈⊥⋈⋈⋈⋈⋈≻⊤∈⋈⋈≻⋈⋈⋈⊞⋈⋈⋈⊣
0x609d500	⊢⋈⋈⋈⋈⊞⋈⋈⋈⊤⋈⊥⋈⋈⋈⋈⋈≻⊤∈⋈⋈≻⋈⋈⋈⊞⋈⋈⋈⊣
0x609d700	⊢⋈⋈⋈⋈⊞⋈⋈⋈⊤⋈⊥⋈⋈⋈⋈⋈≻⊤∈⋈⋈≻⋈⋈⋈⊞⋈⋈⋈⊣
0x60999b0	⊢⋈⋈⋈⋈⊞⋈⋈⋈⊤⋈⊥⋈⋈⋈⋈⋈≻⊤∈⋈⋈≻⋈⋈⋈⊞⋈⋈⋈⊣
0x60984f0	⊢⋈⋈⋈⋈⊞⋈⋈⋈⊤⋈⊥⋈⋈⋈⋈⋈≻⊤∈⋈⋈≻⋈⋈⋈⊞⋈⋈⋈⊣
0x6044e0f	⊢⋈⋈⋈⋈⋈≻⋈⊤∈⋈⋈≻⋈⋈⋈⋈⋈≻⋈⊤∈⋈⋈≻⋈⊣⋈⊣
0x6090130	⊢⋈⋈⋈⋈⊞⋈⋈⋈⊤⋈⊥⋈⋈⋈⋈⋈≻⊤∈⋈⋈≻⋈⋈⋈⊞⋈⋈⋈⊣
0x602ec41	⊢⋈⋈⋈⋈⋈≻⋈⊤∈⋈⋈≻⋈⋈⋈⋈⋈⊞⋈⋈⋈⋈⊤∈⊤∈⊤∈⊤∈∋⋈≺≺⊞⊤⊥⊞⋈⋈⋈⋈⋈⋈≻⋈⊤∈⋈⋈⊤∈⊞≺⊤∈⋈⊞⋈∈⊤∈⊞⋈⊞⊤⋈∈∋⊤∈∋⋈⋈≺∋∋∋⋈⊞⋈⊤∈⊤∈⋈⋈⋈≻⋈⋈⋈≺⊤∈⊞⋈⋈≻⋈⋈≻⋈⋈⋈≺⋈⊤∈⊤∈⋈≺∋∋∋∋∋∋∋∋∋⋈⋈⋈⋈⋈⋈⋈⊞⋈⋈⋈⋈⋈⊣⋈⊣
0x607bd1e	⊢⋈⋈⋈⋈⋈≻⋈⊤∈⋈⋈≻⋈⊣
0x6090400	⊢⋈⋈⋈⋈⊞⋈⋈⋈⊤⋈⊥⋈⋈⋈⋈⋈≻⊤∈⋈⋈≻⋈⋈⋈⊞⋈⋈⋈⊣
0x609c670	⊢⋈⋈⋈⋈⊞⋈⋈⋈⊤⋈⊥⋈⋈⋈⋈⋈≻⊤∈⋈⋈≻⋈⋈⋈⊞⋈⋈⋈⊣
0x6063757	⊢⋈⋈⋈⋈⋈⋈≻⋈⊤∈⋈⋈≻⊞∈⋈⋈⋈⋈⋈⊞⋈⋈⋈⋈⋈⊤⊥⊞⊤⊥⋈⊤⊥⋈⋈⋈⋈⋈≻⊤∈⋈⋈⋈⋈⋈⋈≺∋⊞⋈⋈⋈⋈⊣⊞⊣⋈⊣
0x60638fc	⊢⋈⋈⋈⋈⋈⋈≻⋈⊤∈⋈⋈≻⋈⋈⋈⋈⋈⋈⋈⊞⋈⋈⋈⊤∈⋈∈⋈⋈⊤∈⋈⋈⋈≻⊞⋈⋈⋈⋈⋈⋈⋈⋈⋈⊡⋈∈⋈⋈⊞⋈∈⊤∈⋈⊤⊥⊞⊞⊞⊤∈∋⋈⊤∈≺∋⊞∈⋈⋈⋈⋈⋈⊤∈⋈⋈⋈⋈≻≺⋈⊤∈⋈∈∋⋈⋈⋈⋈⋈≻⋈⋈≺⋈⋈⊤∈⋈⋈⋈⋈≻⊞⋈⋈⋈⋈≻⊞≺∋⋈∋⋈⋈⋈⋈⋈⋈⋈⋈⋈≻⋈⋈⋈⋈⋈⊡⊤∈⋈⋈⋈⋈⋈⋈⋈⋈∈⊡⋈⊤∈⋈⋈⋈⋈⋈⋈⊤∈⋈≻≺⋈⋈≻⋈⋈⋈⋈⋈⋈⋈⊞∈⋈⋈≻≺⋈⋈⋈⋈⊤∈⋈⋈⋈≻⋈⋈⋈⋈⋈⋈⋈⋈⋈⋈⊞⋈⊡⋈⋈⋈≺⊤∈⋈⋈⋈≻≺⋈⊤∈⋈⋈⋈⋈≻≺⊞⋈⋈⋈⊤∈⊤∈⋈⋈⋈≻⊞≺⋈⊤∈⋈⋈⋈≻⊞∋⋈∋⋈⋈⋈≻⋈≺∋⋈⋈⋈⋈≻⋈⋈⋈⋈⋈⋈⊡⊤∈∋∋∋∋∋⊡⋈⋈⋈⋈⋈⋈⋈⋈≺∋⋈≺∋⊤∈⋈⊤∈⋈∈⋈⋈⊞⋈∈⊤∈⋈⊤⊥⊞⊞⊞⊤∈∋⋈⊤∈≺∋⊞∈∋∋⊤∈⋈≻∋⊞⊞⋈⋈⊡⋈≺∋⊞⋈≺∋∋∋⋈⊤∈⋈⋈⋈⋈≻≺∋∋⋈⊞⋈⋈⋈⋈⋈⋈⊣⋈⊣
0x60a1e90	⊢⋈⋈⋈⋈⊞⋈⋈⋈⊤⋈⊥⋈⋈⋈⋈⋈≻⊤∈⋈⋈≻⋈⋈⋈⊞⋈⋈⋈⊣
0x608a8f0	⊢⋈⋈⋈⋈⊞⋈⋈⋈⊤⋈⊥⋈⋈⋈⋈⋈≻⊤∈⋈⋈≻⋈⋈⋈⊞⋈⋈⋈⊣
0x609cbe0	⊢⋈⋈⋈⋈⊞⋈⋈⋈⊤⋈⊥⋈⋈⋈⋈⋈≻⊤∈⋈⋈≻⋈⋈⋈⊞⋈⋈⋈⊣
0x604c975	⊢⋈⋈⋈⋈⋈≻⋈⊤∈⋈⋈≻⋈⋈⋈⋈⋈⋈⊞⋈⋈⋈⋈⋈⋈⋈⋈⋈≻⋈⋈⊞⋈∈⋈⋈⊞⋈⋈⋈⊤∈⋈≻∋⊞⋈⋈⋈⋈≻⋈⋈⋈⊤∈⋈⋈⊞⋈⋈⋈⊤∈⋈≻∋⊞⋈⋈⋈⋈≻⋈⋈⋈⊤∈⋈⋈⊞⋈⋈⊤∈⋈≻∋⊞⋈⋈⋈⋈⋈⋈≻⋈⊤∈⋈⊞⋈⋈⋈⊙⋈⊤⊥≺∋⋈⋈⋈⋈⋈⋈⋈⋈⋈⋈⋈⋈⋈⋈⋈⋈⋈⋈⋈≺⋈⋈⋈⋈≻⋈⋈≺∋⋈⋈⊞⋈⋈⋈⋈⋈⋈≺⋈⋈∋⊞⋈⋈⋈⋈⋈⋈⊣⋈⊣
0x609d250	⊢⋈⋈⋈⋈⊞⋈⋈⋈⊤⋈⊥⋈⋈⋈⋈⋈≻⊤∈⋈⋈≻⋈⋈⋈⊞⋈⋈⋈⊣
0x60add89	⊢⋈⋈⋈⋈⋈≻⋈⊤∈⋈⋈≻⋈⋈⋈⋈⋈⋈⊤∈⊞∈⋈⋈≻∋⋈⋈∈⋈⊞⋈⋈⋈≻⋈⋈⊤∈∋≺∋⋈⋈⋈⋈⊙⋈⊞⋈⋈⋈⋈⊣⋈⊣
0x60a8540	⊢⋈⋈⋈⋈⋈≻⋈⊤∈⋈⋈≻⋈⋈⋈⋈⋈⋈⊞⋈⋈⋈⋈⋈≻⋈⋈⋈⋈⋈⋈⋈≻⋈⋈⋈⋈⊞≻⊤∈⋈⋈⊞⋈⋈⋈⊞∈⊤∈⋈⊞⋈⊞⊞∈⊤∈⋈≻⋈⊡⊞⊞⊞⋈⊞⋈⊞⊞⋈⊤∈∋⊤∈⋈⊞∈⊤∈∋⋈≻⋈⋈⋈⋈⋈⋈⊞⋈⋈⋈⋈⊞⋈⋈⋈≻⊤∈⋈⋈≻⋈⋈⋈⋈⋈⋈⊞⋈⊞⋈⊞⋈⊞⊥⋈⊤⊥⊞∈⊞∈⋈⋈≻∋⋈⋈⊤⋈∈⋈⊞⋈⋈⋈≻⊤∈∋≺∋⋈⋈⋈⊤∈⋈⋈⊞⋈∈⋈⊞∈⊞⋈⊞⊤∈⋈≻⋈∋⊞⋈⊞⋈⊤∈∋⊞⊤∈∋∋⋈⊤∈⊤⋈∈⊤∈⋈≻∋⋈⋈⋈⊞⋈⋈∈⋈⊞∈⊤∈⊞⊞⊤∈∋≺∋⋈∋∋⋈∋⋈⋈⋈⋈⊞⋈⋈⋈⋈⋈⋈⊣⊞⋈⋈⋈⊤∈⋈⋈⊞⊞⋈⊞∈⋈⊞⋈⊞⊞∈⋈⋈⊞⊤⊥⊞⊤∈⊤∈≻⋈⋈∋⋈⊞⋈⊞⊤∈∋≺⊞⊞∈∋≺⊤∈⋈⋈≻⋈∋⋈⊞⋈∋⊤⋈∈⊤∈⋈≻∋∋⋈⋈⋈∋⋈⋈≻⊞⋈⋈⋈⋈⋈⋈⊣⊡⊞⊞⊤⋈⋈∈∋∋∋⊞⊞⊤∈∋∋⋈⋈⋈⋈⋈⋈⋈≻⋈⋈⋈⋈≻⋈⋈⋈⋈≻⋈⋈⋈⋈≻⋈⋈⋈⋈⊞⋈⋈⋈⋈⋈⋈≺⋈⊣
0x6033640	⊢⋈⋈⋈⋈⊞⋈⋈⋈⊤⋈⊥⋈⋈⋈≻⊤∈⋈⋈≻⋈⋈⋈⊞⋈⋈⋈⊣
0x6064227	⊢⋈⋈⋈⋈⋈≻⋈⊤∈⋈⋈≻⋈⊣
0x6091090	⊢⋈⊞⊤∈⋈⋈⋈⊣⋈⋈⊞⊙
0x60a6820	⊢⋈⋈⋈⋈⋈⋈⋈⊞⋈⋈⋈⋈⋈⊤∈⋈≺⋈⊞⋈⊞⋈⊞⋈⊙⋈⋈≺∈∈∈⋈⊞⋈⊞⋈⊤∈⊞⊡∈∋⊤⊥⋈⋈⋈⋈⋈⊙⋈⋈⊤∈⋈⋈⋈⋈⊞⊙⊤∈∋∋⊞⋈⋈⋈⋈⋈⋈⊣⋈⊤∈⊞⋈⊡∈∋∋⋈⊡∈⋈⊤∈⊤⋈⊥⋈⋈⋈⋈⋈⊞⊞⊙⊤∈⊙⊤∈∋∋∋⋈≺∋
0x60a4e50	⊢⋈⋈⋈⋈⋈⋈⋈⊞⋈⋈⋈⊤∈⋈⋈⋈≻⋈⋈⋈⊞∈∋⋈⋈⋈≻⋈⋈⋈⋈⋈⊞⋈⋈⋈⋈⋈⊙⋈⊞⊞⋈⋈⊞⋈⊙⋈⋈⊞⋈⊞⊤∈∋⋈⋈⋈≻⋈⋈⊞⋈⋈⋈⊙⋈⊞⊞⊞⋈⋈⊙⋈⊞⋈⋈⋈⋈⋈⋈⋈⋈⋈⊞⋈⋈⋈⋈⋈⋈⋈⋈⋈⋈⋈⋈⋈⋈⊤⋈∈⊤∈⊤∈∋∋⋈⋈⋈≻⋈⋈⋈⊞⋈⊞⋈⊙⋈⋈⊞⋈⋈⊙⋈⊞⊞⊞∈⋈⋈⋈⊞⊤∈∋≺∋⊞⋈⋈⋈⋈⋈⋈⊣
0x60a5360	⊢⋈⋈⋈⋈⋈⋈⋈⊞⋈⋈⋈⊤∈⋈⋈⋈≻⋈⋈⋈⊞∈∋⋈⋈⋈≻⋈⋈⋈⋈⋈⋈⊞⋈⋈⋈⋈⋈⋈⋈⋈⋈⋈⊞⋈⋈⋈⋈⋈⋈⋈⋈⋈⋈⊞⋈⋈⋈⋈⋈⋈⋈⊞⋈⊙⋈⊞⊞⋈⋈⊙⋈⊞⋈⋈⋈⊙⋈⊞⊞⋈⊞⋈⊙⋈⊤⋈∈⊤∈⊤∈∋∋⋈⋈⋈≻⋈⋈⋈⊞⋈⊙⋈⊞⋈⊞⋈⊙⋈⋈⊞⊞⊡∈⋈⋈⋈⋈⊞⊤∈∋⊞⊞⊡∈⋈⋈⋈⊞⊤∈∋≺∋⊞⋈⋈⋈⋈⋈⋈⊣
0x60865e0	⊢⋈⋈⋈⋈⋈⋈⋈⊞⊤∈⊞⊤∈⊤⊥⊤∈∋⊞∋⊤⊥≺∋⋈⋈⋈⋈⋈⋈⋈⋈⋈⊤∈⊞∈⋈⋈⋈⋈⋈⋈∋∈⋈⋈⋈⋈⋈⋈⋈⋈⋈⋈⋈⋈⋈⋈⋈⋈⋈⋈⋈⋈⋈≻⋈⋈≻⋈⋈⋈⋈⋈⋈⋈⋈⋈⋈⋈⋈⋈⋈⋈⋈⋈⊤⋈∈⊤∈⊤∈∋⋈⋈⋈⋈⋈⋈⋈⋈⋈⋈⊤∈⋈⋈⋈⋈⋈⋈⋈⋈⋈⋈⋈⋈⋈⋈⋈⋈⋈⋈⋈≻⋈⋈≻⊤∈∋∋⊞≺∋⊞⋈⋈⋈⋈⋈⋈⊣⋈⋈⋈⋈⋈⋈⋈⋈⋈⋈⋈⋈⋈⋈⋈⋈⋈⊤∈∋≺∋
0x6086510	⊢⋈⋈⋈⋈⋈⋈⊞⋈⋈⋈≻⊤∈⋈⊞⊤⊥⋈⋈⊞⊤∈⋈⋈⋈⋈⊤∈⋈⊙∋⊤∈⋈⊙∋⋈⊙∋⊞≺∋⊞⋈⋈⋈⋈⋈⊣
0x6076976	⊢⋈⋈⋈⋈⋈⋈⊞⋈⋈⋈⋈⋈⋈⋈⋈≻⋈∈⋈⋈≻⋈⊤∈∋⊤∈⋈⋈≺∋⋈⊞⊤∈⋈⊤∈⊞⊞⊞∈⋈⊤∈⋈⊞⋈⊞⊤∈⊞⊞⊞⋈≺⋈⊞⊞⊞⊤∈⊞⊞⊞⋈⋈⊞⊞⊞⊞⊞⊞⊞≺⊞≺∋∋∋⋈⊞⊞⋈⊤⊥⊤∈⋈≻⋈⊞⋈⊞⊤∈∋⊞≺⊞≺∋∋⊞⋈⋈⋈⋈⋈⊣
0x603e4ab	⊢⋈⋈⋈⋈⋈⋈⊞⋈⋈⋈⋈⋈⋈≻⋈⊤∈⋈⋈≻≺∋⋈⊞⋈⋈⊞⊞⊞⊞⋈⋈⋈⋈⊞⊞⊞∈⊞⊡⊞⊞⊞⊤∈⋈∈⋈⊞⊞⊞⋈⊞⋈⊞⋈⊤∈⊤∈⊤∈⊞⋈≺∋∋⋈⊞⋈⋈⋈∈∋∋⊤∈⊞⊤∈⊞⊞⊞⊞∋⊞⊞⊤∈⋈⊤∈⊡⊞⊞⋈≺∋⊞⋈⊡⋈⊞⋈⋈⊡⋈⊞⊞⋈⊞⊞⊡⊡⋈⋈∋⊞⋈⊞⋈⋈⋈⋈⋈⋈⊣⋈≺∋⊞⊞⊞≺∋
0x6043f1d	⊢⋈⋈⋈⋈⋈⋈⊞⋈⋈⋈⋈⋈⋈≻⋈⊤∈⋈⋈≻≺∋⋈⊞⋈⋈⊞⊞⊞⊞⋈⋈⋈⋈⊞⊞⊞∈⊞⊡⊞⊞⊞⊤∈⋈∈⋈⊞⊞⊞⋈⊞⋈⊞⋈⊤∈⊤∈⊤∈⊞⋈≺∋∋⋈⊞⋈⋈⋈∈∋∋⊤∈⊞⊤∈⊞⊞⊞⊞∋⊞⊞⊤∈⋈⊤∈⊡⊞⊞⋈≺∋⊞⋈⊡⋈⊞⋈⋈⊡⋈⊞⊞⋈⊞⊞⊡⊡⋈⋈∋⊞⋈⊞⋈⋈⋈⋈⋈⋈⊣⋈≺∋⊞⊞⊞≺∋
0x6043157	⊢⋈⋈⋈⋈⋈⋈⋈⋈⋈⋈⋈⋈⋈≻⋈⊤∈⋈⋈≻≺∋⋈⊞⋈⋈⊞⊞⊞⊞⋈⊞⊞⊞∈⊞⊡⊞⊞⊞⊤∈∈⊞⊞⊞⋈⊞⋈⊞⊤∈⊞≺⋈⊞⋈∈∋∋⊤∈⊞⊤∈⊞⊞⊞⊞∋⊞⊞⊤∈⋈⊤∈⊡⊞⊞⋈≺∋⊞⋈⊡⋈⊞⋈⋈⊡⋈⊞⊞⊞⋈∋⊞⋈⊞⋈⋈⋈⋈⋈⋈⊣⋈≺∋⊞⊞⊞≺∋
0x6094b00	⊢⋈⋈⋈⋈⋈⋈⋈⊞⋈⋈⋈⋈⋈⋈∈∈∈∈∈⋈⋈⊤∈⋈≺⋈⋈⋈⊤∈⋈⋈⋈⋈⋈⋈⋈⋈⋈⋈⊞⊞⊡∈⋈⊤∈⊤∈⋈⋈⋈≺∋⋈⋈⊞⊞⊞⊤∈⋈⋈⊤∈⋈⊞⋈≺∋⋈⋈⊤∈⋈⊤∈⋈∈⋈⋈⊞⋈⊞∈⊤∈⋈⊤⊥⊞⊞⊞⊤∈∋⋈⊤∈∋⊞∈∋⋈⋈≺⋈≺∋≺⊞⊞⊤∈≺⊞⊞⊤∈∋⋈⊞⋈∋∋⋈⊤∈⋈⋈⋈≻⋈⋈⋈⋈⋈≻⋈⊤∈⋈⊤⋈⋈∈∋∈⋈⋈⋈⋈⊞⊤∈⋈⋈⊞⊞∈⋈⊤∈⊤∈⋈⋈⋈⊞≺∋⋈⋈⊞⊞⊞⊤∈⋈⋈⊤∈⋈⊞⋈≺⋈⋈⊤∈⋈⊤∈⋈∈⋈⋈⊞⋈⊡∈⊤∈⋈⊤⊥⊞⊞⊞⊤∈∋⋈⊤∈∋⊞∈∋⋈⊞⋈≺⋈≺∋≺⊞⊞⊞⊞≺∋⊤∈⋈⊞⋈∋⋈≻⋈⋈⋈⋈⋈⋈≻⋈⊤∈∋⋈⋈⋈⊞⊞⋈⋈≺⋈⋈⋈∋⊤∈∋≺∋⊞⊞⊞∈∋≺⊞⋈⋈⊞∋∋∋⊞∋⋈⋈⋈⊞⋈⋈≺⋈⋈⊤∈⊤⊥⋈⋈⋈⋈≻⋈⊤∈⋈⋈⋈⋈⋈⊞⋈⋈⊞⋈⊞⋈⋈⊞⋈⋈⋈⋈⋈⋈≺∈⋈⋈⋈⋈⋈⋈⋈⋈⋈≻⋈⊤∈⋈⋈⋈≺⋈⋈⊤∈⊤∈⊤∈∋⋈⋈⋈⋈≻⋈⋈⋈⋈⋈⋈≻⊤∈⋈⋈⋈⋈≺∋⋈⋈∋⋈⋈⊞⊤∈∋∋⋈⊤∈⋈≻≺∋⋈⊞⊞⋈⋈⋈⋈⊞⊞⋈⋈⊞⋈⋈⋈⋈⊞⋈⋈⋈⋈⋈⋈⋈⋈⋈⋈⋈⊤⋈⋈⋈⋈∈⋈⋈⊞⊤∈⊞⊤∈⋈⋈⊤∈⋈⋈⊤∈⋈≻≺∋⋈⋈⊞⋈⋈⋈⋈⋈⋈⊞⋈≺⊤∈⋈⋈⊤∈⋈≻≺∋⋈⋈⊞⋈⋈⋈⋈⋈⋈⋈⊞⋈≺⋈⋈⊞⊤⊥⊞⋈⋈⊞∈⋈⊞⊞⊤⋈⋈⋈⋈⋈⋈⋈⋈⋈⋈⋈⊥⋈∈∈⋈⋈≻⋈⋈⋈⊤∈⊤∈⋈⊞⋈⊞⊤∈∋∋∋∋∋∋⋈⋈⋈⋈≻≺⊤∈∋⋈⊤∈⋈≻≺∋⋈⋈⊞⋈⋈⋈⋈⋈⊞⋈≺∋⋈⊞⊞≺∋⋈⋈⋈⊞⋈⋈∋∋⋈⋈⊤∈∋≺⋈⋈≺⋈⋈⊞⊙⋈≻⋈⋈⋈⋈⋈⋈≻⊤∈⋈⋈⋈≺⋈⋈≺∋⊞⊞⊞∈∋≺⊞⋈⋈∋∋∋⋈⋈⋈⋈⋈∋∋∋∋⊞⋈⋈⋈⋈⋈⋈⊣
0x60ade2e	⊢⋈⋈⋈⋈⋈⋈⋈⋈⊞∈⋈⊞⊤∈⋈⋈⋈⋈⋈≻⋈≺∋⋈⋈⊤∈⋈⊞⊙⊞⊞⊞⋈∋⋈⊞⋈∋⋈⊞⋈⋈⋈⋈⊣
0x6035470	⊢⋈⋈⋈⋈⋈⋈⋈⊞⋈⋈⊤∈⋈⋈⋈⊤⋈∈⊤∈⋈⋈⋈⋈⋈⋈⋈⊙⋈⋈⋈⊤∈∋⋈⋈⋈⋈⋈⋈⋈⋈⋈⋈⋈≻⊤∈⋈⋈⋈≻⊤∈⋈⋈⊙⊤∈⋈⋈⋈⋈⊙⋈⋈⋈⊞⋈⋈⊤⊥⋈⋈⊙⊤∈⋈⋈⋈⋈⊙⊤∈⋈⋈⋈⋈⊙⊤∈⋈⋈⊙≺∋⋈≺∋∋∋∋∋∋∋∋⋈⋈⋈⊞⋈⋈⋈⋈⋈⋈⊣
0x60355f0	⊢⋈⊤∈⊤⋈∈⋈⋈⋈⋈⋈⋈⊤∈⋈⋈⋈⋈⋈⋈⋈⋈≺∋⊙⋈⊞⋈⋈∋⋈∋⊣
0x6075e8c	⊢⋈⋈⋈⊤∈⊤∈∋⊞⋈∈⊤∈⋈⊤∈⊞⋈⊤∈⊞⋈⋈⊤∈⋈⊤∈⋈⊤∈⊞⊞≺∋⋈∋⊞⋈⊞∈⋈⊞∈∋≺∋∋∋∋⋈⋈⊞⋈⋈≺∋⊞≺∋⋈⊣
0x60768eb	⊢⋈⋈⋈⋈⋈⋈⋈⋈⋈∈⊤∈⋈⋈⊞⋈⋈⊤⊥⋈⊤⊥⊞∈∋⊤∈∋⋈⋈⋈⊞∈⊤∈⊤∈∋⋈⋈≻∋⊞⋈⋈≺∋⊞⋈⋈⊣
0x60750b9	⊢⋈⋈⋈⋈⊞⋈⋈⊤∈⋈⊤∈∋⋈⊞⋈⋈⋈≻⊤∈⋈⊤∈⋈≺⊞⋈≺∋⊞⋈⋈∋⋈≺∋⋈⊞⋈⋈⋈⊣
0x607512a	⊢⋈⋈⋈⋈⋈⋈⋈⊤∈⋈⊤∈∋⊞⊞⋈⋈≺∋⊤∈⋈⋈⊞⊤∈⊞⋈⊤∈⊞⋈⋈∈⊤∈⋈⋈⊞⊤∈∋⊤∈⊤∈⊞⋈≺∋∋∋⋈⊞∈⋈⊤∈⊤∈⊤∈∋⊤∈⊤∈∋⋈⋈⋈≻∋⋈⊤∈⋈⋈⋈⋈≺⋈⊞⋈∈⊤∈⋈⊞≺⋈⊞⊤∈∋⊤∈⊤∈∈⊤∈⊤∈∋∋⊤∈⋈∈⊤∈∋⋈⋈⋈⋈≻∋⊞⋈≺∋∋⊞⊞⋈⋈∋⊤∈⋈⋈⋈⋈≺≺∋∋⋈⋈⋈⊞≻⋈⋈⋈⋈⋈⋈⋈⊞⋈⋈⋈⋈⊞⊙⋈⋈⊤∈⋈⋈⋈⋈⋈⋈⋈⋈⋈⋈⊤⋈⋈∈⊞⊞⊞∈⋈⊤∈⋈⊞⋈⊞⊤∈⊞⊞⊞⋈≺⋈⊞⊞⊞⊤∈⊞⊞⊞⋈⋈⊞⊞⊞⊞⊞⊞⊤∈⊞≺⊞≺∋∋∋⊤∈⋈⊞⊤∈∋∋⋈⋈⋈⋈⋈⋈⋈⋈⋈⋈⊞∈⊞⋈⋈⊞⋈⊞∈⋈⊞⋈⊥⊤⊞⊤⋈⊥⊤∈⋈⊤∈⊤∈⋈⊞≺∋⋈⊤∈⋈⊤∈⊞⋈∋⋈⋈⊞∈⊞∈⊤∈⊞∈⋈⋈⊞⊞⋈⋈⊞⊤∈⋈⊞∈⊤∈⋈⊞⊞⊤∈⊤∈⋈⊤∈⊤∈⋈⋈≻⋈⊤∈⋈⊞≺⋈⋈⊞⋈⋈⊤∈⊞⊞⊞⊤⊥⋈⊥⊞⊞≺∋∋⊞⊣∈⋈⋈⊞⊤∈∋≺∋⋈⊤∈⋈⋈∈⋈⋈⋈⋈≻⋈⊤∈⊞⊡∈≺∋⋈⊞⊡⋈⊞⊞⋈⊞⊞⊤∈⋈⋈⋈⋈∈⋈⊞⋈⊞⊞⊤⋈∈∋≺∋⊞⋈⋈⋈⊞⊞⊞⋈⊞⊞⋈⋈⋈⋈⋈≺∋⋈⊞⊞⊞⋈⊞⋈⋈∈∋≺∋∋∋∋∋∋∋∋∋∋∋∋⋈⋈⋈⋈⋈⋈⋈⊙⋈⊤∈⋈⊤∈⋈⋈⋈⊙⊤∈⋈⋈⋈⊙⊤∈∋⋈⋈⋈⋈⊙⊤∈⋈⋈⋈⋈≺∋⊞⋈⋈⋈⋈⋈⋈⊙∋∋∋∋∋⋈⊞⋈⋈⋈⋈⋈⋈⊣≺∋⊞⋈⊞∈⋈⊞∈∋∋∋∋∋∋⋈⋈∋∋⊞⋈⋈⊣≺∋
0x60776fe	⊢⋈⋈⋈⋈⋈⋈⊞⋈⋈⋈⋈⋈≻⊤∈⊞⋈⊤∈⋈⋈⊞⊤∈⋈⋈⋈⋈≺⋈≺⋈⋈≺∋∋⋈∋⊞⋈⋈⋈⋈⋈⊣
0x604e074	⊢⋈⋈⋈⋈⊞⊤∈⋈⊤⊥⋈⊞⊞⊥⊞∈⋈⊡⊞⊞⊤∈∋⊞≺⋈⊡⊞⋈≺∋⊞∋⊞⊞⊥⊤⊥⋈⊤⊥⊤∈⋈⋈⊙⊤∈⋈⋈≻⋈⋈⋈⋈⋈⋈⋈⋈⋈⋈⊞⋈⋈⋈≺∋⊞⋈⋈⊣
0x608a2b0	⊢⋈⋈⋈⋈⋈⋈⋈⊞⋈⊤∈⋈⋈⋈⋈⋈⋈⋈⋈⋈⋈⋈⋈⋈⋈⋈⋈⋈⋈∈⋈⋈⋈⊤∈⋈⊞⋈⋈⋈≺⋈⋈⋈⋈⊤∈⋈⋈⋈⋈⋈⋈⋈⋈⋈⋈⋈⊞⋈⋈⋈⋈≺∈⊤⋈∈⊞⊤∈⊞≺∈⋈⊞⋈⋈⊞⋈⊤∈∈⋈⊤∈∋⋈≺∋∋⊞⊤∈∋∋⋈⊞⋈⊤∈∈⋈⊤∈⋈⊤∈∋∋∋∋⋈⋈⋈⋈⊞⋈⋈⋈⊞⋈⋈⋈⋈⋈≺⋈⊤∈⋈⋈⋈≻≺⋈⊤∈⋈≻≺⋈∋⋈⊞⊞⋈⊞⋈⊞⋈⊞⊞⊞⋈⋈∋⊤∈⋈⋈⋈⋈⋈≺⋈⊤∈⊤∈⋈⋈⋈≺∈⋈⊤∈⋈⋈⋈⋈⋈⊞⊤∈⊤∈∋⋈⊤∈∋⋈⋈⋈⋈⊤∈⋈≻⊞⊞⋈⋈⋈≺∋⋈⋈⊤∈∋∋∋∋∋∋⋈⋈⋈⋈⋈⋈⋈⋈⋈⋈⋈⋈⋈⋈⋈⋈⋈⋈⋈⋈⋈⋈⋈⋈⋈⋈⋈⋈⋈⋈⋈⋈⋈⋈⋈≻⋈⋈⋈⋈⋈⋈⋈⋈⋈⋈⋈⋈⋈⋈⋈⊤⋈∈∋≺∋⋈⋈⋈⋈⋈⋈⋈⋈⋈⋈⋈⋈⋈⋈⋈⋈⋈⋈⋈⋈⋈⋈⋈⋈⋈⋈⋈⊞⋈⋈⊙≺∋⊞⋈⋈⋈⋈⋈⋈⊣
0x6090fd0	⊢⋈⋈⋈⋈⋈⋈⋈⋈⋈⊞⋈⊞⊞⊞⋈⊥⋈⊞⊤⊥⊞⋈∈⊤∈⊤∈⋈⋈⋈⋈≻⊤∈⊞⋈⋈⋈⋈⋈≻⊤∈∋∋⋈⋈⊞≺∋⋈⋈≺⋈⊞≺∋∋⋈⋈⋈⋈⋈⋈⋈⊣
0x60640b1	⊢⋈⋈⋈⋈⊞⋈⋈⋈⋈⊞⋈⊞⊞⊞⋈⊥⋈⊞⊤⊥⊞⋈∈⊤∈⋈⊞⊞⋈⋈≺∋⋈⊤∈⊤∈⋈≺⋈⊤∈⊤∈⋈≺∋⋈⋈≻⋈⋈⋈≻≺∋∋⊤∈⋈⋈∋⋈⋈⊞≺⋈⊞≺∋∋⋈⋈⊞⋈⋈⋈⋈⊣
0x6063819	⊢⋈⋈⋈⋈⋈⋈⊞⋈⋈⋈⋈⊞⋈⊞⊞⊞⋈⊥⋈⊞⊤⊥⊞⋈∈⊤∈⋈⊞⊞⋈⋈≺∋⋈⊤∈⊤∈⋈≺⋈⊤∈⊤∈⋈≺∋⋈⋈≻⋈⋈⋈≻≺∋∋⊤∈⋈⋈∋⋈⋈⊞≺⋈⊞≺∋∋⋈⋈⊞⋈⋈⋈⋈⋈⊣
0x603a274	⊢⋈⋈⋈⋈⊞⋈⋈⋈⊤∈⋈⋈⋈⋈⋈⋈⋈≻⊤∈⋈⋈⋈≺⋈≺∋∋⋈⊞⋈⋈⋈⋈⊣
0x6035650	⊢⋈⋈⋈⋈⋈⋈⋈⊞⋈⊞⋈⋈⋈⋈⋈⋈⋈⋈⋈⋈⋈⊤∈⊤∈⋈⋈⊞⋈≻⋈⋈⋈⋈⊞⊞⊡∈∈⊤∈⋈⊞⋈⊞⊤∈∋⊞⋈⊞⊡∈⊤∈⋈⋈⊞⊞⊞⋈⊞⋈⊞⊞⊤∈∋⋈⊤∈⋈⊤∈⋈⋈∋⊞⊤⊥≺∋⋈⋈⋈⋈⊞⋈⊞⊡∈∈⊤∈∋⋈⋈⋈⊙⋈⋈⊞⋈⋈⋈⋈⋈⋈⊣⋈⊞⋈⊞⊤∈∋⋈⊞⋈⊞⊡∈⊤∈⋈⋈⊞⊞⊞⋈⊞⋈⊞⊞⊤∈∋⋈⊤⋈∈⋈⊤∈∋∋∋∋⋈⋈≻⋈⋈⋈⋈⋈⋈⊤∈⋈⋈⋈≻⋈⋈⊞⋈⊤∈⋈∈⊞⊤∈⋈⊤∈⋈⋈⊤∈∋∋⋈⊞⊤∈⋈⋈⊞⊙∋⋈⊞⊤∈⋈⋈⊤∈∋∋⋈⋈⋈≻⋈⋈⊞⊞⋈⊤∈⊤∈∋∋⋈⋈≻⋈⋈∋⋈⊤∈⋈⊞⊡∈⋈⋈⋈⊞⋈⊞⊞⋈⊞⊤∈∋∋⋈⊡≺∋⋈⋈⊞⋈⋈⋈⋈⊣⋈⋈∋⊞⊤⊥≺∋
0x604907e	⊢⋈⋈⋈⋈⋈⋈⊞⋈⋈⋈⋈⊞⊤∈⋈⊤∈⋈⊤⋈∈⋈⋈⋈≻⊤∈⋈⋈⋈⋈⊙⋈⋈⊤∈∋⋈⋈⊙⊤∈⋈⋈≻⋈⋈⋈⋈⋈⋈⋈⋈⊞⋈≺⋈⊞≺∋⋈⋈⋈⋈≺∋⋈⋈⋈⋈⋈⋈⋈⋈⋈≻⋈⋈⋈⋈≻⋈⋈⋈≻⋈⊤⋈∈⋈⋈⋈≻∋⋈⋈⊤∈⊤∈⋈≺⋈⊤∈⋈⋈⊞⊥⋈⊤⊥⊞∈⊞∈⋈⋈≻∋⊤∈⋈⊞⋈⋈⋈⋈≻⊤∈∋⋈⋈⋈≺∋⋈⋈⊙⋈⋈≺⋈≺∋∋∋⋈⋈⋈⋈⋈⋈≻⋈⋈⋈⋈⋈⋈⋈⋈≻⋈⋈⊤∈⋈⊤⋈⋈⊤⋈⋈∈⊤∈⋈⋈≺⊤∈⋈⊞⋈⋈≺∋∋⋈⊤∈⋈⋈≺⊤∈⋈⊞⋈⋈≺∋∋⊤⊥∈⊞∈⊤∈⋈⊤⋈∈∋≺⊤∈⋈≺⋈⊤∈⋈⋈≺⊤∈⋈⊞⋈⋈≺∋∋⊤∈⋈⋈≺⊤∈⋈⊞⋈⋈≺∋∋⊤⊥∈∋⊤∈⊞∈⊤∈⋈⊤⋈∈∋∋∈∋⊤∈⋈⋈⋈≻∋⋈⋈⋈⋈⋈⋈⋈⋈⋈⋈⋈⋈≻⋈⋈⋈⋈≺≺∋∋∋∋⊤∈⋈⋈⋈≻∋∋⊤∈⊞⋈⊞⊞⋈⋈⋈⋈⋈⋈⋈⋈≻⊤⋈⋈∈⊤∈≺⊤∈∋⋈∋∋⋈⋈⋈⋈⋈⋈⋈⋈⋈⋈⋈⋈≻⋈⋈⋈⋈⋈⋈⋈≻⋈⋈⋈⋈⋈⋈⋈⋈⋈≻⋈⋈⋈⋈≻⋈⋈⋈⋈⋈⋈⋈⋈≻⋈⋈⋈⋈⋈⋈⋈⋈≻⋈⋈⋈⋈≻⋈⋈⋈⋈⋈⋈⋈⋈≻⋈⋈⋈⋈⋈⋈⋈⋈≻⋈⋈⋈⋈≻⋈⋈⋈⋈≻⋈⋈⋈⋈⋈≻⊞⊤⊥⊞⋈⋈⋈≻⋈⋈⋈≻⋈⋈⊤∈⋈⊤∈⋈⋈⋈⋈⋈⋈⋈≺⊤∈⋈⋈⊞⊥⋈⊞⊤⊥⊞∈⊞⋈⋈⋈⋈⊞≺⋈⋈⋈⋈≺⋈⋈⊙⊤∈∋⋈⋈≻∋⋈⋈≻∈⋈≺∈⋈≻∋⊤∈⋈⋈⋈⋈⋈≻⊤∈∋⋈∋⋈⋈≺∋⋈⋈⋈⊙⋈⋈≻⊤∈∋⋈⋈⋈⋈⊙⋈⋈∋∋∋⋈⋈⋈⋈⋈⊤⋈∈⋈⊤∈⋈⋈⋈⋈⋈⋈≺⊤∈⋈⋈⊞⊥⋈⊤⊥⊞∈⊞∈⋈∈⋈≻∋⊤⋈∈⋈⋈⋈⋈⋈≻⊤∈∋⋈⋈⋈≺∋⋈⋈⋈⊙⋈⋈≻⊤∈⋈≺∋⋈⋈⋈⋈⊙⋈⋈⋈⋈⋈⊞≺⋈⋈⋈⋈≺∋∋∋⋈⋈⋈⋈⋈⋈⋈⋈⋈⋈⋈∈⋈⊤∈⋈⊞⋈⋈⋈⋈⋈⋈⋈⋈≺∋⋈⋈⊤∈⋈⊤∈⋈⊤∈⊤∈⊤∈∋⊞⋈≺∋∋∋∋⋈⋈⋈≻⋈⋈⋈⋈≻⋈⋈⋈≻⋈⋈⋈≻⋈⋈⊤∈⋈⋈⋈≻∋⋈⋈⋈⋈⊤∈⋈⊞⋈⋈⋈⋈⋈⋈⋈⋈≺∋⋈⋈⊤∈⋈⊤∈⋈⊤∈⊤∈⊤∈∋⊞⋈≺∋∋∋∋⋈⋈⋈≻⋈⋈⋈⋈≻⋈⋈⋈≻⋈⋈⋈≻⋈⊤∈⋈⋈⋈≻∋⋈⋈⋈⋈⊤∈⊤∈⋈⊤∈⋈⋈⋈≻∋⋈⊤⋈⋈∈⋈⋈⋈≻∋⋈⋈⋈⋈⋈⋈⋈⋈⋈⊤∈⋈⋈⋈≻∋⋈⊤∈⋈⋈⋈≻∋⋈⊤∈⋈⋈⋈≻∋⋈⋈⋈⋈⋈⋈⋈⋈⋈⋈⋈⋈⋈⋈⋈⋈⋈⋈⋈⋈⋈⋈⋈⋈⋈⋈⋈⋈⊞⋈≻⊤∈⋈⊤∈≺⋈⊤∈∋⋈∋∋⋈⋈⋈⋈⋈⋈⋈⋈⋈≻⋈⋈⋈⋈≻⋈⋈⋈⋈⋈⋈⋈⋈⋈⋈⊤∈⋈⋈⋈≻∋⋈⊤∈⋈⋈⋈≻∋⋈⊤∈⋈⋈⋈≻∋⋈⊤∈≺∋⋈⋈⊤⋈∈⋈⋈⋈⋈⋈⋈⋈⋈⋈⋈⋈⋈⋈⋈⋈≻⋈⋈⋈⋈⋈⋈⋈⋈⋈⋈⋈⋈⋈⋈⋈⋈⋈⋈⋈⋈⋈⋈⋈⋈⋈⋈⋈≻⋈⋈⋈⋈⋈⋈⋈⋈⋈⋈⋈⋈⋈⋈⋈≻⋈⋈⋈⋈⋈⋈⋈⋈⋈⋈⋈⋈⋈⋈⋈⋈⋈⋈⋈⋈⋈⋈⋈⋈⋈⋈⋈⋈≻≺∋⋈⋈⋈⋈⋈⋈⋈⋈⋈⋈⋈⋈⋈⋈⊤∈⋈⋈⋈≻∋⋈⋈⊤⋈∈⋈⋈⋈≻∋⊞⊞⋈≺∋⋈⋈⋈⋈⋈⋈⋈⋈⋈⋈⊤∈⋈⋈⋈≻∋⋈⊤∈∋⋈⋈⋈≻∋∋∋⊞⋈⋈⋈⋈⋈⋈⊣≺∋
0x604826b	⊢⋈⋈⋈⋈⋈⋈⊞⋈⋈⋈⋈⊞⊞⊥⋈⊞⊞⋈⋈⋈⋈⋈⋈⋈⋈⋈≻⊤∈⋈⊤∈≺⋈⊤∈∋⋈∋∋⋈⋈⋈⋈⋈⋈⋈⋈⊤∈⋈⊤∈⊤∈⋈⊤∈⋈⊤∈∋⊞≺≺∋∋∋∋⋈⋈⋈⋈⋈≻⋈⋈⋈≻⋈⋈⋈⊤∈⋈⊤∈⋈⊤∈⊤∈⊤∈∋⊞⋈≺∋∋∋∋⋈⋈⋈⋈⋈⋈≻⋈⋈⋈⋈≻⋈⋈⋈⋈≻⋈⋈⋈⋈≻⋈⋈⋈⊤∈⋈⊤∈⋈⊤∈⊤∈⊤∈∋⊞⋈≺∋∋∋∋⋈⋈⋈⋈≻⋈⋈⋈≻⋈⊤⋈∈⋈⊤∈⋈⊤∈⊤∈⊤∈∋⊞⋈≺∋∋∋∋⋈⋈⋈≻⋈⋈⋈⋈≻⋈⋈⋈⋈≻⋈⋈⋈⋈⋈⋈≻⋈⋈⋈⋈⋈⋈⊤∈⋈⋈⋈≻∋⊞⋈⋈⋈⋈⋈⋈⊣
0x607b6cb	⊢⊞⋈⋈⋈⊞⊞∈⊤∈⊤∈⋈⋈⋈⊞⋈⊤⋈∈∋⋈⋈≺∋≻∋⊞⊣
0x607c3b0	⊢⋈⋈⊞⋈⋈⊤∈⋈⋈⊤∈⋈⋈⋈⊞≻⊤∈⊤∈∋⋈⊤∈⋈⊞∈⋈⊞⊡⊡⋈⋈⊞⊞⊞≺⋈≺∋⋈⋈⋈⊞≻≺∋⊤∈⋈∋⊞≺∋∋⋈⋈⋈⋈⋈≺∋⊞⋈⋈⊣
0x607c5cc	⊢⋈⊞⋈⊞⊡⊡⋈⋈⊞⋈⊞⊥⊤∈⊞⋈⋈∈⋈∈∈∋⊤∈⊞⊞⋈⊞⊥⊤∈∋∋⋈⋈⋈⊤∈⊞⊞⊞⊞⋈⊤∈∋∋⊤∈⊡∋⋈⊞∋⋈⋈⋈⋈≻⋈⋈≺∋⋈⊞⋈⊣
0x607b71f	⊢⋈⋈⊞⋈⋈⋈⊤∈⋈⋈⋈⋈⋈⋈⊤∈⋈⊤∈⋈⋈≺∋⋈⋈≻⊞⋈⊤∈⋈⋈⊞⊞⋈∈⋈⊞⊤∈⊤∈⊤∈⊤∈∋⋈⋈⋈≻⊤∈⋈⋈⊞⋈⋈⋈≺∋⋈≺∋⋈⋈⋈⋈⋈⊞⊞⊤∈∋∋∋⋈⋈≺⊤∈⋈⊞⊤∈∋⋈⋈⊞∋⊞⋈⋈≺⋈⋈⋈⋈≻≺∋⋈⋈∋⊞⋈⋈⊣
0x607c47b	⊢⋈⋈⋈⋈⊞⋈⊞∈⊞⋈⊞⊞∈⋈⋈⊤∈⊤∈⋈⋈⋈≺⊤∈⊤∈∋⋈⋈⋈≺⋈⋈⊞⊤∈∋⋈≺∋∋⋈⋈⋈≺
0x6079383	⊢⋈⋈⋈⋈⋈⋈≻⋈⋈⋈≺
0x60793a7	⊢⋈⋈⋈⋈⊤∈⋈⋈⊞⋈≻⋈⋈⋈⋈⋈⊙⊤∈⊞⋈⊞⊞≺∋⋈⋈⋈⋈⊙⊞⊞⋈⋈⋈⋈⊣
0x607c370	⊢⋈⋈⊤∈⋈⊞⊞∈⋈⊤∈⊤∈⊤∈⋈⋈⊞⊞⊤∈∋∋∋∋∋⊣
0x6035a00	⊢⋈⊤∈⋈⊞⊞∈⊞⊡∈⊤∈⊞⊤∈∋⋈⊤∈⋈⊞∋⋈⋈⊞∈⋈⋈⋈⊞⊞⋈⊞⊞⊞⊞⊤∈⊞⊤∈∋≺∋∋⋈⊞∈⋈⊞⊡∈⊤∈⊞⊞⊤∈∋⊞⊡∈⊤∈∋∋⋈⊤∈⋈⋈⋈⋈⊞≺⊞⊤∈∋≺∋∋⋈≺∋⋈∋⋈⋈⊣
0x6074912	⊢⋈⋈⋈⋈⋈⋈⋈⊞⋈⋈⊤∈⋈⊞⋈⊤∈⋈⊤∈⋈⋈⊞⋈⋈⊤∈⊤∈⋈⋈≻⋈≺⊤∈⋈⋈⋈⋈≻⊤∈⊤∈⋈⋈⋈≻⊤∈⋈⋈⋈⋈⋈⊤∈⋈≻⋈⊤∈⋈⊤∈⊤∈⋈⊞∈⋈⋈⋈⋈⊙⊤∈⋈⋈≻⊤∈⋈⋈⋈⋈⋈⊙≺⊤∈⋈⋈≻⋈⊤∈⊤∈⋈⊤∈⋈⋈≻⊤∈∋∋⋈⊤∈⋈⋈≻⊤∈∋⋈≻⊤∈≺⊤∈⊤∈⊤∈⊤∈∋⋈⋈⋈⋈≻⊤∈⋈≻∋⋈⊤∈⋈⋈≻⋈⊤∈∋⋈≻⋈⊤∈⊤∈⋈⊤∈⋈⋈≻⊤∈∋⋈⊞≻⊤∈∋∋⋈⊤∈⋈⋈⋈⊤∈⋈⋈⊞⋈⋈⊤⊥≺⊤∈∋∋∋⋈⊤∈⋈⋈≻⋈⊤∈∋⋈⋈≺⋈≻⋈⊤∈⋈⋈⋈≻⋈⊤∈⊤∈⋈⊤∈⋈⋈≻⊤∈⊤∈∋⋈⋈⋈⋈≻⊤∈∋⋈⊤∈∋∋∋⋈⊤∈⋈⋈⊞⋈⋈⋈⋈⋈⋈≺⋈⋈⋈≻⊤∈∋⋈≺∋⋈⊤∈⋈⋈⊤⊥⋈⋈⊞∋≻⋈⊤∈∋∋⋈⋈≺⊞⋈⋈⋈⋈⊤∈⋈⊤∈⋈⋈≻⊤∈∋⊤∈⋈⊤∈⋈⋈⊤∈⋈⋈⊤∈⋈≻⋈⊤∈⋈⋈≺∋≻≺∋⊤∈∋∋∋⋈⋈⊞∈⊤∈⋈⋈≻⊤∈⋈⊤∈⋈≻⊤∈⋈≺∋⊤∈⋈⋈≻⊤∈⋈⋈⊤∈⋈≻⊤∈⋈⊤∈⋈≺∋⋈≻⋈⊞∈⋈⊤∈⋈⋈≻⊤∈⋈⊤∈⋈≻≺∋∋∋⊤∈∋∋∋∋∋∋∋∋∋∋∋∋∋⊤∈⊡≺⊞⋈⊤∈⊞⊤⊥⋈⋈⋈⊥⋈⊞≻⋈⋈⊤∈∋⋈⋈≺⋈⊤∈⋈⋈≻⋈⊤∈∋⋈⋈≺∋∋∋∋∋∋∋⊞∋∋∋∋∋∋∋∋∋∋∋∋∋∋∋∋∋∋∋∋∋∋∋∋∋⋈⊞⋈⋈⋈⋈⋈⋈⊣
0x6075f2b	⊢⋈⋈⋈⋈⋈⋈⊞⋈⋈⊤∈⋈⊤∈⋈⋈⊞⋈⋈⋈⋈⋈≺⋈⋈⋈⊤∈⋈⋈⋈⋈⊞⋈⊤∈⋈⊤∈⊤∈⊤∈⋈⊤∈⋈⋈≻⋈⊤∈∋∋⋈⊤∈⋈⋈≻⋈⊤∈∋⋈≻⋈⊤∈⋈⊤∈⋈⋈≻≺⊤∈∋⊤∈⋈⊤∈⋈⋈≻≺⊤∈∋⋈⊤∈⋈⋈≻⋈⊤∈∋⋈⋈≺⋈⋈≻≺∋⋈⊤∈∋∋⊤∈⊡≺⋈⋈⊞⊙⋈⊤∈⋈⋈≻⋈⊤∈∋⋈⋈≺∋∋∋∋⊞∋∋∋∋∋∋∋⋈⊞⋈⋈⋈⋈⋈⊣
0x6076680	⊢⋈⋈⋈⋈⋈⋈⋈⊞⋈⊤∈⋈⊤∈⋈⋈⊞⋈⋈⋈⋈⋈⋈≺⋈⋈⋈⋈≻⋈⊤∈⋈⋈⊤∈⋈⋈⊤⊥⋈⋈⊞≻⋈⊤∈∋⋈⋈≺⋈⋈⋈≻⊤∈⋈⊤∈⋈⋈⋈≻⋈⊤∈⋈⋈⋈≻⋈⊤∈⋈⋈≻⋈⊞⋈⊞⋈⋈⋈⊞≻⋈≺∋⊤∈⊤∈∋∋∋∋⊞⋈≻⊤∈⋈≻⋈⋈≻⋈≺∋∋∋∋⋈⊞⋈⋈⋈⋈⋈⋈⊣
0x6076c6e	⊢⋈⋈⋈⋈⋈⋈⋈⊞⋈⊤∈⋈⊤∈⋈⋈⊞⋈⋈⋈⋈⋈⋈≺⋈⋈⋈≻⋈⊤∈⋈⋈⊤∈⋈⋈⊤⊥⋈⋈⊞≻⋈⊤∈∋⋈⋈⋈⊤∈⋈⊞⋈⋈⋈⋈⋈⋈∈⋈≻⊤∈∋⊤∈∋⋈⊤∈⋈⋈≻⋈⊤∈∋⋈⋈≺⋈⋈⊤∈∋∋∋⊞⋈⋈⋈⊙⋈⊤∈⋈⋈⋈⋈⋈⋈⋈∈∈⋈≻⊤∈⋈⋈⋈⊙⋈≺⋈⊤∈⋈⋈⋈⋈⋈≻⊤∈⊤∈⊤∈⋈≺⊤∈⋈⊤∈⋈≺⊤∈⋈≺⊤∈⋈≺⊤∈∋⊤∈⋈≻⊤∈∋⋈≻⊤∈∋⋈⋈≻⋈⋈⋈⋈⋈⋈⋈⋈⋈⋈⊤∈≺⋈⋈⋈≺⋈≺∋∋∋∋∋⋈⋈⊞∋⋈⋈⋈⋈∋⋈⋈⋈∈⋈⊤∈⋈∋⋈⋈⊙⊤∈⊞⊤∈∋∋⋈≺∋⋈⋈⋈⊙⊤∈∋≺∋∋∋∋∋∋⋈⊞⋈⋈⋈⋈⋈⋈⊣
0x6076570	⊢⋈⋈⋈⋈⋈⋈⋈⊞⋈⊤∈⋈⋈⋈⋈⋈≻⋈⊤∈⊤∈⋈⋈⋈⊞⋈⋈⋈⋈⋈⋈≺⋈⊞∈⊤∈⋈⋈⋈≻⊤∈⋈⋈≻⋈⊞⋈⊞⋈⋈⋈⊞≻⊞⋈⋈⋈≻≺∋⋈≺⋈⋈⋈≻⊤∈⋈⋈∋⊞∋∋∋∋⋈⊞⋈⋈⋈⋈⋈⋈⊣
0x6078016	⊢⋈⋈⋈⋈⊞⋈⋈⊤∈⋈⊤∈⋈⊤∈⊞⋈⋈⊞≻⋈⊤∈⋈⊤∈⋈⋈≻⊤∈∋⋈≻⋈⊞≺⊤∈∋∋⋈⊞≻⋈⊞⊞⋈⋈⋈⋈≻⊤∈⋈⊤∈⋈⋈⋈⊤⊥⋈⋈⊞≻⊤∈∋⋈⋈⋈⋈⋈≺⊤∈∋⊞≺∋∋∋∋∋⋈⋈⋈⋈⋈⋈⋈⋈⋈⋈≻⋈⋈⋈⋈≺∋⊞⋈⋈⋈⊣
0x6077c03	⊢⋈⋈⋈⋈⋈⋈⋈⋈⊤∈⋈⊤∈⋈⋈⊞⋈⋈⋈⋈≺⋈⊤∈⋈⊞⋈⊤∈⋈⊤∈⋈⋈≻⋈⊤∈⋈⊞⋈⊤∈⋈≻⋈⊤∈⋈∈⋈⊤∈⋈⊤∈⋈⋈≻≺⋈⊤∈⊤∈⊞⋈⊡≺∋⋈⊤∈⋈⋈≻⊤∈∋⋈≻⊤∈∋≺⋈⊤∈⋈⋈≻⋈⊤∈∋⋈⋈≺⊤∈∋⋈⊤∈⋈⋈≻⋈∋⊤∈∋∋⋈⋈≺⋈⊞≻⋈⊤∈⋈⊤∈⋈⋈≻⊤∈∋⋈⊞≻≺∋⊤∈∋∋∋∋∋⊞∋∋∋∋∋∋∋∋⋈⊞⋈⋈⋈⋈⊣
0x608b3b0	⊢⋈⋈⋈⋈⋈⋈⋈⊞⋈⋈⋈⋈⋈⋈⊤∈⋈∈⋈⋈⊞⋈⊡∈⊤∈⋈⊤⊥⊞⊞⊞⊤∈∋⋈⊤∈∋⊞∈∋⊞∈⋈⋈⊞⋈⋈⋈⊞⋈⋈⋈⋈∈⊤∈⊞⊞⊞⋈⋈⊡∈⋈⋈⊤∈⊤∈∋⋈⋈⊞⊞⋈⋈⊞⊤∈⊤∈∋⋈⋈⋈⋈⋈⊞⊞⋈⋈⋈⋈⋈⋈⊞∈⋈⋈⊞⋈⋈⋈⋈⋈⋈⋈⋈⋈⋈⋈⊙⊤⋈∈⋈⋈⋈≻≺⋈⋈⋈⋈⋈⋈⋈⋈⋈≺⋈≺⊤∈⋈⋈⋈⋈⊞⊤∈⊤∈⋈⋈⋈⋈⊞⊞⋈⊞⊤∈⊤∈⋈⊤∈⊞⊞⋈⊞⋈⊞⋈⋈∋∋⊤∈⋈≺⊤∈∋∋∋⋈⊞⊞⊞≺⋈⊤∈⋈∋∋⊞∋⊞⊞⋈⋈⊞⋈⊞⋈⋈⋈⋈⋈⋈⋈⋈⊞⋈⋈⊞∈∈∈⊤∈⋈⊞⊞⊞⋈≺⋈⋈⋈⋈⋈⊞⊤∈⊤∈⋈⋈⋈⋈⋈⊞⊞⋈⊞⊤∈⊤∈⋈⊤∈⋈⊞⊞⋈⊞⋈⊞⋈⋈∋∋⊤∈⊤∈⋈⋈⋈⋈⊞⊤∈⊤∈⋈⋈⋈⋈⊞⊞⋈⊞⊤∈⊤∈∋⋈⊞⊞⊞⋈≺⋈⊤∈⊞⊞⋈⊞⋈⊞⋈⋈∋∋⊤∈⋈≺⋈⋈⋈⋈⋈⋈⋈⋈⋈⋈⋈⋈⋈⋈⊤∈⋈≺⋈⋈⋈⋈⋈⋈⋈⋈⋈⋈⋈⊞⋈⊞⋈⊞⊤∈⋈⋈⋈⋈⋈⋈⋈⋈⋈⋈⋈⋈⊞⋈⊞⋈⋈⋈⊞⋈⋈⋈⋈⋈⋈⋈⋈⋈⋈⋈⋈⋈⋈⋈⋈≻⊤⋈⋈∈∋⋈⋈≺⊤∈∋∋∋⋈⊞⊞⊞⋈≺⋈⋈⋈⋈⊞⊤∈⊤∈⋈⋈⋈⋈⊞⊞⋈⊞⊤∈⊤∈∋⋈⊞⊞⋈≺⋈⊤∈∋∋⋈⊞⊞⊞⋈⊞⋈⊞⋈⋈∋∋⊤∈⊞⋈⋈⋈⊞≺∈⊞∈⋈⊞⋈⊞⊞∋⊞⋈⊤∈⊤∈⊤∈∋∋⋈⊞⊞⊞⊞⊞⊤∈∋⋈⊞⊤⋈⊥⊤⊥⊞⋈⋈≺⋈⊞⊞⊞≺⋈⋈⊤∈⋈≺∋∋⋈⊞⋈⊞⊞≺∋∋∋∋∋⋈⊞⊞⊤∈⊤∈⋈⊙∋∋⊞⋈∋⋈⊞⋈⊞⋈⊞≺⊞≺∋⊞⋈⊞⋈⊞⊞⊤∈⋈⊤∈∈⋈⋈≻≺⋈⊞⋈⋈⋈⊞⋈≺∋⋈⊙⊤∈⋈⋈≻⋈⋈⋈⋈⋈⋈⋈⋈⋈⋈⋈⋈⋈⋈⋈≻⋈⋈⋈⋈⋈⋈⋈⋈⋈≺∋⋈⊤∈⋈≻⋈∋⋈⋈⊞⋈⋈⊞⋈≺∋⊞⋈⋈⊤∈∋≺⊞⋈⊞⊞⊞⋈≺∋∋∋⋈∋⊞⋈⊞∋⋈≻∋⊤∈⋈≺⋈≺∋≺⋈⊞⋈⋈⊤∈⋈⋈⋈⊞⊞⋈≺∋∋⋈⋈⊞⋈⋈⋈⋈≺⋈⋈⊡∈∋∋∋⊣⋈≺∋∋⋈⋈⊤⊥⊞⊞⊤⊥⊞⋈⊞⊞⋈⊤⊥⊥⋈⋈⊞⊞⊤⊥⋈⋈⋈⋈⋈⋈⋈⋈⋈⋈⋈⋈⋈⋈⋈⋈⋈⋈⋈⋈⋈⋈⊞⋈⋈⋈⋈⋈⋈⋈⋈⋈⊡∈⋈⋈≻⋈⋈⊤∈⋈⋈⋈⊞⊞⊞⊞⊞⊞⋈⋈≺⋈⊤∈⊤∈⋈⋈∋⋈≺⊤∈∋≺∋⋈⋈≻⋈⋈⋈⋈⋈⋈⊤⋈∈⋈⊞⋈⋈⋈≺⋈⋈⋈⋈⊞⋈⋈⋈⋈⋈⋈⋈≺∈⋈⋈⋈⋈⋈⋈⋈⋈≻⋈⊤∈⋈⋈⋈⋈⋈≺⋈⋈⋈⋈⋈⋈⋈⋈⋈⊤∈⊞⊤∈⋈⋈⊞⊙⊤∈⊤∈⊤∈⋈⋈≻⊤∈⋈≺⋈⋈⋈⋈⋈≺⊤∈⋈⋈≻⊤∈⋈⋈≺⊤∈⋈⋈≻⊤∈⋈⋈≺⊞⊤∈∋∋∋∋∋∋∋∋∋⊞⊞∈∋⋈⋈⋈⋈∋⊤⋈∈⋈⋈⊞⋈⋈⋈∋⋈⋈⋈⊤∈⋈⋈⋈⋈⋈⋈⋈⋈⋈≻⊤∈⊞⋈≺∋⋈⋈⊞≺∋⋈⋈⊤∈⋈⋈⋈⋈⋈⋈⋈⋈≻⋈⊤∈⊞⋈≺∋⋈⋈⋈⊤∈⋈⊤⋈∈∋⋈⋈⋈⋈⋈⊤∈⊞≺∋⋈⋈⊞∈⊞⊤∈⋈⋈⋈⋈⊞⊞⋈⋈⋈⋈⋈⋈⋈⊞⊤∈⋈⋈⊤∈⊤∈⊤∈⋈⋈≺⊞⋈⋈⋈⋈⊞⊞⋈⊞⊞⊞⊞⋈⋈⊤∈∋⋈⊤∈⋈⋈⋈⋈⊞⋈⋈⊞⊤∈⋈⋈⋈⋈⋈⊤∈⊤∈⋈⋈⋈⊞⋈⊤∈⊞⋈≺⋈⋈⊞⋈∈⊞⋈≺⊤∈⋈⋈⊤∈⋈⊞⋈⋈⋈∋⊤∈⊤∈⋈⊞⋈⋈⋈⊤∈⊞⋈⋈⋈⋈⋈⋈⊞⊞⋈⋈⊞⊞⊞⊞⋈≺∋⊞∈⋈⋈⋈⊤∈⋈⋈⋈⋈⋈⋈⊤∈⋈⋈⋈⊞⋈⊤∈⊤∈⋈⋈⋈⋈⋈⋈⊤∈⋈≺⋈⊞∋⊤∈⋈⋈⊤∈⋈⋈⊞⋈∈⊞≺⋈⋈⋈⋈⋈⋈⊤∈⋈≺⊤⊥⊤∈⋈⋈⋈⋈⊤∈⋈≺⋈⋈⋈⊞⋈⋈⊞∈⋈⋈⋈⋈⋈⋈⋈⋈⊤∈⋈⋈≻⋈⋈⋈⋈⊞⋈∈⋈⋈≻⋈⊤∈⋈⊞⋈⊞⊞⋈⊞⋈⋈⊞⊞⋈⋈⋈⊤∈⋈⋈⋈⋈≺⋈⊞⋈⊞⊞⋈⋈⋈⋈⋈⋈⊞≺∈⋈⋈⋈⋈⋈≻⋈⋈⋈⋈⋈⊤∈⋈⊞⋈⋈⊞⋈⊞⊞⋈≺⊤∈⋈≻≺⋈⋈∋⋈⋈⋈⋈⋈⋈⋈⊞⋈⊞⋈⊤∈∋⋈⋈⊞⋈⋈⊞⋈⊞⋈≺⊤∈⊞⋈⋈⋈∈⋈⋈⊞∈⊤∈⋈⊞⊞⋈⊞⋈⋈⊤∈⋈⋈⊞∋⋈⋈⋈⊤∈∋⋈⋈≻⋈⋈⋈⋈⊞⋈⋈∈⋈⋈≻⋈⊤∈⋈⊞⋈⊞⊞⋈⊞⋈⋈⊞⊞⋈⋈≺⋈⋈⋈⋈⊤∈⋈⊞⋈⊞⊞⋈⋈⋈⋈⋈≺∈⋈⋈⋈⋈⋈≻⋈⋈⋈⋈⋈⊤∈⋈⊞⋈⋈⊞⋈⊞⊞⋈⋈⊤∈≺⋈⋈⋈⋈⋈⋈⋈⋈⋈⋈⊤∈⋈≻≺⋈⋈∋⋈⋈⋈⋈⋈⋈⋈⋈⋈⋈⋈⋈⋈⋈⋈⊞⋈⊞⋈⊤∈∋⋈⋈⊞⋈⋈⊞⋈⊞⋈⊤∈≺⊤∈⋈⊞⋈⋈≺∋⋈⋈⋈⋈⊤∈⋈⋈⋈⋈⋈⋈∈⋈⋈⋈⊞∈⋈⊤∈⋈⊞⊞⋈⊞⊞⋈⋈⊤∈⋈⋈⋈∋∋⋈⊡⋈⋈⋈⋈⋈⋈⋈⋈⋈⋈⊞⋈⋈⋈⋈⋈⋈⋈⋈⋈⊤∈∋⋈⊤∈⋈⊙∋⊤∈⋈⊙∋⊤∈⋈⊙∋⊤⋈∈⋈⊙⋈≺∋∋∋⋈⋈⋈⋈⋈⋈⋈⋈⋈⋈⋈⋈⋈⋈⋈⋈⋈⋈⋈⋈⋈⋈⋈⋈⋈⋈⋈⋈⋈⋈⋈⋈⋈⋈⋈⋈⋈⋈⋈⋈⋈⋈⋈⋈⋈⋈⋈⋈⋈⋈⋈⋈⋈⋈⋈⋈⋈⋈⋈⋈⋈⋈⋈⋈⋈⋈⋈⋈⋈⊤⋈∈⊤∈⋈⋈⊤∈∋∋⋈⋈⊙≺⋈⋈⋈⊞∈⋈⋈⊞⋈⊞⋈⊞∈⋈⋈⊞⊤∈≺⊞⋈⋈⊞⊙∋⋈∋⋈⊞⊞⋈⋈⋈≺⋈⋈⋈≻⋈⋈⋈⋈⊤∈⋈⊞⋈⋈⊞⋈⊞⋈⋈≺⋈⋈⋈⋈⋈⋈⋈⋈⋈⋈⊤∈⋈≻⋈⋈∋⋈⊞⋈⋈⋈⋈⋈⋈⋈⋈⋈⋈⋈⋈⋈⊞⋈⋈⋈⋈⋈⊞⋈⊤∈∋≺⋈⊞⊞⊞⊤∈∋≺⋈⋈≺∋∋⋈⊞⋈⋈⊞⊞⋈⋈⋈∋⋈∋⊞⊤∈∋∋⋈⊙∋∋∋⊤⊥⊞∈⋈⊙∋⊞⋈≺⋈⊤∈⋈≻⋈∋⋈⋈⋈⋈⋈⊞⋈⋈⋈⋈⋈⋈⊤∈∋≺⋈⊞⊞⊤∈∋≺⋈≺∋∋⋈⊞⋈⋈⊞⊞⋈⋈⋈⋈≺∋⊞∋∋∋⊤∈⋈⊙∋⊤⊥⊞∈⋈⊙∋⋈≺⋈⊞⊞⊞⋈≺∋∋∋∋⋈⊞⊞⊞≺⋈≺⋈≺∋∋∋∋≺⊞≺∋∋∋∋∋∋⋈⊞⊞≺∋⊞∋⋈⋈⋈≺⋈≺∋∋⋈⊞⋈⊞⋈⊞≺∋∋∋∋∋∋∋∋⋈⊞⋈⊞⊞⋈⊞⊞⋈⊞⋈⋈≺∋⋈⋈⋈∋∋∋⋈⊡∈⋈≻∋⊤∈⊤∈⋈⊙∋⊤∈⋈⊙∋⊤∈⋈⊙∋⊤∈⋈⊙∋∋∋∋⊞⋈⋈⋈⋈⋈⋈⊣⋈⋈⊞⊙
0x609cfb0	⊢⋈⋈⋈⋈⋈⊤∈⋈⋈⋈⋈⊞⊞⋈⋈⋈⋈⋈⋈⊞⊤∈⋈⋈⊞∈⊤∈⊤∈⋈⋈≺⊞⋈⋈⋈⋈⋈⋈⊞⊞⋈⊞⊞⊞⊞⋈⋈⊞∈∋⋈≺∋⋈⋈⋈⊤∈⋈⋈⋈⋈⋈⋈⋈⋈⊞⊤∈⋈⋈⋈≺⋈⊤∈⊤∈⋈⋈⊞⋈⊤∈∋⊞⋈⋈⋈⋈≺∋∋⋈⋈⋈⋈⋈⋈⊞⊞⋈⊞⊞⊞⊞≺∋⊤∈⋈⊞≺⋈⋈⊤∈⋈⊞∈∋∋⋈⋈⊤∈⊤∈⊞⊞⊤⊥⊞⊞⊞⋈⋈⊞⋈⊞⊞⊤⋈⊥⋈⊞∈⊞⋈⋈⋈⋈⋈⋈⋈⋈≺⋈≺⋈≺⊞⋈≺∋⋈⋈∋⋈≺⋈≺∋∋⋈⊞⋈⋈⋈⊞⋈⊞⋈⋈≺∋∋∋∋⋈∋⋈⋈⋈⊣
0x608ad70	⊢⋈⊤∈⋈⊣⋈⋈⋈⋈⋈⋈⊤∈⋈⋈⋈⋈⊞⊞⋈⋈⋈⋈⋈⋈⊞⊤∈⋈⋈⊞∈⊤∈⊤∈⋈≺⋈⋈⋈⋈⋈⊞⊞⋈⊞⊞⊞⊞⋈⊞∈∋⋈⋈⋈⊤∈⋈⋈⋈⋈⊞⋈⋈⋈⋈⋈⊞⊤∈⊤∈⋈⋈⊞⋈⊞≺⊤∈⊤∈⋈⋈⊤∈⋈⊞∈⋈⋈⊤∈⊤∈⋈⋈⋈⊞⊤∈∋⊞≺∋∋⋈⊞⋈⊞≺∋⊞⋈⋈⋈⋈⋈⋈⋈⋈⊞⊞⊞⊞⊞⊞⋈⋈⊞≺∋⊞⊞⊤∈⋈⊞≺⋈⋈⋈⋈⊞⊙⊞⋈⊞≺⊤∈⊤∈⋈⋈⊞⋈⊤∈∋∋⋈⊞⋈⊞⊞⋈≺⋈⋈⋈⋈⋈⊞⊞⋈⊞⊞⊞⋈⊞≺∋⊤∈⋈⊞⋈≺⋈⋈⊤∈⋈⊞∈∋∋∋∋∋⋈⊞⊞≺∋∋∋⊞⊞⋈⊞⊞⋈⊞⊞⋈⋈⋈⋈⋈⋈⋈⋈⋈⋈⋈⋈⋈⋈≺⋈≺∋∋⋈⊞⋈⊞⋈⊞⋈⊞≺∋∋⋈⊞⊞⋈⊞⊞⋈⊞⊞⋈⊞⋈⋈⋈⋈⋈∋⋈⋈⋈⋈⋈⊣
0x60a0db0	⊢⋈⋈⊤∈⊤∈⋈⊤∈⋈≺⋈⊤∈⊤∈⊤∈⋈⊤∈≺∋⋈≺⋈⋈⊤∈⋈⋈⊞⊞≻∋⋈∋∋∋⊞∋∋∋⋈⋈⋈⊞⋈⊞⊞⊡∈⊤∈⋈⊞⊤⋈∈∋⊞⊤∈⋈⋈⋈≻⋈⋈∋⋈⊞∈⊤∈⊤∈⊤∈⊤∈⋈⊤∈≺∋∋∋⋈∋∋∋⊞⋈⋈⋈⋈⋈⊣
0x6086160	⊢⋈⋈⋈⋈⋈⋈⊞⋈⋈⋈⊤∈⋈⋈⋈⋈⋈⋈∋⋈⋈⋈⋈⋈⋈⋈⋈⋈⋈⋈⋈⋈⋈⋈⊤∈⊤∈⊡∈⊞⊡∈⊤∈⋈⊤∈⊞⊤∈∋⋈⊞⊤∈∋⊤∈⊤∈≺∋∋⊞⊤∈⊞⊞∈∋⊞∋∋⋈⋈∋⊤∈⊤∈⊤∈⋈⋈⊡∈⋈⋈≻⊤∈⋈⊞∈⋈⋈∈∋∋∋⊞⊤∈⋈⋈∈⋈⊤∈⊤∈⊤∈⊞⊡∋⊤∈⊤∈⊤∈∋⊞⊤∈≺∋⋈⊤∈∋∋⋈⋈≻⊤∈⋈⊞∈⋈⋈≺∋≺⊤∈⋈⋈⊞∈⋈⋈≻⊤∈⋈⊞∈∋∋⋈⊞⋈≻∋⋈⋈⋈≻⋈⋈⊤∈∋⋈≺∋∋∋∋∋∋∋∋∋⋈⋈⊞⋈⋈⋈⋈⋈⊣
0x609d770	⊢⊤∈⋈⋈⋈⋈⋈⋈⋈⋈⊞⋈⋈⊣⋈⋈⋈⋈⋈⊤∈⋈⋈⊤∈⋈⋈⊤∈⋈⋈≺∋⋈⊞⊤∈⊤∈⊤∈⋈⋈⋈⊤∈⊤∈⋈⊞∈∋⋈≺∋⊞⊞⋈⊞∈⋈⋈⊞⊞∈⋈⊤∈⋈⋈⊤⋈∈⊞⊤∈⋈∈⊤∈⋈⋈⋈⊞⊤∈⊤∈⊞⊞⋈⊞⊞⋈⊞⊤∈∋⋈∈⊤∈∋⋈⋈⋈⋈⋈⋈⋈⋈⋈⋈⋈⊤∈⋈∋∋⋈⋈≺⊞⊞⋈⊞⊞⋈⊞⊤∈∋≺∋∋⋈⋈⊞⊞⊞∈⋈⊤∈⋈⋈⋈⋈⋈⋈⋈⋈⋈⋈⋈⋈⋈⋈⋈≺⋈⋈≺⋈≺∋⋈≺⋈≺⋈⋈≺⋈≺⊞⊞≺⊞≺∋∋∋⋈⋈⋈⋈⋈⋈⋈⋈⋈∋⋈∋∋∋∋∋∋∋⋈∋⋈⋈⋈⋈⋈⊣
0x6079d91	⊢⋈⋈⋈⋈⋈⋈⊞⋈⋈⋈⋈⋈⋈⊞⊤∈⋈⋈⋈⋈⋈⋈⊞⋈⋈⋈⋈⋈⊙⋈⋈⋈⋈⋈⋈⋈⋈⋈⋈⋈⊞⊞⊞⊞⊞⋈⋈⊙⋈⋈⋈⋈⋈⋈⋈⋈⋈⋈≺∋⊞⋈⊞⋈⋈⋈⋈⋈⋈⋈⋈⋈⊞⋈⋈⋈⋈⋈⋈⊣
0x60630bc	⊢⋈⋈⋈⋈⋈⋈⋈⊞⋈⋈⋈⋈⋈⋈⋈⋈⋈⊞⊤∈⋈⋈⋈⋈⊞⋈⋈⋈⋈⊙⋈⋈⋈⋈⋈⊡⊞⊞⊞⊞⊞⊙⋈⋈⋈⋈⋈⋈⊡≺∋⊞⊞⊞⋈⋈⊡⋈⋈⋈⋈⋈⊞⋈⋈⋈⋈⋈⋈⊣
0x6079ebf	⊢⋈⋈⋈⋈⋈⋈⊞⋈⋈⋈⋈⋈⋈⋈⋈⋈⊞⊤∈⋈⋈⋈⊞⋈⋈⋈⊞⋈⋈⋈⋈⊙⋈⋈⋈⋈⋈⋈⋈⋈⋈⋈⋈⊞⊞⋈⊞⊞⊞⋈⋈⊙⋈⋈⋈⋈⋈⋈⋈⋈≺∋⋈⊞⋈⋈⋈⋈⋈⋈⊤∈⋈⋈⋈⋈⊞⊞⊙∋⋈⋈⋈⊤∈⊞∈⋈⋈⋈⋈⊞⊤∈∋∋⊞⋈⋈⋈⋈⋈⋈⊣
0x60633a6	⊢⋈⋈⋈⋈⋈⋈⋈⊞⋈⋈⋈⋈⋈⋈⋈⋈⋈⊞⊤∈⋈⋈⋈⊞⋈⋈⋈⊙⋈⋈⋈⋈⋈⊡⊞⊞⊞⊞⊞⊙⋈⋈⋈⋈⊡≺∋⊞⊞⋈⋈⊡⋈⋈⊤∈⋈⋈⋈⋈⊞⊞⊙∋⋈⋈⋈⋈⊤∈⊞∈⋈⋈⋈⋈⊞⊤∈∋∋⊞⋈⋈⋈⋈⋈⋈⊣
0x6047f7b	⊢⋈⋈⋈⋈⋈⋈⊞⋈⋈⋈⊞⋈⋈⊞∈⋈⊞⊞⊞⋈⋈⊞⋈⋈⊤∈⊤∈⋈≺⋈⊤∈⋈⋈⊤⊥⊤⊥⊞∈⊞⋈⋈⋈⊤∈⋈⋈⋈⋈⋈≻⊤∈⋈⋈≺∋⋈≻⋈⋈≺∋⋈⋈⋈⋈⊙⋈⋈⋈⋈⋈⋈⋈⋈≺⋈⋈⋈≺∋⋈∋⋈∋⋈⋈⋈⊤∈⊤∈⋈⋈⊤∈⋈⋈⊤⊥⊤⊥⊞∈∋⊞⋈⋈⋈⋈⊤⋈∈⋈⊞⋈⋈⋈⋈≻⊤∈∋⋈⋈≻⋈⋈≺∋⋈⋈⋈⊙⋈⋈⋈⋈⋈⋈⋈≺⋈⋈≺⋈≺∋∋⋈∋⋈⊞⋈⋈⋈⋈⋈⋈⋈⋈⋈⊞⊞⊞⊤∈∋≺∋⋈⋈⋈⊙⊞⋈⋈⋈⋈⋈⋈⊣
0x6051e59	⊢⋈⋈⋈⋈⋈⋈⊞⋈⋈⋈⋈⋈⋈⊞⋈∈⋈⋈⋈⋈⋈⋈⋈⋈⊞⊤∈⋈⋈⋈≻⊞⊞⋈⋈≻⋈⊤∈⊞⊤∈∋⋈≻⋈⊤∈⊤⋈∈⋈≺⋈⊤∈⋈⊤⊥⋈⊤⊥⊞∈⊞⊤∈⋈⊞⋈⋈⋈⋈≻⊤∈⋈⋈≺∋⋈⋈⋈⊙⋈⋈⋈⋈⋈⋈≺⋈⋈≺⋈≺∋∋∋⋈⋈⋈⋈⊞⊤⋈⋈⊥⋈∋⋈⋈⋈⊤∈⋈∋⊤∈⊤⋈⋈⊥⊤⊥⊞∈⊤∈⊞⋈⋈⊤∈≺⋈⊤⋈∈∋∋⋈⋈∈∋⋈⋈⋈∋∋⋈⋈⋈⋈⊤∈⋈⋈⋈≻∋⊞⋈⋈≻⋈⊤∈⊞⊤∈∋⋈≻∋⋈≺∋⋈⋈≻⋈⊤∈⊤⋈∈⋈≺⋈⊤∈⋈⊤⊥⋈⊤⊥⊞∈∋⊞⊤∈⋈⊞⋈⋈⋈≻⊤∈⋈≺∋⋈⋈≻⋈≺∋⋈⋈⋈⋈⊙⋈⋈⋈⋈⋈≺⋈⋈≺⋈≺∋∋∋⋈⋈⋈⋈⊞⊤⋈⋈⊥⋈∋⋈⋈⋈⊤∈⋈∋⊤∈⊤⋈⋈⊥⊤⊥⊞∈⊤∈⊞⋈⋈⊤∈≺⋈⊤⋈∈∋∋⋈⋈∈∋⋈⋈⋈∋∋⋈⋈⋈⋈⊤⋈∈⋈⋈⋈≻∋⋈⊤∈⋈⋈⋈≻∋⋈⊤∈⋈⋈⋈≻∋⊞⊤∈∋≺∋⋈⋈⋈⋈⋈⊞⋈⋈⋈⋈⋈⋈⊣
0x6051840	⊢⋈⋈⋈⋈⋈⋈⊞⋈⋈⋈⊞⋈⋈⋈⊞∈⋈⊞⊞⋈⊞⊤∈⋈⋈⋈⋈≻⋈⋈≺∋⋈⋈⋈⋈⋈⋈⋈⋈⋈⋈⋈⋈⋈⋈⋈⋈⋈⋈⊞⊞⊤∈∋⋈⋈⋈⊙⊞⋈⋈⋈⋈⋈⋈⊣
0x605154e	⊢⋈⋈⋈⋈⋈⋈⊞⋈⋈⋈⋈⊞∈⋈⋈⋈⋈⊞⊞⋈⊞⋈⊞⊞⋈⊞⊞⋈⊞⊞⋈⋈⋈⊞⋈⋈⋈⊞∈⊤∈⋈⋈⋈≻⊤∈⊤∈∋⊤∈⊤∈∋⋈⋈⋈⋈≻⋈⋈⋈⋈⋈⋈⋈⋈⋈⋈⋈⋈≻⋈⋈⋈⋈⋈⋈⋈⊤∈⋈⋈⋈≻∋⋈⋈⋈⋈⋈⋈⋈⋈⋈⋈⋈⋈⋈⋈⋈≻⋈⋈⋈⋈⋈⋈⋈⋈⋈⊤∈⋈⋈⋈≻∋∋∋⊞⊞⊞⊤∈∋⋈⋈⋈⋈⋈⋈⊞⋈⋈⋈⋈⋈⋈⋈⋈⊞⊤∈∋⋈⋈⋈⊙⊞⋈⋈⋈⋈⋈⋈⊣
0x6055efc	⊢⋈⋈⋈⋈⋈⋈⊞⋈⋈⋈⋈⋈⋈⋈≻⋈⊤∈⋈⋈⊙⊤∈⋈⋈≻⋈⋈⋈⋈⋈⋈⋈⋈⋈⊤∈⋈⋈⋈≺⋈⊤⋈∈⋈⋈⋈⊤∈⊤∈⋈≺⋈⊤∈⋈⋈⊞⊥⋈⊞⊤⊥⊞∈⊤∈⋈⋈⋈⋈⋈≻⊤∈⋈⋈≺∋⋈⋈⋈⊙⋈⋈⋈⋈≺∋∋⋈⋈⋈⋈⋈⋈⋈⋈⋈⋈⋈≺⋈⋈⋈⋈⋈⋈⊤∈∋⋈⋈⋈⋈≻≺∋∋⋈⋈⋈⋈⋈⋈⋈⋈⋈≻⋈⋈⋈⋈≻⋈⋈⋈≻⋈⋈≻⋈⋈⋈⋈⊤⋈∈⋈⋈⊤∈⊤∈⋈∋⊤∈⋈≺∋⊤∈∋⋈⋈⋈⋈⋈⋈⊞⋈≻≺∋⊤∈⋈⋈⋈⋈≻≺∋∋⋈⊤∈⋈⋈⋈≻∋⋈⋈⋈⋈≻⋈⋈⋈⋈⋈⋈⋈⋈≻⋈⋈⋈⋈⋈⊤∈⋈⋈⋈≻∋⋈⋈⋈⋈⋈≻⋈⋈≻⋈⊤∈⋈⋈⋈≻∋⋈⊤∈⊤∈⋈⊤∈⋈⋈⊞⊥⋈⊤⊥⊞∈∋⊞⋈⊤∈∋⋈⋈≺≺∋⋈⊞∋⋈∈⋈⋈⊤∈⋈⊤∈⊤∈⋈⋈⊞⊥⋈⊤⊥⊞∈⋈⋈⋈⊤∈⋈⊞⋈⋈⋈≻⊤∈⋈⋈≺∋⋈⋈⋈⊙⋈⋈⋈⊞∋⋈⋈≻∋⊤∈⋈⊞⋈⋈⋈≻⊤∈∋∋⋈⋈≻∋⋈⋈⋈⋈⋈⋈⋈⋈⋈≻⋈⋈⋈⋈⋈⋈≺∋⋈⋈⋈⊙⋈⋈⋈≺∋⋈⋈⋈≺⋈⋈⊤∈∋∋⋈⋈⋈⋈⋈⋈⋈⋈⋈⋈⋈⋈⊞⋈≺∋⋈≺∋⋈⋈⊤∈⊤∈⋈⋈⋈⋈⋈⋈⋈⋈⋈≻⋈⋈⋈⋈⊤∈∋⋈⋈⋈⋈⊞≺⋈⋈⋈≺∋⋈∋⋈⋈⋈⋈⊞⋈⋈⋈⋈⋈⋈⋈⋈⋈⋈⋈⋈⋈⋈⋈⋈⋈⋈⋈⋈⋈⋈⋈⋈⋈⋈⋈⋈⋈⋈⋈⋈⋈⋈⋈⋈⋈⋈⋈⋈⋈⋈⋈⋈⋈⋈≻⋈⋈⋈⋈⋈⊤∈⋈⋈⋈⋈⋈⋈⋈⋈⋈⋈⋈⋈⋈⋈⋈⋈⋈⋈⋈⋈⋈⋈⋈≻⋈⋈⋈⋈⋈⊤∈⋈⋈⋈⋈⋈⋈⋈⋈⋈⋈⋈⋈⋈⋈⋈⋈⋈⋈⋈⋈⋈⊞⋈⋈⋈⋈⋈⋈⋈⋈⋈⋈⋈⋈⋈⋈⋈⋈⋈⋈⋈⋈⋈≻⋈⋈⋈⋈≻⋈≻⋈∈⋈⊞⋈≻⋈⋈⋈⋈⋈⋈⋈⋈⊞⊤∈∋⋈⋈⋈⋈⋈⊙⋈⋈⋈⊙⋈⋈⋈⊙⋈⋈⋈⊙⋈⋈⋈⋈⊙⋈⋈⋈⋈⊙⋈⋈⋈⋈⋈⊤∈⋈⋈⋈⋈⋈⋈⋈⋈⋈⊤⋈∈⋈⋈⋈⋈≻∋⊤∈⋈⋈⋈⋈≻≺⋈⋈⋈⋈⋈∋∋⋈≻⋈⊤∈∋⋈⋈⋈∋≻≺∋∋∋⊞⋈⋈⋈⋈⋈⋈⊣
0x605b4e3	⊢⋈⋈⊞⋈⊤∈⋈⋈⊙⊤∈⋈⋈≻⋈⋈⋈⋈⋈⋈⊞⋈⋈⋈⋈⋈⋈⋈≻⋈⋈⋈⋈⋈⊤∈⊤∈⊞⊤∈⋈⋈⋈⋈≻∋⊤∈⋈⋈⊙⊤∈⋈⋈⋈⋈⋈⋈⋈⋈⋈⋈⋈≺⋈⋈⋈⋈⊤⋈⋈∈⋈⋈⊤∈⊤∈⋈⊞⊥⋈⊤⊥⊞∈⊞⋈⋈⋈≺⋈⋈⋈⋈≺∋∋⋈∈⋈⋈⋈⋈⋈⋈⋈⊤⋈⋈∈⋈⋈⊤∈⊤∈⋈⊞⊥⋈⊤⊥⊞∈⊤∈⋈⊞⋈⋈⋈≻⊤∈⋈⋈≺∋⋈⋈⋈⊙⋈⊞∋⋈⋈≻∋⊤∈⋈⊞⋈⋈⋈≻⊤∈∋⋈⋈⋈≺∋⋈⋈⋈⊙⋈≺∋⋈⋈⋈⋈≺∋⋈⋈⋈⋈⋈≺∈⋈≺∋⋈⊞⋈⋈⋈⋈⋈⋈⋈⋈∈⋈⊤∈⊤∈⊤⋈⊥⋈⊤∈∋⋈⊞∈⊤∈∋⋈⋈⋈⋈⋈⋈⋈⋈⋈≻⋈⋈⋈⋈⊤∈⋈⋈⋈≻∋⋈≺⊤∈⋈⊤∈⋈⊤∈⋈⊞⋈⊤⋈∈∋⊞∈⋈⊞⊞∈∋≺≺∋⊞∋⊞⊤⊥⋈⋈∋⋈⋈⋈⋈⊤∈⋈⋈⋈≻∋⋈⋈⋈⋈⋈⋈≺∋≺∋⊤∈⊤⋈⋈∈⋈⋈⊤⋈⋈∈∋⋈⊤∈⊤∈⋈⊤⋈⋈⋈∈⋈⋈⊤⊥⊞⊤⊥⋈⋈⋈⋈≺∋⋈⊞⊥⊞⊞∈⋈⋈⋈⋈⋈⋈⋈⋈⋈⋈⋈≻⋈⋈⋈⋈⋈⊤∈⋈⋈⋈≻∋⋈⋈≺⊤∈⊤∈⊤∈⋈⋈⋈⊤∈∋⊞∈⋈⋈⊞⋈⊞∈∋≺≺∋⊞∋⊞⊤⊥⋈⋈⋈⋈∋⋈⋈⋈⊞⋈⋈⋈∈⊤∈⋈⋈≺⊤∈⋈⊞⋈⋈≺∋∋⊤⋈⊥⊤∈⊤⋈⋈⊥⊤⊥⊞⊙⊤∈∋⋈⋈⊙⊤⋈∈⋈⋈⋈⋈⋈⋈⋈⋈⋈⋈⋈⋈⊤⋈∈⋈⋈⋈⋈≻∋⋈≺⋈⋈⋈≻⊤∈⋈⋈⊤⋈⋈⊤≺∋⋈∈⋈⊞⋈⊤⊥≺∋⋈⊞∈⊤∈∋⋈⋈⋈⋈⋈⋈⋈⋈⋈≻⋈⋈⋈⋈⋈⋈⊤∈⋈⋈⋈≻∋⋈≺⊤∈⋈⊤∈⋈⊤∈⋈⊞⋈⊤⋈∈∋⊞∈⋈⊞⊞∈∋≺≺∋⊞∋⊞⊤⊥⋈⋈⋈∋⊤∈⋈⋈⋈≻∋⋈⋈⋈≻⊤∈⋈⋈⊤∈⋈⋈⊤∈∋⋈⊤⊥∋⋈⊞≺∋⋈⊞∈⊤∈∋⋈⋈⋈⋈⋈⋈⋈⋈⋈≻⋈⋈⋈⋈⋈⋈⊤∈⋈⋈⋈≻∋⋈≺⊤∈∋∋∋∋⋈⋈⋈≻⋈⊤∈⋈⊤∈⋈⊞⋈⊤⋈∈∋⊞∈⋈⋈⊞⋈⊞∈∋≺≺∋⊞∋⊞⊤⊥⋈⋈∋⊤∈⋈⋈⋈≻∋⊤∈⋈⋈⋈⋈≻∋⋈⋈⋈⋈⋈⋈⊤∈⋈⋈⋈≻∋⊞⊤∈∋⊤∈⋈⊤⋈⋈∈⊤∈⊞⊥⋈⋈⊤⊥⊞∈∋⊤∈⋈⊞⋈⋈⋈≻⊤∈⋈⋈⋈≺∋⋈⋈⋈⊙⋈≺⊞∋⋈⋈≻⋈⋈⋈⋈∋⋈⋈⋈⋈⋈≺∋∋⊤∈⊤∈∋⋈⊤∈⋈⋈⊞⊥⋈⊤⊥⊞∈⊤∈⋈⊞⋈⋈⋈≻⊤∈⋈⋈≺∋⋈⋈⋈⊙⋈⋈≺⊞∋⋈≺∋⋈≻∋⋈⋈∋⋈⋈⋈≺∋⋈⋈⋈≺∋∋⋈⋈⋈⋈⋈⋈⋈⋈⋈⋈⋈⋈⋈⋈⊤∈⋈⋈⋈≻∋⋈⊤∈⋈⋈⋈≻∋⋈⊤∈⋈⋈⋈≺≺∋∋⋈⋈⊙⊤∈⋈⋈⋈⋈⋈⋈⋈⋈⋈⋈∋⊤∈⋈⋈⋈⋈≻∋⋈⊤∈⋈⋈⋈⋈⋈⊙⊤∈⋈⋈≻∋⋈⋈≻∋⋈⋈≻∋⋈⋈≻⋈⋈⋈⋈⋈⋈⊞⋈⋈⋈⋈⋈⋈≻⋈⋈⋈⋈⋈⊤∈⋈⋈⊤⋈⊥⋈∈⊤∈⋈⋈⋈⋈≻∋⋈⋈⋈⊤∈⊞∈⋈⋈≻∋⊤∈⋈⊞⋈⋈⋈≻⋈⊤∈∋≺∋⋈⋈⋈⋈⊤∈⋈⋈⊤⋈∈⊞⋈⋈⊤⋈∈∋⋈⊞⋈⋈≺∋⋈⊤⊥≺∋⋈⋈⊞⋈∈⊤∈∋⋈⋈⋈⋈⋈⋈⋈⋈⋈⋈≻⋈⋈⋈⋈⋈⊤∈⋈⋈⋈≻∋⋈≺⊤∈⊤∈⋈⊤∈⋈⊞⊤∈∋⊞⊞⋈≺∋⊞∈⋈⊞⊞∈∋≺∋⊞⊤⊥⋈⋈⋈∋⋈⋈⋈⋈⋈⋈⋈⊞⋈∈⋈⊤∈⊤∈⋈⋈⊤∈⋈⋈⊞⊥⋈⊤⊥⊞∈⊞⋈⊤∈⋈⊞⋈⋈⋈≻⊤∈⋈≺∋⋈⋈⋈⋈⊙⋈⋈⋈⋈⋈≺∋⋈⋈≺∋⋈≺∋⊤∈⋈≻⋈∋⋈⊞⋈⋈⋈⋈⋈⋈⋈⋈≻⋈⊤∈⋈⋈⋈⊤⋈⋈⋈⊤≺∋⋈∈⋈⊞⋈⊤⊥≺∋⋈⊞∈⊤∈∋⋈⋈⋈⋈⋈⋈⋈⋈≻⋈⋈⋈⋈⋈⋈⊤∈⋈⋈⋈≻∋⋈≺⊤∈⋈⊤∈⋈⊤∈⋈⊞⋈⊤⋈∈∋⊞∈⋈⊞⊞∈∋≺≺∋⊞∋⊞⊤⊥⋈⋈⋈∋⊤∈⋈⋈⋈≻∋⋈⋈⋈≻⊤∈⋈⋈⊤∈⋈⋈⊤∈∋⋈⊤⊥∋⋈⊞≺∋⋈⊞∈⊤∈∋⋈⋈⋈⋈⋈⋈⋈⋈≻⋈⋈⋈⋈⊤∈⋈⋈⋈≻∋⋈≺⊤∈⋈⊤∈⋈⊤∈⋈⊞⋈⊤⋈∈∋⊞∈⋈⋈⊞⋈⊞∈∋≺≺∋⊞∋⊞⊤⊥⋈∋⊤∈⋈⋈⋈≻∋⋈⊤∈⋈⋈⋈≻∋⋈⋈⋈⋈⊤∈⋈⋈⋈≻∋⊤⋈⋈∈∋⋈⋈⋈⋈≻⋈⊤∈⋈⋈⋈≻≺⋈⋈⊙⊤∈∈⋈⋈≻∋⋈≺∋⋈⋈≻∋∋∋⋈⋈⋈≻∋⋈⋈⋈⋈⋈⋈⋈⋈⋈⊤∈⋈⋈⋈⋈⊞⋈⋈⋈⋈⋈⋈≺⋈⋈⋈⋈⋈∋∋∋⊞⋈⋈⋈⋈⋈⋈⊣⋈⋈⋈⋈⋈⋈⋈⋈⊤∈⋈⋈⋈⋈≺∋≻⋈⋈⋈⋈∋⋈≺∋∋∋⋈⋈⋈≻⋈⋈⋈⋈∋≻∋⊞⋈⋈⋈⋈⋈⋈⊣⋈⋈⋈⋈⋈⋈⋈⋈⋈⊞⋈⊞⊞⋈⋈⋈⋈⋈⋈≻⊞≺∋⋈⊞⋈⋈⊣
0x603dda6	⊢⋈⋈⋈⋈⋈⋈⊞⋈⋈⋈⋈⋈⋈⋈⋈⋈⋈⋈≻⊤∈⋈⊞⊤∈⊤∈⊤∈∋⋈⋈⋈⋈⋈⋈⋈⋈⋈≻⋈⋈⋈⋈⋈≻⋈⊤∈⋈⋈⋈⊞≻⋈≺∋⋈⋈⋈⋈⋈⋈⋈⋈⋈⋈⋈⋈⋈⋈⊞⋈⋈≻⊞⋈⋈⊤∈⋈⊞⊞⊞⊞⊤∈⋈⊞⊙∋∋⋈⋈⋈⋈⋈≻⋈≺∋∋∋⋈⊞⋈⋈⋈⋈⋈⋈⊣
0x603d359	⊢⋈⊤∈⋈⋈⋈≻⋈⋈⋈⋈⋈⋈⊞⋈⋈⊤∈⋈⋈⋈≻⋈⊞⋈⋈⊞⊞⊞⊞⋈⊞⊞∈⊞⊡⊞⊞⊞⊤∈⊡⋈⋈⊡⋈∈⊞⊞⊞⊞⋈⋈⋈⊞⋈⋈≻⊤∈⋈⋈⋈≻≺⋈⊞⋈⋈⋈⊡⋈⊞⊡⋈∈∋∋⊞⊞⊤∈∋⋈⋈⊤⋈∈⋈⋈⊞⊞⊞⊥⊡⊡⊞⋈⊡⋈≺⋈⋈⊤∈⋈≺⋈⊤∈⋈≺⋈⊞⊞⊞⋈⋈⊤∈⊤∈⋈⋈⋈≻⋈⋈⋈⋈⋈≻⋈⋈⋈⋈≺⊤∈⋈⋈⋈∋≻≺⋈⋈⊡⊡⊞⋈⊡⋈≺∋∋⋈⊤∈⋈⋈⋈⋈⋈≻⋈⋈⋈⋈≻⋈∋⊡⊡⊡⊡⊡⊡⋈⋈⋈⋈⋈⊤∈⋈⋈⊡⊤⋈⋈∈⊡∋⋈⊤∈⋈⋈⋈≻⊤∈⋈≻∋⋈⋈⊞⋈⋈⋈⊡⊡⋈⋈⋈⋈⋈⋈⊤∈⋈≻∋⋈⊞⊡⊡⊡⊡⊡⊡⋈⋈⋈⋈⋈⊞⋈⋈⊤∈⋈≻∋⋈⋈⊞⋈⋈⋈⋈⋈⋈⋈≻⋈⊤∈⋈≺⋈⋈⋈⊞⋈⋈⊤∈⋈≻∋⊡⊡⊡⊡⊡⊡⊡⊡⋈⊤∈⋈≺⋈⋈⊞⋈⋈⊤∈⋈⋈⋈≻∋⋈⊤∈⋈⋈⋈≻∋⊡⊡⊡⊡⊡⊡⋈⋈⋈⋈⋈⋈⋈⊤∈⋈≺∋∋∋∋⋈≻∋⋈∋⋈≻⋈⋈⋈⋈⋈⋈⊞⋈⋈⋈⋈⋈⊤∈⋈⋈⊞≻≺∋⋈⋈⋈⋈⋈⋈⋈⋈⋈⋈⋈⋈⋈⋈⋈⋈⋈⊞≻⋈⋈⊤∈⋈⊞⊞⊞⊞⊤∈⋈⊞⊙∋∋⋈⊞⋈⋈⋈⋈⋈⋈⊣⋈⋈≺∋⋈⋈⋈≻⋈⊤∈⋈⋈≻≺∋⋈⊞⋈⋈⊞⊞⊞⊞⋈⊞⊞⊞∈⊞⊡⊞⊞⊞⊤∈⋈⋈⊡⋈⋈⋈⊡⋈⋈∈⋈⊞⊞⊞⊞⋈⋈⋈⋈⋈≻⊤∈⋈⋈⋈≻≺⋈⊞⋈⋈⋈⋈⋈⋈⋈⊡⊞⋈⋈⊡∈∋∋⊤∈⊞⊤∈⊞⊞⊞⊞∋⊞⊞⊤∈⋈⊤∈⊡⊞⊞⋈≺∋⊞⋈⊡⋈⊞⋈⋈⊡⊞⋈⋈⊡⊡⊡⊡⊡⊡⊡⊡⋈⋈∋⋈⊤∈⋈≻∋⋈⋈⊞⋈∋⋈⊞⋈⋈⋈⋈⋈⋈⊣⋈≺∋⊞⊞⊞≺∋⊞⊞⊞≺∋⊞⊤∈⊞⊞⋈⊞∈⊤∈⋈⊤⋈∈⋈∋⋈⊤∈⋈⋈⊤∈⊞⋈⋈≺∋⋈⊞⊤∈⋈⊞∈∋∋⊞⊞≺∋∋⊞≺∋⋈⊣
0x603dcd0	⊢⋈⋈⋈⋈⊞⋈⋈⋈⊤∈⋈⋈⊞≻≺∋⋈⋈⋈⋈⋈⋈⋈⋈⋈⋈⋈⋈⋈⋈⋈≻⋈⋈⊤∈⋈⊞⊞⊞⊞⊤∈⋈⊞⊙∋∋⋈⊞⋈⋈⋈⋈⊣
0x603d10e	⊢⋈⋈⋈⋈⋈⊞⋈⋈⋈⊞∈⋈⊤∈⋈≺⊞⊡⊤∈∋⋈⊤⋈⋈⋈⋈⋈⋈⋈⋈⋈⋈⋈⋈∈⋈⋈⋈⋈⋈⋈⋈∈⋈⋈≻⊞⊤∈∋∋⋈⋈⋈⊞⋈⋈⋈⊤∈⊞⊞∈⋈⋈⊤∈⋈⋈∋⋈≻⋈⊤∈⋈≻∋⊞⊤∈∋∋⋈⋈⋈⋈⊞⋈⋈⋈⋈⋈≺
0x603e2c5	⊢⋈⊤∈⊞⋈⊤∈⋈≻∋⋈⋈⋈≻⊞⋈⋈⊣
0x6052b5d	⊢⋈⋈⋈⋈⋈⊞⋈⋈⋈⋈⊤∈⊤∈∋⊤∈⋈⋈⊞≻≺∋⋈⋈⋈⋈⋈⋈⋈⋈⋈⋈⋈⋈⋈⋈⋈⋈≻⋈⋈⊤∈⋈⊞⊞⊞⊞⊤∈⋈⊞⊙⋈⋈⋈⋈⋈⋈⋈⋈≻⋈≺∋∋∋⋈⊞⋈⋈⋈⋈⋈⊣
0x60455e7	⊢⋈⋈⋈⋈⋈⋈⊞⋈⋈⊤∈⋈≺⋈⋈⋈⋈⊞⋈⋈⊤∈⊞⋈⋈⋈⋈⋈⊡⋈⋈⊡⋈⋈⋈⋈⋈≻⋈⊞⋈⋈⊞⊞⊞⊞⋈⊞⊞∈⊞⊡⊞⊞⊞⊤∈⋈⋈⊡⋈⊡⋈∈⋈⊞⊞⊞⋈⊞⋈⋈⊞≻⊤∈⋈⋈⊞⋈⊞⋈⊞⋈⊞⊡⊞⊞⊞⊡⊞⊞⋈⊞⊞⊞⊞⊞⋈⊤∈⊡⋈∋⋈⋈⊡⊞⋈⋈⋈⊡⋈⊤⋈∈⋈≻⋈⊞⋈⋈⋈⋈⋈⊡⋈⊞⊡∈∋∋⊞⊞⊤∈∋∋⋈⋈⊞⋈⋈⋈⋈⊤∈⋈∋⋈≻⋈⊞⋈⋈⋈⋈⊤∈⋈⋈⋈≻∋⋈⊤∈⋈⋈⋈≻∋⋈⋈⋈⋈⋈⋈⋈⋈⊤∈⋈≻∋⋈⋈⊞⋈⊞⊤∈⋈⋈⋈≻⋈⋈≻∋⋈≻∋⊞⋈⋈⋈⋈⋈⋈⊣⊞⊞⊞≺∋
0x60455bc	⊢⋈⊤∈⋈⋈⋈⋈≻⋈⊡∈⊣
0x6079d6f	⊢⋈⋈⊙⊤∈⋈⋈≻⋈⊣
0x6063097	⊢⋈⋈⋈⊙⊤∈⋈⋈≻⋈⊣
0x607932c	⊢⋈⋈⊙⊤∈⋈⋈≻⋈⊣
0x6063072	⊢⋈⋈⋈⊙⊤∈⋈⋈≻⋈⊣
0x6083350	⊢⋈⋈⋈⋈⋈⋈⋈⊞⋈⋈⋈⊤∈⊤∈∋⋈⋈⋈⋈⋈⋈⊤∈⋈⋈⋈⋈⋈⋈⋈⋈≻⊤∈⊤∈⋈⋈⋈⋈⋈⋈⋈⋈⋈⋈⋈⋈⋈⋈⊙⊤∈⊤∈⋈⋈⋈⋈⋈⋈⋈⋈⋈⋈≺∋⋈≻⊤∈∋∋⊤∈⊤∈⋈⋈⋈⋈⋈⋈⋈⋈⋈⋈⋈⋈⋈⋈⋈⋈⋈⋈⋈⋈⋈⋈⋈⋈⋈⋈⋈⋈⋈⋈⋈⋈⋈⋈⋈⋈≺∋⋈≻⊤∈⋈⋈⋈⋈⋈⊙⊤∈∋⋈⋈⋈⋈⋈⊙⊤∈⋈⊤⊥⊞⊤⋈∈⋈⊤∈⋈⋈⋈⋈⋈⋈⋈⋈⋈⋈⋈≻⊤∈∋⋈⋈⋈⋈⋈⊙⊤∈⋈⋈⋈⋈⋈⋈⋈⋈⋈⋈⊙⊤∈⋈⋈⋈⋈⋈⋈⋈⋈⋈≻⊤∈⋈⊤∈⋈⋈⋈⋈⋈⋈⋈⋈⋈⋈≻⊤∈∋⋈⋈⋈⋈⋈⊙⋈⋈⊤⋈∈≺≺∋∋∋∋∋∋∋∋∋∋⋈∋∋⊞⋈⊞≺∋∋⊞⋈⋈⋈⋈⋈⋈⊣
0x60a2830	⊢⋈⋈⋈⋈⋈⊞⋈⊤∈⋈⊤∈⋈≺⋈⋈⋈≺∋⋈⋈⋈≻⊤⋈∈⋈⋈⋈≻⋈⊤∈⋈⋈⋈⋈⋈⋈⋈⋈∋∋⋈⋈⋈⋈⋈⋈⋈⋈⋈⋈⋈∋⊞⋈⋈⋈⋈⊣
0x6086eb1	⊢⋈⋈⋈⋈⋈⋈⋈⊞⋈⋈⋈⋈⋈⋈⋈⋈⋈⋈≻⋈⊤⋈⋈⋈⊥⋈⋈⊥⋈⋈⋈⋈⋈⋈≻⋈⊤⋈⋈⋈⊥⋈⋈⊥⋈⋈⋈⋈⋈⋈≻⋈⊤⋈⋈⋈⊥⋈⋈⊥⋈⋈⋈⋈⋈⋈≻⋈⊤⋈⋈⋈⊥⋈⋈⊥⋈⋈⋈⋈⋈⋈≻⋈⊤⋈⋈⋈⊥⋈⋈⊥⋈⋈⋈⋈⋈⋈≻⋈⊤⋈⋈⋈⊥⋈⋈⊥⋈⋈⋈⋈⋈⋈≻⋈⊤⋈⋈⋈⊥⋈⋈⊥⋈⋈⋈⋈⋈⋈≻⋈⊤⋈⋈⋈⊥⋈⋈⊥⋈⋈⋈⋈⋈⋈≻⋈⊤⋈⋈⋈⊥⋈⋈⊥⋈⋈⋈⋈⋈⋈≻⋈⊤⋈⋈⋈⊥⋈⋈⊥⋈⋈⋈⋈⋈⋈≻⋈⊤⋈⋈⋈⊥⋈⋈⊥⋈⋈⋈⋈⋈⋈≻⋈⊤⋈⋈⋈⊥⋈⋈⊥⋈⋈⋈⋈⋈⋈≻⋈⊤⋈⋈⋈⊥⋈⊥⋈⋈⋈⋈⋈⋈≻⋈⋈⋈⋈⋈⋈⋈≻⋈⊞⋈⋈⋈⋈⋈⋈⋈⋈⋈⋈⋈⋈⋈⋈⋈⋈⋈⋈⋈⋈⋈⋈⋈⋈⋈⋈⋈⋈⋈⋈⋈⋈⋈⋈⋈⋈⋈⋈⋈⋈⋈⋈⋈⋈⋈⋈⋈⋈⋈⋈⊤⊥⋈⋈⋈⋈⊥⋈⋈⊤⊥⊥⋈⋈⊡⋈⋈⋈⋈⋈⋈⊤∈⋈⋈⋈⋈⋈⋈≻⋈⊤⋈⋈⋈⊥⋈⋈⊥⋈⋈⋈⋈⋈⋈≻⋈⊤⋈⋈⋈⊥⋈⋈⊥⋈⋈⋈⋈⋈⋈≻⋈⊤⋈⋈⋈⊥⋈⋈⊥⋈⋈⋈⋈⋈⋈≻⋈⊤⋈⋈⋈⊥⋈⋈⊥⋈⋈⋈⋈⋈⋈≻⋈⊤⋈⋈⋈⊥⋈⋈⊥⋈⋈⋈⋈⋈⋈≻⋈⊤⋈⋈⋈⊥⋈⋈⊥⋈⋈⋈⋈⋈⋈≻⋈⊤⋈⋈⋈⊥⋈⋈⊥⋈⋈⋈⋈⋈⋈≻⋈⊤⋈⋈⋈⊥⋈⋈⊥⋈⋈⋈⋈⋈⋈≻⋈⊤⋈⋈⋈⊥⋈⋈⊥⋈⋈⋈⋈⋈⋈≻⋈⊤⋈⋈⋈⊥⋈⋈⊥⋈⋈⋈⋈⋈⋈≻⋈⊤⋈⋈⋈⊥⋈⋈⊥⋈⋈⋈⋈⋈⋈≻⋈⊤⋈⋈⋈⊥⋈⋈⊥⋈⋈⋈⋈⋈⋈≻⋈⊤⋈⋈⋈⊥⋈⊥⋈⋈⋈⋈⋈⋈≻⋈⋈⋈⋈⋈⋈⋈≻⊞⋈⋈⋈⋈⋈⋈⋈⋈⋈⋈⋈⋈⋈⋈⋈⋈⋈⋈⋈⋈⋈⋈⋈⋈⋈⋈⋈⋈⋈⋈⋈⋈⋈⋈⋈⋈⋈⋈⋈⋈⋈⋈⋈⋈⋈⋈⋈⋈⋈⋈⋈⋈⋈⋈⋈⋈⊤⊥⊥⋈⋈⊤⊥⊥⋈⋈⊡⋈⋈⊙⊤∈⋈⋈⋈⋈≻≺⋈⋈⋈⋈⊡⋈⋈⋈⋈≻⊞∋⋈⋈⋈⋈⊡⋈⋈⋈⊙⊤∈⋈⋈⋈≻≺⋈⋈⋈⋈⋈⊡⋈⊡⋈⊡⋈⋈⋈⋈⋈⋈⊡⋈⊤∈⋈⋈⋈⊞⋈⊞⋈∈⋈⋈⋈≻⊤∈⋈⋈⋈⊞⋈⋈⊞≺⊞⋈⋈⊞⋈⋈⊤∈⋈≻⋈⋈∋⋈⋈⋈⊞⋈⋈⊞⊤∈∋⊤⋈∈⋈⊤∈⋈≻≺⊞⊞⋈⋈⋈⋈∈⋈⋈⊤∈⋈⋈∈⋈⋈⊤∈⋈⋈⊤⋈∈∋⊞≺∋⋈⋈∋⋈⊞⋈⊤∈≺∋∋∋∋⋈⊡⋈⋈⋈⊡⋈⊡⋈⊡⊞⋈⋈⋈⋈⋈⊡⋈⋈⋈⋈⋈⋈⋈⋈⋈⋈⋈∈∈∈∈∈∈∈∈∈⋈⋈≻⋈⋈⋈⊤∈⋈⊞⋈⋈⊞⋈≺⋈⋈⋈⋈⋈⋈⋈⋈⊤∈⋈⋈⊤∈⊤∈⋈⋈≻≺⋈⊞⊞⋈⋈⋈⋈∈⋈⋈⊤∈⋈⋈⋈⋈∈⋈⋈⋈⋈⋈⊤∈⊞⋈⋈⊤∈∋⊞⊞≺∋⋈⋈⋈⋈∋⋈⊞⋈⊤∈∋≺⊤∈⋈⊤∈⋈⊙⋈⋈≺∋∋⋈⊞⋈⋈⋈∈⋈⊤⊥⋈⊞∈∋⋈⊤∈⊞⊞⋈⋈⋈⋈≻⊤∈⋈⋈⋈≻⊞⋈≺∋∋∋⋈⋈⋈⊤∈⋈≺⊤∈⊙⋈⋈⊞⊞⋈⋈⋈≻⊤∈∋∋⋈⊞⋈⋈⊞⊤∈⋈⋈≺⋈⋈⋈⋈⋈≻≺⋈⊤∈∋⊤∈∋⊤∈⊡⋈⋈⋈⋈⋈⋈⋈⋈⋈⋈⋈⋈⋈⋈≻⊤∈∋⋈⋈⋈⊡⋈⊤∈∋⊡⋈⋈⋈⋈⋈⋈⋈⋈⋈⋈⋈⋈⋈⋈≻⊤∈∋⋈⋈⋈⋈⊡⋈⋈⋈⋈⋈⋈⋈⋈⊡⊤∈⋈⋈⊞⊞∈⋈⊤∈⊤∈⋈⋈⋈⋈≺∋⋈⋈⊞⊞⊞⊤∈⋈⋈⊤∈⋈⊤∈⋈⊤∈⋈∈⋈⋈⊞⋈⋈∈⊤∈⋈⊤⊥⊞⊞⊞⊤∈∋⋈⊤∈∋⊞∈∋⋈⋈⋈≺⋈≺∋≺⊞⊞⊞⊞≺∋⊤∈⋈∋≻⋈⊤∈⋈⊞⋈⋈⊞⊞⋈⋈⋈⊞⋈⊞⋈⋈⊞⋈⋈⊞⋈⊞⊤⋈⊥⊤⊥⋈⋈⋈⊞⋈⋈⋈⊞⋈⋈⋈⊞⋈⋈⋈⊞⋈⋈⋈⊞⋈⋈⋈∈⋈⋈⋈⋈⋈⋈⋈⋈⋈⋈≻⋈⋈⋈⊤∈⋈⊞⋈⋈⋈⋈⋈⋈⋈⋈⊤∈⋈⋈≻⋈⋈⊤∈⊞⋈⋈⋈⋈≺⊤⋈⋈⋈∈⋈≺⋈⊤∈⋈≺⊞⋈⊞∈⋈⊞⊤∈⊤∈⋈⊤∈∋∋∋⋈⋈⋈⋈⋈⋈⊞⊞⋈⊞⊞⊞⊞≺∋⊞⋈⋈⋈⋈≺⋈⋈⊤∈⋈⋈≻⋈⊤∈⋈⋈⋈⋈⊤⋈⋈⋈∈⋈⋈⋈⋈≺⊤∈∋⋈⋈⊤∈⋈⊞⋈⊞∈⊞⊤∈⋈⋈⋈⋈⋈⊞⊙⊤∈⋈⋈≻⋈⊤⋈⋈⋈⊥⋈⊤∈⋈⋈≺⊤∈⋈⋈≻⋈⊤∈⋈⋈⋈≺⊤∈∋∋∋∋∋⋈∋⋈⋈≺∋∋∋⊞⊤∈∋⋈⊤∈∋⋈⊤∈⋈⋈⊤∈⋈⊞∈⋈⊞⋈⋈⊞⊤⊥⊞⋈⊤∈∋⊞≺∋⋈⊞⊤∈⊤∈⊞⊞⊞∈⊤∈⊞⊞⊤⋈∈∋≺∋⊤∈⊞⊞⊞⊞⋈⋈⋈⋈∈⊤∈⋈⋈⋈⊞∈⋈⋈≺⋈⊞⋈⋈⋈⋈≻⋈⊤∈⋈∋⋈⋈⊞⋈⋈⋈⊞⊞⊞⊞⋈⊞⊞⋈⋈⊞⊤⋈⋈∈⋈⋈⋈⊞∈⋈⋈⋈⋈⋈⊞∈∈⊤∈∈∈∈⊤∈∈⊤∈⊞∈⋈⋈⊞∋⋈⋈⊞⋈⊞∈∋⋈⊤∈∋⊤∈∋⋈⊤∈∈∈∈⊤∈∈⊤∈⊞∈⋈⋈⊞∋⋈⋈⊞⋈⊞∈∋⋈⊤∈∋⊤∈∋≺⊤⋈⋈∈∈∈∈∈⊤∈⋈∈⊤∈⋈⊞⊤∈⊤∈∋⋈⋈⊞≺∋⋈⋈⊞⊞⋈⋈⊞⊞⊞⊞⋈⊞⋈⋈⋈⋈⋈⊞⊞⋈⋈⊞⊞⊞⊞⋈⋈⊞⋈∈∋⋈⊤⋈∈∋⋈⊞∈∋⊤∈≺∋∈∈∈⊤∈∈⊤∈∋∋∋∋∋∋∋⋈∋∋⊞⊤∈∋∋⊤∈∋⋈⋈⊞⊤∈⊤∈∋⋈⋈⊞≺∋⋈⋈⊞⊞⋈⊞∈∋⋈⊤∈∋⊤∈∋≺∋∋∋⊤∈∋⋈⋈⋈⋈⋈⋈⋈⋈⊤∈⋈≻∋⋈⋈⋈⊞⋈⋈⋈⋈⊡⊞⋈⋈⋈⋈⋈⋈⋈⋈⋈≺∋≺∋∋⊤∈∋⋈⊞⊤∈⊞⊤∈⋈⋈⋈⊤∈⋈⊤∈⋈≻≺⋈⊤∈∋∋⊡⊤∈≺⋈⊤∈⋈⋈≻⋈≺∋∋∋⋈⋈⊞⋈⋈⋈⋈⊡⊞⋈≺∋∋⊡∋⋈⊞⊤⊥⊞⋈⋈⋈⋈⊞∈∋⋈⋈≺⋈⊞⊞⊤⋈⋈⋈⋈⋈⋈⋈⋈⋈⋈⋈⋈⊥⋈∈∈⋈⋈≻⋈⋈⋈⊤∈⋈⊞⋈⊤∈∋⋈≺∋⊞≺⊤∈∋⋈⋈⊡⊤∈⋈⊤∈∋⋈⋈⋈⋈≻⊤∈⊤∈⋈∋⋈⊤∈⋈⋈⊞⋈⋈⋈⊞⋈⊞∈⋈⋈⋈⋈⋈⊤∈⋈≻∋⋈⊞⋈⋈⋈⋈⋈⊡⊞⋈⊞⊤∈∋≺∋∋∋∋∋∋⋈⋈⋈⊡⋈⋈⋈⋈⋈⋈⋈⋈⋈⋈⋈⊡⋈⊤∈⋈≻∋⊞⊞⋈⋈⊡⊞⋈≺∋⊤∈∋⋈⋈⊤∈⋈≻∋⋈⋈⊞⋈⋈⋈⋈⊡⊞⋈⋈⋈≺∋⋈⊤⋈⋈∈⋈⊞⋈⊞∈∋⋈⋈∋∋⋈⋈⋈⋈≺⊞⊤∈∋⋈⋈⋈≺∋∋⊞≺⋈⋈⋈⋈⋈⊞⊙⊡∈⋈≻∋⊤∈∋⊤∈⋈⊙∋⊤∈⋈⊙∋⊤∈⋈⊙∋⊤∈∋⋈⊙≺∋⊞⊞⊞∈∋≺⋈⋈⊞⋈∋∋∋⊞⋈∋∋⋈⊡∈⋈≻∋⊤∈⊤∈⋈⊙∋⊤∈⋈⊙∋⊤∈⋈⊙∋⊤∈⋈⊙∋∋∋⋈⋈⊞⋈∈⊤∈⊤∈⋈⊙∋⊤∈⋈⊙∋∋⋈⊤∈⊞≺∋⋈⊙⊤∈∋⊞⋈⊞⊞⋈⊞⋈⋈⊡≺∋⊞⋈⊞⊞⋈⊞⋈⋈⋈⋈⋈⋈⊤∈⋈⋈⊞≺⋈⊡⋈⊡⋈⊞⋈⋈⊡⋈⋈⋈⋈⋈⋈∈∈∈⋈⋈≻⋈⋈⋈⊤∈⋈≻⋈⋈⊡⋈≻∋⋈⊡⋈⋈∈⋈⋈≻∋⋈⋈⋈⋈⋈⊤∈⋈≻≺⋈⋈⋈⋈⋈⋈⋈⋈⊤∈⋈⋈⊤∈⋈⋈≺⊤⋈∈⋈⊙⋈⋈⊞⊞⋈⋈⋈⋈≻⊤∈∋∋∋⋈⋈⋈⋈⋈⋈⋈⋈⋈⋈⋈⋈⋈⋈⋈⊤∈⋈⋈⋈⋈⋈⋈≻⋈⋈⋈⋈⊤⋈⊥⋈⊥⋈⋈⋈⋈⋈⋈≻⋈⋈⋈⋈⋈⋈⋈≻⋈⊤⋈⊥⋈⊥⋈⋈⋈⋈⋈⋈≻⋈⊤⋈⊥⋈⊥⋈⋈⋈⋈⋈⋈≻⋈⊤⋈⊥⋈⊥⋈⋈⋈⋈⋈⋈≻⋈⊤⋈⊥⋈⊥⋈⋈⋈⋈⋈⋈≻⋈⊤⋈⊥⋈⊥⋈⋈⋈⋈⋈⋈≻⋈⊤⋈⊥⋈⊥⋈⋈⋈⋈⋈⋈≻⋈⊤⋈⊥⋈⊥⋈⋈⋈⋈⋈⋈≻⋈⋈⊤⊥⊥⋈⋈⋈⋈⋈≻⋈⋈⊤⊥⋈⊥⋈⋈⋈⋈≻⋈⊤∈⋈⊤⊥⋈⊥⋈⋈⋈⋈⋈⋈⋈⋈⋈⋈⋈⋈⋈⋈≻⋈⊤∈⋈⋈⋈⋈⋈⋈⋈⋈⋈⋈⋈⋈⋈⋈⋈⋈⋈⋈⋈⋈⋈⋈⋈⋈⋈⋈⋈⋈⋈⋈⋈⋈⋈⋈⋈⋈≻⋈⋈⋈⋈⋈⋈≺∋⋈⋈⋈⋈⋈⋈≻⊞⋈⋈⋈≻∋∋⋈⋈⊤⊥⊤∈⋈≻∋⋈⋈⋈≻⋈∋⋈⋈⋈⋈⋈⋈⋈⋈⋈⋈⋈⋈⋈⊡⋈⋈⋈⋈⋈⊡⋈⋈⋈⋈⋈⋈⋈⋈⋈⋈⋈⋈⋈⋈⋈⋈⋈⋈⋈⋈⋈⋈⋈⋈⋈⋈⋈⋈⋈⋈⋈⋈⋈⋈⋈⋈⋈⋈⋈⋈⋈⋈⋈⊡≺∋⊞⋈⋈⋈⋈⋈⋈⊣⋈⋈⋈≻≺∋∋∋∋⊣⊤∈∋⊡⋈⋈⋈⋈⋈⋈⋈⋈⋈⋈⋈⋈⋈≻⊤∈∋⋈⋈⋈⊡⋈⋈⊤⋈∈⋈≻⋈∋⊞⋈⊞⋈⋈⊡⊞⋈⋈≺∋⋈⊞≻⋈≺∋
0x60a7580	⊢⋈⋈⋈⋈⋈⋈⋈⋈⋈⋈⋈⋈⋈⊞⊤∈⋈≻⊤∈⋈∋⊤∈⋈⊤∈⋈⋈≺∈∈⋈⋈⋈⊙⊤∈⊙⋈⊤∈⊞⊞⋈≺⊤∈∋⊤∈⋈≺⋈⊞∈⋈⋈⋈⋈≻⊞⋈⊤∈∋∋∋⊞∋∋⋈⊞⊞⋈⊤⊥⋈⋈⋈⊞⋈⋈⊙⊞⋈⊞≺∋∋⊞⋈⋈⋈⋈⋈⋈⊣
0x60a7290	⊢⋈⋈⋈⋈⋈⋈⋈⊞⋈⊤∈⊞≺⋈⋈⋈⊞⋈⋈⋈≺∈⋈⋈⊞⋈⋈⋈⋈⋈⊙⊤∈⊙⋈⋈⊞⊞⋈⊤⊥∈⋈⊞⋈⋈⊞⊙⋈≺∋⊤∈⊞≺⋈⋈⊤∈∋⊞⋈⊤∈⋈⊞⋈≻∋⋈⊤∈⋈⋈⋈⋈⊙⋈⋈∋⋈∋∋⊞⋈⋈⋈⋈⋈⋈⊣
0x608fe90	⊢⋈⊞⊤∈⊣⋈⋈⋈⋈⋈⊤∈⊞⋈⊡∈⋈⊞⋈⋈⊤⊥⊞⋈⊤∈∋∋⋈⋈⊤∈⊞∈⊞∋⊤∈⋈⋈⊤∈⋈⊞⊤∈⋈⊤∈⋈⊞∈⋈⋈⊞∈⊤∈⊞⊞⋈⊞⋈⊙⊤∈⊞≺⊞⊞⊤⊥≺∋∋∋∋∋∋∋⊞∋∋⋈⋈⋈⊣
0x60843c0	⊢⋈⋈⋈⋈⋈⋈⋈⊞⋈⊤∈⋈⊤∈⊤∈⋈⊞⊤∈⊤⋈⊥∈⊤∈⋈⋈⋈⊤∈⋈⋈⊤∈⊤∈⋈⊞⊥⊤⊥⊞∈⋈⊤∈∋⋈⋈⋈⋈⋈⋈⋈⋈⊞∈≺⊤∈⋈⊞∋⊤∈⋈⊞⊤∈⋈⋈⊤∈⋈∋⊤∈⋈⊤∈⊞⋈⊤⋈⋈⋈⋈∈⊞⋈⋈⋈⋈⊞⋈∈∋⊞⋈⋈∈⊤∈⋈⊤∈⋈⋈⋈⋈⋈⊞⊥⊤⊥⊞∈⊡≺∋⋈⋈⊞⊞⋈⋈⋈⊤∈⋈⊤∈⋈⋈⋈⊤∈⊞⊤∈⊞⋈⋈⋈⋈⊞⋈∈∋⋈⊞⊞⋈≺∈⊤∈⋈⊤∈⋈⊤∈⊤∈⋈⊤∈⋈⋈⊞⊤⋈⋈∈∋∋∋⊞⊤∈∋⊤∈⋈⋈≺≺≺⊞⊞⊞∈∋∋⋈⋈⋈⊞⋈∈⊤∈⋈⊤∈⋈⋈⋈⊞⊥⊤⊥⊞∈⊞≺∋⋈⋈⊞⊞⋈⋈⊤∈⋈⊤∈⋈⋈⋈⊤∈⊞⋈⊤∈⊞⋈⋈⋈⋈⊞⋈∈∋⋈⊞⊞≺∈⊤∈⋈⊤∈⋈⊤∈⊤∈⋈⊤∈⋈⊞⊤∈∋∋∋⊞⊤∈∋⋈≺≺≺⊞⊞⊞∈∋⋈≺∋⋈⋈⊞∋∋⊞⋈⋈⊡∈∈⊤∈⋈⊞⊞≺⋈⊞⋈⊞⊞⊞⊤∈∋⊤∈∋⋈⋈⋈⋈⋈⋈⋈⊙⊤∈⋈⋈≻⋈⋈⋈⋈⋈⋈⋈⋈⋈⋈⋈⊡∈∈∈⊤∈⋈⋈⊤∈⋈⊤∈∋⋈⋈≻⋈⋈⋈⊞⋈⋈⋈≺∈⋈⋈⊤∈⋈⋈⋈∈⋈⋈⋈⋈⊤∈⋈⋈⊤⋈∈∋⊞≺∋⋈⋈⋈∋⋈⊞⋈⊤∈∋∋⋈⋈⋈≺∋⋈⋈∋⋈⋈⋈⋈⋈⋈⋈⋈⋈⋈⋈⋈⋈⋈⋈⋈⋈⋈⋈⋈⋈≺⋈⊞⋈⊞⊞⊤∈∋⊤∈∋⋈⋈⋈⋈⋈⋈⊤∈⋈⋈⋈⋈≻⋈⋈⋈∋⋈⋈⋈⋈⋈⋈⋈⊞⋈≺∋∋∋∋∋∋∋∋∋∋∋∋∋∋∋∋∋∋∋∋∋∋∋∋∋∋∋∋∋∋∋⋈⋈∋⊞⋈⋈⋈⋈⋈⋈⊣
0x608a960	⊢⋈⋈⋈⋈⋈⋈⋈⊞⋈⊞⋈⊞⋈⋈⋈⋈⋈⋈⋈⋈⊞⋈⊤∈⋈⋈⋈⊤∈⋈⋈⋈⋈⋈⋈⊞⋈⋈⋈⋈⋈≺∈⋈⊞⊥⋈⊞⊥⊞∈⊤∈⊞⋈⊞⋈⋈⊙⋈⋈⊤∈⊞⊤⊥⊤⊥⊞∈⋈⋈⋈⊙⋈⋈⊤∈∋∋∋∋⊞⊞∈∋∋∋⋈⋈⊞⋈⊞⊞∈⊤∈⋈⋈⋈⋈⋈≻⊤⋈∈⋈⋈⋈⊤∈⊡⋈⋈⋈⋈⋈⋈⊞⋈≺∈⋈⊞⊥⋈⊞⊥⊞∈⊤∈⊞⋈⋈⊞⋈⋈⊙⋈⊤∈⊞⊤⊥⊤⊥⊞∈⊞⋈⊤⊥⋈⊤∈⋈⊤∈⊞⊞⋈⋈⊙⋈⊤∈∋∋∋∋∋∋⊞⊞∈∋⊤∈⋈⊤∈⋈⋈⋈⊞⊥⊤⊥⊞∈⊞⊞⊥∈⋈⊞⊤⊥⊤⊥⊞∈⊞⋈⊞⊞⋈≻⋈⋈⋈⋈⋈⋈≻⊤∈≺⊤∈⋈⊤∈∋⊞⊤⊥⊞≺⋈⋈⋈⊞⊥⊤⊥⊞∈⊞⊤∈⊤∈⊤∈∋∋∋∋∋∋∋∋∋∋∋∋⊞⊞⋈⊞⋈⋈≻⋈⋈⋈⋈⋈⊞⊙⋈⋈⋈⋈⋈⋈≻⊞⋈⊞⊞⋈⊥⊤⊥⋈∋⋈≺∋∋∋⋈⊞⋈⋈⋈⋈⋈⋈⊣
0x6084bd0	⊢⋈⊤∈⊞⊣⋈⋈⋈⋈⋈⋈⊞⊞⋈⋈⋈⋈≺∈⊤∈⋈⊤∈⋈⋈⋈⊞⊥⊤⊥⊞∈⊞≺∋⋈⋈⊤∈⋈⊤∈∋⊤∈⋈⋈⊞⊞∈⋈⋈⊤∈⋈⊞⋈⊞∈⋈⊤∈⋈⊞⊞⋈⋈⊞⋈⊥⋈⊥⊡∈⋈⊞∈⊤∈∋⊤∈⋈⊞⋈⊞⊞∈⊤∈⊞≺⊡∋∋∋⊤∈⋈⋈⊤∈∋≺∋∋∋∋∋∋∋∋⊞⊤∈∋⊞∋⋈⋈⋈⋈⋈⊣
0x60345d0	⊢⋈⋈⋈⋈⋈⋈⋈⊞⋈⋈⊤∈⋈⋈⋈⊤∈⋈⋈⊞⋈⋈⊥⊞⊞⊤∈∋⊞≺∋⊤∈⊞⊞⊞⊞∈⊞⊤⊥⊞⊞⊤∈∋≺∋⊞∋⋈⊤⋈∈⋈⋈⋈⋈⋈⋈⋈⋈≻⋈⊤∈⋈⋈⋈⋈⊞⋈⋈⋈⋈⋈⋈⊙⊤⋈⋈∈⋈⋈⊞⊞⋈⋈⋈⋈⋈⋈⋈⋈⋈≻⋈⊤∈⊞⊞⊡∈⊞∈⋈⋈⋈⊙⊤∈⋈⋈⋈⊞≺⋈⋈⊙⊤∈∋≺∋∋∋∋⋈⊞⋈⋈⋈⋈⋈⋈⊣⋈⊞⋈⊞⊞⋈⋈⊞⋈⋈⊙
0x6036d30	⊢⋈⋈⋈⋈⋈⋈⋈⊞⋈⋈⋈⊤∈⋈⋈⊞⋈⋈⋈⋈⋈⋈≺⋈⋈⋈⋈⋈⋈⋈⊞⋈⋈⋈⋈⊤∈⋈⋈⊙⋈⋈⊤∈∋⋈⊤∈⋈⋈⋈⋈⋈⋈⋈≺∈⋈⋈⋈⊤∈⋈⊤∈⊤∈⋈⋈⊞∈⋈⋈⋈⊙⊤∈⊞⊤∈∋≺∋⋈⋈⋈⊙⊤⋈∈≺⊤∈⋈⋈⋈⋈⋈⋈⋈⊤∈⋈≺⊤∈⋈⋈⊤∈⋈≺⋈⋈⊞⋈⊞⊞⊞⊞⊞≺∋∋⊤∈⋈⋈⋈⊞≻⊤∈⊞∋⋈⊞∈⋈⊞⊞⋈⋈⊞⊞⋈⋈⊞∈∋≺∋⋈⋈≺∋⊙⊤∈∋∋⋈∋∋⋈⊤⊥∈∋∋⊞≺∋∋⊞⋈⋈⋈⋈⋈⋈⊣⋈⋈⋈⋈⋈⊤∈⋈⋈⋈⋈⋈⋈⋈⊙⊤∈⋈⋈⋈⊞⋈⊞⊥⋈⊞⊞⋈⋈⋈⋈≺∋⋈⊤∈⊞⋈⊞≺∈⋈⊤∈⋈⊤∈⋈≺⋈⊤∈⋈≺⋈⋈⊞⋈⊞⊞⊞⊞⊞≺∋∋∋⊞⊞⊞∈∋∋⊞⋈⊤∈⋈⋈⋈≻⋈≺∋⊞⋈⋈⋈⋈⋈⋈⊣⋈⊞⋈⊞⊞⋈⋈⊞⋈⋈⋈⊙
0x6035b10	⊢⋈⋈⋈⋈⋈⋈⊤∈⋈⋈⋈⋈⊡∈⊤∈⋈⋈⋈≻⋈⊞⊞⊞⋈⊞⊞⊞⊞⊞⋈⋈⋈⋈⋈⊞⊤⋈∈∋⊞∋⊤∈⋈⊞⊞⊞⊞⊞⋈⋈⋈⋈⊞⋈∋⊤∈⊤∈∋⊞⋈⋈⋈⊞∋⊞⋈⋈⊣
0x6095d70	⊢⋈⋈⋈⋈⋈⊤∈⊤∈⋈⋈⊤∈⋈⋈⊞⊙⊤∈⋈⊤∈≺⋈⋈⋈≺⊤∈⋈⊤∈≺⋈⋈⋈≺∋⋈⋈⋈⋈⊣⊞⊤∈∋⋈∋∋∋⋈⋈⊞⊙⋈⋈⊞⊙
0x6096d00	⊢⋈⊞⊤∈⊞⊣⋈⋈⊞⊙
0x6096d50	⊢⋈⊞⊤∈⊞⊣⋈⋈⊞⊙
0x6098560	⊢⋈⋈⋈⋈⋈⊞⋈⋈⋈⋈⋈⋈⊞⊞⋈⊞⋈⋈⋈⋈⊞⋈⋈⋈⊞⋈⋈⊞⋈⋈⋈⋈⋈⋈⊞⋈⊤∈⊤∈⋈⊤∈⋈⊞⋈⊞⋈⊞⋈⊞⋈⋈⊞⊙⋈⊤∈⊞⋈⋈⋈≺∋⊞⋈⋈⋈⊞⊞⋈⋈⋈∋⋈⊞⋈⋈⋈⋈⋈⊣⋈⋈⋈⋈⊞⊙
0x609ba10	⊢⋈⋈⋈⋈⋈⋈⋈⊤∈⋈⋈≺⋈⋈⋈⊞⊞⊞⋈⊞∈⋈⋈⊞⋈⊤⊥⊤⊥⊤∈⋈⋈⋈⋈⊞⊞⊞⊤∈⋈⋈⊤∈⋈⋈⊞⋈⊞⊞⊞⋈⋈⊞⊞⊞∈⋈⋈⊞⋈⊤∈⊤∈⋈⋈⋈⋈∋⋈⋈⊞⊞⊞⊤∈⋈⋈⋈⊤∈⊞⋈⊞⊞⊞⊞⋈⊞⊞⊞⋈⊡∈⋈⊤∈⊤∈⋈⋈⋈∋⋈⋈⊞⊞⊞⊤∈⋈⋈⊞⋈⋈⋈⋈⋈⋈⋈⋈⋈⋈≺⊞⊞⊞∈∋⋈⋈∋⋈≺∋⋈⋈⋈⋈⋈≺⊞⊞⊞⊞⊤∈∋⋈⋈⋈⋈∋⋈≺∋⋈⋈⋈⋈⋈≺⊞⊞⋈⊤∈∋⋈⋈⋈≺∋∋⋈⋈⋈⋈⋈∋∋⋈∋⋈⋈⋈⋈⋈⊣
0x609aef0	⊢⋈⋈⋈⋈⋈⋈⋈⊞⋈⊤∈⋈⊤∈⊤∈⋈⋈⋈⋈⋈≻⋈⋈⋈⋈⋈⊤∈⋈⋈⊞⊞⋈⋈⋈⊡∈⋈⋈⋈⋈⋈⋈⋈⋈≻⊤∈⋈⋈⋈⋈⋈⊞⊞∈∋⋈⋈∋⊤∈⋈⊞⋈⋈∋⋈⋈⋈≺⋈⋈⊞∈⊞∋⋈⋈⊤∈∋⋈⋈⋈⋈⊞⊤⊥⊞⋈⊞⊞⊞⋈⊞⊞⊞⊞⊡∈⋈⊤∈⊤∈⋈∋⋈⋈⊞⊞⊞⊤∈⋈⋈⊤∈⋈⋈≺⋈⊤∈⋈⋈⊤∈⋈∈⋈⋈⊞⋈⊞∈⊤∈⋈⊤⊥⊞⊞⊞⊤∈∋⋈⊤∈∋⊞∈⋈≺∋≺⊞⊞⊞⊞≺∋⊞⊤⊥⋈⋈⋈⋈⋈⋈⋈∋⋈⊞⊞⊞∈∋⋈⋈≺∋∋∋⋈⋈⋈⋈⋈⋈≺∋⋈⋈⋈≺⋈≺∋⋈⋈≺∋∋∋⊞⋈⋈⋈⋈⋈⋈⊣
0x6034a30	⊢⋈⋈⋈⋈⋈⋈⊤∈⋈⋈⋈⋈⊡∈⋈⊤∈⋈⋈⋈≻⋈⊞⊞⊞⋈⊞⊞⊞⊞⊞⋈⋈⋈⋈⋈⋈⊤⋈∈∋∋⊤∈⋈⊞⋈⊞⊞⊞⊞⋈⋈⋈⋈⊞⋈∋⊤∈⊤∈∋⊞⋈⋈⋈⊞∋⋈⋈⋈⋈⊣
0x60839e0	⊢⋈⋈⋈⋈⋈⋈⋈⋈⋈⋈⋈⋈⊤∈⊤∈⋈⊤∈⊤∈⊤∈⊤∈⋈⋈≺⋈⋈⊤∈⊤∈⋈⊤∈⊤∈⊤∈⊞⊤⋈⋈∈≺⋈⋈⊤∈∋⋈⋈⋈≺≺∋∋∋⋈⋈⋈⊞⊞⊤∈∋∋∋∋∋∋⋈⋈∋≻∋∋⊤⋈∈⊤∈⋈⊞⊤∈∋⋈≺⋈⊞⊞≺∋∋⋈⊞⊞⊞⊞⋈⋈⋈⊡∈⋈⋈⋈⊞⊙⊤∈⋈⋈⊞≺⊙⋈⊤∈∋⊞⊞⋈≺∋⋈⋈∋⋈⊞⋈⋈⋈⋈⋈⋈⊣
0x607a327	⊢⋈⋈⋈⋈⋈⋈⊞⋈⋈⋈⋈⊤∈⋈⋈⋈⋈⋈⊞⋈⊤∈≻⊞⋈⋈⋈⋈⋈⋈⋈⋈⋈⋈⋈⋈⋈⋈⋈⋈⋈⋈⋈⋈∈⋈⋈⋈⋈⋈⋈⋈∈⊤∈⋈⋈⋈⋈⋈⊞⊥⋈⊙⊞⊤⊥⊤⊥⊥⊞⊞⊞⋈⊤∈∋⋈⊤∈⋈⋈⋈≻⋈⋈≺≺∋⋈⋈⊞∈⋈⋈⋈⋈⋈⋈⋈⋈⊞⋈⋈⊤⋈∈∋⋈⋈∋⊞⋈⋈⋈⋈⋈⋈⋈⋈⋈≺⊤∈⋈⋈⋈⊤∈∈⋈⋈⋈≺⊤∈⊞⋈⋈⋈⋈⋈⋈⋈⋈⋈⋈⊞≺⋈⋈≺∋∋∋≻⋈⋈⋈⋈⋈⊞⊞⋈⋈⋈⋈⋈⋈⋈⊞⋈⋈⋈⋈⊤∈⋈⋈⋈⊞⋈⋈⋈⋈⋈⋈⊙⊞⊞⊞⋈⋈⋈⊙⋈⋈⋈⋈⋈⋈⋈⋈⋈⋈⊞⋈⋈⋈⋈⋈⋈⋈⋈⋈⋈⋈⋈⋈⋈⋈≻⋈⊤⋈⋈∈⋈⋈⋈⋈⋈⋈⋈⋈⊤∈⊞⋈⋈⊞⊞∈⊤∈⋈⋈⋈≻∋⋈⋈⊞⋈≻⋈⊤∈⋈⋈⋈⋈≻⋈⊞⋈⊤∈⊤∈⋈∋⋈⋈⋈⋈⋈≻⋈≺⊤∈⊞⋈⋈⊞≺∋⋈⋈⋈⋈⋈≻⋈∋⋈⋈⋈⋈≻⋈⋈⋈⋈⋈⋈⋈⋈⊤⋈∈∋⋈≺⋈⋈⋈⋈⋈⋈⋈⋈⋈⋈⋈⋈⊤∈∋⋈⊤∈∋⋈≻⋈≻⋈⋈⋈⋈⊞⋈∈∋⋈≻⋈⋈⋈⋈⊤∈∋⋈⋈⋈≻⋈⋈⋈⋈⋈⋈⋈⋈⋈⋈⋈⋈⋈⋈≺≺∋⋈⋈⋈⋈≻≺∋∋∋∋⊡⋈∋⊞⋈⋈⋈⋈⋈⋈⊣⋈⋈≺∋
0x60705c0	⊢⋈⋈⋈⋈⋈⋈⊞⋈⋈⋈⋈⊞⋈∈⋈⊤∈⋈⋈⋈⋈⊤∈⊤∈∋⋈⋈⋈⋈⋈⊤∈⋈⋈⋈∋⋈⋈⊞⊞⋈∈⊞⋈⊞⊤⋈∈∋⋈⋈⊤⋈⋈∈⊤∈⋈⊤∈⋈⋈⊞⊥⋈⊤⊥⊞∈⊞⋈⋈≺⋈⋈≺∋∋⋈⋈⋈⋈⋈⋈⋈⋈∈⊤⋈∈⋈⋈≺⋈⊞⊤⊥⋈⊤⊥⊥⊤∈⋈⋈⊞∈∋⋈⋈⋈⋈⋈⋈⋈⋈⋈⋈⋈⋈≻⋈⋈⋈⋈⋈⊤∈⋈⋈⋈≻⋈∋⋈⋈≺⊤∈⊤∈⊤∈⊞⋈⋈⋈⊤∈∋⊞∈⋈⋈⊞⋈⊞∈∋≺≺∋⊞∋⊞⊤⊥⋈⋈∋⊤∈⋈⋈⋈⋈≻⋈⋈∋⋈⋈⋈∋⋈⊤⊥⊤∈⋈⋈≻⋈∋⋈⋈⋈⋈⋈⋈⊞⋈⋈⋈⋈⋈⋈⋈⊞≻⋈⋈⊤⊥⊤⊥⊥⊞⊤⋈⋈∈⋈⋈⊞∈∋⋈⋈⋈⋈⋈⋈⋈⋈⋈⋈≻⋈⋈⋈⋈⋈⊤∈⋈⋈⋈≻⋈∋⋈≺⊤∈⋈⋈⊤∈⋈⊤∈⋈⊞⊤∈∋⊞⋈⋈≺∋⊞∈⋈⋈⊞⋈⊞∈∋≺∋⊞⊤⊥⋈⋈∋⊤∈⋈⋈⋈≻⋈∋⋈⋈⋈⊤⊥⋈⊤∈⋈≻⋈∋⋈⋈⋈⋈⋈⋈≻⋈⊙⊤∈⋈⋈⊞⋈⋈⋈⋈⋈⋈⋈⋈⋈⋈⋈⋈≻⋈⋈⋈⋈⋈⋈⋈⋈⋈⋈⋈⋈⋈≻⋈⋈⋈⋈⋈⋈⋈⋈∈⋈⋈⊞⋈⋈⋈⋈⋈≻⊤∈⋈≻⋈∋⋈⋈⋈⋈⋈⊞⊞⊤∈∋⋈⋈⋈⊤⋈∈⊤⋈∈⋈⋈⊤∈⋈⋈⋈⊞⊥⊞⊤⊥⊞∈⊤∈⋈⊞⋈⋈⋈≻⊤∈⋈⋈≺∋⋈⋈⋈⊙⋈≺⊞∋⋈⋈≻∋⊤∈⋈⊞⋈⋈⋈⋈⋈≻⋈⊤∈∋⋈⋈≻⋈⋈⋈≺∋⋈⊙⋈⋈⋈⋈⊞⋈⋈≺∋⋈⋈≺∋⋈⋈⋈⋈⋈∋⋈≺∋⋈⋈⋈⋈⋈≻⋈⋈⋈⋈⋈≻⋈⊤∈⋈⊤∈⋈⊤∈⊞⋈≺∋⋈⋈⋈⋈∈⋈⊞⋈⋈⋈⊞∈⋈⊤⊥⊤⊥⊞∈⋈⋈⋈⋈⋈⋈≻⋈⋈⊤∈⋈⋈⋈≻∋⋈⋈⋈⋈⋈⋈⋈⋈⋈⋈≻⋈⋈⊤∈⋈⋈⋈≻∋⋈⋈⋈⋈⋈⋈⋈⋈⋈⋈≻⋈⋈⊤∈⋈⋈⋈≻∋⋈⋈⋈⋈⋈⋈⋈⋈⋈⋈≻⋈⋈⊤∈⋈⋈⋈≻∋⋈⋈⋈⋈∋⋈⊞⋈⋈⋈⋈⋈⋈⋈⋈≻⋈⋈⊤∈⋈⋈⋈≻∋⋈⋈⋈⋈⊞∈⋈⋈⋈⋈⊞⊤∈∋⊞⊤⋈⋈⋈∈∋⋈⊤⋈∈∋∋∋⋈⋈⋈⋈⋈⋈≻⋈⋈⊤∈⋈⋈⋈≻∋⋈⋈⋈⋈⋈⋈⋈⊤⋈∈⋈⋈⊤∈⊞⊤∈∋⋈⋈⊞⋈⋈∈⊤∈⊞⋈⊞⊤⋈∈∋⊤∈≺∋⋈⋈≺∋∋⋈⊞⊤∈⊤∈⋈⋈⋈⋈≻⋈⋈⋈⋈⋈⋈≺⊤∈⊞⋈⋈⋈≻⋈⋈∋⋈⊤∈⋈⋈⋈≺⋈⋈⋈⋈≻⋈⋈⋈⊞⋈⊤∈∋⋈≺⊤⋈∈⋈⊞≺∋∋∋∋⊤⋈⊥⋈⋈∋⊤∈⋈⋈∈⊤∈⋈⊤⋈∈∋∋∈∋⋈⋈⋈≻⋈⋈⋈⊤⋈⊥⋈⊤⋈⋈⊥⊥⊤∈⊞⋈∈⊤∈⋈⊤⋈∈∋∋∈∋⋈⊤∈⊤∈⋈⋈⋈⋈≺∋⊤∈⋈⊞⋈∈∋⋈⋈⋈⊞⋈⋈⋈⋈⋈⋈⋈≻⋈⋈⋈⋈⋈⊤∈⋈⋈⋈≻⋈∋⋈≺⊤∈⊤∈⊤∈⊞⋈⋈⊤∈∋⊞∈⋈⋈⊞⋈⊞∈∋≺≺∋⊞∋⊞⊤⊥⋈⋈∋⊤∈⋈⋈⋈≻∋⋈⋈⋈⋈≺∋∋⋈⊤∈⋈⊤∈⊞≺⊤∈⋈⊞⋈∈⊤∈⊞⋈⊞⊤⋈∈∋⊤∈∋⋈⋈≺∋∋∋⋈⊞⊤∈⊤∈⋈⋈⋈⋈⋈≻⋈⋈⋈⋈≺⊤∈⊞⋈≻⋈⋈⋈⋈≻⋈⋈⋈≺⊤∈⊤∈⋈≺∋∋∋∋∋∋⋈⋈⋈⋈⋈⋈⋈⋈⋈⊤∈⋈⋈⋈≻∋⋈⋈⋈≻⋈⋈⋈⋈≻⋈⋈⊤∈⋈⋈⋈≻⋈∋⋈⊤∈⋈⋈⋈≻⋈∋⋈⊤∈⋈⋈≺∋⋈⊤∈⋈⋈≺⊤∈⋈⊞⊞⋈⋈≺∋∋⋈⊤∈⊤∈⊤∈∋⊤∈⋈⋈⋈⊞∈⊤∈⋈⋈⋈⋈⋈⋈⋈≻⊤⋈∈⋈⋈⋈⊤⊥⋈⊤⊥⊥⋈⊞⋈⊤⊥⊞⊞⋈∈⊞⋈⊞∈⋈⋈⋈≻⊤∈⋈⋈⋈⊞⊥⊤∈⋈⋈⋈⋈⋈⋈⋈⋈⋈⋈⋈≻⋈⋈⋈⋈⋈⊤∈⋈⋈⋈≻⋈∋⋈≺⊤∈⋈⋈⊤∈⋈⊤∈⋈⊞⋈⊤⋈∈∋⊞∈⋈⋈⊞⋈⊞∈∋≺≺∋⊞∋⊞⊤⊥⋈⋈∋⊤∈⋈⋈⋈≻⋈∋⋈⊤∈⋈⋈⋈≻∋⊞⋈⋈⋈⊤∈∋⋈⋈⊤∈∋∋⋈⋈⋈⊤∈∋⋈⋈⊞⋈⊤⊥⋈⊤⊥⋈⊥⋈⊞⋈⊤⊥⊞⊞∈⋈⋈⋈⋈≻⊤∈⋈⋈⋈⊞⊥⊤∈⋈⋈⋈⋈⋈⋈⋈⋈⋈⋈⋈≻⋈⋈⋈⋈⋈⊤∈⋈⋈⋈≻⋈∋⋈≺⊤∈⋈⋈⊤∈⋈⊤∈⋈⊞⋈⊤⋈∈∋⊞∈⋈⋈⊞⋈⊞∈∋≺≺∋⊞∋⊞⊤⊥⋈⋈∋⊤∈⋈⋈⋈≻⋈∋⋈⊤∈⋈⋈⋈≻∋⋈⋈⋈⋈⊞⋈⊤⋈∈∋⊞⋈≺∋⋈⊞⊤∈⊤∈∋⋈⋈⊤∈⊤∈⋈≺⋈⊤∈⋈⋈⊞⊥⋈⊤⊥⊞∈⊞∈⋈⋈≻∋⊤∈⋈⊞⋈⋈⋈⋈≻⊤∈∋⋈⋈⋈≺∋⋈⋈⊙⋈⋈⋈≺⋈≺∋∋∋⋈⋈⊞⋈⋈⋈⋈⊞⋈⋈⋈⋈⋈⋈⊤∈⋈⊞⊤∈⊞⋈∈⋈⊞⋈≻⊞⊞∈∋∋⊤∈⋈⋈∈⋈⋈∈⋈⊞⋈≻⊞⊞∈∋⊞⊤∈∋∋⋈∋⊤∈⋈⋈∈⋈⊞⋈≻⊞⊤⋈∈∋∋⋈⋈⋈⋈⋈⋈⋈⊤∈⋈≺∋⋈⋈≻⋈⋈⋈⋈⋈≺⊞⊞∈∋∋⋈⋈⋈≺∋∋∋∋⊞⋈⋈⋈⋈⋈⋈⊣∋⋈⋈≺∋⋈≻∋∋∋∋∋∋∋∋⋈⋈⋈≻∋⋈⋈≻
0x60733ee	⊢⋈⋈⋈⋈⋈⋈⋈⋈⋈⋈⊞⊞⋈⊤∈⊤∈⋈⋈⊤∈⋈⋈≺∋⊤∈⊞⊡∈⋈⋈⊤∈⊤∈⋈⊤∈⊞⊞⋈∈⊤∈⊞⋈⊞⊞⊤∈∋⊤∈∋⋈⋈≺∋∋⋈⊞⊤∈⊤∈⋈⋈⋈≻⋈⋈⋈≺⊤∈⊞⋈⋈⊞⋈⋈⋈⋈≺⋈⋈≻⋈⋈⋈≺⊤∈⊤∈⋈≺⊤∈⋈⋈≺∋⊤∈⋈⋈≻⋈∋⊤∈⋈⋈⊤∈⊞⊞⋈⋈≺∋⊤∈∋⋈⋈≻⋈⋈⋈⋈⋈⋈⊞⋈⋈⋈⊞⊤⋈∈⊤∈⋈⋈⊤∈⋈⋈⊞⊥⋈⊤⊥⊞∈⊞∈⋈⋈≻∋⊤∈⋈⊞⋈⋈⋈⋈⋈≻⋈⊤∈∋⋈⋈⋈≺∋⋈⊙≺⋈⋈≺⋈≺∋∋⋈∋⋈⋈⋈⋈⋈⋈≻⊤∈⋈⋈⋈⋈≻∋⋈⋈⋈⋈⋈⊤⋈⋈⊥⋈≻⊞⋈⋈⋈⋈⋈⋈⊣⊡∋∋∋∋∋∋∋∋∋∋⊞⋈⋈⋈⋈⊣
0x608a800	⊢⋈⋈⋈⋈⋈⋈⊤∈⊡∈⋈≻∋∋⋈≻⊤∈⊡∈∋⋈⋈⋈⊣⋈⋈⋈⋈⊙
0x608d860	⊢⋈⋈⋈⋈⋈⊞≻⊤∈⊡∈∋⋈⋈⋈⊣⋈⋈⋈⋈⊙
0x606af34	⊢⋈⋈⋈⋈⋈⊞⋈⋈⋈⋈⊤∈⊤∈⊤∈⊤∈∋⋈≺≺⊞⊤⊥⊞⋈⋈⋈⋈⋈⋈≻⋈⊤∈⋈⋈⊤∈⊞≺⊤∈⋈⊞⋈∈⊤∈⊞⋈⊞⊤⋈∈∋⊤∈∋⋈⋈≺∋∋∋⋈⊞⋈⊤∈⊤∈⋈⋈⋈≻⋈⋈⋈≺⊤∈⊞⋈⋈≻⋈⋈≻⋈⋈⋈≺⋈⊤∈⊤∈⋈≺∋∋∋∋∋∋∋∋∋⋈⋈⋈⋈⋈⋈⋈⊞⋈⋈⋈⋈⋈⊣
0x6035c20	⊢⋈⋈⋈⋈⋈⋈⋈⊞⋈⋈⋈⊤⋈⋈∈⋈⊞⋈⊞⋈⊞≺∈⋈⊤∈⋈⊤∈⊞⊞⋈⊞∈⋈⊞⋈≺∋⊞⊞⊤⋈⊥⊥⊞⋈≺∋⋈⊤∈∋⋈⊞⋈⊞⋈⊞≺∈⋈⊤∈⋈⊤∈⊞⊞⋈⊞∈⋈⊞⋈≺∋⊞⊞⊤⋈⊥⊥⊞⋈≺∋⋈⊤∈∋⋈⊞⊞⋈∋⊤⊥⊥⋈⊞∈⋈⊞⋈⋈≻⋈⊞∈⊤∈∋∋⋈⋈⋈≻∋∋⋈⋈≻⋈⋈⋈⋈⊙⊤∈⋈⊞⊞⋈⊞≺∈⋈⊤∈⋈⊞⋈⊞⊞⊤∈⋈⊞⊞⊞⊤∈⋈⋈⊤∈⋈⊞⋈⊞⊞∈⋈⊞⋈≺⊞⊤⋈⊥⊥⋈⊞⋈≺∋∋⋈⊤∈∋∋⋈⊞⊞⋈⊞≺∈⋈⊤∈⋈⊞⋈⊞⊞⊤∈∋∋⋈⋈≻⋈⊞⊞⊞⊤∈∋∋⋈⋈⋈≻⋈⋈⊤∈⋈⊞⋈⊞⊞∈⋈⊞⋈≺⊞⊤⋈⊥⊥⋈⊞⋈≺∋∋⋈⊤∈∋∋⊤⊥⋈⊞⊞⊤∈⋈⊞⊞≺⊞⊞⋈⊡∈⋈⊞⊞⊤∈∋⋈⊞⊞⊡∈⋈⊞⊞⊤∈∋⊤⊥⊞⋈⋈⋈⋈∋⋈≺∋⋈⋈⋈⋈⋈⋈⋈⋈⋈⋈⋈⋈⋈⋈⋈⊞⋈⋈⋈⋈⋈⋈⊣
0x60a21e0	⊢⊤∈⋈⊤∈⋈⊤∈⊤∈⊤∈⊤∈⊞⊤⋈∈∋∋⊞⊞⊡∈⋈⋈⊞⊞⋈⊤⊥⊤∈⊞⋈⊞⊞⋈⊤∈∋∋⊞⊞⊤∈⊡∈⋈⋈⊞⊞⋈⊤⊥⊤∈∋∋∋⋈⋈⊞∈⋈≺⊞⋈⊞⊞⊤∈∋≺∋∋⋈⊞⋈⊣⋈≺∋∋⋈⋈⊣
0x609c990	⊢⋈⋈⋈⋈⋈⋈⋈⋈⋈⋈⊤∈⋈⋈⋈⊤⋈∈⊤∈⋈⊤∈⊡∈⋈⊞∈∋∋∋⋈⊤∈⋈⋈⊡∈⋈⊙⋈⋈⊤∈∋≺∋⋈⊙∋⋈⊞⋈⊤∈⋈≻⋈⊤∈⋈⋈⊤∈⊡∈⋈⊞∈∋∋⋈⊞⊞⋈⋈≺∋⋈⊤∈⋈⋈⊡∈⋈⊤∈⊙⋈≻⊣⊞⋈⊙⋈⊤∈∋⋈⋈≺∋⋈⊤∈⋈⋈⊞⊞⋈⊡∈⋈⋈⊞∈∋≺∋⋈⋈⋈⋈⋈⋈≺∋⊞⋈⋈⋈⋈⋈⋈⊣
0x6077779	⊢⊞⊤∈⊞⊣⋈⊞⋈⋈⋈⋈⊣
0x60a6a50	⊢⋈⊤∈⋈⋈⊞⋈⋈⋈⋈⋈⋈⋈⊞≻⊞⋈⊣⊣
0x60a1bc0	⊢⋈⋈⋈⋈⋈⋈⋈⊞⋈⋈⋈⋈⋈⋈⊞⋈∈⊤∈⊤∈⋈⋈⋈⊙⊤∈⋈⋈≻⋈≺⋈⊙⋈≻⋈⋈⋈⋈⋈⋈⊡∈⋈⋈⋈⊙⊤∈⋈⊙⋈⊞⊞⊤∈⋈⊙∋⋈⋈⋈≺⋈⊤∈∈⋈⊤∈⋈⋈⊙⋈⋈⋈⋈≺⋈⋈⋈⋈⋈≻⋈⋈⋈⊤∈∋⋈⊤⋈∈∋⋈⋈⋈⊞⋈⋈⋈⋈⋈⋈⊣⋈⋈≻⊣⋈⋈⋈⋈⋈≻⋈⋈≺∋⊞⊤∈∋≺∋∋∋⋈⊞⋈⋈⊞⊙
0x60a4020	⊢⋈⋈⋈⋈⋈⋈⊞⋈⋈⋈⋈⋈⋈⋈⋈≻⋈⊞⊤∈⋈⊞⋈⋈⋈⊤∈⋈⊙∋⊤∈⋈⊙∋⋈⊙≺∋⊞⋈⋈⋈⋈⋈⊣
0x60a4010	⊢⋈⋈≻≻
0x60a6a40	⊢⋈⋈≻≻
0x607dd90	⊢⋈⋈≻
0x607d0b3	⊢⋈⋈⋈⋈⋈⋈⋈⊞⋈⋈⋈⊡∈⋈⋈⋈⋈⋈⋈⋈⋈⋈⋈⋈≻⋈≺⊤∈⊙⊤⋈⋈⊥⊥⋈⋈⋈⋈⋈⋈⋈⋈⋈⋈⋈⋈⋈≻⋈⋈⋈⊡⋈⋈⊤∈⋈⊡∈∋⋈≻≺∋⊤∈⋈⋈⊙⋈⋈⋈⋈⋈⋈⋈⋈⋈⊙≻⋈⊤∈∈⋈⋈⋈⋈≻⋈≺∋∋⋈≻≻∋≻⋈⋈⊙⋈⋈⋈⊤∈∋⋈⋈⊤∈⋈⊞⋈⊤∈⋈⋈⋈⋈⋈⋈⋈⋈⋈⋈≻⊤∈⋈⋈⊤∈⋈⊡∈∋⋈≻≺∋⋈⋈⊙⋈⋈⋈⋈⋈⊤∈⋈⋈⊙⊤⋈∈⋈⋈⋈≻⋈⋈⊤∈⋈⋈⋈≻≺⋈⋈≺∋⋈⋈⋈⊙∋⊡⊞⋈⊞⊞∈⋈⋈≻≺∋⋈⋈⋈⊤∈⊤⋈∈⊤∈⊤∈⋈⋈⋈⊤∈⊤∈∋∋⋈⋈⊤∈⋈⋈⋈⋈≺∋⊤∈⋈≺⋈⋈≺∋⋈⊞⊤∈⋈⋈⋈⋈⋈⋈⊤∈⋈⊙∋⋈⋈⋈⋈⋈⊤∈⊙∋⋈≺∋∋⊙∋⋈⋈⋈≺∋∋∋⊞⊡∈⋈⋈⊤∈⊞⋈⋈⊞⋈⋈⋈≺∋∋∋∋∋⋈⋈⋈⋈⋈⊙⊡⊡⊞⊤∈⋈⋈⊙⊡⊡⊞⊤∈⋈⋈⋈≺⋈⋈⋈≺⋈⋈⋈∋⋈⋈∋⋈⋈⋈⋈⊞⊡∈⋈≻≺∋⋈⋈⊞⊤∈≻⊞⋈≺⋈∋⋈⋈⊤⊥⊤⊥⊞⋈⋈⊥⋈⋈⊞⋈⋈⊤∈⊙⋈⊞⊙≺∋⊞⋈⋈⋈⊞⋈⊡⋈⋈⋈⊡⋈⋈⋈⋈⋈⋈⋈⋈⋈⋈⋈⋈⋈⋈⋈⋈⋈⊡⋈⋈⋈⋈≻⋈⊤∈⋈⊞⊤∈⋈⋈⋈⋈⊤∈⋈⊙∋⊤∈⋈⊙∋⋈⊙≺∋⋈⊤∈⋈⋈⊞⋈≻≺⋈⋈⋈≻⋈⊞⊤∈⋈⊞⋈⋈⋈⊤∈⋈⊙⊤∈⋈⋈⋈≻∋∋⊣⋈⊞⊤∈⋈⋈⋈⋈⋈⋈⊤∈⋈⊙∋⊤∈⋈⊙∋⋈⊙≺∋⋈⋈⋈⋈⋈⋈⋈⋈⋈⋈⋈⋈⋈⋈⋈⋈≻⋈⊞⊤∈⋈⊞⋈⋈⋈⊤∈⋈⊙≺∋∋∋⊤∈⋈⊙∋⋈⊙≺∋∋⋈⋈⋈⊞⊙
0x602ee02	⊢⋈⋈⋈⊞⋈⊤∈⋈⋈⊤∈⋈⊞⋈⊞⊤∈⋈⊞⊞⋈≺⋈⊞⊞⊞⊤∈⋈⊞⊞⋈⋈⋈⊞⊞⊞⊞⊞⊞≺⋈≺∋∋∋⊤∈⊞⊤∈∋⋈⋈⊙⊤∈⋈⋈≻⋈⋈⋈⋈⋈⋈⊞⋈⋈⋈⋈⊞∈⋈⋈⊤⊥⋈⊞⊤⊥⊞∈⋈⊡⊞⊞⊤∈⊞∋⊞⋈⊡⊞⋈⋈≺∋⊞≺∋⋈⋈⋈⊤∈⋈⋈⊤⊥⋈⊤⊥⊞∈⋈⊡⊞⊞⋈≺⊤∈⋈∋⊞≺⋈⊡⊞⋈⋈≺∋⋈⊞∋⊤⊥⊞⊞⊥⋈⋈≻⋈⋈⊤∈⊤∈⊤∈∋⋈⊞⋈⊞⋈⊞⋈⋈⋈⋈⋈≻∋⋈⋈≻≺∋⊤∈⋈≻∋⋈⋈⋈⋈⋈⋈⋈⋈≻⋈≻⋈⋈⊤⋈∈⋈⊤⊥⋈⊞⊞⊥⊞∈⋈⊡⊞⊞⊤∈∋⊞≺⋈⊡⊞⋈≺∋⊞∋⋈⋈⋈⋈≻⋈⊤∈⊤∈⊤∈∋⋈⊞⊞⋈⋈⋈⋈⋈⋈⋈≻∋⋈⋈≻≺∋⊤∈⋈≻∋⋈⋈⋈⋈⋈⋈⋈⋈≻⋈≻⋈⋈⊤∈⋈⋈⊤⊥⋈⊞⊥⊤∈⋈⊡⊞⊞⊞⋈⋈⋈⋈⊞≺∋⋈⋈⋈≻⋈⊤∈⋈⋈⋈⊞≺⋈⋈⊡⊞⊞⋈⋈≺∋∋⋈⊤∈⋈⋈⋈⋈≻∋⋈⋈⋈⊞⊞⋈⊞⋈⋈⊙⋈⋈⊤∈⊞⊡⊡⋈⋈⊞⊞⋈∋⊤∈⊡∋⋈⊞⊞⊞⊞⋈⋈⊙⊤⋈∈⊞⊡⊡⋈⋈⊞⊞⋈∋⊤∈⊡∋⋈⊞⊞⋈⋈⋈⋈⋈⋈⊣⋈⋈⋈⋈⋈⋈⋈⋈⋈⋈≺⋈≺∋⊞⊞⋈⋈⋈≻⋈⋈⋈⋈⋈⊤∈⋈⋈⋈⋈⋈⋈⋈≻⋈⋈⋈⋈∋⋈⋈≺∋⊞⋈⋈⋈⊣
0x602f426	⊢⋈⋈⋈⋈⋈⋈⊞⋈⋈⋈⋈⋈≻⋈⋈⊞∈⋈⋈⋈⋈⋈⋈⋈⋈⋈⋈⊤∈⋈⋈⋈⋈⋈⋈≻⋈⊤∈⋈⋈⋈⊙⊤∈⋈⋈≻⋈⋈⋈⊤∈⊞⋈⋈∈⋈⋈⋈⋈⋈⋈⋈⋈⊤∈⋈⋈⋈⋈≺⋈⊞⋈⊞⋈⋈⋈⋈⋈⋈⋈≻⋈⋈⊤⋈⋈⊥⋈⋈⊤⋈⊥⊤∈⋈⋈⋈⋈⋈⋈⋈≻⋈⋈⋈⋈⋈⋈⋈⋈⋈≻⋈≺∋⋈⋈⊤∈⋈⋈⋈⋈≻∋⋈∋⊞⋈⋈⋈⋈⊤∈∋∋⋈⋈⋈⋈⋈≺∋⋈⋈≻⋈⋈⊙⊤∈⋈⋈⋈⋈⋈⋈⋈≺⋈⋈⊙⊤∈⋈⋈⋈⋈⋈⋈∋⋈⋈⋈⋈∋⋈≻⋈⋈⋈⊞⋈⋈⋈⋈⋈≻⊤∈⋈⋈⋈⋈⋈≻∋⋈⋈≻∋⋈⋈≻⋈⋈⋈⋈⋈⋈⋈⊤∈⋈⊞⊤∈⋈⋈≻⋈⋈⊤∈⋈⋈≻⋈⋈⋈⋈⋈⋈⊞⋈⋈⋈⋈⋈≻⊤⋈⊥⋈⋈⋈≻⋈⋈⋈⋈⋈⊤∈⋈⋈⋈⋈⊞⋈⋈⋈⊤∈⋈⋈⊞≻≺∋⋈⋈⋈⋈⋈⋈⋈⋈⋈⋈⋈⋈⋈≻⊤⊥⊤⋈⋈⊥∈⊤∈⊞∈⋈⋈≻∋⋈⋈⋈≻⊤∈∋⋈⋈⋈⋈⊙⋈⋈⋈⋈⋈⊤∈⋈⋈⋈⋈⋈⋈⊞⊞⋈⋈⋈⋈⋈∈⋈⋈⋈≻⊤⊥⋈⋈⋈≻⋈⋈⋈⋈⋈⊤∈⋈⋈⋈⋈⋈≺∋⋈≺⊞⋈⋈⋈⋈⋈⋈≻⊤⊥⊤∈⋈⋈⋈≻⋈≺⋈⋈⋈⊤∈⊞⋈⊞⊞⋈⊤⋈⋈⊥⋈⋈⋈⊤⋈⋈⊥⋈⊥⋈⋈⋈⊞⊥⊞⋈⊤⊥⋈⊞⋈⋈⋈⋈⊞⋈∈⋈⋈⋈≻⊤∈⋈⋈⋈⋈≻⊤∈⋈⋈⋈⋈≺⋈⋈⋈⋈≻⊤⊥⋈⋈⋈⋈⋈≻⋈⋈⋈⊤∈⋈⋈⋈⋈⋈⋈≺⋈⋈⋈⋈≻⋈⋈⋈⋈⋈⊤∈⋈⋈⋈⋈⋈≺⋈⋈⋈⋈≺⋈⋈⋈⋈≻⊤⊥⋈⋈≻⋈⋈⋈⋈⋈⊤∈⋈⋈⋈⋈⋈⋈⋈⊤⋈⊥⊤⋈∈⊤⋈⋈⊥⊤⊥⋈⋈∈⊤∈⊞⊤∈⋈⊤⋈∈∋∋∈∋⊤∈⊤∈⋈⋈⋈⋈≻⋈⋈⋈⋈⋈≻≺⊤∈≺⋈⋈⋈⋈∋≻⋈≺∋∋∋⋈⋈⋈⋈≻⋈⋈⋈≻⊤⊥⋈⋈⋈≻⋈⋈⋈⊤∈⋈⋈⋈⋈⋈⋈⋈⋈⋈≻⋈⋈⊤⋈∈⋈⋈⋈≻≺⋈⊤⋈∈⋈⊤∈⋈≺⊤∈⊤∈⊞⋈⊤⋈∈⋈⋈⋈≻⊤∈⋈⋈⋈≺∋⋈≻∋⋈⋈⋈⋈⋈⋈≺∋⋈⋈⋈⋈⊙⋈⋈⋈⋈⋈≺⋈⋈⋈⋈⋈⋈⋈≺∋⋈∋⋈∋⋈⋈⋈≻⋈⋈⋈⋈⋈⋈⊤∈⋈⋈⋈⋈⋈⋈⋈⋈⊤∈⋈⋈⋈≻⋈∋⋈⊤⋈∈⋈⋈⋈≻∋⋈⋈⋈⋈≻⋈⋈⋈⋈≻≺⋈⋈⋈⋈⋈⋈⋈⋈∋⊤∈⋈≻⋈∋⊞⊞⋈⋈⋈⋈⋈⋈⋈⋈⋈⋈⋈⋈⋈⋈⋈⋈⋈⋈⋈⋈⋈⋈⋈⋈⊞⋈⋈⊤⋈∈∋⋈⋈⋈⋈≻⊤⊥⋈⋈≻⋈⋈⋈⋈⋈⋈⊤∈⋈⋈⋈⋈≺∋⋈⋈≺∋∋∋∋⋈∋∋∋⋈⊤∈⋈∈⋈≻⊞⊞∈∋∋∋⋈⋈⋈⋈≻⋈⋈⋈⋈≻∋⋈⋈⊤∈⋈⋈⊞⊞⊤∈⋈⊞⊙∋∋⋈⋈⋈≻⋈⋈⋈⋈≻⋈⊤∈⋈⋈⋈⋈⋈⋈⋈⋈⋈⋈⋈⊤⋈∈⋈≻∋⊞⋈⋈⊞⋈⋈⋈⋈⋈⋈⊞⋈⋈⋈⋈⋈≻⋈⊤⋈⋈⋈⋈⋈⋈∈∋⋈⋈⋈⋈⋈⋈⋈⊤⋈∈⋈⋈⊞⊞⊤∈⊞⊙⋈≺∋∋∋⋈⊤∈∋⋈⋈⋈≻≺≺∋⋈⋈⋈⋈⋈≺∋∋∋⊞⋈⋈⋈⋈⋈⋈⊣⋈⊞≺∋⋈⋈⋈⊙⋈⋈⋈⋈⋈⋈⋈⋈⊣⋈⋈⋈⋈⋈⋈⋈≺⋈⋈⋈⋈⋈⋈⊞⋈⋈⋈⊤∈⋈⊤∈⊞⋈⊞≺∈⊞⊤∈⋈⊞⊞⋈⊞∈⊤⊥⊞⋈⊞⋈⊞⊞⊞⊞⋈⋈⊞⊞⋈⊞⊞⋈⊞⊞⊞≺⋈⊞⊞⊞≺∋∋⋈⊤∈∋⊤⊥⊤∈⊞∈≻⊞⋈⊞≺∋∋⊤∈⋈⋈≻⊤∈⋈⋈≻∋∋⋈⊞∋⋈⋈⋈⋈⋈⋈⋈≻⊤∈∋⋈⋈⋈⋈⋈≻⋈⋈⋈⋈⊞⋈⋈⋈⋈⋈⊣⋈⋈⋈⋈⋈⋈⋈≺∋⊞⋈⋈⋈⋈⋈⋈⊣
0x604b783	⊢⋈⋈⋈⋈⋈⋈⊞⋈⋈⋈⋈⊞⋈⋈⋈⋈⋈⋈⋈⋈⋈⋈⋈⋈⋈⋈⋈⋈⋈⋈⋈⋈⋈⋈⋈⋈⋈⋈⋈⋈⋈⋈⋈⋈⋈⋈⋈∈⊤∈⋈⊤∈⊤∈∋⋈⋈⋈⋈⋈⋈⋈⋈≻⋈⋈⋈⋈⋈⊤∈⋈⋈⋈≻∋⋈⋈⋈⋈≻⋈⋈≻⋈⋈⋈⋈⋈⋈≻⋈⋈≻⋈⋈⋈⋈⋈⋈⊤⋈⋈⋈∈⊤⋈∈⋈⋈⋈⊤⋈∈⋈⊤⊥⋈⊤⊥⊞∈⊞⊤∈⋈⋈⋈⋈⋈⋈⋈≻⊤∈⋈≺∋⋈⋈⋈⋈⊙⋈⋈⋈⋈⋈⋈⋈⋈≺⋈⋈⋈≺⋈⋈⋈⋈⋈≺∋∋⋈∋⊤⋈∈⊤∈⋈≺⊤∈⋈⊤⊥⋈⊤⊥⊞∈⋈⋈⋈⋈⊤∈⋈⊞⋈⋈⋈⋈⋈≻⊤∈⋈≺⋈≺∋⋈⋈⋈⋈⊙⋈⋈⋈⋈⋈⋈⋈⋈⋈≺⋈⋈≺∋∋∋⋈⋈⊤∈⋈⋈⋈⋈⋈⋈≻⋈⋈⋈⋈⋈⋈⋈⋈⋈∋⋈⋈⊞⋈⋈⋈⋈⋈⋈⋈⊞⋈⋈⋈⋈⊤∈⋈⋈⋈≻∋⋈⋈⋈⋈⋈⋈⋈⋈⋈⋈⊤⋈∈⋈⋈⋈≻∋⋈⋈⋈⋈⋈⋈⋈⋈⋈⊤∈⋈⊤⋈∈⋈⊞⋈⊤⋈⋈∈∋⋈⊤⊥≺≺∋⋈⊞∋⋈⊞∈⊤∈∋⋈⋈⋈⋈⋈⋈⋈⋈≻⋈⋈⋈⋈⋈⊤∈⋈⋈⋈≻∋⋈⋈≺⊤∈⋈⋈⋈≻∋⋈≺∋⋈≻∋⊞∋⋈⋈≻⋈⊤∈⋈⊤∈⋈⊞⋈⊤⋈∈∋⊞∈⋈⋈⊞⋈⊞∈∋≺≺∋⊞∋⊞⊤⊥⋈⋈∋⋈⋈⋈⋈⊤∈⋈⋈⋈≻∋⋈⋈⋈⋈⋈⋈⋈⋈⋈⊤∈⋈⋈⋈≻∋⋈≺∋≺∋∋⋈⋈⋈⋈⋈⋈⊤∈⋈⋈⋈≻∋⋈⊤⋈∈⋈⋈⋈≻∋⊤∈⋈⋈⋈⋈≻∋⋈⊤∈⋈⋈⋈≻∋⋈⊤∈⋈⋈⋈≻∋⋈⊤∈⋈⋈⋈≻∋⊞⋈⋈⋈⋈⋈⋈⊣
0x604a515	⊢⋈⋈⋈⋈⋈⋈⊞⋈⋈⋈⋈⋈⋈≻⋈⊞⊤∈⊤∈⊤∈∋⋈⋈⋈⋈⋈⊞⋈≻∋⋈⋈≻≺∋⊤∈⋈≻∋⋈⋈⋈⋈⋈⋈⋈⋈⋈≻⊤∈⋈⋈⋈⋈⋈⋈⋈⋈⋈⋈⋈⋈⋈≻⋈⋈⋈⋈⋈⋈⋈⋈⋈⋈≻⋈⋈⋈⋈⋈⋈⋈⋈⋈⋈⋈⋈⋈⋈≻⋈⋈⋈⋈≻⋈⋈⋈⋈⋈⋈⋈⋈⋈⋈⊤∈⋈⋈⋈≻∋⋈⊤∈⋈⋈⋈≻∋⋈⊞⊤⋈⋈⊥⋈⋈⋈⋈⋈⋈⋈⋈⋈⋈⋈⋈⋈⋈⋈⋈⋈≻⋈⋈⋈⋈⋈⋈⋈⋈⋈⋈≻⋈⋈⋈⋈⋈⋈⋈⋈⋈⋈⋈⋈≻⋈⋈⋈≻⊤∈⋈⊞⋈∋⋈⋈⋈⋈⋈⋈⋈⋈⋈⋈⋈⋈⋈⋈⊤∈⋈⋈⋈≻∋⋈⊤∈⋈⋈⋈≻≺∋∋⋈⊤∈⋈⋈⋈≻∋⊞⋈⋈⋈⋈⋈⋈⊣
0x604aae5	⊢⋈⋈⋈⋈⋈⋈⊞⋈⋈⋈⋈⋈⋈⋈⋈⋈⋈⋈⋈⋈≻⊞⊤∈⋈⊤∈≺⋈⊤∈∋⋈∋∋⋈⋈⋈⋈⋈⋈⋈⋈⋈⋈⋈⋈⋈⋈⋈⋈⋈≻⋈⋈⋈⋈⋈⋈⋈⋈⋈⋈⋈⋈⋈≻⋈⋈⋈⋈≻⋈⊤∈⋈⋈⋈≻∋⋈⋈⊞⊤∈⋈⋈⋈∈⋈⋈⋈⋈⋈⋈⋈⋈⋈⋈⋈⋈⋈⋈⋈⋈⋈⋈⋈≻⋈⋈⋈⋈⋈⋈⋈⋈⋈⋈⋈⋈⋈≻⋈⋈⋈≻⋈⋈⋈⋈⋈⋈⋈⋈⋈⋈⋈⊤∈⋈⋈⋈⋈≻⋈∋⊤⋈∈⋈⊤∈⋈⋈⋈≻⊤∈⋈⋈⋈⋈⋈⋈⋈⋈⋈⋈⋈⋈⋈⋈⋈⋈⋈⋈⋈⋈≻⋈⋈⋈⋈⋈⋈⋈⋈⋈⋈⋈⋈⋈⋈⋈⋈⋈⋈⋈⋈≻≺∋⋈⋈⋈⋈⋈⋈⋈⋈⊤∈⋈⋈⋈⋈≻∋⋈⋈⋈⋈⋈⋈⋈⋈⋈⋈⋈⋈≻⋈⋈⋈⋈⋈⋈⋈⋈⋈⋈⋈⋈⋈≻⋈⋈⋈≻⊤∈⋈⊞⋈∋⋈⋈⋈⋈⋈⋈⋈⋈⋈⋈⋈⋈⋈⋈⊤∈⋈⋈⋈≻∋⋈⊤⋈∈⋈⋈⋈≻∋⋈⋈⋈⋈⊞⊞⊤∈∋≺⋈⋈≺∋∋∋⋈⋈⋈⋈⋈⋈⋈⋈⊤∈⋈⋈⋈≻∋⋈⊤∈⋈⋈⋈≻∋⊞⋈⋈⋈⋈⋈⋈⊣
0x604b27d	⊢⋈⋈⋈⋈⋈⋈⊞⋈⋈⋈⋈⋈⋈⋈⋈∈⋈⊤∈⋈⋈⊤∈⋈⋈⋈⋈⋈⋈⋈⋈≻≺⋈⊤∈⋈⋈⋈≻⊤∈⋈⋈⋈⋈⊙⋈⋈⊤∈⋈⊤∈⋈⋈⊞⋈≺⋈⊤∈⋈⋈≺∋⋈⊞≺⋈⋈⋈≺⋈⋈⋈⊤∈⋈⋈⋈⋈⋈∋⊞⋈⋈⋈⋈⋈⋈⊣⋈⋈⋈⋈⋈≺∋⋈∋∋⋈⊤⊥∋⋈⊞⋈⋈∈⊤∈∋⋈⋈⋈⋈⋈⋈⋈⋈≻⋈⋈⋈⋈⋈⊤∈⋈⋈⋈≻⋈∋⋈≺⊤∈⋈⋈⋈≻∋⋈⋈≻⋈⋈⋈⋈⋈⋈⋈⋈⋈⊞∈⋈⋈≺∋⊤∈⋈⋈≺⊤∈⋈⊞⊞⋈⋈≺∋∋⋈⊞∈⋈⋈≻⋈⋈∋⊤∈⋈⋈≺⊤∈⋈⊞⋈⋈≺∋∋⊤∈⋈⋈⋈≻⊤∈⊞⊞∈⋈⊞⊡⋈⊥⊤∈∋⊤∈⊞⊞∈⊤∈⋈⋈⊤∈⋈⊤∈⋈≻∋⋈⋈⊞⋈≺⊤∈⋈⋈⋈⋈⊙⊤∈∋⋈⋈≻⋈⋈⋈⊞⋈⋈⋈⋈⋈⋈⋈⋈⋈⋈⋈⋈≻⋈⋈⋈⋈⋈⊞⊤∈⋈⋈⋈≻∋⊞⋈⋈⋈⊣⋈⋈⋈⋈⋈⋈≺⊞⊡⋈⊥∈∋≺∋∋∋∋∋⊞⋈⋈⋈⋈⊣⊤∈⋈⊤∈⋈⊞⋈⊤⋈∈∋⊞∈⋈⋈⊞⋈⊞∈∋≺≺∋⊞∋⊞⊤⊥⋈∋⊤∈⋈⋈⋈≻⋈∋⋈⋈⋈⋈⊤∈⋈⋈⋈≻⋈∋⋈⋈⋈⋈⋈≺∋
0x604c030	⊢⋈⋈⋈⋈⋈⋈⊞⋈⋈⋈⋈⋈⋈⋈⋈⊞⋈∈⋈⋈⊤∈⊞⋈⋈⊞⋈⋈⋈⊤∈⋈⊞⊞≺⋈⋈⋈≺∋⋈⊤⊥≺∋∋⋈⋈⊞⋈∈⊤∈∋⋈⋈⋈⋈⋈⋈⋈⋈⋈⋈≻⋈⋈⋈⋈⋈⋈⊤∈⋈⋈⋈≻⋈∋⋈⊤⋈∈⋈⋈⋈≻⋈⊤∈⋈⊞⊞⊞⊤⊥⋈⋈⋈≺∋∋⋈⋈⋈⋈⊤∈⋈⊤∈⊞⋈⊤∈∋⋈⊞⋈⋈≺∋⋈⊤⊥≺∋⋈⊞⋈∈⊤∈∋⋈⋈⋈⋈⋈⋈⋈⋈⋈⋈≻⋈⋈⋈⋈⋈⊤∈⋈⋈⋈≻⋈∋⋈≺⊤∈⋈⊤∈⋈⊤∈⋈⊞⊤∈∋⊞⋈⋈≺∋⊞∈⋈⋈⊞⋈⊞∈∋≺∋⊞⊤⊥⋈∋⊤∈⋈⋈⋈≻⋈∋⋈⋈⋈⋈⋈⋈⋈⋈⋈∈⋈⋈⊤∈⊤∈⋈⋈⋈⋈⋈⋈⋈⋈⋈≻⋈⋈⊤∈⋈⋈⋈⋈⋈≺∋⊤∈⋈⋈⋈⋈≻∋⊞⋈⋈⋈⋈⋈⋈⊣≺∋⋈⋈⋈⋈⋈⋈≻⋈⋈⋈⋈⊤∈⋈∋⊤⋈∈⊞⊤⋈⋈⊥⊤⊥⊤⊥≺∋⊤∈⋈⋈≻⋈∋⊤∈⋈⋈⋈≻⋈⊤∈⋈⋈⊤∈⋈⋈⊤∈∋⋈⊤⊥∋⋈⊞≺∋⋈⊞∈⊤∈∋⋈⋈⋈⋈⋈⋈⋈⋈⋈≻⋈⋈⋈⋈⋈⊤∈⋈⋈⋈≻⋈∋⋈≺⊤∈⋈⊤∈⋈⊤∈⋈⊞⋈⊤⋈∈∋⊞∈⋈⋈⊞⋈⊞∈∋≺≺∋⊞∋⊞⊤⊥⋈∋⊤∈⋈⋈⋈≻⋈∋⋈⊤∈⋈⋈⋈≻⋈∋⋈⋈⋈⋈⋈∋⋈⋈⋈⋈⋈⊤∈⊤∈⊤∈∋⋈⋈⋈⋈⋈⊞⋈≻∋⋈⋈⋈≺∋⋈⋈⋈⋈⋈⋈⋈⋈⋈≻⋈⊤∈⋈⋈⊤∈⋈⋈⊤∈∋⋈⊤⊥∋⋈⊞≺∋⋈⊞∈⊤∈∋⋈⋈⋈⋈⋈⋈⋈⋈⋈≻⋈⋈⋈⋈⋈⊤∈⋈⋈⋈≻⋈∋⋈≺⊤∈∋∋∋⋈⋈⋈≻⋈⊞⊤∈⋈⋈≺⊤∈⋈⊞⊞⋈⋈≺∋∋⊤∈⋈⋈≺⊤∈⋈⊞⊞⋈⋈≺∋∋⊤⊥∈⊞∈⊤∈⊞⊤⊥∋⊣⋈⊤⋈∈∋⊥⊣⋈⊤∈⋈⊤∈⋈⊞⋈⊤⋈∈∋⊞∈⋈⋈⊞⋈⊞∈∋≺≺∋⊞∋⊞⊤⊥⋈∋⊤∈⋈⋈⋈≻⋈∋⋈⊤∈⋈⋈⋈≻⋈∋⋈⋈≺∋
0x604d894	⊢⋈⋈⋈⋈⋈⊞⋈⋈⋈⊞⋈⋈⋈⋈⋈⋈⋈⋈⊞≻⋈⋈⋈⋈⋈⊤∈⋈⊞≻⊞⋈∈⊤∈∋⋈⋈⋈⊞⋈⊤∈⋈⋈⋈⋈⋈⋈≻⋈⋈≺∋⋈⋈⋈⋈⋈⋈⊞⊤∈⋈⋈⋈⋈⋈≻⋈⋈⋈≺∋⋈⋈⋈⋈⊞⊤∈⋈⋈⋈⋈⋈≻⋈⋈≺∋⋈⋈⊞⋈⋈⋈⋈⊞⋈⋈⋈⋈⋈⊣⋈⋈≻⊞≺∋
0x604cc08	⊢⋈⋈⋈⋈⋈⋈⊞⋈⋈⊤∈⋈≺⋈⋈⊤∈⋈⊞⋈⊞⊤∈⋈⊞⊞⋈≺⋈⊞⊞⊞⊤∈⋈⊞⊞⋈≺⋈⊞⊞⊞⊞⊞⊞⊤∈⋈⋈⊞⊞≺⋈≺∋∋∋⊞⋈⊞⋈⊞⊞⊤⊞⊤⋈⊥⋈⋈⊤⊥⋈⊤⊥⊞∈⊞∈⋈⋈≻∋⊤∈⋈⊞⋈⋈⋈⋈⋈≻⊤∈∋⋈⊞⋈⋈≺∋⋈⋈⋈⋈⋈⊤∈∈⋈⊤∈⋈⊞⋈⊞⊤∈⊞⊞⊞⋈≺⋈⊞⊞⊞⊤∈⊞⊞⊞⋈⋈⊞⊞⊞⊞⊞⊞⊤∈⊞≺⊞≺∋∋∋⊤∈⋈⊞⋈⊞⊞⊤⊞⊞⋈⋈⋈⋈≻⋈≺∋⋈⊞⋈⊤∈∋≺∋⋈⋈∋⋈⊞⋈∈⋈⊤∈⋈⊤∈⊤∈⊤∈⋈⊤∈⊞∈∋∋⋈⋈⋈⋈≻≺∋∋∋⊞⊤∈∋≺⊤∈⋈⋈⊞⋈⊞⊤∈⋈⊤∈⊤∈⊤∈⊤∈⋈⋈⊞⋈⋈⊤∈⋈⋈⊞⋈⋈≻⋈⋈⊞⊞⋈⊞⋈∈⋈⊤∈⋈≺⊤⋈∈⊤∈⋈⋈≺⊤∈⋈⊤∈⋈≺⊤∈⊤∈⋈⊞⋈∋∋∋⋈≻⊤∈⋈⋈⊤∈⊤∈∋∋∋∋⋈⋈≻⋈≺⊞∋⋈⊤∈⋈⋈≻⋈⋈⋈∋⊞⋈⋈⊞⋈⊞⊤∈∋⋈⋈⋈≻⋈⋈⋈⋈⊤⊥⊞⊥⊞⋈⋈∈⊤∈⊞⋈∈⋈⊞∈⋈⊞⊤∈⊤∈∋∋∋∋⋈∋⋈⋈⋈⋈⋈⋈⊤∈⋈⋈⋈⋈⋈⋈⋈⋈≺∋∋⊤∈⋈≺∋∋∋∋∋⊤∈⊤∈⊤∈⊤∈⋈⊞⊤⊥⊤∈⊞⋈⋈⊞⊤⊥⊤∈⋈⊤∈⋈⊤∈⋈⊤∈⊤∈⋈⋈⊞⊤∈⊞⊤⊥⊞⊤⊥⋈⊞⋈⋈≻⊤⊥⊤⋈⊥⋈⊤∈⋈⋈⋈⋈⋈⋈⋈⋈⋈⋈≺∋⋈⋈≺∋∋∋∋∋∋∋∋∋∋∋∋⋈⋈⋈⋈⋈⋈⋈⊤∈⋈⋈⋈⋈⊙⋈⊤∈⋈⋈⋈≻⋈⋈⋈⋈⊤∈⋈⋈⋈⋈⋈⋈⋈⋈≺∋∋⋈⋈∋∋∋⋈⋈⋈⋈⊞⋈⋈⋈⋈⋈⋈≺⋈∋∋⋈⋈⊞⋈⋈⋈⋈⋈⋈⊣
0x604da3b	⊢⋈⋈⋈⋈⋈⋈⋈⋈⊞⋈⊤∈⋈⋈⋈⋈⋈≻⋈⋈≺∋⋈⋈⋈⋈⋈⋈⊞⊤∈⋈⋈⋈⋈≻⋈⋈⋈≺∋⋈⋈⋈⋈⊞⊤∈⋈⋈⋈⋈≻⋈⋈≺∋⋈⋈⋈⋈⋈⋈⊞⊤∈⋈⋈⋈⋈≻⋈⋈≺∋⋈⊞⋈⋈⋈⋈⊞⊤∈⋈⋈⋈⋈≻⋈⋈≺∋⋈⋈⊞⋈⋈⋈⋈⊣
0x603a437	⊢⋈⋈⋈⋈⋈⋈⊞⋈⋈⋈⋈⊤∈⋈⊞⊤⊥∈⋈⋈⊞⋈⋈⊞⊤∈⋈⊞⋈⋈⋈≺∋⊞⋈⊞⊤⋈⊥⊤∈⋈⋈⊞⋈⋈⋈⋈≻⊤∈⋈⋈⋈⋈⋈⋈∈⊞⊤⊥∈⋈⊞∈⋈⋈∈⋈⊞⋈⋈⋈≻⊤∈≺∋⋈⋈⋈⋈⋈⋈⊞⋈∈⋈⋈⊞∈⊤∈⋈≻⋈∋⊞⋈⊥⊞⋈⊤∈∋⋈⊞⋈⊤∈∋⋈⋈≺⊞∋⋈⋈≻⋈⋈⋈⊤∈⋈⊞⊞⊞⋈⋈⋈⋈≻⋈≺∋⋈⊞⋈⋈≺∋⊞∋⋈⋈≻∋∋⊞⋈⋈⋈⋈⋈⊞∋⋈⋈⋈⋈≻⊤∈⋈⊞⊤∈⊞∈⊤∈∋⊞⋈⋈⊞∈⋈⊞⋈⊤∈∋∋⊞≺∋⋈∋∋⋈⋈⋈⋈⊞⋈⋈⋈⋈⋈⋈⊣
0x605dbbe	⊢⋈⋈⋈⋈⋈⋈⊞⋈⋈⋈⋈⋈⋈⋈≻⋈⋈⋈⊤∈⋈⋈⋈⋈⋈⋈≻⋈⋈⋈⋈⋈⊤∈⊞⊤∈⋈⋈≻∋⊞⊤⊥⋈⋈⋈⋈⋈⋈⋈⋈≻⋈⋈⊤⋈∈⋈⊤∈⊤∈⋈⊤∈⋈≺∋⊤∈∋⋈⋈⋈⋈≻⋈⋈⋈⋈⋈⊤∈⋈⋈⋈⊤∈⋈⋈⋈⋈⋈⋈⋈≻⋈⋈⋈∋⊤∈⋈⋈⋈⋈⋈⋈≻⋈⋈∋⋈⋈≻⋈⋈⋈⋈≻⋈⋈⋈⋈⋈⋈⋈∋∋⋈⋈⊙⊤∈⋈⋈≻⋈⋈⋈⋈⋈⋈⊞⋈⋈⋈⋈⋈≻⋈⋈⋈⊤⊥⊞⊥⊞∈⊤∈⊞⋈∈⋈⊞∈⋈⊞⊤∈⊤∈∋∋∋∋⋈∋⋈⋈⋈⋈⋈⋈⋈≻⋈⋈⋈⊤⊥⊞⊥⊞∈⊤∈⊞⋈∈⋈⊞∈⋈⊞⊤∈⊤∈∋∋∋∋∋⋈⋈⋈⋈⋈⋈≻⋈⋈⋈⊤⊥⊞⊥⊞∈⊤∈⊞⋈∈⋈⊞∈⋈⊞⊤∈⊤∈∋∋∋∋∋⋈⋈⋈≻⋈⊤∈⊤∈⊤∈⋈⋈⋈⋈⋈⋈⋈⋈≻⋈⋈⋈⋈⋈⋈≻⋈⋈⋈⋈⋈⊤⊥⊤⊥⊞∈⋈⊤∈⋈⋈⋈⊙⋈⊤∈⋈≻⋈⋈≻⋈⊞⋈⊞⊞∈∋⊞∈⋈⋈⋈⊙⋈⋈⋈⋈≻⊤∈⊤⊥⋈⋈⋈⋈⊙⋈⋈⊤⊥⊞∈⋈⋈∈⊤∈⋈⋈≺⋈⊤∈⋈⊞⋈⊤∈∋∋⋈⋈≺⋈≺∋⋈∋∋⋈⋈⋈⋈⋈⋈⋈≻⋈⋈⊤∈⋈⋈⋈⋈⊤⋈⋈∈⋈⋈⋈⊙⋈⊤∈∋⋈⋈⋈⋈⋈⋈≻⋈⊤∈⋈⋈⋈⋈⋈⋈⊙⊤∈∋⋈⋈≻⋈⋈⋈⋈⋈⋈⋈⋈⋈≻⊤∈⋈⋈⋈∈⋈⋈⋈⋈⋈≻⋈⋈⊤∈⋈⋈⋈≻⋈⋈⋈⋈⋈⋈⋈⋈⋈≻⋈⋈≻⋈⋈⋈⋈⋈⋈⋈⋈⊤∈∋⋈⋈⋈∋⋈⋈≻⋈⊤⋈∈⋈⋈⋈⊙⊤∈⋈⋈≻⋈⋈⋈⋈⋈⋈≻⋈⋈⊤⋈⋈∈⋈⋈⋈⋈⋈⋈⋈≻⋈⋈⋈⋈⋈⋈⋈⋈≻⋈⋈⊤∈⋈⋈⋈⋈⊙⋈⊤∈∋⊤∈⋈⋈⋈⋈⊙⋈⋈⊤∈∋⋈⋈⋈⋈⋈⋈≻⋈⋈⋈⋈≻⋈⋈⋈⋈⋈≻⋈⋈≻⋈⋈⋈⋈⋈⋈∋∋⊤∈⋈⋈⋈⊙⋈⊤∈∋⊤∈⋈⋈⋈⊙⋈⊤∈∋⊤∈∋∋⋈⋈⋈≻⋈⋈⋈⋈⋈⋈⋈⋈≻⋈⋈⊤∈∋⋈⋈⋈⋈⋈⋈⋈⋈⋈⋈⋈⋈≻⋈⋈⋈⋈≻⋈⋈⋈≻⋈⊤∈⋈⋈⋈⊙⊤∈∋⊤∈⋈⋈⋈⋈⋈⋈⋈⋈⋈⋈⋈≻⋈⋈≻⋈⋈⋈⋈⋈⋈⋈⊤∈⋈⋈⋈⋈⊡⋈⋈⋈⋈⋈⋈⋈≻⊤∈⋈⋈⋈⋈≻⋈⋈⋈⋈⋈≻⋈⋈⋈⋈⋈⋈⋈⋈⋈⋈⋈⋈⋈⋈⋈≻⋈⋈⋈⋈⋈⋈⋈⋈⋈⋈⋈⋈⊙⋈⋈≻⋈⋈≻⋈⋈≻⋈⋈≻⋈⋈≻⋈⋈≻⋈⋈≻⋈≺⋈⋈⋈⋈⋈⋈⋈≺∋∋⋈⋈⋈⋈≻⋈⋈⋈⋈⋈∋⋈⋈≻⋈⋈≻⋈⋈≻⋈⋈≻⋈⋈≻⋈≺⋈⋈⋈≻≺∋∋⋈⋈≻⋈⋈⋈≻≺∋⋈⋈⋈≺∋⋈⋈≻⋈⋈⋈⋈≻⋈⋈⋈⋈⋈⋈∋≻⋈⋈≻⋈⋈≻⋈⋈≻≺⋈⋈≻∋⋈⋈⊙⊤∈⋈⋈⋈⋈⋈⋈⋈⋈⋈⋈⋈⋈⋈⋈≻⋈⋈⊙⊤⋈∈⋈⋈⋈⋈⋈⋈⋈⋈⋈⋈⋈≺∋⋈⋈≻≺⊤∈∋∋⋈≻≺∋⋈⊤∈⋈⋈≻∋⋈∋∋∋⋈⋈⊙⊤∈⋈⋈≻∋⋈⋈≻∋⋈⋈≻∋⋈⋈≻⋈⋈⋈⋈⋈⋈⋈⋈⋈⋈⋈⋈⋈∋⋈⋈≻⋈⋈≻⋈⋈≻⋈∋∋⋈⋈⊞⋈⋈⋈⋈⋈⋈≺⋈⋈⋈⋈⋈⋈⋈⋈≺∋⋈⋈⊤∈⋈⋈⋈⋈≻≺⋈⋈⋈⋈⋈≺∋∋∋⋈⋈≻⋈⋈⋈⋈≺∋⊞⋈⋈⋈⋈⋈⋈⊣
0x6050327	⊢⋈⋈⋈⋈⋈⋈⊞⋈⋈⋈⋈⋈≻⋈⋈⊞∈⋈⋈⋈⋈⊤∈⋈⋈⋈⋈≻⋈⋈⊤∈⋈⋈⋈⋈⊙⋈⊤∈⋈≻⋈⊤∈⊞⊞∈⋈⊞⊞⊤∈∋⊤∈∋⋈⋈⊙⊤∈⋈⋈⋈⋈⋈⋈⋈≺⋈⋈⋈⋈≺∋⋈≻≺∋⋈⋈⊙⊤∈⋈⋈⋈⋈⋈⋈∋⋈⋈⋈⋈⋈⋈≻⊤∈∋⋈⋈⊞⋈⋈⋈⋈⋈⋈≺⋈⋈⋈⊞⋈⋈⋈⋈⋈≻⊤∈⋈⋈⋈⋈⋈≻∋⋈⋈≻∋⋈⋈≻⋈⋈⋈⋈⋈≺∋⊞⋈⋈⋈⋈⋈⋈⊣
0x603a6e3	⊢⋈⋈⋈⋈⋈⋈⊞⋈⋈⋈⊞⊤⋈∈⊤∈⋈⋈⊤∈⋈⋈⊞⊥⋈⊤⊥⊞∈⊞⋈⋈≺⋈≺∋∋⋈⋈⋈⋈⋈⋈⋈∈⋈⊤∈⊤∈⋈⊤∈⋈⋈⊞⊥⋈⊤⊥⊞∈⋈⊤∈⋈⊞⋈⋈⋈⋈⋈≻⋈⊤∈⋈⋈⋈≺∋⋈⋈⊙⋈⊞⋈⊞∋⋈⋈≻∋⊤∈⋈⊞⋈⋈⋈≻⊤∈∋⋈⋈⋈≺∋⋈⋈⋈⊙⋈⋈⋈⋈⋈⋈⋈≻⊤∈⋈⋈⋈⋈⊙⋈⋈⋈≺∋⋈⋈⋈⊞≺⋈⋈⊞⋈⊞⊞≺∋∋∈⋈⋈⋈⋈⋈⋈⋈⋈⋈⋈⋈⋈⋈⋈⋈⋈⊤⋈∈⋈⋈⋈⋈∈⋈⋈⋈⋈⋈⋈⋈⋈⋈≻⋈⋈⋈⋈⋈⋈⋈⋈⋈⋈⋈⋈⋈≻⋈⋈⋈≻⊤∈⋈⊞⋈∋⋈⋈⋈⋈⋈⋈⋈⋈⋈⋈⋈⋈⋈⊤∈⋈⋈⋈≻∋⋈⊤∈⋈⊤∈⋈⊤∈⊤∈⊤∈∋⊞⋈≺∋∋∋⋈⋈⋈≻⋈⋈⋈≻⋈⋈⋈≻⋈⊤∈⋈⊤∈⊤∈⊤∈∋⊞⋈≺⋈⋈⋈≻⋈⋈⋈≻⋈⋈⋈≻⋈≺∋∋∋∋⋈⋈⋈≻⋈⋈⋈≻⋈⋈⋈≻⋈⋈⋈⋈⋈⋈⊤∈⋈⋈⋈≻∋⋈⋈⋈⋈⋈⋈⋈⋈⋈⊤∈⋈⋈⋈≻∋⋈⋈⋈⋈⋈⋈⋈⋈⋈⊤∈⋈⋈⋈≻∋⊤∈∋⋈∋⊤⋈⋈∈⋈⋈⋈⊤∈⋈∋⊤∈⋈⊤⋈⊥⊤⊥⊤∈⋈⋈⋈⋈⋈⋈⋈⋈≻⋈⊤∈⋈⋈⋈≻∋⋈⋈⋈⋈⋈≻⋈⋈⋈≻⋈⊤∈⋈⋈⋈≻∋⋈⊤∈⋈⋈⊙⊤∈⋈⋈≻⋈⋈⋈⋈⋈⋈⊞⋈⋈⋈⊤∈⋈⊞∈⊞∈⋈⋈≺∋⊞≺∋⋈⋈⊞⊥⋈⊤⊥⊞∈⊞∈⋈⋈≻∋⊤∈⋈⊞⋈⋈⋈≻⊤∈∋≺∋⋈⋈⋈⋈⋈⋈⊞⊥⊞∈⋈⊞∈⋈⋈∋⋈≻⊤∈∋⋈⋈⋈⋈⊞≻⋈⋈≺⊞∋⊤∈∈⋈⊞⊞⊤∈∋∋⋈⊞⊞≺∋⋈⋈⋈⋈⊞⋈⋈⋈⋈⋈⋈⊣⋈⋈⋈⋈⋈⋈⋈≺⊤∈⋈⊤∈⊤∈⋈≺⋈⊤∈⋈⋈⊞⊥⋈⊤⊥⊞∈⊞∈⋈⋈≻∋⊤∈⋈⊞⋈⋈⋈≻⊤∈∋⋈⋈≺∋⋈⋈⋈⊙⋈⋈≺⋈≺⊞∋≺∋∋∋⋈⋈⊞⋈∋⋈⋈⋈⊤∈⋈⋈⋈≻∋⋈⊤⋈∈⋈≺∋∋⋈⋈⊙⊤∈⋈⋈≻∋⋈≺∋⋈≻∋⋈⋈⋈≺∋⋈⋈⋈⋈⋈⋈⋈⋈⋈⋈⋈⊤∈⋈⋈⋈≻∋⋈⊤∈⋈∋⋈⋈≻∋∋⋈⊤∈⋈⋈⋈≻∋⋈⊤∈⋈⋈⋈≻∋⊤∈⋈⋈⋈⋈≻∋⊞⋈⋈⋈⋈⋈⋈⊣
0x60a9941	⊢⋈⋈⋈⋈⋈⋈⊞⋈⋈⋈⋈⋈⋈⋈⋈⋈≻⊤∈⋈⋈⋈⋈⋈≺⋈⋈⋈⋈⋈≻⋈⋈⋈≻⊞⊤⋈∈⋈⊤∈⋈⋈⋈⋈⋈⋈⋈⊤⋈∈⋈⋈⋈⋈⋈⋈⋈⊤∈∋⋈⋈⊙⊤∈⋈⋈⋈⋈⋈⋈⋈⋈≺∋⋈∈⊞⋈⋈⋈⋈⋈⊤∈⋈⋈⊤∈⋈⊞⋈⋈⊤∈⋈⋈≺∋⊞⋈⋈⋈⋈⊞∈⋈⋈⊞⊞⊞⋈⊞⊞⊞⊞⋈⊞⊞⊞⊞⊞⊞⊞⊤∈∋⊤⋈∈∋∋⋈⋈⋈⋈⋈⋈⊞∈⊤∈⊤∈⊤∈∋⋈≺∋⊤∈⋈⋈⊤∈⋈⋈⊤∈∋⋈⊤⊥∋⋈⊞≺∋⋈⊞∈⊤∈∋⋈⋈⋈⋈⋈⋈⋈⋈⋈⋈≻⋈⋈⋈⋈⋈⊤∈⋈⋈⋈≻⋈≺⊤∈⋈⋈⋈≻∋⋈⋈≻⊤∈⋈⊤∈⋈⊞⋈⊤⋈∈∋⊞∈⋈⋈⊞⋈⊞∈∋≺≺∋⊞∋⊞⊤⊥⋈∋∋⋈⋈⋈⋈⋈⋈⋈⋈⋈⋈≻⋈⋈⋈⋈⋈⋈⊤∈⋈⋈⋈≻⋈∋⋈⊤∈⋈⋈⋈≻⋈∋⋈⋈⋈⋈⊤∈⋈≻⋈⋈∋⋈⋈⋈⋈⊞⋈⋈≺∋⋈≻⊤∈∋⋈⋈⋈≻⋈⊞⊞⋈⋈⋈⋈⋈⋈⋈⋈⋈⋈⋈≻⋈⋈⋈⋈⋈≻⋈⋈⋈⋈⋈⋈⊞⋈⋈⊞∈⋈⊤∈⊤∈⊤∈∋∈⋈⋈⊤∈⋈⋈⋈≻⋈⋈≺∋∋⊤∈⋈⋈⋈⋈≻⋈∋⋈⋈⋈⊤∈⊤∈∋⋈⋈⋈≻⋈⋈⊤⋈∈⋈⊞≺∋⋈⋈⋈⊤∈⊞⋈⋈⋈⋈∈⋈⋈≻⋈⋈⋈⋈⊞⊞⊞∈∋⋈⋈⋈≺∋⋈⋈⋈⋈⋈⋈⊤∈⋈⋈⋈≻⋈∋⋈⊤∈⋈⋈⋈≻∋⋈⋈≻⋈⋈⋈⋈≻∋⊞⋈⋈⋈⋈⋈⋈⊣⊞∋⋈⋈≻∋⋈⋈⊞⊥⊞⊤⊥⊞∈⊤∈⋈⊞⋈⋈⋈≻⊤∈⋈⋈≺∋⋈⋈⋈⊙⋈⋈⋈⋈⋈⋈≺∋⊞∋⋈⋈≻∋≺∋⋈⋈⋈≻⊤∈⋈≻⋈∋⋈⋈⋈⋈⊞⋈⋈⋈⋈⋈⋈⋈⊤⋈∈⋈⋈⊤∈⊤∈⋈∋⊤∈⋈≺∋⊤∈∋⋈⋈⋈⋈⋈⋈⋈≻∋⊤∈⋈⋈⋈⋈≻≺∋⋈≺∋⋈⊤∈⋈⋈⋈≻⋈∋⋈⋈⋈⋈⊞≺∋
0x60aa6e9	⊢⋈⋈⋈⋈⋈⋈⊞⋈⋈⋈⋈⊞∈⊤∈⊞⋈⋈⋈⋈⋈⋈⊞⊥⋈⊞⊤⊥⊞∈⋈⊡⊞⊞⋈⋈⊤∈∋⋈⊙⊤∈⋈⋈⋈⋈⋈≺⊞⋈⋈⋈⋈⋈⊤∈∋⋈⋈⊞⋈≺⋈⊡⊞⋈⋈⋈⋈≺∋⋈⊞⋈⊞⊞⊤⊞⊤∈⋈⋈≻⊤∈⊞⋈≺∋∋⋈⊞⋈⋈⋈⋈∈⋈≺⊤∈⋈⊞⋈⋈≺∋∋⊤∈⋈⊞⋈≻∋⋈⋈≻⋈⋈⋈⊤⋈∈⊞⋈⊞⊞⋈∈⋈⋈∈⊤∈⋈≻⋈≺∋⋈⊞⋈⊞⊞∈⊞⊤∈∋⊡∈⋈⋈⋈⋈⊤⋈∈∋⊞⋈⊞⋈⋈≺∋⊤∈∋⋈≻∋⋈⋈≻⋈⋈⋈⋈⋈⋈⋈⋈⊞⊤∈⋈⋈≺⊤∈⋈⊞⋈⋈≺∋∋⋈⊤∈⋈⋈⋈≺⊤∈⋈⊞⊞⋈⋈⋈≺∋∋⊤⊥⊤∈⊞∈⋈⊡⊞⊤∈∋∋⊤∈⋈∋⋈⊤∈⋈⊤∈⋈⋈∋⋈⊤∈⊞≺⊤∈⋈⊞⋈∈⊤∈⊞⋈⊞⊤⋈∈∋⊤∈∋⋈⋈≺∋∋∋⋈⊞⊤∈⊤∈⋈⋈⋈≻⋈⋈⋈≺⊤∈⊞⋈⋈≻⋈⋈≻⋈⋈⋈≺⊤∈⋈∋⊤∈⊤∈⋈≺∋∋∋∋∋∋⋈⋈⋈⋈⋈⋈⊞⋈⋈⋈⋈⊣⋈⊤∈⋈⋈∈⊤∈⋈≻≺∋⋈⋈⊞⋈⋈⊞⊤⋈∈∋≺∋⋈⋈⊤⋈∈⋈⋈⊞⋈⋈∈⋈⋈⊞∈⊞⋈⊞⊤∈⋈≻∋⋈⋈⊞⋈⊞⊤∈∋⋈⊞⊤∈∋⋈⋈≻⊤⋈∈⋈⊞⊤∈⋈⊞∈⊤∈⋈⋈⊤∈⋈⊤⋈∈∋≺∋∋⋈∋∋⋈⋈⋈⋈∋⊞⋈⋈⋈⋈⋈⋈⊣≺∋≺∋≺∋
0x60aa478	⊢⋈⋈⋈⋈⋈⋈⊤∈⋈⊞⋈⋈⋈⊞⋈⋈≻⊤∈⋈⋈⊞∈⊤∈⋈⊞⊤∈⋈⋈≻∋⋈⋈≻⋈⋈⋈⋈⋈⋈⊞⋈⋈⋈⋈⋈⋈⊞∈⋈⋈≺∋⊤∈⋈⊤∈⊤∈⋈≺⋈⊤∈⋈⋈⋈≻⊤∈⋈⋈≻⋈⋈⋈⋈⊙⋈⋈⋈≺⋈⊤∈∋⋈⊤∈⊤∈⋈≺⋈⊤∈⋈⋈⊞⊥⊞⊤⊥⊞∈⊞∈⋈⋈≻∋⊤∈⋈⊞⋈⋈⋈⋈≻⊤∈∋⋈⋈⋈≺∋⋈⋈⊙⋈⋈≺⋈≺∋∋∋⋈⋈⋈⋈⋈⋈⋈≺∋∋∋⋈⋈⋈⋈⋈⋈≺∋≻⊞⋈⋈⋈⋈⋈⋈⊣⋈⊞⋈⊞⊡∋⊞⊞∈∋⊤∈∋⋈⋈⋈⋈⋈⋈≻≺∋⋈⋈⋈⋈⋈⋈⋈≺
0x60aac83	⊢⋈⋈⋈⋈⋈⋈⊞⋈⋈⋈⋈⋈⋈⋈⋈⋈⋈⋈≻⋈⋈⋈⋈⋈⊞∈⋈⊤∈⋈⊤∈⋈⋈⋈⋈⋈⊤∈⋈⋈⋈≺∋⋈⊞∈⊤∈⊤∈⋈⊞⊤⋈∈∋∈∋∋∋⋈⋈∋⊤∈∋⋈⋈⊤∈⋈⊞⋈⊤∈⋈⋈≺∋⊞⋈⋈⋈⋈⊞∈⋈⋈⊞⊞⊞⋈⊞⊞⊞⊞⋈⊞⊞⊞⊞⊞⊞⊞⊤∈∋⊤∈∋∋⋈⋈⋈⋈⋈≻⊤∈⋈⋈⋈≻⋈⊞⋈⊞⋈⋈⋈⋈⋈⋈⋈⋈⋈≻⋈⋈⋈⋈⋈⋈≻⋈⋈⋈⋈⋈≺∋⋈⋈⋈⋈⋈≻⋈⋈⋈⋈≻⋈⋈⋈⋈≻⋈⋈⋈⋈⋈⋈⋈⋈⋈⋈⋈⋈⊤∈⊤∈⋈⋈⊤∈⋈⋈≺⋈≺∋∋⋈∈⋈⋈⋈⋈⋈⋈⋈⊞⋈⋈⋈⋈⋈⋈⋈⋈⋈⋈⋈⋈⋈⊞⋈⊞⋈⋈⊞⋈∈⊤⋈∈⊤∈⊤∈⊤∈∋⊤∈⊤∈⊤∈≺∋⋈⋈⋈⋈≻⋈⊤∈⋈⋈⋈≺⋈⊤∈⋈⋈≺≺∋∋∋∋⋈⋈⊤⊥⊞⋈∈⋈⋈⋈⋈⋈≻⋈⋈⋈≻⋈⋈⋈⋈≻⋈⋈⋈⋈⋈⋈⋈⊤∈⋈⋈⊤∈⊤∈⋈∋⊤∈⋈≺∋⊤∈∋⋈⋈⋈⋈⋈⋈⋈≻≺∋⊤∈⋈⋈⋈⋈≻≺∋∋⋈⊤∈⋈⋈⋈≻∋⋈⋈⋈⋈⋈⋈⋈⋈⋈⋈⊤∈⋈⋈⊤∈⊤∈⋈∋⊤∈⋈≺∋⊤∈∋⋈⋈⋈⋈⋈⋈⋈≻≺∋⊤∈⋈⋈⋈⋈≻≺∋∋⋈⊤∈⋈⋈⋈≻∋⋈⋈⋈⋈⋈⋈⋈⋈⋈⋈⊤∈⋈⋈⊤∈⊤∈⋈∋⊤∈⋈≺∋⊤∈∋⋈⋈⋈⋈⋈⋈⋈≻≺∋⊤∈⋈⋈⋈⋈≻≺∋∋⋈⋈⊤∈⋈⋈⋈≻∋⋈⋈⋈⋈⋈≺⋈⊤∈⋈⊤∈⋈⊞⋈⊤⋈∈∋⋈⊤⊥≺≺∋⋈⊞∋⋈⊞∈⊤∈∋⋈⋈⋈⋈⋈⋈⋈⋈≻⋈⋈⋈⋈⋈⋈⊤∈⋈⋈⋈≻∋⋈≺⊤∈⊤∈⋈⊤∈⋈⊞⋈⊤⋈∈∋⊞∈⋈⊞⊞∈∋≺≺∋⊞∋⊞⊤⊥⋈⋈⋈∋⊤∈⋈⊤∈⋈⊞⋈⊤⋈∈∋⋈⊤⊥≺≺∋⋈⊞∋⋈⊞∈⊤∈∋⋈⋈⋈⋈⋈⋈⋈⋈≻⋈⋈⋈⋈⋈⋈⊤∈⋈⋈⋈≻≺⊤∈⊤∈⋈⊤∈⋈⊞⋈⊤⋈∈∋⊞∈⋈⊞⊞∈∋≺≺∋⊞∋⊞⊤⊥⋈⋈⋈∋∋⋈⊤∈⊤∈⊤∈∋⊤∈⋈⊤∈⋈⊞⋈⊤⋈∈∋⋈⊤⊥≺≺∋⋈⊞∋⋈⊞∈⊤∈∋⋈⋈⋈⋈⋈⋈⋈⋈≻⋈⋈⋈⋈⋈⋈⊤∈⋈⋈⋈≻≺⊤∈⊤∈⋈⊤∈⋈⊞⋈⊤⋈∈∋⊞∈⋈⊞⊞∈∋≺≺∋⊞∋⊞⊤⊥⋈⋈⋈∋⋈⋈≺∋∋∋⋈⋈⋈⋈⋈⋈⋈⋈≻⋈⋈⋈⋈⋈⊤∈⋈⋈⋈≻∋⋈⊤∈⋈⋈⋈≻∋⋈⋈⋈⋈⋈⋈⋈⋈⋈⋈⋈⋈≻⋈⋈⋈⋈⋈⊤∈⋈⋈⋈≻∋⋈⊤∈⋈⋈⋈≻∋⋈⋈⋈⋈⋈⋈⋈⋈⋈⋈⋈⋈≻⋈⋈⋈⋈⋈⊤∈⋈⋈⋈≻∋⋈⊤∈⋈⋈⋈≻∋⋈⋈⋈⋈∋⋈⋈⋈⋈⋈⋈⋈⋈⋈⋈⋈⋈⊤∈⋈⋈⋈⋈⋈⋈⋈≻⊤∈⋈⋈⋈≻⋈⋈⊤∈⋈⊤⋈⋈∈⋈⊞⋈⊤⋈⋈⋈∈∋⋈⊤⊥≺≺∋⋈⊞∋⋈⊞∈⊤∈∋⋈⋈⋈⋈⋈⋈⋈⋈≻⋈⋈⋈⋈⋈⋈⊤∈⋈⋈⋈≻≺∋∋⋈⊤∈⋈⋈⋈≺⋈≺⊤∈⊤∈⋈⊤∈⋈⊞⋈⊤⋈∈∋⊞∈⋈⊞⊞∈∋≺≺∋⊞∋⊞⊤⊥⋈⋈⋈∋⊤⋈⋈⊥⋈⋈∋⋈⋈⋈⊤∈⋈∋⊤∈⊤⋈⋈⊥⊤⊥⊞⊙⊤∈⊤∈⋈⋈⋈⋈≻∋⋈⊤∈⋈⋈⋈≻∋⋈⋈⊤∈⋈⋈⋈≻≺⊤∈⋈⊤∈⋈⊞⋈⊤⋈∈∋⋈⊤⊥≺≺∋⋈⊞∋⋈⊞∈⊤∈∋⋈⋈⋈⋈⋈⋈⋈⋈≻⋈⋈⋈⋈⋈⋈⊤∈⋈⋈⋈≻≺⊤∈⊤∈⋈⊤∈⋈⊞⋈⊤⋈∈∋⊞∈⋈⊞⊞∈∋≺≺∋⊞∋⊞⊤⊥⋈⋈⋈∋∋∋⋈⋈⊤⋈⋈⊥⋈⋈⊤⋈⋈⊥⊤⋈⋈∈⊤⋈⋈⊥⋈⊤⊥⊤⋈⋈⊥⊤⊥⊞∈⊤∈⊞⊤⋈∈⋈⊤⋈∈∋⋈∋∈∋⊤∈⊤⋈∈⋈⊤∈⋈⋈⋈⋈⊤⊥⋈⊤⊥⊞∈⊤∈⋈⊞⋈⋈⋈≻⊤∈⋈≺⋈≺∋⋈⋈⋈⋈⊙⋈⋈⋈⋈≺⋈⋈≺∋⋈⋈⋈∋⋈≺∋⋈⋈⋈⋈⋈≻⋈⋈⋈⋈⋈⋈⋈⋈⋈≻≺∋⊤∈⊤∈⋈⊤∈⋈⋈⋈⋈⋈⊤⊥⊞⊤⊥⊞∈⊤∈⋈⊞⋈⋈⋈≻⊤∈⋈≺⋈≺∋⋈⋈⋈⋈⊙⋈⋈⋈⋈≺⋈⋈≺∋∋⋈∋⋈⋈⋈⋈⋈≻⋈⋈⋈⋈⋈⋈⋈∋⊤∈⋈⋈⋈⋈⋈⋈≻⋈⋈⋈⋈≻⋈⋈⋈⋈≻⋈⋈⋈≻⋈⋈⊤⋈⋈⊥⋈⋈⊤⋈⊥⊤∈⋈⋈⋈⋈⋈⋈≻⋈⋈⋈⋈⋈⋈⋈⋈⋈⋈⋈≻⋈⋈⋈⋈⋈≺∋⋈⋈⊤⋈∈⋈⋈⋈⋈≻∋⋈⋈⋈≻⋈≺⊤∈⋈⊤∈⋈⊞⋈⊤⋈∈∋⋈⊤⊥≺≺∋⋈⊞∋⋈⊞∈⊤∈∋⋈⋈⋈⋈⋈⋈⋈⋈⋈≻⋈⋈⋈⋈⋈⋈⊤∈⋈⋈⋈≻≺⊤∈⊤∈⋈⊤∈⋈⊞⋈⊤⋈∈∋⊞∈⋈⊞⊞∈∋≺≺∋⊞∋⊞⊤⊥⋈⋈⋈∋∋⋈⋈⋈≻⊤∈⋈⊤∈⋈⊞⋈⊤⋈∈∋⋈⊤⊥≺≺∋⋈⊞∋⋈⊞∈⊤∈∋⋈⋈⋈⋈⋈⋈⋈⋈⋈≻⋈⋈⋈⋈⋈⋈⊤∈⋈⋈⋈≻≺⊤∈⊤∈⋈⊤∈⋈⊞⋈⊤⋈∈∋⊞∈⋈⊞⊞∈∋≺≺∋⊞∋⊞⊤⊥⋈⋈⋈∋∋⋈⋈⋈≻⋈⊤⋈⋈⊥⋈⊤⋈⊥⊤∈⋈⋈⋈⋈⋈⋈≻⋈⋈⋈⋈⋈⋈⋈⋈⋈⋈⋈⋈≻⋈⋈⋈⋈⋈≺∋⊤⋈∈⋈⋈⋈⋈≻∋⊤∈⋈⊤⋈∈⋈⊞⋈⊤⋈⋈∈∋⋈⊤⊥≺≺∋⋈⊞∋⋈⊞∈⊤∈∋⋈⋈⋈⋈⋈⋈⋈⋈≻⋈⋈⋈⋈⋈⋈⊤∈⋈⋈⋈≻∋⋈≺⊤∈∋∋∋∋∋∋∋⋈⋈⋈≻⋈⊤∈⋈⊤∈⋈⊞⋈⊤⋈∈∋⊞∈⋈⊞⊞∈∋≺≺∋⊞∋⊞⊤⊥⋈⋈⋈∋⊤∈⋈⋈⋈≻∋∋⋈⋈⋈⊤∈⋈∋⋈⋈⋈⊤∈⋈∋⊤∈⊤⋈⋈⊥⊤⊥⊤⋈⋈⊥⊤⊥⊞⊙⊤∈∋⋈⋈⊤∈⋈⋈⋈⋈≻∋⊤∈⋈⋈⋈⋈≻∋⋈⊤∈⋈⋈⋈≻∋⋈≺⊤∈⋈⋈⋈⋈≻∋⊤∈⋈⋈⋈⋈≻∋⋈⊤⋈∈⋈⋈⋈≻∋⋈⋈⋈⋈≺∋⋈⋈⋈≻⋈⋈⋈≻⋈⋈⊤⋈⋈⊥⋈⋈⊤⋈⊥⊤∈⋈⋈⋈⋈⋈⋈≻⋈⋈⋈⋈⋈⋈⋈⋈⋈⋈⋈≻⋈⋈⋈⋈⋈≺∋⊤∈⋈⋈⋈⋈≻∋⋈⋈⋈≻⋈⋈⊤⋈⋈⊥⊤∈⋈⋈⋈≺∋⊤∈⋈⊤⊥⊤⊥⊤∈⋈⊤∈⊤∈⋈⋈⋈≻≺⋈⋈⊤⊥⋈⊤⊥⊞∈⊞⋈⋈⊤∈⋈⊞⋈⋈⋈≻⊤∈∋⋈≺∋⋈⋈≻∋⊞∋⋈⋈≻∋⋈⋈⊤⊥⋈⊤⊥⊞∈⊤∈⋈⊞⋈⋈⋈≻⊤∈⋈⋈≺∋⋈⋈⋈⊙≺∋⊞∋⋈⋈≻∋⊞∋⋈⋈≻∋∋⋈⋈⊤∈⋈⋈⋈⋈≻∋⋈⊤∈⋈⋈⋈≻∋⋈∋⊤∈⋈⋈⋈≻∋⋈⊤∈⋈⋈⋈≻∋⋈⊤∈⋈⋈⋈≻⋈≺∋⋈⋈⋈⋈⊙⋈⋈⋈⋈⋈⋈≻⋈⋈⋈⋈⋈⋈≺⊤∈⊤⋈∈∋∋⋈⋈⋈∋∋⊤∈⋈⋈⋈⋈≻∋⋈≺≺∋⋈⋈⋈⋈⋈⋈⋈≻⋈⋈⋈⋈∋⋈⋈≻⋈⋈⋈⋈⋈⊤⋈⋈⊥⋈⊤⋈⊥⊤∈⋈⋈⋈⋈⋈⋈≻⋈⋈⋈⋈⋈⋈⋈⋈⋈⋈⋈⋈≻⋈⋈⋈⋈⋈≺∋⊤∈⋈⋈⋈⋈≻∋⊤∈⋈⋈⊤∈⋈⊤∈⋈⊤∈⋈≺∋⊤∈⋈≺∋⊤∈∋⋈⋈⋈⋈⋈⋈⋈⋈≻≺∋⊤∈⋈⋈⋈⋈⋈≻≺⋈⋈⋈⋈⋈⋈⋈⋈≻⋈⋈⋈⋈⋈⊤∈⋈⋈⋈≻∋⋈⊤∈⋈⋈⋈≻≺∋∋∋∋⋈⊤∈⋈⋈⋈≻∋⋈⋈⋈⋈⋈⋈⋈≻⋈⋈≻⋈⊤∈⋈⋈⋈≻∋⋈⋈⋈≻⋈⋈≻⋈⊤∈⋈⋈⋈≻∋⊤∈⋈⋈⋈⋈⋈⋈⊤∈⋈⋈⊤∈⊤∈⋈∋⊤∈⋈≺∋⊤∈∋⋈⋈⋈⋈⋈⋈⋈≻≺∋⊤∈⋈⋈⋈⋈≻≺∋∋⋈⋈⋈⋈⋈⋈≺⋈⋈⊤⋈⋈⊥⋈⊤∈⋈⋈∋⋈⊤∈⋈⋈⋈⋈≺⋈⊤∈⋈⊞⊞⋈⋈⋈≺∋∋⊤∈⊤∈⋈⋈≻≺⊤∈⊤∈⋈≻⊤∈⋈⋈⋈⋈≻∋⋈⋈⋈⋈≺⋈⋈⊤∈⊤∈⋈⊤∈⋈⋈⊤⊥⋈⊤⊥⊞∈⊞⊤∈⋈⊞⋈⋈⋈≻⊤∈⋈≺∋⋈⋈≻∋⋈⊞∋∋⋈⋈⋈⊤∈⋈∋⊤∈⊤⋈⋈⊥⊤⊥⊞⊙⊤∈⊤∈⋈⋈⋈⋈≻∋⋈⋈⋈⊤⋈∈∋⋈⋈⋈⋈⊙⋈⋈⋈≻⊤∈⋈⋈⊤⊥⋈⋈⋈⊙⋈⊤⊥⊞∈⋈⋈⋈∈⊤∈⊞∈⋈⊞⊤∈∋∋∋⊞⋈⋈⋈≺∋⋈≺∋⋈⊤∈⋈⋈⋈⋈⊙⋈⋈≺⋈⋈≻⊤∈∋⋈⋈≻⋈⋈⋈⋈⋈⋈⊞⋈⋈⋈⋈⊞∈⋈⋈⋈⋈≺⋈⊤∈⋈⊞⊞⋈⋈⋈≺∋∋⋈⊤∈⋈⋈⊤⊥⊤⊥⊤∈⊤∈⊤∈⋈⋈⋈⋈≻≺⋈⋈⋈⋈⋈⋈⋈≻⋈⋈⋈⋈≺⋈⋈⋈⊤⊥⊤∈∋⋈⋈⋈≺⋈⊞≺∋⋈⋈⊤∈⊤∈⋈≺⊤∈⋈⋈⊞⊥⋈⊤⊥⊞∈⊞∈⋈⋈≻∋⋈⊤∈⋈⊞⋈⋈⋈⋈≻⋈⊤∈∋⋈⋈≺∋⋈⋈⋈⊙⋈⋈⋈≺∋∋∋⋈⋈⋈⋈⋈⋈≻⋈⋈⋈⋈⋈⋈∋⊤∈∋⋈⋈⋈⋈≻∋∋⊞⋈⋈⋈⋈⋈⋈⊣⋈⋈⊤⊥⋈⋈⋈⊙⋈⋈⊞⊤⊥⊞∈⋈⋈∈⊤∈⊞∈⋈⊞⊤∈∋∋∋⊞⋈∋⋈⋈⋈≺∋⋈⋈⋈≻⋈⋈≻⋈⋈≻⋈⋈⋈≻⋈⋈⋈⋈⋈⋈⋈⋈⋈⋈⋈⋈⋈⊤∈⋈⋈⋈≻∋⋈⊤⋈∈⋈⋈⋈≻∋⋈⊤∈⋈⋈⋈≻∋⋈⊤∈⋈⋈⋈≻∋⊤∈⋈⋈⋈⋈≺∋⊤∈⋈⋈⋈⋈≻∋⋈⋈≺∋∋⋈⊤∈⋈⋈⋈≻∋⋈⊤∈⋈⋈⋈≻∋⋈⊤∈⋈⋈⋈≻∋⋈⊤∈⋈⋈⋈≻∋⋈⊤∈⋈⋈⋈∋≻∋∋⋈⊤∈⋈⋈⋈≻∋⋈⊤∈⋈⋈⋈≻∋⋈⊤∈⋈⋈⋈≻∋⋈⋈⊤∈⋈⋈⋈≻≺∋∋⋈⊤∈⋈⋈⋈≻∋⊞⋈⋈⋈⋈⋈⋈⊣⋈≺∋⋈⋈⋈⋈⊙⋈⋈⋈≺⋈⋈≺∋∋⋈∋⋈⋈⋈⋈⋈≻⋈⋈⋈⋈⊤∈⋈⋈⋈⋈≻∋⋈⋈⋈⋈⋈⊞⊤⊥⋈≺∋∋∋∋⋈∋⋈⊤∈⋈⋈⋈≻∋⋈⊤⋈∈⋈⋈⋈≻∋⋈⊤∈⋈⋈⋈≻∋⊞≺∋
0x60adeae	⊢⋈⋈⋈⋈⋈⋈⊞⋈⋈⋈⋈⋈⊤∈⋈⋈⋈⋈⊙⊞≺⋈⋈⋈⋈≻⊤∈⋈⋈≻⋈⊤⊥⋈⋈⋈⊙⋈⊤⊥⊞∈⋈⋈⋈⋈∈⊤∈⊞∈⋈⊞⊤∈∋∋∋⊞⋈⋈⋈⋈⋈≺∋∋⊤∈⋈⋈⋈⋈⋈⊙⊤∈⋈⋈⋈⋈⋈⋈⋈⋈⋈⋈⋈≻⋈⊤∈⋈⋈⋈⋈⊙⋈⊤∈⋈⋈⋈≻⋈⋈⋈⋈≻⊤⋈∈⋈⋈⋈⋈≻⊤∈⋈⋈⋈⋈⋈⋈⋈≻⊤⋈⊥⊥⋈⋈⋈⋈⋈⋈⋈⋈⋈⋈⋈⋈⋈⋈⋈⋈⋈⋈⋈⋈⋈⋈⋈⋈⊞⋈⋈⋈⋈⋈⋈≺∋⋈⋈⋈≻⋈∋∋∋∋⋈⋈⋈⋈⋈⋈≻⋈⊞⋈⋈⋈⋈⋈⋈≺
0x60aa3d3	⊢⋈⊞⋈∈⊤∈⋈⊞⊤⋈∈∋⋈∋⋈⊞⋈∈⊤∈⋈⊞⊤⋈∈∋⋈∋⊤⊥⊞⊤∈⊞∈⊤∈⊞∋⊣⊤∈⊞⊤⊥≺∋⊤∈⊞⊤⊥≺∋⊞⊤∈∋⊥⊞⊣
0x60a8a96	⊢⋈⋈⋈⋈⋈⋈⊞⋈⋈⋈⋈⋈≻⋈⋈⋈⋈⋈⋈≻⋈⋈⊞⋈⋈⋈⊤⋈⊥⊤∈⋈⋈⊞⋈⊞⊞⋈⋈∈⊤⋈⊥⊤⋈⊥⊞⊞⊞⋈⊞⊤∈⋈≻⋈⋈⋈⋈∋⋈⊞⋈⊞⊞⋈⋈⊤∈∋⊤∈⋈⊞⊤∈⋈≻∋⋈⋈⊞⋈∋∋⋈⋈⋈≻⋈⋈⋈⋈≻⋈⋈⋈⋈≻⋈⋈⋈⋈≻⋈⋈⋈⋈⊞⋈⋈⋈⋈⋈⋈≺
0x60a8c3e	⊢⋈⋈⋈⋈⋈⋈⊞⋈⋈⋈⋈⋈≻⋈⋈⋈⋈⋈⋈⋈≻⋈⋈⊞⋈⋈⋈⊤∈⋈⋈⋈⊞⋈⊞⊞⋈⋈∈⋈⊤⋈⊥⊞⊞⊞⋈⊞⊤∈⋈⋈≻⋈⋈⋈⋈∋⊞⋈⊞⋈⊞⋈⊤∈∋⋈⋈⋈≺∋⋈⋈⋈≻⋈⋈⋈⋈≻⋈⋈⋈⋈≻⋈⋈⋈⋈≻⋈⋈⋈⋈⊞⋈⋈⋈⋈⋈⋈≺
0x60a8a07	⊢⋈⋈⋈⋈⋈⋈⊤∈⊤∈⊤∈⋈≻∋⋈⋈⋈⋈⊞⋈∈⋈⊞∈⋈≻⊤∈⊞⋈⊞⊤∈∋≺∋∋∋⋈⋈⋈⋈⊞⋈⋈⊣
0x60a8dbb	⊢⋈⋈⋈⋈⋈⋈⊞⋈⋈⋈⋈⋈≻⋈⋈⋈⋈⋈⋈≻⋈⋈⋈⋈⋈⋈⋈≻⋈⋈⋈⋈≻⋈⋈⋈⋈≻⋈⋈⋈⋈≻⋈⋈⋈⋈≻⋈⋈⋈⋈⋈⊞⋈⋈⋈⋈⋈⋈≺
0x60a8e98	⊢⋈⋈⋈⋈⋈⋈⊞⋈⋈⋈⋈⋈⋈⊞∈⊤∈⊤⋈∈∋⊞⋈⊞⊥∈⋈⊤∈⊤∈⋈⊤⋈∈∋⊞⋈∋⋈∈⋈⊤∈⋈⊤∈⋈≺⋈⊤⋈∈∋⊞≺∋⊤∈∈⊞⋈∈⊤∈∋⋈⊤∈⋈⊞⊤∈⊤∈⋈⊤⋈∈∋∈∋∋⋈⋈⊙⊤∈⋈⋈⋈⊤∈⊞⋈⋈≻⋈⋈⊤∈∋⋈⋈⋈⋈⋈⋈⊙⋈⋈⋈⋈≻⋈⋈⋈⋈≺≺⋈≺∋⋈⋈⋈≻⊤∈⋈⋈⋈≺∋⋈⋈⋈⋈⊙⋈⋈⋈≻⋈⋈≻⊤∈⋈⋈⋈⋈⋈⋈⊙⋈⋈⋈⋈≻⋈⋈⊞∈∈⋈⋈⊡⊞⊞⋈⋈⊞⋈≻⊞⋈⊞⋈⊞⋈⋈⊞∈⊤∈⋈≻⋈⋈⋈⊞⊞⋈⊞⊤⋈⊥⊞⋈⊞∈∋⋈⋈⋈⊞≻⋈⊤∈⋈⊞⊞⋈⋈⊞⋈⊞⋈⋈⊞⊞∈⋈⊤∈⋈⋈⋈⊞⊞⋈⊞⋈⊞⊤⋈⊥⊞⋈∈∋⋈≺∋⊤∈⋈⋈≻⋈⋈⋈⋈⋈⋈⋈⋈⊞∈∋⋈⋈⋈⋈⋈⊞⋈⋈⋈⊞≻⋈⋈⊞⋈⋈⋈⋈⋈⋈⋈⋈⋈⊞⋈⊞⋈⋈⋈⋈∈⋈⊞⊤∈∋⋈≺⊤∈⋈≻⋈⋈⋈⋈⋈⋈⊞⊙⋈⋈⋈⋈⊞⊞⊞⋈⊞⋈⊞⊞⊞⋈⊞⋈⊞⊞⊤⊥⊥⊤∈⊞⋈⋈⋈⊞⋈⋈∈⊤∈⋈⋈⋈≻⊤∈∋⋈⋈⋈⊞⋈⊞⊞⋈⊤⋈⊞∈⊞⊞⊞⊞∈∋≺∋∋⊞⊞⊞∈⋈⊤∈⋈⋈⊞⋈⊞⊞⊞⊞⊡⋈⋈⊞⊥⋈⊤∈∋⋈⋈⊡⋈⋈⊞⋈∈⊞⊞⊞∈⋈⊤∈⋈≺⊞⊞⊞⋈⋈⊞⊞⋈⊤∈∋⊡⊞∋⋈⊤∈∋⋈⋈⋈≻∋⋈⋈⋈⊞⊞∈∋⋈⊞⋈≻⋈⊤∈⋈⊤∈⋈⋈⋈⋈⊙⋈⊞⋈⋈⋈⊞⋈⊞⊞⋈⋈⋈∈⋈⋈⊞⊤∈⋈⊤∈⋈⋈⋈⊞⊞⋈⋈⊞⊞⊤∈∋≺∋⋈⋈⋈⋈⋈⋈⋈⋈≻⋈⋈⋈⋈⊞⋈⋈≻⋈⋈⋈⋈≻⋈⋈⋈⋈≻⋈⋈⋈⋈≻⋈⋈⋈⋈⋈⋈⋈⊞⋈⊞⋈≻⊤∈⋈⋈⋈⋈⋈⊞⋈⊞⋈∈⊤∈⊤∈⋈⋈⋈⋈⊞⊙⋈⋈⊞⋈⊞⊞∈∋⋈∋⋈⋈⋈⋈⋈⋈≻⋈⊙⊤∈∋⋈⋈≻∋⋈≺∋∋∋⋈≻∋⋈⋈≻∋⋈≺∋⋈≻∋⋈∋⋈≻∋⋈≻∋⋈⋈⋈≻∋⋈≻∋⋈⋈≻∋⋈⋈≻∋∋⋈⋈≻∋⋈⋈≻∋⋈≺∋⊞≻⋈⋈⋈⋈⋈⋈⋈⋈⋈⋈⋈⋈⋈⋈≻⋈⋈⋈⋈≺∋≻∋⊞⋈⋈⋈⋈⋈⋈⊣
0x603323a	⊢⊤∈⋈⊤∈⊤∈⊤∈⊤∈⊤∈∈∋⊤⊥⊣∋∋∋∋⊞∋⊣
0x60333de	⊢⋈⋈⋈⋈⋈≻⋈⋈⋈⋈⋈≻
0x60332d5	⊢⋈⋈⊤∈≻∋≻
0x6033ca0	⊢⋈⋈⋈⋈⋈⋈⋈⊞⋈⋈⋈⊤∈⊞⋈⋈⋈⋈⊞⋈⋈⋈⋈⋈⋈⊙⋈⊤∈⋈⋈⋈⋈≺∈⋈⋈⊤∈⊤∈⋈⋈⋈⋈⊙⊤∈⋈⊞≺⊤∈⋈⊤∈⋈⊞⋈∋⊤∈⋈⊞⊞≺∋⋈⊤∈⋈⊞⊤∈⊞⊤∈∋⋈⊞≺∋∋⊤∈⋈⊞⊤∈⊞⋈∋∋⊤∈⋈⊞⊤∈⊞⋈∋∋⋈⊞⋈⋈⋈⋈⋈⊞⋈≺∋⋈⋈⋈⋈⋈⊙⊤∈⊞⋈≺⋈⋈⋈⊙⊤∈∋∋⋈⊞≺∋∋⋈⋈⊤∈∋∋⊞≺∋⊞⋈⋈⋈⋈⋈⋈⊣
0x6036090	⊢⋈⋈≻
0x60360a0	⊢⋈⋈⊞⋈⋈⊤∈⋈⊡∈⊤∈⊞∈∋⊞∋⋈⋈⊞⊤⊥⋈⋈⊥⋈⋈⋈⋈⊞≺∋⋈⋈⊤∈⊤∈⊤∈⋈⋈⋈⋈⋈⋈⋈⋈⋈⋈⋈⋈⋈⋈⋈≺⊤⊥⊤⊥⊞∈⊤⊥∋⋈⊤∈⊤∈⊡∈⊤∈⊞∈∋∋⊞∋⊤∈∋∈⋈≻∋⋈⊤∈⋈⊞⋈⊞⊤∈⊞⊞⋈≺⋈⊞⊞⊞⊤∈⊞⊞⋈⋈⊞⊞⊞⊞⊞⊞⊤∈∋≺∋∋⋈⋈⊤∈⋈⊤∈⊤⋈⊞⋈⋈≺∋∋∋⊞⋈⋈⋈⋈⋈⋈⋈⋈⋈⋈⋈⋈⋈⋈⋈⋈⋈⋈⋈⋈⋈⋈∋∈⋈⋈≻∋⋈∋⋈⋈⋈⋈⋈⋈⋈⋈⋈⋈⋈⋈⋈≺∋
0x6036600	⊢⋈⋈≻
0x6036660	⊢⋈⋈⊞⋈⋈⋈⋈⋈⋈⋈⋈≻
0x6035130	⊢⋈⋈⋈⋈⋈≻
0x60366a0	⊢⋈⋈⊞⋈⋈⋈⋈⋈⋈⋈⋈⋈⋈⋈⋈⋈⋈⋈≻
0x6036700	⊢⋈⋈⋈⋈⊞≻
0x6036763	⊢⋈⋈≻
0x603485d	⊢⋈⋈⊞⋈⋈⋈⋈⋈⋈⋈⋈⋈⋈⋈≻
0x6036720	⊢⋈⋈⊞⋈⋈⋈⋈⋈⋈⋈⋈≻
0x6033b43	⊢⋈⋈⊞⋈⋈⋈⋈⋈⋈⋈⊤∈⋈⋈⋈⋈⋈⋈⋈⋈⋈⋈⋈⋈⋈⋈≻∋⋈⋈⋈⋈⋈⋈⋈⋈⋈⋈⋈⋈⋈⋈⋈⋈⋈⋈⋈⋈≻
0x6036753	⊢⋈⋈⋈≻
0x6036770	⊢⋈⋈⋈⋈⋈⋈≻
0x6035250	⊢⋈⋈⋈≻
0x6033c70	⊢⋈⋈⊞⋈⋈⋈⋈⋈⋈⋈≻
0x60a7e40	⊢⋈⋈⋈⋈⋈⋈⋈⊞⊞⊞⋈⊞⋈⋈⊞⋈⊤∈⊞≺⋈⋈⋈⊞⋈⋈⊞⋈⋈⋈⊤⋈⋈∈⋈⋈⋈⊞⋈⊞⋈⊞⋈⋈⋈⋈⋈⋈⋈⊞⋈⋈⋈⋈⋈⋈⋈⋈⋈⋈≺∋⊞⊞⊞⋈⋈⊞⋈⊤⋈∈⊞⋈⋈⊞⋈⋈∋⊞⋈⋈⊞⊞⋈⊞⊞⋈⊞⊞⋈⊞⋈⊞⊞⊞⊞⋈⊞⊞⊞⋈⊞⋈⊞⋈⊞⊞⊞⋈⊞⊞⊞⋈⋈⊞⋈⊞⋈⊞⊞⊞⋈⊞⊞⋈⋈⊞⊞⋈⊞⋈⊞⊞⊞⋈⊞⊞⊞⊞⊞⊞⋈⊞⊞⊞⊞⊞⊞⊞⊞⊞⋈⊞⊞⊞⋈⊞⊞⊞⋈⊞⊞⊞⊞⊞⋈⊞⋈⋈⊞⊤⊥⊤∈⋈⊞⋈⊞⋈⋈⊞⊞⊞⋈⊞∋⋈⋈⊞⊞⊞⋈⊞⋈⊞⊞∈⋈⋈⊞⊞⊞∈∋⋈⊞⊞⋈⊞⊞⊞⊞⊞⊞∋⋈⊞⊤∈⋈≻⋈⋈⊞⊞⊤∈⋈⋈⋈⊤∈⋈⊞⋈⊞⊤∈⋈⋈⋈⊞⋈⋈⊞⊤⊥⊥⋈⊞⊞⊞⊞⊞⊞⋈∋⋈⋈⊞⋈⊞⋈⊞⊞⊞⊞⊞⋈⊞⊞⊞⋈⊞⊞⊞⋈⊞⊞⊞⋈⋈⊞⊞⋈⊞⊞⋈⊞⊞⊞⋈⊞⊞⊞⊞⊞⊞⊞⊞∈⋈⋈⊞⋈⊞⊞⋈⋈⊞⊞⊞⋈⊞⊞⊞⋈⊞⊞⊞⋈⊞⊞⊞⋈⊞⊞⊞⊞⋈⊞⊤⊥⋈⋈⊞⊞⋈⊞⊞⊞⊞⊞⋈⋈⊞⊞⊞⊞⋈⊞⊞⋈⋈⊞⊞⊞⊞⊞⊞⊞∋⋈⋈⊤∈∋⋈⋈⊞⊞⊞⊞⊞⋈⊞⊞⊞⋈⊞⊞⊞⊞⊤∈⋈⋈⋈⊞⋈⋈⋈⊞⊞⋈⊞⊞⊞⊞⊞⊞⊞≺∋∋∋⋈⊤⊥⊤⊥⊞⋈⊞⊤⊥⊤∈⋈⊞⋈⊞⋈⊤⋈⋈⊥⊞∋∋⋈⊞⋈⊞⊞⋈⊞⋈⊞⊞⊥⋈∋⊞⋈⋈⋈⊞⋈⋈⋈⋈⋈⋈⊣
0x60a6ac0	⊢⋈⋈⋈⋈⊙⋈⊞⊡∈⊤∈⋈≻⋈⊞∈⊙≺∋⊞⋈⋈⊣
0x60a0850	⊢⋈⋈⋈⋈⋈⊞⋈⊤∈⋈⊞⋈⋈⋈⋈≺⋈⋈⋈⊙⋈⊞⋈⋈⋈≻⊤∈⋈⋈⋈⋈⊞≻⊤∈⋈⋈⋈⊙⊞⋈⋈⋈⋈⋈⋈⋈⋈⋈⋈⋈⊙⊤∈⊙⋈⊞⊞≺⋈⋈⋈⊙⋈≺⋈∋⋈⋈≺∋∋⊞⋈⋈⋈⋈⊣
0x60a79e0	⊢⋈⋈⊤∈⋈⊞⊙⊙≺∋⊞⋈⊣
0x607de90	⊢⊤⊥⊣
0x6030667	⊢⋈⋈⋈⋈⋈⋈⊞⋈⋈⋈⋈⋈≻⊤⋈⊥⊤∈⋈⋈⋈≻⋈⊤⊥⊞⋈⋈⋈⋈⊙⊤∈⋈⋈≻⋈⋈⋈⋈⋈⋈⋈⋈⋈≻⊤⊥⋈⋈⋈≻⊤∈⋈⋈⋈⋈⋈⋈⋈⋈⋈≻⊤∈⋈≻∋⋈⋈⊙⊤∈∋⋈⋈≻⋈⋈⋈⋈⋈⋈⋈⋈⊙⊤∈⋈⋈≻⋈⊞⋈⋈⋈⋈⊙⊤∈∋⋈⋈≻⋈⋈⋈⋈⋈⋈⋈⋈⋈⋈⊞≻⋈⊞≻⋈⋈⋈⋈⋈≻⊤∈⋈⋈⋈⋈⋈⋈⋈⋈⋈≻⊤∈⋈≻∋⋈⋈≻⋈⋈⊙⊤∈∋⋈⋈≻⋈⋈⋈⋈⋈⋈⋈⋈⋈⋈≻⊤⊥⋈⋈⋈≻⊤∈⋈⋈⋈⋈⋈⋈⋈⋈⋈≻⊤∈⋈≻∋⋈⋈⊙⊤∈∋⋈⋈≻⋈⋈⋈⋈⋈⋈⋈⋈⋈≻⊤⊥⋈⋈⋈≻⊤∈∋∋∋⋈⋈⋈⋈⋈⋈⋈≻⋈⋈⋈⋈⋈⋈⋈⋈⋈≻⊤∈⋈≻∋⋈⋈⋈⋈⋈⋈⋈⋈⋈⋈⋈⋈⋈⋈⋈⋈⋈⋈⋈⋈⋈≻⊤∈⋈≻∋⋈⋈⋈⋈⋈⋈⋈⋈⋈≻⋈⋈⋈⋈⊤∈⋈⋈⋈⋈⊤∈⊞⊞⋈⋈⋈⊞⋈⊤∈∋⋈⋈⊙⊤∈∋⋈⋈≻⋈⋈⋈⋈⋈⋈⋈≺⊞⋈⋈⋈⋈⋈⊤∈⋈⋈⋈≻∋⊤∈∋⋈⋈⊞≻≺∋⋈⋈⋈⋈⋈⋈⋈⋈⋈⋈⊞⋈⋈⋈⋈⋈⋈≻⊤⊥⊤⋈⋈⊥∈⊤∈⋈⋈⋈⋈≻⊤∈⋈⋈⋈⋈⊙⋈⋈⋈⋈⋈⊞⋈⋈⊞∋⋈⋈⊤∈⋈⊞⋈⋈⋈⊞⊞⋈⋈⋈⋈⋈⋈⋈∈⋈⋈≻⊤⊥⋈⋈⋈⋈≻⋈⋈⋈⊤∈⋈⋈⋈⋈⋈⋈⋈⋈≺⋈⋈⊞∈⊤∈⋈⋈⋈⋈⋈≻⊤⊥⋈⋈≻⋈⋈⋈⋈⋈⊤∈∋⋈⋈⋈⋈⋈⋈⋈⋈≺⋈⊤∈⋈≻⋈⋈⋈∋⋈⊞⋈⋈⋈⋈⋈⋈⋈⋈⋈⊞⋈⋈⋈⋈⊤⋈⋈⋈∈∋⋈⋈⋈⋈≺∋⋈⋈⋈⋈⋈⋈⋈⋈≻⋈≻≺⊤⋈∈∋≺⋈⋈⋈⋈⋈≺⊞⋈⋈⋈⋈⋈⋈⋈⋈⋈⋈≻⋈⋈⋈⊤∈⋈⋈⊞⊞⋈⊤∈⋈⋈⋈⋈⊞⋈⋈⊞⋈⋈∈⋈⋈⋈⊤∈⋈⋈⋈⋈⋈⋈⋈⋈⊞⋈⊤∈⋈⋈⋈⋈⋈≻⋈⋈⋈≺∋⊞⊞⊞⋈⊙⊞⋈⋈⋈⋈⋈≻⋈⊞⋈⊥∈⊞⋈⋈⋈⊞⋈⋈⋈≻⊤∈⋈≺∋⋈≻∋⋈⋈⋈⊙⊤∈∋⋈⋈≻⋈⋈⋈⋈⊤∈⋈⋈⊙⊤∈⋈⋈≻⋈⋈⋈⋈⋈⋈⋈⋈⋈⊞⊤⋈∈⊤∈⋈≺⋈⊤∈⋈⋈⊞⊥⊞⊤⊥⊞∈⊞∈⋈⋈≻∋⊤∈⋈⊞⋈⋈⋈≻⊤∈∋⋈⋈≺∋⋈⋈⋈⊙⋈⋈≺⋈≺∋∋∋⋈⋈⋈⊞⋈⋈⋈⋈⋈⋈⊣⋈⋈⋈⋈⋈⋈⋈⋈⊞⋈⋈⊣⋈⋈⋈⋈⊞⋈⋈≺⋈⋈⋈⋈⋈⋈⋈⋈⋈⋈⋈⋈⋈∋⋈⋈⋈⋈⋈≻∋⋈≺∋⋈⋈≻⋈⋈⋈⋈≻⋈⊤∈⋈⋈⊞⊞⊤∈⋈⊞⊙∋∋⊤∈⋈∈⋈≻⊞⊞∈∋∋⋈⋈⋈⋈≻⋈∋⋈⋈⋈≻⋈⋈⋈⋈≻∋∋⋈≻≺⋈⋈⋈⋈⊞⊞∈⋈⋈⊞⋈⊞∈∋≺∋⋈⋈⋈⋈⋈⋈⋈⋈⋈⋈⋈⊤⋈∈⋈≻⋈⋈∋⋈⊞⋈⋈⋈⋈⋈⋈⋈⊞⋈⋈⋈⋈⊤∈∋≺⋈∋⋈⋈∋⊞⊞⋈⊞≻⋈⋈⋈⋈≻⋈⋈⋈⋈⋈⋈⋈⋈⋈⋈⋈⋈⋈⋈⋈⋈⋈⋈⋈⋈⋈⋈⋈⊞≻⋈⋈⋈⊞≻⋈⋈⋈⊞≻≺∋∋⊞⋈⋈⋈⋈⋈⋈⊣
0x606cb52	⊢⊤⋈⊥⊤∈⊞⊞∈⋈⊞⊡⋈⊥⊤∈∋⊤∈⋈⊞∈⊤∈⊞⊡⋈⊥∈∋∋∋⊞⊞∈⊤∈⊤⋈∈∋∋⋈⋈⋈⋈≻∋⊣
0x60681d3	⊢⋈⋈⋈⊞⋈⊤∈⊞⊞⊤⊥⋈≺⋈⊤∈⋈⋈⊞⊤∈⊞⊤∈⋈⊤∈⋈⋈⊤∈⋈⋈≺∋⋈⊞⊞∈⋈⊡⋈⊞⋈⋈⊞⋈⋈⊤∈∋⊤∈⋈⊤∈⋈⊤∈⋈≻∋⋈⋈⊞⋈≺⊤∈⋈⋈≺⋈⋈⊙⊤∈⋈⋈≻⋈⋈⋈⋈⋈⋈⊞⋈⋈⋈⋈⋈⊞⊞⊞⋈⋈⊞≻⊤∈⋈⋈≺⊤∈⋈⊞⋈⋈≺∋∋⋈⋈⋈⋈⋈≻⋈⊤∈⋈⋈⊤⋈∈⊞≺⊤∈⋈⊞⋈∈⊤∈⊞⋈⊞⊤⋈∈∋⊤∈∋⋈⋈≺∋∋∋⋈⊞⊤∈⊤∈⋈⋈⋈≻⋈⋈⋈≺⊤∈⊞⋈⋈≻⋈⋈≻⋈⋈⋈≺⊤⋈∈⊤∈⋈≺∋∋∋∋∋∋⋈⋈⋈⋈⋈⋈⊞⋈⋈⋈⋈⋈⋈⊣⋈⋈⋈⋈⋈⋈≺⋈⋈⋈⋈⋈⊤∈⋈⋈⊤∈⊤∈⋈∋⊤∈⋈≺∋⊤∈∋⋈⊞⋈⋈⋈⋈⋈⋈⊞≻≺∋⊤∈⋈⋈⋈⋈≻≺∋∋⋈⋈⋈⋈⋈⋈∋∋∋∋∋∋∋∋⊞⋈⋈⋈⊣
0x606a335	⊢⋈⋈⋈⋈⋈⊞⋈⋈⊤∈⋈⋈⋈⋈⋈⊤∈⋈⊤∈⋈⋈⋈≻⊤∈⋈⋈≻⋈⋈⋈⋈⋈⋈⊞⋈⋈⋈⊤∈⋈⋈⊤∈⊤∈⊤∈⊤∈∋⋈⋈⋈⊞∈⋈⋈⋈⋈≺⋈⋈⊤∈⋈⋈⋈≺∋⋈⋈⋈⋈≻⋈⋈⋈≺⋈⊞⊤⋈∈⊤∈⋈≺⋈⊤∈⋈⋈⊞⊥⊞⊤⊥⊞∈⊤∈⋈⋈⋈⋈≻⊤∈⋈⋈⋈≺⊞∋⋈≺⋈⋈≺⋈≺⋈⋈⊞⊤⋈∈⊤∈⋈≺⋈⊤∈⋈⋈⊞⊥⊞⊤⊥⊞∈⊤∈⋈⊞⋈⋈⋈⋈≻⊤∈⋈⋈⋈≺∋⋈⋈⊙⊞∋⋈∈⋈≻∋⋈⊞⊞∋∋⋈⊤∈⋈⋈⋈⋈≺⋈⋈⊤∈⋈⊞⊞⋈⋈⋈≺∋∋⊤⊥⊞⊤∈⊞∈⊤∈⊞⊤⊥⊞⋈⊤⋈∈∋⊥⊞≺∋∋⊤∈⋈⋈⋈⋈≺⋈⊤∈⋈⊤∈⊤∈⋈≺⊤∈⋈⋈⊞⊥⊞⊤⊥⊞∈⊤∈⋈⋈⋈⋈≻⋈⊤∈⋈⋈≺∋⋈⋈⋈⊙⋈⊞∋∋⋈≻∋⋈⊞∋⋈⋈⊙∋∋∋⋈⋈⋈⋈⋈⋈≺∋∋∋⋈⋈⋈⋈⋈⋈≻⋈⋈⋈⋈⋈⋈⋈⊤∈⊤∈⋈≺⊤∈⋈⋈⊞⊥⊞⊤⊥⊞∈⊤∈⋈⋈⋈⋈⋈≻⊤∈⋈≺∋⋈⋈⋈⋈⊙⋈⋈⊞∋⋈≺∋⋈⋈⋈≺∋∋∋⋈⋈⋈⋈⋈⋈≻⋈⋈⋈⋈⋈⋈≺∋⋈∋≻⋈⋈≺⋈≺∋∋∋⋈⋈⋈≺∋⋈≺∋∋⊞⋈⋈⋈⋈⋈⋈⊣⋈⋈⋈⋈⊙⋈⋈⋈⊤∈⋈∈⊤∈⊞⋈⊞⊤⋈∈∋⊤∈≺∋⋈⋈⊞⊤∈⊤∈⋈⋈⋈⋈⋈≻⋈⋈⋈⋈≺⊤∈⊞⋈⋈≻⋈⋈⋈⊞∈⊤∈≺⋈⋈⋈⋈≻⋈⋈⋈≺∋∋∋⊤∈⋈⋈⋈⋈⋈⋈⋈⋈⊞⋈⋈⋈⋈⋈≺∋∋∋⋈⋈⋈⋈⋈⋈⋈⋈⋈≺∋⋈∋∋⋈⋈⋈⋈≺∋⊞⋈⋈⋈⋈⋈⊣
0x606856f	⊢⋈⋈⋈⋈⋈⋈⊞⋈⋈⋈⋈∈⊤∈⊞≺⊤∈⋈⊞⊞∈⊤∈⋈⊞∈⋈≺⋈⊞⋈⋈⋈⊤∈⋈⊞⊞≺∋⋈≺∋∋⊤∈⊞≺⊤∈⋈⊞⊞∈⊤∈⋈⊞∈⋈⋈⊞⋈⋈⋈⊤∈⋈⊞⊞≺∋⋈≺∋∋⊤∈⋈⋈⋈⋈⋈⋈≺∋⊤∈⊤∈⋈⊞⋈⋈⋈⊞⋈⋈∈⋈⊞∈⋈⊤∈⊤∈⋈⋈≺⊤∈⊞⋈⋈⊞⊞⊞∈⋈⊡⊞⊞⊞⋈⋈⊞⊞⋈⊤∈∋⋈⋈⋈≺∋⊤∈⋈⋈⋈⊡∈⋈⋈∈⊤∈⊞⊡⋈⊥∈∋∋∋⊞⊞⊞⊞⊤∈≺∋⋈⊤∈⊤⋈⋈⋈∈⋈⋈⊞⋈⊞⊞⊤⋈⊥⋈⊞⊤⊥⋈⊞⊤⊥⋈⋈⋈⋈≻⋈⋈⋈⊞⋈∈⋈⊞⋈⋈≻⋈⋈⊞⋈⋈≻⊤∈⋈⋈⋈⋈≻⋈⋈⋈⊞∈⋈⋈⋈⋈≻⋈⋈⋈⋈≻⋈⋈⋈⋈⋈≻⋈⋈⋈⋈≻⋈⋈⋈≻⋈⋈⋈≻⋈⋈⋈⊤∈⋈⊤∈⊤∈⋈⊤∈⋈⊤∈∋⊞≺≺∋∋∋∋⋈⋈⋈⋈≻⋈⋈⋈≻⋈⊤∈⋈⊤∈⋈⊤∈⊤∈⊤∈∋⊞⋈≺∋∋∋∋⋈⋈⋈⋈≻⋈⋈⋈≻⋈⋈⋈⋈⋈⋈⋈⋈⋈⋈⋈⋈⋈⋈≻⋈⋈⋈⋈⋈⋈⋈⋈⋈⋈⋈⋈≻⋈⋈⋈⋈⋈⋈⋈⊤∈⋈⊤∈⋈⊤∈⊤∈⊤∈∋⊞⋈≺∋∋∋∋⋈⋈⋈⋈≻⋈⋈⋈≻⋈⊤∈⋈⊤∈⋈⊤∈⊤∈⊤∈∋⊞⋈≺∋∋∋∋⋈⋈⋈⋈⋈⋈≻⋈⋈⋈≻⋈⋈⋈⋈⋈⋈⋈⋈⋈⋈⋈⋈⋈≻⋈⋈⋈⋈⋈⋈⋈⋈≻⋈⋈⋈⋈⋈⋈⋈⋈≻⋈⋈⋈⋈⋈⋈⋈⋈⋈≻⋈⋈⋈⋈⋈⋈⋈⋈⋈⋈⋈⋈⋈≻⋈⋈⋈⋈⋈⋈⋈⋈≻⋈⋈⋈⋈⋈⋈⋈⋈≻⋈⋈⋈⋈⋈⋈⋈≻⋈⋈⋈⋈⋈⋈⊤∈⋈⊤∈⋈⊤∈⊤∈⊤∈∋⊞⋈≺∋∋∋∋⋈⋈⋈⋈⋈≻⋈⋈⋈⋈≻⋈⋈⋈⋈⋈≻⋈⋈⋈⋈⋈⋈⋈⋈⋈≻⋈⋈⋈⋈⋈⋈⋈≻⋈⋈⋈⋈⋈⋈⋈≻⋈≻⋈⋈⋈⋈⊤⋈⊥⋈⊞⊤∈⊤⋈⊥⊤∈⊤⋈⊥⊤∈∋⋈⋈⊞⋈≻≺∋⊤∈⋈⋈⋈⋈⋈≻≺∋∋⊤∈⋈≻∋⋈⋈⋈⋈⋈⋈⋈⋈≻⋈⋈⋈⋈⋈⋈⋈⋈≻⋈⋈⋈⋈⋈⊤∈⋈⊤∈⊤∈⊤∈⊤∈∋⋈⋈⋈⋈⋈⋈⋈≻⋈⋈⋈⋈⋈⋈≺∋⋈⊤∈⋈⋈≺⊤∈⋈⊞⋈⋈≺∋∋⋈⋈⊤∈⋈⋈≺⊤∈⋈⊞⋈⋈≺∋∋⊤⊥⊞⊤∈⊞∈⊤∈⊞⊤⊥⊞⋈⊤⋈∈∋⊥⊞≺∋∋⊤∈⋈⋈⋈⋈≺⋈⊤∈⋈⊞⋈⋈⋈⋈⋈⋈⋈≻⋈⋈⋈⋈⋈⋈∋⋈⋈⋈⋈⋈⋈⋈⋈⋈≻⋈⋈⋈≺∋≻⋈⊞⋈⋈⋈⋈⋈⋈⋈⋈⋈≺∋⋈≺⋈⋈⋈⊤∈⊤∈⋈≺⋈⊤∈⋈⋈⊞⊥⋈⊞⊤⊥⊞∈⊤∈⋈⊞⋈⋈⋈⋈⋈≻⋈⊤∈⋈⋈⋈≺∋⋈⊙⋈⋈≺⋈≺∋∋∋⋈⋈⋈⋈⋈∋⋈⊤⋈∈⋈⋈⋈≻∋∋⋈≻⋈⋈⋈⊤⋈⊥⋈⊤∈⊤⊥⊤∈⊤⊥⊤∈∋⋈⋈⊞⋈≻⋈≺∋⊤⋈∈⋈⋈⋈⋈⋈≻≺∋∋⊤∈⋈≻∋⋈⋈⋈⋈⋈⋈⋈≻⋈⊤∈⊤∈⊤∈∋⋈⋈⋈⋈⋈⊞⋈≻∋⋈⋈≻≺∋⋈⋈⋈⋈⋈≻⋈⋈⋈⋈≻⋈⋈⋈⋈⋈≻⋈⋈⋈⋈⋈⊤∈⋈⊤∈⊤∈⊤∈⊤∈∋⋈⊤∈⋈⋈≺⊤∈⋈⊞⋈⋈≺∋∋⊤∈⋈⋈≺⊤∈⋈⊞⋈⋈≺∋∋⊤⊥⊞⊤∈⊞∈⊤∈⊞⊤⊥⊞⋈⊤⋈∈∋⊥⊞≺∋∋⊤∈⋈⋈⋈⋈≺⋈⊤∈⋈⋈⋈⋈⋈⋈⋈⋈≻⋈⋈⋈≺⋈⋈⋈⋈⋈⋈⋈≻∋⋈⋈⋈⋈⋈⋈⋈≻≺∋⋈⋈⋈⋈⋈⋈⋈∋≻⋈⋈≺⋈⊤∈⊤∈⋈⋈≺⋈⊤∈⋈⋈⊞⊥⋈⊤⊥⊞∈∋⊞∋∈⋈⋈≻∋⊤∈⋈⊞⋈⋈⋈⋈⋈≻⋈⊤∈∋⋈⋈⋈≺∋⋈⊙⋈⋈⋈≺⋈⋈≺∋∋∋⋈⋈⋈⋈⋈⋈∋⊤⋈⋈∈⋈⋈⋈≻⋈⋈⋈⋈⋈≺∋∋∋⋈⋈⋈⋈⋈⊤∈⋈⋈⋈≻∋⋈⋈⋈⋈⋈⋈⋈⋈≻⋈⋈⋈⋈⋈⋈⋈⋈⋈⋈⋈⋈⋈∈⋈⊞⋈⋈⊤∈⊞⋈⊞∈⋈≺⊤∈⋈⋈⋈≺⊤⋈∈⋈⊞⊞⋈⋈≺∋∋⋈≻≺⊤∈⊞⋈⊞∈⋈≺⊤∈⋈⋈⋈≺⊤⋈∈⋈⊞⊞⋈⋈≺∋∋⋈≻∋∋⊞⊤∈∋⋈⊤∈⋈⋈⋈≻∋⋈⊤∈⋈⋈⋈≻∋⋈⊤∈⋈⋈⋈≻∋⋈⊤∈⋈⋈⋈≻∋⋈⊤∈⋈⋈⊞⊞∈⋈⊞⋈⋈⊞⋈⋈⋈⋈⊞⊞⋈⋈⊞⋈≻⋈⋈⋈⋈⊞⊤∈⋈⋈≺⊤∈⋈⊞⋈⋈≺∋∋⋈⋈⋈⋈⋈≻⋈⊤⋈∈⋈⋈⊤∈⊞⋈≺⊤⋈∈⋈⊞⋈∈⊤∈⊞⋈⋈⊞⊤⋈∈∋⊤⋈∈∋⋈⋈≺∋∋∋⋈⊞⊤∈⊤∈⋈⋈⋈≻⋈⋈⋈⋈⋈⋈≺⊤∈⊞⋈⋈≻⋈⋈≻⋈⋈⋈≺∋⋈⊤⋈∈⊤∈⋈≺∋∋∋∋∋⋈⋈⊞∈⋈≺⋈⋈⋈⊤⋈⊥⊤∈⋈⋈⋈≺∋⋈⋈≻⊞⋈⊞∈⋈⋈∋⋈⋈≻∋⋈⋈⋈⋈⋈⋈≻⋈⋈⋈⋈⊤⋈⋈⋈⊥⊤∈⋈⋈⋈⋈⋈≺∋≻⊞⋈⋈⊤⊥⋈⋈⋈≻⋈⊤⋈⊥⊤⋈∈⋈⋈⋈≺∋⋈⋈⋈⋈≻⋈⊤⋈⋈∈⋈⋈⊤⋈⋈∈⊞≺⊤∈⋈⊞⋈∈⊤∈⊞⋈⋈⊞⊤⋈∈∋⊤⋈∈∋⋈⋈≺∋∋∋⋈⊞⊤∈⊤∈⋈⋈⋈⋈≻⋈⋈⋈⋈⋈⋈⋈≺⊤∈⊞⋈⋈⋈≻⋈⊤⋈∈⋈⋈⋈≺⋈⋈⋈⋈≻⋈⋈⋈⊞≺∋⋈⋈⊤⋈⋈∈⊤∈⋈⊞≺∋∋∋∋⊤⋈⊥∋∋⋈⋈⋈≻⋈⊤⋈⊥⊤∈⋈⋈⋈≺∋⋈⋈≻⋈⋈⋈⋈⋈⋈⋈≻⋈⋈⋈⋈⋈⋈⋈⋈⋈⋈⋈≻⋈⋈⋈⋈⋈⊤⋈∈⊤∈⊤∈⊤∈⊤∈∋⊞⋈⋈⊤⊥⋈⋈⋈≻⋈⊤⋈⋈⊥⋈⊤⋈∈⋈⋈⋈≺∋⊤∈⋈⋈≺⊤∈⋈⊞⋈⋈≺∋∋⊤∈⋈⋈≺⊤∈⋈⊞⋈⋈≺∋∋≻⋈⊤∈⋈⋈⊤∈⊞≺⊤∈⋈⊞⋈∈⊤∈⋈⊞⊤⋈∈∋⊤∈≺⋈⊤∈⊤∈⋈≺∋⊤∈⋈⋈≺⊤∈⋈⊞⋈⋈≺∋∋⊤∈⋈⋈≺⊤∈⋈⊞⋈⋈≺∋∋⋈⋈≻≺⋈⊞⋈⋈⋈⋈⋈⋈⋈⋈⋈⋈⋈≻⋈⊞∈⋈⋈⋈⋈≻∋⋈≺∋∋∋∋⋈⋈≻∋⋈⋈⋈⋈≻∋⋈⊞⋈⊞≻∋⋈⋈⋈⋈≻∋⋈⋈≺∋∋⋈≻∋⊞∋⋈⋈∋∋∋⋈⊞⊤∈⊤∈⋈⋈⋈⋈≻⋈⋈⋈⋈⋈⋈≺⊤∈⊞⋈⋈⋈≻⋈⊤⋈∈⋈⋈≺⋈≺⋈⋈⋈≻⋈⋈⋈∋⊞∋∋∋∋⊤⋈⊥∋∋⋈⋈⋈≻∋∋∋⋈⊤∈⋈⋈⋈≻∋⋈⊤∈⋈⋈⋈≻∋⋈⊤∈⋈≺∋⋈⋈≻∋∋∋∋∋∋⊞⋈⋈⋈⋈⋈⋈⊣⊞⋈⋈⋈⊞⋈⋈≺∋
0x606c6f1	⊢⋈⋈⋈⋈⋈⋈⊞⋈⋈⋈⋈⊤⊥⋈⊞⊥⊞∈⊤∈⋈⋈∈⊤∈⊞⋈⊞⊤⋈∈∋⊤∈⋈≺∋∋∋⋈⊞∈⊤∈⋈⋈∈⊤∈⊞⋈⊞⊤⋈∈∋⊤∈⋈⊞⋈≻∋⋈⊞⋈≻⋈≺∋∋∋⊤⊥⊞⊤∈⋈∈⊤∈⊞⊤⊥⊞⋈⊤⋈∈∋⊥⊞≺∋∋⊤∈⋈⋈⋈⋈≺⋈⋈⊤∈⋈⋈⊞⊥⊤⊥⊞∈⋈⋈⊞⊥⊤⊥⊞∈∋⊞⋈⊤∈⋈⋈⋈⋈≻⋈⋈⋈⊤∈∋∈⋈≻∋⋈⊤∈⋈⋈⋈⋈≻⋈⋈⋈⊤∈∋≺∋⋈⋈⋈⊙⋈⋈⋈⋈≻⋈⋈⋈⋈⊤∈⊞≺⊤∈⋈∈⊤∈⊞⋈⊞⊤⋈∈∋⊤∈∋⋈⋈≺∋∋∋⋈⊞⊤∈⊤∈⋈⋈⋈⋈≻⋈⊞⋈⋈⋈≺⊤∈⊞⋈⋈≻⋈⋈⋈≻⋈⋈⋈≺∋∋∋⋈⋈⋈⋈⋈⋈⋈⋈≺∋⋈⋈⋈⊙⋈⋈⋈⋈≻⋈⋈⋈⋈⊤∈⊞≺⊤∈⋈∈⊤∈⊞⋈⊞⊤⋈∈∋⊤∈∋⋈⋈≺∋∋∋⋈⊞⊤∈⊤∈⋈⋈⋈⋈≻⋈⊞⋈⋈⋈≺⊤∈⊞⋈⋈≻⋈⋈⋈≻⋈⋈⋈≺∋∋∋⋈⋈⋈⋈⋈⋈⋈⋈≺∋∋⊞⋈⋈⋈⋈⋈⋈⊣
0x606c2a9	⊢⋈⋈⋈⋈⋈⋈⊞⋈⋈⋈⋈⋈⊤∈⋈⋈⋈⊤∈⋈⋈⋈⋈⋈≻≺∋⋈⋈⋈⋈⋈⋈⊤∈⋈⋈⋈⋈⋈⋈≺⋈⋈⋈⊤∈⋈∋⊤⋈∈⋈⋈≺∋⋈⊞⊞⋈⋈⊞⊥⋈⊤⊥⊞∈⊞∈⋈⋈≻∋⋈⋈⋈⋈≻⊤∈∋⋈⋈⋈⋈⋈⊞≻⊤∈⋈⋈⋈⋈≺⊤⋈⋈∈⋈⊞⊞⋈⋈≺∋∋⋈⋈⋈≻⋈⋈⋈⋈⋈⊤∈⋈⋈⋈⋈⋈⊞⊤∈≺∋⊤∈⋈⋈≺⊤∈⋈⊞⋈⋈≺∋∋⋈⊞⊤∈⋈⋈⋈≻∈⊞⋈⊞⋈⋈⊞⊞∈⋈⋈⋈⋈⊞⋈⊞⊞⋈⊞⊤∈∋⊤∈⋈⊤∈⋈⊤∈⋈≻∋⋈⋈⊞⋈≺⊤∈⋈⋈⋈⋈⊙⊤∈∋⋈⋈≻⋈⋈⋈⋈⋈⋈≺∋∋∋∋⊤⊥⋈⋈⋈⋈⋈⋈⋈⊞⊤⊥⊞∈∋⋈⋈⋈≻∋∋∋⊞⋈⋈⋈⋈⋈⋈⊣
0x606bd90	⊢⋈⋈⋈⋈⋈⋈⊞⋈⋈⋈⋈⋈⊤⋈⊥⋈⊞⊤∈⋈⋈≺∋⊤∈⊤∈⊞⊤∈⋈⊞∋⋈⋈⋈≺⋈⋈⋈≺⊤∈⋈⋈⋈⋈⋈⊤∈⋈⋈⊞∈⋈⋈⊤∈⊤∈⋈⋈⋈⊙≺⊤∈⊤∈⋈≺⊤∈⋈⋈≺⊤∈⋈⊞⊞⋈⋈≺∋∋⋈⊞∈⋈⋈⋈≻∋⋈⋈⋈≻∋⋈⊞⋈⋈≻⋈⋈⋈⋈⋈⋈⊞∈⋈⊤∈⊤∈⋈≻∋⋈⋈⋈⋈⊤∈⋈⋈⋈≺⋈⋈≺∋⊡∈⋈⊞⋈⋈∈⊤∈⋈⋈⊤∈⋈⊤∈⋈≻∋⋈⋈⊞⋈≺⊤∈⋈⋈⋈⋈⊙⊤∈⋈⋈≻⋈⋈⋈⋈⋈≺∋⋈≺⊞⊡⋈⊥∈∋≺∋∋∋∋∋⋈⋈⋈⊣⋈⊤∈⋈⋈⋈⋈≺⊤∈⋈⋈⊞⊥⋈⊤⊥⊞∈⊤∈⋈⋈⋈⋈≻⋈⋈⊤∈≺∋⋈⋈⋈⋈⊙⋈⋈⋈⋈⋈≺⊞∋⋈≻∋⊤∈∋⊞∋⋈≺∋⋈⊞⊤∈⊤∈⋈⋈⋈⋈⋈≻⋈⋈⋈≺⊤∈⊞⋈⋈≻⋈⋈⋈⋈≻⋈⋈⋈≺∋∋∋∋∋⋈⋈⋈⋈⋈⋈⋈⋈⋈≺∋∋∋⊤∈⊤∈⋈⊤∈⋈⊞⊤∈⊞⋈⋈≺∋⋈⊞⊞⋈⊞⋈⊞∈⋈⋈⋈⊞⋈⊞⊞⋈⋈⊞∈∋⊤∈⋈⊤∈⋈⊤∈⊞⋈≺⋈≺∋⋈⊤⊥⊤⊥⋈∋∋∋∋∋⋈⋈⋈⋈⋈⋈∋∋⊞⋈⋈⋈⋈⋈⋈⊣
0x606d3ac	⊢⋈⋈⋈⋈⋈⊞∈⋈⋈≺∋⊤∈⊤∈⊞∈⋈⋈⊤⊥⋈⊞⊥⊞∈⋈⊡⊞⊞⊞⊤∈∋⊞≺⊤∈⊞≺⋈⊡⊞⊞⊞⋈⋈≺∋⋈⊞⊞∈⋈⊞⋈⋈⊞⊤⋈⊥⊤∈⊤∈⋈⊞∋⋈⋈⊞⊞⊞∋⊤∈⋈⊞⋈⊞⊞⊤⊥⊞∋⊞⊞⊞∈∋⊞∈⊤∈⋈⊤∈∋⋈⊞⊞≻⋈⋈⋈⋈⋈⋈⊞⋈⋈⋈⋈⋈⊤⊥⋈⋈⋈⊞∈⊤∈∈⋈⋈⋈≻∋⊤∈∋∋⋈⋈⊤⋈⊥⋈⊤∈⊤∈⊤∈∋⊤⋈∈⋈⊤⋈∈⋈⊤∈⊞∋⊤∈⋈⋈≺⊤∈⋈⊞⊞⋈⋈≺∋∋⊤⋈⋈∈⋈⋈≺⊤∈⋈⊞⋈⋈≺∋∋⊤⊥⊞⊤∈⊞∈⊤∈⊞⊤⊥⊞⋈⊤⋈∈∋⊥⊞≺∋∋⊤∈⋈⋈⋈⋈⋈≺⋈⊤⋈∈⊤∈⋈⋈⋈⋈⋈⋈≻⋈≺∋⋈⋈⋈⋈⋈⋈⋈⋈⋈⋈⊞⊤∈≺⊤∈⋈⊤∈⋈⋈⊞⊤∈⊤∈∋∋⋈≻⋈≺∋⋈⋈⋈⊞⊞∈⋈≻⋈⊞⊤⋈∈⋈⊤⋈∈∋⋈⋈⊤∈⊤∈⋈∋⊤∈⋈≺∋⊤∈∋⊞⊞⊤⊥⊥⋈⋈⋈⋈⋈≻∋⊤∈⋈⋈⋈⋈⋈≻≺∋⋈≺∋⋈⋈⊤∈⋈⋈⊤∈⊤∈⋈∋⊤∈⋈≺∋⊤∈∋⊞⊞⊤⊥⊥⋈⋈⋈⋈⋈≻≺∋⊤∈⋈⋈⋈⋈⋈≻≺∋∋⋈⋈⋈⋈≻⋈⋈⋈⋈⋈⋈⋈⋈⋈⋈⋈⊤⋈⊥⊤∈⊤⊥⊤⋈∈⊤⊥⊤⋈∈∋⊞⊞⊤⊥⊥⋈⋈≻≺∋⊤∈⋈⋈⋈⋈⋈≻≺∋∋⋈⋈⋈⋈⋈⋈⋈⋈⋈⊤∈⋈⊞⋈≺∋⋈⊤∈⋈⋈⋈⋈⋈⋈⋈⋈≻≺∋⊤∈⋈⋈⋈⋈≻⋈⋈⋈⋈⋈⊞⊤⊥⋈⋈⋈⊞⋈⊤∈⋈≺∋⋈⋈≻⋈⋈⋈⋈⋈⋈⋈⊞⋈⊤∈⋈≺∋∋⋈⋈∋⋈⋈⋈∋⋈⋈⋈⊞⊤∈⋈⋈⋈⋈≻∋⊤∈∋∋∋∋∋∋⊞⋈⋈⋈⋈⋈⋈⊣⋈⋈⋈⋈≺∋⊞⋈⋈⋈⋈⋈⋈≺⊞≺∋⋈≺∋∋∋∋⊞⋈⋈⊣
0x6072eae	⊢⋈⋈⋈⋈⋈⋈⊞⋈⋈⊤∈⋈⋈⋈⊞⋈⋈⋈⋈⊞∈⋈⊤∈⋈⋈⊞⋈⋈⋈⋈⋈⋈⋈⋈⋈⋈≻⋈⋈⋈⋈⋈⋈⋈⋈⊤∈⋈⋈≺⊤∈⋈⊞⋈⋈≺∋∋⋈⋈⊤∈⋈⋈⋈⋈≺⋈⊤∈⋈⊞⊞⋈⋈⋈≺∋∋⊤∈⊞∈⊤∈⊞⊤∈⋈⊤⋈∈∋∋∈∋⋈⋈≺∋⋈⊤∈⋈⋈≺⊤∈⋈⊞⋈⋈≺∋∋⋈⊤∈⋈≺⊤∈⋈⊞⊞⋈⋈≺∋∋⊤∈⊞∈⊤∈⊞⊤∈⋈⊤⋈∈∋∋∈∋⋈⋈∋⋈≻∋⋈⋈⋈≻∋⊞⋈⋈⋈⋈⋈⋈⋈⋈⋈⋈⋈⋈≻⋈⋈⋈⋈⋈⋈⋈⋈⋈≻⋈⋈⊤∈≺⋈⊤∈⋈⋈⋈⋈⋈⋈∈⊤∈⊤⋈∈⋈⋈⋈⋈⋈⋈⋈≻⋈⋈⋈⋈⋈⋈⋈⋈⋈⋈∈⋈⊞⋈⊤∈⋈≻⋈≺∋⊞⋈⋈⊞⋈⋈⊞⋈⋈⊞∈∋≺⋈⋈⊤⋈∈∋⋈⊤⋈⋈∈≺∋∋⋈⊞⊞≻⋈⊤∈∋⊞⋈≺⋈⋈⋈⋈⋈⋈≺∋∋⋈⋈⊤∈⋈∈⋈⊞⋈⊤∈⋈⋈≻⋈≺∋⊞⋈⋈⋈⊞⋈⋈⊞⋈⊤⋈∈∋≺∋⋈⋈⋈⊤∈⋈⋈⋈≻⋈⋈∋⋈∋⋈⋈∈⊤∈⋈⋈⊤⊥⊞∈∋⋈⋈⋈≻∋∋⊞⋈⋈⋈⋈⋈⋈⊣⊤∈⋈≻≺∋⋈⋈⊞⋈≺∋
0x6068173	⊢⊤∈⋈⋈⋈⋈≻⊤∈⊞⊞∈⋈⊞⊡⋈⊥⊤∈∋⊤∈⊞⊞∈⊤∈⊞⊡⋈⊥∈∋∋∋∋⊣
0x606db11	⊢⋈⋈⋈⋈⋈⋈⊞⋈⋈⋈⋈⋈⊤⋈⊥⊞⊤⋈∈⋈⊤∈⊤∈⋈⊤∈⋈⋈⊞⋈⊞⋈⊞⋈⊤⊥⋈⋈⋈⋈⋈≻⊤∈⋈⋈⋈⋈⊙⋈⋈⋈⋈⋈⋈⋈≻⋈⋈⋈⋈⋈⋈⊤∈⋈⋈⋈⋈≺⋈⊤⋈∈⋈⊞⋈⋈≺∋∋⋈⋈⋈⋈⊤∈⋈∈⊤∈⋈⊤⋈∈∋∋∈∋⋈⊤⋈⋈⋈⋈⋈∈⊤∈⋈≺⋈⊤∈⋈⋈⊞⊥⋈⊤⊥⊞∈⊞∈⋈⋈≻∋⊤∈⋈⊞⋈⋈⋈⋈≻⊤∈∋⋈⋈⋈≺∋⋈⋈⊙⋈⋈⋈≺⋈≺∋∋∋⋈⋈⋈⋈⋈⋈⋈≻⊤∈⋈⋈⋈⋈⊙⋈⋈⋈⋈⋈⊞⋈⋈⋈⋈⋈⋈≻⋈⋈⊤∈⋈⋈⋈≻⋈∋⋈⊤∈⋈⋈⋈≻⋈⋈⋈⋈⋈⋈⋈⋈⋈⋈⋈⋈≻⊤∈⋈⋈⋈⋈⊙⋈⋈⋈⋈⋈⋈⋈⋈≻≺∋⋈∋⊞⊤∈⋈⋈⋈⋈≻≺∋∋∋⊤∈⋈⋈⋈⋈⋈⋈≻⋈≺∋⊤∈⋈⊤∈⊤∈⋈⋈⊤∈⋈⋈≺∋⋈⋈⋈⋈⊞⋈⋈⊞≻⊞⋈∈⋈⋈⋈⋈⋈⋈⊞⋈⊞⊤⊥⋈⋈⋈⋈⊞⋈⋈∈⋈⊤∈⋈⊞⊥⋈⋈⊞⊥⊞∈⋈⋈⊤∈⋈⋈⋈⋈⋈⊤∈⊞⋈⊞⊥∈⋈⋈⊞⋈⊞⋈≺∋∈⋈⊞⊤⋈⊞∈⊞⊞⊞∈∋∋∋⊞⋈⊞∈⋈⋈⋈⋈⋈≻∈⋈⊞∈⋈⊡⊞⊞⊥⊞⊞⊞⋈⋈⋈⊞⊤∈∋⊞⊤⋈∈⋈⊤⋈∈∋⋈⋈⋈⋈≻∋⊤∈∋⋈⋈⊞≻∋⋈⊤∈∋⋈≻≺∋⋈∋⋈≺∋⋈⋈≻⊞⊞⊞∈⋈⊞⊡⋈⊥⊤∈∋⊤⋈∈⋈⋈∈⊤∈⊞⋈⊡⋈⊥∈∋≺⋈≺∋⋈∋∋∋⊤∈⋈⋈⋈⊤⋈∈∋⊤∈⋈⋈⊞⊡⊤∈∋⋈⊤⋈∈⋈⋈⋈⊤⊥⋈⊞⊤⊥⊞⊤⋈∈⊤∈⋈⋈⋈⋈≺⊤∈⊞⋈⋈≺⋈⋈⋈≺≺∋⊞∋⋈⋈⋈⋈≻∋⋈⋈≻∋∋⋈⋈≻⋈⋈⋈⋈⋈⋈⊞⋈⋈⋈⋈⊞∈⋈⋈⋈⊞∈∋⋈⋈⋈⋈⋈⋈⋈≺⋈⋈⋈⊤∈⋈⋈⋈⋈⊤∈⋈≺⊤∈⋈⋈⊞⊥⋈⊤⊥⊞∈⊞∈⋈⋈≻∋⊤⋈⋈∈⋈⋈⋈⋈⋈≻⋈⋈⋈⋈⊤∈∋≺∋⋈⋈⋈⊙⋈⋈⋈⋈⋈⊤∈⋈⋈⋈⋈∈⊤∈⊞⋈⊞⊤⋈∈∋⊤∈∋⋈⋈≺⋈⋈⋈≺∋∋⋈⊞⊤∈⊤∈⋈⋈⋈⋈⋈≻⋈⋈⋈⋈⋈⋈≺⊤∈⊞⋈⋈≻⋈⋈⋈⋈≻⋈⋈⋈≺∋⋈⋈⋈⋈⋈⋈≺∋∋∋∋∋⊤∈⋈⋈∋⊤∈⋈⊞⋈∈⊤∈⊞⋈⊞⊤⋈∈∋⊤∈∋⋈⋈≺∋∋⋈⊞⊤∈⊤∈⋈⋈⋈⋈≻⋈⋈⋈≺⊤∈⊞⋈⋈≻⋈⋈≻⋈⋈⋈≺∋∋∋⋈⋈⋈⋈⋈⋈⋈⋈⋈⋈∋⊞⋈⋈⋈⋈⋈⋈⊣∋⊤∈∋⋈⋈⊤⋈∈⊞≺⊤∈⋈⊞⋈∈⊤∈⊞⋈⊞⊤⋈∈∋⊤∈∋⋈⋈≺∋∋∋⋈⊞⊤∈⊤∈⋈⋈⋈⋈∋≻⋈⋈⋈⋈≺⊤∈⊞⋈⋈∋≻⋈⋈⋈∋≻⋈⋈⋈≺∋⋈⋈⋈⊤⊥⊤⊥⋈⋈≺∋∋∋∋⋈⊤∈⋈⋈⊤∈⊞≺⊤∈⋈⊞⋈∈⊤∈⊞⋈⊞⊤⋈∈∋⊤∈∋⋈⋈≺∋∋∋⋈⊞⊤∈⊤∈⋈⋈⋈⋈≻⋈⋈⋈≺⊤∈⊞⋈⋈≻⋈⋈≻⋈⋈⋈≺⋈⋈⊤⊥⊤⊥⋈≺∋∋∋∋⋈⋈⋈⋈⋈⋈⋈⋈⋈⋈∋∋⊞⋈⋈⋈⋈⋈⋈⊣
0x606bbdf	⊢⋈⋈⋈⋈⋈⊤∈⋈⋈⋈≻⋈⋈⋈⋈⋈⋈⊞∈⋈⋈⊤∈⊞⊞⊤∈⊞≺⋈⋈≺∋⊞∈⋈⋈⊞⋈⋈⊞∈∋⋈⊤∈⋈⋈⊤∈∋⊞⊤∈⋈⊞⋈∈⊤∈⊞⋈⊞⊤⋈∈∋⊤∈≺∋⋈⋈≺∋∋∋⋈⊞⊤∈⊤∈⋈⋈⋈≻⋈⋈⋈≺⊤∈⊞⋈⋈≻⋈⋈≻⋈⋈⋈≺⊤∈⊤∈⋈≺∋∋∋∋∋∋∋⋈⋈⋈⋈⋈⋈⋈⋈⋈⋈⋈⋈⊣
0x60651ec	⊢⋈⋈⋈⋈⋈⋈⋈⊞⋈⋈⋈⋈⋈⋈⋈⋈⋈⋈⋈⋈⋈⋈⋈⋈⋈⋈⋈⋈⋈⋈⋈⋈⋈⋈⊞⋈⋈⋈⋈⋈⋈⋈⋈⊤∈⋈⋈⊞≺⋈⊞⋈⋈⊞⊤⊥⋈⊞⋈⊤⋈∈⊤⊥⊤⊥⊞⋈⊞∋⋈⋈⋈⊞⊞⊞⋈⋈⋈⋈⋈⋈⋈⋈⊤∈⊤∈⋈⊞⋈≺⋈≻⋈⋈≻⋈⋈⋈⋈≻⋈⋈⊞≻⋈⋈≻⋈⋈≺⋈≻⋈⋈≻⋈⋈⋈≻⋈⋈⋈⋈⋈⋈⋈⊞⋈⋈⋈⋈⋈⋈⋈⋈⋈⋈⋈⋈⋈⋈⊞⋈∈⋈⊤∈⋈⋈⋈⋈⋈⋈⋈⊞∈⋈⊞⊤∈∋⋈⋈⋈⊤⋈∈⋈⋈⋈⋈⋈⋈⋈⊞∈⋈⊞⊤∈∋⋈⋈⋈⊤∈⋈⋈⋈⋈⋈⋈⋈⋈⊞∈⋈⊞⊤∈∋⋈⋈⋈≺∋⋈⋈⊞⊙⊞⋈⋈≺∋⋈⋈⋈⊤∈⊤⋈∈⊞∈⋈⊤∈⊡⊞⊤∈∋∋⊞⋈⊞⊞⊞∈⊤∈⋈⊞⊤⊥⊞⊤⊥⊤∈⋈≺⊤⋈⊞⊤∈∋⊤∈⋈⊤∈⊤∈∋⋈⋈⊞∈⊤∈⋈∈⋈⋈⋈⊞∈⋈⋈⋈⊞⊞⊞⊞⋈⊞⊞⊞⊞⊞⋈⊞⊞⊞⋈⋈⋈⊞⊞⊞⋈⋈⊞⊞⋈⋈⊤∈⊞⋈⊤∈⋈⋈⋈⊞⋈∋⊞⊤∈⊞∈⊞⊞⊞⋈⊤∈⋈⊤∈⋈⋈⋈⊞⋈∋⋈⊞⊞∈∋∋⊞⊞⊞⋈⊤∈∋⋈⋈≺⋈≺∋⊤∈⋈⋈⊞⊞⋈⊞∈⋈⊞⊤∈∋∋∋⊤⋈⊞⊤∈∋≺∋⋈⊤∈⋈⋈⋈⋈≺⊤∈⋈⋈⋈⋈≺∋∋∋∋∋∋∋⊞⋈⋈⋈⋈⋈⋈⊣⊞⋈≺∋∋⋈⊞⊞⊞⋈⋈⋈⊞≺∋⋈⋈⋈⋈⋈⋈⊞⋈⊞⋈⊞⋈⋈⋈⊞⊞⊞⋈⊞⋈⊞⋈⊤⋈∈⊞⋈⊞⊞⊞⊞⊞⊞⋈⊞⊞∈⋈∈⋈⊞⋈⊞⋈⊞⋈⊞⊞⊞⊞⊞⊞∈∋⊞⋈⋈⊞⊞⊞⊞⋈⊞⊞⊞⊞⋈⊞⊞⊞⊞⋈⊞⊞⊞⊞⋈⊞⊞⊞⊞⋈⊞⊞⊞⊞⋈⊞⊞⊞⊞⋈⊞⊞⊞⊞⋈⊞⊞⊞⊞⋈⊞⊞⊤∈∋⊞⊞⊞⊞⊞⊞⊞≺∋⋈⊤∈⋈⋈⋈⋈∈⋈⊞⋈⊞⋈⊞⋈⊞⊞⊞⊞⊞⊞⊤∈∋⋈⋈⊞⊞⊞⊞⋈⊞⊞⊞⊞⋈⊞⊞⊞⊞⋈⊞⊞⊞⊞⋈⊞⊞⊞⊞⋈⊞⊞⊞⊞⋈⊞⊞⊞⊞⋈⊞⊞⊞⊞≺∋⊞⊞⋈⊞⋈⋈⊞⊞⋈⋈⊞⊞⊞⊞⋈⊞⋈⊞⋈⊞⊞⊞⊞⊞⋈⊤∈⋈⋈⋈⋈⊞⊞⋈⋈⋈⋈∈⋈⊞⊞⊞⊤∈∋≺∋⋈⊞⊞⊞⊞⋈⊞⊞⊞⊞⊞⊞⋈⋈⊤⋈∈⊤⊥⊞⊞∋∋⊞⊞⋈⋈⋈⋈⊞⋈⋈⋈⋈⋈⋈⊣⋈⋈⊞⊙
0x606721d	⊢⋈⋈⋈⋈⊞⊤∈⊤⊥⋈⊞⊤⊥⊤∈⊤∈⋈⊤∈∋∋⋈⋈⋈≺⊤∈⊞∈⋈⋈⋈⊞∈⊤∈∋⋈⋈≻⊤∈∋⋈⊞⊞⊞∈⊤∈⋈≺∋⊞⋈⋈≻⊤∈⊤∈∋∋⋈⋈⋈≻∋⋈⋈≺∋⋈≻∋⋈⋈⋈⋈⋈⋈⋈⋈⋈⋈⊞⊥⋈⊞⊥⋈⊞⋈⊤⊥⊤∈⊤⊥⊤⊥⊞⋈⊞⊥⊤⊥⊤∈⊤∈⋈⊞⋈⊞⊞∈⋈⊞⊤∈⋈⋈⋈⊞⊤∈⋈⊤∈⋈≺⋈⋈⋈⊞⊤∈⋈≺⋈⋈⋈⊞⊤∈⋈≺⋈⋈⋈⋈⋈⊞⊞⊤∈∋⊞⊞⊤∈∋∋⋈⋈∈⋈⊤∈⋈⊤∈⋈⋈⊤∈⋈⋈⊞⋈⊤∈∋⊞⋈⋈⊞⊙≺∋⋈⊤∈⋈≺∋∋∋⋈≻⊤∈⊤∈∋∈⋈⋈⋈⋈⋈≻⋈⋈≺∋⋈≻∋⋈⋈⋈≻∋⋈⊞≺∋⋈≻∋⋈⋈⋈≻∋⋈⋈⋈⊙⋈⊞⋈⋈⊞⋈⊙⊞⊞≺∋⋈⋈⋈⋈⊙⊤⊥⋈⊤⊥⊞∈⋈⊤∈⊤∈⋈⊤∈⋈⋈⋈⋈⋈⋈∋∋∋∋⋈⊣
0x6034090	⊢⋈⋈⋈⋈⋈⋈⊞⋈⊞⊞⋈⊞⋈⊞∈⊞⊞⊡∈⊞⊤⊥⊞⊞⊤∈∋⊞≺∋⊤∈⊞⋈⊞⊞⊞⊞⊡∈⊞⊤⊥⊞⊞⊤∈∋≺∋⊞⊞⋈⋈⋈≺∈⊤∈⋈⊤⋈⊥⋈⋈⊞∈⊞⊞⊞⊡∈⋈⋈⋈⊞⊞⊞⊞⊞⊞⋈⊞⊞⊞⊞⊞⋈⋈⊞⊞⊞⊞⊞⊞⊞⋈⋈⊞⊞⊞⊞⊞⊞⊞⊤∈∋≺∋⊞⊞⋈⊞⋈⊞⊞⊞⊞⊞⊞⊞⊤∈∋⊞⋈⊞⊞⊞⊡∈⋈⋈⊞⊞⊞⊞⊞⊞⊞⊤∈∋⋈⊞⊞⊞⊞⊞⊞⊞∋⋈⋈⋈⋈⋈⊣
0x6035270	⊢⋈⋈⋈⊞⋈⊞⊥⊤∈⋈⊞⊞⊞⋈⋈≺∈⋈⊤∈⋈⋈⊤∈⋈⊤∈⋈⊤∈⊞⊤∈≺⊤∈⊞⊤∈⊤∈⊤∈∋∋⋈⊤∈⊤∈⋈⊤∈⊤∈⋈≺≺⊤∈⋈⊤∈⋈⊤∈⊞⊤∈≺⊤∈⋈⊤∈⊞⊤∈∋⊤∈⊤∈∋∋⋈⊤∈⊤∈≺∋⋈≺⊤∈∋∋∋∋∋∋∋∋⋈≺⋈⊤∈∋∋∋∋∋⊞≺⊤⋈∈∋∋⊞⋈≺∋∋∋∋⋈⋈⋈⋈⋈⊞⊤∈∈⊤∈⋈⊞⊤∈⊞∋∋⊤∈⊡∈⊤∈⊞⊤∈∋≺⊞≺∋∋∋⊤∈∋∋∋⋈⋈⊞≺∋⋈⋈⋈⋈⊣
0x6035150	⊢⋈⋈⊤∈⋈⋈≻∋⊤∈⊤∈⋈≻∋∋⋈⋈⋈≻
0x60367a0	⊢⋈⋈⋈⊞⊞∈⊞⊡∈⊤∈⊞⊤∈∋⋈⊤∈⋈⊞∋⋈⋈⋈⋈⊞⊡∈⋈⊞⋈⊞⊞⋈⊞⋈⊞⊞⊞⊞⊤∈⊞⊤∈∋≺∋∋⊞∈⊞⊞⊞⊡∈⊤∈⊞∋⋈⊞⊤∈∋≺⊞≺∋∋⋈⋈⋈⊣
0x6034d80	⊢⋈⋈⋈⋈⊤∈⋈⊤∈⊤∈⊤∈⋈⊞⊤⊥⋈⊞⊤⊥⊞⊤⊥⋈⊤⊥⊞⊞⋈⊤⊥⋈⊤⊥⊞⋈⊤⊥⊞⊞⋈⊤⊥⊤⊥⊞⊞≺⋈⊞⋈⋈⊞⋈⋈∈⋈⋈⊤⋈∈∈⊤∈⊤∈⊞⊡∈⊤∈∋⊞⋈⊤⊥⋈∈∋∋⋈⋈⊞⋈∈⋈⋈⊤∈⊤∈⋈⊞⊞⊞⊞⊞∈⋈⊞∈∋⊞⊤∈∋≺≺⋈⊞⊤∈∋≺⋈⊞⋈⋈⊞⋈⋈∈⋈⋈⊤⋈∈∈⊤∈⊤∈∋⋈⋈⋈≻∋∋⋈⋈⋈≻⊞⊡∈⊤∈∋⊞⋈⊤⊥⋈∈∋∋⋈⊞⋈∈⋈⋈⊤∈⊤∈∋∋⋈≻⋈⊞⊞⊞⊞⊞∈⋈⊞∈∋⊞⊤∈∋≺≺⋈⊞⊤∈∋≺∋∋⊞≺∋∋∋∋∋∋∋∋⊞⊞⋈⋈⊣
0x6036870	⊢⋈⋈⋈⋈⋈≻
0x6036890	⊢⋈⋈⋈⋈⋈≻
0x6084110	⊢⋈⋈⋈⋈⋈⋈⋈⊞⋈⋈⋈⋈⋈⋈⊤∈⋈⋈≻⊤∈⋈⋈⋈⊙⋈⊞⋈⋈⋈≻⊤∈⋈⋈⋈≻⊤∈⋈⋈⋈⊤∈∋∋⋈⋈⊞⊤∈⋈⋈⋈⋈⊤∈⋈⊙∋⊤∈⋈⊙∋⋈⊙∋⋈≺≺∋∋⋈⋈⋈⋈⋈≻⋈⊤∈⊤∈⋈⋈≺⊞⋈⋈⋈⋈⋈⋈⋈⋈⋈⋈⋈⊙⊤∈⊙⋈⊞⊞∋⋈⊞⊤∈⋈⋈⋈⋈⊤∈⋈⊙∋⊤∈⋈⊙∋⋈⊙∋⋈⋈≺∋⊞⊞⋈⋈⋈⋈⊞⊙⊤∈⋈⋈⋈∋⋈≺∋⋈⊙∋⊞⋈⋈⋈⋈⋈⋈⊣
0x6085c70	⊢⋈⋈⋈⋈⋈⋈⋈⋈⊞⊙⊤∈⋈⋈⊙⋈⊤∈⋈⋈⋈≻⋈⊤∈∋⋈⋈⋈⊙⋈⊙⋈⋈⋈⋈⋈≻∋⊙⋈⊞⊞⋈⋈⋈≺∋⋈⋈⋈⋈⋈⊣
0x60a09a0	⊢⋈⋈⋈⋈⋈⊞⋈⋈⊤∈⊞⋈⋈⋈⋈⋈⋈⋈⋈⋈⋈⋈⋈⋈⋈⋈⋈⊤∈⋈⋈⋈⊞⊙⊤∈⋈⋈⋈⋈⋈⊙⊤∈∋⊙⋈⋈⊞⊞⋈⊤∈⊤∈⋈⊞⊞⊞⋈⊞⊞⊙⊤∈⊞⊞⊞⋈⊞⊙⊤∈≺∋⊤∈∋∋⋈≺⋈≺∋⋈⋈∋⊤∈⋈∋⋈⋈⋈⊞⊞⊞⊞⊞⋈⊞⊞⊞⊞⋈⋈⋈⊞⊞⊞⊞⊞⋈⊞⊞⋈⋈⊞⊞⊞⋈⋈⋈⋈⋈⋈⋈⋈⋈⋈⋈⋈⋈⋈⋈⋈⋈⋈⋈⋈⋈⋈⋈⋈⋈⋈⋈⋈⋈⋈⋈⋈⋈⋈≺∋⋈≺∋∋⊞⋈⋈⋈⋈⊣
0x60a37b0	⊢⋈⋈⊙
0x60a1f40	⊢⊞⊤∈⋈⊣⋈⋈⊞⊙
0x6035040	⊢⊞⊤⊥⋈⊞⊞⋈⋈⋈⊞⊤⊥⋈⋈⊞⊤⊥⋈⋈⊞⊤⊥⋈⋈⊞⊤⊥⋈⋈⊞⊤⊥⋈⊞⊞⊤⊥⊞⋈⊞⋈⊤∈⋈⊞⊤∈⊞≺∋⋈⊞∋⋈⊞⊞∈⊞⊞⊞⋈⊞∈⋈⋈⊞⊤∈⊞⊤∈∋∋∋⊞⊣
0x60a84a0	⊢⊞⊞⊞⊞⊣
0x6083d90	⊢⋈⋈⋈⋈⋈⋈⋈⊞⋈⋈⋈⋈⋈⊤⋈∈⊤∈⊤∈⋈⋈≺⊤∈∋⋈≻⋈⋈⊞∈⋈⋈⋈≺⋈⋈⊞⋈⋈⊤∈⋈⋈⋈⋈⋈⊤∈⋈⊙≺⊤∈⊤∈∋⊞⊤∈⋈⊤∈⋈⊞≺∈⊤∈⊤∈⋈⊤∈∋∋⊞⊞∈∋∋∋⋈≻⋈⋈⋈⊤∈⋈⋈≺⋈⊞⋈⋈⊤∈⋈⋈⋈⋈⋈⊤∈⋈⊙∋∋∋⊤∈⋈⊙∋⋈⊙⊞⊞∋∋⊞⊞≺⋈⋈⋈⋈≻⊤∈⋈⋈⋈⋈⊙⋈⋈≺∋⋈⋈⊙⋈⊤∈⋈⋈⋈≻⋈⊤∈∋⋈⋈⋈⊙⋈≺∋⋈∋∋∋∋⊤⋈⋈⊥⊤⊥⊥⊤∈⊞⋈⋈⋈⋈⊞⋈⋈≻⊤∈⋈⋈≻⊞⊞⊞⋈⊡∈⋈⋈⋈⋈⊞⊞⊤∈∋⋈⋈≺∋⋈⋈⋈⋈⋈⋈⋈⋈⋈⋈⊤∈⋈≻∋⋈⊞⋈⋈⋈⋈⋈⋈⋈⋈⊞⋈⊞⊞⋈⋈⋈⋈⋈⋈⊣∋⋈⋈≻≺
0x6084d60	⊢⋈⋈⋈⋈⋈⋈⋈⊞⋈⊤∈⋈⋈⋈⊤∈⊤∈∈⋈⊞∈∈⋈⋈⋈⋈⋈≻⊤∈⋈⋈≻≺⋈⊤∈⋈⊙∋⋈≻⋈⋈⋈⊤∈∋⋈⋈⋈⋈⊞≻⋈⋈⋈⊞≺∋⋈⋈⋈⋈⋈⋈⋈⋈⋈⊞⋈⊞⊤⋈⋈⊥⊤∈⋈⋈⋈⋈⋈≻⋈⋈≺∋⋈⋈⋈⊞⋈⋈⊤⋈⋈⊥⋈⊤∈⋈⋈⋈⋈≻⋈⋈≺∋⋈⋈⋈⋈⊤∈⋈⋈⋈⋈⋈≻⋈⋈≺∋⋈⊞⋈⊞⊞⋈⊡∈⋈⋈⋈⊞⋈⊞⊤⋈⋈⊥⋈⊤∈⋈⋈⋈⋈≻⋈⋈⋈≺∋⋈⋈⋈⊞⋈⋈⊤⋈⋈⊥⊤∈⋈⋈⋈⋈≻⋈⋈≺∋⋈⋈⊞⋈⊞⊤∈∋≺⋈⊞⊤∈⋈⋈⋈⋈⋈≻⋈⋈≺∋⋈⋈⊞⋈⋈⋈⋈⋈≻∋≻⋈⊞⋈⊤∈∋∋⋈⋈⋈≺⋈⋈≺∋∋⊞⋈⋈⋈⋈⋈⋈⊣
0x60a6aa0	⊢⋈⋈≻⋈⊙
0x60368b0	⊢⋈⋈⋈⋈⋈⋈⊤∈⋈⊞∈⋈⋈⊞⋈⊤∈⊤∈⊞⋈⊤∈≺⋈⋈⊞⊞⊡∈⋈⊞⊞⋈⊞⋈⊞⊤∈∋⊤∈⊤∈⋈⊞∋⋈∋⊤∈∋⋈⊤∈⊤∈⊞⋈⊞⊞⊡∈⋈⊞⊞⋈⊞⋈⊞⊤∈∋⊤∈⊤∈⋈⊞≺∋∋⋈∋∋⊤∈⋈⋈⋈≻⊤∈⊤∈∋⋈⋈⋈≻⊤∈∋⊤∈∋⋈⋈⋈≻⊤∈∋⊤∈∋⋈⋈⋈≻⊤∈≺∋⊤∈∋⋈⋈⋈≻∋∋⋈⋈≻⋈⊤∈∋∋⋈⋈⊞≻⊤∈⊞⋈≺⋈⋈⋈⊞⊞⊡∈⋈⊞⊞⋈⊞⋈⊞⊤∈∋⊤∈⊤∈∋∋∋⋈⋈⋈≻⋈⊞∋⋈≺∋∋⋈⋈⋈⋈⊣
0x6036cb0	⊢⋈⋈⋈⋈⋈≻
0x60a55e0	⊢⋈⋈⋈⋈⋈⋈⋈⊞⋈⋈⋈⊙⋈⋈⊞⊡∈⋈≻≺∋⋈⊞⊤∈≻⋈⊞≺⊞∋⋈⋈⊞⊤⊥⋈⋈⋈⊞⊡∈⋈⊡∈⊤∈⋈⋈⋈≻≺⊙⊞⊡∈∋∋⋈⋈⊤∈⋈⊙⊤∈⋈⋈≻≺⋈⋈⋈⋈⋈⋈⋈⋈⋈⋈⋈⋈⋈∈⋈⋈⋈⊞⋈⊡∈⊤∈⋈⊤⊥⊞⊞⊞⊤∈∋⋈⊤∈∋⊞∈⊤∈⋈⊤∈⋈⋈⋈⋈⊞⋈⊞⋈⋈⊙⋈⋈⊞⊞⋈⊞⊞⋈⊞⊙≺∋⋈⋈⊞⋈⋈⋈⋈⋈⋈≺⋈⊤∈⋈∈∋⋈⋈⋈⋈⋈≻⋈≺⊤∈⋈⋈⋈⋈⋈≻⊞⋈⋈⋈⋈⋈≻⊞≺∋⋈∋⋈⋈⊞⊤∈⋈⋈⋈⋈⋈⊞⋈⊞⋈⋈⊙⋈⋈⊞⊞⋈⊞⊞⋈⊞⊙≺∋⋈⊞⊞⋈⋈⋈⋈⋈⋈⋈⋈⋈⋈⋈⋈⋈⊤∈⋈⋈⋈⋈⋈⋈⊤∈∈⋈⊤∈⋈⋈⋈≻≺⋈⋈⊤⋈∈⋈⋈⊤∈⋈⋈⊞⋈⋈⋈⋈⋈⋈⋈⋈⋈⋈⊞⋈⋈⊞⋈⊞⋈⋈⋈⋈⊙⋈⋈⋈⋈⋈⋈⊞⋈⋈⊞⊞⊞⋈⋈⊙⋈⋈⋈⋈⋈⋈⋈⋈⋈⋈⊞⋈⊙⋈⋈⋈≺∋⋈⋈⋈⊤∈⊞∈⋈⋈⊞⋈⊤∈∋∋⋈≺⊞⋈⋈⋈⊤∈⊤∈⋈∋⋈⋈⋈⋈≻⋈⋈⋈⊤∈⋈⋈⊞⋈⋈⋈⋈⋈⋈⋈⋈⊞⋈⋈⊞⋈⊞⋈⋈⋈⊙⋈⋈⋈⋈⊞⋈⋈⊞⊞⊞⋈⋈⊙⋈⋈⋈⋈⋈⋈⋈⋈⋈⋈⊞⋈⊙⋈≺∋⋈⋈⋈⋈⋈⊤∈⊞∈⋈⋈⋈⋈⊞⊤∈∋≺∋⋈⋈⋈⋈⋈⋈⋈⋈⊤∈⋈⋈⋈≻⊞⋈⋈⋈≻⊞≺∋⋈⋈⋈⊤∈⋈⋈⋈⊞⋈⋈⋈⋈⋈⋈⋈⋈⊞⋈⋈⋈⋈⊞⋈⋈⋈⊙⋈⋈⋈⋈⊞⋈⋈⊞⊞⊞⋈⋈⊙⋈⋈⋈⋈⋈⋈⋈⋈⊞⋈⊞⋈⊙⋈≺∋⋈⋈⋈⋈⋈⋈⊤∈⊞⊡∈⋈⋈⋈⋈⊞⊤∈∋∋⋈⋈⋈⋈⋈⋈⋈⊤∈∋⋈⋈⋈⋈⋈⋈⋈⊤∈∋≺∋∋⊡⋈∋⋈⋈⋈⊤∈⋈≻≺⋈⋈⊙⊤∈⋈⋈≻≺⋈⋈⋈⋈⋈⊞⋈∈⋈≻≺⋈⋈⋈⋈⊤∈⋈⋈⋈≻⋈⋈⋈⋈⋈⋈⋈⋈⋈⋈⋈∋∋⊡⋈≺∋⋈⋈≺∋≺⊞⋈⋈⋈⋈⋈⋈⋈⋈⊤⋈⋈∈⊤∈⊙≺∋∋∋⋈⋈⊤⊤∈⋈⊤∈≻⊤∈⋈≺∋∋∋⊞⋈⊤∈⋈⋈⋈⋈⊞⊞⋈⋈⋈⋈⋈⋈⊙⊞⋈⋈⋈⋈⋈⋈⊣
0x60a45b0	⊢⋈⋈⋈⋈⋈⊞⋈⊤∈⊞⊞⋈⋈⊞⋈⊞⊙⊤∈⋈⊙⊤⋈⊥⋈⋈⊞⋈⋈⋈⊞⊙⊤∈⊙⋈⊞⊞⋈⋈⋈⋈⋈⋈⋈⋈≻≺⋈⋈⋈⊞⊙⊤∈⊙⋈⊞⊞⋈⋈⋈⋈⋈⋈⋈⋈≻⊞⋈⋈⋈⋈⊞⊙⋈≺∋∋⋈⊞⋈⋈⋈⋈⊣
0x60a76a0	⊢⋈⋈⋈⋈⋈⋈⋈⊞⋈⋈⊤∈⋈⊙⋈⊡∈⊞⊡∈⋈⊤∈⋈∈⋈⋈⊞⋈⊡∈⊤∈⋈⊤⊥⊞⊞⊞⊤∈∋⋈⊤∈⊞⊤∈⊤∈⊞⋈⊤∈⋈⋈⋈≺∋⋈⋈≻⋈⋈⋈⋈⋈⋈⋈⋈⋈⋈⋈⋈≻⋈⊤∈⋈≻∋⋈⋈⋈≻⋈⋈≻≺≺∋⊞∈∋∋∋⋈≺⋈≺∋⊤∈⋈⋈⋈≻⋈⋈≻∋≻⊤∈⋈⊙∋⋈⊙≻⋈≻≻⊞⊞∈∋⋈⋈⋈≺∈⋈⋈⋈⊙⊤∈⋈⊤∈⊞⊞⊤∈⋈≺∋⋈⊞⊤∈⋈⋈⋈⋈⊤∈⋈⊙∋⊤∈⋈⊙∋⋈⊙⋈⊞∈⋈⋈⋈⋈≻⊣⊞⋈≺∋⊤∈∋∋∋∋∋⊞⋈⋈⋈⋈⋈⋈⋈⋈⋈⋈⋈⋈⊞⊙⊞⋈⋈⋈⋈⋈⋈⊣
0x60a4590	⊢⋈⋈⋈⋈⋈≻
0x60a0250	⊢⋈⋈⋈⋈⋈⋈⋈⊞⋈⊞∈⋈⋈⋈⊤⋈⊥⋈⋈≻⊤∈⊤∈⊤⋈⊥⊤∈⋈⋈⊡∈⊤⊞⋈⊞∈⋈⋈⋈⋈≻∋⋈⋈⋈≻⊞⋈⋈≻⊤∈⊤∈⋈⊤∈∋∋∋⋈⋈⋈⋈⋈⋈⋈≻∋∋∋⊞⋈⋈⋈⋈⋈⋈⊣
0x603f15f	⊢⋈⋈⋈⋈⋈⋈⊞⋈⊤∈⋈⋈⋈⋈⋈⋈⋈⋈⋈⋈⋈≻⊤∈⋈⋈⋈⋈⋈⊤∈⋈⋈⋈≻⋈⊞⋈⋈⊞⊞⊞⊞⊞⊞∈⊞⊡⊞⊞⊞⊤∈∈⊞⊞⊞⊞⋈⊞⊤∈⊤∈⋈⊤∈⋈≺∋∋⋈⊞⋈∈∋∋⊞⊞⊤∈∋⋈⋈⋈≻⋈⊤∈⋈≻⋈⊤⋈∈∋⋈⋈⋈≻⋈⋈⋈⋈⋈⋈⊞⋈⋈⊤∈⋈⋈⋈⊞⊤∈⋈⋈⋈⊤∈⋈⋈⋈⋈⋈⊞⊤∈⋈⊤∈⋈⊤∈∋⋈⋈⋈⋈⋈⊞⋈⋈≻∋⋈⋈⋈≻≺∋⋈⊤⋈⋈∈⋈⋈⊤⋈∈⊞⋈⋈⊞⋈⋈⋈⊤∈⋈⋈⊞≺⋈⋈⋈⋈≺∋⋈⊤⊥≺∋∋⋈⊞⋈∈⊤∈∋⋈⋈⋈⋈⋈⋈⋈⋈⋈⋈≻⋈⋈⋈⋈⋈⋈⊤∈⋈⋈⋈≻⋈∋⋈⋈≺⊤∈⋈⊤⋈∈⋈⊤∈⋈⊞⊤∈∋⊞⋈⋈≺∋⊞∈⋈⊞⊞∈∋≺∋⊞⊤⊥⋈⋈⋈∋⊤∈⋈⋈⋈≻⋈∋⋈⊤∈⊤∈⋈⋈⋈≻⋈⋈⋈⋈⋈⊞⊤∈⋈⋈⊤∈⊞⋈⋈≺∋⊤∈⋈⊞∈∋∋⋈⋈⋈⋈⋈≻⋈⊤∈⋈⋈⊤∈⊞⊤∈∋⋈⊞⋈⋈⋈≺∋⋈⊤⊥≺∋⋈⊞∈⊤∈∋⋈⋈⋈⋈⋈⋈⋈⋈⋈⋈≻⋈⋈⋈⋈⋈⋈⊤∈⋈⋈⋈≻⋈∋⋈⋈≺⊤∈⋈⊤⋈∈⋈⊤∈⋈⊞⊤∈∋⊞⋈⋈≺∋⊞∈⋈⊞⊞∈∋≺∋⊞⊤⊥⋈⋈⋈∋⊤∈⋈⋈⋈≻⋈∋⋈⊤⋈∈∋⋈≺∋∈⋈≻∋⋈≺∋⋈⊞⊞⊤∈⋈⋈⊤∈⊞⋈⋈≺∋⊤∈⋈⊞∈∋∋⊤∈⊞⋈⋈⋈⋈⋈⋈⋈⋈⋈⋈⋈⋈⋈≻⋈⊞⋈⋈⊤∈⋈⋈⋈≻⊞⋈⋈⋈⋈⋈⋈⋈⋈⋈⋈⋈≻⊞⋈≺∋⋈∋⋈⊤∈≺⋈⋈⊞≻⊤∈⋈⋈⊞∈⋈⋈⊤⋈∈⊞⋈⋈⊞⋈⋈⋈⊤⋈∈⋈⊞⊞≺⋈⋈⋈≺∋⋈⊤⊥≺∋∋⋈⋈⊞∈⊤∈∋⋈⋈⋈⋈⋈⋈⋈⋈⋈⋈⋈≻⋈⋈⋈⋈⋈⋈⊤∈⋈⋈⋈≻⋈∋⋈⊤∈⊤⋈∈≺⊤⋈∈≺⊤∈∋∋⋈⋈⋈≻∋⋈⋈⊞≻⋈≺∋⋈⋈⋈⋈⋈⋈⋈⋈⋈⋈⋈⋈⋈⋈≻⋈⋈⋈⊤∈⋈⋈⊞⊞⊤∈⋈⊞⊙∋∋⋈⊞⋈⋈⋈⋈⋈⋈⋈⋈⋈⋈⋈⋈⋈⋈⋈≻⊞⋈⋈⋈⋈⋈⋈⋈⋈⋈⋈⋈⋈⋈⋈≻⊞⋈⋈⋈⋈⋈⋈⋈⋈≻⋈⋈⋈⊤∈⋈⋈⋈≻⋈∋⋈⊤∈∋⋈≺⊤∈⋈⊤∈⋈⊞⊤∈⊞⋈≺∋⋈⋈⊞∈⋈⊞⊞∈∋⊞⊤⊥⋈⋈⋈∈∋∋⋈⋈⋈⋈⋈⋈⋈⋈≻⋈⋈⋈⋈⊞≻⋈⋈⋈⋈⋈⋈≻⋈⋈⊤⋈⋈∈⊤∈⋈⋈⊤∈⋈⋈⊞⊥⊞⊤⊥⊞⋈∈⊞∈⋈⋈≻∋⊤∈⋈⋈⊞⋈⋈⋈⋈⋈≻⊤∈∋⋈⋈⋈≺∋⋈⋈⊙⋈≺⋈⋈⋈⋈≺∋⋈⋈⋈⋈≺∋∋⋈⋈⋈⋈⋈⋈≻⋈⋈⋈⋈⋈⋈⋈⋈⋈⋈⋈≻⋈⊞⋈⋈⋈⋈⋈⋈⋈≻⊞⋈⋈⊞⋈⋈⊞⋈⋈⋈⋈⋈⋈⋈⋈⋈⋈≻⋈⋈⋈⋈⋈⋈⋈≻⋈⋈⋈⋈⋈⊤∈⋈⋈⋈≻∋⊞⋈⋈⋈⋈⋈⋈⋈⋈≻⊞⋈⋈⋈⊤∈⋈⋈⋈≻∋⋈⋈⋈≻⋈⋈⋈≻⋈⋈⋈⋈⊞≻⋈⋈⋈⊤∈∋⋈∋⋈⋈≻∋∋∋∋∋∋∋∋∋⋈⊞⋈⋈⋈⋈⋈⋈⊣⋈⋈⋈⊤⋈⊥⋈⋈≻⋈⊤⋈⋈∈⊤∈⋈⋈∋∋⊤∈⋈⊞⋈⊤∈⋈⋈⊤∈⋈⋈≺∋⋈⊞⊤∈∋⊞⋈⊞⊥≺∋⋈⋈⊞⋈⊥⊥⊞⋈⊞⊞⋈⋈⋈⋈⋈⋈⋈⋈⋈⋈⋈⋈≻⊞⋈⋈⋈⋈⋈⋈⋈⋈⋈⋈⋈⋈⋈⋈⋈⋈⋈⋈⋈⋈⋈⋈⋈⋈≻⊞⋈⋈⋈⋈⋈⋈⋈⋈⋈≺∋≻⊞⋈⋈⊤⋈∈⋈⋈⋈⋈⋈⋈⋈≻⋈∋⋈⋈⋈≻∋∋∋⋈⊞⋈⋈⋈⋈⋈⋈⊣⊞⊞⊞≺∋
0x605cb79	⊢⋈⋈⋈⋈⋈⋈⊞⋈⋈⋈⊤∈⋈⋈≻⋈⋈⋈⊞⊤∈⊤∈∋⋈⋈≻⊞⊤∈⋈⋈⋈⋈⋈⊤∈⋈⋈⋈≻⋈⊞⋈⋈⊞⊞⊞⊞⊞⊞∈⊞⊡⊞⊞⊞⊤∈∈⊞⊞⊞⊞⋈⊞⋈⊤∈⊞⊤∈⊤∈⋈⋈⊞⊤⋈∈⊤∈⋈⋈⊤∈⋈⋈⊞⊥⋈⊤⊥⊞∈⋈⊤∈⋈⊞⋈⋈⋈⋈⋈≻⋈⊤∈⋈⋈⋈≺∋⋈⋈⊙⋈≺⊞∋⋈≺⋈⋈≺⋈≺∋∋⋈∋⋈⋈⋈⋈⋈⋈⊤∈⊤∈⋈≺⋈⊤∈⋈⋈⊞⊥⊞⊤⊥⊞∈⊤∈⋈⊞⋈⋈⋈⋈≻⊤∈⋈⋈⋈≺∋⋈⋈⊙⋈⋈≺⋈≺∋∋∋⋈⋈⋈⋈≺∋∋⋈⊞⋈⋈∈∋∋⊞⊞⊤∈∋⋈⋈⋈⋈⋈⋈⋈⋈⋈≻⋈⋈⋈⊞⋈⊤⊥⋈⋈⋈≻⋈⊤⊥⊞⋈⋈⋈∈⋈⋈⋈≻⋈⋈⋈⋈≻⊤∈⊤∈∋⋈⋈⋈≻⋈⋈⋈⋈⋈⊤∈⋈⊤∈⊤∈⋈⊤∈⋈⊤∈∋⊞≺≺∋∋∋∋⊞⋈⊞⋈⋈⋈⋈⋈≻⋈⋈⋈≻⋈⊤⋈∈⋈⋈⊤∈⋈⊤∈⊤∈⊤∈∋⊞⋈≺∋∋∋∋⋈⋈⋈⋈≻⋈⋈⋈⋈≻⋈⋈⋈⋈≻⋈⊞⋈⋈⋈⋈⊤∈⋈⋈⊤∈⋈⋈⊤∈⋈≺∋⊤∈⋈≺∋⊤∈∋⋈⊞⋈⊞⋈⋈⋈⊡⊡⋈⋈≻≺∋⊤∈⋈⋈⊡⊡⋈≻≺∋∋⋈⋈⋈≻⋈⋈⋈⊤∈⋈⋈⊤∈⋈⊤∈⊤∈⊤∈∋⊞⋈≺∋∋∋∋⋈⋈⋈⋈≻⋈⋈⋈≻⋈⊤⋈⋈⋈⋈∈⋈⊤∈⋈⊤∈⊤∈⊤∈∋⊞⋈≺∋∋∋∋⋈⋈⋈≻⋈⋈⋈⋈≻⋈⋈⋈⋈≻⋈⋈⋈⊤∈⋈⊤∈⋈⊤∈⋈≺∋⊤∈⋈≺∋⊤∈∋⋈⊞⊞⋈⋈⋈⊡⊡⋈⋈⋈≻≺∋⊤∈⋈⋈⊡⊡⋈≻≺∋∋⋈⋈⋈⋈≻⋈⋈⋈⋈⋈⋈⋈⋈⋈⋈⋈⋈⋈⋈⋈⋈⋈⋈⋈⋈⋈⊤⋈⊥⊤⊥⊤⊥⋈⋈⋈≻⋈⋈⊤⋈⋈∈⋈⋈⊤∈⋈⋈∋∋⋈⋈⋈⋈⋈≻⋈⋈⋈⊤∈⋈⋈⊤∈⋈⋈∋∋⋈⋈⋈⋈⋈⋈⋈≻⋈⋈⋈⋈⋈⋈⋈⋈≻⋈⋈⋈⋈⋈⋈⋈⋈⋈⋈⋈⋈⋈≻⊞⋈⋈⋈⋈⋈⊤∈⋈⋈⊤⋈∈⋈⋈⊤∈⋈⋈≺∋⊤∈⋈⋈≺∋⊤∈∋⋈⋈⊞⊞⋈⋈⋈⋈⋈⋈⋈≻≺∋⊤∈⋈⋈⋈⋈⋈≻≺∋∋⋈⋈⋈⋈≻⋈⋈⋈⋈⊡⊡⋈⊡⊡⋈⋈⋈≻⋈⋈⋈⊤∈⋈⊤∈⋈⊤∈⋈≺∋⊤∈⋈≺∋⊤∈∋⋈⋈⊞⊞⋈⋈⋈⊡⊡⋈⋈≻≺∋⊤∈⋈⋈⊡⊡⋈≻≺∋∋⋈⋈⋈⋈≻⋈⋈⋈⋈⋈⋈⋈⋈⋈⋈⋈⋈⋈⋈⋈⋈⋈⋈≺∋⋈⋈⋈⊤⋈⋈⋈⋈∈⊤∈⋈⊤∈⋈⋈⊞⊥⋈⊤⊥⊞∈⊞⋈⋈≺∋⋈∋∈⋈⋈⋈⋈⋈⊤∈⊤∈⊤∈⋈⋈⋈⊞⊥⋈⊤⊥⊞∈⋈⋈⊤∈⋈⋈⋈⋈⋈⋈≻⊤∈⋈⋈⋈⋈⋈≺∋⋈⋈⋈⊙⋈⋈⋈⋈≺∋⊞∋∋⋈⋈≻∋⊤∈⋈⋈⋈⋈⋈⋈≻⋈⊤∈∋⋈∋⋈≻∋⋈⋈⋈⋈⋈≺∋⋈⋈⋈⊙⋈⋈⋈⋈⋈⋈≺∋⋈⋈≺∋⋈∋∋⋈⋈⋈⋈⋈⋈⋈⋈≻⋈⊤∈∋⋈⋈≻≺∋⋈⊞⋈⋈⊞⊞⊞⊞⊞⊞⊞∈⊞⊡⊞⊞⊞⊤∈∈⊞⊞⊞⊞⊞⋈⊤∈⊞⋈⊤∈⋈⊤∈⋈⋈⋈⋈⋈⋈⋈⋈⋈⋈⋈⋈⋈⋈⋈⋈⋈⋈⋈⊞⋈⋈⋈∈⋈⊤∈⋈⋈≻⋈∋⊤∈⋈⋈⋈⋈≻⋈≺∋∋⋈⊞⋈∈∋∋⊤⋈⋈∈⊞⊤∈⊞⊞⊞⊞∋⊞⊞⊤∈⋈⊤∈⊡⊞⊞⋈≺∋⊞⋈⊡⋈⊞⋈⋈⊡⊞⊞⋈⋈⊡⊡⋈⋈⋈⋈⋈⋈⋈⋈⋈⋈⋈⋈⋈⋈∋∋∋⋈⋈⋈⋈⋈⋈⋈⋈⋈⋈⋈⋈⋈⋈⋈⋈⋈⋈⋈⋈⋈≺⋈≺∋⊞⊞⊞⋈⋈≺∋⊞⊞⊞≺∋∋⊡⊡⊡⊡⊡⊡∋∋⊞⋈⋈⋈⋈⋈⋈⊣
0x603df53	⊢⋈⋈⋈⋈⋈⋈⊞⋈⋈⋈⋈⋈⊤∈⋈⋈⋈⋈⋈⋈⋈⋈⋈⋈≻⊤∈⋈⋈⋈⊤∈⋈⋈⋈≻⋈⊞⋈⋈⊞⊞⊞⊞⊞⊞∈⊞⊡⊞⊞⊞⊤∈∈⊞⊞⊞⊞⋈⊞⊤∈⊤∈⊤∈⋈≺∋∋⋈⊞⋈∈∋∋⊞⊞⊤∈∋⋈⋈⋈≻⊤∈⋈≻⋈⋈⊤∈∋⋈⋈⋈≻⋈⋈⋈⊤⋈⊥⋈⋈⋈≻⋈⊤⋈⋈∈⋈⊤⋈∈⋈⋈≺∋∋⊤∈⋈⊞⊤⋈⋈∈⋈⋈⊤∈⋈⋈≺∋⋈⊞⊤∈∋⊞⋈⊞⊥≺∋⊞⋈⊞⊞⊞⋈⋈⋈⋈⋈⋈⋈⋈≻⊞⋈⊞⋈⋈⋈⋈⋈⋈⋈⋈⋈⋈⊞⋈⋈⋈⋈⋈⋈⋈⋈⋈⋈⋈≻⊞⋈⊞⋈⋈⋈⋈⋈⋈⋈⋈⋈≺∋≻⊞⊤⋈∈⋈⋈⋈⋈⋈⋈⋈≻⋈∋⋈⋈⋈≻⋈⊞⊞⊞≺∋⊤∈∋∋∋⋈⊞⋈⋈⋈⋈⋈⋈⊣⋈⋈⊞⋈⋈⋈⋈⋈⋈≺
0x6040363	⊢⋈⋈⋈⋈⋈⋈⊞⋈⋈⋈⋈⊤∈⋈⋈⋈≻⋈⊞⋈⋈⊞⊞⊞⊞⋈⊞⊞∈⊞⊡⊞⊞⊞⊤∈∈⊞⊞⊞⊞⋈⊤∈⋈⋈≺⋈⊞⋈∈∋∋⊞⊞⊤∈∋⋈⋈⋈⋈≻⋈⋈⊤∈⋈⊤∈⋈⋈∈⋈⋈⋈⋈⋈⋈⋈⋈≻⋈⋈⋈⋈⋈⋈≻⋈⊤∈⋈⋈⋈⋈⋈⋈⋈⋈≻⋈∋⋈⊤∈⋈⋈⋈⋈⋈⋈⋈⋈≻⋈⋈⋈≺∋∋∋∋⋈⋈⋈⋈≻⋈⊤∈⋈⋈≻≺∋⋈⊞⋈⋈⊞⊞⊞⊞⋈⊞⊞⊞∈⊞⊡⊞⊞⊞⊤∈∈⊞⊞⊞⊞⋈⊤∈⋈⋈⋈≺⋈⊞⋈∈∋∋⊤∈⊞⊤∈⊞⊞⊞⊞∋⊞⊞⊤∈⋈⊤∈⊡⊞⊞⋈≺∋⊞⋈⊡⋈⊞⋈⋈⊡⊞⋈⋈⋈⋈⋈∋∋⋈⊞⋈⋈⋈⋈⋈⋈⊣⋈≺∋⊞⊞⊞≺∋⊞⊞⊞≺∋
0x60411e0	⊢⋈⋈⋈⋈⋈⋈⊞⋈⋈⋈⋈⊤∈⋈⋈⋈⋈≻⋈⊞⋈⋈⊞⊞⊞⊞⊞⊞∈⊞⊡⊞⊞⊞⊤∈∈⊞⊞⊞⊞⋈⊤∈⋈⊤∈⋈≺∋⋈⊞⋈∈∋∋⊞⊞⊤∈∋⋈⋈⋈⋈⋈≻⋈⋈⊤⋈⊥⋈⋈⋈≻⋈⋈⊤⊥⊞⋈∈⋈⋈⋈≻⋈⋈⋈⋈≻⋈⊤∈⊤∈∋⋈⋈⋈≻⋈⋈⋈⊞⋈⊞⋈⋈⋈⋈⋈≻⋈⋈⋈≻⋈⋈⋈≻⋈⋈⊤⋈⊥⋈⊤⊥⊤⊥⋈⋈⋈≻⋈⋈⊤⋈⋈∈⋈⋈⊤∈⋈⋈∋∋⋈⋈⋈⋈⋈⋈≻⋈⋈⋈⊤∈⋈⋈⊤∈⋈⋈∋∋⋈⋈⋈⋈≻⋈⋈⋈⋈⋈≻⊤∈⋈⋈⋈⋈⋈⋈⋈≻⋈∋⋈≺∋⋈⋈⋈⋈⋈⋈≻⋈⊤∈∋⋈⋈≻≺∋⋈⊞⋈⋈⊞⊞⊞⊞⊞⊞⊞∈⊞⊡⊞⊞⊞⊤∈∈⊞⊞⊞⊞⋈⊤∈⋈⊤∈⋈≺∋⋈⊞⋈∈∋∋⊤∈⊞⊤∈⊞⊞⊞⊞∋⊞⊞⊤∈⋈⊤∈⊡⊞⊞⋈≺∋⊞⋈⊡⋈⊞⋈⋈⊡⊞⋈⋈⋈⋈∋∋⋈⊞⋈⋈⋈⋈⋈⋈⊣⋈≺∋⊞⊞⊞≺∋⊞⊞⊞≺∋
0x605346d	⊢⋈⋈⋈⋈⋈⋈⊞⋈⋈⋈⋈⋈⋈⊤∈⋈⋈⋈⋈≻⋈⊞⋈⋈⊞⊞⊞⊞⊞⊞∈⊞⊡⊞⊞⊞⊤∈∈⊞⊞⊞⊞⋈⊤∈⋈⊤∈⋈⊤∈⊤∈⋈≺⋈⊤∈⋈⋈⋈⊞⊥⊞⊤⊥⊞∈⊤∈⋈⊞⋈⋈⋈≻⊤∈⋈⋈≺∋⋈⋈⋈⊙⋈⊞∋⋈≺⋈⋈≺⋈≺∋∋∋⋈⋈⋈∋⋈⊞⋈∈∋∋⊞⊞⊤∈∋⋈⋈⋈⋈⋈⋈⋈≻⋈⋈⋈⊤∈⋈⊞⋈⋈⋈⋈⋈≻⊞⊤⊥⊞⋈⋈⋈≻⋈⋈⋈⋈⋈≻⊞⊤⊥⊞⋈⋈⋈≻⋈⋈⋈⋈≻⋈⊤∈⊞⋈⊤⋈∈⋈≻⋈⊤∈⊤∈⋈≺⋈⊤∈⋈⋈⋈⊞⊥⊞⊤⊥⊞∈⊤∈⋈⊞⋈⋈⋈≻⊤∈⋈⋈≺∋⋈⋈⋈⊙⋈⊞⋈≺⋈⋈⊞⋈⋈⊤∈∋∋⋈⋈⋈≺⋈⊞≺∋⋈∋⋈⊞⊞⋈⋈⋈⋈⋈⋈≻∋⋈⊤∈⋈⋈⋈≻⋈⋈⋈⋈⋈⋈⋈⋈⋈⋈⋈⋈≻⋈⋈⋈⋈⋈⋈≻⋈⋈⊤⋈⋈⊥⋈⊤⊥⊤∈⋈⋈⋈⋈⊡⊡⋈⋈≻⋈⋈⋈⋈⋈⋈⋈⋈⊡⊡⋈⋈≻⋈⋈⋈≺∋⋈⊤∈⋈⋈⋈⋈≻∋⋈⊤∈⋈⋈⊤∈⊤∈⋈∋⊤∈⋈≺∋⊤∈∋⋈⊞⋈⊞⊞⋈⋈⋈⋈⋈⋈≻≺∋⊤∈⋈⋈⋈≺⋈⋈≻≺∋∋∋⋈∋⋈⊤∈⊤∈⋈⋈⊤∈⋈⋈⋈⊞⊥⊞⊤⊥⊞∈∋⊞⊤∈⋈⋈⋈≻⊤∈∋∋⋈∋⋈≻∋⋈⊞⋈⋈≺∋⋈⋈⋈⊙⋈≺⋈⋈≺⋈≺∋∋⋈∋⋈⋈⋈⋈⋈≻⋈⊤∈⋈⋈≻≺∋⋈⊞⋈⋈⊞⊞⊞⊞⊞⊞⊞∈⊞⊡⊞⊞⊞⊤∈∈⊞⊞⊞⊞⋈⋈⊤∈⋈⋈⊤∈⋈⋈⋈⋈⋈⊞⊤⋈∈⋈⋈≻≺∋⋈⊞⋈∈∋∋⊤∈⊞⊤∈⊞⊞⊞⊞∋⊞⊞⊤∈⋈⊤∈⊡⊞⊞⋈≺∋⊞⋈⋈⊡⋈⊞⋈⋈⊡⊞⋈⋈⋈⋈⋈⋈⋈⋈⋈∋∋⋈⋈⊡⊡≺∋⊞⋈⋈⋈⋈⋈⋈⊣⋈≺∋⊞⊞⊞≺∋⊞⊞⊞≺∋
0x6052c76	⊢⋈⋈⋈⋈⋈⋈⊞⋈⋈⋈⋈⋈⊤∈⋈⋈⋈≻⋈⊞⋈⋈⊞⊞⊞⊞⋈⊞⊞∈⊞⊡⊞⊞⊞⊤∈∈⊞⊞⊞⋈⊞⋈⊞⊤∈⊞⊞⋈≺⋈⊞⋈∈∋∋⊞⊞⊤∈∋⋈⋈⋈⋈⋈⋈≻⋈⋈⋈≻⋈⊤∈⋈⋈⋈⋈⋈⋈⋈⋈⋈⋈⋈⋈⋈⋈≻⋈⋈⊤∈⋈⋈⋈≻∋⋈⊤⋈∈⋈⋈⋈≻∋⊡⊡⊡⊡⋈⊡⊡⊡⊡⋈≻⋈⋈⋈⋈⋈⋈⋈⋈⋈⋈⋈⋈≻⋈⋈⋈⋈⋈⋈≻⊤∈⋈⋈⋈⋈⋈⋈⋈≻⋈∋⋈≺∋⋈⋈⋈≻∋⋈⊞⋈⋈⋈⋈⋈⋈⊣⊞⊞⊞≺∋
0x6052f0a	⊢⋈⋈⋈⋈⋈⋈⊞⋈⋈⋈⋈⋈⊤∈⋈⋈⋈≻⋈⊞⋈⋈⊞⊞⊞⊞⋈⊞⊞∈⊞⊡⊞⊞⊞⊤∈∈⊞⊞⊞⋈⊞⋈⊞⊤∈⊞⊞⋈≺⋈⊞⋈∈∋∋⊞⊞⊤∈∋⋈⋈⋈⋈≻⋈⋈⋈≻⊤∈⋈⋈⋈⋈⋈⋈⋈⊤∈⋈⋈⊤∈⊤∈⋈⊤∈⋈⊤∈∋⊞≺≺∋∋∋∋⋈⋈⋈⋈⋈⋈⋈⋈⋈≻⋈⋈⋈⋈≻⋈⋈⋈⋈⋈⋈⋈⋈⋈⋈⋈≻⋈⋈⋈⋈⋈⋈⋈⋈⋈⋈⋈⋈≻⋈⋈⋈≻⋈⋈⊤∈⋈⊞⋈∋⋈⋈⋈⋈⋈⋈⋈⋈⋈⋈⋈⋈⋈⋈⊤∈⋈⋈⋈≻∋⋈⋈⊤∈⋈⋈⋈≻∋⋈⋈⋈⋈⋈⋈⊤∈⋈⋈⊤∈⋈⊤∈⊤∈⊤∈∋⊞⋈≺∋∋∋∋⋈⋈⋈⋈⋈≻⋈⋈⋈⋈≻⋈⋈⋈⋈⋈⋈⋈⋈⋈⋈≻⋈⋈⋈⋈⋈⋈⋈⋈⋈⋈⋈⋈⋈≻⋈⋈⋈≻⊤∈⋈⊞⋈∋⋈⋈⋈⋈⋈⋈⋈⋈⋈⋈⋈⋈⋈⊤⋈∈⋈⋈⋈≻∋⋈⊤∈⋈⋈⋈≻∋⊡⊡⋈⊡⊡⋈≻⋈⋈⋈⋈⋈⋈⋈⋈⋈⋈⋈⋈⋈≻⋈⋈⋈⋈⋈⋈⋈≻⊤∈⋈⋈⋈⋈⋈⋈⋈⋈≻⋈≺∋∋⋈⋈⋈≻∋⋈⊞⋈⋈⋈⋈⋈⋈⊣⊞⊞⊞≺∋
0x60348a0	⊢⋈⋈⋈⋈⋈⋈⋈⋈⋈⊤∈⋈⋈⊙⋈⋈⋈⊤∈∋⊤∈⊞∋⋈⋈⋈⋈⋈⊣⋈⋈⋈⋈⋈⋈⋈⋈⊙
0x6036cd0	⊢⋈⋈⋈⋈⋈≻
0x606ec9d	⊢⋈⋈⋈⋈⋈⋈⊞⋈⋈⋈⋈⋈⋈⋈⋈⋈⋈⊞∈⋈⋈≺∋⊞⋈⊤∈⋈⋈⋈⊞⊥⊞⊤⊥⊞∈⋈⋈⋈⋈⋈⋈≻⊤∈⊤∈⊞⋈⋈⋈≺∋⋈⋈⋈⋈⋈⊞∋⋈⋈≻∋⋈⊞⊞⊤∈⋈⋈⋈⋈≻≺∋∋⋈⋈≻⊤∈⋈⋈≺⊤∈⋈⊞⊞⋈⋈≺∋∋⋈⋈≻⋈⊤∈⋈⋈⊤∈⊞≺⊤∈⋈⊞⋈∈⊤∈⊞⋈⊞⊤⋈∈∋⊤∈∋⋈⋈≺∋∋∋⋈⊞⊤∈⊤∈⋈⋈⋈≻⋈⋈⋈≺⊤∈⊞⋈⋈≻⋈⋈≻⋈⋈⋈≺⋈⋈⊤⊥⊤⊥⋈≺∋∋∋∋⋈⋈⋈⋈⋈⋈⊞⋈⋈⋈⋈⋈⋈⊣
0x606e8fa	⊢⋈⋈⋈⋈⋈⋈⊞⋈⋈⋈⋈⋈⋈⊤∈⋈⊤∈⋈⋈⊤⊥⋈⊤⊥⊞∈⋈⊡⊞⋈⊞⊞⋈⊞⊞∈⋈⊞∈⊤∈⊞≺⊤∈⋈⊞∈⋈⊞∋⋈⋈⋈≺⋈⋈⊞⊞⋈⊞⊞⊞∈∋∋∋⋈⋈⋈⋈⋈⋈⋈⋈⋈⋈⋈⋈⋈≻≺⋈≺∋∋⋈⊞⋈⊞⋈⋈⋈⋈⋈⋈≻∋⋈⋈⋈⋈⋈≻⋈⋈⋈⋈⋈⊤∈⋈⋈⊤∈⊤∈⋈∋⊤∈⋈≺∋⊤∈∋⋈⊞⋈⊞⋈⋈⋈⋈⋈⋈⋈≻≺∋⊤∈⋈⋈⋈⋈≻≺∋∋⋈⋈⋈⋈≻⋈⋈⋈⋈⋈⋈⋈⋈⋈⋈⋈⋈⋈⋈≻⋈⋈⋈⋈⋈⋈⋈⋈⋈⋈⋈⊤⋈⊥⋈⊤∈⊤⊥⊤∈⊤⊥⊤∈∋⋈⊞⊞⋈⋈⋈⋈≻∋⊤∈⋈⋈⋈⋈⋈≻≺∋⋈≺∋⋈⋈⋈⋈⋈⋈⋈⋈⋈⊤∈⋈⋈⋈⋈⋈⋈≻⋈⋈⋈⋈⋈⋈⋈≻⋈⊤∈∋⋈⋈⋈≻≺∋∋∋⊞⋈⋈⋈⋈⋈⋈⊣
0x606f339	⊢⋈⋈⋈⋈⋈⋈⊞⋈⋈⋈⋈⋈⋈⊞⊤∈⋈⋈≺⊤∈⋈⊞⋈⋈≺∋∋⋈⊤∈⋈⋈⋈⋈≺⋈⊤∈⋈⊞⊞⋈⋈⋈≺∋∋⋈⊤⋈⋈∈⊞∈⊤∈⊞⊤∈⋈⊤⋈∈∋∋∈∋⋈⋈⊤∈⊤∈⋈⊤∈⋈⋈⊞⊥⋈⊞⊤⊥⊞∈⊞∈⋈⋈≻∋⋈⊤∈⋈⊞⋈⋈⋈⋈≻⋈⊤∈∋⋈⋈≺∋⋈⋈⊙⋈≺⋈⋈≺∋⋈∋∋⋈⋈⋈⋈⋈⋈⋈⋈⋈⋈⋈⋈⋈⋈≻⋈⋈⋈⋈⋈⋈⋈⋈⋈⋈⋈⋈≻⋈∋⋈⋈⋈⋈⋈≻⋈⋈⋈⋈⋈⋈⋈⋈⋈⋈⋈≻⋈⋈⋈⋈⋈⋈⋈⋈⋈⋈≻⋈⋈≻⋈⋈⋈⋈⋈⊤∈⋈⋈⋈≻∋⋈⊤∈⊤∈⊤∈∋⋈⊞⋈⋈⋈⋈⋈⊞≻∋⋈⋈≻≺∋⋈⋈⋈≻⋈⋈⋈⋈≺∋⋈⋈⋈⋈⋈≻⊤∈⋈⋈⋈≺⊤∈⋈⋈⊞⋈⋈⋈≺∋∋⋈⊤∈⋈⋈⋈⋈≺⋈⊤∈⋈⊞⊞⋈⋈⋈≺∋∋⊤∈⊞∈⊤∈⊞⊤∈⋈⋈⊞⊤∈∋∋∈∋⋈⋈⋈⋈⋈⋈⋈⋈≻⋈≻⋈⋈⋈≻⋈⊤∈⋈⋈≺⊤∈⋈⊞⋈⋈≺∋∋⋈⊤∈⋈≺⊤∈⋈⊞⋈⋈≺∋∋⋈⊤∈⊞∈⊤∈⊞⊤∈≺⋈⊤⋈∈∋∋∈∋⋈≻⋈⋈≻∋∋⋈⊤∈⋈⋈⋈≻∋⋈∋⊞⋈≺∋⋈⋈⋈⋈⋈⋈⋈⋈⋈⋈⋈⋈⋈⋈⋈⋈≻⋈⋈⋈⋈⋈⊤∈⋈⋈⋈≻∋⋈⋈⋈⋈⋈⋈⋈⋈⋈⋈⊤⋈∈⋈⋈⋈≻∋⋈⊤⊥⊞∈⋈⋈⋈≻∋⋈⊤∈⋈⋈⋈≻∋⊞⋈⋈⋈⋈⋈⋈⊣
0x606eefe	⊢⋈⋈⋈⋈⋈⋈⊞⋈⋈⋈⋈⋈⊞⋈⋈⋈≻⋈⋈⋈⋈⋈⋈⋈⋈⋈⋈⋈⋈≻⋈⋈⋈⋈⋈⋈⋈⋈⋈⋈⋈⋈≻⋈⋈⋈⋈⋈⋈⋈⊞⋈⋈⋈⋈⋈∈⊤∈⋈⊤∈⋈⋈⊞⊥⋈⊤⊥⊞∈⋈⋈⊤∈⋈⊞⋈⋈⋈⋈⋈≻⊤∈⋈⋈⋈≺∋⋈⋈⋈⊙⋈⋈⋈⋈⋈≺⋈⋈⋈≺∋⋈∋∋⋈⋈⋈⋈⋈⋈⊤⋈∈⊤∈⋈⊤∈⋈⋈⊞⊥⋈⊤⊥⊞∈∋⊞∋∈⋈⋈≻∋⊤∈⋈⊞⋈⋈⋈⋈≻⊤∈∋⋈⋈⋈≺∋⋈⋈⋈⋈⊙⋈⋈≺⋈⋈≺∋⋈∋∋⋈⋈⋈⋈⋈⋈⋈⋈⋈⋈⋈⋈⋈⋈⋈≻⋈⋈⋈⋈⋈⋈⋈⋈⋈⋈⋈⋈⋈≻⋈⋈⋈⋈⋈⋈⋈⋈⋈⋈⋈⋈⋈⋈⋈⋈⋈⋈⋈⋈⋈⋈⋈⋈⋈⋈≻⋈⋈⋈⋈⋈⋈⋈⋈⋈⋈⋈⋈⋈⋈≻⋈⋈⋈⋈⋈⋈⊤∈⋈⋈⋈≻∋⊞⋈⋈⋈⋈⋈⋈⊣
0x60645e0	⊢⋈⋈⋈⊤∈⋈⋈⊞⊤∈⊞⊞⊞⊞⊡⊞⊞⊤∈⊞⊞⊤⊥⋈⊤⊥⊞⊤∈⊡∈⊡⊞⊡⊞⊡⊞⊡⊞⊞⊞⊞⊞⊞⊞⊤∈⊞⊤∈⊞⊤∈⊞⊤∈⊞⊞⋈⊞⊞⋈⊣⊞≺⊞≺⊞⊤∈∋∋⋈⊤∈⊡∈⊡⊞⊞⊤∈⊞≺⊞⊤∈∋∋⊤∈∋⊞⊣⊡⊞⊞⊞⊤⊥⋈⊞⋈⊞⊣∋∋∋⊞∋⊞⊞⊞⊞∈⊤∈∋⋈⊣⊞⊤∈∋⋈⊣
0x6064780	⊢⋈⊤∈⋈⋈⊞⊤∈⊞⊞⊞⊞⊡⊞⊞⊤∈⊞⊞⊤⊥⋈⊤⊥⊞⊤∈⊡∈⊡⊞⊡⊞⊡⊞⊡⊞⊞⊞⊞⊞⊞⊞⊤∈⊞⊤∈⊞⊤∈⊞⊤∈⊞⊞⋈⊞⊞⋈⊣⊞≺⊞≺⊞⊤∈∋∋⋈⊤∈⊡∈⊡⊞⊞⊤∈⊞≺⊞⊤∈∋∋⊤∈∋⊞⊣⊡⊞⊞⊞⊤⊥⋈⊞⋈⊞⊣∋∋∋⊞∋⊞⊞⊞∈⊤∈∋⋈⊣⊞⊤∈∋⋈⊣
0x607e260	⊢⋈⋈⊞⋈⋈⋈⋈⋈⊙⊞⋈⋈⊞⋈⊣
0x6064908	⊢⋈⋈⋈⋈⋈⋈⋈⊤∈≻≺∋⊤∈⋈⋈≺∋⋈⋈⋈⋈⋈⋈⋈⊙
0x6064ab5	⊢⋈⋈⊞⊞
0x6064953	⊢⊤∈⋈⊞⊤∈⊞⊞⊞⊞⊡⊞⊞⊤∈⊞⊤∈⋈∈⋈⊤∈⋈∋⋈∈⊤∈⊤∈∋⊞⊡⊞⊞⊞⊤⊥⊞⊞≺⊡⊞⊞⊞⊤∈∋≺⋈⊡⊞⊡⊞⊡⊞⊡⊞⊞⊞⊞⊞⊞⊞⊤∈∋⊞⊤∈⊞⊤∈⊞⊤∈⊞⋈⊞⊞⊞⊞⊞≺⊞⊞≺⊞≺∋∋⋈⊞⊞≺⊞∋⋈⊞⊞⊞∈⊤∈⋈⊤⋈∈∋≺∋∋∋⋈≺∋∋∋⋈⊣
0x6064cbc	⊢⋈⋈⋈⋈⋈⋈⋈⊤∈≻≺∋⊤∈⋈⋈≺∋⋈⋈⋈⋈⋈⋈⋈⊙
0x6064f3b	⊢⊤∈⊞⊣⋈⋈
0x6064d07	⊢⊤∈⊞⊣⋈⋈⋈⋈⋈⊞⊤∈⊞⊞⊞⊞⋈⊞⊞⊞∈⊞⊤⊥⊞⊞⊤∈∋⊤∈⋈⊤∈⋈⋈⋈⋈∈⊡⊞⊞⋈⊞⊞⊞⋈⊞⊞⊞⊞⋈⊞⊞⊞⋈⊞⊞⊞⊞⊡⊞⊞⋈⊞⊞⊞⋈⊞⊞⊞⊞⋈⊞⊞⊞⋈⊞⊞⊞⊡⊞⊞⋈⊞⊞⊞⋈⊞⊞⊞⊞⋈⊞⊞⊞⋈⊞⊞⊞⊞⊞⊡⊞⊞⋈⊞⊞⊞⋈⊞⊞⊞⊞⋈⊞⊞⊞⋈⊞⊞⊞⊞⊞⊤∈∋∋∋⋈⊤∈⋈∈⊡⊞⊞⋈⊞⊞⊞⋈⊞⊞⊞⊞⋈⊞⊞⊞⋈⊞⊞⋈⊞⊞⊤∈∋∋⊞⊤∈∈⊞⊤⊥⊞⊞⊤∈∋∋⊞⊞∈⊞⊤⊥⊞⊞⊤∈∋≺∋⋈⋈⋈⋈⊣
0x60a3a60	⊢⋈⋈⋈⊣
0x6036b30	⊢⋈⋈⋈⋈⋈⋈⋈⋈⋈⋈⋈⊞∈⊤∈⋈⊞⊤∈⋈⊞⊞⋈⊤∈⊤∈⋈≺⋈≺∋⊞∈⊞⊤∈⊤∈⋈≺⋈∈⊤∈⊤∈⋈⋈⋈⋈⋈⊞⋈⋈⋈⋈⋈⋈⋈⊙⋈⋈⋈⋈⋈≺∋⊞⋈⊤⊥⊤⊥⊞⊤∈⋈⊞⋈⊞⊤∈∋⊡⋈⊞⋈⊞⋈⋈⋈⋈⋈⋈⋈⊙⋈⋈⋈⋈≺∋∋⊤∈⋈∋∋⊞⋈⋈≻⋈∋⋈⋈≺∋∋∋⋈∋⊞⋈⋈⋈⋈⋈⋈⊣
0x6036610	⊢⋈⋈⊞⋈⋈⋈⋈⋈⋈⋈≻
0x6035190	⊢⋈⋈⊞⋈⋈⋈⋈⋈⋈⋈⋈⋈⋈⋈≻
0x6035210	⊢⋈⋈⊞⋈⋈⋈⋈⋈⋈⋈⋈⋈⋈⋈≻
0x60351d0	⊢⋈⋈⊞⋈⋈⋈⋈⋈⋈⋈⋈⋈⋈⋈≻
0x6036cf0	⊢⋈⋈⊞⋈⋈⋈⋈⋈⋈⋈⋈⋈⋈⋈≻
0x6044935	⊢⋈⋈⋈⋈⋈⋈⋈⋈⊤⊥⋈⊤⊥⊞∈⊤∈⋈⊤∈⊤∈⊤∈⋈⋈≺⊤∈⋈⊞⋈⋈≺∋∋⊤∈⋈⋈≺⊤∈⋈⊞⋈⋈≺∋∋⊤∈⊞⊙⊤∈≺∋⋈⊤∈⋈⊤∈⊤∈⋈⋈≺⊤∈⋈⊞⊞⋈⋈≺∋∋⊤∈⋈⋈≺⊤∈⋈⊞⊞⋈⋈≺∋∋⊤∈⊞⊙⊤≺⋈⊤∈⋈⊤∈⋈⊤∋⊥≺∋∋∋∋∋∋∋⊞∋∋⋈⋈⋈⊣
0x60a3d90	⊢⋈⋈⋈⊣
0x60a3a10	⊢⋈⋈⋈⊣
0x60a40d0	⊢⋈⋈⋈⋈⊞⋈⋈⋈⊞⋈⋈⊞⊙
0x6031629	⊢⋈⋈⋈⋈⋈⋈⊞⋈⋈⋈⊤∈⋈⋈⊤∈⊤∈⊤∈⊤∈∋⋈⋈⋈⋈⊞∈⋈⋈≺∋⊤∈⋈⊤∈⋈⊤∈⋈⋈⋈≻⊤∈⋈⋈≻⋈⋈⋈⋈⋈⋈⊞⋈⋈⋈⋈⊤∈⋈⋈⋈⋈⋈⋈⋈∈⋈⋈⊤∈⋈⋈⊙⊤∈⋈⋈≻⋈⋈⋈⋈⋈⊞⋈⊤∈⊞⋈⋈⋈⋈⋈⋈⋈≻⋈⋈⋈⊞∈⋈⋈⊤∈⋈≻∋⋈⋈⋈∋⊞⊤⊥≺∋⋈⊞⋈⋈⋈⋈⋈⊣⋈⋈⋈⋈⋈⋈⋈⋈⋈⋈⋈⋈⋈≻⋈⋈⋈⊤∈∋⋈⋈⋈⊤⋈∈⋈≻∋⋈⋈⋈⊤∈⋈⋈⊤∈⋈⋈⋈⋈≺∋⋈⊤∈∋⋈≺∋∋∋⋈⊞⋈⋈⋈⋈⋈⋈⊣⋈⋈⋈⋈⊙⋈⋈⊤∈∋⋈⊤∈⋈≺⋈≺∋⋈≺∋⋈⋈⋈⋈⋈⋈≻⋈⋈⋈≺∋⋈⋈⋈⊞∈⋈⋈⋈⋈≺⋈⊤∈⋈⊞⊞⋈⋈⋈≺∋∋⋈⊤∈⋈⋈⋈⋈≺⋈⋈⊤∈⋈⊞⊞⋈⋈⋈≺∋∋⊤⊥⊞⊤∈⊞∈⊤∈⊞⊤⊥⊞⋈⊤⋈∈∋⊥⊞≺∋∋⊤∈⋈⋈⋈⋈≺⋈⊤∈⋈⊤∈⋈≺⋈⊤∈⊤∈⋈≺⊤∈⋈⋈⊞⊥⊞⊤⊥⊞∈⊤∈⋈⊞⋈⋈⋈⋈≻⊤∈⋈⋈⋈≺∋⋈⋈⋈⊙⋈⊞∋⋈≺⋈⋈≺∋∋∋⋈⋈⋈⋈⋈⋈≻⋈⋈⋈⋈⋈⋈≺⋈⊞⊤⋈∈⊤∈⋈≺⋈⊤∈⋈⋈⊞⊥⊞⊤⊥⊞∈⊤∈⋈⊞⋈⋈⋈⋈≻⊤∈⋈⋈⋈≺∋⋈⋈⊙⊞∋⋈⋈≻∋⊤∈⋈⋈≺⊤∈⋈⋈⊞⊥⊞⊤⊥⊞∈⊤⋈∈⋈⊞⋈⋈⋈⋈≻⋈⊤∈⋈⋈≺∋⋈⋈⋈⋈⊙⋈⊞∋⋈⋈≻⋈⋈⋈⋈≺∋∋∋⋈⊞⋈⋈⋈⋈⋈⋈≻⋈⋈⋈⋈⋈⋈⋈⋈≺⋈≺∋∋∋⋈⊞⋈⋈⋈⋈≺⋈⋈⊞⊤⋈∈⊤∈⋈≺⋈⊤∈⋈⋈⊞⊥⊞⊤⊥⊞∈⊤∈⋈⊞⋈⋈⋈⋈≻⊤∈⋈⋈⋈≺∋⋈⋈⊙⊞∋⋈∋∈⋈≻∋⊤∈⋈≺⋈⊤∈⋈⋈⊞⊥⊞⊤⊥⊞∈∋⊤∈⋈⊞⋈⋈⋈⋈≻⊤∈⋈⋈≺∋⋈⋈⋈⊙⊞∋⋈≺∋⋈⋈≺∋∋∋⋈⋈⋈⋈⋈⋈≻⋈⋈⋈∋⋈⋈⋈≺∋∋⋈≻⋈⋈≺⋈≺∋∋∋⋈⋈⋈⋈≺∋∋∋⊞⋈⋈⋈⋈⋈⋈⊣
0x6051954	⊢⋈⋈⋈⋈⋈⋈⊞⋈⋈⋈⊤∈⋈⋈⊤∈⊤∈⊤∈⊤∈∋⋈⋈⋈⋈≻⋈⋈⋈≺∋⋈⋈⋈⊞∈⋈⋈⋈⋈≺⋈⊤∈⋈⋈⋈≺⋈⊞⊤⋈∈⊤∈⋈≺⋈⊤∈⋈⋈⊞⊥⊞⊤⊥⊞∈⊤∈⋈⋈⋈⋈≻⊤∈⋈⋈⋈≺⊞∋⋈≺⋈⋈≺⋈≺⋈⋈⊞⊤⋈∈⊤∈⋈≺⋈⊤∈⋈⋈⊞⊥⊞⊤⊥⊞∈⊤∈⋈⊞⋈⋈⋈⋈≻⊤∈⋈⋈⋈≺∋⋈⋈⊙⊞∋⋈∈⋈≻∋⋈⊞⊞∋∋⋈⊤∈⋈⋈⋈⋈≺⋈⋈⊤∈⋈⊞⊞⋈⋈⋈≺∋∋⊤⊥⊞⊤∈⊞∈⊤∈⊞⊤⊥⊞⋈⊤⋈∈∋⊥⊞≺∋∋⊤∈⋈⋈⋈⋈≺⋈⊤∈⋈⊤∈⊤∈⋈≺⊤∈⋈⋈⊞⊥⊞⊤⊥⊞∈⊤⋈∈⋈⊞⋈⋈⋈≻⊤∈⋈⋈≺∋⋈⋈⋈⊙⋈⋈⊞∋⋈∋⋈≻∋⋈⊞∋⋈⋈⊙∋∋∋⋈⊞⋈⋈⋈⋈≺⋈⋈⋈≺∋∋∋⋈⊞⋈⋈⋈⋈⋈⋈≻⋈⋈⋈⋈⋈⋈⋈⊤∈⊤∈⋈≺⊤∈⋈⋈⊞⊥⊞⊤⊥⊞∈⊤∈⋈⋈⋈⋈⋈⋈≻⊤∈⋈⋈⋈≺∋⋈⋈⋈⊙⋈⊞∋⋈≺∋⋈⋈≺∋∋∋⋈⋈⋈⋈⋈⋈≻⋈⋈⋈⋈⋈⋈≺∋⋈∋≻⋈⋈≺⋈≺∋∋∋⋈⋈⋈⋈≺∋∋∋⊞⋈⋈⋈⋈⋈⋈⊣
0x606aa2f	⊢⋈⋈⋈⋈⋈⋈⊞⋈⋈⋈⊤∈⋈⋈⊤∈⊤∈⊤∈⊤∈∋⋈⋈⋈⋈≻⋈⋈⋈≺∋⋈⋈⋈⊞∈⋈⋈⋈⋈≺⋈⊤∈⋈⋈⋈≺⋈⊞⊤⋈∈⊤∈⋈≺⋈⊤∈⋈⋈⊞⊥⊞⊤⊥⊞∈⊤∈⋈⋈⋈⋈≻⊤∈⋈⋈⋈≺⊞∋⋈≺⋈⋈≺⋈≺⋈⋈⊞⊤⋈∈⊤∈⋈≺⋈⊤∈⋈⋈⊞⊥⊞⊤⊥⊞∈⊤∈⋈⊞⋈⋈⋈⋈≻⊤∈⋈⋈⋈≺∋⋈⋈⊙⊞∋⋈∈⋈≻∋⋈⊞⊞∋∋⋈⊤∈⋈⋈⋈⋈≺⋈⋈⊤∈⋈⊞⊞⋈⋈⋈≺∋∋⊤⊥⊞⊤∈⊞∈⊤∈⊞⊤⊥⊞⋈⊤⋈∈∋⊥⊞≺∋∋⊤∈⋈⋈⋈⋈≺⋈⊤∈⋈⊤∈⊤∈⋈≺⊤∈⋈⋈⊞⊥⊞⊤⊥⊞∈⊤⋈∈⋈⊞⋈⋈⋈≻⊤∈⋈⋈≺∋⋈⋈⋈⊙⋈⋈⊞∋⋈∋⋈≻∋⋈⊞∋⋈⋈⊙∋∋∋⋈⊞⋈⋈⋈⋈≺⋈⋈⋈≺∋∋∋⋈⊞⋈⋈⋈⋈⋈⋈≻⋈⋈⋈⋈⋈⋈⋈⊤∈⊤∈⋈≺⊤∈⋈⋈⊞⊥⊞⊤⊥⊞∈⊤∈⋈⋈⋈⋈⋈⋈≻⊤∈⋈⋈⋈≺∋⋈⋈⋈⊙⋈⊞∋⋈≺∋⋈⋈≺∋∋∋⋈⋈⋈⋈⋈⋈≻⋈⋈⋈⋈⋈⋈≺∋⋈∋≻⋈⋈≺⋈≺∋∋∋⋈⋈⋈⋈≺∋∋∋⊞⋈⋈⋈⋈⋈⋈⊣
0x6041788	⊢⋈⋈⋈⋈⋈⋈⊞⋈⋈⋈⊤∈⋈⋈⊤∈⊤∈⊤∈⊤∈∋⋈⋈⋈⊞∈⋈⋈⋈⋈≺⋈⋈⊤∈⋈⋈⋈≺∋⋈⋈⋈⋈≻⋈⋈⋈≺⋈⊞⊤⋈∈⊤∈⋈≺⋈⊤∈⋈⋈⊞⊥⊞⊤⊥⊞∈⊤∈⋈⋈⋈⋈≻⊤∈⋈⋈⋈≺⊞∋⋈≺⋈⋈≺⋈≺⋈⋈⊞⊤⋈∈⊤∈⋈≺⋈⊤∈⋈⋈⊞⊥⊞⊤⊥⊞∈⊤∈⋈⊞⋈⋈⋈⋈≻⊤∈⋈⋈⋈≺∋⋈⋈⊙⊞∋⋈∈⋈≻∋⋈⊞⊞∋∋⋈⊤∈⋈⋈⋈⋈≺⋈⋈⊤∈⋈⊞⊞⋈⋈⋈≺∋∋⊤⊥⊞⊤∈⊞∈⊤∈⊞⊤⊥⊞⋈⊤⋈∈∋⊥⊞≺∋∋⊤∈⋈⋈⋈⋈≺⋈⊤∈⋈⊤∈⊤∈⋈≺⊤∈⋈⋈⊞⊥⊞⊤⊥⊞∈⊤∈⋈⋈⋈⋈≻⋈⊤∈⋈⋈≺∋⋈⋈⋈⊙⋈⊞∋∋⋈≻∋⋈⊞∋⋈⋈⊙∋∋∋⋈⋈⋈⋈⋈⋈≺∋∋∋⋈⋈⋈⋈⋈⋈≻⋈⋈⋈⋈⋈⋈⋈⊤∈⊤∈⋈≺⊤∈⋈⋈⊞⊥⊞⊤⊥⊞∈⊤∈⋈⋈⋈⋈⋈≻⊤∈⋈≺∋⋈⋈⋈⋈⊙⋈⋈⊞∋⋈≺∋⋈⋈⋈≺∋∋∋⋈⋈⋈⋈⋈⋈≻⋈⋈⋈⋈⋈⋈≺∋⋈∋≻⋈⋈≺⋈≺∋∋∋⋈⋈⋈≺∋⋈≺∋∋⊞⋈⋈⋈⋈⋈⋈⊣
0x6044a9e	⊢⋈⋈⋈⋈⋈⋈⊞⋈⋈⋈⋈⋈⋈⊞∈⋈⋈≺∋⊤∈⋈⊤∈⊤∈⋈≺⋈⊤∈⋈⋈⋈≻⊤∈⋈⋈≻⋈⋈⋈⋈⋈⋈⊞⋈⋈⋈⋈⊞⊤⋈∈⊤∈⋈⋈⊤∈⋈⋈⊞⊥⋈⊤⊥⊞∈⊞≺⋈⋈≺⋈≺∋∋⋈∈⋈⊤∈⊤∈⋈≺⋈⊤∈⋈⋈⊞⊥⊞⊤⊥⊞∈⋈⋈⊤∈⋈⊞⋈⋈⋈⋈⋈≻⋈⊤∈⋈⋈⋈≺∋⋈⋈⊙⋈⋈⊞∋⋈∋∈⋈≻∋⋈⊤∈⋈⊞⋈⋈⋈⋈≻⋈⋈⊤∈∋⋈⋈≺∋⋈⋈⋈⊙⋈⋈≺∋⋈⋈≺⋈≺∋∋∋⋈⋈⋈⋈⋈⋈⋈⊞⋈⋈⋈⋈⋈⋈⊣⋈⋈⋈⋈⊙⋈⋈⋈≺⋈⊤∈∋⋈⊤∈⊤∈⋈≺⋈⊤∈⋈⋈⊞⊥⊞⊤⊥⊞∈⊞∈⋈⋈≻∋⊤∈⋈⊞⋈⋈⋈⋈≻⊤∈∋⋈⋈⋈≺∋⋈⋈⊙⋈⋈≺⋈≺∋∋∋⋈⋈⋈⋈⋈⋈≻⋈⋈⋈⋈≺∋∋∋⋈⋈⋈⋈⋈⋈≻⋈⋈⋈≺∋⋈⊞⋈⋈⋈⋈⋈⋈⊣
0x603cd9f	⊢⋈⋈⋈⋈⋈⋈⊞⋈⋈⋈∈⊤∈⊞⋈⋈⋈≺⋈⊞⊤∈∋⋈⋈⊙⊤∈⋈⋈≻⊞⋈⋈⋈⋈⋈⋈⋈∈∈⊤∈⋈⋈⋈⋈∋⊞⋈⋈⋈⋈⋈⋈⊣⋈⊞⊤∈∋⋈⊤∈⋈⋈⋈⋈⋈≻⋈≺∋⊞⋈⊞⋈⋈⊞⋈≺∋
0x6077572	⊢⋈⊞⊤∈⊤∈⊞⊣⊞⊞∈⊞⊤⊥⊞⊞⊤∈∋⊣
0x6031edd	⊢⋈⋈⋈⋈⋈⋈⊞⋈⊞⊤∈⋈⋈⋈⋈⊤∈⋈⋈⊙⊤∈⋈⋈≻⋈⋈⋈⋈⋈⋈⋈⋈⋈≻⋈⋈⋈⋈⋈⊤∈⋈⋈⊤∈⊤∈⊤∈⊤∈⋈⊤∈∋⊤∈≺≺∋⊞∋⊞≺⋈⊤∈⊤∈⊤∈⊞⋈⋈⊤∈∋⋈⊞⋈⋈≺∋⋈⊤⊥≺∋⊤⊥⊞⊞≺∋∋⊤∈⋈⊞⊞∈∋∋∋⋈⋈⊙⊤∈∋⋈⋈≻⋈⋈⋈⋈⋈⊤∈⋈⋈⋈⋈≻≺∋∋⋈⋈⊤∈⋈⋈⋈⋈≻∋⋈⊞⊥⊞⋈⊤∈⋈⋈⊙⊤∈∋⋈⋈≻⋈⋈⋈⋈⋈⋈⊞⋈⋈⋈⋈⋈≻⋈∈∈⋈⊞⋈∈⋈⊤∈⊤⋈∈⊞⋈⋈⋈≻∋⋈⋈⋈≻⊞⋈⋈⋈⋈⋈⋈⊣⋈⋈⊞⊤∈∋⊤∈⋈⋈⋈≻∋⊞⊞⊞⊞⊤∈⋈⋈⋈⋈⋈≻≺∋⋈⊞⊞⋈⋈⋈⋈⋈⋈⋈⋈⋈≻≺∋⋈⋈⋈⋈⋈⋈⋈⋈⋈≺⋈⋈⊤∈∋∋⊞⋈⊤∈⋈≻∋⋈⋈⋈⋈⊞≺∋∋∋⋈⊞⋈⋈⋈⋈⋈⋈⊣
0x607727c	⊢⋈⋈⋈⋈⊞⋈⋈⋈⊞∈⋈⋈⋈⋈⊤∈⋈⋈⊞⊞⋈⊤⊥⊤∈⋈⋈⊞⊞⋈⊤⊥⊤∈⊞⊞∈⋈⊤∈⋈⊤∈⋈⊤∈⋈⊤∈∋∋⋈⋈⋈⋈⋈⋈⋈⋈⊞⊞⊞∈⋈⊤∈⋈≺⋈⊞⋈⋈⋈⋈⊞⊞⋈⊤⊥⊤∈⋈⋈⊞⊞⋈⊤⊥⊤∈∋∋∋⋈≻∋⋈⋈⋈≻⊞⊞⋈⊞⊞⊞⋈⊞∈∋≺⋈⋈⋈⋈⋈⋈⋈∋⋈⋈⋈≻⊤⋈∈⋈⋈⋈⋈⋈⊤∈⋈⊤∈⋈⊞⋈⊞⊤∈⋈⊞⊞⋈≺⋈⊞⊞⊞⊤∈⋈⊞⊞⋈⋈⋈⊞⊞⊞⊞⊞⊞≺⋈≺∋∋∋⊤∈∋⊤⊤∈∋∋≻⋈⋈⋈⋈⋈⋈⋈⋈⋈⋈⋈⋈⋈⋈⋈⋈≻⋈⋈⋈≺∋∋∋∋∋⊞⋈⋈⋈⊣
0x607df00	⊢⋈⋈⋈⋈⋈⋈⋈⊞⋈⋈⋈⋈⋈⋈⊙⊤∈⋈⋈≻⋈⊤∈⋈⊙∋⋈≺⊙⋈≻⋈⋈⋈⋈⋈⊞∈⋈⋈⊙⊤∈⋈⊙⋈⊤∈⋈⊤∈⋈⊙⋈⋈⋈⋈⋈⋈≻⋈⋈⊤∈∋⋈⊤⋈∈⋈⋈≻⊣⊙⋈⊤∈⊞⊞⊤∈⋈⊙∋⋈≺∋⋈⊞⊤∈⋈⋈⋈⋈⊤∈⋈⊙∋⊤∈⋈⊙∋⋈⊙⋈≺∋⋈⋈≺∋∋⋈⋈⋈⋈⋈⋈⋈⋈⋈⊙⊤∈⋈⋈⋈⋈⋈⋈⋈⋈⋈⋈⋈⋈⋈⋈⋈⋈⋈⋈⋈⋈⋈⋈⋈⋈⋈⋈⋈⋈⋈⋈⋈⋈⊙⊤∈⊤∈⋈⋈⋈⋈⊙⊤∈∋⊞⋈⊞⋈⊤∈≺∋⋈∋⋈⊞⋈⊤∈∋⋈⊙⋈∋∋⊞⋈⋈⋈⋈⋈⋈⊣⋈⋈⋈⋈⋈⋈≻⋈⋈≺∋
0x60a33f0	⊢⋈⋈⋈⋈⋈⋈⋈⋈⋈⋈⋈⋈⋈⊤⋈⊥⊞⊞⊤⋈⊥⋈⊙⊞⋈⊤∈⋈⋈⊤∈⋈≻∋⋈⋈∋⊤⊥⊞⋈⋈⋈⋈⋈⋈⊣
0x60a37c0	⊢⋈⋈⋈⋈⋈⋈⋈⋈⊤∈⋈⋈⋈⋈⋈≺∈∈⋈⋈⋈⊙⊤∈⊙⋈⊤∈⊞⊞⊤∈∋⊤∈⋈≺∋⋈⋈⊤∈⋈≻∋⋈⋈⋈⊞∈⋈⋈⋈⋈≻⋈⋈≻⊞⋈⊤∈∋∋∋⊞≺∋⊞⋈⋈⋈⋈⋈⋈⊣
0x607870a	⊢⊡⊥⊞⋈⋈⊞⋈⊤∈⋈⋈⋈⋈⊙⋈⊣
0x6042f01	⊢⋈⋈⋈⋈⋈⋈⊞⋈⋈⋈⋈⋈⊤∈⋈⋈⊤∈⊤∈⋈⋈⊤∈⋈⋈⊞⊥⋈⊤⊥⊞∈⊞⋈⋈≺⋈≺∋∋⋈∈⋈⋈⊤∈⊤∈⋈⊤∈⋈⋈⊞⊥⊞⊤⊥⊞∈⋈⋈⋈⊤∈⋈⊞⋈⋈⋈⋈⋈≻⋈⊤∈⋈⋈⋈≺∋⋈⋈⊙⋈⋈⋈⊞∋⋈⋈≻∋⋈⊤∈⋈⋈⋈⋈⋈≻⋈⊤∈∋⋈≻∋⋈≺⋈⋈≺∋⋈⋈⋈⊙⋈⋈⋈≺∋⋈⋈≺⋈≺∋∋∋⋈⋈⋈⋈⋈⋈⋈⋈⋈⋈⋈⋈⋈⋈⋈⋈≺∋⊞⋈⋈⋈⋈⋈⋈⊣
0x605b339	⊢⋈⋈⊞⊤∈⋈⋈≺⊤∈⋈⊞⊞⋈⋈≺∋∋⊤∈⋈⋈≺⊤∈⋈⊞⊞⋈⋈≺∋∋⊤∈⊞⊣⋈⊞⋈⊙⊤⊥⊞⊣
0x604a25c	⊢⋈⋈⋈⋈⋈⋈⊞⋈⋈⋈⊤∈⋈⋈⊤∈⊤∈⊤∈⊤∈∋⋈⋈⋈⋈⋈⋈⋈≻≺∋⋈⊤∈⋈⋈≺⊤∈⋈⊞⋈⋈≺∋∋⊤∈⋈⋈≺⊤∈⋈⊞⋈⋈≺∋∋⊤⊥⊞⊤∈⊞∈⊤∈⊞⊤⊥⊞⋈⊤⋈∈∋⊥⊞≺∋∋⊤∈⋈⋈⋈⋈≺⋈⊤∈⋈⊞⋈⋈⋈⋈⋈⋈⋈⋈⋈≻⋈⋈⋈≺⋈⋈⋈⋈⋈⋈⋈≻∋⋈⋈⋈⋈⋈⋈⋈∋≻≺⋈⊤∈⊤∈⋈⋈⊤∈⋈⋈⊞⊥⋈⊤⊥⊞∈⊞∈⋈⋈≻∋⊤∈⋈⊞⋈⋈⋈⋈⋈≻⋈⊤∈∋⋈⋈⋈≺∋⋈⊙⋈≺⋈⋈≺⋈≺∋∋⋈∋⋈⊞⋈⋈⋈⋈⋈∋⊤∈⋈⋈⋈⊞⋈⋈⋈⋈⋈⋈≺⋈⋈⋈⋈≺∋∋⊞⋈⋈⋈⋈⋈⋈⊣
0x606b926	⊢⋈⋈⋈⋈⋈⋈⊞⋈⋈⋈⊤∈⋈⋈⊤∈⊤∈⊤∈⊤∈∋⋈⋈⋈⋈⋈⋈⋈≻≺∋⋈⊤∈⋈⋈≺⊤∈⋈⊞⋈⋈≺∋∋⊤∈⋈⋈≺⊤∈⋈⊞⋈⋈≺∋∋⊤⊥⊞⊤∈⊞∈⊤∈⊞⊤⊥⊞⋈⊤⋈∈∋⊥⊞≺∋∋⊤∈⋈⋈⋈⋈≺⋈⊤∈⋈⊞⋈⋈⋈⋈⋈⋈⋈⋈⋈≻⋈⋈⋈≺⋈⋈⋈⋈⋈⋈⋈≻∋⋈⋈⋈⋈⋈⋈⋈∋≻≺⋈⊤∈⊤∈⋈⋈⊤∈⋈⋈⊞⊥⋈⊤⊥⊞∈⊞∈⋈⋈≻∋⊤∈⋈⊞⋈⋈⋈⋈⋈≻⋈⊤∈∋⋈⋈⋈≺∋⋈⊙⋈≺⋈⋈≺⋈≺∋∋⋈∋⋈⊞⋈⋈⋈⋈⋈∋⊤∈⋈⋈⋈⊞⋈⋈⋈⋈⋈⋈≺⋈⋈⋈⋈≺∋∋⊞⋈⋈⋈⋈⋈⋈⊣
0x6046cf7	⊢⋈⋈⋈⋈⋈⋈⊞⋈⋈⋈⊤∈⋈⋈⊤∈⊤∈⊤∈⊤∈∋⋈⊤∈⋈⋈≺⊤∈⋈⊞⋈⋈≺∋∋⊤∈⋈⋈≺⊤∈⋈⊞⋈⋈≺∋∋⊤⊥⊞⊤∈⊞∈⊤∈⊞⊤⊥⊞⋈⊤⋈∈∋⊥⊞≺∋∋⊤∈⋈⋈⋈⋈≺⋈⊤∈⋈⋈⋈⋈⋈⋈⋈⋈⋈≻⋈⋈⋈≺⋈⋈⋈⋈⋈⋈⋈≻∋⋈⋈⋈⋈⋈⋈⋈≻≺∋⋈⋈⋈⋈⋈⋈⋈∋≻≺⋈⊤∈⊤∈⋈⋈⊤∈⋈⋈⊞⊥⋈⊤⊥⊞∈⊞∈⋈⋈≻∋⊤∈⋈⊞⋈⋈⋈⋈⋈≻⋈⊤∈∋⋈⋈⋈≺∋⋈⊙⋈≺⋈⋈≺⋈≺∋∋⋈∋⋈⋈⋈⋈⋈∋⊤∈⋈⋈⋈⊞⋈⋈⋈⋈⋈⋈≺⋈⋈⋈⋈≺∋∋⊞⋈⋈⋈⋈⋈⋈⊣
0x606cd6b	⊢⋈⋈⋈⋈⋈⋈⋈⋈⋈⋈⊞∈⋈⋈≺∋⊤∈⋈⋈⊤∈⋈⊤∈⊤∈⋈⊞⊞⋈⋈≺∋∋⊤∈⋈⋈≺⊤∈⋈⊞⋈⋈≺∋∋⊤⋈⊥⊤∈⊞⊞∈⋈⊞⊞⋈⋈⊥⊤∈∋⊤∈⊤∈∈⋈⋈⋈≻∋⊤∈∋⊞⊞∈⊤∈⊤⋈∈∋≺∋⊞⋈⋈≺∋⊞∈⋈⋈⋈≻∋∋⋈⋈⋈≻⊤∈⋈⋈≺⊤∈⋈⊞⋈⋈≺∋∋⋈⊤⊥⊤∈⋈≻≺⊞⊞∈⋈⊞⊞⋈⋈⊥⊤∈∋⋈≻⊤∈⊤∈⋈⋈≺⊤∈⋈⊞⋈⋈≺∋∋⋈⊞∈∋⋈⋈⋈≻⋈⋈⋈⋈⋈⊞⊤∈⋈⋈≺⊤∈⋈⊞⋈⋈≺∋∋⊤∈⋈⋈≺⊤∈⋈⊞⊞⋈⋈≺∋∋⋈≻⋈⊤∈⋈⋈⊤∈⊞≺⊤∈⋈⊞⋈∈⊤∈⊞⋈⊞⊤⋈∈∋⊤∈∋⋈⋈≺∋∋∋⋈⊞⊤∈⊤∈⋈⋈⋈≻⋈⋈⋈⊤∈⊞⋈⋈⋈⋈⋈≺⋈⋈≻⋈⋈⋈≺⊤∈⊤∈⋈≺∋∋∋∋∋⋈⋈⋈⊣⋈⋈⋈≻∋∋∋⋈⊤∈⋈⋈⊤∈⊞≺⊤∈⋈⊞⋈∈⊤∈⊞⋈⊞⊤⋈∈∋⊤∈∋⋈⋈≺∋∋∋⋈⊞⊤∈⊤∈⋈⋈⋈≻⋈⋈⋈≺⊤∈⊞⋈⋈≻⋈⋈≻⋈⋈⋈≺⊤∈⊤∈⋈≺∋∋∋∋∋∋⋈⋈⋈⋈⋈⋈⋈⋈⋈⋈⋈⊣
0x6034550	⊢⋈⋈⋈⋈⋈⋈⋈⋈⋈⊤∈⋈⋈⋈⋈⋈⊙⋈⊤∈∋⊤⊥⋈⋈⋈⋈⋈⋈⋈⊙⋈⋈⋈⋈⋈⋈⊣
0x60342c0	⊢⋈⋈⋈⋈⋈⋈⋈⊞⋈⋈⋈⋈⋈⋈⋈⋈⋈⋈⋈⊞⊞⊞⋈≺∈⊤∈⊤∈⋈≺∈⋈⊞⋈⊤∈⋈⊞⊞⋈∈⊞⊡∈⊤∈⊞⊤∈∋⋈⊤∈⊡⋈⊞∋⋈⊞⊡∈⋈⋈⊞⋈⊞⊞⋈⊞⋈⊞⊞⊞⊞⊤∈⊞⊤∈∋≺∋∋⊤∈⋈≺⋈⋈⊞⊞⊞⋈⊡∈⊤∈⊞⊞⊤∈∋≺⊤∈⊞⊡∈⊤∈∋∋⋈⊞⊞⊤∈⊤∈∋⋈⊤∈∋⋈⊞⋈⋈≺⊞⊤∈∋≺∋∋⋈⋈∋⋈≺∋∋⋈⋈⋈⋈⋈⊤∈∋⊞≺∋⋈⋈⊤∈⋈⋈⋈⋈⊙⋈⊤∈∋⊤∈⊤⊥⊞≺∋⊞⊞⋈⋈⋈⋈⋈⋈⊙⋈⊤⋈⋈⋈⋈∈∋∋⋈∋⊞⋈⋈⋈⋈⋈⋈⊣
0x60a3ba0	⊢⊞⊤∈⋈⋈⋈⋈⋈⋈⊙⋈⋈⋈⋈⋈⋈≺
0x60339f0	⊢⋈⋈⋈⋈⋈⋈≺⋈⋈⋈⋈⋈⋈⋈⊞⋈⋈⋈⋈⋈⋈⋈⊙⋈⊤∈⊤∈⊞⊞≺⋈⋈⊞⊞⋈⋈⋈⋈∈⋈⊞⊡∈⋈⋈⊤∈⊤∈⊤∈∋∋⋈⊞⋈⊤∈⊞⋈⊞⋈⊞⊤∈⊞⊞⊞⋈≺⋈⊞⊞⊞⊤∈⊞⊞⊞⋈⊡⋈⊞⊞⊞⊞⊞⊞⊞⊤∈⋈⋈⋈≺⊞⊞≺∋∋∋⋈⋈⋈⋈⋈≻⋈⋈⋈⊞⊤∈⋈⋈⋈⊞⋈∈⊤∈⊤∈∈⋈⊤∈∋∋⊤∈⊤∈∈⋈⊤∈∋∋⊞⋈⋈⋈⊙⊤∈⊤∈⊞⋈⊞⋈⋈⊙⋈⋈⊙≺∋⊤∈∋⋈≺⋈⊤∈⋈⊤∈⊤⋈⊞∋∋⋈⊞≺≺∋∋∋∋⋈⋈⋈⋈≻⋈⋈≺∋⋈⋈⋈⊤∈⋈⊤∈⊤⋈⊞∋∋⊞⋈∋⊞⋈∈∋≺⊞⊤∈∋≺⊞∋⊤∈∋⋈≺⊤⋈⋈⋈∈⊞⊤∈⊤∈⋈∈⊤⋈∈∋⊤∈∋⊞≺∋⊤∈∈⊤∈∋⋈⋈≺∋∋∋⊞⊞⋈⋈⋈⋈⊙⊤∈⋈⋈⊙⋈∋∋∋⋈⊞⋈⋈⋈⋈⋈⋈⊣≺∋∋∋⋈⋈⋈≻
0x608ff80	⊢⋈⋈⋈⋈⋈⋈⋈⋈⋈⊞⊙
0x60a0790	⊢⋈⋈⋈⋈⋈⋈⊞⊤⊥⋈⋈⊤⊥⊤∈⋈⊤∈⊤∈⊤∈⋈⋈⋈⊞⊙⊤∈⋈⊤∈∋⊞⋈⋈⊙⊤⊥≺∋∋∋∋⋈⋈⋈⊣
0x60798d3	⊢⋈⋈⋈⊞⊙
0x603228a	⊢⋈⋈⋈⋈⋈⋈⋈⋈⋈⋈≻⊤∈⋈⋈≻⋈⋈⋈⋈⋈⋈⊞∈⋈⊤∈⊤∈⋈≻∋⋈⋈⋈⋈⊤∈⋈⋈⋈≺⋈⋈≺∋⊡∈⋈⊞⋈⋈∈⊤∈⋈⋈⊤∈⋈⊤∈⋈≻∋⋈⋈⊞⋈≺⊤∈⋈⋈⋈⋈⊙⊤∈⋈⋈≻⋈⊡⋈⊤∈⊞≺⋈⊞⊤⋈⊥⊤∈⊞⊞⋈⋈≺∋⋈⊞⊤∈⋈⋈⊞⊞⊞∋⊤∈⋈⊞⋈⊞⊞∋⋈⊞⊞⋈⊤∈⋈⊞⋈⋈⊞⋈⊞⊞⊞⊞⊞⊞⊞⊞⊞⊞⊞⋈⊞⊞⋈⋈⊞⋈∋⊞⋈⊞⊞⊤∈⋈⋈⋈⋈∈⋈⊞⊞⊞⊞⊞⊞⊞⊞⊞⊞⊞⊞⊞⊞⊞⊞⊞⊤∈∋⋈⋈⋈⋈∋⊤∈⊞⊞⋈⋈≺∋⋈⊞⊤∈⋈⋈⋈⊞⊞⊞∋⊤∈⊞⋈⊞⋈⊞⊞∋⋈⊞≺∋⋈⋈⊣⋈⋈⋈⋈⋈≺∋⋈≺⊞⊡⋈⊥∈∋≺∋∋∋∋∋⋈⋈⋈⊣⋈⋈⋈⋈⊙⋈⋈⋈⊞⋈⋈⋈⋈⊣
0x603d0b5	⊢⋈⋈⋈⋈⋈⋈⋈⋈⋈⋈≻⊤∈⋈⋈≻⋈⋈⋈⋈⊙⋈⋈⋈⊞⋈⋈⋈⋈⊣
0x604851d	⊢⋈⋈⋈⋈⋈⋈⊞⋈⋈⋈⋈⊤∈⋈⊤∈⊤∈⊤∈⊤∈∋⋈⋈⋈⋈⋈⋈⋈⋈⋈⊤⋈⋈⊥⋈⊤⊥⊤∈⋈⋈⋈⋈⋈⋈⋈≻⋈⋈⋈⋈⋈⋈⋈⋈⋈⋈⋈⋈⋈⋈≻⋈⋈⋈⋈≺∋⊤∈⋈⋈⋈⋈≻∋⋈⋈≺∋⋈⊤∈⋈⋈≺⊤∈⋈⊞⋈⋈≺∋∋⋈⊤∈⋈⋈⋈≺⋈⊤∈⋈⊞⋈⋈≺∋∋⊤⊥⊞⊤∈⊞∈⊤∈⊞⊤⊥⊞⋈⊤⋈∈∋⊥⊞≺∋∋⊤∈⋈⋈⋈⋈⊤∈⋈⋈≻≺⋈⊤∈⋈⊞⋈⋈⋈⋈⋈⋈⋈⋈⋈⋈⋈⋈⋈≻⋈⋈⋈⋈⋈⊤∈⋈⋈⋈≻∋⋈⋈⋈⋈⋈⋈⋈⋈⋈⋈⋈⋈⋈≻⋈⋈⋈⋈⋈⊤∈⋈⋈⋈≻∋⋈≺∋⋈∋⋈≻⋈⊞⋈⋈⋈⋈⋈⋈⋈⋈⋈⋈∋∋⊤∈⋈⋈⋈⋈⋈⋈⋈⋈⋈⊤∈∋∋⊞⋈⋈⋈⋈⋈⋈⊣⋈⋈⋈≺∋⊞⋈⋈⋈⋈⋈⋈≺
0x606b5a5	⊢⋈⋈⋈⋈⋈⋈⊞⋈⋈⋈⋈⊤∈⋈⊤∈⊤∈⊤∈⊤∈∋⋈⋈⋈⋈⋈⋈⋈⋈⋈⊤⋈⋈⊥⋈⊤⊥⊤∈⋈⋈⋈⋈⋈⋈⋈≻⋈⋈⋈⋈⊤∈⋈⋈⋈⋈⋈⋈⋈⋈⋈≻⋈⋈⋈⋈⊤∈⋈≺∋⋈⋈⋈⋈≻∋∋⋈⋈≺∋⋈⊤∈⋈⋈≺⊤∈⋈⊞⋈⋈≺∋∋⋈⊤∈⋈⋈⋈≺⋈⊤∈⋈⊞⋈⋈≺∋∋⊤⊥⊞⊤∈⊞∈⊤∈⊞⊤⊥⊞⋈⊤⋈∈∋⊥⊞≺∋∋⊤∈⋈⋈⋈⋈⊤∈⋈⋈≻≺⋈⊤∈⋈⊞⋈⋈⋈⋈⋈⋈⋈⋈⋈⋈⋈⋈⋈≻⋈⋈⋈⋈⋈⊤∈⋈⋈⋈≻∋⋈⋈⋈⋈⋈⋈⋈⋈⋈⋈⋈⋈⋈≻⋈⋈⋈⋈⋈⊤∈⋈⋈⋈≻∋⋈≺∋⋈∋⋈≻⋈⊞⋈⋈⋈⋈⋈⋈⋈⋈⋈⋈∋∋⊤∈⋈⋈⋈⋈⋈⋈⋈⋈⋈⊤∈∋∋⊞⋈⋈⋈⋈⋈⋈⊣⋈⋈⋈≺∋⊞⋈⋈⋈⋈⋈⋈≺
0x6048af5	⊢⋈⋈⋈⋈⋈⋈⊞⋈⋈⋈⋈⊤∈⋈⊤∈⊤∈⊤∈⊤∈∋⋈⊤∈⋈⋈≺⊤∈⋈⊞⋈⋈≺∋∋⋈⊤∈⋈⋈⋈≺⋈⊤∈⋈⊞⋈⋈≺∋∋⊤⊥⊞⊤∈⊞∈⊤∈⊞⊤⊥⊞⋈⊤⋈∈∋⊥⊞≺∋∋⊤∈⋈⋈⋈⋈⊤∈⋈⋈≻≺⋈⊤∈⋈⋈⋈⋈⋈⋈⋈⋈⋈⋈⋈⋈≻⋈⋈⋈⋈⋈⊤∈⋈⋈⋈≻∋⋈⋈⋈⋈⋈⋈⋈⋈⋈⋈⋈⋈⋈≻⋈⋈⋈⋈⋈⊤∈⋈⋈⋈≻∋⋈≺∋⋈∋⋈⋈⋈⋈⋈⋈⋈⋈⋈⊤⋈⋈⊥⋈⊤⊥⊤∈⋈⋈⋈⋈⋈⋈⋈≻⋈⋈⋈⋈⋈⋈⋈⋈⋈⋈⋈⋈⋈⋈≻⋈⋈⋈⋈≺∋⊤∈⋈⋈⋈⋈≻∋⋈⋈≺∋⋈≻⋈⋈⋈⋈⋈∋∋⊤∈⋈⋈⋈⋈⋈⋈⋈⋈⋈⊤∈∋∋⊞⋈⋈⋈⋈⋈⋈⊣⋈⋈⋈≺∋⊞⋈⋈⋈⋈⋈⋈≺
0x606b0c0	⊢⋈⋈⋈⋈⋈⋈⊞⋈⋈⋈⋈⊤∈⋈⊤∈⊤∈⊤∈⊤∈∋⋈⊤∈⋈⋈≺⊤∈⋈⊞⋈⋈≺∋∋⋈⊤∈⋈⋈⋈≺⋈⊤∈⋈⊞⋈⋈≺∋∋⊤⊥⊞⊤∈⊞∈⊤∈⊞⊤⊥⊞⋈⊤⋈∈∋⊥⊞≺∋∋⊤∈⋈⋈⋈⋈⊤∈⋈⋈≻≺⋈⊤∈⋈⋈⋈⋈⋈⋈⋈⋈⋈⋈⋈⋈≻⋈⋈⋈⋈⋈⊤∈⋈⋈⋈≻∋⋈⋈⋈⋈⋈⋈⋈⋈⋈⋈⋈⋈⋈≻⋈⋈⋈⋈⋈⊤∈⋈⋈⋈≻∋⋈≺∋⋈∋⋈⋈⋈⋈⋈⋈⋈⋈⋈⊤⋈⋈⊥⋈⊤⊥⊤∈⋈⋈⋈⋈⋈⋈⋈≻⋈⋈⋈⋈⊤∈⋈⋈⋈⋈⋈⋈⋈⋈⋈≻⋈⋈⋈⋈⊤∈⋈≺∋⋈⋈⋈⋈≻∋∋⋈⋈≺∋⋈≻⋈⋈⋈⋈⋈∋∋⊤∈⋈⋈⋈⋈⋈⋈⋈⋈⋈⊤∈∋∋⊞⋈⋈⋈⋈⋈⋈⊣⋈⋈⋈≺∋⊞⋈⋈⋈⋈⋈⋈≺
0x60736dd	⊢⋈⋈⋈⋈⋈⋈⊞⋈⋈⋈⊞⊤∈⋈⋈⊞≺⊤∈⋈⊞⋈⋈≺∋∋⋈⊤∈⋈⋈⊞⋈⋈≺⋈⊤∈⋈⊞⊞⋈⋈⋈≺∋∋⊤⊥⊤∈⊞∈⋈⊡⊞⊤∈∋∋⋈⊤∈⋈∋⋈⊤∈⋈⋈≺∋⊤∈⊤∈⋈≺⊤∈⋈⊞⊞⋈⋈≺∋∋⊤∈⋈⊤∈⋈⊤∈⊤∈⋈⊞⋈⋈∋⋈⊤∈⋈⋈⊞⋈⊞⋈⊤⊥⊞⊤⊥⊞∈⋈⊤∈⋈⊞⋈⋈⋈≻⋈⊤∈⊞⋈≺∋⋈⋈⋈⋈⋈⋈⋈⋈⋈⋈≻⋈⋈⋈⋈⊞∋⋈≻∋⋈⊤∈∋⋈⋈⋈≻⋈⋈⋈≻≺∋∋∋∋⋈⋈⋈⋈⊞⋈⋈⋈⋈⋈⋈⊣
0x6047f14	⊢⋈⋈⋈⋈⋈⋈⊞⊤∈⋈⋈≻⋈⊞⋈⊤∈⊤∈∋⋈⋈≻⋈⋈⋈≺∋⊞⋈⋈⊣
0x60a3fa0	⊢⋈⋈⊣
0x60a3fb0	⊢⋈⋈⊣
0x60a3f60	⊢⋈⋈⋈⋈⋈⋈⋈⊙⊤∈⋈⋈≻⋈⋈⋈⋈⋈⋈⊣
0x6033c60	⊢⋈⋈⋈⋈⊙
0x60a44e0	⊢⋈⋈⋈⋈⊙
0x607277f	⊢⋈≺⋈⋈⋈⋈⋈⋈⊞⋈⋈⋈⋈⊞∈⊤∈⋈⊤∈⋈⋈⊞⊤∈⋈⊞⋈⋈⊡⊞⊞⊤∈∋⋈⋈⊙⊤∈⋈⋈⋈≺⊤∈∋⋈⋈⊙⊤∈∋⋈⋈≻⋈⋈⊞⋈≺⋈⊡⊞⋈⋈≺∋⋈⊞⊞⊡⊡⋈⋈⋈⊞≺∋⊡⊙⋈⋈⊞⋈⊡⋈⊞⊞⊞⋈⋈⊥⋈⊥⊤∈∈⋈∈⋈≻∋∈⋈⊞⋈⋈⋈≻⊤∈∋⋈≺∋⋈⋈⋈⋈⋈⋈⊤∈⊤∈⊞⋈⋈⋈∈⋈⋈⊙⊤∈⋈⋈⋈⋈⋈⋈⋈⋈⋈⋈⋈⋈⋈⊞⊞⊞⋈⋈⋈⋈∈⋈⊤∈⋈⋈≺∋⋈⊤∈⋈⋈⋈⋈⋈⋈⋈⋈⋈⋈⋈⋈≻⋈⋈⋈⊤⊥⊤⊥⊞∈⋈⊞⊞∈⊤∈⋈⊞∈⊤⋈∈∋∋∋⊞∋⋈⊤∈⋈∈⋈⋈⊤∈⋈⋈⋈≻∋⊞⊞∈∋∋⋈⋈⋈⋈≻≺⋈⋈≻⋈⊤∈⋈≻⋈∋⊞⋈⋈⋈⋈⋈⋈⊤∈⊞⋈⋈⊞⋈⋈⊞⊞⋈⊞⊤∈∋∋⋈≻∋⊤∈⋈⋈⋈⋈⊞⊤∈⋈⋈⊞⊥⋈⊞⊤⊥⊞∈⊤∈⋈⋈⋈⋈⋈⋈⋈≻⊤∈⋈⋈≺∋⋈⋈⋈⊙⊤⋈∈⊞⋈⋈∈⊤∈⊤∈⋈⊞⋈≺⋈⋈⋈⋈⋈⋈≻⋈⋈⋈⋈⋈⋈⋈∈⋈⊞⋈⊤∈⋈⋈≻⋈⋈≺∋⊞⋈⋈⊞⋈⊞⋈⋈⊞∈∋≺⋈⋈⊤⋈⋈∈∋≺∋⊤∈∋∋∋⋈⊞⊞≻∋⋈⋈≻⋈⋈≺∋∋⊤∈⋈∈⋈⊞⋈⊤∈⋈⋈≻⋈≺∋⊞⋈⋈⋈⊞⋈⋈⊞⋈⊤⋈∈∋≺∋⊤∈⋈⋈⋈⋈≻∋⋈⋈∋⋈⊤∈⋈∋⋈∈⋈⋈⋈⊞⊤⋈⋈⊥⋈⊞⊤∈∋⊤∈⋈⊞⊞⋈⊞⊞⋈∈⋈⋈⋈⋈⊞⊞⊤∈∋∋∋∋⋈⋈⋈⊞⋈⋈≻⋈⋈⋈≻⋈⊞⋈⋈⋈⋈⋈⋈⊣⋈⋈≺∋⊞∋⋈≺∋
0x60786db	⊢⋈⋈⋈⋈⋈⋈⊞⋈⋈⋈⋈⊙
0x609fe80	⊢⋈⋈⋈⋈⋈⋈⋈⊞⋈⋈⋈⋈⋈⋈⋈⋈⊙⋈⊤∈⋈⋈⋈⋈⋈∈≻⋈⋈⊤∈⋈⋈⊙⋈≺⋈⋈⋈⋈⋈⊤∈⊞⋈⋈⊞⋈⊞⊞⋈≺∈⋈⋈⊤⋈∈⋈⊞⋈⊞⊤∈⋈⋈⊞⊞≺⋈⊞⊞⊞⊤∈⋈⋈⊞⊞⊡⋈⋈⋈⊞⊞⊞⊞⊞⊞≺⋈⋈⋈≺∋∋∋⋈⋈⋈≻⋈⊞⊤∈⋈⊞∈⊤∈⊤∈∈⋈⊤∈∋∋⊤∈⊤∈∈⋈⊤∈∋∋⊞⋈⋈⊙⊤∈⋈⋈⋈⋈⊤∈∈⊤∈⋈⊞⋈⊙⊤∈∋≺⋈⊞⊡∈⊞⊤∈∋⋈⋈⊤∈⋈⊤∈⊤⋈⊞≺∋∋⊞⋈⋈∋⋈⊞⋈⊞⋈⊤∈∋⊤∈⊞⋈≺⋈⊤∈⋈∈⋈⊤∈∋⋈⋈⋈⋈≻⋈≺∋∋∋⋈⊞⊞⋈⋈⊙⊤⋈∈⊤∈⊞⊞∈⋈⋈⋈⋈⋈⋈⋈⋈⋈≻⊤∈⊞⊤∈∋∋⋈⋈≺∋⋈⋈⊙⊤∈∋≺∋∋∋∋∋⋈∋∋⋈⊞⋈⋈⋈⋈⋈⋈⊣≺≺∋∋∋∋⋈⋈⋈⋈⋈≻
0x60776e5	⊢⋈⋈⋈⋈⋈⋈≺
0x60a44f0	⊢⋈⋈⋈⋈⋈⋈≺
0x60a3ab0	⊢⋈⋈⋈⋈⊞⋈⋈⋈⊞⊥⋈≻⋈⊞⋈⊞⊞⊞⋈⋈⋈⊞≻⊞⋈⋈⋈⊣
0x6034930	⊢⋈⋈⋈⊞⋈⋈⋈⋈⊤∈⋈⋈⋈∈⋈⋈⊞⊞⋈⋈⋈⊤⋈∈∋≺⊤∈⋈⋈⋈⊡∈⋈⋈⊞⊞⋈⋈⋈⊤⋈∈∋∋⊞⋈⊞⋈⊞⋈⋈⋈⋈⋈≻⋈⊞⋈⊞⋈⋈⋈⊞≺∋≻⊞⋈⋈⊣
0x60775a3	⊢⋈⋈⋈⋈⋈⋈⋈⊞⋈⋈⋈⋈⋈⋈⋈⊙⊤∈⊞∈⊤⋈∈⊤∈⋈⋈⊤∈⋈⋈⋈⊙⋈⋈⊤∈∋⋈⋈⋈⋈⋈⋈⋈⋈⋈⋈⋈⋈⋈≻⊤∈⋈⋈⋈⋈⊙⋈≺⊤∈⋈⋈⋈⋈⊙⋈⋈⊤∈∋⋈⋈≻≺∋∋∋∋∋⊞⋈⊞∈∋∋⋈⊤∈⋈⋈⋈⋈⊙⋈∋⋈⊞⋈⋈⋈⋈⋈⋈⊣
0x6078736	⊢⋈⋈⋈⋈⋈⋈⋈⊞⋈⋈⋈⊤∈⋈⋈⋈⋈⊞⋈⋈⋈⋈≻⋈⋈⋈⊞⋈⋈∈⋈⋈⊤⊥∈⋈⊤∈⋈⋈⋈⋈⊞⋈∈⊤∈⋈⊞⋈⋈⊞⊤∈⊞⊞⋈≺⋈⊞⊞⊞⊤∈⊞⊞⋈⋈⊞⊞⊞⊞⊞⊞⊤∈≺⋈≺∋∋∋⋈⊞⊤∈⋈⊞∈⊤∈⋈⋈⋈⊞≻⊤∈⊤∈⊤∈⊞⊤⋈∈∋⊞⊞∈⊤∈⋈⊞⊤∈⋈⋈⊞⋈⊥⊞⊥⋈⊤∈⊞⊤∈∋≺⋈⊤∈⋈⊤∈≺∋∋⊞⊞∈⋈⊞⊤∈⋈⋈⋈⊞⊤∈∋∋⊤∈⊤∈∈⊤∈∋∋⋈⊤∈⋈⋈⊞∈⊤∈⊤∈⊤∈⊤∈⋈≺∋⋈∈⊤∈⋈⊤∈⋈⊞⋈⊞⊤∈⊞⊞⊞⋈≺⋈⊞⊞⊞⊤∈⊞⊞⊞⋈⋈⊞⊞⊞⊞⊞⊞⊤∈∋∋⊞≺⊞≺⊞≺∋∋∋⋈⊞⊞⋈⊤⊥⊤∈∋∋∋∋∋⊤∈⋈⋈⋈⋈⊙⊤∈∋⊤∈⊤∈⊤∈⋈∋⋈⋈≺⊞⋈≺∋⋈∋⊞⋈∈∈∈⋈⋈⊤∈⋈⊤∈⊤∈⊤∈⋈≺∋⋈⋈⋈⊞∈⋈⊞⋈⊤∈⋈⋈≻≺⊞⊤∈∈⊤∈⋈⊞⊤∈∋⋈∋⊞≺∋∋⊤∈⋈⊤∈⊤∈⋈⊤∈⊞⋈⋈⋈⋈≻⋈⋈⊞⋈∈⊤∈⋈⋈⋈⋈⋈≻∋⊞⊤⋈∈⋈⊤∈⊤∈⊤∈⊤⋈∈⊤⋈∈⊤⋈∈⊤⋈∈⊤⋈∈⊤⋈∈⊤⋈∈≺∋∋∋∋∋∋∋⋈⋈⋈⊙≺⊤∈∋⊤∈⊤∈∋⊞⋈⋈⋈∈⊞⊤∈⋈⊤∈⋈⊞⋈⊞⊤∈⊞⊞⊞⋈≺⋈⊞⊞⊞⊤∈⊞⊞⊞⋈⋈⊞⊞⊞⊞⊞⊞⊤∈∋⊞⊞≺⊞≺∋∋∋⋈⊤⊥⊞⊤⊥⊞⊤∈∋⋈≺∋⋈⊤∈⊤∈⊤∈⊤∈⋈⊞⊤⋈∈∋⊞⊞∈⊤∈⋈⋈⊞⊞⋈⊤⊥⊤∈⊞⊞⊞⋈⊤∈≺∋⋈⊤∈⋈⊤∈∋∋⊞⊞∈⋈⋈⊞⊞⋈⊤⊥⊤∈∋∋⊞⊞⊞⊞⊤∈∋∋⊞≺≺∋∋∋∋⋈⊞⊞⊤⋈⊥⊤⊥⊤⊥⊞∈⋈⊤∈⊞⊤∈⋈⋈⋈≻∋⊤⋈∈∋≺≺∋⋈⋈⋈⋈≻⋈⋈⋈⋈⋈⊙∋⊞⊞⊤∈∋≺⊤∈∋⋈⋈⊞⋈∈⊤∈∋∋∋∋∋∋∋∋⋈⋈⋈⋈⋈⊙⊤⋈⋈∈∋≺⋈⋈⊤∈⋈⊞⋈⊞⊤∈⋈⊞⊞≺⋈⊞⊞⊞⊤∈⋈⊞⊞⋈⋈⊞⊞⊞⊞⊞⊞≺⋈⋈≺∋∋∋⊤∈⋈⊞⊞⋈⊤∈∋∋⊤∈⋈⋈⋈⋈⊞⊙⋈≺⊤⋈∈∈⊤∈⋈⋈⋈⋈⋈⊙∋⊤∈⊤∈∋∋⋈⋈⋈⊞⋈⋈⋈⋈⊙⊤∈⊤∈∋⋈⊞⊞⋈≺∋≺⋈⋈⋈⋈⋈≻⊤∈⋈⊤∈∋⋈≺⊤∈⋈⊞⋈⊞⊤∈⊞⊞⋈≺⋈⊞⊞⊞⊤∈⊞⊞⋈⋈⊞⊞⊞⊞⊞⊞≺∋∋∋⋈⋈⋈⊤∈⋈⋈⊙⊤∈⊤∈⋈∋∋⋈⋈⋈⊙⊤∈⊤∈⊤∈∋⋈⋈≺∋⋈∋⋈≺∋⋈≻∋⊞⊞≺⋈⋈⋈⋈⊙⊤∈∋∋∋∋∋∋∋∋⋈≺∋∋⊞⋈⋈⋈⋈⋈⋈⊣≺∋⊞⊞∋⋈⋈≺∋≺∋∋⋈⋈⋈⋈≺⊤∈∋∋⋈≻∋∋⋈⋈⊤∈∈⋈⋈⋈⋈∋⋈≻∋⊞≺∋∋∋∋∋⋈⋈⋈⋈⋈⋈≻∋⊞⊞≺∋
0x607dc10	⊢⋈⋈⊞⋈⋈⋈⋈⋈⋈⊞⋈⋈⋈⋈⋈⋈⋈⋈⋈⋈⋈≻⊞⋈⊣
0x606446a	⊢⊤⋈∈⋈⋈⋈⋈⊙⋈⋈⊞⋈⊤∈⋈⊞⊞⋈⊞⊤∈⊞⊞⋈⊞⊤∈⊞⊞⊞⊞⋈⋈⋈⋈⋈⊞⋈⋈⋈⋈≺⊞⋈⋈⋈≺⋈⋈≺∋∋∋⋈⋈⋈≻⊞⋈⊣
0x6033c20	⊢⋈⋈⋈⋈≺
0x607931a	⊢⋈⋈⋈⋈≺
0x60837f0	⊢⋈⋈⋈⋈⋈⋈⋈⊞⋈⋈⊤∈⊤∈⋈⋈⋈⋈⋈⋈⋈⋈⊙⋈⋈⊤∈≺⋈⋈⋈⊤⋈⋈⋈⋈⋈∈⋈⋈⋈⋈⋈⋈⋈⋈⋈⋈≺∋⋈⋈≻⊤∈⊤∈⋈⋈⋈⋈⋈⊙∋⊤∈⋈⋈⋈⋈∋⋈⋈⋈⊙≺⋈⊤∈⋈⊞∈⋈⋈⋈≻⊤∈⋈⋈⋈≻⊤∈⋈⋈⋈⋈⋈⋈≻⊤∈∋∋⋈≺⊤∈⊞⊤∈⋈⋈⋈⋈≻∋⋈⋈⋈⋈⋈≻⊞⊞∈∋≺∋∋∋⊞∋∋∋⊞⋈⋈⋈⋈⋈⋈⊣
0x603ece9	⊢⋈⊡⋈⊤∈⊞≺⋈⊞⊤⋈⊥⊤∈⊞⊞⋈⋈≺∋⋈⊞⊤∈⋈⋈⊞⊞⊞∋⊤∈⋈⊞⋈⊞⊞∋⋈⊞⊞⋈⊤∈⋈⊞⋈⋈⊞⋈⊞⊞⊞⊞⊞⊞⊞⊞⊞⊞⊞⋈⊞⊞⋈⋈⊞⋈∋⊞⋈⊞⊞⊤∈⋈⋈⋈⋈∈⋈⊞⊞⊞⊞⊞⊞⊞⊞⊞⊞⊞⊞⊞⊞⊞⊞⊞⊤∈∋⋈⋈⋈⋈∋⊤∈⊞⊞⋈⋈≺∋⋈⊞⊤∈⋈⋈⋈⊞⊞⊞∋⊤∈⊞⋈⊞⋈⊞⊞∋⋈⊞≺∋⋈⋈⊣
0x606f9e0	⊢⋈⋈⋈⊞⋈⋈⊞⊤∈⋈⋈≺⊤∈⋈⊞⋈⋈≺∋∋⋈⋈⋈≻⋈⊤∈⋈⋈⊤∈⊞≺⊤∈⋈⊞⋈∈⊤∈⊞⋈⊞⊤⋈∈∋⊤∈∋⋈⋈≺∋∋∋⋈⊞⊤∈⊤∈⋈⋈⋈≻⋈⋈⋈≺⊤∈⊞⋈⋈≻⋈⋈≻⋈⋈⋈≺⊤∈⊤∈⋈≺∋∋∋∋∋∋⊞⋈⋈⋈⊣
0x60642b1	⊢⋈⋈⋈⋈⋈⋈⋈⋈⊞⋈⋈⊞⊤∈⋈⋈⋈⋈⋈≻⋈≺∋⋈⊞⋈⋈⊙⊞⋈⊞⋈⋈⋈⋈⊣
0x60386c0	⊢⋈⊤∈⋈⊣⋈⋈⋈⊞⋈⋈≺∈⋈⋈⊤∈⋈⊤∈⋈⊤⊥⋈⊤∈⊞⊤∈≺⊤∈⊞⊤∈⊤∈⊤∈∋∋⋈⊤⋈⊥⊤∈⋈⊤⋈⊥⊤∈⊞≺⊤∈⋈⊤⊥⋈⊤∈⊞⊤∈≺⊤∈⋈⊤∈⊞⊤∈∋⊤∈⊤∈∋∋⋈⊤⋈⊥⊤∈⊞≺≺⊤∈⋈⊤⊥⊤∈⊞≺∋∋⋈∋⋈⊤∈∋∋∋∋∋∋∋∋∋∋∋∋∋∋⋈⊞⋈⋈⊞⋈⊞⋈⋈⋈⋈⋈⊣
0x60a3f40	⊢⋈⋈⋈⋈⋈⋈⊙
0x60a0370	⊢⋈⋈⋈⋈⋈⋈⋈⊞⋈⋈⋈⋈⋈⋈⋈⊙⋈⊤∈⊤∈⋈⋈⋈⊙⊤∈⋈⋈⋈⋈⋈⋈⋈⋈⋈⋈⋈⋈⋈⋈≻⊤∈⋈⋈⋈≻⊤∈⋈⋈⋈⊙⊤∈⋈⋈⋈≻⊤∈≺∋⋈⋈⋈⊙⋈≺∋∋∋∋∋∋⋈⊞⋈⋈⋈⋈⋈⋈⊣
0x604dc13	⊢⋈⋈⋈⊤⋈⊥⊤∈⋈⋈⋈≺⊤∈⋈⋈⋈∋⋈⊙⊞⋈⋈⋈⋈⋈⋈⋈⋈⋈⋈≻⊞⊣
0x607987a	⊢⊤∈⊞⋈⋈⋈⊞⋈⋈⋈⋈⋈⋈⋈⋈⋈⋈≻⊞⊣
0x6079794	⊢⋈⋈⋈⊞⋈⋈⊞⋈⋈⋈⋈⋈⋈⋈⋈⋈⋈≻⊤∈⋈⋈⋈⋈⋈≻⋈⋈⋈⋈⋈⋈⊞⋈⋈⋈⋈⋈⋈⋈⋈⋈⋈⋈⋈≻⋈⋈⋈≻⋈⊞⋈⋈⋈⊣
0x606b429	⊢⋈⋈⋈⋈⋈⋈⊞⋈⋈⋈⋈⋈⊞∈⋈⋈≺⊤∈⋈⊞⋈⋈≺∋∋⋈⊤∈⋈⋈⊤⊥⊤⊥⊞∈⊤∈⊤∈⋈⋈⋈≻≺⋈⋈⋈⋈⋈⋈⋈≻⋈⋈⋈⋈≺⋈⋈⋈⋈∋⋈⋈⋈⋈≻⋈≺⋈⊤⊥⊤∈⋈⋈⋈∋∋⊤∈⋈⋈≺⊞≺∋⋈⋈⋈⋈⋈⋈⋈≻⋈⋈⋈⋈⊤∈∋⋈⋈⋈⋈≻∋∋⊞⋈⋈⋈⋈⋈⋈⊣
0x60325b6	⊢⋈⋈⊞∈⊤∈⋈⋈⋈⋈⋈⋈⋈⋈≺⊤∈∋⋈⋈⋈⋈⋈⊣⋈⋈⋈⋈⊣
0x60a6220	⊢⋈⋈⋈⋈⋈⊞⋈⋈⊞⋈⋈⊞⊙
0x604b0a4	⊢⋈⋈⋈⋈⋈⋈⊞⋈⋈⋈⋈⋈⊞∈⋈⋈⋈≺⋈⊤∈⋈⊞⋈⋈≺∋∋⊤∈⋈⊤⊥⊤⊥⊤∈⋈⊤∈⊤∈⋈⋈⊞⊥⋈⊤⊥⊞∈⋈⋈⊤∈⋈⋈⋈⋈⋈≻⋈⋈⊤∈⋈≺∋⋈⋈⋈⋈⊙⋈⋈⋈⋈⋈⋈⋈⋈≻⋈⋈⋈⋈≺⊞∋⋈≻∋⋈⋈⋈⋈≻≺⊤∈⊤∈∋∋⋈⋈⋈∋∋⊤∈⋈⋈⋈⋈≻≺⊞≺∋⋈⋈⋈⋈⋈⋈⋈⋈≻⋈⋈⋈⋈∋∋⊞⋈⋈⋈⋈⋈⋈⊣
0x6032622	⊢⋈⋈⊞⊤∈⋈⋈≺⊤∈⋈⊞⊞⋈⋈≺∋∋⊤∈⋈⋈≺⊤∈⋈⊞⊞⋈⋈≺∋∋⊤∈⊞⊣⋈⊞⋈⊙⊤⊥⊞⊣
0x607b878	⊢⋈⋈⋈⋈⋈⋈⊞⋈⋈⋈⋈⋈∈⋈⋈⊤∈∈⋈⋈≺⋈⋈⊤⋈∈⊤∈⊤∈⋈⋈⋈⊞⋈⊞⋈⋈⊞⊞⋈∈⊤∈⊞⊞⋈⋈≻⋈⋈≺⋈⊞⋈⋈⊞⋈⋈⊞⊞⊞⋈⊞⊞⊞⊞⊞⋈⊞∈∋⊞⊞⊞⊞⋈∋⋈≺∋∋⋈∋⊤∈∋⋈⋈≺∈⋈⋈∋⋈≻⋈⋈⋈⊤∈⊤∈⊞⋈⋈⋈∋⋈⋈≻≺⊤∈⋈⊞∈⋈≺⊞⊞⋈⋈⋈⋈⋈≺⊤∈⊞⋈⋈⋈≻⊞⋈⋈⋈⋈⋈≺⊤∈⋈∋∈⋈⋈⋈≻∋⋈≺∋⊞⋈⋈≻⋈⋈⊤∈⋈⋈⋈⋈≻⊤∈⋈≺⋈≺⋈⊞⋈⋈∋⋈⊤⋈∈⊤∈⋈⊤∈⋈≻⋈≺∋⋈⋈≺⊤∈⋈⊤∈⋈≻⋈≺∋⋈⋈≺⊤∈⋈⊤∈⋈≻⋈≺∋⋈⋈≺⋈⊤∈⊤∈⋈⊤∈⋈≻⋈≺∋⋈⋈⊤∈∋⋈⋈⋈≻⋈⊤∈⋈≻⋈≺∋⋈⋈≺∋∋∋∋⊞⋈⊞⊤∈∋≺∋∋⋈⋈⋈∋∋∋⊞⋈⋈⋈⋈⋈⋈⊣⋈⋈⊞⊙
0x6033c40	⊢⋈⋈⋈⋈⋈≺
0x604632d	⊢⋈⋈⋈⋈⋈⋈⊞⋈⋈⋈⋈⋈⊞∈⋈⋈⋈⋈≺⋈⊤∈⋈⊞⊞⋈⋈⋈≺∋∋⊤∈⋈⊤⊥⊤⊥⊤∈⋈⊤∈⊤∈⋈⋈⋈⋈⊞⋈⋈⋈⋈⋈⋈≺⋈⋈⊞⊥⊞⊤⊥⊞∈⊞⊤∈⊤∈∋∋⋈⋈⋈≺⊞≺∋⋈⋈⊤∈⊤∈⊤∈⋈⋈⊞⊥⊞⊤⊥⊞∈⊤∈⋈⊞⋈⋈⋈⋈≻⋈⊤∈⋈⋈≺∋⋈⋈⊙⊞∋⋈⋈≻∋⋈⋈⊤∈⋈⊞⋈⋈⋈≻⊤∈∋⋈⋈≻∋⋈≺⋈⋈≺∋⋈⋈⋈⊙⋈⋈⋈⋈⋈⋈≻⋈⋈⋈≺⋈⋈≺∋∋∋⋈⋈⋈⋈⋈⋈≻⋈⋈⋈∋⋈∋⊞⋈⋈⋈⋈⋈⋈⊣
0x6038d00	⊢⋈⋈⋈⊤∈⊞⊞⋈⊞⋈≺⊞⊞⋈≺
0x6036040	⊢⋈⋈⋈⊞⋈⋈⋈≻⋈⊞⋈⊞⋈⋈⋈⊞≻⊞⋈⋈⊣
0x60401af	⊢⋈⋈⋈⋈⋈⋈⊞⋈⋈⋈⋈⋈⋈⊞∈⋈⋈≺∋⊤∈⋈⊤∈⋈⊤∈⋈⋈⋈≻⊤∈⋈⋈≻⋈⋈⋈⋈⊙⋈⋈⊤∈∋⋈⊤∈⊤∈⋈≺⋈⊤∈⋈⋈⊞⊥⊞⊤⊥⊞∈⊞∈⋈⋈≻∋⊤∈⋈⊞⋈⋈⋈⋈≻⊤∈∋⋈⋈⋈≺∋⋈⋈⊙⋈⋈≺⋈≺∋∋∋⋈⋈⋈⋈⋈⋈≻⋈⋈⋈⋈≺∋⋈≺∋⋈⋈⋈⋈⋈⋈≻⋈⋈⋈≺∋⋈⊞⋈⋈⋈⋈⋈⋈⊣
0x606d1f8	⊢⋈⋈⋈⋈⋈⋈⊞⋈⋈⋈⋈⋈⋈⊞∈⋈⋈≺∋⊤∈⋈⊤∈⋈⊤∈⋈⋈⋈≻⊤∈⋈⋈≻⋈⋈⋈⋈⊙⋈⋈⊤∈∋⋈⊤∈⊤∈⋈≺⋈⊤∈⋈⋈⊞⊥⊞⊤⊥⊞∈⊞∈⋈⋈≻∋⊤∈⋈⊞⋈⋈⋈⋈≻⊤∈∋⋈⋈⋈≺∋⋈⋈⊙⋈⋈≺⋈≺∋∋∋⋈⋈⋈⋈⋈⋈≻⋈⋈⋈⋈≺∋⋈≺∋⋈⋈⋈⋈⋈⋈≻⋈⋈⋈≺∋⋈⊞⋈⋈⋈⋈⋈⋈⊣
0x603a0b0	⊢⋈⋈⊞⋈⋈⋈⊡∈⋈⋈⊞⊞⋈⋈⋈⊤⋈∈∋⊞⋈⊞⋈⊞⋈⋈⋈⋈≻⊞⋈⊣
0x60326a5	⊢⋈⋈⋈⋈⋈⊙
0x6074fb4	⊢⋈⋈⋈⋈⋈⊙
0x6033820	⊢⋈⋈⋈⋈⋈⊙
0x6033a10	⊢⋈⋈⋈⋈⋈⋈⋈⊞⊤∈⋈⋈⋈⋈≺⋈⋈⊤∈⋈⋈⋈≻⊤∈⋈⋈≻⋈≺∋⋈⋈⋈⊙⋈⋈⋈∋⋈⋈⋈⋈⋈⊣
0x60a4560	⊢⋈⊤∈⋈≺⊤∈⋈≺
0x60326be	⊢⋈⋈⋈⋈⋈⋈⋈⋈⋈⊤∈⋈⊤∈⊤⋈⊞∋∋⋈⊞⋈⊤∈⋈⋈⋈⋈⋈≻⋈≺∋⋈⊤∈⋈⊞⊞⋈⊞⊤∈⊞⊞⋈⊞⊤∈⊞⊞⊞⊞⋈⋈⋈⋈⊞⋈⋈⋈≺⊞⋈⋈≺⋈≺∋∋∋⊞⋈⊞⊞⋈⋈⋈⋈⊣
0x6064356	⊢⋈⋈⋈⋈⋈⋈⋈⋈⋈⊤∈⋈⊤∈⊤⋈⊞∋∋⋈⊞⋈⊤∈⋈⋈⋈⋈⋈≻⋈≺∋⋈⊤∈⋈⊞⊞⋈⊞⊤∈⊞⊞⋈⊞⊤∈⊞⊞⊞⊞⋈⋈⋈⋈⊞⋈⋈⋈≺⊞⋈⋈≺⋈≺∋∋∋⊞⋈⊞⊞⋈⋈⋈⋈⊣
0x6079b59	⊢⋈⋈⋈⋈⋈⋈⋈⋈⋈⊤∈⋈⊤∈⊤⋈⊞∋∋⋈⊞⋈⊤∈⋈⋈⋈⋈⋈≻⋈≺∋⋈⊤∈⋈⊞⊞⋈⊞⊤∈⊞⊞⋈⊞⊤∈⊞⊞⊞⊞⋈⋈⋈⋈⊞⋈⋈⋈≺⊞⋈⋈≺⋈≺∋∋∋⊞⋈⊞⊞⋈⋈⋈⋈⊣
0x60a3e10	⊢⋈⋈⋈⋈⋈⋈⋈⋈⊤∈⋈⊤∈⊤⋈⊞∋∋⋈⊞⋈⊤∈⋈⋈⋈⋈⋈⋈≻⋈⋈⋈≺∋⋈⊤∈⋈⊞⊞⋈⊞⊤∈⊞⊞⋈⊞⊤∈⊞⊞⊞⊞⋈⋈⋈⋈⊞⋈⋈⋈≺⊞⋈⋈≺⋈≺∋∋∋⊞⋈⊞⋈⋈⋈⋈⋈⊣
0x60338c0	⊢⋈⋈⋈⋈⋈⋈⋈⋈⊤∈⋈⊤∈⊤⋈⊞∋∋⋈⊞⋈⊤∈⋈⋈⋈⋈≻⋈⋈⋈≺∋⋈⊤∈⋈⊞⊞⋈⊞⊤∈⊞⊞⋈⊞⊤∈⊞⊞⊞⊞⋈⋈⋈⋈⊞⋈⋈⋈≺⊞⋈⋈≺⋈≺∋∋∋⊞⋈⊞⋈⋈⋈⋈⋈⊣
0x60327c0	⊢⋈⊞≻⊞⋈⊣
0x6079b4c	⊢⋈⊞≻⊞⋈⊣
0x60a3da0	⊢⋈⋈⋈⋈⋈⋈⋈⋈⋈⋈⊞⊤∈⋈⋈⋈⋈⋈⋈≻⋈⋈≺∋⋈⊞⋈⊙⊞⋈⊞⋈⋈⋈⋈⋈⊣
0x6033860	⊢⋈⋈⋈⋈⋈⋈⋈⋈⋈⋈⊞⊤∈⋈⋈⋈⋈≻⋈⋈≺∋⋈⊞⋈⊙⊞⋈⊞⋈⋈⋈⋈⋈⊣
0x605f16a	⊢⋈⋈⋈⋈⋈⋈⊞⋈⋈⋈⋈⋈⋈⋈≻⋈⋈⊞∈⋈⋈⋈⋈⋈⋈⋈⋈⋈⋈⋈⋈⋈⋈⋈⊤∈⋈⋈⋈⋈⊤⋈⊥⊤⋈∈⋈⋈⋈≺∋⋈⋈⋈⋈⋈⋈⋈⊞⋈⋈∈⊤∈⋈⋈⊙⊤∈⋈⋈⋈⋈⋈⋈⋈⋈⋈⋈⊤∈⋈⋈≺⊤∈⋈⊞⋈⋈≺∋∋⊤∈⋈⋈⊙⋈⊤∈⋈⊤∈⋈≺∋⋈⋈⋈⊞⊞⋈⋈⋈⋈⊤∈⋈⋈⊙⊤∈⋈⋈≻⋈≺⋈⋈≻⊞⋈≻⊞⋈⋈≻⋈⋈⋈⋈⋈⋈⋈⋈⋈⋈⋈≺∋⋈⋈≻⋈⋈⋈⋈⋈⋈⋈⋈⋈⋈⋈⋈⊤∈⋈⋈⋈⋈≺⋈⋈≻⋈⋈⊞⊤⊥⋈⋈⋈⋈≻⋈⋈⊤∈⋈⋈⋈⋈≺⋈⋈≺⊞⊞⋈⋈⊞⊤⋈⊥⋈⋈⊞⋈⊙∋⊞⊞≺∋⋈⋈⋈⋈≻⋈⋈⋈⋈⋈⋈⋈⊤∈⋈⋈⋈⋈⋈⋈⋈⋈⊤∈⋈⋈⊙⊤∈⋈⋈⋈⋈⋈⋈≺⋈⋈⊤∈⋈⋈⊤∈⊞⋈⋈⊤∈∋⋈⋈⊞⋈⋈≺∋⋈⋈⊤⊥≺∋⋈⊞⋈⋈⋈⋈∈⊤∈∋⋈⋈⋈⋈⋈⋈⋈⋈⋈≻⋈⋈⋈⋈⋈⋈⊤∈⋈⋈⋈≻⋈∋⋈⊤∈⋈⊤⋈∈≺⋈⋈⊤∈≺⊤∈⊤∈⋈⊤∈⋈⊞⊤∈∋⋈⊞⋈⊞⋈⋈⋈≺∋⊞∈⋈⊞⊞∈∋⊞⋈⊤⊥⋈⋈⋈∈∋⋈⋈∋⊤∈∋∋∋∋⋈⋈⋈⋈≻⋈⋈⋈⋈⊤∈⋈⋈⋈⋈⋈⋈⋈⋈⋈⊞⋈⋈⋈⋈≻⋈⊞⋈⋈⋈⋈⋈≻⋈⋈⋈⋈⋈⋈⊤⋈⋈∈⋈⋈⊞⋈⋈⋈⋈⋈⋈⊞⊥⋈⋈⋈⊤⊥⊞⋈⋈⋈⋈⋈⋈∈⊤⋈⊥⋈⋈≻⋈⊤⊥⊤⊥⊞∈⊞⋈⋈⋈⋈⋈≻⊤∈⋈⋈⋈⋈⊙⋈⋈⊤∈⊤⋈∈⋈⋈⊤∈⋈⋈⊤⊥⊤⊥⊞∈⊤∈⋈⊞⋈⋈⋈≻⊤∈⋈≺⋈≺∋⋈⋈⋈⋈⊙⋈⋈≺⋈⋈≺∋⋈⋈⋈∋⋈≺∋⊤⋈⋈⋈∈⊤∈⋈⋈⊤∈⊤∈⊞⋈⋈⊤∈⋈⊞⋈⋈⋈⋈⋈≻⊤∈⋈≺∋⋈⋈≻⋈⋈⋈⋈⋈≺∋⋈⋈⊙⋈≺⋈⋈⋈≺⋈⋈⋈≺∋∋⋈∋⋈⊙⊤∈⋈⋈⋈⋈⋈⋈⋈⋈⋈⋈⋈⋈⋈⋈⋈⋈⋈⋈⋈⋈⋈⋈⋈⋈⋈⋈≻⋈⋈⊤∈⊤∈⊤⋈⋈⋈∈⊤⋈⋈⋈∈∋⋈⊞⋈⊞⋈⋈⋈⋈⋈⋈≻∋⋈⋈≻≺∋⋈⊤⋈∈⋈⋈⊤∈⋈⋈⊤∈∋⋈⊤⊥∋⋈⊞≺∋⋈⊞∈⊤∈∋⋈⋈⋈⋈⋈⋈⋈⋈⋈≻⋈⋈⋈⋈⋈⊤∈⋈⋈⋈≻⋈∋⋈≺⊤∈⋈⊤∈⋈⊤∈⋈⊞⋈⊤⋈∈∋⊞∈⋈⋈⊞⋈⊞∈∋≺≺∋⊞∋⊞⊤⊥⋈∋⊤∈⋈⋈⋈≻⋈∋⋈⊤∈⋈⋈⋈≻⋈∋⋈⋈⋈⋈⋈⋈⋈⊞⋈⋈⋈⋈⋈⋈∈∋≺⋈⋈≺∋⊤∈⋈⋈⋈⋈⋈⋈≻⋈⋈⋈∋⋈⊤∈∈⋈⋈⋈⋈≻⋈⊤∈⊤⋈∈⋈⋈≺∈⋈⊤⊥≺∈⋈⊞∈⊤∈∋⋈⋈⋈⋈⋈⋈⋈⋈⋈≻⋈⋈⋈⋈⋈⋈⊤∈⋈⋈⋈≻⋈∋⋈≺⊤∈⋈⊤∈⋈⊤∈⋈⊞⊤∈∋∋⊞⋈⋈≺∋⊞∈⋈⊞⊞∈∋≺∋⊞⊤⊥⋈⋈⋈∋⊤∈⋈⋈⋈≻⋈∋⋈⋈⋈⊤∈⋈⋈⊙⊤∈⋈⋈⋈⋈⋈⋈≺⋈⋈⋈⋈⊤∈⋈⋈⊤∈⊞⋈⋈⊤∈∋⋈⋈⊞⋈⋈≺∋⋈⋈⊤⊥≺∋⋈⊞⋈∈⊤∈∋⋈⋈⋈⋈⋈⋈⋈⋈⋈⋈≻⋈⋈⋈⋈⋈⋈⊤∈⋈⋈⋈≻⋈∋⋈⊤∈⋈⊤⋈∈≺⋈⋈⊤∈≺⊤∈⊤∈⋈⊤∈⋈⊞⊤∈∋⋈⊞⋈⊞⋈⋈⋈≺∋⊞∈⋈⊞⊞∈∋⊞⋈⊤⊥⋈⋈⋈∈∋⋈⋈∋⊤∈∋∋∋∋⋈⋈⋈⋈≻⋈⋈⋈⋈⊤∈⋈⋈⋈⋈⋈⋈⋈⊞⋈⋈⋈⋈≻⋈⊞⋈⋈⋈⋈⋈≻⋈⋈⋈⋈⋈⋈⊤⋈⋈⋈∈⋈⋈⋈⋈⊞⊥⋈⋈⋈⋈⊤⊥⊞⋈⋈⋈⋈⋈∈⊤⋈⊥⋈⋈≻⋈⋈⋈⊤⊥⊤⊥⊞∈⊞⋈⋈⋈⋈⋈⋈≻⊤∈⋈≺∋⋈⋈⋈⋈⋈⊙⋈⋈⊤∈⊤⋈⋈∈⋈⋈⊤∈⋈⋈⊤⊥⊤⊥⊞∈⊞⊤∈⋈⋈⋈⋈⋈≻⊤∈⋈≺∋⋈≺⋈≺∋⋈⋈⋈⋈⊙⋈⋈⋈≺⋈⋈≺∋⋈⋈⋈∋⋈⋈≺∋⊤⋈∈⊤⋈∈≺⊤∈⊤∈∋⊞⊤∈⋈⊞⋈⋈⋈⋈≻⊤∈⋈⋈≺∋∋⋈⋈⋈⋈⋈⋈≺∋⋈⋈⊙⋈⋈⋈≺⋈⋈≺∋∋∋⋈⊙⊤∈⋈⋈⋈⋈⋈⋈⋈⋈⋈⋈⋈⋈⋈⋈⋈⋈⋈⋈⋈⋈⋈⋈⋈⋈⋈⋈≻⋈⋈⊤∈⊤∈⊤∈⊤∈∋⋈⋈⊞⊞⋈⋈⋈⋈⋈⋈⋈≻∋⋈⋈≻≺∋⋈⊤⋈∈⋈⋈⊤∈⋈⋈⊤∈∋⋈⊤⊥∋⋈⊞≺∋⋈⊞∈⊤∈∋⋈⋈⋈⋈⋈⋈⋈⋈⋈⋈≻⋈⋈⋈⋈⋈⊤∈⋈⋈⋈≻⋈∋⋈≺⊤∈⋈⊤∈⋈⊤∈⋈⊞⋈⊤⋈∈∋⊞∈⋈⋈⊞⋈⊞∈∋≺≺∋⊞∋⊞⊤⊥⋈∋⊤∈⋈⋈⋈≻⋈∋⋈⋈⊤∈⋈⋈⋈≻∋⋈⋈⋈⋈⋈⋈⋈⋈⊞⋈⋈⋈⋈⋈⋈∈∋⋈⋈⋈≺∈⊤⋈⊥⊤⋈∈⊞⋈⋈⋈⋈∈⋈⋈⋈⊞⋈⋈⋈⋈⋈⋈⋈⋈⋈∈⋈⋈⋈⊙⊤∈⋈⋈⋈⋈⋈⋈⋈⋈⋈⋈⋈⋈⋈⋈≻⋈⋈⊤∈⊞⊤∈∋⋈⋈⊤⋈⋈∈∋∋⋈⋈⋈⋈⋈⋈⋈⊤∈⋈⋈⋈⋈⋈⋈⊞⊥⋈⋈⋈⊤⊥⊞⋈⋈⋈⋈⋈∈⋈⊤⋈⊥⊤∈⊤⊤≺∋⋈∈⋈⋈⋈≺⊤⋈∈⊤∈⋈⊤∈⊤∈⊞⊤∈⋈⋈⊞⋈⋈⋈≻⋈⊤∈⋈⋈≺∋⋈≺∋⋈≻⋈≺∋⋈⋈⋈⋈⊙⋈⋈⋈≺⋈⋈≺⋈≺∋∋⋈∋⋈⋈⋈⋈⋈≻⋈⋈⋈⋈∋⋈⋈⋈≻⋈⋈⊤⊥⊤⊥⊞∈∋⊞⋈⋈⋈⋈⋈⋈≻⊤∈⋈≺∋⋈⋈≻∋⋈⋈≺∋⊤⋈⊥⊤⋈∈⊞⋈⋈⋈⋈∈⋈⋈⋈⊞⋈⋈⋈⋈⋈⋈⋈⋈⋈∈⋈⋈⋈⊙⊤∈∋⋈⋈≻⋈⋈⋈⋈⋈⋈⋈⋈⋈⋈⋈⋈⋈⋈≻⋈⋈⊤∈∋⋈⋈⋈⋈⋈⊤∈⋈⋈⋈≻∋⋈⋈⋈⋈≻⋈⋈⋈⋈≻⋈⊤∈⋈⋈⋈⋈≻⋈⊞⊤∈∋⋈⋈⊤⋈⋈∈∋∋⋈⋈⋈⋈⋈⋈⋈⊤∈⋈⋈⋈⋈⋈⋈⋈⋈⊞⊥⋈⋈⊤⊥⊞⋈⋈⋈⋈⋈∈⊤⋈⊥⊤⋈∈⊤⊤≺∋⋈∈⋈⋈⋈≺⊤∈⋈⊤∈⋈⊤∈⊤∈⊞⊤⋈∈⋈⊞⋈⋈⋈≻⊤∈⋈≺∋⋈∋⋈≻⋈⋈≺∋⋈⋈⋈⊙⋈⋈⋈⋈≺⋈⋈≺⋈⋈≺∋∋⋈∋⋈⋈⋈⋈⋈≻⋈⋈⋈⋈∋⋈⋈⋈≻⋈⊤⊥⊤⊥⊞∈⊞⋈⋈⋈⋈≻⊤∈⋈≺∋⋈⋈≻∋⋈⋈⋈⊞⋈∋⋈⋈⋈⋈⊙⋈⊤⋈⋈∈⊤⋈∈⋈≺⊤∈⊤∈∋⊞⊤∈⋈⊞⋈⋈⋈≻⊤∈⋈≺∋⋈≺∋⋈≻∋∋⋈⋈⋈⊤⋈⋈⋈∈⋈⋈⋈≻∋⋈⋈⋈⋈≻⋈⋈⋈⋈≻⋈⊤∈⋈⋈⋈⋈≻⋈⋈⋈⋈≺∋⋈⋈⊙⋈⋈⋈⋈≺⋈⋈≺∋∋∋⋈⊙⊤∈⋈⋈⋈⋈⋈⋈⋈⋈⋈⋈⋈⋈⋈⋈⋈⋈⋈⋈⋈⋈⋈⋈⋈⋈⋈⋈⋈≻⋈⋈⊤∈∋⋈⋈⋈⊤∈⋈⋈⋈≻∋⋈⋈⊤∈⋈⋈⋈≻∋⋈⋈⋈⋈≻⋈⋈⋈⋈≻⋈⋈≺∋∋⋈⋈⋈⋈∋∋⋈⋈⋈⊤⋈⋈⋈∈⊤∈⊤∈∋⋈⋈⊞⊞⋈⋈⋈⋈⋈⋈⋈≻∋⋈⋈≻≺∋⋈⊤⋈∈⋈⋈⊤∈⋈⋈⊤∈∋⋈⊤⊥∋⋈⊞≺∋⋈⊞∈⊤∈∋⋈⋈⋈⋈⋈⋈⋈⋈⋈⋈≻⋈⋈⋈⋈⋈⊤∈⋈⋈⋈⋈⋈⋈⋈≻⋈⋈⋈⋈⋈∋⋈≺⊤∈⋈⊤∈⋈⊤∈⋈⊞⋈⊤⋈∈∋⊞∈⋈⋈⊞⋈⊞∈∋≺≺∋⊞∋⊞⊤⊥⋈∋⋈⊤∈⋈⋈⋈⋈⋈⋈≻⋈⋈⋈⋈∋⋈⊤∈⋈⋈⋈⋈⋈⋈≻⋈⋈⋈⋈∋⋈⋈⋈⋈⋈⋈⋈⋈⊞⋈⋈⋈⋈∈∋⊤∈⋈⋈⋈⋈≻⋈∋⋈⊤∈⋈⋈⋈≻∋⋈⋈⋈⋈≻⋈⋈⋈⋈≻≺∋≺∋⋈⋈⋈⋈⊙⋈⊤∈⋈⊤∈≺⊤∈⊤∈⊞⊤∈⋈⋈⊞⋈⋈⋈≻⋈⊤∈⋈⋈≺∋⋈⋈≻⋈≺∋⋈⋈⋈⋈⊙⋈⋈⋈⋈≺⋈⋈≺∋∋∋⋈⊙⊤∈∋∋∋⋈⋈≻∋⋈⋈≻∋∋⋈⋈≻∋⋈≺∋⋈⋈≻∋⋈⊤⋈∈∋⋈⊞∋⋈⊞∋⋈⋈⋈⋈⋈⋈⋈⋈⋈⋈⋈⋈⋈⋈⋈⋈⋈⋈⋈⋈⋈⋈⋈⋈⋈⋈≻⋈⋈⊤∈⊤⋈∈⊤⋈∈⊤⋈∈∋⋈⊞⋈⊞⋈⋈⋈⋈⋈⋈⋈⋈≻∋⋈⋈⋈≻⋈≺∋⋈⊤⋈⋈⋈∈⋈⋈⊤∈⋈⋈⊤∈∋⋈⊤⊥∋⋈⊞≺∋⋈⊞∈⊤∈∋⋈⋈⋈⋈⋈⋈⋈⋈≻⋈⋈⋈⋈⋈⋈⊤∈⋈⋈⋈⋈⋈≻⋈⋈⋈∋⋈≺⊤∈∋∋∋∋∋∋∋⋈⋈⋈≻∋⋈⋈⋈⊤∈⋈⋈⋈≻∋⋈⋈⊤∈⋈⋈⋈≻∋⋈⋈⋈⋈≻⋈⋈⋈⋈≻⋈⋈⋈≺∋∋⋈⋈⋈⋈⊤∈⋈⊤∈⋈⊞⋈⊤⋈∈∋⊞∈⋈⋈⊞⋈⊞∈∋≺≺∋⊞∋⊞⊤⊥⋈∋⊤∈⋈⋈⋈⋈⋈≻⋈⋈⋈⋈∋⋈⊤∈⋈⋈⋈⋈⋈≻⋈⋈⋈⋈∋⋈⋈⋈⋈⋈⋈⋈⊞⋈⋈∈∋⋈⊤⋈∈⋈⋈≻⋈∋⋈⊤∈⋈⋈⋈≻∋⋈⋈⋈⋈≻⋈⋈⋈⋈≻≺≺∋⋈⋈⋈≺∋⊤∈⋈⋈⋈⋈⋈⋈≻⋈⋈⋈∋⊤⋈∈∋∋⋈⋈∋⋈⋈≻⋈⋈⊞⊤⊥⋈⋈⋈⋈≻⋈⋈⊤∈∋⋈⋈≺∋⋈⋈≺∋⋈⊤∈⋈⋈⋈≻⋈≺∋∋⊤∈⋈⋈⋈⋈≻≺⋈⋈⋈⋈≺∋∋∋∋∋∋⊞⋈⋈⋈⋈⋈⋈⊣
0x6062e05	⊢⋈⋈⋈⋈⋈⋈⊞⋈⋈⋈⋈⋈⋈⋈≻⋈⋈⊞∈⋈⋈⋈≺⋈⋈⊤∈⊞⋈∈⋈⋈≻⋈⋈⋈⋈⋈⋈⋈⋈⊞⊤∈∋⋈⋈⋈⊙⋈⋈≻≺∋⋈⋈⋈⋈⋈⋈⋈⋈⋈⊞∈⋈⋈⋈⋈⋈⋈⋈⋈⋈≻⋈⋈⊞∈⋈⊞⋈⋈⋈≻⋈⋈⋈≻⋈⊞⊤∈∋⋈⋈⊞⊞⊤∈∋⋈⋈≻⋈⋈⊞⊤⊥⋈⋈⋈⋈⋈≻∋⊞⋈⋈⋈⋈⋈⋈⊣
0x607c98c	⊢⋈⋈⋈⋈⋈⋈⊞⋈⊞⊥⋈⊤⊥⊞∈⊞∈⋈⋈≻∋⋈⊤∈⋈⊞⋈⋈⋈⋈≻⊤∈∋≺∋⋈⋈⋈⊞⋈⋈⋈⋈⊣
0x607ca0f	⊢⊤∈⋈⊤∈∋⊞⊣⋈⋈⋈⋈⋈⋈⊞⋈⋈⋈⋈∈⋈⋈⋈⋈⋈⋈⋈∈⊤∈⋈⋈⋈⋈⋈⊞⊥⋈⊙⊞⊤⊥⊤⊥⊥⊞⊞⊞⋈⊤∈∋⋈⊤∈⊞⋈⊞≺∋⋈⊞∈⊞≺∋⊞⋈⋈⋈⋈⋈⋈⊣⋈⋈⋈≺∋
0x6046575	⊢⋈⋈⋈⋈⋈⋈⊞⋈⋈⋈⋈⊤∈⋈⊤∈⊤∈⊤∈⊤∈∋⋈⋈⋈⋈⋈⋈≻⋈⋈⋈⋈⋈⋈≺∋⊤∈⋈⋈≺⊤∈⋈⋈≺⋈⊞⋈⋈⋈⋈⋈⋈⋈⋈⋈≺⋈⋈⊤∈⊤∈⋈⋈⊤∈⋈⋈⊞⊥⋈⊤⊥⊞∈⊤∈⋈⊞⋈⋈⋈⋈⋈≻⋈⊤∈⋈⋈⋈≺∋⋈⊙⋈≺⊞∋⋈⋈≻∋⋈⊞∋∋⋈⊤∈⋈⋈≺⊤∈⋈⊞⋈⋈≺∋∋⊤⊥⊞⊤∈⊞∈⊤∈⊞⊤⊥⊞⋈⊤⋈∈∋⊥⊞≺∋∋⊤∈⋈⋈⋈⋈≺⋈⊤∈⋈⊞⋈⋈⋈⋈⋈⋈≻⋈⋈⋈⋈⋈⋈∋⋈⋈⋈⋈⋈⋈⋈⋈≻⋈⋈⋈≺∋≻⋈⋈≺⋈≺∋∋⋈∋⋈⋈⋈⋈⋈∋⊤∈∋∋⊞⋈⋈⋈⋈⋈⋈⊣⋈⋈⋈⊞⋈⋈⋈⋈⋈⋈≺
0x606cbdb	⊢⋈⋈⋈⋈⋈⋈⋈⋈⋈⊞∈⋈⋈≺∋⊤∈⋈⋈≺⊤∈⋈⊞⊞⋈⋈≺∋∋⋈⊞∈⋈⋈≻⋈⋈∋⊤∈⋈⋈≺⊤∈⋈⊞⋈⋈≺∋∋⊤∈⋈⋈⋈≻⊤∈⊞⊞∈⋈⊞⊡⋈⊥⊤∈∋⊤∈⊞⊞∈⊤∈⋈⋈⊤∈⋈⊤∈⋈≻∋⋈⋈⊞⋈≺⊤∈⋈⋈⋈⋈⊙⊤∈∋⋈⋈≻⋈⋈⋈⋈⋈⋈≺⊞⊡⋈⊥∈∋≺∋∋∋∋∋⊞⋈⋈⋈⋈⊣
0x60adbf9	⊢⋈⋈⋈⋈⋈⋈⋈⋈⋈⊞∈⋈⋈≺∋⊤∈⋈⋈≺⊤∈⋈⊞⊞⋈⋈≺∋∋⋈⊞∈⋈⋈≻⋈⋈∋⊤∈⋈⋈≺⊤∈⋈⊞⋈⋈≺∋∋⊤∈⋈⋈⋈≻⊤∈⊞⊞∈⋈⊞⊡⋈⊥⊤∈∋⊤∈⊞⊞∈⊤∈⋈⋈⊤∈⋈⊤∈⋈≻∋⋈⋈⊞⋈≺⊤∈⋈⋈⋈⋈⊙⊤∈∋⋈⋈≻⋈⋈⋈⋈⋈⋈≺⊞⊡⋈⊥∈∋≺∋∋∋∋∋⊞⋈⋈⋈⋈⊣
0x605f0ac	⊢⋈⋈⋈⋈⋈⊞⋈⋈⋈⊞⋈⊞⊥∈⊞⋈⋈⋈⋈⋈⋈≻⊤∈⋈⋈≻⋈⋈⋈⋈⊞⊞⊞∈⋈⋈⊞⊥⊞⋈⊞∈∋≺∋⋈⋈⋈⋈⋈⋈⊞⋈⋈⋈⋈⋈⊣
0x60363e0	⊢⋈⋈⋈⋈⊞⋈⋈⋈⋈⊤∈⋈⋈⋈⊡∈⋈⋈⊞⊞⋈⋈⋈⊤⋈∈∋≺⊤∈⋈⋈⋈⊡∈⋈⋈⊞⊞⋈⋈⋈⊤⋈∈∋∋⊞⋈⊞⋈⊞⋈⋈⋈⋈⋈≻⋈⊞⋈⊞⋈⋈⋈⊞≺∋≻⋈⋈⊤∈⋈⋈⋈⋈⊙⋈⋈⊤∈⋈⋈⊤∈⋈⋈⋈⊞∈⋈⋈⊞⊞⋈⋈⋈⊤⋈∈∋≺⊤∈⋈⋈⋈⊡∈⋈⋈⊞⊞⋈⋈⋈⊤⋈∈∋∋⊞⋈⊞⋈⊞⋈⋈⋈⋈⋈≻⋈⊞⋈⊞⋈⋈⋈⊞≺∋≻∋∋⊞⋈⋈⋈⊣
0x6083b80	⊢⋈⋈⋈⋈⋈⋈⋈⊞⋈⋈⋈⊤⊥⋈⊤⊥⊞∈⋈⋈⋈⋈⋈⊤⋈⋈∈⋈∈⋈⊞⋈⋈⊤∈⋈⋈≻⋈≺⊞⊤∈⊞≺∈⊤∈⋈⊞⊤∈∋⋈⊞≺∋∋∋⊤∈⊞⊞⋈⊤⊥⊤⊥⊞∈⋈⋈⊞⋈≻⊤⋈⋈∈∋≺⋈⋈⋈⋈≺∈⋈⊞⋈⋈⊤∈⋈⋈≻⋈⊤∈≺⊞⊤∈⊡∈⊤∈⋈⊤∈⊡⊞⊤∈∋⋈∋⊞⊤∈∋∋⊞⊞⋈⋈⊞⊥⊤⊥⊞∈⋈⋈⋈⋈⊙⋈⊤∈∋⊤∈∋⋈⊞≺⋈⋈⋈⋈≺≺∋∋∋⋈⊞⋈⊞≺∋∋∋∋⋈⊞⋈⋈⋈⋈⋈⋈⊣
0x6033a90	⊢⋈⋈⋈⋈⋈⋈⋈⋈⋈⊞∈≻∋⋈⋈⋈⋈⋈≻⊤∈⋈⋈≻⋈⋈⋈⋈≺⋈⋈⋈⋈⊙⊞⋈⋈≻⊤∈⋈⋈⋈⋈⋈⋈⋈⋈⋈≺∋⊞⋈⋈⋈⋈⋈⋈⊣
0x60a3ce0	⊢⋈⋈⋈⊞⋈⊞⊤∈⋈⋈⋈⋈⋈⋈⋈⋈⋈≻⋈⋈⋈⋈⋈⋈∋⋈⋈⊞⋈⋈⊣
0x60a3be0	⊢⋈⋈⋈⋈⋈⋈⊞⋈⋈⋈⊞∈⋈⋈⋈⋈⋈⋈⋈⋈⋈≻⋈⋈⋈⋈⋈⋈⋈∋⋈⋈⋈⋈⋈⋈⊙⊤∈⋈⋈≻⋈⋈⋈⋈⊞⋈⋈⋈⋈⋈⊣
0x60627e5	⊢⋈⋈⋈⋈⋈⋈⊞⋈⊞⊥⋈⊤⊥⊞∈⊞∈⋈⋈≻∋⋈⋈⋈⊤∈⋈⊞⋈⋈⋈≻⋈⋈⊤∈∋≺∋⋈⋈⋈⋈⊙⋈⋈⋈⋈⋈⋈⊣
0x60a84ad	⊢⋈⋈⋈⋈⋈⋈⋈⊞⊥⋈⊤⊥⊞∈⊞∈⋈⋈≻∋⋈⋈⋈⊤∈⋈⊞⋈⋈⋈≻⋈⋈⊤∈∋≺∋⋈⋈⋈⋈⊙⋈⋈⋈⋈⋈⋈⊣
0x6064194	⊢⋈⋈⋈⋈⋈⋈⋈⊞⊥⋈⊤⊥⊞∈⊞∈⋈⋈≻∋⋈⋈⋈⊤∈⋈⊞⋈⋈⋈≻⋈⋈⊤∈∋≺∋⋈⋈⋈⋈⊙⋈⋈⋈⋈⋈⋈⊣
0x6063f84	⊢⊤∈⋈⊤∈⋈⋈⋈⋈⊞≻⊞⋈⋈⋈≺∋⋈⊣
0x607048c	⊢⋈⋈⋈⊞⋈⊞⊤∈⋈⊤∈⋈⊞⊤∈∋⋈⊞⋈⋈≺∋⋈⊤⊥≺∋⋈⋈⊞∈⊤∈∋⋈⋈⋈⋈⋈⋈⋈⋈⋈⋈⋈≻⋈⋈⋈⋈⋈⊤∈⋈⋈⋈≻≺⊤∈⋈⋈⋈≻⊤∈⋈⊤∈⋈⊞⊤∈∋⊞⊞⋈≺∋⊞∈⋈⊞⊞∈∋≺∋⊞⊤⊥⋈⋈⋈∋∋⊞⋈⋈⋈⊣
0x603a130	⊢⋈⋈⋈⊞⋈⋈⋈≻⋈⊞⋈⊞⋈⋈⋈⊞≻⊞⋈⋈⊣
0x60a4530	⊢⋈⋈⋈⋈⋈⊞⋈⋈⋈⋈⊙
0x604bff3	⊢⋈⋈⋈⋈⊞⊞⋈⊞≻⋈⋈⋈⋈⋈≺
0x60a0490	⊢⋈⋈⋈⋈⋈⋈⋈⋈⊤∈⋈⊤∈⋈⋈⋈⊤∈⋈⋈⊡∈⋈⋈∈∈∈∈⊤∈⊤∈⋈⊤∈⊤∈⊞⊡∈⊤∈⋈⊞⊤∈∋⋈⊞≺∋⋈⋈⊤∈⊤∈⊤∈⊤∈⊞⋈≺⊤∈⊤∈∋∋∋⋈⊞≺∋∋∋⊞⋈⊞∈⊞⋈⋈⋈⋈⊤∈∋⋈⋈⊤∈∋⊤∈⋈⊤∈∋≺⊤∈∋⊤∈∋≺∋⋈⋈⊤∈⋈≺⊞⊞⋈⋈⋈≺⋈⋈∈⊤∈∋⋈⋈≺⋈⊤∈⋈⋈⋈⊤∈⊞⊞⋈⋈⋈≺⋈⊤∈∋⋈⋈⋈⋈⋈⋈≻∋⋈⋈⋈⊤∈∋⋈⋈⋈⊞⊡∈⊤∈⋈⊞⊤∈∋⋈⊞≺∋⋈⋈⊤∈⊤∈⊤∈⊤∈⊤∈⊤∈∋∋∋⋈⊞⊞⋈≺∋∋∋⊞⋈⊞∈∈⋈⋈≺∋⋈⋈⋈⋈≻∋⋈∋⋈⊞⊞≻∋⊞⋈⋈⋈⋈⋈⊤∈∋≺∋⋈⋈⋈≺∋∋∋∋∋∋⋈⋈⋈⋈⋈⋈⊣
0x60327cd	⊢⋈⋈⋈⋈⋈⋈⋈⋈⋈⋈⊤∈⋈⊤∈⊤∈⋈⊤∈⋈⋈⊞⊥⊞⊤⊥⊞∈⋈⋈≺⋈⊤∈∋⋈⋈⋈⋈≺≺⋈⊤∈⊤∈⋈≺⋈⊤∈⋈⋈⊞⊥⊞⊤⊥⊞∈∋⊞⊤∈⋈⊞⋈⋈⋈⋈≻⊤∈∋∈⋈⋈≻∋⊤∈⋈⊞⋈⋈⋈≻⊤∈∋⋈⋈≺∋⋈⋈⋈⊙∋∋⋈⋈⋈⋈⋈⋈⋈≺∋⋈⋈⊙⋈⋈≺⋈≺∋∋∋⋈⋈⋈⋈≺∋∋⊞⋈⋈⋈⋈⋈⋈⊣
0x606fb28	⊢⋈⋈⋈⋈⋈⋈⊞⋈⊞⊤∈⋈⊤∈⊞⋈⊤∈⋈⋈⊞⋈∈⋈≻⋈⋈⋈⋈⊞⋈⋈⊡⊞⊞⋈⊞⊞⊞⋈⋈≻⋈⊡⊞⊞⋈⊞⊞≺∋⋈⊞⊞⊞⊞⋈⋈⊙⊤∈⋈⊞⊡⊡⋈⋈⊞⊞≺∋⋈⊞⊞⋈⊤∈⊞⊞⊞⊤∈⊙⊞⋈∈∈∋⊞⋈⊞⊞⋈⋈⊞⋈⋈⊞⊤⋈⊥⊤∈⋈⊞⊤⊥⊤⊥⊥⊞∈⋈⊤∈⋈⋈⋈⊤∈⋈⋈⋈⋈⋈⋈⋈⋈⊞⋈⋈⊞⊞⋈⋈⋈≻≺∋⋈⋈⋈⊤∈⊞⊞⋈≺⋈⊞⊞⋈⋈⋈⋈⋈⋈⋈≻⋈⋈⋈≺∋∋⋈⊤∈⊞∋⋈≺∋⋈⋈⋈⋈⋈⋈⋈⋈⊞⋈⊞⋈⋈⋈≻⋈⋈⋈≻⋈⋈⋈⊤∈⋈⋈⊤⋈∈⊤∈⋈⋈∋⊤∈⋈⋈≺∋⊤∈∋⋈⊞⊞⊞⋈⋈⋈⋈⋈⋈⋈⋈≻≺∋⊤∈⋈⋈⋈⋈≻≺∋∋⋈⊤∈⋈⋈⋈≻≺∋∋⋈⋈⋈≻⋈⋈⊞⋈⊞⋈⋈∈⋈⋈⊤⋈⋈⊥⊤⋈⋈⊥⊥⋈⊤∈⋈⋈⋈⋈⊤⋈⋈⊥⋈≺∋⊤∈⊞∈⊤∈⊞⊤∈⋈⊤⋈∈∋∋∈∋∈⊤⋈⋈⊥⊤⊥⊥⋈⊤∈⋈∋⊤∈⊤⋈⋈⊥⊤⊥⊞∈⊤∈⋈⊤⋈∈∋∋∈⊤∈⋈⋈⋈⋈≻∋⋈⋈⋈⋈⋈⋈⋈⋈⋈≻⋈⋈⋈⋈⋈∋∋⋈⋈⋈⋈⋈⊤∈⋈⋈⋈⋈≻≺∋⊤∈⋈⊤∈⋈⊞⊤∈⋈⊡⊞⊞⊤∈⋈⊡⊞⋈≺∋⊞⊤∈∋∋∋⊤∈⋈⋈⋈⋈≻∋⋈⋈⋈⋈⋈⋈⋈≻⋈⋈⋈⋈⋈⋈⋈⋈≻⊤∈⋈⋈⋈⋈≻∋⋈⋈⋈⋈⋈⋈⋈≻⊤∈⋈⋈⋈⋈≻≺∋∋⋈⋈⋈⋈≺∋⋈⋈⊤∈∋⋈⋈⊤∈⊤∈⊞⊡⊡⋈⋈⊞⊞⊞⋈⋈⊞⋈⊡⋈⊞⊞⊞⊞⋈⊥⋈⋈⊥⊤∈⋈⊞⊞⋈⊞⊞⊤∈⋈≺∈⋈⊞⊞⊞⊞⊤⋈⋈∈∋≺∋∈⊤∈⊤∈∋⋈≻∋∋∋⋈≻⋈⋈⊞⊞⊞⊞∋⊞⊤⊥≺∋⊞⊤⊥⋈⋈⋈≺⊞⋈≺∋∋⋈⋈⋈≺∋∋∋⊞⋈⋈⋈⋈⋈⋈⊣
0x604685a	⊢⋈⋈⋈⋈⋈⋈⊞⋈⋈⋈⊤∈⊤∈⋈⊤∈⋈⊞⋈⊞⋈⊞⊞∈⋈⊤∈⋈⊞⊞⊤∈⋈⋈⊞∈⋈⋈≺∋⋈⊤⊥≺∋⊤⊥⊞⊤∈⊤∈⋈⊤∈⊤∈⋈⊤∈∋⊞⋈≺∋⋈⊤∈∋⊞⋈≺∋⊤∈⋈⊞⊞∈⋈⋈⊤∈⊤∈⋈⋈⊤∈⋈⋈⊞⊥⋈⊤⊥⊞∈⋈⊤∈⋈⊞⋈⋈⋈⋈≻⊤∈⋈⋈⋈≺∋⋈⋈⊙⋈⋈≺⋈⋈≺⋈≺∋∋⋈∋⋈⊞⊥⋈⋈⋈∈⊤∈⊤∈⊞⋈⊤∈⋈⋈≺∋⊞∈⋈⊞⊞∈∋≺∋∋∋⋈⋈⋈⋈⋈⋈⋈⋈⋈⋈⋈≻⋈⋈⋈⋈⋈⋈⋈⋈⋈⋈⋈⋈⋈≻⋈⋈⋈≻⊤∈⋈⊞⋈∋⋈⋈⋈⋈⋈⋈⋈⋈⋈⊤∈⋈⋈≻≺∋∋⊞∋∋⋈⋈⊤∈⊤∈⋈⋈⊤∈⋈⋈⊞⊥⋈⊤⊥⊞∈∋⊞⋈⊤∈⋈⋈⋈⋈≻⊤∈∋∋⋈⋈≻∋⋈⊞⋈⋈⋈≺∋⋈⋈⊙⋈⋈≺⋈⋈≺⋈≺∋∋⋈∋⋈⋈⋈⊤∈∋⋈⋈⋈≻⊤∈⊤∈∋⋈⊞⋈⊞⋈⊤∈∋⋈⊞⋈≺⋈⋈≺∋⊞∈⋈⊞⊞∈∋≺∋⊞⊤⊥⋈⋈⋈⊤∈∋⋈⋈⋈⋈⋈≻⋈≺∋∋⋈⋈≻∋∋⊞⋈⋈⋈⋈⋈⋈⊣
0x6085dc0	⊢⋈⋈⋈⋈⋈⋈⋈⊞⋈⋈⊤∈⋈⊤⊥⊤⊥⊞⋈⋈⋈⋈⊤∈⊤∈⊤∈⋈∈⊤∈⋈⊤∈⊤∈⊤∈⊤∈⋈⊤∈≺∋⊞⋈≺⋈⊤∈⊤∈⋈⋈⋈⋈≻⋈⋈⋈⋈⋈⋈⋈⋈⋈⋈⋈⊞∈⋈⋈⋈⊤⋈⋈∈∋≺⊤∈⋈∈⊤∈⋈⊤∈⊤∈∋⋈≺⋈⋈⋈⋈≻⋈⋈⋈⋈⋈⋈⋈⋈⋈⋈⊞∈⋈⋈⋈⊤⋈⋈∈∋≺⊤∈⊤∈⋈∈∈⊤∈⋈⊤∈⊤∈⊤∈⊤∈⊤∈≺∋⋈⊞∈⋈≺⋈⊤∈⋈⊤∈⊤∈⊤∈⊤∈⊤∈∋⋈≺≺∋∋⊞∋∋⊤∈⋈⋈⋈≻⋈⋈⋈⋈⋈⋈⋈⋈⋈⋈⊞∈⋈⋈⋈⊤⋈∈∋≺⋈⋈≺∋⊤∈⋈∈∈⊤∈∋⋈⋈⊞∈∋∋⋈∋∋∋∋∋∋∋∋∋∋∋∋∋∋⋈⋈⊤∈∋∋∋⋈⋈⋈≻∋⋈∋⊞⋈⊞≻⊤∈⋈⋈⋈≻⋈⋈⋈⋈⋈⋈⋈⋈⋈⊞∈∋∋∋∋⋈⊞⋈⋈≻⋈⋈⋈⋈⊤⋈∈∋≺∋∋∋∋⊞⋈⋈⋈⋈⋈⋈⊣⋈⋈≺∋
0x6036340	⊢⋈⋈⋈⋈⋈⋈⊞⋈⋈⋈⋈⋈⋈⊙⋈⋈⊤∈⋈⋈⋈≻⋈⊤∈⋈⊞⋈⊞⋈⊙⋈⋈⊙≺∋⋈⋈⊤∈⋈⋈⊙∋∋⊞⋈⋈⋈⋈⋈⊣
0x6079c6d	⊢⋈⋈⊤∈⊞≺⊞⋈⊤∈⋈⊤∈⋈⋈⋈⊤∈∈⋈⊞∈∋∋⋈⋈⊞⋈⊞⊞⋈⋈≺∋⋈⊤∈∈⋈⊤∈⋈≻∋⋈≻⊞⋈⋈⊤∈∋⋈≺∋⋈⊤∈⋈⋈⊞⊞∈⋈⋈⊞∈∋≺∋⋈⋈⊞⊞⊞⋈⋈⋈∋⋈⊣
0x6032972	⊢⋈⋈⋈⋈≺
0x60a6410	⊢⋈⋈⋈⋈≺
0x606300e	⊢⊤∈⋈⋈⋈⋈⋈⋈⊞∈⋈⊤∈⋈⋈⋈≻∋⋈⊤∈⋈⋈⋈≻∋⊞⊞∈∋⋈⋈⋈∋⊣
0x6062da1	⊢⊤∈⋈⋈⋈⋈⋈⋈⊞∈⋈⊤∈⋈⋈⋈≻∋⋈⊤∈⋈⋈⋈≻∋⊞⊞∈∋⋈⋈⋈∋⊣
0x60529af	⊢⊤∈⋈⋈⋈⋈⋈⊞∈⋈⋈⊞∈⋈⋈⋈≻∋⋈⋈⋈⋈≻⊞⊞∈∋⊞⋈⋈∋⊣
0x6079b23	⊢⋈⋈⋈⋈⋈⋈≺
0x60a4510	⊢⋈⋈⋈⋈⋈⋈≺
0x6036640	⊢⋈⋈⋈≺
0x6083730	⊢⋈⋈⋈⋈⊞⋈⋈⋈⋈⊤∈⊤∈⊞⊞⋈≺∋∋⊞⋈⋈⋈⋈⊡∈⋈⋈⊞⊞⋈⋈⋈⊤⋈∈∋⊞⋈⊞⋈⊞⋈⋈⋈⋈≻⋈⊞⋈⋈⋈⊣
0x6032985	⊢⋈⋈⋈⋈⋈⋈⋈⋈⋈⋈≻⊤∈⋈⋈≻⋈⋈⋈⋈⋈⋈⋈⋈⊤∈⊞∈⋈⋈≻∋⋈⋈∈⋈⊞⋈⋈⋈≻⋈⋈⊤∈∋≺∋⋈⋈⋈⊙⋈⋈⋈⋈⋈⊞⋈⋈⋈⋈⋈⋈⊣⋈⋈⋈⋈⊙⋈⋈⋈⋈⊞⋈⋈⋈⋈⊣
0x605b444	⊢⋈⋈⋈⋈⊞⋈⋈⋈⋈⋈⋈⋈⋈⋈⋈⋈⋈⋈≻⋈⋈⋈⋈⋈⋈⊞∈⋈⋈⋈≻∋⋈⊤∈⋈⋈⋈≻∋⊞⋈⋈⋈⋈⊣
0x60a2900	⊢⋈⋈⋈⋈⋈⋈⋈⊞⋈⋈⋈⊤∈∈⋈⋈⋈⊙⊤⊥≺⋈⋈⋈⋈⋈⊤∈⋈⊤∈⋈≺⋈⊤∈⋈⋈⋈⊤∈∋∋∋⋈⊤∈⋈⋈⊞⊞⊞⊞⋈⊞⊞⊞⊞⊞⋈⋈⋈⋈⋈⋈⊤⊡⊡⋈⋈∈⊞⊞⋈⋈⊞⊞⋈⊡∈⊡⊡⊡⊡⊞⊡⊡⊡⊡⊞⊞⊞⊤∈⋈⋈⊞⊡⊡⊡⊡⊡⊡≻⊡⊡⊡⊡⊡⊡⋈⊡⊡⋈≺⊞∋⊞⊞⊞⊞⊤∈⋈⋈⋈⋈⊡⊡⊡⊡≻⊡⊡⊡⊡⋈⊡⊡⊞≺∋⊞⊞⊞⊞⊤∈⋈⋈⋈⋈⊡⊡≻⊡⊡⋈⊡⊡⊞≺∋⊞⊞⊞⊞⊤∈⋈⋈⋈⋈≻⋈⊡⊡⊞≺∋⋈⊞⊤∈⊤∈∋≺∋∋⋈⊞⊤∈⊤∈⊡⋈⋈⊡∈⊡⊡⊞⊞⊞⊞⊤∈⋈⋈⊞≻⊡⊡⋈≺⊞∋⋈⊞⊤∈⊞⊤∈∋≺∋∋∋⊞⋈⊞⊡⋈⊡⊞⊞⊞⊞⊤∈⊞⋈⋈⋈⋈≻⊞≺⋈⊡∈⋈⋈⋈⊙⊤∈⊞⊞⊤∈∋⋈⋈⋈⋈⋈≻⊤∈⊤∈⋈⋈⋈⋈⊤∈⊤∈∈⊤∈∋∋⊤∈⋈⊤∈⋈⊞⋈⊞⊤∈⊞⊞⋈≺⋈⊞⊞⊞⊤∈⊞⊞⋈⋈⊞⊞⊞⊞⊞⊞≺∋∋∋⋈⊤∈⋈⊤∈⋈⊤∈⊤⋈⊞∋∋⊞∈⊤∈⊤∈⋈≺≺∋∋∈⋈⋈≻∋∈∋∋∋⊤∈⋈⊤∈⊤≺⋈⋈⋈⋈⋈⋈⊤∈⋈⋈⊤∈⋈⋈⋈⋈≺∈⋈⊞∈⊞⋈⋈∈⊤∈⋈∈⊞∈⊤∈⋈⊤∈⋈⊤∈∋⊞≺⋈⊞⊤∈⋈⋈⊤∈∋⊞⊞⊞≺∋∋⋈⊞⊤∈∋⋈⋈⊤∈∋∋∋∋⊞≺⋈⋈⋈⋈⋈⊞⋈∈⋈⊞∈⊞⊤⋈⊥⋈⋈⊡∈⊤∈⋈∈⊤∈∋∋⋈⊞⊤∈∋⋈⋈⋈≻⋈⊤∈∋∋⋈⋈≻∋⊞⋈⊤∈∋⊞⋈≺⋈⊞⊤∈⊞≺∋⊤⊥⋈≻⋈⋈⊤∈∋⊞⊞⊞≺∋⊞∋⋈⊞⊤∈∋≺∋∋∋∋∋∋∋∋∋∋∋⊞⋈⊞⋈⋈⋈⋈⋈⋈⊣
0x60644ab	⊢⋈⋈⋈⊤∈⋈⋈⋈⋈∈⊤∈⋈⋈⋈≻⋈⊞⊞⊞⋈⊞⊞⊞⊞⊞⊞⋈⋈⋈⋈⋈⋈⋈⋈⊞⊤⋈∈∋⊞∋⊤∈⋈⋈⊤∈∋⋈⋈⋈≻⊞⊞⊞⊞⋈⋈⋈⋈≺∋⊤∈⊤∈∋⊞⊤∈∋⋈⋈⋈≻⊞⋈∋⋈⊣
0x6055e76	⊢⊞⊤∈⊤∈≺⊤∈∋⊞⋈⊞⋈⋈⋈⋈⊞⋈≻⊞⊣
0x607924b	⊢⋈⋈⊞⋈⊤∈⋈⊞⊞⋈⊞⊤∈⊞⊞⋈⊞⊤∈⊞⊞⊞⊞⋈⋈⋈⋈⋈⊞⋈⋈⋈⋈≺⊞⋈⋈⋈≺⋈⋈≺∋∋∋⊡⊥⊞⋈⋈⊞⋈⋈⊤∈⋈⋈⋈⋈⊙∋⊞⋈⊣
0x6079308	⊢⋈⋈⋈≺
0x60997e0	⊢⊤∈⋈⋈⊤∈⋈⋈⋈⋈⊞⋈⋈⋈⋈⋈≺∋⋈⋈⊣⋈⋈⊤∈⋈⋈⋈⋈⋈⊣⊞⋈⋈⋈⋈⋈⋈⊞⊞⋈⊞⊞⊞⊞⋈⋈⊣
0x609b530	⊢⋈⋈⊤∈⋈⋈⊞⊞⊞⊞⊡∈⋈⊤∈⊤∈⋈⋈⋈⊣∋⋈⋈⊞⊞⊞⊤∈⋈⋈⋈⋈⊣⊞⊞⊞∈∋⋈⋈≺∋⋈⋈⋈⋈⊣
0x60996f0	⊢⋈⋈⊞⊤∈⋈⋈⋈⋈⋈⋈⊣⋈⋈⊞⊙
0x60a3490	⊢⋈⋈⋈⋈⋈⋈⋈⊞⋈⊤∈⋈⊞⊞⋈⊞⊤∈⊞⊞⋈⊞⊤∈⊞⊞⊞⊞⋈⋈⋈⋈⋈⊞⋈⋈⋈⋈≺⊞⋈⋈⋈≺⋈⋈≺∋∋∋⋈⋈⋈⊤⋈⋈⊥⊞⊞⊤⋈⊥⋈⋈⊙⊞⋈⊤∈⋈⋈⊤∈⋈≻∋⋈⋈∋⊤⊥⊞⋈⋈⋈⋈⋈⋈⊣
0x60a35c0	⊢⋈⋈⋈≺
0x60a3890	⊢⋈⋈⋈⋈⋈⋈⋈⊞⋈⊤⋈∈⋈⊞⊞⋈⊞⊤∈⊞⊞⋈⊞⊤∈⊞⊞⊞⊞⋈⋈⋈⋈⋈⊞⋈⋈⋈⋈≺⊞⋈⋈⋈≺⋈⋈≺∋∋∋⋈⋈⋈≺∈∈⋈⋈⋈⊙⊤∈⊙⋈⊤∈⊞⊞⊤∈∋⊤∈⋈≺∋⋈⋈⊤∈⋈≻∋⋈⋈⋈⊞∈⋈⋈⋈⋈≻⋈⋈≻⊞⋈⊤∈∋∋⊞≺∋⊞⋈⋈⋈⋈⋈⋈⊣
0x60a39e0	⊢⋈⋈⋈≺
0x60a3a00	⊢⊞⊣
0x605b3bc	⊢⋈⊞⊤∈⋈⋈≺⊤∈⋈⊞⊞⋈⋈≺∋∋⊤∈⋈⋈≺⊤∈⋈⊞⊞⋈⋈≺∋∋⊤⊥∈⊞∈⊤∈⊞⊣⋈⊤⋈∈∋⊥∋⊣
0x6032a6e	⊢⋈⋈⊞⊤∈⋈⋈≺⊤∈⋈⊞⊞⋈⋈≺∋∋⊤∈⋈⋈≺⊤∈⋈⊞⊞⋈⋈≺∋∋⋈⊤∈⋈⊞⋈⊙⊤⊥⊞∋⊣
0x60339d0	⊢⋈⋈⋈≺
0x60a3f20	⊢⋈⋈⋈≺
0x6064458	⊢⋈⋈⋈≺
0x6079c5b	⊢⋈⋈⋈≺
0x60345b0	⊢⋈⋈⋈≺
0x607dde0	⊢⋈⋈⋈⋈⋈⋈⋈⋈⊤∈⋈⋈⋈⋈⋈≺∈∈⋈⋈⋈⊙⊤∈⊙⋈⊤∈⊞⊞⋈≺⊤∈∋⊤∈⋈⊞∈⋈⋈⋈⋈≻⊞⋈⊤∈∋∋∋⊞∋∋⋈⊞⋈⋈⋈⋈⋈⋈⊣
0x607dc80	⊢⋈⋈⋈⋈⋈⋈⊞⋈⋈⋈⋈⋈⋈⋈≻⋈⋈⊤∈⋈⊞⊤∈⋈⋈⋈⋈⊤∈⋈⊙∋⊤∈⋈⊙∋⋈⊙≺∋⊞⊤∈∋⊞⋈⋈⋈⋈⋈⊣⋈⋈⋈≻⊣
0x60a25a0	⊢⋈⋈⊣
0x60a25b0	⊢⊞⊣
0x60a25c0	⊢⊣
0x60a2590	⊢⋈⋈⋈⊣
0x6021e20	⊢⊞⊤∈⊣⋈⊤⋈∈⋈≻∋≻⋈⋈⊣
0x60ae5b0	⊢⋈⋈⊞⊥⊤∈⋈⊤∈⋈⊤∈∋∈⊞⊤∈⊞≺∋⋈⊞⊤⋈∈∋≺∋∋⊤∈⋈⊞⋈⊣⊣
0x60ae400	⊢⋈⊤∈⊤∈⋈⊞⊞∈⋈⊞⊞⋈⋈⊞⋈⊣⋈⊞⊞⋈⋈⊞⋈⊣⋈⋈⊞⊞⋈⊣⋈⊞⋈⊞⋈⊞⋈⋈⋈⊞⋈⊞⊤⊥⋈⊞⋈⊞⊞⋈⋈⊞⊞⊞⊥⋈⋈⊞⋈⋈⊞⊞⊞⊞⊤⊞⊞⋈⋈⊣
0x60ae628	⊢⊞⊞⊞⊣
0x60ae60c	⊢⊞⊞⋈⊤∈⊙∋⊞⊣
0x60ae530	⊢⊞⋈⊞⊞⊤∈⊤∈⊤∈⋈⊣∈⋈⊣⊞⋈⊞⊤∈⋈⊞⊤⊥⋈⊞⊞⊞⊞∋∋∋⊣
0x6021db0	⊢⋈⋈⊤∈⋈⊤∈∋⊣⊙
0x6021e60	⊢⋈⋈⊞⋈⊞⊞⊞⊞∈⋈⊤∈∋⊣⊙
0x6032b00	⊢⋈⋈⋈⋈⋈⋈⊞⋈⋈⋈⋈⋈⋈⋈⋈⋈⊡∈⋈⋈⊞⊙⊤∈⋈⋈⋈⋈⊞⋈⊡∈∈⊤∈⋈⊤⋈∈∋⊤∈⋈⊙⊤∈∋⋈⋈⊞⊞⊙⋈⊤∈∋⋈≺∋⊙⋈⊤∈∋⊤∈⋈⋈⊞∈⊞⋈⊞⊙⋈⊤∈⊤∈⋈⋈⊞⊞⊙⋈⊤∈∋∋⋈⋈⊞⊙⊤∈⊤∈⊤∈⋈⊙⊤∈∋⋈⋈⊞⊞⊙⋈⊤∈∋∋∋⋈⋈⊞⊙⊤∈⊤∈⊤∈⋈⊙⊤∈∋⋈⋈⊞⊞⊙⊤∈∋∋∋∋∋⊙∋∋∋∋⋈⋈⊙⊤∈⋈⋈⋈≻⋈⋈≻≻⋈⊙⋈⋈⊞⋈⋈⋈⋈⊙⋈⋈⊙⋈⊤⊥∈⋈⋈⋈⋈⋈⊙⋈⊤∈⋈⋈⊙⋈⊤∈⋈⋈⊤∈⋈≻≺⋈⊞⊞∈∋⋈⊞⊞⋈⊞⊞≺∋⋈⊞⊤⊥⊞⋈⊞≺∋⊞⋈⋈⋈⋈⋈⋈⋈⋈⋈⋈⋈⋈⊞⊙⊤∈⋈⊤∈⋈≻⋈⊤∈⋈⊙⊤∈⋈⋈⋈⋈≻∋⊞∋⋈⋈⋈⋈⋈⊞⊙∋⋈⋈⊞⊙⊤∈⋈⊤∈⋈≻⋈⊤∈⋈⊙⊤∈∋⋈⋈≻⋈⋈⋈⋈≻∋∋⋈⋈⋈⋈⋈⊞⊙∋⋈⋈⋈⋈⊤∈⋈⊡∈⊤∈≻≺⋈⊡∈∋⋈∋⋈⋈≻⋈⊤∈∋⋈⋈⋈⋈⋈⋈⋈⊞≻≺∋⊙⋈⊞⊡∈⊤∈⋈≻∋⋈⋈≺∋≻≺⋈⊡∈⊙≺∋⊞⊞⋈⋈⋈⋈⋈⋈⊣
0x607cb10	⊢⋈⋈⋈⋈⋈⋈⋈⊞⋈⊤∈⋈⋈⋈⋈⋈⊙⋈⋈⋈⋈⊙⋈⊤⊞⋈⊙⋈⋈⋈⋈⊤∈⊞⋈⋈⊤∈⋈≺⋈⋈⊤∈⋈⊡∈⋈⊤⋈∈∋≺∋⋈⊞⊞⊞⊡∈⋈⋈⋈⊞⊞⊞⊞⊞⊤∈∋⊤∈⊤∈⋈≺⋈⊞⋈⋈⋈⋈⋈⋈⊡⊤∈∋∋⋈⊤∈⋈⋈≺⋈⋈⋈⊞⊙⊤∈⋈⋈⊞⊙⋈⊞⊞⊤∈∋∋⋈∋∋⊞⋈⋈⋈⋈⋈⋈⊣⋈⋈⊞⋈⊙
0x60ae4d0	⊢⊞⋈⊞⊞⊤∈⋈⋈⊞⊤⋈⊥⋈⊞⊤∈⊞⊞∋∋⊣
0x60ae660	⊢⊙
0x60ae650	⊢⊙
0x6021dd1	⊢⊡
0x6021dd9	⊢⊡
0x6021e12	⊢⊡
0x6021e19	⊢⊡
0x6021e55	⊢⊡
0x6021e59	⊢⊡
0x6022ef6	⊢⋈≺
0x60232d5	⊢⋈⋈⋈≺
0x60258d3	⊢⋈
0x60258e0	⊢⋈⊡
0x60330a4	⊢≻
0x6033802	⊢⋈⊤∈⋈⊙∋⋈≻
0x6033ce6	⊢⊡
0x6033d25	⊢⊡
0x6033ef3	⊢⊡
0x6033fa4	⊢⊞≺
0x6033fc9	⊢⋈≺
0x603406b	⊢⋈⊤⊥⊞⋈⋈⋈⋈⋈⋈⊣
0x6034152	⊢⊡
0x6034316	⊢⊡
0x6034386	⊢⊡
0x60343d7	⊢⊡
0x603444a	⊢⊡
0x60344dd	⊢⊡
0x603469d	⊢⋈≺
0x6034784	⊢⊞≺
0x6034b74	⊢⋈≺
0x6034c51	⊢⋈≺
0x6034d51	⊢⋈
0x6034e17	⊢⊡
0x60352ab	⊢⊡
0x60352d8	⊢⊡
0x6035313	⊢⊡
0x6035d02	⊢⊡
0x6035d5b	⊢⊡
0x6035d88	⊢⊡
0x6035e01	⊢⊡
0x6035e8b	⊢⊡
0x6035eb2	⊢⊡
0x6035f3b	⊢⊡
0x603674e	⊢≻
0x6036dfb	⊢⊡
0x6036e4c	⊢⊡
0x6036e96	⊢⋈≺
0x6036eb0	⊢⊞≺
0x6036f1a	⊢⋈⊡⊞⊞⋈⊡∈⋈⊤∈⋈⋈⊙⊞⊤∈∋≺
0x6036fd7	⊢⊡
0x6037e66	⊢⊡
0x6037f17	⊢⊡
0x6037fc7	⊢⊡
0x6038076	⊢⊡
0x6038103	⊢⊡
0x6038a28	⊢⊡
0x6038a4c	⊢⊡
0x6038b08	⊢⊡
0x60394d4	⊢⊡
0x6039577	⊢⊡
0x603b1cd	⊢⋈⋈⋈⋈⊤∈⊞≺
0x603b730	⊢⋈⋈⋈⋈⋈⋈≻⋈⊞⊞⋈⋈⋈⋈⋈⋈⋈⋈≻⋈⋈⋈⋈⋈⋈⋈⋈⋈⋈⋈⊙⊤∈⋈⋈≺
0x603f145	⊢⋈⋈≻⋈≻≻
0x605f59c	⊢⋈⋈⋈≻⋈⋈⋈⋈⋈⋈⋈⋈⋈⋈≺
0x6060e79	⊢⋈≺
0x6060f95	⊢⊞⋈≻⊞
0x606271f	⊢⋈⋈≺
0x606333f	⊢⋈⊤∈⋈⋈⋈⋈≻∋⋈⊙⋈≻
0x6063723	⊢≺
0x6063edc	⊢≺
0x6063f02	⊢⋈⊤∈⋈⋈⋈⋈≺
0x6064ac5	⊢⊞
0x6064ac7	⊢⋈⋈
0x6064ad1	⊢⊞∈
0x6064ad5	⊢⋈
0x6064ada	⊢⊞∈∋⋈⋈
0x6064ae5	⊢⊞∈⊞⋈⋈⊣
0x6064bae	⊢⊞
0x6064bb2	⊢⊞∈∈⊞⊞⊡⊣
0x6064bd1	⊢⊞∈⋈⊞⊞⊤∈⋈⋈⊤∈
0x6064bf6	⊢⊞∈⊞∈
0x6064c00	⊢⊞∈⊡⊞∈∈⊞≺
0x6064c12	⊢⊞⊣
0x6064c16	⊢⊞⊞
0x6064c1a	⊢⊞⊞⊞⊤∈
0x6064c22	⊢⊞⊞⊣
0x6064c3c	⊢⊞∈∈⊞
0x6064c45	⊢⊞⊞⋈⊤∈⊞≺
0x6064c5a	⊢⊞∈
0x6064c5e	⊢⊞⊞
0x6064c61	⊢⊞⊤⊥⊞⊞≺
0x6064c7b	⊢⊞⊞
0x6064c7e	⊢⊤∈⊞≺
0x6064c89	⊢⊞⊞
0x6064c8c	⊢⊤∈⊞⊞⊞≺
0x6064ca0	⊢⊞⊞⊡⋈⊞⊞⊞≺
0x6064f43	⊢⊞
0x6064f45	⊢⋈⋈⊞⊤∈⊤∈⊞∈⊞⊤⊥⊞⊞⊤∈∋≺
0x6064f7e	⊢⋈⊞⊞⊞∈⊞⊤⊥⊞⊞⊤∈∋⊤∈⋈⊤∈⋈⋈⋈
0x6064fcc	⊢⊞∈
0x6064fd0	⊢∈⊡⊞⊞⊞⋈⊞⊞⊞⊞⋈⊞⊞⊞⊞⊞⊞
0x6065008	⊢⊞∈⊞∈⊡≺
0x606503e	⊢⊞∈
0x6065042	⊢⊞
0x6065047	⊢⊞⊞⊡⊞⊞⋈⊞⊞⊞⊞⋈⊞⊞⊞⊞⊞⊞
0x6065076	⊢⊞∈
0x606507a	⊢⊞
0x606507e	⊢∈⊡⊞⊞⊞⋈⊞⊞⊞⊞⋈⊞⊞⊞⊞⊞⊞⊞⊤∈⋈⊤∈⋈
0x60650d4	⊢⊞∈
0x60650d8	⊢∈⋈⋈⊞⊞⊞⋈⊞⊞⊞⊞⋈⊞⊞⊞⊞⊞⊞⊞⊤∈⊞⊤∈∈⊞⊤⊥⊞⊞⊤∈∋∋⊞≺
0x6065175	⊢⊡
0x606517a	⊢∈⋈⋈⊞⊞⊞⋈⊞⊞⊞⊞⋈⊞⊞⊞⋈⊞⊞⋈⊞⊞⊤∈⊞⊤∈∈⊞⊤⊥⊞⊞⊤∈∋∋⊞⋈⋈
0x60651e9	⊢⊞∈
0x60652cb	⊢⊞⋈⋈⋈⋈⋈≺
0x60667c4	⊢⋈⋈⊞⋈≺
0x6066c6b	⊢⋈⊞⋈⊞⋈≺
0x6066d02	⊢⋈⋈⋈⋈≻⋈⋈⋈⋈≻⋈⋈⋈
0x6066d99	⊢⋈
0x6067527	⊢⊤∈⊤∈⋈≺
0x6067671	⊢⋈⋈≺
0x60676ce	⊢⋈≺
0x60758c1	⊢⋈⊤∈⋈⋈≻⋈⊤∈∋⋈⋈≻⋈⊤∈⊤∈⋈⋈⊤∈⋈⋈≻⋈⊤∈∋⋈⋈≻⊤∈∋⋈⋈⊤∈⋈≺
0x6075c4b	⊢⋈⊤∈⋈⋈≻≺
0x6075d01	⊢⋈⊤⋈∈⋈⋈⊤∈⋈⋈≻⊤∈∋⋈⋈⋈≻≺
0x6075fc9	⊢⊤∈⊤∈⊞⋈⋈⊤∈⋈⋈≻⋈⊤∈∋∋∋⋈⋈≻
0x607604b	⊢⋈⋈⋈≻⋈⊤∈⋈≻⊤∈⊤∈⊤∈⋈⊤∈⋈⋈≺
0x6076202	⊢⊤∈⋈⊤∈⋈⋈≻⋈⊤∈∋∋⋈⊤∈⋈⋈≻⋈⊤∈∋⋈≻⋈⊤∈⊤∈⋈⊤∈⋈⋈≻⊤∈∋⋈⊤∈⋈≺
0x6076370	⊢⊤∈⋈⊤∈⋈⋈≻⋈⊤∈∋∋⋈⊤∈⋈⋈≻⋈⊤∈∋⋈≻⋈
0x607647c	⊢⋈⋈⊤∈⋈⋈⊤⊥⋈⋈⊞≻⋈⊤∈∋⋈⋈
0x60764d4	⊢⋈⊤∈⋈⋈≺
0x60798e6	⊢⋈⋈⋈⋈⋈⋈⊙
0x607b962	⊢⋈⊤∈⋈⋈≺
0x607baae	⊢⋈⊤∈⋈⋈≺
0x607bb8f	⊢⋈≻⋈≺
0x607bbe9	⊢⋈⋈≻⋈≺
0x607cbc1	⊢⋈⋈≺
0x607cbd7	⊢⋈⋈⊤∈≺
0x607cd93	⊢⋈⋈⋈⊞≺
0x607cde0	⊢∈⋈⋈⊞⊞⊞⊞⊞⊤∈∋⊞⊞⊞∈⋈⋈⊞⊞⊞⊞⊞⊤∈∋≺
0x607d032	⊢⋈⋈⋈⊞⋈⊙⋈⋈⊞⊙⋈⋈⊙⋈≺
0x607d095	⊢⋈≺
0x607d6b4	⊢⋈⋈⋈⋈⋈⋈⋈≻⋈⋈≻≺
0x607d747	⊢⋈⋈⋈⋈⋈⋈⋈≻⋈⋈≻≺
0x607d7dc	⊢⋈⋈⋈≻⋈⋈≻≺
0x607d97e	⊢≺
0x607dac8	⊢⊡
0x607dd2d	⊢⋈⊤∈⋈⊙∋⋈⊙⋈≻⋈⊤∈⋈≻∋⋈≻≻
0x607e21c	⊢⋈≺
0x607e290	⊢≻⊣
0x607e405	⊢⋈⊡⋈≻
0x608096e	⊢⋈⋈≺
0x6082fed	⊢≺
0x6083c3c	⊢⊡
0x6083ea4	⊢⊡
0x60840c2	⊢≺
0x6084360	⊢⋈⊤∈⋈⊙∋⋈⊙⋈⊙⋈≻⋈⊤∈⋈⊙∋⋈⊙⋈≻
0x6084ac6	⊢⋈⊤∈≺
0x6084b2b	⊢⊡
0x6084c05	⊢⊡
0x6085288	⊢⊡
0x6085b87	⊢⋈⊤∈⋈⊙∋⋈≺
0x6085d9b	⊢⋈⋈⊤∈⋈⊙∋⋈≻
0x608622b	⊢⊡
0x60864e9	⊢⋈⊤∈⋈⊙∋⋈⊙⋈≻
0x60865af	⊢⋈⊤∈⋈⊙∋⋈⊙⋈≻
0x6086e5a	⊢⋈⊤∈⋈≺
0x6088127	⊢⊤∈⋈≺
0x60881d6	⊢⊤∈⋈≺
0x6088386	⊢⊤∈⋈≺
0x6089a46	⊢≺
0x6089d9a	⊢⋈⋈≻≺
0x608a425	⊢⊡
0x608a489	⊢⊡
0x608a696	⊢⊡
0x608a7b5	⊢≺
0x608a853	⊢⋈⋈≻≺
0x608a8cb	⊢⋈⊞⋈≻⋈≻≻
0x608aa07	⊢⊡
0x608abe1	⊢⊡
0x608b141	⊢⋈⊤∈⊞⋈⋈⋈⋈⋈⊞⊞⋈⊞⊞⊞⋈⊞⋈⊤∈⊤∈⊡⋈⋈⋈⋈⋈⊞⊞⊞⊞⊞⊞⊞≺
0x608b1f0	⊢⋈⊤∈⊞⋈⋈⋈⋈⋈⋈⊞⊞⊞⊞⊞⊞⊞⋈≺
0x608b354	⊢⊤∈⊡⋈⊞⋈≺
0x608b43c	⊢⊡
0x608b797	⊢⊡
0x608c004	⊢⋈⋈≻⋈⋈⋈⋈⋈⊡
0x608c0dc	⊢⋈⋈≻⊤∈⋈⋈≺
0x608c12c	⊢⋈⋈≻⋈⊤⊥⊤∈⋈⋈∋⋈⊞⋈≺
0x608c1e3	⊢⋈⋈≻⋈⋈⋈⋈⋈≺
0x608c896	⊢⊤∈⋈≺
0x608ca34	⊢⊤∈⋈≺
0x608d69a	⊢⋈⋈⋈⋈≺
0x608d843	⊢⋈⊞⋈≻⋈≻
0x608d892	⊢⋈⊤∈⊡∈⋈⊙∋∋⋈≻
0x608de67	⊢⊡⋈⊞⋈⊞⋈⊞⋈⊞⊞⋈⊞⊞⋈⋈⋈⋈⊞⊤∈
0x608deca	⊢⋈⋈⊞⋈⊞⋈⊞≺
0x608e3c5	⊢⋈⋈≺
0x608e436	⊢⊡
0x608e475	⊢⋈⊤∈⋈⊞⋈⊞⋈⋈⊞∈⊞≺
0x608e5d5	⊢⋈≺
0x608e600	⊢∈⋈⊤∈⊤∈∋⋈⋈⊞⊞⊞⊤∈⊞⊞⊞∈∋≺
0x608e90c	⊢⊤∈⊤∈⋈⊞⊞⋈∈⊤∈⊞⊞⊞⊞⊤∈∋≺
0x608ea34	⊢⋈≺
0x608ef07	⊢⊞⊞⊞⋈⊞⊞⊤⊥∈⋈⋈≺
0x608f18a	⊢⊤∈⋈⊞⊞⊞⊞∈⋈⊤∈⊤∈∋⋈⋈⋈⊞⊞⋈⊡⋈⊤∈⊞⋈⊞∈∋≺
0x608f695	⊢⊡
0x608f758	⊢⋈⋈⊞⊞≺
0x608f936	⊢⊡
0x608f95c	⊢⋈⊞⋈⊞⋈⊞⊞≺
0x608f9d9	⊢⋈⋈⊞⋈≺
0x608fa2c	⊢⊞⊞⋈⊞⊞⋈≺
0x608fab5	⊢⊞⋈⊞⊞⋈≺
0x608fbee	⊢⋈⊞≺
0x608fc77	⊢⊞⋈≺
0x608fd42	⊢⋈≻≺
0x608fd76	⊢⋈⋈⋈≻
0x608fd88	⊢≺
0x608ffa6	⊢⋈⋈⊞⋈⊞⋈⊞≺
0x6090365	⊢⊡
0x609049b	⊢⊡
0x609065a	⊢⋈⋈⊞⋈⊞⋈⊞⊞≺
0x6090bf5	⊢⋈⋈≺
0x6090d02	⊢⋈⋈≺
0x6090e4b	⊢⊡
0x6090ec7	⊢⊡
0x6090f8d	⊢⊡
0x60910b1	⊢⋈⋈⋈⊤∈⊞⊞∈⊞⊡∈⊤∈⊞⊤∈∋≺
0x6091191	⊢⋈⋈⋈⊤∈⊞⊞∈⊞⊡∈⊤∈⊞⊤∈∋∋∋⋈⋈⋈⋈⊣
0x60913ca	⊢⊡
0x6091833	⊢⊡
0x6091b81	⊢⊡
0x6091c72	⊢⊡
0x6091d1b	⊢⊡
0x6091dc4	⊢⊡
0x6091ec4	⊢⊡
0x6091f9a	⊢⊡
0x609206a	⊢⊡
0x60924bb	⊢⊡
0x609273b	⊢⊤∈⋈≺
0x60927db	⊢⊤∈⋈≺
0x60928f8	⊢⊤∈⋈≺
0x609295b	⊢⊤∈⋈≺
0x6092cac	⊢⊡
0x6092e8e	⊢⋈⋈⋈⊞
0x609302c	⊢≺
0x60932f9	⊢⊡
0x60933ba	⊢⊡
0x6093849	⊢⋈⋈⊙⊤∈≺
0x60938fd	⊢⊤∈⋈⋈⋈⋈⋈⋈⋈⊞⊤∈⊤∈⋈⋈⋈⋈⋈⋈⊞⊞⋈⊞⊤∈⊤∈⊞⋈⋈⋈⋈⊤∈⋈⊞⋈⊞⋈≺
0x60939b4	⊢⊤∈⋈⊞⊞⊞⊞⊡∈⋈⊤∈⊤∈∋⋈⋈⊞⊞⊞⊤∈⊞⊞⊞∈∋≺
0x6094070	⊢∈⊤∈⊞⊤∈∋≺
0x6094514	⊢⋈⋈⋈⋈⊞⋈⊞⋈⊞⋈≺
0x6094a4b	⊢⋈⋈⋈⋈⊞⋈⊞⋈⊞⋈⋈≺
0x6094bdb	⊢⊡
0x6094ff7	⊢⊤∈⋈⋈≻⋈⋈⋈⋈⋈⋈⋈⋈≻⊞⋈⋈⋈⊤∈⋈≺
0x60950e7	⊢⋈⊞⊤∈⋈⋈⊞⋈⊙
0x609598d	⊢⋈⋈⋈≺
0x6095a12	⊢⋈⊞⊞⋈⋈⋈⋈⋈⊞⋈⋈⋈⊞⋈⋈⋈≺
0x6095cc5	⊢⊡
0x6095d2d	⊢⊡
0x6095da0	⊢⋈⊤∈⊤∈≺
0x6095e1b	⊢⋈⋈⊤∈⋈⋈⊞⊙
0x6095e60	⊢⋈⋈⊤∈⋈⋈⊞⊙
0x609622e	⊢⋈⋈⊞≺
0x6096297	⊢⋈≺
0x60962c1	⊢⋈⋈⋈≺
0x6096573	⊢⋈≺
0x6096b24	⊢⊡
0x6096d1d	⊢⋈≺
0x6096d34	⊢⋈≺
0x6096d6d	⊢⋈≺
0x6096d84	⊢⋈≺
0x6096edd	⊢⊡
0x6096efa	⊢⊡
0x6097031	⊢⊡
0x60971f9	⊢⊡
0x6097256	⊢⊡
0x60972d1	⊢⊡
0x6097326	⊢⊡
0x609754b	⊢⊡
0x6097564	⊢⊡
0x609766c	⊢⊡
0x60976d3	⊢⊡
0x609770d	⊢⊡
0x60977a4	⊢⊡
0x60977dd	⊢⊡
0x60979f5	⊢⊡
0x6097a5a	⊢⊡
0x6097af9	⊢⊡
0x6097b67	⊢⊡
0x6097fc2	⊢⋈⋈≺
0x609800a	⊢⋈⊞≺
0x609805c	⊢⊤∈⋈⋈⋈⊞⊞⊡∈⋈⊤∈⊤∈∋⋈⋈⊞⊞⊞⊤∈⊞⊞⊞∈∋≺
0x6098133	⊢⊤∈⋈⋈⋈⋈⋈⋈⊞⊤∈≺
0x6098430	⊢⋈⋈⋈⋈≺
0x6098471	⊢⋈⊞⊞⋈≺
0x60984c4	⊢⋈⊞⋈⋈⋈⋈⋈≺
0x6098621	⊢⊤∈⋈⋈⋈⊞⊞⊡∈⋈⊤∈⊤∈∋⋈⋈⊞⊞⊞⊤∈⊞⊞⊞∈∋≺
0x609869d	⊢⋈⋈⋈⊞⋈∈⋈⊞⋈⋈⋈⋈≺
0x6098fc0	⊢∈⋈⊤∈⊤∈∋⋈⋈⊞⊞⊞⊤∈⊞⊞⊞∈∋≺
0x6099686	⊢⋈⋈⋈≺
0x6099711	⊢⋈⋈⊤∈⊞⋈⋈⋈⋈≺
0x6099990	⊢⋈⋈⊙⋈≻
0x6099a9b	⊢⊡
0x6099b37	⊢⊡
0x6099d8d	⊢⊡
0x6099da7	⊢⊡
0x609a038	⊢⊡
0x609a211	⊢⊡
0x609a60b	⊢⊡
0x609a73c	⊢⊡
0x609a848	⊢⊡
0x609ac58	⊢⋈⋈≻≺
0x609acbb	⊢⊡
0x609ad65	⊢⊡
0x609ade3	⊢⊡
0x609b60b	⊢⊡
0x609b798	⊢⋈⋈⋈⊡
0x609b811	⊢⊞⊤∈⋈⋈⊞⊙
0x609b863	⊢⊞⊞⊞∈⋈⋈⋈⋈⋈⋈⋈⋈≺
0x609bc91	⊢⋈⋈⊤∈⊞⋈⋈⋈⋈⊞∈≺
0x609bd9f	⊢⋈⋈⊤∈⊞⋈⋈⋈⋈⋈⋈⊞⊞⊞≺
0x609bf59	⊢⊤∈⋈⋈⊤∈⊞⋈⋈⋈⋈⋈⋈⊞⊞⋈⊞⊞⊞⊞≺
0x609c1cc	⊢⋈⋈⊤∈⊞⋈⋈⋈⋈⋈⊞⋈⊞⋈≺
0x609c248	⊢⋈⋈⋈≺
0x609c350	⊢⋈⋈⋈⋈⋈⋈⊣
0x609c50e	⊢⋈⋈⋈⋈⋈⋈⋈⊣
0x609c59d	⊢⋈≺
0x609c610	⊢⋈⋈⋈⊞⋈⊞⋈⊞⋈≺
0x609c65b	⊢⋈⋈⋈≺
0x609c973	⊢⋈⋈≻⋈≻≻
0x609cd65	⊢⋈⊡∈⊞∈⋈⋈≻⋈≺∋
0x609cdc2	⊢⊡
0x609ce23	⊢⋈⋈≻⊡∈⊞∈⋈⋈≻⋈≺∋
0x609cea3	⊢⋈⊞⋈≻⋈≻
0x609cf3b	⊢⋈⋈≻⊤∈⋈≻∋⊤∈⋈≻∋⋈⊤∈⋈⋈≻∋⋈≻≻
0x609d5d6	⊢⋈⊡∈⊞∈⋈⋈≻⋈≺∋
0x609d647	⊢⊡
0x609d6a9	⊢⋈⋈≻⊡∈⊞∈⋈⋈≻⋈≺∋
0x609da75	⊢⋈⋈≻≺
0x609dbfa	⊢⊡
0x609e063	⊢⊡
0x609e3b1	⊢⊡
0x609e4a2	⊢⊡
0x609e54b	⊢⊡
0x609e5f4	⊢⊡
0x609e6f4	⊢⊡
0x609e7ca	⊢⊡
0x609e89a	⊢⊡
0x609ebfd	⊢⊡
0x609f008	⊢⊡
0x609f346	⊢⊡
0x609f3e2	⊢⊡
0x609f543	⊢⊡
0x609f7b2	⊢⊡
0x609f856	⊢⊡
0x609f8f8	⊢⊡
0x609ff41	⊢⊡
0x609ff96	⊢⊡
0x60a00da	⊢⊡
0x60a00fd	⊢⊡
0x60a0139	⊢⊡
0x60a05e9	⊢⊡
0x60a0626	⊢⊡
0x60a0654	⊢⊡
0x60a0675	⊢⊡
0x60a0803	⊢⋈⊤∈⋈⋈⋈⋈⊙⊤∈⋈⊤∈⋈⋈≺
0x60a0840	⊢⋈⊤⊥≺
0x60a0f19	⊢⊡
0x60a1203	⊢⊡
0x60a1313	⊢⊡
0x60a1671	⊢⊡
0x60a1772	⊢⊡
0x60a1922	⊢⋈⊞⋈⋈⋈⊙⋈≻
0x60a195b	⊢⊡
0x60a1ba1	⊢⋈⋈⊤∈⋈⊙∋⋈≻
0x60a1d5e	⊢⋈⊤∈≺
0x60a1de2	⊢⋈⋈⋈⋈⋈⋈⋈⊤∈⋈⊙∋⊤∈⋈⊙∋⋈⊙≺
0x60a1e56	⊢⋈⊤∈⋈⊙≺
0x60a1f57	⊢⋈⊣
0x60a1fb7	⊢⋈⊣
0x60a2031	⊢⊡
0x60a232d	⊢⋈⊤∈⋈⊙∋⋈⊙⋈≻
0x60a281c	⊢⋈⊡⋈≻
0x60a3127	⊢⊡
0x60a3202	⊢⋈⋈⊞⊤∈⋈⊙∋⋈≻
0x60a3476	⊢⋈⋈⋈≻
0x60a35a0	⊢⋈⋈⋈≻
0x60a37ed	⊢⊡
0x60a3cac	⊢⋈⊤∈⋈≺
0x60a3d51	⊢⋈⊤∈⋈⊙∋⋈≻
0x60a40aa	⊢⋈⊤∈⋈⊙∋⋈⊙⋈≻
0x60a40fa	⊢⋈⋈⋈⋈⊙⋈⋈⋈⋈⋈⋈⋈⋈⋈≻⋈⋈⋈⋈⋈≻⋈≻≺
0x60a4703	⊢⋈⋈≻≺
0x60a4a61	⊢⊡
0x60a4b38	⊢⊡
0x60a4e23	⊢⋈⋈⊤⊥⊤⊥⊞∈⊙∋⋈≻
0x60a5709	⊢⊡
0x60a619e	⊢≺
0x60a61b1	⊢≺
0x60a6248	⊢⋈⋈⋈⋈⊞⋈⋈⋈⋈≺
0x60a6596	⊢⋈⊤⊥⊤⊥⊞∈⋈⊙∋⋈⊙⋈≻
0x60a67e5	⊢⋈≺
0x60a685a	⊢⊡
0x60a6952	⊢⊞⊞⋈⊡∈
0x60a6976	⊢⊤∈⊞⋈⊡∈∋⋈⋈∈⋈⊤∈⊤⋈⊥⋈⋈⋈⋈⋈⊞⊞⊙⊤∈⊙⊤∈∋∋∋⋈⋈⊞⋈⊞⋈⊞⋈⊙
0x60a6dbc	⊢⊡
0x60a7090	⊢⋈⋈⋈⋈⋈⊡≺
0x60a7251	⊢⋈⊤∈⋈⊙∋⋈⊙≺
0x60a72cd	⊢⊤∈⊡
0x60a7322	⊢⊡
0x60a7374	⊢⊤∈⋈⋈⋈⋈⋈⊤∈⋈⊙∋⊤∈⋈⊙∋⋈⊙≺
0x60a7459	⊢⋈⊤∈⋈⊙∋⋈⊙⋈⋈≻⋈≻≻
0x60a75fd	⊢⊡
0x60a7713	⊢⊡
0x60a7a3b	⊢⊡
0x60a7c1f	⊢⋈⋈≻⋈≻≻
0x60ae5dc	⊢⊡
0x60ae640	⊢⋈⊙
0x60ae656	⊢⋈≺
0x60ae666	⊢⋈≺
