0x3dd860	⊢⊞⊞⋈⋈⋈⊞⋈⋈⊞⊞⋈⊙⊣
0x408eb0	⊢⋈⋈⋈⋈⋈⋈⊞⋈⋈⋈⋈⊤∈⋈⋈⊞⋈⋈⋈⋈⋈⋈≺⊤∈⋈⊤∈⋈⊤⋈⊥⋈⋈⋈⊤∈⋈⊤∈⋈⊞⊞∋⊞⋈⋈⋈≺∋⊤∈⋈⋈⊤⋈⊥⋈⋈⊞⋈⋈⊤∈∋⋈⊞⊞≻∋⋈⋈⋈⋈⋈⋈⋈⊤∈⋈⊞⋈⋈⋈⊤∈⋈≻⋈⋈⋈⋈⋈⋈⊞⋈⋈⊞⊤∈⋈⊤∈⊤∈⋈⊞⋈⋈⋈∋⊤∈⋈⋈⋈⊞⋈⊞⋈⊤⊥⊞⊤⊥⊞∈⋈⊤∈⋈⊞⋈⋈⋈≻⋈⊤∈⊞⋈≺∋⋈⋈⋈⋈⋈⋈⋈⋈⋈≻⋈⋈⊤∈⋈⋈⋈≻∋⋈⋈⋈⋈∋∋⊞⋈⋈⋈⋈⋈⋈⊣⊞∋⋈≻∋⋈⋈⊞⋈⋈⋈⋈⋈⋈≺⋈⋈⋈⋈⋈⋈⋈⋈⋈⊞⊞⋈⋈⊞⊤∈⋈⋈⋈⋈≻⋈≺∋⊤∈⋈⋈⊞∈⋈⋈⊞⊤∈∋⊞∋⋈⊞⋈⋈⋈⋈⊣⋈⊞⊞⊤⊞⋈⋈⊞⊤∈⋈⋈⋈⋈≻≺∋⋈⋈⋈⋈∈⊤⋈⊥⋈⊤∈⋈⊞⊞∋⋈⊞⋈⊞⊤∈∋≺∋⋈⊞⋈⋈⋈⋈⊣⋈⊤∈⋈⊞⊞∋⊤∈⊞⊞⊞⊤⊞≺∋⊞⋈⊥⋈⋈⊞⊥⊤⊥⊞∈⊞∈⋈⋈≻∋⋈⋈⋈≻⊤∈∋⋈⋈⋈⋈⋈⋈⋈⋈⋈≻⋈⋈⋈⋈∋∋⊞⋈⋈⋈⋈⋈⋈⊣
0x443030	⊢⋈⋈⊤∈⊞⋈⋈⋈⊞⋈⋈≺∈⋈⋈⊤∈⋈⊞⋈⊞⊤∈⋈⊞⊞⋈≺⋈⊞⊞⊞⊤∈⋈⊞⊞⋈⊡⋈⋈⊞⊞⊞⊞⊞⊞≺⋈≺∋∋∋⋈⊤∈⊤∈⊤∈⋈⊞⊤∈⊤∈⋈⋈⊞⊤∈⊤⊥≺⊤∈⋈⋈≺⊤∈⊤⊥≺∋∋∋⊤∈⊡∋∋⊞⊞⊤∈∋⋈∋∋∋∋⋈⋈≺∋⊞⊞⊣
0x3dd949	⊢⋈⋈⋈⋈⋈⋈⋈⊤∈⋈⋈⊞⋈⋈⋈⋈⊙⋈⋈⋈⋈≻⋈⋈⋈⋈≻⋈⋈⋈⋈⊞⋈⋈⋈⋈⊣
0x3dd9c7	⊢⋈⊞⋈⊞⊤∈⋈⋈⊡⋈⋈⋈⊞⋈⋈⋈⋈≻⊤∈⋈⋈⋈⋈⋈≻⋈⋈⋈⋈⋈⊞∈⋈⋈⋈⊤∈⋈⋈⋈≻∋⋈⊤∈⋈⋈⋈≻∋⋈⋈⋈≻⋈⋈⋈⋈⋈⋈⋈≺⊤∈⋈⊞⊞⋈⋈≺∋⋈⊤∈⊤∈∋⊣⋈⊙⋈⋈⋈⊣⋈⋈⋈⋈⋈⋈≺∋⊞⋈⊣
0x448677	⊢⋈⊤∈⋈⋈⊞⋈⋈⋈⋈⋈⋈⋈⋈⋈⋈⋈⋈≻⊞⋈⊣⊣
0x447db2	⊢⋈⊤∈⋈⋈⊞⋈⋈⋈⋈⋈⋈⋈⋈⋈⋈⋈⋈⋈≻⊞⋈⊣⊣
0x43dd70	⊢⊤∈⋈⋈⋈⊞≻⋈⋈⋈≻⋈⋈⋈⊣
0x43ddb0	⊢⋈⋈⋈⊤∈⊤∈⋈⋈⋈≻⋈⋈⋈≻⋈⊣⋈⋈⋈⋈⋈⋈⋈⊣
0x4341d0	⊢⋈⋈⋈⋈⋈⋈⋈⊞⋈⋈⋈⋈⋈⋈⋈⋈⋈⊞⊤⊥⋈⊞⋈⊞⋈⊞⊥⋈⊞⊥⊤⋈∈⋈⊞⊞⋈≺⋈⋈⋈⋈⋈⋈⋈⋈⋈⋈⋈⋈⊞⋈⋈⋈⋈⋈⊞⋈⊞⊞⊞⋈⊞⊞⊞⊞⊡∈⋈⊤∈⊤∈⋈∋⋈⋈⊞⊞⊞⊤∈⊞⊞⋈⋈⊤∈⋈⊤∈⋈⊤∈⋈∈⋈⋈⊞⋈⊡∈⊤∈⋈⊤⊥⊞⊞⊞⊤∈∋⋈⊤∈⊞⊞⊤∈≺≺∋⊞∈∋⊞⊞⊞⋈≺⋈≺∋⊞⊞⊤∈∋⋈∋∋≻⊤∈⋈⋈⋈⊞⋈⋈⋈⋈⋈⋈⊞⋈⋈≺∈⋈⋈⋈⋈⋈⋈⋈≻⊤∈⋈⋈⋈⊤∈⊤∈⊤∈⋈⋈⋈≻⋈⋈⋈⋈⋈⋈≻⊤⋈⊥⋈⋈⊥⋈⋈⋈≺⊤∈⊤∈∋⊤∈⋈⋈≻⋈⋈⋈⋈⋈⋈⋈⋈≻⊞⋈⋈⋈⊤∈⋈≺∋⋈⊞⋈⊞⋈⊞⋈⋈≺⋈≺⊤∈⊤∈∋⋈⋈⋈≻⋈⋈⋈⋈⋈≻⊤∈⋈⋈⋈⋈≺∋⋈∋∋∋∋∋∋⊞⊤∈∋∋⋈⋈⋈⋈⋈⋈⋈⋈⊞⋈⋈⋈⋈⋈⋈⋈⋈⋈⋈⋈⋈⊞⊞≻⋈⊤∈⋈⋈⋈⋈⋈⊤∈⋈⊙∋⊞⊤∈⋈⊙∋⊞⊞⋈≺⋈⊤∈⋈⊤∈≻≺⊞⊞⊞∈∋⋈≺∋⊞⊞⋈∋⊞∋∋∋∈⊞⋈⊞⊞⋈⊞⊤∈⊞⋈⋈⋈⋈⋈⋈⋈⋈⋈⋈⋈⋈≻⋈⋈⋈≻∋⋈≻∋≻≺∋∋⋈⋈⋈⊤∈⋈⋈≺⊤∈⋈⋈⊙⋈⊞⋈⋈⋈⊞⋈⋈⋈⋈≻⋈⊤∈∋∋⋈⋈⋈⊤∈⋈≺⊤∈⋈⋈⊙⋈⋈⊞⋈⊞⋈⋈⋈⋈≻⋈⋈⊤∈∋∋⋈⊞⋈⊞≺∋⋈⋈≻⋈⋈≻≺∋⊣⋈⋈⋈⋈⋈⋈⋈⋈⋈⋈⋈⋈⊞⋈⋈⋈⋈⋈⋈⊣
0x4333b0	⊢⋈⋈⋈⋈⋈⋈⋈⊞⋈⋈⋈⋈⋈⋈⋈⋈⊞⋈⋈⋈⋈⋈⋈⋈⊤⋈∈⋈⋈⋈⋈⊞⋈⋈⊞⋈⋈⊞⋈⊞⊞⊤⋈⊥⊥⊤⋈⋈⊥⋈⋈⋈⋈⊞⋈⋈⋈⊞⋈⋈⋈⋈⋈⊞⋈⋈⋈⋈⋈⋈⋈⋈⋈⋈⋈⋈⋈⋈⋈⋈⊞∈⋈⋈⊞⊤⊥⋈⋈⊞⋈⊞⊞⊞⋈⋈⊞⊞∈⋈⊤∈⊤∈⊞⋈⋈⋈≺∋⋈⋈⊞⊞⊞⊤∈⋈⋈⊤∈⊡≺⋈⋈⊤∈⋈⋈⋈⊤∈⋈∈⋈⋈⊞⋈⊡∈⊤∈⋈⊤⊥⊞⊞⊞⊤∈∋⋈⊤∈∋⊞∈⋈≺∋≺⊞⊞⊤∈≺⊞⊞⊤∈∋⊡∋∋⊤∈≻⋈⋈⋈⋈⋈⋈≻⋈⊤∈⋈⋈⊞⋈⊞⊞⋈⋈⊞⊞⋈≺≻⋈⋈⊤∈⊞⊞⋈⋈⋈⋈≺∈⋈⋈⋈⋈⋈⋈⋈⋈≻⊤∈⋈⋈⋈⊞⋈⋈⊞≺⋈⊤∈⋈⋈≻⋈⋈⊤∈⊞≺⊤∈⋈⋈⋈⊤∈⋈≺⊞⋈⊞∈⋈≺⊞⊤∈⊤∈⋈⊤∈∋⋈⋈⋈⋈⊞⊞⋈⊞⊞⊞⊞≺∋⊞∋⋈⋈≺∋⋈⊤∈⋈⋈≻⋈⊤∈⋈⋈⋈⋈≺⊤∈⋈⋈⋈⋈≺⊤∈⋈⊤∈⋈⋈⊞⋈⊞∈⋈⊤∈⋈⋈⋈⋈≺⋈⊞⋈⋈⊞⊙⊤∈⋈⋈≻⋈⊤∈⋈⋈⋈≺⋈≺⊤∈∋∋∋∋∋∋⊞⊤∈∋⊤∈⋈⋈⊞⊤⋈∈⊞⊤∈⋈⋈⊤∈⋈⊤∈⋈≻⋈⋈⋈⊤∈⋈⊤∈⋈≻⋈⋈⋈≺∋∋∋⋈⋈⋈⋈⋈⋈⋈⊞⋈⋈≺⋈⋈⋈⋈⋈⊞∈∋∋∋⋈⋈∋∋⊞⋈≺⊞⋈⋈⋈⋈⋈⋈⋈⋈⋈⋈⋈⋈⋈⋈⋈⋈⋈∈∈⋈⋈≻⋈⋈⋈⋈⊤∈⋈⋈⊞⊤∈≺⋈⋈⊞≺⊤∈⋈∋⊤∈∋⋈⋈⊤∈⋈≻∋⋈⋈⋈⋈⋈⋈⋈⋈⋈⋈⋈⋈⊞⋈≺∋∋∋∋∋∋∋⋈⊤∈∋≺⋈⊤∈⋈⊤∈⋈⋈⋈⋈⋈≺∈⋈⋈⊤∈⋈⋈⋈∈⋈⋈⋈⋈⊤∈⋈⋈⊤⋈∈∋⊞≺∋⋈⋈⋈∋⋈⊞⋈⊤∈∋⊤∈∋⋈⊤∈⋈≻⋈⋈∋⋈⋈⋈⋈⋈⋈⋈⊞⋈⋈⋈⋈≺∋⋈⊤∈∋⋈≺⋈⋈⊞⋈⊞∈∋⋈∋⋈⋈≺⋈⊤∈⋈⋈⋈⋈≺∋∋⊞⋈≺⋈⊞⋈⋈⊞⊙⊞⊞⊞∈∋≺⊞⋈⋈⊞⋈⋈∋∋∋∋∋∋⊤∈⋈⊙∋⋈⋈⊤∈⋈⋈⋈≺∈⊤∈⋈⊤∈⊤∈⊙∋⊤∈⋈⊙≺∋∋∋⊞⊞∈∋∋⊤∈⋈⊙∋⊞⋈⋈⋈≺∈⊞⋈⊞⊞⋈⊞⊤∈⊞⋈⋈⋈⋈⋈⋈≻⋈⋈⋈≻∋≻≺∋∋∋⋈⋈⋈⊤∈⊤∈⋈⊙⋈⊞⋈⋈⋈⋈⋈⋈≻⋈⊤∈∋∋⋈⋈⋈⋈⊤∈⋈≺⊤∈⋈⊙⋈⊞⋈⋈⋈⋈⋈⋈≻⋈⊤∈∋∋⋈⋈⊞⋈⊞⋈∋⋈⋈≻⋈⋈≻≺∋⊣⋈⋈⋈⋈⋈⋈⊞⋈⋈⋈⋈⋈⋈⊣
0x42ee60	⊢⋈⋈⋈⋈⋈⋈⋈⊞⋈⋈⋈⋈⋈⋈⋈⋈⋈⋈⋈⋈⋈⋈⋈⋈⋈⋈⋈⋈⋈⊤∈⋈⋈≻⋈⊤∈⋈⋈≻∋⋈∋⋈⋈⋈⊙⋈⋈⊤⋈⋈⋈∈⋈⋈⋈⋈⋈⋈⋈≻⋈⊤∈⊞⋈⋈≺⊤∈⋈≺∋⋈⋈⋈⊤∈⋈⋈⋈≻⋈⊤∈∋⋈⋈⋈⊙⋈⋈⊤⋈⋈∈⋈⋈⊞⋈⋈≻⊤∈⋈⋈≻≺⋈⊞⊞∈⊤∈⋈⋈≻⋈⋈⋈⋈⋈⋈⋈⋈⋈⋈⋈⋈⊞⊞∈∋∋⋈≺∋⋈⋈⋈⋈⋈⋈⊤∈⋈⋈⋈⋈≻⋈⋈⋈⋈⋈⋈⋈⋈⋈⋈⋈⋈⋈⋈∋⋈⋈⋈⋈⋈⋈⋈⋈⋈⋈⋈⋈⋈⋈⋈⋈⋈⋈⋈⋈⋈⋈⋈⋈⋈⋈⋈⋈⋈⋈⋈⋈⋈⋈⋈⋈⋈⋈⋈⋈⋈⋈⋈⋈⋈⋈⋈⋈⋈⋈⋈⋈⋈⋈⋈⋈⋈⊞⋈⋈⋈⋈⋈⋈⋈⋈⋈⋈⋈⋈⋈⊞⊞⋈⊤∈⋈⋈⊞⋈⋈⋈⋈⋈⋈⋈∋⋈⋈⋈⋈⊤∈⊞⋈⋈⋈⋈∈⋈⋈⋈⋈⋈⋈⊤∈⊤∈⋈⊞⊞⊞⊡∈⋈⋈⊤∈⊤∈⊞⊞∋⋈⋈⊞⊞⋈⊞⊤∈⊞∈⋈⋈⋈⊤∈∋⊞⋈⊞⊞⋈≺⋈⋈⋈⋈⋈⊤∈⋈⊞⋈⋈⊞⋈⋈⊞⋈⋈⊞⋈⋈⋈⋈⋈≺⋈⋈⊞⊙⊞⋈⊞∈∋≺⋈⋈⊤∈⋈⋈⋈⊞⊤⋈∈⋈⋈⋈⋈⊤⋈∈⋈⋈⋈≺⊞⊤∈⊞⋈⊞⊞⋈≺⋈⊤∈⋈⋈⋈≺⊤⋈∈⋈⋈⋈∈⊤∈⋈⋈⋈⋈⊞⊞⊞⊞⊞∈⋈⋈⊤∈⊤∈⋈⊞⊞⋈⋈≺∋⋈⋈⋈⊞⊞⊞⊤∈⋈⋈⋈⋈⋈⋈⊤⋈⋈∈∋⊞⊤∈⋈⋈⋈⋈⋈≺⋈⊞⋈⋈⊞⋈⋈⊞⋈⋈⊞⋈⋈⋈⋈⋈⋈≺⊞⋈⊞⊞⋈∈∋≺⋈⊞⋈⋈∋⊞⋈⊞⊞⋈≺⊤∈⋈⋈⊞⊞⊞∈⋈⊤∈⊤∈⋈⊞⊞⋈⋈≺∋⋈⋈⊞⊞⊞⊤∈⋈⋈⋈⊞⋈⋈⊞⋈⋈⊞⋈⋈⋈⋈≺∋∋∋∋⋈⋈⊞⊞⋈⋈⊤∈⋈⊤∈⋈≻∋⋈⊞⋈⊞⋈⊞⋈⋈⊞⋈⊞⊞⊞⋈⋈⋈⋈⋈⋈⋈⋈⋈⋈⋈⋈⋈⋈⋈⊞⋈⋈⊞⋈⊤∈∋≺∋⋈⊤∈⋈⊤∈≻≺≻≺∋∋⋈⋈⋈⊤∈⊤∈⋈⊤∈∋⋈≻⋈⊞⊞⋈≺∋⋈⋈⋈⋈≻⋈⋈⋈⋈⋈⋈⊤∈⋈≻⋈≺∋⋈⋈⋈⋈⋈⋈⋈⋈⊞≺∈⊤∈⊤∈⊞⊞≺⊤∈⊤⋈∈⋈⊤∈⊞⋈⊤∈∋⋈⋈⊤∈⋈≺⊤∈∋⋈⊙⋈∋⊞⊞⋈⋈⋈⋈⋈⋈⋈≻⋈⊤∈∋∋⋈⋈⋈⋈⊤∈⊤∈⋈⊙⋈⋈⊞⋈⊞⋈⋈⋈≻⋈⊤∈∋∋⊤∈⋈⊙∋⊤∈⋈⊙∋⊤∈⋈⊙∋⊤∈⋈⊙∋⊤∈⋈⊙≺⋈⋈≻≺⋈⋈≻≺⋈⊞≺∋∋⋈⋈⋈⋈≻⋈⋈⋈⋈⋈⊤∈⋈⊤⋈∈⋈⋈⋈⋈≺∈⊤∈⋈⊙≺∋⊞⊞∈∋⋈⋈≺∋∋⊤∈⊙≺⊤⋈∈⋈≻≺⋈⋈⋈∋⋈⋈⋈⋈⋈⊞⋈⊞⊞⋈∋⋈⋈⋈⊞⊙⊞⊞⊞∈∋≺∋⊞⋈⋈⋈∋∋⊞⋈⊞⊞⋈≺∋∋∋∋∋∋∋∋⋈⊞⊞⊞⊞⊞⊞⋈⋈∋∋⊤∈⋈⊙∋⊤∈⋈⊙∋⊤∈⋈⊙∋⊤∈⋈⊙∋⊤∈⋈⊙∋⋈⋈⊤∈⋈⋈≺∈⊤∈⋈⊙≺∋⊞⊞∈∋∋⊤∈⋈⊙∋⊞∋∋⋈⊤∈⊞⋈⋈⋈⋈⋈⋈⋈≻⋈⋈⋈≻∋⋈⋈≻≺⋈⋈⋈⋈⋈⋈⋈⊞⋈⋈⋈⋈⋈⋈⊣⋈⋈⊞⊙⋈⋈≻≺⋈⋈⊞⊙
0x41a911	⊢⋈⋈⋈⋈⊤∈⋈⋈≻⋈⋈⊙⋈≺⋈∋⊞⋈⋈⊣
0x41f535	⊢⋈⋈⋈⋈⋈⋈⋈⊞⋈⊞⋈⋈⋈⊞⊤⋈⋈⋈⋈∈⊡⋈⊡⋈⋈⊡⊡⋈⋈⋈⋈⋈⋈⋈⋈⋈⋈⋈≻⊤∈⋈⋈⋈≻⊤∈⋈⊡⋈⊡⋈⋈⋈⋈⋈≻⋈⊤⋈∈⊤∈⋈⋈≺⋈⋈⊞⋈⊡⋈⊙⊤∈⊙⋈⊞⊞∋⋈⊞⊤∈⋈⋈⋈⋈⊤∈⋈⊙∋⊤∈⋈⊙∋⋈⊙⋈⋈≺∋⋈⋈⋈⊞⊙⊤∈⊙≺∋∋⋈⋈⋈⊞⊞⊞⊥⊤∈⊤⋈⋈⊥⋈⋈⋈⋈⊞⋈≻⊤∈⋈⋈⋈⋈⊤∈⋈⋈≺⋈≺⋈∋⋈⋈⊞⋈⊞⊞⊤⋈⊥⊤⊥⋈⊤∈⋈⋈≺∋⊞⊤∈⋈⊞⋈≺⋈⋈≻⋈⊤∈⊤∈⊞⋈⋈⋈∋⊞⋈⋈≺∋∋⋈⋈⋈⋈∈∈∈∈∈⊤∈⊤∈⋈⋈≻⋈⊤∈⊤⋈∈⋈∋∋⋈⊤∈⋈⋈⊤⊥⋈⋈⋈⋈⋈⋈≻⊤∈⋈≺∋∋⋈≺⋈⋈⋈⋈≺∋⊞⋈⋈⊞⋈⊤⊥⋈⊤⊥∈⋈⋈⋈⊙⊤∈⋈⊤⊥⊞⋈⊤∈∋∋⊞≺⋈⊞⋈⋈⊞⊤⋈⊥⋈⊤⋈⋈⋈∈∋⊤⋈⋈⋈⋈⊥⊤⊥⋈⊤∈∋⋈⊤∈∋⋈⋈⊤∈∋⋈⋈⋈≺∋⊙⋈⊤∈∋≺⊞⊞⋈⋈⋈∋∋⋈⋈⋈⋈⋈⋈≻⊤∈⋈⊤⋈∈⋈⊡⋈⋈⋈⊡⋈⋈⋈⋈⊡⋈⋈⋈⋈⋈⊞⋈⊞∈⋈≻⊤∈⊤∈⋈⋈⋈⊞⊥⊞⊤∈⊞⋈⋈⋈⊞⊞≺∋⋈⊞∈⊤∈⊞⊤∈⊞⊤⋈⋈⊥≺∋⊤⊥⊥∋∋⋈⋈≻⋈⋈⋈⊡⋈⋈⋈⋈⋈⋈⋈≻⊤∈⊤∈∋⋈⋈⋈⋈⋈⋈⋈⊞⋈⊡⋈≺∋⊤∈⋈⋈≻⋈⋈⋈⊡⋈⋈⋈⋈⋈⋈⋈≻⊤∈⊤∈∋⋈⋈⋈⋈⋈⋈⋈⋈⊞⋈⊡⋈≺∋⊤∈⋈⋈≻⋈⋈⋈⊡⋈⋈⋈⋈⋈⋈⋈≻⊤∈⊤∈∋⋈⋈⋈⋈⋈⋈⋈⋈⊞⋈⊡⋈≺∋⊤∈⋈⋈≻⋈⋈⋈⊡⋈⋈⋈⋈⋈⋈⋈≻⊤∈⊤∈∋⋈⋈⋈⋈⋈⋈⋈⋈⊞⋈⊡⋈≺∋⊤∈⋈⋈≻⋈⋈⋈⋈⊡⋈⋈⋈⋈⋈⋈≻⊤∈⊤∈∋⋈⋈⊞⋈⋈⋈⋈⊞⊞⋈≺∋⊤∈⋈≻⋈⋈⋈⊡⋈⋈⋈⋈⋈⋈⋈≻⊤∈⋈⋈⊤∈⋈⊤∈⋈⋈⋈⊤∈≺⊤∈⊤∈⋈⊤∈⋈⊤⋈∈∋∋⊞⊞∈⋈⋈⊞⊞⋈⊤⊥⊤∈⊞⋈⊞⊞⊤∈∋≺∋⊞⊞∈⊤∈∋⊞⊞⊤∈⋈⊤∈⋈⋈⊤∈≺⊤∈⊤∈⊤∈⊞⊤⋈∈∋∋⊞⊞∈⋈⋈⊞⊞⋈⊤⊥⊤∈⊞⋈⊞⊞⊤∈∋≺∋⊞⊞∈⊤∈∋⋈⋈⊞⋈⋈⋈⋈⋈⋈≻⊤∈⋈⋈⋈⋈≻⊤∈⋈⋈⋈⋈≻⊤∈⋈⋈⋈⋈≻⊤∈⋈⊤∈⊤⋈⋈⋈⊤⋈∈⊤∈⊤∈⊡⋈⊤⋈⋈∈∋⊞⊞∈⋈⋈⋈⊞⊞⋈⊤⊥⊤∈⊤∈⊞⋈⊞⊞⊤∈∋≺⊤∈⋈⋈⋈⊤∈≺∋∋⊞⊞∈⋈⋈⋈⊞⊞⋈⊤⊥⊤∈⊞⋈⊞⊞⊤∈∋∋⋈⋈⋈⋈⊡⋈⋈⋈⋈⋈⋈≻⊤∈⋈⋈⋈⋈≻⊤∈⋈⋈⋈⊞⋈⊞⋈≻⊤∈⋈⋈⋈⋈⋈≻⊤∈⋈⋈⋈⊤∈⋈⋈⋈⋈⋈⊙⋈⋈⋈⋈≻⊤∈⋈⋈⋈≻⋈⋈⋈⋈⊙⋈⊤∈≺∋⊤∈⋈≻⋈⋈∋⊞⋈⋈⋈⋈⋈⋈⋈⋈⋈⋈⋈⋈⋈⋈⋈⋈⋈⋈⋈⋈⋈⋈⋈⊞⋈⊤⋈⋈∈∋∋∋⋈⋈⊤∈⋈⊙∋⋈⊙⋈⊤∈≺⋈⋈⊞⊞⋈⊤⊥⊤∈⋈⊞⋈⊞⊞⋈⊤⋈∈∋≺⋈⋈⊞⊞⋈⊤⊥⊤∈⋈⊞⋈⊞⊞⋈⊤⋈∈∋≺∋∋∋∋∋∋∋∋∋∋∋∋∋∋∋∋∋∋∋∋∋∋∋∋∋∋∋∋∋∋∋∋⋈⋈⊤⊥⊡⋈≺∋∋⋈⊞⊤∈⋈⋈⋈⋈⋈⊤∈⋈⊙∋⊤∈⋈⊙∋⋈⊙⊞⋈≺⊞≺∋∋⊤∈⋈⊙∋⋈⊙⋈⊤∈⋈⋈∈⊤∈⋈⊙∋⊞⊞∈∋⋈⋈≺∋⋈⊞⋈⋈⊤∈⋈⋈⋈⋈⋈⊤∈⋈⊙∋⊤∈⋈⊙∋⋈⊙⋈≺∋∋∋⊤∈⋈⊙∋∋⋈∋⋈⊡⋈⊡⋈⋈⋈⋈⋈⊙⋈⋈⋈⋈⋈⊤∈⋈⋈⊤∈⋈⋈∈⊤∈⋈⊙∋⊞⊞∈∋∋⊤⋈∈⋈⊙∋∋⋈⋈⋈⋈⋈⊤∈⋈⋈⊤∈⋈⋈∈⊤∈⋈⊙∋⊤∈⋈⊙∋⊞⊞∈∋∋⊤⋈∈⋈⊙∋∋⋈⋈⋈⊡⊡⋈∋⋈⊤∈⋈⋈⋈⊞⊞⊞⋈∈⋈⋈⋈⊞⊞∈∈⊤∈⊞⊤∈∋≺⋈⊞⋈⊞⊞⊤∈∋⊞⊤∈∋≺⋈⊤∈⋈⊤∈⊞⋈⊞⋈⋈∈⊤∈⊤∈⊞⋈⊞⋈⋈⋈⋈⊡⋈∈⋈⋈⋈⋈⊡⋈⋈⋈⊡⋈⋈⋈⊡⋈⊞∈∋≺⊞⋈⊞⊞⊤∈∋∋⊤∈⋈⋈≻⊞⋈⋈⋈⋈⋈⋈≻⊤∈⋈⋈⊡⋈⋈⋈⋈⊞⋈⋈⊡⋈⋈≻⊤⋈⋈∈⋈⋈⋈⋈⋈⊡⋈≻⊤∈⋈⋈≻⊤∈⋈⋈⋈⋈≻⋈⊤∈⋈⋈⋈⋈⋈⋈⋈⋈⋈⋈⋈⋈⋈⋈⋈⋈⋈⋈⋈⋈⋈⋈⋈⋈⋈⋈⋈⋈⋈⋈⋈⋈⋈⋈⋈⋈⋈⋈⋈⋈⋈⋈⋈⋈⋈⋈⋈⋈⋈⋈⋈⋈⋈⋈⋈⋈⋈⋈⋈⋈⋈⋈⋈⋈⋈⋈⋈⋈⋈⋈⋈⋈⋈⋈⋈⋈⋈⋈⋈⋈⋈⋈⋈⋈⋈⋈⋈⋈⋈⋈⋈⋈⋈⋈⋈⋈⋈⋈⋈⋈⋈⋈⋈⋈⋈⋈⋈⋈⋈⋈⋈⋈⋈⋈⋈⋈⋈⋈⋈⋈⋈⋈⋈⋈⋈⋈⋈⋈⋈⋈⋈⋈⋈⋈∋∋⋈⊤∈⋈⋈⊤∈⋈⊞⋈⋈⋈⋈⋈⊞⋈⋈∈⋈⊞⊥⋈⊞⊥⊞∈⊤∈⋈⊞⋈⊞⋈⋈⊙⊤⋈⋈∈⊞⊤∈⊤∈⋈⋈⋈⋈⊙⋈⋈⊤∈⊤∈⋈⊤∈⋈⋈⊞⊥⊤⊥⊞∈⊞⊞∈⊤∈⊞⊤∈∋≺∋∋∋∋∋⊞⊞∈∋∋∋∋∋∋∋∈∈∈∈∈∈∈⋈⋈⋈⋈≻⋈⋈⋈⋈⋈⋈⋈⋈⋈⋈≻⋈⊤∈⋈⋈⋈⋈⋈⋈⋈⋈⋈⋈⋈⋈⋈⋈⋈⋈⋈⋈⋈⋈⋈⋈⋈⋈⋈⋈⋈⋈⋈⋈⋈⋈⋈⋈⋈⋈⋈⋈⋈⋈⋈⋈⋈⋈⋈⋈⋈⋈⋈⋈⋈⋈⋈⋈⋈⋈⋈⋈⋈⋈⋈⋈⋈⋈⋈⋈⋈⋈⋈⋈⋈⋈⋈⋈⋈⋈⋈⋈⋈⋈⋈⋈⋈⋈⋈⋈⋈⋈⋈⋈⋈⋈⋈⋈⋈⋈⋈⋈⋈⋈⋈⋈⋈⋈⋈⋈⋈⋈⋈⋈⋈⋈⋈⋈⋈⋈⋈⋈⋈⋈⋈⋈⋈⋈⋈⋈∋⋈∈∈⋈≻⋈⋈⊙⋈⊤⋈⋈⋈⋈⋈⋈⋈⋈⋈∈∋⋈⋈⋈⋈⋈⋈⋈⋈⋈⋈⋈⋈⋈⋈⋈⋈⋈⋈⋈⋈⋈⋈⋈⋈⋈⋈⋈⋈⋈⋈⋈⋈⋈⋈⋈⋈⋈⋈⋈⋈⋈⋈⋈⋈⋈⋈⋈⋈⋈⋈⋈⋈⋈⋈⋈⋈⋈⋈⋈⋈⋈⋈⋈⋈⋈⋈⋈⋈⋈⋈⋈⋈⋈⋈⋈⋈⋈⋈⋈⋈⋈⋈⋈⋈⋈⋈⋈⋈⋈⋈⋈⋈⋈⋈⋈⋈⋈⋈⋈⋈⋈⋈⋈⋈⋈⋈⋈⋈⋈⋈⋈⋈⋈⋈⋈⋈⋈⋈⋈⋈⋈⋈⋈⋈⋈⋈⋈⋈⋈⋈⊤∈⋈⋈≻⋈∋⊞⋈⋈⋈⊡⊤∈⋈≺∋⋈⋈⊞⋈≻∋⋈⊞⋈⊞⊤∈∋⊤∈∋⋈⋈⊤∈∋⋈⋈⋈≻⋈≺⋈⋈⋈⋈⊙⋈⋈⋈⋈⋈≻⊤∈⋈⋈≻⋈⋈⋈⋈⋈≺∋∋⋈⋈⊤∈⋈⋈⋈⋈⊤∈⊞⋈⊤⊥≺∋⋈⋈⋈⋈⋈⋈⋈⋈≻⋈⊞⊤∈⋈≺⋈≻⋈⋈⋈⋈⊞∈∈⋈⋈⋈⋈⋈⋈≻⋈⊤∈≺∋⋈⋈⊡⊤∈⋈⋈⋈⊞⋈⋈≻⋈⋈≺⊞∋⋈⊞⋈⋈⋈⊙⊞⋈⊥⋈⋈⋈⊞⊥⊞∈⊤⊥⊞≺∋⊤∈⋈⊤∈∋⋈⊤∈⊤∈⋈⋈⋈⋈⋈≻⋈⋈≺∋⋈⊞⊞≺∋⋈⋈∋⊞⊤∈⋈⋈⋈⋈⋈≻⋈⋈≺∋⋈⊞⋈⋈⊙⊞⋈⋈⋈⋈∈⊞⋈⊤⊥≺∋⊤∈⊞⋈⊤⊥≺∋⊤∈⋈⋈⋈⊙⊤∈∋⋈⋈⋈⋈⋈⋈⋈⋈⋈⋈⋈⋈⋈⋈⋈⋈⋈⋈⋈⋈⋈∈⋈⋈≻⊤∈⋈⋈≻⊤∈⋈⋈≻⊤∈⋈⋈⋈⋈⋈⋈⋈⋈⋈⋈⋈⋈⋈⋈⋈⋈⋈⋈≻⊤∈∋≺∋∋⋈⋈≻⊤∈∋∋⊡⋈⊤∈⋈⋈⋈⊞⋈⋈≻⋈⋈⋈≺⊞∋⋈⋈⋈⋈⋈⊙⊞⋈∈⋈⊞⊞⊤∈∋⋈⊤⋈∈⊤∈⋈⋈⋈⋈⋈⋈≻⋈⋈⋈⋈≺∋⋈⋈⊞⋈≺∋∋⊞⊤∈⋈⋈⋈⋈⋈⋈⋈≻⋈⋈⋈≺∋⋈⋈⋈⋈⋈⋈⋈⊞⊞∈⊞⊤⊥≺∋⊤∈⋈⊤∈∋⋈⊤∈⊤∈⋈⋈⋈⋈⋈⋈≻⋈⋈≺∋⋈⊞⊞≺∋⋈⋈∋⊞⊤∈⋈⋈⋈⋈⋈⋈≻⋈⋈≺∋⊞⋈⋈⊙⊞⋈⋈⋈⋈≻⊤∈⋈⊤∈≻⋈⊞⋈∋⊤∈⊡⊤∈⋈⋈⋈⋈⋈⊞⋈≻⋈⋈≺⊞∋⋈⋈⋈⋈⊞⋈⋈⋈⋈⋈⋈≻⋈⊤∈⋈⋈⋈⋈⋈⋈≻≺⋈⋈⊞∈⊞⊤⊥≺∋⊤∈⊤∈∋⋈⊤∈⊤∈⋈⋈⋈⋈⋈⋈≻⋈⋈≺∋⋈⊞⊞≺∋⋈⋈∋⊞⊤∈⋈⋈⋈⋈⋈⋈≻⋈⋈≺∋⊞⋈⋈⋈⊙⊞⊞⋈⋈∈⋈⊞⊤∈⊤⊥∋∋⊤∈⋈⊤∈∋⋈⊤∈⊤∈⋈⋈⋈⋈⋈⋈≻⋈⋈≺∋⋈⊞⊞≺∋⋈⋈∋⊞⊤∈⋈⋈⋈⋈⋈⋈≻⋈⋈≺∋⊞⋈⋈⊙⊞⋈⋈⋈⋈≻⊤∈∋⊤∈⋈⊙∋⊤∈∋⋈≺∋∋⋈⋈⋈⋈∋⊤∈⋈⊙∋⋈⊤∈∋⋈⋈⋈⋈⋈⋈⋈≻⋈⋈⊤∈∋⋈⋈⋈⋈⋈⋈⋈⋈⋈⋈⋈⋈⋈⋈⋈⋈⋈⋈⋈⋈⋈⋈⋈⋈⋈⋈⋈⋈⋈⋈⋈⋈⋈⋈⋈⋈⋈⋈⋈⋈⋈⋈⋈⋈⋈⋈⋈⋈⋈⋈⋈⋈⋈⋈⋈⋈⋈⋈⋈⋈⋈⋈⋈⋈⋈⋈⋈⋈⋈⋈⋈⋈⋈⋈⋈⋈⋈⋈⋈⋈⋈⋈⋈⋈⋈⋈⋈⋈⋈⋈⋈⋈⋈⋈⋈⋈⋈⋈⋈⋈⋈⋈⋈⋈⋈⋈⋈⋈⋈⋈⋈⋈⋈⋈⋈⋈⋈⋈⋈⋈⋈⋈⋈⋈⋈⋈⋈⋈⋈⋈⋈⋈⋈⋈⋈⋈⋈≺∋⊤∈∋⋈⊙≺∋⊞∋⋈⋈≻≺⋈⋈⊞⊤∈∋⋈⋈⋈⋈⊤∈⋈⊙∋⊤∈⋈⊙∋⋈∋⊙≺∋⊤∈⊞⊞⋈⋈⋈∈⋈⊞⋈⋈⋈⊡⋈⋈⋈⊡⋈⋈⋈⊡⊞⊤∈∋∋⋈⋈∋⊞⋈⋈⋈⋈⊤∈⊤∈⊞⋈∈⋈⊞⋈⋈⊞⊤⊥⊞⋈⊤∈∋⊞≺∋⋈⊞⊤∈⊞⊞⋈≺∋∋⊞⊤∈⋈⋈≻⋈⋈⋈∈⋈⊞⋈⊞⊞⊞∈⋈⊤∈⋈⋈⊞≺⊤∈⊤∈⋈⋈⊤∈⋈≻⊞⊞⋈⋈⊞∋⋈⋈⊤∈⋈⋈⋈⋈⋈⋈≻⋈⋈⋈⋈⋈⋈⋈⋈⋈⋈⋈⋈⋈⋈⋈⋈⋈⋈≻⊤∈⋈⋈⊞⋈⊤⊥⋈⋈⋈⋈⋈⋈⋈⋈⋈⋈⋈⋈⋈⋈⋈⋈⋈⋈⋈⋈⊞⋈⋈⋈⋈⋈⋈⋈⋈⋈⋈⋈⋈⋈⋈⋈⋈⋈⋈⋈⋈⋈⋈⋈⋈⋈⋈⋈⋈⋈⋈⋈⋈⋈⋈⋈⋈⋈⋈⋈⋈⋈⋈⋈⋈⋈∈⋈⋈⋈⋈⋈⋈⋈⋈⋈⊡⊤∈⊤∈⋈⋈⋈⊞⋈⊞⊞⋈⋈∈⊞⋈⋈⊞∈⊤∈⋈⋈⋈⋈⊞⊞⋈⊞⊞⊞⊞⊤∈⊞⋈⊞⊥⊤⊥⊞⊤∈⋈⋈⊤∈⊞⊤∈⋈⊞⊞⋈⊞∈⋈⊞∈⋈⊤∈⋈⋈⋈⊞≻≺⊤∈⋈⋈⋈⋈⋈⋈⋈⋈⋈⋈⋈⋈⋈⋈⋈⋈⋈⊞⊞⊞⋈⋈⊞⊞⊞⊞⊞⋈⋈⋈⋈⋈⋈⋈⋈⋈⋈⋈⋈⋈⋈⊤∈⊤∈∋⋈⋈⋈⋈⊞∈⋈⊤∈⋈⋈⊞∈⋈⊤∈⋈⋈⊞∈⋈⊤∈⋈⋈⊞∈⋈⋈⊤∈⋈⋈⋈⊞∈⋈⋈⊤∈⋈⋈⋈⊞∈⋈⋈⊤∈⋈⋈⋈⊞∈⋈⋈⋈⋈⊞⊥⋈⊤∈⊤∈⋈⋈⊤∈⋈⊞⊞⊞⋈⊞⋈⊞⋈⋈⊞⋈⋈⊞⋈⋈⊞⋈≺∋⋈⋈⋈⋈⋈⋈⊤∈⊡∈∋⋈⋈⋈⋈⋈⋈⋈⋈⋈⋈⋈⋈⋈⋈⋈⋈⋈⋈⋈⋈⋈⋈⋈⋈⋈⋈⋈⋈⋈⋈⋈⋈⋈⋈⋈⋈⋈⋈⋈⋈⋈⋈⋈⋈⋈⋈⋈⋈⊡⊡⋈⋈⊙⊤∈⋈⋈⋈≻≺⋈⋈⋈⋈⊡⋈≺⋈⋈⋈⋈⋈⋈⊞⊙⊞⊥⊤∈⊞⊤∈∋≺∋∋∋∋∋∋∋∋∋∋∋∋∋∋∋∋∋∋∋∋∋∋∋∋∋∋⊡⋈⊡⋈⊤∈⋈⋈⊞≺⋈⊤∈⋈⋈⊞⋈⊞⋈⋈⋈⋈≻⋈⋈≺∋⋈⋈⋈⊙⊞⋈∋⋈⊤∈⊞⋈≺⊞⊤∈⋈⊞⊤∈⊤⊥∋∋⋈⊤∈⊤∈∋⋈⊤∈⊤∈⋈⋈⋈⋈⋈⋈≻⋈⋈≺∋⋈⊞⊞≺∋⋈⋈∋⊞⊤∈⋈⋈⋈⋈⋈⋈≻⋈⋈⋈≺⋈∋⊞⋈⋈⋈⊙⊞⋈⋈⋈⋈≻⊤∈⋈⋈⋈⊤∈⋈≻∋⋈⋈⊞⋈⋈⊞⋈∈∋⋈≻≺⋈⊞⋈⋈⋈≻⋈⋈⋈⊤∈⋈⋈⋈⋈⋈⋈⋈≻⋈⋈⊤⋈⊥⋈⋈⋈⊥⋈⋈⋈⋈⋈⋈≻⋈⋈⊤⋈⊥⋈⋈⋈⊥⋈⋈⋈⋈⋈⋈≻⋈⋈⊤⋈⊥⋈⋈⋈⊥⋈⋈⋈⋈⋈⋈≻⋈⋈⊤⋈⊥⋈⋈⋈⊥⋈⋈⋈⋈⋈⋈≻⋈⋈⊤⋈⊥⋈⋈⋈⊥⋈⋈⋈⋈⋈⋈≻⋈⋈⊤⋈⊥⋈⋈⋈⊥⋈⋈⋈⋈⋈⋈≻⋈⋈⊤⋈⊥⋈⋈⋈⊥⋈⋈⋈⋈⋈⋈≻⋈⋈⊤⋈⊥⋈⋈⋈⊥⋈⋈⋈⋈⋈≻⋈⋈⊤⊥⋈⋈⊥⋈⋈⋈⋈⋈≻⋈⋈⋈⋈⋈⋈⋈≻⊤⋈⋈⋈⊥⊥⊤⊥⊥⋈⋈⋈⋈⋈⋈⊤∈⊡∈∋⋈⋈⋈⋈⋈⋈⋈⋈⋈⊡⋈⋈⋈⋈⋈⋈⋈⋈⋈⊡⋈⋈⋈⋈⋈⋈⋈⋈⋈⋈⋈⋈⋈⋈⋈⋈⋈⋈⋈⋈⋈⋈⋈⋈⋈⋈⋈⋈⊡⊡⋈⋈⋈⋈⊙⊤∈⋈⋈⋈≻≺⋈⋈⋈⋈⊡⊤⋈∈⋈⊙∋∋⊤∈⋈⊙∋⋈∋⊡∈∋⊤∈⋈⊙∋⋈⊡⋈⋈∈∋⋈≻≺∋∋⋈⋈⋈⋈⋈⋈⋈⋈⋈⊤∈⊤∈⋈⊞≺⋈⋈⋈⋈⊡⋈⋈≻⋈⋈⋈⋈⋈⋈⋈⋈⊤∈⋈⋈⋈⋈⋈⋈⋈⋈⋈⊤∈⋈⋈⋈⋈⋈⋈⋈⋈⋈⋈⋈⋈⋈⋈⋈⋈⋈⋈⋈≻⋈⋈⋈⋈⋈⋈⋈⋈⊤∈⋈⋈⋈⋈⋈⋈⋈⋈⋈⋈⋈⋈⋈⊡⋈⋈⋈⋈⋈⋈⋈⋈⋈⋈⊤∈⋈∋⋈⋈⋈⋈⋈⋈⋈⋈⋈⋈⋈⋈⋈⋈⋈⋈⋈⋈⋈⋈⋈⊡⋈⋈⋈⋈⋈⋈⋈⊙⊤∈∋⋈⋈⋈≻≺⋈⋈⋈⋈⊡⋈⋈⋈⋈≺⋈⊞⋈⋈∋⋈⋈≺∋⊡⋈∈⋈≻≺∋∋∋⊤∈⊤∈⋈⋈≻⋈⋈⋈⋈≻≺∋∋∋∋∋∋∋∋∋∋⊣⋈⋈⋈⋈⋈⋈≺⊤∈⊡∈⋈≻∋∋∋⋈∋⊤∈⋈⋈⋈≺⋈⊤∈⋈⋈⋈⊞⊞⋈⊞⋈≺∋∋⋈⋈⋈⋈⋈⋈≻⊡⋈⋈⋈⋈⊡⋈⋈⋈≻⋈⋈⋈⊡⊤∈∋≺∋⋈∋⋈⊞∈∋≺∋∋∋⊤⋈∈⋈⋈⋈⋈⋈⊤⋈⋈⊥⊤∈⊞≺⋈⋈⋈⋈⋈⋈⋈⋈⋈⋈⋈⋈⋈⋈⋈⋈⋈⋈⋈⋈⊞⋈⊤⋈⋈∈⋈⋈⋈⊞⊞⋈⊞⊞⋈⊤∈⋈⋈⊤∈⋈≺∋⊤∈⋈⋈⊙⋈∋⋈⋈⋈⋈⋈⊤∈⋈⋈⋈⋈⊤⊥⋈⋈⋈⊤⊥⊤∈⋈⊤∈⋈⋈⋈⊤⋈∈⋈⋈⋈⋈≻≺∋⊤∈⊤∈⊞⋈∋⋈⊤∈∋∋⊞⋈⊞⋈⋈≺∋⊡⋈⋈⋈⋈⋈⋈⋈⊤∈⋈⋈⋈⋈≺⋈⋈⋈⋈⋈≺⋈⊤⊥⊞⊞⊤⊥⊞∈⋈⊙∋⋈⋈⋈⋈⋈⋈⋈⋈⋈∋∋⋈≻⋈≺∋∋⋈⋈⋈⋈⋈⋈⋈⋈⋈⋈≻∈⋈⋈⊤⋈⋈⊥⋈⊤∈⊤⊥⊤⊥⊞∈⋈⊙∋⋈⊞⊞⋈⋈⋈⋈⋈⋈⋈⋈⋈⋈⊤∈⋈∋⊤⊥⊤⊥⊞∈⋈⋈⊞⊞⋈⊞⊞⋈⊤∈⋈⋈⊤∈⋈∋⊤∈⋈⊙∋⋈⋈⋈⋈⋈⋈⊤∈⋈⋈⋈⋈⋈⊤⊥⋈⋈⊤⊥⊤∈⋈⊤∈⋈⋈⋈⊤⋈∈⋈⋈⋈⋈≻≺∋⊤∈⊤∈⋈≺∋⊤∈∋⋈⊙≺∋∋⊤⋈∈∋≻⊤∈⋈⋈⋈⋈⋈≻⋈∋⋈⊤∈∋∋⊞⋈⊞⋈⋈≺∋⊡⋈⋈⋈⋈⋈⋈⋈⊤∈⋈⋈⋈⋈⋈≺∋∋⋈≻⋈⋈≺⋈⋈⋈⋈⋈⋈≺∋∋⋈⋈⋈⋈⋈⋈⋈⋈⋈⋈⋈≻≺∋≺∋∋∋∋∋∋∋⊞⋈⋈⋈⋈⋈⋈⊣
0x3f1d1e	⊢⋈⋈⋈⋈⋈⋈⋈⊤⋈⊥⋈⊞⊤∈⊞⋈⋈⋈≺∋⋈⋈⊞⊞⋈⋈∈⊤∈⋈⋈⊤∈⋈⋈≺⊤∈⋈⊞⋈⋈≺∋∋⊤⊥⊞⊤∈⋈∈⊤∈⊞⊤⊥⊞⋈⊤⋈∈∋⊥⊞≺∋∋⊞⋈⊤∈∋⋈⊤∈⋈≺∋∋⋈⋈⋈⋈⊣
0x3f19d4	⊢⋈⋈⋈⋈⋈⋈⋈⊤∈⊤∈⋈≻⋈⋈⊤∈∋⋈⋈⋈≻⋈⋈⋈⋈⋈⋈⊞⋈⋈⋈⋈⋈⊞⊤∈⋈⋈⋈≻⋈⋈⋈⋈⋈⋈⋈⋈⋈⋈⋈⋈⋈⋈⋈⋈⋈⋈⋈⋈⋈⋈⋈⋈⊞⊞⋈⋈⋈⊙⋈⋈⋈⋈⋈⋈⋈⋈⊞⋈⋈⋈⊞⋈⋈⋈⊙⋈⋈⊞⊞⋈⋈⋈⋈⊙⋈⊞⊞⋈⋈⋈⊙⋈⋈⊞⊞⋈⋈⋈⊙⋈⋈⊞⊞⋈⊞⋈⋈⊙⋈⋈⊞⋈⊞⋈⊙⊤∈⊞∈⋈⋈⊞⋈⊤∈∋∋⊡⊤⋈⋈⋈∈⊞⋈⋈⊞⊤∈∋⋈⋈⋈≻⋈⋈⋈⋈⊙⋈⊞⊞∈⋈⋈⋈⋈⊞⊤∈∋∋⋈⊙⋈⋈⊞⋈⋈⋈⋈⋈⋈⊣⋈≻⊞⊞≺∋⋈⋈⋈⋈⋈⋈⊣
0x3f0ec2	⊢⋈⋈⋈⋈⋈⋈⊞⋈⋈⋈⋈⋈⊞⊤∈⋈⋈⋈≻⋈⋈⋈⋈⋈⋈⋈⋈⋈⋈⋈⋈⋈⋈⋈⋈⋈⋈⋈⋈⋈⋈⋈⋈⊞⊞⋈⋈⋈⊙⋈⋈⋈⋈⋈⋈⋈⊞⋈⋈⋈⊞⋈⋈⋈⋈⊙⋈⊞⊞⋈⋈⋈⋈⊙⋈⊞⊞⋈⋈⊙⋈⋈⊞⊞⋈⋈⋈⊙⋈⋈⊞⊞⋈⊞⋈⋈⋈⊙⋈⋈⊞⋈⊞⋈⊙⊤∈⊞∈⋈⋈⊞⋈⊤∈∋∋⊡⋈⊤⋈⋈⋈∈⊞⋈⋈⊞⊤∈∋⋈⋈⋈≻⋈⋈⋈⋈⋈⋈⊞⊤∈⋈⋈⋈≻⋈⋈⋈⋈⋈⊞⊤∈∋⋈⋈⋈≻⋈⋈⊞∈∋⋈⋈≺⋈⋈⋈⋈⋈⋈⊞⋈⋈⊞⋈⋈⋈⊞⋈⋈⋈⋈⊙⋈⋈⋈⋈⋈⊞⊞⋈⋈⋈⋈⋈⋈⋈⋈⋈⋈⋈⋈⋈⋈⋈⋈⊙⋈⋈⋈⊙⋈⋈⋈⋈⋈⋈⋈⊙⋈⋈⋈⋈⊞⋈⋈⋈⋈⊞⋈⋈⋈⊙⋈⋈⋈⋈⊙⋈⋈⊞⋈⋈⊙⋈⋈⋈⋈⋈⊙⋈⊞⋈⊞⋈⋈⊙⋈⊤⋈∈⊤∈⊤∈∋⋈⋈∋⋈≻⋈⋈⊙⊤∈⋈⋈≻⋈⋈⋈⋈⋈⊤∈⊞⊤∈⋈⋈⋈≻∋⊞⋈⋈≺⋈⋈⋈⋈⋈⋈∈⋈⊤∈⋈⋈⋈≻∋⋈⊤∈⋈⋈⋈≻∋⊞⊤∈∋⋈⋈⋈⊣⋈⊣⋈⊣⋈⋈⋈⋈⋈⊞⋈⋈⊙⋈⊞⋈⋈⊙⋈⋈⊞⊞∈⋈⋈⋈⋈⊞⊤∈∋⊞⊞∈⋈⋈⋈⊞⊤∈∋≺∋⊞⋈⋈⋈⋈⋈⋈⊣⋈⋈⋈⋈⊙⋈⋈⊞⊞∈⋈⋈⋈⋈⊞⊤∈∋∋⋈⊙⋈⋈⊞⋈⋈⋈⋈⋈⋈⊣
0x445cf0	⊢⋈⋈⋈⋈⋈⋈⋈⊞⋈⋈⋈⋈⋈⊞⊤∈⋈⋈⋈≻⋈⋈⋈⋈⋈⋈⋈⋈⋈⋈⋈⋈⋈⋈⋈⋈⋈⋈⋈⊞⊞⋈⋈⊙⋈⋈⋈⋈⋈⋈⋈⊞⋈⋈⊙⋈⊞⋈⋈⋈⋈⋈⋈⊞⊞⋈⊙⋈⊞⋈⋈⋈⋈⋈⊞⊞⋈⊞⋈⊙⋈⋈⊞⋈⊞⋈⊙⊤∈⊞⊡∈⋈⋈⊞⋈⊤∈∋∋⊡⊤⋈⋈⋈∈⊞⋈⋈⊞⊤∈∋⋈⋈⋈≻⋈⋈⋈⋈⊙⋈⊞⊞⊞∈⋈⋈⋈⋈⊞⊤∈∋∋⋈⊙⋈⋈⊞⋈⋈⋈⋈⋈⋈⊣
0x41aa23	⊢⋈⊞⋈⋈⊤∈⊡⊞⊞⋈⊤∈⋈⋈⊡≻⊡⋈⊞≺∋⋈⋈⊡⊤∈⋈⋈⊞⋈⋈⋈⋈⋈≺∋⋈≺∋⊞⋈⊣
0x4164cd	⊢⋈⋈⋈⋈⋈⋈⋈⊞⋈⋈⊤∈⊤∈⋈⊤∈⊞⊞≺⊞⊞⋈⋈⋈≺∈⋈⊤∈⋈≺⋈⊤∈⋈⊤∈⋈≺⊤∈⋈≺⋈≺∋∋∋⋈⊞⊞⋈⊞∈∋⊞∋⋈∋⊞⋈⊤∈⋈⋈⋈⋈≻⋈⋈⋈≺⊤∈⊞⊞≺⊞⊞⊡∈⊞⊤⊥⊞⊞⊤∈∋≺∋∋∋⋈⊤∈∋⋈⋈⋈⋈⋈⊞⋈⋈⋈⋈⋈⋈⊙⋈⋈⊞⋈⊞⊞⋈⋈⊞⋈⋈⊙
0x417cff	⊢⋈⋈⋈⋈⋈⊞⋈⊤∈⋈⊤∈⋈⋈⊞⋈⋈⋈⋈≺⋈⋈⋈⋈≻⊤∈⋈⊤∈⋈⋈⋈⊤⊥⋈⋈⊞≻⋈⋈⊤∈∋⋈⋈⋈⋈⊤∈∋∋⊞⋈⋈⋈⋈⋈⋈⋈⋈⋈⋈≻⋈⋈⋈⋈≺∋∋⊞⋈⋈⋈⋈⊣
0x418e21	⊢⋈⋈⋈⋈⊞⋈⊤∈⋈⊤∈⋈⋈⊞⋈⋈⋈≺⋈⋈⋈≻⊤∈⋈⊤∈⋈⋈⋈⊤⊥⋈⋈⊞≻⋈⋈⊤∈∋⋈⋈⋈⋈⊤∈∋∋⊞⋈⋈⋈⋈⋈⋈⋈⋈⋈≻⋈⋈⋈⋈≺∋∋⊞⋈⋈⋈⊣
0x418486	⊢⋈⋈⋈⋈⋈⋈⋈⊤∈⋈⊞⋈⊞∈⋈⊤∈⊤∈⊞⋈∋⊞∋⊞∈⋈⊤∈⋈⋈≻⊤∈∋∋⋈⋈≻⊤∈∋⋈≺⋈⊤∈∋≺∋∋⋈⋈⋈⋈⋈⋈⊣
0x41850f	⊢⋈⋈⋈⋈⋈⋈⋈⊤∈⊞≺⋈⊞⋈⊞∈⋈⊤∈⊤∈⊞⋈∋⊞∋⊤∈⋈⊤∈⋈⋈≻⊤∈∋∋⋈⋈≻⊤∈∋⋈≺⊞⋈⊤∈∋≺∋∋⋈⋈⋈⋈⋈⋈⋈⊣
0x4185a3	⊢⋈⋈⋈⋈⋈⋈⋈⊞⋈⊤∈⋈⋈⋈⊞∈⋈⊤∈⊤∈⊞⋈∋⊞∈⋈⊤∈⋈⋈≻⊤∈⊤∈∋∋⋈⋈⋈≻⊤∈⋈⋈⊤∈⋈⋈⊤⊥⋈⋈⊞≺⊤∈∋⋈⊤∈⋈⋈⋈≻⊤∈⋈⋈≻⊤∈⋈⋈⊤∈⋈⋈⊞⋈⋈⊤⊥∋≻⊤∈∋∋⋈⋈≺⋈⋈⋈⋈⋈⊤∈⋈≻⊤∈⋈⊤∈⋈⋈≻⊤∈∋∋⋈⋈≻⊤∈∋∋∋∋⋈≺≺∋∋⋈⊤∈∋≺∋∋∋⊞∋∋⋈⊞⋈⋈⋈⋈⋈⋈⊣
0x418f00	⊢⋈⋈⋈⋈⋈⋈⋈⊤∈⊞≺⋈⊞⋈⊞∈⋈⊤∈⊤∈⊞⋈∋⊞∋⊤∈⋈⊤∈⋈⋈≻⊤∈∋∋⋈≻⊤∈∋⋈≺⊞⋈⊤∈∋≺∋∋⋈⋈⋈⋈⋈⋈⋈⊣
0x4192de	⊢⋈⋈⋈⋈⋈⋈⋈⊞⋈⊤∈⋈⋈⋈⋈⊞∈⋈⊤∈⊤∈⊞⋈≺∋⊤∈⋈⊤∈⋈⋈≻⊤∈∋∋⋈≻⊤∈∈⋈⊤∈⋈⊤∈⊤∈∋∋⋈⋈⊤∈⋈⊤∈⋈⋈⋈≺⊞⋈⊤∈⋈⊤∈⋈⋈⋈⊤∈⋈⋈≺∋≻⊤∈∋∋⊤∈⋈⋈⋈⊤∈⋈⋈⋈∋≻⊤∈∋∋∋⋈⊞⊤⋈⋈⋈∈∋≺⋈⋈≻⊤∈⋈⋈⊤∈⋈⋈⊞⋈⋈⊤⊥≻⊤∈∋⋈⋈∋∋∋⊞⋈⋈⋈⋈⋈⊤∈⋈≻⊤∈⋈⊤∈⋈⋈≻⊤∈∋∋⋈≻⋈⋈⊤∈∋∋∋∋∋∋⋈≺∋∋⋈⊞⋈⋈⋈⋈⋈⋈⊣≺∋
0x417242	⊢⋈⋈⋈⋈⋈⋈⋈⊞⋈⊤∈⋈⊞⋈⋈⊞∈⋈⋈⊤∈⊤∈⊞⋈∋⊞∈⋈⊤∈⋈⋈≻⊤∈⋈⊤∈⋈⋈∋∋⊤∈⋈⊤∈⊞⋈⋈⊞≻≺⊤∈∋∋⋈≻⊞⋈⋈⋈≻⊤∈⋈⋈⊤∈⋈⋈⊤⊥⋈⋈⊞≻⊤∈∋⋈⋈≺∋∋⊞≺⋈⋈≻≺∋∋⊤∈∋∋⋈⋈⊤∈∋≺∋∋⋈⊞⋈⋈⋈⋈⋈⋈⊣
0x416c45	⊢⋈⋈⋈⋈⊞⋈⋈⋈⊞≻⊤∈⋈⋈⋈⋈⋈≻⋈⋈⋈⋈⋈⋈⋈⊞⋈⋈⊤∈⋈⊤∈⋈⋈⋈⋈⊤∈⋈⊤∈⋈⋈≻⋈⊤∈∋⋈⋈⋈⋈⋈⋈⋈≻⊤∈⋈⊞⋈⊤∈⋈⊤∈⋈⋈⊞≻≺⋈⋈⊤∈⊤∈⊡≺⋈⋈⊞⊙⋈⊤∈⋈⋈≻⋈⊤∈∋⋈⋈≺⋈⊤∈∋∋∋∋∋⊞∋∋∋⋈⊞⋈⋈⋈⋈⋈⋈⊣⋈≺∋⊞⋈⋈⋈⋈⋈⋈≺⋈⊞⋈⋈⋈⊣
0x417fbc	⊢⋈⋈⋈⋈⋈⋈⋈⊞⊤∈⊞⋈⋈⋈⋈⋈⊙⋈∈⊤∈∈⊤∈⋈⋈⋈⊙⋈≺∋⊤∈⋈⋈⋈⋈⊞⋈⋈⋈⋈⋈⋈⊙⊤∈⊤∈⋈≺⊤∈⋈⊤∈⋈≺⊤∈⋈≺⊤∈⋈≺⊤∈∋⊤∈⋈≻⊤∈∋⋈≻⊤∈∋⋈⋈≻⋈⋈⋈⋈⋈⋈⋈⋈⋈⋈⊤∈≺⋈⋈⋈≺⋈≺∋∋∋∋∋⋈⋈⊞∋⋈⋈⋈⋈∋⋈⋈⋈∈⋈⊤∈⋈∋⋈⋈⊙⊤∈∋∋⋈⊞⋈⋈⋈⋈⋈⋈⊣⊞⊤∈∋∋⋈≺∋
0x418ca4	⊢⋈⋈⋈⋈⋈⋈⋈⊞⋈⊤∈⋈⊤∈⋈⋈⊞⋈⋈⋈⋈⋈⋈≺⋈⋈⋈⋈≻⊤∈⋈⊤∈⋈⊞⋈⋈⋈⋈⋈⋈≺⋈⋈⋈⋈⋈⋈⋈⊞⋈⋈⊤∈⋈⋈⊤∈⊤∈∋⊞⊞⋈⋈≺∋⊤∈⊤∈∋⊤∈⊞⋈⋈⊤∈⊤∈∋⋈⋈⋈≻⋈⊤∈⋈⋈⊤∈⋈⋈⊤⊥⋈⋈⊞≻⋈⊤∈∋⋈⋈≺⋈⊤∈⊤∈∋⋈⊤∈⋈⋈≻⋈⊤∈∋⋈⋈⊞⋈⋈⋈≺∋⊤∈∋⋈⊤∈⋈⋈≻⋈⊤∈∋⊤∈≺∋⋈⊤∈⋈⋈⋈≻⋈⊤∈∋⊞⋈⋈⋈⋈⋈⋈⋈⋈⋈⋈⋈≻⊤∈⋈≻⋈⋈⋈⋈⋈⋈⋈⊞⊤∈⋈⋈⋈⋈⋈⋈⊤⊥⋈⊤⊥⊞∈⋈⋈⋈⋈⋈⋈⋈∈⋈⊞⋈⋈⊤∈⋈⋈≻⋈≺⊞⊤∈∈⊤∈⋈⊞⊤∈∋⋈∋⊞≺∋∋⊤∈⋈⊞⊞⋈⋈⊞∈⊤∈⊤∈⋈⋈⊞⋈≻⋈⋈⋈⋈⋈⋈⋈⊞⋈⋈⋈⋈⋈⋈⋈⋈⊙⋈⊤∈⊤∈⋈⋈⋈⊙⊤∈⋈⋈⋈⋈⋈⋈⋈⋈≻⊤∈⋈⋈⋈≻⊤∈⋈⋈⋈⋈⋈⋈⊞⋈≻⊤∈⋈⋈⋈≻⊤∈⋈⋈⋈⋈⋈⊙⊤∈⋈⋈⋈⊙⊤∈⋈⋈⋈⊙⊤∈⋈⋈⋈⋈⋈⋈⊞⋈⊙⊤∈⋈⋈≺∋⋈⊙⋈≺∋∋∋∋∋∋∋∋∋∋⋈⊞⋈⋈⋈⋈⋈⋈⊣⋈⋈⋈⋈⊙⋈⊤∈⋈⊞⋈⊞⋈⋈≺∋∋⊤∈∋≺∋∋⋈⋈⋈⋈⊞⊞⊞⊥⊤⊥⊞≺∋∋⋈⊞⋈⋈⋈⋈⋈⋈⊣⊤∈⋈⋈≻⊤∈∋⋈⋈⋈⋈⊡⋈⋈∈∈⋈⋈∈⋈⋈≻⊤∈⋈⊤∈⋈⋈≻⊤∈∋∋∋∋⋈⊤∈⋈⋈≻⋈⊤∈∋⋈≻⋈⊤∈⋈⊤∈⋈⋈≻⊤∈∋⋈⊤∈⋈⊤∈⊤∈∋∋⋈⊤∈⋈⋈≻⊤∈∋⋈⊞⋈⋈⋈⋈⋈⋈≺⊞⋈≺∋∋⊞⋈⋈⊤∈∋⋈⋈⋈⋈≻⊤⋈∈⋈⊤∈∋⋈⋈⋈≻⋈⊤∈∋≺∋∋∋⋈≺∋∋∋∋∋∋∋∋∋⋈⊞⋈⋈⋈⋈⋈⋈⊣⋈⊤∈⋈⋈≻⋈⊤∈⊞⋈∈⊤∈⋈⊤∈⋈⋈≻⊤∈∋∋⋈≻⊡≺⊤∈⋈⊤∈⋈⋈≻⊤∈∋∋⊡⋈⋈≻⊞⊤∈∋≺⋈⋈⊤∈⋈⋈⊤⊥⋈⋈⊞≻⋈⊤∈∋⋈⋈≺∋⊞∋∋∋∋∋⋈∋⊞⋈⋈⋈⋈⋈⋈⊣
0x418f8f	⊢⋈⋈⋈⋈⋈⋈⋈⊞⋈⊤∈⋈⊤∈⋈⋈⊞⋈⋈⋈⋈⋈⋈≺⋈⋈⋈⋈≻⊤∈⋈⊤∈⋈≻⋈≺⋈⊤∈⋈⋈≻⋈⊤∈⊞⋈∈⊤∈⋈⊤∈⋈⋈≻⊤∈∋∋⋈≻⋈⊡⊤∈⋈⊤∈⋈⋈≻⊤∈∋∋⊡⋈⋈≻⊞⊤∈∋≺⋈⋈⊤∈⋈⋈⊤⊥⋈⋈⊞≻⋈⊤∈∋⋈⋈≺∋⊞≺∋∋∋∋∋∋∋⋈⊞⋈⋈⋈⋈⋈⋈⊣
0x4434b0	⊢⋈⋈⋈⋈⋈⋈⋈⋈⋈⋈≻⊤∈⋈⋈≻⋈⋈≻⋈≻⋈⋈⊙⋈≻⋈⋈⋈⋈⊙⋈⊙⊤∈⋈⋈≻≺⋈⋈⋈⋈⋈⊙⊤∈⋈⋈≻∋⊣⋈⋈⋈⋈⊞⊞⋈⋈⋈⋈⊣
0x3f153a	⊢⋈⋈⋈⋈⋈≻⋈⋈⋈⊞∈⋈≻⋈⋈⋈⊞⊤∈⋈⋈⋈≻⋈⋈⊤∈∋⋈⋈⋈≻⋈⋈⊙⊤∈⋈⋈≻⋈⊣⋈⋈⋈⋈⋈⋈⋈⋈⋈⊞⊞⋈⋈⊙⋈⊞⋈⋈⋈⋈⋈⊣⋈⋈⋈⊞⋈⋈⊣
0x4470c0	⊢⋈⋈⋈⋈⋈⋈⋈⊞⋈⋈⋈⊙⊤∈⋈⋈≻⋈⋈⋈⋈⋈⋈⋈⊞⊞⋈⋈⋈⊞⋈⋈⋈⋈⊤∈∋⋈⋈⋈⋈⊞⋈≻⋈⋈⋈⋈⋈⊞⋈⊞⋈⋈⋈⊙⊞⊞⊞⋈⋈⋈⊙⋈⋈⋈⋈⋈⋈⋈⋈⋈⋈⋈⋈⋈⋈⋈⋈⊞⋈⋈⋈⋈⋈⋈⊣
0x404b7a	⊢⋈⋈⋈⋈⋈⋈⋈⊞⋈⋈≻⋈⋈⋈⋈⋈⋈⋈⊞⊞⋈⋈⊞⋈⊞⋈⋈⋈⋈⋈⊡⊤∈⋈⋈⋈⋈⋈⊞⋈≻⋈⋈⋈⋈⋈⊞⋈⊞⋈⋈⋈⋈⊙⊞⊞⊞⋈⊙⋈⋈⋈⋈⊡⋈⋈⋈⋈⋈⋈⋈⋈⋈⋈⋈⋈⋈⋈⊞⋈⋈⋈⋈⋈⋈⊣
0x41b27d	⊢⋈⋈⋈⋈⋈⋈⋈⊙⊤∈⋈⋈≻⋈⋈⋈⋈⋈⋈⋈⋈⋈⊣
0x3f251d	⊢⋈⋈⋈⋈⋈⋈⊞⋈⋈⋈⋈⋈≻⋈⋈⋈⋈⋈⊞⊞⋈⋈⋈⋈⋈⋈⋈⊞⊞⋈⋈⊙⊤∈⋈⋈⋈⋈⋈⋈⋈⋈⋈⋈⊙⋈⊞⊞⊞⊞⋈⋈⊙⋈⋈⋈⋈⋈⋈⋈⋈⊙⋈⋈⊤∈⋈⋈⊞⋈≻∋⋈⋈⊞⋈≻⋈⊞⊤∈∋⋈⋈⋈≻⋈⋈⋈⋈⋈⋈⊞⋈⋈⋈⋈⋈⋈⋈⋈⊞⋈⊞⊤∈⋈⋈⋈⋈⋈⋈⊞⋈⋈⋈⋈⊙⋈⋈⋈⋈⋈⋈⋈⊙⋈⊞⊞⊞⋈⋈⊞⊞⊞⋈⋈⊙⋈⋈⋈⋈⋈⋈⋈⊙≺∋⊞⋈⊞⊞⊞⋈⋈⊙⋈⋈⋈⋈⋈⋈⊞⋈⋈⋈⋈⋈⋈⊣⋈⊞⋈⊞⊞⋈⊙⋈⋈⊞∈⋈⊤⊞⋈⋈⋈⊤∈⊤∈∋∋⋈⋈⋈⋈⊙⋈⋈⋈⋈⊞⋈⋈⋈⋈⋈⋈⊣
0x447260	⊢⋈⋈⋈⋈⋈⋈⋈⊞⋈⋈⋈⋈⋈⊙⊤∈⋈⋈≻⋈⋈⋈⋈⋈⋈⋈⊞⋈⊞⋈⋈⋈⊞⋈⋈⋈⋈⋈⊤∈∋⋈⋈⊞⋈≻≺⋈⋈⋈⋈⋈⋈⊞⋈⊙⊞⊞⊞⋈⋈⋈⊙⋈⋈⋈⋈⋈⊤∈⋈⋈⋈⊞≻≺⋈⊞⊤∈⋈⋈⋈≻⋈⊞⋈⊞⊞⊙⋈⋈⊞⊡∈⋈⊤⊞⋈⋈⋈⊤∈⊤∈∋∋⋈⋈⋈⋈⋈⋈⋈⋈⋈⋈⋈⋈⋈⊞⋈⋈⋈⋈⋈⋈⊣
0x404ea7	⊢⋈⋈⋈⋈⋈⋈⋈⊞⋈⋈⋈⋈⋈≻⋈⋈⋈⋈⋈⋈⊞⊞⋈⋈⊞⋈⊞⋈⋈⋈⋈⋈⋈⋈⋈⊡⊤∈⋈⋈⊞⋈≻≺⋈⋈⋈⋈⋈⋈⊞⋈⊙⊞⊞⊞⋈⊙⋈⋈⋈⋈⊡⋈⋈⊤∈⋈⋈⊞⋈≻≺⋈⊞⊤∈⋈⋈⋈≻⋈⊞⋈⊞⊞⋈⊙⋈⋈⊞∈⋈⊤⊞⋈⋈⋈⊤∈⊤∈∋∋⋈⋈⋈⋈⋈⋈⋈⋈⋈⋈⋈⊡⋈⋈⋈⋈⊞⋈⋈⋈⋈⋈⋈⊣
0x3f16ca	⊢⋈⋈⋈⋈⋈⋈⊞⋈⋈⋈⋈⋈⋈⋈⋈⋈⋈⋈⋈⋈⋈⊞⋈⊞⊞⋈⋈⊙⋈⋈⊞⋈⋈⋈⋈⊙⋈⊞⊞⋈⋈⊙⋈⋈⋈⊤∈⋈≺⋈⋈⋈⋈≻⋈⊤∈⋈⋈⋈⋈⋈⊞⊞⊤⋈∈⊤∈⋈⋈⋈⋈≻⊞⋈⋈⋈⋈⋈⋈⊤∈⋈⋈⋈≻⋈⋈⋈≺⋈⋈⊞≺∋⋈≻≺⋈⋈⋈⋈≺∋∋∋⋈⋈⋈⋈⊤∈⋈⋈⋈∈⋈⊤∈⋈≻⋈⊤∈⊤∈⋈⊤∈⋈≻⋈⊤∈∋⋈⋈⋈≻⋈⋈⋈⊞⋈⋈⊙≺⋈⋈⋈⋈⊞⊞⊤∈⊤∈⋈⊞⋈≻⊤∈⋈⊞⋈≻≺≺∋⋈≻⋈⊤∈∋≺∋∋∋∋∋∋∋⋈⋈⋈⋈⊙⋈⋈⋈⊞⋈⋈⋈⋈⋈⋈⊣
0x4453b0	⊢⋈⋈⋈⋈⋈⋈⋈⊞⋈⋈⋈⋈⋈⋈⋈⋈⋈⋈⋈⊞⋈⊞⊞⋈⋈⊙⋈⋈⊞⋈⋈⋈⋈⋈⋈⋈⋈⊞⊞⋈⊙⋈⊞⋈⋈⋈⊤∈⋈⊤∈⋈⋈≺⋈⋈⊤∈⋈⋈⊤∈⋈⋈⋈⋈⋈⋈⋈⋈⋈⋈⋈⋈⊞⊞⊤∈⋈⋈≻⊤∈⋈≻⋈⋈≺⋈⊞⋈⋈⋈⋈⋈⋈⋈⋈⋈⋈⊞⊤∈⋈⋈⋈⋈≻⊡≺⊤∈∋⋈⋈⋈≺⋈≻⋈⋈⋈⊞⊞⋈≺∋∋∋∋⋈⋈⊤∈⋈⊤∈⋈⊞≺∈⋈⋈⊤∈⊤∈⋈⋈≺⋈⋈⊤⋈∈⋈⊤∈∋⋈⋈⋈≻⋈⋈⋈⋈⋈⋈⋈⋈⋈⋈⊞⊤∈⋈⊞⋈≻≺⋈⋈⊞⋈⋈⋈⋈⊞⋈⋈⋈⋈⋈⋈⋈⋈⋈⊞⊤∈⋈⊞⋈≻≺⋈⋈⋈⊞⋈⋈⋈≺∋⋈⋈⋈⋈⊞⋈⋈⋈⊞⋈⊞⊞⋈⋈⊙⋈⋈⋈⋈⋈⋈⊞⋈⋈⊙⋈⊞⋈⋈⋈⋈⋈⋈⊞⊞⋈⊙⋈⊞⋈⋈⋈⋈⋈⊞⊞⋈⊞⋈⊙⋈⋈⋈⊞⋈⊞⋈⊙⊤∈⊞∈⋈⋈⋈⊞⊤∈∋∋⊡⋈⊤⋈⋈∈⋈⊞⊞⊤∈⋈⋈⋈∋≻≺∋⊣⋈⋈⋈⊞⊙⋈⊞⊡∈⋈⋈⋈⊞⊤∈∋≺∋⋈⊙⋈⋈⋈⊤∈∋∋∋∋∋∋⋈∋⋈∋⋈⋈⋈⋈⋈⋈⋈⋈⋈⋈⋈⋈⋈⊞⋈⋈⋈⋈⋈⋈⊣
0x43c320	⊢⋈⋈⋈⋈⋈⋈⋈⊞⋈⋈⊤∈⋈⋈⋈⋈⋈⋈≺⋈⊞⋈⋈⋈⋈⊤∈⋈⋈⋈⋈⋈⋈⋈≻⊤∈⋈⋈≻⋈⊤∈⋈⊙∋⋈≻⋈⋈⋈⊞⋈⋈⋈∈⊤∈⋈⋈⋈⊞⊞⋈⋈⊞∈⋈⋈⋈⊤∈⊤∈⋈⋈⋈⋈⋈≺∋⋈⋈⊞⊞⊞⊤∈⋈⋈⊤⊥⊤⋈⊥⊤∈⋈⊞≺⋈⋈⋈⋈⋈⋈⋈⋈⊞⊤∈⊤∈⋈⋈⋈⋈⋈⋈⋈⊞⊞⋈⊞⊤∈⊤∈∋⋈⊞⋈≺⊞⋈⋈⋈⋈⋈⊤∈⋈⋈∋∋⋈⋈⋈⋈⋈⋈≺⋈⊞⋈⊞⋈⋈⊤∈≺∋⋈⊤∈∋⋈≻⋈∋∋⊞⋈⋈⊡⋈⋈⋈⋈⋈⋈⋈⋈⊤⋈∈∋≺⊤⋈∈∋⋈≺⋈⋈⋈⋈≺⊞⋈⋈⊤∈∋≺⊞⋈⋈∋⋈⋈∋⋈⋈⋈⋈⋈∋∋⋈⋈⊤∈⋈⊙∋∋∋⊞⋈⋈⋈⋈⋈⋈⊣
0x41d50f	⊢⋈⊤∈⊞⋈⋈≻⊞⊣⋈⋈⋈⋈⊣
0x41d0d8	⊢⋈⋈⋈⋈⋈⋈⊞⋈⋈⋈⊞∈⋈⋈⋈⋈⊤∈⋈⋈⋈⋈⋈≻⋈≺⋈⋈⋈⋈⋈⊞⋈⋈⋈⋈⋈⋈⊞⋈⊞⊞⊞∈⋈⋈⋈⋈≻≺⋈⋈∋∋⊤∈⋈⋈⊞⊤∈⋈⋈⊤∈⋈⋈⋈⋈⋈≻⊤∈⋈⊤⋈∈⋈⋈⋈≻⊤∈⋈⊤∈⋈∋⋈⋈⋈⊞∈⋈≺∋⋈⋈≻⊤⋈∈⋈⋈⋈≺⋈⋈⋈⋈⊞⋈⋈⋈⋈⋈⋈⊞⋈⊞⊞⊞∈⋈⋈∋⋈⋈≻≺⋈⋈∋⊤∈⋈⋈⋈⊤∈∋⋈⋈≺∋⋈≻≺⊞⋈⊞⊞⋈⊞⊞⋈⊞⋈⊞⋈⋈⊞⊤∈⋈⋈⋈⋈≻⋈≺∋⋈⋈⊞⊞⋈⊞⊞⊞⋈⊞⊞⊞⋈⊞⊞⋈⊞≺∋⋈≺⋈⊤∈⋈⋈⊞⊤∈∋⋈⋈⋈⋈≻⋈≺∋⋈⊞⊤∈⋈⊞⊞⊞⊞⊞⋈⋈⋈⊞⊞⋈≺∋⋈⊞⊞⋈⊞∋⋈⋈⊤∈⋈≻≺∋⋈⋈⊞⋈≺∋⊞∋⋈≺∋∋∋⊞⋈⋈⋈⋈⋈⋈⊣
0x41d07d	⊢⋈⋈⋈⋈⋈⋈⋈⋈≻⋈⋈≻⋈⋈⊞⋈⋈⊣
0x41d53e	⊢⋈⋈⋈⋈⋈⋈⋈⋈≻⋈⋈≻⋈⋈⊞⋈⋈⊣
0x41d4d8	⊢⋈⋈⋈⋈⋈⋈⋈⋈≻⋈⋈≻⋈⋈⊞⋈⋈⊣
0x41d0b5	⊢⋈⋈⋈⋈⋈⋈≻⋈⋈⋈≺
0x431610	⊢⋈⋈⋈⋈⋈⋈⋈⊞⋈⋈⋈⋈⋈⋈⊤∈⋈⋈⊞⊞≺⋈⋈≻⋈⋈⋈⋈⊞∈⋈⊤∈⋈⋈⋈≻⋈⊤∈∋⋈⋈⋈⊙⋈⋈⋈⋈≻⋈⊤∈∋⋈≺∋∋⋈⋈⋈⋈⋈⋈⊤∈⊤∈⊤∈⋈⋈⋈⋈⋈⋈⊞⊙⊞⊤∈∋∋⋈⋈⋈⊞⊙⋈⋈⋈⋈⋈⋈⊞⊙⋈⋈⋈⋈≺⊞⋈⋈⋈⋈⋈⋈⊣
0x437a20	⊢⋈⋈⋈⋈⋈⋈⋈⊞⋈⋈⋈⋈⊞⊤⊥⋈⊞⋈⊞⋈⊞⊥⊤⊥⊤∈⋈⋈≺⋈⋈⊞⋈⋈⋈⋈⋈⊞⊞⊞⊞⊞⊞⊞⊞∈⋈⊤∈⊤∈⋈∋⋈⋈⊞⊞⊞⊤∈⊞⊞⋈⋈⊤∈⋈≺⋈⊤∈⋈⊤∈⋈∈⋈⋈⊞⋈∈⊤∈⋈⊤⊥⊞⊞⊞⊤∈∋⋈⊤∈∋⊞∈∋⋈⋈≺⋈≺∋≺⊞⊞⊞⊞≺∋⋈⋈⋈⋈⊤∈⋈∋⋈≻⋈⊤∈⋈⊞⋈⋈⋈⋈⊞⋈⋈⋈⊞≺∈⋈⋈⋈⋈⋈⋈⋈⋈≻⊤∈⋈⋈⋈⋈≺⋈⊤∈⊤∈⋈⋈≻⋈⋈⋈⋈⋈≻⊤∈⋈⋈⋈≺⊤∈⊤∈∋⋈⋈≻⋈⋈⋈⋈⊤∈⊤∈∋⋈⋈≻⋈⋈⋈⋈⋈≻⊤∈∋∋∋∋∋⊞⊤∈∋⊤∈⋈⊤∈⋈⊞⋈⋈⋈⋈⋈⋈⋈≻⊞≺∋⊞⋈⋈≺⋈⋈⋈⋈⋈≺≺⋈⋈⋈⋈≺⊞⊞⊞∈∋⋈≺∋∋⋈⋈⋈⋈⋈∋∋⋈∋∋∋∋∋⊞⋈⋈⋈⋈⋈⋈⊣
0x4376f0	⊢⋈⋈⋈⋈⋈⋈⋈⊤∈⋈⋈⊤∈⋈⋈⋈⋈⋈⋈≻≺⊤∈⋈⊤∈⋈⊤∈⋈⊤∈⊞⊡∈⋈⊞⋈⊞⊤⊥⊞⋈⊤∈∋⊞≺∋⊞⊤∈⊞∈⊞⊞⊞⊤∈⋈⊤∈⋈⊤∈⊞⊡∈⋈⊞⋈⊞⊤⊥⊞⋈⊤∈∋⊞≺∋⊞⊤∈⊞∈⊞⊞⊞≺∋⊤∈⊞∈⋈⋈⊞⊤⊥⊞⋈⊞⋈⊞∈⊤∈⋈⋈⋈⋈≻≺⊤∈⋈⊤∈∋∋⊞⋈≺⋈⊤∈⋈⊤∈⊞⊡∈⋈⊞⋈⊞⊤⊥⊞⋈⊤∈∋⊞≺∋⊞⊤∈⊞∈⊞⊤∈⋈⊞∈⋈⋈⊞⊤⊥⊞⋈⊞⋈⊞∈⊤∈∋∋∋∋∋∋∋∋∋∋∋∋∋∋∋∋∋⋈⋈⊞⊞⊞⋈⋈⋈⋈≻≺∋∋∋∋⊞⋈⋈⋈⋈⊣
0x4092d9	⊢⋈⋈⋈⋈⊞⋈⋈⋈⋈⋈⊤∈⊤⊥⊤⊥⊞∈⊤⊥⊤⊥⊞∈∋⊞⊤∈⋈⊞⋈⋈⋈≻⋈⊤∈∋∈⋈⋈≻∋⊤∈⋈⊞⋈⋈⋈≻⋈⊤∈∋≺∋⋈⋈⋈≺∋⋈⋈⋈⋈⋈⋈⋈≻⋈⋈⋈⋈≺∋⊞⋈⋈⋈⋈⊣
0x3fbf42	⊢⋈⋈⋈⋈⋈⊞∈⋈⊤∈⋈⋈⋈≻∋⋈⊤∈⋈⋈⋈≻∋⊞⊤∈∋⋈⋈⋈⊣
0x43eb60	⊢⋈⋈⋈⋈⋈⋈⋈⋈⊤∈⊞⋈⋈⋈⋈⋈⋈⊣⋈⋈⋈≺∈⋈⊡∈⋈≻≺∋⋈≻⊞⊞∈∋⋈⊞⋈⋈⋈⋈⋈⋈⊙
0x42e9e0	⊢⋈⋈⋈⋈⊤∈⋈⊤∈⋈⊙∋⊤∈⋈⊙∋⊤∈⋈⊙∋⊤∈∋⊞⋈⋈⊣⋈⊞⋈⋈⊙
0x43bd10	⊢⋈⋈⋈⋈⊤⊥⊤⊥⊞∈⋈⋈⊡∈⋈≻∋⋈⊡∈⋈≻∋⋈≻⋈⋈⋈⋈⊙⋈⋈⋈⊣
0x43acd0	⊢⋈⋈⋈⋈⋈⋈⋈⋈⋈⊤∈⋈⋈⊤∈⋈⋈≺∈⊤∈⋈⊤∈⊤∈⊙∋⊤∈⋈⊙≺∋∋∋⊞⊞∈∋⋈⊙∋⊤∈∋⊞⋈⋈⋈⋈⋈⋈⊣⋈⊞⋈⋈⋈⋈⋈⋈⊙
0x445340	⊢⋈⋈⋈⋈⋈⋈⊤⊤∈⋈⊞⊤∈≻⊤∈⋈≺∋∋∋⊞⋈⊤∈⋈⋈⋈⋈⊞⊞⋈⋈⊙⊞⋈⋈⊣
0x44b8ee	⊢⊤∈⋈⊞⋈⋈≺∋⋈⊤∈⊤∈∋⊣⋈⊙
0x432040	⊢⋈⋈⋈⋈⋈⋈⋈⋈⋈⊤∈⋈⋈⊤∈⋈⋈≺∈⊤∈⋈⊙≺∋⊞⊞∈∋⋈⊙∋⋈⊤∈∋⊞⋈⋈⋈⋈⋈⋈⊣⋈⋈⋈≺∈⊤∈⋈⊙≺∋⊞⊞∈∋⋈⊞⋈⋈⋈⋈⋈⋈⊙
0x42ea50	⊢≺
0x4379d0	⊢⋈⋈⋈⋈⊤∈⋈⊤∈⊤∈⋈⋈⊙⋈∋⊤∈∋∋⊞⋈⋈⊣⋈⊞⋈⋈⊙
0x43acc0	⊢⊤∈⊣⊞≺
0x432030	⊢⊤∈⊣⊞≺
0x41eea0	⊢⊤∈⋈⋈⋈⋈⋈⋈⋈⊞⊤∈⋈⋈⋈⋈⊤∈⋈⊙∋⊤∈⋈⊙∋⋈⋈⋈⋈⋈⋈⊙⋈⋈⋈⋈⋈⊣⊣
0x3ddada	⊢≺⋈⋈⋈⋈⋈⊞⊤∈⋈⋈⋈⊤∈⋈⊙∋⊞⊤∈⋈⊙∋⋈⋈⋈⋈⊙⋈⋈⋈⊣
0x3ddadf	⊢⋈⋈⋈⋈⊞∈⋈⋈⋈≻∋⋈≻⋈≻⋈≻⊞⋈⋈≺
0x43dfe0	⊢⋈⋈⋈⋈⋈⋈⊡∈⋈≻∋⋈≻⊤∈⋈≻∋⊤∈⋈≻∋⋈⊤∈⋈⋈⋈⋈⋈≺⋈⋈⋈⊣
0x43df90	⊢⋈⋈⋈⋈⋈⋈⊡∈⋈≻∋⊞⋈⋈⋈⋈≺
0x43de10	⊢⋈⋈⋈⋈⋈⋈⋈⋈⋈⊤∈⋈⊙∋⋈⋈⋈⋈∈⊤∈⊤∈⊞⋈⋈⋈⋈⋈⋈⊣⋈⊞⋈⋈⋈⋈⋈⋈⊙⋈⊞≻⋈≺∋
0x43ab40	⊢⋈⋈⋈⋈⊤∈⋈⊤∈⊤∈⋈⋈⊙⋈∋⊤∈∋∋⊞⋈⋈⊣⋈⊞⋈⋈⊙
0x43e690	⊢⋈⋈⋈⋈⋈⋈⋈⋈⋈⋈⋈⊞⋈⊞∈⊤∈⊤∈⊞⋈⋈⋈⋈⋈⋈⊣⋈⊞⋈⋈⋈⋈⋈⋈⊙⋈⊞≻⋈≺∋
0x43e740	⊢⋈⋈⋈⋈⋈⋈⋈⋈⋈⋈⋈⊤∈⋈≺∈⋈⊡∈⋈≻≺∋⋈≻⊞⊞∈∋∋⊤∈⊞⋈⋈⋈⋈⋈⋈⊣⋈⊞⋈⋈⋈⋈⋈⋈⊙
0x43ab90	⊢⋈⋈⋈⋈⋈⋈⋈⋈⋈⋈⋈⊤∈⋈⋈≺∈⊤∈⋈⊤∈⊤∈⊙∋⊤∈⋈⊙≺∋∋∋⊞⊞∈∋∋⊤∈⊞⋈⋈⋈⋈⋈⋈⊣⋈⊞⋈⋈⋈⋈⋈⋈⊙
0x431590	⊢⋈⋈⋈⋈⋈⋈⋈⋈⋈⋈⋈⊤∈⋈⋈≺∈⊤∈⋈⊙≺∋⊞⊞∈∋∋⊤∈⊞⋈⋈⋈⋈⋈⋈⊣⋈⊞⋈⋈⋈⋈⋈⋈⊙
0x44c1a4	⊢⋈⋈⋈⋈⋈⋈⋈⋈⊤∈⋈∈⋈⋈⋈⋈≻⊞⊞∈∋∋⋈⋈⋈⋈⊞⋈⋈⋈⋈≺
0x431f40	⊢⋈⋈⋈⋈⋈⋈⋈⋈⋈⋈⋈⊤∈⋈⋈≺∈⊤∈⋈⊙≺∋⊞⊞∈∋∋⊤∈⊞⋈⋈⋈⋈⋈⋈⊣⋈⊞⋈⋈⋈⋈⋈⋈⊙
0x42b9b0	⊢⋈⋈⋈⋈⋈⋈⊤∈⊡∈⋈≻∋∋⊞⋈⋈⋈⋈≺⋈⋈⋈⋈⊞⋈⊤∈⊞⊞⋈⋈⋈⋈⋈⋈⋈⋈⋈≺∋⋈⋈⋈⋈⋈⊡∈∈∈⋈⋈≻⋈⊤∈⊞⋈⋈⋈⊣⋈⊞⊤∈∋⊞⋈⊡∈∋⋈≻≺∋
0x43ac30	⊢⋈⋈⋈⋈⋈⋈⊤∈⋈⋈⋈⋈⋈⊣⋈⊞⋈⊞⋈≺∈⊤∈⋈⊤∈⊤∈⊙∋⊤∈⋈⊙≺∋∋∋⊞⊤∈∋⋈⋈⋈⋈⋈⋈⊙
0x431fc0	⊢⋈⋈⋈⋈⋈⋈⊤∈⋈⋈⋈⋈⋈⊣⋈⊞⋈⊞⋈≺∈⊤∈⋈⊙≺∋⊞⊤∈∋⋈⋈⋈⋈⋈⋈⊙
0x3f96a0	⊢⋈⋈⋈⋈⋈⊞∈⋈⋈⊞∈⋈⋈⊞∈⋈⋈⋈≻∋⊞⊞∈∋∋⊞⋈⋈⊣
0x447e10	⊢⊡∈⋈⊞⋈⊤∈⋈⋈⋈⋈⊞⊙∋⊣
0x4312c0	⊢⋈⋈⋈⋈⋈⊤∈⋈⊙∋⊤∈⋈⊙∋⊤∈⋈⊙∋⊤∈⊞⋈⋈⊣⋈⊞⋈⋈⊙
0x42e930	⊢⋈⋈⋈⋈⋈⋈⊡∈⋈≻∋⊞⋈⋈⋈⋈≺
0x447e50	⊢⋈⋈⋈⋈⋈⋈⋈⋈⋈⊤∈⋈≻⋈⊞⊤∈⋈⊞⋈⋈⋈⊤∈⋈⊙∋⊤∈⋈⊙∋⋈⊙⊤∈∋⊤∈∋⊞⋈⋈⋈⋈⋈⋈⊣∋⋈⊞⋈⋈⋈⋈⋈⋈⊙
0x41eec0	⊢⋈⊡⊞⋈⊞⊞∈⋈≺⋈⋈⋈⋈⊤∈⋈⋈⋈≻⋈⋈⊞∈⊞⋈⊡∈⋈∋⊤∈⋈⋈⊡∈⋈⊡⋈⋈⋈⊞⊙⊤∈⊤∈∋⊞⋈⊡∈∋∋∋⊞⋈⋈⊣⋈⋈⋈⋈⊡⊞⋈⋈⋈⋈≺∋⊞⊞⋈⋈⊙⊣
0x444420	⊢⋈⊤∈⊣
0x43dc90	⊢⋈⋈⋈⋈⊞⋈⋈⊡∈∈∈⋈⋈≻⋈⊤∈⊞⋈⋈⋈⊣⋈⊞⊤∈∋⊞⋈⊡∈∋⋈≻≺∋
0x4441d0	⊢⋈⊞⊤∈⋈⊙⊣
0x3f9b94	⊢⋈⋈⋈⋈⋈⋈∈⋈⊤∈⋈⋈⋈≻∋⋈⊤∈⋈⋈⋈≻∋⊞⊤∈∋⋈⋈⋈⊣
0x3ddb32	⊢⋈⋈⋈⋈⋈⋈⊞∈⋈⋈⋈≻∋⋈∈⋈≻⊞⊤∈∋⊞⋈⊞⋈⋈≺
0x3fbff2	⊢⋈⋈⋈⋈⊞∈⋈≻⊞⊤∈∋⊞⋈⊞⋈⋈≺
0x3ddb8c	⊢⋈⋈⋈⋈⊞∈⋈⋈⋈≻∋⋈≻⊞⋈⋈≺⋈⋈⋈⋈⋈⋈⋈⋈⋈⊤⊥∈⋈∋⋈⊞⋈∈⊞∈⊤∈⊞⋈⋈⋈⋈⋈⋈⊣⊤∈⋈⊤∈∈⋈⊞∈∋∋∋⋈⊤∈⋈∈⋈⋈⊙⋈⋈⊤∈∋≺∋⋈⊞⋈⋈⋈⋈⋈⋈⊙⊤∈⊤∈⋈⊤∈∈⋈⊞∈∋∋⊞⊞∋⋈⋈⊤∈∈⋈⊤∈⋈⊙⋈≻∋⋈≻⋈⋈⋈⋈⋈⋈⋈⋈⋈⊤∈⋈⋈⋈⋈⋈⋈≺⋈∈⋈⋈≻⊤∈⋈⋈⋈⋈⋈⊞⋈⋈⋈⊞∈⋈⋈⋈⋈⋈⋈⋈⋈≺⊞∈⋈⋈⋈⋈⋈⋈⋈⋈∋∋⋈⋈⋈⋈⋈⊣⋈≺∋⊞⋈⋈⊙⋈⊤∈∋⋈⋈≺∋⋈⊤∈⋈⋈⊞∈⋈⋈⊞∈∋⊞≺∋⋈⊞⋈⋈⊞∈⋈⊞⋈⋈⋈≻∋⋈⊞⊞⊞⋈≻⋈⊞⋈≺∋
0x3ddbc7	⊢⋈⋈⋈⋈⊞∈⋈⋈⋈≻∋⋈⋈⊞∈⋈⊤∈⋈⋈⋈≻∋⋈⋈⊤∈⋈⋈⋈⋈≺∋⋈⊣
0x3ddc40	⊢⋈⋈⋈⋈≻⋈⋈≻⋈⋈≻⋈⋈⋈≺⊤∈⋈⊞⋈⋈≺∋⋈⊤∈⊤∈∋⊣⋈⊙
0x3ddc78	⊢⋈⋈⋈⋈≻⋈⊤∈⋈⊣⋈⋈≺
0x44b90a	⊢⋈⋈⋈⋈⋈⋈≻⋈⋈⋈⋈⋈≺
0x4018d5	⊢⋈⋈⋈⋈⋈⋈≻⋈⋈⋈⋈≻⋈⋈⋈⋈≻⋈⋈⋈⋈⋈≺⊤∈⋈⊞⊞⋈⋈≺∋⋈⊤∈⊤∈∋⊣⋈⊙
0x4040be	⊢⋈⋈⋈⋈⋈⋈≻⋈⋈⋈⋈≻⋈⋈⋈⋈≻⋈⋈⋈⋈⋈≺
0x41acd9	⊢⋈⋈⋈⋈⋈⋈⋈⊤∈⋈⋈⊞⊤∈⋈⋈⋈⊤∈⋈⊙∋⊞⊤∈⋈⊙≺⊤∈⊤∈⋈∋∋⋈⊙≺∋∋∋⋈⊞⋈⋈⋈⋈⊙
0x41aab3	⊢⋈⋈⋈⋈⋈⋈⊤∈⋈∈⋈⋈⊞⋈⋈⋈⋈≺⊤∈⊞⋈⊞⋈⋈⋈⋈≺⋈⋈⋈⋈⋈⋈⋈⋈⋈⊤⊥∈⋈∋⋈⊞⋈∈⊞∈⊤∈⊞⋈⋈⋈⋈⋈⋈⊣⊤∈⋈⊤∈∈⋈⊞∈∋∋∋⋈⊤∈⋈∈⋈⋈⊙⋈⋈⊤∈∋≺∋⋈⊞⋈⋈⋈⋈⋈⋈⊙⊤∈⊤∈⋈⊤∈∈⋈⊞∈∋∋⊞⊞∋⋈⊤⋈∈∈⋈⊤∈⋈⊙⋈≻∋⋈≻⊞⋈⋈⊙⋈⊤∈∋⋈≺∋⋈⊤∈⋈⋈⊞∈⋈⋈⊞∈∋⊞≺∋⋈⊞⊞⋈⋈≻⋈≻⋈⊞⋈⋈≺∋⋈⋈⊤∈⋈∈⋈≻⊞⊞∈∋∋⋈⋈⋈⋈⊞⋈⋈⋈⋈≺⊞⋈⋈⋈⋈⊣
0x3e9e10	⊢⊤∈⊣⋈⊙
0x444e40	⊢⊤∈⊣⋈⊙
0x3ddc9d	⊢⋈⋈⋈≺
0x405be5	⊢⋈⊤∈⋈⊞⋈⋈⋈≺∋⋈⊤∈⊤∈∋⊣⊙
0x443590	⊢⋈⋈⋈⋈⊤∈⋈⋈⋈⊙⋈∋⊞⋈⋈⊙
0x3ddcfa	⊢⊡∈⋈⋈⊞⋈⊤∈⊞⋈⋈⋈⊞⊙∋⊣
0x41efc0	⊢⋈⋈⋈⋈⊤∈⋈⊞⊤∈⋈≻⋈⊤∈⋈≺∋∋∋⊞⋈⊤∈⋈⋈⋈⋈⊞⊞⋈⋈⊙⊞⋈⋈⊣
0x43bdb0	⊢⋈⋈⋈⋈⋈⋈⋈⋈⋈⋈⋈⊤∈⋈⋈≺∈⊤∈⊤∈⋈⊙≺∋∋⊞⊞∈∋∋⊤∈⋈⊙∋⋈⋈⊤⊥∈⋈∋⋈⊞⋈⊡∈∈∈⊤∈⊤∈⊞⋈⋈⋈⋈⋈⋈⊣⊤∈⋈⊤∈⊡∈⋈⊞∈∋∋∋⋈⊤∈⋈⊡∈⋈⊙⋈⋈⊤∈∋≺∋⋈⊞⋈⋈⋈⋈⋈⋈⊙⊤∈⋈≻⊤∈⋈⊤∈∈⋈⊞∈∋∋⊞⊞∋⋈⊤∈⋈⊡∈⋈⊤∈⊙⋈≻⊣⊞⋈⊙⋈⊤∈∋⋈⋈⋈≺∋⋈⊤∈⋈⋈⊞⊡∈⋈⋈⊞∈∋⊞≺∋⊞⊞⋈⊤⋈∈∋⊞⊤⋈∈∋⋈⋈⋈⋈⊙⋈⋈⊞≺∋
0x41f3c0	⊢⋈⋈⋈⋈⋈≻
0x442ff0	⊢⋈⋈⋈⋈⋈⊤∈⋈⊙∋⊤∈⊞⋈⋈⊣⋈⊞⋈⋈⊙
0x43e0c0	⊢⊤∈⊣⋈⊙
0x425c20	⊢⋈⋈⋈⋈⋈⋈⋈⋈⋈⋈⋈⊤∈⋈⋈≺∈⊤∈⋈⊙≺∋⊞⊞∈∋∋⊤∈⋈⊙∋⋈⋈⊤∈⋈⋈⊡∈⋈⋈⊙⊞⊞∈∋∋⊤∈⊞⋈⋈⋈⋈⋈⋈⊣⋈⊞⋈⋈⋈⋈⋈⋈⊙
0x448120	⊢⋈⋈⋈⋈⊤∈⋈⋈⊞∈⋈⊞≻⋈∈⋈⊞⋈⋈⋈⊙⋈∋∋⋈⋈⋈⊣
0x4435c0	⊢⊤∈⊣⋈⊙
0x42ae40	⊢⋈⋈⋈⋈⋈⋈⊡∈⋈≻∋⋈≻⋈⋈≻⊤∈⋈⊙∋⋈⋈⊙⊞⋈⋈⋈⋈≺
0x4152fc	⊢⋈⊞⊞⊞⊞⋈⋈⋈⋈⊞⋈⋈⋈⋈⊞⊞⋈⋈⋈⊞⊞⋈⋈⋈⊞⊞⋈⋈⋈⊞⊞⋈⋈⊞⋈⋈⋈⋈⋈⋈⋈⋈⋈⋈⋈⊣
0x444a98	⊢⋈⋈⊞⋈⋈⋈⋈⋈⋈⋈⋈⋈⊞≻
0x3eae44	⊢⋈⋈⊞⋈⋈⋈⋈⋈⋈⋈⋈⋈≻
0x444bb0	⊢⋈⋈≻
0x3ddd2f	⊢⋈⊙⋈⊣
0x3f3ebc	⊢⋈⊤∈⋈≻⊤∈⋈⋈⋈≻⋈⋈⋈⋈⋈⋈⊞⋈⋈⋈⋈⊞⊤∈⋈⊤∈⋈⊤⋈∈⋈⋈⋈≻⊤∈⋈⋈⋈⋈⊙⋈⋈⊤∈∋⋈⋈⊙⊤∈⋈⋈≻⋈⋈⋈⋈⋈⋈⋈⋈⊞⋈≺⋈⊞≺∋⋈⋈⋈⋈≺∋⋈⋈⋈⋈⋈⋈⋈⋈⋈≻⋈⋈⋈⋈≻⋈⋈⋈≻⋈⊤∈⋈⋈⋈≻∋⋈⋈⋈⊤∈⊤∈⋈≺⋈⊤∈⋈⋈⊞⊥⋈⊞⊤⊥⊞∈⊞∈⋈⋈≻∋⊤∈⋈⊞⋈⋈⋈⋈≻⊤∈∋⋈⋈⋈≺∋⋈⋈⊙⋈⋈≺⋈≺∋∋∋⋈⋈⋈⋈⋈⋈≻⋈⋈⋈⋈⋈⋈⋈⋈≻⋈⋈⊤∈⋈⊤⋈⊤⋈∈⋈⊤∈⋈⋈≺⊤∈⋈⊞⋈⋈≺∋∋⋈⋈⊤∈⋈⋈≺⊤∈⋈⊞⋈⋈≺∋∋⊤⊥∈⊞∈⊤∈⋈⊤⋈∈∋≺⊤∈⋈≺⋈⋈⊤∈⋈⋈≺⊤∈⋈⊞⋈⋈≺∋∋⋈⊤∈⋈⋈≺⊤∈⋈⊞⋈⋈≺∋∋⊤⊥∈∋⊤∈⊞∈⊤∈⋈⊤⋈∈∋∋∈∋⋈⊤∈⋈⋈⋈≻∋⋈⋈⋈⋈⋈⋈⋈⋈⋈⋈⋈⋈≻⋈⋈⋈⋈≺≺∋∋∋∋⋈⊤∈⋈⋈⋈≻∋∋⊤∈⊞⋈⊞⊞⋈⋈⋈⋈⋈⋈⋈⋈≻⋈⊤⋈⋈∈⊤∈≺⊤∈∋⋈∋∋⋈⋈⋈⋈⋈⋈⋈⋈⋈⋈⋈⋈≻⋈⋈⋈⋈⋈⋈⋈≻⋈⋈⋈⋈⋈⋈⋈⋈⋈≻⋈⋈⋈⋈≻⋈⋈⋈⋈⋈⋈⋈⋈≻⋈⋈⋈⋈⋈⋈⋈⋈⋈≻⋈⋈⋈⋈≻⋈⋈⋈⋈⋈⋈⋈⋈≻⋈⋈⋈⋈⋈⋈⋈⋈≻⋈⋈⋈⋈⋈⋈⋈⋈⋈⋈⋈⊤∈⋈⊤∈⊤∈⋈⋈⊤∈⋈⊤∈∋⊞≺≺∋∋∋∋⋈⋈⊤∈⋈⋈⋈≺⋈⊤∈⋈⊞⋈⋈≺∋∋⊤∈⊤⊥⊤⊥⊞∈⋈⊤∈⋈⋈⋈⋈⊞⊤⊥⊞⊤∈⋈⋈⋈⋈≺∋⋈⋈⋈⋈⋈⋈⋈≻⋈⋈⋈⋈⋈⋈⊙⊤∈∋⋈⋈≻∋∈⋈≺∈⋈≻∋⊤∈⋈⋈≻≺∋⋈⋈⋈⋈≻⋈⋈≺⋈⋈⋈⋈⋈⋈≻⋈⋈⋈⋈≺∋⋈⋈≺∋∋⋈⊤∈⋈⋈⋈⋈≻∋⋈⋈⋈⋈≻⋈⋈⋈⋈≻⋈⋈⋈⋈⋈≻⊞⊤⊥⊞⋈⋈⋈≻⋈⋈⋈≻⋈⋈⊤∈⋈⊤∈⋈⋈⋈⋈⋈⋈≺⊤∈⋈⋈⊞⊥⋈⊤⊥⊞∈⊤∈⋈⋈⋈⋈⋈≻⊤∈⋈⋈≺∋⋈⋈⋈⊙⋈⋈≻⊤∈∋⋈⋈⋈⋈⊙⋈⊞∋⋈∋⋈⋈⋈⊞≺⋈⋈⋈⋈≺∋∋∋⋈⋈⋈⋈⋈⊤⋈∈⋈⊤∈⋈⋈⋈⋈⋈⋈⊤∈⋈⋈⊞⊥⋈⊤⊥⊞∈⊞∈⋈⋈≻∋⊤⋈∈⋈⋈⋈⋈⋈≻⋈⊤∈∋⋈⋈≺∋⋈⋈⋈⊙⋈⋈≻⊤∈⋈⋈≻⋈⋈⋈⋈⋈⋈⊞⋈⋈⋈⊤∈⊤∈⋈⊤∈⋈⊞⋈⊞⋈⊞⊞∈⋈⊤∈⋈⊞⊞⊤∈⋈⋈⊞∈⋈⋈≺∋⋈⊤⊥≺∋⊤⊥⊞⊤∈⊤∈⋈⊤∈⊤∈⋈⊤∈∋⊞⋈≺∋⋈⊤∈∋⊞⋈≺∋⊤∈⋈⊞⊞∈⋈⋈⊤∈⊤∈⋈⋈⊤∈⋈⋈⊞⊥⋈⊤⊥⊞∈⋈⊤∈⋈⊞⋈⋈⋈⋈≻⊤∈⋈⋈⋈≺∋⋈⋈⊙⋈⋈≺⋈⋈≺⋈≺∋∋⋈∋⋈⊞⊥⋈⋈⋈∈⊤∈⊤∈⊞⋈⊤∈⋈⋈≺∋⊞∈⋈⊞⊞∈∋≺∋∋∋⋈⋈⋈⋈⋈⋈⋈⋈⋈⋈⋈≻⋈⋈⋈⋈⋈⋈⋈⋈⋈⋈⋈⋈⋈≻⋈⋈⋈≻⊤∈⋈⊞⋈∋⋈⋈⋈⋈⋈⋈⋈⋈⋈⊤∈⋈⋈≻≺∋∋⊞∋∋⋈⋈⊤∈⊤∈⋈⋈⊤∈⋈⋈⊞⊥⋈⊤⊥⊞∈∋⊞⋈⊤∈⋈⋈⋈⋈≻⊤∈∋∋⋈⋈≻∋⋈⊞⋈⋈⋈≺∋⋈⋈⊙⋈⋈≺⋈⋈≺⋈≺∋∋⋈∋⋈⋈⋈⊤∈∋⋈⋈⋈≻⋈⋈⋈⋈⋈⋈⊞⋈⋈⋈⊤∈⋈⋈⊤∈⊤∈⊤∈⊤∈∋⋈⋈⋈⋈⋈⋈⋈≻≺∋⋈⊤∈⋈⋈≺⊤∈⋈⊞⋈⋈≺∋∋⊤∈⋈⋈≺⊤∈⋈⊞⋈⋈≺∋∋⊤⊥⊞⊤∈⊞∈⊤∈⊞⊤⊥⊞⋈⊤⋈∈∋⊥⊞≺∋∋⊤∈⋈⋈⋈⋈≺⋈⊤∈⋈⊞⋈⋈⋈⋈⋈⋈⋈⋈⋈≻⋈⋈⋈≺⋈⋈⋈⋈⋈⋈⋈≻∋⋈⋈⋈⋈⋈⋈⋈∋≻≺⋈⊤∈⊤∈⋈⋈⊤∈⋈⋈⊞⊥⋈⊤⊥⊞∈⊞∈⋈⋈≻∋⊤∈⋈⊞⋈⋈⋈⋈⋈≻⋈⊤∈∋⋈⋈⋈≺∋⋈⊙⋈≺⋈⋈≺⋈≺∋∋⋈∋⋈⊞⋈⋈⋈⋈⋈∋⊤∈⋈⋈⋈⊞⋈⋈⋈⋈⋈⋈≺⋈⋈⋈⋈≺∋∋⊞⋈⋈⋈⋈⋈⋈⊣⊤∈⊤∈∋⋈⊞⋈⊞⋈⊤∈∋⋈⊞⋈≺⋈⋈≺∋⊞∈⋈⊞⊞∈∋≺∋⊞⊤⊥⋈⋈⋈⊤∈∋⋈⋈⋈⋈⋈≻⋈≺∋∋⋈⋈≻∋∋⊞⋈⋈⋈⋈⋈⋈⊣⋈⋈⋈⋈⊙⋈≺⋈⋈⋈⊞≺⋈⋈⋈⋈∋⋈≺∋∋⋈⋈⋈⋈⋈⋈⋈⋈⋈⋈⋈⋈∈⋈⊤∈⋈⊞⋈⋈⋈⋈⋈⋈⋈⋈≺∋⋈⋈⊤∈⋈⊤∈⋈⊤∈⊤∈⊤∈∋⊞⋈≺∋∋∋∋⋈⋈⋈≻⋈⋈⋈≻⋈⋈⋈≻⋈⋈⋈≻⋈⋈⊤∈⋈⋈⋈≻∋⋈⋈⋈⋈⊤∈⋈⊞⋈⋈⋈⋈⋈⋈⋈⋈≺∋⋈⋈⋈⊤∈⋈⊤∈⋈⊤∈⊤∈⊤∈∋⊞⋈≺∋∋∋∋⋈⋈⋈≻⋈⋈⋈≻⋈⋈⋈≻⋈⋈⋈≻⋈⋈⊤∈⋈⋈⋈≻∋⋈⋈⋈⋈⊤∈⊤∈⋈⊤∈⋈⋈⋈≻∋⋈⊤⋈⋈∈⋈⋈⋈≻∋⋈⋈⋈⋈⋈⋈⋈⋈⋈⊤∈⋈⋈⋈≻∋⋈⊤∈⋈⋈⋈≻∋⋈⊤∈⋈⋈⋈≻∋⋈⋈⋈⋈⋈⋈⋈⋈⋈⋈⋈⋈⋈⋈⋈⋈⋈⋈⋈⋈⋈⋈⋈⋈⋈⋈⋈⋈⊞⋈≻⊤∈⋈⊤∈≺⋈⊤∈∋⋈∋∋⋈⋈⋈⋈⋈⋈⋈⋈⋈≻⋈⋈⋈⋈≻⋈⋈⋈⋈⋈⋈⋈⋈⋈⋈⊤∈⋈⋈⋈≻∋⋈⊤∈⋈⋈⋈≻∋⋈⊤∈⋈∋⊤⋈∈⋈⋈⋈⋈⋈⋈⋈⋈⋈⋈⋈⋈⋈⋈≻⋈⋈⋈⋈⋈⋈⋈⋈⋈⋈⋈⋈⋈⋈⋈⋈⋈⋈⋈⋈⋈⋈⋈⋈⋈⋈⋈≻⋈⋈⋈⋈⋈⋈⋈⋈⋈⋈⋈⋈⋈⋈≻⋈⋈⋈⋈⋈⋈⋈⋈⋈⋈⋈⋈⋈⋈⋈⋈⋈⋈⋈⋈⋈⋈⋈⋈⋈⋈⋈≻≺∋⋈⋈⋈⋈⋈⋈⋈⋈⋈⋈⋈⋈⋈⋈⊤∈⋈⋈⋈≻∋⋈⊤∈⋈⋈⋈≻∋⊞⊡≺∋⋈⋈⋈⋈⋈⋈⋈⋈⋈⋈⋈⊤∈⋈≺∋⋈⋈≻∋∋⋈⊤∈⋈⋈⋈≻∋∋⊞⋈⋈⋈⋈⋈⋈⊣≺∋⊤⊥⊤⊥⊞⊞≺∋⋈⊣
0x40944f	⊢⋈⊤∈≻⊤∈⋈⋈⋈≻⊞⊤∈⋈⊤∈⋈⋈⊤∈∋⊞⊣⋈⊞≺∋⊞⊞⋈∈⊤∈⋈⊡⊞⊞⋈⊣⊞⊞⊤∈∋⊣⊤⊥⊞≺∋⋈⊣
0x43c840	⊢⋈⋈⋈⋈⋈⋈⋈⊞⋈⋈⋈⊤∈⋈⋈⋈⋈⊞⋈⋈⊞⋈⋈⋈⋈⋈⋈≺∈⋈⋈⋈⋈≻⋈⋈⋈⊤∈⋈⋈⋈⋈≺⋈⋈⊤∈⊤∈⋈⋈⋈≺∋⊞⊤∈∋⋈⊤∈∋⋈≻⋈⋈⋈⋈⋈⋈⋈⋈⋈⋈⋈⋈⋈⋈⋈⋈⋈⋈⋈⋈⋈⋈⋈⋈⋈⋈∋⊞⋈⋈⋈⋈⋈⋈⊣⋈⋈⊞⊙
0x43cd90	⊢⊞⋈⋈⊤∈⊤∈⋈⋈⊤∈⋈⋈≺⋈⊞⊞⊞⊞⊡∈⋈⊤∈⊤∈⋈≺⋈⋈∋⋈⋈⊞⊞⊞⊤∈⋈⋈⋈⊞⋈⊞⋈⊞⋈≺⊞⊞⊞∈∋≺⋈⋈⋈≺∋∋⋈⋈⋈⋈⋈⋈⊣⊤∈⋈⋈⋈⊣⊤∈⋈⋈⊤∈⊞⋈⋈⋈⋈⋈⋈⊤∈∋⋈⋈⋈⋈≺⋈⋈⊣⊞⋈⋈⋈⋈⋈⋈⊞⊞⋈⊞⊞⊞⊞≺∋⋈⊞⋈⊞⋈⊞⋈≺∋⋈⊞⋈⊞⊞⋈⊞⊞⋈⋈⊣⋈⋈⊞⊙
0x43c6f0	⊢⋈⋈⋈⋈⋈⋈⋈⊞⋈⊤∈⋈⋈⋈⋈⊞⋈⋈⊞≺∈⋈⋈⋈⋈≻⋈⋈⋈⋈⊤∈⋈⋈⋈⋈≺⋈⋈⊤∈⋈⋈⋈≺∋⊞⊤∈∋⋈⊤∈∋⋈≻⋈⋈⋈⋈⊞⋈⋈⋈⊤⋈⊥⋈⋈⋈⋈⋈≻⊤∈⋈⋈≻⋈⋈⋈⊞⋈⋈⋈⊣⋈⋈⋈⋈∋⊞⋈⋈⋈⋈⋈⋈⊣
0x4349c0	⊢⋈⋈⋈⋈⋈⋈⋈⊞⋈⋈⊞⋈⊞⋈⋈⋈⋈⋈⋈⋈⋈⋈⋈⊤∈⊞⊤∈⋈⋈⋈≺⋈⊞⋈⋈⋈⋈⋈⋈⊣⋈⋈⊞⊙⋈⊞⊙
0x439070	⊢⋈⋈⋈⋈⋈⊤∈⊞⊞⋈⋈⋈⊞⋈⊞⊤⋈⊥⋈⊞⋈⋈⊡∈⋈⋈⋈⋈⊤∈⋈⊤∈⊤∈⊞∈⊞⋈⋈∋⋈⋈⊤∈⊞⊤∈⋈⋈≺⊡∈⊞∈⋈≺⋈⋈⋈⋈⋈⋈⊤⋈∈∋⊞≺⋈⋈⊞⊙⋈⋈≺⋈⊞⋈∋⊞⊤∈∋≺⊤∈⊞∈⊞⋈⋈∋∋⋈≺∋⋈⋈≺∋∋∋⋈⋈⋈⋈⋈⊣⋈⊞⊙
0x3ef0b0	⊢⋈⋈⋈⋈⋈⋈⋈⊞⋈⊤∈⋈⋈⋈⊞⋈⊞⊞⋈⋈⊞⋈⊞⋈⊤⊥⋈⊞⋈⋈⊤∈⋈⊞⊤∈⋈≺⋈⊞⊤∈⋈⊞⊤⊥⋈⊥⋈⊞⊞⊤∈⋈∋∋⋈⊞⊞≺∋⊞⋈⊞⊤∈∋⊤∈⋈⋈⊞⊤⊥⋈⊥⊤⋈⊥⊥⊤∈⋈⋈⋈⊤∈⋈⋈⋈⋈⊞⋈⋈⋈⋈⋈⋈⋈≺⋈≺∋⋈⋈≺⋈⋈⋈⋈⋈⊞⋈≺⊤⋈⋈⊥⋈⊥⊤⊥⊥⊤⋈⋈⊥⋈⊞⊤∈⊤∈∋⊞⊞⋈⊤⊥⊤∈⋈⊤∈⋈⊞⊞⋈⋈⊞⋈⊞⊞⋈⊞⊞⊞⊞⋈⊞⊞⊞⋈⊤∈⋈⊞⊞⋈⊡⊞⊞⊞⋈⊞⋈⋈⊞⋈⋈⊞⋈⊞⋈⋈⋈⊞⋈⋈⋈∈⊤∈⋈⊤∈∋⊤∈⊤∈⊤∈⊤⊥⋈⋈⊥⊞⊤⊥⋈⋈⊥⊞≺⊤⊥⋈⋈⊥⊞≺⊤∈⊤⊥⋈⋈⊥⊞≺⊞⊤⊥⋈⊞≺∋∋∋∋⋈⋈⊞⋈⋈⊤∈⋈⋈⋈⋈⊞⊞⋈⊤⋈⊥⊞⊞⋈⋈⊡∈⋈⋈⊞⊞⊤∈⊞⋈⊤∈⋈⊤∈⋈⊞⊞⋈⋈⋈⋈⊡∈⋈⋈⊞⊤∈∋∋⋈≺⊤∈⊞⋈⋈⊞⊞⋈⋈⊞⊞⋈⊞⊤∈∋⋈⋈⋈⋈⋈⋈⋈≻⊞⋈⊞⊞⊞⊤⋈∈∋⋈≻∋⋈⋈⊞⊞⋈⊞⋈⋈⋈⋈⋈⋈⋈⋈≻⊞⋈⋈≺⋈⊞⋈⊞⋈⋈⊞⋈⋈⋈⊞⋈⋈⋈≻⊞⋈≺∋∋⋈⊤⋈∈∋⋈⊤∈⋈⋈⊞⊞⊞⊞⋈⊞⊞⊞⊞⋈⊞⊥⊥⊞⋈⋈⋈⊞⊡⊡⊡⊡⊡⊡⊡⊡⊡⋈⊡⊡⊡⊡⊡⊡⊡⊡⊡⊡⋈⋈⊤∈⋈⊞⋈⋈⋈⋈≺∋≻⋈⊤∈⋈⊞⋈⋈⋈⊞⋈≺∋≻⋈⋈⋈⊙⋈⊤∈⋈⋈≺∈⋈⊤∈⊤∈⊞⊞⊡∈⋈⊞⊞⋈⊞⊞⊞⊞⋈⊞∈∋≺∋⊞⊤∈∋∋⋈⋈⊞∈⋈⊤⋈∈⊤∈⊞⊞⋈⊞≺∈⋈⊞⊞⋈⊞∈⊞⊞⋈⋈⊞⊞⋈⋈≺∋⋈⊞∈∋⋈≺∋⋈⊤⊥⊤∈⊤∈⊞⊞⊞⊡∈⋈⋈⊞⊡⋈⊥⊤∈∋⊤∈⊤∈⋈⊞≺∋∋⋈⋈⊤⊥⊤∈⊞⋈⊡∈⊤∈⋈⊞⋈⊤∈⋈⊤⋈∈∋∈∋⊤∈⊞≺⋈⊞⊞⊡∈⋈⋈⋈⋈⊞⊞⊤∈∋⊤∈⊤⋈∈⋈⊞⋈≺∋∋⋈∋⊞≺∋⋈⊞⋈⊞⊤⋈⊥⊤∈⊞⋈⋈⋈⋈⋈⋈⋈⋈⊙⋈⋈≻⋈⋈⋈⋈⊙⋈⋈≻⋈⋈⋈⋈⊙⋈⋈⋈≻⋈⋈⊞⋈⋈⋈∈⊤∈⋈⊞⊞∈⊤∈⋈⋈⊤∈⋈⊞∈⋈⊞⋈⊙⋈⋈≺⊤⋈∈∋⊤⋈⊥⊤∈⋈⊡∈⊤∈⊞⊞⋈⊤∈⋈⋈⊞⊤∈∋∈∋⊞∋⋈⊞⊡∈⋈⊞⋈⊞⊡⋈⊥⊤∈∋⊤∈⋈⋈⋈≺∋⊤⋈⊥⊤∈∋∋∋∋∋⋈⋈⊞≻∋⋈⋈⋈≻⋈⊡∈⊤∈⊞⊞⋈⊤∈⋈⊤⋈∈∋∈∋⋈∋⊤∈⋈⊞⊡∈⋈⊞⋈⊞⊡⋈⊥⊤∈∋⊤∈∋⋈⊞≺∋⊤⋈⊥⊤∈⋈⊡∈⊤∈⊞⊞⋈⊤∈⋈⊤⋈∈∋∈∋⋈∋⊤∈⋈⊞⊡∈⋈⊞⋈⊞⊡⋈⊥⊤∈∋⊤∈∋⋈⊞≺∋⋈⊤⋈⊥⊤⋈∈⋈⊡∈⊤∈⊞⊞⋈⊤∈⋈⊤⋈∈∋∈∋⋈∋⊤∈⋈⊞⊡∈⋈⊞⋈⊞⊡⋈⊥⊤∈∋⊤∈∋∋∋⋈⋈⋈≻∋⋈⊞≺∋⋈⊤∈⊞⋈⊤∈⊞⋈⊞⊞⊡∈⋈⋈⋈⋈⊞⊞⊤∈∋⊤∈⊤∈⋈⊞≺∋∋⋈⊞⊤∈∋⋈⋈⋈⋈⋈≺∋⊤∈⊞≺⋈⊞⊞⊡∈⋈⋈⊞⋈⊞⋈⊞⊤∈∋⊤∈⋈⊤∈⋈⊞⋈≺∋∋⋈⊤⊥⊤∈∋∋∋⋈⋈⊞⋈≻∋⋈⋈⊞≻∋⋈⋈⋈≻⊞⊡∈⊤∈⋈⊞⋈⊤⊥⊞⋈⊤⋈∈∋⊥⊞≺∋⊤∈⊤∈⊞≺⋈⊤∈⊤∈⋈⊤∈∋⊤∈∋⋈⋈⊡∈⊤∈⊤∈⋈⋈⋈⋈⋈⊙⋈⋈⋈≺∋⊞⊤∈⋈⊞⋈⊞⊤∈∋⊡⋈⊞⋈⊞⋈⊙⋈⋈≺≺∋∋∋∋⊤∈∋∋∋⋈⋈⋈≺∋⊤∈∋⋈⋈⋈≻⊤∈∋⋈⋈⋈≻∋⋈⋈⋈≻∋⋈⋈⊞⋈≻∋⋈⋈⋈≻∋⋈⋈⋈≻∋⋈⋈⋈≻∋⋈≺∋⊞⋈⋈≻∋⋈⋈⋈≻∋⋈⋈≻∋⋈⋈⋈≻∋∋∋∋⋈⋈⋈≻∋⋈⋈≻∋⋈⋈⋈≻⋈⋈⋈⊤⊥⊤⊥⊞∈⋈⋈≺⋈⋈⋈⋈⊞⋈⋈⋈⋈⊡∈⋈⋈⋈⋈⋈⋈⋈≺∋∋⋈⊞⋈⊞⊤⊥⋈⋈⊥⊥⊞⋈⋈⋈⋈⋈⋈∋∋∋⋈⋈⋈⋈⋈⋈≻⊞⋈⋈⋈⋈⋈⋈⊣
0x3ed4c0	⊢⋈⋈⋈⋈⋈⋈⋈⊞⋈⋈⊞⋈⊞⊞⋈⋈⊞⋈⊞⋈⊤⊥⋈⊞⋈⋈⊤∈⋈⊞⊤∈⋈≺⋈⊞⊤∈⋈⊞⊤⊥⋈⊥⋈⋈⊞⊞⊞⊤∈⋈∋∋⋈⊞⊞⊞⋈≺∋⋈⊞⊤∈∋⊤∈⋈⋈⊞⊤⊥⋈⊥⊤⋈⊥⊥⋈⊤∈⋈⋈≺∋⋈⋈≺⋈⋈⋈⋈⋈⊞⋈≺⊤⋈⋈⊥⋈⊥⊤⊥⊥⊤∈⋈⊤∈∈⋈⊞⋈⊞⊞⋈⊞⊞⋈⋈⊞⋈⊞⋈⋈⋈⊤∈⋈⊞⋈⊞⋈⋈⋈⊤∈⋈⋈⋈⊞⋈⋈⊞⋈⊞⊞⊞⊞⋈⊞⊞⊞⋈⊤∈⊞⋈⋈⋈⊞⊞⊞⋈⋈⋈⊞⊞⊞⋈⊞⋈⋈⊞⋈⊞⋈⋈⊞⋈⊞⋈⊞⋈⋈⋈⊤⋈⋈⋈⋈⋈∈⊤∈⊤∈⊤⊥⋈⋈⊥⊞⊤⊥⋈⋈⊥⊞≺⊤⊥⋈⋈⊥⊞≺⊤∈⊤⊥⋈⋈⊥⊞≺⊞⊤⊥⋈⊞≺∋∋∋∋⋈⊞⋈⋈⋈⋈⊞⋈⋈⊞⊞⋈⋈⋈⊞⋈⊞⋈⊞⊞⋈⋈∈⋈⊞⊞⊞⋈⋈⊞⋈⋈⋈⊞∈⋈⊤∈⋈⋈⋈⋈⊡∈⊤∈⋈⋈⊞⋈⋈⊞⊞⋈⊞⋈⊞⋈⋈⊞⋈⊞∈∋⊞⊞⋈⊞⊤⊥⋈⊞∈⊤∈⊞⋈⊞⊞⋈⊞⊞⋈⋈⊞⋈⊞⊞⊞⊞∈⋈⊤∈⋈⊤∈⊞∋∋⋈∋⋈⊞⊥⊤∈⊞⊞⋈⊤∈∋≺∋∋⋈⊞∈⊤∈∋⋈⋈⊤⋈∈⊞⊞⋈∈⊤∈⋈⋈⊤∈∋⊞⋈⊞⊤∈≺⋈⊞⊞⊞⊤⋈∈∋⋈≻∋⋈⊞⋈⊞⋈⊞⊤⊥⊤∈⊤∈∋⋈⋈≺⋈⋈⋈⋈⊞⊞⊞⊞⋈⊞⊞⊞⊞⊞⊞⊞⊞⋈⊡∈⋈⊤∈⋈⊤∈⊞⋈∋⊞⋈⊞⊥⊤∈⊞⊞⋈⊤∈∋≺∋∋∋⋈⊞∈⊤∈⊞⊞∈⊤∈∋∋⊤∈⋈⊞⊤∈≺∋∋∋∋∋∋∋∋⋈⋈⊞⋈⊞⊞⋈⋈⋈⊞⊞⋈⊞⊞⊞⊞⋈⊞⊥⊥⊞⋈⋈⋈⊞⊡⊡⊡⊡⊡⊡⊡⊡⊡⋈⋈⋈⊡⊡⊡⊡⊡⊡⊡⊡⊡⊡⋈⋈⊡⊡⊡⊡⊡⊡⊡⊡⊡⊡⊡⊡⊡⊡⊡⊡⊡⊡⊡⊡⋈⋈⊤∈⋈⊞⋈⋈⋈⋈≻⋈⋈≻⋈⋈≺∋≻⊤∈⋈⊞⋈⋈⋈≻⋈⋈≻⋈⋈⋈⊞⋈≺∋≻⋈⋈⋈⊙⋈⋈⊤⊥⊤∈⊤⋈∈⊞⊞⊞⊡∈⋈⋈⊞⊡⋈⊥⊤∈∋⊤∈⊤∈⋈⊞≺∋∋⋈⋈⊤⋈⊥⊤∈⊞⊡∈⊤∈⋈⊞⋈⊤⊥⊞⊤∈⋈⊤⋈∈∋⊥⊞⊤∈∋⋈⊞⋈≺∋⋈⊤∈⊤∈⊞⋈⊞⊞⊡∈⋈⋈⋈⋈⊞⊞⊤∈∋⊤∈⊤∈⋈⊞≺∋∋⋈⋈⊤∈⊤∈⊞⋈⊞⊞⊡∈⋈⋈⋈⋈⊞⊞⊤∈∋⊤∈⊤∈⋈⊞≺∋∋⋈⊤∈⊞⋈⊞⊞⊡∈⋈⋈⋈⋈⊞⊞⊤∈∋⊤∈⊤∈⋈⊞≺∋∋⋈⋈∋⋈⋈⋈⋈⋈⋈⋈⊙⋈⋈≻⋈⋈⋈⋈⊙⋈⋈≻⋈⋈⋈⋈⊙⋈⋈≻⋈⊤⋈⋈⊥⊤∈⋈⋈⋈⋈⊞≺∈⋈⋈⊡∈⊤∈⊞⊞⋈⊤∈⋈⋈⊞⊤∈∋∈∋⊞⋈∋⊤∈⋈⊞⊡∈⋈⊞⋈⊞⊡⋈⊥⊤∈∋⊤∈∋⋈⋈≺∋⋈⊤⋈⊥⊤∈⋈⊡∈⊤∈⊞⊞⋈⊤∈⋈⊤⋈∈∋∈∋⋈∋⊤∈⋈⊞⊡∈⋈⊞⋈⊞⊡⋈⊥⊤∈∋⊤∈∋⋈⊞≺∋⋈⊤⋈⊥⊤∈⋈⊡∈⊤∈⊞⊞⋈⊤∈⋈⊤⋈∈∋∈∋⋈∋⊤∈⋈⊞⊡∈⋈⊞⋈⊞⊡⋈⊥⊤∈∋⊤∈∋⋈⊞≺∋⋈⊤⋈⊥⊤∈⋈⊡∈⊤∈⊞⊞⋈⊤∈⋈⊤⋈∈∋∈∋⋈∋⊤∈⋈⊞⊡∈⋈⊞⋈⊞⊡⋈⊥⊤∈∋⊤∈∋⋈⊞≺∋⊤∈⊞⋈⋈⊤⋈⊥⊤∈⋈⊞⋈⊡∈⊤∈⋈⊞⋈⊤⊥⊞⋈⊤⋈∈∋⊥⊞≺∋⋈⋈⋈⊙⋈⊤⊥⊤∈⊤∈⊞⋈⊞⊞⋈⊡∈⋈⋈⊞⊡⋈⊥⊤∈∋⊤∈⊤∈⋈⊞≺∋∋⋈⋈⊤⊥⊤∈⊞⊡∈⊤∈⋈⊞⋈⊤⊥⊞⋈⊤⋈∈∋⊥⊞≺∋⊤∈⊤∈∋⊤∈⊤∈⋈⋈≻⋈⋈⊤⊥⊤∈⊞⊡∈⊤∈⋈⊤⋈∈∋∈≺⊤∈⊞⋈⊞⊞⊡∈⋈⋈⋈⋈⊞⊞⊤∈∋⊤∈⊤∈⋈⊞≺∋∋⋈⊤∈⊞⋈⊞⊞⊡∈⋈⋈⋈⋈⊞⊞⊤∈∋⊤∈⊤∈⋈⊞≺∋∋⋈⊤∈⊞⋈⊞⊞⊞∈⋈⋈⋈⋈⊞⊞⊤∈∋⊤∈⊤∈⋈⊞≺∋∋⋈⋈⊤⋈⊥⊤∈∋∋∋∋∋∋∋∋∋∋⋈⋈⊞≻∋⋈⊞⋈⊤∈∋∋⋈⋈⊡∈⊤∈⋈⋈⋈⋈⊙⊤∈⋈⊞⋈⊞⋈⋈⊤∈⋈⊞⊤∈∋⊡⋈⊞⋈⊞⋈⊙∋∋∋⊤∈∋∋⊤∈∋⋈⋈⋈≻∋∋⋈⋈⊞⋈≻∋⋈⋈⊞⋈≻∋∋∋∋⋈⋈⋈≻∋∋⋈⋈⋈⊞≻∋⋈⋈⊞⋈≻∋⋈⋈⋈≻∋⋈⋈⋈≻∋⋈⋈⋈≻∋∋∋∋∋∋∋∋⋈⋈⋈≻∋⋈≺∋⋈⋈≻∋⋈⋈≻∋⋈⋈⋈≻∋⋈⋈⋈⋈⋈⊤⋈∈⋈⋈⋈⋈⋈⊞⋈⋈⋈⋈⋈∋⋈⋈⊞⋈⊞⊤⊥⋈⋈⊥⊥⊞⋈⋈⋈⋈⋈⋈⋈⋈∋∋⋈⋈⋈⋈⋈⋈⋈≻⊞⋈⋈⋈⋈⋈⋈⊣
0x431330	⊢⋈⋈⋈⋈⋈⋈⋈⊞⋈⋈⋈⊞⋈⊞⊤⋈⊥⊤⊥⊤⋈⊥⊤∈⋈⊞⊞⊥⋈⊤⊥⊤∈≻∋⋈⋈⋈⋈≻⊤∈⋈⋈≻⋈⋈≻⋈≻⋈⋈⋈⋈⊞⋈⊤⊥⋈⋈⋈≻⋈⊞⋈⋈⋈⋈⋈⋈⊙⊞⊤⊥⋈⋈≻⊞⋈⋈⋈⋈⋈⋈⊣
0x43e500	⊢⋈⋈⋈⋈⋈⋈⋈⊞⋈⋈⋈⊞⋈⊞⊤⋈⊥⊤⊥⊤⋈⊥⊤∈⋈⊞⊞⊥⋈⊤⊥⊤∈≻∋⋈⋈⋈⋈≻⊤∈⋈⋈≻⋈⋈⊙⋈≻⋈⊞⋈⊤⊥⋈⋈⋈≻⋈⊞⋈⋈⋈⋈⋈⋈⊙⊞⊤⊥⋈⋈≻⊞⋈⋈⋈⋈⋈⋈⊣
0x43a9b0	⊢⋈⋈⋈⋈⋈⋈⊞⋈⊞⋈⊞⊤⋈⊥⊤⊥⊤⋈⊥⊤∈⋈⊤∈≻∋⋈⋈⊤∈⋈⋈⋈⋈≻⋈⋈⋈⊤∈⋈⋈≻∋⋈⊞∋⊞⊤⊥⋈⋈≻⋈⊞⋈⋈⋈⋈⋈⊙⊞⊤⊥⋈⋈≻⊞⋈⋈⋈⋈⋈⊣
0x436cb0	⊢⋈⋈⋈⋈⋈⋈⋈⊞⋈⋈⋈⊞⋈⊞⊤⋈⊥⊤⊥⊤⋈⊥⊤∈⋈⊞⊞⊥⋈⊤⊥⊤∈≻∋⋈⋈⋈⋈≻⊤∈⋈⋈≻⋈⋈⊙⋈≻⋈⊞⋈⊤⊥⋈⋈⋈≻⋈⊞⋈⋈⋈⋈⋈⋈⊙⊞⊤⊥⋈⋈≻⊞⋈⋈⋈⋈⋈⋈⊣
0x43e3e0	⊢⋈⋈⋈⋈⋈⋈⋈⊞⋈⋈⋈⊞⋈⊞⊤⋈⊥⊤⊥⊤⋈⊥⊤∈⋈⊞⊞⊥⋈⊤⊥⊤∈≻∋⋈⋈⋈⋈≻⊤∈⋈⋈≻⋈⋈⊙⋈≻⋈⊞⋈⊤⊥⋈⋈⋈≻⋈⊞⋈⋈⋈⋈⋈⋈⊙⊞⊤⊥⋈⋈≻⊞⋈⋈⋈⋈⋈⋈⊣
0x442000	⊢⋈⋈⋈⋈⋈⊤∈∈⋈⋈⊤∈⊞⊞⊤∈∋≺⊡∈⋈⋈⊤∈∋⊤∈⋈⊞⊞⊞⊞⊞⊞≺⋈⋈⋈⋈⋈⋈⋈⊞⋈⋈⊤∈⋈⋈≺∈∈⊞∈⋈⋈⊞⋈⋈⋈⋈⋈⋈≺⋈⊞⊞≺∈⊞⋈⊞∈⋈⋈⋈⋈⋈⋈⋈⋈⋈⋈⋈⋈⋈⊞∋⊤⋈⊥⋈⊤∈⋈⊡∈⊞⊤∈⋈⋈⋈⊤⊞∋⋈⋈⋈⋈⋈⊤∈⋈⋈⋈⋈⋈⋈⋈⋈⋈⋈⋈⋈⋈⋈⋈⊤∈∋≺∋∋⊤∈∋⊣⋈⊞⋈⊞⊞⊞⊞⊤∈⋈⋈≻⋈⋈⊤⊥⋈⊤⊥⊞⊤⊥⊞⊥⊤⊥≺∋⊞⊤∈⋈⊤∈⊞⋈⋈⋈⋈⋈⋈⋈⋈⋈⋈⋈⋈⋈⋈⋈⋈⋈⋈⊞⋈⋈⋈⊞⊞⊡∈⋈⋈⊤⋈⋈⋈⋈⋈⋈⋈⋈⊞⋈⋈⋈⊤∈∋∈⋈⊡∈⋈⊤⋈⋈⋈⋈⋈⋈⋈⋈⋈⊞⋈⊞∈∋≺∋⊤⋈⋈⋈⋈⋈⋈⋈⋈⊞⊤∈⋈⋈⋈⋈⋈⋈⋈⋈⋈⋈⋈⋈⋈⊞⊞⋈⊞⊞⊤∈∋∋⋈⋈⋈⋈⋈⋈⋈⋈⋈⋈⋈⋈⋈⋈⋈⋈⋈⋈⋈⊞⋈⋈⋈⊞⊞⊡∈⋈⋈⋈⊤⋈⋈⋈⋈⋈⋈⋈⊞⋈⋈⋈⊤∈∋∈⋈⊡∈⋈⋈⊤⋈⋈⋈⋈⋈⋈⋈⋈⊞⋈⊞∈∋≺∋⊤⋈⋈⋈⋈⋈⋈⋈⋈⊞⊤∈∋⊣⋈⋈⋈⋈⋈⋈⋈⋈⋈⋈⋈⋈⋈⋈⋈⊞⋈⊞⊞⋈⋈⋈≻⋈⊤∈∋∋∋⋈⋈⊞⋈⋈⋈⋈⋈⋈≺⋈⋈⋈⋈⋈⋈⋈⊞⊤∈⋈⋈⋈⊞⊤∈⋈⋈⋈⋈⋈⋈⋈⋈⋈⋈⋈⋈⋈⊞⊞⊤⊥⊥⋈⋈⊤⋈⋈⋈⋈⊥⋈⊥⋈⋈⋈⊤⋈⊥⊤⊥⊥⊥⊤⊥⊥⋈⊤⋈⊥⊥⋈⋈⋈⋈⋈⋈⋈⋈⋈⋈⋈⋈⋈⋈⋈⋈⋈⊞⊞⊤⊥⊥⋈⊞⋈⊞⊤⋈⋈⋈⋈⊥⊥⋈⋈⊤⋈⊥⋈⊤⋈⊥⊥⋈⊥⊤⊥⊥⋈⋈⊤⋈⋈⊥⋈⊥⋈⋈⋈⋈⋈⋈⋈⋈⋈⋈⋈⋈⋈⋈⋈⋈⋈≺∋⋈⊞⊤∈⋈⋈⋈⋈⋈≺∈⊞⋈⋈⋈⋈⋈⋈⋈⊤∈⊞⋈⋈⋈⊡∈⋈⋈⋈⋈⊤∈⋈⋈⊤⋈∈∋⋈⊞≺∋⋈⋈⋈∋⊤⋈⊞⊞⊤∈∋∋⋈⋈⋈⊞⊤∈⊞⋈⋈⋈≺∈⊞⋈⋈⋈⋈⋈⋈⋈⊤∈⊞⋈⋈⋈⊡∈⋈⋈⋈⋈⊤∈⋈⋈⊤⋈∈∋⊞≺∋⋈⋈⋈∋⊤⋈⊞⊞⊤∈∋∋⋈⋈⊞⋈⊞⋈⋈⋈⊡∈⋈⋈⋈⊞⊤⋈⊥⊥⋈⋈⊥⋈⋈⊤⋈⊞⊤⋈⊥⋈⋈⊞⋈⊞⋈⋈⋈⋈⋈⋈⋈⋈⊞⊞∈∋⊞⊤∈⋈⋈⊤⋈⊥⋈⋈⋈⋈⊥⊥∋⊤∈⊞⊤∈∋≻⊣∋⊞⋈⋈⋈⋈⋈⋈⊣⊞⊞⊤∈∋≺∋∋⊤∈⋈⊞⋈⋈⋈⊞⊡∈⋈⋈⋈⋈⋈⋈⋈⋈⋈⋈⋈⋈⊞⊞⊤∈∋∋⊣
0x426e40	⊢⋈⋈⋈⋈⋈⊞⋈⋈≻⋈⊞∈⋈⋈⋈⋈∈⋈⋈⋈⋈⋈≻⋈⊤∈∋⋈⊞⋈⋈⋈⋈⊙≺∋⊞⋈⋈⋈⋈⊣
0x442c40	⊢⋈⋈⋈⋈⋈⋈⊞⋈⋈⋈≻⋈⊞∈⋈⋈⋈∈⋈⋈⋈⋈⋈⋈≻⋈⊤∈∋⋈⊞⋈⋈⋈⋈⋈⊙≺∋⊞⋈⋈⋈⋈⋈⊣
0x441d90	⊢⋈⋈⋈⋈⋈⊞⋈⋈≻⋈⊞∈⋈⋈⋈∈⋈≺⋈⋈⋈⋈⋈⊞≻⊤∈⋈⋈⋈⊙≺⊞⋈⋈⋈⋈⋈⋈⋈⋈⋈⋈⋈⊙⊤∈⊙⋈⊞⊞⋈⋈⋈⋈⋈⊙⋈≺∋∋⋈⊤∈∋⊞⋈⋈⋈⋈⊣∋⋈⊞⋈⋈⋈⋈⊙
0x4332f0	⊢⋈⋈⋈⋈⋈⋈⋈⋈⋈⋈⊤∈⊞⋈⊞⋈⊞⋈⋈≻⋈⋈⋈⋈⋈≻⋈⊞⊞⋈⋈⋈⋈≻⋈⋈∋⋈⋈⊤⊥⋈⊤⊥⊞⊤⊥⊞⊥⊤⊥⋈⊞⋈⋈⋈⋈⋈⋈⊣
0x43fb20	⊢⋈⋈⋈⋈⋈⋈⋈⋈⋈⋈⊤∈⊞⋈⊞⋈⊞⋈⋈≻⋈⋈⋈⋈⋈≻⋈⊞⊞⋈⋈⋈⋈≻⋈⋈∋⋈⋈⊤⊥⋈⊤⊥⊞⊤⊥⊞⊥⊤⊥⋈⊞⋈⋈⋈⋈⋈⋈⊣
0x43bc50	⊢⋈⋈⋈⋈⋈⋈⋈⋈⋈⋈⊤∈⊞⋈⊞⋈⋈⊞⋈⋈≻⋈⋈⋈⋈⋈≻⋈⊞⊞⋈⋈⋈⋈≻⋈⋈∋⋈⋈⊤⊥⋈⊤⊥⊞⊤⊥⊞⊥⊤⊥⋈⊞⋈⋈⋈⋈⋈⋈⊣
0x438f60	⊢⋈⋈⋈⋈⋈⋈⋈⋈⋈⋈⊤∈⊞⋈⊞⋈⊞⋈⋈≻⋈⋈⋈⋈⋈≻⋈⊞⊞⋈⋈⋈⋈≻⋈⋈∋⋈⋈⋈⋈⊤∈⊥⊤⊥⊞⋈⋈⊤∈⊥⊤⊥⊞⊤∈⊤⋈∈≺⋈⋈⋈⊤∈∈⊤∈∋∋∋⋈⊤∈⊥⊤⊥⊞∋⊞⊥⋈≺∋∋∋∋⋈⊞⋈⋈⋈⋈⋈⋈⊣
0x442b80	⊢⋈⋈⋈⋈⋈⋈⋈⋈⋈⋈⊤∈⊞⋈⊞⋈⋈⊞⋈⋈≻⋈⋈⋈⋈⋈≻⋈⊞⊞⋈⋈⋈⋈≻⋈⋈∋⋈⋈⊤⊥⋈⊤⊥⊞⊤⊥⊞⊥⊤⊥⋈⊞⋈⋈⋈⋈⋈⋈⊣
0x440ef0	⊢⋈⋈⋈⋈⋈⋈⋈⋈⋈⋈⊤∈⊞⋈⊞⋈⊞⋈⋈≻⋈⋈⋈⋈⋈≻⋈⊞⊞⋈⋈⋈⋈≻⋈⋈∋⋈⋈⊤⊥⋈⊤⊥⊞⊤⊥⊞⊥⊤⊥⋈⊞⋈⋈⋈⋈⋈⋈⊣
0x438e00	⊢⋈⋈⋈⊤∈⋈⊥⊤⊥⊞∋⋈⋈⊤∈⋈⋈⋈⊤⊥⊤⊥⊞⊥⋈⊞⋈⋈≺∋⋈⊞⋈⊞⊞⊞⋈⊞⊞⋈⋈⋈⊤∈⋈⊥⊤⊥⊞∋⋈⋈⊤∈⋈⊥⊤⊥⊤⋈⊥⊤⊥⊥⊥⊤⊥⊥⋈⋈⋈⊤⋈⊥⊥≺∋⋈⊤∈⊥⋈⊤⊥⊤⋈⊥⊥⋈∋⋈⋈⋈⋈⋈⋈⋈⋈⋈⋈⋈⋈⋈⋈⋈⋈⊣
0x440b70	⊢⋈⋈⋈⋈⋈⋈⋈⋈⋈⋈⊞⊞⊤⊥⊥⊞⊤⊥⊞⋈⊞⋈⋈⊞⋈⊞⊞⊞⋈⋈⋈⊤⋈⊥⊤⊥⊥⋈⊥⊤⊥⊥⋈⊤⋈⊥⊥⋈⋈⋈⋈⋈⋈⋈⋈⋈⋈⊞⊞⊤⊥⊥⊞⊤⊥⊞⋈⊞⊞⋈⊞⋈⊞⋈⊞⊞⊞⋈⋈⋈⊤⋈⊥⊤⊥⊥⊥⊤⋈⊥⊥⋈⊤⋈⊥⊥⋈⋈⋈⋈⋈⋈⋈⋈⋈⋈⊞⊞⊤⊥⊥⊥⋈⋈⋈⋈⊞⊤⋈⊞⊤⋈⊞⋈⋈⊤⊥⊞⋈⊞⊞⋈⋈⊞⊞⋈⊞⊞⊤⋈⊥⊥⋈⊥⋈⋈⋈⋈⊤⋈⊞⊤⋈⋈⋈⊥⋈⊞⊞⋈⊞⋈⋈⊞⊞⋈⊞⊞⊤⋈⊥⊥⋈⊥⋈⋈⋈⋈⊤⋈⊞⊤⋈⊞⊞⊞⊤⋈⊥⊞⋈⊞⋈⋈⋈⊞⊞⋈⊞⊞⊤⊥⊥⋈⊥⋈⋈⋈⋈⊤⋈⊞⊤⊞⊞⊞⊤⋈⊥⋈⋈⊞⊞⊞⊞⊞⊤∈⋈⊞⊞⊞⋈⊞⊤∈∋≻⊞⋈⋈⋈⋈⋈⋈⊣
0x431470	⊢⊞⊞⋈⋈⋈≺∈⋈⋈⊤∈⋈⋈⋈⋈⊡∈⋈⋈⋈⋈⋈⊤∈⊞⋈⋈⊤∈∋⊞⊞≺∋⋈⋈⋈⋈∋⋈⊞⋈⊤∈∋⊣
0x436dd0	⊢⋈⋈⊞⊞⋈⊞⋈≺∈⋈⋈⋈⋈⊤∈∈⊤∈∋⋈⋈⋈⋈⋈⋈⋈⊤∈⋈≺∈⋈⋈⊞⊤∈∈⊤∈∋⋈⋈⋈⋈⊞∈∋⋈≺∋∋∋⋈⋈⋈⋈∋∋⋈⊞⊤∈∋⋈⋈⊣
0x432390	⊢⋈⋈⋈⋈⋈⋈⋈⊞⋈⋈⋈⋈⋈⊞⊞⊤⊞⋈⊤⋈⋈∈⊞⊞⋈⊞⊞⊞⋈⊞⊞⊞⊞⋈⊞⋈⊞⊤⋈⊥⋈≺∋⋈⋈⋈⋈⋈⋈⋈⊞⋈⋈⊞⊞⋈⋈⋈⋈⊡∈⋈⊞∈⊞⋈⋈⊤∈≺⋈⊞⋈⋈⊤∈⊤∈⋈⋈⊤∈⋈⊤∈⋈⋈⋈⋈⋈⋈⊞∈⋈⋈⊤∈⊞⊞⊤∈∋≺⋈⊤∈⋈⋈⋈⋈⋈⊡∈⋈⋈⊤∈⊞⊞⊤∈∋∋⋈∋∋⊤⋈⋈∈⊤∈⋈⋈⊤∈∋∋⋈⊡⋈⋈⊞≺⋈⋈∋⋈⊞⋈⊞⊞⊞⊡∈⋈⋈⋈⋈⋈⋈⋈⋈⋈⋈⋈⋈⋈⋈⋈⋈⊞⊞⊞∈∋⋈⋈≺⋈≺∋⊤∈⋈⋈⊤⊥⊞≺⋈⊤⋈⊥⋈⊞⊞⋈≻⋈⋈⋈⋈⋈≺∋∋∋∋⋈⊞⋈⊞⋈⊞⋈⋈⊞⊞⊞⋈⊞⊞⊤∈∋⋈⊞⋈⊞⋈⊞⋈⋈⋈≺∈∈⊤∈⊞⋈⋈⊞⋈⊞⋈⊤∈⋈⊞⊞∈∋⊞⊞⊞⊤⋈⋈∈⋈⊞⊞⊞⊞⊞⋈⋈⋈⊞≻⋈⋈⋈⋈⋈⋈⊤∈⊤∈∋⋈⋈⊞⊞⋈⊞⊞⊞⊞⊞⋈⊞≻⋈⋈⋈⋈⋈⋈⊤∈∋⊤∈∋⊤∈⊤⋈⊥⊤∈⋈⋈⊞⊞⊤⋈⊥⊞⋈⋈⊙⋈⊞⊤∈⋈⋈⊡∈⋈⋈⊞⊞⊤⊥⊥⋈⊥⋈⋈⋈⋈⊞⊞⊞⊤∈⋈⊞⊞⊤∈∋≺⋈⊡∈⋈⋈⋈⊞⊞⊤⊥⊥⊥⋈⋈⋈⋈⊞⊞⊞⊞⊞⊞⊤∈⊞⊤∈∋≺∋⋈⋈∋∋⊞⋈⋈⊙⋈⋈⋈⋈⋈≺∋∋∋∋⋈⋈⊤∈∋⊞⋈⊤∈∋≺∋⋈∋∋∋⋈⋈⊤∈⊤∈⊞⋈⋈⋈⋈⋈⋈⊣⋈⋈⊞⊞⊞⊞⊞⋈⊞⊞⋈⋈⋈⋈⋈⋈≺⋈⋈⋈⋈⋈⋈⋈⊞⋈⋈⋈⋈⊤∈⋈⋈⋈⋈∈⋈⋈⊡∈⊞∈⋈⋈⋈⋈⋈≻≺⋈⋈⊞⋈⊞⊞⊞⊞⊤∈⋈⋈≻⋈⋈⊤⊥⋈⊤⊥⊞⊤⊥⊞⊥⊤⊥≺∋⋈⊞⊞⋈⋈⋈⋈⊤∈⋈⋈⊤∈∋⊤∈⋈⊞⋈⋈⊞⋈⊞⊞⊞⋈⋈⋈∈⋈⊞⊞⊤∈⊞∈⋈⊞⋈⊞⊤⋈⊥⋈⋈⋈⋈⊞⊞⊤∈∋∋⊤∈⋈⋈⊞⋈⋈⊙⋈⊞∈⋈⊞⊞⋈⊡∈⋈⋈⋈⋈⊞⊞⊞∈∋∋⊤⋈⋈∈∋⊤∈⋈⊞⋈⋈⊞⋈⊞⊞⊞⊡∈⋈⊞⊞⊤∈∈⋈⊞⋈⊞⊤⋈⊥⋈⋈⋈⋈⊞⊞⊤∈∋∋⊤∈⋈⊞⋈⋈⋈⊙⋈⊞∈⋈⊞⊞⋈⋈⊡∈⋈⋈⋈⋈⊞⊞⊞∈∋⊤∈⋈⋈⋈⋈≻⋈⋈⋈⋈⊙⋈≻⋈⋈⊤⋈⋈⋈∈∋≺⊞⋈⊞⋈⋈⋈⋈⊞⊞⋈≺∋⊤∈⋈⋈⋈≻⋈⊞⋈⋈⋈⋈⋈⋈⋈≻⋈⋈⊤∈∋≺⋈⊞⋈⋈⋈⋈⊞⊞⋈≺∋∋∋⊤∈⋈⊞⊤⋈⋈∈⋈⋈⋈⋈⋈⊞⋈⋈⋈⋈⋈⋈⋈⊞⊞⊤⊥⊥⊞⊤⊥⊞⋈⊞⋈⋈⊞⋈⊞⊞⊞⋈⋈⋈⊤⋈⊥⊤⊥⊥⋈⋈⊥⊤⊥⋈⊥⋈⊤⋈⊥⊥⋈⊞⋈⋈⊞⊞⋈⊤⋈⋈⊥⊥⊞⋈⊤⊥⊞⊞⋈⋈⊞⋈⊞⊞⊞⋈⋈⋈⊤⋈⊥⊤⋈⋈⊥⊥⊥⊤⋈⋈⋈⋈⋈⊥⋈⊥⋈⋈⋈⊤⋈⋈⋈⊥⋈⊥⋈⋈⋈⋈⋈⋈⋈⋈⋈⋈⋈⋈⋈⋈⋈⋈⋈⋈⋈⋈⋈⋈⋈⋈⋈⋈≺∋⋈⊞⊤∈⋈⋈⊞⋈≺∈⋈⋈⊞⋈⋈⋈⋈⋈⊤∈⋈⊞⋈⋈⊡∈⋈⋈⋈⋈⋈⊤∈⊞⋈⋈⊤∈∋⊞⊞≺∋⋈⋈⋈⋈∋⊤⋈⊞⊞⊤∈∋∋⋈⊞⋈⊤∈⊞⋈⋈⊞≺∈⋈⋈⊞⋈⋈⋈⋈⋈⊤∈⋈⊞⋈⋈⊡∈⋈⋈⋈⋈⋈⊤∈⊞⋈⋈⊤∈∋⊞⊞≺∋⋈⋈⋈⋈∋⊤⋈⊞⊞⊤∈∋∋⋈⊞⋈⊞⋈⋈⋈⋈⋈≺∈⋈⊞⊞⋈⊤⊥⊥∈⋈∋⋈⋈⋈⋈⋈⋈⊤⋈⊞⋈⊤∈⋈≺∋⋈⋈⋈⊞⊞⊞⋈⋈⊞⊞⊞⋈⋈⋈⋈⊞⊞⊞⊞⊞⊡⋈∈∋⊞⊤∈⊞⊞⊤⊥⊥⋈⊥⋈⋈⋈⋈⊞⊞⊞⊞∋⊤∈⊞⊤∈∋∋≻∋∋⊣∋∋∋⊞⋈⋈⋈⋈⋈⋈⊣⊞⋈⋈⊞⊞≺∋
0x43ebc0	⊢⋈⋈⋈⋈⋈⋈⋈⊞⋈⋈⋈⋈⋈⊞⊞⊤⊞⋈⊤⋈⋈∈⊞⊞⋈⊞⊞⊞⋈⊞⊞⊞⊞⋈⊞⋈⊞⊤⋈⊥⋈≺∋⋈⋈⋈⋈⋈⋈⋈⊞⋈⋈⊞⊞⋈⋈⋈⋈⊡∈⋈⊞∈⊞⋈⋈⊤∈≺⋈⊞⋈⋈⊤∈⊤∈⋈⋈⊤∈⋈⊤∈⋈⋈⋈⋈⋈⋈⊞∈⋈⋈⊤∈⊞⊞⊤∈∋≺⋈⊤∈⋈⋈⋈⋈⋈⊡∈⋈⋈⊤∈⊞⊞⊤∈∋∋⋈∋∋⊤⋈⋈∈⊤∈⋈⋈⊤∈∋∋⋈⊡⋈⋈⊞≺⋈⋈∋⋈⊞⋈⊞⊞⊞⊡∈⋈⋈⋈⋈⋈⋈⋈⋈⋈⋈⋈⋈⋈⋈⋈⋈⊞⊞⊞∈∋⋈⋈≺⋈≺∋⊤∈⋈⋈⊤⊥⊞≺⋈⊤⋈⊥⋈⊞⊞⋈≻⋈⋈⋈⋈⋈≺∋∋∋∋⋈⊞⋈⊞⋈⊞⋈⋈⊞⊞⊞⋈⊞⊞⊤∈∋⋈⊞⋈⊞⋈⊞⋈⋈⋈≺∈∈⊤∈⊞⋈⋈⊞⋈⊞⋈⊤∈⋈⊞⊞∈∋⊞⊞⊞⊤⋈⋈∈⋈⊞⊞⊞⊞⊞⋈⋈⋈⊞≻⋈⋈⋈⋈⋈⋈⊤∈⊤∈∋⋈⋈⊞⊞⋈⊞⊞⊞⊞⊞⋈⊞≻⋈⋈⋈⋈⋈⋈⊤∈∋⊤∈∋⊤∈⊤⋈⊥⊤∈⋈⋈⊞⊞⊤⋈⊥⊞⋈⋈⊙⋈⊞⊤∈⋈⋈⊡∈⋈⋈⊞⊞⊤⊥⊥⋈⊥⋈⋈⋈⋈⊞⊞⊞⊤∈⋈⊞⊞⊤∈∋≺⋈⊡∈⋈⋈⋈⊞⊞⊤⊥⊥⊥⋈⋈⋈⋈⊞⊞⊞⊞⊞⊞⊤∈⊞⊤∈∋≺∋⋈⋈∋∋⊞⋈⋈⊙⋈⋈⋈⋈⋈≺∋∋∋∋⋈⋈⊤∈∋⊞⋈⊤∈∋≺∋⋈∋∋∋⋈⋈⊤∈⊤∈⊞⋈⋈⋈⋈⋈⋈⊣⋈⋈⊞⊞⊞⊞⊞⋈⊞⊞⋈⋈⋈⋈⋈⋈≺⋈⋈⋈⋈⋈⋈⋈⊞⋈⋈⋈⋈⊤∈⋈⋈⋈⋈∈⋈⋈⊡∈⊞∈⋈⋈⋈⋈⋈≻≺⋈⋈⊞⋈⊞⊞⊞⊞⊤∈⋈⋈≻⋈⋈⊤⊥⋈⊤⊥⊞⊤⊥⊞⊥⊤⊥≺∋⋈⊞⊞⋈⋈⋈⋈⊤∈⋈⋈⊤∈∋⊤∈⋈⊞⋈⋈⊞⋈⊞⊞⊞⋈⋈⋈∈⋈⊞⊞⊤∈⊞∈⋈⊞⋈⊞⊤⋈⊥⋈⋈⋈⋈⊞⊞⊤∈∋∋⊤∈⋈⋈⊞⋈⋈⊙⋈⊞∈⋈⊞⊞⋈⊡∈⋈⋈⋈⋈⊞⊞⊞∈∋∋⊤⋈⋈∈∋⊤∈⋈⊞⋈⋈⊞⋈⊞⊞⊞⊡∈⋈⊞⊞⊤∈∈⋈⊞⋈⊞⊤⋈⊥⋈⋈⋈⋈⊞⊞⊤∈∋∋⊤∈⋈⊞⋈⋈⋈⊙⋈⊞∈⋈⊞⊞⋈⋈⊡∈⋈⋈⋈⋈⊞⊞⊞∈∋⊤∈⋈⋈⋈⋈≻⋈⋈⋈⋈⊙⋈≻⋈⋈⊤⋈⋈⋈∈∋≺⊞⋈⊞⋈⋈⋈⋈⊞⊞⋈≺∋⊤∈⋈⋈⋈≻⋈⊞⋈⋈⋈⋈⋈⋈⋈≻⋈⋈⊤∈∋≺⋈⊞⋈⋈⋈⋈⊞⊞⋈≺∋∋∋⊤∈⋈⊞⊤⋈⋈∈⋈⋈⋈⋈⋈⊞⋈⋈⋈⋈⋈⋈⋈⊞⊞⊤⊥⊥⊞⊤⊥⊞⋈⊞⋈⋈⊞⋈⊞⊞⊞⋈⋈⋈⊤⋈⊥⊤⊥⊥⋈⋈⊥⊤⊥⋈⊥⋈⊤⋈⊥⊥⋈⊞⋈⋈⊞⊞⋈⊤⋈⋈⊥⊥⊞⋈⊤⊥⊞⊞⋈⋈⊞⋈⊞⊞⊞⋈⋈⋈⊤⋈⊥⊤⋈⋈⊥⊥⊥⊤⋈⋈⋈⋈⋈⊥⋈⊥⋈⋈⋈⊤⋈⋈⋈⊥⋈⊥⋈⋈⋈⋈⋈⋈⋈⋈⋈⋈⋈⋈⋈⋈⋈⋈⋈⋈⋈⋈⋈⋈⋈⋈⋈⋈≺∋⋈⊞⊤∈⋈⋈⊞⋈≺∈⋈⋈⊞⋈⋈⋈⋈⋈⊤∈⋈⊞⋈⊞⋈⊡∈⋈⋈⋈⋈⋈⊤∈⊞⋈⋈⊤∈∋⊞⊞≺∋⋈⋈⋈⋈∋⊤⋈⊞⊞⊤∈∋∋⋈⊞⋈⊤∈⊞⋈⋈⊞≺∈⋈⋈⊞⋈⋈⋈⋈⋈⊤∈⋈⊞⋈⊞⋈⊡∈⋈⋈⋈⋈⋈⊤∈⊞⋈⋈⊤∈∋⊞⊞≺∋⋈⋈⋈⋈∋⊤⋈⊞⊞⊤∈∋∋⋈⊞⋈⊞⋈⋈⋈⋈⋈≺∈⋈⊞⊞⋈⊤⊥⊥∈⋈∋⋈⋈⋈⋈⋈⋈⊤⋈⊞⋈⊤∈⋈≺∋⋈⋈⋈⊞⊞⊞⋈⋈⊞⊞⊞⋈⋈⋈⋈⊞⊞⊞⊞⊞⊡⋈∈∋⊞⊤∈⊞⊞⊤⊥⊥⋈⊥⋈⋈⋈⋈⊞⊞⊞⊞∋⊤∈⊞⊤∈∋∋≻∋∋⊣∋∋∋⊞⋈⋈⋈⋈⋈⋈⊣⊞⋈⋈⊞⊞≺∋
0x43ad70	⊢⋈⋈⋈⋈⋈⋈⋈⊞⋈⋈⋈⋈⋈⊞⊞⊤⊞⋈⊤⋈⋈∈⊞⊞⋈⊞⊞⊞⋈⊞⊞⊞⊞⋈⊞⋈⊞⊤⋈⊥⋈≺∋⋈⋈⋈⋈⋈⋈⋈⊞⋈⋈⊞⋈⊞⋈⋈⋈⊡∈⋈⊞∈⊞⋈⊤∈≺⋈⋈⋈⊤∈⊤∈⋈⋈⊤⋈∈⋈⊤∈⋈⋈⋈⋈⋈⊡∈⋈⋈⊤∈⊞⊞⊤∈∋≺⊤∈⋈⋈⋈⋈⋈⊡∈⋈⋈⊤∈∋⋈⊞⊞⊤∈∋∋⋈⋈≺∋⊤⋈∈⊤∈⋈⋈⊤∈∋∋⋈⊡⋈⋈⊞≺⋈⋈⋈∋⋈⋈⋈⋈⋈⋈⊞⊡∈⋈⋈⋈⋈⋈⋈⋈⋈⋈⋈⋈⋈⊞⊞⊞∈∋⋈⋈≺⋈≺∋⊤∈⋈⊤⊥⊞≺⊤⋈⊥⋈⋈⊞⋈⊞≻⋈⋈⋈⋈⋈≺∋∋∋∋⋈⊞⋈⊞⋈⊞⋈⋈⊞⊞⊞⋈⊞⊞⊤∈∋⋈⋈⋈⊞⋈⊞⋈⋈⋈⋈≺∈∈⊤∈⊞⋈⋈⊞⋈⊞⋈⊤∈⋈⊞⊞∈∋⋈⊞⋈⋈⋈⊤⋈⋈∈⋈⊞⊞⊞⊞⊞⋈⋈⋈⊞≻⋈⋈⋈⋈⋈⋈∋⊤∈⋈⋈⋈⋈⊞⊞⊞⊞⊞⋈⊞≻⋈⋈⋈⋈⋈⋈∋⊤⋈∈⊤∈⊤⋈⊥⊤∈⋈⋈⋈⊤⋈⊥⊞⋈⋈⋈⊙⋈⊞⊤∈⋈⋈⊡∈⋈⊞⊞⊤⊥⊥⋈⊥⋈⋈⋈⋈⋈⋈⊞⊤∈⋈⋈⋈⊤∈∋≺⋈⊞∈⋈⋈⋈⊞⊞⊤⊥⊥⊥⋈⋈⋈⋈⋈⋈⋈⋈⊞⊤∈⊞⊤∈∋≺∋⋈⋈∋∋⊞⋈⋈⊙⋈⋈⋈⋈⋈⋈∋∋∋⋈⋈⊤∈∋⊞⋈⊤∈∋≺∋⋈∋∋∋⋈⋈⊤∈⊤∈⊞⋈⋈⋈⋈⋈⋈⊣⋈⋈⊞⊞⊞⊞⊞⋈⊞⊞⋈⋈⋈⋈⋈⋈≺⋈⋈⋈⋈⋈⋈⋈⊞⋈⋈⋈⋈⋈⊤∈⋈⋈⋈∈⋈⊡∈⊞∈⋈⋈⋈⋈⋈≻≺⋈⋈⊞⋈⊞⊞⊞⊞⊤∈⋈⋈≻⋈⋈⋈⊤⊥⋈⊤⊥⊞⊤⊥⊞⊥⊤⊥≺∋⋈⊞⊞⋈⊞⋈⋈⋈⋈⊤∈⋈⋈⊤∈∋⊤∈⋈⋈⋈⋈⊞⋈⊞∈⋈⋈⊤∈⊡∈⊞⋈⊤⋈⋈⊥⋈⋈⋈⋈⊞⊞⊤∈∋∋⊤∈⋈⋈⋈⋈⋈⊙⋈⊞∈⋈⋈⋈⋈⋈⋈⊡∈⋈⋈⋈⋈⊞⊞⊞∈∋∋⊤⋈∈∋⊤∈⋈⋈⋈⋈⊞⋈⊞∈⋈⋈⊤∈⊡∈⋈⊞⊤⋈⊥⋈⋈⋈⋈⋈⊞⊞⊤∈∋∋⊤∈⋈⋈⋈⋈⋈⊙⋈⊞∈⋈⋈⋈⋈⋈⋈⋈⊡∈⋈⋈⋈⋈⊞⊞⊞∈∋⊤⋈∈⋈⋈⋈⋈≻⋈⊞⋈⋈⋈⊙⋈≻⋈⋈⊤⋈∈∋≺⊞⋈⋈⋈⋈⋈⊞⊞⋈≺∋⊤∈⋈⋈⋈≻⋈⋈⋈⋈⋈⋈⋈≻⋈⊤∈∋≺⋈⋈⋈⋈⋈⊞⊞⋈≺∋∋∋⊤∈⋈⊞⊤⋈∈⋈⋈⋈⋈⋈⋈⋈⋈⋈⋈⋈⋈⋈⊞⊞⊤⊥⊥⋈⋈⊤⋈⋈⋈⋈⊥⋈⊥⋈⋈⋈⊤⋈⊥⊤⊥⊥⋈⊥⊤⊥⊥⋈⊤⋈⊥⋈⊥⋈⋈⋈⋈⋈⋈⊞⊞⋈⊤⊥⊥⋈⋈⋈⊞⊞⋈⊤⋈⋈⋈⋈⊥⊥⋈⋈⊤⋈⊥⋈⊤⋈⊥⊥⊥⊤⋈⋈⋈⋈⋈⋈⋈⋈⋈⋈⋈⋈⋈⊥⋈⊥⋈⋈⋈⊤⋈⋈⊥⋈⊥⋈⋈⋈⋈⋈⋈⋈⋈⋈⋈⋈⋈⋈⋈⋈⋈⋈⋈⋈≺∋⋈⊞⊤∈⋈⋈⋈⋈≺∈⊞⋈⋈⋈⋈⋈⋈⋈⊤∈⊞⋈⋈⋈⊡∈⋈⋈⋈⋈⊤∈⋈⋈⊤⋈∈∋⊞≺∋⋈⋈⋈∋⊤⋈⊞⊞⊤∈∋∋⋈⋈⋈⊤∈⊞⋈⋈⋈≺∈⊞⋈⋈⋈⋈⋈⋈⋈⊤∈⊞⋈⋈⋈⊡∈⋈⋈⋈⋈⊤∈⋈⋈⊤⋈∈∋⊞≺∋⋈⋈⋈∋⊤⋈⊞⊞⊤∈∋∋⋈⋈⊞⋈⋈⋈⋈≺∈⋈⋈⊞⊞⋈⊤⊥⊥∈⋈∋⋈⋈⋈⋈⋈⋈⊤⋈⊞⋈⊤∈⋈≺∋⋈⋈⋈⋈⋈⋈⋈⋈⊞⋈⊞⋈⋈⋈⋈⋈⋈⋈⋈⊞⋈⊞∈∋⊞⊤∈⊞⊞⊤⊥⊥⋈⊥⋈⋈⋈⋈⋈⋈⋈⋈∋⊤∈⊞⊤∈∋∋≻∋∋⊣∋∋∋⊞⋈⋈⋈⋈⋈⋈⊣⊞⋈⊞⊞⋈≺∋
0x437ec0	⊢⋈⋈⋈⋈⋈⋈⋈⊞⋈⋈⋈⋈⋈⊞⊞⊤⊞⋈⊤⋈⋈∈⊞⊞⋈⊞⊞⊞⋈⊞⊞⊞⊞⋈⊞⋈⊞⊤⋈⊥⋈≺∋⋈⋈⋈⋈⋈⋈⋈⊞⋈⋈⊞⋈⊞⋈⋈⋈⊡∈⋈⊞∈⊞⋈⋈⊤∈≺⋈⊞⋈⋈⋈⊤∈⊤∈⋈⋈⊤∈⋈∈⊤∈∋⊤∈⋈⋈⋈⋈≺∈⋈⋈⊤∈⋈∈⊤∈∋⊞⊞⋈⊤∈∋⊞∋⊞≺⋈⊞≺∋⋈⋈⊤∈⋈⋈⋈⋈≺∈⋈⋈⊤∈∈⋈⊤∈∋⊞⊞⊤∈∋∋⋈≺∋∋∋⋈∋∋⊤⋈∈⊤∈⋈≺⋈⊤∈⋈⋈⊞⋈⊞⋈⊞⊞⊞⊡∈⋈⋈⋈⋈⋈⋈⋈⋈⋈⋈⋈⋈⋈⋈⋈⋈⊞⊞⊞∈∋⋈⋈⋈≺⋈∋∋∋⋈⋈≺∋⊤∈⋈⋈⋈⊤⊥⊞⊤⋈⊥⋈⋈⊞⊞≻⋈⋈⋈⋈⋈≺∋∋⋈⊞⋈⊞⋈⊞⋈⋈⊞⊞⊞⋈⊞⊞⋈⊤∈∋⋈⊞⋈⊞⋈⊞⋈⋈⋈≺∈∈⊤∈⊞⋈⋈⊞⋈⊞⋈⊤∈⋈⊞⊞∈∋⊞⊞⊞⊤⋈⋈∈⋈⊞⊞⊞⊞⊞⋈⋈⋈⊞≻⋈⋈⋈⋈⋈⋈⊤∈⊤∈∋⋈⋈⊞⊞⋈⊞⊞⊞⊞⊞⋈⊞≻⋈⋈⋈⋈⋈⋈⊤∈∋⊤∈∋⊤∈⊤⋈⊥⊤∈⋈⋈⊞⊞⊤⋈⊥⊞⋈⋈⊙⋈⊞⊤∈⋈⋈⊡∈⋈⋈⊤∈⋈⊥⊤⊥⊞⋈⊞⊤⋈⊥⋈⋈⋈⊞⋈≺∋⋈⋈⋈⋈⊞⊞⊞⊤∈⊞⊞⊤∈∋≺⋈⊡∈⋈⊞⋈⊞⋈⋈⊤∈⋈⊥⊤⊥⋈⊞∈⋈∋∋⋈⋈⋈⋈⋈⊞⋈⊞⊞⊞⊞⊤∈⊞⊤∈∋≺∋⋈⋈∋∋⊞⋈⋈⊙⋈⋈⋈⋈⋈≺∋∋∋∋⋈⋈⊤∈∋⊞⋈⊤∈∋≺∋⋈∋∋∋⋈⋈⊤∈⊤∈⊞⋈⋈⋈⋈⋈⋈⊣⋈⋈⊞⊞⊞⊞⊞⋈⊞⊞⋈⋈⋈⋈⋈⋈≺⋈⋈⋈⋈⋈⋈⋈⊞⋈⋈⋈⋈⋈⊤∈⋈⋈⋈∈⋈⋈⊡∈⊞∈⋈⋈⋈⋈⋈≻≺⋈⊞⋈⊞⊞⊞⊞⋈⊤∈⋈≻⋈⋈≺⋈⋈⋈⋈⊤∈⊥⊤⊥⊞⋈⋈⊤∈⊥⊤⊥⊞⋈⊤⋈∈⊡⋈⊤⋈⋈∈≺⋈⋈⋈⊤∈⋈⋈∈⋈⊤∈≺⋈≺∋∋∋⋈⊤∈⊥⊤⊥⊞∋⊞⊥⋈∋∋∋∋∋⋈⋈⊞⊞⋈⋈⋈⋈⊤∈⋈⋈⊤∈∈⋈⋈⊤∈∋∋⊤∈⋈⊞⋈⊞⋈⋈⋈⋈∈⋈⊞⊞≺∈⊤∈⊤∈⋈⋈⊞⋈⋈⊙⋈⋈⊞∈⋈⊞⊞⋈∈⋈⋈⋈⋈⊞⊞⊞∈∋∋⊤⋈∈∋∋⊤∈⋈⊞⋈⊞⊞⋈⊞∈⋈⊞⊞≺∈⊤∈⊤∈⋈⊞⋈⋈⋈⋈⊙⋈⋈⊞∈⊞⋈⊞⋈⋈⊡∈⋈⋈⋈⋈⊞⊞⊞∈∋⊤∈⋈⋈⋈≻⋈⋈⋈⋈⊙⋈≻⋈⋈⊤⋈⋈∈∋≺⊞⋈⊞⋈⋈⋈⋈⊞⊞⋈≺∋⋈⋈⊤∈⋈⊥⊤⊥⊞⊞⊤⋈⊥⋈⊞⊞⋈≺∋⊞⊞⋈⋈⋈⋈⊞⋈∋⊤∈⋈⋈⋈≻⋈⊞⋈⋈⋈⋈⋈⋈≻⋈⊤∈∋≺⋈⊞⋈⋈⋈⋈⊞⊞⋈≺∋⋈⋈⊤∈⋈⊥⊤⊥⊞⊞⊤⋈⊥⋈⊞⋈⋈≺∋⊞⊞⋈⋈⋈⋈⊞⋈∋∋∋⊤∈⋈⋈⊞⋈⊞⋈⊞⊤⋈⋈∈⋈⋈⋈⋈⋈⋈⋈⋈⋈⋈≻⋈⋈≻⋈≺∋⋈⊞⋈⊤∈⋈⋈⊞⊞⋈≺∈⋈⋈⋈⊞⋈⋈⋈⋈⋈⋈⊞⋈⋈⊤∈∈⊤∈∋⊞⋈⋈⋈⋈⋈⋈⊤∈⋈≺∈⋈⋈⊞⊤∈∈⊤∈∋⋈⋈⋈⋈⊞∈∋⋈≺∋∋∋⋈⋈⋈⋈∋∋⊤⋈⊞⊞⊤∈∋∋⊤⋈∈⋈⋈⊞⊞≺∈⋈⋈⋈⊞⋈⋈⋈⋈⋈⊞⋈⋈⊤∈∈⊤∈∋⊞⋈⋈⋈⋈⋈⋈⊤∈⋈≺∈⋈⋈⊞⊤∈∈⊤∈∋⋈⋈⋈⋈⊞∈∋⋈≺∋∋∋⋈⋈⋈⋈∋∋⋈⊤⋈⊞⊞⊤∈∋∋⋈⊞⋈⋈⊞⋈⊞⊞⋈⋈≺∈⋈⋈⋈⋈⋈⊤∈⋈⊥⊤⊥⋈⊞∈⋈∋∋⋈⋈⋈⋈⋈⋈⋈⊤∈⋈⊥⊤⊥⋈⊞∈⋈≺∋∋⋈⊞⊞⊞⋈⊞⊞⊞⋈⋈⋈⋈⋈⊞⊞⊞⊞⊞⊞∈∋⊞⊤∈⊞⊞⊤⊥⊥⋈⊥⋈⋈⋈⋈⊞⊞⊞⊞∋⋈⊤∈⊞⊤∈∋∋≻∋∋⊣∋∋∋⊞⋈⋈⋈⋈⋈⋈⊣⊞⋈⋈⊞⊞≺∋
0x43fbe0	⊢⋈⋈⋈⋈⋈⋈⋈⊞⋈⋈⋈⋈⋈⊞⊞⊤⊞⋈⊤⋈⋈∈⊞⊞⋈⊞⊞⊞⋈⊞⊞⊞⊞⋈⊞⋈⊞⊤⋈⊥⋈≺∋⋈⋈⋈⊞⋈⋈⊞⊞⋈⋈⋈⋈∈⋈⊞∈⊞⋈⋈⊤∈≺⋈⊞⋈⋈⊤∈⊤∈⋈⋈⊤∈⋈⊤∈⋈⋈⋈⋈⋈⋈⊡∈⋈⋈⊤∈⊞⊞⊤∈∋≺⊤∈⋈⋈⋈⋈⋈⋈∈⋈⋈⊤∈⊞⊞⊤∈∋∋⋈∋∋⊤⋈⋈∈⊤∈⋈⊤∈⋈⊞≺⋈⋈∋⋈⊞⊞⊞⊡∈⋈⋈⋈⋈⊞⊞⊞∈∋≺∋⋈∋∋⋈⊡⋈≺∋⊤∈⋈⋈⊤⊥⊞≺⋈⊤⋈⊥⋈⊞⊞⋈≻⋈⋈⋈⋈⋈≺∋∋∋⋈⊞⋈⊞⋈⊞⋈⋈⊞⊞⊞⋈⊞⊞⊤∈∋⋈⊞⋈⊞⋈⊞⋈⋈⋈≺∈∈⊤∈⊞⋈⋈⊞⋈⊞⋈⊤∈⋈⊞⊞∈∋⊞⊞⊞⊤⋈⋈∈⋈⊞⊞⊞⊞⊞⋈⋈⋈⊞≻⋈⋈⋈⋈⋈⋈⊤∈⊤∈∋⋈⋈⊞⊞⋈⊞⊞⊞⊞⊞⋈⊞≻⋈⋈⋈⋈⋈⋈⊤∈∋⊤∈∋⊤∈⊤⋈⊥⊤∈⋈⋈⊞⊞⊤⋈⊥⊞⋈⋈⊙⋈⊞⊤∈⋈⋈⊡∈⋈⋈⊞⊞⊤⊥⊥⋈⊥⋈⋈⊞⊞⊞⊤∈⋈⊞⊞⊤∈∋≺⋈⊡∈⋈⋈⊞⊞⊤⋈⊥⊥⊥⋈⋈⊞⊞⊞⊞⊞⊞⊤∈⊞⊤∈∋≺∋⋈⋈∋∋⊞⋈⋈⊙⋈⋈⋈⋈⋈≺∋∋∋∋⋈⋈⊤∈∋⊞⋈⊤∈∋≺∋⋈∋∋∋⋈⋈⊤∈⊤∈⊞⋈⋈⋈⋈⋈⋈⊣⋈⋈⊞⊞⊞⊞⊞⋈⊞⊞⋈⋈⋈⋈⋈⋈≺⋈⋈⋈⋈⋈⋈⋈⊞⋈⋈⋈⋈⊤∈⋈⋈⋈⋈⋈∈⋈⊡∈⊞∈⋈⋈⋈⋈⋈≻≺⋈⊞⋈⊞⊞⊞⊞⊤⋈⋈∈⋈⋈≻⋈⋈⋈⊤⊥⋈⊤⊥⊞⊤⊥⊞⊥⊤⊥≺∋⋈⊞⋈⊞⋈⋈⋈⋈⋈⊤∈⋈⊤∈∋⊤∈⋈⊞⋈⊞⋈⋈⊡∈⋈⊞⋈⊥⊞⊞⊤∈∈⋈⋈⊞⊤⊥⊥⋈⊞⋈⋈⊞⊤⋈⋈⊥⋈⋈⊞⋈⋈⋈⊞⊤⊥⊥⋈⊞⋈⋈⋈⋈⊞⊞⊤⋈⊥⋈⋈⊞⊞⊤∈∋∋⋈⊞⊞⊤∈⊡∈⋈⊞⋈⊞⊤⋈⊥⋈⋈⊞⊞⊤∈∋∋⋈⊤∈⋈⊞⋈⋈⋈⊙⋈⋈⋈⊞∈⋈⊞⋈⊡∈⋈⋈⊞⊞⊞∈∋∋⊤⋈∈∋⊤∈⋈⊞⋈⊞⊞⋈⋈⊡∈⋈⊞⋈⊥⊞⊞⊤∈∈⋈⋈⋈⊞⊤⊥⊞⋈⋈⊞⊤⋈⋈⊥⋈⊞⋈⋈⊞⊤⋈⋈⊥⋈⋈⊞⋈⋈⊞⋈⊞⊤⋈⊥⋈⋈⊞⊞⊤∈∋∋⋈⊞⊞⊤∈⊡∈⋈⊞⋈⊞⊤⋈⊥⋈⋈⊞⊞⊤∈∋∋⊤∈⋈⊞⋈⋈⋈⊙⋈⋈⊞∈⊞⋈⊞⋈⋈⊡∈⋈⋈⊞⊞⊞∈∋⊤⋈∈⋈⋈⋈≻⋈⋈⋈⋈⊙⋈≻⋈⋈⊤⋈∈∋≺⊞⋈⊞⋈⋈⊞⊞⋈≺∋⊤∈⋈⋈⋈≻⊞⋈⋈⋈⋈⋈≻⋈⊤∈∋≺⋈⊞⋈⋈⊞⊞⋈≺∋∋∋⊤∈⋈⊞⊤∈⊤∈⋈⋈⋈⊞⋈⋈⋈⋈⋈⊞⊞⊤⊥⊥⊞⊤⊥⊞⋈⊞⋈⋈⊞⋈⊞⊞⊞⋈⋈⋈⊤⋈⊥⊤⊥⊥⋈⋈⊥⊤⊥⋈⊥⋈⊤⋈⊥⋈⊥⋈⊞⋈⋈⊞⊞⊤⋈⊥⊥⊞⊤⊥⊞⊞⋈⋈⋈⊞⋈⊞⊞⊞⋈⋈⋈⊤⋈⊥⊤⋈⋈⊥⊥⊥⊤⋈⋈⋈⊥⊥⋈⋈⋈⊤⋈⋈⊥⋈⋈⊥⋈⋈⋈⋈⋈⋈⋈⋈⋈⋈⋈⋈⋈≺⋈⊞⋈⋈⋈≻⋈⊞⋈⊞⋈⊞≻⋈≺∋∋⋈⊞⊤∈⋈⋈⊞⋈≺∈⋈⋈⊞⋈⋈⋈⊤∈⊞⋈⋈⊡∈⋈⋈⊤∈⋈⋈⊤⋈∈∋⊞≺∋⋈⋈∋⊤⋈⊞⊞⊤∈∋∋⋈⊞⋈⊤∈⊞⋈⋈⊞≺∈⋈⋈⊞⋈⋈⋈⊤∈⊞⋈⋈⊡∈⋈⋈⊤∈⋈⋈⊤⋈∈∋⊞≺∋⋈⋈∋⊤⋈⊞⊞⊤∈∋∋⋈⊞⋈⊞⋈⋈⋈⋈⋈≺∈⋈⋈⊞⊞⋈⊤⊥⊥∈⋈∋⋈⋈⋈⋈⋈⊤⋈⊞⋈⊤⋈∈⋈≺∋⋈⋈⋈⊞⊞⊞⋈⋈⊞⊞⊞⋈⋈⋈⊞⊞⊞⊞⊞⋈⊞∈∋⊞⊤∈⊞⊞⊤⊥⊥⋈⊥⋈⋈⊞⊞⊞⊞∋⊤∈⊞⊤∈∋∋≻∋∋⊣∋∋∋⊞⋈⋈⋈⋈⋈⋈⊣⊞⋈⋈⊞⊞≺∋
0x3e98c0	⊢⋈⋈⋈⋈⊞⊞∈⊞≻⋈⋈⋈⊤⊥⊤⋈⊥⋈⋈⋈⋈≻⊤∈∋⋈⋈≻⋈⋈⋈⋈⋈⋈⋈⋈⊤∈⋈⊤∈⋈⋈≻⊤∈⋈⋈⋈≻⊤∈∋⋈⋈∋⋈⋈⊞≺⋈⊞≺∋∋⋈⋈⊞⋈⋈⋈⋈⊣⋈⋈⋈⊞⋈⋈⋈⊣
0x4274f0	⊢⋈⋈⋈⋈⊞⊞∈⊞≻⋈⋈⋈⋈⋈⊤⊥⊞⊤⊥⋈⊤⊥⋈⋈⋈⋈≻⊤∈∋⋈⋈≻⋈⋈⋈⋈⋈⋈⊞⋈⋈⋈≻⊤∈⋈⊞⊤⊥⋈⋈⊞⊤∈⋈⋈⋈⋈⊤∈⋈⊙∋⊤∈⋈⊙∋⋈⊙∋⊞≺∋⊞⋈⋈⋈⋈⋈⊣⋈⋈⋈⊞⋈⋈⋈⊣
0x4059ac	⊢⋈≻⋈⊤∈⋈⋈≻⊞∈⋈⋈⋈⊞⋈⋈⋈⋈⋈⊤⊥⊞⊤⊥⊤⋈⋈⊥⊤⊥⋈⋈⋈⋈⋈≻⊤∈⋈⋈⋈⋈⋈⋈≺∋⊞⋈⋈⋈⊣⊞⊣⋈⊣
0x3e9677	⊢⋈⋈≻⋈⊤∈⋈⋈≻⋈⋈⋈⋈⋈⋈⋈⋈⋈⋈⋈⊤∈⊤∈⊤∈⊤∈⊤∈⊤∈∈∋⊤∈≺∋∋∋∋∋⋈⋈≻⊤∈∋∋⊤∈∈⋈⋈⋈⋈⋈≻⋈⋈⊤∈≺∋⋈⋈⋈⊙⋈⋈≻⋈⋈⋈⋈⊞⋈⋈⋈⋈⋈⋈⊣⊞∋⋈⋈≻∋⋈⋈⋈⋈≻⊤∈⊤⋈⋈⊥⊤∈⋈⊤∈⋈⋈⋈⋈⋈⋈≻⋈⋈⋈≺∋⋈⊞⋈∋∋⊞⋈⋈⋈⊞⋈⋈⋈⋈⋈⋈≺⋈⋈⋈⋈⋈⋈⋈⋈⋈⊞⋈⋈⊞⊤∈⋈⋈⋈⋈⋈≻⋈≺∋⋈⊞⋈⋈⊙⊞⋈⋈⋈⋈⋈⋈⊣⋈⊣
0x4433b0	⊢⋈⋈⋈⋈⋈⋈⋈⊞⋈⋈⊞⋈⋈⋈⋈⋈⊡∈⋈⋈⋈⊙⊤∈⊤∈⋈⋈⊞⋈≻⋈⋈⊞⊤⋈∈∋⋈⋈⋈⋈⋈≻⋈⋈≺∋⋈⊞⋈⋈⋈⊙⋈⊞⋈⊞⊙⋈⊤∈∋⊞⊞⋈⋈≺∋⋈⊞⋈⋈⋈⋈⋈⋈⊣
0x41cf56	⊢⋈⊞⋈⋈⋈⋈⊤∈⋈⋈∈⋈⊤∈⊞∈∋⊤∈⊤∈⊤∈⋈⋈≺⋈⋈⊤∈⊞⋈⊞∈⋈⊤∈⊞∈⊤∈∋⊤∈⋈⋈≺⋈⋈⊞⊞⊤∈∋∋⋈⋈≺⋈⊤∈∋⋈≺∋⋈⋈≺⋈≺∋⊞⊞⋈⊤∈∋∋⋈⋈∋∋∋∋≻⋈⋈≺∋⋈⊞⋈⊣
0x3ddd34	⊢⋈⋈⋈⋈⋈⋈⊞⋈⋈⊞⋈⊞⋈∈⋈⋈⋈⋈⋈⋈⋈⊞⋈⋈⋈∈⋈⋈⋈⋈⊞⋈⋈⋈⋈⋈≻⋈⋈⋈≻⋈⊞⋈⊞⋈⋈≻⋈⋈≻⋈⊤⊥∈⊤∈⋈⋈⋈⊤∈⋈∋⋈⋈⋈⊤∈⋈∋⊤⊥∈⊤⋈⋈⊥⊤⊥⊤⋈⋈⊥⊤⊥⊞∈⊤∈⋈⊤⋈∈∋⋈⋈⊤∈⋈⋈⋈⊤∈⋈∋⋈⋈⋈⊤∈⋈∋⊤⊥∈⊤⋈⋈⊥⊤⊥⊤⋈⋈⊥⊤⊥⊞∈⊤∈∋⊞⊤⊥⋈⊤⋈∈∋≺∋⊥≺∋∋∋∋⊤⋈⋈⊥⊥∋⋈⋈⋈⋈⋈⊤∈⋈⋈⋈≻∋⋈⋈≻⋈⋈⊤∈⋈⋈⋈≻∋⋈⊤∈⋈⋈⋈≻∋⋈⊤∈⋈⋈⋈≻∋⋈⊞⋈⋈⋈⊞⊞⋈⊞⊞⊞⊤∈∋∋⊞⋈⋈⋈⋈⋈⋈⊣
0x41bcb4	⊢⋈⋈⋈⋈⋈⋈⊞⋈⋈⋈⋈⊤∈⋈⋈⋈∈⋈⊤∈⊞∈∋⊤∈⊤∈⊞⋈⋈⋈⋈⋈⋈≻⋈⋈⊤∈⋈⊤⊤∈⋈∈⋈⊞⋈⋈⋈≻⋈⋈⊤∈≺∋⋈⋈⋈⊙⋈⋈⋈⋈⋈⋈⋈⋈⋈⋈⋈⋈⋈⋈⋈⋈⋈⋈≺⊞∋⋈⋈≻⋈≺⊤∈⊞⋈⋈⋈⋈⊞≻⊤∈∋⋈⋈≺⋈≺⊤∈⊡∈⊞⋈⊞⋈⋈⋈⋈⋈⋈∈⋈⊤∈⋈⋈∈⋈⊤∈⊞∈∋⊤∈⋈⋈⋈⋈⊞≺⊤∈⊤∈⋈⋈≺⊞⋈⊤∈⋈⊞∈⋈⊤∈⊞∈∋⊤∈⋈⋈≺∋⋈⋈≻⋈⊤∈⋈⋈≺⋈⋈⋈⋈⋈⋈⋈⋈⋈⊤∈⋈≻⋈∋⋈⊞⋈⋈⋈⋈⋈⋈⋈⋈⊞⋈⋈⋈⊞⋈⋈⋈≺∋⋈⋈⊞⊞⊤∈∋≺⊞⋈⊞⊤∈∋≺∋⋈⋈⊤∈⊤∈⊞⋈⋈⋈⋈≻⊤∈⋈⊤∈⊡∈∋⋈⋈≺⊞⋈⋈⋈⋈⋈⋈≻⊤∈⊤∈⋈⊡⋈⋈⋈⋈≻⊤⋈∈⋈⊤∈∈⋈⋈⋈⊙⋈⊞⋈⋈≻⋈⊤∈⋈⋈⋈⋈⊙⋈⊞∈∋⋈⊞⋈⋈⋈⋈⋈⊤∈≺∋⋈⋈⋈⊞⋈⋈⋈⋈⋈⋈⋈≻⊤∈⋈⋈⋈⋈⋈≻⊤∈⋈≻∋⋈⋈∈⋈≻⊤∈⋈≺⊤∈⋈⊡⋈⋈⋈≻⊤⋈∈⋈⊤∈⊞∈⋈⋈⋈⋈⋈⊙⋈⋈⋈⋈≻⊤∈⋈⋈≺∋⋈≻∋∋⋈⋈≺∋∋∋⋈≻∋⋈⋈⋈⊤∈⋈∈⋈≻⊞⊞∈∋∋⋈⋈⋈⋈≻⋈⋈⋈∋⊡⋈⋈⊤∈⋈∈⋈⊤∈⊞∈⊤∈∋⊤∈⋈⊞⋈⋈⋈⋈⋈⊤∈⋈⋈⋈⋈⋈⋈⋈⋈⋈⋈⋈⋈≺⋈≺⋈⋈⋈⊤∈⊞⋈⊞∈⋈⊤∈⊞∈∋⊤∈⋈⋈≺⋈⋈⊞⊞⊤∈∋≺∋∋∋⋈⋈≺⊞⋈⊤∈∋∋⋈⋈⋈∋∋⋈≻⋈⋈⋈⋈⋈⊤∈⋈≺⋈⋈⋈⋈⊙⋈⊞⋈∈∋⋈⋈⋈⋈⋈⋈⋈⋈⋈⋈≺∋⋈⋈⊤∈⋈⋈≺∋⋈⋈≻⊤∈⋈⋈⋈≻≺∋∋∋⋈⋈≺⋈⋈⋈⋈⋈⋈⋈⋈⋈⋈⋈⋈⋈≻⊤∈⋈≻∋⋈≺∋⋈⋈≻∋⋈≻≺⊞∋⋈≻⋈∋∋⋈⋈≺∋∋⊡⋈⋈⊤∈⋈∈⋈⊤∈⊞∈⊤∈∋⊤∈⋈⋈≺⊞⋈⋈⋈⋈⋈⊤∈⋈⋈⋈⋈⋈⋈∋⋈≺⋈⋈≺⊞⋈⊤∈∋∋⋈⋈∋∋⋈≻⋈⋈⋈⋈⋈⊤∈∋⋈⋈⋈≻≺⋈⋈∋⋈⋈≻≺∋∋∋∋⊤∈⊤∈⊞⋈⋈⋈⋈≻⊤∈⋈≺∋⋈⋈⋈⋈⋈⋈⋈⋈⋈⋈≺⊤∈∋∋⊞⊤∈⋈⋈⋈≻⋈⋈⋈⋈⋈≻⊤∈∋⋈⋈∋⋈≻⊤∈∋⋈⋈⋈⋈∋⋈≺∋⋈≻≺⋈≺⊞⋈⋈⋈⋈≻⊤∈⋈⋈⋈⋈⋈⋈⋈⋈⋈⋈⋈⋈⋈≺⊞⋈⊤∈∋∋⋈⋈∋⋈≻∋∋∋∋∋∋⋈∋⋈≺∋∋∋∋⊞⋈⋈⋈⋈⋈⋈⊣
0x41b4d0	⊢⋈⊞⋈⋈⋈⋈⊤∈⋈⋈∈⋈⊤∈⊞∈⊤∈∋⋈⋈≺⊞⋈⋈⊞⋈≺⊞⋈⊤∈∋∋⋈⋈∋⋈⋈≻⋈⋈⊞⋈⊣
0x3de060	⊢⋈⋈⋈⋈⋈⊞⋈⊞⋈⊤∈⊞∈⋈⋈≻∋⋈⋈⋈⊤∈⊞⋈⋈⋈⋈⋈⋈≻⊤∈∋⊞⋈⋈⋈⊞∈⊞⊞⊞⋈⊞⊤∈∋≺∋⋈⋈⋈⋈⋈⋈⊞⋈⋈⋈⋈⋈⊣
0x3de123	⊢⋈⋈⋈⋈⋈⋈⊞⋈⋈⋈⋈⋈⋈⋈⋈⋈⋈⋈≻⋈⊤∈⋈⋈⊙⊤∈⋈⋈≻⋈⋈⋈⋈⊞⋈⋈⋈≻⋈⋈⋈⋈⊤⊥⊤⊥⊞∈⊞⋈∈⊤∈⊞⋈⋈⊞∈⋈⊞⋈⊤∈∋∋⊞≺∋∋⋈⋈≻⋈⋈⊞⋈⋈⋈⋈≺⋈⋈⋈⋈⋈⋈⋈⋈⋈⋈⋈⋈⋈⋈⋈⋈⋈∈⋈⋈≻⊤∈⋈⋈⋈⋈⊤∈⋈⋈⋈⋈⋈≻⋈≺∋⋈⋈⋈⋈⊞⋈⊞≺∋⋈⊞⊞≺∋⊤∈⋈⋈⋈⋈⋈⋈⋈≻⋈⋈⋈⋈≻⋈⋈⋈⋈⊞≺∋⋈⊞⋈⋈⋈⋈⋈⋈⊣
0x448740	⊢⋈⋈⋈⋈⋈⋈⋈⊤∈⋈≻⋈⊙⊤∈∋⋈⋈≻⋈⋈⋈⋈⋈⋈⋈⊞⊞⊞⋈⊞⋈⋈⊞⋈⊤∈⊞≺⋈⋈⋈⊞⋈⋈⊞⋈⋈⋈⊤⋈⋈∈⋈⋈⋈⊞⋈⊞⋈⊞⋈⋈⋈⋈⋈⋈⋈⊞⋈⋈⋈⋈⋈⋈⋈⋈⋈⋈≺∋⊞⊞⊞⋈⋈⊞⋈⊤⋈∈⊞⋈⋈⊞⋈⋈∋⊞⋈⋈⊞⊞⋈⊞⊞⋈⊞⊞⋈⊞⋈⊞⊞⊞⊞⋈⊞⊞⊞⋈⊞⋈⊞⋈⊞⊞⊞⋈⊞⊞⊞⋈⋈⊞⋈⊞⋈⊞⊞⊞⋈⊞⊞⋈⋈⊞⊞⋈⊞⋈⊞⊞⊞⋈⊞⊞⊞⊞⊞⊞⋈⊞⊞⊞⊞⊞⊞⊞⊞⊞⋈⊞⊞⊞⋈⊞⊞⊞⋈⊞⊞⊞⊞⊞⋈⊞⋈⋈⊞⊤⊥⊤∈⋈⊞⋈⊞⋈⋈⊞⊞⊞⋈⊞∋⋈⋈⊞⊞⊞⋈⊞⋈⊞⊞∈⋈⋈⊞⊞⊞∈∋⋈⊞⊞⋈⊞⊞⊞⊞⊞⊞∋⋈⊞⊤∈⋈≻⋈⋈⊞⊞⊤∈⋈⋈⋈⊤∈⋈⊞⋈⊞⊤∈⋈⋈⋈⊞⋈⋈⊞⊤⊥⊥⋈⊞⊞⊞⊞⊞⊞⋈∋⋈⋈⊞⋈⊞⋈⊞⊞⊞⊞⊞⋈⊞⊞⊞⋈⊞⊞⊞⋈⊞⊞⊞⋈⋈⊞⊞⋈⊞⊞⋈⊞⊞⊞⋈⊞⊞⊞⊞⊞⊞⊞⊞∈⋈⋈⊞⋈⊞⊞⋈⋈⊞⊞⊞⋈⊞⊞⊞⋈⊞⊞⊞⋈⊞⊞⊞⋈⊞⊞⊞⊞⋈⊞⊤⊥⋈⋈⊞⊞⋈⊞⊞⊞⊞⊞⋈⋈⊞⊞⊞⊞⋈⊞⊞⋈⋈⊞⊞⊞⊞⊞⊞⊞∋⋈⋈⊤∈∋⋈⋈⊞⊞⊞⊞⊞⋈⊞⊞⊞⋈⊞⊞⊞⊞⊤∈⋈⋈⋈⊞⋈⋈⋈⊞⊞⋈⊞⊞⊞⊞⊞⊞⊞≺∋∋∋⋈⊤⊥⊤⊥⊞⋈⊞⊤⊥⊤∈⋈⊞⋈⊞⋈⊤⋈⋈⊥⊞∋∋⋈⊞⋈⊞⊞⋈⊞⋈⊞⊞⊥⋈∋⊞⋈⋈⋈⊞⋈⋈⋈⋈⋈⋈⊣⊞⋈⋈⋈⋈⋈⋈⊞⋈⋈⊣
0x4481c0	⊢⋈⋈⋈⋈⊤∈⋈⋈⋈≻⋈⊞⋈⋈⋈⋈⋈⊣
0x4477b0	⊢⋈⋈⋈⋈⋈⋈⊞⋈⋈⋈⊤∈⋈⋈⊤∈⊤∈∈⋈⊤∈⋈⊡∈⊤∈≻∋⋈≻∋⋈≻⊤∈∋≺⋈⊡∈∋⋈∋⋈⊤∈⋈⊞⊡∈⋈⋈⊤∈⊞≺∋⋈⋈⋈⋈⋈⊤∈⋈≻≺⋈⋈≻⋈⋈⋈⋈⊡⊡∈⋈⊞⋈⊤∈⋈⋈⋈⋈⊞⊙≺∋∋∋∋∋∋⋈⊤∈⋈⊙⊤⋈⊥⋈⋈⋈⋈⋈⊞⊙⊞⊞⋈⋈⊙∋⊙⋈⋈⊞⊡∈⋈≻≺∋⋈⊞⊤∈≻⋈⊞≺⊞∋⋈⋈⊞⊤⊥⋈⋈⋈⊞⊡∈⋈⊡∈⊤∈⋈⋈⋈≻≺⊙⊞⊡∈∋∋⋈⊤∈⋈∈⋈⋈⊞⋈⊡∈⊤∈⋈⊤⊥⊞⊞⊞⊤∈∋⋈⊤∈⋈⊤∈⋈⋈⋈⋈⋈⋈≻⋈⋈⋈⊤∈⋈⊡∈⋈⋈⊞⊤∈∋∋⋈⊞⋈⋈⋈⋈⋈⋈≻⋈⋈⋈⋈⋈⋈⋈⋈⊤∈⊞∈⋈⋈⊤∈∋∋⋈⊞⋈⋈⋈⋈⋈⋈≺∋⊡⊤∈⋈⊤∈⋈≻≺⋈⊤∈⋈⋈⋈≻∋∋∋⊣⋈⋈⊞⋈⋈⊙∋⊤⊥⊤⊥⊞∈⋈⊙≺∋⊞∈∋∋∋⋈⋈⊤⊤∈⋈⊤∈≻⊤∈⋈≺∋∋∋⊞⋈⊤∈⋈⋈⋈⋈⊞⊙≺∋⊞⋈⋈⋈⋈⋈⊣⋈≺∋
0x443620	⊢⋈⋈⋈⋈⋈⋈⋈⊞⋈⋈⋈⋈⋈⊤∈⋈⋈≻⋈⊤∈⊤∈⋈⊤∈⋈⋈⋈⋈≻⊤∈⋈⋈≺∋⋈⋈⋈⋈≻⋈⊤∈⊤∈⋈⋈⋈⋈≻⊤∈⊤∈∋⋈⊡≺⋈≺⋈≺∋∋∋∋∋⋈⊤∈⋈⋈⊤∈⋈⊤∈⋈⋈⊞⊤⋈⊥⊥⋈⋈⋈⋈⋈⋈⋈⋈⋈⋈⋈⋈⋈≻∋⋈⋈∋⋈⋈⋈⋈⋈⊤∈⋈⊙⋈∋⋈⋈≻⋈⊤∈⊤∈⋈⊤∈⋈⋈⋈⋈⊞≺∋⋈⋈⋈⋈∋⋈⊞⊞≺∋⋈⋈⋈⋈⋈⋈≻⊞⋈⋈⋈⊡∋∋∋⊞⋈⋈⋈⋈⋈⋈⊣
0x3de36a	⊢⋈⋈⋈⋈⋈⋈⊞⋈⋈⋈⊞∈⋈⊤∈⋈⊡⊞⋈⋈⋈⋈⊤⊥⋈⊞⊤⊥⊞∈⋈⊡⊞⊞⋈≺∋⊞∈⋈⋈∈⋈⋈⋈≻⊤∈⋈⊞⊥∈⊞⋈⋈⋈≺∋⊞⊞∈⋈⊞⊤⊥⊞⊤∈⊞⋈⊞⊥≺∋⋈⊞⊤∈∋⋈⊤⊥⊤⊥⋈⊞∈∈⊤∈⋈⊤∈⋈⊞⋈⊤∈∋∋⋈⋈⊞⊞≺∋∋∋⋈≺⊞∋⋈⋈≻∋∋⋈⊞⊞∋⋈≻⋈⋈⊞⋈⋈⋈⋈⋈⋈≺
0x44b475	⊢⋈⋈⋈⋈⋈⋈⊞⋈⋈⋈⋈⋈≻⋈⋈⋈⋈⋈≻⋈⋈⋈⋈⋈≻⊤∈⊞⋈⋈⋈⋈≻⊤⊥≺∋⊞⋈⋈⋈⋈⋈⋈⊣
0x42ea60	⊢⋈⋈⋈⋈⋈⋈⋈⊞⋈⋈⋈⊤∈⋈⊤∈⋈⋈⋈⋈⋈⋈≻⋈⋈⊤∈≺⋈⊤∈∋⋈⋈⊤∈⋈⋈⋈⋈⋈⋈⋈≺⋈∋∋⋈⋈⊞⊤∈⊞≺⋈⋈⊤∈⊞⊞∈⋈⊞⋈⋈⊤⊥⊞⋈⊤∈∋∋⋈⊞⊤∈⊞⊤⋈∈⋈⋈⊤∈⋈⋈⋈≻⋈⋈⋈⋈⋈⋈⋈⋈⋈⋈⋈⋈⋈⋈⋈⋈⋈⊤∈⋈⋈⋈⋈⋈≻⊞⋈⋈⋈⊤∈≺⊞⊤∈∋⋈⋈⊤∈⋈⋈⋈⋈⋈⋈≺∋∋∋∋∋⋈⊤∈⊤∈⋈⋈⋈⊞⋈⋈⋈⋈⋈≻⋈⋈⋈⊤∈≺⊞⊤∈∋⋈⋈⊤∈⋈⋈⋈⊞⊞⊞⊞⋈⋈≺∋⋈⋈≺⋈∋∋⋈⊞⊤∈⋈⊤∈⊞⊡∈⋈⊞⋈⋈⊞⊤⊥⊞⋈⊤∈∋⊞≺∋⊞⊤∈⊤∈⊞⋈⊞⊤∈⋈⊤∈⊞⋈⊡∈⋈⊞⋈⋈⊤⊥⊞⋈⊤∈∋⊞≺∋⋈⊤∈⊞∈⊞≺⊞∋⊤∈∋⋈⋈≻⋈⋈⋈⊤∈⊞⋈⋈⋈⋈≺∋⋈⋈⊞⊤⊥⋈≺∋∋∋∋∋∋⋈⋈⋈⋈⋈⋈⋈⋈⋈⋈≺∋∋∋⊞⋈⋈⋈⋈⋈⋈⊣
0x3f5e08	⊢⋈⋈⋈⋈⊞⋈⋈⋈⋈⊤∈⋈⋈⋈⋈⋈⋈⋈⋈⋈⋈⋈⋈≻⋈⋈≻⋈⋈⋈⋈⊤∈⋈⊤∈⋈⊤∈⋈≺∋⊤∈⋈≺∋⊤∈∋⋈⋈⊞⋈≻≺∋⊤∈⋈⋈⋈⋈⋈≻≺∋∋⊤∈⋈≻∋⋈⋈⋈⋈⋈⋈⋈⋈≻⋈⊞⋈⋈⋈⋈⋈⋈⋈⋈⋈⋈⋈⋈⋈⋈⋈⋈⋈⋈⋈⋈≻⋈⋈≻⋈⋈⋈⋈⊤∈⋈⊤∈⋈⊤∈⋈≺∋⊤∈⋈≺∋⊤∈∋⋈⋈⊞⋈≻≺∋⊤∈⋈⋈⋈⋈⋈≻≺∋∋⊤∈⋈≻∋⋈⋈⋈⋈⋈⋈⋈≻≺∋⊞⋈⋈⋈⋈⊣
0x3f364a	⊢⋈⋈⋈⋈⋈⊞⋈⋈⋈⋈⊤∈⋈⋈⋈⋈⋈⋈⋈⋈⋈⋈⋈⋈≻⋈⋈⋈≻⋈⋈⋈⋈⊤∈⋈⊤∈⋈⊤∈⋈≺∋⊤∈⋈≺∋⊤∈∋⋈⊞⊞⋈⋈⋈⋈≻≺∋⊤∈⋈⋈⋈⋈⋈≻≺∋∋⊤∈⋈≻∋⋈⋈⋈⋈⋈⋈⋈⋈≻⋈⊞⋈⋈⋈⋈⋈⋈⋈⋈⋈⋈⋈⋈⋈⋈⋈⋈⋈⋈⋈⋈≻⋈⋈⋈≻⋈⋈⋈⋈⊤∈⋈⊤∈⋈⊤∈⋈≺∋⊤∈⋈≺∋⊤∈∋⋈⊞⊞⋈⋈⋈⋈≻≺∋⊤∈⋈⋈⋈⋈⋈≻≺∋∋⊤∈⋈≻∋⋈⋈⋈⋈⋈⋈⋈≻≺∋⊞⋈⋈⋈⋈⋈⊣
0x444bc0	⊢⋈⋈⋈⊞⋈⋈⊤∈⋈⊞⋈⋈⋈⋈⋈⋈⋈⋈≻⋈⊞⊤∈⋈≻∋⋈⋈⊙⋈⋈≻⋈⋈⋈⋈⋈⋈⋈⋈⋈≻⊣
0x3de4fa	⊢⋈⋈⋈⋈⊞⋈⋈⋈⋈⋈⋈⋈⋈≻⊤⋈⊥⊤∈⋈⋈⋈⋈⋈⋈⋈⋈≻⋈⋈⋈⋈⊤∈⋈⋈⋈≺⋈⋈≺∋⊤∈⋈⊤∈⋈⊞⋈⊞⊤∈⋈⊞⊞⋈≺⋈⊞⊞⊞⊤∈⋈⊞⊞⋈⋈⋈⊞⊞⊞⊞⊞⊞≺⋈≺∋∋∋⊤∈⊞⊤∈∋⋈⋈⊙⊤∈⋈⋈≻⋈⋈⊞⋈⋈⋈⋈⋈⋈≻⊤⋈⊥⊤∈⋈⋈⋈⋈⋈⋈⋈⋈≻⋈⋈⋈⊞⋈∈⋈⋈⋈⋈⋈⋈≺∋⋈≻≺∋⊞⋈⋈⊣⋈⋈⋈⋈⋈⋈⋈⋈⋈⋈≺⋈≺∋⊞⊞⋈⋈≻⋈⋈⋈⋈⋈⊤∈⋈⋈⋈⋈⋈⋈⋈≻≺⋈⋈⋈⋈∋∋⋈∋⊞⋈⋈⋈⋈⊣
0x3de7a1	⊢⋈⋈⋈⋈⊞⋈⋈⋈⋈⋈⋈⋈⋈⋈≻⊤⋈⊥⊤∈⋈⋈⋈⋈⋈⋈⋈⋈≻⋈⋈⋈⊞⋈∈⋈⋈≺∋⋈⋈⋈≻⋈⋈⋈⊤∈⋈⊞∈⊤∈⊞⊤∈⋈⋈⊙⊤∈⋈⋈≻⋈⋈⋈⋈⋈⋈⊞⋈⊞⋈⊞⋈⊞⋈⊞⋈⊞⋈⊞⋈⊞⋈⋈⋈⋈⊞⋈⋈⋈⋈⋈⋈⋈⋈≻⋈⋈⊤∈⋈⋈⋈⋈⋈⋈⊤∈⋈⊞⊞⋈∈⋈⊤∈⊞∈∋⋈⋈⋈≻⋈⋈⋈≻≺⋈⋈⊞⊞⊤∈∋∋⋈∋∋⋈⋈≻⊤∈⋈⋈⋈⋈⋈⋈⋈⋈⋈⋈⋈⋈⋈⋈⋈⋈≻⊤∈⋈⋈⊙⊤∈⋈⋈≻⋈⋈⋈⋈⋈⋈⋈⋈⋈⋈⋈≺⋈⋈⋈≻⊤⋈⊥⊤∈⋈⋈⊙⊤∈⋈⋈⋈⋈⋈⋈⋈⋈⋈⋈≻⋈⋈⋈⋈⋈⊤∈⋈⋈⋈⋈⋈⋈⋈⋈≻⊤∈⋈⋈⋈⋈≻⋈⊤∈⋈⋈⋈≺⋈⋈⋈⋈≻⊤⋈⊥⊤∈⋈⋈⊙⊤∈⋈⋈⋈⋈⋈⋈⋈≺⋈⋈⋈⋈≻⋈⋈⋈⊤∈⊤∈⊤∈⊞⊤∈⋈≺∋⊤∈⊤∈∋⋈⋈≻⊤∈⋈⋈≻⊞⊤⊥⊤∈∋∋⋈⋈⋈≻⊤⋈⊥⊤∈⋈⋈⋈≻≺⋈⊞⋈⋈⋈⋈⊤∈⋈⊞⊞⋈⋈⊞⋈⊞⋈⋈⊞⋈⋈⋈∈⋈⋈⋈⋈⋈≻⋈⋈⋈⋈⋈⋈⊤∈⋈⋈⋈⋈⋈⋈≺⋈⋈⋈⋈⋈≻⋈⋈⋈⋈⋈⋈⊤∈⋈⋈⋈⋈⋈⋈⊤⋈∈⋈⋈⋈⋈≻∋∋⋈⋈⋈≻⋈⋈⋈⋈≻⋈⋈≺⋈⋈⋈⊤∈⋈≻⋈∋⋈⋈⋈⋈⋈⋈⋈⋈⋈⋈⊞⋈⋈⊞⋈⊤⋈∈∋⋈⋈⋈⊤∈∋⋈⋈⋈⋈⋈⋈⋈⋈⋈⊙⋈⋈⋈⋈≻⋈≺∋⋈⋈⋈≻⋈⋈⋈⋈⊤∈⋈⋈⋈⋈⋈⊙⋈⋈⋈⋈⋈⋈⋈⋈≻⋈⋈⊤⋈∈⋈⋈⋈⋈⋈⋈≻⋈⋈⊤∈∋⋈⋈⋈⋈⋈⋈⋈⋈≺⋈⋈⋈⋈⋈⋈≻⋈⋈⋈⊤∈⋈⋈⋈⋈⋈⋈⋈⋈≻⋈⋈⋈⊤∈⋈⊤∈⊤∈⊞⊤∈⋈⋈⋈≻⋈⋈⋈⋈≻≺⋈≺∋⋈⋈⋈⋈≻⊞⊤⊥≺∋⋈⋈⋈⋈⋈⋈⋈⋈⊙⋈⋈⋈⋈⊙⋈⋈⋈⋈⋈⋈⋈⋈⋈⋈≺∋⋈⋈∋⋈⋈⋈∋⋈≻≺⋈⋈⋈≻⋈⋈⋈≺≺∋∋⋈⋈⋈⋈≻⋈⋈⋈⋈≺⋈⋈⋈≺⋈⋈⋈⋈≺⋈⊞⋈⋈⋈⋈⋈⋈⋈⋈⊤∈⋈⋈≻⋈⋈⋈⋈⋈⋈⋈⋈⋈⋈⋈⋈⋈⋈≻≺∋⊤∈⋈⋈⋈⋈⋈≻⋈⋈⋈⋈⋈⊤∈⋈≻⊤∈⊤∈⋈⊙≺∋∋∋⋈⊙⋈⋈⋈⋈⋈⋈⋈≺∈∈∈∈⋈⊤∈⋈⋈⋈⋈⋈⋈⋈⋈⋈⋈⋈⋈⋈⋈≻⋈⋈≻≺∋⋈⋈⋈⋈⋈⊤∈≻≺∋⋈⊤∈⋈∈⊤∈≻⋈⊡∈∋⋈∋⋈⋈⊤∈⋈⊞⊡∈⋈⊤∈∋⋈⋈⋈≻∋⋈≻≺∋⋈⊞≺∋⋈⊤∈⋈≻⋈⋈⊞⊞⋈⋈⊤∈⋈⊞⊞⋈⊞∈∋⋈⋈⋈∋⋈⊞⋈⊞∈⊤∈⋈⋈⋈∈⋈⊤∈⋈⋈⋈⊞⋈⊞⊞⋈⊞⋈⊞⊞⊞⊞⊤∈∋∋⊤∈⋈⊞≺∈⊤∈⋈⊤∈⊞⋈⊤∈⋈≻⊤∈⋈≺∋∋⋈⊞⊤∈⋈⋈⊞⋈⋈⊞⊤∈∋⋈⊞⊤⋈∈∋⊞≺∋⊞∈⋈⋈⋈≻⋈⊤∈⊤∈⋈⋈⋈∈⋈⋈⋈⊙⊤∈⊙⋈⊤∈⊞⊞⊤∈⋈≺∋⋈⊞⋈⊤∈⋈⊞∈⋈⋈≺∋∋⋈⋈⋈≻≺∋⊣⊞⋈≺∋⊤∈∋≺⋈⊞⊤∈⋈⋈⋈≻⊤∈≺⋈⊞⋈⋈⊙⊞⋈∋⋈≻⊤∈∋∋∋⊡∋∋∋⊞⋈⋈⊞⊤∈∋⋈⋈⋈≻⊡⊤∈≺∋⋈≻⋈≻⋈⊞⋈≺∋⋈⊙⊞⋈⊡∋⊡⋈∈⋈⊞⋈⊤∈⋈⋈⋈⋈⊞⊙≺∋∋⊤∈∋≻∋⋈⋈⋈≻⊤⊥⊤∈⋈⋈⊙⊤∈⋈⋈⋈⋈⋈⋈≺⋈⋈⋈⊞⊞⋈⋈⋈⋈⋈⋈≻⊤∈⋈⊞⊞≺⋈⋈⋈⊙⊤∈⋈⋈⋈⋈⋈⋈⋈⋈⋈⋈⋈⋈∈⋈≻⊤∈⋈⋈∋⋈⋈⊤⋈∈⋈⋈⋈⋈⋈≻⋈∋⋈⋈⋈∋∋∋∋⋈⋈⋈⋈⋈⋈≻⊤⋈⊥⊤∈⊤∈⋈⋈⊞∈⋈⋈⋈⋈⋈≻⋈⋈⋈⋈⋈⋈⋈⊤∈⋈⋈⋈⋈⊙⋈⋈⋈⋈⋈⋈⋈⋈⋈⋈≻⋈⋈⋈⋈⋈⊤∈⋈⋈⋈⋈⋈⊙⋈⋈⋈⋈⋈⋈⋈⋈⋈≻⋈⋈≻⊞⊞⊞⊞∈⋈⊞⋈⋈⋈⊞⋈⋈⊞⊞∈⋈⋈⋈⋈⊞⊤∈∋⋈⋈⋈≻∋⋈⋈≻⊞⋈⊞⊡⋈⊞⋈⊞⋈⋈≻⋈⋈⊞⋈≻⋈⋈⋈⋈⊙⋈⋈⋈⋈⊞⋈⋈⊞⊞⋈⊞⋈⊞⊞⊞⊞⊞⋈⊞⋈⊞⊤∈∋⋈⊤⋈∈∋⋈⋈⊙⊞⊞⋈⋈⊤⊥⋈⊞⊞⊤⊥⊞∈⋈⋈⋈⋈≻⋈⋈⋈⋈⋈⋈≺⋈⊞⋈⋈⊞⋈⊞⋈⊞⊞∈⋈⋈⋈⋈⋈⊞⋈⋈⊞⊞∈⋈⋈⊞⊤∈∋⋈⋈⋈≻⊞⋈⊡⋈⋈⊙⋈⋈⊞⋈⋈⊞⋈⋈⊞⊞⋈⊞⋈⊞⊞⊞⊞⋈⊞⋈⊞⋈⋈≻⊡⋈⋈⊞⋈≻⋈⊡⋈⊙⋈⋈⊞⋈⊞⊞⊞⊞⋈⋈⊞⊤∈∋⋈⊤⋈∈∋⋈⋈⋈⋈≻⋈⋈⋈≻⋈⋈⋈≻⋈⋈⋈⋈⊤∈⋈⋈⋈≻∋⋈⋈⋈⋈≻⋈⋈⋈⋈⋈⋈≻⋈⋈⋈⋈⋈⊤∈⋈⋈⋈⋈⋈⊙⊡⊡⋈⋈⋈⋈⋈⋈⋈⋈⋈⋈≻⋈≻⋈⋈≻⋈⋈⊞⋈⋈⋈⋈⋈⋈⋈⋈≻⊞⊡⊡⊡⊞⊞⋈⊤⊥⊡⊞⊞⊤⊥⊞⊞⊤⊥⊤∈⋈⋈⋈⊞⊞⋈⊞⊞⊞⋈⋈⊞⊞⋈⊞⊞⊞⋈⋈⊞⋈⊙⋈⋈∈⋈⋈⋈⋈⋈⋈⋈⋈⊙⋈⋈⋈⋈⊙⋈⋈⋈⋈⋈⋈⋈⋈≻⋈≻⋈⋈⋈⋈≻⋈⋈⊤∈⋈⋈⋈≻∋⋈≻⋈≻⋈⋈⋈⋈≻≺∋⋈⋈⋈≺∋⋈⋈⋈⋈⋈⋈⋈⋈⋈⋈⋈⋈⋈⋈≻⋈⋈⋈⋈⋈⋈⋈≻⋈≻⋈⋈⋈⋈⋈⋈≺∋⋈⋈⋈⋈≻∋⋈⋈⋈⋈⊤⋈∈⋈⋈⋈≻∋⋈≻⋈≻⋈⋈⋈⋈⋈⋈⋈≺∋⋈≻≺⋈⋈⋈⋈⋈⋈⋈≺⋈⋈⋈≺∋⋈⋈⋈∋≻⋈∋∋⋈⋈⋈⋈≻≺∋∋∋∋∋⋈⊤∈⋈⋈⋈≻∋∋⋈⋈⊤∈∋∋⋈⋈⋈⋈∋⋈⋈⋈⋈⋈⋈⋈⋈⊙⋈⋈⋈⋈⋈⋈⋈⋈⋈⊙⋈⋈⋈⋈≻⊤⋈⊥⊤∈⋈⋈⊙⊤∈∋⋈⋈≻∋⋈⋈≻∋⋈⋈≻∋⋈⋈≻⊡⋈≻⋈⋈⋈⋈⋈⋈⊞⋈⋈⋈⋈⊞⊤⋈⋈∈⋈⊤∈⋈⋈≺⊤∈⋈⊞⋈⋈≺∋∋⋈⋈⊤∈⋈⋈⋈⋈≺⋈⋈⊤∈⋈⋈⊞⋈⋈⋈≺∋∋⊤∈⊞⊙⊤∈⊤∈⋈⋈⋈≺⊤⋈∈⋈⊞⋈⋈≺∋∋⊤∈⋈⋈≺⊤∈⋈⊞⋈⋈≺∋∋⊤∈⊞⊙⊤∈∋∋∋∋⋈⋈⋈≻⋈⋈⋈⋈⊤∈⋈⊤⋈⊥⋈∈⊤∈⋈⋈⋈⋈≻∋⋈⋈⋈⊤∈⊞∈⋈∈∈⋈≻∋⊤∈⋈⊞⋈⋈⋈≻⋈⊤∈∋≺∋⋈⋈⋈⋈⋈⋈⊤∈⋈⋈⊤⋈∈⊞⋈⋈⊞⋈⋈⋈⋈⊤⋈∈⋈⊞⊞≺⋈⋈⋈≺∋⋈⊤⊥≺∋∋⋈⊞⋈⋈∈⊤∈∋⋈⋈⋈⋈⋈⋈⋈⋈⋈⋈⋈≻⋈⋈⋈⋈⋈⊤∈⋈⋈⋈≻∋⋈≺⊤∈⋈⊤∈⋈⊤∈⋈⊞⊤∈∋⊞⋈⋈≺∋⊞∈⋈⊞⊞∈∋≺∋⊞⊤⊥⋈⋈⋈∋⋈⋈⋈⋈⋈⋈⋈⋈⋈⋈⊞⋈∈⋈⋈⊤∈⊤∈⋈⋈⊤∈⋈⋈⋈⊤⊥⊞⊤⊥⊞∈⊞⋈⋈⊤∈⋈⊞⋈⋈⋈≻⊤∈⋈≺∋⋈⋈≻⋈≺∋⋈⋈⋈⋈⊙⋈⋈⋈⋈≺⋈⋈≺⋈≺∋∋⋈∋⊤∈⋈⋈⋈≻⋈⋈⋈∋⋈⊞⋈⋈⋈⋈⋈⋈⋈⋈⋈⋈≻⊤∈⋈⋈⊤⋈⋈⊤≺∋⋈∈⋈⊞⋈⊤⊥≺∋⋈⊞∈⊤∈∋⋈⋈⋈⋈⋈⋈⋈⋈≻⋈⋈⋈⋈⋈⋈⊤∈⋈⋈⋈≻∋⋈≺⊤∈⋈⊤∈⋈⊤∈⋈⊞⋈⊤⋈∈∋⊞∈⋈⊞⊞∈∋≺≺∋⊞∋⊞⊤⊥⋈⋈⋈∋⊤∈⋈⋈⋈≻∋⋈⋈⋈≻⊤∈⋈⋈⊤∈⋈⋈⊤∈∋⋈⊤⊥∋⋈⊞≺∋⋈⊞∈⊤∈∋⋈⋈⋈⋈⋈⋈⋈⋈≻⋈⋈⋈⋈⋈⊤∈⋈⋈⋈≻∋⋈⋈≺⊤∈⋈⊤∈⋈⊤∈⋈⊞⋈⊤⋈∈∋⊞∈⋈⋈⊞⋈⊞∈∋≺≺∋⊞∋⊞⊤⊥⋈∋⊤∈⋈⋈⋈≻∋⋈⋈⊤∈⋈⋈⋈≻∋⋈⋈⋈⋈⋈⊤∈⋈⋈⋈≻∋⋈⊤⋈∈∋≺∋⋈⋈⋈⋈≻⋈⊤∈⋈⋈⋈≻∋⋈⋈⋈⋈⋈⊤⋈⋈∈⋈⋈⋈⋈⋈⋈⋈≻⋈⋈⋈⋈⋈⋈⋈⋈⋈⋈⋈⋈≻⋈⋈⋈⋈⊤⋈∈∋⊤∈⊤∈⋈⋈≺⊤∈⋈⊞⋈⋈≺∋∋⊤∈⋈⋈≺⊤∈⋈⊞⋈⋈≺∋∋⊤∈⋈⊞⊙⊤∈⊤∈∋∋∋⋈⋈⊙⊤∈⋈⋈≻⋈⋈⋈⋈⋈⋈⋈⋈⋈⋈⋈⋈⋈≻⋈⋈⋈⋈⊤∈⊤⋈⋈⋈∈⋈⊤∈⋈⋈⊞∈⋈⋈⊞⋈⊡⊞⋈⊞⊤∈∋⋈⋈⋈⊙⊤∈⋈⋈⋈⋈⋈⋈⋈⋈⋈≺⋈⋈⊞⊞⋈≺∋⋈⋈⊞≺∋⋈⊞⋈⊞⊤⊞⊞⋈⋈⋈⋈⋈≻⋈⊤∈⋈⋈⋈⋈≻⊞⊞⋈⋈⋈⊞⋈⊞⋈⋈⋈⊤⋈⊥⋈⊤⋈⋈⋈⋈⋈⋈⊥⋈⋈⋈⋈⋈∈⊤∈⊤∈⋈⋈⋈⊞⊞⋈⋈∈⊤⋈⊥⋈⋈⊞⊞⋈⊞⊞⋈⊞⊞⋈⋈⋈⊙⋈⊞∈∋⋈⋈⊤⋈∈⋈⋈⋈≺∋⋈⊤∈⋈⋈⊡≺∋⋈⋈≻⋈⊤⋈∈⋈⋈⋈⋈⋈⋈≺⋈⋈⋈≺∋⋈⊤⋈⋈⊥⋈⋈∋⊤⋈⋈⊥⊥⊤∈⋈⊞∈⊤∈⊞⊤∈⋈⊤⋈∈∋∋∈∋⊤∈⋈⋈≻⋈∋⋈⋈⋈≺∋≺∋⋈⋈⋈⋈⋈≻⋈⊤∈⋈⋈⋈⋈⋈⋈⊞⋈∈⊞≺∋⋈⋈⋈⋈⋈⋈⋈⊙⊤∈⋈⋈⋈⋈⋈⋈⋈≻⋈⋈≺∋⋈∋⋈⋈⋈⋈⋈⋈⋈⊤∈⋈≺∋∈⋈⊤∈∋⋈⋈⋈⋈⊞⋈⋈⋈⋈⋈⋈≻⋈⊞⋈≺≺∈⋈⋈⊞⋈⋈⊤∈⋈⋈⋈⋈⋈⋈⋈⋈⋈⋈∈⋈⊞≻⋈⊤∈⋈⋈⋈≺⋈⋈⋈≻⋈⊤∈⋈⋈⋈⋈⋈⊤⋈∈⊤∈⋈⋈⋈⊤∈⋈⋈⊤⊥⋈⊞⊤⊥⊞∈⊤∈⋈⊞⋈⋈⋈≻⊤∈⋈≺⋈≺∋⋈⋈⋈⋈⊙⋈⋈⋈≺⋈⋈≺∋⋈⋈≺∋⋈∋⋈⋈⋈⋈⋈⊤∈⊤∈⋈⋈⋈⊤∈⋈⋈⊤⊥⋈⊞⊤⊥⊞∈⊤∈⋈⊞⋈⋈⋈≻⊤∈⋈≺⋈≺∋⋈⋈⋈⋈⊙⋈≺⋈⋈≺∋⋈⋈≺∋∋⊡⊡∈⋈⋈⋈⋈⊤∈⊤∈⊤⋈⊥⋈⊤∈∋⋈⊞∈⊤∈∋⋈⋈⋈⋈⋈⋈⋈⋈⋈⋈⋈≻⋈⋈⋈⋈⊤∈⋈⋈⋈≻∋⋈⋈≺⊤∈⋈⋈⊤∈⋈⊤∈⋈⊞⋈⊤⋈∈∋⊞∈⋈⊞⊞∈∋≺≺∋⊞∋⊞⊤⊥⋈⋈⋈∋⋈⋈⋈⋈⊤∈⋈⋈⋈≻∋⋈⋈⋈⋈≺∋≺∋⋈⋈⊤∈⊤∈⋈⊤⋈∈∋⊤∈⊞⋈⋈⋈⋈⊞⋈⊤⊥∈⋈∋⋈⋈⋈⊞⋈⋈⋈⋈⋈⋈⋈⋈⋈∈∈⋈≻⊤∈⋈⋈⋈⊤⊥⋈⋈⋈⋈⋈⋈⋈≻⋈⋈⋈⋈⋈⋈⊤∈⋈⋈⋈≻∋⋈⋈⊤∈⋈⋈⋈≻∋⋈⋈⋈⊤∈⊤∈⊤∈∋⋈⋈⋈⋈≻⋈⋈⊤∈⋈⋈⋈⋈⋈⊞⊞⋈⋈⋈⋈⋈⋈≻⋈⋈⋈⋈⋈⊤⊥∈⋈⋈⋈∋⋈⋈⋈⋈⋈⋈⋈⋈⋈⋈⋈⊤⊥⋈⋈⋈⊤⊥⋈⋈⊞⋈⋈⊞⋈∈⋈⋈⊤⋈∈⊤∈⊤∈⊤∈⊞⊤∈⋈⋈⊞⋈⋈⋈≻⋈⊤∈⋈⋈≺∋⋈⋈≻⋈≺∋⋈⋈⋈⋈⊙⋈⋈≺⋈⋈⋈≺∋⋈⋈⋈≺∋⋈∋⋈⋈⋈⋈⋈≻⋈⋈⋈⊤∈⊤∈⋈⋈⋈⋈≻⊞≺⊤∈∋⋈⋈⊞⋈⊞⋈≺∋∋⋈⋈⋈⋈⋈⋈⊞⋈⋈⋈⋈⋈≻⋈⋈⋈⋈⋈⋈⊤∈⋈⋈⋈⊤∈⋈⋈⋈⋈≻∋⋈⋈⊤∈≺⋈⋈⋈⋈⋈⋈⋈⋈⋈⋈⋈⋈⊤∈⋈⋈⋈⋈≻∋⊡⊡⋈⋈⊞⋈⋈⋈⋈⋈⋈⋈⋈⋈⋈⋈⋈⋈∈⋈≻⊤∈⊤∈⋈⋈⋈⋈≻∋⋈⊤⋈∈⋈⋈⋈≻∋⋈⊤∈∋≺⋈⋈⊤∈∋⋈⋈⋈≻∋⋈⊤∈∋⋈⋈⋈≺⊤⋈∈⋈⋈⋈≻⋈⋈⋈⊞⊞⋈⋈⋈≻⋈⋈⊤∈⋈⋈⋈≻∋⋈⊤∈⋈⋈⋈≻∋⋈⋈⋈⋈⋈⋈⋈⋈≺∋≺∋∋∋⋈⋈⋈≻⋈⋈⊤∈⋈⋈⋈≺⋈⋈⋈⋈≻⋈⋈⊤∈⋈⋈⋈⋈⋈≺⋈⋈⊤∈⋈⋈⊙⋈⊤∈⋈⋈⋈⋈⋈⋈⋈⋈⊞⋈∈⋈⋈⊞⊤∈∋⋈⋈⋈⊡⋈⋈⊞⋈⊤⊥∈⋈⋈∋⋈⋈⋈⋈⊞⋈⋈⋈⋈⋈⋈⋈⋈⋈⋈∈∈⋈≻⊤∈⋈⊤∈∋⋈⋈⋈⋈⋈∈⋈⋈⊤∈⊤∈⋈⋈⊤∈⋈⋈⊤⊥⋈⊞⊤⊥⊞∈⊤∈⋈⋈⊞⋈⋈⋈≻⋈⊤∈⋈≺∋⋈⋈⋈⋈⊙⋈⋈⋈⋈⋈⋈≺∋⋈⋈≺∋⋈⋈≺∋⋈⋈⋈⋈⋈⋈⋈⋈⊤⋈⊥⊤⋈⊥⊤∈⋈⋈⋈⋈⋈⋈⋈≻⋈⋈⋈⋈⋈⋈⋈⋈⋈⋈⋈≻⋈⋈⋈⋈≺∋⋈⊤∈⋈⋈⋈⋈≻∋⋈⋈⋈⋈⊞⊤∈∋⋈⋈⋈⋈⋈⋈⋈⊤∈⋈⋈⊤∈⋈⋈⋈⋈⋈⋈⊤∈∋⋈⊙⊤∈⋈⋈≻⋈≺⋈⋈≻⋈⋈⋈⋈⋈⋈⋈⋈⋈⋈≺⋈⋈⋈⋈≺∋⋈⋈⊞⊤⋈⋈⊥⋈⊤⊥⊥⋈⊞⊞∈⋈⊤∈⊤∈⊤∈⋈⋈⊞∈⊞⋈⊡⊞⊞⊤∈∋⋈⊙⊤∈⋈⋈⋈⋈⋈⋈⋈⋈⋈⋈≺⋈⊞⊞⋈≺∋⊞≺∋⋈⋈⊞⊞⊤⊞⊞⋈⋈⋈⋈⋈≻⋈⋈⊞⋈⋈⊤∈⋈⋈≻⋈⊞⊞⋈⋈⊞⋈⊞⋈⋈⋈⋈⋈⋈⋈⊤⋈⋈⊥⋈∈⊤∈⊤∈⋈⋈⋈⊞⊞⋈⋈⋈⋈∈⊤⋈⊥⋈⋈⊞⊞⋈⊞⊞⋈⊞⊞⋈⋈⋈⊙⋈⊞∈∋⋈⋈⊤∈∋⋈⊤∈⋈⋈⋈≻∋⋈≺⋈⋈⋈⊡≺∋⋈⋈⋈≻⋈⋈⊤∈⋈⋈⋈⋈≺⋈⋈≺∋⊤⋈⋈⊥⋈⋈∋⋈⊤⋈⋈⊥⊥⊤∈⊞⋈∈⊤∈⊞⊤∈⋈⊤⋈∈∋∋∈∋⋈⊤∈⋈⋈⋈≻∋⋈≺∋≺∋⋈⋈⋈≻⋈⊤∈⋈⋈⋈⋈⋈⊤⋈⋈⊥⋈⊤⊥⊥⋈⋈⋈⋈⊞⊞∈⋈⊞⋈≻⋈⋈⋈⋈⋈⊤∈⋈∋⊤∈⊤⋈⋈⊥⋈⊤⊥⋈∈⊤∈⊞⊤∈⋈⊤⋈∈∋∋∈∋⊞⊞⊤∈∋⋈⊙⊤∈⋈⋈⋈⋈⋈⋈⋈⋈⋈⋈⋈≺≺∋⋈⋈∋⊤∈⋈⋈⋈⋈≻∋⋈⊤∈⋈⋈⋈⋈≻⋈⋈⋈≺⋈⊙⊤∈⋈⋈⋈⋈⋈⋈⋈≻⋈⋈⋈≺∋∋∋∋⋈⋈⊤∈⋈⋈≺⊤∈⋈⊞⋈⋈⋈≺∋∋⊤∈⋈⋈⊙⊤∈⋈≺∋∋⋈⊤∈⋈⋈⋈⋈≻∋⋈⊤∈⋈⋈⋈⋈⊤∈⊤∈⋈⊙⋈⊤∈⋈⋈⋈⋈⋈⋈⊞⋈⊞⋈⋈⊞⋈⋈⋈⋈⋈⋈≺⋈⋈⋈⊞⊙⋈⊙⊤∈⋈⋈≻⋈⋈⋈≻∋⋈⋈≻∋⋈⋈≻⋈⋈⋈⋈⋈⋈⋈⋈⋈⋈⋈⋈≺∋∋⋈⋈∈⋈⊤∈⋈⋈⋈≻∋⊞⊤∈∋⋈⋈⋈⊤∈∋∋⋈⋈⋈⋈⋈⋈⋈⋈≺⋈⊤∈⋈⋈⊙⊤∈⋈⋈⋈≺⋈⊞⊤⊥∈⋈⋈⋈⋈⋈⋈≻⋈⋈⊞⊞⋈⋈⋈⋈⋈⋈⋈⋈≻⋈⋈⋈≻⊤∈⋈⋈⋈⋈≻≺∋∋⊞⋈⋈⊤∈⋈⋈⊤∈⋈⋈⊞⋈⊤⊥∈⋈⋈∋⋈⋈⋈⋈⋈⋈⊞⋈⋈⋈⋈⋈⋈⋈⋈⋈⋈∈⋈≻⊤∈⋈⋈⋈⊤⋈⋈⋈∈∋≺⊤∈⋈⋈⋈≻⋈⋈⊞⊞⋈≻⊞∈⋈⋈⋈⋈⋈⋈⋈⋈⋈⋈⋈⋈⋈⋈⋈⋈⋈⋈⊞⊤∈∋⋈⋈⋈⋈⋈⊙⋈≻⋈⋈⋈⊙⋈⊤∈⋈⋈⋈≻∋⋈⊤∈⋈⋈⋈≻∋⋈⋈⋈⋈⋈⋈⋈⋈≺∋∋⊞⊞≺∋⋈⊞∈⋈⋈⊤∈∋⋈⋈⋈≻⊞⊞⋈⋈⋈≻⋈⋈≻⋈⊤∈⋈⋈⋈≻∋⊞⊞⊤∈∋⊞⋈⋈⋈≻⋈⋈≻⋈⊤∈∋⋈⋈⋈≻≺∋⋈⋈⋈⊤⋈⋈∈⊤∈⋈⋈⊤∈⋈⋈⊤⊥⋈⊞⊤⊥⊞∈⊞⊤∈⋈⊞⋈⋈⋈≻⊤∈⋈≺∋⋈⋈⋈⋈⊙⋈⋈⋈≺⋈⋈≺∋⋈⋈⋈≺∋∋⊞∈⋈⋈⊤∈∋⋈⋈⋈≻∋⋈⋈≻⊞⋈⊤∈⊤∈∋⋈⊤⋈⋈⋈∈⊤∈⋈⊤∈⋈⋈⊤⊥⋈⊞⊤⊥⊞∈⊞⊤∈⋈⊞⋈⋈⋈⋈≻⋈⊤⋈∈⋈≺∋⋈⋈⋈⊙⋈⋈⋈⋈⋈≺⋈⋈≺⋈⋈≺∋∋⋈∋⋈⋈⋈⋈⋈⋈≻⋈⊤∈⋈⊞⋈∈⋈⋈⋈⋈⋈⋈⋈⋈⋈⋈⋈⋈⋈⋈⋈⋈⋈⋈⊞⊤∈∋⋈⋈⋈⋈≻⋈⋈⊞⊞⋈⋈⋈⊞⊞⋈≺∋⊞⋈⋈≻⋈⋈≻⋈⋈⋈⋈⋈≺∋⋈⋈⋈⋈⋈≻⋈⋈⊤∈⋈⊤∈⋈⊞⋈⊤⋈∈∋⋈⊤⊥≺≺∋⋈⊞∋⋈⊞∈⊤∈∋⋈⋈⋈⋈⋈⋈⋈⋈⋈≻⋈⋈⋈⋈⋈⊤∈⋈⋈⋈⋈≻⋈∋⋈⋈≺⊤∈∋∋∋∋⋈⋈⋈≻∋⋈⋈∈⋈⊞⋈⋈⋈≻⋈⋈⋈⊤⋈∈∋≺∋⊤⋈⋈∈⋈⊞⋈⊞⊥⋈⊤⊥⋈⊥⊥⋈⊞∈⋈⊤∈∋⋈⋈≻∋∋⋈⋈≻⋈⊞⊤⊥⊞⊤∈⊞⋈⊞⊥≺∋⋈⋈⊤∈∋∋⋈⋈⊤∈∋⋈⋈⋈⋈⋈⋈≻⋈⋈⋈≺∋⋈⊤∈⋈⋈⊞⋈⋈∈⋈⋈⋈⋈⋈⋈⋈⋈⋈⋈⋈⋈⋈⋈⋈⋈⊞⊤∈∋⋈⋈⋈⋈⋈⋈⊙⋈⋈⋈≻⋈⊤∈⋈⋈⋈⋈≻∋⋈⋈⋈⋈⋈⊤⋈⋈∈⋈⊤⋈⋈∈⊤∈⋈⋈⋈⋈⋈≺∋∋⋈⋈∋⋈⊤∈⋈⊤∈⋈⊞⋈⊤⋈∈∋⊞∈⋈⋈⊞⋈⊞∈∋≺≺∋⊞∋⊞⊤⊥⋈⋈∋⊤∈⋈⋈⋈⋈≻⋈∋⊞⊤⋈∈∋≺⊤∈⊤∈∋⋈⋈⋈⊤∈⋈⊤∈⋈⋈⋈⋈⊤∈⋈⋈⋈⊤⊥⋈⊞⊤⊥⊞∈⊞⊤∈⋈⋈⊞⋈⋈⋈≻⋈⊤∈∋⋈≺∋⋈⋈≻∋⊞∋⋈⋈≻∋⋈≻⋈≺∋⋈⋈⋈⊙⋈⋈≺⋈⋈≺⋈⋈⋈≺∋∋⋈∋⋈⋈⋈⋈⋈⋈≻⋈⊤∈⋈⊞⋈⋈∈⋈⋈⋈⋈⋈⋈⋈⋈⋈⋈⋈⋈⋈⋈⋈⋈⋈⋈⊞⊤∈∋⋈⋈⋈⋈≻⋈⋈⊞⊞⋈⋈⋈⊞⊞⋈⋈≺∋⋈⊞⊞⋈≻⋈⋈≻⋈⋈⋈≺∋⊤∈∋⋈⋈⋈⋈≻≺∋≺∋∋∈⋈⊙⊤∈∋∋∈⋈⋈≻∋∋⋈⋈≻∋⋈≺∋⋈⋈≻∋∋⊤∈⊤∈⋈⊤∈∋∋⋈⋈⊙⊤∈∋⋈⋈⋈⋈⋈⋈⋈⋈⋈≺⋈⊞⋈⋈⋈⋈⋈⋈≻⋈⋈⊤∈⊤∈⋈⊤⊥⋈⊞⊞⊥⊞∈⋈⊡⊞⊞⊤∈⋈⊡⊞⋈≺∋⊞⊤∈⋈⋈≻⋈⋈⋈⋈⋈⊤∈∋⋈⋈⋈⋈⋈⋈⋈⋈⋈⋈⋈⋈≻⋈⋈⊤∈⋈⋈⋈≻∋⋈⋈⋈⊞⊤∈∋⋈⋈⋈⋈⋈⋈⋈⋈⋈⋈⋈⋈⋈⊤∈⋈⋈⋈⋈⋈⋈⋈≺⋈⋈⋈⋈⋈≺∋∋∋⋈⋈⊙⊤∈∋⋈⋈≻∋⋈≺∋⋈⋈≻∋⊞∋⋈⋈≻∋⊞∋⋈⋈≻∋⋈⊞⊥⋈⊞⊤⊥⊞∈⊤∈⋈⊞⋈⋈⋈≻⊤∈⋈⋈≺∋⋈⋈⋈⊙⋈≺∋≻⋈⊞⋈⋈⋈⋈⋈⋈⋈⋈⋈⋈⋈⋈⋈⋈⋈⊙⋈⋈⋈⋈⋈⋈⋈⋈⋈⊞∈⋈⋈∈⋈⋈⊤∈⋈⋈⊤∈⋈⋈⋈⋈⋈⋈≺∋⊤∈⋈⋈⋈⋈⊙⋈⋈⋈⊤⋈∈⋈⋈⋈⋈⊙⋈⋈⋈⋈∋⋈≻⋈⋈⋈⋈⊙⊤∈⋈⋈⋈⊤∈⋈∋⋈⋈⋈⊤∈⋈∋⊤∈⋈⊤∈⋈∋⊤⊥⋈⊤∈⋈∋⋈⊤⊥⊞⊙⊤∈∋∋⋈⋈⋈⋈⊙⋈⊞⊤∈∋∋⋈⋈⊞⋈⋈⋈∈⊞⋈⋈⊞∈⋈⊤∈⋈⋈⋈≻∋⋈≻⊞⊞∈∋∋⋈≻⊤∈⋈⋈⋈∈⋈⊤∈⋈⋈⋈≻∋⋈⋈⋈⋈⋈⋈⋈⋈⋈⋈⋈⋈⋈⋈⋈⋈≻⋈⊤∈⋈⋈⋈⋈⋈⋈⋈⋈⋈⋈⋈⊤∈⋈⋈⋈⋈⋈≺⋈⊤∈⋈⋈⊞⋈⋈⋈⋈≺∋∋⋈⋈⋈⊤∈⋈⋈⋈⋈⋈≺⋈⋈⊤∈⋈⋈⊞⋈⋈⋈⋈≺∋∋⊤∈⊞⊙⊤∈⋈⊤∈⋈⋈≺⊤∈⋈⊞⋈⋈≺∋∋⋈⋈⊤∈⋈⋈⋈≺⋈⋈⊤∈⋈⊞⋈⋈≺∋∋⊤∈⊞⊙⊤∈∋∋∋⋈⊤∈⋈≺⊤∈⋈⊞⋈⋈≺∋∋⋈⋈⊤∈⋈⋈⋈≺⋈⋈⊤∈⋈⊞⋈⋈≺∋∋⊤∈⊞⋈⊙⊤∈⋈⊤∈⋈⋈≺⊤∈⋈⊞⋈⋈≺∋∋⊤∈⋈≺⊤∈⋈⋈⊞⋈⋈⋈≺∋∋⊤∈⊞⋈⊙⊤∈∋⋈⋈⋈≻⋈⋈⋈⋈⋈⋈⋈≻⋈⋈⋈⋈⋈⋈≻⋈⋈⋈⋈⋈⋈⋈⋈⋈⋈⋈≻⋈⋈⋈≻⋈⋈⋈⋈⋈⋈⊤∈⋈⋈⋈⋈⊡⋈⋈⋈⋈⋈⋈⋈≻⋈⋈≻⋈⋈≻⋈⋈≻⊤∈⋈⋈⋈⋈⋈≻⊤∈⋈⋈⋈⋈⋈≻⊤∈∋⋈⋈⋈⋈⋈⋈⋈⋈⋈⋈⋈⋈⊤∈⋈⋈⋈⋈≻⋈⋈∋⋈⊤∈⋈⋈⋈⋈≻∋⋈⋈⋈⋈⋈⋈⋈⋈⋈⋈⋈⋈≺∋⋈⋈≺∋∋⋈⋈⋈≺⋈⋈⋈⋈⋈⋈⋈≻⋈⋈≻⋈⋈≻≺∋∋∋⋈⋈⋈∋⋈≻⋈∋⋈⋈⊤∈⋈⋈⋈≻∋⋈⋈⊤∈⋈⋈⋈≻⋈⋈⋈⋈⋈⋈⋈≺∋∋⋈⊤∈⋈⋈⋈⋈≻∋⋈⋈⊤∈⋈⋈⋈≻∋⋈⊤∈⋈⋈⋈⋈≻∋⋈≺⋈⋈⋈⋈⋈⊞⋈⋈⋈⋈⋈⋈⊤∈⋈⊞⋈≻∋⋈⊤∈∋∋⋈⋈≻⋈⊤⊞⋈⋈⋈⋈⋈⋈⋈⋈⋈⋈⋈⋈⊤∈⋈⋈⋈≻∋⋈⋈≻∋⋈⊤∈⊞⋈∈⋈⊤∈⋈⋈≻⋈⋈⋈⋈⊞⊤∈∋≺∋≻⋈⋈⊤∈⋈⋈⋈⋈⋈⊞≻⋈⊞∈⋈⋈≻⋈⊞⊤∈∋⋈⋈⋈⋈⋈≻⊤⋈∈≺∋⋈∈⋈⋈⊞∈∋⋈⋈⋈⋈⊙⋈⋈⋈⋈⋈⋈⋈⋈⊞⊞⋈⋈⊙⋈∋⋈≺∋⊞⋈⋈⋈⋈⋈⋈≺∋⋈⊤∈⋈⋈⋈⋈≻∋⋈≻⋈⋈≺∋⊞∋⋈⋈≻∋⋈⋈⋈⋈⊙⋈⋈⋈∋⋈∋⋈⋈⋈⋈⋈∋∋⋈⋈⋈⋈⋈⋈⋈⋈⋈⋈⊤∈⋈⋈⋈⋈≻⋈∋⋈⊤∈⋈⋈⋈⋈≻∋⋈⋈≺∋⋈⋈⋈⋈⋈⋈⋈⋈⊙⊤∈∋⋈⋈≻∋∋⋈⋈⊙⊤∈∋⋈⋈≻⋈⋈⋈⋈⋈⊞⋈⋈⋈⋈⊤∈⊤∈⊤∈⊤∈∋⋈≺≺⊞⊤⊥⊞⋈⋈⋈⋈⋈⋈≻⋈⊤∈⋈⋈⊤∈⊞≺⊤∈⋈⊞⋈∈⊤∈⊞⋈⊞⊤⋈∈∋⊤∈∋⋈⋈≺∋∋∋⋈⊞⋈⊤∈⊤∈⋈⋈⋈≻⋈⋈⋈≺⊤∈⊞⋈⋈≻⋈⋈≻⋈⋈⋈≺⋈⊤∈⊤∈⋈≺∋∋∋∋∋∋∋∋∋⋈⋈⋈⋈⋈⋈⋈⊞⋈⋈⋈⋈⋈⊣⋈⋈⋈∋⋈⋈⋈⋈∋∋∋⋈⋈⋈⋈≺∋∋⋈≺∋⋈⊤∈⋈⋈⋈≻∋∋⊞⊤∈⋈⊞⋈⋈⋈⋈⋈⋈≻⋈∋⋈⋈⋈⊡≺⋈⋈⋈⋈⋈⋈⋈⊤∈⋈⋈⋈⋈≻≺⋈⋈⋈⋈∋∋⋈⋈⋈⋈⋈⋈∋⋈⋈⋈⋈⋈⋈⋈∋∋⊞⋈⋈⋈⋈⋈⋈⊣⋈⋈⋈⋈⋈⋈⋈⋈⋈⋈⋈≻⋈⋈⋈⋈⋈⊤∈⋈⋈⋈⋈⋈⋈⋈≻⊤⊥⊤∈∋⋈⋈⋈≻⋈⋈⋈⋈⋈≻⋈⋈⋈⊤∈⋈⊤∈⊤⋈∈⊞⊤∈⋈⋈⋈≻⋈⋈⋈⋈≻≺⋈≺∋⋈⋈⋈⋈≻⊞⊤⊥⋈≺∋⋈⋈⋈≻⋈⋈⋈⋈⋈≻⋈⋈⋈⋈⋈⊤∈⋈⋈⋈⋈⊙⋈⋈⋈⋈⋈⋈⋈⋈≻⊤⋈⊥⋈⋈⋈≻⊤⊥⊤∈⋈⋈⋈≻⋈⋈⊞⊞⋈⋈≻⋈⋈⋈⊤∈⋈⋈⋈≻⊤⊥⋈⋈⋈≻⊤⊥⊤∈⋈⋈⋈≻⋈⋈⋈⋈≻⋈⋈⋈⋈⋈⊤∈⋈⋈⋈⋈⋈⊞⊤⊥⋈⋈⋈⋈⋈≻⊤∈⋈⋈⋈⋈⋈⋈⋈⋈≻⋈⋈⋈⋈⋈⊤∈⋈⋈⋈⋈⋈⋈⋈⋈⋈⋈⋈⋈⋈⋈⋈⋈⋈⋈⋈⋈⋈⊙⋈⋈⋈⋈⋈⋈⋈⋈⋈∈∈⋈≻⋈⋈⋈⋈≻⋈⋈⋈⋈⋈⊤∈⋈⋈⋈⋈⋈≺⋈⋈⋈⊡⋈⋈⋈⋈⋈⊤∈⋈⋈⋈⋈⋈⋈⋈⋈⋈⋈⋈⋈⋈⋈≻⋈⋈⋈⋈⋈⊤∈⋈⋈⋈⋈⋈⊤∈⋈⋈⋈⋈⋈⋈⋈⋈≻⋈⋈⋈⋈≻⋈⋈⋈⋈⋈⋈⋈⋈⋈⋈⋈⋈⋈⋈⋈⋈⋈⋈⋈⋈⋈⋈⋈⋈⋈⋈⋈⋈⋈⋈⋈⋈⋈⋈⋈⋈⋈⋈⋈⋈⋈⋈⋈⋈⋈⋈⋈⋈≻⋈⋈≻⋈⋈≻⋈⋈⊤∈⋈⋈⋈≻∋⋈⋈⊤∈⋈⋈⋈≻∋⋈⋈⋈⊤∈⋈⋈⋈≻∋⋈⋈⊤∈⋈⋈⋈≻∋⋈⋈⊤∈⋈⋈⋈⋈≻⋈⋈⊤∈⋈⋈⋈≻≺⋈⋈⋈⋈⋈∋∋⋈⋈⊤∈⋈⋈⋈≻∋⋈⋈⊤∈⋈⋈⋈≻∋⋈⋈⊤∈⋈⋈⋈≻∋⋈⊤⊥⊞⊤∈⋈≺∋⋈⋈≻∋∋∋⋈⋈⊤∈⋈⋈⋈≻∋⋈≻⋈⋈⊤∈⋈⋈⋈≻≺⋈⊤∈⋈⋈⋈⋈≻∋⋈⊤∈∋⋈⋈⋈≻≺∋⋈⋈⋈⋈⋈⋈⋈⊤∈⋈⋈⋈≻≺⋈⋈⋈⋈≻⋈⋈⊤⋈∈⋈⋈⋈≻≺⋈⋈⋈⋈⋈≺∋⋈∋∋⋈⋈≻⋈⋈⋈⋈≻⋈⋈⋈⋈≺∋∋∋⋈≺∋⋈⋈⋈≻⋈⋈⋈⋈⋈∋∋⋈⋈⋈≺∋⋈⊤∈⋈⋈⋈≻≺⋈⋈⋈⋈∋⋈⋈≺∋⋈⋈⊤∈⋈⋈⋈≻≺⋈⋈⋈⋈≺∋⋈⋈∋∋⋈≻∋∋⋈⊤∈⋈⋈⋈≻≺∋∋⊤∈∋⋈⊤∈⋈⋈≻≺∋⊤∈⋈≻∋⋈⋈⊤∈⋈∈⋈≻⊞⊞∈∋∋⋈⋈⋈⋈≻≺∋⋈⊤∈⋈⋈⋈⋈⋈≻⋈≺∋⋈⊞⋈≺∋⋈⋈≻⊞⋈⋈⋈⋈⋈⋈⊣⊡⊡⋈⋈⋈⋈⋈⋈⋈⋈⋈≻⋈≺∋⋈⋈⋈⋈⋈≻⊡⊞⊤∈⊞≺∋∋⊞⋈⋈⊤⊥⋈⊞⊤⊥⊞⋈⊞⊞⊤⊥⊤⊥⊞⊞∈⋈⋈⋈⋈⋈⋈⋈≻≺⋈⊡⋈≺∋⋈⋈⋈≺∋∋∋⊞⋈⋈⋈⋈⊣
0x403e37	⊢⋈⋈⋈⋈⋈⋈⊞⋈⋈⋈⋈⊤∈⋈⋈⋈⊞⋈∈⋈⊤∈⊤∈⋈⋈⊙⊤∈⋈⋈⋈⋈⋈⋈⋈⋈⋈⋈⋈⊤∈⋈⋈⋈≻≺⋈⊞⋈⊞⋈⋈⋈⋈⋈⋈≻⋈⊤⋈⋈⊥⊤∈⋈⋈⋈≺∋⋈⊤∈⋈⋈⋈⋈≺⋈⊤∈⋈⊞⊞⋈⋈⋈≺∋∋⊤⊥⊤∈⊞∈⋈⊡⊞⊤∈∋∋⋈⊤∈⋈∋⊤∈⊤∈⊤⋈⋈⊥⊤∈⊞⋈⋈≺∋⋈⊤∈⊤⋈⋈⊥⊤∈⊞⋈⋈≺∋⋈≺∋⊤∈⋈⋈≻∋⋈⋈≻⋈⋈⋈≻∋∋⋈⊤∈⋈⋈⋈≻∋∋⊞⊞⊤∈∋∋⋈⋈⋈⋈⋈∋∋⊞⋈⋈⋈⋈⋈⋈⊣
0x444280	⊢⋈⊞⊤⊥⋈⋈⋈≺⋈⋈⋈⋈⋈⋈⋈⊞⊤∈⋈⋈⊤∈⊤∈⊤∈≺∋⋈⊞⊞⋈⋈⋈⋈⋈⋈≺⋈⋈⊤∈∋⊤∈⊤∈⋈⋈⋈⋈⋈≻⊤∈⋈⋈≻⊤∈⋈⋈⋈⋈⋈⋈⋈⋈⋈⋈⋈⋈⋈⋈≻∋⋈≺∋∋∋∋⋈⋈⋈⋈⋈⋈⋈⊡∈⋈⋈≻⋈⊤∈⊞≺⋈⊤∈⋈≻≺∋⋈⋈⊙⋈⊤∈⋈⋈⊙⊤∈∋≺∋∋∋⋈⊞⋈⋈⋈⋈⋈⋈⊣
0x41f3f0	⊢⋈⋈⋈⋈⋈⋈⋈⊞⋈⋈⊤∈⋈⊤∈∋⋈⋈⋈⋈⋈⋈⋈⋈⋈⋈⋈⋈⋈⋈⋈⋈⋈⊤∈⋈⊙∋⋈⊤⊥⋈≻⊤∈⊤∈⋈⋈⊤∈⋈⊙⋈∋⋈⋈⋈⋈⋈⋈⋈⊞≻⋈⋈⋈⊡∋∋⋈⊡⋈⋈⊞⊞≺∋⊞⋈⋈⋈⋈⋈⋈⊣
0x4136ed	⊢⋈⋈⋈⋈⋈⋈⊞⋈⋈⋈⋈⋈⋈⋈≻⋈⋈⊞⊤∈⋈⊤∈⋈⊞⊤∈∋⋈⊞⋈⋈≺∋⋈⊤⊥≺∋⋈⋈⊞⋈∈⊤∈∋⋈⋈⋈⋈⋈⋈⋈⋈⋈≻⋈⋈⋈⋈⋈⊤∈⋈⋈⋈≻⋈∋⋈≺⊤∈⋈⋈⋈≻⋈⋈⋈⋈⋈⋈⊞⋈⋈⋈⋈⋈⋈⋈⋈⊞∈⋈⋈≺∋⊤∈⋈⋈⊤∈⋈⋈≺∋⊤∈⋈⊤∈⋈⋈≺∋⊤∈⊤∈⋈⋈⊞⋈≺⊤∈⋈⋈⊞⋈⋈⋈≺∋∋⊤∈⋈⋈⋈⋈≺⊤∈⋈⋈⋈⊞⋈⋈⋈≺∋∋⊤⋈∈⋈⋈≺⊤∈⋈⊞⊞⋈⋈≺∋∋⋈⊞⋈⋈⊞≻⋈⊤⋈⊥⊤⋈⋈⊥⋈⋈⋈⋈⊞⋈∈⋈⊞∈⋈⊤∈⋈⊞⋈⋈≻⊤∈⋈⊤∈⊞⋈⋈⊞⊞∈⋈⊡⋈⊞⊞⊞⋈⊞⊞⋈⊤∈∋≺∋⋈⋈⋈⊤∈⊞⋈⊞⊞⊞∈⋈⊡⊞⊞⊞⋈⊞⊞⋈⊤∈∋≺∋⋈⊤∈⋈⋈⋈≻∋⋈⋈⋈≻⊞⊞⊥⊞⊥⋈⊞⋈⊞⊤⋈∈∋⊤∈⋈⊞⋈∈∈⋈⋈⊞⊤∈⋈⋈⊞⊥⋈⊞⊤⊥⊞∈⊞∈⋈⋈≻∋⊤∈∋⋈⊞⋈⋈⋈≻⊤∈∋⋈⋈⋈≺∋⋈⋈⋈⊙≺⋈⊞⋈∈∈⋈⋈⋈≻∋⋈⋈≺∋⋈≻∋∋∋⋈⋈⋈⋈⋈⋈⋈⋈⋈⋈⋈⋈⋈⋈⋈⋈⋈≻∋⋈⋈⊞⋈⊤⊥⊞⊞∈⊤∈⋈⋈⊞⋈⊞⋈⊞⊞⋈⊞⊞⊞⊞⊞⋈⊤∈∋∋⊤∈⋈⋈≻⊤∈∋⋈⋈≻⊤∈⋈⋈⋈⋈⋈⊞∈⋈⋈⊞∈⋈⋈⋈≻∋⊞⊞∈∋⊞⋈⋈∋⊣⋈⋈⋈⋈⊙⋈⋈≺⋈≺∋⋈≺∋⋈∋∋⋈⋈⋈⋈⋈⋈⋈⋈⊞⋈⋈⋈⋈⋈⋈≺⋈⊤∈⋈⊤∈⋈⊞⊤∈∋⊞⋈⋈≺∋⊞∈⋈⋈⊞⋈⊞∈∋≺∋⊞⊤⊥⋈∋⊤∈⋈⋈⋈≻⋈∋⋈⊤∈⋈⋈⋈≻⋈∋⋈⋈⋈⊤∈⋈⋈⊤∈⋈⋈⋈≺⋈⊤∈⋈⊞⋈⋈≺∋∋⋈⋈⋈⊤∈⊤∈⋈⊞⊞⊞⋈⋈⋈≺∋∋⊤∈⊤∈⋈⋈≻⋈≺⊤∈⊤∈⋈≻⋈⋈⊤∈⋈⋈⋈≻⋈∋⋈⋈⋈≺⋈⊤⋈∈⊤∈⋈⊤∈⋈⋈⊞⊥⋈⊤⊥⊞∈⊞∈⋈⋈≻∋⋈⊤∈⋈⊞⋈⋈⋈≻⊤∈∋⋈⋈≺∋⋈⋈⋈⊙⋈⋈≺⋈⋈≺∋∋⋈⋈∋⋈⋈⋈⋈⋈≻⋈⋈⋈⋈⋈⊤⋈∈⋈⋈⋈≻⋈∋⋈⋈⋈∋⋈⊞⊤⊥⋈≺∋∋∋⋈⋈⋈⋈⋈≻⋈⊤∈⋈⋈⋈≻∋⋈⋈⋈⋈∋⊞⋈⋈⋈⋈⋈⋈⊣
0x444120	⊢⊤∈⋈⋈⊞⊞⋈⊤∈∈⊞⋈⋈⊞⊤∈⋈⊡∈⋈⊤∈⊞⊞⊤∈∋≺∋⋈⊤∈∋⋈⊞⊞∈∋∈⊞⋈⊞⊞⊡∈⊤∈∋⋈⊣⋈⊤⋈∈∋⋈⊞⊞⊞∈∋≺∋⊞∋⊣
0x444a60	⊢⋈⋈⊙
0x444a80	⊢⋈⋈⊙
0x4431a0	⊢⋈⊤∈⋈⋈⋈⊣⋈⋈⋈⊤∈⋈⊞⋈⋈⋈⊞⊤∈⊞⊞⋈≺⋈⋈⋈⊞⊞⊞⊤∈⊞⊞⋈⋈⋈⋈⊞⊞⊞⊞⊞⊞≺∋∋∋⋈⋈⊣
0x411c59	⊢⋈⋈⋈⋈⋈⊞⋈⋈⋈⋈⋈⋈⋈⋈⋈⋈⋈⋈≻⋈⋈⋈⋈⋈⋈⊤∈⋈⋈⋈≻∋⋈⋈⋈≻⋈⋈⋈⋈⋈⋈⋈⊤⊥⊤∈⋈⊤⋈⊥⊤∈⋈⊤⋈⊥⊤∈∋⋈⋈⊞⋈≻≺∋⊤∈⋈⋈⋈⋈⋈≻≺∋∋⊞⋈⋈⋈⋈⋈⊣
0x4486d0	⊢⋈⋈⋈⋈⋈⋈⋈⊤∈⋈≻⋈⊙⊤∈∋⋈⋈≻⊞⋈⋈⋈⋈⋈⋈⊞⋈⋈⊣
0x448170	⊢⋈⋈⋈⋈⊤∈⋈⋈⋈≻⋈⊞⋈⋈⋈⋈⋈⊣
0x447790	⊢⋈⋈⊞⋈⋈⋈≻⊞⋈⊣
0x4441f0	⊢⋈⋈⋈⋈⊞⋈⋈⋈⋈⋈⋈⋈⋈⋈⋈⊞⋈⊞⊥⋈≻⊞⊤∈⋈⋈⊙⋈∋⊞⋈⋈⋈⊣
0x41f3e0	⊢≺
0x444a50	⊢⋈⋈⊙
0x444a70	⊢⋈⋈⊙
0x4153b5	⊢⋈⋈⋈⋈⋈⋈⋈⊞⋈⋈⋈⋈⋈⋈⋈≻⊤∈⋈⋈∈⋈⋈≻⋈⊤∈∋⊤∈⋈≺⋈≺⋈⋈⋈⋈⋈⋈⋈⊤∈⋈⋈⊞⊤∈⋈⋈⋈⋈⋈∈⋈⊞∈⊞≺⋈⋈∈⊤∈⋈∈⊞∈⊤∈⋈⊤∈⋈⊤∈∋⊞⋈⊞⊤∈⋈⋈⊤∈∋⊞⊞⊞≺∋∋⋈⊤∈∋⋈⋈⊞⊤∈⋈⋈⋈⋈⋈⊞⋈∈⋈⊞∈⊞⊤⋈⊥⋈⋈∈⊤∈⋈∈⊤∈∋⋈∋⋈⊞∈⊤∈∈⊤∈∋∋⊞⋈∈⊤∈⋈⊤∈⋈⊞⋈⊞⊤∈⊞⊞⊞⋈≺⋈⊞⊞⊞⊤∈⊞⊞⊞⋈⋈⊞⊞⊞⊞⊞⊞⊤∈∋⊤∈⋈≺⊤∈∈⊤∈∋⋈⋈⋈⊞≻⋈≺⊞≺⊞≺∋∋∋⋈⊤⊥⊞⊤⊥⊤∈∋≺∋⋈≺⊞⊤∈⋈⊤∈⋈⊤∈∋⊞⋈≺⋈⊞⊤∈⋈⋈⊤∈∋⊞⊞⊞≺∋⊞∋⋈⊞⊤∈∋≺∋∋∋∋⋈≺∋∋∋⊤∈⋈⊞⋈⊞⊞∈⋈⋈⊤∈⊤∈⋈⋈⋈≺⊤∈⊤∈⋈⋈≺⋈⊤∈⊤∈⋈⋈⊤∈⋈≺⊤∈∋∋⋈⋈⋈≺⋈≺⋈⊤∈⊤∈⋈⋈⋈≺∋∋∋⊞⊞⋈⊞∈⊤∈⊤∈⋈⊤∈⋈⊞⋈⊞⊤∈⋈⊞⊞≺⋈⊞⊞⊞⊤∈⋈⊞⊞⋈⋈⋈⊞⊞⊞⊞⊞⊞≺⋈∋⋈≺∋∋⊤∈⊤∈⊞⋈∈⋈⊤∈⊞∈⋈⊤∈⊤∈∈⊤∈⋈⊤∈⋈⊞⋈⊞⊤∈⊞⊞⊞⋈≺⋈⊞⊞⊞⊤∈⊞⊞⊞⋈⋈⊞⊞⊞⊞⊞⊞⊤∈⊞≺⊞≺∋∋∋⊞∈∋∋⊞⊤∈∋≺⊞⋈⋈⊥⊞⊥⊤∈⊤∈⊤∈⋈⊤∈⋈⊞⋈⊞⊤∈⊞⊞⊞≺⋈⊞⊞⊞⊤∈⊞⊞⊞⋈⋈⊞⊞⊞⊞⊞⊞⊞≺⊞∋⋈≺∋∋⊤∈≺∋⊤⋈∈∋≺∋∋∋∋∋∋∋∋∋⊤∈∋⋈⊤⋈∈∋∋⊤∈⋈⊤∈∋⋈⋈⋈⋈⊤∈∋⋈⊤∈⋈⋈≺⋈⊤∈⋈⊞⋈⊞⊞∈⋈⊤∈⋈⋈≺∋∋⊞⋈⊤∈⊞⊞∈⊤∈⋈⋈⋈⊞⋈⋈⋈⋈⊞≻⊤∈⋈⊤∈⋈⋈⊞⋈⊞⊞⋈⊞⋈⊞⊞⊤∈⋈⊞⊤∈⋈⋈⋈⋈⋈⋈⋈⋈⋈⋈⋈⊞≻⊤∈∋⋈⋈⋈⋈⋈≻∋⊞⊤⊥⋈⋈≻∋∋⋈⋈≻∋∋⋈⋈≻∋⊞⊤⊥⋈⋈≻∋⋈⋈≺∋∈⋈⋈⋈≻∋⋈⋈≺∋∋∋⋈⋈⋈≻∋⋈⋈≺∋⋈⊤∈⋈⋈∋∋⊤∈⊤∈∈⊤∈∋∋⊞⊞⊞∋⋈⋈≻∋⊞∋⊞≺∋⊤∈⊞⋈⊤∈⋈⋈⋈∈⊤∈⋈⊞⋈⋈⊞⊤∈⊞⊞⊞⋈≺⋈⊞⊞⊞⊤∈⊞⊞⊞⋈⋈⊞⊞⊞⊞⊞⊞⊤∈⊞≺⊞⋈≺∋∋∋⋈⊞⊞⊤⊥⋈⊤⊥⋈⊤⊥⊞⊞∈⋈⊤∈⋈⊞∈∋⊞⊤∈≺∋∋⊤∈∋∋⋈⋈⋈⋈⋈⋈⋈⋈⋈⋈≺∋⊤⋈∈∋≺∋∋∋∋∋∋∋∋∋∋∋⋈⋈⊞⋈⋈⋈⋈⋈⋈⊣
0x41eef0	⊢⋈⋈≻
0x445090	⊢⋈⋈≻
0x3f0550	⊢⋈⊤∈⋈⊙⋈⊞⊞⋈⋈⋈⊙⊤∈⋈∋⋈⊞⋈⊣
0x3f058d	⊢⋈⋈⋈⋈⋈⋈⋈⊤⊥⊤⊥⊤∈⋈⋈⋈⊤⋈⊥⋈⋈⊙⊤⊥⋈⊤⊥⊞∈⊤⊥⋈⋈⋈⊙⋈⊙⊞≺∋⋈⊞⋈⋈⋈⋈⊣⋈⋈⊞⋈⋈⋈⋈⊙
0x4450a0	⊢⋈⋈⊞⋈⋈⋈⋈≻
0x414e30	⊢⋈⋈≻
0x3f0630	⊢⋈⋈⋈⋈⊤∈⋈⋈⊞⋈⋈⊙⋈⋈⋈⋈⋈⊙⊤⊥⋈⊤⊥⊞∈⋈⊞⋈⊙⊞≺∋⋈⊞⋈⋈⊣
0x414e40	⊢⋈⋈⊞⋈⋈⋈⊡∈⋈⋈⊞⋈⊞⋈⋈⋈⊤∈∋⊞⋈⊞⋈⊞⋈⋈⋈⋈≻⊞⋈⊣
0x4450c0	⊢⋈⋈⋈⋈⋈≻
0x3f97e5	⊢⋈⋈⋈⋈⋈⋈⊞⋈⋈⋈⋈⋈⊞∈⋈⊞⋈⊞⊞⊞⊞⊞⋈⋈⋈≻⋈⊞⋈⊞⊞⊞⊞⋈⋈≻⋈⋈⋈⋈⋈⋈⋈⋈⋈⋈⋈⋈⋈≻⋈⋈⋈⋈⋈⋈⋈⋈⋈⋈⋈⋈⋈≻⋈⋈⋈⋈⋈⋈⋈⋈⋈⋈⋈⋈⊞⊞⊤∈∋⋈⋈⋈⊙⊞⋈⋈⋈⋈⋈⋈⊣
0x40431c	⊢⋈⋈⋈⋈⊤⊥⊤∈⋈⋈⊙⊤∈⋈⋈≻⋈⋈⋈⋈⋈⊞⋈⋈⋈⋈⋈⋈⋈⋈⋈⋈⋈⋈⋈⋈⋈⋈⋈⋈⋈⋈≻⋈⋈⋈⋈⋈⋈⊞∈⋈⋈⋈≻∋⋈⋈⋈⋈⋈⋈⋈⋈⋈⋈⋈⋈⋈⋈⋈⋈⋈≻⋈⋈⋈⋈⋈⊤∈⋈⋈⋈≻∋⊞⋈⋈⋈⋈⋈⊣⋈⋈⋈⋈⋈⋈⋈⋈⋈⋈⋈≺∋⊞⋈⋈⊣
0x3f997a	⊢⋈⋈⋈⋈⋈⋈⊞⋈⋈⋈⋈⋈⋈≻⋈⋈⋈⊞⋈∈⋈⋈⋈⋈⋈⋈⋈≻⋈⊤∈⋈⋈⋈⊞⋈⋈⋈⋈⋈⋈≺⋈⋈⋈⋈⋈⋈⋈⋈⊙⊞⊤⊞⋈⋈⋈⊙⋈⋈⋈⋈⋈⊞⋈⋈⋈≺∋⊞⋈⋈⋈⋈⋈⋈⊣
0x3f92f1	⊢⋈⋈⋈⋈⊞⋈⋈⊞⋈⋈⋈⋈⋈∈⊤∈⋈≻⋈∋⋈⊞⋈⊞⋈⋈⊞⊤⋈∈∋⋈⋈⋈⋈⊞⋈⋈⋈⋈⊣
0x3f9bfa	⊢⋈⋈⋈⋈⋈⋈⊞⋈⋈⋈⋈⋈⋈⋈≻⋈⋈⋈⋈⋈⊤∈⊤∈⊞⊤∈⋈⋈⋈⋈≻∋⊤∈⋈⋈⊙⊤∈⋈⋈⋈⋈⋈⋈⋈⋈⋈⋈⋈≺⋈⋈⋈⋈⊤⋈⋈∈⋈⋈⊤∈⊤∈⋈⊞⊥⋈⊤⊥⊞∈⊞⋈⋈⋈≺⋈⋈⋈⋈≺∋∋⋈∈⋈⋈⋈⋈⋈⋈⋈⊤⋈⋈∈⋈⋈⊤∈⊤∈⋈⊞⊥⋈⊤⊥⊞∈⊤∈⋈⊞⋈⋈⋈≻⊤∈⋈⋈≺∋⋈⋈⋈⊙⋈⊞∋⋈⋈≻∋⊤∈⋈⊞⋈⋈⋈≻⊤∈∋⋈⋈⋈≺∋⋈⋈⋈⊙⋈≺∋⋈⋈⋈⋈≺∋⋈⋈⋈⋈⋈≺∈⋈≺∋⋈⊞⋈⋈⋈⋈⋈⋈⋈⋈∈⋈⊤∈⊤∈⊤⋈⊥⋈⊤∈∋⋈⊞∈⊤∈∋⋈⋈⋈⋈⋈⋈⋈⋈⋈≻⋈⋈⋈⋈⊤∈⋈⋈⋈≻∋⋈≺⊤∈⋈⊤∈⋈⊤∈⋈⊞⋈⊤⋈∈∋⊞∈⋈⊞⊞∈∋≺≺∋⊞∋⊞⊤⊥⋈⋈∋⋈⋈⋈⋈⊤∈⋈⋈⋈≻∋⋈⋈⋈⋈⋈⋈≺∋≺∋⊤∈⊤⋈⋈∈⋈⋈⊤⋈⋈∈∋⋈⊤∈⊤∈⋈⊤⋈⋈⋈∈⋈⋈⊤⊥⊞⊤⊥⋈⋈⋈⋈≺∋⋈⊞⊥⊞⊞∈⋈⋈⋈⋈⋈⋈⋈⋈⋈⋈⋈≻⋈⋈⋈⋈⋈⊤∈⋈⋈⋈≻∋⋈⋈≺⊤∈⊤∈⊤∈⋈⋈⋈⊤∈∋⊞∈⋈⋈⊞⋈⊞∈∋≺≺∋⊞∋⊞⊤⊥⋈⋈⋈⋈∋⋈⋈⋈⊞⋈⋈⋈∈⊤∈⋈⋈≺⊤∈⋈⊞⋈⋈≺∋∋⊤⋈⊥⊤∈⊤⋈⋈⊥⊤⊥⊞⊙⊤∈∋⋈⋈⊙⊤⋈∈⋈⋈⋈⋈⋈⋈⋈⋈⋈⋈⋈⋈⊤⋈∈⋈⋈⋈⋈≻∋⋈≺⋈⋈⋈≻⊤∈⋈⋈⊤⋈⋈⊤≺∋⋈∈⋈⊞⋈⊤⊥≺∋⋈⊞∈⊤∈∋⋈⋈⋈⋈⋈⋈⋈⋈⋈≻⋈⋈⋈⋈⋈⋈⊤∈⋈⋈⋈≻∋⋈≺⊤∈⋈⊤∈⋈⊤∈⋈⊞⋈⊤⋈∈∋⊞∈⋈⊞⊞∈∋≺≺∋⊞∋⊞⊤⊥⋈⋈⋈∋⊤∈⋈⋈⋈≻∋⋈⋈⋈≻⊤∈⋈⋈⊤∈⋈⋈⊤∈∋⋈⊤⊥∋⋈⊞≺∋⋈⊞∈⊤∈∋⋈⋈⋈⋈⋈⋈⋈⋈⋈≻⋈⋈⋈⋈⋈⋈⊤∈⋈⋈⋈≻∋⋈≺⊤∈∋∋∋∋⋈⋈⋈≻⋈⊤∈⋈⊤∈⋈⊞⋈⊤⋈∈∋⊞∈⋈⋈⊞⋈⊞∈∋≺≺∋⊞∋⊞⊤⊥⋈⋈∋⊤∈⋈⋈⋈≻∋⊤∈⋈⋈⋈⋈≻∋⋈⋈⋈⋈⋈⋈⊤∈⋈⋈⋈≻∋⊞⊤∈∋⊤∈⋈⊤⋈⋈∈⊤∈⊞⊥⋈⋈⊤⊥⊞∈∋⊤∈⋈⊞⋈⋈⋈≻⊤∈⋈⋈⋈≺∋⋈⋈⋈⊙⋈≺⊞∋⋈⋈≻⋈⋈⋈⋈∋⋈⋈⋈⋈⋈≺∋∋⊤∈⊤∈∋⋈⊤∈⋈⋈⊞⊥⋈⊤⊥⊞∈⊤∈⋈⊞⋈⋈⋈≻⊤∈⋈⋈≺∋⋈⋈⋈⊙⋈⋈≺⊞∋⋈≺∋⋈≻∋⋈⋈∋⋈⋈⋈≺∋⋈⋈⋈≺∋∋⋈⋈⋈⋈⋈⋈⋈⋈⋈⋈⋈⋈⋈⋈⊤∈⋈⋈⋈≻∋⋈⊤∈⋈⋈⋈≻∋⋈⊤∈⋈⋈⋈≺≺∋∋⋈⋈⊙⊤∈⋈⋈⋈⋈⋈⋈⋈⋈⋈⋈∋⊤∈⋈⋈⋈⋈≻∋⋈⊤∈⋈⋈⋈⋈⋈⊙⊤∈⋈⋈≻∋⋈⋈≻∋⋈⋈≻∋⋈⋈≻⋈⋈⋈⋈⋈⋈⊞⋈⊞⋈⊞⋈⋈⋈⋈⋈⋈≻⋈⊤∈⋈⋈⊞⋈⋈⊞∈⋈⋈⊞⊞⊞∈⋈⋈≻⋈⋈⋈⋈⋈⋈⋈⋈⊞⊤∈∋⋈⋈≻⋈⋈⋈⋈⋈⊙⋈⋈⋈⋈⊙⋈⊞⊞⊞⊞⋈∈⋈⊞⋈⊞⋈⋈⊙⋈⊞⋈⊤∈∋⋈⋈⊞⊞⊤⋈∈∋⋈⋈⋈⊤∈⊞∈⋈⋈≻∋⊤∈⋈⊞⋈⋈⋈⋈≻⋈⋈⋈⊤∈∋≺∋⋈⋈⋈⋈⊤⋈⋈∈⋈⋈⋈⊞⋈∈⋈⋈≻⊤∈⋈⊞⊞⋈⋈⋈⊞⋈∈⋈⋈⋈⋈⊞∈⋈⋈⋈⋈⋈≻⋈⊤∈⋈⋈⋈⋈⋈⋈⋈⋈⋈⋈⋈⊙⊤∈⋈⋈⋈⋈⋈⋈⋈⋈⋈⋈⋈⋈⋈⋈⋈⋈⊤∈∈∈⋈⊞⋈⋈⋈≻⋈⊤∈⋈⋈⋈⋈⋈⋈⋈⋈⋈⋈⊤∈⋈⋈⋈⋈⋈⋈≻⋈⋈≺∋⋈⋈⋈⋈⋈⋈⋈⋈⋈⋈⋈⊞⋈⊤∈∋≺⊤∈∋≺∋∋⋈⋈⋈⋈⊤∈∋⋈⊞⊞≺∋⋈⋈⋈⋈⋈⋈⋈⊤∈∋⋈⋈⋈⋈⋈⋈⋈⋈⋈⊤⋈∈∋⋈⋈⋈⋈⋈≺∋⋈⋈⋈⋈≻⋈⊤⋈⋈∈⋈⋈∈⋈⋈⋈⊞⊥⊤∈⊤∈∋⋈⋈⊙⊤∈⋈⋈⋈⋈⋈⋈⋈⋈⋈⋈⋈⊞⋈⋈≻⊡⊞⊞⋈⋈⊞⋈⋈∈⋈⋈⋈⊤∈⊞⋈⊞⋈⊤∈⋈⋈⋈⊤⋈∈⊞⋈⋈⊞⋈⋈⊞⋈⋈⋈⋈⋈⊞⊞⋈⋈⊞∈⋈⋈⊞⊤∈⋈⋈≻∋⋈⋈≻∋⋈≻∋⋈⋈⋈≻∋⋈⋈≻∋⋈⋈≻∋⋈⋈≻⋈⋈⋈⋈⋈⋈⊞⋈⋈⋈⋈⋈⋈⋈≻⋈⋈⋈⋈⋈⋈≻⋈⋈⋈⋈≻⋈≻⋈≻⊞⋈⋈⋈⋈⋈⋈⊣⊞⊞⋈⊞⋈⋈⋈≻⋈⋈⋈⋈⋈⋈⋈⋈⋈⋈⋈⋈≻⋈⋈⋈⋈⋈⋈⋈⊤∈⋈⋈⋈≻∋⋈⋈⋈⋈⋈⋈⋈⋈⋈⋈⋈⋈⋈≻⋈⋈⋈⋈⋈⋈⋈⊤∈⋈⋈⋈≻∋⊞⊤∈∋≺∋⋈⋈⋈⋈⋈⋈⊞⋈⋈⋈⋈⋈⋈⊞⊤⋈⋈⋈⋈∈∋⋈⋈⋈⋈⊙⋈⋈≻⋈⋈⋈⊙⋈⊤∈∋∋⋈⋈⋈⊙≺∋⊤∈⊞∈⋈⋈⋈⋈⊤∈⋈⋈⊞∈⋈⊞⋈⋈⋈⊤∈⊞⋈∈⋈⊤∈⋈⋈⋈≻⋈∋⋈⊤∈⋈⋈⋈≻⋈∋⊞⊞∈∋⋈∋⊞⋈⋈⋈⋈≻⊤∈∋⋈⋈⋈⋈∋⊞⋈⋈⋈⋈≻⊤∈∋∋⋈⋈⋈⋈≻⋈⊤∈⊞⋈⋈∈⋈⋈≻⋈⊞⊞⊤∈∋∋⋈⋈⋈⋈≻⊞⋈⋈⋈⋈⋈⋈⊣⋈⋈⋈⋈⋈⋈⋈⋈⊤∈⋈⋈⋈⋈≺∋≻⋈⋈⋈⋈∋⋈≺∋∋∋⋈⋈⋈≻⋈⋈⋈⋈∋≻∋⊞⋈⋈⋈⋈⋈⋈⊣
0x3f0948	⊢⋈⋈⋈⋈⋈⋈⋈⋈⋈⊞⊤∈⋈⋈⊤⊥⋈⊞⊥⊞∈⋈⊡⊞⋈⊞⊞⊤∈⋈⊤∈⊤∈⋈⋈⋈≻⊤∈⋈⋈⋈⋈⊙⋈⋈⋈≺∋⋈⋈⋈⋈≺⋈⋈⊙⊤∈⋈⋈⋈⋈≺∋∋⋈⋈⊙⊤∈⋈⋈≻∋⋈⋈≻∋⋈⋈≻⋈⊤∈⋈⋈⋈⊣⋈⋈⊤∈⊤∈⋈⋈⋈⋈≻⋈⋈⋈⋈⋈⋈⊞⊤∈⋈⋈⋈≻⋈⋈⋈⋈⊤∈∋⋈⋈⋈≻⋈⋈⋈⊞∈∋⋈⋈⋈≻⋈⋈⋈⋈⋈⊞⋈⋈⋈⋈⊙⋈⊞⊞⊞⋈⋈⊞⋈⋈⊙⋈⊞⋈⊤∈∋⋈⋈≺⋈⋈⋈⊞⋈⋈⋈⋈⋈⊙⋈⋈⋈⊞⊞⊞⋈⊞⋈⋈⋈⊙⋈⋈⊞⊞⋈⋈⊙⋈⋈⋈⋈⋈⋈⋈⊞⊞⋈⋈⋈⋈⋈⋈⋈⋈⋈⋈⋈⋈⋈⋈⊙⋈⋈⋈⊙⋈⋈⋈⋈⋈⋈⋈⋈⊙⋈⋈⋈⋈⋈⋈⊞⋈⋈⋈⊙⊤⋈∈⊤∈⊤∈∋⋈⋈∋⋈≻⋈⋈⋈⋈⊞⋈⋈⋈⊙⋈⋈⋈⊞⋈⋈⊙⋈⊞⊞∈⋈⋈⋈⊞⊤∈∋≺∋⊞⋈⋈⋈⋈⋈⋈⊣⋈⋈⋈⋈⋈⋈⋈⋈⋈⊞⋈⋈⋈⋈⋈⋈⋈≺∋⋈⊣⋈⋈⋈⋈⋈⋈⋈⋈∋⋈⋈⋈⊞⋈∋⊞⋈⋈⋈⋈⋈⋈⊣
0x44aa9a	⊢⋈⋈⋈⋈⋈⋈⊞⋈⋈⋈≻⊞⊤∈⋈⋈⋈⋈⋈⋈⋈⋈⋈⋈⊞⊥⊞⊤⊥⊞∈⊞∈⋈⋈≻∋⋈⋈⋈⋈⋈⊤∈⋈⊞⋈⋈⋈≻⋈⋈⊤∈∋≺∋⋈⋈⋈⋈⋈⋈⊙⋈⋈⋈≻⋈⋈⋈⋈⋈≻⋈⋈⋈⋈⋈≻⊤∈⋈⋈⋈⋈⋈⋈⋈⋈≺⋈⋈⋈⋈⋈⋈≻⋈⋈⋈⋈⋈⋈⋈≻⋈⊤⋈∈⋈⋈⋈⋈⋈⋈⋈⋈⋈⋈⋈⋈⋈≻⋈⋈⋈⋈⋈⋈⋈⋈≻⋈⋈⋈⋈⋈⋈≻⋈⋈⋈⋈⋈≻⋈⋈⋈⋈⋈≻⋈⋈⋈⋈⋈≻⋈⋈⋈⋈⋈≻⊤∈⋈⋈≻⋈⋈⋈⋈⋈⋈≻⋈⋈⋈⋈≻⋈⋈≻⋈⋈⋈⋈⋈⋈≻⋈⋈⋈⋈⋈≻⋈⋈⊤⋈∈⋈⋈⋈⋈≻⊤∈∋⋈⋈⋈⋈⋈⋈⋈⋈⋈⋈⋈≻⋈⋈⋈⋈≻⋈⋈⋈⋈⋈⋈≻⋈⋈⋈⋈≻⋈⋈⋈≻⋈⋈⋈⋈≻⋈⋈≻⋈⋈⋈⋈⋈⋈≻⋈⋈⋈⋈≻⋈⋈⋈⋈≻⋈⋈⋈⋈≻⋈⋈⋈⋈⋈⋈≻⋈⊤∈⋈⋈⋈⋈≻⊤∈∋⋈⋈⋈⋈⋈⋈⋈⋈⋈⋈⋈≻⋈⋈⋈⋈≻⋈⋈⋈⋈≻≺⋈⋈⋈⋈⋈⋈⋈≻⋈⋈⋈⋈⋈⋈≻⋈⋈⋈⋈⋈⋈≻⊤∈⋈⋈⋈≻⋈⋈⋈⋈⋈⋈⋈⋈⋈⋈⋈⋈⋈⋈⋈≻⊞⋈⊤⋈⋈∈⋈⋈⋈⊡⊞⋈≻⋈≺∋⋈⋈⋈⋈⋈⋈≻⋈⋈⋈⋈≻⋈⋈⋈⋈≻⋈⋈⋈⋈≻⋈≻≺⋈⋈⋈⋈⋈⋈⋈⋈⋈⋈⋈⋈⋈⋈⋈⋈⋈⊡⋈⋈⋈⋈⋈≻⋈⋈⋈⋈≻⋈⋈⋈⋈≺⋈⋈⋈⋈⋈⋈⋈∋⋈⋈≺⋈≺∋∋∋⋈⋈⋈⋈≻∋⋈⋈⋈⋈∋≻⋈≺∋⊞⋈⋈⋈⋈⋈⋈⊣
0x409552	⊢⋈⋈⋈⋈⋈⋈⋈⋈⊞⋈⊞⋈⋈⊞⊤∈⋈⋈⋈⋈⋈≻⋈≺∋⋈⊞⋈⋈⊙⊞⋈⋈⋈⋈⋈⋈⊣
0x40ded1	⊢⋈⋈⋈⋈⋈⋈⋈⋈⊞⊤∈⋈⋈⋈⋈≻⋈≺∋⋈⊞⊤∈⊤∈⋈∈⋈⊞⊞∈∋⊞⊞≺∋⋈⊞∋⋈⋈⋈⋈⊣
0x42af30	⊢⋈⋈⋈⋈⋈⋈⋈⊞⋈⋈⋈⋈⋈⊤∈⊤∈⋈≻⊤∈⋈⊤∈⋈⋈≺∋⋈⋈⋈⊞⋈⋈⋈⋈⋈⋈⋈⋈≻⋈⊤∈⋈⋈⋈⊞⊞⋈≺⋈⋈⊤∈⋈≺⋈⋈⋈⊤⋈⋈⊥⋈⋈⋈≻⋈⋈⋈⋈⋈⋈⋈⋈⊤⋈∈⋈⊞⊡∈⊤∈⋈⊤∈⋈⊞⋈⋈∋∋⋈⋈⊞⋈⋈⋈⋈⋈⋈⋈≻⋈⊤∈⋈⋈⋈⋈⊞⊞⋈⊞⋈⋈⋈⋈⋈⋈⋈⋈⊞⊤∈∋⊞⊞⋈⋈⋈⊞⋈⋈⋈⋈⋈⋈≻⋈⋈⋈⋈⋈⊞⊞⋈⊤∈∋⋈⋈⋈∋∋⋈⋈⊞⊞⊞⊞⋈⋈⋈⋈⊞⋈⋈⋈⋈⊤⋈∈⋈⋈⋈⋈⋈≻⋈⋈⊤∈⋈≺∋⋈⋈⋈⊤∈⋈⋈≻⋈⊤∈≺∋⊤∈∋∋⋈⋈⋈∋∋⋈⊤∈⋈⊞⊞⋈≺⋈⊞⋈≺∋∋⋈⋈⋈⊞⊞≺∋∋⊡∈⋈⋈⋈⊤∈⋈⋈⊞⋈⋈≺∋⋈⊞⋈⋈⋈⋈⋈⋈≻⋈⋈⋈⋈⋈⋈⋈⋈⋈⋈⋈⋈⋈⋈⋈⋈⋈⋈⋈⋈≺∋⊞⋈⋈⋈⋈⋈⋈⊣
0x3f92b1	⊢⋈⋈⋈⋈⋈⋈⋈≻⊤∈⋈⋈≻⋈⋈⋈⊞⋈⋈⊣
0x3e99e0	⊢⋈⋈⋈⋈⋈⋈⋈⊞⋈⋈⋈⋈⋈⋈≻⋈⊤∈⋈⋈≺⋈⊤∈⋈⋈∋⋈⋈≺⋈⊤∈⋈⋈⋈≻⊤∈⋈⋈≻≺⋈⊤∈⋈⊙∋⋈≻⋈≺∋⋈⋈⋈⊤∈⋈⊞⋈≻⋈⋈⋈≺⊞∋⋈⋈⋈⊙⊞⋈⊞⊤∈⋈⋈⋈≻⋈⋈≺∋⋈⋈⊞⋈⋈⋈⊡∈∈⋈⋈≻⋈⊤∈⋈⋈⋈⋈⋈∋⊞⋈⋈⋈⋈⋈⋈⊣⋈⋈⋈⊞⊤∈⋈⋈⋈≻⋈⋈≺∋⋈⋈⋈⊙⊞⋈⊤∈∋⋈⊞⊤∈⋈⋈⋈≻⋈⋈≺∋⋈⋈⊞⋈≺∋
0x3eb0a0	⊢⋈⋈⋈⋈⊞⋈⊤∈⊤∈⊤⊥⊤∈⋈⋈≻⋈⊤∈∋⋈⋈≻⊤∈⋈⊞⊞⊞⊞⋈⋈⋈⋈⊞⋈⋈⋈⋈⊞⊞⋈⋈⋈⊞⊞⋈⋈⋈⊞⊞⋈⋈⋈⊞⊞⋈⋈⊞⋈⋈⋈⋈⋈⋈⋈⋈⋈⋈⋈⋈⋈⋈≺⋈⊞⊞⊞⊞⋈⋈⋈⋈⊞⋈⋈⋈⋈⊞⊞⋈⋈⋈⊞⊞⋈⋈⋈⊞⊞⋈⋈⋈⊞⊞⋈⋈⊞⋈⋈⋈⋈⋈⋈⋈⋈⋈≺∋⋈≺⋈≺⋈⋈⊞∋∋⋈⋈⊞⋈⋈⋈⊣⋈⋈⋈⊞⊙
0x4279f0	⊢⋈⋈⋈⋈⋈⋈⋈⊞⋈⋈⋈⋈⊤∈⋈⋈⋈⋈⊞⊞⋈⋈≻⊤∈⋈⋈≻⋈⋈⋈⋈⊙⋈⋈⋈⊤⊥⋈≺∋⋈⋈⋈⋈⋈⋈⋈⋈≻⊤∈⋈⋈⊤∈⊤∈∋⋈⊡∈⊤∈⋈⊞⊤∈∋⊤∈∋∋∋⋈⋈⊙⊤∈⋈⋈⋈⋈⋈⊞∈⋈⋈≻⋈⊤∈∋⋈⋈≻≺∋⊞⋈⋈⋈⊙⋈⋈⋈⋈⋈⋈⋈⋈≻⋈⋈⋈⊞⊤⊥⋈≺∋⋈⋈⋈⊞⊞∈⊤∈⋈⋈⋈⋈⋈⋈⋈≻≺⊞⊤∈∋⊤∈⊞⊤⊥≺∋⋈⋈⋈⋈⋈⋈⋈≻⊞⊤⋈⊥∈⋈⊤∈⊤∈∋⋈⊡∈⋈⊞⊤∈⋈⊞⋈⊤∈∋⊤∈⊞≺⊞⊞≺∋⋈⋈∋⋈⋈⊞≺∋⊤⊥⊤∈⊤⊥⊞⊞⊥⊤⊥⊞∈⊤∈⊤∈⊤∈∋⋈⋈⋈≻∋∋∋⋈⊤∈⋈⋈∋⋈⊞⊤∈⋈⊞∈∋⊞⋈⋈⋈⋈⋈⋈≻⊤∈⋈⋈≺∋≻⋈⋈⋈⋈≺⊤∈⋈⋈⋈⋈⋈≻⋈⋈⋈⋈≺⋈∋∋⋈⋈⊞⋈⊞⊤∈⋈⋈⋈⋈⋈≻⋈≺∋⋈⊞⋈⋈⊙⊞⋈∋∋⊤∈⋈⊙∋⋈⋈⋈⋈≻⋈⊤⋈∈⋈⋈⋈⋈⊤∈⋈≻⋈∋⋈⋈⊞⋈⋈⊞⋈∈⋈≻≺∋∋∋⊣⋈⊞⋈⋈⋈≻⋈⋈⊤∈∋⋈⋈⊤∈⊤∈∋⊞⋈⋈⋈⋈⋈⋈⊣∋⋈⊞⋈⋈⋈⋈⋈⋈⊙
0x4261f0	⊢⋈⋈⋈⋈⋈⋈⋈⊞⋈⋈⋈⋈⋈⋈⋈⋈⋈≻⊤∈⋈⋈⊤∈⋈⊞⋈⋈⋈⋈⋈⋈⊙⋈⋈⋈⋈⋈⊞⊡⋈⋈⋈⋈⋈≻⋈⋈⋈⊞∈⋈⋈⋈⋈⋈⋈⋈⋈⋈⋈⋈⋈⋈⋈⋈⋈⋈⋈⋈⋈⋈⋈⊡⊡⋈⊤⊥⋈⊤⊥⊞⋈∈⋈⋈⋈⊞⋈⋈⋈⋈≺∈⋈⊞⊥⋈⊞⊥⊞∈⋈⊤∈⊞⋈⊞⋈⋈⊙⊤∈⊞⊤∈⊤∈⊡⊡⋈⊞⊡⊞⊞⊤∈∋∋∋∋∋⊞⊞∈∋⋈⋈⊤⋈⋈⋈∈⋈⊤∈≺⋈⋈⊞⊥⊤⊥⊞∈⋈⊞⋈⊞⋈∈⊤∈⋈⊞⋈⊞⋈⋈⊤∈⋈⊤∈∋⋈⊤∈⋈⋈≻⋈≺⋈⋈⋈⋈⊙⋈⊞⋈⋈⋈≻⊤∈⋈⋈≻⋈⋈⋈⋈⋈≺∋∋⋈⊤∈⋈⋈⊤⋈∈⊞⊤⊥≺∋⋈⋈⋈⋈⋈⋈⋈⋈≻⋈⊞⊤∈⋈≺⋈≻⋈⋈⊤∈⋈⋈⋈≻⋈⊤∈∋⊤⊥⋈⋈⋈⊙⋈⋈⋈⋈⋈⊞⊥⊞∈⊤⊥⊞≺∋⊤∈⊤∈∋⊤∈⋈⋈⋈⋈⋈⋈≻⋈⋈⋈⋈⊞⋈⊞≺∋⋈≺∋⊞⊤∈⋈⋈⋈⋈⋈≻⋈⋈≺∋⊞⋈⋈⋈⊙⊞⋈⋈⋈⋈≻⊤∈⊤∈⋈⊙∋⊤⋈⋈∈⋈⊙⋈⋈⊡⊡⋈⋈∋⋈⊤∈⋈⊙≺⋈⋈≻≺⋈⋈⊞⊤∈⋈⋈⋈⋈⊤∈⋈⊙∋⊤∈⋈⊙∋⋈⊙⋈≺⋈≻⊤∈∋∋⋈⋈⋈≻∋∋⋈⋈⋈⋈≻⊤∈⋈⋈≻⋈⋈⋈⋈⊙⋈⋈⋈≺∋⋈⊤∈⋈⋈⋈⋈≻⊤⋈∈⋈⋈⋈⊤∈⋈≻∋⋈⋈⊞⋈⋈⊞⋈∈⋈≻≺⋈⋈⋈⋈≻⋈⋈⋈⊤∈⋈⋈⋈≻⊤∈⊤∈⋈⋈⋈⊙⊤∈⋈⋈⋈⋈⋈⋈⋈⊡⊡⋈⋈⋈⋈⊡⊡⋈≺∋∋⊤∈⋈⊙∋⋈∋⋈∋∋⊤⋈∈⋈⊙∋⋈≺⊞⊤∈∋≺∋∋∋⋈≺∋⋈∋∋∋∋∋⋈⋈⋈⋈≻⋈⋈⋈⋈⋈⋈⋈⋈⋈⋈⋈⋈⋈⋈⋈⋈⋈⋈⋈⋈⋈⋈⋈⋈⋈⋈⋈⋈⋈⊡⋈⋈⋈⊡⋈⋈⋈⋈⊡⊡⋈⋈⋈⋈⋈⋈⋈⋈≻⋈⋈⊤∈⋈⋈⋈⊙⊡⊡⋈⋈⊡⊡⋈⋈⋈⋈⊤∈≺∋⋈⋈≻⋈⋈⊙⊤∈∋⋈⊙∋∋∋⊞⋈⋈⋈⋈⋈⋈⊣
0x43d800	⊢⋈⋈⋈⋈⋈⋈⋈⋈⊤∈≻∋⋈⋈⋈∈⋈⋈⊤∈⋈⋈≻⊤∈⋈⋈⊤∈∋⋈≻≺∋∋⋈⋈⊞⋈⋈⋈⊞⋈⊤∈⋈⋈⋈≻∋⋈⋈≻⋈⊤∈⋈⊙∋⋈≻⋈⋈⋈⋈⋈⋈⋈⊞⋈⊞⋈⊞⋈⋈⋈⋈⋈⋈⋈⊞⊙⋈⋈⋈⋈⋈⋈≻⊤⊥⊤⊥⊞⊤⊥⊞⊞⋈⋈⋈⋈⋈⋈⊣⋈⋈⋈⋈⊞⋈⋈⋈⋈⋈⋈⊣
0x444610	⊢⋈⋈⋈⋈⋈⋈⊞⋈⋈⊤∈⋈⊞∈⊞⋈⊤∈⊤⋈∈∋∋∋⊤∈⋈⊞⊡∈∋⋈⋈⋈∈∈∈⊤∈⋈⋈⊤∈∋⋈⊡∈⋈⊤∈⊤⋈⊥⋈⋈⋈⋈⋈⊞⊞⊙⊤∈⊙⊤∈∋∋∋⋈⊤∈∋⋈⊞∈⊞⋈⋈⊤∈∋⊤⋈∈∋≺∋∋⊞⋈⋈⋈⋈⋈⊣
0x41eba0	⊢⋈⋈⋈⋈⋈⋈⋈⊞⋈⋈⊤∈⋈⊡∈⊞⋈⊤∈⊤⋈∈∋∋∋⋈⊞⋈⋈≺∈∈∈∈∈⋈⊞⊤∈⋈⊞⊞⋈⊤⊥⊞∈∋⊤⊥⊤⊥⊞⊤⊥⊤∈∋⋈⊡∈∋⊞⋈⋈⋈⋈⋈⋈⊣⊤∈⋈⋈⋈≻⊤∈⋈⋈⊞⊡∈∋≺∋⋈⊡∈⋈⊤∈⊤⋈⊥⋈⋈⋈⋈⋈⊞⊞⊙⊤∈⊙⊤∈∋∋∋⋈⋈⊤∈∋⋈⊡∈⊞⋈⋈⊤∈∋⊤⋈∈∋≺∋
0x406291	⊢⋈⊤∈⋈⊞⊤∈≻⋈≺⊤∈⊡⊡⊞⊞⊤∈⊞⋈∈⊤∈⊤∈∋⊞⊡⊞⊞⊞⊤⊥⊞⊞≺⊡⊞⊞⊞⊤∈∋⋈⊞⋈≺∋⊞⊞⋈⊞∈⊤∈⋈⊤⋈∈∋≺∋⋈≺∋∋∋∋⋈⋈⊣
0x3fcc25	⊢⋈⋈⋈⋈⋈⋈⊞⋈⊞⋈⊞⋈⊞⋈⊞⋈⊞⋈⋈⋈⋈⊞∈⋈⋈⊤⊥⋈⊤⊥⊞∈⋈⊡⊞⋈⊞⋈⋈⊤∈⋈⋈⊞⊞⋈⋈≺∋⊞⊤∈⋈⋈⋈≻⋈⋈⋈⊤∈⋈⋈≺⋈⋈⋈⋈⋈≻⋈⋈⋈⋈⋈⋈⋈⊤∈⋈⋈⋈⋈⋈⊙⋈⋈⋈⋈⋈⋈⊤∈⋈⋈⋈⋈⋈⋈⋈≻⋈⋈⋈⋈⊤∈⋈⋈⋈⋈⊙⋈⋈⋈⋈⋈⋈⋈⋈≻⋈⋈⋈⋈⋈⋈⋈⋈⋈⋈⋈⊤∈⊤∈⋈⊤∈⋈⋈⊞⊥⋈⊤⊥⊞∈⋈⋈⊤∈⋈⋈⋈⋈≻⊤∈⋈⋈⋈≺⊞∋⋈⋈≻⋈⋈≺∋⋈∋∈⋈⋈⋈⋈⋈⋈⋈⋈⋈⋈⊞⋈⋈⋈⋈⋈⋈⋈⋈⋈⋈⋈⋈⋈⋈⋈⋈⋈⋈⋈⋈⋈⋈⋈⋈⋈⋈⋈⋈⋈⋈⋈⋈⋈⋈≻⋈≻⋈⋈⋈⋈⊙⋈⋈⋈⋈⋈⋈⋈⋈⊙⊤∈⋈⋈⋈⋈⊙⋈⋈⋈⋈⊞⋈⋈∈⋈⊞⋈⋈≻⋈⊤∈⊤∈⊤∈∋⋈⋈⋈⋈⋈⊞⋈≻∋⋈⋈≻≺∋⊤∈⋈≻∋⋈⋈⋈⋈⋈⋈⋈≻⋈⋈⋈⋈≻⋈⊤∈⊤∈⊤∈∋⋈⋈⋈⋈⋈⊞⋈≻∋⋈⋈≻≺∋⊤∈⋈≻∋⋈⋈⋈⋈⋈⋈⋈≻⋈⋈⋈⋈⋈⋈⋈⋈⋈⋈⋈⋈⋈⊞⊤∈∋⋈⋈⋈⋈⋈⋈⋈⊙⋈≻⋈≻⊤∈⋈⋈⋈⋈⊙⋈⋈⋈⋈⊞⋈⋈∈⋈⋈⋈⊞⋈⋈∈⋈⊞⊞⋈⊞⋈⋈⊞⊤∈⊤∈⋈⊞⋈⋈⊤∈⊞⋈⊞⋈≻≺⊞⊞⊞⊞⋈⋈⋈⊞⊞⋈⊞⊞⋈⊞∈⊤∈⋈⋈⊤∈∋⋈⋈⋈⋈⋈⋈⋈≺∋⊞⊤∈∋⊤⋈∈⋈⋈⋈⋈⋈⋈≺∋⋈⋈⋈⋈⋈⋈⋈⋈⋈⋈⋈⋈⊞⊞∈⊤∈⊤∈⊤∈∋⋈⋈⋈⋈⋈⋈⋈≻⋈≺∋⋈⋈⋈⋈⋈⋈⋈⊤∈⋈⋈⊤∈∋⋈⋈≺⋈≺⊤∈⊤⊥⊤∈⋈⋈⋈⋈⋈≻⋈≺∋⋈⋈⋈⋈⋈⋈⋈⋈⋈⊤⊥⊤∈⋈⋈⋈⋈⋈∋⋈≻⋈⋈≺∋∋⋈⋈⋈⋈⋈⋈⋈⋈⋈⊤∈⋈⋈⋈≻⋈⊞⋈⊞⋈⋈≻⋈⋈⊞⊤∈∋⋈⋈⋈≻⊞⊞⋈⋈≻⋈⋈≺∋⋈⊞⋈⊞⋈⋈⋈⋈≻⋈⋈⋈⋈≻⋈⊤∈⋈⋈⋈≻∋⋈⊤∈⋈⋈⋈≻∋⋈⋈⋈⋈⋈⋈⋈⋈⋈⋈⋈⋈⋈≻⋈⋈⋈⋈⋈⋈⋈⊤∈⋈⋈⋈≻∋⋈⋈⋈⋈⋈⋈⋈⋈⋈⋈⋈⋈⋈⋈⋈≻⋈⋈⋈⋈⋈⋈⋈⋈⊤∈⋈⋈⋈≻∋⋈⊤∈⋈⋈⋈≻∋⋈⊤∈⋈⋈⋈≻∋⋈⊤∈⋈⋈⋈≻∋⋈⊤∈⋈⋈⋈≻∋⋈⋈⊤⋈⋈∈∋⋈⋈⋈⋈⋈⋈⋈⋈⋈⋈⋈⋈⋈⋈⋈⋈∋∋⋈⋈⋈⋈⋈⋈⋈⋈⋈⋈⊞⋈⋈⋈⋈⊞⊞⊤∈∋⋈⋈⋈⋈⋈⊙⊞⋈⊞⋈⋈⊙⋈⋈⊤∈∋⋈⋈⋈⋈⊙⊞⋈⋈⋈∈⊞⋈⊞⋈⋈⊞⋈⊞⊞∈⋈⊤∈⊞⊞⊤∈∋∋⊞⊞∈⊤∈⊤∈⋈⊞⋈⊞⊞⋈⋈⊞⊞⊞⊞⊞⊞⊞⊞⋈⋈≻≺⊞⊞⊤∈∋≺∋⋈⊤⊥⊤⊥⊤∈⋈⋈⋈⋈⋈⋈≻≺∋⋈⋈⋈⋈⋈⋈⋈⋈⋈∋⋈⋈⋈⋈⋈⋈⋈⋈⋈⊞⋈⋈⋈⋈⊞⊤∈∋⊤∈∋⋈⊤⋈∈⋈≺⊤∈⋈⋈⊞⊥⊞⊤⊥⊞∈⊤∈⋈⊞⋈⋈⋈≻⊤∈⋈⋈≺∋⋈⋈⋈⊙⊞∋⋈⋈≻∋⋈⊞∋⋈⋈⋈⊙⋈⋈⋈⋈≺∋⋈⋈⋈≺⋈⋈⋈≺∋∋∋⋈⋈⋈⋈⊙⋈⋈⋈⊙⋈⋈⋈⋈⋈⋈⋈⋈≻≺⋈≻≺⋈⋈⊙⊤∈⋈⋈⋈⋈⋈⋈≺∋∋∋⋈⋈⋈⋈⋈⋈∋⋈≻≺∋∋⋈⋈⊙⊤∈∋⋈⋈≻∋⋈⋈≻∋⋈⋈≻⋈⋈⋈⋈⋈≻⋈⊤∈⋈⋈≻⋈⋈⋈⋈⋈⋈⊞⋈⋈⋈⋈⋈⋈⋈⋈⋈⋈⋈⋈⊞∈⋈⊤∈⋈⋈⋈⊤∈⋈⊤∈⋈⋈≺∋⊞∈⊤∈⋈⊤⋈∈∋∈∋∋⋈⊤∈⊤∈⊤∈∋⋈⋈⊤∈⊤∈⊤∈∋⋈⋈⊤∈⋈⋈⋈⋈⋈⋈≺⋈⋈⊤∈⋈⋈⋈⊞⋈⋈⋈⋈⋈≺∋∋⊤∈⋈⋈⋈⋈⋈⋈⋈≺⋈⋈⊤∈⋈⋈⊞⋈⋈⋈≺∋∋⊤∈⋈∈⊞⋈∈⊤∈⊞⊤∈≺⋈⊤⋈∈∋∈∋∋⋈⋈⋈⋈⊤⋈⋈⋈⋈⋈⋈⋈⋈∈⊤∈⋈⋈≺⊤∈⋈⊞⋈⋈≺∋∋⊤∈⋈⋈≺⊤∈⋈⊞⋈⋈≺∋∋⊤∈⊞⊙⋈⋈⋈⋈⊤∈⊤∈⋈⋈≺⊤∈⋈⊞⋈⋈≺∋∋⊤∈⋈⋈⋈⋈≺⋈⋈⊤∈⋈⋈⊞⋈⋈⋈≺∋∋⊤∈⊞⊙⋈⋈⋈⋈⊤∈∋∋∋∋⋈⊤∈⋈⋈⋈≻⋈⋈⋈⋈∋⋈⋈⋈⋈⊤∈⊤∈⋈⊤∈⋈⋈⊞⊥⋈⊤⊥⊞∈⊤⋈∈⋈⋈⋈⋈≻⋈⋈⊤∈⋈⋈≺∋⋈⋈⋈⊙⋈⋈⋈⋈⋈⋈⋈≺⊞∋⋈⋈≻⋈⋈≺⋈≺∋∋⋈∋⋈⊤∈⋈⊤∈∋⋈⋈⋈⊤∈⋈⋈⋈⊞⊥⋈⊤⊥⊞∈⋈⋈⊤∈⋈⊞⋈⋈⋈≻⋈⋈⊤∈⋈⋈≺∋⋈⋈⋈⊙⋈⋈⋈⋈⋈⋈⋈⋈≺⊞∋⋈≻⋈⋈⋈⋈≺⋈⋈⋈≺∋∋⋈∋⋈⋈⊞∈⋈⊤∈⋈⋈⋈⋈⋈⋈⋈≻⋈⋈⋈⋈⋈⋈⋈⋈∋⋈⊤∈⋈⋈⋈⋈⋈⋈⋈≻⋈⋈⋈⋈⋈⋈⋈⋈∋∋⋈⋈⋈⋈⋈⋈⋈⋈⋈⋈∋⊤∈⊤⊤≺∋⋈∈⋈⋈⋈⊤∈⋈⊤∈⊤∈⊤∈⋈≺∋⊞∈⊤∈⋈⊤⋈∈∋∈∋∋⊤∈∋⊤⊤≺∋⋈⋈∈⊤∈⊤∈⊤∈∋⊤∈⋈⋈⋈≺⊤∈⋈⊞⋈⊞⋈⋈⋈⋈≺∋∋⊤∈⋈⋈⋈≺⊤∈⋈⊞⋈⊞⋈⋈⋈⋈≺∋∋⊤∈⊞∈⊤∈⊞⊤∈⋈⊤⋈∈∋∋∈∋⋈⊤∈⊤∈⋈⊤∈⋈⋈⊤⊥⋈⊤⊥⊞∈⋈⊤∈⋈⋈⋈⋈⋈≻⋈⋈⊤∈⋈⋈≺∋⋈⋈⊙⋈⋈⋈⋈≺⊞∋⋈≻⋈⋈⋈≺∋∋⋈∋⋈⊤⋈⋈∈⊤∈∋⋈⊤∈⋈⋈⊤⊥⋈⊤⊥⊞∈⋈⊤∈⋈⊞⋈⋈⋈≻⊤∈⋈⋈≺∋⋈⋈⋈⊙⋈⋈⋈⋈⋈≺⊞∋⋈≺⋈⋈⋈≺∋∋⋈∋⋈⋈⋈⋈⋈⋈⋈⊤⋈⋈∈⊤∈⋈⊤∈⋈⋈⊤⊥⋈⊤⊥⊞∈⊞⋈⋈≺⋈≺∋∋⋈∈⋈⋈⋈⊤∈⊤⋈∈⊤∈⋈⋈⊤⊥⋈⊤⊥⊞∈⋈⋈≺⋈⋈⋈≺∈∈⋈⋈⋈⋈⋈⋈⋈≻⋈⋈⋈⋈⊞⊞⋈⋈⋈⋈⊤∈⋈≺⋈⋈⋈⋈⋈⋈⋈⊞⊤⋈⊥⊤⋈⋈⊥⊥⋈⋈⋈⋈⊤⊥⋈⋈⋈⊤⊥⊞⋈⋈⋈⋈⋈⋈∈⋈⋈⊤∈⋈⋈⋈⋈⋈⋈⋈⋈⋈⋈⊤⋈⊥⋈⋈⋈⊤∈⋈∋⊤∈⊤⋈⋈⊥⊤⊥⊤⋈⋈⊥⊤⊥⋈∈⊤∈⋈⊤⋈∈∋∋∈⊤∈⊤⋈⋈⊥⊤⊥⋈∈⊤∈⋈⊤⋈∈∋∋∈∋⊤⋈∈⊤⋈∈⋈⊤∈⋈⋈⊤⊥⊤⊥⊞∈⊞⊤∈⋈⋈⋈⋈⋈≻⊤∈⋈⋈≺∋⋈≻∋⋈⋈⊤∈⋈⊞⋈⋈⋈≻⋈⋈⊤∈∋⋈≻∋⋈∋⋈∋⋈⋈≺∋⋈⋈⋈⊙⋈⋈⋈≺∋⋈⋈≺∋⋈⋈⋈⊙⋈⋈⋈⋈≺⋈⋈≺∋⋈⋈⋈≺∋∋⋈⋈⋈⊤∈⋈⊤∈⋈⊤∈⊤∈⊞⋈⊤∈⋈⊞⋈⋈⋈≻⊤∈⋈⋈≺∋⋈⋈≻∋⋈⊤∈⋈⊞⋈⋈⋈≻⊤∈⋈⋈⋈≺∋⋈⋈⊙⋈≺∋⋈⋈⋈≺∋⋈⋈⊙⋈⋈⋈⋈⋈≺⋈⋈≺⋈≺∋∋⋈∋⋈⋈⋈⊤∈⊤∈⋈⋈⊤∈⋈⋈⊤⊥⊤⊥⊞∈⊞⊤∈⋈⊞⋈⋈⋈⋈≻⊤∈⋈≺∋⋈⋈≻⋈⋈≺∋⋈⋈⋈⊙⋈≺⋈⋈≺⋈≺∋∋⋈∋⋈⋈⋈⋈⋈⋈⋈⋈≻⋈⋈⋈⊤∈⋈∋⋈⋈⋈⊤⋈⋈∈⋈∋⊤∈⊤⋈⋈⊥⊤⊥⊤⋈⋈⊥⊤⊥⊞⊙⋈⋈⊤∈⋈⊤∈⋈⋈⋈⋈≻∋⊤∈⋈⋈⊞∈⊤∈∋⋈⋈⋈≻⋈⊤∈⋈⊤∈⋈⋈⊞⋈⊤∈∋⊞⋈∈⋈⊞⊞∈∋⊞⊤⊥≺∋⊤∈⋈⋈⋈⋈⋈≻⋈⋈∋⋈⊤∈⋈⋈⋈⋈≻⋈⋈∋⋈⋈⋈≺∋∋⋈∋⊤∈⋈⋈⋈⋈≻⋈⋈⋈∋⊤∈⋈⋈⋈⋈≻⋈⋈∋⋈⊤∈∋≺⋈≺∋∋∋∋∋∋∋⋈⋈⊙⊤∈⋈⋈⋈⋈⊙⋈⋈⋈⋈≺≺∋∋∋∋∋∋∋∋∋⋈⋈⊙⊤∈∋⋈⋈≻∈⋈⊞∈∈⊤∈⊡∈⊤∈⋈⋈⊞⊤∈⋈⋈⋈⊤⋈⋈∈∋∋∈∋⋈⋈≻⋈⋈⋈≻⋈⋈⋈⋈⋈∋∈∈⋈⊤∈⋈⋈≺⊤∈⋈⊞⋈⋈≺∋∋⋈⋈⊤∈⋈∋⊤∈⊤⋈⋈⊥⋈⊤⊥⊞∈⊤∈⋈⊤⋈∈∋∋∈⋈⋈⋈≻⊤∈∋∋⋈⋈⋈⋈⋈⋈⋈⋈⋈⋈⋈≻⋈⋈⋈⊤∈⋈⋈⋈≻∋⋈⋈⊤∈⋈⋈⋈≻∋⋈⋈⋈⋈≻⋈⋈⋈≻⋈⋈⋈⋈⋈≺∋⋈≻⋈⋈⋈⋈⋈⋈⋈⋈⋈⋈⋈⋈⋈⋈⋈⋈⋈⋈⋈⋈⋈⋈⋈⋈⋈⋈⋈⋈⊤∈⋈⋈⋈≻∋⋈⋈⊤∈⋈⋈⋈≻∋⋈⋈⊤∈⋈⋈⋈≺∈≻∋∈⋈≻⋈⋈⋈≺∈⋈⊤∈⋈⋈⋈≻∋⋈⊤⋈∈⋈⋈≻∋⋈⊤∈⋈⋈⋈≻∋⋈⋈⊞⋈⊞⊞∈⋈⋈⋈⋈⋈⋈⋈⋈⋈⋈⋈⋈⋈⋈⋈⊡≺⊤∈⋈⋈⋈⋈⋈⋈≺∋⋈∋⊤∈⋈⊤∈⋈⋈⋈≻∋⋈⊤∈⋈⋈⋈≻∋⋈⋈≻∋⋈⋈⋈⊤∈∋⋈⋈⋈⋈⋈⋈≺⋈⋈⋈⋈⋈⋈⋈⋈⊤∈⋈⋈⋈⋈⋈⋈⋈⋈⋈≺⋈⋈⋈⋈≻⋈⋈⋈≻⋈⋈⋈⋈≻⋈⋈⋈⋈⊞⊞⋈⋈⋈⋈⋈⊤∈⋈⋈⊤⋈⊥⊤∈∋⊞⋈⋈⋈≺∋⋈⋈⋈⋈⋈⋈⋈∈⋈⊞⋈⊤∈⋈⋈⋈⋈⋈⋈⋈⋈⋈⊤⋈⊥⊤∈⊤∈⊤⋈⋈⊥⋈⋈⊥⊤⊥⋈⊥⊞∈⋈⊤∈⊤∈⋈⊤⋈∈∋∈∋∋⊤∈⊤⋈⋈⊥⊤⊥⋈∈⊤∈⋈⊤⋈∈∋∋∈∋⋈⋈⋈⋈⋈⋈≻⋈⋈⋈⋈⋈⋈⋈≻⋈⋈⋈⊤∈⋈∋⋈⋈⋈⊤⋈∈⋈∋⊤∈⊤⋈⋈⊥⊤⊥⊤⋈⋈⊥⊤⊥⊞∈⊤∈⊞⊤∈⋈⊤⋈∈∋∋∈∋⋈⋈⋈⋈⋈⋈⋈∋⋈⋈⋈⋈⋈⋈⋈≺∋⋈⋈⋈≻⋈⋈⋈⋈⋈⊤∈⋈⋈⋈≻∋⋈⋈⋈⊤⋈⋈⋈⋈∈⋈∋⊤∈⊤⋈⋈⊥⊤⊥⊤⋈⋈⊥⊤⊥⊞∈⊤∈⋈⊤⋈∈∋∋∈∋⋈⊤∈⊤∈⋈⋈⊤∈⋈⋈⊤⊥⋈⊤⊥⊞∈⊞⊤∈⋈⋈⊞⋈⋈⋈≻⋈⊤∈∋⋈≺∋⋈⋈≻⋈≺∋⋈⋈⋈⋈⊙⋈⋈⋈⋈≺⋈⋈⋈⋈≺⋈≺∋⋈∋∋⋈⋈⋈⊤∈⋈⊤∈⋈⊤∈⋈⋈⊤⊥⋈⊤⊥⊞∈∋⊞⊤∈⋈⋈⊞⋈⋈⋈≻⋈⊤∈⋈≺∋⋈⋈≻∋⋈⋈⋈⋈⋈⋈⋈⋈⋈⋈⋈≻⋈⋈⋈⋈⋈⊤∈⋈⋈⋈≻∋⋈⊤∈∋⊤∈⋈⋈⋈⋈≻⊤∈∋∋∋⋈⋈⋈⋈⋈⋈⋈⋈⋈⋈⋈≻⋈⋈⋈⋈⋈⋈⊤∈⋈⋈⋈≻∋⋈⊤∈⊤∈⋈⊤∈⊤∈⊞∈⋈⋈≻∋⊤∈⋈⊞⋈⋈⋈≻⊤∈∋⋈⋈≺∋⋈⋈⋈⊙⋈≺⋈⋈⋈⋈≺∋⋈∋⋈∋⋈⋈⋈⋈⋈⋈⋈⋈⋈⋈≻⋈⋈⋈⋈≻⋈⋈⊤∈⋈⋈⋈≺⋈⊤∈⋈⊞⋈⋈≺∋∋⊤∈⊞⋈⋈⋈⊙⊤⊥≺∋⋈⊤∈⋈⋈⋈⋈≻∋⊤∈⋈⋈⊤∈⊤∈⋈⋈⊤∈⋈⋈⊤⊥⊤⊥⊞∈∋⊞⊤∈⋈⊞⋈⋈⋈≻⊤∈∋∋⋈⋈⋈≺∋⋈⋈⋈⊙≺⋈⋈≺⋈≺∋∋⋈∋⋈⋈⋈⋈⋈⋈≻⋈⋈⋈⋈⋈⋈⋈⋈⊤∈⊤∈⋈⊤∈⋈⋈⋈⊤⊥⊤⊥⊞∈⊤∈⋈⊞⋈⋈⋈≻⊤∈⋈⋈≺∋⋈⋈⋈⊙⋈≺⋈⋈⋈≺∋⋈∋∋⋈⋈⋈⋈⋈⋈⋈≻⋈⋈⋈≻⋈⊤∈⊤∈⋈⊤∈⋈⋈⋈⊤⊥⊤⊥⊞∈⊤∈⋈⊞⋈⋈⋈≻⊤∈⋈⋈≺∋⋈⋈⋈⊙⋈≺∋⊞∋∋⋈≺∋∋⋈≻∋⋈≺∋∋⋈⋈≻⋈⋈∋⋈⋈⋈⋈≺∋⋈∋⋈∋⋈⋈⋈⋈⋈⋈⋈⋈≻⋈⋈⊤∈⋈⋈⋈⋈≺⋈⊤∈⋈⊞⊞⋈⋈⋈≺∋∋⋈⊤∈⋈⋈⋈⋈⊤⋈⋈⊥⋈≺∋⊤∈⊞∈⊤∈∋⋈⊤⋈∈∋∋∈∋⋈⊤∈⋈≺∋⊤∈∋⋈⋈≺∋⋈⋈⋈⋈⋈⋈⋈⋈⋈⋈⋈≻⋈⋈⋈≺∋⊤∈⋈⋈⋈≻≺∋⋈⋈⋈⋈⋈⋈⋈⋈⋈⋈⋈≻⋈⋈≺∋∋⋈⋈⊤∈⋈⋈⋈≻∋⋈⋈⊤∈⋈⋈⋈≻∋⋈⊤∈∋⋈⋈⋈⋈∋⋈≺∋⋈⋈⋈⋈⊙⋈⋈⋈⋈≺⋈⋈≺⋈≺∋∋⋈∋⋈⋈⋈⋈⋈⋈⋈⋈⋈≻⋈⋈⋈⋈⋈⋈⋈⋈⋈≻⋈⋈⋈⋈⋈⊤∈⋈⋈⋈≻∋⋈⊤∈⋈⋈⋈≻∋⋈⋈⊤⋈⋈⊥⋈⊤⋈⋈∈⋈⋈∋⋈⋈⊤∈⊤⊥⊤⊥⊞∈⋈⊤∈⊤∈⋈⋈⋈⋈≻⋈⋈⋈⋈≺⋈⋈⋈⋈⋈⋈≻⋈⋈⋈⋈⋈⋈⋈⋈⋈≺⋈⋈⋈∋⋈⋈⋈≻⋈⋈⊤⊥⋈⊤∈∋⋈⋈⋈⋈⋈⋈≻⋈⋈⋈⋈⋈⋈⋈⋈⋈⋈⋈⋈≺∋⋈≺∋∋⊤∈⋈⋈≻∋⋈⋈⋈⊤⋈⋈⋈∈⋈∋⊤∈⊤⋈⋈⊥⊤⊥⋈∈⊤∈⋈⊤⋈∈∋∋∈∋⋈⋈⋈⊤∈⋈⋈⋈≻⋈∋⋈⋈⋈⋈⋈⋈⋈⋈≻⋈⊤∈⋈⊤∈⊤∈⋈⋈≻⊤∈⊤∈∋⋈⋈⋈≻⋈⋈⋈⋈⋈⋈⋈≻⋈⋈⊤∈⋈⊤∈⊤∈∋⋈⋈≻⋈⋈≻⊤∈⊤∈∋⋈⋈⋈⋈⋈⋈≻⋈⋈≺≺∋∋⋈⋈⋈⋈≻⋈⋈⋈⋈≻⋈⋈⊤∈⋈⋈⋈≻∋⋈⋈⊤∈⊤∈⋈⋈⊤∈∋⋈⊤∈≺∋∋⋈⋈⋈⋈⋈⋈≻⋈⋈⋈⋈⋈⋈⋈≻⋈⋈⋈⊤∈⋈⋈⋈≻∋⊤∈⋈⋈⋈⋈⋈⋈⋈⋈⋈⋈≻⋈⋈⋈⋈⋈⋈≻⋈⋈⋈⋈⋈⋈⋈⋈⋈⋈⋈⋈⋈⋈⋈⋈⋈∈⋈⊤∈⋈⋈⋈⋈⋈≻⋈⋈⋈≻⋈⋈⋈⋈⋈≻⊤∈⋈⋈≻⊤∈⋈⋈⋈⋈⋈⋈⋈⋈⋈≻⋈⋈⋈⋈⋈⋈⋈≻⋈⋈⋈⊡⋈≻⋈⋈⊤∈⋈≺∋⋈⋈⊤∈⋈⋈⋈≻∋⊞⊞⊤∈∋⋈∋⋈⋈≻⋈⋈⊤∈⋈⋈⋈≻∋⋈⋈⊤∈⋈∋∋⋈⋈≻⋈∋⋈⋈⋈⋈⋈⋈≻⋈⋈⋈⊤∈⋈⋈⋈⋈≻∋∋⋈⋈⊤∈⋈∋⋈⋈≻∋∋⋈⋈⊤∈⋈⋈⋈≻∋⋈≻≺≺∋∋∋⋈⋈⊤∈⋈⋈⋈≻≺⊤∈⋈⋈≻⋈⋈∋⋈⊤∈⋈⋈⋈⊤∈⋈⋈≻⋈⋈⋈∋⋈⊤∈⋈⋈⋈≺∋≻⋈⋈∋∋⋈∋∋∋⊤∈⋈⋈⋈≻⋈⋈⋈∋⊤∈⋈⋈⋈⋈⋈≻⋈⋈⋈≺∋∋⊤∈∋≺⋈∋∋⋈∋∋⋈≻∋⋈⋈≺⋈⋈⋈⋈⊙⋈⋈⋈∋⊞⋈∋∋∋⊞⋈⋈⋈⋈⋈⋈⊣⋈⊣⋈⋈⋈⋈⋈⋈⋈⋈⋈∋⋈⋈⋈⋈⋈⋈∋⋈⋈⋈⋈⋈⋈⊞⋈∋⊞⋈⋈⋈⋈⋈⋈⊣
0x44b4f8	⊢⋈⋈⋈⋈⋈⋈⊞⋈⋈⋈⋈⋈⋈⋈⋈⊤∈⊞⋈⋈⋈≻⋈⋈⊤∈∋⋈⋈⋈⋈⊙⋈⋈⊤∈⊞⋈⋈≻⋈⋈⊤∈∋⋈⋈⋈⋈⋈⋈⊙⋈⋈⊤∈⋈⋈≻⋈⋈⊤∈⋈⋈≻∋⋈⊞∋⋈⋈⋈⋈⋈⋈⊙⋈⊞⋈⋈⋈⋈⋈⊞⊞⊞⊤⋈⊥⋈⋈⋈⊤∈≺∋⋈≺∈⋈≻∋⋈⋈⋈≻⊤∈∋⋈∋⋈⊞⋈⋈⋈⋈⋈⋈⋈⋈⋈⋈⋈⋈⋈⋈⋈⋈⋈⋈⋈⋈⋈⊞⊞⋈∈⋈⋈⊞⋈⊞⊤∈⋈≻⋈∋⋈⋈⋈⋈⊞⊞⊤∈∋⊤∈⋈≻∋⋈⋈⋈⊞⋈⋈⋈⋈⋈≻⋈⋈⊤∈⋈⋈≻⋈∋⋈⋈⋈⊞⋈⋈⋈⋈≻⋈⋈⋈⋈≻⋈⋈⋈⋈⋈⋈≻⋈⋈≻⋈⋈⋈≻⋈⋈⋈⋈⋈⋈⋈≻⋈⋈⊤∈⋈⋈⋈⋈⋈⋈≻⋈⋈⋈⊡≺∋⊞⋈⋈⋈⋈⋈⋈⊣
0x44b99c	⊢⋈⋈⋈⋈⋈⋈⊞⋈⋈⋈⋈⋈⋈⋈⋈≻⊤∈⋈⋈⊙⊤∈⋈⋈⋈⋈⋈≺⋈⋈⋈⋈≻⊤∈⋈⋈⊙⊤∈∋⋈⋈≻⋈⋈⋈⋈⋈∋⋈⋈⋈⋈⋈≻⋈⋈⊞∈⋈⋈⋈⋈⋈⊤⊥⋈⊞⋈⊤⊥⊞⊤∈⊤∈⋈⋈⊙⊤∈⋈⋈⋈⋈⋈⋈⋈⋈⋈≺⋈⋈⋈≻⋈⊤∈⊤∈∋⋈⋈⊙⊤∈⋈⋈⋈⋈⋈⋈⋈⊞⋈⊞⋈⊞⋈⋈⋈⋈⋈≺⊤∈⋈⋈⋈≻⋈⋈⋈≻≺⋈⋈⊙⊤∈⋈⋈⋈⋈⋈⋈⋈⊤∈∋∋∋⋈∈⋈⋈⋈⋈≻⊞⊞∈∋≺∋⋈⋈⋈⋈≻≺⋈⋈⊙⊤∈∋⋈⋈≻∋⋈⋈≻∋⋈⋈≻∋⋈⋈≻⋈⋈⋈⋈⋈⊞⋈⋈⋈⋈≻⋈⋈⊞∈⋈⋈⊤⊥⋈⋈⊤⊥⊞∈⊤⊥⊞≺∋⋈⋈⋈∈⊤∈⋈⊤∈⊞⊤⋈∈∋≺∋⋈⋈∈⊤∈⋈⋈∈⊤∈⊤∈⋈∈⋈⋈⋈⋈≻⊞⊞∈∋∋⋈⋈⋈⋈≻⋈≺⊞⊤⋈∈∋⋈⊞⊤⋈∈∋⋈≺∋∋⊤∈⋈∈⋈⋈⋈⋈≻⊞⊞∈∋∋⋈⋈⋈⋈≻⋈≺∋∋⋈⊞⋈⋈⋈⋈⋈⊣⋈⋈⋈⋈⋈≺∋⋈⋈⋈∋∋⊞⋈⋈⋈⋈⋈⋈⊣
0x43d980	⊢⋈⋈⋈⋈⊞⋈⋈⋈⊤⋈⊥⋈⋈⋈⋈⋈≻⊤∈⋈⋈≻⋈⋈⋈⊞⋈⋈⋈⊣
0x43e620	⊢⋈⋈⋈⋈⊞⋈⋈⋈⊤⋈⊥⋈⋈⋈⋈⋈≻⊤∈⋈⋈≻⋈⋈⋈⊞⋈⋈⋈⊣
0x43e820	⊢⋈⋈⋈⋈⊞⋈⋈⋈⊤⋈⊥⋈⋈⋈⋈⋈≻⊤∈⋈⋈≻⋈⋈⋈⊞⋈⋈⋈⊣
0x43aad0	⊢⋈⋈⋈⋈⊞⋈⋈⋈⊤⋈⊥⋈⋈⋈⋈⋈≻⊤∈⋈⋈≻⋈⋈⋈⊞⋈⋈⋈⊣
0x439610	⊢⋈⋈⋈⋈⊞⋈⋈⋈⊤⋈⊥⋈⋈⋈⋈⋈≻⊤∈⋈⋈≻⋈⋈⋈⊞⋈⋈⋈⊣
0x431250	⊢⋈⋈⋈⋈⊞⋈⋈⋈⊤⋈⊥⋈⋈⋈⋈⋈≻⊤∈⋈⋈≻⋈⋈⋈⊞⋈⋈⋈⊣
0x44c340	⊢⋈⋈⋈⋈⋈≻⋈⊤∈⋈⋈≻⋈⋈⋈⋈⋈⋈⊞⋈⋈⋈⋈⋈⋈⋈⋈⊞⋈∈⊤∈⊤∈⊞⊞⋈⋈∈⊤∈⊤∈∋⋈⋈⋈⊞⋈⋈∈⊤∈⋈≻⊤∈⋈⋈≻⋈⋈⋈⋈⋈⋈≻⊞∈⊤⋈⋈∈⋈⋈⋈⋈⋈⋈≻⋈⋈⋈⋈⋈⋈≻⋈⋈⋈⋈≻⋈⋈⋈⋈⋈⋈⋈⋈≻∋⋈⋈⋈⋈⋈≻⋈⋈⋈⋈⋈⋈≻⋈⋈⋈⋈≻⋈⋈⋈⋈⋈⋈⋈⋈≻⊞⊤∈∋⋈⋈⋈⋈⋈⋈⋈⋈⋈≻≺⋈⋈⋈≺⋈⊞⊞⊤∈∋⋈⊞⊞⊤∈∋≺∋⋈≺∋⋈⋈⋈⊞⊞⊤∈∋⋈⋈⋈≺∋∋⋈⋈∋⊞⋈⋈⋈⋈⋈⋈⊣⋈⊣
0x44c626	⊢⋈⋈⋈⋈⋈≻⋈⊤∈⋈⋈≻⋈⋈⋈⋈⋈⋈⋈⋈⊞∈⋈⊞⊤∈⋈⋈⋈⋈⋈≻⋈≺∋⋈⋈⊤∈⋈⊞⊙⊞⊞⊞⋈∋⋈⊞⋈∋⋈⊞⋈⋈⋈⋈⊣⋈⊣
0x431520	⊢⋈⋈⋈⋈⊞⋈⋈⋈⊤⋈⊥⋈⋈⋈⋈⋈≻⊤∈⋈⋈≻⋈⋈⋈⊞⋈⋈⋈⊣
0x43d790	⊢⋈⋈⋈⋈⊞⋈⋈⋈⊤⋈⊥⋈⋈⋈⋈⋈≻⊤∈⋈⋈≻⋈⋈⋈⊞⋈⋈⋈⊣
0x40510b	⊢⋈⋈⋈⋈⋈⋈≻⋈⊤∈⋈⋈≻⊞∈⋈⋈⋈⋈⋈⊞⋈⋈⋈⋈⋈⊤⊥⊞⊤⊥⋈⊤⊥⋈⋈⋈⋈⋈≻⊤∈⋈⋈⋈⋈⋈⋈≺∋⊞⋈⋈⋈⋈⊣⊞⊣⋈⊣
0x4052b0	⊢⋈⋈⋈⋈⋈⋈≻⋈⊤∈⋈⋈≻⋈⋈⋈⋈⋈⋈⋈⊞⋈⋈⋈⊤∈⋈∈⋈⋈⊤∈⋈⋈⋈≻⊞⋈⋈⋈⋈⋈⋈⋈⋈⋈⊡⋈∈⋈⋈⊞⋈∈⊤∈⋈⊤⊥⊞⊞⊞⊤∈∋⋈⊤∈≺∋⊞∈⋈⋈⋈⋈⋈⊤∈⋈⋈⋈⋈≻≺⋈⊤∈⋈∈∋⋈⋈⋈⋈⋈≻⋈⋈≺⋈⋈⊤∈⋈⋈⋈⋈≻⊞⋈⋈⋈⋈≻⊞≺∋⋈∋⋈⋈⋈⋈⋈⋈⋈⋈⋈≻⋈⋈⋈⋈⋈⊡⊤∈⋈⋈⋈⋈⋈⋈⋈⋈∈⊡⋈⊤∈⋈⋈⋈⋈⋈⋈⊤∈⋈≻≺⋈⋈≻⋈⋈⋈⋈⋈⋈⋈⊞∈⋈⋈≻≺⋈⋈⋈⋈⊤∈⋈⋈⋈≻⋈⋈⋈⋈⋈⋈⋈⋈⋈⋈⊞⋈⊡⋈⋈⋈≺⊤∈⋈⋈⋈≻≺⋈⊤∈⋈⋈⋈⋈≻≺⊞⋈⋈⋈⊤∈⊤∈⋈⋈⋈≻⊞≺⋈⊤∈⋈⋈⋈≻⊞∋⋈∋⋈⋈⋈≻⋈≺∋⋈⋈⋈⋈≻⋈⋈⋈⋈⋈⋈⊡⊤∈∋∋∋∋∋⊡⋈⋈⋈⋈⋈⋈⋈⋈≺∋⋈≺∋⊤∈⋈⊤∈⋈∈⋈⋈⊞⋈∈⊤∈⋈⊤⊥⊞⊞⊞⊤∈∋⋈⊤∈≺∋⊞∈∋∋⊤∈⋈≻∋⊞⊞⋈⋈⊡⋈≺∋⊞⋈≺∋∋∋⋈⊤∈⋈⋈⋈⋈≻≺∋∋⋈⊞⋈⋈⋈⋈⋈⋈⊣⋈⊣
0x442f80	⊢⋈⋈⋈⋈⊞⋈⋈⋈⊤⋈⊥⋈⋈⋈⋈⋈≻⊤∈⋈⋈≻⋈⋈⋈⊞⋈⋈⋈⊣
0x42ba10	⊢⋈⋈⋈⋈⊞⋈⋈⋈⊤⋈⊥⋈⋈⋈⋈⋈≻⊤∈⋈⋈≻⋈⋈⋈⊞⋈⋈⋈⊣
0x43dd00	⊢⋈⋈⋈⋈⊞⋈⋈⋈⊤⋈⊥⋈⋈⋈⋈⋈≻⊤∈⋈⋈≻⋈⋈⋈⊞⋈⋈⋈⊣
0x3f83f1	⊢⋈⋈⋈⋈⋈≻⋈⊤∈⋈⋈≻⋈⋈⋈⋈⋈⋈⊙⊤∈⋈⋈≻⋈⋈⋈⋈⋈⋈⊞⋈⋈⋈⋈⋈⋈⋈⋈≻⋈⋈⊞⋈∈⋈⋈⋈⊞⋈⋈⋈⊤∈⋈≻∋⊞⋈⋈⋈⋈≻⋈⋈⋈⊤∈⋈⊞⋈⋈⋈⊤∈⋈≻∋⊞⋈⋈⋈⋈≻⋈⋈⋈⊤∈⋈⋈⋈⋈⊤∈⋈⋈≻⋈∋⋈⋈⊤⋈∈⊤∈∋⊞⊞≺⋈⋈⋈⋈⋈⋈⋈⊞⊞⊞∈⋈∈⊤∈⋈⋈⋈∋⊞⊞⊤∈⊞⋈⋈⋈⋈⋈⊙⋈⋈⋈⋈⋈⊤⊥≺∋⋈⋈⋈⋈⋈⋈⋈⋈⋈⋈⋈⋈⋈⋈⋈⋈⋈≺⋈⋈⊞⊤⋈∈∋⋈⊞∈⊞⋈⋈⋈⋈∈⋈⋈⋈⋈⋈≻⊤∈⋈⋈⋈⋈≺∋⋈⋈⋈⊤⋈⋈⋈∈⋈⊞⊤∈⋈⋈⋈⊞⋈⋈≻⋈⋈⋈⋈≺⋈⊞∋⋈⊤∈⋈⋈⊞⋈⋈⊙⋈⋈⋈⊞⊞⋈∋⋈⊞⋈⋈≺∋⋈⊞⊤∈⋈⋈⋈⋈⋈⋈≻⋈⋈⋈⋈⋈≺⋈∋⋈⋈⋈⋈⋈⋈⊙⋈⊞⋈⊤⊥⋈⊞∈⋈⋈⋈⋈⋈≻⊤∈⋈≺∈⋈⋈≻∋⋈⋈⋈≺∋⋈≻∋⊞∋⋈⋈⋈⋈⊤⋈⋈∈⋈⊞≺⋈⊞⊞⋈⋈∈⊤∈⊞⋈≺∋⊤∈⊞⋈⋈≺∋⊤∈⋈≻⋈⋈⋈⋈⋈∋⊞⊞⊞⋈⊞⋈⊞⋈⊤⊥⊤∈∋⋈⊤∈⋈⊤∈⋈≻⋈⋈∋⋈⋈⊞≺∋⋈⊤∈⋈⊞⊤∈⊞⋈∈⊤∈⊞⋈⋈⊞∈⋈⊞⋈⊤∈∋∋⊞≺∋∋∋∋⋈≻⋈⋈≻⋈⋈⋈⋈⋈⋈⋈⋈⋈⋈≺∋⋈⋈⋈⋈⋈≻⋈⋈⋈≺∋⋈⋈⊞⋈⋈⋈⋈⋈⋈≺⋈⋈∋⊞⋈⋈⋈⋈⋈⋈⊣⋈⋈⋈⋈⋈⋈⋈⋈⊞⋈⋈⊣⋈⊣
0x43e370	⊢⋈⋈⋈⋈⊞⋈⋈⋈⊤⋈⊥⋈⋈⋈⋈⋈≻⊤∈⋈⋈≻⋈⋈⋈⊞⋈⋈⋈⊣
0x44a95d	⊢⋈⋈⋈⋈⋈≻⋈⊤∈⋈⋈≻⋈⋈⋈⋈⋈⋈⊤∈⊞∈⋈⋈≻∋⋈⋈∈⋈⊞⋈⋈⋈≻⋈⋈⊤∈∋≺∋⋈⋈⋈⋈⊙⋈⊞⋈⋈⋈⋈⊣⋈⊣
0x405b48	⊢⋈⋈⋈⋈⋈≻⋈⊤∈⋈⋈≻⋈⋈⋈⋈⋈⋈⋈⋈⊞⋈⋈⊞⊤∈⋈⋈⋈⋈⋈≻⋈≺∋⋈⊞⋈⋈⊙⊞⋈⊞⋈⋈⋈⋈⊣⋈⊣
0x448fe7	⊢⋈⋈⋈⋈⋈≻⋈⊤∈⋈⋈≻⋈⋈⊞⋈∈⊤∈⋈⊞⊤⋈∈∋⋈∋⋈⊞⋈∈⊤∈⋈⊞⊤⋈∈∋⋈∋⊤⊥⊞⊤∈⊞⋈⋈∈⊤∈⊞⊤∈⋈⋈≻⊤∈∋⋈⋈⋈≻⋈⋈⋈⋈⋈⋈⊞⋈⋈⋈⋈⋈⋈⊞⋈⋈⋈⋈⋈≻⋈⋈⋈⋈⋈⋈⋈≻⊤∈⋈⋈⋈⋈≻⊤∈∋⋈⋈⋈⋈≻⊞⋈⋈⋈⋈⋈≻⋈⋈⋈⋈⋈⋈≻⊤⊥⋈⋈⋈⋈≻⋈⋈⋈⋈≻≺∋⋈⊞⋈⋈⋈⋈⋈⋈⊣⊤⊥⊤⊥⊞⊞∈∋≺∋∋⋈⊣⋈⊣
0x3e9c10	⊢⋈⋈⋈⋈⊞⋈⋈⋈⊤⋈⊥⋈⋈⋈≻⊤∈⋈⋈≻⋈⋈⋈⊞⋈⋈⋈⊣
0x4321b0	⊢⋈⊞⊤∈⋈⋈⋈⊣⋈⋈⊞⊙
0x4474b0	⊢⋈⋈⋈⋈⋈⋈⋈⊞⋈⋈⋈⋈⋈⊤∈⋈≺⋈⊞⋈⊞⋈⊞⋈⊙⋈⋈≺∈∈∈⋈⊞⋈⊞⋈⊤∈⊞⊡∈∋⊤⊥⋈⋈⋈⋈⋈⊙⋈⋈⊤∈⋈⋈⋈⋈⊞⊙⊤∈∋∋⊞⋈⋈⋈⋈⋈⋈⊣⋈⊤∈⊞⋈⊡∈∋∋⋈⊡∈⋈⊤∈⊤⋈⊥⋈⋈⋈⋈⋈⊞⊞⊙⊤∈⊙⊤∈∋∋∋⋈≺∋
0x445a60	⊢⋈⋈⋈⋈⋈⋈⋈⊞⋈⋈⋈⊤∈⋈⋈⋈≻⋈⋈⋈⊞∈∋⋈⋈⋈≻⋈⋈⋈⋈⋈⊞⋈⋈⋈⋈⋈⊙⋈⊞⊞⋈⋈⊞⋈⊙⋈⋈⊞⋈⊞⊤∈∋⋈⋈⋈≻⋈⋈⊞⋈⋈⋈⊙⋈⊞⊞⊞⋈⋈⊙⋈⊞⋈⋈⋈⋈⋈⋈⋈⋈⋈⊞⋈⋈⋈⋈⋈⋈⋈⋈⋈⋈⋈⋈⋈⋈⊤⋈∈⊤∈⊤∈∋∋⋈⋈⋈≻⋈⋈⋈⊞⋈⊞⋈⊙⋈⋈⊞⋈⋈⊙⋈⊞⊞⊞∈⋈⋈⋈⊞⊤∈∋≺∋⊞⋈⋈⋈⋈⋈⋈⊣
0x445f70	⊢⋈⋈⋈⋈⋈⋈⋈⊞⋈⋈⋈⊤∈⋈⋈⋈≻⋈⋈⋈⊞∈∋⋈⋈⋈≻⋈⋈⋈⋈⋈⋈⊞⋈⋈⋈⋈⋈⋈⋈⋈⋈⋈⊞⋈⋈⋈⋈⋈⋈⋈⋈⋈⋈⊞⋈⋈⋈⋈⋈⋈⋈⊞⋈⊙⋈⊞⊞⋈⋈⊙⋈⊞⋈⋈⋈⊙⋈⊞⊞⋈⊞⋈⊙⋈⊤⋈∈⊤∈⊤∈∋∋⋈⋈⋈≻⋈⋈⋈⊞⋈⊙⋈⊞⋈⊞⋈⊙⋈⋈⊞⊞⊡∈⋈⋈⋈⋈⊞⊤∈∋⊞⊞⊡∈⋈⋈⋈⊞⊤∈∋≺∋⊞⋈⋈⋈⋈⋈⋈⊣
0x427700	⊢⋈⋈⋈⋈⋈⋈⋈⊞⊤∈⊞⊤∈⊤⊥⊤∈∋⊞∋⊤⊥≺∋⋈⋈⋈⋈⋈⋈⋈⋈⋈⊤∈⊞∈⋈⋈⋈⋈⋈⋈∋∈⋈⋈⋈⋈⋈⋈⋈⋈⋈⋈⋈⋈⋈⋈⋈⋈⋈⋈⋈⋈⋈≻⋈⋈≻⋈⋈⋈⋈⋈⋈⋈⋈⋈⋈⋈⋈⋈⋈⋈⋈⋈⊤⋈∈⊤∈⊤∈∋⋈⋈⋈⋈⋈⋈⋈⋈⋈⋈⊤∈⋈⋈⋈⋈⋈⋈⋈⋈⋈⋈⋈⋈⋈⋈⋈⋈⋈⋈⋈≻⋈⋈≻⊤∈∋∋⊞≺∋⊞⋈⋈⋈⋈⋈⋈⊣⋈⋈⋈⋈⋈⋈⋈⋈⋈⋈⋈⋈⋈⋈⋈⋈⋈⊤∈∋≺∋
0x427630	⊢⋈⋈⋈⋈⋈⋈⊞⋈⋈⋈≻⊤∈⋈⊞⊤⊥⋈⋈⊞⊤∈⋈⋈⋈⋈⊤∈⋈⊙∋⊤∈⋈⊙∋⋈⊙∋⊞≺∋⊞⋈⋈⋈⋈⋈⊣
0x417e76	⊢⋈⋈⋈⋈⋈⋈⊞⋈⋈⋈⋈⋈⋈⋈⋈≻⋈∈⋈⋈≻⋈⊤∈∋⊤∈⋈⋈≺∋⋈⊞⊤∈⋈⊤∈⊞⊞⊞∈⋈⊤∈⋈⊞⋈⊞⊤∈⊞⊞⊞⋈≺⋈⊞⊞⊞⊤∈⊞⊞⊞⋈⋈⊞⊞⊞⊞⊞⊞⊞≺⊞≺∋∋∋⋈⊞⊞⋈⊤⊥⊤∈⋈≻⋈⊞⋈⊞⊤∈∋⊞≺⊞≺∋∋⊞⋈⋈⋈⋈⋈⊣
0x44b320	⊢⋈⋈⋈⋈⋈⋈⊞⋈⋈⊤∈⋈⋈⋈⋈⋈⊞⋈⋈∈⊤∈⋈⋈≻⊤∈⋈⋈≻⋈⋈⋈⋈⋈⋈⊙⋈⋈⋈⋈≻⋈⋈⋈⋈≻⋈⋈⋈⋈⋈⋈⋈⋈⋈⋈⋈⋈⊞⋈⋈⋈⋈⋈⋈⊣⋈⊞⊞⊤∈∋⋈≺∋⋈⋈⋈⋈⋈⋈⋈⋈≻⋈⋈⋈⋈⊞⋈⋈⋈⋈⋈⋈≺
0x44c8ee	⊢⋈⋈⋈⋈⋈⊞⋈⋈⋈⋈≻⋈⋈⊞∈⋈⋈⊤∈⋈⋈∈⋈⋈⋈⋈≻⊞⊞∈∋∋⋈⋈⋈⋈≻⊞≺∋⋈⊞⋈⋈⋈⋈⋈⊣
0x435c20	⊢⋈⋈⋈⋈⋈⋈⋈⊞⋈⋈⋈⋈⋈⋈∈∈∈∈∈⋈⋈⊤∈⋈≺⋈⋈⋈⊤∈⋈⋈⋈⋈⋈⋈⋈⋈⋈⋈⊞⊞⊡∈⋈⊤∈⊤∈⋈⋈⋈≺∋⋈⋈⊞⊞⊞⊤∈⋈⋈⊤∈⋈⊞⋈≺∋⋈⋈⊤∈⋈⊤∈⋈∈⋈⋈⊞⋈⊞∈⊤∈⋈⊤⊥⊞⊞⊞⊤∈∋⋈⊤∈∋⊞∈∋⋈⋈≺⋈≺∋≺⊞⊞⊤∈≺⊞⊞⊤∈∋⋈⊞⋈∋∋⋈⊤∈⋈⋈⋈≻⋈⋈⋈⋈⋈≻⋈⊤∈⋈⊤⋈⋈∈∋∈⋈⋈⋈⋈⊞⊤∈⋈⋈⊞⊞∈⋈⊤∈⊤∈⋈⋈⋈⊞≺∋⋈⋈⊞⊞⊞⊤∈⋈⋈⊤∈⋈⊞⋈≺⋈⋈⊤∈⋈⊤∈⋈∈⋈⋈⊞⋈⊡∈⊤∈⋈⊤⊥⊞⊞⊞⊤∈∋⋈⊤∈∋⊞∈∋⋈⊞⋈≺⋈≺∋≺⊞⊞⊞⊞≺∋⊤∈⋈⊞⋈∋⋈≻⋈⋈⋈⋈⋈⋈≻⋈⊤∈∋⋈⋈⋈⊞⊞⋈⋈≺⋈⋈⋈∋⊤∈∋≺∋⊞⊞⊞∈∋≺⊞⋈⋈⊞∋∋∋⊞∋⋈⋈⋈⊞⋈⋈≺⋈⋈⊤∈⊤⊥⋈⋈⋈⋈≻⋈⊤∈⋈⋈⋈⋈⋈⊞⋈⋈⊞⋈⊞⋈⋈⊞⋈⋈⋈⋈⋈⋈≺∈⋈⋈⋈⋈⋈⋈⋈⋈⋈≻⋈⊤∈⋈⋈⋈≺⋈⋈⊤∈⊤∈⊤∈∋⋈⋈⋈⋈≻⋈⋈⋈⋈⋈⋈≻⊤∈⋈⋈⋈⋈≺∋⋈⋈∋⋈⋈⊞⊤∈∋∋⋈⊤∈⋈≻≺∋⋈⊞⊞⋈⋈⋈⋈⊞⊞⋈⋈⊞⋈⋈⋈⋈⊞⋈⋈⋈⋈⋈⋈⋈⋈⋈⋈⋈⊤⋈⋈⋈⋈∈⋈⋈⊞⊤∈⊞⊤∈⋈⋈⊤∈⋈⋈⊤∈⋈≻≺∋⋈⋈⊞⋈⋈⋈⋈⋈⋈⊞⋈≺⊤∈⋈⋈⊤∈⋈≻≺∋⋈⋈⊞⋈⋈⋈⋈⋈⋈⋈⊞⋈≺⋈⋈⊞⊤⊥⊞⋈⋈⊞∈⋈⊞⊞⊤⋈⋈⋈⋈⋈⋈⋈⋈⋈⋈⋈⊥⋈∈∈⋈⋈≻⋈⋈⋈⊤∈⊤∈⋈⊞⋈⊞⊤∈∋∋∋∋∋∋⋈⋈⋈⋈≻≺⊤∈∋⋈⊤∈⋈≻≺∋⋈⋈⊞⋈⋈⋈⋈⋈⊞⋈≺∋⋈⊞⊞≺∋⋈⋈⋈⊞⋈⋈∋∋⋈⋈⊤∈∋≺⋈⋈≺⋈⋈⊞⊙⋈≻⋈⋈⋈⋈⋈⋈≻⊤∈⋈⋈⋈≺⋈⋈≺∋⊞⊞⊞∈∋≺⊞⋈⋈∋∋∋⋈⋈⋈⋈⋈∋∋∋∋⊞⋈⋈⋈⋈⋈⋈⊣
0x41738c	⊢⋈⋈⋈⊤∈⊤∈∋⊞⋈∈⊤∈⋈⊤∈⊞⋈⊤∈⊞⋈⋈⊤∈⋈⊤∈⋈⊤∈⊞⊞≺∋⋈∋⊞⋈⊞∈⋈⊞∈∋≺∋∋∋∋⋈⋈⊞⋈⋈≺∋⊞≺∋⋈⊣
0x417deb	⊢⋈⋈⋈⋈⋈⋈⋈⋈⋈∈⊤∈⋈⋈⊞⋈⋈⊤⊥⋈⊤⊥⊞∈∋⊤∈∋⋈⋈⋈⊞∈⊤∈⊤∈∋⋈⋈≻∋⊞⋈⋈≺∋⊞⋈⋈⊣
0x4165b9	⊢⋈⋈⋈⋈⊞⋈⋈⊤∈⋈⊤∈∋⋈⊞⋈⋈⋈≻⊤∈⋈⊤∈⋈≺⊞⋈≺∋⊞⋈⋈∋⋈≺∋⋈⊞⋈⋈⋈⊣
0x41662a	⊢⋈⋈⋈⋈⋈⋈⋈⊤∈⋈⊤∈∋⊞⊞⋈⋈≺∋⊤∈⋈⋈⊞⊤∈⊞⋈⊤∈⊞⋈⋈∈⊤∈⋈⋈⊞⊤∈∋⊤∈⊤∈⊞⋈≺∋∋∋⋈⊞∈⋈⊤∈⊤∈⊤∈∋⊤∈⊤∈∋⋈⋈⋈≻∋⋈⊤∈⋈⋈⋈⋈≺⋈⊞⋈∈⊤∈⋈⊞≺⋈⊞⊤∈∋⊤∈⊤∈∈⊤∈⊤∈∋∋⊤∈⋈∈⊤∈∋⋈⋈⋈⋈≻∋⊞⋈≺∋∋⊞⊞⋈⋈∋⊤∈⋈⋈⋈⋈≺≺∋∋⋈⋈⋈⊞≻⋈⋈⋈⋈⋈⋈⋈⊞⋈⋈⋈⋈⊞⊙⋈⋈⊤∈⋈⋈⋈⋈⋈⋈⋈⋈⋈⋈⊤⋈⋈∈⊞⊞⊞∈⋈⊤∈⋈⊞⋈⊞⊤∈⊞⊞⊞⋈≺⋈⊞⊞⊞⊤∈⊞⊞⊞⋈⋈⊞⊞⊞⊞⊞⊞⊤∈⊞≺⊞≺∋∋∋⊤∈⋈⊞⊤∈∋∋⋈⋈⋈⋈⋈⋈⋈⋈⋈⋈⊞∈⊞⋈⋈⊞⋈⊞∈⋈⊞⋈⊥⊤⊞⊤⋈⊥⊤∈⋈⊤∈⊤∈⋈⊞≺∋⋈⊤∈⋈⊤∈⊞⋈∋⋈⋈⊞∈⊞∈⊤∈⊞∈⋈⋈⊞⊞⋈⋈⊞⊤∈⋈⊞∈⊤∈⋈⊞⊞⊤∈⊤∈⋈⊤∈⊤∈⋈⋈≻⋈⊤∈⋈⊞≺⋈⋈⊞⋈⋈⊤∈⊞⊞⊞⊤⊥⋈⊥⊞⊞≺∋∋⊞⊣∈⋈⋈⊞⊤∈∋≺∋⋈⊤∈⋈⋈∈⋈⋈⋈⋈≻⋈⊤∈⊞⊡∈≺∋⋈⊞⊡⋈⊞⊞⋈⊞⊞⊤∈⋈⋈⋈⋈∈⋈⊞⋈⊞⊞⊤⋈∈∋≺∋⊞⋈⋈⋈⊞⊞⊞⋈⊞⊞⋈⋈⋈⋈⋈≺∋⋈⊞⊞⊞⋈⊞⋈⋈∈∋≺∋∋∋∋∋∋∋∋∋∋∋∋⋈⋈⋈⋈⋈⋈⋈⊙⋈⊤∈⋈⊤∈⋈⋈⋈⊙⊤∈⋈⋈⋈⊙⊤∈∋⋈⋈⋈⋈⊙⊤∈⋈⋈⋈⋈≺∋⊞⋈⋈⋈⋈⋈⋈⊙∋∋∋∋∋⋈⊞⋈⋈⋈⋈⋈⋈⊣≺∋⊞⋈⊞∈⋈⊞∈∋∋∋∋∋∋⋈⋈∋∋⊞⋈⋈⊣≺∋
0x418bfe	⊢⋈⋈⋈⋈⋈⋈⊞⋈⋈⋈⋈⋈≻⊤∈⊞⋈⊤∈⋈⋈⊞⊤∈⋈⋈⋈⋈≺⋈≺⋈⋈≺∋∋⋈∋⊞⋈⋈⋈⋈⋈⊣
0x3f9a99	⊢⋈⋈⋈⋈⊞⊤∈⋈⊤⊥⋈⊞⊞⊥⊞∈⋈⊡⊞⊞⊤∈∋⊞≺⋈⊡⊞⋈≺∋⊞∋⊞⊞⊥⊤⊥⋈⊤⊥⊤∈⋈⋈⊙⊤∈⋈⋈≻⋈⋈⋈⋈⋈⋈⋈⋈⋈⋈⊞⋈⋈⋈≺∋⊞⋈⋈⊣
0x3f976f	⊢⋈⋈⊞⋈⋈⋈⊞⊞⋈⋈⋈⋈⋈⋈⋈≻⊞⊤∈⋈⊤∈≺⋈⊤∈∋⋈∋∋⋈⋈⋈⋈⋈⊞⋈⋈⊣
0x42b3d0	⊢⋈⋈⋈⋈⋈⋈⋈⊞⋈⊤∈⋈⋈⋈⋈⋈⋈⋈⋈⋈⋈⋈⋈⋈⋈⋈⋈⋈⋈∈⋈⋈⋈⊤∈⋈⊞⋈⋈⋈≺⋈⋈⋈⋈⊤∈⋈⋈⋈⋈⋈⋈⋈⋈⋈⋈⋈⊞⋈⋈⋈⋈≺∈⊤⋈∈⊞⊤∈⊞≺∈⋈⊞⋈⋈⊞⋈⊤∈∈⋈⊤∈∋⋈≺∋∋⊞⊤∈∋∋⋈⊞⋈⊤∈∈⋈⊤∈⋈⊤∈∋∋∋∋⋈⋈⋈⋈⊞⋈⋈⋈⊞⋈⋈⋈⋈⋈≺⋈⊤∈⋈⋈⋈≻≺⋈⊤∈⋈≻≺⋈∋⋈⊞⊞⋈⊞⋈⊞⋈⊞⊞⊞⋈⋈∋⊤∈⋈⋈⋈⋈⋈≺⋈⊤∈⊤∈⋈⋈⋈≺∈⋈⊤∈⋈⋈⋈⋈⋈⊞⊤∈⊤∈∋⋈⊤∈∋⋈⋈⋈⋈⊤∈⋈≻⊞⊞⋈⋈⋈≺∋⋈⋈⊤∈∋∋∋∋∋∋⋈⋈⋈⋈⋈⋈⋈⋈⋈⋈⋈⋈⋈⋈⋈⋈⋈⋈⋈⋈⋈⋈⋈⋈⋈⋈⋈⋈⋈⋈⋈⋈⋈⋈⋈≻⋈⋈⋈⋈⋈⋈⋈⋈⋈⋈⋈⋈⋈⋈⋈⊤⋈∈∋≺∋⋈⋈⋈⋈⋈⋈⋈⋈⋈⋈⋈⋈⋈⋈⋈⋈⋈⋈⋈⋈⋈⋈⋈⋈⋈⋈⋈⊞⋈⋈⊙≺∋⊞⋈⋈⋈⋈⋈⋈⊣
0x4320f0	⊢⋈⋈⋈⋈⋈⋈⋈⋈⋈⊞⋈⊞⊞⊞⋈⊥⋈⊞⊤⊥⊞⋈∈⊤∈⊤∈⋈⋈⋈⋈≻⊤∈⊞⋈⋈⋈⋈⋈≻⊤∈∋∋⋈⋈⊞≺∋⋈⋈≺⋈⊞≺∋∋⋈⋈⋈⋈⋈⋈⋈⊣
0x405a65	⊢⋈⋈⋈⋈⊞⋈⋈⋈⋈⊞⋈⊞⊞⊞⋈⊥⋈⊞⊤⊥⊞⋈∈⊤∈⋈⊞⊞⋈⋈≺∋⋈⊤∈⊤∈⋈≺⋈⊤∈⊤∈⋈≺∋⋈⋈≻⋈⋈⋈≻≺∋∋⊤∈⋈⋈∋⋈⋈⊞≺⋈⊞≺∋∋⋈⋈⊞⋈⋈⋈⋈⊣
0x4051cd	⊢⋈⋈⋈⋈⋈⋈⊞⋈⋈⋈⋈⊞⋈⊞⊞⊞⋈⊥⋈⊞⊤⊥⊞⋈∈⊤∈⋈⊞⊞⋈⋈≺∋⋈⊤∈⊤∈⋈≺⋈⊤∈⊤∈⋈≺∋⋈⋈≻⋈⋈⋈≻≺∋∋⊤∈⋈⋈∋⋈⋈⊞≺⋈⊞≺∋∋⋈⋈⊞⋈⋈⋈⋈⋈⊣
0x3f04e4	⊢⋈⋈⋈⋈⊞⋈⋈⋈⊤∈⋈⋈⋈⋈⋈⋈⋈≻⊤∈⋈⋈⋈≺⋈≺∋∋⋈⊞⋈⋈⋈⋈⊣
0x3eb9c0	⊢⋈⋈⋈⋈⋈⋈⋈⊞⋈⊞⋈⋈⋈⋈⋈⋈⋈⋈⋈⋈⋈⊤∈⊤∈⋈⋈⊞⋈≻⋈⋈⋈⋈⊞⊞⊡∈∈⊤∈⋈⊞⋈⊞⊤∈∋⊞⋈⊞⊡∈⊤∈⋈⋈⊞⊞⊞⋈⊞⋈⊞⊞⊤∈∋⋈⊤∈⋈⊤∈⋈⋈∋⊞⊤⊥≺∋⋈⋈⋈⋈⊞⋈⊞⊡∈∈⊤∈∋⋈⋈⋈⊙⋈⋈⊞⋈⋈⋈⋈⋈⋈⊣⋈⊞⋈⊞⊤∈∋⋈⊞⋈⊞⊡∈⊤∈⋈⋈⊞⊞⊞⋈⊞⋈⊞⊞⊤∈∋⋈⊤⋈∈⋈⊤∈∋∋∋∋⋈⋈≻⋈⋈⋈⋈⋈⋈⊤∈⋈⋈⋈≻⋈⋈⊞⋈⊤∈⋈∈⊞⊤∈⋈⊤∈⋈⋈⊤∈∋∋⋈⊞⊤∈⋈⋈⊞⊙∋⋈⊞⊤∈⋈⋈⊤∈∋∋⋈⋈⋈≻⋈⋈⊞⊞⋈⊤∈⊤∈∋∋⋈⋈≻⋈⋈∋⋈⊤∈⋈⊞⊡∈⋈⋈⋈⊞⋈⊞⊞⋈⊞⊤∈∋∋⋈⊡≺∋⋈⋈⊞⋈⋈⋈⋈⊣⋈⋈∋⊞⊤⊥≺∋
0x3f2dd0	⊢⋈⋈⋈⋈⋈⋈⊞⋈⋈⋈⋈⊞⊞⊥⋈⊞⊞⋈⋈⋈⋈⋈⋈⋈⋈⋈≻⊤∈⋈⊤∈≺⋈⊤∈∋⋈∋∋⋈⋈⋈⋈⋈⋈⋈⋈⊤∈⋈⊤∈⊤∈⋈⊤∈⋈⊤∈∋⊞≺≺∋∋∋∋⋈⋈⋈⋈⋈≻⋈⋈⋈≻⋈⋈⋈⊤∈⋈⊤∈⋈⊤∈⊤∈⊤∈∋⊞⋈≺∋∋∋∋⋈⋈⋈⋈⋈⋈≻⋈⋈⋈⋈≻⋈⋈⋈⋈≻⋈⋈⋈⋈≻⋈⋈⋈⊤∈⋈⊤∈⋈⊤∈⊤∈⊤∈∋⊞⋈≺∋∋∋∋⋈⋈⋈⋈≻⋈⋈⋈≻⋈⊤⋈∈⋈⊤∈⋈⊤∈⊤∈⊤∈∋⊞⋈≺∋∋∋∋⋈⋈⋈≻⋈⋈⋈⋈≻⋈⋈⋈⋈≻⋈⋈⋈⋈⋈⋈≻⋈⋈⋈⋈⋈⋈⊤∈⋈⋈⋈≻∋⊞⋈⋈⋈⋈⋈⋈⊣
0x41c903	⊢⊞⋈⋈⋈⊞⊞∈⊤∈⊤∈⋈⋈⋈⊞⋈⊤⋈∈∋⋈⋈≺∋≻∋⊞⊣
0x41d5b3	⊢⋈⋈⊞⋈⋈⊤∈⋈⋈⊤∈⋈⋈⋈⊞≻⊤∈⊤∈∋⋈⊤∈⋈⊞∈⋈⊞⊡⊡⋈⋈⊞⊞⊞≺⋈≺∋⋈⋈⋈⊞≻≺∋⊤∈⋈∋⊞≺∋∋⋈⋈⋈⋈⋈≺∋⊞⋈⋈⊣
0x41d7cf	⊢⋈⊞⋈⊞⊡⊡⋈⋈⊞⋈⊞⊥⊤∈⊞⋈⋈∈⋈∈∈∋⊤∈⊞⊞⋈⊞⊥⊤∈∋∋⋈⋈⋈⊤∈⊞⊞⊞⊞⋈⊤∈∋∋⊤∈⊡∋⋈⊞∋⋈⋈⋈⋈≻⋈⋈≺∋⋈⊞⋈⊣
0x41c957	⊢⋈⋈⊞⋈⋈⋈⊤∈⋈⋈⋈⋈⋈⋈⊤∈⋈⊤∈⋈⋈≺∋⋈⋈≻⊞⋈⊤∈⋈⋈⊞⊞⋈∈⋈⊞⊤∈⊤∈⊤∈⊤∈∋⋈⋈⋈≻⊤∈⋈⋈⊞⋈⋈⋈≺∋⋈≺∋⋈⋈⋈⋈⋈⊞⊞⊤∈∋∋∋⋈⋈≺⊤∈⋈⊞⊤∈∋⋈⋈⊞∋⊞⋈⋈≺⋈⋈⋈⋈≻≺∋⋈⋈∋⊞⋈⋈⊣
0x41d67e	⊢⋈⋈⋈⋈⊞⋈⊞∈⊞⋈⊞⊞∈⋈⋈⊤∈⊤∈⋈⋈⋈≺⊤∈⊤∈∋⋈⋈⋈≺⋈⋈⊞⊤∈∋⋈≺∋∋⋈⋈⋈≺
0x41a946	⊢⋈⋈⋈⋈⋈⋈≻⋈⋈⋈≺
0x41a96a	⊢⋈⋈⋈⋈⊤∈⋈⋈⊞⋈≻⋈⋈⋈⋈⋈⊙⊤∈⊞⋈⊞⊞≺∋⋈⋈⋈⋈⊙⊞⊞⋈⋈⋈⋈⊣
0x41d573	⊢⋈⋈⊤∈⋈⊞⊞∈⋈⊤∈⊤∈⊤∈⋈⋈⊞⊞⊤∈∋∋∋∋∋⊣
0x3ebd70	⊢⋈⊤∈⋈⊞⊞∈⊞⊡∈⊤∈⊞⊤∈∋⋈⊤∈⋈⊞∋⋈⋈⊞∈⋈⋈⋈⊞⊞⋈⊞⊞⊞⊞⊤∈⊞⊤∈∋≺∋∋⋈⊞∈⋈⊞⊡∈⊤∈⊞⊞⊤∈∋⊞⊡∈⊤∈∋∋⋈⊤∈⋈⋈⋈⋈⊞≺⊞⊤∈∋≺∋∋⋈≺∋⋈∋⋈⋈⊣
0x415e12	⊢⋈⋈⋈⋈⋈⋈⋈⊞⋈⋈⊤∈⋈⊞⋈⊤∈⋈⊤∈⋈⋈⊞⋈⋈⊤∈⊤∈⋈⋈≻⋈≺⊤∈⋈⋈⋈⋈≻⊤∈⊤∈⋈⋈⋈≻⊤∈⋈⋈⋈⋈⋈⊤∈⋈≻⋈⊤∈⋈⊤∈⊤∈⋈⊞∈⋈⋈⋈⋈⊙⊤∈⋈⋈≻⊤∈⋈⋈⋈⋈⋈⊙≺⊤∈⋈⋈≻⋈⊤∈⊤∈⋈⊤∈⋈⋈≻⊤∈∋∋⋈⊤∈⋈⋈≻⊤∈∋⋈≻⊤∈≺⊤∈⊤∈⊤∈⊤∈∋⋈⋈⋈⋈≻⊤∈⋈≻∋⋈⊤∈⋈⋈≻⋈⊤∈∋⋈≻⋈⊤∈⊤∈⋈⊤∈⋈⋈≻⊤∈∋⋈⊞≻⊤∈∋∋⋈⊤∈⋈⋈⋈⊤∈⋈⋈⊞⋈⋈⊤⊥≺⊤∈∋∋∋⋈⊤∈⋈⋈≻⋈⊤∈∋⋈⋈≺⋈≻⋈⊤∈⋈⋈⋈≻⋈⊤∈⊤∈⋈⊤∈⋈⋈≻⊤∈⊤∈∋⋈⋈⋈⋈≻⊤∈∋⋈⊤∈∋∋∋⋈⊤∈⋈⋈⊞⋈⋈⋈⋈⋈⋈≺⋈⋈⋈≻⊤∈∋⋈≺∋⋈⊤∈⋈⋈⊤⊥⋈⋈⊞∋≻⋈⊤∈∋∋⋈⋈≺⊞⋈⋈⋈⋈⊤∈⋈⊤∈⋈⋈≻⊤∈∋⊤∈⋈⊤∈⋈⋈⊤∈⋈⋈⊤∈⋈≻⋈⊤∈⋈⋈≺∋≻≺∋⊤∈∋∋∋⋈⋈⊞∈⊤∈⋈⋈≻⊤∈⋈⊤∈⋈≻⊤∈⋈≺∋⊤∈⋈⋈≻⊤∈⋈⋈⊤∈⋈≻⊤∈⋈⊤∈⋈≺∋⋈≻⋈⊞∈⋈⊤∈⋈⋈≻⊤∈⋈⊤∈⋈≻≺∋∋∋⊤∈∋∋∋∋∋∋∋∋∋∋∋∋∋⊤∈⊡≺⊞⋈⊤∈⊞⊤⊥⋈⋈⋈⊥⋈⊞≻⋈⋈⊤∈∋⋈⋈≺⋈⊤∈⋈⋈≻⋈⊤∈∋⋈⋈≺∋∋∋∋∋∋∋⊞∋∋∋∋∋∋∋∋∋∋∋∋∋∋∋∋∋∋∋∋∋∋∋∋∋⋈⊞⋈⋈⋈⋈⋈⋈⊣
0x41742b	⊢⋈⋈⋈⋈⋈⋈⊞⋈⋈⊤∈⋈⊤∈⋈⋈⊞⋈⋈⋈⋈⋈≺⋈⋈⋈⊤∈⋈⋈⋈⋈⊞⋈⊤∈⋈⊤∈⊤∈⊤∈⋈⊤∈⋈⋈≻⋈⊤∈∋∋⋈⊤∈⋈⋈≻⋈⊤∈∋⋈≻⋈⊤∈⋈⊤∈⋈⋈≻≺⊤∈∋⊤∈⋈⊤∈⋈⋈≻≺⊤∈∋⋈⊤∈⋈⋈≻⋈⊤∈∋⋈⋈≺⋈⋈≻≺∋⋈⊤∈∋∋⊤∈⊡≺⋈⋈⊞⊙⋈⊤∈⋈⋈≻⋈⊤∈∋⋈⋈≺∋∋∋∋⊞∋∋∋∋∋∋∋⋈⊞⋈⋈⋈⋈⋈⊣
0x417b80	⊢⋈⋈⋈⋈⋈⋈⋈⊞⋈⊤∈⋈⊤∈⋈⋈⊞⋈⋈⋈⋈⋈⋈≺⋈⋈⋈⋈≻⋈⊤∈⋈⋈⊤∈⋈⋈⊤⊥⋈⋈⊞≻⋈⊤∈∋⋈⋈≺⋈⋈⋈≻⊤∈⋈⊤∈⋈⋈⋈≻⋈⊤∈⋈⋈⋈≻⋈⊤∈⋈⋈≻⋈⊞⋈⊞⋈⋈⋈⊞≻⋈≺∋⊤∈⊤∈∋∋∋∋⊞⋈≻⊤∈⋈≻⋈⋈≻⋈≺∋∋∋∋⋈⊞⋈⋈⋈⋈⋈⋈⊣
0x41816e	⊢⋈⋈⋈⋈⋈⋈⋈⊞⋈⊤∈⋈⊤∈⋈⋈⊞⋈⋈⋈⋈⋈⋈≺⋈⋈⋈≻⋈⊤∈⋈⋈⊤∈⋈⋈⊤⊥⋈⋈⊞≻⋈⊤∈∋⋈⋈⋈⊤∈⋈⊞⋈⋈⋈⋈⋈⋈∈⋈≻⊤∈∋⊤∈∋⋈⊤∈⋈⋈≻⋈⊤∈∋⋈⋈≺⋈⋈⊤∈∋∋∋⊞⋈⋈⋈⊙⋈⊤∈⋈⋈⋈⋈⋈⋈⋈∈∈⋈≻⊤∈⋈⋈⋈⊙⋈≺⋈⊤∈⋈⋈⋈⋈⋈≻⊤∈⊤∈⊤∈⋈≺⊤∈⋈⊤∈⋈≺⊤∈⋈≺⊤∈⋈≺⊤∈∋⊤∈⋈≻⊤∈∋⋈≻⊤∈∋⋈⋈≻⋈⋈⋈⋈⋈⋈⋈⋈⋈⋈⊤∈≺⋈⋈⋈≺⋈≺∋∋∋∋∋⋈⋈⊞∋⋈⋈⋈⋈∋⋈⋈⋈∈⋈⊤∈⋈∋⋈⋈⊙⊤∈⊞⊤∈∋∋⋈≺∋⋈⋈⋈⊙⊤∈∋≺∋∋∋∋∋∋⋈⊞⋈⋈⋈⋈⋈⋈⊣
0x417a70	⊢⋈⋈⋈⋈⋈⋈⋈⊞⋈⊤∈⋈⋈⋈⋈⋈≻⋈⊤∈⊤∈⋈⋈⋈⊞⋈⋈⋈⋈⋈⋈≺⋈⊞∈⊤∈⋈⋈⋈≻⊤∈⋈⋈≻⋈⊞⋈⊞⋈⋈⋈⊞≻⊞⋈⋈⋈≻≺∋⋈≺⋈⋈⋈≻⊤∈⋈⋈∋⊞∋∋∋∋⋈⊞⋈⋈⋈⋈⋈⋈⊣
0x419516	⊢⋈⋈⋈⋈⊞⋈⋈⊤∈⋈⊤∈⋈⊤∈⊞⋈⋈⊞≻⋈⊤∈⋈⊤∈⋈⋈≻⊤∈∋⋈≻⋈⊞≺⊤∈∋∋⋈⊞≻⋈⊞⊞⋈⋈⋈⋈≻⊤∈⋈⊤∈⋈⋈⋈⊤⊥⋈⋈⊞≻⊤∈∋⋈⋈⋈⋈⋈≺⊤∈∋⊞≺∋∋∋∋∋⋈⋈⋈⋈⋈⋈⋈⋈⋈⋈≻⋈⋈⋈⋈≺∋⊞⋈⋈⋈⊣
0x419103	⊢⋈⋈⋈⋈⋈⋈⋈⋈⊤∈⋈⊤∈⋈⋈⊞⋈⋈⋈⋈≺⋈⊤∈⋈⊞⋈⊤∈⋈⊤∈⋈⋈≻⋈⊤∈⋈⊞⋈⊤∈⋈≻⋈⊤∈⋈∈⋈⊤∈⋈⊤∈⋈⋈≻≺⋈⊤∈⊤∈⊞⋈⊡≺∋⋈⊤∈⋈⋈≻⊤∈∋⋈≻⊤∈∋≺⋈⊤∈⋈⋈≻⋈⊤∈∋⋈⋈≺⊤∈∋⋈⊤∈⋈⋈≻⋈∋⊤∈∋∋⋈⋈≺⋈⊞≻⋈⊤∈⋈⊤∈⋈⋈≻⊤∈∋⋈⊞≻≺∋⊤∈∋∋∋∋∋⊞∋∋∋∋∋∋∋∋⋈⊞⋈⋈⋈⋈⊣
0x42c4d0	⊢⋈⋈⋈⋈⋈⋈⋈⊞⋈⋈⋈⋈⋈⋈⊤∈⋈∈⋈⋈⊞⋈⊡∈⊤∈⋈⊤⊥⊞⊞⊞⊤∈∋⋈⊤∈∋⊞∈∋⊞∈⋈⋈⊞⋈⋈⋈⊞⋈⋈⋈⋈∈⊤∈⊞⊞⊞⋈⋈⊡∈⋈⋈⊤∈⊤∈∋⋈⋈⊞⊞⋈⋈⊞⊤∈⊤∈∋⋈⋈⋈⋈⋈⊞⊞⋈⋈⋈⋈⋈⋈⊞∈⋈⋈⊞⋈⋈⋈⋈⋈⋈⋈⋈⋈⋈⋈⊙⊤⋈∈⋈⋈⋈≻≺⋈⋈⋈⋈⋈⋈⋈⋈⋈≺⋈≺⊤∈⋈⋈⋈⋈⊞⊤∈⊤∈⋈⋈⋈⋈⊞⊞⋈⊞⊤∈⊤∈⋈⊤∈⊞⊞⋈⊞⋈⊞⋈⋈∋∋⊤∈⋈≺⊤∈∋∋∋⋈⊞⊞⊞≺⋈⊤∈⋈∋∋⊞∋⊞⊞⋈⋈⊞⋈⊞⋈⋈⋈⋈⋈⋈⋈⋈⊞⋈⋈⊞∈∈∈⊤∈⋈⊞⊞⊞⋈≺⋈⋈⋈⋈⋈⊞⊤∈⊤∈⋈⋈⋈⋈⋈⊞⊞⋈⊞⊤∈⊤∈⋈⊤∈⋈⊞⊞⋈⊞⋈⊞⋈⋈∋∋⊤∈⊤∈⋈⋈⋈⋈⊞⊤∈⊤∈⋈⋈⋈⋈⊞⊞⋈⊞⊤∈⊤∈∋⋈⊞⊞⊞⋈≺⋈⊤∈⊞⊞⋈⊞⋈⊞⋈⋈∋∋⊤∈⋈≺⋈⋈⋈⋈⋈⋈⋈⋈⋈⋈⋈⋈⋈⋈⊤∈⋈≺⋈⋈⋈⋈⋈⋈⋈⋈⋈⋈⋈⊞⋈⊞⋈⊞⊤∈⋈⋈⋈⋈⋈⋈⋈⋈⋈⋈⋈⋈⊞⋈⊞⋈⋈⋈⊞⋈⋈⋈⋈⋈⋈⋈⋈⋈⋈⋈⋈⋈⋈⋈⋈≻⊤⋈⋈∈∋⋈⋈≺⊤∈∋∋∋⋈⊞⊞⊞⋈≺⋈⋈⋈⋈⊞⊤∈⊤∈⋈⋈⋈⋈⊞⊞⋈⊞⊤∈⊤∈∋⋈⊞⊞⋈≺⋈⊤∈∋∋⋈⊞⊞⊞⋈⊞⋈⊞⋈⋈∋∋⊤∈⊞⋈⋈⋈⊞≺∈⊞∈⋈⊞⋈⊞⊞∋⊞⋈⊤∈⊤∈⊤∈∋∋⋈⊞⊞⊞⊞⊞⊤∈∋⋈⊞⊤⋈⊥⊤⊥⊞⋈⋈≺⋈⊞⊞⊞≺⋈⋈⊤∈⋈≺∋∋⋈⊞⋈⊞⊞≺∋∋∋∋∋⋈⊞⊞⊤∈⊤∈⋈⊙∋∋⊞⋈∋⋈⊞⋈⊞⋈⊞≺⊞≺∋⊞⋈⊞⋈⊞⊞⊤∈⋈⊤∈∈⋈⋈≻≺⋈⊞⋈⋈⋈⊞⋈≺∋⋈⊙⊤∈⋈⋈≻⋈⋈⋈⋈⋈⋈⋈⋈⋈⋈⋈⋈⋈⋈⋈≻⋈⋈⋈⋈⋈⋈⋈⋈⋈≺∋⋈⊤∈⋈≻⋈∋⋈⋈⊞⋈⋈⊞⋈≺∋⊞⋈⋈⊤∈∋≺⊞⋈⊞⊞⊞⋈≺∋∋∋⋈∋⊞⋈⊞∋⋈≻∋⊤∈⋈≺⋈≺∋≺⋈⊞⋈⋈⊤∈⋈⋈⋈⊞⊞⋈≺∋∋⋈⋈⊞⋈⋈⋈⋈≺⋈⋈⊡∈∋∋∋⊣⋈≺∋∋⋈⋈⊤⊥⊞⊞⊤⊥⊞⋈⊞⊞⋈⊤⊥⊥⋈⋈⊞⊞⊤⊥⋈⋈⋈⋈⋈⋈⋈⋈⋈⋈⋈⋈⋈⋈⋈⋈⋈⋈⋈⋈⋈⋈⊞⋈⋈⋈⋈⋈⋈⋈⋈⋈⊡∈⋈⋈≻⋈⋈⊤∈⋈⋈⋈⊞⊞⊞⊞⊞⊞⋈⋈≺⋈⊤∈⊤∈⋈⋈∋⋈≺⊤∈∋≺∋⋈⋈≻⋈⋈⋈⋈⋈⋈⊤⋈∈⋈⊞⋈⋈⋈≺⋈⋈⋈⋈⊞⋈⋈⋈⋈⋈⋈⋈≺∈⋈⋈⋈⋈⋈⋈⋈⋈≻⋈⊤∈⋈⋈⋈⋈⋈≺⋈⋈⋈⋈⋈⋈⋈⋈⋈⊤∈⊞⊤∈⋈⋈⊞⊙⊤∈⊤∈⊤∈⋈⋈≻⊤∈⋈≺⋈⋈⋈⋈⋈≺⊤∈⋈⋈≻⊤∈⋈⋈≺⊤∈⋈⋈≻⊤∈⋈⋈≺⊞⊤∈∋∋∋∋∋∋∋∋∋⊞⊞∈∋⋈⋈⋈⋈∋⊤⋈∈⋈⋈⊞⋈⋈⋈∋⋈⋈⋈⊤∈⋈⋈⋈⋈⋈⋈⋈⋈⋈≻⊤∈⊞⋈≺∋⋈⋈⊞≺∋⋈⋈⊤∈⋈⋈⋈⋈⋈⋈⋈⋈≻⋈⊤∈⊞⋈≺∋⋈⋈⋈⊤∈⋈⊤⋈∈∋⋈⋈⋈⋈⋈⊤∈⊞≺∋⋈⋈⊞∈⊞⊤∈⋈⋈⋈⋈⊞⊞⋈⋈⋈⋈⋈⋈⋈⊞⊤∈⋈⋈⊤∈⊤∈⊤∈⋈⋈≺⊞⋈⋈⋈⋈⊞⊞⋈⊞⊞⊞⊞⋈⋈⊤∈∋⋈⊤∈⋈⋈⋈⋈⊞⋈⋈⊞⊤∈⋈⋈⋈⋈⋈⊤∈⊤∈⋈⋈⋈⊞⋈⊤∈⊞⋈≺⋈⋈⊞⋈∈⊞⋈≺⊤∈⋈⋈⊤∈⋈⊞⋈⋈⋈∋⊤∈⊤∈⋈⊞⋈⋈⋈⊤∈⊞⋈⋈⋈⋈⋈⋈⊞⊞⋈⋈⊞⊞⊞⊞⋈≺∋⊞∈⋈⋈⋈⊤∈⋈⋈⋈⋈⋈⋈⊤∈⋈⋈⋈⊞⋈⊤∈⊤∈⋈⋈⋈⋈⋈⋈⊤∈⋈≺⋈⊞∋⊤∈⋈⋈⊤∈⋈⋈⊞⋈∈⊞≺⋈⋈⋈⋈⋈⋈⊤∈⋈≺⊤⊥⊤∈⋈⋈⋈⋈⊤∈⋈≺⋈⋈⋈⊞⋈⋈⊞∈⋈⋈⋈⋈⋈⋈⋈⋈⊤∈⋈⋈≻⋈⋈⋈⋈⊞⋈∈⋈⋈≻⋈⊤∈⋈⊞⋈⊞⊞⋈⊞⋈⋈⊞⊞⋈⋈⋈⊤∈⋈⋈⋈⋈≺⋈⊞⋈⊞⊞⋈⋈⋈⋈⋈⋈⊞≺∈⋈⋈⋈⋈⋈≻⋈⋈⋈⋈⋈⊤∈⋈⊞⋈⋈⊞⋈⊞⊞⋈≺⊤∈⋈≻≺⋈⋈∋⋈⋈⋈⋈⋈⋈⋈⊞⋈⊞⋈⊤∈∋⋈⋈⊞⋈⋈⊞⋈⊞⋈≺⊤∈⊞⋈⋈⋈∈⋈⋈⊞∈⊤∈⋈⊞⊞⋈⊞⋈⋈⊤∈⋈⋈⊞∋⋈⋈⋈⊤∈∋⋈⋈≻⋈⋈⋈⋈⊞⋈⋈∈⋈⋈≻⋈⊤∈⋈⊞⋈⊞⊞⋈⊞⋈⋈⊞⊞⋈⋈≺⋈⋈⋈⋈⊤∈⋈⊞⋈⊞⊞⋈⋈⋈⋈⋈≺∈⋈⋈⋈⋈⋈≻⋈⋈⋈⋈⋈⊤∈⋈⊞⋈⋈⊞⋈⊞⊞⋈⋈⊤∈≺⋈⋈⋈⋈⋈⋈⋈⋈⋈⋈⊤∈⋈≻≺⋈⋈∋⋈⋈⋈⋈⋈⋈⋈⋈⋈⋈⋈⋈⋈⋈⋈⊞⋈⊞⋈⊤∈∋⋈⋈⊞⋈⋈⊞⋈⊞⋈⊤∈≺⊤∈⋈⊞⋈⋈≺∋⋈⋈⋈⋈⊤∈⋈⋈⋈⋈⋈⋈∈⋈⋈⋈⊞∈⋈⊤∈⋈⊞⊞⋈⊞⊞⋈⋈⊤∈⋈⋈⋈∋∋⋈⊡⋈⋈⋈⋈⋈⋈⋈⋈⋈⋈⊞⋈⋈⋈⋈⋈⋈⋈⋈⋈⊤∈∋⋈⊤∈⋈⊙∋⊤∈⋈⊙∋⊤∈⋈⊙∋⊤⋈∈⋈⊙⋈≺∋∋∋⋈⋈⋈⋈⋈⋈⋈⋈⋈⋈⋈⋈⋈⋈⋈⋈⋈⋈⋈⋈⋈⋈⋈⋈⋈⋈⋈⋈⋈⋈⋈⋈⋈⋈⋈⋈⋈⋈⋈⋈⋈⋈⋈⋈⋈⋈⋈⋈⋈⋈⋈⋈⋈⋈⋈⋈⋈⋈⋈⋈⋈⋈⋈⋈⋈⋈⋈⋈⋈⊤⋈∈⊤∈⋈⋈⊤∈∋∋⋈⋈⊙≺⋈⋈⋈⊞∈⋈⋈⊞⋈⊞⋈⊞∈⋈⋈⊞⊤∈≺⊞⋈⋈⊞⊙∋⋈∋⋈⊞⊞⋈⋈⋈≺⋈⋈⋈≻⋈⋈⋈⋈⊤∈⋈⊞⋈⋈⊞⋈⊞⋈⋈≺⋈⋈⋈⋈⋈⋈⋈⋈⋈⋈⊤∈⋈≻⋈⋈∋⋈⊞⋈⋈⋈⋈⋈⋈⋈⋈⋈⋈⋈⋈⋈⊞⋈⋈⋈⋈⋈⊞⋈⊤∈∋≺⋈⊞⊞⊞⊤∈∋≺⋈⋈≺∋∋⋈⊞⋈⋈⊞⊞⋈⋈⋈∋⋈∋⊞⊤∈∋∋⋈⊙∋∋∋⊤⊥⊞∈⋈⊙∋⊞⋈≺⋈⊤∈⋈≻⋈∋⋈⋈⋈⋈⋈⊞⋈⋈⋈⋈⋈⋈⊤∈∋≺⋈⊞⊞⊤∈∋≺⋈≺∋∋⋈⊞⋈⋈⊞⊞⋈⋈⋈⋈≺∋⊞∋∋∋⊤∈⋈⊙∋⊤⊥⊞∈⋈⊙∋⋈≺⋈⊞⊞⊞⋈≺∋∋∋∋⋈⊞⊞⊞≺⋈≺⋈≺∋∋∋∋≺⊞≺∋∋∋∋∋∋⋈⊞⊞≺∋⊞∋⋈⋈⋈≺⋈≺∋∋⋈⊞⋈⊞⋈⊞≺∋∋∋∋∋∋∋∋⋈⊞⋈⊞⊞⋈⊞⊞⋈⊞⋈⋈≺∋⋈⋈⋈∋∋∋⋈⊡∈⋈≻∋⊤∈⊤∈⋈⊙∋⊤∈⋈⊙∋⊤∈⋈⊙∋⊤∈⋈⊙∋∋∋∋⊞⋈⋈⋈⋈⋈⋈⊣⋈⋈⊞⊙
0x43e0d0	⊢⋈⋈⋈⋈⋈⊤∈⋈⋈⋈⋈⊞⊞⋈⋈⋈⋈⋈⋈⊞⊤∈⋈⋈⊞∈⊤∈⊤∈⋈⋈≺⊞⋈⋈⋈⋈⋈⋈⊞⊞⋈⊞⊞⊞⊞⋈⋈⊞∈∋⋈≺∋⋈⋈⋈⊤∈⋈⋈⋈⋈⋈⋈⋈⋈⊞⊤∈⋈⋈⋈≺⋈⊤∈⊤∈⋈⋈⊞⋈⊤∈∋⊞⋈⋈⋈⋈≺∋∋⋈⋈⋈⋈⋈⋈⊞⊞⋈⊞⊞⊞⊞≺∋⊤∈⋈⊞≺⋈⋈⊤∈⋈⊞∈∋∋⋈⋈⊤∈⊤∈⊞⊞⊤⊥⊞⊞⊞⋈⋈⊞⋈⊞⊞⊤⋈⊥⋈⊞∈⊞⋈⋈⋈⋈⋈⋈⋈⋈≺⋈≺⋈≺⊞⋈≺∋⋈⋈∋⋈≺⋈≺∋∋⋈⊞⋈⋈⋈⊞⋈⊞⋈⋈≺∋∋∋∋⋈∋⋈⋈⋈⊣
0x42be90	⊢⋈⊤∈⋈⊣⋈⋈⋈⋈⋈⋈⊤∈⋈⋈⋈⋈⊞⊞⋈⋈⋈⋈⋈⋈⊞⊤∈⋈⋈⊞∈⊤∈⊤∈⋈≺⋈⋈⋈⋈⋈⊞⊞⋈⊞⊞⊞⊞⋈⊞∈∋⋈⋈⋈⊤∈⋈⋈⋈⋈⊞⋈⋈⋈⋈⋈⊞⊤∈⊤∈⋈⋈⊞⋈⊞≺⊤∈⊤∈⋈⋈⊤∈⋈⊞∈⋈⋈⊤∈⊤∈⋈⋈⋈⊞⊤∈∋⊞≺∋∋⋈⊞⋈⊞≺∋⊞⋈⋈⋈⋈⋈⋈⋈⋈⊞⊞⊞⊞⊞⊞⋈⋈⊞≺∋⊞⊞⊤∈⋈⊞≺⋈⋈⋈⋈⊞⊙⊞⋈⊞≺⊤∈⊤∈⋈⋈⊞⋈⊤∈∋∋⋈⊞⋈⊞⊞⋈≺⋈⋈⋈⋈⋈⊞⊞⋈⊞⊞⊞⋈⊞≺∋⊤∈⋈⊞⋈≺⋈⋈⊤∈⋈⊞∈∋∋∋∋∋⋈⊞⊞≺∋∋∋⊞⊞⋈⊞⊞⋈⊞⊞⋈⋈⋈⋈⋈⋈⋈⋈⋈⋈⋈⋈⋈⋈≺⋈≺∋∋⋈⊞⋈⊞⋈⊞⋈⊞≺∋∋⋈⊞⊞⋈⊞⊞⋈⊞⊞⋈⊞⋈⋈⋈⋈⋈∋⋈⋈⋈⋈⋈⊣
0x3f1e24	⊢⋈⋈⋈⋈⋈⋈⊞⋈⋈⋈⋈⋈⊤∈⋈≻⋈⊞⋈⋈⋈⋈⋈⋈⋈⋈⋈⋈⋈⊙⊞≺⊤∈⋈⋈⋈⋈⊤⋈⋈∈∈⋈⋈⋈≺⊤∈⊞⋈⋈⋈⋈⋈⋈⋈⋈⋈⋈⊞≺⋈⋈≺∋∋∋⋈≻⋈⋈⋈⊞⊞⋈⊤∈⋈⋈⋈⊞⋈⋈⋈⋈⊞⋈⋈⋈⊞⋈⋈⋈⋈⋈⊙⋈⊞⊞⋈⋈⋈⋈⊙⋈⋈⋈⋈⋈⋈⋈⊙⋈⋈⋈⋈⋈⋈⋈⋈⋈⋈⋈⋈⋈⋈⋈⋈⋈≻⋈⋈⋈⋈⋈⋈⊤∈⋈⋈⋈⋈⋈⊙⋈⊤⋈∈⊞⊞∈⊤∈⋈⋈⋈≻∋⋈⋈⊞⋈≻⋈⊤∈⋈⋈⋈⋈≻⊞⋈⊤∈⊤∈⋈∋⋈⋈⋈⋈⋈≻⋈≺⊤∈⊞⋈⋈⊞≺∋⋈⋈⋈⋈⋈≻⋈∋⋈⋈⋈⋈≻⋈⋈⋈⋈⋈⋈⊙⋈⊤∈∋⋈⋈⋈⋈⋈⋈⋈⋈⋈⋈⋈⋈⋈⋈⊙⋈⊤∈∋⋈⋈⋈⋈⊙⋈⋈⋈⋈⋈⋈⊤⋈⋈∈∋⋈≻⋈⋈⋈⋈⋈⋈⊞⋈⋈⋈⋈⋈⋈⋈⋈⋈⋈⊞⊤∈⋈⋈⋈⋈⋈⋈⊞⋈⋈⋈⊙⋈⋈⋈⋈⋈⋈⋈⊙⋈⊞⊞⋈⋈⊞⊞⊞⊞⋈⊙⋈⋈⋈⋈⋈⋈⋈⊙⋈≺∋⋈⊞⊞⋈⋈⊙⋈⋈⊤∈⋈⋈⋈⋈⊞⊞⊙∋⋈⋈⋈⋈⊤∈⊞∈⋈⋈⋈⋈⊞⊤∈∋∋⊞⋈⋈⋈⋈⋈⋈⊣⋈≻⋈⋈⋈⋈⋈⋈⋈⋈⋈≻⋈⋈≺≺∋⋈⋈⋈≺⋈⋈⋈⋈≻⋈⋈⋈≺∋∋∋∋⊡⋈⋈⋈⋈⊞⋈⋈⋈⋈⋈⋈⊣
0x441ed0	⊢⋈⋈⊤∈⊤∈⋈⊤∈⋈≺⋈⊤∈⊤∈⊤∈⋈⊤∈≺∋⋈≺⋈⋈⊤∈⋈⋈⊞⊞≻∋⋈∋∋∋⊞∋∋∋⋈⋈⋈⊞⋈⊞⊞⊡∈⊤∈⋈⊞⊤⋈∈∋⊞⊤∈⋈⋈⋈≻⋈⋈∋⋈⊞∈⊤∈⊤∈⊤∈⊤∈⋈⊤∈≺∋∋∋⋈∋∋∋⊞⋈⋈⋈⋈⋈⊣
0x427280	⊢⋈⋈⋈⋈⋈⋈⊞⋈⋈⋈⊤∈⋈⋈⋈⋈⋈⋈∋⋈⋈⋈⋈⋈⋈⋈⋈⋈⋈⋈⋈⋈⋈⋈⊤∈⊤∈⊡∈⊞⊡∈⊤∈⋈⊤∈⊞⊤∈∋⋈⊞⊤∈∋⊤∈⊤∈≺∋∋⊞⊤∈⊞⊞∈∋⊞∋∋⋈⋈∋⊤∈⊤∈⊤∈⋈⋈⊡∈⋈⋈≻⊤∈⋈⊞∈⋈⋈∈∋∋∋⊞⊤∈⋈⋈∈⋈⊤∈⊤∈⊤∈⊞⊡∋⊤∈⊤∈⊤∈∋⊞⊤∈≺∋⋈⊤∈∋∋⋈⋈≻⊤∈⋈⊞∈⋈⋈≺∋≺⊤∈⋈⋈⊞∈⋈⋈≻⊤∈⋈⊞∈∋∋⋈⊞⋈≻∋⋈⋈⋈≻⋈⋈⊤∈∋⋈≺∋∋∋∋∋∋∋∋∋⋈⋈⊞⋈⋈⋈⋈⋈⊣
0x43e890	⊢⊤∈⋈⋈⋈⋈⋈⋈⋈⋈⊞⋈⋈⊣⋈⋈⋈⋈⋈⊤∈⋈⋈⊤∈⋈⋈⊤∈⋈⋈≺∋⋈⊞⊤∈⊤∈⊤∈⋈⋈⋈⊤∈⊤∈⋈⊞∈∋⋈≺∋⊞⊞⋈⊞∈⋈⋈⊞⊞∈⋈⊤∈⋈⋈⊤⋈∈⊞⊤∈⋈∈⊤∈⋈⋈⋈⊞⊤∈⊤∈⊞⊞⋈⊞⊞⋈⊞⊤∈∋⋈∈⊤∈∋⋈⋈⋈⋈⋈⋈⋈⋈⋈⋈⋈⊤∈⋈∋∋⋈⋈≺⊞⊞⋈⊞⊞⋈⊞⊤∈∋≺∋∋⋈⋈⊞⊞⊞∈⋈⊤∈⋈⋈⋈⋈⋈⋈⋈⋈⋈⋈⋈⋈⋈⋈⋈≺⋈⋈≺⋈≺∋⋈≺⋈≺⋈⋈≺⋈≺⊞⊞≺⊞≺∋∋∋⋈⋈⋈⋈⋈⋈⋈⋈⋈∋⋈∋∋∋∋∋∋∋⋈∋⋈⋈⋈⋈⋈⊣
0x41afc9	⊢⋈⋈⋈⋈⋈⋈⊞⋈⋈⋈⋈⋈⋈⊞⊤∈⋈⋈⋈⋈⋈⋈⊞⋈⋈⋈⋈⋈⊙⋈⋈⋈⋈⋈⋈⋈⋈⋈⋈⋈⊞⊞⊞⊞⊞⋈⋈⊙⋈⋈⋈⋈⋈⋈⋈⋈⋈⋈≺∋⊞⋈⊞⋈⋈⋈⋈⋈⋈⋈⋈⋈⊞⋈⋈⋈⋈⋈⋈⊣
0x404a70	⊢⋈⋈⋈⋈⋈⋈⋈⊞⋈⋈⋈⋈⋈⋈⋈⋈⋈⊞⊤∈⋈⋈⋈⋈⊞⋈⋈⋈⋈⊙⋈⋈⋈⋈⋈⊡⊞⊞⊞⊞⊞⊙⋈⋈⋈⋈⋈⋈⊡≺∋⊞⊞⊞⋈⋈⊡⋈⋈⋈⋈⋈⊞⋈⋈⋈⋈⋈⋈⊣
0x41b0f7	⊢⋈⋈⋈⋈⋈⋈⊞⋈⋈⋈⋈⋈⋈⋈⋈⋈⊞⊤∈⋈⋈⋈⊞⋈⋈⋈⊞⋈⋈⋈⋈⊙⋈⋈⋈⋈⋈⋈⋈⋈⋈⋈⋈⊞⊞⋈⊞⊞⊞⋈⋈⊙⋈⋈⋈⋈⋈⋈⋈⋈≺∋⋈⊞⋈⋈⋈⋈⋈⋈⊤∈⋈⋈⋈⋈⊞⊞⊙∋⋈⋈⋈⊤∈⊞∈⋈⋈⋈⋈⊞⊤∈∋∋⊞⋈⋈⋈⋈⋈⋈⊣
0x404d5a	⊢⋈⋈⋈⋈⋈⋈⋈⊞⋈⋈⋈⋈⋈⋈⋈⋈⋈⊞⊤∈⋈⋈⋈⊞⋈⋈⋈⊙⋈⋈⋈⋈⋈⊡⊞⊞⊞⊞⊞⊙⋈⋈⋈⋈⊡≺∋⊞⊞⋈⋈⊡⋈⋈⊤∈⋈⋈⋈⋈⊞⊞⊙∋⋈⋈⋈⋈⊤∈⊞∈⋈⋈⋈⋈⊞⊤∈∋∋⊞⋈⋈⋈⋈⋈⋈⊣
0x3f2ae0	⊢⋈⋈⋈⋈⋈⋈⊞⋈⋈⋈⊞⋈⋈⊞∈⋈⊞⊞⊞⋈⋈⊞⋈⋈⊤∈⊤∈⋈≺⋈⊤∈⋈⋈⊤⊥⊤⊥⊞∈⊞⋈⋈⋈⊤∈⋈⋈⋈⋈⋈≻⊤∈⋈⋈≺∋⋈≻⋈⋈≺∋⋈⋈⋈⋈⊙⋈⋈⋈⋈⋈⋈⋈⋈≺⋈⋈⋈≺∋⋈∋⋈∋⋈⋈⋈⊤∈⊤∈⋈⋈⊤∈⋈⋈⊤⊥⊤⊥⊞∈∋⊞⋈⋈⋈⋈⊤⋈∈⋈⊞⋈⋈⋈⋈≻⊤∈∋⋈⋈≻⋈⋈≺∋⋈⋈⋈⊙⋈⋈⋈⋈⋈⋈⋈≺⋈⋈≺⋈≺∋∋⋈∋⋈⊞⋈⋈⋈⋈⋈⋈⋈⋈⋈⊞⊞⊞⊤∈∋≺∋⋈⋈⋈⊙⊞⋈⋈⋈⋈⋈⋈⊣
0x3fba32	⊢⋈⋈⋈⋈⋈⋈⊞⋈⋈⋈⋈⋈⋈⊞⋈∈⋈⋈⋈⋈⋈⋈⋈⋈⊞⊤∈⋈⋈⋈≻⊞⊞⋈⋈≻⋈⊤∈⊞⊤∈∋⋈≻⋈⊤∈⊤⋈∈⋈≺⋈⊤∈⋈⊤⊥⋈⊤⊥⊞∈⊞⊤∈⋈⊞⋈⋈⋈⋈≻⊤∈⋈⋈≺∋⋈⋈⋈⊙⋈⋈⋈⋈⋈⋈≺⋈⋈≺⋈≺∋∋∋⋈⋈⋈⋈⊞⊤⋈⋈⊥⋈∋⋈⋈⋈⊤∈⋈∋⊤∈⊤⋈⋈⊥⊤⊥⊞∈⊤∈⊞⋈⋈⊤∈≺⋈⊤⋈∈∋∋⋈⋈∈∋⋈⋈⋈∋∋⋈⋈⋈⋈⊤∈⋈⋈⋈≻∋⊞⋈⋈≻⋈⊤∈⊞⊤∈∋⋈≻∋⋈≺∋⋈⋈≻⋈⊤∈⊤⋈∈⋈≺⋈⊤∈⋈⊤⊥⋈⊤⊥⊞∈∋⊞⊤∈⋈⊞⋈⋈⋈≻⊤∈⋈≺∋⋈⋈≻⋈≺∋⋈⋈⋈⋈⊙⋈⋈⋈⋈⋈≺⋈⋈≺⋈≺∋∋∋⋈⋈⋈⋈⊞⊤⋈⋈⊥⋈∋⋈⋈⋈⊤∈⋈∋⊤∈⊤⋈⋈⊥⊤⊥⊞∈⊤∈⊞⋈⋈⊤∈≺⋈⊤⋈∈∋∋⋈⋈∈∋⋈⋈⋈∋∋⋈⋈⋈⋈⊤⋈∈⋈⋈⋈≻∋⋈⊤∈⋈⋈⋈≻∋⋈⊤∈⋈⋈⋈≻∋⊞⊤∈∋≺∋⋈⋈⋈⋈⋈⊞⋈⋈⋈⋈⋈⋈⊣
0x3fb91e	⊢⋈⋈⋈⋈⋈⋈⊞⋈⋈⋈⊞⋈⋈⋈⊞∈⋈⊞⊞⋈⊞⊤∈⋈⋈⋈⋈≻⋈⋈≺∋⋈⋈⋈⋈⋈⋈⋈⋈⋈⋈⋈⋈⋈⋈⋈⋈⋈⋈⊞⊞⊤∈∋⋈⋈⋈⊙⊞⋈⋈⋈⋈⋈⋈⊣
0x3fb62c	⊢⋈⋈⋈⋈⋈⋈⊞⋈⋈⋈⋈⊞∈⋈⋈⋈⋈⊞⊞⋈⊞⋈⊞⊞⋈⊞⊞⋈⊞⊞⋈⋈⋈⊞⋈⋈⋈⊞∈⊤∈⋈⋈⋈≻⊤∈⊤∈∋⊤∈⊤∈∋⋈⋈⋈⋈≻⋈⋈⋈⋈⋈⋈⋈⋈⋈⋈⋈⋈≻⋈⋈⋈⋈⋈⋈⋈⊤∈⋈⋈⋈≻∋⋈⋈⋈⋈⋈⋈⋈⋈⋈⋈⋈⋈⋈⋈⋈≻⋈⋈⋈⋈⋈⋈⋈⋈⋈⊤∈⋈⋈⋈≻∋∋∋⊞⊞⊞⊤∈∋⋈⋈⋈⋈⋈⋈⊞⋈⋈⋈⋈⋈⋈⋈⋈⊞⊤∈∋⋈⋈⋈⊙⊞⋈⋈⋈⋈⋈⋈⊣
0x3fc02b	⊢⋈⋈⋈⋈⋈⋈⊞⋈⋈⋈⋈⋈⋈⋈≻⋈⊤∈⋈⋈⊙⊤∈⋈⋈≻⋈⋈⋈⋈⋈⋈⋈⋈⋈⊤∈⋈⋈⋈≺⋈⊤⋈∈⋈⋈⋈⊤∈⊤∈⋈≺⋈⊤∈⋈⋈⊞⊥⋈⊞⊤⊥⊞∈⊤∈⋈⋈⋈⋈⋈≻⊤∈⋈⋈≺∋⋈⋈⋈⊙⋈⋈⋈⋈≺∋∋⋈⋈⋈⋈⋈⋈⋈⋈⋈⋈⋈≺⋈⋈⋈⋈⋈⋈⊤∈∋⋈⋈⋈⋈≻≺∋∋⋈⋈⋈⋈⋈⋈⋈⋈⋈≻⋈⋈⋈⋈≻⋈⋈⋈≻⋈⋈≻⋈⋈⋈⋈⊤⋈∈⋈⋈⊤∈⊤∈⋈∋⊤∈⋈≺∋⊤∈∋⋈⋈⋈⋈⋈⋈⊞⋈≻≺∋⊤∈⋈⋈⋈⋈≻≺∋∋⋈⊤∈⋈⋈⋈≻∋⋈⋈⋈⋈≻⋈⋈⋈⋈⋈⋈⋈⋈≻⋈⋈⋈⋈⋈⊤∈⋈⋈⋈≻∋⋈⋈⋈⋈⋈≻⋈⋈≻⋈⊤∈⋈⋈⋈≻∋⋈⊤∈⊤∈⋈⊤∈⋈⋈⊞⊥⋈⊤⊥⊞∈∋⊞⋈⊤∈∋⋈⋈≺≺∋⋈⊞∋⋈∈⋈⋈⊤∈⋈⊤∈⊤∈⋈⋈⊞⊥⋈⊤⊥⊞∈⋈⋈⋈⊤∈⋈⊞⋈⋈⋈≻⊤∈⋈⋈≺∋⋈⋈⋈⊙⋈⋈⋈⊞∋⋈⋈≻∋⊤∈⋈⊞⋈⋈⋈≻⊤∈∋∋⋈⋈≻∋⋈⋈⋈⋈⋈⋈⋈⋈⋈≻⋈⋈⋈⋈⋈⋈≺∋⋈⋈⋈⊙⋈⋈⋈≺∋⋈⋈⋈≺⋈⋈⊤∈∋∋⋈⋈⋈⋈⋈⋈⋈⋈⋈⋈⋈⋈⊞⋈≺∋⋈≺∋⋈⋈⊤∈⊤∈⋈⋈⋈⋈⋈⋈⋈⋈⋈≻⋈⋈⋈⋈⊤∈∋⋈⋈⋈⋈⊞≺⋈⋈⋈≺∋⋈∋⋈⋈⋈⋈⊞⋈⋈⋈⋈⋈⋈⋈⋈⋈⋈⋈⋈⋈⋈⋈⋈⋈⋈⋈⋈⋈⋈⋈⋈⋈⋈⋈⋈⋈⋈⋈⋈⋈⋈⋈⋈⋈⋈⋈⋈⋈⋈⋈⋈⋈⋈≻⋈⋈⋈⋈⋈⊤∈⋈⋈⋈⋈⋈⋈⋈⋈⋈⋈⋈⋈⋈⋈⋈⋈⋈⋈⋈⋈⋈⋈⋈≻⋈⋈⋈⋈⋈⊤∈⋈⋈⋈⋈⋈⋈⋈⋈⋈⋈⋈⋈⋈⋈⋈⋈⋈⋈⋈⋈⋈⊞⋈⋈⋈⋈⋈⋈⋈⋈⋈⋈⋈⋈⋈⋈⋈⋈⋈⋈⋈⋈⋈≻⋈⋈⋈⋈≻⋈≻⋈∈⋈⊞⋈≻⋈⋈⋈⋈⋈⋈⋈⋈⊞⊤∈∋⋈⋈⋈⋈⋈⊙⋈⋈⋈⊙⋈⋈⋈⊙⋈⋈⋈⊙⋈⋈⋈⋈⊙⋈⋈⋈⋈⊙⋈⋈⋈⋈⋈⊤∈⋈⋈⋈⋈⋈⋈⋈⋈⋈⊤⋈∈⋈⋈⋈⋈≻∋⊤∈⋈⋈⋈⋈≻≺⋈⋈⋈⋈⋈∋∋⋈≻⋈⊤∈∋⋈⋈⋈∋≻≺∋∋∋⊞⋈⋈⋈⋈⋈⋈⊣
0x4015b8	⊢⋈⋈⊞⋈⊤∈⋈⋈⊙⊤∈⋈⋈≻⋈⋈⋈⋈⋈⋈⋈⋈⋈⊞⋈⊞⊞⋈⋈⋈⋈⋈⋈≻⊞≺∋⋈⊞⋈⋈⊣
0x4097dc	⊢⋈⋈⋈⋈⋈⊤∈⋈⋈⊤∈⋈⋈⋈≻⊤⊥⊞⋈⋈⋈⋈≻⊤∈∋⋈⋈≻⋈⋈⋈⋈⋈⋈⊞⋈⋈⋈⊞⊞⊤∈⊞∈⋈⋈≻∋⋈⋈⋈⋈⋈⋈≻⊤∈∋⊞⋈⋈⋈⊤∈⋈⋈⋈⋈⊞⋈≻⋈⋈≺⊞∋⋈∈⊤⋈⊥⋈⊞⊞∈⋈⊞⊞⊞∈∋⋈⊞⋈⊤∈∋⋈⋈⋈⋈⊤∈⋈⋈⊤∈⊞≺⊤∈⋈⊞⋈∈⊤∈⊞⋈⊞⊤⋈∈∋⊤∈∋⋈⋈≺∋∋∋⋈⊞⊤∈⊤∈⋈⋈⋈≻⋈⋈⋈≺⊤∈⊞⋈⋈≻⋈⋈≻⋈⋈⋈≺⋈⋈⊤⊥⊤⊥⋈≺∋∋∋∋⋈⋈⋈⋈⋈⋈⊞⋈⋈⋈⋈⋈⋈⊣⋈⋈∋⋈⋈⋈⊣
0x41afa7	⊢⋈⋈⊙⊤∈⋈⋈≻⋈⊣
0x404a4b	⊢⋈⋈⋈⊙⊤∈⋈⋈≻⋈⊣
0x41a8ef	⊢⋈⋈⊙⊤∈⋈⋈≻⋈⊣
0x404a26	⊢⋈⋈⋈⊙⊤∈⋈⋈≻⋈⊣
0x424470	⊢⋈⋈⋈⋈⋈⋈⋈⊞⋈⋈⋈⊤∈⊤∈∋⋈⋈⋈⋈⋈⋈⊤∈⋈⋈⋈⋈⋈⋈⋈⋈≻⊤∈⊤∈⋈⋈⋈⋈⋈⋈⋈⋈⋈⋈⋈⋈⋈⋈⊙⊤∈⊤∈⋈⋈⋈⋈⋈⋈⋈⋈⋈⋈≺∋⋈≻⊤∈∋∋⊤∈⊤∈⋈⋈⋈⋈⋈⋈⋈⋈⋈⋈⋈⋈⋈⋈⋈⋈⋈⋈⋈⋈⋈⋈⋈⋈⋈⋈⋈⋈⋈⋈⋈⋈⋈⋈⋈⋈≺∋⋈≻⊤∈⋈⋈⋈⋈⋈⊙⊤∈∋⋈⋈⋈⋈⋈⊙⊤∈⋈⊤⊥⊞⊤⋈∈⋈⊤∈⋈⋈⋈⋈⋈⋈⋈⋈⋈⋈⋈≻⊤∈∋⋈⋈⋈⋈⋈⊙⊤∈⋈⋈⋈⋈⋈⋈⋈⋈⋈⋈⊙⊤∈⋈⋈⋈⋈⋈⋈⋈⋈⋈≻⊤∈⋈⊤∈⋈⋈⋈⋈⋈⋈⋈⋈⋈⋈≻⊤∈∋⋈⋈⋈⋈⋈⊙⋈⋈⊤⋈∈≺≺∋∋∋∋∋∋∋∋∋∋⋈∋∋⊞⋈⊞≺∋∋⊞⋈⋈⋈⋈⋈⋈⊣
0x443880	⊢⋈⋈⋈⋈⋈⊞⋈⊤∈⋈⊤∈⋈≺⋈⋈⋈≺∋⋈⋈⋈≻⊤⋈∈⋈⋈⋈≻⋈⊤∈⋈⋈⋈⋈⋈⋈⋈⋈∋∋⋈⋈⋈⋈⋈⋈⋈⋈⋈⋈⋈∋⊞⋈⋈⋈⋈⊣
0x427fd1	⊢⋈⋈⋈⋈⋈⋈⋈⊞⋈⋈⋈⋈⋈⋈⋈⋈⋈⋈≻⋈⊤⋈⋈⋈⊥⋈⋈⊥⋈⋈⋈⋈⋈⋈≻⋈⊤⋈⋈⋈⊥⋈⋈⊥⋈⋈⋈⋈⋈⋈≻⋈⊤⋈⋈⋈⊥⋈⋈⊥⋈⋈⋈⋈⋈⋈≻⋈⊤⋈⋈⋈⊥⋈⋈⊥⋈⋈⋈⋈⋈⋈≻⋈⊤⋈⋈⋈⊥⋈⋈⊥⋈⋈⋈⋈⋈⋈≻⋈⊤⋈⋈⋈⊥⋈⋈⊥⋈⋈⋈⋈⋈⋈≻⋈⊤⋈⋈⋈⊥⋈⋈⊥⋈⋈⋈⋈⋈⋈≻⋈⊤⋈⋈⋈⊥⋈⋈⊥⋈⋈⋈⋈⋈⋈≻⋈⊤⋈⋈⋈⊥⋈⋈⊥⋈⋈⋈⋈⋈⋈≻⋈⊤⋈⋈⋈⊥⋈⋈⊥⋈⋈⋈⋈⋈⋈≻⋈⊤⋈⋈⋈⊥⋈⋈⊥⋈⋈⋈⋈⋈⋈≻⋈⊤⋈⋈⋈⊥⋈⋈⊥⋈⋈⋈⋈⋈⋈≻⋈⊤⋈⋈⋈⊥⋈⊥⋈⋈⋈⋈⋈⋈≻⋈⋈⋈⋈⋈⋈⋈≻⋈⊞⋈⋈⋈⋈⋈⋈⋈⋈⋈⋈⋈⋈⋈⋈⋈⋈⋈⋈⋈⋈⋈⋈⋈⋈⋈⋈⋈⋈⋈⋈⋈⋈⋈⋈⋈⋈⋈⋈⋈⋈⋈⋈⋈⋈⋈⋈⋈⋈⋈⋈⊤⊥⋈⋈⋈⋈⊥⋈⋈⊤⊥⊥⋈⋈⊡⋈⋈⋈⋈⋈⋈⊤∈⋈⋈⋈⋈⋈⋈≻⋈⊤⋈⋈⋈⊥⋈⋈⊥⋈⋈⋈⋈⋈⋈≻⋈⊤⋈⋈⋈⊥⋈⋈⊥⋈⋈⋈⋈⋈⋈≻⋈⊤⋈⋈⋈⊥⋈⋈⊥⋈⋈⋈⋈⋈⋈≻⋈⊤⋈⋈⋈⊥⋈⋈⊥⋈⋈⋈⋈⋈⋈≻⋈⊤⋈⋈⋈⊥⋈⋈⊥⋈⋈⋈⋈⋈⋈≻⋈⊤⋈⋈⋈⊥⋈⋈⊥⋈⋈⋈⋈⋈⋈≻⋈⊤⋈⋈⋈⊥⋈⋈⊥⋈⋈⋈⋈⋈⋈≻⋈⊤⋈⋈⋈⊥⋈⋈⊥⋈⋈⋈⋈⋈⋈≻⋈⊤⋈⋈⋈⊥⋈⋈⊥⋈⋈⋈⋈⋈⋈≻⋈⊤⋈⋈⋈⊥⋈⋈⊥⋈⋈⋈⋈⋈⋈≻⋈⊤⋈⋈⋈⊥⋈⋈⊥⋈⋈⋈⋈⋈⋈≻⋈⊤⋈⋈⋈⊥⋈⋈⊥⋈⋈⋈⋈⋈⋈≻⋈⊤⋈⋈⋈⊥⋈⊥⋈⋈⋈⋈⋈⋈≻⋈⋈⋈⋈⋈⋈⋈≻⊞⋈⋈⋈⋈⋈⋈⋈⋈⋈⋈⋈⋈⋈⋈⋈⋈⋈⋈⋈⋈⋈⋈⋈⋈⋈⋈⋈⋈⋈⋈⋈⋈⋈⋈⋈⋈⋈⋈⋈⋈⋈⋈⋈⋈⋈⋈⋈⋈⋈⋈⋈⋈⋈⋈⋈⋈⊤⊥⊥⋈⋈⊤⊥⊥⋈⋈⊡⋈⋈⊙⊤∈⋈⋈⋈⋈≻≺⋈⋈⋈⋈⊡⋈⋈⋈⋈≻⊞∋⋈⋈⋈⋈⊡⋈⋈⋈⊙⊤∈⋈⋈⋈≻≺⋈⋈⋈⋈⋈⊡⋈⊡⋈⊡⋈⋈⋈⋈⋈⋈⊡⋈⊤∈⋈⋈⋈⊞⋈⊞⋈∈⋈⋈⋈≻⊤∈⋈⋈⋈⊞⋈⋈⊞≺⊞⋈⋈⊞⋈⋈⊤∈⋈≻⋈⋈∋⋈⋈⋈⊞⋈⋈⊞⊤∈∋⊤⋈∈⋈⊤∈⋈≻≺⊞⊞⋈⋈⋈⋈∈⋈⋈⊤∈⋈⋈∈⋈⋈⊤∈⋈⋈⊤⋈∈∋⊞≺∋⋈⋈∋⋈⊞⋈⊤∈≺∋∋∋∋⋈⊡⋈⋈⋈⊡⋈⊡⋈⊡⊞⋈⋈⋈⋈⋈⊡⋈⋈⋈⋈⋈⋈⋈⋈⋈⋈⋈∈∈∈∈∈∈∈∈∈⋈⋈≻⋈⋈⋈⊤∈⋈⊞⋈⋈⊞⋈≺⋈⋈⋈⋈⋈⋈⋈⋈⊤∈⋈⋈⊤∈⊤∈⋈⋈≻≺⋈⊞⊞⋈⋈⋈⋈∈⋈⋈⊤∈⋈⋈⋈⋈∈⋈⋈⋈⋈⋈⊤∈⊞⋈⋈⊤∈∋⊞⊞≺∋⋈⋈⋈⋈∋⋈⊞⋈⊤∈∋≺⊤∈⋈⊤∈⋈⊙⋈⋈≺∋∋⋈⊞⋈⋈⋈∈⋈⊤⊥⋈⊞∈∋⋈⊤∈⊞⊞⋈⋈⋈⋈≻⊤∈⋈⋈⋈≻⊞⋈≺∋∋∋⋈⋈⋈⊤∈⋈≺⊤∈⊙⋈⋈⊞⊞⋈⋈⋈≻⊤∈∋∋⋈⊞⋈⋈⊞⊤∈⋈⋈≺⋈⋈⋈⋈⋈≻≺⋈⊤∈∋⊤∈∋⊤∈⊡⋈⋈⋈⋈⋈⋈⋈⋈⋈⋈⋈⋈⋈⋈≻⊤∈∋⋈⋈⋈⊡⋈⊤∈∋⊡⋈⋈⋈⋈⋈⋈⋈⋈⋈⋈⋈⋈⋈⋈≻⊤∈∋⋈⋈⋈⋈⊡⋈⋈⋈⋈⋈⋈⋈⋈⊡⊤∈⋈⋈⊞⊞∈⋈⊤∈⊤∈⋈⋈⋈⋈≺∋⋈⋈⊞⊞⊞⊤∈⋈⋈⊤∈⋈⊤∈⋈⊤∈⋈∈⋈⋈⊞⋈⋈∈⊤∈⋈⊤⊥⊞⊞⊞⊤∈∋⋈⊤∈∋⊞∈∋⋈⋈⋈≺⋈≺∋≺⊞⊞⊞⊞≺∋⊤∈⋈∋≻⋈⊤∈⋈⊞⋈⋈⊞⊞⋈⋈⋈⊞⋈⊞⋈⋈⊞⋈⋈⊞⋈⊞⊤⋈⊥⊤⊥⋈⋈⋈⊞⋈⋈⋈⊞⋈⋈⋈⊞⋈⋈⋈⊞⋈⋈⋈⊞⋈⋈⋈∈⋈⋈⋈⋈⋈⋈⋈⋈⋈⋈≻⋈⋈⋈⊤∈⋈⊞⋈⋈⋈⋈⋈⋈⋈⋈⊤∈⋈⋈≻⋈⋈⊤∈⊞⋈⋈⋈⋈≺⊤⋈⋈⋈∈⋈≺⋈⊤∈⋈≺⊞⋈⊞∈⋈⊞⊤∈⊤∈⋈⊤∈∋∋∋⋈⋈⋈⋈⋈⋈⊞⊞⋈⊞⊞⊞⊞≺∋⊞⋈⋈⋈⋈≺⋈⋈⊤∈⋈⋈≻⋈⊤∈⋈⋈⋈⋈⊤⋈⋈⋈∈⋈⋈⋈⋈≺⊤∈∋⋈⋈⊤∈⋈⊞⋈⊞∈⊞⊤∈⋈⋈⋈⋈⋈⊞⊙⊤∈⋈⋈≻⋈⊤⋈⋈⋈⊥⋈⊤∈⋈⋈≺⊤∈⋈⋈≻⋈⊤∈⋈⋈⋈≺⊤∈∋∋∋∋∋⋈∋⋈⋈≺∋∋∋⊞⊤∈∋⋈⊤∈∋⋈⊤∈⋈⋈⊤∈⋈⊞∈⋈⊞⋈⋈⊞⊤⊥⊞⋈⊤∈∋⊞≺∋⋈⊞⊤∈⊤∈⊞⊞⊞∈⊤∈⊞⊞⊤⋈∈∋≺∋⊤∈⊞⊞⊞⊞⋈⋈⋈⋈∈⊤∈⋈⋈⋈⊞∈⋈⋈≺⋈⊞⋈⋈⋈⋈≻⋈⊤∈⋈∋⋈⋈⊞⋈⋈⋈⊞⊞⊞⊞⋈⊞⊞⋈⋈⊞⊤⋈⋈∈⋈⋈⋈⊞∈⋈⋈⋈⋈⋈⊞∈∈⊤∈∈∈∈⊤∈∈⊤∈⊞∈⋈⋈⊞∋⋈⋈⊞⋈⊞∈∋⋈⊤∈∋⊤∈∋⋈⊤∈∈∈∈⊤∈∈⊤∈⊞∈⋈⋈⊞∋⋈⋈⊞⋈⊞∈∋⋈⊤∈∋⊤∈∋≺⊤⋈⋈∈∈∈∈∈⊤∈⋈∈⊤∈⋈⊞⊤∈⊤∈∋⋈⋈⊞≺∋⋈⋈⊞⊞⋈⋈⊞⊞⊞⊞⋈⊞⋈⋈⋈⋈⋈⊞⊞⋈⋈⊞⊞⊞⊞⋈⋈⊞⋈∈∋⋈⊤⋈∈∋⋈⊞∈∋⊤∈≺∋∈∈∈⊤∈∈⊤∈∋∋∋∋∋∋∋⋈∋∋⊞⊤∈∋∋⊤∈∋⋈⋈⊞⊤∈⊤∈∋⋈⋈⊞≺∋⋈⋈⊞⊞⋈⊞∈∋⋈⊤∈∋⊤∈∋≺∋∋∋⊤∈∋⋈⋈⋈⋈⋈⋈⋈⋈⊤∈⋈≻∋⋈⋈⋈⊞⋈⋈⋈⋈⊡⊞⋈⋈⋈⋈⋈⋈⋈⋈⋈≺∋≺∋∋⊤∈∋⋈⊞⊤∈⊞⊤∈⋈⋈⋈⊤∈⋈⊤∈⋈≻≺⋈⊤∈∋∋⊡⊤∈≺⋈⊤∈⋈⋈≻⋈≺∋∋∋⋈⋈⊞⋈⋈⋈⋈⊡⊞⋈≺∋∋⊡∋⋈⊞⊤⊥⊞⋈⋈⋈⋈⊞∈∋⋈⋈≺⋈⊞⊞⊤⋈⋈⋈⋈⋈⋈⋈⋈⋈⋈⋈⋈⊥⋈∈∈⋈⋈≻⋈⋈⋈⊤∈⋈⊞⋈⊤∈∋⋈≺∋⊞≺⊤∈∋⋈⋈⊡⊤∈⋈⊤∈∋⋈⋈⋈⋈≻⊤∈⊤∈⋈∋⋈⊤∈⋈⋈⊞⋈⋈⋈⊞⋈⊞∈⋈⋈⋈⋈⋈⊤∈⋈≻∋⋈⊞⋈⋈⋈⋈⋈⊡⊞⋈⊞⊤∈∋≺∋∋∋∋∋∋⋈⋈⋈⊡⋈⋈⋈⋈⋈⋈⋈⋈⋈⋈⋈⊡⋈⊤∈⋈≻∋⊞⊞⋈⋈⊡⊞⋈≺∋⊤∈∋⋈⋈⊤∈⋈≻∋⋈⋈⊞⋈⋈⋈⋈⊡⊞⋈⋈⋈≺∋⋈⊤⋈⋈∈⋈⊞⋈⊞∈∋⋈⋈∋∋⋈⋈⋈⋈≺⊞⊤∈∋⋈⋈⋈≺∋∋⊞≺⋈⋈⋈⋈⋈⊞⊙⊡∈⋈≻∋⊤∈∋⊤∈⋈⊙∋⊤∈⋈⊙∋⊤∈⋈⊙∋⊤∈∋⋈⊙≺∋⊞⊞⊞∈∋≺⋈⋈⊞⋈∋∋∋⊞⋈∋∋⋈⊡∈⋈≻∋⊤∈⊤∈⋈⊙∋⊤∈⋈⊙∋⊤∈⋈⊙∋⊤∈⋈⊙∋∋∋⋈⋈⊞⋈∈⊤∈⊤∈⋈⊙∋⊤∈⋈⊙∋∋⋈⊤∈⊞≺∋⋈⊙⊤∈∋⊞⋈⊞⊞⋈⊞⋈⋈⊡≺∋⊞⋈⊞⊞⋈⊞⋈⋈⋈⋈⋈⋈⊤∈⋈⋈⊞≺⋈⊡⋈⊡⋈⊞⋈⋈⊡⋈⋈⋈⋈⋈⋈∈∈∈⋈⋈≻⋈⋈⋈⊤∈⋈≻⋈⋈⊡⋈≻∋⋈⊡⋈⋈∈⋈⋈≻∋⋈⋈⋈⋈⋈⊤∈⋈≻≺⋈⋈⋈⋈⋈⋈⋈⋈⊤∈⋈⋈⊤∈⋈⋈≺⊤⋈∈⋈⊙⋈⋈⊞⊞⋈⋈⋈⋈≻⊤∈∋∋∋⋈⋈⋈⋈⋈⋈⋈⋈⋈⋈⋈⋈⋈⋈⋈⊤∈⋈⋈⋈⋈⋈⋈≻⋈⋈⋈⋈⊤⋈⊥⋈⊥⋈⋈⋈⋈⋈⋈≻⋈⋈⋈⋈⋈⋈⋈≻⋈⊤⋈⊥⋈⊥⋈⋈⋈⋈⋈⋈≻⋈⊤⋈⊥⋈⊥⋈⋈⋈⋈⋈⋈≻⋈⊤⋈⊥⋈⊥⋈⋈⋈⋈⋈⋈≻⋈⊤⋈⊥⋈⊥⋈⋈⋈⋈⋈⋈≻⋈⊤⋈⊥⋈⊥⋈⋈⋈⋈⋈⋈≻⋈⊤⋈⊥⋈⊥⋈⋈⋈⋈⋈⋈≻⋈⊤⋈⊥⋈⊥⋈⋈⋈⋈⋈⋈≻⋈⋈⊤⊥⊥⋈⋈⋈⋈⋈≻⋈⋈⊤⊥⋈⊥⋈⋈⋈⋈≻⋈⊤∈⋈⊤⊥⋈⊥⋈⋈⋈⋈⋈⋈⋈⋈⋈⋈⋈⋈⋈⋈≻⋈⊤∈⋈⋈⋈⋈⋈⋈⋈⋈⋈⋈⋈⋈⋈⋈⋈⋈⋈⋈⋈⋈⋈⋈⋈⋈⋈⋈⋈⋈⋈⋈⋈⋈⋈⋈⋈⋈≻⋈⋈⋈⋈⋈⋈≺∋⋈⋈⋈⋈⋈⋈≻⊞⋈⋈⋈≻∋∋⋈⋈⊤⊥⊤∈⋈≻∋⋈⋈⋈≻⋈∋⋈⋈⋈⋈⋈⋈⋈⋈⋈⋈⋈⋈⋈⊡⋈⋈⋈⋈⋈⊡⋈⋈⋈⋈⋈⋈⋈⋈⋈⋈⋈⋈⋈⋈⋈⋈⋈⋈⋈⋈⋈⋈⋈⋈⋈⋈⋈⋈⋈⋈⋈⋈⋈⋈⋈⋈⋈⋈⋈⋈⋈⋈⋈⊡≺∋⊞⋈⋈⋈⋈⋈⋈⊣⋈⋈⋈≻≺∋∋∋∋⊣⊤∈∋⊡⋈⋈⋈⋈⋈⋈⋈⋈⋈⋈⋈⋈⋈≻⊤∈∋⋈⋈⋈⊡⋈⋈⊤⋈∈⋈≻⋈∋⊞⋈⊞⋈⋈⊡⊞⋈⋈≺∋⋈⊞≻⋈≺∋
0x448210	⊢⋈⋈⋈⋈⋈⋈⋈⋈⋈⋈⋈⋈⋈⊞⊤∈⋈≻⊤∈⋈∋⊤∈⋈⊤∈⋈⋈≺∈∈⋈⋈⋈⊙⊤∈⊙⋈⊤∈⊞⊞⋈≺⊤∈∋⊤∈⋈≺⋈⊞∈⋈⋈⋈⋈≻⊞⋈⊤∈∋∋∋⊞∋∋⋈⊞⊞⋈⊤⊥⋈⋈⋈⊞⋈⋈⊙⊞⋈⊞≺∋∋⊞⋈⋈⋈⋈⋈⋈⊣
0x447f20	⊢⋈⋈⋈⋈⋈⋈⋈⊞⋈⊤∈⊞≺⋈⋈⋈⊞⋈⋈⋈≺∈⋈⋈⊞⋈⋈⋈⋈⋈⊙⊤∈⊙⋈⋈⊞⊞⋈⊤⊥∈⋈⊞⋈⋈⊞⊙⋈≺∋⊤∈⊞≺⋈⋈⊤∈∋⊞⋈⊤∈⋈⊞⋈≻∋⋈⊤∈⋈⋈⋈⋈⊙⋈⋈∋⋈∋∋⊞⋈⋈⋈⋈⋈⋈⊣
0x430fb0	⊢⋈⊞⊤∈⊣⋈⋈⋈⋈⋈⊤∈⊞⋈⊡∈⋈⊞⋈⋈⊤⊥⊞⋈⊤∈∋∋⋈⋈⊤∈⊞∈⊞∋⊤∈⋈⋈⊤∈⋈⊞⊤∈⋈⊤∈⋈⊞∈⋈⋈⊞∈⊤∈⊞⊞⋈⊞⋈⊙⊤∈⊞≺⊞⊞⊤⊥≺∋∋∋∋∋∋∋⊞∋∋⋈⋈⋈⊣
0x4254e0	⊢⋈⋈⋈⋈⋈⋈⋈⊞⋈⊤∈⋈⊤∈⊤∈⋈⊞⊤∈⊤⋈⊥∈⊤∈⋈⋈⋈⊤∈⋈⋈⊤∈⊤∈⋈⊞⊥⊤⊥⊞∈⋈⊤∈∋⋈⋈⋈⋈⋈⋈⋈⋈⊞∈≺⊤∈⋈⊞∋⊤∈⋈⊞⊤∈⋈⋈⊤∈⋈∋⊤∈⋈⊤∈⊞⋈⊤⋈⋈⋈⋈∈⊞⋈⋈⋈⋈⊞⋈∈∋⊞⋈⋈∈⊤∈⋈⊤∈⋈⋈⋈⋈⋈⊞⊥⊤⊥⊞∈⊡≺∋⋈⋈⊞⊞⋈⋈⋈⊤∈⋈⊤∈⋈⋈⋈⊤∈⊞⊤∈⊞⋈⋈⋈⋈⊞⋈∈∋⋈⊞⊞⋈≺∈⊤∈⋈⊤∈⋈⊤∈⊤∈⋈⊤∈⋈⋈⊞⊤⋈⋈∈∋∋∋⊞⊤∈∋⊤∈⋈⋈≺≺≺⊞⊞⊞∈∋∋⋈⋈⋈⊞⋈∈⊤∈⋈⊤∈⋈⋈⋈⊞⊥⊤⊥⊞∈⊞≺∋⋈⋈⊞⊞⋈⋈⊤∈⋈⊤∈⋈⋈⋈⊤∈⊞⋈⊤∈⊞⋈⋈⋈⋈⊞⋈∈∋⋈⊞⊞≺∈⊤∈⋈⊤∈⋈⊤∈⊤∈⋈⊤∈⋈⊞⊤∈∋∋∋⊞⊤∈∋⋈≺≺≺⊞⊞⊞∈∋⋈≺∋⋈⋈⊞∋∋⊞⋈⋈⊡∈∈⊤∈⋈⊞⊞≺⋈⊞⋈⊞⊞⊞⊤∈∋⊤∈∋⋈⋈⋈⋈⋈⋈⋈⊙⊤∈⋈⋈≻⋈⋈⋈⋈⋈⋈⋈⋈⋈⋈⋈⊡∈∈∈⊤∈⋈⋈⊤∈⋈⊤∈∋⋈⋈≻⋈⋈⋈⊞⋈⋈⋈≺∈⋈⋈⊤∈⋈⋈⋈∈⋈⋈⋈⋈⊤∈⋈⋈⊤⋈∈∋⊞≺∋⋈⋈⋈∋⋈⊞⋈⊤∈∋∋⋈⋈⋈≺∋⋈⋈∋⋈⋈⋈⋈⋈⋈⋈⋈⋈⋈⋈⋈⋈⋈⋈⋈⋈⋈⋈⋈⋈≺⋈⊞⋈⊞⊞⊤∈∋⊤∈∋⋈⋈⋈⋈⋈⋈⊤∈⋈⋈⋈⋈≻⋈⋈⋈∋⋈⋈⋈⋈⋈⋈⋈⊞⋈≺∋∋∋∋∋∋∋∋∋∋∋∋∋∋∋∋∋∋∋∋∋∋∋∋∋∋∋∋∋∋∋⋈⋈∋⊞⋈⋈⋈⋈⋈⋈⊣
0x42ba80	⊢⋈⋈⋈⋈⋈⋈⋈⊞⋈⊞⋈⊞⋈⋈⋈⋈⋈⋈⋈⋈⊞⋈⊤∈⋈⋈⋈⊤∈⋈⋈⋈⋈⋈⋈⊞⋈⋈⋈⋈⋈≺∈⋈⊞⊥⋈⊞⊥⊞∈⊤∈⊞⋈⊞⋈⋈⊙⋈⋈⊤∈⊞⊤⊥⊤⊥⊞∈⋈⋈⋈⊙⋈⋈⊤∈∋∋∋∋⊞⊞∈∋∋∋⋈⋈⊞⋈⊞⊞∈⊤∈⋈⋈⋈⋈⋈≻⊤⋈∈⋈⋈⋈⊤∈⊡⋈⋈⋈⋈⋈⋈⊞⋈≺∈⋈⊞⊥⋈⊞⊥⊞∈⊤∈⊞⋈⋈⊞⋈⋈⊙⋈⊤∈⊞⊤⊥⊤⊥⊞∈⊞⋈⊤⊥⋈⊤∈⋈⊤∈⊞⊞⋈⋈⊙⋈⊤∈∋∋∋∋∋∋⊞⊞∈∋⊤∈⋈⊤∈⋈⋈⋈⊞⊥⊤⊥⊞∈⊞⊞⊥∈⋈⊞⊤⊥⊤⊥⊞∈⊞⋈⊞⊞⋈≻⋈⋈⋈⋈⋈⋈≻⊤∈≺⊤∈⋈⊤∈∋⊞⊤⊥⊞≺⋈⋈⋈⊞⊥⊤⊥⊞∈⊞⊤∈⊤∈⊤∈∋∋∋∋∋∋∋∋∋∋∋∋⊞⊞⋈⊞⋈⋈≻⋈⋈⋈⋈⋈⊞⊙⋈⋈⋈⋈⋈⋈≻⊞⋈⊞⊞⋈⊥⊤⊥⋈∋⋈≺∋∋∋⋈⊞⋈⋈⋈⋈⋈⋈⊣
0x425cf0	⊢⋈⊤∈⊞⊣⋈⋈⋈⋈⋈⋈⊞⊞⋈⋈⋈⋈≺∈⊤∈⋈⊤∈⋈⋈⋈⊞⊥⊤⊥⊞∈⊞≺∋⋈⋈⊤∈⋈⊤∈∋⊤∈⋈⋈⊞⊞∈⋈⋈⊤∈⋈⊞⋈⊞∈⋈⊤∈⋈⊞⊞⋈⋈⊞⋈⊥⋈⊥⊡∈⋈⊞∈⊤∈∋⊤∈⋈⊞⋈⊞⊞∈⊤∈⊞≺⊡∋∋∋⊤∈⋈⋈⊤∈∋≺∋∋∋∋∋∋∋∋⊞⊤∈∋⊞∋⋈⋈⋈⋈⋈⊣
0x3eab20	⊢⋈⋈⋈⋈⋈⋈⋈⊞⋈⋈⊤∈⋈⋈⋈⊤∈⋈⋈⊞⋈⋈⊥⊞⊞⊤∈∋⊞≺∋⊤∈⊞⊞⊞⊞∈⊞⊤⊥⊞⊞⊤∈∋≺∋⊞∋⋈⊤⋈∈⋈⋈⋈⋈⋈⋈⋈⋈≻⋈⊤∈⋈⋈⋈⋈⊞⋈⋈⋈⋈⋈⋈⊙⊤⋈⋈∈⋈⋈⊞⊞⋈⋈⋈⋈⋈⋈⋈⋈⋈≻⋈⊤∈⊞⊞⊡∈⊞∈⋈⋈⋈⊙⊤∈⋈⋈⋈⊞≺⋈⋈⊙⊤∈∋≺∋∋∋∋⋈⊞⋈⋈⋈⋈⋈⋈⊣⋈⊞⋈⊞⊞⋈⋈⊞⋈⋈⊙
0x3ed0a0	⊢⋈⋈⋈⋈⋈⋈⋈⊞⋈⋈⋈⊤∈⋈⋈⊞⋈⋈⋈⋈⋈⋈≺⋈⋈⋈⋈⋈⋈⋈⊞⋈⋈⋈⋈⊤∈⋈⋈⊙⋈⋈⊤∈∋⋈⊤∈⋈⋈⋈⋈⋈⋈⋈≺∈⋈⋈⋈⊤∈⋈⊤∈⊤∈⋈⋈⊞∈⋈⋈⋈⊙⊤∈⊞⊤∈∋≺∋⋈⋈⋈⊙⊤⋈∈≺⊤∈⋈⋈⋈⋈⋈⋈⋈⊤∈⋈≺⊤∈⋈⋈⊤∈⋈≺⋈⋈⊞⋈⊞⊞⊞⊞⊞≺∋∋⊤∈⋈⋈⋈⊞≻⊤∈⊞∋⋈⊞∈⋈⊞⊞⋈⋈⊞⊞⋈⋈⊞∈∋≺∋⋈⋈≺∋⊙⊤∈∋∋⋈∋∋⋈⊤⊥∈∋∋⊞≺∋∋⊞⋈⋈⋈⋈⋈⋈⊣⋈⋈⋈⋈⋈⊤∈⋈⋈⋈⋈⋈⋈⋈⊙⊤∈⋈⋈⋈⊞⋈⊞⊥⋈⊞⊞⋈⋈⋈⋈≺∋⋈⊤∈⊞⋈⊞≺∈⋈⊤∈⋈⊤∈⋈≺⋈⊤∈⋈≺⋈⋈⊞⋈⊞⊞⊞⊞⊞≺∋∋∋⊞⊞⊞∈∋∋⊞⋈⊤∈⋈⋈⋈≻⋈≺∋⊞⋈⋈⋈⋈⋈⋈⊣⋈⊞⋈⊞⊞⋈⋈⊞⋈⋈⋈⊙
0x3ebe80	⊢⋈⋈⋈⋈⋈⋈⊤∈⋈⋈⋈⋈⊡∈⊤∈⋈⋈⋈≻⋈⊞⊞⊞⋈⊞⊞⊞⊞⊞⋈⋈⋈⋈⋈⊞⊤⋈∈∋⊞∋⊤∈⋈⊞⊞⊞⊞⊞⋈⋈⋈⋈⊞⋈∋⊤∈⊤∈∋⊞⋈⋈⋈⊞∋⊞⋈⋈⊣
0x436e90	⊢⋈⋈⋈⋈⋈⊤∈⊤∈⋈⋈⊤∈⋈⋈⊞⊙⊤∈⋈⊤∈≺⋈⋈⋈≺⊤∈⋈⊤∈≺⋈⋈⋈≺∋⋈⋈⋈⋈⊣⊞⊤∈∋⋈∋∋∋⋈⋈⊞⊙⋈⋈⊞⊙
0x437e20	⊢⋈⊞⊤∈⊞⊣⋈⋈⊞⊙
0x437e70	⊢⋈⊞⊤∈⊞⊣⋈⋈⊞⊙
0x439680	⊢⋈⋈⋈⋈⋈⊞⋈⋈⋈⋈⋈⋈⊞⊞⋈⊞⋈⋈⋈⋈⊞⋈⋈⋈⊞⋈⋈⊞⋈⋈⋈⋈⋈⋈⊞⋈⊤∈⊤∈⋈⊤∈⋈⊞⋈⊞⋈⊞⋈⊞⋈⋈⊞⊙⋈⊤∈⊞⋈⋈⋈≺∋⊞⋈⋈⋈⊞⊞⋈⋈⋈∋⋈⊞⋈⋈⋈⋈⋈⊣⋈⋈⋈⋈⊞⊙
0x43cb30	⊢⋈⋈⋈⋈⋈⋈⋈⊤∈⋈⋈≺⋈⋈⋈⊞⊞⊞⋈⊞∈⋈⋈⊞⋈⊤⊥⊤⊥⊤∈⋈⋈⋈⋈⊞⊞⊞⊤∈⋈⋈⊤∈⋈⋈⊞⋈⊞⊞⊞⋈⋈⊞⊞⊞∈⋈⋈⊞⋈⊤∈⊤∈⋈⋈⋈⋈∋⋈⋈⊞⊞⊞⊤∈⋈⋈⋈⊤∈⊞⋈⊞⊞⊞⊞⋈⊞⊞⊞⋈⊡∈⋈⊤∈⊤∈⋈⋈⋈∋⋈⋈⊞⊞⊞⊤∈⋈⋈⊞⋈⋈⋈⋈⋈⋈⋈⋈⋈⋈≺⊞⊞⊞∈∋⋈⋈∋⋈≺∋⋈⋈⋈⋈⋈≺⊞⊞⊞⊞⊤∈∋⋈⋈⋈⋈∋⋈≺∋⋈⋈⋈⋈⋈≺⊞⊞⋈⊤∈∋⋈⋈⋈≺∋∋⋈⋈⋈⋈⋈∋∋⋈∋⋈⋈⋈⋈⋈⊣
0x43c010	⊢⋈⋈⋈⋈⋈⋈⋈⊞⋈⊤∈⋈⊤∈⊤∈⋈⋈⋈⋈⋈≻⋈⋈⋈⋈⋈⊤∈⋈⋈⊞⊞⋈⋈⋈⊡∈⋈⋈⋈⋈⋈⋈⋈⋈≻⊤∈⋈⋈⋈⋈⋈⊞⊞∈∋⋈⋈∋⊤∈⋈⊞⋈⋈∋⋈⋈⋈≺⋈⋈⊞∈⊞∋⋈⋈⊤∈∋⋈⋈⋈⋈⊞⊤⊥⊞⋈⊞⊞⊞⋈⊞⊞⊞⊞⊡∈⋈⊤∈⊤∈⋈∋⋈⋈⊞⊞⊞⊤∈⋈⋈⊤∈⋈⋈≺⋈⊤∈⋈⋈⊤∈⋈∈⋈⋈⊞⋈⊞∈⊤∈⋈⊤⊥⊞⊞⊞⊤∈∋⋈⊤∈∋⊞∈⋈≺∋≺⊞⊞⊞⊞≺∋⊞⊤⊥⋈⋈⋈⋈⋈⋈⋈∋⋈⊞⊞⊞∈∋⋈⋈≺∋∋∋⋈⋈⋈⋈⋈⋈≺∋⋈⋈⋈≺⋈≺∋⋈⋈≺∋∋∋⊞⋈⋈⋈⋈⋈⋈⊣
0x3eaf80	⊢⋈⋈⋈⋈⋈⋈⊤∈⋈⋈⋈⋈⊡∈⋈⊤∈⋈⋈⋈≻⋈⊞⊞⊞⋈⊞⊞⊞⊞⊞⋈⋈⋈⋈⋈⋈⊤⋈∈∋∋⊤∈⋈⊞⋈⊞⊞⊞⊞⋈⋈⋈⋈⊞⋈∋⊤∈⊤∈∋⊞⋈⋈⋈⊞∋⋈⋈⋈⋈⊣
0x424b00	⊢⋈⋈⋈⋈⋈⋈⋈⋈⋈⋈⋈⋈⊤∈⊤∈⋈⊤∈⊤∈⊤∈⊤∈⋈⋈≺⋈⋈⊤∈⊤∈⋈⊤∈⊤∈⊤∈⊞⊤⋈⋈∈≺⋈⋈⊤∈∋⋈⋈⋈≺≺∋∋∋⋈⋈⋈⊞⊞⊤∈∋∋∋∋∋∋⋈⋈∋≻∋∋⊤⋈∈⊤∈⋈⊞⊤∈∋⋈≺⋈⊞⊞≺∋∋⋈⊞⊞⊞⊞⋈⋈⋈⊡∈⋈⋈⋈⊞⊙⊤∈⋈⋈⊞≺⊙⋈⊤∈∋⊞⊞⋈≺∋⋈⋈∋⋈⊞⋈⋈⋈⋈⋈⋈⊣
0x41b55f	⊢⋈⋈⋈⋈⋈⋈⊞⋈⋈⋈⋈⊤∈⋈⋈⋈⋈⋈⊞⋈⊤∈≻⊞⋈⋈⋈⋈⋈⋈⋈⋈⋈⋈⋈⋈⋈⋈⋈⋈⋈⋈⋈⋈∈⋈⋈⋈⋈⋈⋈⋈∈⊤∈⋈⋈⋈⋈⋈⊞⊥⋈⊙⊞⊤⊥⊤⊥⊥⊞⊞⊞⋈⊤∈∋⋈⊤∈⋈⋈⋈≻⋈⋈≺≺∋⋈⋈⊞∈⋈⋈⋈⋈⋈⋈⋈⋈⊞⋈⋈⊤⋈∈∋⋈⋈∋⊞⋈⋈⋈⋈⋈⋈⋈⋈⋈≺⊤∈⋈⋈⋈⊤∈∈⋈⋈⋈≺⊤∈⊞⋈⋈⋈⋈⋈⋈⋈⋈⋈⋈⊞≺⋈⋈≺∋∋∋≻⋈⋈⋈⋈⋈⊞⊞⋈⋈⋈⋈⋈⋈⋈⊞⋈⋈⋈⋈⊤∈⋈⋈⋈⊞⋈⋈⋈⋈⋈⋈⊙⊞⊞⊞⋈⋈⋈⊙⋈⋈⋈⋈⋈⋈⋈⋈⋈⋈⊞⋈⋈⋈⋈⋈⋈⋈⋈⋈⋈⋈⋈⋈⋈⋈≻⋈⊤⋈⋈∈⋈⋈⋈⋈⋈⋈⋈⋈⊤∈⊞⋈⋈⊞⊞∈⊤∈⋈⋈⋈≻∋⋈⋈⊞⋈≻⋈⊤∈⋈⋈⋈⋈≻⋈⊞⋈⊤∈⊤∈⋈∋⋈⋈⋈⋈⋈≻⋈≺⊤∈⊞⋈⋈⊞≺∋⋈⋈⋈⋈⋈≻⋈∋⋈⋈⋈⋈≻⋈⋈⋈⋈⋈⋈⋈⋈⊤⋈∈∋⋈≺⋈⋈⋈⋈⋈⋈⋈⋈⋈⋈⋈⋈⊤∈∋⋈⊤∈∋⋈≻⋈≻⋈⋈⋈⋈⊞⋈∈∋⋈≻⋈⋈⋈⋈⊤∈∋⋈⋈⋈≻⋈⋈⋈⋈⋈⋈⋈⋈⋈⋈⋈⋈⋈⋈≺≺∋⋈⋈⋈⋈≻≺∋∋∋∋⊡⋈∋⊞⋈⋈⋈⋈⋈⋈⊣⋈⋈≺∋
0x411eae	⊢⋈⋈⋈⋈⋈⋈⊞⋈⋈⋈⋈⊞⋈∈⋈⊤∈⋈⋈⋈⋈⊤∈⊤∈∋⋈⋈⋈⋈⋈⊤∈⋈⋈⋈∋⋈⋈⊞⊞⋈∈⊞⋈⊞⊤⋈∈∋⋈⋈⊤⋈⋈∈⊤∈⋈⊤∈⋈⋈⊞⊥⋈⊤⊥⊞∈⊞⋈⋈≺⋈⋈≺∋∋⋈⋈⋈⋈⋈⋈⋈⋈∈⊤⋈∈⋈⋈≺⋈⊞⊤⊥⋈⊤⊥⊥⊤∈⋈⋈⊞∈∋⋈⋈⋈⋈⋈⋈⋈⋈⋈⋈⋈⋈≻⋈⋈⋈⋈⋈⊤∈⋈⋈⋈≻⋈∋⋈⋈≺⊤∈⊤∈⊤∈⊞⋈⋈⋈⊤∈∋⊞∈⋈⋈⊞⋈⊞∈∋≺≺∋⊞∋⊞⊤⊥⋈⋈∋⊤∈⋈⋈⋈⋈≻⋈⋈∋⋈⋈⋈∋⋈⊤⊥⊤∈⋈⋈≻⋈∋⋈⋈⋈⋈⋈⋈⊞⋈⋈⋈⋈⋈⋈⋈⊞≻⋈⋈⊤⊥⊤⊥⊥⊞⊤⋈⋈∈⋈⋈⊞∈∋⋈⋈⋈⋈⋈⋈⋈⋈⋈⋈≻⋈⋈⋈⋈⋈⊤∈⋈⋈⋈≻⋈∋⋈≺⊤∈⋈⋈⊤∈⋈⊤∈⋈⊞⊤∈∋⊞⋈⋈≺∋⊞∈⋈⋈⊞⋈⊞∈∋≺∋⊞⊤⊥⋈⋈∋⊤∈⋈⋈⋈≻⋈∋⋈⋈⋈⊤⊥⋈⊤∈⋈≻⋈∋⋈⋈⋈⋈⋈⋈≻⋈⊙⊤∈⋈⋈⊞⋈⋈⋈⋈⋈⋈⋈⋈⋈⋈⋈⋈≻⋈⋈⋈⋈⋈⋈⋈⋈⋈⋈⋈⋈⋈≻⋈⋈⋈⋈⋈⋈⋈⋈∈⋈⋈⊞⋈⋈⋈⋈⋈≻⊤∈⋈≻⋈∋⋈⋈⋈⋈⋈⊞⊞⊤∈∋⋈⋈⋈⊤⋈∈⊤⋈∈⋈⋈⊤∈⋈⋈⋈⊞⊥⊞⊤⊥⊞∈⊤∈⋈⊞⋈⋈⋈≻⊤∈⋈⋈≺∋⋈⋈⋈⊙⋈≺⊞∋⋈⋈≻∋⊤∈⋈⊞⋈⋈⋈⋈⋈≻⋈⊤∈∋⋈⋈≻⋈⋈⋈≺∋⋈⊙⋈⋈⋈⋈⊞⋈⋈≺∋⋈⋈≺∋⋈⋈⋈⋈⋈∋⋈≺∋⋈⋈⋈⋈⋈≻⋈⋈⋈⋈⋈≻⋈⊤∈⋈⊤∈⋈⊤∈⊞⋈≺∋⋈⋈⋈⋈∈⋈⊞⋈⋈⋈⊞∈⋈⊤⊥⊤⊥⊞∈⋈⋈⋈⋈⋈⋈≻⋈⋈⊤∈⋈⋈⋈≻∋⋈⋈⋈⋈⋈⋈⋈⋈⋈⋈≻⋈⋈⊤∈⋈⋈⋈≻∋⋈⋈⋈⋈⋈⋈⋈⋈⋈⋈≻⋈⋈⊤∈⋈⋈⋈≻∋⋈⋈⋈⋈⋈⋈⋈⋈⋈⋈≻⋈⋈⊤∈⋈⋈⋈≻∋⋈⋈⋈⋈∋⋈⊞⋈⋈⋈⋈⋈⋈⋈⋈≻⋈⋈⊤∈⋈⋈⋈≻∋⋈⋈⋈⋈⊞∈⋈⋈⋈⋈⊞⊤∈∋⊞⊤⋈⋈⋈∈∋⋈⊤⋈∈∋∋∋⋈⋈⋈⋈⋈⋈≻⋈⋈⊤∈⋈⋈⋈≻∋⋈⋈⋈⋈⋈⋈⋈⊤⋈∈⋈⋈⊤∈⊞⊤∈∋⋈⋈⊞⋈⋈∈⊤∈⊞⋈⊞⊤⋈∈∋⊤∈≺∋⋈⋈≺∋∋⋈⊞⊤∈⊤∈⋈⋈⋈⋈≻⋈⋈⋈⋈⋈⋈≺⊤∈⊞⋈⋈⋈≻⋈⋈∋⋈⊤∈⋈⋈⋈≺⋈⋈⋈⋈≻⋈⋈⋈⊞⋈⊤∈∋⋈≺⊤⋈∈⋈⊞≺∋∋∋∋⊤⋈⊥⋈⋈∋⊤∈⋈⋈∈⊤∈⋈⊤⋈∈∋∋∈∋⋈⋈⋈≻⋈⋈⋈⊤⋈⊥⋈⊤⋈⋈⊥⊥⊤∈⊞⋈∈⊤∈⋈⊤⋈∈∋∋∈∋⋈⊤∈⊤∈⋈⋈⋈⋈≺∋⊤∈⋈⊞⋈∈∋⋈⋈⋈⊞⋈⋈⋈⋈⋈⋈⋈≻⋈⋈⋈⋈⋈⊤∈⋈⋈⋈≻⋈∋⋈≺⊤∈⊤∈⊤∈⊞⋈⋈⊤∈∋⊞∈⋈⋈⊞⋈⊞∈∋≺≺∋⊞∋⊞⊤⊥⋈⋈∋⊤∈⋈⋈⋈≻∋⋈⋈⋈⋈≺∋∋⋈⊤∈⋈⊤∈⊞≺⊤∈⋈⊞⋈∈⊤∈⊞⋈⊞⊤⋈∈∋⊤∈∋⋈⋈≺∋∋∋⋈⊞⊤∈⊤∈⋈⋈⋈⋈⋈≻⋈⋈⋈⋈≺⊤∈⊞⋈≻⋈⋈⋈⋈≻⋈⋈⋈≺⊤∈⊤∈⋈≺∋∋∋∋∋∋⋈⋈⋈⋈⋈⋈⋈⋈⋈⊤∈⋈⋈⋈≻∋⋈⋈⋈≻⋈⋈⋈⋈≻⋈⋈⊤∈⋈⋈⋈≻⋈∋⋈⊤∈⋈⋈⋈≻⋈∋⋈⊤∈⋈⋈≺∋⋈⊤∈⋈⋈≺⊤∈⋈⊞⊞⋈⋈≺∋∋⋈⊤∈⊤∈⊤∈∋⊤∈⋈⋈⋈⊞∈⊤∈⋈⋈⋈⋈⋈⋈⋈≻⊤⋈∈⋈⋈⋈⊤⊥⋈⊤⊥⊥⋈⊞⋈⊤⊥⊞⊞⋈∈⊞⋈⊞∈⋈⋈⋈≻⊤∈⋈⋈⋈⊞⊥⊤∈⋈⋈⋈⋈⋈⋈⋈⋈⋈⋈⋈≻⋈⋈⋈⋈⋈⊤∈⋈⋈⋈≻⋈∋⋈≺⊤∈⋈⋈⊤∈⋈⊤∈⋈⊞⋈⊤⋈∈∋⊞∈⋈⋈⊞⋈⊞∈∋≺≺∋⊞∋⊞⊤⊥⋈⋈∋⊤∈⋈⋈⋈≻⋈∋⋈⊤∈⋈⋈⋈≻∋⊞⋈⋈⋈⊤∈∋⋈⋈⊤∈∋∋⋈⋈⋈⊤∈∋⋈⋈⊞⋈⊤⊥⋈⊤⊥⋈⊥⋈⊞⋈⊤⊥⊞⊞∈⋈⋈⋈⋈≻⊤∈⋈⋈⋈⊞⊥⊤∈⋈⋈⋈⋈⋈⋈⋈⋈⋈⋈⋈≻⋈⋈⋈⋈⋈⊤∈⋈⋈⋈≻⋈∋⋈≺⊤∈⋈⋈⊤∈⋈⊤∈⋈⊞⋈⊤⋈∈∋⊞∈⋈⋈⊞⋈⊞∈∋≺≺∋⊞∋⊞⊤⊥⋈⋈∋⊤∈⋈⋈⋈≻⋈∋⋈⊤∈⋈⋈⋈≻∋⋈⋈⋈⋈⊞⋈⊤⋈∈∋⊞⋈≺∋⋈⊞⊤∈⊤∈∋⋈⋈⊤∈⊤∈⋈≺⋈⊤∈⋈⋈⊞⊥⋈⊤⊥⊞∈⊞∈⋈⋈≻∋⊤∈⋈⊞⋈⋈⋈⋈≻⊤∈∋⋈⋈⋈≺∋⋈⋈⊙⋈⋈⋈≺⋈≺∋∋∋⋈⋈⊞⋈⋈⋈⋈⊞⋈⋈⋈⋈⋈⋈⊤∈⋈⊞⊤∈⊞⋈∈⋈⊞⋈≻⊞⊞∈∋∋⊤∈⋈⋈∈⋈⋈∈⋈⊞⋈≻⊞⊞∈∋⊞⊤∈∋∋⋈∋⊤∈⋈⋈∈⋈⊞⋈≻⊞⊤⋈∈∋∋⋈⋈⋈⋈⋈⋈⋈⊤∈⋈≺∋⋈⋈≻⋈⋈⋈⋈⋈≺⊞⊞∈∋∋⋈⋈⋈≺∋∋∋∋⊞⋈⋈⋈⋈⋈⋈⊣∋⋈⋈≺∋⋈≻∋∋∋∋∋∋∋∋⋈⋈⋈≻∋⋈⋈≻
0x42b920	⊢⋈⋈⋈⋈⋈⋈⊤∈⊡∈⋈≻∋∋⋈≻⊤∈⊡∈∋⋈⋈⋈⊣⋈⋈⋈⋈⊙
0x42e980	⊢⋈⋈⋈⋈⋈⊞≻⊤∈⊡∈∋⋈⋈⋈⊣⋈⋈⋈⋈⊙
0x40c822	⊢⋈⋈⋈⋈⋈⊞⋈⋈⋈⋈⊤∈⊤∈⊤∈⊤∈∋⋈≺≺⊞⊤⊥⊞⋈⋈⋈⋈⋈⋈≻⋈⊤∈⋈⋈⊤∈⊞≺⊤∈⋈⊞⋈∈⊤∈⊞⋈⊞⊤⋈∈∋⊤∈∋⋈⋈≺∋∋∋⋈⊞⋈⊤∈⊤∈⋈⋈⋈≻⋈⋈⋈≺⊤∈⊞⋈⋈≻⋈⋈≻⋈⋈⋈≺⋈⊤∈⊤∈⋈≺∋∋∋∋∋∋∋∋∋⋈⋈⋈⋈⋈⋈⋈⊞⋈⋈⋈⋈⋈⊣
0x3ebf90	⊢⋈⋈⋈⋈⋈⋈⋈⊞⋈⋈⋈⊤⋈⋈∈⋈⊞⋈⊞⋈⊞≺∈⋈⊤∈⋈⊤∈⊞⊞⋈⊞∈⋈⊞⋈≺∋⊞⊞⊤⋈⊥⊥⊞⋈≺∋⋈⊤∈∋⋈⊞⋈⊞⋈⊞≺∈⋈⊤∈⋈⊤∈⊞⊞⋈⊞∈⋈⊞⋈≺∋⊞⊞⊤⋈⊥⊥⊞⋈≺∋⋈⊤∈∋⋈⊞⊞⋈∋⊤⊥⊥⋈⊞∈⋈⊞⋈⋈≻⋈⊞∈⊤∈∋∋⋈⋈⋈≻∋∋⋈⋈≻⋈⋈⋈⋈⊙⊤∈⋈⊞⊞⋈⊞≺∈⋈⊤∈⋈⊞⋈⊞⊞⊤∈⋈⊞⊞⊞⊤∈⋈⋈⊤∈⋈⊞⋈⊞⊞∈⋈⊞⋈≺⊞⊤⋈⊥⊥⋈⊞⋈≺∋∋⋈⊤∈∋∋⋈⊞⊞⋈⊞≺∈⋈⊤∈⋈⊞⋈⊞⊞⊤∈∋∋⋈⋈≻⋈⊞⊞⊞⊤∈∋∋⋈⋈⋈≻⋈⋈⊤∈⋈⊞⋈⊞⊞∈⋈⊞⋈≺⊞⊤⋈⊥⊥⋈⊞⋈≺∋∋⋈⊤∈∋∋⊤⊥⋈⊞⊞⊤∈⋈⊞⊞≺⊞⊞⋈⊡∈⋈⊞⊞⊤∈∋⋈⊞⊞⊡∈⋈⊞⊞⊤∈∋⊤⊥⊞⋈⋈⋈⋈∋⋈≺∋⋈⋈⋈⋈⋈⋈⋈⋈⋈⋈⋈⋈⋈⋈⋈⊞⋈⋈⋈⋈⋈⋈⊣
0x443240	⊢⊤∈⋈⊤∈⋈⊤∈⊤∈⊤∈⊤∈⊞⊤⋈∈∋∋⊞⊞⊡∈⋈⋈⊞⊞⋈⊤⊥⊤∈⊞⋈⊞⊞⋈⊤∈∋∋⊞⊞⊤∈⊡∈⋈⋈⊞⊞⋈⊤⊥⊤∈∋∋∋⋈⋈⊞∈⋈≺⊞⋈⊞⊞⊤∈∋≺∋∋⋈⊞⋈⊣⋈≺∋∋⋈⋈⊣
0x43dab0	⊢⋈⋈⋈⋈⋈⋈⋈⋈⋈⋈⊤∈⋈⋈⋈⊤⋈∈⊤∈⋈⊤∈⊡∈⋈⊞∈∋∋∋⋈⊤∈⋈⋈⊡∈⋈⊙⋈⋈⊤∈∋≺∋⋈⊙∋⋈⊞⋈⊤∈⋈≻⋈⊤∈⋈⋈⊤∈⊡∈⋈⊞∈∋∋⋈⊞⊞⋈⋈≺∋⋈⊤∈⋈⋈⊡∈⋈⊤∈⊙⋈≻⊣⊞⋈⊙⋈⊤∈∋⋈⋈≺∋⋈⊤∈⋈⋈⊞⊞⋈⊡∈⋈⋈⊞∈∋≺∋⋈⋈⋈⋈⋈⋈≺∋⊞⋈⋈⋈⋈⋈⋈⊣
0x418c79	⊢⊞⊤∈⊞⊣⋈⊞⋈⋈⋈⋈⊣
0x4476e0	⊢⋈⊤∈⋈⋈⊞⋈⋈⋈⋈⋈⋈⋈⊞≻⊞⋈⊣⊣
0x442ce0	⊢⋈⋈⋈⋈⋈⋈⋈⊞⋈⋈⋈⋈⋈⋈⊞⋈∈⊤∈⊤∈⋈⋈⋈⊙⊤∈⋈⋈≻⋈≺⋈⊙⋈≻⋈⋈⋈⋈⋈⋈⊡∈⋈⋈⋈⊙⊤∈⋈⊙⋈⊞⊞⊤∈⋈⊙∋⋈⋈⋈≺⋈⊤∈∈⋈⊤∈⋈⋈⊙⋈⋈⋈⋈≺⋈⋈⋈⋈⋈≻⋈⋈⋈⊤∈∋⋈⊤⋈∈∋⋈⋈⋈⊞⋈⋈⋈⋈⋈⋈⊣⋈⋈≻⊣⋈⋈⋈⋈⋈≻⋈⋈≺∋⊞⊤∈∋≺∋∋∋⋈⊞⋈⋈⊞⊙
0x4450f0	⊢⋈⋈⋈⋈⋈⋈⊞⋈⋈⋈⋈⋈⋈⋈⋈≻⋈⊞⊤∈⋈⊞⋈⋈⋈⊤∈⋈⊙∋⊤∈⋈⊙∋⋈⊙≺∋⊞⋈⋈⋈⋈⋈⊣
0x4450e0	⊢⋈⋈≻≻
0x4476d0	⊢⋈⋈≻≻
0x41eeb0	⊢⋈⋈≻
0x41e233	⊢⋈⋈⋈⋈⋈⋈⋈⊞⋈⋈⋈⊡∈⋈⋈⋈⋈⋈⋈⋈⋈⋈⋈≺⊤∈⊙⊤⋈⋈⊥⊥⋈⋈⋈⋈⋈⋈⋈⋈⋈⋈⋈⋈∋⋈⋈⋈⊡⋈⋈⊤∈⋈⊡∈∋⋈≻≺∋⊤∈⋈⋈⊙⋈⋈⋈⋈⋈⋈⋈⋈⋈⊙≻⋈⊤∈∈⋈⋈⋈⋈≺∋≻⋈≻≻∋≻⋈⋈⊙⋈⋈⋈⊤∈∋⋈⋈⊤∈⋈⊞⋈⊤∈⋈⋈⋈⋈⋈⋈⋈⋈⋈⋈≻⊤∈⋈⋈⊤∈⋈⊡∈∋⋈≻≺∋⋈⋈⊙⋈⋈⋈⋈⋈⊤∈⋈⋈⊙⊤⋈∈⋈⋈⋈≻⋈⋈⊤∈⋈⋈⋈≻≺⋈⋈≺∋⋈⋈⋈⊙∋⊡⊞⋈⊞⊞∈⋈⋈≻≺∋⋈⋈⋈⊤∈⊤⋈∈⊤∈⊤∈⋈⋈⋈⊤∈⊤∈∋∋⋈⋈⊤∈⋈⋈⋈⋈≺∋⊤∈⋈≺⋈⋈≺∋⋈⊞⊤∈⋈⋈⋈⋈⋈⋈⊤∈⋈⊙∋⋈⋈⋈⋈⋈⊤∈⊙∋⋈≺∋∋⊙∋⋈⋈⋈≺∋∋∋⊞⊡∈⋈⋈⊤∈⊞⋈⋈⊞⋈⋈⋈≺∋∋∋∋∋⋈⋈⋈⋈⋈⊙⊡⊡⊞⊤∈⋈⋈⊙⊡⊡⊞⊤∈⋈⋈⋈≺⋈⋈⋈≺⋈⋈⋈∋⋈⋈∋⋈⋈⋈⋈⊞⊡∈⋈≻≺∋⋈⋈⊞⊤∈≻⊞⋈≺⋈∋⋈⋈⊤⊥⊤⊥⊞⋈⋈⊥⋈⋈⊞⋈⋈⊤∈⊙⋈⊞⊙≺∋⊞⋈⋈⋈⊞⋈⊡⋈⋈⋈⊡⋈⋈⋈⋈⋈⋈⋈⋈⋈⋈⋈⋈⋈⋈⋈⋈⋈⊡⋈⋈⋈≻⋈⊤∈⋈⊞⊤∈⋈⋈⋈⋈⊤∈⋈⊙∋⊤∈⋈⊙∋⋈⊙≺∋⋈⊤∈⋈⋈⊞⋈≻≺⋈⋈⋈≻⋈⊞⊤∈⋈⊞⋈⋈⋈⊤∈⋈⊙⊤∈⋈⋈⋈≻∋∋⊣⋈⊞⊤∈⋈⋈⋈⋈⋈⋈⋈⊤∈⋈⊙∋⋈⊤∈⋈⊙∋⋈⊙≺∋⋈⋈⋈⋈⋈⋈⋈⋈⋈⋈⋈⋈⋈⋈⋈≻⋈⊞⊤∈⋈⊞⋈⋈⋈⊤∈⋈⊙≺∋∋∋⊤∈⋈⊙∋⋈⊙≺∋∋⋈⋈⋈⊞⊙
0x3e77b7	⊢⋈⋈⋈⋈⋈⋈⊞⋈⋈⋈⋈⊞∈⋈⋈⊤⊥⋈⊞⊤⊥⊞∈⋈⊡⊞⊞⊤∈⊞∋⊞⋈⊡⊞⋈⋈≺∋⊞≺∋⋈⋈⋈⊤∈⋈⋈⊤⊥⋈⊤⊥⊞∈⋈⊡⊞⊞⋈≺⊤∈⋈∋⊞≺⋈⊡⊞⋈⋈≺∋⋈⊞∋⊤⊥⊞⊞⊥⋈⋈≻⋈⋈⊤∈⊤∈⊤∈∋⋈⊞⋈⊞⋈⊞⋈⋈⋈⋈⋈≻∋⋈⋈≻≺∋⊤∈⋈≻∋⋈⋈⋈⋈⋈⋈⋈⋈≻⋈≻⋈⋈⊤⋈∈⋈⊤⊥⋈⊞⊞⊥⊞∈⋈⊡⊞⊞⊤∈∋⊞≺⋈⊡⊞⋈≺∋⊞∋⋈⋈⋈⋈≻⋈⊤∈⊤∈⊤∈∋⋈⊞⊞⋈⋈⋈⋈⋈⋈⋈≻∋⋈⋈≻≺∋⊤∈⋈≻∋⋈⋈⋈⋈⋈⋈⋈⋈≻⋈≻⋈⋈⊤∈⋈⋈⊤⊥⋈⊞⊥⊤∈⋈⊡⊞⊞⊞⋈⋈⋈⋈⊞≺∋⋈⋈⋈≻⋈⊤∈⋈⋈⋈⊞≺⋈⋈⊡⊞⊞⋈⋈≺∋∋⋈⊤∈⋈⋈⋈⋈≻∋⋈⋈⋈⊞⊞⋈⊞⋈⋈⊙⋈⋈⊤∈⊞⊡⊡⋈⋈⊞⊞⋈∋⊤∈⊡∋⋈⊞⊞⊞⊞⋈⋈⊙⊤⋈∈⊞⊡⊡⋈⋈⊞⊞⋈∋⊤∈⊡∋⋈⊞⊞⋈⋈⋈⋈⋈⋈⊣
0x3e7c69	⊢⋈⋈⋈⋈⋈⋈⊞⋈⋈⋈≻⋈⋈⊞∈⋈⋈⋈⋈⋈⋈⋈⋈⋈⋈⊤∈⋈⋈⊙⊤∈⋈⋈⋈⋈⋈⋈⋈⋈⋈⋈⋈⋈⋈⋈⋈⋈⊤∈⊞⋈⋈⋈⋈⋈∈⋈⋈⋈⋈⋈⋈⋈⊤∈⋈⋈⋈⋈≺⋈⊞⋈⊞⋈⋈⋈⋈⋈⋈≻⋈⋈⊤⋈⊥⋈⊤⋈⊥⊤∈⋈⋈⋈⋈⋈⋈⋈≻⋈⋈⋈⋈⋈⋈⋈⋈⋈≻⋈≺∋⋈⊤∈⋈⋈⋈⋈≻∋⋈⋈⋈∋⊞⋈⋈⋈⋈⊤∈∋∋⋈⋈⋈⋈⋈⋈≺∋⋈≻⋈⋈⋈⊞⋈⋈⋈⋈≻⊤∈⋈⋈⋈⋈⋈≻∋⋈⋈≻⋈⋈⋈⋈⋈⋈⋈⊤∈⋈⊞⊤∈⋈⋈≻⋈⋈⊤∈⋈⋈≻⋈⋈⋈⋈⋈⋈⋈⋈⋈⊞⊤⋈∈⊤∈⋈≺⋈⊤∈⋈⋈⊞⊥⊞⊤⊥⊞∈⊞∈⋈⋈≻∋⊤∈⋈⊞⋈⋈⋈≻⊤∈∋⋈⋈≺∋⋈⋈⋈⊙⋈⋈≺⋈≺∋∋∋⋈⋈⋈⊞⋈⋈⋈⋈⋈⋈⊣⋈⊞≺∋⋈⋈⋈⊙⋈⋈⋈⋈⋈⋈⋈⋈⊣⋈⋈⋈⋈⋈⋈⋈≺⋈⋈⋈⋈⋈⋈⊞⋈⋈⋈⊤∈⋈⊤∈⊞⋈⊞≺∈⊞⊤∈⋈⊞⊞⋈⊞∈⊤⊥⊞⋈⊞⋈⊞⊞⊞⊞⋈⋈⊞⊞⋈⊞⊞⋈⊞⊞⊞≺⋈⊞⊞⊞≺∋∋⋈⊤∈∋⊤⊥⊤∈⊞∈≻⊞⋈⊞≺∋∋⊤∈⋈⋈≻⊤∈⋈⋈≻∋∋⋈⊞∋⋈⋈⋈⋈⋈⋈⋈≻⊤∈∋⋈⋈⋈⋈⋈≻⋈⋈⋈⋈⊞⋈⋈⋈⋈⋈⊣⋈⋈⋈⋈⋈⋈⋈≺∋⊞⋈⋈⋈⋈⋈⋈⊣
0x4044b9	⊢⋈⋈⋈⋈⋈⋈⊞⋈⋈⋈⋈⋈⋈≻⊞⊤⊥⊞⋈⋈⋈≻⋈⊞⋈⋈⋈⋈≻⊞⊤⊥⊞⋈⋈⋈≻⋈⋈⋈⋈≻⋈⊤∈⋈⋈⋈⋈⋈⊞∈≺⊤∈⋈≻⋈⋈⋈⋈⋈⋈⊞⋈⋈⋈⋈⋈⋈⋈≻⋈⋈⊞∈⋈⋈⋈≺⋈⊤⋈∈⊞⋈∈⋈⋈≻⋈⋈⋈⋈⋈⋈⋈⋈⊞⊤∈∋⋈⋈⋈⊙⋈⋈≻≺∋⋈⋈⊞⋈⊤⊥∈⋈∋⋈⋈⊞⋈⋈⋈⋈⋈⋈⋈⋈⋈⋈⋈⋈∈⋈≻⊤∈⋈⋈⋈⋈≻∋⊞⋈⋈⋈⋈⋈⋈⊣⊞⋈∈⋈⊞⋈≻⋈⋈⋈⋈⋈⋈⋈⋈⊞⊤∈∋⋈⋈⋈⋈⊙⋈⊞∈⋈⋈⋈⋈⋈⋈⋈⊞∈⋈⊞⋈⊞⋈⋈≻⋈⋈≻⊤∈∋⋈⋈⋈⋈⋈⋈⋈⋈⋈⊞⋈⋈⋈⋈⊞⊞⊤∈∋⋈⋈⋈⋈⊙⋈⋈≻⋈⋈⋈⊙⋈⋈≻≺∋⋈⋈⋈⋈⊞∈⊤∈⋈≺⋈⊤∈⋈⋈⊞⊥⊞⊤⊥⊞∈⊞∈⋈⋈≻∋⊤∈⋈⊞⋈⋈⋈⋈≻⊤∈∋⋈⋈⋈≺∋⋈⋈⊙⋈⋈≺∋∋⋈⋈⋈∋⋈⋈⋈⋈≻⋈⋈⋈⋈≺∋∋⊞⋈⋈⋈⋈⋈⋈⊣
0x3f6ce6	⊢⋈⋈⋈⋈⋈⋈⊞⋈⋈⋈⋈⊞⋈⋈⋈⋈⋈⋈⋈⋈⋈⋈⋈⋈⋈⋈⋈⋈⋈⋈⋈⋈⋈⋈⋈⋈⋈⋈⋈⋈⋈⋈⋈⋈⋈⋈⋈∈⊤∈⋈⊤∈⊤∈∋⋈⋈⋈⋈⋈⋈⋈⋈≻⋈⋈⋈⋈⋈⊤∈⋈⋈⋈≻∋⋈⋈⋈⋈≻⋈⋈≻⋈⋈⋈⋈⋈⋈≻⋈⋈≻⋈⋈⋈⋈⋈⋈⊤⋈⋈⋈∈⊤⋈∈⋈⋈⋈⊤⋈∈⋈⊤⊥⋈⊤⊥⊞∈⊞⊤∈⋈⋈⋈⋈⋈⋈⋈≻⊤∈⋈≺∋⋈⋈⋈⋈⊙⋈⋈⋈⋈⋈⋈⋈⋈≺⋈⋈⋈≺⋈⋈⋈⋈⋈≺∋∋⋈∋⊤⋈∈⊤∈⋈≺⊤∈⋈⊤⊥⋈⊤⊥⊞∈⋈⋈⋈⋈⊤∈⋈⊞⋈⋈⋈⋈⋈≻⊤∈⋈≺⋈≺∋⋈⋈⋈⋈⊙⋈⋈⋈⋈⋈⋈⋈⋈⋈≺⋈⋈≺∋∋∋⋈⋈⊤∈⋈⋈⋈⋈⋈⋈≻⋈⋈⋈⋈⋈⋈⋈⋈⋈∋⋈⋈⊞⋈⋈⋈⋈⋈⋈⋈⊞⋈⋈⋈⋈⊤∈⋈⋈⋈≻∋⋈⋈⋈⋈⋈⋈⋈⋈⋈⋈⊤⋈∈⋈⋈⋈≻∋⋈⋈⋈⋈⋈⋈⋈⋈⋈⊤∈⋈⊤⋈∈⋈⊞⋈⊤⋈⋈∈∋⋈⊤⊥≺≺∋⋈⊞∋⋈⊞∈⊤∈∋⋈⋈⋈⋈⋈⋈⋈⋈≻⋈⋈⋈⋈⋈⊤∈⋈⋈⋈≻∋⋈⋈≺⊤∈⋈⋈⋈≻∋⋈≺∋⋈≻∋⊞∋⋈⋈≻⋈⊤∈⋈⊤∈⋈⊞⋈⊤⋈∈∋⊞∈⋈⋈⊞⋈⊞∈∋≺≺∋⊞∋⊞⊤⊥⋈⋈∋⋈⋈⋈⋈⊤∈⋈⋈⋈≻∋⋈⋈⋈⋈⋈⋈⋈⋈⋈⊤∈⋈⋈⋈≻∋⋈≺∋≺∋∋⋈⋈⋈⋈⋈⋈⊤∈⋈⋈⋈≻∋⋈⊤⋈∈⋈⋈⋈≻∋⊤∈⋈⋈⋈⋈≻∋⋈⊤∈⋈⋈⋈≻∋⋈⊤∈⋈⋈⋈≻∋⋈⊤∈⋈⋈⋈≻∋⊞⋈⋈⋈⋈⋈⋈⊣
0x3f5a78	⊢⋈⋈⋈⋈⋈⋈⊞⋈⋈⋈⋈⋈⋈≻⋈⊞⊤∈⊤∈⊤∈∋⋈⋈⋈⋈⋈⊞⋈≻∋⋈⋈≻≺∋⊤∈⋈≻∋⋈⋈⋈⋈⋈⋈⋈⋈⋈≻⊤∈⋈⋈⋈⋈⋈⋈⋈⋈⋈⋈⋈⋈⋈≻⋈⋈⋈⋈⋈⋈⋈⋈⋈⋈≻⋈⋈⋈⋈⋈⋈⋈⋈⋈⋈⋈⋈⋈⋈≻⋈⋈⋈⋈≻⋈⋈⋈⋈⋈⋈⋈⋈⋈⋈⊤∈⋈⋈⋈≻∋⋈⊤∈⋈⋈⋈≻∋⋈⊞⊤⋈⋈⊥⋈⋈⋈⋈⋈⋈⋈⋈⋈⋈⋈⋈⋈⋈⋈⋈⋈≻⋈⋈⋈⋈⋈⋈⋈⋈⋈⋈≻⋈⋈⋈⋈⋈⋈⋈⋈⋈⋈⋈⋈≻⋈⋈⋈≻⊤∈⋈⊞⋈∋⋈⋈⋈⋈⋈⋈⋈⋈⋈⋈⋈⋈⋈⋈⊤∈⋈⋈⋈≻∋⋈⊤∈⋈⋈⋈≻≺∋∋⋈⊤∈⋈⋈⋈≻∋⊞⋈⋈⋈⋈⋈⋈⊣
0x3f6048	⊢⋈⋈⋈⋈⋈⋈⊞⋈⋈⋈⋈⋈⋈⋈⋈⋈⋈⋈⋈⋈≻⊞⊤∈⋈⊤∈≺⋈⊤∈∋⋈∋∋⋈⋈⋈⋈⋈⋈⋈⋈⋈⋈⋈⋈⋈⋈⋈⋈⋈≻⋈⋈⋈⋈⋈⋈⋈⋈⋈⋈⋈⋈⋈≻⋈⋈⋈⋈≻⋈⊤∈⋈⋈⋈≻∋⋈⋈⊞⊤∈⋈⋈⋈∈⋈⋈⋈⋈⋈⋈⋈⋈⋈⋈⋈⋈⋈⋈⋈⋈⋈⋈⋈≻⋈⋈⋈⋈⋈⋈⋈⋈⋈⋈⋈⋈⋈≻⋈⋈⋈≻⋈⋈⋈⋈⋈⋈⋈⋈⋈⋈⋈⊤∈⋈⋈⋈⋈≻⋈∋⊤⋈∈⋈⊤∈⋈⋈⋈≻⊤∈⋈⋈⋈⋈⋈⋈⋈⋈⋈⋈⋈⋈⋈⋈⋈⋈⋈⋈⋈⋈≻⋈⋈⋈⋈⋈⋈⋈⋈⋈⋈⋈⋈⋈⋈⋈⋈⋈⋈⋈⋈≻≺∋⋈⋈⋈⋈⋈⋈⋈⋈⊤∈⋈⋈⋈⋈≻∋⋈⋈⋈⋈⋈⋈⋈⋈⋈⋈⋈⋈≻⋈⋈⋈⋈⋈⋈⋈⋈⋈⋈⋈⋈⋈≻⋈⋈⋈≻⊤∈⋈⊞⋈∋⋈⋈⋈⋈⋈⋈⋈⋈⋈⋈⋈⋈⋈⋈⊤∈⋈⋈⋈≻∋⋈⊤⋈∈⋈⋈⋈≻∋⋈⋈⋈⋈⊞⊞⊤∈∋≺⋈⋈≺∋∋∋⋈⋈⋈⋈⋈⋈⋈⋈⊤∈⋈⋈⋈≻∋⋈⊤∈⋈⋈⋈≻∋⊞⋈⋈⋈⋈⋈⋈⊣
0x3f67e0	⊢⋈⋈⋈⋈⋈⋈⊞⋈⋈⋈⋈⋈⋈⋈⋈∈⋈⊤∈⋈⋈⊤∈⋈⋈⋈⋈⋈⋈⋈⋈≻≺⋈⊤∈⋈⋈⋈≻⊤∈⋈⋈⋈⋈⊙⋈⋈⊤∈⋈⊤∈⋈⋈⊞⋈≺⋈⊤∈⋈⋈≺∋⋈⊞≺⋈⋈⋈≺⋈⋈⋈⊤∈⋈⋈⋈⋈⋈∋⊞⋈⋈⋈⋈⋈⋈⊣⋈⋈⋈⋈⋈≺∋⋈∋∋⋈⊤⊥∋⋈⊞⋈⋈∈⊤∈∋⋈⋈⋈⋈⋈⋈⋈⋈≻⋈⋈⋈⋈⋈⊤∈⋈⋈⋈≻⋈∋⋈≺⊤∈⋈⋈⋈≻∋⋈⋈≻⋈⋈⋈⋈⋈⋈⋈⋈⋈⊞∈⋈⋈≺∋⊤∈⋈⋈≺⊤∈⋈⊞⊞⋈⋈≺∋∋⋈⊞∈⋈⋈≻⋈⋈∋⊤∈⋈⋈≺⊤∈⋈⊞⋈⋈≺∋∋⊤∈⋈⋈⋈≻⊤∈⊞⊞∈⋈⊞⊡⋈⊥⊤∈∋⊤∈⊞⊞∈⊤∈⋈⋈⊤∈⋈⊤∈⋈≻∋⋈⋈⊞⋈≺⊤∈⋈⋈⋈⋈⊙⊤∈∋⋈⋈≻⋈⋈⋈⊞⋈⋈⋈⋈⋈⋈⋈⋈⋈⋈⋈⋈≻⋈⋈⋈⋈⋈⊞⊤∈⋈⋈⋈≻∋⊞⋈⋈⋈⊣⋈⋈⋈⋈⋈⋈≺⊞⊡⋈⊥∈∋≺∋∋∋∋∋⊞⋈⋈⋈⋈⊣⊤∈⋈⊤∈⋈⊞⋈⊤⋈∈∋⊞∈⋈⋈⊞⋈⊞∈∋≺≺∋⊞∋⊞⊤⊥⋈∋⊤∈⋈⋈⋈≻⋈∋⋈⋈⋈⋈⊤∈⋈⋈⋈≻⋈∋⋈⋈⋈⋈⋈≺∋
0x3f75f7	⊢⋈⋈⋈⋈⋈⋈⊞⋈⋈⋈⋈⋈⋈⋈⋈⊞⋈∈⋈⋈⊤∈⊞⋈⋈⊞⋈⋈⋈⊤∈⋈⊞⊞≺⋈⋈⋈≺∋⋈⊤⊥≺∋∋⋈⋈⊞⋈∈⊤∈∋⋈⋈⋈⋈⋈⋈⋈⋈⋈⋈≻⋈⋈⋈⋈⋈⋈⊤∈⋈⋈⋈≻⋈∋⋈⊤⋈∈⋈⋈⋈≻⋈⊤∈⋈⊞⊞⊞⊤⊥⋈⋈⋈≺∋∋⋈⋈⋈⋈⊤∈⋈⊤∈⊞⋈⊤∈∋⋈⊞⋈⋈≺∋⋈⊤⊥≺∋⋈⊞⋈∈⊤∈∋⋈⋈⋈⋈⋈⋈⋈⋈⋈⋈≻⋈⋈⋈⋈⋈⊤∈⋈⋈⋈≻⋈∋⋈≺⊤∈⋈⊤∈⋈⊤∈⋈⊞⊤∈∋⊞⋈⋈≺∋⊞∈⋈⋈⊞⋈⊞∈∋≺∋⊞⊤⊥⋈∋⊤∈⋈⋈⋈≻⋈∋⋈⋈⋈⋈⋈⋈⋈⋈⋈∈⋈⋈⊤∈⊤∈⋈⋈⋈⋈⋈⋈⋈⋈⋈≻⋈⋈⊤∈⋈⋈⋈⋈⋈≺∋⊤∈⋈⋈⋈⋈≻∋⊞⋈⋈⋈⋈⋈⋈⊣≺∋⋈⋈⋈⋈⋈⋈≻⋈⋈⋈⋈⊤∈⋈∋⊤⋈∈⊞⊤⋈⋈⊥⊤⊥⊤⊥≺∋⊤∈⋈⋈≻⋈∋⊤∈⋈⋈⋈≻⋈⊤∈⋈⋈⊤∈⋈⋈⊤∈∋⋈⊤⊥∋⋈⊞≺∋⋈⊞∈⊤∈∋⋈⋈⋈⋈⋈⋈⋈⋈⋈≻⋈⋈⋈⋈⋈⊤∈⋈⋈⋈≻⋈∋⋈≺⊤∈⋈⊤∈⋈⊤∈⋈⊞⋈⊤⋈∈∋⊞∈⋈⋈⊞⋈⊞∈∋≺≺∋⊞∋⊞⊤⊥⋈∋⊤∈⋈⋈⋈≻⋈∋⋈⊤∈⋈⋈⋈≻⋈∋⋈⋈⋈⋈⋈∋⋈⋈⋈⋈⋈⊤∈⊤∈⊤∈∋⋈⋈⋈⋈⋈⊞⋈≻∋⋈⋈⋈≺∋⋈⋈⋈⋈⋈⋈⋈⋈⋈≻⋈⊤∈⋈⋈⊤∈⋈⋈⊤∈∋⋈⊤⊥∋⋈⊞≺∋⋈⊞∈⊤∈∋⋈⋈⋈⋈⋈⋈⋈⋈⋈≻⋈⋈⋈⋈⋈⊤∈⋈⋈⋈≻⋈∋⋈≺⊤∈∋∋∋⋈⋈⋈≻⋈⋈⋈⋈⋈⋈⊞⋈⋈⋈⋈⋈⋈⊞∈⋈⋈≺∋⊤∈⋈⊤∈⋈⊤∈⋈⋈⋈≻⊤∈⋈⋈≻⋈⊞⊤∈⋈⋈≺⊤∈⋈⊞⊞⋈⋈≺∋∋⊤∈⋈⋈≺⊤∈⋈⊞⊞⋈⋈≺∋∋⊤⊥∈⊞∈⊤∈⊞⊤⊥∋⊣⋈⊤⋈∈∋⊥⊣⋈⋈⋈⋈⊙⋈⋈⊤∈∋⋈⊤∈⊤∈⋈≺⋈⊤∈⋈⋈⊞⊥⊞⊤⊥⊞∈⊞∈⋈⋈≻∋⊤∈⋈⊞⋈⋈⋈⋈≻⊤∈∋⋈⋈⋈≺∋⋈⋈⊙⋈⋈≺⋈≺∋∋∋⋈⋈⋈⋈⋈⋈≻⋈⋈⋈⋈≺∋⋈≺∋⋈⋈⋈⋈⋈⋈≻⋈⋈⋈≺∋⋈⊞⋈⋈⋈⋈⋈⋈⊣⋈⊤∈⋈⊤∈⋈⊞⋈⊤⋈∈∋⊞∈⋈⋈⊞⋈⊞∈∋≺≺∋⊞∋⊞⊤⊥⋈∋⊤∈⋈⋈⋈≻⋈∋⋈⊤∈⋈⋈⋈≻⋈∋⋈⋈≺∋
0x3f936c	⊢⋈⋈⋈⋈⋈⊞⋈⋈⋈⊞⋈⋈⋈⋈⋈⋈⋈⋈⊞≻⋈⋈⋈⋈⋈⊤∈⋈⊞≻⊞⋈∈⊤∈∋⋈⋈⋈⊞⋈⊤∈⋈⋈⋈⋈⋈⋈≻⋈⋈≺∋⋈⋈⋈⋈⋈⋈⊞⊤∈⋈⋈⋈⋈⋈≻⋈⋈⋈≺∋⋈⋈⋈⋈⊞⊤∈⋈⋈⋈⋈⋈≻⋈⋈≺∋⋈⋈⊞⋈⋈⋈⋈⊞⋈⋈⋈⋈⋈⊣⋈⋈≻⊞≺∋
0x3f8afd	⊢⋈⋈⋈⋈⋈⋈⊞⋈⋈⊤∈⋈≺⋈⋈⊤∈⋈⊞⋈⊞⊤∈⋈⊞⊞⋈≺⋈⊞⊞⊞⊤∈⋈⊞⊞⋈≺⋈⊞⊞⊞⊞⊞⊞⊤∈⋈⋈⊞⊞≺⋈≺∋∋∋⊞⋈⊞⋈⊞⊞⊤⊞⊤⋈⊥⋈⋈⊤⊥⋈⊤⊥⊞∈⊞∈⋈⋈≻∋⊤∈⋈⊞⋈⋈⋈⋈⋈≻⊤∈∋⋈⊞⋈⋈≺∋⋈⋈⋈⋈⋈⊤∈∈⋈⊤∈⋈⊞⋈⊞⊤∈⊞⊞⊞⋈≺⋈⊞⊞⊞⊤∈⊞⊞⊞⋈⋈⊞⊞⊞⊞⊞⊞⊤∈⊞≺⊞≺∋∋∋⊤∈⋈⊞⋈⊞⊞⊤⊞⊞⋈⋈⋈⋈≻⋈≺∋⋈⊞⋈⊤∈∋≺∋⋈⋈∋⋈⊞⋈∈⋈⊤∈⋈⊤∈⊤∈⊤∈⋈⊤∈⊞∈∋∋⋈⋈⋈⋈≻≺∋∋∋⊞⊤∈∋≺⊤∈⋈⋈⊞⋈⊞⊤∈⋈⊤∈⊤∈⊤∈⊤∈⋈⋈⊞⋈⋈⊤∈⋈⋈⊞⋈⋈≻⋈⋈⊞⊞⋈⊞⋈∈⋈⊤∈⋈≺⊤⋈∈⊤∈⋈⋈≺⊤∈⋈⊤∈⋈≺⊤∈⊤∈⋈⊞⋈∋∋∋⋈≻⊤∈⋈⋈⊤∈⊤∈∋∋∋∋⋈⋈≻⋈≺⊞∋⋈⊤∈⋈⋈≻⋈⋈⋈∋⊞⋈⋈⊞⋈⊞⊤∈∋⋈⋈⋈≻⋈⋈⋈⋈⊤⊥⊞⊥⊞⋈⋈∈⊤∈⊞⋈∈⋈⊞∈⋈⊞⊤∈⊤∈∋∋∋∋⋈∋⋈⋈⋈⋈⋈⋈⊤∈⋈⋈⋈⋈⋈⋈⋈⋈≺∋∋⊤∈⋈≺∋∋∋∋∋⊤∈⊤∈⊤∈⊤∈⋈⊞⊤⊥⊤∈⊞⋈⋈⊞⊤⊥⊤∈⋈⊤∈⋈⊤∈⋈⊤∈⊤∈⋈⋈⊞⊤∈⊞⊤⊥⊞⊤⊥⋈⊞⋈⋈≻⊤⊥⊤⋈⊥⋈⊤∈⋈⋈⋈⋈⋈⋈⋈⋈⋈⋈≺∋⋈⋈≺∋∋∋∋∋∋∋∋∋∋∋∋⋈⋈⋈⋈⋈⋈⋈⊤∈⋈⋈⋈⋈⊙⋈⊤∈⋈⋈⋈≻⋈⋈⋈⋈⊤∈⋈⋈⋈⋈⋈⋈⋈⋈≺∋∋⋈⋈∋∋∋⋈⋈⋈⋈⊞⋈⋈⋈⋈⋈⋈≺⋈∋∋⋈⋈⊞⋈⋈⋈⋈⋈⋈⊣
0x3f9513	⊢⋈⋈⋈⋈⋈⋈⋈⋈⊞⋈⊤∈⋈⋈⋈⋈⋈≻⋈⋈≺∋⋈⋈⋈⋈⋈⋈⊞⊤∈⋈⋈⋈⋈≻⋈⋈⋈≺∋⋈⋈⋈⋈⊞⊤∈⋈⋈⋈⋈≻⋈⋈≺∋⋈⋈⋈⋈⋈⋈⊞⊤∈⋈⋈⋈⋈≻⋈⋈≺∋⋈⊞⋈⋈⋈⋈⊞⊤∈⋈⋈⋈⋈≻⋈⋈≺∋⋈⋈⊞⋈⋈⋈⋈⊣
0x3f069c	⊢⋈⋈⋈⋈⋈⋈⊞⋈⋈⋈⋈⊤∈⋈⊞⊤⊥∈⋈⋈⊞⋈⋈⊞⊤∈⋈⊞⋈⋈⋈≺∋⊞⋈⊞⊤⋈⊥⊤∈⋈⋈⊞⋈⋈⋈⋈≻⊤∈⋈⋈⋈⋈⋈⋈∈⊞⊤⊥∈⋈⊞∈⋈⋈∈⋈⊞⋈⋈⋈≻⊤∈≺∋⋈⋈⋈⋈⋈⋈⊞⋈∈⋈⋈⊞∈⊤∈⋈≻⋈∋⊞⋈⊥⊞⋈⊤∈∋⋈⊞⋈⊤∈∋⋈⋈≺⊞∋⋈⋈≻⋈⋈⋈⊤∈⋈⊞⊞⊞⋈⋈⋈⋈≻⋈≺∋⋈⊞⋈⋈≺∋⊞∋⋈⋈≻∋∋⊞⋈⋈⋈⋈⋈⊞∋⋈⋈⋈⋈≻⊤∈⋈⊞⊤∈⊞∈⊤∈∋⊞⋈⋈⊞∈⋈⊞⋈⊤∈∋∋⊞≺∋⋈∋∋⋈⋈⋈⋈⊞⋈⋈⋈⋈⋈⋈⊣
0x401935	⊢⋈⋈⋈⋈⋈⋈⊞⋈⋈⋈⋈⋈≻⋈⋈⋈⊞⋈⋈⋈⋈⋈⋈⋈≻⋈⋈⊤∈⊤∈⋈⋈≻⋈∋⋈⋈⋈⋈≺∋⋈⊞⋈⋈∈⊤∈⋈⋈≻⊤∈⋈⋈≻⋈⋈⋈⋈⋈⋈⊙⋈⋈⋈≻⋈⊙⊤∈⋈⋈≻⋈⋈⋈⋈⋈⋈⊞∈⊤∈⊞⋈⊞⊞⊤∈∋⋈∈⋈⋈⋈≻⋈⋈⋈⊤∈∋⋈⋈≻∋⋈⋈⋈⋈⋈⋈≻⋈⋈⋈≻⋈⋈⋈⊞⋈⋈⋈⋈⋈⋈⋈≻⋈⋈⋈⊤∈⊤∈⋈⋈≻⋈∋⋈⋈⋈⋈⋈≺∋⋈⋈⋈≻⋈⋈⋈⊞⋈⋈⋈⋈⋈⋈⋈≻⋈⋈⊤∈⊤∈⋈⋈≻⋈∋⋈⋈⋈⋈≺∋⋈⋈⊞⋈⋈∈⊤∈⋈⊞∈⊤∈⋈⋈≻⋈⋈⋈⋈⋈⋈⋈⋈≻⋈⋈⋈⋈⋈≻⊤∈⋈⋈≻⊤∈⋈⋈≻⋈⋈⋈⋈⋈≻⋈⋈⋈⋈⋈⋈⋈≻⋈⋈⋈⋈⋈≻⋈⋈⋈⋈⋈≻⋈⋈⋈⋈⋈⋈≻⋈⋈⋈⋈⋈⋈⋈⋈⋈⋈≻⋈⋈⋈⋈⋈⋈⋈≻⋈⋈⋈⋈⋈⋈⋈⋈⋈⋈⋈⋈⋈⋈⋈⋈⋈≻⋈⋈⋈⋈⋈≻⋈⋈⋈≻⋈⋈⋈⋈⋈≻⋈⋈⋈⋈≻⋈⋈⋈⋈≻⋈⋈⋈⋈⋈⋈⋈⋈⋈⋈⋈≻⊤∈⋈⋈≻⊤∈⋈⋈⋈⋈⋈⋈⋈⋈⋈⋈≻⋈⋈⋈⊤∈⋈⋈⋈⋈⋈⋈⋈⋈⋈⋈⋈⋈⋈⋈≻⋈⋈⋈⋈≻⋈⋈⋈⋈≻⋈⋈⋈⋈≻⋈⋈⋈⋈≻⋈⊤∈⋈⋈⋈⋈⊡⋈⋈⋈⋈≻⋈⋈⋈⋈≻⋈⋈⋈≻⋈⋈⊤∈⋈⋈⋈⋈⋈⋈⋈⋈⋈≺⋈⋈⋈⋈⋈≻⋈⋈⋈⋈⋈≻⋈⋈⋈⋈⋈≻⋈⋈⋈⋈⋈≻⋈⋈⋈≻⋈⋈⋈≻⋈⋈⋈≻⋈⋈⋈≻⊞⋈⋈⋈⋈⋈⋈⋈⋈⋈⋈⊞∈⋈⋈⋈⋈⋈⋈≻⋈⋈⊤∈⋈⋈⋈⊤∈⋈⋈∈⋈⋈⋈⋈≻⊞⊞∈∋∋⋈⋈⋈⋈≻⋈⋈⋈≻⋈⋈⊤∈⋈⋈⋈⋈⋈⋈≻⋈⋈⋈⋈⋈≻⋈⋈⋈⋈⋈≻⋈⋈⋈≻⋈⋈⋈⊡⋈⋈⋈⋈⋈⋈⋈⊞⊥⋈⋈⊤⊥⊞⋈⋈⋈⊞⋈⊞⊞⋈⋈⋈∈⋈⋈⋈⋈⋈⋈⋈⋈⋈⋈⋈⋈⋈⋈⋈⋈⋈⋈⋈⊞⋈∈⋈∈∈∈∈∈∈∈⋈∈⊤∈⋈⊤∈⋈⊞⋈⊞⊤∈⊞⊞⊞⋈≺⋈⊞⊞⊞⊤∈⊞⊞⊞⋈⋈⊞⊞⊞⊞⊞⊞⊤∈∋⋈⊞≺∋⊞≺⊞≺∋∋∋⊤∈⊤∈⊤∈⊞⋈⊥⋈≺∋⋈⊤∈∋⋈⊤⋈∈∋⋈⋈⋈⊤∈∋≺⋈⋈⋈⋈⋈⋈⋈⋈⋈⋈⋈⋈≻⋈⋈⋈⋈⋈⋈⋈⋈⋈⋈⋈⋈⋈⋈⋈⋈⋈⋈⋈⋈⋈⋈⋈⋈≻⋈⋈⊤∈⋈⋈⊙⊤∈⋈⋈⋈⋈⋈⋈⋈⋈⋈≻⋈≺⊤∈⋈⋈⋈⋈⋈⋈≻⊤∈⋈⋈≺⊤∈∋⊞⋈⋈⊤∈⋈⋈⋈⋈≻⊤⋈∈⋈⋈⋈≺∋⊤⋈∈⋈⋈⊤∈⋈⋈∈⋈⊞⊞∈∋∋⋈⊞∈⋈⊤∈⊤∈⋈≻∋⋈⋈≺∋⋈⋈≻∋⋈⋈⊙⊤∈⋈⋈≻⋈⋈⋈⋈⋈⋈≺⋈⊞⋈⊤∈⋈⋈≻⋈⊤∈⋈⊤∈⋈⊤∈∋∋∋∋⋈⋈⋈⋈≻⋈⊤∈⋈⋈⋈⋈≻⋈⋈⋈⊤∈∋⋈⋈⋈⋈⊙⋈⋈≺⋈⋈≻⋈⊞⋈⊤∈∋⋈≺∋⋈⋈≺∋⊤∈⋈⋈⋈⋈⋈⋈≻⋈⋈⋈⋈⊤∈∋⋈⋈⊙⋈⋈⋈⋈⋈⋈⋈⋈⋈⋈⊞⋈⋈⋈⋈⋈⋈⊞⋈⋈⋈⋈⋈⋈⋈⋈⋈⋈⋈≻⋈⋈⊞⋈∈∈⋈⋈⊤∈∋⋈⊤∈⊤∈⋈⊤∈⋈⊤∈⋈⊤∈⋈⊤∈⋈⋈⋈∋⋈⊞⋈⊞⋈≺∋⊤∈⋈⊤∈⋈⋈≻⋈⋈∋⋈⋈⊤∈⋈⊤∈⋈⊤∈⋈⋈⊞⋈⊥⋈⊥⊞⊤∈⊤∈⋈⋈⊤∈⋈≻∋⋈⋈⋈⊞⋈⋈≺⊡∈⋈⊤∈⋈⋈⋈⋈≻⋈⋈≺⊤∈⋈⊤∈⊞⋈≺⊤∈⋈⊤∈⋈≺⊤∈⋈⊤∈⋈⋈⊤∈⊞⋈⋈⊤∈⊤⊥≺∋⊤∈⊤∈⋈⊤∈⋈⋈⋈≻⋈⋈⋈∋⋈⋈≺∋⊞⋈∋∋∋∋∋∋∋∋∋∋∋∋∋∋∋∋∋∋∋∋⊞⊤⋈∈∋⋈⋈⋈≻⊤∈⊤∈∋⋈⋈⋈⋈≻⋈⋈⋈⋈≻⋈⋈⋈⋈≻⋈⋈⋈⋈⋈⋈⋈⋈⋈≻⋈⋈⋈⋈≻≺∋⋈⋈⋈⋈⋈≻⋈∋⊤∈⋈⋈⋈⋈≻⋈∋⋈⋈⋈⋈⋈⋈≺∋≺⋈⋈≻∋⋈∈∋⋈⊞≺⋈≺∋⋈⊤∈∋⊞⋈⋈⊤∈∋⋈⋈⋈⋈⋈⋈⋈⋈⋈⋈⋈⋈⋈⋈⋈⋈⋈≻⋈⋈⋈⋈≺∋⋈≻⋈⋈⊤⋈⋈⊥⊤∈⋈⋈⋈⋈≻⋈∋⊞⋈⋈⋈⊤⋈⋈∈∋≺⋈⋈⋈⋈⋈⊞∋⋈⋈⋈⋈⋈⋈⋈⋈⋈⋈⋈⋈⋈⊤∈∋∋⋈⋈⋈≺⋈⋈⋈⋈⋈⋈⋈⋈⋈⋈⋈⋈⋈⋈⋈⋈⋈≻⋈⊤∈⋈⋈⊙⊤∈∋⋈⋈≻⋈⋈⋈⋈⋈≺⋈⋈⊤∈⋈⋈∈⋈⋈⋈⋈≻⊞⊞∈∋∋⋈⋈⋈⋈≻⋈⊤⊥⊤∈⋈⋈⊙⊤∈∋⋈⋈≻⋈⋈⋈⋈⋈⋈∋⋈⋈⋈⋈≻≺⋈⊤⋈∈⋈≻⋈⋈∋⋈⊞⋈⋈⋈⋈⋈⊞⋈⋈⋈≻⋈⋈⋈⋈⊡⊤⋈∈⋈⋈⋈⋈⋈⋈⋈⋈⋈⋈⋈⋈⋈⋈⋈⋈⋈⋈⋈⋈⋈⋈⋈⋈≻⊤∈⋈⋈⊙⊤∈∋⋈⋈≻⋈⋈⋈⋈⋈⋈⋈⋈⋈⋈⋈⋈≻⋈⋈⋈⊤∈⋈⋈⋈⋈⋈⋈⊤⊥⋈⋈⋈⊤⊥⊞⊤∈⋈⋈≻⊤∈⊤∈∋⋈⋈⋈≻⋈⋈⋈⋈≻⋈⊤∈∋⋈⋈≻⋈⋈⋈⋈⋈≻⋈⋈⋈≺∋≻⊤∈⊞⊡⊞∈⋈⋈⊞⊞⋈⊡∈∋≺∋⋈⋈⋈⋈⋈⋈⋈⋈⋈⋈⋈⋈⋈⋈⋈⋈⋈⋈⋈⋈⋈⊡⋈⋈≻⋈⋈⋈⋈≻⋈⋈⋈⋈≻⋈⋈⋈⋈≻⋈≻⋈⋈⋈⋈⋈⋈⊤∈⋈⋈⋈⋈⊡⋈⋈⋈⋈⋈⋈⋈⋈⋈≻⋈⋈⋈⊤∈⋈⋈⋈⋈⋈⊞⋈≺⋈⋈⊙⊤∈⋈⋈⋈⋈⋈⋈⋈⋈⋈⊤∈∋⋈⋈∈⋈⋈⋈⋈≻⊞⊞∈∋≺∋⋈⋈⋈⋈≻≺⋈⋈⊙⊤∈∋⋈⋈≻∋⋈⋈≻∋⋈⋈≻⋈⋈⋈⋈⋈⋈⊞⋈⋈⋈⊞⋈⋈⊞⊥⋈⊤⊥⊞∈⊞∈⋈⋈≻∋⋈⋈⊤∈⋈⊞⋈⋈⋈≻⊤∈∋≺∋⋈⋈⋈⋈⊞⊤∈∈⋈⊞⋈⊞⋈⊞⊤∈∋∋⋈⋈⊤∈⋈⊞⋈⋈≺∋⋈⊤∈⊤∈⊙∋∋⋈⋈⋈⋈⋈⊞⋈⋈⋈⋈⋈⋈⊣⋈⋈⋈⋈⋈⋈⋈≺∋∋⋈⋈⋈∋∋∋⋈⋈⋈⋈≻⋈≻⋈≻⋈⋈⋈⋈⋈∋∋⋈⋈⋈⋈⋈⋈⋈⊞⋈⊞⋈⊥⊡≺∋⋈⋈⋈⋈⋈≻⋈⋈⋈⋈≻⋈⋈⋈⋈≻≺∋⋈⋈⋈⋈⋈⋈⋈⋈⋈⋈⋈⋈⋈⋈⋈≻⋈⋈⋈⋈≻⋈⋈⋈⋈≻≺∋⋈⋈⋈⋈⋈⋈⋈⋈⋈⋈⋈∋⋈⋈⊞⊞⊤∈∋⋈⊞⊞⊤∈∋≺∋⋈∋⋈⋈⋈⋈≻⋈⋈⋈⋈≻⋈≺∋∋⋈⋈⊙⊤∈⋈⋈≻∋⋈⋈⋈⋈≻⋈⋈⋈⋈⋈⊤∈⋈⋈⋈⋈⋈⋈⋈⋈⋈⋈⋈⋈⋈⋈⋈⋈⊤∈⋈⋈⋈⋈≻≺∋∋∋⋈≻≺∋⋈≻≺⊞⋈⋈⋈⋈⋈⋈⊣⋈⋈⋈⋈⊙⋈⋈⋈⋈⋈⊞⋈⋈⋈⊞⊙∋⋈⋈⋈⋈⊙⋈⋈⋈⋈⋈⊞⋈⋈⋈⋈⋈⊞⋈⋈⋈⋈⋈⋈≺
0x44be64	⊢⋈⋈⋈⋈⋈⋈⊞⋈⊞⋈⋈⋈⊤∈⋈⋈⋈⋈⋈⋈⊞⋈⊞⊞⋈⋈⋈∈⊤∈⋈⊤∈⋈⊤∈⋈⊤∈⋈⊤∈⋈⋈⋈⋈⋈⋈⋈⋈⋈⊞⋈⋈⋈⋈≻⊤∈⋈⋈⋈⋈⊞⊥⊤⊥⊞∈⊞⊤∈⋈⋈⋈⋈⋈≻⊤∈⋈≺∋⋈⋈≻∋∋∋∋∋∋⋈⋈⋈≺∋⋈⋈⋈⋈⊙⋈⋈⊤∈⋈⋈⊤⋈∈∋⋈⋈⋈⋈⋈⋈≻≺∋⋈⊤∈⋈∈⋈⋈⋈⋈≻⊞⊞∈∋∋⋈⋈⋈⋈⊞⋈⋈⋈⋈⋈⋈≺⊞⋈⊤⋈∈⋈≻⋈⋈⋈∋⋈⋈⋈⋈⋈⋈⋈⋈⋈⋈⋈⋈⋈⊞⋈⊞⊤⋈⋈⋈∈∋∋⋈⋈⋈⋈⋈⋈⊞⋈⋈⋈⋈⋈⋈⊣
0x44aa02	⊢⋈⊤∈⊤∈⊞⊞⊤∈⊞⋈∈⋈⋈⊤∈⊤∈⊤∈⊞⋈⊤∈⊞⋈⋈⊞⊥⊤⊥⊞∈⋈≺∋∋∋⊞≺⊞∋⊤∈∋⋈⋈⊞⊤∈∋⋈≺∋∋∋⋈∋⋈⊣
0x44c201	⊢⋈⋈⋈⋈⊞⋈⋈⋈≻⋈⋈⊞∈⋈⋈⊤∈⋈⋈⋈≺⋈⊞∈⋈⋈⋈∈⋈⊤⋈⋈⊥⊤⊥⊞⊞∈∋≺∋⋈⋈⋈⊤∈⋈⊞≺⊤∈⊞⋈⋈⋈∈⋈⊤∈⊤⋈⋈∈∋∋⊤⊥≺∋⋈∋⋈⋈⋈⋈⋈∈⋈⋈⋈⋈≻⊞⊞∈∋∋⋈⋈⋈⋈⊞⋈⋈⋈⋈≺⋈⊞⋈⋈⋈⋈⊣
0x44c6db	⊢⋈⋈⋈⋈⋈⋈⊞⋈⋈⋈⋈⋈⋈⋈⋈⋈⋈⋈⋈⋈⋈⋈⋈⋈≻⊤∈⋈⋈⋈⋈⋈⋈⋈⋈⋈⋈⋈≻⊤∈⋈⋈⋈⋈⋈≻⊤∈⋈⋈⋈⋈⋈≻⊤⋈⊥⋈⋈⋈≻⊤∈⊞≺⋈⋈⋈⋈≻⊞⊤⋈∈∋⋈⋈⋈⋈≻⊤⊥∋⊤∈⊤∈∋⋈⋈⋈⋈≻⊤∈⋈⋈≻⊤∈∋∋∋∋⊞⋈⋈⋈⋈≻⋈⋈⋈⊤∈⋈∋⋈⋈⋈⋈⋈≻⋈⋈⊤∈⋈∋⊤⊥⊤⊥⊞⊞∈⋈⊞⋈⊤⋈⊥⊞⊤⋈⊥⊤⊥⊤⊥⊞≺≺∋∋∋⋈⊞⋈⋈⋈⋈⋈⋈⊣
0x449698	⊢⋈⋈⋈⋈⋈⋈⊞⋈⋈⋈⋈⋈≻⋈⋈⋈⋈⋈⋈≻⋈⋈⊞⋈⋈⋈⊤⋈⊥⊤∈⋈⋈⊞⋈⊞⊞⋈⋈∈⊤⋈⊥⊤⋈⊥⊞⊞⊞⋈⊞⊤∈⋈≻⋈⋈⋈⋈∋⋈⊞⋈⊞⊞⋈⋈⊤∈∋⊤∈⋈⊞⊤∈⋈≻∋⋈⋈⊞⋈∋∋⋈⋈⋈≻⋈⋈⋈⋈≻⋈⋈⋈⋈≻⋈⋈⋈⋈≻⋈⋈⋈⋈⊞⋈⋈⋈⋈⋈⋈≺
0x44a4d8	⊢⋈⋈⋈⋈⋈⋈⊞⋈⋈⋈⋈⋈⋈⋈⋈≻⋈⋈⋈⋈⋈≻⊤∈⊤∈∋⋈∈⋈⋈≻⊤∈⋈⋈⋈⋈⋈⋈≻⋈⋈⋈⋈≻⋈⋈⋈⋈≻⋈⋈⋈⋈⋈⋈⋈⋈≻⋈⋈⋈⋈≻⋈⋈⋈⋈⋈⋈⋈⋈⋈⋈≺∋⋈⋈⋈⋈⊤∈∈⊞⊞⋈⊤⋈∈∋∋⋈⋈⋈⋈≻⋈⋈⋈⋈≻⋈⋈⋈⋈≻⋈⋈⋈⋈≻≺∋⋈⋈⋈⋈≻⊞⋈⋈⋈⋈⋈⋈⊣
0x4491e9	⊢⋈⋈⋈⋈⋈⋈⊞⋈⋈⋈⋈⋈≻⋈⋈⋈⋈⋈⋈⋈≻⋈⋈⋈⋈⊞≻⊤∈⋈⋈⊞⋈⋈⋈⊞∈⊤∈⋈⊞⋈⊞⊞∈⊤∈⋈≻⋈⊡⊞⊞⊞⋈⊞⋈⊞⊞⋈⊤∈∋⊤∈⋈⊞∈⊤∈∋⋈≻⋈⋈⋈⋈⋈⋈⊞⋈⋈⋈⋈⊞⋈⋈⋈≻⊤∈⋈⋈≻⋈⋈⋈⋈⋈⋈⊞⋈⊞⋈⊞⋈⊞⊥⋈⊤⊥⊞∈⊞∈⋈⋈≻∋⋈⋈⋈⊤∈⋈⊞⋈⋈⋈≻⊤∈∋≺∋⋈⋈⋈⊤∈⋈⋈⊞⋈∈⋈⊞∈⊞⋈⊞⊤∈⋈≻⋈∋⊞⋈⊞⋈⊤∈∋⊞⊤∈∋∋⋈⋈≻⊞⋈⋈⋈⋈⋈⋈⊣⊞⋈⋈⋈⊤∈⋈⋈⊞⊞⋈⊞∈⋈⊞⋈⊞⊞∈⋈⋈⊞⊤⊥⊞⊤∈⊤∈≻⋈⋈∋⋈⊞⋈⊞⊤∈∋≺⊞⊞∈∋≺⊤∈⋈⋈≻⋈∋⋈⊞⋈∋⊤⋈∈⊤∈⋈≻∋∋⋈⋈⋈∋⋈⋈≻⊞⋈⋈⋈⋈⋈⋈⊣⊡⊞⊞⊤⋈⋈∈∋∋∋⊞⊞⊤∈∋∋⋈⋈⋈⋈⋈⋈⋈≻⋈⋈⋈⋈≻⋈⋈⋈⋈≻⋈⋈⋈⋈≻⋈⋈⋈⋈⊞⋈⋈⋈⋈⋈⋈≺
0x449a9a	⊢⋈⋈⋈⊙⊤∈⋈⋈≻⋈⋈⋈⋈⋈⋈⊞⋈⋈⋈⋈⋈⋈⊞∈⊤∈⊤⋈∈∋⊞⋈⊞⊥∈⋈⊤∈⊤∈⋈⊤⋈∈∋⊞⋈∋⋈∈⋈⊤∈⋈⊤∈⋈≺⋈⊤⋈∈∋⊞≺∋⊤∈∈⊞⋈∈⊤∈∋⋈⊤∈⋈⊞⊤∈⊤∈⋈⊤⋈∈∋∈∋∋⋈⋈⊙⊤∈⋈⋈⋈⊤∈⊞⋈⋈≻⋈⋈⊤∈∋⋈⋈⋈⋈⋈⋈⊙⋈⋈⋈⋈≻⋈⋈⋈⋈≺≺⋈≺∋⋈⋈⋈≻⊤∈⋈⋈⋈≺∋⋈⋈⋈⋈⊙⋈⋈⋈≻⋈⋈≻⊤∈⋈⋈⋈⋈⋈⋈⊙⋈⋈⋈⋈≻⋈⋈⊞∈∈⋈⋈⊡⊞⊞⋈⋈⊞⋈≻⊞⋈⊞⋈⊞⋈⋈⊞∈⊤∈⋈≻⋈⋈⋈⊞⊞⋈⊞⊤⋈⊥⊞⋈⊞∈∋⋈⋈⋈⊞≻⋈⊤∈⋈⊞⊞⋈⋈⊞⋈⊞⋈⋈⊞⊞∈⋈⊤∈⋈⋈⋈⊞⊞⋈⊞⋈⊞⊤⋈⊥⊞⋈∈∋⋈≺∋⊤∈⋈⋈≻⋈⋈⋈⋈⋈⋈⋈⋈⊞∈∋⋈⋈⋈⋈⋈⊞⋈⋈⋈⊞≻⋈⋈⊞⋈⋈⋈⋈⋈⋈⋈⋈⋈⊞⋈⊞⋈⋈⋈⋈∈⋈⊞⊤∈∋⋈≺⊤∈⋈≻⋈⋈⋈⋈⋈⋈⊞⊙⋈⋈⋈⋈⊞⊞⊞⋈⊞⋈⊞⊞⊞⋈⊞⋈⊞⊞⊤⊥⊥⊤∈⊞⋈⋈⋈⊞⋈⋈∈⊤∈⋈⋈⋈≻⊤∈∋⋈⋈⋈⊞⋈⊞⊞⋈⊤⋈⊞∈⊞⊞⊞⊞∈∋≺∋∋⊞⊞⊞∈⋈⊤∈⋈⋈⊞⋈⊞⊞⊞⊞⊡⋈⋈⊞⊥⋈⊤∈∋⋈⋈⊡⋈⋈⊞⋈∈⊞⊞⊞∈⋈⊤∈⋈≺⊞⊞⊞⋈⋈⊞⊞⋈⊤∈∋⊡⊞∋⋈⊤∈∋⋈⋈⋈≻∋⋈⋈⋈⊞⊞∈∋⋈⊞⋈≻⋈⊤∈⋈⊤∈⋈⋈⋈⋈⊙⋈⊞⋈⋈⋈⊞⋈⊞⊞⋈⋈⋈∈⋈⋈⊞⊤∈⋈⊤∈⋈⋈⋈⊞⊞⋈⋈⊞⊞⊤∈∋≺∋⋈⋈⋈⋈⋈⋈⋈⋈≻⋈⋈⋈⋈⊞⋈⋈≻⋈⋈⋈⋈≻⋈⋈⋈⋈≻⋈⋈⋈⋈≻⋈⋈⋈⋈⋈⋈⋈⊞⋈⊞⋈≻⊤∈⋈⋈⋈⋈⋈⊞⋈⊞⋈∈⊤∈⊤∈⋈⋈⋈⋈⊞⊙⋈⋈⊞⋈⊞⊞∈∋⋈∋⋈⋈⋈⋈⋈⋈≻⋈⊙⊤∈∋⋈⋈≻∋⋈≺∋∋∋⋈≻∋⋈⋈≻∋⋈≺∋⋈≻∋⋈∋⋈≻∋⋈≻∋⋈⋈⋈≻∋⋈≻∋⋈⋈≻∋⋈⋈≻∋∋⋈⋈≻∋⋈⋈≻∋⋈≺∋⊞≻⋈⋈⋈⋈⋈⋈⋈⋈⋈⋈⋈⋈⋈⋈≻⋈⋈⋈⋈≺∋≻∋⊞⋈⋈⋈⋈⋈⋈⊣⋈⋈⋈⋈⋈⋈⊣
0x449840	⊢⋈⋈⋈⋈⋈⋈⊞⋈⋈⋈⋈⋈≻⋈⋈⋈⋈⋈⋈⋈≻⋈⋈⊞⋈⋈⋈⊤∈⋈⋈⋈⊞⋈⊞⊞⋈⋈∈⋈⊤⋈⊥⊞⊞⊞⋈⊞⊤∈⋈⋈≻⋈⋈⋈⋈∋⊞⋈⊞⋈⊞⋈⊤∈∋⋈⋈⋈≺∋⋈⋈⋈≻⋈⋈⋈⋈≻⋈⋈⋈⋈≻⋈⋈⋈⋈≻⋈⋈⋈⋈⊞⋈⋈⋈⋈⋈⋈≺
0x448eb0	⊢⋈⋈⋈⋈⋈⋈⊤∈⊤∈⊤∈⋈≻∋⋈⋈⋈⋈⊞⋈∈⋈⊞∈⊤∈⊞⋈⊞⊤∈∋≺∋∋∋∋⋈⋈⋈⋈⊞⋈⋈⊣
0x448f34	⊢⋈⋈⋈⋈⊞⋈⋈⋈⊤∈⋈⋈≻⋈⋈⊤∈⋈⋈≻∋⋈⊞∋⋈⋈⋈⋈⋈⊙⋈⋈⋈⋈≻⋈⊤∈⊞⊤⊥≺∋⋈⋈⋈≻⋈⊞⋈⋈⋈⋈⊣
0x449609	⊢⋈⋈⋈⋈⋈⋈⊤∈⊤∈⊤∈⋈≻∋⋈⋈⋈⋈⊞⋈∈⋈⊞∈⋈≻⊤∈⊞⋈⊞⊤∈∋≺∋∋∋⋈⋈⋈⋈⊞⋈⋈⊣
0x4499bd	⊢⋈⋈⋈⋈⋈⋈⊞⋈⋈⋈⋈⋈≻⋈⋈⋈⋈⋈⋈≻⋈⋈⋈⋈⋈⋈⋈≻⋈⋈⋈⋈≻⋈⋈⋈⋈≻⋈⋈⋈⋈≻⋈⋈⋈⋈≻⋈⋈⋈⋈⋈⊞⋈⋈⋈⋈⋈⋈≺
0x3e9808	⊢⊤∈⋈⊤∈⊤∈⊤∈⊤∈⊤∈∈∋⊤⊥⊣∋∋∋∋⊞∋⊣
0x3e99ae	⊢⋈⋈⋈⋈⋈≻⋈⋈⋈⋈⋈≻
0x3e98a3	⊢⋈⋈⊤∈≻∋≻
0x3ea1f0	⊢⋈⋈⋈⋈⋈⋈⋈⊞⋈⋈⋈⊤∈⊞⋈⋈⋈⋈⊞⋈⋈⋈⋈⋈⋈⊙⋈⊤∈⋈⋈⋈⋈≺∈⋈⋈⊤∈⊤∈⋈⋈⋈⋈⊙⊤∈⋈⊞≺⊤∈⋈⊤∈⋈⊞⋈∋⊤∈⋈⊞⊞≺∋⋈⊤∈⋈⊞⊤∈⊞⊤∈∋⋈⊞≺∋∋⊤∈⋈⊞⊤∈⊞⋈∋∋⊤∈⋈⊞⊤∈⊞⋈∋∋⋈⊞⋈⋈⋈⋈⋈⊞⋈≺∋⋈⋈⋈⋈⋈⊙⊤∈⊞⋈≺⋈⋈⋈⊙⊤∈∋∋⋈⊞≺∋∋⋈⋈⊤∈∋∋⊞≺∋⊞⋈⋈⋈⋈⋈⋈⊣
0x3ec400	⊢⋈⋈≻
0x3ec410	⊢⋈⋈⊞⋈⋈⊤∈⋈⊡∈⊤∈⊞∈∋⊞∋⋈⋈⊞⊤⊥⋈⋈⊥⋈⋈⋈⋈⊞≺∋⋈⋈⊤∈⊤∈⊤∈⋈⋈⋈⋈⋈⋈⋈⋈⋈⋈⋈⋈⋈⋈⋈≺⊤⊥⊤⊥⊞∈⊤⊥∋⋈⊤∈⊤∈⊡∈⊤∈⊞∈∋∋⊞∋⊤∈∋∈⋈≻∋⋈⊤∈⋈⊞⋈⊞⊤∈⊞⊞⋈≺⋈⊞⊞⊞⊤∈⊞⊞⋈⋈⊞⊞⊞⊞⊞⊞⊤∈∋≺∋∋⋈⋈⊤∈⋈⊤∈⊤⋈⊞⋈⋈≺∋∋∋⊞⋈⋈⋈⋈⋈⋈⋈⋈⋈⋈⋈⋈⋈⋈⋈⋈⋈⋈⋈⋈⋈⋈∋∈⋈⋈≻∋⋈∋⋈⋈⋈⋈⋈⋈⋈⋈⋈⋈⋈⋈⋈≺∋
0x3ec970	⊢⋈⋈≻
0x3ec9d0	⊢⋈⋈⊞⋈⋈⋈⋈⋈⋈⋈⋈≻
0x3eb680	⊢⋈⋈⋈⋈⋈≻
0x3eca10	⊢⋈⋈⊞⋈⋈⋈⋈⋈⋈⋈⋈⋈⋈⋈⋈⋈⋈⋈≻
0x3eca70	⊢⋈⋈⋈⋈⊞≻
0x3ecad3	⊢⋈⋈≻
0x3eadad	⊢⋈⋈⊞⋈⋈⋈⋈⋈⋈⋈⋈⋈⋈⋈≻
0x3eca90	⊢⋈⋈⊞⋈⋈⋈⋈⋈⋈⋈⋈≻
0x3ea093	⊢⋈⋈⊞⋈⋈⋈⋈⋈⋈⋈⊤∈⋈⋈⋈⋈⋈⋈⋈⋈⋈⋈⋈⋈⋈⋈≻∋⋈⋈⋈⋈⋈⋈⋈⋈⋈⋈⋈⋈⋈⋈⋈⋈⋈⋈⋈⋈≻
0x3ecac3	⊢⋈⋈⋈≻
0x3ecae0	⊢⋈⋈⋈⋈⋈⋈≻
0x3eb7a0	⊢⋈⋈⋈≻
0x3ea1c0	⊢⋈⋈⊞⋈⋈⋈⋈⋈⋈⋈≻
0x447750	⊢⋈⋈⋈⋈⊙⋈⊞⊡∈⊤∈⋈≻⋈⊞∈⊙≺∋⊞⋈⋈⊣
0x441970	⊢⋈⋈⋈⋈⋈⊞⋈⊤∈⋈⊞⋈⋈⋈⋈≺⋈⋈⋈⊙⋈⊞⋈⋈⋈≻⊤∈⋈⋈⋈⋈⊞≻⊤∈⋈⋈⋈⊙⊞⋈⋈⋈⋈⋈⋈⋈⋈⋈⋈⋈⊙⊤∈⊙⋈⊞⊞≺⋈⋈⋈⊙⋈≺⋈∋⋈⋈≺∋∋⊞⋈⋈⋈⋈⊣
0x448650	⊢⋈⋈⊤∈⋈⊞⊙⊙≺∋⊞⋈⊣
0x41efb0	⊢⊤⊥⊣
0x40e440	⊢⊤⋈⊥⊤∈⊞⊞∈⋈⊞⊡⋈⊥⊤∈∋⊤∈⋈⊞∈⊤∈⊞⊡⋈⊥∈∋∋∋⊞⊞∈⊤∈⊤⋈∈∋∋⋈⋈⋈⋈≻∋⊣
0x409ac1	⊢⋈⋈⋈⊞⋈⊤∈⊞⊞⊤⊥⋈≺⋈⊤∈⋈⋈⊞⊤∈⊞⊤∈⋈⊤∈⋈⋈⊤∈⋈⋈≺∋⋈⊞⊞∈⋈⊡⋈⊞⋈⋈⊞⋈⋈⊤∈∋⊤∈⋈⊤∈⋈⊤∈⋈≻∋⋈⋈⊞⋈≺⊤∈⋈⋈≺⋈⋈⊙⊤∈⋈⋈≻⋈⋈⋈⋈⋈⋈⊞⋈⋈⋈⋈⋈⊞⊞⊞⋈⋈⊞≻⊤∈⋈⋈≺⊤∈⋈⊞⋈⋈≺∋∋⋈⋈⋈⋈⋈≻⋈⊤∈⋈⋈⊤⋈∈⊞≺⊤∈⋈⊞⋈∈⊤∈⊞⋈⊞⊤⋈∈∋⊤∈∋⋈⋈≺∋∋∋⋈⊞⊤∈⊤∈⋈⋈⋈≻⋈⋈⋈≺⊤∈⊞⋈⋈≻⋈⋈≻⋈⋈⋈≺⊤⋈∈⊤∈⋈≺∋∋∋∋∋∋⋈⋈⋈⋈⋈⋈⊞⋈⋈⋈⋈⋈⋈⊣⋈⋈⋈⋈⋈⋈≺⋈⋈⋈⋈⋈⊤∈⋈⋈⊤∈⊤∈⋈∋⊤∈⋈≺∋⊤∈∋⋈⊞⋈⋈⋈⋈⋈⋈⊞≻≺∋⊤∈⋈⋈⋈⋈≻≺∋∋⋈⋈⋈⋈⋈⋈∋∋∋∋∋∋∋∋⊞⋈⋈⋈⊣
0x40bc23	⊢⋈⋈⋈⋈⋈⊞⋈⋈⊤∈⋈⋈⋈⋈⋈⊤∈⋈⊤∈⋈⋈⋈≻⊤∈⋈⋈≻⋈⋈⋈⋈⋈⋈⊞⋈⋈⋈⊤∈⋈⋈⊤∈⊤∈⊤∈⊤∈∋⋈⋈⋈⊞∈⋈⋈⋈⋈≺⋈⋈⊤∈⋈⋈⋈≺∋⋈⋈⋈⋈≻⋈⋈⋈≺⋈⊞⊤⋈∈⊤∈⋈≺⋈⊤∈⋈⋈⊞⊥⊞⊤⊥⊞∈⊤∈⋈⋈⋈⋈≻⊤∈⋈⋈⋈≺⊞∋⋈≺⋈⋈≺⋈≺⋈⋈⊞⊤⋈∈⊤∈⋈≺⋈⊤∈⋈⋈⊞⊥⊞⊤⊥⊞∈⊤∈⋈⊞⋈⋈⋈⋈≻⊤∈⋈⋈⋈≺∋⋈⋈⊙⊞∋⋈∈⋈≻∋⋈⊞⊞∋∋⋈⊤∈⋈⋈⋈⋈≺⋈⋈⊤∈⋈⊞⊞⋈⋈⋈≺∋∋⊤⊥⊞⊤∈⊞∈⊤∈⊞⊤⊥⊞⋈⊤⋈∈∋⊥⊞≺∋∋⊤∈⋈⋈⋈⋈≺⋈⊤∈⋈⊤∈⊤∈⋈≺⊤∈⋈⋈⊞⊥⊞⊤⊥⊞∈⊤∈⋈⋈⋈⋈≻⋈⊤∈⋈⋈≺∋⋈⋈⋈⊙⋈⊞∋∋⋈≻∋⋈⊞∋⋈⋈⊙∋∋∋⋈⋈⋈⋈⋈⋈≺∋∋∋⋈⋈⋈⋈⋈⋈≻⋈⋈⋈⋈⋈⋈⋈⊤∈⊤∈⋈≺⊤∈⋈⋈⊞⊥⊞⊤⊥⊞∈⊤∈⋈⋈⋈⋈⋈≻⊤∈⋈≺∋⋈⋈⋈⋈⊙⋈⋈⊞∋⋈≺∋⋈⋈⋈≺∋∋∋⋈⋈⋈⋈⋈⋈≻⋈⋈⋈⋈⋈⋈≺∋⋈∋≻⋈⋈≺⋈≺∋∋∋⋈⋈⋈≺∋⋈≺∋∋⊞⋈⋈⋈⋈⋈⋈⊣⋈⋈⋈⋈⊙⋈⋈⋈⊤∈⋈∈⊤∈⊞⋈⊞⊤⋈∈∋⊤∈≺∋⋈⋈⊞⊤∈⊤∈⋈⋈⋈⋈⋈≻⋈⋈⋈⋈≺⊤∈⊞⋈⋈≻⋈⋈⋈⊞∈⊤∈≺⋈⋈⋈⋈≻⋈⋈⋈≺∋∋∋⊤∈⋈⋈⋈⋈⋈⋈⋈⋈⊞⋈⋈⋈⋈⋈≺∋∋∋⋈⋈⋈⋈⋈⋈⋈⋈⋈≺∋⋈∋∋⋈⋈⋈⋈≺∋⊞⋈⋈⋈⋈⋈⊣
0x409e5d	⊢⋈⋈⋈⋈⋈⋈⊞⋈⋈⋈⋈∈⊤∈⊞≺⊤∈⋈⊞⊞∈⊤∈⋈⊞∈⋈≺⋈⊞⋈⋈⋈⊤∈⋈⊞⊞≺∋⋈≺∋∋⊤∈⊞≺⊤∈⋈⊞⊞∈⊤∈⋈⊞∈⋈⋈⊞⋈⋈⋈⊤∈⋈⊞⊞≺∋⋈≺∋∋⊤∈⋈⋈⋈⋈⋈⋈≺∋⊤∈⊤∈⋈⊞⋈⋈⋈⊞⋈⋈∈⋈⊞∈⋈⊤∈⊤∈⋈⋈≺⊤∈⊞⋈⋈⊞⊞⊞∈⋈⊡⊞⊞⊞⋈⋈⊞⊞⋈⊤∈∋⋈⋈⋈≺∋⊤∈⋈⋈⋈⊡∈⋈⋈∈⊤∈⊞⊡⋈⊥∈∋∋∋⊞⊞⊞⊞⊤∈≺∋⋈⊤∈⊤⋈⋈⋈∈⋈⋈⊞⋈⊞⊞⊤⋈⊥⋈⊞⊤⊥⋈⊞⊤⊥⋈⋈⋈⋈≻⋈⋈⋈⊞⋈∈⋈⊞⋈⋈≻⋈⋈⊞⋈⋈≻⊤∈⋈⋈⋈⋈≻⋈⋈⋈⊞∈⋈⋈⋈⋈≻⋈⋈⋈⋈≻⋈⋈⋈⋈⋈≻⋈⋈⋈⋈≻⋈⋈⋈≻⋈⋈⋈≻⋈⋈⋈⊤∈⋈⊤∈⊤∈⋈⊤∈⋈⊤∈∋⊞≺≺∋∋∋∋⋈⋈⋈⋈≻⋈⋈⋈≻⋈⊤∈⋈⊤∈⋈⊤∈⊤∈⊤∈∋⊞⋈≺∋∋∋∋⋈⋈⋈⋈≻⋈⋈⋈≻⋈⋈⋈⋈⋈⋈⋈⋈⋈⋈⋈⋈⋈⋈≻⋈⋈⋈⋈⋈⋈⋈⋈⋈⋈⋈⋈≻⋈⋈⋈⋈⋈⋈⋈⊤∈⋈⊤∈⋈⊤∈⊤∈⊤∈∋⊞⋈≺∋∋∋∋⋈⋈⋈⋈≻⋈⋈⋈≻⋈⊤∈⋈⊤∈⋈⊤∈⊤∈⊤∈∋⊞⋈≺∋∋∋∋⋈⋈⋈⋈⋈⋈≻⋈⋈⋈≻⋈⋈⋈⋈⋈⋈⋈⋈⋈⋈⋈⋈⋈≻⋈⋈⋈⋈⋈⋈⋈⋈≻⋈⋈⋈⋈⋈⋈⋈⋈≻⋈⋈⋈⋈⋈⋈⋈⋈⋈≻⋈⋈⋈⋈⋈⋈⋈⋈⋈⋈⋈⋈⋈≻⋈⋈⋈⋈⋈⋈⋈⋈≻⋈⋈⋈⋈⋈⋈⋈⋈≻⋈⋈⋈⋈⋈⋈⋈≻⋈⋈⋈⋈⋈⋈⊤∈⋈⊤∈⋈⊤∈⊤∈⊤∈∋⊞⋈≺∋∋∋∋⋈⋈⋈⋈⋈≻⋈⋈⋈⋈≻⋈⋈⋈⋈⋈≻⋈⋈⋈⋈⋈⋈⋈⋈⋈≻⋈⋈⋈⋈⋈⋈⋈≻⋈⋈⋈⋈⋈⋈⋈≻⋈≻⋈⋈⋈⋈⊤⋈⊥⋈⊞⊤∈⊤⋈⊥⊤∈⊤⋈⊥⊤∈∋⋈⋈⊞⋈≻≺∋⊤∈⋈⋈⋈⋈⋈≻≺∋∋⊤∈⋈≻∋⋈⋈⋈⋈⋈⋈⋈⋈≻⋈⋈⋈⋈⋈⋈⋈⋈≻⋈⋈⋈⋈⋈⊤∈⋈⊤∈⊤∈⊤∈⊤∈∋⋈⋈⋈⋈⋈⋈⋈≻⋈⋈⋈⋈⋈⋈≺∋⋈⊤∈⋈⋈≺⊤∈⋈⊞⋈⋈≺∋∋⋈⋈⊤∈⋈⋈≺⊤∈⋈⊞⋈⋈≺∋∋⊤⊥⊞⊤∈⊞∈⊤∈⊞⊤⊥⊞⋈⊤⋈∈∋⊥⊞≺∋∋⊤∈⋈⋈⋈⋈≺⋈⊤∈⋈⊞⋈⋈⋈⋈⋈⋈⋈≻⋈⋈⋈⋈⋈⋈∋⋈⋈⋈⋈⋈⋈⋈⋈⋈≻⋈⋈⋈≺∋≻⋈⊞⋈⋈⋈⋈⋈⋈⋈⋈⋈≺∋⋈≺⋈⋈⋈⊤∈⊤∈⋈≺⋈⊤∈⋈⋈⊞⊥⋈⊞⊤⊥⊞∈⊤∈⋈⊞⋈⋈⋈⋈⋈≻⋈⊤∈⋈⋈⋈≺∋⋈⊙⋈⋈≺⋈≺∋∋∋⋈⋈⋈⋈⋈∋⋈⊤⋈∈⋈⋈⋈≻∋∋⋈≻⋈⋈⋈⊤⋈⊥⋈⊤∈⊤⊥⊤∈⊤⊥⊤∈∋⋈⋈⊞⋈≻⋈≺∋⊤⋈∈⋈⋈⋈⋈⋈≻≺∋∋⊤∈⋈≻∋⋈⋈⋈⋈⋈⋈⋈≻⋈⊤∈⊤∈⊤∈∋⋈⋈⋈⋈⋈⊞⋈≻∋⋈⋈≻≺∋⋈⋈⋈⋈⋈≻⋈⋈⋈⋈≻⋈⋈⋈⋈⋈≻⋈⋈⋈⋈⋈⊤∈⋈⊤∈⊤∈⊤∈⊤∈∋⋈⊤∈⋈⋈≺⊤∈⋈⊞⋈⋈≺∋∋⊤∈⋈⋈≺⊤∈⋈⊞⋈⋈≺∋∋⊤⊥⊞⊤∈⊞∈⊤∈⊞⊤⊥⊞⋈⊤⋈∈∋⊥⊞≺∋∋⊤∈⋈⋈⋈⋈≺⋈⊤∈⋈⋈⋈⋈⋈⋈⋈⋈≻⋈⋈⋈≺⋈⋈⋈⋈⋈⋈⋈≻∋⋈⋈⋈⋈⋈⋈⋈≻≺∋⋈⋈⋈⋈⋈⋈⋈∋≻⋈⋈≺⋈⊤∈⊤∈⋈⋈≺⋈⊤∈⋈⋈⊞⊥⋈⊤⊥⊞∈∋⊞∋∈⋈⋈≻∋⊤∈⋈⊞⋈⋈⋈⋈⋈≻⋈⊤∈∋⋈⋈⋈≺∋⋈⊙⋈⋈⋈≺⋈⋈≺∋∋∋⋈⋈⋈⋈⋈⋈∋⊤⋈⋈∈⋈⋈⋈≻⋈⋈⋈⋈⋈≺∋∋∋⋈⋈⋈⋈⋈⊤∈⋈⋈⋈≻∋⋈⋈⋈⋈⋈⋈⋈⋈≻⋈⋈⋈⋈⋈⋈⋈⋈⋈⋈⋈⋈⋈∈⋈⊞⋈⋈⊤∈⊞⋈⊞∈⋈≺⊤∈⋈⋈⋈≺⊤⋈∈⋈⊞⊞⋈⋈≺∋∋⋈≻≺⊤∈⊞⋈⊞∈⋈≺⊤∈⋈⋈⋈≺⊤⋈∈⋈⊞⊞⋈⋈≺∋∋⋈≻∋∋⊞⊤∈∋⋈⊤∈⋈⋈⋈≻∋⋈⊤∈⋈⋈⋈≻∋⋈⊤∈⋈⋈⋈≻∋⋈⊤∈⋈⋈⋈≻∋⋈⊤∈⋈⋈⊞⊞∈⋈⊞⋈⋈⊞⋈⋈⋈⋈⊞⊞⋈⋈⊞⋈≻⋈⋈⋈⋈⊞⊤∈⋈⋈≺⊤∈⋈⊞⋈⋈≺∋∋⋈⋈⋈⋈⋈≻⋈⊤⋈∈⋈⋈⊤∈⊞⋈≺⊤⋈∈⋈⊞⋈∈⊤∈⊞⋈⋈⊞⊤⋈∈∋⊤⋈∈∋⋈⋈≺∋∋∋⋈⊞⊤∈⊤∈⋈⋈⋈≻⋈⋈⋈⋈⋈⋈≺⊤∈⊞⋈⋈≻⋈⋈≻⋈⋈⋈≺∋⋈⊤⋈∈⊤∈⋈≺∋∋∋∋∋⋈⋈⊞∈⋈≺⋈⋈⋈⊤⋈⊥⊤∈⋈⋈⋈≺∋⋈⋈≻⊞⋈⊞∈⋈⋈∋⋈⋈≻∋⋈⋈⋈⋈⋈⋈≻⋈⋈⋈⋈⊤⋈⋈⋈⊥⊤∈⋈⋈⋈⋈⋈≺∋≻⊞⋈⋈⊤⊥⋈⋈⋈≻⋈⊤⋈⊥⊤⋈∈⋈⋈⋈≺∋⋈⋈⋈⋈≻⋈⊤⋈⋈∈⋈⋈⊤⋈⋈∈⊞≺⊤∈⋈⊞⋈∈⊤∈⊞⋈⋈⊞⊤⋈∈∋⊤⋈∈∋⋈⋈≺∋∋∋⋈⊞⊤∈⊤∈⋈⋈⋈⋈≻⋈⋈⋈⋈⋈⋈⋈≺⊤∈⊞⋈⋈⋈≻⋈⊤⋈∈⋈⋈⋈≺⋈⋈⋈⋈≻⋈⋈⋈⊞≺∋⋈⋈⊤⋈⋈∈⊤∈⋈⊞≺∋∋∋∋⊤⋈⊥∋∋⋈⋈⋈≻⋈⊤⋈⊥⊤∈⋈⋈⋈≺∋⋈⋈≻⋈⋈⋈⋈⋈⋈⋈≻⋈⋈⋈⋈⋈⋈⋈⋈⋈⋈⋈≻⋈⋈⋈⋈⋈⊤⋈∈⊤∈⊤∈⊤∈⊤∈∋⊞⋈⋈⊤⊥⋈⋈⋈≻⋈⊤⋈⋈⊥⋈⊤⋈∈⋈⋈⋈≺∋⊤∈⋈⋈≺⊤∈⋈⊞⋈⋈≺∋∋⊤∈⋈⋈≺⊤∈⋈⊞⋈⋈≺∋∋≻⋈⊤∈⋈⋈⊤∈⊞≺⊤∈⋈⊞⋈∈⊤∈⋈⊞⊤⋈∈∋⊤∈≺⋈⊤∈⊤∈⋈≺∋⊤∈⋈⋈≺⊤∈⋈⊞⋈⋈≺∋∋⊤∈⋈⋈≺⊤∈⋈⊞⋈⋈≺∋∋⋈⋈≻≺⋈⊞⋈⋈⋈⋈⋈⋈⋈⋈⋈⋈⋈≻⋈⊞∈⋈⋈⋈⋈≻∋⋈≺∋∋∋∋⋈⋈≻∋⋈⋈⋈⋈≻∋⋈⊞⋈⊞≻∋⋈⋈⋈⋈≻∋⋈⋈≺∋∋⋈≻∋⊞∋⋈⋈∋∋∋⋈⊞⊤∈⊤∈⋈⋈⋈⋈≻⋈⋈⋈⋈⋈⋈≺⊤∈⊞⋈⋈⋈≻⋈⊤⋈∈⋈⋈≺⋈≺⋈⋈⋈≻⋈⋈⋈∋⊞∋∋∋∋⊤⋈⊥∋∋⋈⋈⋈≻∋∋∋⋈⊤∈⋈⋈⋈≻∋⋈⊤∈⋈⋈⋈≻∋⋈⊤∈⋈≺∋⋈⋈≻∋∋∋∋∋∋⊞⋈⋈⋈⋈⋈⋈⊣⊞⋈⋈⋈⊞⋈⋈≺∋
0x40dfdf	⊢⋈⋈⋈⋈⋈⋈⊞⋈⋈⋈⋈⊤⊥⋈⊞⊥⊞∈⊤∈⋈⋈∈⊤∈⊞⋈⊞⊤⋈∈∋⊤∈⋈≺∋∋∋⋈⊞∈⊤∈⋈⋈∈⊤∈⊞⋈⊞⊤⋈∈∋⊤∈⋈⊞⋈≻∋⋈⊞⋈≻⋈≺∋∋∋⊤⊥⊞⊤∈⋈∈⊤∈⊞⊤⊥⊞⋈⊤⋈∈∋⊥⊞≺∋∋⊤∈⋈⋈⋈⋈≺⋈⋈⊤∈⋈⋈⊞⊥⊤⊥⊞∈⋈⋈⊞⊥⊤⊥⊞∈∋⊞⋈⊤∈⋈⋈⋈⋈≻⋈⋈⋈⊤∈∋∈⋈≻∋⋈⊤∈⋈⋈⋈⋈≻⋈⋈⋈⊤∈∋≺∋⋈⋈⋈⊙⋈⋈⋈⋈≻⋈⋈⋈⋈⊤∈⊞≺⊤∈⋈∈⊤∈⊞⋈⊞⊤⋈∈∋⊤∈∋⋈⋈≺∋∋∋⋈⊞⊤∈⊤∈⋈⋈⋈⋈≻⋈⊞⋈⋈⋈≺⊤∈⊞⋈⋈≻⋈⋈⋈≻⋈⋈⋈≺∋∋∋⋈⋈⋈⋈⋈⋈⋈⋈≺∋⋈⋈⋈⊙⋈⋈⋈⋈≻⋈⋈⋈⋈⊤∈⊞≺⊤∈⋈∈⊤∈⊞⋈⊞⊤⋈∈∋⊤∈∋⋈⋈≺∋∋∋⋈⊞⊤∈⊤∈⋈⋈⋈⋈≻⋈⊞⋈⋈⋈≺⊤∈⊞⋈⋈≻⋈⋈⋈≻⋈⋈⋈≺∋∋∋⋈⋈⋈⋈⋈⋈⋈⋈≺∋∋⊞⋈⋈⋈⋈⋈⋈⊣
0x40db97	⊢⋈⋈⋈⋈⋈⋈⊞⋈⋈⋈⋈⋈⊤∈⋈⋈⋈⊤∈⋈⋈⋈⋈⋈≻≺∋⋈⋈⋈⋈⋈⋈⊤∈⋈⋈⋈⋈⋈⋈≺⋈⋈⋈⊤∈⋈∋⊤⋈∈⋈⋈≺∋⋈⊞⊞⋈⋈⊞⊥⋈⊤⊥⊞∈⊞∈⋈⋈≻∋⋈⋈⋈⋈≻⊤∈∋⋈⋈⋈⋈⋈⊞≻⊤∈⋈⋈⋈⋈≺⊤⋈⋈∈⋈⊞⊞⋈⋈≺∋∋⋈⋈⋈≻⋈⋈⋈⋈⋈⊤∈⋈⋈⋈⋈⋈⊞⊤∈≺∋⊤∈⋈⋈≺⊤∈⋈⊞⋈⋈≺∋∋⋈⊞⊤∈⋈⋈⋈≻∈⊞⋈⊞⋈⋈⊞⊞∈⋈⋈⋈⋈⊞⋈⊞⊞⋈⊞⊤∈∋⊤∈⋈⊤∈⋈⊤∈⋈≻∋⋈⋈⊞⋈≺⊤∈⋈⋈⋈⋈⊙⊤∈∋⋈⋈≻⋈⋈⋈⋈⋈⋈≺∋∋∋∋⊤⊥⋈⋈⋈⋈⋈⋈⋈⊞⊤⊥⊞∈∋⋈⋈⋈≻∋∋∋⊞⋈⋈⋈⋈⋈⋈⊣
0x40d67e	⊢⋈⋈⋈⋈⋈⋈⊞⋈⋈⋈⋈⋈⊤⋈⊥⋈⊞⊤∈⋈⋈≺∋⊤∈⊤∈⊞⊤∈⋈⊞∋⋈⋈⋈≺⋈⋈⋈≺⊤∈⋈⋈⋈⋈⋈⊤∈⋈⋈⊞∈⋈⋈⊤∈⊤∈⋈⋈⋈⊙≺⊤∈⊤∈⋈≺⊤∈⋈⋈≺⊤∈⋈⊞⊞⋈⋈≺∋∋⋈⊞∈⋈⋈⋈≻∋⋈⋈⋈≻∋⋈⊞⋈⋈≻⋈⋈⋈⋈⋈⋈⊞∈⋈⊤∈⊤∈⋈≻∋⋈⋈⋈⋈⊤∈⋈⋈⋈≺⋈⋈≺∋⊡∈⋈⊞⋈⋈∈⊤∈⋈⋈⊤∈⋈⊤∈⋈≻∋⋈⋈⊞⋈≺⊤∈⋈⋈⋈⋈⊙⊤∈⋈⋈≻⋈⋈⋈⋈⋈≺∋⋈≺⊞⊡⋈⊥∈∋≺∋∋∋∋∋⋈⋈⋈⊣⋈⊤∈⋈⋈⋈⋈≺⊤∈⋈⋈⊞⊥⋈⊤⊥⊞∈⊤∈⋈⋈⋈⋈≻⋈⋈⊤∈≺∋⋈⋈⋈⋈⊙⋈⋈⋈⋈⋈≺⊞∋⋈≻∋⊤∈∋⊞∋⋈≺∋⋈⊞⊤∈⊤∈⋈⋈⋈⋈⋈≻⋈⋈⋈≺⊤∈⊞⋈⋈≻⋈⋈⋈⋈≻⋈⋈⋈≺∋∋∋∋∋⋈⋈⋈⋈⋈⋈⋈⋈⋈≺∋∋∋⊤∈⊤∈⋈⊤∈⋈⊞⊤∈⊞⋈⋈≺∋⋈⊞⊞⋈⊞⋈⊞∈⋈⋈⋈⊞⋈⊞⊞⋈⋈⊞∈∋⊤∈⋈⊤∈⋈⊤∈⊞⋈≺⋈≺∋⋈⊤⊥⊤⊥⋈∋∋∋∋∋⋈⋈⋈⋈⋈⋈∋∋⊞⋈⋈⋈⋈⋈⋈⊣
0x40ec9a	⊢⋈⋈⋈⋈⋈⊞∈⋈⋈≺∋⊤∈⊤∈⊞∈⋈⋈⊤⊥⋈⊞⊥⊞∈⋈⊡⊞⊞⊞⊤∈∋⊞≺⊤∈⊞≺⋈⊡⊞⊞⊞⋈⋈≺∋⋈⊞⊞∈⋈⊞⋈⋈⊞⊤⋈⊥⊤∈⊤∈⋈⊞∋⋈⋈⊞⊞⊞∋⊤∈⋈⊞⋈⊞⊞⊤⊥⊞∋⊞⊞⊞∈∋⊞∈⊤∈⋈⊤∈∋⋈⊞⊞≻⋈⋈⋈⋈⋈⋈⊞⋈⋈⋈⋈⋈⊤⊥⋈⋈⋈⊞∈⊤∈∈⋈⋈⋈≻∋⊤∈∋∋⋈⋈⊤⋈⊥⋈⊤∈⊤∈⊤∈∋⊤⋈∈⋈⊤⋈∈⋈⊤∈⊞∋⊤∈⋈⋈≺⊤∈⋈⊞⊞⋈⋈≺∋∋⊤⋈⋈∈⋈⋈≺⊤∈⋈⊞⋈⋈≺∋∋⊤⊥⊞⊤∈⊞∈⊤∈⊞⊤⊥⊞⋈⊤⋈∈∋⊥⊞≺∋∋⊤∈⋈⋈⋈⋈⋈≺⋈⊤⋈∈⊤∈⋈⋈⋈⋈⋈⋈≻⋈≺∋⋈⋈⋈⋈⋈⋈⋈⋈⋈⋈⊞⊤∈≺⊤∈⋈⊤∈⋈⋈⊞⊤∈⊤∈∋∋⋈≻⋈≺∋⋈⋈⋈⊞⊞∈⋈≻⋈⊞⊤⋈∈⋈⊤⋈∈∋⋈⋈⊤∈⊤∈⋈∋⊤∈⋈≺∋⊤∈∋⊞⊞⊤⊥⊥⋈⋈⋈⋈⋈≻∋⊤∈⋈⋈⋈⋈⋈≻≺∋⋈≺∋⋈⋈⊤∈⋈⋈⊤∈⊤∈⋈∋⊤∈⋈≺∋⊤∈∋⊞⊞⊤⊥⊥⋈⋈⋈⋈⋈≻≺∋⊤∈⋈⋈⋈⋈⋈≻≺∋∋⋈⋈⋈⋈≻⋈⋈⋈⋈⋈⋈⋈⋈⋈⋈⋈⊤⋈⊥⊤∈⊤⊥⊤⋈∈⊤⊥⊤⋈∈∋⊞⊞⊤⊥⊥⋈⋈≻≺∋⊤∈⋈⋈⋈⋈⋈≻≺∋∋⋈⋈⋈⋈⋈⋈⋈⋈⋈⊤∈⋈⊞⋈≺∋⋈⊤∈⋈⋈⋈⋈⋈⋈⋈⋈≻≺∋⊤∈⋈⋈⋈⋈≻⋈⋈⋈⋈⋈⊞⊤⊥⋈⋈⋈⊞⋈⊤∈⋈≺∋⋈⋈≻⋈⋈⋈⋈⋈⋈⋈⊞⋈⊤∈⋈≺∋∋⋈⋈∋⋈⋈⋈∋⋈⋈⋈⊞⊤∈⋈⋈⋈⋈≻∋⊤∈∋∋∋∋∋∋⊞⋈⋈⋈⋈⋈⋈⊣⋈⋈⋈⋈≺∋⊞⋈⋈⋈⋈⋈⋈≺⊞≺∋⋈≺∋∋∋∋⊞⋈⋈⊣
0x41479c	⊢⋈⋈⋈⋈⋈⋈⊞⋈⋈⊤∈⋈⋈⋈⊞⋈⋈⋈⋈⊞∈⋈⊤∈⋈⋈⊞⋈⋈⋈⋈⋈⋈⋈⋈⋈⋈≻⋈⋈⋈⋈⋈⋈⋈⋈⊤∈⋈⋈≺⊤∈⋈⊞⋈⋈≺∋∋⋈⋈⊤∈⋈⋈⋈⋈≺⋈⊤∈⋈⊞⊞⋈⋈⋈≺∋∋⊤∈⊞∈⊤∈⊞⊤∈⋈⊤⋈∈∋∋∈∋⋈⋈≺∋⋈⊤∈⋈⋈≺⊤∈⋈⊞⋈⋈≺∋∋⋈⊤∈⋈≺⊤∈⋈⊞⊞⋈⋈≺∋∋⊤∈⊞∈⊤∈⊞⊤∈⋈⊤⋈∈∋∋∈∋⋈⋈∋⋈≻∋⋈⋈⋈≻∋⊞⋈⋈⋈⋈⋈⋈⋈⋈⋈⋈⋈⋈≻⋈⋈⋈⋈⋈⋈⋈⋈⋈≻⋈⋈⊤∈≺⋈⊤∈⋈⋈⋈⋈⋈⋈∈⊤∈⊤⋈∈⋈⋈⋈⋈⋈⋈⋈≻⋈⋈⋈⋈⋈⋈⋈⋈⋈⋈∈⋈⊞⋈⊤∈⋈≻⋈≺∋⊞⋈⋈⊞⋈⋈⊞⋈⋈⊞∈∋≺⋈⋈⊤⋈∈∋⋈⊤⋈⋈∈≺∋∋⋈⊞⊞≻⋈⋈⋈⋈⋈⋈⊞⊤∈⋈⋈⊞≺⊤∈⋈⊞⋈⋈≺∋∋⋈⊤∈⋈⋈⊞⋈⋈≺⋈⊤∈⋈⊞⊞⋈⋈⋈≺∋∋⊤⊥⊤∈⊞∈⋈⊡⊞⊤∈∋∋⋈⊤∈⋈∋⋈⊤∈⋈⋈≺∋⊤∈⊤∈⋈≺⊤∈⋈⊞⊞⋈⋈≺∋∋⊤∈⋈⋈≺∋⊤∈⋈⋈⋈≻⋈⋈⋈≻∋⋈⋈⋈⋈⋈⋈⋈⊣⋈⊤∈∋⊞⋈≺⋈⋈⋈⋈⋈⋈≺∋∋⋈⋈⊤∈⋈∈⋈⊞⋈⊤∈⋈⋈≻⋈≺∋⊞⋈⋈⋈⊞⋈⋈⊞⋈⊤⋈∈∋≺∋⋈⋈⋈⊤∈⋈⋈⋈≻⋈⋈∋⋈∋⋈⋈∈⊤∈⋈⋈⊤⊥⊞∈∋⋈⋈⋈≻∋∋⊞⋈⋈⋈⋈⋈⋈⊣⊤∈⋈≻≺∋⋈⋈⊞⋈≺∋
0x409a61	⊢⊤∈⋈⋈⋈⋈≻⊤∈⊞⊞∈⋈⊞⊡⋈⊥⊤∈∋⊤∈⊞⊞∈⊤∈⊞⊡⋈⊥∈∋∋∋∋⊣
0x40f3ff	⊢⋈⋈⋈⋈⋈⋈⊞⋈⋈⋈⋈⋈⊤⋈⊥⊞⊤⋈∈⋈⊤∈⊤∈⋈⊤∈⋈⋈⊞⋈⊞⋈⊞⋈⊤⊥⋈⋈⋈⋈⋈≻⊤∈⋈⋈⋈⋈⊙⋈⋈⋈⋈⋈⋈⋈≻⋈⋈⋈⋈⋈⋈⊤∈⋈⋈⋈⋈≺⋈⊤⋈∈⋈⊞⋈⋈≺∋∋⋈⋈⋈⋈⊤∈⋈∈⊤∈⋈⊤⋈∈∋∋∈∋⋈⊤⋈⋈⋈⋈⋈∈⊤∈⋈≺⋈⊤∈⋈⋈⊞⊥⋈⊤⊥⊞∈⊞∈⋈⋈≻∋⊤∈⋈⊞⋈⋈⋈⋈≻⊤∈∋⋈⋈⋈≺∋⋈⋈⊙⋈⋈⋈≺⋈≺∋∋∋⋈⋈⋈⋈⋈⋈⋈≻⊤∈⋈⋈⋈⋈⊙⋈⋈⋈⋈⋈⊞⋈⋈⋈⋈⋈⋈≻⋈⋈⊤∈⋈⋈⋈≻⋈∋⋈⊤∈⋈⋈⋈≻⋈⋈⋈⋈⋈⋈⋈⋈⋈⋈⋈⋈≻⊤∈⋈⋈⋈⋈⊙⋈⋈⋈⋈⋈⋈⋈⋈≻≺∋⋈∋⊞⊤∈⋈⋈⋈⋈≻≺∋∋∋⊤∈⋈⋈⋈⋈⋈⋈≻⋈≺∋⊤∈⋈⊤∈⊤∈⋈⋈⊤∈⋈⋈≺∋⋈⋈⋈⋈⊞⋈⋈⊞≻⊞⋈∈⋈⋈⋈⋈⋈⋈⊞⋈⊞⊤⊥⋈⋈⋈⋈⊞⋈⋈∈⋈⊤∈⋈⊞⊥⋈⋈⊞⊥⊞∈⋈⋈⊤∈⋈⋈⋈⋈⋈⊤∈⊞⋈⊞⊥∈⋈⋈⊞⋈⊞⋈≺∋∈⋈⊞⊤⋈⊞∈⊞⊞⊞∈∋∋∋⊞⋈⊞∈⋈⋈⋈⋈⋈≻∈⋈⊞∈⋈⊡⊞⊞⊥⊞⊞⊞⋈⋈⋈⊞⊤∈∋⊞⊤⋈∈⋈⊤⋈∈∋⋈⋈⋈⋈≻∋⊤∈∋⋈⋈⊞≻∋⋈⊤∈∋⋈≻≺∋⋈∋⋈≺∋⋈⋈≻⊞⊞⊞∈⋈⊞⊡⋈⊥⊤∈∋⊤⋈∈⋈⋈∈⊤∈⊞⋈⊡⋈⊥∈∋≺⋈≺∋⋈∋∋∋⊤∈⋈⋈⋈⊤⋈∈∋⊤∈⋈⋈⊞⊡⊤∈∋⋈⊤⋈∈⋈⋈⋈⊤⊥⋈⊞⊤⊥⊞⊤⋈∈⊤∈⋈⋈⋈⋈≺⊤∈⊞⋈⋈≺⋈⋈⋈≺≺∋⊞∋⋈⋈⋈⋈≻∋⋈⋈≻∋∋⋈⋈≻⋈⋈⋈⋈⋈⋈⊞⋈⋈⋈⋈⊞∈⋈⋈⋈⊞∈∋⋈⋈⋈⋈⋈⋈⋈≺⋈⋈⋈⊤∈⋈⋈⋈⋈⊤∈⋈≺⊤∈⋈⋈⊞⊥⋈⊤⊥⊞∈⊞∈⋈⋈≻∋⊤⋈⋈∈⋈⋈⋈⋈⋈≻⋈⋈⋈⋈⊤∈∋≺∋⋈⋈⋈⊙⋈⋈⋈⋈⋈⊤∈⋈⋈⋈⋈∈⊤∈⊞⋈⊞⊤⋈∈∋⊤∈∋⋈⋈≺⋈⋈⋈≺∋∋⋈⊞⊤∈⊤∈⋈⋈⋈⋈⋈≻⋈⋈⋈⋈⋈⋈≺⊤∈⊞⋈⋈≻⋈⋈⋈⋈≻⋈⋈⋈≺∋⋈⋈⋈⋈⋈⋈≺∋∋∋∋∋⊤∈⋈⋈∋⊤∈⋈⊞⋈∈⊤∈⊞⋈⊞⊤⋈∈∋⊤∈∋⋈⋈≺∋∋⋈⊞⊤∈⊤∈⋈⋈⋈⋈≻⋈⋈⋈≺⊤∈⊞⋈⋈≻⋈⋈≻⋈⋈⋈≺∋∋∋⋈⋈⋈⋈⋈⋈⋈⋈⋈⋈∋⊞⋈⋈⋈⋈⋈⋈⊣∋⊤∈∋⋈⋈⊤⋈∈⊞≺⊤∈⋈⊞⋈∈⊤∈⊞⋈⊞⊤⋈∈∋⊤∈∋⋈⋈≺∋∋∋⋈⊞⊤∈⊤∈⋈⋈⋈⋈∋≻⋈⋈⋈⋈≺⊤∈⊞⋈⋈∋≻⋈⋈⋈∋≻⋈⋈⋈≺∋⋈⋈⋈⊤⊥⊤⊥⋈⋈≺∋∋∋∋⋈⊤∈⋈⋈⊤∈⊞≺⊤∈⋈⊞⋈∈⊤∈⊞⋈⊞⊤⋈∈∋⊤∈∋⋈⋈≺∋∋∋⋈⊞⊤∈⊤∈⋈⋈⋈⋈≻⋈⋈⋈≺⊤∈⊞⋈⋈≻⋈⋈≻⋈⋈⋈≺⋈⋈⊤⊥⊤⊥⋈≺∋∋∋∋⋈⋈⋈⋈⋈⋈⋈⋈⋈⋈∋∋⊞⋈⋈⋈⋈⋈⋈⊣
0x40d4cd	⊢⋈⋈⋈⋈⋈⊤∈⋈⋈⋈≻⋈⋈⋈⋈⋈⋈⊞∈⋈⋈⊤∈⊞⊞⊤∈⊞≺⋈⋈≺∋⊞∈⋈⋈⊞⋈⋈⊞∈∋⋈⊤∈⋈⋈⊤∈∋⊞⊤∈⋈⊞⋈∈⊤∈⊞⋈⊞⊤⋈∈∋⊤∈≺∋⋈⋈≺∋∋∋⋈⊞⊤∈⊤∈⋈⋈⋈≻⋈⋈⋈≺⊤∈⊞⋈⋈≻⋈⋈≻⋈⋈⋈≺⊤∈⊤∈⋈≺∋∋∋∋∋∋∋⋈⋈⋈⋈⋈⋈⋈⋈⋈⋈⋈⋈⊣
0x40698c	⊢⋈⋈⋈⋈⋈⋈⋈⊞⋈⋈⋈⋈⋈⋈⋈⋈⋈⋈⋈⋈⋈⋈⋈⋈⋈⋈⋈⋈⋈⋈⋈⋈⋈⋈⊞⋈⋈⋈⋈⋈⋈⋈⋈⊤∈⋈⋈⊞≺⋈⊞⋈⋈⊞⊤⊥⋈⊞⋈⊤⋈∈⊤⊥⊤⊥⊞⋈⊞∋⋈⋈⋈⊞⊞⊞⋈⋈⋈⋈⋈⋈⋈⋈⊤∈⊤∈⋈⊞⋈≺⋈≻⋈⋈≻⋈⋈⋈⋈≻⋈⋈⊞≻⋈⋈≻⋈⋈≺⋈≻⋈⋈≻⋈⋈⋈≻⋈⋈⋈⋈⋈⋈⋈⊞⋈⋈⋈⋈⋈⋈⋈⋈⋈⋈⋈⋈⋈⋈⊞⋈∈⋈⊤∈⋈⋈⋈⋈⋈⋈⋈⊞∈⋈⊞⊤∈∋⋈⋈⋈⊤⋈∈⋈⋈⋈⋈⋈⋈⋈⊞∈⋈⊞⊤∈∋⋈⋈⋈⊤∈⋈⋈⋈⋈⋈⋈⋈⋈⊞∈⋈⊞⊤∈∋⋈⋈⋈≺∋⋈⋈⊞⊙⊞⋈⋈≺∋⋈⋈⋈⊤∈⊤⋈∈⊞∈⋈⊤∈⊡⊞⊤∈∋∋⊞⋈⊞⊞⊞∈⊤∈⋈⊞⊤⊥⊞⊤⊥⊤∈⋈≺⊤⋈⊞⊤∈∋⊤∈⋈⊤∈⊤∈∋⋈⋈⊞∈⊤∈⋈∈⋈⋈⋈⊞∈⋈⋈⋈⊞⊞⊞⊞⋈⊞⊞⊞⊞⊞⋈⊞⊞⊞⋈⋈⋈⊞⊞⊞⋈⋈⊞⊞⋈⋈⊤∈⊞⋈⊤∈⋈⋈⋈⊞⋈∋⊞⊤∈⊞∈⊞⊞⊞⋈⊤∈⋈⊤∈⋈⋈⋈⊞⋈∋⋈⊞⊞∈∋∋⊞⊞⊞⋈⊤∈∋⋈⋈≺⋈≺∋⊤∈⋈⋈⊞⊞⋈⊞∈⋈⊞⊤∈∋∋∋⊤⋈⊞⊤∈∋≺∋⋈⊤∈⋈⋈⋈⋈≺⊤∈⋈⋈⋈⋈≺∋∋∋∋∋∋∋⊞⋈⋈⋈⋈⋈⋈⊣⊞⋈≺∋∋⋈⊞⊞⊞⋈⋈⋈⊞≺∋⋈⋈⋈⋈⋈⋈⊞⋈⊞⋈⊞⋈⋈⋈⊞⊞⊞⋈⊞⋈⊞⋈⊤⋈∈⊞⋈⊞⊞⊞⊞⊞⊞⋈⊞⊞∈⋈∈⋈⊞⋈⊞⋈⊞⋈⊞⊞⊞⊞⊞⊞∈∋⊞⋈⋈⊞⊞⊞⊞⋈⊞⊞⊞⊞⋈⊞⊞⊞⊞⋈⊞⊞⊞⊞⋈⊞⊞⊞⊞⋈⊞⊞⊞⊞⋈⊞⊞⊞⊞⋈⊞⊞⊞⊞⋈⊞⊞⊞⊞⋈⊞⊞⊤∈∋⊞⊞⊞⊞⊞⊞⊞≺∋⋈⊤∈⋈⋈⋈⋈∈⋈⊞⋈⊞⋈⊞⋈⊞⊞⊞⊞⊞⊞⊤∈∋⋈⋈⊞⊞⊞⊞⋈⊞⊞⊞⊞⋈⊞⊞⊞⊞⋈⊞⊞⊞⊞⋈⊞⊞⊞⊞⋈⊞⊞⊞⊞⋈⊞⊞⊞⊞⋈⊞⊞⊞⊞≺∋⊞⊞⋈⊞⋈⋈⊞⊞⋈⋈⊞⊞⊞⊞⋈⊞⋈⊞⋈⊞⊞⊞⊞⊞⋈⊤∈⋈⋈⋈⋈⊞⊞⋈⋈⋈⋈∈⋈⊞⊞⊞⊤∈∋≺∋⋈⊞⊞⊞⊞⋈⊞⊞⊞⊞⊞⊞⋈⋈⊤⋈∈⊤⊥⊞⊞∋∋⊞⊞⋈⋈⋈⋈⊞⋈⋈⋈⋈⋈⋈⊣⋈⋈⊞⊙
0x4089bd	⊢⋈⋈⋈⋈⊞⊤∈⊤⊥⋈⊞⊤⊥⊤∈⊤∈⋈⊤∈∋∋⋈⋈⋈≺⊤∈⊞∈⋈⋈⋈⊞∈⊤∈∋⋈⋈≻⊤∈∋⋈⊞⊞⊞∈⊤∈⋈≺∋⊞⋈⋈≻⊤∈⊤∈∋∋⋈⋈⋈≻∋⋈⋈≺∋⋈≻∋⋈⋈⋈⋈⋈⋈⋈⋈⋈⋈⊞⊥⋈⊞⊥⋈⊞⋈⊤⊥⊤∈⊤⊥⊤⊥⊞⋈⊞⊥⊤⊥⊤∈⊤∈⋈⊞⋈⊞⊞∈⋈⊞⊤∈⋈⋈⋈⊞⊤∈⋈⊤∈⋈≺⋈⋈⋈⊞⊤∈⋈≺⋈⋈⋈⊞⊤∈⋈≺⋈⋈⋈⋈⋈⊞⊞⊤∈∋⊞⊞⊤∈∋∋⋈⋈∈⋈⊤∈⋈⊤∈⋈⋈⊤∈⋈⋈⊞⋈⊤∈∋⊞⋈⋈⊞⊙≺∋⋈⊤∈⋈≺∋∋∋⋈≻⊤∈⊤∈∋∈⋈⋈⋈⋈⋈≻⋈⋈≺∋⋈≻∋⋈⋈⋈≻∋⋈⊞≺∋⋈≻∋⋈⋈⋈≻∋⋈⋈⋈⊙⋈⊞⋈⋈⊞⋈⊙⊞⊞≺∋⋈⋈⋈⋈⊙⊤⊥⋈⊤⊥⊞∈⋈⊤∈⊤∈⋈⊤∈⋈⋈⋈⋈⋈⋈∋∋∋∋⋈⊣
0x3ea5e0	⊢⋈⋈⋈⋈⋈⋈⊞⋈⊞⊞⋈⊞⋈⊞∈⊞⊞⊡∈⊞⊤⊥⊞⊞⊤∈∋⊞≺∋⊤∈⊞⋈⊞⊞⊞⊞⊡∈⊞⊤⊥⊞⊞⊤∈∋≺∋⊞⊞⋈⋈⋈≺∈⊤∈⋈⊤⋈⊥⋈⋈⊞∈⊞⊞⊞⊡∈⋈⋈⋈⊞⊞⊞⊞⊞⊞⋈⊞⊞⊞⊞⊞⋈⋈⊞⊞⊞⊞⊞⊞⊞⋈⋈⊞⊞⊞⊞⊞⊞⊞⊤∈∋≺∋⊞⊞⋈⊞⋈⊞⊞⊞⊞⊞⊞⊞⊤∈∋⊞⋈⊞⊞⊞⊡∈⋈⋈⊞⊞⊞⊞⊞⊞⊞⊤∈∋⋈⊞⊞⊞⊞⊞⊞⊞∋⋈⋈⋈⋈⋈⊣
0x3eb7c0	⊢⋈⋈⋈⊞⋈⊞⊥⊤∈⋈⊞⊞⊞⋈⋈≺∈⋈⊤∈⋈⋈⊤∈⋈⊤∈⋈⊤∈⊞⊤∈≺⊤∈⊞⊤∈⊤∈⊤∈∋∋⋈⊤∈⊤∈⋈⊤∈⊤∈⋈≺≺⊤∈⋈⊤∈⋈⊤∈⊞⊤∈≺⊤∈⋈⊤∈⊞⊤∈∋⊤∈⊤∈∋∋⋈⊤∈⊤∈≺∋⋈≺⊤∈∋∋∋∋∋∋∋∋⋈≺⋈⊤∈∋∋∋∋∋⊞≺⊤⋈∈∋∋⊞⋈≺∋∋∋∋⋈⋈⋈⋈⋈⊞⊤∈∈⊤∈⋈⊞⊤∈⊞∋∋⊤∈⊡∈⊤∈⊞⊤∈∋≺⊞≺∋∋∋⊤∈∋∋∋⋈⋈⊞≺∋⋈⋈⋈⋈⊣
0x3eb6a0	⊢⋈⋈⊤∈⋈⋈≻∋⊤∈⊤∈⋈≻∋∋⋈⋈⋈≻
0x3ecb10	⊢⋈⋈⋈⊞⊞∈⊞⊡∈⊤∈⊞⊤∈∋⋈⊤∈⋈⊞∋⋈⋈⋈⋈⊞⊡∈⋈⊞⋈⊞⊞⋈⊞⋈⊞⊞⊞⊞⊤∈⊞⊤∈∋≺∋∋⊞∈⊞⊞⊞⊡∈⊤∈⊞∋⋈⊞⊤∈∋≺⊞≺∋∋⋈⋈⋈⊣
0x3eb2d0	⊢⋈⋈⋈⋈⊤∈⋈⊤∈⊤∈⊤∈⋈⊞⊤⊥⋈⊞⊤⊥⊞⊤⊥⋈⊤⊥⊞⊞⋈⊤⊥⋈⊤⊥⊞⋈⊤⊥⊞⊞⋈⊤⊥⊤⊥⊞⊞≺⋈⊞⋈⋈⊞⋈⋈∈⋈⋈⊤⋈∈∈⊤∈⊤∈⊞⊡∈⊤∈∋⊞⋈⊤⊥⋈∈∋∋⋈⋈⊞⋈∈⋈⋈⊤∈⊤∈⋈⊞⊞⊞⊞⊞∈⋈⊞∈∋⊞⊤∈∋≺≺⋈⊞⊤∈∋≺⋈⊞⋈⋈⊞⋈⋈∈⋈⋈⊤⋈∈∈⊤∈⊤∈∋⋈⋈⋈≻∋∋⋈⋈⋈≻⊞⊡∈⊤∈∋⊞⋈⊤⊥⋈∈∋∋⋈⊞⋈∈⋈⋈⊤∈⊤∈∋∋⋈≻⋈⊞⊞⊞⊞⊞∈⋈⊞∈∋⊞⊤∈∋≺≺⋈⊞⊤∈∋≺∋∋⊞≺∋∋∋∋∋∋∋∋⊞⊞⋈⋈⊣
0x3ecbe0	⊢⋈⋈⋈⋈⋈≻
0x3ecc00	⊢⋈⋈⋈⋈⋈≻
0x425230	⊢⋈⋈⋈⋈⋈⋈⋈⊞⋈⋈⋈⋈⋈⋈⊤∈⋈⋈≻⊤∈⋈⋈⋈⊙⋈⊞⋈⋈⋈≻⊤∈⋈⋈⋈≻⊤∈⋈⋈⋈⊤∈∋∋⋈⋈⊞⊤∈⋈⋈⋈⋈⊤∈⋈⊙∋⊤∈⋈⊙∋⋈⊙∋⋈≺≺∋∋⋈⋈⋈⋈⋈≻⋈⊤∈⊤∈⋈⋈≺⊞⋈⋈⋈⋈⋈⋈⋈⋈⋈⋈⋈⊙⊤∈⊙⋈⊞⊞∋⋈⊞⊤∈⋈⋈⋈⋈⊤∈⋈⊙∋⊤∈⋈⊙∋⋈⊙∋⋈⋈≺∋⊞⊞⋈⋈⋈⋈⊞⊙⊤∈⋈⋈⋈∋⋈≺∋⋈⊙∋⊞⋈⋈⋈⋈⋈⋈⊣
0x426d90	⊢⋈⋈⋈⋈⋈⋈⋈⋈⊞⊙⊤∈⋈⋈⊙⋈⊤∈⋈⋈⋈≻⋈⊤∈∋⋈⋈⋈⊙⋈⊙⋈⋈⋈⋈⋈≻∋⊙⋈⊞⊞⋈⋈⋈≺∋⋈⋈⋈⋈⋈⊣
0x441ac0	⊢⋈⋈⋈⋈⋈⊞⋈⋈⊤∈⊞⋈⋈⋈⋈⋈⋈⋈⋈⋈⋈⋈⋈⋈⋈⋈⋈⊤∈⋈⋈⋈⊞⊙⊤∈⋈⋈⋈⋈⋈⊙⊤∈∋⊙⋈⋈⊞⊞⋈⊤∈⊤∈⋈⊞⊞⊞⋈⊞⊞⊙⊤∈⊞⊞⊞⋈⊞⊙⊤∈≺∋⊤∈∋∋⋈≺⋈≺∋⋈⋈∋⊤∈⋈∋⋈⋈⋈⊞⊞⊞⊞⊞⋈⊞⊞⊞⊞⋈⋈⋈⊞⊞⊞⊞⊞⋈⊞⊞⋈⋈⊞⊞⊞⋈⋈⋈⋈⋈⋈⋈⋈⋈⋈⋈⋈⋈⋈⋈⋈⋈⋈⋈⋈⋈⋈⋈⋈⋈⋈⋈⋈⋈⋈⋈⋈⋈⋈≺∋⋈≺∋∋⊞⋈⋈⋈⋈⊣
0x4447e0	⊢⋈⋈⊙
0x3eb590	⊢⊞⊤⊥⋈⊞⊞⋈⋈⋈⊞⊤⊥⋈⋈⊞⊤⊥⋈⋈⊞⊤⊥⋈⋈⊞⊤⊥⋈⋈⊞⊤⊥⋈⊞⊞⊤⊥⊞⋈⊞⋈⊤∈⋈⊞⊤∈⊞≺∋⋈⊞∋⋈⊞⊞∈⊞⊞⊞⋈⊞∈⋈⋈⊞⊤∈⊞⊤∈∋∋∋⊞⊣
0x448e10	⊢⊞⊞⊞⊞⊣
0x424eb0	⊢⋈⋈⋈⋈⋈⋈⋈⊞⋈⋈⋈⋈⋈⊤⋈∈⊤∈⊤∈⋈⋈≺⊤∈∋⋈≻⋈⋈⊞∈⋈⋈⋈≺⋈⋈⊞⋈⋈⊤∈⋈⋈⋈⋈⋈⊤∈⋈⊙≺⊤∈⊤∈∋⊞⊤∈⋈⊤∈⋈⊞≺∈⊤∈⊤∈⋈⊤∈∋∋⊞⊞∈∋∋∋⋈≻⋈⋈⋈⊤∈⋈⋈≺⋈⊞⋈⋈⊤∈⋈⋈⋈⋈⋈⊤∈⋈⊙∋∋∋⊤∈⋈⊙∋⋈⊙⊞⊞∋∋⊞⊞≺⋈⋈⋈⋈≻⊤∈⋈⋈⋈⋈⊙⋈⋈≺∋⋈⋈⊙⋈⊤∈⋈⋈⋈≻⋈⊤∈∋⋈⋈⋈⊙⋈≺∋⋈∋∋∋∋⊤⋈⋈⊥⊤⊥⊥⊤∈⊞⋈⋈⋈⋈⊞⋈⋈≻⊤∈⋈⋈≻⊞⊞⊞⋈⊡∈⋈⋈⋈⋈⊞⊞⊤∈∋⋈⋈≺∋⋈⋈⋈⋈⋈⋈⋈⋈⋈⋈⊤∈⋈≻∋⋈⊞⋈⋈⋈⋈⋈⋈⋈⋈⊞⋈⊞⊞⋈⋈⋈⋈⋈⋈⊣∋⋈⋈≻≺
0x425e80	⊢⋈⋈⋈⋈⋈⋈⋈⊞⋈⊤∈⋈⋈⋈⊤∈⊤∈∈⋈⊞∈∈⋈⋈⋈⋈⋈≻⊤∈⋈⋈≻≺⋈⊤∈⋈⊙∋⋈≻⋈⋈⋈⊤∈∋⋈⋈⋈⋈⊞≻⋈⋈⋈⊞≺∋⋈⋈⋈⋈⋈⋈⋈⋈⋈⊞⋈⊞⊤⋈⋈⊥⊤∈⋈⋈⋈⋈⋈≻⋈⋈≺∋⋈⋈⋈⊞⋈⋈⊤⋈⋈⊥⋈⊤∈⋈⋈⋈⋈≻⋈⋈≺∋⋈⋈⋈⋈⊤∈⋈⋈⋈⋈⋈≻⋈⋈≺∋⋈⊞⋈⊞⊞⋈⊡∈⋈⋈⋈⊞⋈⊞⊤⋈⋈⊥⋈⊤∈⋈⋈⋈⋈≻⋈⋈⋈≺∋⋈⋈⋈⊞⋈⋈⊤⋈⋈⊥⊤∈⋈⋈⋈⋈≻⋈⋈≺∋⋈⋈⊞⋈⊞⊤∈∋≺⋈⊞⊤∈⋈⋈⋈⋈⋈≻⋈⋈≺∋⋈⋈⊞⋈⋈⋈⋈⋈≻∋≻⋈⊞⋈⊤∈∋∋⋈⋈⋈≺⋈⋈≺∋∋⊞⋈⋈⋈⋈⋈⋈⊣
0x447730	⊢⋈⋈≻⋈⊙
0x3ecc20	⊢⋈⋈⋈⋈⋈⋈⊤∈⋈⊞∈⋈⋈⊞⋈⊤∈⊤∈⊞⋈⊤∈≺⋈⋈⊞⊞⊡∈⋈⊞⊞⋈⊞⋈⊞⊤∈∋⊤∈⊤∈⋈⊞∋⋈∋⊤∈∋⋈⊤∈⊤∈⊞⋈⊞⊞⊡∈⋈⊞⊞⋈⊞⋈⊞⊤∈∋⊤∈⊤∈⋈⊞≺∋∋⋈∋∋⊤∈⋈⋈⋈≻⊤∈⊤∈∋⋈⋈⋈≻⊤∈∋⊤∈∋⋈⋈⋈≻⊤∈∋⊤∈∋⋈⋈⋈≻⊤∈≺∋⊤∈∋⋈⋈⋈≻∋∋⋈⋈≻⋈⊤∈∋∋⋈⋈⊞≻⊤∈⊞⋈≺⋈⋈⋈⊞⊞⊡∈⋈⊞⊞⋈⊞⋈⊞⊤∈∋⊤∈⊤∈∋∋∋⋈⋈⋈≻⋈⊞∋⋈≺∋∋⋈⋈⋈⋈⊣
0x3ed020	⊢⋈⋈⋈⋈⋈≻
0x4461f0	⊢⋈⋈⋈⋈⋈⋈⋈⊞⋈⋈⋈⊙⋈⋈⊞⊡∈⋈≻≺∋⋈⊞⊤∈≻⋈⊞≺⊞∋⋈⋈⊞⊤⊥⋈⋈⋈⊞⊡∈⋈⊡∈⊤∈⋈⋈⋈≻≺⊙⊞⊡∈∋∋⋈⋈⊤∈⋈⊙⊤∈⋈⋈≻≺⋈⋈⋈⋈⋈⋈⋈⋈⋈⋈⋈⋈⋈∈⋈⋈⋈⊞⋈⊡∈⊤∈⋈⊤⊥⊞⊞⊞⊤∈∋⋈⊤∈∋⊞∈⊤∈⋈⊤∈⋈⋈⋈⋈⊞⋈⊞⋈⋈⊙⋈⋈⊞⊞⋈⊞⊞⋈⊞⊙≺∋⋈⋈⊞⋈⋈⋈⋈⋈⋈≺⋈⊤∈⋈∈∋⋈⋈⋈⋈⋈≻⋈≺⊤∈⋈⋈⋈⋈⋈≻⊞⋈⋈⋈⋈⋈≻⊞≺∋⋈∋⋈⋈⊞⊤∈⋈⋈⋈⋈⋈⊞⋈⊞⋈⋈⊙⋈⋈⊞⊞⋈⊞⊞⋈⊞⊙≺∋⋈⊞⊞⋈⋈⋈⋈⋈⋈⋈⋈⋈⋈⋈⋈⋈⊤∈⋈⋈⋈⋈⋈⋈⊤∈∈⋈⊤∈⋈⋈⋈≻≺⋈⋈⊤⋈∈⋈⋈⊤∈⋈⋈⊞⋈⋈⋈⋈⋈⋈⋈⋈⋈⋈⊞⋈⋈⊞⋈⊞⋈⋈⋈⋈⊙⋈⋈⋈⋈⋈⋈⊞⋈⋈⊞⊞⊞⋈⋈⊙⋈⋈⋈⋈⋈⋈⋈⋈⋈⋈⊞⋈⊙⋈⋈⋈≺∋⋈⋈⋈⊤∈⊞∈⋈⋈⊞⋈⊤∈∋∋⋈≺⊞⋈⋈⋈⊤∈⊤∈⋈∋⋈⋈⋈⋈≻⋈⋈⋈⊤∈⋈⋈⊞⋈⋈⋈⋈⋈⋈⋈⋈⊞⋈⋈⊞⋈⊞⋈⋈⋈⊙⋈⋈⋈⋈⊞⋈⋈⊞⊞⊞⋈⋈⊙⋈⋈⋈⋈⋈⋈⋈⋈⋈⋈⊞⋈⊙⋈≺∋⋈⋈⋈⋈⋈⊤∈⊞∈⋈⋈⋈⋈⊞⊤∈∋≺∋⋈⋈⋈⋈⋈⋈⋈⋈⊤∈⋈⋈⋈≻⊞⋈⋈⋈≻⊞≺∋⋈⋈⋈⊤∈⋈⋈⋈⊞⋈⋈⋈⋈⋈⋈⋈⋈⊞⋈⋈⋈⋈⊞⋈⋈⋈⊙⋈⋈⋈⋈⊞⋈⋈⊞⊞⊞⋈⋈⊙⋈⋈⋈⋈⋈⋈⋈⋈⊞⋈⊞⋈⊙⋈≺∋⋈⋈⋈⋈⋈⋈⊤∈⊞⊡∈⋈⋈⋈⋈⊞⊤∈∋∋⋈⋈⋈⋈⋈⋈⋈⊤∈∋⋈⋈⋈⋈⋈⋈⋈⊤∈∋≺∋∋⊡⋈∋⋈⋈⋈⊤∈⋈≻≺⋈⋈⊙⊤∈⋈⋈≻≺⋈⋈⋈⋈⋈⊞⋈∈⋈≻≺⋈⋈⋈⋈⊤∈⋈⋈⋈≻⋈⋈⋈⋈⋈⋈⋈⋈⋈⋈⋈∋∋⊡⋈≺∋⋈⋈≺∋≺⊞⋈⋈⋈⋈⋈⋈⋈⋈⊤⋈⋈∈⊤∈⊙≺∋∋∋⋈⋈⊤⊤∈⋈⊤∈≻⊤∈⋈≺∋∋∋⊞⋈⊤∈⋈⋈⋈⋈⊞⊞⋈⋈⋈⋈⋈⋈⊙⊞⋈⋈⋈⋈⋈⋈⊣
0x4451c0	⊢⋈⋈⋈⋈⋈⊞⋈⊤∈⊞⊞⋈⋈⊞⋈⊞⊙⊤∈⋈⊙⊤⋈⊥⋈⋈⊞⋈⋈⋈⊞⊙⊤∈⊙⋈⊞⊞⋈⋈⋈⋈⋈⋈⋈⋈≻≺⋈⋈⋈⊞⊙⊤∈⊙⋈⊞⊞⋈⋈⋈⋈⋈⋈⋈⋈≻⊞⋈⋈⋈⋈⊞⊙⋈≺∋∋⋈⊞⋈⋈⋈⋈⊣
0x448330	⊢⋈⋈⋈⋈⋈⋈⋈⊞⋈⋈⊤∈⋈⊙⋈⊡∈⊞⊡∈⋈⊤∈⋈∈⋈⋈⊞⋈⊡∈⊤∈⋈⊤⊥⊞⊞⊞⊤∈∋⋈⊤∈⊞⊤∈⊤∈⊞⋈⊤∈⋈⋈⋈≺∋⋈⋈≻⋈⋈⋈⋈⋈⋈⋈⋈⋈⋈⋈⋈≻⊤∈⋈≻∋⋈⋈⋈≻⋈≻≺≺∋⊞∈∋∋∋⋈≺⋈≺∋⊤∈⋈⋈⋈≻⋈≻∋≻⊤∈⋈⊙∋⋈⊙≻⋈≻≻⊞⊞∈∋⋈⋈⋈≺∈⋈⋈⋈⊙⊤∈⋈⊤∈⊞⊞⊤∈⋈≺∋⋈⊞⊤∈⋈⋈⋈⋈⊤∈⋈⊙∋⊤∈⋈⊙∋⋈⊙⋈⊞∈⋈⋈⋈⋈≻⊣⊞⋈≺∋⊤∈∋∋∋∋∋⊞⋈⋈⋈⋈⋈⋈⋈⋈⋈⋈⋈⋈⊞⊙⊞⋈⋈⋈⋈⋈⋈⊣
0x4451a0	⊢⋈⋈⋈⋈⋈≻
0x441370	⊢⋈⋈⋈⋈⋈⋈⋈⊞⋈⊞∈⋈⋈⋈⊤⋈⊥⋈⋈≻⊤∈⊤∈⊤⋈⊥⊤∈⋈⋈⊡∈⊤⊞⋈⊞∈⋈⋈⋈⋈≻∋⋈⋈⋈≻⊞⋈⋈≻⊤∈⊤∈⋈⊤∈∋∋∋⋈⋈⋈⋈⋈⋈⋈≻∋∋∋⊞⋈⋈⋈⋈⋈⋈⊣
0x3eadf0	⊢⋈⋈⋈⋈⋈⋈⋈⋈⋈⊤∈⋈⋈⊙⋈⋈⋈⊤∈∋⊤∈⊞∋⋈⋈⋈⋈⋈⊣⋈⋈⋈⋈⋈⋈⋈⋈⊙
0x3ed040	⊢⋈⋈⋈⋈⋈≻
0x41058b	⊢⋈⋈⋈⋈⋈⋈⊞⋈⋈⋈⋈⋈⋈⋈⋈⋈⋈⊞∈⋈⋈≺∋⊞⋈⊤∈⋈⋈⋈⊞⊥⊞⊤⊥⊞∈⋈⋈⋈⋈⋈⋈≻⊤∈⊤∈⊞⋈⋈⋈≺∋⋈⋈⋈⋈⋈⊞∋⋈⋈≻∋⋈⊞⊞⊤∈⋈⋈⋈⋈≻≺∋∋⋈⋈≻⊤∈⋈⋈≺⊤∈⋈⊞⊞⋈⋈≺∋∋⋈⋈≻⋈⊤∈⋈⋈⊤∈⊞≺⊤∈⋈⊞⋈∈⊤∈⊞⋈⊞⊤⋈∈∋⊤∈∋⋈⋈≺∋∋∋⋈⊞⊤∈⊤∈⋈⋈⋈≻⋈⋈⋈≺⊤∈⊞⋈⋈≻⋈⋈≻⋈⋈⋈≺⋈⋈⊤⊥⊤⊥⋈≺∋∋∋∋⋈⋈⋈⋈⋈⋈⊞⋈⋈⋈⋈⋈⋈⊣
0x4101e8	⊢⋈⋈⋈⋈⋈⋈⊞⋈⋈⋈⋈⋈⋈⊤∈⋈⊤∈⋈⋈⊤⊥⋈⊤⊥⊞∈⋈⊡⊞⋈⊞⊞⋈⊞⊞∈⋈⊞∈⊤∈⊞≺⊤∈⋈⊞∈⋈⊞∋⋈⋈⋈≺⋈⋈⊞⊞⋈⊞⊞⊞∈∋∋∋⋈⋈⋈⋈⋈⋈⋈⋈⋈⋈⋈⋈⋈≻≺⋈≺∋∋⋈⊞⋈⊞⋈⋈⋈⋈⋈⋈≻∋⋈⋈⋈⋈⋈≻⋈⋈⋈⋈⋈⊤∈⋈⋈⊤∈⊤∈⋈∋⊤∈⋈≺∋⊤∈∋⋈⊞⋈⊞⋈⋈⋈⋈⋈⋈⋈≻≺∋⊤∈⋈⋈⋈⋈≻≺∋∋⋈⋈⋈⋈≻⋈⋈⋈⋈⋈⋈⋈⋈⋈⋈⋈⋈⋈⋈≻⋈⋈⋈⋈⋈⋈⋈⋈⋈⋈⋈⊤⋈⊥⋈⊤∈⊤⊥⊤∈⊤⊥⊤∈∋⋈⊞⊞⋈⋈⋈⋈≻∋⊤∈⋈⋈⋈⋈⋈≻≺∋⋈≺∋⋈⋈⋈⋈⋈⋈⋈⋈⋈⊤∈⋈⋈⋈⋈⋈⋈≻⋈⋈⋈⋈⋈⋈⋈≻⋈⊤∈∋⋈⋈⋈≻≺∋∋∋⊞⋈⋈⋈⋈⋈⋈⊣
0x410c27	⊢⋈⋈⋈⋈⋈⋈⊞⋈⋈⋈⋈⋈⋈⊞⊤∈⋈⋈≺⊤∈⋈⊞⋈⋈≺∋∋⋈⊤∈⋈⋈⋈⋈≺⋈⊤∈⋈⊞⊞⋈⋈⋈≺∋∋⋈⊤⋈⋈∈⊞∈⊤∈⊞⊤∈⋈⊤⋈∈∋∋∈∋⋈⋈⊤∈⊤∈⋈⊤∈⋈⋈⊞⊥⋈⊞⊤⊥⊞∈⊞∈⋈⋈≻∋⋈⊤∈⋈⊞⋈⋈⋈⋈≻⋈⊤∈∋⋈⋈≺∋⋈⋈⊙⋈≺⋈⋈≺∋⋈∋∋⋈⋈⋈⋈⋈⋈⋈⋈⋈⋈⋈⋈⋈⋈≻⋈⋈⋈⋈⋈⋈⋈⋈⋈⋈⋈⋈≻⋈∋⋈⋈⋈⋈⋈≻⋈⋈⋈⋈⋈⋈⋈⋈⋈⋈⋈≻⋈⋈⋈⋈⋈⋈⋈⋈⋈⋈≻⋈⋈≻⋈⋈⋈⋈⋈⊤∈⋈⋈⋈≻∋⋈⊤∈⊤∈⊤∈∋⋈⊞⋈⋈⋈⋈⋈⊞≻∋⋈⋈≻≺∋⋈⋈⋈≻⋈⋈⋈⋈≺∋⋈⋈⋈⋈⋈≻⊤∈⋈⋈⋈≺⊤∈⋈⋈⊞⋈⋈⋈≺∋∋⋈⊤∈⋈⋈⋈⋈≺⋈⊤∈⋈⊞⊞⋈⋈⋈≺∋∋⊤∈⊞∈⊤∈⊞⊤∈⋈⋈⊞⊤∈∋∋∈∋⋈⋈⋈⋈⋈⋈⋈⋈≻⋈≻⋈⋈⋈≻⋈⊤∈⋈⋈≺⊤∈⋈⊞⋈⋈≺∋∋⋈⊤∈⋈≺⊤∈⋈⊞⋈⋈≺∋∋⋈⊤∈⊞∈⊤∈⊞⊤∈≺⋈⊤⋈∈∋∋∈∋⋈≻⋈⋈≻∋∋⋈⊤∈⋈⋈⋈≻∋⋈∋⊞⋈≺∋⋈⋈⋈⋈⋈⋈⋈⋈⋈⋈⋈⋈⋈⋈⋈⋈≻⋈⋈⋈⋈⋈⊤∈⋈⋈⋈≻∋⋈⋈⋈⋈⋈⋈⋈⋈⋈⋈⊤⋈∈⋈⋈⋈≻∋⋈⊤⊥⊞∈⋈⋈⋈≻∋⋈⊤∈⋈⋈⋈≻∋⊞⋈⋈⋈⋈⋈⋈⊣
0x4107ec	⊢⋈⋈⋈⋈⋈⋈⊞⋈⋈⋈⋈⋈⊞⋈⋈⋈≻⋈⋈⋈⋈⋈⋈⋈⋈⋈⋈⋈⋈≻⋈⋈⋈⋈⋈⋈⋈⋈⋈⋈⋈⋈≻⋈⋈⋈⋈⋈⋈⋈⊞⋈⋈⋈⋈⋈∈⊤∈⋈⊤∈⋈⋈⊞⊥⋈⊤⊥⊞∈⋈⋈⊤∈⋈⊞⋈⋈⋈⋈⋈≻⊤∈⋈⋈⋈≺∋⋈⋈⋈⊙⋈⋈⋈⋈⋈≺⋈⋈⋈≺∋⋈∋∋⋈⋈⋈⋈⋈⋈⊤⋈∈⊤∈⋈⊤∈⋈⋈⊞⊥⋈⊤⊥⊞∈∋⊞∋∈⋈⋈≻∋⊤∈⋈⊞⋈⋈⋈⋈≻⊤∈∋⋈⋈⋈≺∋⋈⋈⋈⋈⊙⋈⋈≺⋈⋈≺∋⋈∋∋⋈⋈⋈⋈⋈⋈⋈⋈⋈⋈⋈⋈⋈⋈⋈≻⋈⋈⋈⋈⋈⋈⋈⋈⋈⋈⋈⋈⋈≻⋈⋈⋈⋈⋈⋈⋈⋈⋈⋈⋈⋈⋈⋈⋈⋈⋈⋈⋈⋈⋈⋈⋈⋈⋈⋈≻⋈⋈⋈⋈⋈⋈⋈⋈⋈⋈⋈⋈⋈⋈≻⋈⋈⋈⋈⋈⋈⊤∈⋈⋈⋈≻∋⊞⋈⋈⋈⋈⋈⋈⊣
0x405d80	⊢⋈⋈⋈⊤∈⋈⋈⊞⊤∈⊞⊞⊞⊞⊡⊞⊞⊤∈⊞⊞⊤⊥⋈⊤⊥⊞⊤∈⊡∈⊡⊞⊡⊞⊡⊞⊡⊞⊞⊞⊞⊞⊞⊞⊤∈⊞⊤∈⊞⊤∈⊞⊤∈⊞⊞⋈⊞⊞⋈⊣⊞≺⊞≺⊞⊤∈∋∋⋈⊤∈⊡∈⊡⊞⊞⊤∈⊞≺⊞⊤∈∋∋⊤∈∋⊞⊣⊡⊞⊞⊞⊤⊥⋈⊞⋈⊞⊣∋∋∋⊞∋⊞⊞⊞⊞∈⊤∈∋⋈⊣⊞⊤∈∋⋈⊣
0x405f20	⊢⋈⊤∈⋈⋈⊞⊤∈⊞⊞⊞⊞⊡⊞⊞⊤∈⊞⊞⊤⊥⋈⊤⊥⊞⊤∈⊡∈⊡⊞⊡⊞⊡⊞⊡⊞⊞⊞⊞⊞⊞⊞⊤∈⊞⊤∈⊞⊤∈⊞⊤∈⊞⊞⋈⊞⊞⋈⊣⊞≺⊞≺⊞⊤∈∋∋⋈⊤∈⊡∈⊡⊞⊞⊤∈⊞≺⊞⊤∈∋∋⊤∈∋⊞⊣⊡⊞⊞⊞⊤⊥⋈⊞⋈⊞⊣∋∋∋⊞∋⊞⊞⊞∈⊤∈∋⋈⊣⊞⊤∈∋⋈⊣
0x41f380	⊢⋈⋈⊞⋈⋈⋈⋈⋈⊙⊞⋈⋈⊞⋈⊣
0x4060a8	⊢⋈⋈⋈⋈⋈⋈⋈⊤∈≻≺∋⊤∈⋈⋈≺∋⋈⋈⋈⋈⋈⋈⋈⊙
0x406255	⊢⋈⋈⊞⊞
0x4060f3	⊢⊤∈⋈⊞⊤∈⊞⊞⊞⊞⊡⊞⊞⊤∈⊞⊤∈⋈∈⋈⊤∈⋈∋⋈∈⊤∈⊤∈∋⊞⊡⊞⊞⊞⊤⊥⊞⊞≺⊡⊞⊞⊞⊤∈∋≺⋈⊡⊞⊡⊞⊡⊞⊡⊞⊞⊞⊞⊞⊞⊞⊤∈∋⊞⊤∈⊞⊤∈⊞⊤∈⊞⋈⊞⊞⊞⊞⊞≺⊞⊞≺⊞≺∋∋⋈⊞⊞≺⊞∋⋈⊞⊞⊞∈⊤∈⋈⊤⋈∈∋≺∋∋∋⋈≺∋∋∋⋈⊣
0x40645c	⊢⋈⋈⋈⋈⋈⋈⋈⊤∈≻≺∋⊤∈⋈⋈≺∋⋈⋈⋈⋈⋈⋈⋈⊙
0x4066db	⊢⊤∈⊞⊣⋈⋈
0x4064a7	⊢⊤∈⊞⊣⋈⋈⋈⋈⋈⊞⊤∈⊞⊞⊞⊞⋈⊞⊞⊞∈⊞⊤⊥⊞⊞⊤∈∋⊤∈⋈⊤∈⋈⋈⋈⋈∈⊡⊞⊞⋈⊞⊞⊞⋈⊞⊞⊞⊞⋈⊞⊞⊞⋈⊞⊞⊞⊞⊡⊞⊞⋈⊞⊞⊞⋈⊞⊞⊞⊞⋈⊞⊞⊞⋈⊞⊞⊞⊡⊞⊞⋈⊞⊞⊞⋈⊞⊞⊞⊞⋈⊞⊞⊞⋈⊞⊞⊞⊞⊞⊡⊞⊞⋈⊞⊞⊞⋈⊞⊞⊞⊞⋈⊞⊞⊞⋈⊞⊞⊞⊞⊞⊤∈∋∋∋⋈⊤∈⋈∈⊡⊞⊞⋈⊞⊞⊞⋈⊞⊞⊞⊞⋈⊞⊞⊞⋈⊞⊞⋈⊞⊞⊤∈∋∋⊞⊤∈∈⊞⊤⊥⊞⊞⊤∈∋∋⊞⊞∈⊞⊤⊥⊞⊞⊤∈∋≺∋⋈⋈⋈⋈⊣
0x444a90	⊢⋈⊣
0x3ecea0	⊢⋈⋈⋈⋈⋈⋈⋈⋈⋈⋈⋈⊞∈⊤∈⋈⊞⊤∈⋈⊞⊞⋈⊤∈⊤∈⋈≺⋈≺∋⊞∈⊞⊤∈⊤∈⋈≺⋈∈⊤∈⊤∈⋈⋈⋈⋈⋈⊞⋈⋈⋈⋈⋈⋈⋈⊙⋈⋈⋈⋈⋈≺∋⊞⋈⊤⊥⊤⊥⊞⊤∈⋈⊞⋈⊞⊤∈∋⊡⋈⊞⋈⊞⋈⋈⋈⋈⋈⋈⋈⊙⋈⋈⋈⋈≺∋∋⊤∈⋈∋∋⊞⋈⋈≻⋈∋⋈⋈≺∋∋∋⋈∋⊞⋈⋈⋈⋈⋈⋈⊣
0x3ec980	⊢⋈⋈⊞⋈⋈⋈⋈⋈⋈⋈≻
0x3eb6e0	⊢⋈⋈⊞⋈⋈⋈⋈⋈⋈⋈⋈⋈⋈⋈≻
0x3eb760	⊢⋈⋈⊞⋈⋈⋈⋈⋈⋈⋈⋈⋈⋈⋈≻
0x3eb720	⊢⋈⋈⊞⋈⋈⋈⋈⋈⋈⋈⋈⋈⋈⋈≻
0x3ed060	⊢⋈⋈⊞⋈⋈⋈⋈⋈⋈⋈⋈⋈⋈⋈≻
0x444e60	⊢⋈⋈⋈⊣
0x444a40	⊢⋈⋈⋈⊣
0x3e811c	⊢⋈⋈⋈⋈⋈⋈⊞⋈⋈⋈⊤∈⋈⋈⊤∈⊤∈⊤∈⊤∈∋⋈⋈⋈⋈⊞∈⋈⋈≺∋⊤∈⋈⊤∈⋈⊤∈⋈⋈⋈≻⊤∈⋈⋈≻⋈⋈⋈⋈⋈⋈⊞⋈⋈⋈⋈⊤∈⋈⋈⋈⋈⋈⋈⋈∈⋈⋈⊤∈⋈⋈⊙⊤∈⋈⋈≻⋈⋈⋈⋈⋈⋈⊤∈⋈⋈⋈⊤∈⋈⊤∈⋈⊤⊥≺⊤∈∋⊞⋈⋈≺∋∋⋈⊙⊤∈⋈⋈≻⋈⋈⋈⋈⋈⋈⋈⋈⋈⋈≻⊤∈⋈⋈≻⋈⋈⋈⋈⋈⋈⊞∈⋈⊤∈⊤∈⋈≻∋⋈⋈⋈⋈⊤∈⋈⋈⋈≺⋈⋈≺∋⊡∈⋈⊞⋈⋈∈⊤∈⋈⋈⊤∈⋈⊤∈⋈≻∋⋈⋈⊞⋈≺⊤∈⋈⋈⋈⋈⊙⊤∈⋈⋈≻⋈⋈⊞∈⊤∈⋈⋈⋈⋈⋈⋈⋈⋈≺⊤∈∋⋈⋈⋈⋈⋈⊣⋈⋈⋈⋈⊣⋈⋈⋈⋈⋈≺∋⋈≺⊞⊡⋈⊥∈∋≺∋∋∋∋∋⋈⋈⋈⊣⋈⋈⋈⋈⊙⋈⋈⋈⊞⋈⋈⋈⋈⊣⋈⋈⊤⊥⊞⋈⋈⊞∈⋈⊞⋈⋈⊞∈⋈≻∋⋈⋈⋈⋈⋈∋⊞⋈⋈≻⋈≺∋⋈⊞⋈⋈⋈⋈⊣⋈⋈⋈⋈⋈⋈⋈⋈⋈⋈⋈⋈⋈≻⋈⋈⋈⊤∈∋⋈⋈⋈⊤⋈∈⋈≻∋⋈⋈⋈⊤∈⋈⋈⊤∈⋈⋈⋈⋈≺∋⋈⊤∈∋⋈≺∋∋∋⋈⊞⋈⋈⋈⋈⋈⋈⊣⋈⋈⋈⋈⊙⋈⋈⊤∈∋⋈⊤∈⋈≺⋈≺∋⋈≺∋⋈⋈⋈⋈⋈⋈≻⋈⋈⋈≺∋⋈⋈⋈⊞∈⋈⋈⋈⋈≺⋈⊤∈⋈⊞⊞⋈⋈⋈≺∋∋⋈⊤∈⋈⋈⋈⋈≺⋈⋈⊤∈⋈⊞⊞⋈⋈⋈≺∋∋⊤⊥⊞⊤∈⊞∈⊤∈⊞⊤⊥⊞⋈⊤⋈∈∋⊥⊞≺∋∋⊤∈⋈⋈⋈⋈≺⋈⊤∈⋈⊤∈⋈≺⋈⊤∈⊤∈⋈≺⊤∈⋈⋈⊞⊥⊞⊤⊥⊞∈⊤∈⋈⊞⋈⋈⋈⋈≻⊤∈⋈⋈⋈≺∋⋈⋈⋈⊙⋈⊞∋⋈≺⋈⋈≺∋∋∋⋈⋈⋈⋈⋈⋈≻⋈⋈⋈⋈⋈⋈≺⋈⊞⊤⋈∈⊤∈⋈≺⋈⊤∈⋈⋈⊞⊥⊞⊤⊥⊞∈⊤∈⋈⊞⋈⋈⋈⋈≻⊤∈⋈⋈⋈≺∋⋈⋈⊙⊞∋⋈⋈≻∋⊤∈⋈⋈≺⊤∈⋈⋈⊞⊥⊞⊤⊥⊞∈⊤⋈∈⋈⊞⋈⋈⋈⋈≻⋈⊤∈⋈⋈≺∋⋈⋈⋈⋈⊙⋈⊞∋⋈⋈≻⋈⋈⋈⋈≺∋∋∋⋈⊞⋈⋈⋈⋈⋈⋈≻⋈⋈⋈⋈⋈⋈⋈⋈≺⋈≺∋∋∋⋈⊞⋈⋈⋈⋈≺⋈⋈⊞⊤⋈∈⊤∈⋈≺⋈⊤∈⋈⋈⊞⊥⊞⊤⊥⊞∈⊤∈⋈⊞⋈⋈⋈⋈≻⊤∈⋈⋈⋈≺∋⋈⋈⊙⊞∋⋈∋∈⋈≻∋⊤∈⋈≺⋈⊤∈⋈⋈⊞⊥⊞⊤⊥⊞∈∋⊤∈⋈⊞⋈⋈⋈⋈≻⊤∈⋈⋈≺∋⋈⋈⋈⊙⊞∋⋈≺∋⋈⋈≺∋∋∋⋈⋈⋈⋈⋈⋈≻⋈⋈⋈∋⋈⋈⋈≺∋∋⋈≻⋈⋈≺⋈≺∋∋∋⋈⋈⋈⋈≺∋∋∋⊞⋈⋈⋈⋈⋈⋈⊣
0x40c31d	⊢⋈⋈⋈⋈⋈⋈⊞⋈⋈⋈⊤∈⋈⋈⊤∈⊤∈⊤∈⊤∈∋⋈⋈⋈⋈≻⋈⋈⋈≺∋⋈⋈⋈⊞∈⋈⋈⋈⋈≺⋈⊤∈⋈⋈⋈≺⋈⊞⊤⋈∈⊤∈⋈≺⋈⊤∈⋈⋈⊞⊥⊞⊤⊥⊞∈⊤∈⋈⋈⋈⋈≻⊤∈⋈⋈⋈≺⊞∋⋈≺⋈⋈≺⋈≺⋈⋈⊞⊤⋈∈⊤∈⋈≺⋈⊤∈⋈⋈⊞⊥⊞⊤⊥⊞∈⊤∈⋈⊞⋈⋈⋈⋈≻⊤∈⋈⋈⋈≺∋⋈⋈⊙⊞∋⋈∈⋈≻∋⋈⊞⊞∋∋⋈⊤∈⋈⋈⋈⋈≺⋈⋈⊤∈⋈⊞⊞⋈⋈⋈≺∋∋⊤⊥⊞⊤∈⊞∈⊤∈⊞⊤⊥⊞⋈⊤⋈∈∋⊥⊞≺∋∋⊤∈⋈⋈⋈⋈≺⋈⊤∈⋈⊤∈⊤∈⋈≺⊤∈⋈⋈⊞⊥⊞⊤⊥⊞∈⊤⋈∈⋈⊞⋈⋈⋈≻⊤∈⋈⋈≺∋⋈⋈⋈⊙⋈⋈⊞∋⋈∋⋈≻∋⋈⊞∋⋈⋈⊙∋∋∋⋈⊞⋈⋈⋈⋈≺⋈⋈⋈≺∋∋∋⋈⊞⋈⋈⋈⋈⋈⋈≻⋈⋈⋈⋈⋈⋈⋈⊤∈⊤∈⋈≺⊤∈⋈⋈⊞⊥⊞⊤⊥⊞∈⊤∈⋈⋈⋈⋈⋈⋈≻⊤∈⋈⋈⋈≺∋⋈⋈⋈⊙⋈⊞∋⋈≺∋⋈⋈≺∋∋∋⋈⋈⋈⋈⋈⋈≻⋈⋈⋈⋈⋈⋈≺∋⋈∋≻⋈⋈≺⋈≺∋∋∋⋈⋈⋈⋈≺∋∋∋⊞⋈⋈⋈⋈⋈⋈⊣
0x3f808c	⊢⋈⋈⋈⋈⋈⋈⊞⋈⋈⋈⋈⋈⋈⊞∈⋈⋈≺∋⊤∈⋈⊤∈⊤∈⋈≺⋈⊤∈⋈⋈⋈≻⊤∈⋈⋈≻⋈⋈⋈⋈⋈⊞⊤∈⋈⋈≺⊤∈⋈⊞⋈⋈≺∋∋⋈⊤∈⋈⋈⋈≺⊤∈⋈⊞⊞⋈⋈⋈≺∋∋⊤⊥⊤∈⊞∈⋈⊡⊞⊤∈∋∋⊤∈⋈∋⋈⊤∈⋈⊤∈⋈⋈∋⋈⊤∈⊞≺⊤∈⋈⊞⋈∈⊤∈⊞⋈⊞⊤⋈∈∋⊤∈∋⋈⋈≺∋∋∋⋈⊞⊤∈⊤∈⋈⋈⋈≻⋈⋈⋈⊤∈⊞⋈⋈⋈⋈⋈≺⋈⋈≻⋈⋈⋈≺⊤∈⋈∋⊤∈⊤∈⋈≺∋∋∋∋∋⋈⋈⋈⊣⋈⋈⋈⋈⊙⋈⋈⋈≺⋈⊤∈∋⋈⊤∈⊤∈⋈≺⋈⊤∈⋈⋈⊞⊥⊞⊤⊥⊞∈⊞∈⋈⋈≻∋⊤∈⋈⊞⋈⋈⋈⋈≻⊤∈∋⋈⋈⋈≺∋⋈⋈⊙⋈⋈≺⋈≺∋∋∋⋈⋈⋈⋈⋈⋈≻⋈⋈⋈⋈≺∋∋∋⋈⋈⋈⋈⋈⋈≻⋈⋈⋈≺∋⋈⊞⋈⋈⋈⋈⋈⋈⊣
0x44a717	⊢⋈⋈⋈⋈⋈⋈⊞⊤∈⋈⋈⋈⊤∈⋈⊞⋈⊞⊤∈⊞⊞⊞⋈≺⋈⊞⊞⊞⊤∈⊞⊞⊞⋈≺⋈⊞⊞⊞⊞⊞⊞⊤∈⊞∋⊞⋈⋈⋈≺⊞≺∋∋∋⋈⊞⋈⊞⊞⊤⊞⊤⋈⊥⋈⋈⊤⊥⋈⊤⊥⊞∈⊞∈⋈⋈≻∋⋈⊤∈⋈⊞⋈⋈⋈≻⊤∈∋⊞≺∋⋈⋈⋈⋈⊤∈⋈⋈∈⋈⊤∈⋈⊞⋈⊞⊤∈⊞⊞⊞⋈≺⋈⊞⊞⊞⊤∈⊞⊞⊞⋈⋈⊞⊞⊞⊞⊞⊞⊤∈⊞≺⊞≺∋∋∋⊤∈⋈⊞⋈⊞⊞⊤⊞⊞⋈⋈⋈⋈≻⋈≺∋⋈⊞⋈⊤∈∋≺∋∋⋈⋈⋈⋈⋈⋈⋈∋⊞⋈⋈⋈⋈⋈⋈⊣
0x418a72	⊢⋈⊞⊤∈⊤∈⊞⊣⊞⊞∈⊞⊤⊥⊞⊞⊤∈∋⊣
0x41877c	⊢⋈⋈⋈⋈⊞⋈⋈⋈⊞∈⋈⋈⋈⋈⊤∈⋈⋈⊞⊞⋈⊤⊥⊤∈⋈⋈⊞⊞⋈⊤⊥⊤∈⊞⊞∈⋈⊤∈⋈⊤∈⋈⊤∈⋈⊤∈∋∋⋈⋈⋈⋈⋈⋈⋈⋈⊞⊞⊞∈⋈⊤∈⋈≺⋈⊞⋈⋈⋈⋈⊞⊞⋈⊤⊥⊤∈⋈⋈⊞⊞⋈⊤⊥⊤∈∋∋∋⋈≻∋⋈⋈⋈≻⊞⊞⋈⊞⊞⊞⋈⊞∈∋≺⋈⋈⋈⋈⋈⋈⋈∋⋈⋈⋈≻⊤⋈∈⋈⋈⋈⋈⋈⊤∈⋈⊤∈⋈⊞⋈⊞⊤∈⋈⊞⊞⋈≺⋈⊞⊞⊞⊤∈⋈⊞⊞⋈⋈⋈⊞⊞⊞⊞⊞⊞≺⋈≺∋∋∋⊤∈∋⊤⊤∈∋∋≻⋈⋈⋈⋈⋈⋈⋈⋈⋈⋈⋈⋈⋈⋈⋈⋈≻⋈⋈⋈≺∋∋∋∋∋⊞⋈⋈⋈⊣
0x41f020	⊢⋈⋈⋈⋈⋈⋈⋈⊞⋈⋈⋈⋈⋈⋈⊙⊤∈⋈⋈≻⋈⊤∈⋈⊙∋⋈≺⊙⋈≻⋈⋈⋈⋈⋈⊞∈⋈⋈⊙⊤∈⋈⊙⋈⊤∈⋈⊤∈⋈⊙⋈⋈⋈⋈⋈⋈≻⋈⋈⊤∈∋⋈⊤⋈∈⋈⋈≻⊣⊙⋈⊤∈⊞⊞⊤∈⋈⊙∋⋈≺∋⋈⊞⊤∈⋈⋈⋈⋈⊤∈⋈⊙∋⊤∈⋈⊙∋⋈⊙⋈≺∋⋈⋈≺∋∋⋈⋈⋈⋈⋈⋈⋈⋈⋈⊙⊤∈⋈⋈⋈⋈⋈⋈⋈⋈⋈⋈⋈⋈⋈⋈⋈⋈⋈⋈⋈⋈⋈⋈⋈⋈⋈⋈⋈⋈⋈⋈⋈⋈⊙⊤∈⊤∈⋈⋈⋈⋈⊙⊤∈∋⊞⋈⊞⋈⊤∈≺∋⋈∋⋈⊞⋈⊤∈∋⋈⊙⋈∋∋⊞⋈⋈⋈⋈⋈⋈⊣⋈⋈⋈⋈⋈⋈≻⋈⋈≺∋
0x444430	⊢⋈⋈⋈⋈⋈⋈⋈⋈⋈⋈⋈⋈⋈⊤⋈⊥⊞⊞⊤⋈⊥⋈⊙⊞⋈⊤∈⋈⋈⊤∈≻∋⋈⋈∋⊤⊥⊞⋈⋈⋈⋈⋈⋈⊣
0x4447f0	⊢⋈⋈⋈⋈⋈⋈⋈⋈⊤∈⋈⋈⋈⋈⋈≺∈∈⋈⋈⋈⊙⊤∈⊙⋈⊤∈⊞⊞⊤∈∋⊤∈⋈≺∋⋈⋈⊤∈≻∋⋈⋈⋈⊞∈⋈⋈⋈⋈≻⋈⋈≻⊞⋈⊤∈∋∋∋⊞≺∋⊞⋈⋈⋈⋈⋈⋈⊣
0x419ccd	⊢⊡⊥⊞⋈⋈⊞⋈⊤∈⋈⋈⋈⋈⊙⋈⊣
0x40140e	⊢⋈⋈⊞⊤∈⋈⋈≺⊤∈⋈⊞⊞⋈⋈≺∋∋⊤∈⋈⋈≺⊤∈⋈⊞⊞⋈⋈≺∋∋⊤∈⊞⊣⋈⊞⋈⊙⊤⊥⊞⊣
0x40d214	⊢⋈⋈⋈⋈⋈⋈⊞⋈⋈⋈⊤∈⋈⋈⊤∈⊤∈⊤∈⊤∈∋⋈⋈⋈⋈⋈⋈⋈≻≺∋⋈⊤∈⋈⋈≺⊤∈⋈⊞⋈⋈≺∋∋⊤∈⋈⋈≺⊤∈⋈⊞⋈⋈≺∋∋⊤⊥⊞⊤∈⊞∈⊤∈⊞⊤⊥⊞⋈⊤⋈∈∋⊥⊞≺∋∋⊤∈⋈⋈⋈⋈≺⋈⊤∈⋈⊞⋈⋈⋈⋈⋈⋈⋈⋈⋈≻⋈⋈⋈≺⋈⋈⋈⋈⋈⋈⋈≻∋⋈⋈⋈⋈⋈⋈⋈∋≻≺⋈⊤∈⊤∈⋈⋈⊤∈⋈⋈⊞⊥⋈⊤⊥⊞∈⊞∈⋈⋈≻∋⊤∈⋈⊞⋈⋈⋈⋈⋈≻⋈⊤∈∋⋈⋈⋈≺∋⋈⊙⋈≺⋈⋈≺⋈≺∋∋⋈∋⋈⊞⋈⋈⋈⋈⋈∋⊤∈⋈⋈⋈⊞⋈⋈⋈⋈⋈⋈≺⋈⋈⋈⋈≺∋∋⊞⋈⋈⋈⋈⋈⋈⊣
0x3f3c0a	⊢⋈⋈⋈⋈⋈⋈⊞⋈⋈⋈⊤∈⋈⋈⊤∈⊤∈⊤∈⊤∈∋⋈⊤∈⋈⋈≺⊤∈⋈⊞⋈⋈≺∋∋⊤∈⋈⋈≺⊤∈⋈⊞⋈⋈≺∋∋⊤⊥⊞⊤∈⊞∈⊤∈⊞⊤⊥⊞⋈⊤⋈∈∋⊥⊞≺∋∋⊤∈⋈⋈⋈⋈≺⋈⊤∈⋈⋈⋈⋈⋈⋈⋈⋈⋈≻⋈⋈⋈≺⋈⋈⋈⋈⋈⋈⋈≻∋⋈⋈⋈⋈⋈⋈⋈≻≺∋⋈⋈⋈⋈⋈⋈⋈∋≻≺⋈⊤∈⊤∈⋈⋈⊤∈⋈⋈⊞⊥⋈⊤⊥⊞∈⊞∈⋈⋈≻∋⊤∈⋈⊞⋈⋈⋈⋈⋈≻⋈⊤∈∋⋈⋈⋈≺∋⋈⊙⋈≺⋈⋈≺⋈≺∋∋⋈∋⋈⋈⋈⋈⋈∋⊤∈⋈⋈⋈⊞⋈⋈⋈⋈⋈⋈≺⋈⋈⋈⋈≺∋∋⊞⋈⋈⋈⋈⋈⋈⊣
0x40e659	⊢⋈⋈⋈⋈⋈⋈⋈⋈⋈⋈⊞∈⋈⋈≺∋⊤∈⋈⋈⊤∈⋈⊤∈⊤∈⋈⊞⊞⋈⋈≺∋∋⊤∈⋈⋈≺⊤∈⋈⊞⋈⋈≺∋∋⊤⋈⊥⊤∈⊞⊞∈⋈⊞⊞⋈⋈⊥⊤∈∋⊤∈⊤∈∈⋈⋈⋈≻∋⊤∈∋⊞⊞∈⊤∈⊤⋈∈∋≺∋⊞⋈⋈≺∋⊞∈⋈⋈⋈≻∋∋⋈⋈⋈≻⊤∈⋈⋈≺⊤∈⋈⊞⋈⋈≺∋∋⋈⊤⊥⊤∈⋈≻≺⊞⊞∈⋈⊞⊞⋈⋈⊥⊤∈∋⋈≻⊤∈⊤∈⋈⋈≺⊤∈⋈⊞⋈⋈≺∋∋⋈⊞∈∋⋈⋈⋈≻⋈⋈⋈⋈⋈⊞⊤∈⋈⋈≺⊤∈⋈⊞⋈⋈≺∋∋⊤∈⋈⋈≺⊤∈⋈⊞⊞⋈⋈≺∋∋⋈≻⋈⊤∈⋈⋈⊤∈⊞≺⊤∈⋈⊞⋈∈⊤∈⊞⋈⊞⊤⋈∈∋⊤∈∋⋈⋈≺∋∋∋⋈⊞⊤∈⊤∈⋈⋈⋈≻⋈⋈⋈⊤∈⊞⋈⋈⋈⋈⋈≺⋈⋈≻⋈⋈⋈≺⊤∈⊤∈⋈≺∋∋∋∋∋⋈⋈⋈⊣⋈⋈⋈≻∋∋∋⋈⊤∈⋈⋈⊤∈⊞≺⊤∈⋈⊞⋈∈⊤∈⊞⋈⊞⊤⋈∈∋⊤∈∋⋈⋈≺∋∋∋⋈⊞⊤∈⊤∈⋈⋈⋈≻⋈⋈⋈≺⊤∈⊞⋈⋈≻⋈⋈≻⋈⋈⋈≺⊤∈⊤∈⋈≺∋∋∋∋∋∋⋈⋈⋈⋈⋈⋈⋈⋈⋈⋈⋈⊣
0x3eaaa0	⊢⋈⋈⋈⋈⋈⋈⋈⋈⋈⊤∈⋈⋈⋈⋈⋈⊙⋈⊤∈∋⊤⊥⋈⋈⋈⋈⋈⋈⋈⊙⋈⋈⋈⋈⋈⋈⊣
0x3ea810	⊢⋈⋈⋈⋈⋈⋈⋈⊞⋈⋈⋈⋈⋈⋈⋈⋈⋈⋈⋈⊞⊞⊞⋈≺∈⊤∈⊤∈⋈≺∈⋈⊞⋈⊤∈⋈⊞⊞⋈∈⊞⊡∈⊤∈⊞⊤∈∋⋈⊤∈⊡⋈⊞∋⋈⊞⊡∈⋈⋈⊞⋈⊞⊞⋈⊞⋈⊞⊞⊞⊞⊤∈⊞⊤∈∋≺∋∋⊤∈⋈≺⋈⋈⊞⊞⊞⋈⊡∈⊤∈⊞⊞⊤∈∋≺⊤∈⊞⊡∈⊤∈∋∋⋈⊞⊞⊤∈⊤∈∋⋈⊤∈∋⋈⊞⋈⋈≺⊞⊤∈∋≺∋∋⋈⋈∋⋈≺∋∋⋈⋈⋈⋈⋈⊤∈∋⊞≺∋⋈⋈⊤∈⋈⋈⋈⋈⊙⋈⊤∈∋⊤∈⊤⊥⊞≺∋⊞⊞⋈⋈⋈⋈⋈⋈⊙⋈⊤⋈⋈⋈⋈∈∋∋⋈∋⊞⋈⋈⋈⋈⋈⋈⊣
0x444c70	⊢⊞⊤∈⋈⋈⋈⋈⋈⋈⊙⋈⋈⋈⋈⋈⋈≺
0x3e9fc0	⊢⋈⋈⋈⋈⋈⋈≺⋈⋈⋈⋈⋈⋈⋈⊞⋈⋈⋈⋈⋈⋈⋈⊙⋈⊤∈⊤∈⊞⊞≺⋈⋈⊞⊞⋈⋈⋈⋈∈⋈⊞⊡∈⋈⋈⊤∈⊤∈⊤∈∋∋⋈⊞⋈⊤∈⊞⋈⊞⋈⊞⊤∈⊞⊞⊞⋈≺⋈⊞⊞⊞⊤∈⊞⊞⊞⋈⊡⋈⊞⊞⊞⊞⊞⊞⊞⊤∈⋈⋈⋈≺⊞⊞≺∋∋∋⋈⋈⋈⋈⋈≻⋈⋈⋈⊞⊤∈⋈⋈⋈⊞⋈∈⊤∈⊤∈∈⋈⊤∈∋∋⊤∈⊤∈∈⋈⊤∈∋∋⊞⋈⋈⋈⊙⊤∈⊤∈⊞⋈⊞⋈⋈⊙⋈⋈⊙≺∋⊤∈∋⋈≺⋈⊤∈⋈⊤∈⊤⋈⊞∋∋⋈⊞≺≺∋∋∋∋⋈⋈⋈⋈≻⋈⋈≺∋⋈⋈⋈⊤∈⋈⊤∈⊤⋈⊞∋∋⊞⋈∋⊞⋈∈∋≺⊞⊤∈∋≺⊞∋⊤∈∋⋈≺⊤⋈⋈⋈∈⊞⊤∈⊤∈⋈∈⊤⋈∈∋⊤∈∋⊞≺∋⊤∈∈⊤∈∋⋈⋈≺∋∋∋⊞⊞⋈⋈⋈⋈⊙⊤∈⋈⋈⊙⋈∋∋∋⋈⊞⋈⋈⋈⋈⋈⋈⊣≺∋∋∋⋈⋈⋈≻
0x4310a0	⊢⋈⋈⋈⋈⋈⋈⋈⋈⋈⊞⊙
0x4418b0	⊢⋈⋈⋈⋈⋈⋈⊞⊤⊥⋈⋈⊤⊥⊤∈⋈⊤∈⊤∈⊤∈⋈⋈⋈⊞⊙⊤∈⋈⊤∈∋⊞⋈⋈⊙⊤⊥≺∋∋∋∋⋈⋈⋈⊣
0x41ad57	⊢⋈⋈⋈⊞⊙
0x3f32ca	⊢⋈⋈⋈⋈⋈⋈⊞⋈⋈⋈⋈⊤∈⋈⊤∈⊤∈⊤∈⊤∈∋⋈⋈⋈⋈⋈⋈⋈⋈⋈⊤⋈⋈⊥⋈⊤⊥⊤∈⋈⋈⋈⋈⋈⋈⋈≻⋈⋈⋈⋈⋈⋈⋈⋈⋈⋈⋈⋈⋈⋈≻⋈⋈⋈⋈≺∋⊤∈⋈⋈⋈⋈≻∋⋈⋈≺∋⋈⊤∈⋈⋈≺⊤∈⋈⊞⋈⋈≺∋∋⋈⊤∈⋈⋈⋈≺⋈⊤∈⋈⊞⋈⋈≺∋∋⊤⊥⊞⊤∈⊞∈⊤∈⊞⊤⊥⊞⋈⊤⋈∈∋⊥⊞≺∋∋⊤∈⋈⋈⋈⋈⊤∈⋈⋈≻≺⋈⊤∈⋈⊞⋈⋈⋈⋈⋈⋈⋈⋈⋈⋈⋈⋈⋈≻⋈⋈⋈⋈⋈⊤∈⋈⋈⋈≻∋⋈⋈⋈⋈⋈⋈⋈⋈⋈⋈⋈⋈⋈≻⋈⋈⋈⋈⋈⊤∈⋈⋈⋈≻∋⋈≺∋⋈∋⋈≻⋈⊞⋈⋈⋈⋈⋈⋈⋈⋈⋈⋈∋∋⊤∈⋈⋈⋈⋈⋈⋈⋈⋈⋈⊤∈∋∋⊞⋈⋈⋈⋈⋈⋈⊣⋈⋈⋈≺∋⊞⋈⋈⋈⋈⋈⋈≺
0x40ce93	⊢⋈⋈⋈⋈⋈⋈⊞⋈⋈⋈⋈⊤∈⋈⊤∈⊤∈⊤∈⊤∈∋⋈⋈⋈⋈⋈⋈⋈⋈⋈⊤⋈⋈⊥⋈⊤⊥⊤∈⋈⋈⋈⋈⋈⋈⋈≻⋈⋈⋈⋈⊤∈⋈⋈⋈⋈⋈⋈⋈⋈⋈≻⋈⋈⋈⋈⊤∈⋈≺∋⋈⋈⋈⋈≻∋∋⋈⋈≺∋⋈⊤∈⋈⋈≺⊤∈⋈⊞⋈⋈≺∋∋⋈⊤∈⋈⋈⋈≺⋈⊤∈⋈⊞⋈⋈≺∋∋⊤⊥⊞⊤∈⊞∈⊤∈⊞⊤⊥⊞⋈⊤⋈∈∋⊥⊞≺∋∋⊤∈⋈⋈⋈⋈⊤∈⋈⋈≻≺⋈⊤∈⋈⊞⋈⋈⋈⋈⋈⋈⋈⋈⋈⋈⋈⋈⋈≻⋈⋈⋈⋈⋈⊤∈⋈⋈⋈≻∋⋈⋈⋈⋈⋈⋈⋈⋈⋈⋈⋈⋈⋈≻⋈⋈⋈⋈⋈⊤∈⋈⋈⋈≻∋⋈≺∋⋈∋⋈≻⋈⊞⋈⋈⋈⋈⋈⋈⋈⋈⋈⋈∋∋⊤∈⋈⋈⋈⋈⋈⋈⋈⋈⋈⊤∈∋∋⊞⋈⋈⋈⋈⋈⋈⊣⋈⋈⋈≺∋⊞⋈⋈⋈⋈⋈⋈≺
0x3f38a2	⊢⋈⋈⋈⋈⋈⋈⊞⋈⋈⋈⋈⊤∈⋈⊤∈⊤∈⊤∈⊤∈∋⋈⊤∈⋈⋈≺⊤∈⋈⊞⋈⋈≺∋∋⋈⊤∈⋈⋈⋈≺⋈⊤∈⋈⊞⋈⋈≺∋∋⊤⊥⊞⊤∈⊞∈⊤∈⊞⊤⊥⊞⋈⊤⋈∈∋⊥⊞≺∋∋⊤∈⋈⋈⋈⋈⊤∈⋈⋈≻≺⋈⊤∈⋈⋈⋈⋈⋈⋈⋈⋈⋈⋈⋈⋈≻⋈⋈⋈⋈⋈⊤∈⋈⋈⋈≻∋⋈⋈⋈⋈⋈⋈⋈⋈⋈⋈⋈⋈⋈≻⋈⋈⋈⋈⋈⊤∈⋈⋈⋈≻∋⋈≺∋⋈∋⋈⋈⋈⋈⋈⋈⋈⋈⋈⊤⋈⋈⊥⋈⊤⊥⊤∈⋈⋈⋈⋈⋈⋈⋈≻⋈⋈⋈⋈⋈⋈⋈⋈⋈⋈⋈⋈⋈⋈≻⋈⋈⋈⋈≺∋⊤∈⋈⋈⋈⋈≻∋⋈⋈≺∋⋈≻⋈⋈⋈⋈⋈∋∋⊤∈⋈⋈⋈⋈⋈⋈⋈⋈⋈⊤∈∋∋⊞⋈⋈⋈⋈⋈⋈⊣⋈⋈⋈≺∋⊞⋈⋈⋈⋈⋈⋈≺
0x40c9ae	⊢⋈⋈⋈⋈⋈⋈⊞⋈⋈⋈⋈⊤∈⋈⊤∈⊤∈⊤∈⊤∈∋⋈⊤∈⋈⋈≺⊤∈⋈⊞⋈⋈≺∋∋⋈⊤∈⋈⋈⋈≺⋈⊤∈⋈⊞⋈⋈≺∋∋⊤⊥⊞⊤∈⊞∈⊤∈⊞⊤⊥⊞⋈⊤⋈∈∋⊥⊞≺∋∋⊤∈⋈⋈⋈⋈⊤∈⋈⋈≻≺⋈⊤∈⋈⋈⋈⋈⋈⋈⋈⋈⋈⋈⋈⋈≻⋈⋈⋈⋈⋈⊤∈⋈⋈⋈≻∋⋈⋈⋈⋈⋈⋈⋈⋈⋈⋈⋈⋈⋈≻⋈⋈⋈⋈⋈⊤∈⋈⋈⋈≻∋⋈≺∋⋈∋⋈⋈⋈⋈⋈⋈⋈⋈⋈⊤⋈⋈⊥⋈⊤⊥⊤∈⋈⋈⋈⋈⋈⋈⋈≻⋈⋈⋈⋈⊤∈⋈⋈⋈⋈⋈⋈⋈⋈⋈≻⋈⋈⋈⋈⊤∈⋈≺∋⋈⋈⋈⋈≻∋∋⋈⋈≺∋⋈≻⋈⋈⋈⋈⋈∋∋⊤∈⋈⋈⋈⋈⋈⋈⋈⋈⋈⊤∈∋∋⊞⋈⋈⋈⋈⋈⋈⊣⋈⋈⋈≺∋⊞⋈⋈⋈⋈⋈⋈≺
0x3f2a79	⊢⋈⋈⋈⋈⋈⋈⊞⊤∈⋈⋈≻⋈⊞⋈⊤∈⊤∈∋⋈⋈≻⋈⋈⋈≺∋⊞⋈⋈⊣
0x445070	⊢⋈⋈⊣
0x445080	⊢⋈⋈⊣
0x445030	⊢⋈⋈⋈⋈⋈⋈⋈⊙⊤∈⋈⋈≻⋈⋈⋈⋈⋈⋈⊣
0x3ea1b0	⊢⋈⋈⋈⋈⊙
0x41406d	⊢⋈≺⋈⋈⋈⋈⋈⋈⊞⋈⋈⋈⋈⊞∈⊤∈⋈⊤∈⋈⋈⊞⊤∈⋈⊞⋈⋈⊡⊞⊞⊤∈∋⋈⋈⊙⊤∈⋈⋈⋈≺⊤∈∋⋈⋈⊙⊤∈∋⋈⋈≻⋈⋈⊞⋈≺⋈⊡⊞⋈⋈≺∋⋈⊞⊞⊡⊡⋈⋈⋈⊞≺∋⊡⊙⋈⋈⊞⋈⊡⋈⊞⊞⊞⋈⋈⊥⋈⊥⊤∈∈⋈∈⋈≻∋∈⋈⊞⋈⋈⋈≻⊤∈∋⋈≺∋⋈⋈⋈⋈⋈⋈⊤∈⊤∈⊞⋈⋈⋈∈⋈⋈⊙⊤∈⋈⋈⋈⋈⋈⋈⋈⋈⋈⋈⋈⋈⋈⊞⊞⊞⋈⋈⋈⋈∈⋈⊤∈⋈⋈≺∋⋈⊤∈⋈⋈⋈⋈⋈⋈⋈⋈⋈⋈⋈⋈≻⋈⋈⋈⊤⊥⊤⊥⊞∈⋈⊞⊞∈⊤∈⋈⊞∈⊤⋈∈∋∋∋⊞∋⋈⊤∈⋈∈⋈⋈⊤∈⋈⋈⋈≻∋⊞⊞∈∋∋⋈⋈⋈⋈≻≺⋈⋈≻⋈⊤∈⋈≻⋈∋⊞⋈⋈⋈⋈⋈⋈⊤∈⊞⋈⋈⊞⋈⋈⊞⊞⋈⊞⊤∈∋∋⋈≻∋⊤∈⋈⋈⋈⋈⊞⊤∈⋈⋈⊞⊥⋈⊞⊤⊥⊞∈⊤∈⋈⋈⋈⋈⋈⋈⋈≻⊤∈⋈⋈≺∋⋈⋈⋈⊙⊤⋈∈⊞⋈⋈∈⊤∈⊤∈⋈⊞⋈≺⋈⋈⋈⋈⋈⋈≻⋈⋈⋈⋈⋈⋈⋈∈⋈⊞⋈⊤∈⋈⋈≻⋈⋈≺∋⊞⋈⋈⊞⋈⊞⋈⋈⊞∈∋≺⋈⋈⊤⋈⋈∈∋≺∋⊤∈∋∋∋⋈⊞⊞≻∋⋈⋈≻⋈⋈≺∋∋⊤∈⋈∈⋈⊞⋈⊤∈⋈⋈≻⋈≺∋⊞⋈⋈⋈⊞⋈⋈⊞⋈⊤⋈∈∋≺∋⊤∈⋈⋈⋈⋈≻∋⋈⋈∋⋈⊤∈⋈∋⋈∈⋈⋈⋈⊞⊤⋈⋈⊥⋈⊞⊤∈∋⊤∈⋈⊞⊞⋈⊞⊞⋈∈⋈⋈⋈⋈⊞⊞⊤∈∋∋∋∋⋈⋈⋈⊞⋈⋈≻⋈⋈⋈≻⋈⊞⋈⋈⋈⋈⋈⋈⊣⋈⋈≺∋⊞∋⋈≺∋
0x440fa0	⊢⋈⋈⋈⋈⋈⋈⋈⊞⋈⋈⋈⋈⋈⋈⋈⋈⊙⋈⊤∈⋈⋈⋈⋈⋈∈≻⋈⋈⊤∈⋈⋈⊙⋈≺⋈⋈⋈⋈⋈⊤∈⊞⋈⋈⊞⋈⊞⊞⋈≺∈⋈⋈⊤⋈∈⋈⊞⋈⊞⊤∈⋈⋈⊞⊞≺⋈⊞⊞⊞⊤∈⋈⋈⊞⊞⊡⋈⋈⋈⊞⊞⊞⊞⊞⊞≺⋈⋈⋈≺∋∋∋⋈⋈⋈≻⋈⊞⊤∈⋈⊞∈⊤∈⊤∈∈⋈⊤∈∋∋⊤∈⊤∈∈⋈⊤∈∋∋⊞⋈⋈⊙⊤∈⋈⋈⋈⋈⊤∈∈⊤∈⋈⊞⋈⊙⊤∈∋≺⋈⊞⊡∈⊞⊤∈∋⋈⋈⊤∈⋈⊤∈⊤⋈⊞≺∋∋⊞⋈⋈∋⋈⊞⋈⊞⋈⊤∈∋⊤∈⊞⋈≺⋈⊤∈⋈∈⋈⊤∈∋⋈⋈⋈⋈≻⋈≺∋∋∋⋈⊞⊞⋈⋈⊙⊤⋈∈⊤∈⊞⊞∈⋈⋈⋈⋈⋈⋈⋈⋈⋈≻⊤∈⊞⊤∈∋∋⋈⋈≺∋⋈⋈⊙⊤∈∋≺∋∋∋∋∋⋈∋∋⋈⊞⋈⋈⋈⋈⋈⋈⊣≺≺∋∋∋∋⋈⋈⋈⋈⋈≻
0x418be5	⊢⋈⋈⋈⋈⋈⋈≺
0x444ad0	⊢⋈⋈⋈⋈⊞⋈⋈⋈⊞⊥⋈≻⋈⊞⋈⊞⊞⊞⋈⋈⋈⊞≻⊞⋈⋈⋈⊣
0x3eae80	⊢⋈⋈⋈⊞⋈⋈⋈⋈⊤∈⋈⋈⋈∈⋈⋈⊞⊞⋈⋈⋈⊤⋈∈∋≺⊤∈⋈⋈⋈⊡∈⋈⋈⊞⊞⋈⋈⋈⊤⋈∈∋∋⊞⋈⊞⋈⊞⋈⋈⋈⋈⋈≻⋈⊞⋈⊞⋈⋈⋈⊞≺∋≻⊞⋈⋈⊣
0x418aa3	⊢⋈⋈⋈⋈⋈⋈⋈⊞⋈⋈⋈⋈⋈⋈⋈⊙⊤∈⊞∈⊤⋈∈⊤∈⋈⋈⊤∈⋈⋈⋈⊙⋈⋈⊤∈∋⋈⋈⋈⋈⋈⋈⋈⋈⋈⋈⋈⋈⋈≻⊤∈⋈⋈⋈⋈⊙⋈≺⊤∈⋈⋈⋈⋈⊙⋈⋈⊤∈∋⋈⋈≻≺∋∋∋∋∋⊞⋈⊞∈∋∋⋈⊤∈⋈⋈⋈⋈⊙⋈∋⋈⊞⋈⋈⋈⋈⋈⋈⊣
0x419cf9	⊢⋈⋈⋈⋈⋈⋈⋈⊞⋈⋈⋈⊤∈⋈⋈⋈⋈⊞⋈⋈⋈⋈≻⋈⋈⋈⊞⋈⋈∈⋈⋈⊤⊥∈⋈⊤∈⋈⋈⋈⋈⊞⋈∈⊤∈⋈⊞⋈⋈⊞⊤∈⊞⊞⋈≺⋈⊞⊞⊞⊤∈⊞⊞⋈⋈⊞⊞⊞⊞⊞⊞⊤∈≺⋈≺∋∋∋⋈⊞⊤∈⋈⊞∈⊤∈⋈⋈⋈⊞≻⊤∈⊤∈⊤∈⊞⊤⋈∈∋⊞⊞∈⊤∈⋈⊞⊤∈⋈⋈⊞⋈⊥⊞⊥⋈⊤∈⊞⊤∈∋≺⋈⊤∈⋈⊤∈≺∋∋⊞⊞∈⋈⊞⊤∈⋈⋈⋈⊞⊤∈∋∋⊤∈⊤∈∈⊤∈∋∋⋈⊤∈⋈⋈⊞∈⊤∈⊤∈⊤∈⊤∈⋈≺∋⋈∈⊤∈⋈⊤∈⋈⊞⋈⊞⊤∈⊞⊞⊞⋈≺⋈⊞⊞⊞⊤∈⊞⊞⊞⋈⋈⊞⊞⊞⊞⊞⊞⊤∈∋∋⊞≺⊞≺⊞≺∋∋∋⋈⊞⊞⋈⊤⊥⊤∈∋∋∋∋∋⊤∈⋈⋈⋈⋈⊙⊤∈∋⊤∈⊤∈⊤∈⋈∋⋈⋈≺⊞⋈≺∋⋈∋⊞⋈∈∈∈⋈⋈⊤∈⋈⊤∈⊤∈⊤∈⋈≺∋⋈⋈⋈⊞∈⋈⊞⋈⊤∈⋈⋈≻≺⊞⊤∈∈⊤∈⋈⊞⊤∈∋⋈∋⊞≺∋∋⊤∈⋈⊤∈⊤∈⋈⊤∈⊞⋈⋈⋈⋈≻⋈⋈⊞⋈∈⊤∈⋈⋈⋈⋈⋈≻∋⊞⊤⋈∈⋈⊤∈⊤∈⊤∈⊤⋈∈⊤⋈∈⊤⋈∈⊤⋈∈⊤⋈∈⊤⋈∈⊤⋈∈≺∋∋∋∋∋∋∋⋈⋈⋈⊙≺⊤∈∋⊤∈⊤∈∋⊞⋈⋈⋈∈⊞⊤∈⋈⊤∈⋈⊞⋈⊞⊤∈⊞⊞⊞⋈≺⋈⊞⊞⊞⊤∈⊞⊞⊞⋈⋈⊞⊞⊞⊞⊞⊞⊤∈∋⊞⊞≺⊞≺∋∋∋⋈⊤⊥⊞⊤⊥⊞⊤∈∋⋈≺∋⋈⊤∈⊤∈⊤∈⊤∈⋈⊞⊤⋈∈∋⊞⊞∈⊤∈⋈⋈⊞⊞⋈⊤⊥⊤∈⊞⊞⊞⋈⊤∈≺∋⋈⊤∈⋈⊤∈∋∋⊞⊞∈⋈⋈⊞⊞⋈⊤⊥⊤∈∋∋⊞⊞⊞⊞⊤∈∋∋⊞≺≺∋∋∋∋⋈⊞⊞⊤⋈⊥⊤⊥⊤⊥⊞∈⋈⊤∈⊞⊤∈⋈⋈⋈≻∋⊤⋈∈∋≺≺∋⋈⋈⋈⋈≻⋈⋈⋈⋈⋈⊙∋⊞⊞⊤∈∋≺⊤∈∋⋈⋈⊞⋈∈⊤∈∋∋∋∋∋∋∋∋⋈⋈⋈⋈⋈⊙⊤⋈⋈∈∋≺⋈⋈⊤∈⋈⊞⋈⊞⊤∈⋈⊞⊞≺⋈⊞⊞⊞⊤∈⋈⊞⊞⋈⋈⊞⊞⊞⊞⊞⊞≺⋈⋈≺∋∋∋⊤∈⋈⊞⊞⋈⊤∈∋∋⊤∈⋈⋈⋈⋈⊞⊙⋈≺⊤⋈∈∈⊤∈⋈⋈⋈⋈⋈⊙∋⊤∈⊤∈∋∋⋈⋈⋈⊞⋈⋈⋈⋈⊙⊤∈⊤∈∋⋈⊞⊞⋈≺∋≺⋈⋈⋈⋈⋈≻⊤∈⋈⊤∈∋⋈≺⊤∈⋈⊞⋈⊞⊤∈⊞⊞⋈≺⋈⊞⊞⊞⊤∈⊞⊞⋈⋈⊞⊞⊞⊞⊞⊞≺∋∋∋⋈⋈⋈⊤∈⋈⋈⊙⊤∈⊤∈⋈∋∋⋈⋈⋈⊙⊤∈⊤∈⊤∈∋⋈⋈≺∋⋈∋⋈≺∋⋈≻∋⊞⊞≺⋈⋈⋈⋈⊙⊤∈∋∋∋∋∋∋∋∋⋈≺∋∋⊞⋈⋈⋈⋈⋈⋈⊣≺∋⊞⊞∋⋈⋈≺∋≺∋∋⋈⋈⋈⋈≺⊤∈∋∋⋈≻∋∋⋈⋈⊤∈∈⋈⋈⋈⋈∋⋈≻∋⊞≺∋∋∋∋∋⋈⋈⋈⋈⋈⋈≻∋⊞⊞≺∋
0x41ed40	⊢⋈⋈⊞⋈⋈⋈⋈⋈⋈⊞⋈⋈⋈⋈⋈⋈⋈⋈⋈⋈⋈≻⊞⋈⊣
0x405d36	⊢⊤⋈∈⋈⋈⋈⋈⊙⋈⋈⊞⋈⊤∈⋈⊞⊞⋈⊞⊤∈⊞⊞⋈⊞⊤∈⊞⊞⊞⊞⋈⋈⋈⋈⋈⊞⋈⋈⋈⋈≺⊞⋈⋈⋈≺⋈⋈≺∋∋∋⋈⋈⋈≻⊞⋈⊣
0x3ea170	⊢⋈⋈⋈⋈≺
0x41a8dd	⊢⋈⋈⋈⋈≺
0x424910	⊢⋈⋈⋈⋈⋈⋈⋈⊞⋈⋈⊤∈⊤∈⋈⋈⋈⋈⋈⋈⋈⋈⊙⋈⋈⊤∈≺⋈⋈⋈⊤⋈⋈⋈⋈⋈∈⋈⋈⋈⋈⋈⋈⋈⋈⋈⋈≺∋⋈⋈≻⊤∈⊤∈⋈⋈⋈⋈⋈⊙∋⊤∈⋈⋈⋈⋈∋⋈⋈⋈⊙≺⋈⊤∈⋈⊞∈⋈⋈⋈≻⊤∈⋈⋈⋈≻⊤∈⋈⋈⋈⋈⋈⋈≻⊤∈∋∋⋈≺⊤∈⊞⊤∈⋈⋈⋈⋈≻∋⋈⋈⋈⋈⋈≻⊞⊞∈∋≺∋∋∋⊞∋∋∋⊞⋈⋈⋈⋈⋈⋈⊣
0x4112ce	⊢⋈⋈⋈⊞⋈⋈⊞⊤∈⋈⋈≺⊤∈⋈⊞⋈⋈≺∋∋⋈⋈⋈≻⋈⊤∈⋈⋈⊤∈⊞≺⊤∈⋈⊞⋈∈⊤∈⊞⋈⊞⊤⋈∈∋⊤∈∋⋈⋈≺∋∋∋⋈⊞⊤∈⊤∈⋈⋈⋈≻⋈⋈⋈≺⊤∈⊞⋈⋈≻⋈⋈≻⋈⋈⋈≺⊤∈⊤∈⋈≺∋∋∋∋∋∋⊞⋈⋈⋈⊣
0x44a6a4	⊢⋈⋈⋈⋈⋈⋈⋈⋈⊞⋈⊞⋈⋈⊞⊤∈⋈⋈⋈⋈⋈≻⋈≺∋⋈⊞⋈⋈⊙⊞⋈⋈⋈⋈⋈⋈⊣
0x3eea30	⊢⋈⊤∈⋈⊣⋈⋈⋈⊞⋈⋈≺∈⋈⋈⊤∈⋈⊤∈⋈⊤⊥⋈⊤∈⊞⊤∈≺⊤∈⊞⊤∈⊤∈⊤∈∋∋⋈⊤⋈⊥⊤∈⋈⊤⋈⊥⊤∈⊞≺⊤∈⋈⊤⊥⋈⊤∈⊞⊤∈≺⊤∈⋈⊤∈⊞⊤∈∋⊤∈⊤∈∋∋⋈⊤⋈⊥⊤∈⊞≺≺⊤∈⋈⊤⊥⊤∈⊞≺∋∋⋈∋⋈⊤∈∋∋∋∋∋∋∋∋∋∋∋∋∋∋⋈⊞⋈⋈⊞⋈⊞⋈⋈⋈⋈⋈⊣
0x445010	⊢⋈⋈⋈⋈⋈⋈⊙
0x441490	⊢⋈⋈⋈⋈⋈⋈⋈⊞⋈⋈⋈⋈⋈⋈⋈⊙⋈⊤∈⊤∈⋈⋈⋈⊙⊤∈⋈⋈⋈⋈⋈⋈⋈⋈⋈⋈⋈⋈⋈⋈≻⊤∈⋈⋈⋈≻⊤∈⋈⋈⋈⊙⊤∈⋈⋈⋈≻⊤∈≺∋⋈⋈⋈⊙⋈≺∋∋∋∋∋∋⋈⊞⋈⋈⋈⋈⋈⋈⊣
0x3f96eb	⊢⊞⋈⋈⋈⊤⋈⊥⊤∈⋈⋈≺⊤∈⋈⋈∋⋈≻⊞⋈⋈⋈⋈⋈⋈⋈⋈⋈≻≺∋⊞⊣
0x40cd17	⊢⋈⋈⋈⋈⋈⋈⊞⋈⋈⋈⋈⋈⊞∈⋈⋈≺⊤∈⋈⊞⋈⋈≺∋∋⋈⊤∈⋈⋈⊤⊥⊤⊥⊞∈⊤∈⊤∈⋈⋈⋈≻≺⋈⋈⋈⋈⋈⋈⋈≻⋈⋈⋈⋈≺⋈⋈⋈⋈∋⋈⋈⋈⋈≻⋈≺⋈⊤⊥⊤∈⋈⋈⋈∋∋⊤∈⋈⋈≺⊞≺∋⋈⋈⋈⋈⋈⋈⋈≻⋈⋈⋈⋈⊤∈∋⋈⋈⋈⋈≻∋∋⊞⋈⋈⋈⋈⋈⋈⊣
0x446e30	⊢⋈⋈⋈⋈⋈⋈⊞⋈⋈⊞⋈⋈⊞⊙
0x3f6607	⊢⋈⋈⋈⋈⋈⋈⊞⋈⋈⋈⋈⋈⊞∈⋈⋈⋈≺⋈⊤∈⋈⊞⋈⋈≺∋∋⊤∈⋈⊤⊥⊤⊥⊤∈⋈⊤∈⊤∈⋈⋈⊞⊥⋈⊤⊥⊞∈⋈⋈⊤∈⋈⋈⋈⋈⋈≻⋈⋈⊤∈⋈≺∋⋈⋈⋈⋈⊙⋈⋈⋈⋈⋈⋈⋈⋈≻⋈⋈⋈⋈≺⊞∋⋈≻∋⋈⋈⋈⋈≻≺⊤∈⊤∈∋∋⋈⋈⋈∋∋⊤∈⋈⋈⋈⋈≻≺⊞≺∋⋈⋈⋈⋈⋈⋈⋈⋈≻⋈⋈⋈⋈∋∋⊞⋈⋈⋈⋈⋈⋈⊣
0x41cab0	⊢⋈⋈⋈⋈⋈⋈⊞⋈⋈⋈⋈⋈∈⋈⋈⊤∈∈⋈⋈≺⋈⋈⊤⋈∈⊤∈⊤∈⋈⋈⋈⊞⋈⊞⋈⋈⊞⊞⋈∈⊤∈⊞⊞⋈⋈≻⋈⋈≺⋈⊞⋈⋈⊞⋈⋈⊞⊞⊞⋈⊞⊞⊞⊞⊞⋈⊞∈∋⊞⊞⊞⊞⋈∋⋈≺∋∋⋈∋⊤∈∋⋈⋈≺∈⋈⋈∋⋈≻⋈⋈⋈⊤∈⊤∈⊞⋈⋈⋈∋⋈⋈≻≺⊤∈⋈⊞∈⋈≺⊞⊞⋈⋈⋈⋈⋈≺⊤∈⊞⋈⋈⋈≻⊞⋈⋈⋈⋈⋈≺⊤∈⋈∋∈⋈⋈⋈≻∋⋈≺∋⊞⋈⋈≻⋈⋈⊤∈⋈⋈⋈⋈≻⊤∈⋈≺⋈≺⋈⊞⋈⋈∋⋈⊤⋈∈⊤∈⋈⊤∈⋈≻⋈≺∋⋈⋈≺⊤∈⋈⊤∈⋈≻⋈≺∋⋈⋈≺⊤∈⋈⊤∈⋈≻⋈≺∋⋈⋈≺⋈⊤∈⊤∈⋈⊤∈⋈≻⋈≺∋⋈⋈⊤∈∋⋈⋈⋈≻⋈⊤∈⋈≻⋈≺∋⋈⋈≺∋∋∋∋⊞⋈⊞⊤∈∋≺∋∋⋈⋈⋈∋∋∋⊞⋈⋈⋈⋈⋈⋈⊣⋈⋈⊞⊙
0x3ea190	⊢⋈⋈⋈⋈⋈≺
0x3f3082	⊢⋈⋈⋈⋈⋈⋈⊞⋈⋈⋈⋈⋈⊞∈⋈⋈⋈⋈≺⋈⊤∈⋈⊞⊞⋈⋈⋈≺∋∋⊤∈⋈⊤⊥⊤⊥⊤∈⋈⊤∈⊤∈⋈⋈⋈⋈⊞⋈⋈⋈⋈⋈⋈≺⋈⋈⊞⊥⊞⊤⊥⊞∈⊞⊤∈⊤∈∋∋⋈⋈⋈≺⊞≺∋⋈⋈⊤∈⊤∈⊤∈⋈⋈⊞⊥⊞⊤⊥⊞∈⊤∈⋈⊞⋈⋈⋈⋈≻⋈⊤∈⋈⋈≺∋⋈⋈⊙⊞∋⋈⋈≻∋⋈⋈⊤∈⋈⊞⋈⋈⋈≻⊤∈∋⋈⋈≻∋⋈≺⋈⋈≺∋⋈⋈⋈⊙⋈⋈⋈⋈⋈⋈≻⋈⋈⋈≺⋈⋈≺∋∋∋⋈⋈⋈⋈⋈⋈≻⋈⋈⋈∋⋈∋⊞⋈⋈⋈⋈⋈⋈⊣
0x3ef070	⊢⋈⋈⋈⊤∈⊞⊞⋈⊞⋈≺⊞⊞⋈≺
0x3ec3b0	⊢⋈⋈⋈⊞⋈⋈⋈≻⋈⊞⋈⊞⋈⋈⋈⊞≻⊞⋈⋈⊣
0x40eae6	⊢⋈⋈⋈⋈⋈⋈⊞⋈⋈⋈⋈⋈⋈⊞∈⋈⋈≺∋⊤∈⋈⊤∈⋈⊤∈⋈⋈⋈≻⊤∈⋈⋈≻⋈⋈⋈⋈⊙⋈⋈⊤∈∋⋈⊤∈⊤∈⋈≺⋈⊤∈⋈⋈⊞⊥⊞⊤⊥⊞∈⊞∈⋈⋈≻∋⊤∈⋈⊞⋈⋈⋈⋈≻⊤∈∋⋈⋈⋈≺∋⋈⋈⊙⋈⋈≺⋈≺∋∋∋⋈⋈⋈⋈⋈⋈≻⋈⋈⋈⋈≺∋⋈≺∋⋈⋈⋈⋈⋈⋈≻⋈⋈⋈≺∋⋈⊞⋈⋈⋈⋈⋈⋈⊣
0x3f0420	⊢⋈⋈⊞⋈⋈⋈⊡∈⋈⋈⊞⊞⋈⋈⋈⊤⋈∈∋⊞⋈⊞⋈⊞⋈⋈⋈⋈≻⊞⋈⊣
0x44c14b	⊢⋈⋈⋈⋈⋈⋈⋈⋈⋈⋈≻⊤∈⋈⋈≻⋈⋈⋈⋈⊙⋈⋈⋈⊞⋈⋈⋈⋈⊣
0x3e8c0e	⊢⋈⋈⋈⋈⋈⊙
0x4164b4	⊢⋈⋈⋈⋈⋈⊙
0x3e9df0	⊢⋈⋈⋈⋈⋈⊙
0x404224	⊢⋈⋈⊤∈⊞≺⊞⋈⊤∈⋈⊤∈⋈⋈⋈⊤∈∈⋈⊞∈∋∋⋈⋈⊞⋈⊞⊞⋈⋈≺∋⋈⊤∈∈⋈⊤∈⋈≻∋⋈≻⊞⋈⋈⊤∈∋⋈≺∋⋈⊤∈⋈⋈⊞⊞∈⋈⋈⊞∈∋≺∋⋈⋈⋈⋈⊞⊞∋⋈⊣
0x3e8c27	⊢⋈⋈⋈⋈⋈⋈⋈⋈⋈⊤∈⋈⊤∈⊤⋈⊞∋∋⋈⊞⋈⊤∈⋈⋈⋈⋈⋈≻⋈≺∋⋈⊤∈⋈⊞⊞⋈⊞⊤∈⊞⊞⋈⊞⊤∈⊞⊞⊞⊞⋈⋈⋈⋈⊞⋈⋈⋈≺⊞⋈⋈≺⋈≺∋∋∋⊞⋈⊞⊞⋈⋈⋈⋈⊣
0x405c22	⊢⋈⋈⋈⋈⋈⋈⋈⋈⋈⊤∈⋈⊤∈⊤⋈⊞∋∋⋈⊞⋈⊤∈⋈⋈⋈⋈⋈≻⋈≺∋⋈⊤∈⋈⊞⊞⋈⊞⊤∈⊞⊞⋈⊞⊤∈⊞⊞⊞⊞⋈⋈⋈⋈⊞⋈⋈⋈≺⊞⋈⋈≺⋈≺∋∋∋⊞⋈⊞⊞⋈⋈⋈⋈⊣
0x444ee0	⊢⋈⋈⋈⋈⋈⋈⋈⋈⊤∈⋈⊤∈⊤⋈⊞∋∋⋈⊞⋈⊤∈⋈⋈⋈⋈⋈⋈≻⋈⋈⋈≺∋⋈⊤∈⋈⊞⊞⋈⊞⊤∈⊞⊞⋈⊞⊤∈⊞⊞⊞⊞⋈⋈⋈⋈⊞⋈⋈⋈≺⊞⋈⋈≺⋈≺∋∋∋⊞⋈⊞⋈⋈⋈⋈⋈⊣
0x3e9e90	⊢⋈⋈⋈⋈⋈⋈⋈⋈⊤∈⋈⊤∈⊤⋈⊞∋∋⋈⊞⋈⊤∈⋈⋈⋈⋈≻⋈⋈⋈≺∋⋈⊤∈⋈⊞⊞⋈⊞⊤∈⊞⊞⋈⊞⊤∈⊞⊞⊞⊞⋈⋈⋈⋈⊞⋈⋈⋈≺⊞⋈⋈≺⋈≺∋∋∋⊞⋈⊞⋈⋈⋈⋈⋈⊣
0x3e8d29	⊢⋈⊞≻⊞⋈⊣
0x444e70	⊢⋈⋈⋈⋈⋈⋈⋈⋈⋈⋈⊞⊤∈⋈⋈⋈⋈⋈⋈≻⋈⋈≺∋⋈⊞⋈⊙⊞⋈⊞⋈⋈⋈⋈⋈⊣
0x3e9e30	⊢⋈⋈⋈⋈⋈⋈⋈⋈⋈⋈⊞⊤∈⋈⋈⋈⋈≻⋈⋈≺∋⋈⊞⋈⊙⊞⋈⊞⋈⋈⋈⋈⋈⊣
0x41db8f	⊢⊤∈⋈⊤∈∋⊞⊣⋈⋈⋈⋈⋈⋈⊞⋈⋈⋈⋈∈⋈⋈⋈⋈⋈⋈⋈∈⊤∈⋈⋈⋈⋈⋈⊞⊥⋈⊙⊞⊤⊥⊤⊥⊥⊞⊞⊞⋈⊤∈∋⋈⊤∈⊞⋈⊞≺∋⋈⊞∈⊞≺∋⊞⋈⋈⋈⋈⋈⋈⊣⋈⋈⋈≺∋
0x40e4c9	⊢⋈⋈⋈⋈⋈⋈⋈⋈⋈⊞∈⋈⋈≺∋⊤∈⋈⋈≺⊤∈⋈⊞⊞⋈⋈≺∋∋⋈⊞∈⋈⋈≻⋈⋈∋⊤∈⋈⋈≺⊤∈⋈⊞⋈⋈≺∋∋⊤∈⋈⋈⋈≻⊤∈⊞⊞∈⋈⊞⊡⋈⊥⊤∈∋⊤∈⊞⊞∈⊤∈⋈⋈⊤∈⋈⊤∈⋈≻∋⋈⋈⊞⋈≺⊤∈⋈⋈⋈⋈⊙⊤∈∋⋈⋈≻⋈⋈⋈⋈⋈⋈≺⊞⊡⋈⊥∈∋≺∋∋∋∋∋⊞⋈⋈⋈⋈⊣
0x3ec750	⊢⋈⋈⋈⋈⊞⋈⋈⋈⋈⊤∈⋈⋈⋈⊡∈⋈⋈⊞⊞⋈⋈⋈⊤⋈∈∋≺⊤∈⋈⋈⋈⊡∈⋈⋈⊞⊞⋈⋈⋈⊤⋈∈∋∋⊞⋈⊞⋈⊞⋈⋈⋈⋈⋈≻⋈⊞⋈⊞⋈⋈⋈⊞≺∋≻⋈⋈⊤∈⋈⋈⋈⋈⊙⋈⋈⊤∈⋈⋈⊤∈⋈⋈⋈⊞∈⋈⋈⊞⊞⋈⋈⋈⊤⋈∈∋≺⊤∈⋈⋈⋈⊡∈⋈⋈⊞⊞⋈⋈⋈⊤⋈∈∋∋⊞⋈⊞⋈⊞⋈⋈⋈⋈⋈≻⋈⊞⋈⊞⋈⋈⋈⊞≺∋≻∋∋⊞⋈⋈⋈⊣
0x424ca0	⊢⋈⋈⋈⋈⋈⋈⋈⊞⋈⋈⋈⊤⊥⋈⊤⊥⊞∈⋈⋈⋈⋈⋈⊤⋈⋈∈⋈∈⋈⊞⋈⋈⊤∈⋈⋈≻⋈≺⊞⊤∈⊞≺∈⊤∈⋈⊞⊤∈∋⋈⊞≺∋∋∋⊤∈⊞⊞⋈⊤⊥⊤⊥⊞∈⋈⋈⊞⋈≻⊤⋈⋈∈∋≺⋈⋈⋈⋈≺∈⋈⊞⋈⋈⊤∈⋈⋈≻⋈⊤∈≺⊞⊤∈⊡∈⊤∈⋈⊤∈⊡⊞⊤∈∋⋈∋⊞⊤∈∋∋⊞⊞⋈⋈⊞⊥⊤⊥⊞∈⋈⋈⋈⋈⊙⋈⊤∈∋⊤∈∋⋈⊞≺⋈⋈⋈⋈≺≺∋∋∋⋈⊞⋈⊞≺∋∋∋∋⋈⊞⋈⋈⋈⋈⋈⋈⊣
0x3e9fe0	⊢⋈⋈⋈⋈⋈⋈⋈⋈⋈⊞∈≻∋⋈⋈⋈⋈⋈≻⊤∈⋈⋈≻⋈⋈⋈⋈≺⋈⋈⋈⋈⊙⊞⋈⋈≻⊤∈⋈⋈⋈⋈⋈⋈⋈⋈⋈≺∋⊞⋈⋈⋈⋈⋈⋈⊣
0x444db0	⊢⋈⋈⋈⊞⋈⊞⊤∈⋈⋈⋈⋈⋈⋈⋈⋈⋈≻⋈⋈⋈⋈⋈⋈∋⋈⋈⊞⋈⋈⊣
0x444cb0	⊢⋈⋈⋈⋈⋈⋈⊞⋈⋈⋈⊞∈⋈⋈⋈⋈⋈⋈⋈⋈⋈≻⋈⋈⋈⋈⋈⋈⋈∋⋈⋈⋈⋈⋈⋈⊙⊤∈⋈⋈≻⋈⋈⋈⋈⊞⋈⋈⋈⋈⋈⊣
0x448e1d	⊢⋈⋈⋈⋈⋈⋈⋈⊞⊥⋈⊤⊥⊞∈⊞∈⋈⋈≻∋⋈⋈⋈⊤∈⋈⊞⋈⋈⋈≻⋈⋈⊤∈∋≺∋⋈⋈⋈⋈⊙⋈⋈⋈⋈⋈⋈⊣
0x405938	⊢⊤∈⋈⊤∈⋈⋈⋈⋈⊞≻⊞⋈⋈⋈≺∋⋈⊣
0x411d7a	⊢⋈⋈⋈⊞⋈⊞⊤∈⋈⊤∈⋈⊞⊤∈∋⋈⊞⋈⋈≺∋⋈⊤⊥≺∋⋈⋈⊞∈⊤∈∋⋈⋈⋈⋈⋈⋈⋈⋈⋈⋈⋈≻⋈⋈⋈⋈⋈⊤∈⋈⋈⋈≻≺⊤∈⋈⋈⋈≻⊤∈⋈⊤∈⋈⊞⊤∈∋⊞⊞⋈≺∋⊞∈⋈⊞⊞∈∋≺∋⊞⊤⊥⋈⋈⋈∋∋⊞⋈⋈⋈⊣
0x3f04a0	⊢⋈⋈⋈⊞⋈⋈⋈≻⋈⊞⋈⊞⋈⋈⋈⊞≻⊞⋈⋈⊣
0x3f7556	⊢⋈⋈⋈⋈⋈⋈⋈⋈⋈⊞⋈⊞⊤∈⋈⊞⋈⊞∈⋈⊤∈⋈⋈⋈≻∋⋈⊤∈⋈⋈⋈≻∋⊞⊞∈∋∋⋈⋈⋈⋈⊞⋈⋈⋈⋈≺
0x4415b0	⊢⋈⋈⋈⋈⋈⋈⋈⋈⊤∈⋈⊤∈⋈⋈⋈⊤∈⋈⋈⊡∈⋈⋈∈∈∈∈⊤∈⊤∈⋈⊤∈⊤∈⊞⊡∈⊤∈⋈⊞⊤∈∋⋈⊞≺∋⋈⋈⊤∈⊤∈⊤∈⊤∈⊞⋈≺⊤∈⊤∈∋∋∋⋈⊞≺∋∋∋⊞⋈⊞∈⊞⋈⋈⋈⋈⊤∈∋⋈⋈⊤∈∋⊤∈⋈⊤∈∋≺⊤∈∋⊤∈∋≺∋⋈⋈⊤∈⋈≺⊞⊞⋈⋈⋈≺⋈⋈∈⊤∈∋⋈⋈≺⋈⊤∈⋈⋈⋈⊤∈⊞⊞⋈⋈⋈≺⋈⊤∈∋⋈⋈⋈⋈⋈⋈≻∋⋈⋈⋈⊤∈∋⋈⋈⋈⊞⊡∈⊤∈⋈⊞⊤∈∋⋈⊞≺∋⋈⋈⊤∈⊤∈⊤∈⊤∈⊤∈⊤∈∋∋∋⋈⊞⊞⋈≺∋∋∋⊞⋈⊞∈∈⋈⋈≺∋⋈⋈⋈⋈≻∋⋈∋⋈⊞⊞≻∋⊞⋈⋈⋈⋈⋈⊤∈∋≺∋⋈⋈⋈≺∋∋∋∋∋∋⋈⋈⋈⋈⋈⋈⊣
0x3e8d36	⊢⋈⋈⋈⋈⋈⋈⋈⋈⋈⋈⊤∈⋈⊤∈⊤∈⋈⊤∈⋈⋈⊞⊥⊞⊤⊥⊞∈⋈⋈≺⋈⊤∈∋⋈⋈⋈⋈≺≺⋈⊤∈⊤∈⋈≺⋈⊤∈⋈⋈⊞⊥⊞⊤⊥⊞∈∋⊞⊤∈⋈⊞⋈⋈⋈⋈≻⊤∈∋∈⋈⋈≻∋⊤∈⋈⊞⋈⋈⋈≻⊤∈∋⋈⋈≺∋⋈⋈⋈⊙∋∋⋈⋈⋈⋈⋈⋈⋈≺∋⋈⋈⊙⋈⋈≺⋈≺∋∋∋⋈⋈⋈⋈≺∋∋⊞⋈⋈⋈⋈⋈⋈⊣
0x411416	⊢⋈⋈⋈⋈⋈⋈⊞⋈⊞⊤∈⋈⊤∈⊞⋈⊤∈⋈⋈⊞⋈∈⋈≻⋈⋈⋈⋈⊞⋈⋈⊡⊞⊞⋈⊞⊞⊞⋈⋈≻⋈⊡⊞⊞⋈⊞⊞≺∋⋈⊞⊞⊞⊞⋈⋈⊙⊤∈⋈⊞⊡⊡⋈⋈⊞⊞≺∋⋈⊞⊞⋈⊤∈⊞⊞⊞⊤∈⊙⊞⋈∈∈∋⊞⋈⊞⊞⋈⋈⊞⋈⋈⊞⊤⋈⊥⊤∈⋈⊞⊤⊥⊤⊥⊥⊞∈⋈⊤∈⋈⋈⋈⊤∈⋈⋈⋈⋈⋈⋈⋈⋈⊞⋈⋈⊞⊞⋈⋈⋈≻≺∋⋈⋈⋈⊤∈⊞⊞⋈≺⋈⊞⊞⋈⋈⋈⋈⋈⋈⋈≻⋈⋈⋈≺∋∋⋈⊤∈⊞∋⋈≺∋⋈⋈⋈⋈⋈⋈⋈⋈⊞⋈⊞⋈⋈⋈≻⋈⋈⋈≻⋈⋈⋈⊤∈⋈⋈⊤⋈∈⊤∈⋈⋈∋⊤∈⋈⋈≺∋⊤∈∋⋈⊞⊞⊞⋈⋈⋈⋈⋈⋈⋈⋈≻≺∋⊤∈⋈⋈⋈⋈≻≺∋∋⋈⊤∈⋈⋈⋈≻≺∋∋⋈⋈⋈≻⋈⋈⊞⋈⊞⋈⋈∈⋈⋈⊤⋈⋈⊥⊤⋈⋈⊥⊥⋈⊤∈⋈⋈⋈⋈⊤⋈⋈⊥⋈≺∋⊤∈⊞∈⊤∈⊞⊤∈⋈⊤⋈∈∋∋∈∋∈⊤⋈⋈⊥⊤⊥⊥⋈⊤∈⋈∋⊤∈⊤⋈⋈⊥⊤⊥⊞∈⊤∈⋈⊤⋈∈∋∋∈⊤∈⋈⋈⋈⋈≻∋⋈⋈⋈⋈⋈⋈⋈⋈⋈≻⋈⋈⋈⋈⋈∋∋⋈⋈⋈⋈⋈⊤∈⋈⋈⋈⋈≻≺∋⊤∈⋈⊤∈⋈⊞⊤∈⋈⊡⊞⊞⊤∈⋈⊡⊞⋈≺∋⊞⊤∈∋∋∋⊤∈⋈⋈⋈⋈≻∋⋈⋈⋈⋈⋈⋈⋈≻⋈⋈⋈⋈⋈⋈⋈⋈≻⊤∈⋈⋈⋈⋈≻∋⋈⋈⋈⋈⋈⋈⋈≻⊤∈⋈⋈⋈⋈≻≺∋∋⋈⋈⋈⋈≺∋⋈⋈⊤∈∋⋈⋈⊤∈⊤∈⊞⊡⊡⋈⋈⊞⊞⊞⋈⋈⊞⋈⊡⋈⊞⊞⊞⊞⋈⊥⋈⋈⊥⊤∈⋈⊞⊞⋈⊞⊞⊤∈⋈≺∈⋈⊞⊞⊞⊞⊤⋈⋈∈∋≺∋∈⊤∈⊤∈∋⋈≻∋∋∋⋈≻⋈⋈⊞⊞⊞⊞∋⊞⊤⊥≺∋⊞⊤⊥⋈⋈⋈≺⊞⋈≺∋∋⋈⋈⋈≺∋∋∋⊞⋈⋈⋈⋈⋈⋈⊣
0x426ee0	⊢⋈⋈⋈⋈⋈⋈⋈⊞⋈⋈⊤∈⋈⊤⊥⊤⊥⊞⋈⋈⋈⋈⊤∈⊤∈⊤∈⋈∈⊤∈⋈⊤∈⊤∈⊤∈⊤∈⋈⊤∈≺∋⊞⋈≺⋈⊤∈⊤∈⋈⋈⋈⋈≻⋈⋈⋈⋈⋈⋈⋈⋈⋈⋈⋈⊞∈⋈⋈⋈⊤⋈⋈∈∋≺⊤∈⋈∈⊤∈⋈⊤∈⊤∈∋⋈≺⋈⋈⋈⋈≻⋈⋈⋈⋈⋈⋈⋈⋈⋈⋈⊞∈⋈⋈⋈⊤⋈⋈∈∋≺⊤∈⊤∈⋈∈∈⊤∈⋈⊤∈⊤∈⊤∈⊤∈⊤∈≺∋⋈⊞∈⋈≺⋈⊤∈⋈⊤∈⊤∈⊤∈⊤∈⊤∈∋⋈≺≺∋∋⊞∋∋⊤∈⋈⋈⋈≻⋈⋈⋈⋈⋈⋈⋈⋈⋈⋈⊞∈⋈⋈⋈⊤⋈∈∋≺⋈⋈≺∋⊤∈⋈∈∈⊤∈∋⋈⋈⊞∈∋∋⋈∋∋∋∋∋∋∋∋∋∋∋∋∋∋⋈⋈⊤∈∋∋∋⋈⋈⋈≻∋⋈∋⊞⋈⊞≻⊤∈⋈⋈⋈≻⋈⋈⋈⋈⋈⋈⋈⋈⋈⊞∈∋∋∋∋⋈⊞⋈⋈≻⋈⋈⋈⋈⊤⋈∈∋≺∋∋∋∋⊞⋈⋈⋈⋈⋈⋈⊣⋈⋈≺∋
0x3ec6b0	⊢⋈⋈⋈⋈⋈⋈⊞⋈⋈⋈⋈⋈⋈⊙⋈⋈⊤∈⋈⋈⋈≻⋈⊤∈⋈⊞⋈⊞⋈⊙⋈⋈⊙≺∋⋈⋈⊤∈⋈⋈⊙∋∋⊞⋈⋈⋈⋈⋈⊣
0x40411e	⊢⋈⋈⊤∈⊞≺⊞⋈⊤∈⋈⊤∈⋈⋈⋈⊤∈∈⋈⊞∈∋∋⋈⋈⊞⋈⊞⊞⋈⋈≺∋⋈⊤∈∈⋈⊤∈⋈≻∋⋈≻⊞⋈⋈⊤∈∋⋈≺∋⋈⊤∈⋈⋈⊞⊞∈⋈⋈⊞∈∋≺∋⋈⋈⊞⋈⊞⊞⋈⋈⋈∋⋈⊣
0x3f28a8	⊢⋈⋈⋈⋈⋈⋈⊞⋈⋈⋈⋈⊞⊤⋈∈⊤∈⋈⋈⊤∈⋈⋈⊞⊥⋈⊤⊥⊞∈⊞⋈⋈≺⋈≺∋∋⋈∈⋈⋈⊤∈⊤∈⋈⊤∈⋈⋈⊞⊥⊞⊤⊥⊞∈⋈⋈⋈⊤∈⋈⊞⋈⋈⋈⋈⋈≻⋈⊤∈⋈⋈⋈≺∋⋈⋈⊙⋈⋈⋈⊞∋⋈⋈≻∋⋈⊤∈⋈⋈⋈⋈⋈≻⋈⊤∈∋⋈≻∋⋈≺⋈⋈≺∋⋈⋈⋈⊙⋈⋈⋈≺∋⋈⋈≺⋈≺∋∋∋⋈⋈⋈⋈⋈⋈⋈⋈⊞⋈⋈⋈⋈⋈⋈⊣
0x3e8edb	⊢⋈⋈⋈⋈≺
0x4470a0	⊢⋈⋈⋈⋈≺
0x4049c2	⊢⊤∈⋈⋈⋈⋈⋈⋈⊞∈⋈⊤∈⋈⋈⋈≻∋⋈⊤∈⋈⋈⋈≻∋⊞⊞∈∋⋈⋈⋈∋⊣
0x3ec9b0	⊢⋈⋈⋈≺
0x424850	⊢⋈⋈⋈⋈⊞⋈⋈⋈⋈⊤∈⊤∈⊞⊞⋈≺∋∋⊞⋈⋈⋈⋈⊡∈⋈⋈⊞⊞⋈⋈⋈⊤⋈∈∋⊞⋈⊞⋈⊞⋈⋈⋈⋈≻⋈⊞⋈⋈⋈⊣
0x3e8eee	⊢⋈⋈⋈⋈⋈⋈⋈⋈⋈⋈≻⊤∈⋈⋈≻⋈⋈⋈⋈⋈⋈⋈⋈⊤∈⊞∈⋈⋈≻∋⋈⋈∈⋈⊞⋈⋈⋈≻⋈⋈⊤∈∋≺∋⋈⋈⋈⊙⋈⋈⋈⋈⋈⊞⋈⋈⋈⋈⋈⋈⊣⋈⋈⋈⋈⊙⋈⋈⋈⋈⊞⋈⋈⋈⋈⊣
0x401519	⊢⋈⋈⋈⋈⊞⋈⋈⋈⋈⋈⋈⋈⋈⋈⋈⋈⋈⋈≻⋈⋈⋈⋈⋈⋈⊞∈⋈⋈⋈≻∋⋈⊤∈⋈⋈⋈≻∋⊞⋈⋈⋈⋈⊣
0x443950	⊢⋈⋈⋈⋈⋈⋈⋈⊞⋈⋈⋈⊤∈∈⋈⋈⋈⊙⊤⊥≺⋈⋈⋈⋈⋈⊤∈⋈⊤∈⋈≺⋈⊤∈⋈⋈⋈⊤∈∋∋∋⋈⊤∈⋈⋈⊞⊞⊞⊞⋈⊞⊞⊞⊞⊞⋈⋈⋈⋈⋈⋈⊤⊡⊡⋈⋈∈⊞⊞⋈⋈⊞⊞⋈⊡∈⊡⊡⊡⊡⊞⊡⊡⊡⊡⊞⊞⊞⊤∈⋈⋈⊞⊡⊡⊡⊡⊡⊡≻⊡⊡⊡⊡⊡⊡⋈⊡⊡⋈≺⊞∋⊞⊞⊞⊞⊤∈⋈⋈⋈⋈⊡⊡⊡⊡≻⊡⊡⊡⊡⋈⊡⊡⊞≺∋⊞⊞⊞⊞⊤∈⋈⋈⋈⋈⊡⊡≻⊡⊡⋈⊡⊡⊞≺∋⊞⊞⊞⊞⊤∈⋈⋈⋈⋈≻⋈⊡⊡⊞≺∋⋈⊞⊤∈⊤∈∋≺∋∋⋈⊞⊤∈⊤∈⊡⋈⋈⊡∈⊡⊡⊞⊞⊞⊞⊤∈⋈⋈⊞≻⊡⊡⋈≺⊞∋⋈⊞⊤∈⊞⊤∈∋≺∋∋∋⊞⋈⊞⊡⋈⊡⊞⊞⊞⊞⊤∈⊞⋈⋈⋈⋈≻⊞≺⋈⊡∈⋈⋈⋈⊙⊤∈⊞⊞⊤∈∋⋈⋈⋈⋈⋈≻⊤∈⊤∈⋈⋈⋈⋈⊤∈⊤∈∈⊤∈∋∋⊤∈⋈⊤∈⋈⊞⋈⊞⊤∈⊞⊞⋈≺⋈⊞⊞⊞⊤∈⊞⊞⋈⋈⊞⊞⊞⊞⊞⊞≺∋∋∋⋈⊤∈⋈⊤∈⋈⊤∈⊤⋈⊞∋∋⊞∈⊤∈⊤∈⋈≺≺∋∋∈⋈⋈≻∋∈∋∋∋⊤∈⋈⊤∈⊤≺⋈⋈⋈⋈⋈⋈⊤∈⋈⋈⊤∈⋈⋈⋈⋈≺∈⋈⊞∈⊞⋈⋈∈⊤∈⋈∈⊞∈⊤∈⋈⊤∈⋈⊤∈∋⊞≺⋈⊞⊤∈⋈⋈⊤∈∋⊞⊞⊞≺∋∋⋈⊞⊤∈∋⋈⋈⊤∈∋∋∋∋⊞≺⋈⋈⋈⋈⋈⊞⋈∈⋈⊞∈⊞⊤⋈⊥⋈⋈⊡∈⊤∈⋈∈⊤∈∋∋⋈⊞⊤∈∋⋈⋈⋈≻⋈⊤∈∋∋⋈⋈≻∋⊞⋈⊤∈∋⊞⋈≺⋈⊞⊤∈⊞≺∋⊤⊥⋈≻⋈⋈⊤∈∋⊞⊞⊞≺∋⊞∋⋈⊞⊤∈∋≺∋∋∋∋∋∋∋∋∋∋∋⊞⋈⊞⋈⋈⋈⋈⋈⋈⊣
0x3fbfa5	⊢⊞⊤∈⊤∈≺⊤∈∋⊞⋈⊞⋈⋈⋈⋈⊞⋈≻⊞⊣
0x41a80e	⊢⋈⋈⊞⋈⊤∈⋈⊞⊞⋈⊞⊤∈⊞⊞⋈⊞⊤∈⊞⊞⊞⊞⋈⋈⋈⋈⋈⊞⋈⋈⋈⋈≺⊞⋈⋈⋈≺⋈⋈≺∋∋∋⊡⊥⊞⋈⋈⊞⋈⋈⊤∈⋈⋈⋈⋈⊙∋⊞⋈⊣
0x41a8cb	⊢⋈⋈⋈≺
0x43a900	⊢⊤∈⋈⋈⊤∈⋈⋈⋈⋈⊞⋈⋈⋈⋈⋈≺∋⋈⋈⊣⋈⋈⊤∈⋈⋈⋈⋈⋈⊣⊞⋈⋈⋈⋈⋈⋈⊞⊞⋈⊞⊞⊞⊞⋈⋈⊣
0x43c650	⊢⋈⋈⊤∈⋈⋈⊞⊞⊞⊞⊡∈⋈⊤∈⊤∈⋈⋈⋈⊣∋⋈⋈⊞⊞⊞⊤∈⋈⋈⋈⋈⊣⊞⊞⊞∈∋⋈⋈≺∋⋈⋈⋈⋈⊣
0x43a810	⊢⋈⋈⊞⊤∈⋈⋈⋈⋈⋈⋈⊣⋈⋈⊞⊙
0x4444d0	⊢⋈⋈⋈⋈⋈⋈⋈⊞⋈⊤∈⋈⊞⊞⋈⊞⊤∈⊞⊞⋈⊞⊤∈⊞⊞⊞⊞⋈⋈⋈⋈⋈⊞⋈⋈⋈⋈≺⊞⋈⋈⋈≺⋈⋈≺∋∋∋⋈⋈⋈⋈⊤⋈⊥⊞⊞⊤⋈⊥⋈⋈⊙⊞⋈⊤∈⋈⋈⊤∈≻∋⋈⋈∋⊤⊥⊞⋈⋈⋈⋈⋈⋈⊣
0x4445f0	⊢⋈⋈⋈≺
0x4448c0	⊢⋈⋈⋈⋈⋈⋈⋈⊞⋈⊤⋈∈⋈⊞⊞⋈⊞⊤∈⊞⊞⋈⊞⊤∈⊞⊞⊞⊞⋈⋈⋈⋈⋈⊞⋈⋈⋈⋈≺⊞⋈⋈⋈≺⋈⋈≺∋∋∋⋈⋈⋈≺∈∈⋈⋈⋈⊙⊤∈⊙⋈⊤∈⊞⊞⊤∈∋⊤∈⋈≺∋⋈⋈⊤∈≻∋⋈⋈⋈⊞∈⋈⋈⋈⋈≻⋈⋈≻⊞⋈⊤∈∋∋⊞≺∋⊞⋈⋈⋈⋈⋈⋈⊣
0x444a10	⊢⋈⋈⋈≺
0x444a30	⊢⊞⊣
0x401491	⊢⋈⊞⊤∈⋈⋈≺⊤∈⋈⊞⊞⋈⋈≺∋∋⊤∈⋈⋈≺⊤∈⋈⊞⊞⋈⋈≺∋∋⊤⊥∈⊞∈⊤∈⊞⊣⋈⊤⋈∈∋⊥∋⊣
0x3e8fd7	⊢⋈⊞⊤∈⋈⋈≺⊤∈⋈⊞⊞⋈⋈≺∋∋⊤∈⋈⋈≺⊤∈⋈⊞⊞⋈⋈≺∋∋⊤⊥∈⊞∈⊤∈⋈⊣⋈⊤⋈∈∋⊥∋⊣
0x3e905f	⊢⋈⋈⊞⊤∈⋈⋈≺⊤∈⋈⊞⊞⋈⋈≺∋∋⊤∈⋈⋈≺⊤∈⋈⊞⊞⋈⋈≺∋∋⋈⊤∈⋈⊞⋈⊙⊤⊥⊞∋⊣
0x3e9fa0	⊢⋈⋈⋈≺
0x444ff0	⊢⋈⋈⋈≺
0x405d24	⊢⋈⋈⋈≺
0x3eab00	⊢⋈⋈⋈≺
0x41ef00	⊢⋈⋈⋈⋈⋈⋈⋈⋈⊤∈⋈⋈⋈⋈⋈≺∈∈⋈⋈⋈⊙⊤∈⊙⋈⊤∈⊞⊞⋈≺⊤∈∋⊤∈⋈⊞∈⋈⋈⋈⋈≻⊞⋈⊤∈∋∋∋⊞∋∋⋈⊞⋈⋈⋈⋈⋈⋈⊣
0x41edb0	⊢⋈⋈⋈⋈⋈⋈⊞⋈⋈⋈⋈⋈⋈≻⋈⋈⊤∈⋈⊞⊤∈⋈⋈⋈⋈⊤∈⋈⊙∋⊤∈⋈⊙∋⋈⊙≺∋⊞⊤∈∋⊞⋈⋈⋈⋈⋈⊣⋈⋈⋈≻⊣
0x4435f0	⊢⋈⋈⊣
0x443600	⊢⊞⊣
0x443610	⊢⊣
0x4435e0	⊢⋈⋈⋈⊣
0x3dd900	⊢⊞⊤∈⊣⋈⊤⋈∈⋈≻∋≻⋈⋈⊣
0x44cb30	⊢⋈⋈⊞⊥⊤∈⋈⊤∈⋈⊤∈∋∈⊞⊤∈⊞≺∋⋈⊞⊤⋈∈∋≺∋∋⊤∈⋈⊞⋈⊣⊣
0x44c980	⊢⋈⊤∈⊤∈⋈⊞⊞∈⋈⊞⊞⋈⋈⊞⋈⊣⋈⊞⊞⋈⋈⊞⋈⊣⋈⋈⊞⊞⋈⊣⋈⊞⋈⊞⋈⊞⋈⋈⋈⊞⋈⊞⊤⊥⋈⊞⋈⊞⊞⋈⋈⊞⊞⊞⊥⋈⋈⊞⋈⋈⊞⊞⊞⊞⊤⊞⊞⋈⋈⊣
0x44cba8	⊢⊞⊞⊞⊣
0x44cb8c	⊢⊞⊞⋈⊤∈⊙∋⊞⊣
0x44cab0	⊢⊞⋈⊞⊞⊤∈⊤∈⊤∈⋈⊣∈⋈⊣⊞⋈⊞⊤∈⋈⊞⊤⊥⋈⊞⊞⊞⊞∋∋∋⊣
0x3dd890	⊢⋈⋈⊤∈⋈⊤∈∋⊣⊙
0x3dd940	⊢⋈⋈⊞⋈⊞⊞⊞⊞∈⋈⊤∈∋⊣⊙
0x3e90f0	⊢⋈⋈⋈⋈⋈⋈⊞⋈⋈⋈⋈⋈⋈⋈⊡∈⋈⋈⊞⊙⊤∈⋈⋈⋈⋈⊞⋈⊡∈∈⊤∈⋈⊤⋈∈∋⊤∈⋈⊙⊤∈∋⋈⋈⊞⊞⊙⋈⊤∈∋⋈≺∋⊙⋈⊤∈∋⊤∈⋈⋈⊞∈⊞⋈⊞⊙⋈⊤∈⊤∈⋈⋈⊞⊞⊙⋈⊤∈∋∋⋈⋈⊞⊙⊤∈⊤∈⊤∈⋈⊙⊤∈∋⋈⋈⊞⊞⊙⋈⊤∈∋∋∋⋈⋈⊞⊙⊤∈⊤∈⊤∈⋈⊙⊤∈∋⋈⋈⊞⊞⊙⊤∈∋∋∋∋∋⊙∋∋∋∋⋈⋈⊙⊤∈⋈⋈⋈≻⋈≻≻⋈⊙⋈⋈⊞⋈⋈⋈⋈⊙⋈⋈⊙⋈⊤⊥∈⋈⋈⋈⋈⋈⊙⋈⊤∈⋈⋈⊙⋈⊤∈⋈⋈⊤∈⋈≻≺⋈⊞⊞∈∋⋈⊞⊞⋈⊞⊞≺∋⋈⊞⊤⊥⊞⋈⊞≺∋⊞⋈⋈⋈⋈⋈⋈⋈⋈⋈⋈⋈⋈⊞⊙⊤∈⋈⊤∈⋈≻⋈⊤∈⋈⊙⊤∈⋈⋈⋈⋈≻∋⊞∋⋈⋈⋈⋈⋈⊞⊙∋⋈⋈⊞⊙⊤∈⋈⊤∈⋈≻⋈⊤∈⋈⊙⊤∈∋⋈⋈≻⋈⋈⋈⋈≻∋∋⋈⋈⋈⋈⋈⊞⊙∋⋈⋈⊤∈⋈⊡∈⊤∈≻≺⋈⊡∈∋⋈∋⋈⋈≻⋈⊤∈∋⋈⋈⋈⋈⋈⋈⋈⊞≻≺∋⊙⋈⊞⊡∈⊤∈⋈≻∋⋈⋈≺∋≻≺⋈⊡∈⊙≺∋⊞⊞⋈⋈⋈⋈⋈⋈⊣
0x41dc90	⊢⋈⋈⋈⋈⋈⋈⋈⊞⋈⊤∈⋈⋈⋈⋈⋈⊙⋈⋈⋈⋈⊙⋈⊤⊞⋈⊙⋈⋈⋈⋈⊤∈⊞⋈⋈⊤∈⋈≺⋈⋈⊤∈⋈⊡∈⋈⊤⋈∈∋≺∋⋈⊞⊞⊞⊡∈⋈⋈⋈⊞⊞⊞⊞⊞⊤∈∋⊤∈⊤∈⋈≺⋈⊞⋈⋈⋈⋈⋈⋈⊡⊤∈∋∋⋈⊤∈⋈⋈≺⋈⋈⋈⊞⊙⊤∈⋈⋈⊞⊙⋈⊞⊞⊤∈∋∋⋈∋∋⊞⋈⋈⋈⋈⋈⋈⊣⋈⋈⊞⋈⊙
0x44ca50	⊢⊞⋈⊞⊞⊤∈⋈⋈⊞⊤⋈⊥⋈⊞⊤∈⊞⊞∋∋⊣
0x44cbe0	⊢⊙
0x44cbd0	⊢⊙
0x3dd8b1	⊢⊡
0x3dd8b9	⊢⊡
0x3dd8f2	⊢⊡
0x3dd8f9	⊢⊡
0x3dd935	⊢⊡
0x3dd939	⊢⊡
0x3e56a3	⊢⋈⊞≺
0x3e5e77	⊢⊞⊞⊤∈⋈⊤∈⋈⋈≺
0x3e7565	⊢⋈
0x3e9672	⊢≻
0x3e9dd2	⊢⋈⊤∈⋈⊙∋⋈≻
0x3ea236	⊢⊡
0x3ea275	⊢⊡
0x3ea443	⊢⊡
0x3ea4f4	⊢⊞≺
0x3ea519	⊢⋈≺
0x3ea5bb	⊢⋈⊤⊥⊞⋈⋈⋈⋈⋈⋈⊣
0x3ea6a2	⊢⊡
0x3ea866	⊢⊡
0x3ea8d6	⊢⊡
0x3ea927	⊢⊡
0x3ea99a	⊢⊡
0x3eaa2d	⊢⊡
0x3eabed	⊢⋈≺
0x3eacd4	⊢⊞≺
0x3eb0c4	⊢⋈≺
0x3eb1a1	⊢⋈≺
0x3eb2a1	⊢⋈
0x3eb367	⊢⊡
0x3eb7fb	⊢⊡
0x3eb828	⊢⊡
0x3eb863	⊢⊡
0x3ec072	⊢⊡
0x3ec0cb	⊢⊡
0x3ec0f8	⊢⊡
0x3ec171	⊢⊡
0x3ec1fb	⊢⊡
0x3ec222	⊢⊡
0x3ec2ab	⊢⊡
0x3ecabe	⊢≻
0x3ed16b	⊢⊡
0x3ed1bc	⊢⊡
0x3ed206	⊢⋈≺
0x3ed220	⊢⊞≺
0x3ed28a	⊢⋈⊡⊞⊞⋈⊡∈⋈⊤∈⋈⋈⊙⊞⊤∈∋≺
0x3ed347	⊢⊡
0x3ee1d6	⊢⊡
0x3ee287	⊢⊡
0x3ee337	⊢⊡
0x3ee3e6	⊢⊡
0x3ee473	⊢⊡
0x3eed98	⊢⊡
0x3eedbc	⊢⊡
0x3eee78	⊢⊡
0x3ef844	⊢⊡
0x3ef8e7	⊢⊡
0x401e16	⊢⋈≻≺
0x404cf3	⊢⋈⊤∈⋈⋈⋈⋈≻∋⋈⊙⋈≻
0x4050d7	⊢≺
0x405890	⊢≺
0x4058b6	⊢⋈⊤∈⋈⋈⋈⋈≺
0x406265	⊢⊞
0x406267	⊢⋈⋈
0x406271	⊢⊞∈
0x406275	⊢⋈
0x40627a	⊢⊞∈∋⋈⋈
0x406285	⊢⊞∈⊞⋈⋈⊣
0x40634e	⊢⊞
0x406352	⊢⊞∈∈⊞⊞⊡⊣
0x406371	⊢⊞∈⋈⊞⊞⊤∈⋈⋈⊤∈
0x406396	⊢⊞∈⊞∈
0x4063a0	⊢⊞∈⊡⊞∈∈⊞≺
0x4063b2	⊢⊞⊣
0x4063b6	⊢⊞⊞
0x4063ba	⊢⊞⊞⊞⊤∈
0x4063c2	⊢⊞⊞⊣
0x4063dc	⊢⊞∈∈⊞
0x4063e5	⊢⊞⊞⋈⊤∈⊞≺
0x4063fa	⊢⊞∈
0x4063fe	⊢⊞⊞
0x406401	⊢⊞⊤⊥⊞⊞≺
0x40641b	⊢⊞⊞
0x40641e	⊢⊤∈⊞≺
0x406429	⊢⊞⊞
0x40642c	⊢⊤∈⊞⊞⊞≺
0x406440	⊢⊞⊞⊡⋈⊞⊞⊞≺
0x4066e3	⊢⊞
0x4066e5	⊢⋈⋈⊞⊤∈⊤∈⊞∈⊞⊤⊥⊞⊞⊤∈∋≺
0x40671e	⊢⋈⊞⊞⊞∈⊞⊤⊥⊞⊞⊤∈∋⊤∈⋈⊤∈⋈⋈⋈
0x40676c	⊢⊞∈
0x406770	⊢∈⊡⊞⊞⊞⋈⊞⊞⊞⊞⋈⊞⊞⊞⊞⊞⊞
0x4067a8	⊢⊞∈⊞∈⊡≺
0x4067de	⊢⊞∈
0x4067e2	⊢⊞
0x4067e7	⊢⊞⊞⊡⊞⊞⋈⊞⊞⊞⊞⋈⊞⊞⊞⊞⊞⊞
0x406816	⊢⊞∈
0x40681a	⊢⊞
0x40681e	⊢∈⊡⊞⊞⊞⋈⊞⊞⊞⊞⋈⊞⊞⊞⊞⊞⊞⊞⊤∈⋈⊤∈⋈
0x406874	⊢⊞∈
0x406878	⊢∈⋈⋈⊞⊞⊞⋈⊞⊞⊞⊞⋈⊞⊞⊞⊞⊞⊞⊞⊤∈⊞⊤∈∈⊞⊤⊥⊞⊞⊤∈∋∋⊞≺
0x406915	⊢⊡
0x40691a	⊢∈⋈⋈⊞⊞⊞⋈⊞⊞⊞⊞⋈⊞⊞⊞⋈⊞⊞⋈⊞⊞⊤∈⊞⊤∈∈⊞⊤⊥⊞⊞⊤∈∋∋⊞⋈⋈
0x406989	⊢⊞∈
0x406a6b	⊢⊞⋈⋈⋈⋈⋈≺
0x407f64	⊢⋈⋈⊞⋈≺
0x40840b	⊢⋈⊞⋈⊞⋈≺
0x4084a2	⊢⋈⋈⋈⋈≻⋈⋈⋈⋈≻⋈⋈⋈
0x408539	⊢⋈
0x408cc7	⊢⊤∈⊤∈⋈≺
0x408e11	⊢⋈⋈≺
0x408e6e	⊢⋈≺
0x416dc1	⊢⋈⊤∈⋈⋈≻⋈⊤∈∋⋈⋈≻⋈⊤∈⊤∈⋈⋈⊤∈⋈⋈≻⋈⊤∈∋⋈⋈≻⊤∈∋⋈⋈⊤∈⋈≺
0x41714b	⊢⋈⊤∈⋈⋈≻≺
0x417201	⊢⋈⊤⋈∈⋈⋈⊤∈⋈⋈≻⊤∈∋⋈⋈⋈≻≺
0x4174c9	⊢⊤∈⊤∈⊞⋈⋈⊤∈⋈⋈≻⋈⊤∈∋∋∋⋈⋈≻
0x41754b	⊢⋈⋈⋈≻⋈⊤∈⋈≻⊤∈⊤∈⊤∈⋈⊤∈⋈⋈≺
0x417702	⊢⊤∈⋈⊤∈⋈⋈≻⋈⊤∈∋∋⋈⊤∈⋈⋈≻⋈⊤∈∋⋈≻⋈⊤∈⊤∈⋈⊤∈⋈⋈≻⊤∈∋⋈⊤∈⋈≺
0x417870	⊢⊤∈⋈⊤∈⋈⋈≻⋈⊤∈∋∋⋈⊤∈⋈⋈≻⋈⊤∈∋⋈≻⋈
0x41797c	⊢⋈⋈⊤∈⋈⋈⊤⊥⋈⋈⊞≻⋈⊤∈∋⋈⋈
0x4179d4	⊢⋈⊤∈⋈⋈≺
0x41ad6a	⊢⋈⋈⋈⋈⋈⋈⊙
0x41cb9a	⊢⋈⊤∈⋈⋈≺
0x41cce6	⊢⋈⊤∈⋈⋈≺
0x41cdc7	⊢⋈≻⋈≺
0x41ce21	⊢⋈⋈≻⋈≺
0x41dd41	⊢⋈⋈≺
0x41dd57	⊢⋈⋈⊤∈≺
0x41df13	⊢⋈⋈⋈⊞≺
0x41df60	⊢∈⋈⋈⊞⊞⊞⊞⊞⊤∈∋⊞⊞⊞∈⋈⋈⊞⊞⊞⊞⊞⊤∈∋≺
0x41e1b2	⊢⋈⋈⋈⊞⋈⊙⋈⋈⊞⊙⋈⋈⊙⋈≺
0x41e215	⊢⋈≺
0x41e82d	⊢⋈⋈⋈⋈⋈⋈⋈≻≺
0x41e8b7	⊢⋈⋈⋈⋈⋈⋈⋈≻≺
0x41eab3	⊢≺
0x41ebf8	⊢⊡
0x41ee59	⊢⋈⊤∈⋈⊙∋⋈⊙⋈≻⋈⋈⊤∈≻∋⋈≻≻
0x41f33c	⊢⋈≺
0x41f3b0	⊢≻⊣
0x41f525	⊢⋈⊡⋈≻
0x421a8e	⊢⋈⋈≺
0x42410d	⊢≺
0x424d5c	⊢⊡
0x424fc4	⊢⊡
0x4251e2	⊢≺
0x425480	⊢⋈⊤∈⋈⊙∋⋈⊙⋈⊙⋈≻⋈⊤∈⋈⊙∋⋈⊙⋈≻
0x425be6	⊢⋈⊤∈≺
0x425c4b	⊢⊡
0x425d25	⊢⊡
0x4263a8	⊢⊡
0x426ca7	⊢⋈⊤∈⋈⊙∋⋈≺
0x426ebb	⊢⋈⋈⊤∈⋈⊙∋⋈≻
0x42734b	⊢⊡
0x427609	⊢⋈⊤∈⋈⊙∋⋈⊙⋈≻
0x4276cf	⊢⋈⊤∈⋈⊙∋⋈⊙⋈≻
0x427f7a	⊢⋈⊤∈⋈≺
0x429247	⊢⊤∈⋈≺
0x4292f6	⊢⊤∈⋈≺
0x4294a6	⊢⊤∈⋈≺
0x42ab66	⊢≺
0x42aeba	⊢⋈⋈≻≺
0x42b545	⊢⊡
0x42b5a9	⊢⊡
0x42b7b6	⊢⊡
0x42b8d5	⊢≺
0x42b973	⊢⋈⋈≻≺
0x42b9eb	⊢⋈⊞⋈≻⋈≻≻
0x42bb27	⊢⊡
0x42bd01	⊢⊡
0x42c261	⊢⋈⊤∈⊞⋈⋈⋈⋈⋈⊞⊞⋈⊞⊞⊞⋈⊞⋈⊤∈⊤∈⊡⋈⋈⋈⋈⋈⊞⊞⊞⊞⊞⊞⊞≺
0x42c310	⊢⋈⊤∈⊞⋈⋈⋈⋈⋈⋈⊞⊞⊞⊞⊞⊞⊞⋈≺
0x42c474	⊢⊤∈⊡⋈⊞⋈≺
0x42c55c	⊢⊡
0x42c8b7	⊢⊡
0x42d124	⊢⋈⋈≻⋈⋈⋈⋈⋈⊡
0x42d1fc	⊢⋈⋈≻⊤∈⋈⋈≺
0x42d24c	⊢⋈⋈≻⋈⊤⊥⊤∈⋈⋈∋⋈⊞⋈≺
0x42d303	⊢⋈⋈≻⋈⋈⋈⋈⋈≺
0x42d9b6	⊢⊤∈⋈≺
0x42db54	⊢⊤∈⋈≺
0x42e7ba	⊢⋈⋈⋈⋈≺
0x42e963	⊢⋈⊞⋈≻⋈≻
0x42e9b2	⊢⋈⊤∈⊡∈⋈⊙∋∋⋈≻
0x42ef87	⊢⊡⋈⊞⋈⊞⋈⊞⋈⊞⊞⋈⊞⊞⋈⋈⋈⋈⊞⊤∈
0x42efea	⊢⋈⋈⊞⋈⊞⋈⊞≺
0x42f4e5	⊢⋈⋈≺
0x42f556	⊢⊡
0x42f595	⊢⋈⊤∈⋈⊞⋈⊞⋈⋈⊞∈⊞≺
0x42f6f5	⊢⋈≺
0x42f720	⊢∈⋈⊤∈⊤∈∋⋈⋈⊞⊞⊞⊤∈⊞⊞⊞∈∋≺
0x42fa2c	⊢⊤∈⊤∈⋈⊞⊞⋈∈⊤∈⊞⊞⊞⊞⊤∈∋≺
0x42fb54	⊢⋈≺
0x430027	⊢⊞⊞⊞⋈⊞⊞⊤⊥∈⋈⋈≺
0x4302aa	⊢⊤∈⋈⊞⊞⊞⊞∈⋈⊤∈⊤∈∋⋈⋈⋈⊞⊞⋈⊡⋈⊤∈⊞⋈⊞∈∋≺
0x4307b5	⊢⊡
0x430878	⊢⋈⋈⊞⊞≺
0x430a56	⊢⊡
0x430a7c	⊢⋈⊞⋈⊞⋈⊞⊞≺
0x430af9	⊢⋈⋈⊞⋈≺
0x430b4c	⊢⊞⊞⋈⊞⊞⋈≺
0x430bd5	⊢⊞⋈⊞⊞⋈≺
0x430d0e	⊢⋈⊞≺
0x430d97	⊢⊞⋈≺
0x430e62	⊢⋈≻≺
0x430e96	⊢⋈⋈⋈≻
0x430ea8	⊢≺
0x4310c6	⊢⋈⋈⊞⋈⊞⋈⊞≺
0x431485	⊢⊡
0x4315bb	⊢⊡
0x43177a	⊢⋈⋈⊞⋈⊞⋈⊞⊞≺
0x431d15	⊢⋈⋈≺
0x431e22	⊢⋈⋈≺
0x431f6b	⊢⊡
0x431fe7	⊢⊡
0x4320ad	⊢⊡
0x4321d1	⊢⋈⋈⋈⊤∈⊞⊞∈⊞⊡∈⊤∈⊞⊤∈∋≺
0x4322b1	⊢⋈⋈⋈⊤∈⊞⊞∈⊞⊡∈⊤∈⊞⊤∈∋∋∋⋈⋈⋈⋈⊣
0x4324ea	⊢⊡
0x432953	⊢⊡
0x432ca1	⊢⊡
0x432d92	⊢⊡
0x432e3b	⊢⊡
0x432ee4	⊢⊡
0x432fe4	⊢⊡
0x4330ba	⊢⊡
0x43318a	⊢⊡
0x4335db	⊢⊡
0x43385b	⊢⊤∈⋈≺
0x4338fb	⊢⊤∈⋈≺
0x433a18	⊢⊤∈⋈≺
0x433a7b	⊢⊤∈⋈≺
0x433dcc	⊢⊡
0x433fae	⊢⋈⋈⋈⊞
0x43414c	⊢≺
0x434419	⊢⊡
0x4344da	⊢⊡
0x434969	⊢⋈⋈⊙⊤∈≺
0x434a1d	⊢⊤∈⋈⋈⋈⋈⋈⋈⋈⊞⊤∈⊤∈⋈⋈⋈⋈⋈⋈⊞⊞⋈⊞⊤∈⊤∈⊞⋈⋈⋈⋈⊤∈⋈⊞⋈⊞⋈≺
0x434ad4	⊢⊤∈⋈⊞⊞⊞⊞⊡∈⋈⊤∈⊤∈∋⋈⋈⊞⊞⊞⊤∈⊞⊞⊞∈∋≺
0x435190	⊢∈⊤∈⊞⊤∈∋≺
0x435634	⊢⋈⋈⋈⋈⊞⋈⊞⋈⊞⋈≺
0x435b6b	⊢⋈⋈⋈⋈⊞⋈⊞⋈⊞⋈⋈≺
0x435cfb	⊢⊡
0x436117	⊢⊤∈⋈⋈≻⋈⋈⋈⋈⋈⋈⋈⋈≻⊞⋈⋈⋈⊤∈⋈≺
0x436207	⊢⋈⊞⊤∈⋈⋈⊞⋈⊙
0x436aad	⊢⋈⋈⋈≺
0x436b32	⊢⋈⊞⊞⋈⋈⋈⋈⋈⊞⋈⋈⋈⊞⋈⋈⋈≺
0x436de5	⊢⊡
0x436e4d	⊢⊡
0x436ec0	⊢⋈⊤∈⊤∈≺
0x436f3b	⊢⋈⋈⊤∈⋈⋈⊞⊙
0x436f80	⊢⋈⋈⊤∈⋈⋈⊞⊙
0x43734e	⊢⋈⋈⊞≺
0x4373b7	⊢⋈≺
0x4373e1	⊢⋈⋈⋈≺
0x437693	⊢⋈≺
0x437c44	⊢⊡
0x437e3d	⊢⋈≺
0x437e54	⊢⋈≺
0x437e8d	⊢⋈≺
0x437ea4	⊢⋈≺
0x437ffd	⊢⊡
0x43801a	⊢⊡
0x438151	⊢⊡
0x438319	⊢⊡
0x438376	⊢⊡
0x4383f1	⊢⊡
0x438446	⊢⊡
0x43866b	⊢⊡
0x438684	⊢⊡
0x43878c	⊢⊡
0x4387f3	⊢⊡
0x43882d	⊢⊡
0x4388c4	⊢⊡
0x4388fd	⊢⊡
0x438b15	⊢⊡
0x438b7a	⊢⊡
0x438c19	⊢⊡
0x438c87	⊢⊡
0x4390e2	⊢⋈⋈≺
0x43912a	⊢⋈⊞≺
0x43917c	⊢⊤∈⋈⋈⋈⊞⊞⊡∈⋈⊤∈⊤∈∋⋈⋈⊞⊞⊞⊤∈⊞⊞⊞∈∋≺
0x439253	⊢⊤∈⋈⋈⋈⋈⋈⋈⊞⊤∈≺
0x439550	⊢⋈⋈⋈⋈≺
0x439591	⊢⋈⊞⊞⋈≺
0x4395e4	⊢⋈⊞⋈⋈⋈⋈⋈≺
0x439741	⊢⊤∈⋈⋈⋈⊞⊞⊡∈⋈⊤∈⊤∈∋⋈⋈⊞⊞⊞⊤∈⊞⊞⊞∈∋≺
0x4397bd	⊢⋈⋈⋈⊞⋈∈⋈⊞⋈⋈⋈⋈≺
0x43a0e0	⊢∈⋈⊤∈⊤∈∋⋈⋈⊞⊞⊞⊤∈⊞⊞⊞∈∋≺
0x43a7a6	⊢⋈⋈⋈≺
0x43a831	⊢⋈⋈⊤∈⊞⋈⋈⋈⋈≺
0x43aab0	⊢⋈⋈⊙⋈≻
0x43abbb	⊢⊡
0x43ac57	⊢⊡
0x43aead	⊢⊡
0x43aec7	⊢⊡
0x43b158	⊢⊡
0x43b331	⊢⊡
0x43b72b	⊢⊡
0x43b85c	⊢⊡
0x43b968	⊢⊡
0x43bd78	⊢⋈⋈≻≺
0x43bddb	⊢⊡
0x43be85	⊢⊡
0x43bf03	⊢⊡
0x43c72b	⊢⊡
0x43c8b8	⊢⋈⋈⋈⊡
0x43c931	⊢⊞⊤∈⋈⋈⊞⊙
0x43c983	⊢⊞⊞⊞∈⋈⋈⋈⋈⋈⋈⋈⋈≺
0x43cdb1	⊢⋈⋈⊤∈⊞⋈⋈⋈⋈⊞∈≺
0x43cebf	⊢⋈⋈⊤∈⊞⋈⋈⋈⋈⋈⋈⊞⊞⊞≺
0x43d079	⊢⊤∈⋈⋈⊤∈⊞⋈⋈⋈⋈⋈⋈⊞⊞⋈⊞⊞⊞⊞≺
0x43d2ec	⊢⋈⋈⊤∈⊞⋈⋈⋈⋈⋈⊞⋈⊞⋈≺
0x43d368	⊢⋈⋈⋈≺
0x43d470	⊢⋈⋈⋈⋈⋈⋈⊣
0x43d62e	⊢⋈⋈⋈⋈⋈⋈⋈⊣
0x43d6bd	⊢⋈≺
0x43d730	⊢⋈⋈⋈⊞⋈⊞⋈⊞⋈≺
0x43d77b	⊢⋈⋈⋈≺
0x43da93	⊢⋈⋈≻⋈≻≻
0x43de85	⊢⋈⊡∈⊞∈⋈⋈≻⋈≺∋
0x43dee2	⊢⊡
0x43df43	⊢⋈⋈≻⊡∈⊞∈⋈⋈≻⋈≺∋
0x43dfc3	⊢⋈⊞⋈≻⋈≻
0x43e05b	⊢⋈⋈≻⊤∈⋈≻∋⊤∈⋈≻∋⋈⊤∈⋈⋈≻∋⋈≻≻
0x43e6f6	⊢⋈⊡∈⊞∈⋈⋈≻⋈≺∋
0x43e767	⊢⊡
0x43e7c9	⊢⋈⋈≻⊡∈⊞∈⋈⋈≻⋈≺∋
0x43eb95	⊢⋈⋈≻≺
0x43ed1a	⊢⊡
0x43f183	⊢⊡
0x43f4d1	⊢⊡
0x43f5c2	⊢⊡
0x43f66b	⊢⊡
0x43f714	⊢⊡
0x43f814	⊢⊡
0x43f8ea	⊢⊡
0x43f9ba	⊢⊡
0x43fd1d	⊢⊡
0x440128	⊢⊡
0x440466	⊢⊡
0x440502	⊢⊡
0x440663	⊢⊡
0x4408d2	⊢⊡
0x440976	⊢⊡
0x440a18	⊢⊡
0x441061	⊢⊡
0x4410b6	⊢⊡
0x4411fa	⊢⊡
0x44121d	⊢⊡
0x441259	⊢⊡
0x441709	⊢⊡
0x441746	⊢⊡
0x441774	⊢⊡
0x441795	⊢⊡
0x441923	⊢⋈⊤∈⋈⋈⋈⋈⊙⊤∈⋈⊤∈⋈⋈≺
0x441960	⊢⋈⊤⊥≺
0x442039	⊢⊡
0x442323	⊢⊡
0x442433	⊢⊡
0x442791	⊢⊡
0x442892	⊢⊡
0x442a42	⊢⋈⊞⋈⋈⋈⊙⋈≻
0x442a7b	⊢⊡
0x442cc1	⊢⋈⋈⊤∈⋈⊙∋⋈≻
0x442e7e	⊢⊤∈≺
0x442ed5	⊢⋈⋈⋈⋈⋈⋈⋈⊤∈⋈⊙∋⊤∈⋈⊙∋⋈⊙≺
0x442f49	⊢⋈⊤∈⋈⊙≺
0x443091	⊢⊡
0x44338a	⊢⋈⊤∈⋈⊙∋⋈⊙⋈≻
0x44386c	⊢⋈⊡⋈≻
0x444177	⊢⊡
0x444252	⊢⋈⋈⊞⊤∈⋈⊙∋⋈≻
0x4444b2	⊢⋈⋈⋈≻
0x4445dc	⊢⋈⋈⋈≻
0x44481d	⊢⊡
0x444d7c	⊢⋈⊤∈⋈≺
0x444e21	⊢⋈⊤∈⋈⊙∋⋈≻
0x44517a	⊢⋈⊤∈⋈⊙∋⋈⊙⋈≻
0x445313	⊢⋈⋈≻≺
0x445671	⊢⊡
0x445748	⊢⊡
0x445a33	⊢⋈⋈⊤⊥⊤⊥⊞∈⊙∋⋈≻
0x446319	⊢⊡
0x446dae	⊢≺
0x446dc1	⊢≺
0x446e5a	⊢⋈⋈⋈⋈⊞⋈⋈⋈⋈⋈≺
0x447226	⊢⋈⊤⊥⊤⊥⊞∈⋈⊙∋⋈⊙⋈≻
0x447475	⊢⋈≺
0x4474ea	⊢⊡
0x4475e2	⊢⊞⊞⋈⊡∈
0x447606	⊢⊤∈⊞⋈⊡∈∋⋈⋈∈⋈⊤∈⊤⋈⊥⋈⋈⋈⋈⋈⊞⊞⊙⊤∈⊙⊤∈∋∋∋⋈⋈⊞⋈⊞⋈⊞⋈⊙
0x447a4c	⊢⊡
0x447d20	⊢⋈⋈⋈⋈⋈⊡≺
0x447ee1	⊢⋈⊤∈⋈⊙∋⋈⊙≺
0x447f5d	⊢⊤∈⊡
0x447fb2	⊢⊡
0x448004	⊢⊤∈⋈⋈⋈⋈⋈⊤∈⋈⊙∋⊤∈⋈⊙∋⋈⊙≺
0x4480e9	⊢⋈⊤∈⋈⊙∋⋈⊙⋈⋈≻⋈≻≻
0x44828d	⊢⊡
0x4483a3	⊢⊡
0x44cb5c	⊢⊡
0x44cbc0	⊢⋈⊙
0x44cbd6	⊢⋈≺
0x44cbe6	⊢⋈≺
