0x1b55fd50	⊢⊞⊞⋈⋈⋈⊞⋈⋈⊞⊞⋈⊙⊣
0x1b5f6ff4	⊢⋈⋈⋈⋈⋈⊞⊞⊤∈⊞⊞⊞⊞⊞⊞⋈⋈⊞⋈⊞⊞⊞⋈⋈⊞⊞⋈⋈⊞⋈⋈⋈⊞⋈⋈⊡⋈⋈⊞⊞∈⊞⊞⊞∋⋈⊞⋈⊞⋈⋈⊞⊞⊞⋈⊞⋈⋈⋈⊞⊞⊞⋈⊞⊞⊞⋈⊞⋈⊞⋈⊞⊥⊞⊥⊞⋈⋈⊞⋈⋈⊞⊞⋈⊞⊞⊞⊤⊥⊞⊞⊞⊞⊞⊞⋈⋈⊞⊞⋈⊞⋈⊞⊞⊞⋈⋈⊞⊞⋈⋈⊞⋈⋈⋈⊞⋈⋈⊡⋈⋈⊞⊞∈⊞⊞⊞∋⋈⊞⋈⊞⋈⋈⊞⊞⊞⋈⊞⋈⋈⋈⊞⊞⊞⋈⊞⊞⋈⊞⊞⊞⊤⊥⊞⊥⊞⋈⋈⊞⋈⊞⊞⋈⊤⋈⋈⊥⊞≺∋⊞⋈⋈⋈⋈⊞⋈⋈⋈⋈⊣
0x1b5ac610	⊢⋈⋈⋈⋈⋈⋈⊞⋈⋈⋈⋈⊤∈⋈⋈⊞⋈⋈⋈⋈⋈⋈≺⊤∈⋈⊤∈⋈⊤⋈⊥⋈⋈⋈⊤∈⋈⊤∈⋈⊞⊞∋⊞⋈⋈⋈≺∋⊤∈⋈⋈⊤⋈⊥⋈⋈⊞⋈⋈⊤∈∋⋈⊞⊞≻∋⋈⋈⋈⋈⋈⋈⋈⊤∈⋈⊞⋈⋈⋈⊤∈⋈≻⋈⋈⋈⋈⋈⋈⊞⋈⋈⊞⊤∈⋈⊤∈⊤∈⋈⊞⋈⋈⋈∋⊤∈⋈⋈⋈⊞⋈⊞⋈⊤⊥⊞⊤⊥⊞∈⋈⊤∈⋈⊞⋈⋈⋈≻⋈⊤∈⊞⋈≺∋⋈⋈⋈⋈⋈⋈⋈⋈⋈≻⋈⋈⊤∈⋈⋈⋈≻∋⋈⋈⋈⋈∋∋⊞⋈⋈⋈⋈⋈⋈⊣⊞∋⋈≻∋⋈⋈⊞⋈⋈⋈⋈⋈⋈≺⋈⋈⋈⋈⋈⋈⋈⋈⋈⊞⊞⋈⋈⊞⊤∈⋈⋈⋈⋈≻⋈≺∋⊤∈⋈⋈⊞∈⋈⋈⊞⊤∈∋⊞∋⋈⊞⋈⋈⋈⋈⊣⋈⊞⊞⊤⊞⋈⋈⊞⊤∈⋈⋈⋈⋈≻≺∋⋈⋈⋈⋈∈⊤⋈⊥⋈⊤∈⋈⊞⊞∋⋈⊞⋈⊞⊤∈∋≺∋⋈⊞⋈⋈⋈⋈⊣⋈⊤∈⋈⊞⊞∋⊤∈⊞⊞⊞⊤⊞≺∋⊞⋈⊥⋈⋈⊞⊥⊤⊥⊞∈⊞∈⋈⋈≻∋⋈⋈⋈≻⊤∈∋⋈⋈⋈⋈⋈⋈⋈⋈⋈≻⋈⋈⋈⋈∋∋⊞⋈⋈⋈⋈⋈⋈⊣
0x1b5a8a4f	⊢⋈⋈⋈⊞⊤∈⊞⋈⊞⋈⊞⋈∈⋈⋈⋈⊤∈⋈⊞⋈⊞⊤∈⋈⊞⊞⋈≺⋈⊞⊞⊞⊤∈⋈⊞⊞⋈⋈⋈⊞⊞⊞⊞⊞⊞≺⋈≺∋∋∋⋈⊞⊞⋈⊤∈⊤∈⊤∈⋈⊞⊤∈⊤∈⋈⋈⊞⊤∈⊤⊤∈⋈⋈≺⊤∈⊤≺∋⊥≺∋∋⊤∈∋∋∋∋⊤∈⋈∈⋈⋈⊤∈⋈⊤∈⋈⊞≺⋈⊤∈⋈⊞⋈⋈⊞⊞⊞⊞≺∋⊞⊞⊞∋⊞⊞⊞⋈≺∋⋈⊤∈⊤∈⊤∈⋈⊞⊤∈⊤∈⋈⋈⊞⊤∈⊤⊤∈⋈⋈≺⊤∈⊤≺∋⊥≺∋∋⊤∈∋∋∋⊞⊞∋∋⊤∈∋≺≺∋∋⊤∈∋≺⊞⊞≺∋∋∋⊞⊞⋈⋈⊣
0x1b5e6d20	⊢⋈⋈⊤∈⊞⋈⋈⋈⊞⋈⋈≺∈⋈⋈⊤∈⋈⊞⋈⊞⊤∈⋈⊞⊞⋈≺⋈⊞⊞⊞⊤∈⋈⊞⊞⋈⊡⋈⋈⊞⊞⊞⊞⊞⊞≺⋈≺∋∋∋⋈⊤∈⊤∈⊤∈⋈⊞⊤∈⊤∈⋈⋈⊞⊤∈⊤⊥≺⊤∈⋈⋈≺⊤∈⊤⊥≺∋∋∋⊤∈⊡∋∋⊞⊞⊤∈∋⋈∋∋∋∋⋈⋈≺∋⊞⊞⊣
0x1b55fe39	⊢⋈⋈⋈⋈⋈⋈⋈⊤∈⋈⋈⊞⋈⋈⋈⋈⊙⋈⋈⋈⋈≻⋈⋈⋈⋈≻⋈⋈⋈⋈⊞⋈⋈⋈⋈⊣
0x1b5a2717	⊢⋈⊞⋈⊞⊤∈⋈⋈⊡⋈⋈⋈⊞⋈⋈⋈⋈⋈≻⊤∈⋈⋈⋈⋈⋈≻⊤∈⋈⋈⋈⊣⋈⋈⋈⋈⋈⋈⊞⋈⋈⋈⋈⊞⋈⋈⋈⋈⋈∈⋈⋈⋈⋈⋈⋈⋈⊤∈⋈⋈⋈⋈≺⋈⊞⋈⊞⋈⋈⋈⋈⋈⋈≻⋈⋈⊤⋈⊥⋈⊤⋈⊥⊤∈⋈⋈⋈⋈⋈⋈⋈≻⋈⋈⋈⋈⋈⋈⋈⋈⋈≻⋈≺∋⋈⊤∈⋈⋈⋈⋈≻∋⋈⋈⋈∋⊞⋈⋈⋈⋈⊤∈∋⋈⋈⋈⋈⋈⊞⋈⋈⋈⋈⋈⋈⊣⋈⋈⋈⋈⋈⋈≺∋⊞⋈⊣
0x1b55feb7	⊢⋈⊞⋈⊞⊤∈⋈⋈⋈⋈⊞⋈⋈⊞⋈⋈⋈⋈⋈⋈⋈⋈⋈≻⊤∈⋈⋈⋈⋈⋈≻⋈⋈⋈⋈⋈⋈⊞⋈⋈⋈⋈⊞∈⋈⋈⋈⋈⊞⋈⊞⊞⊤⊥⋈⊞⊤∈⋈⋈⋈⊤∈⋈⋈⋈⋈⊞⋈⊞⊤⊞⊡⋈∈⊞⊡⊞⊡⊞⊞∈∋⋈⋈⊤⋈⋈⊥⊤⊥⊞⋈⊙⋈⊞⋈⊞⋈∈⋈⋈⊤∈⋈⋈⋈⋈⊞⋈⊞⋈⋈∈⋈⋈⋈⋈≻⋈⋈⊞⊡⊞⋈⊤∈⋈⋈∈⊞⊞⊡⊞⊞⊤∈∋≺∋⊞⊞⊞⊤∈⊡⊞⊞≺∋⋈⊞⋈⊞⊞⊞⊤∈⊞⋈⊞⋈⋈⋈⋈⋈⊞⋈⊞⋈⋈⊤∈⋈⊞⋈⊞⋈⋈⋈⋈⋈⊡⊡≺∋⋈⊞∋⊤⋈⊞⊞⊤∈∋≺∋⋈⋈⊞⋈⋈≺⊞⊞⋈∈⋈⋈⋈⋈⊞∈∋≺∋⊞⊤⊥⊤∈⋈⊞∈∋⋈⋈⋈≻⋈⋈⋈⋈⋈⋈⊞⋈⋈⋈⋈⊙⊤∈⋈⋈≻⋈⋈⋈⋈⋈⋈⋈⋈⊤∈⊞∈⋈⋈≻∋⋈⋈∈⋈⊞⋈⋈⋈≻⋈⋈⊤∈∋≺∋⋈⋈⋈⊙⋈⋈⋈⋈⊞⋈⋈⋈⋈⋈⋈⊣⋈⋈⋈⋈⋈⋈⋈≻⊤∈⋈⋈⋈≻⋈⊞⋈⋈⋈⋈∈⊤∈⋈⋈⋈≻∋⋈⋈⋈≻⊞⋈⊞∈∋⋈⋈⋈≻⋈≺∋⋈⋈⋈⊞∈⋈⋈⋈≺∋⋈⋈⊞⋈⋈⋈⋈⋈⋈⊣⊞⋈⋈⊞⊞⊞⊞⊞⊞⊞⊞⋈⊞⊞⋈⊞⊞⊤⋈⊥≺∋⋈⋈⋈≻⋈⋈⊤∈⋈⋈⋈⋈⋈⋈⊙⋈⋈⋈⋈⋈⋈⊤∈⊞⋈⋈⋈⊡⊞⊞⋈⋈⋈⋈⊞⋈⋈∈⊤∈∈⊡⊞⊞⊞⊤∈∋⊞∋⊞⊞⋈⊞⋈⋈⋈⋈⋈⋈≻⋈⋈⊞⊡⊞⊤∈⋈∈⊞⊞⊡⊞⊞⊤∈∋≺∋⊞⊞⊞⊤∈⊡⊞⊞≺∋⋈⊞⊞⊞⋈⊞⋈⋈⊞⋈⊞⋈⊞⊞⋈⋈⊞⋈⋈⊡⊡⋈⊤∈∋≺⋈⋈⋈≺∋⊞⋈⋈⊞∈⋈⋈⋈⋈⊞⊤∈∋⋈⊤∈⋈⋈⊞⊞⊤∈⋈⊞⊙∋∋⋈∋∋⋈⊞⋈⋈⋈⋈⋈⋈⊣⋈⋈⋈⋈⋈≻⋈≺∋⋈⊞⋈⊣
0x1b5f0916	⊢⋈⊤∈⋈⋈⊞⋈⋈⋈⋈⋈⋈⋈⋈⋈⋈⋈⋈≻⊞⋈⊣⊣
0x1b5ec522	⊢⋈⊤∈⋈⋈⊞⋈⋈⋈⋈⋈⋈⋈⋈⋈⋈⋈⋈⋈≻⊞⋈⊣⊣
0x1b5f0a50	⊢⋈⋈⋈⊞⊡⋈⊤∈⋈⋈⋈⋈⋈⋈⋈⋈⋈⋈⋈⋈≻≺∋⋈⊞⋈⋈⊣
0x1b5e19a0	⊢⊤∈⋈⋈⋈⊞≻⋈⋈⋈≻⋈⋈⋈⊣
0x1b5e19e0	⊢⋈⋈⋈⊤∈⊤∈⋈⋈⋈≻⋈⋈⋈≻⋈⊣⋈⋈⋈⋈⋈⋈⋈⊣
0x1b5d7e70	⊢⋈⋈⋈⋈⋈⋈⋈⊞⋈⋈⋈⋈⋈⋈⋈⋈⋈⊞⊤⊥⋈⊞⋈⊞⋈⊞⊥⋈⊞⊥⊤⋈∈⋈⊞⊞⋈≺⋈⋈⋈⋈⋈⋈⋈⋈⋈⋈⋈⋈⊞⋈⋈⋈⋈⋈⊞⋈⊞⊞⊞⋈⊞⊞⊞⊞⊡∈⋈⊤∈⊤∈⋈∋⋈⋈⊞⊞⊞⊤∈⊞⊞⋈⋈⊤∈⋈⊤∈⋈⊤∈⋈∈⋈⋈⊞⋈⊡∈⊤∈⋈⊤⊥⊞⊞⊞⊤∈∋⋈⊤∈⊞⊞⊤∈≺≺∋⊞∈∋⊞⊞⊞⋈≺⋈≺∋⊞⊞⊤∈∋⋈∋∋≻⊤∈⋈⋈⋈⊞⋈⋈⋈⋈⋈⋈⊞⋈⋈≺∈⋈⋈⋈⋈⋈⋈⋈≻⊤∈⋈⋈⋈⊤∈⊤∈⊤∈⋈⋈⋈≻⋈⋈⋈⋈⋈⋈≻⊤⋈⊥⋈⋈⊥⋈⋈⋈≺⊤∈⊤∈∋⊤∈⋈⋈≻⋈⋈⋈⋈⋈⋈⋈⋈≻⊞⋈⋈⋈⊤∈⋈≺∋⋈⊞⋈⊞⋈⊞⋈⋈≺⋈≺⊤∈⊤∈∋⋈⋈⋈≻⋈⋈⋈⋈⋈≻⊤∈⋈⋈⋈⋈≺∋⋈∋∋∋∋∋∋⊞⊤∈∋∋⋈⋈⋈⋈⋈⋈⋈⋈⊞⋈⋈⋈⋈⋈⋈⋈⋈⋈⋈⋈⋈⊞⊞≻⋈⊤∈⋈⋈⋈⋈⋈⊤∈⋈⊙∋⊞⊤∈⋈⊙∋⊞⊞⋈≺⋈⊤∈⋈⊤∈≻≺⊞⊞⊞∈∋⋈≺∋⊞⊞⋈∋⊞∋∋∋∈⊞⋈⊞⊞⋈⊞⊤∈⊞⋈⋈⋈⋈⋈⋈⋈⋈⋈⋈⋈⋈≻⋈⋈⋈≻∋⋈≻∋≻≺∋∋⋈⋈⋈⊤∈⋈⋈≺⊤∈⋈⋈⊙⋈⊞⋈⋈⋈⊞⋈⋈⋈⋈≻⋈⊤∈∋∋⋈⋈⋈⊤∈⋈≺⊤∈⋈⋈⊙⋈⋈⊞⋈⊞⋈⋈⋈⋈≻⋈⋈⊤∈∋∋⋈⊞⋈⊞≺∋⋈⋈≻⋈⋈≻≺∋⊣⋈⋈⋈⋈⋈⋈⋈⋈⋈⋈⋈⋈⊞⋈⋈⋈⋈⋈⋈⊣
0x1b5d7050	⊢⋈⋈⋈⋈⋈⋈⋈⊞⋈⋈⋈⋈⋈⋈⋈⋈⊞⋈⋈⋈⋈⋈⋈⋈⊤⋈∈⋈⋈⋈⋈⊞⋈⋈⊞⋈⋈⊞⋈⊞⊞⊤⋈⊥⊥⊤⋈⋈⊥⋈⋈⋈⋈⊞⋈⋈⋈⊞⋈⋈⋈⋈⋈⊞⋈⋈⋈⋈⋈⋈⋈⋈⋈⋈⋈⋈⋈⋈⋈⋈⊞∈⋈⋈⊞⊤⊥⋈⋈⊞⋈⊞⊞⊞⋈⋈⊞⊞∈⋈⊤∈⊤∈⊞⋈⋈⋈≺∋⋈⋈⊞⊞⊞⊤∈⋈⋈⊤∈⊡≺⋈⋈⊤∈⋈⋈⋈⊤∈⋈∈⋈⋈⊞⋈⊡∈⊤∈⋈⊤⊥⊞⊞⊞⊤∈∋⋈⊤∈∋⊞∈⋈≺∋≺⊞⊞⊤∈≺⊞⊞⊤∈∋⊡∋∋⊤∈≻⋈⋈⋈⋈⋈⋈≻⋈⊤∈⋈⋈⊞⋈⊞⊞⋈⋈⊞⊞⋈≺≻⋈⋈⊤∈⊞⊞⋈⋈⋈⋈≺∈⋈⋈⋈⋈⋈⋈⋈⋈≻⊤∈⋈⋈⋈⊞⋈⋈⊞≺⋈⊤∈⋈⋈≻⋈⋈⊤∈⊞≺⊤∈⋈⋈⋈⊤∈⋈≺⊞⋈⊞∈⋈≺⊞⊤∈⊤∈⋈⊤∈∋⋈⋈⋈⋈⊞⊞⋈⊞⊞⊞⊞≺∋⊞∋⋈⋈≺∋⋈⊤∈⋈⋈≻⋈⊤∈⋈⋈⋈⋈≺⊤∈⋈⋈⋈⋈≺⊤∈⋈⊤∈⋈⋈⊞⋈⊞∈⋈⊤∈⋈⋈⋈⋈≺⋈⊞⋈⋈⊞⊙⊤∈⋈⋈≻⋈⊤∈⋈⋈⋈≺⋈≺⊤∈∋∋∋∋∋∋⊞⊤∈∋⊤∈⋈⋈⊞⊤⋈∈⊞⊤∈⋈⋈⊤∈⋈⊤∈⋈≻⋈⋈⋈⊤∈⋈⊤∈⋈≻⋈⋈⋈≺∋∋∋⋈⋈⋈⋈⋈⋈⋈⊞⋈⋈≺⋈⋈⋈⋈⋈⊞∈∋∋∋⋈⋈∋∋⊞⋈≺⊞⋈⋈⋈⋈⋈⋈⋈⋈⋈⋈⋈⋈⋈⋈⋈⋈⋈∈∈⋈⋈≻⋈⋈⋈⋈⊤∈⋈⋈⊞⊤∈≺⋈⋈⊞≺⊤∈⋈∋⊤∈∋⋈⋈⊤∈⋈≻∋⋈⋈⋈⋈⋈⋈⋈⋈⋈⋈⋈⋈⊞⋈≺∋∋∋∋∋∋∋⋈⊤∈∋≺⋈⊤∈⋈⊤∈⋈⋈⋈⋈⋈≺∈⋈⋈⊤∈⋈⋈⋈∈⋈⋈⋈⋈⊤∈⋈⋈⊤⋈∈∋⊞≺∋⋈⋈⋈∋⋈⊞⋈⊤∈∋⊤∈∋⋈⊤∈⋈≻⋈⋈∋⋈⋈⋈⋈⋈⋈⋈⊞⋈⋈⋈⋈≺∋⋈⊤∈∋⋈≺⋈⋈⊞⋈⊞∈∋⋈∋⋈⋈≺⋈⊤∈⋈⋈⋈⋈≺∋∋⊞⋈≺⋈⊞⋈⋈⊞⊙⊞⊞⊞∈∋≺⊞⋈⋈⊞⋈⋈∋∋∋∋∋∋⊤∈⋈⊙∋⋈⋈⊤∈⋈⋈⋈≺∈⊤∈⋈⊤∈⊤∈⊙∋⊤∈⋈⊙≺∋∋∋⊞⊞∈∋∋⊤∈⋈⊙∋⊞⋈⋈⋈≺∈⊞⋈⊞⊞⋈⊞⊤∈⊞⋈⋈⋈⋈⋈⋈≻⋈⋈⋈≻∋≻≺∋∋∋⋈⋈⋈⊤∈⊤∈⋈⊙⋈⊞⋈⋈⋈⋈⋈⋈≻⋈⊤∈∋∋⋈⋈⋈⋈⊤∈⋈≺⊤∈⋈⊙⋈⊞⋈⋈⋈⋈⋈⋈≻⋈⊤∈∋∋⋈⋈⊞⋈⊞⋈∋⋈⋈≻⋈⋈≻≺∋⊣⋈⋈⋈⋈⋈⋈⊞⋈⋈⋈⋈⋈⋈⊣
0x1b5d2b00	⊢⋈⋈⋈⋈⋈⋈⋈⊞⋈⋈⋈⋈⋈⋈⋈⋈⋈⋈⋈⋈⋈⋈⋈⋈⋈⋈⋈⋈⋈⊤∈⋈⋈≻⋈⊤∈⋈⋈≻∋⋈∋⋈⋈⋈⊙⋈⋈⊤⋈⋈⋈∈⋈⋈⋈⋈⋈⋈⋈≻⋈⊤∈⊞⋈⋈≺⊤∈⋈≺∋⋈⋈⋈⊤∈⋈⋈⋈≻⋈⊤∈∋⋈⋈⋈⊙⋈⋈⊤⋈⋈∈⋈⋈⊞⋈⋈≻⊤∈⋈⋈≻≺⋈⊞⊞∈⊤∈⋈⋈≻⋈⋈⋈⋈⋈⋈⋈⋈⋈⋈⋈⋈⊞⊞∈∋∋⋈≺∋⋈⋈⋈⋈⋈⋈⊤∈⋈⋈⋈⋈≻⋈⋈⋈⋈⋈⋈⋈⋈⋈⋈⋈⋈⋈⋈∋⋈⋈⋈⋈⋈⋈⋈⋈⋈⋈⋈⋈⋈⋈⋈⋈⋈⋈⋈⋈⋈⋈⋈⋈⋈⋈⋈⋈⋈⋈⋈⋈⋈⋈⋈⋈⋈⋈⋈⋈⋈⋈⋈⋈⋈⋈⋈⋈⋈⋈⋈⋈⋈⋈⋈⋈⋈⊞⋈⋈⋈⋈⋈⋈⋈⋈⋈⋈⋈⋈⋈⊞⊞⋈⊤∈⋈⋈⊞⋈⋈⋈⋈⋈⋈⋈∋⋈⋈⋈⋈⊤∈⊞⋈⋈⋈⋈∈⋈⋈⋈⋈⋈⋈⊤∈⊤∈⋈⊞⊞⊞⊡∈⋈⋈⊤∈⊤∈⊞⊞∋⋈⋈⊞⊞⋈⊞⊤∈⊞∈⋈⋈⋈⊤∈∋⊞⋈⊞⊞⋈≺⋈⋈⋈⋈⋈⊤∈⋈⊞⋈⋈⊞⋈⋈⊞⋈⋈⊞⋈⋈⋈⋈⋈≺⋈⋈⊞⊙⊞⋈⊞∈∋≺⋈⋈⊤∈⋈⋈⋈⊞⊤⋈∈⋈⋈⋈⋈⊤⋈∈⋈⋈⋈≺⊞⊤∈⊞⋈⊞⊞⋈≺⋈⊤∈⋈⋈⋈≺⊤⋈∈⋈⋈⋈∈⊤∈⋈⋈⋈⋈⊞⊞⊞⊞⊞∈⋈⋈⊤∈⊤∈⋈⊞⊞⋈⋈≺∋⋈⋈⋈⊞⊞⊞⊤∈⋈⋈⋈⋈⋈⋈⊤⋈⋈∈∋⊞⊤∈⋈⋈⋈⋈⋈≺⋈⊞⋈⋈⊞⋈⋈⊞⋈⋈⊞⋈⋈⋈⋈⋈⋈≺⊞⋈⊞⊞⋈∈∋≺⋈⊞⋈⋈∋⊞⋈⊞⊞⋈≺⊤∈⋈⋈⊞⊞⊞∈⋈⊤∈⊤∈⋈⊞⊞⋈⋈≺∋⋈⋈⊞⊞⊞⊤∈⋈⋈⋈⊞⋈⋈⊞⋈⋈⊞⋈⋈⋈⋈≺∋∋∋∋⋈⋈⊞⊞⋈⋈⊤∈⋈⊤∈⋈≻∋⋈⊞⋈⊞⋈⊞⋈⋈⊞⋈⊞⊞⊞⋈⋈⋈⋈⋈⋈⋈⋈⋈⋈⋈⋈⋈⋈⋈⊞⋈⋈⊞⋈⊤∈∋≺∋⋈⊤∈⋈⊤∈≻≺≻≺∋∋⋈⋈⋈⊤∈⊤∈⋈⊤∈∋⋈≻⋈⊞⊞⋈≺∋⋈⋈⋈⋈≻⋈⋈⋈⋈⋈⋈⊤∈⋈≻⋈≺∋⋈⋈⋈⋈⋈⋈⋈⋈⊞≺∈⊤∈⊤∈⊞⊞≺⊤∈⊤⋈∈⋈⊤∈⊞⋈⊤∈∋⋈⋈⊤∈⋈≺⊤∈∋⋈⊙⋈∋⊞⊞⋈⋈⋈⋈⋈⋈⋈≻⋈⊤∈∋∋⋈⋈⋈⋈⊤∈⊤∈⋈⊙⋈⋈⊞⋈⊞⋈⋈⋈≻⋈⊤∈∋∋⊤∈⋈⊙∋⊤∈⋈⊙∋⊤∈⋈⊙∋⊤∈⋈⊙∋⊤∈⋈⊙≺⋈⋈≻≺⋈⋈≻≺⋈⊞≺∋∋⋈⋈⋈⋈≻⋈⋈⋈⋈⋈⊤∈⋈⊤⋈∈⋈⋈⋈⋈≺∈⊤∈⋈⊙≺∋⊞⊞∈∋⋈⋈≺∋∋⊤∈⊙≺⊤⋈∈⋈≻≺⋈⋈⋈∋⋈⋈⋈⋈⋈⊞⋈⊞⊞⋈∋⋈⋈⋈⊞⊙⊞⊞⊞∈∋≺∋⊞⋈⋈⋈∋∋⊞⋈⊞⊞⋈≺∋∋∋∋∋∋∋∋⋈⊞⊞⊞⊞⊞⊞⋈⋈∋∋⊤∈⋈⊙∋⊤∈⋈⊙∋⊤∈⋈⊙∋⊤∈⋈⊙∋⊤∈⋈⊙∋⋈⋈⊤∈⋈⋈≺∈⊤∈⋈⊙≺∋⊞⊞∈∋∋⊤∈⋈⊙∋⊞∋∋⋈⊤∈⊞⋈⋈⋈⋈⋈⋈⋈≻⋈⋈⋈≻∋⋈⋈≻≺⋈⋈⋈⋈⋈⋈⋈⊞⋈⋈⋈⋈⋈⋈⊣⋈⋈⊞⊙⋈⋈≻≺⋈⋈⊞⊙
0x1b5be119	⊢⋈⋈⋈⋈⊤∈⋈⋈≻⋈⋈⊙⋈≺⋈∋⊞⋈⋈⊣
0x1b5c31d5	⊢⋈⋈⋈⋈⋈⋈⋈⊞⋈⊞⋈⋈⋈⊞⊤⋈⋈⋈⋈∈⊡⋈⊡⋈⋈⊡⊡⋈⋈⋈⋈⋈⋈⋈⋈⋈⋈⋈≻⊤∈⋈⋈⋈≻⊤∈⋈⊡⋈⊡⋈⋈⋈⋈⋈≻⋈⊤⋈∈⊤∈⋈⋈≺⋈⋈⊞⋈⊡⋈⊙⊤∈⊙⋈⊞⊞∋⋈⊞⊤∈⋈⋈⋈⋈⊤∈⋈⊙∋⊤∈⋈⊙∋⋈⊙⋈⋈≺∋⋈⋈⋈⊞⊙⊤∈⊙≺∋∋⋈⋈⋈⊞⊞⊞⊥⊤∈⊤⋈⋈⊥⋈⋈⋈⋈⊞⋈≻⊤∈⋈⋈⋈⋈⊤∈⋈⋈≺⋈≺⋈∋⋈⋈⊞⋈⊞⊞⊤⋈⊥⊤⊥⋈⊤∈⋈⋈≺∋⊞⊤∈⋈⊞⋈≺⋈⋈≻⋈⊤∈⊤∈⊞⋈⋈⋈∋⊞⋈⋈≺∋∋⋈⋈⋈⋈∈∈∈∈∈⊤∈⊤∈⋈⋈≻⋈⊤∈⊤⋈∈⋈∋∋⋈⊤∈⋈⋈⊤⊥⋈⋈⋈⋈⋈⋈≻⊤∈⋈≺∋∋⋈≺⋈⋈⋈⋈≺∋⊞⋈⋈⊞⋈⊤⊥⋈⊤⊥∈⋈⋈⋈⊙⊤∈⋈⊤⊥⊞⋈⊤∈∋∋⊞≺⋈⊞⋈⋈⊞⊤⋈⊥⋈⊤⋈⋈⋈∈∋⊤⋈⋈⋈⋈⊥⊤⊥⋈⊤∈∋⋈⊤∈∋⋈⋈⊤∈∋⋈⋈⋈≺∋⊙⋈⊤∈∋≺⊞⊞⋈⋈⋈∋∋⋈⋈⋈⋈⋈⋈≻⊤∈⋈⊤⋈∈⋈⊡⋈⋈⋈⊡⋈⋈⋈⋈⊡⋈⋈⋈⋈⋈⊞⋈⊞∈⋈≻⊤∈⊤∈⋈⋈⋈⊞⊥⊞⊤∈⊞⋈⋈⋈⊞⊞≺∋⋈⊞∈⊤∈⊞⊤∈⊞⊤⋈⋈⊥≺∋⊤⊥⊥∋∋⋈⋈≻⋈⋈⋈⊡⋈⋈⋈⋈⋈⋈⋈≻⊤∈⊤∈∋⋈⋈⋈⋈⋈⋈⋈⊞⋈⊡⋈≺∋⊤∈⋈⋈≻⋈⋈⋈⊡⋈⋈⋈⋈⋈⋈⋈≻⊤∈⊤∈∋⋈⋈⋈⋈⋈⋈⋈⋈⊞⋈⊡⋈≺∋⊤∈⋈⋈≻⋈⋈⋈⊡⋈⋈⋈⋈⋈⋈⋈≻⊤∈⊤∈∋⋈⋈⋈⋈⋈⋈⋈⋈⊞⋈⊡⋈≺∋⊤∈⋈⋈≻⋈⋈⋈⊡⋈⋈⋈⋈⋈⋈⋈≻⊤∈⊤∈∋⋈⋈⋈⋈⋈⋈⋈⋈⊞⋈⊡⋈≺∋⊤∈⋈⋈≻⋈⋈⋈⋈⊡⋈⋈⋈⋈⋈⋈≻⊤∈⊤∈∋⋈⋈⊞⋈⋈⋈⋈⊞⊞⋈≺∋⊤∈⋈≻⋈⋈⋈⊡⋈⋈⋈⋈⋈⋈⋈≻⊤∈⋈⋈⊤∈⋈⊤∈⋈⋈⋈⊤∈≺⊤∈⊤∈⋈⊤∈⋈⊤⋈∈∋∋⊞⊞∈⋈⋈⊞⊞⋈⊤⊥⊤∈⊞⋈⊞⊞⊤∈∋≺∋⊞⊞∈⊤∈∋⊞⊞⊤∈⋈⊤∈⋈⋈⊤∈≺⊤∈⊤∈⊤∈⊞⊤⋈∈∋∋⊞⊞∈⋈⋈⊞⊞⋈⊤⊥⊤∈⊞⋈⊞⊞⊤∈∋≺∋⊞⊞∈⊤∈∋⋈⋈⊞⋈⋈⋈⋈⋈⋈≻⊤∈⋈⋈⋈⋈≻⊤∈⋈⋈⋈⋈≻⊤∈⋈⋈⋈⋈≻⊤∈⋈⊤∈⊤⋈⋈⋈⊤⋈∈⊤∈⊤∈⊡⋈⊤⋈⋈∈∋⊞⊞∈⋈⋈⋈⊞⊞⋈⊤⊥⊤∈⊤∈⊞⋈⊞⊞⊤∈∋≺⊤∈⋈⋈⋈⊤∈≺∋∋⊞⊞∈⋈⋈⋈⊞⊞⋈⊤⊥⊤∈⊞⋈⊞⊞⊤∈∋∋⋈⋈⋈⋈⊡⋈⋈⋈⋈⋈⋈≻⊤∈⋈⋈⋈⋈≻⊤∈⋈⋈⋈⊞⋈⊞⋈≻⊤∈⋈⋈⋈⋈⋈≻⊤∈⋈⋈⋈⊤∈⋈⋈⋈⋈⋈⊙⋈⋈⋈⋈≻⊤∈⋈⋈⋈≻⋈⋈⋈⋈⊙⋈⊤∈≺∋⊤∈⋈≻⋈⋈∋⊞⋈⋈⋈⋈⋈⋈⋈⋈⋈⋈⋈⋈⋈⋈⋈⋈⋈⋈⋈⋈⋈⋈⋈⊞⋈⊤⋈⋈∈∋∋∋⋈⋈⊤∈⋈⊙∋⋈⊙⋈⊤∈≺⋈⋈⊞⊞⋈⊤⊥⊤∈⋈⊞⋈⊞⊞⋈⊤⋈∈∋≺⋈⋈⊞⊞⋈⊤⊥⊤∈⋈⊞⋈⊞⊞⋈⊤⋈∈∋≺∋∋∋∋∋∋∋∋∋∋∋∋∋∋∋∋∋∋∋∋∋∋∋∋∋∋∋∋∋∋∋∋⋈⋈⊤⊥⊡⋈≺∋∋⋈⊞⊤∈⋈⋈⋈⋈⋈⊤∈⋈⊙∋⊤∈⋈⊙∋⋈⊙⊞⋈≺⊞≺∋∋⊤∈⋈⊙∋⋈⊙⋈⊤∈⋈⋈∈⊤∈⋈⊙∋⊞⊞∈∋⋈⋈≺∋⋈⊞⋈⋈⊤∈⋈⋈⋈⋈⋈⊤∈⋈⊙∋⊤∈⋈⊙∋⋈⊙⋈≺∋∋∋⊤∈⋈⊙∋∋⋈∋⋈⊡⋈⊡⋈⋈⋈⋈⋈⊙⋈⋈⋈⋈⋈⊤∈⋈⋈⊤∈⋈⋈∈⊤∈⋈⊙∋⊞⊞∈∋∋⊤⋈∈⋈⊙∋∋⋈⋈⋈⋈⋈⊤∈⋈⋈⊤∈⋈⋈∈⊤∈⋈⊙∋⊤∈⋈⊙∋⊞⊞∈∋∋⊤⋈∈⋈⊙∋∋⋈⋈⋈⊡⊡⋈∋⋈⊤∈⋈⋈⋈⊞⊞⊞⋈∈⋈⋈⋈⊞⊞∈∈⊤∈⊞⊤∈∋≺⋈⊞⋈⊞⊞⊤∈∋⊞⊤∈∋≺⋈⊤∈⋈⊤∈⊞⋈⊞⋈⋈∈⊤∈⊤∈⊞⋈⊞⋈⋈⋈⋈⊡⋈∈⋈⋈⋈⋈⊡⋈⋈⋈⊡⋈⋈⋈⊡⋈⊞∈∋≺⊞⋈⊞⊞⊤∈∋∋⊤∈⋈⋈≻⊞⋈⋈⋈⋈⋈⋈≻⊤∈⋈⋈⊡⋈⋈⋈⋈⊞⋈⋈⊡⋈⋈≻⊤⋈⋈∈⋈⋈⋈⋈⋈⊡⋈≻⊤∈⋈⋈≻⊤∈⋈⋈⋈⋈≻⋈⊤∈⋈⋈⋈⋈⋈⋈⋈⋈⋈⋈⋈⋈⋈⋈⋈⋈⋈⋈⋈⋈⋈⋈⋈⋈⋈⋈⋈⋈⋈⋈⋈⋈⋈⋈⋈⋈⋈⋈⋈⋈⋈⋈⋈⋈⋈⋈⋈⋈⋈⋈⋈⋈⋈⋈⋈⋈⋈⋈⋈⋈⋈⋈⋈⋈⋈⋈⋈⋈⋈⋈⋈⋈⋈⋈⋈⋈⋈⋈⋈⋈⋈⋈⋈⋈⋈⋈⋈⋈⋈⋈⋈⋈⋈⋈⋈⋈⋈⋈⋈⋈⋈⋈⋈⋈⋈⋈⋈⋈⋈⋈⋈⋈⋈⋈⋈⋈⋈⋈⋈⋈⋈⋈⋈⋈⋈⋈⋈⋈⋈⋈⋈⋈⋈⋈∋∋⋈⊤∈⋈⋈⊤∈⋈⊞⋈⋈⋈⋈⋈⊞⋈⋈∈⋈⊞⊥⋈⊞⊥⊞∈⊤∈⋈⊞⋈⊞⋈⋈⊙⊤⋈⋈∈⊞⊤∈⊤∈⋈⋈⋈⋈⊙⋈⋈⊤∈⊤∈⋈⊤∈⋈⋈⊞⊥⊤⊥⊞∈⊞⊞∈⊤∈⊞⊤∈∋≺∋∋∋∋∋⊞⊞∈∋∋∋∋∋∋∋∈∈∈∈∈∈∈⋈⋈⋈⋈≻⋈⋈⋈⋈⋈⋈⋈⋈⋈⋈≻⋈⊤∈⋈⋈⋈⋈⋈⋈⋈⋈⋈⋈⋈⋈⋈⋈⋈⋈⋈⋈⋈⋈⋈⋈⋈⋈⋈⋈⋈⋈⋈⋈⋈⋈⋈⋈⋈⋈⋈⋈⋈⋈⋈⋈⋈⋈⋈⋈⋈⋈⋈⋈⋈⋈⋈⋈⋈⋈⋈⋈⋈⋈⋈⋈⋈⋈⋈⋈⋈⋈⋈⋈⋈⋈⋈⋈⋈⋈⋈⋈⋈⋈⋈⋈⋈⋈⋈⋈⋈⋈⋈⋈⋈⋈⋈⋈⋈⋈⋈⋈⋈⋈⋈⋈⋈⋈⋈⋈⋈⋈⋈⋈⋈⋈⋈⋈⋈⋈⋈⋈⋈⋈⋈⋈⋈⋈⋈⋈∋⋈∈∈⋈≻⋈⋈⊙⋈⊤⋈⋈⋈⋈⋈⋈⋈⋈⋈∈∋⋈⋈⋈⋈⋈⋈⋈⋈⋈⋈⋈⋈⋈⋈⋈⋈⋈⋈⋈⋈⋈⋈⋈⋈⋈⋈⋈⋈⋈⋈⋈⋈⋈⋈⋈⋈⋈⋈⋈⋈⋈⋈⋈⋈⋈⋈⋈⋈⋈⋈⋈⋈⋈⋈⋈⋈⋈⋈⋈⋈⋈⋈⋈⋈⋈⋈⋈⋈⋈⋈⋈⋈⋈⋈⋈⋈⋈⋈⋈⋈⋈⋈⋈⋈⋈⋈⋈⋈⋈⋈⋈⋈⋈⋈⋈⋈⋈⋈⋈⋈⋈⋈⋈⋈⋈⋈⋈⋈⋈⋈⋈⋈⋈⋈⋈⋈⋈⋈⋈⋈⋈⋈⋈⋈⋈⋈⋈⋈⋈⋈⊤∈⋈⋈≻⋈∋⊞⋈⋈⋈⊡⊤∈⋈≺∋⋈⋈⊞⋈≻∋⋈⊞⋈⊞⊤∈∋⊤∈∋⋈⋈⊤∈∋⋈⋈⋈≻⋈≺⋈⋈⋈⋈⊙⋈⋈⋈⋈⋈≻⊤∈⋈⋈≻⋈⋈⋈⋈⋈≺∋∋⋈⋈⊤∈⋈⋈⋈⋈⊤∈⊞⋈⊤⊥≺∋⋈⋈⋈⋈⋈⋈⋈⋈≻⋈⊞⊤∈⋈≺⋈≻⋈⋈⋈⋈⊞∈∈⋈⋈⋈⋈⋈⋈≻⋈⊤∈≺∋⋈⋈⊡⊤∈⋈⋈⋈⊞⋈⋈≻⋈⋈≺⊞∋⋈⊞⋈⋈⋈⊙⊞⋈⊥⋈⋈⋈⊞⊥⊞∈⊤⊥⊞≺∋⊤∈⋈⊤∈∋⋈⊤∈⊤∈⋈⋈⋈⋈⋈≻⋈⋈≺∋⋈⊞⊞≺∋⋈⋈∋⊞⊤∈⋈⋈⋈⋈⋈≻⋈⋈≺∋⋈⊞⋈⋈⊙⊞⋈⋈⋈⋈∈⊞⋈⊤⊥≺∋⊤∈⊞⋈⊤⊥≺∋⊤∈⋈⋈⋈⊙⊤∈∋⋈⋈⋈⋈⋈⋈⋈⋈⋈⋈⋈⋈⋈⋈⋈⋈⋈⋈⋈⋈⋈∈⋈⋈≻⊤∈⋈⋈≻⊤∈⋈⋈≻⊤∈⋈⋈⋈⋈⋈⋈⋈⋈⋈⋈⋈⋈⋈⋈⋈⋈⋈⋈≻⊤∈∋≺∋∋⋈⋈≻⊤∈∋∋⊡⋈⊤∈⋈⋈⋈⊞⋈⋈≻⋈⋈⋈≺⊞∋⋈⋈⋈⋈⋈⊙⊞⋈∈⋈⊞⊞⊤∈∋⋈⊤⋈∈⊤∈⋈⋈⋈⋈⋈⋈≻⋈⋈⋈⋈≺∋⋈⋈⊞⋈≺∋∋⊞⊤∈⋈⋈⋈⋈⋈⋈⋈≻⋈⋈⋈≺∋⋈⋈⋈⋈⋈⋈⋈⊞⊞∈⊞⊤⊥≺∋⊤∈⋈⊤∈∋⋈⊤∈⊤∈⋈⋈⋈⋈⋈⋈≻⋈⋈≺∋⋈⊞⊞≺∋⋈⋈∋⊞⊤∈⋈⋈⋈⋈⋈⋈≻⋈⋈≺∋⊞⋈⋈⊙⊞⋈⋈⋈⋈≻⊤∈⋈⊤∈≻⋈⊞⋈∋⊤∈⊡⊤∈⋈⋈⋈⋈⋈⊞⋈≻⋈⋈≺⊞∋⋈⋈⋈⋈⊞⋈⋈⋈⋈⋈⋈≻⋈⊤∈⋈⋈⋈⋈⋈⋈≻≺⋈⋈⊞∈⊞⊤⊥≺∋⊤∈⊤∈∋⋈⊤∈⊤∈⋈⋈⋈⋈⋈⋈≻⋈⋈≺∋⋈⊞⊞≺∋⋈⋈∋⊞⊤∈⋈⋈⋈⋈⋈⋈≻⋈⋈≺∋⊞⋈⋈⋈⊙⊞⊞⋈⋈∈⋈⊞⊤∈⊤⊥∋∋⊤∈⋈⊤∈∋⋈⊤∈⊤∈⋈⋈⋈⋈⋈⋈≻⋈⋈≺∋⋈⊞⊞≺∋⋈⋈∋⊞⊤∈⋈⋈⋈⋈⋈⋈≻⋈⋈≺∋⊞⋈⋈⊙⊞⋈⋈⋈⋈≻⊤∈∋⊤∈⋈⊙∋⊤∈∋⋈≺∋∋⋈⋈⋈⋈∋⊤∈⋈⊙∋⋈⊤∈∋⋈⋈⋈⋈⋈⋈⋈≻⋈⋈⊤∈∋⋈⋈⋈⋈⋈⋈⋈⋈⋈⋈⋈⋈⋈⋈⋈⋈⋈⋈⋈⋈⋈⋈⋈⋈⋈⋈⋈⋈⋈⋈⋈⋈⋈⋈⋈⋈⋈⋈⋈⋈⋈⋈⋈⋈⋈⋈⋈⋈⋈⋈⋈⋈⋈⋈⋈⋈⋈⋈⋈⋈⋈⋈⋈⋈⋈⋈⋈⋈⋈⋈⋈⋈⋈⋈⋈⋈⋈⋈⋈⋈⋈⋈⋈⋈⋈⋈⋈⋈⋈⋈⋈⋈⋈⋈⋈⋈⋈⋈⋈⋈⋈⋈⋈⋈⋈⋈⋈⋈⋈⋈⋈⋈⋈⋈⋈⋈⋈⋈⋈⋈⋈⋈⋈⋈⋈⋈⋈⋈⋈⋈⋈⋈⋈⋈⋈⋈⋈≺∋⊤∈∋⋈⊙≺∋⊞∋⋈⋈≻≺⋈⋈⊞⊤∈∋⋈⋈⋈⋈⊤∈⋈⊙∋⊤∈⋈⊙∋⋈∋⊙≺∋⊤∈⊞⊞⋈⋈⋈∈⋈⊞⋈⋈⋈⊡⋈⋈⋈⊡⋈⋈⋈⊡⊞⊤∈∋∋⋈⋈∋⊞⋈⋈⋈⋈⊤∈⊤∈⊞⋈∈⋈⊞⋈⋈⊞⊤⊥⊞⋈⊤∈∋⊞≺∋⋈⊞⊤∈⊞⊞⋈≺∋∋⊞⊤∈⋈⋈≻⋈⋈⋈∈⋈⊞⋈⊞⊞⊞∈⋈⊤∈⋈⋈⊞≺⊤∈⊤∈⋈⋈⊤∈⋈≻⊞⊞⋈⋈⊞∋⋈⋈⊤∈⋈⋈⋈⋈⋈⋈≻⋈⋈⋈⋈⋈⋈⋈⋈⋈⋈⋈⋈⋈⋈⋈⋈⋈⋈≻⊤∈⋈⋈⊞⋈⊤⊥⋈⋈⋈⋈⋈⋈⋈⋈⋈⋈⋈⋈⋈⋈⋈⋈⋈⋈⋈⋈⊞⋈⋈⋈⋈⋈⋈⋈⋈⋈⋈⋈⋈⋈⋈⋈⋈⋈⋈⋈⋈⋈⋈⋈⋈⋈⋈⋈⋈⋈⋈⋈⋈⋈⋈⋈⋈⋈⋈⋈⋈⋈⋈⋈⋈⋈∈⋈⋈⋈⋈⋈⋈⋈⋈⋈⊡⊤∈⊤∈⋈⋈⋈⊞⋈⊞⊞⋈⋈∈⊞⋈⋈⊞∈⊤∈⋈⋈⋈⋈⊞⊞⋈⊞⊞⊞⊞⊤∈⊞⋈⊞⊥⊤⊥⊞⊤∈⋈⋈⊤∈⊞⊤∈⋈⊞⊞⋈⊞∈⋈⊞∈⋈⊤∈⋈⋈⋈⊞≻≺⊤∈⋈⋈⋈⋈⋈⋈⋈⋈⋈⋈⋈⋈⋈⋈⋈⋈⋈⊞⊞⊞⋈⋈⊞⊞⊞⊞⊞⋈⋈⋈⋈⋈⋈⋈⋈⋈⋈⋈⋈⋈⋈⊤∈⊤∈∋⋈⋈⋈⋈⊞∈⋈⊤∈⋈⋈⊞∈⋈⊤∈⋈⋈⊞∈⋈⊤∈⋈⋈⊞∈⋈⋈⊤∈⋈⋈⋈⊞∈⋈⋈⊤∈⋈⋈⋈⊞∈⋈⋈⊤∈⋈⋈⋈⊞∈⋈⋈⋈⋈⊞⊥⋈⊤∈⊤∈⋈⋈⊤∈⋈⊞⊞⊞⋈⊞⋈⊞⋈⋈⊞⋈⋈⊞⋈⋈⊞⋈≺∋⋈⋈⋈⋈⋈⋈⊤∈⊡∈∋⋈⋈⋈⋈⋈⋈⋈⋈⋈⋈⋈⋈⋈⋈⋈⋈⋈⋈⋈⋈⋈⋈⋈⋈⋈⋈⋈⋈⋈⋈⋈⋈⋈⋈⋈⋈⋈⋈⋈⋈⋈⋈⋈⋈⋈⋈⋈⋈⊡⊡⋈⋈⊙⊤∈⋈⋈⋈≻≺⋈⋈⋈⋈⊡⋈≺⋈⋈⋈⋈⋈⋈⊞⊙⊞⊥⊤∈⊞⊤∈∋≺∋∋∋∋∋∋∋∋∋∋∋∋∋∋∋∋∋∋∋∋∋∋∋∋∋∋⊡⋈⊡⋈⊤∈⋈⋈⊞≺⋈⊤∈⋈⋈⊞⋈⊞⋈⋈⋈⋈≻⋈⋈≺∋⋈⋈⋈⊙⊞⋈∋⋈⊤∈⊞⋈≺⊞⊤∈⋈⊞⊤∈⊤⊥∋∋⋈⊤∈⊤∈∋⋈⊤∈⊤∈⋈⋈⋈⋈⋈⋈≻⋈⋈≺∋⋈⊞⊞≺∋⋈⋈∋⊞⊤∈⋈⋈⋈⋈⋈⋈≻⋈⋈⋈≺⋈∋⊞⋈⋈⋈⊙⊞⋈⋈⋈⋈≻⊤∈⋈⋈⋈⊤∈⋈≻∋⋈⋈⊞⋈⋈⊞⋈∈∋⋈≻≺⋈⊞⋈⋈⋈≻⋈⋈⋈⊤∈⋈⋈⋈⋈⋈⋈⋈≻⋈⋈⊤⋈⊥⋈⋈⋈⊥⋈⋈⋈⋈⋈⋈≻⋈⋈⊤⋈⊥⋈⋈⋈⊥⋈⋈⋈⋈⋈⋈≻⋈⋈⊤⋈⊥⋈⋈⋈⊥⋈⋈⋈⋈⋈⋈≻⋈⋈⊤⋈⊥⋈⋈⋈⊥⋈⋈⋈⋈⋈⋈≻⋈⋈⊤⋈⊥⋈⋈⋈⊥⋈⋈⋈⋈⋈⋈≻⋈⋈⊤⋈⊥⋈⋈⋈⊥⋈⋈⋈⋈⋈⋈≻⋈⋈⊤⋈⊥⋈⋈⋈⊥⋈⋈⋈⋈⋈⋈≻⋈⋈⊤⋈⊥⋈⋈⋈⊥⋈⋈⋈⋈⋈≻⋈⋈⊤⊥⋈⋈⊥⋈⋈⋈⋈⋈≻⋈⋈⋈⋈⋈⋈⋈≻⊤⋈⋈⋈⊥⊥⊤⊥⊥⋈⋈⋈⋈⋈⋈⊤∈⊡∈∋⋈⋈⋈⋈⋈⋈⋈⋈⋈⊡⋈⋈⋈⋈⋈⋈⋈⋈⋈⊡⋈⋈⋈⋈⋈⋈⋈⋈⋈⋈⋈⋈⋈⋈⋈⋈⋈⋈⋈⋈⋈⋈⋈⋈⋈⋈⋈⋈⊡⊡⋈⋈⋈⋈⊙⊤∈⋈⋈⋈≻≺⋈⋈⋈⋈⊡⊤⋈∈⋈⊙∋∋⊤∈⋈⊙∋⋈∋⊡∈∋⊤∈⋈⊙∋⋈⊡⋈⋈∈∋⋈≻≺∋∋⋈⋈⋈⋈⋈⋈⋈⋈⋈⊤∈⊤∈⋈⊞≺⋈⋈⋈⋈⊡⋈⋈≻⋈⋈⋈⋈⋈⋈⋈⋈⊤∈⋈⋈⋈⋈⋈⋈⋈⋈⋈⊤∈⋈⋈⋈⋈⋈⋈⋈⋈⋈⋈⋈⋈⋈⋈⋈⋈⋈⋈⋈≻⋈⋈⋈⋈⋈⋈⋈⋈⊤∈⋈⋈⋈⋈⋈⋈⋈⋈⋈⋈⋈⋈⋈⊡⋈⋈⋈⋈⋈⋈⋈⋈⋈⋈⊤∈⋈∋⋈⋈⋈⋈⋈⋈⋈⋈⋈⋈⋈⋈⋈⋈⋈⋈⋈⋈⋈⋈⋈⊡⋈⋈⋈⋈⋈⋈⋈⊙⊤∈∋⋈⋈⋈≻≺⋈⋈⋈⋈⊡⋈⋈⋈⋈≺⋈⊞⋈⋈∋⋈⋈≺∋⊡⋈∈⋈≻≺∋∋∋⊤∈⊤∈⋈⋈≻⋈⋈⋈⋈≻≺∋∋∋∋∋∋∋∋∋∋⊣⋈⋈⋈⋈⋈⋈≺⊤∈⊡∈⋈≻∋∋∋⋈∋⊤∈⋈⋈⋈≺⋈⊤∈⋈⋈⋈⊞⊞⋈⊞⋈≺∋∋⋈⋈⋈⋈⋈⋈≻⊡⋈⋈⋈⋈⊡⋈⋈⋈≻⋈⋈⋈⊡⊤∈∋≺∋⋈∋⋈⊞∈∋≺∋∋∋⊤⋈∈⋈⋈⋈⋈⋈⊤⋈⋈⊥⊤∈⊞≺⋈⋈⋈⋈⋈⋈⋈⋈⋈⋈⋈⋈⋈⋈⋈⋈⋈⋈⋈⋈⊞⋈⊤⋈⋈∈⋈⋈⋈⊞⊞⋈⊞⊞⋈⊤∈⋈⋈⊤∈⋈≺∋⊤∈⋈⋈⊙⋈∋⋈⋈⋈⋈⋈⊤∈⋈⋈⋈⋈⊤⊥⋈⋈⋈⊤⊥⊤∈⋈⊤∈⋈⋈⋈⊤⋈∈⋈⋈⋈⋈≻≺∋⊤∈⊤∈⊞⋈∋⋈⊤∈∋∋⊞⋈⊞⋈⋈≺∋⊡⋈⋈⋈⋈⋈⋈⋈⊤∈⋈⋈⋈⋈≺⋈⋈⋈⋈⋈≺⋈⊤⊥⊞⊞⊤⊥⊞∈⋈⊙∋⋈⋈⋈⋈⋈⋈⋈⋈⋈∋∋⋈≻⋈≺∋∋⋈⋈⋈⋈⋈⋈⋈⋈⋈⋈≻∈⋈⋈⊤⋈⋈⊥⋈⊤∈⊤⊥⊤⊥⊞∈⋈⊙∋⋈⊞⊞⋈⋈⋈⋈⋈⋈⋈⋈⋈⋈⊤∈⋈∋⊤⊥⊤⊥⊞∈⋈⋈⊞⊞⋈⊞⊞⋈⊤∈⋈⋈⊤∈⋈∋⊤∈⋈⊙∋⋈⋈⋈⋈⋈⋈⊤∈⋈⋈⋈⋈⋈⊤⊥⋈⋈⊤⊥⊤∈⋈⊤∈⋈⋈⋈⊤⋈∈⋈⋈⋈⋈≻≺∋⊤∈⊤∈⋈≺∋⊤∈∋⋈⊙≺∋∋⊤⋈∈∋≻⊤∈⋈⋈⋈⋈⋈≻⋈∋⋈⊤∈∋∋⊞⋈⊞⋈⋈≺∋⊡⋈⋈⋈⋈⋈⋈⋈⊤∈⋈⋈⋈⋈⋈≺∋∋⋈≻⋈⋈≺⋈⋈⋈⋈⋈⋈≺∋∋⋈⋈⋈⋈⋈⋈⋈⋈⋈⋈⋈≻≺∋≺∋∋∋∋∋∋∋⊞⋈⋈⋈⋈⋈⋈⊣
0x1b57ef52	⊢⋈⋈⋈⋈⋈⋈⊞⋈⊤∈⊤∈⋈⋈⊤⋈∈∋⊞⋈⋈⊤∈⋈⋈≺⋈⋈⊤∈⋈∈∈∈⋈⊞⊤⊥⊥⋈⊞⋈⋈⋈⊞⊙⊤∈⊤∈⊞⊞∈∋≺⊙⋈⊤∈⊤∈⊤∈∋≺⊤∈⊤∈⊤∈⊤∈⋈≺∋⋈∈∈∈⋈⊞⊤⊥⊥⋈⊞⋈⋈⊙⊤∈⊤∈⊞⊞∈≺∋⊙⋈⊤∈⊤∈⊤∈∋≺⊤∈∋⊤∈⊤∈∋∋∋⋈≺∋∋⋈⊤∈⊤∈⊤∈∋∋∋∋∋∋⋈⋈⋈≻∋∋⋈≺∈⋈⋈⋈≻∋≻⊤∈∋⋈⋈⋈∈⋈⋈⋈⊙⊤∈⊙⋈⊤∈⊞⊞≺⊤∈⋈⋈⊞∈⋈∋⊞⋈≺∋⊤∈∋∋∋⋈⋈∋⋈⋈⋈∋⋈⊞⋈⋈⋈⋈⋈⋈⊣≺∋∋⋈⋈⋈⋈⋈⋈≻⋈≺∋
0x1b5efa30	⊢⋈⋈⋈⋈⋈⋈⋈⊞⋈⋈⋈⋈⋈⊞⊤∈⋈⋈⋈≻⋈⋈⋈⋈⋈⋈⋈⋈⋈⋈⋈⋈⋈⋈⋈⋈⋈⋈⋈⋈⋈⊞⋈⊞⊞⊞⋈⋈⋈⊙⋈⋈⋈⋈⋈⋈⋈⋈⋈⋈⋈⋈⋈⋈⋈⋈⋈⋈⋈⊙⋈⊞⋈⋈⋈⋈⋈⊞⋈⋈⊙⋈⋈⋈⋈⋈⋈⋈⋈⋈⊞⋈⊙⋈⋈⊞⋈⊞⋈⊙⊤∈⊞⊡∈⋈⋈⊞⋈⊤∈∋∋⊡⊤⋈⋈⋈∈⊞⋈⋈⊞⊤∈∋⋈⋈⋈≻⋈⋈⋈⋈⊙⋈⊞⊞⊡∈⋈⋈⋈⋈⊞⊤∈∋∋⋈⊙⋈⋈⊞⋈⋈⋈⋈⋈⋈⊣
0x1b5ea4e0	⊢⋈⋈⋈⋈⋈⋈⋈⊞⋈⋈⋈⋈⋈⊞⊤∈⋈⋈⋈≻⋈⋈⋈⋈⋈⋈⋈⋈⋈⋈⋈⋈⋈⋈⋈⋈⋈⋈⋈⊞⊞⋈⋈⊙⋈⋈⋈⋈⋈⋈⋈⊞⋈⋈⊙⋈⊞⋈⋈⋈⋈⋈⋈⊞⊞⋈⊙⋈⊞⋈⋈⋈⋈⋈⊞⊞⋈⊞⋈⊙⋈⋈⊞⋈⊞⋈⊙⊤∈⊞⊡∈⋈⋈⊞⋈⊤∈∋∋⊡⊤⋈⋈⋈∈⊞⋈⋈⊞⊤∈∋⋈⋈⋈≻⋈⋈⋈⋈⊙⋈⊞⊞⊞∈⋈⋈⋈⋈⊞⊤∈∋∋⋈⊙⋈⋈⊞⋈⋈⋈⋈⋈⋈⊣
0x1b5be22b	⊢⋈⊞⋈⋈⊤∈⊡⊞⊞⋈⊤∈⋈⋈⊡≻⊡⋈⊞≺∋⋈⋈⊡⊤∈⋈⋈⊞⋈⋈⋈⋈⋈≺∋⋈≺∋⊞⋈⊣
0x1b5b9e35	⊢⋈⋈⋈⋈⋈⋈⋈⊞⋈⋈⊤∈⊤∈⋈⊤∈⊞⊞≺⊞⊞⋈⋈⋈≺∈⋈⊤∈⋈≺⋈⊤∈⋈⊤∈⋈≺⊤∈⋈≺⋈≺∋∋∋⋈⊞⊞⋈⊞∈∋⊞∋⋈∋⊞⋈⊤∈⋈⋈⋈⋈≻⋈⋈⋈≺⊤∈⊞⊞≺⊞⊞⊡∈⊞⊤⊥⊞⊞⊤∈∋≺∋∋∋⋈⊤∈∋⋈⋈⋈⋈⋈⊞⋈⋈⋈⋈⋈⋈⊙⋈⋈⊞⋈⊞⊞⋈⋈⊞⋈⋈⊙
0x1b5bb667	⊢⋈⋈⋈⋈⋈⊞⋈⊤∈⋈⊤∈⋈⋈⊞⋈⋈⋈⋈≺⋈⋈⋈⋈≻⊤∈⋈⊤∈⋈⋈⋈⊤⊥⋈⋈⊞≻⋈⋈⊤∈∋⋈⋈⋈⋈⊤∈∋∋⊞⋈⋈⋈⋈⋈⋈⋈⋈⋈⋈≻⋈⋈⋈⋈≺∋∋⊞⋈⋈⋈⋈⊣
0x1b5bc6ec	⊢⋈⋈⋈⋈⊞⋈⊤∈⋈⊤∈⋈⋈⊞⋈⋈⋈≺⋈⋈⋈≻⊤∈⋈⊤∈⋈⋈⋈⊤⊥⋈⋈⊞≻⋈⋈⊤∈∋⋈⋈⋈⋈⊤∈∋∋⊞⋈⋈⋈⋈⋈⋈⋈⋈⋈≻⋈⋈⋈⋈≺∋∋⊞⋈⋈⋈⊣
0x1b5bbdee	⊢⋈⋈⋈⋈⋈⋈⋈⊤∈⋈⊞⋈⊞∈⋈⊤∈⊤∈⊞⋈∋⊞∋⊞∈⋈⊤∈⋈⋈≻⊤∈∋∋⋈⋈≻⊤∈∋⋈≺⋈⊤∈∋≺∋∋⋈⋈⋈⋈⋈⋈⊣
0x1b5bbe77	⊢⋈⋈⋈⋈⋈⋈⋈⊤∈⊞≺⋈⊞⋈⊞∈⋈⊤∈⊤∈⊞⋈∋⊞∋⊤∈⋈⊤∈⋈⋈≻⊤∈∋∋⋈⋈≻⊤∈∋⋈≺⊞⋈⊤∈∋≺∋∋⋈⋈⋈⋈⋈⋈⋈⊣
0x1b5bbf0b	⊢⋈⋈⋈⋈⋈⋈⋈⊞⋈⊤∈⋈⋈⋈⊞∈⋈⊤∈⊤∈⊞⋈∋⊞∈⋈⊤∈⋈⋈≻⊤∈⊤∈∋∋⋈⋈⋈≻⊤∈⋈⋈⊤∈⋈⋈⊤⊥⋈⋈⊞≺⊤∈∋⋈⊤∈⋈⋈⋈≻⊤∈⋈⋈≻⊤∈⋈⋈⊤∈⋈⋈⊞⋈⋈⊤⊥∋≻⊤∈∋∋⋈⋈≺⋈⋈⋈⋈⋈⊤∈⋈≻⊤∈⋈⊤∈⋈⋈≻⊤∈∋∋⋈⋈≻⊤∈∋∋∋∋⋈≺≺∋∋⋈⊤∈∋≺∋∋∋⊞∋∋⋈⊞⋈⋈⋈⋈⋈⋈⊣
0x1b5bc7cb	⊢⋈⋈⋈⋈⋈⋈⋈⊤∈⊞≺⋈⊞⋈⊞∈⋈⊤∈⊤∈⊞⋈∋⊞∋⊤∈⋈⊤∈⋈⋈≻⊤∈∋∋⋈≻⊤∈∋⋈≺⊞⋈⊤∈∋≺∋∋⋈⋈⋈⋈⋈⋈⋈⊣
0x1b5bcba9	⊢⋈⋈⋈⋈⋈⋈⋈⊞⋈⊤∈⋈⋈⋈⋈⊞∈⋈⊤∈⊤∈⊞⋈≺∋⊤∈⋈⊤∈⋈⋈≻⊤∈∋∋⋈≻⊤∈∈⋈⊤∈⋈⊤∈⊤∈∋∋⋈⋈⊤∈⋈⊤∈⋈⋈⋈≺⊞⋈⊤∈⋈⊤∈⋈⋈⋈⊤∈⋈⋈≺∋≻⊤∈∋∋⊤∈⋈⋈⋈⊤∈⋈⋈⋈∋≻⊤∈∋∋∋⋈⊞⊤⋈⋈⋈∈∋≺⋈⋈≻⊤∈⋈⋈⊤∈⋈⋈⊞⋈⋈⊤⊥≻⊤∈∋⋈⋈∋∋∋⊞⋈⋈⋈⋈⋈⊤∈⋈≻⊤∈⋈⊤∈⋈⋈≻⊤∈∋∋⋈≻⋈⋈⊤∈∋∋∋∋∋∋⋈≺∋∋⋈⊞⋈⋈⋈⋈⋈⋈⊣≺∋
0x1b5babaa	⊢⋈⋈⋈⋈⋈⋈⋈⊞⋈⊤∈⋈⊞⋈⋈⊞∈⋈⋈⊤∈⊤∈⊞⋈∋⊞∈⋈⊤∈⋈⋈≻⊤∈⋈⊤∈⋈⋈∋∋⊤∈⋈⊤∈⊞⋈⋈⊞≻≺⊤∈∋∋⋈≻⊞⋈⋈⋈≻⊤∈⋈⋈⊤∈⋈⋈⊤⊥⋈⋈⊞≻⊤∈∋⋈⋈≺∋∋⊞≺⋈⋈≻≺∋∋⊤∈∋∋⋈⋈⊤∈∋≺∋∋⋈⊞⋈⋈⋈⋈⋈⋈⊣
0x1b5ba5ad	⊢⋈⋈⋈⋈⊞⋈⋈⋈⊞≻⊤∈⋈⋈⋈⋈⋈≻⋈⋈⋈⋈⋈⋈⋈⊞⋈⋈⊤∈⋈⊤∈⋈⋈⋈⋈⊤∈⋈⊤∈⋈⋈≻⋈⊤∈∋⋈⋈⋈⋈⋈⋈⋈≻⊤∈⋈⊞⋈⊤∈⋈⊤∈⋈⋈⊞≻≺⋈⋈⊤∈⊤∈⊡≺⋈⋈⊞⊙⋈⊤∈⋈⋈≻⋈⊤∈∋⋈⋈≺⋈⊤∈∋∋∋∋∋⊞∋∋∋⋈⊞⋈⋈⋈⋈⋈⋈⊣⋈≺∋⊞⋈⋈⋈⋈⋈⋈≺⋈⊞⋈⋈⋈⊣
0x1b5bb924	⊢⋈⋈⋈⋈⋈⋈⋈⊞⊤∈⊞⋈⋈⋈⋈⋈⊙⋈∈⊤∈∈⊤∈⋈⋈⋈⊙⋈≺∋⊤∈⋈⋈⋈⋈⊞⋈⋈⋈⋈⋈⋈⊙⊤∈⊤∈⋈≺⊤∈⋈⊤∈⋈≺⊤∈⋈≺⊤∈⋈≺⊤∈∋⊤∈⋈≻⊤∈∋⋈≻⊤∈∋⋈⋈≻⋈⋈⋈⋈⋈⋈⋈⋈⋈⋈⊤∈≺⋈⋈⋈≺⋈≺∋∋∋∋∋⋈⋈⊞∋⋈⋈⋈⋈∋⋈⋈⋈∈⋈⊤∈⋈∋⋈⋈⊙⊤∈∋∋⋈⊞⋈⋈⋈⋈⋈⋈⊣⊞⊤∈∋∋⋈≺∋
0x1b5bc56f	⊢⋈⋈⋈⋈⋈⋈⋈⊞⋈⊤∈⋈⊤∈⋈⋈⊞⋈⋈⋈⋈⋈⋈≺⋈⋈⋈⋈≻⊤∈⋈⊤∈⋈⊞⋈⋈⋈⋈⋈⋈≺⋈⋈⋈⋈⋈⋈⋈⊞⋈⋈⊤∈⋈⋈⊤∈⊤∈∋⊞⊞⋈⋈≺∋⊤∈⊤∈∋⊤∈⊞⋈⋈⊤∈⊤∈∋⋈⋈⋈≻⋈⊤∈⋈⋈⊤∈⋈⋈⊤⊥⋈⋈⊞≻⋈⊤∈∋⋈⋈≺⋈⊤∈⊤∈∋⋈⊤∈⋈⋈≻⋈⊤∈∋⋈⋈⊞⋈⋈⋈≺∋⊤∈∋⋈⊤∈⋈⋈≻⋈⊤∈∋⊤∈≺∋⋈⊤∈⋈⋈⋈≻⋈⊤∈∋⊞⋈⋈⋈⋈⋈⋈⋈⋈⋈⋈⋈≻⊤∈⋈≻⋈⋈⋈⋈⋈⋈⋈⊞⊤∈⋈⋈⋈⋈⋈⋈⊤⊥⋈⊤⊥⊞∈⋈⋈⋈⋈⋈⋈⋈∈⋈⊞⋈⋈⊤∈⋈⋈≻⋈≺⊞⊤∈∈⊤∈⋈⊞⊤∈∋⋈∋⊞≺∋∋⊤∈⋈⊞⊞⋈⋈⊞∈⊤∈⊤∈⋈⋈⊞⋈≻⋈⋈⋈⋈⋈⊞⋈⋈⋈⋈⋈⋈⋈⊙⋈⋈⋈⋈⋈⋈⋈⋈⋈≻⋈⋈⋈⊞⊞⊤∈⋈⊤∈⋈⋈⋈⋈⋈⋈⋈⋈≺∋⊙⊞≺∋⊞⊞⋈⋈⋈⋈⊣⋈⋈⋈⋈⊙⋈⊤∈⋈⊞⋈⊞⋈⋈≺∋∋⊤∈∋≺∋∋⋈⋈⋈⋈⊞⊞⊞⊥⊤⊥⊞≺∋∋⋈⊞⋈⋈⋈⋈⋈⋈⊣⊤∈⋈⋈≻⊤∈∋⋈⋈⋈⋈⊡⋈⋈∈∈⋈⋈∈⋈⋈≻⊤∈⋈⊤∈⋈⋈≻⊤∈∋∋∋∋⋈⊤∈⋈⋈≻⋈⊤∈∋⋈≻⋈⊤∈⋈⊤∈⋈⋈≻⊤∈∋⋈⊤∈⋈⊤∈⊤∈∋∋⋈⊤∈⋈⋈≻⊤∈∋⋈⊞⋈⋈⋈⋈⋈⋈≺⊞⋈≺∋∋⊞⋈⋈⊤∈∋⋈⋈⋈⋈≻⊤⋈∈⋈⊤∈∋⋈⋈⋈≻⋈⊤∈∋≺∋∋∋⋈≺∋∋∋∋∋∋∋∋∋⋈⊞⋈⋈⋈⋈⋈⋈⊣⋈⊤∈⋈⋈≻⋈⊤∈⊞⋈∈⊤∈⋈⊤∈⋈⋈≻⊤∈∋∋⋈≻⊡≺⊤∈⋈⊤∈⋈⋈≻⊤∈∋∋⊡⋈⋈≻⊞⊤∈∋≺⋈⋈⊤∈⋈⋈⊤⊥⋈⋈⊞≻⋈⊤∈∋⋈⋈≺∋⊞∋∋∋∋∋⋈∋⊞⋈⋈⋈⋈⋈⋈⊣
0x1b5bc85a	⊢⋈⋈⋈⋈⋈⋈⋈⊞⋈⊤∈⋈⊤∈⋈⋈⊞⋈⋈⋈⋈⋈⋈≺⋈⋈⋈⋈≻⊤∈⋈⊤∈⋈≻⋈≺⋈⊤∈⋈⋈≻⋈⊤∈⊞⋈∈⊤∈⋈⊤∈⋈⋈≻⊤∈∋∋⋈≻⋈⊡⊤∈⋈⊤∈⋈⋈≻⊤∈∋∋⊡⋈⋈≻⊞⊤∈∋≺⋈⋈⊤∈⋈⋈⊤⊥⋈⋈⊞≻⋈⊤∈∋⋈⋈≺∋⊞≺∋∋∋∋∋∋∋⋈⊞⋈⋈⋈⋈⋈⋈⊣
0x1b5e71b0	⊢⋈⋈⋈⋈⋈⋈⋈⋈⋈⋈⋈≻⊤∈⋈⋈≻⋈⋈≻⋈≻⋈⋈⊙⋈≻⋈⋈⋈⋈⊙⋈⊙⊤∈⋈⋈≻≺⋈⋈⋈⋈⋈⊙⊤∈⋈⋈≻∋⊣⋈⋈⋈⋈⊞⋈⋈⋈⋈⋈⊣
0x1b584f71	⊢⋈⋈⋈⋈⋈⋈⊞⋈⋈⊞∈⋈⋈⋈⋈⋈⊞⋈⊞⊞⊤⊥⋈⊞⊤∈⊤∈⊞⋈⋈⋈⊞⋈⊞⊤⊞⊡⋈∈⊞⊡⊞⊡⊞⊞∈∋⊤⋈⋈⊥⊤⊥⊞⋈⋈⊙⋈⋈⋈⋈⋈⋈⊞⊞⊞∈⋈⋈⊤∈⋈≺⋈⊞⋈⋈⋈⊞⋈⋈⋈⋈∈⋈⊞⋈⋈≻⋈⊞⊡⊞⋈⊤∈⋈⋈∈⊞⊞⊡⊞⊞⊤∈∋≺∋⊞⊞⊞⊤∈⊡⊞⊞≺∋⋈⊞⋈⊞⊞⊞⊤∈⊞⋈⊞⋈⋈⋈⋈⋈⋈⊞⋈⊞⋈⋈⋈⋈⊤∈⊞⋈⋈⋈⋈⋈⊞⋈⋈⋈⋈⊙≺∋⋈⊞∋⊤⋈⊞⊞⋈⊤∈∋≺⋈⋈⋈⋈⊞⊞⊞⊤⊥≺∋⋈⊞⋈≺⊞⋈⊞⋈⋈∈⋈⋈⋈⋈⊞∈∋⋈⋈⋈⋈⋈≺∋⊞⊤⊥⊤∈⋈⊞∈∋⋈⋈⋈≻⋈⋈⋈⋈⋈⊞⊤∈⋈⋈≺⊤∈⋈⊞⋈⋈≺∋∋⋈⊤∈⋈⋈⋈≺⊤∈⋈⊞⊞⋈⋈⋈≺∋∋⊤⊥⊤∈⊞∈⋈⊡⊞⊤∈∋∋⊤∈⋈∋⋈⊤∈⋈⊤∈⋈⋈∋⋈⊤∈⊞≺⊤∈⋈⊞⋈∈⊤∈⊞⋈⊞⊤⋈∈∋⊤∈∋⋈⋈≺∋∋∋⋈⊞⊤∈⊤∈⋈⋈⋈≻⋈⋈⋈⊤∈⊞⋈⋈⋈⋈⋈≺⋈⋈⋈⋈⋈⊤∈⋈⋈⊤∈⋈⋈⋈≻⊤⊥⊞⋈⋈⋈⋈≻⊤∈∋⋈⋈≻⋈⋈⋈⋈⋈⋈⊞⋈⋈⋈⊞⊞⊤∈⊞∈⋈⋈≻∋⋈⋈⋈⋈⋈⋈≻⊤∈∋⊞⋈⋈⋈⊤∈⋈⋈⋈⋈⊞⋈≻⋈⋈≺⊞∋⋈∈⊤⋈⊥⋈⊞⊞∈⋈⊞⊞⊞∈∋⋈⊞⋈⊤∈∋⋈⋈⋈⋈⊤∈⋈⋈⊤∈⊞≺⊤∈⋈⊞⋈∈⊤∈⊞⋈⊞⊤⋈∈∋⊤∈∋⋈⋈≺∋∋∋⋈⊞⊤∈⊤∈⋈⋈⋈≻⋈⋈⋈≺⊤∈⊞⋈⋈≻⋈⋈≻⋈⋈⋈≺⋈⋈⊤⊥⊤⊥⋈≺∋∋∋∋⋈⋈⋈⋈⋈⋈⊞⋈⋈⋈⋈⋈⋈⊣⋈⋈∋⋈⋈⋈⊣⋈⋈≻⋈⋈⋈≺⊤∈⋈∋⊤∈⊤∈⋈≺∋∋∋∋∋⋈⋈⋈⊣⊞⋈⋈⊞⊞⊞⊞⊞⊞⊞⊞⋈⊞⊞⋈⊞⊞⊤⋈⊥≺∋⋈⋈⋈≻⋈⋈⊤∈⋈⋈⋈⋈⋈⋈⋈⊙⋈⋈⋈⋈⋈⋈⋈⋈⋈⊤∈⊞⋈⋈⋈⋈⊡⊞⊞⋈⋈⋈⋈⊞⋈∈⊤∈∈⊡⊞⊞⊞⊤∈∋⊞∋⊞⊞⋈⊞⋈⋈⋈⊞⋈⋈≻⋈⋈⊞⋈⊡⊞⊤∈⋈∈⊞⊞⊡⊞⊞⊤∈∋≺∋⊞⊞⊞⊤∈⊡⊞⊞≺∋⋈⊞⋈⊞⊞⋈⊞⋈⋈⋈⋈⊞⋈⋈⋈⊞⋈⋈⋈⊙⋈⋈⊤∈∋≺⋈⋈⋈≺∋⊞⋈⋈⊞∈⋈⋈⋈⋈⊞⊤∈∋⋈⋈≻⋈∋∋⊞⋈⋈⋈⋈⋈⋈⊣
0x1b5873f2	⊢⋈⋈⋈⋈⋈⋈⊞⋈⋈⊞∈⋈⋈⋈⋈⋈⊞⋈⊞⊞⊤⊥⋈⊞⊤⋈∈⊤∈⊞⋈⋈⊞⋈⊞⊤⊞⊡⋈∈⊞⊡⊞⊡⊞⊞∈∋⊤⋈⋈⊥⊤⊥⊞⋈⋈⊙⋈⋈⋈⋈⋈⋈⊞⊞⊞∈⋈⋈⊤∈⋈≺⋈⊞⋈⋈⋈⋈⊞⋈⋈⋈∈⋈⋈⋈⋈≻⋈⊞⊡⊞⋈⊤∈⋈⋈∈⊞⊞⊡⊞⊞⊤∈∋≺∋⊞⊞⊞⊤∈⊡⊞⊞≺∋⋈⊞⋈⊞⊞⊞⊤∈⊞⋈⊞⋈⋈⋈⋈⋈⊞⋈⊞⋈⋈⋈⋈⊤∈⊞⋈⋈⋈⋈⋈⊞⋈⋈⋈⋈⋈⋈⊡⊡⊡⊡≺∋⋈⊞∋⊤⋈⊞⊞⋈⊤∈∋≺⋈⋈⋈⊞⊞⊞⊤⊥≺∋⋈⊞⋈≺⊞⋈⊞⋈⋈∈⋈⋈⋈⋈⊞∈∋⋈⋈⋈≺∋⊞⊤⊥⊤∈⋈⊞∈∋⋈⋈⋈≻⋈⋈⋈⋈⋈⋈⊞⋈⋈⊞∈⋈⋈⋈⋈⋈⊞⋈⊞⊞⊤⊥⋈⊞⊤∈⊤∈⊞⋈⋈⋈⊞⋈⊞⊤⊞⊡⋈∈⊞⊡⊞⊡⊞⊞∈∋⊤⋈⋈⊥⊤⊥⊞⋈⋈⊙⋈⋈⋈⋈⋈⋈⊞⊞⊞∈⋈⋈⊤∈⋈≺⋈⊞⊞⊞⋈⊞⋈⋈⊞⋈∈⋈⊞⋈⋈≻⋈⊞⊡⊞⋈⊤∈⋈⋈∈⊞⊞⊡⊞⊞⊤∈∋≺∋⊞⊞⊞⊤∈⊡⊞⊞≺∋⋈⊞⋈⊞⊞⊞⊤∈⊞⋈⊞⋈⋈⋈⋈⋈⋈⊞⋈⊞⋈⋈⋈⋈⊤∈⊞⊞⊞⋈⋈⋈⊞⋈⋈⋈⋈⋈⊙≺∋⋈⊞∋⊤⋈⊞⊞⋈⊤∈∋≺⋈⋈⋈⋈⊞⊞⊞⊤⊥≺∋⋈⊞⋈≺⊞⊞⋈⋈∈⋈⋈⋈⋈⊞∈∋⋈⋈⋈⋈⋈≺∋⊞⊤⊥⊤∈⋈⊞∈∋⋈⋈⋈≻⋈⋈⋈⋈⋈⋈⋈⋈⊤∈⋈⋈⊤∈⋈⊡⊞⊞⋈∈⊤∈∈⊡⊞⊞⊞⊤∈∋⊞∋⋈⊞⊞⊞⋈⋈⊞≻⋈⊞∈∋∋⋈⋈⊞⊞⊤∈∋⊞⋈⋈⋈⋈⋈⋈⊣⋈⊞⊞⋈⋈⋈⋈⋈⋈⊙⊞⋈⋈⊞⊞⊞⊞⊞⊞⊞⊞⋈⊞⊞⋈⊞⊞⊤⋈⊥≺∋⋈⋈⋈≻⋈⋈⊤∈⋈⋈⋈⋈⋈⋈⋈⊙⋈⋈⋈⋈⋈⋈⋈⋈⋈⋈⊤∈⊞⋈⋈⊡⋈⊞⊞⋈⋈⋈⋈⋈⋈⊞⋈⋈⋈∈⊤∈∈⊡⊞⊞⊞⊤∈∋⊞∋⊞⊞⋈⊞⊞⊞⋈⋈≻⋈⋈⊞⋈⊡⊞⊤∈⋈∈⊞⊞⊡⊞⊞⊤∈∋≺∋⊞⊞⊞⊤∈⊡⊞⊞≺∋⋈⊞⊞⊞⋈⊞⋈⋈⊞⊞⊞⊞⊞⊞⋈⊙⋈⊤∈∋≺⋈⋈≺∋⋈⊞⋈⋈⊞∈⋈⋈⋈⋈⊞⊤∈∋⋈⋈≻⋈∋∋⊞⋈⋈⋈⋈⋈⋈⊣⊞⋈⋈⊞⊞⊞⊞⊞⊞⊞⊞⋈⊞⊞⋈⊞⊞⊤⋈⊥≺∋⋈⋈⋈≻⋈⋈⊤∈⋈⋈⋈⋈⋈⋈⋈⋈⊙⋈⋈⋈⋈⋈⋈⋈⋈⋈⋈⊤∈⊞⋈⊡⊞⊞⋈⋈⋈⋈⊞⋈⋈⋈∈⊤∈∈⊡⊞⊞⊞⊤∈∋⊞∋⊞⊞⋈⊞⋈⋈⋈⋈⋈≻⋈⋈⊞⊡⊞⊤∈⋈∈⊞⊞⊡⊞⊞⊤∈∋≺∋⊞⊞⊞⊤∈⊡⊞⊞≺∋⋈⊞⊞⊞⋈⊞⋈⋈⊞⋈⊞⊞⋈⋈⋈⋈⊡⊡⊡⊡⋈⊤∈∋≺⋈⋈≺∋⋈⊞⋈⋈⊞∈⋈⋈⋈⋈⊞⊤∈∋⋈⋈≻⋈∋∋⊞⋈⋈⋈⋈⋈⋈⊣
0x1b581d6d	⊢⋈⋈⋈⋈⋈⋈⊞⋈⋈⋈⊞∈⋈⋈⋈⋈⊞⋈⊞⊞⊤⊥⋈⊞⊤∈⊤∈⊞⋈⋈⋈⊞⋈⊞⊤⊞⊡⋈∈⊞⊡⊞⊡⊞⊞∈∋⊤⋈⋈⊥⊤⊥⊞⋈⊙⋈⋈⋈⋈⋈⊞⊞⊞⋈∈⋈⋈⊤∈⋈≺⋈⊞⋈⋈⋈⋈⊞⋈⋈⋈∈⋈⋈⋈⋈≻⋈⊞⊡⊞⋈⊤∈⋈⋈∈⊞⊞⊡⊞⊞⊤∈∋≺∋⊞⊞⊞⊤∈⊡⊞⊞≺∋⋈⊞⋈⊞⊞⊞⊤∈⊞⋈⊞⋈⋈⋈⋈⋈⊞⋈⊞⋈⋈⋈⋈⊤∈⊞⋈⋈⋈⋈⋈⊞⋈⋈⋈⋈⋈⋈⊡⊡≺∋⋈⊞∋⊤⋈⊞⊞⋈⊤∈∋≺⋈⋈⋈⋈⊞⊞⊞⊤⊥≺∋⋈⊞⋈≺⊞⋈⊞⋈⋈∈⋈⋈⋈⋈⊞∈∋⋈⋈⋈≺∋⊞⊤⊥⊤⋈∈⋈⊞∈∋⋈⋈⋈≻⋈⋈⋈⋈⋈⋈⊞⋈⋈⊤∈⋈⋈≻⋈⋈⋈⋈⊞⊤∈⋈⋈⊤∈⋈⋈⋈⋈⋈⋈⊤∈⋈⋈⋈≻⋈⊞⋈⋈⊞⊞⊞⊞⊞⊞∈⊞⊡⊞⊞⊞⊤∈∈⊞⊞⊞⊞⋈⊤⋈∈⋈⊤∈⊤∈⋈⋈≺∋∋⋈⊞⋈∈∋∋⊞⊞⊤∈∋⋈⋈⋈≻⋈⊤∈∋⋈⋈⋈≻⋈⋈⋈⋈⋈⋈⊞⋈⋈⋈⊞∈⋈⋈⋈⋈⊞⋈⊞⊞⊤⊥⋈⊞⊤∈⊤∈⊞⋈⋈⋈⊞⋈⊞⊤⊞⊡⋈∈⊞⊡⊞⊡⊞⊞∈∋⊤⋈⋈⊥⊤⊥⊞⋈⊙⋈⋈⋈⋈⋈⊞⊞⊞∈⋈⋈⊤∈⋈≺⋈⊞⋈⋈⋈⋈⊞⋈⋈⋈⋈∈⋈⊞⋈⋈≻⋈⊞⊡⊞⋈⊤∈⋈⋈∈⊞⊞⊡⊞⊞⊤∈∋≺∋⊞⊞⊞⊤∈⊡⊞⊞≺∋⋈⊞⋈⊞⊞⊞⊤∈⊞⋈⊞⋈⋈⋈⋈⋈⊞⋈⊞⋈⋈⋈⋈⊤∈⊞⋈⋈⋈⋈⋈⊞⋈⋈⋈⋈⋈⋈⊡⊡⊡⊡≺∋⊞∋⊤⋈⊞⊞⋈⊤∈∋≺⋈⋈⋈⋈⊞⊞⊞⊤⊥≺∋⋈⊞⋈≺⊞⋈⊞⋈⋈∈⋈⋈⋈⋈⊞∈∋⋈⋈⋈⋈≺∋⊞⊤⊥⊤⋈∈⋈⊞∈∋⋈⋈⋈≻⋈⋈⋈⋈⋈⋈⊞⋈⋈⋈⋈⊤∈⋈⋈⋈≻⋈⊞⋈⋈⊞⊞⊞⊞⋈⊞⊞∈⊞⊡⊞⊞⊞⊤∈∈⊞⊞⊞⋈⊞⋈⊞⊤∈⊞⊞⋈≺⋈⊞⋈∈∋∋⊞⊞⊤∈∋⋈⋈⋈⋈⋈≻⋈⋈⋈≻⋈⊤∈⋈⊤∈⋈∈⋈⋈⋈⋈⋈⋈⋈⋈≻⋈⋈⋈⋈⋈≻⊤∈⋈⋈⋈⋈⋈⋈⋈⋈⋈⊤∈⋈⋈⋈⋈⋈⋈⋈≺∋≻⋈∋∋∋∋⋈≻⋈⋈⋈≻∋⋈⊞⋈⋈⋈⋈⋈⋈⊣⊞⊞⊞≺∋⊞⋈⋈⊞⊞⊞⊞⊞⊞⊞⊞⋈⊞⊞⋈⊞⊞⊤⋈⊥≺∋⋈⋈⋈≻⋈⋈⊤∈⋈⊞⋈⋈⋈⋈⋈⋈⊙⋈⋈⋈⋈⋈⋈⋈⋈⋈⋈⊤⋈∈⊞⋈⊡⊞⊞⋈⋈⋈⋈⋈⋈⊞⋈⋈∈⊤∈∈⊡⊞⊞⊞⊤∈∋⊞∋⊞⊞⋈⊞⋈⋈⋈⋈⋈≻⋈⋈⊞⊡⊞⊤∈⋈∈⊞⊞⊡⊞⊞⊤∈∋≺∋⊞⊞⊞⊤∈⊡⊞⊞≺∋⋈⊞⊞⊞⋈⊞⋈⋈⊞⋈⊞⊞⋈⋈⋈⋈⊡⊡⊡⊡⋈⊤∈∋≺⋈≺∋⋈⊞⋈⋈⊞⋈∈⋈⋈⋈⋈⊞⊤∈∋⋈⋈≻⋈∋∋⊞⋈⋈⋈⋈⋈⋈⊣⋈⋈⋈⋈⊤⊥⊤⊥⋈⋈⋈≻⋈⋈⋈⊤∈⋈⋈⊤∈⋈⋈∋∋⋈⊤⋈⋈⋈⋈∈⊞⋈⋈⋈⋈⋈⋈⋈⋈⋈⋈⋈⋈≻⊞⋈⋈⋈⊞⋈⋈⋈⋈⋈⋈⋈⋈⋈≺⋈⊞⋈⊤∈⋈⋈⊤∈⋈⋈≺∋⋈⊞⊤∈∋⊞⋈⊞⊥≺∋⋈⋈⋈⊞⊞⊞⋈⋈⋈⋈⋈⋈⋈⋈⋈≻⊞⋈⋈⊞⋈⋈⋈⋈⋈⋈⋈⋈⋈⋈⋈∋≻⊞⋈⊤⋈∈⋈⋈⋈⋈⋈⋈⋈≻⋈∋⋈⊤∈⋈⋈⋈⋈⋈⋈⋈≻⋈∋⋈⋈⋈≻⋈⊤∈⋈⋈≻≺∋⋈⊞⋈⋈⊞⊞⊞⊞⊞⊞⊞∈⊞⊡⊞⊞⊞⊤∈∈⊞⊞⊞⊞⋈⊤∈⋈⋈⊤∈⋈⊤∈⋈⋈≺∋∋⋈⊞⋈∈∋∋⊤∈⊞⊤∈⊞⊞⊞⊞∋⊞⊞⊤∈⋈⊤∈⊡⊞⊞⋈≺∋⊞⋈⊡⋈⊞⋈⋈⊡⊞⋈⋈⋈⋈⋈⋈⋈⋈≺∋⊞⊞⊞⋈≺∋⊞⊞⊞≺∋⊤⋈⊥⋈⊥⋈≺⋈≺∋∋∋∋⋈⋈⊞⋈⋈⋈⋈⋈⋈⊣⊞⋈⋈⊞⊞⊞⊞⊞⊞⊞⊞⋈⊞⊞⋈⊞⊞⊤⋈⊥≺∋⋈⋈⋈≻⋈⋈⊤∈⋈⊞⋈⋈⋈⋈⋈⋈⊙⋈⋈⋈⋈⋈⋈⋈⋈⋈⋈⊤⋈∈⊞⋈⊡⋈⊞⊞⋈⋈⋈⋈⊞⋈⋈⋈∈⊤∈∈⊡⊞⊞⊞⊤∈∋⊞∋⊞⊞⋈⊞⋈⋈⋈⋈⋈≻⋈⋈⊞⊡⊞⊤∈⋈∈⊞⊞⊡⊞⊞⊤∈∋≺∋⊞⊞⊞⊤∈⊡⊞⊞≺∋⋈⊞⊞⊞⋈⊞⋈⋈⊞⋈⊞⊞⋈⋈⋈⋈⊡⊡⋈⊤∈∋≺⋈≺∋⋈⊞⋈⋈⊞⋈∈⋈⋈⋈⋈⊞⊤∈∋⋈⋈≻⋈∋∋⊞⋈⋈⋈⋈⋈⋈⊣
0x1b57e700	⊢⋈⋈⋈⋈⋈⋈⊞⋈⋈⊞∈⋈⋈⋈⋈⋈⊞⋈⊞⊞⊤⊥⋈⊞⊤⋈∈⊤∈⊞⋈⋈⊞⋈⊞⊤⊞⊡⋈∈⊞⊡⊞⊡⊞⊞∈∋⊤⋈⋈⊥⊤⊥⊞⋈⋈⊙⋈⋈⋈⋈⋈⋈⊞⊞⊞⋈∈⋈⋈⊤∈⋈≺⋈⋈⊞⊞⊞⋈⊞⋈⋈⊞∈⋈⊞⋈⋈≻⋈⋈⊞⊡⊞⋈⊤∈⋈⋈∈⊞⊞⊡⊞⊞⊤∈∋≺∋⊞⊞⊞⊤∈⊡⊞⊞≺∋⋈⊞⋈⊞⊞⊞⊤∈⊞⋈⊞⋈⋈⋈⋈⋈⊞⋈⊞⋈⋈⋈⋈⊤∈⊞⊞⊞⋈⋈⋈⊞⋈⋈⋈⊡⊡⊡⊡≺∋⋈⊞∋⊤⋈⊞⊞⋈⊤∈∋≺⋈⋈⋈⊞⊞⊞⊤⊥≺∋⋈⊞⋈≺⊞⊞⋈⋈∈⋈⋈⋈⋈⊞∈∋⋈⋈⋈⋈≺∋⊞⊤⊥⊤∈⋈⊞∈∋⋈⋈⋈≻⋈⋈⋈⋈⋈⋈⋈⊞∈⋈⊤∈⊞⊞⋈⊞⊥⋈⊤⊥⊞∈∋∋⋈⋈⋈≻∋⋈⊤∈⋈⋈≻⊤∈⋈⋈≻∋⋈∋⊞⋈⋈⊞⋈⊞⊞⊤⊥⋈⋈⋈⋈⊞⋈⋈⋈⋈⊣⊞⋈⋈⊞⊞⊞⊞⊞⊞⊞⊞⋈⊞⊞⋈⊞⊞⊤⋈⊥≺∋⋈⋈⋈≻⋈⋈⊤∈⋈⋈⋈⋈⋈⋈⋈⋈⊙⋈⋈⋈⋈⋈⋈⋈⋈⋈⊤∈⊞⋈⊡⊞⊞⋈⋈⋈⋈⋈⋈⋈⋈⊞⋈⋈∈⊤∈∈⊡⊞⊞⊞⊤∈∋⊞∋⊞⊞⋈⊞⋈⊞⋈⋈≻⋈⋈⊞⊡⊞⊤∈⋈∈⊞⊞⊡⊞⊞⊤∈∋≺∋⊞⊞⊞⊤∈⊡⊞⊞≺∋⋈⊞⊞⊞⋈⊞⋈⋈⊞⊞⊞⊞⋈⊡⊡⊡⊡⋈⊤∈∋≺⋈⋈≺∋⋈⊞⋈⋈⊞∈⋈⋈⋈⋈⊞⊤∈∋⋈⋈≻⋈∋∋⊞⋈⋈⋈⋈⋈⋈⊣
0x1b5841b8	⊢⋈⋈⋈⋈⋈⋈⊞⋈⋈⊞∈⋈⋈⋈⋈⋈⊞⋈⊞⊞⊤⊥⋈⊞⊤⋈∈⊤∈⊞⋈⋈⊞⋈⊞⊤⊞⊡⋈∈⊞⊡⊞⊡⊞⊞∈∋⊤⋈⋈⊥⊤⊥⊞⋈⋈⊙⋈⋈⋈⋈⋈⋈⊞⊞⊞⋈∈⋈⋈⊤∈⋈≺⋈⋈⊞⊞⊞⋈⊞⋈⋈⊞∈⋈⊞⋈⋈≻⋈⋈⊞⊡⊞⋈⊤∈⋈⋈∈⊞⊞⊡⊞⊞⊤∈∋≺∋⊞⊞⊞⊤∈⊡⊞⊞≺∋⋈⊞⋈⊞⊞⊞⊤∈⊞⋈⊞⋈⋈⋈⋈⋈⊞⋈⊞⋈⋈⋈⋈⊤∈⊞⊞⊞⋈⋈⋈⊞⋈⋈⋈⊡⊡⊡⊡≺∋⋈⊞∋⊤⋈⊞⊞⋈⊤∈∋≺⋈⋈⋈⊞⊞⊞⊤⊥≺∋⋈⊞⋈≺⊞⊞⋈⋈∈⋈⋈⋈⋈⊞∈∋⋈⋈⋈⋈≺∋⊞⊤⊥⊤∈⋈⊞∈∋⋈⋈⋈≻⋈⋈⋈⋈⋈⊞⋈⋈⊞⋈⊞⋈⊞⋈⊞⋈⋈⋈⋈⋈⋈⋈⊞⋈⋈⋈⋈⋈⊞⊤⊥⋈⋈⋈⋈≻⊤∈⋈⋈⋈⋈⋈≻⊤∈⊤∈⋈⋈≺⊤∈⋈⊞⋈⋈≺∋∋⋈⋈⋈⋈⋈≻⊞⋈⋈⋈≻∋⋈⋈⋈⋈⋈≻⊤∈⊤∈⋈⋈≺⊤∈⋈⊞⊞⋈⋈≺∋∋⋈⋈⋈⋈⋈≻⊞⋈⋈⋈⋈⋈⋈⋈⋈⋈⋈≻⋈⋈⋈⋈⋈⋈≻⋈⋈⋈⋈⋈≺∋≻∋⋈⊞⊞⋈⋈⊞⋈⊞⋈⊞⊞⊞⊞⊞⊞⊞⊞⊞⊞⊞⊞⊞⊞⊞⊞⊞⊞⊞⊞⊞⊞⊞⊞⊞⊞⊞⊞⊞⊞⊞⊞⊞⊞⊞⊞⊞⊞⊞⊞⊞⊞⊞⊞⊞⊞⊞⊞⊞⊞⊞⊞⋈⊞⊞⊞⊞⊞⋈⋈⋈⋈⋈⊣⊞⋈⋈⊞⊞⊞⊞⊞⊞⊞⊞⋈⊞⊞⋈⊞⊞⊤⋈⊥≺∋⋈⋈⋈≻⋈⋈⊤∈⋈⋈⋈⋈⋈⋈⋈⋈⊙⋈⋈⋈⋈⋈⋈⋈⋈⋈⊤∈⊞⋈⊡⊞⊞⋈⋈⋈⋈⋈⋈⋈⋈⊞⋈⋈∈⊤∈∈⊡⊞⊞⊞⊤∈∋⊞∋⊞⊞⋈⊞⋈⊞⋈⋈≻⋈⋈⊞⊡⊞⊤∈⋈∈⊞⊞⊡⊞⊞⊤∈∋≺∋⊞⊞⊞⊤∈⊡⊞⊞≺∋⋈⊞⊞⊞⋈⊞⋈⋈⊞⊞⊞⊞⋈⊡⊡⊡⊡⋈⊤∈∋≺⋈⋈≺∋⋈⊞⋈⋈⊞∈⋈⋈⋈⋈⊞⊤∈∋⋈⋈≻⋈∋∋⊞⋈⋈⋈⋈⋈⋈⊣
0x1b580881	⊢⋈⋈⋈⋈⋈⋈⊞⋈⋈⋈⊞∈⋈⋈⋈⋈⊞⋈⊞⊞⊤⊥⋈⊞⊤∈⊤∈⊞⋈⋈⋈⊞⋈⊞⊤⊞⊡⋈∈⊞⊡⊞⊡⊞⊞∈∋⊤⋈⋈⊥⊤⊥⊞⋈⊙⋈⋈⋈⋈⋈⊞⊞⊞∈⋈⋈⊤∈⋈≺⋈⊞⋈⋈⋈⋈⊞⋈⋈⋈⋈∈⋈⋈⋈≻⋈⊞⊡⊞⋈⊤∈⋈⋈∈⊞⊞⊡⊞⊞⊤∈∋≺∋⊞⊞⊞⊤∈⊡⊞⊞≺∋⋈⊞⋈⊞⊞⊞⊤∈⊞⋈⊞⋈⋈⋈⋈⋈⊞⋈⊞⋈⋈⋈⋈⊤∈⊞⋈⋈⋈⋈⋈⊞⋈⋈⋈⋈⋈⋈⊡⊡≺∋⊞∋⊤⋈⊞⊞⋈⊤∈∋≺⋈⋈⋈⋈⊞⊞⊞⊤⊥≺∋⋈⊞⋈≺⊞⋈⊞⋈⋈∈⋈⋈⋈⋈⊞∈∋⋈⋈⋈⋈≺∋⊞⊤⊥⊤⋈∈⋈⊞∈∋⋈⋈⋈≻⋈⋈⋈⋈⋈⋈⊞⋈⋈⋈⋈⋈⋈⋈⋈⋈⋈⋈⋈≻⋈⊤∈⋈⋈≻⋈⋈⋈⋈⋈⋈⊞⋈⋈⋈⋈⋈⋈⋈⋈⋈≻⊤∈⊤∈⊤∈∋∋⋈⋈⋈≻⊤∈⊤∈⊤∈∋∋⊤∈⋈⋈⊞≻≺∋⋈⋈⋈⋈⋈⋈⋈⋈⋈⋈⋈⋈⋈⋈⋈≻⋈⋈⊤∈⋈⋈⊞⊞⊤∈⋈⊞⊙⋈≺∋∋∋∋⋈⊞⋈⋈⋈⋈⋈⋈⊣⋈⋈⊞⊤∈⋈⋈⊞∈⋈⋈⊤⋈∈⊞⋈⊞⊞⋈⋈≺⋈⋈⊤⊥⋈⊤⊥⊞⋈∈⋈⊡⊞⋈⊞⋈∋⊞⊤∈≺⋈≺∋∋⋈⊞⋈⋈⋈⋈⋈⋈⋈⊤⊥⋈⊥⊥⊞⋈⊞⊞∈∈⊤∈⋈⊞⊤⊥⊞⊤∈⊞⋈⊞⋈⊞⊥≺∋⋈⊤∈⊤∈⋈⋈⋈⊤⋈∈∋⋈⊞⊤∈⋈⊞⊥≺≺∋⊞∋⊞∋⊤∈⊤∈⋈⋈⋈⋈⊤⋈∈∋⋈⊞⋈⊤∈⋈⊞⊥≺∋∋⊞∋⊞⊤∈∋⊤∈∋∋⊤∈⋈⋈≺⊤∈⊤⋈⋈∈⋈⋈⊞≻≺∋⋈⋈⋈⋈⋈⋈⋈⋈⋈⋈⊞⋈⋈⋈⋈⋈⊞⋈⋈⋈⋈≻⊞⋈⋈⋈⊤∈⋈⋈⊞⊞⊤∈⋈⊞⊙≺⋈⋈≺⋈∋⋈∋∋∋∋∋⋈⋈⊞⋈⋈⋈⋈⋈⋈⊣⊞⋈⋈⊞⊞⊞⊞⊞⊞⊞⊞⋈⊞⊞⋈⊞⊞⊤⋈⊥≺∋⋈⋈⋈≻⋈⋈⊤∈⋈⊞⋈⋈⋈⋈⋈⋈⊙⋈⋈⋈⋈⋈⋈⋈⋈⋈⋈⊤⋈∈⊞⋈⊡⊞⊞⋈⋈⋈⋈⋈⋈⊞⋈⋈∈⊤∈∈⊡⊞⊞⊞⊤∈∋⊞∋⊞⊞⋈⊞⋈⋈⋈⋈⋈≻⋈⋈⊞⊡⊞⊤∈⋈∈⊞⊞⊡⊞⊞⊤∈∋≺∋⊞⊞⊞⊤∈⊡⊞⊞≺∋⋈⊞⊞⊞⋈⊞⋈⋈⊞⋈⊞⋈⋈⋈⋈⊡⊡⋈⊤∈∋≺⋈≺∋⋈⊞⋈⋈⊞⋈∈⋈⋈⋈⋈⊞⊤∈∋⋈⋈≻⋈∋∋⊞⋈⋈⋈⋈⋈⋈⊣
0x1b5833ac	⊢⋈⋈⋈⋈⋈⋈⊞⋈⋈⊞∈⋈⋈⋈⋈⋈⊞⋈⊞⊞⊤⊥⋈⊞⊤⋈∈⊤∈⊞⋈⋈⊞⋈⊞⊤⊞⊡⋈∈⊞⊡⊞⊡⊞⊞∈∋⊤⋈⋈⊥⊤⊥⊞⋈⋈⊙⋈⋈⋈⋈⋈⋈⊞⊞⊞⋈∈⋈⋈⊤∈⋈≺⋈⋈⊞⊞⊞⋈⊞⋈⋈⊞∈⋈⋈⋈≻⋈⋈⊞⊡⊞⋈⊤∈⋈⋈∈⊞⊞⊡⊞⊞⊤∈∋≺∋⊞⊞⊞⊤∈⊡⊞⊞≺∋⋈⊞⋈⊞⊞⊞⊤∈⊞⋈⊞⋈⋈⋈⋈⋈⊞⋈⊞⋈⋈⋈⋈⊤∈⊞⊞⊞⋈⋈⋈⊞⋈⋈⋈⊡⊡≺∋⋈⊞∋⊤⋈⊞⊞⋈⊤∈∋≺⋈⋈⋈⊞⊞⊞⊤⊥≺∋⋈⊞⋈≺⊞⊞⋈⋈∈⋈⋈⋈⋈⊞∈∋⋈⋈⋈⋈≺∋⊞⊤⊥⊤∈⋈⊞∈∋⋈⋈⋈≻⋈⋈⋈⋈⋈⋈⊞⋈⊤∈⋈⋈⋈⊤∈⋈⋈⋈⋈⋈⊤⋈∈⋈⋈⋈⋈≻⋈⊞⋈⋈⊞⊞⊞⊞⊞⊞⋈∈⊞⊡⊞⊞⊞⊤∈∈⊞⊞⊞⊞⋈⊞⊤∈⊤∈⊤∈⋈≺∋∋⋈⊞⋈∈∋∋⊞⊞⊤∈∋⊤∈⋈⋈⋈≻⋈⊤∈∋⋈⋈≻⋈⊞⋈⋈⋈⋈⋈⊞⋈⋈⊤∈⋈⊤⊥⋈⊤∈⋈⋈⊤∈⊞⋈⋈≺∋⋈⊞⊤∈⋈⋈⊞∈≺∋⊤∈⊞⊤∈⊞⋈⊤⊥⋈⊤∈⋈⋈⊤∈⊞⋈⋈≺∋⋈⊞⊤∈⋈⋈⊞∈∋∋⊤∈∋∋∋⋈⊤⊥⋈⊤∈⋈⋈⊤∈⊞⋈⋈≺∋⋈⊞⊤∈⋈⋈⊞∈∋⊤∈∋∋⋈⋈≻⋈⋈⋈⊞⋈⋈⊞⋈⊞⋈⊞⋈⊞⋈⋈⋈⋈⋈⋈⋈⊞⋈⋈⋈⋈⋈⋈⋈⋈≻⋈⋈⋈⋈⋈⋈≻⋈⋈⋈⋈⋈≻⋈⊞⊞⋈⋈⊞⋈⊞⋈⊞⊞⊞⊞⊞⊞⊞⊞⊞⊞⊞⊞⊞⊞⊞⊞⊞⊞⊞⊞⊞⊞⊞⊞⊞⊞⊞⊞⊞⊞⊞⊞⊞⊞⊞⊞⊞⊞⊞⊞⊞⊞⊞⊞⊞⊞⊞⊞⊞⊞⊞⊞⋈⊞⊞⊞⊞⊞⋈⋈⋈⊣⊞⊤∈⊞⋈⊤⊥⋈⊤∈⋈⋈⊤∈⊞⋈⋈≺∋⋈⊞⊤∈⋈⋈⊞∈∋∋∋∋∋⋈⋈⋈⋈≻⋈⋈⋈⋈⋈⋈≻⋈⋈⋈⊤⋈∈⋈⋈⊤∈⋈⊤⊥⊞⊤⊥⊥⋈≺∋⋈⊤⊥⋈∋⋈⋈⋈≻⊤∈⋈⋈⋈⊤∈⋈⋈≺∋∋⋈⋈⋈≻⋈⊤∈⋈⋈⋈⋈⊤⋈∈⋈⋈≺∋∋⋈⊤∈⋈⋈⋈⋈⋈⋈≻⋈⋈⋈⋈⋈⋈⋈⊞⊤∈⋈⋈⋈⋈⋈⋈≻⋈⋈⋈⋈⋈⋈≺∋⋈⋈≻⋈≺∋⊤∈⋈⋈⋈⋈⋈⋈⋈⋈≻⋈∋⋈⋈⋈≻⋈∋⊞⋈⋈⋈⋈⋈⋈⋈≻⋈⋈⋈⋈≻≺⊞⊞⊞≺∋⋈≺∋∋∋∋∋∋⋈⊞⋈⋈⋈⋈⋈⋈⊣⊞⋈⋈⊞⊞⊞⊞⊞⊞⊞⊞⋈⊞⊞⋈⊞⊞⊤⋈⊥≺∋⋈⋈⋈⋈≻⋈⋈⊤∈⋈⋈⋈⋈⋈⋈⋈⋈⋈⊙⋈⋈⋈⋈⋈⋈⋈⋈⋈⋈⊤∈⊞⋈⊡⊞⊞⋈⋈⋈⋈⋈⋈⋈⊞⋈∈⊤∈∈⊡⊞⊞⊞⊤∈∋⊞∋⊞⊞⋈⊞⋈⊞⋈⋈⋈≻⋈⋈⊞⊡⊞⊤∈⋈∈⊞⊞⊡⊞⊞⊤∈∋≺∋⊞⊞⊞⊤∈⊡⊞⊞≺∋⋈⊞⊞⊞⋈⊞⋈⋈⊞⊞⊞⊞⋈⊡⊡⋈⊤∈∋≺⋈⋈≺∋⋈⊞⋈⋈⊞∈⋈⋈⋈⋈⊞⊤∈∋⋈⋈≻⋈∋∋⊞⋈⋈⋈⋈⋈⋈⊣
0x1b5f0000	⊢⋈⋈⋈⋈⋈⋈⋈⊞⋈⋈⋈⊙⊤∈⋈⋈≻⋈⋈⋈⋈⋈⋈⋈⊞⊞⋈⋈⋈⋈⋈⋈⋈⊤∈∋⋈⋈⋈⋈⋈⊞≻⋈⋈⊞⊞⋈⋈⋈⋈⋈⋈⋈⋈⋈⋈⋈⊞⊞⋈⋈⋈⋈⋈⊙⋈⊞⋈⋈⊞⋈⊙⋈⋈⋈⋈⋈⋈⋈⋈⋈⋈⋈⋈⋈⋈⋈⋈⋈⋈⋈⋈⊞⋈⋈⋈⋈⋈⋈⊣
0x1b5eb830	⊢⋈⋈⋈⋈⋈⋈⋈⊞⋈⋈⋈⊙⊤∈⋈⋈≻⋈⋈⋈⋈⋈⋈⋈⊞⊞⋈⋈⋈⊞⋈⋈⋈⋈⊤∈∋⋈⋈⋈⋈⊞⋈≻⋈⋈⋈⋈⋈⊞⋈⊞⋈⋈⋈⊙⊞⊞⊞⋈⋈⋈⊙⋈⋈⋈⋈⋈⋈⋈⋈⋈⋈⋈⋈⋈⋈⋈⋈⊞⋈⋈⋈⋈⋈⋈⊣
0x1b5a7c56	⊢⋈⋈⋈⋈⋈⋈⋈⊞⋈⋈≻⋈⋈⋈⋈⋈⋈⋈⊞⊞⋈⋈⊞⋈⊞⋈⋈⋈⋈⋈⊡⊤∈⋈⋈⋈⋈⋈⊞⋈≻⋈⋈⋈⋈⋈⊞⋈⊞⋈⋈⋈⋈⊙⊞⊞⊞⋈⊙⋈⋈⋈⋈⊡⋈⋈⋈⋈⋈⋈⋈⋈⋈⋈⋈⋈⋈⋈⊞⋈⋈⋈⋈⋈⋈⊣
0x1b5bee10	⊢⋈⋈⋈⋈⋈⋈⋈⊙⊤∈⋈⋈≻⋈⋈⋈⋈⋈⋈⋈⋈⋈⊣
0x1b5f01e0	⊢⋈⋈⋈⋈⋈⋈⋈⊞⋈⋈⋈⋈⋈⊙⊤∈⋈⋈≻⋈⋈⋈⋈⋈⊞⋈⊞⋈⋈⋈⋈⋈⋈⋈⊤⋈∈∋⋈⋈⋈⋈⋈⊞≻≺⋈⋈⋈⊞⊞⋈⋈⋈⋈⋈⋈⋈⋈⋈⋈⊞⊞⋈⋈⋈⋈⋈⊙⋈⋈⋈⊞⋈⊙⋈⋈⋈⋈⋈⋈⋈⋈⋈⋈⋈⋈⋈⋈⋈⊤∈⋈⋈⋈⊞≻≺⋈⊞⊤∈⋈⋈⋈≻⋈⊞⋈⊞⊞⊙⋈⋈⊞⊡∈⋈⊤⊞⋈⋈⋈⊤∈⊤∈∋∋⋈⋈⋈⋈⋈⋈⋈⋈⋈⋈⋈⊞⋈⋈⋈⋈⋈⋈⊣
0x1b5eb9d0	⊢⋈⋈⋈⋈⋈⋈⋈⊞⋈⋈⋈⋈⋈⊙⊤∈⋈⋈≻⋈⋈⋈⋈⋈⋈⋈⊞⋈⊞⋈⋈⋈⊞⋈⋈⋈⋈⋈⊤∈∋⋈⋈⊞⋈≻≺⋈⋈⋈⋈⋈⋈⊞⋈⊙⊞⊞⊞⋈⋈⋈⊙⋈⋈⋈⋈⋈⊤∈⋈⋈⋈⊞≻≺⋈⊞⊤∈⋈⋈⋈≻⋈⊞⋈⊞⊞⊙⋈⋈⊞⊡∈⋈⊤⊞⋈⋈⋈⊤∈⊤∈∋∋⋈⋈⋈⋈⋈⋈⋈⋈⋈⋈⋈⋈⋈⊞⋈⋈⋈⋈⋈⋈⊣
0x1b5a7f83	⊢⋈⋈⋈⋈⋈⋈⋈⊞⋈⋈⋈⋈⋈≻⋈⋈⋈⋈⋈⋈⊞⊞⋈⋈⊞⋈⊞⋈⋈⋈⋈⋈⋈⋈⋈⊡⊤∈⋈⋈⊞⋈≻≺⋈⋈⋈⋈⋈⋈⊞⋈⊙⊞⊞⊞⋈⊙⋈⋈⋈⋈⊡⋈⋈⊤∈⋈⋈⊞⋈≻≺⋈⊞⊤∈⋈⋈⋈≻⋈⊞⋈⊞⊞⋈⊙⋈⋈⊞∈⋈⊤⊞⋈⋈⋈⊤∈⊤∈∋∋⋈⋈⋈⋈⋈⋈⋈⋈⋈⋈⋈⊡⋈⋈⋈⋈⊞⋈⋈⋈⋈⋈⋈⊣
0x1b5eed70	⊢⋈⋈⋈⋈⋈⋈⋈⊞⋈⋈⋈⋈⋈⋈⋈⋈⋈⋈⋈⋈⋈⋈⊞⋈⊞⊞⊞⋈⋈⋈⊙⋈⊞⋈⋈⋈⋈⋈⊞⋈⊙⋈⊞⋈⋈⋈⋈⋈⋈⊤∈⋈⊤∈∋⋈≺⋈⋈⊤⋈∈⋈⊤∈⋈⋈⋈⋈⋈⋈⋈⋈⋈⋈⋈⋈⊞⊞⊤∈⋈⋈≻⊤∈⋈≻⋈⋈≺⋈⊞⋈⋈⋈⋈⋈⋈⋈⋈⋈⋈⊞⊤∈⋈⋈⋈≻⊡≺⊤∈∋⋈⋈⋈⋈≻⋈⋈⋈⊞⊞⋈≺∋∋∋⋈⋈⊤∈⋈⋈⊤∈⋈⊞≺∈⋈⋈⊤∈⊤∈⋈⋈≺⋈⋈⊤⋈∈⋈⊤∈∋⋈⋈⋈≻≺⋈⋈⋈⋈⋈⋈⋈⋈⋈⋈⊞⊤∈⋈⊞⋈≻≺⋈⋈⊞⋈⋈⋈⋈⊞⋈⋈⋈⋈⋈⋈⋈⋈⋈⊞⊤∈⋈⊞⋈≻≺⋈⋈⋈⊞⋈⋈⋈≺∋⋈⋈⋈⋈⋈⋈⋈⋈⋈⋈⋈⊞⋈⊞⊞⊞⋈⋈⋈⊙⋈⋈⋈⋈⋈⋈⋈⋈⋈⋈⋈⋈⋈⋈⋈⋈⋈⋈⊙⋈⊞⋈⋈⋈⋈⋈⊞⋈⊙⋈⋈⋈⋈⋈⋈⋈⋈⋈⊞⋈⊙⋈⋈⋈⊞⋈⊞⋈⊙⊤∈⊡∈⋈⋈⋈⊞⊤∈∋∋⊡⋈⊤⋈⋈∈⋈⊞⊞⊤∈⋈⋈⋈≺∋≻⋈⋈⋈⊞⊙⋈⊞⊡∈⋈⋈⋈⊞⊤∈∋≺∋⋈⊙⋈⋈⋈⊤∈∋∋∋∋∋∋⋈⋈≺∋⋈∋⋈⋈⋈⋈⋈⋈⋈⋈⋈⋈⋈⋈⊞⋈⋈⋈⋈⋈⋈⊣
0x1b5e9ba0	⊢⋈⋈⋈⋈⋈⋈⋈⊞⋈⋈⋈⋈⋈⋈⋈⋈⋈⋈⋈⊞⋈⊞⊞⋈⋈⊙⋈⋈⊞⋈⋈⋈⋈⋈⋈⋈⋈⊞⊞⋈⊙⋈⊞⋈⋈⋈⊤∈⋈⊤∈⋈⋈≺⋈⋈⊤∈⋈⋈⊤∈⋈⋈⋈⋈⋈⋈⋈⋈⋈⋈⋈⋈⊞⊞⊤∈⋈⋈≻⊤∈⋈≻⋈⋈≺⋈⊞⋈⋈⋈⋈⋈⋈⋈⋈⋈⋈⊞⊤∈⋈⋈⋈⋈≻⊡≺⊤∈∋⋈⋈⋈≺⋈≻⋈⋈⋈⊞⊞⋈≺∋∋∋∋⋈⋈⊤∈⋈⊤∈⋈⊞≺∈⋈⋈⊤∈⊤∈⋈⋈≺⋈⋈⊤⋈∈⋈⊤∈∋⋈⋈⋈≻⋈⋈⋈⋈⋈⋈⋈⋈⋈⋈⊞⊤∈⋈⊞⋈≻≺⋈⋈⊞⋈⋈⋈⋈⊞⋈⋈⋈⋈⋈⋈⋈⋈⋈⊞⊤∈⋈⊞⋈≻≺⋈⋈⋈⊞⋈⋈⋈≺∋⋈⋈⋈⋈⊞⋈⋈⋈⊞⋈⊞⊞⋈⋈⊙⋈⋈⋈⋈⋈⋈⊞⋈⋈⊙⋈⊞⋈⋈⋈⋈⋈⋈⊞⊞⋈⊙⋈⊞⋈⋈⋈⋈⋈⊞⊞⋈⊞⋈⊙⋈⋈⋈⊞⋈⊞⋈⊙⊤∈⊞∈⋈⋈⋈⊞⊤∈∋∋⊡⋈⊤⋈⋈∈⋈⊞⊞⊤∈⋈⋈⋈∋≻≺∋⊣⋈⋈⋈⊞⊙⋈⊞⊡∈⋈⋈⋈⊞⊤∈∋≺∋⋈⊙⋈⋈⋈⊤∈∋∋∋∋∋∋⋈∋⋈∋⋈⋈⋈⋈⋈⋈⋈⋈⋈⋈⋈⋈⋈⊞⋈⋈⋈⋈⋈⋈⊣
0x1b5dffc0	⊢⋈⋈⋈⋈⋈⋈⋈⊞⋈⋈⊤∈⋈⋈⋈⋈⋈⋈≺⋈⊞⋈⋈⋈⋈⊤∈⋈⋈⋈⋈⋈⋈⋈≻⊤∈⋈⋈≻⋈⊤∈⋈⊙∋⋈≻⋈⋈⋈⊞⋈⋈⋈∈⊤∈⋈⋈⋈⊞⊞⋈⋈⊞∈⋈⋈⋈⊤∈⊤∈⋈⋈⋈⋈⋈≺∋⋈⋈⊞⊞⊞⊤∈⋈⋈⊤⊥⊤⋈⊥⊤∈⋈⊞≺⋈⋈⋈⋈⋈⋈⋈⋈⊞⊤∈⊤∈⋈⋈⋈⋈⋈⋈⋈⊞⊞⋈⊞⊤∈⊤∈∋⋈⊞⋈≺⊞⋈⋈⋈⋈⋈⊤∈⋈⋈∋∋⋈⋈⋈⋈⋈⋈≺⋈⊞⋈⊞⋈⋈⊤∈≺∋⋈⊤∈∋⋈≻⋈∋∋⊞⋈⋈⊡⋈⋈⋈⋈⋈⋈⋈⋈⊤⋈∈∋≺⊤⋈∈∋⋈≺⋈⋈⋈⋈≺⊞⋈⋈⊤∈∋≺⊞⋈⋈∋⋈⋈∋⋈⋈⋈⋈⋈∋∋⋈⋈⊤∈⋈⊙∋∋∋⊞⋈⋈⋈⋈⋈⋈⊣
0x1b5c10d7	⊢⋈⊤∈⊞⋈⋈≻⊞⊣⋈⋈⋈⋈⊣
0x1b5c0ca0	⊢⋈⋈⋈⋈⋈⋈⊞⋈⋈⋈⊞∈⋈⋈⋈⋈⊤∈⋈⋈⋈⋈⋈≻⋈≺⋈⋈⋈⋈⋈⊞⋈⋈⋈⋈⋈⋈⊞⋈⊞⊞⊞∈⋈⋈⋈⋈≻≺⋈⋈∋∋⊤∈⋈⋈⊞⊤∈⋈⋈⊤∈⋈⋈⋈⋈⋈≻⊤∈⋈⊤⋈∈⋈⋈⋈≻⊤∈⋈⊤∈⋈∋⋈⋈⋈⊞∈⋈≺∋⋈⋈≻⊤⋈∈⋈⋈⋈≺⋈⋈⋈⋈⊞⋈⋈⋈⋈⋈⋈⊞⋈⊞⊞⊞∈⋈⋈∋⋈⋈≻≺⋈⋈∋⊤∈⋈⋈⋈⊤∈∋⋈⋈≺∋⋈≻≺⊞⋈⊞⊞⋈⊞⊞⋈⊞⋈⊞⋈⋈⊞⊤∈⋈⋈⋈⋈≻⋈≺∋⋈⋈⊞⊞⋈⊞⊞⊞⋈⊞⊞⊞⋈⊞⊞⋈⊞≺∋⋈≺⋈⊤∈⋈⋈⊞⊤∈∋⋈⋈⋈⋈≻⋈≺∋⋈⊞⊤∈⋈⊞⊞⊞⊞⊞⋈⋈⋈⊞⊞⋈≺∋⋈⊞⊞⋈⊞∋⋈⋈⊤∈⋈≻≺∋⋈⋈⊞⋈≺∋⊞∋⋈≺∋∋∋⊞⋈⋈⋈⋈⋈⋈⊣
0x1b5c0c45	⊢⋈⋈⋈⋈⋈⋈⋈⋈≻⋈⋈≻⋈⋈⊞⋈⋈⊣
0x1b5c1106	⊢⋈⋈⋈⋈⋈⋈⋈⋈≻⋈⋈≻⋈⋈⊞⋈⋈⊣
0x1b5c10a0	⊢⋈⋈⋈⋈⋈⋈⋈⋈≻⋈⋈≻⋈⋈⊞⋈⋈⊣
0x1b5c0c7d	⊢⋈⋈⋈⋈⋈⋈≻⋈⋈⋈≺
0x1b5d52b0	⊢⋈⋈⋈⋈⋈⋈⋈⊞⋈⋈⋈⋈⋈⋈⊤∈⋈⋈⊞⊞≺⋈⋈≻⋈⋈⋈⋈⊞∈⋈⊤∈⋈⋈⋈≻⋈⊤∈∋⋈⋈⋈⊙⋈⋈⋈⋈≻⋈⊤∈∋⋈≺∋∋⋈⋈⋈⋈⋈⋈⊤∈⊤∈⊤∈⋈⋈⋈⋈⋈⋈⊞⊙⊞⊤∈∋∋⋈⋈⋈⊞⊙⋈⋈⋈⋈⋈⋈⊞⊙⋈⋈⋈⋈≺⊞⋈⋈⋈⋈⋈⋈⊣
0x1b5db6c0	⊢⋈⋈⋈⋈⋈⋈⋈⊞⋈⋈⋈⋈⊞⊤⊥⋈⊞⋈⊞⋈⊞⊥⊤⊥⊤∈⋈⋈≺⋈⋈⊞⋈⋈⋈⋈⋈⊞⊞⊞⊞⊞⊞⊞⊞∈⋈⊤∈⊤∈⋈∋⋈⋈⊞⊞⊞⊤∈⊞⊞⋈⋈⊤∈⋈≺⋈⊤∈⋈⊤∈⋈∈⋈⋈⊞⋈∈⊤∈⋈⊤⊥⊞⊞⊞⊤∈∋⋈⊤∈∋⊞∈∋⋈⋈≺⋈≺∋≺⊞⊞⊞⊞≺∋⋈⋈⋈⋈⊤∈⋈∋⋈≻⋈⊤∈⋈⊞⋈⋈⋈⋈⊞⋈⋈⋈⊞≺∈⋈⋈⋈⋈⋈⋈⋈⋈≻⊤∈⋈⋈⋈⋈≺⋈⊤∈⊤∈⋈⋈≻⋈⋈⋈⋈⋈≻⊤∈⋈⋈⋈≺⊤∈⊤∈∋⋈⋈≻⋈⋈⋈⋈⊤∈⊤∈∋⋈⋈≻⋈⋈⋈⋈⋈≻⊤∈∋∋∋∋∋⊞⊤∈∋⊤∈⋈⊤∈⋈⊞⋈⋈⋈⋈⋈⋈⋈≻⊞≺∋⊞⋈⋈≺⋈⋈⋈⋈⋈≺≺⋈⋈⋈⋈≺⊞⊞⊞∈∋⋈≺∋∋⋈⋈⋈⋈⋈∋∋⋈∋∋∋∋∋⊞⋈⋈⋈⋈⋈⋈⊣
0x1b5db390	⊢⋈⋈⋈⋈⋈⋈⋈⊤∈⋈⋈⊤∈⋈⋈⋈⋈⋈⋈≻≺⊤∈⋈⊤∈⋈⊤∈⋈⊤∈⊞⊡∈⋈⊞⋈⊞⊤⊥⊞⋈⊤∈∋⊞≺∋⊞⊤∈⊞∈⊞⊞⊞⊤∈⋈⊤∈⋈⊤∈⊞⊡∈⋈⊞⋈⊞⊤⊥⊞⋈⊤∈∋⊞≺∋⊞⊤∈⊞∈⊞⊞⊞≺∋⊤∈⊞∈⋈⋈⊞⊤⊥⊞⋈⊞⋈⊞∈⊤∈⋈⋈⋈⋈≻≺⊤∈⋈⊤∈∋∋⊞⋈≺⋈⊤∈⋈⊤∈⊞⊡∈⋈⊞⋈⊞⊤⊥⊞⋈⊤∈∋⊞≺∋⊞⊤∈⊞∈⊞⊤∈⋈⊞∈⋈⋈⊞⊤⊥⊞⋈⊞⋈⊞∈⊤∈∋∋∋∋∋∋∋∋∋∋∋∋∋∋∋∋∋⋈⋈⊞⊞⊞⋈⋈⋈⋈≻≺∋∋∋∋⊞⋈⋈⋈⋈⊣
0x1b5a8f0d	⊢⋈⋈⋈⋈⊤∈⊞∈⋈⋈≻∋⋈∈⋈⊞⋈⋈⋈≻⋈⊤∈∋≺∋⋈⋈⋈⋈⋈⋈⊣
0x1b5aca39	⊢⋈⋈⋈⋈⊞⋈⋈⋈⋈⋈⊤∈⊤⊥⊤⊥⊞∈⊤⊥⊤⊥⊞∈∋⊞⊤∈⋈⊞⋈⋈⋈≻⋈⊤∈∋∈⋈⋈≻∋⊤∈⋈⊞⋈⋈⋈≻⋈⊤∈∋≺∋⋈⋈⋈≺∋⋈⋈⋈⋈⋈⋈⋈≻⋈⋈⋈⋈≺∋⊞⋈⋈⋈⋈⊣
0x1b595c51	⊢⋈⋈⋈⋈⋈⊞∈⋈⊤∈⋈⋈⋈≻∋⋈⊤∈⋈⋈⋈≻∋⊞⊤∈∋⋈⋈⋈⊣
0x1b5e2790	⊢⋈⋈⋈⋈⋈⋈⋈⋈⊤∈⊞⋈⋈⋈⋈⋈⋈⊣⋈⋈⋈≺∈⋈⊡∈⋈≻≺∋⋈≻⊞⊞∈∋⋈⊞⋈⋈⋈⋈⋈⋈⊙
0x1b5d2680	⊢⋈⋈⋈⋈⊤∈⋈⊤∈⋈⊙∋⊤∈⋈⊙∋⊤∈⋈⊙∋⊤∈∋⊞⋈⋈⊣⋈⊞⋈⋈⊙
0x1b560696	⊢⋈⋈⋈⋈⋈⊞∈⋈⋈⋈⊤∈⋈⋈⋈≻∋⋈⊤∈⋈⋈⋈≻∋⋈⋈⋈≻⋈⋈⋈⋈⋈⋈⋈≺⊤∈⋈⊞⊞⋈⋈≺∋⋈⊤∈⊤∈∋⊣⋈⊙⋈⋈⋈⊣
0x1b596211	⊢⋈⋈⋈⋈⋈⋈⋈⊞∈⋈⋈⋈⊤∈⋈∈⋈≻⊞⊞∈∋∋⋈⋈⋈⋈≻⋈⋈⋈≻⋈⋈⋈⋈⋈⋈⋈⋈⋈≺⊤∈⋈⊞⊞⋈⋈≺∋⋈⊤∈⊤∈∋⊣⋈⊙⋈⋈⋈⋈⋈⊣
0x1b5df9b0	⊢⋈⋈⋈⋈⊤⊥⊤⊥⊞∈⋈⋈⊡∈⋈≻∋⋈⊡∈⋈≻∋⋈≻⋈⋈⋈⋈⊙⋈⋈⋈⊣
0x1b5de970	⊢⋈⋈⋈⋈⋈⋈⋈⋈⋈⊤∈⋈⋈⊤∈⋈⋈≺∈⊤∈⋈⊤∈⊤∈⊙∋⊤∈⋈⊙≺∋∋∋⊞⊞∈∋⋈⊙∋⊤∈∋⊞⋈⋈⋈⋈⋈⋈⊣⋈⊞⋈⋈⋈⋈⋈⋈⊙
0x1b5e9b30	⊢⋈⋈⋈⋈⋈⋈⊤⊤∈⋈⊞⊤∈≻⊤∈⋈≺∋∋∋⊞⋈⊤∈⋈⋈⋈⋈⊞⊞⋈⋈⊙⊞⋈⋈⊣
0x1b5d5ce0	⊢⋈⋈⋈⋈⋈⋈⋈⋈⋈⊤∈⋈⋈⊤∈⋈⋈≺∈⊤∈⋈⊙≺∋⊞⊞∈∋⋈⊙∋⋈⊤∈∋⊞⋈⋈⋈⋈⋈⋈⊣⋈⋈⋈≺∈⊤∈⋈⊙≺∋⊞⊞∈∋⋈⊞⋈⋈⋈⋈⋈⋈⊙
0x1b5d26f0	⊢≺
0x1b5db670	⊢⋈⋈⋈⋈⊤∈⋈⊤∈⊤∈⋈⋈⊙⋈∋⊤∈∋∋⊞⋈⋈⊣⋈⊞⋈⋈⊙
0x1b5de960	⊢⊤∈⊣⊞≺
0x1b5d5cd0	⊢⊤∈⊣⊞≺
0x1b5ed880	⊢⋈⋈⋈⋈⋈⋈⋈⋈⊞⊤∈⋈⋈⋈⋈⊤∈⋈⊙∋⊤∈⋈⊙∋⋈⋈⋈⋈⋈⋈⊙⋈⋈⋈⋈⋈⊣
0x1b5c2b40	⊢⊤∈⊣
0x1b56071b	⊢≺⋈⋈⋈⋈⋈⊞⊤∈⋈⋈⋈⊤∈⋈⊙∋⊞⊤∈⋈⊙∋⋈⋈⋈⋈⊙⋈⋈⋈⊣
0x1b57ed62	⊢⋈⊤∈⋈⋈⊞⊞⊞⊞⊞⊞⊤∈∋⊣⋈⊞⊙
0x1b560720	⊢⋈⋈⋈⋈⋈⋈≻⋈≻⋈≻⋈⋈⋈≻⋈⋈⋈⋈≻⋈⋈⊤∈⋈∈⋈⋈⋈⋈≻⊞⊞∈∋∋⋈⋈⋈⋈⊞⋈⋈⋈⋈≺
0x1b5e1c10	⊢⋈⋈⋈⋈⋈⋈⊡∈⋈≻∋⋈≻⊤∈⋈≻∋⊤∈⋈≻∋⋈⊤∈⋈⋈⋈⋈⋈≺⋈⋈⋈⊣
0x1b5e1bc0	⊢⋈⋈⋈⋈⋈⋈⊡∈⋈≻∋⊞⋈⋈⋈⋈≺
0x1b5e1a40	⊢⋈⋈⋈⋈⋈⋈⋈⋈⋈⊤∈⋈⊙∋⋈⋈⋈⋈∈⊤∈⊤∈⊞⋈⋈⋈⋈⋈⋈⊣⋈⊞⋈⋈⋈⋈⋈⋈⊙⋈⊞≻⋈≺∋
0x1b5de7e0	⊢⋈⋈⋈⋈⊤∈⋈⊤∈⊤∈⋈⋈⊙⋈∋⊤∈∋∋⊞⋈⋈⊣⋈⊞⋈⋈⊙
0x1b5f272b	⊢⋈⋈⋈⋈⋈⋈⋈⋈⊤∈⋈∈⋈⋈⋈⋈≻⊞⊞∈∋∋⋈⋈⋈⋈⊞⋈⋈⋈⋈≺
0x1b5e22c0	⊢⋈⋈⋈⋈⋈⋈⋈⋈⋈⋈⋈⊞⋈⊞∈⊤∈⊤∈⊞⋈⋈⋈⋈⋈⋈⊣⋈⊞⋈⋈⋈⋈⋈⋈⊙⋈⊞≻⋈≺∋
0x1b5e2370	⊢⋈⋈⋈⋈⋈⋈⋈⋈⋈⋈⋈⊤∈⋈≺∈⋈⊡∈⋈≻≺∋⋈≻⊞⊞∈∋∋⊤∈⊞⋈⋈⋈⋈⋈⋈⊣⋈⊞⋈⋈⋈⋈⋈⋈⊙
0x1b5de830	⊢⋈⋈⋈⋈⋈⋈⋈⋈⋈⋈⋈⊤∈⋈⋈≺∈⊤∈⋈⊤∈⊤∈⊙∋⊤∈⋈⊙≺∋∋∋⊞⊞∈∋∋⊤∈⊞⋈⋈⋈⋈⋈⋈⊣⋈⊞⋈⋈⋈⋈⋈⋈⊙
0x1b5d5230	⊢⋈⋈⋈⋈⋈⋈⋈⋈⋈⋈⋈⊤∈⋈⋈≺∈⊤∈⋈⊙≺∋⊞⊞∈∋∋⊤∈⊞⋈⋈⋈⋈⋈⋈⊣⋈⊞⋈⋈⋈⋈⋈⋈⊙
0x1b5d5be0	⊢⋈⋈⋈⋈⋈⋈⋈⋈⋈⋈⋈⊤∈⋈⋈≺∈⊤∈⋈⊙≺∋⊞⊞∈∋∋⊤∈⊞⋈⋈⋈⋈⋈⋈⊣⋈⊞⋈⋈⋈⋈⋈⋈⊙
0x1b5f08a0	⊢⋈⋈⋈⋈⋈⋈⋈⋈⋈⋈⋈⊤∈⋈⋈≺∈⊤∈⋈⊙≺∋⊞⊞∈∋∋⊤∈⊞⋈⋈⋈⋈⋈⋈⊣⋈⊞⋈⋈⋈⋈⋈⋈⊙
0x1b5607d3	⊢⋈⋈⋈⋈⋈⋈⋈≻⋈⋈⋈⋈⊞⋈⋈≺
0x1b5f04a0	⊢⋈⋈⋈⋈⋈⋈⋈⋈⋈⋈⋈⊤∈⋈⋈≺∈⊤∈⋈⊙∋⊤∈⋈⊙≺∋⊞⊞∈∋∋⊤∈⊞⋈⋈⋈⋈⋈⋈⊣⋈⊞⋈⋈⋈⋈⋈⋈⊙
0x1b5cf650	⊢⋈⋈⋈⋈⋈⋈⊤∈⊡∈⋈≻∋∋⊞⋈⋈⋈⋈≺⋈⋈⋈⋈⊞⋈⊤∈⊞⊞⋈⋈⋈⋈⋈⋈⋈⋈⋈≺∋⋈⋈⋈⋈⋈⊡∈∈∈⋈⋈≻⋈⊤∈⊞⋈⋈⋈⊣⋈⊞⊤∈∋⊞⋈⊡∈∋⋈≻≺∋
0x1b5de8d0	⊢⋈⋈⋈⋈⋈⋈⊤∈⋈⋈⋈⋈⋈⊣⋈⊞⋈⊞⋈≺∈⊤∈⋈⊤∈⊤∈⊙∋⊤∈⋈⊙≺∋∋∋⊞⊤∈∋⋈⋈⋈⋈⋈⋈⊙
0x1b5d5c60	⊢⋈⋈⋈⋈⋈⋈⊤∈⋈⋈⋈⋈⋈⊣⋈⊞⋈⊞⋈≺∈⊤∈⋈⊙≺∋⊞⊤∈∋⋈⋈⋈⋈⋈⋈⊙
0x1b59111c	⊢⋈⋈⋈⋈⋈⊞∈⋈⋈⊞∈⋈⋈⊞∈⋈⋈⋈≻∋⊞⊞∈∋∋⊞⋈⋈⊣
0x1b5ec580	⊢⊡∈⋈⊞⋈⊤∈⋈⋈⋈⋈⊞⊙∋⊣
0x1b5d4f60	⊢⋈⋈⋈⋈⋈⊤∈⋈⊙∋⊤∈⋈⊙∋⊤∈⋈⊙∋⊤∈⊞⋈⋈⊣⋈⊞⋈⋈⊙
0x1b5d25d0	⊢⋈⋈⋈⋈⋈⋈⊡∈⋈≻∋⊞⋈⋈⋈⋈≺
0x1b5ec5c0	⊢⋈⋈⋈⋈⋈⋈⋈⋈⋈⊤∈⋈≻⋈⊞⊤∈⋈⊞⋈⋈⋈⊤∈⋈⊙∋⊤∈⋈⊙∋⋈⊙⊤∈∋⊤∈∋⊞⋈⋈⋈⋈⋈⋈⊣∋⋈⊞⋈⋈⋈⋈⋈⋈⊙
0x1b5c2b60	⊢⋈⊡⊞⋈⊞⊞∈⋈≺⋈⋈⋈⋈⊤∈⋈⋈⋈≻⋈⋈⊞∈⊞⋈⊡∈⋈∋⊤∈⋈⋈⊡∈⋈⊡⋈⋈⋈⊞⊙⊤∈⊤∈∋⊞⋈⊡∈∋∋∋⊞⋈⋈⊣⋈⋈⋈⋈⊡⊞⋈⋈⋈⋈≺∋⊞⊞⋈⋈⊙⊣
0x1b5edef0	⊢⋈⋈⋈⋈⋈⋈⋈⊞⋈⊤∈⊞⊞⋈⋈⋈⋈⋈⋈⋈⋈⋈≺∋⋈⋈⋈⋈⋈⋈⊡∈∈⋈⋈≻⋈⊤∈⊞⋈⋈⋈⋈⋈⋈⊣⋈⋈⊤∈⋈⊞⋈⊙∋⋈⊞⊤∈∋⋈⊙≺∋
0x1b5ef680	⊢⋈⋈⋈⋈⋈⋈⋈⊞⋈⋈⋈⊞∈∈⋈⋈≻⋈⊤∈⊞⋈⋈⋈⋈⋈⋈⊣⋈⋈⊤∈⋈⊞⋈⊙∋⋈⊞⊤∈∋⋈⊙≺∋
0x1b5e8120	⊢⊤∈⊣⊞≺
0x1b5e1930	⊢⋈⋈⋈⋈⊞⋈⋈⊡∈∈∈⋈⋈≻⋈⊤∈⊞⋈⋈⋈⊣⋈⊞⊤∈∋⊞⋈⊡∈∋⋈≻≺∋
0x1b5e7ed0	⊢⋈⊞⊤∈⋈⊙⊣
0x1b5edfc0	⊢⋈⋈⋈⋈⋈⋈⋈⋈⋈⋈⊞⋈⊞⊤∈⋈⊞⊞⋈≺∈⊤∈⋈⊙∋⊤∈⋈⊙≺∋⊞⊞∈∋∋⊤∈⋈⋈⋈⋈⋈⊣⋈⋈⋈⋈⋈⋈⊙
0x1b5eda00	⊢⋈⋈⋈⋈⋈⋈⊤∈⊙∋⋈⊤∈⊙∋⋈⊞⊤∈⋈⋈⊣⋈⋈⊙
0x1b5ece40	⊢⋈⋈⋈⋈⋈⋈⊤∈⊙∋⋈⊤∈⊙∋⋈⊤∈⊙∋⋈⊞⊤∈⋈⋈⊣⋈⋈⊙
0x1b5914b3	⊢⋈⋈⋈⋈≻⋈⋈⋈≺⊤∈⋈⊞⋈⋈≺∋⋈⊤∈⊤∈∋⊣⋈⊙
0x1b591167	⊢⋈⋈⋈⋈⋈⋈⊞⋈⋈⋈⊤∈⊙∋⋈⊞∈⋈⊞⋈⊞≻⋈⋈∈⊞⊞⋈⋈∈⋈⋈⊙⋈⊤∈⋈⊙∋⊞⊤∈∋∋⋈⋈⋈⋈⋈≻⋈⋈⊤⊥∈⋈∋⋈⋈⊞⋈∈∈⋈⊤∈⊤∈⊤∈⋈⊤∈∈⋈⊞∈∋∋∋⋈⊤∈⋈∈⋈⋈⊙⋈⋈⊤∈∋≺∋⋈⊙∋⋈⋈⊤∈⋈⊤∈⊙∋∋⋈⊤∈⋈⊤∈⊙∋∋⋈⋈⊤∈⋈∈⋈⋈⋈⊤∈⋈⊙∋⊤∈⋈⊙∋⊞⊞∈∋∋⋈⋈⋈⋈⋈≻⋈⊤∈⊤∈⊙∋∋⋈⊤∈⊤∈⋈⊙∋∋⋈⊤∈⊤∈⋈⊙∋∋⋈⊤∈⊤∈∋⊞⋈⋈⋈⋈⋈⋈⊣⋈⊞⋈⋈⋈⋈⋈⋈⊙⊤∈⊤∈⋈⊤∈∈⋈⊞∈∋∋⊞⊞∋⋈⊤∈∈⋈⊤∈∋⋈⊙⋈≻∋⋈≻⊞⋈⋈⊙⋈⊤∈∋⋈⋈⋈≺∋⋈⊤∈⋈⋈⊞∈⋈⋈⊞∈∋⊞≺∋⊞⋈⋈⊞⋈⊞⋈⋈≻⋈⋈⋈⊞⋈∈∋⋈≻⊞≺∋
0x1b591a52	⊢⋈⋈⋈⋈⋈⋈∈⋈⊤∈⋈⋈⋈≻∋⋈⊤∈⋈⋈⋈≻∋⊞⊤∈∋⋈⋈⋈⊣
0x1b560806	⊢⋈⋈⋈⋈⋈⋈⊞∈⋈⋈⋈≻∋⋈∈⋈≻⊞⊤∈∋⊞⋈⊞⋈⋈≺
0x1b5997ab	⊢⋈⋈⋈⋈⊞∈⋈≻⊞⊤∈∋⊞⋈⊞⋈⋈≺
0x1b560860	⊢⋈⋈⋈⋈⊞∈⋈⋈⋈≻∋⋈⋈⊞∈⋈⊤∈⋈⋈⋈≻∋⋈⋈⊤∈⋈⋈⋈⋈≺∋⋈⊣
0x1b58d0a6	⊢⋈⋈⋈⋈≻⋈⋈≻⋈⋈≻⋈⋈⋈≺
0x1b5914d1	⊢⋈⋈⋈⋈≻⋈⊤∈⋈⊣⋈⋈≺
0x1b5608d9	⊢⋈⋈⋈⋈≻⋈⊤∈⋈⊣⋈⋈≺
0x1b5608fe	⊢⋈⋈⋈⋈⋈⋈⋈≻⋈⋈≻⋈⋈≻⋈⋈⊞∈⋈⋈⋈≻∋⋈⊤∈⋈⋈⋈≻∋⋈⊤∈⋈⋈⋈⊞⋈⋈≺⊞⋈⋈⊣
0x1b5a7753	⊢⋈⋈⋈⋈⋈⋈⋈⋈⊤∈⋈⋈∈⊤∈⋈≻∋⊞⊞∈∋∋⋈⋈⋈⋈≻⋈⋈⋈≻⋈⋈⋈⋈≻⋈⋈⋈⋈≻⋈⋈⋈⋈≻⋈⋈⋈⋈≻⊞⋈⋈⋈⋈⋈⋈≺
0x1b5831fc	⊢⋈⋈⋈⋈⊞∈⋈⊤∈⋈⋈⋈≻∋⋈⋈⊞∈⋈⋈⋈⋈≺∋⋈⊣
0x1b57d30d	⊢⋈⋈⋈⋈⋈⋈⋈⋈⊞⊤⋈⊥⊤∈⋈⋈⊤∈⋈⋈⋈≻⋈⋈⋈⋈≻⋈⋈⋈⊤∈⋈⋈⋈≻≺⊤⋈⋈⋈⋈≻⋈⋈∋∋⋈⊤∈⋈⋈⋈≻≺∋∋⋈⋈⋈⋈⊞⋈⋈⋈⋈≺
0x1b56099e	⊢⋈⋈⋈⋈⋈⋈⊞⋈⋈⋈⊞∈⋈⋈⋈≻∋⋈⋈≻⋈⊞∈⊞∈⋈⊤∈⋈⋈⋈≻∋⋈⊤∈⋈⋈⋈≻∋⊞⊤∈∋⊞⊞⊤∈∋⋈⋈⊤∈⋈⋈∈⊤∈⋈≻∋⊞⊞∈∋∋⋈⋈⋈⋈≻⋈⋈⋈≻⋈⋈⋈⋈≻⋈⋈⋈⋈≻⋈⋈⋈⋈≻⋈⋈⋈⋈≻⋈≻⋈⊤∈⋈⋈⊤∈⋈∈⋈≻⊞⊞∈∋∋⋈⋈⋈⋈≻⋈⋈⋈≻⋈⋈⋈⋈≻∋⋈⋈⋈⋈⊤∈⋈⋈⋈⊞∈⊞∈⋈⊤∈⋈⋈⋈≻∋⋈⊤∈⋈⋈⋈≻∋⊞⊤∈∋⊞∈⋈⊤∈⋈⋈⋈≻∋⊞⊤∈∋⊞⋈⊞⊞⊤∈∋∋⋈⋈⋈⋈⋈⊞⋈⋈⋈⋈⋈⋈≺
0x1b5f2788	⊢⋈⋈⋈⋈⋈⋈≻⋈⋈⋈⋈≻⋈⋈⋈⋈⋈≺
0x1b5941fc	⊢⋈⋈⋈⋈⋈⋈≻⋈⋈⋈⋈≻⋈⋈⋈⋈⋈≺
0x1b5f31d2	⊢⋈⋈⋈⋈⋈⋈≻⋈⋈⋈⋈≻⋈⋈⋈⋈≻⋈⋈⋈⋈≻⋈⋈⋈⋈≻⋈⋈⋈⋈⋈≺
0x1b5be4e1	⊢⋈⋈⋈⋈⋈⋈⋈⊤∈⋈⋈⊞⊤∈⋈⋈⋈⊤∈⋈⊙∋⊞⊤∈⋈⊙≺⊤∈⊤∈⋈∋∋⋈⊙≺∋∋∋⋈⊞⋈⋈⋈⋈⊙
0x1b560c76	⊢⋈⋈⋈⊤∈⋈≻⊤∈⊤∈⋈⊙≺∋∋∋⋈⋈⊙
0x1b5be2bb	⊢⊤∈⋈⊞⋈⋈≺∋⋈⊤∈⊤∈∋⊣⋈⊙
0x1b560cae	⊢⋈⋈⋈⋈⋈⋈⊤∈⋈∈⋈⋈⊞⋈⋈⋈⋈≺⊤∈⊞⋈⊞⋈⋈⋈⋈≺⋈⋈⊤∈⋈∈⋈≻⊞⊞∈∋∋⋈⋈⋈⋈⊞⋈⋈⋈⋈≺⊞⋈⋈⋈⋈⊣
0x1b572120	⊢⊤∈⊣⋈⊙
0x1b5e8cc0	⊢⊤∈⊣⋈⊙
0x1b560d45	⊢⋈⋈⋈≺
0x1b5a8fca	⊢⋈⊤∈⋈⊞⋈⋈⋈≺∋⋈⊤∈⊤∈∋⊣⊙
0x1b5be908	⊢⋈⋈⋈≺
0x1b5e7290	⊢⋈⋈⋈⋈⊤∈⋈⋈⋈⊙⋈∋⊞⋈⋈⊙
0x1b560da2	⊢⊡∈⋈⋈⊞⋈⊤∈⊞⋈⋈⋈⊞⊙∋⊣
0x1b5c2c60	⊢⋈⋈⋈⋈⊤∈⋈⊞⊤∈⋈≻⋈⊤∈⋈≺∋∋∋⊞⋈⊤∈⋈⋈⋈⋈⊞⊞⋈⋈⊙⊞⋈⋈⊣
0x1b560dd7	⊢⊤∈⋈⋈⊞⊞⊤∈∋⊣⊞⊙
0x1b5dfa50	⊢⋈⋈⋈⋈⋈⋈⋈⋈⋈⋈⋈⊤∈⋈⋈≺∈⊤∈⊤∈⋈⊙≺∋∋⊞⊞∈∋∋⊤∈⋈⊙∋⋈⋈⊤⊥∈⋈∋⋈⊞⋈⊡∈∈∈⊤∈⊤∈⊞⋈⋈⋈⋈⋈⋈⊣⊤∈⋈⊤∈⊡∈⋈⊞∈∋∋∋⋈⊤∈⋈⊡∈⋈⊙⋈⋈⊤∈∋≺∋⋈⊞⋈⋈⋈⋈⋈⋈⊙⊤∈⋈≻⊤∈⋈⊤∈∈⋈⊞∈∋∋⊞⊞∋⋈⊤∈⋈⊡∈⋈⊤∈⊙⋈≻⊣⊞⋈⊙⋈⊤∈∋⋈⋈⋈≺∋⋈⊤∈⋈⋈⊞⊡∈⋈⋈⊞∈∋⊞≺∋⊞⊞⋈⊤⋈∈∋⊞⊤⋈∈∋⋈⋈⋈⋈⊙⋈⋈⊞≺∋
0x1b5c3060	⊢⋈⋈⋈⋈⋈≻
0x1b5e6c50	⊢⋈⋈⋈⋈⋈⊤∈⋈⊙∋⊤∈⊞⋈⋈⊣⋈⊞⋈⋈⊙
0x1b5e1cf0	⊢⊤∈⊣⋈⊙
0x1b5c98c0	⊢⋈⋈⋈⋈⋈⋈⋈⋈⋈⋈⋈⊤∈⋈⋈≺∈⊤∈⋈⊙≺∋⊞⊞∈∋∋⊤∈⋈⊙∋⋈⋈⊤∈⋈⋈⊡∈⋈⋈⊙⊞⊞∈∋∋⊤∈⊞⋈⋈⋈⋈⋈⋈⊣⋈⊞⋈⋈⋈⋈⋈⋈⊙
0x1b5ed9b0	⊢⋈⋈⋈⋈⋈⊤∈⋈⊙⊤∈⊤∈∋⋈⊙⊤∈∋⊤∈∋⋈⊞⋈⋈⊙∋⊞⋈⋈⊣
0x1b5ed250	⊢⋈⋈⋈⋈⋈⋈⋈⋈⋈⋈⊞∈⋈⊞⋈⊞≻⋈⋈∈⊞⊞⋈≺∈⋈⋈⊙⋈⊤∈⋈⊙≺∋⊞⊤∈∋∋⋈⊤∈⊞⋈⋈⋈⋈⋈⋈⊣⋈⊞⋈⋈⋈⋈⋈⋈⊙
0x1b5ec890	⊢⋈⋈⋈⋈⊤∈⋈⋈⊞∈⋈⊞≻⋈∈⋈⊞⋈⋈⋈⊙⋈∋∋⋈⋈⋈⊣
0x1b5e72c0	⊢⊤∈⊣⋈⊙
0x1b58ca09	⊢⊤∈⋈⋈⋈⋈⋈⋈⊞∈⋈⊤∈⋈⋈⋈≻∋⋈⊤∈⋈⋈⋈≻∋⊞⊞∈∋⋈⋈⋈∋⊣
0x1b560dff	⊢⋈⋈⋈⋈⋈⋈⋈⋈⊤∈⋈⊞∈⋈⊞⊞⋈⋈⋈⊞∈⋈⋈⋈≻∋⋈⋈⊤∈⋈∈⋈≻⊞⊞∈∋∋⊞⋈⋈⋈⋈≻⊤∈∋∋⊞⋈⋈⋈⋈⋈⋈⊣
0x1b5ef470	⊢⋈⋈⋈⋈⋈⊤∈⋈⊙∋⊤∈⊞⋈⋈⊣⋈⊞⋈⋈⊙
0x1b5ceae0	⊢⋈⋈⋈⋈⋈⋈⊡∈⋈≻∋⋈≻⋈⋈≻⊤∈⋈⊙∋⋈⋈⊙⊞⋈⋈⋈⋈≺
0x1b5b8c64	⊢⋈⊞⊞⊞⊞⋈⋈⋈⋈⊞⋈⋈⋈⋈⊞⊞⋈⋈⋈⊞⊞⋈⋈⋈⊞⊞⋈⋈⋈⊞⊞⋈⋈⊞⋈⋈⋈⋈⋈⋈⋈⋈⋈⋈⋈⊣
0x1b5e87c2	⊢⋈⋈⊞⋈⋈⋈⋈⋈⋈⋈⋈⋈⋈⋈⋈≻
0x1b5e89ca	⊢⋈⋈⊞⋈⋈⋈⋈⋈⋈⋈⋈⋈⊞≻
0x1b573264	⊢⋈⋈⊞⋈⋈⋈⋈⋈⋈⋈⋈⋈⋈⋈≻
0x1b5e8a30	⊢⋈⋈≻
0x1b560e9a	⊢⋈⊙⋈⊣
0x1b588f55	⊢⋈⊤∈⋈≻⊤∈⋈⋈⋈≻⋈⋈⋈⋈⋈⋈⊞⋈⋈⋈⋈⋈⋈⋈⋈⋈⋈⋈⊤∈⋈⊤∈⊤∈⋈⊤∈⋈⊤∈∋⊞≺≺∋∋∋∋⋈⋈⋈⊞∈⋈⋈⋈≺⋈⊤∈⋈⊞⋈⋈≺∋∋⊤∈⊤⊥⊤⊥⊞∈⋈⊤∈⊤∈⋈⋈⋈⋈≻≺⋈⋈⋈⋈⋈⋈⋈≻⋈⋈⋈⋈≺⋈⋈⋈∋⋈⋈⋈⋈≻≺⋈⊞⊤⊥⊞⊤∈⋈⋈⋈∋∋⋈⋈≺⋈≺∋⋈⋈⋈⋈⋈⋈⋈⋈≻⋈⋈⋈⋈∋⊤∈⋈⋈⋈⋈≻∋⋈⋈⋈≻⊞⋈⋈⋈⋈⋈⋈⊣⊤⊥⊤⊥⊞⊞≺∋⋈⊣
0x1b5acbaf	⊢⋈⊤∈≻⊤∈⋈⋈⋈≻⊞⊤∈⋈⊤∈⋈⋈⊤∈∋⊞⊣⋈⊞≺∋⊞⊞⋈∈⊤∈⋈⊡⊞⊞⋈⊣⊞⊞⊤∈∋⊣⊤⊥⊞≺∋⋈⊣
0x1b5e04e0	⊢⋈⋈⋈⋈⋈⋈⋈⊞⋈⋈⋈⊤∈⋈⋈⋈⋈⊞⋈⋈⊞⋈⋈⋈⋈⋈⋈≺∈⋈⋈⋈⋈≻⋈⋈⋈⊤∈⋈⋈⋈⋈≺⋈⋈⊤∈⊤∈⋈⋈⋈≺∋⊞⊤∈∋⋈⊤∈∋⋈≻⋈⋈⋈⋈⋈⋈⋈⋈⋈⋈⋈⋈⋈⋈⋈⋈⋈⋈⋈⋈⋈⋈⋈⋈⋈⋈∋⊞⋈⋈⋈⋈⋈⋈⊣⋈⋈⊞⊙
0x1b5e0a30	⊢⊞⋈⋈⊤∈⊤∈⋈⋈⊤∈⋈⋈≺⋈⊞⊞⊞⊞⊡∈⋈⊤∈⊤∈⋈≺⋈⋈∋⋈⋈⊞⊞⊞⊤∈⋈⋈⋈⊞⋈⊞⋈⊞⋈≺⊞⊞⊞∈∋≺⋈⋈⋈≺∋∋⋈⋈⋈⋈⋈⋈⊣⊤∈⋈⋈⋈⊣⊤∈⋈⋈⊤∈⊞⋈⋈⋈⋈⋈⋈⊤∈∋⋈⋈⋈⋈≺⋈⋈⊣⊞⋈⋈⋈⋈⋈⋈⊞⊞⋈⊞⊞⊞⊞≺∋⋈⊞⋈⊞⋈⊞⋈≺∋⋈⊞⋈⊞⊞⋈⊞⊞⋈⋈⊣⋈⋈⊞⊙
0x1b5e0390	⊢⋈⋈⋈⋈⋈⋈⋈⊞⋈⊤∈⋈⋈⋈⋈⊞⋈⋈⊞≺∈⋈⋈⋈⋈≻⋈⋈⋈⋈⊤∈⋈⋈⋈⋈≺⋈⋈⊤∈⋈⋈⋈≺∋⊞⊤∈∋⋈⊤∈∋⋈≻⋈⋈⋈⋈⊞⋈⋈⋈⊤⋈⊥⋈⋈⋈⋈⋈≻⊤∈⋈⋈≻⋈⋈⋈⊞⋈⋈⋈⊣⋈⋈⋈⋈∋⊞⋈⋈⋈⋈⋈⋈⊣
0x1b5d8660	⊢⋈⋈⋈⋈⋈⋈⋈⊞⋈⋈⊞⋈⊞⋈⋈⋈⋈⋈⋈⋈⋈⋈⋈⊤∈⊞⊤∈⋈⋈⋈≺⋈⊞⋈⋈⋈⋈⋈⋈⊣⋈⋈⊞⊙⋈⊞⊙
0x1b5dcd10	⊢⋈⋈⋈⋈⋈⊤∈⊞⊞⋈⋈⋈⊞⋈⊞⊤⋈⊥⋈⊞⋈⋈⊡∈⋈⋈⋈⋈⊤∈⋈⊤∈⊤∈⊞∈⊞⋈⋈∋⋈⋈⊤∈⊞⊤∈⋈⋈≺⊡∈⊞∈⋈≺⋈⋈⋈⋈⋈⋈⊤⋈∈∋⊞≺⋈⋈⊞⊙⋈⋈≺⋈⊞⋈∋⊞⊤∈∋≺⊤∈⊞∈⊞⋈⋈∋∋⋈≺∋⋈⋈≺∋∋∋⋈⋈⋈⋈⋈⊣⋈⊞⊙
0x1b57b697	⊢⋈⋈⋈⋈⊞⊞⋈⊤∈⋈⋈⊤⋈⊞⋈∈⋈⊤∈⋈⋈⊞≺∋⋈⋈⋈⊞⊞∈∋⋈∋⋈⋈⋈⊣
0x1b57ccf5	⊢⋈⋈⋈⋈⋈⋈⊞⋈⋈⋈⋈⋈⊞⊞⋈⋈⋈⊤∈⋈⋈⊤⊞⋈∈⋈⋈⋈≻⋈⋈⊞⊞∈∋∋⋈⋈⋈⋈⋈⋈⊞⋈⋈⋈⋈⋈⋈⊣
0x1b57b703	⊢⋈⋈⋈⋈⋈⋈⋈⋈⋈⋈⋈⊞⊞⋈⊤∈⋈⊤⋈⊞⊞∈⋈⊤∈⋈⊞≺∋⋈⊞⊤∈∋∋⋈≻⋈⋈⋈⋈⋈⋈⋈⋈⋈⋈⋈⋈≺
0x1b57cd90	⊢⋈⋈⋈⋈⋈⋈⊞⋈⋈⋈⋈⋈⊞⊞⋈⋈⋈⋈⊤∈⋈⋈⋈⊤⊞⊞∈⋈⋈⋈≻⋈⋈⊤∈∋∋⋈⋈≻⋈⋈⋈⋈⋈⋈⋈⋈⋈⋈⊞⋈⋈⋈⋈⋈⋈≺
0x1b5778f0	⊢⋈⋈⋈⋈⋈⋈⋈⊞⋈⊤∈⋈⋈⋈⊞⋈⊞⊞⋈⋈⊞⋈⊞⋈⊤⊥⋈⊞⋈⋈⊤∈⋈⊞⊤∈⋈≺⋈⊞⊤∈⋈⊞⊤⊥⋈⊥⋈⊞⊞⊤∈⋈∋∋⋈⊞⊞≺∋⊞⋈⊞⊤∈∋⊤∈⋈⋈⊞⊤⊥⋈⊥⊤⋈⊥⊥⊤∈⋈⋈⋈⊤∈⋈⋈⋈⋈⊞⋈⋈⋈⋈⋈⋈⋈≺⋈≺∋⋈⋈≺⋈⋈⋈⋈⋈⊞⋈≺⊤⋈⋈⊥⋈⊥⊤⊥⊥⊤⋈⋈⊥⋈⊞⊤∈⊤∈∋⊞⊞⋈⊤⊥⊤∈⋈⊤∈⋈⊞⊞⋈⋈⊞⋈⊞⊞⋈⊞⊞⊞⊞⋈⊞⊞⊞⋈⊤∈⋈⊞⊞⋈⊡⊞⊞⊞⋈⊞⋈⋈⊞⋈⋈⊞⋈⊞⋈⋈⋈⊞⋈⋈⋈∈⊤∈⋈⊤∈∋⊤∈⊤∈⊤∈⊤⊥⋈⋈⊥⊞⊤⊥⋈⋈⊥⊞≺⊤⊥⋈⋈⊥⊞≺⊤∈⊤⊥⋈⋈⊥⊞≺⊞⊤⊥⋈⊞≺∋∋∋∋⋈⋈⊞⋈⋈⊤∈⋈⋈⋈⋈⊞⊞⋈⊤⋈⊥⊞⊞⋈⋈⊡∈⋈⋈⊞⊞⊤∈⊞⋈⊤∈⋈⊤∈⋈⊞⊞⋈⋈⋈⋈⊡∈⋈⋈⊞⊤∈∋∋⋈≺⊤∈⊞⋈⋈⊞⊞⋈⋈⊞⊞⋈⊞⊤∈∋⋈⋈⋈⋈⋈⋈⋈≻⊞⋈⊞⊞⊞⊤⋈∈∋⋈≻∋⋈⋈⊞⊞⋈⊞⋈⋈⋈⋈⋈⋈⋈⋈≻⊞⋈⋈≺⋈⊞⋈⊞⋈⋈⊞⋈⋈⋈⊞⋈⋈⋈≻⊞⋈≺∋∋⋈⊤⋈∈∋⋈⊤∈⋈⋈⊞⊞⊞⊞⋈⊞⊞⊞⊞⋈⊞⊥⊥⊞⋈⋈⋈⊞⊡⊡⊡⊡⊡⊡⊡⊡⊡⋈⊡⊡⊡⊡⊡⊡⊡⊡⊡⊡⋈⋈⊤∈⋈⊞⋈⋈⋈⋈≺∋≻⋈⊤∈⋈⊞⋈⋈⋈⊞⋈≺∋≻⋈⋈⋈⊙⋈⊤∈⋈⋈≺∈⋈⊤∈⊤∈⊞⊞⊡∈⋈⊞⊞⋈⊞⊞⊞⊞⋈⊞∈∋≺∋⊞⊤∈∋∋⋈⋈⊞∈⋈⊤⋈∈⊤∈⊞⊞⋈⊞≺∈⋈⊞⊞⋈⊞∈⊞⊞⋈⋈⊞⊞⋈⋈≺∋⋈⊞∈∋⋈≺∋⋈⊤⊥⊤∈⊤∈⊞⊞⊞⊡∈⋈⋈⊞⊡⋈⊥⊤∈∋⊤∈⊤∈⋈⊞≺∋∋⋈⋈⊤⊥⊤∈⊞⋈⊡∈⊤∈⋈⊞⋈⊤∈⋈⊤⋈∈∋∈∋⊤∈⊞≺⋈⊞⊞⊡∈⋈⋈⋈⋈⊞⊞⊤∈∋⊤∈⊤⋈∈⋈⊞⋈≺∋∋⋈∋⊞≺∋⋈⊞⋈⊞⊤⋈⊥⊤∈⊞⋈⋈⋈⋈⋈⋈⋈⋈⊙⋈⋈≻⋈⋈⋈⋈⊙⋈⋈≻⋈⋈⋈⋈⊙⋈⋈⋈≻⋈⋈⊞⋈⋈⋈∈⊤∈⋈⊞⊞∈⊤∈⋈⋈⊤∈⋈⊞∈⋈⊞⋈⊙⋈⋈≺⊤⋈∈∋⊤⋈⊥⊤∈⋈⊡∈⊤∈⊞⊞⋈⊤∈⋈⋈⊞⊤∈∋∈∋⊞∋⋈⊞⊡∈⋈⊞⋈⊞⊡⋈⊥⊤∈∋⊤∈⋈⋈⋈≺∋⊤⋈⊥⊤∈∋∋∋∋∋⋈⋈⊞≻∋⋈⋈⋈≻⋈⊡∈⊤∈⊞⊞⋈⊤∈⋈⊤⋈∈∋∈∋⋈∋⊤∈⋈⊞⊡∈⋈⊞⋈⊞⊡⋈⊥⊤∈∋⊤∈∋⋈⊞≺∋⊤⋈⊥⊤∈⋈⊡∈⊤∈⊞⊞⋈⊤∈⋈⊤⋈∈∋∈∋⋈∋⊤∈⋈⊞⊡∈⋈⊞⋈⊞⊡⋈⊥⊤∈∋⊤∈∋⋈⊞≺∋⋈⊤⋈⊥⊤⋈∈⋈⊡∈⊤∈⊞⊞⋈⊤∈⋈⊤⋈∈∋∈∋⋈∋⊤∈⋈⊞⊡∈⋈⊞⋈⊞⊡⋈⊥⊤∈∋⊤∈∋∋∋⋈⋈⋈≻∋⋈⊞≺∋⋈⊤∈⊞⋈⊤∈⊞⋈⊞⊞⊡∈⋈⋈⋈⋈⊞⊞⊤∈∋⊤∈⊤∈⋈⊞≺∋∋⋈⊞⊤∈∋⋈⋈⋈⋈⋈≺∋⊤∈⊞≺⋈⊞⊞⊡∈⋈⋈⊞⋈⊞⋈⊞⊤∈∋⊤∈⋈⊤∈⋈⊞⋈≺∋∋⋈⊤⊥⊤∈∋∋∋⋈⋈⊞⋈≻∋⋈⋈⊞≻∋⋈⋈⋈≻⊞⊡∈⊤∈⋈⊞⋈⊤⊥⊞⋈⊤⋈∈∋⊥⊞≺∋⊤∈⊤∈⊞≺⋈⊤∈⊤∈⋈⊤∈∋⊤∈∋⋈⋈⊡∈⊤∈⊤∈⋈⋈⋈⋈⋈⊙⋈⋈⋈≺∋⊞⊤∈⋈⊞⋈⊞⊤∈∋⊡⋈⊞⋈⊞⋈⊙⋈⋈≺≺∋∋∋∋⊤∈∋∋∋⋈⋈⋈≺∋⊤∈∋⋈⋈⋈≻⊤∈∋⋈⋈⋈≻∋⋈⋈⋈≻∋⋈⋈⊞⋈≻∋⋈⋈⋈≻∋⋈⋈⋈≻∋⋈⋈⋈≻∋⋈≺∋⊞⋈⋈≻∋⋈⋈⋈≻∋⋈⋈≻∋⋈⋈⋈≻∋∋∋∋⋈⋈⋈≻∋⋈⋈≻∋⋈⋈⋈≻⋈⋈⋈⊤⊥⊤⊥⊞∈⋈⋈≺⋈⋈⋈⋈⊞⋈⋈⋈⋈⊡∈⋈⋈⋈⋈⋈⋈⋈≺∋∋⋈⊞⋈⊞⊤⊥⋈⋈⊥⊥⊞⋈⋈⋈⋈⋈⋈∋∋∋⋈⋈⋈⋈⋈⋈≻⊞⋈⋈⋈⋈⋈⋈⊣
0x1b575be0	⊢⋈⋈⋈⋈⋈⋈⋈⊞⋈⋈⊞⋈⊞⊞⋈⋈⊞⋈⊞⋈⊤⊥⋈⊞⋈⋈⊤∈⋈⊞⊤∈⋈≺⋈⊞⊤∈⋈⊞⊤⊥⋈⊥⋈⋈⊞⊞⊞⊤∈⋈∋∋⋈⊞⊞⊞⋈≺∋⋈⊞⊤∈∋⊤∈⋈⋈⊞⊤⊥⋈⊥⊤⋈⊥⊥⋈⊤∈⋈⋈≺∋⋈⋈≺⋈⋈⋈⋈⋈⊞⋈≺⊤⋈⋈⊥⋈⊥⊤⊥⊥⊤∈⋈⊤∈∈⋈⊞⋈⊞⊞⋈⊞⊞⋈⋈⊞⋈⊞⋈⋈⋈⊤∈⋈⊞⋈⊞⋈⋈⋈⊤∈⋈⋈⋈⊞⋈⋈⊞⋈⊞⊞⊞⊞⋈⊞⊞⊞⋈⊤∈⊞⋈⋈⋈⊞⊞⊞⋈⋈⋈⊞⊞⊞⋈⊞⋈⋈⊞⋈⊞⋈⋈⊞⋈⊞⋈⊞⋈⋈⋈⊤⋈⋈⋈⋈⋈∈⊤∈⊤∈⊤⊥⋈⋈⊥⊞⊤⊥⋈⋈⊥⊞≺⊤⊥⋈⋈⊥⊞≺⊤∈⊤⊥⋈⋈⊥⊞≺⊞⊤⊥⋈⊞≺∋∋∋∋⋈⊞⋈⋈⋈⋈⊞⋈⋈⊞⊞⋈⋈⋈⊞⋈⊞⋈⊞⊞⋈⋈∈⋈⊞⊞⊞⋈⋈⊞⋈⋈⋈⊞∈⋈⊤∈⋈⋈⋈⋈⊡∈⊤∈⋈⋈⊞⋈⋈⊞⊞⋈⊞⋈⊞⋈⋈⊞⋈⊞∈∋⊞⊞⋈⊞⊤⊥⋈⊞∈⊤∈⊞⋈⊞⊞⋈⊞⊞⋈⋈⊞⋈⊞⊞⊞⊞∈⋈⊤∈⋈⊤∈⊞∋∋⋈∋⋈⊞⊥⊤∈⊞⊞⋈⊤∈∋≺∋∋⋈⊞∈⊤∈∋⋈⋈⊤⋈∈⊞⊞⋈∈⊤∈⋈⋈⊤∈∋⊞⋈⊞⊤∈≺⋈⊞⊞⊞⊤⋈∈∋⋈≻∋⋈⊞⋈⊞⋈⊞⊤⊥⊤∈⊤∈∋⋈⋈≺⋈⋈⋈⋈⊞⊞⊞⊞⋈⊞⊞⊞⊞⊞⊞⊞⊞⋈⊡∈⋈⊤∈⋈⊤∈⊞⋈∋⊞⋈⊞⊥⊤∈⊞⊞⋈⊤∈∋≺∋∋∋⋈⊞∈⊤∈⊞⊞∈⊤∈∋∋⊤∈⋈⊞⊤∈≺∋∋∋∋∋∋∋∋⋈⋈⊞⋈⊞⊞⋈⋈⋈⊞⊞⋈⊞⊞⊞⊞⋈⊞⊥⊥⊞⋈⋈⋈⊞⊡⊡⊡⊡⊡⊡⊡⊡⊡⋈⋈⋈⊡⊡⊡⊡⊡⊡⊡⊡⊡⊡⋈⋈⊡⊡⊡⊡⊡⊡⊡⊡⊡⊡⊡⊡⊡⊡⊡⊡⊡⊡⊡⊡⋈⋈⊤∈⋈⊞⋈⋈⋈⋈≻⋈⋈≻⋈⋈≺∋≻⊤∈⋈⊞⋈⋈⋈≻⋈⋈≻⋈⋈⋈⊞⋈≺∋≻⋈⋈⋈⊙⋈⋈⊤⊥⊤∈⊤⋈∈⊞⊞⊞⊡∈⋈⋈⊞⊡⋈⊥⊤∈∋⊤∈⊤∈⋈⊞≺∋∋⋈⋈⊤⋈⊥⊤∈⊞⊡∈⊤∈⋈⊞⋈⊤⊥⊞⊤∈⋈⊤⋈∈∋⊥⊞⊤∈∋⋈⊞⋈≺∋⋈⊤∈⊤∈⊞⋈⊞⊞⊡∈⋈⋈⋈⋈⊞⊞⊤∈∋⊤∈⊤∈⋈⊞≺∋∋⋈⋈⊤∈⊤∈⊞⋈⊞⊞⊡∈⋈⋈⋈⋈⊞⊞⊤∈∋⊤∈⊤∈⋈⊞≺∋∋⋈⊤∈⊞⋈⊞⊞⊡∈⋈⋈⋈⋈⊞⊞⊤∈∋⊤∈⊤∈⋈⊞≺∋∋⋈⋈∋⋈⋈⋈⋈⋈⋈⋈⊙⋈⋈≻⋈⋈⋈⋈⊙⋈⋈≻⋈⋈⋈⋈⊙⋈⋈≻⋈⊤⋈⋈⊥⊤∈⋈⋈⋈⋈⊞≺∈⋈⋈⊡∈⊤∈⊞⊞⋈⊤∈⋈⋈⊞⊤∈∋∈∋⊞⋈∋⊤∈⋈⊞⊡∈⋈⊞⋈⊞⊡⋈⊥⊤∈∋⊤∈∋⋈⋈≺∋⋈⊤⋈⊥⊤∈⋈⊡∈⊤∈⊞⊞⋈⊤∈⋈⊤⋈∈∋∈∋⋈∋⊤∈⋈⊞⊡∈⋈⊞⋈⊞⊡⋈⊥⊤∈∋⊤∈∋⋈⊞≺∋⋈⊤⋈⊥⊤∈⋈⊡∈⊤∈⊞⊞⋈⊤∈⋈⊤⋈∈∋∈∋⋈∋⊤∈⋈⊞⊡∈⋈⊞⋈⊞⊡⋈⊥⊤∈∋⊤∈∋⋈⊞≺∋⋈⊤⋈⊥⊤∈⋈⊡∈⊤∈⊞⊞⋈⊤∈⋈⊤⋈∈∋∈∋⋈∋⊤∈⋈⊞⊡∈⋈⊞⋈⊞⊡⋈⊥⊤∈∋⊤∈∋⋈⊞≺∋⊤∈⊞⋈⋈⊤⋈⊥⊤∈⋈⊞⋈⊡∈⊤∈⋈⊞⋈⊤⊥⊞⋈⊤⋈∈∋⊥⊞≺∋⋈⋈⋈⊙⋈⊤⊥⊤∈⊤∈⊞⋈⊞⊞⋈⊡∈⋈⋈⊞⊡⋈⊥⊤∈∋⊤∈⊤∈⋈⊞≺∋∋⋈⋈⊤⊥⊤∈⊞⊡∈⊤∈⋈⊞⋈⊤⊥⊞⋈⊤⋈∈∋⊥⊞≺∋⊤∈⊤∈∋⊤∈⊤∈⋈⋈≻⋈⋈⊤⊥⊤∈⊞⊡∈⊤∈⋈⊤⋈∈∋∈≺⊤∈⊞⋈⊞⊞⊡∈⋈⋈⋈⋈⊞⊞⊤∈∋⊤∈⊤∈⋈⊞≺∋∋⋈⊤∈⊞⋈⊞⊞⊡∈⋈⋈⋈⋈⊞⊞⊤∈∋⊤∈⊤∈⋈⊞≺∋∋⋈⊤∈⊞⋈⊞⊞⊞∈⋈⋈⋈⋈⊞⊞⊤∈∋⊤∈⊤∈⋈⊞≺∋∋⋈⋈⊤⋈⊥⊤∈∋∋∋∋∋∋∋∋∋∋⋈⋈⊞≻∋⋈⊞⋈⊤∈∋∋⋈⋈⊡∈⊤∈⋈⋈⋈⋈⊙⊤∈⋈⊞⋈⊞⋈⋈⊤∈⋈⊞⊤∈∋⊡⋈⊞⋈⊞⋈⊙∋∋∋⊤∈∋∋⊤∈∋⋈⋈⋈≻∋∋⋈⋈⊞⋈≻∋⋈⋈⊞⋈≻∋∋∋∋⋈⋈⋈≻∋∋⋈⋈⋈⊞≻∋⋈⋈⊞⋈≻∋⋈⋈⋈≻∋⋈⋈⋈≻∋⋈⋈⋈≻∋∋∋∋∋∋∋∋⋈⋈⋈≻∋⋈≺∋⋈⋈≻∋⋈⋈≻∋⋈⋈⋈≻∋⋈⋈⋈⋈⋈⊤⋈∈⋈⋈⋈⋈⋈⊞⋈⋈⋈⋈⋈∋⋈⋈⊞⋈⊞⊤⊥⋈⋈⊥⊥⊞⋈⋈⋈⋈⋈⋈⋈⋈∋∋⋈⋈⋈⋈⋈⋈⋈≻⊞⋈⋈⋈⋈⋈⋈⊣
0x1b5ed320	⊢⋈⊞⋈⋈⊞⊙
0x1b5d4fd0	⊢⋈⋈⋈⋈⋈⋈⋈⊞⋈⋈⋈⊞⋈⊞⊤⋈⊥⊤⊥⊤⋈⊥⊤∈⋈⊞⊞⊥⋈⊤⊥⊤∈≻∋⋈⋈⋈⋈≻⊤∈⋈⋈≻⋈⋈≻⋈≻⋈⋈⋈⋈⊞⋈⊤⊥⋈⋈⋈≻⋈⊞⋈⋈⋈⋈⋈⋈⊙⊞⊤⊥⋈⋈≻⊞⋈⋈⋈⋈⋈⋈⊣
0x1b5e2130	⊢⋈⋈⋈⋈⋈⋈⋈⊞⋈⋈⋈⊞⋈⊞⊤⋈⊥⊤⊥⊤⋈⊥⊤∈⋈⊞⊞⊥⋈⊤⊥⊤∈≻∋⋈⋈⋈⋈≻⊤∈⋈⋈≻⋈⋈⊙⋈≻⋈⊞⋈⊤⊥⋈⋈⋈≻⋈⊞⋈⋈⋈⋈⋈⋈⊙⊞⊤⊥⋈⋈≻⊞⋈⋈⋈⋈⋈⋈⊣
0x1b5de650	⊢⋈⋈⋈⋈⋈⋈⊞⋈⊞⋈⊞⊤⋈⊥⊤⊥⊤⋈⊥⊤∈⋈⊤∈≻∋⋈⋈⊤∈⋈⋈⋈⋈≻⋈⋈⋈⊤∈⋈⋈≻∋⋈⊞∋⊞⊤⊥⋈⋈≻⋈⊞⋈⋈⋈⋈⋈⊙⊞⊤⊥⋈⋈≻⊞⋈⋈⋈⋈⋈⊣
0x1b5da950	⊢⋈⋈⋈⋈⋈⋈⋈⊞⋈⋈⋈⊞⋈⊞⊤⋈⊥⊤⊥⊤⋈⊥⊤∈⋈⊞⊞⊥⋈⊤⊥⊤∈≻∋⋈⋈⋈⋈≻⊤∈⋈⋈≻⋈⋈⊙⋈≻⋈⊞⋈⊤⊥⋈⋈⋈≻⋈⊞⋈⋈⋈⋈⋈⋈⊙⊞⊤⊥⋈⋈≻⊞⋈⋈⋈⋈⋈⋈⊣
0x1b5e2010	⊢⋈⋈⋈⋈⋈⋈⋈⊞⋈⋈⋈⊞⋈⊞⊤⋈⊥⊤⊥⊤⋈⊥⊤∈⋈⊞⊞⊥⋈⊤⊥⊤∈≻∋⋈⋈⋈⋈≻⊤∈⋈⋈≻⋈⋈⊙⋈≻⋈⊞⋈⊤⊥⋈⋈⋈≻⋈⊞⋈⋈⋈⋈⋈⋈⊙⊞⊤⊥⋈⋈≻⊞⋈⋈⋈⋈⋈⋈⊣
0x1b5e5c30	⊢⋈⋈⋈⋈⋈⊤∈∈⋈⋈⊤∈⊞⊞⊤∈∋≺⊡∈⋈⋈⊤∈∋⊤∈⋈⊞⊞⊞⊞⊞⊞≺⋈⋈⋈⋈⋈⋈⋈⊞⋈⋈⊤∈⋈⋈≺∈∈⊞∈⋈⋈⊞⋈⋈⋈⋈⋈⋈≺⋈⊞⊞≺∈⊞⋈⊞∈⋈⋈⋈⋈⋈⋈⋈⋈⋈⋈⋈⋈⋈⊞∋⊤⋈⊥⋈⊤∈⋈⊡∈⊞⊤∈⋈⋈⋈⊤⊞∋⋈⋈⋈⋈⋈⊤∈⋈⋈⋈⋈⋈⋈⋈⋈⋈⋈⋈⋈⋈⋈⋈⊤∈∋≺∋∋⊤∈∋⊣⋈⊞⋈⊞⊞⊞⊞⊤∈⋈⋈≻⋈⋈⊤⊥⋈⊤⊥⊞⊤⊥⊞⊥⊤⊥≺∋⊞⊤∈⋈⊤∈⊞⋈⋈⋈⋈⋈⋈⋈⋈⋈⋈⋈⋈⋈⋈⋈⋈⋈⋈⊞⋈⋈⋈⊞⊞⊡∈⋈⋈⊤⋈⋈⋈⋈⋈⋈⋈⋈⊞⋈⋈⋈⊤∈∋∈⋈⊡∈⋈⊤⋈⋈⋈⋈⋈⋈⋈⋈⋈⊞⋈⊞∈∋≺∋⊤⋈⋈⋈⋈⋈⋈⋈⋈⊞⊤∈⋈⋈⋈⋈⋈⋈⋈⋈⋈⋈⋈⋈⋈⊞⊞⋈⊞⊞⊤∈∋∋⋈⋈⋈⋈⋈⋈⋈⋈⋈⋈⋈⋈⋈⋈⋈⋈⋈⋈⋈⊞⋈⋈⋈⊞⊞⊡∈⋈⋈⋈⊤⋈⋈⋈⋈⋈⋈⋈⊞⋈⋈⋈⊤∈∋∈⋈⊡∈⋈⋈⊤⋈⋈⋈⋈⋈⋈⋈⋈⊞⋈⊞∈∋≺∋⊤⋈⋈⋈⋈⋈⋈⋈⋈⊞⊤∈∋⊣⋈⋈⋈⋈⋈⋈⋈⋈⋈⋈⋈⋈⋈⋈⋈⊞⋈⊞⊞⋈⋈⋈≻⋈⊤∈∋∋∋⋈⋈⊞⋈⋈⋈⋈⋈⋈≺⋈⋈⋈⋈⋈⋈⋈⊞⊤∈⋈⋈⋈⊞⊤∈⋈⋈⋈⋈⋈⋈⋈⋈⋈⋈⋈⋈⋈⊞⊞⊤⊥⊥⋈⋈⊤⋈⋈⋈⋈⊥⋈⊥⋈⋈⋈⊤⋈⊥⊤⊥⊥⊥⊤⊥⊥⋈⊤⋈⊥⊥⋈⋈⋈⋈⋈⋈⋈⋈⋈⋈⋈⋈⋈⋈⋈⋈⋈⊞⊞⊤⊥⊥⋈⊞⋈⊞⊤⋈⋈⋈⋈⊥⊥⋈⋈⊤⋈⊥⋈⊤⋈⊥⊥⋈⊥⊤⊥⊥⋈⋈⊤⋈⋈⊥⋈⊥⋈⋈⋈⋈⋈⋈⋈⋈⋈⋈⋈⋈⋈⋈⋈⋈⋈≺∋⋈⊞⊤∈⋈⋈⋈⋈⋈≺∈⊞⋈⋈⋈⋈⋈⋈⋈⊤∈⊞⋈⋈⋈⊡∈⋈⋈⋈⋈⊤∈⋈⋈⊤⋈∈∋⋈⊞≺∋⋈⋈⋈∋⊤⋈⊞⊞⊤∈∋∋⋈⋈⋈⊞⊤∈⊞⋈⋈⋈≺∈⊞⋈⋈⋈⋈⋈⋈⋈⊤∈⊞⋈⋈⋈⊡∈⋈⋈⋈⋈⊤∈⋈⋈⊤⋈∈∋⊞≺∋⋈⋈⋈∋⊤⋈⊞⊞⊤∈∋∋⋈⋈⊞⋈⊞⋈⋈⋈⊡∈⋈⋈⋈⊞⊤⋈⊥⊥⋈⋈⊥⋈⋈⊤⋈⊞⊤⋈⊥⋈⋈⊞⋈⊞⋈⋈⋈⋈⋈⋈⋈⋈⊞⊞∈∋⊞⊤∈⋈⋈⊤⋈⊥⋈⋈⋈⋈⊥⊥∋⊤∈⊞⊤∈∋≻⊣∋⊞⋈⋈⋈⋈⋈⋈⊣⊞⊞⊤∈∋≺∋∋⊤∈⋈⊞⋈⋈⋈⊞⊡∈⋈⋈⋈⋈⋈⋈⋈⋈⋈⋈⋈⋈⊞⊞⊤∈∋∋⊣
0x1b57cf5a	⊢⋈⊤∈∈⋈⊤∈∋⋈⋈∈⋈⋈⊤∈⋈⊤∋∈⋈⊞⊞⊤∈∋≺∋⋈⋈∈⋈⋈⊤∈⋈⊤∋∈⊞≺∋⊤∈⋈⊞⊞⊞⊞⊞⊞≺⋈⋈⋈⋈⋈⋈⊞⋈⋈⊤∈⋈⋈∈⊞∈⋈⋈⊞⋈⋈⋈⋈⋈⋈≺⋈⋈⊞⊞∈⊞⋈⊞∈⋈⊞⋈⋈⋈⋈⋈⋈⊞∋⊤⋈⊥⋈⊤∈⋈∈⊞⊤∈⋈⊞⊞⋈⊤∈⊞⊞⋈⊤∋⊥⋈⊞∋⋈⊞⋈⋈⊞⋈⋈⊤∈⋈⊤∋∈⊞∈⋈⋈⋈⋈⊞⊤∈∋⋈⋈⋈⊤∈∋∋∋⊤∈∋⋈⊣⋈⊞⋈⊞⊞⊞⊞⊤∈⋈⋈≻⋈⋈⋈⊤∈⋈⊤∋⊥⋈⊤∈⋈⊤∋⊥⋈⊤∈⊤∈⋈⊤∋⊥⊞⊥⋈≺∋∋⊞⊤∈⋈⋈⊤∈⋈⊤∋∈⋈⋈⋈⋈⋈⋈⋈⋈⋈⋈⋈⋈⋈⊞⋈⊞⋈⊤∈⋈⊞⊞∈⊤∈⊤∋⊥⋈⋈⊞⋈⋈⋈⋈⊤∈⊤∋⊥⊞⋈⋈⊞⋈⊞⋈⊞⊞⋈⋈⋈⋈⊞⊤∈∋⋈≺∋⊞⊤∈∈⋈⊤∈⊤∋⊥⊞⋈⊞⋈⋈⋈⋈⋈⊞⋈⋈⊤∈∋⊞⋈∋⋈⊞⋈⋈⊞⊤⊥⊞⊤⋈⊥⊥⋈⋈⊞⊤∈⋈⋈⊞⋈⋈⋈⋈⋈⋈⊞⊞⊞⊞⊞∋⋈⋈⋈⋈⋈⋈⋈⋈⋈⋈⋈⋈⋈⊞⋈⊞⋈⊤∈⋈⊞⊞∈⊤∈⊤∋⊥⋈⋈⊞⋈⋈⋈⋈⊤∈⊤∋⊥⋈⋈⊞⋈⋈⊞⊞⋈⋈⋈⋈⊞⊤∈∋⋈≺∋⊞⊤∈∈⋈⊤∈⊤∋⊥⋈⊞⋈⋈⋈⋈⋈⊞⋈⋈⊤∈∋⊞⋈∋⊞⊤⊥⊞⊤⊥⊥⋈⊞⋈⋈⋈⋈⋈⊞⋈⊤∈∋⊣⋈⊞⋈⋈⋈⋈⊞⋈⋈⋈⋈⋈⊞⊞⋈⋈⋈⋈≻⋈⋈⋈≺∋⊤∈∋∋⊤∈⋈⊞⊤⋈⋈∈⋈⊞⋈⋈⊞⊤∈⋈⋈⋈⋈⋈⋈⋈≻⋈⋈≻⋈⋈≺∋⋈⋈⊞⋈⊞⋈⋈≻⋈⊞⋈⋈⊞⋈⊞≻⋈⋈≺∋⋈⋈⊞⋈⋈⊞⋈⊞⋈⋈⊞⋈⋈⊞⋈⊞⊞∈⋈⊤⋈⊥⋈⊤∈⊞⋈⊞⋈⋈⊞⊞∈⋈⋈⋈⋈≻⊞⊞⊞∈∋∋⋈⊤⋈⋈⋈∈∋⋈⋈⋈≻∋⊞⋈⋈⋈⋈⋈⋈⊣⊤∈∋⋈⊞⊞⊞⊞∈⋈⋈⋈⋈⋈⋈⊞⊞⊤∈∋⊞⊞⊤∈∋≺∋∋⊣
0x1b5caae0	⊢⋈⋈⋈⋈⋈⊞⋈⋈≻⋈⊞∈⋈⋈⋈⋈∈⋈⋈⋈⋈⋈≻⋈⊤∈∋⋈⊞⋈⋈⋈⋈⊙≺∋⊞⋈⋈⋈⋈⊣
0x1b5e6870	⊢⋈⋈⋈⋈⋈⋈⊞⋈⋈⋈≻⋈⊞∈⋈⋈⋈∈⋈⋈⋈⋈⋈⋈≻⋈⊤∈∋⋈⊞⋈⋈⋈⋈⋈⊙≺∋⊞⋈⋈⋈⋈⋈⊣
0x1b5e59c0	⊢⋈⋈⋈⋈⋈⊞⋈⋈≻⋈⊞∈⋈⋈⋈∈⋈≺⋈⋈⋈⋈⋈⊞≻⊤∈⋈⋈⋈⊙≺⊞⋈⋈⋈⋈⋈⋈⋈⋈⋈⋈⋈⊙⊤∈⊙⋈⊞⊞⋈⋈⋈⋈⋈⊙⋈≺∋∋⋈⊤∈∋⊞⋈⋈⋈⋈⊣∋⋈⊞⋈⋈⋈⋈⊙
0x1b5d6f90	⊢⋈⋈⋈⋈⋈⋈⋈⋈⋈⋈⊤∈⊞⋈⊞⋈⊞⋈⋈≻⋈⋈⋈⋈⋈≻⋈⊞⊞⋈⋈⋈⋈≻⋈⋈∋⋈⋈⊤⊥⋈⊤⊥⊞⊤⊥⊞⊥⊤⊥⋈⊞⋈⋈⋈⋈⋈⋈⊣
0x1b5e3750	⊢⋈⋈⋈⋈⋈⋈⋈⋈⋈⋈⊤∈⊞⋈⊞⋈⊞⋈⋈≻⋈⋈⋈⋈⋈≻⋈⊞⊞⋈⋈⋈⋈≻⋈⋈∋⋈⋈⊤⊥⋈⊤⊥⊞⊤⊥⊞⊥⊤⊥⋈⊞⋈⋈⋈⋈⋈⋈⊣
0x1b5df8f0	⊢⋈⋈⋈⋈⋈⋈⋈⋈⋈⋈⊤∈⊞⋈⊞⋈⋈⊞⋈⋈≻⋈⋈⋈⋈⋈≻⋈⊞⊞⋈⋈⋈⋈≻⋈⋈∋⋈⋈⊤⊥⋈⊤⊥⊞⊤⊥⊞⊥⊤⊥⋈⊞⋈⋈⋈⋈⋈⋈⊣
0x1b5dcc00	⊢⋈⋈⋈⋈⋈⋈⋈⋈⋈⋈⊤∈⊞⋈⊞⋈⊞⋈⋈≻⋈⋈⋈⋈⋈≻⋈⊞⊞⋈⋈⋈⋈≻⋈⋈∋⋈⋈⋈⋈⊤∈⊥⊤⊥⊞⋈⋈⊤∈⊥⊤⊥⊞⊤∈⊤⋈∈≺⋈⋈⋈⊤∈∈⊤∈∋∋∋⋈⊤∈⊥⊤⊥⊞∋⊞⊥⋈≺∋∋∋∋⋈⊞⋈⋈⋈⋈⋈⋈⊣
0x1b5e67b0	⊢⋈⋈⋈⋈⋈⋈⋈⋈⋈⋈⊤∈⊞⋈⊞⋈⋈⊞⋈⋈≻⋈⋈⋈⋈⋈≻⋈⊞⊞⋈⋈⋈⋈≻⋈⋈∋⋈⋈⊤⊥⋈⊤⊥⊞⊤⊥⊞⊥⊤⊥⋈⊞⋈⋈⋈⋈⋈⋈⊣
0x1b5e4b20	⊢⋈⋈⋈⋈⋈⋈⋈⋈⋈⋈⊤∈⊞⋈⊞⋈⊞⋈⋈≻⋈⋈⋈⋈⋈≻⋈⊞⊞⋈⋈⋈⋈≻⋈⋈∋⋈⋈⊤⊥⋈⊤⊥⊞⊤⊥⊞⊥⊤⊥⋈⊞⋈⋈⋈⋈⋈⋈⊣
0x1b586105	⊢⋈⋈⋈⋈⋈⋈⋈⋈⋈⋈⊤∈⋈⊞⋈⊞⋈⊞⋈⋈⋈≻⋈⋈⋈⋈⋈≻⋈⊞⊞⋈⋈⋈⋈≻⋈∋⋈⋈⊤∈⋈⊤∋⊥⋈⊤∈⋈⊤∋⊥⊤∈⊤∈⋈⊤∋⊥⊞⊥⋈∋⋈⊞⋈⋈⋈⋈⋈⋈⊣
0x1b57d02c	⊢⋈⊤∈∈⋈⋈⊤∈⊞≺∋⋈⋈⋈⊤∈∈⊤∈⊤∋∈∋⋈⋈⋈⋈⋈⊤∈∋≺∋⋈⋈∋∋⊣
0x1b5dcaa0	⊢⋈⋈⋈⊤∈⋈⊥⊤⊥⊞∋⋈⋈⊤∈⋈⋈⋈⊤⊥⊤⊥⊞⊥⋈⊞⋈⋈≺∋⋈⊞⋈⊞⊞⊞⋈⊞⊞⋈⋈⋈⊤∈⋈⊥⊤⊥⊞∋⋈⋈⊤∈⋈⊥⊤⊥⊤⋈⊥⊤⊥⊥⊥⊤⊥⊥⋈⋈⋈⊤⋈⊥⊥≺∋⋈⊤∈⊥⋈⊤⊥⊤⋈⊥⊥⋈∋⋈⋈⋈⋈⋈⋈⋈⋈⋈⋈⋈⋈⋈⋈⋈⋈⊣
0x1b58620b	⊢⋈⊤∈⋈⊤∋⊥⋈⊤∈⋈⊤∋⊥⋈⋈⊞⋈⊞⋈⊞⊞⋈⋈⊞⊞⊞⊞⊞⊞⋈⊤∈⋈⊤∋⊥⋈⊤∈⋈⊤∋⊥⋈⊤⋈⊥⊤⊥⋈⊥⊤⊥⋈⊤∈⋈⊤∋⊥⊤⊥⊤⊥⊤⋈⊥⊥⋈⋈⋈⋈⋈⋈⋈⋈⋈⊣
0x1b5e47a0	⊢⋈⋈⋈⋈⋈⋈⋈⋈⋈⋈⊞⊞⊤⊥⊥⊞⊤⊥⊞⋈⊞⋈⋈⊞⋈⊞⊞⊞⋈⋈⋈⊤⋈⊥⊤⊥⊥⋈⊥⊤⊥⊥⋈⊤⋈⊥⊥⋈⋈⋈⋈⋈⋈⋈⋈⋈⋈⊞⊞⊤⊥⊥⊞⊤⊥⊞⋈⊞⊞⋈⊞⋈⊞⋈⊞⊞⊞⋈⋈⋈⊤⋈⊥⊤⊥⊥⊥⊤⋈⊥⊥⋈⊤⋈⊥⊥⋈⋈⋈⋈⋈⋈⋈⋈⋈⋈⊞⊞⊤⊥⊥⊥⋈⋈⋈⋈⊞⊤⋈⊞⊤⋈⊞⋈⋈⊤⊥⊞⋈⊞⊞⋈⋈⊞⊞⋈⊞⊞⊤⋈⊥⊥⋈⊥⋈⋈⋈⋈⊤⋈⊞⊤⋈⋈⋈⊥⋈⊞⊞⋈⊞⋈⋈⊞⊞⋈⊞⊞⊤⋈⊥⊥⋈⊥⋈⋈⋈⋈⊤⋈⊞⊤⋈⊞⊞⊞⊤⋈⊥⊞⋈⊞⋈⋈⋈⊞⊞⋈⊞⊞⊤⊥⊥⋈⊥⋈⋈⋈⋈⊤⋈⊞⊤⊞⊞⊞⊤⋈⊥⋈⋈⊞⊞⊞⊞⊞⊤∈⋈⊞⊞⊞⋈⊞⊤∈∋≻⊞⋈⋈⋈⋈⋈⋈⊣
0x1b5861d0	⊢⋈⋈⋈⋈⋈⋈⋈≻⊞⋈⋈≻⋈⋈⋈⋈⋈⋈≺⋈⋈⋈⋈⋈⋈⊞⋈⊞⊞⊞⋈⊞⋈⋈⊞⊞∈⋈⊤∈⋈⊤∋⊥⋈⊤∈⋈∋⋈⋈⋈⊤∈⋈⊤∋⊥⋈⊤∈⋈∋⋈⋈⊞⊞⊞⋈⊞⊞⊞⋈⋈⋈⊞⊞⊞⊞⊞⋈⊞∈∋⊞⊤∈⊞⊞⊤⊥⊥⋈⊥⋈⋈⊞⊞⊞⊞∋⊤∈⊞⊤∈∋≻⋈⋈⋈⋈⋈⊣⋈⋈⋈⋈⋈⊣
0x1b5d5110	⊢⊞⊞⋈⋈⋈≺∈⋈⋈⊤∈⋈⋈⋈⋈⊡∈⋈⋈⋈⋈⋈⊤∈⊞⋈⋈⊤∈∋⊞⊞≺∋⋈⋈⋈⋈∋⋈⊞⋈⊤∈∋⊣
0x1b5daa70	⊢⋈⋈⊞⊞⋈⊞⋈≺∈⋈⋈⋈⋈⊤∈∈⊤∈∋⋈⋈⋈⋈⋈⋈⋈⊤∈⋈≺∈⋈⋈⊞⊤∈∈⊤∈∋⋈⋈⋈⋈⊞∈∋⋈≺∋∋∋⋈⋈⋈⋈∋∋⋈⊞⊤∈∋⋈⋈⊣
0x1b5d6030	⊢⋈⋈⋈⋈⋈⋈⋈⊞⋈⋈⋈⋈⋈⊞⊞⊤⊞⋈⊤⋈⋈∈⊞⊞⋈⊞⊞⊞⋈⊞⊞⊞⊞⋈⊞⋈⊞⊤⋈⊥⋈≺∋⋈⋈⋈⋈⋈⋈⋈⊞⋈⋈⊞⊞⋈⋈⋈⋈⊡∈⋈⊞∈⊞⋈⋈⊤∈≺⋈⊞⋈⋈⊤∈⊤∈⋈⋈⊤∈⋈⊤∈⋈⋈⋈⋈⋈⋈⊞∈⋈⋈⊤∈⊞⊞⊤∈∋≺⋈⊤∈⋈⋈⋈⋈⋈⊡∈⋈⋈⊤∈⊞⊞⊤∈∋∋⋈∋∋⊤⋈⋈∈⊤∈⋈⋈⊤∈∋∋⋈⊡⋈⋈⊞≺⋈⋈∋⋈⊞⋈⊞⊞⊞⊡∈⋈⋈⋈⋈⋈⋈⋈⋈⋈⋈⋈⋈⋈⋈⋈⋈⊞⊞⊞∈∋⋈⋈≺⋈≺∋⊤∈⋈⋈⊤⊥⊞≺⋈⊤⋈⊥⋈⊞⊞⋈≻⋈⋈⋈⋈⋈≺∋∋∋∋⋈⊞⋈⊞⋈⊞⋈⋈⊞⊞⊞⋈⊞⊞⊤∈∋⋈⊞⋈⊞⋈⊞⋈⋈⋈≺∈∈⊤∈⊞⋈⋈⊞⋈⊞⋈⊤∈⋈⊞⊞∈∋⊞⊞⊞⊤⋈⋈∈⋈⊞⊞⊞⊞⊞⋈⋈⋈⊞≻⋈⋈⋈⋈⋈⋈⊤∈⊤∈∋⋈⋈⊞⊞⋈⊞⊞⊞⊞⊞⋈⊞≻⋈⋈⋈⋈⋈⋈⊤∈∋⊤∈∋⊤∈⊤⋈⊥⊤∈⋈⋈⊞⊞⊤⋈⊥⊞⋈⋈⊙⋈⊞⊤∈⋈⋈⊡∈⋈⋈⊞⊞⊤⊥⊥⋈⊥⋈⋈⋈⋈⊞⊞⊞⊤∈⋈⊞⊞⊤∈∋≺⋈⊡∈⋈⋈⋈⊞⊞⊤⊥⊥⊥⋈⋈⋈⋈⊞⊞⊞⊞⊞⊞⊤∈⊞⊤∈∋≺∋⋈⋈∋∋⊞⋈⋈⊙⋈⋈⋈⋈⋈≺∋∋∋∋⋈⋈⊤∈∋⊞⋈⊤∈∋≺∋⋈∋∋∋⋈⋈⊤∈⊤∈⊞⋈⋈⋈⋈⋈⋈⊣⋈⋈⊞⊞⊞⊞⊞⋈⊞⊞⋈⋈⋈⋈⋈⋈≺⋈⋈⋈⋈⋈⋈⋈⊞⋈⋈⋈⋈⊤∈⋈⋈⋈⋈∈⋈⋈⊡∈⊞∈⋈⋈⋈⋈⋈≻≺⋈⋈⊞⋈⊞⊞⊞⊞⊤∈⋈⋈≻⋈⋈⊤⊥⋈⊤⊥⊞⊤⊥⊞⊥⊤⊥≺∋⋈⊞⊞⋈⋈⋈⋈⊤∈⋈⋈⊤∈∋⊤∈⋈⊞⋈⋈⊞⋈⊞⊞⊞⋈⋈⋈∈⋈⊞⊞⊤∈⊞∈⋈⊞⋈⊞⊤⋈⊥⋈⋈⋈⋈⊞⊞⊤∈∋∋⊤∈⋈⋈⊞⋈⋈⊙⋈⊞∈⋈⊞⊞⋈⊡∈⋈⋈⋈⋈⊞⊞⊞∈∋∋⊤⋈⋈∈∋⊤∈⋈⊞⋈⋈⊞⋈⊞⊞⊞⊡∈⋈⊞⊞⊤∈∈⋈⊞⋈⊞⊤⋈⊥⋈⋈⋈⋈⊞⊞⊤∈∋∋⊤∈⋈⊞⋈⋈⋈⊙⋈⊞∈⋈⊞⊞⋈⋈⊡∈⋈⋈⋈⋈⊞⊞⊞∈∋⊤∈⋈⋈⋈⋈≻⋈⋈⋈⋈⊙⋈≻⋈⋈⊤⋈⋈⋈∈∋≺⊞⋈⊞⋈⋈⋈⋈⊞⊞⋈≺∋⊤∈⋈⋈⋈≻⋈⊞⋈⋈⋈⋈⋈⋈⋈≻⋈⋈⊤∈∋≺⋈⊞⋈⋈⋈⋈⊞⊞⋈≺∋∋∋⊤∈⋈⊞⊤⋈⋈∈⋈⋈⋈⋈⋈⊞⋈⋈⋈⋈⋈⋈⋈⊞⊞⊤⊥⊥⊞⊤⊥⊞⋈⊞⋈⋈⊞⋈⊞⊞⊞⋈⋈⋈⊤⋈⊥⊤⊥⊥⋈⋈⊥⊤⊥⋈⊥⋈⊤⋈⊥⊥⋈⊞⋈⋈⊞⊞⋈⊤⋈⋈⊥⊥⊞⋈⊤⊥⊞⊞⋈⋈⊞⋈⊞⊞⊞⋈⋈⋈⊤⋈⊥⊤⋈⋈⊥⊥⊥⊤⋈⋈⋈⋈⋈⊥⋈⊥⋈⋈⋈⊤⋈⋈⋈⊥⋈⊥⋈⋈⋈⋈⋈⋈⋈⋈⋈⋈⋈⋈⋈⋈⋈⋈⋈⋈⋈⋈⋈⋈⋈⋈⋈⋈≺∋⋈⊞⊤∈⋈⋈⊞⋈≺∈⋈⋈⊞⋈⋈⋈⋈⋈⊤∈⋈⊞⋈⋈⊡∈⋈⋈⋈⋈⋈⊤∈⊞⋈⋈⊤∈∋⊞⊞≺∋⋈⋈⋈⋈∋⊤⋈⊞⊞⊤∈∋∋⋈⊞⋈⊤∈⊞⋈⋈⊞≺∈⋈⋈⊞⋈⋈⋈⋈⋈⊤∈⋈⊞⋈⋈⊡∈⋈⋈⋈⋈⋈⊤∈⊞⋈⋈⊤∈∋⊞⊞≺∋⋈⋈⋈⋈∋⊤⋈⊞⊞⊤∈∋∋⋈⊞⋈⊞⋈⋈⋈⋈⋈≺∈⋈⊞⊞⋈⊤⊥⊥∈⋈∋⋈⋈⋈⋈⋈⋈⊤⋈⊞⋈⊤∈⋈≺∋⋈⋈⋈⊞⊞⊞⋈⋈⊞⊞⊞⋈⋈⋈⋈⊞⊞⊞⊞⊞⊡⋈∈∋⊞⊤∈⊞⊞⊤⊥⊥⋈⊥⋈⋈⋈⋈⊞⊞⊞⊞∋⊤∈⊞⊤∈∋∋≻∋∋⊣∋∋∋⊞⋈⋈⋈⋈⋈⋈⊣⊞⋈⋈⊞⊞≺∋
0x1b5e27f0	⊢⋈⋈⋈⋈⋈⋈⋈⊞⋈⋈⋈⋈⋈⊞⊞⊤⊞⋈⊤⋈⋈∈⊞⊞⋈⊞⊞⊞⋈⊞⊞⊞⊞⋈⊞⋈⊞⊤⋈⊥⋈≺∋⋈⋈⋈⋈⋈⋈⋈⊞⋈⋈⊞⊞⋈⋈⋈⋈⊡∈⋈⊞∈⊞⋈⋈⊤∈≺⋈⊞⋈⋈⊤∈⊤∈⋈⋈⊤∈⋈⊤∈⋈⋈⋈⋈⋈⋈⊞∈⋈⋈⊤∈⊞⊞⊤∈∋≺⋈⊤∈⋈⋈⋈⋈⋈⊡∈⋈⋈⊤∈⊞⊞⊤∈∋∋⋈∋∋⊤⋈⋈∈⊤∈⋈⋈⊤∈∋∋⋈⊡⋈⋈⊞≺⋈⋈∋⋈⊞⋈⊞⊞⊞⊡∈⋈⋈⋈⋈⋈⋈⋈⋈⋈⋈⋈⋈⋈⋈⋈⋈⊞⊞⊞∈∋⋈⋈≺⋈≺∋⊤∈⋈⋈⊤⊥⊞≺⋈⊤⋈⊥⋈⊞⊞⋈≻⋈⋈⋈⋈⋈≺∋∋∋∋⋈⊞⋈⊞⋈⊞⋈⋈⊞⊞⊞⋈⊞⊞⊤∈∋⋈⊞⋈⊞⋈⊞⋈⋈⋈≺∈∈⊤∈⊞⋈⋈⊞⋈⊞⋈⊤∈⋈⊞⊞∈∋⊞⊞⊞⊤⋈⋈∈⋈⊞⊞⊞⊞⊞⋈⋈⋈⊞≻⋈⋈⋈⋈⋈⋈⊤∈⊤∈∋⋈⋈⊞⊞⋈⊞⊞⊞⊞⊞⋈⊞≻⋈⋈⋈⋈⋈⋈⊤∈∋⊤∈∋⊤∈⊤⋈⊥⊤∈⋈⋈⊞⊞⊤⋈⊥⊞⋈⋈⊙⋈⊞⊤∈⋈⋈⊡∈⋈⋈⊞⊞⊤⊥⊥⋈⊥⋈⋈⋈⋈⊞⊞⊞⊤∈⋈⊞⊞⊤∈∋≺⋈⊡∈⋈⋈⋈⊞⊞⊤⊥⊥⊥⋈⋈⋈⋈⊞⊞⊞⊞⊞⊞⊤∈⊞⊤∈∋≺∋⋈⋈∋∋⊞⋈⋈⊙⋈⋈⋈⋈⋈≺∋∋∋∋⋈⋈⊤∈∋⊞⋈⊤∈∋≺∋⋈∋∋∋⋈⋈⊤∈⊤∈⊞⋈⋈⋈⋈⋈⋈⊣⋈⋈⊞⊞⊞⊞⊞⋈⊞⊞⋈⋈⋈⋈⋈⋈≺⋈⋈⋈⋈⋈⋈⋈⊞⋈⋈⋈⋈⊤∈⋈⋈⋈⋈∈⋈⋈⊡∈⊞∈⋈⋈⋈⋈⋈≻≺⋈⋈⊞⋈⊞⊞⊞⊞⊤∈⋈⋈≻⋈⋈⊤⊥⋈⊤⊥⊞⊤⊥⊞⊥⊤⊥≺∋⋈⊞⊞⋈⋈⋈⋈⊤∈⋈⋈⊤∈∋⊤∈⋈⊞⋈⋈⊞⋈⊞⊞⊞⋈⋈⋈∈⋈⊞⊞⊤∈⊞∈⋈⊞⋈⊞⊤⋈⊥⋈⋈⋈⋈⊞⊞⊤∈∋∋⊤∈⋈⋈⊞⋈⋈⊙⋈⊞∈⋈⊞⊞⋈⊡∈⋈⋈⋈⋈⊞⊞⊞∈∋∋⊤⋈⋈∈∋⊤∈⋈⊞⋈⋈⊞⋈⊞⊞⊞⊡∈⋈⊞⊞⊤∈∈⋈⊞⋈⊞⊤⋈⊥⋈⋈⋈⋈⊞⊞⊤∈∋∋⊤∈⋈⊞⋈⋈⋈⊙⋈⊞∈⋈⊞⊞⋈⋈⊡∈⋈⋈⋈⋈⊞⊞⊞∈∋⊤∈⋈⋈⋈⋈≻⋈⋈⋈⋈⊙⋈≻⋈⋈⊤⋈⋈⋈∈∋≺⊞⋈⊞⋈⋈⋈⋈⊞⊞⋈≺∋⊤∈⋈⋈⋈≻⋈⊞⋈⋈⋈⋈⋈⋈⋈≻⋈⋈⊤∈∋≺⋈⊞⋈⋈⋈⋈⊞⊞⋈≺∋∋∋⊤∈⋈⊞⊤⋈⋈∈⋈⋈⋈⋈⋈⊞⋈⋈⋈⋈⋈⋈⋈⊞⊞⊤⊥⊥⊞⊤⊥⊞⋈⊞⋈⋈⊞⋈⊞⊞⊞⋈⋈⋈⊤⋈⊥⊤⊥⊥⋈⋈⊥⊤⊥⋈⊥⋈⊤⋈⊥⊥⋈⊞⋈⋈⊞⊞⋈⊤⋈⋈⊥⊥⊞⋈⊤⊥⊞⊞⋈⋈⊞⋈⊞⊞⊞⋈⋈⋈⊤⋈⊥⊤⋈⋈⊥⊥⊥⊤⋈⋈⋈⋈⋈⊥⋈⊥⋈⋈⋈⊤⋈⋈⋈⊥⋈⊥⋈⋈⋈⋈⋈⋈⋈⋈⋈⋈⋈⋈⋈⋈⋈⋈⋈⋈⋈⋈⋈⋈⋈⋈⋈⋈≺∋⋈⊞⊤∈⋈⋈⊞⋈≺∈⋈⋈⊞⋈⋈⋈⋈⋈⊤∈⋈⊞⋈⊞⋈⊡∈⋈⋈⋈⋈⋈⊤∈⊞⋈⋈⊤∈∋⊞⊞≺∋⋈⋈⋈⋈∋⊤⋈⊞⊞⊤∈∋∋⋈⊞⋈⊤∈⊞⋈⋈⊞≺∈⋈⋈⊞⋈⋈⋈⋈⋈⊤∈⋈⊞⋈⊞⋈⊡∈⋈⋈⋈⋈⋈⊤∈⊞⋈⋈⊤∈∋⊞⊞≺∋⋈⋈⋈⋈∋⊤⋈⊞⊞⊤∈∋∋⋈⊞⋈⊞⋈⋈⋈⋈⋈≺∈⋈⊞⊞⋈⊤⊥⊥∈⋈∋⋈⋈⋈⋈⋈⋈⊤⋈⊞⋈⊤∈⋈≺∋⋈⋈⋈⊞⊞⊞⋈⋈⊞⊞⊞⋈⋈⋈⋈⊞⊞⊞⊞⊞⊡⋈∈∋⊞⊤∈⊞⊞⊤⊥⊥⋈⊥⋈⋈⋈⋈⊞⊞⊞⊞∋⊤∈⊞⊤∈∋∋≻∋∋⊣∋∋∋⊞⋈⋈⋈⋈⋈⋈⊣⊞⋈⋈⊞⊞≺∋
0x1b5dea10	⊢⋈⋈⋈⋈⋈⋈⋈⊞⋈⋈⋈⋈⋈⊞⊞⊤⊞⋈⊤⋈⋈∈⊞⊞⋈⊞⊞⊞⋈⊞⊞⊞⊞⋈⊞⋈⊞⊤⋈⊥⋈≺∋⋈⋈⋈⋈⋈⋈⋈⊞⋈⋈⊞⋈⊞⋈⋈⋈⊡∈⋈⊞∈⊞⋈⊤∈≺⋈⋈⋈⊤∈⊤∈⋈⋈⊤⋈∈⋈⊤∈⋈⋈⋈⋈⋈⊡∈⋈⋈⊤∈⊞⊞⊤∈∋≺⊤∈⋈⋈⋈⋈⋈⊡∈⋈⋈⊤∈∋⋈⊞⊞⊤∈∋∋⋈⋈≺∋⊤⋈∈⊤∈⋈⋈⊤∈∋∋⋈⊡⋈⋈⊞≺⋈⋈⋈∋⋈⋈⋈⋈⋈⋈⊞⊡∈⋈⋈⋈⋈⋈⋈⋈⋈⋈⋈⋈⋈⊞⊞⊞∈∋⋈⋈≺⋈≺∋⊤∈⋈⊤⊥⊞≺⊤⋈⊥⋈⋈⊞⋈⊞≻⋈⋈⋈⋈⋈≺∋∋∋∋⋈⊞⋈⊞⋈⊞⋈⋈⊞⊞⊞⋈⊞⊞⊤∈∋⋈⋈⋈⊞⋈⊞⋈⋈⋈⋈≺∈∈⊤∈⊞⋈⋈⊞⋈⊞⋈⊤∈⋈⊞⊞∈∋⋈⊞⋈⋈⋈⊤⋈⋈∈⋈⊞⊞⊞⊞⊞⋈⋈⋈⊞≻⋈⋈⋈⋈⋈⋈∋⊤∈⋈⋈⋈⋈⊞⊞⊞⊞⊞⋈⊞≻⋈⋈⋈⋈⋈⋈∋⊤⋈∈⊤∈⊤⋈⊥⊤∈⋈⋈⋈⊤⋈⊥⊞⋈⋈⋈⊙⋈⊞⊤∈⋈⋈⊡∈⋈⊞⊞⊤⊥⊥⋈⊥⋈⋈⋈⋈⋈⋈⊞⊤∈⋈⋈⋈⊤∈∋≺⋈⊞∈⋈⋈⋈⊞⊞⊤⊥⊥⊥⋈⋈⋈⋈⋈⋈⋈⋈⊞⊤∈⊞⊤∈∋≺∋⋈⋈∋∋⊞⋈⋈⊙⋈⋈⋈⋈⋈⋈∋∋∋⋈⋈⊤∈∋⊞⋈⊤∈∋≺∋⋈∋∋∋⋈⋈⊤∈⊤∈⊞⋈⋈⋈⋈⋈⋈⊣⋈⋈⊞⊞⊞⊞⊞⋈⊞⊞⋈⋈⋈⋈⋈⋈≺⋈⋈⋈⋈⋈⋈⋈⊞⋈⋈⋈⋈⋈⊤∈⋈⋈⋈∈⋈⊡∈⊞∈⋈⋈⋈⋈⋈≻≺⋈⋈⊞⋈⊞⊞⊞⊞⊤∈⋈⋈≻⋈⋈⋈⊤⊥⋈⊤⊥⊞⊤⊥⊞⊥⊤⊥≺∋⋈⊞⊞⋈⊞⋈⋈⋈⋈⊤∈⋈⋈⊤∈∋⊤∈⋈⋈⋈⋈⊞⋈⊞∈⋈⋈⊤∈⊡∈⊞⋈⊤⋈⋈⊥⋈⋈⋈⋈⊞⊞⊤∈∋∋⊤∈⋈⋈⋈⋈⋈⊙⋈⊞∈⋈⋈⋈⋈⋈⋈⊡∈⋈⋈⋈⋈⊞⊞⊞∈∋∋⊤⋈∈∋⊤∈⋈⋈⋈⋈⊞⋈⊞∈⋈⋈⊤∈⊡∈⋈⊞⊤⋈⊥⋈⋈⋈⋈⋈⊞⊞⊤∈∋∋⊤∈⋈⋈⋈⋈⋈⊙⋈⊞∈⋈⋈⋈⋈⋈⋈⋈⊡∈⋈⋈⋈⋈⊞⊞⊞∈∋⊤⋈∈⋈⋈⋈⋈≻⋈⊞⋈⋈⋈⊙⋈≻⋈⋈⊤⋈∈∋≺⊞⋈⋈⋈⋈⋈⊞⊞⋈≺∋⊤∈⋈⋈⋈≻⋈⋈⋈⋈⋈⋈⋈≻⋈⊤∈∋≺⋈⋈⋈⋈⋈⊞⊞⋈≺∋∋∋⊤∈⋈⊞⊤⋈∈⋈⋈⋈⋈⋈⋈⋈⋈⋈⋈⋈⋈⋈⊞⊞⊤⊥⊥⋈⋈⊤⋈⋈⋈⋈⊥⋈⊥⋈⋈⋈⊤⋈⊥⊤⊥⊥⋈⊥⊤⊥⊥⋈⊤⋈⊥⋈⊥⋈⋈⋈⋈⋈⋈⊞⊞⋈⊤⊥⊥⋈⋈⋈⊞⊞⋈⊤⋈⋈⋈⋈⊥⊥⋈⋈⊤⋈⊥⋈⊤⋈⊥⊥⊥⊤⋈⋈⋈⋈⋈⋈⋈⋈⋈⋈⋈⋈⋈⊥⋈⊥⋈⋈⋈⊤⋈⋈⊥⋈⊥⋈⋈⋈⋈⋈⋈⋈⋈⋈⋈⋈⋈⋈⋈⋈⋈⋈⋈⋈≺∋⋈⊞⊤∈⋈⋈⋈⋈≺∈⊞⋈⋈⋈⋈⋈⋈⋈⊤∈⊞⋈⋈⋈⊡∈⋈⋈⋈⋈⊤∈⋈⋈⊤⋈∈∋⊞≺∋⋈⋈⋈∋⊤⋈⊞⊞⊤∈∋∋⋈⋈⋈⊤∈⊞⋈⋈⋈≺∈⊞⋈⋈⋈⋈⋈⋈⋈⊤∈⊞⋈⋈⋈⊡∈⋈⋈⋈⋈⊤∈⋈⋈⊤⋈∈∋⊞≺∋⋈⋈⋈∋⊤⋈⊞⊞⊤∈∋∋⋈⋈⊞⋈⋈⋈⋈≺∈⋈⋈⊞⊞⋈⊤⊥⊥∈⋈∋⋈⋈⋈⋈⋈⋈⊤⋈⊞⋈⊤∈⋈≺∋⋈⋈⋈⋈⋈⋈⋈⋈⊞⋈⊞⋈⋈⋈⋈⋈⋈⋈⋈⊞⋈⊞∈∋⊞⊤∈⊞⊞⊤⊥⊥⋈⊥⋈⋈⋈⋈⋈⋈⋈⋈∋⊤∈⊞⊤∈∋∋≻∋∋⊣∋∋∋⊞⋈⋈⋈⋈⋈⋈⊣⊞⋈⊞⊞⋈≺∋
0x1b5dbb60	⊢⋈⋈⋈⋈⋈⋈⋈⊞⋈⋈⋈⋈⋈⊞⊞⊤⊞⋈⊤⋈⋈∈⊞⊞⋈⊞⊞⊞⋈⊞⊞⊞⊞⋈⊞⋈⊞⊤⋈⊥⋈≺∋⋈⋈⋈⋈⋈⋈⋈⊞⋈⋈⊞⋈⊞⋈⋈⋈⊡∈⋈⊞∈⊞⋈⋈⊤∈≺⋈⊞⋈⋈⋈⊤∈⊤∈⋈⋈⊤∈⋈∈⊤∈∋⊤∈⋈⋈⋈⋈≺∈⋈⋈⊤∈⋈∈⊤∈∋⊞⊞⋈⊤∈∋⊞∋⊞≺⋈⊞≺∋⋈⋈⊤∈⋈⋈⋈⋈≺∈⋈⋈⊤∈∈⋈⊤∈∋⊞⊞⊤∈∋∋⋈≺∋∋∋⋈∋∋⊤⋈∈⊤∈⋈≺⋈⊤∈⋈⋈⊞⋈⊞⋈⊞⊞⊞⊡∈⋈⋈⋈⋈⋈⋈⋈⋈⋈⋈⋈⋈⋈⋈⋈⋈⊞⊞⊞∈∋⋈⋈⋈≺⋈∋∋∋⋈⋈≺∋⊤∈⋈⋈⋈⊤⊥⊞⊤⋈⊥⋈⋈⊞⊞≻⋈⋈⋈⋈⋈≺∋∋⋈⊞⋈⊞⋈⊞⋈⋈⊞⊞⊞⋈⊞⊞⋈⊤∈∋⋈⊞⋈⊞⋈⊞⋈⋈⋈≺∈∈⊤∈⊞⋈⋈⊞⋈⊞⋈⊤∈⋈⊞⊞∈∋⊞⊞⊞⊤⋈⋈∈⋈⊞⊞⊞⊞⊞⋈⋈⋈⊞≻⋈⋈⋈⋈⋈⋈⊤∈⊤∈∋⋈⋈⊞⊞⋈⊞⊞⊞⊞⊞⋈⊞≻⋈⋈⋈⋈⋈⋈⊤∈∋⊤∈∋⊤∈⊤⋈⊥⊤∈⋈⋈⊞⊞⊤⋈⊥⊞⋈⋈⊙⋈⊞⊤∈⋈⋈⊡∈⋈⋈⊤∈⋈⊥⊤⊥⊞⋈⊞⊤⋈⊥⋈⋈⋈⊞⋈≺∋⋈⋈⋈⋈⊞⊞⊞⊤∈⊞⊞⊤∈∋≺⋈⊡∈⋈⊞⋈⊞⋈⋈⊤∈⋈⊥⊤⊥⋈⊞∈⋈∋∋⋈⋈⋈⋈⋈⊞⋈⊞⊞⊞⊞⊤∈⊞⊤∈∋≺∋⋈⋈∋∋⊞⋈⋈⊙⋈⋈⋈⋈⋈≺∋∋∋∋⋈⋈⊤∈∋⊞⋈⊤∈∋≺∋⋈∋∋∋⋈⋈⊤∈⊤∈⊞⋈⋈⋈⋈⋈⋈⊣⋈⋈⊞⊞⊞⊞⊞⋈⊞⊞⋈⋈⋈⋈⋈⋈≺⋈⋈⋈⋈⋈⋈⋈⊞⋈⋈⋈⋈⋈⊤∈⋈⋈⋈∈⋈⋈⊡∈⊞∈⋈⋈⋈⋈⋈≻≺⋈⊞⋈⊞⊞⊞⊞⋈⊤∈⋈≻⋈⋈≺⋈⋈⋈⋈⊤∈⊥⊤⊥⊞⋈⋈⊤∈⊥⊤⊥⊞⋈⊤⋈∈⊡⋈⊤⋈⋈∈≺⋈⋈⋈⊤∈⋈⋈∈⋈⊤∈≺⋈≺∋∋∋⋈⊤∈⊥⊤⊥⊞∋⊞⊥⋈∋∋∋∋∋⋈⋈⊞⊞⋈⋈⋈⋈⊤∈⋈⋈⊤∈∈⋈⋈⊤∈∋∋⊤∈⋈⊞⋈⊞⋈⋈⋈⋈∈⋈⊞⊞≺∈⊤∈⊤∈⋈⋈⊞⋈⋈⊙⋈⋈⊞∈⋈⊞⊞⋈∈⋈⋈⋈⋈⊞⊞⊞∈∋∋⊤⋈∈∋∋⊤∈⋈⊞⋈⊞⊞⋈⊞∈⋈⊞⊞≺∈⊤∈⊤∈⋈⊞⋈⋈⋈⋈⊙⋈⋈⊞∈⊞⋈⊞⋈⋈⊡∈⋈⋈⋈⋈⊞⊞⊞∈∋⊤∈⋈⋈⋈≻⋈⋈⋈⋈⊙⋈≻⋈⋈⊤⋈⋈∈∋≺⊞⋈⊞⋈⋈⋈⋈⊞⊞⋈≺∋⋈⋈⊤∈⋈⊥⊤⊥⊞⊞⊤⋈⊥⋈⊞⊞⋈≺∋⊞⊞⋈⋈⋈⋈⊞⋈∋⊤∈⋈⋈⋈≻⋈⊞⋈⋈⋈⋈⋈⋈≻⋈⊤∈∋≺⋈⊞⋈⋈⋈⋈⊞⊞⋈≺∋⋈⋈⊤∈⋈⊥⊤⊥⊞⊞⊤⋈⊥⋈⊞⋈⋈≺∋⊞⊞⋈⋈⋈⋈⊞⋈∋∋∋⊤∈⋈⋈⊞⋈⊞⋈⊞⊤⋈⋈∈⋈⋈⋈⋈⋈⋈⋈⋈⋈⋈≻⋈⋈≻⋈≺∋⋈⊞⋈⊤∈⋈⋈⊞⊞⋈≺∈⋈⋈⋈⊞⋈⋈⋈⋈⋈⋈⊞⋈⋈⊤∈∈⊤∈∋⊞⋈⋈⋈⋈⋈⋈⊤∈⋈≺∈⋈⋈⊞⊤∈∈⊤∈∋⋈⋈⋈⋈⊞∈∋⋈≺∋∋∋⋈⋈⋈⋈∋∋⊤⋈⊞⊞⊤∈∋∋⊤⋈∈⋈⋈⊞⊞≺∈⋈⋈⋈⊞⋈⋈⋈⋈⋈⊞⋈⋈⊤∈∈⊤∈∋⊞⋈⋈⋈⋈⋈⋈⊤∈⋈≺∈⋈⋈⊞⊤∈∈⊤∈∋⋈⋈⋈⋈⊞∈∋⋈≺∋∋∋⋈⋈⋈⋈∋∋⋈⊤⋈⊞⊞⊤∈∋∋⋈⊞⋈⋈⊞⋈⊞⊞⋈⋈≺∈⋈⋈⋈⋈⋈⊤∈⋈⊥⊤⊥⋈⊞∈⋈∋∋⋈⋈⋈⋈⋈⋈⋈⊤∈⋈⊥⊤⊥⋈⊞∈⋈≺∋∋⋈⊞⊞⊞⋈⊞⊞⊞⋈⋈⋈⋈⋈⊞⊞⊞⊞⊞⊞∈∋⊞⊤∈⊞⊞⊤⊥⊥⋈⊥⋈⋈⋈⋈⊞⊞⊞⊞∋⋈⊤∈⊞⊤∈∋∋≻∋∋⊣∋∋∋⊞⋈⋈⋈⋈⋈⋈⊣⊞⋈⋈⊞⊞≺∋
0x1b5e3810	⊢⋈⋈⋈⋈⋈⋈⋈⊞⋈⋈⋈⋈⋈⊞⊞⊤⊞⋈⊤⋈⋈∈⊞⊞⋈⊞⊞⊞⋈⊞⊞⊞⊞⋈⊞⋈⊞⊤⋈⊥⋈≺∋⋈⋈⋈⊞⋈⋈⊞⊞⋈⋈⋈⋈∈⋈⊞∈⊞⋈⋈⊤∈≺⋈⊞⋈⋈⊤∈⊤∈⋈⋈⊤∈⋈⊤∈⋈⋈⋈⋈⋈⋈⊡∈⋈⋈⊤∈⊞⊞⊤∈∋≺⊤∈⋈⋈⋈⋈⋈⋈∈⋈⋈⊤∈⊞⊞⊤∈∋∋⋈∋∋⊤⋈⋈∈⊤∈⋈⊤∈⋈⊞≺⋈⋈∋⋈⊞⊞⊞⊡∈⋈⋈⋈⋈⊞⊞⊞∈∋≺∋⋈∋∋⋈⊡⋈≺∋⊤∈⋈⋈⊤⊥⊞≺⋈⊤⋈⊥⋈⊞⊞⋈≻⋈⋈⋈⋈⋈≺∋∋∋⋈⊞⋈⊞⋈⊞⋈⋈⊞⊞⊞⋈⊞⊞⊤∈∋⋈⊞⋈⊞⋈⊞⋈⋈⋈≺∈∈⊤∈⊞⋈⋈⊞⋈⊞⋈⊤∈⋈⊞⊞∈∋⊞⊞⊞⊤⋈⋈∈⋈⊞⊞⊞⊞⊞⋈⋈⋈⊞≻⋈⋈⋈⋈⋈⋈⊤∈⊤∈∋⋈⋈⊞⊞⋈⊞⊞⊞⊞⊞⋈⊞≻⋈⋈⋈⋈⋈⋈⊤∈∋⊤∈∋⊤∈⊤⋈⊥⊤∈⋈⋈⊞⊞⊤⋈⊥⊞⋈⋈⊙⋈⊞⊤∈⋈⋈⊡∈⋈⋈⊞⊞⊤⊥⊥⋈⊥⋈⋈⊞⊞⊞⊤∈⋈⊞⊞⊤∈∋≺⋈⊡∈⋈⋈⊞⊞⊤⋈⊥⊥⊥⋈⋈⊞⊞⊞⊞⊞⊞⊤∈⊞⊤∈∋≺∋⋈⋈∋∋⊞⋈⋈⊙⋈⋈⋈⋈⋈≺∋∋∋∋⋈⋈⊤∈∋⊞⋈⊤∈∋≺∋⋈∋∋∋⋈⋈⊤∈⊤∈⊞⋈⋈⋈⋈⋈⋈⊣⋈⋈⊞⊞⊞⊞⊞⋈⊞⊞⋈⋈⋈⋈⋈⋈≺⋈⋈⋈⋈⋈⋈⋈⊞⋈⋈⋈⋈⊤∈⋈⋈⋈⋈⋈∈⋈⊡∈⊞∈⋈⋈⋈⋈⋈≻≺⋈⊞⋈⊞⊞⊞⊞⊤⋈⋈∈⋈⋈≻⋈⋈⋈⊤⊥⋈⊤⊥⊞⊤⊥⊞⊥⊤⊥≺∋⋈⊞⋈⊞⋈⋈⋈⋈⋈⊤∈⋈⊤∈∋⊤∈⋈⊞⋈⊞⋈⋈⊡∈⋈⊞⋈⊥⊞⊞⊤∈∈⋈⋈⊞⊤⊥⊥⋈⊞⋈⋈⊞⊤⋈⋈⊥⋈⋈⊞⋈⋈⋈⊞⊤⊥⊥⋈⊞⋈⋈⋈⋈⊞⊞⊤⋈⊥⋈⋈⊞⊞⊤∈∋∋⋈⊞⊞⊤∈⊡∈⋈⊞⋈⊞⊤⋈⊥⋈⋈⊞⊞⊤∈∋∋⋈⊤∈⋈⊞⋈⋈⋈⊙⋈⋈⋈⊞∈⋈⊞⋈⊡∈⋈⋈⊞⊞⊞∈∋∋⊤⋈∈∋⊤∈⋈⊞⋈⊞⊞⋈⋈⊡∈⋈⊞⋈⊥⊞⊞⊤∈∈⋈⋈⋈⊞⊤⊥⊞⋈⋈⊞⊤⋈⋈⊥⋈⊞⋈⋈⊞⊤⋈⋈⊥⋈⋈⊞⋈⋈⊞⋈⊞⊤⋈⊥⋈⋈⊞⊞⊤∈∋∋⋈⊞⊞⊤∈⊡∈⋈⊞⋈⊞⊤⋈⊥⋈⋈⊞⊞⊤∈∋∋⊤∈⋈⊞⋈⋈⋈⊙⋈⋈⊞∈⊞⋈⊞⋈⋈⊡∈⋈⋈⊞⊞⊞∈∋⊤⋈∈⋈⋈⋈≻⋈⋈⋈⋈⊙⋈≻⋈⋈⊤⋈∈∋≺⊞⋈⊞⋈⋈⊞⊞⋈≺∋⊤∈⋈⋈⋈≻⊞⋈⋈⋈⋈⋈≻⋈⊤∈∋≺⋈⊞⋈⋈⊞⊞⋈≺∋∋∋⊤∈⋈⊞⊤∈⊤∈⋈⋈⋈⊞⋈⋈⋈⋈⋈⊞⊞⊤⊥⊥⊞⊤⊥⊞⋈⊞⋈⋈⊞⋈⊞⊞⊞⋈⋈⋈⊤⋈⊥⊤⊥⊥⋈⋈⊥⊤⊥⋈⊥⋈⊤⋈⊥⋈⊥⋈⊞⋈⋈⊞⊞⊤⋈⊥⊥⊞⊤⊥⊞⊞⋈⋈⋈⊞⋈⊞⊞⊞⋈⋈⋈⊤⋈⊥⊤⋈⋈⊥⊥⊥⊤⋈⋈⋈⊥⊥⋈⋈⋈⊤⋈⋈⊥⋈⋈⊥⋈⋈⋈⋈⋈⋈⋈⋈⋈⋈⋈⋈⋈≺⋈⊞⋈⋈⋈≻⋈⊞⋈⊞⋈⊞≻⋈≺∋∋⋈⊞⊤∈⋈⋈⊞⋈≺∈⋈⋈⊞⋈⋈⋈⊤∈⊞⋈⋈⊡∈⋈⋈⊤∈⋈⋈⊤⋈∈∋⊞≺∋⋈⋈∋⊤⋈⊞⊞⊤∈∋∋⋈⊞⋈⊤∈⊞⋈⋈⊞≺∈⋈⋈⊞⋈⋈⋈⊤∈⊞⋈⋈⊡∈⋈⋈⊤∈⋈⋈⊤⋈∈∋⊞≺∋⋈⋈∋⊤⋈⊞⊞⊤∈∋∋⋈⊞⋈⊞⋈⋈⋈⋈⋈≺∈⋈⋈⊞⊞⋈⊤⊥⊥∈⋈∋⋈⋈⋈⋈⋈⊤⋈⊞⋈⊤⋈∈⋈≺∋⋈⋈⋈⊞⊞⊞⋈⋈⊞⊞⊞⋈⋈⋈⊞⊞⊞⊞⊞⋈⊞∈∋⊞⊤∈⊞⊞⊤⊥⊥⋈⊥⋈⋈⊞⊞⊞⊞∋⊤∈⊞⊤∈∋∋≻∋∋⊣∋∋∋⊞⋈⋈⋈⋈⋈⋈⊣⊞⋈⋈⊞⊞≺∋
0x1b571b00	⊢⋈⋈⋈⋈⊞⊞∈⊞≻⋈⋈⋈⊤⊥⊤⋈⊥⋈⋈⋈⋈≻⊤∈∋⋈⋈≻⋈⋈⋈⋈⋈⋈⋈⋈⊤∈⋈⊤∈⋈⋈≻⊤∈⋈⋈⋈≻⊤∈∋⋈⋈∋⋈⋈⊞≺⋈⊞≺∋∋⋈⋈⊞⋈⋈⋈⋈⊣⋈⋈⋈⊞⋈⋈⋈⊣
0x1b5cb190	⊢⋈⋈⋈⋈⊞⊞∈⊞≻⋈⋈⋈⋈⋈⊤⊥⊞⊤⊥⋈⊤⊥⋈⋈⋈⋈≻⊤∈∋⋈⋈≻⋈⋈⋈⋈⋈⋈⊞⋈⋈⋈≻⊤∈⋈⊞⊤⊥⋈⋈⊞⊤∈⋈⋈⋈⋈⊤∈⋈⊙∋⊤∈⋈⊙∋⋈⊙∋⊞≺∋⊞⋈⋈⋈⋈⋈⊣⋈⋈⋈⊞⋈⋈⋈⊣
0x1b5a8ca9	⊢⋈≻⋈⊤∈⋈⋈≻⊞∈⋈⋈⋈⊞⋈⋈⋈⋈⋈⊤⊥⊞⊤⊥⊤⋈⋈⊥⊤⊥⋈⋈⋈⋈⋈≻⊤∈⋈⋈⋈⋈⋈⋈≺∋⊞⋈⋈⋈⊣⊞⊣⋈⊣
0x1b5718c0	⊢⋈⋈≻⋈⊤∈⋈⋈≻⋈⋈⋈⋈⋈⋈⋈⋈⋈⋈⋈⊤∈⊤∈⊤∈⊤∈⊤∈⊤∈∈∋⊤∈≺∋∋∋∋∋⋈⋈≻⊤∈∋∋⊤∈∈⋈⋈⋈⋈⋈≻⋈⋈⊤∈≺∋⋈⋈⋈⊙⋈⋈≻⋈⋈⋈⋈⊞⋈⋈⋈⋈⋈⋈⊣⊞∋⋈⋈≻∋⋈⋈⋈⋈≻⊤∈⊤⋈⋈⊥⊤∈⋈⊤∈⋈⋈⋈⋈⋈⋈≻⋈⋈⋈≺∋⋈⊞⋈∋∋⊞⋈⋈⋈⊞⋈⋈⋈⋈⋈⋈≺⋈⋈⋈⋈⋈⋈⋈⋈⋈⊞⋈⋈⊞⊤∈⋈⋈⋈⋈⋈≻⋈≺∋⋈⊞⋈⋈⊙⊞⋈⋈⋈⋈⋈⋈⊣⋈⊣
0x1b5e70b0	⊢⋈⋈⋈⋈⋈⋈⋈⊞⋈⋈⊞⋈⋈⋈⋈⋈⊡∈⋈⋈⋈⊙⊤∈⊤∈⋈⋈⊞⋈≻⋈⋈⊞⊤⋈∈∋⋈⋈⋈⋈⋈≻⋈⋈≺∋⋈⊞⋈⋈⋈⊙⋈⊞⋈⊞⊙⋈⊤∈∋⊞⊞⋈⋈≺∋⋈⊞⋈⋈⋈⋈⋈⋈⊣
0x1b5e9820	⊢⋈⋈⋈⋈⋈⋈⋈⊞⋈⋈⊞⋈⋈⋈⋈⋈⊡∈⋈⋈⋈⊙⊤∈⊤∈⋈⋈⊞⋈≻⋈⋈⊞⊤⋈∈∋⋈⋈⋈⋈⋈≻⋈⋈≺∋⋈⊞⋈⋈⋈⊙⋈⊞⋈⊞⊙⋈⊤∈∋⊞⊞⋈⋈≺∋⋈⊞⋈⋈⋈⋈⋈⋈⊣
0x1b5c0b1e	⊢⋈⊞⋈⋈⋈⋈⊤∈⋈⋈∈⋈⊤∈⊞∈∋⊤∈⊤∈⊤∈⋈⋈≺⋈⋈⊤∈⊞⋈⊞∈⋈⊤∈⊞∈⊤∈∋⊤∈⋈⋈≺⋈⋈⊞⊞⊤∈∋∋⋈⋈≺⋈⊤∈∋⋈≺∋⋈⋈≺⋈≺∋⊞⊞⋈⊤∈∋∋⋈⋈∋∋∋∋≻⋈⋈≺∋⋈⊞⋈⊣
0x1b560e9f	⊢⋈⋈⋈⋈⋈⋈⊞⋈⋈⋈⋈⊞⊙
0x1b56127e	⊢⋈⋈⋈⋈⋈⋈⊞⋈⋈⋈⋈⋈⊞⊙
0x1b56188e	⊢⋈⋈⋈⋈⋈⋈⊞⋈⋈⊞⋈⊞⋈∈⋈⋈⋈⋈⋈⋈⋈⊞⋈⋈⋈∈⋈⋈⋈⋈⊞⋈⋈⋈⋈⋈≻⋈⋈⋈≻⋈⊞⋈⊞⋈⋈≻⋈⋈≻⋈⊤⊥∈⊤∈⋈⋈⋈⊤∈⋈∋⋈⋈⋈⊤∈⋈∋⊤⊥∈⊤⋈⋈⊥⊤⊥⊤⋈⋈⊥⊤⊥⊞∈⊤∈⋈⊤⋈∈∋⋈⋈⊤∈⋈⋈⋈⊤∈⋈∋⋈⋈⋈⊤∈⋈∋⊤⊥∈⊤⋈⋈⊥⊤⊥⊤⋈⋈⊥⊤⊥⊞∈⊤∈∋⊞⊤⊥⋈⊤⋈∈∋≺∋⊥≺∋∋∋∋⊤⋈⋈⊥⊥∋⋈⋈⋈⋈⋈⊤∈⋈⋈⋈≻∋⋈⋈≻⋈⋈⊤∈⋈⋈⋈≻∋⋈⊤∈⋈⋈⋈≻∋⋈⊤∈⋈⋈⋈≻∋⋈⊞⋈⋈⋈⊞⊞⋈⊞⊞⊞⊤∈∋∋⊞⋈⋈⋈⋈⋈⋈⊣
0x1b57d0d2	⊢⋈⋈⊤∈⊞⊣⋈⋈⋈⋈⋈⊞⋈⊞⊞∈⋈⊞⋈⋈∈⊤∈⊞∈⊤∈⊤∈∋⊞≺⊤⋈∈∋≺⊞⊞∈⊤⊥⊞⊞⊤∈∋⊞⊞⊤∈∋≺∋⋈∋⋈⋈⋈⋈⋈⊣
0x1b5bf847	⊢⋈⋈⋈⋈⋈⋈⊞⋈⋈⋈⋈⊤∈⋈⋈⋈∈⋈⊤∈⊞∈∋⊤∈⊤∈⊞⋈⋈⋈⋈⋈⋈≻⋈⋈⊤∈⋈⊤⊤∈⋈∈⋈⊞⋈⋈⋈≻⋈⋈⊤∈≺∋⋈⋈⋈⊙⋈⋈⋈⋈⋈⋈⋈⋈⋈⋈⋈⋈⋈⋈⋈⋈⋈⋈≺⊞∋⋈⋈≻⋈≺⊤∈⊞⋈⋈⋈⋈⊞≻⊤∈∋⋈⋈≺⋈≺⊤∈⊡∈⊞⋈⊞⋈⋈⋈⋈⋈⋈∈⋈⊤∈⋈⋈∈⋈⊤∈⊞∈∋⊤∈⋈⋈⋈⋈⊞≺⊤∈⊤∈⋈⋈≺⊞⋈⊤∈⋈⊞∈⋈⊤∈⊞∈∋⊤∈⋈⋈≺∋⋈⋈≻⋈⊤∈⋈⋈≺⋈⋈⋈⋈⋈⋈⋈⋈⋈⊤∈⋈≻⋈∋⋈⊞⋈⋈⋈⋈⋈⋈⋈⋈⊞⋈⋈⋈⊞⋈⋈⋈≺∋⋈⋈⊞⊞⊤∈∋≺⊞⋈⊞⊤∈∋≺∋⋈⋈⊤∈⊤∈⊞⋈⋈⋈⋈≻⊤∈⋈⊤∈⊡∈∋⋈⋈≺⊞⋈⋈⋈⋈⋈⋈≻⊤∈⊤∈⋈⊡⋈⋈⋈⋈≻⊤⋈∈⋈⊤∈∈⋈⋈⋈⊙⋈⊞⋈⋈≻⋈⊤∈⋈⋈⋈⋈⊙⋈⊞∈∋⋈⊞⋈⋈⋈⋈⋈⊤∈≺∋⋈⋈⋈⊞⋈⋈⋈⋈⋈⋈⋈≻⊤∈⋈⋈⋈⋈⋈≻⊤∈⋈≻∋⋈⋈∈⋈≻⊤∈⋈≺⊤∈⋈⊡⋈⋈⋈≻⊤⋈∈⋈⊤∈⊞∈⋈⋈⋈⋈⋈⊙⋈⋈⋈⋈≻⊤∈⋈⋈≺∋⋈≻∋∋⋈⋈≺∋∋∋⋈≻∋⋈⋈⋈⊤∈⋈∈⋈≻⊞⊞∈∋∋⋈⋈⋈⋈≻⋈⋈⋈∋⊡⋈⋈⊤∈⋈∈⋈⊤∈⊞∈⊤∈∋⊤∈⋈⊞⋈⋈⋈⋈⋈⊤∈⋈⋈⋈⋈⋈⋈⋈⋈⋈⋈⋈⋈≺⋈≺⋈⋈⋈⊤∈⊞⋈⊞∈⋈⊤∈⊞∈∋⊤∈⋈⋈≺⋈⋈⊞⊞⊤∈∋≺∋∋∋⋈⋈≺⊞⋈⊤∈∋∋⋈⋈⋈∋∋⋈≻⋈⋈⋈⋈⋈⊤∈⋈≺⋈⋈⋈⋈⊙⋈⊞⋈∈∋⋈⋈⋈⋈⋈⋈⋈⋈⋈⋈≺∋⋈⋈⊤∈⋈⋈≺∋⋈⋈≻⊤∈⋈⋈⋈≻≺∋∋∋⋈⋈≺⋈⋈⋈⋈⋈⋈⋈⋈⋈⋈⋈⋈⋈≻⊤∈⋈≻∋⋈≺∋⋈⋈≻∋⋈≻≺⊞∋⋈≻⋈∋∋⋈⋈≺∋∋⊡⋈⋈⊤∈⋈∈⋈⊤∈⊞∈⊤∈∋⊤∈⋈⋈≺⊞⋈⋈⋈⋈⋈⊤∈⋈⋈⋈⋈⋈⋈∋⋈≺⋈⋈≺⊞⋈⊤∈∋∋⋈⋈∋∋⋈≻⋈⋈⋈⋈⋈⊤∈∋⋈⋈⋈≻≺⋈⋈∋⋈⋈≻≺∋∋∋∋⊤∈⊤∈⊞⋈⋈⋈⋈≻⊤∈⋈≺∋⋈⋈⋈⋈⋈⋈⋈⋈⋈⋈≺⊤∈∋∋⊞⊤∈⋈⋈⋈≻⋈⋈⋈⋈⋈≻⊤∈∋⋈⋈∋⋈≻⊤∈∋⋈⋈⋈⋈∋⋈≺∋⋈≻≺⋈≺⊞⋈⋈⋈⋈≻⊤∈⋈⋈⋈⋈⋈⋈⋈⋈⋈⋈⋈⋈⋈≺⊞⋈⊤∈∋∋⋈⋈∋⋈≻∋∋∋∋∋∋⋈∋⋈≺∋∋∋∋⊞⋈⋈⋈⋈⋈⋈⊣
0x1b5bf063	⊢⋈⊞⋈⋈⋈⋈⊤∈⋈⋈∈⋈⊤∈⊞∈⊤∈∋⋈⋈≺⊞⋈⋈⊞⋈≺⊞⋈⊤∈∋∋⋈⋈∋⋈⋈≻⋈⋈⊞⋈⊣
0x1b57d07e	⊢⋈⋈⋈⋈⊞∈⋈⊤∈⋈⋈⋈⊤∈⋈⋈⋈≻⋈⊤⋈∈∋∋⊤⊥⋈⊣
0x1b561bba	⊢⋈⋈⋈⋈⋈⊞⋈⊞⋈⊤∈⊞∈⋈⋈≻∋⋈⋈⋈⊤∈⊞⋈⋈⋈⋈⋈⋈≻⊤∈∋⊞⋈⋈⋈⊞∈⊞⊞⊞⋈⊞⊤∈∋≺∋⋈⋈⋈⋈⋈⋈⊞⋈⋈⋈⋈⋈⊣
0x1b561c7d	⊢⋈⋈⋈⋈⋈⋈⊞⋈⋈⋈⊞∈⊞⋈⊞⋈⊞⋈⋈≻⊤∈⋈⋈⋈⋈⊞⋈⋈⋈⋈⊞⋈⋈⋈∈⋈⋈⋈⋈⊙⊤∈⋈⋈⋈⋈⋈⋈⊙⊤∈⊞⊞⋈⋈⋈⊞∈⊞⋈⋈⋈⊙⊤∈⋈⋈⋈⋈⋈⋈⋈⊤⋈⋈⊥⋈⋈⋈≻⋈⋈⋈⋈⋈⋈⋈⋈⋈⋈≻⋈⋈≻⋈⋈⋈⋈≻⊤∈⋈⋈⋈⋈⋈⋈⋈⋈≻⊤∈⋈≻∋⋈⋈≻⋈⊙⊤∈∋⋈⋈≻∋⋈⋈≻∋⋈⋈≻⋈⊞⋈⋈⋈⋈⋈⋈⊤⋈⋈⊥⋈⋈⋈≻⋈⋈⋈⋈⋈⋈⋈⋈⋈⋈≻⋈⋈≻⋈⋈⋈⋈≻⊤∈∋⋈⋈⋈⋈⋈⋈⋈⋈⋈⋈⋈⋈⋈⋈≻⊤∈⋈≻∋⋈⋈≻⋈⋈⋈⋈⋈⋈⋈⋈⋈⋈⊞⊞⊤∈∋⋈⋈⋈⋈⋈⋈⋈≻⊤∈⋈⋈⋈⋈⋈⋈⋈⋈≻⊤∈⋈≻∋⊞∈⋈≻⊞⊤∈∋⋈⋈⋈⋈≻⋈⋈⊙⊤∈⋈⋈⋈⋈⋈⋈⋈⋈⊙⊤∈⋈⋈≻⋈⋈∈⋈⋈≻⋈⋈⋈⋈⊞⊤∈∋⋈⋈≻⊞⊤∈⋈⋈⋈⋈⋈⋈∈⋈⊤∈⊞≻∋⊞⋈⋈⋈⋈⋈∈⋈⋈⋈⋈⋈≻⊤∈∋⋈⋈≻⋈⋈⋈⋈⋈⋈⊞⋈⋈⋈⋈⋈⋈⋈⋈⋈⋈⋈≻⋈⊤∈⋈⋈⊙⊤∈⋈⋈≻⋈⋈⋈⋈⋈⋈⊞⋈⋈⋈⊞⋈⋈⊞⋈⊤∈⊞∈⋈⋈≻∋⋈⊤∈⊞⋈⋈⋈⋈⋈⊞⋈⋈⋈≻⊤∈∋⋈⊞⋈⋈⋈⋈⊞⋈⋈⊞∈⊞⋈⋈⋈⊙⊤∈⋈⋈⋈⋈⋈⋈⋈⋈⋈⋈≻⋈⋈⋈⋈≻⊤∈⋈⋈⋈⋈⋈⋈⋈⋈≻⊤∈⋈≻∋⋈⋈≻⋈⊙⊤∈⋈⋈⋈⋈⋈⋈⋈⋈≻⋈⋈⋈⋈≻⊤∈∋⋈⋈⋈⋈⋈⋈⋈≻∋⋈⋈≻∋⋈⋈≻⋈⊞⋈⊞⋈⊞⋈⊞⋈⊞⋈⋈⋈⋈⋈⋈⋈⊞⋈⋈⋈⋈⋈≻⋈⋈⋈⋈≻⋈⊞⊞⋈⋈⊞⋈⊞⋈⊞⊞⊞⊞⊞⊞⊞⊞⊞⊞⊞⊞⊞⊞⊞⊞⊞⊞⊞⊞⊞⊞⊞⊞⊞⊞⊞⊞⊞⊞⊞⊞⊞⊞⊞⊞⊞⊞⊞⊞⊞⊞⊞⊞⊞⊞⊞⊞⊞⊞⊞⊞⋈⊞⊞⊞⊞⊞⋈⊣⋈⋈⋈⋈⋈⋈⋈⋈≻⊤∈⋈≻∋⋈⋈≻⋈⋈⋈⋈⋈⋈⋈⋈⋈⋈⊞⊞⊞⊤∈∋≺∋⋈⋈⋈⋈⋈⋈⋈⊞⋈⋈⋈⋈⋈⋈⊣⋈⋈⋈⋈⋈⋈⋈⋈⋈⋈⋈⋈⋈⋈⋈⋈⋈∈⋈⋈≻⊤∈⋈⋈⋈⋈⊤∈⋈⋈⋈⋈⋈≻⋈≺∋⋈⋈⋈⋈⊞⋈⊞≺∋⋈⊞⊞≺∋⊤∈⋈⋈⋈⋈⋈⋈⋈≻⋈⋈⋈⋈≻⋈⋈⋈⋈⊞≺∋⋈⊞⋈⋈⋈⋈⋈⋈⊣⋈⋈≺∋⋈⋈⋈⊙⋈⊤∈⋈≻∋⋈⋈⊞⋈⋈⋈⋈⋈⋈⊞⋈⋈⊞⊤∈∋⋈⋈⋈⋈⋈⋈⋈⋈⋈⋈⋈≻⊤∈⋈≻∋⋈⋈∈⋈⋈≻⊞⊤∈∋⋈⋈⋈⋈≻⋈⊙⊤∈∋∋⋈⋈≻∋⋈⋈≻∋⋈⋈≺⋈⋈⋈⋈⋈⋈⋈⋈⋈⊞⊤⊥⋈⋈⋈⋈⋈⋈≻⋈⋈⋈⋈≻⊤∈∋∈⋈⋈∋⋈⋈⋈⋈≺∋⋈≻∋⋈⋈⋈⋈⋈⋈⋈⋈≻⊤∈⋈≻∋⋈⋈≻⋈⋈⋈⋈⋈⋈⋈⊞⋈⋈⋈⋈⋈⋈⊞⊞⊤⋈⋈⋈∈∋≺∋⋈⋈⋈⋈⋈⋈⊞⋈⋈⋈⋈⋈⋈⊣
0x1b5816fb	⊢⋈⋈⋈⊞⋈⋈⊞⋈⊞⋈⊞⋈⊞⋈⋈⋈⋈⋈⋈⋈⊞⋈⋈⋈⋈⋈⋈⋈≻⋈⋈⋈⋈≻⋈⊞⊞⋈⋈⊞⋈⊞⋈⊞⊞⊞⊞⊞⊞⊞⊞⊞⊞⊞⊞⊞⊞⊞⊞⊞⊞⊞⊞⊞⊞⊞⊞⊞⊞⊞⊞⊞⊞⊞⊞⊞⊞⊞⊞⊞⊞⊞⊞⊞⊞⊞⊞⊞⊞⊞⊞⊞⊞⊞⊞⋈⊞⊞⊞⊞⊞⋈⋈⋈⊣
0x1b57e3b7	⊢⋈⋈⋈⊞⋈⋈⊞⋈⊞⋈⊞⋈⊞⋈⋈⋈⋈⋈⋈⋈⊞⋈⋈⋈⋈⋈⋈⋈⋈≻⋈⋈⋈⋈⋈⋈≻⋈⋈⋈⋈⋈≻⋈⊞⊞⋈⋈⊞⋈⊞⋈⊞⊞⊞⊞⊞⊞⊞⊞⊞⊞⊞⊞⊞⊞⊞⊞⊞⊞⊞⊞⊞⊞⊞⊞⊞⊞⊞⊞⊞⊞⊞⊞⊞⊞⊞⊞⊞⊞⊞⊞⊞⊞⊞⊞⊞⊞⊞⊞⊞⊞⊞⊞⋈⊞⊞⊞⊞⊞⋈⋈⋈⊣
0x1b58071d	⊢⋈⊞⋈⊞⋈⊞⋈⊞⋈⊞⋈⋈⋈⋈⋈⋈⋈⊞⋈⋈⋈⋈⋈⋈≻⋈⊞⊞⋈⋈⊞⋈⊞⋈⊞⊞⊞⊞⊞⊞⊞⊞⊞⊞⊞⊞⊞⊞⊞⊞⊞⊞⊞⊞⊞⊞⊞⊞⊞⊞⊞⊞⊞⊞⊞⊞⊞⊞⊞⊞⊞⊞⊞⊞⊞⊞⊞⊞⊞⊞⊞⊞⊞⊞⊞⊞⋈⊞⊞⊞⊞⊞⋈⊣
0x1b562bd0	⊢⋈⋈⋈⋈⋈⋈⊞⋈⋈⋈⋈⋈⋈≻⊞⊤∈⋈⋈⋈⋈⊤∈⊞⋈⋈∈⋈⋈≻⊤∈⋈⋈⋈⋈⋈⊤∈⋈∈⋈≻⊞⊞∈∋∋⋈⋈⋈⋈⊞⋈⋈⋈⋈⋈⋈≺⋈⊤∈⋈≻∋⊞⋈⋈⊞⋈⋈⋈⋈⊞⋈⊞∈∋∋⋈⋈⋈⋈⋈⋈⋈⋈⋈⋈⋈⋈⋈⋈≺∋⊞⋈⋈⋈⋈⋈⋈⊣
0x1b57b234	⊢⋈⋈⋈⋈⋈⋈⊞⋈⋈⋈⋈⋈⊞⊤⋈⊥⋈⋈⋈⊞⊙
0x1b5f09e0	⊢⋈⋈⋈⋈⋈⋈⋈⊤∈⋈≻⋈⊙⊤∈∋⋈⋈≻⊞⋈⋈⋈⋈⋈⋈⊞⋈⋈⊣
0x1b5ec930	⊢⋈⋈⋈⋈⊤∈⋈⋈⋈≻⋈⊞⋈⋈⋈⋈⋈⊣
0x1b5f0bd0	⊢⋈⋈⋈⋈⋈⊞⋈⋈⋈⋈⊤∈⋈≻⋈⋈≻⋈⋈⋈⋈⋈⋈⋈⋈⋈⋈⊞∈⊤∈⊤∈⋈⋈⋈≻⊤∈⋈⋈≺⋈⊤∈≺⊞⊤∈∋≺∋⋈⊤∈∋⋈≻∋∋⋈⋈∋⊞⋈⋈⋈⋈⊣
0x1b5ebf20	⊢⋈⋈⋈⋈⋈⋈⊞⋈⋈⋈⊤∈⋈⋈⊤∈⊤∈∈⋈⊤∈⋈⊡∈⊤∈≻∋⋈≻∋⋈≻⊤∈∋≺⋈⊡∈∋⋈∋⋈⊤∈⋈⊞⊡∈⋈⋈⊤∈⊞≺∋⋈⋈⋈⋈⋈⊤∈⋈≻≺⋈⋈≻⋈⋈⋈⋈⊡⊡∈⋈⊞⋈⊤∈⋈⋈⋈⋈⊞⊙≺∋∋∋∋∋∋⋈⊤∈⋈⊙⊤⋈⊥⋈⋈⋈⋈⋈⊞⊙⊞⊞⋈⋈⊙∋⊙⋈⋈⊞⊡∈⋈≻≺∋⋈⊞⊤∈≻⋈⊞≺⊞∋⋈⋈⊞⊤⊥⋈⋈⋈⊞⊡∈⋈⊡∈⊤∈⋈⋈⋈≻≺⊙⊞⊡∈∋∋⋈⊤∈⋈∈⋈⋈⊞⋈⊡∈⊤∈⋈⊤⊥⊞⊞⊞⊤∈∋⋈⊤∈⋈⊤∈⋈⋈⋈⋈⋈⋈≻⋈⋈⋈⊤∈⋈⊡∈⋈⋈⊞⊤∈∋∋⋈⊞⋈⋈⋈⋈⋈⋈≻⋈⋈⋈⋈⋈⋈⋈⋈⊤∈⊞∈⋈⋈⊤∈∋∋⋈⊞⋈⋈⋈⋈⋈⋈≺∋⊡⊤∈⋈⊤∈⋈≻≺⋈⊤∈⋈⋈⋈≻∋∋∋⊣⋈⋈⊞⋈⋈⊙∋⊤⊥⊤⊥⊞∈⋈⊙≺∋⊞∈∋∋∋⋈⋈⊤⊤∈⋈⊤∈≻⊤∈⋈≺∋∋∋⊞⋈⊤∈⋈⋈⋈⋈⊞⊙≺∋⊞⋈⋈⋈⋈⋈⊣⋈≺∋
0x1b5e7320	⊢⋈⋈⋈⋈⋈⋈⋈⊞⋈⋈⋈⋈⋈⊤∈⋈⋈≻⋈⊤∈⊤∈⋈⊤∈⋈⋈⋈⋈≻⊤∈⋈⋈≺∋⋈⋈⋈⋈≻⋈⊤∈⊤∈⋈⋈⋈⋈≻⊤∈⊤∈∋⋈⊡≺⋈≺⋈≺∋∋∋∋∋⋈⊤∈⋈⋈⊤∈⋈⊤∈⋈⋈⊞⊤⋈⊥⊥⋈⋈⋈⋈⋈⋈⋈⋈⋈⋈⋈⋈⋈≻∋⋈⋈∋⋈⋈⋈⋈⋈⊤∈⋈⊙⋈∋⋈⋈≻⋈⊤∈⊤∈⋈⊤∈⋈⋈⋈⋈⊞≺∋⋈⋈⋈⋈∋⋈⊞⊞≺∋⋈⋈⋈⋈⋈⋈≻⊞⋈⋈⋈⊡∋∋∋⊞⋈⋈⋈⋈⋈⋈⊣
0x1b562d23	⊢⋈⋈⋈⋈⋈⋈⊞⋈⋈⋈⊞∈⋈⊤∈⋈⊡⊞⋈⋈⋈⋈⊤⊥⋈⊞⊤⊥⊞∈⋈⊡⊞⊞⋈≺∋⊞∈⋈⋈∈⋈⋈⋈≻⊤∈⋈⊞⊥∈⊞⋈⋈⋈≺∋⊞⊞∈⋈⊞⊤⊥⊞⊤∈⊞⋈⊞⊥≺∋⋈⊞⊤∈∋⋈⊤⊥⊤⊥⋈⊞∈∈⊤∈⋈⊤∈⋈⊞⋈⊤∈∋∋⋈⋈⊞⊞≺∋∋∋⋈≺⊞∋⋈⋈≻∋∋⋈⊞⊞∋⋈≻⋈⋈⊞⋈⋈⋈⋈⋈⋈≺
0x1b562eb3	⊢⋈⋈⋈⋈⋈⋈⊙⊤∈⋈⋈≻⋈⋈⊞⋈⋈⋈⋈⋈⋈≻⊤⋈⊥⊤∈⋈⋈⋈⋈⋈⋈⋈⋈≻⋈⋈⋈⊞⋈∈⋈⋈⋈⋈⋈⋈≺∋⋈≻≺∋⊞⋈⋈⊣⋈⊞∈⊞⊥⊞⊤∈∋⋈⊤∈⋈∈⊤∈⋈⋈⊤∈⋈⊞⋈⊤∈∋≺∋∋∋⋈⋈≻⋈⋈⋈⋈⋈≺
0x1b5d2700	⊢⋈⋈⋈⋈⋈⋈⋈⊞⋈⋈⋈⊤∈⋈⊤∈⋈⋈⋈⋈⋈⋈≻⋈⋈⊤∈≺⋈⊤∈∋⋈⋈⊤∈⋈⋈⋈⋈⋈⋈⋈≺⋈∋∋⋈⋈⊞⊤∈⊞≺⋈⋈⊤∈⊞⊞∈⋈⊞⋈⋈⊤⊥⊞⋈⊤∈∋∋⋈⊞⊤∈⊞⊤⋈∈⋈⋈⊤∈⋈⋈⋈≻⋈⋈⋈⋈⋈⋈⋈⋈⋈⋈⋈⋈⋈⋈⋈⋈⋈⊤∈⋈⋈⋈⋈⋈≻⊞⋈⋈⋈⊤∈≺⊞⊤∈∋⋈⋈⊤∈⋈⋈⋈⋈⋈⋈≺∋∋∋∋∋⋈⊤∈⊤∈⋈⋈⋈⊞⋈⋈⋈⋈⋈≻⋈⋈⋈⊤∈≺⊞⊤∈∋⋈⋈⊤∈⋈⋈⋈⊞⊞⊞⊞⋈⋈≺∋⋈⋈≺⋈∋∋⋈⊞⊤∈⋈⊤∈⊞⊡∈⋈⊞⋈⋈⊞⊤⊥⊞⋈⊤∈∋⊞≺∋⊞⊤∈⊤∈⊞⋈⊞⊤∈⋈⊤∈⊞⋈⊡∈⋈⊞⋈⋈⊤⊥⊞⋈⊤∈∋⊞≺∋⋈⊤∈⊞∈⊞≺⊞∋⊤∈∋⋈⋈≻⋈⋈⋈⊤∈⊞⋈⋈⋈⋈≺∋⋈⋈⊞⊤⊥⋈≺∋∋∋∋∋∋⋈⋈⋈⋈⋈⋈⋈⋈⋈⋈≺∋∋∋⊞⋈⋈⋈⋈⋈⋈⊣
0x1b595cb4	⊢⋈⋈⋈⋈⋈⋈⊞⋈⋈⋈⋈⋈⋈⋈⋈⋈⊤∈⋈⊤∈⊤∈⋈⊤∈⋈⊤∈∋⊞≺≺∋∋∋∋⋈⋈⋈⋈≻⋈⋈⋈⋈≻⋈⊤∈⊞⊤∈⋈≻⋈⋈⋈⋈⊞⋈⋈⋈⋈⋈⋈⋈⋈⋈⊞∈⋈⋈⊤∈⊞⊤∈⋈⋈≺∋⋈⊞∈⋈⊞⋈⊞∈∋⋈⊤∈⋈⋈⊤∈∋⊞⊤∈⋈⊞⋈∈⊤∈⊞⋈⊞⊤⋈∈∋⊤∈≺∋⋈⋈≺∋∋∋⋈⊞⊤∈⊤∈⋈⋈⋈≻⋈⋈⋈≺⊤∈⊞⋈⋈≻⋈⋈≻⋈⋈⋈≺⋈⋈⊤⊥⊤⊥⋈≺∋∋∋∋∋⋈⋈⋈⋈⋈⋈⋈⋈⋈≻⊞⋈⋈⋈⋈⊣⋈⊤∈⊤∈⋈≺⋈⊤∈⋈⋈⊞⊥⋈⊤⊥⊞∈⊞∈⋈⋈≻∋⊤∈⋈⊞⋈⋈⋈⋈≻⊤∈∋⋈⋈⋈≺∋⋈⋈⊙≺⋈⋈≺⋈≺∋∋∋⋈∋⋈⋈⋈⋈⋈⋈≻⋈⊤∈⊤∈⋈⋈⋈⋈⋈⋈⋈≻⊤∈∋⋈⋈⋈⋈⋈≺⋈⋈⋈⋈≺∋∋⊤∈⋈⋈⋈⋈≻∋⋈⊤∈⋈⋈⋈≻∋⊞⋈⋈⋈⋈⋈⋈⊣
0x1b596094	⊢⋈⋈⋈⋈⋈⋈⊞⋈⋈⋈⋈⊤∈⋈⊤∈⊤∈⋈⊤∈⋈⊤∈∋⊞≺≺∋∋∋∋⋈⋈⋈⋈⋈≻⋈⋈⋈⋈≻⋈⋈⋈⋈⋈⋈⋈⋈⋈⋈≻⋈⋈⋈⋈⋈⋈⋈⋈⋈⋈⋈⋈≻⋈⋈⋈≻⊤∈⋈⊞⋈∋⋈⋈⋈⋈⋈⋈⋈⋈⋈⋈⋈⋈⋈⋈⊤∈⋈⋈⋈≻∋⋈⊤∈⋈⋈⋈≻∋⊞⋈⋈⋈⋈⋈⋈⊣
0x1b58a99d	⊢⋈⋈⋈⋈⊞⋈⋈⋈⋈⊤∈⋈⋈⋈⋈⋈⋈⋈⋈⋈⋈⋈⋈≻⋈⋈≻⋈⋈⋈⋈⊤∈⋈⊤∈⋈⊤∈⋈≺∋⊤∈⋈≺∋⊤∈∋⋈⋈⊞⋈≻≺∋⊤∈⋈⋈⋈⋈⋈≻≺∋∋⊤∈⋈≻∋⋈⋈⋈⋈⋈⋈⋈⋈≻⋈⊞⋈⋈⋈⋈⋈⋈⋈⋈⋈⋈⋈⋈⋈⋈⋈⋈⋈⋈⋈⋈≻⋈⋈≻⋈⋈⋈⋈⊤∈⋈⊤∈⋈⊤∈⋈≺∋⊤∈⋈≺∋⊤∈∋⋈⋈⊞⋈≻≺∋⊤∈⋈⋈⋈⋈⋈≻≺∋∋⊤∈⋈≻∋⋈⋈⋈⋈⋈⋈⋈≻≺∋⊞⋈⋈⋈⋈⊣
0x1b588995	⊢⋈⋈⋈⋈⋈⊞⋈⋈⋈⋈⊤∈⋈⋈⋈⋈⋈⋈⋈⋈⋈⋈⋈⋈≻⋈⋈⋈≻⋈⋈⋈⋈⊤∈⋈⊤∈⋈⊤∈⋈≺∋⊤∈⋈≺∋⊤∈∋⋈⊞⊞⋈⋈⋈⋈≻≺∋⊤∈⋈⋈⋈⋈⋈≻≺∋∋⊤∈⋈≻∋⋈⋈⋈⋈⋈⋈⋈⋈≻⋈⊞⋈⋈⋈⋈⋈⋈⋈⋈⋈⋈⋈⋈⋈⋈⋈⋈⋈⋈⋈⋈≻⋈⋈⋈≻⋈⋈⋈⋈⊤∈⋈⊤∈⋈⊤∈⋈≺∋⊤∈⋈≺∋⊤∈∋⋈⊞⊞⋈⋈⋈⋈≻≺∋⊤∈⋈⋈⋈⋈⋈≻≺∋∋⊤∈⋈≻∋⋈⋈⋈⋈⋈⋈⋈≻≺∋⊞⋈⋈⋈⋈⋈⊣
0x1b5e8a40	⊢⋈⋈⋈⊞⋈⋈⊤∈⋈⊞⋈⋈⋈⋈⋈⋈⋈⋈≻⋈⊞⊤∈⋈≻∋⋈⋈⊙⋈⋈≻⋈⋈⋈⋈⋈⋈⋈⋈⋈≻⊣
0x1b562ff0	⊢⋈⋈⋈⋈⊞⋈⋈⋈⋈⋈⋈⋈⋈⋈≻⊤⋈⊥⊤∈⋈⋈⋈⋈⋈⋈⋈⋈≻⋈⋈⋈⊞⋈∈⋈⋈≺∋⋈⋈⋈≻⋈⋈⋈⊤∈⋈⊞∈⊤∈⊞⊤∈⋈⋈⊙⊤∈⋈⋈≻⋈⋈⋈⋈⋈⋈⊞⋈⋈⊤∈⋈⋈⊞⊤∈≻∋⊤∈∋⋈⋈⋈⊞≻⋈⋈⋈⋈≻⊤∈⋈⋈⋈⋈⋈⋈⊞⋈∈⋈⋈⊤∈⋈⋈⊤⊥⊤∈⋈⊙⋈⊤∈⋈⋈⋈≻⋈⊤∈⋈⋈≻≺∋⋈⋈⋈⊙⊤∈⋈≻⋈∋⊞⋈⋈⋈⋈⊞⋈⊤∈∋⋈⋈⊤⊥⋈≺∋⋈∈⋈⋈≻⊞⊞∈∋∋⋈⋈⋈⋈≻⊤∈∋⋈⋈⊙⊤∈⋈⋈≻∋⋈⋈≻⋈⊤∈⋈⊙≺∋⋈≻≺⋈≻⋈⋈⋈⋈⋈⋈⋈⊞∈⊞⋈⊤∈∋⊞⋈⋈⋈⋈⋈⊞⋈⋈⋈⋈⋈⋈⋈≻⋈⋈⊤∈⋈⋈⋈⋈⋈⋈⊤∈⋈⊞⊞⋈∈⋈⊤∈⊞∈∋⋈⋈⋈≻⋈⋈⋈≻≺⋈⋈⊞⊞⊤∈∋∋⋈∋∋⋈⋈≻⊤∈⋈⋈⋈⋈⋈⋈⋈⋈⋈⋈⋈⋈⋈⋈⋈⋈≻⊤∈⋈⋈⊙⊤∈⋈⋈≻⋈⋈⋈⋈⋈⋈⋈⋈⋈⋈⋈≺⋈⋈⋈≻⊤⋈⊥⊤∈⋈⋈⊙⊤∈∋⋈⋈≻⋈⋈⋈⋈⋈⋈⋈⋈⋈⋈≻⋈⋈⋈⋈⋈⊤∈⋈⋈⋈⋈⋈⋈⋈⋈≻⊤⋈∈⋈⋈⋈≻⊤⊥⊤∈⋈⋈⊙⊤∈⋈⋈≻⋈⋈⋈⋈⋈⋈⋈≺⋈⋈⊞⊞⋈⋈⋈⋈⋈⋈≻⊤∈⋈⊤∈⋈⊞≺⋈⋈⋈⋈≻⋈⋈⋈⋈⋈⋈⋈⊞⋈≺⋈⋈⊙⊤∈⋈⋈≻⋈⋈⋈⋈⋈⋈⊞⋈⋈⊤⋈⋈⊥⋈⋈⊥∈⋈⋈⊙⊤∈⋈⋈≻⊡⊡⋈⋈⋈⋈⋈≺⊤⋈∈⋈⋈⋈⊞⋈⊞⋈⊞⋈⊞⋈⋈⋈⋈⋈⋈⋈⊞⋈⋈⋈≻⋈⋈⋈⋈≻⋈⋈⊞⊞⋈⊞⋈⊞⋈⊞⊞⊞⊞⊞⊞⊞⊞⊞⊞⊞⊞⊞⊞⊞⊞⊞⊞⊞⊞⊞⊞⊞⊞⊞⊞⊞⊞⊞⊞⊞⊞⊞⊞⊞⊞⊞⊞⊞⊞⊞⊞⊞⊞⊞⊞⊞⊞⊞⊞⊞⊞⋈⊞⊞⊞⊞⋈⊞⋈⋈⋈⊞⊞⊞⊞⊞⊞⋈∈⊞⊡⊞⊞⊞⊤∈⋈⊡⋈⋈⊡∈⊞⊞⊞⊞⋈⊤∈⋈⊞⋈⋈⋈⋈⋈⊙⋈⋈⊤∈⋈⋈⋈⋈⋈≺∋⋈⊞⋈⋈⊡⋈⊞⋈⊡∈∋∋⊞⊞⊤⋈⋈∈∋⋈⋈⋈⋈≻⋈⋈⋈⊤∈⋈⊞∈⊤∈⋈⊤∈⋈⋈⊙⊤∈∋⋈⋈≻⋈⋈⋈⋈⋈⋈⊞⋈⊤⋈⋈⊥∈⊤∈⋈⋈⋈≻⊤∈⋈⋈⋈⋈⊙⋈⋈⋈⋈⊞∋⋈⋈≻⋈⋈⋈⊞⊞⋈⋈⋈⋈⋈⋈⋈≻⊤∈∋⋈⊞⊞≺⋈⋈⊙⊤∈⋈⋈≻⋈⋈⋈⋈⋈⋈⊞⋈⋈⋈⋈⋈≻⊤⋈⊥⋈⋈⋈⋈≻⋈⋈⋈⊤∈⋈⋈⋈⋈⋈≻⊤⊥⋈⋈⋈⋈≻⋈⋈⋈⊤∈⊤∈⋈⊞∈⊤∈⋈⊞∈⊞∈⋈≻∋⊤∈⋈⊞⋈⊞⋈⋈≻⋈⊤∈∋⋈⊞⊞⋈∈⋈⊤⋈⊥⊞⊞⊤∈∋≺∋⋈⋈⋈⋈≻⋈⋈⋈⋈≻⋈⋈⋈⋈≺⊤⋈∈∋∋⋈⋈⊙⊤∈⋈⋈≻⋈⋈⋈⋈⋈⋈⊞⋈⊞⋈⋈⋈⋈⋈⊞⋈⊤∈⋈⊤∈⋈⋈≺⊤∈⋈⊞⋈⋈≺∋∋⋈⊤∈⋈⋈≺⊤∈⋈⊞⋈⋈≺∋∋⊤∈⊞⊙⊤∈⋈⊤∈⋈⋈≺⊤∈⋈⊞⋈⋈≺∋∋⋈⊤∈⋈⋈≺⊤∈⋈⊞⋈⋈≺∋∋⊤∈⊞⊙⊤∈∋∋∋∋⋈⋈⋈⋈≻⋈⋈⋈⋈⋈⊤∈⋈⋈⋈⋈⋈⋈⋈≻⋈⋈⋈⋈⋈⋈⋈⋈⋈⋈⋈⋈⋈≻⊡⊡⋈⋈⋈⋈⋈⋈⊤∈⊞∈⋈⊤∈⋈⋈⋈≻∋⋈⊤∈⋈⋈⋈≻∋⊞⊞∈∋∋⋈⋈⋈⋈⊤∈⊞∈⋈⋈⋈⋈≻⊞⊞∈∋∋∋⊤∈⋈≻⋈⊤∈⋈⋈⋈⊤∈⋈⋈⋈⋈≺⋈⊤∈⋈⋈⊞⋈⋈⋈⋈≺∋∋⋈⊤∈⋈⋈≺⊤∈⋈⊞⋈⋈≺∋∋⊤∈⋈⊞⊙⊤∈⊤∈∋∋∋⋈⋈⊙⊤∈⋈⋈≻⋈⋈⋈⋈⋈⊡⊡⋈⋈⋈⋈≻⋈⋈⋈⋈⋈⋈⊤⋈∈⊤⋈⋈∈⋈⋈⊤⋈∈⋈⊞∈⋈⋈⊞⋈⊡⊞⋈⊞⊤⋈∈∋⋈⋈⋈⊙⊤∈⋈⋈⋈⊡⊡⋈⋈⋈⋈≺⋈⋈⊞⊞⋈≺∋⋈⋈⊞≺∋⋈⊞⋈⊞⊤⊞⊞⋈⋈⋈⋈⋈⋈≻⊤∈⋈⋈⋈⋈⋈≻⊞⊞⋈⋈⋈⊞⋈⊞⋈⋈⋈⋈⊤⋈⊥⋈⊤⋈⋈⋈⋈⋈⊥⋈⋈⋈⋈⋈∈⊤∈⊤∈⊡⊡⋈⊞⊞⋈⋈⋈⋈∈⊤⋈⊥⋈⋈⊞⊞⋈⊞⊞⋈⊞⊞⋈⋈⋈⊙⋈⊞∈∋⋈⋈⊤∈⋈⋈⋈⋈⋈≺∋⋈⊤∈⋈⋈⊡≺∋⋈⋈≻⋈⋈⊤∈⋈⋈⋈⋈⋈⋈≺⋈⋈⋈≺∋⊤⋈⋈⊥⋈⋈⋈∋⊤⋈⊥⊥⊤∈⊞∈⊤∈⊞⊤∈⋈⊤⋈∈∋∋∈∋⋈⊤∈⋈⋈⋈≻∋⋈⋈≺∋≺∋⋈⋈⋈⋈≻⋈⊤∈⋈⋈⋈⋈⋈⋈⊞⋈≻⊤⋈∈⋈⋈⋈⋈⋈⋈⊞⋈⊞⊥⋈⊤⊥⋈⊥⊥⋈⊞⋈⋈∈⋈⊤∈⋈⊞⊤⊥⊞⊤∈⊞⋈⊞⊥≺∋⋈⋈⊤∈∋≺∋⋈⋈⋈⋈⊤∈⋈⋈⋈⋈⋈⋈⊙⊤∈⋈⋈⊡⊡⋈⋈⋈≻⋈⋈⋈≺∋∋⋈⋈⋈⋈⋈⋈⊤∈∋⋈⋈⋈⋈⋈⋈≻⋈⋈⋈∋⋈⊤∈⋈⋈⋈⋈⋈⋈⋈⋈⋈⋈⋈⊤∈⋈⋈⊞≻≺∋⋈⋈⋈⋈⋈≻⊞⋈⋈⋈⋈⊞⊡⋈⊡⋈⊡⋈⊡⋈⋈⋈⋈⋈⋈⋈⋈⋈⋈⋈⋈⋈⋈⋈⋈⋈⋈≻⋈⋈∈⋈⊞⊤∈∋⊤⋈⋈∈⋈⊤⋈⋈∈⊤⋈∈⋈≺⊤∈⋈⋈⊞⊥⋈⊞⊤⊥⊞∈⊞∈⋈⋈≻∋⊤∈∋⋈⋈⋈⋈⋈⋈≻⋈⊤∈∋⋈⋈⋈⋈⋈≺∋⋈⊙⋈⋈⋈⋈≺⋈⋈≺∋∋∋⋈⋈⋈⋈⋈⋈⋈⋈⊤⋈⋈∈⊤∈⋈⊞⊞⋈⊤∈⋈⊞⊤∈⋈⊡⊞⋈⊞≺∋⊞∈⋈⊤⊥⋈⊥⋈⋈⊥⋈⋈⊞⊞⊞∈⋈⊞⊤⊥⊞⊤∈⊞⋈⋈⊞⊥≺∋⊞⋈⋈⋈≻⊞⊤∈∋∋∋∋∋⋈⋈⋈⋈⋈⋈⋈≺∋⋈⋈⋈⋈≻⋈⋈⋈⋈⋈⋈⋈⋈≻⋈⋈⋈⊡⊡⋈⋈≻⋈⊤∈⊞⋈⊤∈⋈⋈⊤∈⊞⋈⋈⋈⋈⋈⋈⋈≺∋⋈⊞⊤∈∋⊞⋈⊞⊥≺∋⊤⊥∈⋈⋈⋈⋈≺∋⊞∈∈⋈⊤∈⊤∈⋈⋈⋈⊤∈⋈⋈⋈≺∋⋈⋈⋈⋈≻⋈∋∋⊤∈⋈⋈∋⋈⋈⋈⋈⋈⋈⋈⋈⋈⋈≻⋈⋈⊞⊤⊥⋈⋈⊤⋈∈⋈⋈⋈≻∋⊤∈⋈⋈⋈⋈≻∋⋈⋈≻⊞⋈⊞⊤⊥⊞⊞⋈⊤∈∋⋈⋈⊞⊥⋈≺∋⋈⋈≺∋⋈⋈∋⋈⊤∈∋⋈⋈⋈⋈≻≺∋⊡⊡⊞⊡⋈⋈⊤∈⊞⋈⋈⋈⋈⋈⋈⋈⋈⋈⋈⋈⋈⋈⋈⋈∈⋈⊞⋈≻⋈⊤∈⊞⋈⋈⋈≻⋈⊤∈⊡⋈⋈⊤⋈∈⊤∈⊤∈∋⋈⋈⋈≻⋈⊤∈⊡⊡⋈⋈⊞⊞⋈⋈⋈⋈⋈⋈≻⋈⋈⋈⋈⊤⊥⋈⋈⊤⊥⋈⋈⊞⋈⊞⊞∈⋈⋈⊤⋈⋈∈⋈⊤⋈∈⋈⊤∈⊤⋈∈⊞⊤∈⋈⊞⋈⋈⋈≻⊤∈⋈≺∋⋈⋈⋈⋈⊙⋈⋈⋈⋈≺⋈⋈⋈≺∋⋈⋈⋈⋈⋈≺∋∋⋈⋈⋈⋈≻⋈⋈⋈⊤∈⊤⋈∈⋈⋈⋈⋈≻⊞⋈≺⊤⋈∈∋⋈⋈⋈⊞⋈⊞⋈⋈≺∋∋⋈⋈⋈⋈⊞⋈⋈⋈⋈⋈⋈⋈⋈≻⋈⋈⋈⋈⋈⋈⊤∈⊡⊡⊤∈⋈⋈⋈⋈≻∋⋈⋈⊤⋈⋈∈≺⋈⋈⋈⋈⋈⋈⋈⊡⋈⊡⋈⊤∈⋈⋈⋈⋈≻∋⋈⊤⋈∈⋈⋈⋈⋈⋈≻⋈⋈⊤⋈∈⋈⋈⋈⋈≻∋⋈⊤∈⋈⋈⋈≻∋⊞⋈⊞⊤∈∋≺⋈⋈≻⋈⋈⊞⊤⊥⋈⋈⋈⊤∈∋⋈⋈⋈≻∋⊤⋈∈∋⋈⋈⋈⋈⋈⋈≺⋈≺∋⋈∋⋈≺∋⋈⋈≻⋈⊤∈⋈⋈⋈≻⋈⊤∈⊡⋈⊡⋈≺⋈⊤∈⋈⋈⊙⊤∈⋈⋈⊡⊡⋈⋈⋈⋈⊞⋈∈⋈⊤∈⋈⋈⊤∈∋⋈∋⋈⊤∈⋈⊞≻≺∋⋈⋈⋈⋈⋈⋈⊡⊡⋈⋈⋈⋈⋈⊞⋈≻⋈⊤∈⋈⊤∈⋈⊡⊞⊞⋈∈⊤∈∈⊡⊞⊞⊞⊤∈∋⊞∋⊞⊞⋈⋈⋈⊤∈⋈⋈⋈⋈≻∋⋈⊞⋈⊞∈∋∋⋈⋈⊞⊞⊤⋈⋈⋈⋈∈⋈⊞⊙∋∋⋈⊡⊡⋈⋈⊞⊤∈∋≺⋈⋈⋈⊡⊞⋈∈⋈⊤∈⋈≺⋈⋈⊞⊤∈∋⋈⋈⋈⋈⊤∈⋈⊞≻≺∋⋈⋈⋈⋈⋈⋈⋈⋈⋈⋈⋈⊞⋈⋈∈⋈⊞⋈⊞⋈⋈⋈⋈⊞⋈≻⊡⋈⋈⋈⋈⋈⋈⊡⊞⊞⊤∈∋⋈⋈⋈⋈⊙⋈⊤∈⋈⊤∈⋈⊡⊞⊞⋈∈⊤∈∈⊡⊞⊞⊞⊤∈∋⊞∋⊞⊞⊞⋈⋈⋈⊤∈⋈⋈⋈≻∋⋈⋈⊤∈⋈⋈⋈≻∋⋈⊞⋈⊞∈∋∋⊞⊞⊞⊞⊤⋈⋈⋈⋈∈⋈⊞⊙∋∋⋈⋈⋈≻⋈⋈≻⋈⊤∈⋈⋈⋈≻∋⊞⊡⋈⋈∈⊡⋈⊞⊤∈∋⋈⋈⊙⋈⊞∈⋈⊞⋈⋈⋈⊞⋈⊞⊞⋈⋈⋈⋈⋈⊞⋈⊞⋈∈⋈⋈⊞⋈⋈⋈⊞⊞⋈⋈⋈⊞∈⋈⋈⊤∈⋈⊤∈⋈⊤∈⊤∈⊤∈∋⊞⋈≺∋∋∋∋⋈⊞⋈⋈⋈⋈⋈≻⋈⋈⋈≻⋈⊞⊞⋈⊤∈⋈⊤∈⋈⊤∈⊤∈⊤∈∋⊞⋈≺∋∋∋⋈⋈⋈⋈≻⋈⋈⋈⋈≻⋈⋈⋈≻⋈⋈⊤∈⋈⊤⋈∈⊤⋈∈⊤∈∋⊞⋈≺⋈⋈⋈⋈≻⋈⋈⋈≻⋈⋈⋈≻⋈⋈≺∋∋∋∋⋈⋈⋈≻⋈⋈⋈⋈≻⋈⋈⊤∈⋈⋈⊤∈⋈⊤∈⊤∈⊤∈∋⊞⋈≺∋∋∋∋⋈⋈⋈⋈≻⋈⋈⋈≻⋈⋈⋈⋈≻⋈⋈⋈⋈⋈⊤⋈∈⋈⊤∈⋈⊤∈⊤∈⊤∈∋⊞⋈≺∋∋∋∋⋈⋈⋈≻⋈⋈⋈≻⋈⋈⋈⋈⋈⋈⊤⋈∈⋈⊤∈⋈⊤∈⊤∈⊤∈∋⊞⋈≺∋∋∋∋⋈⊞⋈⋈⋈≻⋈⋈⋈≻⋈⋈⋈≻⋈⋈⋈⋈⋈⋈⋈⋈⋈⋈≻⋈⋈⋈⋈⊡⊡⋈⊤∈⋈⋈⋈≻∋⊞⊤⋈∈∋⊡⋈⊤∈∋⋈⋈⋈⋈⋈⋈⋈⋈⋈⋈⋈⋈⋈⋈⋈⋈⋈⋈≻⋈⋈⋈⋈⋈⊡⊡⋈⋈⋈⋈⋈⋈≻⋈⋈⋈≻⊤⋈∈⋈⊞⋈⋈∋⋈⋈⋈⋈⊤∈⋈⋈⋈≻∋⋈⊤∈⋈⋈⋈≻∋⊤∈⋈⋈⊞⋈⊤∈⋈⊙⊤∈⋈⋈≻⋈⊡⊡⋈⋈⊤∈⋈⋈⋈⋈≻∋⋈⋈∈⋈⊤∈⋈⋈⋈≻∋⊞⊤∈∋⋈⋈⋈⊤⋈∈⊤∈⋈⋈⋈≺⊤∈⋈⋈⋈⊤⊥⋈⊤⊥⊞∈⊤∈⋈⊞⋈⋈⋈≻⊤∈⋈≺⋈≺∋⋈⋈⋈⋈⊙⋈≺∋⋈⋈⋈⋈⋈≺⋈⋈≺∋∋∋⋈⊤∈⋈⋈⋈≻⋈∋⋈⋈⋈⊤∈⋈⋈⋈⋈≻∋⋈⊞⋈⊤⋈⋈∈∋≺⋈⋈⋈⋈⋈⋈⋈⊙⋈≺∋⋈⊤∈⋈⋈⋈≻∋⋈⋈⊤∈⋈⋈⋈⊙⋈⋈⋈⋈⋈⋈⋈⋈⋈⋈∈⋈⋈⋈⊤∈⊤∈⋈≺⋈⊤∈⋈⋈⊤⊥⋈⊞⊤⊥⊞∈⊤∈⋈⊞⋈⋈⋈≻⊤∈∋⋈≺⋈≺∋⋈⋈⋈⋈⊙⋈⋈⋈⋈≺∋⋈⋈≺∋∋⊡⋈⋈⊡⋈⋈⋈⋈⋈⋈⋈≻⊞⊤∈∋⋈⋈⋈⋈⊤⋈∈⋈⊙⊤⋈⋈∈⋈⋈⊡⋈⊡⋈⋈⋈⋈⋈≻⋈⋈≻⋈⋈⊤∈⋈⋈⋈≻∋⋈⋈⋈⋈⋈⋈⋈⊞⋈⋈≻⋈⊤∈⊤∈⊤∈∋⊞⊞⋈⋈⋈⋈⋈⋈⋈⋈⋈≻∋⋈⋈⋈≻≺∋⊤∈⋈≻∋⋈⋈⊡⊡⋈⋈⋈≻⊤⊥⋈∈⋈⊤⋈⋈⊥⊤∈⋈⋈⋈≺∋⊤⊥⊤∈∋⊤∈⋈⋈∈⋈⋈∈⋈∈⊤∈⋈⋈⋈⊤⋈∈∋⋈⋈∈∋⋈≺∋⋈≺≺∋∋∋∋⋈⋈⋈⋈⋈⊤∈⋈⋈⋈≻∋⋈⊞⋈∈⋈⋈⋈⋈⋈⋈⋈⋈⋈∈⋈⋈⊤∈⊤∈⋈⊤∈⋈⋈⊤⊥⋈⊞⊤⊥⊞∈⊞⊤∈⋈⊞⋈⋈⋈≻⊤∈⋈≺∋⋈⋈⋈⋈⊙⋈⋈≺⋈⋈⋈⊤∈∋⋈∋⋈⋈⋈⋈⋈≺≺∋⋈⋈⋈⋈∋⋈⋈⋈⋈≻⊞⊤⊥⊞⋈⋈⋈≻⋈⋈⋈⋈⋈≻⊞⊤⊥⊞⋈⋈≻⋈⋈⋈≻⋈⋈⋈⋈≻⋈⋈⋈⋈⊡⋈⋈⋈⊡⋈⋈≻⊞⊞⊤∈∋≺⋈⋈⋈⋈⋈⋈⋈≻⋈⋈⋈⋈⋈⋈⋈≻⋈⋈⋈⋈⊤∈⋈⋈⊤∈⋈⊤∈⋈⋈⊤⊥⋈⊤⊥⊞∈⊤∈⋈⋈⊞⋈⋈⋈≻⋈⊤∈⋈≺∋⋈⋈⋈⋈⊙⋈⋈≺⋈⋈⋈≺⋈⋈≺∋∋⋈∋⋈⋈⋈⋈⋈⋈≻⋈⋈⋈⋈⋈⋈⋈⋈⋈≻⋈⋈⋈⋈⋈⋈⋈⋈⋈≻⋈⋈⋈⋈⋈⋈⋈⋈⋈⋈⋈⋈⋈≻⋈⋈⋈≻⊤∈⋈⊞⋈∋⊡⋈⋈⋈⋈⋈⋈⋈⋈⋈⋈⊡⋈⊤∈⋈⋈⋈≻∋⋈⊤∈⋈⋈⋈≻∋⋈⊤∈⋈⋈⋈≻∋⋈⋈⋈⋈≻⋈⋈⊞⋈⊞⋈⋈⋈⋈≻⋈⋈≻⋈⋈⊤∈⋈⊤⊤∈⋈⋈⋈⋈⊤∈⋈∋⋈⋈⋈⋈⊤∈⋈∋⊤⊥∈⊤⋈⋈⊥⋈⊤⊥⊤⋈⋈⊥⊤⊥⊞∈⊤∈⋈⊤⋈∈∋⊤∈⋈⋈⋈⋈⋈⊤∈⋈∋⋈⋈⋈⋈⊤∈⋈∋⊤⊥∈∋⊤⋈⋈∈≺⊤⋈⋈⊥⋈⊤⊥⊤⋈⋈⊥⊤⊥⊞∈⊤∈∋∋⋈⋈⋈⊤⋈∈∋⋈≺∋⋈∈∋⊤∈⋈⋈⋈≻∋⋈⋈⊤∈⋈⋈⋈≻∋⋈⊙⋈⊤∈⋈⋈⋈⋈⋈⋈⋈⊡⊡⋈≺∋∋⊤∈⋈⋈⋈≻∋⋈⊤∈⋈⋈⋈≻∋⊤∈⊤∈∋⋈⊙⋈⊤∈⋈⋈≻∋⋈⋈≻⋈⋈⋈⊡⊡⋈≺∋⋈⋈⊤∈⋈⋈⋈≻∋⋈⋈⊤∈⋈⋈⋈≻∋⋈⊤∈⋈⋈⋈⋈≻∋⋈⋈⋈≺⋈⊤∈⋈⋈⋈≻∋⋈⊞⊤⋈∈∋≺⋈⋈⊤∈⋈⋈⋈≻∋⋈⊤∈⋈⋈⋈⋈≻∋⋈⋈⋈⋈≺∋∋⋈⊤⋈∈⋈⋈⋈≻∋⊤∈⋈⋈⋈⋈≺⋈⋈⋈∈⋈⊤∈⊤∈⋈⊤∈⋈⋈⊤⊥⋈⊤⊥⊞∈⊞⊤∈⋈⊞⋈⋈⋈≻⊤∈⋈⋈≺∋⋈⋈⋈⊙⋈⋈⋈⋈≺⋈⊤∈∋∋⋈⋈⋈⋈⊤∈⋈⊤∈⋈⋈≺⊤∈⋈⊞⋈⋈≺∋∋⊤⊥⊤∈⋈⊤∈⋈∋⋈⊤⊥⊞⊙⊤∈∋∋⋈⊤∈⋈⋈⋈⋈≻∋⋈⋈⊤∈⋈⋈⋈⋈≻∋⋈≺∋⋈⋈⊡⊡⊤∈∋⋈⊙⊤∈⋈⋈≻⋈⋈⋈⋈⊡⊡⋈⋈⋈⋈⋈⋈⋈⋈≺∋⊞⊞⊤∈∋⋈⋈⋈⋈∈⋈⋈⊤∈⊤∈⋈⋈⊤∈⋈⋈⊤⊥⋈⊞⊤⊥⊞∈⊞⊤∈⋈⋈⊞⋈⋈⋈≻⋈⊤∈∋⋈≺∋⋈⋈≻∋⊞⋈≺∋⋈⋈⋈⋈⊙⋈≺⋈⋈≺⋈≺∋∋⋈∋⋈⋈⋈⋈⋈⋈⋈⋈⊤⋈⋈⊥⊤⋈⊥⊤∈⋈⋈⋈⋈⋈⋈⋈≻⋈⋈⋈⋈⋈⋈⋈⋈⋈⋈⋈≻⋈⋈⋈⋈≺∋⋈⊤∈⋈⋈⋈⋈≻∋⊡⊡⋈⋈⊞⊤∈∋≺⋈⋈⊡⊡⋈⋈⋈⊤∈⋈⋈⊤∈⋈⋈⋈⋈⋈⋈⊤∈∋⋈⊙⋈⊤∈∋⋈⋈≻⋈⋈⋈⋈⋈⊡⊡⋈⋈⋈≺⋈⋈⋈⋈≺∋⋈⋈⊞⊤⋈⋈⊥⋈⊤⊥⊥⋈⋈⊞∈⋈⊤∈⊤∈⊤∈⋈⋈⊞∈⊞⋈⊡⊞⊞⊤∈∋⋈⊙⋈⊤∈⋈⋈⋈⊡⊡⋈⋈⋈⋈⋈≺⋈⊞⊞⋈≺∋⊞≺∋⋈⋈⊞⊞⊤⊞⊞⋈⋈⋈⋈⋈≻⋈⊤∈⋈⋈≻⋈⊞⊞⋈⋈⊞⋈⊞⋈⋈⋈⋈⋈⋈⋈⊤⋈⋈⊥⋈∈⊤∈⊤∈⊡⊡⋈⊞⊞⋈⋈⋈⋈∈⊤⋈⊥⋈⋈⊞⊞⋈⊞⊞⋈⊞⊞⋈⋈⋈⊙⋈⊞∈∋⋈⋈⊤∈∋⋈⊤∈∋⋈⋈⋈≻⋈⋈⋈⊡≺∋⋈⋈⋈≻⋈⋈⊤∈⋈⋈⋈⋈≺⋈⋈≺∋⊤⋈⋈⊥⋈⋈∋⋈⊤⋈⋈⊥⊥⊤∈⊞⋈∈⊤∈⊞⊤∈⋈⊤⋈∈∋∋∈∋⋈⊤∈⋈⋈⋈≻∋⋈≺∋≺∋⋈⋈⋈≻⋈⊤∈⋈⋈⋈⊡⊡⊤⋈⋈⊥⋈⊤⊥⊥⋈⋈⋈⋈⋈⊞∈⋈⊞⋈≻⋈⋈⋈⋈⊤∈⋈∋⊤∈⊤⋈⋈⊥⋈⊤⊥⋈∈⊤∈⊞⊤∈⋈⊤⋈∈∋∋∈∋⊞⊡⊤∈∋⋈⊙⋈⊤∈∋⋈⋈≻⋈⋈⋈⋈⋈⊡⊡⋈⋈⋈⋈≺≺∋⋈⋈∋⊤∈⋈⋈⋈⋈≻∋⋈⊤∈⋈⋈⋈⋈≻⋈⋈⋈≺⋈⊙⋈⊤∈⋈⋈⋈⊡⊡⋈⋈≻⋈⋈⋈≺∋∋∋∋⋈⋈⊤∈⋈⋈≺⊤∈⋈⊞⋈⋈⋈≺∋∋⊤∈⋈⋈⊙⊤∈⋈≺∋∋⋈⊤∈⋈⋈⋈⋈≻∋⋈⊤∈⋈⋈⋈⋈⋈⊤∈∈∋⋈⋈⋈≻⋈⋈⋈⋈⋈⊞⋈⋈≻⋈⋈≻⊤∈⊤∈∋⋈⋈⋈≻∋⋈≺∋⋈⋈≻⋈⋈⋈⋈⋈≻⋈⋈⋈⋈≻⋈⋈⋈⊤∈⋈⋈⋈≻∋⊡⊡⋈⋈⋈⋈⊡⋈⋈≻⋈∈⋈⋈⊞⊤∈∋⋈⋈⋈⋈⋈⋈⊙⋈⋈⋈⊙⋈⊤∈⋈≻∋⋈⋈⊞⋈⋈⋈⊙⋈⋈⊞⋈⋈⊡⋈⋈≻⋈⋈⊞⊤⊥⋈⋈⋈⋈⋈⊤∈⋈⋈⋈≻∋⋈∈⋈⋈⊤∈⋈⋈⋈≻∋⊞⊤∈∋⋈⋈⋈⋈⋈≺⋈⋈⋈≻⋈⋈⊤∈⋈⋈⋈≻≺⋈⋈⋈≻≺∋∋∋⋈⋈⋈⋈≺∋∋⋈∈⋈⊤∈⋈⋈⋈≻∋⊞⊤∈≺∋∋⊡⊞≺∋≺∋⋈⋈⋈⋈⋈∋⋈∈⋈⊤∈⋈⋈⋈≻∋⋈⊤∈⋈⋈⋈≻∋⊞⊤∈∋⋈∈⋈⊤∈⋈⋈⋈≻∋⊞⊤∈∋⋈⋈⊤∈∋∋⋈⋈⋈⋈⋈⋈∋⋈⊤∈⋈⋈⊙⊤∈⋈⋈≻⋈⋈⋈≺⋈⋈⋈⊞⊤⊥⋈∈⋈⋈⋈⋈⋈≻⋈⋈⋈⊞⊞⋈⋈⋈⋈⋈⋈⋈≻⋈⋈⋈≻⊤⋈∈⋈⋈⋈⋈≻≺∋∋⊞⋈⋈⊤∈⋈⊤∈∋⋈⋈⊙⊤∈∋⋈⋈≻∋⋈≺∋⋈⋈≻⋈⋈⋈⋈⋈∋⋈⋈⋈⋈⋈≺⋈⋈⊤∈⋈≺∋∋⋈≻∋⋈⋈≻∋⋈⋈≻∋⋈⋈⋈≻∋∋⋈⋈≻⋈⋈⋈⋈⊡⊡⋈⊡⋈⋈⋈≻⋈∈⋈⊞⊤∈∋⋈⋈⋈⋈≻⋈⋈⊞⊤⊥⋈⋈⊤⋈∈∋⊤∈⊤∈⋈⊤∈∋∋⋈⋈⊙⊤∈∋⋈⋈≻∋∋⋈⋈≻∋⋈≺∋⋈⋈≻∋⊞∋⋈⋈≻∋⊞∋⋈⋈≻∋∋∋⊡⊡⋈≺∋⋈⋈⋈⋈⋈⊡⊡⋈⋈⋈⋈≻⋈⋈⊤∈⊤∈⋈⊤∈⋈⋈⊞⊥⋈⊞⊤⊥⊞∈⊤∈⋈⊞⋈⋈⋈≻⊤∈⋈⋈≺∋⋈⋈⋈⊙⋈≺⊞∋⋈⋈≻⋈⋈≺⋈≺∋∈⋈⋈⋈≻⋈⋈⋈⋈⋈⊤∈⋈⋈⊤∈⋈≻∋⋈⋈⊞⋈⋈⋈⋈⋈⋈⋈⊞⋈⋈⊤⋈∈⋈⋈⊤∈∋⋈⋈⊤⊥⋈⊞⊞⊥⊞∈⋈⊡⊞⊞⊤∈⋈⋈⊡⊞⋈≺∋⊞⊤∈⋈⋈≻⋈⋈⋈⋈⋈⊤∈⋈⋈⋈⋈⋈⋈⋈⋈⋈⋈⋈≻⋈⊤∈⋈⋈⋈≻∋⋈⋈⋈⊤∈∋⋈⋈⊡⋈⋈⋈⋈⋈⊡⋈⋈⋈⊤∈⋈⋈⋈⋈⋈⋈⋈⋈⋈⋈⋈⋈⋈⋈≻⋈⋈⋈⋈⋈⋈⊤∈∋⋈⋈⋈⋈⋈⊡⊡⊡⋈⋈⋈⋈⋈⋈≻⊤∈⋈⋈≻⊤∈∋⋈⋈≻⊤∈⋈⋈≻⊤∈∋⋈⋈⋈⋈≻⋈⋈≻∋⋈⋈⋈⊙⋈⊤∈⋈⋈⋈⋈≻∋⋈⊤∈⋈⋈⋈⋈≻∋⋈⊤∈⋈⋈⋈⋈≻≺⊡⊡⋈⋈⋈≺∋⋈⊤∈⋈⋈⋈⋈≻∋⋈⊤∈⋈⋈⋈⋈≻∋⋈⊤∈⋈⋈⋈⋈≻∋⋈⋈≺⋈∋∋⊡⋈⋈⋈⊡⋈⋈⋈⋈⊙⊤⋈⋈∈≺⋈≺⋈⋈⋈⋈≺∋∋∋⋈⋈⊙⊤∈⋈⋈≻∋⋈⋈≻∋⋈⋈≻∋⋈≺∋⋈⋈≻∋⋈∋⋈∋⋈⋈⋈⋈⊙⋈⋈⋈∋⋈∋⋈⊡⊡⋈≺∋⋈≺∋∋⋈⋈⋈⊡⊡⋈⋈⋈⊤∈⋈⋈⋈⋈≻≺∋∋∋∋⋈⊤∈⋈⋈⋈≻∋⋈∋≻∋⋈⋈⋈⊙≺≺∋⋈⋈⊡⊡≺∋⊞⋈∋⊞⋈⋈⋈⋈⋈⋈⊣⋈⋈⋈⋈⋈⋈⋈⋈⋈⋈⋈⋈≻⋈⋈⋈⋈≺∋⋈⋈⋈⋈⊞⋈⋈⋈⋈⋈⋈≺⋈⋈⋈⋈∋⊞⋈⋈⋈⋈⋈⋈⊣⋈⋈⋈⋈⋈⋈⋈⋈⋈⋈⋈⋈∈⋈≻⊤∈⋈⋈∋⊤∈⋈⋈⋈⋈⋈⋈⋈⋈≻⋈⋈⋈⋈⊞≺∋⋈≺∋⊞⋈⋈⋈⋈⋈⋈⊣⋈⊤∈⋈⋈⋈⋈⋈≻⋈≺∋⋈⊞⋈≺∋⋈⋈⋈⋈⋈⋈⋈⋈⋈⋈⋈⊞⋈⋈⋈⋈⋈⋈≺⋈⋈≺∋⋈⋈⋈⋈≻⊞⊤⊥⋈≺∋⋈⋈⋈⋈⋈⋈≻⋈⊤∈⋈⋈⋈≻≺∋⋈⋈⊞⋈⋈⊞⊞⊞⊞⊞⊞⋈⊞∈⊞⊡⊞⊞⊞⊤∈⋈⋈⋈⋈⊡⋈⋈⊡∈⋈⊞⊞⊞⊞⋈⊤∈⋈⊞⋈⋈⋈⋈⊙⋈⊤∈∋⋈⋈⊞⋈⋈⋈⋈⊡⊞⋈⋈⊡∈∋∋⊤⋈∈⊞⊤∈⊞⊞⊞⊞∋⊞⊞⊤∈⋈⊤∈⊡⊞⊞⋈≺∋⊞⋈⊡⋈⊞⋈⋈⊡⊞⋈⋈⋈⋈⋈∋⋈⋈⋈⋈⋈⋈⋈≺∋⊞⊞⊞⊞≺∋⋈⋈⋈≺∋∋∋⊞⋈⋈⋈⋈⋈⋈⊣⊞⊞⊞≺∋⋈⋈⋈⋈⋈⋈⋈⋈⋈⋈⋈⋈∈⋈≻⊤∈⋈⋈⋈⊤∈⋈∋⋈⋈⋈⋈⋈⋈≻⋈⋈⋈≺⋈⋈⋈⋈≻⊤⋈⊥⊤∈⋈⋈⋈≻⋈⋈⋈⋈⋈≻⋈⋈⋈⊤∈⋈⊤∈⊤⋈∈⋈⋈⋈⋈≻⊤∈⋈⋈⋈≻⋈⋈⋈⋈≻⋈≺∋⋈≺⋈⋈⋈⋈⋈≻⊤∈∋⋈⊞⋈⋈∈⋈⋈⋈≻≺≺∋⊞⋈⋈∋⋈⋈⋈⋈≻⋈⋈⋈⋈⋈⋈⊤∈⋈⋈⋈⋈⋈⊙⋈⋈⋈⋈⋈⋈⋈⋈⋈⋈≻⋈⋈⋈⋈⋈⋈⊤∈⋈⋈⋈⋈⊙⋈⋈⋈⋈⋈⋈⋈⋈⋈≻⋈⋈≻⊞⊞⊞⊞∈⋈⊞⋈⋈⋈⊞⋈⋈⊞⊞∈⋈⋈⋈⋈⊞⊤∈∋⋈⋈⋈≻⊞⋈⊞⊡⋈⊞⋈⊞⋈⋈≻⋈⋈⊞⋈≻⋈⋈⋈⋈⊙⋈⋈⋈⋈⊞⋈⋈⊞⊞⋈⊞⋈⊞⊞⊞⊞⊞⋈⊞⋈⊞⊤∈∋⋈⊤⋈∈∋⋈⋈⊙⊞⊞⋈⋈⊤⊥⋈⊞⊞⊤⊥⊞∈⋈⋈⋈⋈≻⋈⋈⋈⋈⋈⋈≺⋈⊞⋈⋈⊞⋈⊞⋈⊞⊞∈⋈⊞⋈⋈⋈⊞⋈⋈⊞⊞∈⋈⋈⊞⊤∈⋈⋈⋈≻⊞⋈⊡⋈⋈⊙⋈⋈⊞⋈⋈⊞⋈⋈⊞⊞⋈⊞⋈⊞⊞⊞⊞⋈⊞⋈⊞⋈⋈≻⊡⋈⋈⊞⋈≻⋈⊡⋈⊙⋈⋈⊞⋈⊞⊞⊞⊞⋈⋈⊞⊤∈∋⋈⊤⋈∈∋⋈⋈⋈⋈≻⋈⋈⋈≻⋈⋈⋈≻⋈⋈⋈⋈⊤∈⋈⋈⋈≻∋⋈⋈⋈⋈≻⋈⋈⋈⋈⋈⋈≻⋈⋈⋈⋈⋈⊤∈⋈⋈⋈⋈⋈⊙⊡⊡⋈⋈⋈⋈⋈⋈⋈⋈⋈⋈≻⋈≻⋈⋈≻⋈⋈⊞⋈⋈⋈⋈⋈⋈⋈⋈≻⊞⊡⊡⊡⊞⊞⋈⊤⊥⊡⊞⊞⊤⊥⊞⊞⊤⊥⊤∈⋈⋈⋈⊞⊞⋈⊞⊞⊞⋈⋈⊞⊞⋈⊞⊞⊞⋈⋈⊞⋈⊙⋈⋈∈⋈⋈⋈⋈⋈⋈⋈⋈⊙⋈⋈⋈⋈⊙⋈⋈⋈⋈⋈⋈⋈⋈≻⋈≻⋈⋈⋈⋈≻⋈⋈⊤∈⋈⋈⋈≻∋⋈≻⋈≻⋈⋈⋈⋈≻⋈≺∋⋈⋈⋈⋈⋈⋈⋈⋈⋈⋈⋈⋈⋈⋈≻⋈⋈⋈⋈⋈⋈⋈≻⋈≻⋈⋈⋈⋈⋈⋈≺∋⋈⋈⋈⋈≻∋⋈⋈⋈⋈⊤⋈∈⋈⋈⋈≻∋⋈≻⋈≻⋈⋈⋈⋈⋈⋈≺∋⋈≻≺⋈⋈⋈⋈⋈⋈⋈⋈⋈⋈⋈⋈≺∋∋⋈∋∋⋈∋⋈⋈⋈≻≺⋈⊤∈⋈⋈⋈⋈⋈≻⋈≺∋⋈⊞⋈≺∋⋈⋈⋈⋈≻⋈⊤∈⋈⋈⋈⋈⋈⋈⋈≻⊤⊥⊤∈⋈⋈⊙⊤⋈∈∋⋈⋈≻⋈⋈⋈⋈∋⋈⋈⋈≺⋈⋈⋈⋈≻⋈⋈⋈⊤∈⊤∈⊤⋈∈⊞⊤∈⋈≺∋⊤∈⊤∈∋⋈⋈≻⊤∈⋈⋈≻⊞⊤⊥⊤⋈∈∋∋⋈⋈⋈≻⊤⊥⊤∈⋈⋈⋈≻≺⊞⋈⋈⋈⋈⊤∈⋈⊞⊞⋈⋈⊞⋈⋈⋈⋈⊞⊞⋈⊞∈⋈⋈⋈⋈⋈⋈⋈≻⊤⊥⊤∈⋈⋈⋈⋈⋈⋈⋈≻⋈⋈⋈⋈⊤∈⋈⋈⋈⋈⋈≺∋⋈≻⋈⋈⊤∈∋⋈⋈⋈⋈⋈⋈⋈⋈⋈≺⋈⋈⋈⋈⋈⋈⋈⋈≻⊤⋈⊥⊤∈⋈⋈⋈⋈⋈⋈⋈≻⋈⋈⋈⋈⊤⋈∈⋈⋈⋈⋈⋈⋈≺∋⋈≻⋈⊤∈∋⋈⋈⋈⋈⋈⋈⋈⋈⋈⋈⊤∈⋈⋈⋈⋈≻∋∋⋈⋈⋈≻⋈⋈⋈⋈≻⋈⋈⋈⋈⋈⋈⋈⊤∈⋈≻⋈⋈∋⋈⋈⋈⋈⋈⋈⋈⋈⋈⋈⊞⋈⋈⊞⊤⋈∈∋⋈⋈⊤∈⋈≺∋⋈⋈⋈⋈⋈⋈⋈⋈⋈⊙⋈⋈⋈⋈≻⋈≺∋⋈⋈⋈≻⋈⋈⋈⋈⊤∈⋈⋈⋈⋈⋈⊙⋈⋈⋈⋈⋈⋈⋈⋈≻⋈⋈⊤⋈∈⋈⋈⋈⋈⋈⋈≻⋈⋈⊤∈∋⋈⋈⋈⋈⋈⋈≺⋈⋈⋈⋈⋈⋈≻⋈⋈⋈⋈⊤∈⋈⋈⋈⋈⋈⋈⋈⋈≻⋈⋈⋈⊤∈⊤∈⊤∈⊞⊤∈⋈⋈⋈≻⋈⋈⋈⋈≻≺⋈≺∋⋈⋈⋈⋈≻⊞⊤⊥≺∋⋈⋈⋈⋈⋈⋈⋈⋈⊙⋈⋈⋈⋈⊙⋈⋈⋈⋈⋈⋈⋈⋈∋⋈⋈≺⋈⋈⋈≺∋⋈⋈∋⋈∋⋈⋈⋈≻≺⋈⋈⋈≻⋈≺∋⋈⋈≺≺∋∋⋈⋈⋈⋈≻⋈⋈⋈⋈∋∋⋈⋈⋈⋈⋈≺∋⋈⋈⋈≺∋∋∋∋∋⋈⊤∈⋈⋈⋈≻∋∋⋈⋈⊤∈⋈⋈⋈⋈⋈⋈⋈⊙⋈⋈⋈⋈⋈⋈⋈⋈⋈⊡⊡⋈⋈⋈⊙⋈⋈⋈⋈⋈⋈≻⊤∈⋈⋈⋈≻⊤⊥⊤∈⋈⋈⊙⊤∈∋⋈⋈≻⋈⋈⊡⊡⋈⋈⋈≺⋈⋈⋈⋈⋈⋈⋈⋈⋈≻⊤⊥⊤∈⋈⋈⋈⋈⋈⋈⋈⋈⋈≻⋈⋈⋈⋈⊤∈⋈⋈⋈⋈⋈⋈≺∋⋈≻⋈⊤∈∋⋈⋈⊡⊡⊡⋈⋈≺⋈⋈⋈⋈⋈⋈⋈⋈⋈⋈⋈≻⊤⋈⊥⊤∈⋈⋈⋈⋈⋈⋈⋈⋈≻⋈⋈⋈⊤∈⋈⋈⋈⋈⋈⋈⋈⋈≺∋⋈≻⋈⊤∈⋈⋈⋈⋈⋈⋈⋈⋈⋈⋈⋈⋈⋈≻⋈⋈⋈⋈⋈⊤∈⋈⋈⋈⋈⋈⋈⊤∈⋈⋈⋈≻∋⋈⊤⋈∈⋈⋈⋈≻∋⋈⋈⋈⋈⋈≻⊤⊥⊤∈⋈⋈⋈⋈⋈⋈⋈≻⋈⋈⋈⊤∈⋈⋈⋈⋈⋈⋈⋈⋈≺∋⋈≻⋈⊤∈⋈⋈⋈⊡⊡⋈⋈⋈≻⋈⊤∈⋈⋈⋈⋈≻∋⊤∈⋈⋈⊤⋈∈⋈⋈⋈≻≺⋈⋈⋈≻⋈⋈≺⋈≺∋⋈⊡⊡⋈∋⋈⊤∈⋈≺⋈⋈⊡⊡⋈⋈⊤⋈∈⋈⋈⋈≻≺⋈≺∋⋈⋈⊡⊡⊡⋈⋈∋∋⋈⊤∈⋈∋⋈⋈≻∋∋∋⋈⊤∈∋⋈⋈⋈⋈⋈⋈≺∋∋∋⋈⋈⋈≻⊤⊥⊤∈⋈⋈⊙⊤∈∋⋈⋈≻⊡⊡⋈⋈⋈⋈⋈⋈⋈⋈⋈⋈≻⋈⋈⋈⋈⋈⊤∈⋈⋈⊡⊡⋈⋈⋈≻⊤⊥⊤∈⋈⋈⋈≻≺⋈⋈⋈⋈≻⋈⋈⋈⊤∈⋈⊤∈⊤∈⊤∈⋈⋈⋈≻⋈⋈⋈⋈≻⋈⋈≺⊞⊤⊥⋈≺⋈⋈⋈⋈⋈⋈⊡⊡≺∋∋⋈⋈⋈⋈⋈≺∋∋⋈⋈⋈⋈⋈⋈∋⋈⋈⋈⊞⋈⋈⋈⋈⋈⋈⋈⋈⋈≻⊤∈⋈⋈⋈⋈⋈≻∋⋈∋⋈⋈⋈⋈≻∋⋈⋈⋈⋈≻⊤⊥⊤⋈⋈⊥⋈⋈⊥∈⋈⋈⋈⋈⋈⋈⋈⋈⋈≻⋈⋈⊤∈≻⋈⋈⋈≻⊤∈⊤∈⋈⋈≺∋⋈≻≺⋈⋈⋈⋈⋈≻⋈⋈⋈⋈⋈⊤∈⋈⋈⋈⊡⊡⋈⋈⋈⋈⋈⋈⋈≻⊤∈⋈⋈⋈⋈⋈⊤∈⋈⊤∈⋈⋈≻⋈⋈⋈⋈≻⊤⊤∈⋈⊤≺∋⋈∈⋈⋈⋈≻⊤⋈⊥⊤∈⋈⋈⋈≻⋈⋈⋈⋈⋈⋈⋈⋈≻⋈⋈⋈⋈⋈⋈⊤∈⋈⋈⊤∈∋∋⋈∋∋⋈⋈⋈⋈≻⋈⋈⋈⋈⋈⋈⋈≻⋈⋈⋈⋈⋈⊤∈⋈⋈⋈⋈⊙⋈⋈⋈⋈⋈⋈⋈⋈≻⋈⋈⋈⋈⋈⋈⊤∈⋈⋈⋈⋈≻⋈⋈⋈⋈⋈⊡⊡⋈⋈⋈⊙⋈⋈⋈≻⊤⋈⊥⋈⋈⋈≻⊤⊥⊤∈⋈⋈⋈≻≺⋈⋈⊞⊞⋈⋈≻⋈⋈⋈⋈⊤∈⋈⋈⋈≻⊤⋈⊥⋈⋈⋈≻⊤⊥⊤∈⋈⋈⋈≻⋈⋈⋈⋈≻⋈⋈⋈⋈⋈⊤∈⋈⋈⋈⊡⊡⊞⊤⊥⋈⋈⋈⋈⋈≻⊤∈⋈⋈⋈⋈⋈⋈⋈⋈⋈≻⋈⋈⋈⋈⋈⋈⊤∈⋈⋈⋈⋈⋈⋈⋈⋈⋈⋈⋈⋈⋈⋈⋈⋈⋈⋈⋈⋈⊙⋈⊞⋈⋈⋈⊞⋈⋈⋈⋈⋈⋈⋈⋈⊡⋈∈∈⋈≻⋈⋈⋈⋈≻⋈⋈⋈⋈⋈⊤∈⋈⋈⋈⊡⊡⋈≺⋈⋈⋈⊙⋈⋈⋈⋈⋈⋈⋈⊤∈⋈⋈⋈⋈⊙⋈⋈⋈⋈⋈⊞⋈⋈⋈⋈⋈⋈⋈≻⊞⋈⋈⊤∈⋈⋈⋈⋈⋈⋈⋈⋈⋈⋈⋈⋈⋈≻⋈⋈⋈⋈⋈⊤∈∋⋈⋈⋈⋈⋈⋈⋈⋈⊞⊞⋈⋈⋈⋈⋈⋈⋈≻⋈⋈⋈⋈⋈≻⋈⋈⋈≻⋈⋈⋈⋈⋈⊤∈⋈⋈⋈⋈⋈⋈⋈⋈⊞⊞⋈⋈⋈⋈⋈⋈⋈≻⋈⋈⋈⋈⋈⋈≻⋈⋈⋈≻⋈⋈⋈⋈⋈⊤∈⋈⋈⊡⊡⋈⋈⋈⋈⋈⋈⋈⋈⋈⋈⋈⋈⋈⋈⋈⋈⋈≻⋈⋈⋈⋈⋈≻⊤⋈⊥⊤∈∋⋈⋈⋈≻⋈⋈⋈⋈⋈≻⋈⋈≻⋈⋈≻⋈⋈≻⊡⊞⊞⊤⊥⋈⋈⋈⋈⊡⋈≻⊡⊞⊞⊤⊥⋈⋈⋈⊡⋈≻⊡⊞⊞⊤⊥⋈⋈⋈⊡⋈⋈≻⊞⋈⊤⊥⋈⋈⋈⋈⋈⋈≻⋈⋈⋈⋈⋈⋈⋈⋈⋈⋈⋈⋈⋈⋈⋈⋈⋈⋈⋈⋈⋈⋈⋈⋈⋈⋈⋈⋈⋈⋈⋈⋈⋈⋈⋈⋈⋈⋈⋈⋈⋈⋈⋈⋈⋈⋈≻⋈⋈≻⋈⋈≻⋈⋈⋈≻⋈⋈⋈≻⋈⋈⋈≻⋈⋈⋈≻⋈⋈⋈≻⋈⋈⋈≻⋈⋈⋈⋈⋈⋈⋈⋈≻⋈⋈⋈⋈⋈⋈⋈⋈⋈⋈⋈⋈⋈⋈⋈⋈⋈⋈⋈⋈≻⋈⋈⋈≻⋈⋈≻⋈⋈≺∋⋈⋈≻⋈⋈≻⋈⋈⋈⊡⊡⋈≺∋⊤∈⋈∈⋈≻⊞⊞∈∋∋⋈⋈⋈⋈≻⋈⋈≻⋈⋈⋈⋈⋈⊡⊡⋈≺∋⊤∈⋈∈⋈≻⊞⊞∈∋∋⋈⋈⋈⋈≻⋈⋈⊤∈⋈⋈⋈≻⋈⋈⋈⊡⊡⋈≺∋∋⋈⋈≻⋈⋈≻⋈⋈⊡⊡⋈⋈⊡⋈≺∋⋈≻⋈⊤∈⋈⋈⋈⋈≻∋∋⋈⋈⊤∈⋈⋈⋈≻∋⋈≻⋈⋈⊤∈⋈⋈⋈≻≺⊤∈∋⋈⋈⋈⋈≻≺∋⋈⋈⋈⊡⊡⋈⋈⋈⊤∈⋈⋈⋈≺⋈⋈⋈⋈≻⋈⋈⋈⊤∈⋈⋈⋈≻≺⋈⋈⋈⊡⊡⋈≺∋∋∋⋈⋈≻⋈⋈⋈⋈∋≻⋈⋈⋈⋈⋈⋈≺∋∋∋⋈⋈⋈⋈⊡⊡⋈⋈≺∋≻⋈⋈⋈⊡⊡⋈≺∋∋∋⋈⋈⊤∈⋈⋈⋈≻∋⋈≺⋈⋈⊞⋈⋈⋈⋈⋈⋈⋈⋈≻⊞⋈⋈⊤∈⋈⋈⊡⋈⋈⊡⋈⊡⋈⋈⋈⋈⋈⋈⋈⋈⋈⋈⋈⋈⋈⋈⋈⋈≻⋈⋈⋈≻⊤⋈⊥⊤∈∋⋈⋈⋈≻⋈⋈⋈⋈⊞≻⋈⊞≻⊡⊞⋈≻⊡⊞⋈≻⊡⊞⋈⋈≻⋈⋈⋈≻⋈⋈⋈⋈⋈⋈⋈⋈⋈⋈⋈⋈⋈⋈⋈⋈⋈⋈⋈⋈⋈⋈⋈⋈⋈⋈⋈⋈⋈⋈⋈⋈⋈⋈⋈⋈⋈⋈⋈≻⋈⋈≻⋈⋈≻⋈⋈≻⋈⋈≻⋈⋈≻⋈⋈⋈≻⋈≺∋⋈⋈≻⋈⋈≻⋈⋈≻⋈⋈⊡⊡⋈⋈⊡⋈≺∋⋈⋈≻⋈⋈≻≺⋈⋈⋈⋈⋈⋈⋈≺∋∋⋈⋈≺⋈⋈⋈⋈≻⋈⋈⋈⊤⋈∈⋈⋈⋈≻≺⋈⋈⋈⊡⊡≺⋈⋈⋈⋈≺∋⋈∋⋈≺∋∋⋈∋∋∋∋⋈⊤∈⋈⋈⋈≻≺∋∋⋈≻∋⊤∈⋈⋈⋈⋈≻≺∋∋⋈≻⋈⋈⋈⋈⋈≻⋈⋈⋈⋈⋈⋈⋈≺∋⊞⋈⋈⋈⋈⋈⋈⊣⋈⋈⋈⋈⋈⋈⋈⋈⋈⋈⋈⋈≻⊤∈∋⋈⋈⋈⋈⋈⋈⋈⋈⋈⋈⋈⋈⋈≻⋈⋈≻⊞⋈⋈⋈⋈⋈≺∋⋈⋈⋈⋈⋈⊤∈≻≺∋⋈⊤∈⋈∈⊤∈⋈⊡∈∋⋈∋⋈⋈⊤∈⋈⊞⊡∈⋈⊤∈⋈⋈⋈≻∋⋈≻≺∋⋈⊞≺∋⋈⊤∈⋈≻⋈⋈⊞⊞⋈⋈⊤∈⋈⊞⊞⋈⊞∈∋⋈⋈⋈∋⋈⊞⋈⊞∈⊤∈⋈⋈⋈∈⋈⊤∈⋈⋈⋈⊞⋈⊞⊞⋈⊞⋈⊞⊞⊞⊞⊤∈∋∋⊤∈⋈⊞≺∈⊤∈⋈⊤∈⊞⋈⊤∈⋈≻⊤∈⋈≺∋∋⋈⊞⊤∈⋈⋈⊞⋈⋈⊞⊤∈∋⋈⊞⊤⋈∈∋⊞≺∋⊞∈⋈⋈⋈≻≺⋈⊤∈⊤∈⋈⋈⋈∈⋈⋈⋈⊙⊤∈⊙⋈⊤∈⊞⊞⊤∈⋈≺∋⋈⊞⋈⊤∈⋈⊞∈⊞⋈≺∋⊤∈∋≺⋈⊞⊤∈⋈⋈⋈≻⊤∈≺⋈⊞⋈⋈⊙⊞⋈∋⋈≻⊤∈∋∋∋⊡∋∋∋⊞⋈⋈⊞⊤∈∋⋈⋈⋈≻⊡⊤∈≺∋⋈≻⋈≻⋈⊞⋈≺∋⋈⊙⊞⋈⊡∋⊡⋈∈⋈⊞⋈⊤∈⋈⋈⋈⋈⊞⊙≺∋∋⊤∈∋≻∋≻∋⋈⋈≺∋∋⋈⋈⋈≻≺∋∋⊣⋈⋈≻⊞⋈⋈⋈⋈⋈⋈⊣⊡⊡⋈⋈⋈⋈⋈⋈⋈⋈⋈≻⋈≺∋⋈⋈⋈⋈⋈≻⊡⊞⊤∈⊞≺∋∋⊞⋈⋈⊤⊥⋈⊞⊤⊥⊞⋈⊞⊞⊤⊥⊤⊥⊞⊞∈⋈⋈⋈⋈⋈⋈⋈≻≺⋈⊡⋈≺∋⋈⋈⋈≺∋∋∋⊞⋈⋈⋈⋈⊣
0x1b5a25a6	⊢⋈⋈⋈⋈⋈⋈⊞⋈⋈⋈⊤∈⋈⋈⋈∈⋈⋈⋈⋈⋈≻⋈⋈⊞∈⋈⋈⋈≻⋈⋈⋈⋈⋈⋈⋈⋈⋈⋈≻⊤∈⋈⋈≻⋈⋈⋈⋈⊙⋈⋈⋈⋈⋈⊞⋈⋈⋈⋈⊣⋈⋈⋈⋈⋈⋈⋈⋈⋈≻⋈⋈≻⋈⋈⋈⋈⋈⋈⋈⋈⊤∈∋∋⋈⋈⋈⋈⋈⋈⋈⊞⋈⋈⋈⋈⋈⋈≺
0x1b593e52	⊢⋈⋈⋈⋈⋈⋈⊞⋈⋈⋈⋈⋈⋈≻⋈⋈⊤∈⋈⋈⋈⋈⊤∈⋈⋈⋈⋈≻⋈⋈⊤∈⋈⋈⋈⋈⊙⋈⊤∈⋈≻⋈⋈⋈⊞⊥⊤⊥⊞∈⊞∈⋈⋈≻∋⊤∈⋈⊞⋈⋈⋈⋈≻⋈⋈⊤⋈∈∋≺∋⊤∈⊞⊞∈⋈⊞⋈⊞⊤∈∋≺∋⋈⋈⋈⋈⋈≻≺∋⋈≻⋈≺∋⋈⋈⋈⊙⊤∈⋈⋈⋈⋈⋈⋈⋈⋈⋈⋈⋈⋈⋈⋈≻⊤∈∋⋈⋈⊞⋈⋈⋈⋈⋈⋈≺⋈⋈⋈⊞⋈⋈⋈⋈⋈≻⊤∈⋈⋈⋈⋈⋈≻∋⋈⋈≻⋈⋈⋈⋈⋈⋈⋈⋈⋈⋈≻⊤∈⋈⋈≻⋈⋈⋈⋈⋈⋈⊤∈⋈⋈⋈⋈≻⊤∈⋈⋈≻⋈⊞∈⊤⊥⊞⊤∈∋⋈⊤⊥⊞⊥⊞∈⊤∈∋⋈⋈∈⋈⊞∈⋈⊞⊤∈⊤∈≺∋⋈⊞⊞≺∋∋∋∋⋈⋈≻⋈⋈⊞⋈⋈⋈⋈≺⋈⋈⋈⋈⊙⋈⋈⋈⋈⋈⊞⋈⋈⋈⋈⊣⋈⋈⋈⋈⋈≺∋⊞⋈⋈⋈⋈⋈⋈⊣
0x1b5e7f80	⊢⋈⊞⊤⊥⋈⋈⋈≺⋈⋈⋈⋈⋈⋈⋈⊞⊤∈⋈⋈⊤∈⊤∈⊤∈≺∋⋈⊞⊞⋈⋈⋈⋈⋈⋈≺⋈⋈⊤∈∋⊤∈⊤∈⋈⋈⋈⋈⋈≻⊤∈⋈⋈≻⊤∈⋈⋈⋈⋈⋈⋈⋈⋈⋈⋈⋈⋈⋈⋈≻∋⋈≺∋∋∋∋⋈⋈⋈⋈⋈⋈⋈⊡∈⋈⋈≻⋈⊤∈⊞≺⋈⊤∈⋈≻≺∋⋈⋈⊙⋈⊤∈⋈⋈⊙⊤∈∋≺∋∋∋⋈⊞⋈⋈⋈⋈⋈⋈⊣
0x1b5c3090	⊢⋈⋈⋈⋈⋈⋈⋈⊞⋈⋈⊤∈⋈⊤∈∋⋈⋈⋈⋈⋈⋈⋈⋈⋈⋈⋈⋈⋈⋈⋈⋈⋈⊤∈⋈⊙∋⋈⊤⊥⋈≻⊤∈⊤∈⋈⋈⊤∈⋈⊙⋈∋⋈⋈⋈⋈⋈⋈⋈⊞≻⋈⋈⋈⊡∋∋⋈⊡⋈⋈⊞⊞≺∋⊞⋈⋈⋈⋈⋈⋈⊣
0x1b5b6e4d	⊢⋈⋈⋈⋈⋈⋈⊞⋈⋈⋈⋈⋈⋈⋈≻⋈⋈⊞⊤∈⋈⊤∈⋈⊞⊤∈∋⋈⊞⋈⋈≺∋⋈⊤⊥≺∋⋈⋈⊞⋈∈⊤∈∋⋈⋈⋈⋈⋈⋈⋈⋈⋈≻⋈⋈⋈⋈⋈⊤∈⋈⋈⋈≻⋈∋⋈≺⊤∈⋈⋈⋈≻⋈⋈⋈⋈⋈⋈⊞⋈⋈⋈⋈⋈⋈⋈⋈⊞∈⋈⋈≺∋⊤∈⋈⋈⊤∈⋈⋈≺∋⊤∈⋈⊤∈⋈⋈≺∋⊤∈⊤∈⋈⋈⊞⋈≺⊤∈⋈⋈⊞⋈⋈⋈≺∋∋⊤∈⋈⋈⋈⋈≺⊤∈⋈⋈⋈⊞⋈⋈⋈≺∋∋⊤⋈∈⋈⋈≺⊤∈⋈⊞⊞⋈⋈≺∋∋⋈⊞⋈⋈⊞≻⋈⊤⋈⊥⊤⋈⋈⊥⋈⋈⋈⋈⊞⋈∈⋈⊞∈⋈⊤∈⋈⊞⋈⋈≻⊤∈⋈⊤∈⊞⋈⋈⊞⊞∈⋈⊡⋈⊞⊞⊞⋈⊞⊞⋈⊤∈∋≺∋⋈⋈⋈⊤∈⊞⋈⊞⊞⊞∈⋈⊡⊞⊞⊞⋈⊞⊞⋈⊤∈∋≺∋⋈⊤∈⋈⋈⋈≻∋⋈⋈⋈≻⊞⊞⊥⊞⊥⋈⊞⋈⊞⊤⋈∈∋⊤∈⋈⊞⋈∈∈⋈⋈⊞⊤∈⋈⋈⊞⊥⋈⊞⊤⊥⊞∈⊞∈⋈⋈≻∋⊤∈∋⋈⊞⋈⋈⋈≻⊤∈∋⋈⋈⋈≺∋⋈⋈⋈⊙≺⋈⊞⋈∈∈⋈⋈⋈≻∋⋈⋈≺∋⋈≻∋∋∋⋈⋈⋈⋈⋈⋈⋈⋈⋈⋈⋈⋈⋈⋈⋈⋈⋈≻∋⋈⋈⊞⋈⊤⊥⊞⊞∈⊤∈⋈⋈⊞⋈⊞⋈⊞⊞⋈⊞⊞⊞⊞⊞⋈⊤∈∋∋⊤∈⋈⋈≻⊤∈∋⋈⋈≻⊤∈⋈⋈⋈⋈⋈⊞∈⋈⋈⊞∈⋈⋈⋈≻∋⊞⊞∈∋⊞⋈⋈∋⊣⋈⋈⋈⋈⊙⋈⋈≺⋈≺∋⋈≺∋⋈∋∋⋈⋈⋈⋈⋈⋈⋈⋈⊞⋈⋈⋈⋈⋈⋈≺⋈⊤∈⋈⊤∈⋈⊞⊤∈∋⊞⋈⋈≺∋⊞∈⋈⋈⊞⋈⊞∈∋≺∋⊞⊤⊥⋈∋⊤∈⋈⋈⋈≻⋈∋⋈⊤∈⋈⋈⋈≻⋈∋⋈⋈⋈⊤∈⋈⋈⊤∈⋈⋈⋈≺⋈⊤∈⋈⊞⋈⋈≺∋∋⋈⋈⋈⊤∈⊤∈⋈⊞⊞⊞⋈⋈⋈≺∋∋⊤∈⊤∈⋈⋈≻⋈≺⊤∈⊤∈⋈≻⋈⋈⊤∈⋈⋈⋈≻⋈∋⋈⋈⋈≺⋈⊤⋈∈⊤∈⋈⊤∈⋈⋈⊞⊥⋈⊤⊥⊞∈⊞∈⋈⋈≻∋⋈⊤∈⋈⊞⋈⋈⋈≻⊤∈∋⋈⋈≺∋⋈⋈⋈⊙⋈⋈≺⋈⋈≺∋∋⋈⋈∋⋈⋈⋈⋈⋈≻⋈⋈⋈⋈⋈⊤⋈∈⋈⋈⋈≻⋈∋⋈⋈⋈∋⋈⊞⊤⊥⋈≺∋∋∋⋈⋈⋈⋈⋈≻⋈⊤∈⋈⋈⋈≻∋⋈⋈⋈⋈∋⊞⋈⋈⋈⋈⋈⋈⊣
0x1b5e7e20	⊢⊤∈⋈⋈⊞⊞⋈⊤∈∈⊞⋈⋈⊞⊤∈⋈⊡∈⋈⊤∈⊞⊞⊤∈∋≺∋⋈⊤∈∋⋈⊞⊞∈∋∈⊞⋈⊞⊞⊡∈⊤∈∋⋈⊣⋈⊤⋈∈∋⋈⊞⊞⊞∈∋≺∋⊞∋⊣
0x1b5e8780	⊢⋈⋈⊙
0x1b5e87a0	⊢⋈⋈⊙
0x1b5e6e90	⊢⋈⊤∈⋈⋈⋈⊣⋈⋈⋈⊤∈⋈⊞⋈⋈⋈⊞⊤∈⊞⊞⋈≺⋈⋈⋈⊞⊞⊞⊤∈⊞⊞⋈⋈⋈⋈⊞⊞⊞⊞⊞⊞≺∋∋∋⋈⋈⊣
0x1b5b53b9	⊢⋈⋈⋈⋈⋈⊞⋈⋈⋈⋈⋈⋈⋈⋈⋈⋈⋈⋈≻⋈⋈⋈⋈⋈⋈⊤∈⋈⋈⋈≻∋⋈⋈⋈≻⋈⋈⋈⋈⋈⋈⋈⊤⊥⊤∈⋈⊤⋈⊥⊤∈⋈⊤⋈⊥⊤∈∋⋈⋈⊞⋈≻≺∋⊤∈⋈⋈⋈⋈⋈≻≺∋∋⊞⋈⋈⋈⋈⋈⊣
0x1b5f0970	⊢⋈⋈⋈⋈⋈⋈⋈⊤∈⋈≻⋈⊙⊤∈∋⋈⋈≻⊞⋈⋈⋈⋈⋈⋈⊞⋈⋈⊣
0x1b5ec8e0	⊢⋈⋈⋈⋈⊤∈⋈⋈⋈≻⋈⊞⋈⋈⋈⋈⋈⊣
0x1b5f0ad0	⊢⋈⋈⋈⋈⋈⊞⋈⋈⋈⋈⊤∈⋈≻⋈⋈≻⋈⋈⋈⋈⋈⋈⋈⋈⋈⋈⊞∈⊤∈⊤∈⋈⋈⋈≻⊤∈⋈⋈≺⋈⊤∈≺⊞⊤∈∋≺∋⋈⊤∈∋⋈≻∋∋⋈⋈∋⊞⋈⋈⋈⋈⊣
0x1b5ebf00	⊢⋈⋈⊞⋈⋈⋈≻⊞⋈⊣
0x1b5e7ef0	⊢⋈⋈⋈⋈⊞⋈⋈⋈⋈⋈⋈⋈⋈⋈⋈⊞⋈⊞⊥⋈≻⊞⊤∈⋈⋈⊙⋈∋⊞⋈⋈⋈⊣
0x1b5c3080	⊢≺
0x1b5e8770	⊢⋈⋈⊙
0x1b5e8790	⊢⋈⋈⊙
0x1b5b8d1d	⊢⋈⋈⋈⋈⋈⋈⋈⊞⋈⋈⋈⋈⋈⋈⋈≻⊤∈⋈⋈∈⋈⋈≻⋈⊤∈∋⊤∈⋈≺⋈≺⋈⋈⋈⋈⋈⋈⋈⊤∈⋈⋈⊞⊤∈⋈⋈⋈⋈⋈∈⋈⊞∈⊞≺⋈⋈∈⊤∈⋈∈⊞∈⊤∈⋈⊤∈⋈⊤∈∋⊞⋈⊞⊤∈⋈⋈⊤∈∋⊞⊞⊞≺∋∋⋈⊤∈∋⋈⋈⊞⊤∈⋈⋈⋈⋈⋈⊞⋈∈⋈⊞∈⊞⊤⋈⊥⋈⋈∈⊤∈⋈∈⊤∈∋⋈∋⋈⊞∈⊤∈∈⊤∈∋∋⊞⋈∈⊤∈⋈⊤∈⋈⊞⋈⊞⊤∈⊞⊞⊞⋈≺⋈⊞⊞⊞⊤∈⊞⊞⊞⋈⋈⊞⊞⊞⊞⊞⊞⊤∈∋⊤∈⋈≺⊤∈∈⊤∈∋⋈⋈⋈⊞≻⋈≺⊞≺⊞≺∋∋∋⋈⊤⊥⊞⊤⊥⊤∈∋≺∋⋈≺⊞⊤∈⋈⊤∈⋈⊤∈∋⊞⋈≺⋈⊞⊤∈⋈⋈⊤∈∋⊞⊞⊞≺∋⊞∋⋈⊞⊤∈∋≺∋∋∋∋⋈≺∋∋∋⊤∈⋈⊞⋈⊞⊞∈⋈⋈⊤∈⊤∈⋈⋈⋈≺⊤∈⊤∈⋈⋈≺⋈⊤∈⊤∈⋈⋈⊤∈⋈≺⊤∈∋∋⋈⋈⋈≺⋈≺⋈⊤∈⊤∈⋈⋈⋈≺∋∋∋⊞⊞⋈⊞∈⊤∈⊤∈⋈⊤∈⋈⊞⋈⊞⊤∈⋈⊞⊞≺⋈⊞⊞⊞⊤∈⋈⊞⊞⋈⋈⋈⊞⊞⊞⊞⊞⊞≺⋈∋⋈≺∋∋⊤∈⊤∈⊞⋈∈⋈⊤∈⊞∈⋈⊤∈⊤∈∈⊤∈⋈⊤∈⋈⊞⋈⊞⊤∈⊞⊞⊞⋈≺⋈⊞⊞⊞⊤∈⊞⊞⊞⋈⋈⊞⊞⊞⊞⊞⊞⊤∈⊞≺⊞≺∋∋∋⊞∈∋∋⊞⊤∈∋≺⊞⋈⋈⊥⊞⊥⊤∈⊤∈⊤∈⋈⊤∈⋈⊞⋈⊞⊤∈⊞⊞⊞≺⋈⊞⊞⊞⊤∈⊞⊞⊞⋈⋈⊞⊞⊞⊞⊞⊞⊞≺⊞∋⋈≺∋∋⊤∈≺∋⊤⋈∈∋≺∋∋∋∋∋∋∋∋∋⊤∈∋⋈⊤⋈∈∋∋⊤∈⋈⊤∈∋⋈⋈⋈⋈⊤∈∋⋈⊤∈⋈⋈≺⋈⊤∈⋈⊞⋈⊞⊞∈⋈⊤∈⋈⋈≺∋∋⊞⋈⊤∈⊞⊞∈⊤∈⋈⋈⋈⊞⋈⋈⋈⋈⊞≻⊤∈⋈⊤∈⋈⋈⊞⋈⊞⊞⋈⊞⋈⊞⊞⊤∈⋈⊞⊤∈⋈⋈⋈⋈⋈⋈⋈⋈⋈⋈⋈⊞≻⊤∈∋⋈⋈⋈⋈⋈≻∋⊞⊤⊥⋈⋈≻∋∋⋈⋈≻∋∋⋈⋈≻∋⊞⊤⊥⋈⋈≻∋⋈⋈≺∋∈⋈⋈⋈≻∋⋈⋈≺∋∋∋⋈⋈⋈≻∋⋈⋈≺∋⋈⊤∈⋈⋈∋∋⊤∈⊤∈∈⊤∈∋∋⊞⊞⊞∋⋈⋈≻∋⊞∋⊞≺∋⊤∈⊞⋈⊤∈⋈⋈⋈∈⊤∈⋈⊞⋈⋈⊞⊤∈⊞⊞⊞⋈≺⋈⊞⊞⊞⊤∈⊞⊞⊞⋈⋈⊞⊞⊞⊞⊞⊞⊤∈⊞≺⊞⋈≺∋∋∋⋈⊞⊞⊤⊥⋈⊤⊥⋈⊤⊥⊞⊞∈⋈⊤∈⋈⊞∈∋⊞⊤∈≺∋∋⊤∈∋∋⋈⋈⋈⋈⋈⋈⋈⋈⋈⋈≺∋⊤⋈∈∋≺∋∋∋∋∋∋∋∋∋∋∋⋈⋈⊞⋈⋈⋈⋈⋈⋈⊣
0x1b5c2b90	⊢⋈⋈≻
0x1b5e8f10	⊢⋈⋈≻
0x1b578e90	⊢⋈⊤∈⋈⊙⋈⊞⊞⋈⋈⊤⋈⊥⋈⊙⊤∈⋈∋⋈⊞⋈⊣
0x1b578ed8	⊢⋈⋈⋈⋈⋈⋈⋈⊤⊥⊤⊥⊤∈⋈⋈⋈⊤⋈⊥⋈⋈⊙⊤⊥⋈⊤⊥⊞∈⊤⊥⋈⋈⋈⊙⋈⊙⊞≺∋⋈⊞⋈⋈⋈⋈⊣⋈⋈⊞⋈⋈⋈⋈⊙
0x1b5e8f20	⊢⋈⋈⊞⋈⋈⋈⋈≻
0x1b5b8880	⊢⋈⋈≻
0x1b578f7b	⊢⋈⋈⋈⋈⊤∈⋈⋈⊞⋈⋈⊙⋈⋈⋈⋈⋈⊙⊤⊥⋈⊤⊥⊞∈⋈⊞⋈⊙⊞≺∋⋈⊞⋈⋈⊣
0x1b5b8890	⊢⋈⋈⊞⋈⋈⊤∈⋈⋈⋈⊞⊞⋈⊞⋈⋈⋈⋈⋈∋⊤⊥⊤⊥⊤∈⋈⋈⋈⋈⊞∋⋈⊞⋈⊞⋈⋈⋈⊞≻⊞⋈⊣
0x1b5e8f40	⊢⋈⋈⋈⋈⋈≻
0x1b5e9020	⊢⋈⋈⋈⊞⋈⋈⊙⊤∈⊙⋈⊞⊞⋈⋈⋈⋈⋈⋈≻⋈⊤∈⋈⋈⋈⋈⋈⋈⋈≻≺⋈⊞⋈⋈⊣
0x1b5917c2	⊢⋈⋈⋈⋈⋈⋈⊞⋈⋈⋈⋈⋈⊞∈⋈⊞⋈⊞⊞⊞⊞⊞⋈⋈⋈≻⋈⊞⋈⊞⊞⊞⊞⋈⋈≻⋈⋈⋈⋈⋈⋈⋈⋈⋈⋈⋈⋈⋈≻⋈⋈⋈⋈⋈⋈⋈⋈⋈⋈⋈⋈⋈≻⋈⋈⋈⋈⋈⋈⋈⋈⋈⋈⋈⋈⊞⊞⊤∈∋⋈⋈⋈⊙⊞⋈⋈⋈⋈⋈⋈⊣
0x1b58d80b	⊢⋈⋈⋈⋈⋈⋈⊞⊤⋈⊥⋈⊞∈⊞∈⋈⋈≻∋⋈⋈⋈⋈⋈⋈⋈⋈≻⊤∈∋⋈⋈⋈⊤∈⊞≺⋈⋈⊞⊞⋈∈⊤∈⊞⋈⋈≺∋⊤∈⊞⋈⋈≺∋⊤∈⋈≻⋈⋈∋⊞⊞⊞⋈⊞⋈⊞⋈⊤⊥⊤∈∋⋈⊤∈⋈⊤∈⋈⋈≻⋈∋⋈⋈⊞≺∋⋈⊤∈⋈⊞⊤∈⊞⋈∈⊤∈⊞⋈⋈⊞∈⋈⊞⋈⊤∈∋∋⊞≺∋∋∋∋⋈⋈⋈⊞⋈⋈⋈⋈⋈⋈⊣
0x1b58d669	⊢⋈⋈⋈⋈⋈⋈⊞⋈⋈⊤∈⋈⊤∈∋⊞⋈⋈⋈⋈⋈⋈⋈⋈⋈⋈⋈⋈⋈≻⋈⋈⋈⋈⋈⋈⋈⋈≻⋈⋈⋈⋈⊞⋈⊞∈⋈⊞⊞⋈⋈⋈≻⋈⋈≻⋈⋈⋈⋈⊤∈⊤∈⋈⊤∈⊤∈⋈⋈⋈⋈⊤∈∋⋈⋈⋈⋈≺⋈⋈⋈⋈≺∋∋≻⋈⋈≻⋈⋈⋈∋∋⊤∈∋⋈⋈⋈⋈⋈⋈≻⋈⋈≻≺∋⊞⋈⋈⋈⋈⋈⋈⊣
0x1b591576	⊢⋈⋈⋈⋈⋈⋈⊙⊤∈⋈⋈≻⋈⋈⋈⋈⋈⋈⊞⋈⋈⊤∈∈⋈⋈∈⊞∈⋈⊞⋈∈∋⊤∈∋⋈⋈≺∋∋⊤∈⊞⋈⋈⋈⋈⊞≺⋈⋈⋈⋈⋈≻⊤∈⋈⋈≻⋈⋈⊞⋈⋈⋈⊞⊞⋈⋈⋈⋈⋈⋈⋈≻⊞⊤∈⋈⊤∈≺⋈⊤∈∋⋈∋∋⋈⋈⋈⋈⋈⊞⋈⋈⊣⋈⋈⋈⋈⊞⊞⋈∈⊞⊤∈⋈⊞∋⋈⊤∈⋈≻⋈⋈∋⋈⊞⊞⋈⊞⊞⊞⊞⊤⊥⋈⋈⋈⊤∈∋⊞⋈⋈⊞∈⋈≺⊞⋈⋈∈⊤∈⊞⋈⋈⊞∈⋈⊞⋈⊤∈∋∋⊞≺∋∋∋⋈⋈⋈∋⊞⋈⋈⋈⋈⋈⋈⊣⋈⋈⋈⋈⊞⋈⋈⊣
0x1b58d989	⊢⋈⋈⋈⋈⋈⋈⊞⋈⊤∈⋈⋈⋈⊞∈⋈⋈⋈⋈≻⊤∈⋈⋈⋈⋈⋈⊤∈⋈⋈⊞⋈∋⋈⋈⊞⊤∈⋈⋈⋈⋈⋈⋈≻⋈⋈≺∋⊞⋈⋈⋈⊙⊞⋈⋈⋈⋈⊞∋⋈⋈≻∋⊞⋈⋈⋈≺∋⊞⋈⋈⋈⋈⋈⋈⊣
0x1b58dac6	⊢⋈⋈⋈⋈⊞⋈⊞⋈⋈⋈⊤∈⋈⋈⊞⋈∈⊤∈⋈≻⋈∋⋈⊞⋈⊞⋈⋈⊞⊤⋈∈∋∋⋈⋈⋈⋈⋈⋈⊞⋈⋈⋈⋈⊣
0x1b5870a1	⊢⋈⋈⋈⋈⋈⋈⋈⋈⋈⊞⊤∈⋈⋈⊤⊥⋈⊞⊥⊞∈⋈⊡⊞⋈⊞⊞⊤∈⋈⊤∈⊤∈⋈⋈⋈≻⊤∈⋈⋈⋈⋈⊙⋈⋈⋈≺∋⋈⋈⋈⋈≺⋈⋈⊙⊤∈⋈⋈⋈⋈≺∋∋⋈⋈⊙⊤∈⋈⋈≻∋⋈⋈≻∋⋈⋈≻⋈⋈⋈⋈⋈⋈⊞⋈⋈⋈⋈⊞⊤⋈∈⊤∈⋈⋈⊤∈⋈⋈⊞⊥⋈⊤⊥⊞∈⊞⋈⋈≺⋈≺∋∋⋈∈⋈⋈⊤∈⊤∈⋈⊤∈⋈⋈⊞⊥⊞⊤⊥⊞∈⋈⋈⋈⊤∈⋈⊞⋈⋈⋈⋈⋈≻⋈⊤∈⋈⋈⋈≺∋⋈⋈⊙⋈⋈⋈⊞∋⋈⋈≻∋⋈⊤∈⋈⋈⋈⋈⋈≻⋈⊤∈∋⋈≻∋⋈≺⋈⋈≺∋⋈⋈⋈⊙⋈⋈⋈≺∋⋈⋈≺⋈≺∋∋∋⋈⋈⋈⋈⋈⋈⋈⋈⊞⋈⋈⋈⋈⋈⋈⊣⋈⋈⋈⋈⋈⋈⋈⋈∋⋈⋈⋈⊞⋈∋⊞⋈⋈⋈⋈⋈⋈⊣
0x1b57b790	⊢⋈⋈⋈⋈⋈⋈⊞⋈⋈⋈⋈⋈⋈⊞⊤⋈⊥⋈⋈⊞⋈⊙
0x1b5962f0	⊢⋈⋈⋈⋈⊤⊥⊤∈⋈⋈⊙⊤∈⋈⋈≻⋈⋈⋈⋈⋈⊞⋈⋈⋈⋈⊤∈⋈⋈⊞≻≺∋⋈⋈⋈⋈⋈⋈⋈⋈⋈⋈⋈⋈⋈⋈⋈⋈≻⋈⋈⊤∈⋈⊞⊞⊞⊞⊤∈⋈⊞⊙∋∋⋈⊞⋈⋈⋈⋈⋈⊣⋈⋈⋈⋈⋈⋈⋈⋈⋈⋈⋈≺∋⊞⋈⋈⊣
0x1b597544	⊢⋈⋈⋈⋈⋈⋈⊞⋈⊞⋈⊞⋈⊞⋈⊞⋈⊞⋈⋈⋈⋈⋈⋈⋈⋈≻⋈⋈⋈⊤∈⋈⋈⋈⋈≻⋈⋈⋈⋈⋈⊤⋈∈⋈⋈⋈≺⋈⋈⋈⋈⋈≻⋈⋈⋈⊤⋈⋈∈⊤∈⋈⋈⊤∈⋈⋈⊞⊥⋈⊞⊤⊥⊞∈⊤∈⋈⊞⋈⋈⋈≻⊤∈⋈⋈≺∋⋈⋈⋈⊙≺⋈⋈≺⋈≺∋∋⋈∋⋈⋈⋈⋈⋈⋈≻⋈⋈⋈⋈⋈⋈⋈⋈≻⋈⋈⋈⋈≻⋈⋈⋈⊤∈⊤∈⋈⋈⊤∈⋈⋈⊞⊥⋈⊞⊤⊥⊞∈⊤∈⋈⊞⋈⋈⋈≻⊤∈⋈⋈≺∋⋈⋈⋈⊙≺⋈⋈≺⋈≺∋∋⋈∋⋈⋈⋈⋈⋈⋈≻⋈⋈⋈⋈⋈⋈⋈⋈≻⋈⋈⋈⋈≻⋈⋈⋈⊤∈⊤∈⋈⋈⊤∈⋈⋈⊞⊥⋈⊞⊤⊥⊞∈⊤∈⋈⊞⋈⋈⋈≻⊤∈⋈⋈≺∋⋈⋈⋈⊙≺⋈⋈≺⋈≺∋∋⋈∋⋈⋈⋈⋈⋈⋈≻⋈⋈⋈⋈⋈⋈⋈⋈≻⋈⋈⋈⋈≻⋈⋈⋈⋈≻⋈⋈⋈⋈≻⋈⋈⋈⊤∈⊤∈⋈⋈⊤∈⋈⋈⊞⊥⋈⊞⊤⊥⊞∈⊤∈⋈⊞⋈⋈⋈≻⊤∈⋈⋈≺∋⋈⋈⋈⊙≺⋈⋈≺⋈≺∋∋⋈∋⋈⋈⋈⋈⋈⋈≻⋈⋈⋈⋈⋈⋈⋈⋈≻⋈⋈⋈⋈≻⋈⋈⋈⋈⋈≻⋈⋈⋈≻⋈⋈⋈⊤∈⊤∈⋈⋈⊤∈⋈⋈⊞⊥⋈⊞⊤⊥⊞∈⊤∈⋈⊞⋈⋈⋈≻⊤∈⋈⋈≺∋⋈⋈⋈⊙≺⋈⋈≺⋈≺∋∋⋈∋⋈⋈⋈⋈⋈⋈≻⋈⋈⋈⋈⋈⋈⋈⋈≻⋈⋈⋈⋈≻⋈⋈⋈⋈⋈≻⋈⋈⋈≻⋈⋈⋈⊤∈⊤∈⋈⋈⊤∈⋈⋈⊞⊥⋈⊞⊤⊥⊞∈⊤∈⋈⊞⋈⋈⋈≻⊤∈⋈⋈≺∋⋈⋈⋈⊙≺∋∋∋∋∋⊞∋∋∋∋∋∋⋈⋈≻⋈⋈≺⋈≺∋∋⋈∋⋈⋈⋈⋈⋈⋈≻⋈⋈⋈⋈⋈⋈⋈⋈≻⋈⋈⋈⋈≻⋈⋈⋈⋈⋈≻⋈⋈⋈⋈⋈≻⋈⋈⋈⋈⋈⋈⋈⋈≻⋈⋈⋈⋈⋈⋈⋈⋈≻⋈⋈⋈⋈⋈⋈⋈⋈≻⋈⋈⋈⋈⋈≻⋈⋈⋈⋈⋈≻⋈⋈⋈⋈≻⋈⋈⋈⋈⋈≻⋈⋈⋈⋈≻⋈⋈⋈⋈⋈≻⋈⋈⋈⋈⋈⋈⋈⋈≻⋈⋈⋈⋈⋈⋈⋈⋈⋈≻⋈⋈⋈⋈⋈⋈⋈⋈≻⋈⋈⋈⋈⋈≻⋈⋈⋈⋈≻⋈⋈⋈⋈≻⋈⋈⋈⋈⋈≻⋈⋈⋈⋈⋈≻⋈⋈⋈⋈⋈⋈⋈⋈⋈⋈⋈⋈⋈⋈⋈⋈⋈⋈⋈⋈⋈⋈⋈⋈⋈⋈⋈⋈⋈⋈⋈⋈⋈⋈⋈⋈⊤∈⋈⋈⋈≻∋⋈⊤⋈∈⋈⋈⋈≻∋⋈⊤∈⋈⋈⋈≻∋⋈⊤∈⋈⋈⋈≻∋⋈⊤∈⋈⋈⋈≻∋⋈⊤∈⋈⋈⋈≻∋⋈⊤∈⋈⋈⋈≻∋⋈⊤∈⋈⋈⋈≻∋⋈⊞⋈⋈∈⊞⋈⋈∈⋈⋈⋈⋈⋈⋈⋈⋈⋈⋈⋈⋈⋈⋈⋈⋈⊞⊤∈∋⋈⋈⋈⊙⋈⊞⋈⊞⋈⋈⊙⊞⊤∈∋⋈⋈⋈⋈⋈⊙⊞⋈⊞⋈⋈⋈∈⋈⋈⋈⊞⊞⋈⊞⋈⊞⋈⋈⋈⊞⊞∈⋈⋈⊞⊞∈⋈⋈⋈⋈⋈⋈≺∋⋈⋈⋈⋈⋈⋈⋈≻⋈⋈⋈⋈⋈⊤∈⋈⋈⋈⊞∈⋈⊞≻⊞⊤∈∋⋈⋈⋈⋈⋈⊞⋈⋈⋈⋈⋈⋈⋈⋈⋈⋈⊞⋈⊞⋈⋈≻⋈⊤∈⋈⋈⋈≻∋⋈⊤∈⋈⋈⋈⋈≻∋⋈⋈⋈⋈⋈⋈⋈⋈⊤⋈∈⋈⋈⋈⋈≻∋⋈⊤⋈∈⋈⋈⋈≻∋⊞⊞⊤⋈⋈⋈∈∋⋈⊞⋈⊤⋈∈∋⋈⋈⋈⋈⋈⋈⋈⋈⊙≺∋⋈⋈≻⋈⋈⊤∈⋈⋈⋈≻∋⋈⋈⊤∈⋈⋈⋈≻∋⋈⋈⊤∈⋈⋈⋈≻∋⋈⋈⊤∈⋈⋈⋈≻∋⋈⋈⊤∈⋈⋈⋈≻∋⋈⋈⊤∈⋈⋈⋈≻∋⋈⋈⊤∈⋈⋈⋈≻∋⊤∈⋈⋈⋈⋈⊙⋈⋈⋈⋈⋈⋈⋈⋈⋈⋈⋈⋈⋈≻⋈⋈⋈⊤∈⋈⊤∈⋈⋈⋈≻⋈∋⋈⊞⊤⋈∈⋈⋈⊞≻≺∋⋈⋈⋈⋈⊞⋈⋈⋈⋈⊞⋈⋈⋈⋈⋈⋈⋈⋈⋈⋈⋈⋈⋈⋈⋈⋈⋈⋈⋈⋈⋈⋈⋈⋈≻∈⋈⊞⊤∈∋⋈⊤⊞⋈⋈⋈⋈⊙⋈⋈⋈⋈⋈⋈⋈⋈⋈⋈⊙⊞⋈⊤∈∋⋈⋈⋈⋈⋈⋈⊙⋈⋈⋈⋈⋈⋈⋈⊙⋈⋈⋈⊙⋈⋈⋈⋈⋈⋈⋈⋈⋈⋈⋈⋈⋈⋈⊞⋈⋈⋈⋈⋈⋈⋈⋈⋈⋈⋈⋈⋈⋈⋈⊞⋈⋈≺⋈⋈⋈≺⋈⋈⋈⊞⋈∈⋈⊞≻⊞⊤∈∋⋈⋈≺∋⋈⋈⋈∋⋈≻⋈⋈⊤∈⋈⋈⋈≻∋∋⋈⋈⋈⋈⋈∋⋈⋈≻⋈⋈⋈⋈⋈≻⋈⋈⊤∈∋⊞⋈⋈⋈⋈⋈⋈⊣⋈⋈⋈⊞⋈⋈⋈⋈⋈⋈≺
0x1b5a7307	⊢⋈⋈⋈⋈⋈⋈⊞⋈⊞⊤⋈∈⋈⊤⊥⋈⊞⊞⊥⊞∈⋈⊡⊞⊞⊤∈∋⊞≺⋈⊡⊞⋈≺∋⊞∋⋈⊞⋈⋈⊞⊞⋈∈⋈⊞⋈⋈⋈⊞⋈⊞⋈∈∈⊤∈⋈⊤∈∋⋈⊤⋈⋈∈∋⋈⋈⋈≺⋈⋈≻⊤∈⋈⋈⋈≻⊤⊥⋈⊞⋈⊤∈∋⋈⋈≻⋈⋈⋈⋈⊞⋈⊤∈⋈⋈⊞≻≺∋⋈⋈⋈⋈⋈≻⊞⋈⋈⋈⋈⊞⋈⋈⋈⋈⋈⋈⋈⋈⋈⋈⋈⋈⋈⋈⋈⋈⋈⋈⋈⋈⋈⋈⋈≻∈⋈⊞⊤∈∋⋈⋈⊞⋈⋈⋈⋈⊣⊞⊞⋈⊤∈∋⋈⊤∈⋈⋈⊤∈⊞⋈⋈≺∋⋈⊞⊤∈⋈⊞∈∋≺∋∋⋈⋈⋈⋈⋈⋈⋈⋈⋈≻⋈⋈⋈⋈⊤⊥⊞⊥⊞∈⊤∈⊞⋈∈⋈⊞∈⋈⊞⊤∈⊤∈∋∋∋∋∋⋈⋈⋈≻⋈⋈≻⋈⋈⋈⋈⋈⋈⋈≻⋈⋈⋈⋈⊤⊥⊞⊥⊞∈⊤∈⊞⋈∈⋈⊞∈⋈⊞⊤∈⊤∈∋∋∋∋∋⋈⋈≻⋈⋈≻⋈⋈⋈⋈⋈⋈⋈⋈≻⋈⋈≻⋈⋈≻∋⊞⋈⋈⋈⋈⋈⋈⊣
0x1b57cc48	⊢⋈⊞⊤∈⋈⊤⊥⋈⊞⊞⊥⊞∈⋈⊡⊞⊞⊤∈∋⊞≺⋈⊡⊞⋈≺∋⊞∋⊤∈⊤∈⋈⊤∈⋈⊤∈⋈∋∋∋⊣⊞⊞⋈⊣
0x1b5accb2	⊢⋈⋈⋈⋈⋈⋈⋈⋈⊞⋈⊞⋈⋈⊞⊤∈⋈⋈⋈⋈⋈≻⋈≺∋⋈⊞⋈⋈⊙⊞⋈⋈⋈⋈⋈⋈⊣
0x1b5b1631	⊢⋈⋈⋈⋈⋈⋈⋈⋈⊞⊤∈⋈⋈⋈⋈≻⋈≺∋⋈⊞⊤∈⊤∈⋈∈⋈⊞⊞∈∋⊞⊞≺∋⋈⊞∋⋈⋈⋈⋈⊣
0x1b5cebd0	⊢⋈⋈⋈⋈⋈⋈⋈⊞⋈⋈⋈⋈⋈⊤∈⊤∈⋈≻⊤∈⋈⊤∈⋈⋈≺∋⋈⋈⋈⊞⋈⋈⋈⋈⋈⋈⋈⋈≻⋈⊤∈⋈⋈⋈⊞⊞⋈≺⋈⋈⊤∈⋈≺⋈⋈⋈⊤⋈⋈⊥⋈⋈⋈≻⋈⋈⋈⋈⋈⋈⋈⋈⊤⋈∈⋈⊞⊡∈⊤∈⋈⊤∈⋈⊞⋈⋈∋∋⋈⋈⊞⋈⋈⋈⋈⋈⋈⋈≻⋈⊤∈⋈⋈⋈⋈⊞⊞⋈⊞⋈⋈⋈⋈⋈⋈⋈⋈⊞⊤∈∋⊞⊞⋈⋈⋈⊞⋈⋈⋈⋈⋈⋈≻⋈⋈⋈⋈⋈⊞⊞⋈⊤∈∋⋈⋈⋈∋∋⋈⋈⊞⊞⊞⊞⋈⋈⋈⋈⊞⋈⋈⋈⋈⊤⋈∈⋈⋈⋈⋈⋈≻⋈⋈⊤∈⋈≺∋⋈⋈⋈⊤∈⋈⋈≻⋈⊤∈≺∋⊤∈∋∋⋈⋈⋈∋∋⋈⊤∈⋈⊞⊞⋈≺⋈⊞⋈≺∋∋⋈⋈⋈⊞⊞≺∋∋⊡∈⋈⋈⋈⊤∈⋈⋈⊞⋈⋈≺∋⋈⊞⋈⋈⋈⋈⋈⋈≻⋈⋈⋈⋈⋈⋈⋈⋈⋈⋈⋈⋈⋈⋈⋈⋈⋈⋈⋈⋈≺∋⊞⋈⋈⋈⋈⋈⋈⊣
0x1b58da86	⊢⋈⋈⋈⋈⋈⋈⋈≻⊤∈⋈⋈≻⋈⋈⋈⊞⋈⋈⊣
0x1b571c20	⊢⋈⋈⋈⋈⋈⋈⋈⊞⋈⋈⋈⋈⋈⋈≻⋈⊤∈⋈⋈≺⋈⊤∈⋈⋈∋⋈⋈≺⋈⊤∈⋈⋈⋈≻⊤∈⋈⋈≻≺⋈⊤∈⋈⊙∋⋈≻⋈≺∋⋈⋈⋈⊤∈⋈⊞⋈≻⋈⋈⋈≺⊞∋⋈⋈⋈⊙⊞⋈⊞⊤∈⋈⋈⋈≻⋈⋈≺∋⋈⋈⊞⋈⋈⋈⊡∈∈⋈⋈≻⋈⊤∈⋈⋈⋈⋈⋈∋⊞⋈⋈⋈⋈⋈⋈⊣⋈⋈⋈⊞⊤∈⋈⋈⋈≻⋈⋈≺∋⋈⋈⋈⊙⊞⋈⊤∈∋⋈⊞⊤∈⋈⋈⋈≻⋈⋈≺∋⋈⋈⊞⋈≺∋
0x1b598c30	⊢⋈⋈⋈⋈⋈⋈⊞⋈⋈⋈⊤∈⋈⋈≺⋈⋈⋈⋈⋈≻⋈⋈⋈⋈⋈⋈⋈⋈≻⋈⋈⋈⋈⋈⋈⋈⋈⋈≻⋈⋈⊞⊞∈⋈⋈⋈⊞⊞⋈⋈⋈⊞⋈⋈⋈⋈⋈⋈⋈⊞⊞⋈⋈⋈∈⋈⋈⋈≻⋈⊙⊤∈⋈⋈≻⋈⋈⋈⊤∈⊞⋈⋈≺∋⋈⊞⊤∈⊞⋈⋈≺∋⊞⋈⋈⋈⊞⋈∈⊤∈⋈⋈⊞∈⋈⊞⊤∈∋∋⋈⋈⋈⋈⋈⋈⋈≻⋈⋈≻⋈⋈⋈⋈⋈⊙⋈⋈≻⊤∈⋈⋈⋈⋈∈⋈⋈∈⋈⊞∈⋈⋈⋈≺⋈⊞⋈∈∋⋈⋈⋈⊤∈∋⋈⊤∈∈⋈⋈⋈∈⋈⊞∈⋈⊞⋈∈∋⊤∈∋⋈⊤⋈∈⋈⊞⊤∈⋈⋈⋈⋈∈⋈⊞∈⊞⋈⊞⋈∈∋⊞⊤∈∋∋⋈⋈⋈⋈⋈≺∋⋈⊞≺≺∋∋⊞⋈⋈≺≺∋∋∋∋⋈⋈⋈⋈⋈≻⋈⋈⊤∈∋⋈⋈⋈≻⋈⋈⋈⋈⋈⋈⋈⋈≻⋈⋈⋈⋈⋈∋⋈⋈⊤∈∋⋈⋈≻⋈⋈⋈⋈⋈⋈⊞⋈⋈⊤∈⋈≺⋈⋈⋈⋈⋈≻⋈⋈⋈⋈⋈⋈⋈≻⋈⋈⊤∈⋈⋈⋈⋈⋈≻⋈⋈≻⊤∈⋈⋈⋈⋈⋈⋈⋈⋈⋈⋈⋈⋈⋈≻⋈⋈⋈⋈⋈⋈⋈⋈≻⋈⊤∈⋈⋈⋈⋈≻⋈⋈≻⊤⋈∈⋈⋈⋈⋈⋈⋈⋈⋈⋈⋈⋈≻⋈⋈⋈⋈⋈⋈⋈≻⋈⊤⋈∈⋈⋈⋈⋈≻⋈⋈≻⊤∈⋈⋈⋈⋈⋈⋈≻⋈⋈⋈⋈⋈⋈≻⋈⊤⋈∈⋈⋈⋈⋈⋈≻⋈⋈≻⋈⊤∈⋈⊤∈⋈⋈⋈⋈∈⋈⋈⋈⋈⋈≻⋈⋈⋈⋈⋈⋈≻⋈⊤∈⋈⋈≻≺⋈⋈⋈⋈≻⋈⋈≻⋈⋈⊤⋈∈⋈∋⋈⋈⋈≺⋈⋈≻⋈⋈⋈⋈⋈≻⋈⋈⋈⋈⋈⋈≻⋈⊤∈⋈⋈≻⋈⋈⋈≺⋈⋈⋈⋈⋈⋈≻⋈⋈≻⋈⊤⋈⋈∈⋈⋈⋈≺⋈⋈⊞⊞⋈⋈≻⋈⋈⊤∈⋈⊤⋈∈⋈⊤⋈∈⋈⊤∈∋⋈⋈⋈⋈⊤⋈⋈⊥≺∋∋⋈⋈⋈⋈⋈⋈≻⋈⋈⋈⋈⋈⋈≻⋈⊤∈⋈⋈≻⋈⋈⋈⋈⋈⋈≻⋈⋈≻⊤∈∋⋈⋈∋⋈∋∋⋈≻≺⋈⋈≻⋈⋈⋈≺∋⊤∈∋⋈⋈⋈⋈⋈≺≺∋⋈⋈≻≺∋⋈⋈∋∋⋈⋈≻⋈⋈≻≺∋⋈⋈≺∋⋈⋈≻⋈⋈≻⋈≺∋⋈⋈⋈≺∋⋈⋈≻⋈⋈≻≺∋⋈≺∋∋⊞⋈⋈⋈⋈⋈⋈⊣⋈⋈⊤⋈⋈∈⋈∋⊤∈∋⋈⋈≺∋⋈⊤∈⋈⊞⊤∈⊞⋈∈⊤∈⊞⋈⋈⊞∈⋈⊞⋈⊤∈∋∋⊞⋈≺∋∋∋⋈⋈⋈⋈⋈⋈⋈⋈≻⋈⋈≻∋⊞⋈⋈⋈⋈⋈⋈⊣⋈⋈≺∋
0x1b5734c0	⊢⋈⋈⋈⋈⊞⋈⊤∈⊤∈⊤⊥⊤∈⋈⋈≻⋈⊤∈∋⋈⋈≻⊤∈⋈⊞⊞⊞⊞⋈⋈⋈⋈⊞⋈⋈⋈⋈⊞⊞⋈⋈⋈⊞⊞⋈⋈⋈⊞⊞⋈⋈⋈⊞⊞⋈⋈⊞⋈⋈⋈⋈⋈⋈⋈⋈⋈⋈⋈⋈⋈⋈≺⋈⊞⊞⊞⊞⋈⋈⋈⋈⊞⋈⋈⋈⋈⊞⊞⋈⋈⋈⊞⊞⋈⋈⋈⊞⊞⋈⋈⋈⊞⊞⋈⋈⊞⋈⋈⋈⋈⋈⋈⋈⋈⋈≺∋⋈≺⋈≺⋈⋈⊞∋∋⋈⋈⊞⋈⋈⋈⊣⋈⋈⋈⊞⊙
0x1b5e95c0	⊢⋈⋈⋈⋈⋈⋈⋈⊞⋈⋈⋈⋈⋈⊞⋈⋈⊤∈⋈⋈⋈≻⋈⊤∈⊤∈⊞⊞≺⋈⋈⋈∋⋈⊞⊞⋈⋈∈∈∈∈⋈⊤∈⊤∈⋈⋈⋈⋈⋈≻⋈⊤∈⊤⋈∈⋈⋈⋈⋈∋∋⋈⋈⊤⋈∈⋈⋈⋈⊤⊥⋈⋈⋈⋈⋈≻⊤∈⋈⋈≺⋈⋈⋈⋈⋈≺∋⊞⋈⋈⊞⊤⊥⋈⊤⊥⊡∈⋈⋈⋈⊙⊤∈⋈⊤⊥⊞⋈⋈⊤⋈∈∋⊞⊞≺⋈⊞⊞⊤⋈⊥⊤⋈⋈⋈⊥⊤⊥⋈⋈⊤⋈⋈⋈∈∋⋈⋈⊤∈∋⋈⋈⊤∈∋⋈⋈≺∋⊙⋈⊤∈∋≺⊞⊞⋈⋈⋈⋈∋⋈≺∋∋∋∋⋈⊞⋈⋈⋈⋈⋈⋈⊣
0x1b5cb690	⊢⋈⋈⋈⋈⋈⋈⋈⊞⋈⋈⋈⋈⊤∈⋈⋈⋈⋈⊞⊞⋈⋈≻⊤∈⋈⋈≻⋈⋈⋈⋈⊙⋈⋈⋈⊤⊥⋈≺∋⋈⋈⋈⋈⋈⋈⋈⋈≻⊤∈⋈⋈⊤∈⊤∈∋⋈⊡∈⊤∈⋈⊞⊤∈∋⊤∈∋∋∋⋈⋈⊙⊤∈⋈⋈⋈⋈⋈⊞∈⋈⋈≻⋈⊤∈∋⋈⋈≻≺∋⊞⋈⋈⋈⊙⋈⋈⋈⋈⋈⋈⋈⋈≻⋈⋈⋈⊞⊤⊥⋈≺∋⋈⋈⋈⊞⊞∈⊤∈⋈⋈⋈⋈⋈⋈⋈≻≺⊞⊤∈∋⊤∈⊞⊤⊥≺∋⋈⋈⋈⋈⋈⋈⋈≻⊞⊤⋈⊥∈⋈⊤∈⊤∈∋⋈⊡∈⋈⊞⊤∈⋈⊞⋈⊤∈∋⊤∈⊞≺⊞⊞≺∋⋈⋈∋⋈⋈⊞≺∋⊤⊥⊤∈⊤⊥⊞⊞⊥⊤⊥⊞∈⊤∈⊤∈⊤∈∋⋈⋈⋈≻∋∋∋⋈⊤∈⋈⋈∋⋈⊞⊤∈⋈⊞∈∋⊞⋈⋈⋈⋈⋈⋈≻⊤∈⋈⋈≺∋≻⋈⋈⋈⋈≺⊤∈⋈⋈⋈⋈⋈≻⋈⋈⋈⋈≺⋈∋∋⋈⋈⊞⋈⊞⊤∈⋈⋈⋈⋈⋈≻⋈≺∋⋈⊞⋈⋈⊙⊞⋈∋∋⊤∈⋈⊙∋⋈⋈⋈⋈≻⋈⊤⋈∈⋈⋈⋈⋈⊤∈⋈≻⋈∋⋈⋈⊞⋈⋈⊞⋈∈⋈≻≺∋∋∋⊣⋈⊞⋈⋈⋈≻⋈⋈⊤∈∋⋈⋈⊤∈⊤∈∋⊞⋈⋈⋈⋈⋈⋈⊣∋⋈⊞⋈⋈⋈⋈⋈⋈⊙
0x1b5c9e90	⊢⋈⋈⋈⋈⋈⋈⋈⊞⋈⋈⋈⋈⋈⋈⋈⋈⋈≻⊤∈⋈⋈⊤∈⋈⊞⋈⋈⋈⋈⋈⋈⊙⋈⋈⋈⋈⋈⊞⊡⋈⋈⋈⋈⋈≻⋈⋈⋈⊞∈⋈⋈⋈⋈⋈⋈⋈⋈⋈⋈⋈⋈⋈⋈⋈⋈⋈⋈⋈⋈⋈⋈⊡⊡⋈⊤⊥⋈⊤⊥⊞⋈∈⋈⋈⋈⊞⋈⋈⋈⋈≺∈⋈⊞⊥⋈⊞⊥⊞∈⋈⊤∈⊞⋈⊞⋈⋈⊙⊤∈⊞⊤∈⊤∈⊡⊡⋈⊞⊡⊞⊞⊤∈∋∋∋∋∋⊞⊞∈∋⋈⋈⊤⋈⋈⋈∈⋈⊤∈≺⋈⋈⊞⊥⊤⊥⊞∈⋈⊞⋈⊞⋈∈⊤∈⋈⊞⋈⊞⋈⋈⊤∈⋈⊤∈∋⋈⊤∈⋈⋈≻⋈≺⋈⋈⋈⋈⊙⋈⊞⋈⋈⋈≻⊤∈⋈⋈≻⋈⋈⋈⋈⋈≺∋∋⋈⊤∈⋈⋈⊤⋈∈⊞⊤⊥≺∋⋈⋈⋈⋈⋈⋈⋈⋈≻⋈⊞⊤∈⋈≺⋈≻⋈⋈⊤∈⋈⋈⋈≻⋈⊤∈∋⊤⊥⋈⋈⋈⊙⋈⋈⋈⋈⋈⊞⊥⊞∈⊤⊥⊞≺∋⊤∈⊤∈∋⊤∈⋈⋈⋈⋈⋈⋈≻⋈⋈⋈⋈⊞⋈⊞≺∋⋈≺∋⊞⊤∈⋈⋈⋈⋈⋈≻⋈⋈≺∋⊞⋈⋈⋈⊙⊞⋈⋈⋈⋈≻⊤∈⊤∈⋈⊙∋⊤⋈⋈∈⋈⊙⋈⋈⊡⊡⋈⋈∋⋈⊤∈⋈⊙≺⋈⋈≻≺⋈⋈⊞⊤∈⋈⋈⋈⋈⊤∈⋈⊙∋⊤∈⋈⊙∋⋈⊙⋈≺⋈≻⊤∈∋∋⋈⋈⋈≻∋∋⋈⋈⋈⋈≻⊤∈⋈⋈≻⋈⋈⋈⋈⊙⋈⋈⋈≺∋⋈⊤∈⋈⋈⋈⋈≻⊤⋈∈⋈⋈⋈⊤∈⋈≻∋⋈⋈⊞⋈⋈⊞⋈∈⋈≻≺⋈⋈⋈⋈≻⋈⋈⋈⊤∈⋈⋈⋈≻⊤∈⊤∈⋈⋈⋈⊙⊤∈⋈⋈⋈⋈⋈⋈⋈⊡⊡⋈⋈⋈⋈⊡⊡⋈≺∋∋⊤∈⋈⊙∋⋈∋⋈∋∋⊤⋈∈⋈⊙∋⋈≺⊞⊤∈∋≺∋∋∋⋈≺∋⋈∋∋∋∋∋⋈⋈⋈⋈≻⋈⋈⋈⋈⋈⋈⋈⋈⋈⋈⋈⋈⋈⋈⋈⋈⋈⋈⋈⋈⋈⋈⋈⋈⋈⋈⋈⋈⋈⊡⋈⋈⋈⊡⋈⋈⋈⋈⊡⊡⋈⋈⋈⋈⋈⋈⋈⋈≻⋈⋈⊤∈⋈⋈⋈⊙⊡⊡⋈⋈⊡⊡⋈⋈⋈⋈⊤∈≺∋⋈⋈≻⋈⋈⊙⊤∈∋⋈⊙∋∋∋⊞⋈⋈⋈⋈⋈⋈⊣
0x1b5e14a0	⊢⋈⋈⋈⋈⋈⋈⋈⋈⊤∈≻∋⋈⋈⋈∈⋈⋈⊤∈⋈⋈≻⊤∈⋈⋈⊤∈∋⋈≻≺∋∋⋈⋈⊞⋈⋈⋈⊞⋈⊤∈⋈⋈⋈≻∋⋈⋈≻⋈⊤∈⋈⊙∋⋈≻⋈⋈⋈⋈⋈⋈⋈⊞⋈⊞⋈⊞⋈⋈⋈⋈⋈⋈⋈⊞⊙⋈⋈⋈⋈⋈⋈≻⊤⊥⊤⊥⊞⊤⊥⊞⊞⋈⋈⋈⋈⋈⋈⊣⋈⋈⋈⋈⊞⋈⋈⋈⋈⋈⋈⊣
0x1b5e8330	⊢⋈⋈⋈⋈⋈⋈⊞⋈⋈⊤∈⋈⊞∈⊞⋈⊤∈⊤⋈∈∋∋∋⊤∈⋈⊞⊡∈∋⋈⋈⋈∈∈∈⊤∈⋈⋈⊤∈∋⋈⊡∈⋈⊤∈⊤⋈⊥⋈⋈⋈⋈⋈⊞⊞⊙⊤∈⊙⊤∈∋∋∋⋈⊤∈∋⋈⊞∈⊞⋈⋈⊤∈∋⊤⋈∈∋≺∋∋⊞⋈⋈⋈⋈⋈⊣
0x1b5c2830	⊢⋈⋈⋈⋈⋈⋈⋈⊞⋈⋈⊤∈⋈⊡∈⊞⋈⊤∈⊤⋈∈∋∋∋⋈⊞⋈⋈≺∈∈∈∈∈⋈⊞⊤∈⋈⊞⊞⋈⊤⊥⊞∈∋⊤⊥⊤⊥⊞⊤⊥⊤∈∋⋈⊡∈∋⊞⋈⋈⋈⋈⋈⋈⊣⊤∈⋈⋈⋈≻⊤∈⋈⋈⊞⊡∈∋≺∋⋈⊡∈⋈⊤∈⊤⋈⊥⋈⋈⋈⋈⋈⊞⊞⊙⊤∈⊙⊤∈∋∋∋⋈⋈⊤∈∋⋈⊡∈⊞⋈⋈⊤∈∋⊤⋈∈∋≺∋
0x1b5ed6c0	⊢⋈⋈⋈⋈⋈⋈⊞⋈⊙⋈⋈⊞⊞⊙⊞⋈⋈⋈⋈⋈⋈⋈⋈⋈⋈⋈⊤∈⋈⋈⋈⋈⋈⋈⋈∋⋈⋈⋈⊡∈⋈⋈⊞⊙⊤∈⊤∈⊞⊞⋈⋈⋈⋈⋈⊣⊙⋈⊤∈∋⊞⊞⋈≺∋⋈⋈⋈⋈⋈⋈⋈⋈⋈⋈≻⋈⊤∈⋈≻∋≻⋈⊤∈⋈≻∋⋈≻≻
0x1b5ed3b0	⊢⋈⋈⋈⋈⋈⋈⋈⊞⋈⋈⋈⋈⋈⊤∈⋈⋈⋈⊡∈⋈⊞⊙⊤∈∋⊤∈⋈⋈⋈⊡∈⋈⋈⊙⊤∈∋⊤∈⋈⋈⋈⊡∈⋈⋈⊙⊤∈∋⋈⋈⊤∈⋈⋈⊙⊤∈∋⊤∈⋈⊙⊤∈∋⊤∈⋈⊤∈⊞⊞⊙⊤∈⊙⋈⋈⊞⊞⋈⊤∈⋈≻∋∋⋈⊙⊤∈∋⋈⊤∈⊙⊤∈∋⋈⊤∈⊙⊤∈∋⊤∈⋈⊞⊙⊤∈∋⊤∈⊙⊤∈∋⋈⊞⊙⊤∈∋∋∋∋∋∋∋⊙⋈⋈⋈⊞⊞⋈⊡∈⊞⊤⊥∈⋈⊤∈⋈⋈⋈⋈≺∋⋈⋈⋈⊙⊙⋈⊞⊞⊤∈⋈⋈∋⋈≻≺⋈⋈⊙⋈⋈⊞⊞⊤∈∋≺⊙⋈⊤∈∋≺⊙⋈⊤∈∋≺⊙⋈⊤∈∋≺∋∋∋⊞⊞∋∋⊤∈⋈⊙⊤∈⊤∈∋⋈⊙⊤∈∋⊤∈∋⋈⊙≺∋∋∋⋈⊞⋈⋈⋈⋈⋈⋈⊣
0x1b5a99f1	⊢⋈⊤∈⋈⊞⊤∈≻⋈≺⊤∈⊡⊡⊞⊞⊤∈⊞⋈∈⊤∈⊤∈∋⊞⊡⊞⊞⊞⊤⊥⊞⊞≺⊡⊞⊞⊞⊤∈∋⋈⊞⋈≺∋⊞⊞⋈⊞∈⊤∈⋈⊤⋈∈∋≺∋⋈≺∋∋∋∋⋈⋈⊣
0x1b5ed840	⊢⋈⋈⋈⋈⋈⊙⋈⋈⊤∈⊙⋈⊞⊞∋⊞⊤⊥⊞⋈⋈⊣
0x1b594db2	⊢⋈⋈⋈⋈⋈⋈⊞⋈⋈⋈⋈⋈⋈⋈≻⋈⋈⋈⋈⋈⋈≻⋈⋈⋈⋈≻⋈≻⋈≻⊞⋈⋈⋈⋈⋈⋈⊣
0x1b59a3de	⊢⋈⋈⋈⋈⋈⋈⊞⋈⊞⋈⊞⋈⊞⋈⊞⋈⊞⋈⋈⋈⋈⊞∈⋈⋈⊤⊥⋈⊤⊥⊞∈⋈⊡⊞⋈⊞⋈⋈⊤∈⋈⋈⊞⊞⋈⋈≺∋⊞⊤∈⋈⋈⋈≻⋈⋈⋈⊤∈⋈⋈≺⋈⋈⋈⋈⋈≻⋈⋈⋈⋈⋈⋈⋈⊤∈⋈⋈⋈⋈⋈⊙⋈⋈⋈⋈⋈⋈⊤∈⋈⋈⋈⋈⋈⋈⋈≻⋈⋈⋈⋈⊤∈⋈⋈⋈⋈⊙⋈⋈⋈⋈⋈⋈⋈⋈≻⋈⋈⋈⋈⋈⋈⋈⋈⋈⋈⋈⊤∈⊤∈⋈⊤∈⋈⋈⊞⊥⋈⊤⊥⊞∈⋈⋈⊤∈⋈⋈⋈⋈≻⊤∈⋈⋈⋈≺⊞∋⋈⋈≻⋈⋈≺∋⋈∋∈⋈⋈⋈⋈⋈⋈⋈⋈⋈⋈⊞⋈⋈⋈⋈⋈⋈⋈⋈⋈⋈⋈⋈⋈⋈⋈⋈⋈⋈⋈⋈⋈⋈⋈⋈⋈⋈⋈⋈⋈⋈⋈⋈⋈⋈≻⋈≻⋈⋈⋈⋈⊙⋈⋈⋈⋈⋈⋈⋈⋈⊙⊤∈⋈⋈⋈⋈⊙⋈⋈⋈⋈⊞⋈⋈∈⋈⊞⋈⋈≻⋈⊤∈⊤∈⊤∈∋⋈⋈⋈⋈⋈⊞⋈≻∋⋈⋈≻≺∋⊤∈⋈≻∋⋈⋈⋈⋈⋈⋈⋈≻⋈⋈⋈⋈≻⋈⊤∈⊤∈⊤∈∋⋈⋈⋈⋈⋈⊞⋈≻∋⋈⋈≻≺∋⊤∈⋈≻∋⋈⋈⋈⋈⋈⋈⋈≻⋈⋈⋈⋈⋈⋈⋈⋈⋈⋈⋈⋈⋈⊞⊤∈∋⋈⋈⋈⋈⋈⋈⋈⊙⋈≻⋈≻⊤∈⋈⋈⋈⋈⊙⋈⋈⋈⋈⊞⋈⋈∈⋈⋈⋈⊞⋈⋈∈⋈⊞⊞⋈⊞⋈⋈⊞⊤∈⊤∈⋈⊞⋈⋈⊤∈⊞⋈⊞⋈≻≺⊞⊞⊞⊞⋈⋈⋈⊞⊞⋈⊞⊞⋈⊞∈⊤∈⋈⋈⊤∈∋⋈⋈⋈⋈⋈⋈⋈≺∋⊞⊤∈∋⊤⋈∈⋈⋈⋈⋈⋈⋈≺∋⋈⋈⋈⋈⋈⋈⋈⋈⋈⋈⋈⋈⊞⊞∈⊤∈⊤∈⊤∈∋⋈⋈⋈⋈⋈⋈⋈≻⋈≺∋⋈⋈⋈⋈⋈⋈⋈⊤∈⋈⋈⊤∈∋⋈⋈≺⋈≺⊤∈⊤⊥⊤∈⋈⋈⋈⋈⋈≻⋈≺∋⋈⋈⋈⋈⋈⋈⋈⋈⋈⊤⊥⊤∈⋈⋈⋈⋈⋈∋⋈≻⋈⋈≺∋∋⋈⋈⋈⋈⋈⋈⋈⋈⋈⊤∈⋈⋈⋈≻⋈⊞⋈⊞⋈⋈≻⋈⋈⊞⊤∈∋⋈⋈⋈≻⊞⊞⋈⋈≻⋈⋈≺∋⋈⊞⋈⊞⋈⋈⋈⋈≻⋈⋈⋈⋈≻⋈⊤∈⋈⋈⋈≻∋⋈⊤∈⋈⋈⋈≻∋⋈⋈⋈⋈⋈⋈⋈⋈⋈⋈⋈⋈⋈≻⋈⋈⋈⋈⋈⋈⋈⊤∈⋈⋈⋈≻∋⋈⋈⋈⋈⋈⋈⋈⋈⋈⋈⋈⋈⋈⋈⋈≻⋈⋈⋈⋈⋈⋈⋈⋈⊤∈⋈⋈⋈≻∋⋈⊤∈⋈⋈⋈≻∋⋈⊤∈⋈⋈⋈≻∋⋈⊤∈⋈⋈⋈≻∋⋈⊤∈⋈⋈⋈≻∋⋈⋈⊤⋈⋈∈∋⋈⋈⋈⋈⋈⋈⋈⋈⋈⋈⋈⋈⋈⋈⋈⋈∋∋⋈⋈⋈⋈⋈⋈⋈⋈⋈⋈⊞⋈⋈⋈⋈⊞⊞⊤∈∋⋈⋈⋈⋈⋈⊙⊞⋈⊞⋈⋈⊙⋈⋈⊤∈∋⋈⋈⋈⋈⊙⊞⋈⋈⋈∈⊞⋈⊞⋈⋈⊞⋈⊞⊞∈⋈⊤∈⊞⊞⊤∈∋∋⊞⊞∈⊤∈⊤∈⋈⊞⋈⊞⊞⋈⋈⊞⊞⊞⊞⊞⊞⊞⊞⋈⋈≻≺⊞⊞⊤∈∋≺∋⋈⊤⊥⊤⊥⊤∈⋈⋈⋈⋈⋈⋈≻≺∋⋈⋈⋈⋈⋈⋈⋈⋈⋈∋⋈⋈⋈⋈⋈⋈⋈⋈⋈⊞⋈⋈⋈⋈⊞⊤∈∋⊤∈∋⋈⊤⋈∈⋈≺⊤∈⋈⋈⊞⊥⊞⊤⊥⊞∈⊤∈⋈⊞⋈⋈⋈≻⊤∈⋈⋈≺∋⋈⋈⋈⊙⊞∋⋈⋈≻∋⋈⊞∋⋈⋈⋈⊙⋈⋈⋈⋈≺∋⋈⋈⋈≺⋈⋈⋈≺∋∋∋⋈⋈⋈⋈⊙⋈⋈⋈⊙⋈⋈⋈⋈⋈⋈⋈⋈≻≺⋈≻≺⋈⋈⊙⊤∈⋈⋈⋈⋈⋈⋈≺∋∋∋⋈⋈⋈⋈⋈⋈∋⋈≻≺∋∋⋈⋈⊙⊤∈∋⋈⋈≻∋⋈⋈≻∋⋈⋈≻⋈⋈⋈⋈⋈≻⋈⊤∈⋈⋈≻⋈⋈⋈⋈⋈⋈⊞⋈⋈⋈⋈⋈⋈⋈⋈⋈⋈⋈⋈⊞∈⋈⊤∈⋈⋈⋈⊤∈⋈⊤∈⋈⋈≺∋⊞∈⊤∈⋈⊤⋈∈∋∈∋∋⋈⊤∈⊤∈⊤∈∋⋈⋈⊤∈⊤∈⊤∈∋⋈⋈⊤∈⋈⋈⋈⋈⋈⋈≺⋈⋈⊤∈⋈⋈⋈⊞⋈⋈⋈⋈⋈≺∋∋⊤∈⋈⋈⋈⋈⋈⋈⋈≺⋈⋈⊤∈⋈⋈⊞⋈⋈⋈≺∋∋⊤∈⋈∈⊞⋈∈⊤∈⊞⊤∈≺⋈⊤⋈∈∋∈∋∋⋈⋈⋈⋈⊤⋈⋈⋈⋈⋈⋈⋈⋈∈⊤∈⋈⋈≺⊤∈⋈⊞⋈⋈≺∋∋⊤∈⋈⋈≺⊤∈⋈⊞⋈⋈≺∋∋⊤∈⊞⊙⋈⋈⋈⋈⊤∈⊤∈⋈⋈≺⊤∈⋈⊞⋈⋈≺∋∋⊤∈⋈⋈⋈⋈≺⋈⋈⊤∈⋈⋈⊞⋈⋈⋈≺∋∋⊤∈⊞⊙⋈⋈⋈⋈⊤∈∋∋∋∋⋈⊤∈⋈⋈⋈≻⋈⋈⋈⋈∋⋈⋈⋈⋈⊤∈⊤∈⋈⊤∈⋈⋈⊞⊥⋈⊤⊥⊞∈⊤⋈∈⋈⋈⋈⋈≻⋈⋈⊤∈⋈⋈≺∋⋈⋈⋈⊙⋈⋈⋈⋈⋈⋈⋈≺⊞∋⋈⋈≻⋈⋈≺⋈≺∋∋⋈∋⋈⊤∈⋈⊤∈∋⋈⋈⋈⊤∈⋈⋈⋈⊞⊥⋈⊤⊥⊞∈⋈⋈⊤∈⋈⊞⋈⋈⋈≻⋈⋈⊤∈⋈⋈≺∋⋈⋈⋈⊙⋈⋈⋈⋈⋈⋈⋈⋈≺⊞∋⋈≻⋈⋈⋈⋈≺⋈⋈⋈≺∋∋⋈∋⋈⋈⊞∈⋈⊤∈⋈⋈⋈⋈⋈⋈⋈≻⋈⋈⋈⋈⋈⋈⋈⋈∋⋈⊤∈⋈⋈⋈⋈⋈⋈⋈≻⋈⋈⋈⋈⋈⋈⋈⋈∋∋⋈⋈⋈⋈⋈⋈⋈⋈⋈⋈∋⊤∈⊤⊤≺∋⋈∈⋈⋈⋈⊤∈⋈⊤∈⊤∈⊤∈⋈≺∋⊞∈⊤∈⋈⊤⋈∈∋∈∋∋⊤∈∋⊤⊤≺∋⋈⋈∈⊤∈⊤∈⊤∈∋⊤∈⋈⋈⋈≺⊤∈⋈⊞⋈⊞⋈⋈⋈⋈≺∋∋⊤∈⋈⋈⋈≺⊤∈⋈⊞⋈⊞⋈⋈⋈⋈≺∋∋⊤∈⊞∈⊤∈⊞⊤∈⋈⊤⋈∈∋∋∈∋⋈⊤∈⊤∈⋈⊤∈⋈⋈⊤⊥⋈⊤⊥⊞∈⋈⊤∈⋈⋈⋈⋈⋈≻⋈⋈⊤∈⋈⋈≺∋⋈⋈⊙⋈⋈⋈⋈≺⊞∋⋈≻⋈⋈⋈≺∋∋⋈∋⋈⊤⋈⋈∈⊤∈∋⋈⊤∈⋈⋈⊤⊥⋈⊤⊥⊞∈⋈⊤∈⋈⊞⋈⋈⋈≻⊤∈⋈⋈≺∋⋈⋈⋈⊙⋈⋈⋈⋈⋈⋈≺⊞∋⋈≺⋈⋈⋈≺∋∋⋈∋⋈⋈⋈⋈⋈⋈⋈⊤⋈⋈∈⊤∈⋈⊤∈⋈⋈⊤⊥⋈⊤⊥⊞∈⊞⋈⋈≺⋈≺∋∋⋈∈⋈⋈⋈⋈⊤∈⊤∈⊤∈⋈⋈⊤⊥⋈⊤⊥⊞∈⋈⋈≺⋈≺∋∈⋈∈⋈⋈⋈⋈⋈⋈⋈≻⋈⋈⋈⋈⋈⊞⊞⋈⊤⋈⋈∈⋈⋈⋈⋈⋈⋈⊞⊤⋈⊥⊤⋈⋈⋈⋈⊥⊥⋈⋈⊤⊥⋈⋈⋈⊤⊥⊞⋈⋈⋈⋈⋈⋈⋈⋈∈⋈⋈⊤∈⋈⋈⋈⋈⋈⋈⋈⋈⋈⋈⊤⋈⊥⋈⋈⋈⊤∈⋈∋⊤∈⊤⋈⋈⊥⊤⊥⊤⋈⋈⊥⊤⊥⋈∈⊤∈⋈⊤⋈∈∋∋∈⊤∈⊤⋈⋈⊥⊤⊥⋈∈⊤∈⋈⊤⋈∈∋∋∈∋⊤⋈∈⊤⋈∈⋈⊤∈⋈⋈⊤⊥⊤⊥⊞∈⊞⋈⊤∈⋈⊞⋈⋈⋈⋈≻⊤∈∋⋈⋈≻∋⋈⋈⊤∈⋈⊞⋈⋈⋈≻⋈⋈⊤∈∋⋈≻∋⋈∋⋈⋈≺∋⋈⋈⋈⊙⋈⋈⋈⋈≺∋⋈⋈≺∋⋈⋈⋈⊙⋈⋈⋈≺⋈⋈≺∋⋈⋈∋⋈≺∋⋈⋈⋈⊤∈⋈⊤∈⋈⊤∈⊤∈⊞⋈⋈⊤∈⋈⊞⋈⋈⋈≻⊤∈⋈≺∋⋈⋈≻∋⋈⊤∈⋈⊞⋈⋈⋈≻⊤∈⋈⋈⋈≺∋⋈⋈⊙⋈≺∋⋈⋈≺∋⋈⋈⋈⊙⋈⋈⋈⋈⋈⋈≺⋈⋈≺⋈≺∋∋⋈∋⋈⋈⋈⊤∈⊤∈⋈⋈⋈⊤∈⋈⋈⊤⊥⊤⊥⊞∈⊞⋈⊤∈⋈⊞⋈⋈⋈⋈≻⊤∈⋈≺∋⋈⋈≻⋈⋈≺∋⋈⋈⋈⊙⋈≺⋈⋈⋈≺⋈⋈≺∋∋⋈∋⋈⋈⋈⋈⋈⋈⋈≻⋈⋈⋈⊤∈⋈∋⋈⋈⋈⊤⋈∈⋈∋⊤∈⊤⋈⋈⊥⊤⊥⊤⋈⋈⊥⊤⊥⊞⋈⊙⋈⊤∈⊤∈⋈⋈⋈⋈≻∋⊤∈⋈⋈⊞∈⊤∈∋⋈⋈⋈≻⋈⊤∈⋈⊤∈⋈⋈⊞⋈⊤∈∋⊞⋈∈⋈⊞⊞∈∋⊞⊤⊥≺∋⊤∈⋈⋈⋈⋈⋈≻⋈∋⋈⊤∈⋈⋈⋈⋈≻⋈∋⋈⋈⋈⋈≺∋∋⋈∋⊤∈⋈⋈⋈⋈≻⋈⋈⋈∋⊤∈⋈⋈⋈⋈≻⋈∋⋈⋈⋈⊤∈∋≺≺∋∋∋∋∋∋∋⋈⋈⊙⊤∈⋈⋈⋈⋈⊙⋈⋈⋈⋈≺≺∋∋∋∋∋∋∋∋∋⋈⋈⊙⊤∈∋⋈⋈≻∈⋈⊞∈∈⊤∈⊡∈⊤∈⋈⋈⊞⊤∈⋈⋈⋈⊤⋈⋈∈∋∋∈∋⋈⋈≻⋈⋈⋈≻⋈⋈⋈⋈⋈∋∈∈⋈⊤∈⋈⋈≺⊤∈⋈⊞⋈⋈≺∋∋⋈⋈⊤∈⋈∋⊤∈⊤⋈⋈⊥⋈⊤⊥⊞∈⊤∈⋈⊤⋈∈∋∋∈⋈⋈⋈≻⊤∈∋∋⋈⋈⋈⋈⋈⋈⋈⋈⋈⋈⋈≻⋈⋈⋈⊤∈⋈⋈⋈≻∋⋈⋈⊤∈⋈⋈⋈≻∋⋈⋈⋈⋈≻⋈⋈⋈≻⋈⋈⋈⋈⋈≺∋⋈≻⋈⋈⋈⋈⋈⋈⋈⋈⋈⋈⋈⋈⋈⋈⋈⋈⋈⋈⋈⋈⋈⋈⋈⋈⋈⋈⋈⋈⊤∈⋈⋈⋈≻∋⋈⋈⊤∈⋈⋈⋈≻∋⋈⋈⊤∈⋈⋈⋈≺∈≻∋∈⋈⋈⊞⊞⋈⊞≻⋈⋈⋈⋈≻⋈⋈≺∈⋈⊤∈⋈⋈⋈≻∋⋈⊤⋈∈⋈⋈≻∋⋈⊤∈⋈⋈⋈≻∋⋈⋈⊞⋈⊞⊞∈⋈⋈⋈⋈⋈⋈⋈⋈⋈⋈⋈⋈⋈⋈⋈⊡≺⊤∈⋈⋈⋈⋈⋈⋈≺∋⋈∋⊤∈⋈⊤∈⋈⋈⋈≻∋⋈⊤∈⋈⋈⋈≻∋⋈⋈≻∋⋈⋈⋈⊤∈∋⋈⋈⋈⋈⋈⋈≺⋈⋈⋈⋈⋈⋈⋈⋈⊤∈⋈⋈⋈⋈⋈⋈⋈⋈⋈≺⋈⋈⋈⋈≻⋈⋈⋈≻⋈⋈⋈⋈≻⋈⋈⋈⋈⊞⊞⋈⋈⋈⋈⋈⊤∈⋈⋈⋈⊤⋈⊥⊤∈∋⊞⋈⋈⋈≺∋⋈⋈⋈⋈⋈⋈⋈∈⋈⊞⋈⊤∈⋈⋈⋈⋈⋈⋈⋈⋈⋈⊤⋈⊥⊤∈⊤∈⊤⋈⋈⊥⋈⋈⊥⊤⊥⋈⊥⊞∈⋈⊤∈⊤∈⋈⊤⋈∈∋∈∋∋⊤∈⊤⋈⋈⊥⊤⊥⋈∈⊤∈⋈⊤⋈∈∋∋∈∋⋈⋈⋈⋈⋈⋈≻⋈⋈⋈⋈⋈⋈⋈≻⋈⋈⋈⊤∈⋈∋⋈⋈⋈⊤⋈∈⋈∋⊤∈⊤⋈⋈⊥⊤⊥⊤⋈⋈⊥⊤⊥⊞∈⊤∈⊞⊤∈⋈⊤⋈∈∋∋∈∋⋈⋈⋈⋈⋈⋈⋈∋⋈⋈⋈⋈⋈⋈⋈≺∋⋈⋈⋈≻⋈⋈⋈⋈⋈⊤∈⋈⋈⋈≻∋⋈⋈⋈⊤⋈⋈⋈⋈∈⋈∋⊤∈⊤⋈⋈⊥⊤⊥⊤⋈⋈⊥⊤⊥⊞∈⊤∈⋈⊤⋈∈∋∋∈∋⋈⊤∈⊤∈⋈⋈⊤∈⋈⋈⊤⊥⋈⊤⊥⊞∈⊞⊤∈⋈⋈⊞⋈⋈⋈≻⋈⊤∈∋⋈≺∋⋈⋈≻⋈≺∋⋈⋈⋈⋈⊙⋈⋈⋈⋈≺⋈⋈⋈⋈≺⋈≺∋⋈∋∋⋈⋈⋈⊤∈⋈⊤∈⋈⊤∈⋈⋈⊤⊥⋈⊤⊥⊞∈∋⊞⊤∈⋈⋈⊞⋈⋈⋈≻⋈⊤∈⋈≺∋⋈⋈≻∋⋈⋈⋈⋈⋈⋈⋈⋈⋈⋈⋈≻⋈⋈⋈⋈⋈⊤∈⋈⋈⋈≻∋⋈⊤∈∋⊤∈⋈⋈⋈⋈≻⊤∈∋∋∋⋈⋈⋈⋈⋈⋈⋈⋈⋈⋈⋈≻⋈⋈⋈⋈⋈⋈⊤∈⋈⋈⋈≻∋⋈⊤∈⊤∈⋈⊤∈⊤∈⊞∈⋈⋈≻∋⊤∈⋈⊞⋈⋈⋈≻⊤∈∋⋈⋈≺∋⋈⋈⋈⊙⋈≺⋈⋈⋈⋈≺∋⋈∋⋈∋⋈⋈⋈⋈⋈⋈⋈⋈⋈⋈≻⋈⋈⋈⋈≻⋈⋈⊤∈⋈⋈⋈≺⋈⊤∈⋈⊞⋈⋈≺∋∋⊤∈⊞⋈⋈⋈⊙⊤⊥≺∋⋈⊤∈⋈⋈⋈⋈≻∋⊤∈⋈⋈⊤∈⊤∈⋈⋈⊤∈⋈⋈⊤⊥⊤⊥⊞∈∋⊞⊤∈⋈⊞⋈⋈⋈≻⊤∈∋∋⋈⋈⋈≺∋⋈⋈⋈⊙≺⋈⋈≺⋈≺∋∋⋈∋⋈⋈⋈⋈⋈⋈≻⋈⋈⋈⋈⋈⋈⋈⋈⊤∈⊤∈⋈⊤∈⋈⋈⋈⊤⊥⊤⊥⊞∈⊤∈⋈⊞⋈⋈⋈≻⊤∈⋈⋈≺∋⋈⋈⋈⊙⋈≺⋈⋈⋈≺∋⋈∋∋⋈⋈⋈⋈⋈⋈⋈≻⋈⋈⋈≻⋈⊤∈⊤∈⋈⊤∈⋈⋈⋈⊤⊥⊤⊥⊞∈⊤∈⋈⊞⋈⋈⋈≻⊤∈⋈⋈≺∋⋈⋈⋈⊙⋈≺∋⊞∋∋⋈≺∋∋⋈≻∋⋈∋⋈∋⊞⊞⋈⊞≻⋈⋈⋈⋈≻⋈⋈∋⋈⋈⋈⋈≺∋⋈∋⋈∋⋈⋈⋈⋈⋈⋈⋈⋈≻⋈⋈⊤∈⋈⋈⋈⋈≺⋈⊤∈⋈⊞⊞⋈⋈⋈≺∋∋⋈⊤∈⋈⋈⋈⋈⊤⋈⋈⊥⋈≺∋⊤∈⊞∈⊤∈∋⋈⊤⋈∈∋∋∈∋⋈⊤∈⋈≺∋⊤∈∋⋈⋈≺∋⋈⋈⋈⋈⋈⋈⋈⋈⋈⋈⋈≻⋈⋈⋈≺∋⊤∈⋈⋈⋈≻≺∋⋈⋈⋈⋈⋈⋈⋈⋈⋈⋈⋈≻⋈⋈≺∋∋⋈⋈⊤∈⋈⋈⋈≻∋⋈⋈⊤∈⋈⋈⋈≻∋⋈⊤∈∋⋈⋈⋈⋈∋⋈≺∋⋈⋈⋈⋈⊙⋈⋈⋈⋈≺⋈⋈≺⋈≺∋∋⋈∋⋈⋈⋈⋈⋈⋈⋈⋈⋈≻⋈⋈⋈⋈⋈⋈⋈⋈⋈≻⋈⋈⋈⋈⋈⊤∈⋈⋈⋈≻∋⋈⊤∈⋈⋈⋈≻∋⋈⋈⊤⋈⋈⊥⋈⊤⋈⋈∈⋈⋈∋⋈⋈⊤∈⊤⊥⊤⊥⊞∈⋈⊤∈⊤∈⋈⋈⋈⋈≻⋈⋈⋈⋈≺⋈⋈⋈⋈⋈⋈≻⋈⋈⋈⋈⋈⋈⋈⋈⋈≺⋈⋈⋈∋⋈⋈⋈≻⋈⋈⊤⊥⋈⊤∈∋⋈⋈⋈⋈⋈⋈≻⋈⋈⋈⋈⋈⋈⋈⋈⋈⋈⋈⋈≺∋⋈≺∋∋⊤∈⋈⋈≻∋⋈⋈⋈⊤⋈⋈⋈∈⋈∋⊤∈⊤⋈⋈⊥⊤⊥⋈∈⊤∈⋈⊤⋈∈∋∋∈∋⋈⋈⋈⊤∈⋈⋈⋈≻⋈∋⋈⋈⋈⋈⋈⋈⋈⋈≻⋈⊤∈⋈⊤∈⊤∈⋈⋈≻⊤∈⊤∈∋⋈⋈⋈≻⋈⋈⋈⋈⋈⋈⋈≻⋈⋈⊤∈⋈⊤∈⊤∈∋⋈⋈≻⋈⋈≻⊤∈⊤∈∋⋈⋈⋈⋈⋈⋈≻⋈⋈≺≺∋∋⋈⋈⋈⋈≻⋈⋈⋈⋈≻⋈⋈⊤∈⋈⋈⋈≻∋⋈⋈⊤∈⊤∈⋈⋈⊤∈∋⋈⊤∈≺∋∋⋈⋈⋈⋈⋈⋈≻⋈⋈⋈⋈⋈⋈⋈≻⋈⋈⋈⊤∈⋈⋈⋈≻∋⊤∈⋈⋈⋈⋈⋈⋈⋈⋈⋈⋈≻⋈⋈⋈⋈⋈⋈≻⋈⋈⋈⋈⋈⋈⋈⋈⋈⋈⋈⋈⋈⋈⋈⋈⋈∈⋈⊤∈⋈⋈⋈⋈⋈≻⋈⋈⋈≻⋈⋈⋈⋈⋈≻⊤∈⋈⋈≻⊤∈⋈⋈⋈⋈⋈⋈⋈⋈⋈≻⋈⋈⋈⋈⋈⋈⋈≻⋈⋈⋈⊡⋈≻⋈⋈⊤∈⋈≺∋⋈⋈⊤∈⋈⋈⋈≻∋⊞⊞⊤∈∋⋈∋⋈⋈≻⋈⋈⊤∈⋈⋈⋈≻∋⋈⋈⊤∈⋈∋∋⋈⋈≻⋈∋⋈⋈⋈⋈⋈⋈≻⋈⋈⋈⊤∈⋈⋈⋈⋈≻∋∋⋈⋈⊤∈⋈∋⋈⋈≻∋∋⋈⋈⊤∈⋈⋈⋈≻∋⋈≻≺≺∋∋∋⋈⋈⊤∈⋈⋈⋈≻≺⊤∈⋈⋈≻⋈⋈∋⋈⊤∈⋈⋈⋈⊤∈⋈⋈≻⋈⋈⋈∋⋈⊤∈⋈⋈⋈≺∋≻⋈⋈∋∋⋈∋∋∋⊤∈⋈⋈⋈≻⋈⋈⋈∋⊤∈⋈⋈⋈⋈⋈≻⋈⋈⋈≺∋∋⊤∈∋≺⋈∋∋⋈∋∋⋈≻∋⋈⋈≺⋈⋈⋈⋈⊙⋈⋈⋈∋⊞⋈∋∋∋⊞⋈⋈⋈⋈⋈⋈⊣⋈⊣⋈⋈⋈⋈⋈⋈⋈⋈⋈∋⋈⋈⋈⋈⋈⋈∋⋈⋈⋈⋈⋈⋈⊞⋈∋⊞⋈⋈⋈⋈⋈⋈⊣
0x1b594245	⊢⋈⋈⋈⋈⋈⋈⊞⋈⊞⋈⊞⋈⋈⋈⋈⋈⋈≻⋈⊤∈⋈⋈⊞⋈⋈⊞∈⋈⋈⊞⊞⊞∈⋈⋈≻⋈⋈⋈⋈⋈⋈⋈⋈⊞⊤∈∋⋈⋈≻⋈⋈⋈⋈⋈⊙⋈⋈⋈⋈⊙⋈⊞⊞⊞⊞⋈∈⋈⊞⋈⊞⋈⋈⊙⋈⊞⋈⊤∈∋⋈⋈⊞⊞⊤⋈∈∋⋈⋈⋈⊤∈⊞∈⋈⋈≻∋⊤∈⋈⊞⋈⋈⋈⋈≻⋈⋈⋈⊤∈∋≺∋⋈⋈⋈⋈⊤⋈⋈∈⋈⋈⋈⊞⋈∈⋈⋈≻⊤∈⋈⊞⊞⋈⋈⋈⊞⋈∈⋈⋈⋈⋈⊞∈⋈⋈⋈⋈⋈≻⋈⊤∈⋈⋈⋈⋈⋈⋈⋈⋈⋈⋈⋈⊙⊤∈⋈⋈⋈⋈⋈⋈⋈⋈⋈⋈⋈⋈⋈⋈⋈⋈⊤∈∈∈⋈⊞⋈⋈⋈≻⋈⊤∈⋈⋈⋈⋈⋈⋈⋈⋈⋈⋈⊤∈⋈⋈⋈⋈⋈⋈≻⋈⋈≺∋⋈⋈⋈⋈⋈⋈⋈⋈⋈⋈⋈⊞⋈⊤∈∋≺⊤∈∋≺∋∋⋈⋈⋈⋈⊤∈∋⋈⊞⊞≺∋⋈⋈⋈⋈⋈⋈⋈⊤∈∋⋈⋈⋈⋈⋈⋈⋈⋈⋈⊤⋈∈∋⋈⋈⋈⋈⋈≺∋⋈⋈⋈⋈≻⋈⊤⋈⋈∈⋈⋈∈⋈⋈⋈⊞⊥⊤∈⊤∈∋⋈⋈⊙⊤∈⋈⋈⋈⋈⋈⋈⋈⋈⋈⋈⋈⊞⋈⋈≻⊡⊞⊞⋈⋈⊞⋈⋈∈⋈⋈⋈⊤∈⊞⋈⊞⋈⊤∈⋈⋈⋈⊤⋈∈⊞⋈⋈⊞⋈⋈⊞⋈⋈⋈⋈⋈⊞⊞⋈⋈⊞∈⋈⋈⊞⊤∈⋈⋈≻∋⋈⋈≻∋⋈≻∋⋈⋈⋈≻∋⋈⋈≻∋⋈⋈≻∋⋈⋈≻⊞⊞⋈⊞⋈⋈⋈≻⋈⋈⋈⋈⋈⋈⋈⋈⋈⋈⋈⋈≻⋈⋈⋈⋈⋈⋈⋈⊤∈⋈⋈⋈≻∋⋈⋈⋈⋈⋈⋈⋈⋈⋈⋈⋈⋈⋈≻⋈⋈⋈⋈⋈⋈⋈⊤∈⋈⋈⋈≻∋⊞⊤∈∋≺∋⋈⋈⋈⋈⋈⋈⊞⋈⋈⋈⋈⋈⋈⊞⊤⋈⋈⋈⋈∈∋⋈⋈⋈⋈⊙⋈⋈≻⋈⋈⋈⊙⋈⊤∈∋∋⋈⋈⋈⊙≺∋⊤∈⊞∈⋈⋈⋈⋈⊤∈⋈⋈⊞∈⋈⊞⋈⋈⋈⊤∈⊞⋈∈⋈⊤∈⋈⋈⋈≻⋈∋⋈⊤∈⋈⋈⋈≻⋈∋⊞⊞∈∋⋈∋⊞⋈⋈⋈⋈≻⊤∈∋⋈⋈⋈⋈∋⊞⋈⋈⋈⋈≻⊤∈∋∋⋈⋈⋈⋈≻⋈⊤∈⊞⋈⋈∈⋈⋈≻⋈⊞⊞⊤∈∋∋⋈⋈⋈⋈≻⊞⋈⋈⋈⋈⋈⋈⊣
0x1b5f3159	⊢⋈⋈⋈⊞⋈⋈⋈⋈⋈⋈⋈≻⋈⊤∈⋈⊞⋈⋈⊞⋈⊙⊤⊥≺∋⋈⋈⋈⋈≻⋈⊞⋈⋈⋈⊣
0x1b5e1620	⊢⋈⋈⋈⋈⊞⋈⋈⋈⊤⋈⊥⋈⋈⋈⋈⋈≻⊤∈⋈⋈≻⋈⋈⋈⊞⋈⋈⋈⊣
0x1b5e2250	⊢⋈⋈⋈⋈⊞⋈⋈⋈⊤⋈⊥⋈⋈⋈⋈⋈≻⊤∈⋈⋈≻⋈⋈⋈⊞⋈⋈⋈⊣
0x1b5e2450	⊢⋈⋈⋈⋈⊞⋈⋈⋈⊤⋈⊥⋈⋈⋈⋈⋈≻⊤∈⋈⋈≻⋈⋈⋈⊞⋈⋈⋈⊣
0x1b5de770	⊢⋈⋈⋈⋈⊞⋈⋈⋈⊤⋈⊥⋈⋈⋈⋈⋈≻⊤∈⋈⋈≻⋈⋈⋈⊞⋈⋈⋈⊣
0x1b5dd2b0	⊢⋈⋈⋈⋈⊞⋈⋈⋈⊤⋈⊥⋈⋈⋈⋈⋈≻⊤∈⋈⋈≻⋈⋈⋈⊞⋈⋈⋈⊣
0x1b584f07	⊢⋈⋈⋈⋈⋈≻⋈⊤∈⋈⋈≻⋈⋈⋈⋈⋈≻⋈⊤∈⋈⋈≻⋈⊣⋈⊣
0x1b5d4ef0	⊢⋈⋈⋈⋈⊞⋈⋈⋈⊤⋈⊥⋈⋈⋈⋈⋈≻⊤∈⋈⋈≻⋈⋈⋈⊞⋈⋈⋈⊣
0x1b56d3d6	⊢⋈⋈⋈⋈⋈≻⋈⊤∈⋈⋈≻⋈⋈⋈⋈⋈⊞⋈⋈⋈⋈⊤∈⊤∈⊤∈⊤∈∋⋈≺≺⊞⊤⊥⊞⋈⋈⋈⋈⋈⋈≻⋈⊤∈⋈⋈⊤∈⊞≺⊤∈⋈⊞⋈∈⊤∈⊞⋈⊞⊤⋈∈∋⊤∈∋⋈⋈≺∋∋∋⋈⊞⋈⊤∈⊤∈⋈⋈⋈≻⋈⋈⋈≺⊤∈⊞⋈⋈≻⋈⋈≻⋈⋈⋈≺⋈⊤∈⊤∈⋈≺∋∋∋∋∋∋∋∋∋⋈⋈⋈⋈⋈⋈⋈⊞⋈⋈⋈⋈⋈⊣⋈⊣
0x1b5c0ae9	⊢⋈⋈⋈⋈⋈≻⋈⊤∈⋈⋈≻⋈⊣
0x1b5d51c0	⊢⋈⋈⋈⋈⊞⋈⋈⋈⊤⋈⊥⋈⋈⋈⋈⋈≻⊤∈⋈⋈≻⋈⋈⋈⊞⋈⋈⋈⊣
0x1b5e1430	⊢⋈⋈⋈⋈⊞⋈⋈⋈⊤⋈⊥⋈⋈⋈⋈⋈≻⊤∈⋈⋈≻⋈⋈⋈⊞⋈⋈⋈⊣
0x1b5a81e7	⊢⋈⋈⋈⋈⋈⋈≻⋈⊤∈⋈⋈≻⊞∈⋈⋈⋈⋈⋈⊞⋈⋈⋈⋈⋈⊤⊥⊞⊤⊥⋈⊤⊥⋈⋈⋈⋈⋈≻⊤∈⋈⋈⋈⋈⋈⋈≺∋⊞⋈⋈⋈⋈⊣⊞⊣⋈⊣
0x1b5a838c	⊢⋈⋈⋈⋈⋈⋈≻⋈⊤∈⋈⋈≻⋈⋈⋈⋈⋈⋈⋈⊞⋈⋈⋈⊤∈⋈∈⋈⋈⊤∈⋈⋈⋈≻⊞⋈⋈⋈⋈⋈⋈⋈⋈⋈⊡⋈∈⋈⋈⊞⋈∈⊤∈⋈⊤⊥⊞⊞⊞⊤∈∋⋈⊤∈≺∋⊞∈⋈⋈⋈⋈⋈⊤∈⋈⋈⋈⋈≻≺⋈⊤∈⋈∈∋⋈⋈⋈⋈⋈≻⋈⋈≺⋈⋈⊤∈⋈⋈⋈⋈≻⊞⋈⋈⋈⋈≻⊞≺∋⋈∋⋈⋈⋈⋈⋈⋈⋈⋈⋈≻⋈⋈⋈⋈⋈⊡⊤∈⋈⋈⋈⋈⋈⋈⋈⋈∈⊡⋈⊤∈⋈⋈⋈⋈⋈⋈⊤∈⋈≻≺⋈⋈≻⋈⋈⋈⋈⋈⋈⋈⊞∈⋈⋈≻≺⋈⋈⋈⋈⊤∈⋈⋈⋈≻⋈⋈⋈⋈⋈⋈⋈⋈⋈⋈⊞⋈⊡⋈⋈⋈≺⊤∈⋈⋈⋈≻≺⋈⊤∈⋈⋈⋈⋈≻≺⊞⋈⋈⋈⊤∈⊤∈⋈⋈⋈≻⊞≺⋈⊤∈⋈⋈⋈≻⊞∋⋈∋⋈⋈⋈≻⋈≺∋⋈⋈⋈⋈≻⋈⋈⋈⋈⋈⋈⊡⊤∈∋∋∋∋∋⊡⋈⋈⋈⋈⋈⋈⋈⋈≺∋⋈≺∋⊤∈⋈⊤∈⋈∈⋈⋈⊞⋈∈⊤∈⋈⊤⊥⊞⊞⊞⊤∈∋⋈⊤∈≺∋⊞∈∋∋⊤∈⋈≻∋⊞⊞⋈⋈⊡⋈≺∋⊞⋈≺∋∋∋⋈⊤∈⋈⋈⋈⋈≻≺∋∋⋈⊞⋈⋈⋈⋈⋈⋈⊣⋈⊣
0x1b5e6be0	⊢⋈⋈⋈⋈⊞⋈⋈⋈⊤⋈⊥⋈⋈⋈⋈⋈≻⊤∈⋈⋈≻⋈⋈⋈⊞⋈⋈⋈⊣
0x1b5cf6b0	⊢⋈⋈⋈⋈⊞⋈⋈⋈⊤⋈⊥⋈⋈⋈⋈⋈≻⊤∈⋈⋈≻⋈⋈⋈⊞⋈⋈⋈⊣
0x1b5e9940	⊢⋈⋈⋈⋈⊞⋈⋈⋈⊤⋈⊥⋈⋈⋈⋈⋈≻⊤∈⋈⋈≻⋈⋈⋈⊞⋈⋈⋈⊣
0x1b58ca6d	⊢⋈⋈⋈⋈⋈≻⋈⊤∈⋈⋈≻⋈⋈⋈⋈⋈⋈⊞⋈⊞⊤⋈⋈∈⊤∈⋈⋈⊤∈⋈⋈⊞⊥⋈⊤⊥⊞∈⊞∈⋈⋈≻∋⊤∈⋈⋈⋈≻⊤∈∋⋈⋈⋈⊞≺∋⋈⋈⋈⊙≺⋈⋈≺⋈≺∋∋⋈∋⋈⋈⋈⋈⊞⋈⋈⋈⋈⋈⋈⋈∈⊤∈⊤∈⊤∈∋⊤∈⋈⊞⊤∈⋈⋈∈⊤∈∋∋⋈⋈⊤∈⊞⋈∈∋≺∋∋⋈⊤∈⋈⋈⋈⋈≻∋⋈⋈⋈≻⋈⋈≻⊞⋈⋈⋈⋈⋈⋈⊣≺∋⋈⋈⋈⋈⋈⋈≻⋈⋈⋈⊤∈⋈∋⊤∈⊞⋈⊤∈⋈∋⊤⊥⊤⊥≺∋⊤∈⋈≻⋈∋⋈⊞⋈⋈⊤∈⋈⋈⋈≻∋⋈⋈⋈⋈⋈⋈⊤∈⋈⋈⊤∈⊤∈⋈∋⊤∈⋈≺∋⊤∈∋⋈⋈⋈⋈⋈⊞⋈≻≺∋⊤∈⋈⋈⋈⋈≻≺∋∋⋈⋈⋈⋈⋈⋈⋈≺∋⋈⊣
0x1b5e1fa0	⊢⋈⋈⋈⋈⊞⋈⋈⋈⊤⋈⊥⋈⋈⋈⋈⋈≻⊤∈⋈⋈≻⋈⋈⋈⊞⋈⋈⋈⊣
0x1b5f6c19	⊢⋈⋈⋈⋈⋈≻⋈⊤∈⋈⋈≻⋈⋈⋈⋈⋈⋈⊤∈⊞∈⋈⋈≻∋⋈⋈∈⋈⊞⋈⋈⋈≻⋈⋈⊤∈∋≺∋⋈⋈⋈⋈⊙⋈⊞⋈⋈⋈⋈⊣⋈⊣
0x1b5f13d0	⊢⋈⋈⋈⋈⋈≻⋈⊤∈⋈⋈≻⋈⋈⋈⋈⋈⋈⊞⋈⋈⋈⋈⋈≻⋈⋈⋈⋈⋈⋈⋈≻⋈⋈⋈⋈⊞≻⊤∈⋈⋈⊞⋈⋈⋈⊞∈⊤∈⋈⊞⋈⊞⊞∈⊤∈⋈≻⋈⊡⊞⊞⊞⋈⊞⋈⊞⊞⋈⊤∈∋⊤∈⋈⊞∈⊤∈∋⋈≻⋈⋈⋈⋈⋈⋈⊞⋈⋈⋈⋈⊞⋈⋈⋈≻⊤∈⋈⋈≻⋈⋈⋈⋈⋈⋈⊞⋈⊞⋈⊞⋈⊞⊥⋈⊤⊥⊞∈⊞∈⋈⋈≻∋⋈⋈⊤⋈∈⋈⊞⋈⋈⋈≻⊤∈∋≺∋⋈⋈⋈⊤∈⋈⋈⊞⋈∈⋈⊞∈⊞⋈⊞⊤∈⋈≻⋈∋⊞⋈⊞⋈⊤∈∋⊞⊤∈∋∋⋈⊤∈⊤⋈∈⊤∈⋈≻∋⋈⋈⋈⊞⋈⋈∈⋈⊞∈⊤∈⊞⊞⊤∈∋≺∋⋈∋∋⋈∋⋈⋈⋈⋈⊞⋈⋈⋈⋈⋈⋈⊣⊞⋈⋈⋈⊤∈⋈⋈⊞⊞⋈⊞∈⋈⊞⋈⊞⊞∈⋈⋈⊞⊤⊥⊞⊤∈⊤∈≻⋈⋈∋⋈⊞⋈⊞⊤∈∋≺⊞⊞∈∋≺⊤∈⋈⋈≻⋈∋⋈⊞⋈∋⊤⋈∈⊤∈⋈≻∋∋⋈⋈⋈∋⋈⋈≻⊞⋈⋈⋈⋈⋈⋈⊣⊡⊞⊞⊤⋈⋈∈∋∋∋⊞⊞⊤∈∋∋⋈⋈⋈⋈⋈⋈⋈≻⋈⋈⋈⋈≻⋈⋈⋈⋈≻⋈⋈⋈⋈≻⋈⋈⋈⋈⊞⋈⋈⋈⋈⋈⋈≺⋈⊣
0x1b571e50	⊢⋈⋈⋈⋈⊞⋈⋈⋈⊤⋈⊥⋈⋈⋈≻⊤∈⋈⋈≻⋈⋈⋈⊞⋈⋈⋈⊣
0x1b5a8ed8	⊢⋈⋈⋈⋈⋈≻⋈⊤∈⋈⋈≻⋈⊣
0x1b5d5e50	⊢⋈⊞⊤∈⋈⋈⋈⊣⋈⋈⊞⊙
0x1b5ebc20	⊢⋈⋈⋈⋈⋈⋈⋈⊞⋈⋈⋈⋈⋈⊤∈⋈≺⋈⊞⋈⊞⋈⊞⋈⊙⋈⋈≺∈∈∈⋈⊞⋈⊞⋈⊤∈⊞⊡∈∋⊤⊥⋈⋈⋈⋈⋈⊙⋈⋈⊤∈⋈⋈⋈⋈⊞⊙⊤∈∋∋⊞⋈⋈⋈⋈⋈⋈⊣⋈⊤∈⊞⋈⊡∈∋∋⋈⊡∈⋈⊤∈⊤⋈⊥⋈⋈⋈⋈⋈⊞⊞⊙⊤∈⊙⊤∈∋∋∋⋈≺∋
0x1b5edd50	⊢⋈⋈⋈⋈⋈⊞⋈⋈⋈⋈⊞⊙
0x1b5ef700	⊢⋈⋈⋈⋈⋈⋈⋈⊞⋈⋈⋈⊤∈⋈⋈⋈≻⋈⋈⋈⊞∈∋⋈⋈⋈≻⋈⋈⋈⋈⋈⋈⋈⋈⋈⋈⋈⋈⋈⋈⋈⋈⊙⋈⋈⊞⋈⋈⊙⋈⊞⋈⊞⊤∈∋⋈⋈⋈≻⋈⋈⋈⋈⋈⋈⊞⊞⋈⊞⋈⋈⋈⊙⋈⋈⋈⊞⋈⋈⋈⊙⊞⋈⋈⋈⋈⋈⋈⋈⋈⋈⋈⋈⋈⋈⋈⋈⋈⋈⋈⋈⋈⋈⋈⋈⋈⋈⋈⋈⋈⋈⋈⋈⋈⋈⋈⋈⋈⋈⋈⋈⋈⊤⋈∈⊤∈⊤∈∋∋⋈⋈⋈≻⋈⋈⋈⊞⋈⋈⋈⋈⊙⋈⋈⊞⋈⋈⊙⋈⊞⊞⊡∈⋈⋈⋈⊞⊤∈∋≺∋⊞⋈⋈⋈⋈⋈⋈⊣
0x1b5efd00	⊢⋈⋈⋈⋈⋈⋈⋈⊞⋈⋈⋈⊤∈⋈⋈⋈≻⋈⋈⋈⊞∈∋⋈⋈⋈≻⋈⋈⋈⋈⋈⋈⋈⋈⋈⋈⋈⋈⋈⋈⋈⋈⋈⋈⋈⋈⋈⋈⋈⋈⋈⋈⋈⋈⋈⋈⋈⋈⋈⋈⋈⋈⋈⋈⋈⋈⋈⋈⋈⋈⋈⋈⋈⋈⋈⋈⋈⋈⋈⋈⊞⊙⋈⊞⋈⋈⊙⋈⋈⊞⋈⋈⋈⋈⊙⋈⋈⊞⋈⋈⊙⋈⊤⋈∈⊤∈⊤∈∋∋⋈⋈⋈≻⋈⋈⋈⋈⋈⊞⋈⊙⋈⊞⋈⋈⊙⋈⋈⊞⊞∈⋈⋈⋈⋈⊞⊤∈∋⊞⊞⊞∈⋈⋈⋈⊞⊤∈∋≺∋⊞⋈⋈⋈⋈⋈⋈⊣
0x1b5ea250	⊢⋈⋈⋈⋈⋈⋈⋈⊞⋈⋈⋈⊤∈⋈⋈⋈≻⋈⋈⋈⊞∈∋⋈⋈⋈≻⋈⋈⋈⋈⋈⊞⋈⋈⋈⋈⋈⊙⋈⊞⊞⋈⋈⊞⋈⊙⋈⋈⊞⋈⊞⊤∈∋⋈⋈⋈≻⋈⋈⊞⋈⋈⋈⊙⋈⊞⊞⊞⋈⋈⊙⋈⊞⋈⋈⋈⋈⋈⋈⋈⋈⋈⊞⋈⋈⋈⋈⋈⋈⋈⋈⋈⋈⋈⋈⋈⋈⊤⋈∈⊤∈⊤∈∋∋⋈⋈⋈≻⋈⋈⋈⊞⋈⊞⋈⊙⋈⋈⊞⋈⋈⊙⋈⊞⊞⊞∈⋈⋈⋈⊞⊤∈∋≺∋⊞⋈⋈⋈⋈⋈⋈⊣
0x1b5ea760	⊢⋈⋈⋈⋈⋈⋈⋈⊞⋈⋈⋈⊤∈⋈⋈⋈≻⋈⋈⋈⊞∈∋⋈⋈⋈≻⋈⋈⋈⋈⋈⋈⊞⋈⋈⋈⋈⋈⋈⋈⋈⋈⋈⊞⋈⋈⋈⋈⋈⋈⋈⋈⋈⋈⊞⋈⋈⋈⋈⋈⋈⋈⊞⋈⊙⋈⊞⊞⋈⋈⊙⋈⊞⋈⋈⋈⊙⋈⊞⊞⋈⊞⋈⊙⋈⊤⋈∈⊤∈⊤∈∋∋⋈⋈⋈≻⋈⋈⋈⊞⋈⊙⋈⊞⋈⊞⋈⊙⋈⋈⊞⊞⊡∈⋈⋈⋈⋈⊞⊤∈∋⊞⊞⊡∈⋈⋈⋈⊞⊤∈∋≺∋⊞⋈⋈⋈⋈⋈⋈⊣
0x1b5cb3a0	⊢⋈⋈⋈⋈⋈⋈⋈⊞⊤∈⊞⊤∈⊤⊥⊤∈∋⊞∋⊤⊥≺∋⋈⋈⋈⋈⋈⋈⋈⋈⋈⊤∈⊞∈⋈⋈⋈⋈⋈⋈∋∈⋈⋈⋈⋈⋈⋈⋈⋈⋈⋈⋈⋈⋈⋈⋈⋈⋈⋈⋈⋈⋈≻⋈⋈≻⋈⋈⋈⋈⋈⋈⋈⋈⋈⋈⋈⋈⋈⋈⋈⋈⋈⊤⋈∈⊤∈⊤∈∋⋈⋈⋈⋈⋈⋈⋈⋈⋈⋈⊤∈⋈⋈⋈⋈⋈⋈⋈⋈⋈⋈⋈⋈⋈⋈⋈⋈⋈⋈⋈≻⋈⋈≻⊤∈∋∋⊞≺∋⊞⋈⋈⋈⋈⋈⋈⊣⋈⋈⋈⋈⋈⋈⋈⋈⋈⋈⋈⋈⋈⋈⋈⋈⋈⊤∈∋≺∋
0x1b5cb2d0	⊢⋈⋈⋈⋈⋈⋈⊞⋈⋈⋈≻⊤∈⋈⊞⊤⊥⋈⋈⊞⊤∈⋈⋈⋈⋈⊤∈⋈⊙∋⊤∈⋈⊙∋⋈⊙∋⊞≺∋⊞⋈⋈⋈⋈⋈⊣
0x1b5bb7de	⊢⋈⋈⋈⋈⋈⋈⊞⋈⋈⋈⋈⋈⋈⋈⋈≻⋈∈⋈⋈≻⋈⊤∈∋⊤∈⋈⋈≺∋⋈⊞⊤∈⋈⊤∈⊞⊞⊞∈⋈⊤∈⋈⊞⋈⊞⊤∈⊞⊞⊞⋈≺⋈⊞⊞⊞⊤∈⊞⊞⊞⋈⋈⊞⊞⊞⊞⊞⊞⊞≺⊞≺∋∋∋⋈⊞⊞⋈⊤⊥⊤∈⋈≻⋈⊞⋈⊞⊤∈∋⊞≺⊞≺∋∋⊞⋈⋈⋈⋈⋈⊣
0x1b57e55d	⊢⋈⋈⋈⋈⋈⋈⊞⋈⋈⋈⋈⋈⋈≻⋈⊤∈⋈⋈≻≺∋⋈⊞⋈⋈⊞⊞⊞⊞⋈⋈⋈⋈⊞⊞⊞∈⊞⊡⊞⊞⊞⊤∈⋈∈⋈⊞⊞⊞⋈⊞⋈⊞⋈⊤∈⊤∈⊤∈⊞⋈≺∋∋⋈⊞⋈⋈⋈∈∋∋⊤∈⊞⊤∈⊞⊞⊞⊞∋⊞⊞⊤∈⋈⊤∈⊡⊞⊞⋈≺∋⊞⋈⊡⋈⊞⋈⋈⊡⋈⊞⊞⋈⊞⊞⊡⊡⋈⋈∋⊞⋈⊞⋈⋈⋈⋈⋈⋈⊣⋈≺∋⊞⊞⊞≺∋
0x1b584015	⊢⋈⋈⋈⋈⋈⋈⊞⋈⋈⋈⋈⋈⋈≻⋈⊤∈⋈⋈≻≺∋⋈⊞⋈⋈⊞⊞⊞⊞⋈⋈⋈⋈⊞⊞⊞∈⊞⊡⊞⊞⊞⊤∈⋈∈⋈⊞⊞⊞⋈⊞⋈⊞⋈⊤∈⊤∈⊤∈⊞⋈≺∋∋⋈⊞⋈⋈⋈∈∋∋⊤∈⊞⊤∈⊞⊞⊞⊞∋⊞⊞⊤∈⋈⊤∈⊡⊞⊞⋈≺∋⊞⋈⊡⋈⊞⋈⋈⊡⋈⊞⊞⋈⊞⊞⊡⊡⋈⋈∋⊞⋈⊞⋈⋈⋈⋈⋈⋈⊣⋈≺∋⊞⊞⊞≺∋
0x1b58324f	⊢⋈⋈⋈⋈⋈⋈⋈⋈⋈⋈⋈⋈⋈≻⋈⊤∈⋈⋈≻≺∋⋈⊞⋈⋈⊞⊞⊞⊞⋈⊞⊞⊞∈⊞⊡⊞⊞⊞⊤∈∈⊞⊞⊞⋈⊞⋈⊞⊤∈⊞≺⋈⊞⋈∈∋∋⊤∈⊞⊤∈⊞⊞⊞⊞∋⊞⊞⊤∈⋈⊤∈⊡⊞⊞⋈≺∋⊞⋈⊡⋈⊞⋈⋈⊡⋈⊞⊞⊞⋈∋⊞⋈⊞⋈⋈⋈⋈⋈⋈⊣⋈≺∋⊞⊞⊞≺∋
0x1b5d98c0	⊢⋈⋈⋈⋈⋈⋈⋈⊞⋈⋈⋈⋈⋈⋈∈∈∈∈∈⋈⋈⊤∈⋈≺⋈⋈⋈⊤∈⋈⋈⋈⋈⋈⋈⋈⋈⋈⋈⊞⊞⊡∈⋈⊤∈⊤∈⋈⋈⋈≺∋⋈⋈⊞⊞⊞⊤∈⋈⋈⊤∈⋈⊞⋈≺∋⋈⋈⊤∈⋈⊤∈⋈∈⋈⋈⊞⋈⊞∈⊤∈⋈⊤⊥⊞⊞⊞⊤∈∋⋈⊤∈∋⊞∈∋⋈⋈≺⋈≺∋≺⊞⊞⊤∈≺⊞⊞⊤∈∋⋈⊞⋈∋∋⋈⊤∈⋈⋈⋈≻⋈⋈⋈⋈⋈≻⋈⊤∈⋈⊤⋈⋈∈∋∈⋈⋈⋈⋈⊞⊤∈⋈⋈⊞⊞∈⋈⊤∈⊤∈⋈⋈⋈⊞≺∋⋈⋈⊞⊞⊞⊤∈⋈⋈⊤∈⋈⊞⋈≺⋈⋈⊤∈⋈⊤∈⋈∈⋈⋈⊞⋈⊡∈⊤∈⋈⊤⊥⊞⊞⊞⊤∈∋⋈⊤∈∋⊞∈∋⋈⊞⋈≺⋈≺∋≺⊞⊞⊞⊞≺∋⊤∈⋈⊞⋈∋⋈≻⋈⋈⋈⋈⋈⋈≻⋈⊤∈∋⋈⋈⋈⊞⊞⋈⋈≺⋈⋈⋈∋⊤∈∋≺∋⊞⊞⊞∈∋≺⊞⋈⋈⊞∋∋∋⊞∋⋈⋈⋈⊞⋈⋈≺⋈⋈⊤∈⊤⊥⋈⋈⋈⋈≻⋈⊤∈⋈⋈⋈⋈⋈⊞⋈⋈⊞⋈⊞⋈⋈⊞⋈⋈⋈⋈⋈⋈≺∈⋈⋈⋈⋈⋈⋈⋈⋈⋈≻⋈⊤∈⋈⋈⋈≺⋈⋈⊤∈⊤∈⊤∈∋⋈⋈⋈⋈≻⋈⋈⋈⋈⋈⋈≻⊤∈⋈⋈⋈⋈≺∋⋈⋈∋⋈⋈⊞⊤∈∋∋⋈⊤∈⋈≻≺∋⋈⊞⊞⋈⋈⋈⋈⊞⊞⋈⋈⊞⋈⋈⋈⋈⊞⋈⋈⋈⋈⋈⋈⋈⋈⋈⋈⋈⊤⋈⋈⋈⋈∈⋈⋈⊞⊤∈⊞⊤∈⋈⋈⊤∈⋈⋈⊤∈⋈≻≺∋⋈⋈⊞⋈⋈⋈⋈⋈⋈⊞⋈≺⊤∈⋈⋈⊤∈⋈≻≺∋⋈⋈⊞⋈⋈⋈⋈⋈⋈⋈⊞⋈≺⋈⋈⊞⊤⊥⊞⋈⋈⊞∈⋈⊞⊞⊤⋈⋈⋈⋈⋈⋈⋈⋈⋈⋈⋈⊥⋈∈∈⋈⋈≻⋈⋈⋈⊤∈⊤∈⋈⊞⋈⊞⊤∈∋∋∋∋∋∋⋈⋈⋈⋈≻≺⊤∈∋⋈⊤∈⋈≻≺∋⋈⋈⊞⋈⋈⋈⋈⋈⊞⋈≺∋⋈⊞⊞≺∋⋈⋈⋈⊞⋈⋈∋∋⋈⋈⊤∈∋≺⋈⋈≺⋈⋈⊞⊙⋈≻⋈⋈⋈⋈⋈⋈≻⊤∈⋈⋈⋈≺⋈⋈≺∋⊞⊞⊞∈∋≺⊞⋈⋈∋∋∋⋈⋈⋈⋈⋈∋∋∋∋⊞⋈⋈⋈⋈⋈⋈⊣
0x1b5f6cbe	⊢⋈⋈⋈⋈⋈⋈⋈⋈⊞∈⋈⊞⊤∈⋈⋈⋈⋈⋈≻⋈≺∋⋈⋈⊤∈⋈⊞⊙⊞⊞⊞⋈∋⋈⊞⋈∋⋈⊞⋈⋈⋈⋈⊣
0x1b573de0	⊢⋈⋈⋈⋈⋈⋈⋈⊞⋈⋈⊤∈⋈⋈⋈⊤⋈∈⊤∈⋈⋈⋈⋈⋈⋈⋈⊙⋈⋈⋈⊤∈∋⋈⋈⋈⋈⋈⋈⋈⋈⋈⋈⋈≻⊤∈⋈⋈⋈≻⊤∈⋈⋈⊙⊤∈⋈⋈⋈⋈⊙⋈⋈⋈⊞⋈⋈⊤⊥⋈⋈⊙⊤∈⋈⋈⋈⋈⊙⊤∈⋈⋈⋈⋈⊙⊤∈⋈⋈⊙≺∋⋈≺∋∋∋∋∋∋∋∋⋈⋈⋈⊞⋈⋈⋈⋈⋈⋈⊣
0x1b573f60	⊢⋈⊤∈⊤⋈∈⋈⋈⋈⋈⋈⋈⊤∈⋈⋈⋈⋈⋈⋈⋈⋈≺∋⊙⋈⊞⋈⋈∋⋈∋⊣
0x1b5bacf4	⊢⋈⋈⋈⊤∈⊤∈∋⊞⋈∈⊤∈⋈⊤∈⊞⋈⊤∈⊞⋈⋈⊤∈⋈⊤∈⋈⊤∈⊞⊞≺∋⋈∋⊞⋈⊞∈⋈⊞∈∋≺∋∋∋∋⋈⋈⊞⋈⋈≺∋⊞≺∋⋈⊣
0x1b5bb753	⊢⋈⋈⋈⋈⋈⋈⋈⋈⋈∈⊤∈⋈⋈⊞⋈⋈⊤⊥⋈⊤⊥⊞∈∋⊤∈∋⋈⋈⋈⊞∈⊤∈⊤∈∋⋈⋈≻∋⊞⋈⋈≺∋⊞⋈⋈⊣
0x1b5b9f21	⊢⋈⋈⋈⋈⊞⋈⋈⊤∈⋈⊤∈∋⋈⊞⋈⋈⋈≻⊤∈⋈⊤∈⋈≺⊞⋈≺∋⊞⋈⋈∋⋈≺∋⋈⊞⋈⋈⋈⊣
0x1b5b9f92	⊢⋈⋈⋈⋈⋈⋈⋈⊤∈⋈⊤∈∋⊞⊞⋈⋈≺∋⊤∈⋈⋈⊞⊤∈⊞⋈⊤∈⊞⋈⋈∈⊤∈⋈⋈⊞⊤∈∋⊤∈⊤∈⊞⋈≺∋∋∋⋈⊞∈⋈⊤∈⊤∈⊤∈∋⊤∈⊤∈∋⋈⋈⋈≻∋⋈⊤∈⋈⋈⋈⋈≺⋈⊞⋈∈⊤∈⋈⊞≺⋈⊞⊤∈∋⊤∈⊤∈∈⊤∈⊤∈∋∋⊤∈⋈∈⊤∈∋⋈⋈⋈⋈≻∋⊞⋈≺∋∋⊞⊞⋈⋈∋⊤∈⋈⋈⋈⋈≺≺∋∋⋈⋈⋈⊞≻⋈⋈⋈⋈⋈⋈⋈⊞⋈⋈⋈⋈⊞⊙⋈⋈⊤∈⋈⋈⋈⋈⋈⋈⋈⋈⋈⋈⊤⋈⋈∈⊞⊞⊞∈⋈⊤∈⋈⊞⋈⊞⊤∈⊞⊞⊞⋈≺⋈⊞⊞⊞⊤∈⊞⊞⊞⋈⋈⊞⊞⊞⊞⊞⊞⊤∈⊞≺⊞≺∋∋∋⊤∈⋈⊞⊤∈∋∋⋈⋈⋈⋈⋈⋈⋈⋈⋈⋈⊞∈⊞⋈⋈⊞⋈⊞∈⋈⊞⋈⊥⊤⊞⊤⋈⊥⊤∈⋈⊤∈⊤∈⋈⊞≺∋⋈⊤∈⋈⊤∈⊞⋈∋⋈⋈⊞∈⊞∈⊤∈⊞∈⋈⋈⊞⊞⋈⋈⊞⊤∈⋈⊞∈⊤∈⋈⊞⊞⊤∈⊤∈⋈⊤∈⊤∈⋈⋈≻⋈⊤∈⋈⊞≺⋈⋈⊞⋈⋈⊤∈⊞⊞⊞⊤⊥⋈⊥⊞⊞≺∋∋⊞⊣∈⋈⋈⊞⊤∈∋≺∋⋈⊤∈⋈⋈∈⋈⋈⋈⋈≻⋈⊤∈⊞⊡∈≺∋⋈⊞⊡⋈⊞⊞⋈⊞⊞⊤∈⋈⋈⋈⋈∈⋈⊞⋈⊞⊞⊤⋈∈∋≺∋⊞⋈⋈⋈⊞⊞⊞⋈⊞⊞⋈⋈⋈⋈⋈≺∋⋈⊞⊞⊞⋈⊞⋈⋈∈∋≺∋∋∋∋∋∋∋∋∋∋∋∋⋈⋈⋈⋈⋈⋈⋈⊙⋈⊤∈⋈⊤∈⋈⋈⋈⊙⊤∈⋈⋈⋈⊙⊤∈∋⋈⋈⋈⋈⊙⊤∈⋈⋈⋈⋈≺∋⊞⋈⋈⋈⋈⋈⋈⊙∋∋∋∋∋⋈⊞⋈⋈⋈⋈⋈⋈⊣≺∋⊞⋈⊞∈⋈⊞∈∋∋∋∋∋∋⋈⋈∋∋⊞⋈⋈⊣≺∋
0x1b5bc4c9	⊢⋈⋈⋈⋈⋈⋈⊞⋈⋈⋈⋈⋈≻⊤∈⊞⋈⊤∈⋈⋈⊞⊤∈⋈⋈⋈⋈≺⋈≺⋈⋈≺∋∋⋈∋⊞⋈⋈⋈⋈⋈⊣
0x1b591957	⊢⋈⋈⋈⋈⊞⊤∈⋈⊤⊥⋈⊞⊞⊥⊞∈⋈⊡⊞⊞⊤∈∋⊞≺⋈⊡⊞⋈≺∋⊞∋⊞⊞⊥⊤⊥⋈⊤⊥⊤∈⋈⋈⊙⊤∈⋈⋈≻⋈⋈⋈⋈⋈⋈⋈⋈⋈⋈⊞⋈⋈⋈≺∋⊞⋈⋈⊣
0x1b5cf070	⊢⋈⋈⋈⋈⋈⋈⋈⊞⋈⊤∈⋈⋈⋈⋈⋈⋈⋈⋈⋈⋈⋈⋈⋈⋈⋈⋈⋈⋈∈⋈⋈⋈⊤∈⋈⊞⋈⋈⋈≺⋈⋈⋈⋈⊤∈⋈⋈⋈⋈⋈⋈⋈⋈⋈⋈⋈⊞⋈⋈⋈⋈≺∈⊤⋈∈⊞⊤∈⊞≺∈⋈⊞⋈⋈⊞⋈⊤∈∈⋈⊤∈∋⋈≺∋∋⊞⊤∈∋∋⋈⊞⋈⊤∈∈⋈⊤∈⋈⊤∈∋∋∋∋⋈⋈⋈⋈⊞⋈⋈⋈⊞⋈⋈⋈⋈⋈≺⋈⊤∈⋈⋈⋈≻≺⋈⊤∈⋈≻≺⋈∋⋈⊞⊞⋈⊞⋈⊞⋈⊞⊞⊞⋈⋈∋⊤∈⋈⋈⋈⋈⋈≺⋈⊤∈⊤∈⋈⋈⋈≺∈⋈⊤∈⋈⋈⋈⋈⋈⊞⊤∈⊤∈∋⋈⊤∈∋⋈⋈⋈⋈⊤∈⋈≻⊞⊞⋈⋈⋈≺∋⋈⋈⊤∈∋∋∋∋∋∋⋈⋈⋈⋈⋈⋈⋈⋈⋈⋈⋈⋈⋈⋈⋈⋈⋈⋈⋈⋈⋈⋈⋈⋈⋈⋈⋈⋈⋈⋈⋈⋈⋈⋈⋈≻⋈⋈⋈⋈⋈⋈⋈⋈⋈⋈⋈⋈⋈⋈⋈⊤⋈∈∋≺∋⋈⋈⋈⋈⋈⋈⋈⋈⋈⋈⋈⋈⋈⋈⋈⋈⋈⋈⋈⋈⋈⋈⋈⋈⋈⋈⋈⊞⋈⋈⊙≺∋⊞⋈⋈⋈⋈⋈⋈⊣
0x1b5d5d90	⊢⋈⋈⋈⋈⋈⋈⋈⋈⋈⊞⋈⊞⊞⊞⋈⊥⋈⊞⊤⊥⊞⋈∈⊤∈⊤∈⋈⋈⋈⋈≻⊤∈⊞⋈⋈⋈⋈⋈≻⊤∈∋∋⋈⋈⊞≺∋⋈⋈≺⋈⊞≺∋∋⋈⋈⋈⋈⋈⋈⋈⊣
0x1b5a8d62	⊢⋈⋈⋈⋈⊞⋈⋈⋈⋈⊞⋈⊞⊞⊞⋈⊥⋈⊞⊤⊥⊞⋈∈⊤∈⋈⊞⊞⋈⋈≺∋⋈⊤∈⊤∈⋈≺⋈⊤∈⊤∈⋈≺∋⋈⋈≻⋈⋈⋈≻≺∋∋⊤∈⋈⋈∋⋈⋈⊞≺⋈⊞≺∋∋⋈⋈⊞⋈⋈⋈⋈⊣
0x1b5a82a9	⊢⋈⋈⋈⋈⋈⋈⊞⋈⋈⋈⋈⊞⋈⊞⊞⊞⋈⊥⋈⊞⊤⊥⊞⋈∈⊤∈⋈⊞⊞⋈⋈≺∋⋈⊤∈⊤∈⋈≺⋈⊤∈⊤∈⋈≺∋⋈⋈≻⋈⋈⋈≻≺∋∋⊤∈⋈⋈∋⋈⋈⊞≺⋈⊞≺∋∋⋈⋈⊞⋈⋈⋈⋈⋈⊣
0x1b578e24	⊢⋈⋈⋈⋈⊞⋈⋈⋈⊤∈⋈⋈⋈⋈⋈⋈⋈≻⊤∈⋈⋈⋈≺⋈≺∋∋⋈⊞⋈⋈⋈⋈⊣
0x1b573fc0	⊢⋈⋈⋈⋈⋈⋈⋈⊞⋈⊞⋈⋈⋈⋈⋈⋈⋈⋈⋈⋈⋈⊤∈⊤∈⋈⋈⊞⋈≻⋈⋈⋈⋈⊞⊞⊡∈∈⊤∈⋈⊞⋈⊞⊤∈∋⊞⋈⊞⊡∈⊤∈⋈⋈⊞⊞⊞⋈⊞⋈⊞⊞⊤∈∋⋈⊤∈⋈⊤∈⋈⋈∋⊞⊤⊥≺∋⋈⋈⋈⋈⊞⋈⊞⊡∈∈⊤∈∋⋈⋈⋈⊙⋈⋈⊞⋈⋈⋈⋈⋈⋈⊣⋈⊞⋈⊞⊤∈∋⋈⊞⋈⊞⊡∈⊤∈⋈⋈⊞⊞⊞⋈⊞⋈⊞⊞⊤∈∋⋈⊤⋈∈⋈⊤∈∋∋∋∋⋈⋈≻⋈⋈⋈⋈⋈⋈⊤∈⋈⋈⋈≻⋈⋈⊞⋈⊤∈⋈∈⊞⊤∈⋈⊤∈⋈⋈⊤∈∋∋⋈⊞⊤∈⋈⋈⊞⊙∋⋈⊞⊤∈⋈⋈⊤∈∋∋⋈⋈⋈≻⋈⋈⊞⊞⋈⊤∈⊤∈∋∋⋈⋈≻⋈⋈∋⋈⊤∈⋈⊞⊡∈⋈⋈⋈⊞⋈⊞⊞⋈⊞⊤∈∋∋⋈⊡≺∋⋈⋈⊞⋈⋈⋈⋈⊣⋈⋈∋⊞⊤⊥≺∋
0x1b589176	⊢⋈⋈⋈⋈⋈⋈⊞⋈⋈⋈⋈⊞⊤∈⋈⊤∈⋈⊤⋈∈⋈⋈⋈≻⊤∈⋈⋈⋈⋈⊙⋈⋈⊤∈∋⋈⋈⊙⊤∈⋈⋈≻⋈⋈⋈⋈⋈⋈⋈⋈⊞⋈≺⋈⊞≺∋⋈⋈⋈⋈≺∋⋈⋈⋈⋈⋈⋈⋈⋈⋈≻⋈⋈⋈⋈≻⋈⋈⋈≻⋈⊤⋈∈⋈⋈⋈≻∋⋈⋈⊤∈⊤∈⋈≺⋈⊤∈⋈⋈⊞⊥⋈⊤⊥⊞∈⊞∈⋈⋈≻∋⊤∈⋈⊞⋈⋈⋈⋈≻⊤∈∋⋈⋈⋈≺∋⋈⋈⊙⋈⋈≺⋈≺∋∋∋⋈⋈⋈⋈⋈⋈≻⋈⋈⋈⋈⋈⋈⋈⋈≻⋈⋈⊤∈⋈⊤⋈⋈⊤⋈⋈∈⊤∈⋈⋈≺⊤∈⋈⊞⋈⋈≺∋∋⋈⊤∈⋈⋈≺⊤∈⋈⊞⋈⋈≺∋∋⊤⊥∈⊞∈⊤∈⋈⊤⋈∈∋≺⊤∈⋈≺⋈⊤∈⋈⋈≺⊤∈⋈⊞⋈⋈≺∋∋⊤∈⋈⋈≺⊤∈⋈⊞⋈⋈≺∋∋⊤⊥∈∋⊤∈⊞∈⊤∈⋈⊤⋈∈∋∋∈∋⊤∈⋈⋈⋈≻∋⋈⋈⋈⋈⋈⋈⋈⋈⋈⋈⋈⋈≻⋈⋈⋈⋈≺≺∋∋∋∋⊤∈⋈⋈⋈≻∋∋⊤∈⊞⋈⊞⊞⋈⋈⋈⋈⋈⋈⋈⋈≻⊤⋈⋈∈⊤∈≺⊤∈∋⋈∋∋⋈⋈⋈⋈⋈⋈⋈⋈⋈⋈⋈⋈≻⋈⋈⋈⋈⋈⋈⋈≻⋈⋈⋈⋈⋈⋈⋈⋈⋈≻⋈⋈⋈⋈≻⋈⋈⋈⋈⋈⋈⋈⋈≻⋈⋈⋈⋈⋈⋈⋈⋈≻⋈⋈⋈⋈≻⋈⋈⋈⋈⋈⋈⋈⋈≻⋈⋈⋈⋈⋈⋈⋈⋈≻⋈⋈⋈⋈≻⋈⋈⋈⋈≻⋈⋈⋈⋈⋈≻⊞⊤⊥⊞⋈⋈⋈≻⋈⋈⋈≻⋈⋈⊤∈⋈⊤∈⋈⋈⋈⋈⋈⋈⋈≺⊤∈⋈⋈⊞⊥⋈⊞⊤⊥⊞∈⊞⋈⋈⋈⋈⊞≺⋈⋈⋈⋈≺⋈⋈⊙⊤∈∋⋈⋈≻∋⋈⋈≻∈⋈≺∈⋈≻∋⊤∈⋈⋈⋈⋈⋈≻⊤∈∋⋈∋⋈⋈≺∋⋈⋈⋈⊙⋈⋈≻⊤∈∋⋈⋈⋈⋈⊙⋈⋈∋∋∋⋈⋈⋈⋈⋈⊤⋈∈⋈⊤∈⋈⋈⋈⋈⋈⋈≺⊤∈⋈⋈⊞⊥⋈⊤⊥⊞∈⊞∈⋈∈⋈≻∋⊤⋈∈⋈⋈⋈⋈⋈≻⊤∈∋⋈⋈⋈≺∋⋈⋈⋈⊙⋈⋈≻⊤∈⋈≺∋⋈⋈⋈⋈⊙⋈⋈⋈⋈⋈⊞≺⋈⋈⋈⋈≺∋∋∋⋈⋈⋈⋈⋈⋈⋈⋈⋈⋈⋈∈⋈⊤∈⋈⊞⋈⋈⋈⋈⋈⋈⋈⋈≺∋⋈⋈⊤∈⋈⊤∈⋈⊤∈⊤∈⊤∈∋⊞⋈≺∋∋∋∋⋈⋈⋈≻⋈⋈⋈⋈≻⋈⋈⋈≻⋈⋈⋈≻⋈⋈⊤∈⋈⋈⋈≻∋⋈⋈⋈⋈⊤∈⋈⊞⋈⋈⋈⋈⋈⋈⋈⋈≺∋⋈⋈⊤∈⋈⊤∈⋈⊤∈⊤∈⊤∈∋⊞⋈≺∋∋∋∋⋈⋈⋈≻⋈⋈⋈⋈≻⋈⋈⋈≻⋈⋈⋈≻⋈⊤∈⋈⋈⋈≻∋⋈⋈⋈⋈⊤∈⊤∈⋈⊤∈⋈⋈⋈≻∋⋈⊤⋈⋈∈⋈⋈⋈≻∋⋈⋈⋈⋈⋈⋈⋈⋈⋈⊤∈⋈⋈⋈≻∋⋈⊤∈⋈⋈⋈≻∋⋈⊤∈⋈⋈⋈≻∋⋈⋈⋈⋈⋈⋈⋈⋈⋈⋈⋈⋈⋈⋈⋈⋈⋈⋈⋈⋈⋈⋈⋈⋈⋈⋈⋈⋈⊞⋈≻⊤∈⋈⊤∈≺⋈⊤∈∋⋈∋∋⋈⋈⋈⋈⋈⋈⋈⋈⋈≻⋈⋈⋈⋈≻⋈⋈⋈⋈⋈⋈⋈⋈⋈⋈⊤∈⋈⋈⋈≻∋⋈⊤∈⋈⋈⋈≻∋⋈⊤∈⋈⋈⋈≻∋⋈⊤∈≺∋⋈⋈⊤⋈∈⋈⋈⋈⋈⋈⋈⋈⋈⋈⋈⋈⋈⋈⋈⋈≻⋈⋈⋈⋈⋈⋈⋈⋈⋈⋈⋈⋈⋈⋈⋈⋈⋈⋈⋈⋈⋈⋈⋈⋈⋈⋈⋈≻⋈⋈⋈⋈⋈⋈⋈⋈⋈⋈⋈⋈⋈⋈⋈≻⋈⋈⋈⋈⋈⋈⋈⋈⋈⋈⋈⋈⋈⋈⋈⋈⋈⋈⋈⋈⋈⋈⋈⋈⋈⋈⋈⋈≻≺∋⋈⋈⋈⋈⋈⋈⋈⋈⋈⋈⋈⋈⋈⋈⊤∈⋈⋈⋈≻∋⋈⋈⊤⋈∈⋈⋈⋈≻∋⊞⊞⋈≺∋⋈⋈⋈⋈⋈⋈⋈⋈⋈⋈⊤∈⋈⋈⋈≻∋⋈⊤∈∋⋈⋈⋈≻∋∋∋⊞⋈⋈⋈⋈⋈⋈⊣≺∋
0x1b588363	⊢⋈⋈⋈⋈⋈⋈⊞⋈⋈⋈⋈⊞⊞⊥⋈⊞⊞⋈⋈⋈⋈⋈⋈⋈⋈⋈≻⊤∈⋈⊤∈≺⋈⊤∈∋⋈∋∋⋈⋈⋈⋈⋈⋈⋈⋈⊤∈⋈⊤∈⊤∈⋈⊤∈⋈⊤∈∋⊞≺≺∋∋∋∋⋈⋈⋈⋈⋈≻⋈⋈⋈≻⋈⋈⋈⊤∈⋈⊤∈⋈⊤∈⊤∈⊤∈∋⊞⋈≺∋∋∋∋⋈⋈⋈⋈⋈⋈≻⋈⋈⋈⋈≻⋈⋈⋈⋈≻⋈⋈⋈⋈≻⋈⋈⋈⊤∈⋈⊤∈⋈⊤∈⊤∈⊤∈∋⊞⋈≺∋∋∋∋⋈⋈⋈⋈≻⋈⋈⋈≻⋈⊤⋈∈⋈⊤∈⋈⊤∈⊤∈⊤∈∋⊞⋈≺∋∋∋∋⋈⋈⋈≻⋈⋈⋈⋈≻⋈⋈⋈⋈≻⋈⋈⋈⋈⋈⋈≻⋈⋈⋈⋈⋈⋈⊤∈⋈⋈⋈≻∋⊞⋈⋈⋈⋈⋈⋈⊣
0x1b5c0496	⊢⊞⋈⋈⋈⊞⊞∈⊤∈⊤∈⋈⋈⋈⊞⋈⊤⋈∈∋⋈⋈≺∋≻∋⊞⊣
0x1b5c117b	⊢⋈⋈⊞⋈⋈⊤∈⋈⋈⊤∈⋈⋈⋈⊞≻⊤∈⊤∈∋⋈⊤∈⋈⊞∈⋈⊞⊡⊡⋈⋈⊞⊞⊞≺⋈≺∋⋈⋈⋈⊞≻≺∋⊤∈⋈∋⊞≺∋∋⋈⋈⋈⋈⋈≺∋⊞⋈⋈⊣
0x1b5c1397	⊢⋈⊞⋈⊞⊡⊡⋈⋈⊞⋈⊞⊥⊤∈⊞⋈⋈∈⋈∈∈∋⊤∈⊞⊞⋈⊞⊥⊤∈∋∋⋈⋈⋈⊤∈⊞⊞⊞⊞⋈⊤∈∋∋⊤∈⊡∋⋈⊞∋⋈⋈⋈⋈≻⋈⋈≺∋⋈⊞⋈⊣
0x1b5c04ea	⊢⋈⋈⊞⋈⋈⋈⊤∈⋈⋈⋈⋈⋈⋈⊤∈⋈⊤∈⋈⋈≺∋⋈⋈≻⊞⋈⊤∈⋈⋈⊞⊞⋈∈⋈⊞⊤∈⊤∈⊤∈⊤∈∋⋈⋈⋈≻⊤∈⋈⋈⊞⋈⋈⋈≺∋⋈≺∋⋈⋈⋈⋈⋈⊞⊞⊤∈∋∋∋⋈⋈≺⊤∈⋈⊞⊤∈∋⋈⋈⊞∋⊞⋈⋈≺⋈⋈⋈⋈≻≺∋⋈⋈∋⊞⋈⋈⊣
0x1b5c1246	⊢⋈⋈⋈⋈⊞⋈⊞∈⊞⋈⊞⊞∈⋈⋈⊤∈⊤∈⋈⋈⋈≺⊤∈⊤∈∋⋈⋈⋈≺⋈⋈⊞⊤∈∋⋈≺∋∋⋈⋈⋈≺
0x1b5be14e	⊢⋈⋈⋈⋈⋈⋈≻⋈⋈⋈≺
0x1b5be172	⊢⋈⋈⋈⋈⊤∈⋈⋈⊞⋈≻⋈⋈⋈⋈⋈⊙⊤∈⊞⋈⊞⊞≺∋⋈⋈⋈⋈⊙⊞⊞⋈⋈⋈⋈⊣
0x1b5c113b	⊢⋈⋈⊤∈⋈⊞⊞∈⋈⊤∈⊤∈⊤∈⋈⋈⊞⊞⊤∈∋∋∋∋∋⊣
0x1b574370	⊢⋈⊤∈⋈⊞⊞∈⊞⊡∈⊤∈⊞⊤∈∋⋈⊤∈⋈⊞∋⋈⋈⊞∈⋈⋈⋈⊞⊞⋈⊞⊞⊞⊞⊤∈⊞⊤∈∋≺∋∋⋈⊞∈⋈⊞⊡∈⊤∈⊞⊞⊤∈∋⊞⊡∈⊤∈∋∋⋈⊤∈⋈⋈⋈⋈⊞≺⊞⊤∈∋≺∋∋⋈≺∋⋈∋⋈⋈⊣
0x1b5b977a	⊢⋈⋈⋈⋈⋈⋈⋈⊞⋈⋈⊤∈⋈⊞⋈⊤∈⋈⊤∈⋈⋈⊞⋈⋈⊤∈⊤∈⋈⋈≻⋈≺⊤∈⋈⋈⋈⋈≻⊤∈⊤∈⋈⋈⋈≻⊤∈⋈⋈⋈⋈⋈⊤∈⋈≻⋈⊤∈⋈⊤∈⊤∈⋈⊞∈⋈⋈⋈⋈⊙⊤∈⋈⋈≻⊤∈⋈⋈⋈⋈⋈⊙≺⊤∈⋈⋈≻⋈⊤∈⊤∈⋈⊤∈⋈⋈≻⊤∈∋∋⋈⊤∈⋈⋈≻⊤∈∋⋈≻⊤∈≺⊤∈⊤∈⊤∈⊤∈∋⋈⋈⋈⋈≻⊤∈⋈≻∋⋈⊤∈⋈⋈≻⋈⊤∈∋⋈≻⋈⊤∈⊤∈⋈⊤∈⋈⋈≻⊤∈∋⋈⊞≻⊤∈∋∋⋈⊤∈⋈⋈⋈⊤∈⋈⋈⊞⋈⋈⊤⊥≺⊤∈∋∋∋⋈⊤∈⋈⋈≻⋈⊤∈∋⋈⋈≺⋈≻⋈⊤∈⋈⋈⋈≻⋈⊤∈⊤∈⋈⊤∈⋈⋈≻⊤∈⊤∈∋⋈⋈⋈⋈≻⊤∈∋⋈⊤∈∋∋∋⋈⊤∈⋈⋈⊞⋈⋈⋈⋈⋈⋈≺⋈⋈⋈≻⊤∈∋⋈≺∋⋈⊤∈⋈⋈⊤⊥⋈⋈⊞∋≻⋈⊤∈∋∋⋈⋈≺⊞⋈⋈⋈⋈⊤∈⋈⊤∈⋈⋈≻⊤∈∋⊤∈⋈⊤∈⋈⋈⊤∈⋈⋈⊤∈⋈≻⋈⊤∈⋈⋈≺∋≻≺∋⊤∈∋∋∋⋈⋈⊞∈⊤∈⋈⋈≻⊤∈⋈⊤∈⋈≻⊤∈⋈≺∋⊤∈⋈⋈≻⊤∈⋈⋈⊤∈⋈≻⊤∈⋈⊤∈⋈≺∋⋈≻⋈⊞∈⋈⊤∈⋈⋈≻⊤∈⋈⊤∈⋈≻≺∋∋∋⊤∈∋∋∋∋∋∋∋∋∋∋∋∋∋⊤∈⊡≺⊞⋈⊤∈⊞⊤⊥⋈⋈⋈⊥⋈⊞≻⋈⋈⊤∈∋⋈⋈≺⋈⊤∈⋈⋈≻⋈⊤∈∋⋈⋈≺∋∋∋∋∋∋∋⊞∋∋∋∋∋∋∋∋∋∋∋∋∋∋∋∋∋∋∋∋∋∋∋∋∋⋈⊞⋈⋈⋈⋈⋈⋈⊣
0x1b5bad93	⊢⋈⋈⋈⋈⋈⋈⊞⋈⋈⊤∈⋈⊤∈⋈⋈⊞⋈⋈⋈⋈⋈≺⋈⋈⋈⊤∈⋈⋈⋈⋈⊞⋈⊤∈⋈⊤∈⊤∈⊤∈⋈⊤∈⋈⋈≻⋈⊤∈∋∋⋈⊤∈⋈⋈≻⋈⊤∈∋⋈≻⋈⊤∈⋈⊤∈⋈⋈≻≺⊤∈∋⊤∈⋈⊤∈⋈⋈≻≺⊤∈∋⋈⊤∈⋈⋈≻⋈⊤∈∋⋈⋈≺⋈⋈≻≺∋⋈⊤∈∋∋⊤∈⊡≺⋈⋈⊞⊙⋈⊤∈⋈⋈≻⋈⊤∈∋⋈⋈≺∋∋∋∋⊞∋∋∋∋∋∋∋⋈⊞⋈⋈⋈⋈⋈⊣
0x1b5bb4e8	⊢⋈⋈⋈⋈⋈⋈⋈⊞⋈⊤∈⋈⊤∈⋈⋈⊞⋈⋈⋈⋈⋈⋈≺⋈⋈⋈⋈≻⋈⊤∈⋈⋈⊤∈⋈⋈⊤⊥⋈⋈⊞≻⋈⊤∈∋⋈⋈≺⋈⋈⋈≻⊤∈⋈⊤∈⋈⋈⋈≻⋈⊤∈⋈⋈⋈≻⋈⊤∈⋈⋈≻⋈⊞⋈⊞⋈⋈⋈⊞≻⋈≺∋⊤∈⊤∈∋∋∋∋⊞⋈≻⊤∈⋈≻⋈⋈≻⋈≺∋∋∋∋⋈⊞⋈⋈⋈⋈⋈⋈⊣
0x1b5bbad6	⊢⋈⋈⋈⋈⋈⋈⋈⊞⋈⊤∈⋈⊤∈⋈⋈⊞⋈⋈⋈⋈⋈⋈≺⋈⋈⋈≻⋈⊤∈⋈⋈⊤∈⋈⋈⊤⊥⋈⋈⊞≻⋈⊤∈∋⋈⋈⋈⊤∈⋈⊞⋈⋈⋈⋈⋈⋈∈⋈≻⊤∈∋⊤∈∋⋈⊤∈⋈⋈≻⋈⊤∈∋⋈⋈≺⋈⋈⊤∈∋∋∋⊞⋈⋈⋈⊙⋈⊤∈⋈⋈⋈⋈⋈⋈⋈∈∈⋈≻⊤∈⋈⋈⋈⊙⋈≺⋈⊤∈⋈⋈⋈⋈⋈≻⊤∈⊤∈⊤∈⋈≺⊤∈⋈⊤∈⋈≺⊤∈⋈≺⊤∈⋈≺⊤∈∋⊤∈⋈≻⊤∈∋⋈≻⊤∈∋⋈⋈≻⋈⋈⋈⋈⋈⋈⋈⋈⋈⋈⊤∈≺⋈⋈⋈≺⋈≺∋∋∋∋∋⋈⋈⊞∋⋈⋈⋈⋈∋⋈⋈⋈∈⋈⊤∈⋈∋⋈⋈⊙⊤∈⊞⊤∈∋∋⋈≺∋⋈⋈⋈⊙⊤∈∋≺∋∋∋∋∋∋⋈⊞⋈⋈⋈⋈⋈⋈⊣
0x1b5bb3d8	⊢⋈⋈⋈⋈⋈⋈⋈⊞⋈⊤∈⋈⋈⋈⋈⋈≻⋈⊤∈⊤∈⋈⋈⋈⊞⋈⋈⋈⋈⋈⋈≺⋈⊞∈⊤∈⋈⋈⋈≻⊤∈⋈⋈≻⋈⊞⋈⊞⋈⋈⋈⊞≻⊞⋈⋈⋈≻≺∋⋈≺⋈⋈⋈≻⊤∈⋈⋈∋⊞∋∋∋∋⋈⊞⋈⋈⋈⋈⋈⋈⊣
0x1b5bcde1	⊢⋈⋈⋈⋈⊞⋈⋈⊤∈⋈⊤∈⋈⊤∈⊞⋈⋈⊞≻⋈⊤∈⋈⊤∈⋈⋈≻⊤∈∋⋈≻⋈⊞≺⊤∈∋∋⋈⊞≻⋈⊞⊞⋈⋈⋈⋈≻⊤∈⋈⊤∈⋈⋈⋈⊤⊥⋈⋈⊞≻⊤∈∋⋈⋈⋈⋈⋈≺⊤∈∋⊞≺∋∋∋∋∋⋈⋈⋈⋈⋈⋈⋈⋈⋈⋈≻⋈⋈⋈⋈≺∋⊞⋈⋈⋈⊣
0x1b5bc9ce	⊢⋈⋈⋈⋈⋈⋈⋈⋈⊤∈⋈⊤∈⋈⋈⊞⋈⋈⋈⋈≺⋈⊤∈⋈⊞⋈⊤∈⋈⊤∈⋈⋈≻⋈⊤∈⋈⊞⋈⊤∈⋈≻⋈⊤∈⋈∈⋈⊤∈⋈⊤∈⋈⋈≻≺⋈⊤∈⊤∈⊞⋈⊡≺∋⋈⊤∈⋈⋈≻⊤∈∋⋈≻⊤∈∋≺⋈⊤∈⋈⋈≻⋈⊤∈∋⋈⋈≺⊤∈∋⋈⊤∈⋈⋈≻⋈∋⊤∈∋∋⋈⋈≺⋈⊞≻⋈⊤∈⋈⊤∈⋈⋈≻⊤∈∋⋈⊞≻≺∋⊤∈∋∋∋∋∋⊞∋∋∋∋∋∋∋∋⋈⊞⋈⋈⋈⋈⊣
0x1b5d0170	⊢⋈⋈⋈⋈⋈⋈⋈⊞⋈⋈⋈⋈⋈⋈⊤∈⋈∈⋈⋈⊞⋈⊡∈⊤∈⋈⊤⊥⊞⊞⊞⊤∈∋⋈⊤∈∋⊞∈∋⊞∈⋈⋈⊞⋈⋈⋈⊞⋈⋈⋈⋈∈⊤∈⊞⊞⊞⋈⋈⊡∈⋈⋈⊤∈⊤∈∋⋈⋈⊞⊞⋈⋈⊞⊤∈⊤∈∋⋈⋈⋈⋈⋈⊞⊞⋈⋈⋈⋈⋈⋈⊞∈⋈⋈⊞⋈⋈⋈⋈⋈⋈⋈⋈⋈⋈⋈⊙⊤⋈∈⋈⋈⋈≻≺⋈⋈⋈⋈⋈⋈⋈⋈⋈≺⋈≺⊤∈⋈⋈⋈⋈⊞⊤∈⊤∈⋈⋈⋈⋈⊞⊞⋈⊞⊤∈⊤∈⋈⊤∈⊞⊞⋈⊞⋈⊞⋈⋈∋∋⊤∈⋈≺⊤∈∋∋∋⋈⊞⊞⊞≺⋈⊤∈⋈∋∋⊞∋⊞⊞⋈⋈⊞⋈⊞⋈⋈⋈⋈⋈⋈⋈⋈⊞⋈⋈⊞∈∈∈⊤∈⋈⊞⊞⊞⋈≺⋈⋈⋈⋈⋈⊞⊤∈⊤∈⋈⋈⋈⋈⋈⊞⊞⋈⊞⊤∈⊤∈⋈⊤∈⋈⊞⊞⋈⊞⋈⊞⋈⋈∋∋⊤∈⊤∈⋈⋈⋈⋈⊞⊤∈⊤∈⋈⋈⋈⋈⊞⊞⋈⊞⊤∈⊤∈∋⋈⊞⊞⊞⋈≺⋈⊤∈⊞⊞⋈⊞⋈⊞⋈⋈∋∋⊤∈⋈≺⋈⋈⋈⋈⋈⋈⋈⋈⋈⋈⋈⋈⋈⋈⊤∈⋈≺⋈⋈⋈⋈⋈⋈⋈⋈⋈⋈⋈⊞⋈⊞⋈⊞⊤∈⋈⋈⋈⋈⋈⋈⋈⋈⋈⋈⋈⋈⊞⋈⊞⋈⋈⋈⊞⋈⋈⋈⋈⋈⋈⋈⋈⋈⋈⋈⋈⋈⋈⋈⋈≻⊤⋈⋈∈∋⋈⋈≺⊤∈∋∋∋⋈⊞⊞⊞⋈≺⋈⋈⋈⋈⊞⊤∈⊤∈⋈⋈⋈⋈⊞⊞⋈⊞⊤∈⊤∈∋⋈⊞⊞⋈≺⋈⊤∈∋∋⋈⊞⊞⊞⋈⊞⋈⊞⋈⋈∋∋⊤∈⊞⋈⋈⋈⊞≺∈⊞∈⋈⊞⋈⊞⊞∋⊞⋈⊤∈⊤∈⊤∈∋∋⋈⊞⊞⊞⊞⊞⊤∈∋⋈⊞⊤⋈⊥⊤⊥⊞⋈⋈≺⋈⊞⊞⊞≺⋈⋈⊤∈⋈≺∋∋⋈⊞⋈⊞⊞≺∋∋∋∋∋⋈⊞⊞⊤∈⊤∈⋈⊙∋∋⊞⋈∋⋈⊞⋈⊞⋈⊞≺⊞≺∋⊞⋈⊞⋈⊞⊞⊤∈⋈⊤∈∈⋈⋈≻≺⋈⊞⋈⋈⋈⊞⋈≺∋⋈⊙⊤∈⋈⋈≻⋈⋈⋈⋈⋈⋈⋈⋈⋈⋈⋈⋈⋈⋈⋈≻⋈⋈⋈⋈⋈⋈⋈⋈⋈≺∋⋈⊤∈⋈≻⋈∋⋈⋈⊞⋈⋈⊞⋈≺∋⊞⋈⋈⊤∈∋≺⊞⋈⊞⊞⊞⋈≺∋∋∋⋈∋⊞⋈⊞∋⋈≻∋⊤∈⋈≺⋈≺∋≺⋈⊞⋈⋈⊤∈⋈⋈⋈⊞⊞⋈≺∋∋⋈⋈⊞⋈⋈⋈⋈≺⋈⋈⊡∈∋∋∋⊣⋈≺∋∋⋈⋈⊤⊥⊞⊞⊤⊥⊞⋈⊞⊞⋈⊤⊥⊥⋈⋈⊞⊞⊤⊥⋈⋈⋈⋈⋈⋈⋈⋈⋈⋈⋈⋈⋈⋈⋈⋈⋈⋈⋈⋈⋈⋈⊞⋈⋈⋈⋈⋈⋈⋈⋈⋈⊡∈⋈⋈≻⋈⋈⊤∈⋈⋈⋈⊞⊞⊞⊞⊞⊞⋈⋈≺⋈⊤∈⊤∈⋈⋈∋⋈≺⊤∈∋≺∋⋈⋈≻⋈⋈⋈⋈⋈⋈⊤⋈∈⋈⊞⋈⋈⋈≺⋈⋈⋈⋈⊞⋈⋈⋈⋈⋈⋈⋈≺∈⋈⋈⋈⋈⋈⋈⋈⋈≻⋈⊤∈⋈⋈⋈⋈⋈≺⋈⋈⋈⋈⋈⋈⋈⋈⋈⊤∈⊞⊤∈⋈⋈⊞⊙⊤∈⊤∈⊤∈⋈⋈≻⊤∈⋈≺⋈⋈⋈⋈⋈≺⊤∈⋈⋈≻⊤∈⋈⋈≺⊤∈⋈⋈≻⊤∈⋈⋈≺⊞⊤∈∋∋∋∋∋∋∋∋∋⊞⊞∈∋⋈⋈⋈⋈∋⊤⋈∈⋈⋈⊞⋈⋈⋈∋⋈⋈⋈⊤∈⋈⋈⋈⋈⋈⋈⋈⋈⋈≻⊤∈⊞⋈≺∋⋈⋈⊞≺∋⋈⋈⊤∈⋈⋈⋈⋈⋈⋈⋈⋈≻⋈⊤∈⊞⋈≺∋⋈⋈⋈⊤∈⋈⊤⋈∈∋⋈⋈⋈⋈⋈⊤∈⊞≺∋⋈⋈⊞∈⊞⊤∈⋈⋈⋈⋈⊞⊞⋈⋈⋈⋈⋈⋈⋈⊞⊤∈⋈⋈⊤∈⊤∈⊤∈⋈⋈≺⊞⋈⋈⋈⋈⊞⊞⋈⊞⊞⊞⊞⋈⋈⊤∈∋⋈⊤∈⋈⋈⋈⋈⊞⋈⋈⊞⊤∈⋈⋈⋈⋈⋈⊤∈⊤∈⋈⋈⋈⊞⋈⊤∈⊞⋈≺⋈⋈⊞⋈∈⊞⋈≺⊤∈⋈⋈⊤∈⋈⊞⋈⋈⋈∋⊤∈⊤∈⋈⊞⋈⋈⋈⊤∈⊞⋈⋈⋈⋈⋈⋈⊞⊞⋈⋈⊞⊞⊞⊞⋈≺∋⊞∈⋈⋈⋈⊤∈⋈⋈⋈⋈⋈⋈⊤∈⋈⋈⋈⊞⋈⊤∈⊤∈⋈⋈⋈⋈⋈⋈⊤∈⋈≺⋈⊞∋⊤∈⋈⋈⊤∈⋈⋈⊞⋈∈⊞≺⋈⋈⋈⋈⋈⋈⊤∈⋈≺⊤⊥⊤∈⋈⋈⋈⋈⊤∈⋈≺⋈⋈⋈⊞⋈⋈⊞∈⋈⋈⋈⋈⋈⋈⋈⋈⊤∈⋈⋈≻⋈⋈⋈⋈⊞⋈∈⋈⋈≻⋈⊤∈⋈⊞⋈⊞⊞⋈⊞⋈⋈⊞⊞⋈⋈⋈⊤∈⋈⋈⋈⋈≺⋈⊞⋈⊞⊞⋈⋈⋈⋈⋈⋈⊞≺∈⋈⋈⋈⋈⋈≻⋈⋈⋈⋈⋈⊤∈⋈⊞⋈⋈⊞⋈⊞⊞⋈≺⊤∈⋈≻≺⋈⋈∋⋈⋈⋈⋈⋈⋈⋈⊞⋈⊞⋈⊤∈∋⋈⋈⊞⋈⋈⊞⋈⊞⋈≺⊤∈⊞⋈⋈⋈∈⋈⋈⊞∈⊤∈⋈⊞⊞⋈⊞⋈⋈⊤∈⋈⋈⊞∋⋈⋈⋈⊤∈∋⋈⋈≻⋈⋈⋈⋈⊞⋈⋈∈⋈⋈≻⋈⊤∈⋈⊞⋈⊞⊞⋈⊞⋈⋈⊞⊞⋈⋈≺⋈⋈⋈⋈⊤∈⋈⊞⋈⊞⊞⋈⋈⋈⋈⋈≺∈⋈⋈⋈⋈⋈≻⋈⋈⋈⋈⋈⊤∈⋈⊞⋈⋈⊞⋈⊞⊞⋈⋈⊤∈≺⋈⋈⋈⋈⋈⋈⋈⋈⋈⋈⊤∈⋈≻≺⋈⋈∋⋈⋈⋈⋈⋈⋈⋈⋈⋈⋈⋈⋈⋈⋈⋈⊞⋈⊞⋈⊤∈∋⋈⋈⊞⋈⋈⊞⋈⊞⋈⊤∈≺⊤∈⋈⊞⋈⋈≺∋⋈⋈⋈⋈⊤∈⋈⋈⋈⋈⋈⋈∈⋈⋈⋈⊞∈⋈⊤∈⋈⊞⊞⋈⊞⊞⋈⋈⊤∈⋈⋈⋈∋∋⋈⊡⋈⋈⋈⋈⋈⋈⋈⋈⋈⋈⊞⋈⋈⋈⋈⋈⋈⋈⋈⋈⊤∈∋⋈⊤∈⋈⊙∋⊤∈⋈⊙∋⊤∈⋈⊙∋⊤⋈∈⋈⊙⋈≺∋∋∋⋈⋈⋈⋈⋈⋈⋈⋈⋈⋈⋈⋈⋈⋈⋈⋈⋈⋈⋈⋈⋈⋈⋈⋈⋈⋈⋈⋈⋈⋈⋈⋈⋈⋈⋈⋈⋈⋈⋈⋈⋈⋈⋈⋈⋈⋈⋈⋈⋈⋈⋈⋈⋈⋈⋈⋈⋈⋈⋈⋈⋈⋈⋈⋈⋈⋈⋈⋈⋈⊤⋈∈⊤∈⋈⋈⊤∈∋∋⋈⋈⊙≺⋈⋈⋈⊞∈⋈⋈⊞⋈⊞⋈⊞∈⋈⋈⊞⊤∈≺⊞⋈⋈⊞⊙∋⋈∋⋈⊞⊞⋈⋈⋈≺⋈⋈⋈≻⋈⋈⋈⋈⊤∈⋈⊞⋈⋈⊞⋈⊞⋈⋈≺⋈⋈⋈⋈⋈⋈⋈⋈⋈⋈⊤∈⋈≻⋈⋈∋⋈⊞⋈⋈⋈⋈⋈⋈⋈⋈⋈⋈⋈⋈⋈⊞⋈⋈⋈⋈⋈⊞⋈⊤∈∋≺⋈⊞⊞⊞⊤∈∋≺⋈⋈≺∋∋⋈⊞⋈⋈⊞⊞⋈⋈⋈∋⋈∋⊞⊤∈∋∋⋈⊙∋∋∋⊤⊥⊞∈⋈⊙∋⊞⋈≺⋈⊤∈⋈≻⋈∋⋈⋈⋈⋈⋈⊞⋈⋈⋈⋈⋈⋈⊤∈∋≺⋈⊞⊞⊤∈∋≺⋈≺∋∋⋈⊞⋈⋈⊞⊞⋈⋈⋈⋈≺∋⊞∋∋∋⊤∈⋈⊙∋⊤⊥⊞∈⋈⊙∋⋈≺⋈⊞⊞⊞⋈≺∋∋∋∋⋈⊞⊞⊞≺⋈≺⋈≺∋∋∋∋≺⊞≺∋∋∋∋∋∋⋈⊞⊞≺∋⊞∋⋈⋈⋈≺⋈≺∋∋⋈⊞⋈⊞⋈⊞≺∋∋∋∋∋∋∋∋⋈⊞⋈⊞⊞⋈⊞⊞⋈⊞⋈⋈≺∋⋈⋈⋈∋∋∋⋈⊡∈⋈≻∋⊤∈⊤∈⋈⊙∋⊤∈⋈⊙∋⊤∈⋈⊙∋⊤∈⋈⊙∋∋∋∋⊞⋈⋈⋈⋈⋈⋈⊣⋈⋈⊞⊙
0x1b5e1d00	⊢⋈⋈⋈⋈⋈⊤∈⋈⋈⋈⋈⊞⊞⋈⋈⋈⋈⋈⋈⊞⊤∈⋈⋈⊞∈⊤∈⊤∈⋈⋈≺⊞⋈⋈⋈⋈⋈⋈⊞⊞⋈⊞⊞⊞⊞⋈⋈⊞∈∋⋈≺∋⋈⋈⋈⊤∈⋈⋈⋈⋈⋈⋈⋈⋈⊞⊤∈⋈⋈⋈≺⋈⊤∈⊤∈⋈⋈⊞⋈⊤∈∋⊞⋈⋈⋈⋈≺∋∋⋈⋈⋈⋈⋈⋈⊞⊞⋈⊞⊞⊞⊞≺∋⊤∈⋈⊞≺⋈⋈⊤∈⋈⊞∈∋∋⋈⋈⊤∈⊤∈⊞⊞⊤⊥⊞⊞⊞⋈⋈⊞⋈⊞⊞⊤⋈⊥⋈⊞∈⊞⋈⋈⋈⋈⋈⋈⋈⋈≺⋈≺⋈≺⊞⋈≺∋⋈⋈∋⋈≺⋈≺∋∋⋈⊞⋈⋈⋈⊞⋈⊞⋈⋈≺∋∋∋∋⋈∋⋈⋈⋈⊣
0x1b5ed370	⊢⋈⊞⋈⋈⊞⊙
0x1b574480	⊢⋈⋈⋈⋈⋈⋈⊞⋈⋈⊤∈⋈⊤⋈∈⊤∈⋈⋈⋈⋈⋈⋈⋈⊙⋈⋈⋈⋈⊤∈∋⋈⋈⋈⋈⋈⋈⋈⋈⋈⋈⋈⋈⋈⋈⊙⊤∈⋈⋈⋈⋈⊙⋈≺⊤∈⋈⋈⋈⋈⋈⋈⋈⊙⋈⋈⋈⋈⊤∈∋⋈⋈⊙≺∋∋∋∋∋⋈⋈⋈⊞⋈⋈⋈⋈⋈⊣
0x1b5cfb30	⊢⋈⊤∈⋈⊣⋈⋈⋈⋈⋈⋈⊤∈⋈⋈⋈⋈⊞⊞⋈⋈⋈⋈⋈⋈⊞⊤∈⋈⋈⊞∈⊤∈⊤∈⋈≺⋈⋈⋈⋈⋈⊞⊞⋈⊞⊞⊞⊞⋈⊞∈∋⋈⋈⋈⊤∈⋈⋈⋈⋈⊞⋈⋈⋈⋈⋈⊞⊤∈⊤∈⋈⋈⊞⋈⊞≺⊤∈⊤∈⋈⋈⊤∈⋈⊞∈⋈⋈⊤∈⊤∈⋈⋈⋈⊞⊤∈∋⊞≺∋∋⋈⊞⋈⊞≺∋⊞⋈⋈⋈⋈⋈⋈⋈⋈⊞⊞⊞⊞⊞⊞⋈⋈⊞≺∋⊞⊞⊤∈⋈⊞≺⋈⋈⋈⋈⊞⊙⊞⋈⊞≺⊤∈⊤∈⋈⋈⊞⋈⊤∈∋∋⋈⊞⋈⊞⊞⋈≺⋈⋈⋈⋈⋈⊞⊞⋈⊞⊞⊞⋈⊞≺∋⊤∈⋈⊞⋈≺⋈⋈⊤∈⋈⊞∈∋∋∋∋∋⋈⊞⊞≺∋∋∋⊞⊞⋈⊞⊞⋈⊞⊞⋈⋈⋈⋈⋈⋈⋈⋈⋈⋈⋈⋈⋈⋈≺⋈≺∋∋⋈⊞⋈⊞⋈⊞⋈⊞≺∋∋⋈⊞⊞⋈⊞⊞⋈⊞⊞⋈⊞⋈⋈⋈⋈⋈∋⋈⋈⋈⋈⋈⊣
0x1b5e5b00	⊢⋈⋈⊤∈⊤∈⋈⊤∈⋈≺⋈⊤∈⊤∈⊤∈⋈⊤∈≺∋⋈≺⋈⋈⊤∈⋈⋈⊞⊞≻∋⋈∋∋∋⊞∋∋∋⋈⋈⋈⊞⋈⊞⊞⊡∈⊤∈⋈⊞⊤⋈∈∋⊞⊤∈⋈⋈⋈≻⋈⋈∋⋈⊞∈⊤∈⊤∈⊤∈⊤∈⋈⊤∈≺∋∋∋⋈∋∋∋⊞⋈⋈⋈⋈⋈⊣
0x1b5caf20	⊢⋈⋈⋈⋈⋈⋈⊞⋈⋈⋈⊤∈⋈⋈⋈⋈⋈⋈∋⋈⋈⋈⋈⋈⋈⋈⋈⋈⋈⋈⋈⋈⋈⋈⊤∈⊤∈⊡∈⊞⊡∈⊤∈⋈⊤∈⊞⊤∈∋⋈⊞⊤∈∋⊤∈⊤∈≺∋∋⊞⊤∈⊞⊞∈∋⊞∋∋⋈⋈∋⊤∈⊤∈⊤∈⋈⋈⊡∈⋈⋈≻⊤∈⋈⊞∈⋈⋈∈∋∋∋⊞⊤∈⋈⋈∈⋈⊤∈⊤∈⊤∈⊞⊡∋⊤∈⊤∈⊤∈∋⊞⊤∈≺∋⋈⊤∈∋∋⋈⋈≻⊤∈⋈⊞∈⋈⋈≺∋≺⊤∈⋈⋈⊞∈⋈⋈≻⊤∈⋈⊞∈∋∋⋈⊞⋈≻∋⋈⋈⋈≻⋈⋈⊤∈∋⋈≺∋∋∋∋∋∋∋∋∋⋈⋈⊞⋈⋈⋈⋈⋈⊣
0x1b5e24c0	⊢⊤∈⋈⋈⋈⋈⋈⋈⋈⋈⊞⋈⋈⊣⋈⋈⋈⋈⋈⊤∈⋈⋈⊤∈⋈⋈⊤∈⋈⋈≺∋⋈⊞⊤∈⊤∈⊤∈⋈⋈⋈⊤∈⊤∈⋈⊞∈∋⋈≺∋⊞⊞⋈⊞∈⋈⋈⊞⊞∈⋈⊤∈⋈⋈⊤⋈∈⊞⊤∈⋈∈⊤∈⋈⋈⋈⊞⊤∈⊤∈⊞⊞⋈⊞⊞⋈⊞⊤∈∋⋈∈⊤∈∋⋈⋈⋈⋈⋈⋈⋈⋈⋈⋈⋈⊤∈⋈∋∋⋈⋈≺⊞⊞⋈⊞⊞⋈⊞⊤∈∋≺∋∋⋈⋈⊞⊞⊞∈⋈⊤∈⋈⋈⋈⋈⋈⋈⋈⋈⋈⋈⋈⋈⋈⋈⋈≺⋈⋈≺⋈≺∋⋈≺⋈≺⋈⋈≺⋈≺⊞⊞≺⊞≺∋∋∋⋈⋈⋈⋈⋈⋈⋈⋈⋈∋⋈∋∋∋∋∋∋∋⋈∋⋈⋈⋈⋈⋈⊣
0x1b5beb5c	⊢⋈⋈⋈⋈⋈⋈⊞⋈⋈⋈⋈⋈⋈⊞⊤∈⋈⋈⋈⋈⋈⋈⊞⋈⋈⋈⋈⋈⊙⋈⋈⋈⋈⋈⋈⋈⋈⋈⋈⋈⊞⊞⊞⊞⊞⋈⋈⊙⋈⋈⋈⋈⋈⋈⋈⋈⋈⋈≺∋⊞⋈⊞⋈⋈⋈⋈⋈⋈⋈⋈⋈⊞⋈⋈⋈⋈⋈⋈⊣
0x1b5a7b4c	⊢⋈⋈⋈⋈⋈⋈⋈⊞⋈⋈⋈⋈⋈⋈⋈⋈⋈⊞⊤∈⋈⋈⋈⋈⊞⋈⋈⋈⋈⊙⋈⋈⋈⋈⋈⊡⊞⊞⊞⊞⊞⊙⋈⋈⋈⋈⋈⋈⊡≺∋⊞⊞⊞⋈⋈⊡⋈⋈⋈⋈⋈⊞⋈⋈⋈⋈⋈⋈⊣
0x1b5bec8a	⊢⋈⋈⋈⋈⋈⋈⊞⋈⋈⋈⋈⋈⋈⋈⋈⋈⊞⊤∈⋈⋈⋈⊞⋈⋈⋈⊞⋈⋈⋈⋈⊙⋈⋈⋈⋈⋈⋈⋈⋈⋈⋈⋈⊞⊞⋈⊞⊞⊞⋈⋈⊙⋈⋈⋈⋈⋈⋈⋈⋈≺∋⋈⊞⋈⋈⋈⋈⋈⋈⊤∈⋈⋈⋈⋈⊞⊞⊙∋⋈⋈⋈⊤∈⊞∈⋈⋈⋈⋈⊞⊤∈∋∋⊞⋈⋈⋈⋈⋈⋈⊣
0x1b5a7e36	⊢⋈⋈⋈⋈⋈⋈⋈⊞⋈⋈⋈⋈⋈⋈⋈⋈⋈⊞⊤∈⋈⋈⋈⊞⋈⋈⋈⊙⋈⋈⋈⋈⋈⊡⊞⊞⊞⊞⊞⊙⋈⋈⋈⋈⊡≺∋⊞⊞⋈⋈⊡⋈⋈⊤∈⋈⋈⋈⋈⊞⊞⊙∋⋈⋈⋈⋈⊤∈⊞∈⋈⋈⋈⋈⊞⊤∈∋∋⊞⋈⋈⋈⋈⋈⋈⊣
0x1b5ec980	⊢⋈⋈⋈⋈⋈⋈⋈⊞⋈⋈⋈⋈⊤∈⊙∋⋈⋈⋈⋈⋈⋈⋈⋈⋈⊤∈⊤∈⋈⋈≻⊤∈⋈⋈⋈⋈⋈⋈≻≺⋈≺⊤∈⋈⋈≻⊤∈⋈⋈⋈⋈⋈⋈≻∋⋈⊙≺⋈⋈⋈⋈⊞⊙⊤⋈∈⋈⋈⋈⋈⊞⊙⊤∈∋⋈⊙⋈⊞⊞≺⋈⋈⋈⋈⋈⋈∈∈∈⋈⋈⋈⊙⊤∈⊙⋈⊤∈∋≺⊤∈⋈⋈≻⊤∈⋈⋈⋈⋈⊞⊙⊤∈⋈⋈≻≺⋈⋈⋈⊞⋈⊤∈∋⊤∈∋⋈⋈≻⊤∈⋈⋈⋈⋈⊞⊙⊤∈∋⊙⋈∋⊞⊞⋈⋈≻∋⊞⊤⊥≺⋈⋈⋈⊞⋈⊤∈∋∋∋⋈∋⋈⋈⊙⋈⊙⊤∈⋈⋈⋈⋈⋈⋈≻≺∋∋⋈⋈⋈≻⊤∈⋈⋈⋈⋈⋈⋈⋈⋈⋈⋈⋈⋈⋈⋈⋈⋈⋈⋈⋈⋈⋈⋈⋈⊤∈⋈⊙∋⊤∈⋈⊙≺∋∋⋈⊤∈⊙∋⋈⊤∈⊙∋⋈⊤∈⊙∋⋈⊤∈⊙∋⊞⋈⋈⋈⋈⋈⋈⊣≺∋
0x1b5ed040	⊢⊤∈⋈⋈⋈⋈⋈⊤∈⋈⋈⊙⊤∈⊙⋈⊞⊞⊞≺⋈⋈⊞⊞⊞⊙⋈⋈⊤∈⊙⋈⊞⊞∋⊞⊤⊥≺∋∋⊞⋈⋈⊣⊞⊣
0x1b5ed0d0	⊢⋈⋈⋈⋈⊞⋈⋈⋈⊤∈⋈⊙⋈∋⋈≻⊤∈⋈⋈⊞⋈⋈⋈≺∋⋈⊞⋈⋈⋈⊣
0x1b588073	⊢⋈⋈⋈⋈⋈⋈⊞⋈⋈⋈⊞⋈⋈⊞∈⋈⊞⊞⊞⋈⋈⊞⋈⋈⊤∈⊤∈⋈≺⋈⊤∈⋈⋈⊤⊥⊤⊥⊞∈⊞⋈⋈⋈⊤∈⋈⋈⋈⋈⋈≻⊤∈⋈⋈≺∋⋈≻⋈⋈≺∋⋈⋈⋈⋈⊙⋈⋈⋈⋈⋈⋈⋈⋈≺⋈⋈⋈≺∋⋈∋⋈∋⋈⋈⋈⊤∈⊤∈⋈⋈⊤∈⋈⋈⊤⊥⊤⊥⊞∈∋⊞⋈⋈⋈⋈⊤⋈∈⋈⊞⋈⋈⋈⋈≻⊤∈∋⋈⋈≻⋈⋈≺∋⋈⋈⋈⊙⋈⋈⋈⋈⋈⋈⋈≺⋈⋈≺⋈≺∋∋⋈∋⋈⊞⋈⋈⋈⋈⋈⋈⋈⋈⋈⊞⊞⊞⊤∈∋≺∋⋈⋈⋈⊙⊞⋈⋈⋈⋈⋈⋈⊣
0x1b595741	⊢⋈⋈⋈⋈⋈⋈⊞⋈⋈⋈⋈⋈⋈⊞⋈∈⋈⋈⋈⋈⋈⋈⋈⋈⊞⊤∈⋈⋈⋈≻⊞⊞⋈⋈≻⋈⊤∈⊞⊤∈∋⋈≻⋈⊤∈⊤⋈∈⋈≺⋈⊤∈⋈⊤⊥⋈⊤⊥⊞∈⊞⊤∈⋈⊞⋈⋈⋈⋈≻⊤∈⋈⋈≺∋⋈⋈⋈⊙⋈⋈⋈⋈⋈⋈≺⋈⋈≺⋈≺∋∋∋⋈⋈⋈⋈⊞⊤⋈⋈⊥⋈∋⋈⋈⋈⊤∈⋈∋⊤∈⊤⋈⋈⊥⊤⊥⊞∈⊤∈⊞⋈⋈⊤∈≺⋈⊤⋈∈∋∋⋈⋈∈∋⋈⋈⋈∋∋⋈⋈⋈⋈⊤∈⋈⋈⋈≻∋⊞⋈⋈≻⋈⊤∈⊞⊤∈∋⋈≻∋⋈≺∋⋈⋈≻⋈⊤∈⊤⋈∈⋈≺⋈⊤∈⋈⊤⊥⋈⊤⊥⊞∈∋⊞⊤∈⋈⊞⋈⋈⋈≻⊤∈⋈≺∋⋈⋈≻⋈≺∋⋈⋈⋈⋈⊙⋈⋈⋈⋈⋈≺⋈⋈≺⋈≺∋∋∋⋈⋈⋈⋈⊞⊤⋈⋈⊥⋈∋⋈⋈⋈⊤∈⋈∋⊤∈⊤⋈⋈⊥⊤⊥⊞∈⊤∈⊞⋈⋈⊤∈≺⋈⊤⋈∈∋∋⋈⋈∈∋⋈⋈⋈∋∋⋈⋈⋈⋈⊤⋈∈⋈⋈⋈≻∋⋈⊤∈⋈⋈⋈≻∋⋈⊤∈⋈⋈⋈≻∋⊞⊤∈∋≺∋⋈⋈⋈⋈⋈⊞⋈⋈⋈⋈⋈⋈⊣
0x1b595128	⊢⋈⋈⋈⋈⋈⋈⊞⋈⋈⋈⊞⋈⋈⋈⊞∈⋈⊞⊞⋈⊞⊤∈⋈⋈⋈⋈≻⋈⋈≺∋⋈⋈⋈⋈⋈⋈⋈⋈⋈⋈⋈⋈⋈⋈⋈⋈⋈⋈⊞⊞⊤∈∋⋈⋈⋈⊙⊞⋈⋈⋈⋈⋈⋈⊣
0x1b594e36	⊢⋈⋈⋈⋈⋈⋈⊞⋈⋈⋈⋈⊞∈⋈⋈⋈⋈⊞⊞⋈⊞⋈⊞⊞⋈⊞⊞⋈⊞⊞⋈⋈⋈⊞⋈⋈⋈⊞∈⊤∈⋈⋈⋈≻⊤∈⊤∈∋⊤∈⊤∈∋⋈⋈⋈⋈≻⋈⋈⋈⋈⋈⋈⋈⋈⋈⋈⋈⋈≻⋈⋈⋈⋈⋈⋈⋈⊤∈⋈⋈⋈≻∋⋈⋈⋈⋈⋈⋈⋈⋈⋈⋈⋈⋈⋈⋈⋈≻⋈⋈⋈⋈⋈⋈⋈⋈⋈⊤∈⋈⋈⋈≻∋∋∋⊞⊞⊞⊤∈∋⋈⋈⋈⋈⋈⋈⊞⋈⋈⋈⋈⋈⋈⋈⋈⊞⊤∈∋⋈⋈⋈⊙⊞⋈⋈⋈⋈⋈⋈⊣
0x1b5997e4	⊢⋈⋈⋈⋈⋈⋈⊞⋈⋈⋈⋈⋈⋈⋈≻⋈⊤∈⋈⋈⊙⊤∈⋈⋈≻⋈⋈⋈⋈⋈⋈⋈⋈⋈⊤∈⋈⋈⋈≺⋈⊤⋈∈⋈⋈⋈⊤∈⊤∈⋈≺⋈⊤∈⋈⋈⊞⊥⋈⊞⊤⊥⊞∈⊤∈⋈⋈⋈⋈⋈≻⊤∈⋈⋈≺∋⋈⋈⋈⊙⋈⋈⋈⋈≺∋∋⋈⋈⋈⋈⋈⋈⋈⋈⋈⋈⋈≺⋈⋈⋈⋈⋈⋈⊤∈∋⋈⋈⋈⋈≻≺∋∋⋈⋈⋈⋈⋈⋈⋈⋈⋈≻⋈⋈⋈⋈≻⋈⋈⋈≻⋈⋈≻⋈⋈⋈⋈⊤⋈∈⋈⋈⊤∈⊤∈⋈∋⊤∈⋈≺∋⊤∈∋⋈⋈⋈⋈⋈⋈⊞⋈≻≺∋⊤∈⋈⋈⋈⋈≻≺∋∋⋈⊤∈⋈⋈⋈≻∋⋈⋈⋈⋈≻⋈⋈⋈⋈⋈⋈⋈⋈≻⋈⋈⋈⋈⋈⊤∈⋈⋈⋈≻∋⋈⋈⋈⋈⋈≻⋈⋈≻⋈⊤∈⋈⋈⋈≻∋⋈⊤∈⊤∈⋈⊤∈⋈⋈⊞⊥⋈⊤⊥⊞∈∋⊞⋈⊤∈∋⋈⋈≺≺∋⋈⊞∋⋈∈⋈⋈⊤∈⋈⊤∈⊤∈⋈⋈⊞⊥⋈⊤⊥⊞∈⋈⋈⋈⊤∈⋈⊞⋈⋈⋈≻⊤∈⋈⋈≺∋⋈⋈⋈⊙⋈⋈⋈⊞∋⋈⋈≻∋⊤∈⋈⊞⋈⋈⋈≻⊤∈∋∋⋈⋈≻∋⋈⋈⋈⋈⋈⋈⋈⋈⋈≻⋈⋈⋈⋈⋈⋈≺∋⋈⋈⋈⊙⋈⋈⋈≺∋⋈⋈⋈≺⋈⋈⊤∈∋∋⋈⋈⋈⋈⋈⋈⋈⋈⋈⋈⋈⋈⊞⋈≺∋⋈≺∋⋈⋈⊤∈⊤∈⋈⋈⋈⋈⋈⋈⋈⋈⋈≻⋈⋈⋈⋈⊤∈∋⋈⋈⋈⋈⊞≺⋈⋈⋈≺∋⋈∋⋈⋈⋈⋈⊞⋈⋈⋈⋈⋈⋈⋈⋈⋈⋈⋈⋈⋈⋈⋈⋈⋈⋈⋈⋈⋈⋈⋈⋈⋈⋈⋈⋈⋈⋈⋈⋈⋈⋈⋈⋈⋈⋈⋈⋈⋈⋈⋈⋈⋈⋈≻⋈⋈⋈⋈⋈⊤∈⋈⋈⋈⋈⋈⋈⋈⋈⋈⋈⋈⋈⋈⋈⋈⋈⋈⋈⋈⋈⋈⋈⋈≻⋈⋈⋈⋈⋈⊤∈⋈⋈⋈⋈⋈⋈⋈⋈⋈⋈⋈⋈⋈⋈⋈⋈⋈⋈⋈⋈⋈⊞⋈⋈⋈⋈⋈⋈⋈⋈⋈⋈⋈⋈⋈⋈⋈⋈⋈⋈⋈⋈⋈≻⋈⋈⋈⋈≻⋈≻⋈∈⋈⊞⋈≻⋈⋈⋈⋈⋈⋈⋈⋈⊞⊤∈∋⋈⋈⋈⋈⋈⊙⋈⋈⋈⊙⋈⋈⋈⊙⋈⋈⋈⊙⋈⋈⋈⋈⊙⋈⋈⋈⋈⊙⋈⋈⋈⋈⋈⊤∈⋈⋈⋈⋈⋈⋈⋈⋈⋈⊤⋈∈⋈⋈⋈⋈≻∋⊤∈⋈⋈⋈⋈≻≺⋈⋈⋈⋈⋈∋∋⋈≻⋈⊤∈∋⋈⋈⋈∋≻≺∋∋∋⊞⋈⋈⋈⋈⋈⋈⊣
0x1b59ed43	⊢⋈⋈⊞⋈⊤∈⋈⋈⊙⊤∈⋈⋈≻⋈⋈⋈⋈⋈⋈⊞⋈⋈⋈⋈⋈⋈⋈≻⋈⋈⋈⋈⋈⊤∈⊤∈⊞⊤∈⋈⋈⋈⋈≻∋⊤∈⋈⋈⊙⊤∈⋈⋈⋈⋈⋈⋈⋈⋈⋈⋈⋈≺⋈⋈⋈⋈⊤⋈⋈∈⋈⋈⊤∈⊤∈⋈⊞⊥⋈⊤⊥⊞∈⊞⋈⋈⋈≺⋈⋈⋈⋈≺∋∋⋈∈⋈⋈⋈⋈⋈⋈⋈⊤⋈⋈∈⋈⋈⊤∈⊤∈⋈⊞⊥⋈⊤⊥⊞∈⊤∈⋈⊞⋈⋈⋈≻⊤∈⋈⋈≺∋⋈⋈⋈⊙⋈⊞∋⋈⋈≻∋⊤∈⋈⊞⋈⋈⋈≻⊤∈∋⋈⋈⋈≺∋⋈⋈⋈⊙⋈≺∋⋈⋈⋈⋈≺∋⋈⋈⋈⋈⋈≺∈⋈≺∋⋈⊞⋈⋈⋈⋈⋈⋈⋈⋈∈⋈⊤∈⊤∈⊤⋈⊥⋈⊤∈∋⋈⊞∈⊤∈∋⋈⋈⋈⋈⋈⋈⋈⋈⋈≻⋈⋈⋈⋈⊤∈⋈⋈⋈≻∋⋈≺⊤∈⋈⊤∈⋈⊤∈⋈⊞⋈⊤⋈∈∋⊞∈⋈⊞⊞∈∋≺≺∋⊞∋⊞⊤⊥⋈⋈∋⋈⋈⋈⋈⊤∈⋈⋈⋈≻∋⋈⋈⋈⋈⋈⋈≺∋≺∋⊤∈⊤⋈⋈∈⋈⋈⊤⋈⋈∈∋⋈⊤∈⊤∈⋈⊤⋈⋈⋈∈⋈⋈⊤⊥⊞⊤⊥⋈⋈⋈⋈≺∋⋈⊞⊥⊞⊞∈⋈⋈⋈⋈⋈⋈⋈⋈⋈⋈⋈≻⋈⋈⋈⋈⋈⊤∈⋈⋈⋈≻∋⋈⋈≺⊤∈⊤∈⊤∈⋈⋈⋈⊤∈∋⊞∈⋈⋈⊞⋈⊞∈∋≺≺∋⊞∋⊞⊤⊥⋈⋈⋈⋈∋⋈⋈⋈⊞⋈⋈⋈∈⊤∈⋈⋈≺⊤∈⋈⊞⋈⋈≺∋∋⊤⋈⊥⊤∈⊤⋈⋈⊥⊤⊥⊞⊙⊤∈∋⋈⋈⊙⊤⋈∈⋈⋈⋈⋈⋈⋈⋈⋈⋈⋈⋈⋈⊤⋈∈⋈⋈⋈⋈≻∋⋈≺⋈⋈⋈≻⊤∈⋈⋈⊤⋈⋈⊤≺∋⋈∈⋈⊞⋈⊤⊥≺∋⋈⊞∈⊤∈∋⋈⋈⋈⋈⋈⋈⋈⋈⋈≻⋈⋈⋈⋈⋈⋈⊤∈⋈⋈⋈≻∋⋈≺⊤∈⋈⊤∈⋈⊤∈⋈⊞⋈⊤⋈∈∋⊞∈⋈⊞⊞∈∋≺≺∋⊞∋⊞⊤⊥⋈⋈⋈∋⊤∈⋈⋈⋈≻∋⋈⋈⋈≻⊤∈⋈⋈⊤∈⋈⋈⊤∈∋⋈⊤⊥∋⋈⊞≺∋⋈⊞∈⊤∈∋⋈⋈⋈⋈⋈⋈⋈⋈⋈≻⋈⋈⋈⋈⋈⋈⊤∈⋈⋈⋈≻∋⋈≺⊤∈∋∋∋∋⋈⋈⋈≻⋈⊤∈⋈⊤∈⋈⊞⋈⊤⋈∈∋⊞∈⋈⋈⊞⋈⊞∈∋≺≺∋⊞∋⊞⊤⊥⋈⋈∋⊤∈⋈⋈⋈≻∋⊤∈⋈⋈⋈⋈≻∋⋈⋈⋈⋈⋈⋈⊤∈⋈⋈⋈≻∋⊞⊤∈∋⊤∈⋈⊤⋈⋈∈⊤∈⊞⊥⋈⋈⊤⊥⊞∈∋⊤∈⋈⊞⋈⋈⋈≻⊤∈⋈⋈⋈≺∋⋈⋈⋈⊙⋈≺⊞∋⋈⋈≻⋈⋈⋈⋈∋⋈⋈⋈⋈⋈≺∋∋⊤∈⊤∈∋⋈⊤∈⋈⋈⊞⊥⋈⊤⊥⊞∈⊤∈⋈⊞⋈⋈⋈≻⊤∈⋈⋈≺∋⋈⋈⋈⊙⋈⋈≺⊞∋⋈≺∋⋈≻∋⋈⋈∋⋈⋈⋈≺∋⋈⋈⋈≺∋∋⋈⋈⋈⋈⋈⋈⋈⋈⋈⋈⋈⋈⋈⋈⊤∈⋈⋈⋈≻∋⋈⊤∈⋈⋈⋈≻∋⋈⊤∈⋈⋈⋈≺≺∋∋⋈⋈⊙⊤∈⋈⋈⋈⋈⋈⋈⋈⋈⋈⋈∋⊤∈⋈⋈⋈⋈≻∋⋈⊤∈⋈⋈⋈⋈⋈⊙⊤∈⋈⋈≻∋⋈⋈≻∋⋈⋈≻∋⋈⋈≻⋈⋈⋈⋈⋈⋈⊞⋈⋈⋈⋈⋈⋈≻⋈⋈⋈⋈⋈⊤∈⋈⋈⊤⋈⊥⋈∈⊤∈⋈⋈⋈⋈≻∋⋈⋈⋈⊤∈⊞∈⋈⋈≻∋⊤∈⋈⊞⋈⋈⋈≻⋈⊤∈∋≺∋⋈⋈⋈⋈⊤∈⋈⋈⊤⋈∈⊞⋈⋈⊤⋈∈∋⋈⊞⋈⋈≺∋⋈⊤⊥≺∋⋈⋈⊞⋈∈⊤∈∋⋈⋈⋈⋈⋈⋈⋈⋈⋈⋈≻⋈⋈⋈⋈⋈⊤∈⋈⋈⋈≻∋⋈≺⊤∈⊤∈⋈⊤∈⋈⊞⊤∈∋⊞⊞⋈≺∋⊞∈⋈⊞⊞∈∋≺∋⊞⊤⊥⋈⋈⋈∋⋈⋈⋈⋈⋈⋈⋈⊞⋈∈⋈⊤∈⊤∈⋈⋈⊤∈⋈⋈⊞⊥⋈⊤⊥⊞∈⊞⋈⊤∈⋈⊞⋈⋈⋈≻⊤∈⋈≺∋⋈⋈⋈⋈⊙⋈⋈⋈⋈⋈≺∋⋈⋈≺∋⋈≺∋⊤∈⋈≻⋈∋⋈⊞⋈⋈⋈⋈⋈⋈⋈⋈≻⋈⊤∈⋈⋈⋈⊤⋈⋈⋈⊤≺∋⋈∈⋈⊞⋈⊤⊥≺∋⋈⊞∈⊤∈∋⋈⋈⋈⋈⋈⋈⋈⋈≻⋈⋈⋈⋈⋈⋈⊤∈⋈⋈⋈≻∋⋈≺⊤∈⋈⊤∈⋈⊤∈⋈⊞⋈⊤⋈∈∋⊞∈⋈⊞⊞∈∋≺≺∋⊞∋⊞⊤⊥⋈⋈⋈∋⊤∈⋈⋈⋈≻∋⋈⋈⋈≻⊤∈⋈⋈⊤∈⋈⋈⊤∈∋⋈⊤⊥∋⋈⊞≺∋⋈⊞∈⊤∈∋⋈⋈⋈⋈⋈⋈⋈⋈≻⋈⋈⋈⋈⊤∈⋈⋈⋈≻∋⋈≺⊤∈⋈⊤∈⋈⊤∈⋈⊞⋈⊤⋈∈∋⊞∈⋈⋈⊞⋈⊞∈∋≺≺∋⊞∋⊞⊤⊥⋈∋⊤∈⋈⋈⋈≻∋⋈⊤∈⋈⋈⋈≻∋⋈⋈⋈⋈⊤∈⋈⋈⋈≻∋⊤⋈⋈∈∋⋈⋈⋈⋈≻⋈⊤∈⋈⋈⋈≻≺⋈⋈⊙⊤∈∈⋈⋈≻∋⋈≺∋⋈⋈≻∋∋∋⋈⋈⋈≻∋⋈⋈⋈⋈⋈⋈⋈⋈⋈⊤∈⋈⋈⋈⋈⊞⋈⋈⋈⋈⋈⋈≺⋈⋈⋈⋈⋈∋∋∋⊞⋈⋈⋈⋈⋈⋈⊣⋈⋈⋈⋈⋈⋈⋈⋈⊤∈⋈⋈⋈⋈≺∋≻⋈⋈⋈⋈∋⋈≺∋∋∋⋈⋈⋈≻⋈⋈⋈⋈∋≻∋⊞⋈⋈⋈⋈⋈⋈⊣⋈⋈⋈⋈⋈⋈⋈⋈⋈⊞⋈⊞⊞⋈⋈⋈⋈⋈⋈≻⊞≺∋⋈⊞⋈⋈⊣
0x1b57de58	⊢⋈⋈⋈⋈⋈⋈⊞⋈⋈⋈⋈⋈⋈⋈⋈⋈⋈⋈≻⊤∈⋈⊞⊤∈⊤∈⊤∈∋⋈⋈⋈⋈⋈⋈⋈⋈⋈≻⋈⋈⋈⋈⋈≻⋈⊤∈⋈⋈⋈⊞≻⋈≺∋⋈⋈⋈⋈⋈⋈⋈⋈⋈⋈⋈⋈⋈⋈⊞⋈⋈≻⊞⋈⋈⊤∈⋈⊞⊞⊞⊞⊤∈⋈⊞⊙∋∋⋈⋈⋈⋈⋈≻⋈≺∋∋∋⋈⊞⋈⋈⋈⋈⋈⋈⊣
0x1b57d40b	⊢⋈⊤∈⋈⋈⋈≻⋈⋈⋈⋈⋈⋈⊞⋈⋈⊤∈⋈⋈⋈≻⋈⊞⋈⋈⊞⊞⊞⊞⋈⊞⊞∈⊞⊡⊞⊞⊞⊤∈⊡⋈⋈⊡⋈∈⊞⊞⊞⊞⋈⋈⋈⊞⋈⋈≻⊤∈⋈⋈⋈≻≺⋈⊞⋈⋈⋈⊡⋈⊞⊡⋈∈∋∋⊞⊞⊤∈∋⋈⋈⊤⋈∈⋈⋈⊞⊞⊞⊥⊡⊡⊞⋈⊡⋈≺⋈⋈⊤∈⋈≺⋈⊤∈⋈≺⋈⊞⊞⊞⋈⋈⊤∈⊤∈⋈⋈⋈≻⋈⋈⋈⋈⋈≻⋈⋈⋈⋈≺⊤∈⋈⋈⋈∋≻≺⋈⋈⊡⊡⊞⋈⊡⋈≺∋∋⋈⊤∈⋈⋈⋈⋈⋈≻⋈⋈⋈⋈≻⋈∋⊡⊡⊡⊡⊡⊡⋈⋈⋈⋈⋈⊤∈⋈⋈⊡⊤⋈⋈∈⊡∋⋈⊤∈⋈⋈⋈≻⊤∈⋈≻∋⋈⋈⊞⋈⋈⋈⊡⊡⋈⋈⋈⋈⋈⋈⊤∈⋈≻∋⋈⊞⊡⊡⊡⊡⊡⊡⋈⋈⋈⋈⋈⊞⋈⋈⊤∈⋈≻∋⋈⋈⊞⋈⋈⋈⋈⋈⋈⋈≻⋈⊤∈⋈≺⋈⋈⋈⊞⋈⋈⊤∈⋈≻∋⊡⊡⊡⊡⊡⊡⊡⊡⋈⊤∈⋈≺⋈⋈⊞⋈⋈⊤∈⋈⋈⋈≻∋⋈⊤∈⋈⋈⋈≻∋⊡⊡⊡⊡⊡⊡⋈⋈⋈⋈⋈⋈⋈⊤∈⋈≺∋∋∋∋⋈≻∋⋈∋⋈≻⋈⋈⋈⋈⋈⋈⊞⋈⋈⋈⋈⋈⊤∈⋈⋈⊞≻≺∋⋈⋈⋈⋈⋈⋈⋈⋈⋈⋈⋈⋈⋈⋈⋈⋈⋈⊞≻⋈⋈⊤∈⋈⊞⊞⊞⊞⊤∈⋈⊞⊙∋∋⋈⊞⋈⋈⋈⋈⋈⋈⊣⋈⋈≺∋⋈⋈⋈≻⋈⊤∈⋈⋈≻≺∋⋈⊞⋈⋈⊞⊞⊞⊞⋈⊞⊞⊞∈⊞⊡⊞⊞⊞⊤∈⋈⋈⊡⋈⋈⋈⊡⋈⋈∈⋈⊞⊞⊞⊞⋈⋈⋈⋈⋈≻⊤∈⋈⋈⋈≻≺⋈⊞⋈⋈⋈⋈⋈⋈⋈⊡⊞⋈⋈⊡∈∋∋⊤∈⊞⊤∈⊞⊞⊞⊞∋⊞⊞⊤∈⋈⊤∈⊡⊞⊞⋈≺∋⊞⋈⊡⋈⊞⋈⋈⊡⊞⋈⋈⊡⊡⊡⊡⊡⊡⊡⊡⋈⋈∋⋈⊤∈⋈≻∋⋈⋈⊞⋈∋⋈⊞⋈⋈⋈⋈⋈⋈⊣⋈≺∋⊞⊞⊞≺∋⊞⊞⊞≺∋⊞⊤∈⊞⊞⋈⊞∈⊤∈⋈⊤⋈∈⋈∋⋈⊤∈⋈⋈⊤∈⊞⋈⋈≺∋⋈⊞⊤∈⋈⊞∈∋∋⊞⊞≺∋∋⊞≺∋⋈⊣
0x1b57dd82	⊢⋈⋈⋈⋈⊞⋈⋈⋈⊤∈⋈⋈⊞≻≺∋⋈⋈⋈⋈⋈⋈⋈⋈⋈⋈⋈⋈⋈⋈⋈≻⋈⋈⊤∈⋈⊞⊞⊞⊞⊤∈⋈⊞⊙∋∋⋈⊞⋈⋈⋈⋈⊣
0x1b57d1c0	⊢⋈⋈⋈⋈⋈⊞⋈⋈⋈⊞∈⋈⊤∈⋈≺⊞⊡⊤∈∋⋈⊤⋈⋈⋈⋈⋈⋈⋈⋈⋈⋈⋈⋈∈⋈⋈⋈⋈⋈⋈⋈∈⋈⋈≻⊞⊤∈∋∋⋈⋈⋈⊞⋈⋈⋈⊤∈⊞⊞∈⋈⋈⊤∈⋈⋈∋⋈≻⋈⊤∈⋈≻∋⊞⊤∈∋∋⋈⋈⋈⋈⊞⋈⋈⋈⋈⋈≺
0x1b57e377	⊢⋈⊤∈⊞⋈⊤∈⋈≻∋⋈⋈⋈≻⊞⋈⋈⊣
0x1b596445	⊢⋈⋈⋈⋈⋈⊞⋈⋈⋈⋈⊤∈⊤∈∋⊤∈⋈⋈⊞≻≺∋⋈⋈⋈⋈⋈⋈⋈⋈⋈⋈⋈⋈⋈⋈⋈⋈≻⋈⋈⊤∈⋈⊞⊞⊞⊞⊤∈⋈⊞⊙⋈⋈⋈⋈⋈⋈⋈⋈≻⋈≺∋∋∋⋈⊞⋈⋈⋈⋈⋈⊣
0x1b5856df	⊢⋈⋈⋈⋈⋈⋈⊞⋈⋈⊤∈⋈≺⋈⋈⋈⋈⊞⋈⋈⊤∈⊞⋈⋈⋈⋈⋈⊡⋈⋈⊡⋈⋈⋈⋈⋈≻⋈⊞⋈⋈⊞⊞⊞⊞⋈⊞⊞∈⊞⊡⊞⊞⊞⊤∈⋈⋈⊡⋈⊡⋈∈⋈⊞⊞⊞⋈⊞⋈⋈⊞≻⊤∈⋈⋈⊞⋈⊞⋈⊞⋈⊞⊡⊞⊞⊞⊡⊞⊞⋈⊞⊞⊞⊞⊞⋈⊤∈⊡⋈∋⋈⋈⊡⊞⋈⋈⋈⊡⋈⊤⋈∈⋈≻⋈⊞⋈⋈⋈⋈⋈⊡⋈⊞⊡∈∋∋⊞⊞⊤∈∋∋⋈⋈⊞⋈⋈⋈⋈⊤∈⋈∋⋈≻⋈⊞⋈⋈⋈⋈⊤∈⋈⋈⋈≻∋⋈⊤∈⋈⋈⋈≻∋⋈⋈⋈⋈⋈⋈⋈⋈⊤∈⋈≻∋⋈⋈⊞⋈⊞⊤∈⋈⋈⋈≻⋈⋈≻∋⋈≻∋⊞⋈⋈⋈⋈⋈⋈⊣⊞⊞⊞≺∋
0x1b5856b4	⊢⋈⊤∈⋈⋈⋈⋈≻⋈⊡∈⊣
0x1b5beb3a	⊢⋈⋈⊙⊤∈⋈⋈≻⋈⊣
0x1b5a7b27	⊢⋈⋈⋈⊙⊤∈⋈⋈≻⋈⊣
0x1b5be0f7	⊢⋈⋈⊙⊤∈⋈⋈≻⋈⊣
0x1b5a7b02	⊢⋈⋈⋈⊙⊤∈⋈⋈≻⋈⊣
0x1b5c8110	⊢⋈⋈⋈⋈⋈⋈⋈⊞⋈⋈⋈⊤∈⊤∈∋⋈⋈⋈⋈⋈⋈⊤∈⋈⋈⋈⋈⋈⋈⋈⋈≻⊤∈⊤∈⋈⋈⋈⋈⋈⋈⋈⋈⋈⋈⋈⋈⋈⋈⊙⊤∈⊤∈⋈⋈⋈⋈⋈⋈⋈⋈⋈⋈≺∋⋈≻⊤∈∋∋⊤∈⊤∈⋈⋈⋈⋈⋈⋈⋈⋈⋈⋈⋈⋈⋈⋈⋈⋈⋈⋈⋈⋈⋈⋈⋈⋈⋈⋈⋈⋈⋈⋈⋈⋈⋈⋈⋈⋈≺∋⋈≻⊤∈⋈⋈⋈⋈⋈⊙⊤∈∋⋈⋈⋈⋈⋈⊙⊤∈⋈⊤⊥⊞⊤⋈∈⋈⊤∈⋈⋈⋈⋈⋈⋈⋈⋈⋈⋈⋈≻⊤∈∋⋈⋈⋈⋈⋈⊙⊤∈⋈⋈⋈⋈⋈⋈⋈⋈⋈⋈⊙⊤∈⋈⋈⋈⋈⋈⋈⋈⋈⋈≻⊤∈⋈⊤∈⋈⋈⋈⋈⋈⋈⋈⋈⋈⋈≻⊤∈∋⋈⋈⋈⋈⋈⊙⋈⋈⊤⋈∈≺≺∋∋∋∋∋∋∋∋∋∋⋈∋∋⊞⋈⊞≺∋∋⊞⋈⋈⋈⋈⋈⋈⊣
0x1b5e7580	⊢⋈⋈⋈⋈⋈⊞⋈⊤∈⋈⊤∈⋈≺⋈⋈⋈≺∋⋈⋈⋈≻⊤⋈∈⋈⋈⋈≻⋈⊤∈⋈⋈⋈⋈⋈⋈⋈⋈∋∋⋈⋈⋈⋈⋈⋈⋈⋈⋈⋈⋈∋⊞⋈⋈⋈⋈⊣
0x1b571eb0	⊢⋈⋈⋈⋈⋈⊞⋈⋈⊤∈⋈⋈⋈⋈⋈⋈≻⊤∈⋈⋈≻⋈⋈⋈≺⋈⋈⊞⊤∈⊤∈⋈⊙⋈⋈≺⋈⋈⋈⋈≻⊤∈⋈⋈≻≺∋⋈∋∋⊞⋈⋈⋈⋈⊣
0x1b5cbc71	⊢⋈⋈⋈⋈⋈⋈⋈⊞⋈⋈⋈⋈⋈⋈⋈⋈⋈⋈≻⋈⊤⋈⋈⋈⊥⋈⋈⊥⋈⋈⋈⋈⋈⋈≻⋈⊤⋈⋈⋈⊥⋈⋈⊥⋈⋈⋈⋈⋈⋈≻⋈⊤⋈⋈⋈⊥⋈⋈⊥⋈⋈⋈⋈⋈⋈≻⋈⊤⋈⋈⋈⊥⋈⋈⊥⋈⋈⋈⋈⋈⋈≻⋈⊤⋈⋈⋈⊥⋈⋈⊥⋈⋈⋈⋈⋈⋈≻⋈⊤⋈⋈⋈⊥⋈⋈⊥⋈⋈⋈⋈⋈⋈≻⋈⊤⋈⋈⋈⊥⋈⋈⊥⋈⋈⋈⋈⋈⋈≻⋈⊤⋈⋈⋈⊥⋈⋈⊥⋈⋈⋈⋈⋈⋈≻⋈⊤⋈⋈⋈⊥⋈⋈⊥⋈⋈⋈⋈⋈⋈≻⋈⊤⋈⋈⋈⊥⋈⋈⊥⋈⋈⋈⋈⋈⋈≻⋈⊤⋈⋈⋈⊥⋈⋈⊥⋈⋈⋈⋈⋈⋈≻⋈⊤⋈⋈⋈⊥⋈⋈⊥⋈⋈⋈⋈⋈⋈≻⋈⊤⋈⋈⋈⊥⋈⊥⋈⋈⋈⋈⋈⋈≻⋈⋈⋈⋈⋈⋈⋈≻⋈⊞⋈⋈⋈⋈⋈⋈⋈⋈⋈⋈⋈⋈⋈⋈⋈⋈⋈⋈⋈⋈⋈⋈⋈⋈⋈⋈⋈⋈⋈⋈⋈⋈⋈⋈⋈⋈⋈⋈⋈⋈⋈⋈⋈⋈⋈⋈⋈⋈⋈⋈⊤⊥⋈⋈⋈⋈⊥⋈⋈⊤⊥⊥⋈⋈⊡⋈⋈⋈⋈⋈⋈⊤∈⋈⋈⋈⋈⋈⋈≻⋈⊤⋈⋈⋈⊥⋈⋈⊥⋈⋈⋈⋈⋈⋈≻⋈⊤⋈⋈⋈⊥⋈⋈⊥⋈⋈⋈⋈⋈⋈≻⋈⊤⋈⋈⋈⊥⋈⋈⊥⋈⋈⋈⋈⋈⋈≻⋈⊤⋈⋈⋈⊥⋈⋈⊥⋈⋈⋈⋈⋈⋈≻⋈⊤⋈⋈⋈⊥⋈⋈⊥⋈⋈⋈⋈⋈⋈≻⋈⊤⋈⋈⋈⊥⋈⋈⊥⋈⋈⋈⋈⋈⋈≻⋈⊤⋈⋈⋈⊥⋈⋈⊥⋈⋈⋈⋈⋈⋈≻⋈⊤⋈⋈⋈⊥⋈⋈⊥⋈⋈⋈⋈⋈⋈≻⋈⊤⋈⋈⋈⊥⋈⋈⊥⋈⋈⋈⋈⋈⋈≻⋈⊤⋈⋈⋈⊥⋈⋈⊥⋈⋈⋈⋈⋈⋈≻⋈⊤⋈⋈⋈⊥⋈⋈⊥⋈⋈⋈⋈⋈⋈≻⋈⊤⋈⋈⋈⊥⋈⋈⊥⋈⋈⋈⋈⋈⋈≻⋈⊤⋈⋈⋈⊥⋈⊥⋈⋈⋈⋈⋈⋈≻⋈⋈⋈⋈⋈⋈⋈≻⊞⋈⋈⋈⋈⋈⋈⋈⋈⋈⋈⋈⋈⋈⋈⋈⋈⋈⋈⋈⋈⋈⋈⋈⋈⋈⋈⋈⋈⋈⋈⋈⋈⋈⋈⋈⋈⋈⋈⋈⋈⋈⋈⋈⋈⋈⋈⋈⋈⋈⋈⋈⋈⋈⋈⋈⋈⊤⊥⊥⋈⋈⊤⊥⊥⋈⋈⊡⋈⋈⊙⊤∈⋈⋈⋈⋈≻≺⋈⋈⋈⋈⊡⋈⋈⋈⋈≻⊞∋⋈⋈⋈⋈⊡⋈⋈⋈⊙⊤∈⋈⋈⋈≻≺⋈⋈⋈⋈⋈⊡⋈⊡⋈⊡⋈⋈⋈⋈⋈⋈⊡⋈⊤∈⋈⋈⋈⊞⋈⊞⋈∈⋈⋈⋈≻⊤∈⋈⋈⋈⊞⋈⋈⊞≺⊞⋈⋈⊞⋈⋈⊤∈⋈≻⋈⋈∋⋈⋈⋈⊞⋈⋈⊞⊤∈∋⊤⋈∈⋈⊤∈⋈≻≺⊞⊞⋈⋈⋈⋈∈⋈⋈⊤∈⋈⋈∈⋈⋈⊤∈⋈⋈⊤⋈∈∋⊞≺∋⋈⋈∋⋈⊞⋈⊤∈≺∋∋∋∋⋈⊡⋈⋈⋈⊡⋈⊡⋈⊡⊞⋈⋈⋈⋈⋈⊡⋈⋈⋈⋈⋈⋈⋈⋈⋈⋈⋈∈∈∈∈∈∈∈∈∈⋈⋈≻⋈⋈⋈⊤∈⋈⊞⋈⋈⊞⋈≺⋈⋈⋈⋈⋈⋈⋈⋈⊤∈⋈⋈⊤∈⊤∈⋈⋈≻≺⋈⊞⊞⋈⋈⋈⋈∈⋈⋈⊤∈⋈⋈⋈⋈∈⋈⋈⋈⋈⋈⊤∈⊞⋈⋈⊤∈∋⊞⊞≺∋⋈⋈⋈⋈∋⋈⊞⋈⊤∈∋≺⊤∈⋈⊤∈⋈⊙⋈⋈≺∋∋⋈⊞⋈⋈⋈∈⋈⊤⊥⋈⊞∈∋⋈⊤∈⊞⊞⋈⋈⋈⋈≻⊤∈⋈⋈⋈≻⊞⋈≺∋∋∋⋈⋈⋈⊤∈⋈≺⊤∈⊙⋈⋈⊞⊞⋈⋈⋈≻⊤∈∋∋⋈⊞⋈⋈⊞⊤∈⋈⋈≺⋈⋈⋈⋈⋈≻≺⋈⊤∈∋⊤∈∋⊤∈⊡⋈⋈⋈⋈⋈⋈⋈⋈⋈⋈⋈⋈⋈⋈≻⊤∈∋⋈⋈⋈⊡⋈⊤∈∋⊡⋈⋈⋈⋈⋈⋈⋈⋈⋈⋈⋈⋈⋈⋈≻⊤∈∋⋈⋈⋈⋈⊡⋈⋈⋈⋈⋈⋈⋈⋈⊡⊤∈⋈⋈⊞⊞∈⋈⊤∈⊤∈⋈⋈⋈⋈≺∋⋈⋈⊞⊞⊞⊤∈⋈⋈⊤∈⋈⊤∈⋈⊤∈⋈∈⋈⋈⊞⋈⋈∈⊤∈⋈⊤⊥⊞⊞⊞⊤∈∋⋈⊤∈∋⊞∈∋⋈⋈⋈≺⋈≺∋≺⊞⊞⊞⊞≺∋⊤∈⋈∋≻⋈⊤∈⋈⊞⋈⋈⊞⊞⋈⋈⋈⊞⋈⊞⋈⋈⊞⋈⋈⊞⋈⊞⊤⋈⊥⊤⊥⋈⋈⋈⊞⋈⋈⋈⊞⋈⋈⋈⊞⋈⋈⋈⊞⋈⋈⋈⊞⋈⋈⋈∈⋈⋈⋈⋈⋈⋈⋈⋈⋈⋈≻⋈⋈⋈⊤∈⋈⊞⋈⋈⋈⋈⋈⋈⋈⋈⊤∈⋈⋈≻⋈⋈⊤∈⊞⋈⋈⋈⋈≺⊤⋈⋈⋈∈⋈≺⋈⊤∈⋈≺⊞⋈⊞∈⋈⊞⊤∈⊤∈⋈⊤∈∋∋∋⋈⋈⋈⋈⋈⋈⊞⊞⋈⊞⊞⊞⊞≺∋⊞⋈⋈⋈⋈≺⋈⋈⊤∈⋈⋈≻⋈⊤∈⋈⋈⋈⋈⊤⋈⋈⋈∈⋈⋈⋈⋈≺⊤∈∋⋈⋈⊤∈⋈⊞⋈⊞∈⊞⊤∈⋈⋈⋈⋈⋈⊞⊙⊤∈⋈⋈≻⋈⊤⋈⋈⋈⊥⋈⊤∈⋈⋈≺⊤∈⋈⋈≻⋈⊤∈⋈⋈⋈≺⊤∈∋∋∋∋∋⋈∋⋈⋈≺∋∋∋⊞⊤∈∋⋈⊤∈∋⋈⊤∈⋈⋈⊤∈⋈⊞∈⋈⊞⋈⋈⊞⊤⊥⊞⋈⊤∈∋⊞≺∋⋈⊞⊤∈⊤∈⊞⊞⊞∈⊤∈⊞⊞⊤⋈∈∋≺∋⊤∈⊞⊞⊞⊞⋈⋈⋈⋈∈⊤∈⋈⋈⋈⊞∈⋈⋈≺⋈⊞⋈⋈⋈⋈≻⋈⊤∈⋈∋⋈⋈⊞⋈⋈⋈⊞⊞⊞⊞⋈⊞⊞⋈⋈⊞⊤⋈⋈∈⋈⋈⋈⊞∈⋈⋈⋈⋈⋈⊞∈∈⊤∈∈∈∈⊤∈∈⊤∈⊞∈⋈⋈⊞∋⋈⋈⊞⋈⊞∈∋⋈⊤∈∋⊤∈∋⋈⊤∈∈∈∈⊤∈∈⊤∈⊞∈⋈⋈⊞∋⋈⋈⊞⋈⊞∈∋⋈⊤∈∋⊤∈∋≺⊤⋈⋈∈∈∈∈∈⊤∈⋈∈⊤∈⋈⊞⊤∈⊤∈∋⋈⋈⊞≺∋⋈⋈⊞⊞⋈⋈⊞⊞⊞⊞⋈⊞⋈⋈⋈⋈⋈⊞⊞⋈⋈⊞⊞⊞⊞⋈⋈⊞⋈∈∋⋈⊤⋈∈∋⋈⊞∈∋⊤∈≺∋∈∈∈⊤∈∈⊤∈∋∋∋∋∋∋∋⋈∋∋⊞⊤∈∋∋⊤∈∋⋈⋈⊞⊤∈⊤∈∋⋈⋈⊞≺∋⋈⋈⊞⊞⋈⊞∈∋⋈⊤∈∋⊤∈∋≺∋∋∋⊤∈∋⋈⋈⋈⋈⋈⋈⋈⋈⊤∈⋈≻∋⋈⋈⋈⊞⋈⋈⋈⋈⊡⊞⋈⋈⋈⋈⋈⋈⋈⋈⋈≺∋≺∋∋⊤∈∋⋈⊞⊤∈⊞⊤∈⋈⋈⋈⊤∈⋈⊤∈⋈≻≺⋈⊤∈∋∋⊡⊤∈≺⋈⊤∈⋈⋈≻⋈≺∋∋∋⋈⋈⊞⋈⋈⋈⋈⊡⊞⋈≺∋∋⊡∋⋈⊞⊤⊥⊞⋈⋈⋈⋈⊞∈∋⋈⋈≺⋈⊞⊞⊤⋈⋈⋈⋈⋈⋈⋈⋈⋈⋈⋈⋈⊥⋈∈∈⋈⋈≻⋈⋈⋈⊤∈⋈⊞⋈⊤∈∋⋈≺∋⊞≺⊤∈∋⋈⋈⊡⊤∈⋈⊤∈∋⋈⋈⋈⋈≻⊤∈⊤∈⋈∋⋈⊤∈⋈⋈⊞⋈⋈⋈⊞⋈⊞∈⋈⋈⋈⋈⋈⊤∈⋈≻∋⋈⊞⋈⋈⋈⋈⋈⊡⊞⋈⊞⊤∈∋≺∋∋∋∋∋∋⋈⋈⋈⊡⋈⋈⋈⋈⋈⋈⋈⋈⋈⋈⋈⊡⋈⊤∈⋈≻∋⊞⊞⋈⋈⊡⊞⋈≺∋⊤∈∋⋈⋈⊤∈⋈≻∋⋈⋈⊞⋈⋈⋈⋈⊡⊞⋈⋈⋈≺∋⋈⊤⋈⋈∈⋈⊞⋈⊞∈∋⋈⋈∋∋⋈⋈⋈⋈≺⊞⊤∈∋⋈⋈⋈≺∋∋⊞≺⋈⋈⋈⋈⋈⊞⊙⊡∈⋈≻∋⊤∈∋⊤∈⋈⊙∋⊤∈⋈⊙∋⊤∈⋈⊙∋⊤∈∋⋈⊙≺∋⊞⊞⊞∈∋≺⋈⋈⊞⋈∋∋∋⊞⋈∋∋⋈⊡∈⋈≻∋⊤∈⊤∈⋈⊙∋⊤∈⋈⊙∋⊤∈⋈⊙∋⊤∈⋈⊙∋∋∋⋈⋈⊞⋈∈⊤∈⊤∈⋈⊙∋⊤∈⋈⊙∋∋⋈⊤∈⊞≺∋⋈⊙⊤∈∋⊞⋈⊞⊞⋈⊞⋈⋈⊡≺∋⊞⋈⊞⊞⋈⊞⋈⋈⋈⋈⋈⋈⊤∈⋈⋈⊞≺⋈⊡⋈⊡⋈⊞⋈⋈⊡⋈⋈⋈⋈⋈⋈∈∈∈⋈⋈≻⋈⋈⋈⊤∈⋈≻⋈⋈⊡⋈≻∋⋈⊡⋈⋈∈⋈⋈≻∋⋈⋈⋈⋈⋈⊤∈⋈≻≺⋈⋈⋈⋈⋈⋈⋈⋈⊤∈⋈⋈⊤∈⋈⋈≺⊤⋈∈⋈⊙⋈⋈⊞⊞⋈⋈⋈⋈≻⊤∈∋∋∋⋈⋈⋈⋈⋈⋈⋈⋈⋈⋈⋈⋈⋈⋈⋈⊤∈⋈⋈⋈⋈⋈⋈≻⋈⋈⋈⋈⊤⋈⊥⋈⊥⋈⋈⋈⋈⋈⋈≻⋈⋈⋈⋈⋈⋈⋈≻⋈⊤⋈⊥⋈⊥⋈⋈⋈⋈⋈⋈≻⋈⊤⋈⊥⋈⊥⋈⋈⋈⋈⋈⋈≻⋈⊤⋈⊥⋈⊥⋈⋈⋈⋈⋈⋈≻⋈⊤⋈⊥⋈⊥⋈⋈⋈⋈⋈⋈≻⋈⊤⋈⊥⋈⊥⋈⋈⋈⋈⋈⋈≻⋈⊤⋈⊥⋈⊥⋈⋈⋈⋈⋈⋈≻⋈⊤⋈⊥⋈⊥⋈⋈⋈⋈⋈⋈≻⋈⋈⊤⊥⊥⋈⋈⋈⋈⋈≻⋈⋈⊤⊥⋈⊥⋈⋈⋈⋈≻⋈⊤∈⋈⊤⊥⋈⊥⋈⋈⋈⋈⋈⋈⋈⋈⋈⋈⋈⋈⋈⋈≻⋈⊤∈⋈⋈⋈⋈⋈⋈⋈⋈⋈⋈⋈⋈⋈⋈⋈⋈⋈⋈⋈⋈⋈⋈⋈⋈⋈⋈⋈⋈⋈⋈⋈⋈⋈⋈⋈⋈≻⋈⋈⋈⋈⋈⋈≺∋⋈⋈⋈⋈⋈⋈≻⊞⋈⋈⋈≻∋∋⋈⋈⊤⊥⊤∈⋈≻∋⋈⋈⋈≻⋈∋⋈⋈⋈⋈⋈⋈⋈⋈⋈⋈⋈⋈⋈⊡⋈⋈⋈⋈⋈⊡⋈⋈⋈⋈⋈⋈⋈⋈⋈⋈⋈⋈⋈⋈⋈⋈⋈⋈⋈⋈⋈⋈⋈⋈⋈⋈⋈⋈⋈⋈⋈⋈⋈⋈⋈⋈⋈⋈⋈⋈⋈⋈⋈⊡≺∋⊞⋈⋈⋈⋈⋈⋈⊣⋈⋈⋈≻≺∋∋∋∋⊣⊤∈∋⊡⋈⋈⋈⋈⋈⋈⋈⋈⋈⋈⋈⋈⋈≻⊤∈∋⋈⋈⋈⊡⋈⋈⊤⋈∈⋈≻⋈∋⊞⋈⊞⋈⋈⊡⊞⋈⋈≺∋⋈⊞≻⋈≺∋
0x1b5ed130	⊢⋈⋈⋈⋈⋈⋈⋈⋈⋈⋈⋈⋈⋈⊞⊤∈⋈≻⊤∈⋈∋⊤∈⋈⊤∈⋈⋈≺∈∈⋈⋈⋈⊙⊤∈⊙⋈⊤∈⊞⊞⋈≺⊤∈∋⊤∈⋈≺⋈⊞∈⋈⋈⋈⋈≻⊞⋈⊤∈∋∋∋⊞∋∋⋈⊞⊞⋈⊤⊥⋈⋈⋈⊞⋈⋈⊙⊞⋈⊞≺∋∋⊞⋈⋈⋈⋈⋈⋈⊣
0x1b5ec690	⊢⋈⋈⋈⋈⋈⋈⋈⊞⋈⊤∈⊞≺⋈⋈⋈⊞⋈⋈⋈≺∈⋈⋈⊞⋈⋈⋈⋈⋈⊙⊤∈⊙⋈⋈⊞⊞⋈⊤⊥∈⋈⊞⋈⋈⊞⊙⋈≺∋⊤∈⊞≺⋈⋈⊤∈∋⊞⋈⊤∈⋈⊞⋈≻∋⋈⊤∈⋈⋈⋈⋈⊙⋈⋈∋⋈∋∋⊞⋈⋈⋈⋈⋈⋈⊣
0x1b5d4c50	⊢⋈⊞⊤∈⊣⋈⋈⋈⋈⋈⊤∈⊞⋈⊡∈⋈⊞⋈⋈⊤⊥⊞⋈⊤∈∋∋⋈⋈⊤∈⊞∈⊞∋⊤∈⋈⋈⊤∈⋈⊞⊤∈⋈⊤∈⋈⊞∈⋈⋈⊞∈⊤∈⊞⊞⋈⊞⋈⊙⊤∈⊞≺⊞⊞⊤⊥≺∋∋∋∋∋∋∋⊞∋∋⋈⋈⋈⊣
0x1b5c9180	⊢⋈⋈⋈⋈⋈⋈⋈⊞⋈⊤∈⋈⊤∈⊤∈⋈⊞⊤∈⊤⋈⊥∈⊤∈⋈⋈⋈⊤∈⋈⋈⊤∈⊤∈⋈⊞⊥⊤⊥⊞∈⋈⊤∈∋⋈⋈⋈⋈⋈⋈⋈⋈⊞∈≺⊤∈⋈⊞∋⊤∈⋈⊞⊤∈⋈⋈⊤∈⋈∋⊤∈⋈⊤∈⊞⋈⊤⋈⋈⋈⋈∈⊞⋈⋈⋈⋈⊞⋈∈∋⊞⋈⋈∈⊤∈⋈⊤∈⋈⋈⋈⋈⋈⊞⊥⊤⊥⊞∈⊡≺∋⋈⋈⊞⊞⋈⋈⋈⊤∈⋈⊤∈⋈⋈⋈⊤∈⊞⊤∈⊞⋈⋈⋈⋈⊞⋈∈∋⋈⊞⊞⋈≺∈⊤∈⋈⊤∈⋈⊤∈⊤∈⋈⊤∈⋈⋈⊞⊤⋈⋈∈∋∋∋⊞⊤∈∋⊤∈⋈⋈≺≺≺⊞⊞⊞∈∋∋⋈⋈⋈⊞⋈∈⊤∈⋈⊤∈⋈⋈⋈⊞⊥⊤⊥⊞∈⊞≺∋⋈⋈⊞⊞⋈⋈⊤∈⋈⊤∈⋈⋈⋈⊤∈⊞⋈⊤∈⊞⋈⋈⋈⋈⊞⋈∈∋⋈⊞⊞≺∈⊤∈⋈⊤∈⋈⊤∈⊤∈⋈⊤∈⋈⊞⊤∈∋∋∋⊞⊤∈∋⋈≺≺≺⊞⊞⊞∈∋⋈≺∋⋈⋈⊞∋∋⊞⋈⋈⊡∈∈⊤∈⋈⊞⊞≺⋈⊞⋈⊞⊞⊞⊤∈∋⊤∈∋⋈⋈⋈⋈⋈⋈⋈⊙⊤∈⋈⋈≻⋈⋈⋈⋈⋈⋈⋈⋈⋈⋈⋈⊡∈∈∈⊤∈⋈⋈⊤∈⋈⊤∈∋⋈⋈≻⋈⋈⋈⊞⋈⋈⋈≺∈⋈⋈⊤∈⋈⋈⋈∈⋈⋈⋈⋈⊤∈⋈⋈⊤⋈∈∋⊞≺∋⋈⋈⋈∋⋈⊞⋈⊤∈∋∋⋈⋈⋈≺∋⋈⋈∋⋈⋈⋈⋈⋈⋈⋈⋈⋈⋈⋈⋈⋈⋈⋈⋈⋈⋈⋈⋈⋈≺⋈⊞⋈⊞⊞⊤∈∋⊤∈∋⋈⋈⋈⋈⋈⋈⊤∈⋈⋈⋈⋈≻⋈⋈⋈∋⋈⋈⋈⋈⋈⋈⋈⊞⋈≺∋∋∋∋∋∋∋∋∋∋∋∋∋∋∋∋∋∋∋∋∋∋∋∋∋∋∋∋∋∋∋⋈⋈∋⊞⋈⋈⋈⋈⋈⋈⊣
0x1b5cf720	⊢⋈⋈⋈⋈⋈⋈⋈⊞⋈⊞⋈⊞⋈⋈⋈⋈⋈⋈⋈⋈⊞⋈⊤∈⋈⋈⋈⊤∈⋈⋈⋈⋈⋈⋈⊞⋈⋈⋈⋈⋈≺∈⋈⊞⊥⋈⊞⊥⊞∈⊤∈⊞⋈⊞⋈⋈⊙⋈⋈⊤∈⊞⊤⊥⊤⊥⊞∈⋈⋈⋈⊙⋈⋈⊤∈∋∋∋∋⊞⊞∈∋∋∋⋈⋈⊞⋈⊞⊞∈⊤∈⋈⋈⋈⋈⋈≻⊤⋈∈⋈⋈⋈⊤∈⊡⋈⋈⋈⋈⋈⋈⊞⋈≺∈⋈⊞⊥⋈⊞⊥⊞∈⊤∈⊞⋈⋈⊞⋈⋈⊙⋈⊤∈⊞⊤⊥⊤⊥⊞∈⊞⋈⊤⊥⋈⊤∈⋈⊤∈⊞⊞⋈⋈⊙⋈⊤∈∋∋∋∋∋∋⊞⊞∈∋⊤∈⋈⊤∈⋈⋈⋈⊞⊥⊤⊥⊞∈⊞⊞⊥∈⋈⊞⊤⊥⊤⊥⊞∈⊞⋈⊞⊞⋈≻⋈⋈⋈⋈⋈⋈≻⊤∈≺⊤∈⋈⊤∈∋⊞⊤⊥⊞≺⋈⋈⋈⊞⊥⊤⊥⊞∈⊞⊤∈⊤∈⊤∈∋∋∋∋∋∋∋∋∋∋∋∋⊞⊞⋈⊞⋈⋈≻⋈⋈⋈⋈⋈⊞⊙⋈⋈⋈⋈⋈⋈≻⊞⋈⊞⊞⋈⊥⊤⊥⋈∋⋈≺∋∋∋⋈⊞⋈⋈⋈⋈⋈⋈⊣
0x1b5c9990	⊢⋈⊤∈⊞⊣⋈⋈⋈⋈⋈⋈⊞⊞⋈⋈⋈⋈≺∈⊤∈⋈⊤∈⋈⋈⋈⊞⊥⊤⊥⊞∈⊞≺∋⋈⋈⊤∈⋈⊤∈∋⊤∈⋈⋈⊞⊞∈⋈⋈⊤∈⋈⊞⋈⊞∈⋈⊤∈⋈⊞⊞⋈⋈⊞⋈⊥⋈⊥⊡∈⋈⊞∈⊤∈∋⊤∈⋈⊞⋈⊞⊞∈⊤∈⊞≺⊡∋∋∋⊤∈⋈⋈⊤∈∋≺∋∋∋∋∋∋∋∋⊞⊤∈∋⊞∋⋈⋈⋈⋈⋈⊣
0x1b5ece90	⊢⋈⋈⋈⋈⋈⋈⋈⊞⋈⊤∈⋈⊤∈⋈⋈⋈⋈⋈⋈⊡∈⋈⋈⊞⊙⊤∈⋈⋈⋈⋈⋈⋈≺⊙⋈⊤∈∋⊞⊞⋈⋈⋈≺⋈⊞⋈⋈⋈⋈⋈⋈⋈⋈⋈⋈⋈⊙⊤∈⊙⋈⊞⊞⋈⋈≺⋈⋈⊞⊤∈⋈⋈⋈≻⋈⋈⋈⊞⊙⋈⋈⋈≺∋∋∋⊞⋈⋈⋈⋈⋈⋈⊣
0x1b572f40	⊢⋈⋈⋈⋈⋈⋈⋈⊞⋈⋈⊤∈⋈⋈⋈⊤∈⋈⋈⊞⋈⋈⊥⊞⊞⊤∈∋⊞≺∋⊤∈⊞⊞⊞⊞∈⊞⊤⊥⊞⊞⊤∈∋≺∋⊞∋⋈⊤⋈∈⋈⋈⋈⋈⋈⋈⋈⋈≻⋈⊤∈⋈⋈⋈⋈⊞⋈⋈⋈⋈⋈⋈⊙⊤⋈⋈∈⋈⋈⊞⊞⋈⋈⋈⋈⋈⋈⋈⋈⋈≻⋈⊤∈⊞⊞⊡∈⊞∈⋈⋈⋈⊙⊤∈⋈⋈⋈⊞≺⋈⋈⊙⊤∈∋≺∋∋∋∋⋈⊞⋈⋈⋈⋈⋈⋈⊣⋈⊞⋈⊞⊞⋈⋈⊞⋈⋈⊙
0x1b5757c0	⊢⋈⋈⋈⋈⋈⋈⋈⊞⋈⋈⋈⊤∈⋈⋈⊞⋈⋈⋈⋈⋈⋈≺⋈⋈⋈⋈⋈⋈⋈⊞⋈⋈⋈⋈⊤∈⋈⋈⊙⋈⋈⊤∈∋⋈⊤∈⋈⋈⋈⋈⋈⋈⋈≺∈⋈⋈⋈⊤∈⋈⊤∈⊤∈⋈⋈⊞∈⋈⋈⋈⊙⊤∈⊞⊤∈∋≺∋⋈⋈⋈⊙⊤⋈∈≺⊤∈⋈⋈⋈⋈⋈⋈⋈⊤∈⋈≺⊤∈⋈⋈⊤∈⋈≺⋈⋈⊞⋈⊞⊞⊞⊞⊞≺∋∋⊤∈⋈⋈⋈⊞≻⊤∈⊞∋⋈⊞∈⋈⊞⊞⋈⋈⊞⊞⋈⋈⊞∈∋≺∋⋈⋈≺∋⊙⊤∈∋∋⋈∋∋⋈⊤⊥∈∋∋⊞≺∋∋⊞⋈⋈⋈⋈⋈⋈⊣⋈⋈⋈⋈⋈⊤∈⋈⋈⋈⋈⋈⋈⋈⊙⊤∈⋈⋈⋈⊞⋈⊞⊥⋈⊞⊞⋈⋈⋈⋈≺∋⋈⊤∈⊞⋈⊞≺∈⋈⊤∈⋈⊤∈⋈≺⋈⊤∈⋈≺⋈⋈⊞⋈⊞⊞⊞⊞⊞≺∋∋∋⊞⊞⊞∈∋∋⊞⋈⊤∈⋈⋈⋈≻⋈≺∋⊞⋈⋈⋈⋈⋈⋈⊣⋈⊞⋈⊞⊞⋈⋈⊞⋈⋈⋈⊙
0x1b574590	⊢⋈⋈⋈⋈⋈⋈⊤∈⋈⋈⋈⋈⊡∈⊤∈⋈⋈⋈≻⋈⊞⊞⊞⋈⊞⊞⊞⊞⊞⋈⋈⋈⋈⋈⊞⊤⋈∈∋⊞∋⊤∈⋈⊞⊞⊞⊞⊞⋈⋈⋈⋈⊞⋈∋⊤∈⊤∈∋⊞⋈⋈⋈⊞∋⊞⋈⋈⊣
0x1b5dab30	⊢⋈⋈⋈⋈⋈⊤∈⊤∈⋈⋈⊤∈⋈⋈⊞⊙⊤∈⋈⊤∈≺⋈⋈⋈≺⊤∈⋈⊤∈≺⋈⋈⋈≺∋⋈⋈⋈⋈⊣⊞⊤∈∋⋈∋∋∋⋈⋈⊞⊙⋈⋈⊞⊙
0x1b5dbac0	⊢⋈⊞⊤∈⊞⊣⋈⋈⊞⊙
0x1b5dbb10	⊢⋈⊞⊤∈⊞⊣⋈⋈⊞⊙
0x1b5dd320	⊢⋈⋈⋈⋈⋈⊞⋈⋈⋈⋈⋈⋈⊞⊞⋈⊞⋈⋈⋈⋈⊞⋈⋈⋈⊞⋈⋈⊞⋈⋈⋈⋈⋈⋈⊞⋈⊤∈⊤∈⋈⊤∈⋈⊞⋈⊞⋈⊞⋈⊞⋈⋈⊞⊙⋈⊤∈⊞⋈⋈⋈≺∋⊞⋈⋈⋈⊞⊞⋈⋈⋈∋⋈⊞⋈⋈⋈⋈⋈⊣⋈⋈⋈⋈⊞⊙
0x1b5e07d0	⊢⋈⋈⋈⋈⋈⋈⋈⊤∈⋈⋈≺⋈⋈⋈⊞⊞⊞⋈⊞∈⋈⋈⊞⋈⊤⊥⊤⊥⊤∈⋈⋈⋈⋈⊞⊞⊞⊤∈⋈⋈⊤∈⋈⋈⊞⋈⊞⊞⊞⋈⋈⊞⊞⊞∈⋈⋈⊞⋈⊤∈⊤∈⋈⋈⋈⋈∋⋈⋈⊞⊞⊞⊤∈⋈⋈⋈⊤∈⊞⋈⊞⊞⊞⊞⋈⊞⊞⊞⋈⊡∈⋈⊤∈⊤∈⋈⋈⋈∋⋈⋈⊞⊞⊞⊤∈⋈⋈⊞⋈⋈⋈⋈⋈⋈⋈⋈⋈⋈≺⊞⊞⊞∈∋⋈⋈∋⋈≺∋⋈⋈⋈⋈⋈≺⊞⊞⊞⊞⊤∈∋⋈⋈⋈⋈∋⋈≺∋⋈⋈⋈⋈⋈≺⊞⊞⋈⊤∈∋⋈⋈⋈≺∋∋⋈⋈⋈⋈⋈∋∋⋈∋⋈⋈⋈⋈⋈⊣
0x1b5dfcb0	⊢⋈⋈⋈⋈⋈⋈⋈⊞⋈⊤∈⋈⊤∈⊤∈⋈⋈⋈⋈⋈≻⋈⋈⋈⋈⋈⊤∈⋈⋈⊞⊞⋈⋈⋈⊡∈⋈⋈⋈⋈⋈⋈⋈⋈≻⊤∈⋈⋈⋈⋈⋈⊞⊞∈∋⋈⋈∋⊤∈⋈⊞⋈⋈∋⋈⋈⋈≺⋈⋈⊞∈⊞∋⋈⋈⊤∈∋⋈⋈⋈⋈⊞⊤⊥⊞⋈⊞⊞⊞⋈⊞⊞⊞⊞⊡∈⋈⊤∈⊤∈⋈∋⋈⋈⊞⊞⊞⊤∈⋈⋈⊤∈⋈⋈≺⋈⊤∈⋈⋈⊤∈⋈∈⋈⋈⊞⋈⊞∈⊤∈⋈⊤⊥⊞⊞⊞⊤∈∋⋈⊤∈∋⊞∈⋈≺∋≺⊞⊞⊞⊞≺∋⊞⊤⊥⋈⋈⋈⋈⋈⋈⋈∋⋈⊞⊞⊞∈∋⋈⋈≺∋∋∋⋈⋈⋈⋈⋈⋈≺∋⋈⋈⋈≺⋈≺∋⋈⋈≺∋∋∋⊞⋈⋈⋈⋈⋈⋈⊣
0x1b5733a0	⊢⋈⋈⋈⋈⋈⋈⊤∈⋈⋈⋈⋈⊡∈⋈⊤∈⋈⋈⋈≻⋈⊞⊞⊞⋈⊞⊞⊞⊞⊞⋈⋈⋈⋈⋈⋈⊤⋈∈∋∋⊤∈⋈⊞⋈⊞⊞⊞⊞⋈⋈⋈⋈⊞⋈∋⊤∈⊤∈∋⊞⋈⋈⋈⊞∋⋈⋈⋈⋈⊣
0x1b5c87a0	⊢⋈⋈⋈⋈⋈⋈⋈⋈⋈⋈⋈⋈⊤∈⊤∈⋈⊤∈⊤∈⊤∈⊤∈⋈⋈≺⋈⋈⊤∈⊤∈⊤∈⊤∈⊤∈⊞⊤⋈⋈∈≺⋈≺⋈⋈⊤∈∋⋈⋈⋈≺≺∋∋∋⋈⋈⋈⊞⊞⊤∈∋∋∋∋∋∋⋈⋈∋⋈≻∋∋⊤⋈∈⊤∈⋈⊞⊤∈∋⋈≺⋈⊞⊞≺∋∋⋈⊞⊞⊞⊞⋈⋈⋈⊡∈⋈⋈⋈⊞⊙⊤∈⋈⋈⊞≺⊙⋈⊤∈∋⊞⊞⋈≺∋⋈⋈∋⋈⊞⋈⋈⋈⋈⋈⋈⊣
0x1b5bf0f2	⊢⋈⋈⋈⋈⋈⋈⊞⋈⋈⋈⋈⊤∈⋈⋈⋈⋈⋈⊞⋈⊤∈≻⊞⋈⋈⋈⋈⋈⋈⋈⋈⋈⋈⋈⋈⋈⋈⋈⋈⋈⋈⋈⋈∈⋈⋈⋈⋈⋈⋈⋈∈⊤∈⋈⋈⋈⋈⋈⊞⊥⋈⊙⊞⊤⊥⊤⊥⊥⊞⊞⊞⋈⊤∈∋⋈⊤∈⋈⋈⋈≻⋈⋈≺≺∋⋈⋈⊞∈⋈⋈⋈⋈⋈⋈⋈⋈⊞⋈⋈⊤⋈∈∋⋈⋈∋⊞⋈⋈⋈⋈⋈⋈⋈⋈⋈≺⊤∈⋈⋈⋈⊤∈∈⋈⋈⋈≺⊤∈⊞⋈⋈⋈⋈⋈⋈⋈⋈⋈⋈⊞≺⋈⋈≺∋∋∋≻⋈⋈⋈⋈⋈⊞⊞⋈⋈⋈⋈⋈⋈⋈⊞⋈⋈⋈⋈⊤∈⋈⋈⋈⊞⋈⋈⋈⋈⋈⋈⊙⊞⊞⊞⋈⋈⋈⊙⋈⋈⋈⋈⋈⋈⋈⋈⋈⋈⊞⋈⋈⋈⋈⋈⋈⋈⋈⋈⋈⋈⋈⋈⋈⋈≻⋈⊤⋈⋈∈⋈⋈⋈⋈⋈⋈⋈⋈⊤∈⊞⋈⋈⊞⊞∈⊤∈⋈⋈⋈≻∋⋈⋈⊞⋈≻⋈⊤∈⋈⋈⋈⋈≻⋈⊞⋈⊤∈⊤∈⋈∋⋈⋈⋈⋈⋈≻⋈≺⊤∈⊞⋈⋈⊞≺∋⋈⋈⋈⋈⋈≻⋈∋⋈⋈⋈⋈≻⋈⋈⋈⋈⋈⋈⋈⋈⊤⋈∈∋⋈≺⋈⋈⋈⋈⋈⋈⋈⋈⋈⋈⋈⋈⊤∈∋⋈⊤∈∋⋈≻⋈≻⋈⋈⋈⋈⊞⋈∈∋⋈≻⋈⋈⋈⋈⊤∈∋⋈⋈⋈≻⋈⋈⋈⋈⋈⋈⋈⋈⋈⋈⋈⋈⋈⋈≺≺∋⋈⋈⋈⋈≻≺∋∋∋∋⊡⋈∋⊞⋈⋈⋈⋈⋈⋈⊣⋈⋈≺∋
0x1b5ee060	⊢⋈⋈⋈⋈⋈⋈⋈⊞⋈⋈⊤∈⋈⋈⋈⊞∈⋈⋈⋈⋈⋈⋈⋈⋈⊙⊤∈⋈⋈⋈≻≺⋈⋈⋈⋈⋈⋈⋈⋈⋈⋈⋈⋈⋈⋈⋈⋈⋈⋈⋈⋈⋈⋈⋈⋈∈⋈⋈⋈⋈⋈⋈⋈⋈⊡∈⊤∈⋈⋈⋈⋈⋈⋈⊞⊥⋈⋈⊙⋈⊞⊤⊥⊤⊥⊥⊞⊞⊞⋈⊤∈∋⋈⊤∈⋈⊤⋈∈⋈⊙≺≺∋⋈⋈⊞∈⋈⋈⋈⊞∈⋈⋈⋈⋈⋈⊤∈⋈⊞⋈⊤⋈∈⋈⋈⋈⋈⋈⊞⋈⊞⊞⋈⋈⋈⋈⋈⊙⋈⋈⊞⋈⋈⊞⋈⋈⊙⋈⋈⋈⋈∋⋈⋈⋈⋈⋈⊞⋈⋈⋈⋈⋈≺⋈⊤⋈⋈⋈∈⋈∈∋⋈⋈⋈⋈⋈⋈≻⋈⋈⋈⋈≺⋈⋈⊤∈⋈⋈⋈⋈⋈≻⊞⋈⋈⋈⋈⋈≻⊞≺∋⋈⋈⋈∋⋈⋈⋈⊞⋈⊞⊤∈⋈⋈⋈⋈⋈⋈⊞⋈⊞⊞⋈⋈⋈⊙⋈⋈⊞⋈⊞⋈⊙⋈⋈⋈∋⋈⋈⋈⋈⋈⋈⊞⋈⋈⋈⋈⋈⋈⊤⋈∈⋈⋈⋈⋈⋈⋈⋈⋈⋈⋈⊤∈⋈⋈∈⋈⋈⋈⊤∈⋈⋈⋈≻≺⋈⋈⊤⋈⋈⋈∈⋈⋈⋈⋈⋈⊞⊤∈⋈⋈⋈⋈⊞⋈⊞⊞⋈⋈⋈⋈⊙⋈⊞⋈⋈⊞⋈⊙⋈⋈⋈⋈∋⋈⋈⋈⋈⋈⋈⋈⋈⋈⋈⋈⊤∈⋈⋈⋈⋈⊞⋈⋈⊞⊞⋈⊙⋈⋈⋈∋⋈⋈⋈⊤∈⊞∈⋈⋈⊞⋈⊤∈∋∋⋈≺⊞⋈⋈⋈⊤∈⊤∈⋈∋⋈⋈⋈≻⋈⋈⋈⋈⋈⊞⊤∈⋈⋈⋈⋈⋈⋈⋈⋈⋈⋈⋈⋈⋈⋈⋈⋈⋈⊞⋈⊞⊞⋈⋈⋈⋈⋈⊙⋈⋈⋈⋈⋈⋈⋈⋈⋈⊞⋈⋈⊙⋈⋈⋈⋈⋈⋈⋈⋈⊞⋈⊞⋈⊙⋈≺∋⋈⋈⋈⋈⋈⊤∈⊞⊞∈⋈⋈⋈⋈⊞⊤∈∋∋⋈⋈⋈⋈⋈⋈⋈⋈≺⊤∈⋈⋈⋈≻⊞⋈⋈⋈≻⊞≺∋⋈⋈⋈⋈⋈⊞⊤∈⋈⋈⋈⋈⋈⋈⋈⋈⋈⋈⋈⋈⋈⋈⋈⋈⊞⋈⊞⊞⋈⋈⋈⋈⋈⊙⋈⋈⋈⋈⋈⋈⋈⋈⋈⊞⋈⋈⊙⋈⋈⋈⋈⋈⋈⋈⋈⊞⋈⊞⋈⊙⋈≺∋⋈⋈⋈⋈⋈⊤∈⊞∈⋈⋈⋈⋈⊞⊤∈∋∋⋈⋈⋈⋈⋈⋈⋈⋈∋⋈⋈⊤⋈∈⋈⋈⋈⊤∈∋≺∋⋈⋈⋈⋈⋈⋈⋈⊤∈⋈≻≺⋈⋈⊙⊤∈⋈⋈≻≺⋈⋈⋈⋈⋈⊞⋈⋈∈⋈≻≺⋈⋈⋈⋈⋈⊤∈⋈⋈⋈≻⋈⋈⋈⋈⋈⋈⋈⋈⋈⋈⋈⋈⋈⋈⋈≺∋∋∋∋∋⊡⋈⋈⋈⋈⋈≺∋∋∋⋈⋈⊞⋈⋈⋈⋈⋈⋈⋈⋈⋈⋈⋈⋈⋈≺∋⊞⋈⋈⋈⋈⋈⋈⊣⋈⋈≺∋
0x1b5b560e	⊢⋈⋈⋈⋈⋈⋈⊞⋈⋈⋈⋈⊞⋈∈⋈⊤∈⋈⋈⋈⋈⊤∈⊤∈∋⋈⋈⋈⋈⋈⊤∈⋈⋈⋈∋⋈⋈⊞⊞⋈∈⊞⋈⊞⊤⋈∈∋⋈⋈⊤⋈⋈∈⊤∈⋈⊤∈⋈⋈⊞⊥⋈⊤⊥⊞∈⊞⋈⋈≺⋈⋈≺∋∋⋈⋈⋈⋈⋈⋈⋈⋈∈⊤⋈∈⋈⋈≺⋈⊞⊤⊥⋈⊤⊥⊥⊤∈⋈⋈⊞∈∋⋈⋈⋈⋈⋈⋈⋈⋈⋈⋈⋈⋈≻⋈⋈⋈⋈⋈⊤∈⋈⋈⋈≻⋈∋⋈⋈≺⊤∈⊤∈⊤∈⊞⋈⋈⋈⊤∈∋⊞∈⋈⋈⊞⋈⊞∈∋≺≺∋⊞∋⊞⊤⊥⋈⋈∋⊤∈⋈⋈⋈⋈≻⋈⋈∋⋈⋈⋈∋⋈⊤⊥⊤∈⋈⋈≻⋈∋⋈⋈⋈⋈⋈⋈⊞⋈⋈⋈⋈⋈⋈⋈⊞≻⋈⋈⊤⊥⊤⊥⊥⊞⊤⋈⋈∈⋈⋈⊞∈∋⋈⋈⋈⋈⋈⋈⋈⋈⋈⋈≻⋈⋈⋈⋈⋈⊤∈⋈⋈⋈≻⋈∋⋈≺⊤∈⋈⋈⊤∈⋈⊤∈⋈⊞⊤∈∋⊞⋈⋈≺∋⊞∈⋈⋈⊞⋈⊞∈∋≺∋⊞⊤⊥⋈⋈∋⊤∈⋈⋈⋈≻⋈∋⋈⋈⋈⊤⊥⋈⊤∈⋈≻⋈∋⋈⋈⋈⋈⋈⋈≻⋈⊙⊤∈⋈⋈⊞⋈⋈⋈⋈⋈⋈⋈⋈⋈⋈⋈⋈≻⋈⋈⋈⋈⋈⋈⋈⋈⋈⋈⋈⋈⋈≻⋈⋈⋈⋈⋈⋈⋈⋈∈⋈⋈⊞⋈⋈⋈⋈⋈≻⊤∈⋈≻⋈∋⋈⋈⋈⋈⋈⊞⊞⊤∈∋⋈⋈⋈⊤⋈∈⊤⋈∈⋈⋈⊤∈⋈⋈⋈⊞⊥⊞⊤⊥⊞∈⊤∈⋈⊞⋈⋈⋈≻⊤∈⋈⋈≺∋⋈⋈⋈⊙⋈≺⊞∋⋈⋈≻∋⊤∈⋈⊞⋈⋈⋈⋈⋈≻⋈⊤∈∋⋈⋈≻⋈⋈⋈≺∋⋈⊙⋈⋈⋈⋈⊞⋈⋈≺∋⋈⋈≺∋⋈⋈⋈⋈⋈∋⋈≺∋⋈⋈⋈⋈⋈≻⋈⋈⋈⋈⋈≻⋈⊤∈⋈⊤∈⋈⊤∈⊞⋈≺∋⋈⋈⋈⋈∈⋈⊞⋈⋈⋈⊞∈⋈⊤⊥⊤⊥⊞∈⋈⋈⋈⋈⋈⋈≻⋈⋈⊤∈⋈⋈⋈≻∋⋈⋈⋈⋈⋈⋈⋈⋈⋈⋈≻⋈⋈⊤∈⋈⋈⋈≻∋⋈⋈⋈⋈⋈⋈⋈⋈⋈⋈≻⋈⋈⊤∈⋈⋈⋈≻∋⋈⋈⋈⋈⋈⋈⋈⋈⋈⋈≻⋈⋈⊤∈⋈⋈⋈≻∋⋈⋈⋈⋈∋⋈⊞⋈⋈⋈⋈⋈⋈⋈⋈≻⋈⋈⊤∈⋈⋈⋈≻∋⋈⋈⋈⋈⊞∈⋈⋈⋈⋈⊞⊤∈∋⊞⊤⋈⋈⋈∈∋⋈⊤⋈∈∋∋∋⋈⋈⋈⋈⋈⋈≻⋈⋈⊤∈⋈⋈⋈≻∋⋈⋈⋈⋈⋈⋈⋈⊤⋈∈⋈⋈⊤∈⊞⊤∈∋⋈⋈⊞⋈⋈∈⊤∈⊞⋈⊞⊤⋈∈∋⊤∈≺∋⋈⋈≺∋∋⋈⊞⊤∈⊤∈⋈⋈⋈⋈≻⋈⋈⋈⋈⋈⋈≺⊤∈⊞⋈⋈⋈≻⋈⋈∋⋈⊤∈⋈⋈⋈≺⋈⋈⋈⋈≻⋈⋈⋈⊞⋈⊤∈∋⋈≺⊤⋈∈⋈⊞≺∋∋∋∋⊤⋈⊥⋈⋈∋⊤∈⋈⋈∈⊤∈⋈⊤⋈∈∋∋∈∋⋈⋈⋈≻⋈⋈⋈⊤⋈⊥⋈⊤⋈⋈⊥⊥⊤∈⊞⋈∈⊤∈⋈⊤⋈∈∋∋∈∋⋈⊤∈⊤∈⋈⋈⋈⋈≺∋⊤∈⋈⊞⋈∈∋⋈⋈⋈⊞⋈⋈⋈⋈⋈⋈⋈≻⋈⋈⋈⋈⋈⊤∈⋈⋈⋈≻⋈∋⋈≺⊤∈⊤∈⊤∈⊞⋈⋈⊤∈∋⊞∈⋈⋈⊞⋈⊞∈∋≺≺∋⊞∋⊞⊤⊥⋈⋈∋⊤∈⋈⋈⋈≻∋⋈⋈⋈⋈≺∋∋⋈⊤∈⋈⊤∈⊞≺⊤∈⋈⊞⋈∈⊤∈⊞⋈⊞⊤⋈∈∋⊤∈∋⋈⋈≺∋∋∋⋈⊞⊤∈⊤∈⋈⋈⋈⋈⋈≻⋈⋈⋈⋈≺⊤∈⊞⋈≻⋈⋈⋈⋈≻⋈⋈⋈≺⊤∈⊤∈⋈≺∋∋∋∋∋∋⋈⋈⋈⋈⋈⋈⋈⋈⋈⊤∈⋈⋈⋈≻∋⋈⋈⋈≻⋈⋈⋈⋈≻⋈⋈⊤∈⋈⋈⋈≻⋈∋⋈⊤∈⋈⋈⋈≻⋈∋⋈⊤∈⋈⋈≺∋⋈⊤∈⋈⋈≺⊤∈⋈⊞⊞⋈⋈≺∋∋⋈⊤∈⊤∈⊤∈∋⊤∈⋈⋈⋈⊞∈⊤∈⋈⋈⋈⋈⋈⋈⋈≻⊤⋈∈⋈⋈⋈⊤⊥⋈⊤⊥⊥⋈⊞⋈⊤⊥⊞⊞⋈∈⊞⋈⊞∈⋈⋈⋈≻⊤∈⋈⋈⋈⊞⊥⊤∈⋈⋈⋈⋈⋈⋈⋈⋈⋈⋈⋈≻⋈⋈⋈⋈⋈⊤∈⋈⋈⋈≻⋈∋⋈≺⊤∈⋈⋈⊤∈⋈⊤∈⋈⊞⋈⊤⋈∈∋⊞∈⋈⋈⊞⋈⊞∈∋≺≺∋⊞∋⊞⊤⊥⋈⋈∋⊤∈⋈⋈⋈≻⋈∋⋈⊤∈⋈⋈⋈≻∋⊞⋈⋈⋈⊤∈∋⋈⋈⊤∈∋∋⋈⋈⋈⊤∈∋⋈⋈⊞⋈⊤⊥⋈⊤⊥⋈⊥⋈⊞⋈⊤⊥⊞⊞∈⋈⋈⋈⋈≻⊤∈⋈⋈⋈⊞⊥⊤∈⋈⋈⋈⋈⋈⋈⋈⋈⋈⋈⋈≻⋈⋈⋈⋈⋈⊤∈⋈⋈⋈≻⋈∋⋈≺⊤∈⋈⋈⊤∈⋈⊤∈⋈⊞⋈⊤⋈∈∋⊞∈⋈⋈⊞⋈⊞∈∋≺≺∋⊞∋⊞⊤⊥⋈⋈∋⊤∈⋈⋈⋈≻⋈∋⋈⊤∈⋈⋈⋈≻∋⋈⋈⋈⋈⊞⋈⊤⋈∈∋⊞⋈≺∋⋈⊞⊤∈⊤∈∋⋈⋈⊤∈⊤∈⋈≺⋈⊤∈⋈⋈⊞⊥⋈⊤⊥⊞∈⊞∈⋈⋈≻∋⊤∈⋈⊞⋈⋈⋈⋈≻⊤∈∋⋈⋈⋈≺∋⋈⋈⊙⋈⋈⋈≺⋈≺∋∋∋⋈⋈⊞⋈⋈⋈⋈⊞⋈⋈⋈⋈⋈⋈⊤∈⋈⊞⊤∈⊞⋈∈⋈⊞⋈≻⊞⊞∈∋∋⊤∈⋈⋈∈⋈⋈∈⋈⊞⋈≻⊞⊞∈∋⊞⊤∈∋∋⋈∋⊤∈⋈⋈∈⋈⊞⋈≻⊞⊤⋈∈∋∋⋈⋈⋈⋈⋈⋈⋈⊤∈⋈≺∋⋈⋈≻⋈⋈⋈⋈⋈≺⊞⊞∈∋∋⋈⋈⋈≺∋∋∋∋⊞⋈⋈⋈⋈⋈⋈⊣∋⋈⋈≺∋⋈≻∋∋∋∋∋∋∋∋⋈⋈⋈≻∋⋈⋈≻
0x1b5b843c	⊢⋈⋈⋈⋈⋈⋈⋈⋈⋈⋈⊞⊞⋈⊤∈⊤∈⋈⋈⊤∈⋈⋈≺∋⊤∈⊞⊡∈⋈⋈⊤∈⊤∈⋈⊤∈⊞⊞⋈∈⊤∈⊞⋈⊞⊞⊤∈∋⊤∈∋⋈⋈≺∋∋⋈⊞⊤∈⊤∈⋈⋈⋈≻⋈⋈⋈≺⊤∈⊞⋈⋈⊞⋈⋈⋈⋈≺⋈⋈≻⋈⋈⋈≺⊤∈⊤∈⋈≺⊤∈⋈⋈≺∋⊤∈⋈⋈≻⋈∋⊤∈⋈⋈⊤∈⊞⊞⋈⋈≺∋⊤∈∋⋈⋈≻⋈⋈⋈⋈⋈⋈⊞⋈⋈⋈⊞⊤⋈∈⊤∈⋈⋈⊤∈⋈⋈⊞⊥⋈⊤⊥⊞∈⊞∈⋈⋈≻∋⊤∈⋈⊞⋈⋈⋈⋈⋈≻⋈⊤∈∋⋈⋈⋈≺∋⋈⊙≺⋈⋈≺⋈≺∋∋⋈∋⋈⋈⋈⋈⋈⋈≻⊤∈⋈⋈⋈⋈≻∋⋈⋈⋈⋈⋈⊤⋈⋈⊥⋈≻⊞⋈⋈⋈⋈⋈⋈⊣⊡∋∋∋∋∋∋∋∋∋∋⊞⋈⋈⋈⋈⊣
0x1b5cf5c0	⊢⋈⋈⋈⋈⋈⋈⊤∈⊡∈⋈≻∋∋⋈≻⊤∈⊡∈∋⋈⋈⋈⊣⋈⋈⋈⋈⊙
0x1b5d2620	⊢⋈⋈⋈⋈⋈⊞≻⊤∈⊡∈∋⋈⋈⋈⊣⋈⋈⋈⋈⊙
0x1b5aff82	⊢⋈⋈⋈⋈⋈⊞⋈⋈⋈⋈⊤∈⊤∈⊤∈⊤∈∋⋈≺≺⊞⊤⊥⊞⋈⋈⋈⋈⋈⋈≻⋈⊤∈⋈⋈⊤∈⊞≺⊤∈⋈⊞⋈∈⊤∈⊞⋈⊞⊤⋈∈∋⊤∈∋⋈⋈≺∋∋∋⋈⊞⋈⊤∈⊤∈⋈⋈⋈≻⋈⋈⋈≺⊤∈⊞⋈⋈≻⋈⋈≻⋈⋈⋈≺⋈⊤∈⊤∈⋈≺∋∋∋∋∋∋∋∋∋⋈⋈⋈⋈⋈⋈⋈⊞⋈⋈⋈⋈⋈⊣
0x1b5746a0	⊢⋈⋈⋈⋈⋈⋈⋈⊞⋈⋈⋈⊤⋈⋈∈⋈⊞⋈⊞⋈⊞≺∈⋈⊤∈⋈⊤∈⊞⊞⋈⊞∈⋈⊞⋈≺∋⊞⊞⊤⋈⊥⊥⊞⋈≺∋⋈⊤∈∋⋈⊞⋈⊞⋈⊞≺∈⋈⊤∈⋈⊤∈⊞⊞⋈⊞∈⋈⊞⋈≺∋⊞⊞⊤⋈⊥⊥⊞⋈≺∋⋈⊤∈∋⋈⊞⊞⋈∋⊤⊥⊥⋈⊞∈⋈⊞⋈⋈≻⋈⊞∈⊤∈∋∋⋈⋈⋈≻∋∋⋈⋈≻⋈⋈⋈⋈⊙⊤∈⋈⊞⊞⋈⊞≺∈⋈⊤∈⋈⊞⋈⊞⊞⊤∈⋈⊞⊞⊞⊤∈⋈⋈⊤∈⋈⊞⋈⊞⊞∈⋈⊞⋈≺⊞⊤⋈⊥⊥⋈⊞⋈≺∋∋⋈⊤∈∋∋⋈⊞⊞⋈⊞≺∈⋈⊤∈⋈⊞⋈⊞⊞⊤∈∋∋⋈⋈≻⋈⊞⊞⊞⊤∈∋∋⋈⋈⋈≻⋈⋈⊤∈⋈⊞⋈⊞⊞∈⋈⊞⋈≺⊞⊤⋈⊥⊥⋈⊞⋈≺∋∋⋈⊤∈∋∋⊤⊥⋈⊞⊞⊤∈⋈⊞⊞≺⊞⊞⋈⊡∈⋈⊞⊞⊤∈∋⋈⊞⊞⊡∈⋈⊞⊞⊤∈∋⊤⊥⊞⋈⋈⋈⋈∋⋈≺∋⋈⋈⋈⋈⋈⋈⋈⋈⋈⋈⋈⋈⋈⋈⋈⊞⋈⋈⋈⋈⋈⋈⊣
0x1b5e6f30	⊢⊤∈⋈⊤∈⋈⊤∈⊤∈⊤∈⊤∈⊞⊤⋈∈∋∋⊞⊞⊡∈⋈⋈⊞⊞⋈⊤⊥⊤∈⊞⋈⊞⊞⋈⊤∈∋∋⊞⊞⊤∈⊡∈⋈⋈⊞⊞⋈⊤⊥⊤∈∋∋∋⋈⋈⊞∈⋈≺⊞⋈⊞⊞⊤∈∋≺∋∋⋈⊞⋈⊣⋈≺∋∋⋈⋈⊣
0x1b5ef4b0	⊢⋈⋈⋈⋈⋈⋈⋈⋈⋈⋈⊤∈⋈⋈⋈⊤⋈∈⊤∈⋈⊤∈⊡∈⋈⊞∈∋∋∋⋈⊤∈⋈⋈⊞∈⋈⊙⋈⋈⊤∈∋≺∋⋈⊙∋⋈⊞⋈⊤∈⋈≻⋈⊤∈⋈⋈⊤∈⊡∈⋈⊞∈∋∋⋈⊞⊞⋈⋈≺∋⋈⊤∈⋈⋈⊡∈⋈⊤∈⊙⋈≻⊣⊞⋈⊙⋈⊤∈∋⋈⋈≺∋⋈⊤∈⋈⋈⊞⊞⋈⊡∈⋈⋈⊞∈∋≺∋⋈⋈⋈⋈⋈⋈≺∋⊞⋈⋈⋈⋈⋈⋈⊣
0x1b5e1750	⊢⋈⋈⋈⋈⋈⋈⋈⋈⋈⋈⊤∈⋈⋈⋈⊤⋈∈⊤∈⋈⊤∈⊡∈⋈⊞∈∋∋∋⋈⊤∈⋈⋈⊡∈⋈⊙⋈⋈⊤∈∋≺∋⋈⊙∋⋈⊞⋈⊤∈⋈≻⋈⊤∈⋈⋈⊤∈⊡∈⋈⊞∈∋∋⋈⊞⊞⋈⋈≺∋⋈⊤∈⋈⋈⊡∈⋈⊤∈⊙⋈≻⊣⊞⋈⊙⋈⊤∈∋⋈⋈≺∋⋈⊤∈⋈⋈⊞⊞⋈⊡∈⋈⋈⊞∈∋≺∋⋈⋈⋈⋈⋈⋈≺∋⊞⋈⋈⋈⋈⋈⋈⊣
0x1b5bc544	⊢⊞⊤∈⊞⊣⋈⊞⋈⋈⋈⋈⊣
0x1b5ebe50	⊢⋈⊤∈⋈⋈⊞⋈⋈⋈⋈⋈⋈⋈⊞≻⊞⋈⊣⊣
0x1b5e6910	⊢⋈⋈⋈⋈⋈⋈⋈⊞⋈⋈⋈⋈⋈⋈⊞⋈∈⊤∈⊤∈⋈⋈⋈⊙⊤∈⋈⋈≻⋈≺⋈⊙⋈≻⋈⋈⋈⋈⋈⋈⊡∈⋈⋈⋈⊙⊤∈⋈⊙⋈⊞⊞⊤∈⋈⊙∋⋈⋈⋈≺⋈⊤∈∈⋈⊤∈⋈⋈⊙⋈⋈⋈⋈≺⋈⋈⋈⋈⋈≻⋈⋈⋈⊤∈∋⋈⊤⋈∈∋⋈⋈⋈⊞⋈⋈⋈⋈⋈⋈⊣⋈⋈≻⊣⋈⋈⋈⋈⋈≻⋈⋈≺∋⊞⊤∈∋≺∋∋∋⋈⊞⋈⋈⊞⊙
0x1b5e8f70	⊢⋈⋈⋈⋈⋈⋈⊞⋈⋈⋈⋈⋈⋈⋈⋈≻⋈⊞⊤∈⋈⊞⋈⋈⋈⊤∈⋈⊙∋⊤∈⋈⊙∋⋈⊙≺∋⊞⋈⋈⋈⋈⋈⊣
0x1b5e8f60	⊢⋈⋈≻≻
0x1b5ebe40	⊢⋈⋈≻≻
0x1b5c2b50	⊢⋈⋈≻
0x1b5c1e73	⊢⋈⋈⋈⋈⋈⋈⋈⊞⋈⋈⋈⊡∈⋈⋈⋈⋈⋈⋈⋈⋈⋈⋈⋈≻⋈≺⊤∈⊙⊤⋈⋈⊥⊥⋈⋈⋈⋈⋈⋈⋈⋈⋈⋈⋈⋈⋈≻⋈⋈⋈⊡⋈⋈⊤∈⋈⊡∈∋⋈≻≺∋⊤∈⋈⋈⊙⋈⋈⋈⋈⋈⋈⋈⋈⋈⊙≻⋈⊤∈∈⋈⋈⋈⋈≻⋈≺∋∋⋈≻≻∋≻⋈⋈⊙⋈⋈⋈⊤∈∋⋈⋈⊤∈⋈⊞⋈⊤∈⋈⋈⋈⋈⋈⋈⋈⋈⋈⋈≻⊤∈⋈⋈⊤∈⋈⊡∈∋⋈≻≺∋⋈⋈⊙⋈⋈⋈⋈⋈⊤∈⋈⋈⊙⊤⋈∈⋈⋈⋈≻⋈⋈⊤∈⋈⋈⋈≻≺⋈⋈≺∋⋈⋈⋈⊙∋⊡⊞⋈⊞⊞∈⋈⋈≻≺∋⋈⋈⋈⊤∈⊤⋈∈⊤∈⊤∈⋈⋈⋈⊤∈⊤∈∋∋⋈⋈⊤∈⋈⋈⋈⋈≺∋⊤∈⋈≺⋈⋈≺∋⋈⊞⊤∈⋈⋈⋈⋈⋈⋈⊤∈⋈⊙∋⋈⋈⋈⋈⋈⊤∈⊙∋⋈≺∋∋⊙∋⋈⋈⋈≺∋∋∋⊞⊡∈⋈⋈⊤∈⊞⋈⋈⊞⋈⋈⋈≺∋∋∋∋∋⋈⋈⋈⋈⋈⊙⊡⊡⊞⊤∈⋈⋈⊙⊡⊡⊞⊤∈⋈⋈⋈≺⋈⋈⋈≺⋈⋈⋈∋⋈⋈∋⋈⋈⋈⋈⊞⊡∈⋈≻≺∋⋈⋈⊞⊤∈≻⊞⋈≺⋈∋⋈⋈⊤⊥⊤⊥⊞⋈⋈⊥⋈⋈⊞⋈⋈⊤∈⊙⋈⊞⊙≺∋⊞⋈⋈⋈⊞⋈⊡⋈⋈⋈⊡⋈⋈⋈⋈⋈⋈⋈⋈⋈⋈⋈⋈⋈⋈⋈⋈⋈⊡⋈⋈⋈⋈≻⋈⊤∈⋈⊞⊤∈⋈⋈⋈⋈⊤∈⋈⊙∋⊤∈⋈⊙∋⋈⊙≺∋⋈⊤∈⋈⋈⊞⋈≻≺⋈⋈⋈≻⋈⊞⊤∈⋈⊞⋈⋈⋈⊤∈⋈⊙⊤∈⋈⋈⋈≻∋∋⊣⋈⊞⊤∈⋈⋈⋈⋈⋈⋈⊤∈⋈⊙∋⊤∈⋈⊙∋⋈⊙≺∋⋈⋈⋈⋈⋈⋈⋈⋈⋈⋈⋈⋈⋈⋈⋈⋈≻⋈⊞⊤∈⋈⊞⋈⋈⋈⊤∈⋈⊙≺∋∋∋⊤∈⋈⊙∋⋈⊙≺∋∋⋈⋈⋈⊞⊙
0x1b56d597	⊢⋈⋈⋈⊞⋈⊤∈⋈⋈⊤∈⋈⊞⋈⊞⊤∈⋈⊞⊞⋈≺⋈⊞⊞⊞⊤∈⋈⊞⊞⋈⋈⋈⊞⊞⊞⊞⊞⊞≺⋈≺∋∋∋⊤∈⊞⊤∈∋⋈⋈⊙⊤∈⋈⋈≻⋈⋈⋈⋈⋈⋈⊞⋈⋈⋈⋈⊞∈⋈⋈⊤⊥⋈⊞⊤⊥⊞∈⋈⊡⊞⊞⊤∈⊞∋⊞⋈⊡⊞⋈⋈≺∋⊞≺∋⋈⋈⋈⊤∈⋈⋈⊤⊥⋈⊤⊥⊞∈⋈⊡⊞⊞⋈≺⊤∈⋈∋⊞≺⋈⊡⊞⋈⋈≺∋⋈⊞∋⊤⊥⊞⊞⊥⋈⋈≻⋈⋈⊤∈⊤∈⊤∈∋⋈⊞⋈⊞⋈⊞⋈⋈⋈⋈⋈≻∋⋈⋈≻≺∋⊤∈⋈≻∋⋈⋈⋈⋈⋈⋈⋈⋈≻⋈≻⋈⋈⊤⋈∈⋈⊤⊥⋈⊞⊞⊥⊞∈⋈⊡⊞⊞⊤∈∋⊞≺⋈⊡⊞⋈≺∋⊞∋⋈⋈⋈⋈≻⋈⊤∈⊤∈⊤∈∋⋈⊞⊞⋈⋈⋈⋈⋈⋈⋈≻∋⋈⋈≻≺∋⊤∈⋈≻∋⋈⋈⋈⋈⋈⋈⋈⋈≻⋈≻⋈⋈⊤∈⋈⋈⊤⊥⋈⊞⊥⊤∈⋈⊡⊞⊞⊞⋈⋈⋈⋈⊞≺∋⋈⋈⋈≻⋈⊤∈⋈⋈⋈⊞≺⋈⋈⊡⊞⊞⋈⋈≺∋∋⋈⊤∈⋈⋈⋈⋈≻∋⋈⋈⋈⊞⊞⋈⊞⋈⋈⊙⋈⋈⊤∈⊞⊡⊡⋈⋈⊞⊞⋈∋⊤∈⊡∋⋈⊞⊞⊞⊞⋈⋈⊙⊤⋈∈⊞⊡⊡⋈⋈⊞⊞⋈∋⊤∈⊡∋⋈⊞⊞⋈⋈⋈⋈⋈⋈⊣⋈⋈⋈⋈⋈⋈⋈⋈⋈⋈≺⋈≺∋⊞⊞⋈⋈⋈≻⋈⋈⋈⋈⋈⊤∈⋈⋈⋈⋈⋈⋈⋈≻⋈⋈⋈⋈∋⋈⋈≺∋⊞⋈⋈⋈⊣
0x1b56dbbb	⊢⋈⋈⋈⋈⋈⋈⊞⋈⋈⋈⋈⋈≻⋈⋈⊞∈⋈⋈⋈⋈⋈⋈⋈⋈⋈⋈⊤∈⋈⋈⋈⋈⋈⋈≻⋈⊤∈⋈⋈⋈⊙⊤∈⋈⋈≻⋈⋈⋈⊤∈⊞⋈⋈∈⋈⋈⋈⋈⋈⋈⋈⋈⊤∈⋈⋈⋈⋈≺⋈⊞⋈⊞⋈⋈⋈⋈⋈⋈⋈≻⋈⋈⊤⋈⋈⊥⋈⋈⊤⋈⊥⊤∈⋈⋈⋈⋈⋈⋈⋈≻⋈⋈⋈⋈⋈⋈⋈⋈⋈≻⋈≺∋⋈⋈⊤∈⋈⋈⋈⋈≻∋⋈∋⊞⋈⋈⋈⋈⊤∈∋∋⋈⋈⋈⋈⋈≺∋⋈⋈≻⋈⋈⊙⊤∈⋈⋈⋈⋈⋈⋈⋈≺⋈⋈⊙⊤∈⋈⋈⋈⋈⋈⋈∋⋈⋈⋈⋈∋⋈≻⋈⋈⋈⊞⋈⋈⋈⋈⋈≻⊤∈⋈⋈⋈⋈⋈≻∋⋈⋈≻∋⋈⋈≻⋈⋈⋈⋈⋈⋈⋈⊤∈⋈⊞⊤∈⋈⋈≻⋈⋈⊤∈⋈⋈≻⋈⋈⋈⋈⋈⋈⊞⋈⋈⋈⋈⋈≻⊤⋈⊥⋈⋈⋈≻⋈⋈⋈⋈⋈⊤∈⋈⋈⋈⋈⊞⋈⋈⋈⊤∈⋈⋈⊞≻≺∋⋈⋈⋈⋈⋈⋈⋈⋈⋈⋈⋈⋈⋈≻⊤⊥⊤⋈⋈⊥∈⊤∈⊞∈⋈⋈≻∋⋈⋈⋈≻⊤∈∋⋈⋈⋈⋈⊙⋈⋈⋈⋈⋈⊤∈⋈⋈⋈⋈⋈⋈⊞⊞⋈⋈⋈⋈⋈∈⋈⋈⋈≻⊤⊥⋈⋈⋈≻⋈⋈⋈⋈⋈⊤∈⋈⋈⋈⋈⋈≺∋⋈≺⊞⋈⋈⋈⋈⋈⋈≻⊤⊥⊤∈⋈⋈⋈≻⋈≺⋈⋈⋈⊤∈⊞⋈⊞⊞⋈⊤⋈⋈⊥⋈⋈⋈⊤⋈⋈⊥⋈⊥⋈⋈⋈⊞⊥⊞⋈⊤⊥⋈⊞⋈⋈⋈⋈⊞⋈∈⋈⋈⋈≻⊤∈⋈⋈⋈⋈≻⊤∈⋈⋈⋈⋈≺⋈⋈⋈⋈≻⊤⊥⋈⋈⋈⋈⋈≻⋈⋈⋈⊤∈⋈⋈⋈⋈⋈⋈≺⋈⋈⋈⋈≻⋈⋈⋈⋈⋈⊤∈⋈⋈⋈⋈⋈≺⋈⋈⋈⋈≺⋈⋈⋈⋈≻⊤⊥⋈⋈≻⋈⋈⋈⋈⋈⊤∈⋈⋈⋈⋈⋈⋈⋈⊤⋈⊥⊤⋈∈⊤⋈⋈⊥⊤⊥⋈⋈∈⊤∈⊞⊤∈⋈⊤⋈∈∋∋∈∋⊤∈⊤∈⋈⋈⋈⋈≻⋈⋈⋈⋈⋈≻≺⊤∈≺⋈⋈⋈⋈∋≻⋈≺∋∋∋⋈⋈⋈⋈≻⋈⋈⋈≻⊤⊥⋈⋈⋈≻⋈⋈⋈⊤∈⋈⋈⋈⋈⋈⋈⋈⋈⋈≻⋈⋈⊤⋈∈⋈⋈⋈≻≺⋈⊤⋈∈⋈⊤∈⋈≺⊤∈⊤∈⊞⋈⊤⋈∈⋈⋈⋈≻⊤∈⋈⋈⋈≺∋⋈≻∋⋈⋈⋈⋈⋈⋈≺∋⋈⋈⋈⋈⊙⋈⋈⋈⋈⋈≺⋈⋈⋈⋈⋈⋈⋈≺∋⋈∋⋈∋⋈⋈⋈≻⋈⋈⋈⋈⋈⋈⊤∈⋈⋈⋈⋈⋈⋈⋈⋈⊤∈⋈⋈⋈≻⋈∋⋈⊤⋈∈⋈⋈⋈≻∋⋈⋈⋈⋈≻⋈⋈⋈⋈≻≺⋈⋈⋈⋈⋈⋈⋈⋈∋⊤∈⋈≻⋈∋⊞⊞⋈⋈⋈⋈⋈⋈⋈⋈⋈⋈⋈⋈⋈⋈⋈⋈⋈⋈⋈⋈⋈⋈⋈⋈⊞⋈⋈⊤⋈∈∋⋈⋈⋈⋈≻⊤⊥⋈⋈≻⋈⋈⋈⋈⋈⋈⊤∈⋈⋈⋈⋈≺∋⋈⋈≺∋∋∋∋⋈∋∋∋⋈⊤∈⋈∈⋈≻⊞⊞∈∋∋∋⋈⋈⋈⋈≻⋈⋈⋈⋈≻∋⋈⋈⊤∈⋈⋈⊞⊞⊤∈⋈⊞⊙∋∋⋈⋈⋈≻⋈⋈⋈⋈≻⋈⊤∈⋈⋈⋈⋈⋈⋈⋈⋈⋈⋈⋈⊤⋈∈⋈≻∋⊞⋈⋈⊞⋈⋈⋈⋈⋈⋈⊞⋈⋈⋈⋈⋈≻⋈⊤⋈⋈⋈⋈⋈⋈∈∋⋈⋈⋈⋈⋈⋈⋈⊤⋈∈⋈⋈⊞⊞⊤∈⊞⊙⋈≺∋∋∋⋈⊤∈∋⋈⋈⋈≻≺≺∋⋈⋈⋈⋈⋈≺∋∋∋⊞⋈⋈⋈⋈⋈⋈⊣⋈⊞≺∋⋈⋈⋈⊙⋈⋈⋈⋈⋈⋈⋈⋈⊣⋈⋈⋈⋈⋈⋈⋈≺⋈⋈⋈⋈⋈⋈⊞⋈⋈⋈⊤∈⋈⊤∈⊞⋈⊞≺∈⊞⊤∈⋈⊞⊞⋈⊞∈⊤⊥⊞⋈⊞⋈⊞⊞⊞⊞⋈⋈⊞⊞⋈⊞⊞⋈⊞⊞⊞≺⋈⊞⊞⊞≺∋∋⋈⊤∈∋⊤⊥⊤∈⊞∈≻⊞⋈⊞≺∋∋⊤∈⋈⋈≻⊤∈⋈⋈≻∋∋⋈⊞∋⋈⋈⋈⋈⋈⋈⋈≻⊤∈∋⋈⋈⋈⋈⋈≻⋈⋈⋈⋈⊞⋈⋈⋈⋈⋈⊣⋈⋈⋈⋈⋈⋈⋈≺∋⊞⋈⋈⋈⋈⋈⋈⊣
0x1b58b87b	⊢⋈⋈⋈⋈⋈⋈⊞⋈⋈⋈⋈⊞⋈⋈⋈⋈⋈⋈⋈⋈⋈⋈⋈⋈⋈⋈⋈⋈⋈⋈⋈⋈⋈⋈⋈⋈⋈⋈⋈⋈⋈⋈⋈⋈⋈⋈⋈∈⊤∈⋈⊤∈⊤∈∋⋈⋈⋈⋈⋈⋈⋈⋈≻⋈⋈⋈⋈⋈⊤∈⋈⋈⋈≻∋⋈⋈⋈⋈≻⋈⋈≻⋈⋈⋈⋈⋈⋈≻⋈⋈≻⋈⋈⋈⋈⋈⋈⊤⋈⋈⋈∈⊤⋈∈⋈⋈⋈⊤⋈∈⋈⊤⊥⋈⊤⊥⊞∈⊞⊤∈⋈⋈⋈⋈⋈⋈⋈≻⊤∈⋈≺∋⋈⋈⋈⋈⊙⋈⋈⋈⋈⋈⋈⋈⋈≺⋈⋈⋈≺⋈⋈⋈⋈⋈≺∋∋⋈∋⊤⋈∈⊤∈⋈≺⊤∈⋈⊤⊥⋈⊤⊥⊞∈⋈⋈⋈⋈⊤∈⋈⊞⋈⋈⋈⋈⋈≻⊤∈⋈≺⋈≺∋⋈⋈⋈⋈⊙⋈⋈⋈⋈⋈⋈⋈⋈⋈≺⋈⋈≺∋∋∋⋈⋈⊤∈⋈⋈⋈⋈⋈⋈≻⋈⋈⋈⋈⋈⋈⋈⋈⋈∋⋈⋈⊞⋈⋈⋈⋈⋈⋈⋈⊞⋈⋈⋈⋈⊤∈⋈⋈⋈≻∋⋈⋈⋈⋈⋈⋈⋈⋈⋈⋈⊤⋈∈⋈⋈⋈≻∋⋈⋈⋈⋈⋈⋈⋈⋈⋈⊤∈⋈⊤⋈∈⋈⊞⋈⊤⋈⋈∈∋⋈⊤⊥≺≺∋⋈⊞∋⋈⊞∈⊤∈∋⋈⋈⋈⋈⋈⋈⋈⋈≻⋈⋈⋈⋈⋈⊤∈⋈⋈⋈≻∋⋈⋈≺⊤∈⋈⋈⋈≻∋⋈≺∋⋈≻∋⊞∋⋈⋈≻⋈⊤∈⋈⊤∈⋈⊞⋈⊤⋈∈∋⊞∈⋈⋈⊞⋈⊞∈∋≺≺∋⊞∋⊞⊤⊥⋈⋈∋⋈⋈⋈⋈⊤∈⋈⋈⋈≻∋⋈⋈⋈⋈⋈⋈⋈⋈⋈⊤∈⋈⋈⋈≻∋⋈≺∋≺∋∋⋈⋈⋈⋈⋈⋈⊤∈⋈⋈⋈≻∋⋈⊤⋈∈⋈⋈⋈≻∋⊤∈⋈⋈⋈⋈≻∋⋈⊤∈⋈⋈⋈≻∋⋈⊤∈⋈⋈⋈≻∋⋈⊤∈⋈⋈⋈≻∋⊞⋈⋈⋈⋈⋈⋈⊣
0x1b58a60d	⊢⋈⋈⋈⋈⋈⋈⊞⋈⋈⋈⋈⋈⋈≻⋈⊞⊤∈⊤∈⊤∈∋⋈⋈⋈⋈⋈⊞⋈≻∋⋈⋈≻≺∋⊤∈⋈≻∋⋈⋈⋈⋈⋈⋈⋈⋈⋈≻⊤∈⋈⋈⋈⋈⋈⋈⋈⋈⋈⋈⋈⋈⋈≻⋈⋈⋈⋈⋈⋈⋈⋈⋈⋈≻⋈⋈⋈⋈⋈⋈⋈⋈⋈⋈⋈⋈⋈⋈≻⋈⋈⋈⋈≻⋈⋈⋈⋈⋈⋈⋈⋈⋈⋈⊤∈⋈⋈⋈≻∋⋈⊤∈⋈⋈⋈≻∋⋈⊞⊤⋈⋈⊥⋈⋈⋈⋈⋈⋈⋈⋈⋈⋈⋈⋈⋈⋈⋈⋈⋈≻⋈⋈⋈⋈⋈⋈⋈⋈⋈⋈≻⋈⋈⋈⋈⋈⋈⋈⋈⋈⋈⋈⋈≻⋈⋈⋈≻⊤∈⋈⊞⋈∋⋈⋈⋈⋈⋈⋈⋈⋈⋈⋈⋈⋈⋈⋈⊤∈⋈⋈⋈≻∋⋈⊤∈⋈⋈⋈≻≺∋∋⋈⊤∈⋈⋈⋈≻∋⊞⋈⋈⋈⋈⋈⋈⊣
0x1b58abdd	⊢⋈⋈⋈⋈⋈⋈⊞⋈⋈⋈⋈⋈⋈⋈⋈⋈⋈⋈⋈⋈≻⊞⊤∈⋈⊤∈≺⋈⊤∈∋⋈∋∋⋈⋈⋈⋈⋈⋈⋈⋈⋈⋈⋈⋈⋈⋈⋈⋈⋈≻⋈⋈⋈⋈⋈⋈⋈⋈⋈⋈⋈⋈⋈≻⋈⋈⋈⋈≻⋈⊤∈⋈⋈⋈≻∋⋈⋈⊞⊤∈⋈⋈⋈∈⋈⋈⋈⋈⋈⋈⋈⋈⋈⋈⋈⋈⋈⋈⋈⋈⋈⋈⋈≻⋈⋈⋈⋈⋈⋈⋈⋈⋈⋈⋈⋈⋈≻⋈⋈⋈≻⋈⋈⋈⋈⋈⋈⋈⋈⋈⋈⋈⊤∈⋈⋈⋈⋈≻⋈∋⊤⋈∈⋈⊤∈⋈⋈⋈≻⊤∈⋈⋈⋈⋈⋈⋈⋈⋈⋈⋈⋈⋈⋈⋈⋈⋈⋈⋈⋈⋈≻⋈⋈⋈⋈⋈⋈⋈⋈⋈⋈⋈⋈⋈⋈⋈⋈⋈⋈⋈⋈≻≺∋⋈⋈⋈⋈⋈⋈⋈⋈⊤∈⋈⋈⋈⋈≻∋⋈⋈⋈⋈⋈⋈⋈⋈⋈⋈⋈⋈≻⋈⋈⋈⋈⋈⋈⋈⋈⋈⋈⋈⋈⋈≻⋈⋈⋈≻⊤∈⋈⊞⋈∋⋈⋈⋈⋈⋈⋈⋈⋈⋈⋈⋈⋈⋈⋈⊤∈⋈⋈⋈≻∋⋈⊤⋈∈⋈⋈⋈≻∋⋈⋈⋈⋈⊞⊞⊤∈∋≺⋈⋈≺∋∋∋⋈⋈⋈⋈⋈⋈⋈⋈⊤∈⋈⋈⋈≻∋⋈⊤∈⋈⋈⋈≻∋⊞⋈⋈⋈⋈⋈⋈⊣
0x1b58b375	⊢⋈⋈⋈⋈⋈⋈⊞⋈⋈⋈⋈⋈⋈⋈⋈∈⋈⊤∈⋈⋈⊤∈⋈⋈⋈⋈⋈⋈⋈⋈≻≺⋈⊤∈⋈⋈⋈≻⊤∈⋈⋈⋈⋈⊙⋈⋈⊤∈⋈⊤∈⋈⋈⊞⋈≺⋈⊤∈⋈⋈≺∋⋈⊞≺⋈⋈⋈≺⋈⋈⋈⊤∈⋈⋈⋈⋈⋈∋⊞⋈⋈⋈⋈⋈⋈⊣⋈⋈⋈⋈⋈≺∋⋈∋∋⋈⊤⊥∋⋈⊞⋈⋈∈⊤∈∋⋈⋈⋈⋈⋈⋈⋈⋈≻⋈⋈⋈⋈⋈⊤∈⋈⋈⋈≻⋈∋⋈≺⊤∈⋈⋈⋈≻∋⋈⋈≻⋈⋈⋈⋈⋈⋈⋈⋈⋈⊞∈⋈⋈≺∋⊤∈⋈⋈≺⊤∈⋈⊞⊞⋈⋈≺∋∋⋈⊞∈⋈⋈≻⋈⋈∋⊤∈⋈⋈≺⊤∈⋈⊞⋈⋈≺∋∋⊤∈⋈⋈⋈≻⊤∈⊞⊞∈⋈⊞⊡⋈⊥⊤∈∋⊤∈⊞⊞∈⊤∈⋈⋈⊤∈⋈⊤∈⋈≻∋⋈⋈⊞⋈≺⊤∈⋈⋈⋈⋈⊙⊤∈∋⋈⋈≻⋈⋈⋈⊞⋈⋈⋈⋈⋈⋈⋈⋈⋈⋈⋈⋈≻⋈⋈⋈⋈⋈⊞⊤∈⋈⋈⋈≻∋⊞⋈⋈⋈⊣⋈⋈⋈⋈⋈⋈≺⊞⊡⋈⊥∈∋≺∋∋∋∋∋⊞⋈⋈⋈⋈⊣⊤∈⋈⊤∈⋈⊞⋈⊤⋈∈∋⊞∈⋈⋈⊞⋈⊞∈∋≺≺∋⊞∋⊞⊤⊥⋈∋⊤∈⋈⋈⋈≻⋈∋⋈⋈⋈⋈⊤∈⋈⋈⋈≻⋈∋⋈⋈⋈⋈⋈≺∋
0x1b58c128	⊢⋈⋈⋈⋈⋈⋈⊞⋈⋈⋈⋈⋈⋈⋈⋈⊞⋈∈⋈⋈⊤∈⊞⋈⋈⊞⋈⋈⋈⊤∈⋈⊞⊞≺⋈⋈⋈≺∋⋈⊤⊥≺∋∋⋈⋈⊞⋈∈⊤∈∋⋈⋈⋈⋈⋈⋈⋈⋈⋈⋈≻⋈⋈⋈⋈⋈⋈⊤∈⋈⋈⋈≻⋈∋⋈⊤⋈∈⋈⋈⋈≻⋈⊤∈⋈⊞⊞⊞⊤⊥⋈⋈⋈≺∋∋⋈⋈⋈⋈⊤∈⋈⊤∈⊞⋈⊤∈∋⋈⊞⋈⋈≺∋⋈⊤⊥≺∋⋈⊞⋈∈⊤∈∋⋈⋈⋈⋈⋈⋈⋈⋈⋈⋈≻⋈⋈⋈⋈⋈⊤∈⋈⋈⋈≻⋈∋⋈≺⊤∈⋈⊤∈⋈⊤∈⋈⊞⊤∈∋⊞⋈⋈≺∋⊞∈⋈⋈⊞⋈⊞∈∋≺∋⊞⊤⊥⋈∋⊤∈⋈⋈⋈≻⋈∋⋈⋈⋈⋈⋈⋈⋈⋈⋈∈⋈⋈⊤∈⊤∈⋈⋈⋈⋈⋈⋈⋈⋈⋈≻⋈⋈⊤∈⋈⋈⋈⋈⋈≺∋⊤∈⋈⋈⋈⋈≻∋⊞⋈⋈⋈⋈⋈⋈⊣≺∋⋈⋈⋈⋈⋈⋈≻⋈⋈⋈⋈⊤∈⋈∋⊤⋈∈⊞⊤⋈⋈⊥⊤⊥⊤⊥≺∋⊤∈⋈⋈≻⋈∋⊤∈⋈⋈⋈≻⋈⊤∈⋈⋈⊤∈⋈⋈⊤∈∋⋈⊤⊥∋⋈⊞≺∋⋈⊞∈⊤∈∋⋈⋈⋈⋈⋈⋈⋈⋈⋈≻⋈⋈⋈⋈⋈⊤∈⋈⋈⋈≻⋈∋⋈≺⊤∈⋈⊤∈⋈⊤∈⋈⊞⋈⊤⋈∈∋⊞∈⋈⋈⊞⋈⊞∈∋≺≺∋⊞∋⊞⊤⊥⋈∋⊤∈⋈⋈⋈≻⋈∋⋈⊤∈⋈⋈⋈≻⋈∋⋈⋈⋈⋈⋈∋⋈⋈⋈⋈⋈⊤∈⊤∈⊤∈∋⋈⋈⋈⋈⋈⊞⋈≻∋⋈⋈⋈≺∋⋈⋈⋈⋈⋈⋈⋈⋈⋈≻⋈⊤∈⋈⋈⊤∈⋈⋈⊤∈∋⋈⊤⊥∋⋈⊞≺∋⋈⊞∈⊤∈∋⋈⋈⋈⋈⋈⋈⋈⋈⋈≻⋈⋈⋈⋈⋈⊤∈⋈⋈⋈≻⋈∋⋈≺⊤∈∋∋∋⋈⋈⋈≻⋈⊞⊤∈⋈⋈≺⊤∈⋈⊞⊞⋈⋈≺∋∋⊤∈⋈⋈≺⊤∈⋈⊞⊞⋈⋈≺∋∋⊤⊥∈⊞∈⊤∈⊞⊤⊥∋⊣⋈⊤⋈∈∋⊥⊣⋈⊤∈⋈⊤∈⋈⊞⋈⊤⋈∈∋⊞∈⋈⋈⊞⋈⊞∈∋≺≺∋⊞∋⊞⊤⊥⋈∋⊤∈⋈⋈⋈≻⋈∋⋈⊤∈⋈⋈⋈≻⋈∋⋈⋈≺∋
0x1b58db54	⊢⋈⋈⋈⋈⋈⊞⋈⋈⋈⊞⋈⋈⋈⋈⋈⋈⋈⋈⊞≻⋈⋈⋈⋈⋈⊤∈⋈⊞≻⊞⋈∈⊤∈∋⋈⋈⋈⊞⋈⊤∈⋈⋈⋈⋈⋈⋈≻⋈⋈≺∋⋈⋈⋈⋈⋈⋈⊞⊤∈⋈⋈⋈⋈⋈≻⋈⋈⋈≺∋⋈⋈⋈⋈⊞⊤∈⋈⋈⋈⋈⋈≻⋈⋈≺∋⋈⋈⊞⋈⋈⋈⋈⊞⋈⋈⋈⋈⋈⊣⋈⋈≻⊞≺∋
0x1b58ce80	⊢⋈⋈⋈⋈⋈⋈⊞⋈⋈⋈⋈⋈⋈⋈⋈⋈≻⋈⋈⊞⋈∈⋈⋈⊞⋈⋈⋈⊤∈⋈≻∋⊞⋈⋈⋈⋈≻⋈⋈⋈⊤∈⋈⋈⊞⋈⋈⋈⊤∈⋈≻∋⊞⋈⋈⋈⋈≻⋈⋈⋈⊤∈⋈⋈⊞⋈⋈⊤∈⋈≻∋⊞⋈⋈⋈⋈⋈⋈≻⋈⊤∈⋈⊞⋈⋈⋈⊙⋈⊤⊥≺∋⋈⋈⋈⋈⋈⋈⋈⋈⋈⋈⋈⋈⋈⋈⋈⋈⋈⋈⋈≺⋈⋈⋈⋈≻⋈⋈≺∋⋈⋈⊞⋈⋈⋈⋈⋈⋈≺⋈⋈∋⊞⋈⋈⋈⋈⋈⋈⊣
0x1b58d0de	⊢⋈⋈⋈⋈⋈⋈⊞⋈⋈⊤∈⋈≺⊞⋈⋈≻⋈⋈⋈⊞⊤∈⋈⊤∈⋈⊞≺⋈⊞⋈∈⋈⊤∈⋈⊤∈⊤∈⊤∈⋈⊤∈⊞∈∋∋⋈⋈⋈≻≺∋∋∋⊞⊤∈∋≺⋈⊤∈∋⋈∋∋⋈⋈⊞⋈⋈⋈⋈⋈⋈⊣⋈⊞⊤∈⋈⊤∈⊤∈⊤∈⊤∈⋈⋈⊞⋈⋈⊤∈⊞⋈⋈≻⋈⋈⊞⊞⋈⊞⋈∈⋈⊤∈⋈≺⊤∈⊤∈⋈⋈≺⊤∈⋈⊤∈⋈≺⊤∈⊤∈⋈⊞⋈∋∋∋⋈≻⊤∈⋈⋈⊤∈⊤∈∋∋∋∋⋈⋈≻≺⊞∋⋈⊤∈⋈⋈⋈⋈≻⋈⋈⋈⋈⋈∋⊞⋈⋈⊞⋈⊞⊤∈∋⋈⋈≻⋈⋈⋈⋈⋈⊤⊥⊞⊥⊞∈⊤∈⊞⋈∈⋈⊞∈⋈⊞⊤∈⊤∈∋∋∋∋⋈∋⋈⋈⋈⋈⋈⋈⊤∈⋈⋈⋈⋈⋈⋈⋈⋈≺∋∋⊤∈⋈≺∋∋∋∋∋⊤∈⊤∈⊤∈⊤∈⋈⊞⊤⊥⊤∈⊞⋈⋈⊞⊤⊥⊤∈⋈⊤∈⋈⊤∈⋈⊤∈⊤∈⊞⊤∈⊞⊤⊥⊞⊤⊥⋈⊞⋈⋈≻⊤⋈⊥⊤⋈⊥⋈⊤∈∋∋∋∋∋∋∋∋∋∋∋∋∋⋈⋈⋈⋈⋈⋈⋈⊤∈⋈⋈⋈⊙⊤∈⋈⋈⋈≻⋈⋈⋈⊤∈∋∋⋈⋈≺∋⋈⋈⋈⋈⋈⋈⋈⋈≺∋∋⋈⋈⋈⋈⊞⋈⋈⋈⋈⋈⋈≺
0x1b58dcfb	⊢⋈⋈⋈⋈⋈⋈⋈⋈⊞⋈⊤∈⋈⋈⋈⋈⋈≻⋈⋈≺∋⋈⋈⋈⋈⋈⋈⊞⊤∈⋈⋈⋈⋈≻⋈⋈⋈≺∋⋈⋈⋈⋈⊞⊤∈⋈⋈⋈⋈≻⋈⋈≺∋⋈⋈⋈⋈⋈⋈⊞⊤∈⋈⋈⋈⋈≻⋈⋈≺∋⋈⊞⋈⋈⋈⋈⊞⊤∈⋈⋈⋈⋈≻⋈⋈≺∋⋈⋈⊞⋈⋈⋈⋈⊣
0x1b57a278	⊢⋈⋈⋈⋈⋈⋈⊞⊤∈⋈⋈⋈≺⋈⋈⋈⊞⋈⋈≻⊤∈⋈⋈≻⋈⋈⋈⋈⋈⋈⊞⋈⋈⋈⋈⊤∈⋈⊞⊤⊥∈⋈⋈⊞⋈⋈⊞⊤∈⋈⊞⋈⋈⋈≺∋⊞⋈⊞⊤⋈⊥⊤∈⋈⋈⊞⋈⋈⋈⋈≻⊤∈⋈⋈⋈⋈⋈⋈∈⊞⊤⊥∈⋈⊞∈⋈⋈∈⋈⊞⋈⋈⋈≻⊤∈≺∋⋈⋈⋈⋈⋈⋈⊞⋈∈⋈⋈⊞∈⊤∈⋈≻⋈∋⊞⋈⊥⊞⋈⊤∈∋⋈⊞⋈⊤∈∋⋈⋈≺⊞∋⋈⋈≻⋈⋈⋈⊤∈⋈⊞⊞⊞⋈⋈⋈⋈≻⋈≺∋⋈⊞⋈⋈≺∋⊞∋⋈⋈≻∋∋⊞⋈⋈⋈⋈⋈⊞∋⋈⋈⋈⋈≻⊤∈⋈⊞⊤∈⊞∈⊤∈∋⊞⋈⋈⊞∈⋈⊞⋈⊤∈∋∋⊞≺∋⋈∋∋⋈⋈⋈⋈⊞⋈⋈⋈⋈⋈⋈⊣⋈⋈⋈⋈⋈⊞⋈∈⋈⋈⋈⋈⋈≻⊞⊤∈∋⋈⊤∈⋈⋈⋈⋈⋈⋈⋈⋈≻≺∋⋈⋈≻∋⊞⋈⋈⋈⋈⋈⋈⊣
0x1b578fe7	⊢⋈⋈⋈⋈⋈⋈⊞⋈⋈⋈⋈⊤∈⊤∈⊤∈∋⋈⋈≻⋈⋈⋈⋈⋈⋈≻⋈⋈⋈⊞⊥⊤⊥⊞∈⋈⋈⊤⋈∈⋈⋈⋈⋈⋈≻⋈⋈⊤∈∋⋈⋈⋈⋈⊙⊤∈⋈⋈⋈⊞⊤⋈∈⋈⋈⊞∈⊤∈∋⋈≺⋈⊤∈⋈⊤⋈∈∋≺∋∋∋⋈⋈⊤⊥⊤⊥⊞∈∋⊞≺∋∈⋈∈∈⋈≻∋⋈⊤∈⋈⋈⋈⋈⋈≻⋈⋈⊤∈∋≺∋⋈⋈⋈⊙⊤⋈∈⋈⋈⋈⊞⊤⋈∈⋈≺∋⋈⋈⋈⊞⋈∈⊤∈⋈≺⋈⊤∈⋈⊤⋈∈∋≺∋∋∋⊤∈⊤∈⋈⋈⊡⊞⋈⋈≻⋈⋈⋈⋈⋈⋈≻⋈⊤∈⊤∈⋈≻∋⋈⋈⊞⋈⋈∋⋈⋈⊞⋈⊞⋈≻⋈⊤∈⋈⋈⊤∈⊤∈⋈⋈⋈⋈⊞⋈⋈⋈⋈⋈⋈⋈⊞⊞⋈⋈⊞⊞⋈⋈⋈∈⋈⊞⊤∈⋈⋈≺⋈⊤∈⋈≺⋈⊤∈⋈⊤∈⋈⋈⋈⋈⋈⋈⋈⋈⊞⊙⋈⋈⋈⋈⋈⊞⊞⊞⋈⊞⋈⊞⊞⊞⊤⊥⊥⊞⋈⊞⊞⋈⊤⋈∈∈⋈⊞⋈⊞⊞⊤⋈⊞∈⊞⊞⊞⊞∈∋∋∋⋈⊞⊞⊞⊞⊞⋈∈⋈⊤∈⋈⋈⊞⋈⊞⊞⊞⋈⊞⋈⊞⊥⊞⋈⋈⊥⊞⋈⊞⋈⊤∈∋⋈⋈⋈⋈⊞⊞⊥⋈⊤∈⊤∈∋⊞⊞⋈∈⋈⊤∈⋈⋈⊞⊥⊞⋈⋈⊥⊞⋈⊞⊤∈∋⊡⊤∈⋈⊞⊤⋈∈∋⋈⋈⊞⊞⊤∈∋∋⊤∈⋈⊞⋈⋈≻∋⋈≺⋈⊤∈⋈⋈⋈⋈≻⊤∈⋈⋈⋈⋈⊙⋈⊤⋈∈⋈≺⋈⋈∈⊤∈⋈⊤∈⋈⊞⋈⊤∈∋∋⋈≺⋈⋈⋈⋈≻⊤∈⋈⋈⋈⋈⋈⋈⊞⊞⊞⋈⊞⋈∈⋈⋈⋈⊞⊤∈⊞⋈⋈⊞≺∋⊤∈⋈≻⋈∋⊞⋈⋈⋈⋈⊤∈∋⊞⋈⊞⊞⋈∈⋈⋈⋈⊞⋈∈⊤∈⊞∈⋈⊞⊤∈∋∋∋⊞≺∋⋈⋈∋∋∋⋈⋈⋈⊤⊥⋈⊞⊥⊞∈⋈⊞∈⊤∈⋈⊤∈⋈⊤⋈∈∋≺∋⋈∋∋⋈⋈⋈⋈⋈⋈⋈≻⋈⋈⋈⋈≻⋈⋈⋈⋈⋈≺⋈≺∋⋈⋈≻∋⋈⋈≻∋⋈≻∋∋⋈≺∋⋈⋈⊞⋈⋈≺⊤∈⊞⋈≺∋⋈⊤⊥⊤⊥⊞∈⊤∈⋈⊞⋈⋈⋈≻⋈⊤∈≺∋⋈⋈⋈⊤∈⋈⋈⋈⊞⊞⊞≺⋈⋈⊞≻⊤∈⋈≻⋈⋈⋈⋈⋈⋈⊞⋈⋈⊞⋈⋈⋈⋈⋈⋈⋈⋈⊞≻⋈⋈⋈⋈⋈⊤∈⊤∈⊤∈∋⋈⋈⋈≻⋈⊤∈⋈⋈⋈⋈⋈⊞⋈∈⋈⋈⊞⊞⊤∈⋈⋈⋈⋈≻⋈⋈⋈≺∋⋈⋈⋈⋈⋈⋈⊞⊤∈⋈⋈⋈⋈≻⋈⋈⋈≺∋⋈⋈⋈⋈⋈⋈⊞⊤∈⋈⋈⋈⋈≻⋈⋈⋈⋈≺∋⋈⋈⋈⋈⋈⊞⊞∈⋈⋈⋈⋈≻⋈⋈⋈≺∋⊞⋈⋈⋈⋈⋈⊞⊤∈⋈⋈⋈⋈≻⋈⋈≺∋⋈⋈⋈⋈⊞⊞⊞⊤∈∋≺⊞⋈≺∋⋈⊞⋈⊤∈∋⋈⋈⋈⊤∈⋈⋈⋈⋈⋈⋈≻⋈⋈⋈≺∋⋈⋈⋈⊞⋈⊤∈⋈⋈⋈⋈⋈⋈≻⋈⋈≺∋⋈⋈⋈⋈⋈⋈⊤∈⋈⋈⋈⋈⋈⋈≻⋈⋈≺∋⋈⋈⋈⋈≺∈⊞⋈⋈⋈⋈≻⋈⊤∈∈⋈⋈⋈⋈≻∋⋈⋈⋈⋈⋈⋈≻⋈⋈≺∋⋈⋈⋈⋈⋈⋈⊞⊤∈⋈⋈⋈⋈⋈≻⋈⋈≺∋⋈⋈⋈⋈⋈⋈⊞⊤∈⋈⋈⋈⋈⋈≻⋈⋈⋈≺∋⋈⋈⊞⋈⋈≻∋⋈⊞⋈⋈⊞⋈⋈⊞⋈⋈⋈≻⊤∈⊞⋈⋈⋈⊤∈⊞⋈⋈⊞⊞⊞∈⊤⋈⊥⊤∈⋈⋈⋈≻∋⋈⋈≻⊤∈⋈⊞⊤∈⋈⋈∈⊤∈⋈≻⋈∋⋈⊞⋈⊤∈∋⋈⋈∋⋈⋈⊞⊡∋⋈⋈⊞⊞⊤∈∋⋈⋈⋈⋈⊤⊥⊤⊥⊞⋈⋈∈⋈⊞∈⊤∈⊞∈⋈⊞⊤∈∋∋∋⊞≺∋∋⋈⋈⋈⋈⊞⋈⋈⋈≺∋⋈⋈⋈⋈≻⋈⋈⊞⋈⋈⋈⋈⋈⋈≺⋈⋈⊞⊞⋈⋈∈⊤∈⋈⋈⋈⋈⋈⊞⊙⋈⋈⊞⋈⊞⊞∈∋⋈⊤⊥⋈⊞⊥⊞∈⋈⊞∈⊤∈⋈⊤∈⋈⊤⋈∈∋≺∋⋈∋∋⋈⊤⋈∈⋈⊞⊞⋈⊙⊤∈∈⋈⋈≻∋⋈⋈⋈≻∋⋈≻∋⋈≺∋∋∋∋⋈≻∋⋈⋈⋈⋈≺∋∋⋈≺∋⋈⋈⋈⋈≻⋈⋈⋈∋⋈⋈⋈≻⋈⋈⋈⋈≻⋈⋈⋈⋈≻⋈⋈⋈⋈⋈≻⋈⋈⋈⋈≻⋈⋈⋈⋈⋈⋈⋈⋈⋈⋈⋈⋈⋈⋈⋈⋈⋈⋈⋈⋈⋈⋈≻⋈⋈⋈⋈⊞⋈⋈⋈⋈⋈⋈≺⊞∋⋈≺∋∋⊞⋈⊞⋈⋈⋈⋈⋈⋈⊣
0x1b57a617	⊢⋈⋈⋈⋈⋈⋈⊞⋈⋈⋈⊤∈⋈⊤∈⋈⋈⋈⋈⋈⋈⋈≻⊤∈⋈⋈⋈⋈⊞⋈⋈⊞⊞⊞⊞⊞⋈⋈∈⋈⋈⋈⋈⊞⊤∈⋈≻⋈⋈⋈∋⊞⋈⋈⊞⋈⋈⋈⊞∈∋⊤∈⊤∈⋈≻∋⋈⋈⊞⋈∋⋈⋈⋈⋈⋈⊞∋⋈⋈≻∋⋈⋈⋈≻⊤∈⋈⋈≻⋈⋈⋈⋈⋈⋈⊞⋈⋈⋈⊞⊤⋈∈⊤∈⋈⋈⊤∈⋈⋈⊞⊥⋈⊤⊥⊞∈⊞⋈⋈≺⋈≺∋∋⋈⋈⋈⋈⋈⋈⋈∈⋈⊤∈⊤∈⋈⊤∈⋈⋈⊞⊥⋈⊤⊥⊞∈⋈⊤∈⋈⊞⋈⋈⋈⋈⋈≻⋈⊤∈⋈⋈⋈≺∋⋈⋈⊙⋈⊞⋈⊞∋⋈⋈≻∋⊤∈⋈⊞⋈⋈⋈≻⊤∈∋⋈⋈⋈≺∋⋈⋈⋈⊙⋈⋈⋈⋈⋈⋈⋈≻⊤∈⋈⋈⋈⋈⊙⋈⋈⋈≺∋⋈⋈⋈⊞≺⋈⋈⊞⋈⊞⊞≺∋∋∈⋈⋈⋈⋈⋈⋈⋈⋈⋈⋈⋈⋈⋈⋈⋈⋈⊤⋈∈⋈⋈⋈⋈∈⋈⋈⋈⋈⋈⋈⋈⋈⋈≻⋈⋈⋈⋈⋈⋈⋈⋈⋈⋈⋈⋈⋈≻⋈⋈⋈≻⊤∈⋈⊞⋈∋⋈⋈⋈⋈⋈⋈⋈⋈⋈⋈⋈⋈⋈⊤∈⋈⋈⋈≻∋⋈⊤∈⋈⊤∈⋈⊤∈⊤∈⊤∈∋⊞⋈≺∋∋∋⋈⋈⋈≻⋈⋈⋈≻⋈⋈⋈≻⋈⊤∈⋈⊤∈⊤∈⊤∈∋⊞⋈≺⋈⋈⋈≻⋈⋈⋈≻⋈⋈⋈≻⋈≺∋∋∋∋⋈⋈⋈≻⋈⋈⋈≻⋈⋈⋈≻⋈⋈⋈⋈⋈⋈⊤∈⋈⋈⋈≻∋⋈⋈⋈⋈⋈⋈⋈⋈⋈⊤∈⋈⋈⋈≻∋⋈⋈⋈⋈⋈⋈⋈⋈⋈⊤∈⋈⋈⋈≻∋⊤∈∋⋈∋⊤⋈⋈∈⋈⋈⋈⊤∈⋈∋⊤∈⋈⊤⋈⊥⊤⊥⊤∈⋈⋈⋈⋈⋈⋈⋈⋈≻⋈⊤∈⋈⋈⋈≻∋⋈⋈⋈⋈⋈≻⋈⋈⋈≻⋈⊤∈⋈⋈⋈≻∋⋈⊤∈⋈⋈⊙⊤∈⋈⋈≻⋈⋈⋈⋈⋈⋈⊞⋈⋈⋈⊤∈⋈⊞∈⊞∈⋈⋈≺∋⊞≺∋⋈⋈⊞⊥⋈⊤⊥⊞∈⊞∈⋈⋈≻∋⊤∈⋈⊞⋈⋈⋈≻⊤∈∋≺∋⋈⋈⋈⋈⋈⋈⊞⊥⊞∈⋈⊞∈⋈⋈∋⋈≻⊤∈∋⋈⋈⋈⋈⊞≻⋈⋈≺⊞∋⊤∈∈⋈⊞⊞⊤∈∋∋⋈⊞⊞≺∋⋈⋈⋈⋈⊞⋈⋈⋈⋈⋈⋈⊣⋈⋈⋈⋈⋈⋈⋈≺⊤∈⋈⊤∈⊤∈⋈≺⋈⊤∈⋈⋈⊞⊥⋈⊤⊥⊞∈⊞∈⋈⋈≻∋⊤∈⋈⊞⋈⋈⋈≻⊤∈∋⋈⋈≺∋⋈⋈⋈⊙⋈⋈≺⋈≺⊞∋≺∋∋∋⋈⋈⊞⋈∋⋈⋈⋈⊤∈⋈⋈⋈≻∋⋈⊤⋈∈⋈≺∋∋⋈⋈⊙⊤∈⋈⋈≻∋⋈≺∋⋈≻∋⋈⋈⋈≺∋⋈⋈⋈⋈⋈⋈⋈⋈⋈⋈⋈⊤∈⋈⋈⋈≻∋⋈⊤∈⋈∋⋈⋈≻∋∋⋈⊤∈⋈⋈⋈≻∋⋈⊤∈⋈⋈⋈≻∋⊤∈⋈⋈⋈⋈≻∋⊞⋈⋈⋈⋈⋈⋈⊣⋈⋈⋈⋈⋈⊙⋈≺∋⊞⋈⋈⋈⋈⋈⋈⊣
0x1b5a14a6	⊢⋈⋈⋈⋈⋈⋈⊞⋈⋈⋈⋈⋈⋈⋈≻⋈⋈⋈⊤∈⋈⋈⋈⋈⋈⋈≻⋈⋈⋈⋈⋈⊤∈⊞⊤∈⋈⋈≻∋⊞⊤⊥⋈⋈⋈⋈⋈⋈⋈⋈≻⋈⋈⊤⋈∈⋈⊤∈⊤∈⋈⊤∈⋈≺∋⊤∈∋⋈⋈⋈⋈≻⋈⋈⋈⋈⋈⊤∈⋈⋈⋈⊤∈⋈⋈⋈⋈⋈⋈⋈≻⋈⋈⋈∋⊤∈⋈⋈⋈⋈⋈⋈≻⋈⋈∋⋈⋈≻⋈⋈⋈⋈≻⋈⋈⋈⋈⋈⋈⋈∋∋⋈⋈⊙⊤∈⋈⋈≻⋈⋈⋈⋈⋈⋈⊞⋈⋈⋈⋈⋈≻⋈⋈⋈⊤⊥⊞⊥⊞∈⊤∈⊞⋈∈⋈⊞∈⋈⊞⊤∈⊤∈∋∋∋∋⋈∋⋈⋈⋈⋈⋈⋈⋈≻⋈⋈⋈⊤⊥⊞⊥⊞∈⊤∈⊞⋈∈⋈⊞∈⋈⊞⊤∈⊤∈∋∋∋∋∋⋈⋈⋈⋈⋈⋈≻⋈⋈⋈⊤⊥⊞⊥⊞∈⊤∈⊞⋈∈⋈⊞∈⋈⊞⊤∈⊤∈∋∋∋∋∋⋈⋈⋈≻⋈⊤∈⊤∈⊤∈⋈⋈⋈⋈⋈⋈⋈⋈≻⋈⋈⋈⋈⋈⋈≻⋈⋈⋈⋈⋈⊤⊥⊤⊥⊞∈⋈⊤∈⋈⋈⋈⊙⋈⊤∈⋈≻⋈⋈≻⋈⊞⋈⊞⊞∈∋⊞∈⋈⋈⋈⊙⋈⋈⋈⋈≻⊤∈⊤⊥⋈⋈⋈⋈⊙⋈⋈⊤⊥⊞∈⋈⋈∈⊤∈⋈⋈≺⋈⊤∈⋈⊞⋈⊤∈∋∋⋈⋈≺⋈≺∋⋈∋∋⋈⋈⋈⋈⋈⋈⋈≻⋈⋈⊤∈⋈⋈⋈⋈⊤⋈⋈∈⋈⋈⋈⊙⋈⊤∈∋⋈⋈⋈⋈⋈⋈≻⋈⊤∈⋈⋈⋈⋈⋈⋈⊙⊤∈∋⋈⋈≻⋈⋈⋈⋈⋈⋈⋈⋈⋈≻⊤∈⋈⋈⋈∈⋈⋈⋈⋈⋈≻⋈⋈⊤∈⋈⋈⋈≻⋈⋈⋈⋈⋈⋈⋈⋈⋈≻⋈⋈≻⋈⋈⋈⋈⋈⋈⋈⋈⊤∈∋⋈⋈⋈∋⋈⋈≻⋈⊤⋈∈⋈⋈⋈⊙⊤∈⋈⋈≻⋈⋈⋈⋈⋈⋈≻⋈⋈⊤⋈⋈∈⋈⋈⋈⋈⋈⋈⋈≻⋈⋈⋈⋈⋈⋈⋈⋈≻⋈⋈⊤∈⋈⋈⋈⋈⊙⋈⊤∈∋⊤∈⋈⋈⋈⋈⊙⋈⋈⊤∈∋⋈⋈⋈⋈⋈⋈≻⋈⋈⋈⋈≻⋈⋈⋈⋈⋈≻⋈⋈≻⋈⋈⋈⋈⋈⋈∋∋⊤∈⋈⋈⋈⊙⋈⊤∈∋⊤∈⋈⋈⋈⊙⋈⊤∈∋⊤∈∋∋⋈⋈⋈≻⋈⋈⋈⋈⋈⋈⋈⋈≻⋈⋈⊤∈∋⋈⋈⋈⋈⋈⋈⋈⋈⋈⋈⋈⋈≻⋈⋈⋈⋈≻⋈⋈⋈≻⋈⊤∈⋈⋈⋈⊙⊤∈∋⊤∈⋈⋈⋈⋈⋈⋈⋈⋈⋈⋈⋈≻⋈⋈≻⋈⋈⋈⋈⋈⋈⋈⊤∈⋈⋈⋈⋈⊡⋈⋈⋈⋈⋈⋈⋈≻⊤∈⋈⋈⋈⋈≻⋈⋈⋈⋈⋈≻⋈⋈⋈⋈⋈⋈⋈⋈⋈⋈⋈⋈⋈⋈⋈≻⋈⋈⋈⋈⋈⋈⋈⋈⋈⋈⋈⋈⊙⋈⋈≻⋈⋈≻⋈⋈≻⋈⋈≻⋈⋈≻⋈⋈≻⋈⋈≻⋈≺⋈⋈⋈⋈⋈⋈⋈≺∋∋⋈⋈⋈⋈≻⋈⋈⋈⋈⋈∋⋈⋈≻⋈⋈≻⋈⋈≻⋈⋈≻⋈⋈≻⋈≺⋈⋈⋈≻≺∋∋⋈⋈≻⋈⋈⋈≻≺∋⋈⋈⋈≺∋⋈⋈≻⋈⋈⋈⋈≻⋈⋈⋈⋈⋈⋈∋≻⋈⋈≻⋈⋈≻⋈⋈≻≺⋈⋈≻∋⋈⋈⊙⊤∈⋈⋈⋈⋈⋈⋈⋈⋈⋈⋈⋈⋈⋈⋈≻⋈⋈⊙⊤⋈∈⋈⋈⋈⋈⋈⋈⋈⋈⋈⋈⋈≺∋⋈⋈≻≺⊤∈∋∋⋈≻≺∋⋈⊤∈⋈⋈≻∋⋈∋∋∋⋈⋈⊙⊤∈⋈⋈≻∋⋈⋈≻∋⋈⋈≻∋⋈⋈≻⋈⋈⋈⋈⋈⋈⋈⋈⋈⋈⋈⋈⋈∋⋈⋈≻⋈⋈≻⋈⋈≻⋈∋∋⋈⋈⊞⋈⋈⋈⋈⋈⋈≺⋈⋈⋈⋈⋈⋈⋈⋈≺∋⋈⋈⊤∈⋈⋈⋈⋈≻≺⋈⋈⋈⋈⋈≺∋∋∋⋈⋈≻⋈⋈⋈⋈≺∋⊞⋈⋈⋈⋈⋈⋈⊣
0x1b593c0f	⊢⋈⋈⋈⋈⋈⋈⊞⋈⋈⋈⋈⋈≻⋈⋈⊞∈⋈⋈⋈⋈⊤∈⋈⋈⋈⋈≻⋈⋈⊤∈⋈⋈⋈⋈⊙⋈⊤∈⋈≻⋈⊤∈⊞⊞∈⋈⊞⊞⊤∈∋⊤∈∋⋈⋈⊙⊤∈⋈⋈⋈⋈⋈⋈⋈≺⋈⋈⋈⋈≺∋⋈≻≺∋⋈⋈⊙⊤∈⋈⋈⋈⋈⋈⋈∋⋈⋈⋈⋈⋈⋈≻⊤∈∋⋈⋈⊞⋈⋈⋈⋈⋈⋈≺⋈⋈⋈⊞⋈⋈⋈⋈⋈≻⊤∈⋈⋈⋈⋈⋈≻∋⋈⋈≻∋⋈⋈≻⋈⋈⋈⋈⋈≺∋⊞⋈⋈⋈⋈⋈⋈⊣
0x1b591ab8	⊢⋈⋈⋈⋈⋈⋈⊞⋈⋈⋈⋈⋈⋈⋈⋈⋈⋈⋈⋈⋈⋈⋈≻⋈⋈⊤∈⋈≻⋈⋈⋈⋈≻⋈⋈⋈⊤∈⋈⋈⋈⋈⋈⋈⋈≻⋈⋈⋈⊤∈⋈⋈⋈⋈⋈⋈≻⋈⋈⋈⊤∈⋈⋈⋈⋈⋈⋈⋈⋈≻⋈⋈⋈⊤∈⋈⋈⋈⊞⊥⋈⋈⊤⊥⊞∈⋈⋈⊤⋈∈⋈⋈⋈⋈⋈≻⋈⋈⊤∈∋⋈⋈⋈⋈⊙⊤⋈∈⋈⋈⋈⊞⊤⋈∈⋈⋈⊞∈⊤∈∋⋈≺⋈⊤∈⋈⊤⋈∈∋≺∋∋∋⋈⋈⋈⋈≻⋈⊤⊥⊤⊥⊞∈≺∈∈∈⋈∈⋈≻∋⋈⋈⊤∈⋈⊞⋈⋈⋈≻⋈⋈⊤∈∋≺∋⋈⋈⋈⋈⊙⋈⊤∈⋈⊞⋈⊤∈⋈⋈⊞⋈∈⊤∈⋈⋈⊤∈⋈⊤⋈∈∋≺∋∋∋∋⋈⊤∈⊞⋈⋈⊙⊤∈⋈⋈⋈⋈⋈≻⊞⋈⋈⋈⋈⋈⋈⋈⋈⋈⋈≻⊞⋈⋈⊤∈⋈⋈⋈⋈⊙⋈⋈≻⊤∈⋈≻≺⋈⋈⋈⋈⋈⋈⋈⋈⋈⋈⋈⋈⋈⋈⋈⋈⋈⋈⋈⋈⋈⋈⋈≻⋈⋈⋈⋈≻⋈⋈⋈⋈≻⋈⋈⋈⋈≻⋈⊤∈⋈⋈⋈⋈⋈⋈⋈⋈⋈⋈⊤∈⊞⋈⋈⋈⋈⋈≻⋈⋈⊤⋈⋈∈∋⋈⋈⊙⊤∈⋈⋈⋈⊞⊤⋈∈⋈⋈⊞∈⊤∈∋⋈≺⋈⊤∈⋈⊤⋈∈∋≺∋∋∋⋈⋈⊤⊥⊤⊥⊞∈∋∋⊞∋⋈⋈⋈⊤∈⋈⋈⋈⋈⋈≻⋈⋈⋈⊤∈∋≺∋⋈⋈⋈⊙⋈⋈⊤∈⋈⊞⊤∈⋈⊞∈⊤∈∋∋⋈⋈⊤∈⋈⊤⋈∈∋≺∋∋⋈⋈⋈⋈⋈⋈≻⋈⋈⊤⋈∈⋈⋈⋈⋈⋈⋈⋈⋈⋈⋈≻⋈⋈⊤∈⋈⋈⋈⋈⋈⋈⋈⋈⋈⋈≻⋈⋈⋈⊤∈⋈⋈⋈⋈⋈⋈⋈⋈≻⋈⋈⊞⋈⊤⊥⋈⋈⊞⊥⊞∈⋈⋈⋈⊞∈⊤∈⋈⋈⊤∈⋈⊤⋈∈∋≺∋∋⋈⋈∋⊤∈⋈⊞⊤∈⋈⋈⊞∈⊤∈∋∋⋈⋈⊤∈⋈⊤⋈∈∋≺∋∋⋈⋈⋈⋈⋈≻⊤∈⊤∈∋⋈⋈⋈⋈≻⋈⋈⋈⋈≻⋈⊙⊤∈⋈⋈⋈⊙⊤∈⋈⋈⋈⊙⊤∈⋈⋈⋈⊙⊤∈⋈⋈⊤∈⋈⋈⋈⋈⋈⋈⋈⋈⋈⋈⋈⋈⋈⋈⋈⋈⋈⋈⋈⋈⋈⋈⋈⋈⋈⊙⋈⊤∈∋∋∋∋⋈⋈≻⋈⋈⋈⋈⊤⊥⋈⊤∈⋈⋈⋈⋈∈⋈⋈⋈⋈⋈⋈⋈⊤∈⋈⋈⋈⋈⋈⋈∋⋈⋈⋈⊤∈⋈⋈⋈⋈⋈⋈∋⋈⋈⋈⊤∈⋈⋈⋈⋈∋⋈⋈⋈⋈⋈⋈≻⊤∈⋈⋈⋈⋈≻⊤∈⊤∈⋈⋈⋈⋈⋈≻⋈⋈⋈⋈⋈⋈≻⋈⋈⋈⋈⋈≻⋈⋈⋈⊤∈⋈⋈⋈⋈≻⋈⋈⋈⋈≻⋈⋈⋈⋈≺⊞⋈⋈⊙⋈⋈⋈⋈⋈≻⋈⋈⋈⋈≻⋈⋈⋈⋈≻⊤∈≺⋈⋈⋈⋈⋈≻⋈⋈⋈⋈⋈⋈≻⊤∈⋈⋈⋈⋈⋈≻⋈⋈⋈⋈⋈⋈≻⋈⋈⋈⋈≻⋈⋈⋈⋈⋈≻≺∋⋈⋈⋈⋈⋈≻⋈⋈⋈⋈⋈≻⋈⋈⋈⋈⋈⋈≻⋈⋈⋈⋈⋈⋈⋈⋈⋈≻⋈⋈⋈⋈⋈⋈≻⋈⋈⋈⋈≻⋈⋈⋈⋈≻⋈⋈⋈⋈⋈⋈≻⋈⋈⋈⊤∈⊞⊞⋈⋈⊙⊤⊥≺∋⋈⋈⋈⋈≻⋈⋈⋈⋈≻⋈⋈⋈⋈≻⋈⋈⋈⋈≻⋈⋈⋈⋈≻⋈⋈⋈⋈≻⊤∈∋⋈⋈⋈⋈⋈⋈⋈⋈⋈≻⋈⋈⋈⋈⋈⋈⋈⋈⋈⋈⋈⋈⋈≻⋈⋈⋈⋈⋈⋈≻⋈⋈⋈⋈≻⋈⋈⋈⋈≻⋈⋈⋈⋈⋈⋈≻⋈⋈⋈⋈⋈⋈⋈⋈≻⋈⋈⋈⋈≻⋈⋈⋈⋈⋈⋈⋈⋈⋈⋈≻⋈⋈⋈⋈⋈⋈≻⋈⋈⋈⋈≻⋈⋈⋈⋈⋈⋈⋈⋈≻⋈⋈⋈⋈⋈≻⋈⋈⋈⋈⋈⋈≻⋈⋈⋈⋈⋈⋈⋈⋈⋈⋈⋈⋈≻⋈⋈⋈⋈≻⋈⋈⋈≻⋈⋈⋈≻⋈⋈⋈⋈≻⋈⋈⋈⋈≻⋈⋈⋈⋈⋈⋈⋈⋈≻⋈⋈⋈⋈⋈⋈⋈⋈≻⋈⋈⋈⋈⋈⋈≻⋈⋈⋈⋈≻⋈⋈⋈⋈⋈≻⋈⋈⋈⋈⋈⋈≻⋈⋈⋈⋈≻⋈⋈⋈≻⋈⋈⋈⋈⋈⋈≻⋈⋈⋈⋈⋈≻⋈⋈⋈⋈⋈⋈⋈⋈⋈⋈⋈⋈⋈⋈⋈⋈⋈⋈⋈⋈⊡⋈⋈⋈⋈≻⋈⋈⋈⋈≻⋈⋈⋈⋈≻⋈⊤∈⋈⊞⋈⋈⋈⋈⊡⋈≻⋈⋈⋈⋈⋈⋈⋈⋈⊡⋈⊡⋈⊤∈∋⋈⋈⋈⋈≺∋⋈⋈⋈⋈⋈≻⋈⋈⊤∈⋈⊞⋈⋈⊙⊤∈⋈≻⊤∈∋∋⋈⋈⋈⋈∋≻∋∋∋∋∋⋈⊙⋈≻≺∋∋⋈⋈⊤∈⋈∈⋈⋈⋈⋈≻⊞⊞∈∋∋⋈⋈⋈⋈≻∋⋈⋈⊤∈⋈∈⋈⋈⋈⋈≻⊞⊞∈∋∋⋈⋈⋈⋈≻⋈⋈⊤∈⋈∈⋈⋈⋈⋈≻⊞⊞∈∋∋⋈⋈⋈⋈≻⋈⊤∈⋈⋈⋈⋈⋈⋈⋈⋈⋈⋈⋈⋈⋈⊙⋈⋈⋈⋈≻⋈⋈⋈⋈≻⋈⋈⋈⋈≻⋈⋈⋈⋈≻⋈≻⋈≻⋈≻⋈⋈⋈⋈≻⋈⊤∈⋈⋈⋈⋈⋈⋈⋈⋈⋈⋈⊤∈⋈⋈⋈⋈⊙⊤∈⋈⊤∈⋈⋈⊞⊙⊤∈⋈⊤∈∋∋∋∋⋈⋈⋈⊡⋈⋈⋈⊞⊙⋈⋈⋈⊡⊤∈∋⋈≻⋈⋈⋈⋈⋈⋈⋈⋈≺∋⋈≻⋈⋈⋈⋈≻⋈⊤⋈⋈⋈⋈∈⋈⋈⋈⋈⋈⋈⋈⋈⋈⋈⋈⋈⋈≻⋈⋈⋈⋈≻⋈⋈⋈⋈≻⋈⋈⋈⋈≻⋈⋈⋈⋈≻⋈⋈⋈⊤∈⋈⋈⋈⋈≻⋈⋈⊤∈∋⋈⋈⋈⋈⋈⋈⋈⋈⋈⋈⋈⋈⋈⋈⋈⋈≻⋈⋈⋈⋈≻⋈⋈⋈⋈≻⋈⋈⋈⋈⊞⋈⋈⋈⋈⋈≻⊞⋈⋈⋈≻⋈⋈⋈⋈⋈⋈⊤∈⋈⋈⋈⋈⊡⋈⋈⋈⋈⋈⋈⋈≻⊤∈⋈⋈⋈⋈≻⋈⋈⋈⋈⋈⋈⋈⋈⋈⋈⋈⋈⋈⋈⋈⋈⋈⋈⋈⋈≺⋈⋈⋈⋈⋈⋈⋈≺∋⋈⋈≻⋈⋈≻∋⋈⋈⋈⋈≻⋈⋈⋈⋈≻≺⋈⋈⋈⋈⋈⋈⋈≺∋≻≺⋈⋈⊤∈⋈∈⋈⋈⋈⋈≻⊞⊞∈∋∋⋈⋈⋈⋈≻≺∋∋⋈⋈⋈⋈≻∋⋈⋈⋈⋈≻∋⋈≻≺⋈≺∋∋⋈⋈⋈⋈≻∋∋⋈⋈⋈⋈≻∋∋⋈⋈⋈⋈≻⋈⋈⋈⋈∋⋈⋈≻⋈⋈⋈⋈≻≺⋈⋈⋈⋈⋈⋈⋈∋⋈⋈⋈⋈≻⋈⋈⋈⋈⋈⋈≺∋⋈⋈⋈⋈≻⋈⋈⋈⋈⋈⋈≺∋⋈⋈⋈⋈⊞⋈⋈⋈⋈⋈⋈≺⋈⋈⋈⋈⋈⋈⋈⋈⋈⋈⋈≺∋∋∋⊞⋈⋈⋈⋈⋈⋈⊣
0x1b58cd8e	⊢⋈⋈⋈⋈⋈⋈⊞⋈⋈⋈⊞⊤∈⊤∈⊤∈∋⋈⊤∈⊤∈⊤∈∋⋈⋈⋈≻⋈⋈⋈⋈⋈≻⋈⋈⋈⋈⋈⋈⋈⋈⋈≻⋈⊤∈⋈⋈≻⊞≺∋⋈⋈≻⋈⋈≻≺∋∋∋⊞≺∋⋈⊞⋈⋈⋈⋈⋈⋈⊣
0x1b58de88	⊢⋈⋈⋈⋈⋈⋈⊞⋈⋈⋈⋈⋈⋈⋈⊞⊞⋈∈∈⊤∈⋈⋈⋈⋈⋈⊞⋈⋈⋈⋈⋈⋈⊣⋈⋈⊞⊤⋈∈∋⋈⊞⊞⋈⋈⋈⋈⋈⋈≻⋈⊤⋈⊥⊤∈⋈⋈⋈≺∋⋈⊤∈⋈⋈⋈⋈≺⋈⊤∈⋈⊞⊞⋈⋈⋈≺∋∋⊤⊥⊤∈⊞∈⋈⊡⊞⊤∈∋∋⋈⊤∈⋈∋⊤∈⊤∈⊤⋈⋈⊥⊤∈⊞⋈⋈≺∋⋈⊤∈⊤⋈⋈⊥⊤∈⊞⋈⋈≺∋⋈≺∋⊤∈⋈⋈≻⋈⋈⋈⋈⋈⋈⊞⋈⋈⊞⋈⊞∈⋈⊤∈⋈⊤⋈∈∋∋⊤⊥⋈⋈⋈⋈≻⋈⋈⋈⊞⋈∈≻⋈⋈⋈⊤∈⋈⊙∋⋈⋈⊞≺∋⋈⊙⊤∈⋈⋈≻≺⋈⋈⋈⋈⋈⊤∈⋈⋈⋈≻⋈⊤∈∋⋈⋈⋈⊙⋈⊞⋈⋈⋈⋈⋈⋈⋈⋈⋈⋈⋈⋈⋈⋈⋈⋈⋈⋈⋈⋈⋈⋈⋈⋈⋈⋈⋈⋈⋈⋈⋈⋈⋈⋈⋈⋈∈⋈⋈⋈≻⋈⋈⋈⊤∈⋈≻⋈⊤∈⋈⊙⋈≺∋∋⋈⋈⊞∈⋈⋈⊤∈⋈≻⋈≺∋⋈⊞⋈⊞⊤∈∋≺⊤∈⋈⊙∋⋈⊤∈⋈⊙∋⋈⊤∈⋈⊙∋⋈⋈⋈⊤⊥⊞⊤∈⋈⋈≺⊞⋈⋈⊤∈⋈⋈⊤∈⋈⊡∈∋⋈≻≺∋⋈⋈⋈⊞⋈⋈⋈⋈⋈⊤∈⋈⊤∈⊞∋⊞⋈⋈⋈∈⋈⊙⊤∈⋈⋈⋈⊤∈⋈≻⋈≺⊞⊤∈∈⊤∈⋈⊞⊤∈∋⋈∋⊞≺∋∋⊤∈⋈⊤∈⋈⊞⋈⋈≻≺⊤∈⋈⋈⋈≻⊤∈∋⋈⋈⋈⋈⊙⊞⊤∈⋈⋈⋈⋈≻≺⋈⋈⊞∈⋈⋈≻⋈⊤∈⋈⋈≻≺∋⊞⋈⋈⋈⊙⋈⋈⊤∈⋈⋈⋈⋈⋈⋈⋈⋈⊤∈⋈≻⋈⋈∋⋈⊞⋈⋈⋈⋈⋈⋈⋈⊞⋈⋈∋⋈∋∋⋈⊞⊤∈∋⋈⋈≺∋⋈⊡⊞⋈⊞⊞∈∈⋈⊞⋈⊞⋈⋈⋈⋈⋈⊤∈⋈⊞⋈⋈∈⋈⋈⋈⊤∈⋈⋈⋈⋈⋈⋈⋈⋈⋈⋈⋈⋈⋈≻⋈⊞⊤∈⋈⊙∋⋈⊞⊤∈∋∋∋⋈⊞⋈⊞⋈⊤⋈∈⋈⊞⊞∈⊤∈⋈⊙∋⊤∈⋈⊙∋⊞⊞∈∋∋⊤∈⋈⊙∋⋈∋⊤⊥⋈⊤⊥⊤∈⋈⊞∈⊤∈⋈⊤∈∈⋈⊞∈∋∋⊞⊞∋⋈⊤∈∈⋈⊤∈⋈≻≺⊞⋈⋈⊤∈∋⋈⋈≺∋⋈⊤⋈∈⋈⋈⊞∈⋈⋈⊞∈∋⊞≺∋⋈⋈⋈⊞⋈⊤∈⋈⋈⋈⊤∈⋈⋈⋈≻⋈⋈⊤∈⋈⋈≻≺∋⋈⊞⋈⋈⊙⋈⋈⋈⋈⋈⊤⋈∈⋈⋈⋈≻⋈⋈⊤∈⋈⋈≻≺∋⋈⋈⊙⋈⋈⋈⋈⋈⋈⋈≻⋈⊞⊤∈⋈≺⋈⋈⊤∈⋈⋈⋈⋈⋈⋈⋈⋈∈⋈⋈⋈⋈⋈⋈⋈∈⊤∈⋈⋈⋈⋈⋈⋈⊞⊥⋈⊙⊞⊤⊥⊤⊥⊥⊞⊞⊞⋈⊤∈∋⋈⊤∈∋⋈⊞∈⋈⋈⋈≺∋≺⋈⋈⊤∈⋈⋈⋈⋈⋈⋈⋈≻⋈⋈⊤∈⋈∈⋈⋈⊞⊤∈∋∋⋈⊞⋈⋈⋈⋈⋈⋈≻⋈⋈⋈⊤∈∈⋈⋈⊤∈∋∋⋈⋈⋈⋈⋈⋈⋈⋈⋈⋈⋈⋈⋈⋈⋈⋈⋈⋈⋈⋈⋈⋈⋈⋈⋈⋈⋈⋈⋈⋈≺∋⋈⋈⋈⋈⋈⋈⊡⋈⋈⊤∈⋈⊤∈⋈⋈⋈≻≺⋈⋈⋈⊞⋈⋈⊙∋⋈⊞∈⋈⋈∈⋈⊙∋⊞⊤∈⋈∋⊙∋∋∋∋∋⋈⋈⊞⋈∈∋∋⋈⋈⋈⋈⋈⋈⋈⊞⊥⋈⊞⊤⊥⊞∈⊤∈⊞⋈⋈⋈⋈⋈⋈≻⊤∈⋈⋈⋈⊤∈∋⋈≻⋈≺∋⊞⋈⋈⋈⋈⋈⋈⊞⊤⊥⊥⋈⋈⋈⋈⋈⋈⋈⋈⋈⋈⋈⋈∈∈⋈⋈≻⋈⊤∈⋈⋈⋈⋈⊤∈∋⋈⋈∈∈⋈⋈≻⋈⊤∈⋈⋈⋈⋈⋈∋⊤∈⋈⋈⊞⊤⋈⋈⊥⋈⋈≻⊤∈⋈⋈⋈⊞⊞⊤⋈⊥⋈⋈⊞≻⊤⋈∈⋈⋈⋈⋈⊞⊞⊤⋈⋈⊥⋈⋈⊞≻⊤∈⋈⋈⋈⋈⊞⊞⋈⋈⋈⋈⋈⋈⋈⋈⋈⋈⋈⋈⋈⋈⋈⊞∈⋈⊤∈⊤∈∋⋈⋈⊞⊤∈⊤∈⊞∈⊤∈⊞⊤∈∋≺⋈⊤∈⋈⊙∋⊤∈⋈⊙∋⋈⋈≺∋⊤∈⋈⊙∋⊤∈⋈⊙⋈≺∋∋⋈⋈⋈≺∋⋈∈∈∈∈⋈⊤∈⋈≻∋⋈⊤∈⋈⋈⋈⋈⋈⋈⋈⋈⋈⋈≻⋈⋈⋈≻⋈⋈⋈⋈⋈⋈⋈≻⋈⋈≻⋈⋈⋈⋈⊤∈⋈⋈⊤∈⋈⋈⋈⋈∈⋈⋈⋈⊙⊤∈⊙⋈⋈⊞⊞⊤∈⋈≻⋈⊤∈∋⋈≻⋈⊙⋈⋈∋⋈≻⊤∈⋈≻∋⋈⋈⋈≻⊤⋈∈⋈≻∋⊞⋈⋈⋈⊞∈⋈⋈⋈⋈≻⊞⋈≺∋⊤∈∋∋⋈⊙≻⋈⊞⋈∈⋈⋈⋈≻∋⋈≻≺∋⋈⊞⋈⋈⋈⋈⋈∈⋈⋈⊤∈⊤∈⋈⋈⋈⋈⊙⊤∈⋈⋈⋈⊤∈⋈⋈⋈⋈⋈≺∋⋈⊤∈≺⊞⋈⋈⋈⋈⋈⋈⋈⋈⋈⋈⋈⊙⊤∈∋⋈⋈⋈⊙⋈⊞⊞⋈⊤∈⊞⋈≺⋈⊤∈⋈⋈∋⋈∋⋈⋈⋈⋈⋈⋈⋈⋈⋈⋈⋈⋈⋈⋈⋈≻⋈⋈⊤∈⋈⋈⋈⋈⋈⋈⋈⋈⊤∈⋈⋈⋈⋈≻⊤∈⋈⋈⋈≻⋈⋈⋈⋈≻⋈⊤∈⋈⋈⋈⋈⋈⋈⋈⊤∈⋈⋈⋈⋈⋈⋈≻⋈⊤∈⋈⋈⋈⊙⊤∈⋈⋈≻⋈⋈⋈≻⋈≻⋈≻⋈⋈≺∋⋈⋈≻⋈≺∋⊞⋈⋈⋈≻≺∋∋⊞⋈⋈∋⋈≻⋈≻⊞⋈⋈≺∋⋈⋈∋≻⋈∋⋈⊞≻⊞⊤⊥⊞⊤⊥⊥⊤∈⋈⋈⋈⋈⊞≺∋⋈⋈⋈≻⊤∈⋈≻∋⋈⋈⋈≻⊤∈⋈≻∋⋈⊞⋈⋈⊤∈⋈≻≺∋∋⋈⋈≻⋈⊤∈⊙∋⋈⊤∈⊙∋⋈⊤∈⊙∋⋈⊤∈⊙≺⋈⊞∈⊤⋈⊥⋈⋈⊞⋈⋈⊙⊤∈⊙⋈⋈⊤∈⋈⋈⋈≻∋⋈≻⊤∈∋∋⊤∈⊤∈⊤∈⋈⊤∈⋈⊤∈⋈⊤∈⋈⊙⋈⋈⋈⊞⊞⊙⋈⊤∈∋⊙⋈⊞⊞⋈⋈⋈⋈⋈≻⊤∈⋈⊤∈∋⋈⋈≻⊤∈⋈⊙⊤∈⊙⋈⊞⊞⋈⋈⋈⋈≻⊤⊥⊤⊥⊤∈∋∋⋈⊙⋈⋈⋈⊙⋈≺∋⋈⋈∋∋⋈⋈⊙⋈⋈⊙⋈⋈⋈⋈≻⊤∈⋈⋈⊞⋈⋈⋈⋈⋈⋈⋈⋈⋈⋈⋈⋈⋈≻⊤∈⊤∈⋈⋈⋈⊞⊥⊞⊤∈⊞⋈⋈⋈⊞⊞⋈≺∋⋈⊤∈⊤∈⊤∈⊤∈⊞⊤⋈∈∋⊞⋈⊞∈⊤∈⋈⊞⊤∈⋈⊞⋈⊥⊞⊥⊤∈⊞⊤∈≺∋⋈⊤∈⋈⊤∈∋∋⊞⊞∈⋈⊞⊤∈⋈⋈⋈⊞⊤∈∋∋⊞≺∋∋∋∋∋∋∋⊤∈⊤∈⋈⋈⋈≻⊤∈⊤∈⋈⋈⋈⊞⊥⊞⊤∈⊞≺⋈⋈⋈⊞⊞⋈∋⊤∈⊤∈⊤∈⊤∈⊞⊤⋈∈∋⊞⋈⊞∈⊤∈⋈⊞⊤∈⊞⋈⋈⊥⊞⊥⊤∈⊞⊤∈∋≺⋈⊤∈⋈⊤∈≺∋∋⊞⊞∈⋈⊞⊤∈⋈⋈⋈⊞⊤∈∋∋⊤∈⊞⊤⊥⊞⊤⊥⊥⊤⋈∈⋈⊤∈⊞⋈⊤∈⋈∋⊤⋈⋈∈≺∋⋈⋈⋈⊙⊤∈⋈⊙⊤∈⊤∈⋈⋈⊞⊙⊤∈∋⊤∈⋈⋈⋈⊙⊤∈∋⊤∈⋈⋈⋈⊙⊤∈∋⊤∈⋈⋈⊙⊤∈∋⋈⊤∈⋈⋈⊙⊤∈⋈∋⋈⊙⊤∈⋈⋈⊙⊤∈∋⊙⋈≺⋈⋈⊙⋈⊤∈⋈⊞⋈⊞⋈⊙⊤∈⋈⊤∈⋈⊡∈∋⋈≻≺∋⋈⋈⊤∈⋈⋈≺∋⋈⊤∈⋈⊤∈∋⋈⋈⋈⋈⋈⋈⋈⋈⊙⊤∈⋈⊞⊞⋈⊤∈⊙⋈⊤∈⋈≻≺⋈⋈⋈⋈⋈⊙⋈⊞⊞⊞⊤⊥⋈∈⊤∈⋈≻⋈⊙⊤∈⊙⋈⊞⊞⋈⋈⊙⋈≻⋈⋈⋈≻⋈⋈≻≺∋∋⋈⋈⊤⋈⊥⋈⊞⊞⊞≺⋈⋈⋈≻⊤⋈∈⊤∈⋈⋈≻⋈≺∋∋∋∋⋈⊡⊞⋈⊞⊞∈⋈≻≺∋∋∋∋∋⋈∋∋⊞⊞⋈∋∋⋈⊙⋈⊞⊞⋈≺∋⋈⊙⋈⊞⊞⋈⋈≺∋∋∋∋∋∋∋∋∋∋∋∋∋⋈∋∋∋∋∋∋∋∋∋∋∋∈⋈⋈⋈⋈⋈⊞⊙⊤∈⊙⋈⊞⊞⋈⋈⋈⊤∈⋈⊤∈⋈⋈⋈≻≺⋈⊤∈⋈⊡∈∋⋈≻≺∋⋈⊙⊤∈⊙⋈⊞⊞⋈⋈⊡⊞⋈⊞⊞∈⋈≻≺∋⋈⊙⋈⋈≺⋈⊤∈⊡⋈⊙⊤∈⋈≻∋⊞⋈⋈⊤⊥⋈⋈≻⋈⋈⋈⋈≻⊤⋈⊞⋈⊥⋈⋈⋈⋈⊞⊞⋈⋈⋈⋈≻⋈⋈⊤∈⋈≻⋈⋈⋈≻⋈⊤∈⋈≻∋≻∋⋈⋈⋈⋈⊡⊞⋈⊞⊞∈⋈≻≺∋⋈⊙⋈⊙≺∋⋈⋈≺∋∋∋⊤⋈∈∋⊤∈⋈⋈⋈⋈⋈⊤∈⋈⊙∋⊤⋈∈⋈⊙∋⊞⊤∈∋≺⋈⋈⋈≺∋≺⋈≻⋈⊙⋈⋈⊡⊞⋈⊞⊞∈⋈≻≺∋⋈⊙⊤∈⊞⋈⊞⋈⋈⋈⋈⋈⋈⋈⋈⋈⋈⋈⋈⋈⋈⋈⋈⋈∈⋈⋈⋈⊙⊤∈⋈⊤⊥⊤⊥⊞⋈∈⊤∈⊤∈⊤∈⋈⊙⊤∈∋⋈≺∋∋∋∋∋∋⊤⋈⊥⋈⋈⋈⋈⋈⋈⋈∈⋈⋈⋈⊞⊙⊤∈⊤∈⋈⋈⋈⋈⋈⋈⊞⊞⊤∈⋈⋈≻⊤∈⋈≻⋈⋈⋈⋈≺⋈⋈⋈⊤∈⋈⋈⋈⋈⋈≻≺⋈⋈⋈≻⊤∈∋⋈≻⋈≺∋⋈⋈∋≻≺⊞⊞⊞⋈⋈⋈⋈⊤∈⊙∋∋≺∋⋈⊙⋈∋⊤∈⋈⊙∋⊤∈⋈⊙∋⊤∈⋈⊙∋⊤∈⋈≺∋⊤∈⋈⊙∋⋈⊤∈⊙∋⋈⋈⊤∈∋∋⋈⊙≺∋⊙⋈⊤∈∋⊞⊞⋈⋈⋈⋈≻⊤∈⋈≻⋈⋈⋈⋈⋈⋈⋈⋈⋈≺∋⋈≻≺⊞⋈⊞≺∋⊤⊥⊤⊥⊞∈∋≺∋⋈⊞⊤∈⋈⋈⋈≻∋⋈⊞≻∋⋈⋈⋈≻≺⋈⋈⋈⊞⊙≻⋈⊞⋈⋈⋈≻≺∋∋∋⊞⋈⋈⋈⋈⋈⋈⊣⋈⋈⊤∈⋈⊞⋈⊙∋⋈⊞⊤∈∋⋈⊙≺∋⋈⊞⋈⋈⋈⋈⋈⋈⋈⋈⋈⋈⋈⊞⊤∈⊞∈⋈⋈⋈⋈⋈≻⊤∈⋈⋈⋈≺∋⋈≻≺⋈⋈⋈≺⋈∋⊤∈⋈⋈⋈⋈⋈⋈≻⋈⋈≺∋⋈⋈⊞⋈⋈⊞⊤∈⋈⋈⋈⋈⋈⋈≻⋈⋈⋈≺∋⋈⋈⋈⊙⊞⊤∈⊞⋈⋈≻⊤∈⊤∈⊞∈⊤∈∋⊤∈⊞∈⋈⊙∋⋈≺⊞⊤∈∋≺∋∋⋈⋈⋈⊞⋈≻⋈∋⋈⋈⊞∈⋈⊞≻≺⋈⋈⊤∈⋈≻⋈∋⋈⊞⋈∋⋈⊤∈∋⋈⊙≺∋⊞∋⋈⋈≻≺≺⋈⋈≻≺⋈⋈≻≺⋈⋈⋈≻∋∋⋈⊤∈⋈⋈⋈≻∋⋈≺∋
0x1b5a2994	⊢⋈⋈⋈⋈⋈⋈⊞⋈⋈⊤∈⋈⊞⋈⊞⋈⊞∈⋈⋈⋈⋈⋈≻⋈⋈⋈⊤∈⋈⊞⋈⊞⋈⊞∈⋈⋈⋈⋈⋈≻⋈⊤∈⋈⋈⋈⊞⋈⋈⋈⋈⋈≻⊤∈⋈⋈⋈⋈⋈≻⋈⋈⋈≺∋⋈⋈⋈⋈≻⊤∈⋈⋈⊤∈⋈⋈⊤∈⋈⊞∈⋈⋈⊤⊥⊥∋⊤∈⊤∈⋈⋈⋈⋈≻⊤∈⋈⋈⋈⋈⊞⊞∈⋈⋈⊤∈⊤∈⊤∈⋈⋈≻⋈⋈≺∋⋈⊞⋈≺∋⊞⊤∈∋≺⋈⋈⋈⋈⊡⊡⊙⋈⋈⊞⋈⊡⋈⊞⊞⊞⋈⋈⊥⋈⊥⋈⋈⊞⊥⋈⊞⊤⊥⊞∈⊤∈⋈⊞⋈⋈⋈≻⋈⊤∈≺∋⋈⋈⋈⋈⋈⋈⊞⊞⋈⋈⋈⊞⋈⊥⊞∈⋈⋈⋈≻⊞⊞∈⋈⋈⋈⊞⊤∈∋⊤∈⋈⋈⋈≻⋈⋈∋⋈⋈⊤∈⊞⋈⋈∈⊤⋈⊥⋈⊞⊤∈⋈⊞⊤∈⊤∈∋∋⊤∈⋈⊞⋈∈⋈⋈⊞⋈⋈≻⋈⋈⋈⊞⋈⊞⋈≺∋∋⊞⊞∈⋈⊡⊞⋈⋈⊞⋈⋈⊤∈∋∋⋈⋈⊞⋈⊞⊞∈⋈⋈⋈⊞⊤∈∋⋈⋈⋈⋈⋈⋈⋈≻⋈⋈⊤∈∋∋⋈⋈⋈⋈⋈⋈⊤∈⋈⋈⊤⋈⋈∈⊞≺⊤∈⋈⊞⋈∈⊤∈⊞⋈⊞⊤⋈∈∋⊤∈∋⋈⋈≺∋∋∋⋈⊞⊤∈⊤∈⋈⋈⋈⋈⋈≻⋈⋈⋈⋈⊤∈⊞⋈⋈≻⋈⋈⋈⋈⋈⋈⋈≻⋈⋈⋈⊞≺∋⋈≺⋈⊤⊥⊞⊤⋈⊥⋈⊥⋈⋈⋈≺∋∋∋⋈⋈⋈⋈⋈⋈≻⋈⊤∈⋈⋈⋈⋈⋈⋈⋈⋈⋈⊤∈⋈⋈⋈⊞⋈⋈⊞⊞∈⋈⊞⊤∈⋈⋈≻⋈⋈⊞⋈⋈⋈⋈⋈⊞⊞∈⋈⋈⋈⋈⋈≻⋈⋈≻⋈⋈⋈⊞∈∋⋈⋈≻⋈⋈≻⋈⋈⋈⋈⋈⋈≻⋈⋈≻⋈⋈⋈⋈⋈≻⋈⊤∈∋⋈⊤∈∋∋⋈⋈⋈⋈⋈⋈⋈⋈≻⋈⋈⋈⋈⋈⊤∈⋈⋈⋈≻≺⋈⋈⋈⋈⋈⋈⋈⋈⋈⋈≻⋈⋈⋈⋈⋈⋈⋈⋈⋈⋈⋈≺∋⋈⋈≻∋⋈⋈≻≺⊞∋⋈⋈≻∋⋈⋈⋈⋈⋈⊤∈⋈⋈⋈⋈⋈≻⊤∈⋈⋈⋈⊙⊤∈⋈⋈⋈⋈⋈≻⋈⋈⋈⋈⋈⋈⋈⋈⋈⋈⋈⋈≻⋈⊤∈⋈∋≻∋⋈⊤∈⋈⋈⋈⋈⋈⊤∈⊤∈⋈⊞⊤∈⋈⊡⊞⋈⊞⊤∈⋈⊞⊞⋈≺∋⊞⊤∈⋈⋈⋈≻⋈⊤∈⋈⋈⋈⋈⋈⋈⋈⋈⊤∈∋⋈⊤∈⋈⊤∈⋈⋈⊤∈⋈⋈⋈≺∋⋈⊞∈⊤∈⊤∈⋈⊞⊤⋈∈∋∈∋⊤∈∋⋈⋈⋈≺∋⋈∋⋈⋈⊞⊤⋈⊥⊤⊥⊥⊤∈⊞∈⊤∈⊞⊤∈⋈⊤⋈∈∋∋∈∋⋈⋈⋈⋈≻⊤∈⋈⋈⋈⋈⋈⋈⊤∈⊤∈⊞≺≺⋈⋈≺∋∋∋⋈⋈⊙⊤∈⋈⋈⋈⋈⋈⋈⋈⋈⋈⋈⋈⋈∋⋈⋈⊙⊤∈⋈⋈⋈⋈⋈⋈⋈⋈≻⋈≺⋈⋈⋈⊙⊤∈⋈⋈≻∋⋈⋈≻∋⋈⋈≻⋈⋈⋈⋈⋈⋈⊙⊤∈⋈⋈≻⋈⊤∈⋈⋈⊞⊤∈⋈⋈≺⊤∈⋈⊞⊞⋈⋈≺∋∋⊤∈⋈⋈≺⊤∈⋈⊞⊞⋈⋈≺∋∋⊤∈⋈⊞⋈⊙⊤⊥⊞∋∋⊣⋈⋈⋈⋈⋈⋈⋈⋈⋈⊞⋈⋈⊣⋈⋈⋈⋈⋈⋈⋈⋈∋⋈≻⋈⊤∈⋈≻∋⋈∋∋∋∋⋈∋∋∋∋⋈∋⋈⋈⋈⋈⋈⋈⋈⋈≻⋈⋈⋈≺∋⋈⋈⋈⊞⋈≺∋⋈⋈⊙⊤∈⋈⋈≻∋⊤∈∋⋈⋈⋈⊤∈⋈⊤∈⊤∈⋈⊤∈⋈≺∋⋈⋈⊞∈⊤∈⊤∈⋈⊞⊤⋈∈∋∈∋∋∋⊞∋∋⋈⋈⋈⋈≻⋈≺∋⊤∈⊞≺∋⋈⋈⋈⋈≻∋∋⋈⊤∈⋈⋈⋈≻∋⊤∈∋∋∋∋∋∋∋⋈⋈⋈⋈⋈⋈≻⋈⊤∈⋈⋈⋈⋈⋈⋈⋈⋈⋈⊤∈⊤∈⊤∈∋⋈⋈⋈⋈⋈⋈≻⊤∈⋈⋈⋈⋈≻⊤∈⋈⋈≻⋈⊞⋈⊤⊥⋈≻⋈⊤∈⊤∈⋈⋈⋈⋈≻∋⋈⋈≻⋈⋈⋈≻⋈⋈⋈⋈⋈⋈⋈≺⊤∈⋈⋈⋈⋈≻∋⋈≺≺∋∋∋⋈⋈⋈⋈≻∋⋈⋈∋⊤∈⋈⋈⋈⋈≻∋⊤∈⋈⋈⋈⋈≻≺⋈≻≺∋∋∋⋈⊤∈⋈⋈⋈≻≺∋∋∋⋈⋈≻⋈⊤∈⋈⋈⋈≻≺⋈⋈⋈⋈⋈⋈⋈⋈⋈⋈⋈⊞⋈∋∋∋⊞⋈⋈⋈⋈⋈⋈⊣
0x1b5f27d1	⊢⋈⋈⋈⋈⋈⋈⊞⋈⋈⋈⋈⋈⋈⋈⋈⋈≻⊤∈⋈⋈⋈⋈⋈≺⋈⋈⋈⋈⋈≻⋈⋈⋈≻⊞⊤⋈∈⋈⊤∈⋈⋈⋈⋈⋈⋈⋈⊤⋈∈⋈⋈⋈⋈⋈⋈⋈⊤∈∋⋈⋈⊙⊤∈⋈⋈⋈⋈⋈⋈⋈⋈≺∋⋈∈⊞⋈⋈⋈⋈⋈⊤∈⋈⋈⊤∈⋈⊞⋈⋈⊤∈⋈⋈≺∋⊞⋈⋈⋈⋈⊞∈⋈⋈⊞⊞⊞⋈⊞⊞⊞⊞⋈⊞⊞⊞⊞⊞⊞⊞⊤∈∋⊤⋈∈∋∋⋈⋈⋈⋈⋈⋈⊞∈⊤∈⊤∈⊤∈∋⋈≺∋⊤∈⋈⋈⊤∈⋈⋈⊤∈∋⋈⊤⊥∋⋈⊞≺∋⋈⊞∈⊤∈∋⋈⋈⋈⋈⋈⋈⋈⋈⋈⋈≻⋈⋈⋈⋈⋈⊤∈⋈⋈⋈≻⋈≺⊤∈⋈⋈⋈≻∋⋈⋈≻⊤∈⋈⊤∈⋈⊞⋈⊤⋈∈∋⊞∈⋈⋈⊞⋈⊞∈∋≺≺∋⊞∋⊞⊤⊥⋈∋∋⋈⋈⋈⋈⋈⋈⋈⋈⋈⋈≻⋈⋈⋈⋈⋈⋈⊤∈⋈⋈⋈≻⋈∋⋈⊤∈⋈⋈⋈≻⋈∋⋈⋈⋈⋈⊤∈⋈≻⋈⋈∋⋈⋈⋈⋈⊞⋈⋈≺∋⋈≻⊤∈∋⋈⋈⋈≻⋈⊞⊞⋈⋈⋈⋈⋈⋈⋈⋈⋈⋈⋈≻⋈⋈⋈⋈⋈≻⋈⋈⋈⋈⋈⋈⊞⋈⋈⊞∈⋈⊤∈⊤∈⊤∈∋∈⋈⋈⊤∈⋈⋈⋈≻⋈⋈≺∋∋⊤∈⋈⋈⋈⋈≻⋈∋⋈⋈⋈⊤∈⊤∈∋⋈⋈⋈≻⋈⋈⊤⋈∈⋈⊞≺∋⋈⋈⋈⊤∈⊞⋈⋈⋈⋈∈⋈⋈≻⋈⋈⋈⋈⊞⊞⊞∈∋⋈⋈⋈≺∋⋈⋈⋈⋈⋈⋈⊤∈⋈⋈⋈≻⋈∋⋈⊤∈⋈⋈⋈≻∋⋈⋈≻⋈⋈⋈⋈≻∋⊞⋈⋈⋈⋈⋈⋈⊣⊞∋⋈⋈≻∋⋈⋈⊞⊥⊞⊤⊥⊞∈⊤∈⋈⊞⋈⋈⋈≻⊤∈⋈⋈≺∋⋈⋈⋈⊙⋈⋈⋈⋈⋈⋈≺∋⊞∋⋈⋈≻∋≺∋⋈⋈⋈≻⊤∈⋈≻⋈∋⋈⋈⋈⋈⊞⋈⋈⋈⋈⋈⋈⋈⊤⋈∈⋈⋈⊤∈⊤∈⋈∋⊤∈⋈≺∋⊤∈∋⋈⋈⋈⋈⋈⋈⋈≻∋⊤∈⋈⋈⋈⋈≻≺∋⋈≺∋⋈⊤∈⋈⋈⋈≻⋈∋⋈⋈⋈⋈⊞≺∋
0x1b5f3579	⊢⋈⋈⋈⋈⋈⋈⊞⋈⋈⋈⋈⊞∈⊤∈⊞⋈⋈⋈⋈⋈⋈⊞⊥⋈⊞⊤⊥⊞∈⋈⊡⊞⊞⋈⋈⊤∈∋⋈⊙⊤∈⋈⋈⋈⋈⋈≺⊞⋈⋈⋈⋈⋈⊤∈∋⋈⋈⊞⋈≺⋈⊡⊞⋈⋈⋈⋈≺∋⋈⊞⋈⊞⊞⊤⊞⊤∈⋈⋈≻⊤∈⊞⋈≺∋∋⋈⊞⋈⋈⋈⋈∈⋈≺⊤∈⋈⊞⋈⋈≺∋∋⊤∈⋈⊞⋈≻∋⋈⋈≻⋈⋈⋈⊤⋈∈⊞⋈⊞⊞⋈∈⋈⋈∈⊤∈⋈≻⋈≺∋⋈⊞⋈⊞⊞∈⊞⊤∈∋⊡∈⋈⋈⋈⋈⊤⋈∈∋⊞⋈⊞⋈⋈≺∋⊤∈∋⋈≻∋⋈⋈≻⋈⋈⋈⋈⋈⋈⋈⋈⊞⊤∈⋈⋈≺⊤∈⋈⊞⋈⋈≺∋∋⋈⊤∈⋈⋈⋈≺⊤∈⋈⊞⊞⋈⋈⋈≺∋∋⊤⊥⊤∈⊞∈⋈⊡⊞⊤∈∋∋⊤∈⋈∋⋈⊤∈⋈⊤∈⋈⋈∋⋈⊤∈⊞≺⊤∈⋈⊞⋈∈⊤∈⊞⋈⊞⊤⋈∈∋⊤∈∋⋈⋈≺∋∋∋⋈⊞⊤∈⊤∈⋈⋈⋈≻⋈⋈⋈≺⊤∈⊞⋈⋈≻⋈⋈≻⋈⋈⋈≺⊤∈⋈∋⊤∈⊤∈⋈≺∋∋∋∋∋∋⋈⋈⋈⋈⋈⋈⊞⋈⋈⋈⋈⊣⋈⊤∈⋈⋈∈⊤∈⋈≻≺∋⋈⋈⊞⋈⋈⊞⊤⋈∈∋≺∋⋈⋈⊤⋈∈⋈⋈⊞⋈⋈∈⋈⋈⊞∈⊞⋈⊞⊤∈⋈≻∋⋈⋈⊞⋈⊞⊤∈∋⋈⊞⊤∈∋⋈⋈≻⊤⋈∈⋈⊞⊤∈⋈⊞∈⊤∈⋈⋈⊤∈⋈⊤⋈∈∋≺∋∋⋈∋∋⋈⋈⋈⋈∋⊞⋈⋈⋈⋈⋈⋈⊣≺∋≺∋≺∋
0x1b5f3308	⊢⋈⋈⋈⋈⋈⋈⊤∈⋈⊞⋈⋈⋈⊞⋈⋈≻⊤∈⋈⋈⊞∈⊤∈⋈⊞⊤∈⋈⋈≻∋⋈⋈≻⋈⋈⋈⋈⋈⋈⊞⋈⋈⋈⋈⋈⋈⊞∈⋈⋈≺∋⊤∈⋈⊤∈⊤∈⋈≺⋈⊤∈⋈⋈⋈≻⊤∈⋈⋈≻⋈⋈⋈⋈⊙⋈⋈⋈≺⋈⊤∈∋⋈⊤∈⊤∈⋈≺⋈⊤∈⋈⋈⊞⊥⊞⊤⊥⊞∈⊞∈⋈⋈≻∋⊤∈⋈⊞⋈⋈⋈⋈≻⊤∈∋⋈⋈⋈≺∋⋈⋈⊙⋈⋈≺⋈≺∋∋∋⋈⋈⋈⋈⋈⋈⋈≺∋∋∋⋈⋈⋈⋈⋈⋈≺∋≻⊞⋈⋈⋈⋈⋈⋈⊣⋈⊞⋈⊞⊡∋⊞⊞∈∋⊤∈∋⋈⋈⋈⋈⋈⋈≻≺∋⋈⋈⋈⋈⋈⋈⋈≺
0x1b5f3b13	⊢⋈⋈⋈⋈⋈⋈⊞⋈⋈⋈⋈⋈⋈⋈⋈⋈⋈⋈≻⋈⋈⋈⋈⋈⊞∈⋈⊤∈⋈⊤∈⋈⋈⋈⋈⋈⊤∈⋈⋈⋈≺∋⋈⊞∈⊤∈⊤∈⋈⊞⊤⋈∈∋∈∋∋∋⋈⋈∋⊤∈∋⋈⋈⊤∈⋈⊞⋈⊤∈⋈⋈≺∋⊞⋈⋈⋈⋈⊞∈⋈⋈⊞⊞⊞⋈⊞⊞⊞⊞⋈⊞⊞⊞⊞⊞⊞⊞⊤∈∋⊤∈∋∋⋈⋈⋈⋈⋈≻⊤∈⋈⋈⋈≻⋈⊞⋈⊞⋈⋈⋈⋈⋈⋈⋈⋈⋈≻⋈⋈⋈⋈⋈⋈≻⋈⋈⋈⋈⋈≺∋⋈⋈⋈⋈⋈≻⋈⋈⋈⋈≻⋈⋈⋈⋈≻⋈⋈⋈⋈⋈⋈⋈⋈⋈⋈⋈⋈⊤∈⊤∈⋈⋈⊤∈⋈⋈≺⋈≺∋∋⋈∈⋈⋈⋈⋈⋈⋈⋈⊞⋈⋈⋈⋈⋈⋈⋈⋈⋈⋈⋈⋈⋈⊞⋈⊞⋈⋈⊞⋈∈⊤⋈∈⊤∈⊤∈⊤∈∋⊤∈⊤∈⊤∈≺∋⋈⋈⋈⋈≻⋈⊤∈⋈⋈⋈≺⋈⊤∈⋈⋈≺≺∋∋∋∋⋈⋈⊤⊥⊞⋈∈⋈⋈⋈⋈⋈≻⋈⋈⋈≻⋈⋈⋈⋈≻⋈⋈⋈⋈⋈⋈⋈⊤∈⋈⋈⊤∈⊤∈⋈∋⊤∈⋈≺∋⊤∈∋⋈⋈⋈⋈⋈⋈⋈≻≺∋⊤∈⋈⋈⋈⋈≻≺∋∋⋈⊤∈⋈⋈⋈≻∋⋈⋈⋈⋈⋈⋈⋈⋈⋈⋈⊤∈⋈⋈⊤∈⊤∈⋈∋⊤∈⋈≺∋⊤∈∋⋈⋈⋈⋈⋈⋈⋈≻≺∋⊤∈⋈⋈⋈⋈≻≺∋∋⋈⊤∈⋈⋈⋈≻∋⋈⋈⋈⋈⋈⋈⋈⋈⋈⋈⊤∈⋈⋈⊤∈⊤∈⋈∋⊤∈⋈≺∋⊤∈∋⋈⋈⋈⋈⋈⋈⋈≻≺∋⊤∈⋈⋈⋈⋈≻≺∋∋⋈⋈⊤∈⋈⋈⋈≻∋⋈⋈⋈⋈⋈≺⋈⊤∈⋈⊤∈⋈⊞⋈⊤⋈∈∋⋈⊤⊥≺≺∋⋈⊞∋⋈⊞∈⊤∈∋⋈⋈⋈⋈⋈⋈⋈⋈≻⋈⋈⋈⋈⋈⋈⊤∈⋈⋈⋈≻∋⋈≺⊤∈⊤∈⋈⊤∈⋈⊞⋈⊤⋈∈∋⊞∈⋈⊞⊞∈∋≺≺∋⊞∋⊞⊤⊥⋈⋈⋈∋⊤∈⋈⊤∈⋈⊞⋈⊤⋈∈∋⋈⊤⊥≺≺∋⋈⊞∋⋈⊞∈⊤∈∋⋈⋈⋈⋈⋈⋈⋈⋈≻⋈⋈⋈⋈⋈⋈⊤∈⋈⋈⋈≻≺⊤∈⊤∈⋈⊤∈⋈⊞⋈⊤⋈∈∋⊞∈⋈⊞⊞∈∋≺≺∋⊞∋⊞⊤⊥⋈⋈⋈∋∋⋈⊤∈⊤∈⊤∈∋⊤∈⋈⊤∈⋈⊞⋈⊤⋈∈∋⋈⊤⊥≺≺∋⋈⊞∋⋈⊞∈⊤∈∋⋈⋈⋈⋈⋈⋈⋈⋈≻⋈⋈⋈⋈⋈⋈⊤∈⋈⋈⋈≻≺⊤∈⊤∈⋈⊤∈⋈⊞⋈⊤⋈∈∋⊞∈⋈⊞⊞∈∋≺≺∋⊞∋⊞⊤⊥⋈⋈⋈∋⋈⋈≺∋∋∋⋈⋈⋈⋈⋈⋈⋈⋈≻⋈⋈⋈⋈⋈⊤∈⋈⋈⋈≻∋⋈⊤∈⋈⋈⋈≻∋⋈⋈⋈⋈⋈⋈⋈⋈⋈⋈⋈⋈≻⋈⋈⋈⋈⋈⊤∈⋈⋈⋈≻∋⋈⊤∈⋈⋈⋈≻∋⋈⋈⋈⋈⋈⋈⋈⋈⋈⋈⋈⋈≻⋈⋈⋈⋈⋈⊤∈⋈⋈⋈≻∋⋈⊤∈⋈⋈⋈≻∋⋈⋈⋈⋈∋⋈⋈⋈⋈⋈⋈⋈⋈⋈⋈⋈⋈⊤∈⋈⋈⋈⋈⋈⋈⋈≻⊤∈⋈⋈⋈≻⋈⋈⊤∈⋈⊤⋈⋈∈⋈⊞⋈⊤⋈⋈⋈∈∋⋈⊤⊥≺≺∋⋈⊞∋⋈⊞∈⊤∈∋⋈⋈⋈⋈⋈⋈⋈⋈≻⋈⋈⋈⋈⋈⋈⊤∈⋈⋈⋈≻≺∋∋⋈⊤∈⋈⋈⋈≺⋈≺⊤∈⊤∈⋈⊤∈⋈⊞⋈⊤⋈∈∋⊞∈⋈⊞⊞∈∋≺≺∋⊞∋⊞⊤⊥⋈⋈⋈∋⊤⋈⋈⊥⋈⋈∋⋈⋈⋈⊤∈⋈∋⊤∈⊤⋈⋈⊥⊤⊥⊞⊙⊤∈⊤∈⋈⋈⋈⋈≻∋⋈⊤∈⋈⋈⋈≻∋⋈⋈⊤∈⋈⋈⋈≻≺⊤∈⋈⊤∈⋈⊞⋈⊤⋈∈∋⋈⊤⊥≺≺∋⋈⊞∋⋈⊞∈⊤∈∋⋈⋈⋈⋈⋈⋈⋈⋈≻⋈⋈⋈⋈⋈⋈⊤∈⋈⋈⋈≻≺⊤∈⊤∈⋈⊤∈⋈⊞⋈⊤⋈∈∋⊞∈⋈⊞⊞∈∋≺≺∋⊞∋⊞⊤⊥⋈⋈⋈∋∋∋⋈⋈⊤⋈⋈⊥⋈⋈⊤⋈⋈⊥⊤⋈⋈∈⊤⋈⋈⊥⋈⊤⊥⊤⋈⋈⊥⊤⊥⊞∈⊤∈⊞⊤⋈∈⋈⊤⋈∈∋⋈∋∈∋⊤∈⊤⋈∈⋈⊤∈⋈⋈⋈⋈⊤⊥⋈⊤⊥⊞∈⊤∈⋈⊞⋈⋈⋈≻⊤∈⋈≺⋈≺∋⋈⋈⋈⋈⊙⋈⋈⋈⋈≺⋈⋈≺∋⋈⋈⋈∋⋈≺∋⋈⋈⋈⋈⋈≻⋈⋈⋈⋈⋈⋈⋈⋈⋈≻≺∋⊤∈⊤∈⋈⊤∈⋈⋈⋈⋈⋈⊤⊥⊞⊤⊥⊞∈⊤∈⋈⊞⋈⋈⋈≻⊤∈⋈≺⋈≺∋⋈⋈⋈⋈⊙⋈⋈⋈⋈≺⋈⋈≺∋∋⋈∋⋈⋈⋈⋈⋈≻⋈⋈⋈⋈⋈⋈⋈∋⊤∈⋈⋈⋈⋈⋈⋈≻⋈⋈⋈⋈≻⋈⋈⋈⋈≻⋈⋈⋈≻⋈⋈⊤⋈⋈⊥⋈⋈⊤⋈⊥⊤∈⋈⋈⋈⋈⋈⋈≻⋈⋈⋈⋈⋈⋈⋈⋈⋈⋈⋈≻⋈⋈⋈⋈⋈≺∋⋈⋈⊤⋈∈⋈⋈⋈⋈≻∋⋈⋈⋈≻⋈≺⊤∈⋈⊤∈⋈⊞⋈⊤⋈∈∋⋈⊤⊥≺≺∋⋈⊞∋⋈⊞∈⊤∈∋⋈⋈⋈⋈⋈⋈⋈⋈⋈≻⋈⋈⋈⋈⋈⋈⊤∈⋈⋈⋈≻≺⊤∈⊤∈⋈⊤∈⋈⊞⋈⊤⋈∈∋⊞∈⋈⊞⊞∈∋≺≺∋⊞∋⊞⊤⊥⋈⋈⋈∋∋⋈⋈⋈≻⊤∈⋈⊤∈⋈⊞⋈⊤⋈∈∋⋈⊤⊥≺≺∋⋈⊞∋⋈⊞∈⊤∈∋⋈⋈⋈⋈⋈⋈⋈⋈⋈≻⋈⋈⋈⋈⋈⋈⊤∈⋈⋈⋈≻≺⊤∈⊤∈⋈⊤∈⋈⊞⋈⊤⋈∈∋⊞∈⋈⊞⊞∈∋≺≺∋⊞∋⊞⊤⊥⋈⋈⋈∋∋⋈⋈⋈≻⋈⊤⋈⋈⊥⋈⊤⋈⊥⊤∈⋈⋈⋈⋈⋈⋈≻⋈⋈⋈⋈⋈⋈⋈⋈⋈⋈⋈⋈≻⋈⋈⋈⋈⋈≺∋⊤⋈∈⋈⋈⋈⋈≻∋⊤∈⋈⊤⋈∈⋈⊞⋈⊤⋈⋈∈∋⋈⊤⊥≺≺∋⋈⊞∋⋈⊞∈⊤∈∋⋈⋈⋈⋈⋈⋈⋈⋈≻⋈⋈⋈⋈⋈⋈⊤∈⋈⋈⋈≻∋⋈≺⊤∈∋∋∋∋∋∋∋⋈⋈⋈≻⋈⊤∈⋈⊤∈⋈⊞⋈⊤⋈∈∋⊞∈⋈⊞⊞∈∋≺≺∋⊞∋⊞⊤⊥⋈⋈⋈∋⊤∈⋈⋈⋈≻∋∋⋈⋈⋈⊤∈⋈∋⋈⋈⋈⊤∈⋈∋⊤∈⊤⋈⋈⊥⊤⊥⊤⋈⋈⊥⊤⊥⊞⊙⊤∈∋⋈⋈⊤∈⋈⋈⋈⋈≻∋⊤∈⋈⋈⋈⋈≻∋⋈⊤∈⋈⋈⋈≻∋⋈≺⊤∈⋈⋈⋈⋈≻∋⊤∈⋈⋈⋈⋈≻∋⋈⊤⋈∈⋈⋈⋈≻∋⋈⋈⋈⋈≺∋⋈⋈⋈≻⋈⋈⋈≻⋈⋈⊤⋈⋈⊥⋈⋈⊤⋈⊥⊤∈⋈⋈⋈⋈⋈⋈≻⋈⋈⋈⋈⋈⋈⋈⋈⋈⋈⋈≻⋈⋈⋈⋈⋈≺∋⊤∈⋈⋈⋈⋈≻∋⋈⋈⋈≻⋈⋈⊤⋈⋈⊥⊤∈⋈⋈⋈≺∋⊤∈⋈⊤⊥⊤⊥⊤∈⋈⊤∈⊤∈⋈⋈⋈≻≺⋈⋈⊤⊥⋈⊤⊥⊞∈⊞⋈⋈⊤∈⋈⊞⋈⋈⋈≻⊤∈∋⋈≺∋⋈⋈≻∋⊞∋⋈⋈≻∋⋈⋈⊤⊥⋈⊤⊥⊞∈⊤∈⋈⊞⋈⋈⋈≻⊤∈⋈⋈≺∋⋈⋈⋈⊙≺∋⊞∋⋈⋈≻∋⊞∋⋈⋈≻∋∋⋈⋈⊤∈⋈⋈⋈⋈≻∋⋈⊤∈⋈⋈⋈≻∋⋈∋⊤∈⋈⋈⋈≻∋⋈⊤∈⋈⋈⋈≻∋⋈⊤∈⋈⋈⋈≻⋈≺∋⋈⋈⋈⋈⊙⋈⋈⋈⋈⋈⋈≻⋈⋈⋈⋈⋈⋈≺⊤∈⊤⋈∈∋∋⋈⋈⋈∋∋⊤∈⋈⋈⋈⋈≻∋⋈≺≺∋⋈⋈⋈⋈⋈⋈⋈≻⋈⋈⋈⋈∋⋈⋈≻⋈⋈⋈⋈⋈⊤⋈⋈⊥⋈⊤⋈⊥⊤∈⋈⋈⋈⋈⋈⋈≻⋈⋈⋈⋈⋈⋈⋈⋈⋈⋈⋈⋈≻⋈⋈⋈⋈⋈≺∋⊤∈⋈⋈⋈⋈≻∋⊤∈⋈⋈⊤∈⋈⊤∈⋈⊤∈⋈≺∋⊤∈⋈≺∋⊤∈∋⋈⋈⋈⋈⋈⋈⋈⋈≻≺∋⊤∈⋈⋈⋈⋈⋈≻≺⋈⋈⋈⋈⋈⋈⋈⋈≻⋈⋈⋈⋈⋈⊤∈⋈⋈⋈≻∋⋈⊤∈⋈⋈⋈≻≺∋∋∋∋⋈⊤∈⋈⋈⋈≻∋⋈⋈⋈⋈⋈⋈⋈≻⋈⋈≻⋈⊤∈⋈⋈⋈≻∋⋈⋈⋈≻⋈⋈≻⋈⊤∈⋈⋈⋈≻∋⊤∈⋈⋈⋈⋈⋈⋈⊤∈⋈⋈⊤∈⊤∈⋈∋⊤∈⋈≺∋⊤∈∋⋈⋈⋈⋈⋈⋈⋈≻≺∋⊤∈⋈⋈⋈⋈≻≺∋∋⋈⋈⋈⋈⋈⋈≺⋈⋈⊤⋈⋈⊥⋈⊤∈⋈⋈∋⋈⊤∈⋈⋈⋈⋈≺⋈⊤∈⋈⊞⊞⋈⋈⋈≺∋∋⊤∈⊤∈⋈⋈≻≺⊤∈⊤∈⋈≻⊤∈⋈⋈⋈⋈≻∋⋈⋈⋈⋈≺⋈⋈⊤∈⊤∈⋈⊤∈⋈⋈⊤⊥⋈⊤⊥⊞∈⊞⊤∈⋈⊞⋈⋈⋈≻⊤∈⋈≺∋⋈⋈≻∋⋈⊞∋∋⋈⋈⋈⊤∈⋈∋⊤∈⊤⋈⋈⊥⊤⊥⊞⊙⊤∈⊤∈⋈⋈⋈⋈≻∋⋈⋈⋈⊤⋈∈∋⋈⋈⋈⋈⊙⋈⋈⋈≻⊤∈⋈⋈⊤⊥⋈⋈⋈⊙⋈⊤⊥⊞∈⋈⋈⋈∈⊤∈⊞∈⋈⊞⊤∈∋∋∋⊞⋈⋈⋈≺∋⋈≺∋⋈⊤∈⋈⋈⋈⋈⊙⋈⋈≺⋈⋈≻⊤∈∋⋈⋈≻⋈⋈⋈⋈⋈⋈⊞⋈⋈⋈⋈⊞∈⋈⋈⋈⋈≺⋈⊤∈⋈⊞⊞⋈⋈⋈≺∋∋⋈⊤∈⋈⋈⊤⊥⊤⊥⊤∈⊤∈⊤∈⋈⋈⋈⋈≻≺⋈⋈⋈⋈⋈⋈⋈≻⋈⋈⋈⋈≺⋈⋈⋈⊤⊥⊤∈∋⋈⋈⋈≺⋈⊞≺∋⋈⋈⊤∈⊤∈⋈≺⊤∈⋈⋈⊞⊥⋈⊤⊥⊞∈⊞∈⋈⋈≻∋⋈⊤∈⋈⊞⋈⋈⋈⋈≻⋈⊤∈∋⋈⋈≺∋⋈⋈⋈⊙⋈⋈⋈≺∋∋∋⋈⋈⋈⋈⋈⋈≻⋈⋈⋈⋈⋈⋈∋⊤∈∋⋈⋈⋈⋈≻∋∋⊞⋈⋈⋈⋈⋈⋈⊣⋈⋈⊤⊥⋈⋈⋈⊙⋈⋈⊞⊤⊥⊞∈⋈⋈∈⊤∈⊞∈⋈⊞⊤∈∋∋∋⊞⋈∋⋈⋈⋈≺∋⋈⋈⋈≻⋈⋈≻⋈⋈≻⋈⋈⋈≻⋈⋈⋈⋈⋈⋈⋈⋈⋈⋈⋈⋈⋈⊤∈⋈⋈⋈≻∋⋈⊤⋈∈⋈⋈⋈≻∋⋈⊤∈⋈⋈⋈≻∋⋈⊤∈⋈⋈⋈≻∋⊤∈⋈⋈⋈⋈≺∋⊤∈⋈⋈⋈⋈≻∋⋈⋈≺∋∋⋈⊤∈⋈⋈⋈≻∋⋈⊤∈⋈⋈⋈≻∋⋈⊤∈⋈⋈⋈≻∋⋈⊤∈⋈⋈⋈≻∋⋈⊤∈⋈⋈⋈∋≻∋∋⋈⊤∈⋈⋈⋈≻∋⋈⊤∈⋈⋈⋈≻∋⋈⊤∈⋈⋈⋈≻∋⋈⋈⊤∈⋈⋈⋈≻≺∋∋⋈⊤∈⋈⋈⋈≻∋⊞⋈⋈⋈⋈⋈⋈⊣⋈≺∋⋈⋈⋈⋈⊙⋈⋈⋈≺⋈⋈≺∋∋⋈∋⋈⋈⋈⋈⋈≻⋈⋈⋈⋈⊤∈⋈⋈⋈⋈≻∋⋈⋈⋈⋈⋈⊞⊤⊥⋈≺∋∋∋∋⋈∋⋈⊤∈⋈⋈⋈≻∋⋈⊤⋈∈⋈⋈⋈≻∋⋈⊤∈⋈⋈⋈≻∋⊞≺∋
0x1b5f6d3e	⊢⋈⋈⋈⋈⋈⋈⊞⋈⋈⋈⋈⋈⊤∈⋈⋈⋈⋈⊙⊞≺⋈⋈⋈⋈≻⊤∈⋈⋈≻⋈⊤⊥⋈⋈⋈⊙⋈⊤⊥⊞∈⋈⋈⋈⋈∈⊤∈⊞∈⋈⊞⊤∈∋∋∋⊞⋈⋈⋈⋈⋈≺∋∋⊤∈⋈⋈⋈⋈⋈⊙⊤∈⋈⋈⋈⋈⋈⋈⋈⋈⋈⋈⋈≻⋈⊤∈⋈⋈⋈⋈⊙⋈⊤∈⋈⋈⋈≻⋈⋈⋈⋈≻⊤⋈∈⋈⋈⋈⋈≻⊤∈⋈⋈⋈⋈⋈⋈⋈≻⊤⋈⊥⊥⋈⋈⋈⋈⋈⋈⋈⋈⋈⋈⋈⋈⋈⋈⋈⋈⋈⋈⋈⋈⋈⋈⋈⋈⊞⋈⋈⋈⋈⋈⋈≺∋⋈⋈⋈≻⋈∋∋∋∋⋈⋈⋈⋈⋈⋈≻⋈⊞⋈⋈⋈⋈⋈⋈≺
0x1b5f3263	⊢⋈⊞⋈∈⊤∈⋈⊞⊤⋈∈∋⋈∋⋈⊞⋈∈⊤∈⋈⊞⊤⋈∈∋⋈∋⊤⊥⊞⊤∈⊞∈⊤∈⊞∋⊣⊤∈⊞⊤⊥≺∋⊤∈⊞⊤⊥≺∋⊞⊤∈∋⊥⊞⊣
0x1b5f1926	⊢⋈⋈⋈⋈⋈⋈⊞⋈⋈⋈⋈⋈≻⋈⋈⋈⋈⋈⋈≻⋈⋈⊞⋈⋈⋈⊤⋈⊥⊤∈⋈⋈⊞⋈⊞⊞⋈⋈∈⊤⋈⊥⊤⋈⊥⊞⊞⊞⋈⊞⊤∈⋈≻⋈⋈⋈⋈∋⋈⊞⋈⊞⊞⋈⋈⊤∈∋⊤∈⋈⊞⊤∈⋈≻∋⋈⋈⊞⋈∋∋⋈⋈⋈≻⋈⋈⋈⋈≻⋈⋈⋈⋈≻⋈⋈⋈⋈≻⋈⋈⋈⋈⊞⋈⋈⋈⋈⋈⋈≺
0x1b5f1ace	⊢⋈⋈⋈⋈⋈⋈⊞⋈⋈⋈⋈⋈≻⋈⋈⋈⋈⋈⋈⋈≻⋈⋈⊞⋈⋈⋈⊤∈⋈⋈⋈⊞⋈⊞⊞⋈⋈∈⋈⊤⋈⊥⊞⊞⊞⋈⊞⊤∈⋈⋈≻⋈⋈⋈⋈∋⊞⋈⊞⋈⊞⋈⊤∈∋⋈⋈⋈≺∋⋈⋈⋈≻⋈⋈⋈⋈≻⋈⋈⋈⋈≻⋈⋈⋈⋈≻⋈⋈⋈⋈⊞⋈⋈⋈⋈⋈⋈≺
0x1b5f1897	⊢⋈⋈⋈⋈⋈⋈⊤∈⊤∈⊤∈⋈≻∋⋈⋈⋈⋈⊞⋈∈⋈⊞∈⋈≻⊤∈⊞⋈⊞⊤∈∋≺∋∋∋⋈⋈⋈⋈⊞⋈⋈⊣
0x1b5f1c4b	⊢⋈⋈⋈⋈⋈⋈⊞⋈⋈⋈⋈⋈≻⋈⋈⋈⋈⋈⋈≻⋈⋈⋈⋈⋈⋈⋈≻⋈⋈⋈⋈≻⋈⋈⋈⋈≻⋈⋈⋈⋈≻⋈⋈⋈⋈≻⋈⋈⋈⋈⋈⊞⋈⋈⋈⋈⋈⋈≺
0x1b5f1d28	⊢⋈⋈⋈⋈⋈⋈⊞⋈⋈⋈⋈⋈⋈⊞∈⊤∈⊤⋈∈∋⊞⋈⊞⊥∈⋈⊤∈⊤∈⋈⊤⋈∈∋⊞⋈∋⋈∈⋈⊤∈⋈⊤∈⋈≺⋈⊤⋈∈∋⊞≺∋⊤∈∈⊞⋈∈⊤∈∋⋈⊤∈⋈⊞⊤∈⊤∈⋈⊤⋈∈∋∈∋∋⋈⋈⊙⊤∈⋈⋈⋈⊤∈⊞⋈⋈≻⋈⋈⊤∈∋⋈⋈⋈⋈⋈⋈⊙⋈⋈⋈⋈≻⋈⋈⋈⋈≺≺⋈≺∋⋈⋈⋈≻⊤∈⋈⋈⋈≺∋⋈⋈⋈⋈⊙⋈⋈⋈≻⋈⋈≻⊤∈⋈⋈⋈⋈⋈⋈⊙⋈⋈⋈⋈≻⋈⋈⊞∈∈⋈⋈⊡⊞⊞⋈⋈⊞⋈≻⊞⋈⊞⋈⊞⋈⋈⊞∈⊤∈⋈≻⋈⋈⋈⊞⊞⋈⊞⊤⋈⊥⊞⋈⊞∈∋⋈⋈⋈⊞≻⋈⊤∈⋈⊞⊞⋈⋈⊞⋈⊞⋈⋈⊞⊞∈⋈⊤∈⋈⋈⋈⊞⊞⋈⊞⋈⊞⊤⋈⊥⊞⋈∈∋⋈≺∋⊤∈⋈⋈≻⋈⋈⋈⋈⋈⋈⋈⋈⊞∈∋⋈⋈⋈⋈⋈⊞⋈⋈⋈⊞≻⋈⋈⊞⋈⋈⋈⋈⋈⋈⋈⋈⋈⊞⋈⊞⋈⋈⋈⋈∈⋈⊞⊤∈∋⋈≺⊤∈⋈≻⋈⋈⋈⋈⋈⋈⊞⊙⋈⋈⋈⋈⊞⊞⊞⋈⊞⋈⊞⊞⊞⋈⊞⋈⊞⊞⊤⊥⊥⊤∈⊞⋈⋈⋈⊞⋈⋈∈⊤∈⋈⋈⋈≻⊤∈∋⋈⋈⋈⊞⋈⊞⊞⋈⊤⋈⊞∈⊞⊞⊞⊞∈∋≺∋∋⊞⊞⊞∈⋈⊤∈⋈⋈⊞⋈⊞⊞⊞⊞⊡⋈⋈⊞⊥⋈⊤∈∋⋈⋈⊡⋈⋈⊞⋈∈⊞⊞⊞∈⋈⊤∈⋈≺⊞⊞⊞⋈⋈⊞⊞⋈⊤∈∋⊡⊞∋⋈⊤∈∋⋈⋈⋈≻∋⋈⋈⋈⊞⊞∈∋⋈⊞⋈≻⋈⊤∈⋈⊤∈⋈⋈⋈⋈⊙⋈⊞⋈⋈⋈⊞⋈⊞⊞⋈⋈⋈∈⋈⋈⊞⊤∈⋈⊤∈⋈⋈⋈⊞⊞⋈⋈⊞⊞⊤∈∋≺∋⋈⋈⋈⋈⋈⋈⋈⋈≻⋈⋈⋈⋈⊞⋈⋈≻⋈⋈⋈⋈≻⋈⋈⋈⋈≻⋈⋈⋈⋈≻⋈⋈⋈⋈⋈⋈⋈⊞⋈⊞⋈≻⊤∈⋈⋈⋈⋈⋈⊞⋈⊞⋈∈⊤∈⊤∈⋈⋈⋈⋈⊞⊙⋈⋈⊞⋈⊞⊞∈∋⋈∋⋈⋈⋈⋈⋈⋈≻⋈⊙⊤∈∋⋈⋈≻∋⋈≺∋∋∋⋈≻∋⋈⋈≻∋⋈≺∋⋈≻∋⋈∋⋈≻∋⋈≻∋⋈⋈⋈≻∋⋈≻∋⋈⋈≻∋⋈⋈≻∋∋⋈⋈≻∋⋈⋈≻∋⋈≺∋⊞≻⋈⋈⋈⋈⋈⋈⋈⋈⋈⋈⋈⋈⋈⋈≻⋈⋈⋈⋈≺∋≻∋⊞⋈⋈⋈⋈⋈⋈⊣
0x1b571a51	⊢⊤∈⋈⊤∈⊤∈⊤∈⊤∈⊤∈∈∋⊤⊥⊣∋∋∋∋⊞∋⊣
0x1b571bee	⊢⋈⋈⋈⋈⋈≻⋈⋈⋈⋈⋈≻
0x1b571aec	⊢⋈⋈⊤∈≻∋≻
0x1b572610	⊢⋈⋈⋈⋈⋈⋈⋈⊞⋈⋈⋈⊤∈⊞⋈⋈⋈⋈⊞⋈⋈⋈⋈⋈⋈⊙⋈⊤∈⋈⋈⋈⋈≺∈⋈⋈⊤∈⊤∈⋈⋈⋈⋈⊙⊤∈⋈⊞≺⊤∈⋈⊤∈⋈⊞⋈∋⊤∈⋈⊞⊞≺∋⋈⊤∈⋈⊞⊤∈⊞⊤∈∋⋈⊞≺∋∋⊤∈⋈⊞⊤∈⊞⋈∋∋⊤∈⋈⊞⊤∈⊞⋈∋∋⋈⊞⋈⋈⋈⋈⋈⊞⋈≺∋⋈⋈⋈⋈⋈⊙⊤∈⊞⋈≺⋈⋈⋈⊙⊤∈∋∋⋈⊞≺∋∋⋈⋈⊤∈∋∋⊞≺∋⊞⋈⋈⋈⋈⋈⋈⊣
0x1b574b10	⊢⋈⋈≻
0x1b574b20	⊢⋈⋈⊞⋈⋈⊤∈⋈⊡∈⊤∈⊞∈∋⊞∋⋈⋈⊞⊤⊥⋈⋈⊥⋈⋈⋈⋈⊞≺∋⋈⋈⊤∈⊤∈⊤∈⋈⋈⋈⋈⋈⋈⋈⋈⋈⋈⋈⋈⋈⋈⋈≺⊤⊥⊤⊥⊞∈⊤⊥∋⋈⊤∈⊤∈⊡∈⊤∈⊞∈∋∋⊞∋⊤∈∋∈⋈≻∋⋈⊤∈⋈⊞⋈⊞⊤∈⊞⊞⋈≺⋈⊞⊞⊞⊤∈⊞⊞⋈⋈⊞⊞⊞⊞⊞⊞⊤∈∋≺∋∋⋈⋈⊤∈⋈⊤∈⊤⋈⊞⋈⋈≺∋∋∋⊞⋈⋈⋈⋈⋈⋈⋈⋈⋈⋈⋈⋈⋈⋈⋈⋈⋈⋈⋈⋈⋈⋈∋∈⋈⋈≻∋⋈∋⋈⋈⋈⋈⋈⋈⋈⋈⋈⋈⋈⋈⋈≺∋
0x1b575080	⊢⋈⋈≻
0x1b5750e0	⊢⋈⋈⊞⋈⋈⋈⋈⋈⋈⋈⋈≻
0x1b573aa0	⊢⋈⋈⋈⋈⋈≻
0x1b575120	⊢⋈⋈⊞⋈⋈⋈⋈⋈⋈⋈⋈⋈⋈⋈⋈⋈⋈⋈≻
0x1b575180	⊢⋈⋈⋈⋈⊞≻
0x1b5751e3	⊢⋈⋈≻
0x1b5731cd	⊢⋈⋈⊞⋈⋈⋈⋈⋈⋈⋈⋈⋈⋈⋈≻
0x1b5751a0	⊢⋈⋈⊞⋈⋈⋈⋈⋈⋈⋈⋈≻
0x1b5724b5	⊢⋈⋈⊞⋈⋈⋈⋈⋈⋈⋈⋈⋈⊤∈⋈⋈⋈⋈⋈⋈⋈⋈⋈⋈⋈⋈⋈≻∋⋈⋈⋈⋈⋈⋈⋈⋈⋈⋈⋈⋈⋈⋈⋈⋈⋈⋈⋈≻
0x1b5751d3	⊢⋈⋈⋈≻
0x1b5751f0	⊢⋈⋈⋈⋈⋈⋈≻
0x1b573bc0	⊢⋈⋈⋈≻
0x1b5725e0	⊢⋈⋈⊞⋈⋈⋈⋈⋈⋈⋈≻
0x1b5f0cd0	⊢⋈⋈⋈⋈⋈⋈⋈⊞⊞⊞⋈⊞⋈⋈⊞⋈⊤∈⊞≺⋈⋈⋈⊞⋈⋈⊞⋈⋈⋈⊤⋈⋈∈⋈⋈⋈⊞⋈⊞⋈⊞⋈⋈⋈⋈⋈⋈⋈⊞⋈⋈⋈⋈⋈⋈⋈⋈⋈⋈≺∋⊞⊞⊞⋈⋈⊞⋈⊤⋈∈⊞⋈⋈⊞⋈⋈∋⊞⋈⋈⊞⊞⋈⊞⊞⋈⊞⊞⋈⊞⋈⊞⊞⊞⊞⋈⊞⊞⊞⋈⊞⋈⊞⋈⊞⊞⊞⋈⊞⊞⊞⋈⋈⊞⋈⊞⋈⊞⊞⊞⋈⊞⊞⋈⋈⊞⊞⋈⊞⋈⊞⊞⊞⋈⊞⊞⊞⊞⊞⊞⋈⊞⊞⊞⊞⊞⊞⊞⊞⊞⋈⊞⊞⊞⋈⊞⊞⊞⋈⊞⊞⊞⊞⊞⋈⊞⋈⋈⊞⊤⊥⊤∈⋈⊞⋈⊞⋈⋈⊞⊞⊞⋈⊞∋⋈⋈⊞⊞⊞⋈⊞⋈⊞⊞∈⋈⋈⊞⊞⊞∈∋⋈⊞⊞⋈⊞⊞⊞⊞⊞⊞∋⋈⊞⊤∈⋈≻⋈⋈⊞⊞⊤∈⋈⋈⋈⊤∈⋈⊞⋈⊞⊤∈⋈⋈⋈⊞⋈⋈⊞⊤⊥⊥⋈⊞⊞⊞⊞⊞⊞⋈∋⋈⋈⊞⋈⊞⋈⊞⊞⊞⊞⊞⋈⊞⊞⊞⋈⊞⊞⊞⋈⊞⊞⊞⋈⋈⊞⊞⋈⊞⊞⋈⊞⊞⊞⋈⊞⊞⊞⊞⊞⊞⊞⊞∈⋈⋈⊞⋈⊞⊞⋈⋈⊞⊞⊞⋈⊞⊞⊞⋈⊞⊞⊞⋈⊞⊞⊞⋈⊞⊞⊞⊞⋈⊞⊤⊥⋈⋈⊞⊞⋈⊞⊞⊞⊞⊞⋈⋈⊞⊞⊞⊞⋈⊞⊞⋈⋈⊞⊞⊞⊞⊞⊞⊞∋⋈⋈⊤∈∋⋈⋈⊞⊞⊞⊞⊞⋈⊞⊞⊞⋈⊞⊞⊞⊞⊤∈⋈⋈⋈⊞⋈⋈⋈⊞⊞⋈⊞⊞⊞⊞⊞⊞⊞≺∋∋∋⋈⊤⊥⊤⊥⊞⋈⊞⊤⊥⊤∈⋈⊞⋈⊞⋈⊤⋈⋈⊥⊞∋∋⋈⊞⋈⊞⊞⋈⊞⋈⊞⊞⊥⋈∋⊞⋈⋈⋈⊞⋈⋈⋈⋈⋈⋈⊣
0x1b5ebec0	⊢⋈⋈⋈⋈⊙⋈⊞⊡∈⊤∈⋈≻⋈⊞∈⊙≺∋⊞⋈⋈⊣
0x1b5e55a0	⊢⋈⋈⋈⋈⋈⊞⋈⊤∈⋈⊞⋈⋈⋈⋈≺⋈⋈⋈⊙⋈⊞⋈⋈⋈≻⊤∈⋈⋈⋈⋈⊞≻⊤∈⋈⋈⋈⊙⊞⋈⋈⋈⋈⋈⋈⋈⋈⋈⋈⋈⊙⊤∈⊙⋈⊞⊞≺⋈⋈⋈⊙⋈≺⋈∋⋈⋈≺∋∋⊞⋈⋈⋈⋈⊣
0x1b5f0870	⊢⋈⋈⊤∈⋈⊞⊙⊙≺∋⊞⋈⊣
0x1b5c2c50	⊢⊤⊥⊣
0x1b56edfc	⊢⋈⋈⋈⋈⋈⋈⊞⋈⋈⋈⋈⋈≻⊤⋈⊥⊤∈⋈⋈⋈≻⋈⊤⊥⊞⋈⋈⋈⋈⊙⊤∈⋈⋈≻⋈⋈⋈⋈⋈⋈⋈⋈⋈≻⊤⊥⋈⋈⋈≻⊤∈⋈⋈⋈⋈⋈⋈⋈⋈⋈≻⊤∈⋈≻∋⋈⋈⊙⊤∈∋⋈⋈≻⋈⋈⋈⋈⋈⋈⋈⋈⊙⊤∈⋈⋈≻⋈⊞⋈⋈⋈⋈⊙⊤∈∋⋈⋈≻⋈⋈⋈⋈⋈⋈⋈⋈⋈⋈⊞≻⋈⊞≻⋈⋈⋈⋈⋈≻⊤∈⋈⋈⋈⋈⋈⋈⋈⋈⋈≻⊤∈⋈≻∋⋈⋈≻⋈⋈⊙⊤∈∋⋈⋈≻⋈⋈⋈⋈⋈⋈⋈⋈⋈⋈≻⊤⊥⋈⋈⋈≻⊤∈⋈⋈⋈⋈⋈⋈⋈⋈⋈≻⊤∈⋈≻∋⋈⋈⊙⊤∈∋⋈⋈≻⋈⋈⋈⋈⋈⋈⋈⋈⋈≻⊤⊥⋈⋈⋈≻⊤∈∋∋∋⋈⋈⋈⋈⋈⋈⋈≻⋈⋈⋈⋈⋈⋈⋈⋈⋈≻⊤∈⋈≻∋⋈⋈⋈⋈⋈⋈⋈⋈⋈⋈⋈⋈⋈⋈⋈⋈⋈⋈⋈⋈⋈≻⊤∈⋈≻∋⋈⋈⋈⋈⋈⋈⋈⋈⋈≻⋈⋈⋈⋈⊤∈⋈⋈⋈⋈⊤∈⊞⊞⋈⋈⋈⊞⋈⊤∈∋⋈⋈⊙⊤∈∋⋈⋈≻⋈⋈⋈⋈⋈⋈⋈≺⊞⋈⋈⋈⋈⋈⊤∈⋈⋈⋈≻∋⊤∈∋⋈⋈⊞≻≺∋⋈⋈⋈⋈⋈⋈⋈⋈⋈⋈⊞⋈⋈⋈⋈⋈⋈≻⊤⊥⊤⋈⋈⊥∈⊤∈⋈⋈⋈⋈≻⊤∈⋈⋈⋈⋈⊙⋈⋈⋈⋈⋈⊞⋈⋈⊞∋⋈⋈⊤∈⋈⊞⋈⋈⋈⊞⊞⋈⋈⋈⋈⋈⋈⋈∈⋈⋈≻⊤⊥⋈⋈⋈⋈≻⋈⋈⋈⊤∈⋈⋈⋈⋈⋈⋈⋈⋈≺⋈⋈⊞∈⊤∈⋈⋈⋈⋈⋈≻⊤⊥⋈⋈≻⋈⋈⋈⋈⋈⊤∈∋⋈⋈⋈⋈⋈⋈⋈⋈≺⋈⊤∈⋈≻⋈⋈⋈∋⋈⊞⋈⋈⋈⋈⋈⋈⋈⋈⋈⊞⋈⋈⋈⋈⊤⋈⋈⋈∈∋⋈⋈⋈⋈≺∋⋈⋈⋈⋈⋈⋈⋈⋈≻⋈≻≺⊤⋈∈∋≺⋈⋈⋈⋈⋈≺⊞⋈⋈⋈⋈⋈⋈⋈⋈⋈⋈≻⋈⋈⋈⊤∈⋈⋈⊞⊞⋈⊤∈⋈⋈⋈⋈⊞⋈⋈⊞⋈⋈∈⋈⋈⋈⊤∈⋈⋈⋈⋈⋈⋈⋈⋈⊞⋈⊤∈⋈⋈⋈⋈⋈≻⋈⋈⋈≺∋⊞⊞⊞⋈⊙⊞⋈⋈⋈⋈⋈≻⋈⊞⋈⊥∈⊞⋈⋈⋈⊞⋈⋈⋈≻⊤∈⋈≺∋⋈≻∋⋈⋈⋈⊙⊤∈∋⋈⋈≻⋈⋈⋈⋈⊤∈⋈⋈⊙⊤∈⋈⋈≻⋈⋈⋈⋈⋈⋈⋈⋈⋈⊞⊤⋈∈⊤∈⋈≺⋈⊤∈⋈⋈⊞⊥⊞⊤⊥⊞∈⊞∈⋈⋈≻∋⊤∈⋈⊞⋈⋈⋈≻⊤∈∋⋈⋈≺∋⋈⋈⋈⊙⋈⋈≺⋈≺∋∋∋⋈⋈⋈⊞⋈⋈⋈⋈⋈⋈⊣⋈⋈⋈⋈⋈⋈⋈⋈⊞⋈⋈⊣⋈⋈⋈⋈⊞⋈⋈≺⋈⋈⋈⋈⋈⋈⋈⋈⋈⋈⋈⋈⋈∋⋈⋈⋈⋈⋈≻∋⋈≺∋⋈⋈≻⋈⋈⋈⋈≻⋈⊤∈⋈⋈⊞⊞⊤∈⋈⊞⊙∋∋⊤∈⋈∈⋈≻⊞⊞∈∋∋⋈⋈⋈⋈≻⋈∋⋈⋈⋈≻⋈⋈⋈⋈≻∋∋⋈≻≺⋈⋈⋈⋈⊞⊞∈⋈⋈⊞⋈⊞∈∋≺∋⋈⋈⋈⋈⋈⋈⋈⋈⋈⋈⋈⊤⋈∈⋈≻⋈⋈∋⋈⊞⋈⋈⋈⋈⋈⋈⋈⊞⋈⋈⋈⋈⊤∈∋≺⋈∋⋈⋈∋⊞⊞⋈⊞≻⋈⋈⋈⋈≻⋈⋈⋈⋈⋈⋈⋈⋈⋈⋈⋈⋈⋈⋈⋈⋈⋈⋈⋈⋈⋈⋈⋈⊞≻⋈⋈⋈⊞≻⋈⋈⋈⊞≻≺∋∋⊞⋈⋈⋈⋈⋈⋈⊣
0x1b5b1ba0	⊢⊤⋈⊥⊤∈⊞⊞∈⋈⊞⊡⋈⊥⊤∈∋⊤∈⋈⊞∈⊤∈⊞⊡⋈⊥∈∋∋∋⊞⊞∈⊤∈⊤⋈∈∋∋⋈⋈⋈⋈≻∋⊣
0x1b5ad221	⊢⋈⋈⋈⊞⋈⊤∈⊞⊞⊤⊥⋈≺⋈⊤∈⋈⋈⊞⊤∈⊞⊤∈⋈⊤∈⋈⋈⊤∈⋈⋈≺∋⋈⊞⊞∈⋈⊡⋈⊞⋈⋈⊞⋈⋈⊤∈∋⊤∈⋈⊤∈⋈⊤∈⋈≻∋⋈⋈⊞⋈≺⊤∈⋈⋈≺⋈⋈⊙⊤∈⋈⋈≻⋈⋈⋈⋈⋈⋈⊞⋈⋈⋈⋈⋈⊞⊞⊞⋈⋈⊞≻⊤∈⋈⋈≺⊤∈⋈⊞⋈⋈≺∋∋⋈⋈⋈⋈⋈≻⋈⊤∈⋈⋈⊤⋈∈⊞≺⊤∈⋈⊞⋈∈⊤∈⊞⋈⊞⊤⋈∈∋⊤∈∋⋈⋈≺∋∋∋⋈⊞⊤∈⊤∈⋈⋈⋈≻⋈⋈⋈≺⊤∈⊞⋈⋈≻⋈⋈≻⋈⋈⋈≺⊤⋈∈⊤∈⋈≺∋∋∋∋∋∋⋈⋈⋈⋈⋈⋈⊞⋈⋈⋈⋈⋈⋈⊣⋈⋈⋈⋈⋈⋈≺⋈⋈⋈⋈⋈⊤∈⋈⋈⊤∈⊤∈⋈∋⊤∈⋈≺∋⊤∈∋⋈⊞⋈⋈⋈⋈⋈⋈⊞≻≺∋⊤∈⋈⋈⋈⋈≻≺∋∋⋈⋈⋈⋈⋈⋈∋∋∋∋∋∋∋∋⊞⋈⋈⋈⊣
0x1b5af383	⊢⋈⋈⋈⋈⋈⊞⋈⋈⊤∈⋈⋈⋈⋈⋈⊤∈⋈⊤∈⋈⋈⋈≻⊤∈⋈⋈≻⋈⋈⋈⋈⋈⋈⊞⋈⋈⋈⊤∈⋈⋈⊤∈⊤∈⊤∈⊤∈∋⋈⋈⋈⊞∈⋈⋈⋈⋈≺⋈⋈⊤∈⋈⋈⋈≺∋⋈⋈⋈⋈≻⋈⋈⋈≺⋈⊞⊤⋈∈⊤∈⋈≺⋈⊤∈⋈⋈⊞⊥⊞⊤⊥⊞∈⊤∈⋈⋈⋈⋈≻⊤∈⋈⋈⋈≺⊞∋⋈≺⋈⋈≺⋈≺⋈⋈⊞⊤⋈∈⊤∈⋈≺⋈⊤∈⋈⋈⊞⊥⊞⊤⊥⊞∈⊤∈⋈⊞⋈⋈⋈⋈≻⊤∈⋈⋈⋈≺∋⋈⋈⊙⊞∋⋈∈⋈≻∋⋈⊞⊞∋∋⋈⊤∈⋈⋈⋈⋈≺⋈⋈⊤∈⋈⊞⊞⋈⋈⋈≺∋∋⊤⊥⊞⊤∈⊞∈⊤∈⊞⊤⊥⊞⋈⊤⋈∈∋⊥⊞≺∋∋⊤∈⋈⋈⋈⋈≺⋈⊤∈⋈⊤∈⊤∈⋈≺⊤∈⋈⋈⊞⊥⊞⊤⊥⊞∈⊤∈⋈⋈⋈⋈≻⋈⊤∈⋈⋈≺∋⋈⋈⋈⊙⋈⊞∋∋⋈≻∋⋈⊞∋⋈⋈⊙∋∋∋⋈⋈⋈⋈⋈⋈≺∋∋∋⋈⋈⋈⋈⋈⋈≻⋈⋈⋈⋈⋈⋈⋈⊤∈⊤∈⋈≺⊤∈⋈⋈⊞⊥⊞⊤⊥⊞∈⊤∈⋈⋈⋈⋈⋈≻⊤∈⋈≺∋⋈⋈⋈⋈⊙⋈⋈⊞∋⋈≺∋⋈⋈⋈≺∋∋∋⋈⋈⋈⋈⋈⋈≻⋈⋈⋈⋈⋈⋈≺∋⋈∋≻⋈⋈≺⋈≺∋∋∋⋈⋈⋈≺∋⋈≺∋∋⊞⋈⋈⋈⋈⋈⋈⊣⋈⋈⋈⋈⊙⋈⋈⋈⊤∈⋈∈⊤∈⊞⋈⊞⊤⋈∈∋⊤∈≺∋⋈⋈⊞⊤∈⊤∈⋈⋈⋈⋈⋈≻⋈⋈⋈⋈≺⊤∈⊞⋈⋈≻⋈⋈⋈⊞∈⊤∈≺⋈⋈⋈⋈≻⋈⋈⋈≺∋∋∋⊤∈⋈⋈⋈⋈⋈⋈⋈⋈⊞⋈⋈⋈⋈⋈≺∋∋∋⋈⋈⋈⋈⋈⋈⋈⋈⋈≺∋⋈∋∋⋈⋈⋈⋈≺∋⊞⋈⋈⋈⋈⋈⊣
0x1b5ad5bd	⊢⋈⋈⋈⋈⋈⋈⊞⋈⋈⋈⋈∈⊤∈⊞≺⊤∈⋈⊞⊞∈⊤∈⋈⊞∈⋈≺⋈⊞⋈⋈⋈⊤∈⋈⊞⊞≺∋⋈≺∋∋⊤∈⊞≺⊤∈⋈⊞⊞∈⊤∈⋈⊞∈⋈⋈⊞⋈⋈⋈⊤∈⋈⊞⊞≺∋⋈≺∋∋⊤∈⋈⋈⋈⋈⋈⋈≺∋⊤∈⊤∈⋈⊞⋈⋈⋈⊞⋈⋈∈⋈⊞∈⋈⊤∈⊤∈⋈⋈≺⊤∈⊞⋈⋈⊞⊞⊞∈⋈⊡⊞⊞⊞⋈⋈⊞⊞⋈⊤∈∋⋈⋈⋈≺∋⊤∈⋈⋈⋈⊡∈⋈⋈∈⊤∈⊞⊡⋈⊥∈∋∋∋⊞⊞⊞⊞⊤∈≺∋⋈⊤∈⊤⋈⋈⋈∈⋈⋈⊞⋈⊞⊞⊤⋈⊥⋈⊞⊤⊥⋈⊞⊤⊥⋈⋈⋈⋈≻⋈⋈⋈⊞⋈∈⋈⊞⋈⋈≻⋈⋈⊞⋈⋈≻⊤∈⋈⋈⋈⋈≻⋈⋈⋈⊞∈⋈⋈⋈⋈≻⋈⋈⋈⋈≻⋈⋈⋈⋈⋈≻⋈⋈⋈⋈≻⋈⋈⋈≻⋈⋈⋈≻⋈⋈⋈⊤∈⋈⊤∈⊤∈⋈⊤∈⋈⊤∈∋⊞≺≺∋∋∋∋⋈⋈⋈⋈≻⋈⋈⋈≻⋈⊤∈⋈⊤∈⋈⊤∈⊤∈⊤∈∋⊞⋈≺∋∋∋∋⋈⋈⋈⋈≻⋈⋈⋈≻⋈⋈⋈⋈⋈⋈⋈⋈⋈⋈⋈⋈⋈⋈≻⋈⋈⋈⋈⋈⋈⋈⋈⋈⋈⋈⋈≻⋈⋈⋈⋈⋈⋈⋈⊤∈⋈⊤∈⋈⊤∈⊤∈⊤∈∋⊞⋈≺∋∋∋∋⋈⋈⋈⋈≻⋈⋈⋈≻⋈⊤∈⋈⊤∈⋈⊤∈⊤∈⊤∈∋⊞⋈≺∋∋∋∋⋈⋈⋈⋈⋈⋈≻⋈⋈⋈≻⋈⋈⋈⋈⋈⋈⋈⋈⋈⋈⋈⋈⋈≻⋈⋈⋈⋈⋈⋈⋈⋈≻⋈⋈⋈⋈⋈⋈⋈⋈≻⋈⋈⋈⋈⋈⋈⋈⋈⋈≻⋈⋈⋈⋈⋈⋈⋈⋈⋈⋈⋈⋈⋈≻⋈⋈⋈⋈⋈⋈⋈⋈≻⋈⋈⋈⋈⋈⋈⋈⋈≻⋈⋈⋈⋈⋈⋈⋈≻⋈⋈⋈⋈⋈⋈⊤∈⋈⊤∈⋈⊤∈⊤∈⊤∈∋⊞⋈≺∋∋∋∋⋈⋈⋈⋈⋈≻⋈⋈⋈⋈≻⋈⋈⋈⋈⋈≻⋈⋈⋈⋈⋈⋈⋈⋈⋈≻⋈⋈⋈⋈⋈⋈⋈≻⋈⋈⋈⋈⋈⋈⋈≻⋈≻⋈⋈⋈⋈⊤⋈⊥⋈⊞⊤∈⊤⋈⊥⊤∈⊤⋈⊥⊤∈∋⋈⋈⊞⋈≻≺∋⊤∈⋈⋈⋈⋈⋈≻≺∋∋⊤∈⋈≻∋⋈⋈⋈⋈⋈⋈⋈⋈≻⋈⋈⋈⋈⋈⋈⋈⋈≻⋈⋈⋈⋈⋈⊤∈⋈⊤∈⊤∈⊤∈⊤∈∋⋈⋈⋈⋈⋈⋈⋈≻⋈⋈⋈⋈⋈⋈≺∋⋈⊤∈⋈⋈≺⊤∈⋈⊞⋈⋈≺∋∋⋈⋈⊤∈⋈⋈≺⊤∈⋈⊞⋈⋈≺∋∋⊤⊥⊞⊤∈⊞∈⊤∈⊞⊤⊥⊞⋈⊤⋈∈∋⊥⊞≺∋∋⊤∈⋈⋈⋈⋈≺⋈⊤∈⋈⊞⋈⋈⋈⋈⋈⋈⋈≻⋈⋈⋈⋈⋈⋈∋⋈⋈⋈⋈⋈⋈⋈⋈⋈≻⋈⋈⋈≺∋≻⋈⊞⋈⋈⋈⋈⋈⋈⋈⋈⋈≺∋⋈≺⋈⋈⋈⊤∈⊤∈⋈≺⋈⊤∈⋈⋈⊞⊥⋈⊞⊤⊥⊞∈⊤∈⋈⊞⋈⋈⋈⋈⋈≻⋈⊤∈⋈⋈⋈≺∋⋈⊙⋈⋈≺⋈≺∋∋∋⋈⋈⋈⋈⋈∋⋈⊤⋈∈⋈⋈⋈≻∋∋⋈≻⋈⋈⋈⊤⋈⊥⋈⊤∈⊤⊥⊤∈⊤⊥⊤∈∋⋈⋈⊞⋈≻⋈≺∋⊤⋈∈⋈⋈⋈⋈⋈≻≺∋∋⊤∈⋈≻∋⋈⋈⋈⋈⋈⋈⋈≻⋈⊤∈⊤∈⊤∈∋⋈⋈⋈⋈⋈⊞⋈≻∋⋈⋈≻≺∋⋈⋈⋈⋈⋈≻⋈⋈⋈⋈≻⋈⋈⋈⋈⋈≻⋈⋈⋈⋈⋈⊤∈⋈⊤∈⊤∈⊤∈⊤∈∋⋈⊤∈⋈⋈≺⊤∈⋈⊞⋈⋈≺∋∋⊤∈⋈⋈≺⊤∈⋈⊞⋈⋈≺∋∋⊤⊥⊞⊤∈⊞∈⊤∈⊞⊤⊥⊞⋈⊤⋈∈∋⊥⊞≺∋∋⊤∈⋈⋈⋈⋈≺⋈⊤∈⋈⋈⋈⋈⋈⋈⋈⋈≻⋈⋈⋈≺⋈⋈⋈⋈⋈⋈⋈≻∋⋈⋈⋈⋈⋈⋈⋈≻≺∋⋈⋈⋈⋈⋈⋈⋈∋≻⋈⋈≺⋈⊤∈⊤∈⋈⋈≺⋈⊤∈⋈⋈⊞⊥⋈⊤⊥⊞∈∋⊞∋∈⋈⋈≻∋⊤∈⋈⊞⋈⋈⋈⋈⋈≻⋈⊤∈∋⋈⋈⋈≺∋⋈⊙⋈⋈⋈≺⋈⋈≺∋∋∋⋈⋈⋈⋈⋈⋈∋⊤⋈⋈∈⋈⋈⋈≻⋈⋈⋈⋈⋈≺∋∋∋⋈⋈⋈⋈⋈⊤∈⋈⋈⋈≻∋⋈⋈⋈⋈⋈⋈⋈⋈≻⋈⋈⋈⋈⋈⋈⋈⋈⋈⋈⋈⋈⋈∈⋈⊞⋈⋈⊤∈⊞⋈⊞∈⋈≺⊤∈⋈⋈⋈≺⊤⋈∈⋈⊞⊞⋈⋈≺∋∋⋈≻≺⊤∈⊞⋈⊞∈⋈≺⊤∈⋈⋈⋈≺⊤⋈∈⋈⊞⊞⋈⋈≺∋∋⋈≻∋∋⊞⊤∈∋⋈⊤∈⋈⋈⋈≻∋⋈⊤∈⋈⋈⋈≻∋⋈⊤∈⋈⋈⋈≻∋⋈⊤∈⋈⋈⋈≻∋⋈⊤∈⋈⋈⊞⊞∈⋈⊞⋈⋈⊞⋈⋈⋈⋈⊞⊞⋈⋈⊞⋈≻⋈⋈⋈⋈⊞⊤∈⋈⋈≺⊤∈⋈⊞⋈⋈≺∋∋⋈⋈⋈⋈⋈≻⋈⊤⋈∈⋈⋈⊤∈⊞⋈≺⊤⋈∈⋈⊞⋈∈⊤∈⊞⋈⋈⊞⊤⋈∈∋⊤⋈∈∋⋈⋈≺∋∋∋⋈⊞⊤∈⊤∈⋈⋈⋈≻⋈⋈⋈⋈⋈⋈≺⊤∈⊞⋈⋈≻⋈⋈≻⋈⋈⋈≺∋⋈⊤⋈∈⊤∈⋈≺∋∋∋∋∋⋈⋈⊞∈⋈≺⋈⋈⋈⊤⋈⊥⊤∈⋈⋈⋈≺∋⋈⋈≻⊞⋈⊞∈⋈⋈∋⋈⋈≻∋⋈⋈⋈⋈⋈⋈≻⋈⋈⋈⋈⊤⋈⋈⋈⊥⊤∈⋈⋈⋈⋈⋈≺∋≻⊞⋈⋈⊤⊥⋈⋈⋈≻⋈⊤⋈⊥⊤⋈∈⋈⋈⋈≺∋⋈⋈⋈⋈≻⋈⊤⋈⋈∈⋈⋈⊤⋈⋈∈⊞≺⊤∈⋈⊞⋈∈⊤∈⊞⋈⋈⊞⊤⋈∈∋⊤⋈∈∋⋈⋈≺∋∋∋⋈⊞⊤∈⊤∈⋈⋈⋈⋈≻⋈⋈⋈⋈⋈⋈⋈≺⊤∈⊞⋈⋈⋈≻⋈⊤⋈∈⋈⋈⋈≺⋈⋈⋈⋈≻⋈⋈⋈⊞≺∋⋈⋈⊤⋈⋈∈⊤∈⋈⊞≺∋∋∋∋⊤⋈⊥∋∋⋈⋈⋈≻⋈⊤⋈⊥⊤∈⋈⋈⋈≺∋⋈⋈≻⋈⋈⋈⋈⋈⋈⋈≻⋈⋈⋈⋈⋈⋈⋈⋈⋈⋈⋈≻⋈⋈⋈⋈⋈⊤⋈∈⊤∈⊤∈⊤∈⊤∈∋⊞⋈⋈⊤⊥⋈⋈⋈≻⋈⊤⋈⋈⊥⋈⊤⋈∈⋈⋈⋈≺∋⊤∈⋈⋈≺⊤∈⋈⊞⋈⋈≺∋∋⊤∈⋈⋈≺⊤∈⋈⊞⋈⋈≺∋∋≻⋈⊤∈⋈⋈⊤∈⊞≺⊤∈⋈⊞⋈∈⊤∈⋈⊞⊤⋈∈∋⊤∈≺⋈⊤∈⊤∈⋈≺∋⊤∈⋈⋈≺⊤∈⋈⊞⋈⋈≺∋∋⊤∈⋈⋈≺⊤∈⋈⊞⋈⋈≺∋∋⋈⋈≻≺⋈⊞⋈⋈⋈⋈⋈⋈⋈⋈⋈⋈⋈≻⋈⊞∈⋈⋈⋈⋈≻∋⋈≺∋∋∋∋⋈⋈≻∋⋈⋈⋈⋈≻∋⋈⊞⋈⊞≻∋⋈⋈⋈⋈≻∋⋈⋈≺∋∋⋈≻∋⊞∋⋈⋈∋∋∋⋈⊞⊤∈⊤∈⋈⋈⋈⋈≻⋈⋈⋈⋈⋈⋈≺⊤∈⊞⋈⋈⋈≻⋈⊤⋈∈⋈⋈≺⋈≺⋈⋈⋈≻⋈⋈⋈∋⊞∋∋∋∋⊤⋈⊥∋∋⋈⋈⋈≻∋∋∋⋈⊤∈⋈⋈⋈≻∋⋈⊤∈⋈⋈⋈≻∋⋈⊤∈⋈≺∋⋈⋈≻∋∋∋∋∋∋⊞⋈⋈⋈⋈⋈⋈⊣⊞⋈⋈⋈⊞⋈⋈≺∋
0x1b5b173f	⊢⋈⋈⋈⋈⋈⋈⊞⋈⋈⋈⋈⊤⊥⋈⊞⊥⊞∈⊤∈⋈⋈∈⊤∈⊞⋈⊞⊤⋈∈∋⊤∈⋈≺∋∋∋⋈⊞∈⊤∈⋈⋈∈⊤∈⊞⋈⊞⊤⋈∈∋⊤∈⋈⊞⋈≻∋⋈⊞⋈≻⋈≺∋∋∋⊤⊥⊞⊤∈⋈∈⊤∈⊞⊤⊥⊞⋈⊤⋈∈∋⊥⊞≺∋∋⊤∈⋈⋈⋈⋈≺⋈⋈⊤∈⋈⋈⊞⊥⊤⊥⊞∈⋈⋈⊞⊥⊤⊥⊞∈∋⊞⋈⊤∈⋈⋈⋈⋈≻⋈⋈⋈⊤∈∋∈⋈≻∋⋈⊤∈⋈⋈⋈⋈≻⋈⋈⋈⊤∈∋≺∋⋈⋈⋈⊙⋈⋈⋈⋈≻⋈⋈⋈⋈⊤∈⊞≺⊤∈⋈∈⊤∈⊞⋈⊞⊤⋈∈∋⊤∈∋⋈⋈≺∋∋∋⋈⊞⊤∈⊤∈⋈⋈⋈⋈≻⋈⊞⋈⋈⋈≺⊤∈⊞⋈⋈≻⋈⋈⋈≻⋈⋈⋈≺∋∋∋⋈⋈⋈⋈⋈⋈⋈⋈≺∋⋈⋈⋈⊙⋈⋈⋈⋈≻⋈⋈⋈⋈⊤∈⊞≺⊤∈⋈∈⊤∈⊞⋈⊞⊤⋈∈∋⊤∈∋⋈⋈≺∋∋∋⋈⊞⊤∈⊤∈⋈⋈⋈⋈≻⋈⊞⋈⋈⋈≺⊤∈⊞⋈⋈≻⋈⋈⋈≻⋈⋈⋈≺∋∋∋⋈⋈⋈⋈⋈⋈⋈⋈≺∋∋⊞⋈⋈⋈⋈⋈⋈⊣
0x1b5b12f7	⊢⋈⋈⋈⋈⋈⋈⊞⋈⋈⋈⋈⋈⊤∈⋈⋈⋈⊤∈⋈⋈⋈⋈⋈≻≺∋⋈⋈⋈⋈⋈⋈⊤∈⋈⋈⋈⋈⋈⋈≺⋈⋈⋈⊤∈⋈∋⊤⋈∈⋈⋈≺∋⋈⊞⊞⋈⋈⊞⊥⋈⊤⊥⊞∈⊞∈⋈⋈≻∋⋈⋈⋈⋈≻⊤∈∋⋈⋈⋈⋈⋈⊞≻⊤∈⋈⋈⋈⋈≺⊤⋈⋈∈⋈⊞⊞⋈⋈≺∋∋⋈⋈⋈≻⋈⋈⋈⋈⋈⊤∈⋈⋈⋈⋈⋈⊞⊤∈≺∋⊤∈⋈⋈≺⊤∈⋈⊞⋈⋈≺∋∋⋈⊞⊤∈⋈⋈⋈≻∈⊞⋈⊞⋈⋈⊞⊞∈⋈⋈⋈⋈⊞⋈⊞⊞⋈⊞⊤∈∋⊤∈⋈⊤∈⋈⊤∈⋈≻∋⋈⋈⊞⋈≺⊤∈⋈⋈⋈⋈⊙⊤∈∋⋈⋈≻⋈⋈⋈⋈⋈⋈≺∋∋∋∋⊤⊥⋈⋈⋈⋈⋈⋈⋈⊞⊤⊥⊞∈∋⋈⋈⋈≻∋∋∋⊞⋈⋈⋈⋈⋈⋈⊣
0x1b5b0dde	⊢⋈⋈⋈⋈⋈⋈⊞⋈⋈⋈⋈⋈⊤⋈⊥⋈⊞⊤∈⋈⋈≺∋⊤∈⊤∈⊞⊤∈⋈⊞∋⋈⋈⋈≺⋈⋈⋈≺⊤∈⋈⋈⋈⋈⋈⊤∈⋈⋈⊞∈⋈⋈⊤∈⊤∈⋈⋈⋈⊙≺⊤∈⊤∈⋈≺⊤∈⋈⋈≺⊤∈⋈⊞⊞⋈⋈≺∋∋⋈⊞∈⋈⋈⋈≻∋⋈⋈⋈≻∋⋈⊞⋈⋈≻⋈⋈⋈⋈⋈⋈⊞∈⋈⊤∈⊤∈⋈≻∋⋈⋈⋈⋈⊤∈⋈⋈⋈≺⋈⋈≺∋⊡∈⋈⊞⋈⋈∈⊤∈⋈⋈⊤∈⋈⊤∈⋈≻∋⋈⋈⊞⋈≺⊤∈⋈⋈⋈⋈⊙⊤∈⋈⋈≻⋈⋈⋈⋈⋈≺∋⋈≺⊞⊡⋈⊥∈∋≺∋∋∋∋∋⋈⋈⋈⊣⋈⊤∈⋈⋈⋈⋈≺⊤∈⋈⋈⊞⊥⋈⊤⊥⊞∈⊤∈⋈⋈⋈⋈≻⋈⋈⊤∈≺∋⋈⋈⋈⋈⊙⋈⋈⋈⋈⋈≺⊞∋⋈≻∋⊤∈∋⊞∋⋈≺∋⋈⊞⊤∈⊤∈⋈⋈⋈⋈⋈≻⋈⋈⋈≺⊤∈⊞⋈⋈≻⋈⋈⋈⋈≻⋈⋈⋈≺∋∋∋∋∋⋈⋈⋈⋈⋈⋈⋈⋈⋈≺∋∋∋⊤∈⊤∈⋈⊤∈⋈⊞⊤∈⊞⋈⋈≺∋⋈⊞⊞⋈⊞⋈⊞∈⋈⋈⋈⊞⋈⊞⊞⋈⋈⊞∈∋⊤∈⋈⊤∈⋈⊤∈⊞⋈≺⋈≺∋⋈⊤⊥⊤⊥⋈∋∋∋∋∋⋈⋈⋈⋈⋈⋈∋∋⊞⋈⋈⋈⋈⋈⋈⊣
0x1b5b23fa	⊢⋈⋈⋈⋈⋈⊞∈⋈⋈≺∋⊤∈⊤∈⊞∈⋈⋈⊤⊥⋈⊞⊥⊞∈⋈⊡⊞⊞⊞⊤∈∋⊞≺⊤∈⊞≺⋈⊡⊞⊞⊞⋈⋈≺∋⋈⊞⊞∈⋈⊞⋈⋈⊞⊤⋈⊥⊤∈⊤∈⋈⊞∋⋈⋈⊞⊞⊞∋⊤∈⋈⊞⋈⊞⊞⊤⊥⊞∋⊞⊞⊞∈∋⊞∈⊤∈⋈⊤∈∋⋈⊞⊞≻⋈⋈⋈⋈⋈⋈⊞⋈⋈⋈⋈⋈⊤⊥⋈⋈⋈⊞∈⊤∈∈⋈⋈⋈≻∋⊤∈∋∋⋈⋈⊤⋈⊥⋈⊤∈⊤∈⊤∈∋⊤⋈∈⋈⊤⋈∈⋈⊤∈⊞∋⊤∈⋈⋈≺⊤∈⋈⊞⊞⋈⋈≺∋∋⊤⋈⋈∈⋈⋈≺⊤∈⋈⊞⋈⋈≺∋∋⊤⊥⊞⊤∈⊞∈⊤∈⊞⊤⊥⊞⋈⊤⋈∈∋⊥⊞≺∋∋⊤∈⋈⋈⋈⋈⋈≺⋈⊤⋈∈⊤∈⋈⋈⋈⋈⋈⋈≻⋈≺∋⋈⋈⋈⋈⋈⋈⋈⋈⋈⋈⊞⊤∈≺⊤∈⋈⊤∈⋈⋈⊞⊤∈⊤∈∋∋⋈≻⋈≺∋⋈⋈⋈⊞⊞∈⋈≻⋈⊞⊤⋈∈⋈⊤⋈∈∋⋈⋈⊤∈⊤∈⋈∋⊤∈⋈≺∋⊤∈∋⊞⊞⊤⊥⊥⋈⋈⋈⋈⋈≻∋⊤∈⋈⋈⋈⋈⋈≻≺∋⋈≺∋⋈⋈⊤∈⋈⋈⊤∈⊤∈⋈∋⊤∈⋈≺∋⊤∈∋⊞⊞⊤⊥⊥⋈⋈⋈⋈⋈≻≺∋⊤∈⋈⋈⋈⋈⋈≻≺∋∋⋈⋈⋈⋈≻⋈⋈⋈⋈⋈⋈⋈⋈⋈⋈⋈⊤⋈⊥⊤∈⊤⊥⊤⋈∈⊤⊥⊤⋈∈∋⊞⊞⊤⊥⊥⋈⋈≻≺∋⊤∈⋈⋈⋈⋈⋈≻≺∋∋⋈⋈⋈⋈⋈⋈⋈⋈⋈⊤∈⋈⊞⋈≺∋⋈⊤∈⋈⋈⋈⋈⋈⋈⋈⋈≻≺∋⊤∈⋈⋈⋈⋈≻⋈⋈⋈⋈⋈⊞⊤⊥⋈⋈⋈⊞⋈⊤∈⋈≺∋⋈⋈≻⋈⋈⋈⋈⋈⋈⋈⊞⋈⊤∈⋈≺∋∋⋈⋈∋⋈⋈⋈∋⋈⋈⋈⊞⊤∈⋈⋈⋈⋈≻∋⊤∈∋∋∋∋∋∋⊞⋈⋈⋈⋈⋈⋈⊣⋈⋈⋈⋈≺∋⊞⋈⋈⋈⋈⋈⋈≺⊞≺∋⋈≺∋∋∋∋⊞⋈⋈⊣
0x1b5b7efc	⊢⋈⋈⋈⋈⋈⋈⊞⋈⋈⊤∈⋈⋈⋈⊞⋈⋈⋈⋈⊞∈⋈⊤∈⋈⋈⊞⋈⋈⋈⋈⋈⋈⋈⋈⋈⋈≻⋈⋈⋈⋈⋈⋈⋈⋈⊤∈⋈⋈≺⊤∈⋈⊞⋈⋈≺∋∋⋈⋈⊤∈⋈⋈⋈⋈≺⋈⊤∈⋈⊞⊞⋈⋈⋈≺∋∋⊤∈⊞∈⊤∈⊞⊤∈⋈⊤⋈∈∋∋∈∋⋈⋈≺∋⋈⊤∈⋈⋈≺⊤∈⋈⊞⋈⋈≺∋∋⋈⊤∈⋈≺⊤∈⋈⊞⊞⋈⋈≺∋∋⊤∈⊞∈⊤∈⊞⊤∈⋈⊤⋈∈∋∋∈∋⋈⋈∋⋈≻∋⋈⋈⋈≻∋⊞⋈⋈⋈⋈⋈⋈⋈⋈⋈⋈⋈⋈≻⋈⋈⋈⋈⋈⋈⋈⋈⋈≻⋈⋈⊤∈≺⋈⊤∈⋈⋈⋈⋈⋈⋈∈⊤∈⊤⋈∈⋈⋈⋈⋈⋈⋈⋈≻⋈⋈⋈⋈⋈⋈⋈⋈⋈⋈∈⋈⊞⋈⊤∈⋈≻⋈≺∋⊞⋈⋈⊞⋈⋈⊞⋈⋈⊞∈∋≺⋈⋈⊤⋈∈∋⋈⊤⋈⋈∈≺∋∋⋈⊞⊞≻⋈⊤∈∋⊞⋈≺⋈⋈⋈⋈⋈⋈≺∋∋⋈⋈⊤∈⋈∈⋈⊞⋈⊤∈⋈⋈≻⋈≺∋⊞⋈⋈⋈⊞⋈⋈⊞⋈⊤⋈∈∋≺∋⋈⋈⋈⊤∈⋈⋈⋈≻⋈⋈∋⋈∋⋈⋈∈⊤∈⋈⋈⊤⊥⊞∈∋⋈⋈⋈≻∋∋⊞⋈⋈⋈⋈⋈⋈⊣⊤∈⋈≻≺∋⋈⋈⊞⋈≺∋
0x1b5ad1c1	⊢⊤∈⋈⋈⋈⋈≻⊤∈⊞⊞∈⋈⊞⊡⋈⊥⊤∈∋⊤∈⊞⊞∈⊤∈⊞⊡⋈⊥∈∋∋∋∋⊣
0x1b5b2b5f	⊢⋈⋈⋈⋈⋈⋈⊞⋈⋈⋈⋈⋈⊤⋈⊥⊞⊤⋈∈⋈⊤∈⊤∈⋈⊤∈⋈⋈⊞⋈⊞⋈⊞⋈⊤⊥⋈⋈⋈⋈⋈≻⊤∈⋈⋈⋈⋈⊙⋈⋈⋈⋈⋈⋈⋈≻⋈⋈⋈⋈⋈⋈⊤∈⋈⋈⋈⋈≺⋈⊤⋈∈⋈⊞⋈⋈≺∋∋⋈⋈⋈⋈⊤∈⋈∈⊤∈⋈⊤⋈∈∋∋∈∋⋈⊤⋈⋈⋈⋈⋈∈⊤∈⋈≺⋈⊤∈⋈⋈⊞⊥⋈⊤⊥⊞∈⊞∈⋈⋈≻∋⊤∈⋈⊞⋈⋈⋈⋈≻⊤∈∋⋈⋈⋈≺∋⋈⋈⊙⋈⋈⋈≺⋈≺∋∋∋⋈⋈⋈⋈⋈⋈⋈≻⊤∈⋈⋈⋈⋈⊙⋈⋈⋈⋈⋈⊞⋈⋈⋈⋈⋈⋈≻⋈⋈⊤∈⋈⋈⋈≻⋈∋⋈⊤∈⋈⋈⋈≻⋈⋈⋈⋈⋈⋈⋈⋈⋈⋈⋈⋈≻⊤∈⋈⋈⋈⋈⊙⋈⋈⋈⋈⋈⋈⋈⋈≻≺∋⋈∋⊞⊤∈⋈⋈⋈⋈≻≺∋∋∋⊤∈⋈⋈⋈⋈⋈⋈≻⋈≺∋⊤∈⋈⊤∈⊤∈⋈⋈⊤∈⋈⋈≺∋⋈⋈⋈⋈⊞⋈⋈⊞≻⊞⋈∈⋈⋈⋈⋈⋈⋈⊞⋈⊞⊤⊥⋈⋈⋈⋈⊞⋈⋈∈⋈⊤∈⋈⊞⊥⋈⋈⊞⊥⊞∈⋈⋈⊤∈⋈⋈⋈⋈⋈⊤∈⊞⋈⊞⊥∈⋈⋈⊞⋈⊞⋈≺∋∈⋈⊞⊤⋈⊞∈⊞⊞⊞∈∋∋∋⊞⋈⊞∈⋈⋈⋈⋈⋈≻∈⋈⊞∈⋈⊡⊞⊞⊥⊞⊞⊞⋈⋈⋈⊞⊤∈∋⊞⊤⋈∈⋈⊤⋈∈∋⋈⋈⋈⋈≻∋⊤∈∋⋈⋈⊞≻∋⋈⊤∈∋⋈≻≺∋⋈∋⋈≺∋⋈⋈≻⊞⊞⊞∈⋈⊞⊡⋈⊥⊤∈∋⊤⋈∈⋈⋈∈⊤∈⊞⋈⊡⋈⊥∈∋≺⋈≺∋⋈∋∋∋⊤∈⋈⋈⋈⊤⋈∈∋⊤∈⋈⋈⊞⊡⊤∈∋⋈⊤⋈∈⋈⋈⋈⊤⊥⋈⊞⊤⊥⊞⊤⋈∈⊤∈⋈⋈⋈⋈≺⊤∈⊞⋈⋈≺⋈⋈⋈≺≺∋⊞∋⋈⋈⋈⋈≻∋⋈⋈≻∋∋⋈⋈≻⋈⋈⋈⋈⋈⋈⊞⋈⋈⋈⋈⊞∈⋈⋈⋈⊞∈∋⋈⋈⋈⋈⋈⋈⋈≺⋈⋈⋈⊤∈⋈⋈⋈⋈⊤∈⋈≺⊤∈⋈⋈⊞⊥⋈⊤⊥⊞∈⊞∈⋈⋈≻∋⊤⋈⋈∈⋈⋈⋈⋈⋈≻⋈⋈⋈⋈⊤∈∋≺∋⋈⋈⋈⊙⋈⋈⋈⋈⋈⊤∈⋈⋈⋈⋈∈⊤∈⊞⋈⊞⊤⋈∈∋⊤∈∋⋈⋈≺⋈⋈⋈≺∋∋⋈⊞⊤∈⊤∈⋈⋈⋈⋈⋈≻⋈⋈⋈⋈⋈⋈≺⊤∈⊞⋈⋈≻⋈⋈⋈⋈≻⋈⋈⋈≺∋⋈⋈⋈⋈⋈⋈≺∋∋∋∋∋⊤∈⋈⋈∋⊤∈⋈⊞⋈∈⊤∈⊞⋈⊞⊤⋈∈∋⊤∈∋⋈⋈≺∋∋⋈⊞⊤∈⊤∈⋈⋈⋈⋈≻⋈⋈⋈≺⊤∈⊞⋈⋈≻⋈⋈≻⋈⋈⋈≺∋∋∋⋈⋈⋈⋈⋈⋈⋈⋈⋈⋈∋⊞⋈⋈⋈⋈⋈⋈⊣∋⊤∈∋⋈⋈⊤⋈∈⊞≺⊤∈⋈⊞⋈∈⊤∈⊞⋈⊞⊤⋈∈∋⊤∈∋⋈⋈≺∋∋∋⋈⊞⊤∈⊤∈⋈⋈⋈⋈∋≻⋈⋈⋈⋈≺⊤∈⊞⋈⋈∋≻⋈⋈⋈∋≻⋈⋈⋈≺∋⋈⋈⋈⊤⊥⊤⊥⋈⋈≺∋∋∋∋⋈⊤∈⋈⋈⊤∈⊞≺⊤∈⋈⊞⋈∈⊤∈⊞⋈⊞⊤⋈∈∋⊤∈∋⋈⋈≺∋∋∋⋈⊞⊤∈⊤∈⋈⋈⋈⋈≻⋈⋈⋈≺⊤∈⊞⋈⋈≻⋈⋈≻⋈⋈⋈≺⋈⋈⊤⊥⊤⊥⋈≺∋∋∋∋⋈⋈⋈⋈⋈⋈⋈⋈⋈⋈∋∋⊞⋈⋈⋈⋈⋈⋈⊣
0x1b5b0c2d	⊢⋈⋈⋈⋈⋈⊤∈⋈⋈⋈≻⋈⋈⋈⋈⋈⋈⊞∈⋈⋈⊤∈⊞⊞⊤∈⊞≺⋈⋈≺∋⊞∈⋈⋈⊞⋈⋈⊞∈∋⋈⊤∈⋈⋈⊤∈∋⊞⊤∈⋈⊞⋈∈⊤∈⊞⋈⊞⊤⋈∈∋⊤∈≺∋⋈⋈≺∋∋∋⋈⊞⊤∈⊤∈⋈⋈⋈≻⋈⋈⋈≺⊤∈⊞⋈⋈≻⋈⋈≻⋈⋈⋈≺⊤∈⊤∈⋈≺∋∋∋∋∋∋∋⋈⋈⋈⋈⋈⋈⋈⋈⋈⋈⋈⋈⊣
0x1b5aa0ec	⊢⋈⋈⋈⋈⋈⋈⋈⊞⋈⋈⋈⋈⋈⋈⋈⋈⋈⋈⋈⋈⋈⋈⋈⋈⋈⋈⋈⋈⋈⋈⋈⋈⋈⋈⊞⋈⋈⋈⋈⋈⋈⋈⋈⊤∈⋈⋈⊞≺⋈⊞⋈⋈⊞⊤⊥⋈⊞⋈⊤⋈∈⊤⊥⊤⊥⊞⋈⊞∋⋈⋈⋈⊞⊞⊞⋈⋈⋈⋈⋈⋈⋈⋈⊤∈⊤∈⋈⊞⋈≺⋈≻⋈⋈≻⋈⋈⋈⋈≻⋈⋈⊞≻⋈⋈≻⋈⋈≺⋈≻⋈⋈≻⋈⋈⋈≻⋈⋈⋈⋈⋈⋈⋈⊞⋈⋈⋈⋈⋈⋈⋈⋈⋈⋈⋈⋈⋈⋈⊞⋈∈⋈⊤∈⋈⋈⋈⋈⋈⋈⋈⊞∈⋈⊞⊤∈∋⋈⋈⋈⊤⋈∈⋈⋈⋈⋈⋈⋈⋈⊞∈⋈⊞⊤∈∋⋈⋈⋈⊤∈⋈⋈⋈⋈⋈⋈⋈⋈⊞∈⋈⊞⊤∈∋⋈⋈⋈≺∋⋈⋈⊞⊙⊞⋈⋈≺∋⋈⋈⋈⊤∈⊤⋈∈⊞∈⋈⊤∈⊡⊞⊤∈∋∋⊞⋈⊞⊞⊞∈⊤∈⋈⊞⊤⊥⊞⊤⊥⊤∈⋈≺⊤⋈⊞⊤∈∋⊤∈⋈⊤∈⊤∈∋⋈⋈⊞∈⊤∈⋈∈⋈⋈⋈⊞∈⋈⋈⋈⊞⊞⊞⊞⋈⊞⊞⊞⊞⊞⋈⊞⊞⊞⋈⋈⋈⊞⊞⊞⋈⋈⊞⊞⋈⋈⊤∈⊞⋈⊤∈⋈⋈⋈⊞⋈∋⊞⊤∈⊞∈⊞⊞⊞⋈⊤∈⋈⊤∈⋈⋈⋈⊞⋈∋⋈⊞⊞∈∋∋⊞⊞⊞⋈⊤∈∋⋈⋈≺⋈≺∋⊤∈⋈⋈⊞⊞⋈⊞∈⋈⊞⊤∈∋∋∋⊤⋈⊞⊤∈∋≺∋⋈⊤∈⋈⋈⋈⋈≺⊤∈⋈⋈⋈⋈≺∋∋∋∋∋∋∋⊞⋈⋈⋈⋈⋈⋈⊣⊞⋈≺∋∋⋈⊞⊞⊞⋈⋈⋈⊞≺∋⋈⋈⋈⋈⋈⋈⊞⋈⊞⋈⊞⋈⋈⋈⊞⊞⊞⋈⊞⋈⊞⋈⊤⋈∈⊞⋈⊞⊞⊞⊞⊞⊞⋈⊞⊞∈⋈∈⋈⊞⋈⊞⋈⊞⋈⊞⊞⊞⊞⊞⊞∈∋⊞⋈⋈⊞⊞⊞⊞⋈⊞⊞⊞⊞⋈⊞⊞⊞⊞⋈⊞⊞⊞⊞⋈⊞⊞⊞⊞⋈⊞⊞⊞⊞⋈⊞⊞⊞⊞⋈⊞⊞⊞⊞⋈⊞⊞⊞⊞⋈⊞⊞⊤∈∋⊞⊞⊞⊞⊞⊞⊞≺∋⋈⊤∈⋈⋈⋈⋈∈⋈⊞⋈⊞⋈⊞⋈⊞⊞⊞⊞⊞⊞⊤∈∋⋈⋈⊞⊞⊞⊞⋈⊞⊞⊞⊞⋈⊞⊞⊞⊞⋈⊞⊞⊞⊞⋈⊞⊞⊞⊞⋈⊞⊞⊞⊞⋈⊞⊞⊞⊞⋈⊞⊞⊞⊞≺∋⊞⊞⋈⊞⋈⋈⊞⊞⋈⋈⊞⊞⊞⊞⋈⊞⋈⊞⋈⊞⊞⊞⊞⊞⋈⊤∈⋈⋈⋈⋈⊞⊞⋈⋈⋈⋈∈⋈⊞⊞⊞⊤∈∋≺∋⋈⊞⊞⊞⊞⋈⊞⊞⊞⊞⊞⊞⋈⋈⊤⋈∈⊤⊥⊞⊞∋∋⊞⊞⋈⋈⋈⋈⊞⋈⋈⋈⋈⋈⋈⊣⋈⋈⊞⊙
0x1b5ac11d	⊢⋈⋈⋈⋈⊞⊤∈⊤⊥⋈⊞⊤⊥⊤∈⊤∈⋈⊤∈∋∋⋈⋈⋈≺⊤∈⊞∈⋈⋈⋈⊞∈⊤∈∋⋈⋈≻⊤∈∋⋈⊞⊞⊞∈⊤∈⋈≺∋⊞⋈⋈≻⊤∈⊤∈∋∋⋈⋈⋈≻∋⋈⋈≺∋⋈≻∋⋈⋈⋈⋈⋈⋈⋈⋈⋈⋈⊞⊥⋈⊞⊥⋈⊞⋈⊤⊥⊤∈⊤⊥⊤⊥⊞⋈⊞⊥⊤⊥⊤∈⊤∈⋈⊞⋈⊞⊞∈⋈⊞⊤∈⋈⋈⋈⊞⊤∈⋈⊤∈⋈≺⋈⋈⋈⊞⊤∈⋈≺⋈⋈⋈⊞⊤∈⋈≺⋈⋈⋈⋈⋈⊞⊞⊤∈∋⊞⊞⊤∈∋∋⋈⋈∈⋈⊤∈⋈⊤∈⋈⋈⊤∈⋈⋈⊞⋈⊤∈∋⊞⋈⋈⊞⊙≺∋⋈⊤∈⋈≺∋∋∋⋈≻⊤∈⊤∈∋∈⋈⋈⋈⋈⋈≻⋈⋈≺∋⋈≻∋⋈⋈⋈≻∋⋈⊞≺∋⋈≻∋⋈⋈⋈≻∋⋈⋈⋈⊙⋈⊞⋈⋈⊞⋈⊙⊞⊞≺∋⋈⋈⋈⋈⊙⊤⊥⋈⊤⊥⊞∈⋈⊤∈⊤∈⋈⊤∈⋈⋈⋈⋈⋈⋈∋∋∋∋⋈⊣
0x1b572a00	⊢⋈⋈⋈⋈⋈⋈⊞⋈⊞⊞⋈⊞⋈⊞∈⊞⊞⊡∈⊞⊤⊥⊞⊞⊤∈∋⊞≺∋⊤∈⊞⋈⊞⊞⊞⊞⊡∈⊞⊤⊥⊞⊞⊤∈∋≺∋⊞⊞⋈⋈⋈≺∈⊤∈⋈⊤⋈⊥⋈⋈⊞∈⊞⊞⊞⊡∈⋈⋈⋈⊞⊞⊞⊞⊞⊞⋈⊞⊞⊞⊞⊞⋈⋈⊞⊞⊞⊞⊞⊞⊞⋈⋈⊞⊞⊞⊞⊞⊞⊞⊤∈∋≺∋⊞⊞⋈⊞⋈⊞⊞⊞⊞⊞⊞⊞⊤∈∋⊞⋈⊞⊞⊞⊡∈⋈⋈⊞⊞⊞⊞⊞⊞⊞⊤∈∋⋈⊞⊞⊞⊞⊞⊞⊞∋⋈⋈⋈⋈⋈⊣
0x1b573be0	⊢⋈⋈⋈⊞⋈⊞⊥⊤∈⋈⊞⊞⊞⋈⋈≺∈⋈⊤∈⋈⋈⊤∈⋈⊤∈⋈⊤∈⊞⊤∈≺⊤∈⊞⊤∈⊤∈⊤∈∋∋⋈⊤∈⊤∈⋈⊤∈⊤∈⋈≺≺⊤∈⋈⊤∈⋈⊤∈⊞⊤∈≺⊤∈⋈⊤∈⊞⊤∈∋⊤∈⊤∈∋∋⋈⊤∈⊤∈≺∋⋈≺⊤∈∋∋∋∋∋∋∋∋⋈≺⋈⊤∈∋∋∋∋∋⊞≺⊤⋈∈∋∋⊞⋈≺∋∋∋∋⋈⋈⋈⋈⋈⊞⊤∈∈⊤∈⋈⊞⊤∈⊞∋∋⊤∈⊡∈⊤∈⊞⊤∈∋≺⊞≺∋∋∋⊤∈∋∋∋⋈⋈⊞≺∋⋈⋈⋈⋈⊣
0x1b573ac0	⊢⋈⋈⊤∈⋈⋈≻∋⊤∈⊤∈⋈≻∋∋⋈⋈⋈≻
0x1b575220	⊢⋈⋈⋈⊞⊞∈⊤⊥⊤∈⊞⊡∈⊤∈⊞⊤∈∋∋⋈⊤∈⋈⊞≺∋⋈⋈⋈⋈⊞⊡∈⋈⊞⋈⊞⊞⋈⊞⋈⊞⊞⊞⊞⊤∈⊞⊤∈∋∋∋⊞∈⊞⊞⊞⊡∈⊤∈⊞∋⋈⊞⊤∈∋≺⊞≺∋∋⋈⋈⋈⊣
0x1b5736f0	⊢⋈⋈⋈⋈⊤∈⋈⊤∈⊤∈⊤∈⋈⊞⊤⊥⋈⊞⊤⊥⊞⊤⊥⋈⊤⊥⊞⊞⋈⊤⊥⋈⊤⊥⊞⋈⊤⊥⊞⊞⋈⊤⊥⊤⊥⊞⊞≺⋈⊞⋈⋈⊞⋈⋈∈⋈⋈⊤⋈∈∈⊤∈⊤∈⊞⊡∈⊤∈∋⊞⋈⊤⊥⋈∈∋∋⋈⋈⊞⋈∈⋈⋈⊤∈⊤∈⋈⊞⊞⊞⊞⊞∈⋈⊞∈∋⊞⊤∈∋≺≺⋈⊞⊤∈∋≺⋈⊞⋈⋈⊞⋈⋈∈⋈⋈⊤⋈∈∈⊤∈⊤∈∋⋈⋈⋈≻∋∋⋈⋈⋈≻⊞⊡∈⊤∈∋⊞⋈⊤⊥⋈∈∋∋⋈⊞⋈∈⋈⋈⊤∈⊤∈∋∋⋈≻⋈⊞⊞⊞⊞⊞∈⋈⊞∈∋⊞⊤∈∋≺≺⋈⊞⊤∈∋≺∋∋⊞≺∋∋∋∋∋∋∋∋⊞⊞⋈⋈⊣
0x1b575300	⊢⋈⋈⋈⋈⋈≻
0x1b575320	⊢⋈⋈⋈⋈⋈≻
0x1b5c8ed0	⊢⋈⋈⋈⋈⋈⋈⋈⊞⋈⋈⋈⋈⋈⋈⊤∈⋈⋈≻⊤∈⋈⋈⋈⊙⋈⊞⋈⋈⋈≻⊤∈⋈⋈⋈≻⊤∈⋈⋈⋈⊤∈∋∋⋈⋈⊞⊤∈⋈⋈⋈⋈⊤∈⋈⊙∋⊤∈⋈⊙∋⋈⊙∋⋈≺≺∋∋⋈⋈⋈⋈⋈≻⋈⊤∈⊤∈⋈⋈≺⊞⋈⋈⋈⋈⋈⋈⋈⋈⋈⋈⋈⊙⊤∈⊙⋈⊞⊞∋⋈⊞⊤∈⋈⋈⋈⋈⊤∈⋈⊙∋⊤∈⋈⊙∋⋈⊙∋⋈⋈≺∋⊞⊞⋈⋈⋈⋈⊞⊙⊤∈⋈⋈⋈∋⋈≺∋⋈⊙∋⊞⋈⋈⋈⋈⋈⋈⊣
0x1b5caa30	⊢⋈⋈⋈⋈⋈⋈⋈⋈⊞⊙⊤∈⋈⋈⊙⋈⊤∈⋈⋈⋈≻⋈⊤∈∋⋈⋈⋈⊙⋈⊙⋈⋈⋈⋈⋈≻∋⊙⋈⊞⊞⋈⋈⋈≺∋⋈⋈⋈⋈⋈⊣
0x1b5e56f0	⊢⋈⋈⋈⋈⋈⊞⋈⋈⊤∈⊞⋈⋈⋈⋈⋈⋈⋈⋈⋈⋈⋈⋈⋈⋈⋈⋈⊤∈⋈⋈⋈⊞⊙⊤∈⋈⋈⋈⋈⋈⊙⊤∈∋⊙⋈⋈⊞⊞⋈⊤∈⊤∈⋈⊞⊞⊞⋈⊞⊞⊙⊤∈⊞⊞⊞⋈⊞⊙⊤∈≺∋⊤∈∋∋⋈≺⋈≺∋⋈⋈∋⊤∈⋈∋⋈⋈⋈⊞⊞⊞⊞⊞⋈⊞⊞⊞⊞⋈⋈⋈⊞⊞⊞⊞⊞⋈⊞⊞⋈⋈⊞⊞⊞⋈⋈⋈⋈⋈⋈⋈⋈⋈⋈⋈⋈⋈⋈⋈⋈⋈⋈⋈⋈⋈⋈⋈⋈⋈⋈⋈⋈⋈⋈⋈⋈⋈⋈≺∋⋈≺∋∋⊞⋈⋈⋈⋈⊣
0x1b5e8500	⊢⋈⋈⊙
0x1b5e6c90	⊢⊞⊤∈⋈⊣⋈⋈⊞⊙
0x1b5739b0	⊢⊞⊤⊥⋈⊞⊞⋈⋈⋈⊞⊤⊥⋈⋈⊞⊤⊥⋈⋈⊞⊤⊥⋈⋈⊞⊤⊥⋈⋈⊞⊤⊥⋈⊞⊞⊤⊥⊞⋈⊞⋈⊤∈⋈⊞⊤∈⊞≺∋⋈⊞∋⋈⊞⊞∈⊞⊞⊞⋈⊞∈⋈⋈⊞⊤∈⊞⊤∈∋∋∋⊞⊣
0x1b5f1330	⊢⊞⊞⊞⊞⊣
0x1b5c8b50	⊢⋈⋈⋈⋈⋈⋈⋈⊞⋈⋈⋈⋈⋈⊤⋈∈⊤∈⊤∈⋈⋈≺⊤∈∋⋈≻⋈⋈⊞∈⋈⋈⋈≺⋈⋈⊞⋈⋈⊤∈⋈⋈⋈⋈⋈⊤∈⋈⊙≺⊤∈⊤∈∋⊞⊤∈⋈⊤∈⋈⊞≺∈⊤∈⊤∈⋈⊤∈∋∋⊞⊞∈∋∋∋⋈≻⋈⋈⋈⊤∈⋈⋈≺⋈⊞⋈⋈⊤∈⋈⋈⋈⋈⋈⊤∈⋈⊙∋∋∋⊤∈⋈⊙∋⋈⊙⊞⊞∋∋⊞⊞≺⋈⋈⋈⋈≻⊤∈⋈⋈⋈⋈⊙⋈⋈≺∋⋈⋈⊙⋈⊤∈⋈⋈⋈≻⋈⊤∈∋⋈⋈⋈⊙⋈≺∋⋈∋∋∋∋⊤⋈⋈⊥⊤⊥⊥⊤∈⊞⋈⋈⋈⋈⊞⋈⋈≻⊤∈⋈⋈≻⊞⊞⊞⋈⊡∈⋈⋈⋈⋈⊞⊞⊤∈∋⋈⋈≺∋⋈⋈⋈⋈⋈⋈⋈⋈⋈⋈⊤∈⋈≻∋⋈⊞⋈⋈⋈⋈⋈⋈⋈⋈⊞⋈⊞⊞⋈⋈⋈⋈⋈⋈⊣∋⋈⋈≻≺
0x1b5c9b20	⊢⋈⋈⋈⋈⋈⋈⋈⊞⋈⊤∈⋈⋈⋈⊤∈⊤∈∈⋈⊞∈∈⋈⋈⋈⋈⋈≻⊤∈⋈⋈≻≺⋈⊤∈⋈⊙∋⋈≻⋈⋈⋈⊤∈∋⋈⋈⋈⋈⊞≻⋈⋈⋈⊞≺∋⋈⋈⋈⋈⋈⋈⋈⋈⋈⊞⋈⊞⊤⋈⋈⊥⊤∈⋈⋈⋈⋈⋈≻⋈⋈≺∋⋈⋈⋈⊞⋈⋈⊤⋈⋈⊥⋈⊤∈⋈⋈⋈⋈≻⋈⋈≺∋⋈⋈⋈⋈⊤∈⋈⋈⋈⋈⋈≻⋈⋈≺∋⋈⊞⋈⊞⊞⋈⊡∈⋈⋈⋈⊞⋈⊞⊤⋈⋈⊥⋈⊤∈⋈⋈⋈⋈≻⋈⋈⋈≺∋⋈⋈⋈⊞⋈⋈⊤⋈⋈⊥⊤∈⋈⋈⋈⋈≻⋈⋈≺∋⋈⋈⊞⋈⊞⊤∈∋≺⋈⊞⊤∈⋈⋈⋈⋈⋈≻⋈⋈≺∋⋈⋈⊞⋈⋈⋈⋈⋈≻∋≻⋈⊞⋈⊤∈∋∋⋈⋈⋈≺⋈⋈≺∋∋⊞⋈⋈⋈⋈⋈⋈⊣
0x1b5ebea0	⊢⋈⋈≻⋈⊙
0x1b575340	⊢⋈⋈⋈⋈⋈⋈⊤∈⋈⊞∈⋈⋈⊞⋈⊤∈⊤∈⊞⋈⊤∈≺⋈⋈⊞⊞⊡∈⋈⊞⊞⋈⊞⋈⊞⊤∈∋⊤∈⊤∈⋈⊞∋⋈∋⊤∈∋⋈⊤∈⊤∈⊞⋈⊞⊞⊡∈⋈⊞⊞⋈⊞⋈⊞⊤∈∋⊤∈⊤∈⋈⊞≺∋∋⋈∋∋⊤∈⋈⋈⋈≻⊤∈⊤∈∋⋈⋈⋈≻⊤∈∋⊤∈∋⋈⋈⋈≻⊤∈∋⊤∈∋⋈⋈⋈≻⊤∈≺∋⊤∈∋⋈⋈⋈≻∋∋⋈⋈≻⋈⊤∈∋∋⋈⋈⊞≻⊤∈⊞⋈≺⋈⋈⋈⊞⊞⊡∈⋈⊞⊞⋈⊞⋈⊞⊤∈∋⊤∈⊤∈∋∋∋⋈⋈⋈≻⋈⊞∋⋈≺∋∋⋈⋈⋈⋈⊣
0x1b575740	⊢⋈⋈⋈⋈⋈≻
0x1b5ea9e0	⊢⋈⋈⋈⋈⋈⋈⋈⊞⋈⋈⋈⊙⋈⋈⊞⊡∈⋈≻≺∋⋈⊞⊤∈≻⋈⊞≺⊞∋⋈⋈⊞⊤⊥⋈⋈⋈⊞⊡∈⋈⊡∈⊤∈⋈⋈⋈≻≺⊙⊞⊡∈∋∋⋈⋈⊤∈⋈⊙⊤∈⋈⋈≻≺⋈⋈⋈⋈⋈⋈⋈⋈⋈⋈⋈⋈⋈∈⋈⋈⋈⊞⋈⊡∈⊤∈⋈⊤⊥⊞⊞⊞⊤∈∋⋈⊤∈∋⊞∈⊤∈⋈⊤∈⋈⋈⋈⋈⊞⋈⊞⋈⋈⊙⋈⋈⊞⊞⋈⊞⊞⋈⊞⊙≺∋⋈⋈⊞⋈⋈⋈⋈⋈⋈≺⋈⊤∈⋈∈∋⋈⋈⋈⋈⋈≻⋈≺⊤∈⋈⋈⋈⋈⋈≻⊞⋈⋈⋈⋈⋈≻⊞≺∋⋈∋⋈⋈⊞⊤∈⋈⋈⋈⋈⋈⊞⋈⊞⋈⋈⊙⋈⋈⊞⊞⋈⊞⊞⋈⊞⊙≺∋⋈⊞⊞⋈⋈⋈⋈⋈⋈⋈⋈⋈⋈⋈⋈⋈⊤∈⋈⋈⋈⋈⋈⋈⊤∈∈⋈⊤∈⋈⋈⋈≻≺⋈⋈⊤⋈∈⋈⋈⊤∈⋈⋈⊞⋈⋈⋈⋈⋈⋈⋈⋈⋈⋈⊞⋈⋈⊞⋈⊞⋈⋈⋈⋈⊙⋈⋈⋈⋈⋈⋈⊞⋈⋈⊞⊞⊞⋈⋈⊙⋈⋈⋈⋈⋈⋈⋈⋈⋈⋈⊞⋈⊙⋈⋈⋈≺∋⋈⋈⋈⊤∈⊞∈⋈⋈⊞⋈⊤∈∋∋⋈≺⊞⋈⋈⋈⊤∈⊤∈⋈∋⋈⋈⋈⋈≻⋈⋈⋈⊤∈⋈⋈⊞⋈⋈⋈⋈⋈⋈⋈⋈⊞⋈⋈⊞⋈⊞⋈⋈⋈⊙⋈⋈⋈⋈⊞⋈⋈⊞⊞⊞⋈⋈⊙⋈⋈⋈⋈⋈⋈⋈⋈⋈⋈⊞⋈⊙⋈≺∋⋈⋈⋈⋈⋈⊤∈⊞∈⋈⋈⋈⋈⊞⊤∈∋≺∋⋈⋈⋈⋈⋈⋈⋈⋈⊤∈⋈⋈⋈≻⊞⋈⋈⋈≻⊞≺∋⋈⋈⋈⊤∈⋈⋈⋈⊞⋈⋈⋈⋈⋈⋈⋈⋈⊞⋈⋈⋈⋈⊞⋈⋈⋈⊙⋈⋈⋈⋈⊞⋈⋈⊞⊞⊞⋈⋈⊙⋈⋈⋈⋈⋈⋈⋈⋈⊞⋈⊞⋈⊙⋈≺∋⋈⋈⋈⋈⋈⋈⊤∈⊞⊡∈⋈⋈⋈⋈⊞⊤∈∋∋⋈⋈⋈⋈⋈⋈⋈⊤∈∋⋈⋈⋈⋈⋈⋈⋈⊤∈∋≺∋∋⊡⋈∋⋈⋈⋈⊤∈⋈≻≺⋈⋈⊙⊤∈⋈⋈≻≺⋈⋈⋈⋈⋈⊞⋈∈⋈≻≺⋈⋈⋈⋈⊤∈⋈⋈⋈≻⋈⋈⋈⋈⋈⋈⋈⋈⋈⋈⋈∋∋⊡⋈≺∋⋈⋈≺∋≺⊞⋈⋈⋈⋈⋈⋈⋈⋈⊤⋈⋈∈⊤∈⊙≺∋∋∋⋈⋈⊤⊤∈⋈⊤∈≻⊤∈⋈≺∋∋∋⊞⋈⊤∈⋈⋈⋈⋈⊞⊞⋈⋈⋈⋈⋈⋈⊙⊞⋈⋈⋈⋈⋈⋈⊣
0x1b5e99b0	⊢⋈⋈⋈⋈⋈⊞⋈⊤∈⊞⊞⋈⋈⊞⋈⊞⊙⊤∈⋈⊙⊤⋈⊥⋈⋈⊞⋈⋈⋈⊞⊙⊤∈⊙⋈⊞⊞⋈⋈⋈⋈⋈⋈⋈⋈≻≺⋈⋈⋈⊞⊙⊤∈⊙⋈⊞⊞⋈⋈⋈⋈⋈⋈⋈⋈≻⊞⋈⋈⋈⋈⊞⊙⋈≺∋∋⋈⊞⋈⋈⋈⋈⊣
0x1b5f0530	⊢⋈⋈⋈⋈⋈⋈⋈⊞⋈⋈⊤∈⋈⊙⋈⊡∈⊞⊡∈⋈⊤∈⋈∈⋈⋈⊞⋈⊡∈⊤∈⋈⊤⊥⊞⊞⊞⊤∈∋⋈⊤∈⊞⊤∈⊤∈⊞⋈⊤∈⋈⋈⋈≺∋⋈⋈≻⋈⋈⋈⋈⋈⋈⋈⋈⋈⋈⋈⋈≻⋈⊤∈⋈≻∋⋈⋈⋈≻⋈⋈≻≺≺∋⊞∈∋∋∋⋈≺⋈≺∋⊤∈⋈⋈⋈≻⋈⋈≻∋≻⊤∈⋈⊙∋⋈⊙≻⋈≻≻⊞⊞∈∋⋈⋈⋈≺∈⋈⋈⋈⊙⊤∈⋈⊤∈⊞⊞⊤∈⋈≺∋⋈⊞⊤∈⋈⋈⋈⋈⊤∈⋈⊙∋⊤∈⋈⊙∋⋈⊙⋈⊞∈⋈⋈⋈⋈≻⊣⊞⋈≺∋⊤∈∋∋∋∋∋⊞⋈⋈⋈⋈⋈⋈⋈⋈⋈⋈⋈⋈⊞⊙⊞⋈⋈⋈⋈⋈⋈⊣
0x1b5e9920	⊢⋈⋈⋈⋈⋈≻
0x1b5e4fa0	⊢⋈⋈⋈⋈⋈⋈⋈⊞⋈⊞∈⋈⋈⋈⊤⋈⊥⋈⋈≻⊤∈⊤∈⊤⋈⊥⊤∈⋈⋈⊡∈⊤⊞⋈⊞∈⋈⋈⋈⋈≻∋⋈⋈⋈≻⊞⋈⋈≻⊤∈⊤∈⋈⊤∈∋∋∋⋈⋈⋈⋈⋈⋈⋈≻∋∋∋⊞⋈⋈⋈⋈⋈⋈⊣
0x1b57f211	⊢⋈⋈⋈⋈⋈⋈⊞⋈⊤∈⋈⋈⋈⋈⋈⋈⋈⋈⋈⋈⋈≻⊤∈⋈⋈⋈⋈⋈⊤∈⋈⋈⋈≻⋈⊞⋈⋈⊞⊞⊞⊞⊞⊞∈⊞⊡⊞⊞⊞⊤∈∈⊞⊞⊞⊞⋈⊞⊤∈⊤∈⋈⊤∈⋈≺∋∋⋈⊞⋈∈∋∋⊞⊞⊤∈∋⋈⋈⋈≻⋈⊤∈⋈≻⋈⊤⋈∈∋⋈⋈⋈≻⋈⋈⋈⋈⋈⋈⊞⋈⋈⊤∈⋈⋈⋈⊞⊤∈⋈⋈⋈⊤∈⋈⋈⋈⋈⋈⊞⊤∈⋈⊤∈⋈⊤∈∋⋈⋈⋈⋈⋈⊞⋈⋈≻∋⋈⋈⋈≻≺∋⋈⊤⋈⋈∈⋈⋈⊤⋈∈⊞⋈⋈⊞⋈⋈⋈⊤∈⋈⋈⊞≺⋈⋈⋈⋈≺∋⋈⊤⊥≺∋∋⋈⊞⋈∈⊤∈∋⋈⋈⋈⋈⋈⋈⋈⋈⋈⋈≻⋈⋈⋈⋈⋈⋈⊤∈⋈⋈⋈≻⋈∋⋈⋈≺⊤∈⋈⊤⋈∈⋈⊤∈⋈⊞⊤∈∋⊞⋈⋈≺∋⊞∈⋈⊞⊞∈∋≺∋⊞⊤⊥⋈⋈⋈∋⊤∈⋈⋈⋈≻⋈∋⋈⊤∈⊤∈⋈⋈⋈≻⋈⋈⋈⋈⋈⊞⊤∈⋈⋈⊤∈⊞⋈⋈≺∋⊤∈⋈⊞∈∋∋⋈⋈⋈⋈⋈≻⋈⊤∈⋈⋈⊤∈⊞⊤∈∋⋈⊞⋈⋈⋈≺∋⋈⊤⊥≺∋⋈⊞∈⊤∈∋⋈⋈⋈⋈⋈⋈⋈⋈⋈⋈≻⋈⋈⋈⋈⋈⋈⊤∈⋈⋈⋈≻⋈∋⋈⋈≺⊤∈⋈⊤⋈∈⋈⊤∈⋈⊞⊤∈∋⊞⋈⋈≺∋⊞∈⋈⊞⊞∈∋≺∋⊞⊤⊥⋈⋈⋈∋⊤∈⋈⋈⋈≻⋈∋⋈⊤⋈∈∋⋈≺∋∈⋈≻∋⋈≺∋⋈⊞⊞⊤∈⋈⋈⊤∈⊞⋈⋈≺∋⊤∈⋈⊞∈∋∋⊤∈⊞⋈⋈⋈⋈⋈⋈⋈⋈⋈⋈⋈⋈⋈≻⋈⊞⋈⋈⊤∈⋈⋈⋈≻⊞⋈⋈⋈⋈⋈⋈⋈⋈⋈⋈⋈≻⊞⋈≺∋⋈∋⋈⊤∈≺⋈⋈⊞≻⊤∈⋈⋈⊞∈⋈⋈⊤⋈∈⊞⋈⋈⊞⋈⋈⋈⊤⋈∈⋈⊞⊞≺⋈⋈⋈≺∋⋈⊤⊥≺∋∋⋈⋈⊞∈⊤∈∋⋈⋈⋈⋈⋈⋈⋈⋈⋈⋈⋈≻⋈⋈⋈⋈⋈⋈⊤∈⋈⋈⋈≻⋈∋⋈⊤∈⊤⋈∈≺⊤⋈∈≺⊤∈∋∋⋈⋈⋈≻∋⋈⋈⊞≻⋈≺∋⋈⋈⋈⋈⋈⋈⋈⋈⋈⋈⋈⋈⋈⋈≻⋈⋈⋈⊤∈⋈⋈⊞⊞⊤∈⋈⊞⊙∋∋⋈⊞⋈⋈⋈⋈⋈⋈⋈⋈⋈⋈⋈⋈⋈⋈⋈≻⊞⋈⋈⋈⋈⋈⋈⋈⋈⋈⋈⋈⋈⋈⋈≻⊞⋈⋈⋈⋈⋈⋈⋈⋈≻⋈⋈⋈⊤∈⋈⋈⋈≻⋈∋⋈⊤∈∋⋈≺⊤∈⋈⊤∈⋈⊞⊤∈⊞⋈≺∋⋈⋈⊞∈⋈⊞⊞∈∋⊞⊤⊥⋈⋈⋈∈∋∋⋈⋈⋈⋈⋈⋈⋈⋈≻⋈⋈⋈⋈⊞≻⋈⋈⋈⋈⋈⋈≻⋈⋈⊤⋈⋈∈⊤∈⋈⋈⊤∈⋈⋈⊞⊥⊞⊤⊥⊞⋈∈⊞∈⋈⋈≻∋⊤∈⋈⋈⊞⋈⋈⋈⋈⋈≻⊤∈∋⋈⋈⋈≺∋⋈⋈⊙⋈≺⋈⋈⋈⋈≺∋⋈⋈⋈⋈≺∋∋⋈⋈⋈⋈⋈⋈≻⋈⋈⋈⋈⋈⋈⋈⋈⋈⋈⋈≻⋈⊞⋈⋈⋈⋈⋈⋈⋈≻⊞⋈⋈⊞⋈⋈⊞⋈⋈⋈⋈⋈⋈⋈⋈⋈⋈≻⋈⋈⋈⋈⋈⋈⋈≻⋈⋈⋈⋈⋈⊤∈⋈⋈⋈≻∋⊞⋈⋈⋈⋈⋈⋈⋈⋈≻⊞⋈⋈⋈⊤∈⋈⋈⋈≻∋⋈⋈⋈≻⋈⋈⋈≻⋈⋈⋈⋈⊞≻⋈⋈⋈⊤∈∋⋈∋⋈⋈≻∋∋∋∋∋∋∋∋∋⋈⊞⋈⋈⋈⋈⋈⋈⊣⋈⋈⋈⊤⋈⊥⋈⋈≻⋈⊤⋈⋈∈⊤∈⋈⋈∋∋⊤∈⋈⊞⋈⊤∈⋈⋈⊤∈⋈⋈≺∋⋈⊞⊤∈∋⊞⋈⊞⊥≺∋⋈⋈⊞⋈⊥⊥⊞⋈⊞⊞⋈⋈⋈⋈⋈⋈⋈⋈⋈⋈⋈⋈≻⊞⋈⋈⋈⋈⋈⋈⋈⋈⋈⋈⋈⋈⋈⋈⋈⋈⋈⋈⋈⋈⋈⋈⋈⋈≻⊞⋈⋈⋈⋈⋈⋈⋈⋈⋈≺∋≻⊞⋈⋈⊤⋈∈⋈⋈⋈⋈⋈⋈⋈≻⋈∋⋈⋈⋈≻∋∋∋⋈⊞⋈⋈⋈⋈⋈⋈⊣⊞⊞⊞≺∋
0x1b5a03d9	⊢⋈⋈⋈⋈⋈⋈⊞⋈⋈⋈⊤∈⋈⋈≻⋈⋈⋈⊞⊤∈⊤∈∋⋈⋈≻⋈⊞⊤∈⋈⋈≺⊤∈⋈⊞⊞⋈⋈≺∋∋⊤∈⋈⋈≺⊤∈⋈⊞⊞⋈⋈≺∋∋⊤⊥∈⊞∈⊤∈⋈⊣⋈⊤⋈∈∋⊥∋⊣⊞⊤∈⋈⋈⋈⋈⋈⊤∈⋈⋈⋈≻⋈⊞⋈⋈⊞⊞⊞⊞⊞⊞∈⊞⊡⊞⊞⊞⊤∈∈⊞⊞⊞⊞⋈⊞⋈⊤∈⊞⊤∈⊤∈⋈⋈⊞⊤⋈∈⊤∈⋈⋈⊤∈⋈⋈⊞⊥⋈⊤⊥⊞∈⋈⊤∈⋈⊞⋈⋈⋈⋈⋈≻⋈⊤∈⋈⋈⋈≺∋⋈⋈⊙⋈≺⊞∋⋈≺⋈⋈≺⋈≺∋∋⋈∋⋈⋈⋈⋈⋈⋈⊤∈⊤∈⋈≺⋈⊤∈⋈⋈⊞⊥⊞⊤⊥⊞∈⊤∈⋈⊞⋈⋈⋈⋈≻⊤∈⋈⋈⋈≺∋⋈⋈⊙⋈⋈≺⋈≺∋∋∋⋈⋈⋈⋈≺∋∋⋈⊞⋈⋈∈∋∋⊞⊞⊤∈∋⋈⋈⋈⋈⋈⋈⋈⋈⋈≻⋈⋈⋈⊞⋈⊤⊥⋈⋈⋈≻⋈⊤⊥⊞⋈⋈⋈∈⋈⋈⋈≻⋈⋈⋈⋈≻⊤∈⊤∈∋⋈⋈⋈≻⋈⋈⋈⋈⋈⊤∈⋈⊤∈⊤∈⋈⊤∈⋈⊤∈∋⊞≺≺∋∋∋∋⊞⋈⊞⋈⋈⋈⋈⋈≻⋈⋈⋈≻⋈⊤⋈∈⋈⋈⊤∈⋈⊤∈⊤∈⊤∈∋⊞⋈≺∋∋∋∋⋈⋈⋈⋈≻⋈⋈⋈⋈≻⋈⋈⋈⋈≻⋈⊞⋈⋈⋈⋈⊤∈⋈⋈⊤∈⋈⋈⊤∈⋈≺∋⊤∈⋈≺∋⊤∈∋⋈⊞⋈⊞⋈⋈⋈⊡⊡⋈⋈≻≺∋⊤∈⋈⋈⊡⊡⋈≻≺∋∋⋈⋈⋈≻⋈⋈⋈⊤∈⋈⋈⊤∈⋈⊤∈⊤∈⊤∈∋⊞⋈≺∋∋∋∋⋈⋈⋈⋈≻⋈⋈⋈≻⋈⊤⋈⋈⋈⋈∈⋈⊤∈⋈⊤∈⊤∈⊤∈∋⊞⋈≺∋∋∋∋⋈⋈⋈≻⋈⋈⋈⋈≻⋈⋈⋈⋈≻⋈⋈⋈⊤∈⋈⊤∈⋈⊤∈⋈≺∋⊤∈⋈≺∋⊤∈∋⋈⊞⊞⋈⋈⋈⊡⊡⋈⋈⋈≻≺∋⊤∈⋈⋈⊡⊡⋈≻≺∋∋⋈⋈⋈⋈≻⋈⋈⋈⋈⋈⋈⋈⋈⋈⋈⋈⋈⋈⋈⋈⋈⋈⋈⋈⋈⋈⊤⋈⊥⊤⊥⊤⊥⋈⋈⋈≻⋈⋈⊤⋈⋈∈⋈⋈⊤∈⋈⋈∋∋⋈⋈⋈⋈⋈≻⋈⋈⋈⊤∈⋈⋈⊤∈⋈⋈∋∋⋈⋈⋈⋈⋈⋈⋈≻⋈⋈⋈⋈⋈⋈⋈⋈≻⋈⋈⋈⋈⋈⋈⋈⋈⋈⋈⋈⋈⋈≻⊞⋈⋈⋈⋈⋈⊤∈⋈⋈⊤⋈∈⋈⋈⊤∈⋈⋈≺∋⊤∈⋈⋈≺∋⊤∈∋⋈⋈⊞⊞⋈⋈⋈⋈⋈⋈⋈≻≺∋⊤∈⋈⋈⋈⋈⋈≻≺∋∋⋈⋈⋈⋈≻⋈⋈⋈⋈⊡⊡⋈⊡⊡⋈⋈⋈≻⋈⋈⋈⊤∈⋈⊤∈⋈⊤∈⋈≺∋⊤∈⋈≺∋⊤∈∋⋈⋈⊞⊞⋈⋈⋈⊡⊡⋈⋈≻≺∋⊤∈⋈⋈⊡⊡⋈≻≺∋∋⋈⋈⋈⋈≻⋈⋈⋈⋈⋈⋈⋈⋈⋈⋈⋈⋈⋈⋈⋈⋈⋈⋈≺∋⋈⋈⋈⊤⋈⋈⋈⋈∈⊤∈⋈⊤∈⋈⋈⊞⊥⋈⊤⊥⊞∈⊞⋈⋈≺∋⋈∋∈⋈⋈⋈⋈⋈⊤∈⊤∈⊤∈⋈⋈⋈⊞⊥⋈⊤⊥⊞∈⋈⋈⊤∈⋈⋈⋈⋈⋈⋈≻⊤∈⋈⋈⋈⋈⋈≺∋⋈⋈⋈⊙⋈⋈⋈⋈≺∋⊞∋∋⋈⋈≻∋⊤∈⋈⋈⋈⋈⋈⋈≻⋈⊤∈∋⋈∋⋈≻∋⋈⋈⋈⋈⋈≺∋⋈⋈⋈⊙⋈⋈⋈⋈⋈⋈≺∋⋈⋈≺∋⋈∋∋⋈⋈⋈⋈⋈⋈⋈⋈≻⋈⊤∈∋⋈⋈≻≺∋⋈⊞⋈⋈⊞⊞⊞⊞⊞⊞⊞∈⊞⊡⊞⊞⊞⊤∈∈⊞⊞⊞⊞⊞⋈⊤∈⊞⋈⊤∈⋈⊤∈⋈⋈⋈⋈⋈⋈⋈⋈⋈⋈⋈⋈⋈⋈⋈⋈⋈⋈⋈⊞⋈⋈⋈∈⋈⊤∈⋈⋈≻⋈∋⊤∈⋈⋈⋈⋈≻⋈≺∋∋⋈⊞⋈∈∋∋⊤⋈⋈∈⊞⊤∈⊞⊞⊞⊞∋⊞⊞⊤∈⋈⊤∈⊡⊞⊞⋈≺∋⊞⋈⊡⋈⊞⋈⋈⊡⊞⊞⋈⋈⊡⊡⋈⋈⋈⋈⋈⋈⋈⋈⋈⋈⋈⋈⋈⋈∋∋∋⋈⋈⋈⋈⋈⋈⋈⋈⋈⋈⋈⋈⋈⋈⋈⋈⋈⋈⋈⋈⋈≺⋈≺∋⊞⊞⊞⋈⋈≺∋⊞⊞⊞≺∋∋⊡⊡⊡⊡⊡⊡∋∋⊞⋈⋈⋈⋈⋈⋈⊣
0x1b57e005	⊢⋈⋈⋈⋈⋈⋈⊞⋈⋈⋈⋈⋈⊤∈⋈⋈⋈⋈⋈⋈⋈⋈⋈⋈≻⊤∈⋈⋈⋈⊤∈⋈⋈⋈≻⋈⊞⋈⋈⊞⊞⊞⊞⊞⊞∈⊞⊡⊞⊞⊞⊤∈∈⊞⊞⊞⊞⋈⊞⊤∈⊤∈⊤∈⋈≺∋∋⋈⊞⋈∈∋∋⊞⊞⊤∈∋⋈⋈⋈≻⊤∈⋈≻⋈⋈⊤∈∋⋈⋈⋈≻⋈⋈⋈⊤⋈⊥⋈⋈⋈≻⋈⊤⋈⋈∈⋈⊤⋈∈⋈⋈≺∋∋⊤∈⋈⊞⊤⋈⋈∈⋈⋈⊤∈⋈⋈≺∋⋈⊞⊤∈∋⊞⋈⊞⊥≺∋⊞⋈⊞⊞⊞⋈⋈⋈⋈⋈⋈⋈⋈≻⊞⋈⊞⋈⋈⋈⋈⋈⋈⋈⋈⋈⋈⊞⋈⋈⋈⋈⋈⋈⋈⋈⋈⋈⋈≻⊞⋈⊞⋈⋈⋈⋈⋈⋈⋈⋈⋈≺∋≻⊞⊤⋈∈⋈⋈⋈⋈⋈⋈⋈≻⋈∋⋈⋈⋈≻⋈⊞⊞⊞≺∋⊤∈∋∋∋⋈⊞⋈⋈⋈⋈⋈⋈⊣⋈⋈⊞⋈⋈⋈⋈⋈⋈≺
0x1b580415	⊢⋈⋈⋈⋈⋈⋈⊞⋈⋈⋈⋈⊤∈⋈⋈⋈≻⋈⊞⋈⋈⊞⊞⊞⊞⋈⊞⊞∈⊞⊡⊞⊞⊞⊤∈∈⊞⊞⊞⊞⋈⊤∈⋈⋈≺⋈⊞⋈∈∋∋⊞⊞⊤∈∋⋈⋈⋈⋈≻⋈⋈⊤∈⋈⊤∈⋈⋈∈⋈⋈⋈⋈⋈⋈⋈⋈≻⋈⋈⋈⋈⋈⋈≻⋈⊤∈⋈⋈⋈⋈⋈⋈⋈⋈≻⋈∋⋈⊤∈⋈⋈⋈⋈⋈⋈⋈⋈≻⋈⋈⋈≺∋∋∋∋⋈⋈⋈⋈≻⋈⊤∈⋈⋈≻≺∋⋈⊞⋈⋈⊞⊞⊞⊞⋈⊞⊞⊞∈⊞⊡⊞⊞⊞⊤∈∈⊞⊞⊞⊞⋈⊤∈⋈⋈⋈≺⋈⊞⋈∈∋∋⊤∈⊞⊤∈⊞⊞⊞⊞∋⊞⊞⊤∈⋈⊤∈⊡⊞⊞⋈≺∋⊞⋈⊡⋈⊞⋈⋈⊡⊞⋈⋈⋈⋈⋈∋∋⋈⊞⋈⋈⋈⋈⋈⋈⊣⋈≺∋⊞⊞⊞≺∋⊞⊞⊞≺∋
0x1b581292	⊢⋈⋈⋈⋈⋈⋈⊞⋈⋈⊤∈⋈⋈≻⋈⋈⋈⋈⊞⊤∈⊤∈∋⋈⋈≻⊞⊤∈⊤∈⋈⋈⋈⋈≻⋈⊞⋈⋈⊞⊞⊞⊞⊞⊞∈⊞⊡⊞⊞⊞⊤∈∈⊞⊞⊞⊞⋈⊤∈⋈⊤∈⋈≺∋⋈⊞⋈∈∋∋⊞⊞⊤∈∋⋈⋈⋈⋈⋈≻⋈⋈⊤⊥⋈⋈⋈≻⋈⋈⊤⊥⊞∈⋈⋈⋈≻⋈⋈⋈⋈≻⋈⊤∈⊤∈∋⋈⋈⋈≻⋈⊞⋈⊞⋈⋈⋈≻⋈⋈⋈≻⋈⋈≻⋈⋈⋈⊤⋈⊥⋈⊤⊥⊤⋈⊥⋈⋈⋈≻⋈⋈⊤∈⋈⋈⊤∈⋈⋈∋∋⋈⋈⋈⋈≻⋈⋈⊤∈⋈⋈⊤∈⋈⋈∋∋⋈⋈⋈⋈⋈≻⋈⋈⋈⋈⋈≻⊤∈⋈⋈⋈⋈⋈⋈⋈≻⋈≺∋∋⋈⋈⋈⋈≻⋈⊤∈∋⋈⋈≻≺∋⋈⊞⋈⋈⊞⊞⊞⊞⊞⊞⊞∈⊞⊡⊞⊞⊞⊤∈∈⊞⊞⊞⊞⋈⊤∈⋈⊤∈⋈≺∋⋈⊞⋈∈∋∋⊤∈⊞⊤∈⊞⊞⊞⊞∋⊞⊞⊤∈⋈⊤∈⊡⊞⊞⋈≺∋⊞⋈⊡⋈⊞⋈⋈⊡⊞⋈⋈⋈⋈⋈≺∋⊞⊞⊞⋈≺∋⊞⊞⊞≺∋⋈≺⋈≺∋∋∋∋⋈⊞⋈⋈⋈⋈⋈⋈⊣
0x1b596d55	⊢⋈⋈⋈⋈⋈⋈⊞⋈⋈⋈⋈⋈⋈⊤∈⋈⋈⋈⋈≻⋈⊞⋈⋈⊞⊞⊞⊞⊞⊞∈⊞⊡⊞⊞⊞⊤∈∈⊞⊞⊞⊞⋈⊤∈⋈⊤∈⋈⊤∈⊤∈⋈≺⋈⊤∈⋈⋈⋈⊞⊥⊞⊤⊥⊞∈⊤∈⋈⊞⋈⋈⋈≻⊤∈⋈⋈≺∋⋈⋈⋈⊙⋈⊞∋⋈≺⋈⋈≺⋈≺∋∋∋⋈⋈⋈∋⋈⊞⋈∈∋∋⊞⊞⊤∈∋⋈⋈⋈⋈⋈⋈⋈≻⋈⋈⋈⊤∈⋈⊞⋈⋈⋈⋈⋈≻⊞⊤⊥⊞⋈⋈⋈≻⋈⋈⋈⋈⋈≻⊞⊤⊥⊞⋈⋈⋈≻⋈⋈⋈⋈≻⋈⊤∈⊞⋈⊤⋈∈⋈≻⋈⊤∈⊤∈⋈≺⋈⊤∈⋈⋈⋈⊞⊥⊞⊤⊥⊞∈⊤∈⋈⊞⋈⋈⋈≻⊤∈⋈⋈≺∋⋈⋈⋈⊙⋈⊞⋈≺⋈⋈⊞⋈⋈⊤∈∋∋⋈⋈⋈≺⋈⊞≺∋⋈∋⋈⊞⊞⋈⋈⋈⋈⋈⋈≻∋⋈⊤∈⋈⋈⋈≻⋈⋈⋈⋈⋈⋈⋈⋈⋈⋈⋈⋈≻⋈⋈⋈⋈⋈⋈≻⋈⋈⊤⋈⋈⊥⋈⊤⊥⊤∈⋈⋈⋈⋈⊡⊡⋈⋈≻⋈⋈⋈⋈⋈⋈⋈⋈⊡⊡⋈⋈≻⋈⋈⋈≺∋⋈⊤∈⋈⋈⋈⋈≻∋⋈⊤∈⋈⋈⊤∈⊤∈⋈∋⊤∈⋈≺∋⊤∈∋⋈⊞⋈⊞⊞⋈⋈⋈⋈⋈⋈≻≺∋⊤∈⋈⋈⋈≺⋈⋈≻≺∋∋∋⋈∋⋈⊤∈⊤∈⋈⋈⊤∈⋈⋈⋈⊞⊥⊞⊤⊥⊞∈∋⊞⊤∈⋈⋈⋈≻⊤∈∋∋⋈∋⋈≻∋⋈⊞⋈⋈≺∋⋈⋈⋈⊙⋈≺⋈⋈≺⋈≺∋∋⋈∋⋈⋈⋈⋈⋈≻⋈⊤∈⋈⋈≻≺∋⋈⊞⋈⋈⊞⊞⊞⊞⊞⊞⊞∈⊞⊡⊞⊞⊞⊤∈∈⊞⊞⊞⊞⋈⋈⊤∈⋈⋈⊤∈⋈⋈⋈⋈⋈⊞⊤⋈∈⋈⋈≻≺∋⋈⊞⋈∈∋∋⊤∈⊞⊤∈⊞⊞⊞⊞∋⊞⊞⊤∈⋈⊤∈⊡⊞⊞⋈≺∋⊞⋈⋈⊡⋈⊞⋈⋈⊡⊞⋈⋈⋈⋈⋈⋈⋈⋈⋈∋∋⋈⋈⊡⊡≺∋⊞⋈⋈⋈⋈⋈⋈⊣⋈≺∋⊞⊞⊞≺∋⊞⊞⊞≺∋
0x1b59655e	⊢⋈⋈⋈⋈⋈⋈⊞⋈⋈⋈⋈⋈⊤∈⋈⋈⋈≻⋈⊞⋈⋈⊞⊞⊞⊞⋈⊞⊞∈⊞⊡⊞⊞⊞⊤∈∈⊞⊞⊞⋈⊞⋈⊞⊤∈⊞⊞⋈≺⋈⊞⋈∈∋∋⊞⊞⊤∈∋⋈⋈⋈⋈⋈⋈≻⋈⋈⋈≻⋈⊤∈⋈⋈⋈⋈⋈⋈⋈⋈⋈⋈⋈⋈⋈⋈≻⋈⋈⊤∈⋈⋈⋈≻∋⋈⊤⋈∈⋈⋈⋈≻∋⊡⊡⊡⊡⋈⊡⊡⊡⊡⋈≻⋈⋈⋈⋈⋈⋈⋈⋈⋈⋈⋈⋈≻⋈⋈⋈⋈⋈⋈≻⊤∈⋈⋈⋈⋈⋈⋈⋈≻⋈∋⋈≺∋⋈⋈⋈≻∋⋈⊞⋈⋈⋈⋈⋈⋈⊣⊞⊞⊞≺∋
0x1b5967f2	⊢⋈⋈⋈⋈⋈⋈⊞⋈⋈⋈⋈⋈⊤∈⋈⋈⋈≻⋈⊞⋈⋈⊞⊞⊞⊞⋈⊞⊞∈⊞⊡⊞⊞⊞⊤∈∈⊞⊞⊞⋈⊞⋈⊞⊤∈⊞⊞⋈≺⋈⊞⋈∈∋∋⊞⊞⊤∈∋⋈⋈⋈⋈≻⋈⋈⋈≻⊤∈⋈⋈⋈⋈⋈⋈⋈⊤∈⋈⋈⊤∈⊤∈⋈⊤∈⋈⊤∈∋⊞≺≺∋∋∋∋⋈⋈⋈⋈⋈⋈⋈⋈⋈≻⋈⋈⋈⋈≻⋈⋈⋈⋈⋈⋈⋈⋈⋈⋈⋈≻⋈⋈⋈⋈⋈⋈⋈⋈⋈⋈⋈⋈≻⋈⋈⋈≻⋈⋈⊤∈⋈⊞⋈∋⋈⋈⋈⋈⋈⋈⋈⋈⋈⋈⋈⋈⋈⋈⊤∈⋈⋈⋈≻∋⋈⋈⊤∈⋈⋈⋈≻∋⋈⋈⋈⋈⋈⋈⊤∈⋈⋈⊤∈⋈⊤∈⊤∈⊤∈∋⊞⋈≺∋∋∋∋⋈⋈⋈⋈⋈≻⋈⋈⋈⋈≻⋈⋈⋈⋈⋈⋈⋈⋈⋈⋈≻⋈⋈⋈⋈⋈⋈⋈⋈⋈⋈⋈⋈⋈≻⋈⋈⋈≻⊤∈⋈⊞⋈∋⋈⋈⋈⋈⋈⋈⋈⋈⋈⋈⋈⋈⋈⊤⋈∈⋈⋈⋈≻∋⋈⊤∈⋈⋈⋈≻∋⊡⊡⋈⊡⊡⋈≻⋈⋈⋈⋈⋈⋈⋈⋈⋈⋈⋈⋈⋈≻⋈⋈⋈⋈⋈⋈⋈≻⊤∈⋈⋈⋈⋈⋈⋈⋈⋈≻⋈≺∋∋⋈⋈⋈≻∋⋈⊞⋈⋈⋈⋈⋈⋈⊣⊞⊞⊞≺∋
0x1b573210	⊢⋈⋈⋈⋈⋈⋈⋈⋈⋈⊤∈⋈⋈⊙⋈⋈⋈⊤∈∋⊤∈⊞∋⋈⋈⋈⋈⋈⊣⋈⋈⋈⋈⋈⋈⋈⋈⊙
0x1b575760	⊢⋈⋈⋈⋈⋈≻
0x1b5b3ceb	⊢⋈⋈⋈⋈⋈⋈⊞⋈⋈⋈⋈⋈⋈⋈⋈⋈⋈⊞∈⋈⋈≺∋⊞⋈⊤∈⋈⋈⋈⊞⊥⊞⊤⊥⊞∈⋈⋈⋈⋈⋈⋈≻⊤∈⊤∈⊞⋈⋈⋈≺∋⋈⋈⋈⋈⋈⊞∋⋈⋈≻∋⋈⊞⊞⊤∈⋈⋈⋈⋈≻≺∋∋⋈⋈≻⊤∈⋈⋈≺⊤∈⋈⊞⊞⋈⋈≺∋∋⋈⋈≻⋈⊤∈⋈⋈⊤∈⊞≺⊤∈⋈⊞⋈∈⊤∈⊞⋈⊞⊤⋈∈∋⊤∈∋⋈⋈≺∋∋∋⋈⊞⊤∈⊤∈⋈⋈⋈≻⋈⋈⋈≺⊤∈⊞⋈⋈≻⋈⋈≻⋈⋈⋈≺⋈⋈⊤⊥⊤⊥⋈≺∋∋∋∋⋈⋈⋈⋈⋈⋈⊞⋈⋈⋈⋈⋈⋈⊣
0x1b5b3948	⊢⋈⋈⋈⋈⋈⋈⊞⋈⋈⋈⋈⋈⋈⊤∈⋈⊤∈⋈⋈⊤⊥⋈⊤⊥⊞∈⋈⊡⊞⋈⊞⊞⋈⊞⊞∈⋈⊞∈⊤∈⊞≺⊤∈⋈⊞∈⋈⊞∋⋈⋈⋈≺⋈⋈⊞⊞⋈⊞⊞⊞∈∋∋∋⋈⋈⋈⋈⋈⋈⋈⋈⋈⋈⋈⋈⋈≻≺⋈≺∋∋⋈⊞⋈⊞⋈⋈⋈⋈⋈⋈≻∋⋈⋈⋈⋈⋈≻⋈⋈⋈⋈⋈⊤∈⋈⋈⊤∈⊤∈⋈∋⊤∈⋈≺∋⊤∈∋⋈⊞⋈⊞⋈⋈⋈⋈⋈⋈⋈≻≺∋⊤∈⋈⋈⋈⋈≻≺∋∋⋈⋈⋈⋈≻⋈⋈⋈⋈⋈⋈⋈⋈⋈⋈⋈⋈⋈⋈≻⋈⋈⋈⋈⋈⋈⋈⋈⋈⋈⋈⊤⋈⊥⋈⊤∈⊤⊥⊤∈⊤⊥⊤∈∋⋈⊞⊞⋈⋈⋈⋈≻∋⊤∈⋈⋈⋈⋈⋈≻≺∋⋈≺∋⋈⋈⋈⋈⋈⋈⋈⋈⋈⊤∈⋈⋈⋈⋈⋈⋈≻⋈⋈⋈⋈⋈⋈⋈≻⋈⊤∈∋⋈⋈⋈≻≺∋∋∋⊞⋈⋈⋈⋈⋈⋈⊣
0x1b5b4387	⊢⋈⋈⋈⋈⋈⋈⊞⋈⋈⋈⋈⋈⋈⊞⊤∈⋈⋈≺⊤∈⋈⊞⋈⋈≺∋∋⋈⊤∈⋈⋈⋈⋈≺⋈⊤∈⋈⊞⊞⋈⋈⋈≺∋∋⋈⊤⋈⋈∈⊞∈⊤∈⊞⊤∈⋈⊤⋈∈∋∋∈∋⋈⋈⊤∈⊤∈⋈⊤∈⋈⋈⊞⊥⋈⊞⊤⊥⊞∈⊞∈⋈⋈≻∋⋈⊤∈⋈⊞⋈⋈⋈⋈≻⋈⊤∈∋⋈⋈≺∋⋈⋈⊙⋈≺⋈⋈≺∋⋈∋∋⋈⋈⋈⋈⋈⋈⋈⋈⋈⋈⋈⋈⋈⋈≻⋈⋈⋈⋈⋈⋈⋈⋈⋈⋈⋈⋈≻⋈∋⋈⋈⋈⋈⋈≻⋈⋈⋈⋈⋈⋈⋈⋈⋈⋈⋈≻⋈⋈⋈⋈⋈⋈⋈⋈⋈⋈≻⋈⋈≻⋈⋈⋈⋈⋈⊤∈⋈⋈⋈≻∋⋈⊤∈⊤∈⊤∈∋⋈⊞⋈⋈⋈⋈⋈⊞≻∋⋈⋈≻≺∋⋈⋈⋈≻⋈⋈⋈⋈≺∋⋈⋈⋈⋈⋈≻⊤∈⋈⋈⋈≺⊤∈⋈⋈⊞⋈⋈⋈≺∋∋⋈⊤∈⋈⋈⋈⋈≺⋈⊤∈⋈⊞⊞⋈⋈⋈≺∋∋⊤∈⊞∈⊤∈⊞⊤∈⋈⋈⊞⊤∈∋∋∈∋⋈⋈⋈⋈⋈⋈⋈⋈≻⋈≻⋈⋈⋈≻⋈⊤∈⋈⋈≺⊤∈⋈⊞⋈⋈≺∋∋⋈⊤∈⋈≺⊤∈⋈⊞⋈⋈≺∋∋⋈⊤∈⊞∈⊤∈⊞⊤∈≺⋈⊤⋈∈∋∋∈∋⋈≻⋈⋈≻∋∋⋈⊤∈⋈⋈⋈≻∋⋈∋⊞⋈≺∋⋈⋈⋈⋈⋈⋈⋈⋈⋈⋈⋈⋈⋈⋈⋈⋈≻⋈⋈⋈⋈⋈⊤∈⋈⋈⋈≻∋⋈⋈⋈⋈⋈⋈⋈⋈⋈⋈⊤⋈∈⋈⋈⋈≻∋⋈⊤⊥⊞∈⋈⋈⋈≻∋⋈⊤∈⋈⋈⋈≻∋⊞⋈⋈⋈⋈⋈⋈⊣
0x1b5b3f4c	⊢⋈⋈⋈⋈⋈⋈⊞⋈⋈⋈⋈⋈⊞⋈⋈⋈≻⋈⋈⋈⋈⋈⋈⋈⋈⋈⋈⋈⋈≻⋈⋈⋈⋈⋈⋈⋈⋈⋈⋈⋈⋈≻⋈⋈⋈⋈⋈⋈⋈⊞⋈⋈⋈⋈⋈∈⊤∈⋈⊤∈⋈⋈⊞⊥⋈⊤⊥⊞∈⋈⋈⊤∈⋈⊞⋈⋈⋈⋈⋈≻⊤∈⋈⋈⋈≺∋⋈⋈⋈⊙⋈⋈⋈⋈⋈≺⋈⋈⋈≺∋⋈∋∋⋈⋈⋈⋈⋈⋈⊤⋈∈⊤∈⋈⊤∈⋈⋈⊞⊥⋈⊤⊥⊞∈∋⊞∋∈⋈⋈≻∋⊤∈⋈⊞⋈⋈⋈⋈≻⊤∈∋⋈⋈⋈≺∋⋈⋈⋈⋈⊙⋈⋈≺⋈⋈≺∋⋈∋∋⋈⋈⋈⋈⋈⋈⋈⋈⋈⋈⋈⋈⋈⋈⋈≻⋈⋈⋈⋈⋈⋈⋈⋈⋈⋈⋈⋈⋈≻⋈⋈⋈⋈⋈⋈⋈⋈⋈⋈⋈⋈⋈⋈⋈⋈⋈⋈⋈⋈⋈⋈⋈⋈⋈⋈≻⋈⋈⋈⋈⋈⋈⋈⋈⋈⋈⋈⋈⋈⋈≻⋈⋈⋈⋈⋈⋈⊤∈⋈⋈⋈≻∋⊞⋈⋈⋈⋈⋈⋈⊣
0x1b5a94e0	⊢⋈⋈⋈⊤∈⋈⋈⊞⊤∈⊞⊞⊞⊞⊡⊞⊞⊤∈⊞⊞⊤⊥⋈⊤⊥⊞⊤∈⊡∈⊡⊞⊡⊞⊡⊞⊡⊞⊞⊞⊞⊞⊞⊞⊤∈⊞⊤∈⊞⊤∈⊞⊤∈⊞⊞⋈⊞⊞⋈⊣⊞≺⊞≺⊞⊤∈∋∋⋈⊤∈⊡∈⊡⊞⊞⊤∈⊞≺⊞⊤∈∋∋⊤∈∋⊞⊣⊡⊞⊞⊞⊤⊥⋈⊞⋈⊞⊣∋∋∋⊞∋⊞⊞⊞⊞∈⊤∈∋⋈⊣⊞⊤∈∋⋈⊣
0x1b5a9680	⊢⋈⊤∈⋈⋈⊞⊤∈⊞⊞⊞⊞⊡⊞⊞⊤∈⊞⊞⊤⊥⋈⊤⊥⊞⊤∈⊡∈⊡⊞⊡⊞⊡⊞⊡⊞⊞⊞⊞⊞⊞⊞⊤∈⊞⊤∈⊞⊤∈⊞⊤∈⊞⊞⋈⊞⊞⋈⊣⊞≺⊞≺⊞⊤∈∋∋⋈⊤∈⊡∈⊡⊞⊞⊤∈⊞≺⊞⊤∈∋∋⊤∈∋⊞⊣⊡⊞⊞⊞⊤⊥⋈⊞⋈⊞⊣∋∋∋⊞∋⊞⊞⊞∈⊤∈∋⋈⊣⊞⊤∈∋⋈⊣
0x1b5c3020	⊢⋈⋈⊞⋈⋈⋈⋈⋈⊙⊞⋈⋈⊞⋈⊣
0x1b5a9808	⊢⋈⋈⋈⋈⋈⋈⋈⊤∈≻≺∋⊤∈⋈⋈≺∋⋈⋈⋈⋈⋈⋈⋈⊙
0x1b5a99b5	⊢⋈⋈⊞⊞
0x1b5a9853	⊢⊤∈⋈⊞⊤∈⊞⊞⊞⊞⊡⊞⊞⊤∈⊞⊤∈⋈∈⋈⊤∈⋈∋⋈∈⊤∈⊤∈∋⊞⊡⊞⊞⊞⊤⊥⊞⊞≺⊡⊞⊞⊞⊤∈∋≺⋈⊡⊞⊡⊞⊡⊞⊡⊞⊞⊞⊞⊞⊞⊞⊤∈∋⊞⊤∈⊞⊤∈⊞⊤∈⊞⋈⊞⊞⊞⊞⊞≺⊞⊞≺⊞≺∋∋⋈⊞⊞≺⊞∋⋈⊞⊞⊞∈⊤∈⋈⊤⋈∈∋≺∋∋∋⋈≺∋∋∋⋈⊣
0x1b5a9bbc	⊢⋈⋈⋈⋈⋈⋈⋈⊤∈≻≺∋⊤∈⋈⋈≺∋⋈⋈⋈⋈⋈⋈⋈⊙
0x1b5a9e3b	⊢⊤∈⊞⊣⋈⋈
0x1b5a9c07	⊢⊤∈⊞⊣⋈⋈⋈⋈⋈⊞⊤∈⊞⊞⊞⊞⋈⊞⊞⊞∈⊞⊤⊥⊞⊞⊤∈∋⊤∈⋈⊤∈⋈⋈⋈⋈∈⊡⊞⊞⋈⊞⊞⊞⋈⊞⊞⊞⊞⋈⊞⊞⊞⋈⊞⊞⊞⊞⊡⊞⊞⋈⊞⊞⊞⋈⊞⊞⊞⊞⋈⊞⊞⊞⋈⊞⊞⊞⊡⊞⊞⋈⊞⊞⊞⋈⊞⊞⊞⊞⋈⊞⊞⊞⋈⊞⊞⊞⊞⊞⊡⊞⊞⋈⊞⊞⊞⋈⊞⊞⊞⊞⋈⊞⊞⊞⋈⊞⊞⊞⊞⊞⊤∈∋∋∋⋈⊤∈⋈∈⊡⊞⊞⋈⊞⊞⊞⋈⊞⊞⊞⊞⋈⊞⊞⊞⋈⊞⊞⋈⊞⊞⊤∈∋∋⊞⊤∈∈⊞⊤⊥⊞⊞⊤∈∋∋⊞⊞∈⊞⊤⊥⊞⊞⊤∈∋≺∋⋈⋈⋈⋈⊣
0x1b5e87b0	⊢⋈⋈⋈⊣
0x1b5755c0	⊢⋈⋈⋈⋈⋈⋈⋈⋈⋈⋈⋈⊞∈⊤∈⋈⊞⊤∈⋈⊞⊞⋈⊤∈⊤∈⋈≺⋈≺∋⊞∈⊞⊤∈⊤∈⋈≺⋈∈⊤∈⊤∈⋈⋈⋈⋈⋈⊞⋈⋈⋈⋈⋈⋈⋈⊙⋈⋈⋈⋈⋈≺∋⊞⋈⊤⊥⊤⊥⊞⊤∈⋈⊞⋈⊞⊤∈∋⊡⋈⊞⋈⊞⋈⋈⋈⋈⋈⋈⋈⊙⋈⋈⋈⋈≺∋∋⊤∈⋈∋∋⊞⋈⋈≻⋈∋⋈⋈≺∋∋∋⋈∋⊞⋈⋈⋈⋈⋈⋈⊣
0x1b575090	⊢⋈⋈⊞⋈⋈⋈⋈⋈⋈⋈≻
0x1b573b00	⊢⋈⋈⊞⋈⋈⋈⋈⋈⋈⋈⋈⋈⋈⋈≻
0x1b573b80	⊢⋈⋈⊞⋈⋈⋈⋈⋈⋈⋈⋈⋈⋈⋈≻
0x1b573b40	⊢⋈⋈⊞⋈⋈⋈⋈⋈⋈⋈⋈⋈⋈⋈≻
0x1b575780	⊢⋈⋈⊞⋈⋈⋈⋈⋈⋈⋈⋈⋈⋈⋈≻
0x1b584a2d	⊢⋈⋈⋈⋈⋈⋈⋈⋈⊤⊥⋈⊤⊥⊞∈⊤∈⋈⊤∈⊤∈⊤∈⋈⋈≺⊤∈⋈⊞⋈⋈≺∋∋⊤∈⋈⋈≺⊤∈⋈⊞⋈⋈≺∋∋⊤∈⊞⊙⊤∈≺∋⋈⊤∈⋈⊤∈⊤∈⋈⋈≺⊤∈⋈⊞⊞⋈⋈≺∋∋⊤∈⋈⋈≺⊤∈⋈⊞⊞⋈⋈≺∋∋⊤∈⊞⊙⊤≺⋈⊤∈⋈⊤∈⋈⊤∋⊥≺∋∋∋∋∋∋∋⊞∋∋⋈⋈⋈⊣
0x1b5e8ce0	⊢⋈⋈⋈⊣
0x1b5e8760	⊢⋈⋈⋈⊣
0x1b5e90f0	⊢⋈≺⋈⋈⋈⋈⊞⋈⋈⋈⊞⋈⋈⊞⊙
0x1b56fdbe	⊢⋈⋈⋈⋈⋈⋈⊞⋈⋈⋈⊤∈⋈⋈⊤∈⊤∈⊤∈⊤∈∋⋈⋈⋈⋈⊞∈⋈⋈≺∋⊤∈⋈⊤∈⋈⊤∈⋈⋈⋈≻⊤∈⋈⋈≻⋈⋈⋈⋈⋈⋈⊞⋈⋈⋈⋈⊤∈⋈⋈⋈⋈⋈⋈⋈∈⋈⋈⊤∈⋈⋈⊙⊤∈⋈⋈≻⋈⋈⋈⋈⋈⊞⋈⊤∈⊞⋈⋈⋈⋈⋈⋈⋈≻⋈⋈⋈⊞∈⋈⋈⊤∈⋈≻∋⋈⋈⋈∋⊞⊤⊥≺∋⋈⊞⋈⋈⋈⋈⋈⊣⋈⋈⋈⋈⋈⋈⋈⋈⋈⋈⋈⋈⋈≻⋈⋈⋈⊤∈∋⋈⋈⋈⊤⋈∈⋈≻∋⋈⋈⋈⊤∈⋈⋈⊤∈⋈⋈⋈⋈≺∋⋈⊤∈∋⋈≺∋∋∋⋈⊞⋈⋈⋈⋈⋈⋈⊣⋈⋈⋈⋈⊙⋈⋈⊤∈∋⋈⊤∈⋈≺⋈≺∋⋈≺∋⋈⋈⋈⋈⋈⋈≻⋈⋈⋈≺∋⋈⋈⋈⊞∈⋈⋈⋈⋈≺⋈⊤∈⋈⊞⊞⋈⋈⋈≺∋∋⋈⊤∈⋈⋈⋈⋈≺⋈⋈⊤∈⋈⊞⊞⋈⋈⋈≺∋∋⊤⊥⊞⊤∈⊞∈⊤∈⊞⊤⊥⊞⋈⊤⋈∈∋⊥⊞≺∋∋⊤∈⋈⋈⋈⋈≺⋈⊤∈⋈⊤∈⋈≺⋈⊤∈⊤∈⋈≺⊤∈⋈⋈⊞⊥⊞⊤⊥⊞∈⊤∈⋈⊞⋈⋈⋈⋈≻⊤∈⋈⋈⋈≺∋⋈⋈⋈⊙⋈⊞∋⋈≺⋈⋈≺∋∋∋⋈⋈⋈⋈⋈⋈≻⋈⋈⋈⋈⋈⋈≺⋈⊞⊤⋈∈⊤∈⋈≺⋈⊤∈⋈⋈⊞⊥⊞⊤⊥⊞∈⊤∈⋈⊞⋈⋈⋈⋈≻⊤∈⋈⋈⋈≺∋⋈⋈⊙⊞∋⋈⋈≻∋⊤∈⋈⋈≺⊤∈⋈⋈⊞⊥⊞⊤⊥⊞∈⊤⋈∈⋈⊞⋈⋈⋈⋈≻⋈⊤∈⋈⋈≺∋⋈⋈⋈⋈⊙⋈⊞∋⋈⋈≻⋈⋈⋈⋈≺∋∋∋⋈⊞⋈⋈⋈⋈⋈⋈≻⋈⋈⋈⋈⋈⋈⋈⋈≺⋈≺∋∋∋⋈⊞⋈⋈⋈⋈≺⋈⋈⊞⊤⋈∈⊤∈⋈≺⋈⊤∈⋈⋈⊞⊥⊞⊤⊥⊞∈⊤∈⋈⊞⋈⋈⋈⋈≻⊤∈⋈⋈⋈≺∋⋈⋈⊙⊞∋⋈∋∈⋈≻∋⊤∈⋈≺⋈⊤∈⋈⋈⊞⊥⊞⊤⊥⊞∈∋⊤∈⋈⊞⋈⋈⋈⋈≻⊤∈⋈⋈≺∋⋈⋈⋈⊙⊞∋⋈≺∋⋈⋈≺∋∋∋⋈⋈⋈⋈⋈⋈≻⋈⋈⋈∋⋈⋈⋈≺∋∋⋈≻⋈⋈≺⋈≺∋∋∋⋈⋈⋈⋈≺∋∋∋⊞⋈⋈⋈⋈⋈⋈⊣
0x1b59523c	⊢⋈⋈⋈⋈⋈⋈⊞⋈⋈⋈⊤∈⋈⋈⊤∈⊤∈⊤∈⊤∈∋⋈⋈⋈⋈≻⋈⋈⋈≺∋⋈⋈⋈⊞∈⋈⋈⋈⋈≺⋈⊤∈⋈⋈⋈≺⋈⊞⊤⋈∈⊤∈⋈≺⋈⊤∈⋈⋈⊞⊥⊞⊤⊥⊞∈⊤∈⋈⋈⋈⋈≻⊤∈⋈⋈⋈≺⊞∋⋈≺⋈⋈≺⋈≺⋈⋈⊞⊤⋈∈⊤∈⋈≺⋈⊤∈⋈⋈⊞⊥⊞⊤⊥⊞∈⊤∈⋈⊞⋈⋈⋈⋈≻⊤∈⋈⋈⋈≺∋⋈⋈⊙⊞∋⋈∈⋈≻∋⋈⊞⊞∋∋⋈⊤∈⋈⋈⋈⋈≺⋈⋈⊤∈⋈⊞⊞⋈⋈⋈≺∋∋⊤⊥⊞⊤∈⊞∈⊤∈⊞⊤⊥⊞⋈⊤⋈∈∋⊥⊞≺∋∋⊤∈⋈⋈⋈⋈≺⋈⊤∈⋈⊤∈⊤∈⋈≺⊤∈⋈⋈⊞⊥⊞⊤⊥⊞∈⊤⋈∈⋈⊞⋈⋈⋈≻⊤∈⋈⋈≺∋⋈⋈⋈⊙⋈⋈⊞∋⋈∋⋈≻∋⋈⊞∋⋈⋈⊙∋∋∋⋈⊞⋈⋈⋈⋈≺⋈⋈⋈≺∋∋∋⋈⊞⋈⋈⋈⋈⋈⋈≻⋈⋈⋈⋈⋈⋈⋈⊤∈⊤∈⋈≺⊤∈⋈⋈⊞⊥⊞⊤⊥⊞∈⊤∈⋈⋈⋈⋈⋈⋈≻⊤∈⋈⋈⋈≺∋⋈⋈⋈⊙⋈⊞∋⋈≺∋⋈⋈≺∋∋∋⋈⋈⋈⋈⋈⋈≻⋈⋈⋈⋈⋈⋈≺∋⋈∋≻⋈⋈≺⋈≺∋∋∋⋈⋈⋈⋈≺∋∋∋⊞⋈⋈⋈⋈⋈⋈⊣
0x1b5afa7d	⊢⋈⋈⋈⋈⋈⋈⊞⋈⋈⋈⊤∈⋈⋈⊤∈⊤∈⊤∈⊤∈∋⋈⋈⋈⋈≻⋈⋈⋈≺∋⋈⋈⋈⊞∈⋈⋈⋈⋈≺⋈⊤∈⋈⋈⋈≺⋈⊞⊤⋈∈⊤∈⋈≺⋈⊤∈⋈⋈⊞⊥⊞⊤⊥⊞∈⊤∈⋈⋈⋈⋈≻⊤∈⋈⋈⋈≺⊞∋⋈≺⋈⋈≺⋈≺⋈⋈⊞⊤⋈∈⊤∈⋈≺⋈⊤∈⋈⋈⊞⊥⊞⊤⊥⊞∈⊤∈⋈⊞⋈⋈⋈⋈≻⊤∈⋈⋈⋈≺∋⋈⋈⊙⊞∋⋈∈⋈≻∋⋈⊞⊞∋∋⋈⊤∈⋈⋈⋈⋈≺⋈⋈⊤∈⋈⊞⊞⋈⋈⋈≺∋∋⊤⊥⊞⊤∈⊞∈⊤∈⊞⊤⊥⊞⋈⊤⋈∈∋⊥⊞≺∋∋⊤∈⋈⋈⋈⋈≺⋈⊤∈⋈⊤∈⊤∈⋈≺⊤∈⋈⋈⊞⊥⊞⊤⊥⊞∈⊤⋈∈⋈⊞⋈⋈⋈≻⊤∈⋈⋈≺∋⋈⋈⋈⊙⋈⋈⊞∋⋈∋⋈≻∋⋈⊞∋⋈⋈⊙∋∋∋⋈⊞⋈⋈⋈⋈≺⋈⋈⋈≺∋∋∋⋈⊞⋈⋈⋈⋈⋈⋈≻⋈⋈⋈⋈⋈⋈⋈⊤∈⊤∈⋈≺⊤∈⋈⋈⊞⊥⊞⊤⊥⊞∈⊤∈⋈⋈⋈⋈⋈⋈≻⊤∈⋈⋈⋈≺∋⋈⋈⋈⊙⋈⊞∋⋈≺∋⋈⋈≺∋∋∋⋈⋈⋈⋈⋈⋈≻⋈⋈⋈⋈⋈⋈≺∋⋈∋≻⋈⋈≺⋈≺∋∋∋⋈⋈⋈⋈≺∋∋∋⊞⋈⋈⋈⋈⋈⋈⊣
0x1b581880	⊢⋈⋈⋈⋈⋈⋈⊞⋈⋈⋈⊤∈⋈⋈⊤∈⊤∈⊤∈⊤∈∋⋈⋈⋈⊞∈⋈⋈⋈⋈≺⋈⋈⊤∈⋈⋈⋈≺∋⋈⋈⋈⋈≻⋈⋈⋈≺⋈⊞⊤⋈∈⊤∈⋈≺⋈⊤∈⋈⋈⊞⊥⊞⊤⊥⊞∈⊤∈⋈⋈⋈⋈≻⊤∈⋈⋈⋈≺⊞∋⋈≺⋈⋈≺⋈≺⋈⋈⊞⊤⋈∈⊤∈⋈≺⋈⊤∈⋈⋈⊞⊥⊞⊤⊥⊞∈⊤∈⋈⊞⋈⋈⋈⋈≻⊤∈⋈⋈⋈≺∋⋈⋈⊙⊞∋⋈∈⋈≻∋⋈⊞⊞∋∋⋈⊤∈⋈⋈⋈⋈≺⋈⋈⊤∈⋈⊞⊞⋈⋈⋈≺∋∋⊤⊥⊞⊤∈⊞∈⊤∈⊞⊤⊥⊞⋈⊤⋈∈∋⊥⊞≺∋∋⊤∈⋈⋈⋈⋈≺⋈⊤∈⋈⊤∈⊤∈⋈≺⊤∈⋈⋈⊞⊥⊞⊤⊥⊞∈⊤∈⋈⋈⋈⋈≻⋈⊤∈⋈⋈≺∋⋈⋈⋈⊙⋈⊞∋∋⋈≻∋⋈⊞∋⋈⋈⊙∋∋∋⋈⋈⋈⋈⋈⋈≺∋∋∋⋈⋈⋈⋈⋈⋈≻⋈⋈⋈⋈⋈⋈⋈⊤∈⊤∈⋈≺⊤∈⋈⋈⊞⊥⊞⊤⊥⊞∈⊤∈⋈⋈⋈⋈⋈≻⊤∈⋈≺∋⋈⋈⋈⋈⊙⋈⋈⊞∋⋈≺∋⋈⋈⋈≺∋∋∋⋈⋈⋈⋈⋈⋈≻⋈⋈⋈⋈⋈⋈≺∋⋈∋≻⋈⋈≺⋈≺∋∋∋⋈⋈⋈≺∋⋈≺∋∋⊞⋈⋈⋈⋈⋈⋈⊣
0x1b584b96	⊢⋈⋈⋈⋈⋈⋈⊞⋈⋈⋈⋈⋈⋈⊞∈⋈⋈≺∋⊤∈⋈⊤∈⊤∈⋈≺⋈⊤∈⋈⋈⋈≻⊤∈⋈⋈≻⋈⋈⋈⋈⋈⋈⊞⋈⋈⋈⋈⊞⊤⋈∈⊤∈⋈⋈⊤∈⋈⋈⊞⊥⋈⊤⊥⊞∈⊞≺⋈⋈≺⋈≺∋∋⋈∈⋈⊤∈⊤∈⋈≺⋈⊤∈⋈⋈⊞⊥⊞⊤⊥⊞∈⋈⋈⊤∈⋈⊞⋈⋈⋈⋈⋈≻⋈⊤∈⋈⋈⋈≺∋⋈⋈⊙⋈⋈⊞∋⋈∋∈⋈≻∋⋈⊤∈⋈⊞⋈⋈⋈⋈≻⋈⋈⊤∈∋⋈⋈≺∋⋈⋈⋈⊙⋈⋈≺∋⋈⋈≺⋈≺∋∋∋⋈⋈⋈⋈⋈⋈⋈⊞⋈⋈⋈⋈⋈⋈⊣⋈⋈⋈⋈⊙⋈⋈⋈≺⋈⊤∈∋⋈⊤∈⊤∈⋈≺⋈⊤∈⋈⋈⊞⊥⊞⊤⊥⊞∈⊞∈⋈⋈≻∋⊤∈⋈⊞⋈⋈⋈⋈≻⊤∈∋⋈⋈⋈≺∋⋈⋈⊙⋈⋈≺⋈≺∋∋∋⋈⋈⋈⋈⋈⋈≻⋈⋈⋈⋈≺∋∋∋⋈⋈⋈⋈⋈⋈≻⋈⋈⋈≺∋⋈⊞⋈⋈⋈⋈⋈⋈⊣
0x1b5a9123	⊢⋈⋈⋈⋈⋈⋈⊞⊤∈⋈⋈⋈⊤∈⋈⊞⋈⊞⊤∈⊞⊞⊞⋈≺⋈⊞⊞⊞⊤∈⊞⊞⊞⋈≺⋈⊞⊞⊞⊞⊞⊞⊤∈⊞∋⊞⋈⋈⋈≺⊞≺∋∋∋⋈⊞⋈⊞⊞⊤⊞⊤⋈⊥⋈⋈⊤⊥⋈⊤⊥⊞∈⊞∈⋈⋈≻∋⋈⊤∈⋈⊞⋈⋈⋈≻⊤∈∋⊞≺∋⋈⋈⋈⋈⊤∈⋈⋈∈⋈⊤∈⋈⊞⋈⊞⊤∈⊞⊞⊞⋈≺⋈⊞⊞⊞⊤∈⊞⊞⊞⋈⋈⊞⊞⊞⊞⊞⊞⊤∈⊞≺⊞≺∋∋∋⊤∈⋈⊞⋈⊞⊞⊤⊞⊞⋈⋈⋈⋈≻⋈≺∋⋈⊞⋈⊤∈∋≺∋∋⋈⋈⋈⋈⋈⋈⋈∋⊞⋈⋈⋈⋈⋈⋈⊣
0x1b57ce51	⊢⋈⋈⋈⋈⋈⋈⊞⋈⋈⋈∈⊤∈⊞⋈⋈⋈≺⋈⊞⊤∈∋⋈⋈⊙⊤∈⋈⋈≻⊞⋈⋈⋈⋈⋈⋈⋈∈∈⊤∈⋈⋈⋈⋈∋⊞⋈⋈⋈⋈⋈⋈⊣⋈⊞⊤∈∋⋈⊤∈⋈⋈⋈⋈⋈≻⋈≺∋⊞⋈⊞⋈⋈⊞⋈≺∋
0x1b5bc3da	⊢⋈⊞⊤∈⊤∈⊞⊣⊞⊞∈⊞⊤⊥⊞⊞⊤∈∋⊣
0x1b570672	⊢⋈⋈⋈⋈⋈⋈⊞⋈⊞⊤∈⋈⋈⋈⋈⊤∈⋈⋈⊙⊤∈⋈⋈≻⋈⋈⋈⋈⋈⋈⋈⋈⋈≻⋈⋈⋈⋈⋈⊤∈⋈⋈⊤∈⊤∈⊤∈⊤∈⋈⊤∈∋⊤∈≺≺∋⊞∋⊞≺⋈⊤∈⊤∈⊤∈⊞⋈⋈⊤∈∋⋈⊞⋈⋈≺∋⋈⊤⊥≺∋⊤⊥⊞⊞≺∋∋⊤∈⋈⊞⊞∈∋∋∋⋈⋈⊙⊤∈∋⋈⋈≻⋈⋈⋈⋈⋈⊤∈⋈⋈⋈⋈≻≺∋∋⋈⋈⊤∈⋈⋈⋈⋈≻∋⋈⊞⊥⊞⋈⊤∈⋈⋈⊙⊤∈∋⋈⋈≻⋈⋈⋈⋈⋈⋈⊞⋈⋈⋈⋈⋈≻⋈∈∈⋈⊞⋈∈⋈⊤∈⊤⋈∈⊞⋈⋈⋈≻∋⋈⋈⋈≻⊞⋈⋈⋈⋈⋈⋈⊣⋈⋈⊞⊤∈∋⊤∈⋈⋈⋈≻∋⊞⊞⊞⊞⊤∈⋈⋈⋈⋈⋈≻≺∋⋈⊞⊞⋈⋈⋈⋈⋈⋈⋈⋈⋈≻≺∋⋈⋈⋈⋈⋈⋈⋈⋈⋈≺⋈⋈⊤∈∋∋⊞⋈⊤∈⋈≻∋⋈⋈⋈⋈⊞≺∋∋∋⋈⊞⋈⋈⋈⋈⋈⋈⊣
0x1b5bc0e4	⊢⋈⋈⋈⋈⊞⋈⋈⋈⊞∈⋈⋈⋈⋈⊤∈⋈⋈⊞⊞⋈⊤⊥⊤∈⋈⋈⊞⊞⋈⊤⊥⊤∈⊞⊞∈⋈⊤∈⋈⊤∈⋈⊤∈⋈⊤∈∋∋⋈⋈⋈⋈⋈⋈⋈⋈⊞⊞⊞∈⋈⊤∈⋈≺⋈⊞⋈⋈⋈⋈⊞⊞⋈⊤⊥⊤∈⋈⋈⊞⊞⋈⊤⊥⊤∈∋∋∋⋈≻∋⋈⋈⋈≻⊞⊞⋈⊞⊞⊞⋈⊞∈∋≺⋈⋈⋈⋈⋈⋈⋈∋⋈⋈⋈≻⊤⋈∈⋈⋈⋈⋈⋈⊤∈⋈⊤∈⋈⊞⋈⊞⊤∈⋈⊞⊞⋈≺⋈⊞⊞⊞⊤∈⋈⊞⊞⋈⋈⋈⊞⊞⊞⊞⊞⊞≺⋈≺∋∋∋⊤∈∋⊤⊤∈∋∋≻⋈⋈⋈⋈⋈⋈⋈⋈⋈⋈⋈⋈⋈⋈⋈⋈≻⋈⋈⋈≺∋∋∋∋∋⊞⋈⋈⋈⊣
0x1b5c2cc0	⊢⋈⋈⋈⋈⋈⋈⋈⊞⋈⋈⋈⋈⋈⋈⊙⊤∈⋈⋈≻⋈⊤∈⋈⊙∋⋈≺⊙⋈≻⋈⋈⋈⋈⋈⊞∈⋈⋈⊙⊤∈⋈⊙⋈⊤∈⋈⊤∈⋈⊙⋈⋈⋈⋈⋈⋈≻⋈⋈⊤∈∋⋈⊤⋈∈⋈⋈≻⊣⊙⋈⊤∈⊞⊞⊤∈⋈⊙∋⋈≺∋⋈⊞⊤∈⋈⋈⋈⋈⊤∈⋈⊙∋⊤∈⋈⊙∋⋈⊙⋈≺∋⋈⋈≺∋∋⋈⋈⋈⋈⋈⋈⋈⋈⋈⊙⊤∈⋈⋈⋈⋈⋈⋈⋈⋈⋈⋈⋈⋈⋈⋈⋈⋈⋈⋈⋈⋈⋈⋈⋈⋈⋈⋈⋈⋈⋈⋈⋈⋈⊙⊤∈⊤∈⋈⋈⋈⋈⊙⊤∈∋⊞⋈⊞⋈⊤∈≺∋⋈∋⋈⊞⋈⊤∈∋⋈⊙⋈∋∋⊞⋈⋈⋈⋈⋈⋈⊣⋈⋈⋈⋈⋈⋈≻⋈⋈≺∋
0x1b5e8140	⊢⋈⋈⋈⋈⋈⋈⋈⋈⋈⋈⋈⋈⋈⊤⋈⊥⊞⊞⊤⋈⊥⋈⊙⊞⋈⊤∈⋈⋈⊤∈⋈≻∋⋈⋈∋⊤⊥⊞⋈⋈⋈⋈⋈⋈⊣
0x1b5e8510	⊢⋈⋈⋈⋈⋈⋈⋈⋈⊤∈⋈⋈⋈⋈⋈≺∈∈⋈⋈⋈⊙⊤∈⊙⋈⊤∈⊞⊞⊤∈∋⊤∈⋈≺∋⋈⋈⊤∈⋈≻∋⋈⋈⋈⊞∈⋈⋈⋈⋈≻⋈⋈≻⊞⋈⊤∈∋∋∋⊞≺∋⊞⋈⋈⋈⋈⋈⋈⊣
0x1b5bd4d5	⊢⊡⊥⊞⋈⋈⊞⋈⊤∈⋈⋈⋈⋈⊙⋈⊣
0x1b582ff9	⊢⋈⋈⋈⋈⋈⋈⊞⋈⋈⋈⋈⋈⊤∈⋈⋈⊤∈⊤∈⋈⋈⊤∈⋈⋈⊞⊥⋈⊤⊥⊞∈⊞⋈⋈≺⋈≺∋∋⋈∈⋈⋈⊤∈⊤∈⋈⊤∈⋈⋈⊞⊥⊞⊤⊥⊞∈⋈⋈⋈⊤∈⋈⊞⋈⋈⋈⋈⋈≻⋈⊤∈⋈⋈⋈≺∋⋈⋈⊙⋈⋈⋈⊞∋⋈⋈≻∋⋈⊤∈⋈⋈⋈⋈⋈≻⋈⊤∈∋⋈≻∋⋈≺⋈⋈≺∋⋈⋈⋈⊙⋈⋈⋈≺∋⋈⋈≺⋈≺∋∋∋⋈⋈⋈⋈⋈⋈⋈⋈⋈⋈⋈⋈⋈⋈⋈⋈≺∋⊞⋈⋈⋈⋈⋈⋈⊣
0x1b59ec21	⊢⋈⋈⊞⊤∈⋈⋈≺⊤∈⋈⊞⊞⋈⋈≺∋∋⊤∈⋈⋈≺⊤∈⋈⊞⊞⋈⋈≺∋∋⊤∈⊞⊣⋈⊞⋈⊙⊤⊥⊞⊣
0x1b58a354	⊢⋈⋈⋈⋈⋈⋈⊞⋈⋈⋈⊤∈⋈⋈⊤∈⊤∈⊤∈⊤∈∋⋈⋈⋈⋈⋈⋈⋈≻≺∋⋈⊤∈⋈⋈≺⊤∈⋈⊞⋈⋈≺∋∋⊤∈⋈⋈≺⊤∈⋈⊞⋈⋈≺∋∋⊤⊥⊞⊤∈⊞∈⊤∈⊞⊤⊥⊞⋈⊤⋈∈∋⊥⊞≺∋∋⊤∈⋈⋈⋈⋈≺⋈⊤∈⋈⊞⋈⋈⋈⋈⋈⋈⋈⋈⋈≻⋈⋈⋈≺⋈⋈⋈⋈⋈⋈⋈≻∋⋈⋈⋈⋈⋈⋈⋈∋≻≺⋈⊤∈⊤∈⋈⋈⊤∈⋈⋈⊞⊥⋈⊤⊥⊞∈⊞∈⋈⋈≻∋⊤∈⋈⊞⋈⋈⋈⋈⋈≻⋈⊤∈∋⋈⋈⋈≺∋⋈⊙⋈≺⋈⋈≺⋈≺∋∋⋈∋⋈⊞⋈⋈⋈⋈⋈∋⊤∈⋈⋈⋈⊞⋈⋈⋈⋈⋈⋈≺⋈⋈⋈⋈≺∋∋⊞⋈⋈⋈⋈⋈⋈⊣
0x1b5b0974	⊢⋈⋈⋈⋈⋈⋈⊞⋈⋈⋈⊤∈⋈⋈⊤∈⊤∈⊤∈⊤∈∋⋈⋈⋈⋈⋈⋈⋈≻≺∋⋈⊤∈⋈⋈≺⊤∈⋈⊞⋈⋈≺∋∋⊤∈⋈⋈≺⊤∈⋈⊞⋈⋈≺∋∋⊤⊥⊞⊤∈⊞∈⊤∈⊞⊤⊥⊞⋈⊤⋈∈∋⊥⊞≺∋∋⊤∈⋈⋈⋈⋈≺⋈⊤∈⋈⊞⋈⋈⋈⋈⋈⋈⋈⋈⋈≻⋈⋈⋈≺⋈⋈⋈⋈⋈⋈⋈≻∋⋈⋈⋈⋈⋈⋈⋈∋≻≺⋈⊤∈⊤∈⋈⋈⊤∈⋈⋈⊞⊥⋈⊤⊥⊞∈⊞∈⋈⋈≻∋⊤∈⋈⊞⋈⋈⋈⋈⋈≻⋈⊤∈∋⋈⋈⋈≺∋⋈⊙⋈≺⋈⋈≺⋈≺∋∋⋈∋⋈⊞⋈⋈⋈⋈⋈∋⊤∈⋈⋈⋈⊞⋈⋈⋈⋈⋈⋈≺⋈⋈⋈⋈≺∋∋⊞⋈⋈⋈⋈⋈⋈⊣
0x1b586def	⊢⋈⋈⋈⋈⋈⋈⊞⋈⋈⋈⊤∈⋈⋈⊤∈⊤∈⊤∈⊤∈∋⋈⊤∈⋈⋈≺⊤∈⋈⊞⋈⋈≺∋∋⊤∈⋈⋈≺⊤∈⋈⊞⋈⋈≺∋∋⊤⊥⊞⊤∈⊞∈⊤∈⊞⊤⊥⊞⋈⊤⋈∈∋⊥⊞≺∋∋⊤∈⋈⋈⋈⋈≺⋈⊤∈⋈⋈⋈⋈⋈⋈⋈⋈⋈≻⋈⋈⋈≺⋈⋈⋈⋈⋈⋈⋈≻∋⋈⋈⋈⋈⋈⋈⋈≻≺∋⋈⋈⋈⋈⋈⋈⋈∋≻≺⋈⊤∈⊤∈⋈⋈⊤∈⋈⋈⊞⊥⋈⊤⊥⊞∈⊞∈⋈⋈≻∋⊤∈⋈⊞⋈⋈⋈⋈⋈≻⋈⊤∈∋⋈⋈⋈≺∋⋈⊙⋈≺⋈⋈≺⋈≺∋∋⋈∋⋈⋈⋈⋈⋈∋⊤∈⋈⋈⋈⊞⋈⋈⋈⋈⋈⋈≺⋈⋈⋈⋈≺∋∋⊞⋈⋈⋈⋈⋈⋈⊣
0x1b5b1db9	⊢⋈⋈⋈⋈⋈⋈⋈⋈⋈⋈⊞∈⋈⋈≺∋⊤∈⋈⋈⊤∈⋈⊤∈⊤∈⋈⊞⊞⋈⋈≺∋∋⊤∈⋈⋈≺⊤∈⋈⊞⋈⋈≺∋∋⊤⋈⊥⊤∈⊞⊞∈⋈⊞⊞⋈⋈⊥⊤∈∋⊤∈⊤∈∈⋈⋈⋈≻∋⊤∈∋⊞⊞∈⊤∈⊤⋈∈∋≺∋⊞⋈⋈≺∋⊞∈⋈⋈⋈≻∋∋⋈⋈⋈≻⊤∈⋈⋈≺⊤∈⋈⊞⋈⋈≺∋∋⋈⊤⊥⊤∈⋈≻≺⊞⊞∈⋈⊞⊞⋈⋈⊥⊤∈∋⋈≻⊤∈⊤∈⋈⋈≺⊤∈⋈⊞⋈⋈≺∋∋⋈⊞∈∋⋈⋈⋈≻⋈⋈⋈⋈⋈⊞⊤∈⋈⋈≺⊤∈⋈⊞⋈⋈≺∋∋⊤∈⋈⋈≺⊤∈⋈⊞⊞⋈⋈≺∋∋⋈≻⋈⊤∈⋈⋈⊤∈⊞≺⊤∈⋈⊞⋈∈⊤∈⊞⋈⊞⊤⋈∈∋⊤∈∋⋈⋈≺∋∋∋⋈⊞⊤∈⊤∈⋈⋈⋈≻⋈⋈⋈⊤∈⊞⋈⋈⋈⋈⋈≺⋈⋈≻⋈⋈⋈≺⊤∈⊤∈⋈≺∋∋∋∋∋⋈⋈⋈⊣⋈⋈⋈≻∋∋∋⋈⊤∈⋈⋈⊤∈⊞≺⊤∈⋈⊞⋈∈⊤∈⊞⋈⊞⊤⋈∈∋⊤∈∋⋈⋈≺∋∋∋⋈⊞⊤∈⊤∈⋈⋈⋈≻⋈⋈⋈≺⊤∈⊞⋈⋈≻⋈⋈≻⋈⋈⋈≺⊤∈⊤∈⋈≺∋∋∋∋∋∋⋈⋈⋈⋈⋈⋈⋈⋈⋈⋈⋈⊣
0x1b572ec0	⊢⋈⋈⋈⋈⋈⋈⋈⋈⋈⊤∈⋈⋈⋈⋈⋈⊙⋈⊤∈∋⊤⊥⋈⋈⋈⋈⋈⋈⋈⊙⋈⋈⋈⋈⋈⋈⊣
0x1b572c30	⊢⋈⋈⋈⋈⋈⋈⋈⊞⋈⋈⋈⋈⋈⋈⋈⋈⋈⋈⋈⊞⊞⊞⋈≺∈⊤∈⊤∈⋈≺∈⋈⊞⋈⊤∈⋈⊞⊞⋈∈⊞⊡∈⊤∈⊞⊤∈∋⋈⊤∈⊡⋈⊞∋⋈⊞⊡∈⋈⋈⊞⋈⊞⊞⋈⊞⋈⊞⊞⊞⊞⊤∈⊞⊤∈∋≺∋∋⊤∈⋈≺⋈⋈⊞⊞⊞⋈⊡∈⊤∈⊞⊞⊤∈∋≺⊤∈⊞⊡∈⊤∈∋∋⋈⊞⊞⊤∈⊤∈∋⋈⊤∈∋⋈⊞⋈⋈≺⊞⊤∈∋≺∋∋⋈⋈∋⋈≺∋∋⋈⋈⋈⋈⋈⊤∈∋⊞≺∋⋈⋈⊤∈⋈⋈⋈⋈⊙⋈⊤∈∋⊤∈⊤⊥⊞≺∋⊞⊞⋈⋈⋈⋈⋈⋈⊙⋈⊤⋈⋈⋈⋈∈∋∋⋈∋⊞⋈⋈⋈⋈⋈⋈⊣
0x1b5e8af0	⊢⊞⊤∈⋈⋈⋈⋈⋈⋈⊙⋈⋈⋈⋈⋈⋈≺
0x1b5722d0	⊢⋈⋈⋈⋈⋈⋈≺⋈⋈⋈⋈⋈⋈⋈⊞⋈⋈⋈⋈⋈⋈⋈⊙⋈⊤∈⊤∈⊞⊞≺⋈⋈⊞⊞⋈⋈⋈⋈∈⋈⊞⊡∈⋈⋈⊤∈⊤∈⊤∈∋∋⋈⊞⋈⊤∈⊞⋈⊞⋈⊞⊤∈⊞⊞⊞⋈≺⋈⊞⊞⊞⊤∈⊞⊞⊞⋈⊡⋈⊞⊞⊞⊞⊞⊞⊞⊤∈⋈⋈⋈≺⊞⊞≺∋∋∋⋈⋈⋈⋈⋈≻⋈⋈⋈⊞⊤∈⋈⋈⋈⊞⋈∈⊤∈⊤∈∈⋈⊤∈∋∋⊤∈⊤∈∈⋈⊤∈∋∋⊞⋈⋈⋈⊙⊤∈⊤∈⊞⋈⊞⋈⋈⊙⋈⋈⊙≺∋⊤∈∋⋈≺⋈⊤∈⋈⊤∈⊤⋈⊞∋∋⋈⊞≺≺∋∋∋∋⋈⋈⋈⋈≻⋈⋈≺∋⋈⋈⋈⊤∈⋈⊤∈⊤⋈⊞∋∋⊞⋈∋⊞⋈∈∋≺⊞⊤∈∋≺⊞∋⊤∈∋⋈≺⊤⋈⋈⋈∈⊞⊤∈⊤∈⋈∈⊤⋈∈∋⊤∈∋⊞≺∋⊤∈∈⊤∈∋⋈⋈≺∋∋∋⊞⊞⋈⋈⋈⋈⊙⊤∈⋈⋈⊙⋈∋∋∋⋈⊞⋈⋈⋈⋈⋈⋈⊣≺∋∋∋⋈⋈⋈≻
0x1b5d4d40	⊢⋈⋈⋈⋈⋈⋈⋈⋈⋈⊞⊙
0x1b5e54e0	⊢⋈⋈⋈⋈⋈⋈⊞⊤⊥⋈⋈⊤⊥⊤∈⋈⊤∈⊤∈⊤∈⋈⋈⋈⊞⊙⊤∈⋈⊤∈∋⊞⋈⋈⊙⊤⊥≺∋∋∋∋⋈⋈⋈⊣
0x1b5be69e	⊢⋈⋈⋈⊞⊙
0x1b570a1f	⊢⋈⋈⋈⋈⋈⋈⋈⋈⋈⋈≻⊤∈⋈⋈≻⋈⋈⋈⋈⋈⋈⊞∈⋈⊤∈⊤∈⋈≻∋⋈⋈⋈⋈⊤∈⋈⋈⋈≺⋈⋈≺∋⊡∈⋈⊞⋈⋈∈⊤∈⋈⋈⊤∈⋈⊤∈⋈≻∋⋈⋈⊞⋈≺⊤∈⋈⋈⋈⋈⊙⊤∈⋈⋈≻⋈⊡⋈⊤∈⊞≺⋈⊞⊤⋈⊥⊤∈⊞⊞⋈⋈≺∋⋈⊞⊤∈⋈⋈⊞⊞⊞∋⊤∈⋈⊞⋈⊞⊞∋⋈⊞⊞⋈⊤∈⋈⊞⋈⋈⊞⋈⊞⊞⊞⊞⊞⊞⊞⊞⊞⊞⊞⋈⊞⊞⋈⋈⊞⋈∋⊞⋈⊞⊞⊤∈⋈⋈⋈⋈∈⋈⊞⊞⊞⊞⊞⊞⊞⊞⊞⊞⊞⊞⊞⊞⊞⊞⊞⊤∈∋⋈⋈⋈⋈∋⊤∈⊞⊞⋈⋈≺∋⋈⊞⊤∈⋈⋈⋈⊞⊞⊞∋⊤∈⊞⋈⊞⋈⊞⊞∋⋈⊞≺∋⋈⋈⊣⋈⋈⋈⋈⋈≺∋⋈≺⊞⊡⋈⊥∈∋≺∋∋∋∋∋⋈⋈⋈⊣⋈⋈⋈⋈⊙⋈⋈⋈⊞⋈⋈⋈⋈⊣
0x1b57d167	⊢⋈⋈⋈⋈⋈⋈⋈⋈⋈⋈≻⊤∈⋈⋈≻⋈⋈⋈⋈⊙⋈⋈⋈⊞⋈⋈⋈⋈⊣
0x1b588615	⊢⋈⋈⋈⋈⋈⋈⊞⋈⋈⋈⋈⊤∈⋈⊤∈⊤∈⊤∈⊤∈∋⋈⋈⋈⋈⋈⋈⋈⋈⋈⊤⋈⋈⊥⋈⊤⊥⊤∈⋈⋈⋈⋈⋈⋈⋈≻⋈⋈⋈⋈⋈⋈⋈⋈⋈⋈⋈⋈⋈⋈≻⋈⋈⋈⋈≺∋⊤∈⋈⋈⋈⋈≻∋⋈⋈≺∋⋈⊤∈⋈⋈≺⊤∈⋈⊞⋈⋈≺∋∋⋈⊤∈⋈⋈⋈≺⋈⊤∈⋈⊞⋈⋈≺∋∋⊤⊥⊞⊤∈⊞∈⊤∈⊞⊤⊥⊞⋈⊤⋈∈∋⊥⊞≺∋∋⊤∈⋈⋈⋈⋈⊤∈⋈⋈≻≺⋈⊤∈⋈⊞⋈⋈⋈⋈⋈⋈⋈⋈⋈⋈⋈⋈⋈≻⋈⋈⋈⋈⋈⊤∈⋈⋈⋈≻∋⋈⋈⋈⋈⋈⋈⋈⋈⋈⋈⋈⋈⋈≻⋈⋈⋈⋈⋈⊤∈⋈⋈⋈≻∋⋈≺∋⋈∋⋈≻⋈⊞⋈⋈⋈⋈⋈⋈⋈⋈⋈⋈∋∋⊤∈⋈⋈⋈⋈⋈⋈⋈⋈⋈⊤∈∋∋⊞⋈⋈⋈⋈⋈⋈⊣⋈⋈⋈≺∋⊞⋈⋈⋈⋈⋈⋈≺
0x1b5b05f3	⊢⋈⋈⋈⋈⋈⋈⊞⋈⋈⋈⋈⊤∈⋈⊤∈⊤∈⊤∈⊤∈∋⋈⋈⋈⋈⋈⋈⋈⋈⋈⊤⋈⋈⊥⋈⊤⊥⊤∈⋈⋈⋈⋈⋈⋈⋈≻⋈⋈⋈⋈⊤∈⋈⋈⋈⋈⋈⋈⋈⋈⋈≻⋈⋈⋈⋈⊤∈⋈≺∋⋈⋈⋈⋈≻∋∋⋈⋈≺∋⋈⊤∈⋈⋈≺⊤∈⋈⊞⋈⋈≺∋∋⋈⊤∈⋈⋈⋈≺⋈⊤∈⋈⊞⋈⋈≺∋∋⊤⊥⊞⊤∈⊞∈⊤∈⊞⊤⊥⊞⋈⊤⋈∈∋⊥⊞≺∋∋⊤∈⋈⋈⋈⋈⊤∈⋈⋈≻≺⋈⊤∈⋈⊞⋈⋈⋈⋈⋈⋈⋈⋈⋈⋈⋈⋈⋈≻⋈⋈⋈⋈⋈⊤∈⋈⋈⋈≻∋⋈⋈⋈⋈⋈⋈⋈⋈⋈⋈⋈⋈⋈≻⋈⋈⋈⋈⋈⊤∈⋈⋈⋈≻∋⋈≺∋⋈∋⋈≻⋈⊞⋈⋈⋈⋈⋈⋈⋈⋈⋈⋈∋∋⊤∈⋈⋈⋈⋈⋈⋈⋈⋈⋈⊤∈∋∋⊞⋈⋈⋈⋈⋈⋈⊣⋈⋈⋈≺∋⊞⋈⋈⋈⋈⋈⋈≺
0x1b588bed	⊢⋈⋈⋈⋈⋈⋈⊞⋈⋈⋈⋈⊤∈⋈⊤∈⊤∈⊤∈⊤∈∋⋈⊤∈⋈⋈≺⊤∈⋈⊞⋈⋈≺∋∋⋈⊤∈⋈⋈⋈≺⋈⊤∈⋈⊞⋈⋈≺∋∋⊤⊥⊞⊤∈⊞∈⊤∈⊞⊤⊥⊞⋈⊤⋈∈∋⊥⊞≺∋∋⊤∈⋈⋈⋈⋈⊤∈⋈⋈≻≺⋈⊤∈⋈⋈⋈⋈⋈⋈⋈⋈⋈⋈⋈⋈≻⋈⋈⋈⋈⋈⊤∈⋈⋈⋈≻∋⋈⋈⋈⋈⋈⋈⋈⋈⋈⋈⋈⋈⋈≻⋈⋈⋈⋈⋈⊤∈⋈⋈⋈≻∋⋈≺∋⋈∋⋈⋈⋈⋈⋈⋈⋈⋈⋈⊤⋈⋈⊥⋈⊤⊥⊤∈⋈⋈⋈⋈⋈⋈⋈≻⋈⋈⋈⋈⋈⋈⋈⋈⋈⋈⋈⋈⋈⋈≻⋈⋈⋈⋈≺∋⊤∈⋈⋈⋈⋈≻∋⋈⋈≺∋⋈≻⋈⋈⋈⋈⋈∋∋⊤∈⋈⋈⋈⋈⋈⋈⋈⋈⋈⊤∈∋∋⊞⋈⋈⋈⋈⋈⋈⊣⋈⋈⋈≺∋⊞⋈⋈⋈⋈⋈⋈≺
0x1b5b010e	⊢⋈⋈⋈⋈⋈⋈⊞⋈⋈⋈⋈⊤∈⋈⊤∈⊤∈⊤∈⊤∈∋⋈⊤∈⋈⋈≺⊤∈⋈⊞⋈⋈≺∋∋⋈⊤∈⋈⋈⋈≺⋈⊤∈⋈⊞⋈⋈≺∋∋⊤⊥⊞⊤∈⊞∈⊤∈⊞⊤⊥⊞⋈⊤⋈∈∋⊥⊞≺∋∋⊤∈⋈⋈⋈⋈⊤∈⋈⋈≻≺⋈⊤∈⋈⋈⋈⋈⋈⋈⋈⋈⋈⋈⋈⋈≻⋈⋈⋈⋈⋈⊤∈⋈⋈⋈≻∋⋈⋈⋈⋈⋈⋈⋈⋈⋈⋈⋈⋈⋈≻⋈⋈⋈⋈⋈⊤∈⋈⋈⋈≻∋⋈≺∋⋈∋⋈⋈⋈⋈⋈⋈⋈⋈⋈⊤⋈⋈⊥⋈⊤⊥⊤∈⋈⋈⋈⋈⋈⋈⋈≻⋈⋈⋈⋈⊤∈⋈⋈⋈⋈⋈⋈⋈⋈⋈≻⋈⋈⋈⋈⊤∈⋈≺∋⋈⋈⋈⋈≻∋∋⋈⋈≺∋⋈≻⋈⋈⋈⋈⋈∋∋⊤∈⋈⋈⋈⋈⋈⋈⋈⋈⋈⊤∈∋∋⊞⋈⋈⋈⋈⋈⋈⊣⋈⋈⋈≺∋⊞⋈⋈⋈⋈⋈⋈≺
0x1b5b872b	⊢⋈⋈⋈⋈⋈⋈⊞⊤∈⋈⋈⊞≺⊤∈⋈⊞⋈⋈≺∋∋⋈⊤∈⋈⋈⊞⋈⋈≺⋈⊤∈⋈⊞⊞⋈⋈⋈≺∋∋⊤⊥⊤∈⊞∈⋈⊡⊞⊤∈∋∋⋈⊤∈⋈∋⋈⊤∈⋈⋈≺∋⊤∈⊤∈⋈≺⊤∈⋈⊞⊞⋈⋈≺∋∋⊤∈⋈⋈≺∋⊤∈⋈⋈⋈≻⋈⋈⋈≻∋⋈⋈⋈⋈⋈⋈⋈⊣
0x1b58800c	⊢⋈⋈⋈⋈⋈⋈⊞⊤∈⋈⋈≻⋈⊞⋈⊤∈⊤∈∋⋈⋈≻⋈⋈⋈≺∋⊞⋈⋈⊣
0x1b5e8ef0	⊢⋈⋈⊣
0x1b5e8f00	⊢⋈⋈⊣
0x1b5e8eb0	⊢⋈⋈⋈⋈⋈⋈⋈⊙⊤∈⋈⋈≻⋈⋈⋈⋈⋈⋈⊣
0x1b5e8900	⊢⋈⋈⋈⋈⋈⋈⊞⋈⋈⋈⋈⋈⋈⊙⋈⋈⋈⋈⋈⋈⋈⋈⋈⋈≻⋈⋈⋈⋈⋈≻⋈⋈⋈⋈⋈≻⊞⋈⋈⋈⋈≻⋈⊤∈⋈⋈⋈⋈⋈⊙∋⊞⋈⋈⋈⋈⋈⊣
0x1b5725d0	⊢⋈⋈⋈⋈⊙
0x1b5e9510	⊢⋈⋈⋈⋈⊙
0x1b5b77cd	⊢⋈≺⋈⋈⋈⋈⋈⋈⊞⋈⋈⋈⋈⊞∈⊤∈⋈⊤∈⋈⋈⊞⊤∈⋈⊞⋈⋈⊡⊞⊞⊤∈∋⋈⋈⊙⊤∈⋈⋈⋈≺⊤∈∋⋈⋈⊙⊤∈∋⋈⋈≻⋈⋈⊞⋈≺⋈⊡⊞⋈⋈≺∋⋈⊞⊞⊡⊡⋈⋈⋈⊞≺∋⊡⊙⋈⋈⊞⋈⊡⋈⊞⊞⊞⋈⋈⊥⋈⊥⊤∈∈⋈∈⋈≻∋∈⋈⊞⋈⋈⋈≻⊤∈∋⋈≺∋⋈⋈⋈⋈⋈⋈⊤∈⊤∈⊞⋈⋈⋈∈⋈⋈⊙⊤∈⋈⋈⋈⋈⋈⋈⋈⋈⋈⋈⋈⋈⋈⊞⊞⊞⋈⋈⋈⋈∈⋈⊤∈⋈⋈≺∋⋈⊤∈⋈⋈⋈⋈⋈⋈⋈⋈⋈⋈⋈⋈≻⋈⋈⋈⊤⊥⊤⊥⊞∈⋈⊞⊞∈⊤∈⋈⊞∈⊤⋈∈∋∋∋⊞∋⋈⊤∈⋈∈⋈⋈⊤∈⋈⋈⋈≻∋⊞⊞∈∋∋⋈⋈⋈⋈≻≺⋈⋈≻⋈⊤∈⋈≻⋈∋⊞⋈⋈⋈⋈⋈⋈⊤∈⊞⋈⋈⊞⋈⋈⊞⊞⋈⊞⊤∈∋∋⋈≻∋⊤∈⋈⋈⋈⋈⊞⊤∈⋈⋈⊞⊥⋈⊞⊤⊥⊞∈⊤∈⋈⋈⋈⋈⋈⋈⋈≻⊤∈⋈⋈≺∋⋈⋈⋈⊙⊤⋈∈⊞⋈⋈∈⊤∈⊤∈⋈⊞⋈≺⋈⋈⋈⋈⋈⋈≻⋈⋈⋈⋈⋈⋈⋈∈⋈⊞⋈⊤∈⋈⋈≻⋈⋈≺∋⊞⋈⋈⊞⋈⊞⋈⋈⊞∈∋≺⋈⋈⊤⋈⋈∈∋≺∋⊤∈∋∋∋⋈⊞⊞≻∋⋈⋈≻⋈⋈≺∋∋⊤∈⋈∈⋈⊞⋈⊤∈⋈⋈≻⋈≺∋⊞⋈⋈⋈⊞⋈⋈⊞⋈⊤⋈∈∋≺∋⊤∈⋈⋈⋈⋈≻∋⋈⋈∋⋈⊤∈⋈∋⋈∈⋈⋈⋈⊞⊤⋈⋈⊥⋈⊞⊤∈∋⊤∈⋈⊞⊞⋈⊞⊞⋈∈⋈⋈⋈⋈⊞⊞⊤∈∋∋∋∋⋈⋈⋈⊞⋈⋈≻⋈⋈⋈≻⋈⊞⋈⋈⋈⋈⋈⋈⊣⋈⋈≺∋⊞∋⋈≺∋
0x1b5bd4a6	⊢⋈⋈⋈⋈⋈⋈⊞⋈⋈⋈⋈⊙
0x1b5e4bd0	⊢⋈⋈⋈⋈⋈⋈⋈⊞⋈⋈⋈⋈⋈⋈⋈⋈⊙⋈⊤∈⋈⋈⋈⋈⋈∈≻⋈⋈⊤∈⋈⋈⊙⋈≺⋈⋈⋈⋈⋈⊤∈⊞⋈⋈⊞⋈⊞⊞⋈≺∈⋈⋈⊤⋈∈⋈⊞⋈⊞⊤∈⋈⋈⊞⊞≺⋈⊞⊞⊞⊤∈⋈⋈⊞⊞⊡⋈⋈⋈⊞⊞⊞⊞⊞⊞≺⋈⋈⋈≺∋∋∋⋈⋈⋈≻⋈⊞⊤∈⋈⊞∈⊤∈⊤∈∈⋈⊤∈∋∋⊤∈⊤∈∈⋈⊤∈∋∋⊞⋈⋈⊙⊤∈⋈⋈⋈⋈⊤∈∈⊤∈⋈⊞⋈⊙⊤∈∋≺⋈⊞⊡∈⊞⊤∈∋⋈⋈⊤∈⋈⊤∈⊤⋈⊞≺∋∋⊞⋈⋈∋⋈⊞⋈⊞⋈⊤∈∋⊤∈⊞⋈≺⋈⊤∈⋈∈⋈⊤∈∋⋈⋈⋈⋈≻⋈≺∋∋∋⋈⊞⊞⋈⋈⊙⊤⋈∈⊤∈⊞⊞∈⋈⋈⋈⋈⋈⋈⋈⋈⋈≻⊤∈⊞⊤∈∋∋⋈⋈≺∋⋈⋈⊙⊤∈∋≺∋∋∋∋∋⋈∋∋⋈⊞⋈⋈⋈⋈⋈⋈⊣≺≺∋∋∋∋⋈⋈⋈⋈⋈≻
0x1b5e8810	⊢⋈⋈⋈⋈⋈⋈⋈⊞⋈⋈⋈⋈⋈⋈⋈⋈⊙⋈⋈⋈⊤∈⋈⋈⊤∈≺⋈⋈⋈⊡∈⋈⊞⋈⋈⋈≻⊞∈∋⋈⊤∈∋⋈⋈⋈⋈⋈⊙∋∋⊞⋈⋈⋈⋈⋈⋈⊣
0x1b5bc4b0	⊢⋈⋈⋈⋈⋈⋈≺
0x1b5e9520	⊢⋈⋈⋈⋈⋈⋈≺
0x1b5e88d0	⊢⋈⋈⊤∈⋈≺⊤∈≺⋈≺
0x1b5edc30	⊢⋈⋈⋈⋈⊞⋈⋈⊤∈⋈⋈⋈⋈⊡∈⋈⋈⊞⊞⋈⋈⋈⊤⋈∈∋≺⋈⊤∈⋈⋈⋈⊡∈⋈⋈⊞⊞⋈⋈⋈⊤⋈∈∋∋⊞⋈⊞⋈⊞⋈⋈⋈⋈⋈⊞⊥⊞⊤⊥⋈≻⋈⊞⋈⊞⋈⋈⋈⊞≺∋≻⊞⋈⋈⋈⊣
0x1b5e8a00	⊢⋈⋈⋈⋈⊞⋈⋈⋈⊞⊥⋈≻⋈⊞⋈⊞⊞⊞⋈⋈⋈⊞≻⊞⋈⋈⋈⊣
0x1b5732a0	⊢⋈⋈⋈⊞⋈⋈⋈⋈⊤∈⋈⋈⋈∈⋈⋈⊞⊞⋈⋈⋈⊤⋈∈∋≺⊤∈⋈⋈⋈⊡∈⋈⋈⊞⊞⋈⋈⋈⊤⋈∈∋∋⊞⋈⊞⋈⊞⋈⋈⋈⋈⋈≻⋈⊞⋈⊞⋈⋈⋈⊞≺∋≻⊞⋈⋈⊣
0x1b5bc40b	⊢⋈⋈⋈⋈⋈⋈⋈⊞⋈⋈⋈⋈⋈⋈⋈⊙⋈⋈⋈⊤∈⋈⋈⊤∈≺⋈⋈⋈∈⋈⊞⋈⋈⋈≻⊞∈∋⋈⊤∈∋⋈⋈⋈⋈⋈⊙∋∋⊞⋈⋈⋈⋈⋈⋈⊣
0x1b5bd501	⊢⋈⋈⋈⋈⋈⋈⋈⊞⋈⋈⋈⊤∈⋈⋈⋈⋈⊞⋈⋈⋈⋈≻⋈⋈⋈⊞⋈⋈∈⋈⋈⊤⊥∈⋈⊤∈⋈⋈⋈⋈⊞⋈∈⊤∈⋈⊞⋈⋈⊞⊤∈⊞⊞⋈≺⋈⊞⊞⊞⊤∈⊞⊞⋈⋈⊞⊞⊞⊞⊞⊞⊤∈≺⋈≺∋∋∋⋈⊞⊤∈⋈⊞∈⊤∈⋈⋈⋈⊞≻⊤∈⊤∈⊤∈⊞⊤⋈∈∋⊞⊞∈⊤∈⋈⊞⊤∈⋈⋈⊞⋈⊥⊞⊥⋈⊤∈⊞⊤∈∋≺⋈⊤∈⋈⊤∈≺∋∋⊞⊞∈⋈⊞⊤∈⋈⋈⋈⊞⊤∈∋∋⊤∈⊤∈∈⊤∈∋∋⋈⊤∈⋈⋈⊞∈⊤∈⊤∈⊤∈⊤∈⋈≺∋⋈∈⊤∈⋈⊤∈⋈⊞⋈⊞⊤∈⊞⊞⊞⋈≺⋈⊞⊞⊞⊤∈⊞⊞⊞⋈⋈⊞⊞⊞⊞⊞⊞⊤∈∋∋⊞≺⊞≺⊞≺∋∋∋⋈⊞⊞⋈⊤⊥⊤∈∋∋∋∋∋⊤∈⋈⋈⋈⋈⊙⊤∈∋⊤∈⊤∈⊤∈⋈∋⋈⋈≺⊞⋈≺∋⋈∋⊞⋈∈∈∈⋈⋈⊤∈⋈⊤∈⊤∈⊤∈⋈≺∋⋈⋈⋈⊞∈⋈⊞⋈⊤∈⋈⋈≻≺⊞⊤∈∈⊤∈⋈⊞⊤∈∋⋈∋⊞≺∋∋⊤∈⋈⊤∈⊤∈⋈⊤∈⊞⋈⋈⋈⋈≻⋈⋈⊞⋈∈⊤∈⋈⋈⋈⋈⋈≻∋⊞⊤⋈∈⋈⊤∈⊤∈⊤∈⊤⋈∈⊤⋈∈⊤⋈∈⊤⋈∈⊤⋈∈⊤⋈∈⊤⋈∈≺∋∋∋∋∋∋∋⋈⋈⋈⊙≺⊤∈∋⊤∈⊤∈∋⊞⋈⋈⋈∈⊞⊤∈⋈⊤∈⋈⊞⋈⊞⊤∈⊞⊞⊞⋈≺⋈⊞⊞⊞⊤∈⊞⊞⊞⋈⋈⊞⊞⊞⊞⊞⊞⊤∈∋⊞⊞≺⊞≺∋∋∋⋈⊤⊥⊞⊤⊥⊞⊤∈∋⋈≺∋⋈⊤∈⊤∈⊤∈⊤∈⋈⊞⊤⋈∈∋⊞⊞∈⊤∈⋈⋈⊞⊞⋈⊤⊥⊤∈⊞⊞⊞⋈⊤∈≺∋⋈⊤∈⋈⊤∈∋∋⊞⊞∈⋈⋈⊞⊞⋈⊤⊥⊤∈∋∋⊞⊞⊞⊞⊤∈∋∋⊞≺≺∋∋∋∋⋈⊞⊞⊤⋈⊥⊤⊥⊤⊥⊞∈⋈⊤∈⊞⊤∈⋈⋈⋈≻∋⊤⋈∈∋≺≺∋⋈⋈⋈⋈≻⋈⋈⋈⋈⋈⊙∋⊞⊞⊤∈∋≺⊤∈∋⋈⋈⊞⋈∈⊤∈∋∋∋∋∋∋∋∋⋈⋈⋈⋈⋈⊙⊤⋈⋈∈∋≺⋈⋈⊤∈⋈⊞⋈⊞⊤∈⋈⊞⊞≺⋈⊞⊞⊞⊤∈⋈⊞⊞⋈⋈⊞⊞⊞⊞⊞⊞≺⋈⋈≺∋∋∋⊤∈⋈⊞⊞⋈⊤∈∋∋⊤∈⋈⋈⋈⋈⊞⊙⋈≺⊤⋈∈∈⊤∈⋈⋈⋈⋈⋈⊙∋⊤∈⊤∈∋∋⋈⋈⋈⊞⋈⋈⋈⋈⊙⊤∈⊤∈∋⋈⊞⊞⋈≺∋≺⋈⋈⋈⋈⋈≻⊤∈⋈⊤∈∋⋈≺⊤∈⋈⊞⋈⊞⊤∈⊞⊞⋈≺⋈⊞⊞⊞⊤∈⊞⊞⋈⋈⊞⊞⊞⊞⊞⊞≺∋∋∋⋈⋈⋈⊤∈⋈⋈⊙⊤∈⊤∈⋈∋∋⋈⋈⋈⊙⊤∈⊤∈⊤∈∋⋈⋈≺∋⋈∋⋈≺∋⋈≻∋⊞⊞≺⋈⋈⋈⋈⊙⊤∈∋∋∋∋∋∋∋∋⋈≺∋∋⊞⋈⋈⋈⋈⋈⋈⊣≺∋⊞⊞∋⋈⋈≺∋≺∋∋⋈⋈⋈⋈≺⊤∈∋∋⋈≻∋∋⋈⋈⊤∈∈⋈⋈⋈⋈∋⋈≻∋⊞≺∋∋∋∋∋⋈⋈⋈⋈⋈⋈≻∋⊞⊞≺∋
0x1b5c29d0	⊢⋈⋈⊞⋈⋈⋈⋈⋈⋈⊞⋈⋈⋈⋈⋈⋈⋈⋈⋈⋈⋈≻⊞⋈⊣
0x1b5a911b	⊢⊤⋈∈⋈⋈⋈⋈⊙⋈⋈⊞⋈⊤∈⋈⊞⊞⋈⊞⊤∈⊞⊞⋈⊞⊤∈⊞⊞⊞⊞⋈⋈⋈⋈⋈⊞⋈⋈⋈⋈≺⊞⋈⋈⋈≺⋈⋈≺∋∋∋⋈⋈⋈≻⊞⋈⊣
0x1b572590	⊢⋈⋈⋈⋈≺
0x1b5be0e5	⊢⋈⋈⋈⋈≺
0x1b5c85b0	⊢⋈⋈⋈⋈⋈⋈⋈⊞⋈⋈⊤∈⊤∈⋈⋈⋈⋈⋈⋈⋈⋈⊙⋈⋈⊤∈≺⋈⋈⋈⊤⋈⋈⋈⋈⋈∈⋈⋈⋈⋈⋈⋈⋈⋈⋈⋈≺∋⋈⋈≻⊤∈⊤∈⋈⋈⋈⋈⋈⊙∋⊤∈⋈⋈⋈⋈∋⋈⋈⋈⊙≺⋈⊤∈⋈⊞∈⋈⋈⋈≻⊤∈⋈⋈⋈≻⊤∈⋈⋈⋈⋈⋈⋈≻⊤∈∋∋⋈≺⊤∈⊞⊤∈⋈⋈⋈⋈≻∋⋈⋈⋈⋈⋈≻⊞⊞∈∋≺∋∋∋⊞∋∋∋⊞⋈⋈⋈⋈⋈⋈⊣
0x1b57ed9b	⊢⋈⊡⋈⊤∈⊞≺⋈⊞⊤⋈⊥⊤∈⊞⊞⋈⋈≺∋⋈⊞⊤∈⋈⋈⊞⊞⊞∋⊤∈⋈⊞⋈⊞⊞∋⋈⊞⊞⋈⊤∈⋈⊞⋈⋈⊞⋈⊞⊞⊞⊞⊞⊞⊞⊞⊞⊞⊞⋈⊞⊞⋈⋈⊞⋈∋⊞⋈⊞⊞⊤∈⋈⋈⋈⋈∈⋈⊞⊞⊞⊞⊞⊞⊞⊞⊞⊞⊞⊞⊞⊞⊞⊞⊞⊤∈∋⋈⋈⋈⋈∋⊤∈⊞⊞⋈⋈≺∋⋈⊞⊤∈⋈⋈⋈⊞⊞⊞∋⊤∈⊞⋈⊞⋈⊞⊞∋⋈⊞≺∋⋈⋈⊣
0x1b5b4a2e	⊢⋈⋈⋈⊞⋈⋈⊞⊤∈⋈⋈≺⊤∈⋈⊞⋈⋈≺∋∋⋈⋈⋈≻⋈⊤∈⋈⋈⊤∈⊞≺⊤∈⋈⊞⋈∈⊤∈⊞⋈⊞⊤⋈∈∋⊤∈∋⋈⋈≺∋∋∋⋈⊞⊤∈⊤∈⋈⋈⋈≻⋈⋈⋈≺⊤∈⊞⋈⋈≻⋈⋈≻⋈⋈⋈≺⊤∈⊤∈⋈≺∋∋∋∋∋∋⊞⋈⋈⋈⊣
0x1b5a8f62	⊢⋈⋈⋈⋈⋈⋈⋈⋈⊞⋈⋈⊞⊤∈⋈⋈⋈⋈⋈≻⋈≺∋⋈⊞⋈⋈⊙⊞⋈⊞⋈⋈⋈⋈⊣
0x1b5771f0	⊢⋈⊤∈⋈⊣⋈⋈⋈⊞⋈⋈≺∈⋈⋈⊤∈⋈⊤∈⋈⊤⊥⋈⊤∈⊞⊤∈≺⊤∈⊞⊤∈⊤∈⊤∈∋∋⋈⊤⋈⊥⊤∈⋈⊤⋈⊥⊤∈⊞≺⊤∈⋈⊤⊥⋈⊤∈⊞⊤∈≺⊤∈⋈⊤∈⊞⊤∈∋⊤∈⊤∈∋∋⋈⊤⋈⊥⊤∈⊞≺≺⊤∈⋈⊤⊥⊤∈⊞≺∋∋⋈∋⋈⊤∈∋∋∋∋∋∋∋∋∋∋∋∋∋∋⋈⊞⋈⋈⊞⋈⊞⋈⋈⋈⋈⋈⊣
0x1b5e8e90	⊢⋈⋈⋈⋈⋈⋈⊙
0x1b5e50c0	⊢⋈⋈⋈⋈⋈⋈⋈⊞⋈⋈⋈⋈⋈⋈⋈⊙⋈⊤∈⊤∈⋈⋈⋈⊙⊤∈⋈⋈⋈⋈⋈⋈⋈⋈⋈⋈⋈⋈⋈⋈≻⊤∈⋈⋈⋈≻⊤∈⋈⋈⋈⊙⊤∈⋈⋈⋈≻⊤∈≺∋⋈⋈⋈⊙⋈≺∋∋∋∋∋∋⋈⊞⋈⋈⋈⋈⋈⋈⊣
0x1b5914f6	⊢⋈⋈⋈⊤⋈⊥⊤∈⋈⋈⋈≺⊤∈⋈⋈⋈∋⋈⊙⊞⋈⋈⋈⋈⋈⋈⋈⋈⋈⋈≻⊞⊣
0x1b5be645	⊢⊤∈⊞⋈⋈⋈⊞⋈⋈⋈⋈⋈⋈⋈⋈⋈⋈≻⊞⊣
0x1b5be55f	⊢⋈⋈⋈⊞⋈⋈⊞⋈⋈⋈⋈⋈⋈⋈⋈⋈⋈≻⊤∈⋈⋈⋈⋈⋈≻⋈⋈⋈⋈⋈⋈⊞⋈⋈⋈⋈⋈⋈⋈⋈⋈⋈⋈⋈≻⋈⋈⋈≻⋈⊞⋈⋈⋈⊣
0x1b5b0477	⊢⋈⋈⋈⋈⋈⋈⊞⋈⋈⋈⋈⋈⊞∈⋈⋈≺⊤∈⋈⊞⋈⋈≺∋∋⋈⊤∈⋈⋈⊤⊥⊤⊥⊞∈⊤∈⊤∈⋈⋈⋈≻≺⋈⋈⋈⋈⋈⋈⋈≻⋈⋈⋈⋈≺⋈⋈⋈⋈∋⋈⋈⋈⋈≻⋈≺⋈⊤⊥⊤∈⋈⋈⋈∋∋⊤∈⋈⋈≺⊞≺∋⋈⋈⋈⋈⋈⋈⋈≻⋈⋈⋈⋈⊤∈∋⋈⋈⋈⋈≻∋∋⊞⋈⋈⋈⋈⋈⋈⊣
0x1b570d4b	⊢⋈⋈⊞∈⊤∈⋈⋈⋈⋈⋈⋈⋈⋈≺⊤∈∋⋈⋈⋈⋈⋈⊣⋈⋈⋈⋈⊣
0x1b5eb620	⊢⋈⋈⋈⋈⋈⊞⋈⋈⊞⋈⋈⊞⊙
0x1b58b19c	⊢⋈⋈⋈⋈⋈⋈⊞⋈⋈⋈⋈⋈⊞∈⋈⋈⋈≺⋈⊤∈⋈⊞⋈⋈≺∋∋⊤∈⋈⊤⊥⊤⊥⊤∈⋈⊤∈⊤∈⋈⋈⊞⊥⋈⊤⊥⊞∈⋈⋈⊤∈⋈⋈⋈⋈⋈≻⋈⋈⊤∈⋈≺∋⋈⋈⋈⋈⊙⋈⋈⋈⋈⋈⋈⋈⋈≻⋈⋈⋈⋈≺⊞∋⋈≻∋⋈⋈⋈⋈≻≺⊤∈⊤∈∋∋⋈⋈⋈∋∋⊤∈⋈⋈⋈⋈≻≺⊞≺∋⋈⋈⋈⋈⋈⋈⋈⋈≻⋈⋈⋈⋈∋∋⊞⋈⋈⋈⋈⋈⋈⊣
0x1b570db7	⊢⋈⋈⊞⊤∈⋈⋈≺⊤∈⋈⊞⊞⋈⋈≺∋∋⊤∈⋈⋈≺⊤∈⋈⊞⊞⋈⋈≺∋∋⊤∈⊞⊣⋈⊞⋈⊙⊤⊥⊞⊣
0x1b5c0643	⊢⋈⋈⋈⋈⋈⋈⊞⋈⋈⋈⋈⋈∈⋈⋈⊤∈∈⋈⋈≺⋈⋈⊤⋈∈⊤∈⊤∈⋈⋈⋈⊞⋈⊞⋈⋈⊞⊞⋈∈⊤∈⊞⊞⋈⋈≻⋈⋈≺⋈⊞⋈⋈⊞⋈⋈⊞⊞⊞⋈⊞⊞⊞⊞⊞⋈⊞∈∋⊞⊞⊞⊞⋈∋⋈≺∋∋⋈∋⊤∈∋⋈⋈≺∈⋈⋈∋⋈≻⋈⋈⋈⊤∈⊤∈⊞⋈⋈⋈∋⋈⋈≻≺⊤∈⋈⊞∈⋈≺⊞⊞⋈⋈⋈⋈⋈≺⊤∈⊞⋈⋈⋈≻⊞⋈⋈⋈⋈⋈≺⊤∈⋈∋∈⋈⋈⋈≻∋⋈≺∋⊞⋈⋈≻⋈⋈⊤∈⋈⋈⋈⋈≻⊤∈⋈≺⋈≺⋈⊞⋈⋈∋⋈⊤⋈∈⊤∈⋈⊤∈⋈≻⋈≺∋⋈⋈≺⊤∈⋈⊤∈⋈≻⋈≺∋⋈⋈≺⊤∈⋈⊤∈⋈≻⋈≺∋⋈⋈≺⋈⊤∈⊤∈⋈⊤∈⋈≻⋈≺∋⋈⋈⊤∈∋⋈⋈⋈≻⋈⊤∈⋈≻⋈≺∋⋈⋈≺∋∋∋∋⊞⋈⊞⊤∈∋≺∋∋⋈⋈⋈∋∋∋⊞⋈⋈⋈⋈⋈⋈⊣⋈⋈⊞⊙
0x1b5725b0	⊢⋈⋈⋈⋈⋈≺
0x1b586425	⊢⋈⋈⋈⋈⋈⋈⊞⋈⋈⋈⋈⋈⊞∈⋈⋈⋈⋈≺⋈⊤∈⋈⊞⊞⋈⋈⋈≺∋∋⊤∈⋈⊤⊥⊤⊥⊤∈⋈⊤∈⊤∈⋈⋈⋈⋈⊞⋈⋈⋈⋈⋈⋈≺⋈⋈⊞⊥⊞⊤⊥⊞∈⊞⊤∈⊤∈∋∋⋈⋈⋈≺⊞≺∋⋈⋈⊤∈⊤∈⊤∈⋈⋈⊞⊥⊞⊤⊥⊞∈⊤∈⋈⊞⋈⋈⋈⋈≻⋈⊤∈⋈⋈≺∋⋈⋈⊙⊞∋⋈⋈≻∋⋈⋈⊤∈⋈⊞⋈⋈⋈≻⊤∈∋⋈⋈≻∋⋈≺⋈⋈≺∋⋈⋈⋈⊙⋈⋈⋈⋈⋈⋈≻⋈⋈⋈≺⋈⋈≺∋∋∋⋈⋈⋈⋈⋈⋈≻⋈⋈⋈∋⋈∋⊞⋈⋈⋈⋈⋈⋈⊣
0x1b5778b0	⊢⋈⋈⋈⊤∈⊞⊞⋈⊞⋈≺⊞⊞⋈≺
0x1b574ac0	⊢⋈⋈⋈⊞⋈⋈⋈≻⋈⊞⋈⊞⋈⋈⋈⊞≻⊞⋈⋈⊣
0x1b580261	⊢⋈⋈⋈⋈⋈⋈⊞⋈⋈⋈⋈⋈⋈⊞∈⋈⋈≺∋⊤∈⋈⊤∈⋈⊤∈⋈⋈⋈≻⊤∈⋈⋈≻⋈⋈⋈⋈⊙⋈⋈⊤∈∋⋈⊤∈⊤∈⋈≺⋈⊤∈⋈⋈⊞⊥⊞⊤⊥⊞∈⊞∈⋈⋈≻∋⊤∈⋈⊞⋈⋈⋈⋈≻⊤∈∋⋈⋈⋈≺∋⋈⋈⊙⋈⋈≺⋈≺∋∋∋⋈⋈⋈⋈⋈⋈≻⋈⋈⋈⋈≺∋⋈≺∋⋈⋈⋈⋈⋈⋈≻⋈⋈⋈≺∋⋈⊞⋈⋈⋈⋈⋈⋈⊣
0x1b5b2246	⊢⋈⋈⋈⋈⋈⋈⊞⋈⋈⋈⋈⋈⋈⊞∈⋈⋈≺∋⊤∈⋈⊤∈⋈⊤∈⋈⋈⋈≻⊤∈⋈⋈≻⋈⋈⋈⋈⊙⋈⋈⊤∈∋⋈⊤∈⊤∈⋈≺⋈⊤∈⋈⋈⊞⊥⊞⊤⊥⊞∈⊞∈⋈⋈≻∋⊤∈⋈⊞⋈⋈⋈⋈≻⊤∈∋⋈⋈⋈≺∋⋈⋈⊙⋈⋈≺⋈≺∋∋∋⋈⋈⋈⋈⋈⋈≻⋈⋈⋈⋈≺∋⋈≺∋⋈⋈⋈⋈⋈⋈≻⋈⋈⋈≺∋⋈⊞⋈⋈⋈⋈⋈⋈⊣
0x1b578c60	⊢⋈⋈⊞⋈⋈⋈⊡∈⋈⋈⊞⊞⋈⋈⋈⊤⋈∈∋⊞⋈⊞⋈⊞⋈⋈⋈⋈≻⊞⋈⊣
0x1b570e3a	⊢⋈⋈⋈⋈⋈⊙
0x1b5b9e1c	⊢⋈⋈⋈⋈⋈⊙
0x1b572100	⊢⋈⋈⋈⋈⋈⊙
0x1b5722f0	⊢⋈⋈⋈⋈⋈⋈⋈⊞⊤∈⋈⋈⋈⋈≺⋈⋈⊤∈⋈⋈⋈≻⊤∈⋈⋈≻⋈≺∋⋈⋈⋈⊙⋈⋈⋈∋⋈⋈⋈⋈⋈⊣
0x1b5e9590	⊢⋈⊤∈⋈≺⊤∈⋈≺
0x1b570e53	⊢⋈⋈⋈⋈⋈⋈⋈⋈⋈⊤∈⋈⊤∈⊤⋈⊞∋∋⋈⊞⋈⊤∈⋈⋈⋈⋈⋈≻⋈≺∋⋈⊤∈⋈⊞⊞⋈⊞⊤∈⊞⊞⋈⊞⊤∈⊞⊞⊞⊞⋈⋈⋈⋈⊞⋈⋈⋈≺⊞⋈⋈≺⋈≺∋∋∋⊞⋈⊞⊞⋈⋈⋈⋈⊣
0x1b5a9007	⊢⋈⋈⋈⋈⋈⋈⋈⋈⋈⊤∈⋈⊤∈⊤⋈⊞∋∋⋈⊞⋈⊤∈⋈⋈⋈⋈⋈≻⋈≺∋⋈⊤∈⋈⊞⊞⋈⊞⊤∈⊞⊞⋈⊞⊤∈⊞⊞⊞⊞⋈⋈⋈⋈⊞⋈⋈⋈≺⊞⋈⋈≺⋈≺∋∋∋⊞⋈⊞⊞⋈⋈⋈⋈⊣
0x1b5be924	⊢⋈⋈⋈⋈⋈⋈⋈⋈⋈⊤∈⋈⊤∈⊤⋈⊞∋∋⋈⊞⋈⊤∈⋈⋈⋈⋈⋈≻⋈≺∋⋈⊤∈⋈⊞⊞⋈⊞⊤∈⊞⊞⋈⊞⊤∈⊞⊞⊞⊞⋈⋈⋈⋈⊞⋈⋈⋈≺⊞⋈⋈≺⋈≺∋∋∋⊞⋈⊞⊞⋈⋈⋈⋈⊣
0x1b5e8d60	⊢⋈⋈⋈⋈⋈⋈⋈⋈⊤∈⋈⊤∈⊤⋈⊞∋∋⋈⊞⋈⊤∈⋈⋈⋈⋈⋈⋈≻⋈⋈⋈≺∋⋈⊤∈⋈⊞⊞⋈⊞⊤∈⊞⊞⋈⊞⊤∈⊞⊞⊞⊞⋈⋈⋈⋈⊞⋈⋈⋈≺⊞⋈⋈≺⋈≺∋∋∋⊞⋈⊞⋈⋈⋈⋈⋈⊣
0x1b5721a0	⊢⋈⋈⋈⋈⋈⋈⋈⋈⊤∈⋈⊤∈⊤⋈⊞∋∋⋈⊞⋈⊤∈⋈⋈⋈⋈≻⋈⋈⋈≺∋⋈⊤∈⋈⊞⊞⋈⊞⊤∈⊞⊞⋈⊞⊤∈⊞⊞⊞⊞⋈⋈⋈⋈⊞⋈⋈⋈≺⊞⋈⋈≺⋈≺∋∋∋⊞⋈⊞⋈⋈⋈⋈⋈⊣
0x1b570f55	⊢⋈⊞≻⊞⋈⊣
0x1b5be917	⊢⋈⊞≻⊞⋈⊣
0x1b5e8cf0	⊢⋈⋈⋈⋈⋈⋈⋈⋈⋈⋈⊞⊤∈⋈⋈⋈⋈⋈⋈≻⋈⋈≺∋⋈⊞⋈⊙⊞⋈⊞⋈⋈⋈⋈⋈⊣
0x1b572140	⊢⋈⋈⋈⋈⋈⋈⋈⋈⋈⋈⊞⊤∈⋈⋈⋈⋈≻⋈⋈≺∋⋈⊞⋈⊙⊞⋈⊞⋈⋈⋈⋈⋈⊣
0x1b5a3bfa	⊢⋈⋈⋈⋈⋈⋈⊞⋈⋈⋈⋈⋈⋈⋈≻⋈⋈⊞∈⋈⋈⋈⋈⋈⋈⋈⋈⋈⋈⋈⋈⋈⋈⋈⊤∈⋈⋈⋈⋈⊤⋈⊥⊤⋈∈⋈⋈⋈≺∋⋈⋈⋈⋈⋈⋈⋈⊞⋈⋈∈⊤∈⋈⋈⊙⊤∈⋈⋈⋈⋈⋈⋈⋈⋈⋈⋈⊤∈⋈⋈≺⊤∈⋈⊞⋈⋈≺∋∋⊤∈⋈⋈⊙⋈⊤∈⋈⊤∈⋈≺∋⋈⋈⋈⊞⊞⋈⋈⋈⋈⊤∈⋈⋈⊙⊤∈⋈⋈≻⋈≺⋈⋈≻⊞⋈≻⊞⋈⋈≻⋈⋈⋈⋈⋈⋈⋈⋈⋈⋈⋈≺∋⋈⋈≻⋈⋈⋈⋈⋈⋈⋈⋈⋈⋈⋈⋈⊤∈⋈⋈⋈⋈≺⋈⋈≻⋈⋈⊞⊤⊥⋈⋈⋈⋈≻⋈⋈⊤∈⋈⋈⋈⋈≺⋈⋈≺⊞⊞⋈⋈⊞⊤⋈⊥⋈⋈⊞⋈⊙∋⊞⊞≺∋⋈⋈⋈⋈≻⋈⋈⋈⋈⋈⋈⋈⊤∈⋈⋈⋈⋈⋈⋈⋈⋈⊤∈⋈⋈⊙⊤∈⋈⋈⋈⋈⋈⋈≺⋈⋈⊤∈⋈⋈⊤∈⊞⋈⋈⊤∈∋⋈⋈⊞⋈⋈≺∋⋈⋈⊤⊥≺∋⋈⊞⋈⋈⋈⋈∈⊤∈∋⋈⋈⋈⋈⋈⋈⋈⋈⋈≻⋈⋈⋈⋈⋈⋈⊤∈⋈⋈⋈≻⋈∋⋈⊤∈⋈⊤⋈∈≺⋈⋈⊤∈≺⊤∈⊤∈⋈⊤∈⋈⊞⊤∈∋⋈⊞⋈⊞⋈⋈⋈≺∋⊞∈⋈⊞⊞∈∋⊞⋈⊤⊥⋈⋈⋈∈∋⋈⋈∋⊤∈∋∋∋∋⋈⋈⋈⋈≻⋈⋈⋈⋈⊤∈⋈⋈⋈⋈⋈⋈⋈⋈⋈⊞⋈⋈⋈⋈≻⋈⊞⋈⋈⋈⋈⋈≻⋈⋈⋈⋈⋈⋈⊤⋈⋈∈⋈⋈⊞⋈⋈⋈⋈⋈⋈⊞⊥⋈⋈⋈⊤⊥⊞⋈⋈⋈⋈⋈⋈∈⊤⋈⊥⋈⋈≻⋈⊤⊥⊤⊥⊞∈⊞⋈⋈⋈⋈⋈≻⊤∈⋈⋈⋈⋈⊙⋈⋈⊤∈⊤⋈∈⋈⋈⊤∈⋈⋈⊤⊥⊤⊥⊞∈⊤∈⋈⊞⋈⋈⋈≻⊤∈⋈≺⋈≺∋⋈⋈⋈⋈⊙⋈⋈≺⋈⋈≺∋⋈⋈⋈∋⋈≺∋⊤⋈⋈⋈∈⊤∈⋈⋈⊤∈⊤∈⊞⋈⋈⊤∈⋈⊞⋈⋈⋈⋈⋈≻⊤∈⋈≺∋⋈⋈≻⋈⋈⋈⋈⋈≺∋⋈⋈⊙⋈≺⋈⋈⋈≺⋈⋈⋈≺∋∋⋈∋⋈⊙⊤∈⋈⋈⋈⋈⋈⋈⋈⋈⋈⋈⋈⋈⋈⋈⋈⋈⋈⋈⋈⋈⋈⋈⋈⋈⋈⋈≻⋈⋈⊤∈⊤∈⊤⋈⋈⋈∈⊤⋈⋈⋈∈∋⋈⊞⋈⊞⋈⋈⋈⋈⋈⋈≻∋⋈⋈≻≺∋⋈⊤⋈∈⋈⋈⊤∈⋈⋈⊤∈∋⋈⊤⊥∋⋈⊞≺∋⋈⊞∈⊤∈∋⋈⋈⋈⋈⋈⋈⋈⋈⋈≻⋈⋈⋈⋈⋈⊤∈⋈⋈⋈≻⋈∋⋈≺⊤∈⋈⊤∈⋈⊤∈⋈⊞⋈⊤⋈∈∋⊞∈⋈⋈⊞⋈⊞∈∋≺≺∋⊞∋⊞⊤⊥⋈∋⊤∈⋈⋈⋈≻⋈∋⋈⊤∈⋈⋈⋈≻⋈∋⋈⋈⋈⋈⋈⋈⋈⊞⋈⋈⋈⋈⋈⋈∈∋≺⋈⋈≺∋⊤∈⋈⋈⋈⋈⋈⋈≻⋈⋈⋈∋⋈⊤∈∈⋈⋈⋈⋈≻⋈⊤∈⊤⋈∈⋈⋈≺∈⋈⊤⊥≺∈⋈⊞∈⊤∈∋⋈⋈⋈⋈⋈⋈⋈⋈⋈≻⋈⋈⋈⋈⋈⋈⊤∈⋈⋈⋈≻⋈∋⋈≺⊤∈⋈⊤∈⋈⊤∈⋈⊞⊤∈∋∋⊞⋈⋈≺∋⊞∈⋈⊞⊞∈∋≺∋⊞⊤⊥⋈⋈⋈∋⊤∈⋈⋈⋈≻⋈∋⋈⋈⋈⊤∈⋈⋈⊙⊤∈⋈⋈⋈⋈⋈⋈≺⋈⋈⋈⋈⊤∈⋈⋈⊤∈⊞⋈⋈⊤∈∋⋈⋈⊞⋈⋈≺∋⋈⋈⊤⊥≺∋⋈⊞⋈∈⊤∈∋⋈⋈⋈⋈⋈⋈⋈⋈⋈⋈≻⋈⋈⋈⋈⋈⋈⊤∈⋈⋈⋈≻⋈∋⋈⊤∈⋈⊤⋈∈≺⋈⋈⊤∈≺⊤∈⊤∈⋈⊤∈⋈⊞⊤∈∋⋈⊞⋈⊞⋈⋈⋈≺∋⊞∈⋈⊞⊞∈∋⊞⋈⊤⊥⋈⋈⋈∈∋⋈⋈∋⊤∈∋∋∋∋⋈⋈⋈⋈≻⋈⋈⋈⋈⊤∈⋈⋈⋈⋈⋈⋈⋈⊞⋈⋈⋈⋈≻⋈⊞⋈⋈⋈⋈⋈≻⋈⋈⋈⋈⋈⋈⊤⋈⋈⋈∈⋈⋈⋈⋈⊞⊥⋈⋈⋈⋈⊤⊥⊞⋈⋈⋈⋈⋈∈⊤⋈⊥⋈⋈≻⋈⋈⋈⊤⊥⊤⊥⊞∈⊞⋈⋈⋈⋈⋈⋈≻⊤∈⋈≺∋⋈⋈⋈⋈⋈⊙⋈⋈⊤∈⊤⋈⋈∈⋈⋈⊤∈⋈⋈⊤⊥⊤⊥⊞∈⊞⊤∈⋈⋈⋈⋈⋈≻⊤∈⋈≺∋⋈≺⋈≺∋⋈⋈⋈⋈⊙⋈⋈⋈≺⋈⋈≺∋⋈⋈⋈∋⋈⋈≺∋⊤⋈∈⊤⋈∈≺⊤∈⊤∈∋⊞⊤∈⋈⊞⋈⋈⋈⋈≻⊤∈⋈⋈≺∋∋⋈⋈⋈⋈⋈⋈≺∋⋈⋈⊙⋈⋈⋈≺⋈⋈≺∋∋∋⋈⊙⊤∈⋈⋈⋈⋈⋈⋈⋈⋈⋈⋈⋈⋈⋈⋈⋈⋈⋈⋈⋈⋈⋈⋈⋈⋈⋈⋈≻⋈⋈⊤∈⊤∈⊤∈⊤∈∋⋈⋈⊞⊞⋈⋈⋈⋈⋈⋈⋈≻∋⋈⋈≻≺∋⋈⊤⋈∈⋈⋈⊤∈⋈⋈⊤∈∋⋈⊤⊥∋⋈⊞≺∋⋈⊞∈⊤∈∋⋈⋈⋈⋈⋈⋈⋈⋈⋈⋈≻⋈⋈⋈⋈⋈⊤∈⋈⋈⋈≻⋈∋⋈≺⊤∈⋈⊤∈⋈⊤∈⋈⊞⋈⊤⋈∈∋⊞∈⋈⋈⊞⋈⊞∈∋≺≺∋⊞∋⊞⊤⊥⋈∋⊤∈⋈⋈⋈≻⋈∋⋈⋈⊤∈⋈⋈⋈≻∋⋈⋈⋈⋈⋈⋈⋈⋈⊞⋈⋈⋈⋈⋈⋈∈∋⋈⋈⋈≺∈⊤⋈⊥⊤⋈∈⊞⋈⋈⋈⋈∈⋈⋈⋈⊞⋈⋈⋈⋈⋈⋈⋈⋈⋈∈⋈⋈⋈⊙⊤∈⋈⋈⋈⋈⋈⋈⋈⋈⋈⋈⋈⋈⋈⋈≻⋈⋈⊤∈⊞⊤∈∋⋈⋈⊤⋈⋈∈∋∋⋈⋈⋈⋈⋈⋈⋈⊤∈⋈⋈⋈⋈⋈⋈⊞⊥⋈⋈⋈⊤⊥⊞⋈⋈⋈⋈⋈∈⋈⊤⋈⊥⊤∈⊤⊤≺∋⋈∈⋈⋈⋈≺⊤⋈∈⊤∈⋈⊤∈⊤∈⊞⊤∈⋈⋈⊞⋈⋈⋈≻⋈⊤∈⋈⋈≺∋⋈≺∋⋈≻⋈≺∋⋈⋈⋈⋈⊙⋈⋈⋈≺⋈⋈≺⋈≺∋∋⋈∋⋈⋈⋈⋈⋈≻⋈⋈⋈⋈∋⋈⋈⋈≻⋈⋈⊤⊥⊤⊥⊞∈∋⊞⋈⋈⋈⋈⋈⋈≻⊤∈⋈≺∋⋈⋈≻∋⋈⋈≺∋⊤⋈⊥⊤⋈∈⊞⋈⋈⋈⋈∈⋈⋈⋈⊞⋈⋈⋈⋈⋈⋈⋈⋈⋈∈⋈⋈⋈⊙⊤∈∋⋈⋈≻⋈⋈⋈⋈⋈⋈⋈⋈⋈⋈⋈⋈⋈⋈≻⋈⋈⊤∈∋⋈⋈⋈⋈⋈⊤∈⋈⋈⋈≻∋⋈⋈⋈⋈≻⋈⋈⋈⋈≻⋈⊤∈⋈⋈⋈⋈≻⋈⊞⊤∈∋⋈⋈⊤⋈⋈∈∋∋⋈⋈⋈⋈⋈⋈⋈⊤∈⋈⋈⋈⋈⋈⋈⋈⋈⊞⊥⋈⋈⊤⊥⊞⋈⋈⋈⋈⋈∈⊤⋈⊥⊤⋈∈⊤⊤≺∋⋈∈⋈⋈⋈≺⊤∈⋈⊤∈⋈⊤∈⊤∈⊞⊤⋈∈⋈⊞⋈⋈⋈≻⊤∈⋈≺∋⋈∋⋈≻⋈⋈≺∋⋈⋈⋈⊙⋈⋈⋈⋈≺⋈⋈≺⋈⋈≺∋∋⋈∋⋈⋈⋈⋈⋈≻⋈⋈⋈⋈∋⋈⋈⋈≻⋈⊤⊥⊤⊥⊞∈⊞⋈⋈⋈⋈≻⊤∈⋈≺∋⋈⋈≻∋⋈⋈⋈⊞⋈∋⋈⋈⋈⋈⊙⋈⊤⋈⋈∈⊤⋈∈⋈≺⊤∈⊤∈∋⊞⊤∈⋈⊞⋈⋈⋈≻⊤∈⋈≺∋⋈≺∋⋈≻∋∋⋈⋈⋈⊤⋈⋈⋈∈⋈⋈⋈≻∋⋈⋈⋈⋈≻⋈⋈⋈⋈≻⋈⊤∈⋈⋈⋈⋈≻⋈⋈⋈⋈≺∋⋈⋈⊙⋈⋈⋈⋈≺⋈⋈≺∋∋∋⋈⊙⊤∈⋈⋈⋈⋈⋈⋈⋈⋈⋈⋈⋈⋈⋈⋈⋈⋈⋈⋈⋈⋈⋈⋈⋈⋈⋈⋈⋈≻⋈⋈⊤∈∋⋈⋈⋈⊤∈⋈⋈⋈≻∋⋈⋈⊤∈⋈⋈⋈≻∋⋈⋈⋈⋈≻⋈⋈⋈⋈≻⋈⋈≺∋∋⋈⋈⋈⋈∋∋⋈⋈⋈⊤⋈⋈⋈∈⊤∈⊤∈∋⋈⋈⊞⊞⋈⋈⋈⋈⋈⋈⋈≻∋⋈⋈≻≺∋⋈⊤⋈∈⋈⋈⊤∈⋈⋈⊤∈∋⋈⊤⊥∋⋈⊞≺∋⋈⊞∈⊤∈∋⋈⋈⋈⋈⋈⋈⋈⋈⋈⋈≻⋈⋈⋈⋈⋈⊤∈⋈⋈⋈⋈⋈⋈⋈≻⋈⋈⋈⋈⋈∋⋈≺⊤∈⋈⊤∈⋈⊤∈⋈⊞⋈⊤⋈∈∋⊞∈⋈⋈⊞⋈⊞∈∋≺≺∋⊞∋⊞⊤⊥⋈∋⋈⊤∈⋈⋈⋈⋈⋈⋈≻⋈⋈⋈⋈∋⋈⊤∈⋈⋈⋈⋈⋈⋈≻⋈⋈⋈⋈∋⋈⋈⋈⋈⋈⋈⋈⋈⊞⋈⋈⋈⋈∈∋⊤∈⋈⋈⋈⋈≻⋈∋⋈⊤∈⋈⋈⋈≻∋⋈⋈⋈⋈≻⋈⋈⋈⋈≻≺∋≺∋⋈⋈⋈⋈⊙⋈⊤∈⋈⊤∈≺⊤∈⊤∈⊞⊤∈⋈⋈⊞⋈⋈⋈≻⋈⊤∈⋈⋈≺∋⋈⋈≻⋈≺∋⋈⋈⋈⋈⊙⋈⋈⋈⋈≺⋈⋈≺∋∋∋⋈⊙⊤∈∋∋∋⋈⋈≻∋⋈⋈≻∋∋⋈⋈≻∋⋈≺∋⋈⋈≻∋⋈⊤⋈∈∋⋈⊞∋⋈⊞∋⋈⋈⋈⋈⋈⋈⋈⋈⋈⋈⋈⋈⋈⋈⋈⋈⋈⋈⋈⋈⋈⋈⋈⋈⋈⋈≻⋈⋈⊤∈⊤⋈∈⊤⋈∈⊤⋈∈∋⋈⊞⋈⊞⋈⋈⋈⋈⋈⋈⋈⋈≻∋⋈⋈⋈≻⋈≺∋⋈⊤⋈⋈⋈∈⋈⋈⊤∈⋈⋈⊤∈∋⋈⊤⊥∋⋈⊞≺∋⋈⊞∈⊤∈∋⋈⋈⋈⋈⋈⋈⋈⋈≻⋈⋈⋈⋈⋈⋈⊤∈⋈⋈⋈⋈⋈≻⋈⋈⋈∋⋈≺⊤∈∋∋∋∋∋∋∋⋈⋈⋈≻∋⋈⋈⋈⊤∈⋈⋈⋈≻∋⋈⋈⊤∈⋈⋈⋈≻∋⋈⋈⋈⋈≻⋈⋈⋈⋈≻⋈⋈⋈≺∋∋⋈⋈⋈⋈⊤∈⋈⊤∈⋈⊞⋈⊤⋈∈∋⊞∈⋈⋈⊞⋈⊞∈∋≺≺∋⊞∋⊞⊤⊥⋈∋⊤∈⋈⋈⋈⋈⋈≻⋈⋈⋈⋈∋⋈⊤∈⋈⋈⋈⋈⋈≻⋈⋈⋈⋈∋⋈⋈⋈⋈⋈⋈⋈⊞⋈⋈∈∋⋈⊤⋈∈⋈⋈≻⋈∋⋈⊤∈⋈⋈⋈≻∋⋈⋈⋈⋈≻⋈⋈⋈⋈≻≺≺∋⋈⋈⋈≺∋⊤∈⋈⋈⋈⋈⋈⋈≻⋈⋈⋈∋⊤⋈∈∋∋⋈⋈∋⋈⋈≻⋈⋈⊞⊤⊥⋈⋈⋈⋈≻⋈⋈⊤∈∋⋈⋈≺∋⋈⋈≺∋⋈⊤∈⋈⋈⋈≻⋈≺∋∋⊤∈⋈⋈⋈⋈≻≺⋈⋈⋈⋈≺∋∋∋∋∋∋⊞⋈⋈⋈⋈⋈⋈⊣
0x1b5a7895	⊢⋈⋈⋈⋈⋈⋈⊞⋈⋈⋈⋈⋈⋈⋈≻⋈⋈⊞∈⋈⋈⋈≺⋈⋈⊤∈⊞⋈∈⋈⋈≻⋈⋈⋈⋈⋈⋈⋈⋈⊞⊤∈∋⋈⋈⋈⊙⋈⋈≻≺∋⋈⋈⋈⋈⋈⋈⋈⋈⋈⊞∈⋈⋈⋈⋈⋈⋈⋈⋈⋈≻⋈⋈⊞∈⋈⊞⋈⋈⋈≻⋈⋈⋈≻⋈⊞⊤∈∋⋈⋈⊞⊞⊤∈∋⋈⋈≻⋈⋈⊞⊤⊥⋈⋈⋈⋈⋈≻∋⊞⋈⋈⋈⋈⋈⋈⊣
0x1b5c1757	⊢⋈⋈⋈⋈⋈⋈⊞⋈⊞⊥⋈⊤⊥⊞∈⊞∈⋈⋈≻∋⋈⊤∈⋈⊞⋈⋈⋈⋈≻⊤∈∋≺∋⋈⋈⋈⊞⋈⋈⋈⋈⊣
0x1b5c17da	⊢⊤∈⋈⊤∈∋⊞⊣⋈⋈⋈⋈⋈⋈⊞⋈⋈⋈⋈∈⋈⋈⋈⋈⋈⋈⋈∈⊤∈⋈⋈⋈⋈⋈⊞⊥⋈⊙⊞⊤⊥⊤⊥⊥⊞⊞⊞⋈⊤∈∋⋈⊤∈⊞⋈⊞≺∋⋈⊞∈⊞≺∋⊞⋈⋈⋈⋈⋈⋈⊣⋈⋈⋈≺∋
0x1b58666d	⊢⋈⋈⋈⋈⋈⋈⊞⋈⋈⋈⋈⊤∈⋈⊤∈⊤∈⊤∈⊤∈∋⋈⋈⋈⋈⋈⋈≻⋈⋈⋈⋈⋈⋈≺∋⊤∈⋈⋈≺⊤∈⋈⋈≺⋈⊞⋈⋈⋈⋈⋈⋈⋈⋈⋈≺⋈⋈⊤∈⊤∈⋈⋈⊤∈⋈⋈⊞⊥⋈⊤⊥⊞∈⊤∈⋈⊞⋈⋈⋈⋈⋈≻⋈⊤∈⋈⋈⋈≺∋⋈⊙⋈≺⊞∋⋈⋈≻∋⋈⊞∋∋⋈⊤∈⋈⋈≺⊤∈⋈⊞⋈⋈≺∋∋⊤⊥⊞⊤∈⊞∈⊤∈⊞⊤⊥⊞⋈⊤⋈∈∋⊥⊞≺∋∋⊤∈⋈⋈⋈⋈≺⋈⊤∈⋈⊞⋈⋈⋈⋈⋈⋈≻⋈⋈⋈⋈⋈⋈∋⋈⋈⋈⋈⋈⋈⋈⋈≻⋈⋈⋈≺∋≻⋈⋈≺⋈≺∋∋⋈∋⋈⋈⋈⋈⋈∋⊤∈∋∋⊞⋈⋈⋈⋈⋈⋈⊣⋈⋈⋈⊞⋈⋈⋈⋈⋈⋈≺
0x1b5b1c29	⊢⋈⋈⋈⋈⋈⋈⋈⋈⋈⊞∈⋈⋈≺∋⊤∈⋈⋈≺⊤∈⋈⊞⊞⋈⋈≺∋∋⋈⊞∈⋈⋈≻⋈⋈∋⊤∈⋈⋈≺⊤∈⋈⊞⋈⋈≺∋∋⊤∈⋈⋈⋈≻⊤∈⊞⊞∈⋈⊞⊡⋈⊥⊤∈∋⊤∈⊞⊞∈⊤∈⋈⋈⊤∈⋈⊤∈⋈≻∋⋈⋈⊞⋈≺⊤∈⋈⋈⋈⋈⊙⊤∈∋⋈⋈≻⋈⋈⋈⋈⋈⋈≺⊞⊡⋈⊥∈∋≺∋∋∋∋∋⊞⋈⋈⋈⋈⊣
0x1b5f6a89	⊢⋈⋈⋈⋈⋈⋈⋈⋈⋈⊞∈⋈⋈≺∋⊤∈⋈⋈≺⊤∈⋈⊞⊞⋈⋈≺∋∋⋈⊞∈⋈⋈≻⋈⋈∋⊤∈⋈⋈≺⊤∈⋈⊞⋈⋈≺∋∋⊤∈⋈⋈⋈≻⊤∈⊞⊞∈⋈⊞⊡⋈⊥⊤∈∋⊤∈⊞⊞∈⊤∈⋈⋈⊤∈⋈⊤∈⋈≻∋⋈⋈⊞⋈≺⊤∈⋈⋈⋈⋈⊙⊤∈∋⋈⋈≻⋈⋈⋈⋈⋈⋈≺⊞⊡⋈⊥∈∋≺∋∋∋∋∋⊞⋈⋈⋈⋈⊣
0x1b5a3b3c	⊢⋈⋈⋈⋈⋈⊞⋈⋈⋈⊞⋈⊞⊥∈⊞⋈⋈⋈⋈⋈⋈≻⊤∈⋈⋈≻⋈⋈⋈⋈⊞⊞⊞∈⋈⋈⊞⊥⊞⋈⊞∈∋≺∋⋈⋈⋈⋈⋈⋈⊞⋈⋈⋈⋈⋈⊣
0x1b574e60	⊢⋈⋈⋈⋈⊞⋈⋈⋈⋈⊤∈⋈⋈⋈⊡∈⋈⋈⊞⊞⋈⋈⋈⊤⋈∈∋≺⊤∈⋈⋈⋈⊡∈⋈⋈⊞⊞⋈⋈⋈⊤⋈∈∋∋⊞⋈⊞⋈⊞⋈⋈⋈⋈⋈≻⋈⊞⋈⊞⋈⋈⋈⊞≺∋≻⋈⋈⊤∈⋈⋈⋈⋈⊙⋈⋈⊤∈⋈⋈⊤∈⋈⋈⋈⊞∈⋈⋈⊞⊞⋈⋈⋈⊤⋈∈∋≺⊤∈⋈⋈⋈⊡∈⋈⋈⊞⊞⋈⋈⋈⊤⋈∈∋∋⊞⋈⊞⋈⊞⋈⋈⋈⋈⋈≻⋈⊞⋈⊞⋈⋈⋈⊞≺∋≻∋∋⊞⋈⋈⋈⊣
0x1b5c8940	⊢⋈⋈⋈⋈⋈⋈⋈⊞⋈⋈⋈⊤⊥⋈⊤⊥⊞∈⋈⋈⋈⋈⋈⊤⋈⋈∈⋈∈⋈⊞⋈⋈⊤∈⋈⋈≻⋈≺⊞⊤∈⊞≺∈⊤∈⋈⊞⊤∈∋⋈⊞≺∋∋∋⊤∈⊞⊞⋈⊤⊥⊤⊥⊞∈⋈⋈⊞⋈≻⊤⋈⋈∈∋≺⋈⋈⋈⋈≺∈⋈⊞⋈⋈⊤∈⋈⋈≻⋈⊤∈≺⊞⊤∈⊡∈⊤∈⋈⊤∈⊡⊞⊤∈∋⋈∋⊞⊤∈∋∋⊞⊞⋈⋈⊞⊥⊤⊥⊞∈⋈⋈⋈⋈⊙⋈⊤∈∋⊤∈∋⋈⊞≺⋈⋈⋈⋈≺≺∋∋∋⋈⊞⋈⊞≺∋∋∋∋⋈⊞⋈⋈⋈⋈⋈⋈⊣
0x1b572370	⊢⋈⋈⋈⋈⋈⋈⋈⊞⋈⊞∈≻∋⋈⋈⋈⋈⋈≻⊤∈⋈⋈≻⋈⋈⋈⋈⊙⊤∈⊞⋈⋈≻⊤∈≺⊤∈⊞⊞⊤∈⊞⊞⊞∈⊤∈⋈⊤∈⊞⊤∈∋⋈⊤∈∋∋∋⋈≺≺∋∋∋⋈⋈⋈⋈≻⋈⋈⋈∋⋈⋈⋈⊞⋈⋈⋈⋈⋈⋈⊣
0x1b5e8c30	⊢⋈⋈⋈⊞⋈⊞⊤∈⋈⋈⋈⋈⋈⋈⋈⋈⋈≻⋈⋈⋈⋈⋈⋈∋⋈⋈⊞⋈⋈⊣
0x1b5e8b30	⊢⋈⋈⋈⋈⋈⋈⊞⋈⋈⋈⊞∈⋈⋈⋈⋈⋈⋈⋈⋈⋈≻⋈⋈⋈⋈⋈⋈⋈∋⋈⋈⋈⋈⋈⋈⊙⊤∈⋈⋈≻⋈⋈⋈⋈⊞⋈⋈⋈⋈⋈⊣
0x1b572460	⊢⋈⋈⋈⋈≺
0x1b5a7275	⊢⋈⋈⋈⋈⋈⋈⊞⋈⊞⊥⋈⊤⊥⊞∈⊞∈⋈⋈≻∋⋈⋈⋈⊤∈⋈⊞⋈⋈⋈≻⋈⋈⊤∈∋≺∋⋈⋈⋈⋈⊙⋈⋈⋈⋈⋈⋈⊣
0x1b5f133d	⊢⋈⋈⋈⋈⋈⋈⋈⊞⊥⋈⊤⊥⊞∈⊞∈⋈⋈≻∋⋈⋈⋈⊤∈⋈⊞⋈⋈⋈≻⋈⋈⊤∈∋≺∋⋈⋈⋈⋈⊙⋈⋈⋈⋈⋈⋈⊣
0x1b5a8e45	⊢⋈⋈⋈⋈⋈⋈⋈⊞⊥⋈⊤⊥⊞∈⊞∈⋈⋈≻∋⋈⋈⋈⊤∈⋈⊞⋈⋈⋈≻⋈⋈⊤∈∋≺∋⋈⋈⋈⋈⊙⋈⋈⋈⋈⋈⋈⊣
0x1b5ed890	⊢⋈⋈⋈⋈⋈⋈⊞⋈⋈⋈⋈⋈⋈⊙⋈⋈⋈⋈⋈⋈⋈⋈⋈⋈≻⋈⋈⋈⋈⋈≻⋈⋈⋈⋈⋈≻⋈⋈⋈⋈⋈≻⋈⋈⋈⋈⋈≻⋈⋈⋈⋈⋈≻⋈⋈⋈⋈⋈≻⊞⋈⋈⋈⋈≻⋈⊤∈⋈⋈⋈⋈⋈⊙∋⊞⋈⋈⋈⋈⋈⊣
0x1b5a8a14	⊢⊤∈⋈⊤∈⋈⋈⋈⋈⊞≻⊞⋈⋈⋈≺∋⋈⊣
0x1b5b54da	⊢⋈⋈⋈⊞⋈⊞⊤∈⋈⊤∈⋈⊞⊤∈∋⋈⊞⋈⋈≺∋⋈⊤⊥≺∋⋈⋈⊞∈⊤∈∋⋈⋈⋈⋈⋈⋈⋈⋈⋈⋈⋈≻⋈⋈⋈⋈⋈⊤∈⋈⋈⋈≻≺⊤∈⋈⋈⋈≻⊤∈⋈⊤∈⋈⊞⊤∈∋⊞⊞⋈≺∋⊞∈⋈⊞⊞∈∋≺∋⊞⊤⊥⋈⋈⋈∋∋⊞⋈⋈⋈⊣
0x1b578ce0	⊢⋈⋈⋈⊞⋈⋈⋈≻⋈⊞⋈⊞⋈⋈⋈⊞≻⊞⋈⋈⊣
0x1b5e9560	⊢⋈⋈⋈⋈⋈⊞⋈⋈⋈⋈⊙
0x1b58c0eb	⊢⋈⋈⋈⋈⊞⊞⋈⊞≻⋈⋈⋈⋈⋈≺
0x1b5e51e0	⊢⋈⋈⋈⋈⋈⋈⋈⋈⊤∈⋈⊤∈⋈⋈⋈⊤∈⋈⋈⊡∈⋈⋈∈∈∈∈⊤∈⊤∈⋈⊤∈⊤∈⊞⊡∈⊤∈⋈⊞⊤∈∋⋈⊞≺∋⋈⋈⊤∈⊤∈⊤∈⊤∈⊞⋈≺⊤∈⊤∈∋∋∋⋈⊞≺∋∋∋⊞⋈⊞∈⊞⋈⋈⋈⋈⊤∈∋⋈⋈⊤∈∋⊤∈⋈⊤∈∋≺⊤∈∋⊤∈∋≺∋⋈⋈⊤∈⋈≺⊞⊞⋈⋈⋈≺⋈⋈∈⊤∈∋⋈⋈≺⋈⊤∈⋈⋈⋈⊤∈⊞⊞⋈⋈⋈≺⋈⊤∈∋⋈⋈⋈⋈⋈⋈≻∋⋈⋈⋈⊤∈∋⋈⋈⋈⊞⊡∈⊤∈⋈⊞⊤∈∋⋈⊞≺∋⋈⋈⊤∈⊤∈⊤∈⊤∈⊤∈⊤∈∋∋∋⋈⊞⊞⋈≺∋∋∋⊞⋈⊞∈∈⋈⋈≺∋⋈⋈⋈⋈≻∋⋈∋⋈⊞⊞≻∋⊞⋈⋈⋈⋈⋈⊤∈∋≺∋⋈⋈⋈≺∋∋∋∋∋∋⋈⋈⋈⋈⋈⋈⊣
0x1b570f62	⊢⋈⋈⋈⋈⋈⋈⋈⋈⋈⋈⊤∈⋈⊤∈⊤∈⋈⊤∈⋈⋈⊞⊥⊞⊤⊥⊞∈⋈⋈≺⋈⊤∈∋⋈⋈⋈⋈≺≺⋈⊤∈⊤∈⋈≺⋈⊤∈⋈⋈⊞⊥⊞⊤⊥⊞∈∋⊞⊤∈⋈⊞⋈⋈⋈⋈≻⊤∈∋∈⋈⋈≻∋⊤∈⋈⊞⋈⋈⋈≻⊤∈∋⋈⋈≺∋⋈⋈⋈⊙∋∋⋈⋈⋈⋈⋈⋈⋈≺∋⋈⋈⊙⋈⋈≺⋈≺∋∋∋⋈⋈⋈⋈≺∋∋⊞⋈⋈⋈⋈⋈⋈⊣
0x1b5b4b76	⊢⋈⋈⋈⋈⋈⋈⊞⋈⊞⊤∈⋈⊤∈⊞⋈⊤∈⋈⋈⊞⋈∈⋈≻⋈⋈⋈⋈⊞⋈⋈⊡⊞⊞⋈⊞⊞⊞⋈⋈≻⋈⊡⊞⊞⋈⊞⊞≺∋⋈⊞⊞⊞⊞⋈⋈⊙⊤∈⋈⊞⊡⊡⋈⋈⊞⊞≺∋⋈⊞⊞⋈⊤∈⊞⊞⊞⊤∈⊙⊞⋈∈∈∋⊞⋈⊞⊞⋈⋈⊞⋈⋈⊞⊤⋈⊥⊤∈⋈⊞⊤⊥⊤⊥⊥⊞∈⋈⊤∈⋈⋈⋈⊤∈⋈⋈⋈⋈⋈⋈⋈⋈⊞⋈⋈⊞⊞⋈⋈⋈≻≺∋⋈⋈⋈⊤∈⊞⊞⋈≺⋈⊞⊞⋈⋈⋈⋈⋈⋈⋈≻⋈⋈⋈≺∋∋⋈⊤∈⊞∋⋈≺∋⋈⋈⋈⋈⋈⋈⋈⋈⊞⋈⊞⋈⋈⋈≻⋈⋈⋈≻⋈⋈⋈⊤∈⋈⋈⊤⋈∈⊤∈⋈⋈∋⊤∈⋈⋈≺∋⊤∈∋⋈⊞⊞⊞⋈⋈⋈⋈⋈⋈⋈⋈≻≺∋⊤∈⋈⋈⋈⋈≻≺∋∋⋈⊤∈⋈⋈⋈≻≺∋∋⋈⋈⋈≻⋈⋈⊞⋈⊞⋈⋈∈⋈⋈⊤⋈⋈⊥⊤⋈⋈⊥⊥⋈⊤∈⋈⋈⋈⋈⊤⋈⋈⊥⋈≺∋⊤∈⊞∈⊤∈⊞⊤∈⋈⊤⋈∈∋∋∈∋∈⊤⋈⋈⊥⊤⊥⊥⋈⊤∈⋈∋⊤∈⊤⋈⋈⊥⊤⊥⊞∈⊤∈⋈⊤⋈∈∋∋∈⊤∈⋈⋈⋈⋈≻∋⋈⋈⋈⋈⋈⋈⋈⋈⋈≻⋈⋈⋈⋈⋈∋∋⋈⋈⋈⋈⋈⊤∈⋈⋈⋈⋈≻≺∋⊤∈⋈⊤∈⋈⊞⊤∈⋈⊡⊞⊞⊤∈⋈⊡⊞⋈≺∋⊞⊤∈∋∋∋⊤∈⋈⋈⋈⋈≻∋⋈⋈⋈⋈⋈⋈⋈≻⋈⋈⋈⋈⋈⋈⋈⋈≻⊤∈⋈⋈⋈⋈≻∋⋈⋈⋈⋈⋈⋈⋈≻⊤∈⋈⋈⋈⋈≻≺∋∋⋈⋈⋈⋈≺∋⋈⋈⊤∈∋⋈⋈⊤∈⊤∈⊞⊡⊡⋈⋈⊞⊞⊞⋈⋈⊞⋈⊡⋈⊞⊞⊞⊞⋈⊥⋈⋈⊥⊤∈⋈⊞⊞⋈⊞⊞⊤∈⋈≺∈⋈⊞⊞⊞⊞⊤⋈⋈∈∋≺∋∈⊤∈⊤∈∋⋈≻∋∋∋⋈≻⋈⋈⊞⊞⊞⊞∋⊞⊤⊥≺∋⊞⊤⊥⋈⋈⋈≺⊞⋈≺∋∋⋈⋈⋈≺∋∋∋⊞⋈⋈⋈⋈⋈⋈⊣
0x1b586952	⊢⋈⋈⋈⋈⋈⋈⊞⋈⋈⋈⊤∈⊤∈⋈⊤∈⋈⊞⋈⊞⋈⊞⊞∈⋈⊤∈⋈⊞⊞⊤∈⋈⋈⊞∈⋈⋈≺∋⋈⊤⊥≺∋⊤⊥⊞⊤∈⊤∈⋈⊤∈⊤∈⋈⊤∈∋⊞⋈≺∋⋈⊤∈∋⊞⋈≺∋⊤∈⋈⊞⊞∈⋈⋈⊤∈⊤∈⋈⋈⊤∈⋈⋈⊞⊥⋈⊤⊥⊞∈⋈⊤∈⋈⊞⋈⋈⋈⋈≻⊤∈⋈⋈⋈≺∋⋈⋈⊙⋈⋈≺⋈⋈≺⋈≺∋∋⋈∋⋈⊞⊥⋈⋈⋈∈⊤∈⊤∈⊞⋈⊤∈⋈⋈≺∋⊞∈⋈⊞⊞∈∋≺∋∋∋⋈⋈⋈⋈⋈⋈⋈⋈⋈⋈⋈≻⋈⋈⋈⋈⋈⋈⋈⋈⋈⋈⋈⋈⋈≻⋈⋈⋈≻⊤∈⋈⊞⋈∋⋈⋈⋈⋈⋈⋈⋈⋈⋈⊤∈⋈⋈≻≺∋∋⊞∋∋⋈⋈⊤∈⊤∈⋈⋈⊤∈⋈⋈⊞⊥⋈⊤⊥⊞∈∋⊞⋈⊤∈⋈⋈⋈⋈≻⊤∈∋∋⋈⋈≻∋⋈⊞⋈⋈⋈≺∋⋈⋈⊙⋈⋈≺⋈⋈≺⋈≺∋∋⋈∋⋈⋈⋈⊤∈∋⋈⋈⋈≻⊤∈⊤∈∋⋈⊞⋈⊞⋈⊤∈∋⋈⊞⋈≺⋈⋈≺∋⊞∈⋈⊞⊞∈∋≺∋⊞⊤⊥⋈⋈⋈⊤∈∋⋈⋈⋈⋈⋈≻⋈≺∋∋⋈⋈≻∋∋⊞⋈⋈⋈⋈⋈⋈⊣
0x1b5cab80	⊢⋈⋈⋈⋈⋈⋈⋈⊞⋈⋈⊤∈⋈⊤⊥⊤⊥⊞⋈⋈⋈⋈⊤∈⊤∈⊤∈⋈∈⊤∈⋈⊤∈⊤∈⊤∈⊤∈⋈⊤∈≺∋⊞⋈≺⋈⊤∈⊤∈⋈⋈⋈⋈≻⋈⋈⋈⋈⋈⋈⋈⋈⋈⋈⋈⊞∈⋈⋈⋈⊤⋈⋈∈∋≺⊤∈⋈∈⊤∈⋈⊤∈⊤∈∋⋈≺⋈⋈⋈⋈≻⋈⋈⋈⋈⋈⋈⋈⋈⋈⋈⊞∈⋈⋈⋈⊤⋈⋈∈∋≺⊤∈⊤∈⋈∈∈⊤∈⋈⊤∈⊤∈⊤∈⊤∈⊤∈≺∋⋈⊞∈⋈≺⋈⊤∈⋈⊤∈⊤∈⊤∈⊤∈⊤∈∋⋈≺≺∋∋⊞∋∋⊤∈⋈⋈⋈≻⋈⋈⋈⋈⋈⋈⋈⋈⋈⋈⊞∈⋈⋈⋈⊤⋈∈∋≺⋈⋈≺∋⊤∈⋈∈∈⊤∈∋⋈⋈⊞∈∋∋⋈∋∋∋∋∋∋∋∋∋∋∋∋∋∋⋈⋈⊤∈∋∋∋⋈⋈⋈≻∋⋈∋⊞⋈⊞≻⊤∈⋈⋈⋈≻⋈⋈⋈⋈⋈⋈⋈⋈⋈⊞∈∋∋∋∋⋈⊞⋈⋈≻⋈⋈⋈⋈⊤⋈∈∋≺∋∋∋∋⊞⋈⋈⋈⋈⋈⋈⊣⋈⋈≺∋
0x1b574dc0	⊢⋈⋈⋈⋈⋈⋈⊞⋈⋈⋈⋈⋈⋈⊙⋈⋈⊤∈⋈⋈⋈≻⋈⊤∈⋈⊞⋈⊞⋈⊙⋈⋈⊙≺∋⋈⋈⊤∈⋈⋈⊙∋∋⊞⋈⋈⋈⋈⋈⊣
0x1b5bea38	⊢⋈⋈⊤∈⊞≺⊞⋈⊤∈⋈⊤∈⋈⋈⋈⊤∈∈⋈⊞∈∋∋⋈⋈⊞⋈⊞⊞⋈⋈≺∋⋈⊤∈∈⋈⊤∈⋈≻∋⋈≻⊞⋈⋈⊤∈∋⋈≺∋⋈⊤∈⋈⋈⊞⊞∈⋈⋈⊞∈∋≺∋⋈⋈⊞⊞⊞⋈⋈⋈∋⋈⊣
0x1b571107	⊢⋈⋈⋈⋈≺
0x1b5eb810	⊢⋈⋈⋈⋈≺
0x1b5a7a9e	⊢⊤∈⋈⋈⋈⋈⋈⋈⊞∈⋈⊤∈⋈⋈⋈≻∋⋈⊤∈⋈⋈⋈≻∋⊞⊞∈∋⋈⋈⋈∋⊣
0x1b5a7831	⊢⊤∈⋈⋈⋈⋈⋈⋈⊞∈⋈⊤∈⋈⋈⋈≻∋⋈⊤∈⋈⋈⋈≻∋⊞⊞∈∋⋈⋈⋈∋⊣
0x1b596297	⊢⊤∈⋈⋈⋈⋈⋈⊞∈⋈⋈⊞∈⋈⋈⋈≻∋⋈⋈⋈⋈≻⊞⊞∈∋⊞⋈⋈∋⊣
0x1b5be8ee	⊢⋈⋈⋈⋈⋈⋈≺
0x1b5e9540	⊢⋈⋈⋈⋈⋈⋈≺
0x1b5750c0	⊢⋈⋈⋈≺
0x1b5c84f0	⊢⋈⋈⋈⋈⊞⋈⋈⋈⋈⊤∈⊤∈⊞⊞⋈≺∋∋⊞⋈⋈⋈⋈⊡∈⋈⋈⊞⊞⋈⋈⋈⊤⋈∈∋⊞⋈⊞⋈⊞⋈⋈⋈⋈≻⋈⊞⋈⋈⋈⊣
0x1b57111a	⊢⋈⋈⋈⋈⋈⋈⋈⋈⋈⋈≻⊤∈⋈⋈≻⋈⋈⋈⋈⋈⋈⋈⋈⊤∈⊞∈⋈⋈≻∋⋈⋈∈⋈⊞⋈⋈⋈≻⋈⋈⊤∈∋≺∋⋈⋈⋈⊙⋈⋈⋈⋈⋈⊞⋈⋈⋈⋈⋈⋈⊣⋈⋈⋈⋈⊙⋈⋈⋈⋈⊞⋈⋈⋈⋈⊣
0x1b59eca4	⊢⋈⋈⋈⋈⊞⋈⋈⋈⋈⋈⋈⋈⋈⋈⋈⋈⋈⋈≻⋈⋈⋈⋈⋈⋈⊞∈⋈⋈⋈≻∋⋈⊤∈⋈⋈⋈≻∋⊞⋈⋈⋈⋈⊣
0x1b5eda40	⊢⋈⋈⋈⋈⋈⋈⋈⊞⋈⋈⋈⊤∈⋈⋈⋈⋈⋈⋈⊙⋈⊤∈⊤∈⋈⋈⋈⊙⊤∈⋈⋈⋈⋈⋈⋈⋈⋈⋈⋈⋈⋈⋈≻⊤∈⋈⋈⋈⊙⊤∈⋈⋈≻⊤∈⋈⋈⋈⋈⋈⋈⊙⋈⊤∈⊤∈⋈⋈⋈⊙⊤∈⋈⋈⋈⋈⋈⋈⋈⋈⋈⋈⋈⋈⋈⋈≻⊤∈∋⋈⋈⋈⋈⊙⊤∈≺⋈⋈⋈⊙⊤∈⋈⋈⋈≻⊤∈∋⋈⋈⋈≺∋⋈⋈⋈⊙⋈≺∋∋∋∋∋∋∋∋∋∋∋⋈⊞⋈⋈⋈⋈⋈⋈⊣
0x1b5e7650	⊢⋈⋈⋈⋈⋈⋈⋈⊞⋈⋈⋈⊤∈∈⋈⋈⋈⊙⊤⊥≺⋈⋈⋈⋈⋈⊤∈⋈⊤∈⋈≺⋈⊤∈⋈⋈⋈⊤∈∋∋∋⋈⊤∈⋈⋈⊞⊞⊞⊞⋈⊞⊞⊞⊞⊞⋈⋈⋈⋈⋈⋈⊤⊡⊡⋈⋈∈⊞⊞⋈⋈⊞⊞⋈⊡∈⊡⊡⊡⊡⊞⊡⊡⊡⊡⊞⊞⊞⊤∈⋈⋈⊞⊡⊡⊡⊡⊡⊡≻⊡⊡⊡⊡⊡⊡⋈⊡⊡⋈≺⊞∋⊞⊞⊞⊞⊤∈⋈⋈⋈⋈⊡⊡⊡⊡≻⊡⊡⊡⊡⋈⊡⊡⊞≺∋⊞⊞⊞⊞⊤∈⋈⋈⋈⋈⊡⊡≻⊡⊡⋈⊡⊡⊞≺∋⊞⊞⊞⊞⊤∈⋈⋈⋈⋈≻⋈⊡⊡⊞≺∋⋈⊞⊤∈⊤∈∋≺∋∋⋈⊞⊤∈⊤∈⊡⋈⋈⊡∈⊡⊡⊞⊞⊞⊞⊤∈⋈⋈⊞≻⊡⊡⋈≺⊞∋⋈⊞⊤∈⊞⊤∈∋≺∋∋∋⊞⋈⊞⊡⋈⊡⊞⊞⊞⊞⊤∈⊞⋈⋈⋈⋈≻⊞≺⋈⊡∈⋈⋈⋈⊙⊤∈⊞⊞⊤∈∋⋈⋈⋈⋈⋈≻⊤∈⊤∈⋈⋈⋈⋈⊤∈⊤∈∈⊤∈∋∋⊤∈⋈⊤∈⋈⊞⋈⊞⊤∈⊞⊞⋈≺⋈⊞⊞⊞⊤∈⊞⊞⋈⋈⊞⊞⊞⊞⊞⊞≺∋∋∋⋈⊤∈⋈⊤∈⋈⊤∈⊤⋈⊞∋∋⊞∈⊤∈⊤∈⋈≺≺∋∋∈⋈⋈≻∋∈∋∋∋⊤∈⋈⊤∈⊤≺⋈⋈⋈⋈⋈⋈⊤∈⋈⋈⊤∈⋈⋈⋈⋈≺∈⋈⊞∈⊞⋈⋈∈⊤∈⋈∈⊞∈⊤∈⋈⊤∈⋈⊤∈∋⊞≺⋈⊞⊤∈⋈⋈⊤∈∋⊞⊞⊞≺∋∋⋈⊞⊤∈∋⋈⋈⊤∈∋∋∋∋⊞≺⋈⋈⋈⋈⋈⊞⋈∈⋈⊞∈⊞⊤⋈⊥⋈⋈⊡∈⊤∈⋈∈⊤∈∋∋⋈⊞⊤∈∋⋈⋈⋈≻⋈⊤∈∋∋⋈⋈≻∋⊞⋈⊤∈∋⊞⋈≺⋈⊞⊤∈⊞≺∋⊤⊥⋈≻⋈⋈⊤∈∋⊞⊞⊞≺∋⊞∋⋈⊞⊤∈∋≺∋∋∋∋∋∋∋∋∋∋∋⊞⋈⊞⋈⋈⋈⋈⋈⋈⊣
0x1b5a93a2	⊢⋈⋈⋈⊤∈⋈⋈⋈⋈∈⊤∈⋈⋈⋈≻⋈⊞⊞⊞⋈⊞⊞⊞⊞⊞⊞⋈⋈⋈⋈⋈⋈⋈⋈⊞⊤⋈∈∋⊞∋⊤∈⋈⋈⊤∈∋⋈⋈⋈≻⊞⊞⊞⊞⋈⋈⋈⋈≺∋⊤∈⊤∈∋⊞⊤∈∋⋈⋈⋈≻⊞⋈∋⋈⊣
0x1b59975e	⊢⊞⊤∈⊤∈≺⊤∈∋⊞⋈⊞⋈⋈⋈⋈⊞⋈≻⊞⊣
0x1b572480	⊢⋈⋈⋈⊙⊤∈⋈⋈≻⋈⋈⋈⋈⊣
0x1b5be016	⊢⋈⋈⊞⋈⊤∈⋈⊞⊞⋈⊞⊤∈⊞⊞⋈⊞⊤∈⊞⊞⊞⊞⋈⋈⋈⋈⋈⊞⋈⋈⋈⋈≺⊞⋈⋈⋈≺⋈⋈≺∋∋∋⊡⊥⊞⋈⋈⊞⋈⋈⊤∈⋈⋈⋈⋈⊙∋⊞⋈⊣
0x1b5be0d3	⊢⋈⋈⋈≺
0x1b5de5a0	⊢⊤∈⋈⋈⊤∈⋈⋈⋈⋈⊞⋈⋈⋈⋈⋈≺∋⋈⋈⊣⋈⋈⊤∈⋈⋈⋈⋈⋈⊣⊞⋈⋈⋈⋈⋈⋈⊞⊞⋈⊞⊞⊞⊞⋈⋈⊣
0x1b5e02f0	⊢⋈⋈⊤∈⋈⋈⊞⊞⊞⊞⊡∈⋈⊤∈⊤∈⋈⋈⋈⊣∋⋈⋈⊞⊞⊞⊤∈⋈⋈⋈⋈⊣⊞⊞⊞∈∋⋈⋈≺∋⋈⋈⋈⋈⊣
0x1b5de4b0	⊢⋈⋈⊞⊤∈⋈⋈⋈⋈⋈⋈⊣⋈⋈⊞⊙
0x1b5e81e0	⊢⋈⋈⋈⋈⋈⋈⋈⊞⋈⊤∈⋈⊞⊞⋈⊞⊤∈⊞⊞⋈⊞⊤∈⊞⊞⊞⊞⋈⋈⋈⋈⋈⊞⋈⋈⋈⋈≺⊞⋈⋈⋈≺⋈⋈≺∋∋∋⋈⋈⋈⊤⋈⋈⊥⊞⊞⊤⋈⊥⋈⋈⊙⊞⋈⊤∈⋈⋈⊤∈⋈≻∋⋈⋈∋⊤⊥⊞⋈⋈⋈⋈⋈⋈⊣
0x1b5e8310	⊢⋈⋈⋈≺
0x1b5e85e0	⊢⋈⋈⋈⋈⋈⋈⋈⊞⋈⊤⋈∈⋈⊞⊞⋈⊞⊤∈⊞⊞⋈⊞⊤∈⊞⊞⊞⊞⋈⋈⋈⋈⋈⊞⋈⋈⋈⋈≺⊞⋈⋈⋈≺⋈⋈≺∋∋∋⋈⋈⋈≺∈∈⋈⋈⋈⊙⊤∈⊙⋈⊤∈⊞⊞⊤∈∋⊤∈⋈≺∋⋈⋈⊤∈⋈≻∋⋈⋈⋈⊞∈⋈⋈⋈⋈≻⋈⋈≻⊞⋈⊤∈∋∋⊞≺∋⊞⋈⋈⋈⋈⋈⋈⊣
0x1b5e8730	⊢⋈⋈⋈≺
0x1b5e8750	⊢⊞⊣
0x1b571203	⊢⋈⊞⊤∈⋈⋈≺⊤∈⋈⊞⊞⋈⋈≺∋∋⊤∈⋈⋈≺⊤∈⋈⊞⊞⋈⋈≺∋∋⊤⊥∈⊞∈⊤∈⊞⊣⋈⊤⋈∈∋⊥∋⊣
0x1b57128b	⊢⋈⋈⊞⊤∈⋈⋈≺⊤∈⋈⊞⊞⋈⋈≺∋∋⊤∈⋈⋈≺⊤∈⋈⊞⊞⋈⋈≺∋∋⋈⊤∈⋈⊞⋈⊙⊤⊥⊞∋⊣
0x1b5722b0	⊢⋈⋈⋈≺
0x1b5e8e70	⊢⋈⋈⋈≺
0x1b5a9109	⊢⋈⋈⋈≺
0x1b5bea26	⊢⋈⋈⋈≺
0x1b572f20	⊢⋈⋈⋈≺
0x1b5c2ba0	⊢⋈⋈⋈⋈⋈⋈⋈⋈⊤∈⋈⋈⋈⋈⋈≺∈∈⋈⋈⋈⊙⊤∈⊙⋈⊤∈⊞⊞⋈≺⊤∈∋⊤∈⋈⊞∈⋈⋈⋈⋈≻⊞⋈⊤∈∋∋∋⊞∋∋⋈⊞⋈⋈⋈⋈⋈⋈⊣
0x1b5c2a40	⊢⋈⋈⋈⋈⋈⋈⊞⋈⋈⋈⋈⋈⋈⋈≻⋈⋈⊤∈⋈⊞⊤∈⋈⋈⋈⋈⊤∈⋈⊙∋⊤∈⋈⊙∋⋈⊙≺∋⊞⊤∈∋⊞⋈⋈⋈⋈⋈⊣⋈⋈⋈≻⊣
0x1b5e72f0	⊢⋈⋈⊣
0x1b5e7300	⊢⊞⊣
0x1b5e7310	⊢⊣
0x1b5e72e0	⊢⋈⋈⋈⊣
0x1b55fdf0	⊢⊞⊤∈⊣⋈⊤⋈∈⋈≻∋≻⋈⋈⊣
0x1b5f7440	⊢⋈⋈⊞⊥⊤∈⋈⊤∈⋈⊤∈∋∈⊞⊤∈⊞≺∋⋈⊞⊤⋈∈∋≺∋∋⊤∈⋈⊞⋈⊣⊣
0x1b5f7290	⊢⋈⊤∈⊤∈⋈⊞⊞∈⋈⊞⊞⋈⋈⊞⋈⊣⋈⊞⊞⋈⋈⊞⋈⊣⋈⋈⊞⊞⋈⊣⋈⊞⋈⊞⋈⊞⋈⋈⋈⊞⋈⊞⊤⊥⋈⊞⋈⊞⊞⋈⋈⊞⊞⊞⊥⋈⋈⊞⋈⋈⊞⊞⊞⊞⊤⊞⊞⋈⋈⊣
0x1b5f74b8	⊢⊞⊞⊞⊣
0x1b5f749c	⊢⊞⊞⋈⊤∈⊙∋⊞⊣
0x1b5f73c0	⊢⊞⋈⊞⊞⊤∈⊤∈⊤∈⋈⊣∈⋈⊣⊞⋈⊞⊤∈⋈⊞⊤⊥⋈⊞⊞⊞⊞∋∋∋⊣
0x1b55fd80	⊢⋈⋈⊤∈⋈⊤∈∋⊣⊙
0x1b55fe30	⊢⋈⋈⊞⋈⊞⊞⊞⊞∈⋈⊤∈∋⊣⊙
0x1b571310	⊢⋈⋈⋈⋈⋈⋈⊞⋈⋈⋈⋈⋈⋈⋈⋈⋈⊡∈⋈⋈⊞⊙⊤∈⋈⋈⋈⋈⊞⋈⊡∈∈⊤∈⋈⊤⋈∈∋⊤∈⋈⊙⊤∈∋⋈⋈⊞⊞⊙⋈⊤∈∋⋈≺∋⊙⋈⊤∈∋⊤∈⋈⋈⊞∈⊞⋈⊞⊙⋈⊤∈⊤∈⋈⋈⊞⊞⊙⋈⊤∈∋∋⋈⋈⊞⊙⊤∈⊤∈⊤∈⋈⊙⊤∈∋⋈⋈⊞⊞⊙⋈⊤∈∋∋∋⋈⋈⊞⊙⊤∈⊤∈⊤∈⋈⊙⊤∈∋⋈⋈⊞⊞⊙⊤∈∋∋∋∋∋⊙∋∋∋∋⋈⋈⊙⊤∈⋈⋈⋈≻⋈⋈≻≻⋈⊙⋈⋈⊞⋈⋈⋈⋈⊙⋈⋈⊙⋈⊤⊥∈⋈⋈⋈⋈⋈⊙⋈⊤∈⋈⋈⊙⋈⊤∈⋈⋈⊤∈⋈≻≺⋈⊞⊞∈∋⋈⊞⊞⋈⊞⊞≺∋⋈⊞⊤⊥⊞⋈⊞≺∋⊞⋈⋈⋈⋈⋈⋈⋈⋈⋈⋈⋈⋈⊞⊙⊤∈⋈⊤∈⋈≻⋈⊤∈⋈⊙⊤∈⋈⋈⋈⋈≻∋⊞∋⋈⋈⋈⋈⋈⊞⊙∋⋈⋈⊞⊙⊤∈⋈⊤∈⋈≻⋈⊤∈⋈⊙⊤∈∋⋈⋈≻⋈⋈⋈⋈≻∋∋⋈⋈⋈⋈⋈⊞⊙∋⋈⋈⋈⋈⊤∈⋈⊡∈⊤∈≻≺⋈⊡∈∋⋈∋⋈⋈≻⋈⊤∈∋⋈⋈⋈⋈⋈⋈⋈⊞≻≺∋⊙⋈⊞⊡∈⊤∈⋈≻∋⋈⋈≺∋⋈≻≺⋈⊡∈⊙≺∋⊞⊞⋈⋈⋈⋈⋈⋈⊣
0x1b5c18d0	⊢⋈⋈⋈⋈⋈⋈⋈⊞⋈⊤∈⋈⋈⋈⋈⋈⊙⋈⋈⋈⋈⊙⋈⊤⊞⋈⊙⋈⋈⋈⋈⊤∈⊞⋈⋈⊤∈⋈≺⋈⋈⊤∈⋈⊡∈⋈⊤⋈∈∋≺∋⋈⊞⊞⊞⊡∈⋈⋈⋈⊞⊞⊞⊞⊞⊤∈∋⊤∈⊤∈⋈≺⋈⊞⋈⋈⋈⋈⋈⋈⊡⊤∈∋∋⋈⊤∈⋈⋈≺⋈⋈⋈⊞⊙⊤∈⋈⋈⊞⊙⋈⊞⊞⊤∈∋∋⋈∋∋⊞⋈⋈⋈⋈⋈⋈⊣⋈⋈⊞⋈⊙
0x1b5f7360	⊢⊞⋈⊞⊞⊤∈⋈⋈⊞⊤⋈⊥⋈⊞⊤∈⊞⊞∋∋⊣
0x1b5f74f0	⊢⊙
0x1b5f74e0	⊢⊙
0x1b55fda1	⊢⊡
0x1b55fda9	⊢⊡
0x1b55fde2	⊢⊡
0x1b55fde9	⊢⊡
0x1b55fe25	⊢⊡
0x1b55fe29	⊢⊡
0x1b560ec6	⊢⋈≺
0x1b5612a5	⊢⋈⋈⋈≺
0x1b563936	⊢⋈
0x1b563943	⊢⋈⊡
0x1b5718bb	⊢≻
0x1b571f62	⊢⋈⊤∈≺
0x1b5720e2	⊢⋈⊤∈⋈⊙∋⋈≻
0x1b572656	⊢⊡
0x1b572695	⊢⊡
0x1b572863	⊢⊡
0x1b572914	⊢⊞≺
0x1b572939	⊢⋈≺
0x1b5729db	⊢⋈⊤⊥⊞⋈⋈⋈⋈⋈⋈⊣
0x1b572ac2	⊢⊡
0x1b572c86	⊢⊡
0x1b572cf6	⊢⊡
0x1b572d47	⊢⊡
0x1b572dba	⊢⊡
0x1b572e4d	⊢⊡
0x1b57300d	⊢⋈≺
0x1b5730f4	⊢⊞≺
0x1b5734e4	⊢⋈≺
0x1b5735c1	⊢⋈≺
0x1b5736c1	⊢⋈
0x1b573787	⊢⊡
0x1b573c1b	⊢⊡
0x1b573c48	⊢⊡
0x1b573c83	⊢⊡
0x1b574782	⊢⊡
0x1b5747db	⊢⊡
0x1b574808	⊢⊡
0x1b574881	⊢⊡
0x1b57490b	⊢⊡
0x1b574932	⊢⊡
0x1b5749bb	⊢⊡
0x1b5751ce	⊢≻
0x1b57588b	⊢⊡
0x1b5758dc	⊢⊡
0x1b575926	⊢⋈≺
0x1b575940	⊢⊞≺
0x1b5759aa	⊢⋈⊡⊞⊞⋈⊡∈⋈⊤∈⋈⋈⊙⊞⊤∈∋≺
0x1b575a67	⊢⊡
0x1b5768f6	⊢⊡
0x1b5769a7	⊢⊡
0x1b576a57	⊢⊡
0x1b576b06	⊢⊡
0x1b576b93	⊢⊡
0x1b577558	⊢⊡
0x1b57757c	⊢⊡
0x1b577638	⊢⊡
0x1b578084	⊢⊡
0x1b578127	⊢⊡
0x1b57b27f	⊢⋈⋈⋈⋈⊤∈⊞≺
0x1b57b7e2	⊢⋈⋈⋈⋈⋈⋈≻⋈⊞⊞⋈⋈⋈⋈⋈⋈⋈⋈≻⋈⋈⋈⋈⋈⋈⋈⋈⋈⋈⋈⊙⊤∈⋈⋈≺
0x1b57f1f7	⊢⋈⋈≻⋈≻≻
0x1b58f4cd	⊢⊞⊞≺
0x1b58f558	⊢⊞≺
0x1b590d15	⊢≺
0x1b590fe2	⊢⋈⋈⊙≺
0x1b5a402c	⊢⋈⋈⋈≻⋈⋈⋈⋈⋈⋈⋈⋈⋈⋈≺
0x1b5a5909	⊢⋈≺
0x1b5a5a25	⊢⊞⋈≻⊞
0x1b5a71af	⊢⋈⋈≺
0x1b5a7dcf	⊢⋈⊤∈⋈⋈⋈⋈≻∋⋈⊙⋈≻
0x1b5a81b3	⊢≺
0x1b5a896c	⊢≺
0x1b5a8992	⊢⋈⊤∈⋈⋈⋈⋈≺
0x1b5a99c5	⊢⊞
0x1b5a99c7	⊢⋈⋈
0x1b5a99d1	⊢⊞∈
0x1b5a99d5	⊢⋈
0x1b5a99da	⊢⊞∈∋⋈⋈
0x1b5a99e5	⊢⊞∈⊞⋈⋈⊣
0x1b5a9aae	⊢⊞
0x1b5a9ab2	⊢⊞∈∈⊞⊞⊡⊣
0x1b5a9ad1	⊢⊞∈⋈⊞⊞⊤∈⋈⋈⊤∈
0x1b5a9af6	⊢⊞∈⊞∈
0x1b5a9b00	⊢⊞∈⊡⊞∈∈⊞≺
0x1b5a9b12	⊢⊞⊣
0x1b5a9b16	⊢⊞⊞
0x1b5a9b1a	⊢⊞⊞⊞⊤∈
0x1b5a9b22	⊢⊞⊞⊣
0x1b5a9b3c	⊢⊞∈∈⊞
0x1b5a9b45	⊢⊞⊞⋈⊤∈⊞≺
0x1b5a9b5a	⊢⊞∈
0x1b5a9b5e	⊢⊞⊞
0x1b5a9b61	⊢⊞⊤⊥⊞⊞≺
0x1b5a9b7b	⊢⊞⊞
0x1b5a9b7e	⊢⊤∈⊞≺
0x1b5a9b89	⊢⊞⊞
0x1b5a9b8c	⊢⊤∈⊞⊞⊞≺
0x1b5a9ba0	⊢⊞⊞⊡⋈⊞⊞⊞≺
0x1b5a9e43	⊢⊞
0x1b5a9e45	⊢⋈⋈⊞⊤∈⊤∈⊞∈⊞⊤⊥⊞⊞⊤∈∋≺
0x1b5a9e7e	⊢⋈⊞⊞⊞∈⊞⊤⊥⊞⊞⊤∈∋⊤∈⋈⊤∈⋈⋈⋈
0x1b5a9ecc	⊢⊞∈
0x1b5a9ed0	⊢∈⊡⊞⊞⊞⋈⊞⊞⊞⊞⋈⊞⊞⊞⊞⊞⊞
0x1b5a9f08	⊢⊞∈⊞∈⊡≺
0x1b5a9f3e	⊢⊞∈
0x1b5a9f42	⊢⊞
0x1b5a9f47	⊢⊞⊞⊡⊞⊞⋈⊞⊞⊞⊞⋈⊞⊞⊞⊞⊞⊞
0x1b5a9f76	⊢⊞∈
0x1b5a9f7a	⊢⊞
0x1b5a9f7e	⊢∈⊡⊞⊞⊞⋈⊞⊞⊞⊞⋈⊞⊞⊞⊞⊞⊞⊞⊤∈⋈⊤∈⋈
0x1b5a9fd4	⊢⊞∈
0x1b5a9fd8	⊢∈⋈⋈⊞⊞⊞⋈⊞⊞⊞⊞⋈⊞⊞⊞⊞⊞⊞⊞⊤∈⊞⊤∈∈⊞⊤⊥⊞⊞⊤∈∋∋⊞≺
0x1b5aa075	⊢⊡
0x1b5aa07a	⊢∈⋈⋈⊞⊞⊞⋈⊞⊞⊞⊞⋈⊞⊞⊞⋈⊞⊞⋈⊞⊞⊤∈⊞⊤∈∈⊞⊤⊥⊞⊞⊤∈∋∋⊞⋈⋈
0x1b5aa0e9	⊢⊞∈
0x1b5aa1cb	⊢⊞⋈⋈⋈⋈⋈≺
0x1b5ab6c4	⊢⋈⋈⊞⋈≺
0x1b5abb6b	⊢⋈⊞⋈⊞⋈≺
0x1b5abc02	⊢⋈⋈⋈⋈≻⋈⋈⋈⋈≻⋈⋈⋈
0x1b5abc99	⊢⋈
0x1b5ac427	⊢⊤∈⊤∈⋈≺
0x1b5ac571	⊢⋈⋈≺
0x1b5ac5ce	⊢⋈≺
0x1b5ba729	⊢⋈⊤∈⋈⋈≻⋈⊤∈∋⋈⋈≻⋈⊤∈⊤∈⋈⋈⊤∈⋈⋈≻⋈⊤∈∋⋈⋈≻⊤∈∋⋈⋈⊤∈⋈≺
0x1b5baab3	⊢⋈⊤∈⋈⋈≻≺
0x1b5bab69	⊢⋈⊤⋈∈⋈⋈⊤∈⋈⋈≻⊤∈∋⋈⋈⋈≻≺
0x1b5bae31	⊢⊤∈⊤∈⊞⋈⋈⊤∈⋈⋈≻⋈⊤∈∋∋∋⋈⋈≻
0x1b5baeb3	⊢⋈⋈⋈≻⋈⊤∈⋈≻⊤∈⊤∈⊤∈⋈⊤∈⋈⋈≺
0x1b5bb06a	⊢⊤∈⋈⊤∈⋈⋈≻⋈⊤∈∋∋⋈⊤∈⋈⋈≻⋈⊤∈∋⋈≻⋈⊤∈⊤∈⋈⊤∈⋈⋈≻⊤∈∋⋈⊤∈⋈≺
0x1b5bb1d8	⊢⊤∈⋈⊤∈⋈⋈≻⋈⊤∈∋∋⋈⊤∈⋈⋈≻⋈⊤∈∋⋈≻⋈
0x1b5bb2e4	⊢⋈⋈⊤∈⋈⋈⊤⊥⋈⋈⊞≻⋈⊤∈∋⋈⋈
0x1b5bb33c	⊢⋈⊤∈⋈⋈≺
0x1b5be6b1	⊢⋈⋈⋈⋈⋈⋈⊙
0x1b5c072d	⊢⋈⊤∈⋈⋈≺
0x1b5c0879	⊢⋈⊤∈⋈⋈≺
0x1b5c095a	⊢⋈≻⋈≺
0x1b5c09b4	⊢⋈⋈≻⋈≺
0x1b5c1981	⊢⋈⋈≺
0x1b5c1997	⊢⋈⋈⊤∈≺
0x1b5c1b53	⊢⋈⋈⋈⊞≺
0x1b5c1ba0	⊢∈⋈⋈⊞⊞⊞⊞⊞⊤∈∋⊞⊞⊞∈⋈⋈⊞⊞⊞⊞⊞⊤∈∋≺
0x1b5c1df2	⊢⋈⋈⋈⊞⋈⊙⋈⋈⊞⊙⋈⋈⊙⋈≺
0x1b5c1e55	⊢⋈≺
0x1b5c2474	⊢⋈⋈⋈⋈⋈⋈⋈≻⋈⋈≻≺
0x1b5c2507	⊢⋈⋈⋈⋈⋈⋈⋈≻⋈⋈≻≺
0x1b5c259c	⊢⋈⋈⋈≻⋈⋈≻≺
0x1b5c273e	⊢≺
0x1b5c2888	⊢⊡
0x1b5c2aed	⊢⋈⊤∈⋈⊙∋⋈⊙⋈≻⋈⊤∈⋈≻∋⋈≻≻
0x1b5c2fdc	⊢⋈≺
0x1b5c3050	⊢≻⊣
0x1b5c31c5	⊢⋈⊡⋈≻
0x1b5c572e	⊢⋈⋈≺
0x1b5c7dad	⊢≺
0x1b5c89fc	⊢⊡
0x1b5c8c64	⊢⊡
0x1b5c8e82	⊢≺
0x1b5c9120	⊢⋈⊤∈⋈⊙∋⋈⊙⋈⊙⋈≻⋈⊤∈⋈⊙∋⋈⊙⋈≻
0x1b5c9886	⊢⋈⊤∈≺
0x1b5c98eb	⊢⊡
0x1b5c99c5	⊢⊡
0x1b5ca048	⊢⊡
0x1b5ca947	⊢⋈⊤∈⋈⊙∋⋈≺
0x1b5cab5b	⊢⋈⋈⊤∈⋈⊙∋⋈≻
0x1b5cafeb	⊢⊡
0x1b5cb2a9	⊢⋈⊤∈⋈⊙∋⋈⊙⋈≻
0x1b5cb36f	⊢⋈⊤∈⋈⊙∋⋈⊙⋈≻
0x1b5cbc1a	⊢⋈⊤∈⋈≺
0x1b5ccee7	⊢⊤∈⋈≺
0x1b5ccf96	⊢⊤∈⋈≺
0x1b5cd146	⊢⊤∈⋈≺
0x1b5ce806	⊢≺
0x1b5ceb5a	⊢⋈⋈≻≺
0x1b5cf1e5	⊢⊡
0x1b5cf249	⊢⊡
0x1b5cf456	⊢⊡
0x1b5cf575	⊢≺
0x1b5cf613	⊢⋈⋈≻≺
0x1b5cf68b	⊢⋈⊞⋈≻⋈≻≻
0x1b5cf7c7	⊢⊡
0x1b5cf9a1	⊢⊡
0x1b5cff01	⊢⋈⊤∈⊞⋈⋈⋈⋈⋈⊞⊞⋈⊞⊞⊞⋈⊞⋈⊤∈⊤∈⊡⋈⋈⋈⋈⋈⊞⊞⊞⊞⊞⊞⊞≺
0x1b5cffb0	⊢⋈⊤∈⊞⋈⋈⋈⋈⋈⋈⊞⊞⊞⊞⊞⊞⊞⋈≺
0x1b5d0114	⊢⊤∈⊡⋈⊞⋈≺
0x1b5d01fc	⊢⊡
0x1b5d0557	⊢⊡
0x1b5d0dc4	⊢⋈⋈≻⋈⋈⋈⋈⋈⊡
0x1b5d0e9c	⊢⋈⋈≻⊤∈⋈⋈≺
0x1b5d0eec	⊢⋈⋈≻⋈⊤⊥⊤∈⋈⋈∋⋈⊞⋈≺
0x1b5d0fa3	⊢⋈⋈≻⋈⋈⋈⋈⋈≺
0x1b5d1656	⊢⊤∈⋈≺
0x1b5d17f4	⊢⊤∈⋈≺
0x1b5d245a	⊢⋈⋈⋈⋈≺
0x1b5d2603	⊢⋈⊞⋈≻⋈≻
0x1b5d2652	⊢⋈⊤∈⊡∈⋈⊙∋∋⋈≻
0x1b5d2c27	⊢⊡⋈⊞⋈⊞⋈⊞⋈⊞⊞⋈⊞⊞⋈⋈⋈⋈⊞⊤∈
0x1b5d2c8a	⊢⋈⋈⊞⋈⊞⋈⊞≺
0x1b5d3185	⊢⋈⋈≺
0x1b5d31f6	⊢⊡
0x1b5d3235	⊢⋈⊤∈⋈⊞⋈⊞⋈⋈⊞∈⊞≺
0x1b5d3395	⊢⋈≺
0x1b5d33c0	⊢∈⋈⊤∈⊤∈∋⋈⋈⊞⊞⊞⊤∈⊞⊞⊞∈∋≺
0x1b5d36cc	⊢⊤∈⊤∈⋈⊞⊞⋈∈⊤∈⊞⊞⊞⊞⊤∈∋≺
0x1b5d37f4	⊢⋈≺
0x1b5d3cc7	⊢⊞⊞⊞⋈⊞⊞⊤⊥∈⋈⋈≺
0x1b5d3f4a	⊢⊤∈⋈⊞⊞⊞⊞∈⋈⊤∈⊤∈∋⋈⋈⋈⊞⊞⋈⊡⋈⊤∈⊞⋈⊞∈∋≺
0x1b5d4455	⊢⊡
0x1b5d4518	⊢⋈⋈⊞⊞≺
0x1b5d46f6	⊢⊡
0x1b5d471c	⊢⋈⊞⋈⊞⋈⊞⊞≺
0x1b5d4799	⊢⋈⋈⊞⋈≺
0x1b5d47ec	⊢⊞⊞⋈⊞⊞⋈≺
0x1b5d4875	⊢⊞⋈⊞⊞⋈≺
0x1b5d49ae	⊢⋈⊞≺
0x1b5d4a37	⊢⊞⋈≺
0x1b5d4b02	⊢⋈≻≺
0x1b5d4b36	⊢⋈⋈⋈≻
0x1b5d4b48	⊢≺
0x1b5d4d66	⊢⋈⋈⊞⋈⊞⋈⊞≺
0x1b5d5125	⊢⊡
0x1b5d525b	⊢⊡
0x1b5d541a	⊢⋈⋈⊞⋈⊞⋈⊞⊞≺
0x1b5d59b5	⊢⋈⋈≺
0x1b5d5ac2	⊢⋈⋈≺
0x1b5d5c0b	⊢⊡
0x1b5d5c87	⊢⊡
0x1b5d5d4d	⊢⊡
0x1b5d5e71	⊢⋈⋈⋈⊤∈⊞⊞∈⊞⊡∈⊤∈⊞⊤∈∋≺
0x1b5d5f51	⊢⋈⋈⋈⊤∈⊞⊞∈⊞⊡∈⊤∈⊞⊤∈∋∋∋⋈⋈⋈⋈⊣
0x1b5d618a	⊢⊡
0x1b5d65f3	⊢⊡
0x1b5d6941	⊢⊡
0x1b5d6a32	⊢⊡
0x1b5d6adb	⊢⊡
0x1b5d6b84	⊢⊡
0x1b5d6c84	⊢⊡
0x1b5d6d5a	⊢⊡
0x1b5d6e2a	⊢⊡
0x1b5d727b	⊢⊡
0x1b5d74fb	⊢⊤∈⋈≺
0x1b5d759b	⊢⊤∈⋈≺
0x1b5d76b8	⊢⊤∈⋈≺
0x1b5d771b	⊢⊤∈⋈≺
0x1b5d7a6c	⊢⊡
0x1b5d7c4e	⊢⋈⋈⋈⊞
0x1b5d7dec	⊢≺
0x1b5d80b9	⊢⊡
0x1b5d817a	⊢⊡
0x1b5d8609	⊢⋈⋈⊙⊤∈≺
0x1b5d86bd	⊢⊤∈⋈⋈⋈⋈⋈⋈⋈⊞⊤∈⊤∈⋈⋈⋈⋈⋈⋈⊞⊞⋈⊞⊤∈⊤∈⊞⋈⋈⋈⋈⊤∈⋈⊞⋈⊞⋈≺
0x1b5d8774	⊢⊤∈⋈⊞⊞⊞⊞⊡∈⋈⊤∈⊤∈∋⋈⋈⊞⊞⊞⊤∈⊞⊞⊞∈∋≺
0x1b5d8e30	⊢∈⊤∈⊞⊤∈∋≺
0x1b5d92d4	⊢⋈⋈⋈⋈⊞⋈⊞⋈⊞⋈≺
0x1b5d980b	⊢⋈⋈⋈⋈⊞⋈⊞⋈⊞⋈⋈≺
0x1b5d999b	⊢⊡
0x1b5d9db7	⊢⊤∈⋈⋈≻⋈⋈⋈⋈⋈⋈⋈⋈≻⊞⋈⋈⋈⊤∈⋈≺
0x1b5d9ea7	⊢⋈⊞⊤∈⋈⋈⊞⋈⊙
0x1b5da74d	⊢⋈⋈⋈≺
0x1b5da7d2	⊢⋈⊞⊞⋈⋈⋈⋈⋈⊞⋈⋈⋈⊞⋈⋈⋈≺
0x1b5daa85	⊢⊡
0x1b5daaed	⊢⊡
0x1b5dab60	⊢⋈⊤∈⊤∈≺
0x1b5dabdb	⊢⋈⋈⊤∈⋈⋈⊞⊙
0x1b5dac20	⊢⋈⋈⊤∈⋈⋈⊞⊙
0x1b5dafee	⊢⋈⋈⊞≺
0x1b5db057	⊢⋈≺
0x1b5db081	⊢⋈⋈⋈≺
0x1b5db333	⊢⋈≺
0x1b5db8e4	⊢⊡
0x1b5dbadd	⊢⋈≺
0x1b5dbaf4	⊢⋈≺
0x1b5dbb2d	⊢⋈≺
0x1b5dbb44	⊢⋈≺
0x1b5dbc9d	⊢⊡
0x1b5dbcba	⊢⊡
0x1b5dbdf1	⊢⊡
0x1b5dbfb9	⊢⊡
0x1b5dc016	⊢⊡
0x1b5dc091	⊢⊡
0x1b5dc0e6	⊢⊡
0x1b5dc30b	⊢⊡
0x1b5dc324	⊢⊡
0x1b5dc42c	⊢⊡
0x1b5dc493	⊢⊡
0x1b5dc4cd	⊢⊡
0x1b5dc564	⊢⊡
0x1b5dc59d	⊢⊡
0x1b5dc7b5	⊢⊡
0x1b5dc81a	⊢⊡
0x1b5dc8b9	⊢⊡
0x1b5dc927	⊢⊡
0x1b5dcd82	⊢⋈⋈≺
0x1b5dcdca	⊢⋈⊞≺
0x1b5dce1c	⊢⊤∈⋈⋈⋈⊞⊞⊡∈⋈⊤∈⊤∈∋⋈⋈⊞⊞⊞⊤∈⊞⊞⊞∈∋≺
0x1b5dcef3	⊢⊤∈⋈⋈⋈⋈⋈⋈⊞⊤∈≺
0x1b5dd1f0	⊢⋈⋈⋈⋈≺
0x1b5dd231	⊢⋈⊞⊞⋈≺
0x1b5dd284	⊢⋈⊞⋈⋈⋈⋈⋈≺
0x1b5dd3e1	⊢⊤∈⋈⋈⋈⊞⊞⊡∈⋈⊤∈⊤∈∋⋈⋈⊞⊞⊞⊤∈⊞⊞⊞∈∋≺
0x1b5dd45d	⊢⋈⋈⋈⊞⋈∈⋈⊞⋈⋈⋈⋈≺
0x1b5ddd80	⊢∈⋈⊤∈⊤∈∋⋈⋈⊞⊞⊞⊤∈⊞⊞⊞∈∋≺
0x1b5de446	⊢⋈⋈⋈≺
0x1b5de4d1	⊢⋈⋈⊤∈⊞⋈⋈⋈⋈≺
0x1b5de750	⊢⋈⋈⊙⋈≻
0x1b5de85b	⊢⊡
0x1b5de8f7	⊢⊡
0x1b5deb4d	⊢⊡
0x1b5deb67	⊢⊡
0x1b5dedf8	⊢⊡
0x1b5defd1	⊢⊡
0x1b5df3cb	⊢⊡
0x1b5df4fc	⊢⊡
0x1b5df608	⊢⊡
0x1b5dfa18	⊢⋈⋈≻≺
0x1b5dfa7b	⊢⊡
0x1b5dfb25	⊢⊡
0x1b5dfba3	⊢⊡
0x1b5e03cb	⊢⊡
0x1b5e0558	⊢⋈⋈⋈⊡
0x1b5e05d1	⊢⊞⊤∈⋈⋈⊞⊙
0x1b5e0623	⊢⊞⊞⊞∈⋈⋈⋈⋈⋈⋈⋈⋈≺
0x1b5e0a51	⊢⋈⋈⊤∈⊞⋈⋈⋈⋈⊞∈≺
0x1b5e0b5f	⊢⋈⋈⊤∈⊞⋈⋈⋈⋈⋈⋈⊞⊞⊞≺
0x1b5e0d19	⊢⊤∈⋈⋈⊤∈⊞⋈⋈⋈⋈⋈⋈⊞⊞⋈⊞⊞⊞⊞≺
0x1b5e0f8c	⊢⋈⋈⊤∈⊞⋈⋈⋈⋈⋈⊞⋈⊞⋈≺
0x1b5e1008	⊢⋈⋈⋈≺
0x1b5e1110	⊢⋈⋈⋈⋈⋈⋈⊣
0x1b5e12ce	⊢⋈⋈⋈⋈⋈⋈⋈⊣
0x1b5e135d	⊢⋈≺
0x1b5e13d0	⊢⋈⋈⋈⊞⋈⊞⋈⊞⋈≺
0x1b5e141b	⊢⋈⋈⋈≺
0x1b5e1733	⊢⋈⋈≻⋈≻≻
0x1b5e1ab5	⊢⋈⊡∈⊞∈⋈⋈≻⋈≺∋
0x1b5e1b12	⊢⊡
0x1b5e1b73	⊢⋈⋈≻⊡∈⊞∈⋈⋈≻⋈≺∋
0x1b5e1bf3	⊢⋈⊞⋈≻⋈≻
0x1b5e1c8b	⊢⋈⋈≻⊤∈⋈≻∋⊤∈⋈≻∋⋈⊤∈⋈⋈≻∋⋈≻≻
0x1b5e2326	⊢⋈⊡∈⊞∈⋈⋈≻⋈≺∋
0x1b5e2397	⊢⊡
0x1b5e23f9	⊢⋈⋈≻⊡∈⊞∈⋈⋈≻⋈≺∋
0x1b5e27c5	⊢⋈⋈≻≺
0x1b5e294a	⊢⊡
0x1b5e2db3	⊢⊡
0x1b5e3101	⊢⊡
0x1b5e31f2	⊢⊡
0x1b5e329b	⊢⊡
0x1b5e3344	⊢⊡
0x1b5e3444	⊢⊡
0x1b5e351a	⊢⊡
0x1b5e35ea	⊢⊡
0x1b5e394d	⊢⊡
0x1b5e3d58	⊢⊡
0x1b5e4096	⊢⊡
0x1b5e4132	⊢⊡
0x1b5e4293	⊢⊡
0x1b5e4502	⊢⊡
0x1b5e45a6	⊢⊡
0x1b5e4648	⊢⊡
0x1b5e4c91	⊢⊡
0x1b5e4ce6	⊢⊡
0x1b5e4e2a	⊢⊡
0x1b5e4e4d	⊢⊡
0x1b5e4e89	⊢⊡
0x1b5e5339	⊢⊡
0x1b5e5376	⊢⊡
0x1b5e53a4	⊢⊡
0x1b5e53c5	⊢⊡
0x1b5e5553	⊢⋈⊤∈⋈⋈⋈⋈⊙⊤∈⋈⊤∈⋈⋈≺
0x1b5e5590	⊢⋈⊤⊥≺
0x1b5e5c69	⊢⊡
0x1b5e5f53	⊢⊡
0x1b5e6063	⊢⊡
0x1b5e63c1	⊢⊡
0x1b5e64c2	⊢⊡
0x1b5e6672	⊢⋈⊞⋈⋈⋈⊙⋈≻
0x1b5e66ab	⊢⊡
0x1b5e68f1	⊢⋈⋈⊤∈⋈⊙∋⋈≻
0x1b5e6aae	⊢⋈⊤∈≺
0x1b5e6b32	⊢⋈⋈⋈⋈⋈⋈⋈⊤∈⋈⊙∋⊤∈⋈⊙∋⋈⊙≺
0x1b5e6ba6	⊢⋈⊤∈⋈⊙≺
0x1b5e6ca7	⊢⋈⊣
0x1b5e6d07	⊢⋈⊣
0x1b5e6d81	⊢⊡
0x1b5e707d	⊢⋈⊤∈⋈⊙∋⋈⊙⋈≻
0x1b5e756c	⊢⋈⊡⋈≻
0x1b5e7e77	⊢⊡
0x1b5e7f52	⊢⋈⋈⊞⊤∈⋈⊙∋⋈≻
0x1b5e81c6	⊢⋈⋈⋈≻
0x1b5e82f0	⊢⋈⋈⋈≻
0x1b5e853d	⊢⊡
0x1b5e8bfc	⊢⋈⊤∈⋈≺
0x1b5e8ca1	⊢⋈⊤∈⋈⊙∋⋈≻
0x1b5e8ffa	⊢⋈⊤∈⋈⊙∋⋈⊙⋈≻
0x1b5e90be	⊢⋈⋈≻≺
0x1b5e912a	⊢⋈⋈⋈⋈⊙⋈⋈⋈⋈⋈⋈⋈⋈⋈≻⋈⋈⋈⋈⋈≻⋈≻≺
0x1b5e96e9	⊢⊡
0x1b5e9b03	⊢⋈⋈≻≺
0x1b5e9e61	⊢⊡
0x1b5e9f38	⊢⊡
0x1b5ea223	⊢⋈⋈⊤⊥⊤⊥⊞∈⊙∋⋈≻
0x1b5eab09	⊢⊡
0x1b5eb59e	⊢≺
0x1b5eb5b1	⊢≺
0x1b5eb648	⊢⋈⋈⋈⋈⊞⋈⋈⋈⋈≺
0x1b5eb996	⊢⋈⊤⊥⊤⊥⊞∈⋈⊙∋⋈⊙⋈≻
0x1b5ebbe5	⊢⋈≺
0x1b5ebc5a	⊢⊡
0x1b5ebd52	⊢⊞⊞⋈⊡∈
0x1b5ebd76	⊢⊤∈⊞⋈⊡∈∋⋈⋈∈⋈⊤∈⊤⋈⊥⋈⋈⋈⋈⋈⊞⊞⊙⊤∈⊙⊤∈∋∋∋⋈⋈⊞⋈⊞⋈⊞⋈⊙
0x1b5ec1bc	⊢⊡
0x1b5ec490	⊢⋈⋈⋈⋈⋈⊡≺
0x1b5ec651	⊢⋈⊤∈⋈⊙∋⋈⊙≺
0x1b5ec6cd	⊢⊤∈⊡
0x1b5ec722	⊢⊡
0x1b5ec774	⊢⊤∈⋈⋈⋈⋈⋈⊤∈⋈⊙∋⊤∈⋈⊙∋⋈⊙≺
0x1b5ec859	⊢⋈⊤∈⋈⊙∋⋈⊙⋈⋈≻⋈≻≻
0x1b5ecd9b	⊢≺
0x1b5ecf41	⊢⊞⊞≺
0x1b5ecfee	⊢⊞≺
0x1b5ed1ad	⊢⊡
0x1b5ed285	⊢⊡
0x1b5ed2fd	⊢⋈⊤∈⋈⊙∋⋈≻
0x1b5ed335	⊢⋈⋈⋈⊣
0x1b5ed385	⊢⋈⋈⊣
0x1b5ed6a5	⊢≺
0x1b5edd72	⊢⋈⋈≺
0x1b5edece	⊢⋈⋈⊙⋈≻
0x1b5ee002	⊢⊡
0x1b5ee139	⊢⊡
0x1b5eecc6	⊢⋈⊤∈⋈⊙∋⊤∈≺
0x1b5eecf4	⊢⋈⊤∈⋈⊙∋⋈⋈⊤∈≺
0x1b5ef043	⊢⊡
0x1b5ef453	⊢⋈⋈≻⋈≻
0x1b5f01a0	⊢⋈⊤∈⋈⊙∋⊤∈⋈⊙∋⋈⊙⋈≻
0x1b5f045b	⊢⋈⊤⋈∈⊙∋⊤∈⋈⊙≺
0x1b5f04cb	⊢⊡
0x1b5f05a3	⊢⊡
0x1b5f08cb	⊢⊡
0x1b5f0aaf	⊢⋈⋈≻⋈≻≻
0x1b5f746c	⊢⊡
0x1b5f74d0	⊢⋈⊙
0x1b5f74e6	⊢⋈≺
0x1b5f74f6	⊢⋈≺
