seconds	address
0.007413	1fb8bb
0.016302	1e1484
0.021964	1ce126bdc413
0.036250	1e0cd0
0.042323	1e086b
0.053361	1e0b5f
0.068422	1e0855
0.078220	1e0767
0.092139	1e9f3c
0.105634	1ce126cd791d
0.118679	1ce126bd86e9
0.128742	1ce126bdae45
0.135183	1eb689
0.146442	1e379a
0.156109	1e9e9c
0.162233	1e0880
0.176589	1eb702
0.185683	1e0d5f
0.196933	1ce126bdb560
0.204700	1ed391
0.218165	1e0cd0
0.227125	1ce126bd86df
0.241048	1dfed4
0.255358	1e0880
0.261831	1e0880
0.268894	1ce126bd8806
0.279186	1ce126bd870f
0.288234	1e1484
0.299445	1dfb39
0.307756	1e0880
0.316243	1e19e0
0.324353	1e0ae4
0.338579	1dfb63
0.347375	1ce126bdb3b7
0.353037	1dfb39
0.361094	1ce126bdb35c
0.371548	1e0b10
0.381502	1e074f
0.387880	1e19e0
0.402903	1dfb39
0.413395	1e948f
0.421475	1e0880
0.427674	1dff17
0.435670	1e0cc3
0.445277	1e504d
0.455986	1dfb63
0.466392	1e0880
0.474125	1ebd27
0.486326	1eb592
0.497920	1e0727
0.509793	1e19e5
0.520956	1eb5e5
0.528559	1ebda8
0.535395	1e0880
0.547923	1ce126bd8896
0.557473	1dff05
0.565945	1e0c28
0.580622	1dff05
0.589799	1e0cb9
0.598752	1ce126bda983
0.611679	1dfb71
0.626586	1e0cd0
0.638754	1dfb39
0.651030	1dff24
0.658035	1e0855
0.664550	1e0ba1
0.678931	1e379a
0.690987	1dfdb0
0.697376	1e0855
0.705519	1e0880
0.716544	1e193e
0.727047	1ce126bdc0b7
0.735129	1e0cd0
0.743643	1ce126bd8806
0.750978	1e0cdc
0.762516	1ceed4
0.775691	1e0cd0
0.788461	1ce126bdb560
0.802388	1e37ca
0.815794	1dfde4
0.828018	1e3eb0
0.839576	1ce126bd97c6
0.850151	1ce126cd7891
0.858920	1ce126bd9683
0.866246	1ce126bd967e
0.875258	1ce126bd8896
0.886350	1ce126bd8806
0.893186	1e3780
0.903668	1ce126bdc3c5
0.913014	1e1484
0.921324	1ea698
0.931849	1e0880
0.943041	1ce126bdc1c5
0.953588	1e379a
0.962535	1e0880
0.975194	1e1a06
0.990012	1ce126cd7947
0.998736	1ce126bd875b
1.004576	1e0880
1.016839	1e0880
1.028229	1dfa41
1.037885	1ea6ba
1.047746	1dff05
1.058059	1ce126bdc3ae
1.063308	1e0882
1.073183	1ce126bd8806
1.081772	1e15b5
1.088404	1e5cde
1.095449	1e5af5
1.110087	1e40af
1.124832	1ce126bdae22
1.131381	1ce126bdb870
1.145018	1ce126bdb870
1.152408	1ce126bdb870
1.165897	1ce126bdc3c2
1.173252	1ce126bdc3c2
1.182511	1ce126bd8862
1.194290	1ce126bd8896
1.208473	1ce126bd8862
1.213791	1e0cb9
1.223184	1e379a
1.238189	1eb577
1.244526	1e9d82
1.249723	1e15b5
1.260283	1ce126bdab76
1.274115	1e0880
1.287704	1e0880
1.297222	1ce126bd870f
1.308188	1dfb1c
1.318761	1ea6fd
1.327077	1e1a06
1.335308	1e379a
1.349943	1dfff1
1.363619	1e002f
1.372791	1e06e0
1.381115	1e0880
1.392733	1e0880
1.407892	1ce126bdc413
1.419508	1ce126bd888f
1.428419	1ce126bd8709
1.442599	1ea7d5
1.457178	1ea533
1.469157	1dfb93
1.481262	1ed835
1.492817	1ce126bdb870
1.499011	1ebd68
1.509719	1ce126bdb870
1.518660	1dfff1
1.528881	1dfff1
1.542983	1e0855
1.557842	1e0880
1.570002	1e0cd0
1.576021	1e0880
1.590391	1ce126bd870f
1.597493	1e0880
1.606656	1e0cd0
1.612811	1ce126bd8862
1.619752	1e386a
1.634785	1ce126bda9d1
1.640208	1eb61e
1.645927	1e1426
1.655275	1ea565
1.669177	1dfb63
1.675639	1dfde4
1.689813	1dfb39
1.701916	1e379a
1.709753	1dfff1
1.716807	1dfb63
1.725610	1e1f42
1.731582	1dfb7e
1.744660	1e0754
1.751328	1e0882
1.758640	1f261c
1.770628	1e0727
1.776046	1e0cd0
1.787709	1ce126bdc3c2
1.796769	1e085d
1.808189	1e0880
1.819670	1e0cd0
1.827391	1e0880
1.837978	1ce126bd8806
1.849344	1ce126bd870f
1.862982	1dfd9b
1.869922	1e969b
1.875829	1dfb63
1.887627	1e9505
1.896839	1dfb63
1.904068	1dfb63
1.912695	1fbcd2
1.927207	1e1484
1.934020	1e379a
1.942203	1dfb39
1.956171	1dfb71
1.962596	1dfb39
1.969708	1e19d3
1.977093	1dfb63
1.982943	1ed888
1.995836	1e002f
2.010406	1e0054
2.018483	1dfff1
2.033339	1e0880
2.040842	1e0880
2.048894	1e0880
2.054970	1ce126bd967e
2.069073	1e0727
2.082799	1e0855
2.094418	1e0705
2.099668	1e0880
2.108229	1e0880
2.119973	1e0880
2.133322	1e0855
2.138934	1e0880
2.148097	1ce126bd8806
2.154725	1ce126bd88b2
2.165490	1ce126bd8709
2.172964	1e0880
2.183675	1e0754
2.189886	1dfb39
2.200057	1dfb63
2.205307	1e1a06
2.211340	1dfb39
2.221599	1e19d3
2.228170	1dfb39
2.237307	1dfb39
2.246521	1ce126bdc210
2.261711	1dfb39
2.275119	1e1a06
2.287376	1e1a06
2.296261	1e379a
2.307764	1dfb39
2.316311	1dfb39
2.324443	1e3871
2.334954	1dfb39
2.345849	1dfb63
2.358798	1dfb63
2.367108	1dfb63
2.376489	1dfb63
2.388250	1ebd54
2.400252	1dfb63
2.409514	1e1f37
2.422753	1eb68d
2.436826	1e0d65
2.446034	1ce126bd96d2
2.458350	1e0855
2.467183	1e0855
2.481086	1e0855
2.495567	1e0727
2.501009	1e0880
2.510868	1e0880
2.521422	1e0cd0
2.530286	1e0727
2.543260	1e0880
2.555731	1ce126bd967e
2.563665	1e085d
2.572254	1ce126bd967e
2.582322	1e0880
2.588134	1e0b9d
2.600786	1ce126bd8709
2.614005	1ce126bd8709
2.621299	1ce126bd870f
2.632237	1dfb39
2.643561	1dfb63
2.651356	1e142d
2.666212	1e1a06
2.679022	1e0ce8
2.693686	1e0880
2.708782	1e0880
2.719781	1e0880
2.732785	1ce126bd8896
2.739299	1ce126bd86ff
2.752134	1ce126bd86e9
2.762273	1e0ac6
2.774880	1e1a06
2.781182	202929
2.791275	1e0882
2.805274	1dfb39
2.816496	1ce126bdaeb4
2.828254	1e0880
2.840425	1e0cb9
2.851009	1ce126bdadcb
2.863429	1e15b5
2.875410	1e0cd0
2.881801	1e0705
2.892288	1e0880
2.899499	1f2616
2.911564	1e0a8e
2.921240	1e0880
2.933318	1e0880
2.940608	1e9ff5
2.952698	1e3ea0
2.966487	1ce126bdb04a
2.975685	1e386a
2.980960	1e379a
2.987707	1e0880
2.994554	1ce126bdb340
3.003716	1ce126bd885e
3.014469	1e0bf7
3.020536	1e9f5d
3.033345	1ce126bdb3a1
3.039541	1e0880
3.054784	1e0cb9
3.067572	1e3ebe
3.079810	1e1a06
3.089690	1e0bf7
3.097753	1dfdd5
3.111885	1e1a06
3.122418	1e0880
3.131315	1ea066
3.136940	1dfdb0
3.147864	1ce126bd8806
3.160139	1e0871
3.168858	1ce126bdb560
3.183268	1e379a
3.194303	1e0855
3.205908	1dfb39
3.215466	1e0880
3.229132	1e1a06
3.235262	1e379a
3.249384	1dfb39
3.258475	1e0cb0
3.270938	1dfb39
3.277797	1e0855
3.291089	1dff05
3.304286	1e0855
3.318685	1dff05
3.328651	1ce126bd973d
3.337651	1e3970
3.350186	1ce126bdc3b7
3.362289	1dfb39
3.377058	1e077f
3.391567	1e379a
3.401843	1e0727
3.408036	1dfb39
3.413247	1e9fe3
3.421550	1e0cb5
3.433072	1dfb39
3.446426	1e0855
3.461287	1e379a
3.468863	1e379a
3.477472	1e0727
3.483852	1e0880
3.497854	1e379a
3.508897	1ce126bdc3a4
3.517077	1e1a06
3.530632	1dfb39
3.536541	1e0880
3.548864	1ce126bd888b
3.558522	1dfb39
3.573439	1ce126bd870f
3.581049	1e9f68
3.588338	1e0880
3.598481	1ce126bd8862
3.604384	1e1a06
3.618864	1e0cb0
3.633249	1ce126bdb340
3.642526	1e074f
3.650985	1e0cb9
3.663584	1e0cc7
3.678022	1ce126bd8862
3.692759	1dfb39
3.703636	1e9302
3.714881	1ce126bd97c4
3.727023	1e0880
3.735880	1ce126bd870f
3.749768	1e274c
3.759319	1dff24
3.769023	1ebd4f
3.779682	1dfb39
3.792151	1eb5dd
3.803085	1e0855
3.810386	1e0880
3.821724	1e0880
3.834861	1e0880
3.847644	1e0880
3.858441	1ce126bd86ff
3.864540	1ea54b
3.877329	1e15b5
3.891758	1dfb41
3.906719	1e9d71
3.914627	202930
3.926355	1dfb39
3.941175	1e9445
3.946883	1dfb63
3.960892	1e0880
3.969375	1e0bf7
3.976881	1e0b05
3.984904	1e0880
3.990559	1e0880
4.004925	1e0880
4.015678	1e0880
4.022488	1ce126bd8806
4.034691	1ce126bd885e
4.049243	1eb5a7
4.056237	1ce126bdaddd
4.070173	1dff05
4.076800	1dfb39
4.087254	1e3815
4.095108	1ed847
4.101085	1dfe66
4.116215	1e1a06
4.128085	1ebd27
4.143296	1dfb39
4.154262	1dfb39
4.160395	1e9677
4.173383	1e0880
4.185964	1e0880
4.197254	1e0880
4.208300	1e0880
4.220594	1e07d7
4.231192	1e0880
4.242531	1e0880
4.249530	1e0727
4.260033	1ce126bd8806
4.274412	1ce126bd8806
4.284598	1dfec3
4.292622	1dfb63
4.304875	1dfb63
4.314887	1dfb39
4.326229	1ce126bdc210
4.333825	1e1599
4.347287	1e18fa
4.358673	1dfa38
4.369576	1e94ab
4.378389	1e1a06
4.385979	1dfb71
4.400278	1dfe66
4.406789	1e380f
4.418714	1eb7f4
4.429182	1eb5dd
4.439885	1ebce3
4.450239	1dfb10
4.462054	1e0880
4.474759	1e0880
4.484958	1e0880
4.490837	1ce126bd967e
4.496392	1e085d
4.509658	1e0d31
4.520667	1e0cb9
4.529970	1e081f
4.543970	1e0cc7
4.551286	1e0880
4.557554	1e0bf7
4.572760	1e0727
4.580632	1ce126bd870f
4.586311	1ce126bd8806
4.596666	1ce126bd870f
4.606814	1ce126bd8806
4.616709	1ce126bd86d4
4.627587	1dfb63
4.637550	1dfb63
4.647119	1dfb39
4.654908	1dfa3e
4.666358	1dfb39
4.674761	1e9252
4.680273	1ce126bdc060
4.689874	1dfb63
4.696756	1dfcdb
4.708431	1dfb39
4.714238	1dfb39
4.719710	1e1a06
4.733487	1ed2eb
4.747306	1e944f
4.758750	1dfb39
4.764864	1e1a06
4.771520	1e153b
4.784824	1ebd68
4.798782	1e37ce
4.811874	1ea878
4.824798	1dfe51
4.833269	1e0cb9
4.846055	1e0880
4.851334	1e0880
4.864885	1e0880
4.872783	1e0880
4.880609	1ce126bd9754
4.886183	1e0880
4.899169	1e0880
4.904703	1e0880
4.918537	1ce126bd97bc
4.927614	1e0880
4.935974	1e0bf7
4.946822	1e0cd0
4.953772	1e0727
4.967612	1e0727
4.974493	1e0cd0
4.986788	1ce126bd8806
5.000498	1ce126bd8806
5.010871	1dfb41
5.020360	1dfb63
5.027340	1dfb63
5.035327	1e142d
5.047864	1dfb39
5.055488	1e379a
5.067645	1dfb63
5.079954	1e1a06
5.093008	1e5032
5.107770	1dfb39
5.118893	1eb86f
5.124325	1dfe56
5.137028	1e0cc3
5.150937	1e0855
5.156433	1ce126bdc41c
5.167619	1e0880
5.180776	1e0855
5.186605	1e0880
5.192751	1e0880
5.203737	1e0cc7
5.218467	1ce126bd8806
5.230158	1ce126bd870f
5.240916	1ce126bdc1c5
5.250441	1e37a1
5.265499	1e142a
5.279352	1e1a06
5.290149	1e0855
5.301598	1e0cb0
5.309709	1e075d
5.324885	1ce126bd8862
5.333933	1ce126bd8806
5.342963	1ce126bdb55c
5.355381	1dfb63
5.360951	1dff05
5.367417	1eb860
5.382137	1dfdac
5.394237	1ebd4f
5.400647	1dff0b
5.407153	1dfde4
5.413646	1e0855
5.428271	1e0880
5.434918	1e0880
5.445741	1e0cb9
5.451510	1e0855
5.461944	1e06ef
5.472112	1ce126bd8806
5.481423	1ce126bd870f
5.489490	1ebdaf
5.499666	1e19e5
5.510508	1dfb39
5.520553	1ce126bdadfa
5.531326	1ce126bdb340
5.545335	1e1a06
5.558327	1e1a06
5.567998	1dfb39
5.576267	1e03af
5.589070	1ce126bd9762
5.598220	1e0880
5.607734	1e0880
5.622561	1ce126bd977f
5.631575	1e0855
5.643989	1e0727
5.651395	1e0b5f
5.665604	1ce126bd875b
5.674840	1ce126bd8862
5.680213	1ce126bd8806
5.693951	1eaa43
5.703787	1dfeef
5.716948	1dff05
5.729832	1e1a06
5.742949	1e3780
5.754310	1e1a06
5.760059	1e3780
5.774272	1dfb39
5.779539	1eb511
5.787469	1eb58e
5.798025	1e194e
5.805172	1e1431
5.815031	1e379a
5.827865	1dfb39
5.833126	1e1a06
5.846429	1e0882
5.861152	1e0c1a
5.871017	1e0880
5.877888	1e0855
5.889765	1e0cd0
5.898622	1e0880
5.909558	1e0880
5.920425	1e0727
5.932048	1e0855
5.942876	1ce126bd885e
5.950415	1ce126bd870f
5.957671	1ce126bd870f
5.968696	1eb5c2
5.980223	1e1a06
5.986623	1ea6ba
6.000039	1eb535
6.011736	1dff6a
6.021691	1ce126bdb040
6.036391	1e15b5
6.042970	1ce126bdb258
6.056831	1dfb63
6.071780	1e1a06
6.079157	1ed2fd
6.084995	1e505b
6.097246	1e9417
6.104658	1e195b
6.114364	1ce126bdb622
6.126063	1dfb39
6.131679	1eb6da
6.137145	1e1a06
6.145869	1e1a06
6.154010	1e0855
6.163938	1ce126bd96d2
6.175376	1e0855
6.185858	1e0880
6.200802	1e0880
6.208440	1e0880
6.219556	1e0855
6.229981	1e0855
6.237961	1e0880
6.248725	1e0cd0
6.263858	1e0727
6.272991	1e0880
6.284287	1e0705
6.294028	1ce126bd8896
6.305250	1ce126bd887f
6.314588	1ce126bd8806
6.328455	1dfb39
6.339982	1dfb39
6.354272	1dfb39
6.360675	1dfb39
6.367331	1dfb39
6.375262	1ea783
6.385854	1e18cb
6.397126	1dfb63
6.406311	1e1484
6.412992	1ce126bdaeec
6.424878	1dfb31
6.439820	1dfb39
6.447867	1dfb39
6.462588	1e1a06
6.477188	1dfb71
6.489134	1dfdd5
6.499071	1e1a06
6.513076	1e0855
6.523137	1e0880
6.537695	1e0855
6.551604	1ce126bd96c2
6.560259	1e0855
6.568122	1e0855
6.583118	1e0880
6.591656	1e0855
6.603536	1e0855
6.618295	1e0855
6.625183	1e0880
6.634187	1e0880
6.646064	1ce126bd8806
6.652443	1ce126bd8896
6.663821	1ce126bd88db
6.670172	1e379a
6.681796	1dfdd5
6.692799	1e15b5
6.701177	1e0cb9
6.709091	1e0880
6.715429	1ea03e
6.725019	1ce126bd883b
6.737921	1e1a06
6.750750	1ce126bd86db
6.759090	1e379a
6.768876	1ea066
6.779599	1e0cb9
6.792916	1dfccb
6.798311	1ce126bdb55c
6.813416	1e194e
6.826112	1e0880
6.838891	1e379a
6.851442	1e0855
6.858426	1dff05
6.867842	1e379a
6.874761	1e0880
6.883459	1ce126bdb376
6.888985	1e379a
6.901208	1e3e98
6.914455	1e1a06
6.919868	1e379a
6.929293	1ce126bd8806
6.943150	1dfb39
6.951080	1e0880
6.964554	1e0cb9
6.979267	1e0855
6.991665	1e081b
6.998643	1ce126bd8862
7.007380	1dfb39
7.013307	1e0855
7.020114	1ce126bdc060
7.026962	1e0855
7.032320	1e0a8e
7.042256	1cea2c
7.047715	1e0bf7
7.053426	1ce126bda97f
7.061183	1e0b10
7.069056	1ce126bdae91
7.080327	1e0d39
7.087582	1ea0da
7.092924	1e0880
7.106984	1e3780
7.113718	1e0880
7.127698	1e0855
7.139613	1dfd9b
7.147288	1e0cad
7.160760	1e0cd0
7.168612	1ce126bd8896
7.179157	1ce126bdad28
7.192980	202a00
7.198359	202930
7.203632	1e0880
7.216782	1e93dd
7.226965	1e0880
7.237343	1dff05
7.245696	1e06ef
7.252512	1dfb39
7.266226	1e0880
7.276003	1dfb39
7.282663	1e0880
7.297305	1e379a
7.308123	1e1a06
7.320858	1e0cd0
7.333637	1ce126bdc178
7.343670	1e0727
7.355641	1dfb39
7.369097	1e0727
7.382888	1dff6a
7.392551	1e0855
7.402579	1dfb39
7.412875	1e0880
7.420520	1ce126bdc085
7.429332	1e0d39
7.441481	1e0882
7.449639	1ed921
7.462681	1e0880
7.473875	1e1a06
7.487984	1e379a
7.497539	1dfb39
7.512125	1dfb63
7.517727	1e0855
7.527421	1e0880
7.538544	1e0cb0
7.547014	1e0727
7.558163	1ce126bd870f
7.569908	1e0cc7
7.580035	1e1a06
7.585773	1e379a
7.599298	1e1956
7.612544	1e91df
7.621793	202930
7.627981	1dfb39
7.640195	1e0880
7.655156	1e0727
7.667756	1e0880
7.674848	1e0880
7.682197	1e0880
7.690756	1e0855
7.705517	1ce126bd870f
7.717100	1ce126bdc06f
7.726934	1dff6f
7.736254	1e1a06
7.748600	1dfa85
7.753888	1dff6a
7.763801	1dfb39
7.771566	1dfb63
7.778184	1e379a
7.786341	1e15b5
7.798395	1ce126bdb3b0
7.803907	1dfb71
7.813013	1ea836
7.824495	1e083b
7.830830	1e0880
7.843498	1e0855
7.853531	1e0880
7.862172	1e0880
7.873868	1e0880
7.881463	1e0880
7.891808	1e0880
7.902574	1ce126bd8862
7.915187	1e1a25
7.926500	1e92f3
7.938283	1ebcd5
7.943958	1dfde4
7.959095	1dfdd5
7.967989	1e1487
7.977006	1e19d3
7.983483	1dfb39
7.989853	1ebd9b
7.995108	1dfdb0
8.009014	1dfb39
8.020101	1dfb39
8.031311	1e9608
8.042188	1e1484
8.054636	1dfb63
8.065154	1e0880
8.071166	1e0880
8.081267	1e0cb9
8.089454	1e0705
8.102448	1e0880
8.112289	1e0855
8.122686	1e0880
8.130798	1e085d
8.139563	1e0880
8.147718	1e0880
8.160563	1e086e
8.167703	1ce126bd8806
8.175319	1ce126bd8862
8.184121	1ce126bd8806
8.195898	1e15b5
8.206865	1dfb93
8.214385	1ce126bdb560
8.224651	1dfb39
8.234393	1e1a06
8.243430	1dfb63
8.255532	1eb5d5
8.264673	1e3781
8.277457	1dfb39
8.290013	1eb5ff
8.297504	1dfb63
8.311052	1dfb71
8.325053	1dff05
8.333314	1dfb63
8.342401	1dfb63
8.353010	1dfb39
8.359260	1ebd0c
8.367124	1dfe51
8.381688	1dfb39
8.391854	1e085d
8.401265	1e0880
8.408031	1e0880
8.414437	1e0880
8.422993	1e0880
8.428292	1e0880
8.434564	1e0705
8.442486	1e0880
8.453143	1e0855
8.461285	1e0855
8.466735	1e0cd0
8.473735	1e0880
8.487979	1e0cd0
8.499767	1e0855
8.509402	1ce126bd8806
8.520992	1ce126bd870f
8.528534	1ce126bd8806
8.538967	1dfb63
8.552368	1dfb39
8.558635	1e9239
8.573614	1dfb39
8.582591	1e93a5
8.592827	1e379a
8.600257	1eb605
8.614827	1dfb39
8.628866	1dfb39
8.641154	1e379a
8.653531	1ce126bdb03d
8.664759	1e929d
8.672514	1e1956
8.680213	1ce126cd78ab
8.691449	1ebcf0
8.702227	1dfb63
8.708291	1ce126cd7935
8.715068	1e3780
8.728463	1e0094
8.734373	1dfe97
8.743372	1e1901
8.754532	1dfb63
8.764203	1e0b10
8.777093	1e0880
8.790222	1e0880
8.797648	1e0880
8.806678	1e0880
8.812036	1e0880
8.823214	1e0880
8.833996	1e0727
8.845667	1e0880
8.852265	1e0855
8.861242	1e0880
8.873597	1e0cb0
8.885112	1e0882
8.891143	1ce126bd97c2
8.901213	1e0871
8.910986	1ce126bd8806
8.917455	1ce126bd887f
8.924883	1ce126bd8862
8.931168	1ce126bd870f
8.942712	1dfb39
8.954389	1e0880
8.963257	1e1a06
8.976162	1dfb39
8.985769	1dfca5
8.992663	1dfb39
9.003437	1ce126bdaabf
9.014552	1e0880
9.023828	1e0855
9.032555	1ce126bdaf8f
9.040533	1e28d5
9.052982	1ce126bd8913
9.065921	1ce126cd788d
9.071285	1e42b0
9.078437	1ce126cd791d
9.091247	1e4c37
9.101475	1ce126cd791d
9.115856	1ce126cd7935
9.122272	1e4bf3
9.130255	1ce126cd791d
9.145034	1e40cf
9.151282	1e4020
9.161718	1e45bf
9.176837	1e4d3f
9.187032	1e4d3f
9.193561	1ce126cd791d
9.206717	1ce126cd791d
9.217578	1ce126cd791d
9.227897	1ce126cd791d
9.242387	1e40cf
9.254234	1e4ba5
9.260349	1fbd10
9.273744	1ce126bd9721
9.286766	1ce126bdc3c2
9.292256	1ce126bd9675
9.298255	1ce126bdc3c2
9.305049	1db873
9.314228	1ce126bdc3c2
9.320202	1ce126bdc3c2
9.328993	1ce126bdc3c2
9.340517	1ce126bdc3c2
9.351612	1ce126bdc3d5
9.362123	1ce126bdc3c2
9.376088	1ce126bd8862
9.385429	1ce126bd8862
9.391071	1ce126bd8862
9.405151	1ce126bd8709
9.411162	1ce126bd870f
9.424512	1ce126bd8806
9.439693	1ce126bd8806
9.449955	1ce126bd8862
9.465126	1ce126bd8862
9.480230	1ce126bd88b2
9.493774	1ce126bd8709
9.506910	1ce126bd88b2
9.519689	1ce126bd8806
9.527683	1dfb39
9.535109	1e0cd0
9.543865	1e0727
9.558919	1e0727
9.564649	1e0727
9.576905	1e0d5f
9.584039	1ce126bd887f
9.598066	1e18c4
9.605784	1e1644
9.618821	1dfb39
9.630022	1e3871
9.641072	1e0cc7
9.647717	1e15b5
9.662064	1e379a
9.676994	202958
9.686856	1e379a
9.701446	1e149f
9.712667	1ed391
9.723796	1eb605
9.733152	1ce126bda97f
9.739308	1e1a06
9.752664	1e15b5
9.765463	1ed847
9.774337	1e1a06
9.786762	1dfd9b
9.795916	1e0cb9
9.809983	1e0880
9.817734	1e0880
9.823773	1e0855
9.834943	1e0880
9.846685	1e0880
9.860708	1e0cd0
9.871725	1e0cb0
9.885471	1e0705
9.900394	1e0718
9.909317	1e0880
9.916400	1ce126bd8800
9.927722	1ce126bd8862
9.934707	1ce126bd8806
9.944327	1e9dd6
9.959037	1dfb63
9.973349	1ce126bdadcb
9.985566	1e92b6
9.991292	1dfde4
10.005165	1dfb39
10.019641	1ed876
10.034659	1dfb39
10.048900	1dfdc8
10.057317	1dfb39
10.066240	1ea77b
10.075194	1ce126cd810a
10.082391	1ea6fd
10.089910	1ce126cd7935
10.099050	1dfb63
10.106003	1dfb39
10.119058	1dfb63
10.128561	1dfb39
10.137326	1eb577
10.147702	1dfb39
10.154017	1e15b5
10.161979	1e18e3
10.170612	1e0072
10.184411	1e1f37
10.197561	1dfb39
10.211252	1ce126c5197b
10.224730	1dfb39
10.235959	1dfdd5
10.247951	1ce126bdb870
10.262121	1e1f42
10.269961	1dfb63
10.276715	1e15b5
10.282783	1ce126bdc1ec
10.288930	1dfff1
10.297800	1e0880
10.306379	1e0880
10.318563	1e0727
10.329825	1e0880
10.336030	1e0880
10.346869	1e0855
10.359281	1e0880
10.364742	1e0880
10.376796	1ce126bdc3b7
10.391100	1e0cb0
10.405513	1e0bf7
10.419205	1e0880
10.429742	1e0880
10.437392	1e0ced
10.448294	1e0727
10.456141	1e0880
10.465649	1e0880
10.473552	1e0cd0
10.482012	1e0855
10.493344	1e0727
10.507193	1e0880
10.521317	1e0855
10.533419	1e0880
10.543328	1ce126bd8806
10.552955	1ce126bd8806
10.565856	1ce126bd8709
10.571781	1ce126bd88a0
10.584335	1ce126bd8806
10.599474	1e0880
10.607359	1dfb39
10.621805	1ec67b
10.627301	1ce126bdc1c5
10.632630	1e379a
10.641677	1ce126bdaeec
10.655454	1eb860
10.669880	1e9e08
10.682586	1dfb63
10.692963	1ed3ec
10.703129	1dfb63
10.708474	1dfd9b
10.715656	1e1a06
10.727003	1dff05
10.740634	1dfb39
10.750842	1ce126bdadcb
10.760004	1dfb39
10.773841	1dfb39
10.783307	1e0cb0
10.790602	1e1949
10.800253	1dfb82
10.807250	1dff91
10.813117	1dfb39
10.819276	1ea537
10.825274	1e9e08
10.833253	202941
10.843754	1dfe75
10.849007	1ebd63
10.858267	1dfb39
10.868719	1e379a
10.883024	1dfb39
10.889199	1dfb63
10.903882	1ce126bdb04a
10.914850	1e1a06
10.928303	1e1a06
10.941975	1e1a0b
10.954940	1ce126bdc210
10.964887	1dfde4
10.973666	1dfb39
10.979424	1dfb63
10.989776	1dfb97
11.000414	1ebdaf
11.011687	1e1f37
11.024811	1e0038
11.038640	1eb5d5
11.044445	1dfff1
11.056221	1e002f
11.061763	1e5032
11.072897	1eaa2b
11.082913	1e1a06
11.092496	1e3832
11.097786	1dfb71
11.103999	1ebda8
11.115432	1dfb63
11.124806	1dfb39
11.135591	1e9260
11.142541	1dfb71
11.148575	1dfb39
11.157590	1ea591
11.172411	1ea58a
11.182295	1dfb39
11.194180	1ce126bdc3be
11.206550	1e0880
11.216853	1e0855
11.225265	1e0880
11.236644	1e0855
11.248074	1e0880
11.254026	1e0cb9
11.268947	1e0880
11.280202	1e0880
11.294663	1e0880
11.308816	1e081f
11.317626	1e0880
11.325912	1e0880
11.335897	1e0880
11.344489	1e0880
11.355857	1e0880
11.361697	1e0cb9
11.372164	1e0880
11.377766	1e0b30
11.390975	1e0855
11.396233	1e0d5f
11.407119	1ce126bd9757
11.417655	1e0880
11.429870	1e0855
11.443001	1e0880
11.454326	1e0855
11.466200	1e0cb9
11.480500	1e0880
11.489864	1e086e
11.497691	1e0855
11.503915	1e0880
11.516599	1e0855
11.530521	1e0855
11.543112	1e0880
11.552336	1ce126bd97bc
11.564715	1e0880
11.572307	1e0855
11.586478	1e0855
11.593914	1e0b9d
11.604994	1e0880
11.610174	1e0855
11.619495	1e0855
11.632439	1e0880
11.643644	1ce126bd8709
11.655775	1ce126bd8806
11.664246	1ce126bd8896
11.679067	1ce126bd88b2
11.686675	1ce126bd8862
11.693033	1ce126bd88d1
11.705832	1ce126bd8837
11.717004	1ce126bd870f
11.724655	1ce126bd870f
11.732267	1ce126bd8862
11.747280	1ce126bdb560
11.754469	1dfb63
11.768099	1e0cde
11.781968	1dfb63
11.795675	1dfb63
11.809141	1dfb39
11.822847	1dfb39
11.830433	1dfde4
11.835879	1eb605
11.848924	1e9dc4
11.854372	1dfb63
11.862252	1dfb39
11.876223	1e379a
11.888704	1e1a06
11.894723	1e4fd2
11.905638	1e1956
11.912733	1e379a
11.922398	1ce126bda994
11.934819	1eb511
11.941731	1dfb41
11.950104	1dfb39
11.962621	1e379a
11.977395	1dfb71
11.986805	1e1484
11.998099	1dfb39
12.008282	1e1a06
12.014850	1dfec3
12.023711	1dfb39
12.030894	1dfb39
12.044251	1e9445
12.056838	1e386a
12.062519	1dfb63
12.073711	1e15b5
12.087270	1dfb39
12.096792	1dfb63
12.103290	1e379a
12.115110	1e9db2
12.121473	1dfb63
12.126713	1e1a06
12.132244	1e3871
12.143487	1dfb63
12.149809	1ce126bdc210
12.155699	1dfb63
12.168565	1dfb63
12.183190	1dfdb8
12.196759	1eb6f1
12.210975	1e1a0b
12.218065	1dfb39
12.223471	1ce126bda994
12.234903	1dfb39
12.244789	1ed88f
12.254809	1dfb39
12.267196	1ed825
12.275508	1dfb63
12.284597	1e1a06
12.293856	1e1f42
12.299817	1dfb63
12.309660	1dfb39
12.318932	1dff05
12.329995	1dfb63
12.340206	1dfb39
12.354590	1e379a
12.367335	1dfd9b
12.373945	1e1a1e
12.383928	1ebda8
12.398835	1dfb39
12.411978	1ebda8
12.421348	1e1a06
12.436333	1dfb39
12.445840	1eb5d5
12.456953	1dfb39
12.465180	1eb742
12.473915	1e15b5
12.485174	1e0072
12.497919	1ce126bdad30
12.507281	1e1a06
12.520881	1ce126bdb870
12.535487	1e00a0
12.550221	1e37ca
12.557206	1e1f37
12.568671	1dfb39
12.582131	1e0855
12.588563	1e0855
12.594925	1e0880
12.604692	1e0880
12.612439	1e0880
12.618722	1e0855
12.626739	1e0855
12.633743	1e0cbe
12.646408	1e0880
12.661058	1e0880
12.667425	1e0880
12.680621	1e0855
12.688015	1e0855
12.695085	1e0880
12.700866	1e0b50
12.713513	1e0855
12.722771	1e0855
12.737769	1e0880
12.751836	1e0c1e
12.765392	1e0855
12.779997	1e0855
12.787870	1e0880
12.798357	1e0880
12.808015	1e0880
12.816474	1e0cb9
12.826658	1ce126bdc3db
12.837035	1e0855
12.849992	1e0b50
12.863530	1e0855
12.872177	1e0855
12.877961	1e0880
12.884418	1e0880
12.891324	1e0880
12.902876	1e0727
12.912327	1e0855
12.917809	1e0880
12.929245	1e0a8e
12.938973	1e0880
12.948815	1e0880
12.954874	1e0cd0
12.962223	1e0aeb
12.974764	1e0880
12.981292	1e0880
12.993860	1e0880
13.004766	1e0880
13.013854	1e0882
13.024738	1e0880
13.033447	1e0880
13.039789	1e0855
13.054558	1e0880
13.067471	1e0880
13.076666	1e0855
13.082890	1e0880
13.091147	1ce126bdc3ae
13.103552	1e0880
13.113477	1e0880
13.127402	1e0855
13.136547	1e0cd0
13.151521	1ce126bd8896
13.158696	1ce126bd8806
13.164441	1ce126bd8896
13.172756	1ce126bd886f
13.183478	1ce126bd891b
13.197935	1ce126bd870f
13.211527	1ce126bd870f
13.224248	1ce126bd870f
13.234955	1ce126bd8709
13.247251	1dfebe
13.260132	1e1a06
13.267525	1ce126bdb560
13.277529	1e191b
13.289057	1e1484
13.299185	1e9268
13.309676	202929
13.322375	1e1599
13.333336	1ce126bdb560
13.339617	1ea80b
13.350574	1eaa51
13.357926	1dff05
13.364582	1dfb63
13.370065	1eb62b
13.380009	1dfb63
13.388986	1e955d
13.397106	1dfb63
13.405313	1dfb39
13.410659	1e1a06
13.422987	1ebcf0
13.428656	1ce126bdc0a1
13.439626	1dfb39
13.452693	1dfb05
13.458201	1ebdb5
13.466815	1ea7eb
13.472433	1dfa90
13.482840	1dfb39
13.490327	1e0395
13.503076	1dfb39
13.510529	1dfdc8
13.521003	1e1a06
13.529526	1e1599
13.543456	1dfde4
13.552987	1dff0b
13.565469	1dfb63
13.578088	1dfb39
13.587429	1e1a06
13.601828	1dfb39
13.607519	1dfb39
13.617863	1dfb39
13.627001	1e1a06
13.639333	1ebd8d
13.645044	1dfb39
13.656521	1dfb39
13.669132	1dfb63
13.676370	1e1a06
13.687588	1e379a
13.697189	1dfb71
13.709816	1e379a
13.720131	1dfb71
13.730988	1dfb63
13.737971	1e3832
13.749667	1e505f
13.758402	1e1a06
13.764813	1e929d
13.771611	1e386a
13.785496	1dfb39
13.797376	1eb84e
13.805917	1e1949
13.811640	1dfb39
13.823981	1dfdd5
13.839029	1dfb39
13.851864	1e1a06
13.861006	1ce126bda986
13.870977	1dfb39
13.884268	1e379a
13.898090	1eaa4a
13.908601	1dfb63
13.917215	1dfb39
13.925165	1e1a06
13.939548	1e1a06
13.952768	1e14b7
13.963316	1dfb39
13.971647	1dfb63
13.978867	1dfb63
13.992875	1dfdd5
14.003241	1e1e87
14.014711	1e1a06
14.021944	1ebd3c
14.030372	1dfb1c
14.036282	1e1a06
14.047128	1dfb39
14.058549	1ebd43
14.066374	1dfb39
14.079494	1dfb39
14.086701	1ebda8
14.093052	1dfb63
14.098697	1dfdac
14.111209	1dfb39
14.120408	1ce126bdb870
14.133993	1dfb39
14.146447	1dfb63
14.160149	1dfb39
14.169814	1dfb71
14.180775	1e9527
14.190094	1ebdaf
14.199777	1dfb39
14.206440	1dfe97
14.215208	1e93dd
14.227058	1e1f42
14.237395	1e15d6
14.248131	1e0038
14.258752	1dfb63
14.266069	1dfb39
14.273266	1dfb39
14.282091	1dfb63
14.295118	1dfb63
14.307299	1dfb63
14.314611	1e1a06
14.322558	1e0880
14.336058	1e0855
14.341573	1e0880
14.347438	1e0880
14.359073	1e0855
14.367562	1ce126bdc41b
14.380290	1ce126bd96d2
14.392071	1e0cb9
14.402926	1ce126bdc3c2
14.410141	1e0880
14.415453	1e0880
14.424489	1e0880
14.438903	1e0880
14.447791	1e0880
14.454458	1e0880
14.463876	1e0bdb
14.471050	1e0855
14.483210	1e085d
14.497953	1e0855
14.507960	1e0880
14.516115	1e0855
14.522507	1e0855
14.531969	1e0880
14.539861	1e0882
14.554618	1e0880
14.562445	1e0880
14.571602	1e0880
14.578484	1e0cbb
14.583863	1e0cb9
14.593842	1e0880
14.607282	1e0880
14.616589	1e0880
14.628018	1e0880
14.638729	1e0855
14.650939	1e0855
14.656364	1e0855
14.667863	1e0880
14.680455	1e0880
14.687745	1e0cd0
14.698672	1e0d39
14.709818	1e0cb9
14.719203	1e0880
14.732526	1e0855
14.743650	1e0855
14.754898	1e0880
14.765204	1e0d5f
14.771336	1e0880
14.777661	1f261e
14.791912	1e0b91
14.802308	1e0855
14.812036	1e0880
14.823953	1e0880
14.837962	1e0855
14.851355	1e0cb0
14.864937	1e075d
14.878227	1e0855
14.888257	1e0880
14.896345	1e0727
14.904824	1e0cd0
14.914862	1e0880
14.928586	1ce126bdc413
14.943628	1e0cd0
14.957262	1e0880
14.964554	1e0cb9
14.971927	1e0880
14.980760	1e0b9d
14.994825	1e0cb9
15.002057	1e0855
15.014894	1e0880
15.026267	1ce126bd8806
15.041055	1ce126bd8806
15.046447	1ce126bd8806
15.061387	1ce126bd870f
15.074693	1ce126bd8709
15.089043	1ce126bd86ee
15.096938	1ce126bd86ee
15.111095	1ce126bd870f
15.122003	1ce126bd8806
15.130596	1ce126bd8806
15.136789	1ce126bd870f
15.148045	1dfb39
15.155400	1dfb63
15.169766	1dfb39
15.180260	1dfb39
15.192516	1e1a06
15.205741	1dfb63
15.218753	1eb82a
15.228939	1dfb39
15.238218	1dfb39
15.249670	1ce126bdaddd
15.255871	1dfb39
15.263295	1eb5d5
15.273081	1dfb39
15.287132	1e9718
15.293763	1e379a
15.307395	1dfb39
15.321182	1dfb39
15.331742	1dfb63
15.340419	1dfb39
15.346501	1e03d2
15.356176	1dfb39
15.365043	1e1a06
15.376677	1e1a06
15.384855	1eb5d5
15.395051	1e9505
15.407160	1e1a06
15.414785	1dfb39
15.428950	1e1484
15.437633	1dfb39
15.447434	1dfb63
15.456600	1dfb39
15.470947	1e0d1b
15.485612	1e0cc7
15.496062	1dfb39
15.508424	1dfac1
15.519975	1eb605
15.526251	1e3863
15.540879	1dfb63
15.548437	1dfb63
15.556610	1dfaf4
15.562017	1e1a06
15.569092	1dfb39
15.574773	1e379a
15.588081	1e1a06
15.595988	1dfb63
15.607284	1dfdd5
15.620694	1e1a06
15.634974	1ea9a3
15.640765	1e1a06
15.646401	1ce126bdb258
15.656774	1ce126bdb386
15.663761	1dfb39
15.673330	1dfb63
15.683202	1e1a06
15.692102	1e1a06
15.704708	1eb570
15.718485	1dfb39
15.732456	1dfb39
15.740766	1ce126bdb382
15.749324	1dfb39
15.756612	1e379a
15.766182	1dfb39
15.777922	1dff05
15.792405	1dfdd5
15.804135	1e9417
15.810620	1dfb63
15.817302	1dfb39
15.828653	1e1a06
15.842682	1dfb39
15.849967	1dfb39
15.863253	1e1a06
15.871417	1e943a
15.876951	1dfb39
15.885069	1dfb39
15.894360	1dfb39
15.900979	1dfb63
15.912689	1e0cdc
15.925228	1e1484
15.938129	1dfb39
15.948328	1e1a06
15.959304	1dfb39
15.973930	1dfb39
15.983913	1e3863
15.997446	1eb84e
16.004827	1dfb63
16.012852	1e15b5
16.023513	1dfde4
16.036292	1dfb39
16.045956	1eb62f
16.059245	1eb6f1
16.067665	1dfb39
16.078048	1e1a06
16.088371	1dfb39
16.095135	1e1f03
16.106087	1dfb39
16.116204	1dfb39
16.125275	1e1a06
16.131449	1dfde4
16.145194	1eb86c
16.154707	1dfb39
16.161655	1dfb39
16.169151	1dfb39
16.182535	1dfb63
16.193496	1ce126bdb870
16.207924	1e3786
16.216564	1dfb39
16.230876	1ce126bdc076
16.244089	1dfb39
16.257616	1e03dd
16.272821	1ebda8
16.282389	1ce126bdaddd
16.289716	1dfb63
16.297966	1eb5d5
16.305453	1dfb39
16.314897	1e03d9
16.325857	1dfb63
16.336961	1e1a06
16.350105	1dfb39
16.356888	1dfb39
16.369596	1dfb39
16.377978	1e1a06
16.387046	1dfb39
16.398240	1e1a06
16.411256	1dfb39
16.422820	1e1a06
16.436628	1dfb71
16.444493	1ce126bdae12
16.455678	1dfb39
16.469117	1dfb63
16.482613	1e0855
16.494130	1e0855
16.500255	1e0880
16.512542	1e0855
16.525841	1e0855
16.536118	1e0880
16.541992	1e0880
16.555519	1e0880
16.570312	1e0880
16.584426	1e0cb9
16.592947	1e0cb9
16.603862	1e0855
16.614552	1e0880
16.628502	1e0880
16.642708	1e0855
16.654281	1e0880
16.663043	1e0855
16.669015	1e0880
16.678238	1e0855
16.683664	1e0880
16.691393	1e0855
16.700234	1e0880
16.713059	1e0727
16.721460	1e0855
16.734872	1ce126bd97c4
16.750031	1e0855
16.763695	1e0880
16.774599	1ce126bd9754
16.782839	1ce126bd9660
16.789080	1e0855
16.794933	1e0855
16.809104	1e0880
16.818053	1e085d
16.829093	1e0880
16.834641	1e0880
16.848704	1e0880
16.863200	1ce126bd967e
16.876139	1e0880
16.881598	1e0880
16.896571	1e0855
16.909173	1e0811
16.920761	1e0727
16.927890	1e0880
16.938458	1e0880
16.952783	1e0880
16.963953	1e0855
16.974522	1ce126bdc3b7
16.986654	1e0855
16.993007	1e0880
16.999977	1e0880
17.009169	1e0880
17.015379	1e0855
17.024699	1e0cb9
17.038851	1e0880
17.049977	1e0855
17.060126	1e0727
17.075047	1e0880
17.084363	1e0880
17.090386	1e0cd0
17.101916	1e0880
17.116961	1e0855
17.129042	1e0855
17.134710	1e0882
17.145925	1e0880
17.158876	1e0855
17.168573	1e0cb9
17.177828	1e0880
17.187598	1e0880
17.200093	1e0cb0
17.213998	1e0cd0
17.225022	1e0855
17.230421	1e0880
17.239766	1e0880
17.249563	1ce126bdc3c2
17.260035	1e0727
17.265917	1e0727
17.277416	1e0880
17.287597	1e0855
17.293970	1e0880
17.305178	1e0880
17.310874	1e0cb9
17.319682	1e0855
17.329481	1e0880
17.342136	1e0880
17.353734	1e0cb9
17.367259	1e0727
17.379239	1ce126bd8896
17.384782	1ce126bd88a0
17.394158	1ce126bd888f
17.401935	1ce126bd870f
17.409384	1ce126bd885e
17.419456	1ce126bd8709
17.433539	1ce126bd8862
17.439081	1ce126bd86f6
17.447557	1ce126bd8709
17.456650	1ce126bd8806
17.471706	1ce126bd870f
17.480433	1ce126bd88bf
17.485804	1ce126bd88a8
17.493580	1ce126bd870f
17.502359	1ce126bd86d0
17.517107	1eb5d5
17.528040	1dfb71
17.537957	1eb5d5
17.546033	1ed3e3
17.554247	1dfb39
17.566515	1eb5dd
17.573006	1dfb39
17.581898	1e1a06
17.590147	1dfb39
17.604081	1dfb39
17.618452	1dfde4
17.626886	1dfb39
17.633424	1ce126bdb560
17.643726	1e379a
17.649312	1ed895
17.659805	1dfb39
17.665163	1e379a
17.673080	1dfb39
17.678606	1dfdd5
17.691576	1e37a0
17.702314	1dff05
17.712761	1dfb39
17.723211	1e1a06
17.735131	1eb58b
17.746635	1e1a06
17.759824	1ebdaf
17.766772	1ce126bdb560
17.779939	1dfb39
17.792477	1e15b5
17.801481	1e948f
17.816515	1dfb63
17.827765	1dfb39
17.838715	1ce126bdc238
17.853769	1dfb39
17.864445	1dfb63
17.874166	1e0855
17.883958	1e0cb9
17.890780	1ce126bdc3db
17.903829	1e0880
17.917345	1e0855
17.932277	1e0880
17.940822	1e0727
17.955342	1e0cbb
17.966403	1e0727
17.980517	1f25fd
17.987109	1e0880
18.000862	1e0cb9
18.012030	1e0880
18.027020	1e0882
18.038790	1e0cb9
18.052199	1e0880
18.060880	1e0880
18.073962	1e0855
18.079859	1e0880
18.092566	1ce126bd8896
18.103001	1ce126bd86ee
18.113468	1ce126bd8709
18.119810	1ce126bd870f
18.126942	1ce126bd870f
18.134679	1e0b10
18.147032	1e1956
18.160138	1dfb39
18.166203	1e0cb9
18.173516	1e396a
18.181175	1ce126cd78ab
18.188592	1e0727
18.197399	1ce126bdb560
18.211522	1e0cde
18.219071	1e0880
18.227073	1dfb39
18.237316	1ce126bdaf07
18.248113	1e0cc7
18.258559	1e15b5
18.273111	1e0855
18.284554	1dfb39
18.290968	1e0cd0
18.303440	1e14b7
18.311525	1ce126bd9660
18.322018	1dff05
18.336558	1e0727
18.347380	1e379a
18.360319	1e0855
18.371342	1ce126bd8709
18.383651	1e1a06
18.397622	1e0cb0
18.404916	1ce126bd86ee
18.410160	1dfb39
18.417395	1e1a06
18.422619	1e0880
18.437156	1e379a
18.445312	1e379a
18.450868	1dfb39
18.464700	1e0cb9
18.478968	1dfb39
18.491635	1e0ab4
18.504331	1ce126bd8806
18.509603	1dff05
18.515640	1dfb63
18.528053	1e0880
18.540207	1ce126bd88ab
18.549127	1dff05
18.555319	1dfb63
18.560647	1e0c39
18.570281	1e0cb9
18.578979	1dfb39
18.586315	1dfb39
18.594532	1e379a
18.600380	1e0880
18.610880	1e0855
18.621083	1dfb39
18.628357	1e1484
18.636014	1e1949
18.644212	1e0b05
18.655004	1e0727
18.662427	1ce126bd870f
18.676819	1e1a06
18.688004	1e0880
18.699273	1e0880
18.711727	1e1a06
18.723085	1dfe14
18.732595	1e37e1
18.739338	1e0705
18.753846	1e0880
18.767481	1dfb39
18.778623	1e0855
18.787165	1e0880
18.796147	1ce126bd8806
18.810877	1e147f
18.823962	1e07fd
18.831168	1e0855
18.841928	1e0880
18.847439	1e3a06
18.856291	1dfb87
18.869698	1dfb39
18.884658	1e0aa4
18.896497	1dff9d
18.908963	1e1a06
18.922842	1e0cb0
18.931259	1e0880
18.942630	1e0880
18.948645	1ce126bd870f
18.957254	1dff05
18.969385	1e379a
18.980917	1e0855
18.992934	1e0882
19.007708	1dfb39
19.021715	1ea030
19.030539	1e0727
19.042407	1e0855
19.056944	1dfb39
19.065106	1e1a06
19.075019	1e1a06
19.087695	1e0855
19.095892	1e0880
19.106627	1e0880
19.111961	1e0855
19.117283	1dfb39
19.130318	1e0cb0
19.144222	1e379a
19.152042	1e0855
19.160689	1e0880
19.175255	1e0cd6
19.184443	1e1a06
19.196454	1dfb39
19.209022	1dfb63
19.219207	1e0855
19.233845	1e0880
19.242386	1e0cb9
19.250344	1e1a06
19.255705	1e9445
19.263725	1e038a
19.275563	1dfac8
19.285222	1e0855
19.300373	1e0cb0
19.314248	1dfb39
19.325652	1dfb39
19.335773	1e379a
19.350281	1e0cd0
19.359467	1e0880
19.371579	1e0829
19.382820	1ea0f4
19.391264	1ea09a
19.405331	1e1a06
19.418571	1e0880
19.426475	1e0727
19.433631	1e0c1a
19.440383	1e0880
19.448855	1ce126bd8862
19.457867	1e1a06
19.472637	1e9302
19.485189	1dfde4
19.493821	1e0882
19.506683	1e0880
19.516370	1ce126bd9721
19.525582	1ce126bd8862
19.540315	1dfb63
19.548588	1dfb39
19.554461	1e0cb0
19.562137	1e15b5
19.571326	1e0727
19.581910	1e0cd0
19.593262	1ce126bd8806
19.602378	1ea023
19.617227	1dff05
19.627829	1e1a25
19.642938	1e0bf7
19.657784	1e0855
19.666564	1e0855
19.674263	1ce126bdaed6
19.685459	1e0ced
19.693132	1dff05
19.701034	1dfb63
19.709915	1e9fed
19.720879	1e0880
19.731294	1e0cd0
19.742222	1e0880
19.750000	1e0880
19.757241	1e0880
19.771201	1ce126bdae12
19.785800	1e379a
19.791448	1e038a
19.801114	1dfd9b
19.810010	1ea10f
19.820844	1e0855
19.829149	1e0880
19.841695	1e0855
19.854099	1e1a06
19.866442	1dfb39
19.876892	1e0cb0
19.884171	1e1a06
19.896381	1e379a
19.909959	1e0855
19.916003	1e0727
19.922656	1e0880
19.929777	1e0880
19.943719	1ce126bd8806
19.956381	1e379a
19.963316	1e1a06
19.972655	1e3780
19.982143	1ce126bdae91
19.993386	1e0727
20.004864	1e0880
20.014119	1e0880
20.019761	1e0855
20.032758	1ce126bd870f
20.046524	1e379a
20.061324	1dfb39
20.069475	1dfb39
20.080141	1ce126bdc060
20.090156	1e0727
20.099619	1e0cb0
20.111213	1e0cb9
20.125612	1ce126bd8896
20.140605	1e1635
20.152361	1e379a
20.161734	1dff05
20.168915	1dfb39
20.177667	1e0705
20.188030	1e0880
20.196813	1e0855
20.206248	1e0855
20.220535	1dfb39
20.228123	1dfb39
20.242531	1dfb39
20.251316	1dfb90
20.262068	1e0880
20.271422	1e0855
20.285721	1e0855
20.294081	1e0880
20.305961	1e14b7
20.314201	1dfb39
20.320939	1e9f5b
20.330935	1ce126bdc06a
20.337357	1e3eae
20.347308	1dff05
20.354095	1e0855
20.361254	1e0880
20.368715	1e0880
20.383328	1e0880
20.396242	1ce126bd9660
20.409211	1e379a
20.421609	1dfb63
20.430349	1ea00b
20.442751	1e1484
20.453388	1e0880
20.458871	1e0727
20.465059	1e0855
20.477287	1e0880
20.490067	1e0d1c
20.503942	1dfb3d
20.512314	1dfb39
20.522861	1dfb63
20.533317	1e379a
20.544740	1e0880
20.551344	1e0855
20.556917	1ce126bd966c
20.569086	1ce126bd9660
20.581790	1e0880
20.590533	1ce126bdaed6
20.600646	1e38d6
20.611584	1e9417
20.619941	1dfb39
20.632814	1e0cb0
20.644479	1e0bf7
20.653338	1e0855
20.662460	1e0880
20.668118	1e0855
20.681609	1e0cc7
20.688429	1ce126bd8862
20.696454	1e37ce
20.702299	1dfb39
20.715073	1dfb39
20.726868	1e379a
20.734535	1e379a
20.745476	1dfb39
20.758063	1e0855
20.772245	1e0880
20.786963	1e0bf7
20.799299	1ce126bd86e9
20.813066	1e1a06
20.825834	1e379a
20.837842	1e15b5
20.851948	1e0727
20.862113	1e0855
20.873733	1e0855
20.883449	1e0727
20.890294	1ce126bd8806
20.896413	1dfb39
20.909571	1e379a
20.924691	1e1a06
20.930100	1e379a
20.942690	1e0cb9
20.949967	1e0880
20.956107	1e0880
20.967266	1e0855
20.978358	1e0855
20.991046	1ce126bd870f
21.003563	1e15b5
21.013611	1dfb39
21.028573	1e9fd9
21.040301	1dfb71
21.049035	1dfb63
21.056037	1dfb39
21.065038	1e0cb9
21.072446	1e0855
21.084043	1e0880
21.092166	1e0880
21.100597	1e0880
21.112714	1e0880
21.122494	1e0880
21.137567	1e1635
21.151101	1e1a06
21.161099	1e1484
21.170600	1e1a06
21.184126	1e193e
21.190602	1dfde4
21.199669	1e0c28
21.211502	1e0855
21.218321	1e0bf7
21.231776	1e0880
21.238034	1e0855
21.246658	1e0cb9
21.257217	1ce126bd8806
21.270357	1dfb39
21.280080	1dfb39
21.294090	1ce126bda9d1
21.304265	1dfb39
21.314386	1e9fd9
21.322074	1e379a
21.333102	1e0b10
21.346327	1e07bf
21.361459	1e074f
21.373169	1e0880
21.379630	1e0cb0
21.388787	1ce126bd88b2
21.399797	1dfb39
21.410593	1dfde4
21.421626	1dfb63
21.430143	1e1a06
21.444070	1e9f68
21.453534	1e1a06
21.467466	1e0880
21.482591	1e0855
21.494787	1e0b5f
21.504555	1ce126bd8862
21.518482	1dfb39
21.524329	1dfb39
21.535749	1dfb39
21.542216	1dfb1c
21.551797	1dff05
21.561670	1dfb39
21.572735	1dfb39
21.581455	1e0880
21.593882	1e0880
21.608958	1e0cb0
21.617901	1e0880
21.627244	1e0880
21.634882	1ce126bd870f
21.646631	1e1a06
21.654727	1e3e73
21.668321	1e379a
21.683375	1dfb39
21.695148	1e1a06
21.702384	1e0880
21.709528	1e0880
21.723364	1e0855
21.729929	1e0880
21.737230	1e0880
21.746347	1e0bf7
21.757279	1ce126bd8709
21.770059	1dfb39
21.777171	1dfb39
21.787705	1dfb39
21.796143	1e379a
21.808772	1e1635
21.822395	1e0855
21.834303	1e0880
21.848094	1e0880
21.855768	1e074f
21.867127	1e0bf7
21.878870	1dfb39
21.892178	1ce126bdaddd
21.898262	1e1a06
21.904947	1e1a06
21.911858	1dfb39
21.921742	1dfe97
21.927871	1dfb39
21.943069	1e0880
21.952801	1e0880
21.960785	1e0855
21.973706	1e0880
21.985834	1e0880
21.991261	1e0880
22.001869	1dfb39
22.016471	1dff05
22.029389	1dfb39
22.039493	1dfb39
22.048567	1dfb63
22.054908	1e379a
22.066067	1e0cb0
22.071651	1e0855
22.078469	1e0cb0
22.091328	1e0880
22.100636	1e0cd0
22.115134	1e0727
22.121031	1e0cb0
22.128291	1ce126bd8896
22.141594	1e1a06
22.151333	1e0cb0
22.160837	1dff05
22.174869	1dfb39
22.182217	1dfde4
22.190935	1e3eae
22.200740	1dfb39
22.208572	1e0880
22.220968	1e0855
22.235266	1e0bf7
22.248528	1e0855
22.257900	1e0bf7
22.269802	1ce126bd870f
22.275830	1e1a06
22.287589	1e37e7
22.296555	1e19bb
22.303771	1dfdac
22.313763	1e379a
22.326385	1e379a
22.338914	1e0880
22.347080	1e0cb0
22.358040	1e0855
22.371354	1e0cb9
22.376757	1e0855
22.385970	1e0cb0
22.391345	1e0880
22.398176	1ce126bd870f
22.410882	1dfb39
22.416751	1e1635
22.425198	1e396a
22.434778	1dfd9b
22.441380	1dfb3d
22.451858	1dff7c
22.459147	1dfb39
22.471737	1e0880
22.485934	1e0855
22.497198	1e0855
22.506621	1e0855
22.519112	1e0cb0
22.528158	1ce126bd8709
22.541881	1e9fc6
22.550288	1dfb39
22.559177	1e397d
22.569354	1ce126bdae7d
22.577932	1dfb39
22.591272	1dfb63
22.602728	1e0bf7
22.611970	1e0cb0
22.621215	1e0880
22.628860	1e0880
22.642065	1e086e
22.655060	1e0727
22.667878	1ce126bdaed6
22.673160	1e1a06
22.684982	1ce126bd8748
22.694593	1e9fcd
22.705378	1dfb63
22.711103	1dfb39
22.717468	1dfb39
22.732055	1ce126bdae57
22.746352	1ce126bdc3c2
22.757535	1e0855
22.772422	1e0880
22.784844	1e0880
22.799560	1e1622
22.812162	1e15b5
22.818243	1dfb17
22.832122	1dfb39
22.842750	1e3eae
22.856376	1e379a
22.867930	1e0727
22.874959	1e0880
22.880987	1e0880
22.887107	1e0880
22.893826	1e0855
22.901005	1e0cb0
22.908106	1e0727
22.916953	1e0727
22.930445	1e1a06
22.945096	1dfb39
22.954311	1e1602
22.961212	1dfb63
22.969704	1dfb39
22.975056	1e379a
22.983905	1dfb39
22.991177	1e0cb0
22.999729	1e0d5f
23.012959	1e0855
23.018476	1e0cb9
23.028688	1ce126bd96e6
23.041937	1ce126bd870f
23.047461	1e1a06
23.060421	1dff9d
23.074106	1e379a
23.088594	1e379a
23.101496	1ea578
23.112071	1dfb39
23.121117	1eb62b
23.128291	1e9ddd
23.138520	1dfaf7
23.144666	1dfb39
23.154606	1dfb63
23.165178	1ce126bdaad6
23.175849	1ebced
23.183473	1e1a06
23.195125	1f25ef
23.204699	1e0880
23.210203	1e0880
23.219258	1e0880
23.233877	1e0cb0
23.245053	1e0855
23.252448	1e0880
23.263937	1e0855
23.278589	1e0880
23.291864	1e0cd0
23.298184	1e0855
23.310509	1ce126bd967e
23.318149	1e0880
23.331619	1ce126bd86fa
23.339336	1ce126bd86df
23.345908	1e379a
23.358302	1e383c
23.369652	20294d
23.380180	1dfb39
23.388907	1eb5ef
23.402130	1eb592
23.411442	1e274c
23.422663	1dff05
23.431390	1dfb39
23.438531	1e19e0
23.448648	1eb511
23.461091	1ed29f
23.471796	1e15b5
23.480640	1e1a06
23.486745	1dfb39
23.492289	1dff24
23.503799	1e1a06
23.515546	1dfb41
23.522330	1e379a
23.527775	1eb860
23.534004	1ebd7c
23.545034	1dfb39
23.551092	1dff05
23.566247	1dfb39
23.572031	1dfb39
23.582647	1ea544
23.591573	1e379a
23.600664	1dfb39
23.607211	1e942a
23.613518	1ea591
23.626786	1e1a06
23.637466	1e1a06
23.649956	1dfb39
23.657488	1dfb39
23.663821	1e1964
23.669723	1e0880
23.677905	1e0882
23.688777	1f2614
23.694989	1e0cb9
23.701514	1e0880
23.714345	1e0880
23.724702	1e0880
23.737563	1e0b30
23.743907	1e0727
23.750821	1e0880
23.759384	1e0855
23.766953	1e0bf7
23.778145	1e0855
23.785958	1e0855
23.791387	1e0880
23.796599	1e0880
23.805083	1e0855
23.815042	1e0855
23.828415	1e0880
23.838890	1e0880
23.847392	1ce126bdc413
23.859204	1e0855
23.866035	1ce126bdc3db
23.878493	1e0cd0
23.892037	1e0806
23.901687	1e0727
23.910177	1ce126bd8806
23.918607	1ce126bd8806
23.927241	1ce126bd8864
23.941037	1ce126bd870f
23.952385	1ce126bd8806
23.966684	1ce126bdb560
23.976908	1dfb63
23.990075	1e9521
24.003630	1fb747
24.018046	1e1a06
24.024269	1ce126bda97f
24.031459	1dfb39
24.037492	1eb570
24.044553	1dfb63
24.056545	1dfb39
24.062227	1dfb39
24.075015	1dfb39
24.081785	1e379a
24.089049	1dfb39
24.098613	1e4fd2
24.110857	1eb633
24.118334	1e3871
24.128965	1dfb71
24.140680	1dff05
24.147112	1e15b5
24.155749	1eb599
24.164439	1e379a
24.171855	1dfb39
24.177348	1dfb39
24.184914	1e93dd
24.196013	1dfb41
24.204197	1dfb39
24.219764	1e15b5
24.232335	1e379a
24.240344	1ea7d0
24.253309	1dfb39
24.258711	1dfb39
24.272123	1eb5ef
24.277519	1eb5d5
24.283123	1dfdd5
24.292316	1dfb39
24.299101	1dff05
24.307052	1eb877
24.318863	1dfb63
24.330938	1e379a
24.342847	1e1a06
24.349541	1f6de1
24.359938	1e0cdc
24.375140	1dfb39
24.390182	1ce126bdc178
24.404474	1e379a
24.417585	1dfb39
24.431496	1ce126bda970
24.440530	1dfd9b
24.454048	1dfb39
24.462006	1dfb39
24.474188	1ea6fd
24.481362	1dfb39
24.491985	1dfb39
24.505521	1e1a06
24.517265	1e93dd
24.523819	1dfb39
24.531842	1e1a06
24.538059	1e0880
24.547777	1e0880
24.558570	1e0727
24.570854	1e0d5f
24.578383	1e0880
24.586946	1e0855
24.599582	1e0880
24.609063	1e0880
24.615703	1e0cd7
24.630251	1e0727
24.641951	1e0d39
24.653414	1e0880
24.665758	1e0727
24.675424	1e0b5f
24.681144	1e086b
24.687414	1e0880
24.698459	1e0880
24.704088	1e0880
24.710894	1e0855
24.720975	1e0880
24.731086	1e0855
24.740508	1e0880
24.754902	1e0855
24.765943	1e0880
24.779151	1e0877
24.792103	1e0855
24.798190	1e0bf7
24.808237	1ce126bd9793
24.822698	1e0880
24.834548	1ce126bd976a
24.839975	1e0882
24.850567	1e0cb0
24.856812	1ce126bd973d
24.870073	1e0880
24.881444	1e0880
24.896372	1e0727
24.907759	1e0855
24.918874	1e0bf7
24.933065	1e0880
24.938775	1ce126bd8862
24.949737	1ce126bd8896
24.955470	1ce126bd8806
24.964292	1ce126bd870f
24.971900	1ce126bd86ee
24.979001	1ce126bd8896
24.989821	1ce126bd8825
25.004392	1ce126bd870f
25.011524	1dfb39
25.019414	1dfb39
25.032597	1e1a06
25.047367	1ed3cd
25.058728	1e15b5
25.064827	1ce126bdb304
25.074990	1dff05
25.089521	1eb6be
25.104247	1dff05
25.113706	1e1a06
25.123052	1e0cb0
25.137322	1e955d
25.143048	1e379a
25.157038	1e1a06
25.167613	1ce126bdaddd
25.181234	1dfb39
25.194466	1e1a06
25.200991	1dfb39
25.212537	1dfb39
25.222378	1dfb63
25.230089	1dfb39
25.237945	1dfb39
25.249311	1dfde4
25.255812	1dfb39
25.264345	1dfb39
25.271847	1dfb63
25.280317	1dfb39
25.287537	1e15b5
25.297057	1dfb39
25.306257	1dfb39
25.318163	1dfb63
25.327564	1eb750
25.340884	1e0cb0
25.346833	1dfb39
25.357420	1e1529
25.370818	1e379a
25.381159	1e37ef
25.391654	1dfb39
25.401618	1dfb39
25.408996	1ce126bdb376
25.423871	1ba254
25.432126	1ed353
25.446240	1ea80b
25.460930	1dfb63
25.468716	1dfde4
25.476892	1dfb39
25.485443	1dfb39
25.492607	1dfb39
25.502414	1dfb63
25.512277	1eb511
25.522625	1dfb41
25.534175	1e1a06
25.547166	1e1a06
25.555728	1dfb63
25.569575	1ce126bdaf07
25.583798	1e1a06
25.590668	1ce126bdae45
25.601453	1e1a06
25.608812	1dfb39
25.620769	1e03d2
25.631793	1dfb63
25.640346	1e9d9e
25.650011	1dfe86
25.655629	1e1a06
25.664640	1dfb63
25.673919	1eb5b9
25.683312	1dfb63
25.694946	1e9302
25.709571	1dfb39
25.722464	1dfb39
25.731725	1dfb63
25.744923	1dfb39
25.759892	1eb6ac
25.768971	1e1a06
25.781197	1dfb39
25.787113	1dfb39
25.797319	1dfb63
25.803690	1e0880
25.818156	1e0880
25.827260	1e0855
25.836785	1e0880
25.851523	1e0855
25.863437	1e0855
25.877492	1e0880
25.892163	1e0cd0
25.904172	1e0880
25.913497	1e0882
25.928056	1e0880
25.934560	1e0855
25.946909	1e0880
25.958295	1e0880
25.965316	1e0855
25.971877	1e0882
25.982499	1e0880
25.992998	1e0880
26.004643	1e0880
26.010931	1e0880
26.016315	1e0880
26.021541	1e0880
26.032597	1e0855
26.038386	1e0727
26.053097	1e0880
26.060237	1ce126bd967e
26.068517	1e0880
26.080075	1e0855
26.086344	1ce126bd96a8
26.096495	1e0855
26.106507	1e0880
26.120323	1e0855
26.126623	1ce126bd977f
26.133597	1e0880
26.139413	1e0880
26.149912	1e0880
26.160171	1e0727
26.168739	1e0880
26.180234	1e0880
26.187738	1e0880
26.201072	1e0880
26.206454	1e0855
26.217631	1e0880
26.227822	1e0727
26.241529	1e0855
26.247113	1e0855
26.253438	1e0880
26.267057	1ce126bdc3db
26.273709	1e0880
26.288820	1e0880
26.301775	1e0aeb
26.307867	1e0855
26.322721	1e0d5f
26.333671	1ce126bdc3c2
26.342633	1e0727
26.354308	1e0880
26.363296	1e0880
26.377511	1ce126bd8806
26.387826	1ce126bd8806
26.395699	1ce126bd8806
26.406552	1ce126bd8806
26.421032	1ce126bd887f
26.435285	1ce126bd8806
26.447403	1ce126bd870f
26.457835	1ce126bd8806
26.471663	1e1a06
26.478479	1dfb63
26.491188	1e1a06
26.503243	1eb770
26.509232	1e9302
26.517799	1e37a1
26.530582	1eb61e
26.536174	1dff05
26.547024	1ce126bdb560
26.552927	1dfb41
26.565015	1ce126bd9660
26.573011	1dfb39
26.578811	1dfb39
26.592133	1e1a06
26.598627	1e379a
26.604511	1dfb39
26.613994	1dfb39
26.623840	1ebd35
26.629256	1dff05
26.640245	1dfd9b
26.653592	1e379a
26.668420	1e378a
26.678650	1dfb39
26.691063	1eb574
26.705713	1e379a
26.720658	1e379a
26.735300	1ce126bdc174
26.745670	1dfb39
26.754729	1dfb39
26.767387	1dfa90
26.779034	1dfb39
26.787507	1e15b5
26.802528	1e3780
26.809537	1dfb39
26.824315	1e9e2a
26.833623	1dfb63
26.839501	1dfb39
26.849951	1e1a06
26.861239	1dfb63
26.872816	1dfb3d
26.887010	1e379a
26.900930	1e92ae
26.909553	1e15b5
26.924209	1dfb71
26.935310	1e1a06
26.943608	1dfb39
26.952226	1e150a
26.964952	1dfb39
26.974786	1ce126bdb042
26.988369	1dfb39
27.001999	1ce126bda986
27.011450	1e9417
27.023300	1e1a06
27.033557	1dfb39
27.046235	1dfb39
27.057238	1e9ddd
27.065489	1dfdac
27.074285	1e37db
27.087117	1dfb39
27.101888	1e1a06
27.116742	1dfb63
27.125925	1dfb39
27.133738	1e1a06
27.140846	1eb681
27.151156	1e501d
27.161242	1dfb63
27.169777	1e1a06
27.180500	1dfb63
27.190798	1dfb63
27.204241	1ed805
27.214918	1dfb63
27.226959	1dfb63
27.235037	1dfb71
27.247731	1ce126bdc238
27.262359	1e379d
27.275474	1dfb39
27.288459	1ce126cd810a
27.302392	1dfb39
27.315807	1eb616
27.325808	1ebd0c
27.333144	1dfb63
27.344524	1e1a06
27.349845	1e9318
27.361067	1dfb39
27.373550	1e505b
27.381135	1dfb39
27.395923	1e15b5
27.410487	1dfb34
27.416394	1e9260
27.423481	1dfb39
27.435893	1e1a06
27.442304	1dfb39
27.452088	1e1484
27.463463	1e1a06
27.478272	1e1a06
27.491790	1e0cbb
27.501292	1e0880
27.514715	1e0880
27.524311	1e0855
27.538829	1e0855
27.549862	1e0cb9
27.555962	1e0880
27.566663	1e0880
27.580578	1e0855
27.595340	1e0855
27.606519	1e0855
27.620816	1e0855
27.632021	1e0880
27.637403	1ce126bd96d2
27.649110	1e0855
27.660277	1e0d39
27.670724	1e0855
27.685752	1e0880
27.695732	1e0880
27.701387	1ce126bd967e
27.709107	1e0727
27.720646	1e0880
27.733204	1e0880
27.739899	1ce126bd966d
27.749835	1e0855
27.756197	1e0855
27.763606	1e0855
27.770224	1e0855
27.782133	1e0855
27.796894	1e0880
27.805221	1e0880
27.817190	1e0855
27.827340	1e0855
27.835570	1e0855
27.841632	1e0cd0
27.856210	1e0d5f
27.862559	1e0754
27.876779	1e0882
27.885419	1e0880
27.891570	1e0855
27.903271	1e0880
27.917200	1e0855
27.928149	1e0cd0
27.938582	1e086e
27.947297	1e0880
27.954222	1e0855
27.964459	1e0880
27.977973	1e0727
27.987595	1e0855
27.993928	1e0cd0
28.001078	1ce126bd9675
28.007736	1e0b50
28.015270	1e0880
28.029534	1e0727
28.040161	1e0880
28.046327	1e070f
28.054699	1e0855
28.067054	1e0727
28.081388	1e0855
28.089413	1e0880
28.102128	1e0855
28.109061	1e0880
28.119671	1e0855
28.125777	1e0880
28.136188	1e0cb0
28.147588	1e0855
28.156877	1e0cb9
28.165529	1e0855
28.173170	1e0855
28.180558	1ce126bd8896
28.188661	1ce126bd881c
28.198912	1ce126bd8896
28.208396	1ce126bd8862
28.222536	1ce126bd870f
28.229319	1ce126bd8709
28.240348	1ce126bd8862
28.252351	1ce126bd870f
28.259511	1ce126bd870f
28.271013	1ce126bd870f
28.283706	1ce126bdaf07
28.294386	1dfb39
28.307359	1dfb39
28.315693	1dff05
28.322756	1e1a06
28.329691	1dfb39
28.343178	1dfb63
28.356086	1dfb63
28.365458	1dfb39
28.373237	1dfb39
28.381365	1e9260
28.396222	1e379a
28.402040	1eb65e
28.408286	1dfb39
28.414165	1dfb63
28.428888	1dfb39
28.440664	1dfb39
28.446240	1e379a
28.451980	1e5043
28.463136	202a00
28.469488	1dfb63
28.475652	1dfb63
28.485689	1e9d34
28.500740	1e379a
28.513169	1dfb39
28.520606	1dfb39
28.534344	1dfb39
28.547300	1dfb63
28.557099	1e1a06
28.567206	1eb5f3
28.580238	1e379a
28.589325	1e379a
28.598546	1ce126bdb560
28.605406	1dfec3
28.612619	1eb566
28.620843	1ed2f7
28.631893	1dfb39
28.644658	1dfd9b
28.654858	1dfb39
28.668161	1ce126bdb382
28.674360	1dfb39
28.689410	1dfb39
28.698970	1e3858
28.711594	1dfb63
28.724783	1dfb39
28.731677	1dfb63
28.746399	1dfb63
28.752929	1dfb39
28.767422	1eb5d5
28.780128	1dfb63
28.792478	1dfb39
28.807284	1dfb39
28.818414	1e1a06
28.832981	1eb58e
28.847553	1e379a
28.858327	1ce126bda986
28.872934	1e9d63
28.887891	1dfb39
28.898463	1dfb39
28.911532	1dfb39
28.917975	1ce126bdb36e
28.928025	1e379a
28.940752	1e1a06
28.948487	1dfb39
28.963048	1dfb63
28.970141	1e1a06
28.979028	1dfb39
28.987111	1e379a
28.997454	1dfb39
29.008133	1e00a7
29.013822	1dff6f
29.025485	1e0d1b
29.040619	1ebd54
29.052816	1dfb63
29.060509	1dfb39
29.072868	1dfb71
29.087787	1dfb71
29.097422	1dfb39
29.103348	1ce126bdb36e
29.110193	1eb51a
29.121134	1dfb39
29.129063	1ce126bdaec2
29.134464	1ce126bdaed2
29.148489	1dfa90
29.156278	1dfd9b
29.167742	1dfb39
29.173155	1eb605
29.181486	1e1a06
29.189030	1dfdac
29.202435	1e1a06
29.212163	1dfb63
29.224201	1dfb39
29.233104	1dfb39
29.240250	1dfb63
29.245913	1e37ce
29.251860	1dfb63
29.261290	1e1a06
29.267298	1eb6be
29.277529	1e9d4f
29.284183	1dfb39
29.289895	1dfb63
29.297123	1dfb63
29.308675	1ce126bdb3b0
29.321685	1ce126bdb3a1
29.334108	1dfb39
29.346648	1ce126bda986
29.354665	1e15b5
29.363376	1dfb63
29.374175	1dfb63
29.383816	1dfb63
29.398044	1ce126bda970
29.403436	1dfb39
29.412548	1dfb63
29.427376	1dfb39
29.438019	1e1a1b
29.450557	1dfb39
29.461781	1e1484
29.472154	1e1a06
29.479614	1dfb39
29.485910	1dfde4
29.500194	1e00a0
29.507315	1dfb63
29.518960	1dfb39
29.524443	1ce126bdc210
29.530475	1e1a06
29.536964	1e1a06
29.550116	1e379a
29.563541	1e1a06
29.575822	1dfb39
29.588241	1dfb39
29.595362	1e0880
29.603757	1e0855
29.610661	1e0855
29.622120	1e0bf7
29.635111	1e0880
29.649252	1e0880
29.662753	1e0880
29.673065	1e0855
29.681564	1e0855
29.695209	1ce126bdc3b3
29.707722	1e0cd0
29.722480	1e0880
29.733901	1e0880
29.740943	1e0880
29.754328	1e0855
29.762727	1e0855
29.769987	1e0727
29.775322	1e0855
29.783528	1e0855
29.797372	1e0880
29.811384	1e0880
29.818885	1e0d39
29.830062	1e0880
29.838740	1e0855
29.853212	1e0855
29.867277	1e0855
29.880000	1e0705
29.888390	1ce126bd97bc
29.902947	1e06e0
29.913820	1e0855
29.926944	1e0855
29.937812	1e0880
29.944350	1e0880
29.952121	1e0cd0
29.960632	1e0880
29.975704	1e0880
29.981963	1e0880
29.994695	1e0880
30.004546	1e0880
30.011057	1e0cd0
30.018153	1e0880
30.031011	1e0880
30.041150	1e0855
30.051571	1ce126bd972f
30.066675	1e0855
30.081147	1e0855
30.090020	1e0c1e
30.099058	1e0d31
30.113243	1e0855
30.120255	1e0bed
30.126230	1e0d32
30.137147	1e0855
30.148397	1e0880
30.155854	1e085d
30.162611	1e0880
30.168611	1e0cd0
30.176907	1e0880
30.188838	1e0880
30.202826	1e0cd0
30.215826	1e0cb9
30.224831	1e0855
30.233128	1e0727
30.245588	1e0880
30.260598	1e0a8e
30.274595	1e0bf7
30.284870	1e0880
30.291051	1ce126bd96c2
30.304638	1e0a8e
30.310408	1e0880
30.316972	1e0880
30.331918	1e0cd0
30.337281	1e0cb0
30.346395	1e0cd0
30.353845	1e0cb0
30.360816	1e0880
30.373713	1e0855
30.381673	1e0880
30.392825	1e0880
30.405394	1e074f
30.417676	1e0cb9
30.427640	1e0880
30.437538	1ce126bd8806
30.451908	1ce126bd8806
30.464454	1ce126bd8862
30.475394	1ce126bd870f
30.487214	1ce126bd8862
30.494647	1ce126bd8709
30.502299	1ce126bd886f
30.513826	1ce126bd870f
30.523021	1ce126bd8821
30.531622	1ce126bd8806
30.536814	1ce126bd88b6
30.543153	1ce126bd88ab
30.553970	1ce126bd870f
30.561763	1ce126bd870f
30.570423	1dfb39
30.578602	1eb5e9
30.592703	1dfb39
30.607536	1e379a
30.621300	1dfb63
30.626981	1dfb39
30.635956	1dfb63
30.645189	1dfb39
30.652832	1e15b5
30.659398	1e379a
30.671192	1dfb39
30.685898	1dfb39
30.695984	1e5046
30.707493	1dfb39
30.716901	1e1a06
30.727623	1dff05
30.738227	1dfde4
30.749460	1ce126cd7932
30.758953	1ce126bdb386
30.768271	1e379a
30.782127	1dfb39
30.789516	1eb5a0
30.801916	1e1616
30.812201	1e9417
30.823717	1e1a06
30.835872	1eb6df
30.847331	1dfb39
30.862033	1dfdd5
30.870815	1dfe66
30.884758	1dfb39
30.897477	1e379a
30.905523	1e9445
30.916669	1e1a06
30.925521	1eb791
30.933656	1ce126bdc060
30.946775	1dfb39
30.958850	1e1a06
30.970544	1ebdaf
30.978957	1dfb63
30.991618	1e37c0
31.001693	1dfca5
31.014329	1dfb39
31.024646	1eb879
31.036083	1dfb39
31.047576	1e1a06
31.055775	1ce126bdb3a5
31.061856	1ce126bdaddd
31.068595	1dfb39
31.078358	1ce126bdc0bf
31.086414	1e93dd
31.099654	1e1a06
31.108835	1e1a06
31.114820	1e15b5
31.127343	1dfb63
31.133715	1dfb39
31.141053	1ce126bdb382
31.150940	1e379a
31.165828	1e0cb0
31.171851	1eb5b9
31.179515	1e95ac
31.186084	1dfb39
31.200498	1ce126bdc1c0
31.214150	1eb625
31.227663	1ce126bdae71
31.237340	1e948f
31.249906	1e1a06
31.257148	1e1a06
31.262779	1dfb39
31.271143	1dfb17
31.281397	1dfb39
31.293720	1dfb39
31.304001	1e19d8
31.315120	1eb5d5
31.324753	1ce126bdc064
31.334468	1e15f8
31.340125	1dfb39
31.355328	1dfb63
31.360674	1dfb39
31.372352	1dfb39
31.386909	1e9d7f
31.392351	1ea549
31.407193	1ce126bdc076
31.412543	1e1a06
31.418779	1e1a06
31.432688	1ce126bdc3db
31.441213	1ce126bd975a
31.453274	1e0880
31.460354	1e0880
31.471549	1e0855
31.482941	1e0855
31.491021	1e0880
31.502226	1e0855
31.510888	1e0cc7
31.521523	1e0855
31.526816	1e0705
31.538342	1f25ef
31.550619	1e0855
31.560290	1e0880
31.575343	1e0d65
31.588529	1e0855
31.598774	1e0880
31.605243	1e0880
31.611751	1e0855
31.622191	1e0880
31.627750	1e0855
31.636869	1ce126bd977f
31.644463	1e0880
31.658440	1e0cd0
31.670874	1e0880
31.680560	1e0855
31.695321	1e0880
31.710378	1e0855
31.721770	1e0880
31.735381	1e0855
31.748375	1e0880
31.754193	1e0882
31.760128	1e086b
31.766597	1e0880
31.780130	1e0855
31.794429	1e0855
31.806204	1e0880
31.813981	1ce126bd9762
31.826299	1e06ef
31.831487	1e0d5f
31.843866	1e0880
31.853240	1e083f
31.860193	1e0855
31.866668	1e0880
31.874841	1e0ab4
31.888010	1e0855
31.894601	1e0880
31.900587	1e0880
31.907191	1e0ce5
31.915139	1e0cb9
31.930108	1e0880
31.945162	1e0855
31.955158	1e0844
31.969111	1e0880
31.979850	1ce126bd8806
31.986446	1ce126bd8806
31.992622	1ce126bd8806
31.998365	1ce126bd8806
32.008292	1ce126bd8862
32.016456	1ce126bd8878
32.027604	1ce126bd875f
32.037666	1ce126bd8896
32.050077	1ce126bd870f
32.061333	1e379a
32.071555	1dff9d
32.084600	1e9318
32.090995	1e1a06
32.105225	1dfb39
32.112372	1dfb1c
32.123770	1dfb39
32.134254	1dfb39
32.144853	1e9302
32.152989	1dfb63
32.162492	1dfdb0
32.177379	1fd2f2
32.191616	1e379a
32.203965	202a00
32.211140	1e1a06
32.221019	1dfd9b
32.236126	1dfb39
32.248172	1e1a06
32.259155	1e1a06
32.272379	1ce126bdb382
32.286254	1dfb39
32.297726	1e1a06
32.309419	1dfb39
32.321869	1dfb39
32.331818	1dfb39
32.337977	1e18fd
32.343405	1eb5e5
32.354234	1e0880
32.367022	1ce126bd9783
32.372423	1e0880
32.383254	1e0855
32.392237	1e0855
32.399292	1e0880
32.413666	1e0880
32.419453	1e0cb9
32.433657	1e0855
32.446692	1e0cd0
32.461629	1ce126bd9666
32.476487	1e0727
32.484402	1e0855
32.498430	1e0cd7
32.506563	1e0880
32.516111	1e0855
32.525997	1e0880
32.538444	1e0855
32.550857	1e0d39
32.558111	1ce126bdc41b
32.566893	1e0880
32.576271	1ce126bd8806
32.588346	1ce126bd8806
32.598873	1ce126bd8806
32.610066	1ce126bd870f
32.625245	1dfb39
32.636778	1e15df
32.645336	1dfe86
32.660123	1ed2a8
32.672450	1dff05
32.682201	1eb592
32.688173	1e1a06
32.700490	1e1a06
32.711412	1ce126bdb042
32.723448	1e500c
32.737256	1e1a06
32.746238	1e194e
32.755616	1dfb63
32.763271	1dfb39
32.770815	1dfb39
32.776580	1e379a
32.787174	1e1a06
32.793159	1dfb39
32.801170	1e199d
32.807149	1e1484
32.813657	1e15b5
32.821046	1dfb93
32.835706	1dfb39
32.843647	1e9eea
32.853683	1dfb63
32.860086	1e1a06
32.869891	1dfb63
32.878864	1dfb39
32.893902	1e3827
32.903499	1ed847
32.917505	1ea6d7
32.925994	1dfb39
32.940998	1dfb71
32.950306	1e379a
32.961363	1dfde4
32.975152	1ebd4f
32.981746	1ce126bdaeec
32.995090	1ce126bdb382
33.002006	1eb5a0
33.007518	1dfb39
33.014328	1dfb71
33.024493	1e379a
33.036271	1dfb63
33.043633	1ed3d1
33.058689	1e37de
33.065437	1eb6b4
33.073066	1dfb63
33.086897	1e1a06
33.096164	1dfa48
33.104786	1e3815
33.117951	1dfb39
33.132990	1e080d
33.139153	1e0880
33.147374	1e0880
33.154388	1ce126bd9660
33.161121	1e0855
33.170256	1e0880
33.177510	1e0880
33.188141	1e0855
33.200089	1e0d32
33.208092	1e0880
33.221078	1e0880
33.232502	1e0cb0
33.246440	1e0727
33.260416	1e0880
33.266504	1e0855
33.277984	1e0727
33.284463	1e0880
33.290292	1e0855
33.301963	1e0880
33.310432	1e0880
33.317574	1e0855
33.330291	1e0880
33.344596	1e0880
33.354052	1e0855
33.365829	1e0855
33.371469	1e0880
33.378834	1e06ef
33.392246	1e0880
33.397970	1e0880
33.406340	1e0882
33.416373	1e0855
33.424207	1e0880
33.433210	1e0855
33.442437	1e0880
33.456208	1e0880
33.470471	1e0855
33.481343	1e0cd0
33.489521	1ce126bd968c
33.500794	1ce126bd880c
33.508584	1ce126bd8806
33.523399	1ce126bd8933
33.529230	1ce126bd8806
33.539817	1ce126bd891b
33.550655	1ce126bd870f
33.558596	1eb516
33.567426	1dfb39
33.579268	1dfa6d
33.588607	1e379a
33.598137	1dfb90
33.604677	1dfb39
33.610922	1dfb39
33.621693	1e1a06
33.632365	1dfe86
33.637856	1e1956
33.648585	1ce126cd78a1
33.662460	1eb5d5
33.672726	1dfb63
33.682053	1e94ab
33.696464	1e379a
33.705824	202995
33.711268	1e3840
33.717012	1e925b
33.729781	1dff05
33.735725	1dff05
33.747434	1e1a06
33.756726	1dfb39
33.763265	1dfebe
33.771940	1dfb39
33.784122	1dfcdb
33.792409	1fba56
33.806847	1dff05
33.820995	1e1a06
33.835633	1e19f5
33.843773	1e1a06
33.857789	1e1a06
33.871340	1eb592
33.877619	1dfb63
33.884519	1ce126bdc178
33.890335	1dfb39
33.897533	1dfb63
33.906925	1e1a06
33.921776	1e37ca
33.936028	1eb652
33.946132	1ce126bda994
33.959897	1ebd54
33.972030	1dfb39
33.982270	1dfb63
33.988439	1dfde4
33.998660	1dfde4
34.005762	1e15b5
34.016183	1dfb39
34.027589	1dfb39
34.034616	1eb612
34.042690	1dfb63
34.049172	1dfb90
34.060865	1e1a06
34.074948	1e1a06
34.082982	1e379a
34.095049	1e1a06
34.104840	1dfb63
34.119538	1dfb39
34.126996	1ea78d
34.141662	1ce126bda9d1
34.149173	1ce126bdae22
34.155453	1dfb39
34.160737	1eb511
34.166156	1e1a06
34.173479	1e0cc7
34.186843	1dfb41
34.197363	1ebd7c
34.209678	1dff38
34.221096	1dfb63
34.234060	1e96ec
34.242186	1e18af
34.256780	1dfec3
34.262919	1dfb39
34.272641	1dfb39
34.286236	1e929d
34.298170	1e0880
34.303642	1e0880
34.318274	1e0cb0
34.325492	1e0855
34.333503	1e0855
34.341920	1e0880
34.352937	1e0cb9
34.362141	1e0880
34.368674	1e0855
34.374734	1e0855
34.383911	1e0d5f
34.397226	1e0855
34.412331	1e0855
34.421154	1e0cd0
34.435890	1e0880
34.446085	1e0880
34.459812	1e074f
34.468995	1e0855
34.480640	1e0727
34.488829	1e0855
34.498227	1e0880
34.506718	1e0880
34.521583	1e0855
34.530508	1e0880
34.543081	1e0b54
34.550691	1e0cb0
34.559284	1e0880
34.566198	1e0880
34.578061	1e0af9
34.587334	1e0880
34.600835	1e0855
34.615791	1e0cd0
34.621881	1ce126bd975e
34.633552	1ce126bd9683
34.639870	1e077a
34.645323	1e0880
34.658110	1e0855
34.664332	1e0880
34.677373	1e0d5f
34.683677	1e0880
34.696989	1e0855
34.710738	1e0880
34.723591	1e0880
34.738742	1e0882
34.744812	1e0bf7
34.756388	1e0b05
34.768114	1e0cb9
34.777724	1e0855
34.792097	1ce126bd97c4
34.800381	1e0855
34.812052	1ce126bd8806
34.822215	1ce126bd8806
34.832289	1ce126bd870f
34.839910	1ce126bd8862
34.849573	1ce126bd870f
34.857791	1ce126bd8709
34.865611	1ce126bd870f
34.872444	1ce126bd8862
34.887279	1dfb39
34.899174	1dfb39
34.910122	1e9497
34.919745	1dfb39
34.932091	1eb68d
34.937566	1dfb63
34.947537	1eb605
34.955512	1dfb39
34.963873	1dfb63
34.970359	1dff05
34.976492	1dfb39
34.989381	1e1a06
34.995833	1e379a
35.007789	1e0cde
35.017523	1ce126bdaea3
35.024105	1e1a06
35.032552	1ce126bdae22
35.043158	1e0ce8
35.048597	1dfb63
35.055997	1eb78e
35.068174	1eb616
35.077665	1dfb39
35.083065	1e379a
35.097899	1dfb39
35.109082	1e0cc7
35.120853	1dfb39
35.130581	1e1a06
35.136469	1dfde4
35.150727	1dfb39
35.161210	1e03d2
35.174441	1ed3b2
35.180574	1e969b
35.193880	1eb83b
35.199891	1e1a06
35.209441	1e9497
35.219105	1dfb39
35.233004	1e1a17
35.244984	1e379a
35.250366	1ebd54
35.264890	1e1a0b
35.274459	1dfb39
35.283352	1e1a06
35.291647	1e15b5
35.303804	1dfb39
35.311322	1dff05
35.325334	1e1a06
35.335770	1e379a
35.341381	1dfb39
35.347300	1dfb39
35.357528	1e1a06
35.371394	1dfb39
35.380613	1dfb63
35.393177	1ce126bdb04a
35.401987	1e147f
35.408676	1dfa60
35.416764	1dfb39
35.425854	1dfb63
35.441031	1dfb39
35.451341	1dfb39
35.458545	1ce126bdaeec
35.464651	1dfb63
35.474484	1dfb39
35.484868	1eb549
35.496488	1dfe42
35.509624	1dfb39
35.520707	1dfb63
35.535908	1dfb39
35.543089	1e379a
35.554794	1dfb71
35.567053	1dfb39
35.573773	1e1a06
35.586941	1dfb39
35.594435	1e5001
35.603135	1e1904
35.614401	1e18fa
35.626236	1e1564
35.632655	1e03e7
35.642062	1ed88f
35.655291	1eb56d
35.665069	1e1a06
35.675376	1eb51f
35.689222	1eb512
35.698131	1dfb2a
35.704112	1dfb39
35.718266	1dfca5
35.729849	1eb5d5
35.740764	1ed88f
35.755920	1ce126bdb35c
35.762213	1dfb39
35.773859	1e1a06
35.784403	1e1a06
35.794861	1dfb39
35.805123	1dfb63
35.818095	1dfb39
35.830616	1e1a06
35.838695	1ce126bdadfa
35.846566	1dfb39
35.854008	1e37c3
35.860113	1dfb39
35.873959	1dfb63
35.884532	1ce126bdb3b0
35.892410	1ce126bdaddd
35.897780	1ce126bdaed2
35.911742	1e92d9
35.924625	1e1a06
35.935282	1ea704
35.947757	1e1484
35.960951	1e0880
35.972442	1ce126bd9783
35.987481	1e0855
35.994570	1e0cb9
36.000844	1e0880
36.009798	1e0880
36.019685	1f260e
36.025875	1e0880
36.035759	1e0880
36.047100	1e0880
36.057677	1e0880
36.071009	1e0b05
36.082087	1e0880
36.093158	1e0880
36.102340	1e0880
36.114445	1e086b
36.125314	1e0880
36.136161	1e0882
36.148978	1ce126bdc3c2
36.159975	1e0cb9
36.166713	1e0880
36.174191	1e0880
36.184486	1e0882
36.198796	1e0880
36.214048	1e0cd0
36.223253	1e0855
36.237727	1e0880
36.251558	1e0880
36.258429	1e0855
36.272178	1e0880
36.283478	1e0880
36.295261	1e0855
36.301646	1e0855
36.310102	1e0855
36.317832	1e0855
36.327859	1e0855
36.335172	1e0880
36.341890	1e0880
36.356380	1e0cb9
36.365464	1e0880
36.374118	1e0d5f
36.386204	1e0cc3
36.398675	1e0a8e
36.412839	1e0855
36.421889	1e0880
36.434714	1e0855
36.443041	1e0880
36.452037	1e0880
36.466450	1e0880
36.480794	1e0bf7
36.486531	1e0880
36.499772	1e0880
36.510159	1e0bf7
36.517346	1e0727
36.530770	1e0bf7
36.545279	1ce126bd9721
36.551063	1e0855
36.564768	1e0880
36.577710	1e0880
36.591322	1e0855
36.597147	1e0cb9
36.605906	1e0d39
36.616616	1e0cb9
36.625435	1e0880
36.635038	1ce126bd8806
36.647960	1ce126bd8806
36.657404	1ce126bd8806
36.665463	1ce126bd8862
36.671860	1ce126bd8806
36.683877	1ce126bd870f
36.691605	1ce126bd8896
36.703265	1ce126bd870f
36.710458	1ce126bd8806
36.716920	1ce126bd8806
36.727306	1ce126bd88ea
36.739617	1e1a06
36.750869	1dfb63
36.766079	1dfb39
36.771316	1eb702
36.783749	1dfb63
36.789686	1e1a06
36.803787	1e379a
36.810787	1dfb39
36.816855	1ebd8d
36.830399	1dff05
36.840197	1dfb39
36.851935	1dfb39
36.857737	1ce126bdaad6
36.864593	1e1a06
36.872588	1e379a
36.879908	1dfb39
36.886174	1e3780
36.895032	1e3794
36.906950	1e1a06
36.919818	1eb5a0
36.933196	1dfdd5
36.946304	1e91c5
36.954718	1e379a
36.967384	1dfb63
36.982403	1dff05
36.988687	1dfb39
36.998414	1dfb90
37.012409	1dfb02
37.021721	1dfb3d
37.031821	1dfb39
37.045125	1e37e1
37.058569	1e948f
37.066026	1eb633
37.076679	1dfb63
37.091871	1e1a06
37.098275	1e1a06
37.110230	1e1a06
37.124205	1eb674
37.134656	1e14b7
37.143013	1e91d3
37.151846	1dfde4
37.159935	1e1a06
37.165976	1dfb39
37.180624	1e5020
37.193144	1e1a06
37.207952	1dfb39
37.221286	1dfde4
37.232287	1dfb63
37.242389	1dfb63
37.250952	1eb5c2
37.265559	1ce126bdb042
37.277480	1e15b5
37.290131	1dfb39
37.300046	1ce126bdb340
37.313274	1dfb39
37.325498	1dfcdb
37.340445	1dfb39
37.351757	1dfb39
37.359081	1e15b5
37.371596	1dfb63
37.379203	1ebdaf
37.389755	1dfb63
37.400220	1dfb63
37.414717	1dfb63
37.427063	1eb860
37.440373	1dfb39
37.455434	1eb58e
37.468720	1dfb39
37.476016	1dfb63
37.489569	1dfb39
37.498834	1dfb39
37.511579	1ce126bdaad6
37.526004	1eb605
37.538517	1dfb39
37.551444	1dfb39
37.559697	1dfed4
37.565300	1dfde4
37.572704	1dfb39
37.582123	1dfb71
37.597050	1ea7f7
37.606421	1e5016
37.612901	1ebd4f
37.625156	1eb5d5
37.634549	1dfb39
37.645628	1dfeac
37.659394	1eb61e
37.671717	1e94cd
37.681397	1ebd4f
37.691355	1dfb39
37.706008	1e9505
37.720471	1dfb39
37.732058	1e3860
37.744562	1ce126bdc085
37.757423	1dfb63
37.771753	1eb5d5
37.783830	1e1a06
37.794848	1e5032
37.807592	1dfb63
37.816272	1e1a06
37.823673	1dfb39
37.835104	1dfb39
37.850187	1dff9d
37.861634	1dfec3
37.874203	1e1a06
37.884151	1dfb39
37.892152	1e03e7
37.905904	1e1529
37.914799	1dff05
37.923145	1dfde4
37.933933	1eb860
37.944073	1dfb71
37.958777	1dfb39
37.966137	1dfb63
37.971799	1dfb39
37.980782	1e0880
37.986930	1ce126bd96e6
37.995449	1e0880
38.008401	1e0855
38.019555	1e0880
38.034056	1e0880
38.041238	1e0ba1
38.054832	1e0880
38.064045	1e0855
38.070653	1e0880
38.085818	1ce126bdc3ad
38.099070	1e0880
38.106514	1e0cb9
38.118708	1e0880
38.129806	1e0ba1
38.141381	1e0855
38.155510	1e0880
38.165737	1e0880
38.172340	1e0880
38.179786	1e0880
38.188591	1e0855
38.195643	1e0705
38.206718	1ce126bd96d2
38.214385	1e0880
38.227021	1e0855
38.241716	1e0727
38.249083	1e0880
38.256265	1e0855
38.269213	1e0880
38.284277	1e0727
38.296366	1e0855
38.308318	1e0880
38.319416	1e0880
38.327073	1e0727
38.337779	1e0880
38.346366	1e0855
38.359663	1e0855
38.370485	1e0727
38.380128	1e0855
38.394193	1e0855
38.401010	1e0855
38.413583	1e0855
38.419404	1e0855
38.424823	1e0880
38.439686	1e0880
38.448246	1e0880
38.456461	1e0880
38.467125	1e0880
38.476460	1e0880
38.488800	1e0855
38.500152	1e0d5f
38.510302	1e0855
38.518632	1e06ef
38.533689	1e0cd0
38.541647	1e0855
38.556461	1e0cb9
38.567506	1e0880
38.580210	1e0855
38.589771	1e0880
38.595242	1e0855
38.608910	1e0880
38.615752	1e0880
38.628231	1e0880
38.637774	1e0880
38.648152	1e0880
38.663318	1e0855
38.675005	1e0855
38.687972	1e0855
38.701661	1e0ab4
38.707060	1e0727
38.721383	1e0880
38.735471	1e0d31
38.743308	1e0880
38.755371	1e0767
38.765391	1e0880
38.775788	1e0705
38.790000	1e0880
38.796715	1e0727
38.803787	1ce126bd8806
38.818903	1ce126bd8896
38.833263	1ce126bd8806
38.841269	1ce126bd8862
38.850302	1ce126bd870f
38.863272	1ce126bd870f
38.871355	1ce126bd8709
38.876889	1ce126bd8896
38.884796	1ce126bd86d4
38.891243	1ce126bd870f
38.903151	1ce126bd8806
38.912836	1ce126bd8818
38.919551	1ce126bd870f
38.929047	1e1956
38.941256	1dfb39
38.949608	1eb713
38.963974	1dfe97
38.974847	1e379a
38.983202	1e1a06
38.988964	1dfb63
39.003285	1e946e
39.011350	1dfb63
39.022325	1dfb39
39.036664	1dfb39
39.050681	1dfb39
39.057666	1e379a
39.066498	202958
39.079484	1dfb39
39.089968	1dfb39
39.101049	1dfb63
39.108194	1dfb39
39.122057	1e0cb0
39.130014	1ce126bdc089
39.141884	1e0ce8
39.156980	1e1a06
39.162893	1dfb39
39.176736	1e379a
39.185732	1dff05
39.200568	1dfb39
39.210998	1e1a0b
39.217678	1eb581
39.229227	1e1564
39.242475	1e379a
39.255820	1e15b5
39.262011	1dff05
39.271474	1e379a
39.278472	1ebd7c
39.293084	1eb87f
39.307546	1eb605
39.317560	1dfb63
39.323471	1e15b5
39.336766	1dfb39
39.347318	1e1a06
39.361039	1ea6ac
39.368522	1dfb39
39.377391	1dff05
39.389068	1dfb39
39.403449	1ce126bda970
39.417392	1e15df
39.426564	1ce126bdb394
39.439318	1e1a06
39.450242	1dfb39
39.463150	1ce126bdaea3
39.476856	1dfb39
39.487505	1dfb39
39.492947	1dfb39
39.501082	1e37de
39.509233	1dfb63
39.520031	1ce126bdb35c
39.533892	1dfb39
39.544280	1ce126bdb5c2
39.558381	1dfb63
39.565723	1dfb39
39.577487	1e1a06
39.590846	1dfb39
39.602537	1eb5d5
39.617419	1e0cb0
39.627569	1e379a
39.635192	1dfb63
39.641364	1dfb39
39.654494	1dfb71
39.662345	1dfee8
39.670919	1dfb39
39.683014	1e5046
39.691604	1e379a
39.699030	1dfb39
39.713728	1dfb0c
39.720318	1dfb39
39.731973	1dfb39
39.741502	1ce126bdadcb
39.748210	1eb5c7
39.754281	1dfb39
39.762857	1dfb39
39.771377	1e1484
39.783050	1dfb39
39.788412	1dfb39
39.800451	1dfb39
39.809755	1dfec3
39.815610	1dfb39
39.828831	1dfb39
39.839720	1dfb63
39.848270	1e15b5
39.856471	1ea69e
39.871117	1dfb63
39.876679	1dfb63
39.882875	1eb713
39.890084	1dfb39
39.898815	1ea7c3
39.908675	1dff24
39.915772	1e93dd
39.926752	1dfb63
39.939656	1e1a06
39.950082	1e1a06
39.956077	1e1a06
39.970707	1dfb39
39.984619	1dfb39
39.998160	1e1a06
40.005251	1dfb39
40.018676	1e19d3
40.027881	1e0cb0
40.033572	1dfb63
40.040575	1e0855
40.045924	1e0855
40.059645	1e0855
40.065339	1ce126bd97c4
40.076106	1e0880
40.084384	1e0880
40.092233	1e0855
40.101731	1e0855
40.112344	1e0880
40.118434	1e0880
40.123631	1e0cc3
40.136228	1e0880
40.150007	1e0855
40.163008	1e0855
40.173548	1e0880
40.183946	1e0ad9
40.190681	1e0880
40.200056	1e0880
40.210010	1e0880
40.219268	1e0880
40.226781	1e0855
40.233670	1e0880
40.240252	1e0880
40.245822	1e0880
40.253895	1e0880
40.265672	1e0bf7
40.277838	1e0880
40.287299	1e0880
40.298361	1e0cd0
40.313367	1e0855
40.322974	1e0727
40.335322	1e0880
40.348202	1e0855
40.361624	1e0880
40.367103	1e0880
40.380464	1e0880
40.391971	1e0880
40.399243	1e0cb9
40.411701	1e0880
40.422944	1e0855
40.429306	1e0bf7
40.439075	1e0855
40.449384	1e0880
40.457457	1ce126bd969e
40.469738	1e0855
40.482101	1e0880
40.491961	1e0880
40.502357	1e0880
40.507975	1e0880
40.514456	1e0880
40.525748	1e0880
40.537492	1e0855
40.547248	1e0855
40.557225	1ce126bdc3c2
40.566365	1e0727
40.578929	1e0855
40.592964	1e0bf7
40.606271	1e0855
40.613950	1e0cb9
40.621271	1e0880
40.633279	1e0880
40.640906	1e0855
40.646217	1e0855
40.658146	1e0880
40.672568	1e0882
40.678049	1e0880
40.688288	1e0855
40.697826	1e0880
40.708514	1e0855
40.714993	1ce126bd969e
40.724648	1e0880
40.739287	1e0880
40.751289	1e0855
40.761194	1e0855
40.768057	1e0855
40.781784	1e0880
40.790166	1ce126bdc3c5
40.805114	1ce126bd8806
40.819883	1ce126bd8806
40.830880	1ce126bd8896
40.840030	1ce126bd8806
40.850528	1ce126bd8862
40.863581	1ce126bd870f
40.875590	1ce126bd86ee
40.887904	1ce126bd870f
40.899427	1ce126bd870f
40.911918	1ce126bd86f2
40.919102	1e0cb9
40.927838	1e0cb9
40.933859	1ce126bd883b
40.941706	1ce126bd881c
40.954386	1e38db
40.962852	1e1484
40.976121	1ce126bdc0a1
40.982334	1ce126bdc41b
40.995389	1e1a06
41.010485	1dfb39
41.017966	1dfb39
41.027896	1dfb39
41.035088	1ce126bdb340
41.044362	1e0855
41.058946	1e074f
41.071256	1e1a06
41.085566	1ce126bdb1d0
41.096897	1dfb63
41.107351	1ce126bd883b
41.116925	1ce126bdc1ec
41.127895	1e0cd0
41.137424	1ce126bd8896
41.150469	1e14b7
41.164152	1ce126bd8806
41.176397	1ba220
41.189671	1e0cb9
41.196919	1ce126bdb560
41.206990	1e1a06
41.219079	1e0cc7
41.227906	1e1a25
41.238593	1e15b5
41.253632	1e0880
41.265786	1ceed4
41.273843	1e0880
41.283065	1e0cb0
41.295095	1e3ea9
41.305659	1e17ff
41.320017	1e0bf7
41.332069	1e379a
41.338159	1ce126bdb376
41.349924	1e0880
41.357786	1e0cc3
41.366059	1ce126bd8806
41.376600	1dfecf
41.384487	1dfb39
41.391835	1e0cb0
41.403380	1ce126bd96c2
41.414405	1dfb39
41.420226	1e18cb
41.435148	1e0880
41.445331	1ce126bdaee0
41.458273	1ce126cd792c
41.471055	1e0880
41.478430	1e0880
41.492399	1dfb39
41.501640	1dfb63
41.507614	1ce126bdb5c2
41.522397	1e0855
41.535910	1ed39d
41.542393	1ce126bd86e9
41.555274	1e379a
41.562496	1e0727
41.573733	1e0cc7
41.587531	1dff05
41.600523	1dfd9b
41.611077	1e085d
41.617637	1e0cb0
41.632296	1e1a06
41.640940	202958
41.649293	1e1616
41.658657	1e0705
41.670139	1e0cd0
41.677694	1ce126bd8806
41.689676	1dfb63
41.698448	1dfb39
41.712347	1e0880
41.724064	1e0d5f
41.731688	1dfca9
41.746751	1dfb41
41.757874	1f2614
41.768973	1e0855
41.780330	1e0880
41.786151	1e19bb
41.799824	1dfb39
41.812968	1dff7c
41.819305	1e0880
41.824810	1e0855
41.839065	1e0882
41.847118	1e379a
41.860927	1e1a17
41.871666	1dfa8a
41.880892	1e0855
41.886643	1e0705
41.899050	1ce126bd8806
41.904373	1ce126bd86e9
41.918180	1e1a06
41.928059	1dfb63
41.938220	1e0880
41.950909	1ce126bd966b
41.961574	1ce126bd8862
41.976569	1e379a
41.986219	1e392a
41.993827	1dfdd5
42.001249	1e0855
42.014527	1e0855
42.029162	1ce126bd870f
42.034765	1dff24
42.041013	1dfb39
42.046633	1e15fb
42.053285	1e190f
42.066935	1e0cb0
42.079046	1e0bf7
42.087753	1e0727
42.100689	1e1a06
42.110699	1dfb39
42.125323	1e1a06
42.139097	1e0880
42.149533	1e0880
42.160586	1e0880
42.166405	1ce126bd870f
42.176330	1e3ea6
42.184131	1dfb39
42.194147	1e1a06
42.205299	1e1a0b
42.212044	1e0855
42.222349	1e0880
42.232751	1e0880
42.241856	1ce126bd8806
42.249646	1e1a06
42.260257	1e379a
42.267244	1dfb39
42.278686	1ea007
42.284321	1e0855
42.297301	1e0d5f
42.311443	1e0bf7
42.325874	1ce126bdae1c
42.339214	1dfb39
42.346659	1e1a06
42.355731	1dfb41
42.368099	1e0880
42.375404	1e0855
42.389102	1ce126bd8806
42.399111	1dfb39
42.414017	1e379a
42.428289	1e19b6
42.437312	1e0855
42.446874	1e0880
42.458313	1e0880
42.467283	1ce126bd8709
42.480971	1dfb39
42.490503	1ea0da
42.499584	1dfb39
42.505401	1dfa38
42.514442	1f2614
42.523134	1e0880
42.533699	1e0880
42.543926	1ce126bd86ee
42.556005	1dff05
42.561668	1e9fab
42.568180	1dfb39
42.578311	1e0cb0
42.586170	1e1a06
42.593705	1e0880
42.602678	1e0743
42.611489	1e075d
42.620217	1e0727
42.634272	1e9fc6
42.649363	1dff05
42.660697	1e1635
42.667794	1e383c
42.674180	1e0855
42.689328	1e0880
42.695861	1e0855
42.702182	1e0880
42.709141	1e0cd0
42.720494	1e1a06
42.728650	1dfb90
42.743155	1e0cb0
42.755307	1e0ced
42.761926	1e0880
42.775346	1e0880
42.783537	1e0880
42.795971	1dfb39
42.801330	1dfb39
42.816017	1e1a06
42.828164	1dfb93
42.843257	1dfb39
42.857812	1e0880
42.871781	1e0880
42.885942	1e15b5
42.901024	1dfb39
42.909508	1e190f
42.916388	1dfde4
42.930303	1dfb39
42.943323	1e0880
42.955285	1e0cb9
42.962720	1e0cb0
42.970809	1e0880
42.977361	1e0855
42.988404	1ce126bdaed6
42.998855	1dfd9b
43.009994	1e3eae
43.021729	1dfb39
43.032527	1dfb39
43.047176	1e0880
43.056601	1e0880
43.064152	1e0880
43.074652	1e0d5f
43.089826	1e379a
43.095061	1dfb39
43.100628	1e3e73
43.106618	202a00
43.117781	1e3901
43.126606	1ce126bdaddd
43.134600	1dfb39
43.148495	1e0cb0
43.156419	1e0880
43.167351	1e0880
43.180092	1ce126bd8862
43.185443	1dff05
43.195316	1e15b5
43.206056	1dfb39
43.215077	1e379a
43.226409	1dfdd5
43.232476	1dff05
43.240305	1e0880
43.251598	1e0880
43.257413	1e0855
43.269253	1e0cb0
43.279643	1ce126bd8806
43.293566	1e1a06
43.303106	1e93dd
43.316318	1ce126bdb560
43.326738	1ce126bd86e9
43.340233	1e379a
43.347099	1e0855
43.359023	1e0855
43.372442	1e0855
43.380715	1e0880
43.395350	1dff05
43.405054	1e1431
43.412800	1e1a06
43.420539	1dfb39
43.428327	1dfb39
43.433552	1ea03e
43.441150	1e0727
43.453746	1e0880
43.461745	1e0880
43.474245	1e0880
43.487656	1ce126bdaabf
43.499833	1ea0f4
43.508215	1dff05
43.517074	1dfb39
43.525277	1e0cb0
43.537115	1e0a8e
43.548776	1ce126bdc3c2
43.559177	1e0880
43.568363	1e0d5f
43.580858	1e9ff5
43.592941	1dfb63
43.607259	1dff05
43.621140	1ce126bdae2f
43.632880	1e0880
43.638534	1e0880
43.644114	1e0cd0
43.655471	1e0cb9
43.663140	1e0855
43.674725	1ce126bd888f
43.683504	1e1a06
43.690780	1dfb39
43.702620	1dff05
43.717095	1dfdd5
43.722306	1dfb39
43.735297	1e0bf7
43.740566	1e0727
43.751162	1e0855
43.759651	1e0880
43.773143	1e0855
43.780457	1ce126bdb560
43.789478	1ea030
43.796569	1e396a
43.804641	1dff05
43.810899	1e379a
43.818939	1dfb39
43.831709	1dfb39
43.843833	1e0880
43.858015	1e0bad
43.871074	1e0880
43.881841	1ce126bd8806
43.887856	1e9fe7
43.901093	1e379a
43.911992	1dfb39
43.918702	1e273f
43.932084	1dfb39
43.943675	1e0855
43.953406	1e074f
43.961318	1e0855
43.968361	1e0880
43.975337	1e0855
43.984957	1e0b10
43.999668	1ce126bd870f
44.006893	1e9f5b
44.019238	1ce126bdae07
44.033390	1e3eae
44.043647	1e379a
44.056714	1e379a
44.070628	1e0855
44.083282	1e0882
44.089044	1e0cd0
44.096536	1e0cb0
44.102354	1e0cde
44.116600	1e1a06
44.122166	1ea09a
44.136221	1dfb39
44.147301	1dfb39
44.161340	1ce126bdc060
44.170262	1e0cb0
44.181765	1e0855
44.191537	1e0bf7
44.200238	1e0855
44.207663	1e0880
44.215516	1ce126bd8862
44.223772	1e9f7f
44.237964	1dfb39
44.244059	1ce126bdb35c
44.255363	1dfb39
44.264616	1ce126bdb560
44.278273	1e1619
44.293371	1e0880
44.303204	1e0882
44.317379	1e0727
44.326079	1e0855
44.336193	1ce126bd88b2
44.350859	1e149f
44.359297	1dfb39
44.370660	1dfb39
44.384137	1dfdd5
44.397634	1e379a
44.404027	1e0cb0
44.413927	1e0882
44.419542	1e0880
44.433795	1e0880
44.446224	1e0880
44.459758	1e93a5
44.470949	1dfb39
44.480001	1dfec3
44.491846	1dfb39
44.503383	1e1a06
44.518043	1dfb39
44.525625	1e0880
44.540047	1e0880
44.552831	1e0705
44.560791	1e0880
44.566131	1e0cb0
44.576667	1ce126bd8862
44.586950	1e1a06
44.592733	1e9fab
44.600255	1dff05
44.606142	1e1606
44.614919	1e37c0
44.627168	1e379a
44.637458	1dfb39
44.646764	1e0bf7
44.659331	1e0880
44.668723	1e0855
44.681663	1e0727
44.690157	1e0727
44.702801	1e0855
44.717388	1dfb39
44.727004	1ce126bda97f
44.734213	1e1a06
44.745513	1dfb63
44.754366	1e379a
44.767549	1dfb39
44.780191	1dfb39
44.794857	1e0cb0
44.800416	1e0880
44.807798	1e0880
44.820344	1ce126bd966c
44.831006	1e0cb0
44.837099	1e0880
44.849725	1e06ef
44.862817	1dfb39
44.875195	1e1a06
44.884398	1e9fbc
44.892686	1dfb39
44.901579	1e379a
44.915889	1dfb39
44.925672	1e3eae
44.934360	1e379a
44.941347	1e0880
44.953485	1e0880
44.961462	1e0855
44.976475	1ce126bd978e
44.984170	1e0727
44.997369	1e0727
45.011834	1dfb39
45.026662	1dfb39
45.035116	1dff05
45.045937	1e3e81
45.051380	1e15b5
45.065614	1e379a
45.073699	1dfee5
45.088327	1e0880
45.101764	1e0b30
45.110842	1e0880
45.121641	1e0880
45.129940	1e0855
45.138768	1e0880
45.145552	1ce126bd86d8
45.151487	1dfe62
45.159638	1ce126bdaeec
45.171931	1e379a
45.180387	1ce126cd7884
45.191297	1dfb39
45.200437	1dfadd
45.213337	1dfb39
45.225830	1e0855
45.232053	1e0880
45.237528	1e0cb0
45.243178	1e0880
45.255019	1e0705
45.262220	1e0880
45.274334	1ce126bd8806
45.283490	1dfb39
45.296260	1dfb39
45.306254	1dfb39
45.312959	1e03af
45.319968	1e379a
45.331749	1e1a06
45.339835	1e19b6
45.348084	1e379a
45.358288	1e0880
45.372843	1e0855
45.386724	1e0880
45.397564	1e0cb0
45.403793	1e0855
45.411339	1ce126bd8821
45.424444	1e1a06
45.434077	1dfb63
45.444026	1dfb39
45.450143	1e379a
45.464432	1e379a
45.477148	1dfb39
45.483000	1dfb39
45.491123	1e0880
45.499011	1ce126bd9757
45.508755	1e0ab4
45.514369	1e0727
45.519618	1ce126bd967e
45.529461	1e0880
45.543954	1e0880
45.550659	1ce126bd889c
45.556796	1dfb39
45.566004	1ea0b7
45.575300	1dfb39
45.588454	1dfb39
45.594204	1dfb39
45.607286	1e396a
45.621714	1e0882
45.633770	1e0855
45.640417	1e0880
45.655122	1e0855
45.670008	1e0855
45.676475	1e0cb9
45.688594	1ce126cd7932
45.694496	1e379a
45.705463	1dfb39
45.712835	2029eb
45.726841	1dfb39
45.735535	1dfa90
45.747081	1e19b6
45.757249	1e0855
45.765806	1e0cc7
45.773894	1e0855
45.786904	1e0727
45.800790	1e0880
45.814210	1ce126bd8862
45.829048	1e379a
45.839626	1e147f
45.851036	1e379a
45.864619	1dfd8e
45.875042	1e03f2
45.885827	1dfb39
45.900422	1e0880
45.911813	1e0880
45.917379	1e0705
45.927145	1e0cd0
45.932386	1e0cb9
45.946986	1e0855
45.953783	1e0855
45.964376	1ce126bd8806
45.974671	1e379a
45.981377	1dff05
45.995293	1dfb71
46.005678	1e9e08
46.015987	1e273f
46.025042	1ce126bda970
46.035471	1eb852
46.048151	1e1a06
46.054687	1dfb63
46.063171	1ce126cd795b
46.076245	1dfb39
46.084860	1ea923
46.092405	1ed88f
46.103816	1ed28c
46.112156	1e15b5
46.119564	1eb83b
46.134093	1dff05
46.148322	1dfb39
46.157769	1dff05
46.168946	1eb562
46.180394	1e379a
46.191315	1dfb93
46.197741	1e1a06
46.212731	1dfb63
46.227046	1e0855
46.237694	1e0cb0
46.249853	1e0727
46.259190	1e0cb9
46.267303	1e0880
46.274511	1e0880
46.283072	1e0cb9
46.289001	1e0880
46.295250	1e0cc7
46.304628	1e0727
46.318725	1e0cb0
46.330060	1e0880
46.335982	1e0880
46.350710	1e0855
46.365525	1e0cc7
46.376044	1e0855
46.385285	1e0bf7
46.397348	1ce126bd966c
46.403857	1e0cd0
46.410641	1e0bf7
46.419208	1e0855
46.427421	1e0880
46.436326	1e0855
46.442462	1ce126bd870f
46.450509	1ce126bd8806
46.464381	1ce126bd870f
46.470536	1ce126bd8920
46.478814	1eb877
46.493524	1ce126bdb560
46.504613	1dff05
46.514153	1dfac1
46.525831	1e0098
46.534492	1dfb39
46.541745	1e15b5
46.552328	1ea72d
46.558784	1e948f
46.565841	1dfb39
46.575495	1dfb39
46.589653	1e93fa
46.597919	1ea77b
46.612743	1e9d56
46.625395	1e95f5
46.640204	1dfb39
46.649005	1ce126bdae45
46.655847	1e37a1
46.661108	1dff05
46.667686	1e15b5
46.680438	1e379a
46.691413	1dfde0
46.700535	1dfa48
46.708318	1ce126bdaabf
46.714795	1eb574
46.723012	1ce126bdaabf
46.734624	1dfb39
46.744631	1ce126bdc09d
46.751800	1e1a06
46.759550	1dfe97
46.765579	1ed895
46.779981	1dfb39
46.788488	1e1a06
46.803478	1ebd72
46.813354	1dfb63
46.823389	1e1b87
46.832123	1dfafe
46.847147	1e505b
46.859936	1e1a06
46.874971	1dfb63
46.889284	1e1a06
46.904344	1e9e9f
46.914451	1ce126bdadb3
46.928360	1e1a06
46.939517	1dfb39
46.951725	1e0880
46.962286	1e0880
46.972253	1e0cb0
46.982472	1e0855
46.995038	1e0880
47.003322	1e0ccc
47.016884	1e0880
47.024092	1e0cd7
47.030636	1ce126bd9666
47.042502	1e0855
47.056522	1e0cb0
47.069475	1e0880
47.083977	1e0727
47.092069	1ce126bd97c4
47.103753	1e0727
47.109631	1e0880
47.118722	1e0880
47.131968	1e0727
47.141571	1e0cb0
47.156568	1e0880
47.169319	1e0cb0
47.183104	1ce126bd977f
47.190230	1e0bf7
47.202084	1e0cd0
47.215721	1e0727
47.227264	1e0cb0
47.234051	1e0855
47.243447	1e0727
47.250650	1e0880
47.258675	1e0727
47.267137	1e0880
47.280845	1e0855
47.287157	1e0880
47.302220	1ce126bd881c
47.309051	1ce126bd870f
47.319619	1ce126bd8806
47.325739	1ce126bd86d8
47.331819	1ce126bd870f
47.339843	1ce126bd870f
47.346904	1ce126bd8862
47.359050	1dfb39
47.372274	1dfb63
47.378405	1dfb39
47.386418	1e1a06
47.395171	1ebd68
47.403096	1dfee8
47.409380	1e93dd
47.415368	1eb5d5
47.428313	1dfb39
47.441856	1dfb39
47.454697	1e379a
47.465555	1e3832
47.478551	1dfb39
47.488250	1e19cf
47.497110	1e1a06
47.504467	1dfb39
47.511469	1dfb63
47.517548	1dfb39
47.525735	1e15b5
47.534070	1dfb63
47.544162	1dfb39
47.557577	1dfb39
47.564252	1dfec3
47.578711	1eb79f
47.588787	1dff5c
47.603549	1e37c5
47.613390	1ce126bdc085
47.621685	1dff05
47.633840	1e379a
47.641424	1e15b5
47.654996	1dfb63
47.664175	1dfb63
47.677705	1ea591
47.683644	1dfb63
47.698864	1e1a06
47.712760	1e1a06
47.724476	1ed847
47.736356	1dfb39
47.741913	1dfb39
47.750189	1dfb39
47.755899	1dfb39
47.770154	1dfb39
47.775644	1dfb63
47.782897	1e1a06
47.796881	1e37ce
47.809906	1e1564
47.817657	1e1a06
47.828330	1ce126bdae22
47.840830	1dfb71
47.846283	1dfafe
47.860324	1e95ac
47.869338	1dfb63
47.876774	1e1484
47.886950	1dfb39
47.896765	1e501d
47.902033	1e1908
47.916821	1dfb63
47.931038	1ebd27
47.941670	1e1a06
47.951474	1e1a06
47.961372	1e1999
47.972045	1dfb39
47.980125	1ebcf0
47.989133	1dfb39
47.995208	1dfb39
48.007755	1eb511
48.022293	1dfb39
48.032095	1ea696
48.044392	1e1f48
48.058341	1dfb39
48.072972	1e0855
48.082527	1e0880
48.090823	1ce126bd9666
48.104664	1e0855
48.118596	1e0855
48.129518	1e0cc7
48.138185	1e0705
48.151263	1e0880
48.160719	1e0855
48.171336	1ce126bdc3b7
48.177768	1e0880
48.184099	1e0880
48.192443	1e0855
48.207160	1e0855
48.219050	1e0855
48.230633	1e0880
48.239479	1e0880
48.247640	1e0880
48.261203	1e0cbe
48.268361	1e0880
48.283130	1e0b9d
48.292655	1e0cb0
48.300523	1e0880
48.311573	1e0d5f
48.323151	1e0727
48.331595	1e0880
48.339003	1e0855
48.353454	1e0855
48.363353	1e0ad9
48.369484	1e0880
48.375883	1e0727
48.382048	1e0855
48.393676	1e0855
48.399412	1e0880
48.406380	1e0855
48.415908	1e0855
48.424364	1e0880
48.437423	1e0855
48.451408	1e0880
48.461849	1ce126bd97c0
48.472788	1e0855
48.479641	1e0855
48.488777	1e0880
48.501903	1e0bf2
48.512031	1ce126bdc3c5
48.522669	1e0855
48.528972	1e0849
48.544050	1e0880
48.555112	1e0880
48.569219	1ce126bd882a
48.580235	1ce126bd8896
48.587638	1ce126bd8896
48.593834	1ce126bd86df
48.599421	1ce126bd8896
48.605643	1ce126bd870f
48.612532	1ce126bd86d0
48.620341	1ce126bd8806
48.634201	1ce126bd88d1
48.642821	1ce126bd870f
48.655836	1dfb39
48.664665	1dfb39
48.670593	1e5020
48.678162	1e0cb0
48.693017	1e0ca9
48.703980	1dfb39
48.716072	1dfaf0
48.726959	1dfae9
48.732771	1e92aa
48.743597	1dfb63
48.751648	202a0b
48.764782	1ce126bdaeb4
48.771604	1dfb39
48.779334	1e1a06
48.786518	1dfb39
48.800542	1dfb39
48.812960	1dfb63
48.822989	1dff5c
48.828868	1dfb63
48.834982	1e379a
48.848223	1dfb63
48.858410	1dfb63
48.864987	1dfb39
48.880129	1e1a06
48.886121	1dfb39
48.898991	1e379a
48.906623	1dfb63
48.913516	1eb5dd
48.921915	1dfdac
48.930738	1e93dd
48.944861	1dfb39
48.957390	1dfb39
48.963406	1e9302
48.972252	1e3804
48.983303	1e37a0
48.992768	1dfb63
49.001038	1dfb39
49.007565	1dfb39
49.015015	1e1a06
49.026084	1e1a06
49.035660	1e379a
49.043858	1dfec3
49.057788	1ce126bdb386
49.069436	1dfb39
49.075421	1eb605
49.083864	1e383c
49.097257	1dfb39
49.107332	1dfb63
49.116797	1e1a06
49.122906	1dfb39
49.135659	1dfb39
49.144909	1e504a
49.157315	1eb674
49.162784	1dfb39
49.177482	1dfb71
49.187749	1e1895
49.195539	1dfb39
49.201394	1dfb41
49.211691	1e37e1
49.221282	1dfb39
49.229957	1dfb39
49.239563	1eb599
49.252582	1dfb39
49.258816	1dfb39
49.268048	1ebd54
49.281905	1e1a06
49.291022	1dfe31
49.297015	1e1a06
49.307104	1dfb39
49.321533	1e1a06
49.330342	1dfca5
49.335550	1e5040
49.343014	1dfb39
49.356753	1ce126bdc060
49.366743	1e379d
49.380693	1e1a0b
49.389913	1dfb39
49.401183	1ce126cd7947
49.416162	1e19d3
49.427013	1dfb39
49.437941	1dff50
49.451302	1dff05
49.460594	1e1484
49.468939	1ce126bdaea3
49.482811	1dfb41
49.491777	1dfb39
49.504623	1dfafb
49.517181	1dfb39
49.528239	1dfb39
49.541383	1e1626
49.548203	1e1a06
49.557519	1dff7c
49.564800	1e1a06
49.571450	1e17fa
49.582093	1dfb39
49.595939	1dfb39
49.602602	1dfa5b
49.618162	1e0855
49.629555	1e0880
49.637861	1e0880
49.645602	1e0727
49.651806	1e0880
49.666165	1e0880
49.679816	1e0855
49.693600	1e0855
49.708001	1f261e
49.719950	1e0855
49.730398	1e0cb9
49.742550	1e0880
49.753250	1e0855
49.764511	1e0880
49.773795	1e0cb0
49.787440	1e0855
49.802547	1e0880
49.809013	1e0855
49.822805	1e0880
49.832694	1e0880
49.839295	1e0880
49.852308	1e0855
49.864682	1e0cb9
49.876507	1e0855
49.888411	1e0880
49.899578	1e0880
49.911271	1e0855
49.924237	1e0880
49.938725	1e0880
49.947975	1e0880
49.961716	1e0880
49.973244	1ce126bd97c6
49.984329	1e0880
49.998861	1e0a8e
50.007742	1e0cb0
50.016387	1e0880
50.027058	1e0cb0
50.039124	1e0b50
50.049556	1e0d5f
50.055265	1e0855
50.061663	1e0880
50.069128	1ce126bd9669
50.077402	1e0880
50.084856	1e0cb0
50.096975	1e0880
50.108853	1e0880
50.118295	1e0855
50.127385	1e0880
50.137284	1e0cd0
50.151550	1e0880
50.160974	1e0d5f
50.167248	1e0855
50.174046	1e0880
50.184057	1e0880
50.189546	1e0880
50.201698	1e0880
50.208245	1e0855
50.214790	1e0880
50.223607	1e0880
50.231735	1e0880
50.241632	1e0855
50.256718	1e0855
50.268899	1e0700
50.281645	1e0bf7
50.290809	1e0cd0
50.297163	1e0727
50.309347	1e0855
50.321407	1ce126bd967e
50.333910	1e0cd0
50.340376	1e0880
50.347534	1e0705
50.353000	1ce126bd887f
50.359906	1ce126bd8806
50.369633	1ce126bd870f
50.379324	1ce126bd8806
50.390504	1ce126bd86d0
50.400738	1ce126bd8862
50.414452	1ce126bd8806
50.428137	1ce126bd870f
50.440431	1ce126bd870f
50.452936	1e19d8
50.458888	1dfa41
50.467365	1dfb39
50.476411	1e1a06
50.489851	1e9318
50.499003	1dfe66
50.506765	1ce126bdb386
50.512839	1e1a06
50.523990	1e379a
50.537652	1ce126bdaad6
50.544460	1dfb39
50.551049	1dfb39
50.558674	1dfb39
50.565222	1eb82a
50.578375	1e9505
50.586672	1eb84e
50.598771	1dfb63
50.609269	1cea2c
50.619735	1dfb39
50.633962	1dfb63
50.640577	1dff05
50.654154	1dfb39
50.662716	1dfb39
50.673824	1e19e0
50.685424	1e379a
50.695788	1e4ff4
50.706805	1e1a06
50.717557	1e274c
50.724769	1e1a06
50.731730	1ce126bdc1ec
50.742026	1e9628
50.755505	1dfb63
50.766866	1dfb39
50.779113	1e379a
50.789062	1dfd9b
50.803356	1ebce3
50.811584	1dfb39
50.822250	1e379a
50.832606	1dfb63
50.842274	1ce126bdad46
50.855979	1dfb63
50.869191	1dfb63
50.878138	1e1a06
50.890171	1e91c8
50.904649	1eb652
50.916205	1dfb39
50.928894	1dfb63
50.943864	1dfb39
50.954164	1dfb39
50.963886	1dfb39
50.971340	1dfb63
50.977093	1dfb39
50.982344	1dfb39
50.996325	1eb512
51.003582	1e1887
51.011756	1dfb39
51.017727	1eb58b
51.024006	1ebd68
51.038744	1e379a
51.050886	1e1a06
51.061807	1eb592
51.074623	1ea6fd
51.087951	1e948f
51.095650	1eb581
51.109641	1dfb39
51.122823	1e1a06
51.133333	1dfb39
51.145495	1dfb39
51.157885	1ce126bdc060
51.165319	1eb577
51.172085	1dfb63
51.184454	1dfb39
51.198141	1e9417
51.210916	1dfb39
51.220345	1e93a1
51.232332	1dff05
51.245381	1fd90f
51.255744	1e379a
51.266424	1dfb39
51.279663	1dfb63
51.285983	1ce126bdc067
51.296096	1e1a06
51.306151	1dfb63
51.311628	1dfb63
51.317262	1dfb63
51.331491	1dfb39
51.346297	1dfb39
51.357819	1e379a
51.366081	1dfb71
51.372137	1e9e7e
51.382336	1dfb39
51.396775	1ce126bdb36e
51.409135	1dfb39
51.416250	1dfb39
51.422115	1e17fa
51.431445	1dff6a
51.441105	1dfb39
51.452655	1e9eff
51.464270	1ea69c
51.475509	1e15d6
51.483563	1ed847
51.491596	1dfb39
51.500253	1e9608
51.511372	1dfb39
51.524056	1eb512
51.538123	1e0cc7
51.548615	1dfb39
51.558732	1ebd59
51.567098	1ce126bdaddd
51.572625	1e386a
51.583469	1ed831
51.589123	1ce126bdb397
51.602232	1e19d3
51.610455	1dfb39
51.624279	1dfb39
51.634140	1dfb39
51.647518	1dfb39
51.661121	1e1a06
51.671122	1ed888
51.682138	1e0855
51.694051	1e0880
51.706912	1e0880
51.714559	1e0855
51.722696	1f2614
51.729135	1e0880
51.735724	1e0880
51.744276	1e0882
51.751679	1ce126bd966d
51.757857	1e0cd0
51.770269	1e0cd0
51.776135	1e0880
51.781388	1e0880
51.791071	1e0880
51.804694	1e0880
51.819263	1e0880
51.828362	1e0855
51.841966	1e0880
51.848865	1e0718
51.860126	1e0880
51.866477	1ce126bd968c
51.881027	1e0880
51.893806	1e0880
51.900180	1e0855
51.905959	1e0880
51.917624	1e0855
51.924085	1ce126bd967e
51.931424	1e0cb9
51.941358	1e0880
51.955745	1e0855
51.970802	1e0855
51.981667	1e0aeb
51.994877	1e0727
52.006501	1e0855
52.012851	1e0855
52.027062	1e0880
52.037102	1ce126bd9718
52.048894	1e0855
52.058826	1e0880
52.070311	1e0880
52.079991	1e0cb9
52.094549	1e0855
52.105550	1e0855
52.111482	1e0880
52.125491	1e0880
52.140344	1e0855
52.151938	1e0880
52.157585	1e0855
52.170859	1e0880
52.176263	1e0880
52.183043	1e0880
52.188875	1e0855
52.196499	1e0b30
52.203194	1ce126bdc41b
52.208559	1e0880
52.218275	1e0880
52.228310	1e0880
52.235287	1e0cd0
52.241910	1e0855
52.255123	1e0880
52.262081	1e0855
52.270092	1e0880
52.284734	1e0cd0
52.291898	1e0855
52.306968	1e0880
52.320072	1e0880
52.331954	1e0880
52.340132	1e0855
52.345635	1e0880
52.358220	1e0880
52.372344	1e0880
52.382548	1e0bf7
52.394346	1e0880
52.404834	1e0880
52.416455	1e0880
52.422661	1e0880
52.434623	1e0880
52.443357	1e0cb9
52.449020	1e0cb9
52.456303	1e0880
52.470333	1e0882
52.479176	1e06ef
52.488158	1e0880
52.500647	1e0880
52.506810	1e0855
52.514705	1e0cb9
52.526755	1ce126bd8806
52.535665	1ce126bd8806
52.550306	1ce126bd8896
52.556503	1ce126bd8896
52.566362	1ce126bd8709
52.578221	1ce126bd8887
52.583422	1ce126bd870f
52.598181	1ce126bd86e9
52.606553	1ce126bd870f
52.618350	1ce126bd870f
52.628460	1ce126bd870f
52.642733	1ce126bd891b
52.656672	1e3844
52.670446	1e379a
52.676652	1e1a06
52.689020	1ce126bd86e9
52.699816	1dfb5c
52.711719	1e17fa
52.721295	1e1a06
52.726886	1dfb63
52.737584	1e1a06
52.750253	1eb5dd
52.761362	1e1a06
52.773266	1e150a
52.788129	1dfb39
52.801201	1e1a06
52.808370	1dff05
52.815506	1dfb39
52.829653	1e1a06
52.837437	1e379a
52.845137	1ba220
52.852177	1eb514
52.863173	1e9696
52.872200	1e147f
52.886488	1e96ff
52.897358	1dfde4
52.910357	1e9318
52.924736	1ed345
52.932220	1dfb63
52.941249	1dfb39
52.949409	1e1a06
52.954797	1eb5d5
52.961355	1dfb39
52.970133	1e1a06
52.979659	1e3786
52.987255	1e03e7
52.998928	1e03d2
53.004881	1e9318
53.018865	1dfb39
53.032171	1dfb39
53.040908	1e1a06
53.053159	1dfb39
53.068095	1dfde4
53.075134	1e5069
53.081471	1ce126bdb3a1
53.087344	1dfb39
53.093805	1dfae9
53.101452	1ed825
53.114077	1dfb39
53.123822	1e1a06
53.137827	1dfb39
53.152711	1dfb39
53.163439	1dfb71
53.170555	1e379a
53.182209	1dfb63
53.189623	1dfb39
53.198972	1dfb63
53.210040	1dfb39
53.218315	1e0cdc
53.224642	1dfd9b
53.237011	1dfdac
53.246691	1eb87f
53.259247	1dfb39
53.273521	1e1a06
53.283310	1dfb63
53.293962	1dfb39
53.301475	1e1626
53.310561	1dfb39
53.323899	1dfb71
53.337681	1e379a
53.349720	1dfb63
53.355030	1e1a06
53.360358	1ce126bdb340
53.373515	1e1484
53.379673	1e379a
53.392321	1dfb39
53.397952	1e1a06
53.405411	1dfb39
53.418804	1dff05
53.424595	1e0cb0
53.432368	1dfb39
53.438273	1e379a
53.446436	1dff05
53.451700	1e1978
53.463108	1dfb63
53.474849	1eb681
53.485606	1e1a06
53.494071	1eb68d
53.502159	1eb5d5
53.512924	1e948f
53.519117	1e1a06
53.529592	1e1a06
53.535241	1e1a06
53.546806	1ce126cd7884
53.556631	1eb735
53.571695	1eb5d9
53.584160	1ea578
53.597299	1dfb63
53.605804	1ed32f
53.617065	1dfde4
53.628213	1e1a06
53.641913	1e15d6
53.655342	1dfb39
53.663078	1dfb39
53.676115	1e1a06
53.687280	1e1a06
53.693957	1dfb63
53.707715	1dfb39
53.713839	1dfb39
53.719851	1e1a06
53.729712	1e18df
53.735927	1dfb31
53.751006	1e379a
53.762187	1e1a06
53.776552	1dfb39
53.787947	1dfb63
53.798268	1dfcdb
53.804906	1dfb39
53.810263	1dfb39
53.817948	1dfb39
53.823360	1e1a06
53.830658	1e15b5
53.840183	1dfb39
53.854604	1ebdaf
53.863257	1e9e54
53.877614	1dfb39
53.888377	1e9702
53.897035	1e502b
53.903205	1e3780
53.908656	1e1908
53.919051	1dfb39
53.931819	1dfec3
53.943907	1dfb63
53.955201	1dff05
53.965564	1e3844
53.979849	1e1a06
53.995000	1ce126bdb870
54.003152	1dfb39
54.009647	1ce126bdb870
54.023274	1e9365
54.038408	1dfb63
54.048257	1ce126bdae2f
54.054297	1dfb39
54.066670	1dfb63
54.073531	1e1a06
54.086254	1e9505
54.094759	1dfb39
54.100262	1ce126bdb870
54.113686	1dfb39
54.126182	1e0033
54.136855	1ebda8
54.146761	1dfb39
54.154091	1dfb39
54.168279	1e0880
54.182561	1e0880
54.194763	1e0855
54.204903	1e0880
54.216367	1e0855
54.229772	1e0855
54.243419	1e0cd0
54.256079	1e0855
54.261492	1e0855
54.276244	1e0880
54.289652	1e0880
54.297220	1e0727
54.305801	1e0cb9
54.320458	1e0855
54.328405	1e0880
54.338768	1e0855
54.346862	1e0bf2
54.358717	1e0880
54.370830	1e0880
54.381677	1e0880
54.394291	1e0880
54.402669	1e0880
54.415822	1e0806
54.423903	1e0855
54.429455	1e0727
54.436794	1e0855
54.451786	1e0880
54.461813	1e0880
54.472076	1e0855
54.486566	1e0af9
54.491907	1e0880
54.507007	1e0855
54.515729	1e0d5f
54.530671	1e0855
54.536101	1e0880
54.545327	1e0ac6
54.551761	1e0855
54.557817	1e0880
54.564060	1e0880
54.570492	1e0880
54.584901	1e0cd0
54.590430	1e0880
54.596093	1e0855
54.603657	1e0880
54.609852	1e0bf7
54.621165	1e0880
54.629217	1e0880
54.636842	1e0882
54.650214	1ce126bd96df
54.661570	1e0880
54.673542	1e0880
54.684398	1e0855
54.689842	1e0880
54.703053	1e0880
54.712736	1e0855
54.720572	1e0cb0
54.731735	1e0855
54.740667	1e0855
54.755388	1e0880
54.761569	1e0855
54.771487	1e0855
54.780831	1e0880
54.793192	1e0bf7
54.799428	1e0cd0
54.809005	1e0880
54.820906	1e0cb9
54.828406	1e0880
54.834648	1e0855
54.846931	1e0bf7
54.861427	1e0880
54.874022	1e0cd0
54.888295	1e0880
54.898646	1e0855
54.906306	1e0880
54.912979	1e0855
54.922208	1e0880
54.930439	1e0880
54.937075	1e0880
54.946263	1e0880
54.958299	1e0880
54.968542	1e0880
54.977935	1e0855
54.984379	1e0bf7
54.990559	1e0cd0
55.000114	1e0855
55.011977	1e0855
55.022578	1e0880
55.035873	1ce126bd967e
55.047764	1e0880
55.058098	1e0bf7
55.065999	1e0855
55.071904	1e0855
55.085760	1e0bf7
55.096466	1e0855
55.102736	1e0880
55.116778	1e0880
55.122773	1e0880
55.129899	1e0880
55.141943	1e0880
55.150061	1e0880
55.163087	1e0855
55.177029	1e0880
55.189442	1e0880
55.203107	1e086b
55.217395	1e0bf7
55.228105	1e0705
55.242930	1e0bf7
55.256702	1e0855
55.263704	1e0cd0
55.275200	1e0880
55.284797	1e0880
55.290406	1e0880
55.297400	1e0880
55.310729	1e0855
55.316875	1ce126bd8896
55.325171	1ce126bd885e
55.332731	1ce126bd8806
55.338137	1ce126bd8806
55.348753	1ce126bd8806
55.363565	1ce126bd86ee
55.376326	1ce126bd8862
55.387965	1ce126bd870f
55.402657	1ce126bd8896
55.417420	1ce126bd870f
55.425649	1ce126bd870f
55.433235	1ce126bd870f
55.445452	1ce126bd870f
55.456556	1ce126bd875f
55.466664	1dfb39
55.472785	1dfb39
55.479956	1dfb39
55.487022	1e379a
55.500382	1dfb39
55.515196	1e0880
55.526873	1e0880
55.533955	1e0cd0
55.539631	1e0855
55.545557	1dfb39
55.551146	1dfcdb
55.557626	1e1a06
55.569414	1e379a
55.577137	1ce126cd7932
55.582367	1dff05
55.590643	1e37a1
55.604174	1e1484
55.617987	1e379a
55.628374	1e188e
55.637899	1dfb39
55.651593	1dfb39
55.662100	1dfb39
55.668509	1dfb39
55.677875	1e1a06
55.690613	1e379a
55.696459	1e19e0
55.702019	1dfb39
55.709228	1e1a06
55.721396	1ce126bdadb3
55.736193	1dff5c
55.746797	1dff6a
55.755170	1e1a06
55.764768	1ce126bdaeb4
55.774864	1e5d1d
55.785812	1dfd9b
55.794230	1e5d47
55.809082	1e5da9
55.816328	1e1a06
55.822914	1dfb39
55.828905	2029eb
55.835529	1e15f8
55.846156	1dff05
55.854710	1e0880
55.868527	1e0d5f
55.879177	1e0855
55.888165	1e0880
55.903168	1e0880
55.913811	1e0880
55.921868	1e0855
55.929590	1e0880
55.935176	1e0855
55.949058	1e28d5
55.961719	1e5ae3
55.974714	1db63f
55.984359	1ce126bd9721
55.993226	1ce126bd8709
56.003158	1ad2c1
56.009447	1c2698
56.019990	1e379a
56.029948	1ce126bd9721
56.042599	1ce126bd96fb
56.049843	1ce126bd8920
56.055561	1ce126bd8709
56.066395	1e2ee1
56.076576	1e5a6a
56.087131	1ce126bdc3c2
56.098217	1ce126bd9721
56.108047	1ce126bd8709
56.122877	1ce126bdaeec
56.137146	1ba220
56.150572	1ce126bdc3c2
56.157613	1ce126bd9721
56.170263	1ce126bd8862
56.183362	1e28e3
56.193665	1e28d5
56.206396	1e4020
56.212953	1e4df9
56.227982	1ce126bdb376
56.236244	1e4d3f
56.248711	1ce126cd791d
56.260433	1ce126cd791d
56.275504	1e379a
56.284930	1e4034
56.292388	1e4d3f
56.299531	1e42b4
56.312662	1e4034
56.319119	1ce126cd791d
56.325311	1ce126cd791d
56.339643	1ce126cd791d
56.345155	1ce126cd791d
56.356192	1ce126cd791d
56.361613	1ce126cd791d
56.370277	1e4ba5
56.379171	1fbb0f
56.389278	1e379a
56.398911	1e379a
56.405476	1e379a
56.414094	1e40cf
56.429170	1e429d
56.435299	1e4daa
56.442911	1e4020
56.450434	1f723d
56.463004	1e4bf3
56.471654	1e40df
56.480310	1ce126cd791d
56.494676	1ce126cd791d
56.506100	1ce126cd791d
56.516673	1ce126cd791d
56.521880	1ce126cd791d
56.530793	1ce126cd791d
56.538337	1ce126cd791d
56.547640	1ce126cd791d
56.556213	1ce126cd791d
56.565832	1ce126cd791d
56.581007	1ce126cd791d
56.588696	1ce126cd791d
56.596033	1e4550
56.603948	1e4bb7
56.615735	1e4d3f
56.630277	1ce126bdc238
56.642141	1e40cf
56.648848	1e4bf3
56.662625	1e4d3f
56.669094	1e4186
56.679397	1e429d
56.689061	1e4110
56.701950	1ad3cd
56.708190	1e5032
56.721453	1c1ef6
56.728257	1ce126bdb376
56.739088	1e42a1
56.752500	1e4478
56.762736	1e4020
56.773107	1e4ba5
56.779959	1e4bf3
56.790161	1e3ff6
56.803554	1e4588
56.809488	1e40cf
56.817795	1ce126cd791d
56.826415	1ce126cd791d
56.837827	1ce126cd791d
56.844279	1ce126cd791d
56.854521	1ce126cd791d
56.863128	1ce126cd791d
56.872690	1ce126cd791d
56.887740	1ce126cd791d
56.893198	1ce126cd791d
56.903098	1ce126cd791d
56.910329	1ce126cd791d
56.919922	1ce126cd791d
56.932086	1ce126cd791d
56.938450	1ce126cd791d
56.949705	1ce126cd791d
56.960946	1ce126cd791d
56.972798	1ce126cd791d
56.981548	1ce126cd791d
56.992075	1ce126cd791d
57.001175	1ce126cd791d
57.011143	1ce126cd791d
57.022837	1ce126cd791d
57.037329	1ce126cd791d
57.048343	1ce126cd791d
57.057554	1ce126c55bcb
57.064882	1e40d7
57.074873	1ce126bdb870
57.086522	1e4d3f
57.094415	1ce126bdb870
57.106438	1ce126bdb870
57.119068	1fbb4b
57.128735	1e4020
57.134714	1e379a
57.146417	1e4020
57.154100	1e4bc8
57.164241	1ce126bdb870
57.176811	1ce126bdb870
57.189103	1e4d3f
57.203418	1e4043
57.213549	1e4d3f
57.227804	1ce126bda20b
57.241586	1ce126bdb870
57.250717	1e40cf
57.257680	1e4ba5
57.267018	1e4d3f
57.276426	1ce126bdc3c2
57.286787	1ce126bdc3c2
57.298755	1db873
57.307670	1ce126bdc3c2
57.322840	1ce126bdc3c2
57.337774	1ce126bdc3c2
57.346210	1ce126bdc3c2
57.359491	1ce126bdc3c2
57.370991	1ce126bd9664
57.378445	1ce126bd9721
57.387103	1ce126bdc3c2
57.392761	1db873
57.407058	1ce126bdc3c2
57.422182	1ce126bdc3c2
57.432830	1ce126bdc3c2
57.440301	1ce126bd96dd
57.445922	1ce126bdc3c2
57.457543	1ce126bdc3c2
57.469792	1ce126bdc3c2
57.481215	1ce126bdc3c2
57.487244	1ce126bd9721
57.497271	1ce126bdc3c2
57.512290	1ce126bdc3c2
57.522666	1db8b1
57.534037	1ce126bdc3c2
57.544839	1db873
57.550244	1ce126bdc3c2
57.563556	1ce126bdc3c2
57.577755	1ce126bd9721
57.585344	1ce126bd96bb
57.592956	1ce126bdc3e2
57.598908	1ce126bd9721
57.610459	1ce126bd96ce
57.620365	1ce126bdc3c2
57.626063	1ce126bdc3c2
57.640004	1ce126bd9721
57.647290	1ce126bdc3c2
57.654968	1ce126bd9721
57.668026	1ce126bd9721
57.674157	1ce126bd9721
57.685098	1ce126bd96fb
57.699305	1ce126bdc3c2
57.705034	1ce126bdc3c2
57.712959	1db873
57.719748	1ce126bdc3c2
57.729322	1ce126bdc3c2
57.751365	1ce126c55bcb
57.757822	1ce126bd8862
57.772207	1ce126bd8862
57.778101	1ce126bd8862
57.783605	1ce126bd8862
57.791268	1ce126bd8862
57.804589	1ce126bd8709
57.811860	1ce126bd8862
57.818479	1ce126bd8862
57.829542	1ce126bd8862
57.840979	1ce126bd8709
57.851741	1ce126bd8862
57.862153	1ce126bd8709
57.867524	1ce126bd8709
57.877979	1ce126bd8862
57.884637	1ce126bd8709
57.894162	1ce126bd887f
57.906352	1ce126bd8709
57.918630	1ce126bd8896
57.924277	1ce126bd8709
57.930918	1ce126bd88b2
57.936402	1ce126bd8862
57.946661	1ce126bd8806
57.956966	1ce126bd8806
57.966669	1ce126bd8709
57.974389	1ce126bd8862
57.984185	1ce126bd8709
57.992271	1ce126bd8709
58.000787	1ce126bd8806
58.008749	1ce126bd8896
58.017368	1ce126bd88b2
58.029334	1ce126bd86df
58.036985	1ce126bd8862
58.047283	1ce126bd8806
58.055131	1ce126bd8709
58.063138	1ce126bd8896
58.068348	1ce126bd8862
58.077582	1ce126bd8709
58.083176	1ce126bd8709
58.094020	1ce126bd8709
58.107280	1ce126bd8862
58.118636	1ce126bd8862
58.129650	1ce126bd887f
58.142242	1ce126bd8709
58.156958	1ce126bd8862
58.163260	1ce126bd8896
58.169310	1ce126bd8862
58.180516	1ce126bd8709
58.191525	1ce126bd8709
58.200322	1ce126bd8709
58.214565	1ce126bd8867
58.225963	1ce126bd8709
58.234177	1ce126bd8709
58.244960	1ce126bd870f
58.253231	1ce126bd8910
58.263602	1ce126bd8806
58.269045	1ce126bd8709
58.274320	1ce126bd8709
58.285478	1ce126bd88b2
58.291961	1ce126bd8709
58.301250	1ce126bd8862
58.312631	1ce126bd8709
58.319608	1ce126bd8862
58.326777	1ce126bd8709
58.338501	1ce126bd8709
58.347555	1ce126bd8709
58.353178	1ce126bd88b2
58.361371	1ce126bd8709
58.369107	1ce126bd8806
58.381222	1ce126bd8806
58.392614	1ce126bd8862
58.403744	1ce126bd870f
58.416240	1ce126bd8896
58.426232	1ce126bd8806
58.436474	1ce126bd8709
58.446681	1ce126bd8806
58.461359	1ce126bd870f
58.472010	1ce126bd8862
58.478699	1ce126bd870f
58.490480	1dff05
58.502937	1e1a06
58.515656	1dfb39
58.524763	1dfb39
58.532623	1e379a
58.543114	1e0727
58.555201	1f261e
58.569653	1e0855
58.584344	1e0727
58.589941	1e0727
58.597042	1e0727
58.602675	1e0880
58.609929	1e0855
58.618851	1e0bf7
58.628616	1e0cd0
58.637808	1e0cb0
58.648753	1e0855
58.657292	1e0880
58.669605	1e0cb0
58.680064	1ce126bdc41b
58.695170	1e0880
58.703543	1e0880
58.718013	1e0cb0
58.728334	1ce126bd8806
58.734515	1ce126bd8814
58.748012	1ce126bd870f
58.756969	1e0bf7
58.766922	1e07db
58.780913	1e0d5f
58.795038	1e0880
58.807455	1e379a
58.815845	1e379a
58.826265	1e5dd8
58.834202	1e1a06
58.839716	1dfb39
58.849534	1dfec3
58.857863	1e379a
58.864906	1ce126bdae57
58.874540	1e1a06
58.884286	1e15b5
58.899445	1e395a
58.909169	1e5e33
58.918450	1e1a06
58.931677	1dff05
58.943267	1dfb39
58.952139	1dfe97
58.958914	1dfb39
58.964474	1e379a
58.976994	1ce126bdb036
58.983651	1ce126bdc238
58.997270	1e15b5
59.010111	1e379a
59.016440	1dfeac
59.023881	1e5d47
59.038411	1e5d71
59.045578	1dfb39
59.050906	1e19ae
59.060642	1e0727
59.070260	1e0855
59.076810	1e0880
59.087465	1e0880
59.099178	1e0880
59.111709	1eaa4b
59.123931	1e15b5
59.138911	1dff05
59.146917	1dfb90
59.158518	1ea83e
59.173239	1ea522
59.187705	1dfb39
59.198827	1dfb39
59.209544	1dfca5
59.221717	1e1484
59.229461	1e1a06
59.240512	1dff9d
59.251910	1e18a8
59.259982	1dfb39
59.271378	1dfb63
59.282804	1dfb39
59.291568	1e1a06
59.300850	1e1a06
59.306070	1e1a06
59.317147	1dfb39
59.325531	1dfb63
59.333462	1e1a06
59.345030	1eaa53
59.354906	1dfb39
59.368746	1e1a06
59.378864	1ea84f
59.391049	1ce126bdc067
59.403348	1e15b5
59.408851	1dfb39
59.420533	1e15b5
59.428723	1e1a06
59.439827	1e1a06
59.447427	1e9e19
59.459521	1e1a06
59.472990	1e1a06
59.480353	1eb640
59.487295	1e1a06
59.495290	1dfb39
59.508583	1dfb39
59.520876	1e379a
59.529427	1dfccb
59.542353	1e386c
59.552144	1e1a06
59.563590	1ea898
59.578471	1dfb63
59.585696	1e1a06
59.595327	1ce126bda97f
59.603873	1ce126bdad46
59.616374	1e1484
59.625147	1e1a06
59.634971	1eb766
59.646929	1ebd68
59.654282	1e1a06
59.668614	1ce126bdc238
59.676983	1dfae0
59.688278	1e1a06
59.702046	1e1484
59.716589	1e379a
59.730147	1e379a
59.741468	1dfb39
59.752994	1e191b
59.766103	1eb549
59.775322	1e93dd
59.781114	1dfb39
59.791925	1dfb39
59.803425	1e379d
59.808765	1e379a
59.817507	1dfb39
59.831160	1ea54b
59.837371	1dfb63
59.847988	1dfb39
59.857141	1ea74a
59.867599	1e1908
59.880458	1dfb39
59.895021	1e1a06
59.910104	1e5039
59.916661	1e379a
59.925615	1eb5a0
59.935948	1e380f
59.950921	1dff9d
59.961836	1dfb39
59.971534	1e1a06
59.982257	1dfb39
59.989216	1e0880
60.003675	1e0880
60.009951	1e0880
60.015872	1e0855
60.027694	1e0880
60.038733	1e0855
60.046978	1e0880
60.052833	1e0855
60.063730	1e0882
60.076174	1e0b91
60.088865	1ce126bd97bc
60.102250	1e0880
60.116561	1e0880
60.126377	1e0cb9
60.133451	1e0855
60.139475	1e0855
60.148524	1e0880
60.155027	1e0880
60.162848	1e0727
60.174630	1e0727
60.183302	1e0855
60.189560	1ce126bd97a8
60.199646	1e0cb0
60.212954	1e0cb9
60.221187	1e0855
60.231431	1e0880
60.237422	1e0855
60.244858	1e0855
60.256228	1e0880
60.264034	1e0d45
60.277971	1e0880
60.286033	1e0880
60.298442	1e0880
60.310601	1e0880
60.321916	1e0bf7
60.328703	1e0880
60.340358	1e0855
60.351782	1e0855
60.364640	1e0cbe
60.375538	1e0880
60.390436	1e0cd0
60.395614	1e0880
60.408691	1e0bf7
60.422207	1e0880
60.433813	1e086b
60.445472	1e0880
60.456384	1e0855
60.465945	1e0880
60.472216	1e0880
60.486253	1e0bf9
60.498631	1e0880
60.507985	1e0727
60.518759	1e0880
60.524032	1e0880
60.538921	1e0855
60.545632	1e0cd0
60.553955	1e0855
60.567937	1e0880
60.582833	1e0880
60.589369	1e0880
60.603588	1e0855
60.617082	1e075d
60.631705	1ce126bd888f
60.637377	1ce126bd8862
60.648868	1ce126bd881c
60.661115	1ce126bd870f
60.666874	1ce126bd870f
60.675749	1ce126bd8718
60.689181	1ce126bd870f
60.699069	1ce126bd86d0
60.711055	1ce126bd888b
60.716815	1ce126bd870f
60.725957	1ce126bd870f
60.732148	1dfb39
60.742971	1e1a06
60.751360	1dfb39
60.761314	1e3832
60.766677	1e1a06
60.772279	1e1a06
60.785167	1dfb25
60.793892	1e1a06
60.800502	1e502b
60.812435	1dfb39
60.817630	1ce126cd795b
60.824765	1dfdac
60.831333	1dff05
60.846310	1dff05
60.854302	1ce126bda986
60.867488	1dfb71
60.879443	1dfb39
60.892789	1dfb39
60.905318	1dff05
60.919168	1dfb39
60.932211	1e379a
60.941424	1ed88f
60.951123	1dfb39
60.957638	1e1a1e
60.969399	1dfb39
60.976577	1e379a
60.991089	1dff05
61.003263	1dfb39
61.013641	1dff05
61.023441	1dfb39
61.037149	1e93dd
61.052003	1e1484
61.063695	1ce126bda97f
61.074358	1e93dd
61.087791	1eb621
61.095516	1eb728
61.108194	1dfb13
61.117688	1dfb39
61.129738	1e1484
61.137670	1dfb39
61.152408	1ea696
61.164977	1dfb39
61.177373	1dfb5c
61.184338	1dfb39
61.195195	1e199d
61.209864	1e1579
61.221863	1e1a06
61.234535	1e1a06
61.241875	1e1a06
61.250803	1dff05
61.259659	1dfdac
61.271453	1ce126bdb394
61.285403	1dfb39
61.296265	1eb7f4
61.305971	1e1a06
61.320964	1ebd90
61.326852	1dfb39
61.332189	1e19a1
61.339908	1ce126cd78ab
61.348270	1ea707
61.361208	1e91d3
61.375319	1e0cde
61.384406	1ce126bdae2f
61.390386	1dfb63
61.402674	1dfb39
61.411731	1dfb39
61.418473	1dfb63
61.430923	1e1a06
61.439775	1e15b5
61.454443	1ce126bdb04a
61.468938	1e378a
61.480323	1dfb39
61.494335	1e15f8
61.504185	1dfb39
61.515930	1dfb39
61.529947	1dfb63
61.535387	1dfb39
61.541311	1dfb71
61.555628	1dfb39
61.562668	1dfb39
61.577767	1ce126cd7891
61.587791	1e19d3
61.593143	1dfb39
61.607572	1e9d8d
61.618406	1e379a
61.626319	1dfd9b
61.633494	1dfb71
61.642253	1dfb71
61.651604	1dfb39
61.664606	1dfb63
61.673633	1e379a
61.682026	1e9252
61.689287	1dfb63
61.701446	1dfb39
61.709390	1dfb39
61.714654	1dfb63
61.723112	1dfb39
61.732889	1dfb39
61.745733	1e1a06
61.760190	1dfb39
61.772369	1dfe75
61.783315	1dfb63
61.793126	1dfb63
61.800338	1ce126cd7884
61.815505	1e002f
61.827618	1dfb39
61.835374	1e1a06
61.843019	1ce126bdad46
61.854550	1dfff1
61.863190	1dfb63
61.874391	1ce126bdb5c2
61.882476	1dfb39
61.897458	1e379a
61.906861	1e1a06
61.917692	1dfb39
61.926365	1dfb63
61.940822	1eb5d5
61.947311	1dfb39
61.962475	1e194e
61.969638	1e93dd
61.984488	1e0ceb
61.991526	1e1f03
61.998365	1e002f
62.012019	1e1f37
62.018004	1dfb39
62.025372	1dfff1
62.034006	1eb702
62.039761	1dfff1
62.048125	1e1423
62.062321	1e1a06
62.074435	1dfb39
62.084599	1ce126cd810a
62.097497	1dfb63
62.105907	1dfb39
62.112917	1e1a06
62.124865	1ce126bdb870
62.132609	1dfb39
62.145639	1e4fed
62.151490	1ce126bdb870
62.161928	1dfff1
62.169800	1dfb39
62.181546	1dfb39
62.187277	1dfb39
62.201455	1ce126bdb85f
62.212546	1dfb39
62.217949	1e0072
62.226906	1ea58a
62.234069	1e37a1
62.246562	1e1a06
62.261325	1dfb63
62.268313	1dfb39
62.276607	1dfb39
62.290249	1dfb41
62.297692	1ea597
62.312866	1ce126bdb870
62.324982	1e0072
62.336668	1ed847
62.349595	1dfb39
62.359826	1e1a25
62.372043	1dfb71
62.385925	1ebda8
62.395686	1eb5d5
62.402099	1e4ff0
62.413763	1ebda8
62.428267	1dfb39
62.441876	1dfb39
62.454484	1ce126bdb85f
62.466469	1dfff1
62.472317	1dfb63
62.486758	1ce126bdadb3
62.498744	1dfb39
62.511305	1dfb39
62.516531	1e1a06
62.523686	1dfff1
62.534595	1e19dc
62.547047	1dfb63
62.553771	1ebda8
62.564213	1ea87c
62.572994	1dfb71
62.586836	1dfb39
62.594206	1e1f42
62.600027	1dfb63
62.606593	1dfb63
62.615353	1e0cb9
62.624739	1e0880
62.636585	1e0880
62.643023	1e0855
62.654416	1e0880
62.667105	1e0880
62.674334	1e0882
62.683278	1e0855
62.694374	1e0880
62.706504	1e0855
62.720857	1e0880
62.728658	1e0855
62.736504	1e0880
62.751058	1e0855
62.762368	1e0855
62.768739	1e0727
62.783327	1e0880
62.797412	1e0880
62.812456	1e0880
62.822474	1e0855
62.829654	1e0a8e
62.839351	1e0880
62.846029	1e0880
62.860784	1ce126bd97c1
62.867869	1e0727
62.873465	1e0880
62.883365	1e0880
62.889312	1e0855
62.896395	1e0880
62.903150	1e0855
62.908751	1e0855
62.915267	1e0855
62.920470	1e0d39
62.932121	1e0880
62.943926	1e0880
62.956195	1e0855
62.963977	1e0880
62.972288	1e0cd0
62.986328	1e0880
62.991934	1e0855
62.998389	1e0880
63.004136	1e0aa4
63.016139	1e0cd2
63.029170	1e0cb9
63.036960	1e07e5
63.045541	1e0880
63.057090	1e0880
63.069899	1e0882
63.077050	1e0855
63.084497	1f2614
63.090004	1e0880
63.098055	1e0880
63.103744	1e0855
63.117595	1e0855
63.132358	1e0880
63.142408	1e0880
63.149778	1e0880
63.162920	1e0855
63.168893	1e0855
63.181140	1e0855
63.194159	1e0880
63.204857	1e0882
63.214455	1e0880
63.221448	1e0880
63.230226	1e0cb9
63.238794	1e0880
63.250833	1e0880
63.258656	1e0855
63.266899	1e0855
63.272423	1e0880
63.281172	1e0880
63.291840	1e0d65
63.306873	1e0880
63.313498	1e0880
63.325615	1e0880
63.337843	1e0880
63.345266	1e0880
63.352046	1e0880
63.359378	1e0855
63.373967	1e0855
63.381757	1e0855
63.388465	1e0cd0
63.394219	1ce126bd967e
63.405547	1e0880
63.412591	1e0cd0
63.421308	1e0855
63.430957	1e0855
63.439756	1e0855
63.446320	1e0bf7
63.456281	1e0880
63.467852	1e0855
63.473480	1e0880
63.483495	1e0855
63.493213	1ce126bdc3ad
63.503178	1e0d5f
63.514526	1e0880
63.523196	1ce126bdc3b7
63.529285	1e0855
63.542471	1e0880
63.548431	1e0727
63.557572	1e0d5f
63.563330	1e0880
63.575403	1e0cd0
63.587484	1e0880
63.598653	1e0880
63.605887	1e0855
63.618826	1e0882
63.624264	1e0cd0
63.629956	1e0cb9
63.638517	1e0bf7
63.649873	1e0855
63.663964	1e0880
63.674612	1e0880
63.687555	1e0880
63.701775	1e0880
63.714483	1e0880
63.722764	1e0814
63.728845	1e0880
63.734237	1e0855
63.741874	1e0855
63.753560	1e0880
63.759861	1e0880
63.769744	1e0855
63.778775	1e0cb9
63.791704	1e0855
63.799638	1e0855
63.813106	1e0a8e
63.822416	1e0727
63.829763	1e0855
63.836162	1e0754
63.847111	1e0880
63.852606	1e0880
63.861768	1e0880
63.868529	1e0882
63.883098	1e0880
63.888422	1e0855
63.894712	1ce126bd97bc
63.901771	1e0855
63.909784	1e0880
63.916986	1ce126bd8806
63.930971	1ce126bd8806
63.938758	1ce126bd8806
63.952383	1ce126bd8896
63.961951	1ce126bd8806
63.970466	1ce126bd870f
63.978178	1ce126bd886f
63.983814	1ce126bd8862
63.998590	1ce126bd8709
64.004815	1ce126bd8806
64.012918	1ce126bd8806
64.026715	1ce126bd8862
64.041825	1ce126bd870f
64.056258	1ce126bd870f
64.065615	1ce126bd870f
64.078802	1ce126bd870f
64.089559	1ce126bd8806
64.100859	1ce126bd8806
64.111319	1ce126bd8709
64.124579	1dfae9
64.137500	1e1a06
64.145226	1dfb71
64.151012	1dfde4
64.156816	1e91cf
64.165979	1eb528
64.177528	1e379a
64.185662	1e1a06
64.195261	1dfb63
64.205085	1dfb39
64.217763	1dfb39
64.227811	1dfb39
64.234400	1dfb39
64.240292	1e379a
64.252087	1dfb39
64.261766	1dff05
64.273315	1e379a
64.279342	1e1a06
64.286876	1e379a
64.298696	1dfb39
64.309979	1dfb39
64.320170	1dfe62
64.327304	1dfe86
64.335533	1ebd6e
64.347987	1e379a
64.353479	1e92b2
64.361893	1e1484
64.367102	1dff05
64.376291	1e15b5
64.388756	1e1a06
64.400621	1e948f
64.408678	1dfb39
64.421404	1ce126bdb560
64.429319	1e379a
64.438540	1ce126bdb560
64.448820	1ce126cd78ab
64.455013	1dfa4e
64.465580	1e1a06
64.479877	1ed88f
64.488974	1e1a06
64.498397	1dfb39
64.512857	1dfb39
64.526416	1dfde4
64.537894	1dfb63
64.546083	1e1a06
64.560966	1e3860
64.572516	1dfb39
64.586480	1dfb39
64.594249	1e379a
64.608768	1e0cb0
64.614933	1ebced
64.628214	1dfb39
64.633714	1e379a
64.641166	1dfb39
64.656135	1dfb39
64.664753	1dfb39
64.679263	1e9302
64.686223	1dfb63
64.697780	1dfb39
64.704441	1eb6b1
64.715779	1e379a
64.724036	1dfb63
64.734386	1dfb39
64.746078	1e37db
64.753491	1dfb39
64.765417	1dfb39
64.780076	1e1a06
64.786232	1e1a06
64.794654	1eb59c
64.805931	1dfb63
64.814135	1e95bf
64.821856	1dfb39
64.828166	1e379a
64.836458	1dfb63
64.846375	1e1a06
64.852991	1ce126bda9d1
64.859330	1dfb39
64.873653	1e1a06
64.878968	1e1a06
64.887266	1dfb39
64.893165	1e1a06
64.899947	1dfb39
64.910746	1e9677
64.917303	1dfb39
64.926939	1eb512
64.938579	1dfb39
64.948449	1dfb63
64.960825	1e1a06
64.967657	1dfb39
64.979317	1e3794
64.994524	1eb58e
65.004352	1e379a
65.013381	1ce126cd7935
65.026485	1ea7d5
65.040667	1dfb39
65.054105	1dfb39
65.064548	1e1a06
65.079190	1dfb63
65.087712	1dfb39
65.102469	1e1a06
65.111520	1e379a
65.122722	1e9f21
65.132752	1dfa69
65.139779	1e3871
65.149376	1dfb39
65.157268	1dfb39
65.171684	1e1904
65.183287	1ebd35
65.192922	1dfa38
65.200672	1dfb63
65.215471	1dfb63
65.222950	1e948f
65.236802	1eb55f
65.244072	1e1484
65.259088	1dfb63
65.266644	1dfb39
65.271953	1dfb63
65.286746	1e379a
65.299418	1dfb39
65.308572	1dfb39
65.321343	1e1a06
65.334968	1dfb39
65.344336	1dfb39
65.359553	1e1a0b
65.370715	1e1a0b
65.377996	1e9dc4
65.385838	1e1a06
65.396437	1e3780
65.409418	1dfac5
65.418381	1dfb39
65.428590	1e379a
65.441189	1eb616
65.453184	1dfdd5
65.461078	1ed2eb
65.466989	1ed2c9
65.480423	1e969b
65.489581	1dfb63
65.495062	1eb79b
65.500791	1e37ef
65.512041	1eb5d5
65.524356	1e93dd
65.535763	1dfb63
65.543213	1dfb63
65.553258	1dfb39
65.560941	1ea946
65.568215	1e1a06
65.574418	1eb86f
65.580430	1dfb39
65.589037	1dfb63
65.596933	1dfb05
65.610025	1dfb39
65.622727	1ce126bdc238
65.633595	1ea537
65.645210	1dfb39
65.660255	1e379a
65.669877	1dfb39
65.683133	1dfb63
65.694482	1dfb39
65.702600	1ebd7c
65.714941	1dfb39
65.722313	1dfb39
65.735578	1e1a06
65.742728	1e9de5
65.755667	1e92aa
65.761546	1eb728
65.766833	1e1a06
65.777245	1e1a06
65.790622	1dfb39
65.805382	1dfde4
65.811808	1ce126bdc060
65.826686	1dfb63
65.832391	1ed2be
65.845290	1dfb39
65.853143	1eb5d5
65.862128	1e18cb
65.872233	1dfb39
65.878250	1e1a06
65.889212	1e379a
65.901971	1ba254
65.911137	1e379a
65.920165	1ce126bdae7d
65.929183	1e1887
65.938439	1e1a06
65.952254	1dfb63
65.965160	1dfb63
65.976315	1e1a06
65.987625	1dfb63
65.994887	1e1f13
66.005474	1dfb63
66.018708	1e149f
66.031537	1dfb39
66.039134	1dfb39
66.047933	1dfb39
66.061523	1dfb39
66.070876	1e1a06
66.085721	1e379a
66.093845	1e1a06
66.101515	1ea58a
66.113637	1dfb39
66.120814	1e002f
66.133750	1e379a
66.145488	1ce126bdb042
66.160335	1dfb71
66.172584	1dfb39
66.185660	1ce126bdb870
66.199513	1e1f37
66.213243	1e91d3
66.222156	1dfff1
66.230646	1dfb39
66.236946	1dfb39
66.251699	1e1940
66.266656	1dfb63
66.275987	1e1a0b
66.290302	1eb5d5
66.299361	1dfb39
66.310245	1e15b5
66.315828	1dfb39
66.330577	1ce126c5197b
66.337186	1ce126bdb870
66.345228	1dfdd5
66.355872	1dfb39
66.362461	1dfb39
66.372753	1e1f37
66.382245	1e1f42
66.396603	1dfb39
66.408698	1ce126bdc210
66.420422	1dfb63
66.431247	1dfb63
66.442221	1ebda8
66.449422	1dfff1
66.462279	1e0038
66.471953	1e0038
66.484354	1e1f37
66.494310	1dfb39
66.503485	1e1a06
66.514231	1dfb63
66.524305	1e9417
66.530599	1ed888
66.537080	1dfb63
66.550774	1e1a06
66.560904	1dfff1
66.569887	1eb5e9
66.580217	1dfb39
66.587285	1dfb71
66.593333	1e379a
66.603334	1e039f
66.610525	1dfb39
66.616145	1ce126bdb870
66.627267	1eb616
66.634756	1e1a06
66.644926	1ce126bdb870
66.659140	1dfb39
66.671281	1dfb39
66.678160	1dfff1
66.685246	1dfb39
66.691110	1eb5a0
66.696570	1dfb39
66.703963	1dfb63
66.719032	1ce126bdaeec
66.728647	202958
66.741180	1dfb39
66.747296	1dfb63
66.759246	1dfb71
66.764477	1e505f
66.772398	1dfb39
66.783093	1dfb39
66.797149	1dfb63
66.806406	1ce126bda20b
66.813494	1ed88f
66.820757	1dfb63
66.829402	1dfb39
66.841970	1dfb05
66.853014	1dfb63
66.867636	1ebd63
66.881835	1e1a06
66.893947	1ebda8
66.907095	1dfff1
66.912498	1dfb63
66.926829	1ebda8
66.939409	1eb860
66.948108	1e19bb
66.953781	1e1a06
66.959553	1dfb39
66.968308	1dfb39
66.976971	1dfb63
66.986987	1dfb39
66.994472	1eb599
67.002646	1e379d
67.017565	1e1a06
67.030452	1e0033
67.043607	1dfb39
67.058525	1dfb63
67.065221	1e1484
67.078189	1ce126bdc210
67.091376	1dfb39
67.104932	1dfff1
67.112144	1dfb63
67.122118	1dfff1
67.133379	1dfb39
67.138681	1e9273
67.151125	1eb62b
67.162662	1e1a06
67.172409	1e1a06
67.185640	1e1a06
67.199243	1ce126bdaeec
67.205633	1e380f
67.219202	1dfb39
67.234252	1ce126bdb870
67.247256	1dfb63
67.259323	1ed360
67.264733	1ed888
67.272349	1dfb39
67.277719	1ebda8
67.288156	1e0072
67.301666	1dfb39
67.316036	1dfff1
67.327802	1dfff1
67.341301	1dfff1
67.350212	1dfb39
67.359697	1e1a06
67.366304	1ce126cd7884
67.380905	1dfd9b
67.387381	1e1f37
67.400985	1e1e87
67.415755	1e0058
67.426972	1eb570
67.440175	1e0880
67.452510	1e0880
67.460736	1e0855
67.473837	1ce126bd97bc
67.484462	1e0a8e
67.490105	1e0880
67.501986	1e0d5f
67.513185	1e0880
67.527756	1e0cd0
67.542094	1e0880
67.556893	1e0cb0
67.564813	1e0855
67.580006	1e0880
67.594623	1e0880
67.605172	1e0880
67.611510	1e0ccc
67.620750	1e0cde
67.626705	1e0880
67.633403	1e0880
67.648306	1e0cb9
67.663000	1e0855
67.669161	1e0880
67.680178	1e0880
67.689976	1ce126bd971d
67.703375	1e0880
67.709321	1e0855
67.718193	1e0855
67.731948	1e0880
67.743044	1e0855
67.754475	1ce126bd9683
67.761284	1e0855
67.767087	1e0880
67.779698	1e0880
67.788251	1e0880
67.797580	1e0880
67.806762	1e0880
67.817361	1e0855
67.828552	1e0855
67.840683	1e0880
67.849466	1ce126bdc3ad
67.856080	1e0880
67.864994	1e0bf7
67.878853	1e0855
67.890870	1e0880
67.905525	1e0880
67.916181	1e0b05
67.929924	1e0855
67.938763	1e0855
67.946761	1e0ba1
67.958093	1f2621
67.963710	1e0855
67.973320	1e0880
67.987369	1e0855
67.997132	1e0880
68.006331	1e0880
68.021401	1e0855
68.033636	1ce126bdc3c2
68.045970	1e0880
68.057032	1e0880
68.070181	1e0880
68.078146	1e0855
68.092545	1e0880
68.107597	1e0855
68.118726	1e0880
68.132367	1e0880
68.141154	1e0855
68.150007	1e0880
68.156957	1e0855
68.166093	1e0855
68.171764	1e0bf7
68.181891	1e0880
68.194043	1e0880
68.207601	1e0880
68.218818	1e0880
68.231125	1e0871
68.244779	1e0880
68.251953	1e0855
68.263536	1e0880
68.273803	1e0880
68.286409	1e0880
68.294780	1e0880
68.302338	1ce126bdc41b
68.311117	1e0855
68.317701	1e0880
68.332262	1e0855
68.341926	1e0d5f
68.354970	1e0880
68.361076	1e0880
68.367806	1e0855
68.374537	1e0880
68.380126	1e0880
68.394540	1e0855
68.408152	1e0cd0
68.414794	1e0855
68.428271	1e0855
68.440623	1ce126bdc3b7
68.447388	1e0880
68.458134	1e0cad
68.469199	1e0880
68.475047	1e0880
68.480769	1e0bf7
68.491107	1e0880
68.499082	1e0880
68.507680	1e0cbb
68.517391	1e0855
68.530146	1e0880
68.544654	1ce126bdc41b
68.559744	1e0880
68.573523	1e0882
68.581250	1ce126bd9754
68.592119	1e0cb0
68.597460	1e0cbb
68.609847	1e0855
68.624551	1e0855
68.637588	1e0880
68.652450	1e0880
68.661420	1e0d5f
68.674147	1e0880
68.684125	1e0cd0
68.695662	1e0855
68.707945	1e0880
68.718298	1e0880
68.726254	1e0855
68.741391	1e0855
68.748517	1e0880
68.763412	1e0880
68.770012	1e0855
68.783888	1e0855
68.795494	1e0855
68.802610	1e0855
68.817050	1e0880
68.827120	1e0cb9
68.833428	1e0880
68.844484	1e0855
68.857059	1e0855
68.869890	1e0855
68.884198	1e0880
68.894630	1e0b9d
68.909053	1e0cc7
68.914381	1e0ced
68.919680	1e0880
68.925166	1e0880
68.934998	1e0b9d
68.944020	1e0855
68.958742	1e0cb9
68.966182	1e0855
68.973245	1e0880
68.985643	1e0855
68.999570	1e0855
69.013027	1e0b9d
69.021342	1e0880
69.036178	1e0880
69.048365	1e0880
69.058053	1e0cb0
69.067203	1e0855
69.078245	1ce126bd96c9
69.087142	1e0880
69.102333	1e0bf7
69.116690	1e0767
69.130046	1e0880
69.142886	1e0855
69.148870	1e0cb0
69.159903	1e0855
69.165115	1e0d65
69.176616	1e0855
69.186781	1e0880
69.201375	1e0880
69.213326	1e0b9d
69.224952	1e0855
69.237159	1e0855
69.249276	1e0880
69.255509	1e0bf7
69.266147	1e0bf7
69.273157	1e0880
69.282792	1e0880
69.290776	1e0bf7
69.299257	1e0855
69.305207	1e0855
69.310574	1e0880
69.325421	1e0880
69.332529	1e0880
69.342827	1e0880
69.350918	1e0880
69.364884	1ce126bd96d2
69.373024	1e0bf7
69.380703	1e0735
69.392761	1e0880
69.407451	1e0bf7
69.412890	1e0880
69.418696	1e0880
69.431603	1e0855
69.440030	1e0880
69.448091	1ce126bd8896
69.461483	1ce126bd8806
69.472292	1ce126bd8896
69.478047	1ce126bd8806
69.489757	1ce126bd8806
69.501229	1ce126bd8806
69.509644	1ce126bd887f
69.520931	1ce126bd8806
69.527841	1ce126bd887f
69.535242	1ce126bd8842
69.540844	1ce126bd875b
69.551846	1ce126bd8825
69.564057	1ce126bd86ee
69.571920	1ce126bd875b
69.584405	1ce126bd8862
69.590008	1ce126bd870f
69.600916	1ce126bd88bf
69.609348	1ce126bd8709
69.616255	1ce126bd8825
69.630438	1ce126bd870f
69.639074	1ce126bd870f
69.648659	1ce126bd8896
69.657432	1ce126bd887b
69.669759	1ce126bd86ff
69.680742	1ce126bd8910
69.690733	1ce126bd8703
69.704428	1ce126bd870f
69.711370	1ce126bd870f
69.716924	1ce126bd870f
69.729078	1e1a06
69.738640	1eb6f1
69.748094	1e1a06
69.762818	1dfb63
69.772849	1e1a06
69.786789	1e9d67
69.792812	1dfb39
69.798660	1e190f
69.807595	1e9505
69.818378	1e1a06
69.828924	1eb5d5
69.837663	1dfb39
69.850457	1dfb39
69.864781	1e95cb
69.871974	1dfb39
69.881047	1e1484
69.889235	1ce126bdb560
69.894811	1dfe14
69.902143	1dfb63
69.908465	1dfb39
69.919928	1e379a
69.933933	1dfb39
69.949029	1dfb63
69.956126	1dfb39
69.964077	1e379a
69.969864	1dfb39
69.981915	1e379a
69.989147	1e0cb0
69.999311	1dfb39
70.012535	1dfb39
70.024505	1e9365
70.039352	1dfb39
70.046350	1dfb63
70.054700	1e1a06
70.060350	1dfb39
70.065532	1ea729
70.074290	1dfb39
70.082895	1dfb39
70.089027	1dfb39
70.097824	1dfb39
70.105327	1dfb39
70.119054	1ed813
70.124374	1e379a
70.135028	1e379a
70.147529	1dfa7e
70.155894	1e153b
70.164682	1dfb39
70.170077	1dfb39
70.180682	1e379a
70.194899	1dfb39
70.203481	1e1a06
70.214942	1e1a06
70.225775	1dfb39
70.237928	1dff9d
70.245757	1dfb71
70.251499	1e9302
70.265025	1dff6a
70.276444	1dfb39
70.284554	1dfb39
70.295084	1dfb39
70.306671	1ce126bdaad6
70.321181	1eb605
70.331877	1e1a06
70.337798	1e379a
70.348000	1e93dd
70.360088	1dfb39
70.365758	1dfb63
70.380504	1dfb39
70.389968	1dfb63
70.400704	1dfb39
70.408584	1e1a06
70.421963	1e15b5
70.434933	1e3781
70.441658	1e03af
70.448718	1dfb39
70.457336	1e1a06
70.469075	1ebd05
70.483807	1eb837
70.497838	1dfb39
70.507621	1dfb39
70.512902	1dfd9b
70.520127	1dfb39
70.526308	1e379a
70.533835	1e948f
70.547274	1e1484
70.553954	1dff05
70.563607	1e379a
70.577412	1dfb63
70.587852	1dfb39
70.602841	1e505b
70.614253	1dfb63
70.627921	1e1887
70.636217	1ce126bdb560
70.642861	1e195b
70.657232	1dfb39
70.663836	1dfb63
70.671088	1dfec8
70.678994	1dfb39
70.684612	1dfb39
70.691453	1ebd1a
70.698557	1dff05
70.713208	1dfb39
70.722286	1dfaba
70.729257	1dfb39
70.739876	1eb860
70.752711	1e1a06
70.766639	1dfb63
70.772043	1dfb39
70.780322	1dfb39
70.789121	1eb860
70.802681	1dfb52
70.816780	1dfb39
70.823120	1dfb17
70.834972	1e948f
70.844634	1dfb63
70.852844	1dfb39
70.863625	1dfb39
70.876145	1dfb63
70.889559	1dfb39
70.899117	1ea537
70.913798	1dfb39
70.925299	1e379a
70.931876	1dfb39
70.945250	1dfb39
70.959449	1dfb39
70.972634	1ce126bdb36e
70.978172	1e1a06
70.984357	1dfb39
70.994739	1dfb63
71.002775	1e1a06
71.013373	1dfa69
71.023075	1dfb39
71.029302	1dfb63
71.037165	1dfb39
71.048309	1e1a06
71.055381	1dfb39
71.064123	1dfb63
71.075330	1dfb63
71.088549	1ce126cd7891
71.096026	1eb860
71.103247	1dfb39
71.108717	1ce126bdc178
71.123075	1dfb39
71.129711	1dfb39
71.141064	1e9d94
71.147049	1dfb39
71.160671	1dfb4f
71.173201	1dfb5c
71.180446	1e1efb
71.186072	1eb750
71.194598	1ea917
71.202202	1dfb39
71.215688	1dfb39
71.226910	1e03dd
71.241084	1eb860
71.255714	1dfb39
71.263555	1dfb39
71.277839	1dfb63
71.287762	1e378a
71.301103	1dfb63
71.307305	1dfb63
71.322215	1eb58b
71.336066	1dfb63
71.342459	1eb5d5
71.350573	1e03dd
71.361850	1e9d27
71.369140	1dfb39
71.379724	1eb5e5
71.391449	1dfb39
71.403651	1e9302
71.411385	1ce126bdb560
71.417228	1dfb63
71.424080	1eb605
71.435706	1e18a8
71.449225	1dfb39
71.463319	1dfb39
71.471750	1dfb39
71.477607	1e1a06
71.491209	1e1a06
71.497568	1dfaba
71.510176	1dfb39
71.522044	1dfb63
71.536549	1e1a06
71.543486	1dfb39
71.552273	1dfb39
71.558210	1dfb63
71.567212	1dfb39
71.575894	1ce126bdc210
71.582205	1e1a06
71.593964	1dfb87
71.600931	1e19a1
71.607718	1e1a06
71.615010	1dff24
71.628248	1e1a06
71.639407	1e37fa
71.650781	1e500c
71.663537	1ce126bdadb3
71.675874	1e188a
71.690508	1e1a06
71.698160	1eb5d5
71.710681	1dfb39
71.717514	1dfb63
71.726323	1e15b5
71.740892	1e379a
71.753238	1e1a06
71.767696	1dfb39
71.773126	1e1a06
71.780465	1e379a
71.789758	1dfb63
71.797493	1dfb63
71.808437	1dfde4
71.820085	1e1a06
71.832252	1eb511
71.845323	1e1a06
71.860312	1dfb63
71.872978	1dfb39
71.880572	1e1484
71.888920	1dfb39
71.898606	1e1a06
71.911491	1e379a
71.925565	1dfb39
71.932109	1eaa33
71.943159	1dfb39
71.950371	1ebd63
71.964178	1dfb39
71.976988	1dfde4
71.987325	1e1a06
71.993182	1dfb39
72.004933	1dfb63
72.017560	1ed876
72.030035	1dfb63
72.043681	1dfb39
72.051330	1e1484
72.061081	1ebd35
72.072566	1dfb39
72.087320	1e1a06
72.099240	1dfb39
72.106084	1dfb63
72.121266	1e03fa
72.130745	1dfb39
72.137593	1e1a06
72.144443	1dfb39
72.154536	1e19e0
72.164965	1dfb39
72.174113	1eb781
72.180839	1dfb39
72.190480	1dfab0
72.204134	1dfae9
72.214116	1dfb39
72.226639	1ebda8
72.236491	1dfb39
72.248665	1e9417
72.260879	1dfb39
72.272324	1eb6f1
72.286158	1ce126bdb394
72.298130	1dfb39
72.307956	1dfb39
72.319019	1e15b5
72.327861	1dfb39
72.341085	1dfb39
72.351340	1e15b5
72.357462	1dfb63
72.370116	1ce126bdc060
72.377899	1dfb71
72.384668	1dfb39
72.392628	1e379a
72.406554	1e1a06
72.418132	1dfb39
72.427451	1ce126bdb376
72.438429	1dfb39
72.451295	1dfb39
72.459521	1dfb39
72.474598	1e1a06
72.489347	1dfb39
72.498812	1e1a06
72.513504	1dfb1c
72.525153	1e1a0b
72.535485	1dfb39
72.543354	1dfb39
72.557425	1dfb39
72.569521	1dfb39
72.584271	1e1484
72.597583	1f7aeb
72.605510	1dfb71
72.618969	1dfdb0
72.630200	1dfb39
72.644859	1ebda8
72.656152	1e1a06
72.663387	1e1a06
72.671950	1e1f37
72.683663	1e1f42
72.689675	1e1f42
72.704321	1eb522
72.709992	1e9dc4
72.724702	1dfb39
72.738355	1dfb63
72.743697	1dfe86
72.749106	1dfb39
72.756443	1e1484
72.763986	1e19d3
72.771422	1dfde4
72.780807	1ea788
72.793669	1ce126bdb870
72.805325	1e1a06
72.817614	1ebda8
72.832438	1dfff1
72.847034	1dfb39
72.856886	1e03d9
72.871010	1dfb39
72.879115	1e9417
72.890010	1dfb63
72.898268	1dfb39
72.910952	1ed888
72.921817	1e1a06
72.930702	1dfb63
72.936750	1dfb63
72.943484	1dfb39
72.956737	1dfb39
72.964385	1dfb39
72.970720	1eb605
72.977711	1eb5d5
72.991135	1e1a06
73.004941	1dfff1
73.019471	1ebda8
73.026494	1e1a06
73.040105	1ce126bdb870
73.046126	1dfb39
73.056258	1dfb39
73.064941	1ce126bdc067
73.072195	1eb7f1
73.085711	1e93dd
73.091688	1dfb63
73.097536	1dfb39
73.111765	1dfff1
73.117786	1dfb39
73.130951	1e1a06
73.138066	1dfb39
73.146229	1ed888
73.152584	1dfb39
73.160117	1ed888
73.172292	202958
73.179801	1ebda8
73.194343	1dfb39
73.206085	1dfb71
73.211796	1dfb39
73.225647	1e95ac
73.236026	1e15b5
73.242886	1dfde4
73.249484	1ed888
73.256726	1dfb63
73.271661	1e948f
73.283591	1dfff1
73.293056	1ed888
73.298811	1dfb39
73.304458	1dfb63
73.310315	1dfb39
73.323883	1eb562
73.332711	1e0033
73.347810	1e1a06
73.360035	1e1a06
73.367634	1eb562
73.373292	1ebda8
73.384555	1dfb39
73.398963	1ce126bdb870
73.410416	1e9d94
73.418814	1e1a06
73.432721	1ea58a
73.446400	1e1a06
73.456780	1dfff1
73.466262	1dfb63
73.481079	1dfff1
73.490468	1dfb63
73.499325	1e1a06
73.507560	1eb5d5
73.517933	1dfff1
73.529100	1dfb39
73.543177	1e1484
73.551656	1dfe27
73.558721	1dfb39
73.572600	1dfb39
73.578069	1dfb39
73.589650	1ebda8
73.602886	1e1a06
73.616979	1dfb63
73.623290	1ea591
73.638431	1ce126bdb870
73.649843	1e0072
73.663582	1ce126bdb870
73.678471	1dfb10
73.687260	1dfb39
73.698547	1e9260
73.706656	1e1f37
73.720598	1dfb39
73.733340	1e379a
73.746851	1eb5e5
73.756888	1dfb39
73.765406	1e1a06
73.779083	1dfff1
73.789662	1dfff1
73.803832	1dfb39
73.814870	1eb860
73.828056	1ce126bdc076
73.834552	1dfb63
73.845691	1dfff1
73.857770	1dfb39
73.869090	1dfb39
73.880091	1ce126bdb870
73.893107	1dfb39
73.906906	1dfb63
73.916478	1ce126bdadcb
73.921671	1ed888
73.934770	1dfb39
73.947802	1dfff1
73.954590	1dfb39
73.963081	1dfb39
73.974706	1eb616
73.982826	1e0072
73.995109	1dfb63
74.006962	1dfb63
74.013045	1dfb71
74.023691	1ebda8
74.032209	1dfb39
74.046001	1eb5d5
74.056787	1e93dd
74.068666	1dfb71
74.074531	1e1f37
74.081709	1dfb39
74.087805	1ed888
74.100006	1dfb63
74.115148	1e0072
74.130139	1ed888
74.141377	1dfb39
74.151125	1ebda8
74.165555	1e0880
74.175684	1e0cb0
74.190334	1e0855
74.200049	1e0880
74.206386	1e0880
74.215821	1e0855
74.226886	1e0880
74.234913	1e0855
74.248862	1e0727
74.262049	1e0880
74.276064	1e0855
74.285340	1e086b
74.291636	1e0855
74.306146	1e0880
74.312465	1e0855
74.326736	1e0d5f
74.337595	1e0cd0
74.346800	1e0880
74.361570	1e0727
74.371200	1e0880
74.381079	1e0880
74.388622	1e0cd0
74.401172	1e0855
74.412860	1e0880
74.427001	1e0880
74.433470	1e0855
74.440041	1e0880
74.450359	1e0855
74.458487	1e0880
74.473394	1e0855
74.487556	1e0727
74.501277	1e0880
74.512518	1e0880
74.526019	1ce126bd977f
74.537033	1e0cb9
74.545884	1e0855
74.557753	1e0880
74.568035	1e0880
74.578962	1e0855
74.584865	1e0855
74.590045	1e0880
74.600477	1e0880
74.606938	1e0880
74.617597	1e0880
74.632771	1ce126bdc3ad
74.647476	1e0855
74.660205	1e0880
74.669344	1ce126bd97bc
74.682335	1e0855
74.693131	1e0855
74.701667	1e0cd0
74.710699	1e0880
74.725280	1e0727
74.730501	1e0855
74.737476	1e0bf7
74.750490	1e0880
74.759094	1e0cb9
74.771009	1e0727
74.779354	1e0727
74.791775	1e0855
74.800431	1e0882
74.806003	1ce126bd97bc
74.815915	1e0855
74.825410	1e0cb9
74.835255	1e0880
74.848391	1e0855
74.856602	1e0855
74.864164	1e0880
74.871435	1e0880
74.878449	1e0880
74.884285	1e0d5f
74.890742	1e0880
74.900902	1e0855
74.910399	1e0880
74.922729	1e0855
74.937364	1e0855
74.945091	1e0727
74.952503	1e0880
74.959010	1e0880
74.964534	1e0880
74.976230	1e0880
74.991181	1e0cb9
75.002948	1e0880
75.014252	1e0cb9
75.020838	1e0880
75.031412	1e0bf7
75.045358	1ce126bd966d
75.059934	1e0880
75.068286	1e0727
75.075426	1e0880
75.090316	1e0855
75.103204	1e0880
75.108951	1e0855
75.115020	1e0880
75.123067	1e0d5f
75.128676	1e0855
75.142979	1ce126bd97c4
75.155070	1e0880
75.166874	1e0855
75.173550	1e0855
75.184263	1e0880
75.192333	1e0855
75.202981	1e0855
75.214511	1e0880
75.228884	1e0855
75.241919	1e0880
75.252570	1e0855
75.259187	1e0855
75.268723	1e0855
75.280666	1e0894
75.292600	1e0cb9
75.304289	1e0880
75.314356	1e0855
75.326550	1e0880
75.338382	1e0cb9
75.350420	1e0880
75.364196	1e0cb9
75.371638	1e0855
75.384395	1e0880
75.393234	1e0855
75.406254	1e0855
75.417247	1e0cd0
75.429959	1ce126bd967e
75.435361	1e0cd0
75.444322	1e0855
75.455185	1e0cb9
75.462674	1e0855
75.468379	1e085d
75.479412	1e0880
75.486216	1e0855
75.500187	1ce126bd97c0
75.506060	1e0880
75.514021	1e0880
75.521303	1e0855
75.531742	1e0855
75.538399	1e0c1e
75.549977	1e0855
75.563300	1e0880
75.578324	1e0855
75.585946	1e0882
75.599826	1e0855
75.606512	1e0880
75.614455	1e086b
75.620387	1e0855
75.633548	1e0855
75.644549	1e0880
75.650742	1e0880
75.656923	1e0880
75.664635	1e0880
75.676260	1e0d45
75.687021	1e0880
75.702021	1e0855
75.716821	1e0855
75.729444	1e0855
75.739322	1e0855
75.753201	1e0880
75.767285	1e0880
75.780024	1e0855
75.791296	1e0880
75.800615	1e0880
75.808954	1e0cb9
75.823297	1e0855
75.830903	1e0880
75.844623	1e0bf7
75.851844	1e0880
75.865289	1e0855
75.871384	1e0880
75.883249	1e0ad9
75.897540	1e0727
75.911728	1e0855
75.918975	1e0855
75.928043	1e0880
75.933649	1e0880
75.940546	1e0880
75.955039	1e0880
75.963291	1e0855
75.978285	1e0b5f
75.989672	1e0880
76.001324	1e0880
76.016445	1ce126bd967e
76.021685	1e07e2
76.032131	1e0880
76.044627	1e0be5
76.055543	1e0880
76.061086	1e0855
76.066950	1ce126bd96c5
76.075767	1e0880
76.081392	1e0727
76.091735	1e0880
76.104917	1e0880
76.111765	1e0d5f
76.118925	1e0855
76.129082	1e0880
76.135758	1e0880
76.144795	1e0855
76.155114	1e0855
76.168179	1e0855
76.180467	1e0855
76.187880	1e0880
76.200067	1e0880
76.215070	1e0880
76.225321	1e0880
76.239042	1e0880
76.248098	1ce126bd972f
76.257029	1e0855
76.262931	1e0880
76.271897	1e0844
76.281949	1e0831
76.289398	1e0880
76.299690	1e0880
76.308812	1e0880
76.323600	1e0880
76.335477	1e0cd0
76.342530	1e0880
76.354911	1e0855
76.369709	1e0d31
76.380151	1e085d
76.394326	1e0880
76.407092	1e0727
76.418301	1e0880
76.426435	1e0855
76.432164	1e0880
76.440349	1e0880
76.446774	1e0855
76.455529	1e0855
76.465500	1ce126bd977f
76.476799	1e0880
76.482042	1e0855
76.488908	1e0880
76.497855	1e0727
76.507474	1e0cb9
76.519898	1e0d5f
76.528782	1e0880
76.536355	1e0880
76.549969	1e0880
76.560048	1e0bf7
76.574362	1e0880
76.585781	1e0880
76.591998	1e0855
76.600326	1e0882
76.606198	1e0855
76.618758	1e0880
76.627428	1e0855
76.639028	1e0855
76.649696	1e0a8e
76.659676	1e0880
76.673032	1e0855
76.685561	1e0767
76.691174	1e0727
76.697539	1e0880
76.707870	1e0880
76.713873	1e0880
76.724549	1e0880
76.734656	1ce126bd8806
76.749610	1ce126bd887f
76.760901	1ce126bd887f
76.766619	1ce126bd8806
76.773526	1ce126bd883b
76.781592	1ce126bd8896
76.791439	1ce126bd8806
76.804376	1ce126bd8910
76.815669	1ce126bd8806
76.829257	1ce126bd8806
76.842544	1ce126bd8862
76.852369	1ce126bd875b
76.859976	1ce126bd8862
76.867702	1ce126bd870f
76.881100	1ce126bd8709
76.887885	1ce126bd875f
76.898049	1ce126bd870f
76.908384	1ce126bd870f
76.919182	1ce126bd88a0
76.932021	1ce126bd887f
76.945118	1ce126bd8862
76.956316	1ce126bd870f
76.969775	1ce126bd8709
76.982675	1ce126bd86e9
76.995781	1ce126bd870f
77.008866	1ce126bd8806
77.014371	1ce126bd870f
77.025320	1ce126bd870f
77.031369	1ce126bd8806
77.040279	1ce126bd8709
77.054438	1ce126bd8806
77.069308	1ce126bd870f
77.077190	1ce126bd870f
77.091099	1eb5ec
77.099057	1dfb39
77.112836	1e3794
77.119628	1e3804
77.126373	1ce126bdb754
77.134273	1eb570
77.139980	1dfb39
77.151044	1e92dc
77.162000	1eb79f
77.169982	1e15b5
77.179404	1dff05
77.191030	1dfb63
77.204493	1dfb63
77.211304	1dff05
77.220098	1e379a
77.226199	1dfb63
77.238660	1dfb39
77.244851	1e379a
77.250875	1eb797
77.261347	1dfb39
77.270863	1ebd68
77.280622	1dff05
77.288894	1dfb39
77.295265	1eb549
77.303692	1e1a06
77.315528	1eb5d5
77.326376	1dfccb
77.335399	1e3855
77.343755	202937
77.358832	1e9318
77.370714	1e15b1
77.382230	1dfb39
77.393839	1dfb39
77.407414	1dfb39
77.419114	1e37ce
77.433809	1e379a
77.441676	1e9df0
77.455310	1dfb39
77.464332	1dfb63
77.469916	1eb860
77.477785	1e1a06
77.492746	1eb860
77.499113	1e15b5
77.510915	1e1a06
77.524122	1dfb39
77.532465	1e379a
77.542560	1e379a
77.554544	1eb5d5
77.567683	1dfb39
77.574053	1e1a06
77.583629	1dfb39
77.595198	1dfb39
77.602160	1dfb63
77.609573	1e1a06
77.618591	202a00
77.624373	1dfb39
77.638398	1ebd35
77.650455	1dfb39
77.658054	1dfb63
77.666938	1dfb39
77.681310	1e1a06
77.689006	1ebced
77.698801	1eb605
77.711660	1dfb39
77.725442	1e1a06
77.733672	1dfb39
77.744782	1eb864
77.757969	1eb522
77.772719	1dfb39
77.785710	202a04
77.795818	1e1a06
77.802560	1dfb39
77.808219	1dfb39
77.820948	1dfb39
77.832112	1ce126bdb560
77.837420	1e3840
77.845264	1e379a
77.859570	1e379a
77.871639	1dfb39
77.879045	1e379a
77.893177	1dfb02
77.906727	1dfb39
77.920823	1e1a06
77.933764	1ce126bdae57
77.945941	1e9417
77.959309	1dfb39
77.967289	1dfb39
77.978706	1dfb63
77.992326	1e379a
78.007314	1dfb39
78.017964	1e1a06
78.023955	1eb781
78.030724	1e379a
78.040293	1e1a06
78.053517	1dfb39
78.059494	1e1a06
78.069512	1ea541
78.078312	1ebdaf
78.088252	1dfb39
78.093843	1dfb39
78.102026	1dfcb6
78.114801	1dfb39
78.121797	1e1a06
78.134009	1dfd9b
78.145947	1dfb39
78.154170	1e1956
78.164845	1dfb90
78.173225	1dfb63
78.180056	1ebd4f
78.189753	1e1a06
78.199267	1eb860
78.212999	1ebd4f
78.227911	1dfb39
78.241802	1eb5ae
78.250234	1dfb71
78.261960	1eb633
78.270474	1dfb39
78.281134	1dff05
78.289810	1e142a
78.296462	1dfb39
78.306932	1eb846
78.312623	1dfb63
78.327437	1ce126bdb754
78.334847	1e1a06
78.340373	1ed895
78.351337	1dfb63
78.359624	1dfb63
78.369297	1dfb63
78.375686	1dfb39
78.389349	1ce126bdadfa
78.401008	1e1a06
78.406383	1dfb39
78.413178	1eb86c
78.423450	1dfd9b
78.428922	1ce126bdb3b0
78.442243	1eb5b9
78.449743	1dfb63
78.461768	1dfb63
78.468781	1e1a06
78.476375	1e1a06
78.486297	1dfb63
78.493074	1ea80b
78.504369	1e1a06
78.519080	1e1a06
78.524866	1e379a
78.532799	1e1a06
78.545316	1eb87b
78.559470	1e1a06
78.573138	1dfb39
78.580560	1e1a06
78.594034	1dfcdb
78.604647	1e1a06
78.612235	202929
78.621046	1dfb39
78.631932	1dfb39
78.645060	1dfb63
78.656895	1dfb39
78.670749	1dfb39
78.681024	1e1484
78.687364	1e96c8
78.700666	1eb605
78.708758	1dfb63
78.723261	1dfb71
78.730923	1dfb39
78.745503	1eb5d5
78.753200	1dfb39
78.764116	1eb79f
78.770526	1e1a06
78.780969	1e9668
78.787671	1ebd2a
78.799261	1e1a06
78.810563	1e1a06
78.822970	1e9417
78.835806	1dfb39
78.845349	1dfb39
78.851981	1dfb39
78.857431	1ce126bdc167
78.865211	1e1a06
78.875583	1e15b5
78.881971	1e5058
78.894333	1dfb39
78.908335	1e1a06
78.922073	1dfdd5
78.932972	1e1a06
78.938405	1e379a
78.945141	1dfdc8
78.954298	1dfb63
78.966688	1dfb39
78.973204	1ce126cd7880
78.988305	1dfb39
79.003171	1dfb39
79.011924	1ebdb5
79.017591	1e379a
79.027293	1eb636
79.035576	1dfb39
79.045720	1e379a
79.051186	1eb5f3
79.064996	1dfb39
79.071285	1eb522
79.084844	1dfb39
79.097801	1e1a06
79.107803	1dfb39
79.120642	1dfde4
79.132067	1dfb63
79.143321	1eb75b
79.150203	1e15b5
79.162123	1e1426
79.170473	1dfb63
79.185616	1dfef3
79.190947	1ba254
79.203209	1dfb39
79.209766	1e1a06
79.215266	1e1a06
79.223905	1dfb39
79.232682	1dfb39
79.247286	1dff61
79.259668	1dfb63
79.274225	1e37a0
79.287096	1dfb39
79.299065	1dfb63
79.309220	1eb814
79.320127	1e379a
79.335161	1dfe86
79.345940	1dfb39
79.356655	1dfb39
79.369949	1dfb63
79.382233	1dfb39
79.394733	1e15b5
79.400414	1ce126bdb340
79.407087	1dfb39
79.415913	1dfb39
79.425261	1e1484
79.435971	1dfb39
79.449306	1e3837
79.460824	1e9e40
79.470180	1dfb39
79.481723	1eb877
79.493810	1dfb63
79.505314	1e1a06
79.518268	1e9d31
79.531571	1dfb39
79.542737	1dfb39
79.551158	1dfb39
79.558680	1e379a
79.568077	1dfde4
79.575257	1e1484
79.588552	1dfb63
79.602959	1dfb63
79.615943	1e1a06
79.622643	1dfb39
79.629792	1dfa7a
79.641086	1e1a06
79.647914	1dfdd5
79.655979	1dfb39
79.661345	1e15b5
79.669035	1eb5c9
79.677239	1e93dd
79.684445	1eb5d5
79.692853	1dfd9b
79.698153	1dfb63
79.712932	1dfb39
79.726013	1dfaba
79.739662	1e1a06
79.750652	1eb774
79.758407	1dff24
79.763938	1e379a
79.771277	1dfde4
79.782210	1e379d
79.794809	1eb5d5
79.803606	1ebd68
79.814629	1dfb39
79.823831	1ce126bdae91
79.832402	1dfb39
79.840241	1dff0b
79.854516	1eb5ae
79.864919	1dfb71
79.872293	1dfb63
79.885690	1dfb63
79.894214	1dfb39
79.906357	1dfb39
79.911709	1ce126bdb754
79.923986	1dfb39
79.936884	1dfb63
79.949334	1ce126bdae45
79.962489	1dfb39
79.975291	1eb5d5
79.980953	1e1a06
79.989402	1e1484
80.004152	1e1a06
80.014665	1dfdc8
80.024624	1dfb63
80.038628	1dfb39
80.045829	1dfb39
80.054510	1e1a06
80.068179	1e1a06
80.081293	1e1a06
80.088196	1ce126bdae91
80.099708	1e379a
80.105439	1eb860
80.115283	1ce126bdaeb4
80.126307	1dfb39
80.141028	1dfdd5
80.147848	1dfb39
80.156520	1e18b6
80.171170	1dfb39
80.181139	1e1a06
80.189424	1e1a06
80.194612	1e1a06
80.206548	1ce126bdaed2
80.218287	1e039b
80.230257	1dfb39
80.244920	1dfb39
80.253343	1dfeac
80.266593	1ce126bdb394
80.274125	1e1978
80.286868	1e1a06
80.295256	1e1a06
80.301894	1dfb63
80.308196	1dfb39
80.318611	1dfb63
80.326116	1dfb63
80.331681	1eb5d5
80.339329	1ea80b
80.345474	1e1a06
80.351591	1dfb39
80.363594	1ce126bdc0b7
80.373955	1e191b
80.387789	1dfb63
80.402096	1e18df
80.413988	1dfb39
80.424410	1dfb63
80.431157	1dfb39
80.441055	1e1a06
80.449464	1dfb39
80.461600	1dfb39
80.467278	1dfb82
80.481041	1ce126bdaed2
80.493465	1dfb63
80.501763	1e274c
80.508775	1e1a06
80.518326	1dfb71
80.527436	1dfb39
80.535086	1e9260
80.546808	1dfb39
80.553882	1dfb63
80.559900	1dfb4f
80.573313	1e379a
80.578901	1dfb39
80.591406	1eb7cc
80.601347	1e15b5
80.611718	1ebced
80.626335	1eb5d5
80.637745	1dfb63
80.651292	1dfb71
80.662541	1dfb39
80.674337	1ce126cd7956
80.682308	1dfb39
80.693785	1dfb71
80.705056	1dfb63
80.719136	1dfb39
80.728626	1e1a06
80.737935	1dfb39
80.747191	1dfb39
80.760307	1dfb63
80.769800	1e1a06
80.781896	1e1ed7
80.791621	1e15b5
80.806391	1dfb63
80.816075	1e1a06
80.827667	1e1a06
80.838741	1dfb63
80.848903	1e1a06
80.857858	1dfb63
80.864543	1dfb63
80.874957	1e9505
80.884825	1e9441
80.898567	1dfb63
80.912723	1dfb63
80.925151	1e378a
80.936710	1e1a06
80.941936	1e1a06
80.947617	1e1a06
80.960918	1eb605
80.973790	1eb84e
80.981667	1e9220
80.987373	1e9252
81.002285	1e1f03
81.016721	1e1a06
81.031898	1e1484
81.042413	1dfb39
81.050362	1dfb63
81.060109	1dfb63
81.068844	1dfb39
81.081009	1dfb39
81.093680	1ebda8
81.102083	1eb605
81.109368	1dfb39
81.114849	1e96a5
81.124904	1ea7eb
81.135975	1e9260
81.147509	1dfb39
81.158835	1e1a06
81.165327	1e1a06
81.173850	1e03dd
81.183535	1dfb39
81.197464	1dfb39
81.206211	1e5043
81.212646	1e1a06
81.217948	1dfb63
81.223992	1dfb39
81.229224	1e3781
81.241204	1e948f
81.251920	1dfb39
81.266931	1dfb39
81.274176	1dfb39
81.279450	1dfb63
81.291144	1dfb39
81.303203	1e1a06
81.314165	1dfff1
81.324980	1eb78e
81.333246	1dfb39
81.344264	1dfb63
81.358020	1e9441
81.364386	1dfb63
81.376309	1dfb63
81.384295	1e1a06
81.398757	1dfb39
81.413867	1dfff1
81.421637	1e03d9
81.431491	1dfb39
81.440392	1dfb63
81.450107	1dfff1
81.464878	1dfb63
81.475406	1e002f
81.489497	1e15b5
81.499016	1ebda8
81.504609	1ebda8
81.517116	1e0072
81.530328	1e1a0b
81.538914	1e379a
81.546877	1e1a06
81.552930	1e5054
81.564495	1eb5e9
81.574728	1dfb39
81.583052	1dfb39
81.593925	1e1a06
81.608566	1dfb39
81.621641	1dfd9b
81.636278	1dfdb0
81.644459	1ed888
81.655061	1dfb39
81.666537	1dfb39
81.673948	1e03fb
81.683277	1dfff1
81.688877	1dfb39
81.698478	1dfff1
81.708940	1e91f8
81.715103	1dfb63
81.723126	1e379a
81.729705	1dfb63
81.741963	1dfb39
81.755034	1e1a0b
81.763374	1dfb39
81.776299	1e03d9
81.783255	1e03d9
81.791397	1ebdaf
81.797954	1ce126bdaea3
81.812831	1dfff1
81.820306	1e15b5
81.828979	1e1a06
81.834314	1dfb63
81.848068	1dfb41
81.855313	1dfb39
81.861945	1e1a06
81.870011	1ce126bdb870
81.880937	1e386a
81.888423	1ce126bdb874
81.902647	1eb681
81.910791	1dfff1
81.923587	1e379a
81.932855	1dfb39
81.941666	1e1a06
81.949492	1dfb39
81.960088	1dfb63
81.970113	1e1484
81.977717	1ebda8
81.988277	1dfb39
81.997340	1dfff1
82.003895	1e15b5
82.010370	1dfb39
82.018297	1dfb39
82.028772	1ce126bdb870
82.042780	1dfb39
82.057775	1eb5d5
82.064052	1dfb39
82.074644	1ce126bdb870
82.080765	1e03d9
82.091797	1dfb39
82.098637	1dfb63
82.106373	1e379a
82.113648	1e1a0b
82.120612	1e13a6
82.132881	1dfb63
82.139278	1eb59c
82.151764	1dfff1
82.161685	1ed2fd
82.167870	1e504a
82.176248	1dfff1
82.183391	1ce126bdb870
82.195940	1dfb63
82.202517	1ebdaf
82.212654	1e1a06
82.224774	1e1a06
82.237449	1dfb39
82.244977	1dfff1
82.253249	1e1a06
82.261891	1ebda8
82.271394	1e1a06
82.278560	1e9dd6
82.291402	1e9ee0
82.301664	1e1a06
82.307754	1dfff1
82.322962	1dfb63
82.330540	1e0033
82.339553	1dfb63
82.352681	1ebda8
82.365104	1dfff1
82.377927	1ed888
82.383283	1dfff1
82.388742	1dfb39
82.403465	1dfb5c
82.417144	1dfb39
82.428815	1dfff1
82.434014	1dfb13
82.449069	1ebda8
82.454261	1eb868
82.461376	1e1956
82.475309	1dfb39
82.488248	1ce126cd810a
82.503122	1dfb39
82.510643	1e940b
82.523421	1dfb63
82.528631	1dfb39
82.535426	1ce126bdb870
82.548027	1dfb71
82.554774	1eb860
82.566264	1dfb39
82.576625	1dfae9
82.591462	1e0072
82.602333	1dfff1
82.617425	1ebdaf
82.625493	1dfb39
82.638524	1dfb39
82.646621	1dfb39
82.658597	1dfb39
82.671879	1eb5dd
82.686294	1ebda8
82.697718	1e0d5f
82.709652	1e0880
82.715315	1e0880
82.728683	1e0880
82.739633	1e0880
82.754918	1e0880
82.768794	1e0855
82.781273	1e0855
82.795202	1e0880
82.808579	1e0727
82.821528	1e0855
82.827992	1e0880
82.840879	1e0d31
82.849250	1e0880
82.858595	1e0855
82.869155	1e0727
82.877682	1e0855
82.890370	1e0855
82.900241	1e0880
82.908743	1e0855
82.914871	1e0880
82.925000	1e0880
82.939259	1e0855
82.954488	1e0855
82.967685	1e0880
82.977957	1e0880
82.992786	1e0880
83.006644	1e0880
83.017432	1e0cb9
83.029619	1e0855
83.037505	1e0880
83.042862	1e0855
83.049115	1e0855
83.061018	1e0880
83.070732	1ce126bd9683
83.082414	1e0855
83.095736	1e0880
83.103110	1e0d5f
83.112896	1e0880
83.127637	1e0727
83.136344	1e0855
83.147212	1e0880
83.153969	1e0855
83.166203	1e086b
83.172535	1e0880
83.185900	1e0855
83.195416	1e0880
83.200665	1e0880
83.206497	1e0882
83.217902	1e0880
83.228614	1e0880
83.239013	1e0855
83.244726	1e0855
83.258258	1e0880
83.268413	1e0d5f
83.276049	1e0880
83.288398	1e0855
83.299119	1e0855
83.305980	1e0800
83.313124	1e0855
83.323950	1e0855
83.336571	1e0880
83.349188	1e0880
83.360310	1e0743
83.368070	1e0880
83.378919	1e0855
83.388485	1e0855
83.395644	1e0cd7
83.403906	1e0880
83.416557	1e0880
83.423701	1e0855
83.438137	1e0880
83.452230	1ce126bd968c
83.466679	1e0cd0
83.479247	1e0880
83.491757	1e0855
83.506415	1e0880
83.515144	1e0cb9
83.527139	1e0880
83.536565	1e06e0
83.546178	1e0880
83.555854	1ce126bdc3c2
83.569291	1e0880
83.582444	1e0880
83.593360	1e0880
83.604252	1e0880
83.613278	1e0855
83.622606	1e0d5f
83.637313	1e0855
83.648456	1e0855
83.663619	1e0880
83.669358	1ce126bd976a
83.680917	1e0855
83.688176	1e0cd0
83.696303	1e0880
83.710310	1e0855
83.722229	1e0727
83.730285	1e0855
83.745001	1e0855
83.753649	1e087b
83.764538	1e0880
83.776284	1e0880
83.788577	1e0855
83.797293	1e0855
83.803927	1e0880
83.818967	1e0880
83.830235	1e0880
83.844183	1e0880
83.853930	1e0882
83.862512	1e0855
83.874152	1e0880
83.884250	1e0855
83.892190	1e0882
83.899652	1e0727
83.911117	1e0880
83.923296	1e0855
83.929714	1e0880
83.942761	1e0855
83.956632	1ce126bd9664
83.963555	1e0d39
83.977060	1e0855
83.984511	1e0855
83.991842	1e0882
83.999782	1e0880
84.009108	1e0880
84.018236	1e0880
84.023950	1e0880
84.036484	1e0880
84.045913	1e0880
84.055624	1e0880
84.070682	1e0855
84.085598	1e0880
84.098666	1e0880
84.111655	1e0880
84.124090	1e0855
84.129777	1e0cd0
84.144888	1e0855
84.154828	1e0855
84.164274	1ce126bd978e
84.177937	1e0bf7
84.190239	1e0d5f
84.204812	1e0855
84.212558	1e0855
84.221515	1e0855
84.236573	1e0855
84.243058	1e0727
84.257547	1e0880
84.269903	1e0855
84.277515	1e0880
84.287816	1e0855
84.297549	1ce126bdc3c5
84.305439	1e085d
84.315209	1e0855
84.325013	1e0855
84.336958	1e0855
84.347806	1e0cd0
84.362212	1e0880
84.377176	1e0855
84.390175	1e0880
84.403648	1e0727
84.410138	1e0855
84.422871	1e0880
84.433076	1ce126bdc3c2
84.441119	1e0880
84.451910	1e0d41
84.459945	1ce126bd9660
84.468982	1e0880
84.481787	1e0cd0
84.493045	1e0880
84.506521	1e0855
84.521498	1e0880
84.527924	1e0bf7
84.542122	1e0855
84.551113	1e0880
84.565943	1e0880
84.574601	1e0880
84.587913	1e0cd0
84.596710	1e0880
84.602606	1e0855
84.617523	1e0880
84.626807	1e0855
84.634242	1e0880
84.644860	1e0855
84.653308	1e0880
84.663851	1e0855
84.670831	1e0880
84.682354	1e0855
84.690038	1e0880
84.699456	1e0880
84.713330	1e0855
84.720557	1e0855
84.727385	1e0880
84.737023	1e0880
84.746651	1e0855
84.755899	1e0d54
84.761239	1e0855
84.768965	1e0880
84.780699	1e0855
84.795290	1e0cd0
84.803070	1e0855
84.811099	1e0855
84.817300	1e0880
84.826337	1e0880
84.831870	1ce126bd967e
84.840138	1e0855
84.853547	1e0cbe
84.861746	1e0855
84.873587	1e0855
84.881131	1e0880
84.894404	1e0855
84.902790	1e0727
84.916065	1e0880
84.923265	1e0880
84.935575	1e0855
84.945333	1e0880
84.956355	1e0855
84.961953	1e0727
84.972087	1ce126bd969e
84.983754	1e07fa
84.992872	1e0855
85.004787	1e0855
85.018458	1e0880
85.026989	1e0855
85.033821	1ce126bdc3c2
85.043266	1e0855
85.053845	1e0880
85.063779	1e0880
85.070166	1e0880
85.083433	1e0cd0
85.090771	1e0855
85.098121	1e0880
85.111083	1e0855
85.122889	1e0880
85.130973	1ce126bd967e
85.143835	1e0880
85.158556	1e0855
85.172477	1e0880
85.182311	1e0880
85.196891	1e078f
85.206347	1e0880
85.215688	1e0d5f
85.222001	1e0cb9
85.230463	1e0855
85.238010	1e0880
85.251243	1e0880
85.263533	1e0849
85.276454	1e0855
85.282325	1e0cb9
85.293167	1e0855
85.299685	1e0880
85.305018	1e0880
85.314646	1e0880
85.324705	1e0855
85.335854	1ce126bd977f
85.344217	1e0855
85.356166	1e0880
85.365665	1e0880
85.376741	1e07ef
85.390145	1e0880
85.399691	1e0855
85.410383	1ce126bd9762
85.423803	1e0855
85.433299	1e0880
85.441703	1e0cd0
85.453180	1e0880
85.464480	1e0855
85.477290	1e0cb9
85.492153	1e0855
85.499628	1e0855
85.506440	1e0880
85.518557	1e0bf7
85.527309	1e0880
85.534148	1e0855
85.545849	1e0880
85.559276	1e087b
85.570343	1e0727
85.583543	1e0880
85.593138	1e0880
85.601232	1e0880
85.606949	1e0727
85.617997	1e0855
85.628661	1e0855
85.635111	1e0880
85.642901	1e0880
85.654075	1e0727
85.668218	1e0880
85.674307	1e0855
85.682176	1e0880
85.688388	1e0855
85.694084	1e0cb0
85.702854	1e0855
85.708355	1e0880
85.717984	1e0727
85.725529	1e0880
85.738503	1e0855
85.746335	1ce126bdc3db
85.753795	1e0880
85.759991	1e0727
85.769889	1e0880
85.778951	1ce126bd9718
85.789598	1e0bdb
85.797390	1e0d5f
85.806380	1e0880
85.818272	1e0880
85.825647	1e0cd0
85.833226	1e0727
85.840783	1e0855
85.845989	1e0727
85.853373	1e0880
85.860687	1e0cb0
85.875183	1e0855
85.882257	1e0cb9
85.895265	1e0855
85.906647	1e0882
85.917824	1e0880
85.932078	1e0cd0
85.944907	1e0880
85.951928	1e0880
85.962790	1e0880
85.975453	1e0880
85.988144	1e0855
85.996304	1e0727
86.002626	1e0880
86.014387	1e0880
86.024550	1e0855
86.032080	1ce126bd96c5
86.044336	1e0880
86.054032	1e0880
86.059520	1e0cd0
86.071474	1e0855
86.081964	1e0880
86.092597	1e0880
86.102349	1ce126bd881c
86.110637	1ce126bd8806
86.120706	1ce126bd8896
86.135139	1ce126bd8862
86.140959	1ce126bd8806
86.149390	1ce126bd8806
86.161607	1ce126bd885e
86.167758	1ce126bd8806
86.175927	1ce126bd8806
86.188575	1ce126bd889c
86.197827	1ce126bd883b
86.206926	1ce126bd8896
86.215072	1ce126bd8806
86.225441	1ce126bd8806
86.234307	1ce126bd870f
86.241171	1ce126bd8862
86.254896	1ce126bd8862
86.266482	1ce126bd8842
86.281531	1ce126bd8825
86.296326	1ce126bd870f
86.308711	1ce126bd86ee
86.318138	1ce126bd870f
86.331872	1ce126bd870f
86.342473	1ce126bd8862
86.354407	1ce126bd86ee
86.359761	1ce126bd884d
86.370084	1ce126bd8806
86.384367	1ce126bd870f
86.391069	1ce126bd8910
86.398676	1ce126bd870f
86.404944	1ce126bd870f
86.417016	1ce126bd870f
86.431673	1ce126bd88ab
86.443385	1ce126bd870f
86.451137	1ce126bd8806
86.465452	1ce126bd870f
86.480382	1ce126bd8709
86.494729	1ce126bd8837
86.505302	1ce126bd8806
86.520450	1ce126bd870f
86.528438	1ce126bd870f
86.538537	1eb616
86.551071	1e15df
86.565986	1ce126bdae45
86.577219	1dfd9b
86.584893	1e1a06
86.590278	1dfb39
86.601264	1dfb39
86.611369	1e9505
86.622555	1dfb63
86.634788	1e1a06
86.640746	1e1a06
86.652696	1e379a
86.666498	1e379a
86.671736	1dfef7
86.679615	1dfb58
86.689316	1e929d
86.703620	1dfb39
86.714660	1e379a
86.722410	1dff05
86.731688	1ebd68
86.740724	1e1a06
86.750182	1e1a06
86.764433	1dfb63
86.774334	1dff05
86.784754	1e1a06
86.799597	1dfb39
86.810792	1dfb39
86.821650	1eb860
86.834359	1dfb63
86.846228	1dfb39
86.859192	1e1545
86.866855	1e379a
86.873239	1dfb63
86.887694	1e1a06
86.895673	1e953b
86.906688	1dfb39
86.913801	1dfb39
86.924806	1eb522
86.936041	1eb860
86.951144	1dfb39
86.962936	1dfb39
86.976953	1e0cb0
86.987259	1e379a
87.000657	1e1484
87.012920	1dfb39
87.021677	1dfb39
87.030884	1eb5dd
87.037079	1dff05
87.042744	1dfde4
87.055645	1dfb39
87.061947	1e379a
87.076559	1dfb39
87.091307	1e93dd
87.103208	1dfb39
87.113401	1dfb39
87.126514	1ebd1a
87.140215	1dfb39
87.147870	1ce126cd7884
87.153670	1ed3ec
87.164510	1ea9a3
87.175144	1dfb39
87.180992	1e15b5
87.191542	1dfaba
87.199086	1dfb39
87.213740	1e1908
87.228098	1e5005
87.233418	1dfb63
87.248206	1dfb39
87.254849	1e1a06
87.269815	1dfb63
87.280620	1dfb63
87.293855	1dfb39
87.306824	1e1a06
87.319944	1e379a
87.326724	1dfb63
87.339911	1ce126bdaed2
87.353327	1dfb39
87.365134	1dfdd5
87.371265	1dfb39
87.378519	1e1a06
87.388754	1e1a06
87.402243	1dff91
87.407986	1ce126bdb560
87.418292	1e5024
87.428720	1e92d9
87.440581	1ce126bdb560
87.449020	1dfb39
87.457074	1e1a06
87.464780	1e1484
87.474758	1dfb63
87.489097	1dfb39
87.494628	1dfb39
87.504009	1dfb39
87.512379	1dfb63
87.526831	1ebd88
87.535597	1dfd9b
87.550175	1e379a
87.564009	1dfb39
87.576070	1dfb39
87.586187	1dfb63
87.596856	1dfb39
87.608130	1dfb63
87.613403	1dfb39
87.626497	1e03e7
87.640820	1dfb39
87.654632	1e379a
87.660006	1dfb39
87.669267	1e5001
87.677867	1dfb63
87.685280	1e1a06
87.692312	1dfb39
87.702256	1dfb39
87.711159	1dfb39
87.720578	1dfb63
87.734692	1dfb63
87.745477	1ebdb5
87.759447	1dfde4
87.769680	1dfed8
87.777607	1e1a06
87.790101	1dfb39
87.803067	1e1a25
87.808983	1dfb39
87.818200	1e9711
87.831083	1dfb39
87.843697	1dfb39
87.850810	1dfb63
87.856639	1e93dd
87.861957	1dfb63
87.876177	1dfde4
87.882754	1dfb39
87.891876	1eb860
87.904022	1e5032
87.916893	1dfb39
87.923965	1eb5d5
87.938861	1dfb39
87.951146	1dfb39
87.959141	1dfb63
87.970876	1ce126bdb754
87.976217	1dfde4
87.983146	1e1a06
87.993874	1eb5d5
87.999398	1e1a06
88.007518	1dfb39
88.019862	1e1a06
88.034403	1e03f2
88.040560	1dfb63
88.050232	1e1a06
88.060097	1dfb39
88.075257	1dfb39
88.088395	1e1a06
88.103622	1e379a
88.110670	1e1a06
88.120070	1dfb63
88.134788	1dfb39
88.148130	1dfde0
88.160595	1e9231
88.166936	1dfb39
88.174555	1dfb39
88.187387	1dfb63
88.195786	1dfb39
88.204090	1e1644
88.216787	1e1a06
88.227612	1e1a06
88.241260	1eb797
88.251286	1ce126bdc174
88.264766	1e1a06
88.279647	1dfb39
88.292518	1dfb63
88.305844	1dfb39
88.320712	1dfb39
88.335115	1dfb39
88.344177	1ed3af
88.350710	1dfb63
88.364180	1e1484
88.378677	1dfb63
88.388009	1dfb39
88.401119	1dfb39
88.414462	1ea7cb
88.424989	1dfb39
88.432010	1e3809
88.446378	1dfb1c
88.459571	1dfe23
88.469351	1dfb3d
88.483358	202929
88.495534	202a0b
88.504544	1dfb39
88.513688	1dfb39
88.522253	1ebd68
88.531007	1eb5e9
88.544721	1ed849
88.555084	1ce126bd86e9
88.566608	1dfb39
88.580242	1dfb39
88.593556	1e379a
88.598967	1eb742
88.610287	1e1a06
88.617616	1dfb39
88.627365	1dfb39
88.640157	1e379d
88.645789	1e1a06
88.655657	1e1484
88.667306	1dfb39
88.677537	1dfb63
88.684252	1dfb39
88.694110	1eb713
88.708404	1eb5d5
88.717906	1dfb39
88.730634	1e93a1
88.739807	1eb58e
88.753139	1e96ad
88.760197	1dfb39
88.771813	1dfb63
88.782662	1eb62f
88.791517	1dfb39
88.796972	1e1a06
88.805969	1dfb63
88.813081	1dfb39
88.819090	1e4ff0
88.832715	1dfb39
88.841711	1e15b5
88.855763	1e1a06
88.864253	1dfb39
88.872397	1e15b5
88.879656	1e1a06
88.889572	1dfb39
88.897420	1dfd9b
88.907746	1eb6c1
88.916652	1dfb63
88.924784	1e929d
88.938103	1dfb39
88.944629	1ed831
88.951452	1e1a06
88.963898	1dfb39
88.972931	1dfb39
88.982673	1dfb39
88.995339	1dfd9b
89.001420	1dfb39
89.010131	1e1a06
89.023254	1dfb39
89.035188	1dff6a
89.041519	1e1a06
89.053760	1e1a06
89.062734	1ed3d1
89.071269	1ce126bdaabf
89.081312	1e1a06
89.094618	1dff9d
89.102578	1dfb39
89.109058	1e379a
89.118318	1e1a06
89.131607	1e1a06
89.145725	1dfb39
89.160496	1dfb39
89.168609	1e1a06
89.174275	1dfb39
89.183793	1dfb39
89.193828	1eb570
89.207896	1dfb39
89.220103	1dfb39
89.234992	1ebd27
89.247948	1dfb39
89.254926	1dfb39
89.260695	1ce126bdadfa
89.267266	1e0cdc
89.279843	1dfde4
89.292541	1e9e99
89.300284	1dfb63
89.308301	1dfb39
89.320144	1e1a06
89.330856	1e9505
89.343435	1dfb63
89.353818	1ed895
89.362504	1e1a17
89.377088	1dfb39
89.390958	1e379a
89.397963	1dfb63
89.409317	1eb512
89.414625	1ce126bdc060
89.429339	1dfb39
89.443065	1dfb39
89.451777	1dfb39
89.458194	1dfb39
89.471269	1dfb63
89.476569	1dfb39
89.482935	1dfb39
89.491522	1e273f
89.496940	1dfb63
89.502098	1dfdd5
89.509437	1dfb39
89.518320	1e93b7
89.531705	1dfb39
89.543109	1dfde4
89.549707	1dfa7a
89.561891	1dfb39
89.574967	1dfb63
89.583723	1dfb39
89.594920	1dfb39
89.608744	1dfb39
89.615177	1ce126bdc1c5
89.620928	1dfe31
89.634813	1e0cc7
89.642944	1dfb39
89.653255	1dfa41
89.664503	1dfb39
89.674011	1dfb39
89.685408	1dfb39
89.699845	1e1484
89.710238	1dfb39
89.717705	1dfb39
89.731259	1ce126bdaf07
89.737741	1dfb39
89.752545	1e1a06
89.763811	1ebced
89.778727	1eb54e
89.789715	1dfb39
89.795288	1ce126cd7956
89.800859	1ebced
89.808422	1dfec3
89.822347	1eb605
89.832252	1dfb39
89.847294	1e1599
89.859805	1dfb39
89.870777	1dfb39
89.883083	1e1484
89.898045	1dfb39
89.903519	1ce126bdae57
89.912403	1e1a06
89.917629	1dfb39
89.931878	1ce126bdb04a
89.942273	1dfb39
89.949613	1dfb39
89.963769	1dfb63
89.975066	1ce126bdb382
89.980469	1e1484
89.986685	1e381d
89.996615	1e1a06
90.007122	1dfb39
90.015447	1dfb63
90.028390	1dfb39
90.033730	1dfb39
90.043157	1e195b
90.056044	1eb860
90.070823	1e379a
90.083939	1dfb39
90.091019	1dfb39
90.105581	1dfb63
90.118234	1dfb39
90.130736	1dfb39
90.136465	1dfb39
90.151441	1e379a
90.158647	1dfb39
90.168334	1dfb63
90.177494	1dfb39
90.184888	1e1a06
90.197101	1dfdd5
90.205776	1e1a06
90.218819	1dfde4
90.232944	1dfb39
90.243316	1dfb39
90.249874	1dfb39
90.261722	1dfb39
90.269134	1dfb63
90.278182	1eb625
90.287208	1dfb39
90.294267	1dfb39
90.305419	1e1a06
90.315150	1e1a06
90.327488	1dfb63
90.338828	1eb616
90.353404	1e91d3
90.362971	1dfb39
90.376496	1dfb63
90.387165	1dfb39
90.393929	1dfb39
90.401096	1dfb39
90.411354	1e1a06
90.418041	1dfb63
90.426289	1e1949
90.433711	1e1930
90.441469	1e0cb0
90.449810	1dfb39
90.462074	1dfb39
90.467567	1dfb63
90.475274	1e1a06
90.480883	1dfb63
90.487639	1e1a06
90.502843	1dfb63
90.516198	1dfb39
90.525085	1e9634
90.531407	1dfb39
90.540990	1dfb39
90.554552	1dfb39
90.563657	1dfb39
90.569611	1dfb39
90.576454	1dfb39
90.587498	1e1a06
90.598817	1ce126bdae91
90.604898	1dfb39
90.611771	1e1a06
90.626403	1dfb63
90.638642	1ea99a
90.653762	1dfb63
90.667929	1eb599
90.674297	1dfb39
90.680354	1e379a
90.692429	1e1a06
90.701742	1e1a06
90.707625	1dfb39
90.718146	1ce126bdad30
90.724574	1e1a06
90.732903	1dfb10
90.745494	1eb742
90.753591	1dfb39
90.763342	1e1a06
90.772246	1dfb39
90.779076	1e379a
90.791038	1ce126bdb042
90.802133	1dfb39
90.811780	1dfb71
90.824338	1dfb39
90.832159	1dfb39
90.838568	1e960d
90.844145	1ce126bda97f
90.853387	1dfb39
90.867917	1dfb63
90.879148	1ce126bdadb3
90.893713	1eb5c7
90.903354	1e1a0b
90.908717	1e1a06
90.919926	1e9505
90.930300	1e96b2
90.944590	1dfb63
90.957009	1dfb63
90.964351	1dfb39
90.973876	202958
90.987747	1dfb39
90.998941	1dfb39
91.010359	1dfb41
91.016771	1e37a0
91.022842	1dfb39
91.037133	1dfb63
91.043298	1dfb39
91.054638	1dfb39
91.068281	1e1a06
91.083301	1e03d2
91.091672	1dfb63
91.103921	1e379a
91.110909	1ed35c
91.125805	1dfb39
91.139857	1ebd63
91.151250	1dfb39
91.165350	1e1484
91.176467	1ce126bdc06a
91.190563	1dfb39
91.200190	1dfb39
91.209583	1dfb39
91.219834	1eb860
91.231279	1dfb39
91.242303	1e1a06
91.247472	1dfb39
91.256849	1dfb39
91.267766	1dfb39
91.281782	1dfb63
91.291627	1dfb63
91.304157	1e1a06
91.315393	1e9260
91.323800	1e1a06
91.337291	1dfb39
91.351585	1dfb39
91.357623	1dfb39
91.368779	1eb860
91.377707	1e1484
91.392042	1dfb39
91.406644	1e1eef
91.414191	1dfb39
91.428019	1dfb39
91.435182	1dfb39
91.440652	1dfb39
91.447883	1e1e9f
91.461276	1dfb63
91.476236	1eb59c
91.487472	1eb797
91.494257	1e9dc4
91.501586	202958
91.510857	1dfde4
91.522998	1dfb39
91.528620	1dfa90
91.541857	1dfb39
91.555071	1e194e
91.562307	1dfb39
91.576374	1eb5e9
91.590623	1ce126bdae57
91.603189	1ce126bdb5be
91.613805	1dfb39
91.626973	1dfb63
91.636313	1dfb63
91.644148	1dfb39
91.650451	1eb605
91.660929	1e03d2
91.669961	1e9ecb
91.678298	1e1a06
91.688250	1dfb63
91.702171	1e1956
91.709469	1dfb39
91.714823	1dfb63
91.723261	1dfb39
91.730731	1dfb39
91.740509	1e4fc5
91.748359	1dfb71
91.758818	1dfb63
91.773889	1dfb39
91.781220	1eb791
91.795021	1dfb39
91.804439	1e1a06
91.813668	1e1a06
91.821710	1e1a06
91.835941	1dfb39
91.846404	1eb860
91.860975	1eb5ff
91.869349	1dfb39
91.880588	1e3780
91.888649	1dfb63
91.898728	1ebda8
91.913087	1ce126bdb870
91.921499	1e1a06
91.931411	1ebd43
91.937032	1ebda8
91.943029	1ebda8
91.951258	1dfb39
91.966248	1e15b5
91.972134	1ce126bdb04a
91.983601	1e19fd
91.994449	1ce126bda986
92.004212	1dfb39
92.015307	1dfb39
92.023307	1dfb39
92.037480	1dfb71
92.045106	1dfff1
92.054038	1dfff1
92.060705	1ea58a
92.065982	1ce126bdb870
92.077501	1dfff1
92.087931	1e15fb
92.100798	1dfb39
92.111091	1ebced
92.119390	1e1a06
92.127599	1eb860
92.136563	1dfff1
92.142271	1ce126bdc210
92.153626	1e03d9
92.161820	1e1a06
92.174199	1ed888
92.181145	1dfb63
92.188113	1dfff1
92.194403	1e1a0b
92.202727	1e379d
92.216463	1dfb63
92.231030	1dfb39
92.239054	1ed888
92.246148	1e0038
92.254129	1e9268
92.263942	1e9302
92.274470	1e0072
92.287264	1dfb39
92.300763	1dfb63
92.309905	1dfcc3
92.323760	1dfff1
92.337210	1dfb39
92.347306	1dfb39
92.360690	1ebda8
92.370091	1dfb39
92.383413	1ce126bdb870
92.390506	1e1a06
92.404003	1dfb63
92.418451	1ea591
92.429077	1ebda8
92.438524	1dfb39
92.446188	1dfb63
92.453610	1dfb39
92.467670	1ce126bdb870
92.477811	1dfff1
92.490335	1dfb39
92.505373	1ebda8
92.515163	1dfb39
92.528207	1ce126bdb042
92.537031	1dfb63
92.544945	1ed83f
92.551475	1dfff1
92.558081	1e1a06
92.563314	1dfff1
92.578400	1dfb4f
92.593655	1dfff1
92.601498	1dfb39
92.614099	1ce126bdadfa
92.621046	1e1a06
92.628155	1ce126bda20b
92.635681	1dfff1
92.650679	1e379a
92.657941	1e002f
92.666683	1ed888
92.674066	1dfb39
92.686308	1eb84e
92.694433	1eb5a7
92.700073	1dfb39
92.710877	1e1a06
92.723305	1e0038
92.737481	1ebda8
92.750133	1e15b5
92.765132	1dfb63
92.771588	1dfb39
92.782346	1dfb63
92.795016	1e19d3
92.804750	1e15c7
92.810166	1ed888
92.821073	1dfff1
92.832876	1dfb39
92.840032	1eb864
92.849117	1dfb39
92.854811	1e969f
92.865392	1dfde4
92.870744	1e1a06
92.883065	1e0033
92.897006	1ce126bdae2f
92.906587	1dfb39
92.916670	1dfb63
92.926241	1dfb63
92.939159	1dfb63
92.953163	1e1a0b
92.961868	1e0038
92.974495	1dfb39
92.984773	1dfff1
92.994942	1e3871
93.004968	1eb6f1
93.012844	1e002f
93.025911	1eb605
93.031088	1ea58a
93.045428	1e1f42
93.058394	1dfb39
93.068812	1dfb39
93.075109	1ce126bdb870
93.088476	1ebda8
93.098320	1e1a06
93.107247	1ce126bdb870
93.117732	1dfff1
93.132813	1ce126cd810a
93.143394	1ebda8
93.151330	1e1a06
93.165898	1dfb71
93.176911	1dfb63
93.183543	1dfb63
93.189098	1ed842
93.196401	1dfb39
93.209461	1e1a06
93.223108	1dfb63
93.234647	1eb5c2
93.242283	1ce126bdc167
93.256051	1ce126bdb870
93.268045	1e1a06
93.279996	1dfff1
93.287625	1dfb39
93.302127	1dfb39
93.316947	1dfb39
93.323716	1ebdb5
93.330706	1dfb39
93.336322	1ed888
93.348915	1dfb63
93.359104	1dfff1
93.365533	1dfb63
93.378017	1e1a06
93.388645	1dfff1
93.397017	1ce126bdb472
93.408646	1ed888
93.417321	1dfb39
93.422652	1e149f
93.429894	1ce126bdb870
93.436319	1dfb63
93.443161	1dfff1
93.453844	1e0072
93.463426	1e1a06
93.469146	1dfb82
93.474914	1dfb39
93.480792	1dfb39
93.495247	1dfff1
93.504830	1e928d
93.514262	1dfff1
93.526445	1ed888
93.533683	1dfb39
93.539176	1e1a06
93.550262	1dfb63
93.556917	1eb605
93.568603	1dfb63
93.579554	1ce126bd97bc
93.587779	1e0880
93.597902	1e0880
93.604687	1e0855
93.610347	1ce126bd9660
93.622250	1e0880
93.633570	1e0880
93.647823	1ce126bdc413
93.656239	1e0880
93.670237	1e0735
93.682458	1e0855
93.694875	1e0880
93.709766	1e0ab4
93.719694	1e0855
93.730247	1e0855
93.737701	1e0855
93.751148	1e0880
93.764265	1e0880
93.777310	1e0880
93.789176	1e0855
93.802545	1ce126bd969e
93.808592	1e0855
93.822163	1e0880
93.836763	1e0880
93.845761	1e0880
93.853532	1e0880
93.861658	1e0880
93.868134	1e06ef
93.881485	1e0880
93.893372	1e0855
93.908121	1e0855
93.917705	1e0880
93.932177	1e0855
93.940948	1e0880
93.946316	1e0880
93.952800	1e0cd0
93.961603	1e0880
93.967975	1e0880
93.977438	1e0855
93.987546	1e0880
94.001104	1e0880
94.011125	1e0880
94.026191	1ce126bdc3db
94.037743	1e0855
94.047518	1e0880
94.054613	1e0855
94.069627	1e0880
94.079453	1e0ba1
94.085969	1e0880
94.098794	1ce126bd96d2
94.113761	1e0855
94.120236	1e0880
94.129289	1e0cd0
94.137238	1e0880
94.146179	1e0855
94.157957	1e0855
94.172516	1ce126bd972f
94.178380	1e0880
94.192110	1e0855
94.201379	1e0855
94.210479	1ce126bdc3c2
94.217503	1e0855
94.226243	1e0880
94.235318	1e0727
94.249064	1e0727
94.262699	1e0855
94.269451	1e0b6b
94.274984	1e0855
94.285955	1e0880
94.293082	1e0880
94.306379	1e0880
94.311585	1e0880
94.317480	1e0bf7
94.323459	1e0880
94.330584	1e0855
94.343925	1e0855
94.355012	1e0880
94.369909	1e0855
94.381438	1e0855
94.395186	1e0cd0
94.406843	1ce126bdc3db
94.419680	1e0880
94.430030	1e0855
94.442654	1e0855
94.448735	1e0855
94.460416	1e0cb9
94.474143	1e0cd7
94.488869	1e0880
94.497733	1e0855
94.510685	1e0880
94.519781	1e0880
94.530685	1e0855
94.539653	1e0855
94.551247	1e087b
94.565099	1e0880
94.571750	1e0855
94.582365	1e0855
94.591108	1e0855
94.604159	1e0880
94.615130	1e0855
94.625538	1e0a8e
94.634940	1e0880
94.641680	1e0880
94.648439	1ce126bd969e
94.655461	1e0880
94.666339	1e0880
94.679125	1e0855
94.685360	1e0855
94.690838	1e0855
94.705780	1e0855
94.717846	1e0880
94.728418	1e0855
94.738963	1e0880
94.748819	1e0880
94.761083	1e0cd0
94.774737	1e0855
94.789218	1e0855
94.799581	1e0855
94.813330	1e0880
94.825941	1e0880
94.838086	1e0cb9
94.851557	1e0855
94.857549	1e0880
94.871498	1e0855
94.880656	1e0880
94.890854	1e0880
94.903540	1e0880
94.915118	1e0cd0
94.922392	1e0cb0
94.930749	1e0855
94.937089	1e0880
94.947279	1e0cd0
94.954806	1e085d
94.960822	1e0880
94.969564	1e0cd0
94.983180	1e0855
94.994776	1e0880
95.000877	1e0880
95.012254	1e0855
95.026131	1e0880
95.037291	1e0855
95.046149	1e0880
95.059880	1e0855
95.066794	1e0855
95.073400	1e0855
95.078945	1e0880
95.093623	1e0d5f
95.101040	1e0880
95.106750	1e0880
95.114817	1e0855
95.126177	1e0880
95.132989	1e0855
95.143340	1e0880
95.151691	1e0855
95.160306	1e0880
95.168238	1e0855
95.175806	1e0718
95.186701	1e0880
95.192290	1e0880
95.206427	1e0880
95.217130	1e0880
95.227330	1e0855
95.239301	1ce126bdc3c5
95.254576	1e0855
95.266881	1e0880
95.277474	1e0855
95.287974	1e0880
95.297826	1e0880
95.306535	1e0855
95.318575	1e07d7
95.324713	1e0855
95.336027	1e0855
95.345282	1e0880
95.354498	1e0855
95.362283	1e0cd0
95.369876	1e0880
95.376342	1ce126bdc3ad
95.383903	1e0880
95.391518	1e0855
95.402252	1e0855
95.410415	1e0880
95.415930	1e0880
95.421414	1e0855
95.435996	1e0880
95.443823	1e0882
95.452411	1e0880
95.459539	1e0855
95.466702	1e0880
95.475191	1e0880
95.488955	1e0855
95.497157	1e0855
95.510871	1e0855
95.516246	1e0855
95.526327	1e0855
95.533046	1ce126bdc3c5
95.539174	1e0880
95.553081	1e0880
95.560251	1e0855
95.569854	1e0880
95.577799	1e0880
95.589950	1ce126bdc3a4
95.603654	1e0880
95.614319	1e0855
95.620227	1e0880
95.629698	1e0880
95.636772	1e0880
95.643150	1e0855
95.648859	1e0880
95.663402	1e0855
95.678173	1e0880
95.687178	1e0855
95.699397	1e0880
95.708884	1e0855
95.718257	1e0880
95.726430	1e0880
95.737625	1e0880
95.744820	1e0cd0
95.750108	1e0b50
95.762166	1ce126bd967e
95.773208	1e0cd0
95.779278	1e0880
95.788736	1e0855
95.803464	1e0880
95.816565	1e0855
95.825212	1e0880
95.837655	1e0880
95.852367	1e0855
95.866505	1e0855
95.876026	1f2616
95.884963	1e0880
95.899406	1e0cb9
95.912449	1e0880
95.922299	1e0855
95.927534	1e0cd0
95.940652	1e0855
95.953400	1e0855
95.960104	1e0880
95.973619	1e0855
95.984632	1e0880
95.998714	1e0855
96.010031	1e0880
96.024214	1e0855
96.033170	1e0880
96.041970	1e0880
96.049302	1e0880
96.063842	1e0880
96.069025	1e0855
96.076679	1e0855
96.090228	1e0855
96.096740	1e0880
96.111566	1e0880
96.117039	1f2616
96.128643	1e0880
96.142895	1e0880
96.155309	1e0880
96.170001	1e0855
96.184843	1e0880
96.192708	1e0880
96.204467	1e0880
96.212014	1e0ce2
96.219279	1e0855
96.234465	1e0bf7
96.249031	1e0855
96.258612	1e0880
96.273164	1e0880
96.287309	1e0855
96.295278	1e0855
96.301607	1e0855
96.306875	1e0880
96.316072	1e0880
96.322904	1e0882
96.332078	1e0855
96.343344	1e0880
96.354818	1ce126bd9666
96.367938	1e0855
96.381974	1e0cb9
96.388433	1e0880
96.402804	1e0855
96.417772	1e0880
96.424246	1e0880
96.437166	1ce126bd96c2
96.447739	1e0cd0
96.461375	1e0cad
96.468409	1e0855
96.479824	1e0b50
96.487875	1e0880
96.493138	1e0880
96.507561	1e0855
96.518092	1e0880
96.529605	1e0880
96.539677	1e0880
96.554542	1e0880
96.569266	1ce126bd9666
96.576247	1e0cd0
96.590723	1e0cc7
96.601200	1e0880
96.609342	1e0880
96.624083	1e0882
96.629429	1e0880
96.641311	1e0855
96.655153	1e0880
96.668180	1e0855
96.673472	1e0880
96.679337	1e0855
96.691279	1e0880
96.702419	1e0855
96.716467	1e0727
96.729692	1e0727
96.742114	1e0855
96.751297	1e07e5
96.758376	1e0855
96.768953	1e0855
96.782118	1e0855
96.790146	1e0880
96.804550	1e0855
96.819162	1e0855
96.830621	1e0880
96.840406	1e0880
96.848564	1e0855
96.856912	1e0855
96.862981	1e0855
96.873732	1e0855
96.883488	1e0880
96.891420	1e0d5f
96.900107	1e0d65
96.905714	1e0855
96.912550	1e0880
96.926127	1e0880
96.936563	1e0880
96.942410	1e0855
96.957386	1e0880
96.966397	1ce126bd9675
96.972008	1e0b9d
96.986864	1e0880
97.001421	1ce126bd967e
97.013694	1e0cad
97.027822	1e0855
97.040789	1e0ab4
97.053452	1e0855
97.066130	1e0880
97.080196	1e0880
97.092568	1e0b9d
97.101061	1e0880
97.108642	1e0855
97.116491	1e0855
97.122225	1e0880
97.134832	1e0855
97.148033	1e0880
97.153354	1e06e0
97.161037	1e0880
97.175673	1f2616
97.187328	1e0880
97.200060	1e0cc7
97.212213	1ce126bd967e
97.225066	1e0855
97.230356	1e0880
97.241801	1e0b9d
97.256270	1e0880
97.268361	1e0d5f
97.274397	1e0cb9
97.280474	1e0880
97.285991	1e0855
97.295490	1e0855
97.303839	1e0855
97.311634	1e0880
97.323269	1e0855
97.334995	1e0880
97.348364	1e0855
97.363307	1e0880
97.373520	1e0bf2
97.383313	1e0855
97.397341	1e0880
97.402567	1e0880
97.411654	1e0855
97.420278	1e0cd0
97.434975	1e0880
97.445568	1e0880
97.457760	1e0855
97.467006	1e0855
97.473770	1e0855
97.487612	1e0880
97.500100	1e0cb0
97.514455	1e0cb0
97.524486	1e0727
97.534622	1e0844
97.546963	1e0855
97.558594	1e0880
97.572926	1e0727
97.579400	1e0880
97.588875	1e0855
97.594208	1e0880
97.607296	1e0855
97.616258	1e0cb0
97.630271	1e0880
97.636125	1e0880
97.649239	1e0855
97.662934	1ce126bd8896
97.669248	1ce126bd887f
97.682418	1ce126bd881c
97.690498	1ce126bd8806
97.697561	1ce126bd8806
97.707664	1ce126bd8862
97.718080	1ce126bd8806
97.729667	1ce126bd8806
97.739495	1ce126bd8806
97.747566	1ce126bd8806
97.756078	1ce126bd8896
97.770003	1ce126bd887f
97.777229	1ce126bd887f
97.787805	1ce126bd8806
97.798429	1ce126bd8862
97.809974	1ce126bd8806
97.817600	1ce126bd8862
97.825656	1ce126bd870f
97.838803	1ce126bd8896
97.844204	1ce126bd8896
97.858439	1ce126bd8867
97.865251	1ce126bd86df
97.874468	1ce126bd870f
97.880733	1ce126bd8709
97.886400	1ce126bd8862
97.895476	1ce126bd8862
97.902869	1ce126bd870f
97.910352	1ce126bd8862
97.921673	1ce126bd870f
97.929608	1ce126bd8878
97.935860	1ce126bd86ee
97.950301	1ce126bd8862
97.962775	1ce126bd870f
97.975897	1ce126bd8862
97.982734	1ce126bd88b2
97.991862	1ce126bd8806
97.997744	1ce126bd8709
98.009846	1ce126bd870f
98.017853	1ce126bd870f
98.031057	1ce126bd870f
98.042567	1ce126bd86ee
98.048872	1ce126bd870f
98.060224	1ce126bd870f
98.070905	1ce126bd870f
98.079662	1ce126bd86ff
98.089180	1ce126bd870f
98.101349	1ce126bd8806
98.112679	1ce126bd870f
98.119333	1ce126bd86db
98.133940	1ce126bd8806
98.143398	1ce126bd870f
98.158051	1ce126bd8806
98.167836	1ce126bd870f
98.174994	1ce126bd870f
98.185074	1ce126bd8709
98.200059	1ce126bd870f
98.212812	1ce126bd870f
98.222581	1ce126bdb560
98.232439	1e1a06
98.245422	1dfb93
98.255500	1dfb39
98.269224	1e1a06
98.275532	1dfb39
98.285361	1e1a06
98.296059	1e03af
98.304324	1dfb39
98.317798	1e1a06
98.329231	1dfec3
98.338398	1e5001
98.346605	1dfb63
98.353285	1dfb63
98.367393	1ce126bdb036
98.378074	1dfb39
98.391338	1dfb39
98.400813	1e9d34
98.413029	1e379a
98.420385	1e1a06
98.434063	1dfb63
98.440842	1dff24
98.453320	1dfb39
98.467937	1dfb63
98.479802	1eb6a6
98.492525	1eb713
98.502729	1dfb39
98.514866	1e1a06
98.523932	1dfb39
98.532698	1e9d94
98.543461	1dfb39
98.554106	1ce126bdb754
98.560524	1dfb39
98.571112	1ed83c
98.581651	1e379a
98.590050	1dfb63
98.600726	1e9565
98.607292	1dfb39
98.618368	1dfb39
98.625092	1dfb63
98.639313	1dfb39
98.650255	1e1a06
98.656501	1e03fa
98.662006	1ed868
98.673268	1dfb39
98.682527	1dfb63
98.693506	1dfb39
98.708262	1dfb63
98.715735	1eb84e
98.730088	1dfb39
98.738926	1e1a17
98.749612	1eb807
98.757150	1dff05
98.763850	1dff05
98.770309	1e1a06
98.779005	1e273f
98.790499	1ed895
98.803721	1e1a06
98.810738	1e1a06
98.821854	1e1484
98.835770	1dfb41
98.844457	1dfdd5
98.854058	1e380f
98.866082	1e1a06
98.872551	1e0cc7
98.880697	1dfca9
98.888931	1dfb39
98.895767	1e379a
98.905415	1dfb63
98.918620	1e929d
98.925335	1dfb39
98.933441	1e379a
98.948357	1dfb39
98.961684	1e03d2
98.971115	1e1a06
98.982140	1e1a06
98.997196	1dfb39
99.005603	1ed842
99.020185	1eb72b
99.031022	1dfb39
99.037107	1e379a
99.042918	1e1a06
99.056997	1dfb39
99.069735	1dfb63
99.076054	1e1a06
99.090862	1e379a
99.097554	1dfb39
99.111538	1e1a06
99.117649	1dfb39
99.126360	1e379a
99.132330	1dfb39
99.145878	1dfb39
99.158774	1dfb63
99.170901	1dfb39
99.182119	1eb860
99.190516	1dfb39
99.200067	1dff05
99.208053	1e19ae
99.213597	1dfb39
99.228283	1eb6a1
99.241121	1dfb63
99.247951	1dfb63
99.259613	1dfb63
99.270398	1dfb39
99.279676	1e1a06
99.293274	1e1a0b
99.306544	1dfb39
99.313691	1ce126bdc238
99.322205	1dfb63
99.328063	1dfb39
99.337194	1dfb39
99.351584	1dfb39
99.359195	1eb5d9
99.367509	1dfb39
99.373709	1dfde4
99.387213	1dfb39
99.396009	1dfb39
99.405547	1dfa60
99.413810	1e379a
99.425020	1e500f
99.434523	1dfb39
99.440754	1e15b5
99.450414	1dfdd5
99.462743	1dfb39
99.476959	1dfb39
99.488855	1dfb39
99.500969	1e1a06
99.507732	1e4fd2
99.513645	1dfb39
99.527826	1dfb39
99.534544	1dfb39
99.545245	1dfb39
99.555169	1dfb39
99.569849	1ce126bdc076
99.576882	1eb7f8
99.584475	1dfb39
99.592037	1e379a
99.599386	1dfb39
99.610089	1e1a06
99.617221	1ce126bdc238
99.627640	1ebd27
99.634361	1eb612
99.641927	1dfb39
99.653033	1dfb39
99.663096	1dfb39
99.671642	1dfb39
99.685170	1dfb63
99.690445	1eb512
99.699675	1e9318
99.713863	1dfb39
99.720352	1dfb39
99.727985	1dfb63
99.734947	1e1a06
99.743394	1dfb63
99.753950	1e93dd
99.760934	1e948f
99.775335	1e922a
99.786719	1e948f
99.798509	1dfb39
99.811546	1dfb39
99.822639	1dfb39
99.828822	1eb581
99.838410	1dfe14
99.851924	1dfb39
99.865660	1dfaa6
99.879200	1e948f
99.890873	1dfb39
99.898032	1eb5d5
99.912101	1e1a06
99.924232	1e1a06
99.929581	1e15b5
99.942405	1dfb63
99.950174	1dfb39
99.960881	1e379a
99.972919	1eb514
99.981085	1dfb63
99.988032	1dfb39
99.997605	1e93dd
100.003607	1ce126bdb754
100.016126	1dfb39
100.029984	1dfb39
100.041198	1dfb63
100.056065	1e0880
100.067997	1e0855
100.076194	1e07e5
100.085506	1ce126bd8806
100.096744	1e0855
100.104411	1e0cb9
100.115120	1e0880
100.129717	1e0880
100.139715	1e0cd0
100.148836	1e0880
100.160292	1e0880
100.170327	1e0727
100.176069	1e0880
100.188832	1e0880
100.195619	1e0880
100.206925	1e0880
100.216692	1e0d5f
100.230580	1e0880
100.244293	1e0d5f
100.249840	1e0880
100.261597	1e0880
100.274956	1e0855
100.286068	1e0880
100.300783	1e0cb0
100.306268	1e0880
100.317144	1e0880
100.329547	1e0855
100.340574	1e0855
100.349354	1e0880
100.356984	1e0880
100.365829	1e0880
100.377717	1e0880
100.386460	1e0880
100.399629	1e0855
100.412498	1e0880
100.424408	1e0705
100.436048	1e0855
100.447719	1e0855
100.459010	1e0880
100.471743	1e0880
100.483136	1e0880
100.494405	1e0882
100.499615	1e0880
100.513527	1e0bf7
100.523679	1f2614
100.529884	1e0880
100.537006	1e0880
100.552144	1e0855
100.560905	1e0880
100.568290	1e0880
100.575251	1e0880
100.581215	1e0855
100.590696	1e0855
100.597120	1e0880
100.610536	1e0855
100.624099	1ce126bd9660
100.636768	1e0aeb
100.648843	1e0cb0
100.654513	1e0880
100.664967	1e0880
100.672395	1e0855
100.680900	1e06e0
100.690835	1ce126bdc3ad
100.700253	1e0880
100.707304	1e0880
100.721416	1e0880
100.732871	1e0880
100.747441	1e0880
100.761288	1ce126bdc3ad
100.766963	1e0880
100.779892	1e0880
100.791350	1e086e
100.800297	1e0727
100.815368	1e0880
100.821360	1e0855
100.836127	1e0880
100.846210	1e0855
100.859008	1e0b50
100.864913	1e0855
100.874157	1e0880
100.880452	1e0855
100.891896	1e0cb9
100.899641	1e07c6
100.913462	1e0880
100.923597	1e0880
100.933367	1e0855
100.942202	1e0880
100.951669	1e0855
100.957537	1e0882
100.963426	1e0880
100.971456	1e0705
100.981864	1e0855
100.993565	1e0855
101.008016	1e0855
101.021848	1e0855
101.031295	1e0855
101.039479	1e0855
101.050759	1e0880
101.064335	1e0880
101.070214	1e0cc7
101.084093	1e0b6b
101.091002	1e0880
101.100486	1e0880
101.106357	1e0880
101.117644	1e0855
101.128568	1e0cb9
101.139545	1e0855
101.146666	1e0855
101.156402	1e0880
101.163315	1e0855
101.176312	1e0bf7
101.186014	1e0855
101.200232	1ce126bd8806
101.211491	1ce126bd8806
101.220542	1ce126bd8896
101.226557	1ce126bd885e
101.235644	1ce126bd8862
101.241614	1ce126bd86ee
101.255511	1ce126bd8709
101.268401	1ce126bd86e9
101.273949	1ce126bd870f
101.283147	1ce126bd870f
101.289673	1ce126bd86ff
101.297811	1ce126bd8806
101.311049	1ce126bd86ee
101.324615	1ce126bdb56a
101.331007	1ce126bdc1ec
101.339306	1ce126bdc3d5
101.353884	1e0880
101.362927	1e5020
101.368831	1e9417
101.375241	1e0880
101.384603	1e3812
101.389811	1e379a
101.396585	1e1930
101.408419	1e0855
101.416606	1dfb39
101.422992	1e3786
101.429772	1ce126cd7884
101.436246	1ce126bdc3c2
101.449680	1ce126bd8862
101.463107	1e162b
101.469653	1e0cc3
101.476799	1e0727
101.482227	1e0882
101.491280	1e0880
101.498380	1dff05
101.509379	1dfb39
101.522308	1dfb39
101.530553	1e0855
101.539245	1e0cd0
101.552440	1e3863
101.562375	1e1484
101.569363	1dfb39
101.577313	1dfb39
101.590686	1e0855
101.596581	1e0855
101.606823	1ce126bd870f
101.620921	1ce126bdae7d
101.634832	1e1a06
101.646255	1e0880
101.657966	1e0855
101.666321	1e0bf7
101.673696	1e9417
101.687457	1ce126bdb3b0
101.700059	1ea05b
101.712974	1e0880
101.726984	1ce126bdc3c2
101.737223	1e0aeb
101.749283	1e1a06
101.758419	1dfb39
101.769523	1e1939
101.779977	1dfb39
101.791208	1e5024
101.802923	1e0cb9
101.818120	1e0855
101.831798	1ce126bd8862
101.845880	1e14b7
101.853668	1dff05
101.867288	1ce126bdb754
101.875442	1e379a
101.889139	1dfb39
101.899411	1e073e
101.909152	1e0880
101.920571	1e0880
101.928009	1e0882
101.936073	1ce126bd870f
101.947574	1dfd9b
101.953759	1dfb39
101.959671	1ce126cd7880
101.973139	1dfb39
101.986486	1dfb63
101.992103	1dff91
102.007018	1e0880
102.020796	1e0727
102.033336	1e0880
102.046734	1dfb39
102.052304	1e379a
102.064816	1ce126bdb560
102.075117	1dfb39
102.090038	1e1a06
102.097735	1e3e62
102.111047	1e0880
102.124887	1e0855
102.136097	1e0cb0
102.144640	1e0880
102.159805	1dfd9b
102.174930	1e3ee7
102.190006	1e0cb0
102.197143	1e03dd
102.212013	1dff05
102.222712	1e0cb0
102.235969	1e0cb9
102.249201	1e0880
102.257520	1e0880
102.270386	1ce126bd870f
102.283535	1dfb39
102.293053	1e0cb0
102.303904	1dff05
102.309201	1e1a06
102.321345	1e379a
102.330506	1dfec3
102.339485	1e0b6f
102.353831	1e0880
102.362956	1e0cad
102.369928	1ce126bdc3ad
102.378594	1e0cb9
102.386295	1e0855
102.394247	1ce126bd86f2
102.402619	1e3780
102.410314	1dfb39
102.421166	1e9361
102.432061	1dfb63
102.443841	1ce126bdc060
102.449093	1ce126bdad46
102.457460	1dfb39
102.468086	1e0855
102.478106	1e0880
102.487619	1e0855
102.501072	1e0880
102.507666	1e0cd0
102.514726	1ce126bd884d
102.529244	1dfb39
102.536641	1dfb39
102.547373	1dfb13
102.561285	1dfb39
102.569223	1ea007
102.577940	1dff05
102.583833	1e379a
102.595749	1e0880
102.605463	1e0ccc
102.616789	1e0bf7
102.627792	1e0855
102.633999	1e0880
102.648728	1ce126bd8862
102.661802	1dfe56
102.670084	1e379a
102.685237	1e162b
102.691854	1dfb39
102.699948	1e3ebe
102.709580	1e379a
102.718455	1e9fed
102.724746	1dfb39
102.736158	1e0880
102.746192	1ce126bd97c4
102.755292	1e0880
102.766053	1e0cad
102.778223	1e074f
102.793083	1e0cb9
102.803536	1ce126bd870f
102.810509	1ea09d
102.818694	1ce126cd7956
102.833813	1ce126bdb560
102.842179	1dff05
102.849857	1dfb63
102.860031	1e379a
102.873475	1dff05
102.882233	1dfb39
102.891471	1e0855
102.904662	1e0727
102.918922	1ce126bd9683
102.928887	1e0705
102.941909	1e0855
102.950206	1e0855
102.962987	1ce126bd8862
102.973556	1dfec3
102.983038	1dfb39
102.993363	1dfde4
103.000841	1e94ba
103.008856	1dfb39
103.023549	1ce126bdb560
103.033085	1e3ea6
103.042939	1ea053
103.053677	1dfdd5
103.068666	1e0705
103.081845	1e0855
103.092414	1e0880
103.101538	1e0880
103.108571	1e0855
103.113968	1e0cb9
103.121694	1e0880
103.127320	1e0855
103.133270	1e0880
103.142220	1e0880
103.155786	1ce126bd8862
103.162569	1ce126bd8887
103.171468	1dfb39
103.180385	1ce126bdaddd
103.190715	1dfb39
103.200059	1dfde4
103.214271	1dfb39
103.222597	1e1a06
103.230580	1ce126bdaeb4
103.244537	1cea3e
103.250367	1e1a06
103.258373	1e379a
103.268124	1e0cb0
103.274153	1e379a
103.288576	1e0bf7
103.299826	1e0855
103.311205	1e0bf7
103.319086	1e0cb0
103.324516	1e0880
103.334654	1e0880
103.348996	1e0880
103.358009	1ce126bdc3c2
103.371264	1ce126bd8862
103.384186	1dfb39
103.394665	1dfde4
103.402675	1e379a
103.411699	1e951d
103.420770	1dfb39
103.435719	1dfd9b
103.449729	1e1a06
103.460064	1e9fde
103.469305	1e9417
103.483711	1e0cb0
103.497137	1e0727
103.506669	1e0727
103.518546	1e0880
103.526707	1e0880
103.532779	1e0bf7
103.542026	1e0880
103.550755	1e0855
103.557451	1ce126bd8800
103.564727	1ce126bd870f
103.572708	1dff05
103.584259	1dfb39
103.595651	1dfb63
103.609874	1ed391
103.617417	1dfb39
103.628749	1e1431
103.642739	1dfb39
103.649778	1e038a
103.659657	1dfb39
103.667256	1e0bf7
103.673944	1e0cb0
103.687610	1e0818
103.701466	1e0882
103.709360	1ce126bdc3db
103.718677	1e0855
103.731476	1e0855
103.746435	1ce126bd88b6
103.755483	1dfb39
103.765605	1ce126bdb754
103.771914	1e03e7
103.777164	1e1a06
103.782981	1dfb39
103.794960	1e379a
103.802371	1e3eae
103.816903	1dfb39
103.824985	1dfb39
103.830276	1dfb0c
103.838198	1e0cb0
103.845951	1dfb39
103.856602	1e0855
103.864198	1e0855
103.879244	1e0727
103.889135	1e0882
103.897299	1e0880
103.911197	1e0855
103.925428	1e0727
103.938248	1ce126bd8806
103.953185	1e1a06
103.965794	1dfb39
103.975419	1dff05
103.988948	1ce126bdaed2
103.999433	1e1a06
104.007577	1dff05
104.019574	1e1a06
104.032734	1dff05
104.046811	1dfb39
104.060438	1e0880
104.073564	1e0855
104.080552	1e0855
104.090288	1e0880
104.101429	1e0880
104.113164	1e0af9
104.127246	1e0855
104.137074	1e0880
104.151455	1ce126bd870f
104.166000	1dfb39
104.171642	1dfb39
104.185094	1ce126bdb560
104.196653	1dfb63
104.209973	1ce126bdb340
104.217350	1ce126cd7891
104.223245	1dff05
104.232617	1e17ff
104.238844	1ce126bdb741
104.249309	1dfb63
104.257462	1ce126bd86e9
104.263285	1e38d6
104.274451	1e1a06
104.282558	1e0855
104.292901	1e0855
104.302370	1e0880
104.311170	1e0b30
104.322653	1e0855
104.331040	1e0855
104.342087	1e07db
104.348274	1e0880
104.362604	1e0880
104.369272	1e0880
104.382755	1e0855
104.393943	1ce126bd870f
104.400531	1e1a06
104.415673	1dfb39
104.423123	1dff05
104.436460	1ce126bd8748
104.444579	1dfb39
104.453495	1e379a
104.464929	1dfb39
104.479261	1ce126bdc166
104.490288	1e163d
104.496950	1dfb39
104.503274	1e0cb0
104.517811	1f2621
104.532284	1e0cb9
104.540192	1e0aeb
104.551662	1e0855
104.564888	1e0bf7
104.574210	1e0880
104.582882	1e0855
104.594940	1e0880
104.601333	1e0880
104.609944	1ce126bd8862
104.616770	1ce126bd870f
104.627253	1ce126bdad46
104.635303	1dfb39
104.641039	1e1616
104.655436	1dfb39
104.661603	1e9fe3
104.676255	1dfb39
104.689924	1e9ff5
104.696926	1dfb39
104.706540	202995
104.716101	1dff9d
104.730302	1ce126cd792c
104.742656	1e0cb0
104.753205	1e0cb0
104.760680	1e0855
104.773493	1e0880
104.781115	1e0880
104.793880	1ce126bd972f
104.808146	1e0882
104.822496	1e0880
104.836657	1e0855
104.851313	1ce126bdb560
104.862773	1dfb39
104.876870	1ce126bdb560
104.887136	1ce126bdb560
104.893449	1dfb39
104.901496	1dfb39
104.908570	1e3e81
104.918722	1dff05
104.931798	1dfb39
104.943755	1ce126bdb394
104.951790	1dfb39
104.957272	1dfb39
104.968756	1dfb39
104.976779	1ce126bdaeb4
104.988410	1e0bf7
104.995019	1e0855
105.006052	1ce126bd969e
105.015007	1e0bf7
105.023379	1e0880
105.034126	1e0855
105.048014	1e0855
105.058250	1e0727
105.067443	1e0855
105.082330	1ce126bd88d6
105.092498	1ce126bdb560
105.099956	1e1a06
105.114962	1ce126bdb036
105.124134	1dfee5
105.133119	1ce126bdc162
105.138850	1ce126bda97f
105.145701	1dfb39
105.153207	1dfb39
105.165529	1dfe97
105.173976	1ce126bdadfa
105.180849	1e379a
105.191999	1e162b
105.203551	1e379a
105.218439	1dfdd5
105.232267	1e0855
105.239974	1e0855
105.245273	1e0855
105.258650	1e0855
105.268721	1ce126bd977f
105.277387	1e0855
105.289614	1e0855
105.301960	1e0880
105.316662	1e0705
105.326509	1ce126bd887f
105.338726	1ce126bd870f
105.345154	1ea066
105.357544	1e18df
105.363153	1dff05
105.370004	1e1635
105.375288	1e3832
105.383387	1dfb39
105.395747	1dfb39
105.404314	1e3901
105.413671	1e1a06
105.421441	1dfde4
105.433877	1dfb39
105.441068	1dfb39
105.449475	1dfb82
105.458479	1dfb39
105.469893	1dfb39
105.478612	1e0855
105.493118	1e0855
105.499522	1e0855
105.511875	1e0c1a
105.526686	1e0855
105.533128	1e0718
105.546326	1e0855
105.552284	1e0bf7
105.561091	1e0880
105.566683	1e0880
105.578764	1e0880
105.590801	1ce126bd8862
105.603272	1dfb39
105.613251	1dfde4
105.619966	1e383c
105.634715	1dfb63
105.649119	1dfb39
105.660815	1ea107
105.674403	1dfb39
105.682179	1e379a
105.693766	1e382c
105.704743	1e03aa
105.713357	1e9f5f
105.723371	1dfb39
105.734305	1e9ff9
105.741194	1e0cb0
105.747803	1e0880
105.760913	1e0bf7
105.768982	1e0880
105.781055	1e0ab4
105.794296	1e0880
105.808922	1e0880
105.820405	1e0880
105.827307	1e0880
105.838299	1e0718
105.845910	1e0880
105.855693	1e0855
105.868186	1ce126bd870f
105.877535	1ce126bd8837
105.888569	1ea034
105.900320	1dfb39
105.913899	1ce126bdb382
105.924789	1e15b5
105.933317	1e379a
105.944703	1e379a
105.951795	1dfb39
105.962812	1ce126bdb5c2
105.972692	1dfb39
105.977994	1ce126bdb35c
105.987904	1ea023
106.000746	1e379a
106.006421	1e1a06
106.015423	1e379a
106.025739	1dfb39
106.040831	1e0880
106.055717	1e0855
106.061305	1e0855
106.074862	1ce126bd969e
106.085171	1e0855
106.093631	1e0bf7
106.102493	1ce126bd97bc
106.109468	1e0bf7
106.124479	1e0727
106.134614	1e0880
106.142062	1e0855
106.152519	1ce126bd8709
106.163817	1ce126bd8806
106.171519	1dfb39
106.185857	1e39c3
106.195275	1e1a06
106.205630	1dfb39
106.216292	1dff05
106.226715	1ea117
106.238078	1dfb39
106.246238	1dff05
106.258957	1dfb39
106.270939	1dfb39
106.285888	1dfb39
106.293631	1dff05
106.302028	1dfb39
106.309297	1dfe86
106.318664	1e0cd0
106.330971	1ce126bd966d
106.338026	1ce126bd9757
106.347980	1e0880
106.362661	1e0855
106.369802	1e07ef
106.381721	1e0880
106.388141	1e0855
106.402506	1e0880
106.409362	1e0880
106.419522	1e0855
106.432365	1f25fd
106.439534	1e0880
106.447201	1ce126bd870f
106.457827	1ce126bd870f
106.471512	1e0cb0
106.477276	1e1a06
106.486361	1ce126bdb036
106.491613	1dfb39
106.500673	1dfb39
106.511625	1dfb63
106.524376	1e1a06
106.536618	1e379a
106.542400	1dfb39
106.556817	1e1a06
106.571328	1e0cc7
106.580424	1e1a06
106.586576	1e1a06
106.598443	1e379a
106.607639	1dfb39
106.617375	1e9417
106.631656	1e0880
106.636979	1e081f
106.648545	1e0880
106.658832	1e0d5f
106.665587	1e0855
106.674205	1e0cdf
106.681684	1e0bf7
106.695616	1e0880
106.706177	1e0cb0
106.711723	1e0855
106.719494	1e0bf7
106.730407	1e0cc3
106.742163	1e0880
106.751703	1e0727
106.764672	1e0855
106.776514	1ce126bd886f
106.781995	1ce126bd880c
106.789512	1dfb39
106.799944	1e379a
106.805466	1ea034
106.816542	1e1a06
106.821834	1e379a
106.835125	1e379a
106.845886	1e9f6b
106.858278	1dfb39
106.870641	1ce126bdb036
106.884045	1e1a06
106.892903	1e379a
106.898414	1dfb39
106.912450	1e37ef
106.923662	1e1a06
106.931444	1e1a06
106.937729	1dfb39
106.944345	1dfb39
106.951624	1e0880
106.957443	1e0855
106.964953	1e0727
106.973054	1e0855
106.988218	1e0cb0
107.003254	1ce126bd9718
107.018015	1e0cd0
107.023894	1e0cb9
107.032587	1e0cb0
107.044523	1e0880
107.052293	1e0880
107.066359	1e0855
107.078004	1ce126bd8862
107.085901	1ce126bd8896
107.094960	1dfb39
107.105578	1e1a06
107.120060	1dfb39
107.134753	1ea0cc
107.142879	1dfb39
107.157037	1e0cb0
107.170321	1ce126bdc0a1
107.184505	1dfb39
107.191081	1e1a06
107.203944	1e1a06
107.214968	1e3eae
107.226909	1dfb39
107.239293	1dfb39
107.245445	1dfb39
107.257940	1e0880
107.268849	1e0cd0
107.281080	1e0cb0
107.292250	1e0880
107.301723	1e074f
107.316619	1ce126bd97bc
107.327874	1e0880
107.335143	1ce126bd967e
107.341081	1e0727
107.351433	1e0aeb
107.362214	1e0855
107.369885	1e0880
107.381107	1e0880
107.393812	1ce126bd8806
107.407368	1e1a06
107.415616	1e1a06
107.421695	1e379a
107.427117	1e1a06
107.438261	1dfb39
107.447081	1dfb63
107.453596	1e9f96
107.467367	1dfb39
107.476287	1dfb39
107.489205	1dfb39
107.498200	1dff05
107.505333	1e1a06
107.517259	1ce126bdb3b0
107.531711	1e9fa7
107.539802	1e1a06
107.549710	1e1a06
107.557967	1dfb39
107.564393	1dff05
107.573304	1e0855
107.583858	1e0880
107.593539	1e0880
107.602480	1e0bf7
107.616569	1e0855
107.625149	1e0d65
107.632387	1e06ef
107.639900	1e0880
107.651313	1e0855
107.662912	1e0880
107.670671	1e0855
107.679087	1e0880
107.693583	1e0855
107.706741	1e0cd0
107.715123	1e0880
107.724859	1ce126bd8806
107.735083	1ce126bd870f
107.746427	1e9ff9
107.756745	1dfb39
107.764836	1dfb39
107.770989	1e1a06
107.778423	1e1a06
107.787697	1dff05
107.793232	1e0cc7
107.807572	1dff05
107.813499	1dfb63
107.822628	1dfb39
107.832802	1e9ff5
107.839171	1e3a39
107.845869	1dfb39
107.851133	1dfde4
107.864059	1e379a
107.878990	1e0cb0
107.884606	1e379a
107.896029	1dfb41
107.903129	1dff05
107.915495	1e9ffd
107.929466	1e0855
107.934994	1e0855
107.944705	1e0cb9
107.950571	1e0880
107.964763	1e0bf7
107.975986	1e0cb0
107.982258	1e0855
107.994152	1e0855
108.007673	1e0880
108.018815	1e0880
108.033800	1e074f
108.042548	1e0d5f
108.049951	1e0855
108.062604	1ce126bd96ed
108.076500	1e0727
108.091144	1ce126bd8806
108.105714	1ce126bd86df
108.120066	1dfb39
108.128446	1ea09a
108.139366	1e0cc7
108.147167	1dfca9
108.156331	1e1a06
108.162684	1e1a06
108.177210	1ba220
108.183749	1dfafe
108.189355	1dfb39
108.199699	1dfb39
108.207424	1dff05
108.218131	1dfb39
108.231751	1e15b5
108.246249	1dfb39
108.260791	1e15df
108.272289	1dff05
108.284615	1e1a06
108.289894	1e379a
108.299510	1e9fd5
108.312985	1e379a
108.319948	1dff9d
108.329548	1e1a25
108.341903	1e0855
108.349565	1e0880
108.363968	1e0cb0
108.376678	1e0727
108.389029	1e0880
108.398102	1e0855
108.410602	1e0855
108.418838	1e0880
108.429131	1e0855
108.436581	1e0880
108.447313	1e0880
108.458167	1e0bf7
108.468615	1e0880
108.481649	1e0b10
108.491355	1e0855
108.504616	1ce126bd8896
108.519126	1ce126bd8920
108.531388	1e1a06
108.539766	1e1a06
108.545507	1dfb39
108.551883	1dfb39
108.565769	1dfb39
108.578030	1dfb39
108.584657	1e15b5
108.596228	1ce126bdaf07
108.604971	1e9318
108.616909	1ce126cd7891
108.627539	1dfb39
108.638871	1ce126bdb376
108.649843	1e379a
108.658295	1ea118
108.671547	1dfaf0
108.679506	1dfb39
108.687258	1dfb39
108.700576	1e3e98
108.712167	1e0855
108.721145	1e0d5f
108.733896	1e0880
108.743010	1e0cb0
108.749782	1e0cb0
108.759099	1e0880
108.765851	1e0880
108.775269	1e0855
108.781212	1e0754
108.788487	1ce126bd96dd
108.795610	1e0882
108.804964	1e0880
108.814210	1e0855
108.826525	1e0880
108.835300	1e0855
108.846854	1e0cb0
108.853221	1e0814
108.865696	1e0855
108.875435	1e0cb0
108.887749	1ce126bd8806
108.901223	1dfb39
108.906661	1e1a06
108.917810	1dfb39
108.932846	1dfb39
108.945287	1dfca5
108.957242	1e1484
108.967345	1e9302
108.977599	1ce126bdb3a1
108.985558	1e379a
109.000197	1e379a
109.012576	1e379a
109.019900	1dfb39
109.026121	1dfec3
109.035604	1dfb39
109.050459	1e379a
109.058576	1ea007
109.068323	1dfb39
109.075497	1e379a
109.088860	1dfb39
109.098397	1e19bb
109.105200	1dfb39
109.116953	1e0855
109.129481	1e0bf7
109.144665	1e0880
109.158102	1e087b
109.168279	1e0cb9
109.182302	1e0cb0
109.188534	1e0855
109.199311	1e0880
109.212754	1e0880
109.227898	1ce126bd9718
109.234938	1e0855
109.249541	1e0855
109.260909	1e0880
109.275214	1e0855
109.280801	1ce126bd8896
109.287044	1ce126bd86ee
109.301050	1dfb39
109.307165	1dfb39
109.315244	1e379a
109.326079	1e1a06
109.333550	1dfecf
109.340030	1e1a06
109.349974	1e1a06
109.360445	1e1a06
109.371339	1e392a
109.378385	1e1a06
109.390383	1e1a06
109.402768	1e39bd
109.415071	1dfb39
109.430009	1dfb39
109.442410	1e1a06
109.448587	1dff05
109.461522	1dfb39
109.476252	1dfb39
109.486878	1dfb39
109.498892	1e0727
109.509622	1e0855
109.523605	1e0855
109.535816	1e0855
109.548299	1e06ef
109.562085	1e0880
109.572303	1e0880
109.578915	1e0cd0
109.593556	1e0855
109.607411	1e0cb9
109.619684	1e0880
109.631626	1e0880
109.642749	1e0855
109.650575	1e074f
109.658198	1ce126bd887f
109.670698	1ce126bd8821
109.685374	1dfb39
109.696253	1dff05
109.704644	1ce126cd792c
109.718230	1dfb39
109.726498	1ce126bdb754
109.739298	1dfb39
109.745837	1e3ea3
109.755952	1e379a
109.761364	1e379a
109.772938	1e1a06
109.787833	1dfb39
109.797045	1dfb39
109.808099	1dfb63
109.823094	1e379a
109.828570	1dff05
109.838649	1dfb39
109.847774	1e1a0b
109.853065	1e0cb0
109.867304	1e379a
109.878486	1e1a06
109.890506	1e0705
109.901719	1e0880
109.915977	1e0cbb
109.930232	1e0880
109.944450	1e0880
109.957692	1ce126bd9702
109.970478	1e0bf7
109.982119	1e0880
109.987887	1e0880
110.001165	1e0880
110.013125	1e0880
110.019100	1e0cb9
110.031543	1e0855
110.040436	1e0855
110.050001	1e0855
110.056225	1e0cc3
110.061798	1ce126bd881c
110.074148	1ce126bd86e9
110.087547	1ea023
110.099802	1e379a
110.114627	1dfb39
110.126289	1dfb39
110.140938	1e379a
110.150940	1e1a1e
110.164524	1dff05
110.178063	1dfb63
110.186668	1dfed4
110.195679	1e162b
110.207754	1e1a06
110.214222	1dff05
110.224173	1dfb39
110.232773	1e379a
110.244834	1dfb4b
110.250720	1dfb39
110.262690	1e15b5
110.276143	1dfde4
110.284707	1e9302
110.292795	1e0855
110.299261	1e0705
110.308551	1e0cb0
110.321185	1e0880
110.327297	1e0855
110.333147	1e0727
110.340421	1e0880
110.349881	1e0727
110.360946	1e0855
110.368451	1e0871
110.374795	1e0880
110.380314	1e0880
110.390371	1e0855
110.400923	1e0cb9
110.410452	1e0880
110.418670	1e0880
110.425945	1e0bf7
110.433287	1e0bf7
110.439054	1e0cb9
110.447070	1e0855
110.457916	1ce126bd8806
110.464076	1ce126bd870f
110.475426	1e9fcd
110.488994	1dfb39
110.496322	1ea0e4
110.508584	1dfb39
110.515732	1ce126bdb560
110.522697	1ea023
110.532016	1dff05
110.543652	1e0cb0
110.549710	1e18df
110.556451	1dfb39
110.569813	1dfb39
110.581866	1e379a
110.587338	1dfb63
110.593548	1ce126bdb560
110.604352	1dff6a
110.609863	1e19f5
110.617089	1e3eae
110.629170	1e1a06
110.641459	1e1a06
110.652055	1e18cb
110.657576	1e3781
110.664245	1dfd9b
110.673999	1e1a06
110.687868	1e0cb0
110.695869	1e0855
110.702984	1e0882
110.717249	1e0855
110.723880	1e0880
110.735770	1e0855
110.744996	1e0c39
110.759884	1e0855
110.765116	1e0880
110.771212	1e0705
110.784182	1e0880
110.797245	1e0cde
110.811869	1e0880
110.826089	1e0880
110.840651	1e0855
110.849442	1e0855
110.863034	1ce126bd8896
110.871850	1ce126bd8806
110.882902	1ce126bd8806
110.897441	1ce126bdb3a1
110.908604	1dfde4
110.917163	1dfb39
110.925432	1e1484
110.940217	1dfb63
110.954423	1e9ff5
110.965788	1dfb39
110.972017	1dff05
110.979094	1ea023
110.989211	1dff05
110.994841	1ce126bdb754
111.001950	1e1a06
111.014572	1e1807
111.022626	1e379a
111.034501	1dfb39
111.041036	1dfb63
111.051203	1dfb39
111.057260	1dff05
111.071899	1ce126bdb560
111.086326	1e1a06
111.093163	1e379a
111.101760	1e0727
111.110453	1e0880
111.116886	1e0cd0
111.126396	1e0880
111.138416	1ce126bdc3c9
111.144221	1e0880
111.149918	1e0cd0
111.156547	1e0727
111.166559	1e0880
111.175341	1e0cb9
111.188641	1e0880
111.203294	1e0855
111.212943	1e0855
111.226425	1e0727
111.240674	1e0cd0
111.248207	1e074f
111.253687	1e0880
111.265800	1e0880
111.273631	1e0880
111.283342	1e0880
111.293976	1ce126bd8806
111.299521	1ce126bd8862
111.313428	1e1a06
111.328333	1dff05
111.340630	1e9f79
111.346004	1dfb39
111.352666	1dff05
111.363639	1dfb39
111.374974	1e03fa
111.380475	1e1a06
111.388032	1ea078
111.396621	1e379a
111.402657	1e0cb0
111.411794	1dff05
111.423134	1e0cc7
111.436729	1dfb39
111.450893	1dfb39
111.460657	1ce126bdb560
111.467511	1e1a06
111.474608	1dff48
111.485991	1dff05
111.497749	1e379a
111.510709	1e1641
111.521500	1e190f
111.533795	1dff4c
111.539432	1e3a2c
111.552864	1e0855
111.562314	1e0855
111.577241	1e0705
111.591762	1e0880
111.603382	1e0855
111.611422	1e0880
111.617819	1e0880
111.623968	1e0855
111.636399	1e0855
111.647132	1e0855
111.660528	1e0cb0
111.670593	1e0aa4
111.677418	1e0880
111.692202	1e0880
111.705647	1e0880
111.714275	1e0cb9
111.729400	1e0bf7
111.738947	1ce126bd8862
111.748739	1ce126bd870f
111.762768	1e379a
111.771934	1ce126bd86e9
111.781224	1e3871
111.792500	1dfb39
111.805054	1dfb39
111.820149	1e15b5
111.833474	1e379a
111.838994	1dfb39
111.849008	1dff05
111.863358	1dff6a
111.877517	1dfb63
111.887247	1e9ff5
111.893087	1e0cb0
111.901599	1dfb39
111.907409	1e9f7f
111.922310	1e379a
111.929425	1e379a
111.939141	1dfb93
111.951298	1dfb39
111.957840	1e1484
111.963267	1dfb63
111.973632	1dfb39
111.981631	1dfb63
111.994072	1e0855
112.003461	1e087b
112.014536	1e0880
112.020543	1e0880
112.027776	1e0882
112.039862	1e0880
112.053852	1e0cb9
112.068001	1e0880
112.081534	1e0855
112.089318	1e0705
112.102255	1e0880
112.107858	1e0bf7
112.119185	1e0cb9
112.124510	1e0880
112.135471	1e0cb9
112.147299	1e0855
112.153063	1e0855
112.159240	1e0855
112.164700	1e0880
112.178926	1e0855
112.192849	1ce126bd8862
112.204797	1ce126bd883b
112.213586	1e3e9c
112.227755	1e394c
112.238176	1e1a06
112.246946	1dfb39
112.253291	1dfb39
112.262028	1dff05
112.268738	1dfb63
112.275619	1dfa4b
112.285806	1e379a
112.291459	1e1a06
112.298047	1dfb39
112.311627	1e379a
112.324344	1ce126bda9d1
112.337196	1dfb39
112.351183	1dfb39
112.357032	1e379a
112.371390	1dfb39
112.382346	1dfb39
112.393194	1dfb93
112.401054	1ce126bdb754
112.408958	1e0cb0
112.416417	1ce126bdb560
112.425779	1e379a
112.439938	1e0880
112.446909	1ce126bdc416
112.458818	1e0cb0
112.466878	1e074f
112.479625	1e0880
112.492312	1e0727
112.498358	1e0855
112.507537	1e0727
112.518728	1ce126bd9786
112.532946	1e0727
112.546672	1e0855
112.557514	1e0855
112.564546	1e0880
112.570708	1e0880
112.585110	1e0cb0
112.594257	1e0c1e
112.600969	1e0880
112.606726	1e0880
112.617436	1e0855
112.625184	1e0880
112.637263	1e0cb9
112.644476	1ce126bd8806
112.652428	1ce126bd8887
112.666633	1e379a
112.675373	1e1a06
112.682522	1ce126bdadcb
112.690087	1ce126bdc178
112.703610	1e1a06
112.718763	1dfe21
112.733108	1e1a06
112.745003	1dfb39
112.750423	1ce126bda970
112.765610	1dfd9b
112.780018	1dff05
112.789614	1ba254
112.799754	1ea030
112.808358	1dfb39
112.817218	1dfb39
112.830344	1ce126bdae7d
112.841543	1dfb39
112.848604	1dfb39
112.861963	1e3eae
112.876552	1dfb39
112.882758	1dfb3d
112.888673	1dfb05
112.899201	1dff05
112.910635	1e0855
112.920943	1e0880
112.932969	1e0855
112.940755	1e0cb9
112.955143	1e085d
112.963648	1e0c39
112.971846	1ce126bd9666
112.977784	1e0cb0
112.988800	1e0705
113.001063	1e0880
113.016126	1e0af9
113.029442	1e0cd7
113.044028	1e0855
113.052620	1e0855
113.058659	1e0880
113.069668	1e0882
113.079523	1e0bf7
113.088278	1e0855
113.099909	1e0bf7
113.109362	1e0880
113.118889	1e0880
113.133612	1ce126bd886f
113.140485	1ce126bd8709
113.154401	1e1a06
113.166264	1e1a06
113.173419	1e1a06
113.188135	1e379a
113.196125	1e1529
113.201978	1e1a06
113.215401	1ce126cd7891
113.225335	1e1a06
113.239370	1e1a06
113.250183	1e1587
113.263292	1e379a
113.269840	1e38db
113.278953	1e9f96
113.284459	1e1a06
113.293782	1e379a
113.303743	1e379a
113.314781	1dff05
113.325786	1dfb63
113.331462	1e0cb0
113.341379	1dfb39
113.349633	1e1a06
113.357532	1ea04f
113.369599	1e1a06
113.377714	1e1a06
113.387858	1e1a06
113.402171	1dfe97
113.416071	1e379a
113.424537	1e3916
113.435516	1dfe97
113.446506	1e0880
113.454644	1e0705
113.463673	1e0bf7
113.472162	1e0bf7
113.485001	1e0880
113.497806	1e0880
113.504996	1e0880
113.513320	1e0cf7
113.526297	1e0d5f
113.531634	1e0bf7
113.541525	1e0880
113.551609	1e0880
113.565475	1e0880
113.578246	1e0880
113.584364	1e0880
113.589926	1e0bf7
113.603515	1e0bf7
113.616077	1e0727
113.628540	1e0855
113.637564	1e0cb9
113.644112	1e0880
113.654703	1e0855
113.664058	1e0880
113.675189	1ce126bd8806
113.685822	1ce126bd870f
113.696633	1ce126bd888f
113.702373	1dfb39
113.710492	1e379a
113.724979	1dfb39
113.734059	1e379a
113.739348	1dfde4
113.744717	1ce126bdb376
113.755294	1e1a06
113.762777	1dfb39
113.777759	1dfb39
113.786142	1e379a
113.796432	1dfb63
113.806643	1dfb39
113.818418	1e1a06
113.831278	1ce126bdadcb
113.843355	1e3ea6
113.853532	1ce126bdb754
113.863120	1dfb39
113.877002	1dfb39
113.891200	1dfb63
113.904356	1dff05
113.916373	1e15b5
113.925789	1dff05
113.938637	1e1a06
113.953799	1dfb39
113.963851	1e0705
113.978335	1e0855
113.986700	1e0880
113.999848	1e0855
114.007183	1e0880
114.018881	1e0bf7
114.031641	1e0880
114.037291	1e0855
114.042753	1e0880
114.055422	1e0880
114.065007	1e0727
114.074322	1e0cd0
114.087343	1e0880
114.102295	1e0855
114.116485	1ce126bd96c2
114.122083	1e0855
114.132758	1e0880
114.140996	1e0880
114.146583	1e0880
114.156960	1e0727
114.171151	1e0855
114.179431	1ce126bd8896
114.192956	1ce126bd8709
114.207619	1dfe56
114.215778	1dfb39
114.225436	1ea078
114.235735	1ce126bdb560
114.243447	1e15b5
114.249954	1dfb39
114.259937	1dfb39
114.271265	1dfb39
114.276636	1dfb39
114.283536	1e19d8
114.292826	1e3ece
114.303796	1e379a
114.314948	1e379a
114.329658	1e379a
114.335759	1e1a06
114.349143	1e1a06
114.359432	1dfb39
114.365621	1e1a06
114.376302	1ce126bdb560
114.385336	1ce126bdaeb4
114.400070	1dfb39
114.413588	1dfb39
114.426837	1dfb39
114.433064	1ce126bdb35c
114.442524	1ea034
114.448542	1e379a
114.463266	1e0880
114.477878	1e0bf7
114.489228	1e0bf7
114.498801	1e0855
114.509825	1e0880
114.517138	1ce126bd969e
114.523699	1e0855
114.531825	1e0cb0
114.544913	1e0880
114.559819	1e0880
114.566989	1e0880
114.582135	1e0d5f
114.595283	1e0880
114.607012	1e0855
114.620856	1e0880
114.627265	1e0855
114.638919	1e0880
114.650269	1e0880
114.659041	1e0880
114.667576	1ce126bd8896
114.681008	1ce126bd870f
114.689828	1dfb39
114.704099	1dfb39
114.719262	1ce126bdae57
114.733564	1dfe97
114.740851	1dfb39
114.747305	1e1a06
114.759193	1e379a
114.765292	1dff05
114.773508	1dff05
114.786010	1e3804
114.798128	1e1a06
114.809719	1dff05
114.821348	1e0cb0
114.834938	1dfb39
114.849850	1dfb63
114.857249	1dff05
114.872373	1e379a
114.887044	1dfb39
114.894714	1ce126bdae2f
114.903422	1dfb39
114.916921	1dfb39
114.922471	1dfb39
114.928219	1e38db
114.938601	1ce126bdadb3
114.952617	1e379a
114.963076	1e0cb0
114.977889	1e0cb0
114.985774	1e0880
114.997859	1e0855
115.006935	1e0880
115.020635	1e0880
115.027798	1e0880
115.040759	1e0880
115.053589	1e0880
115.066826	1ce126bd968f
115.076716	1e0880
115.082251	1e0855
115.089823	1e0880
115.104102	1e0880
115.117601	1e0855
115.130737	1e0cb0
115.136233	1e0855
115.142882	1e0855
115.148808	1e0ab4
115.154122	1e0880
115.167753	1e0855
115.181748	1ce126bd8806
115.189840	1ce126bd870f
115.196193	1ce126bd870f
115.204178	1ce126bdb560
115.215152	1dfb39
115.226673	1dfb39
115.240782	1dff7c
115.254283	1dfb39
115.269089	1dfb63
115.282671	1e379a
115.290005	1dfb63
115.295315	1dfb39
115.302591	1dff17
115.315041	1e1a06
115.328971	1dfb39
115.341991	1e1a06
115.350870	1dfb39
115.356100	1e1a06
115.363244	1ea007
115.375045	202929
115.385475	1dfb39
115.391685	1e379a
115.398838	1dff05
115.409649	1dff05
115.415526	1dfb39
115.429229	1dfd9b
115.440789	1dfb39
115.449390	1dfb39
115.455289	1ce126bd9666
115.468120	1e0880
115.479212	1e0855
115.488079	1e0bf7
115.499485	1e0880
115.511741	1e0880
115.526667	1e0754
115.539678	1e0880
115.547305	1e0880
115.559796	1e0855
115.571876	1e074f
115.579364	1e0880
115.587444	1ce126bdc3c5
115.596650	1e0880
115.610794	1e0855
115.621198	1e0cb9
115.631301	1e0880
115.645033	1e0d5f
115.657327	1e0811
115.666772	1ce126bd8800
115.679952	1ce126bd8916
115.686555	1ce126bd8806
115.698471	1dfb39
115.711970	1dfb39
115.719825	1dfb39
115.734260	1ce126bdc1c0
115.743888	1e1a06
115.756584	1dff05
115.767374	1e3858
115.777854	1ce126bdb386
115.787672	1e1a06
115.798652	1dff05
115.812494	1dfb39
115.824103	1e392a
115.831537	1e379a
115.843545	1e1a06
115.850253	1e379a
115.858615	1e379a
115.870397	1dfb39
115.882134	1e15b5
115.888802	1ce126bdc060
115.901040	1e1908
115.908004	1dfb39
115.917944	1dfafe
115.932214	1dfb63
115.941643	1e1a06
115.948155	1dfb34
115.956296	1dfb39
115.963494	1dfb39
115.973041	1e1a0b
115.988049	1e0855
116.002545	1e0855
116.008490	1e0727
116.017628	1e0882
116.025369	1e0880
116.033862	1e0880
116.044464	1e0bf7
116.050102	1e0880
116.055462	1e0727
116.065839	1e0855
116.080614	1e0880
116.091677	1e0882
116.101824	1ce126bdc3c5
116.114316	1e0cd0
116.129378	1e0727
116.136522	1e0880
116.149037	1e0cd0
116.155979	1e0855
116.165036	1e0705
116.179647	1e0880
116.190033	1ce126bd978e
116.195694	1e0727
116.208351	1e07d7
116.213797	1e0cd0
116.226166	1ce126bd887f
116.237265	1ce126bd8896
116.242844	1ce126bd8709
116.249231	1ce126bd870f
116.261820	1e15b5
116.267702	1e1a06
116.275622	1e379a
116.283197	1e379a
116.296873	1e379a
116.310639	1e149f
116.316863	1e1a06
116.323879	1dfb39
116.334567	1e396a
116.343113	1e1a06
116.354293	1e379a
116.363587	1e379a
116.372850	1dfb39
116.382371	1dfb39
116.397416	1dfb39
116.404427	1dfb63
116.419070	1dfb39
116.427988	1dfb39
116.437163	1dff9d
116.445861	1dfd8a
116.456790	1e1a06
116.468881	1e9ff5
116.482556	1ce126bdaeb4
116.493402	1dff05
116.498677	1dfb39
116.509026	1e9f61
116.515852	1e0cb0
116.526595	1e0bf7
116.540388	1e0880
116.547597	1e0880
116.557887	1e0855
116.564077	1e0cb0
116.577471	1e0880
116.590891	1e0cad
116.599263	1e0880
116.607727	1e0bf7
116.616744	1e0bf7
116.624713	1e0d5f
116.631834	1e0754
116.642223	1e0bf7
116.652750	1e0880
116.665135	1e0727
116.675764	1e0855
116.687640	1e0880
116.700299	1e0880
116.713637	1e0880
116.725487	1e074f
116.740505	1e0880
116.749745	1e0855
116.762489	1ce126bd887f
116.773747	1ce126bd870f
116.779204	1ce126bd86ee
116.790310	1e1a06
116.795932	1dff05
116.808477	1e0cb0
116.823663	1e0cb0
116.838786	1dfb39
116.846361	1e1a06
116.855263	1e1a06
116.869902	1e1a06
116.884387	1dfe47
116.894496	1e1a06
116.901308	1e0cb0
116.911946	1dfb39
116.920661	1e1a06
116.928673	1e1a06
116.941453	1ce126bdb376
116.953701	1dff05
116.961446	1e379a
116.972722	1e0cb0
116.984094	1dfb39
116.995459	1dfb39
117.005494	1e0ce8
117.018134	1e1a06
117.032709	1e379a
117.041176	1dff05
117.052995	1ea01b
117.060983	1e0855
117.072847	1e0855
117.087725	1e0880
117.101522	1e0882
117.112321	1e0880
117.123723	1e0855
117.130159	1e0855
117.142925	1e0880
117.154675	1e0880
117.165398	1e0855
117.180373	1e0855
117.191367	1e0880
117.197648	1e0855
117.208246	1e0cb9
117.217572	1e0bf7
117.226994	1e0880
117.238522	1e0be5
117.243883	1e0880
117.256270	1e0bf7
117.268313	1e0727
117.278591	1e0855
117.289771	1e0880
117.301761	1ce126bd887f
117.307265	1ce126bd8709
117.316614	1ce126bd870f
117.331327	1e379a
117.340462	1dfb39
117.353206	1dff05
117.360132	1e1a06
117.372142	1e379a
117.379003	1e1a06
117.387462	1dfd9b
117.402510	1e0cad
117.409620	1e1635
117.421355	1e379a
117.434792	1dfb39
117.447630	1e379a
117.453193	1e379a
117.465961	1dfb39
117.478665	1ce126bdb340
117.487322	1e379a
117.497650	1e1a06
117.510987	1e379a
117.517418	1e9fbf
117.529476	1dfb39
117.541586	1ce126bdb04a
117.556762	1e379a
117.566678	1dfb39
117.572020	1e379a
117.579524	1e1a06
117.587158	1dfb39
117.597927	1dfb39
117.605499	1dfb39
117.614861	1e0855
117.620570	1e0880
117.635476	1e0880
117.649671	1e0855
117.660774	1e0880
117.670482	1e0880
117.679942	1e0855
117.694374	1e0855
117.701208	1e0855
117.715280	1e0855
117.722385	1e0880
117.737089	1e0880
117.748733	1e0bf7
117.755254	1e0880
117.769704	1e0880
117.781536	1e0880
117.790033	1e0cb9
117.797347	1e0880
117.808615	1e0880
117.823434	1e0855
117.829867	1e0880
117.841577	1e0880
117.849179	1ce126bd8806
117.858860	1ce126bd8709
117.872858	1ce126bdaf07
117.886476	1e379d
117.900988	1dfb39
117.906407	1dfb39
117.918131	1ce126bdc060
117.926164	1e0cb0
117.936696	1e9ffd
117.944137	1e17fa
117.956729	1e379a
117.968200	1dfb39
117.974862	1dfd9b
117.981556	1e386a
117.995918	1dfde4
118.002204	1dff05
118.015023	1e5013
118.028650	1e0cb0
118.037227	1dff05
118.050838	1dfb39
118.064939	1e379a
118.073643	1dfb39
118.079666	1e1a06
118.086130	1dfb39
118.092092	1e379a
118.099376	1e379a
118.113338	1dfb39
118.127649	1ce126bd86e9
118.135566	1e379a
118.148132	1e9f79
118.160600	1e379a
118.173309	1dfb63
118.180013	1dff24
118.192308	1e0bf7
118.204930	1e0880
118.210190	1e0880
118.224502	1e0855
118.234937	1e0855
118.244065	1e0880
118.252264	1e0855
118.263094	1e0bf7
118.277727	1e0855
118.290239	1e0cb0
118.299695	1e0855
118.306834	1e0880
118.319779	1e0855
118.332445	1e0880
118.344953	1e0727
118.352388	1e0880
118.366867	1e0880
118.379844	1e0855
118.387332	1e0cb0
118.398004	1e0880
118.408722	1e0880
118.414604	1e0880
118.424875	1e0a8e
118.432758	1e0880
118.443975	1e0880
118.455263	1e086b
118.462849	1e0cd0
118.468184	1e0cb0
118.480248	1e0bf7
118.494398	1e0880
118.509471	1ce126bd8806
118.521223	1ce126bd870f
118.532399	1ce126bd8703
118.545747	1ce126bdb560
118.556711	1e379a
118.568210	1dff05
118.579143	1ce126bdb560
118.584709	1dfb39
118.594070	1ce126bdae45
118.602096	1dfb39
118.615657	1ce126bdb040
118.622768	1dfb39
118.636590	1e1a06
118.646750	1e379a
118.654839	1dfb63
118.662271	1e39f5
118.670703	1dfb39
118.676114	1dfb39
118.685799	1e379a
118.692564	1e1a06
118.706843	1e1a06
118.721329	1ce126bdc167
118.734034	1dfb39
118.742709	1dff05
118.753921	1e0cb0
118.764746	1dff05
118.771167	1dfb39
118.777182	1dff05
118.785788	1e379a
118.798331	1e1484
118.806414	1e1a06
118.815523	1e1a06
118.829170	1e1a06
118.839047	1e3ea0
118.845682	1e379a
118.854885	1e0855
118.860897	1e0727
118.872034	1e0cb0
118.884462	1e0880
118.893002	1e0880
118.903865	1e0855
118.911554	1e0855
118.920582	1e0855
118.934552	1e0880
118.942545	1e0855
118.952704	1e0880
118.964259	1e0855
118.978944	1e0855
118.987831	1e0855
119.000511	1e0880
119.010271	1e0880
119.020830	1e0880
119.027738	1e0880
119.036682	1e0880
119.044689	1e0880
119.058071	1e0bf7
119.065196	1e0cb0
119.076272	1e0855
119.089549	1e0880
119.094861	1e0855
119.108012	1e0855
119.117608	1e0cd0
119.132440	1ce126bd870f
119.138821	1ce126bd870f
119.150404	1ce126bdb560
119.156082	1dfb39
119.161854	1dff91
119.176162	1e379a
119.183843	1dfb25
119.189059	1e1644
119.199656	1e3ea3
119.210164	1e379a
119.217912	1dfb39
119.227197	1dfe86
119.234448	1dff05
119.239668	1e379a
119.246545	1e379a
119.259401	1ce126bdaad6
119.267439	1e1a06
119.273339	1dff05
119.285771	1dfb39
119.298544	1dfb39
119.309888	1e1a06
119.323243	1e379a
119.328621	1dfb39
119.341887	1dfb39
119.353124	1ce126bda970
119.359675	1dff9d
119.368887	1ce126bdb036
119.379785	1e3a3e
119.389670	1dfb39
119.400564	1ea023
119.415518	1dfb39
119.424221	1dfb39
119.439201	1dfb39
119.450590	1e0705
119.464304	1e0cb0
119.472653	1e0880
119.484105	1e0880
119.492388	1e0bf7
119.505564	1e0855
119.516593	1e0bf7
119.526305	1e0855
119.538739	1e0855
119.552244	1e0880
119.559693	1e0bf7
119.565193	1e0880
119.574708	1e0880
119.579871	1e0855
119.590825	1e0880
119.605770	1e0cb0
119.615305	1e0727
119.626906	1ce126bdc41b
119.638444	1e0cb0
119.652111	1e0855
119.666686	1e0855
119.672298	1e0855
119.682715	1e0880
119.696698	1e0855
119.702928	1e0855
119.710321	1e0cb0
119.721798	1ce126bd8806
119.729328	1ce126bd8896
119.742029	1ce126bd870f
119.749870	1e379a
119.762244	1dfb39
119.772026	1e379a
119.786227	1e1a06
119.799469	1dfb39
119.812989	1e9fa4
119.825461	1dfea3
119.839130	1ce126bdb340
119.852033	1dfb39
119.866157	1dfb39
119.875172	1dfb39
119.884355	1e1a06
119.895626	1dfb63
119.908542	1dfb39
119.922739	1ce126bdb560
119.929308	1dfb71
119.939562	1e1a06
119.952149	1dfb39
119.966273	1e1a06
119.979928	1dfb39
119.988994	1e379a
119.998386	1dfb39
120.004107	1dfb39
120.012695	1dfb63
120.021825	1dfb63
120.031888	1e379a
120.038455	1e0880
120.046044	1e0855
120.052980	1ce126bd966d
120.066984	1e0880
120.081369	1e0880
120.089277	1e0880
120.100635	1e0880
120.107430	1e0855
120.115263	1e0882
120.128949	1e0855
120.141663	1e0855
120.152619	1e0880
120.161526	1e0880
120.171017	1e0855
120.176709	1e0bf7
120.183752	1e0880
120.191076	1e0880
120.197853	1e0880
120.204544	1e0cb9
120.215852	1e0cb0
120.227703	1e0bf7
120.238916	1e0cd7
120.247528	1e0cb9
120.258433	1e0855
120.268096	1e0cd0
120.282463	1ce126bdc416
120.291497	1e0880
120.304202	1ce126bd8806
120.311196	1ce126bd8852
120.321427	1ce126bd870f
120.330381	1dfb87
120.341224	1e1a06
120.349541	1ea10a
120.362248	1dfb39
120.374593	1dfb39
120.383350	1e1a06
120.390095	1dfb39
120.405140	1e0cb0
120.411158	1e379a
120.424344	1dfb39
120.432123	1e1a06
120.444396	1e1a06
120.450514	1e3e1f
120.463189	1e15df
120.469078	1ce126bdb560
120.482411	1dff05
120.490305	1e39fe
120.501951	1dfb39
120.515791	1ce126bdad30
120.529541	1e379a
120.537583	1e1a06
120.547415	1dfafe
120.558284	1e9f5a
120.564461	1dff05
120.578660	1e1a06
120.584126	1e1a06
120.591198	1dfb39
120.599895	1dfb39
120.613780	1e1a06
120.623176	1dfb39
120.628478	1ea023
120.642031	1e0727
120.647922	1e0880
120.657161	1e0880
120.668129	1e0855
120.678477	1e0855
120.685944	1e0727
120.693760	1e0855
120.702990	1e0767
120.711109	1e0727
120.722764	1e0880
120.735014	1e0855
120.743427	1e0cd0
120.750695	1e0855
120.761584	1e0705
120.774934	1e0880
120.787946	1e0d5f
120.795436	1e0880
120.801511	1e0727
120.816370	1e0cb0
120.822562	1e0880
120.836716	1e0855
120.851432	1e0855
120.865442	1e0880
120.877368	1e0882
120.891651	1e0880
120.906184	1e0855
120.917001	1e0cb0
120.930076	1ce126bd870f
120.935305	1ce126bd870f
120.948595	1ce126bd870f
120.954755	1ce126bdb5c2
120.968597	1ce126bdc085
120.983776	1dfb39
120.989780	1e379a
120.998781	1dff05
121.005218	1dff05
121.012757	1e1a06
121.021048	1e3e98
121.033443	1dff05
121.047451	1e379a
121.059922	1dfb39
121.067327	1e396a
121.078080	1dfb39
121.090215	1dfb63
121.100907	1e379a
121.111590	1e379a
121.118389	1ce126bd86e9
121.133273	1e1a06
121.144045	1dfb39
121.153981	1dff38
121.168342	1e379a
121.178188	1e1a06
121.187443	1dfb39
121.200486	1dfb63
121.206660	1dfb63
121.218206	1e0cb0
121.229760	1dfb39
121.239115	1dfb39
121.251624	1e1a06
121.262017	1e0880
121.267450	1e0855
121.276937	1e0727
121.286988	1e0727
121.302151	1e0880
121.312253	1e0855
121.325957	1e0880
121.335963	1e0cd0
121.342508	1e0880
121.352567	1e0727
121.359823	1e0880
121.369185	1e0727
121.379661	1e0882
121.393814	1e0855
121.404301	1e0855
121.409858	1e0855
121.415981	1e0855
121.430048	1e0880
121.438577	1e0880
121.447722	1e0bf7
121.456847	1e0855
121.471114	1e0880
121.485918	1e0cd0
121.492115	1e0cd0
121.504126	1e0855
121.518634	1e0880
121.530003	1e0855
121.542256	1e0880
121.556952	1ce126bd870f
121.565160	1ce126bd8709
121.572152	1ce126bd875f
121.577470	1ce126bd887f
121.583127	1e1626
121.589161	1dfb39
121.604100	1dff05
121.616405	1e1644
121.625262	1dfb39
121.637506	1e0cb0
121.647452	1e9fbc
121.655816	1e1a06
121.661577	1e379a
121.669754	1e1a06
121.675574	1dfb39
121.687832	1e1a06
121.697728	1dfe14
121.711383	1dfb39
121.718699	1e9fbf
121.725992	1e9fa7
121.735608	1e9318
121.748147	1e379a
121.758615	1e15b5
121.770455	1e379a
121.781370	1e0cb0
121.792858	1dfb39
121.805914	1ce126bdb3b0
121.813049	1e379a
121.825235	1e1a1e
121.835572	1ea111
121.841007	1dff81
121.854344	1dfb39
121.866511	1dfb39
121.880835	1e5069
121.893152	1dfb39
121.901323	1dfb39
121.915477	1ce126bd97bc
121.920928	1e0855
121.928127	1e0855
121.941745	1e0d31
121.947625	1e0880
121.962708	1e0880
121.976041	1e0cc3
121.983728	1e0727
121.998253	1e0880
122.010234	1e0880
122.018976	1e0855
122.029422	1e0880
122.034781	1e0727
122.045802	1e0855
122.057908	1e0880
122.068133	1e0bf7
122.078628	1e0880
122.093202	1e0880
122.104138	1e0880
122.110016	1e0cb9
122.120978	1e0880
122.132826	1e0880
122.139266	1e0727
122.153062	1e0bf7
122.165242	1e0bf7
122.176815	1e0880
122.191293	1e0bf7
122.200130	1ce126bd8862
122.205278	1ce126bd875b
122.217944	1ce126bd88a8
122.231622	1e15a7
122.241551	1e1a06
122.256023	1ea107
122.263114	1e379a
122.268296	1ce126bdae2f
122.276452	1e3eae
122.289615	1dfb39
122.303477	1e379a
122.311301	1e379a
122.323152	1dfb63
122.334064	1dfa58
122.344260	1e379a
122.356499	1dfdc8
122.367703	1dfb39
122.375885	1dff05
122.382078	1dfb39
122.388313	1dff05
122.399289	1e1599
122.405139	1ce126bdb5be
122.416789	1e1602
122.424860	1dfb39
122.434921	1e379a
122.445619	1e1a06
122.455271	1dff24
122.469051	1e1a06
122.482825	1e3ece
122.490809	1dff05
122.505072	1e1a06
122.515939	1e1a06
122.522039	1e1999
122.535545	1e0cb0
122.545184	1e1a06
122.555835	1dfb39
122.564592	1e0855
122.579550	1e0bf7
122.593650	1e0855
122.600097	1e0880
122.611141	1e0855
122.621237	1e0880
122.629588	1e0cd0
122.642306	1e0855
122.650835	1ce126bd968c
122.658930	1ce126bdc3ad
122.666217	1e0855
122.680788	1e0880
122.686478	1e0880
122.701477	1e0880
122.711251	1e0bf7
122.722735	1e0855
122.737319	1e0855
122.745698	1e07fa
122.750966	1e0855
122.760217	1e0880
122.768491	1e086b
122.781254	1e0855
122.796168	1e0bf7
122.807173	1e0d41
122.815988	1e0880
122.828848	1e0849
122.835496	1e0d5f
122.846364	1e0880
122.857745	1e0880
122.863588	1ce126bd8862
122.870347	1ce126bd8896
122.879357	1ce126bd86ff
122.886575	1ce126bd870f
122.894241	1ce126bd870f
122.904120	1ce126bd870f
122.915354	1dfb39
122.929350	1e1484
122.943703	1dfb39
122.957213	1dfb39
122.966714	1dfb39
122.976323	1ce126bdc076
122.983333	1dfb39
122.995305	1e1a06
123.003902	1e1a06
123.012138	1e1a06
123.025991	1ce126bdc060
123.039175	1dfb39
123.050387	1e379a
123.063533	1e1a06
123.075397	1e379a
123.089862	1dfb39
123.101616	1e379a
123.116619	1e3ea9
123.123607	1e1484
123.135324	1dfe86
123.142295	1dfb39
123.148491	1ce126bdc1c5
123.159753	1e9417
123.167610	1dfb39
123.178362	1dfb39
123.187937	1dfb39
123.197141	1e1a06
123.206242	1dfb39
123.213617	1e951d
123.220616	1dfb63
123.231733	1e1a06
123.242470	1dfb63
123.249258	1dfb63
123.256667	1e379a
123.267024	1dff05
123.277945	1dfb39
123.285167	1dfb39
123.296250	1dfde4
123.302953	1ce126bdaddd
123.315712	1ce126bdb560
123.321389	1e0880
123.330820	1e0727
123.345867	1e0880
123.356862	1e0855
123.366716	1e0727
123.381287	1e0855
123.386572	1e0705
123.396575	1e0880
123.407092	1e0880
123.415573	1e0727
123.421127	1e0880
123.427852	1e0880
123.439935	1e0880
123.450354	1e0880
123.459672	1e0855
123.473628	1e0880
123.481488	1ce126bdc3c2
123.492546	1e0880
123.500117	1e0bf7
123.507366	1e0880
123.520270	1e0cd0
123.528974	1ce126bd96ff
123.534829	1e0880
123.547254	1e0880
123.561377	1e0880
123.567171	1e0880
123.581982	1e0855
123.593958	1e0880
123.599460	1e0cb0
123.605369	1e0880
123.610599	1ce126bd8821
123.616223	1ce126bd8806
123.625643	1ce126bd8896
123.631917	1ce126bd8806
123.643937	1ce126bdb560
123.649895	1e9fd9
123.659259	1e379a
123.668355	1e379a
123.678525	1e1a06
123.693503	1dfb39
123.704013	1dfb39
123.710562	1ce126bdc178
123.717523	1dfb39
123.727472	1ce126bdaea3
123.740377	1e03dd
123.755309	1e1a06
123.767271	1e15b5
123.778306	1e147f
123.785951	1ce126bdc174
123.794345	1e379a
123.807383	1dfb39
123.814802	1dfb63
123.829241	1dfb39
123.835543	1e379a
123.847000	1dfb39
123.861206	1e1a06
123.873530	1e1a06
123.887254	1dfb39
123.897301	1e3840
123.909455	1dfb39
123.920569	1e379a
123.929058	1dfb39
123.937023	1dfb39
123.944712	1dfb39
123.950838	1ce126bdb3a1
123.965798	1dff05
123.975162	1ea0ad
123.989177	1e0855
124.002696	1e0880
124.014163	1e0880
124.023313	1e0880
124.032280	1e0880
124.040139	1e0bf7
124.054296	1e0727
124.062297	1e0880
124.071532	1e0880
124.085033	1e0855
124.098195	1e0880
124.103555	1e0882
124.109690	1e0855
124.115813	1e0855
124.129915	1e0880
124.141547	1e0855
124.147087	1e0bf2
124.158037	1e0800
124.164757	1e0880
124.173498	1e0bf7
124.181074	1e0855
124.194143	1e0880
124.206576	1e0880
124.219466	1e0880
124.230524	1e0855
124.238000	1e0880
124.248628	1e0880
124.255498	1e0880
124.262631	1e0727
124.275627	1ce126bd8806
124.282859	1ce126bd870f
124.289040	1ce126bd86ee
124.296641	1ce126bd870f
124.304807	1e37db
124.319509	1dfb39
124.334347	1dff05
124.347393	1dfb39
124.356750	1e379a
124.362643	1dfb39
124.375388	1dfb39
124.382607	1dfb39
124.394039	1e379a
124.407564	1e1a06
124.413270	1dfb63
124.426951	1ea023
124.440692	1e1a06
124.448047	1dfb39
124.459192	1ce126bdae2f
124.472391	1e379a
124.486773	1ce126bdc238
124.496203	1dfb39
124.502371	1e379a
124.510460	1dfb39
124.517581	1e1639
124.525828	1dfb63
124.535736	1e1a06
124.542090	1ea066
124.555304	1e1a06
124.565679	1e1484
124.576617	1e1a06
124.582628	1dff9d
124.591438	1e378a
124.600134	1e0cb0
124.609325	1ea030
124.623166	1e379a
124.631838	1dfb39
124.640523	1e0855
124.652320	1e0bf7
124.658628	1e06ef
124.673622	1e0880
124.682816	1e0880
124.693980	1e0880
124.703337	1e0880
124.714545	1e0880
124.724480	1e0882
124.737224	1e0880
124.747451	1e0855
124.755880	1e0bf7
124.769526	1e0880
124.781511	1e0d5f
124.794791	1f25fd
124.806785	1e0727
124.814813	1e0cb0
124.826254	1e0855
124.837411	1e0880
124.850924	1e0855
124.863379	1e0880
124.877185	1e0855
124.887447	1e0855
124.897188	1e0880
124.908717	1e0727
124.922565	1e0855
124.929620	1ce126bd8806
124.942325	1ce126bd8862
124.952670	1ce126bd870f
124.967462	1dff05
124.975365	1dfb39
124.990489	1e379a
124.997389	1e1a06
125.006423	1e1484
125.013899	1dff05
125.026888	1ce126bdb754
125.041890	1e1a06
125.050786	1dfb39
125.060585	1dff05
125.068128	1e3e98
125.076349	1e1a06
125.083640	1dfb39
125.089014	1dfb39
125.102594	1ce126bdae57
125.109858	1dfb63
125.124757	1dfb63
125.130685	1e3860
125.141753	1ea030
125.150080	1e191b
125.160757	1e9ff5
125.176027	1e379a
125.188525	1e1a06
125.198199	1dfb39
125.205378	1dfb39
125.211461	1dfb39
125.220648	1e3978
125.232767	1e379a
125.243000	1dfb39
125.251735	1dfb39
125.263191	1e1a06
125.277957	1dfb39
125.288552	1dff73
125.297882	1e1a06
125.307770	1e0855
125.319969	1e0882
125.334761	1e0cb9
125.342593	1e0cb9
125.356284	1e0880
125.368810	1e0880
125.374212	1e0880
125.384717	1e0880
125.391790	1e0727
125.403866	1e0cd6
125.414150	1e0880
125.424558	1e0880
125.432276	1e0880
125.443066	1e0c13
125.455954	1e0880
125.461551	1e0cb0
125.468698	1e0cb9
125.476342	1e0880
125.482553	1e0855
125.497742	1e0727
125.507274	1e0855
125.515601	1e0c34
125.530658	1e0855
125.544526	1e0855
125.555847	1e0880
125.568027	1e0cd0
125.582826	1e0880
125.591661	1e0880
125.602491	1ce126bd8806
125.615375	1ce126bd870f
125.620660	1ce126bd8709
125.633085	1ce126bd86ee
125.641748	1e190f
125.651294	1e3e81
125.663485	1e379a
125.673788	1e1a06
125.682299	1e379a
125.691540	1e379a
125.705306	1ce126bdae45
125.720413	1e1a06
125.732575	1dff05
125.739249	1dfb39
125.754156	1e1a06
125.762092	1e1a06
125.772176	1e1a06
125.782933	1e379a
125.795629	1dfb39
125.804966	1e379a
125.817808	1dfb39
125.831382	1e1a06
125.842123	1dfb39
125.853925	1dfb39
125.859924	1cee12
125.874700	1e18b6
125.884567	1ce126bdaed2
125.894908	1e1a06
125.909808	1dfd9b
125.919994	1e1a06
125.931268	1dfb39
125.945766	1e1a06
125.958613	1dfb39
125.972185	1e1a06
125.985121	1e379a
125.990401	1ce126bdadcb
125.996713	1dfde4
126.002424	1e379a
126.016879	1dfb63
126.024368	1dfb41
126.039448	1dfb39
126.050346	1ce126bdae22
126.064591	1dfb39
126.073233	1e3871
126.088192	1ea76d
126.100483	1dff50
126.114688	1e9417
126.126188	1e379a
126.140775	1dfb39
126.151133	1e1a06
126.162140	1e9d82
126.172863	1e1a06
126.179932	1ea6bc
126.186837	1e1a06
126.195172	1e379a
126.201718	1e1484
126.216897	1e1a06
126.225650	1e3855
126.239413	1dfccb
126.247518	1e379a
126.258565	1dfb39
126.268004	1ce126bda986
126.277158	1e379a
126.291622	1e1a06
126.303965	1dfb63
126.310714	1e1a06
126.319558	1dfb39
126.332849	1e15b5
126.338662	1e19d8
126.348781	1dfb39
126.353980	1dfb39
126.366804	1e1a06
126.373693	1e505f
126.386159	1e9302
126.391748	1dfca9
126.406037	1dfb63
126.414590	1dfb63
126.424427	1e0855
126.431745	1e0880
126.446634	1e0855
126.458456	1e0cb9
126.467466	1e0880
126.473973	1e0880
126.486483	1e0855
126.493224	1e0880
126.499430	1e0880
126.513859	1e0880
126.523502	1e0880
126.537416	1e0880
126.546382	1e0880
126.558605	1e0880
126.569743	1e0882
126.584337	1e0cd0
126.592063	1ce126bd968c
126.597791	1e0855
126.609587	1e0855
126.617081	1e0bf7
126.625250	1e0b50
126.635096	1e0855
126.646166	1e0880
126.656549	1e0855
126.671291	1e0880
126.684518	1e0880
126.693023	1e0880
126.702304	1e0bf7
126.710208	1e0855
126.724672	1e0727
126.734803	1e0880
126.745251	1e0855
126.751486	1e0880
126.757845	1e0880
126.771271	1e0855
126.776597	1e0880
126.787192	1e0cb0
126.795145	1e0855
126.805732	1e0880
126.818217	1e0882
126.830022	1e0880
126.844129	1e0855
126.859283	1e0727
126.865070	1e0855
126.877750	1e0880
126.891629	1e0880
126.900324	1e0855
126.909783	1e0855
126.918291	1e0bf7
126.933208	1e0880
126.940953	1e0cd0
126.947273	1e0d5f
126.959112	1e0855
126.964949	1e0855
126.974339	1e0c1e
126.979643	1e0bf7
126.986162	1e0cd0
126.992915	1e0855
126.999774	1e0855
127.011266	1e078f
127.020177	1e0cd0
127.033298	1e0cb0
127.038868	1e0855
127.053389	1e0880
127.059078	1e0882
127.071829	1e0880
127.077476	1e0727
127.088663	1e07ef
127.094027	1e0855
127.100283	1f2614
127.113288	1ce126bd8862
127.127991	1ce126bd8806
127.133647	1ce126bd8896
127.141800	1ce126bd8709
127.152743	1ce126bd870f
127.158690	1ce126bd870f
127.168492	1ce126bd888b
127.174105	1ce126bd870f
127.180256	1ce126bd870f
127.187502	1ce126bd8806
127.200753	1dfb39
127.213823	1e15d6
127.228594	1dfb41
127.234813	1dff05
127.240300	1dfb39
127.253990	1eb860
127.263607	1eb549
127.272971	1e19a1
127.280156	1e1a06
127.289647	1dfb63
127.300797	1dfde4
127.311718	1e15e1
127.323383	1dff9d
127.335323	1eb5e5
127.341457	1ce126bdb560
127.347320	1e1a06
127.356816	1dfd9b
127.365516	1e1a06
127.371970	1dfb63
127.386938	1e1a06
127.397356	1dfb39
127.410778	1dfb93
127.419073	1e1a06
127.427157	1ce126bdad46
127.438742	1ce126cd78a1
127.449448	1dfe97
127.457215	1e9dc4
127.466538	1dfb39
127.472314	1dff05
127.484970	1dfb39
127.493192	1dfdd5
127.504990	1dfb39
127.512628	1eb574
127.517974	1e37c5
127.529232	1dfb39
127.538349	1e379a
127.551939	1e1a06
127.560616	1e379a
127.571483	1dfb39
127.581702	1e9db6
127.588375	1dfb39
127.600701	1e1a06
127.613706	1dfb39
127.626282	1dfb39
127.637349	1dfb39
127.650398	1e9417
127.663446	1dfb63
127.675999	1e379a
127.683704	1ce126cd7891
127.696832	1e379a
127.705981	1e379a
127.716910	1dfb39
127.729044	1dfb39
127.738711	1e379a
127.752209	1dfb39
127.763697	1dfb63
127.776528	1ce126bdae57
127.789648	1e0cb0
127.795273	1dfb39
127.806655	1e15b5
127.821454	1e3780
127.836699	1dfb39
127.844782	1dfb39
127.858925	1dff05
127.865321	1dfb39
127.877020	1e03d2
127.887274	1e951d
127.902189	1dfb63
127.916494	1dfb39
127.928262	1dfb39
127.935949	1dfb39
127.948410	1e1564
127.960696	1dfb87
127.974882	1e379a
127.984754	1eb846
127.994739	202995
128.006506	1dfb63
128.021007	1e379a
128.032333	1dfb39
128.046726	1e1a06
128.054457	1dfb39
128.069074	1dfb39
128.076867	1dfb39
128.091626	1dfb39
128.105335	1e9d67
128.116424	1e1a06
128.123002	1eb713
128.132946	1ce126bdae45
128.139291	1ed813
128.145040	1dfb39
128.159745	1dfb39
128.170692	1dfb39
128.185654	1dfb39
128.193954	1dfb39
128.200536	1ce126bdaddd
128.210357	1dfb39
128.220495	1dfb39
128.232550	1dfce1
128.238634	1e15b5
128.244629	1dfb39
128.258000	1dfb39
128.269916	1ce126bdae57
128.280002	1dfb39
128.289305	1e1a06
128.295929	1e1a06
128.301355	1dfb39
128.313137	1e188e
128.321685	1e379a
128.326988	1dfb39
128.335843	1dfb39
128.348367	1e9db2
128.362861	1dfcb6
128.377444	1dfdd5
128.388795	1dfb39
128.397580	1e1a06
128.409983	1e1a06
128.423298	1e1a06
128.434832	1e4fdf
128.444790	1dfb93
128.450083	1dfb39
128.459276	1dfb39
128.473295	1e1a06
128.487065	1dfd9b
128.498805	1dfd9b
128.511930	1e1a06
128.520018	1e1a25
128.534062	1dfb63
128.540877	1e193e
128.547832	1e379a
128.562874	1e1a06
128.576535	1dfb39
128.588816	1dfb39
128.596346	1ce126cd78ab
128.601783	1ce126bdae57
128.607702	1eb5d5
128.613005	1dfb39
128.623968	1e1a06
128.638873	1e15b5
128.649115	1dfb39
128.662517	1dfb63
128.671399	1dfb71
128.685614	1ce126bdadb3
128.696370	1ce126bdb382
128.710397	1dfa60
128.724261	1dfb71
128.738492	1e93dd
128.753639	1e1a06
128.768352	1ce126bdb376
128.777023	1dfb63
128.785931	1dfb39
128.791591	1e1a06
128.797919	1dfb39
128.810228	1eb5d5
128.825170	1ebd9b
128.838503	1eb5d5
128.850437	1eb535
128.865155	1e1a06
128.878016	1dfb63
128.886087	1dfec3
128.893956	1e379a
128.906706	1eb5d5
128.912058	1dff11
128.925263	1dfb39
128.931559	1dfb39
128.939896	1dfb39
128.947308	1dfb39
128.962293	1dfb39
128.974787	1dfb20
128.987432	1eb612
128.997761	1ea515
129.003350	1dfb63
129.014424	1dfb39
129.026664	1e0880
129.040265	1e0880
129.049923	1e0855
129.055710	1e0855
129.061582	1e0880
129.073856	1ce126bdc413
129.082671	1e0880
129.095187	1e0880
129.100835	1e0855
129.114151	1e0855
129.120019	1ce126bd9762
129.132236	1e0855
129.141323	1e0880
129.156251	1e0855
129.166129	1e0855
129.172277	1e0880
129.186869	1e0855
129.198982	1e0880
129.208155	1e0880
129.213616	1e0cd0
129.224388	1e0880
129.233598	1e0880
129.244311	1e0855
129.254540	1e0880
129.264075	1e0855
129.271176	1e0bf7
129.279683	1e0880
129.289881	1e0855
129.297136	1e0855
129.302813	1e0880
129.309040	1e0ab4
129.321118	1e0855
129.328158	1e0855
129.335849	1e0880
129.344590	1e0880
129.352289	1e0880
129.363391	1e0c1e
129.369477	1e0880
129.382564	1e0880
129.395777	1e0cd0
129.407906	1e0855
129.419459	1e0855
129.426839	1e0880
129.434909	1e0880
129.444143	1e0855
129.453568	1e0855
129.461346	1e0880
129.475293	1e0880
129.485075	1e0cd0
129.499598	1e06ef
129.508402	1e0880
129.518869	1e0880
129.524677	1e0880
129.529906	1e0cb0
129.544842	1f261c
129.553734	1e0855
129.562919	1e0855
129.569265	1e0880
129.583971	1e0855
129.598867	1e0880
129.611642	1e0a8e
129.620931	1e0855
129.634423	1e0880
129.644818	1e0880
129.657718	1e0855
129.672114	1e0880
129.686719	1e0880
129.698088	1ce126bd97c4
129.706429	1e0c2f
129.714924	1e0880
129.722201	1e0727
129.731511	1e0c43
129.745891	1e0cd0
129.755592	1ce126bd96d6
129.767517	1e0882
129.777082	1e0880
129.783909	1e0855
129.797675	1e0880
129.806600	1e0880
129.819940	1e0855
129.829574	1e0880
129.837767	1e0d5f
129.845466	1e0cb0
129.851819	1e0855
129.865599	1e0855
129.875016	1e0855
129.887588	1e0855
129.902079	1e0ce2
129.907927	1e0bf7
129.922804	1e074f
129.928651	1e0855
129.943567	1e0880
129.948979	1e0880
129.958776	1e0cb0
129.968143	1e0b91
129.981187	1e0855
129.994827	1e074f
130.003455	1e0cc7
130.016579	1e0880
130.025393	1e0880
130.034906	1e0cb0
130.041155	1e0bf7
130.055678	1e0727
130.067318	1e0cb0
130.073628	1e0880
130.084227	1e0bf7
130.095915	1e0cb0
130.102415	1e0880
130.109545	1e0855
130.115623	1e0855
130.127328	1e0855
130.138002	1e0855
130.145015	1e0855
130.157812	1e0be5
130.165316	1e0718
130.174371	1e0855
130.183195	1e0855
130.190062	1e0c13
130.196912	1e079c
130.212027	1e0bf7
130.223143	1e0855
130.236070	1e0855
130.244457	1e0880
130.251859	1e0d5f
130.262970	1ce126bd8806
130.274904	1ce126bd8806
130.286068	1ce126bd880c
130.291623	1ce126bd881c
130.299063	1ce126bd88a0
130.313766	1ce126bd8862
130.327727	1ce126bd8862
130.341724	1ce126bd8896
130.355698	1ce126bd8862
130.365312	1ce126bd8862
130.371283	1ce126bd870f
130.384383	1ce126bd870f
130.393754	1ce126bd883b
130.400215	1ce126bd870f
130.412087	1ce126bd86ee
130.419188	1ce126bd889c
130.427139	1ce126bd8806
130.436162	1dfb39
130.451367	1dfb39
130.463210	1e14b7
130.472084	1e1a06
130.480028	1dfb39
130.490593	1dff05
130.500119	1dfb39
130.509458	1eb5d5
130.523847	1e1a06
130.536364	1dfb39
130.549007	1dfb63
130.558597	1e91c5
130.572213	1dfb39
130.584647	1dfb63
130.591193	1dfb39
130.604901	1dfb39
130.617996	1ce126bdb560
130.628819	1e1a06
130.638736	1dfb39
130.644935	1dfb63
130.658460	1dfb63
130.665849	1e0cc7
130.679951	1dfb39
130.692048	1dfdac
130.699598	1e15b5
130.709925	1e1a06
130.723470	1dfb39
130.736864	1eb621
130.746653	1dfb39
130.760147	1e1a06
130.768115	1dfb39
130.775668	1dfb39
130.782556	1dfb3d
130.793126	1e1a06
130.804579	1e94de
130.812993	1eb5e9
130.824988	1e379a
130.832048	1e379a
130.839619	1dfb39
130.849452	1dfb39
130.860990	1eb5dd
130.869091	1ce126bdb560
130.881825	1dff05
130.890668	1dfdd5
130.898270	1e9361
130.909862	1dfb63
130.920939	1e379a
130.926581	1dfb39
130.934087	1e379a
130.948310	1dff05
130.962788	1dfd9b
130.969380	1dfb39
130.975923	1ce126bdb560
130.989854	1dfb39
130.998363	1e9417
131.008792	1dfb52
131.016118	1e1564
131.029661	1dff05
131.042394	1dfb25
131.048416	1dfb39
131.061136	1ce126bdc060
131.075257	1ce126bdc060
131.086698	1dff05
131.097371	1e1a06
131.103929	1e1a06
131.109995	1e379a
131.120035	1ea533
131.130931	1e1a06
131.139340	1e9417
131.149205	1e379a
131.159174	1e1a06
131.170902	1e1a06
131.183870	1dfb39
131.195265	1dfb39
131.201535	1dfb39
131.214484	1dfb39
131.226158	1dfb39
131.239647	1e379a
131.246562	1ebd68
131.257240	1dfb39
131.267542	1e1a06
131.280519	1eb5d5
131.292055	1e1a06
131.297743	1dfb63
131.305492	1e3818
131.319984	1e194e
131.327613	1dfb39
131.338493	1dfb39
131.346948	1dfb39
131.358386	1eb6d1
131.367142	1e948f
131.373420	1dfb39
131.382975	1ebcf0
131.396306	1dfb39
131.410680	1dfb39
131.416318	1e379a
131.423009	1ce126bdb382
131.435324	1dfb39
131.444210	1ce126bdb754
131.449886	1e1a06
131.459370	1e379a
131.468136	1ed3cd
131.479976	1e5016
131.494005	1e1a06
131.501467	1e1a06
131.509931	1e1a06
131.522284	1dfb39
131.533371	1dfb63
131.543252	1eb877
131.557062	1dfb39
131.567376	1dfb39
131.581457	1ce126bdad46
131.596295	1dfed4
131.601957	1dfb63
131.614203	1e1a06
131.621146	1dfb39
131.630002	1dfb63
131.643525	1dfb39
131.657839	1dfb39
131.667022	1e273f
131.674917	1dfb63
131.684984	1e4fd2
131.700209	1dfb39
131.706479	1e500f
131.718855	1dfb63
131.729472	1e379a
131.738017	1dfa5b
131.746775	1e1a06
131.754533	1e1a06
131.760680	1dfb63
131.766035	1e1a06
131.775936	1e37c7
131.782513	1e5001
131.795831	1e9260
131.801666	1dfb63
131.808321	1dfb39
131.814162	1e15b5
131.819479	1e1a06
131.832059	1e1a06
131.843716	1e15b5
131.849895	1dfb39
131.863748	1e5051
131.878819	1dfb39
131.890767	1dfb63
131.897116	1e379a
131.907040	1dfb39
131.915119	1e1a06
131.927023	1ce126bdb382
131.938223	1dfb71
131.951589	1dff38
131.964115	1e9505
131.973683	1e03e7
131.984680	1e378a
131.997912	1dfb39
132.008368	1dfb71
132.014712	1ce126bda986
132.021930	1dfb39
132.034626	1dfb39
132.042405	1dfb39
132.053731	1dfb39
132.066114	1ce126bdaf93
132.071619	1e379a
132.080164	1dfb39
132.085762	1ebd68
132.099969	1dfb39
132.109698	1dfb63
132.124107	1dfb39
132.138949	1dfb39
132.145657	1dfb39
132.157773	1dfb39
132.170899	1e1a06
132.185543	1dfb63
132.194948	1e191b
132.206459	1e1a06
132.213465	1e1a06
132.227938	1e1a06
132.235766	1dfb63
132.243913	1e379a
132.257973	1dfb39
132.265497	1e1a06
132.270799	1ce126bdae60
132.281915	1dfb63
132.291555	1dfde4
132.300973	1ea6fd
132.312723	1dfb39
132.322384	1ed847
132.335590	1ebdaf
132.343863	1e1a06
132.354690	1dfd9b
132.367428	1eb5d5
132.380753	1e1a06
132.386332	1e1a06
132.392057	1dfb39
132.400754	1dfb39
132.410705	1dfb39
132.421194	1ce126bdb560
132.427852	1dfb63
132.441733	1e1a06
132.450763	1e19e5
132.455954	1e15b5
132.466792	1dfb63
132.479418	1e1a06
132.487739	1dfb63
132.499953	1e1a06
132.511597	1dfb39
132.518796	1dfb39
132.530562	1dfb63
132.538111	1e15df
132.547729	1dfb39
132.553838	1ea515
132.563377	1eb5aa
132.573435	1dfb39
132.583271	1dfb63
132.591113	1dfb39
132.603146	1eb860
132.608628	1e1a06
132.622122	1dfb39
132.636656	1e381d
132.645195	1e188e
132.658060	1dfb39
132.666712	1dfb63
132.677151	1dfb39
132.683251	1dfb63
132.691559	1ce126bdb376
132.703422	1e1a06
132.709991	1ea996
132.722488	1dfb63
132.731852	1dfb39
132.739059	1ea544
132.748333	1e37c7
132.760891	1dfb39
132.773724	1eb860
132.780388	1ea507
132.794536	1e150a
132.808137	1dfdd5
132.816049	1e15b5
132.829293	1e1478
132.839722	1dfb39
132.849811	1e1a06
132.860584	1dfb39
132.870533	1e1a06
132.883050	1dfb39
132.892201	1eb525
132.898572	1dfb39
132.908390	1eb5e9
132.919755	1e1a06
132.934257	1e379a
132.941705	1dfb39
132.953861	1e9260
132.963800	1e15b5
132.969732	1dfb39
132.981048	1dfb39
132.995173	1dfb39
133.003476	1e1a06
133.017113	1e1980
133.030500	1e1a06
133.040831	1dfb63
133.052455	1ed3ab
133.065149	1dfb63
133.074760	1dfb39
133.082827	1e1606
133.094974	1ce126bdc060
133.100274	1dfb39
133.114264	1ce126bdaed2
133.125466	1e1a06
133.134581	1e1952
133.143050	1dfb63
133.156512	1dfb39
133.166134	1e15fb
133.176937	1dfb39
133.186449	1dfaf7
133.199506	1ea84b
133.208759	1e0cc7
133.214395	1e948f
133.221407	1e1a06
133.227247	1dfb39
133.234952	1e1a0b
133.247007	1ed3ab
133.252842	1dfb63
133.267269	1e0880
133.281626	1e0880
133.290086	1e0880
133.297235	1e0880
133.303252	1e0727
133.310481	1e0880
133.318884	1e070f
133.330501	1e0880
133.342582	1e0880
133.349688	1e0cb9
133.363181	1e0880
133.372748	1e0727
133.380856	1e0880
133.388170	1e0880
133.396487	1e0880
133.410966	1e0855
133.417717	1e0855
133.427595	1e0855
133.433351	1ce126bdc3ad
133.442567	1e0d5f
133.456892	1e0855
133.471265	1e0855
133.479493	1e0cb9
133.486177	1e0880
133.501228	1e0880
133.510499	1e0880
133.516195	1e0880
133.523174	1e0880
133.537109	1e0855
133.544856	1e0880
133.552993	1e0cc7
133.563730	1e0880
133.569182	1e0880
133.576241	1e0880
133.587600	1e0880
133.592882	1ce126bd967e
133.602720	1e0855
133.614640	1e0880
133.623949	1e0855
133.630385	1e0829
133.637228	1e0cd0
133.647574	1e0880
133.660956	1e0855
133.674893	1e0cd0
133.689677	1e0880
133.702857	1e0880
133.713902	1e0880
133.724240	1e0880
133.730476	1e0880
133.739001	1e0880
133.746681	1e0880
133.757185	1e0cb9
133.770976	1e0855
133.776522	1e0855
133.784314	1e0880
133.796965	1e0855
133.810590	1e0880
133.820730	1e0727
133.829636	1e0cbe
133.837357	1e0cd0
133.846183	1e0855
133.851782	1ce126bd9718
133.860908	1e0880
133.875886	1e0880
133.881447	1e0880
133.887198	1e0855
133.895347	1e0880
133.901892	1e0880
133.916897	1e0855
133.927040	1e0880
133.938070	1e0855
133.951824	1e06ef
133.959717	1e0855
133.968314	1e0880
133.981581	1e0cd0
133.988003	1e0cb9
133.995277	1e0b98
134.000871	1e0727
134.014713	1e0880
134.022191	1e0880
134.036727	1e0cbb
134.050417	1ce126bd9660
134.059721	1e0727
134.069936	1e0882
134.082709	1e0727
134.090410	1e0cd0
134.096342	1e0880
134.111060	1e0855
134.125789	1e0bf7
134.135583	1e0855
134.146032	1e0d3f
134.158670	1e0880
134.172821	1e0880
134.187441	1e0d5f
134.195417	1e0880
134.204359	1ce126bd967e
134.212293	1e0855
134.223002	1e0882
134.230797	1e0880
134.241153	1e0882
134.250735	1e077f
134.259593	1e0880
134.270820	1e0880
134.281260	1e0880
134.294852	1e0880
134.309011	1e0880
134.319157	1e0a8e
134.325776	1e0880
134.336155	1e0855
134.343113	1e0880
134.351665	1ce126bd9666
134.361446	1e0d5f
134.374310	1e0880
134.383754	1e0880
134.389454	1e0880
134.396917	1e0880
134.403958	1e0880
134.412204	1e0855
134.421221	1e0cb9
134.431771	1e0880
134.442166	1e0882
134.451104	1e0880
134.466318	1e0855
134.478533	1e0cb9
134.484609	1e0cb9
134.494414	1e0855
134.502113	1e0cb0
134.512395	1e0880
134.521178	1e0855
134.527290	1e0cb9
134.539010	1e0880
134.553890	1e0855
134.568655	1e0bf7
134.574717	1e07ab
134.580914	1e0d5f
134.590864	1e0705
134.602675	1ce126bd966d
134.617293	1e0727
134.626406	1e0855
134.633541	1e0880
134.641721	1e0880
134.647492	1e0cd0
134.654106	1e0880
134.664846	1e0880
134.677805	1e0705
134.688669	1e0880
134.697781	1e0855
134.705301	1e0880
134.715781	1e0855
134.724163	1e0cb0
134.736088	1e0880
134.742895	1e0880
134.753400	1e0855
134.765193	1e0880
134.777245	1e0880
134.787964	1e0855
134.796491	1e0bf7
134.804929	1e0727
134.814989	1e0855
134.827449	1e0855
134.835532	1e0880
134.841222	1e0855
134.850805	1e0855
134.865638	1e0880
134.880610	1e0855
134.886678	1e0855
134.893865	1e0855
134.899325	1e0855
134.910648	1e0855
134.916925	1e0880
134.922845	1e0880
134.932090	1e0880
134.945482	1e0855
134.955344	1e0880
134.969188	1e0880
134.980588	1e0880
134.988759	1e0880
134.995125	1e0d1c
135.001778	1e0880
135.008766	1e0880
135.017796	1ce126bd978e
135.024991	1e0855
135.039557	1e0880
135.050745	1e0855
135.063957	1e0cb9
135.072019	1e0855
135.079205	1e0855
135.088300	1e0880
135.102075	1e0855
135.114647	1ce126bd966c
135.120016	1e0880
135.135102	1e0880
135.148852	1ce126bd8806
135.162275	1ce126bd8806
135.168855	1ce126bd8806
135.176373	1ce126bd886a
135.190811	1ce126bd886a
135.201046	1ce126bd8806
135.212444	1ce126bd881c
135.218877	1ce126bd888f
135.226613	1ce126bd8806
135.238360	1ce126bd86fa
135.251906	1ce126bd86ff
135.257590	1ce126bd8806
135.265823	1ce126bd8896
135.275681	1ce126bd8709
135.285646	1ce126bd8806
135.297666	1ce126bd870f
135.311814	1ce126bd86d4
135.324514	1ce126bd870f
135.334842	1ce126bd887f
135.346702	1ce126bd870f
135.360704	1ce126bd8806
135.370038	1ce126bd870f
135.378872	1ce126bd88ab
135.384886	1ce126bd8806
135.399990	1ce126bd870f
135.409104	1dfde4
135.415080	1eb5ef
135.425304	1eb860
135.434481	1dfe23
135.442857	1dfb39
135.457377	1dfb63
135.470982	20294d
135.485648	1ed847
135.498785	1dff05
135.508983	1dfb63
135.520889	1dfb39
135.533025	1dfb39
135.540206	1ce126bdb560
135.553372	1e1a06
135.560101	1dfb39
135.569627	1dfb39
135.583750	1dfde4
135.591997	1e1a06
135.598036	1e379a
135.612646	1e1619
135.625396	1dfb63
135.636637	1dfb39
135.644504	1e15b5
135.656920	1dfb39
135.668532	1dff05
135.680871	1dfb39
135.692493	1dfe86
135.707453	1e1a06
135.720804	1dff05
135.727068	1dfb39
135.734110	1dfb39
135.748493	1e0cb0
135.759441	1ce126cd795b
135.774112	1e9db2
135.783704	1dfb39
135.798495	1dff57
135.811705	1dfb63
135.820893	1e9302
135.826920	1e9318
135.835267	1dfb39
135.844480	1dfe86
135.850216	1e379a
135.856002	1dfb63
135.865990	1e379a
135.880705	1e15b5
135.889490	1eb581
135.901571	1e15b5
135.915089	1dff05
135.926932	1dfde4
135.941015	1dff05
135.955940	1e1a06
135.961730	1e1a06
135.971876	1dfb39
135.986962	1eb5d5
136.001172	1dfb39
136.015196	1dfb63
136.028971	1ebd1a
136.038054	1dfb63
136.052055	1e03e7
136.066399	1e3781
136.075265	1dfb63
136.089473	1ebdb5
136.100475	1ce126bdaeb4
136.105877	1dfb39
136.117989	1eb5c2
136.124443	1dfb63
136.139210	1e15b5
136.146558	1ce126bdae12
136.159833	1dfb39
136.174321	1dfb63
136.182883	1dff05
136.190520	1e971a
136.196233	1dfb39
136.211439	1dfb39
136.223182	1dfb39
136.233315	1dfb39
136.242950	1dfb39
136.256477	1dfb39
136.262924	1dfd9b
136.269712	1ce126bdb3b0
136.277104	1eb5d5
136.289924	1dfb39
136.301793	1dfb39
136.310697	1dfb39
136.317654	1dfb39
136.325262	1e193e
136.336110	1dfb39
136.345714	1ebd9b
136.357080	1e379a
136.371527	1dfb39
136.383929	1e1a06
136.398293	1e1a06
136.405182	1e1a06
136.419765	1dfb39
136.430084	1ce126bdb394
136.437585	1dfb63
136.448199	1dfb63
136.460189	1e3780
136.467453	1eb860
136.474053	1e379a
136.484100	1ce126bdb36e
136.495213	1eaa28
136.508056	1dfb39
136.514144	1dfb39
136.525997	1eb5d5
136.536659	1dfb63
136.544165	1dfb39
136.550306	1e1a06
136.555989	1eb621
136.562916	1e379a
136.573618	1dfca9
136.579746	1eb5bd
136.587202	1dfb63
136.597810	1eb5d5
136.612804	1dfb39
136.620614	1dfb39
136.634534	1e1a06
136.647022	1dfb39
136.661142	1dfde4
136.671110	1ce126bd870f
136.679755	1ebdaf
136.685897	1dfb39
136.698777	1eb5d5
136.705494	1dfb39
136.716191	1dff5c
136.724902	1dfaf0
136.736694	1e948f
136.748910	1e379a
136.759616	1dfb39
136.771387	1dfb63
136.781138	1dfb63
136.789193	1dff7c
136.796040	1eb5a0
136.807876	1dfb39
136.821687	1dfb39
136.831662	1e379a
136.839639	1dfddb
136.851091	1dfde4
136.864736	1dfb39
136.875435	1ce126bdadb3
136.886732	1eb778
136.898246	1e039b
136.904401	1e9dcb
136.913954	1ce126bdb560
136.920244	1e3780
136.929247	1ce126bdaed2
136.939532	1ce126bdc06f
136.953826	1dfb39
136.962959	1ce126bdb3a1
136.970504	1ebd4f
136.983693	1e19ae
136.996607	1e3786
137.010699	1dfb39
137.021184	1dfb39
137.027266	1e1a06
137.037125	1dfb63
137.044071	1dfb39
137.058116	1e379a
137.068982	1dfb63
137.082163	1dfe31
137.094884	1e1484
137.106991	1dfb39
137.116115	1ea841
137.126729	1e3780
137.136393	1dfb39
137.145724	1dfa48
137.155562	1e93dd
137.168437	1ce126bdae22
137.180454	1dfb39
137.193010	1e1a06
137.207573	1e15b5
137.217883	1e502e
137.229242	1dfb39
137.236556	1dfb63
137.244868	1dfb39
137.250205	1dfb39
137.258975	1dfb39
137.271073	1dfb63
137.285081	1dfb39
137.297681	1dfb39
137.309766	1eb592
137.315373	1dfb41
137.328544	1dfeac
137.339640	1dfb39
137.345408	1dfb39
137.350879	1dfb39
137.362716	1dfb39
137.372786	1e379a
137.378186	1dfb63
137.390047	1eb516
137.398523	1dfb39
137.408327	1e1a06
137.419723	1e1a06
137.432219	1dfb39
137.440017	1dfb63
137.446245	1dfb4f
137.454450	1dfb39
137.467663	1e1a06
137.473668	1e1a06
137.485224	1dfb39
137.497025	1dfb39
137.512251	1e0cc7
137.518970	1e1a06
137.527432	1e1a06
137.535742	1e3781
137.541681	1dfb63
137.552254	1dfb39
137.561344	1e93dd
137.569010	1dfb39
137.583643	1dfa37
137.598552	1dfb39
137.611766	1dfb39
137.617231	1dfb39
137.627662	1dfb39
137.635469	1e379a
137.642426	1dfb63
137.648373	1e379a
137.658398	1e379a
137.671813	1dfb39
137.677372	1dfb63
137.688671	1dfde4
137.697988	1ebd68
137.708208	1e1a06
137.714387	1dfb39
137.725370	1ce126bdb560
137.733696	1dfb39
137.745180	1e929d
137.760147	1dfb39
137.771292	1ce126bdb386
137.785431	1e1484
137.796596	1e1a06
137.802779	1dfb39
137.813974	1dfb39
137.819428	1ce126cd7880
137.832581	1dfb39
137.845305	1dfb39
137.860210	1e379a
137.870773	1e03fa
137.876621	1e1a06
137.887799	1ea9a3
137.897633	1dfe47
137.904304	1e1a06
137.917451	1ce126cd788d
137.930666	1dfb39
137.944072	1dfb39
137.954167	1dfb39
137.963323	1e15b5
137.971380	1e192b
137.985238	1dfb39
137.990780	1e1a06
138.003002	1dfb63
138.010435	1dfb39
138.024636	1dfb39
138.031078	1e1a06
138.041641	1e1a06
138.052908	1e19bb
138.062584	1dfb39
138.073036	1dfb39
138.079804	1e9260
138.090827	1dfb39
138.101095	1dfd9b
138.109759	1dfb39
138.124741	1eb5d5
138.131830	1dfca5
138.144344	1dfb63
138.152112	1dfb39
138.166064	1dfe51
138.172395	1dfb63
138.180415	1ce126bdae57
138.190418	1e1a0b
138.196823	1e0085
138.207070	1e37ca
138.214413	1dfb39
138.225251	1e1a06
138.237861	1e1a06
138.247860	1e1a06
138.254512	1dfb39
138.266395	1dfb39
138.276447	1e9505
138.281818	1e1a06
138.292102	1dfb39
138.304300	1ce126bdadfa
138.311738	1dfb39
138.318566	1e1a06
138.324367	1dfb39
138.331629	1dfb39
138.344812	1eb5d5
138.350416	1e379a
138.355875	1eb511
138.362266	1eb5e5
138.370362	1e1a06
138.384661	1ce126bdae57
138.393021	1dfdd5
138.404628	1e1a06
138.419521	1dfb39
138.431657	1e15b5
138.445066	1ebd6e
138.454236	1dfb39
138.464158	1dfb63
138.479100	1eb616
138.487435	1dfb39
138.495506	1dfb39
138.505345	1dfb39
138.513833	1dfb39
138.528945	1e948f
138.543798	1e1956
138.552464	1dfb39
138.566964	1dfb39
138.580102	1dfb39
138.591664	1dfb63
138.603871	1dfb63
138.613736	1e37c7
138.628351	1dfb39
138.633937	1dfb39
138.640031	1e3871
138.648781	1e1a06
138.657553	1e9434
138.671056	1dfb63
138.682906	1dfb39
138.695497	1dfb63
138.705262	1e191e
138.712253	1e1a06
138.726683	202930
138.740841	1e15b5
138.746748	1dfb39
138.752657	1e1a06
138.764965	1dfa69
138.772793	1e1a06
138.781887	1dfb39
138.788563	1dfb63
138.793872	1ce126bdae91
138.802936	1dfb39
138.811729	1dfb39
138.820522	1dfb71
138.829432	1e1a06
138.839412	1dfb63
138.852221	1e3781
138.860342	1dfb39
138.873364	1dfb63
138.882221	1dfcdb
138.887971	1dfb39
138.899308	1dfeb0
138.910306	1dfb39
138.920575	1e1a06
138.932205	1dfb39
138.942464	1dfb39
138.949023	1e3809
138.954233	1dfb71
138.963068	1e1a06
138.974115	1dfb39
138.983571	1e0cc7
138.994308	1dfb39
139.008161	1dfb39
139.022462	1e501d
139.036854	1dfb39
139.048435	1dfb39
139.061933	1dfb39
139.072556	202a04
139.077767	1dfb63
139.091547	1dfb39
139.097191	1ce126bdad46
139.112137	1dfb90
139.125515	1e9509
139.130900	1ce126bdb560
139.144762	1dfb63
139.153260	1dfb39
139.162045	1eb5dd
139.168840	1ebd7c
139.175172	1dfb39
139.190267	1e1a06
139.201618	1dfeeb
139.212235	1e379a
139.219110	1dfb39
139.230385	1dfb39
139.235885	1e5016
139.242249	1dff2b
139.254500	1e1a06
139.268268	1dfb63
139.275650	1dfb39
139.290138	1dfb39
139.299000	1e1a06
139.305079	1dfb39
139.311828	1e1a06
139.317594	1eb57e
139.327809	1e18b6
139.340966	1ebd68
139.347179	1dfaba
139.353411	1dfb63
139.364562	1dfb63
139.372212	1e1a06
139.381295	1dfb63
139.389592	1e15b5
139.395120	1e379a
139.401215	1dfb39
139.412349	1dfb63
139.422988	1dfb39
139.429960	1dfb63
139.438828	1ce126bdc3c2
139.450606	1e0855
139.457161	1e0855
139.464034	1e0880
139.474901	1e0880
139.487114	1e0880
139.495860	1e0cb9
139.504188	1e0822
139.518089	1e0880
139.532049	1e0c2a
139.541833	1e0880
139.553801	1e0880
139.562307	1e0880
139.571350	1e0880
139.580516	1e0880
139.592373	1e0880
139.600819	1e0cd0
139.611836	1e0cd0
139.617511	1e0880
139.624373	1e0c26
139.636664	1e0cb9
139.649744	1e0cb0
139.664784	1e0855
139.671307	1e0bd7
139.676874	1e0855
139.687149	1e0880
139.698955	1e0855
139.713330	1e0855
139.727255	1e0890
139.732744	1e0855
139.744019	1e0855
139.750249	1e0855
139.762341	1e0880
139.773252	1e0855
139.786676	1e0855
139.798745	1e0880
139.811980	1e0855
139.825702	1e0880
139.833919	1e0880
139.847944	1e0880
139.856223	1e0880
139.868360	1e0880
139.880010	1e0d5f
139.892057	1e0cb9
139.898729	1e0882
139.905222	1e0880
139.915609	1e0855
139.929221	1e0855
139.938917	1e0880
139.947082	1e0cb9
139.952428	1e0880
139.962624	1e0b10
139.971669	1e0880
139.982401	1e0880
139.994778	1e0880
140.006370	1e086b
140.015103	1e0880
140.030096	1e0855
140.042937	1e0880
140.053995	1e0bf7
140.060630	1e0880
140.072509	1e0880
140.086883	1e0855
140.098063	1e0880
140.112865	1e0a8e
140.121107	1e0855
140.126673	1e0855
140.136443	1e0882
140.150442	1e0880
140.159618	1e0880
140.170812	1e0855
140.180485	1e0880
140.194316	1e0855
140.202071	1e0880
140.211208	1e0855
140.217543	1e0880
140.224761	1e0cb9
140.236676	1e0882
140.243492	1e0880
140.258184	1e0855
140.270508	1e0855
140.285025	1e0855
140.296912	1e0855
140.306587	1e0cb0
140.316668	1e0855
140.322382	1e0855
140.328765	1e0880
140.334920	1e0855
140.347925	1e0880
140.356529	1e0727
140.367449	1e0855
140.373397	1e0a8e
140.381786	1e0855
140.389005	1e0cbb
140.399051	1ce126bd9683
140.410093	1e0727
140.416086	1e0880
140.426488	1e0880
140.432316	1e0855
140.443303	1e0880
140.456799	1e0855
140.466599	1e0855
140.473802	1e0c17
140.480363	1e0855
140.488287	1e0880
140.495474	1f2614
140.507799	1e0855
140.519296	1e0882
140.529287	1e0855
140.541331	1e0855
140.550225	1e0bad
140.562680	1e0880
140.575597	1e0ac6
140.590399	1e0882
140.605515	1e0880
140.613010	1e0880
140.620857	1e0855
140.628395	1e0705
140.642960	1e0880
140.657183	1e0880
140.664409	1e0880
140.671190	1e0880
140.684678	1e0cd0
140.692687	1e0880
140.701879	1e0880
140.709820	1e0880
140.721257	1e0855
140.728891	1e0855
140.737973	1e0880
140.747721	1ce126bdc3ad
140.762786	1e0855
140.771459	1e0880
140.776990	1e0855
140.790347	1e0880
140.796178	1e0855
140.806109	1e0880
140.814378	1e0880
140.828623	1e0ab4
140.841292	1e0855
140.855648	1e0880
140.866862	1e0880
140.874044	1e0cd0
140.887478	1e0880
140.897475	1e0855
140.905561	1e0880
140.918639	1e0880
140.925788	1e0855
140.940203	1e0855
140.953207	1e0880
140.961235	1ce126bdc3b7
140.969290	1e0705
140.976330	1e0855
140.982343	1e0880
140.996689	1e0880
141.002166	1ce126bd96ff
141.013805	1e0880
141.019045	1e0cb9
141.029641	1e0855
141.043925	1e0855
141.058825	1e0880
141.071000	1e0880
141.079833	1ce126bd9660
141.094069	1e0855
141.100020	1e0855
141.105794	1e0880
141.117633	1e0880
141.132488	1e0855
141.146299	1e0855
141.157553	1e0bf7
141.169677	1e0880
141.178361	1e0880
141.192001	1e0855
141.199093	1e0880
141.211362	1e0cb9
141.223902	1e0727
141.231836	1e07c6
141.239781	1e0880
141.248038	1e0880
141.255492	1e0855
141.270271	1e0880
141.281191	1e0d5f
141.295806	1e0727
141.304768	1e0880
141.314378	1ce126bdc3c2
141.320021	1e0882
141.328922	1e0ccc
141.340419	1e0855
141.354296	1e0882
141.364711	1e0855
141.375269	1e0880
141.384742	1e0880
141.392052	1e0855
141.406962	1e0880
141.417199	1e0880
141.432336	1ce126bd9783
141.446604	1e0cd0
141.453789	1e0880
141.465579	1e0cb9
141.472742	1e0880
141.487160	1e0880
141.492581	1e0855
141.502706	1e0855
141.510073	1e0855
141.518451	1e0855
141.530074	1e0855
141.537468	1e0880
141.549797	1e0855
141.564661	1e0880
141.574932	1e0727
141.589729	1e0880
141.599437	1e0bf7
141.610889	1e0727
141.619313	1e0880
141.628372	1e0880
141.636686	1e0880
141.647184	1e0880
141.657764	1e0880
141.671289	1e0880
141.681153	1e0727
141.693656	1e0880
141.707867	1e0880
141.713502	1e0cb0
141.728709	1e0880
141.734333	1e0bf7
141.749193	1e0727
141.761561	1e0880
141.767950	1e0855
141.780026	1e0cb0
141.794533	1e0880
141.809226	1e0880
141.822545	1e0855
141.831632	1e0826
141.840546	1e0d39
141.854510	1e0bf7
141.867331	1e0855
141.881798	1e0705
141.888019	1e0855
141.893680	1e0855
141.905350	1e0855
141.915210	1e0727
141.928219	1e0727
141.940929	1e0880
141.954256	1e0880
141.965436	1e0880
141.977832	1e0880
141.985446	1e0bba
141.992267	1e0880
142.002798	1e0727
142.012472	1e0855
142.026296	1e0880
142.037660	1e0855
142.045028	1e0880
142.055821	1ce126bd8806
142.064336	1ce126bd883b
142.069675	1ce126bd883e
142.078873	1ce126bd8806
142.088972	1ce126bd8806
142.097353	1ce126bd8806
142.104590	1ce126bd8896
142.112556	1ce126bd887f
142.127417	1ce126bd8806
142.136387	1ce126bd8896
142.150938	1ce126bd8806
142.157766	1ce126bd8806
142.168240	1ce126bd8883
142.182340	1ce126bd8806
142.196856	1ce126bd8862
142.205525	1ce126bd870f
142.216566	1ce126bd870f
142.229052	1ce126bd8862
142.240124	1ce126bd86ee
142.245887	1ce126bd8862
142.251295	1ce126bd8862
142.259464	1ce126bd88b2
142.272704	1ce126bd8862
142.284651	1ce126bd88d1
142.291765	1ce126bd8806
142.298934	1ce126bd870f
142.305961	1ce126bd86ee
142.315462	1ce126bd86ee
142.325720	1ce126bd888f
142.336456	1ce126bd8806
142.348845	1ce126bd870f
142.356453	1ce126bd8806
142.368063	1ce126bd870f
142.383253	1ce126bd884a
142.392181	1ce126bd88cc
142.405869	1ce126bd86ee
142.419293	1ce126bd870f
142.428282	1ce126bdaf07
142.437256	1e1a06
142.449850	1dfb39
142.462606	1e1a06
142.473279	1e1a06
142.485628	1ce126cd789b
142.498373	1dfb39
142.503807	1e1a06
142.518915	1e1a06
142.526376	1dfb63
142.534467	1e1a06
142.548287	1dff05
142.555435	1dfb63
142.562840	1dff05
142.574623	1e9417
142.580568	1dfb39
142.588713	1e1a06
142.602763	1dfb63
142.614092	1e1a06
142.623019	1dfb39
142.638079	1ea58a
142.651623	1e1a06
142.661205	1e3832
142.670339	1dfb39
142.680623	1dfb39
142.691426	1e1a06
142.699391	1ed2ad
142.707721	1dfb63
142.716973	1dfb39
142.722194	1e379a
142.729956	1dfb63
142.739974	1dfb39
142.747177	1e3786
142.757886	1e37e4
142.767718	1dfad6
142.777618	1e1a06
142.791061	1ce126bdb04a
142.801972	1e1a06
142.811022	1e0cb0
142.818896	1dfb39
142.824760	1e1599
142.831988	1eb681
142.841706	1e379a
142.856886	1e1a06
142.863526	1dfb39
142.870432	1e379a
142.884576	1ed895
142.892476	1dfb39
142.901934	1dfb39
142.909736	1e379a
142.922143	1e18b6
142.929594	1dfb63
142.936764	1e379a
142.946610	1ce126cd7891
142.952195	1e379a
142.964893	1ea7e3
142.971200	1ed33b
142.983556	1e1a06
142.990551	1dfb39
143.003497	1ce126bdb754
143.016009	1e1484
143.021405	1eb5d5
143.034263	1ce126bdaeb4
143.049147	1dff05
143.058101	1e379a
143.070975	1dfb39
143.081837	1e1a06
143.093403	1e1a06
143.103331	1dfb63
143.116792	1e379a
143.128984	1ce126cd795b
143.143751	1e1a06
143.154972	1eb742
143.161943	1dfb0c
143.173965	1dfb39
143.184669	1dfb39
143.192508	1ce126cd8044
143.199657	1e9417
143.208216	1dfb39
143.215917	1e1484
143.222796	1e37c9
143.230474	1dff05
143.243095	1dfdd5
143.254176	1dfb39
143.260074	1dff05
143.266840	1dfb63
143.274860	1dfb39
143.289343	1eb570
143.297467	1dff50
143.310743	1ce126bdc167
143.324644	1e15b5
143.334478	1dfb71
143.341544	1e1a06
143.351087	1dfb39
143.357415	1dff05
143.364603	1e1a06
143.372819	1dfb63
143.380989	1e9208
143.392257	1e379a
143.397658	1e379a
143.404157	1e1a06
143.418442	1dff05
143.432049	1ebdb5
143.444260	1dfb63
143.455400	1e1a06
143.464355	1dfb39
143.479523	1dfb39
143.485505	1dfb39
143.494038	1e1a06
143.507448	1dfb63
143.518188	1e1a06
143.532412	1dfb63
143.547336	1e1a06
143.562209	1e1a06
143.568993	1e379a
143.576193	1dfb63
143.590183	1e5062
143.601745	1dfb39
143.616571	1ce126bdaea3
143.627727	1dfb39
143.642670	1dfb63
143.653316	1ce126bdb754
143.663340	1dfb39
143.676171	1dfb39
143.690081	1ed39d
143.696921	1eb5e9
143.705930	1e272e
143.718232	1dfabe
143.728949	1e1a1e
143.740201	1e1a06
143.748528	1dfb63
143.761550	1dfb63
143.771678	1e15b5
143.783058	1e1a06
143.790795	1dfe97
143.797701	1dfb39
143.809292	1e3844
143.816644	1e19bb
143.829786	1dfb39
143.839811	1dfb63
143.846671	1dfb63
143.860802	1dfb39
143.872228	1e1a06
143.877651	1dff05
143.888695	1dfb39
143.897042	1dfb39
143.906104	1dfb63
143.912631	1dfb39
143.926016	1dfb39
143.934835	1e1a06
143.943576	1dfb63
143.954982	1dff05
143.962263	1e91e2
143.974397	1dfb39
143.981647	1e1a06
143.988670	1dfb39
143.999800	1dfb39
144.009187	1dfb63
144.021379	1e1a06
144.030023	1e379a
144.042232	1e1a06
144.049552	1e505b
144.062147	1dfb63
144.070301	1eb5c7
144.085462	1e1a06
144.092690	1dfb39
144.105648	1dfb39
144.119186	1e379a
144.131350	1ebd4f
144.142973	1dfb39
144.151267	1dfde4
144.160442	1e9260
144.167005	1dfb20
144.177855	1ce126bdaabc
144.189776	1dfb39
144.204731	1dfb39
144.213388	1e379a
144.225717	1e1a06
144.232696	1eb6c1
144.244603	1dfe31
144.257455	1dff24
144.271287	1e1a06
144.284989	1e928d
144.294991	1dfb63
144.308897	1dfb39
144.316115	1dfb39
144.322928	1e379a
144.331095	1e9302
144.344080	1ce126bda9d1
144.354543	1dfb39
144.365781	1e1a06
144.378176	1dfb39
144.384904	1e1a06
144.393962	1dfb63
144.400052	1dfb39
144.405660	1ebd7c
144.413462	1dfb39
144.427378	1eb51b
144.441328	1dfb39
144.455818	1e1a06
144.466537	1dfb39
144.474515	1eb584
144.486234	1e1484
144.498860	1dfb39
144.512924	1e1a06
144.522332	1dfd9b
144.534649	1e3781
144.541206	1dfb63
144.553514	1dfb39
144.563248	1dfb39
144.571616	1dfb71
144.584292	1eaa28
144.598940	1e4fdf
144.610617	1e1a06
144.625255	1dfb63
144.638685	1e1a06
144.652407	1dfb39
144.662611	1dfb63
144.676115	1dfb39
144.688589	1dfb39
144.694902	1dfdac
144.708204	1dfb63
144.714429	1dfb63
144.729020	1ce126bdaddd
144.740957	1e1a06
144.755850	1dff91
144.763149	1ce126bdb386
144.773417	1dfb63
144.780872	1dfb39
144.786635	1dfb63
144.800098	1dfb39
144.813618	1e15b5
144.820577	1dfb39
144.830780	1dfd9b
144.840248	1dfb39
144.846562	1dfb39
144.854280	1dfd9b
144.861980	1e1a06
144.869736	1e1a06
144.881629	1e1a06
144.890251	202930
144.904530	1dfdd5
144.909930	1dfb63
144.920174	1e1a06
144.930818	1dfb39
144.945817	1e15b5
144.958902	1e147f
144.972026	1dfb63
144.985762	1dfb39
144.999631	1dfb63
145.011934	1dfb63
145.018014	1eb6a1
145.032591	1ce126bdad46
145.038890	1dfb4b
145.053248	1ce126bdae45
145.060517	1dfde4
145.068683	1eb63b
145.082714	1e37c9
145.092522	1dfb39
145.100030	1e1a06
145.106361	1dfb39
145.119473	1dfb39
145.125968	1dfdb0
145.137157	1e15b5
145.145770	1dfb63
145.153372	1eb860
145.167137	1dfb39
145.172614	1e1a06
145.178903	1e9da8
145.189639	1dfb39
145.203490	1dfb39
145.209689	1dfb63
145.216032	202930
145.224620	1dff73
145.231642	1dfb63
145.243787	1dfb39
145.256089	1dfb39
145.269890	1e199d
145.278825	1eb640
145.290762	1dfb39
145.302308	1dfe75
145.309772	1ebcd5
145.320519	1dfb63
145.328945	1dfb39
145.341691	1e1a06
145.352446	1dfb39
145.362397	1dfb39
145.368631	1eb860
145.374809	1ce126bdaed2
145.384121	1dfb63
145.391904	1dfb63
145.399344	1e379a
145.408313	1eb713
145.422936	1dfb63
145.431106	1e1a06
145.439697	1ce126bdb394
145.450422	1dfb39
145.462277	1dfb39
145.467517	1dfb39
145.479400	1e1a06
145.486865	1e15b5
145.494775	1e1a06
145.501997	1dfb63
145.514185	1e1484
145.520698	1ce126bdae12
145.530253	1dfb39
145.543416	1dfb39
145.552335	1ce126bdad46
145.564722	1dfb63
145.571871	1dfb63
145.580235	1dfb39
145.587394	1dfb39
145.601857	1e5032
145.614189	1dfb39
145.620329	1e4fd8
145.631109	1dfb63
145.638066	1dfb63
145.652206	1dfb39
145.660424	1dfb90
145.669335	1e15b5
145.679834	1eb612
145.686475	1ebced
145.698990	1dfb63
145.711030	1dfb39
145.717811	1dfb39
145.724205	1dfb39
145.737144	1dfdd5
145.746055	1e1a06
145.756316	1e1a06
145.769536	1e9252
145.777707	1e1a06
145.791157	1dfac1
145.797346	1e1a0b
145.802591	1dfb39
145.813341	1dfb39
145.825102	1dfb39
145.838249	1dfb63
145.844277	1e1a17
145.851698	1dfb39
145.858607	1ba220
145.869995	1e379a
145.883010	1dfb39
145.891903	1e92c3
145.899587	1e1a06
145.910819	1ce126bdb386
145.918444	1eb5dd
145.926667	1dfb39
145.931848	1dfb71
145.946749	1dfb39
145.957603	1dfb39
145.968628	1dfb63
145.975494	1dfb39
145.981481	1dfb39
145.992280	1e1a06
146.007167	1e1484
146.022131	1dfb63
146.031994	1dfb39
146.042303	1dfb39
146.056987	1e1a06
146.067396	1dfb39
146.073460	1ce126bdaed2
146.087867	1eb609
146.099047	1dfb63
146.112627	1eb6df
146.121644	1e15b5
146.127894	1eb860
146.136655	1ebd4f
146.145626	1dfb39
146.150916	1dfb63
146.158665	1dfb39
146.171137	1dfb63
146.183692	1dfb39
146.190049	1dfb39
146.199433	1dfb71
146.206493	1dfb63
146.215747	1dfb63
146.221715	1e1930
146.233784	1dfb63
146.248059	1dfb39
146.255757	1e379a
146.267989	1e1a06
146.278815	1dfb63
146.292953	1dfb39
146.299067	1dfb39
146.311409	1eb7c0
146.322450	1e1a06
146.330523	1dfb39
146.345655	1e1484
146.359544	1e15b5
146.367534	1dfa69
146.381777	1e9d8d
146.390292	1dfb63
146.402008	1dfca9
146.416463	1dfb63
146.426333	1dfb63
146.440041	1dfb39
146.452043	1dfb39
146.464343	1dfb39
146.476279	1e1a06
146.488972	1dfb39
146.502711	1dfb39
146.511151	1dfb63
146.524473	1dfb63
146.531077	1dfb39
146.537843	1e1a06
146.550181	1e378a
146.560046	1e0ca9
146.569234	1e1a06
146.581483	1dfb39
146.594644	1e1a06
146.603971	1dfb39
146.617921	1dfb39
146.627999	1e37a1
146.642581	1dfb39
146.656710	1dfb39
146.667537	1dfde4
146.672762	1dff50
146.683054	1dfb39
146.690720	1dfb39
146.696188	1dfb39
146.708189	1ebd9b
146.714105	1e9254
146.721157	1dfb63
146.731170	1e379a
146.738175	1dfb39
146.743955	1dfb39
146.758939	1dfb63
146.765195	1dff7c
146.773513	1dfb63
146.785796	1dfb39
146.799483	1dfb63
146.812833	1dfb39
146.824719	1ebd6e
146.831275	1eb5d5
146.842541	1e93dd
146.851618	1eb577
146.861564	1e92f3
146.870546	1dfb39
146.885108	1eb5d5
146.899664	1dfb39
146.914899	1e15b5
146.926400	1eb58e
146.935439	1e9260
146.946946	1e9268
146.952688	1dfb63
146.963582	1e1a06
146.969308	1dfb39
146.974797	1dfb39
146.988297	1e96c8
146.997342	1dfb39
147.007251	1dfb63
147.021173	1e1a06
147.035094	1dfb39
147.042061	1dfb39
147.047622	1e1a06
147.062799	1e1a06
147.077703	1e1a06
147.089173	1dfb63
147.096462	1dfb39
147.104065	1dfde4
147.118001	1dfb39
147.131253	1eb689
147.139789	1e1a06
147.153920	1e379a
147.167851	1dfb71
147.173691	1dfb39
147.188630	1e19ae
147.195259	1dfb63
147.203778	1dfb63
147.210105	1dfb39
147.216642	1dfb39
147.229865	1dfb39
147.238196	1dfb39
147.250347	1e942d
147.263340	1dfde4
147.268610	1dfb63
147.283695	1dfb39
147.290753	1dfb39
147.297881	1dfde4
147.309651	1e1a06
147.315192	1dfb39
147.322021	1ce126bdc1c5
147.333120	1dfb63
147.343099	1eb605
147.352443	1ce126bdb036
147.363876	1dfb71
147.374943	1dfb63
147.380269	1dfb63
147.391278	1dfb63
147.397808	1e1a06
147.404789	1e379a
147.411164	1e15b5
147.423286	1e1a06
147.437652	1e1a06
147.448814	1dfa94
147.457614	1ea885
147.468101	1dfb39
147.475405	1dfb63
147.488164	1dfb39
147.498580	1dfb39
147.509763	1dfb63
147.519095	1dfb39
147.531633	1e1a06
147.546706	1dfb39
147.559301	1dfb71
147.564513	1ebced
147.576161	1e1a06
147.590447	1dfb63
147.605312	1e93dd
147.615738	1dfb39
147.621700	1dfb39
147.626944	1e0cb0
147.639268	1e1a06
147.650136	1dfb39
147.663942	1dfb39
147.678800	1dfb39
147.693305	1e1a06
147.708154	1e1a06
147.721873	1dfb63
147.732146	1e379a
147.742166	1e0880
147.750310	1e0727
147.760003	1e0d5f
147.770259	1e0880
147.776517	1e0880
147.791321	1e0855
147.797969	1e0880
147.807798	1e0855
147.813324	1e0880
147.828072	1e0ce2
147.842152	1e0880
147.848363	1ce126bd9683
147.861817	1e0880
147.869339	1e0880
147.883476	1e0cb9
147.891617	1e0880
147.898374	1e0880
147.909953	1e0855
147.919244	1e0855
147.928273	1e0855
147.935474	1e0855
147.941224	1e0855
147.949350	1e0727
147.957505	1e0855
147.970412	1e0880
147.976206	1e0855
147.988729	1e0855
147.999700	1e0855
148.008004	1e0880
148.015377	1e0880
148.020991	1e0855
148.026593	1e0bf7
148.038874	1e0855
148.052352	1e0880
148.066584	1e0855
148.076254	1e0880
148.089314	1e0880
148.099915	1e0d5f
148.112532	1e0880
148.118663	1e0855
148.126241	1ce126bd967e
148.140276	1e0cb9
148.151287	1ce126bdc3b7
148.162428	1e0bf7
148.172923	1e0855
148.180442	1e0880
148.190020	1e0880
148.204447	1e0cd0
148.216346	1e0855
148.224324	1e0880
148.235267	1e06ef
148.247885	1e0855
148.262231	1e0880
148.272426	1e0880
148.279091	1e0855
148.285868	1e0855
148.292569	1e0880
148.300240	1e0855
148.315065	1ce126bd96d2
148.321643	1e0880
148.333080	1e0855
148.347414	1e0855
148.360009	1e0880
148.369050	1e0880
148.374281	1e0855
148.387576	1e0882
148.397805	1e0855
148.411685	1e0880
148.423204	1e0855
148.433317	1e0855
148.443641	1e0880
148.457032	1e0880
148.470980	1e0855
148.486001	1e0855
148.495121	1e0727
148.503891	1e0880
148.511395	1e0880
148.523198	1e0880
148.536134	1e0880
148.549011	1e0880
148.557393	1e0855
148.567189	1e0880
148.581393	1e0880
148.589948	1e0880
148.599624	1e0880
148.610850	1e0880
148.617036	1e0880
148.626597	1e0bf7
148.633195	1e0880
148.647540	1e0880
148.659381	1e0855
148.672082	1e0cb9
148.682928	1e0855
148.697526	1e0880
148.703840	1e0880
148.710117	1e0880
148.722312	1e0880
148.737286	1e0855
148.747651	1e0880
148.756763	1e0880
148.767030	1e0880
148.781840	1e0727
148.790331	1e0880
148.804352	1e0880
148.818133	1e0880
148.823567	1e0727
148.836341	1e0880
148.841985	1e0855
148.855355	1e0855
148.865060	1e0855
148.872278	1e0880
148.878809	1e0880
148.887018	1ce126bd97bc
148.901513	1e0880
148.911086	1e0855
148.921151	1e0cd0
148.934878	1e0855
148.943991	1e0cd0
148.955348	1e0880
148.962129	1e0880
148.967947	1e0880
148.979686	1e0855
148.986296	1e0855
148.994885	1e0855
149.007966	1e0880
149.018330	1e0855
149.028708	1e0880
149.039002	1e0880
149.047279	1e0855
149.057665	1e0880
149.067179	1e0880
149.078988	1ce126bd972f
149.088636	1e0880
149.094600	1e0880
149.102072	1e0d5f
149.109296	1e0855
149.122362	1e0880
149.135369	1e0880
149.141878	1e0880
149.154009	1e0880
149.166110	1ce126bd96fb
149.174337	1e0880
149.189178	1e0727
149.198675	1e0806
149.212219	1e0727
149.218154	1e0727
149.223793	1e0855
149.233345	1e0855
149.247424	1e0855
149.255114	1e0880
149.263778	1e0880
149.273777	1e0831
149.279705	1e0855
149.285398	1e0880
149.297504	1e0855
149.305515	1e0cd0
149.317256	1e07c3
149.327527	1e0880
149.337751	1e0855
149.344674	1e0880
149.355641	1e0880
149.361757	1e0855
149.375903	1e0880
149.389199	1e0880
149.398900	1e0880
149.408458	1e0880
149.417216	1e0880
149.428269	1e0880
149.442301	1e0880
149.453648	1e0880
149.464370	1e0880
149.473326	1e0880
149.486193	1e0880
149.498534	1e0855
149.510191	1e0880
149.521123	1e0880
149.531188	1e0855
149.539246	1e0880
149.549188	1e0855
149.556441	1e0880
149.562285	1e0880
149.572029	1e0880
149.586763	1e0855
149.601567	1e0855
149.615182	1e0855
149.626572	1e0855
149.635121	1e0880
149.643667	1e0855
149.652498	1e0855
149.661205	1e0855
149.668612	1e0880
149.681910	1e0855
149.690015	1e0855
149.699098	1e0880
149.712059	1e0cb9
149.717679	1e0880
149.729456	1e0880
149.734937	1e0880
149.745495	1ce126bd9754
149.759693	1e0880
149.771323	1e0855
149.779460	1e0880
149.790264	1e0727
149.802065	1e0855
149.812276	1e0855
149.818022	1e0855
149.827010	1e0880
149.833223	1e0880
149.846291	1e0855
149.857745	1e0855
149.866793	1e0855
149.874507	1e0880
149.881890	1e0880
149.891321	1e0855
149.898013	1e0880
149.911060	1e0cb9
149.920758	1e0880
149.926273	1e0cd0
149.931721	1e0880
149.940928	1e0855
149.946983	1e0880
149.957021	1e0880
149.962913	1e0d5f
149.971854	1e0855
149.978857	1e0880
149.986641	1e0880
149.994897	1e0cb0
150.000281	1e0855
150.012326	1e0880
150.022076	1e0cd0
150.037167	1e0880
150.048205	1e0855
150.063153	1e0880
150.068394	1e0855
150.074586	1e0855
150.082448	1e0855
150.091195	1e0882
150.103497	1e0cb9
150.111418	1e0aeb
150.125900	1e0855
150.135008	1e0880
150.144761	1e0880
150.153811	1e0882
150.167018	1ce126bdc3d5
150.180351	1e0880
150.189406	1e0cd0
150.203841	1e0cd0
150.210543	1e0855
150.220329	1e0880
150.229441	1e0cb9
150.243946	1e0880
150.253866	1e0880
150.262477	1e0880
150.269840	1e0882
150.284440	1e0880
150.296302	1e0855
150.307385	1e0855
150.315562	1e0727
150.324051	1e0cd0
150.330255	1e0880
150.335484	1e0a8e
150.346909	1e0880
150.361184	1e0727
150.370116	1e0855
150.377080	1e0855
150.387320	1e0855
150.396481	1e0880
150.405676	1e0880
150.412008	1e0855
150.422040	1e0880
150.435537	1e0cb9
150.444627	1e0855
150.456348	1e0bf7
150.468829	1e0855
150.480209	1e0855
150.491023	1e0880
150.499886	1e0855
150.509682	1e0880
150.518125	1e0880
150.531976	1e0880
150.542235	1e0880
150.549951	1e0855
150.556823	1e0855
150.571633	1e0855
150.580383	1e0880
150.586151	1e0855
150.595419	1e0727
150.603792	1e0880
150.616727	1e0880
150.623633	1e0705
150.633053	1e0880
150.645780	1e0880
150.652796	1e0880
150.665284	1e0880
150.680346	1ce126bd96ed
150.687633	1e0880
150.701642	1e0855
150.713092	1e0cb0
150.720822	1e0855
150.729142	1e0880
150.740469	1e0880
150.754150	1e0cd0
150.769100	1e0880
150.777007	1e070f
150.782316	1e0855
150.795532	1e0727
150.807699	1e0727
150.816545	1e0855
150.828753	1e0855
150.837835	1e06ef
150.847291	1e0855
150.857778	1e0855
150.865422	1ce126bd977f
150.873831	1e0880
150.881804	1e0cd0
150.894294	1e0855
150.901657	1e0cd0
150.910823	1e0880
150.916549	1e0880
150.928555	1e0855
150.943732	1e0880
150.958448	1e0855
150.968893	1e0cd0
150.981683	1e0855
150.992545	1e0727
151.001192	1e0880
151.007631	1e0855
151.019827	1e0855
151.026922	1e0855
151.039488	1e0727
151.046471	1e0855
151.058957	1e0855
151.069226	1e0880
151.080830	1e0880
151.095585	1e0880
151.110615	1ce126bd8709
151.116062	1ce126bd8896
151.128382	1ce126bd8806
151.138396	1ce126bd8896
151.143623	1ce126bd883b
151.149592	1ce126bd884a
151.155311	1ce126bd8806
151.165592	1ce126bd88a0
151.173372	1ce126bd8896
151.183029	1ce126bd8806
151.194464	1ce126bd8806
151.205405	1ce126bd8896
151.212521	1ce126bd883b
151.223958	1ce126bd8896
151.235034	1ce126bd8806
151.247937	1ce126bd891b
151.262765	1ce126bd8862
151.271367	1ce126bd86ee
151.283856	1ce126bd8896
151.289534	1ce126bd86fa
151.304706	1ce126bd886f
151.312338	1ce126bd88b2
151.324916	1ce126bd86df
151.339675	1ce126bd8862
151.345206	1ce126bd8896
151.354935	1ce126bd8896
151.362199	1ce126bd86ee
151.376575	1ce126bd88db
151.384031	1ce126bd8806
151.394904	1ce126bd870f
151.400759	1ce126bd883b
151.412844	1ce126bd870f
151.426663	1ce126bd88b6
151.439026	1ce126bd86d0
151.449236	1ce126bd870f
151.461689	1ce126bd870f
151.473052	1ce126bd88a8
151.482526	1ce126bd8806
151.495257	1ce126bd8806
151.509670	1ce126bd8806
151.516668	1ce126bd8709
151.529960	1ce126bd86d0
151.539458	1ce126bd870f
151.546593	1ce126bd870f
151.559375	1dfb39
151.573539	1e19e5
151.586196	1e19e5
151.594783	1e15b5
151.604158	1e1a06
151.616343	1eb605
151.626630	1dfb39
151.641787	1dfb63
151.652806	1e1a06
151.659147	1e19a1
151.674302	1e1a06
151.684032	1dfb39
151.689282	1dfb39
151.702319	1dfb39
151.712092	1e1a25
151.726743	1dfb63
151.735763	1dfb39
151.741537	1dfb39
151.755805	1dfb39
151.764555	1dfb39
151.773036	1e19d8
151.785002	1dfb39
151.791347	1dfb39
151.806431	1dfb63
151.814472	1e1a06
151.826342	1e1a06
151.839092	1dfb63
151.854046	1dfdb0
151.868006	1dfb63
151.877563	1e15b5
151.888115	1e9417
151.899294	1dfb39
151.905878	1dfb63
151.919601	1e928d
151.933862	1ed83c
151.947778	1dfb39
151.956836	1eb5f9
151.963366	1eb609
151.976438	1dfb41
151.982766	1e1a06
151.988552	1e1a06
152.000950	1dfb39
152.011004	1dfb39
152.018883	1e1a06
152.027248	1dfb39
152.041197	1e0cb0
152.049227	1dfb39
152.059192	1eb79f
152.066391	1e9e19
152.080436	1e9318
152.089102	1dfb63
152.099610	1e1a06
152.107828	1e379a
152.119349	1dfb39
152.127646	1e379a
152.141022	1dfde4
152.148034	1ce126bdb560
152.163149	1e1a06
152.168532	1e379a
152.180473	1dfb39
152.187201	1dfb63
152.197760	1dfb63
152.206928	1dfb63
152.216786	1eb797
152.230438	1dfb39
152.243090	1e379a
152.248503	1e379a
152.262685	1eb786
152.269990	1dff05
152.278118	1dfb63
152.289945	1dfb63
152.298797	1dfb39
152.311320	1dfb63
152.326372	1e1a06
152.331873	1dfb39
152.339293	1dfb63
152.347313	1e1a06
152.361853	1e93dd
152.375173	1dff05
152.381282	1e379a
152.396354	1e9712
152.408105	1e9260
152.415852	1dfb39
152.421979	1dfb39
152.433657	1dfb39
152.443059	1e379a
152.456641	1eb674
152.464247	1e0cad
152.474934	1e1a06
152.486312	1eb860
152.494433	1dfb39
152.507644	1e1a06
152.518332	1e1a0b
152.529128	1dfb39
152.535558	1e1a06
152.549955	1dfb63
152.559574	1dfb39
152.570855	1dfb39
152.580850	1e379a
152.591261	1e1a06
152.603788	1dfb63
152.611537	1dfb39
152.618265	1dfb63
152.624128	1dfb39
152.634575	1dfb63
152.640516	1dfb63
152.650020	1eb512
152.658275	1e1a06
152.666329	1ebd6e
152.671820	1e1a06
152.679961	1dfb39
152.688681	1e9318
152.696787	1ce126bdc0a1
152.705744	1e1a06
152.719019	1e9318
152.725467	1dfb63
152.731078	1e379a
152.736790	1dfb39
152.749251	1ce126bdb560
152.762513	1e379a
152.771513	1dfb39
152.778631	1e9417
152.787618	1e379a
152.797129	1eb514
152.807460	1dfb63
152.814329	1e1484
152.828575	1dfb39
152.843607	1dfb63
152.857723	1dfb63
152.868453	1eb592
152.882205	1e379a
152.893538	1e379a
152.903912	1dfb39
152.913517	1ebd6e
152.921636	1dfb39
152.936473	1dfb39
152.947491	1e1a06
152.957838	1ed847
152.971050	1dfb63
152.977907	1eb605
152.983374	1dfb39
152.994585	1dfde4
153.004518	1ed835
153.011687	1e940b
153.019953	1dfb39
153.027469	1dfb39
153.037336	1e1a06
153.048687	1dfad6
153.058290	1eb5dd
153.067558	1ebcfe
153.081555	1e1a06
153.094268	1eb5d5
153.100652	1e1a06
153.110032	1dfb63
153.116834	1dfb39
153.130227	1e379a
153.143919	1e1a06
153.158483	1ed34f
153.164946	1e94da
153.171396	1dfb63
153.185271	1e1a06
153.198100	1e379a
153.206220	1dfca9
153.211529	1e1a06
153.220611	1e1a06
153.233225	1ce126bdb382
153.247731	1dfb39
153.259814	1dfb63
153.265773	1eb6b1
153.275812	1e15b5
153.285051	1dfb39
153.298515	1e1616
153.305114	1e1a06
153.316136	1eb5f3
153.329977	1dfb39
153.340559	1ebd68
153.348321	1dfb39
153.362138	1e37ca
153.370358	1e0cc7
153.382944	1dfb63
153.392842	1dfb39
153.402356	1e1a06
153.413494	1dfb63
153.421966	1dfb63
153.433154	1dfb63
153.448269	1dfb39
153.453844	1dfb39
153.465424	1eb605
153.480429	1ed296
153.494988	1cea2c
153.507493	1e1a06
153.520148	1dfb39
153.531727	1dfb39
153.545435	1dfb39
153.557004	1e0ce5
153.572089	1dfb63
153.578902	1e15b5
153.588624	1dfb39
153.597828	1dfb63
153.604717	1dfb39
153.611561	1e15b5
153.617337	1dfb39
153.623205	1e1a06
153.636525	1dfb39
153.649855	1dfb63
153.658446	1dfb63
153.672067	1dfb63
153.680269	1dfae3
153.688233	1eb5c7
153.693483	1eb605
153.700062	1e1a06
153.708491	1e1a06
153.722257	1dfb39
153.730145	1e1a06
153.744461	1ebdaf
153.751160	1e9d3a
153.766100	1dfb39
153.774054	1dfb63
153.780451	1eb5d5
153.786672	1dfb39
153.800634	1dfb39
153.809054	1dfb63
153.823830	1e928d
153.834706	1dfb39
153.842892	1dfb39
153.854999	1dfb39
153.863323	1dfb39
153.868856	1dfb39
153.881692	1e153b
153.890622	1dfb39
153.896674	1eb6da
153.909391	1e1a06
153.923164	1e1484
153.928903	1dfb39
153.936750	1e1a06
153.951195	1eb605
153.961435	1e379a
153.975314	1ce126bdb04a
153.982939	1dfb39
153.988839	1e502e
153.994848	1dfb39
154.005913	1dfb39
154.012897	1e1a06
154.022798	1dfb39
154.030379	1dfb39
154.043719	1e948f
154.057825	1dfb39
154.069889	1dfb39
154.082750	1dfb39
154.088913	1e18fa
154.096926	1dfb39
154.102661	1ce126bdb386
154.110336	1dfb39
154.123128	1e18ec
154.134549	1e1a06
154.140952	1e1484
154.149648	1dfb63
154.161608	1e272e
154.168185	1dfb63
154.176710	1dfb39
154.189775	1eb612
154.202579	1ce126bdaad6
154.212354	1dfd9b
154.224788	1dfb71
154.233224	1dfb39
154.243283	1e03dd
154.253372	1eb562
154.266342	1e3794
154.280268	1dfb39
154.291400	1e1a06
154.305758	1dfb39
154.315669	1e9302
154.326341	1ce126bdb560
154.336197	1eb62f
154.351330	1dfb39
154.357894	1dfb39
154.370539	1e1a06
154.382072	1dfb39
154.396020	1e1a06
154.406658	1dfb39
154.414269	1e1a0b
154.421955	1dfb39
154.436168	1dfccb
154.447355	1eb5dd
154.458367	1dfb63
154.464538	1dfb63
154.474983	1dfb39
154.487544	1e379d
154.495308	1eb605
154.509754	1ebd63
154.523777	1dfb39
154.535833	1e386a
154.546307	1dfb39
154.560792	1dfb39
154.566274	1dfb39
154.573366	1dfb39
154.584855	1dfb39
154.592169	1dfb39
154.602615	1dfb39
154.617101	1e1a06
154.622735	1dfb39
154.632680	1dfb4f
154.637948	1dfb63
154.648407	1ce126bdc060
154.656436	1e1a06
154.662110	1e1a06
154.669515	1e15b5
154.680903	1dff5c
154.689340	1e1a06
154.697579	1dfb39
154.703127	1dfb39
154.708497	1ce126bdaf07
154.721025	1e9d27
154.734084	1eb605
154.747160	1eb5dd
154.757750	1e379a
154.762947	1dfb63
154.768235	1e1a06
154.782924	1e379a
154.796367	1dfb63
154.809071	1e1a06
154.817797	1e929d
154.824137	1dfb39
154.835909	1dfb63
154.849194	1dfb39
154.863165	1e1a06
154.877436	1dfb71
154.883532	1dfb39
154.890974	1e1a06
154.902176	1e37c5
154.916375	1ed3b5
154.926080	1dfb39
154.935665	1dfb39
154.941341	1dfb39
154.951632	1dfb63
154.964621	1e1a06
154.975995	1dfb39
154.986235	1dfb39
154.999656	1e0ca9
155.005732	1dfb63
155.010953	1e1a06
155.024405	1dfdd5
155.033403	1dfb63
155.045224	1eb5c2
155.052837	1eb860
155.067567	1dfb41
155.077286	1dfb39
155.085064	1dfb39
155.097652	1dfb63
155.103068	1eb5ff
155.115646	1e1a06
155.128728	1dfdac
155.140191	1e1a06
155.151172	1dfb39
155.157552	1dfb39
155.171298	1dfb39
155.182366	1dfb63
155.191056	1e379d
155.198889	1ed7e7
155.205685	1dfb39
155.219097	1dfb39
155.228552	1dfb39
155.236686	1dfb63
155.249612	1e15b5
155.256361	1e18a8
155.265695	1dfb39
155.276869	1dfb39
155.291010	1dfb39
155.300201	1dfb39
155.314511	1dfb39
155.328321	1e149f
155.339907	1dfb39
155.351016	1e1960
155.356272	1dfb39
155.362778	1e9e37
155.375974	1e3786
155.390048	1dfb63
155.402218	1dfb63
155.416179	1e1a06
155.423476	1dfb63
155.438070	1e1a06
155.450252	1dfdd5
155.463279	1dfb39
155.471276	1dfb63
155.484783	1dfb39
155.498122	1eb605
155.512295	1dfb39
155.523807	1dfb39
155.534159	1e1a06
155.540275	1dfb39
155.550408	1dfb63
155.559160	1e942d
155.570624	1dfb63
155.582036	1dfb63
155.587540	1dfb39
155.601300	1dfde4
155.607772	1ce126bdb340
155.620338	1dfb63
155.635167	1dfb63
155.642438	1dfb39
155.651318	1dfb39
155.659850	1eb5d5
155.665237	1e1587
155.677627	1e1a06
155.690417	1dfb39
155.702289	1dfb63
155.713948	1eb860
155.719286	1dfb39
155.732941	1dfb63
155.743614	1dfb39
155.753031	1e0cc7
155.758707	1e1a06
155.765310	1e1a06
155.771991	1dfb63
155.786683	1dfb39
155.799818	1e1a06
155.810440	1dfb63
155.824044	1ce126bda9cd
155.832432	1e1a06
155.843344	1dfb34
155.853657	1dfb3d
155.865618	1e1a06
155.879522	1e1423
155.888200	1dfb39
155.903389	1eb63b
155.909923	1e15b5
155.919090	1e379a
155.927629	1dfb39
155.934883	1dfb39
155.944606	1dfb39
155.950208	1dfb39
155.959991	1e1a06
155.974711	1e1a06
155.988698	1e92a1
155.994762	1dfb39
156.003634	1dfb39
156.013513	1dfdd5
156.025661	1e1a06
156.037091	1e1a06
156.051704	1dfb63
156.062158	1dfb63
156.074757	1dfb63
156.084379	1e1a06
156.098184	1dfd9b
156.111297	1e1a06
156.124529	1dfb39
156.138716	1dfb63
156.146461	1dfb39
156.161124	1dff5c
156.169500	1dfb63
156.181211	1e1a06
156.191493	1dfb63
156.197005	1dfb39
156.209859	1dfb39
156.221214	1ed847
156.226558	1dfb39
156.237392	1dfb39
156.246292	1dfb63
156.257026	1ebd31
156.265883	1eb5d5
156.279634	1e03d2
156.287317	1e1a06
156.302050	1dfb39
156.309535	1e1a06
156.319841	1eb5aa
156.328675	1dfb39
156.338896	1e15df
156.344910	1dfb71
156.355303	1dfb39
156.369540	1ebd54
156.375286	1dfb71
156.386133	1eb5d5
156.395373	1ce126bdc067
156.409521	1eb72b
156.423881	1eb605
156.437177	1e929d
156.443619	1e969f
156.457498	1eb7d7
156.464399	1eb59c
156.469693	1dfb39
156.475115	1eb605
156.488948	1dfb41
156.499675	1e1a06
156.511760	1dfb39
156.517006	1e379a
156.529675	1e1484
156.539576	1eb5a7
156.548057	1e15b5
156.553348	1ed33b
156.560214	1eb612
156.570631	1e1a06
156.579537	1e948f
156.593142	1dfb39
156.607292	1e379a
156.613993	1dfb39
156.626759	1e379a
156.637769	1e1a06
156.648317	1cea12
156.662506	1ce126bdc085
156.672509	1ce126bdadfa
156.686608	1dfb39
156.698636	1eb860
156.706718	1e1a06
156.716844	1e1a06
156.724938	1dfb39
156.737473	1dfb63
156.747119	1e383c
156.753837	1dfb39
156.761859	1eb605
156.768844	1e9dd6
156.777162	1dfb63
156.785177	1dfb39
156.794446	1ce126bdb36e
156.806764	1ebd01
156.816718	1e5069
156.823453	1e1a06
156.833675	1dfb63
156.841259	1e1a06
156.852280	1e1a06
156.860979	1dfa3e
156.866253	1ed3ec
156.873009	1ce126bdaeb4
156.878941	1dfb63
156.894061	1dfb63
156.909178	1dfb63
156.919055	1dfb71
156.931261	1e1a06
156.944456	1eb605
156.954264	1dfb39
156.966169	1e1a06
156.973180	1dfb39
156.986225	1e0d1b
157.000146	1e379a
157.009692	1dfafe
157.022872	1e1964
157.034245	1ce126bdc06f
157.048138	1dfe97
157.062199	1e9407
157.071653	1ce126bdae71
157.078599	1dfb71
157.085086	1e1a06
157.090640	1dfb63
157.097171	1dfb39
157.108142	1dfb63
157.113919	1e379a
157.121236	1e379a
157.130843	1e4fed
157.140825	1dfb39
157.150289	1dfb63
157.165123	1dfb39
157.178725	1dfb39
157.187757	1e1a06
157.199287	1eb5d5
157.207473	1dfb71
157.220949	1e9260
157.235369	1ce126cd78ab
157.245007	1e1a06
157.258607	1e1a06
157.266517	1e1a06
157.277642	1dfb71
157.289376	1dfb39
157.302329	1ce126bdaabf
157.312007	1dfb39
157.324494	1ed805
157.338299	1e19cf
157.353138	1e191b
157.361217	1dfb63
157.372800	1e379a
157.387979	1dfb39
157.394465	1eb6b1
157.407363	1e1a0b
157.419263	1e1a06
157.429216	1e1a06
157.440189	1e1564
157.453937	1dfb39
157.462140	1dfb39
157.474695	1dfb39
157.481114	1dfb63
157.491879	1eb5d5
157.498344	1e1a06
157.506971	1dfb39
157.512862	1dfb63
157.522062	1dfb39
157.532693	1e379a
157.541106	1dfb39
157.551597	1dfb63
157.563671	1e954e
157.571947	1dfb63
157.579492	1dfb2d
157.594243	1e1a06
157.607979	1e1a06
157.616097	1ea80b
157.629156	1eb6f1
157.644113	1e379a
157.652968	1dfb39
157.661671	1dfb63
157.672992	1e15f8
157.678826	1dfb39
157.687961	1dfb63
157.702387	1dfb63
157.711594	1eb5e9
157.725941	1dfb39
157.733140	1dfb39
157.745146	1ebdaf
157.753877	1e1a06
157.761993	1e9712
157.767838	1ce126bdaed2
157.782765	1dfb39
157.788482	1dfb63
157.802931	1dfb39
157.817704	1ce126bdb04a
157.830604	1dfca9
157.836566	1dfb71
157.847192	1e1a06
157.860322	1dfb39
157.872867	1ce126bdc174
157.879926	1dfb63
157.893856	1e1a06
157.906604	1e1a06
157.919971	1dfb39
157.927799	1dfb39
157.937560	1e1a06
157.946021	1dfb39
157.956274	1dfb39
157.964412	1dfb39
157.976959	1ce126cd7880
157.982250	1e1a06
157.991035	1dfb39
158.005780	1dfb41
158.013189	1ebd9b
158.027777	1dfb39
158.039055	1dfb39
158.046392	1e9daf
158.059272	1dfb63
158.067549	1e1484
158.075124	1e93dd
158.084259	1dfcdb
158.091667	1e379a
158.106622	1e150a
158.120381	1dfb39
158.132015	1ebced
158.139406	1eb7f4
158.146535	1e1a06
158.152597	1dfb63
158.160991	1e9260
158.170319	1dfb63
158.184145	1ce126bdc0b7
158.195609	1eb6be
158.210647	1e378a
158.224551	1ce126bdae2f
158.234717	1e272e
158.243686	1ce126bdb376
158.253103	1e379a
158.262470	1dfb39
158.269323	1dfb63
158.276834	1dfb63
158.283981	1e0855
158.290917	1e0855
158.305511	1e0880
158.312570	1e0855
158.324750	1e0880
158.334312	1e0855
158.343764	1e0880
158.357675	1e0855
158.368727	1e0880
158.374026	1e0880
158.380725	1e0880
158.390917	1e0855
158.403424	1e0727
158.412778	1e0880
158.420914	1e0880
158.428490	1e0880
158.437741	1e0855
158.444829	1e0855
158.452205	1e0880
158.461195	1e0880
158.467358	1e0880
158.477515	1e0727
158.489248	1e0855
158.500486	1e0855
158.506980	1e0c17
158.521339	1e0855
158.530020	1e0880
158.544043	1e0855
158.553259	1e0880
158.564336	1e0880
158.569621	1e0880
158.578823	1e0727
158.593364	1e0855
158.603158	1e0855
158.612267	1e0880
158.624250	1e0880
158.637968	1e0880
158.649412	1e0855
158.655250	1e0880
158.663272	1e0855
158.670442	1e0855
158.680595	1e0880
158.689489	1e0855
158.696215	1e0855
158.707258	1e0880
158.720433	1e0880
158.731473	1e0880
158.740667	1e0855
158.752100	1e0880
158.761843	1e0855
158.776344	1e0880
158.786686	1e0855
158.793043	1e0882
158.803859	1e0855
158.818052	1e0855
158.829789	1e0855
158.843051	1ce126bd96d2
158.853639	1e0cb9
158.860565	1e0727
158.874610	1e0880
158.882238	1e0880
158.891123	1e0880
158.897110	1e0880
158.910242	1e0855
158.917667	1e0855
158.925583	1e0d5f
158.938580	1e0880
158.952987	1e0855
158.962443	1e0bf7
158.971969	1e0880
158.981436	1e0855
158.991246	1e0880
159.000331	1e0855
159.005674	1e0880
159.011084	1e0727
159.021792	1e0880
159.032348	1e0855
159.040064	1e085d
159.045924	1ce126bdc3b7
159.058312	1e0880
159.064524	1e0855
159.076306	1e0880
159.088071	1e0880
159.098128	1e0855
159.103992	1e0880
159.111023	1e0880
159.116582	1e0855
159.122462	1e0855
159.135130	1e0c39
159.143672	1e0855
159.149037	1ce126bd968c
159.160424	1e0855
159.167311	1e0cd0
159.174422	1e0880
159.184403	1e0aeb
159.198148	1e0880
159.204362	1e0880
159.217109	1e0880
159.223363	1e0880
159.237556	1e0880
159.244815	1e0880
159.253424	1e0882
159.260185	1e0880
159.271095	1e0855
159.277203	1e0855
159.284540	1e0880
159.295259	1e0855
159.305888	1e0880
159.313309	1e0811
159.325153	1e0880
159.337538	1e0880
159.343447	1e0855
159.352352	1e0855
159.363369	1e0855
159.372014	1e0880
159.381442	1e0880
159.393992	1e0855
159.405953	1e0cbb
159.412859	1e0880
159.422858	1e0855
159.432397	1ce126bdc3db
159.443788	1e0880
159.456955	1e0880
159.469866	1e0880
159.475288	1e0855
159.482787	1e0880
159.497513	1ce126bdc3db
159.502728	1e0855
159.514690	1e0880
159.519978	1e0880
159.529585	1e081f
159.540212	1e0855
159.554041	1e0727
159.567284	1e0cd0
159.579639	1ce126bd9718
159.585530	1e0880
159.597229	1e0880
159.611793	1e0cd0
159.623090	1e0880
159.631878	1e0882
159.642629	1e0880
159.653864	1e0855
159.667269	1e0880
159.681260	1e0855
159.689133	1e0880
159.695462	1e0cd0
159.710248	1e0880
159.722083	1e0880
159.729329	1e0855
159.739713	1e0880
159.748182	1e0880
159.756163	1e0727
159.770479	1e0880
159.780969	1e0880
159.789328	1e0d65
159.804210	1e0880
159.816449	1e0880
159.827773	1e0855
159.840603	1e0880
159.849435	1e0880
159.862243	1e0880
159.871915	1e0cd0
159.878919	1e0855
159.888963	1e0880
159.901694	1e0880
159.916884	1e0855
159.926232	1ce126bd966d
159.940589	1e0880
159.953031	1e0880
159.961536	1e0880
159.971265	1e0855
159.982950	1e0855
159.988422	1e0880
159.995748	1e0880
160.005645	1e0855
160.011738	1e0855
160.026524	1e0880
160.034693	1e0727
160.047100	1e0855
160.054182	1e0880
160.060546	1e0880
160.068991	1e0880
160.076292	1e0855
160.089518	1e06e0
160.097610	1e0880
160.110082	1e0855
160.121559	1e0880
160.130658	1e0ab4
160.138333	1e0880
160.152867	1e0880
160.166068	1e0880
160.171782	1e0855
160.177115	1e0855
160.191431	1e0880
160.197941	1e0880
160.212921	1e0705
160.220393	1e0705
160.228251	1e0b05
160.241592	1e083b
160.248966	1e0d5f
160.258275	1e0855
160.271262	1e0880
160.282665	1e0880
160.296925	1e0880
160.304788	1e0855
160.318924	1e0855
160.333586	1e0855
160.342183	1e0880
160.348579	1e0855
160.358557	1e0855
160.372477	1ce126bdc3c2
160.378794	1e0880
160.387562	1e0880
160.394521	1e075d
160.399960	1e077a
160.414021	1e0880
160.426071	1e0855
160.432088	1e0855
160.443087	1e0855
160.450848	1e0855
160.459041	1e0855
160.472704	1e0855
160.483806	1e0855
160.494971	1e0880
160.508791	1e0880
160.521124	1e0d5f
160.533900	1e0880
160.543163	1e0727
160.550041	1e0880
160.559159	1e0855
160.566892	1e0880
160.578084	1e0880
160.585693	1e0880
160.595925	1e0880
160.607007	1e0855
160.619952	1e0880
160.628214	1e0855
160.639595	1e0880
160.648721	1e0880
160.663362	1e0880
160.671737	1e0855
160.683834	1e0b05
160.696051	1e0855
160.702511	1e0855
160.711723	1e0855
160.720529	1e0880
160.727046	1e0855
160.740095	1e0cd0
160.746120	1e0880
160.756236	1e0880
160.765793	1e0880
160.771707	1e0855
160.784422	1e0880
160.796655	1e0767
160.810074	1e0880
160.815588	1e0880
160.827805	1ce126bd9783
160.839248	1e0727
160.849832	1e0880
160.858781	1e0bed
160.872450	1e0855
160.883474	1e0880
160.892911	1e0855
160.902379	1e0880
160.916358	1e0880
160.925830	1e0727
160.935678	1e0880
160.949186	1e0855
160.957870	1e0855
160.970971	1e0cb9
160.977215	1e0855
160.984501	1e0855
160.993607	1e0880
160.999037	1e0cb9
161.011080	1e0880
161.021508	1e0855
161.027369	1e0855
161.039747	1e0880
161.048669	1e0880
161.063365	1e0880
161.072451	1e0880
161.081180	1e0855
161.090510	1e0880
161.104816	1e0d31
161.110894	1e0880
161.121411	1e0880
161.132588	1e0880
161.143046	1e0855
161.152137	1e0880
161.157355	1e0880
161.170763	1e0855
161.175967	1e0aa4
161.184319	1e0855
161.192429	1e0880
161.201224	1e0855
161.208357	1e0855
161.221896	1e0880
161.231860	1e0d5f
161.245912	1e0880
161.255269	1e0855
161.265567	1e0cb0
161.277066	1e0d5f
161.285129	1e0880
161.298878	1e0cb0
161.308144	1e0855
161.318719	1e0880
161.329139	1e0880
161.341876	1e0855
161.351352	1e0855
161.357057	1e0855
161.368758	1e0855
161.380320	1e0d31
161.393041	1e0855
161.404300	1e0727
161.410607	1e0727
161.420248	1e0880
161.430958	1e0855
161.439085	1e0880
161.451141	1e0880
161.464420	1e0855
161.474082	1e0880
161.481213	1e0855
161.487626	1e0880
161.502422	1e0880
161.516448	1e0880
161.528677	1e0855
161.542295	1e0bf7
161.547771	1e0855
161.559337	1e0880
161.564951	1e0855
161.572294	1e0880
161.577590	1e0cb0
161.589650	1e0855
161.596925	1e0855
161.603320	1e0855
161.610011	1e0855
161.624588	1e0880
161.631273	1e0880
161.642106	1e0855
161.656304	1e0880
161.662421	1e0880
161.671160	1e0855
161.681621	1e0880
161.691827	1e0d5f
161.704441	1e0855
161.712145	1e0880
161.719184	1e0cd0
161.733924	1e0cb0
161.745228	1e0880
161.756983	1e0855
161.769343	1e0727
161.776021	1e0cd0
161.781767	1e0cd0
161.788296	1e0880
161.797389	1e0855
161.811889	1e0880
161.817658	1e0880
161.828737	1e0880
161.834687	1e0880
161.843518	1e0880
161.856785	1e0880
161.871465	1e0855
161.884792	1e0cd0
161.898340	1e0880
161.909374	1e06ef
161.923384	1e0cd0
161.934102	1e0855
161.946061	1e0855
161.960671	1e0855
161.975105	1e0855
161.989242	1e0880
161.998832	1e0727
162.011270	1e0bf7
162.025310	1e0880
162.039513	1f2616
162.049210	1e0855
162.057606	1e0880
162.066509	1e0855
162.074721	1e0855
162.080421	1e0855
162.092419	1e0880
162.100807	1e0880
162.108112	1e0855
162.119044	1e0880
162.128446	1ce126bd9783
162.134411	1ce126bd967e
162.147837	1e0880
162.157233	1e0bf7
162.169504	1e0855
162.179921	1e0880
162.191095	1e0880
162.201729	1e0cb0
162.214010	1e0727
162.228771	1e0a8e
162.242628	1e0880
162.250018	1e0cd0
162.255464	1e0880
162.267015	1e0880
162.281517	1e0855
162.295589	1e0880
162.307865	1e06ef
162.314439	1e0855
162.326590	1e0880
162.337924	1e0882
162.346478	1e0880
162.353389	1e0bf2
162.359588	1e07db
162.371880	1e0880
162.386261	1e0727
162.401368	1ce126bd966d
162.415145	1e0bf7
162.425586	1e0705
162.436012	1e0727
162.443248	1e0880
162.458142	1e0855
162.463546	1e0880
162.477843	1e0855
162.484654	1e0880
162.493890	1e0855
162.501297	1e0d5f
162.507213	1e0855
162.518048	1e0bf7
162.528599	1e0855
162.537468	1e0cd0
162.544292	1e0880
162.552469	1e0855
162.561428	1e0855
162.573025	1ce126bd887f
162.581700	1ce126bd8806
162.587786	1ce126bd8896
162.594800	1ce126bd887f
162.606234	1ce126bd883b
162.616365	1ce126bd8896
162.628714	1ce126bd8896
162.641946	1ce126bd8883
162.654443	1ce126bd8806
162.663846	1ce126bd8896
162.676036	1ce126bd8806
162.685832	1ce126bd8814
162.698695	1ce126bd8896
162.704879	1ce126bd8806
162.710082	1ce126bd8806
162.724727	1ce126bd8709
162.737058	1ce126bd8896
162.751053	1ce126bd8862
162.764936	1ce126bd870f
162.774864	1ce126bd8862
162.784634	1ce126bd870f
162.791284	1ce126bd870f
162.797425	1ce126bd8806
162.805824	1ce126bd870f
162.820817	1ce126bd8862
162.833897	1ce126bd8806
162.844254	1ce126bd8709
162.859333	1ce126bd8709
162.873967	1ce126bd8709
162.880769	1ce126bd88ae
162.892015	1ce126bd870f
162.904166	1ce126bd8806
162.910330	1ce126bd8709
162.917564	1ce126bd870f
162.930096	1ce126bd883b
162.935445	1ce126bd870f
162.946548	1ce126bd86d8
162.955753	1ce126bd8806
162.966261	1ce126bd870f
162.975766	1ce126bd8806
162.990610	1ce126bd8806
163.004526	1ce126bd8806
163.017825	1ce126bd870f
163.032930	1ce126bd8806
163.039514	1ce126bd86d0
163.046305	1ce126bd870f
163.059713	1ce126bd870f
163.068329	1ce126bd870f
163.075053	1ce126bd870f
163.082767	1ce126bd870f
163.097892	1ce126bd8718
163.112831	1ce126bdb560
163.120315	1e1a06
163.129010	1e1a06
163.134768	1dfb3d
163.148965	1dfb39
163.161225	1e1a06
163.167332	1e379a
163.177613	1e3781
163.183561	1e1a06
163.192534	1e379a
163.200570	1ce126bdb750
163.210745	1dfb39
163.217533	1ed831
163.228865	1dfb63
163.237901	1dff05
163.250220	1e386a
163.256302	1ce126bdb560
163.266166	1ebd4f
163.278604	1dfabe
163.287517	1dfb39
163.293189	1e19f5
163.300262	1dfa8a
163.309432	1ce126bdc167
163.317527	1e9505
163.323711	1dfb39
163.337452	1dfb39
163.348680	1eb57e
163.361242	1e1a06
163.367938	1dff9d
163.382113	1dfb39
163.392401	1eb5d5
163.407422	1dfb39
163.415813	1dfb39
163.423751	1dfb39
163.437256	1ce126bdc067
163.445867	1ce126bdae85
163.461063	1dfb39
163.472635	1dfb63
163.479105	1e1a06
163.484311	1dfb63
163.491135	1dfb39
163.504683	1dfb39
163.510234	1dfb39
163.520705	1ebd54
163.534874	1e4fd5
163.545160	1dfb39
163.553461	1ce126bdb3a1
163.566058	1e1a06
163.580453	1dfb63
163.586478	1dfb39
163.596038	1e379a
163.609103	1dfaad
163.623149	1ce126bdaeec
163.630558	1e15b5
163.640633	1e1a06
163.654930	1dff05
163.661221	1e1a06
163.666946	1dfb39
163.678962	1dff05
163.685784	1e0cb0
163.695409	1e1a06
163.705076	1dfb39
163.718266	1ed831
163.728361	1dfb63
163.739113	1eb860
163.748768	202930
163.761060	1e379a
163.768138	1ebced
163.774756	1dfb13
163.780027	1dfec3
163.794492	1e1a06
163.804827	1e379a
163.814331	1dfb39
163.820253	1e0cc7
163.829240	1e9318
163.837244	1dfb63
163.847275	1dfb63
163.855909	1e1a06
163.866958	1e1a06
163.876289	1dfb63
163.883397	1dfb39
163.895015	1dfee8
163.900834	1ed813
163.906159	1dfb63
163.912668	1e0cb0
163.924191	1dfb39
163.937232	1dfb39
163.945363	1dfb63
163.959160	1e1a06
163.968672	1eb5d5
163.983549	1dfb39
163.994076	1dfb63
164.007820	1ce126bdb560
164.018602	1ce126cd7880
164.033447	1dfb63
164.047118	1e928d
164.055589	1dff05
164.065175	1dfb63
164.074876	1dfb63
164.086413	1e15b5
164.101008	1dfb39
164.112073	1dfb63
164.125320	1dfb63
164.132446	1dfb39
164.139689	1dfb63
164.151196	1e1a06
164.158062	1dfb39
164.172055	1dfde4
164.179154	1dfb39
164.188333	1dfb39
164.201005	1ebd8d
164.215321	1dfb39
164.229007	1dfb39
164.241619	1dfb63
164.247952	1e1a06
164.263085	1e379a
164.271858	1e0cb0
164.277632	1dfb63
164.284311	1e379a
164.297233	1ce126bdc06a
164.309607	1ce126bda994
164.319438	1dfb39
164.328004	1e929d
164.342231	1dff5c
164.355268	1dfb39
164.370295	1dff6a
164.380230	1dfb39
164.390554	1dfb63
164.405362	1eb5d5
164.412035	1e379a
164.419965	1ce126bdae45
164.427911	1e1564
164.436248	1dfb05
164.445363	1ea845
164.450938	1dfa5b
164.464955	1e1a06
164.479328	1dfb39
164.493058	1e0cc7
164.505464	1dfde4
164.518751	1ed868
164.525495	1e1a06
164.530974	1dfb39
164.540913	1ed3cd
164.552979	1ce126bdadcb
164.559210	1dfb39
164.569200	1dfb39
164.580485	1e1a06
164.593099	1dfb39
164.603639	1e1a06
164.614901	1ebd7c
164.628559	1dfb63
164.638345	1dfb63
164.647921	1e1a06
164.662110	1dfb39
164.674214	1eb605
164.684802	1e379a
164.697831	1dff05
164.707579	1dfb39
164.719249	1dfb39
164.734212	1dfb39
164.745890	1dfb39
164.753926	1dfb63
164.767855	1e1a06
164.780003	1e1a06
164.791542	1dfb63
164.805608	1dfde4
164.812755	1e1a06
164.819399	1dfb39
164.833636	1e1a06
164.839409	1e379a
164.846983	1dfb39
164.852252	1dfb39
164.861373	1dfb63
164.873662	1e142d
164.883946	1e1a06
164.894225	1dfb39
164.903333	1dfb39
164.917371	1e1a06
164.924039	1e9277
164.937085	1dfb39
164.949379	1eb87f
164.964131	1dff7c
164.973282	1e1a06
164.981154	1e1a06
164.991660	1e379a
165.003951	1dfb39
165.010858	1e1a06
165.020429	1ebd2a
165.028143	1dfb39
165.035360	1ce126bdaddd
165.047699	1e1a06
165.058374	1dfb39
165.066699	1e92c3
165.073047	1dfe86
165.086736	1e379a
165.100666	1eb61a
165.110081	1dfb63
165.117455	1eb574
165.127264	1dfb39
165.142413	1e15b5
165.155060	1ebd9b
165.160573	1dfb39
165.170207	1ce126bdb042
165.181083	1ce126bdb340
165.193174	1dff05
165.198513	1ce126bdaed2
165.209135	1e1a06
165.224194	1e1a06
165.232870	1e1a06
165.244568	1dfb63
165.255374	1e1564
165.263046	1e3780
165.273860	1dfb39
165.283024	1dfb39
165.290824	1e1a06
165.298153	1dfb39
165.303901	1dfb39
165.316200	1dfb63
165.329801	1dfb39
165.340837	1dfb39
165.351710	1e1a06
165.359462	1dfb39
165.373726	1dfb39
165.380351	1e9244
165.392916	1dfb39
165.404095	1eb860
165.418894	1eb616
165.430176	1e948f
165.438281	1dfb63
165.450545	1ea923
165.460552	1dfb39
165.466166	1ce126bdc238
165.474552	1dfb63
165.479828	1dfb63
165.492317	1dfdd5
165.506130	1dfb63
165.519881	1dfb63
165.525886	1e9716
165.533309	1e1a06
165.547203	1e1a06
165.553223	1e15b5
165.559294	1dfb63
165.570508	1eb6c4
165.576637	1dfb63
165.583752	1e379a
165.594056	1dfb63
165.605739	1ce126bdaeec
165.617726	1e379a
165.626639	1e1484
165.641832	1ebd9b
165.648529	1dfd9b
165.660084	1dfb39
165.672307	1dfb39
165.682389	1ce126bdaddd
165.688767	1dfeac
165.694614	1e93dd
165.706097	1eb605
165.720772	1dfb71
165.726367	1dfb63
165.739829	1dfb39
165.745040	1e1484
165.757961	1dfb63
165.765249	1dfb63
165.776434	1e1a06
165.786524	1eb5a0
165.795616	1dfb63
165.801099	1dfb39
165.815607	1e1a06
165.823819	1eb605
165.830720	1e1a06
165.845347	1e1a06
165.857480	1ebd9b
165.866300	1e1a06
165.872148	1dfb63
165.886326	1ce126bdaf07
165.894145	1dfb39
165.903649	1e379a
165.910643	1e1a06
165.925747	1dfb63
165.931868	1dfcb6
165.944089	1eb5f6
165.951753	1e4fd8
165.964223	1e1a06
165.970208	1dfb63
165.977393	1dfb63
165.992169	1e19bb
166.005128	1ed847
166.018501	1dfb39
166.032904	1dfb63
166.044591	1eb616
166.055716	1dfb39
166.061435	1dfb39
166.071191	1e0cb0
166.081038	1dfb39
166.091717	1dfb39
166.097787	1ebd35
166.105530	1dfb39
166.111490	1e1484
166.122215	1dff05
166.128172	1ea7eb
166.139732	1dfb63
166.150232	1dfb39
166.157234	1dfb39
166.168186	1e1a06
166.182678	1dfb39
166.197167	1ed3d1
166.203267	1dfb39
166.212695	1e1a06
166.226940	1dfde4
166.239744	1dfb63
166.248308	1e1a06
166.262993	1dfb39
166.277012	1dfb39
166.282448	1ce126bdb3a1
166.294602	1e1a06
166.304266	1dfca5
166.317791	1eb5bd
166.331719	1ce126bdc0b7
166.340253	1e15c7
166.345906	1dfb63
166.354715	1ed835
166.365166	1dfb39
166.380208	1e9417
166.389121	1dfb39
166.396992	1dfb63
166.407085	1e0cc7
166.419271	1e1a06
166.430170	1dfb39
166.436122	1e9260
166.447512	1dfb39
166.455484	1dfb63
166.463281	1e379a
166.475930	1e03dd
166.489760	1dfb39
166.496676	1dfb39
166.508825	1dfb39
166.519109	1e1a06
166.524747	1dfb39
166.534347	1ce126bdc1c0
166.541549	1dfb39
166.555132	1e379a
166.564804	1dfb63
166.575404	1dfb63
166.584201	1dfb39
166.597864	1dfb39
166.606565	1dfb63
166.620931	1e379a
166.635646	1e93dd
166.644863	1dfb39
166.654741	1dfb39
166.665033	1dfb39
166.672405	1dfb58
166.682374	1dfb63
166.694614	1e1644
166.701820	1dfb39
166.709702	1eb6be
166.722515	1dfb39
166.735111	1ea77b
166.744405	1dfb39
166.756459	1dfb63
166.762542	1e3871
166.774603	1dfb39
166.788236	1dfb39
166.795851	1e15b5
166.804717	1dfb39
166.813900	1dfb63
166.824598	1e1a06
166.832001	1e379a
166.845394	1e15b5
166.852262	1e1a06
166.862472	1dfb39
166.877394	1e1a06
166.888631	1dfb39
166.899662	1dfb39
166.912973	1dfb63
166.924400	1dfb63
166.933777	1dfb39
166.942968	1dfb63
166.952651	1dfb63
166.967537	1e1a06
166.978456	1e1a06
166.985356	1dfb39
166.999911	1e1a06
167.005129	1ce126bdaea3
167.013574	1e1a06
167.027622	1e379a
167.042386	1dfb39
167.056457	1dfb02
167.065731	1ea549
167.075060	1e1a06
167.083318	1e14b7
167.094882	1e3794
167.107951	1ce126bdaad6
167.114135	1dfb39
167.128740	1e1a06
167.136341	1e9d4f
167.147731	1dfb39
167.160908	1dfb39
167.169177	1e1a06
167.180595	1e9d56
167.188251	1dfb39
167.201298	1eb605
167.210101	1e0cb0
167.225062	1dfb71
167.234879	1dfb63
167.245085	1dfb39
167.253885	1dfb63
167.259978	1dfb39
167.265813	1e379a
167.276204	1e1a06
167.290967	1ea975
167.301810	1e0cd0
167.311526	1e0cd0
167.326229	1e0855
167.336092	1e0880
167.345609	1e0880
167.351141	1e0880
167.364243	1ce126bd870f
167.373276	1e0855
167.386128	1e0880
167.398049	1e0880
167.407344	1e0880
167.420506	1e0880
167.427016	1e0880
167.436201	1e0855
167.445016	1e0880
167.452522	1e0855
167.462032	1e0855
167.475631	1e0855
167.490366	1e0855
167.498093	1e0855
167.507492	1e0880
167.513784	1e0880
167.525183	1e0cd0
167.534154	1e0880
167.543895	1e0880
167.550522	1e081f
167.559258	1e0880
167.570298	1e0880
167.575644	1e0880
167.585287	1e0880
167.598690	1e0cd0
167.609859	1e0855
167.616884	1e0855
167.628792	1e0880
167.639003	1e0880
167.652448	1e0727
167.657742	1e0880
167.668853	1e0880
167.675943	1e0855
167.688521	1e0880
167.699659	1ce126bdc3c2
167.712142	1e0855
167.719858	1e0727
167.731000	1e0855
167.745194	1e0855
167.751378	1e0727
167.761180	1e0880
167.768694	1e0855
167.774341	1e0aa4
167.783040	1e0855
167.791742	1e0727
167.802141	1e0880
167.808912	1e0cd0
167.820039	1e0880
167.832521	1e0880
167.844157	1e0880
167.852856	1e0855
167.864922	1e0c17
167.870722	1e0880
167.877728	1e0855
167.890262	1e0880
167.901440	1e0855
167.910376	1e0855
167.922093	1e0855
167.930943	1e0880
167.943422	1e0cb9
167.955831	1e0a8e
167.965966	1e0880
167.980565	1e0cb9
167.990976	1e075d
168.005608	1e0880
168.020822	1e0880
168.026935	1e0727
168.037006	1e0880
168.043148	1ce126bd9754
168.051271	1e0877
168.056845	1e0880
168.071150	1e0880
168.079418	1e0855
168.085451	1e0880
168.097904	1ce126bd968c
168.112140	1ce126bd96ff
168.122413	1e0727
168.137343	1e0c1e
168.147729	1e0855
168.158280	1e0880
168.165951	1e082d
168.181122	1e0880
168.192217	1e0855
168.203180	1e0855
168.212916	1e0855
168.218240	1e0b5f
168.225857	1e0855
168.234120	1e0880
168.249273	1e0880
168.258722	1e0855
168.265300	1e0880
168.273817	1e0880
168.285015	1e087b
168.295151	1e0880
168.308192	1e0855
168.319196	1e0855
168.327400	1e0880
168.340055	1e0880
168.345901	1e0855
168.355180	1e0855
168.362654	1e0880
168.375254	1ce126bd97c6
168.389612	1e0880
168.397077	1e0855
168.404088	1e0bf7
168.411815	1e0705
168.420083	1e0855
168.427393	1e0855
168.438898	1e0cb9
168.450527	1e0880
168.463335	1e0bf7
168.474367	1e0855
168.488421	1e085d
168.497299	1e0cd0
168.506366	1e0880
168.515067	1e0880
168.526702	1e0880
168.535499	1e0880
168.547358	1e0880
168.559954	1e0855
168.570990	1e0855
168.577422	1e0cc3
168.586567	1e0855
168.600361	1e0855
168.608835	1e0880
168.616849	1e0880
168.628089	1e0855
168.641197	1e0855
168.654271	1e0880
168.664190	1e0855
168.677977	1ce126bd9754
168.690475	1e0855
168.702936	1e0880
168.716473	1e0855
168.727716	1e0880
168.735939	1e0855
168.747008	1e0855
168.757340	1e0880
168.771664	1e0880
168.783376	1e0882
168.796448	1e0bf7
168.811059	1e0880
168.818819	1e0855
168.829666	1e0855
168.834999	1e0855
168.844668	1e0880
168.858305	1ce126bd968f
168.871611	1e0880
168.879857	1e0855
168.888976	1e0855
168.895523	1e0855
168.907828	1e0855
168.917050	1e085d
168.931738	1e0880
168.938090	1e0bf7
168.944639	1e0880
168.951264	1e0855
168.963683	1e0880
168.970951	1e0cb9
168.982395	1e0880
168.988967	1e0bf7
169.001371	1e0880
169.010736	1e0880
169.016187	1e0880
169.026069	1e0855
169.031740	1e0880
169.041497	1e0880
169.046639	1e0727
169.053202	1e0880
169.059283	1e0880
169.066983	1e0880
169.074910	1e0855
169.088213	1e0880
169.099211	1e0880
169.107326	1e0880
169.114355	1e0727
169.129066	1e0880
169.143953	1ce126bd9754
169.152283	1e0880
169.157663	1ce126bdc3db
169.167396	1e0cd0
169.178839	1e0880
169.186088	1e0880
169.192926	1e0880
169.204759	1e0727
169.219546	1e0829
169.229984	1e0855
169.243448	1e0880
169.255039	1e0855
169.261589	1e0cb0
169.268719	1e0880
169.279296	1e0880
169.293219	1e0855
169.301461	1e0855
169.308003	1e0cb9
169.316353	1e0880
169.328698	1ce126bdc3c2
169.337999	1e0855
169.344748	1e0880
169.359335	1e0855
169.370528	1e0855
169.380453	1e0855
169.387010	1e0bf7
169.395357	1e0855
169.401766	1e0855
169.409863	1e0cb0
169.424753	1e0727
169.438506	1e0855
169.451014	1e0880
169.456858	1e0880
169.463638	1e0cb0
169.469976	1e0727
169.477154	1e0bf7
169.487347	1e0880
169.500931	1e0727
169.511340	1e0880
169.524708	1e0855
169.530538	1e0855
169.545351	1e0855
169.555676	1e0880
169.569944	1ce126bdc416
169.575974	1e0880
169.590740	1e0bf7
169.597959	1e0727
169.605632	1e0880
169.616319	1e0880
169.626144	1e0ce8
169.633439	1e0880
169.638969	1ce126bd971d
169.650132	1e0880
169.663076	1e0705
169.670062	1e0880
169.684073	1e0880
169.696772	1e0855
169.705277	1e0855
169.714685	1e0880
169.727919	1e0cd0
169.738062	1e0880
169.750037	1e0855
169.765143	1e0d39
169.771785	1e0880
169.784534	1e0855
169.793654	1e0855
169.805502	1ce126bd976a
169.819164	1e0cb9
169.833437	1e0880
169.845583	1e0880
169.852660	1e0727
169.860880	1e0880
169.868613	1e0880
169.874840	1e0880
169.883392	1e0855
169.894989	1e0880
169.906918	1e0880
169.912244	1e0727
169.922940	1e0855
169.932792	1e0880
169.947418	1e0cb0
169.955105	1e0855
169.965327	1e0727
169.975798	1ce126bd8806
169.984928	1ce126bd8806
169.995753	1ce126bd8806
170.003909	1ce126bd8806
170.009935	1ce126bd8806
170.022461	1ce126bd889c
170.032809	1ce126bd8806
170.046459	1ce126bd8806
170.055626	1ce126bd888f
170.065163	1ce126bd8896
170.072005	1ce126bd8896
170.078279	1ce126bd8862
170.083507	1ce126bd8709
170.089619	1ce126bd86ff
170.095601	1ce126bd870f
170.105821	1ce126bd8896
170.120121	1ce126bd88a5
170.134376	1ce126bd8862
170.142781	1ce126bd86ee
170.157346	1ce126bd8825
170.170197	1ce126bd870f
170.184926	1ce126bd870f
170.196618	1ce126bd8806
170.205012	1ce126bd8806
170.214678	1ce126bd870f
170.228259	1ce126bd870f
170.242369	1ce126bd8855
170.256319	1ce126bd8896
170.268019	1ce126bd870f
170.276656	1ce126bd870f
170.284903	1ce126bd86e9
170.290153	1ce126bd870f
170.298370	1ce126bd870f
170.310350	1eb735
170.319983	1e1a06
170.334608	1dfb39
170.343693	1dfb39
170.357881	1eb6a6
170.368029	1dfb39
170.373672	1dfb39
170.388365	1dfb39
170.397324	1ce126bdad46
170.402852	1e1a06
170.410975	1dfde4
170.420867	1dfb39
170.429036	1ed28c
170.436817	1eb662
170.444180	1dfb39
170.452063	1e379a
170.466375	1ce126cd7880
170.478157	1e1426
170.485871	1e379a
170.496275	1dfed4
170.504395	1e9417
170.513756	1dfb39
170.520232	1e1a06
170.532735	1dfb39
170.542726	1dfb39
170.551006	1e9e54
170.557001	1dfb63
170.570971	1e378a
170.581614	1ce126bda986
170.592591	1ce126bdadcb
170.606616	1e1a06
170.614151	1e1a06
170.619351	1ce126bdb560
170.633307	1dff05
170.643936	1dfb39
170.655895	1dfb63
170.666502	1dfcdb
170.674323	1e950d
170.688051	1ce126bdb560
170.702348	1dfb39
170.715302	1dfb34
170.723941	1e379a
170.738398	1dfb63
170.751920	1dfb41
170.759531	1e9d34
170.770695	1dff05
170.785091	1dfb63
170.800000	1ce126bdb394
170.806604	1dff05
170.812481	1dfb39
170.827294	1dfb39
170.833568	1dfe47
170.839905	1e379a
170.845188	1e37ef
170.852147	1e1a06
170.858525	1e1a06
170.865861	1e9302
170.872882	1dff05
170.884077	1dfb39
170.897004	1dfb39
170.910230	1e15b5
170.924776	1dfb39
170.939295	1e379a
170.945830	1e3794
170.953825	1e1a06
170.967637	1e37fa
170.982193	1e501d
170.995771	1e1930
171.004895	1e1a06
171.015307	1e379a
171.028094	1e93dd
171.035467	1dfb39
171.042883	1dfb63
171.052142	1eb760
171.058764	1e379a
171.064901	1ce126bdc0a1
171.072500	1ea9b1
171.082211	1e37fa
171.088548	1dfb39
171.098135	1dfb39
171.109275	1dfb39
171.115646	1e1a06
171.125530	1ea549
171.135503	1dfb39
171.142484	1e379a
171.148761	1e379a
171.155478	1dfb39
171.166633	1dfb39
171.181037	1eb51a
171.187021	1e1a06
171.193426	1dfde4
171.201442	1dff05
171.214948	1dfb63
171.222580	1e1a06
171.232371	1dfb39
171.246719	1dfde4
171.257696	1dfb63
171.269254	1e379a
171.274555	1dfb39
171.288785	1ce126bdaf07
171.300936	1e378a
171.313450	1dfb63
171.327872	1ea9d6
171.334274	1e1a06
171.342569	1e93dd
171.357031	1e379a
171.362950	1e19d3
171.375450	1dfb39
171.388419	1eb84a
171.398330	1dfd87
171.411884	1eb5e5
171.424364	1e379a
171.439006	1e1a06
171.451147	1e15b5
171.457211	1dfb39
171.469757	1e379a
171.481656	1ea9c8
171.493267	1dfb39
171.507265	1dfb39
171.514086	1e0cb0
171.520434	1e379a
171.533615	1dfb39
171.539608	1e1a06
171.553937	1dfb39
171.566972	1dfb63
171.579837	1eb860
171.587780	1e3786
171.599331	1e9318
171.610853	1e1a06
171.624331	1ed2ee
171.636566	1dfb63
171.645793	1e194e
171.660896	1eb5d5
171.675955	1dfb39
171.681347	1e1a06
171.692180	1e1a06
171.703316	1e379a
171.709805	1dfb39
171.716032	1eaa24
171.727322	1eb5ff
171.733854	1e0cb0
171.748999	1e1a06
171.759144	1dfb39
171.771446	1eb516
171.782761	1dfb39
171.797310	1eb51f
171.812526	1ce126bdaeac
171.827144	1e1a06
171.841465	1dff05
171.851683	1e1a06
171.861227	1dfb39
171.866450	1e948f
171.879169	1dfb39
171.892621	1e0880
171.907792	1e0880
171.915030	1e0855
171.923066	1e0855
171.928673	1e0855
171.941000	1e0cd0
171.955936	1ce126bdc3db
171.964321	1e0727
171.975557	1e0880
171.987626	1ce126bdc3c2
171.995722	1e0855
172.004348	1f2621
172.016839	1e0cb9
172.030560	1e0cd0
172.039834	1e0880
172.051407	1e0880
172.065256	1e0880
172.078287	1e0880
172.085426	1e0855
172.098979	1e0880
172.113768	1e0855
172.126609	1e0880
172.134630	1e0880
172.148763	1e0880
172.163743	1e0880
172.178680	1e0880
172.186540	1e0855
172.194536	1e0880
172.206670	1e0880
172.216956	1e0855
172.230406	1e0880
172.238320	1e0880
172.250514	1e0880
172.258015	1e0880
172.267771	1e0880
172.276634	1e0880
172.286484	1e0880
172.298941	1e0880
172.312325	1e0882
172.324588	1e0cb0
172.334239	1e0bf7
172.339680	1e0855
172.350476	1e0880
172.362929	1e0727
172.376043	1e0705
172.385877	1e0882
172.397560	1e0880
172.411037	1e0cb0
172.421651	1e0cb0
172.429741	1e0880
172.439164	1e0880
172.452558	1e0880
172.464464	1e0880
172.474211	1e0880
172.487655	1e0855
172.498795	1e0cd0
172.506872	1e0cb9
172.512128	1e0cb0
172.522537	1e0855
172.530251	1e0d5f
172.544776	1e0cb0
172.553084	1e0880
172.562558	1e0855
172.572229	1e0880
172.585035	1e0880
172.593875	1e0855
172.605364	1e0880
172.612642	1e0880
172.618980	1e0880
172.625307	1e0cb0
172.638841	1e0880
172.648529	1e0880
172.661088	1e0880
172.667776	1e0855
172.673465	1e085d
172.684693	1e0880
172.694614	1e0880
172.702818	1e0cd0
172.712087	1e0cc7
172.727266	1e0880
172.733995	1e0880
172.749188	1e0855
172.756584	1e0880
172.767035	1e0855
172.775839	1e0855
172.786974	1e0bf7
172.794770	1e0855
172.805073	1e0880
172.812633	1e0855
172.822574	1e0880
172.832373	1e0cb9
172.844360	1e0bf7
172.856138	1e0aa4
172.861847	1e0880
172.874423	1e0880
172.884412	1e0cb0
172.893880	1e0855
172.907045	1e0880
172.920410	1e0855
172.933200	1e0880
172.946648	1e0880
172.956699	1e0727
172.971256	1ce126bd969e
172.986405	1e0855
172.997902	1ce126bd967e
173.004264	1e0880
173.014408	1e0a8e
173.020127	1e0882
173.032830	1e0855
173.045338	1ce126bd888f
173.052307	1ce126bd884a
173.067251	1ce126bd887f
173.081093	1ce126bd883b
173.094636	1ce126bd8825
173.107427	1ce126bd870f
173.117717	1ce126bd8862
173.127787	1ce126bd870f
173.138491	1ce126bd870f
173.145556	1ce126bd870f
173.156238	1ce126bd870f
173.162529	1ce126bd870f
173.170835	1ce126bd870f
173.178747	1ce126bd8855
173.191605	1ce126bdaf07
173.206392	1dfb39
173.216934	1e15b5
173.223300	1e379a
173.235161	1ea522
173.241118	1e1a06
173.247897	1e1a06
173.261921	1dfde4
173.270793	1dfb39
173.279716	1dfb63
173.285073	1ea6ca
173.298554	1ce126bdb560
173.311211	1e379a
173.325141	1e1a06
173.334924	1ebd4f
173.349914	1e1a06
173.363600	1ec654
173.378527	1dfa60
173.388340	1e379a
173.395035	1dfb39
173.401304	1dfb39
173.416331	1dfb39
173.431127	1e1a06
173.436834	1e379a
173.449857	1e9318
173.458875	1e379a
173.468491	1ce126bdb560
173.479134	1dfb39
173.493824	1dfb39
173.507582	1dfb39
173.518693	1e91cc
173.528020	1dfb63
173.534643	1dfb39
173.539818	1e1a06
173.550889	1e163d
173.562843	1dfd9b
173.573550	1dfb39
173.578936	1ce126bdb754
173.585169	1dfb39
173.598851	1dfb39
173.606456	1e386c
173.612120	1eb5d5
173.621160	1dfb39
173.630847	1e9d82
173.641823	1e953b
173.648157	1ce126bdb754
173.663076	1dfb39
173.670745	1e93dd
173.681195	1e19ec
173.690125	1dfb39
173.700529	1dff05
173.714238	1e379a
173.721437	1dfb39
173.728833	1dfb39
173.738854	1dff05
173.745603	1dfb39
173.752225	1dfb39
173.761065	1dfb63
173.776064	1eb735
173.791155	1ebdaf
173.802372	1dfb39
173.809200	1dfb39
173.822819	1dfb39
173.833612	1dfb63
173.846661	1dff05
173.855706	1dfb39
173.870280	1e379a
173.880212	1dfb39
173.890967	1e1956
173.903483	1e379a
173.918385	1dfb63
173.927525	1e19cf
173.936933	1eb7cc
173.949677	1dfb39
173.955209	1e1a06
173.962948	1dfb39
173.975619	1dfb39
173.983524	1dfb39
173.992079	1dfb63
174.006930	1dfb39
174.016317	1eb82a
174.024782	1e3781
174.034381	1e1a06
174.043842	1dfb39
174.051276	1e91d6
174.059941	1e1484
174.073007	1e379a
174.083357	1e379a
174.097332	1e1a06
174.108228	1dfd9b
174.122334	1e1887
174.132556	1dfb39
174.140964	1e379a
174.152037	1e15b5
174.165354	1dfb39
174.177015	1dfb39
174.187666	1dfadd
174.193702	1dfb39
174.207339	1dfb39
174.216242	1e9277
174.230799	1e379a
174.243155	1e3781
174.253763	1dfdac
174.268679	1e1a06
174.281896	1dfb39
174.294818	1dfaad
174.300131	1e1a06
174.313972	1dfb39
174.324153	1dfb39
174.337992	1ce126bdae91
174.353050	1dfb71
174.363308	1dfb39
174.375433	1ebd54
174.383357	1ce126bdb560
174.396250	1dfb39
174.410915	1dfb39
174.424487	1e1a06
174.432094	1e1a06
174.438738	1dfb39
174.445502	1ce126bd86e9
174.456133	1dfb63
174.461973	1eb5d5
174.476661	1e1956
174.484440	1e9318
174.498614	1dfb39
174.509330	1e1599
174.524124	1e1a06
174.535012	1ebd43
174.547588	1ea7f3
174.555466	1dfb63
174.564405	1dfb39
174.569861	1dfb39
174.584677	1e379a
174.593235	1e379a
174.599553	1e1a06
174.611761	1dfde4
174.624297	1dfb39
174.634992	1e379a
174.645547	1dfae0
174.653912	1dfb39
174.662324	1e1a06
174.675149	1e18ec
174.681963	1ce126bdc06f
174.688374	1eb5e9
174.700469	1e1a06
174.708772	1eb5d5
174.719869	1e501d
174.730763	1e1a06
174.738808	1e379a
174.744210	1ce126bdb386
174.757540	1dfb39
174.770951	1eb6be
174.785614	1dfb39
174.792805	1dfb63
174.798136	1e1a06
174.810361	1e1a06
174.820475	1e379a
174.834951	1e1a06
174.847194	1dfb63
174.861511	1dfd9b
174.870839	1e1a06
174.879652	1eaa12
174.893956	1e9db2
174.906419	1e15b5
174.919601	1dfb63
174.928402	1e1a06
174.939127	1dfb63
174.950337	1dfb39
174.957520	1ce126bdb3b0
174.970845	1e1a06
174.978762	1dfb63
174.991637	1e1a06
175.003512	1ea6fd
175.017318	1e93dd
175.024933	1eb5d5
175.032602	1dfb41
175.044457	1ce126bdc060
175.055754	1e1a06
175.062858	1dfca5
175.072058	1dfb39
175.084401	1dfb39
175.094114	1e929d
175.108298	1dfb39
175.119904	1dfb39
175.128593	1ce126bdc1c5
175.136800	1e9ee0
175.143256	1dfb39
175.158259	1eb6df
175.173434	1dfb39
175.182574	1dfb63
175.194307	1e37ef
175.208594	1e9dc0
175.219663	1dfb39
175.227514	1dfb39
175.241672	1ce126bdb04a
175.253009	1e1930
175.261649	1eb5dd
175.272909	1dfb39
175.287163	1e1644
175.297699	1dfb71
175.309805	1e1a06
175.322113	1dfb39
175.327879	1e1484
175.341930	1e15b5
175.353080	1dfb39
175.360260	1dfb63
175.369844	1e379a
175.380088	1ce126bdc066
175.393584	1dfb39
175.403356	1ce126bdae6e
175.417866	1e0cc7
175.429799	1e1a06
175.437655	1dfb63
175.445031	1dfb63
175.455510	1dfb63
175.460840	1dfb09
175.469677	1eb5ff
175.482659	1dfb39
175.491452	1dfb39
175.504550	1dfb63
175.515777	1dfb39
175.524717	1e96b2
175.535198	1dfb39
175.549260	1dfb39
175.557147	1e15fd
175.566483	1e379a
175.573657	1e9318
175.584487	1dfe86
175.598223	1e1a06
175.604220	1dfe23
175.612581	1dfca9
175.620063	1dfb39
175.628612	1dfb63
175.639483	1eb652
175.652805	1dfb39
175.660078	1dfb39
175.674296	1dfb71
175.684522	1dfdd5
175.696738	1e1a06
175.705122	1e1a06
175.712967	1dfb39
175.723070	1dfb39
175.737428	1e379a
175.743074	1e37c3
175.756826	1dfb39
175.762376	1eb713
175.769237	202995
175.784397	1e1a06
175.799428	1dfb63
175.810293	1eb5f6
175.819207	1e4fed
175.826985	1dfb39
175.834790	1dfb39
175.840528	1e0880
175.851326	1e0880
175.861392	1e0855
175.870360	1e0d5f
175.877733	1e0880
175.885238	1e0880
175.890545	1e0855
175.897918	1e0855
175.904563	1e0855
175.918363	1ce126bd967e
175.926453	1e0880
175.932122	1e0d5f
175.939488	1e0b50
175.949349	1e0855
175.963654	1e0855
175.975181	1e0880
175.981597	1e0855
175.993683	1e0cd0
176.007546	1e0cd0
176.015245	1e0705
176.029177	1e0880
176.041482	1e0bf7
176.047685	1e0880
176.058967	1e0882
176.073972	1e0880
176.083641	1e0855
176.098770	1e0bf7
176.104684	1e0855
176.113802	1e0b10
176.126165	1e0880
176.135950	1e0855
176.147691	1e0880
176.157597	1e0882
176.162852	1e0880
176.169452	1e0880
176.182320	1e0880
176.194269	1e0855
176.202873	1e0855
176.215648	1e0880
176.222224	1e0880
176.236449	1e0880
176.243578	1e0855
176.257210	1e0880
176.267392	1e0727
176.277165	1e0855
176.288288	1e0880
176.296420	1e0855
176.310376	1e0855
176.316449	1e0880
176.324240	1e0880
176.339423	1ce126bd96c2
176.349990	1e0855
176.362735	1e0880
176.370441	1ce126bdc3a4
176.381781	1e0880
176.392815	1e0880
176.398126	1e0880
176.412287	1e0cbe
176.421871	1e0880
176.434763	1e0880
176.446751	1e0855
176.459973	1e0880
176.473249	1e0cd0
176.488278	1e0855
176.501350	1ce126bd978e
176.515769	1e0855
176.529464	1e0855
176.537224	1e0880
176.546254	1e0727
176.556012	1e0855
176.571143	1e0880
176.585205	1e0855
176.598263	1ce126bdc3c5
176.604985	1e0855
176.613250	1e0855
176.622390	1e0855
176.636533	1e0855
176.642890	1e0855
176.657235	1e0718
176.670189	1e0855
176.677364	1e0880
176.690721	1ce126bd9757
176.701359	1e0b5f
176.710267	1e0727
176.718535	1e0b64
176.730252	1e0855
176.737278	1e0855
176.749069	1e0880
176.756430	1e0880
176.763740	1e0cb0
176.778355	1e0880
176.793113	1e0880
176.799979	1e0727
176.807451	1e0880
176.813441	1e0855
176.822164	1e0880
176.829886	1e0855
176.844793	1e0855
176.851743	1e0855
176.862327	1e0855
176.871774	1e0855
176.882292	1e0880
176.889152	1e0880
176.903953	1e0bf7
176.918621	1e0855
176.931214	1e0855
176.940730	1e0880
176.954615	1e0855
176.968838	1e0880
176.974950	1e0880
176.988650	1e0d5f
176.996537	1e0880
177.006449	1e0855
177.014305	1ce126bd9660
177.026528	1e0880
177.037165	1e0882
177.049530	1e0d5f
177.059312	1e0855
177.073589	1f260e
177.081148	1e0727
177.094558	1e0727
177.104184	1e0822
177.119326	1e0880
177.125477	1e0cd0
177.132056	1e0880
177.143802	1e0727
177.153889	1e0880
177.168821	1e0727
177.176964	1e0855
177.186973	1e0727
177.201498	1e0855
177.213312	1e0727
177.223761	1e0855
177.236780	1e0880
177.246378	1e0880
177.257992	1e0880
177.266839	1e0727
177.279445	1e0a8e
177.284649	1e0cb9
177.297413	1e0855
177.302676	1e0880
177.312032	1e0880
177.326694	1e0d41
177.335245	1e0880
177.342353	1e0bf7
177.353856	1e0880
177.362111	1e0880
177.369393	1e0880
177.377673	1e0855
177.392884	1e0855
177.403008	1e0855
177.417907	1e0880
177.430928	1e0880
177.442931	1e06ef
177.456299	1e0880
177.461760	1e0855
177.471975	1e0d5f
177.482379	1e0bf7
177.492262	1e0727
177.502161	1e0855
177.511787	1e0880
177.522974	1ce126bd9718
177.533525	1e0cb9
177.545912	1e0880
177.551952	1e0880
177.557803	1e0880
177.563519	1e0880
177.571343	1e0855
177.576861	1e0880
177.586211	1e0880
177.600189	1e0880
177.609190	1e0855
177.623650	1e0880
177.630505	1e0cd0
177.637932	1e0880
177.646397	1e0cad
177.658640	1e0855
177.665170	1e0880
177.670606	1e0855
177.678121	1e0880
177.686083	1ce126bd880c
177.697219	1ce126bd8806
177.704940	1ce126bd8896
177.710586	1ce126bd870f
177.722225	1ce126bd8896
177.737035	1ce126bd8806
177.745607	1ce126bd8806
177.752707	1ce126bd8806
177.765335	1ce126bd86ff
177.779184	1ce126bd870f
177.785156	1ce126bd875f
177.790857	1ce126bd8862
177.798492	1ce126bd875f
177.812423	1ce126bd8806
177.819268	1ce126bd8709
177.825656	1ce126bd8806
177.836644	1ce126bd870f
177.848600	1ce126bd8806
177.856638	1ce126bd86ee
177.863890	1ce126bd8806
177.877328	1ce126bd8806
177.886510	1ce126bd88ab
177.898786	1ce126bd870f
177.913812	1ce126bd870f
177.923055	1dfb39
177.933042	1ce126bda9d1
177.943773	1e1a06
177.957157	1dfb39
177.968610	1dfb63
177.975794	1dfb39
177.985428	1dfb63
177.991518	1e1a06
178.000143	1ce126cd7880
178.011835	1dfb63
178.019608	1dfb39
178.029494	1e1a06
178.041855	1dfb39
178.055748	1dfb39
178.066753	1dff38
178.077709	1e1a06
178.083307	1eb58e
178.090219	1dfe66
178.102192	1dfb39
178.108704	1e5039
178.120570	1e379a
178.127135	1dfb39
178.141235	1dfb39
178.149971	1dfb39
178.156839	1dfb63
178.162288	1dfa4e
178.173155	1ce126bdaddd
178.184589	1e1a06
178.191136	1e9d63
178.205192	1ce126bdb560
178.212189	1e379a
178.227265	1e1a06
178.239319	1e379a
178.250400	1e9505
178.261399	1dfb63
178.266854	1dfaad
178.274461	1dfb39
178.286501	1dfb39
178.298957	1ce126bdb560
178.309882	1dfb63
178.316791	1dff05
178.322565	1e1a06
178.331894	1e37a1
178.338361	1dfb63
178.344215	1eb781
178.353260	1eb5e5
178.365814	1e1a06
178.372729	1eb860
178.384345	1dfb39
178.396485	1dfb39
178.411450	1e1a06
178.423359	1e1a06
178.437266	1dfb39
178.445671	1dfb63
178.454641	1dfb39
178.465345	1e19aa
178.476358	1ce126bdb560
178.483246	1dfb39
178.490612	1dfb39
178.501381	1dfe97
178.516100	1dfb39
178.522455	1dfb39
178.536082	1e379a
178.550432	1e379a
178.562732	1dfb39
178.568726	1dfb39
178.583317	1dfb39
178.596599	1dfb41
178.606784	1e379a
178.616815	1eb5dd
178.631987	1e379a
178.637340	1e379a
178.649263	1dfdd5
178.659919	1e18c0
178.667396	1ed3cd
178.681080	1dfb39
178.686555	1ce126bdb560
178.693832	1e1a06
178.705921	1e9e2a
178.714963	1ce126bdb560
178.725399	1dff05
178.733249	1dfb39
178.741532	1eb84a
178.755402	1dfe51
178.765078	1e0cb0
178.779761	1dfb39
178.785639	1dfb39
178.794928	1e379a
178.807947	1e1a06
178.818964	1e379a
178.832774	1e1a06
178.843718	1e1949
178.854597	1e1a06
178.869360	1dfb39
178.883729	1e1484
178.895435	1dfb63
178.901363	1e1484
178.908404	1e1a06
178.923265	1e15b5
178.930788	1dfb39
178.942479	1e9302
178.957176	1dff05
178.968030	1e9f21
178.979440	1e0085
178.987550	1e4fc5
178.998511	1eb846
179.004355	1dfb39
179.010818	1dfb39
179.025798	1dfb39
179.034634	1e94ab
179.040943	1dfb63
179.052239	1dfb39
179.061805	1dfb63
179.072044	1eb595
179.084768	1dfb39
179.090008	1dff9d
179.105010	1e193e
179.112740	1e378a
179.121419	1e1a06
179.131469	1dfb63
179.143721	1dff05
179.154414	1dfd9b
179.160521	1e1a06
179.167992	1e1a06
179.174984	1ce126bdb560
179.189794	1dfb39
179.198884	1dfb39
179.212052	1dff05
179.220773	1dfb39
179.228664	1e9365
179.239652	1dff05
179.245175	1dfb39
179.252142	1dfb39
179.258362	1dfb39
179.267309	1e1a06
179.273049	1dfb63
179.287430	1dfb25
179.301834	1dfb63
179.309411	1e1a06
179.323155	1dfb39
179.338152	1dfb39
179.351088	1dfb39
179.359526	1e1a06
179.368849	1dfee5
179.381724	1dfb63
179.394135	1dfb39
179.404626	1e0ce8
179.415311	1ce126bdb560
179.425644	1e379a
179.431276	1e1a06
179.444304	1dfb63
179.454991	1e379a
179.466294	1dfb63
179.480012	1e379a
179.489388	1dfb39
179.503698	1dfb39
179.514043	1dfb71
179.526056	1dff38
179.532817	1dfca5
179.543074	1ebd68
179.549831	1ce126bdb560
179.556554	1e379a
179.564309	1e0cb0
179.576009	1eb6be
179.589164	1dfb39
179.594420	1e1a06
179.607855	1dfb02
179.615128	1dfb39
179.620617	1dfb71
179.631521	1dfb63
179.646001	1dfb39
179.660246	1e1a06
179.675051	1eb5d5
179.689009	1e03f2
179.701025	1e1a06
179.711202	1dfb63
179.721551	1dfb63
179.728998	1dfb39
179.735770	1dfb39
179.745358	1ed3cd
179.755959	1dfb63
179.770277	1dfb39
179.779316	1e0cb0
179.788808	1dfb63
179.795978	1dfb63
179.802404	1dfb63
179.812909	1dfb39
179.818806	1e1a06
179.828936	1dfde4
179.835477	1ce126bdad30
179.848633	1ce126bdb3b0
179.860900	1e1a06
179.873365	1dfb39
179.883629	1dfcb6
179.889396	1e1484
179.904358	1dfb63
179.916498	1dfb39
179.929874	1dfb39
179.942737	1dfb39
179.949239	1dfb39
179.958232	1dfadd
179.966404	1ce126bda97f
179.975450	1dfb39
179.985050	1eb5d5
179.996107	1dfa41
180.006036	1dfe75
180.013298	1dfb39
180.026338	1dfb63
180.039947	1dfb71
180.053411	1eb860
180.058733	1dfb39
180.070616	1dfb39
180.076517	1dfb39
180.088100	1dfb39
180.100295	1dfb39
180.111756	1dfb39
180.120403	1dfb39
180.128459	1e379a
180.134125	1dfb39
180.147563	1dfb39
180.160743	1e1a06
180.172031	1dfb63
180.184762	1dfb39
180.192073	1ce126bdc089
180.201895	1dfb41
180.215318	1dfb39
180.225273	1e1a06
180.239719	1e9302
180.248111	1dfb39
180.256016	1ebd5d
180.268216	1ce126bdb560
180.279469	1dfb39
180.288815	1e1a06
180.297544	1eb6be
180.308903	1dfb39
180.323098	1dfb63
180.334549	1dfb39
180.344619	1e1a06
180.353814	1dfb63
180.367587	1dfb63
180.373355	1dfb39
180.388347	1dfb41
180.398619	1dfb39
180.413285	1dfb63
180.419201	1e1a06
180.431113	1dfb39
180.436879	1e379a
180.446194	1e1a06
180.458852	1ce126bdae91
180.470771	1e1a06
180.485264	1ed3cd
180.498159	1dfb63
180.512414	1ebd68
180.522734	1e1a06
180.527919	1e379a
180.538468	1dfb39
180.552337	1e1a06
180.564660	1dfb39
180.570071	1ce126bdb560
180.578100	1ebcd5
180.589483	1eb5d5
180.598209	1dfb39
180.604870	1dfb63
180.617495	1dfb41
180.623900	1dfb39
180.630004	1dfb39
180.639770	1e1a06
180.651689	1dfb63
180.665894	1e1a06
180.675054	1dfb63
180.682069	1dfb39
180.687797	1eb5bd
180.693173	1e1a06
180.705224	1e1a06
180.712877	1e15b5
180.722565	1dfb39
180.737542	1ce126bdadfa
180.747723	1e379a
180.759353	1ed3b2
180.773574	1dfb63
180.785473	1e379a
180.793415	1e1a06
180.806557	1dfb39
180.818118	1e1a06
180.828086	1e1484
180.843056	1eb797
180.850406	1e379a
180.862092	1dff0b
180.868818	1dfb63
180.881758	1dfb39
180.888163	1e1a06
180.903546	1e1a06
180.916433	1dfb63
180.927384	1eb750
180.941677	1e1a06
180.948441	1dfb39
180.958803	1e1a06
180.970632	1e1a06
180.976102	1dfde4
180.990132	1dfb39
180.997361	1e1a06
181.004017	1e379a
181.013555	1e1a06
181.023848	1dfae0
181.030680	1e9417
181.043706	1dfb63
181.049268	1dfb63
181.056009	1dfb63
181.064217	1dfca5
181.071759	1e1a06
181.081086	1eb605
181.092234	1eb511
181.104738	1e15b5
181.116089	1dfb39
181.124812	1dfb63
181.132238	1dfb63
181.138385	1e15b1
181.151322	1ce126bdb36e
181.157294	1dfb39
181.164143	1e1a06
181.171558	1ce126bdb376
181.178722	1e9302
181.192129	1dfb39
181.200352	1e1a06
181.208658	1e15b5
181.216860	1dfb63
181.223247	1ea698
181.237618	1dfb39
181.246717	1dfb63
181.253880	1dfe86
181.261716	1dfb63
181.268202	1e948f
181.273716	1e37a1
181.283423	1dfee5
181.293072	1e37e4
181.299415	1dfb39
181.309641	1dfb63
181.324259	1dfb4b
181.329853	1dfb39
181.337255	1dfa5b
181.343386	1e0ce8
181.357355	1e03dd
181.363305	1dff05
181.378419	1dff05
181.392559	1e1a06
181.407250	1ebced
181.415214	1e1a06
181.429338	1ce126bdaad6
181.443074	1dfb39
181.449671	1e15b5
181.464032	1ce126bdc06f
181.478822	1e1619
181.492062	1dfb39
181.501840	1e1a06
181.508371	1e194e
181.515431	1e03e7
181.527162	1dfb63
181.539811	1e9505
181.551161	1dfb39
181.564496	1dfb39
181.576467	1dff2b
181.589394	1dfb39
181.601993	1e1a06
181.610791	1dfd9b
181.618180	1dfb39
181.627682	1e1a0b
181.637512	1e14b7
181.648404	1dfb39
181.662668	1e1a06
181.673286	1dfb63
181.683306	1e1a06
181.692807	1e1a06
181.701373	1dfb63
181.708899	1eb5dd
181.722462	1e1a06
181.731380	1e1a06
181.741584	1e1484
181.746811	1dfb71
181.755994	1e379d
181.771132	1e504d
181.779093	1dfb39
181.789053	1e0ce8
181.799386	1dfb39
181.812034	1e1a06
181.820113	1e1956
181.828786	1dfb63
181.838848	1e3809
181.852301	1e0855
181.860753	1e0855
181.868863	1e0880
181.882410	1e0880
181.894284	1e0880
181.908016	1e0ce2
181.913821	1e0cb9
181.926780	1e0880
181.941457	1e0855
181.948637	1e0880
181.959667	1e0855
181.967930	1e0855
181.974071	1e0880
181.986895	1e0880
181.996663	1e0727
182.004118	1e0880
182.018616	1e0cd0
182.024698	1e0880
182.033073	1e0cb9
182.043606	1e0855
182.053820	1e0882
182.064738	1e0880
182.071142	1e0855
182.083391	1e0880
182.092082	1e085d
182.099305	1e0855
182.110917	1e0855
182.122093	1e0ce8
182.129252	1e0880
182.142945	1e0880
182.149767	1e0880
182.160975	1e0855
182.166568	1e0727
182.173233	1e0880
182.186486	1e0855
182.194009	1ce126bd967e
182.207997	1e0855
182.214340	1e0855
182.226281	1e0b8d
182.239321	1e0880
182.253238	1e0882
182.259853	1e0882
182.269846	1e0855
182.281646	1e0855
182.293389	1e0880
182.306718	1e0c1e
182.312450	1e0855
182.323350	1e0855
182.329551	1e0727
182.341438	1e0880
182.347084	1e0855
182.361602	1e0cd0
182.370486	1e0880
182.383658	1e0880
182.398492	1e0cd0
182.411417	1ce126bd967e
182.421489	1e0855
182.434954	1e0855
182.440396	1e0855
182.451366	1e0cb9
182.458305	1e0880
182.463858	1e0727
182.475862	1e0880
182.484108	1e0cd0
182.494667	1e0cb9
182.509121	1e0880
182.523567	1e0705
182.532915	1e0727
182.542578	1e0880
182.557268	1e0855
182.565821	1e0880
182.571513	1f25fd
182.586367	1e0880
182.596389	1e0d5f
182.602114	1e0855
182.608658	1e0cd0
182.618085	1e0855
182.626534	1e0855
182.635312	1e0882
182.643445	1e0855
182.653354	1e0882
182.660763	1e0855
182.674464	1e0880
182.686396	1e0855
182.696436	1e0855
182.706063	1e0855
182.714171	1e0880
182.719951	1e0cd0
182.726439	1f25fd
182.739025	1e0880
182.746652	1ce126bdc3db
182.755849	1e0767
182.766778	1e0880
182.777877	1e0cd0
182.786715	1e0882
182.799359	1e0855
182.810266	1e0855
182.820381	1ce126bd97a8
182.825638	1e0880
182.835868	1e0880
182.845758	1e0855
182.858358	1e076c
182.868459	1e0880
182.876472	1e0880
182.885499	1e0cb9
182.895843	1e0880
182.904679	1e0855
182.910343	1e0880
182.921326	1e0855
182.933762	1e0855
182.940673	1e0727
182.948666	1e0880
182.957411	1e0cd0
182.969475	1e0880
182.982975	1e0880
182.992139	1e0855
183.001177	1e0880
183.011156	1e0880
183.017809	1e0880
183.028883	1e0880
183.036168	1e0880
183.048797	1e0855
183.062583	1e0880
183.075320	1e0880
183.083920	1e0cd0
183.094911	1e0855
183.105303	1e0880
183.113880	1e0855
183.119886	1e0855
183.130079	1e0880
183.136275	1e0880
183.144154	1e0855
183.156886	1e0880
183.168050	1e0880
183.181235	1e0855
183.187484	1e0d65
183.200116	1e0a8e
183.209778	1e0855
183.215682	1e0880
183.220975	1e085d
183.232395	1e0880
183.247323	1e0cd0
183.260165	1f260e
183.275211	1ce126bd969e
183.280958	1e0880
183.290709	1e06e0
183.301552	1e0855
183.314313	1e0880
183.328014	1e0880
183.337417	1e0880
183.346423	1e0bf7
183.360831	1e0855
183.368183	1e0880
183.374823	1e0880
183.384140	1e0880
183.398896	1e0727
183.411458	1e0880
183.417018	1e0880
183.426471	1e0bf7
183.441318	1e0855
183.449237	1e0844
183.463644	1e0880
183.477374	1e085d
183.490571	1e0754
183.497283	1e0880
183.508210	1e0705
183.514405	1e0d54
183.529445	1e0cb9
183.538260	1e0855
183.545209	1e0880
183.557107	1e0880
183.565529	1e0727
183.573106	1e0bf7
183.585747	1e0880
183.597171	1e06ef
183.610837	1e0855
183.616245	1e0855
183.631138	1e0855
183.641706	1e0880
183.649517	1e0880
183.656231	1e0bf7
183.670100	1e0855
183.682398	1e0880
183.692230	1e0880
183.700738	1e0cb9
183.709816	1e0855
183.722776	1e0727
183.732485	1e0855
183.737766	1e0880
183.745367	1e0855
183.759056	1e0855
183.772611	1e0880
183.783832	1e0880
183.797311	1e0855
183.805650	1e0855
183.820783	1e0855
183.834461	1ce126bd978e
183.840465	1e0d5f
183.851090	1e0bf7
183.863774	1e0880
183.874594	1e0880
183.887197	1e0727
183.895933	1e0855
183.907153	1e0855
183.913532	1e0880
183.920935	1e0880
183.934117	1e0855
183.949276	1e0a8e
183.963392	1e0880
183.973147	1e0bf7
183.982635	1e0880
183.989382	1e0880
184.000922	1e0880
184.008047	1ce126bd96e6
184.017079	1e0880
184.027998	1e0855
184.040551	1e0880
184.050234	1e0880
184.057304	1e0855
184.066250	1e0bf7
184.080088	1e0880
184.090793	1e0880
184.101759	1e0855
184.110259	1e0d5f
184.121787	1e0bb4
184.132603	1e0855
184.142718	1e0880
184.149429	1e0880
184.155824	1e0880
184.166776	1e0880
184.177243	1e0cd0
184.189311	1e0855
184.201587	1e0855
184.213526	1e0cd0
184.224078	1e0880
184.238546	1e0855
184.249437	1e0855
184.262145	1e0880
184.274647	1e0880
184.285758	1e0880
184.297747	1e0855
184.312336	1e0880
184.318777	1e0727
184.330797	1ce126bd8806
184.342807	1ce126bd8896
184.351831	1ce126bd8806
184.360165	1ce126bd8806
184.369791	1ce126bd887f
184.375734	1ce126bd887f
184.381725	1ce126bd8800
184.396212	1ce126bd8896
184.402842	1ce126bd8806
184.409436	1ce126bd8806
184.423168	1ce126bd8806
184.438137	1ce126bd8709
184.452359	1ce126bd8709
184.464228	1ce126bd8896
184.470160	1ce126bd86e9
184.483399	1ce126bd891b
184.490946	1ce126bd8862
184.503448	1ce126bd86d0
184.509431	1ce126bd870f
184.515269	1ce126bd8862
184.522058	1ce126bd86d0
184.535161	1ce126bd88a8
184.550156	1ce126bd8806
184.559529	1ce126bd8806
184.569578	1ce126bd86e9
184.580239	1ce126bd8709
184.589110	1ce126bd870f
184.599017	1ce126bd870f
184.606290	1ce126bd870f
184.616807	1ce126bd8806
184.631605	1ce126bd870f
184.639325	1ce126bd8896
184.645350	1ce126bd8806
184.656448	1ce126bd8709
184.666381	1ebd59
184.673238	1eb53f
184.686047	1e1a06
184.696958	1dfb39
184.705505	1ce126bdb560
184.719314	1dfb39
184.733055	1eb57e
184.741469	1dfb39
184.752558	1dfb39
184.762655	1e1a06
184.768594	1e956d
184.775803	1ebd1a
184.786281	1ce126bdb560
184.793381	1dfb63
184.798736	1dfb39
184.813339	1ce126bdb042
184.827080	1dfb39
184.841329	1e14b7
184.849169	1dfb39
184.855350	1dfb39
184.866311	1ed805
184.876180	1e379a
184.886472	1dfb63
184.896689	1e1a06
184.908847	1dfb39
184.916534	1dfec3
184.922646	1e3786
184.929025	202958
184.942470	1dfb39
184.953951	1ce126bdaed2
184.964483	1e1a06
184.972506	1dfb39
184.987560	1e1a06
185.000871	1ce126bdaeec
185.013474	1dfde4
185.027956	1dff05
185.039683	1dfb63
185.046027	1e1a06
185.053455	1dfde4
185.059136	1dfb39
185.070246	1e9318
185.082478	1dfb63
185.091707	1ce126bdb35c
185.100879	1dfb39
185.110812	1dfb39
185.118971	1ce126bdc3a0
185.129887	1e9d94
185.140829	1e37c1
185.151245	1dfb39
185.156686	1e1a06
185.164186	1e1a06
185.171349	1e379a
185.182178	1dfb39
185.196602	1ce126bdb560
185.208307	1ce126bdb754
185.216230	1dfb39
185.224441	1e951d
185.235435	1e9505
185.247593	1dfb5c
185.260024	1e379a
185.273331	1ce126bdc076
185.278587	1dfb39
185.290153	1dfb39
185.301753	1dfb39
185.312934	1dfb39
185.326353	1dfb39
185.333206	1dfb63
185.343428	1eb84e
185.349481	1dfb39
185.355726	1e1484
185.368680	1dfb39
185.374560	1e9318
185.386207	1ebd60
185.400728	1e4ff4
185.415094	1e1a06
185.428661	1e1a06
185.439844	1ce126bdb560
185.446200	1dfb39
185.455672	1eaa43
185.460977	1dfb63
185.474863	1dff05
185.484318	1ea7eb
185.494342	1dfb39
185.506004	1e3794
185.517637	1dfb39
185.523509	1e1a06
185.534186	1dfb63
185.542229	1dfb39
185.553359	1e9318
185.565420	1e93dd
185.579832	1dfdac
185.593023	1dfb63
185.606331	1dfb39
185.614295	1dfb39
185.629418	1e0cb0
185.634766	1e379a
185.643827	1e15b5
185.656530	1dff05
185.664334	1e1a06
185.678853	1dfb63
185.693625	1e379a
185.702609	1e0cb0
185.708046	1ceb0a
185.717437	1e15b5
185.724940	1e379a
185.739297	1e1a06
185.747552	1dfb63
185.753200	1dfb39
185.765325	1e379a
185.779867	1dfb39
185.792261	1dfb71
185.805992	1e9d41
185.817762	1e379a
185.828020	1e9318
185.834294	1ebd49
185.841974	1dfb39
185.856561	1e1a06
185.865503	1e1a06
185.876747	1ebdaf
185.891736	1dfb63
185.904292	1e379a
185.918935	1e9573
185.928947	1dfb63
185.940178	1e1a06
185.947419	1dfb39
185.957885	1dfb39
185.966853	1e5062
185.975100	1eb83b
185.981585	1dfb63
185.990242	1dfb63
185.997103	1e1a06
186.007258	1dff05
186.014867	1dfb39
186.024122	1dfb39
186.031474	1dfeb0
186.042083	1e1a06
186.055756	1e379a
186.068261	1dfb63
186.075975	1e1a06
186.087284	1e9220
186.093472	1e1a06
186.103104	1ce126bdb560
186.113995	1dfb63
186.128595	1dfb39
186.143516	1e19f5
186.153956	1e15c7
186.160049	1dfb39
186.174335	1dfb63
186.181854	1ea7e3
186.189664	1dfb63
186.199648	1eb525
186.209082	1eb87f
186.222470	1dfb71
186.230323	1dfb63
186.240827	1e1a06
186.253052	1ce126bdb394
186.260086	1dfb05
186.265525	1dfde4
186.279272	1eb5e5
186.284605	1e93dd
186.296645	1e1a06
186.310309	1dfb39
186.318060	1dfb63
186.323876	1dfb39
186.335115	1e3863
186.342208	1e19bb
186.347774	1e379a
186.355090	1dfb39
186.361637	1dfb39
186.372856	1dff05
186.382613	1dfb63
186.389300	1e379a
186.404203	1dfb39
186.411363	1e3840
186.418116	1e1a06
186.431589	1dfb39
186.441461	1ce126bdc1ec
186.447309	1dfb39
186.454029	1e1606
186.461123	1dfb63
186.469188	1e1644
186.476891	1dfb63
186.487917	1dfb39
186.500283	1eb5d5
186.515155	1dfb39
186.526761	1dfb39
186.534279	1dfb63
186.541851	1e379a
186.552013	1ebdb5
186.562088	1e1a06
186.576936	1dfb63
186.589137	1dff05
186.596233	1ce126bdaabf
186.608435	1dfb39
186.618158	1dfb39
186.626989	1dfb39
186.633871	1e1a06
186.648767	1dfb39
186.656136	1dfb39
186.668465	1ce126bdaf07
186.674193	1eb58e
186.681116	1dfb39
186.695285	1dfb39
186.701963	1eb605
186.708402	1e379a
186.716985	1e1a06
186.722196	1e9244
186.735158	1dfb39
186.741235	1dfb39
186.755622	1dfb39
186.769656	1dfb39
186.775070	1dfaed
186.784257	1dfb39
186.796193	1ce126bdb754
186.810240	1dfde4
186.822840	1eb5a0
186.830497	1dfb39
186.841604	1e379a
186.847558	1e1a06
186.861080	1dfb39
186.869647	1dfb39
186.875987	1dfb39
186.883563	1dfb63
186.891315	1dfb39
186.898163	1dfb39
186.911791	1dff05
186.918060	1dfb39
186.932885	1dfb39
186.945744	1e379a
186.956481	1dfb39
186.963840	1dfb39
186.970249	1ebd27
186.980685	1dfb39
186.986305	1e1a06
187.001611	1dfb39
187.009302	1dfb39
187.019611	1e379a
187.031715	1dfef3
187.041324	1dfb63
187.049971	1eb63b
187.055264	1eb5d5
187.062977	1dfb71
187.072075	1eb86c
187.081652	1dfb39
187.094665	1ed849
187.101099	1e1a06
187.114596	1eb5dd
187.125283	1dfb39
187.135867	1e1a06
187.144699	1e948f
187.153767	1e379a
187.167625	1e379a
187.181526	1dfb39
187.195882	1e1a06
187.207890	1dfb63
187.219331	1dfb39
187.227177	1dfb71
187.232592	1dfb63
187.240452	1dfb39
187.246217	1e37ce
187.252407	1dfb71
187.265755	1eb5e9
187.277077	1e379a
187.289956	1e1a06
187.301183	1dfb39
187.307510	1dfb39
187.314496	1e19bb
187.327630	1e379a
187.337991	1e3863
187.348158	1dfb39
187.363258	1dfb39
187.371363	1e1a06
187.385612	1dfb39
187.398047	1dfb39
187.407157	1dfb39
187.421118	1dfb63
187.434517	1e1a06
187.443198	1dff05
187.457818	1dfb39
187.467269	1e1a06
187.473201	1dfb39
187.484869	1dfb39
187.499750	1e1a06
187.507307	1dfb39
187.519296	1e147f
187.524742	1dfb39
187.533954	1dfb39
187.541685	1eb58e
187.555023	1e9268
187.568244	1e1a06
187.579318	1dfb63
187.587721	1dfb39
187.601783	1e15ac
187.613542	1dfb39
187.626479	1dfb39
187.636957	1ebd7c
187.649847	1dfb39
187.658075	1dfb39
187.668284	1e9417
187.678606	1e1a06
187.686460	1dfb39
187.700740	1e1a06
187.712006	1dfa8a
187.723738	1dfb39
187.731456	1e1a06
187.738961	1dfb63
187.748069	1e0cc7
187.759030	1eb6cc
187.774153	1dfb71
187.782822	1e19d8
187.789459	1dfb63
187.802429	1dfb63
187.812717	1dfb39
187.818020	1dfb39
187.829168	1e03f4
187.843200	1dfb39
187.856518	1dfb63
187.869404	1dfcc3
187.880368	1e9510
187.893658	1dfa48
187.901086	1dfb39
187.909369	1dfb63
187.915907	1dfb39
187.921466	1e1a06
187.934105	1e1a06
187.947001	1ce126bdaeb4
187.953543	1dfb90
187.961987	1e19b6
187.974175	1e1956
187.988112	1dfb63
187.998970	1e153b
188.012217	1dfb39
188.024410	1dfb39
188.035876	1dfb63
188.046197	1e9302
188.061101	1dfb39
188.074156	1dfb39
188.082766	1e379a
188.088398	1ebced
188.101965	1ebdaf
188.108824	1dfb71
188.115364	1dfb63
188.127751	1e379a
188.140504	1dfb97
188.153194	1e386c
188.167477	1dfb63
188.181235	1dfb39
188.188178	1dfb39
188.202762	1e379a
188.215252	1dfb63
188.227490	1e1a06
188.234975	1dfb39
188.248424	1e1a06
188.263400	1dfad6
188.270627	1dfb39
188.282288	1dfb39
188.294809	1ce126bdc060
188.302166	1dfdd5
188.317081	1e1a06
188.327748	1dfdd5
188.338343	1ce126cd791d
188.346524	1dfb39
188.355629	1dfb39
188.367336	1dfb71
188.377969	1e15b5
188.389091	1e1a06
188.403706	1ebced
188.416085	1dfb87
188.429944	1dfb39
188.435808	1dff9d
188.443922	1e03dd
188.451273	1ce126bdaad6
188.464600	1dfb39
188.476316	1e379a
188.483906	1dfb71
188.492189	1ed311
188.506644	1e163d
188.512268	1e1a06
188.522133	1dff05
188.530017	1dfdb0
188.537374	1dfb39
188.545529	1dfb39
188.555694	1dfb39
188.566344	1ce126bdc066
188.579875	1e37c3
188.585665	1ce126bdb386
188.591683	1dfb39
188.598881	1dfb39
188.606102	1dfb39
188.613339	1e1a06
188.624254	1e1a06
188.633555	1eb68d
188.640128	1eb581
188.655006	1eb5d5
188.665665	1ed858
188.676812	1dfb5c
188.686070	1dfb39
188.691853	1dfb39
188.703268	1dfb39
188.709619	1dfa41
188.717971	1e1a06
188.725190	1dfb39
188.732446	1eb5ae
188.741917	1dfb63
188.752070	1ce126bdc210
188.763432	1dfb39
188.775621	1eb5d5
188.790196	1e37ce
188.798189	1dfb39
188.810206	1eb84e
188.817780	1dfb39
188.830425	1dfb39
188.839296	1e1a06
188.852286	1e03dd
188.859482	1e9716
188.865356	1e5001
188.879256	1dfb63
188.892767	1e37a0
188.900792	1dfb39
188.913204	1dfb39
188.921104	1dfb39
188.930731	1ebd7c
188.944728	1eb5d5
188.958787	1dfb39
188.969491	1e14b7
188.978729	1dfb39
188.985486	1e9361
188.996568	1e1a06
189.002572	1dfb39
189.016791	1dfb41
189.023452	1dfb63
189.032891	1dfb63
189.046433	1dfb39
189.060614	1dfb39
189.069314	1dfb63
189.080482	1dfb39
189.095302	1dfb39
189.101236	1dfb63
189.108181	1dfb71
189.120780	1dfb63
189.129746	1e9e08
189.136555	1dfb63
189.149511	1dfb39
189.162782	1e9260
189.169764	1eb5d5
189.184248	1e19d3
189.194430	1e9505
189.199823	1dfb39
189.206705	1eb5d5
189.216646	1eb599
189.223128	1dfb39
189.232754	1dfb39
189.246235	1ce126bdb036
189.261362	1e1a06
189.271790	1ce126bdb340
189.285566	1e1a06
189.293344	1ce126bdae57
189.302408	1e379a
189.307854	1eb68d
189.313783	1dfb39
189.328070	1ce126bdaea3
189.334831	1e1a06
189.349861	1e1529
189.361316	1dfb39
189.368574	1dfb63
189.375166	1e379a
189.386842	1eb605
189.396520	1e1a06
189.403166	1ea549
189.415067	1e1a06
189.426992	1e1a06
189.433054	1dfb39
189.442762	1dfb39
189.450073	1dfb97
189.457396	1dfb63
189.465227	1dfb39
189.475693	1ed88f
189.485219	1dfb39
189.492863	1e1a06
189.505691	1dfb63
189.514319	1e1a06
189.527245	1dfb93
189.540525	1dfb63
189.549251	1eb605
189.558167	1dfb39
189.567638	1e1a06
189.582536	1dfb39
189.595272	1e1644
189.605810	1dfb39
189.615827	1dfb39
189.625990	1dff24
189.637381	1dfb39
189.650949	1e142d
189.663731	1dfb39
189.671702	1dfb39
189.683185	1dfd9b
189.696608	1dfb63
189.708627	1dfb39
189.723395	1e1a06
189.730197	1ce126cd78a1
189.742621	1e1a06
189.756307	1ea8aa
189.771413	1dfb39
189.784485	1e1484
189.795710	1dfb39
189.808282	1e0ce8
189.819196	1e950d
189.827119	1dfb39
189.841354	1e1a06
189.855924	1dfb39
189.867645	1e9277
189.880965	1e378a
189.888702	1dfb39
189.896312	1eb605
189.907487	1e0855
189.919799	1e0855
189.926911	1e0855
189.941234	1e0880
189.953281	1e0880
189.960268	1e0880
189.969006	1e0880
189.975064	1e0855
189.986110	1e0cb9
189.998040	1e0855
190.003484	1e0855
190.016471	1e0880
190.022415	1e0bdb
190.033999	1e0880
190.043131	1e085d
190.051441	1e0855
190.058369	1e0cb0
190.066013	1e0855
190.080499	1e0855
190.086039	1e0880
190.097923	1e0855
190.110753	1e0880
190.118433	1e0855
190.130894	1e0880
190.143853	1e0880
190.158170	1e0727
190.166018	1e0880
190.176341	1e0855
190.181666	1e0880
190.196367	1e0880
190.202480	1e0880
190.210600	1e0855
190.220563	1e0cb9
190.228084	1e0855
190.236448	1e0880
190.248014	1e0880
190.254586	1e0880
190.262786	1e0880
190.273229	1e0855
190.278628	1e0855
190.283940	1e0855
190.290210	1e0880
190.304056	1e0855
190.317177	1e0880
190.328853	1e0b10
190.336067	1e0855
190.343619	1ce126bdc3c5
190.356645	1e0880
190.362530	1e0cc7
190.376899	1e0855
190.384636	1e0855
190.399364	1e0cb9
190.407664	1e0880
190.417219	1e0d5f
190.427283	1e0880
190.435540	1e0880
190.448999	1e0d65
190.454258	1e0880
190.463854	1e0855
190.471493	1e0855
190.478540	1e0d5f
190.485343	1e0880
190.497891	1e0880
190.508976	1e0880
190.514990	1e0880
190.528953	1e0855
190.540493	1ce126bd96ff
190.553830	1e0880
190.566582	1e0880
190.574724	1e0880
190.584729	1e0c13
190.595315	1e0855
190.607983	1e0d5f
190.616055	1e0880
190.624554	1e0bf7
190.635068	1e0855
190.645299	1e0880
190.658051	1e0cd0
190.667086	1e0880
190.681193	1e0880
190.693911	1e0855
190.704438	1e0880
190.712353	1e0880
190.725389	1e0880
190.735688	1e0855
190.750103	1ce126bdc3b7
190.764037	1e0880
190.774662	1e0880
190.780119	1e0880
190.788904	1e0880
190.795731	1e0ce8
190.810374	1e0855
190.824381	1e0880
190.833078	1e0855
190.842834	1e0880
190.850696	1e0855
190.862674	1e0880
190.871138	1e0727
190.883026	1e0855
190.897311	1e0855
190.909488	1e0cb9
190.919559	1e0d5f
190.926689	1e0880
190.936688	1e0855
190.947755	1e0880
190.957631	1e0880
190.968811	1e0880
190.981597	1e0880
190.991486	1e0855
190.999240	1e0880
191.012283	1e0855
191.024082	1e0855
191.032727	1e0705
191.040118	1e06e0
191.051501	1e0a8e
191.062231	1e0cbe
191.071129	1e0cd0
191.081794	1e0cbe
191.087430	1e0880
191.093871	1e0855
191.104950	1e0880
191.110362	1e0d5f
191.118112	1e0855
191.125718	1e0855
191.135857	1e0855
191.149696	1e0880
191.155134	1e0855
191.167651	1e0880
191.180953	1e0855
191.191851	1e0880
191.202497	1e0880
191.208170	1e0880
191.219758	1e0880
191.232473	1e0cd0
191.241195	1e0880
191.253729	1e0855
191.267616	1e0880
191.281150	1e0880
191.294940	1e0880
191.302956	1e0cd0
191.310164	1e0880
191.325216	1e0880
191.339415	1e0880
191.351120	1e0855
191.363859	1e0cd0
191.374055	1e0855
191.384543	1e0880
191.396806	1e0880
191.405505	1e0880
191.418895	1ce126bd9762
191.425445	1e0880
191.434821	1e0880
191.443211	1e0880
191.457996	1e0880
191.469230	1e0880
191.478205	1e0855
191.490933	1e0855
191.503761	1e0880
191.515159	1e0880
191.528031	1e0cd0
191.538912	1e0855
191.544242	1e0855
191.549860	1e0880
191.555647	1e0880
191.568176	1e0855
191.574873	1e0727
191.585230	1e0880
191.599093	1e0880
191.613452	1e0855
191.624488	1e0855
191.638445	1e0855
191.645293	1e0855
191.658564	1e0880
191.666236	1e0855
191.678147	1e0855
191.693034	1e0880
191.699414	1e0880
191.705972	1e0d5f
191.719305	1e0705
191.730325	1ce126bdc3c5
191.744090	1e0855
191.752624	1e0855
191.767398	1e0855
191.776166	1e0855
191.789588	1e0855
191.804144	1e0855
191.813662	1e0880
191.820038	1e0cbb
191.830486	1e0855
191.836513	1e0880
191.844321	1e0880
191.857906	1e0855
191.869913	1e0855
191.880378	1e0855
191.887629	1e0855
191.900675	1e0855
191.908045	1e0cb0
191.915046	1e0880
191.921923	1e0880
191.933192	1e0727
191.945801	1f25fd
191.951658	1e0882
191.959897	1e0855
191.974299	1e0855
191.989145	1e0880
192.003956	1e0b5f
192.016346	1e0880
192.026976	1e0880
192.035972	1e0855
192.047118	1e0880
192.055904	1e0880
192.068098	1e0880
192.080150	1e0880
192.093367	1e0880
192.104272	1e0880
192.112407	1e0855
192.125963	1e0880
192.131871	1e0855
192.138441	1e0880
192.151250	1e0880
192.163291	1e0880
192.174734	1e0880
192.181326	1e0855
192.195977	1e0cb0
192.207890	1e0880
192.215294	1e0880
192.224165	1e0855
192.233672	1e0882
192.245247	1e0880
192.251272	1e0d5f
192.259749	1ce126bd967e
192.271946	1e0880
192.284599	1e0880
192.296428	1e0871
192.307082	1e0727
192.320925	1e07f3
192.326265	1e0cb0
192.336209	1e0880
192.344236	1e0880
192.355813	1e0880
192.368025	1e06ef
192.380966	1ce126bd9666
192.386690	1e0cb9
192.398562	1e085d
192.408696	1e0cd0
192.416427	1e074f
192.431142	1e0855
192.442041	1e0bf7
192.455618	1e0880
192.463296	1e0880
192.477634	1e0d5f
192.492613	1e0855
192.501850	1e0880
192.507417	1e0855
192.515892	1e0855
192.529176	1e0bf7
192.540756	1e0880
192.548266	1e0b5f
192.562989	1e0880
192.576154	1e0880
192.583637	1e0cd0
192.589070	1e0855
192.601610	1e0cd0
192.607263	1e0cd0
192.616119	1e0cd0
192.630414	1e0855
192.641642	1e0855
192.652695	1e0880
192.663535	1e0855
192.674657	1e0855
192.689247	1e0880
192.696261	1e0880
192.705605	1e0727
192.720030	1e0cb0
192.732551	1e0880
192.740253	1e0855
192.749104	1e0727
192.761992	1e080d
192.772398	1e0bf7
192.779109	1e0855
192.790031	1e0880
192.804964	1e0855
192.813228	1e0855
192.826960	1e0855
192.834413	1e0880
192.849400	1e0880
192.862143	1e0855
192.868759	1e0880
192.880278	1e0855
192.885936	1e0855
192.893090	1e0b91
192.902345	1e0880
192.914301	1e0855
192.926436	1e0855
192.941185	1e0855
192.948362	1e0855
192.954277	1e0880
192.967898	1e0855
192.975042	1e0cb0
192.981026	1e0855
192.989395	1e0880
192.997972	1e0855
193.008628	1e0880
193.013962	1e0880
193.026357	1e0855
193.032531	1ce126bd97c4
193.039322	1e0727
193.044839	1e0cb9
193.057009	1e0855
193.062558	1ce126bd96e6
193.077634	1e0727
193.091093	1ce126bd97c6
193.105579	1e0880
193.118564	1e0880
193.130867	1e0855
193.138626	1e0880
193.145101	1e0727
193.150330	1e0705
193.158972	1e0855
193.165497	1e0855
193.179146	1e0880
193.186271	1e0880
193.193923	1e0880
193.205212	1e0880
193.212328	1e0855
193.222151	1e0880
193.231469	1e0855
193.237163	1ce126bd97c0
193.246318	1e0cd0
193.259597	1ce126bd8806
193.273241	1ce126bd8896
193.279642	1ce126bd889c
193.288078	1ce126bd8806
193.295895	1ce126bd8806
193.310057	1ce126bd8806
193.320741	1ce126bd8806
193.331481	1ce126bd887f
193.338209	1ce126bd887f
193.343413	1ce126bd8806
193.357046	1ce126bd8896
193.364230	1ce126bd8806
193.379181	1ce126bd8818
193.387594	1ce126bd86e9
193.401935	1ce126bd870f
193.408875	1ce126bd870f
193.421557	1ce126bd870f
193.436251	1ce126bd8806
193.449443	1ce126bd8862
193.460173	1ce126bd8896
193.470605	1ce126bd8709
193.483842	1ce126bd875b
193.489436	1ce126bd870f
193.504372	1ce126bd870f
193.512831	1ce126bd86ee
193.518986	1ce126bd86ff
193.527656	1ce126bd86d0
193.534095	1ce126bd870f
193.542609	1ce126bd870f
193.554477	1ce126bd8806
193.563825	1ce126bd8806
193.575525	1ce126bd870f
193.588311	1ce126bd8806
193.600313	1ce126bd884a
193.612980	1ce126bd870f
193.621742	1ce126bd870f
193.632565	1ce126bd870f
193.642336	1ce126bd86d4
193.648775	1ce126bd870f
193.654853	1ce126bd870f
193.660200	1ce126bdb560
193.668530	1e379a
193.682073	1e1a06
193.693410	1dfb39
193.701273	1dfdd5
193.712119	1e1a06
193.726638	1ea90c
193.739444	1dfb63
193.751545	1dfb39
193.756846	1e18df
193.771705	1dfb63
193.781197	1e19d3
193.786668	1ce126bdaabf
193.793555	1e1a06
193.806302	1dfb39
193.818541	1dfde4
193.830091	1e37a1
193.838924	1dfb63
193.850825	1dfb39
193.857296	1e0cc7
193.867595	1dfb63
193.873732	1e386c
193.886844	1e379a
193.893413	1e1a06
193.907992	1dfb39
193.917751	1e948f
193.925698	1dff24
193.939279	1dfb39
193.951094	1dfb39
193.960819	1dfdac
193.970692	1dfb39
193.981043	1ce126bdb560
193.993811	1e1a06
194.000659	1e379a
194.015262	1dfb39
194.020540	1ce126bda986
194.027200	1dfb39
194.036549	1e1a06
194.045981	1ebced
194.051968	1dfb63
194.065366	1ce126bdb560
194.075118	1e1a06
194.082200	1e19e5
194.097134	1e1895
194.107800	1dfb39
194.117091	1dfb39
194.131614	1dfb63
194.144581	1e1a06
194.152257	1dfb39
194.159006	1e1a06
194.167928	1e37e1
194.175994	1dfb39
194.190986	1dfb39
194.205655	1e19fa
194.211647	1ce126bdb560
194.222010	1e1a06
194.234241	1dfb39
194.241684	1e4fd8
194.251938	1dfb41
194.259028	1dfb39
194.271963	1e1a06
194.286222	1ebd1a
194.297130	1dfb39
194.308096	1e19aa
194.322326	1e18ec
194.328785	1dff38
194.334197	1e1a06
194.344151	1eb5d5
194.354383	1eb5d5
194.364945	1e1a06
194.373593	1dfb39
194.384867	1e9302
194.394781	1e379a
194.400634	1dff9d
194.412117	1dfb39
194.417358	1dfb39
194.432530	1e9264
194.437981	1dfcdb
194.449225	1e9302
194.459124	1dfb39
194.465056	1e379a
194.475790	1dfb39
194.489347	1e1a06
194.495558	1dfb39
194.502832	1dfb39
194.509573	1e1a06
194.516233	1e1a06
194.522920	1e1a06
194.536528	1e379a
194.546043	1dfb63
194.556513	1dfb39
194.562136	1e379a
194.573159	1dff05
194.585811	1dff05
194.595273	1dfb39
194.606883	1e1a06
194.613181	1e1956
194.626690	1e15b5
194.638928	1e1a06
194.648636	1dfb39
194.658280	1dfb39
194.664842	1dfb39
194.677081	1e379a
194.683558	1eb5d5
194.698517	1e0cdc
194.708022	1e9d71
194.719247	1e1a06
194.731284	1dfb39
194.737187	1e949a
194.748840	1e379a
194.760737	1e1a06
194.774819	1dfb39
194.786501	1dff05
194.799106	1dfb63
194.811134	1e379a
194.825459	1dff05
194.832858	1dff05
194.846336	1dfb63
194.851615	1dff05
194.860430	1e9318
194.868817	1dfb39
194.875696	1e9318
194.887913	1dfb63
194.902265	1dfb63
194.913464	1dfb39
194.920418	1eb5e9
194.933068	1e18cb
194.943792	1dfcdb
194.952243	1dfb39
194.962327	1e1a06
194.970216	1dfb39
194.984102	1e1a06
194.991824	1dfb39
195.004946	1e15b5
195.013550	1dff48
195.019311	1ed805
195.032709	1dfb63
195.044290	1e1a06
195.055186	1dfb39
195.064645	1e379a
195.076145	1e1a0b
195.088636	1e96ff
195.096103	1dfb63
195.109181	1e379a
195.122299	1e379a
195.131799	1e379a
195.137277	1dfb63
195.145715	1dff24
195.154997	1e1a06
195.170047	1eb5d5
195.180672	1dfb39
195.191068	1e1a06
195.204579	1e1a06
195.210962	1dfa8a
195.223626	1e379a
195.232045	1e1a25
195.237330	1dfb93
195.242871	1e1a06
195.248953	1e9302
195.254420	1dfb63
195.263602	1e37ca
195.270253	1dfb39
195.277411	1e1a06
195.282884	1e1a06
195.290018	1dfb63
195.300531	1e1a25
195.306975	1e929d
195.314048	1dfb39
195.327928	1dfb39
195.341997	1e1a06
195.352007	1dfb63
195.360395	1dfb39
195.373455	1dfb39
195.386674	1ce126bdb754
195.397593	1dfb39
195.406726	1e379a
195.420209	1e379a
195.434797	1dfb39
195.441097	1e1639
195.449979	1e1a06
195.461444	1e929d
195.470616	1e1a06
195.484244	1e1a06
195.493282	1dfb63
195.503418	1e19f5
195.513599	1dfb39
195.523197	1dfb63
195.529448	1ea761
195.539255	1ce126bdb560
195.552512	1dfb39
195.560319	1dfb39
195.572552	1e379a
195.579317	1ce126bdb560
195.585839	1ce126bdae71
195.599289	1ebced
195.608840	1dfdd5
195.621196	202958
195.630050	1dfb39
195.637231	1e1564
195.650450	1e1a06
195.660423	1e37e1
195.670163	1dfb39
195.683436	1dfb63
195.694804	1dfde4
195.701316	1dfb39
195.707143	1dfb39
195.717370	1dfb39
195.731719	1eb581
195.745518	1eb5d5
195.752323	1dfb63
195.767427	1ce126bdae91
195.782593	1dfb63
195.788000	1dfb39
195.799207	1dfb39
195.814260	1eb5dd
195.825297	1dfb39
195.838169	1e1a06
195.844664	1e1a06
195.856405	1e1a06
195.863083	1e1a06
195.869743	1dfb39
195.882806	1dfb63
195.895267	1eb581
195.901129	1dff05
195.915737	1e1a06
195.926565	1dfb63
195.939269	1eccc2
195.952322	1dfb39
195.957730	1e379a
195.971741	1e19bf
195.979468	1e1a06
195.990124	1dfb39
195.999584	1eb5e5
196.008037	1e1a06
196.017657	1eb750
196.024745	1e0cb0
196.035064	1dfb63
196.045359	1e1a06
196.057339	1dfb39
196.071802	1eb5d5
196.084447	1e1a06
196.096377	1dfb39
196.107422	1dfb39
196.114018	1dfb63
196.127685	1e386a
196.133403	1dfb63
196.140878	1dfb63
196.148907	1dfb39
196.161723	1e1956
196.170230	1e1a06
196.184843	1e37e4
196.191454	1dfb63
196.204887	1dfb63
196.214077	1e15b5
196.226198	1eb6b1
196.231983	1dfb39
196.246131	1ce126bdc085
196.260226	1e1545
196.271339	1e37c3
196.283526	1e379a
196.294523	1ed849
196.307549	1e1908
196.315372	1dfb39
196.326057	1dfb63
196.337241	1dfb39
196.346403	1e1a06
196.352524	1dfb63
196.361990	1e4fed
196.370146	1e5024
196.382501	1dfb39
196.397453	1dfb39
196.405558	1dfb39
196.412588	1e1a06
196.421905	1dfb39
196.436868	1e1a06
196.442203	1eb63b
196.448737	1e1a06
196.457959	1dfb39
196.471302	1e1a06
196.485832	1dfb39
196.491686	1e9417
196.501686	1dfb63
196.514888	1ce126bdb382
196.522153	1e379a
196.537294	1e1599
196.551141	1dfb39
196.560813	1dfb39
196.571154	1e37de
196.585817	1dfb63
196.591458	1dfb39
196.601035	1e1484
196.613177	1e1a06
196.623661	1e3818
196.629415	1dfb39
196.640731	1e1a06
196.650953	1dfb63
196.661813	1ea56a
196.676746	1e96a2
196.691784	1eb868
196.702810	1dfb39
196.708260	1ce126bdc076
196.714958	1dfb39
196.726261	1e03fb
196.731494	1dfb39
196.739205	1dfb39
196.751793	1e1a06
196.762381	1dfb63
196.775101	1e1a06
196.785786	1dfb39
196.800887	1e0cb0
196.814115	1dfb39
196.823429	1dfb39
196.835258	1e96a2
196.845470	1e1a06
196.859376	1dfb41
196.872742	1ce126bdc167
196.882737	1e1a06
196.894879	1eb7e2
196.907499	1dfb39
196.922289	1e0cb0
196.927770	1e1a06
196.937979	1dfb39
196.948569	1dfb39
196.958644	1dfb39
196.970002	1dfb39
196.975536	1dfb39
196.981632	1ce126bdaddd
196.992362	1eb7f4
196.997958	1e1a06
197.004016	1e1a06
197.012076	1e379a
197.024893	1dfb39
197.037895	1dfd9b
197.051866	1dfb39
197.065486	1eb621
197.076116	1ba254
197.085030	1ba254
197.098105	1ed842
197.105575	1e942d
197.120222	1e1a06
197.129642	1e9595
197.143805	1dfb39
197.154252	1dfb39
197.166822	1dfb39
197.172272	1dfb39
197.180892	1dfb39
197.192808	1dfb63
197.203270	1ce126cd7935
197.210154	1dfb63
197.219240	1e1a06
197.231068	1e1a06
197.241015	1e1a06
197.252944	1dfb39
197.264862	1dfb39
197.270258	1dfb63
197.278676	1e1a06
197.286186	1e1484
197.293004	1e1a06
197.298813	1dfb39
197.306441	1dfb63
197.315535	1dfb63
197.330426	1ce126bdb376
197.343699	1dff05
197.355470	1dfb63
197.366517	1dfb63
197.375245	1ce126bdae91
197.388289	1dfb39
197.402466	1eb842
197.410892	1dfb39
197.420422	1eb860
197.429230	1e1a06
197.435010	1dfb63
197.447037	1e0cb0
197.461721	1dfb39
197.475022	1e1a06
197.482970	1e1808
197.490736	1e379a
197.501303	1e1431
197.515184	1e1484
197.530251	1dfb71
197.544481	1dfb63
197.556342	1dfb39
197.563549	1e1a06
197.571140	1dfb39
197.584547	1ea765
197.591118	1dfb39
197.601137	1dfd97
197.609122	1dfb39
197.617606	1ed847
197.631646	1eb742
197.642999	1dfb39
197.656441	1ea7bc
197.666109	1e379a
197.681305	1e379a
197.695465	1ed293
197.703049	1dfb63
197.712662	1e379a
197.725660	1dfb39
197.731819	1ce126bdb376
197.744861	1dfb0c
197.757626	1e379a
197.767392	1e379a
197.775305	1dfb39
197.786141	1dfb39
197.793656	1e379a
197.804821	1eb525
197.815724	1eb7ac
197.821208	1dfb39
197.835456	1e1a06
197.846500	1dfb39
197.858143	1dfb39
197.870636	1dfb39
197.883779	1ce126cd78ab
197.890450	1e1a06
197.904489	1dfb39
197.909877	1e1a06
197.920231	1dfb39
197.927349	1dfb63
197.932900	1dfb71
197.938416	1e92e9
197.951789	1dfb63
197.959328	1dfb39
197.972535	1dfb39
197.980512	1eb860
197.986045	1eb860
198.000957	1e15b5
198.007200	1e1a06
198.017138	1dfb39
198.025862	1dfb63
198.035456	1e18df
198.043345	1e383c
198.057302	1e1a06
198.068575	1dfb39
198.074518	1e3827
198.081283	1e9505
198.092076	1e3871
198.103096	1dfb63
198.118002	1dfb39
198.124280	1dfb39
198.134933	1dfb39
198.146643	1dfb39
198.159149	1ebd68
198.166227	1e379a
198.180951	1e3781
198.190879	1dfb39
198.197398	1e1a06
198.212549	1e1a06
198.223759	1eb5e9
198.238766	1e19f5
198.245948	1dfb71
198.254795	1eb5e5
198.265128	1dfb63
198.277607	1ce126bda986
198.283456	1dfb39
198.296817	1dfb39
198.308235	1dfb39
198.320153	1dfb63
198.331683	1dfb39
198.342802	1dfb39
198.357225	1dfb39
198.368358	1ebd27
198.381986	1eb5dd
198.388923	1e1a06
198.394774	1dfb63
198.400852	1dfdac
198.409482	1e1a25
198.420238	1e379a
198.434149	1dfb39
198.441637	1dfb39
198.455428	1dfb39
198.470516	1dfb39
198.481161	1ce126bdaeec
198.494860	1dfb39
198.508131	1e1a06
198.513427	1ebce3
198.525064	1dfb63
198.531416	1e19d3
198.543359	1dfb39
198.555951	1e15b5
198.564813	1dfb63
198.576052	1dfb39
198.587681	1dfb63
198.594393	1dfb39
198.602736	1ce126bdaf07
198.610402	1ebdb5
198.625192	1ce126cd7956
198.636514	1e1a06
198.642955	1eb514
198.656234	1eb511
198.663581	1e1a06
198.670938	1e1a06
198.680654	1dfad9
198.694353	1dfb39
198.701809	1dfb63
198.707414	1dfb39
198.713382	1e19d3
198.723020	1e1a06
198.735614	1e15b5
198.745200	1dfb39
198.751713	1e1a06
198.757624	1dfb63
198.763000	1e142a
198.772539	1dfb39
198.778338	1eb5d5
198.784953	1dfb39
198.791493	1e1a06
198.798656	1ce126bdae12
198.810555	1dfb39
198.819489	1eb5d5
198.826896	1ec6d1
198.838477	1dfca9
198.848407	1dfb39
198.857983	1dfb41
198.871803	1dfb39
198.878120	1e1a06
198.890289	1dfb39
198.899814	1ce126bdadcb
198.905518	1e379a
198.913569	1ce126bdadb3
198.921611	1e9505
198.931153	1eb85b
198.945634	1e951d
198.956608	1dfb39
198.966397	1dfb39
198.974100	1dfb63
198.982628	1dfb63
198.994542	1dfb39
199.004808	1e1a06
199.011813	1e038a
199.018683	1ce126bda97f
199.030156	1dfb39
199.044050	1e1a06
199.049607	2029eb
199.062048	1dfb39
199.073636	1e1a06
199.083264	1dfb39
199.098434	1dfb63
199.106960	1eb5bd
199.115468	1e1484
199.121811	1dfb63
199.134527	1e1a06
199.143368	1dfb71
199.150658	1dfb39
199.159663	1e1a06
199.172021	1dfb34
199.184554	1dfb63
199.199455	1dfd9b
199.212642	1eb860
199.227105	1dfb63
199.240484	1dfb63
199.245853	1e1a06
199.254245	1dfb90
199.263796	1dfb71
199.271475	1e1a06
199.284695	1e1a06
199.299374	1dff24
199.307978	1dfb39
199.322398	1e1a06
199.332779	1dfb63
199.346586	1dfb39
199.361592	1dfb39
199.372836	1dfb63
199.378432	1dfb63
199.391868	1dfb39
199.405170	1e1a06
199.416664	1dfb39
199.422453	1e0cc7
199.434343	1eb5d5
199.449496	1e37ce
199.461655	1e1a06
199.472432	1dfb63
199.478065	1e1a06
199.492225	1dfb63
199.498954	1dfb63
199.508046	1e1484
199.514567	1dfb71
199.521623	1e1a06
199.535714	1ce126cd791d
199.542248	202958
199.551537	1e1a06
199.559939	1e929d
199.569447	1e1a06
199.575864	1dfaa9
199.582191	1e9361
199.597365	1dfb63
199.611949	1dfcb6
199.620964	1dfb63
199.626163	1dfdd1
199.634918	1dfb39
199.642234	1dfb71
199.652275	1e9505
199.661193	1dfb39
199.674231	1e1956
199.682049	1dfb39
199.695117	1eb72f
199.708479	1dfb63
199.719181	1ed305
199.731018	1e1a06
199.742325	1dfb41
199.750155	1dfb39
199.759586	1dfb39
199.767529	1dfb39
199.780885	1dfd8e
199.787605	1dfb17
199.796712	1dfb39
199.806364	1dfb39
199.820340	1dfb39
199.832716	1ce126bdae57
199.847005	1e1a06
199.853340	1e1e8a
199.864166	1eb797
199.870420	1ebced
199.878513	1e188e
199.887128	1e1a06
199.893134	1dfb63
199.898919	1dfb39
199.912060	1e1a06
199.918836	1dfb39
199.930107	1dfb63
199.936030	1e379a
199.949116	1e9d63
199.961338	1dfb39
199.971640	1dfb63
199.984374	1dfb39
199.989615	1dfb63
199.999240	1dfb39
200.011173	1dfb63
200.024102	1dfe97
200.039285	1dfb71
200.046477	2029eb
200.058540	1e1a06
200.064039	1dfb39
200.077716	1dfb39
200.089249	1dfb63
200.098959	1e1a06
200.107967	1eb581
200.120457	1dfe51
200.128045	1dfb39
200.138682	1e9260
200.150023	1dfb39
200.164009	1dfb39
200.170227	1dfb63
200.179024	1e1a06
200.190760	1dfb39
200.200789	1e37a1
200.215278	1dfb63
200.223255	1dfb63
200.229088	1eb569
200.238717	1ed2fd
200.249122	202941
200.259824	1e1a06
200.265330	1e1a06
200.277900	1dfb39
200.290830	1dfb63
200.301414	1dfb39
200.311810	1e0855
200.323955	1e0855
200.334460	1e0855
200.339759	1e0880
200.351492	1e0855
200.365186	1e0880
200.371952	1e0880
200.382463	1e0880
200.392354	1e0855
200.402555	1e0880
200.417414	1ce126bd9666
200.424109	1e0880
200.437023	1e0880
200.448406	1e0880
200.462884	1e0855
200.470931	1e0880
200.484017	1e0880
200.496452	1e0754
200.505599	1e0855
200.513949	1e0880
200.527116	1e0727
200.535864	1e0880
200.543154	1e0855
200.554344	1e0855
200.566231	1e0855
200.580372	1e081b
200.594645	1e0880
200.608944	1e0855
200.620513	1e0880
200.630796	1e0880
200.644724	1e0880
200.650738	1e0855
200.664255	1e0855
200.671349	1e0855
200.685122	1e0855
200.695677	1e0855
200.706481	1e0880
200.717058	1e0855
200.729393	1e0880
200.742017	1e0aa4
200.754210	1e0880
200.764186	1e0855
200.771774	1e0855
200.784364	1e0880
200.796060	1e0880
200.804325	1e0880
200.816768	1e0880
200.824960	1e0880
200.838742	1e0855
200.845583	1e0855
200.852678	1e0880
200.866226	1e0d5f
200.877480	1e0cd0
200.884538	1e0880
200.890717	1e0880
200.900706	1e0cb9
200.907779	1e0855
200.915349	1e0880
200.927405	1e0880
200.933898	1e0855
200.942019	1e0855
200.955284	1e0855
200.964982	1e0880
200.978558	1e0880
200.988109	1e0811
201.001326	1e0855
201.009851	1e0855
201.019726	1e0855
201.028863	1e0727
201.037484	1e0855
201.052240	1e0855
201.061777	1e0855
201.072674	1e0880
201.085121	1e0880
201.098591	1e0855
201.110233	1e0cd0
201.118404	1ce126bd967e
201.130073	1e0855
201.143025	1e0880
201.155246	1e0855
201.161885	1e0880
201.175288	1ce126bd9702
201.185882	1e0880
201.191389	1e0880
201.199890	1e0880
201.211298	1e0880
201.225353	1e0880
201.237007	1e0880
201.248820	1e0cd0
201.261090	1e0880
201.267176	1e0855
201.276379	1e0880
201.285159	1e0855
201.295994	1e0855
201.306736	1e0880
201.314390	1e0855
201.328791	1e0880
201.336411	1e0855
201.350007	1e0880
201.364235	1e0d5f
201.370428	1e0880
201.375690	1e0880
201.388278	1e0855
201.401789	1e0880
201.412120	1e0855
201.421814	1e0880
201.428036	1e0880
201.439279	1e0855
201.444598	1e0880
201.456998	1e0880
201.469729	1ce126bdc3ad
201.477878	1e0727
201.483146	1e0855
201.495453	1e0855
201.504628	1e0880
201.515758	1e0806
201.524779	1e0880
201.539464	1e0855
201.548824	1e0880
201.561714	1e0855
201.576553	1e0855
201.588885	1e0cb9
201.600260	1e0855
201.606216	1e0855
201.614600	1e0880
201.619875	1e0855
201.633023	1e0880
201.638727	1ce126bdc3db
201.648269	1e0727
201.654573	1e0882
201.669417	1e0882
201.683943	1e0880
201.695524	1e0a8e
201.710503	1e0855
201.718325	1e0a8e
201.732893	1e0880
201.748073	1e0855
201.758891	1e0880
201.767455	1e0cbe
201.775091	1e0880
201.787790	1e0880
201.793256	1e0880
201.802787	1e0880
201.816186	1e0880
201.830410	1e0880
201.835752	1e0880
201.843343	1e0855
201.857463	1e0855
201.870130	1e0727
201.879894	1e0880
201.894731	1f2614
201.905483	1ce126bd96d2
201.913913	1e0880
201.921030	1e0880
201.931531	1e0855
201.941455	1e0880
201.950062	1e0880
201.959691	1e0880
201.969636	1e0855
201.981561	1e0d31
201.992367	1e0b6f
202.004418	1e0a8e
202.012321	1e0880
202.023328	1e0880
202.037234	1e0aa4
202.043664	1e0855
202.049755	1e0880
202.059345	1e0880
202.066049	1e0880
202.080959	1e070f
202.089341	1e0880
202.099486	1e0880
202.109635	1e0727
202.120062	1e0880
202.134761	1e0880
202.140377	1e0880
202.146216	1ce126bd9754
202.158253	1e0cc7
202.165736	1e0880
202.174178	1e0880
202.179752	1ce126bdc3c2
202.188241	1e0880
202.202964	1e0880
202.214908	1e0855
202.224230	1e0880
202.238979	1e0880
202.245290	1ce126bd9754
202.259579	1e0880
202.268293	1e0cb9
202.279958	1ce126bd9718
202.285176	1e0cd0
202.299536	1e085d
202.309029	1e0cb9
202.315474	1e0cb9
202.330607	1e0880
202.340743	1e0727
202.354813	1e0855
202.367139	1e0880
202.372857	1e0880
202.383347	1e0855
202.397620	1e0855
202.407970	1e0cb9
202.416539	1e0cb0
202.423569	1e0bf7
202.432177	1e0880
202.446101	1e0705
202.457323	1e0855
202.464749	1e0855
202.470783	1e0880
202.481903	1e0880
202.496878	1e0855
202.503599	1e0855
202.511019	1e0880
202.524702	1e0855
202.538411	1e0ab4
202.543888	1e0880
202.558330	1e0705
202.571379	1e0880
202.582027	1e0a8e
202.596673	1e0855
202.607178	1e0880
202.618814	1e0880
202.631941	1e0855
202.643341	1e0880
202.653785	1e0cd0
202.661445	1e0855
202.669109	1e0880
202.680988	1e0855
202.693574	1e0855
202.701738	1e0880
202.716463	1e0880
202.722318	1e0880
202.729169	1e0d5f
202.740716	1ce126bd9762
202.746980	1e0855
202.760176	1e0882
202.772306	1e0880
202.783112	1e0880
202.796519	1e0bf7
202.803541	1e0cb0
202.813128	1e0cb9
202.828186	1e0855
202.839536	1e0880
202.853779	1e0880
202.859267	1e0880
202.866866	1e0d32
202.880692	1ce126bd978e
202.887247	1e0880
202.895158	1e0880
202.910318	1e0880
202.916923	1e0855
202.928185	1e0855
202.937724	1e0880
202.946467	1e0880
202.956606	1e0880
202.967329	1e0880
202.972726	1e0880
202.983118	1e0cb0
202.993426	1e0cc7
203.007384	1e0880
203.014196	1e0ccc
203.019963	1e0d5f
203.034992	1e0855
203.043343	1e0727
203.058228	1e0880
203.064386	1e0855
203.072120	1e0880
203.077398	1e0880
203.083809	1e0855
203.090479	1e0855
203.102418	1e0855
203.113662	1e0880
203.125780	1e0880
203.136471	1e0880
203.146017	1e0855
203.158263	1e0855
203.163759	1e0880
203.176931	1e0880
203.183356	1e0855
203.191267	1e0880
203.197168	1e0880
203.210166	1e0880
203.221328	1e0880
203.232285	1e0855
203.242779	1e0880
203.254615	1e0855
203.268546	1e0880
203.281551	1e0855
203.294986	1e0855
203.309053	1e0855
203.316293	1ce126bdc41b
203.322809	1e0880
203.333060	1e0880
203.344372	1e0855
203.356928	1e0880
203.367761	1e085d
203.379392	1e0cb9
203.393149	1e0855
203.402571	1e0727
203.409735	1e0880
203.414992	1e0cd0
203.420925	1e0cb0
203.430362	1e0880
203.444643	1e076c
203.454558	1e0855
203.467546	1ce126bd966d
203.480472	1e0855
203.489908	1e0880
203.504828	1e0705
203.510354	1e0880
203.521957	1e0855
203.531535	1e0880
203.538846	1e0880
203.544917	1e0880
203.556335	1e0727
203.570376	1ce126bdc3c2
203.578432	1e0855
203.588372	1e0880
203.600440	1e0880
203.606584	1e0cd0
203.618947	1e0cc7
203.631856	1e0855
203.639008	1e0880
203.651785	1e074f
203.663498	1e0880
203.671975	1e0880
203.680229	1e0880
203.686067	1e0880
203.691978	1e0705
203.706829	1e0727
203.717711	1e0855
203.729940	1e0705
203.744117	1e0855
203.750735	1e0880
203.759157	1e0855
203.768585	1e0880
203.776476	1e0727
203.790623	1e0880
203.800866	1e075d
203.809719	1e0855
203.820093	1e0880
203.827964	1e0880
203.835288	1e0880
203.840802	1e0855
203.850661	1e0880
203.863178	1e0855
203.876615	1e0705
203.886685	1e0727
203.899879	1e0880
203.909803	1e0cd0
203.921262	1f261e
203.928809	1e0880
203.943094	1e0880
203.956558	1e0880
203.962064	1e0855
203.967811	1e0cb9
203.979742	1e0855
203.984912	1e0855
203.990948	1e0880
204.005919	1e0880
204.012982	1e0cd0
204.021011	1e0aeb
204.035189	1ce126bdc41b
204.041808	1e0b30
204.047550	1e0cc3
204.056661	1ce126bd96c2
204.062146	1e0880
204.075477	1e0880
204.080692	1e0855
204.093001	1e0855
204.098477	1e0880
204.106307	1e0880
204.120870	1e0880
204.133102	1e0bf7
204.142849	1e0880
204.151085	1e0880
204.157738	1e0880
204.168519	1e0880
204.179340	1e0882
204.189883	1e0855
204.203094	1e0880
204.216736	1e0880
204.226633	1e0880
204.238639	1e0880
204.249693	1e0880
204.263858	1e0880
204.277856	1e0855
204.286653	1e0882
204.299107	1e0855
204.310408	1e0880
204.319111	1e0855
204.330538	1e0880
204.338798	1e0855
204.344151	1ce126bd9757
204.354617	1e0880
204.364079	1e0bf2
204.370185	1e0855
204.383249	1e0855
204.390868	1e0880
204.399729	1e0855
204.413910	1e0bf7
204.423865	1e0880
204.431474	1e0880
204.443816	1e0880
204.454787	1e0880
204.460358	1e0880
204.470433	1ce126bd8896
204.479008	1ce126bd8862
204.493299	1ce126bd8806
204.500694	1ce126bd8806
204.506115	1ce126bd8806
204.514013	1ce126bd8806
204.521956	1ce126bd888f
204.533518	1ce126bd8806
204.548060	1ce126bd8806
204.556379	1ce126bd8806
204.569644	1ce126bd8806
204.584058	1ce126bd8806
204.591698	1ce126bd8806
204.603623	1ce126bd8806
204.609966	1ce126bd8806
204.620553	1ce126bd870f
204.629785	1ce126bd887f
204.643952	1ce126bd887f
204.650294	1ce126bd8709
204.655681	1ce126bd8709
204.665309	1ce126bd8862
204.677187	1ce126bd8806
204.688070	1ce126bd86ee
204.699091	1ce126bd870f
204.705669	1ce126bd8896
204.719556	1ce126bd8896
204.725846	1ce126bd86ee
204.737596	1ce126bd870f
204.750627	1ce126bd86d4
204.758716	1ce126bd88b2
204.766110	1ce126bd8709
204.781283	1ce126bd870f
204.794572	1ce126bd870f
204.806800	1ce126bd870f
204.817280	1ce126bd8806
204.822546	1ce126bd86fa
204.831004	1ce126bd870f
204.842321	1ce126bd870f
204.849965	1ce126bd870f
204.855422	1ce126bd86ff
204.867822	1ce126bd870f
204.880601	1ce126bd86ee
204.886582	1ce126bd8806
204.893202	1ce126bd8855
204.898459	1ce126bd870f
204.910753	1ce126bd8867
204.919159	1ce126bd870f
204.931248	1ce126bd870f
204.941211	1ce126bd888f
204.955875	1ce126bd870f
204.962205	1ce126bd86fa
204.972297	1ce126bd8806
204.983506	1ce126bdb560
204.992786	202995
205.003712	1ebced
205.010616	1ce126bd86e9
205.020424	1dfb39
205.028892	1eb6e9
205.038143	1dfdd5
205.045257	1e19d3
205.054695	1dfb39
205.068494	1dfb39
205.083088	1dfb39
205.095300	1ed83c
205.109810	1e1a06
205.122522	1dfb63
205.131389	1dfb39
205.145720	1dfb39
205.156731	1e1a06
205.167290	1ebd68
205.178873	1dfb39
205.194037	1dfb63
205.205049	1e951d
205.215460	1dfb39
205.224893	1e93dd
205.236849	1dfb39
205.249474	1dfb63
205.261559	1dfb63
205.268755	1dfb39
205.274578	1eb860
205.280835	1eb59c
205.286485	1e1a06
205.292433	1ce126bdad46
205.306901	1dfb63
205.316370	1e1a06
205.326537	1e1a06
205.334692	1e19ec
205.349414	1e379a
205.357838	1e37ce
205.368740	1dfb39
205.378991	1dfb39
205.386502	1ea541
205.394980	1dfb39
205.401050	1e15b5
205.406778	1dfb39
205.412715	1eb87f
205.426818	1e15b5
205.438803	1dfb71
205.453595	1dfb39
205.464712	1e193e
205.475793	1dfb39
205.485773	1dfb39
205.496893	1dfb39
205.504440	1dfb63
205.515137	1eb62b
205.527954	1eb51b
205.538929	1ce126bda97f
205.548212	1e380f
205.554569	1e1a06
205.567767	1e1a06
205.576273	1dff05
205.590041	1e1a06
205.597188	1e0cb0
205.610298	1e379a
205.620466	1dfb63
205.634221	1e15b5
205.649071	1dfb63
205.657654	1e380f
205.664679	1e379a
205.673797	1dfb39
205.685373	1e379a
205.690734	1dfb39
205.705137	1dff05
205.720181	1e1a06
205.729488	1eb754
205.736956	1e1a06
205.742403	1dfb39
205.751979	1dfb39
205.759529	1e1a06
205.771880	1e379a
205.786399	1dfb63
205.801312	1dfb71
205.815554	1dfb39
205.825619	1e9d90
205.837496	1e1a06
205.846998	1dfb39
205.853725	1dff05
205.868058	1dfb39
205.878833	1dfb39
205.885538	1dfb71
205.897997	1dfb39
205.907014	1dfb39
205.914709	1dfb39
205.922026	1e1a06
205.936346	1dfb39
205.947746	1dff05
205.957674	1e94da
205.971393	1dfb39
205.985240	1e9318
205.992467	1e1a06
206.002467	1ed2fd
206.009966	1e1a06
206.017647	1e93dd
206.030423	1dfb63
206.042211	1dfdb0
206.057261	1e379a
206.066495	1e1564
206.073474	1dfb39
206.080435	1e1a06
206.087955	1e379a
206.100680	1e379a
206.112625	1e379a
206.120222	1e15b5
206.129373	1e379a
206.138966	1e379a
206.149335	1dfb39
206.155951	1dfb39
206.169883	1dfb39
206.184769	1e379a
206.190226	1e1a06
206.202176	1ce126bdaf07
206.211628	1dff05
206.222099	1dfb71
206.234316	1dff05
206.239835	1dfb63
206.247832	1dff05
206.259687	1dfb63
206.273763	1ce126bdad30
206.284867	1e379a
206.296430	1dfb39
206.305579	1dfb63
206.311051	1e1a06
206.324880	1eb5d5
206.334543	1dfb39
206.342357	1ce126bdae91
206.353128	1eb797
206.364263	1e15b5
206.372723	1dfe97
206.387459	1dfd9b
206.392978	1e1a06
206.402049	1dfb63
206.412224	1dfb39
206.420450	1e1930
206.434642	1e1a06
206.445759	1dff24
206.453586	1e37a1
206.464006	1eb605
206.473148	1dfb39
206.485809	1e9302
206.494778	1eb605
206.509936	1dfb0c
206.515643	1dfb39
206.527987	1dfb63
206.537008	1e37c7
206.547783	1e274c
206.559156	1dfb39
206.572279	1dfb55
206.586482	1ce126cd78a1
206.599191	1dfb39
206.613045	1e929d
206.621611	1dff05
206.627635	1dfb63
206.641618	1dfb39
206.649327	1ce126bdb560
206.655708	1e379a
206.664074	1e0cb0
206.669996	1dfb39
206.677150	1e1a06
206.685273	1eb5dd
206.694008	1e1a06
206.703472	1dfb39
206.715739	1e379a
206.729219	1eb5d5
206.740733	1e1a1e
206.755416	1dfb39
206.763933	1dff05
206.778923	1dfb39
206.784867	1dfb63
206.793831	1e37e1
206.806601	1e1a06
206.821663	1e158c
206.836430	1e147f
206.846206	1e1a06
206.860382	1e379a
206.873740	1e1a06
206.884363	1e5051
206.892229	1dfb63
206.898779	1dfb63
206.907094	1e1a06
206.915159	1eb605
206.928801	1dfb71
206.941053	1eb6ff
206.951006	1dfb39
206.961037	1dfb63
206.967415	1e379a
206.979706	1e1a06
206.993771	1e9417
207.002147	1eb5ff
207.015950	1dfb39
207.025360	1e19ae
207.039389	1dfb39
207.050042	1ce126bdc060
207.064906	1ce126cd792c
207.078660	1dfb63
207.092531	1dfb39
207.101799	1e1a06
207.114643	1e3818
207.128577	1dfb39
207.136828	1e1a06
207.148383	1e0085
207.156679	1e1a06
207.168020	1dfb39
207.178504	1dfb39
207.185611	1dfb63
207.199072	1ce126bdb560
207.204632	1dfb39
207.214705	1dff05
207.220052	1dfb39
207.225673	1dfb39
207.237314	1e15b5
207.246780	1eb860
207.254274	1e379a
207.260757	1ce126bda994
207.273776	1e1a06
207.283193	1e18df
207.296177	1e1a06
207.310677	1dfb63
207.316393	1dfb63
207.325903	1ce126bdb560
207.337045	1e1a06
207.345397	1dfb39
207.355605	1e1a06
207.369822	1dfb39
207.385045	1dfb39
207.391798	1dfb39
207.398867	1e1a06
207.405891	1e1a06
207.413639	1dfb63
207.427321	1dfb39
207.434065	1dfb39
207.439364	1dfb39
207.448505	1dfb39
207.454410	1dfb63
207.459906	1dfb39
207.474667	1e1a06
207.481851	1ce126bdb376
207.488183	1dfb39
207.497123	1dfb39
207.509745	1dfb63
207.524464	1dfb39
207.534961	1dff05
207.541287	1dfb39
207.554149	1e379a
207.562739	1eb605
207.576062	1dfb39
207.589412	1e03fa
207.599257	1dfb63
207.609981	1ce126bdb16f
207.615939	1dfb39
207.624191	1e1602
207.638716	1dfad2
207.645259	1dfb39
207.650513	1dfb63
207.665516	1dfb71
207.674878	1e19bf
207.681232	1e1a06
207.695309	1dfb39
207.708880	1dfb39
207.723963	1dfb39
207.730673	1e3832
207.743461	202a00
207.754468	1dfb39
207.762154	1dfb39
207.767509	1ce126cd78ab
207.773116	1ce126bdad46
207.782910	1e19cf
207.793911	1dfb39
207.804869	1dfb39
207.818713	1dfb39
207.833768	1eb868
207.840122	1e1a06
207.854381	1dfb39
207.861072	1e194e
207.871392	1dfb63
207.880620	1dfb39
207.890750	1dfb39
207.905336	1e1a06
207.911204	1eb5d5
207.926321	1dfb39
207.931571	1ebdb5
207.941384	1dfb39
207.950160	1dfb63
207.957328	1e1a06
207.970188	1e379a
207.983431	1eb6df
207.992740	1e1a06
208.003950	202929
208.015708	1dfb39
208.025344	1eb5d5
208.034441	1e1a06
208.049444	1dfa40
208.062830	1ce126bdb386
208.071068	1dfb39
208.077722	1dfb39
208.091751	1dfd9b
208.104273	1dfb63
208.110497	1dfb39
208.123746	1dfb39
208.138069	1e1a06
208.144443	1e379a
208.154355	1dfb39
208.167455	1dfb39
208.176541	1e15b5
208.187437	1dfb39
208.196414	1dfb63
208.208090	1e379a
208.218111	1dfb39
208.229159	1dfde4
208.242824	1eb697
208.252356	1eb860
208.263206	1dfb39
208.276138	1e1a06
208.286642	1dfb39
208.293662	1eb581
208.304949	1dfb39
208.312229	1dfadd
208.319370	1dfb39
208.329178	1e1a06
208.336005	1e379a
208.349615	1e1a06
208.358665	1ea6fd
208.372326	1dfb39
208.384673	1dfb39
208.391368	1e1a06
208.401514	1dfb63
208.409896	1dfb39
208.425038	1dfb39
208.432994	1dfb63
208.444264	1eb612
208.455961	1dfb39
208.465815	1dfb39
208.477381	1e1a06
208.483314	1dfb63
208.490165	1e039f
208.496727	1dfb39
208.510981	1dfb39
208.524745	1e1a06
208.538739	1dfb39
208.550449	1e37ca
208.558805	1dfb39
208.566753	1dfb63
208.575509	1e1a06
208.587681	1dfb63
208.601885	1dff05
208.610897	1dfb63
208.621243	1dfb63
208.633691	1e950d
208.639253	1e5039
208.649185	1dfb39
208.660409	1e03f2
208.672021	1dfb39
208.679262	1dfb39
208.684497	1dfb39
208.696323	1dfb63
208.702932	1dfb63
208.711060	1eb58e
208.722022	1ce126bdc167
208.729339	1ce126bdb3a1
208.738615	1dfb39
208.747792	1eb605
208.756816	1e1a06
208.766201	1e1a06
208.775110	1e1a06
208.781441	1dfb39
208.787943	1e1a06
208.797585	1e9361
208.810225	1e9252
208.815636	1dfb63
208.821890	1dfb63
208.834276	1ce126bdadfa
208.847379	1e1a06
208.854673	1dfb63
208.864664	1e1a06
208.877131	1dfb71
208.888511	1dfb63
208.898410	1dfb39
208.907301	1e379a
208.919011	1dfb63
208.931732	1dfb63
208.937957	1e18fa
208.951146	1e1a06
208.963704	1ce126bdb36e
208.970721	1dff57
208.982760	1dfb39
208.989886	1e1a06
209.001187	1e1a06
209.012346	1dfb39
209.023607	1e1a06
209.029682	1dfb97
209.041409	1e1a06
209.047588	1e9dcb
209.062605	1dfb39
209.069322	1dfb39
209.079401	1dfb39
209.090648	1eb5d9
209.103172	1e379a
209.110210	1e4fd2
209.118445	1dfb39
209.126499	1dfb39
209.136030	1dfb39
209.141600	1dfb39
209.152387	1dfb63
209.161613	1dfb63
209.172208	1dfb39
209.177762	1e379a
209.185306	1e1a0b
209.190645	1dfb39
209.198221	1e1a06
209.210338	1dfb39
209.220692	1dfb39
209.234033	1ce126bdad30
209.246463	1e18ec
209.260411	1eb566
209.266708	1dfb39
209.278261	1e379a
209.292337	1dfb63
209.297940	1dfb63
209.307420	1ce126bdc178
209.321162	1dff05
209.327071	1e378a
209.338853	1dfb63
209.345849	1e1a06
209.351329	1e379a
209.365198	1ce126bda970
209.370661	1e1a06
209.378592	1dfb63
209.385722	1dfb39
209.399890	1e1a06
209.408930	1dfb39
209.422584	1dfb63
209.433869	1eb5ff
209.440216	1eb605
209.451191	1e1956
209.456475	1dfb39
209.461955	1dff05
209.470667	1dfb63
209.477296	1e1a06
209.483452	1dfb63
209.493190	1dfb39
209.504107	1e1a06
209.511279	1eb640
209.521296	1e1a06
209.532514	1dff05
209.539128	1dfb39
209.552017	1dfa7a
209.564222	1e19bb
209.578234	1e1a06
209.584338	1dfb39
209.595422	1e379a
209.607197	1e37e4
209.618730	1e1a06
209.625667	1ed835
209.636024	1dfb39
209.649721	1dfb63
209.664402	1dfb63
209.676635	1eb7f8
209.690513	1e1a06
209.703976	1dfb39
209.714777	1dfb39
209.727958	1e1a06
209.739906	1e1a06
209.752819	1dfb39
209.762783	1dfb39
209.768428	1dfb63
209.780879	1e1a06
209.788045	1dfb39
209.802448	1dfb63
209.815182	1e3860
209.824477	1e15b5
209.830999	1dfb39
209.845672	1dfb39
209.851599	1e19d3
209.861290	1e9407
209.875056	1e1a06
209.888757	1dfb63
209.898593	1e96c8
209.905121	1dfb39
209.913114	1dfb63
209.919595	1dfb63
209.933687	1dfb39
209.939544	1eb58e
209.949335	1e15b5
209.960506	1e1484
209.972546	1e9e37
209.977845	1dfb39
209.989673	1e194e
209.999943	1dfb63
210.008268	1e379a
210.022918	1dfb63
210.030587	1dfb39
210.043639	1dfb39
210.055672	1dfb39
210.067842	1e9dc4
210.079806	1dfb63
210.089753	1dfb39
210.096054	1dfb39
210.101970	1dfb63
210.112324	1dfb90
210.118918	1e1a06
210.127760	1dfb39
210.134430	1dfb39
210.148881	1ce126bdc067
210.155104	1dfb39
210.167023	1dfb39
210.173922	1e1a06
210.183459	1dfb39
210.198133	1dfb63
210.205052	1dfb63
210.217631	1eb5dd
210.227722	1dfb39
210.237979	1dfb39
210.247961	1e379a
210.256839	1dfb39
210.263603	1e1a06
210.271993	1e1a06
210.277885	1e1a06
210.288777	1e1a06
210.295745	1ce126bdae12
210.309609	1dfb63
210.319166	1dfb39
210.334212	1dfb39
210.348959	1dfb39
210.356620	1e1a06
210.364295	1dfb63
210.376198	1e3781
210.389255	1dfb39
210.398681	1e1a06
210.410542	1dfb63
210.425106	1dfb39
210.434131	1eb694
210.442199	1ce126bdae7d
210.453768	1dfb71
210.466540	1ce126bdc09d
210.475815	1dfb39
210.481869	1e1a06
210.491269	1dfb39
210.500156	1dfb39
210.505564	1dfb39
210.516113	1dfde4
210.526971	1ce126bd9e14
210.538191	1eb5b5
210.543876	1dfb93
210.555085	1dfb63
210.569172	1dfb39
210.575998	1e970a
210.586740	1eb516
210.592243	1dfb63
210.604960	1e1a06
210.610582	1e1a06
210.622820	1e0cb0
210.632590	1dfb39
210.642250	1dfb63
210.654014	1dfb39
210.663571	1dfb39
210.671255	1dfb63
210.681790	1e1a06
210.696391	1e1a06
210.702198	1e03dd
210.716999	1dfb39
210.729698	1dfb39
210.743482	1e1a06
210.755421	1dfb39
210.765468	1ea857
210.776724	1ce126bdc067
210.782246	1dfb63
210.789881	1eb5d5
210.795854	1ce126bdad46
210.806611	1dfa3e
210.817701	1dfb63
210.831661	1e0d1b
210.837509	1dfb63
210.847419	1dfb39
210.861949	1e1626
210.875103	1e379a
210.883720	1e1a06
210.893157	1eb5d5
210.905059	1dfb39
210.912774	1ce126bdc1c5
210.927567	1dfebe
210.933798	1dfb39
210.940774	1e162b
210.949159	1e1a06
210.962468	1dfb63
210.974657	1eb605
210.984726	1e95bb
210.993567	1dfb39
211.004030	1dfb63
211.014991	1dfde4
211.024157	1e1a06
211.036457	1dfb63
211.047876	1ce126bdc089
211.062993	1e1a06
211.073054	1dfca5
211.082035	1e3858
211.088780	1eb570
211.098116	1dfb39
211.106269	1dfb63
211.115534	1eb612
211.127505	1e0880
211.142659	1e0880
211.149696	1e0880
211.157499	1e0880
211.163295	1e0855
211.169811	1e0855
211.184798	1e0880
211.196387	1e0880
211.204814	1e0bba
211.211593	1e0855
211.224621	1e0855
211.231133	1e0855
211.236659	1e0859
211.244650	1e0880
211.251773	1e0880
211.264112	1e0880
211.275448	1e0855
211.288203	1e0880
211.301077	1e0880
211.315493	1e0d5f
211.324365	1e0882
211.337456	1ce126bdc3c2
211.345705	1e0cc3
211.356596	1e0880
211.366828	1ce126bd96ff
211.381058	1e0855
211.391552	1e0855
211.405839	1e0880
211.418246	1e0880
211.423793	1e0855
211.437906	1e0880
211.444162	1e0855
211.456398	1e0855
211.467845	1e0855
211.482202	1e0880
211.490642	1e0880
211.498774	1e0855
211.513616	1e0855
211.527298	1e0855
211.536627	1e0880
211.549418	1e0880
211.557408	1e0880
211.570489	1e0880
211.584392	1e0855
211.594669	1e0727
211.601100	1e0cb9
211.608451	1e0855
211.618056	1e0718
211.628914	1e0880
211.641958	1e0880
211.648894	1e0855
211.657159	1e085d
211.670813	1e06ef
211.680781	1e0880
211.688338	1e0855
211.696604	1e0880
211.706497	1e0855
211.713172	1e0855
211.720762	1e0874
211.730420	1e0880
211.736792	1e0855
211.744585	1e0855
211.755637	1e0880
211.766155	1e0855
211.771927	1e0880
211.785133	1e0855
211.795892	1e0855
211.804894	1e0880
211.810776	1e0880
211.817039	1e0855
211.825250	1e0855
211.833016	1e0880
211.841608	1e0880
211.853567	1e0880
211.862665	1e0855
211.871022	1e0855
211.881036	1e0855
211.891516	1ce126bdc3c2
211.900829	1e0880
211.907673	1e0880
211.919335	1e0880
211.928148	1e0880
211.934612	1e0880
211.946985	1e0880
211.953603	1e0855
211.959681	1e0880
211.970509	1e0880
211.982367	1e0880
211.987556	1e0880
211.999301	1e0855
212.008570	1e0880
212.017986	1e0855
212.025238	1e0cd0
212.039240	1e0880
212.052004	1e0855
212.059085	1e0880
212.065915	1e06ef
212.079771	1e0855
212.091466	1e0880
212.103877	1e0880
212.110543	1e0855
212.119157	1e0855
212.125732	1e0880
212.137602	1e0880
212.145615	1e0855
212.156687	1e0cb9
212.168162	1e0d5f
212.175448	1e0880
212.188573	1e0880
212.200812	1e0880
212.207055	1e0880
212.215705	1e0855
212.221087	1e0855
212.230916	1e0855
212.244449	1e0855
212.251634	1e0880
212.261944	1e0880
212.270955	1e0880
212.278507	1e0880
212.289979	1e0855
212.298231	1e06ef
212.305356	1e0855
212.316942	1e0880
212.326040	1e0880
212.338724	1e0880
212.344389	1e0855
212.358955	1e0855
212.364664	1e0855
212.376529	1e0855
212.387812	1e0cb9
212.398318	1e0855
212.412349	1e0880
212.424985	1e0880
212.437979	1e0880
212.452639	1e0880
212.466159	1e0855
212.471432	1e0880
212.483464	1e0855
212.489380	1e0855
212.500591	1e0855
212.514786	1e0855
212.527615	1f25fd
212.540346	1e0880
212.547462	1e0855
212.558341	1e0855
212.570303	1e0880
212.580067	1e0727
212.594139	1e0880
212.601828	1e0bf7
212.607283	1e0880
212.621443	1e0880
212.634145	1e0855
212.639655	1e0880
212.654518	1e0880
212.662489	1e0855
212.668120	1e0855
212.679202	1e0855
212.687064	1e0880
212.694923	1e0855
212.702833	1e0880
212.709871	1e0cb0
212.717751	1e0880
212.727343	1e0880
212.738660	1e0880
212.751721	1e0880
212.762718	1e0880
212.767975	1e0880
212.778311	1e0880
212.789129	1e0880
212.795116	1e0cb9
212.803368	1e0855
212.816382	1e0880
212.826356	1e0ce8
212.841501	1e0880
212.847944	1e0cb9
212.860679	1e0880
212.869856	1e0880
212.875617	1e0880
212.889528	1e0880
212.895793	1e0855
212.906682	1e0855
212.916453	1e0855
212.927409	1e0880
212.941818	1e0880
212.954083	1e0d32
212.959565	1e0855
212.974018	1e0880
212.982121	1e0880
212.990785	1e0880
212.998200	1e0855
213.009336	1e0855
213.016329	1e06ef
213.024919	1e0855
213.030945	1e0855
213.038516	1e0855
213.048715	1e0880
213.054286	1e0880
213.063752	1e0880
213.077773	1e0880
213.089551	1e0880
213.101649	1e0855
213.112872	1e0880
213.123250	1e0880
213.134362	1e0855
213.147376	1e0727
213.157234	1e0cd0
213.166432	1e0855
213.176649	1e0855
213.189860	1e0880
213.195958	1e0855
213.209792	1e0880
213.218775	1e0855
213.231177	1e0cd0
213.244419	1e0880
213.258550	1e0855
213.265518	1e0880
213.273822	1e0880
213.281375	1e085d
213.290322	1e0855
213.302834	1e0880
213.311251	1e0882
213.325746	1e0cb9
213.331262	1e0880
213.337464	1e0855
213.342909	1e0855
213.355477	1e0705
213.370099	1e0855
213.379292	1ce126bd967e
213.384678	1e0880
213.392772	1e0880
213.406411	1e0880
213.414535	1e0880
213.422415	1e0855
213.430210	1e0727
213.436902	1e0855
213.449796	1e0727
213.458961	1e0855
213.466929	1e0880
213.473394	1e0855
213.480562	1e0855
213.493653	1e0a8e
213.507036	1e0880
213.519914	1e0855
213.527837	1e0855
213.539658	1e0bf7
213.553204	1e0880
213.567243	1e0880
213.575513	1e0880
213.585471	1e0880
213.597337	1e0855
213.608784	1e0855
213.623612	1e0880
213.636953	1e0855
213.645756	1e0855
213.656323	1e0855
213.667269	1e0880
213.678880	1e0855
213.689105	1e0880
213.695783	1e0880
213.706432	1e0880
213.718503	1e0855
213.727339	1e0855
213.740861	1e0855
213.749331	1e0880
213.757825	1e0882
213.769553	1e0880
213.783883	1e075d
213.797686	1e0855
213.809323	1e0bf7
213.815379	1e0cb0
213.830445	1e0880
213.842970	1e0880
213.855541	1e0880
213.865264	1e0cb9
213.873480	1e0bf7
213.886516	1e0880
213.900068	1e0880
213.905867	1e0880
213.911617	1e0880
213.925357	1e0880
213.938451	1e0855
213.945196	1e0880
213.951154	1e0cb0
213.965108	1e0880
213.977238	1e0855
213.983900	1e0855
213.990977	1e0855
214.000412	1e0880
214.010315	1e0cd0
214.021705	1e0880
214.032858	1e0bf7
214.042989	1e0880
214.048660	1e0727
214.062042	1e0727
214.067458	1e0727
214.080989	1e0cb0
214.094591	1e0855
214.108349	1e0bba
214.114207	1e0880
214.128236	1e0880
214.134230	1e0880
214.147721	1e0880
214.160176	1e0705
214.172206	1e0880
214.183983	1e07b0
214.192944	1e0855
214.201296	1e0855
214.210167	1e0b05
214.222826	1e0880
214.236852	1e0880
214.248537	1e0cd0
214.253789	1e0880
214.267461	1ce126bd96fb
214.280081	1e0880
214.287597	1e0855
214.296982	1e0880
214.306358	1e06e0
214.312464	1e0880
214.320429	1e0880
214.333832	1e0880
214.345007	1e0cd0
214.354478	1e0880
214.367051	1e0855
214.376802	1e0880
214.382406	1e0880
214.388240	1e0880
214.401666	1e0880
214.410145	1e0bf7
214.420293	1e0705
214.426972	1e0855
214.438765	1e0880
214.451648	1e0cb9
214.463037	1e0855
214.474929	1e0855
214.489953	1e0bf7
214.501753	1e0880
214.509795	1e0855
214.522773	1e0d5f
214.530120	1e0880
214.544343	1e0cad
214.556845	1e0880
214.570359	1e0855
214.581088	1e0880
214.594927	1e0880
214.609061	1e0880
214.618748	1e0880
214.629897	1e0cb9
214.642054	1e0855
214.653014	1e0a8e
214.658254	1e0880
214.668476	1e0882
214.683289	1e0880
214.695642	1e0855
214.710107	1e0cb9
214.716982	1e0880
214.730850	1e0880
214.739607	1e0ad9
214.747364	1e0880
214.752864	1e0880
214.758340	1e0855
214.764983	1e0767
214.778170	1e0855
214.791666	1e0880
214.798308	1e0880
214.809701	1e0855
214.817714	1e0880
214.832510	1e0cb0
214.845357	1e0880
214.852880	1e0727
214.864734	1e0880
214.874665	1e0cd0
214.882023	1e0855
214.889755	1e0855
214.900028	1ce126bd881c
214.912971	1ce126bd8806
214.923337	1ce126bd889c
214.929315	1ce126bd888f
214.936460	1ce126bd887f
214.948993	1ce126bd8896
214.960997	1ce126bd8806
214.974644	1ce126bd8806
214.982332	1ce126bd8806
214.990758	1ce126bd8896
215.000675	1ce126bd8806
215.006193	1ce126bd8896
215.021101	1ce126bd884a
215.029374	1ce126bd88b2
215.041262	1ce126bd88b2
215.053269	1ce126bd88b2
215.058961	1ce126bd8709
215.071622	1ce126bd8806
215.078037	1ce126bd870f
215.087312	1ce126bd8825
215.101779	1ce126bd86d0
215.112070	1ce126bd86ff
215.121293	1ce126bd870f
215.128930	1ce126bd8806
215.137616	1ce126bd8896
215.151463	1ce126bd8862
215.164661	1ce126bd8862
215.175571	1ce126bd870f
215.190560	1ce126bd870f
215.202322	1ce126bd8814
215.214602	1ce126bd870f
215.221084	1ce126bd8806
215.235839	1ce126bd8806
215.245714	1ce126bd887f
215.257307	1ce126bd870f
215.263563	1ce126bd885e
215.276289	1ce126bd870f
215.282373	1ce126bd870f
215.291310	1ce126bd870f
215.299598	1ce126bd870f
215.305936	1ce126bd870f
215.315250	1e0cb9
215.324456	1e1a06
215.331990	1e0bf7
215.341710	1ce126bd870f
215.350753	1e0a8e
215.363119	1dfe97
215.369426	1e379a
215.376313	1e379a
215.387722	1e0855
215.393619	1ce126bdb560
215.407467	1e9417
215.421284	1e0855
215.427275	1e0880
215.440619	1dfb39
215.446584	1e150a
215.457159	1e0bf7
215.462868	1e0855
215.470790	1e0880
215.476916	1ce126bd885e
215.485405	1e03a7
215.491833	1dfb39
215.500760	1e9231
215.510231	1ce126bdc3c2
215.515490	1e0bd7
215.527499	1e0855
215.536274	1e163d
215.543978	1e379a
215.555853	1e379a
215.570325	1e0880
215.585130	1e0bf7
215.594402	1ce126bd8806
215.604275	1e940b
215.614329	1dfd9b
215.619726	1dfb39
215.630266	1dfb63
215.642390	1e0727
215.656961	1e0855
215.665055	1e0cb0
215.674262	1e379a
215.689210	1e1a06
215.704266	1e379a
215.715805	1e0880
215.727124	1e0cb9
215.734856	1e0855
215.744307	1e0855
215.758116	1ea113
215.772071	1e1a06
215.786651	1e15b5
215.792058	1e379a
215.803302	1e0880
215.816754	1e0855
215.829097	1e0880
215.839722	1ce126bd86d0
215.854493	1e379a
215.861075	1dfb39
215.872039	1e9f5d
215.883604	1dfb39
215.896686	1e0880
215.906252	1ce126bd967e
215.913752	1e0855
215.928391	1e0bf7
215.934928	1e0882
215.940336	1ce126bd870f
215.946097	1dfb39
215.954744	1e1a06
215.966526	1dfb93
215.978820	1dfb39
215.986938	1ce126cd7917
215.996058	1e1a06
216.001884	1dfb39
216.015481	1e0855
216.024931	1e0855
216.037975	1e0880
216.047870	1e0880
216.056786	1ce126bd8709
216.066851	1dfd9b
216.078237	1dfb1c
216.088030	1e1a06
216.093973	1e15b5
216.106503	1e3e73
216.111920	1dfd9b
216.119679	1ce126bdb754
216.125206	1dfb39
216.132750	1e0880
216.140422	1e0bf7
216.148211	1e0855
216.153887	1e0bf7
216.165205	1e0727
216.175050	1e0880
216.180382	1e0855
216.188466	1ce126bd8842
216.197495	1e15b5
216.205946	1e379a
216.213164	1dfb39
216.227255	1dfb63
216.237256	1dfb39
216.251315	1dfb63
216.265041	1e19e5
216.274572	1e0727
216.284677	1e0855
216.293631	1e0880
216.303328	1e0cd0
216.312261	1e0880
216.320248	1e0727
216.325561	1ce126bd8806
216.339732	1e1a06
216.350336	1e379a
216.359440	1e9ff5
216.366684	1e0cb0
216.381406	1dfdd5
216.393038	1e3e52
216.398808	1e9260
216.408661	1e0cb0
216.422406	1e0880
216.433755	1e0880
216.442509	1e0880
216.452737	1e0ac6
216.463404	1ce126bd8862
216.478158	1e1a06
216.487614	1dfb39
216.496646	1e1a06
216.502964	1dfb39
216.517594	1ea00e
216.530714	1dfb39
216.544499	1dfb39
216.557889	1e0880
216.571454	1e0880
216.583805	1e0880
216.594978	1e0727
216.607976	1ce126bd8806
216.619307	1e0cb0
216.632868	1e1a06
216.642163	1dfd9b
216.652545	1e1a06
216.665786	1e19e5
216.675095	1e1a06
216.688999	1dfcc7
216.697139	1e0855
216.710959	1e0705
216.717765	1e0880
216.727881	1e0855
216.738981	1e0880
216.748214	1e0855
216.756627	1ce126bd8862
216.771152	1dfa85
216.780356	1dfb39
216.787426	1e1a06
216.798358	1e1a06
216.811053	1e379a
216.825631	1ce126bdb560
216.836169	1dfb39
216.848158	1e0d39
216.853793	1e0880
216.862639	1e0705
216.872772	1e0bf7
216.887280	1e0880
216.897081	1e0880
216.911165	1e0880
216.918005	1ce126bd8862
216.926031	1e3832
216.940196	1e14b7
216.948370	1dfb39
216.954560	1ce126bdb376
216.960607	1e1a06
216.974921	1dfb39
216.985689	1e15b5
216.995939	1dff05
217.009637	1e379a
217.022543	1e0855
217.033690	1e0880
217.039954	1e0855
217.052201	1e0880
217.064618	1e0880
217.070925	1e0880
217.084599	1e0855
217.096226	1ce126bd870f
217.105511	1e1a06
217.111327	1dfb39
217.118795	1dff05
217.133486	1dfb39
217.146812	1dfdd5
217.153890	1e273f
217.160499	1dfb39
217.174497	1ce126bdb36e
217.184058	1e1a06
217.195313	1e0880
217.210224	1e0880
217.224131	1e0855
217.232472	1e083b
217.241344	1e0855
217.247934	1e0855
217.262633	1e0cd0
217.270210	1e0cd0
217.276112	1ce126bd8806
217.287296	1dfb39
217.294526	1ce126bdad46
217.307874	1dfb39
217.321361	1e1803
217.330706	1dfb39
217.343693	1e379a
217.357858	1e1a06
217.371106	1ce126bdb213
217.382216	1dfb87
217.392989	1e0855
217.399411	1e0855
217.410853	1e0d5f
217.418957	1e0880
217.433203	1e0855
217.446021	1e0855
217.460783	1e0880
217.469124	1e0880
217.475869	1ce126bd8806
217.481811	1ce126bd88b2
217.489949	2029eb
217.502502	1ce126bdc1c5
217.513264	1dfb39
217.523299	1e1a06
217.535825	1dfb39
217.546290	1ce126bdaddd
217.553954	1dfb71
217.561469	1dfb39
217.570848	1e3eb0
217.580678	1e379a
217.594365	1dfe97
217.602273	1dfb39
217.610422	1e0855
217.617089	1e0855
217.623251	1e0cd0
217.633163	1e0880
217.639437	1e0880
217.654681	1e0727
217.665335	1e0880
217.672703	1e0855
217.682272	1e0c1e
217.697077	1ce126bd8806
217.704333	1ce126bd8709
217.711991	1e1a06
217.724821	1ce126cd7880
217.736934	1dfb39
217.742123	1e1a06
217.752925	1dff05
217.767379	1dfdd5
217.782264	1e1a06
217.792812	1ce126bdb560
217.801142	1dfb39
217.809367	1ce126bdb3b0
217.818243	1e0cb0
217.830930	1e0880
217.837871	1e0855
217.846008	1e0bf7
217.852293	1e0880
217.867419	1e0cd0
217.878144	1e0bf7
217.885728	1e0855
217.891916	1e0880
217.899639	1e0880
217.914133	1ce126bd88d1
217.922208	1ce126bdb560
217.933483	1dfb39
217.941427	1dfb39
217.954288	1dff7c
217.965910	1e191e
217.978453	1e1a06
217.986343	1e15b1
217.998965	1dfb39
218.004937	1dff9d
218.018900	1dfb39
218.028159	1e379a
218.035520	1e379a
218.042904	1e0727
218.049383	1e0cb9
218.054608	1e0727
218.068950	1e0855
218.082556	1e0d39
218.090038	1e0855
218.096008	1e0855
218.109913	1e0bf7
218.116701	1e0880
218.128842	1ce126bd88a5
218.137747	1ce126bd870f
218.148625	1ea10a
218.155288	1dff05
218.170146	1e0ca9
218.180862	1e379a
218.194006	1dfb39
218.202967	1ce126bdc162
218.212575	1e1a06
218.225411	1ce126bdb55c
218.237026	1dfb39
218.242740	1e1484
218.254120	1e1a06
218.267166	1e0855
218.272760	1e0cb0
218.282192	1e0855
218.290938	1e0880
218.303953	1e0880
218.314399	1e0880
218.321661	1e0705
218.336918	1e0727
218.349183	1e0cb0
218.357888	1e0880
218.367097	1e0bf7
218.376489	1ce126bd887f
218.382602	1ce126bd8709
218.394178	1e1a06
218.408045	1e19cf
218.419930	1ce126bdb560
218.432829	1dfb39
218.442768	1e379a
218.450978	1dfca5
218.462561	1dfb39
218.476036	1dfb39
218.483391	1ce126bdad46
218.494364	1ce126bdb560
218.501199	1e379a
218.508898	1e1a06
218.516503	1e15b5
218.530395	1dfb39
218.542002	1e0880
218.551642	1e0880
218.557579	1e0880
218.572715	1e0855
218.577930	1e0880
218.592346	1e0cc7
218.606583	1e0cb0
218.616213	1e0855
218.623338	1e0727
218.631489	1e0cb9
218.643900	1ce126bd86ff
218.657835	1e194e
218.671261	1dfb39
218.681262	1e1a06
218.689569	1dff7c
218.701510	1e379a
218.710418	1ce126bdb560
218.724727	1dff05
218.739462	1ce126bdb560
218.745513	1e1a06
218.751070	1e9fa7
218.757758	1e3ebe
218.772133	1dfb63
218.785553	1e07a7
218.791715	1e0855
218.800678	1e0880
218.814718	1e0cd0
218.821485	1e0880
218.835369	1e0855
218.841796	1e0bf7
218.852842	1f260e
218.862593	1f2614
218.874336	1e0880
218.882486	1ce126bd8709
218.895061	1e1a06
218.900468	1e192b
218.907308	1e15b5
218.918196	1dfca9
218.931358	1e1a06
218.944849	1e1a06
218.959315	1e1a06
218.968195	1dfd9b
218.978642	1dfb82
218.993369	1dfb63
218.999120	1dfb39
219.010654	1ce126bdb386
219.015877	1e379a
219.025365	1e159c
219.030936	1e0855
219.037206	1e0880
219.052030	1e0855
219.061907	1e0855
219.075710	1e0855
219.084227	1e0855
219.097426	1e0880
219.112318	1e0727
219.121554	1e0727
219.130024	1ce126bd870f
219.139901	1ce126bd8806
219.145065	1ce126bdb560
219.153027	1dfb39
219.160085	1e19ca
219.168320	1ce126bd86e9
219.179711	1e379a
219.186936	1e1a06
219.194708	1dfb39
219.204786	1dfb63
219.215027	1dfb39
219.225441	1ce126bdb04a
219.232075	1e14b7
219.245975	1e1a06
219.251266	1ce126bdae22
219.258520	1e3e8f
219.272032	1dfb39
219.283359	1dfb39
219.293790	1ceef3
219.304300	1e0880
219.317605	1e0cd0
219.324130	1e0855
219.333791	1e0855
219.344024	1e0880
219.351291	1e0880
219.364849	1e0880
219.374505	1e0855
219.384734	1e0880
219.396944	1e0855
219.408232	1e0855
219.416095	1e0bf7
219.424459	1e0855
219.438800	1ce126bd8862
219.450986	1ce126bdb560
219.458995	1e0cb0
219.472887	1e1915
219.484168	1e9417
219.493896	1ce126bdb560
219.501592	1e193e
219.512885	1dfe14
219.525856	1dff05
219.536583	1dff7c
219.550764	1e0cb0
219.564306	1dff05
219.571184	1e379a
219.580109	1e9f5d
219.590928	1dff05
219.597263	1e9302
219.607413	1ce126bdb560
219.620529	1ea00b
219.630543	1e0cd0
219.642902	1ce126bdc413
219.649328	1e0880
219.662476	1e0855
219.670760	1e0cd0
219.682045	1e0880
219.689496	1e0bf7
219.701314	1e0855
219.707936	1e0855
219.721123	1e0880
219.727738	1e081f
219.736973	1e0ac6
219.746695	1e0cb9
219.752082	1ce126bd8806
219.762138	1ce126bd8806
219.770283	1e1a06
219.780958	1dfb39
219.789007	1ce126bdb394
219.799663	1dfb39
219.809074	1e379a
219.818635	1dfb39
219.829944	1ce126bdb560
219.841725	1dfb39
219.849646	1e3780
219.859087	1e379a
219.873453	1dfb63
219.884300	1dfb63
219.896931	1ce126bdb560
219.910570	1e379a
219.924742	1e1a06
219.930467	1e0cd0
219.944411	1e0880
219.952323	1e0880
219.964787	1e0855
219.977727	1e0855
219.987813	1e0855
219.997758	1e0855
220.005384	1e0bf7
220.017451	1e0880
220.028311	1e0880
220.041285	1e0880
220.048596	1ce126bd8709
220.053819	1ce126bd8709
220.062591	1dfb39
220.073229	1e15b5
220.087640	1e1a0b
220.093628	1e3ebe
220.105670	1ea03e
220.120036	1e1a06
220.131343	1dfb63
220.138908	1dff05
220.145409	1dfb39
220.159826	1ea05b
220.169265	1dfb39
220.177696	1e1a06
220.189434	1dfb39
220.196557	1e1a06
220.210639	1e379a
220.220256	1e0880
220.230966	1e0855
220.238994	1e0855
220.250705	1e0705
220.259502	1e0880
220.269962	1e0855
220.284469	1e0882
220.295512	1e0ccc
220.303418	1e0855
220.309215	1e0880
220.319949	1e0cb0
220.328235	1e0cb0
220.342129	1ce126bd870f
220.349681	1ce126bdb560
220.358758	1e194e
220.368064	1dfb39
220.375336	1e379a
220.385594	1e1a06
220.395641	1dfb39
220.402327	1dfb39
220.416273	1e379a
220.421716	1e1a06
220.436684	1dfb39
220.442894	1dfb39
220.456265	1dfde4
220.471160	1e1a0b
220.476415	1e39c3
220.485614	1e1a06
220.500735	1e379a
220.515175	1e0880
220.521925	1e0880
220.535887	1e0c28
220.548664	1e0855
220.557209	1e0880
220.571572	1e0880
220.582488	1e0855
220.590866	1e0cb0
220.599724	1e0855
220.614827	1e0880
220.626369	1ce126bd8806
220.633495	1ce126bd8862
220.647119	1e1a06
220.655189	1ce126bdae7d
220.664944	1dfb39
220.677558	1dfb39
220.685109	1e3832
220.691499	1e273f
220.704150	1e379a
220.714415	1ce126bdb560
220.726893	1ce126bd870f
220.733304	1dfb39
220.742707	1e15b5
220.749032	1e0cdc
220.760380	1dfb39
220.772558	1e1a06
220.783434	1dfb39
220.792324	1e3a3a
220.798456	1e1a06
220.808620	1e0727
220.823735	1e0880
220.833604	1e0727
220.841548	1e0cd0
220.854772	1e0880
220.867244	1ce126bd96e6
220.876880	1e0880
220.884180	1e0880
220.898717	1e0705
220.905429	1e0bf7
220.911838	1e0880
220.918104	1e0880
220.929620	1e0880
220.942115	1ce126bd86d8
220.951313	1ce126bdb560
220.963723	1e9445
220.978857	1dfb39
220.993687	1e1a06
221.006015	1e3901
221.020903	1ce126bdae71
221.028575	1e379a
221.043461	1dfb39
221.058145	1dff05
221.064483	1dfb39
221.079039	1e379a
221.085344	1dfb63
221.092922	1dfb90
221.105888	1e379a
221.113698	1dfb39
221.126478	1e0880
221.141134	1e0855
221.153117	1e0855
221.164720	1e0855
221.175303	1e0880
221.183869	1e0855
221.198185	1e0d5f
221.212708	1e0880
221.226068	1e0727
221.233965	1e0855
221.246424	1e0cb0
221.252287	1e0855
221.265408	1ce126bd870f
221.278269	1e15b5
221.286099	1e15b5
221.300030	1dfb39
221.313128	1dff05
221.324279	1e1a06
221.331160	1ce126bdad46
221.344637	1ce126bdb36e
221.353884	1e379a
221.366825	1e3a11
221.375557	1ce126bdb560
221.385514	1e1a06
221.396087	1e5020
221.411251	1dfb39
221.425093	1e1a06
221.438556	1e0855
221.447274	1e0880
221.455877	1e0880
221.469328	1e075d
221.476857	1e0855
221.490426	1e0cd0
221.496240	1e0727
221.509982	1e0880
221.523473	1e0880
221.533780	1e0855
221.542772	1e0bf7
221.557733	1e0880
221.563285	1e0855
221.571583	1ce126bd8806
221.579610	1ce126bd8806
221.593181	1e1a06
221.601151	1e9ff5
221.613071	1dff05
221.622241	1dfb39
221.629199	1dfb39
221.640275	1ea00b
221.648633	1e379a
221.655440	1dfb39
221.666778	1dfb39
221.677092	1dfb39
221.687073	1e1a06
221.701048	1dfb63
221.709904	1dfb39
221.724700	1dfb39
221.734261	1e1a0b
221.748894	1dfb71
221.757442	1dfde4
221.763340	1e0855
221.772443	1e0880
221.786277	1e0880
221.792375	1ce126bd968c
221.803325	1e0880
221.808749	1e0880
221.821483	1e0855
221.835486	1e0880
221.849137	1e0855
221.862181	1e0880
221.872047	1e0c13
221.885119	1e0855
221.891879	1e0cb0
221.900669	1e0880
221.907815	1e0880
221.914346	1ce126bd8806
221.925062	1ce126bd870f
221.930337	1ce126bd891b
221.939393	1ce126cd78ab
221.947428	1dfb39
221.954242	1dfb39
221.965091	202941
221.978094	1e951d
221.985069	1e1a06
221.994908	1dfb39
222.003843	1e379a
222.012146	1ce126bdb560
222.020754	1e379a
222.035323	1ea023
222.046319	1dfb39
222.059743	1dfb87
222.071000	1dfb39
222.077107	1dfb39
222.083661	1dfdb0
222.092987	1dfb39
222.103714	1dfb39
222.115522	1dfb39
222.129978	1e06ef
222.142808	1e0880
222.152574	1e0b91
222.165982	1e0880
222.176433	1e0cb0
222.186555	1ce126bd9666
222.196068	1e0855
222.210577	1e0880
222.220747	1e0727
222.233702	1e0cb9
222.246775	1e0880
222.259299	1ce126bd8862
222.274042	1dff05
222.280190	1ce126bdb036
222.286931	1dfb39
222.298500	1ce126bdc178
222.309597	1e386a
222.320680	1dfb39
222.330358	1e379a
222.336244	1ce126bdb36e
222.350499	1e1a06
222.361409	1dfb63
222.376428	1dfd9b
222.384275	1dfb39
222.397182	1e1a06
222.404509	1e1a06
222.418200	1ce126bdc167
222.424309	1e1a06
222.438291	1dfb63
222.449855	1dfb39
222.463010	1e0855
222.469033	1e070b
222.478726	1e0855
222.484901	1e0727
222.490896	1e0880
222.500217	1e0727
222.510332	1e0727
222.517234	1e0855
222.531289	1e0880
222.536515	1e0880
222.545494	1e0855
222.559390	1e0855
222.573340	1e0855
222.585837	1e0855
222.593079	1e0855
222.602701	1e0880
222.611331	1e0855
222.624160	1e0880
222.632009	1ce126bd8896
222.637885	1ce126bd8896
222.652014	1ce126bdb560
222.662176	1e379a
222.674093	1e1a06
222.681193	1dfdd5
222.689935	1dfb39
222.695498	1e379a
222.706939	1e1a06
222.719804	1ce126cd78ab
222.730683	1dfb63
222.742798	1dfb39
222.752423	1e1a06
222.762593	1dfb39
222.770040	1ce126bdaee0
222.780175	1dfb39
222.789857	1e1a06
222.799010	1dfb39
222.813301	1dfb63
222.825511	1e1a06
222.840672	1dfb39
222.849539	1dfb39
222.864522	1e1635
222.877500	1e0880
222.888687	1e0880
222.896067	1e0cb0
222.904422	1e0880
222.911873	1e0880
222.919805	1e0880
222.925968	1e0855
222.939188	1e0cb0
222.953790	1e0880
222.962771	1e0cd0
222.973774	1e0880
222.982567	1e0880
222.988303	1e0880
222.997960	1e0705
223.009604	1e0880
223.018295	1e0855
223.023528	1e0855
223.035628	1e0855
223.044437	1ce126bd8709
223.054344	1ce126bd870f
223.068265	1ea113
223.081198	1e3e98
223.091884	1ce126cd78ab
223.105321	1dfb39
223.119064	1e1a06
223.127816	1dfb39
223.133292	1e19ca
223.140103	1e379a
223.151902	1dfb63
223.165435	1e394c
223.174623	1dfb39
223.187521	1dfb41
223.199433	1dfb39
223.213203	1dfb39
223.224547	1dfb63
223.234711	1dfb39
223.240965	1dfb39
223.247019	1e03d2
223.260512	1dfb39
223.273955	1e0bf7
223.286599	1e0880
223.299457	1e0855
223.307276	1e0880
223.317274	1e0855
223.326510	1e0855
223.338493	1e0880
223.348648	1e0855
223.356638	1e0880
223.365492	1e0880
223.372101	1e0855
223.378942	1e0727
223.389913	1e0855
223.402586	1e0855
223.414757	1e0880
223.421751	1e0855
223.433791	1e0855
223.439133	1e0855
223.446143	1ce126bd8896
223.456020	1ce126bd8862
223.462739	1ce126bd8806
223.470003	1e1a06
223.482730	1ce126bdb560
223.492134	1e1a06
223.506217	1e0085
223.515791	1ce126bdc1c0
223.522680	1dfb39
223.533925	1e392a
223.539299	1e1a06
223.550291	1ce126bdc09d
223.555888	1e1a06
223.562088	1e9318
223.577193	1e379a
223.589002	1dff05
223.596675	1dfb39
223.606713	1e18c4
223.620174	1dfb39
223.632839	1ce126cd78a1
223.639928	1dff05
223.649234	1dfb39
223.661281	1ce126bdb560
223.672282	1ce126bdadfa
223.680249	1dfb63
223.687720	1e0cd0
223.702746	1e0727
223.712806	1ce126bd96e6
223.722444	1e0bf7
223.736613	1e0855
223.744207	1e0880
223.755133	1e0880
223.764461	1e0cd0
223.779645	1e0880
223.789880	1e0880
223.799709	1e0880
223.809636	1e0cb0
223.818479	1e0880
223.831677	1ce126bd96e6
223.845256	1e0880
223.857246	1ce126bd8862
223.871591	1ce126bd870f
223.881833	1e3ece
223.889396	1dfde4
223.900324	1ce126cd7884
223.913769	1e397d
223.926228	1dff05
223.931725	1e1a06
223.942566	1dfb39
223.957469	1dff05
223.963338	1e3ea0
223.973032	1e18df
223.986611	1e1a06
224.001568	1dfb39
224.009813	1e1a0b
224.016627	1dfb63
224.029624	1e379a
224.037962	1dfdd5
224.051357	1ce126bdb560
224.061564	1e1a06
224.074718	1dfb39
224.088820	1e1a06
224.099981	1e0880
224.114221	1f2614
224.129198	1e0880
224.143088	1e0880
224.152682	1e0727
224.158748	1e0727
224.165230	1e0cb0
224.172365	1e0bf7
224.179343	1e0882
224.188501	1e0855
224.197275	1e0855
224.206366	1e0855
224.215147	1e0855
224.222356	1e0880
224.235977	1e0880
224.251069	1e0880
224.259058	1e0cbb
224.272773	1e0880
224.278223	1e0855
224.292672	1ce126bd8825
224.307444	1ce126bd8806
224.321210	1dff05
224.326706	1e1a06
224.338608	1dfb39
224.351669	1e1a06
224.359295	1dfb39
224.371714	1e379a
224.380910	1e15b5
224.387318	1dfb39
224.392855	1e0cc7
224.404963	1ea023
224.416502	1e19d3
224.429864	1dfb5c
224.435566	1e1a06
224.447927	1e1a06
224.456903	1dfa41
224.467622	1dfb39
224.479294	1e19aa
224.491651	1e3ece
224.502132	1dfb39
224.512415	1dfb39
224.518584	1dfb63
224.528483	1dfec3
224.539556	1dfb63
224.552880	1ce126bdb560
224.558993	1e1a06
224.571715	1dff5c
224.583714	1e0880
224.598220	1e0880
224.604464	1e0705
224.618257	1e0880
224.628294	1e0727
224.638165	1e0880
224.646478	1e0cb9
224.660686	1e0727
224.668731	1e0855
224.673960	1e0880
224.683458	1e0880
224.698691	1e0727
224.709928	1e074f
224.718307	1e0855
224.732026	1e0880
224.744942	1e0880
224.752705	1e0727
224.766873	1e0cd0
224.775025	1e0727
224.784471	1ce126bdc3c2
224.798064	1ce126bd88a5
224.809485	1ce126bd8806
224.817420	1dfb39
224.826083	1dfb39
224.839861	1e1a06
224.849962	1e3a2c
224.856801	1dfb39
224.862858	1dfb39
224.875970	1dfb39
224.886852	1e1a06
224.901357	1ce126bdb560
224.910209	1e1a06
224.924599	1e379a
224.931446	1dfb39
224.941993	1dff4c
224.947212	1dff05
224.960766	1dff05
224.967990	1dfb39
224.980964	1e379a
224.986627	1dfb39
224.994341	1ce126bdb560
225.006227	1e3e81
225.019599	1dfb39
225.025184	1dfb63
225.032174	1e379a
225.044145	1e0cb0
225.050698	1e93dd
225.058683	1e0880
225.073476	1e0b64
225.084241	1e0880
225.098727	1e0855
225.113608	1ce126bd972f
225.127390	1e0880
225.139021	1e0855
225.151295	1e0880
225.159031	1e0880
225.173865	1e0cb9
225.179357	1e0855
225.187242	1e0727
225.199957	1e0880
225.206392	1e0855
225.216061	1e0855
225.224817	1e0d5f
225.239169	1ce126bd881c
225.249374	1ce126bd870f
225.263819	1e155f
225.271200	1e1a06
225.276880	1e1a06
225.289579	1dfb39
225.296021	1dfb39
225.304712	1dfb39
225.314254	1dfb39
225.326348	1dff05
225.335830	1e379a
225.344628	1dfde4
225.352127	1dfca5
225.362286	1dfb39
225.374168	1dfb2d
225.387926	1ea034
225.395383	1dfb39
225.409074	1dff05
225.415256	1dfb39
225.423949	1dfb39
225.432766	1e379a
225.444566	1dfb39
225.456665	1e1a06
225.469007	1e37a0
225.479394	1dfb87
225.491404	1ce126bdaeb4
225.504406	1e1a06
225.517347	1e0871
225.524063	1e0855
225.529385	1e0855
225.540087	1e0880
225.546944	1e0880
225.554479	1e0880
225.567466	1e0880
225.573115	1e0855
225.585930	1e0cb0
225.593985	1e0855
225.601951	1e0855
225.611473	1e0855
225.624781	1e0cb0
225.636492	1e0880
225.643258	1e0855
225.649427	1e0880
225.662473	1e0829
225.669101	1e0880
225.680307	1e0880
225.689890	1e0705
225.699804	1ce126bdc3c2
225.712262	1ce126bd8862
225.722665	1ce126bd870f
225.728431	1ce126bdb560
225.739850	1dfb39
225.750089	1e37c1
225.758891	1dfb39
225.773606	1dfb39
225.786387	1dfb39
225.799548	1dfb39
225.811398	1e1a06
225.826070	1e9f8f
225.838749	1cea0d
225.847034	1dfb63
225.855325	1e1484
225.868420	1e1a06
225.879334	1e379a
225.890552	1e1a06
225.902071	1e1a06
225.907965	1dff05
225.917059	1e379a
225.930519	1e1a06
225.945444	1dff05
225.960413	1ce126bdb754
225.966054	1dfb39
225.978028	1ce126bdb560
225.985546	1e0855
225.994992	1e0880
226.005373	1e0727
226.011187	1e0855
226.019624	1e0880
226.033054	1e0855
226.041376	1e0880
226.047734	1ce126bd966d
226.062331	1e0855
226.069382	1e0855
226.077606	1e0880
226.092450	1e0bf7
226.097758	1e0880
226.105833	1e0880
226.115017	1e0a8e
226.124454	1e0880
226.129890	1e0855
226.138225	1e0880
226.147943	1e0cd0
226.159251	1ce126bd967e
226.173080	1e075d
226.185060	1ce126bd887f
226.196399	1ce126bd8709
226.210264	1ce126bdb560
226.224998	1dff05
226.236087	1dfb39
226.250326	1dfb39
226.256051	1dfdd5
226.263454	1dfb39
226.269293	1dfb39
226.284457	1dfb39
226.294299	20294d
226.301139	1e1478
226.313214	1e379a
226.320942	1dfb39
226.329988	1dfb39
226.342198	1dfb39
226.347989	1e03d2
226.362847	1dff05
226.368116	1ce126cd7891
226.381646	1dfb39
226.387290	1dfb39
226.401288	1dfb39
226.407069	1ce126bdaabf
226.416622	1e15b5
226.429059	1e1a06
226.434812	1dff5c
226.447906	1e1895
226.462885	1ce126bdb3b0
226.470194	1e379a
226.481605	1e0bf7
226.493114	1e0a8e
226.503691	1e0855
226.511980	1e0855
226.523660	1e0bf7
226.533758	1e0880
226.548581	1e0880
226.560731	1e0cd0
226.567642	1e0880
226.580612	1e0cd0
226.588609	1e0882
226.603207	1e0880
226.617668	1e0cc7
226.625261	1e0880
226.640239	1e0880
226.649156	1e0880
226.662238	1e0727
226.675860	1e0855
226.686380	1e0880
226.699776	1ce126bd8896
226.706782	1ce126bd8896
226.712154	1ce126bd8806
226.722203	1ce126bdb560
226.732801	1dfb39
226.742776	1e1a06
226.752225	1dfb39
226.764438	1dfb39
226.777174	1ce126bdb3b7
226.785326	1e379a
226.792790	1dff05
226.798331	1dfb63
226.806010	1dfb39
226.816273	1dfb63
226.828244	1dfb39
226.838888	1e1a06
226.852285	1ce126bdae57
226.858924	1e1a06
226.866858	1dfb39
226.877603	1e1a06
226.886976	1dfb39
226.895970	1dfb63
226.909693	1dfb39
226.919261	1ce126bdb26c
226.925326	1dfb63
226.939886	1e379a
226.945858	1dfb39
226.956005	1dff05
226.962756	1dfb39
226.974856	1ce126bdaddd
226.982715	1dfb39
226.996059	1dfb39
227.009536	1e0727
227.022368	1e0727
227.034135	1e0855
227.043634	1e0880
227.053378	1e0bf7
227.064182	1e0880
227.078020	1ce126bd9754
227.093239	1e0880
227.100762	1e0727
227.110085	1e0871
227.119177	1e0880
227.127644	1e0880
227.134275	1e0880
227.141827	1e0855
227.153621	1e0855
227.162603	1e0880
227.177390	1e0880
227.192216	1e0855
227.200920	1e0bf7
227.209373	1e0880
227.223926	1ce126bd887f
227.230427	1ce126bd870f
227.244718	1ce126bdaf07
227.251158	1dfb39
227.256696	1e379a
227.269821	1dfb39
227.278981	1e1a06
227.284831	1e1a06
227.296220	1ce126bdb55c
227.301625	1dfb39
227.309357	1dfb39
227.314751	1ea023
227.321158	1dfb63
227.333737	1e9fbc
227.344416	1e1a06
227.358681	1e1a06
227.366556	1e379a
227.380135	1dfb39
227.392804	1dfb39
227.400215	1e379a
227.410168	1e1a06
227.422700	1e1a06
227.437640	1ce126bdb560
227.445853	1dfb39
227.460697	1dfb63
227.473012	1e1a06
227.481614	1dfb63
227.487575	1e1a06
227.493736	1e379a
227.504310	1e1a06
227.513097	1dfb82
227.528043	1ce126bdb754
227.539592	1e0880
227.548617	1e0bf7
227.559826	1e0bf7
227.573875	1e0cd0
227.586700	1e0855
227.598859	1e0cb0
227.613762	1e0880
227.627081	1e0bf7
227.638726	1e0cb0
227.644759	1e0882
227.653631	1e0727
227.665665	1e0cb9
227.673563	1e0880
227.688696	1e0880
227.701800	1e085d
227.715703	1e0727
227.723739	1e0bf7
227.732119	1e0880
227.743062	1e0855
227.753175	1e0880
227.760580	1ce126bd8806
227.774764	1ce126bd8806
227.788351	1e1a06
227.795257	1e1a06
227.805397	1e379a
227.810865	1e1a06
227.818787	1dfb39
227.830046	1dff05
227.838815	1e1a06
227.850900	1dfb39
227.861615	1dfe86
227.868497	1dfb39
227.876627	1dff05
227.887614	1e1599
227.896835	1ce126bdb042
227.907110	1e1a06
227.914555	1e1a06
227.926802	1e1a06
227.940586	1dfb39
227.950366	1dfb39
227.964435	1dfb63
227.978434	1e1a06
227.984670	1dfb39
227.993593	1dfb39
228.001752	1dff05
228.015465	1dfb39
228.029780	1e1a06
228.037689	1ce126bdc1c5
228.044306	1dfb63
228.051741	1dff05
228.057136	1e19d3
228.070039	1ce126bda994
228.076328	1e07fd
228.082819	1e0880
228.090280	1e0855
228.097365	1e0880
228.107422	1e0880
228.113745	1e0cd0
228.123706	1e0727
228.129281	1e0855
228.134986	1e0727
228.143715	1e0855
228.151488	1e0d5f
228.164808	1e0855
228.175302	1ce126bd96a8
228.180530	1e0855
228.190900	1e0880
228.196265	1e0cc3
228.211177	1e0880
228.220253	1e0880
228.231700	1e0880
228.242493	1e0880
228.250079	1e0bf7
228.260193	1e0cb0
228.268369	1e0880
228.282074	1e0880
228.294938	1ce126bd86ee
228.309862	1ce126bdb560
228.320373	1ce126bdad30
228.329723	1dfb90
228.341511	1dfb39
228.352865	1dfb39
228.366828	1dfb39
228.375402	1e1484
228.383972	1dfb55
228.395695	1dfb39
228.410494	1e1a06
228.425619	1e0cb0
228.436425	1dfb39
228.451420	1e19bb
228.461959	1dfb39
228.476347	1dfb39
228.483190	1ce126bdaeb4
228.493667	1dfb63
228.499254	1dfb63
228.510838	1e379a
228.521261	1ce126bdb560
228.535467	1e3eae
228.550208	1dff05
228.557448	1e1a06
228.571843	1e0855
228.579320	1e0727
228.587561	1e0880
228.595504	1e0cb9
228.605565	1e0880
228.620264	1e0cc7
228.626899	1e0880
228.632898	1e0855
228.642214	1e0bf7
228.648547	1e0882
228.660674	1e0880
228.673693	1e0880
228.687575	1e0855
228.702419	1e0882
228.712853	1e0880
228.724692	1e07f6
228.732768	1e0880
228.745321	1e0855
228.756921	1e0880
228.764426	1e0bf7
228.779079	1ce126bd8862
228.790387	1ce126bd870f
228.800942	1ce126bd870f
228.815261	1ea023
228.826541	1dfcc3
228.841205	1e1a06
228.853666	1dfb39
228.859184	1e18cb
228.869197	1e1a06
228.882793	1e15b5
228.890520	1e1a06
228.905018	1e379a
228.917283	1dfb39
228.924626	1e379a
228.930152	1dfb63
228.939127	1e1a06
228.952086	1dfb39
228.966707	1dff05
228.981009	1dfb39
228.994398	1dfb39
229.005759	1e1a06
229.013013	1dfb39
229.024985	1e1a06
229.039760	1ce126bdb560
229.054349	1dfb39
229.061970	1e1a06
229.076627	1dfec3
229.091000	1e0727
229.106117	1e0880
229.114931	1e0cb0
229.128745	1e0880
229.140265	1e0882
229.149141	1e0cb9
229.156901	1e0880
229.164036	1e0880
229.171267	1e0cd0
229.184694	1e0bf7
229.194109	1e0880
229.201570	1e0880
229.212600	1e0880
229.223565	1e0855
229.235419	1ce126bd967e
229.242837	1e0727
229.252440	1e0880
229.264368	1e0880
229.270465	1e0cd0
229.284639	1e0880
229.295164	1e0880
229.304921	1e0727
229.320124	1ce126bd8862
229.326715	1ce126bd8709
229.335081	1ce126bd8806
229.350143	1e1a06
229.358658	1e1a06
229.371595	1dfb39
229.380293	1dfb39
229.388130	1e1a06
229.395062	1e1949
229.406644	1ce126bdb3a9
229.413905	1dfb39
229.426116	1e1a06
229.436680	1dff05
229.451204	1dff05
229.460467	1e379a
229.475366	1e15b5
229.489716	1dff05
229.503976	1e1a06
229.515730	1dfb63
229.527859	1dfb63
229.540056	1e379a
229.552667	1e1a06
229.562802	1e1a06
229.572375	1dfb39
229.585489	1dfb39
229.597118	1e379a
229.603422	1e0cb0
229.613443	1e1a06
229.624345	1e15d6
229.638433	1dfb63
229.650532	1dfb63
229.665312	1e0cd0
229.677917	1e0cb0
229.690374	1e0727
229.703261	1e0855
229.712598	1e0880
229.727157	1e0cd0
229.740616	1e0880
229.748343	1ce126bd9718
229.761625	1e0880
229.772699	1e0cd0
229.783448	1e0880
229.789509	1e0855
229.796712	1e0880
229.810926	1e0855
229.816200	1e083b
229.831074	1e0bf7
229.845894	1e0880
229.856966	1e0855
229.871121	1e0880
229.884045	1e0855
229.889829	1e0880
229.903391	1ce126bd97bc
229.917841	1ce126bd870f
229.929550	1ce126bd88db
229.938939	1e3ea0
229.944387	1dff05
229.956190	1e9318
229.969789	1e379a
229.979546	1e1484
229.991432	1e1a06
230.003718	1dfb39
230.018793	1dfb39
230.025741	1dfb39
230.037860	1e1a06
230.047672	1dfb41
230.054286	1ce126bdae45
230.069293	1e1a06
230.083615	1dfb39
230.097427	1ea0f9
230.106158	1ce126cd7940
230.112360	1e15b5
230.119512	1e1a06
230.132089	1e379a
230.139877	1e379a
230.150255	1dfb39
230.162191	1e39b6
230.177132	1e37db
230.188719	1e3e73
230.194785	1e1a06
230.209100	1ea09a
230.222437	1dfb39
230.230096	1e9ff5
230.242646	1e0d5f
230.253860	1e0880
230.266634	1ce126bdc3c2
230.272685	1e0855
230.284986	1e0d5f
230.299026	1e0bf7
230.313075	1e0880
230.325820	1e0727
230.338424	1e0855
230.347864	1e0880
230.362865	1e0880
230.375825	1e0d5f
230.382129	1e0855
230.390438	1e0880
230.403050	1e0855
230.416364	1e0855
230.427026	1e0880
230.435622	1e0880
230.446393	1e0880
230.459266	1e0880
230.473957	1ce126bd870f
230.482897	1ce126bd870f
230.496694	1e379a
230.510436	1dfb39
230.521499	1e379a
230.529376	202929
230.539674	1dfb39
230.546324	1dfb39
230.553109	1e3a2c
230.561412	1dfb39
230.570501	1e1a06
230.576300	1e3781
230.588454	1e379a
230.595509	1ce126bd86e9
230.601838	1e1a06
230.614031	1e0cb0
230.626999	1dfb63
230.639557	1e3e9c
230.652181	1e1a06
230.659687	1e396a
230.673065	1e379a
230.684879	1ea0ad
230.693795	1dfb39
230.699111	1e1a06
230.710377	1dfb39
230.717607	1e0cb0
230.731618	1dfb63
230.741105	1dfb39
230.746672	1dfb39
230.760787	1dfb39
230.769147	1dfb39
230.783117	1e1a06
230.794076	1e0880
230.808320	1e0880
230.814263	1e0880
230.828843	1e0880
230.834899	1e0cd0
230.848043	1e0880
230.854090	1ce126bdc3c5
230.863046	1e0855
230.876314	1e06e0
230.881552	1e0880
230.894848	1e0cb0
230.909533	1e0855
230.919710	1e0855
230.927535	1e0bf7
230.935110	1e0727
230.943014	1f2621
230.954132	1e0880
230.966053	1e0880
230.976862	1e0880
230.990752	1e0880
231.004262	1e0855
231.012849	1ce126bd887f
231.023039	1ce126bd8862
231.030516	1ce126bd88d1
231.045605	1dfb39
231.057217	1ce126bdaabf
231.068960	1dfb39
231.081190	1dfe86
231.089419	1dfde4
231.100309	1e3871
231.107613	1dff05
231.113927	1ea023
231.127631	1dfde4
231.133947	1dfb39
231.139188	1dff9d
231.154286	1ea10f
231.160402	1e379a
231.167740	1dfb39
231.178748	1e1a06
231.183942	1e3901
231.191631	1e379a
231.201329	1ce126bdc06f
231.215687	1dfb39
231.223805	1dfb39
231.235699	1dfb39
231.242323	1ce126bdaeec
231.254242	1e379a
231.268850	1dfec3
231.274977	1e3ee7
231.285422	1dfb39
231.294331	1e379a
231.308484	1e1952
231.317594	1dfb63
231.324399	1dfb63
231.331536	1dfb63
231.340524	1e379a
231.354091	1e9ff5
231.366019	1e0880
231.378301	1e0880
231.383606	1e0855
231.395769	1e0727
231.402682	1e0880
231.412185	1e0cad
231.417707	1e0727
231.423496	1e0bf7
231.430994	1e0a8e
231.442164	1e0880
231.452345	1e0855
231.463015	1e0880
231.474157	1e0bf7
231.480908	1e0cb0
231.491409	1e0880
231.500549	1e0cb0
231.507965	1e0880
231.514332	1e0b5f
231.526484	1e0880
231.535247	1e0cb9
231.550314	1e0880
231.563576	1e0880
231.572792	1e0880
231.583760	1e0cd0
231.595162	1e0800
231.609704	1ce126bd884d
231.621247	1ce126bd870f
231.633448	1ce126bd8713
231.638707	1ce126bdb560
231.649556	1e9ff5
231.655569	1e1a06
231.668373	1dfb39
231.676732	1e1803
231.683991	1e1a06
231.698964	1e0395
231.704712	1dfa48
231.717603	1ce126bdb340
231.728133	1e379a
231.733732	1dfb39
231.745508	1dfb39
231.758215	1ce126bdb376
231.764805	1e379a
231.779592	1e1a06
231.785405	1e9ff5
231.797698	1dfb39
231.806509	1ce126bdaed2
231.820770	1e1626
231.827639	1e1a06
231.840753	1ea023
231.854890	1dfb39
231.860962	1e1a06
231.867812	1ce126bdb560
231.873513	1e1a06
231.884449	1e0cb0
231.893311	1e1a06
231.903183	1e379a
231.917035	1dff05
231.931402	1e1a06
231.946016	1e0855
231.956039	1e0855
231.968949	1e0855
231.981894	1e0cb0
231.988565	1e0880
231.999763	1e0727
232.007259	1e0855
232.015439	1e0be5
232.028770	1e0cd0
232.040249	1e0855
232.052975	1e0880
232.061375	1e0880
232.068226	1e0880
232.082978	1ce126bdc3c2
232.091011	1e0bf7
232.098707	1e0855
232.111917	1e0855
232.122315	1e0855
232.129281	1ce126bd96c2
232.135001	1e0727
232.140689	1e0880
232.149904	1e0855
232.160667	1e0855
232.169606	1e0d5f
232.180106	1e0855
232.191077	1e0855
232.201093	1e0880
232.212606	1ce126bd8896
232.222766	1ce126bd870f
232.237743	1ce126bdb55c
232.246045	1ce126bdb560
232.252158	1e3e77
232.264464	1e19bb
232.275475	1dfb39
232.285101	1dfb39
232.296990	1e379a
232.308195	1ce126bd870f
232.316944	1e379a
232.325242	1dfb39
232.337445	1dfb39
232.346047	1e15b5
232.357373	1ce126bdb38d
232.370444	1dfb39
232.381142	1dfb39
232.395559	1e379a
232.401686	1e0cb0
232.412314	1e18c4
232.421870	1e1a06
232.429037	1dfb39
232.441205	1e379a
232.452405	1dfb39
232.461136	1dfb39
232.467190	1dfa3c
232.473185	1e1a06
232.484027	1dfb63
232.499122	1dff05
232.510753	1e379a
232.518453	1dfde4
232.532455	1e1a06
232.539269	1e142d
232.546328	1dfb39
232.552978	1dff05
232.567126	1e0855
232.575422	1e0855
232.586244	1e0880
232.592826	1ce126bdc3c5
232.604289	1e0880
232.616610	1e0880
232.626126	1e0855
232.638547	1e0855
232.650147	1e0bf7
232.658386	1e0880
232.667683	1e0855
232.675887	1e0880
232.684282	1e0bf7
232.697179	1ce126bdc3c2
232.705339	1e0855
232.712385	1e0855
232.717857	1e0855
232.727439	1e0880
232.737552	1e0727
232.750890	1e0727
232.763580	1e0880
232.776301	1e0880
232.787881	1e0855
232.797114	1e0855
232.808378	1e0cb9
232.815386	1e0880
232.822192	1ce126bd8862
232.833165	1ce126bd86fa
232.845312	1ce126bd885e
232.852412	1e1a06
232.860659	1dfb39
232.872182	1ce126bdb560
232.886282	1e1639
232.898296	1ce126bdad46
232.910907	1dff95
232.917815	1dfe97
232.924268	1e9fb8
232.930245	1dfb39
232.939843	1e19d3
232.946248	1e3a11
232.956644	202a00
232.964529	1dfe86
232.978427	1e1a06
232.990882	1e1a06
232.998167	1e19d3
233.004724	1e1a06
233.012943	1e163d
233.024833	1dff05
233.036220	1e1a06
233.047125	1dfb39
233.061296	1e930f
233.075011	1ea007
233.084898	1dfd9b
233.095908	1e3e81
233.109662	1e379a
233.119018	1ce126bdadcb
233.129540	1dfb63
233.140809	1dfb39
233.150396	1dfb39
233.157894	1dfdac
233.163212	1e0880
233.176996	1e0880
233.190631	1e0855
233.198858	1e0d65
233.206658	1e0880
233.216913	1e0880
233.226705	1e0cb9
233.233592	1e0855
233.239134	1e0880
233.251356	1e0880
233.259751	1e0855
233.269752	1e0855
233.281716	1e0b05
233.286956	1e0727
233.299699	1e0855
233.312630	1e0880
233.327414	1e0cb0
233.337268	1e0bf7
233.350778	1e0880
233.362282	1e0cd0
233.367979	1e0880
233.374728	1e0bf7
233.384861	1e0bf7
233.399962	1e0855
233.413723	1e0880
233.428162	1ce126bd8806
233.437915	1ce126bd8806
233.445356	1ce126bdb55c
233.453969	1e1a06
233.464213	1dfb39
233.474953	1e379a
233.480810	1e1a06
233.487486	1dfb39
233.495718	1e1a06
233.510502	1e19fd
233.518955	1dff9d
233.527647	1ce126bda9d1
233.540986	1dfb63
233.553710	1e379a
233.568892	1e3eae
233.583982	1e379a
233.599079	1ce126bdb3a1
233.609469	1dfef7
233.619802	1e3e81
233.631612	1e1a06
233.646177	1dfe75
233.659548	1dfb63
233.673344	1dfb39
233.679918	1dfb63
233.689207	1dfb39
233.701988	1e395e
233.715945	1e379a
233.723947	1e1a06
233.732725	1e9ff9
233.744559	1e1a06
233.755869	1e379a
233.764916	1e3e5f
233.772184	1e379a
233.783612	1dfb39
233.790470	1e0bf7
233.797659	1e0855
233.809883	1e0880
233.817008	1e0882
233.830202	1e0880
233.845034	1e0880
233.855167	1e0880
233.866272	1e0855
233.880928	1e0855
233.888713	1e0855
233.898979	1e0855
233.905295	1e0cd0
233.915554	1e0880
233.924089	1e0880
233.934066	1e0880
233.946768	1e0d5f
233.953103	1ce126bd9721
233.960009	1e0855
233.974198	1e0880
233.984923	1e0880
233.990982	1e0855
233.996913	1e076c
234.006765	1e0880
234.012884	1e0855
234.022475	1e0880
234.036407	1ce126bdc3d5
234.047628	1e0880
234.054439	1ce126bd8806
234.060221	1ce126bd8806
234.069857	1ce126bd8878
234.076132	1ce126bd86ff
234.085675	1ce126bdaed6
234.094807	1e1a06
234.108367	1e1a06
234.122338	1e1a06
234.134116	1e1a06
234.146888	1e15b5
234.154253	1ce126bdae76
234.164752	1e1644
234.177398	1e1a06
234.188934	1e15b5
234.203586	1e379a
234.210842	1dfe23
234.226068	1e379a
234.237297	1dfb63
234.247111	1ce126bdaed6
234.260752	1e9f71
234.272079	1ce126bd86e9
234.284659	1dfec3
234.291907	1dfb39
234.303739	1e1a06
234.314143	1dfb39
234.328543	1dfb39
234.336921	1ba254
234.348143	1e379a
234.355860	1dfb63
234.366073	1e379a
234.373717	1dfb63
234.381653	1dfb39
234.390544	1e379a
234.402599	1dff05
234.411490	1e3780
234.426428	1dfb39
234.438543	1e0855
234.451058	1e0880
234.465504	1e0cb0
234.478044	1e0727
234.492474	1e0855
234.498512	1e0cb0
234.508494	1e0880
234.514963	1e0880
234.524316	1e0ac6
234.533179	1e0880
234.543288	1e0880
234.553967	1e0cb9
234.562876	1e0727
234.569038	1ce126bdc3d5
234.574606	1e0727
234.588453	1e0880
234.594571	1e0855
234.604521	1e0bf7
234.618121	1e0880
234.633170	1e0855
234.646877	1e0855
234.656026	1e0880
234.669537	1e0855
234.677235	1e0880
234.686058	1e0880
234.700220	1e0855
234.705636	1e0880
234.716058	1e0880
234.728352	1e0880
234.741070	1ce126bd8862
234.750671	1ce126bd870f
234.759494	1ce126bd870f
234.764717	1ce126bd870f
234.776683	1e1a06
234.791511	1dff05
234.806700	1e9fa0
234.821525	1e1a06
234.833702	1dfa8a
234.842848	1e379a
234.848402	1dfb39
234.862052	1e9fd5
234.872771	1ce126bdb560
234.883960	1dfb39
234.891749	1e15b5
234.903090	1e379a
234.916199	1dfb39
234.929111	1e3ee1
234.941975	1dfb39
234.950230	1dfb63
234.964539	1dfb39
234.976026	1dff05
234.981228	1e3901
234.994966	1dfb39
235.003733	1e1a06
235.016052	1dfb39
235.024989	1e193e
235.031774	1e379a
235.045118	1e192b
235.056076	1dfb39
235.067779	1e1a06
235.076715	1e379a
235.090944	1e0705
235.104294	1e0880
235.112212	1e0cd0
235.126101	1e0cb9
235.138244	1ce126bd97c4
235.148022	1e0b91
235.161833	1e0855
235.173101	1e0bf7
235.183318	1e0855
235.188563	1e0d5f
235.202578	1e0855
235.208246	1e0855
235.215055	1e0880
235.227725	1e0855
235.240634	1e0880
235.251588	1e0855
235.260787	1e0855
235.269306	1e0bf7
235.281751	1e0880
235.287518	1e0bf7
235.298639	1e0880
235.310084	1e0855
235.323214	1e0880
235.333992	1e0855
235.346531	1ce126bd8806
235.354100	1ce126bd88b2
235.368271	1ce126bd870f
235.376871	1e1a06
235.385282	1e379a
235.399626	1ea023
235.413915	1dfb39
235.425532	1e1a06
235.435243	1dfb39
235.450139	1e9318
235.463067	1e379a
235.473437	1dfb39
235.482364	1dfb39
235.490932	1dfb39
235.503021	1dfb39
235.516773	1e15b5
235.525351	1dfb39
235.531912	1dff05
235.538340	1e1a06
235.546230	1e1a06
235.557790	1dfb39
235.563160	1e3ee7
235.573224	1e1a06
235.580882	1dfb39
235.590368	1dfaba
235.599586	1e1a0b
235.613181	1e9318
235.618779	1dff05
235.627811	1e9ff0
235.633026	1dff05
235.641127	1e15b5
235.652807	1e1a06
235.659638	1dfb71
235.674630	1e1a06
235.686377	1e0880
235.699721	1e0855
235.713901	1e0880
235.719684	1e0880
235.729105	1e0bf7
235.739444	1e0880
235.753414	1e0cb0
235.766288	1e0855
235.771632	1ce126bd96d2
235.778906	1e0882
235.789372	1e0880
235.799874	1e0880
235.812243	1e0880
235.821897	1e0880
235.834499	1e0880
235.845286	1e0bf7
235.855564	1e0855
235.866464	1e0880
235.874092	1e0bf7
235.885425	1e0880
235.896822	1e0cc7
235.903489	1e0727
235.909705	1e0855
235.915656	1e0855
235.925173	1e0855
235.938559	1e0855
235.947353	1e0855
235.956340	1ce126bd8806
235.967314	1ce126bd891b
235.979311	1ce126bdb560
235.992794	1ce126bdc0b7
236.003078	1dfb39
236.009873	1e379d
236.015756	1e1a06
236.029331	1e3e8f
236.040101	1dfb39
236.054205	1e1a06
236.067651	1dfb39
236.080590	1dfb39
236.089916	1e039b
236.101350	1e1602
236.109364	1e15b5
236.119695	1e379a
236.128192	1e1a06
236.143127	1dfb39
236.149831	1e379a
236.158235	1dfdd5
236.165431	1e379a
236.171318	1ce126bdc060
236.182634	1dfb39
236.195195	1dfb39
236.201065	1dfb39
236.206461	1e1a06
236.213014	1e1a06
236.227243	1e1a06
236.238891	1e1a06
236.244678	1e1a06
236.254858	1e37ef
236.261265	1e1a06
236.266689	1e379a
236.273142	1e9f64
236.283358	1e18cb
236.296015	1dfb39
236.302426	1ce126bdb3b0
236.309044	1e379a
236.315614	1e0bf7
236.328512	1e0880
236.340948	1e0880
236.354128	1e0bf7
236.359391	1e0bf7
236.368228	1e0880
236.378436	1ce126bd972f
236.384802	1e0880
236.391358	1e0880
236.402027	1e0855
236.416534	1e0727
236.429118	1e0cb0
236.439188	1e0880
236.448412	1e0cb0
236.456734	1e0880
236.462234	1e0880
236.468277	1e0855
236.475513	1e0880
236.490160	1e0880
236.503357	1e0880
236.518028	1e0880
236.527339	1e0880
236.534660	1e0855
236.543600	1e0880
236.553452	1e0855
236.568408	1e0855
236.582370	1e0855
236.597157	1e0c1e
236.611022	1ce126bd8806
236.624406	1ce126bd8825
236.633171	1ce126bd888f
236.647268	1e1a06
236.654158	1e3e1f
236.663664	1e379a
236.671488	1e1a06
236.682097	1dff05
236.689485	1e1484
236.703725	1dfb39
236.714025	1e1a06
236.726445	1dfb39
236.733401	1dfb39
236.748190	1dfb39
236.756995	1e19aa
236.764050	1ce126bdad46
236.770014	1ce126bdb36e
236.775900	1e15b5
236.786739	1ce126bdaeb4
236.798825	1e0cb0
236.805102	1e15b5
236.812508	1e1a06
236.825402	1dfdac
236.838932	1e1a06
236.849416	1dfb39
236.863727	1ce126bdb386
236.878172	1dff05
236.890508	1dfb39
236.900800	1dfb39
236.907020	1dfb39
236.916216	1dff05
236.927615	1e379a
236.934729	1e0cb0
236.942406	1dfb39
236.956562	1e379a
236.967448	1e3ee7
236.979429	1f25fd
236.989300	1e0880
237.002793	1e0880
237.012821	1e0727
237.019781	1e0880
237.028621	1e0880
237.039400	1e0880
237.046267	1e0718
237.057027	1ce126bd96a8
237.063602	1e0855
237.073199	1e0727
237.079564	1e0cb9
237.093375	1e0727
237.104891	1e086b
237.116732	1e0cd0
237.124277	1e0cd0
237.132604	1e0855
237.145290	1e0880
237.152332	1e0880
237.159581	1e0880
237.170479	1e0880
237.176825	1e0855
237.191661	1e0855
237.200190	1e0880
237.207731	1e0bd7
237.214870	1e085d
237.223807	1e0855
237.232149	1e0727
237.240303	1e0855
237.252760	1ce126bd889c
237.263861	1ce126bd8896
237.272417	1ce126bd870f
237.287527	1dfb39
237.295858	1dff9d
237.309726	1e1a06
237.323082	1dfb41
237.333587	1dfe62
237.344798	1ce126bd86e9
237.357710	1dff05
237.364678	1dfb39
237.378003	1dfb63
237.388834	1e1a06
237.394046	1e3ea9
237.400028	1e3a3e
237.407094	1e379a
237.418528	1e19b6
237.424771	1e1a06
237.438098	1e1a06
237.448596	1e1a06
237.456766	1e1602
237.467676	1e1a06
237.479872	1e379a
237.491273	1dfb39
237.500434	202958
237.507358	1dfb63
237.521458	1dfaed
237.529634	1dfb63
237.544053	1e1639
237.555696	1e379a
237.567880	1dfb39
237.574329	1ba254
237.588721	1e379a
237.600000	1e9ff5
237.611968	1e1a06
237.624980	1e379a
237.634440	1e0880
237.641823	1e0855
237.652611	1e0d5f
237.664094	1e0880
237.674305	1e0cd0
237.681560	1e081f
237.687878	1e0880
237.695441	1e0880
237.705219	1e0880
237.714010	1e0880
237.725915	1e0855
237.734266	1e0880
237.743752	1e0855
237.752772	1e0880
237.762750	1e0880
237.777131	1e0880
237.791999	1e0855
237.802966	1e078f
237.817031	1e0880
237.831695	1e0cc7
237.837482	1e0880
237.848620	1e0855
237.863819	1e0cb9
237.876499	1e0880
237.882999	1e0855
237.893543	1e0855
237.903468	1e0cd0
237.916555	1ce126bd870f
237.922241	1ce126bd870f
237.929203	1ce126bd870f
237.939870	1ce126bd8806
237.949795	1dfb39
237.962227	1e9ff5
237.977070	1e379a
237.986872	1ce126bdb560
237.996981	1dfb93
238.005079	1e379a
238.011007	1e1a06
238.019920	1e1a06
238.025488	1e9f5a
238.039537	1e1a06
238.045124	1dfb39
238.050949	1dfb39
238.058440	1dfb39
238.067843	1e1a06
238.081670	1e1a06
238.088254	1e1a06
238.097115	1dfb39
238.102869	1dfb39
238.109364	1dfb39
238.115991	1dfb39
238.124704	1e9ff5
238.137014	1dff05
238.145426	1dfb41
238.151393	1ce126bdb560
238.157515	1dfb39
238.169806	1e1a06
238.184684	1e1a06
238.197117	1e1a06
238.206738	1dfb39
238.212799	1e379a
238.218190	1e15b5
238.230030	1e1a06
238.244921	1e379a
238.259600	1e9f89
238.274373	1ce126cd792c
238.281677	1e14b7
238.287329	1e1908
238.300558	1dfb39
238.312079	1e0880
238.324638	1e0cb0
238.330585	1e0880
238.339839	1e0855
238.345882	1e0855
238.360966	1e0880
238.371961	1e0855
238.386165	1e0880
238.396091	1ce126bd97c6
238.402840	1e0855
238.417812	1e0855
238.430383	1e0705
238.439061	1e0d5f
238.452665	1e0880
238.461835	1e0880
238.468584	1e0cb0
238.482845	1e0855
238.488317	1e0727
238.497828	1e0bf7
238.508191	1e0cb0
238.519093	1e0880
238.529259	1e0880
238.541607	1e0880
238.554875	1e0855
238.565513	1e0880
238.576552	1e0880
238.591429	1e0855
238.605795	1ce126bd8810
238.612167	1ce126bd885e
238.624736	1ce126bd870f
238.630631	1ce126bd870f
238.636392	1ce126bd884a
238.650530	1ce126bdc09d
238.659174	1ce126bdadfa
238.667039	1e379a
238.680674	1e19e5
238.693809	1e1a06
238.699756	1dfb39
238.713018	1ce126bdae2f
238.725901	1dfb39
238.731269	1dfb39
238.742492	1e0085
238.754598	1e379a
238.767309	1e379a
238.782032	1dfb39
238.791736	1e19e5
238.804615	1dfb39
238.809888	1e379a
238.816229	1ce126bdadfa
238.821482	1ce126bd86e9
238.827757	1e15b5
238.835020	1dfb39
238.841497	1dfb63
238.851967	1dfb39
238.858111	1dfb39
238.867667	1dfb39
238.875406	1dfb39
238.890575	1dfe86
238.903368	1e1a06
238.917685	1e1a06
238.926379	1e379a
238.937524	1dfb39
238.950923	1e379a
238.963938	1dfb39
238.975092	1ce126bdb754
238.983651	1dfb39
238.996709	1e0880
239.008270	1e0855
239.019859	1e0880
239.032374	1e0880
239.044761	1e0880
239.051362	1e0855
239.057010	1e0855
239.071853	1e0880
239.085308	1e0880
239.095846	1e0ceb
239.108535	1e0855
239.117067	1e0880
239.124603	1e0cb9
239.133639	1e0bf7
239.143245	1e0855
239.149329	1e0855
239.160175	1e0880
239.171729	1e0880
239.182468	1e0bf7
239.197661	1e0880
239.210300	1e0855
239.216878	1e0855
239.230271	1e0880
239.242288	1e0880
239.255880	1e0880
239.270353	1e0880
239.284320	1e0855
239.294292	1e0a8e
239.306192	1e0cd0
239.311511	1e0855
239.326294	1ce126bd8862
239.339126	1ce126bd870f
239.347352	1ce126bd8806
239.353617	1e3786
239.367313	1dfb39
239.375670	1e1a06
239.384828	1ce126bdc089
239.392869	1dfb39
239.401862	1e9ffd
239.411246	1e3e52
239.420521	1e1a06
239.431080	1dfb39
239.444825	1e1a06
239.454631	1e379a
239.468542	1dfb39
239.479907	1dfb39
239.488216	1e1908
239.502448	1e379a
239.508629	1dfb39
239.520187	1e0cc7
239.526421	1dfde4
239.533659	1dfb39
239.539362	1dfb39
239.551495	1dfb39
239.557247	1e15b5
239.562989	1dfb39
239.573658	1dfb39
239.581806	1dfb90
239.594293	1dff9d
239.608305	1dfb63
239.622626	1dfb63
239.627921	1e9fb8
239.641434	1dff05
239.647240	1e1a06
239.659518	1dfb39
239.665070	1dfb39
239.670343	1dfb39
239.681613	1dff05
239.694140	1dfb39
239.703644	1dfb39
239.709104	1e15b5
239.722430	1e1a06
239.733402	1e0d5f
239.745452	1e0880
239.751822	1e0880
239.760352	1e0855
239.772249	1e0880
239.785414	1e0880
239.795924	1e0880
239.810238	1e0849
239.821984	1e0880
239.829732	1e0727
239.836062	1e0855
239.841904	1e0855
239.854991	1e0880
239.861273	1e0855
239.873055	1e0855
239.884690	1f25fd
239.898990	1e0880
239.906533	1e0880
239.919877	1e0855
239.931426	1ce126bd96ff
239.943619	1e0cb9
239.955159	1e0880
239.967962	1e0855
239.975365	1e0855
239.981525	1e0880
239.992898	1e0880
240.003287	1e0855
240.008605	1e0cb9
240.015715	1e0bf7
240.030336	1ce126bd8709
240.039939	1ce126bd887f
240.046023	1ce126bd88e5
240.057835	1ce126bd86ff
240.067123	1ce126bdb560
240.081460	1e379a
240.088374	1e15b5
240.098964	1e1a06
240.108842	1e1a06
240.118136	1e1635
240.129838	1dff05
240.143050	1dfdd5
240.154484	1dff05
240.163483	1e379a
240.175728	1e1a06
240.186121	1dff05
240.197674	1e379a
240.207389	1e15b5
240.219616	1dfb39
240.226950	1dfb39
240.236092	1e9ff5
240.243915	1dfb39
240.252540	1dfd9b
240.264395	1e9fae
240.277355	1dfe86
240.282957	1dfb39
240.294339	1e9ffd
240.305695	1dfb39
240.311120	1e379a
240.323661	1e39f5
240.334535	1dfb39
240.349238	1dfb39
240.360014	1e9318
240.370650	1e1602
240.381094	1dfdac
240.395844	1dfb41
240.409790	1e379a
240.416711	1e1626
240.428249	1e0bf7
240.436267	1e0855
240.444001	1e0880
240.454661	1e0880
240.461450	1e0cb9
240.471312	1e0880
240.480513	1e0880
240.494071	1ce126bd96ff
240.500603	1e0880
240.509445	1ce126bdc3b7
240.515240	1e0cb9
240.527833	1e0880
240.534698	1e0855
240.542905	1e0880
240.556422	1e0880
240.571452	1e0cb9
240.579328	1e0855
240.587123	1e0880
240.592461	1e0880
240.597886	1e0880
240.605669	1e0880
240.619135	1e0727
240.630227	1e0880
240.639135	1e0855
240.651503	1e0880
240.658840	1ce126bdc3db
240.673875	1e083b
240.680765	1e0855
240.693538	1e0855
240.707659	1e0880
240.721689	1e0855
240.729596	1ce126bd887f
240.735934	1ce126bd8862
240.745956	1ce126bd8709
240.754447	1ce126bd8806
240.763963	1ce126bdb560
240.777206	1e379a
240.784066	1dfca9
240.792665	1e19cf
240.802069	1e3970
240.816557	1dfb87
240.824067	1e1a06
240.836486	1e1a06
240.844742	1e379a
240.851507	1e1a06
240.862801	1e379a
240.874876	1dfb39
240.888690	1e1a06
240.899585	1e379a
240.909229	1e1a06
240.919324	1e3e8f
240.933478	1e3a1a
240.943478	1e1431
240.951428	1dfb39
240.965035	1dfb39
240.971518	1dfb63
240.978249	1e379a
240.991828	1e379a
241.000052	1dfb39
241.008350	1e1a06
241.021811	1e1a06
241.030337	1e379a
241.041672	1ea034
241.052601	1e379a
241.067088	1dfecf
241.079639	1e379a
241.089516	1dfb39
241.099905	1dfb63
241.110915	1dfb39
241.120023	1e379a
241.134120	1e0855
241.140449	1e0cb9
241.155194	1e0880
241.162056	1e0880
241.171279	1e0880
241.183357	1e0880
241.189213	1e0880
241.203491	1e0880
241.209807	1e0855
241.220382	1e0cd0
241.231319	1e0880
241.238119	1e0b30
241.248515	1e0880
241.257155	1e0880
241.262503	1e0855
241.268436	1e0855
241.275014	1e0705
241.288992	1e0855
241.294712	1e0855
241.308501	1e0855
241.318183	1e0880
241.328296	1e0855
241.341000	1e0880
241.346849	1e0880
241.357262	1e0880
241.369308	1e0880
241.383775	1e0880
241.392694	1e0855
241.400970	1e0855
241.410988	1f260e
241.419201	1ce126bd8806
241.427266	1ce126bd8862
241.433174	1ce126bd870f
241.442218	1ce126bd870f
241.454458	1dfb39
241.461790	1ce126bdb3a1
241.470067	1e379a
241.481854	1e1a06
241.487154	1e3da5
241.495606	1e1a06
241.503667	1e1a06
241.513163	1dff05
241.519091	1ce126bda994
241.532704	1e379a
241.545196	1ea023
241.554461	1e39f5
241.562194	1e1a06
241.571528	1e379a
241.578453	1e1a06
241.591320	1dfb39
241.600215	1e379a
241.614884	1e379a
241.626014	1e37a1
241.638592	1dfb39
241.646583	1dfb41
241.657559	1dfb39
241.667042	1dfb39
241.675594	1e18b6
241.689646	1e9eff
241.696443	1ce126bdaeec
241.708862	1e1a06
241.722168	1e1a06
241.728584	1ea788
241.737160	1e19aa
241.743106	1dfb39
241.756077	1dfb39
241.763126	1ec6b6
241.769688	1dff05
241.774998	1e9302
241.780608	1dfb39
241.790252	1e1587
241.801018	1ea52d
241.814069	1dfb39
241.828015	1e1529
241.840038	1e9f2d
241.848163	1e0cb0
241.855904	1e0855
241.862989	1e0880
241.871272	1e0cb9
241.884026	1ce126bd977f
241.892595	1e0882
241.899061	1ce126bd96ff
241.912080	1e0880
241.919272	1e0cd0
241.925268	1e0bf7
241.934313	1e0880
241.942502	1e0880
241.952210	1e0880
241.963735	1e0b91
241.973029	1e0880
241.980233	1e0880
241.990982	1e085d
242.005226	1e0880
242.017060	1e0bad
242.030273	1e0855
242.037687	1e0880
242.050834	1e0855
242.057587	1e0880
242.072054	1e0bf7
242.079984	1e0880
242.093491	1e0855
242.107085	1e0cb0
242.112312	1e0855
242.125603	1e0855
242.133691	1e0bf7
242.144345	1e0880
242.159571	1e0880
242.167592	1e0880
242.174229	1e0880
242.184512	1ce126bd8896
242.194168	1ce126bd88b2
242.201636	1ce126bd8806
242.210005	1ce126bd86e9
242.219507	1ce126bd86e9
242.227269	1e1a06
242.237606	1e379a
242.245388	1dfb39
242.252858	1dfaa9
242.262867	1e1a06
242.275016	1dfb39
242.289707	1dfb39
242.303348	1dff91
242.310334	1dfb39
242.323621	1eb522
242.334143	1e379a
242.341945	1e1a06
242.350703	1e1a06
242.356016	1ea6a3
242.361345	1e379a
242.372506	1dfb39
242.385145	1dfe86
242.393590	1e1a06
242.408077	1e1a06
242.413284	1e1a06
242.428399	1ce126bdb560
242.441060	1e1a06
242.449167	1eb84a
242.461836	1ce126bdb394
242.473236	1dfb39
242.479500	1dfb39
242.489034	1dfb39
242.495554	1e1a06
242.501620	1dfb63
242.512068	1e9eff
242.518500	1e9260
242.524855	1dfb39
242.536231	1eaa0b
242.550507	202a0b
242.565651	1e1a06
242.574547	1dfb39
242.589123	1e19ae
242.600399	1e1635
242.614574	1dfcad
242.621476	1ce126bdc174
242.628070	1dfb63
242.636619	1e1a06
242.651731	1dfe7e
242.660688	1e91f8
242.670365	1eb87f
242.683611	1e1a06
242.696317	1e1a06
242.706185	1dfb39
242.714941	1dfb39
242.720411	1dfb39
242.733796	1dfd9b
242.744190	1dfb63
242.755823	1dff9d
242.766307	1dfb39
242.776008	1e19e0
242.785522	1e1a06
242.794280	1ea6af
242.804107	1eb5ff
242.815516	1e1a06
242.822818	1dfb39
242.828634	1e379a
242.836116	1ce126bdb376
242.847907	1e92e4
242.853915	1dfb39
242.860159	1e379a
242.869689	1e274c
242.883765	1dfb71
242.898884	1dfe97
242.910475	1ce126bdc0b7
242.922996	1e1a06
242.929503	1e379a
242.943753	1e0cb0
242.956678	1dfb63
242.965663	1dfd9b
242.974093	1dfb39
242.986091	1dfb63
242.994039	1e1a06
243.000553	1e1a06
243.007574	1e379a
243.015919	1e9302
243.030399	1dfb39
243.038784	1dfde4
243.052461	1dff05
243.060993	1dfb39
243.073665	1e379a
243.085763	1e3780
243.098729	1dfb39
243.104664	1dff05
243.117724	1e1a06
243.125823	1e9361
243.139562	1ce126bdaabf
243.149558	1dff05
243.155196	1e91c8
243.168263	1dfb39
243.179278	1e9460
243.190606	1dff05
243.205568	1dfb39
243.213848	1e0cb0
243.228871	1dfb63
243.242688	1e1a06
243.254091	1ed835
243.260182	1e1a06
243.266642	1dfd9b
243.276652	1dfb39
243.289253	1dfb39
243.300597	1dfb39
243.311761	1e3852
243.326553	1dfb39
243.333018	1dfa4b
243.344674	1e379a
243.357645	1dfb39
243.363251	1dfb39
243.377108	1e1a06
243.390122	1e1a06
243.395332	1ebd31
243.407605	1e379a
243.419114	1e3827
243.431488	1e0cc7
243.443150	1dff05
243.450060	1dff05
243.461882	1e379a
243.473152	1dfb39
243.484887	1e1a06
243.490753	1dfb63
243.499256	1e925b
243.506988	1dfb63
243.516816	1e379a
243.530695	1e1a06
243.537515	1e1a06
243.544037	1ce126bdc067
243.556012	1dfa48
243.566323	1eb717
243.579555	1e0ab4
243.593008	1e0cd0
243.604560	1e0855
243.617878	1e0727
243.632789	1e0cb9
243.647127	1e0727
243.660173	1e0855
243.666024	1e0bf7
243.672937	1e0880
243.686660	1e0880
243.693714	1e0882
243.707739	1e0880
243.714328	1e0a8e
243.720837	1e0855
243.731625	1e0880
243.738387	1e0855
243.745485	1e0880
243.752251	1e0727
243.762148	1e0880
243.769341	1e0855
243.778075	1e0a8e
243.792861	1e0855
243.800064	1e0cb0
243.813393	1e0bf7
243.819050	1e0855
243.825535	1e0880
243.834477	1e0855
243.844686	1e0d5f
243.851325	1e074f
243.856523	1e0880
243.863925	1ce126bd9762
243.878721	1e0880
243.887786	1e0880
243.902112	1e0855
243.912322	1e0855
243.921882	1e0880
243.929386	1e0880
243.938247	1e0880
243.952965	1e0cd0
243.966397	1e0880
243.975931	1e0855
243.981151	1ce126bd969e
243.987544	1e0855
243.995456	1e0bf7
244.009680	1e0880
244.016122	1e0cb0
244.030443	1e0bf7
244.043497	1e0880
244.057276	1e0855
244.063318	1e0855
244.072188	1e0880
244.079273	1e0880
244.086166	1e0855
244.091906	1e0855
244.104933	1ce126bdc3c2
244.110980	1e0880
244.116474	1e0880
244.128332	1e0880
244.135491	1e0bf7
244.149588	1e0880
244.160959	1e0880
244.171650	1e0cd0
244.177274	1e0cb0
244.188601	1e0880
244.195801	1e0855
244.203254	1e0880
244.216988	1e0806
244.223964	1ce126bd9683
244.233077	1e0880
244.238702	1e0880
244.248531	1ce126bdc3b7
244.257345	1e0880
244.270916	1e0880
244.277941	1e081f
244.288147	1e0855
244.293562	1e0bf7
244.307788	1e0880
244.318215	1e0855
244.329952	1e0880
244.342062	1e0855
244.347596	1e0880
244.359762	1e0880
244.371361	1e0a8e
244.384814	1e0880
244.395275	1e0855
244.401895	1e0880
244.407535	1e0880
244.420555	1e0880
244.431071	1e0bf7
244.445623	1e0855
244.453823	1e0cd0
244.459206	1e0855
244.466327	1e0bf7
244.475810	1e0855
244.484401	1e0cb0
244.499361	1e0880
244.508290	1e070b
244.516444	1e0880
244.528586	1e0880
244.534330	1e0880
244.545978	1e0bf7
244.560006	1e0880
244.567842	1e0882
244.582651	1e0880
244.596062	1e0cb9
244.607190	1e0cb0
244.613725	1e0cd0
244.620753	1e0880
244.629686	1e0855
244.636322	1e0855
244.647197	1e0880
244.656859	1e0855
244.662424	1e0880
244.672051	1e0855
244.686238	1e0bf7
244.699741	1e0bf7
244.705779	1e0cb0
244.712351	1e0855
244.717821	1e0855
244.730601	1ce126bd887f
244.744731	1ce126bd8806
244.750815	1ce126bd8806
244.763179	1ce126bd8709
244.771254	1ce126bd8825
244.779015	1ce126bd8896
244.785899	1ce126bd8896
244.797235	1ce126bd88b2
244.811241	1ce126bd88b2
244.819285	1ce126bd86f2
244.827102	1ce126bd8718
244.839979	1ce126bd8806
244.848851	1ce126bd8806
244.854462	1ce126bd880c
244.866524	1ebd7c
244.875968	1dfb39
244.887533	1dfb39
244.896149	1e1a06
244.910952	1e9712
244.921836	1dfb63
244.930278	1e1478
244.943444	1dff05
244.955742	1dfb39
244.965413	1e1a06
244.977138	1e379a
244.985067	1dfb39
244.992053	1dfb39
244.997991	1dfb93
245.012908	1e1a06
245.023258	1dfb39
245.030014	1e1a06
245.039806	1dfb39
245.046062	1ed858
245.056710	1ce126bdb560
245.070278	1e1a06
245.082493	1dfb39
245.089078	1e9d71
245.102748	1dfb39
245.110849	1dfaa9
245.116214	1e379a
245.126430	1dfb39
245.134400	1e19aa
245.149163	1e1a06
245.154848	1dff5c
245.168616	1dff05
245.181970	1ce126bdb36e
245.188807	1e1a06
245.197575	1dfb39
245.203197	1e1a06
245.215782	1dfb93
245.222125	1dfb39
245.237243	1dfb39
245.244211	1e9318
245.258532	1dfb63
245.267509	1ce126bdb560
245.279018	1eb6cc
245.292787	1eb68d
245.300093	1e9505
245.311955	1e1a06
245.317412	1dfb82
245.326170	1e951d
245.331634	1dfb63
245.345982	1dfb63
245.358636	1dfb39
245.370953	1e379a
245.379054	1e383c
245.389328	1e9d94
245.394573	1dfde4
245.401132	1ce126bdadcb
245.415554	1ce126bdb560
245.423925	1dfb39
245.434454	1dfb39
245.448437	1eaa4a
245.457068	1dff05
245.462474	1dfb39
245.477100	1dfb02
245.484930	1dfb39
245.499447	1ce126bdb560
245.507848	1dff05
245.520215	1e150a
245.530778	1e15b5
245.541744	1dfb39
245.550981	1dff05
245.559851	1dff24
245.566637	1e9318
245.576446	1e379a
245.589395	1dfb39
245.596290	1dfe97
245.603025	1e950d
245.610518	1e15b5
245.616757	1e1a06
245.625813	1dfb63
245.632815	1dfb39
245.640539	1e1a06
245.647399	1e1a06
245.656375	1dfb39
245.671165	1dfb39
245.681482	1dfb39
245.694355	1dff05
245.704741	1e1888
245.716602	1dfb39
245.731755	1e379a
245.746162	1dfb39
245.758288	1e1a06
245.764953	1e1a06
245.779377	1dfb39
245.790945	1dfb39
245.804243	1dfa48
245.818791	1dfb63
245.832568	1e379a
245.845623	1dfb39
245.850904	1e379a
245.865664	1dfb71
245.873485	1e9302
245.881088	1dfb39
245.892545	1dfb39
245.906903	1dff05
245.919649	1dfb39
245.934812	1dfa3e
245.942707	1dfe14
245.951970	1dfb39
245.961353	1e1a06
245.976080	1e379a
245.981649	1dfb39
245.995903	1ce126bdae2f
246.003350	1dfb39
246.010788	1ce126bdb3a1
246.021559	1ed353
246.030179	1dfb39
246.038540	20294d
246.046019	1e9268
246.054759	1e379a
246.070390	1e9302
246.084425	1dfb39
246.091792	1e1a06
246.100350	1dfb39
246.110201	1eb605
246.117578	1dff05
246.124327	1ce126bdb35c
246.131213	1e1a06
246.138056	1dff05
246.147271	1dfd9b
246.152727	1e1a06
246.158220	1dfb39
246.165540	1e379a
246.174670	1e379a
246.187416	1e0cb0
246.200389	1e15b5
246.207724	1e1a06
246.222239	1ce126bdb3b0
246.231521	202a0b
246.244813	1ce126bdb042
246.255738	1dfb63
246.262272	1eb581
246.271614	1dff05
246.286123	1dfb63
246.293312	1ea717
246.298760	1dfb63
246.312644	1dfb39
246.322511	1dfb39
246.334870	1e1956
246.341954	1e1484
246.351305	1e1a06
246.358076	1dfb71
246.368380	1dfca9
246.376031	1dfb63
246.385456	1dfb39
246.400394	1dfb71
246.408537	1eb87b
246.422347	1dfb63
246.432141	1dfb39
246.439761	1eb595
246.452319	1e379a
246.465006	1dfb39
246.478825	1dfb39
246.485865	1dfb39
246.497815	1dfb39
246.510435	1dfb39
246.524632	1e03dd
246.531955	1dfb39
246.545920	1e379a
246.560217	1e1a06
246.567146	1e1a06
246.574434	1dfb39
246.582491	1dfb39
246.590893	1dfb39
246.599591	1ce126bdb754
246.612487	1dfde4
246.624082	1eb5dd
246.635082	1e1a06
246.640527	1dfb63
246.653915	1dff6a
246.659902	1e1a06
246.673609	1dfdac
246.680471	1e1a0b
246.691385	1dfb39
246.700911	1e15b5
246.714962	1e9dc4
246.727896	1dfb39
246.736226	1ce126bdae2f
246.751133	1e1a06
246.757416	1e1a06
246.765203	1e1b73
246.774178	1e93dd
246.788785	1dfb63
246.798066	1ce126bdaf07
246.812695	1e1a06
246.819675	1dfb39
246.831255	1dfb63
246.840146	1dfb39
246.848718	1dff05
246.859757	1dfccf
246.874806	1dfcdb
246.881127	1dfb39
246.892466	1e1e91
246.904343	1dfb63
246.911188	1ebced
246.920487	1e1a06
246.926327	1dfb39
246.937312	1dfb39
246.946108	1dfb63
246.959635	1dfdac
246.969406	1e1a06
246.981213	1dfb63
246.991846	1e379a
246.999912	1dfb46
247.010229	1e3780
247.017856	1e379a
247.027344	1dfb63
247.032633	1e379a
247.043964	1dfb63
247.057278	1eb605
247.067114	1dfb39
247.074731	1eb581
247.082619	1e274c
247.088870	1dfb39
247.097609	1dfb63
247.112041	1dfca9
247.120921	1e1484
247.132218	1dfb39
247.137896	1dfb39
247.144120	1dfb39
247.149406	1dfb63
247.162576	1e1f3c
247.172591	1e1a06
247.184698	1e1a06
247.191945	1e1a06
247.199174	1dfb39
247.212079	1e3786
247.226257	1dfb39
247.237748	1e1a06
247.250211	1dfb39
247.256524	1e1a06
247.271645	1dff24
247.282582	1eb605
247.291469	1eb62f
247.297852	1dfb39
247.307113	1dfb63
247.320079	1e1a06
247.328394	1dfb39
247.341289	1e1a06
247.353708	1e1a06
247.361374	1dfb63
247.371045	1ce126bdb376
247.378077	1dfb39
247.388658	1ce126bda9d1
247.398440	1e5005
247.408946	1e191e
247.417022	1dfb39
247.423689	1dfb39
247.433713	1e1a06
247.446860	1dfb39
247.460600	1dfb39
247.475763	1e37a1
247.490235	1dfb39
247.497738	1e1a06
247.512077	1dfb39
247.522741	1e1a06
247.528848	1dfb39
247.539740	1dfb71
247.547565	1eb7ee
247.557697	1e0880
247.569728	1e0880
247.576976	1e0844
247.583285	1e0cd0
247.594349	1e0855
247.600244	1e0880
247.609130	1e0855
247.616320	1e0cc3
247.630858	1e0d5f
247.642739	1e0880
247.648948	1e0855
247.657369	1e0880
247.663797	1e0727
247.670263	1e0cd0
247.675492	1e0880
247.681393	1e0880
247.688839	1e0880
247.703208	1e0880
247.712398	1e0855
247.723287	1e0855
247.731745	1e0855
247.746728	1e0880
247.759283	1e0855
247.768136	1e0880
247.775070	1e0880
247.788890	1e0880
247.798918	1e0880
247.809585	1e0880
247.822390	1e0880
247.831279	1e0855
247.841301	1e0aa4
247.855137	1e0880
247.862739	1e0882
247.871922	1e0727
247.878885	1e0cb9
247.893834	1e0880
247.907589	1e0855
247.916711	1e0855
247.931397	1e0d5f
247.942106	1e0880
247.949847	1e0b05
247.959089	1e0855
247.972031	1e0855
247.986818	1e0855
247.999282	1e0855
248.008593	1e0880
248.018685	1e0880
248.024627	1e0880
248.036108	1e0c39
248.042433	1e0882
248.056438	1e0855
248.067255	1e0880
248.076608	1e0855
248.088579	1e0880
248.095158	1e0855
248.106161	1e0727
248.120762	1e0880
248.131107	1e0727
248.145749	1e0880
248.153946	1e0880
248.167886	1e0727
248.173991	1e0d5f
248.181503	1e0880
248.194882	1e0880
248.200492	1e0880
248.213973	1e0880
248.227111	1e0bf7
248.232340	1e0727
248.238310	1e0880
248.243989	1e0855
248.257540	1e0880
248.267313	1e0880
248.275534	1ce126bd9660
248.283707	1e0855
248.289681	1ce126bd97c0
248.294949	1e0cb0
248.309905	1e0880
248.318524	1e0880
248.330740	1e0cd0
248.345397	1e0855
248.359781	1e0880
248.370563	1e0880
248.381305	1e0880
248.386571	1e0880
248.401263	1e0855
248.409925	1e0cb0
248.422281	1ce126bd966d
248.430223	1e0880
248.440648	1e0880
248.452195	1e0880
248.464703	1e0880
248.475614	1e0855
248.489795	1e0cb9
248.502568	1e0855
248.508494	1e0880
248.522554	1e0880
248.534837	1e0855
248.550039	1ce126bd978e
248.557200	1e0d5f
248.570408	1e0880
248.580730	1e0855
248.591888	1e0880
248.603715	1e0880
248.611265	1e0880
248.619269	1e0880
248.632142	1e0bf7
248.646380	1e0cd0
248.657569	1e0cb9
248.667665	1e0880
248.675575	1e0ab4
248.685262	1e0855
248.699929	1e0880
248.706707	1e0855
248.720079	1e0880
248.734657	1e0886
248.744371	1e0855
248.751555	1e0880
248.761114	1e0bf7
248.775319	1e0855
248.787367	1e0880
248.801916	1e0855
248.815892	1e0855
248.827283	1e0880
248.838727	1e0855
248.851107	1e0727
248.864966	1e0855
248.878992	1e0880
248.893008	1e0855
248.903713	1e0882
248.913778	1e0880
248.922135	1e0855
248.933766	1e0855
248.940592	1e0855
248.950112	1e0882
248.959309	1e0880
248.965829	1e0880
248.972445	1e0880
248.981149	1ce126bd96ed
248.993641	1e0855
248.999831	1e0880
249.013461	1e0880
249.021441	1e0880
249.031854	1e0880
249.046744	1e0855
249.058483	1e0cd0
249.068409	1e0882
249.075361	1e0880
249.081698	1e0855
249.092659	1e0855
249.102243	1e0880
249.116230	1e0880
249.126725	1e0855
249.139838	1e0855
249.152989	1e087b
249.163288	1e0cb0
249.169509	1e0cb0
249.174948	1e0d41
249.186509	1e0cb0
249.193534	1e0bf7
249.199615	1e0718
249.210862	1e0880
249.224802	1e0882
249.230425	1e0882
249.240105	1e0882
249.254059	1e0880
249.267980	1e0cd0
249.280759	1ce126bd9793
249.293994	1e0880
249.304283	1e0880
249.310504	1e0cb9
249.322974	1e0880
249.334117	1e0855
249.343507	1e0705
249.349289	1e0880
249.361198	1e0880
249.373387	1e0880
249.388486	1e0880
249.398421	1e0855
249.407370	1e0855
249.418368	1e0880
249.425452	1e0cd0
249.432274	1e0880
249.439391	1e0880
249.451282	1e0855
249.462924	1e0880
249.472351	1e0880
249.480845	1e0880
249.486338	1e0880
249.499415	1e0880
249.506469	1e0880
249.512272	1e0880
249.519697	1e0880
249.526443	1e0880
249.540674	1e0880
249.551197	1e0705
249.563191	1e0855
249.577992	1e0855
249.587103	1e0727
249.593703	1e0855
249.604050	1e0855
249.615372	1e0880
249.629237	1e0880
249.637573	1e0880
249.646249	1e0855
249.659271	1e0855
249.666445	1e0855
249.674293	1e0855
249.689214	1e0855
249.697259	1e0855
249.709284	1e0880
249.723733	1e0880
249.730042	1e0cd0
249.742154	1e0880
249.756754	1e0cb9
249.766339	1e0727
249.779036	1e0880
249.784865	1e0855
249.792464	1e0b10
249.803037	1e0855
249.817692	1ce126bd887f
249.825621	1ce126bd8806
249.835488	1ce126bd8806
249.844190	1ce126bd8806
249.850988	1ce126bd8806
249.856511	1ce126bd8806
249.871521	1ce126bd889c
249.878369	1ce126bd884a
249.888495	1ce126bd870f
249.894956	1ce126bd870f
249.905862	1ce126bd8862
249.917115	1ce126bd886f
249.923934	1ce126bd8806
249.934027	1ce126bd8862
249.943918	1ce126bd88a5
249.950556	1ce126bd8862
249.964005	1ce126bd8709
249.969919	1ce126bd8806
249.975679	1ce126bd8920
249.986421	1ce126bd8920
249.998574	1ce126bd8806
250.007800	1ce126bd870f
250.018122	1ce126bd8709
250.024699	1ce126bd870f
250.031063	1ce126bd8709
250.042906	1ce126bd870f
250.053547	1ce126bd870f
250.061638	1ce126bd8806
250.075794	1dfb39
250.082273	1dfb39
250.094919	1e1a06
250.107415	1dfb39
250.112634	1dff50
250.117902	1e379a
250.124311	1e1a06
250.131759	1dff05
250.144927	1e379a
250.156383	1eb605
250.165767	1ce126bdb560
250.177947	1e379a
250.184797	1dfb39
250.195267	1dfb63
250.207755	1e1484
250.216803	1dff05
250.227403	1dfb39
250.232630	1dfb39
250.241651	1e1a06
250.249273	1dfb39
250.255276	1ea537
250.263888	1dfb39
250.272484	1ce126bdb55c
250.285805	1e1a06
250.296814	1e1a06
250.307106	1dfb63
250.320925	1e1a06
250.328864	1eb5e5
250.336494	1dfb39
250.346028	202929
250.352446	1e15b5
250.365558	1ebd6e
250.372860	1e1a06
250.379415	1dfb39
250.384728	1dfb39
250.399277	1dfb63
250.411795	1ce126bd86e9
250.424740	1e1a06
250.433200	1e379a
250.440781	1dfb63
250.446251	1e0cc7
250.461271	1e1a06
250.473141	1dfb39
250.483579	1e379a
250.495039	1e1a06
250.504702	1ce126bdb560
250.517293	1e378a
250.527288	1dfb39
250.534412	1dfb39
250.548617	1ed847
250.561058	1dfb39
250.567114	1dff9d
250.577060	1e9505
250.587982	1e379a
250.598286	1ce126bdb560
250.612194	1dfb39
250.624041	1dfb39
250.631843	1e1a06
250.640879	1e379a
250.651807	1dfb39
250.658701	1dfb39
250.664596	1dfb39
250.669796	1e1956
250.680199	1e0d1c
250.693974	1e192b
250.703652	1dfb39
250.717867	1e1a06
250.726560	1dfb63
250.735950	1dff05
250.750542	1dfb41
250.756399	1e9318
250.768206	1dfb39
250.780279	1eb786
250.786029	1e1a06
250.798844	1e19bb
250.810886	1e1a06
250.822709	1e379a
250.830122	1dfb39
250.839282	1dfb63
250.848391	1e1a06
250.861187	1e1a06
250.868608	1eb5d5
250.881417	1dfb39
250.892680	1e379a
250.905288	1e1a06
250.915325	1ce126bdadfa
250.927524	1e1a06
250.939173	1ce126bdaea3
250.949954	1dfb39
250.956742	1dfb39
250.969429	1e379a
250.983261	1e379a
250.991437	1dff05
250.999192	1ebd4f
251.013667	1e379a
251.026274	1e1a06
251.039566	1dfb39
251.048634	1e1a06
251.063395	1e379a
251.075292	1ce126bdb560
251.083452	1ce126bdb754
251.090333	1dfb39
251.097535	1e379a
251.108481	1e96ff
251.116622	1e1a06
251.123636	1dfb39
251.135620	1e379a
251.143603	1dfb39
251.151868	1e379a
251.159135	1dfb39
251.164445	1dfcdb
251.178836	1dfb39
251.188402	1dfdac
251.196347	1e1a06
251.208255	1e379a
251.218222	1dfb39
251.226420	1e1a06
251.239246	1ce126bdb3b0
251.254372	1dfec3
251.268778	1dfb39
251.280115	1e92dc
251.295051	1e1a06
251.309141	1e9d94
251.323112	1e379a
251.334598	1e3780
251.343563	1e1a06
251.356472	1e9260
251.367246	1dfb63
251.380831	1ce126bdad30
251.387629	1dfb39
251.393805	1eb5dd
251.402636	1dff05
251.411553	1dfb39
251.426524	1eb5d5
251.439332	1e0395
251.453658	1e18b6
251.462092	1e1484
251.476246	1e379a
251.489202	1dfb39
251.500212	1dfb39
251.511491	1e379a
251.525581	1dfca5
251.534297	1dfb39
251.539724	1dfb20
251.554387	1e379a
251.560935	1ce126bdae12
251.569271	1dfb39
251.580345	1dfe97
251.594419	1ce126bdb560
251.599739	1e9417
251.613076	1ba220
251.623197	1e379a
251.637718	1eb5d5
251.652774	1e379a
251.663999	1e19e0
251.670987	1dfb39
251.676925	1dfb39
251.685382	1e1a06
251.693388	1e0cc7
251.705649	1dff05
251.714751	1e94ab
251.728558	1ce126bdc067
251.743253	1dfb39
251.755852	1e379a
251.763261	1e379a
251.770505	1e19bb
251.778940	1e15b5
251.786569	1e1a06
251.794448	1dfdd5
251.803574	1e1a06
251.812615	1e379a
251.826005	1e15b5
251.839441	1dfb39
251.846708	1e1a06
251.857115	1dfb39
251.870559	1ed83c
251.883590	1dfb63
251.891227	1e379a
251.899388	1dfde4
251.908787	1e1a06
251.923928	1dfb39
251.932402	1e18a8
251.945882	1dfb63
251.952360	1ce126bdb560
251.958459	1dfb39
251.971961	1e379a
251.984173	1dfb63
251.994148	1e1a06
252.007059	1eb5d5
252.021222	1dfb39
252.034409	1dfb39
252.049176	1dfb39
252.059814	1e1887
252.073222	1dff05
252.083559	1dfb67
252.091778	1dfb63
252.101352	1e1a06
252.106674	1dfb39
252.115300	1e9417
252.124687	1ba254
252.133719	1e379a
252.143409	1dff05
252.150946	1e1a06
252.164875	1ebd59
252.178969	1e1a06
252.187449	1e1484
252.196948	1ce126bdae24
252.211516	1dfd9b
252.222056	1e1a06
252.229167	1dfb39
252.238292	1dfb39
252.253017	1e379a
252.263537	1dff05
252.278692	1e379a
252.286191	1e1a06
252.292978	1ce126bdaddd
252.298520	1dfb63
252.310905	1e379a
252.316118	1dfb39
252.330345	1dfde4
252.341010	1dfb63
252.350901	1dfb39
252.357237	1e379a
252.367298	1e1a06
252.372538	1e379a
252.381397	1dfb39
252.394998	1eb5ae
252.401182	1dfb39
252.409020	1e1a06
252.416166	1dfb39
252.425220	1e18ec
252.436877	1e1484
252.451169	1dfb39
252.466049	1dfb39
252.479000	1dfb39
252.488425	1ce126bdc1c5
252.499088	1dfb39
252.510065	1e1a0b
252.517709	1e1a06
252.526059	1dfdd5
252.534140	1ea591
252.539492	1dfb39
252.554270	1dfb39
252.566282	1ea7e3
252.576437	1dfb39
252.590218	1dfb63
252.597966	1e1a06
252.608366	1e1a06
252.618695	1ed88f
252.631084	1dfad9
252.644459	1e379a
252.650998	1ebcfe
252.659495	1e1484
252.664806	1e0cb0
252.671668	1dfb39
252.685507	1eb79f
252.699949	1dfac1
252.715119	1e1a06
252.726937	1e379a
252.741666	1e1478
252.754934	1dfb39
252.768604	1e1a06
252.774535	1e1a06
252.783624	1dfb82
252.797647	1dfb39
252.812264	1e1a06
252.817590	1dfb39
252.830606	1dfdd5
252.839517	1dfb39
252.847087	202929
252.857553	1dfb71
252.865515	1dfb63
252.874514	1dfb39
252.886094	1e191b
252.899684	1e1a06
252.914561	1dfb39
252.921002	1dfb71
252.934799	1dfb39
252.941942	1e1a06
252.955100	1dfb39
252.960848	1dfb63
252.972200	1e379a
252.983530	1dfb39
252.993556	1dfb39
253.002478	1eaa4b
253.011872	1dfb39
253.025378	1dfb39
253.036358	1dff05
253.046897	1dfb63
253.057193	1dfb39
253.069081	1dfb39
253.076581	1eb55b
253.083285	1e19d3
253.092330	1e1484
253.104472	1eb667
253.114906	1dfb39
253.121477	1dfb39
253.132859	1e1484
253.146429	1dfb39
253.155249	1dfb63
253.162662	1e0cb0
253.173488	1e1a06
253.185432	1eb5d5
253.191382	1dfb39
253.200795	1dfb71
253.207166	1e1a06
253.214332	1e1a06
253.224321	1dfb39
253.233661	1e19ca
253.246746	1e1a06
253.254045	1e1a06
253.261979	1dfb39
253.274630	1dfb39
253.289581	1eb612
253.296397	1dfb39
253.308357	1dfb39
253.320406	1dfb39
253.330576	1ed28c
253.339991	1dfb63
253.349949	1e0085
253.355211	1e15b5
253.368611	1e379a
253.379668	1ebd54
253.388221	1e1a06
253.394512	1dfb39
253.400892	1dfb39
253.408018	202a04
253.421245	1ea80b
253.432986	1dfb39
253.447936	1dfb39
253.459878	1ebd4f
253.473498	1ed38c
253.481263	1dfb63
253.493231	1dfb63
253.499459	1dfb39
253.506944	1e15b5
253.521217	1e379a
253.527089	1e15b5
253.533949	1ce126bdad30
253.548073	1eb5dd
253.558359	1ea537
253.564543	1e379a
253.579526	1dfb39
253.593145	1dfb39
253.602745	1e379a
253.616783	1dfb63
253.623297	1eb63b
253.633651	1e379a
253.639159	1dfb39
253.654003	1dfb39
253.659454	1dfb39
253.672458	1dfb63
253.684715	1dfb63
253.699282	1eb7cc
253.707823	1dfb63
253.720464	1dfb63
253.729240	1ce126bdb560
253.741013	1dfb63
253.750969	1dfb39
253.761730	1dfb39
253.768136	1dfb39
253.776469	1e15b5
253.789765	1e1a06
253.801658	1dfa60
253.813898	1dfb71
253.824617	1e1a06
253.835330	1dfb39
253.843097	1eb63b
253.854317	1dfb39
253.864241	1e1a06
253.879186	1e1a06
253.890325	1dfb39
253.897441	1e274c
253.912186	1ebce3
253.927198	1dfb39
253.939942	1e039f
253.953149	1dfb71
253.963500	1ce126bdaeb4
253.977569	1e379a
253.986759	1dfb63
254.000540	1dfb39
254.008638	1e1a06
254.021687	1e379a
254.036872	1e3786
254.044428	1ed876
254.059049	1dfb63
254.065348	1e1a06
254.074161	1dfb63
254.083456	1e1a06
254.093627	1dfb63
254.107173	1dfb39
254.116082	1dfb63
254.130745	1e1a06
254.144720	1e1a06
254.152509	1e1a06
254.157974	1dfb39
254.164883	1e94da
254.174269	1e929d
254.188264	1dfb39
254.200938	1e1a06
254.208593	1e9318
254.223017	1dfb63
254.230567	1e0880
254.243501	1ce126bd9793
254.257842	1e0a8e
254.263666	1e0cb0
254.275551	1e0880
254.282156	1e0880
254.290811	1e0880
254.302788	1e0855
254.309326	1e0735
254.316614	1e0855
254.329511	1e0880
254.336230	1e0bf7
254.344473	1e0880
254.359518	1e0855
254.373189	1e0855
254.381245	1e0d39
254.390758	1e0880
254.401626	1e0cbe
254.411871	1e0855
254.424588	1e0855
254.439372	1e0880
254.447869	1e0880
254.458644	1e0880
254.466464	1e0855
254.477870	1e0880
254.491651	1e0880
254.503732	1e0880
254.518862	1e0880
254.524307	1e0855
254.531813	1e0880
254.544186	1e0880
254.553795	1e0880
254.568970	1e0880
254.580329	1e0855
254.587384	1ce126bd9666
254.601460	1e0880
254.609993	1e0880
254.619689	1e0855
254.634615	1e0882
254.646478	1ce126bd96c2
254.660594	1e0880
254.671473	1e0880
254.682822	1e0880
254.688423	1e0880
254.697880	1e0855
254.706186	1e0d5f
254.712709	1e0855
254.720779	1e0880
254.728928	1e0880
254.742582	1e087b
254.752564	1e0b30
254.757878	1e0855
254.769317	1e0cd0
254.782273	1e0880
254.790495	1e0880
254.802025	1e0855
254.811057	1e0880
254.823795	1e0855
254.833380	1e0880
254.845331	1e0880
254.851952	1e0a8e
254.861722	1e0880
254.876704	1e0880
254.891836	1e0880
254.902372	1e0855
254.908964	1e0855
254.918363	1e0727
254.929211	1ce126bd966d
254.937195	1e0880
254.943292	1e0880
254.951013	1e0880
254.963708	1e0855
254.971425	1e0855
254.983108	1ce126bdc3c2
254.991321	1e0880
255.000599	1e0880
255.006519	1e0880
255.012085	1e0880
255.018163	1e0855
255.027825	1e0855
255.038168	1e0855
255.044050	1e0855
255.053766	1e0855
255.060786	1e0855
255.067561	1e0855
255.074150	1e0855
255.080125	1e0880
255.089378	1e0880
255.100435	1e0880
255.115538	1e0855
255.125824	1e0cb9
255.132576	1e0855
255.143731	1e0855
255.150895	1e0727
255.161148	1e0880
255.176300	1e0cd0
255.186698	1e0880
255.194847	1ce126bdc413
255.208928	1e0855
255.219519	1e0880
255.228220	1e0855
255.240762	1e0880
255.250714	1e0727
255.261850	1ce126bd96e6
255.274407	1e0880
255.282800	1e0880
255.290489	1e0855
255.296177	1e0855
255.310137	1e0d5f
255.319258	1e0cb0
255.332399	1e0880
255.342679	1e0880
255.354375	1e0855
255.368263	1e0880
255.381053	1e0880
255.386683	1e0880
255.392976	1e0855
255.401435	1e0855
255.416199	1e0880
255.423407	1e0855
255.432406	1e0855
255.443614	1e0880
255.458649	1e0880
255.466760	1e0880
255.475131	1e0855
255.481777	1ce126bdc3c5
255.491014	1e0880
255.497862	1e0880
255.512133	1ce126bd97bc
255.520212	1e0855
255.533698	1e0880
255.546106	1e0855
255.558588	1e0855
255.564315	1e0cd0
255.573105	1e0855
255.586255	1e0880
255.592021	1e0855
255.604584	1e0880
255.614366	1e0855
255.629057	1e0880
255.641193	1e0727
255.647693	1e0880
255.653629	1e0bf7
255.661725	1e0855
255.669793	1e0882
255.677591	1e0bf7
255.688945	1e0cb0
255.694187	1e0880
255.705261	1e07d7
255.713854	1e0855
255.723446	1e085d
255.737631	1e0880
255.746186	1e0880
255.760365	1e0727
255.771570	1e086e
255.783980	1e0880
255.797187	1e0880
255.811433	1e0b5f
255.817721	1ce126bd9793
255.827917	1e0880
255.835743	1e0880
255.842781	1e0bf7
255.854806	1e0bf7
255.864716	1e06ef
255.879783	1e0855
255.888105	1e0727
255.897325	1e0bf7
255.903198	1e0855
255.913888	1e0855
255.922646	1e0855
255.933465	1e0880
255.940822	1e0cb0
255.950361	1e0855
255.962960	1e0bf7
255.974476	1e0bf7
255.987145	1e0880
256.002169	1e0cd0
256.016276	1e0880
256.024767	1e0cb0
256.030183	1e0bf7
256.039255	1e0705
256.054276	1e0855
256.067417	1e0855
256.075467	1e0855
256.090031	1e0880
256.100978	1e0855
256.114428	1e0d5f
256.128418	1ce126bd97c4
256.134049	1e0855
256.140679	1e0880
256.149806	1e0855
256.158177	1e0855
256.166411	1e0855
256.171844	1ce126bd9754
256.183493	1e0880
256.196970	1e0cb9
256.208891	1e0855
256.216560	1e0855
256.223304	1e0880
256.234572	1e0880
256.241680	1e0aa4
256.248785	1e0880
256.263781	1e0727
256.270388	1e0880
256.277299	1e0880
256.283868	1e0880
256.295254	1e0855
256.306427	1e0880
256.316004	1e0880
256.323472	1e0855
256.335631	1e0cd0
256.342723	1e0bf7
256.353993	1e0855
256.359196	1e0855
256.371813	1e0cb9
256.383793	1e0855
256.393474	1e0855
256.404454	1e0880
256.412562	1e0880
256.419007	1e0880
256.428310	1e0880
256.435523	1e0880
256.444467	1e0880
256.458195	1e0855
256.465582	1e0882
256.478492	1e0855
256.489444	1e0cb9
256.496065	1e0855
256.502551	1e0880
256.514804	1e0855
256.527963	1e0bf9
256.542674	1e0855
256.551116	1e0882
256.560032	1e0880
256.573152	1e0855
256.579260	1e0855
256.587284	1e0882
256.599838	1e0880
256.612681	1e0880
256.621819	1e0882
256.636783	1e0880
256.651260	1e0880
256.666153	1e0bf7
256.680607	1e0727
256.694514	1e0727
256.700671	1e0880
256.711663	1e0bf7
256.717495	1e0880
256.731066	1e0880
256.738008	1e0bf7
256.749316	1e0880
256.761479	1ce126bd9664
256.767350	1e0cb0
256.779882	1e0855
256.790181	1e0855
256.797723	1ce126bd9675
256.808378	1e0855
256.820092	1e0880
256.826258	1e0b30
256.839566	1ce126bd887f
256.850053	1ce126bd883b
256.857876	1ce126bd887f
256.872500	1ce126bd8806
256.884371	1ce126bd880c
256.894476	1ce126bd8896
256.906379	1ce126bd8709
256.919759	1ce126bd8806
256.929995	1ce126bd8862
256.939849	1ce126bd86ee
256.945308	1ce126bd8806
256.953157	1ce126bd8825
256.966334	1ce126bd870f
256.974010	1ce126bd88b2
256.986392	1ce126bd8718
256.993510	1ce126bd8862
257.001908	1ce126bd8862
257.008633	1ce126bd8864
257.020162	1ce126bd8709
257.031274	1ce126bd870f
257.036906	1ce126bd870f
257.043208	1ce126bd870f
257.056822	1ce126bd86db
257.065255	1ce126bd8806
257.077870	1ce126bd870f
257.091449	1ce126bd891b
257.101730	1ce126bd8806
257.111130	1ce126bd870f
257.117775	1ce126bd8718
257.131275	1ce126bd870f
257.146038	1ce126bdb560
257.153546	1e15b5
257.166158	1dfb39
257.172326	1e1a06
257.184480	1ce126bdc06a
257.196513	1dfb39
257.204154	1e1a06
257.211098	1ce126bd86e9
257.217173	1dfb63
257.228119	1dfb63
257.234862	1e3827
257.248752	1dfb39
257.263675	1eb5d5
257.269622	1dfe47
257.275270	1e379a
257.283620	1dfb63
257.296065	1dfb39
257.306979	1dfb63
257.312352	1e15b5
257.326648	1e37ca
257.341789	1dfb63
257.350651	1e1513
257.355894	1ce126bdaeb4
257.370416	1e379a
257.379962	1e1a06
257.386892	1e379a
257.397951	1e1a06
257.411300	1e379a
257.422448	1e9302
257.430464	1e379a
257.441984	1dff05
257.453182	1dfdd5
257.465639	1ebd8d
257.480087	1e15b5
257.492005	1ce126bdaeec
257.500782	1dfb39
257.515542	1e194e
257.530403	1e1a06
257.543000	1dfb39
257.551889	1eb592
257.559212	1e37c5
257.564716	1ce126bdb3a1
257.570298	1ce126bdae57
257.584860	1dfb39
257.594295	1dfb39
257.607678	1e9302
257.613847	1dfb39
257.626673	1dfb39
257.633605	1e379d
257.641702	1eb5d5
257.650296	1e1a06
257.657922	1dfb39
257.672829	1e1a06
257.680198	1ce126bdb560
257.694534	1e1a06
257.703647	1ce126bdc3be
257.714512	1e4ff0
257.729738	1dff05
257.742740	1dfb39
257.753590	1dfb63
257.760002	1e1a06
257.770698	1dfb39
257.778512	1eb51a
257.790304	1e1529
257.798179	1e1956
257.805501	1e1a06
257.815310	1e1484
257.825985	1dfb39
257.832600	1dfb39
257.838630	1e379a
257.843904	1dfb39
257.856475	1dfb63
257.866498	1dfb63
257.875724	1dfb39
257.889569	1dff05
257.895134	1eaa43
257.907623	1e969b
257.920140	1dfb39
257.929824	1dfb39
257.943945	1e379a
257.950408	1ce126bda986
257.960841	1dfb39
257.970855	1dfb63
257.985633	1e1a06
257.999210	1ce126bdb560
258.007074	1e379a
258.016621	1ce126bdad34
258.026092	1dfb39
258.031596	1e1a06
258.037284	1dfca9
258.043589	1e9302
258.051864	202a00
258.064698	1dfb63
258.076908	1e9361
258.083134	1dfb39
258.093832	1dfb39
258.106471	1e3840
258.116731	1e0cb0
258.129812	1eb599
258.143384	1e1a06
258.150238	1dfb39
258.159423	1e379a
258.173336	1dfb63
258.181755	1dfb39
258.192581	1ce126bdc067
258.198226	1dfb39
258.208540	1ce126bdaf07
258.219948	1eb7f8
258.233222	1e379a
258.243544	1e37eb
258.254056	1e379a
258.264546	1e379a
258.274202	1e1a06
258.282166	1e19dc
258.294472	1dfb39
258.306655	1dfb87
258.321611	1eb616
258.331120	1dfb3d
258.345986	1dfb63
258.355751	1e1a06
258.364267	1dfb39
258.373735	1dfb39
258.386099	1ce126bdc167
258.394084	1e92dc
258.399424	1e1a06
258.412702	1dfb63
258.426668	1e1a06
258.434704	1e15b5
258.449454	1ce126bda994
258.455507	1dfb39
258.467941	1dfb39
258.481186	1e379a
258.493066	1dff05
258.507725	1e1a06
258.518028	1e95b3
258.525276	1eb58e
258.539621	1dfb39
258.547291	1e15c7
258.559763	1dfb63
258.570346	1e93dd
258.584950	1dfb39
258.592741	1eb5d5
258.607772	1dfb39
258.618121	1e1484
258.625960	1ce126bdc060
258.632349	1dfb63
258.640958	1e9260
258.655561	1e37c3
258.666671	1e379a
258.677126	1dfb39
258.683271	1e9302
258.697493	1e379a
258.707691	1e3780
258.719314	1dfb63
258.724688	1dfb63
258.734350	1e1a06
258.746913	1dfb63
258.756429	1e96ff
258.770312	1dfb63
258.781157	1dfb63
258.793543	1e1a06
258.807909	1e379a
258.815333	1ce126bdadb3
258.829749	1ce126bdb394
258.837852	1e9d4b
258.852788	1e1a06
258.861251	1e009c
258.876391	1dfb63
258.882267	1eb558
258.887711	1e379a
258.902809	1ce126bdc167
258.913923	1e1a06
258.926987	1dfb63
258.939303	1dfb63
258.945450	1ce126bdae2f
258.957028	1dfb63
258.970314	1e1a06
258.985423	1e1a06
258.997992	1dfe66
259.007807	1dfb39
259.022147	1e1a06
259.035676	202a04
259.042348	1ce126bdc060
259.055967	1dfb39
259.066245	1e91df
259.071458	1ce126bdb754
259.081867	1e9318
259.093673	1dfb39
259.104209	1dfb39
259.117908	1e37eb
259.132751	1dfb39
259.143551	1eb652
259.150950	1e379a
259.163649	1eb616
259.170899	1e1635
259.179982	1e1a06
259.194135	1e1a06
259.203838	1dfb39
259.211738	1dfb39
259.226490	1ce126bdc1c5
259.240916	1ebd3c
259.250145	1dfb63
259.261714	1e1a06
259.272472	1e1a06
259.278026	1ce126bdc1c5
259.285828	1e1a06
259.293347	1e1a06
259.303109	1dfb39
259.309881	1e500f
259.324450	1dfb39
259.333214	1dfb39
259.342292	1dfb39
259.349813	1dfb39
259.356043	1e379a
259.363191	1e1a06
259.370245	1dfb63
259.379437	1dfb63
259.384655	1eb592
259.397887	1dfb39
259.409130	1ebdb5
259.417738	1e1a06
259.425003	1e1a06
259.430422	1e19aa
259.436346	1e15b5
259.444489	1ce126bdc162
259.459028	1e379a
259.465094	1e379a
259.477099	1e1a06
259.482930	1e929d
259.490288	1e926e
259.497827	1ed805
259.511498	1dfb39
259.521201	1dfb63
259.527715	1eb5a0
259.536581	1ebd05
259.544396	1e1a06
259.555400	1dfb39
259.567879	1e1a06
259.579979	1e1a06
259.590817	1e1a06
259.602589	1e379a
259.613958	1dfb39
259.626126	1dfb39
259.637471	1e1a06
259.650145	1dfb71
259.657503	1dff32
259.667922	1e1a06
259.683121	1e1a06
259.692702	1ce126bdadcb
259.703442	1e379a
259.709881	1eb5d5
259.721375	1e1a06
259.734383	1e1a06
259.748004	1e15f8
259.758252	1e1a06
259.772736	1eb5d5
259.781348	1dfb39
259.788743	1ebced
259.802713	1dfb39
259.813096	1e379a
259.819123	1dfb39
259.834152	1ebd4f
259.839610	1dfb63
259.851827	1e4fdf
259.865209	1e1a06
259.876023	1dfb39
259.884370	1dfb63
259.895458	1dfde4
259.906621	1e1a06
259.912080	1e1a06
259.918845	202958
259.924846	1dfb39
259.938951	1dfe97
259.951380	1e1a06
259.962586	1e1a06
259.974555	1dfb39
259.989749	1e1a06
259.997892	1e1a0b
260.010973	1eb512
260.018394	1dfb39
260.028934	1e1a06
260.035391	1ce126cd8044
260.047671	1dfb34
260.053443	1ce126bdaabf
260.061785	1eb525
260.069795	1eb605
260.076422	1e1a06
260.084800	1dfb71
260.091040	1dfe56
260.098496	1dfb39
260.104895	1e1a06
260.118146	1dfb63
260.131968	1e1579
260.144777	1eb5d5
260.153417	1dfb63
260.161601	1dfb63
260.170426	1e9505
260.178215	1dfb63
260.185060	1dfb39
260.193341	1dfb39
260.201901	1ce126bdadfa
260.210826	1ebd43
260.225703	1dfb39
260.231852	1dfb63
260.244329	1dfb39
260.251348	1e1a06
260.262342	1e379a
260.269022	1e19c2
260.279039	1ea898
260.284641	1e1a06
260.297672	1dfaf7
260.305047	1ce126bd86e9
260.313493	1dfb39
260.323463	1dfb39
260.336667	1ce126bdad30
260.349803	1dff05
260.356858	1e379a
260.367662	1e379a
260.379387	1e1a06
260.386975	1e1a06
260.399021	1dfb39
260.408897	1dfb63
260.417118	1ea7e3
260.422785	1dfb63
260.436330	1e386a
260.442082	1e1a06
260.450588	1dfcdb
260.464996	1e379a
260.478855	1dfb39
260.488897	1dfb39
260.494806	1e1a06
260.506188	1dfb39
260.520683	1dfb39
260.530513	1dff05
260.544069	1dfb63
260.555764	1dfb63
260.569210	1e19bb
260.574516	1e149f
260.584940	1dfb39
260.594936	1e1a06
260.606637	1dfb39
260.611871	1ebdaf
260.617900	1e1a06
260.626348	1e19b6
260.635772	1dfb39
260.649021	1ebd9b
260.655387	1e1a06
260.663524	1dfb13
260.678468	1e1a06
260.689763	1dfb39
260.703727	1e9268
260.711329	1dfb63
260.720803	1dfb63
260.735097	1e1484
260.741042	1ce126bdaddd
260.751839	1dfb39
260.759382	1dfb39
260.770251	1e9460
260.784452	1dfb63
260.798368	1dfb0c
260.813220	1dfb39
260.825434	1dfb41
260.836624	1dfb39
260.847372	1e379d
260.858607	1dfb39
260.869863	1dfb39
260.880185	1e1a06
260.886033	1dfb39
260.897117	1dfb39
260.902851	1dfb39
260.915054	1ebdaf
260.922691	1dfb39
260.933491	1dfaf7
260.944016	1e1a06
260.953062	1dfb39
260.962287	1e1a06
260.975510	1e379a
260.986979	1e1a06
261.000698	1dfb39
261.012262	1ed805
261.022088	1ea53e
261.033810	1ce126bda994
261.040497	1dfb63
261.054783	202a0b
261.064157	1dfb39
261.076112	1dfb39
261.088368	1e379a
261.101331	1dfb39
261.113284	1dfb39
261.128154	1eb516
261.134275	1dfa85
261.146608	1dfb63
261.151924	1e1a06
261.162096	1dff9d
261.170493	1dff05
261.177887	1ed3ab
261.184686	1eb5a0
261.198631	1e1a06
261.211723	1dfb39
261.223489	1dfb63
261.237168	1dfb63
261.242918	1e1a06
261.256669	1eb605
261.266047	1e379a
261.281135	1dfb39
261.296059	1ce126bdb042
261.307447	1e9302
261.313403	1dfb63
261.327590	1e1a06
261.334121	1ce126bdadfa
261.343521	1e1a06
261.354581	1dfb39
261.363281	1e03fb
261.368552	1ce126cd7884
261.378687	1dfb39
261.384939	1eb51b
261.392098	1dfb39
261.398293	1dfb39
261.408444	1dfb39
261.418407	1dfb39
261.424609	1dfb93
261.432831	1dfb39
261.447667	1dfb39
261.456051	1ebd59
261.469444	1dfb63
261.483005	1e1a06
261.496003	1e93dd
261.505052	1dfb39
261.515423	1dfcd7
261.526058	1e37ce
261.537285	1dff05
261.548948	1dff50
261.563250	1dfb39
261.574556	1eb662
261.580794	1e19fd
261.590437	1e1a06
261.600397	1dfb39
261.608144	1e1a06
261.614584	1dfb39
261.629084	1dfb39
261.635086	1dfb39
261.647912	1dfb63
261.659245	1dfdb0
261.665086	1dfa3a
261.671689	1e1a06
261.685019	1dfb39
261.694819	1dfb39
261.707600	1e1a06
261.715909	1ce126bdb041
261.727315	1dfb63
261.737869	1e1a06
261.743841	1e1a06
261.754678	1e193e
261.765300	1e0cc3
261.772410	1dfb39
261.782771	1dfb39
261.790615	1dfb63
261.800642	1eb605
261.814140	1dfb63
261.826430	1e1a06
261.839678	1dfb39
261.854336	1dfb71
261.864275	1dfb39
261.877813	1e1a06
261.891315	1dfb71
261.905797	1dfb39
261.919266	1e1a06
261.932374	1dfb71
261.945331	1ce126bdc167
261.960522	1ce126cd7926
261.968327	1e1a06
261.982034	1e1956
261.988643	1e379a
261.996390	1ebd63
262.005709	1dfb52
262.014652	1dfb39
262.025517	1e1a06
262.033932	1ce126bdae12
262.043670	1dfb63
262.054431	1dfb63
262.064114	1e1a06
262.074257	1dfb39
262.079938	1dfb39
262.094551	1dfb39
262.105912	1e1a06
262.118887	1dfb63
262.126413	1dfb39
262.139271	1dfb63
262.144877	1e928d
262.155600	1dfb39
262.167943	1e1a06
262.181750	1dfaba
262.192559	1dfb39
262.203336	1dfb39
262.210499	1dfa3a
262.223716	1dfb39
262.231885	1dfa37
262.243073	1dfb63
262.250033	1dfb63
262.261410	1eb87b
262.275264	1dfb0c
262.287489	1dfb39
262.294294	1e1a06
262.303821	1dfb39
262.312508	1eb605
262.317987	1dfb39
262.323332	1dfb39
262.337016	1e1a06
262.349485	1ed847
262.358051	1dfb39
262.365267	1e1f48
262.371824	1dfb39
262.378942	1dfb39
262.385863	1dfb39
262.393007	1dfb39
262.408168	1ce126bdc1c5
262.417034	1e37a0
262.427296	1dfb39
262.433901	1e1a06
262.441199	1e1a06
262.450650	1dfb39
262.464907	1e1a06
262.471251	1dfb63
262.476889	1e91d3
262.490656	1e379a
262.503950	1dfb39
262.518373	1dfb39
262.526054	1dfb39
262.540952	1e9260
262.549769	1dfb63
262.557531	1e18a8
262.572103	1dfb39
262.577773	1dfb39
262.591929	1dfaf7
262.599184	1dfb63
262.609404	1e379a
262.624295	1e0880
262.638372	1e0855
262.651024	1e0880
262.659069	1e0bba
262.666355	1e0855
262.675865	1e0855
262.683091	1e0880
262.694563	1e0727
262.706906	1ce126bd977f
262.712817	1e0880
262.723206	1e0855
262.732876	1e0880
262.743442	1e0880
262.754650	1e0880
262.766058	1e0880
262.776638	1e0880
262.786735	1e0cd0
262.791927	1e0855
262.801997	1e0cb9
262.816417	1e0855
262.829065	1e0880
262.836196	1e0880
262.841680	1e0cb9
262.851693	1e0855
262.859940	1e0855
262.868629	1e0880
262.876114	1e0880
262.889810	1e0880
262.900901	1e0880
262.913095	1e0855
262.924103	1e0855
262.936713	1e0ccc
262.950067	1e0880
262.960639	1e0880
262.973943	1e0880
262.986666	1e0cd0
262.994755	1e0cd0
263.006822	1e0882
263.014005	1e0d31
263.022703	1e0880
263.035486	1e0880
263.046756	1e0855
263.061621	1e0880
263.067273	1ce126bdc413
263.080519	1e0855
263.095616	1e0cd0
263.102071	1e0855
263.114420	1e0855
263.128073	1e0880
263.141491	1e0880
263.155911	1e0880
263.163870	1e0855
263.173297	1e0855
263.185652	1e0855
263.193055	1e0880
263.201314	1e0cbe
263.210862	1e0880
263.219435	1e0880
263.230155	1e0880
263.242161	1e0880
263.255750	1e0855
263.261051	1e0880
263.274154	1e0880
263.280653	1e0880
263.289777	1e0855
263.304602	1ce126bd96ff
263.316926	1e0880
263.323113	1ce126bdc416
263.333689	1e0cb0
263.341560	1e0882
263.354984	1e0880
263.369480	1e0855
263.374841	1e0880
263.381404	1e0880
263.386914	1e0880
263.399408	1e0727
263.408407	1e0855
263.421442	1e0880
263.429953	1e0890
263.436063	1e0880
263.447557	1e0855
263.457496	1e0880
263.463010	1e086b
263.474091	1e0855
263.481509	1e0a8e
263.491431	1e0855
263.499555	1e0880
263.507380	1e0855
263.513143	1e0880
263.522445	1e0880
263.531271	1e0855
263.539928	1e0cbe
263.552575	1e0855
263.561376	1e0880
263.571859	1e0855
263.584597	1e0880
263.596064	1e0855
263.605919	1e0855
263.618162	1e0855
263.626574	1e0880
263.640066	1e0855
263.650857	1e0855
263.664788	1e0855
263.675676	1e0880
263.685539	1e0880
263.690912	1e0880
263.701747	1e0880
263.710643	1e0880
263.718175	1e0880
263.723522	1e0880
263.737208	1e0882
263.742574	1e0880
263.752515	1e0880
263.760073	1e0855
263.774610	1e0880
263.786599	1e0880
263.794083	1e0855
263.801479	1e0880
263.811907	1e0880
263.820418	1e0880
263.827036	1e0880
263.836581	1e0880
263.850566	1e0855
263.858838	1e0880
263.866602	1e0880
263.878993	1e0855
263.888773	1ce126bd96c5
263.895319	1e0880
263.909562	1e0880
263.915383	1e0705
263.926291	1e0882
263.932787	1e0880
263.941165	1e0d5f
263.947476	1e0880
263.960194	1e0880
263.972109	1e0880
263.981284	1e0880
263.990538	1e0855
263.999959	1ce126bd972f
264.012590	1e0727
264.027397	1e0880
264.036347	1e0cb9
264.046716	1e0727
264.058082	1ce126bdc3c2
264.066982	1e0705
264.079904	1ce126bd97bc
264.092079	1e0880
264.099765	1e0880
264.107633	1e0855
264.122441	1e0880
264.134009	1e0727
264.148741	1e0855
264.156782	1e0880
264.163110	1e0c1e
264.175422	1e0880
264.188401	1e0880
264.199496	1e0855
264.214188	1e0880
264.225082	1e0880
264.239688	1e0880
264.247978	1e0855
264.260056	1e0880
264.272176	1e0a8e
264.282989	1e0855
264.289523	1e0800
264.295361	1e0855
264.305877	1e0880
264.312672	1e0880
264.323159	1e0855
264.335891	1e0880
264.343663	1e0880
264.350647	1e0880
264.358643	1ce126bd972f
264.369351	1e0727
264.376192	1e0880
264.388366	1e0cd0
264.401185	1e0880
264.409707	1e0880
264.423356	1e0880
264.429478	1e0bf7
264.441965	1e0d5f
264.456259	1e0cb9
264.468286	1e0880
264.479708	1e0880
264.486310	1e0705
264.497625	1e0880
264.509665	1e0880
264.518318	1e0855
264.533463	1e0880
264.546469	1e0880
264.557281	1e0880
264.566145	1e0880
264.571530	1e0cc3
264.578532	1e0880
264.586989	1e0855
264.598051	1e0880
264.606934	1e0880
264.614825	1e0880
264.626763	1e0855
264.640296	1ce126bd9783
264.645815	1ce126bd972f
264.660017	1e0855
264.667594	1e0880
264.677763	1e0855
264.684822	1e0855
264.692385	1e0855
264.703730	1e0880
264.714891	1e0727
264.721425	1e0880
264.734797	1e0880
264.744652	1e0cb0
264.759210	1e0727
264.772163	1e0880
264.779164	1e0880
264.786681	1e0880
264.794732	1e0880
264.803936	1e0880
264.812475	1e0855
264.826598	1e0880
264.837541	1e0880
264.848174	1e0882
264.862232	1e0880
264.876905	1e0880
264.884444	1e0880
264.893648	1e0855
264.899836	1e0880
264.907250	1e0855
264.917924	1e0727
264.924717	1e0855
264.938072	1e0cb9
264.953373	1e0cc7
264.962118	1e0855
264.977159	1e0855
264.990285	1e0bf7
264.995993	1e0880
265.004928	1e0880
265.017053	1e0880
265.027456	1e0cb0
265.038123	1e0855
265.046318	1e0727
265.056451	1e0cad
265.066040	1e0855
265.072859	1e0727
265.086543	1e0880
265.097842	1e0880
265.110450	1e0880
265.122682	1e07bf
265.137210	1e0727
265.151179	1e0727
265.156637	1e0880
265.171301	1e0855
265.186013	1e0cb9
265.201171	1e0bf7
265.208298	1e0880
265.221362	1e0880
265.231787	1e0880
265.243011	1e0855
265.252863	1e0844
265.258412	1e0855
265.267317	1e0855
265.278439	1e0855
265.286372	1e0880
265.297314	1e0855
265.311942	1e0855
265.324010	1e0880
265.331253	1e0880
265.340750	1e0880
265.349441	1e0855
265.359868	1e0880
265.368023	1e0855
265.376378	1e0880
265.388072	1e0cb0
265.400229	1e0855
265.412766	1e0855
265.421699	1e0d5f
265.436827	1e0880
265.443358	1e0727
265.456692	1e0727
265.462080	1e0880
265.471206	1e0880
265.478555	1e0855
265.487535	1e0cd0
265.495781	1e0cf7
265.501910	1e0880
265.512270	1e0cd0
265.524172	1e0880
265.534987	1e0880
265.540584	1e0727
265.554607	1e0855
265.564453	1e0855
265.576908	1e0727
265.587526	1e0880
265.593751	1e0cb9
265.604089	1e0880
265.609777	1e085d
265.615721	1e0880
265.623287	1e0880
265.636603	1e0880
265.647003	1e0880
265.661214	1e0880
265.672852	1e0880
265.680955	1e0855
265.695377	1e0855
265.705018	1e0cb0
265.718192	1e0880
265.724653	1e0880
265.734180	1e0880
265.747934	1ce126bdc3c2
265.759680	1e0855
265.773712	1e0855
265.787372	1e0880
265.797105	1e0855
265.806873	1e0855
265.816739	1e07c3
265.824445	1e0cd0
265.830099	1e0880
265.839622	1e0880
265.852106	1e0855
265.862897	1e0880
265.868612	1e0cb0
265.882848	1e0705
265.889513	1e0bf7
265.902587	1e0727
265.915729	1e0880
265.921112	1e0880
265.933742	1e0855
265.939873	1e0bf7
265.945290	1e0b10
265.957334	1e0880
265.972081	1e0880
265.982363	1e0855
265.996550	1e0880
266.006045	1e0855
266.011792	1e0831
266.018754	1e0cb9
266.025662	1e0bf7
266.040872	1e0855
266.046659	1e0880
266.058911	1ce126bd8896
266.069739	1ce126bd8806
266.080364	1ce126bd884a
266.087882	1ce126bd8806
266.093547	1ce126bd88a0
266.098858	1ce126bd880c
266.112775	1ce126bd8806
266.118068	1ce126bd885e
266.125374	1ce126bd8806
266.133756	1ce126bd8806
266.146511	1ce126bd8806
266.160399	1ce126bd88a0
266.168592	1ce126bd887f
266.179975	1ce126bd870f
266.193228	1ce126bd86ff
266.202175	1ce126bd870f
266.212535	1ce126bd870f
266.225397	1ce126bd870f
266.239830	1ce126bd88ea
266.253836	1ce126bd86d8
266.266568	1ce126bd8713
266.273314	1ce126bd870f
266.283890	1ce126bd8862
266.294705	1ce126bd8806
266.303303	1ce126bd870f
266.315699	1ce126bd870f
266.323631	1ce126bd8806
266.330186	1ce126bd8806
266.338236	1ce126bd8896
266.345395	1ce126bd870f
266.354578	1ce126bd870f
266.360678	1ce126bd8806
266.370692	1ce126bd8718
266.377717	1ce126bd870f
266.388940	1ce126bd86ff
266.403676	1ce126bd870f
266.411055	1ce126bd870f
266.416586	1ce126bd870f
266.425484	1ce126bd86e9
266.437470	1ce126bdb560
266.444784	1e1a06
266.452065	1e1a06
266.460570	1e1a06
266.474685	1e1a06
266.482833	1e1a06
266.493693	1e1a06
266.504586	1e379a
266.512834	1e1a06
266.527801	1e379a
266.540762	1dfb63
266.547731	1dfb39
266.553079	1ce126bdc167
266.559544	1e1a06
266.571065	1dfb63
266.581354	1ce126bdb55c
266.590946	1dfb39
266.599707	1e379a
266.613365	1dff9d
266.624704	1e379a
266.636803	1e3827
266.650108	1e1a06
266.664640	1e1484
266.670373	1e379a
266.682228	1e1a06
266.697256	1dfb63
266.712174	1e379a
266.723149	1e0cb0
266.733850	1e9531
266.744214	1e379a
266.753160	1dfb39
266.767112	1e37c3
266.778893	1dfb39
266.793060	1dfb63
266.803170	1dfb39
266.808962	1dfb41
266.821018	1e9505
266.827731	1dff05
266.842079	1dfb39
266.847725	1dfb63
266.857334	1dfb63
266.865322	1dfb39
266.877874	1ce126bdb394
266.888715	1e1a06
266.902236	1dff9d
266.911087	1e3780
266.921087	1e1a06
266.931440	1e15b5
266.937701	1dfb13
266.947437	1ce126cd7932
266.960379	1ce126bdb560
266.971879	1dfb39
266.983120	1ce126bdb560
266.993180	1dfb39
267.004674	1e379a
267.010441	1dfb39
267.017395	1e9ee0
267.031551	1e1a06
267.046643	1ce126bdb560
267.051856	1dfb39
267.064286	1e1a06
267.077823	1e379a
267.090902	1dfb39
267.099697	1e379a
267.111053	1e5024
267.124614	1dfb39
267.129975	1e1a06
267.142686	1dfb39
267.153094	1e9daf
267.167488	1e1a06
267.176460	1dfb39
267.186926	1dfb39
267.201799	1dfb39
267.215127	1dff05
267.222805	1dfb39
267.232346	1dfb39
267.243977	1ce126bdb560
267.250268	1e03fa
267.262607	1dfb39
267.269214	1dfb39
267.278966	1dfb63
267.289138	1dfb63
267.303522	1dff05
267.311890	1e1a06
267.322334	1e37c7
267.328233	1e1a06
267.335933	1eb5dd
267.341329	1dfb71
267.355952	1e379a
267.368855	1eb62f
267.376295	1e1a06
267.389549	1dfb39
267.398827	1ebd9b
267.412090	1e0cc3
267.426899	1e1a06
267.434686	1e1a06
267.442334	1dfb63
267.455514	1dfb39
267.468504	1ce126bdb560
267.478542	1eb5d5
267.490672	1eb605
267.505329	1eb5d5
267.512156	1e379a
267.523938	1dfb39
267.538480	1e379a
267.550221	1dfb39
267.556925	1dfb39
267.568866	1dfb39
267.577862	1ebd35
267.586119	1e1a06
267.593880	1dfb63
267.604869	1ebd38
267.613836	1e5032
267.619790	1e1a06
267.631724	1dfb39
267.638090	1dfb39
267.652139	1dfb39
267.661474	1ce126bdc0b7
267.673167	1e379a
267.684202	1dfb39
267.696723	1dfb63
267.708271	1dfb39
267.722790	1dfb39
267.734188	1e19f5
267.741735	1dfb39
267.749147	1ebd1a
267.759813	1dfb3d
267.772549	1e1a06
267.783975	1dfb39
267.791378	1e5016
267.797698	1e1a06
267.803151	1dfb39
267.811351	1dfca9
267.819628	1dff05
267.832061	1e1a06
267.838936	1dfb39
267.849055	1e1a06
267.861276	1dfb39
267.872438	1dfb39
267.884221	1e1a06
267.894102	1dfb39
267.906133	1dfb63
267.913800	1dfb63
267.926087	1dfb39
267.937527	1ce126cd810a
267.946614	1e1a06
267.959251	1ce126bdb560
267.968467	1eb5d5
267.979009	1dfb39
267.985290	1dfb63
267.996073	1ce126bdb560
268.010164	1e379a
268.018637	1eb5d5
268.027524	1e1a06
268.037576	1e1a06
268.049681	1ce126bdc178
268.059864	1e379a
268.067021	1e9445
268.073904	1e272e
268.081280	1dfb39
268.087915	1e379a
268.098023	1dfb39
268.110410	1ed88f
268.121626	1e1a06
268.129455	1e1a06
268.135049	1dfb63
268.149784	1dfb63
268.164439	1eb5e9
268.173296	1e0cb0
268.184264	1e1a06
268.190713	1e18fa
268.199211	1e379a
268.212546	1e379a
268.218154	1e1a06
268.226418	1dfb39
268.232145	1e379a
268.245950	1e5046
268.252351	1e19cf
268.263265	1eb528
268.278341	1dfb39
268.286638	1e9449
268.301322	1dfb39
268.309934	1dfb39
268.319768	1ed842
268.329469	1dfb63
268.341795	1e9318
268.349873	1ebcfe
268.359650	1eb87f
268.374497	1e1a06
268.387022	1e1a06
268.398783	1dfb39
268.411739	1e1a06
268.426727	1e949a
268.440181	1eb5a7
268.452239	1dfe42
268.460223	1e379a
268.468610	1dff05
268.474721	1e0cb0
268.486812	1e1484
268.495588	1dfb63
268.503839	1e1a06
268.512471	1e4fd2
268.523375	1eb5dd
268.529443	1dfb39
268.536224	1ce126bdb754
268.543214	1e5054
268.554498	1e92cc
268.560726	1e94ab
268.574335	1dfb63
268.584079	1e379a
268.598770	1eb6a1
268.613026	1ce126bdaf07
268.622812	1dff9d
268.636488	1dfb39
268.647653	1dfb39
268.659286	1dfb63
268.667792	1ce126bdaddd
268.674245	1dfb39
268.687167	1e953b
268.701408	1e1a06
268.713798	1dfb39
268.727533	1dfde0
268.741343	1dfb63
268.756270	1dfb39
268.767640	1dfb39
268.777850	1e1a06
268.788851	1e1a06
268.799272	1e379a
268.809202	1e1a06
268.814632	1e03e7
268.820081	1dfdb0
268.831951	1e1a06
268.846637	1dfb63
268.853366	1dfb39
268.865797	1ce126bdb382
268.872207	1dfb39
268.878538	1e379a
268.893003	1dfb39
268.901309	1dfb39
268.916090	1e1a06
268.930972	1dfb63
268.939956	1dfb39
268.952290	1dfb63
268.967383	1e1a06
268.975661	1dfb63
268.983781	1dfb63
268.994520	1dfb63
269.005394	1dfb63
269.015559	1dfd9b
269.030537	1dfb39
269.040862	1dfb39
269.048003	1e1a06
269.061643	1dff05
269.074533	1eb5d5
269.086223	1dfef7
269.094382	1e3780
269.101959	1dfb63
269.108457	1e9318
269.114954	1dfb39
269.123705	1dfb63
269.134374	1dfb39
269.143416	1e1a06
269.157021	1e379a
269.169783	1dfb63
269.179187	1e15b5
269.187850	1dfb63
269.201077	1e1606
269.209796	1dfb63
269.217586	1dfb39
269.227400	1eb652
269.240650	1e1a06
269.247661	1dff05
269.253417	1e379a
269.262524	1e379a
269.269823	1dfb39
269.281408	1dff05
269.288710	1e1a06
269.295806	1e9277
269.309780	1eb5d5
269.321021	1e1a06
269.334277	1dfa58
269.343300	1dfb39
269.352135	1e9543
269.359123	1ce126bdb376
269.368325	1dfb39
269.378673	1dfb39
269.388696	1dfb39
269.395775	1dfb63
269.400983	1dfb39
269.415990	1ba254
269.426243	1ce126cd7884
269.436096	1dfb39
269.449358	1dfb63
269.458449	1dfb39
269.464119	1e1915
269.472591	1ebd6e
269.480965	1dfb39
269.494217	1dfb39
269.499618	1dfb39
269.511164	1dfb39
269.522550	1eb678
269.527822	1eb57e
269.534434	1dfb39
269.546551	1dfb39
269.553463	1e9e92
269.566458	1e9441
269.579369	1dfb39
269.586708	1dfb39
269.601717	1dfb39
269.608785	1e1a06
269.623741	1dfb39
269.634863	1dfb63
269.647468	1e1a06
269.657599	1dfb63
269.665341	1dfb63
269.675413	1eb612
269.684280	1dff05
269.690180	1dff05
269.696337	1e1a06
269.706256	1dfb39
269.716877	1e379a
269.731011	1e15b5
269.742284	1dfb39
269.750657	1eb512
269.760608	1e1a06
269.769299	1e1a06
269.774856	1dfb39
269.787203	1ce126bdc162
269.801871	1e1a06
269.813293	1dfb39
269.825642	1dfb39
269.840526	1e1a06
269.848605	1dff3c
269.859519	1e1a06
269.873734	1e379a
269.887901	1dfb63
269.898827	1dfb39
269.906573	1e379a
269.917374	1e379d
269.926268	1dfb39
269.939290	1dfb39
269.949654	1eb605
269.961884	1e9417
269.970828	1e1a06
269.980549	1dfb39
269.991012	1e9549
270.005488	1dfb39
270.016811	1e0cb0
270.029084	1e1a06
270.039469	1e1a06
270.048015	1dff05
270.057707	1dfb63
270.068525	1dfb39
270.079199	1dfb63
270.091436	1dfb63
270.098947	1e1a06
270.108974	1ebced
270.117952	1eb5d5
270.129230	1e1a06
270.144232	1e1a06
270.149800	1e1484
270.163307	1e1a06
270.173220	1dfb63
270.179543	1e1437
270.194622	1ed868
270.199915	1e1484
270.213224	1dfb39
270.225529	1e4fd2
270.239311	1dfb39
270.248641	1dfb63
270.256406	1e1a06
270.261964	1dfb39
270.271842	1e1a06
270.281020	1dfb39
270.288563	1dfb63
270.297579	1dfb63
270.312135	1dfb39
270.321078	1dfb39
270.327612	1e15b5
270.342593	1dfb39
270.351763	1e1a06
270.358838	1e1a06
270.373780	1dfb39
270.387605	1dfb39
270.393594	1e379a
270.407872	202995
270.419206	1ce126bdc210
270.428862	1e1a06
270.438705	1dfb63
270.448281	1e95a7
270.460638	1e379a
270.467121	1dfb39
270.478778	1e9268
270.487677	1e03e7
270.501969	1e379a
270.514394	1ce126bda986
270.523213	1dfb71
270.533239	1ce126bdb042
270.546219	1dfb39
270.552981	1dfb39
270.562572	1e9417
270.574665	1dfb63
270.583429	1e1a06
270.591292	1e1a06
270.604317	1e1a06
270.614102	1e1a06
270.621875	1ebcfa
270.634557	1dfa69
270.646429	1dfb39
270.657586	1e1a06
270.663996	1dfb63
270.679171	1dfb39
270.689702	1e0cdc
270.700069	1e19f5
270.707022	1e96ff
270.717883	1eb880
270.729003	1eb5d5
270.742350	1e379a
270.756351	1e1a06
270.767579	1e1a06
270.779369	1dfe66
270.792184	1ce126bdadcb
270.798986	1e1a06
270.804732	1eb57e
270.812326	1e379a
270.818048	1dfb63
270.824831	1dfb39
270.832716	1ce126cd78ae
270.839756	1ebce3
270.854893	1dfb63
270.865962	1e1a06
270.871636	1dfb39
270.882647	1e379a
270.889073	1dfb39
270.895375	1dfb63
270.900670	1e9d75
270.909992	1dfb39
270.918648	1dfb39
270.931731	1dfb63
270.943407	1e1a06
270.950344	1dfb39
270.965096	1e379a
270.973180	1dfb39
270.979732	1dfb39
270.988841	1e1a06
270.996461	1ce126bda994
271.010310	1e1a06
271.019735	1e379a
271.028242	1e0085
271.033677	1dfb39
271.042868	1dfb39
271.055684	1dfb39
271.066605	1ebd8d
271.076979	1e1a06
271.087030	1e1a06
271.094750	1e1a06
271.105643	1e1a06
271.111618	1dfb39
271.126817	1dfb39
271.136141	1dfb63
271.146791	1e1a06
271.154281	1dfb63
271.167101	1dfb39
271.177645	1ebd4f
271.189777	1ce126bdc060
271.204515	1dfb39
271.211854	1e1a06
271.218620	1dfb39
271.224917	1dfb39
271.230241	1ce126cd7926
271.235400	1dff6a
271.244007	1e1a06
271.250223	1dfb39
271.256260	1eb860
271.270354	1dfb63
271.276423	1dfb39
271.286474	1ea772
271.293829	1dfb63
271.301254	1dfb39
271.307369	1e379a
271.314588	1eb6c9
271.323437	1e1a06
271.334301	1e1a06
271.348280	1e1a06
271.361322	1ebdaf
271.375296	1dfb39
271.390257	1dfb63
271.399550	1dfb63
271.407699	1e379a
271.417758	1ce126bdaeec
271.427962	1ce126bda97f
271.438242	1e1a06
271.453309	1dfb39
271.464899	1eb5d5
271.479287	1e1a06
271.487834	1dfb39
271.499537	1dfb63
271.511439	1e1a06
271.517131	1e1a06
271.527961	1e0cb0
271.541947	1dfb39
271.557129	1e9417
271.569826	1ed868
271.583884	1dfb39
271.593168	1dfb63
271.604367	1dfb39
271.615811	1dfdd5
271.628796	1e948f
271.637679	1dfb39
271.650780	1dfb63
271.656626	1dfb63
271.671758	1dfb63
271.683808	1e1545
271.696683	1dfb39
271.708527	1dfb39
271.723155	1dfb39
271.736739	1dfb39
271.744022	1dfb39
271.750092	1e9460
271.763457	1e1a06
271.778628	1dfb39
271.784831	1e9217
271.793223	1dfb63
271.807771	1dfb39
271.817617	1dfb39
271.832613	1dfb39
271.841973	1dfb63
271.851282	1e1a06
271.861898	1dfb39
271.869300	1ce126bdae45
271.878382	1dfb39
271.888398	1dfb39
271.901202	1dfb39
271.912800	1dfb39
271.925718	1e1a06
271.935303	1dfb39
271.942724	1ce126cd7891
271.948514	1eb860
271.960681	1dfb39
271.969304	1dfb90
271.981107	1dfb63
271.991059	1eb605
272.003349	1dfb63
272.010604	1dfb39
272.025099	1ed868
272.030838	1e9417
272.036985	1dfb39
272.044186	1e9505
272.056125	1dfb39
272.070963	1dfb39
272.080931	1e929d
272.086460	1dfb39
272.092953	1e1a06
272.105413	1dfb63
272.115120	1dfb39
272.121259	1dfb63
272.129350	1dfb63
272.143525	1e379a
272.155648	1dfb39
272.169182	1dfb39
272.178987	1e1a06
272.193936	1e15b5
272.200065	1e1a06
272.214741	1e9d63
272.227253	1dfb63
272.238018	1dfb63
272.249200	1dff24
272.262567	1e1a06
272.277257	1dfb39
272.289585	1ed2bb
272.301905	1dfb39
272.314959	1ce126bdb560
272.320226	1e1a06
272.333498	1e1a06
272.339165	1dfb39
272.347667	1dfb63
272.356598	1dfb39
272.366133	1dfb39
272.371832	1dfb39
272.382040	1e18cb
272.393377	1dfb39
272.403818	1e15b5
272.414419	1ce126bdaea3
272.426832	1dfb63
272.432841	1dfb39
272.447154	1dfb39
272.458195	1dfb63
272.472850	1dfd9b
272.485778	1dfb63
272.496680	1dfb39
272.503841	1e1a06
272.511369	1ce126bdadf1
272.518492	1dfb63
272.531533	1dfb39
272.545764	1e1a06
272.555368	1dfb39
272.566762	1dfb63
272.576787	1e379a
272.585118	1dfad6
272.594065	1dfb39
272.609094	1eb6be
272.619729	1ce126bdb3b0
272.628210	1eb860
272.635432	1e1a06
272.649597	1eb713
272.657131	1e1a06
272.665004	1e1a06
272.678665	1e1a06
272.684855	1dfb39
272.697335	1e1484
272.709133	1dfb39
272.722973	1e1a06
272.731291	1dfb39
272.739117	1dfb63
272.747529	1dfb39
272.757450	1dfb63
272.768341	1e1a06
272.778818	1e1a06
272.790457	1dfb39
272.799305	1e379a
272.806973	1dfb63
272.812394	1dfb63
272.823957	1dfb39
272.832444	1dfb39
272.839468	1dfb39
272.847136	1e1a06
272.860924	1ea77b
272.868257	1dfb63
272.877576	1e500c
272.888414	1dfb71
272.894554	1e1a06
272.907798	1e1a06
272.921099	1e1a06
272.933235	1dfb39
272.947769	1ed83c
272.959765	1e3794
272.971266	1e194e
272.979150	1dfb90
272.992041	1ce126cd7884
272.998424	1e1a06
273.009797	1dfb39
273.023964	1dfb63
273.034891	1dfb39
273.047632	1dfb39
273.056766	1e1a06
273.071905	1dfb39
273.084236	1dfb39
273.091831	1eb5d5
273.104033	1e1a06
273.116302	1dfec3
273.123254	1e14b7
273.129984	1dfb63
273.144388	1dfb63
273.150725	1dfb39
273.156820	1dfb39
273.162489	1e1a06
273.168162	1dfb63
273.176449	1dfb39
273.189358	1dfb39
273.201204	1dfb63
273.211282	1e1a0b
273.220087	1dfb39
273.230107	1eb55b
273.236898	1eb5d5
273.250986	1e191b
273.261334	1e1587
273.267604	1e1a06
273.273622	1e1a06
273.280934	1e379a
273.296087	1e1a06
273.304286	1e1f3c
273.311649	1dfb39
273.317956	1e379a
273.330392	1dfb41
273.339321	1e0cdf
273.347271	1ce126bdc06a
273.362351	1e379a
273.375612	1dfb63
273.384461	1dfb39
273.391656	1e1a06
273.403121	1dfb63
273.416789	1dfb39
273.424598	1dfb39
273.439470	1e1a06
273.453139	1dfb39
273.462192	1dfb39
273.475825	1dfb63
273.488018	1e0cd0
273.494308	1e0d65
273.508071	1e0880
273.521990	1e0880
273.529342	1e0855
273.543171	1e0880
273.555634	1e0855
273.562338	1e0cb9
273.571477	1e0880
273.584481	1e0880
273.589981	1e0880
273.598661	1e0880
273.605843	1e0855
273.611193	1e0855
273.623052	1e0880
273.635930	1e0880
273.643347	1e0cc3
273.655358	1e0855
273.670084	1e0882
273.676562	1e0855
273.689165	1e0880
273.696802	1e086b
273.711615	1e0855
273.723016	1e0880
273.732610	1e0880
273.740446	1e0880
273.747204	1e0880
273.761979	1e0880
273.775568	1e0880
273.788696	1e0855
273.796656	1e087b
273.806068	1e0880
273.813872	1e0880
273.828311	1e0880
273.835762	1e0855
273.849651	1e0880
273.856548	1e0855
273.868253	1e0880
273.881444	1e0855
273.893528	1e0880
273.899047	1e0880
273.907522	1e0880
273.917116	1e0727
273.923385	1e0855
273.932007	1e0880
273.945021	1e0880
273.955543	1ce126bdc3c2
273.968068	1e0855
273.978484	1e0855
273.990158	1e0855
273.998676	1e0b5f
274.009346	1e0855
274.021605	1e0855
274.028073	1e0855
274.042678	1e0880
274.050469	1e0880
274.060022	1e0880
274.074485	1e0880
274.088057	1e0880
274.098736	1e0880
274.109272	1e0855
274.123753	1e0cd0
274.131266	1e0855
274.139621	1e0855
274.145401	1e0855
274.159389	1e0880
274.171881	1e0880
274.180918	1e0855
274.187010	1e0882
274.195499	1e0880
274.210377	1e0880
274.220063	1e0880
274.234583	1e0880
274.249051	1e0880
274.260285	1e0880
274.270405	1e0886
274.278529	1e0880
274.286953	1e0855
274.301647	1e0822
274.311745	1e0880
274.321630	1e0855
274.336013	1e0880
274.341510	1e0880
274.356059	1e0880
274.364396	1e0880
274.373769	1e07fa
274.388686	1e0880
274.401626	1e0ab4
274.411845	1e0855
274.426099	1e0880
274.433754	1e0855
274.444483	1e0855
274.450345	1e0880
274.457958	1e0855
274.472512	1e0880
274.477829	1e0880
274.484613	1e0855
274.496316	1e0855
274.503172	1e0855
274.511484	1e0882
274.522612	1e0880
274.532265	1e0855
274.542438	1e0880
274.553588	1e0855
274.559697	1e0855
274.565725	1e0855
274.573114	1e0855
274.585068	1e0bf9
274.593662	1e0855
274.603300	1e0880
274.612130	1e0705
274.621594	1e0855
274.628125	1e0bf7
274.640707	1e0880
274.654060	1e0880
274.667310	1e0880
274.682037	1e0855
274.696262	1e0a8e
274.702508	1e0727
274.716494	1e0880
274.729102	1e0880
274.739041	1e0855
274.749630	1e0880
274.763261	1e0880
274.777240	1e0880
274.789035	1e0880
274.802597	1e0727
274.817398	1e0880
274.825607	1e0727
274.838936	1e0855
274.846474	1e0880
274.855732	1e0880
274.863082	1e0855
274.875249	1e0727
274.884761	1e0855
274.898974	1e0855
274.913865	1e0bf7
274.928277	1e0880
274.938588	1e0855
274.952053	1e0855
274.963948	1e0855
274.972458	1e0855
274.986586	1e0855
274.997390	1e0855
275.003538	1e0cd0
275.018665	1e0880
275.033607	1ce126bd9660
275.046555	1e0880
275.059348	1e0880
275.066816	1e0855
275.081612	1e0880
275.089447	1e0880
275.101600	1e07db
275.110247	1e0855
275.115735	1e0855
275.125345	1e0880
275.130600	1e0880
275.136456	1e0855
275.150612	1e0855
275.156217	1e0855
275.166569	1e0880
275.179489	1ce126bdc3b7
275.187349	1e0855
275.194884	1ce126bdc3a4
275.200487	1ce126bd966d
275.212399	1e0880
275.227136	1e0880
275.239778	1e0855
275.250686	1e0880
275.256300	1e0880
275.262948	1e0727
275.277710	1e0855
275.289398	1e0880
275.298510	1e0880
275.308149	1e0880
275.315453	1e0855
275.329031	1e0880
275.341602	1ce126bd9666
275.348876	1e0880
275.361405	1e0855
275.376042	1ce126bd977f
275.384299	1e0880
275.396432	1e0880
275.403866	1ce126bdc3b3
275.418739	1e0cd0
275.425653	1e0855
275.436444	1e0cd0
275.449057	1e0727
275.456102	1e0880
275.467880	1e0880
275.475535	1e0855
275.484224	1e0880
275.495295	1e0855
275.509410	1e0882
275.519062	1e0880
275.530563	1ce126bd967e
275.544084	1e0880
275.556176	1e0cb9
275.562534	1e0855
275.568023	1e0880
275.579072	1e0855
275.588150	1e0855
275.597122	1e0880
275.603373	1e0880
275.611446	1e0880
275.618418	1e0855
275.633409	1e0855
275.638704	1e0880
275.648211	1e0d1b
275.659608	1e0bf7
275.671488	1e0855
275.685641	1e0880
275.693286	1e0855
275.699435	1f261c
275.709325	1e0880
275.717432	1e0880
275.731488	1e0880
275.740380	1e0c28
275.751998	1e0855
275.766476	1e0880
275.774448	1e0855
275.786714	1e0855
275.799054	1e0855
275.808540	1e0880
275.818075	1e0880
275.829947	1e0880
275.843337	1e0855
275.856653	1e0880
275.862835	1e0727
275.875741	1e0880
275.885870	1e0880
275.895712	1e0880
275.906985	1e0ba1
275.914654	1e0727
275.927250	1e0855
275.934174	1e0880
275.946336	1e0880
275.953896	1e0880
275.960760	1e0880
275.972043	1e0880
275.986840	1e0855
276.000931	1e0855
276.014288	1e0880
276.026606	1e0880
276.034978	1e0bf7
276.048997	1e0bf9
276.054867	1e0cbb
276.063277	1e0880
276.072045	1e0880
276.080964	1e0bd7
276.089140	1e0cb9
276.100049	1e0855
276.112223	1e0d5f
276.120509	1e0880
276.129314	1e0cb9
276.135268	1e0880
276.150369	1ce126bd9793
276.157344	1e0880
276.169556	1e0880
276.181334	1e0880
276.191017	1e0880
276.199086	1e0855
276.204859	1e0880
276.212555	1e0880
276.226413	1e0855
276.231680	1e0880
276.243266	1e0727
276.253975	1e0880
276.262665	1e0855
276.272365	1e0cd0
276.281872	1ce126bd966d
276.288188	1e0cb0
276.299987	1e0cd0
276.307330	1e0880
276.315568	1e0855
276.328589	1e0855
276.342331	1e0855
276.349378	1e0855
276.357806	1e0727
276.369323	1e0855
276.381476	1e0855
276.388061	1e0cb9
276.396931	1e0880
276.407074	1e0880
276.412609	1e0855
276.420634	1e0880
276.425932	1e0880
276.433996	1ce126bdc3c5
276.448274	1e0880
276.458305	1e0880
276.469644	1e0880
276.479637	1e0855
276.494083	1e0880
276.503458	1e0855
276.516839	1e0880
276.525599	1e0880
276.535989	1e0d5f
276.545862	1e0855
276.560839	1e0bdb
276.569886	1e0855
276.583271	1e0855
276.589717	1e0855
276.598067	1e0855
276.609694	1e0855
276.619972	1e0855
276.631599	1e0d1c
276.644177	1e0880
276.650018	1e0727
276.656535	1e0cb0
276.665765	1e0855
276.671825	1e0880
276.681201	1e0855
276.692898	1e0880
276.702045	1e0880
276.709377	1e0855
276.720320	1e0855
276.730229	1e0855
276.740193	1e0880
276.752432	1e0727
276.764772	1e0c39
276.772402	1e0880
276.779544	1e0855
276.787989	1e0855
276.795613	1e0d65
276.807247	1e0855
276.815804	1e0855
276.829595	1e0882
276.837240	1e0882
276.850521	1e0880
276.864473	1e0855
276.872095	1f2614
276.884854	1e0880
276.896026	1e0855
276.908826	1e0880
276.918809	1e0855
276.926776	1e0880
276.940829	1e0cb0
276.951709	1e0cb9
276.963091	1e0cb9
276.975168	1e0bf7
276.981740	1e0880
276.987766	1e081f
276.997208	1e0cb0
277.003806	1e0880
277.011955	1e0880
277.019942	1e0cb0
277.031026	1e0727
277.044085	1e0880
277.058341	1e0855
277.067129	1e0880
277.078511	1e0880
277.087582	1e0855
277.097662	1e0cb0
277.106657	1e0880
277.114730	1e0880
277.128114	1e0855
277.133844	1e0855
277.139122	1e0855
277.145661	1e0880
277.160624	1e086b
277.167187	1e0880
277.172906	1e0cb9
277.188043	1e0880
277.194323	1e0855
277.207596	1e0855
277.215201	1e0880
277.225447	1e0880
277.231257	1e0855
277.244611	1e0880
277.259421	1e0880
277.270907	1e0d5f
277.280857	1e0880
277.293799	1e0cb0
277.308444	1e0cb9
277.318622	1e0880
277.326378	1e0cb0
277.339781	1e0a8e
277.346123	1e0855
277.353871	1e0855
277.368893	1e0880
277.383211	1e0cd0
277.391049	1e0855
277.400766	1e0880
277.407367	1e0855
277.420206	1e0880
277.429168	1e0882
277.437239	1e0cd0
277.444356	1e0880
277.453059	1e0cd0
277.464792	1e0880
277.470808	1e0855
277.485973	1e0727
277.495633	1e0880
277.501333	1e0880
277.514480	1e0855
277.520520	1e0bf9
277.527476	1e0880
277.534794	1e0880
277.545420	1e0727
277.551552	1e0880
277.565645	1e0855
277.573123	1e0880
277.583718	1e0880
277.594247	1e0880
277.604498	1e0880
277.610492	1e0880
277.623703	1e0855
277.630715	1e0880
277.641372	1e07db
277.653020	1e0855
277.659061	1e0855
277.673542	1e0880
277.680454	1e0880
277.690866	1e0880
277.704002	1e0d5f
277.717100	1e0cb0
277.722590	1e0880
277.729974	1e0ba1
277.741870	1e0880
277.754863	1e0855
277.765880	1e0855
277.780021	1e0d65
277.789746	1e0880
277.797651	1e0855
277.809055	1e0bf7
277.820582	1e0882
277.829365	1e0880
277.843342	1e0880
277.856092	1e0855
277.867174	1ce126bd9702
277.878702	1e0cb9
277.891263	1e0cb0
277.902600	1e0855
277.917401	1e0880
277.927888	1e0880
277.937830	1e0880
277.952051	1e0880
277.963855	1e0880
277.973914	1e0bf7
277.987518	1e0880
277.997477	1ce126bd8806
278.012015	1ce126bd8806
278.023308	1ce126bd8896
278.033868	1ce126bd88b2
278.039616	1ce126bd8806
278.045725	1ce126bd8806
278.055663	1ce126bd8806
278.070708	1ce126bd886a
278.078910	1ce126bd8806
278.088889	1ce126bd8814
278.099893	1ce126bd8896
278.110322	1ce126bd8862
278.118829	1ce126bd8896
278.133782	1ce126bd884a
278.148740	1ce126bd86fa
278.154010	1ce126bd870f
278.161692	1ce126bd8862
278.176063	1ce126bd8862
278.182565	1ce126bd88b2
278.194621	1ce126bd8862
278.199923	1ce126bd8862
278.213971	1ce126bd8725
278.225345	1ce126bd870f
278.238914	1ce126bd8806
278.247334	1ce126bd8842
278.253638	1ce126bd88b2
278.259273	1ce126bd870f
278.271993	1ce126bd86ff
278.278395	1ce126bd870f
278.293273	1ce126bd8806
278.303724	1ce126bd88db
278.311715	1ce126bd86ee
278.320224	1ce126bd8806
278.326842	1ce126bd870f
278.332507	1ce126bd870f
278.344152	1ce126bd870f
278.349868	1ce126bd88ea
278.361155	1ce126bd88a8
278.372882	1ce126bd8837
278.379696	1ce126bd8806
278.388447	1ce126bd870f
278.400210	1ce126bd8896
278.413527	1ce126bd870f
278.425686	1ce126bd870f
278.437446	1ce126bd870f
278.445829	1ce126bd870f
278.451301	1ce126bd870f
278.462626	1ce126bd870f
278.468294	1ce126bd870f
278.478448	1ce126bd870f
278.486062	1ce126bdb56a
278.496919	1e188e
278.508496	1e1a06
278.516626	1eb86c
278.525874	1dfb39
278.538094	1eb5d5
278.551958	1e1a06
278.562600	1dff05
278.575048	1e93dd
278.580687	1dfb63
278.592912	1e1a06
278.604527	1ed353
278.613696	1dfb39
278.622012	1dfb63
278.636164	1e379a
278.645742	1dfb39
278.657134	1e1a06
278.666498	1dfb63
278.675006	1e1484
278.685159	1dfb39
278.693041	1dfb39
278.703691	1dfb39
278.712195	1dfb63
278.723697	1dfb39
278.731802	1ebda8
278.744091	1dfe97
278.752261	1e15b5
278.760789	1e1a06
278.768537	1dfb39
278.780882	1e379a
278.791262	1dfb39
278.801551	202941
278.808240	1ce126bdb754
278.818947	1e379a
278.832003	1dfb39
278.837342	1dfb39
278.842767	1e379a
278.849753	1e379a
278.856586	1dfb39
278.867499	1dfb63
278.873285	1dfb63
278.884497	1e9318
278.895531	1dfb39
278.907683	1dfb63
278.917193	1e1a06
278.925197	1dfb39
278.938766	1e92aa
278.944228	1e9260
278.958926	1eb5e5
278.966711	1dfb39
278.975165	1dfb63
278.985128	1dfb63
278.993684	1e1a06
278.999955	1e379a
279.007446	1dfb39
279.014892	1dff05
279.027900	1e1956
279.042832	1e1a06
279.048066	1dfb39
279.060333	1e153b
279.067743	1eb689
279.078953	1ce126bdb560
279.092356	1dfb63
279.099341	1e379a
279.108217	1dfb39
279.119703	1e379a
279.126551	1e1a06
279.136871	1dfb39
279.147017	1dfb39
279.161193	1dfb39
279.169623	1dfb39
279.178857	1e15b5
279.189304	1e1a06
279.198943	1dfb63
279.211096	1dff05
279.219152	1e1a06
279.226754	1e9318
279.240611	1dfb63
279.249230	1e379a
279.256614	1ebced
279.267249	1dfb39
279.274883	1dff5c
279.281315	1dfb39
279.296074	1dfb39
279.303907	1e1a06
279.317634	1dfb63
279.327771	1dfb39
279.339242	1dfb39
279.350707	1dfb39
279.362340	1e1a06
279.375704	1dfb39
279.383667	1e379a
279.394673	1e15b5
279.402739	1e03af
279.414668	1e1a06
279.422755	1e379a
279.428624	1dfb39
279.436244	1e9302
279.451310	1e1a06
279.457722	1dfb63
279.471705	1ce126bdb560
279.486769	1dfa37
279.496468	1e1a06
279.506956	1e378a
279.517996	1e379a
279.532425	1dfb63
279.546399	1dfb63
279.554335	1e379a
279.565704	1dfd9b
279.578517	1e15c7
279.587795	1dfb39
279.599400	1e1a06
279.604998	1eb525
279.615261	1e1a06
279.626232	1dfb39
279.638755	1e379a
279.646965	1dfb63
279.659965	1dff05
279.671833	1dfb39
279.683515	1e1a06
279.697327	1dfb63
279.708583	1dfdd5
279.715650	1dff05
279.721974	1e1a06
279.730615	1e15b5
279.745368	1e9505
279.760344	1e9318
279.772531	1dfb39
279.778911	1dfb39
279.787695	1dff05
279.796380	1dfb63
279.807127	1dfb39
279.816275	1e1a06
279.823030	1eb750
279.833980	1dfde4
279.846035	1dfb39
279.861204	1e379a
279.869507	1e1a06
279.875546	1dfb39
279.888827	1dfb63
279.899139	1dfb71
279.906839	1e379a
279.919813	1e379a
279.934452	1e1a06
279.944754	1ce126bdb560
279.952709	1e15b5
279.960893	1dfb39
279.973200	1e379a
279.985286	1dfb39
279.995969	1ce126bdb560
280.009597	1e1a06
280.016578	1dfb39
280.026803	1e1a06
280.040894	1e1a06
280.049394	1eb5f3
280.060985	1dfb63
280.066651	1eb83b
280.078103	1e379a
280.091309	1ce126cd7926
280.104951	1dfb39
280.110791	1e1a06
280.116366	1dfb39
280.125846	1dfb39
280.138421	1e379a
280.145125	1dfb39
280.151702	1eb781
280.161767	1e379a
280.176308	1e1a06
280.187630	1ed39d
280.201279	1dfb63
280.211272	1e274c
280.224116	1dfb39
280.233982	1dfb39
280.246143	1eb65e
280.261235	1dfb39
280.269285	1e9260
280.276992	1dfb63
280.289475	1dfb63
280.295417	1e379a
280.308203	1e379a
280.314236	1ebced
280.319939	1ce126bdaea3
280.328837	1e379a
280.336065	1e1a06
280.346333	1dff05
280.361156	1e1a06
280.366733	1dfb39
280.381226	1dfb39
280.394200	1e379a
280.400135	1eb5d5
280.412651	1eb652
280.427281	1e1a06
280.438887	1dfb39
280.453361	1e948f
280.466045	1e9302
280.478651	1dfb39
280.489150	1ed831
280.499679	1dfb39
280.505395	1dfb63
280.514665	1dfb39
280.523561	1dfb39
280.535442	1e1644
280.543259	1e9302
280.552896	1ed83c
280.563909	1e9252
280.569189	1dfb39
280.579920	1e379a
280.587078	1dfb63
280.593837	1e379a
280.605294	1e18ec
280.617207	202929
280.625975	1dfb71
280.639140	1e1a06
280.653112	1dfe97
280.666359	1eb605
280.671981	1e379a
280.682768	1dfb39
280.697458	1e1a06
280.702642	1eaa43
280.717760	1ce126bdc238
280.729356	1dfb63
280.744234	1dfb39
280.758562	1dfb39
280.766603	1dfb39
280.772926	1e379a
280.783771	1dfb39
280.794942	1e5051
280.810125	1e1a06
280.822613	1e1a06
280.828747	1dfb63
280.842198	1dfb39
280.847652	1ce126bdb36e
280.857718	1dfb39
280.865990	1e1a06
280.878668	1dfdd5
280.887574	1e1484
280.899297	1eb566
280.910305	1dfb39
280.921274	1dfb39
280.933916	1ce126bdad30
280.946134	1dfb63
280.955300	1eb5d5
280.964843	1ea7bc
280.978848	1e379a
280.992225	1e1a06
280.997682	1e1564
281.007287	1dfb63
281.021684	1e15b5
281.032815	1dfb39
281.040124	1e379a
281.048751	1ce126bdae45
281.063864	1e929d
281.072491	1ed3cd
281.085381	1dfb39
281.093071	1dfb63
281.100095	1dfb39
281.106946	1dfb63
281.112667	1dfb39
281.120498	1dfb39
281.131976	1dfb39
281.138938	1dfb39
281.148380	1e379a
281.156174	1dfb39
281.163535	1dfb39
281.174536	1dfb39
281.185837	1eb581
281.195499	1e1a06
281.203324	1dfdac
281.214353	1e1a06
281.224212	1dfb39
281.236857	1e93dd
281.247818	1dfb39
281.257467	1eb84e
281.268031	1dfb39
281.277367	1dfb39
281.291987	1dfb39
281.306445	1e1a06
281.317677	1dfb39
281.323386	1dfb39
281.336733	1dfb63
281.343492	1ebd0c
281.353956	1e1a06
281.367534	1dfb39
281.373585	1dfb39
281.385590	1dfb39
281.396790	1eb605
281.411319	1dfb39
281.417150	1e15b5
281.427933	1dfb63
281.443082	1dfb39
281.453749	1dfb63
281.464900	1dfb71
281.476973	1dfb39
281.482922	1dfb63
281.497248	1dfb39
281.503086	1ebd8d
281.509737	1dfb39
281.524536	1e1a06
281.533110	1e1a06
281.546677	1e19b6
281.559673	1dfb39
281.572808	1dfb39
281.586951	1dfb63
281.601020	1ebd43
281.606667	1e379a
281.614138	1eb860
281.626551	1e03dd
281.635414	1eb5e5
281.642473	1e1484
281.654169	1e37e1
281.662142	1dfb63
281.676314	1dfb39
281.681993	1dfb39
281.693057	1ce126bdb560
281.705963	1e1a06
281.720151	1dfb39
281.725948	1e1616
281.733572	1dff24
281.747392	1dfb39
281.761954	1dfb63
281.770898	1dfd9b
281.786036	1eb605
281.800284	1dff05
281.808874	1e0cb0
281.819336	1dfb39
281.832318	1e1a06
281.844046	1dfb90
281.855151	1e1a06
281.863478	1dff05
281.873452	1dfb39
281.881814	1e1a06
281.896998	1e1a06
281.906900	1dfb71
281.913980	1e273f
281.926710	1dfb39
281.941021	1e1a06
281.949674	1dfdd5
281.963299	1dfb63
281.971003	1e94ab
281.976660	1e15d6
281.989609	1e1a06
281.996195	1eb5dd
282.010747	1e1a06
282.021244	1ed847
282.035842	1e5046
282.042506	1e19e5
282.056719	1dfb39
282.063742	1e379a
282.073902	1dfb63
282.084974	1e15b5
282.095125	1e19cf
282.100346	1e1a06
282.108691	1e383c
282.118775	1dfb39
282.126626	1e0cb0
282.138942	1e1a06
282.152782	1dfb39
282.165481	1dfb39
282.178612	1dfb39
282.186232	1dfdac
282.199609	1dfb39
282.205398	1dfb63
282.211809	1e1a06
282.226242	1dfb39
282.234617	1dfb39
282.245169	1e379a
282.254758	1eb7ea
282.263904	1dfb63
282.277076	1e1a06
282.283685	1dfb39
282.290605	1dfb63
282.305217	1e379a
282.315552	1dfb0c
282.328504	1e1a06
282.337749	1dfb39
282.352356	1e1a06
282.360087	1e1a06
282.371542	1dfb63
282.378856	1e1a06
282.389555	1e379a
282.395588	1dfb39
282.409074	1dfec3
282.420023	1dfb39
282.426378	1e9dc0
282.434804	1dfb63
282.444645	1ce126bdad46
282.450833	1dfb63
282.461540	1dfe14
282.473151	1e1a06
282.485411	1dfb63
282.496568	1dfb39
282.503454	1ce126bdb754
282.516926	1dfb39
282.527689	1e195b
282.536881	1dfb63
282.542698	1dfb63
282.551787	1dfb39
282.557315	1dfb39
282.565131	1eb58e
282.571563	1e1a06
282.585699	1eb605
282.595387	1e379a
282.601722	1e1908
282.613816	1e379a
282.626011	1dfb39
282.634281	1e3786
282.643109	1e1a06
282.652752	1e9417
282.665297	1e1a06
282.678573	1dfb39
282.685066	1ce126cd78ab
282.691306	1e1484
282.705032	1dfb39
282.717341	1ce126bdc1c0
282.731091	1dfb63
282.739484	1e9260
282.748374	1dfdd5
282.763096	1dfb63
282.776076	1dfb39
282.784741	1dfb39
282.798478	1eb860
282.808955	1e19c2
282.814464	1dfb63
282.828344	1ce126bdc06a
282.835872	1dfb63
282.843598	1e1a06
282.853332	1dfb63
282.862480	1e19f5
282.871370	1e3871
282.879320	1e1a06
282.891160	1dfb39
282.902435	1dfb63
282.912497	1dff05
282.926047	1e1908
282.934907	1dfb39
282.947631	1dfb39
282.954083	1dfb39
282.966635	1dfb39
282.978939	1ce126cd791d
282.989197	1dfb39
282.995998	1e4fd8
283.009008	1e1a06
283.017706	1e379a
283.029984	1dfb39
283.035479	1dfb63
283.045940	1eb735
283.053356	1e1a06
283.060147	1e1a06
283.068832	1e1a06
283.083007	1e1a06
283.089597	1e1a06
283.100084	1dfb39
283.113065	1e37ce
283.123181	1eb605
283.135844	1dfb63
283.150987	1e1a06
283.158030	1dfeac
283.170486	1dfb63
283.182489	1e1a06
283.188766	1e1a06
283.197733	1dfb39
283.210464	1e386a
283.219125	1e1a06
283.224836	1dfb63
283.232324	1e1a06
283.240935	1dfb63
283.249009	1e1a06
283.256453	1dfb63
283.263322	1e1a06
283.276461	1dfb63
283.289485	1dfb39
283.296794	1dfb39
283.308170	1ce126bdaad6
283.315332	1dfb39
283.320856	1dfb39
283.329549	1dfb39
283.342800	1ce126cd7921
283.355282	1dfb63
283.370017	1e1a06
283.384294	1e1a06
283.399377	1e1a06
283.412565	1dfb63
283.427690	1e19e5
283.438925	1dfb39
283.453624	1dfb63
283.464964	1dfb39
283.477813	1dfb63
283.487789	1dfb39
283.493265	1dfb39
283.506920	1dfb71
283.517168	1e1a0b
283.523481	1dfb39
283.533714	1dfb39
283.539885	1dfb39
283.547740	1dfb39
283.558526	1dfb63
283.572837	1e1a06
283.587992	1e3827
283.598260	1eb566
283.612232	1eb58b
283.626077	1e1a06
283.632355	1dfd9b
283.637868	1dfb39
283.644040	1dfb34
283.653922	1dfb63
283.667630	1dfb39
283.678638	1ce126cd7891
283.687251	1dfb39
283.692913	1dfb63
283.698369	1e1a06
283.706217	1e0cb0
283.714885	1ea591
283.728878	1dfb39
283.743507	1e9568
283.757372	1e0cc7
283.763101	1dfb63
283.778241	1e379a
283.791814	1dfb63
283.803691	1dfb39
283.812998	1e1a06
283.822018	1dfde4
283.833641	1e1a06
283.842994	1e1a06
283.853944	1dfb39
283.861931	1dfb63
283.868694	1dfb39
283.880134	1ce126bdc089
283.892301	1e9273
283.906311	1dfb58
283.917168	1eb5d5
283.932058	1e1a06
283.939284	1dfde4
283.951612	1dfb39
283.964130	1e4ff7
283.972358	1dfb63
283.984717	1e929d
283.996675	1ce126bdb042
284.005354	1dfb39
284.012689	1dfb63
284.025453	1dfb39
284.039340	1ce126cd789b
284.052945	1e1484
284.063529	1dfb63
284.071115	1dfb63
284.080673	1dfb39
284.089168	1e379a
284.094805	1dfb63
284.109652	1e1a06
284.123086	1e37ce
284.129556	1eb5dd
284.139400	1dfb39
284.144931	1dfb39
284.153811	1eb87f
284.164593	1e1484
284.170582	1e948f
284.184783	1dff05
284.197625	1dfb39
284.206337	1e379a
284.211895	1dfb39
284.217465	1dfb39
284.226223	1e1a06
284.238557	1dfb39
284.245997	1dfb39
284.251294	1eb605
284.262833	1dfb39
284.276556	1dfb39
284.282137	1dfb71
284.287581	1dfb63
284.299010	1e191b
284.311093	1dfb39
284.325416	1dfb63
284.336704	1dfb39
284.346471	1e19a1
284.358115	1dfde4
284.371023	1eb5d5
284.382023	1e0ca9
284.395634	1ce126bdadfa
284.403023	1e379a
284.416607	1e1a06
284.422498	1e1a06
284.435832	1dfb39
284.441425	1e1a06
284.447790	1dfb39
284.461378	1e1a06
284.466776	1eb6be
284.475770	1e1a06
284.488800	1dfb63
284.498552	1dfb39
284.509414	1e379a
284.522865	1e1a06
284.531311	1dfb63
284.543837	1dfb63
284.558861	1e1a06
284.571978	1e1a06
284.583761	1dfb63
284.596457	1dfb39
284.605308	1dfb71
284.619919	1e1a06
284.631833	1dfb39
284.644017	1e1a06
284.655953	1eb5dd
284.663447	1dfb63
284.674914	1ebd68
284.680607	1eb605
284.690990	1e1a06
284.699093	1e1a06
284.704754	1e1a06
284.716881	1dfb39
284.731318	1eb581
284.745859	1dfb39
284.752337	1dfb39
284.762139	1dfb39
284.772657	1e1a06
284.779112	1dfb63
284.786778	1dfb39
284.794594	1dfb39
284.808581	1ed831
284.821165	1dfb63
284.828665	1dfb63
284.839800	1ce126bdb3b0
284.852033	1e1579
284.859119	1dfb39
284.872867	1dfb63
284.887264	1ce126bdc060
284.899322	1e15b5
284.914258	1dfb63
284.923212	1e1a06
284.934374	1e1a06
284.940296	1dfb39
284.948320	1eb5c7
284.962105	1dfb39
284.977195	1eb662
284.984228	1eb5d5
284.993954	1e1587
285.003208	1ea6ac
285.015460	202941
285.024004	1dfb39
285.035927	1dfb39
285.041158	1dfb63
285.056159	1dfb39
285.067197	1dfb63
285.074396	1dfb63
285.086476	1e1a06
285.093299	1eb5dd
285.104182	1dfb39
285.110629	1ce126bdc060
285.116313	1dfb63
285.130290	1dff24
285.141451	1dfb63
285.153059	1dfb63
285.167533	1cea2c
285.175636	1dfb39
285.183878	1dfb39
285.189225	1e929d
285.204288	1dfb39
285.215651	1dfb63
285.223300	1eb7ba
285.238347	1dfb39
285.243721	1dfb39
285.255123	1dfb39
285.264878	1ebdaf
285.275729	1e1a06
285.290494	1e1a06
285.303704	1e1a06
285.313335	1dfb39
285.320832	1dfe7e
285.330139	1ed295
285.344740	1dfb39
285.356064	1dfb0c
285.369874	1eb5a7
285.380657	1e379a
285.391376	1dfb39
285.406268	1dfb39
285.421513	202930
285.435359	1e91c5
285.441431	1e1a06
285.452002	1dfb39
285.460437	1dfe97
285.472605	1e1a06
285.481013	1e379a
285.488129	1dfb63
285.502251	1dfb39
285.509705	1e379a
285.518899	1dfb39
285.527249	1e1a06
285.535195	1ea906
285.550170	1e1a06
285.556019	1e37db
285.562994	1dfe23
285.569754	1dfb39
285.576106	1e1a06
285.585351	1eb858
285.598403	1eb7f4
285.613516	1dfb39
285.626765	1dfb63
285.634977	1ed888
285.642073	1dfb63
285.657119	1ed888
285.666657	1dfb39
285.677790	1ebda8
285.689498	1dfb39
285.702344	1e96c8
285.713264	1ed888
285.719829	1e9505
285.734176	1dfb39
285.742203	1dfb39
285.752239	1dfb39
285.765716	1dfb63
285.775840	1eb754
285.787262	1e1a06
285.793803	1e15b5
285.803718	1dfb39
285.817494	1dfb39
285.828769	1e1a06
285.837685	1dfb39
285.844227	1dfb39
285.853888	1dfb39
285.866754	1dfb39
285.879604	1dfb39
285.887914	1dfb39
285.902403	1e1f37
285.914804	1ce126bda986
285.925911	1dfb39
285.934189	1e1a06
285.947664	1dfb39
285.956394	1dfb71
285.963083	1dfb39
285.977156	1e1a06
285.987565	1ed888
285.998217	1dfb63
286.005243	1dfb39
286.019861	1ebda8
286.025392	1ebda8
286.038091	1e194e
286.049201	1e1a06
286.057041	1dfb39
286.069679	1ce126bdb870
286.083614	1e1a06
286.094415	1e9505
286.104003	1dfb39
286.112347	1dfb39
286.125213	1e1f37
286.139354	1dfb39
286.148206	1eb605
286.161215	1dff6a
286.169853	1dfb63
286.182586	1e15b5
286.194995	1dfb39
286.201985	1e18df
286.209932	1dfb39
286.220300	1dfb39
286.228475	1ce126bdb870
286.240052	1dfb39
286.254202	1dfb63
286.267113	1ce126cd810a
286.272540	1dfb39
286.278009	1dfb39
286.284777	1ed888
286.297094	1ce126bdb870
286.302842	1ce126bdb870
286.315605	1dfb39
286.327698	1ebda8
286.337974	1eb5f6
286.349244	1e1a06
286.361623	1dfb39
286.366978	1dfad9
286.376145	1dfb39
286.388397	1eb750
286.394321	1ebda8
286.407863	1dfb71
286.415173	1e19d3
286.424098	1dfb39
286.435933	1ce126bdb870
286.441601	1dfe23
286.453843	1ebda8
286.460978	1dfb39
286.469127	1e191b
286.478663	1dfb39
286.484581	1dfe7e
286.495269	1dfb39
286.500788	1ebda8
286.507884	1ebda8
286.520652	1e1a06
286.532613	1e37c0
286.540912	1e951d
286.546310	1dfb39
286.559459	1dfb39
286.572302	1dfb39
286.580314	1e1a0b
286.591472	1dfb63
286.601780	1dfb63
286.614358	1e1a06
286.629245	1e15b5
286.635283	1e1a06
286.647209	1dfb39
286.653078	1e03d9
286.659514	1ce126bdb870
286.669005	1e1a06
286.675093	1dfb39
286.685052	1dfb39
286.699760	1dfb63
286.707114	1dfb63
286.715119	1dfff1
286.721968	1dfb39
286.728295	1e1a06
286.738160	1dfb39
286.747155	1dfa7e
286.760628	1e1a06
286.766876	1ed88f
286.776636	1eb605
286.782663	1dfb39
286.797253	1ed88f
286.808576	1e37c0
286.814212	1dfb63
286.829177	1e1f37
286.837001	1e1a06
286.847635	1e1a06
286.859422	1ed88f
286.874547	1ce126bdb870
286.882826	1dfff1
286.893937	1dfb39
286.907596	1ebdaf
286.917068	1dfb63
286.923974	1dfb63
286.930961	1e0880
286.939253	1e0880
286.950469	1e0880
286.960793	1e0855
286.966019	1e0880
286.974539	1e0880
286.989221	1e0880
287.003355	1e0880
287.012993	1e0880
287.020704	1ce126bdc3b7
287.026952	1e0cd0
287.040452	1e0880
287.048031	1e0855
287.057006	1e0880
287.064564	1e0cd0
287.076600	1ce126bd9666
287.087332	1e0855
287.096491	1e0743
287.104735	1e0880
287.116537	1e0855
287.127734	1e0855
287.135314	1e0880
287.149420	1e0880
287.161501	1e0880
287.173053	1e0882
287.180088	1e0880
287.193812	1e0880
287.201061	1e0880
287.216123	1ce126bdc3c2
287.229702	1e0880
287.236961	1e0d5f
287.246214	1e0d5f
287.255964	1e0882
287.263158	1e0855
287.268765	1e0880
287.282648	1e0cd0
287.293164	1e0880
287.308247	1ce126bd967e
287.314117	1e0855
287.321293	1e0855
287.329925	1e0880
287.337175	1e0cd0
287.349690	1e0880
287.355176	1e0855
287.369989	1e0880
287.379516	1e0882
287.386147	1e0855
287.399263	1e0880
287.406667	1e0880
287.417992	1e0855
287.427019	1e0d5f
287.440730	1e0855
287.447663	1e0880
287.456512	1e0882
287.470207	1e0855
287.484132	1e0855
287.498333	1e0880
287.508373	1e0880
287.522884	1e0880
287.534865	1e0855
287.543986	1e0855
287.557862	1e0880
287.570403	1e0880
287.575831	1e0880
287.581087	1e0880
287.595871	1e0880
287.603416	1e0880
287.609765	1e0880
287.615376	1e0855
287.628795	1e0cd0
287.642199	1e0880
287.649236	1e0880
287.655491	1e0cbb
287.665205	1e0855
287.671288	1e0880
287.685338	1e0880
287.697457	1e0880
287.706179	1e0880
287.714256	1e0855
287.726890	1e0855
287.734043	1e0855
287.740218	1e0855
287.747688	1e0880
287.753899	1e0880
287.763161	1e0880
287.769915	1e0855
287.775730	1e0880
287.781059	1e0880
287.791209	1e0855
287.800123	1e0880
287.805769	1e0880
287.813211	1e0880
287.818404	1e0880
287.831670	1e0cbe
287.844008	1e0880
287.853547	1e0cbb
287.866082	1e0880
287.875800	1e0855
287.886601	1e0882
287.897919	1e0880
287.907508	1e0882
287.913268	1e0880
287.920991	1ce126bd9783
287.931937	1e0a8e
287.939949	1e0880
287.952639	1e0855
287.967079	1e0880
287.980689	1e0880
287.986957	1ce126bd97a8
288.001939	1e0855
288.010464	1e0880
288.022848	1e0880
288.035576	1e0880
288.045479	1e0880
288.051131	1e0cd0
288.065779	1e0880
288.077781	1e0880
288.089934	1e0880
288.102977	1e0880
288.108512	1e0880
288.122755	1e0727
288.134661	1e0727
288.147423	1e0880
288.158325	1e0855
288.170214	1e0855
288.177099	1e0855
288.184806	1e085d
288.197529	1e0880
288.212341	1e0855
288.227167	1e06ef
288.236883	1e0855
288.249944	1e0880
288.261778	1e0cb9
288.271462	1e0880
288.282109	1e0880
288.289262	1e0880
288.299251	1e0880
288.308921	1e0855
288.314537	1e0d5f
288.320255	1e0880
288.332917	1e0880
288.347385	1e0880
288.361355	1ce126bdc3c5
288.373959	1e0880
288.387794	1e0880
288.396202	1e0855
288.403467	1e0880
288.409663	1e0880
288.423802	1e0880
288.431670	1e0855
288.437169	1e0880
288.451450	1e0880
288.458505	1e0880
288.465110	1e0855
288.477962	1e0880
288.492270	1e0855
288.504922	1e0cb9
288.514612	1e0855
288.521294	1e0727
288.529363	1e0880
288.540912	1e0cd0
288.549245	1e0871
288.556036	1e0cbe
288.563639	1e0880
288.572955	1e0855
288.586982	1ce126bd967e
288.598552	1e0880
288.609217	1e0880
288.619454	1e0880
288.631313	1e0880
288.638538	1e0880
288.650984	1e0cb9
288.657673	1e0855
288.664672	1e0855
288.671682	1e0705
288.682277	1e0880
288.694990	1ce126bd967e
288.706850	1e0880
288.714859	1e0855
288.729861	1e0855
288.743133	1e0705
288.752968	1e0855
288.764076	1e0880
288.773167	1e0855
288.782489	1f25ef
288.789661	1e0855
288.802904	1e0880
288.815386	1e0855
288.827487	1e0880
288.838003	1e0855
288.847227	1e0880
288.856681	1e0855
288.865244	1e0d39
288.871342	1e0cd0
288.884354	1e0880
288.893752	1f25ef
288.902106	1e0855
288.913801	1e0882
288.921172	1e0855
288.930802	1e0882
288.940672	1e0cd0
288.948167	1e0727
288.959334	1e0880
288.971532	1e0880
288.986052	1e0880
288.999746	1e0880
289.006028	1e0880
289.017407	1e0855
289.025869	1e0cc3
289.040753	1e0cd0
289.048945	1f2616
289.062438	1e0cb9
289.070483	1e0882
289.080646	1e0855
289.087307	1e0880
289.097497	1e0855
289.108008	1e0880
289.123062	1e0880
289.132904	1e0727
289.141119	1e0880
289.152838	1e0880
289.160513	1e0880
289.170395	1e0880
289.178413	1e0880
289.184434	1e0727
289.194768	1e0880
289.209162	1e0880
289.221832	1e0880
289.227160	1e0880
289.235806	1e0880
289.244591	1e0880
289.252251	1e0855
289.262728	1e0880
289.276438	1e0855
289.283756	1e0855
289.297213	1e0855
289.304699	1e0731
289.312210	1e07a7
289.317655	1e0880
289.325302	1e0855
289.337053	1e0d65
289.342904	1e0880
289.350891	1e0882
289.364371	1e0855
289.376429	1e0880
289.388890	1e0880
289.402896	1e0880
289.417470	1e0855
289.427662	1e0880
289.440382	1e0880
289.454385	1e0d5f
289.464240	1e0855
289.470397	1ce126bd97c6
289.485245	1e0855
289.491337	1e0855
289.503767	1e0880
289.518323	1e0880
289.529766	1e0880
289.542316	1e0880
289.552445	1e0727
289.562367	1e0855
289.571316	1e0880
289.579317	1e075d
289.585918	1e0cd0
289.592721	1e0880
289.605398	1e0855
289.611484	1e0880
289.619676	1e0880
289.630523	1e0855
289.641215	1e0855
289.647101	1e0bcf
289.657160	1e0855
289.670602	1e0855
289.680896	1e0880
289.687604	1e0880
289.700118	1e0880
289.710985	1e0880
289.717405	1e0880
289.728036	1e0880
289.741430	1e0855
289.755352	1e0880
289.763840	1e0bf7
289.774362	1e0880
289.780385	1e0880
289.795036	1ce126bd96d2
289.809907	1e0cb0
289.823518	1e0727
289.829460	1e0bf7
289.840035	1e0855
289.851828	1e0d5f
289.859511	1e0855
289.872877	1e0727
289.878627	1e0880
289.886047	1e0cd0
289.895890	1e0880
289.906370	1e0cb9
289.918308	1e0cc7
289.928769	1e0880
289.940264	1e0855
289.952415	1e0880
289.962636	1e0882
289.976517	1e0880
289.990550	1e0855
289.999322	1e0855
290.010077	1ce126bd966d
290.018925	1e0880
290.025507	1e0880
290.035090	1e0cb0
290.046637	1e0d5f
290.051886	1e0bf7
290.066689	1e0855
290.081792	1e0880
290.093524	1e0855
290.105095	1e0855
290.112370	1e0855
290.120451	1e0880
290.130320	1e0880
290.143283	1e0727
290.154135	1e0880
290.162885	1e0727
290.176989	1e0727
290.191621	1e0882
290.201239	1e07ab
290.207684	1e0cb9
290.216107	1e0bf7
290.228627	1e0880
290.235112	1e0bf7
290.246962	1e0855
290.259052	1e0880
290.264675	1e0ab4
290.277512	1e0727
290.284167	1e0880
290.297180	1e0855
290.305473	1e0880
290.318071	1e0cd0
290.329004	1e0727
290.339805	1e0855
290.351465	1e0880
290.360982	1e0855
290.373177	1e0880
290.380415	1e0880
290.395199	1e0855
290.404655	1e0b64
290.415878	1e0855
290.428069	1e0880
290.442305	1e0880
290.450492	1e0880
290.464209	1e0880
290.477051	1e0855
290.482815	1e0cb0
290.495104	1e0880
290.508960	1e0855
290.519324	1e0a8e
290.525574	1e0bf7
290.531674	1e0882
290.540399	1e0855
290.547104	1e0880
290.556862	1e0855
290.568110	1e0880
290.574294	1e0880
290.586871	1e0d5f
290.597470	1e0855
290.608877	1e0880
290.615556	1e0855
290.629045	1e0cd0
290.634651	1e0880
290.639959	1e0855
290.647248	1e0880
290.657322	1e0880
290.664872	1e0cd0
290.679482	1e0bf7
290.693003	1e0bf7
290.705630	1e0bf7
290.716113	1e0880
290.725799	1e0880
290.739638	1e085d
290.751415	1e0880
290.756953	1e0855
290.766766	1e0855
290.776301	1e0855
290.784873	1e0cb0
290.799740	1e0855
290.806230	1e0880
290.819885	1e0880
290.825051	1e0880
290.834911	1e0880
290.845072	1e0855
290.854998	1ce126bdc3ad
290.864801	1e0855
290.878649	1e0877
290.892326	1e0880
290.902560	1e0880
290.909636	1e0880
290.923691	1e0882
290.937378	1e0855
290.950324	1e0cb0
290.963398	1e0880
290.969910	1e0855
290.976383	1e0880
290.989137	1e0880
291.001561	1e0727
291.014721	1e0855
291.029043	1e0880
291.040963	1e0882
291.047436	1e0855
291.057703	1e0880
291.066561	1e0855
291.077043	1e0855
291.090138	1e0cd0
291.100289	1ce126bd978e
291.111765	1e0880
291.121728	1e0880
291.130513	1e0880
291.137508	1ce126bd972f
291.146179	1e070f
291.160881	1e0880
291.174358	1e0855
291.181429	1e0880
291.192758	1e0855
291.207466	1e0880
291.222462	1ce126bd97a8
291.229695	1e0855
291.243688	1ce126bd9675
291.249426	1e0855
291.258753	1e0705
291.268806	1e0855
291.283502	1e0880
291.296956	1e0bf7
291.303204	1e0cb0
291.315798	1e0880
291.328801	1e0811
291.337727	1e0855
291.348664	1e0727
291.356172	1e0855
291.366318	1e0880
291.379389	1e0880
291.391976	1e0880
291.401991	1e0cd0
291.408662	1e0855
291.414894	1e0880
291.421876	1e0880
291.427813	1e0880
291.435507	1e0cb9
291.448511	1e0855
291.460750	1e0880
291.473726	1e0855
291.486333	1e0d5f
291.496045	1e0727
291.507854	1e0855
291.513963	1e0cb9
291.520718	1e0880
291.532498	1e0880
291.545009	1e0855
291.557100	1e0880
291.571509	1e0880
291.577380	1e0bf7
291.591211	1e0882
291.599390	1e0855
291.605550	1e0855
291.619992	1e0880
291.629283	1e0880
291.641372	1e0880
291.653228	1e0880
291.665484	1e0880
291.676504	1e0880
291.689368	1e0bf7
291.697082	1e0a8e
291.709276	1e0855
291.719627	1ce126bdc3b3
291.725290	1e0cb0
291.731103	1e0880
291.740169	1e0880
291.750666	1e0880
291.763767	1e0705
291.775058	1e0880
291.784113	1e0727
291.795992	1e0882
291.805096	1e0855
291.812868	1e0880
291.824807	1e0855
291.830676	1e0880
291.838837	1e0855
291.851263	1ce126bd9793
291.864564	1e0880
291.873300	1e0882
291.886155	1e0727
291.900748	1e0cd0
291.915698	1e0855
291.921130	1e0d1b
291.928236	1ce126bd971d
291.935910	1e0cad
291.943113	1e0855
291.949256	1e0727
291.961222	1e0bf7
291.974042	1e081b
291.983815	1e0880
291.991252	1e0855
292.002642	1e0880
292.014580	1e0880
292.026565	1e0880
292.032002	1e0880
292.042005	1e0882
292.051682	1e0880
292.060331	1e0880
292.066464	1ce126bd975e
292.076330	1e0880
292.087358	1e0cb0
292.098877	1e0855
292.114040	1e0cb5
292.124654	1e0880
292.133523	1e0880
292.146596	1e0880
292.161258	1e0855
292.168552	1e0855
292.178156	1e0855
292.187596	1e0727
292.197584	1e0880
292.209331	1e0880
292.216097	1e0855
292.226017	1e0727
292.231301	1e0880
292.242796	1e0880
292.252106	1e0855
292.260779	1e0855
292.271349	1e0880
292.284610	1e0855
292.291982	1e0859
292.298141	1e0880
292.305730	1e0cb9
292.320655	1e0880
292.330593	1e0855
292.343568	1e0880
292.350358	1e0880
292.356548	1e0880
292.362323	1e0880
292.374163	1ce126bd8806
292.386064	1ce126bd8806
292.393813	1ce126bd887f
292.400578	1ce126bd8896
292.407241	1ce126bd8896
292.416971	1ce126bd880c
292.422151	1ce126bd8800
292.429738	1ce126bd8896
292.438370	1ce126bd8896
292.446095	1ce126bd887f
292.452935	1ce126bd8896
292.461203	1ce126bd889c
292.472606	1ce126bd870f
292.478423	1ce126bd8806
292.491987	1ce126bd8806
292.497284	1ce126bd8806
292.506377	1ce126bd8806
292.515721	1ce126bd8896
292.526121	1ce126bd8806
292.537094	1ce126bd8806
292.546586	1ce126bd8896
292.559717	1ce126bd86ee
292.569749	1ce126bd88ea
292.580118	1ce126bd86d8
292.589643	1ce126bd8896
292.599485	1ce126bd870f
292.610798	1ce126bd8862
292.617763	1ce126bd8709
292.624304	1ce126bd8806
292.633900	1ce126bd870f
292.647729	1ce126bd8709
292.657503	1ce126bd88a0
292.668312	1ce126bd8862
292.677599	1ce126bd870f
292.690394	1ce126bd86ee
292.697098	1ce126bd870f
292.703141	1ce126bd8709
292.711084	1ce126bd86ee
292.724022	1ce126bd8806
292.738625	1ce126bd870f
292.753830	1ce126bd8806
292.765019	1ce126bd8806
292.777391	1ce126bd870f
292.785667	1ce126bd870f
292.800713	1ce126bd870f
292.808959	1ce126bd870f
292.817701	1ce126bd870f
292.826179	1ce126bd870f
292.839960	1ce126bd86df
292.851316	1ce126bd88a8
292.863679	1ce126bd870f
292.871906	1ce126bd88bf
292.886425	1ce126bd8855
292.900583	1ce126bd870f
292.906571	1ce126bd870f
292.915759	1ce126bd8825
292.922178	1ce126bd870f
292.935968	1dfb63
292.945435	1dfb39
292.955642	1e5dbd
292.967557	1dfb63
292.979627	1dfb63
292.989833	1ce126bdb560
293.002054	1ce126bdc06f
293.008694	1e14b7
293.021787	1e15df
293.029940	1e5ca3
293.041859	1dfb39
293.053819	1dff05
293.066752	1e0ed6
293.075185	1e1a06
293.089120	1dff05
293.101503	1dfb39
293.110173	1ce126bdb754
293.124193	1e1a06
293.138901	1e1a06
293.148335	1e379a
293.155888	1e0cb0
293.162556	1e1a06
293.172018	1e1a06
293.179849	1dff9d
293.189952	1e0855
293.201024	1e0727
293.215400	1e0727
293.227694	1e0880
293.236826	1e0855
293.247995	1e0880
293.255199	1e0855
293.264362	1e0855
293.269905	1e0855
293.284829	1e0855
293.297989	1e0b64
293.312460	1e0855
293.323290	1e0880
293.329347	1e0855
293.343004	1e0880
293.350086	1e0880
293.360755	1e0880
293.368983	1ce126bd870f
293.383629	1dfccb
293.389618	1e1a06
293.398020	1e3edc
293.412182	1e1a06
293.420037	1dfb39
293.430658	1e1a06
293.438115	1ce126bdaabf
293.445310	1dfb39
293.452932	1e1a06
293.459247	1e19fd
293.467433	1dfb41
293.478579	1e379a
293.485425	1e1a06
293.499766	1e5d04
293.506727	1e379a
293.516801	1ce126bd9660
293.525351	1e15b5
293.532738	1e1a06
293.547087	1dfb39
293.558271	1dfb39
293.565156	1e0cb0
293.578254	1dfb39
293.589420	1dfb39
293.597988	1dfb39
293.609005	1dfb39
293.623845	1e379a
293.629837	1e274c
293.642451	1dfb39
293.651791	1dfb39
293.666886	1dfb39
293.678982	1dfb39
293.688741	1e1a06
293.694845	1e3e98
293.704147	1dfb39
293.711043	1dfb39
293.719201	1dfaf4
293.729171	1e379a
293.742316	1e1a06
293.751627	1e3a2c
293.757898	1e1a06
293.770076	1dff05
293.782016	1e0cc7
293.793802	1e5d71
293.803686	1e5d71
293.811198	1dfb39
293.819177	1e1a06
293.832482	1dfb39
293.841088	1dfb39
293.855839	1e3970
293.862876	1dfb39
293.875934	1e1616
293.881784	1dfe86
293.895555	1ce126bdae7d
293.901311	1e15b5
293.913183	1dfb39
293.918587	1dfb39
293.929665	1e39c3
293.938664	1e39c3
293.951365	1ce126bda986
293.965970	1e1a06
293.976017	1e1484
293.990699	1e1616
294.000407	1e379a
294.009208	1dfb39
294.020675	1e3eae
294.032261	1e1a06
294.043901	1e1a06
294.053414	1e379a
294.062788	1dfb39
294.070449	1dfb71
294.077508	1e1a06
294.087729	1e5d3f
294.096065	1e1a06
294.101471	1e379a
294.108096	1e379a
294.115512	1ce126cd7891
294.127433	1e1a06
294.139654	1e1a06
294.145838	1e1a06
294.155891	1e1a06
294.161113	1dfb39
294.175927	1ec2f5
294.186695	1e379a
294.192961	1dfb39
294.202952	1dfb39
294.215058	1e1a06
294.228803	1ce126bdb560
294.236918	1e1ec2
294.251006	1dff05
294.262081	1dfb39
294.272397	1e3eae
294.286756	1dfdac
294.292531	1dfb39
294.301608	1dff05
294.311152	1e1a06
294.319125	1dff05
294.324449	1ce126cd7891
294.331385	1e379a
294.339052	1dfb63
294.351363	1ce126cd7932
294.366274	1ce126bdb376
294.374968	1e1a06
294.390136	1dff05
294.397114	1e5d15
294.404707	1dff05
294.417820	1e191b
294.424933	1e1a06
294.439185	1f7daf
294.453202	1e1a0b
294.467413	1e1930
294.481028	1dff05
294.495812	1e3a1d
294.501308	1dfde4
294.511676	1dff05
294.520317	1e5d82
294.532891	1dfd9b
294.546967	1dfb39
294.554583	1e19f5
294.562681	1e379a
294.576228	1dfb39
294.585397	1e1a06
294.594890	1dfb39
294.607699	1e1915
294.614109	1dff05
294.627351	1e1a06
294.635396	1dfa3a
294.640948	1dfb39
294.655698	1dfb71
294.669241	1e1a06
294.683342	1e3e44
294.696506	1dfb39
294.703658	1dfb39
294.710889	1dff6f
294.722973	1dfaf0
294.732086	1dfb39
294.737808	1dfb39
294.748379	1ce126bdadfa
294.754260	1dfb71
294.769455	1e1a06
294.781839	1e5e33
294.793083	1dfb39
294.800004	1dfb39
294.808313	1e379a
294.821951	1dfb39
294.833429	1dff05
294.841195	1e1a06
294.847898	1dff05
294.857522	1e379a
294.868594	1dfb39
294.878888	1e379a
294.890656	1e1a06
294.904595	1dfd9b
294.912618	1e1606
294.927113	1e18cb
294.936019	1e0880
294.945354	1e0880
294.953129	1e0880
294.962315	1e0cb9
294.968283	1e0727
294.981873	1e0880
294.989905	1e0cb9
294.997830	1e0880
295.005654	1e0bf7
295.018760	1e0880
295.030413	1e0880
295.040574	1e0880
295.049333	1e0bf7
295.057581	1e0855
295.070785	1e0880
295.077163	1e0880
295.084997	1e0880
295.091951	1e0880
295.103897	1e0880
295.112154	1e0cd0
295.124264	1e0880
295.134224	1e0bf7
295.145068	1e0bf7
295.159338	1e0880
295.166816	1e0cb9
295.180478	1e0855
295.193629	1e0855
295.206502	1e0855
295.213438	1e0cb9
295.221313	1e0cb9
295.227596	1e0cb0
295.241221	1e0cd0
295.249983	1e0880
295.258417	1e0880
295.264799	1e0880
295.274120	1e0855
295.282489	1e0880
295.288618	1f261e
295.300707	1ce126bdc3c2
295.309726	1e0855
295.323141	1e0705
295.337333	1ce126bd8806
295.350482	1ce126bd86ee
295.362361	1ce126bd8709
295.369512	1ce126bd870f
295.376591	1ce126bd889c
295.383338	1ce126bdaf07
295.389277	1e28d5
295.400813	1e5a2f
295.407494	1e379a
295.414740	1e28d5
295.427396	1e2e7e
295.437282	1e379a
295.452303	1e2fb6
295.462404	1e5ae3
295.469413	1e5ae3
295.476321	1e5afc
295.488756	1e2fc5
295.497942	1e379a
295.506500	1e2f03
295.518632	1ce126bdc3c2
295.526896	1ce126bdc3c2
295.538898	1ce126bdc3c2
295.548667	1ce126bdc3c2
295.554927	1ce126bdc3c2
295.569238	1ce126bdc3c2
295.575815	1ce126bdc3c2
295.584774	1ce126bdc3c2
295.597619	1ce126bdc3c2
295.607452	1ce126bdc3c2
295.618476	1ce126bd8862
295.630260	1ce126bd8862
295.638898	1ce126bd88b2
295.648411	1ce126bd8806
295.659989	1ce126bd8862
295.673506	1ce126bd8806
295.686673	1ce126bd88b2
295.697115	1ce126bd8800
295.712292	1ce126bd8709
295.727334	1ce126bd8709
295.742098	1e27f0
295.754199	1e2fb6
295.760126	1ce126bdb376
295.765983	1ce126bdb046
295.772700	1ce126bdb35c
295.786404	1e2bd7
295.798761	1e379a
295.810342	1e2fb6
295.818134	1e5afc
295.829974	1e5ae3
295.837477	1e2e60
295.850025	1e379a
295.863516	1ce126bd9721
295.870887	1ce126bdc3c2
295.883885	1ce126bdc3c2
295.895673	1ce126bdc3c2
295.902924	1ce126bdc3c2
295.916680	1ce126bdc3c2
295.928257	1ce126bdc3c2
295.937812	1ce126bdc3c2
295.951732	1ce126bd9721
295.960132	1ce126c55bcb
295.969495	1ce126bd8806
295.981068	1ce126bd870f
295.995597	1ce126bd8709
296.003104	1ce126bd8709
296.015885	1ce126bd8862
296.022005	1ce126bd870f
296.034241	1ce126bd8709
296.043279	1ce126bd8806
296.055092	1ce126bd8862
296.068603	1ce126bd8862
296.076968	1ce126bd88b2
296.085607	1ce126bd887f
296.098531	1e28d5
296.107844	1e28d5
296.113949	1e2f83
296.124081	1e28ad
296.136421	1fbb43
296.147435	1e379a
296.161532	1e2ecf
296.172359	1e5ae3
296.183914	1e28d5
296.195751	1e28d5
296.208274	1ce126bdc3c2
296.215083	1ce126bdc3c2
296.229041	1ce126bd9721
296.241409	1ce126bdc3c2
296.252528	1ce126bd9721
296.258305	1ce126bdc3c2
296.271001	1ce126bdc3c2
296.278119	1ce126bdc3c2
296.290652	1ce126bdc3c2
296.305831	1ce126bdc3c2
296.319411	1ce126bd8896
296.325664	1ce126bd8862
296.331668	1ce126bd8806
296.340259	1ce126bd870f
296.347840	1ce126bd8896
296.361093	1ce126bd88b2
296.372307	1ce126bd870f
296.386785	1ce126bd870f
296.397392	1ce126bd8709
296.412200	1ce126bd8709
296.420305	1ce126bd870f
296.428614	1ce126bd88b2
296.437778	1ce126bd88b2
296.447896	1e5aab
296.457006	1e379a
296.471952	1e379a
296.483579	1e2fb6
296.497033	1e2e60
296.507666	1e379a
296.513055	1e2fb6
296.521308	1e5afc
296.528246	1e5ae3
296.534557	1e5ae3
296.545459	1e28ad
296.558662	1ce126bdb3b0
296.572809	1ce126bdc3c2
296.586362	1ce126bdc3c2
296.593303	1ce126bd9721
296.608492	1ce126bdc3c2
296.622598	1ce126bdc3c2
296.629349	1ce126bdc3c2
296.637219	1ce126bdc3c2
296.648220	1ce126bd9721
296.655097	1ce126bdc3c2
296.661918	1ce126bdc3c2
296.669359	1ce126bd8896
296.677032	1ce126bd8862
296.688569	1ce126bd8709
296.697181	1ce126bd8929
296.710068	1ce126bd8709
296.722905	1ce126bd870f
296.737457	1ce126bd88b2
296.744778	1ce126bd8709
296.753777	1ce126bd870f
296.765509	1ce126bd8709
296.771337	1ce126bd8709
296.779344	1ce126bd8862
296.793532	1e2fe9
296.803377	1e2fbb
296.808824	1e283d
296.818972	1e5afc
296.832698	1e2fb6
296.843807	1e2fb6
296.856023	1e5af5
296.867990	1e5af5
296.876402	1e2fb6
296.891606	1ce126cd7935
296.902469	1ce126cd7947
296.911553	1e40c7
296.916771	1fba41
296.931277	1ce126cd791d
296.937678	1ce126cd791d
296.949731	1e4d3f
296.955477	1e4c07
296.963486	1e429d
296.976266	1ce126bdade1
296.981446	1ce126cd7926
296.987275	1ce126cd791d
296.995972	1ce126cd791d
297.007655	1ce126cd791d
297.018334	1ce126cd791d
297.030920	1ce126cd791d
297.039627	1ce126cd791d
297.045314	1ce126cd791d
297.056931	1ce126c55bcb
297.066618	1ce126bdb340
297.075303	1e4478
297.080800	1e505b
297.093728	1e379a
297.105200	1e40cf
297.116983	1e504d
297.131805	1e4ff0
297.137864	1e4d19
297.151340	1ce126bdae91
297.161625	1ce126cd791d
297.172545	1e4034
297.179169	1ce126cd791d
297.186850	1ce126cd791d
297.194521	1ce126cd791d
297.209112	1ce126cd791d
297.215867	1ce126cd791d
297.221896	1ce126cd791d
297.229105	1ce126cd791d
297.242593	1ce126cd791d
297.256139	1ce126cd791d
297.262367	1ce126cd791d
297.275090	1ce126cd791d
297.281096	1ce126cd791d
297.293466	1ce126cd791d
297.300722	1ce126cd791d
297.309994	1ce126c55bcb
297.317077	1e44c2
297.328459	1e4034
297.339053	1e4110
297.351276	1e4d3f
297.363010	1e40cf
297.370533	1f7c1b
297.381508	1e379a
297.395726	1e44c2
297.402034	1e5032
297.412159	1e4034
297.427096	1e4020
297.437908	1e4d3f
297.444103	1e40cf
297.457231	1e4d04
297.463671	1e40cf
297.475213	1ce126bdae12
297.484079	1e4277
297.490721	1fbb14
297.502085	1ce126cd7880
297.514629	1fb9fd
297.523975	1e4b89
297.537091	1e426a
297.543609	1e4bf3
297.553863	1ce126cd810a
297.561688	1ce126cd791d
297.575197	1ce126cd791d
297.589169	1ce126cd791d
297.597389	1ce126cd791d
297.603536	1ce126cd791d
297.615407	1ce126cd791d
297.625910	1ce126cd791d
297.634143	1ce126cd791d
297.645465	1ce126cd791d
297.651673	1ce126cd791d
297.666481	1ce126cd791d
297.679537	1ce126cd791d
297.687053	1ce126cd791d
297.694942	1ce126cd791d
297.703307	1ce126cd791d
297.713229	1ce126cd791d
297.718753	1ce126cd791d
297.731146	1ce126cd791d
297.740674	1ce126cd791d
297.754033	1ce126cd791d
297.763973	1ce126cd791d
297.778328	1ce126cd791d
297.785804	1ce126cd791d
297.798962	1ce126cd791d
297.809597	1e4d3f
297.817291	1e379a
297.827795	1e4034
297.839889	1e4d3f
297.850427	1e4d3f
297.856789	1ce126cd7947
297.871448	1ce126bdaea3
297.881397	1e4d3f
297.891615	1ce126bdc210
297.899979	1e4d3f
297.914940	1c1f14
297.922585	1e4d3f
297.932617	1e42aa
297.943919	1ce126cd792c
297.949723	1e4ba5
297.963246	1e4ba5
297.974484	1e4020
297.986107	1e40cf
297.994627	1e4d3f
298.004651	1e40cf
298.012117	1e4020
298.019941	1e379a
298.025795	1e4020
298.039527	1e4d3f
298.047676	1e4034
298.060254	1e379a
298.065581	1e40cf
298.077334	1e4d3f
298.084009	1e4034
298.093978	1e4ad8
298.103076	1fbb1e
298.112718	1e4d3f
298.127355	1e4020
298.141028	1e40cf
298.154509	1e40cf
298.163199	1e4d04
298.173321	1e40cf
298.179992	1e4b76
298.191761	1e40cf
298.201721	1e4ba5
298.210236	1e4020
298.219130	1e41ce
298.233813	1e4d3f
298.247989	1e40cf
298.259896	1e4bf3
298.271874	1e40cf
298.280418	1c2241
298.290651	1e4110
298.301667	1e379a
298.309187	1e4110
298.324324	1e4d3f
298.338164	1e4ba5
298.349184	1e4d3f
298.361913	1e4ba5
298.367271	1e4ba5
298.374284	1ce126cd791d
298.384289	1ce126cd791d
298.389641	1ce126cd791d
298.399316	1ce126cd791d
298.413533	1ce126cd791d
298.419196	1ce126cd791d
298.429076	1ce126cd791d
298.442900	1ce126cd791d
298.456950	1ce126cd791d
298.466811	1ce126cd791d
298.476080	1ce126cd791d
298.491041	1ce126cd791d
298.496796	1ce126cd791d
298.510417	1ce126cd791d
298.515881	1ce126cd791d
298.524916	1ce126cd791d
298.539080	1ce126cd791d
298.544336	1ce126cd791d
298.557049	1ce126cd791d
298.563810	1ce126cd791d
298.574303	1ce126cd791d
298.589199	1ce126cd791d
298.596001	1ce126cd791d
298.605209	1ce126cd791d
298.610790	1ce126cd791d
298.619096	1ce126cd791d
298.624694	1ce126cd791d
298.639842	1ce126cd791d
298.650309	1ce126cd791d
298.657040	1ce126cd791d
298.662573	1ce126cd791d
298.676823	1ce126cd791d
298.684276	1ce126cd791d
298.690762	1ce126cd791d
298.703158	1ce126cd791d
298.716379	1ce126cd791d
298.721753	1ce126cd791d
298.735589	1ce126cd791d
298.750415	1ce126cd791d
298.765317	1ce126cd791d
298.774363	1ce126cd791d
298.779630	1ce126cd7935
298.786080	1ce126cd791d
298.791865	1ce126cd791d
298.805210	1ce126cd791d
298.812516	1ce126cd791d
298.821724	1ce126cd791d
298.831348	1ce126cd791d
298.840758	1ce126cd791d
298.855486	1ce126cd791d
298.861078	1ce126cd791d
298.886735	1ce126c55bcb
298.897859	1e40cf
298.906592	1e4d3f
298.919908	1e4034
298.928157	1e4d3f
298.933520	1e429d
298.939451	1e4d3f
298.947698	1ce126bdc178
298.958716	1e40cf
298.969449	1e429d
298.981397	1e40cf
298.996534	1e4d3f
299.003284	1e4034
299.014390	1e4ba5
299.022245	1ce126bdae2f
299.032195	1e40cf
299.040815	1e4020
299.055843	1e4b65
299.063547	1e40cf
299.071983	1e4020
299.078079	1e4b9f
299.085133	1e40cf
299.097759	1e40cf
299.104891	1e4110
299.113676	1ce126bdb04a
299.119263	1e4d3f
299.129142	1e4020
299.143244	1e40cf
299.154352	1ce126bdad46
299.163599	1e4d3f
299.177736	1e4d3f
299.188401	1e4d3f
299.194956	1e40cf
299.210166	1e379a
299.222072	1e4d3f
299.231091	1e4020
299.240608	1e4d3f
299.253634	1e4020
299.268856	1e4d3f
299.283136	1e40cf
299.292385	1e40cf
299.305212	1e4d3f
299.318229	1e4ba5
299.328500	1e4d04
299.338778	1e40cf
299.346337	1e4ba5
299.357425	1ce126bdc1c5
299.367834	1e5005
299.382230	1e379a
299.388269	1ce126bdb386
299.393933	1e4ba5
299.406813	1e42b0
299.413601	1e4b65
299.423109	1e4d3f
299.434068	1ce126bdb382
299.446635	1e4189
299.460023	1ce126bdaeec
299.474850	1fbb50
299.480911	1e4d3f
299.494964	1e4d3f
299.504672	1e4d3f
299.516913	1ce126bda970
299.526150	1e4bf3
299.541205	1e40cf
299.546952	1e4d3f
299.561839	1e4d3f
299.568779	1e4034
299.579155	1e4110
299.589013	1e4bf3
299.600330	1e4d3f
299.608723	1e4d3f
299.620366	1e4d3f
299.626044	1e40cf
299.638442	1e4251
299.652001	1e4110
299.664278	1e4034
299.672063	1e4110
299.679712	1ad25f
299.689086	1ce126bdb394
299.700998	1e4110
299.710690	1e4020
299.724029	1e4d19
299.738683	1ce126bda97f
299.743972	1e40cf
299.753154	1e4d3f
299.768028	1e4d3f
299.776142	1e4d3f
299.788809	1e40cf
299.796502	1e4020
299.806166	1e40cf
299.818873	1e4d3f
299.828678	1e4d3f
299.841215	1e4110
299.851268	1e429d
299.857121	1e4d3f
299.871911	1e4020
299.879129	1e4000
299.884856	1e4d3f
299.898706	1e4541
299.909088	1e4ba5
299.915997	1e4d3f
299.925495	1e504d
299.935398	1e4d3f
299.943275	1ce126bda970
299.953358	1e40cf
299.961552	1e379a
299.972247	1e4110
299.980836	1e4110
299.990916	1e4d3f
300.003256	1e4d3f
300.016083	1e40cf
300.021810	1e4020
300.027184	1e379a
300.035148	1e4034
300.046673	1e4020
300.055100	1e4110
300.068239	1ce126bdb870
300.076606	1fbd19
300.087289	1ce126bdb870
300.102049	1e4bf3
300.112781	1e42b0
300.119412	1ce126bdb870
300.128863	1e379d
300.141652	1e379d
300.151851	1ce126bdb870
300.166627	1e4ba5
300.180959	1e4d3f
300.194380	1e379a
300.207618	1e4110
300.221885	1e5032
300.233940	1ce126bdb870
300.244991	1e379a
300.259792	1ce126bdae24
300.265403	1ce126bdb870
300.276239	1e40cf
300.286998	1e4d3f
300.292741	1ce126cd810a
300.302665	1ce126cd791d
300.309197	1ce126cd791d
300.321490	1ce126cd791d
300.329476	1ce126cd791d
300.342178	1ce126cd791d
300.352553	1ce126cd791d
300.363923	1ce126cd791d
300.370220	1ce126cd791d
300.382011	1ce126cd791d
300.388468	1ce126cd791d
300.398289	1ce126cd791d
300.410646	1ce126cd791d
300.418326	1ce126cd791d
300.424972	1ce126cd791d
300.435462	1ce126cd791d
300.442873	1ce126cd791d
300.451068	1ce126cd791d
300.458411	1ce126cd791d
300.469657	1ce126cd791d
300.483399	1ce126cd791d
300.491632	1ce126cd791d
300.502928	1ce126cd791d
300.510292	1ce126cd791d
300.515615	1ce126cd791d
300.530649	1ce126cd791d
300.544754	1ce126cd791d
300.551779	1ce126cd791d
300.557861	1ce126cd791d
300.563101	1ce126cd791d
300.571910	1ce126cd791d
300.583752	1ce126cd791d
300.590778	1ce126cd791d
300.599791	1ce126cd791d
300.609427	1ce126cd791d
300.619320	1ce126cd791d
300.626380	1ce126cd791d
300.635749	1ce126cd791d
300.643246	1ce126cd791d
300.654761	1ce126cd791d
300.663116	1ce126cd791d
300.669892	1ce126cd791d
300.677611	1ce126cd791d
300.684461	1ce126cd791d
300.693746	1ce126cd791d
300.700867	1ce126cd791d
300.714901	1ce126cd791d
300.724289	1ce126cd791d
300.738130	1ce126cd791d
300.748274	1ce126cd791d
300.754510	1ce126cd791d
300.763525	1ce126cd791d
300.772666	1ce126cd791d
300.785370	1ce126cd791d
300.794158	1ce126cd791d
300.807859	1ce126cd791d
300.819630	1ce126cd791d
300.825324	1ce126cd791d
300.839673	1ce126cd791d
300.850524	1ce126cd791d
300.860373	1ce126cd791d
300.867993	1ce126cd791d
300.882806	1ce126cd791d
300.892521	1ce126cd791d
300.905744	1ce126cd791d
300.914196	1ce126cd791d
300.922557	1ce126cd791d
300.937113	1ce126cd791d
300.943310	1ce126cd791d
300.955002	1ce126cd791d
300.962309	1ce126cd791d
300.970655	1ce126cd791d
300.977112	1ce126cd791d
300.986926	1ce126cd791d
300.999876	1ce126cd791d
301.005301	1ce126cd791d
301.018548	1ce126cd791d
301.031453	1ce126cd791d
301.036660	1ce126cd791d
301.050815	1ce126cd791d
301.062833	1ce126cd791d
301.072474	1ce126cd791d
301.084533	1ce126cd791d
301.090663	1ce126cd791d
301.098439	1ce126cd791d
301.108974	1ce126cd791d
301.114983	1ce126cd791d
301.123686	1ce126cd791d
301.131494	1ce126cd791d
301.138025	1ce126cd791d
301.150411	1ce126cd791d
301.156921	1ce126cd791d
301.170139	1ce126cd791d
301.177896	1ce126cd791d
301.184156	1ce126cd791d
301.189712	1ce126cd791d
301.198067	1ce126cd791d
301.204817	1ce126cd791d
301.210698	1ce126cd791d
301.221619	1ce126cd791d
301.233101	1ce126cd791d
301.245239	1ce126cd791d
301.252246	1ce126cd791d
301.263031	1ce126cd791d
301.277144	1ce126cd791d
301.286231	1ce126cd791d
301.295941	1ce126cd791d
301.303962	1ce126cd791d
301.315150	1ce126cd791d
301.320675	1ce126cd791d
301.328132	1ce126cd791d
301.360654	1ce126c55bcb
301.374357	1e4020
301.389172	1e4d3f
301.400305	1e4d3f
301.412812	1e4110
301.421808	1e4d3f
301.430189	1e40cf
301.436015	1e4d3f
301.446369	1ce126bdb870
301.455529	1e379a
301.465743	1ce126bdb870
301.476265	1e4020
301.484802	1ce126bdb870
301.495555	1e379a
301.504579	1e4d3f
301.516102	1ce126bdb870
301.530853	1ce126bdae57
301.544020	1e40cf
301.550121	1ce126bdb870
301.555755	1ce126bdb870
301.570851	1ce126bdb870
301.582587	1e4ba5
301.592121	1e4d3f
301.598388	1e4d3f
301.607896	1ce126bdb870
301.617130	1e4d3f
301.627733	1ce126bdb870
301.637449	1e4110
301.648297	1e379a
301.662061	1e40cf
301.675934	1e40cf
301.690407	1e4034
301.702723	1e4d3f
301.711328	1e45c3
301.718175	1e4110
301.729932	1e40cf
301.735712	1ce126bdb870
301.747668	1e4d3f
301.759791	1ad3db
301.773803	1ce126bdb421
301.779652	1e379a
301.785121	1e4d3f
301.800128	1e4110
301.814524	1ce126bdb870
301.820891	1ce126bdb870
301.834009	1e4020
301.847739	1e379a
301.854768	1e40cf
301.869060	1e4ba5
301.882030	1e4ab1
301.894049	1ce126bdb870
301.904229	1e4034
301.918099	1e40cf
301.930727	1e4d3f
301.940808	1e4d3f
301.954834	1ce126bdb870
301.965489	1e5032
301.975066	1e4d3f
301.988785	1ce126bdb870
302.001791	1e379d
302.011935	1e4d3f
302.020709	1e40cf
302.035749	1e4110
302.045470	1ce126bdb870
302.058313	1e40cf
302.064947	1e4d3f
302.071278	1e4d3f
302.083966	1ce126bdb870
302.096493	1ce126bdb870
302.102080	1e4ba5
302.113714	1ce126bdb870
302.128727	1e4d3f
302.141319	1e4d3f
302.156307	1ce126bdb870
302.168155	1e4d3f
302.181828	1e4110
302.195005	1ce126bdb870
302.204558	1e4d3f
302.213808	1e4d3f
302.223546	1e4d3f
302.235019	1e4ba5
302.240781	1e4020
302.255525	1ce126bdb870
302.264336	1e4d3f
302.275599	1e40cf
302.282332	1e4bad
302.288544	1e4bf3
302.297394	1e4d3f
302.309916	1e4020
302.322668	1e4d3f
302.332931	1e4081
302.342541	1e40cf
302.350407	1e4ba5
302.356121	1e40cf
302.363580	1e37a0
302.377137	1e4dce
302.384913	1e4d19
302.399204	1e4020
302.413515	1e4d3f
302.420169	1e4d3f
302.429118	1e4d3f
302.437084	1e5024
302.449289	1ce126bdc3c2
302.455617	1ce126bdc3c2
302.465380	1ce126bd9721
302.470607	1ce126bdc3c2
302.476182	1ce126bd978a
302.483806	1ce126bdc3c2
302.489123	1ce126bdc3c2
302.497016	1ce126bd972b
302.506138	1ce126bdc3c2
302.519343	1ce126bdc41a
302.527686	1ce126bdc3c2
302.541387	1ce126bdc3c2
302.550774	1ce126bd9721
302.561849	1ce126bdc3c2
302.572164	1ce126bdc3c2
302.582389	1ce126bdc3c2
302.594310	1ce126bdc3c2
302.604937	1ce126bdc3c2
302.611123	1ce126bdc3c2
302.621795	1db873
302.630686	1ce126bdc3c2
302.639909	1ce126bdc3c2
302.652839	1ce126bdc3c2
302.660551	1ce126bd9721
302.671359	1ce126bdc3c2
302.685763	1ce126bdc3c2
302.691422	1ce126bdc3c2
302.696711	1ce126bdc3c2
302.705533	1ce126bdc3c2
302.710898	1ce126bdc3c2
302.717138	1ce126bdc3c2
302.727206	1ce126bdc3c2
302.736065	1ce126bd9721
302.750351	1ce126bdc3c2
302.761590	1db8b1
302.770717	1ce126bdc3c2
302.779981	1ce126bdc3c2
302.789339	1ce126bdc3c2
302.799305	1ce126bdc3c2
302.811628	1ce126bdc3c2
302.824881	1ce126bd9721
302.836902	1ce126bdc3c2
302.846040	1ce126bdc3c2
302.859508	1ce126bd9675
302.869255	1ce126bdc3c2
302.875299	1ce126bdc3c2
302.883640	1ce126bd96fb
302.891090	1ce126bdc3c2
302.905192	1ce126bdc3c2
302.912349	1ce126bdc3c2
302.922845	1ce126bdc3c2
302.937104	1ce126bd9721
302.950560	1ce126bdc3b3
302.957983	1ce126bdc3c2
302.968227	1ce126bdc3c2
302.975354	1ce126bdc3c2
302.986774	1ce126bdc3c2
302.998511	1f25fd
303.008734	1ce126bdc3c2
303.019317	1db873
303.028831	1ce126bdc3c2
303.041229	1ce126bdc3c2
303.052914	1ce126bdc3c2
303.058594	1ce126bdc3c2
303.065540	1ce126bdc3c2
303.080126	1ce126bdc3c2
303.085564	1ce126bdc3c2
303.098014	1ce126bdc3c2
303.103605	1ce126bdc3c2
303.112810	1ce126bdc3c2
303.119103	1ce126bdc3c2
303.132250	1ce126bdc3c2
303.145535	1ce126bdc3c2
303.159112	1ce126bdc3c2
303.168533	1ce126bdc3c2
303.176428	1ce126bdc3c2
303.184747	1ce126bdc3b7
303.193908	1ce126bdc3c2
303.200261	1ce126bd9721
303.215323	1ce126bdc3c2
303.225851	1ce126bd9721
303.235595	1ce126bdc3c2
303.242534	1ce126bd9669
303.251097	1ce126bd9721
303.264832	1ce126bdc3c2
303.279317	1ce126bd968f
303.289771	1ce126bd9721
303.298133	1ce126bdc3c2
303.308200	1ce126bdc3c2
303.319597	1ce126bdc3c2
303.333560	1ce126bdc3c2
303.342882	1ce126bdc3c2
303.355842	1ce126bd9721
303.367285	1ce126bdc3c2
303.376766	1ce126bdc3c2
303.384970	1ce126bdc3c2
303.392308	1ce126bdc3c2
303.398846	1ce126bdc3c2
303.405565	1ce126bdc3c2
303.418600	1ce126bdc3c2
303.425478	1ce126bdc3c2
303.433183	1ce126bd9721
303.439793	1ce126bdc3c2
303.447913	1ce126bdc3c2
303.456027	1ce126bdc3c2
303.467685	1ce126bdc3c2
303.480597	1ce126bdc3c2
303.487848	1ce126bdc3c2
303.498770	1ce126bdc3c2
303.507959	1f261e
303.522616	1ce126bdc3c2
303.530168	1ce126bdc3c2
303.541411	1ce126bdc3c2
303.552053	1ce126bdc3c2
303.561495	1ce126bdc3c2
303.572303	1ce126bdc3c2
303.583763	1ce126bdc3c2
303.597311	1ce126bdc3c2
303.609089	1ce126bdc3c2
303.615621	1ce126bdc3c2
303.623914	1ce126bd9675
303.633971	1ce126bd97c6
303.640420	1ce126bdc3c2
303.651128	1ce126bdc3c2
303.660708	1ce126bdc3c2
303.672769	1ce126bdc3c2
303.685231	1ce126bdc3c2
303.691046	1ce126bdc3c2
303.701985	1ce126bdc3c2
303.711119	1ce126bd9721
303.717200	1ce126bdc3c2
303.729720	1ce126bdc3c2
303.735921	1db873
303.741505	1ce126bdc3c2
303.748176	1ce126bdc3c2
303.758634	1ce126bdc3c2
303.771013	1ce126bdc3c2
303.779125	1ce126bdc3c2
303.789390	1ce126bdc3c2
303.802765	1ce126bdc3c2
303.809500	1ce126bdc3c2
303.822385	1ce126bdc3c2
303.837514	1ce126bd9721
303.846917	1ce126bdc3c2
303.852678	1ce126bdc3c2
303.865189	1ce126bd9721
303.875853	1ce126bdc3c2
303.890440	1ce126bdc3c2
303.902715	1ce126bdc3c2
303.910011	1ce126bd9721
303.920653	1ce126bdc3c2
303.935324	1ce126bdc3c2
303.945202	1ce126bd96fb
303.953426	1ce126bdc3c2
303.964068	1ce126bdc3c2
303.970385	1ce126bdc3c2
303.982589	1ce126bd9721
303.990897	1ce126bdc3c2
304.002978	1ce126bdc3c2
304.016093	1ce126bdc3c2
304.024399	1ce126bdc3c2
304.030178	1db873
304.039510	1ce126bd96bb
304.052608	1ce126bdc3c2
304.067606	1ce126bdc3c2
304.073424	1ce126bdc3c2
304.086336	1ce126bdc3c2
304.092471	1ce126bdc3c2
304.103607	1ce126bdc3c2
304.118742	1db86e
304.124656	1f25ef
304.133797	1ce126bd96fb
304.140219	1ce126bdc3c2
304.148182	1ce126bdc3c2
304.153938	1ce126bdc3c2
304.162307	1ce126bdc3c2
304.174995	1ce126bd97c6
304.183663	1ce126bdc3c2
304.196156	1ce126bdc3c2
304.209855	1ce126bdc3c2
304.221329	1ce126bdc3c2
304.233902	1db873
304.244144	1ce126bdc3c2
304.256047	1ce126bdc3c2
304.268210	1ce126bdc3c2
304.279123	1ce126bdc3c2
304.285687	1ce126bd9721
304.295140	1ce126bdc3c2
304.305781	1ce126bdc3c2
304.312314	1ce126bdc3c2
304.321306	1ce126bdc3c2
304.326519	1ce126bdc3c2
304.338187	1ce126bdc3c2
304.344964	1ce126bdc3c2
304.352427	1ce126bdc3c2
304.358718	1ce126bdc3c2
304.372947	1ce126bdc3c2
304.379772	1ce126bdc3c2
304.390636	1ce126bdc3c2
304.401816	1ce126bd9721
304.415767	1ce126bdc3c2
304.426757	1ce126bdc3c2
304.441093	1ce126bdc3c2
304.450519	1ce126bd97c0
304.459053	1ce126bdc3c2
304.465844	1ce126bdc3c2
304.475718	1ce126bd9721
304.484969	1ce126bdc3c2
304.497100	1ce126bdc3c2
304.510879	1ce126bdc3c2
304.516660	1ce126bd9721
304.523581	1ce126bdc3c2
304.529722	1ce126bd969b
304.537149	1ce126bd9721
304.544095	1ce126bdc3c2
304.550323	1ce126bd9721
304.557875	1ce126bd9721
304.563583	1ce126bdc3c2
304.572505	1ce126bdc3ad
304.579405	1ce126bdc3c2
304.585585	1ce126bdc3c2
304.597220	1ce126bdc3c2
304.604976	1ce126bdc3c2
304.619342	1ce126bdc3c2
304.627422	1ce126bdc3c2
304.641676	1ce126bdc3c2
304.653310	1ce126bdc3c2
304.665822	1ce126bdc3c2
304.680644	1ce126bd9721
304.695347	1ce126bdc3c2
304.706402	1ce126bdc3c2
304.721523	1ce126bdc3c2
304.734188	1ce126bdc3c2
304.742758	1ce126bdc3c2
304.757230	1ce126bdc3c2
304.767627	1ce126bdc3c2
304.779386	1ce126bdc3c2
304.793106	1ce126bdc3c2
304.803991	1ce126bdc3c2
304.817236	1ce126bdc3c2
304.830837	1ce126bdc3c2
304.842837	1ce126bdc3c2
304.848077	1ce126bdc3e2
304.862109	1ce126bdc3c2
304.871135	1ce126bdc3c2
304.877070	1ce126bdc3c2
304.890759	1db873
304.900089	1ce126bdc3c2
304.909306	1ce126bdc3c2
304.914980	1ce126bd978a
304.923072	1ce126bdc3c2
304.936729	1ce126bdc3c2
304.944162	1ce126bdc3c2
304.950529	1ce126bdc3c2
304.959057	1ce126bdc3c2
304.968984	1ce126bdc3c2
304.974469	1ce126bdc3c2
304.982963	1ce126bdc3c2
304.991547	1ce126bdc3c2
305.004893	1ce126bdc3c2
305.019275	1ce126bdc3c2
305.029415	1ce126bd9702
305.036431	1ce126bdc3c2
305.049593	1ce126bdc3c2
305.054886	1ce126bdc3c2
305.066668	1ce126bdc3c2
305.077659	1ce126bdc3c2
305.092483	1ce126bd9675
305.098790	1ce126bd9721
305.107548	1ce126bdc3c2
305.117571	1ce126bdc3c2
305.129412	1db873
305.143411	1ce126bd9721
305.155188	1db873
305.163104	1ce126bdc3c2
305.174436	1ce126bdc3c2
305.248822	1ce126c55bcb
305.256790	1ce126bd8862
305.265383	1ce126bd8862
305.277328	1ce126bd8862
305.285239	1ce126bd8862
305.300071	1ce126bd8862
305.307032	1ce126bd8862
305.317605	1ce126bd8806
305.331882	1ce126bd8862
305.346234	1ce126bd8862
305.358029	1ce126bd8709
305.372361	1ce126bd8896
305.382017	1ce126bd8862
305.396816	1ce126bd8862
305.408531	1ce126bd8862
305.414959	1ce126bd8862
305.424705	1ce126bd8862
305.433913	1ce126bd8862
305.439347	1ce126bd8806
305.453555	1ce126bd8862
305.463667	1ce126bd8862
305.476952	1ce126bd8806
305.483303	1ce126bd8862
305.496985	1ce126bd8709
305.507121	1ce126bd8862
305.512576	1ce126bd8862
305.527563	1ce126bd889c
305.542477	1ce126bd8862
305.554061	1ce126bd8862
305.567368	1ce126bd8862
305.582481	1ce126bd8862
305.595653	1ce126bd8862
305.610271	1ce126bd8806
305.618961	1ce126bd8862
305.624854	1ce126bd8862
305.636104	1ce126bd8862
305.642660	1ce126bd8709
305.649292	1ce126bd8862
305.657391	1ce126bd8862
305.664935	1ce126bd8862
305.677983	1ce126bd8862
305.691889	1ce126bd8862
305.699259	1ce126bd8709
305.713923	1ce126bd8862
305.719885	1ce126bd8709
305.728886	1ce126bd8862
305.740290	1ce126bd8862
305.753862	1ce126bd8862
305.762759	1ce126bd8862
305.773174	1ce126bd8709
305.784937	1ce126bd8709
305.798671	1ce126bd8709
305.811929	1ce126bd8862
305.817388	1ce126bd8862
305.828169	1ce126bd8862
305.836580	1ce126bd8709
305.847478	1ce126bd8862
305.852703	1ce126bd8806
305.859644	1ce126bd8862
305.867637	1ce126bd8862
305.879032	1ce126bd8709
305.886399	1ce126bd8862
305.899892	1ce126bd8862
305.913863	1ce126bd8709
305.923952	1ce126bd8862
305.930036	1ce126bd8896
305.945164	1ce126bd8709
305.950981	1ce126bd8862
305.956813	1ce126bd8862
305.969745	1ce126bd88b2
305.984915	1ce126bd8862
305.997072	1ce126bd8929
306.008126	1ce126bd8862
306.014684	1ce126bd8862
306.026571	1ce126bd8709
306.038507	1ce126bd8862
306.053108	1ce126bd8862
306.067098	1ce126bd8896
306.078833	1ce126bd8806
306.088277	1ce126bd8806
306.096333	1ce126bd8862
306.106804	1ce126bd870f
306.112340	1ce126bd8862
306.122464	1ce126bd8862
306.136043	1ce126bd8896
306.145969	1ce126bd8862
306.160757	1ce126bd8806
306.171996	1ce126bd880c
306.182083	1ce126bd88b2
306.189051	1ce126bd8862
306.198922	1ce126bd8709
306.204681	1ce126bd8862
306.215096	1ce126bd8862
306.225455	1ce126bd8709
306.234035	1ce126bd8862
306.241429	1ce126bd88b2
306.255089	1ce126bd8862
306.269732	1ce126bd8862
306.275311	1ce126bd870f
306.287137	1ce126bd8862
306.300638	1ce126bd8862
306.308743	1ce126bd8862
306.316502	1ce126bd8896
306.324237	1ce126bd8709
306.335442	1ce126bd8862
306.346374	1ce126bd8862
306.359330	1ce126bd8862
306.372712	1ce126bd8862
306.381744	1ce126bd8896
306.391192	1ce126bd8709
306.404034	1ce126bd8709
306.417989	1ce126bd8709
306.423920	1ce126bd8862
306.433133	1ce126bd8806
306.441433	1ce126bd8862
306.448745	1ce126bd8862
306.456535	1ce126bd8709
306.467653	1ce126bd8709
306.476273	1ce126bd8709
306.490717	1ce126bd8806
306.497606	1ce126bd8862
306.505397	1ce126bd8806
306.512471	1ce126bd8709
306.521176	1ce126bd8806
306.532769	1ce126bd8806
306.540461	1ce126bd870f
306.552484	1ce126bd870f
306.564123	1ce126bd8862
306.579313	1ce126bd8862
306.585636	1ce126bd870f
306.598551	1ce126bd8862
306.609695	1ce126bd8862
306.618679	1ce126bd8709
306.630259	1ce126bd88b2
306.642204	1ce126bd8709
306.649207	1ce126bd8814
306.661319	1ce126bd8709
306.668073	1ce126bd8709
306.676059	1ce126bd884a
306.686877	1ce126bd8806
306.694614	1ce126bd8709
306.699805	1ce126bd8862
306.714020	1ce126bd870f
306.719983	1ce126bd8709
306.729855	1ce126bd8709
306.743677	1ce126bd8709
306.756068	1ce126bd8800
306.765007	1ce126bd8709
306.772106	1ce126bd8862
306.778522	1ce126bd8862
306.786533	1ce126bd8862
306.797159	1ce126bd8806
306.809522	1ce126bd8862
306.815849	1ce126bd8862
306.829132	1ce126bd8709
306.842867	1ce126bd8709
306.852750	1ce126bd8709
306.865422	1ce126bd8862
306.875344	1ce126bd8709
306.882009	1ce126bd8709
306.895643	1ce126bd8709
306.906125	1ce126bd8862
306.914550	1ce126bd8709
306.920706	1ce126bd8709
306.926929	1ce126bd8862
306.936336	1ce126bd8709
306.951204	1ce126bd8862
306.959127	1ce126bd8709
306.972161	1ce126bd8709
306.981699	1ce126bd8806
306.992781	1ce126bd8709
307.005767	1ce126bd8862
307.019864	1ce126bd8709
307.025540	1ce126bd8862
307.032966	1ce126bd8862
307.045689	1ce126bd8806
307.059672	1ce126bd88b2
307.067639	1ce126bd8862
307.075947	1ce126bd870f
307.085202	1ce126bd8862
307.094577	1ce126bd8862
307.105656	1ce126bd8862
307.111240	1ce126bd8709
307.124415	1ce126bd8862
307.135654	1ce126bd88b2
307.144517	1ce126bd8862
307.154043	1ce126bd8806
307.161755	1ce126bd8862
307.169731	1ce126bd8709
307.177809	1ce126bd8862
307.187601	1ce126bd88b2
307.202764	1ce126bd8862
307.208656	1ce126bd8709
307.217010	1ce126bd870f
307.223293	1ce126bd886f
307.234745	1ce126bd8862
307.249641	1ce126bd8709
307.258776	1ce126bd8862
307.267423	1ce126bd8862
307.280506	1ce126bd8709
307.288883	1ce126bd8709
307.302364	1ce126bd8709
307.312714	1ce126bd8862
307.323807	1ce126bd870f
307.330636	1ce126bd8709
307.343331	1ce126bd8862
307.350891	1ce126bd8862
307.361140	1ce126bd8709
307.375454	1ce126bd8862
307.386940	1ce126bd8862
307.401688	1ce126bd8709
307.409939	1ce126bd870f
307.423395	1ce126bd8709
307.435707	1ce126bd8862
307.441385	1ce126bd8709
307.456326	1ce126bd8862
307.461691	1ce126bd8862
307.475273	1ce126bd8806
307.481216	1ce126bd8806
307.487746	1ce126bd870f
307.494470	1ce126bd8709
307.509617	1ce126bd8862
307.515982	1ce126bd8896
307.523011	1ce126bd8862
307.530233	1ce126bd8896
307.540996	1ce126bd8806
307.550665	1ce126bd8709
307.560791	1ce126bd8806
307.567552	1ce126bd8862
307.575590	1ce126bd8806
307.586510	1ce126bd8709
307.595382	1ce126bd8862
307.603372	1ce126bd8862
307.615892	1ce126bd8862
307.630276	1ce126bd875b
307.640482	1ce126bd8709
307.648997	1ce126bd8806
307.658474	1ce126bd8862
307.673203	1ce126bd8709
307.687347	1ce126bd8862
307.695837	1ce126bd870f
307.702817	1ce126bd8709
307.708606	1ce126bd8709
307.719310	1ce126bd8709
307.731095	1ce126bd8709
307.738886	1ce126bd8896
307.747106	1ce126bd8709
307.754520	1ce126bd8709
307.768918	1ce126bd88b2
307.781723	1ce126bd8862
307.796313	1ce126bd8806
307.808679	1ce126bd8709
307.817219	1ce126bd8709
307.824323	1ce126bd8806
307.833187	1ce126bd8709
307.839046	1ce126bd8862
307.848356	1ce126bd8862
307.862366	1ce126bd8709
307.867610	1ce126bd8709
307.877770	1ce126bd8709
307.884139	1ce126bd8709
307.893776	1ce126bd8709
307.908730	1ce126bd8709
307.914029	1ce126bd8709
307.927306	1ce126bd8709
307.932741	1ce126bd8709
307.939086	1ce126bd8862
307.946203	1ce126bd870f
307.959821	1ce126bd870f
307.966734	1ce126bd8806
307.974102	1ce126bd8862
307.983657	1ce126bd88b2
307.991575	1ce126bd8709
307.999713	1ce126bd8896
308.010322	1ce126bd8709
308.017525	1ce126bd8862
308.024637	1ce126bd8862
308.039830	1ce126bd8862
308.052639	1ce126bd8709
308.057996	1ce126bd8709
308.063520	1ce126bd8709
308.073440	1ce126bd8709
308.087270	1ce126bd870f
308.098779	1ce126bd870f
308.109890	1ce126bd8896
308.119262	1ce126bd8806
308.126551	1ce126bd8862
308.139094	1ce126bd8709
308.145088	1ce126bd88b2
308.154417	1ce126bd8862
308.161145	1ce126bd8862
308.168425	1ce126bd8862
308.179137	1ce126bd870f
308.192545	1ce126bd8862
308.204065	1ce126bd870f
308.210668	1ce126bd8709
308.222736	1ce126bd8709
308.229827	1ce126bd8709
308.235931	1ce126bd8806
308.250648	1ce126bd870f
308.260712	1ce126bd8806
308.274012	1ce126bd8709
308.284906	1ce126bd8709
308.296141	1ce126bd870f
308.303510	1ce126bd8709
308.314937	1ce126bd8709
308.322978	1ce126bd8862
308.337442	1ce126bd8806
308.344744	1ce126bd8709
308.357647	1ce126bd8709
308.364908	1ce126bd8709
308.373421	1ce126bd8709
308.386475	1ce126bd8709
308.392363	1ce126bd8862
308.404570	1ce126bd870f
308.418634	1ce126bd8709
308.430362	1ce126bd8709
308.438344	1ce126bd8709
308.446935	1ce126bd8862
308.456482	1ce126bd8709
308.464863	1ce126bd8709
308.475021	1ce126bd8806
308.489611	1ce126bd8862
308.499482	1ce126bd8862
308.508643	1ce126bd8709
308.522819	1ce126bd8709
308.536741	1ce126bd8709
308.542758	1ce126bd8862
308.551969	1ce126bd8862
308.560182	1ce126bd8806
308.569223	1ce126bd8709
308.579820	1ce126bd8709
308.589460	1ce126bd8862
308.599253	1ce126bd8806
308.604709	1ce126bd870f
308.611387	1ce126bd8709
308.626045	1ce126bd8896
308.638167	1ce126bd8862
308.652832	1ce126bd870f
308.658626	1ce126bd8862
308.667518	1ce126bd8862
308.675565	1ce126bd8709
308.686551	1ce126bd8709
308.697572	1ce126bd8709
308.711912	1ce126bd8896
308.722804	1ce126bd8709
308.734324	1ce126bd8709
308.740168	1ce126bd8709
308.755099	1ce126bd8862
308.765683	1ce126bd8896
308.771064	1ce126bd8896
308.779558	1ce126bd88b2
308.793713	1ce126bd8709
308.799613	1ce126bd8709
308.812511	1ce126bd8806
308.823130	1ce126bd8709
308.829152	1ce126bd8862
308.836616	1ce126bd8709
308.850827	1ce126bd8862
308.858855	1ce126bd8896
308.865115	1ce126bd8709
308.870892	1ce126bd8709
308.882974	1ce126bd8709
308.895090	1ce126bd8709
308.902883	1ce126bd8709
308.917184	1ce126bd8709
308.925121	1ce126bd8806
308.935984	1ce126bd8862
308.946634	1ce126bd8896
308.961311	1ce126bd870f
308.970140	1ce126bd8709
308.977729	1ce126bd8862
308.983169	1ce126bd8709
308.998362	1ce126bd8709
309.012860	1ce126bd8862
309.025371	1ce126bd8709
309.039979	1ce126bd8862
309.052795	1ce126bd8709
309.061862	1ce126bd870f
309.069370	1ce126bd8709
309.074553	1ce126bd8709
309.086257	1ce126bd8862
309.092470	1ce126bd8709
309.099526	1ce126bd8806
309.111598	1ce126bd8709
309.116868	1ce126bd8709
309.123973	1ce126bd8709
309.132545	1ce126bd8806
309.140625	1ce126bd8862
309.155235	1ce126bd8806
309.163308	1ce126bd88b2
309.177269	1ce126bd8862
309.190036	1ce126bd8862
309.195628	1ce126bd8862
309.203695	1ce126bd8709
309.216024	1ce126bd8709
309.226316	1ce126bd8709
309.231764	1ce126bd870f
309.246959	1ce126bd8709
309.258812	1ce126bd8862
309.269041	1ce126bd8806
309.276178	1ce126bd8709
309.290769	1ce126bd8709
309.304771	1ce126bd8709
309.312336	1ce126bd8806
309.318530	1ce126bd8709
309.331957	1ce126bd8709
309.340107	1ce126bd8862
309.352483	1ce126bd8709
309.366298	1ce126bd8709
309.380639	1ce126bd8806
309.392888	1ce126bd8709
309.399096	1ce126bd8709
309.404974	1ce126bd8709
309.411122	1ce126bd88b2
309.421532	1ce126bd8862
309.432644	1ce126bd870f
309.441146	1ce126bd8709
309.454052	1ce126bd8862
309.462632	1ce126bd870f
309.469769	1ce126bd8806
309.476149	1ce126bd8709
309.488266	1ce126bd8709
309.503263	1ce126bd8709
309.511377	1ce126bd88b2
309.525862	1ce126bd8862
309.535951	1ce126bd8709
309.544369	1ce126bd870f
309.550454	1ce126bd8709
309.565064	1ce126bd870f
309.573257	1ce126bd8896
309.583660	1ce126bd8709
309.594273	1ce126bd8862
309.608210	1ce126bd88b2
309.616612	1ce126bd8862
309.627817	1ce126bd8709
309.634806	1ce126bd8862
309.646303	1ce126bd8806
309.655452	1ce126bd8806
309.662519	1ce126bd8709
309.674432	1ce126bd8709
309.681419	1dfb39
309.694506	1ce126bdb560
309.701639	1dfb39
309.716149	1e0cb0
309.727517	1e15b5
309.741660	1e1a06
309.749810	1dfb39
309.763022	1e1484
309.771903	1dfb93
309.782385	1dfb39
309.796557	1e03af
309.803311	1dfb39
309.816741	1dfb39
309.828858	1dfb39
309.836536	1dfb39
309.846003	1e1a06
309.858313	1e32c0
309.864409	1dfb39
309.870024	1e379a
309.875363	1e32d1
309.887303	1e1a06
309.895745	1e1a06
309.907816	1e1a06
309.913551	1ce126bdc060
309.920500	1ce126bdb36e
309.930352	1e1a06
309.941077	1dfb39
309.952048	1dfb39
309.961439	1e0880
309.972693	1e0855
309.982266	1e0855
309.990000	1e0cb9
310.001651	1e0cb0
310.009191	1e0855
310.017740	1e0bf7
310.028961	1e0855
310.040151	1e0880
310.048449	1e0880
310.054514	1e0880
310.068317	1e0cb9
310.075592	1e0880
310.088890	1e0880
310.101776	1ce126bd966d
310.109788	1e0880
310.122232	1e0880
310.136449	1e0880
310.147237	1ce126bd978a
310.158051	1e0cd0
310.168257	1e0880
310.176217	1e0880
310.183296	1ce126bd8806
310.193491	1ce126bd8862
310.207654	1ce126bd8718
310.218793	1e0855
310.227318	1e0855
310.237523	1ce126bdc413
310.250255	1e0880
310.262053	1e0880
310.276178	1e0cb0
310.291203	1e0855
310.300004	1e0880
310.309249	1e0ab4
310.323465	1e0880
310.329879	1e0855
310.342132	1e0855
310.355135	1e0880
310.360861	1e0855
310.375108	1e0855
310.382577	1e0880
310.390850	1ce126bdc3d5
310.405980	1e0880
310.418634	1e0cb0
310.433504	1e0ced
310.443328	1ce126bd8806
310.455068	1ce126bd8862
310.469435	1e0855
310.483182	1e0bf7
310.492349	1e0855
310.501810	1e0880
310.511553	1e0880
310.521378	1e0cd0
310.527796	1e0880
310.539230	1e0cb0
310.550274	1e0880
310.557444	1e0880
310.572158	1e0880
310.585770	1e0727
310.600912	1e0880
310.608762	1e0882
310.617377	1e0880
310.626214	1e0855
310.641458	1e0880
310.651818	1e0bf7
310.666401	1e0cb0
310.679502	1e0cb0
310.686354	1ce126bd886a
310.695102	1ce126bd870f
310.700716	1ce126bd870f
310.707566	1e0880
310.722196	1e0880
310.733957	1ce126bdc3c2
310.745418	1e0880
310.757442	1e0880
310.765347	1e0880
310.771650	1e0880
310.780320	1ce126bd9660
310.793160	1e0880
310.803502	1e0880
310.817193	1e0cd0
310.829394	1e0880
310.843541	1e0855
310.852198	1e0871
310.857844	1e0855
310.865452	1e0880
310.870625	1e0880
310.876973	1e0727
310.886725	1e0855
310.896488	1e0855
310.910622	1e0880
310.920771	1e0855
310.930820	1e0855
310.942439	1e0880
310.951705	1e0880
310.962058	1ce126bd8862
310.973061	1ce126bd870f
310.979557	1e0bf7
310.984953	1e0bf7
310.993441	1e0880
311.007420	1e0855
311.019602	1e0880
311.034246	1e0880
311.043690	1e0880
311.052021	1e0855
311.064425	1e0855
311.075285	1e0880
311.088921	1e0855
311.098967	1e0880
311.112985	1e0bf7
311.125142	1e0880
311.131472	1e0855
311.142263	1e0855
311.148437	1e0880
311.159487	1e0880
311.174692	1e0880
311.183510	1e0880
311.198314	1e0855
311.207845	1e0880
311.222217	1e0880
311.237254	1ce126bd887f
311.249648	1ce126bd870f
311.255476	1ce126bd870f
311.262075	1e0705
311.271738	1dfb39
311.286941	1dfb39
311.295846	1dfb39
311.309652	1dfb39
311.323868	1dff05
311.337657	1e1a06
311.345901	1dfec3
311.354251	1e37c1
311.363658	1e1a06
311.375635	1dfb39
311.383065	1dff05
311.397509	1e3967
311.406689	1e1a06
311.416357	1e1a06
311.429610	1e1a06
311.443300	1dfb39
311.451600	1dff05
311.460351	1e1a06
311.474132	1e1a06
311.480220	1dff05
311.493488	1e1949
311.501316	1e38d9
311.507927	1dfb39
311.522229	1dff05
311.536168	1dfb39
311.549882	1e5f2e
311.558583	1dfb39
311.570158	1e1a06
311.581226	1e1a06
311.587528	1e379a
311.600225	1dff05
311.614367	1e15b5
311.627282	1dfb87
311.634610	1e379a
311.646856	1e3ece
311.661829	1dfb39
311.669837	1dff05
311.684230	1e1a06
311.692546	1dfb39
311.701664	1e1a06
311.710028	1dfbfb
311.721399	1e379a
311.731692	1dfb39
311.741469	1e1a06
311.751126	1e1a06
311.765514	1dff05
311.773489	1dfb39
311.787255	1dfb39
311.800857	1dfb39
311.815359	1e0cb0
311.823551	1e5de2
311.835436	1e18b6
311.849050	1e1a06
311.860502	1dfb39
311.870336	1e5d3f
311.881483	1dfb39
311.888464	1dfb39
311.894903	1dfb39
311.905513	1dfb41
311.915395	1ce126bdad30
311.924974	1e1a06
311.933148	1dfb39
311.944725	1e19f5
311.956929	1ce126cd7880
311.968063	1dfb93
311.975544	1e379a
311.984325	1e379a
311.994330	1dfb63
312.001457	1dfb63
312.011185	1dff05
312.020414	1e1a06
312.034647	1e379a
312.049434	1dfb39
312.058957	1e379a
312.073095	1dfb39
312.083625	1e3a2c
312.089953	1e5d9f
312.098900	1e39b6
312.110509	1dfb39
312.116912	1ce126bdadb3
312.124385	1e15b5
312.134506	1dfb39
312.145755	1dfb39
312.154032	1e15b5
312.160721	1dfb39
312.170915	1dfb39
312.179197	1e15b5
312.193207	1dfb39
312.201264	1dfb39
312.209833	1e1a06
312.219051	1e1606
312.226403	1e1a06
312.235533	1ce126bdae2f
312.249602	1dfb39
312.260385	1dfb39
312.266959	1e1a06
312.275892	1e1a06
312.281931	1dfb39
312.292067	1dff05
312.297530	1dfb39
312.306572	1dfb39
312.320126	1dfb39
312.325619	1dfb39
312.336013	1e5cbc
312.345757	1dfb39
312.356141	1e15b5
312.366224	1ce126bdae22
312.380078	1e1606
312.394228	1e14b7
312.404300	1e1a06
312.419376	1e1a06
312.424824	1e1a06
312.436449	1dff05
312.444435	1e5db5
312.455410	1dfb39
312.465670	1dfb39
312.471259	1ce126bdc0a1
312.481760	1e5d3f
312.489396	1dfb39
312.502323	1dfb39
312.509206	1dfb39
312.519638	1dfb39
312.525297	1e1a06
312.538599	1dfb39
312.546198	1e5d3f
312.558259	1e15b5
312.573299	1e1a06
312.585340	1e15b5
312.599310	1dfb71
312.610849	1e1a06
312.617547	1e0855
312.626932	1e0855
312.636469	1e0855
312.645473	1e0880
312.652184	1ce126bdc3b7
312.659851	1e0855
312.669463	1e0bf7
312.678693	1e0880
312.690998	1e0880
312.699395	1e0cb9
312.713595	1e0855
312.728749	1e0880
312.736324	1e0705
312.744090	1e0855
312.758689	1e0880
312.768716	1e0cd0
312.777179	1e0855
312.789485	1e0882
312.798561	1e0bf7
312.804732	1e0bf7
312.811622	1e0880
312.823402	1e0855
312.832263	1e0bf7
312.838781	1e0880
312.844892	1e0855
312.851443	1e0705
312.862822	1ce126bd8806
312.875670	1ce126bd8862
312.884827	1ce126bd870f
312.895030	1ce126bdaed6
312.901887	1dfafe
312.908792	1ea8e1
312.922486	1dff05
312.936010	1dff05
312.944597	1e1a06
312.955125	1e1a06
312.962998	1dfb39
312.973247	1ce126bdb376
312.981482	1dfa4e
312.994482	1e1a06
313.002948	1dfb39
313.015316	1e37c0
313.020703	1dfca9
313.027985	1e1a06
313.042566	1dfb39
313.048262	1dff05
313.058861	1e379a
313.070110	1dff05
313.084255	1dff05
313.090698	1e1a06
313.102256	1e1a06
313.110210	1e1a06
313.125073	1e15b5
313.138023	1dfb39
313.146824	1dfb39
313.158708	1e1a06
313.173827	1e1a06
313.185777	1e1a06
313.195746	1ce126bdadcb
313.204753	1e1a06
313.215099	1dfb39
313.230236	1e1484
313.243703	1dff05
313.257186	1dfb71
313.269668	1e194e
313.280996	1dff05
313.292477	1dfb39
313.298742	1dfb39
313.308545	1e1a06
313.321958	1dfb39
313.327245	1dff05
313.341402	1dff05
313.356230	1e9db2
313.369823	1dff05
313.377544	1e1a06
313.389577	1dfb39
313.397219	1dfb39
313.409308	1e1a06
313.421158	1e1a06
313.427155	1e1a06
313.433485	1e15fd
313.440062	1dfb39
313.446706	1e1a06
313.452779	1e1a06
313.463745	1e1a06
313.473565	1e9e37
313.485453	1ce126cd792c
313.493064	1ec74b
313.504429	1e1a06
313.510493	1e1a06
313.520617	1e0cb0
313.530630	1ce126bdb382
313.540603	1e962e
313.549724	1e18f6
313.564390	1e1579
313.575640	1e379a
313.586886	1e1a06
313.601937	1dfb39
313.609262	1dfb39
313.623163	1dfb39
313.635421	1e1a06
313.649872	1e3871
313.660977	1e1a06
313.669846	1e9da8
313.681481	1dfdd5
313.694806	1dfb39
313.702098	1dfb39
313.716852	1e379a
313.727278	1e1a06
313.740374	1ce126bdb376
313.745983	1dff05
313.753160	1e273f
313.765414	1e0cb0
313.772589	1e1a06
313.782038	1e379a
313.791736	1dfb39
313.797874	1e379a
313.812891	1e1a06
313.822767	1ce126bdaabf
313.833902	1dfb39
313.842994	1eb724
313.849068	1ce126bda994
313.862524	1e3786
313.867802	1e379a
313.877098	1dfb39
313.890812	1dfb39
313.900865	1dfdd5
313.916093	1e15c7
313.926109	1e379a
313.939179	1e9ecf
313.950563	1e1a06
313.955825	1e379a
313.969124	1dfb39
313.983475	1dfb41
313.998252	1dff05
314.012015	1ce126bdadb3
314.025887	1dfb39
314.040445	1e19a1
314.054401	1e9d9b
314.065628	1dfb39
314.072273	1dfb71
314.084916	1e1a06
314.090590	1e1a06
314.100382	1e1a06
314.112557	1dfb39
314.125515	1dfb39
314.131074	1e91e2
314.141613	1e3780
314.153201	1e1a06
314.163016	1e1a06
314.175584	1e1a06
314.188013	1e379a
314.194187	1dfb39
314.207464	1ea80b
314.221975	1ce126bdc174
314.228015	1e379a
314.242033	1dfb39
314.255234	1e0cc7
314.266122	1dfb39
314.271908	1e1a06
314.278896	1e1484
314.289235	1e379a
314.294806	1dfb39
314.304452	1dfb39
314.316129	1e1a06
314.326616	1e1956
314.333598	1e9d34
314.341839	1dfb39
314.353589	1ce126bdb3b0
314.364067	1dfb39
314.369771	1dfe86
314.375588	1ea56a
314.387176	1dfb71
314.396465	1dfb39
314.403340	1e1a06
314.412486	1e1a06
314.427330	1dff5c
314.438878	1dfe51
314.447907	1dfe97
314.456978	20294d
314.470367	1ea80b
314.478146	1ce126bdadfa
314.490826	1eb6cc
314.500031	1dfb39
314.514280	1dfe66
314.519921	1e1a06
314.527248	1ea7e3
314.534883	1dfb39
314.541136	1e1a06
314.548732	1ebd9b
314.558079	1dfb39
314.572509	1e1888
314.578599	1ea56a
314.584842	1e1a06
314.599168	1ed2be
314.607810	1dfb39
314.617320	1dfb39
314.630396	1e15b5
314.638476	1e1a06
314.653135	1e19d3
314.668048	1e379a
314.682714	1ce126bdb340
314.692338	1e0cc7
314.701950	1dfb39
314.713861	1ea4ee
314.727250	1e9505
314.736525	1eb605
314.750905	1dfde4
314.762740	1e14b7
314.770139	1e1a06
314.778677	1dfb39
314.789186	1e1a06
314.803872	1e379a
314.813354	1e386a
314.827034	1dfe97
314.839943	1e1a06
314.845641	1ea78d
314.853791	1e379a
314.866519	1dfb39
314.871985	1dfb39
314.881015	1dfdb0
314.890072	1dfb39
314.897120	1dfde4
314.903650	1dfb39
314.913227	1dfde4
314.925765	1dfb39
314.932016	1e1a06
314.945265	1dfb39
314.956921	1e1a06
314.963628	1e1a06
314.977288	1e15b5
314.991017	1e1a06
315.001339	1dfb63
315.006884	1ce126bdae2f
315.018447	1e928d
315.024580	1dfb39
315.039721	1eb5dd
315.051709	1e1a06
315.060137	1ea53e
315.073840	1e147f
315.084814	1e379a
315.097464	1e1a06
315.108460	1ea7eb
315.118242	1e1a06
315.126953	1dfb39
315.134521	1dfb39
315.145450	1e19bb
315.155036	1eb5dd
315.166818	1eb5a0
315.176543	1dff05
315.183128	1dfb39
315.194973	1e15b5
315.207902	1e380f
315.222902	1dfb39
315.235966	1dfb39
315.248970	1e1a06
315.257132	1dfb39
315.269035	1dfb39
315.279029	1e1a06
315.285049	1e19e5
315.297780	1e93dd
315.305803	1ce126bdae57
315.311096	1e948f
315.325526	1dfb39
315.332850	1e1e87
315.346117	1e192b
315.355835	1e948f
315.369679	1dfe66
315.381751	1dfb63
315.394518	1dfb39
315.401382	1dfb63
315.408038	1e1a06
315.416347	1ce126bda97f
315.422530	1e1a06
315.437532	1e1a06
315.444952	1e379a
315.460130	1dfb39
315.465952	1eb735
315.473161	1ea7d5
315.484920	1dfb39
315.492344	1ea9f2
315.505964	1e1a06
315.514534	1e194e
315.528466	1dfb63
315.537646	1e1a06
315.545464	1ce126bdc076
315.553901	1ea9b1
315.566194	1e1a06
315.579265	1dfb39
315.587668	1e1a06
315.596108	1dfb39
315.607564	1e379a
315.613380	1eb5dd
315.623844	1eb5a7
315.630548	1e1a06
315.638198	1dfd9b
315.646909	1e0cc7
315.660095	1dfd9b
315.666972	1ce126bda970
315.677939	1e1484
315.687950	1ce126bdb376
315.694509	1dfb39
315.708316	1e1a06
315.715182	1e1a06
315.727040	1dfb39
315.740272	1eb592
315.745901	1dfb39
315.754655	1e0cb0
315.766667	1dfb71
315.777998	1dfb39
315.785135	1dfb39
315.796970	1dfb39
315.802728	1e1a06
315.812471	1dfb39
315.822780	1e379a
315.834546	1dfb39
315.841057	1dfb71
315.854327	1ea9f5
315.859930	1e1a06
315.874316	1e1a06
315.882234	1dfb39
315.890333	1e1a06
315.905427	1dfb63
315.914000	1dfb63
315.927344	1e37c9
315.936779	1dfb63
315.942203	1eb514
315.948571	1dfb39
315.963601	1dff61
315.974373	1dfb39
315.984539	1dfb39
315.991874	1e1a06
316.002173	1ea93b
316.016452	1dfb39
316.025349	1dfb63
316.032229	1e1a06
316.046605	1e1a06
316.060712	1dfd9b
316.075614	1dfb71
316.084394	1e1a06
316.089608	1e379a
316.096185	1dfb39
316.106048	1ebd4f
316.117057	1e1484
316.127536	1dff05
316.136275	1ce126bdc1c5
316.147196	1e1545
316.159715	1dfb39
316.170666	1e93dd
316.176521	1eb5d5
316.182819	1dfb71
316.196930	1dfb39
316.206975	1dfb39
316.216056	1e0ca9
316.227734	1e199d
316.233218	1e1564
316.241117	202a0b
316.248482	1dfb63
316.254055	1e9417
316.266136	1dfb39
316.280253	1eb5d9
316.290270	1e1a06
316.304908	1dfb39
316.314371	1e1529
316.325448	1dfb71
316.332325	1e1a06
316.347146	1e0cc7
316.353702	1e15b5
316.364070	1e1a06
316.371604	1dfb39
316.377362	1e19e5
316.391127	1e1a06
316.402880	1ce126bdb397
316.410308	1e5043
316.415712	1e379a
316.423852	1ce126bdae45
316.438396	1dfb39
316.449201	1ce126cd794d
316.457205	1e1a06
316.467430	1dfb39
316.474546	1dfb63
316.487040	1e1a06
316.496447	1e1a06
316.503323	1dfb39
316.510878	1dfb39
316.524482	1dfb39
316.535814	1e1a06
316.548731	1e379a
316.555610	1e1a06
316.564086	1ce126bda9d1
316.572882	1e3852
316.580089	1dfb63
316.588821	1e1a06
316.595527	1dfb63
316.609829	1e18b6
316.623136	1dfb39
316.638217	1eb5d5
316.649808	1dfb39
316.664208	1dfb63
316.672827	1e1a06
316.682398	1ea6fd
316.691953	1e1a06
316.700182	1dfb39
316.713946	1dfb39
316.721729	1ce126bdc0aa
316.727503	1ed309
316.739240	1e1a06
316.750392	1dfb39
316.763158	1ce126cd78a1
316.776419	1e1a06
316.784719	1ce126bdadcb
316.798216	1dfb39
316.812810	1ea578
316.826700	1dfb39
316.834158	1dfb39
316.841417	1e19aa
316.856306	1e9505
316.864793	1e19ae
316.871151	1e1a06
316.881138	1e379a
316.894763	1e15b5
316.903114	1e379a
316.913114	1e9d37
316.919133	1dfb39
316.925389	1e379a
316.937543	1dfb39
316.948485	1dfdd5
316.963312	1e1964
316.972636	1dfb63
316.983593	1e0880
316.996059	1e0855
317.004959	1e0855
317.014009	1e0880
317.022229	1e0d39
317.036411	1e0880
317.042399	1e0727
317.050482	1e0880
317.063356	1e0bf7
317.069194	1e0831
317.077176	1e0880
317.085006	1e0880
317.094463	1e0880
317.103019	1e0880
317.108971	1e0c34
317.119461	1e0880
317.129000	1ce126bd9757
317.135447	1e0880
317.149909	1ce126bd9754
317.159264	1e0880
317.165923	1e0d5f
317.178932	1e0855
317.189151	1e0880
317.196673	1e0880
317.202047	1e0880
317.211211	1e0855
317.222673	1e0880
317.235814	1e0880
317.244886	1e0855
317.258425	1e0855
317.267098	1e0880
317.277249	1e0880
317.288316	1e0880
317.300245	1e0880
317.310814	1e0b05
317.324380	1e0bf7
317.336091	1e0880
317.349274	1e0880
317.356907	1e0cd0
317.367318	1e0880
317.375439	1e0855
317.388472	1e0877
317.395572	1e0880
317.400986	1e0880
317.406813	1e0880
317.414718	1e0880
317.420427	1e0880
317.428348	1e0a8e
317.443022	1e0880
317.456490	1e0880
317.469374	1e0880
317.477782	1e0880
317.492028	1ce126bd96fb
317.505842	1e0855
317.518047	1ce126bd978e
317.530302	1e0855
317.538765	1e0880
317.549479	1e0855
317.555483	1e0880
317.560789	1e0880
317.571029	1e0cd0
317.578167	1e0880
317.587121	1e06e0
317.598914	1e0880
317.612075	1e076c
317.624952	1e0880
317.638827	1e0855
317.644248	1e0880
317.659278	1ce126bdc3c5
317.673586	1e0880
317.682900	1e0880
317.690670	1e0880
317.698260	1e0855
317.712116	1e0882
317.723380	1e0880
317.728785	1e0880
317.735724	1e0880
317.741399	1e0880
317.752671	1ce126bd969e
317.763738	1e0855
317.770196	1e0880
317.778817	1e0cb0
317.787281	1e0880
317.798640	1e0855
317.806649	1e0880
317.815316	1e0855
317.822288	1e0855
317.828777	1e0cd7
317.843951	1e0880
317.854705	1e0bf7
317.869054	1e0880
317.881541	1e0855
317.889587	1e0880
317.901723	1e0880
317.907531	1e081b
317.912832	1e0727
317.925370	1e0880
317.939066	1e0880
317.949145	1e0ccc
317.958444	1e0855
317.971694	1e0880
317.979150	1e0880
317.990577	1e0855
318.001463	1e0880
318.008274	1e0855
318.017466	1e0855
318.031607	1e0880
318.046416	1e0855
318.054459	1e0855
318.060381	1e0cd0
318.073378	1e0880
318.081639	1e0855
318.093100	1ce126bdc3c2
318.105899	1e0cbb
318.119874	1e0855
318.128347	1e0855
318.136262	1e0880
318.147326	1e0705
318.157111	1e0880
318.167808	1ce126bdc40e
318.176069	1e0880
318.183432	1e0880
318.197810	1e0855
318.207312	1e0880
318.222480	1e0880
318.231302	1ce126bd9772
318.239164	1e0880
318.247738	1e0727
318.259952	1e0855
318.274517	1e0880
318.285903	1ce126bd9754
318.293504	1e0882
318.299073	1e0855
318.309999	1e0880
318.322611	1e0880
318.332805	1ce126bd9660
318.341082	1e0880
318.355001	1e0d31
318.361047	1ce126bdc416
318.367957	1e0727
318.378150	1ce126bdc41b
318.388160	1e0880
318.395305	1e0855
318.400570	1e0855
318.410073	1e0880
318.425095	1e0880
318.438847	1e0855
318.449036	1e0880
318.461324	1e0880
318.475721	1e0855
318.486432	1ce126bdc3c5
318.492914	1e0880
318.499056	1e0bf7
318.504534	1e0880
318.512892	1e0880
318.526390	1e0880
318.539388	1e0880
318.550427	1e0886
318.559421	1e0880
318.570679	1e0855
318.584712	1e0855
318.593801	1e0727
318.602446	1e0880
318.613727	1e0705
318.621806	1e0cd0
318.630431	1e0855
318.644449	1e0880
318.650806	1e0855
318.664600	1e0855
318.672814	1e0855
318.681854	1e0880
318.694129	1e0880
318.707292	1e0880
318.721901	1e0880
318.736799	1e0880
318.745346	1e0882
318.751277	1e0cd0
318.766311	1e0880
318.779726	1e0727
318.794600	1e0882
318.801747	1e0855
318.807617	1e0880
318.820070	1e0855
318.827775	1e0880
318.836063	1e0880
318.846984	1e0880
318.852991	1e070f
318.863209	1e0cd0
318.873628	1e0880
318.886949	1e0880
318.896229	1e0880
318.905714	1e0880
318.916694	1e0880
318.924796	1e0880
318.934207	1e0727
318.948445	1e0855
318.962629	1e0727
318.973907	1e0880
318.988002	1e0880
319.002499	1e0855
319.010275	1e0855
319.025407	1e0855
319.030935	1e0855
319.037876	1e0880
319.048995	1e0855
319.055510	1e0880
319.061590	1e0855
319.072743	1e0880
319.085009	1e0bf7
319.098033	1e0880
319.107271	1e0855
319.116099	1e0880
319.124948	1e0727
319.130164	1e0727
319.136327	1e0880
319.148656	1e0855
319.160961	1e0855
319.166824	1e0855
319.174107	1e0d5f
319.184082	1e0880
319.195162	1e0880
319.204648	1e0cd0
319.218581	1e0cd0
319.229630	1e06ef
319.239749	1ce126bd978e
319.254773	1e0880
319.269524	1e0880
319.281782	1e0855
319.287342	1e0880
319.300968	1e0880
319.309305	1e0880
319.317764	1e0880
319.328500	1e0880
319.333647	1e0880
319.341098	1e0880
319.350067	1e0880
319.358007	1e0880
319.365295	1e0880
319.374056	1e0855
319.379909	1e0880
319.394785	1e0727
319.408303	1e0880
319.420946	1e0855
319.427954	1e0880
319.435375	1e085d
319.440675	1e0855
319.452879	1e0cb0
319.466690	1e0880
319.476637	1e0855
319.483685	1e0882
319.497813	1e0880
319.510051	1e0855
319.519336	1e0855
319.526977	1e0727
319.539516	1e0cb9
319.546569	1e0855
319.559337	1e0880
319.570971	1e0855
319.584587	1e0855
319.590321	1e0cd0
319.595497	1e0727
319.610559	1e0cb0
319.617341	1e0880
319.628201	1e0880
319.640548	1e0855
319.651249	1e0880
319.661986	1e0855
319.672434	1e0880
319.680488	1e0a8e
319.690906	1e0855
319.697812	1e0882
319.708473	1e0880
319.715207	1e0880
319.727059	1e0855
319.741053	1e0855
319.752749	1e0880
319.758168	1e0cd0
319.771902	1e0855
319.777560	1e0880
319.784989	1e0880
319.792111	1e0cd0
319.799352	1e0d5f
319.809375	1e0880
319.821765	1e0882
319.827008	1e0882
319.839613	1e0cb0
319.853139	1e0727
319.862897	1e0855
319.870264	1e0880
319.881382	1e0880
319.891961	1e0880
319.907002	1e0bf7
319.913200	1e0855
319.923422	1ce126bdc3db
319.932384	1e0880
319.945082	1e0880
319.957385	1e0880
319.965857	1e0880
319.978029	1e0880
319.988751	1e0880
319.994388	1e0ab4
319.999996	1e0727
320.006329	1e0882
320.020580	1e0880
320.030321	1e0855
320.039832	1e0880
320.051982	1e0880
320.060126	1e0880
320.066489	1e0855
320.076896	1e0880
320.090236	1ce126bd9688
320.100236	1e0880
320.106580	1e0880
320.117766	1e0855
320.129224	1e0cd0
320.142773	1e0bf7
320.157193	1e0880
320.165529	1e0cb9
320.179606	1e0880
320.193391	1e0855
320.200041	1e0855
320.210886	1e0880
320.223250	1e0855
320.233092	1e0855
320.238338	1e0880
320.247172	1e0cb0
320.262307	1e0bf7
320.270217	1e0880
320.285086	1e0855
320.294730	1e0880
320.303250	1e0880
320.317580	1e0880
320.326334	1e0880
320.333651	1e0754
320.348735	1ce126bd8806
320.361772	1ce126bd8806
320.368487	1ce126bd8806
320.383078	1ce126bd8896
320.391826	1ce126bd8896
320.405499	1ce126bd8842
320.414432	1ce126bd8862
320.420254	1ce126bd8806
320.425599	1ce126bd8806
320.437398	1ce126bd8896
320.450832	1ce126bd8806
320.465058	1ce126bd886a
320.473706	1ce126bd8709
320.484180	1ce126bd86d4
320.493154	1ce126bd86ee
320.502398	1ce126bd8862
320.513393	1ce126bd870f
320.527008	1ce126bd8806
320.537669	1ce126bd870f
320.549950	1ce126bd887f
320.558265	1ce126bd88db
320.563544	1ce126bd8862
320.569716	1ce126bd8806
320.575608	1ce126bd870f
320.586051	1ce126bd8709
320.592780	1ce126bd8862
320.606016	1ce126bd870f
320.612448	1ce126bd8709
320.619643	1ce126bd870f
320.626257	1ce126bd8806
320.639288	1ce126bd8806
320.646247	1ce126bd870f
320.659638	1ce126bd8896
320.673951	1ce126bd870f
320.682407	1ce126bd88bf
320.688241	1ce126bd8916
320.700943	1ce126bd88ab
320.712691	1ce126bd870f
320.723346	1ce126bd870f
320.735975	1ce126bd8806
320.750456	1ce126bd8703
320.762460	1ce126bdb560
320.768347	1ce126bdb560
320.779334	1dfe86
320.787537	1dfec3
320.800054	1dff05
320.809506	1e379a
320.815022	1dfb39
320.829898	1e379a
320.838989	1dfb39
320.851763	1dff05
320.864806	1dfb63
320.878652	1dfb39
320.887625	1e379a
320.900166	1e379a
320.908092	1ce126bdae12
320.919939	1eb5e9
320.933564	1e1a06
320.944039	1e379a
320.951378	1dfb39
320.958104	1ce126bdb560
320.966603	1dfde4
320.980975	1e379a
320.986366	1e379a
320.998433	1e039b
321.006398	1ce126bdc1c5
321.018552	1e1a06
321.024349	1dfe14
321.039306	1e1a06
321.045260	1dfb39
321.055062	1e1a06
321.067718	1e96b8
321.073148	1dfb63
321.087183	1ebced
321.094837	1e1a06
321.102588	1e1a06
321.112708	1dff05
321.124016	1ce126bdb560
321.138601	1dff05
321.148464	1dfb39
321.160618	1dfb63
321.167975	1e9318
321.173789	1dfb39
321.182375	1eb7cc
321.193972	1e1a06
321.207983	1dfb63
321.214534	1dfb63
321.227979	1dfb39
321.236251	1ce126bdb394
321.244496	1eb5d5
321.256160	1e379a
321.270061	1e1a06
321.279247	1ce126bdb560
321.290233	1dfb39
321.303315	1dfb39
321.318431	1dfb39
321.325697	1eb5d0
321.335937	1e1a06
321.346920	1dfb39
321.360144	1dfb39
321.371575	1e1a06
321.384247	1dfb39
321.394585	1e1a06
321.402420	1e1a06
321.410651	1dfb63
321.419696	1dfb39
321.428812	1e3780
321.442383	1eaa4b
321.450158	1e15b5
321.458127	1dfb39
321.471709	1e1a06
321.480047	1fbd49
321.487545	1e1a06
321.498575	1e9302
321.512899	1e381d
321.519069	1dfb39
321.527198	1ce126bdb754
321.539386	1e9639
321.546154	1dfb39
321.554955	1e1a06
321.562509	1e1a06
321.575611	1dfb39
321.587754	1dfb63
321.594705	1dff05
321.600840	1e92e9
321.613165	1e1a06
321.625988	1e1a06
321.633465	1e1a06
321.639419	1dfb39
321.646103	1e379a
321.653494	1dfb63
321.665764	1eb574
321.673912	1dfb63
321.684397	1e1a06
321.693999	1dfb39
321.708719	1dfb39
321.717260	1dfb63
321.730809	1e1484
321.739203	1e1a06
321.745410	1e1a06
321.752700	1e1a06
321.766935	1dfb39
321.773305	1e1a06
321.788151	1e379a
321.797282	1dfec3
321.805282	1e379a
321.812262	1dfb63
321.824810	1dfb39
321.830106	1e9f18
321.840073	1e9ecf
321.850474	1e1a06
321.857322	1dfb63
321.862982	1dfe97
321.876559	1dfb39
321.889532	1dfb63
321.903015	1dfb39
321.911596	1ce126bdb5c2
321.921683	1dfb39
321.932043	1dfb39
321.945337	1dfb39
321.952865	1e193e
321.960281	1ce126bdb382
321.966143	1e1a06
321.976784	1ce126bdae57
321.988811	1dff05
321.999362	1dfb39
322.006704	1e1a06
322.015021	1e379a
322.026565	1dfb39
322.037007	1e379a
322.050563	1dfb39
322.056351	1dfb39
322.070434	1dfb39
322.078885	1dfb39
322.086251	1ce126bdadb3
322.100633	1dfb63
322.106187	1e9639
322.113563	1e1a06
322.119732	1dfb39
322.130065	1dfb63
322.138411	1dfdb0
322.151470	1dff05
322.164969	1cebb0
322.178648	1e1a06
322.191608	1dfb39
322.201712	1dfb39
322.212458	1dfb39
322.225008	1e379a
322.238760	1ce126bdb560
322.247280	1e379a
322.258043	1e1a06
322.265664	1e1a06
322.276163	1ce126bdb35c
322.282990	1dfb63
322.295953	1dfb63
322.307933	1e379a
322.315717	1e9e08
322.324346	1e1a06
322.333556	1ce126bdb560
322.343657	1dfb39
322.358830	1dff05
322.366996	1dfb63
322.375719	1dff7c
322.390659	1eb5c7
322.404134	1e1a06
322.414478	1e1a06
322.425456	1e1a06
322.438477	1e1a06
322.445376	1dfb39
322.457872	1dfb39
322.465629	1dfdac
322.476363	1e1a06
322.489208	1ce126bdb754
322.495333	1e19e5
322.504607	1e1a06
322.511819	1e379a
322.521792	1e379a
322.535761	1e1a06
322.544146	1dfdd5
322.558146	1dfb39
322.569920	1ce126bdad20
322.582851	1dfb63
322.595901	1e1a06
322.606346	1dfb39
322.616786	1eb652
322.623547	1dfb63
322.632984	1e379a
322.645991	1e1a06
322.652877	1e379a
322.664257	1dfb39
322.676751	1eb728
322.691501	1e1a06
322.696765	1e379a
322.710310	1e1a06
322.719410	1e379a
322.725346	1dfb39
322.740505	1dfb39
322.748057	1e3860
322.753229	1e1a06
322.761324	1dfb39
322.771359	1dfb71
322.778740	1dfb39
322.793678	1dfb39
322.803168	1e1a06
322.809214	1ce126bdae45
322.817732	1dfb39
322.828717	1e3780
322.843504	1dfb63
322.855354	1e1a06
322.866023	1dfb39
322.880345	1dfb39
322.886800	1e1a06
322.892517	1dfde4
322.899891	1dfb71
322.908429	1dfb39
322.916052	1dfb39
322.928458	1dfb39
322.941562	1e379a
322.955539	1ce126bdadb3
322.962458	1e1a06
322.970367	1dfadd
322.975806	1ce126bdb036
322.987931	1e1a06
323.003199	1dfb39
323.013493	1e379a
323.027164	1dfb39
323.041742	1e378a
323.055237	1e9505
323.070219	1dfb63
323.084138	1e94ab
323.097572	1dfb63
323.111286	1dfb63
323.121933	1dfb39
323.134119	1dfb39
323.140898	1dfb39
323.146711	1dfb63
323.158634	1dfb63
323.172051	1dfb63
323.177607	1dfb39
323.185596	1dfb39
323.196534	1e1a06
323.202741	1dfb39
323.217641	1eb6cc
323.228729	1e1a06
323.239549	1ce126bdc060
323.245457	1e1a06
323.260243	1dfb39
323.271288	1dfb39
323.285895	1e1a06
323.298565	1ed847
323.304641	1dfb63
323.310728	1e199d
323.318403	1e379a
323.329869	1dfb39
323.342053	1e378a
323.350535	1e1a06
323.360547	1dfe86
323.372109	1e1a06
323.385324	1e1952
323.395395	1dfb63
323.408638	1dfb39
323.420579	1e1a06
323.431536	1dfb39
323.441837	1dfb63
323.450578	1ce126bdb560
323.465285	1ce126cd7935
323.478726	1dfce1
323.491004	1dfb63
323.496760	1e9e40
323.506308	1e1a06
323.517975	1e379a
323.527263	1eb860
323.539281	1ce126bdc089
323.551610	1dfde4
323.564917	1ebd68
323.578414	1dfca9
323.589292	1e1a06
323.596882	1e1a06
323.606518	1e1a06
323.617012	1e1a06
323.622970	1e14c0
323.634719	1dfb39
323.647059	1dfb63
323.658732	1e379a
323.670567	1e1a06
323.677462	1dfb63
323.688335	1dfb39
323.701865	1ce126bdc0a1
323.713032	1ce126bdc238
323.725724	1dfb63
323.739510	1dfb39
323.752207	1e1a06
323.766726	1dfb39
323.777649	1eb6a9
323.785279	1dff50
323.799223	1dfb39
323.808756	1ed831
323.820619	1dfb39
323.827060	1e1a06
323.833944	1dfb39
323.847446	1ebd1a
323.855690	1ed2a2
323.868384	1dff05
323.880092	1dfb39
323.892654	1dfb39
323.905734	1e9302
323.912411	1eb5d5
323.922867	1dfb39
323.931120	1e1a06
323.946009	1e379a
323.954000	1dfb63
323.968773	1e9505
323.975454	1e93dd
323.988730	1dfb63
323.994361	1e15b5
324.004232	1eb728
324.014955	1e1a06
324.023638	1dff05
324.031436	1e1a06
324.043647	1dfb39
324.058297	1e1a06
324.067597	1dfdd5
324.081801	1dfb39
324.090914	1e948f
324.102525	1ce126bdb3a9
324.117273	1dfb39
324.130038	1dfb39
324.144392	1e1a06
324.152637	1e9df0
324.162869	1e379a
324.173628	1dfb39
324.181504	1e1a06
324.191309	1dfb39
324.205002	1ed3cd
324.214633	1dfb63
324.225960	1dfb39
324.235054	1e1a06
324.241699	1e9505
324.249847	1dfb63
324.256241	1dfb39
324.264284	1dfb63
324.270094	1dfb39
324.284773	1dfde4
324.292048	1e1a06
324.304586	1dfb39
324.315816	1ebd4f
324.325144	1e1a06
324.337554	1e1a06
324.351257	1dfe97
324.359388	1e1a06
324.373845	1dfe97
324.386759	1e95f0
324.398335	1e1a06
324.409910	1dfb39
324.423288	1dfb39
324.429433	1dfed4
324.441853	1e1a06
324.449901	1dfb39
324.460015	1dfb39
324.465678	1e1a06
324.476873	1e1a06
324.488884	1e1a06
324.494209	1dfb39
324.507943	1dfb63
324.515904	1dfb39
324.521329	1e19b2
324.531793	1dfb71
324.545432	1dfb39
324.557616	1ea698
324.568409	1dfb71
324.578069	1e1a06
324.588834	1e1a06
324.599405	1e9260
324.611005	1e3827
324.617824	1eb5d5
324.632635	1e1a06
324.639049	1dfb39
324.650792	1e948f
324.659180	1ce126bdc07c
324.664655	1e03e7
324.673504	1dfb39
324.680054	1dfb39
324.687905	1dfb39
324.701866	1e379a
324.716476	1e37c1
324.723096	1dfb63
324.736663	1dfb39
324.750811	1e1484
324.756374	1dfb39
324.766040	1dfb63
324.778326	1dfb63
324.792438	1e1a06
324.801054	1dfb39
324.807414	1dfb39
324.818434	1dfb39
324.825785	1dfb39
324.840410	1e1a06
324.852657	1e379a
324.866589	1dfb63
324.873832	1e382c
324.884392	1ea7eb
324.891338	1ea533
324.899656	1e1a06
324.910217	1dfb39
324.920351	1dfb63
324.929092	1e379a
324.944161	1dfb39
324.956860	1dfb39
324.971806	1dfb39
324.977077	1dfb39
324.985316	1e1a06
324.999990	1dfb63
325.011567	1dfb39
325.023330	1dfb63
325.029222	1dfb39
325.034911	1dfb71
325.048215	1dfb39
325.062534	1dfb41
325.070169	1e379a
325.079320	1ce126bdc1ec
325.085936	1dfb39
325.095569	1e1a0b
325.106401	1dfb63
325.114073	1ea93b
325.128635	1e9d82
325.142863	1dfb63
325.149992	1dff05
325.164349	1dfb39
325.177666	1e1a06
325.182979	1dfb39
325.190123	1dfb39
325.200735	1dfb63
325.215572	1ea7eb
325.226172	1dff05
325.240702	1dfb39
325.248529	1dfb63
325.257925	1e03dd
325.268789	1e15df
325.282828	1dfb63
325.292864	1dfb63
325.306818	1dfb39
325.313487	1ce126bdc085
325.327939	1e9260
325.342193	1dfb39
325.351994	1e381d
325.362336	1dfa3a
325.374154	1dfb39
325.385643	1ce126cd7884
325.392993	1e1a06
325.398207	1ebd59
325.408089	1dfb39
325.420512	1e03e7
325.434300	1ba254
325.440135	1dfdb0
325.449035	1e1a06
325.456283	1dfb39
325.466420	1e93dd
325.477453	1dfb39
325.486908	1eb738
325.496982	1ce126bdb04a
325.509210	1dfb39
325.522697	1ea69f
325.534088	1dfb63
325.540914	1ebd2e
325.550673	1ea597
325.564303	1e1a06
325.571436	1e379a
325.577109	1e0cc7
325.585295	1dfb39
325.595059	1e9302
325.608492	1dfb39
325.614796	1dfb63
325.622714	1dfb63
325.636040	1dfb39
325.645977	1dfb39
325.654237	1dfb39
325.661792	1e1a06
325.668731	1dfb39
325.682214	2029eb
325.691987	1e0cb0
325.706142	1dfb39
325.713969	1e9361
325.724822	1eb616
325.736116	1e1a06
325.746022	1e1a06
325.752713	1dfb39
325.765405	1e1a06
325.778055	1dfb41
325.786500	1dfb39
325.798961	1e1a06
325.805953	1dfe31
325.816772	1ebd4f
325.823598	1e1a06
325.834771	1dfb39
325.845696	1dfb39
325.854450	1dfb39
325.865600	1e1a06
325.874915	1e19d3
325.883505	1dfb39
325.889438	1dfb63
325.897069	1dfb39
325.911888	1dfb63
325.920768	1dfb39
325.932170	1dfb39
325.942878	1eb581
325.949128	1e0cb0
325.954651	1e136d
325.969487	1eb860
325.978650	1e1a06
325.987023	1dfb39
325.998010	1dff05
326.011782	1e1484
326.018918	1ea591
326.025997	1e1a06
326.032428	1e1a06
326.040582	1dfb63
326.053836	1e92b6
326.061739	1e379a
326.068226	1e1a06
326.080992	1dfb39
326.086247	1dfef3
326.098440	1e1a06
326.110497	1eb860
326.118595	1e3863
326.129401	1e1a06
326.139788	1dfb63
326.145443	1dfb39
326.154319	1dfb63
326.161000	1e9417
326.170647	1e03e7
326.183999	1dfb63
326.192626	202a04
326.204576	1dfdd5
326.216192	1e0cb0
326.226437	1e379a
326.235956	1dfb39
326.246884	1dfb63
326.261113	202958
326.268171	1e1a06
326.278262	1e9d82
326.292066	1e92b6
326.302300	1ce126bdc066
326.308605	1eb5c7
326.317013	1dfd9b
326.330641	1dfb39
326.339251	1e1a06
326.352252	1dfb39
326.358150	1e9f34
326.365174	1e9d7f
326.380359	1e5069
326.388198	1dfb39
326.395877	1e15b5
326.403877	1dfb39
326.417689	1e1a06
326.431853	1ebcf0
326.438516	1dfb39
326.450934	1dfb39
326.456708	1dfb39
326.470143	1dfb39
326.480335	1e1a06
326.490729	1dfb39
326.505064	1dfb63
326.511134	1dfb63
326.525992	1e15b5
326.538633	1e1a06
326.544078	1ebced
326.557399	1e1a06
326.570162	1eb605
326.579730	1e273f
326.593836	1e1ea2
326.599597	1eb605
326.609012	1e9d94
326.615173	1cea2c
326.625944	1dfb39
326.631949	1dfb39
326.647039	1dfff1
326.660938	1e002f
326.669082	1dfb39
326.675583	1dfff1
326.686585	1dfb39
326.694828	1dfb39
326.702190	1dfb39
326.708088	1e9dbd
326.719119	1dfb39
326.731026	1dfff1
326.737997	1e19bd
326.748582	1dfb39
326.762042	1e1eea
326.771322	1dfb93
326.777928	1e1a06
326.784041	1dfb39
326.796232	1dfb39
326.804642	1e1993
326.816886	1eb781
326.826754	1dfb39
326.832410	1e19a4
326.846435	1e0038
326.853601	1dfff1
326.866668	1e15b5
326.879673	1dfb39
326.892892	1e0072
326.905913	1ea933
326.917799	1ea741
326.931227	1dfb39
326.944489	1ebd6e
326.956160	1dfb71
326.965700	1e0038
326.973931	1dfff1
326.979457	1e1a06
326.991471	1e1a06
327.001397	1e9302
327.016568	1e1a06
327.022663	1dfaf4
327.037638	1e1a06
327.052548	1dfb39
327.064242	1dfb63
327.075280	1e1a06
327.089502	1dfb63
327.094872	1dfb3d
327.108905	1dfb39
327.115132	1e5066
327.126011	1e1eea
327.134643	1dfb39
327.145241	1ce126cd7947
327.154995	1e9260
327.165330	1dfb39
327.177534	1eb605
327.187419	1dfb39
327.198786	1dfff1
327.207936	1dfb39
327.215287	1dfb97
327.228406	1dfd9b
327.236964	1dfff1
327.249399	1e1a06
327.262205	1dfb39
327.275634	1dfff1
327.289488	1e0033
327.298542	1dfb39
327.307737	1dfb39
327.321376	1eb581
327.327322	1dfcb6
327.340391	1ce126bdb382
327.350784	1dfff1
327.357157	1ce126bdb36e
327.371965	1dfb39
327.377606	1dfb63
327.385860	1e1a06
327.394644	1dfb63
327.406501	1eb5a0
327.419321	1dfff1
327.430888	1e1f48
327.441339	1e1ea6
327.455272	1dfa3e
327.460898	1dfe0a
327.472893	1dfb39
327.483552	1e1a06
327.495043	1dfff1
327.507905	1e1a06
327.521419	1ce126bdad46
327.532587	1dfb39
327.543193	1dfff1
327.555696	1dfb39
327.565287	1e0033
327.575288	1dfb39
327.585866	1dfb39
327.595764	1dfff1
327.606267	1e1f37
327.613431	1dfb39
327.620031	1dfb63
327.630951	1dfb39
327.643107	1e1a06
327.653471	1dfb39
327.667201	1e1a06
327.676764	1dffce
327.684988	1dfb39
327.693087	1e002f
327.702991	1ea724
327.711228	1ed831
327.716711	1eb5d5
327.728056	1dfb39
327.733860	1e1a06
327.748032	1e03fb
327.760230	1dfb39
327.775284	1e1a06
327.784390	1dfb39
327.794167	1e1a06
327.802702	1dfb39
327.813024	1e37c5
327.821861	1e1f37
327.833328	1e0072
327.846582	1ea7e3
327.854989	1dfb39
327.864170	1dfb39
327.871609	1e03d9
327.886097	1e5058
327.892193	1e37a0
327.901093	1dfff1
327.914498	1dfb63
327.922893	1eb5d5
327.932786	1dfb39
327.940585	1e1a06
327.946476	1dfb39
327.960270	1ce126bdae1c
327.968588	1dfff1
327.983545	1dfb39
327.992264	1eb735
328.003831	1dfb63
328.010675	1dfb41
328.022102	1e03d9
328.029617	1e14bb
328.044759	1e1930
328.056640	1dfff1
328.063287	1e0072
328.076968	1dfb39
328.083576	1e1a06
328.092246	1dfff1
328.099870	1eb860
328.113632	1ce126bdb870
328.122558	1ce126bdb870
328.132142	1dfff1
328.139450	1e1f42
328.144636	1dfff1
328.154964	1e379a
328.165567	1ebda8
328.174278	1dfff1
328.179545	1dfb39
328.190202	1dfb39
328.203818	1e1a06
328.216172	1e9505
328.230874	1dfb63
328.242004	1ed888
328.247919	1e1a06
328.253137	1dfb39
328.264668	1dfb39
328.270354	1ebda8
328.282225	1dfb39
328.289306	1e1a06
328.295146	1e379a
328.308701	1e1a06
328.316946	1dfb39
328.322589	1e1a06
328.334881	1e0072
328.344846	1ce126bdb870
328.350152	1e1484
328.360090	1ebda8
328.365536	1e1437
328.376995	1ce126bdae12
328.385777	1dfb39
328.400870	1ea58a
328.413221	1e1a06
328.420397	1ebd38
328.432702	1dfb39
328.439682	1ed2c9
328.449082	1dfb39
328.457158	1dfb63
328.462539	1dfb63
328.473720	1dfb39
328.487639	1e0072
328.501828	1dfb63
328.509720	1dfb63
328.523494	1dfb39
328.531346	1e1a06
328.544232	1dfb39
328.557633	1dfb39
328.565256	1dfb39
328.571453	1e1a06
328.586255	1ce126bdb870
328.596730	1ea80b
328.602333	1ea58a
328.615178	1dfaf0
328.626103	1eb797
328.631567	1ce126cd810a
328.642244	1e1484
328.655248	1e002f
328.664747	1e002f
328.674574	1e03d9
328.687501	1dfb39
328.698491	1dfb63
328.707168	1dfb63
328.718354	1e1a06
328.727517	1dfff1
328.739352	1e379a
328.748381	1dfb39
328.761508	1ed888
328.776450	1e379a
328.786508	1dfff1
328.795000	1e9f10
328.804301	1dfb39
328.814494	1dfb39
328.819668	1dfb63
328.833087	1ce126bdb870
328.844700	1dfdac
328.857932	1dfb39
328.863880	1ed888
328.871549	1e1a06
328.881020	1e386a
328.887039	1dfb39
328.899121	1dfb63
328.909706	1dfb63
328.919681	1ce126bda20b
328.932767	1e15b5
328.944200	1dfff1
328.956839	1dfb63
328.968626	1dfb63
328.979281	1eb68d
328.986646	1e379a
328.993261	1dfb63
329.002700	1dfb39
329.010861	1e1a06
329.017679	1dfff1
329.026183	1dfb39
329.036819	1e1a06
329.044362	1e1f37
329.050597	1e1f37
329.061124	1e1f37
329.069364	1e1f37
329.084188	1ebda8
329.092439	1eb5d5
329.104515	1dfff1
329.115509	1dfb39
329.124244	1dfb39
329.135787	1dfff1
329.141046	1ea69c
329.153391	1dfb63
329.165664	1e1a0b
329.175825	1dfb2a
329.181576	1dfb39
329.191749	1ce126bdb870
329.198076	1e1a06
329.212464	1e1a06
329.222208	1dfb63
329.227934	1dfb63
329.242150	1ebda8
329.256926	1eb58e
329.264334	1e3780
329.276009	1dfb39
329.287854	1dffdf
329.298917	1e0072
329.309521	1e03d9
329.314942	1dfff1
329.324845	1ea58a
329.335820	1dfb39
329.341682	1dfd8a
329.350487	1ce126bdb870
329.361995	1dfb39
329.372564	1e1a06
329.382677	1dfb63
329.395043	1dfff1
329.400434	1dfff1
329.408338	1e1a06
329.414558	1dfb39
329.420289	1dfb39
329.425974	1eb5aa
329.440606	1dfb39
329.453182	1e1a06
329.466208	1ce126bdb870
329.478766	1eb5d5
329.485066	1ce126cd810a
329.497779	1dfb39
329.509628	1e15b5
329.518653	1dfff1
329.527836	1e1a06
329.542322	1e9608
329.552992	1dfb39
329.559273	1dfb39
329.574482	1dfff1
329.589265	1ce126bdb870
329.597125	1ce126bdb870
329.611912	1dfb63
329.619201	1dfb41
329.627329	1e1484
329.632788	1e9505
329.647275	1dfb63
329.659445	1e1a06
329.665678	1eb57b
329.679529	1e1a06
329.693640	1dfff1
329.701439	1ce126bdb870
329.716091	1ed888
329.726977	1ebdaf
329.742140	1ebda8
329.749205	1ebdaf
329.757417	1e0072
329.772364	1e1a06
329.786027	1e1a06
329.799618	1dfb39
329.805225	1dfff1
329.820267	1dfb63
329.834796	1e4fc5
329.842801	1e1a06
329.856231	1ed888
329.869224	1dfb63
329.874656	1eb5d5
329.883910	1ebda8
329.899107	1dfff1
329.911577	1e3794
329.918310	1ed888
329.933120	1ce126bdb870
329.947589	1dfb39
329.961511	1e379a
329.967751	1dfb39
329.981692	1ebda8
329.989820	1dfb63
330.004334	1ce126c55bcb
330.012374	1e1a06
330.019731	1dfb39
330.031136	1dfb39
330.040322	1e1a06
330.051303	1dfb39
330.064043	1ebda8
330.073295	1dfb39
330.081915	1e1a06
330.087134	1eb860
330.092957	1e1a06
330.106764	1dfb39
330.120333	1dfa8a
330.128808	1e1a06
330.140128	1dfb63
330.154419	1e1a06
330.163288	1dfb39
330.171722	1e1a06
330.183137	1dfff1
330.192832	1e15a7
330.203268	1eb616
330.214447	1dfb63
330.224483	1eb5dd
330.237880	1ebda8
330.252046	1dfb39
330.264548	1e379a
330.272364	1dfff1
330.283452	1ea58a
330.294501	1ed888
330.301859	1dfb39
330.315656	1ce126bdb870
330.329043	1e0033
330.342178	1ed825
330.355353	1ed849
330.366187	1e9407
330.374135	1dfb63
330.379478	1eb5dd
330.394138	1e1a06
330.408692	1dfb39
330.423051	1dfb63
330.431610	1ebda8
330.439022	1eb535
330.446212	1dfff1
330.459153	1dfff1
330.471578	1ce126bda970
330.484499	1e0038
330.492892	1ce126bdb870
330.503428	1e1602
330.508901	1ce126bdb870
330.521907	1e9d90
330.531135	1e002f
330.545620	1dfb39
330.556409	1ebda8
330.562535	1e19a4
330.576083	1ea591
330.590888	1dfb39
330.604113	1e1898
330.617834	1dfdb8
330.625453	1e1a06
330.632607	1e1a06
330.638829	1ed888
330.647831	1dfb63
330.659437	1dfb39
330.669218	1e1a06
330.679954	1dfb39
330.685327	1e0038
330.692055	1e19d8
330.704746	1e1f42
330.715806	1dfb71
330.726595	1eb797
330.735223	1ce126cd810a
330.745537	1ebdaf
330.750999	1ebda8
330.758600	1ebdaf
330.772148	1dfb39
330.783520	1e1a06
330.793385	1e1a06
330.799717	1dfb58
330.813834	1e002f
330.826125	1dfb63
330.839275	1e1a06
330.847299	1dfff1
330.856862	1e15b5
330.870851	1dfb39
330.880838	1e1f37
330.889960	1e9460
330.903850	1dfb63
330.916042	1dfb39
330.925552	1dfff1
330.938118	1e0033
330.953745	1e1a06
330.965007	1dfff1
330.975942	1dfb39
330.985949	1dfb39
330.994724	1e37a0
331.006221	1dfb63
331.013816	1dfb39
331.021199	1e0ce2
331.028495	1e0cb0
331.035161	1e0ced
331.041895	1e0880
331.049682	1e0855
331.055341	1e0855
331.061356	1e0855
331.067108	1ce126bdc3c2
331.073249	1e0880
331.080658	1e0880
331.088555	1e0880
331.095641	1e0855
331.101833	1e0882
331.108528	1e0880
331.117075	1e0880
331.130640	1e0cb9
331.142454	1e0855
331.156245	1e0849
331.167746	1e0880
331.178335	1e0cd0
331.185429	1e0880
331.191308	1e0880
331.201754	1e0880
331.207597	1e0880
331.216659	1e0880
331.224541	1e0cd0
331.234997	1e0880
331.243620	1e0880
331.251811	1e0855
331.259930	1e0880
331.269419	1e0880
331.282668	1e0880
331.289623	1e0855
331.301594	1e0880
331.308961	1e0855
331.314622	1e0880
331.320128	1e0880
331.330832	1e0880
331.340934	1e0855
331.353027	1e0855
331.366093	1e0880
331.380851	1e0855
331.390054	1e0880
331.400744	1e0877
331.409778	1e0880
331.418678	1e0855
331.430276	1e0880
331.444822	1e0880
331.455054	1e0880
331.464071	1e0880
331.478849	1e0b5f
331.493400	1e0880
331.508131	1e0855
331.516914	1e0880
331.527863	1e0880
331.536948	1e0855
331.549197	1e0855
331.557330	1e0880
331.565535	1e0855
331.578363	1e081f
331.592716	1e0bd7
331.598890	1e0bf7
331.610795	1e0855
331.618969	1e0855
331.627027	1e0855
331.636689	1e0880
331.644776	1e0727
331.655772	1e0727
331.665045	1e0880
331.680006	1e0cb9
331.686482	1e0855
331.697284	1e0d5f
331.706712	1e0880
331.718904	1e0bf7
331.726058	1e0855
331.733245	1e0880
331.741238	1e0880
331.753803	1ce126bd967e
331.763970	1e085d
331.777308	1e0cb9
331.791715	1ce126bdc41b
331.803713	1e0882
331.810562	1e0882
331.822986	1e0cb9
331.828580	1e0880
331.842036	1e0855
331.856741	1ce126bd96c2
331.863575	1e0cb9
331.876126	1e0cb9
331.891249	1ce126bd9718
331.905997	1e0cb9
331.915248	1e0880
331.927381	1e0855
331.940787	1e0880
331.946464	1e0855
331.952002	1e0855
331.959336	1e0cd0
331.967425	1e0855
331.973380	1e0880
331.978696	1e0880
331.988139	1e0d5f
331.994988	1e0880
332.004742	1e085d
332.019281	1e0880
332.030198	1e0d5f
332.038884	1e0855
332.048449	1e0880
332.057535	1e0880
332.064341	1e0855
332.074890	1e0880
332.084685	1e0855
332.099102	1e0880
332.111458	1e0877
332.117916	1e0880
332.124435	1e0880
332.136936	1e0cd0
332.145586	1e0855
332.160178	1e0855
332.174737	1e0880
332.188138	1e0880
332.203019	1ce126bd967e
332.215309	1e0880
332.222808	1e0880
332.230471	1e0880
332.241990	1e0880
332.256725	1e0880
332.268386	1e079c
332.274321	1e086b
332.284945	1e0880
332.295488	1e0880
332.303133	1e0880
332.310199	1e0727
332.317115	1e0855
332.332239	1e0880
332.342878	1e0855
332.352836	1e0880
332.364769	1e0880
332.378128	1e0880
332.389669	1e0880
332.396741	1e0880
332.405653	1e0bf7
332.412305	1e0d5f
332.424003	1e0855
332.434961	1e0855
332.446013	1e0880
332.458284	1ce126bdc3b7
332.473045	1e0880
332.487791	1e0880
332.502683	1e0880
332.512584	1e0855
332.526660	1e0880
332.541240	1e0855
332.550643	1e0855
332.562322	1e0849
332.571568	1ce126bdc416
332.581146	1e0880
332.587983	1e0880
332.599064	1e0880
332.609226	1e0880
332.617454	1e0880
332.626601	1e0880
332.637490	1ce126bd96e6
332.644499	1e0855
332.658345	1e0727
332.672483	1e0880
332.684705	1e0880
332.695207	1e0882
332.702825	1e0cd0
332.710980	1e0855
332.724742	1e0880
332.730485	1e06ef
332.738314	1e0880
332.751439	1e0cd0
332.765671	1e0882
332.778925	1e075d
332.789659	1e0cb9
332.797470	1e0cb9
332.810674	1e0882
332.824069	1e0880
332.830616	1e0d39
332.840474	1e0880
332.846962	1e0727
332.860070	1e0880
332.873565	1e0cc3
332.879354	1e0880
332.890289	1e0880
332.902765	1e0880
332.912129	1e0880
332.926636	1e0767
332.932287	1e0855
332.946994	1e0cb9
332.952800	1e0880
332.965084	1e0855
332.975527	1e0880
332.983891	1e0880
332.997280	1e0880
333.006167	1e0855
333.013456	1e0880
333.025484	1e0d5f
333.038512	1e0cd0
333.047247	1e0cb9
333.060081	1e0880
333.074379	1e0882
333.082064	1e0855
333.092179	1e0cd0
333.097884	1e0855
333.105204	1e0855
333.115008	1e0880
333.129659	1e0727
333.144291	1e0880
333.157056	1e06e0
333.164997	1e0855
333.176885	1e0880
333.183365	1e0727
333.193673	1e0880
333.199583	1e0855
333.206187	1e0871
333.214711	1e0855
333.225142	1e0d65
333.235550	1e0880
333.247006	1e0880
333.256788	1e0880
333.262004	1e0880
333.275252	1e0882
333.288924	1e0cd0
333.300844	1e0880
333.312521	1e0ab4
333.321510	1e0855
333.327374	1e0880
333.340835	1e0cd0
333.351669	1e0880
333.360031	1e0880
333.375167	1e0880
333.388273	1e0880
333.396939	1e0880
333.407405	1e0880
333.414465	1e0880
333.419927	1e0880
333.428257	1e0880
333.442002	1e0880
333.447369	1e0882
333.462171	1e0cb9
333.469439	1e0855
333.475265	1e0cb9
333.486130	1e0880
333.493671	1e0880
333.502318	1e0bd7
333.517486	1e0880
333.531605	1e0bcf
333.546697	1e0855
333.559820	1e0cbb
333.566472	1e0727
333.574663	1e0880
333.587544	1e0880
333.595405	1e0855
333.610359	1e0b5f
333.621757	1e0855
333.628699	1e0880
333.641233	1e0855
333.648240	1e0855
333.659758	1e0727
333.666889	1e0880
333.679916	1e0880
333.694851	1e0855
333.702824	1e0880
333.712351	1e0855
333.717768	1e0880
333.728155	1e0855
333.737406	1e0880
333.748903	1e0880
333.762145	1e0880
333.772179	1e0d5f
333.779366	1e0882
333.784687	1e0855
333.793299	1e0855
333.802927	1e0727
333.811925	1e0727
333.823064	1e0880
333.835258	1e0727
333.844286	1e0855
333.855239	1e0880
333.867959	1e0880
333.873304	1e0880
333.888008	1e0882
333.898779	1e0855
333.904322	1e0855
333.915769	1e0855
333.922587	1e0855
333.930418	1e0880
333.944165	1e0880
333.949494	1e0880
333.960773	1e0855
333.966841	1e0855
333.977195	1e0cb0
333.987129	1e0882
333.999233	1e0d5f
334.009427	1e0882
334.021246	1e0880
334.030587	1e0880
334.040877	1e0880
334.053468	1e0880
334.065350	1e0855
334.071079	1e0855
334.083779	1e0880
334.096247	1e0880
334.110562	1e0855
334.121505	1e0d5f
334.131236	1e0880
334.139866	1e0880
334.154944	1e0855
334.160175	1e0855
334.165735	1e0880
334.176533	1e0855
334.187628	1e0bf7
334.200563	1e0855
334.207685	1e0882
334.216434	1e0880
334.223355	1e0880
334.230133	1e0880
334.242932	1e0880
334.256766	1e0855
334.269849	1e0855
334.284078	1e0d54
334.299036	1e0bba
334.304684	1e0855
334.314735	1ce126bd978e
334.326469	1e0880
334.336908	1e0855
334.344848	1e0855
334.353152	1e0cb9
334.361449	1e0855
334.369030	1e0880
334.378850	1e0880
334.387345	1e0855
334.400287	1e0880
334.409705	1e0855
334.424077	1e0cb0
334.433943	1e0855
334.446121	1e0880
334.453971	1e0880
334.466537	1e0855
334.477648	1e0855
334.485486	1e0727
334.498339	1e0880
334.509180	1e0882
334.522601	1e0880
334.534752	1e0855
334.547104	1e0880
334.553152	1e0882
334.562013	1e0880
334.574768	1e0855
334.582512	1e07e5
334.593450	1e0882
334.605602	1e0882
334.617481	1e0880
334.631279	1e0880
334.644722	1e0880
334.657887	1e0880
334.664067	1e0882
334.677023	1e0880
334.686023	1e0880
334.698461	1e0855
334.708235	1e0880
334.714371	1e0880
334.729287	1e0af9
334.742379	1e0882
334.750615	1e0727
334.762257	1e0880
334.769404	1e0880
334.775468	1e0880
334.784807	1e0855
334.797454	1e0880
334.802836	1e0880
334.814143	1e0cb9
334.820478	1e0855
334.830413	1e0bf7
334.844253	1e0bf7
334.854338	1e0880
334.865605	1e0880
334.873042	1e0880
334.885379	1e0880
334.895940	1e0855
334.906652	1e0880
334.916710	1ce126bd96ed
334.922194	1e0855
334.933443	1e0880
334.946324	1e0855
334.956257	1e0880
334.962105	1e06e0
334.976392	1e0811
334.991292	1e0880
334.999467	1e0cb9
335.005375	1e0880
335.016709	1e0880
335.023014	1e0855
335.038121	1e074f
335.051323	1e0882
335.059114	1e0880
335.064550	1e0880
335.072152	1e0855
335.080686	1e0880
335.094262	1e0880
335.107430	1e0855
335.115996	1e0855
335.123312	1e0855
335.129133	1e0880
335.140102	1e0855
335.150689	1e0cd0
335.162646	1e0880
335.173184	1e0880
335.188152	1e0855
335.201420	1e0855
335.208587	1e0855
335.221202	1e0880
335.228853	1e0855
335.235509	1e0855
335.248672	1e0880
335.261488	1e0ba1
335.266889	1e0cbe
335.281624	1e0727
335.288527	1e0880
335.293709	1e0880
335.302886	1e0727
335.316245	1e0727
335.329351	1e0bf7
335.336932	1e0880
335.342810	1e0727
335.356979	1e0cd0
335.365779	1e0cd0
335.371091	1e0855
335.385871	1e0855
335.399360	1e0cb0
335.414371	1e0882
335.419907	1e0727
335.432588	1e0855
335.447287	1e0855
335.455720	1e0cb9
335.462305	1e0880
335.470641	1e0855
335.478379	1e0880
335.493427	1e0880
335.504598	1e0880
335.515095	1e0880
335.529638	1e0880
335.544791	1e0880
335.555351	1e0880
335.561227	1e0855
335.574219	1e0855
335.579734	1e0882
335.586323	1e0880
335.596156	1e0882
335.605587	1e0855
335.612373	1e0880
335.626175	1e0880
335.631743	1e071f
335.640572	1e0880
335.646737	1e0855
335.661036	1e0880
335.668187	1e0cd0
335.680129	1e0855
335.694503	1e0855
335.709379	1e0880
335.716345	1e0880
335.722373	1e0880
335.729350	1e0880
335.741998	1e0cd0
335.750146	1e0855
335.760678	1e0727
335.772746	1e0727
335.787042	1e0727
335.799178	1e0880
335.812834	1e0855
335.824004	1e0880
335.829269	1e0855
335.842229	1e0754
335.857437	1e0880
335.867706	1e0cb9
335.876278	1e0880
335.887007	1e0cbe
335.899715	1e0880
335.910844	1e0855
335.922262	1e0855
335.933353	1e0880
335.940356	1e0880
335.954696	1e0855
335.963591	1e0880
335.975574	1e0855
335.982074	1e0880
335.996208	1e0880
336.008156	1e0880
336.016920	1e0880
336.029283	1ce126bd96d6
336.039208	1e0880
336.046362	1e07c3
336.060518	1e0880
336.072898	1e0880
336.080404	1e0880
336.088088	1e0cb9
336.095276	1e0880
336.103498	1e0855
336.111107	1e0cb9
336.119296	1e0855
336.130666	1e0880
336.143823	1e0880
336.152317	1e0880
336.158488	1e0882
336.165709	1e0855
336.178559	1e0880
336.191975	1e0880
336.197982	1e0880
336.212143	1e0880
336.223848	1e0880
336.230290	1f260e
336.241154	1e0cd0
336.252327	1e0880
336.259289	1e0855
336.272979	1e0880
336.282365	1e0880
336.292739	1e0727
336.304373	1e0880
336.313393	1e0855
336.328286	1e0855
336.337741	1e0880
336.348838	1e0855
336.360965	1e0855
336.375093	1ce126bd977f
336.383251	1e0855
336.388453	1e0855
336.395686	1e0880
336.407940	1e080d
336.422989	1e0855
336.432130	1e0855
336.447106	1e0855
336.457707	1e0880
336.464140	1e0b9d
336.469670	1e0880
336.484094	1e0855
336.498507	1e0727
336.513413	1e0855
336.525216	1e0855
336.530502	1e0855
336.544375	1e0880
336.558966	1e0855
336.569043	1e0880
336.574913	1e0727
336.588510	1e0880
336.602084	1e0880
336.611613	1e0d5f
336.621327	1e0bf7
336.634871	1e0880
336.641150	1e0880
336.648894	1e0855
336.655923	1e0855
336.666984	1e0cd0
336.673123	1e0855
336.684561	1e0880
336.696546	1e0880
336.707692	1e0855
336.715036	1e0880
336.724658	1e0880
336.737021	1e0727
336.746100	1e0880
336.759884	1e0880
336.768373	1e0855
336.778201	1e0855
336.791961	1e0882
336.801375	1e0bf7
336.812214	1e0880
336.824572	1e0855
336.836190	1e0880
336.844699	1e0855
336.850269	1e0cd0
336.856957	1e0880
336.871123	1e0880
336.885428	1e0855
336.893217	1e0855
336.905500	1e0855
336.915877	1e0880
336.930331	1e0bf7
336.938792	1e0bf7
336.945827	1e0882
336.957528	1e086b
336.970147	1e0bf7
336.976336	1ce126bdc3b7
336.989387	1e0d31
337.002398	1e0880
337.009902	1e0880
337.021031	1e0bf7
337.026296	1e0855
337.038310	1e0855
337.053629	1e0880
337.062942	1e0855
337.074073	1e0855
337.079312	1e0cd0
337.088381	1e0cb0
337.103537	1e0882
337.111406	1ce126bdc3c2
337.117797	1e0880
337.124050	1e0855
337.138566	1e0880
337.151489	1e0855
337.157241	1e0727
337.163018	1e0cb0
337.176697	1e0880
337.181906	1e0855
337.187837	1e0880
337.194185	1e0880
337.209192	1e0880
337.217142	1e0cb9
337.232255	1e0880
337.240341	1e0cd0
337.255298	1e0cb9
337.269215	1e0cb0
337.283950	1e0c13
337.292931	1e0880
337.302614	1e0bf7
337.313080	1e0855
337.318800	1ce126bdc416
337.326775	1e0880
337.341747	1e0855
337.355194	1e0855
337.368968	1e0880
337.374221	1e0880
337.385252	1e077a
337.396117	1e0880
337.406806	1e0880
337.413527	1e0880
337.424182	1e0855
337.438695	1e0718
337.453378	1e0880
337.459271	1e0882
337.471116	1e0880
337.484242	1e0880
337.494435	1e0880
337.508104	1e0bf7
337.518277	1e0bf7
337.528940	1e0880
337.541034	1e0727
337.547066	1e0880
337.560778	1e0d5f
337.574117	1e0882
337.582855	1e085d
337.593609	1e0880
337.602263	1e0880
337.615226	1e074f
337.625550	1e0880
337.635734	1e0cd0
337.650695	1e0880
337.661012	1e0855
337.675206	1e0855
337.681648	1e0855
337.695977	1e0855
337.709486	1e0bf7
337.715444	1e0cb0
337.721460	1e0880
337.727771	1e0d5f
337.738309	1e0855
337.745810	1e0855
337.752193	1e0880
337.759059	1e0880
337.766529	1e0880
337.775965	1e0855
337.785166	1e0cb9
337.800022	1e0855
337.808964	1e0880
337.814613	1e0880
337.829662	1e0855
337.844266	1e0880
337.853801	1e0880
337.866013	1e0855
337.879914	1e0bf7
337.893491	1e085d
337.901752	1e0bf7
337.912285	1e0855
337.924691	1e0855
337.936349	1e0855
337.950408	1e0880
337.964174	1e0b10
337.973488	1e0880
337.984813	1ce126bd8806
337.994784	1ce126bd8862
338.006635	1ce126bd8896
338.017889	1ce126bd8806
338.031544	1ce126bd8896
338.043396	1ce126bd8806
338.051094	1ce126bd8896
338.064264	1ce126bd8806
338.073510	1ce126bd8896
338.081670	1ce126bd8806
338.095262	1ce126bd8806
338.106694	1ce126bd8896
338.118859	1ce126bd8896
338.130807	1ce126bd8806
338.137436	1ce126bd887f
338.143844	1ce126bd8806
338.153590	1ce126bd8896
338.167001	1ce126bd887f
338.176064	1ce126bd8896
338.189613	1ce126bd8806
338.202030	1ce126bd8806
338.213246	1ce126bd8806
338.219900	1ce126bd8806
338.230818	1ce126bd8806
338.239247	1ce126bd887f
338.245213	1ce126bd8896
338.256571	1ce126bd8825
338.264370	1ce126bd86ee
338.276479	1ce126bd870f
338.289618	1ce126bd870f
338.301336	1ce126bd8896
338.312895	1ce126bd870f
338.320277	1ce126bd8862
338.327341	1ce126bd8709
338.335843	1ce126bd875f
338.345628	1ce126bd8709
338.360142	1ce126bd8896
338.374651	1ce126bd86d4
338.382783	1ce126bd86ee
338.393448	1ce126bd8806
338.403836	1ce126bd870f
338.415319	1ce126bd8862
338.429371	1ce126bd887f
338.438537	1ce126bd8709
338.449717	1ce126bd86e9
338.455559	1ce126bd8862
338.466971	1ce126bd870f
338.479247	1ce126bd88a5
338.485498	1ce126bd88bf
338.495335	1ce126bd870f
338.509560	1ce126bd86f2
338.521759	1ce126bd870f
338.528120	1ce126bd870f
338.538473	1ce126bd8862
338.551803	1ce126bd870f
338.559591	1ce126bd870f
338.569110	1ce126bd8806
338.580168	1ce126bd870f
338.586441	1ce126bd8916
338.598071	1ce126bd88a8
338.604812	1ce126bd8899
338.611674	1ce126bd870f
338.622362	1ce126bd8806
338.634634	1ce126bd8709
338.649317	1ce126bd887f
338.659857	1ce126bd870f
338.667829	1ce126bd8920
338.673677	1ce126bd870f
338.681995	1ce126bd875b
338.691968	1ce126bd870f
338.698255	1ce126bd8806
338.705381	1ce126bd8806
338.717694	1ce126bd870f
338.731863	1ce126bd8867
338.746945	1ce126bd870f
338.761932	1ce126bd870f
338.771992	1ce126bd870f
338.784121	1ce126bd870f
338.795009	1ce126bdaed6
338.802628	1ce126bdb55c
338.814078	1e1a06
338.819843	1e0cb0
338.829324	1ce126bdae2f
338.840750	1dfb39
338.848353	1dfb39
338.860624	1e1a06
338.874163	1eb5ef
338.879698	1e1a06
338.888366	1dfe97
338.897982	1eb735
338.912241	1dfb39
338.923817	1dfb63
338.929772	1dfb63
338.939150	1e1a06
338.950242	1e9e19
338.959737	1dfb39
338.968877	1ce126bdb74c
338.983017	1ce126bdb754
338.997570	1eb605
339.004321	1dfb39
339.013284	1e1a06
339.026407	1e1a06
339.034843	1ce126bdb560
339.046622	1ce126bdb560
339.060730	1dfb39
339.068980	1dfb39
339.077062	1ea549
339.085161	1e379a
339.098328	1dfb39
339.111117	1e93dd
339.122450	1dfb39
339.132334	1dfad6
339.145569	1e1a06
339.157718	1dfb39
339.169138	1dfb63
339.180106	1dfb39
339.192167	1dfb39
339.197471	1e379a
339.208735	1dfb39
339.214295	1e379a
339.222527	1dfb39
339.228854	1eb549
339.241829	1dfb39
339.252095	1dfb39
339.265066	1ce126bd870f
339.272925	1ce126bdb560
339.285779	1ce126bdb754
339.295168	1dfb39
339.308604	1dfb39
339.316252	1dfb39
339.330378	1e0cb0
339.337911	1dfb63
339.351345	1e1801
339.357162	1ed88f
339.370388	1dfb39
339.378121	1e1a06
339.387678	1ebda8
339.401128	1ebda8
339.410219	1e15b5
339.424576	1e1a06
339.434748	1dff05
339.449716	1e9417
339.462285	1eb860
339.476717	1e383c
339.482159	1dfb39
339.487450	1ce126bda97f
339.501889	1e1a06
339.514461	1e18ec
339.524578	1e1a06
339.536901	1dfb39
339.544618	1dfb39
339.551426	1ce126bdb560
339.558487	1ce126bdb560
339.572053	1dfb39
339.583527	1eb879
339.598339	1dfb63
339.608949	1e1a06
339.615337	1e1a06
339.623396	1e1a06
339.635385	1e1a06
339.642583	1dfb39
339.650157	1ed831
339.662616	1e379a
339.671924	1dfb39
339.687037	1dfb63
339.695552	1e379a
339.704711	1ce126c55bcb
339.715589	1e1a06
339.724295	1dfce1
339.729743	1ce126bda970
339.738037	1e1a06
339.753198	1e1a06
339.764277	1dfb39
339.772652	1dfb39
339.777979	1e274c
339.789902	1dfb39
339.797799	1e1a06
339.809349	1e1a06
339.822547	1e379a
339.834887	1dfdd5
339.843690	1dff05
339.852136	1e1a06
339.860476	1e9417
339.870776	1dfb39
339.881073	1e379a
339.893136	1dfb63
339.901548	1dfb39
339.912716	1e1a06
339.920643	1dfb39
339.932530	1e1a06
339.940599	1e15b5
339.949257	1dfb39
339.956096	1e1a06
339.967918	1e1a06
339.975402	1ce126bdc089
339.982172	1e1a06
339.990875	1dfb63
340.004590	1e1a06
340.011147	1e3827
340.020592	1eb5b9
340.027452	1e386a
340.037179	1e1a06
340.051931	1dfb39
340.059338	1dfb39
340.069045	1dfb39
340.078577	1eb569
340.087051	1eb5d5
340.098370	1ce126bdadcb
340.107489	1dff6a
340.121236	1ce126bdb340
340.131844	1e1a06
340.145207	1dfb39
340.156763	1e1a06
340.169158	1ebdaf
340.179616	1e1a06
340.189370	1dfb39
340.201927	1dfb39
340.211083	1dfb63
340.222998	1e15b5
340.231423	1dfb63
340.244466	1e379d
340.256608	1dfb39
340.265823	1ebda8
340.280745	1eb770
340.286791	1dfec3
340.292391	1e1a06
340.302121	1e1a06
340.317149	1dfb39
340.330957	1e1a06
340.341200	1e379a
340.349318	1dfb39
340.354783	1ea578
340.369016	1dfb39
340.375551	1dfb39
340.387354	1e948f
340.398539	1dfb63
340.405745	1e1a06
340.418329	1e1484
340.429357	1dfb39
340.440620	1ce126bdb560
340.449311	1dfb39
340.458017	1ce126bdb560
340.467098	1dfb39
340.480758	1ed3cd
340.490196	1dfb39
340.501779	1dfb39
340.513799	1e1a06
340.524489	1dfb63
340.531250	1ebd54
340.539093	1dfb63
340.544525	1e379a
340.559420	1dfb63
340.569062	1eb5d5
340.575798	1ce126bdad34
340.584331	1e18f3
340.598649	1e1a06
340.610204	1ce126bdaefd
340.615442	1dfd9b
340.627113	1e379a
340.638452	1dff05
340.651751	1dfb39
340.661687	1dfb39
340.667648	1dff6a
340.681605	1e1a06
340.689380	1e1a06
340.703775	1dfb63
340.710139	1e948f
340.715898	1dfb63
340.727156	1e379a
340.736394	1dfca9
340.741991	1ea537
340.750348	1dfa7a
340.760825	1ce126bdadcb
340.775690	1dfb63
340.782939	1ce126bdb754
340.790935	1e1a06
340.802250	1dfb63
340.810946	1e1a06
340.820119	1e1a06
340.828896	1ce126bdc060
340.837760	1e379a
340.850092	1dfb39
340.856708	1dfb39
340.867120	1eb62f
340.876898	1dff05
340.883545	1eaa43
340.894229	1e379a
340.901880	1e95d0
340.915778	1dfb39
340.921615	1dff24
340.936148	1dfb39
340.945376	1dfde0
340.952181	1e18cb
340.964935	1e1a06
340.971660	1e5001
340.985991	1dfb63
340.995126	1dfb39
341.005273	1dfb63
341.017737	1e1626
341.028245	1e15b5
341.040716	1e1a06
341.047255	1e1a06
341.053000	1dfb39
341.067772	1dfb39
341.073357	1ea83e
341.087443	1dfb39
341.098664	1ebdaf
341.109038	1e1a0b
341.116085	1e379a
341.125728	1e379a
341.136709	1dff24
341.144852	1eb587
341.157964	1e92b6
341.167427	1dfb63
341.174404	1e1a06
341.185852	1e379a
341.194706	1e1a06
341.207156	1e379a
341.217020	1dfb39
341.227185	1dfb63
341.239088	1eb605
341.254203	1ce126bdb046
341.265825	1dfb39
341.280819	1dfb39
341.293819	1dfb39
341.304089	1dfb63
341.312993	1dfdd5
341.320928	1e94ec
341.335640	1dfb63
341.347402	1dfb63
341.361689	1ed831
341.376525	1e1a06
341.383522	1e1a06
341.395678	1e1a06
341.407685	1e1a0b
341.418149	1ce126bdb754
341.431474	1dfb63
341.444874	1dfb39
341.458256	1ebcfe
341.468270	1ebcd5
341.474691	1dfb39
341.485704	1dfb39
341.499962	1dfb39
341.506195	1dfb41
341.519593	1dfb39
341.526575	1e379a
341.540716	1dfb39
341.551378	1dfb39
341.562934	1eb605
341.569311	202941
341.577706	1ea885
341.592037	1dfb63
341.599742	1dfb39
341.614332	1dfb39
341.621413	1e379a
341.628967	1ce126bdb754
341.642985	1e1a06
341.654651	1dfb39
341.665365	1dfb41
341.670937	1e9505
341.677221	1e03f4
341.685473	1eb6a6
341.692706	1dfb39
341.699105	1e3780
341.705346	1e1a0b
341.711076	1dfb39
341.723894	1e1a06
341.729119	1ce126bdb754
341.735665	1eaa43
341.750181	1e1a06
341.758202	1dfb39
341.765551	1dfb39
341.774579	1ce126bdb754
341.789543	1dfb39
341.795122	1e379d
341.807237	1dfb39
341.816487	1e1a06
341.826970	1dfb63
341.834273	1dfb63
341.849111	1dfb39
341.860578	1dfb39
341.866356	1dfdd5
341.878684	1dfb63
341.889623	1dfb63
341.904340	1dfb39
341.916598	1ce126cd7891
341.926111	1dfb63
341.931341	1dfb39
341.941407	1dfb39
341.952792	1dfb39
341.965046	1e1a06
341.970802	1e379a
341.982155	1ce126bdb560
341.990649	1e1a06
342.003260	1ebdaf
342.009186	1ebdaf
342.015851	1ebdaf
342.022135	1eb5ff
342.035099	1dfb39
342.040675	1dfb39
342.047168	1e192b
342.057464	1dfb63
342.065994	1e1a06
342.072895	1dfb39
342.083572	1dfb63
342.095271	1e1a06
342.102426	1dfb39
342.113625	1e0cb0
342.119313	1e1a06
342.133582	1e379a
342.142090	1e1a06
342.151803	1eb5d5
342.162804	1e3780
342.177356	1e1a06
342.189912	1dfb39
342.204450	1dfb39
342.212830	1eb592
342.220582	1e948f
342.234145	1dfb39
342.242266	1e928d
342.257105	1dfb63
342.266151	1e379a
342.280285	1e92b2
342.293587	1e9318
342.304691	1dfb39
342.317979	1dfb39
342.326595	1e1a06
342.340263	1dfb39
342.353671	1dfb63
342.364114	1dfb39
342.379062	1ebd1a
342.392461	1e1a06
342.398588	1e1a06
342.412669	1e1a06
342.419162	1eb84e
342.424740	1dfb39
342.432546	1e1a06
342.441067	1dfb39
342.454080	1dfb71
342.468615	1dfb39
342.480407	1e19bb
342.490324	1dfb39
342.504361	1dfb39
342.511291	1eb514
342.525905	1e1a06
342.534716	1dfb63
342.539902	1dfb39
342.550198	1dfaf0
342.562024	1dfb39
342.575544	1dfb39
342.588735	1dfb39
342.603012	1ed858
342.608839	1e1a06
342.623423	1dfb63
342.633407	1dfb63
342.641124	1dfdd5
342.653824	1eb558
342.663399	1dfb39
342.672173	1e379a
342.679446	1dfb39
342.688805	1ce126bdb560
342.694924	1e1a06
342.705082	1dfb63
342.719830	1e1a06
342.726596	1dfb63
342.736892	1dfb39
342.743833	1e1a06
342.751088	1dfb63
342.764700	1e93dd
342.772736	1ed805
342.780413	1eb6c4
342.790048	1dfb63
342.802334	1e15b5
342.813303	1e1a06
342.827138	1dfb39
342.840113	1dfb39
342.849998	1dfb39
342.859915	1dfb63
342.867300	1e1a06
342.873341	1dfb63
342.881226	1dfb39
342.889431	1e1a06
342.898469	1e1a06
342.904948	1dfae6
342.911649	1ebda8
342.921702	1ebdaf
342.936829	1dff05
342.947533	1dfb39
342.958355	1e1a06
342.967421	1e379a
342.974560	1dfb39
342.984124	1dfb71
342.992409	1dfb39
342.997591	1ce126bdb754
343.003753	1dfb39
343.009120	1e500f
343.018535	1dfb39
343.026494	1e15b5
343.035950	1e1a06
343.047720	1dfb63
343.052983	1e3786
343.064523	1dfb39
343.074884	1dfb39
343.085761	1e1a06
343.097341	1dfb39
343.108388	1dff05
343.122395	1e1a06
343.132987	1e1a06
343.140862	1e1a06
343.150611	1dfb39
343.159765	1ce126bdad46
343.165211	1e1a06
343.174900	1dfb39
343.185944	1ce126bdb754
343.194692	1e194e
343.202735	1dfafe
343.215763	1dfb63
343.230144	1dfb63
343.236836	1e1484
343.245020	1e1a06
343.259074	1e93dd
343.267601	1e1a06
343.279658	1e15df
343.293649	1e9260
343.304083	1dfb63
343.309342	1dfb39
343.322478	1dfb63
343.333817	1dfb63
343.346026	1eb681
343.356554	1e1a06
343.370866	1e18df
343.383364	1e1a06
343.395511	1ce126cd7880
343.404012	1e379a
343.417798	1dfb39
343.429368	1eb605
343.435711	1eb5dd
343.447520	1ebd72
343.459801	1dfb39
343.474789	1e1a06
343.488992	1e1a06
343.498495	1dfb39
343.509114	1dfb39
343.518509	1dfb39
343.531345	1dfb63
343.543483	1e379a
343.558033	1dfb39
343.564943	1dfb39
343.579732	1eb605
343.586962	1dfde4
343.593956	1dfb39
343.600222	1e1a06
343.611925	1dfb39
343.621977	1ce126bdb560
343.628096	1eb86c
343.637813	1e1a06
343.652832	1e1a06
343.665579	1ed88f
343.672496	1e0cb0
343.686319	1eb5aa
343.695400	1dfac8
343.708614	1dfb39
343.714207	1dfb39
343.724948	1dfb63
343.735765	1e379a
343.749749	1eb860
343.764941	1dfb39
343.778380	1dfb39
343.785155	1e1a06
343.790791	1eb5d5
343.801306	1ebdaf
343.814272	1dfb39
343.825327	1dfde4
343.834457	1dfb63
343.847311	1dfb63
343.853849	1eb7f4
343.866108	1e1a06
343.876591	1e9505
343.886666	1dfb63
343.895986	1e9302
343.908090	1dfb63
343.922952	1e1a06
343.928307	1dfb39
343.935692	1e1a06
343.949776	1ce126bdc174
343.963706	1dfb39
343.976641	1eb5d5
343.985823	1dfb39
343.994987	1ea533
344.003863	1e9d6a
344.017164	1e951d
344.031359	1e9581
344.046497	1dfb39
344.060302	1e1a06
344.073673	1dfb39
344.082827	1e5062
344.094294	1dfb39
344.104149	1dfb39
344.113311	1dfb63
344.122546	1e0cb0
344.136901	1dfb39
344.148282	1e1529
344.154144	1dfb39
344.161659	1e970a
344.175136	1dfb39
344.185445	1dfb39
344.190828	1dfb39
344.200064	1dfb63
344.212070	1dfb63
344.217554	1dfb63
344.228175	1e379a
344.234145	1ebd68
344.247397	1dfb87
344.260447	1dfb39
344.268732	1e1a06
344.278534	1e1a06
344.291496	1e1a06
344.297012	1e1a06
344.304961	1e1a06
344.313060	1e1a06
344.327970	1eb860
344.334134	1e1426
344.341126	1eb5d5
344.354803	1ea93e
344.363822	1e379a
344.369153	1dfb39
344.376649	1eb754
344.384262	1e1a0b
344.396576	1e0ce8
344.405948	1e1a06
344.411269	1dfe86
344.421201	1dfb63
344.436278	1ed3b5
344.449136	1e386a
344.458319	1dfb39
344.469968	1dfb39
344.484356	1dfe23
344.492337	1e15b5
344.506656	1dfb63
344.512642	1e1a06
344.523244	1e1a06
344.535637	1ea71e
344.542771	1e379a
344.554813	1e1a06
344.565713	1dfb39
344.575875	1ce126bdb560
344.588038	1eb5ae
344.598906	1dfb39
344.606963	1e1a06
344.612660	1dfb39
344.621048	1dfb39
344.633220	1dfb63
344.641051	1eb5d5
344.648316	1dfb63
344.656324	1eb5d5
344.669929	1e1a06
344.678856	1dfb39
344.684694	1dff38
344.694053	1ebdaf
344.705825	1ce126bdc167
344.717883	1eb5d5
344.727665	1ce126bdb376
344.738155	1e379a
344.745500	1e1a06
344.759319	1e37a0
344.767060	1e1a06
344.773618	1e9d9b
344.779303	1e1a06
344.784950	1ea7e3
344.792849	1e1a06
344.802311	1e1a06
344.814000	1dfb41
344.823805	1eb5d5
344.834815	1dfb39
344.849545	1dfb71
344.858256	1e9da5
344.865392	1e1a06
344.878597	1dfb39
344.889505	1dfb39
344.900399	1dfb39
344.909818	1e1484
344.924677	1e1a06
344.935701	1dfb39
344.945833	1e9449
344.952781	1e1a06
344.960302	1ce126bdb560
344.966897	1eb5d5
344.977525	1e15b5
344.982865	1dfb39
344.997564	1dfb39
345.004275	1dfb63
345.017347	1dfb63
345.031031	1e1a06
345.036748	1ed847
345.042315	1dfb39
345.054848	1dfb39
345.062631	1dfb39
345.070723	1dfb39
345.081745	1e379a
345.091419	1dfb63
345.101702	1dfb39
345.116132	1eb5dd
345.122026	1dfb63
345.135111	1dfb63
345.142270	1dfb39
345.155731	1e379a
345.166582	1e1a06
345.177395	1e1a06
345.186343	1e1a06
345.195559	1e37c3
345.207030	1eb5d5
345.221568	1dfb39
345.232464	1e1484
345.243279	1dfb39
345.251891	1e1a06
345.266864	1dfb41
345.272264	1dfb39
345.282016	1dfb39
345.290166	1eb5ae
345.301151	1e1a06
345.312200	1e1a06
345.317926	1e4fd8
345.323202	1e0cb0
345.336622	1dfb39
345.351479	1dfb63
345.361602	1eb5d5
345.373751	1dff05
345.386885	1dfb39
345.393350	1e15d6
345.405256	1dfb34
345.410636	1dfb63
345.420323	1eb5d5
345.429234	1e379a
345.437712	1dfb39
345.451161	1dfb39
345.458601	1dfb63
345.466336	1dfb63
345.472401	1ed29a
345.486793	1dfb39
345.492712	1dfb39
345.503430	1dfb97
345.513402	1e1a06
345.521119	1dfb39
345.529923	1dfb63
345.535370	1dfb63
345.550530	1dfb39
345.564621	1e37c7
345.575703	1ce126bdb376
345.584694	1dfb39
345.597714	1ebdaf
345.610447	202a0b
345.620517	1dfb39
345.626483	1dfb39
345.632334	1dfb39
345.644279	1dfb39
345.649514	1dfb02
345.657496	1dfb39
345.666146	1e1a06
345.677110	1e379a
345.683905	1dfb39
345.691570	1dfb63
345.703258	1ce126bdb3a1
345.715466	1ebd0c
345.723748	1dfb63
345.738673	1dfb39
345.747695	1e1a06
345.760351	1dfae9
345.768201	1dfb39
345.779529	1e1a06
345.788003	1dfb39
345.798047	1eb5d5
345.810157	1e1a06
345.818459	1dfb39
345.826617	1e504a
345.835256	1ed293
345.843908	1dfb39
345.855086	1dfb63
345.868231	1dfb39
345.875654	1e1a06
345.881806	1e19d8
345.892201	1dfb39
345.906017	1eb6d1
345.916867	1dfb63
345.927949	1dfe97
345.939644	1dfb39
345.946928	1e1a06
345.954707	1dfac8
345.965351	1dfb39
345.974311	1e1a06
345.979620	1e1a06
345.988575	1eb592
345.997365	1dfb63
346.008618	1dfb63
346.023483	1dfb39
346.031513	1dfb63
346.037611	1dfb39
346.046697	1dfb71
346.055830	1ce126bdaddd
346.066663	1dfb39
346.073399	1e379a
346.085349	1dff73
346.100361	1e1a06
346.109114	1ce126bdb3a1
346.123357	1dfb39
346.129054	1ebd54
346.135709	1ce126bdb3b0
346.145775	1dfde4
346.160464	1e1a06
346.173495	1dfb41
346.181868	1dfe97
346.191288	1dfb39
346.202210	1dfb39
346.211780	1e1644
346.226552	1e5001
346.234499	1dfb39
346.245081	1dfb63
346.258929	1dfb39
346.268210	1dff24
346.282540	1dfb39
346.287882	1dfb39
346.302057	1e1a06
346.316490	1dfb63
346.328372	1e1484
346.336765	1ce126bdaf07
346.350106	1e1a06
346.357773	1dfb39
346.372227	1e1a06
346.381571	1ce126bdb340
346.393220	1dfb63
346.407981	1dfb39
346.418553	1ce126bdb036
346.424219	1e1a06
346.432702	1dfb63
346.445494	1dfb63
346.457085	1dfb39
346.469040	1dfb63
346.484003	1dfb39
346.491226	1e1581
346.499516	1e1a06
346.509378	1ebdaf
346.519843	1eb5d5
346.527471	1e1a06
346.540824	1dfb7e
346.549617	1dfb39
346.558308	1e3844
346.566780	1e274c
346.577520	1e15b5
346.586047	1dfb63
346.597221	1dfb39
346.610464	1dfcdb
346.615842	1e379a
346.622572	1e1a06
346.628262	1e1a06
346.636393	1dfb63
346.648512	1dfb39
346.655230	1dfb39
346.667227	1dfb63
346.673571	1dfb63
346.685455	1dfb71
346.700487	1e1a06
346.706945	1e1a06
346.721151	1e1a06
346.732991	1dfb39
346.743163	1e1a06
346.750741	1dfe86
346.756054	1e1a06
346.762339	1ce126bdaed2
346.768756	1dfb39
346.779730	1ed88f
346.791752	1e191b
346.801930	1e379d
346.809606	1dfb63
346.822254	1dfb39
346.831928	1e15b1
346.837222	1dfb39
346.850162	1e1a06
346.858875	1eb5d5
346.868194	1dfb63
346.876276	1eb5d5
346.884125	1e379a
346.895258	1dfb39
346.908018	1dfb39
346.916163	1dfb39
346.923245	1dfde4
346.935135	1e1a06
346.940393	1dfb39
346.949800	1dfb39
346.959164	1dfb63
346.964372	1dfb63
346.972050	1dfb39
346.982533	1dfb39
346.991104	1eb605
346.998205	1dfb39
347.006024	1dfb63
347.012375	1dfb39
347.021103	1ce126bdc167
347.031303	1dfb39
347.040411	1dfb39
347.054553	1ebdaf
347.062343	1e1a06
347.076622	1ce126bdb3b0
347.085399	1e1a06
347.093862	1e039b
347.102309	1ebd81
347.110343	1e1956
347.125186	1e1a06
347.131622	1ea70f
347.138271	1e9260
347.145340	1dfb39
347.159743	1ea56a
347.173781	1e1a06
347.188573	1dfb63
347.197669	1e92b6
347.205258	1dfb71
347.212973	1dfb39
347.225487	1e1a06
347.236462	1e1a06
347.247421	1e1a0b
347.253906	1dfb71
347.260474	1dfde4
347.272771	1e1a1c
347.282580	1dfb39
347.293989	1ce126bdc167
347.302370	1e1956
347.315466	1dfb82
347.328855	1dfb39
347.338798	1dfb39
347.351528	1ebd54
347.361690	1ebdb5
347.369839	1e92c3
347.379759	1e1a0b
347.392710	1dfb63
347.401612	1dfb63
347.411554	1dfb39
347.417039	1dfb63
347.429035	1dfb39
347.437690	1e1a06
347.448955	1eb605
347.460877	1ebda8
347.468094	1e3781
347.481564	1ce126bdaacf
347.494771	1dfb39
347.505002	1dfb39
347.514690	1e9d94
347.526905	1e19aa
347.540073	1dfb1c
347.551966	1e9d7f
347.561321	1ec654
347.567139	1dfb39
347.573414	1e1a06
347.580750	1e94ab
347.595439	1dfcd7
347.609484	1e1a06
347.615276	1dfb63
347.628611	1dfb39
347.635353	1e1a06
347.650060	1eb860
347.656443	1e1a06
347.668974	1ea80b
347.674409	1ea80b
347.683736	1e1a06
347.691386	1ed2db
347.698973	1dfb39
347.711060	1e1a06
347.723757	1dfb39
347.729524	1ce126bdad30
347.744153	1dff05
347.751983	1dfb63
347.759229	1e1a06
347.768792	1e153b
347.777596	1dfb63
347.791302	1ce126bdc06f
347.801877	1dfb39
347.814931	1e19e5
347.825297	1dfb39
347.835783	1eb84e
347.842825	1dfb39
347.852714	1dfb39
347.866362	1e5051
347.877437	1dfb39
347.882832	1e929d
347.891284	1e1a06
347.897799	1e1a06
347.909957	1dfb39
347.922156	1dfb39
347.931138	1dfb39
347.943789	1e93dd
347.955874	1e379a
347.968650	1e3867
347.982820	1dfb63
347.993351	1eb879
348.002454	1eb5a0
348.012050	1dfb63
348.021054	1e1a06
348.034019	1dfb39
348.043940	1dfb39
348.052632	1dfb39
348.065879	1dfb39
348.073362	1eb5d5
348.088501	1dfb39
348.102116	1e1a06
348.114327	1e1a06
348.124505	1ebced
348.138216	1e1484
348.148865	1e3848
348.159917	1e3871
348.166183	1dfb39
348.177108	1e96f7
348.183766	1dfb63
348.189572	1e1a06
348.200794	1e9dbd
348.213948	1ea71b
348.220360	1ed2fd
348.228764	1dfb63
348.236648	1dfb39
348.247139	1ed83c
348.259769	1dfb63
348.266478	1dfb39
348.278071	1dfb39
348.292485	1e1484
348.299803	1e1a06
348.307688	1dfb39
348.322674	1e1a06
348.328960	1eb6be
348.340089	1dfb39
348.351420	1dfb39
348.359553	1e1a06
348.368718	1dfb39
348.382839	1e1a06
348.392164	1dfb71
348.401151	1ebd60
348.410748	1dfb63
348.417927	1dfb39
348.427091	1e93dd
348.441906	1dfb39
348.449992	1dfb63
348.459924	1dfb39
348.474012	1dfb39
348.483283	1dfb71
348.490042	1dfb39
348.495378	1dfb39
348.505351	1ebda8
348.513546	1dfb39
348.525254	1dfb39
348.537250	1ce126bdaeb4
348.548534	1ce126bdaeec
348.563096	1e1a06
348.569289	1e1a06
348.575542	1e1a06
348.586069	1e03f4
348.596439	1dfb39
348.606623	1ea77b
348.614231	1e1a06
348.627483	1e1e87
348.642693	1e1a06
348.657527	1dfb39
348.669058	1dfb63
348.682469	1dfcdb
348.696219	1eb62f
348.705566	1dfb39
348.720276	1e379a
348.726963	1e3871
348.737268	1e1a06
348.743685	1dfb63
348.752640	1e1a06
348.761921	1dfb39
348.770289	1dfb39
348.776913	1e1a1e
348.792175	1dfb39
348.802138	1dfb39
348.811654	1dff05
348.822104	1dfb63
348.830861	1ebd4f
348.841106	1ce126bdb036
348.855634	1dfdd5
348.866964	1e1a06
348.875812	1dfb39
348.890962	1dfb63
348.905200	1e1a06
348.919524	1dfaa9
348.927267	1dfb39
348.939350	1dfb71
348.947565	1e9302
348.955633	1ce126bdb386
348.963830	1dfb39
348.974330	1dfb63
348.989308	1dfb39
349.003530	1e379a
349.018329	1dfb39
349.025851	1dfb39
349.031287	1dfb63
349.041926	1dfde4
349.051958	1e1a06
349.064305	1dfb39
349.078126	1dfb63
349.085114	1e1e87
349.093144	1e1484
349.102531	1ce126bdaabf
349.117254	1e1484
349.126355	1dfb39
349.137015	1eb605
349.151489	1e0cde
349.158237	1dfb39
349.170552	1e1a06
349.179420	1dfb39
349.187537	1dfb39
349.196900	1dfb39
349.211580	1dfb39
349.224958	1ea58a
349.230929	1e1a06
349.239104	1dfb39
349.247467	1dfb39
349.258962	1e379a
349.268328	1ce126bda970
349.278676	1e9628
349.290886	1dfb39
349.296142	1dfb63
349.310800	1dfb39
349.318879	1e1a06
349.328728	1ce126bdb870
349.338381	1dfb39
349.346826	1dfb39
349.360706	1e9d82
349.369139	1ed83c
349.374620	1ce126bdb870
349.384572	1dfb63
349.399630	1eb5d9
349.410708	1dfb39
349.420277	1e15b5
349.433597	1ce126bdb870
349.439972	1dfb39
349.452983	1dfb63
349.460322	1e1f42
349.474758	1e1a06
349.484913	1dfff1
349.496481	1dfb63
349.510397	1e1f37
349.519631	1e3863
349.533052	1e1f37
349.544937	1dfb39
349.557266	1dfb71
349.564523	1dfff1
349.572780	1dfb63
349.586977	1dfb63
349.599287	1dfdb0
349.609387	1dfdd5
349.622035	1e03d9
349.634414	1ebda8
349.641533	1ebda8
349.650225	1ebda8
349.658952	1dfb39
349.668879	1eb574
349.681169	1e1a06
349.688532	1dfb39
349.699038	1dfb63
349.706130	1e1a06
349.713635	1e1a06
349.723932	1dfff1
349.729569	1dfb39
349.740512	1ce126bdb870
349.745879	1dfb63
349.755850	1e1484
349.765405	1ea591
349.773991	1dfb63
349.781753	1ce126bdb418
349.793412	1e1a06
349.804859	1dfb63
349.815504	1dfb39
349.829756	1dfff1
349.839203	1e1f37
349.852837	1dfb63
349.866879	1dfb39
349.875273	1dfb63
349.888291	1dfff1
349.899515	1ce126bdb870
349.911319	1e1a06
349.920465	1ea58a
349.935379	1e002f
349.945919	1e929d
349.957044	1dfb63
349.970895	1e1a06
349.979124	1dfde4
349.989721	1e1a06
350.004784	1ce126bdadfa
350.010207	1dfb63
350.018267	1dfb39
350.032849	1ce126c5197b
350.046848	1dfb63
350.056429	1dfb63
350.068970	1ed3ec
350.077203	1dfb39
350.082744	1dfb39
350.088302	1dfb39
350.096615	1dfff1
350.103634	1e379d
350.116609	1dfb63
350.128883	1dfb63
350.137385	1ebda8
350.147439	1eb713
350.153552	1e1484
350.160286	1e03d9
350.168825	1dfb63
350.182312	1dfb39
350.196925	1e1a06
350.204303	1dfb39
350.213568	1e156f
350.225214	1dfff1
350.236894	1e1f37
350.251097	1e0072
350.262870	1dfb63
350.273197	1dfb63
350.278401	1dfb63
350.289007	1dfb63
350.301624	1ebda8
350.308464	1dfb63
350.314868	1dfb63
350.328214	1dfb39
350.340157	1dfb39
350.345937	1dfff1
350.358855	1dfff1
350.367078	1e1a06
350.380412	1ebda8
350.388282	1dfb39
350.402843	1dfe97
350.408088	1dfff1
350.419068	1e1f37
350.430760	1e1a06
350.437016	1e1a06
350.449506	1e1a06
350.463019	1ebda8
350.473055	1e1eef
350.486350	1dfb39
350.499401	1dfb39
350.508107	1e0072
350.517820	1eb5d5
350.523293	1e1e94
350.538211	1dfb39
350.552154	1dfb39
350.562915	1dfb63
350.568350	1dfb39
350.574240	1e0072
350.587842	1e9d8d
350.595580	1e1a06
350.602005	1dfb39
350.614430	1dfff1
350.621282	1e1f37
350.628306	1e1f37
350.642433	1e1f37
350.652404	1e1eef
350.662757	1dfb63
350.672324	1dfff1
350.679141	1e1f37
350.689133	1dfff1
350.703003	1ebcf0
350.715822	1eb605
350.727310	1e1f42
350.732908	1dfff1
350.744247	1e1f42
350.757233	1e1f37
350.766699	1e1e8a
350.772573	1e1efe
350.785980	1e1f37
350.796930	1e1f37
350.804198	1e1f37
350.811380	1e1f42
350.820887	1e1f37
350.832630	1e1f37
350.846611	1e1f42
350.854185	1e1ea6
350.863143	1e1a06
350.876896	1dfb39
350.886879	1e15b5
350.892917	1e383c
350.907602	1dfb39
350.919653	1dfb39
350.926875	2029eb
350.933339	1e1a06
350.942000	1dfff1
350.949616	1e1a06
350.962572	1e1a06
350.969319	1e1a06
350.978777	1dfb39
350.992318	1dfb39
351.002097	1e1a06
351.011990	1dfb39
351.019060	1dfb63
351.029813	1dfff1
351.035907	1e1a06
351.044181	1e1a06
351.051790	1ed888
351.059168	1dfb39
351.073684	1dfb63
351.083971	1dfb41
351.092662	1dfb63
351.107421	1e1a06
351.117938	1ebdaf
351.129128	1ebdaf
351.142181	1ebdaf
351.151529	1eb616
351.160232	1e1a06
351.169759	1eb581
351.183953	1dfff1
351.191350	1dfb39
351.202630	1e1a06
351.208727	1e1a06
351.218837	1ce126bdc0a1
351.226825	1e002f
351.234709	1dfb39
351.242429	1e1a06
351.248526	1ce126bdae57
351.255742	1e1a06
351.269677	1eb577
351.282530	1ce126cd78ae
351.292961	1ea71b
351.305596	1dfb39
351.312198	1ce126cd810a
351.321474	1dfb63
351.335209	1e1f37
351.346013	1ed888
351.359946	1dfb63
351.368974	1dfb39
351.384322	1e0033
351.398260	1e379a
351.412196	1e15f9
351.426113	1dfb39
351.432054	1ed888
351.443526	1ebda8
351.457369	1eb605
351.463134	1e1a06
351.474073	1e15b5
351.482927	1e1a06
351.492572	1dfff1
351.502214	1ed888
351.516226	1dfb39
351.522280	1dfff1
351.529329	1dfff1
351.540302	1dfff1
351.546921	1dfb63
351.559938	1ce126bdaabf
351.571180	1e1a06
351.579686	1e1a06
351.585637	1ce126bdb870
351.599106	1e5024
351.610972	1dfb39
351.616643	1dfb63
351.630942	1ebda8
351.638474	1dfb39
351.644129	1dfb39
351.657916	1e9505
351.663902	1dfff1
351.672917	1ed888
351.679309	1ed3cd
351.686265	1e15b5
351.694620	1ce126bdb870
351.702334	1ed3cd
351.713618	1dfb39
351.725485	1dfff1
351.737379	1e1888
351.745389	1eb5ff
351.755194	1dfb63
351.766981	1dfb39
351.778800	1dfb63
351.793014	1ebda8
351.805249	1dfb63
351.815875	1dfb63
351.827937	1dfff1
351.835421	1e15ac
351.843962	1ebd59
351.858732	1eb605
351.867742	1ce126bdb870
351.874366	1e15b5
351.884646	1ce126bdb376
351.899596	1dfb39
351.906339	1eb860
351.914536	1ce126bdb870
351.926905	1e0072
351.940663	1ebda8
351.953685	1dfb71
351.965477	1dfff1
351.976755	1ce126bdb870
351.982720	1ce126bdb870
351.991611	1ce126bdb870
351.999718	1e1f37
352.010080	1dfa85
352.017598	1e1a06
352.023872	1e1a06
352.038755	1eb791
352.053877	1dfff1
352.068444	1ce126bda970
352.082502	1e9d63
352.094269	1e0072
352.100552	1ed888
352.110721	1dfb63
352.123998	1e1a06
352.135445	1dfb39
352.149375	1dfb63
352.154580	1dfb39
352.167208	1dfff1
352.175866	1dfff1
352.186403	1ce126bdb870
352.198642	1dfdd5
352.207294	1e1a06
352.213541	1dfff1
352.222582	1dfb39
352.235269	1e0072
352.241256	1dfb39
352.251687	2029eb
352.258811	1dfb71
352.268100	1dfff1
352.280711	1e1a06
352.290465	1ce126bda970
352.296674	1e1a17
352.301876	1ce126bdb870
352.309049	1e5020
352.323040	1e1a06
352.333374	1e1a06
352.339674	1e948f
352.353975	1dfb63
352.360461	1dfb63
352.374279	1dfff1
352.384880	1dfb39
352.391190	1dfe75
352.400951	1ed888
352.415931	1dfff1
352.421327	1dfb63
352.428548	1dfb39
352.440798	1ce126cd810a
352.447979	1dfb63
352.454852	1dfb39
352.465598	1ebdaf
352.477680	1ebdaf
352.485683	1ebda8
352.499247	1dfff1
352.505882	1eb605
352.515193	1dfff1
352.528290	1e1a06
352.537264	1e1a06
352.543970	1e1a06
352.558006	1e1a06
352.563968	1ea80b
352.578306	1e1a06
352.588475	1e1a06
352.600158	1e1a06
352.606008	1dfff1
352.617862	1ebdaf
352.627380	1e1a06
352.633657	1dfb39
352.644327	1dfb39
352.650360	1dfff1
352.661146	1ce126bdb418
352.669554	1e1a06
352.677157	1e5046
352.687258	1dfb63
352.697203	1dfb39
352.711939	1ce126bdb870
352.717636	1e0038
352.725333	1e1f37
352.737033	1dfb39
352.748043	1ce126bd96ff
352.754549	1e1a06
352.764312	202995
352.775792	1ce126bdb870
352.782714	1dfff1
352.788265	1e1a06
352.799197	1ce126bdb870
352.809284	1dfb3d
352.820740	1dfb63
352.831900	1e15b5
352.837151	1e14bb
352.843630	1e1a06
352.854684	1dfb39
352.860220	1ce126bdb870
352.866311	1e9ee0
352.873165	1ea58a
352.887250	1ed888
352.901379	1dfb39
352.913466	1dfb39
352.923422	1e9417
352.938560	1dfb63
352.947824	1dfdd5
352.961032	1dfb71
352.972685	1ce126bdb870
352.983876	1ed888
352.997618	1e1484
353.010915	1dfb63
353.025866	1dfb63
353.033742	1dfb39
353.045899	1dfddb
353.058229	1dfff1
353.063992	1dfb39
353.078782	1e0072
353.087574	1dfb39
353.095339	1e1a06
353.103570	1e928d
353.113888	1e1a06
353.123726	1e1a06
353.135704	1e9711
353.149853	1dfb39
353.155379	1dfb39
353.167907	1dfb63
353.182827	1dfb63
353.196258	1e37ca
353.209073	1dfb63
353.223127	1dfb39
353.236246	1dfb71
353.248907	1e03d9
353.256264	1dfdd5
353.268384	1e3804
353.281211	1e0ce8
353.294901	1dfff1
353.307529	1e1f37
353.321024	1e1f37
353.328816	1e1f37
353.334193	1dfb39
353.341849	1e0033
353.353972	1e1a06
353.365767	1ebda8
353.380055	1e0072
353.391916	1e03d9
353.402437	1dfb39
353.412205	1e1a06
353.426700	1dfb39
353.440270	1e1a06
353.446544	1dfb39
353.453003	1ed888
353.467936	1dfb39
353.474297	1dfb39
353.482197	1dfff1
353.494074	1ea58a
353.506814	1ce126bdb870
353.516571	1e1a06
353.531176	1dfb63
353.544677	1e1a06
353.552358	1e1a06
353.564611	1dfb39
353.576549	1eb5f6
353.583312	1dfff1
353.598285	1dfb39
353.610927	1ce126bdb870
353.623311	1ce126bdb870
353.631349	1ce126bdb870
353.646119	1dfb39
353.652479	1e95f9
353.664800	1e18c7
353.677730	1dfb63
353.683267	1e0072
353.695302	1dfb39
353.710256	1e1a06
353.724299	1e9493
353.738414	1e1a06
353.746643	1dfb39
353.757573	1e1a06
353.767735	1dfb63
353.773306	1dfb63
353.779675	1dfb39
353.791856	1e4ff0
353.803625	1e1a06
353.816387	1ed88f
353.830523	1dfb39
353.845015	1e379a
353.857062	1dfb63
353.866559	1dfb63
353.877480	1e1a06
353.886128	1ebda8
353.894092	1ebda8
353.904744	1ebda8
353.910754	1dfb39
353.916829	1dfff1
353.925449	1e1a06
353.939721	1eb5d5
353.946610	1dfb71
353.959278	1e1a06
353.973898	1e1a06
353.983724	1e1484
353.994585	1dfb39
354.007278	1e1a06
354.015880	1e1a06
354.021720	1e002f
354.028618	1ce126bdb870
354.035899	1dfb39
354.047916	1ce126bda9d1
354.056579	1ce126bdb870
354.064938	1dfff1
354.075279	1dfb39
354.086264	1e1a06
354.098806	1ed888
354.107149	1dfb39
354.115465	1dfb39
354.121880	1e1a06
354.130241	1e0033
354.140306	1e1484
354.151119	1dfb39
354.159767	1dfb63
354.173543	1dfff1
354.188072	1dfa4e
354.203108	1dfff1
354.217122	1dfb39
354.227707	1ce126bdc174
354.235347	1dfff1
354.248895	1dfb63
354.257051	1dfb63
354.270399	1dfb39
354.279842	1dfb39
354.286209	1dfb63
354.299785	1ea58a
354.312148	1dfff1
354.326293	1dfb63
354.337431	1dfb39
354.345043	1ed888
354.357683	1dfb63
354.371256	1dfb39
354.380366	1dfff1
354.388681	1dfff1
354.397210	1dfb63
354.408107	1ed88f
354.415295	1e942a
354.424635	1ce126bdb238
354.433188	1dfb63
354.444062	1dfb63
354.457815	1dfb63
354.468719	1e1a06
354.475436	1dfff1
354.485436	1dfb39
354.498239	1dfff1
354.506301	1ed2eb
354.512572	1e1a06
354.527647	1e9561
354.533772	1ed888
354.544101	1e1a06
354.553999	1dfb39
354.561934	1e004d
354.575100	1ce126bdae45
354.584263	1dfb39
354.594078	1eb872
354.602834	1dfb39
354.615179	1eb605
354.626490	1ebda8
354.641496	1dfb39
354.655617	1dfb39
354.669501	1dfb39
354.676791	1e379a
354.683527	1eb5d5
354.697647	1dfff1
354.709974	1e1a06
354.721737	1e379a
354.728896	1dfb71
354.743908	1dfb39
354.751011	1ce126bdb870
354.764631	1ebda8
354.779622	1dfff1
354.793556	1e1a06
354.805911	1e1a06
354.812697	1e1a06
354.825324	1ce126bdb870
354.839508	1ce126bdb870
354.853174	1e0033
354.866384	1dfb39
354.876766	1ebda8
354.883493	1ce126bdae12
354.898492	1e1a06
354.904324	1dfb39
354.911472	1e0072
354.924405	1e3786
354.938466	1dfb63
354.949394	1e1a06
354.960567	1dfb39
354.972168	1dfb63
354.983583	1e03d9
354.994418	1e0038
355.004102	1ce126bdb870
355.012272	1dfb39
355.019588	1dfff1
355.030797	1dfb39
355.040709	1ea58a
355.048398	1e1a06
355.058925	1ce126bdb870
355.072129	1dfb63
355.080832	1e1a06
355.087752	1e1a06
355.101399	1dfb39
355.109116	1ce126bdb870
355.119647	1e18fd
355.127962	1e1801
355.142201	1e1a06
355.148284	1dfb39
355.159315	1e1a06
355.168474	1dfb39
355.177322	1ebda8
355.187339	1dfff1
355.195283	1e03d9
355.204742	1ed888
355.218410	1ce126bdb870
355.225489	1e002f
355.231249	1dfb63
355.240988	1e379a
355.247438	1dfb39
355.261372	1dfb63
355.269011	1dfb39
355.276165	1dfb39
355.281490	1e0038
355.286718	1ebdaf
355.301510	1ebdaf
355.310663	1ebda8
355.320431	1eb5d5
355.325762	1e1a06
355.336450	1e15b5
355.344732	1e1a06
355.351419	1dfb71
355.362518	1e1a06
355.367951	1dfb39
355.375765	1dfd9b
355.389092	1e1a06
355.397617	1dfb39
355.409701	1e1a06
355.420393	1ed888
355.432550	1ce126bdb870
355.439450	1ebdaf
355.448771	1dfb39
355.456699	1dfff1
355.466625	1ce126bdb870
355.478566	1ce126bdb870
355.485167	1e1a06
355.496474	1ed888
355.507260	1dfb39
355.519682	1ed888
355.534260	1dfb39
355.540471	1dfb63
355.554289	1dfb39
355.560271	1eb605
355.566277	1dfff1
355.571494	1dfff1
355.586177	1ce126bdb870
355.598831	1ce126bdb870
355.608109	1ce126bdb870
355.618318	1e1f37
355.629421	1dfb39
355.639477	1dfb71
355.645028	1e1a06
355.655948	1dfb63
355.661241	1dfff1
355.668460	1dfb71
355.674858	1e1a06
355.682189	1ea7eb
355.691704	1ce126bdad30
355.698231	1e1a06
355.709514	1dfff1
355.716507	1e0072
355.722057	1dfb63
355.729534	1e15b5
355.742974	1ce126bdb870
355.756909	1e1a06
355.770970	1dfb63
355.784599	1dfff1
355.797087	1e9260
355.804441	1dfff1
355.817772	1dfb39
355.826746	1e1f37
355.832898	1e1eea
355.844173	1e1f37
355.856184	1e1e98
355.863357	1e380f
355.869076	1dfb39
355.882150	1dfb63
355.897036	1dfb63
355.904029	1dfb63
355.912387	1ce126bdc238
355.917944	1e91ce
355.931447	1e0054
355.937670	1dfff1
355.944991	1e1a06
355.958501	1ce126bdc174
355.971375	1dfff1
355.981330	1ed2eb
355.988644	1dfb39
355.994874	1dfb71
356.003650	1dfb41
356.017568	1dfb63
356.032280	1dfb39
356.044386	1dfb39
356.056722	1dfa98
356.062345	1dfb63
356.068411	1eb770
356.079999	1eb5d5
356.087776	1e0880
356.096646	1e0880
356.108198	1e0d5f
356.114692	1e0880
356.127777	1e0880
356.141809	1e0880
356.155775	1e0855
356.168114	1e0855
356.174735	1e0880
356.186983	1e0880
356.193996	1e0855
356.205076	1e0880
356.214457	1e0cad
356.220985	1e0880
356.235140	1e0d5f
356.244042	1e0855
356.252978	1e0855
356.265931	1e0880
356.273309	1e0880
356.279804	1e0855
356.290677	1e0880
356.300173	1e0855
356.314361	1e0880
356.323008	1e0855
356.336019	1e0880
356.348490	1e0855
356.359697	1e0880
356.365600	1e0880
356.379987	1e0880
356.391096	1e0880
356.401930	1e0855
356.410929	1e0855
356.421085	1e0880
356.427165	1e0855
356.434548	1e0880
356.447245	1e0880
356.456875	1e0727
356.468802	1e0880
356.480998	1e0880
356.495484	1e0cd0
356.510273	1e0855
356.524045	1e0727
356.531093	1e0855
356.542232	1e0880
356.555305	1e0cb9
356.569809	1e0880
356.575714	1e0bf7
356.580977	1e0882
356.588375	1e0855
356.598573	1e0880
356.603780	1e0882
356.611458	1e0880
356.626456	1e0855
356.641515	1e0855
356.647335	1e0855
356.660536	1e0880
356.667725	1e0880
356.677600	1e0880
356.684299	1e0aa4
356.692975	1e0880
356.700150	1e0ba1
356.713965	1e0880
356.722984	1e0880
356.737612	1e0855
356.746787	1e0880
356.754883	1e0880
356.761279	1e0855
356.775289	1e0855
356.788363	1e0880
356.803347	1e0880
356.816216	1e0880
356.825646	1e0880
356.833101	1e0882
356.839907	1e0855
356.851082	1e0855
356.863993	1e0855
356.870451	1e0ba1
356.878488	1e0855
356.893104	1e0cd0
356.907416	1e0880
356.914295	1e0855
356.926817	1e0cb9
356.938720	1e0880
356.944417	1e0cb9
356.954254	1e0855
356.960368	1e0880
356.971251	1e0880
356.980821	1e0880
356.994864	1e0855
357.000148	1e0880
357.009592	1e0880
357.020440	1e0855
357.033152	1e0880
357.039481	1e0880
357.048605	1e0880
357.062528	1e0880
357.073551	1e0855
357.087857	1ce126bd972f
357.101142	1e0882
357.108791	1e0855
357.121502	1e0880
357.134672	1e0ba1
357.149356	1e0855
357.157709	1e0855
357.166558	1e0880
357.177568	1e0bf7
357.190205	1e0880
357.202607	1e0880
357.215482	1ce126bd9762
357.222046	1e0880
357.228206	1e0855
357.242239	1e0880
357.248999	1e0880
357.255086	1e0880
357.260289	1e0880
357.272706	1e0880
357.280924	1ce126bdc41b
357.289990	1e0855
357.304320	1e0880
357.317577	1e0882
357.324968	1ce126bd96ff
357.336179	1e0882
357.342755	1ce126bdc3c5
357.353711	1e0cd0
357.361925	1e0855
357.367462	1e0cd0
357.374668	1e0882
357.380072	1e0cd7
357.391340	1e0880
357.406418	1e0880
357.419174	1e0880
357.426288	1e0880
357.436045	1e0855
357.450437	1e0855
357.458879	1e0855
357.465947	1e0727
357.471620	1e0855
357.480820	1e0855
357.493011	1e0855
357.499437	1e0880
357.512899	1e0880
357.521258	1e0cb9
357.535999	1e0855
357.548557	1e0880
357.557753	1e0855
357.566026	1e0880
357.577678	1e0880
357.583243	1e0880
357.590710	1e0880
357.601224	1e0855
357.615474	1e0880
357.622490	1e0727
357.633084	1e0855
357.646640	1e0b64
357.656828	1e0880
357.663047	1e0855
357.675757	1e0855
357.690653	1e0880
357.699264	1e0855
357.710974	1ce126bdc3db
357.721279	1e0cd0
357.729435	1e0880
357.737157	1e0880
357.744753	1ce126bd969e
357.755356	1e0880
357.770043	1e0cb9
357.780413	1e0880
357.791228	1e0bf7
357.806254	1e0880
357.816124	1e0cb9
357.829997	1e0855
357.839696	1e0880
357.852954	1e0880
357.858559	1e0855
357.864520	1e0882
357.873850	1e0880
357.887456	1e0855
357.900614	1e0882
357.908764	1e0855
357.922940	1ce126bd9762
357.937106	1e0cb0
357.950312	1e0ced
357.961734	1e0880
357.971830	1e0727
357.978109	1e0880
357.983530	1e0855
357.992234	1e0880
358.002335	1e0880
358.009992	1e0cd0
358.015626	1e0880
358.021487	1e0882
358.034449	1e0c34
358.040558	1e0855
358.049696	1e0880
358.064579	1e0880
358.069905	1e0855
358.080593	1e0855
358.087844	1e0880
358.102974	1e0880
358.115406	1e0855
358.127281	1e0880
358.138416	1e0cd0
358.145791	1e0855
358.154164	1e0cd0
358.163406	1e0855
358.176408	1e0880
358.190132	1e0855
358.203456	1e0880
358.208753	1e0880
358.216583	1e0880
358.223962	1e0880
358.238973	1e0880
358.247167	1e0855
358.258266	1e0cad
358.267106	1e0727
358.279839	1e0855
358.292314	1e0880
358.303690	1e0882
358.316489	1e0880
358.326500	1e0880
358.340492	1e0855
358.351628	1e0882
358.363931	1e0880
358.374110	1e0880
358.383317	1e0cc7
358.391134	1e0855
358.399762	1e0855
358.410139	1e0855
358.420722	1e0855
358.430798	1e0855
358.438677	1e0cd0
358.446810	1e0855
358.454174	1e0855
358.463049	1e0880
358.468682	1e0880
358.474453	1e0cd0
358.489334	1e0880
358.499347	1e0880
358.506734	1e0880
358.514726	1e0855
358.526391	1ce126bd977f
358.537202	1e0880
358.550316	1e0855
358.556662	1e0880
358.562494	1e0806
358.572513	1e0855
358.583172	1e0cd0
358.593813	1e0880
358.600080	1e0880
358.613463	1e0880
358.626484	1e0880
358.631886	1e0880
358.646036	1e0855
358.657510	1e0855
358.667178	1e086b
358.682252	1e0855
358.690295	1e0880
358.702404	1e0855
358.708457	1e07fa
358.720124	1e0855
358.725802	1e0c39
358.734746	1e0855
358.749697	1e0855
358.759364	1e0880
358.772709	1e0880
358.784184	1e0855
358.792941	1ce126bdc3c2
358.799092	1e0882
358.805765	1e0855
358.819698	1e0bf7
358.827159	1e0880
358.839244	1e0880
358.846453	1e0a8e
358.861550	1e0880
358.869654	1e0880
358.879466	1e0880
358.893236	1e0880
358.907247	1e0855
358.917982	1e0855
358.925542	1e0aa4
358.930748	1e0849
358.941721	1e0855
358.950996	1e0880
358.963116	1e0855
358.969236	1e0855
358.976918	1e0880
358.991372	1ce126bd97bc
358.996944	1e0880
359.012021	1e0880
359.026779	1e0855
359.040323	1e0880
359.049674	1e0855
359.062803	1ce126bdc3c2
359.074513	1e0855
359.082105	1e0880
359.089788	1e0882
359.099183	1e0880
359.108915	1e0880
359.115199	1e0727
359.129742	1e0880
359.139584	1e0880
359.154652	1e0b10
359.166214	1e0880
359.174454	1e0880
359.179777	1e0855
359.185649	1e0880
359.197799	1e0cb9
359.209073	1e0727
359.214351	1e0855
359.228579	1e0855
359.243614	1e0855
359.251996	1e0880
359.259606	1e0855
359.264966	1e0880
359.274443	1e0880
359.288442	1e0880
359.295953	1e0882
359.301161	1e0880
359.307563	1ce126bd96c5
359.316078	1e0855
359.326728	1e0ce2
359.338818	1e0880
359.350932	1e0880
359.362261	1e0880
359.374916	1e0880
359.383438	1e0855
359.392671	1e0880
359.401499	1e0880
359.415018	1e0880
359.422576	1e0880
359.430132	1e0880
359.439629	1e076c
359.445815	1e0cd0
359.455704	1e0880
359.466248	1e0855
359.475110	1e0880
359.483956	1e0880
359.491693	1e0880
359.501175	1e0880
359.513438	1e0880
359.526491	1e0855
359.536110	1e0855
359.543030	1ce126bdc3ad
359.554554	1e0882
359.567405	1e0727
359.579804	1e0880
359.591032	1e0855
359.597338	1e0880
359.609528	1e0890
359.619715	1e0880
359.632329	1e0880
359.641984	1e0880
359.650822	1e0880
359.657626	1e0880
359.671871	1e0855
359.686960	1e0880
359.697909	1e0cc3
359.711554	1e0880
359.721598	1e0880
359.729582	1e0cd0
359.742303	1e0855
359.749331	1e0855
359.757143	1e0727
359.762453	1e0880
359.771405	1e0880
359.779213	1e0880
359.787728	1e0880
359.793034	1e0880
359.807958	1e0855
359.821250	1e0880
359.830379	1e0855
359.841339	1e0855
359.854404	1e0880
359.864386	1e0880
359.873319	1e0880
359.883486	1e0880
359.890668	1e0cb9
359.899865	1e0880
359.907146	1e0855
359.918457	1e0880
359.930845	1e0855
359.941731	1e0855
359.956706	1e0880
359.970393	1e077f
359.978983	1e0880
359.994031	1e0855
360.003633	1e0880
360.015570	1e0855
360.023931	1e0880
360.034260	1e0880
360.045221	1e0727
360.054520	1e0880
360.066734	1e0844
360.080351	1e0880
360.090773	1e0880
360.099344	1ce126bdc3ae
360.108780	1e0880
360.120589	1e0880
360.133792	1e0cd0
360.148352	1e0855
360.156814	1e0880
360.167540	1e0880
360.181915	1e0880
360.187756	1e0880
360.201359	1e0880
360.216319	1e0880
360.224958	1e0880
360.235275	1e0855
360.247953	1e0880
360.261261	1e080d
360.273225	1e085d
360.278543	1e0855
360.284078	1e0880
360.293839	1e0cb9
360.299711	1e0855
360.313800	1e0880
360.319948	1e0880
360.330544	1e0855
360.345425	1e0855
360.356824	1e0855
360.366680	1e0880
360.378661	1e0880
360.390559	1e0880
360.398912	1e0880
360.410230	1e0880
360.424896	1e0855
360.437170	1e0855
360.443272	1e0880
360.450282	1e0814
360.465160	1e0882
360.478082	1e0855
360.487981	1f25fd
360.498034	1e0855
360.510623	1e0880
360.524252	1e0855
360.534989	1e0855
360.548163	1e0855
360.553722	1e0882
360.565796	1e0855
360.579004	1e0855
360.587258	1e0880
360.594002	1e0880
360.606332	1e0880
360.612543	1e0cd0
360.618211	1e0855
360.623711	1e0882
360.629808	1e0880
360.637785	1e0880
360.647136	1f2621
360.656694	1e0880
360.671572	1e0880
360.682825	1e0cd0
360.697040	1e0855
360.702230	1e0727
360.714738	1e0880
360.727112	1e0855
360.740558	1e0880
360.749171	1e0cd0
360.760069	1e0880
360.771573	1e0882
360.783267	1e0855
360.792097	1e0880
360.804090	1e0880
360.817906	1e0855
360.826212	1e0880
360.837084	1e0882
360.847610	1e0880
360.856572	1e0880
360.870741	1e0882
360.876637	1e0882
360.889820	1e0855
360.904046	1e0855
360.910220	1e0855
360.918353	1e0ba1
360.926171	1e0855
360.940301	1e0855
360.952568	1e0880
360.964669	1e0855
360.973094	1e0880
360.982829	1e0880
360.994724	1e0882
361.003111	1e0762
361.009210	1e0880
361.019743	1e0880
361.027390	1e0880
361.034633	1e0880
361.041849	1e0880
361.048633	1e0880
361.063564	1e0880
361.072750	1e0ccc
361.087049	1e0880
361.097063	1e0880
361.104849	1e0855
361.119045	1e0855
361.127613	1e0855
361.133245	1e0880
361.147883	1e0880
361.159138	1e0880
361.171775	1e0855
361.183070	1e0855
361.195776	1e0c1e
361.209930	1ce126bd967e
361.219761	1e0880
361.226207	1e0880
361.235322	1e0880
361.244594	1e0cb9
361.258691	1e0880
361.266127	1e0880
361.275006	1e0880
361.286356	1e0880
361.300973	1e0855
361.315511	1e0880
361.321398	1e0880
361.328963	1e0855
361.335376	1e0880
361.344169	1e0880
361.352761	1e0855
361.363064	1e0880
361.374450	1e0882
361.383877	1e0880
361.398676	1e0ad9
361.411003	1e074f
361.418779	1e0880
361.426884	1e0855
361.441628	1e0cb0
361.450803	1e0855
361.458185	1e0880
361.472655	1e0882
361.483514	1e0855
361.488892	1e0880
361.495809	1e0880
361.510059	1e0880
361.524698	1e0880
361.539255	1e0880
361.548295	1e0880
361.561325	1e0880
361.573157	1e0829
361.584883	1e0855
361.595694	1e0855
361.606090	1e0880
361.616742	1e0880
361.623673	1e0880
361.636132	1e0880
361.641360	1e0880
361.654356	1e0880
361.664584	1e0880
361.679011	1e0855
361.694158	1e0882
361.701472	1e0880
361.713817	1e0882
361.725365	1e0880
361.739331	1e07e5
361.746013	1e0cd0
361.751403	1e0855
361.758193	1e0880
361.764064	1e0855
361.772688	1e0855
361.787014	1ce126bdc3c2
361.799273	1e0855
361.805684	1e0855
361.811154	1e0880
361.817666	1e0880
361.825931	1e0880
361.840847	1e0880
361.855331	1e0880
361.869234	1ce126bd9754
361.880938	1e0880
361.895740	1e0880
361.901948	1e0855
361.913091	1e0855
361.920554	1e0880
361.933854	1e0880
361.945299	1e0880
361.959602	1e0880
361.970543	1e0882
361.982047	1e0727
361.991253	1e0855
362.003228	1e0855
362.009627	1e0880
362.016401	1e0880
362.031086	1e0727
362.037338	1e0855
362.048978	1e0cb9
362.056158	1e0880
362.065348	1e0855
362.075188	1e0855
362.089336	1e0880
362.096703	1e0855
362.103612	1e0bf7
362.110340	1e0855
362.119250	1e0880
362.131739	1e0727
362.140370	1e0880
362.150256	1e0880
362.156385	1e0880
362.171145	1e0880
362.184471	1e0880
362.190492	1e0880
362.204034	1e0880
362.212364	1e0cb9
362.224773	1e0855
362.238291	1e06e0
362.246976	1e0880
362.253769	1e0855
362.268020	1e0cd0
362.273487	1e074f
362.287394	1e0880
362.292651	1e0880
362.304979	1e0855
362.315982	1e0855
362.322917	1e0882
362.330206	1e0880
362.335725	1e0880
362.346484	1e0880
362.358199	1e0880
362.372014	1e0880
362.383098	1e0855
362.395998	1e0d5f
362.401918	1e0855
362.407316	1e0880
362.418043	1e0880
362.432057	1e0727
362.437905	1e0880
362.452987	1e0855
362.463592	1e0cd0
362.477930	1e0bad
362.485333	1e0880
362.499741	1e0880
362.506483	1e0855
362.519168	1e0880
362.526436	1e0880
362.540973	1e0880
362.554012	1e0855
362.560206	1e0855
362.575273	1e0880
362.589427	1e0880
362.594961	1e0880
362.604174	1e0727
362.612390	1e0855
362.619761	1e0880
362.633296	1e0855
362.646734	1e0880
362.657415	1e0880
362.670924	1e0855
362.678428	1e0882
362.691392	1e0880
362.698066	1e0880
362.712388	1e0880
362.718387	1e0880
362.727686	1e0880
362.739630	1e0880
362.748252	1e0880
362.762795	1ce126bdc3b7
362.773401	1e086e
362.786335	1e0880
362.798351	1e0855
362.811826	1e0cbe
362.821150	1e0880
362.834725	1e0880
362.849396	1e0880
362.859082	1e0880
362.864898	1e0855
362.876486	1e0cb9
362.884196	1e0855
362.898621	1e0880
362.915322	1e0cd0
362.922820	1e0880
362.936304	1e0855
362.948571	1e0880
362.957206	1e0d5f
362.966386	1e0cd0
362.978373	1e0bf7
362.985650	1ce126bd967e
362.991743	1e0cd0
363.001284	1e0880
363.010820	1e0880
363.023493	1ce126bd9754
363.029126	1e0880
363.035552	1e0880
363.049444	1e0882
363.059812	1e0855
363.069453	1e0727
363.078284	1e0880
363.089279	1e0880
363.102647	1e0880
363.115868	1e0880
363.130710	1e0880
363.145571	1e0727
363.150923	1e0855
363.164198	1e0880
363.170141	1e0855
363.184807	1e0880
363.192207	1e0880
363.198067	1e0880
363.210633	1e0855
363.222777	1e0880
363.230468	1e0855
363.245301	1e0880
363.251287	1e0855
363.263750	1e0880
363.274151	1e0880
363.288733	1e0855
363.302912	1e0855
363.315994	1e0cb0
363.322847	1e0727
363.333376	1e0cb9
363.345241	1e0855
363.353550	1e0880
363.360804	1e086e
363.374828	1e0727
363.389258	1e0855
363.403704	1e0882
363.415320	1e0855
363.428494	1e0880
363.441117	1e0bf7
363.446986	1e0ccc
363.458973	1e0880
363.466342	1e0855
363.480185	1e0855
363.486199	1e0855
363.493654	1e0855
363.507633	1e0882
363.522289	1e0880
363.530275	1f25ef
363.539423	1e0bf7
363.545906	1e0855
363.557962	1e0880
363.571513	1e0855
363.582831	1e0855
363.593499	1e0880
363.600495	1e0880
363.609878	1e0cde
363.617035	1e0880
363.632190	1e085d
363.640048	1e0cd0
363.646225	1e0880
363.654277	1e0727
363.662180	1e0cb9
363.671711	1e0cd0
363.684874	1ce126bd96ed
363.697770	1e0cb9
363.711611	1e0880
363.725897	1e0882
363.736259	1e0880
363.745567	1e0880
363.756853	1e0855
363.771939	1e0cd0
363.777206	1e0880
363.784196	1e0880
363.793428	1e0880
363.806559	1e0880
363.812442	1e0880
363.821798	1e0880
363.828236	1e0880
363.834731	1e0855
363.845306	1e0855
363.853614	1e0880
363.861599	1e0882
363.867061	1e0855
363.877147	1e0bf7
363.886506	1e0855
363.894513	1e0880
363.901413	1e0d45
363.916017	1e0880
363.926125	1e0855
363.934840	1e0880
363.943656	1e0855
363.955626	1e0855
363.965761	1e0855
363.977149	1e0855
363.986800	1e0cd0
363.999877	1e0b9d
364.006182	1e0705
364.018394	1e0880
364.023723	1e0855
364.031237	1e0855
364.041574	1e0880
364.056412	1e0880
364.061975	1e0880
364.067852	1e0880
364.078298	1e0855
364.092348	1e0880
364.105341	1e0880
364.117707	1e0cb0
364.132725	1e0855
364.146168	1e0855
364.151838	1e0880
364.157044	1e0855
364.171674	1e0cd0
364.179440	1e0855
364.186234	1e0880
364.194492	1e0880
364.200197	1e0855
364.211105	1e0880
364.219566	1e0cb0
364.227441	1e0880
364.233787	1e0cb0
364.240450	1e0880
364.251502	1e0880
364.265716	1e0880
364.271317	1e0718
364.282202	1e085d
364.293832	1e0855
364.300649	1e0855
364.312521	1e0880
364.325774	1e06ef
364.336404	1e0880
364.348306	1e0855
364.359785	1e0855
364.370566	1e0880
364.381817	1e0880
364.392628	1e081f
364.400912	1e0855
364.410632	1e0880
364.420945	1e0cc3
364.434984	1ce126bd978e
364.441108	1e0880
364.455140	1e0880
364.462799	1e0bf7
364.470520	1e0855
364.481985	1e0880
364.487984	1e0bf7
364.502194	1e0cd0
364.507723	1e0cd0
364.514446	1e0880
364.520565	1e0880
364.526774	1e0855
364.538895	1e0cb0
364.546731	1e0855
364.554614	1e0855
364.568705	1e0855
364.578577	1e0880
364.589702	1e0880
364.599761	1e0880
364.605696	1e0880
364.615604	1e0cc3
364.624470	1e0855
364.632468	1e0d5f
364.647100	1e0880
364.655283	1e0855
364.660817	1e0880
364.668415	1e0855
364.682057	1e0880
364.692971	1e0880
364.699966	1e0880
364.713674	1e0855
364.719266	1e0880
364.727295	1e0cd0
364.736771	1e0855
364.750566	1e0880
364.758520	1e0877
364.769195	1e0727
364.775054	1e0855
364.781647	1e0880
364.787267	1e0880
364.793353	1e0855
364.804567	1e0880
364.816474	1e0855
364.825058	1e0880
364.838424	1e0880
364.846918	1e0880
364.858920	1e0880
364.869454	1e0880
364.883940	1e0880
364.897462	1e0880
364.912050	1e0855
364.918932	1e0727
364.927228	1e0727
364.940196	1e0855
364.951822	1e0880
364.963397	1e0cb0
364.971460	1e0880
364.980523	1e0855
364.995063	1e0880
365.002656	1e0727
365.016351	1e0cb9
365.031484	1e0855
365.042679	1e0855
365.051253	1e0855
365.059871	1e0880
365.066469	1e0cb0
365.072061	1e0855
365.084410	1e0880
365.092912	1e0880
365.107775	1e0855
365.122134	1e0880
365.131500	1e0880
365.143302	1e0880
365.158297	1e0880
365.170610	1e0880
365.183524	1e0855
365.197617	1e0880
365.212441	1e0880
365.226290	1e0855
365.238226	1e0855
365.250203	1e0880
365.256060	1e0882
365.267052	1e0880
365.273158	1e0cb0
365.280626	1e0855
365.295298	1e0880
365.306549	1e0880
365.316847	1e0880
365.324694	1e078f
365.330914	1e0855
365.344325	1ce126bd9683
365.358717	1e0cb0
365.371120	1e0880
365.385488	1e0855
365.399972	1e0880
365.407104	1e0880
365.414663	1e0880
365.427888	1e0855
365.436266	1e0855
365.444717	1e0855
365.450868	1e0855
365.461479	1e0a8e
365.471633	1e0855
365.485616	1e0880
365.499138	1e0705
365.513295	1e0880
365.526266	1e0880
365.539210	1e0880
365.549312	1e0b9d
365.559522	1e0cd0
365.570395	1e0bf7
365.583299	1e0705
365.590648	1e0855
365.601729	1e0880
365.613650	1ce126bd966c
365.624061	1e0880
365.638078	1e0cd0
365.644679	1e0bf9
365.656543	1e0cb0
365.663855	1e0880
365.676770	1e0cb9
365.684616	1e0882
365.691559	1e0855
365.705528	1f2621
365.719050	1e0880
365.733279	1e0bf7
365.745048	1e0bf7
365.757441	1ce126bd967e
365.766915	1e0880
365.773726	1e0880
365.783391	1e0880
365.790959	1e0cd0
365.799957	1e0855
365.812863	1e0880
365.821507	1e0880
365.827032	1e0880
365.838483	1e0855
365.845195	1e0cd0
365.856276	1e0855
365.861663	1e0855
365.876434	1e0727
365.882965	1e0855
365.893143	1e0855
365.905814	1e0705
365.920397	1e0d5f
365.931715	1e0880
365.939678	1e0855
365.950854	1e0880
365.956277	1e0855
365.966523	1e0880
365.977296	1e0880
365.982854	1e0855
365.996025	1e0880
366.007944	1e0855
366.015553	1e0880
366.030354	1e0855
366.038473	1e0a8e
366.050259	1ce126bd9675
366.057076	1e0855
366.070990	1e0880
366.085380	1e0855
366.099694	1e0880
366.106512	1e0880
366.113138	1e0855
366.123403	1e0880
366.129942	1e0b9d
366.140035	1e0880
366.149727	1e0882
366.164191	1e0882
366.171967	1e0880
366.179590	1e07bf
366.193421	1ce126bd8896
366.200456	1ce126bd8806
366.208258	1ce126bd8896
366.214727	1ce126bd8806
366.228533	1ce126bd8806
366.242540	1ce126bd8806
366.248134	1ce126bd887f
366.255285	1ce126bd8896
366.267722	1ce126bd8806
366.277454	1ce126bd8806
366.290975	1ce126bd8896
366.306054	1ce126bd884a
366.319789	1ce126bd887f
366.327145	1ce126bd887f
366.340280	1ce126bd8806
366.347627	1ce126bd886f
366.361715	1ce126bd880c
366.376933	1ce126bd8806
366.387358	1ce126bd8862
366.399104	1ce126bd8806
366.413585	1ce126bd8806
366.424780	1ce126bd8806
366.434347	1ce126bd883b
366.449306	1ce126bd8806
366.457640	1ce126bd8806
366.468459	1ce126bd8806
366.474043	1ce126bd8806
366.488536	1ce126bd881c
366.501399	1ce126bd8806
366.508994	1ce126bd8806
366.515539	1ce126bd8862
366.526132	1ce126bd8896
366.531630	1ce126bd8896
366.537143	1ce126bd870f
366.546363	1ce126bd8709
366.554462	1ce126bd870f
366.562991	1ce126bd88b2
366.571086	1ce126bd8806
366.585629	1ce126bd8806
366.594036	1ce126bd891b
366.608141	1ce126bd8709
366.615775	1ce126bd8896
366.627181	1ce126bd870f
366.635211	1ce126bd88e5
366.644743	1ce126bd870f
366.655266	1ce126bd8806
366.669659	1ce126bd86e9
366.676496	1ce126bd86df
366.682361	1ce126bd8862
366.694792	1ce126bd8709
366.707536	1ce126bd8896
366.721229	1ce126bd86e9
366.732577	1ce126bd8862
366.747158	1ce126bd8806
366.755357	1ce126bd8862
366.766152	1ce126bd8896
366.778632	1ce126bd8862
366.791327	1ce126bd86ee
366.803631	1ce126bd870f
366.815955	1ce126bd8862
366.822383	1ce126bd86d8
366.829434	1ce126bd8862
366.835038	1ce126bd8896
366.840981	1ce126bd8862
366.847259	1ce126bd86fa
366.854470	1ce126bd8709
366.867041	1ce126bd870f
366.875190	1ce126bd870f
366.887723	1ce126bd870f
366.900904	1ce126bd8806
366.912487	1ce126bd88e5
366.918681	1ce126bd870f
366.931790	1ce126bd8837
366.942784	1ce126bd8806
366.948875	1ce126bd8814
366.959247	1ce126bd870f
366.966121	1ce126bd8806
366.973307	1ce126bd870f
366.985039	1ce126bd887f
366.996783	1ce126bd870f
367.008130	1ce126bd870f
367.014536	1ce126bd8806
367.022250	1ce126bd8806
367.034336	1ce126bd870f
367.047652	1ce126bd88d1
367.055289	1ce126bd870f
367.067081	1ce126bd870f
367.077763	1ce126bd8806
367.087440	1ce126bd875b
367.095932	1ce126bd870f
367.109442	1ce126bd8896
367.115619	1ce126bd891b
367.121610	1ce126bd8806
367.130667	1ce126bd8867
367.137028	1ce126bd8709
367.148356	1ce126bd870f
367.157710	1ce126bd870f
367.168277	1ce126bd86db
367.176164	1ce126bd870f
367.186191	1ce126bd8806
367.195013	1ce126bd870f
367.204022	1ce126bd870f
367.217327	1ce126bd870f
367.225209	1ce126bd8933
367.237402	1ce126bd870f
367.246603	1ce126bd88b2
367.257781	1ce126bd870f
367.271923	1ce126bdaf07
367.281798	1ce126bdb560
367.289954	1dfb39
367.298881	1ebd63
367.305577	1e1a06
367.315462	1dfb39
367.328989	1dfb39
367.335448	1e1a06
367.348737	1dfb39
367.355553	1ce126bdaeb4
367.369306	202a04
367.376010	1e1a06
367.382474	1ebd68
367.397301	1dfb39
367.405497	1e1a06
367.411107	1eb605
367.424663	1e1a06
367.435089	1dfec3
367.441099	1e1a06
367.450998	1dfb39
367.459624	1dfb63
367.465474	1ce126bdb560
367.473027	1eb605
367.478868	1dfb39
367.490234	1dfed8
367.501611	1e1a06
367.512002	1dfa8a
367.524043	1e1a06
367.532580	1dfb39
367.542979	1dfb39
367.556298	1dfb39
367.563522	1dfb63
367.570771	1dfb39
367.582885	1ce126bdc09d
367.597129	1e1a06
367.604631	1e1a06
367.612205	1ea69a
367.619541	1e379a
367.632233	1dfb39
367.637502	1e15f8
367.649225	1dfb63
367.663442	1eb633
367.677404	1dfb39
367.688191	1ea7e3
367.697201	1e9302
367.709550	1dfb63
367.723405	1dfb39
367.737834	1e504d
367.752675	1e379a
367.759994	1dfb63
367.770076	1e929d
367.777415	1dfb39
367.789846	1ce126bda994
367.797319	1dfb41
367.802837	1e15b5
367.815569	1ebced
367.824568	1dfb39
367.838732	1e3860
367.844542	1dfb63
367.859507	1e379a
367.866709	1e1a06
367.880821	1e1a06
367.889253	1e1a06
367.901226	1e379a
367.912306	1dfb39
367.921675	1dfb39
367.934354	1ce126bdc0b7
367.946067	1dfdd5
367.953650	1e379d
367.964098	1dfb39
367.973875	1dfdd5
367.983301	1dfb39
367.990228	1e1a06
367.996151	1dfb63
368.007696	1dfb39
368.019796	1dfb39
368.034983	1dfde4
368.043214	1e1a06
368.053690	1dfb39
368.064227	1dfb63
368.074111	1e9365
368.089093	1e1a06
368.098239	1e379a
368.108704	1dfb39
368.114211	1dfb63
368.129354	1e19d3
368.138083	1ce126bdae57
368.144337	1dff05
368.152238	1dfb39
368.158189	1e1a06
368.163798	1ce126bdb560
368.169331	1e1a06
368.182460	1e379a
368.191588	1dfb39
368.200843	1e0cb0
368.207734	1e379a
368.215737	1dfb39
368.221198	1e1a06
368.234683	1dfb39
368.246134	1dfb39
368.252168	1dfa8a
368.267339	1e1a06
368.279590	1dfb63
368.292066	1dfb39
368.306221	1dfa6d
368.313418	1eb57e
368.321534	1eb5d5
368.333996	1dfb39
368.345457	1ce126bda97f
368.352539	1e379a
368.364109	1e1a06
368.374614	1dfb63
368.380372	1eb5d5
368.386788	1dfb63
368.399942	1dfb63
368.412362	1ce126bdb560
368.425205	1e1a06
368.430966	1e1a06
368.440792	1e9302
368.454167	1e1a06
368.468159	1dfb39
368.483213	1dfb39
368.496895	1e1a06
368.510116	1dfb63
368.518996	1dfb39
368.528343	1dfb63
368.542493	1dfb63
368.548726	1dfb39
368.563737	1dfb63
368.572387	1dfb39
368.587402	1e1a06
368.592747	1ce126bda9d1
368.601756	1ebd68
368.611909	1e1a06
368.619042	1e1a06
368.624678	1dfb39
368.636872	1dfb39
368.644326	1e1a06
368.656805	1e1a06
368.667908	1eb605
368.681425	1dfb39
368.695948	1e1a06
368.703484	1e1a06
368.718524	1dfca5
368.730761	1e1a06
368.740515	1dfb39
368.747815	1e1a06
368.759142	1dfb63
368.770753	1ce126bd86e9
368.778954	1e1a06
368.789586	1e1a06
368.804064	1dff05
368.817890	1ce126bdb560
368.826385	1dfb39
368.834947	1ce126bdc0b7
368.841175	1dfb39
368.854502	1dfb63
368.867246	1eb554
368.874978	1e1a06
368.887292	1e379a
368.893530	1e1a06
368.902881	1e1a06
368.917507	1e0cb0
368.923241	1dfb39
368.937499	1ce126bdb372
368.945745	1dfb63
368.956670	1e1a06
368.963569	1e1a06
368.977234	1ce126bdb754
368.989661	1ce126bdb754
369.001003	1e1a06
369.011339	1eb5dd
369.021030	1e1a06
369.032107	1dff05
369.040325	1ce126bdc067
369.048853	1dfb39
369.062009	1eb5dd
369.071516	1e1a06
369.080024	1e1484
369.089711	1e4fed
369.095117	1e929d
369.109548	1dfb39
369.123526	1eb605
369.132402	1ebcfe
369.142830	1dfb39
369.156945	1dfb39
369.162344	1e379a
369.170529	1eb65e
369.180397	1dfb39
369.190731	1dfde4
369.204525	1e1a0b
369.217145	1e379a
369.227892	1eb5d5
369.238016	1e1484
369.251919	1ce126bdaea3
369.258339	1ce126bdb560
369.271300	1e1a06
369.280479	1ce126bdb754
369.292573	1e379a
369.304550	1ce126bdb560
369.316316	1e1a06
369.323369	1e1a06
369.337894	1dfb63
369.343271	1dfb39
369.355654	1dfb41
369.364440	1e1a06
369.377298	1dfb63
369.383271	1dfb63
369.397569	1dfb39
369.412446	1eb605
369.426793	1e1a06
369.432128	1dff05
369.445764	1ce126bdc1c5
369.457845	1dfb63
369.464376	1dfb63
369.472920	1dfb39
369.484377	1e1a06
369.489770	1ea80b
369.501163	1ea7e3
369.512716	1dfb39
369.526525	1dfb39
369.535477	1ce126bdb560
369.541505	1ce126bdaabf
369.553632	1eb662
369.561742	1e379a
369.571826	1dfb39
369.577825	1dff05
369.591596	1e379a
369.600266	1ed3cd
369.613732	1dfb39
369.621450	1e379a
369.635695	1dfb39
369.642602	1dfb39
369.654196	1eb5d5
369.664443	1e1a06
369.670490	1dfb39
369.678554	1dfb39
369.693499	1dfb71
369.706848	1ce126bdb754
369.712247	1e1a06
369.724783	1dfdd5
369.733506	1ce126bda970
369.739282	1dfb39
369.750770	1e379a
369.765493	1ce126bdb754
369.774115	1dfb63
369.785804	1e379a
369.800426	1dfb63
369.811796	1dfb63
369.824667	1dfb63
369.832887	1dfb39
369.846166	1e1a06
369.853435	1eb5f6
369.863066	1ce126bdae57
369.869917	1dfe14
369.876505	1e1a06
369.884634	1dfed4
369.892965	1dfb39
369.900121	1dfb39
369.910253	1e1a06
369.917962	1dfb39
369.925786	1e379a
369.935401	1ebced
369.943958	1e1431
369.957643	1dfb39
369.971680	1e379a
369.979744	1dfb39
369.992413	1e1a06
370.006521	1dfb39
370.017118	1ce126bdc0a1
370.025836	1e9549
370.032833	1dfb63
370.043820	1dfb71
370.059019	1e1a06
370.073197	1dfdd5
370.080426	1e1a06
370.091447	1eb6a1
370.101482	1e1a06
370.111888	1dfb63
370.125846	1dfb63
370.140520	1e1a06
370.151074	1e1a06
370.166047	1ce126bdadb3
370.179686	1dfb39
370.187844	1e1a06
370.201455	1dfb39
370.213256	1ebd68
370.223660	1dfb39
370.229848	1ea885
370.236418	1ea78d
370.246014	1ce126bdb35c
370.255266	1dfb39
370.267659	1ed3ea
370.273571	1ce126bdb560
370.282584	1dfb63
370.287766	1eb662
370.296787	1dfb39
370.305055	1e1a06
370.311918	1dfb39
370.317620	1e1a06
370.330427	1e1a06
370.345427	1ce126bdb754
370.355069	1e379a
370.365445	1dfb63
370.376203	1e379a
370.383299	1e1a06
370.393621	1e1a06
370.408069	1dff05
370.422800	1dfd9b
370.432711	1eb609
370.443553	1e1a06
370.451161	1dff05
370.462071	1e379a
370.469218	1e379a
370.479065	1dff6f
370.486739	1ce126bdc210
370.499186	1eb791
370.505041	1dfb63
370.514806	1eb605
370.525301	1e1a06
370.539169	1dfb39
370.544555	1e1a06
370.553734	1e379a
370.568094	1dfb41
370.576002	1dfb39
370.590679	1dfb63
370.601173	1dfb39
370.607746	1dfb39
370.621804	1eb5d5
370.636411	1e1a06
370.642146	1eb860
370.657215	1e379a
370.664915	1e15b5
370.676953	1e0cde
370.689395	1dfb63
370.702602	1e1a06
370.708292	1e15b5
370.714334	1e379a
370.725249	1ce126bdb560
370.738115	1dfb63
370.744210	1dfb63
370.749983	1dfb39
370.760145	1e15b5
370.767451	1e19d3
370.775655	1dfb63
370.788900	1dfb63
370.799928	1dfb39
370.813790	1ed3cd
370.828689	1e15fb
370.837402	1e37de
370.846757	1dfb39
370.861223	1e379a
370.870269	1dfb63
370.876623	1dfb39
370.882124	1e1a06
370.894566	1dfb39
370.909269	1e928d
370.917526	1e9260
370.929985	1e1a06
370.944132	1e1a06
370.949396	1e1a06
370.956061	1e37fa
370.962577	1e1a06
370.970353	1dfb63
370.980846	1dfb63
370.990924	1dfb39
371.004938	1dfb63
371.012863	1dfb63
371.022539	1dfb63
371.033667	1e379a
371.040917	1dfb39
371.055176	1e379a
371.066174	1e1a06
371.071575	1dfb39
371.081137	1e1a06
371.095086	1ce126bdb754
371.110198	1e03fa
371.122475	1dfb39
371.134556	1eb605
371.142751	1e379a
371.152393	1eb605
371.166696	1e1a06
371.176991	1e379a
371.191754	1dfb39
371.198646	1eb605
371.212150	1dfb39
371.225758	1e149f
371.235589	1dfb63
371.240839	1ce126bdb754
371.249452	1dfb63
371.259493	1dfb39
371.274352	1dff05
371.282742	1dfb39
371.292349	1dfb39
371.299521	1dff7c
371.312421	1e379a
371.321253	1e1a06
371.334394	1dfb63
371.343489	1e1a06
371.354025	1dfb39
371.359382	1dfb63
371.368228	1ce126bdc178
371.373529	1e1a06
371.384518	1e1a06
371.398875	1e1a06
371.412727	1e9d41
371.419308	1e1a06
371.429553	1dfb39
371.441322	1dfb63
371.449783	1ebd5d
371.463686	1dfb39
371.477423	1e1a06
371.482969	1e9dc0
371.493913	1ce126bdb754
371.505013	1dfb63
371.514182	1dfb39
371.528687	1dfb63
371.543416	1dfb63
371.558234	1e1a06
371.569531	1e1a06
371.580995	1e1a06
371.594551	1dfb63
371.605675	1dfb63
371.616680	1dfb63
371.625433	1e379a
371.637391	1e379a
371.650988	1dfb39
371.665958	1e1a06
371.680788	1e1908
371.688829	1e15b5
371.698327	1dfb39
371.705537	1dfb39
371.720419	1ce126bdaed2
371.725745	1e1a06
371.734041	1e1a06
371.743632	1e9dc4
371.758191	1e4fd2
371.764273	1e1a06
371.777773	1eb512
371.791878	1e379a
371.805852	1ea597
371.819315	1dfb63
371.825473	1ce126bdb754
371.836298	1dfb63
371.848562	1ed39d
371.854827	1e0ca9
371.867348	1ce126bdadb3
371.879248	1dfb63
371.890562	1dfb63
371.898824	1dfb63
371.911817	1e1484
371.923170	1dfb39
371.936106	1e379a
371.950069	1dfb39
371.958143	1e9d67
371.969852	1e3780
371.977269	1dfb39
371.986228	1dfb39
371.997426	1dfb63
372.004075	1e1a06
372.012698	1eb5d5
372.019788	1dfb39
372.028744	1e1a06
372.035982	1e1a06
372.044195	1ed88f
372.051263	1dfb39
372.061996	1dff05
372.075401	1ce126bdc09d
372.083718	1ebd08
372.094021	1dfb63
372.107106	1e1a06
372.115927	1e1a06
372.123142	1e1a06
372.135315	1dff05
372.140905	1e379a
372.154720	1e93dd
372.167322	1dfb63
372.173951	1dfb63
372.184941	1ce126bdb560
372.191280	1e379a
372.198412	1dfb39
372.212654	1e92f3
372.218566	1e1a06
372.232241	1e1a06
372.239533	1dfb39
372.251772	1e9445
372.259904	1dfb39
372.270214	1ed868
372.284539	1e142d
372.294839	1e9260
372.304329	1e940b
372.310163	1e9302
372.321667	1dfb63
372.329920	1dfb39
372.336881	1eb82a
372.343296	1dfb39
372.352975	1dfb39
372.363344	1dfb63
372.368602	1dfb63
372.377147	1dfb39
372.385376	1e380f
372.394939	1dfb63
372.408438	1dfb39
372.416683	1e15b5
372.422709	1e379a
372.433699	1e1a06
372.441893	1dfb39
372.451504	1e1a06
372.459576	1e1a06
372.474075	1eb5d5
372.480887	1e1a06
372.488315	1e379a
372.494803	1dfb39
372.505758	1dfb39
372.511743	1e379a
372.526706	1dfb93
372.538549	1e1a06
372.544347	1dfb39
372.550240	1e1a06
372.559767	1eb864
372.572854	1e37de
372.578809	1dfb39
372.585665	1dfb39
372.592810	1e1a06
372.604633	1dfb39
372.619867	1e1a0b
372.628579	1ea77b
372.636812	1ecc70
372.645753	1dfb63
372.658977	1dfb39
372.665298	1dfb39
372.672537	1dff05
372.681632	1ce126bdc210
372.695374	1dfb39
372.708554	1dfb39
372.722012	1dfb39
372.735130	1eb5d5
372.750179	1dfb63
372.759954	1ce126bdb754
372.769359	1e1a06
372.777572	1dfb39
372.790369	1dfb63
372.799363	1dfb63
372.805040	1ebd68
372.814753	1eb62f
372.823037	1ebd54
372.836952	1dff05
372.851701	1e1a06
372.861927	1e1a06
372.870473	1ea731
372.884050	1e1a0b
372.897877	1e379a
372.910717	1dfb39
372.924004	1ea7f7
372.934868	1e1a06
372.946922	1e9417
372.955408	1e3832
372.963618	1dfb63
372.977324	1dfb39
372.985935	1dfb39
372.997178	1dfb63
373.010909	1eb5dd
373.017950	1e0ca9
373.030893	1dfb39
373.045276	1e1956
373.056556	1e1a06
373.069889	1dfb63
373.079575	1eb65e
373.091733	1e3781
373.100505	1dfb5c
373.112150	1eb5d5
373.118523	1eb5d5
373.129934	1ce126bdc1c5
373.142757	1eb5d5
373.149415	1eb5d5
373.156978	1dfb39
373.167734	1e3815
373.176287	1eb5d5
373.183556	1e1616
373.192151	1ce126bdb3a1
373.206688	1e1a06
373.213107	1e1a06
373.219704	1ce126cd7956
373.231684	1eb728
373.246688	1e1a06
373.261381	1dfb39
373.274911	1dfb39
373.283363	1e379a
373.290299	1e1a06
373.299731	1dfb63
373.311448	1e1a06
373.318414	1e4fd8
373.333366	1dfb63
373.348383	1e379a
373.354291	1dfb39
373.361590	1e379a
373.368441	1dfb39
373.375638	1e3871
373.383766	1dfb39
373.395302	1e1a06
373.405898	1e1a06
373.418380	1dfb39
373.426286	1e379a
373.435298	1e1a06
373.440930	1dfca9
373.448960	1e1a06
373.456054	1e19e5
373.468423	1dfb39
373.479063	1e379a
373.490005	1dfb41
373.496497	1dfb71
373.506118	1ebd27
373.516480	1dfb41
373.524458	1dfaed
373.531267	1dfb39
373.544363	1dfb39
373.555151	1ce126bdc1c5
373.566999	1e1a06
373.573154	1dfb63
373.585452	1dfb63
373.596965	1dfb63
373.606841	1dfb63
373.614914	1ed3a7
373.625311	1e948f
373.639551	1e1a06
373.654008	1e18ec
373.660105	1e925b
373.670678	1e1a0b
373.681216	1e1a06
373.689820	1e0cb0
373.699089	1e1a06
373.714034	1e379a
373.725160	1dfb63
373.735533	1ebd68
373.749948	1dfb63
373.761010	1e379a
373.767609	1dfb63
373.777476	1dfb63
373.789788	1dfb63
373.801459	1eb5ff
373.808925	1dfb39
373.814469	1e1a06
373.824273	1e1a06
373.838492	1dfb39
373.845399	1e1a06
373.857697	1e1a06
373.869860	1dfb39
373.878284	1eb522
373.888245	1e3832
373.894413	1dfb39
373.907704	1dfb39
373.920812	1e379a
373.928158	1eb535
373.939687	1e1a06
373.948197	1e1a06
373.957607	1e37c3
373.972496	1e0cc7
373.981514	1ce126bdaabf
373.995607	1dfb41
374.005032	1dfb39
374.017931	1dfb39
374.029164	1e1a06
374.039287	1dfb63
374.045665	1ce126bdaec9
374.056322	1dfb39
374.063094	1e1a06
374.075542	1e1908
374.089690	1ce126bdae91
374.103839	1e1a06
374.117594	1e1a06
374.128977	1ce126bdb560
374.137235	1e379a
374.147331	1dfb63
374.155461	1eb652
374.166914	1eb605
374.176535	1dfb39
374.188931	1e1a06
374.200236	1dfb39
374.206977	1e1a06
374.215246	1e9d94
374.222608	1e1a06
374.232680	1dfb39
374.243181	1dfb63
374.249415	1dfb63
374.257392	1ce126bdaeec
374.268985	1e1484
374.276808	1e9dd6
374.286212	1e1a06
374.291692	1dfb63
374.300337	1e379a
374.313933	1dfb39
374.328016	1dfb63
374.340809	1dfb71
374.353741	1dfb39
374.361137	1e1a06
374.373001	1e1a06
374.381054	1e1a06
374.389622	1dfb63
374.398187	1eb79f
374.412755	1dfb39
374.422890	1dfb63
374.431283	1e15b5
374.443721	1e1a06
374.453924	1eb581
374.464354	1dfb39
374.476419	1e1484
374.488697	1dfb39
374.497544	1dfb39
374.508113	1eb605
374.518638	1e37a0
374.524570	1e9da8
374.529766	1e1a06
374.537618	1ed835
374.544723	1dfb63
374.558586	1ce126bdb3a1
374.567448	1dfb39
374.577902	1dfb39
374.592867	1e1a06
374.602843	1dfb63
374.611263	1e9260
374.621652	1ce126bdc066
374.628901	1dfb39
374.635170	1dfb39
374.650359	1dfb39
374.655844	1dfb63
374.665978	1eb5d5
374.676679	1e1a06
374.684215	1e1a06
374.695894	1e379a
374.701320	1ce126bda97f
374.710204	1dfb39
374.721561	1e379a
374.726947	1dfb63
374.740913	1e1a06
374.754634	1e9f10
374.763189	1dfb39
374.773617	1dfb39
374.787263	1dfb39
374.802154	1dfb63
374.811291	1dfb63
374.817500	1e379a
374.826829	1e039b
374.832957	1e1a06
374.838531	1dfb39
374.846151	1ed3cd
374.860553	1dfb63
374.866979	1ebced
374.876237	1dfb63
374.884129	1dfb63
374.892999	1e381d
374.902467	1dfb63
374.914939	1dff3c
374.921069	1e1a06
374.935191	1e1956
374.942931	1e1a06
374.953918	1e91ca
374.960518	1dfb39
374.966029	1e1a06
374.979143	1e9467
374.992258	1dfb39
375.005286	1dfb63
375.018692	1dfb39
375.029879	1dfb63
375.036474	1dfb39
375.046506	1dfb63
375.060580	1dfb63
375.071295	1eb566
375.078945	1dfb39
375.091954	1eb62f
375.103664	1e1a06
375.117786	1ce126bdc06a
375.129318	1dfb39
375.138237	1e1a06
375.148211	1e1a06
375.154172	1ce126bdc066
375.160753	1e1a06
375.168852	1e1a06
375.180865	1e1a06
375.192383	1eb5e5
375.203187	1ce126bdae22
375.210695	1e1a06
375.216807	1eb846
375.230706	1dfd9b
375.237606	1ce126bdc210
375.252176	1e94ba
375.261198	1dfb39
375.274869	1dfb39
375.286466	1dfb39
375.291729	1dfb39
375.302608	1e1a06
375.308847	1e1a06
375.317064	1dfdb8
375.325437	1eb58e
375.340331	1e1a06
375.352913	1dfb63
375.361360	1dfb63
375.370342	1dfdac
375.378512	1dfb39
375.384909	1ebd4f
375.392221	1eb612
375.404359	1eb605
375.411301	1dfb39
375.418869	1ce126bdb04a
375.428468	1e1a06
375.440174	1dff7c
375.448929	1dfb39
375.459575	1e379d
375.474435	1dfb39
375.482751	1ce126bdc174
375.491994	1ce126bdae2f
375.503555	1dfdac
375.509611	1ed33b
375.520350	1dfb39
375.528885	1eb774
375.542622	1dfb71
375.556335	1e379a
375.566174	1dfb39
375.574210	1e9417
375.588993	1dfb71
375.598042	1dfb39
375.610082	1dfb63
375.622157	1dfb39
375.632882	1dfb63
375.645342	1dfde4
375.655937	1e15d6
375.670472	1dfb39
375.681983	1dfb3d
375.694395	1e1a06
375.706536	1e1a06
375.719347	1dfb63
375.734342	1e1a06
375.743762	1dfb39
375.753857	1e379a
375.766782	1eb5d5
375.776963	1dfb39
375.785567	1e9dc4
375.791796	1e1a06
375.805035	1dfb63
375.811635	1eb72b
375.817408	1e948f
375.829781	1dfb39
375.838124	1dfb39
375.846919	1dfb39
375.853406	1e379a
375.859277	1dfb63
375.868230	1eb5d5
375.876051	1ce126cd7932
375.891135	1eb5d5
375.900038	1e153b
375.908092	1dfb39
375.917261	1e1a06
375.927962	1dfb39
375.937928	1dfb39
375.944514	1e1a06
375.956013	1dfa8a
375.969078	1dfb39
375.977257	1e9577
375.990080	1e3852
375.996700	1dfb39
376.005689	1e9302
376.018156	1dfb63
376.026180	1dfb63
376.040914	1dfde4
376.053550	1e1a06
376.064379	1e1a06
376.079308	1dfb63
376.089718	1dfb39
376.100934	1dfb39
376.106197	1eb6f1
376.118479	1dfb63
376.132659	1dfb39
376.143355	1e1484
376.150532	1e1a06
376.162810	1dfb39
376.172763	1e3786
376.183862	1ce126bdb042
376.194454	1e1a06
376.209583	1dfb63
376.220975	1dfb39
376.229012	1dfa8a
376.237279	1eb791
376.247274	1eb5bd
376.258083	1dfb39
376.268269	1dfb63
376.274567	1dfb39
376.287854	1dfb63
376.301284	1dfb39
376.309511	1e1a06
376.322116	1dfb39
376.333377	1dfb39
376.342152	1dfe97
376.350702	1e1a06
376.365550	1dfb39
376.380564	1dfccb
376.394690	1dfb39
376.409793	1dfb39
376.415885	1ce126bdb042
376.430454	1dfdd5
376.438944	1e1a06
376.447286	1e15b5
376.456273	1e1a06
376.466649	202958
376.476064	1dfb63
376.483182	1dfb63
376.495519	1ce126bdb04a
376.504709	1e1a06
376.517026	1ce126bdb394
376.531140	1e5040
376.538565	1dfb39
376.546891	1dfb63
376.552086	1e1a06
376.557347	1dfb39
376.567032	1e1a06
376.576518	1dfb39
376.583402	1eb86c
376.590205	1dfb63
376.597249	1eb860
376.605472	1dfb39
376.615767	1e379a
376.622967	1dfb39
376.631410	1dfec3
376.639529	1e1a06
376.651395	1e1a06
376.661302	1dfb63
376.674878	1e1a06
376.686742	1dfb39
376.694610	1e1a06
376.702350	1dfa4b
376.708779	1e1a06
376.716505	1dfb63
376.727298	1dfb39
376.739735	1dfb39
376.748330	1dfb63
376.754004	1dfb39
376.768427	1e1a06
376.779397	1e9361
376.788271	1ed847
376.800003	1dfb39
376.810880	1dfb63
376.817885	1dfb39
376.828166	1dfb63
376.837506	1e379a
376.843311	1dfb63
376.849494	1dfb39
376.861944	1dfb71
376.872854	1ce126cd7940
376.885087	1dfb39
376.896941	1dfb39
376.902702	1e15b5
376.908876	1e14b7
376.914294	1dfb39
376.928421	1dfb39
376.942181	1ce126bdc1c5
376.956778	1ce126bda986
376.969780	1e15b5
376.984976	1dfb71
376.997984	1dff38
377.004371	1dfb39
377.019049	1e3809
377.030822	1e1a06
377.041141	1dfb63
377.054700	1e1a06
377.067104	1ce126bdae2f
377.080888	1dfb39
377.086744	1dfaf0
377.100073	1dfb63
377.114170	1eb5d5
377.125177	1dfb39
377.136214	1dfb71
377.147005	1e1a06
377.161023	1e1a06
377.169941	1dfb39
377.178672	1dfb39
377.190394	1dfb63
377.197227	1dfb39
377.203972	1e1a06
377.214038	1e1a06
377.220434	1e1a06
377.235461	1e1a06
377.245847	1dfb63
377.259623	1e1a06
377.267328	1e37e7
377.274745	1e379a
377.285608	1eb58e
377.298382	1dfb39
377.307642	1e1a06
377.321163	1e1a06
377.332667	1e9505
377.337988	1e3855
377.344358	1dfb39
377.357114	1dfb39
377.369581	1eb79f
377.383459	1dfb39
377.396564	1e1a06
377.410164	1dfb39
377.418149	1dfb71
377.430417	1e9549
377.437384	1e1a06
377.450761	1e5040
377.458811	1dfb39
377.472762	1dfb39
377.481512	1e9208
377.492565	1dfb39
377.498201	1dfb63
377.507441	1dfb39
377.519941	1dfb63
377.531074	1dfb39
377.545208	1eb5b5
377.550878	1dfb63
377.559727	1dfb63
377.568240	1dfb39
377.575858	1e1e87
377.583372	1dfb71
377.590812	1e1a06
377.599694	1e1a0b
377.609609	1e1a06
377.616258	1e379a
377.625222	1e1a06
377.634689	1e1a06
377.644562	1e1a06
377.654431	1dfb39
377.662202	1dfb39
377.672379	1dfb39
377.684920	1dfb39
377.695433	1e1a06
377.705442	1e1a06
377.716418	1e1a06
377.724555	1dfb41
377.737359	1dfb39
377.742606	1dfb39
377.755696	1dfb39
377.761886	1dfb39
377.768011	1dfb39
377.779109	1dfb63
377.790710	1dfb39
377.800403	1dfb39
377.808771	1ce126bdb394
377.820498	1ce126bdae45
377.830345	1dfb39
377.841652	1dfb39
377.853262	1dfb39
377.867407	1dfb63
377.882170	1dfb39
377.897374	1e1a06
377.909924	1dfb39
377.920758	1e3863
377.930169	1dfb39
377.935665	1ce126bdb35c
377.943712	1e1a06
377.949444	1dfb71
377.961109	1eb616
377.975368	1e1a06
377.987421	1e1a06
377.995711	1e1a06
378.008543	1e1a0b
378.016401	1e15b5
378.023116	1dfb39
378.029701	1dfb39
378.044223	1e15b5
378.053275	1e1a06
378.067398	1dfb63
378.076642	1dfb39
378.088905	1dfb39
378.100912	1ce126bdc174
378.108541	1e1a06
378.120235	1e1a06
378.130202	1e1a06
378.144500	1dfb63
378.156871	1dfb63
378.170910	1dfb39
378.176776	1dfb63
378.188663	1dfb39
378.199645	1dfd9b
378.210052	1dfb39
378.222484	1e379a
378.228254	1dfb39
378.235301	1dfb39
378.242200	1dfb39
378.254180	1e1a06
378.263656	1eb605
378.274374	1e1a06
378.287381	1dfb39
378.298847	1dfb63
378.304379	1dfb63
378.311868	1dfb39
378.324146	1ce126bdb376
378.332344	1e1a06
378.341529	1e1a06
378.348957	1dfb39
378.357680	1dfb63
378.363307	1dfb39
378.369762	1e1a06
378.377362	1dfb39
378.382716	1dfb39
378.392339	1ebd68
378.398107	1dfb39
378.408593	1eb5d5
378.423293	1eb860
378.430245	1e1a06
378.438393	1e1a06
378.445929	1dfb39
378.452379	1e379a
378.464834	1dfe14
378.478557	1ce126bdb560
378.483993	1dfb63
378.490880	1eb860
378.497189	1eb5d5
378.506072	1dfb39
378.514938	1dfb39
378.527353	1ce126cd7884
378.534781	1dfb63
378.542619	1e37e7
378.554277	1e379a
378.563345	1e379a
378.575893	1dfb39
378.587210	1e1a06
378.593557	1e948f
378.604884	1dfb39
378.612895	1e9260
378.620809	1e1a17
378.627744	1dfb71
378.640643	1dfb39
378.653242	1eb612
378.665850	1dfb63
378.672434	1dfb63
378.686474	1e1a06
378.695690	1dfb39
378.705949	1e1a06
378.720285	1dfb39
378.730156	1e1a06
378.743284	1e9260
378.748591	1dfb39
378.758467	1e1a06
378.767483	1e1a06
378.781982	1eb605
378.789225	1dfb39
378.800026	1dfb63
378.805315	1dfb39
378.816328	1dfb63
378.827933	1dfb63
378.834804	1dfb39
378.841834	1dfb63
378.849797	1dfa8a
378.855000	1e379a
378.863708	1e1484
378.876292	1eb781
378.882945	1dfb39
378.888846	1e1484
378.901039	1dfb63
378.912105	1e1a06
378.921748	1e1a06
378.929232	1e1a06
378.935732	1e1a06
378.945319	1dfb39
378.956703	1e142a
378.964477	1dfb39
378.974238	1e1a06
378.982182	1e1a06
378.989238	1e379a
378.996790	1dfb39
379.005509	1e1a0b
379.018122	1e1a06
379.025318	1e1a06
379.032913	1eb5d5
379.039721	1dfb39
379.053631	1e929d
379.060926	1dfb39
379.069624	1eb5a0
379.082471	1eb797
379.088354	1e1a06
379.101296	1e15b5
379.111891	1e1a06
379.119067	1e1a06
379.130691	1eb58e
379.136394	1dfb39
379.145972	1dfb39
379.152118	1e928d
379.159572	1dfb63
379.168319	1dfb63
379.175227	1dfb39
379.188491	1dfb71
379.197072	1ce126bda986
379.206344	1e1a06
379.217129	1dfb39
379.228671	1e1a06
379.236024	1dfb39
379.246670	1dfb39
379.256531	1e1a06
379.264164	1e3827
379.277187	1e1484
379.289569	1eb605
379.302009	1dfb39
379.307814	1e1a06
379.320335	1ce126bda9d1
379.330527	1ebd63
379.335932	1dfb39
379.347094	1dfb39
379.357406	1dfb39
379.362992	1e1a06
379.371543	1dfb1c
379.376988	1dfb39
379.383961	1dfb63
379.394939	1dfb39
379.410083	1e1a06
379.422698	1e9505
379.432013	1ce126bdae12
379.437738	1dfb63
379.448644	1dfb39
379.461453	1dfb39
379.469640	1dfb63
379.484368	1dfb63
379.491663	1dfb63
379.502983	1eb605
379.508240	1e1a06
379.513395	1e1a06
379.521090	1eb6ff
379.530502	1ce126bdae22
379.539052	1dfb39
379.544387	1e1a06
379.552639	1eb5a0
379.563843	1dfb39
379.569275	1dfb39
379.574719	202958
379.580201	1e15b5
379.587060	1e1a06
379.598084	1e1a06
379.606636	1ce126bda97f
379.621710	1dfb63
379.634409	1e15b5
379.649517	1dfb39
379.657749	1e19cf
379.665110	1dfb39
379.676639	1dfb39
379.688488	202941
379.693930	1e15b5
379.708630	1e0cb0
379.713921	1dfb63
379.722347	1dfb63
379.728365	1dfb39
379.735389	1dfb39
379.747907	1dfb39
379.756156	1eb5d5
379.767460	1e1a06
379.776637	1dfb39
379.791701	1dfb39
379.799841	1dfb39
379.810864	1dfb63
379.817886	1dfb63
379.827740	1dfde4
379.833475	1dfb39
379.847769	1e1a06
379.854660	1e1a06
379.868048	1e379a
379.881736	1e1a06
379.890492	1e1a06
379.901950	1dfb39
379.912322	1dfb63
379.925323	1eb6c4
379.939540	1dfb39
379.946280	1dfb39
379.954784	1dfb39
379.964310	1e1a0b
379.978924	1dfb39
379.987377	1dfb63
380.002057	1dfb63
380.014974	1dfb39
380.021109	1dfb63
380.029903	1dfb63
380.039074	1dfb39
380.049502	1e1a06
380.063170	1dfb39
380.074675	1e1a06
380.081683	1e94ab
380.089778	1ed83f
380.102256	1dfb39
380.108584	1e1a06
380.119687	1e4fed
380.127068	1dfb63
380.136399	1e96c8
380.144598	1eb605
380.150808	1dfb63
380.156570	1dfb58
380.168446	1dfb63
380.177375	1dfb39
380.185630	1dfb39
380.197176	1dfb63
380.209205	1dfb39
380.214645	1dfb63
380.228945	1eb6a1
380.237461	1e1437
380.250289	1e1a06
380.255941	1e1a06
380.261146	1dfb39
380.273149	1e1a06
380.286466	1e1a06
380.295888	1dfb39
380.308812	1e1a06
380.323312	1eb860
380.337026	1e1a06
380.343250	1eb5d5
380.354563	1dfb39
380.365113	1eb63b
380.376632	1e15b5
380.388304	1e1616
380.403647	1eb5a0
380.409018	1eb61e
380.418901	1dfb1c
380.425233	1dfb39
380.436477	1dfb63
380.445873	1dfb63
380.455388	1e1a06
380.467632	1dfb39
380.474028	1dfb39
380.488290	1dfec3
380.501141	1e1a06
380.515257	1ebcfe
380.522251	1e1a06
380.530038	1e1a06
380.537638	1dfb39
380.545539	1eb5d5
380.556707	1dfb63
380.570175	1eb6a1
380.582822	1e1a06
380.588993	1e1484
380.601537	1eb7f4
380.606792	1e1a06
380.613987	1ea80b
380.622455	1e1a06
380.630259	1e158c
380.642195	1dfb41
380.655739	1dfb39
380.670801	1eb860
380.685020	1dfb39
380.690775	1dfe86
380.704837	1e1a06
380.719245	1dfb63
380.729869	1e93dd
380.739989	1dfb39
380.754363	1ed831
380.769435	1dfb63
380.779954	1dfb63
380.791361	1dfb39
380.796629	1dfb39
380.806765	1e15b5
380.817461	1dfb39
380.825206	1dfb39
380.835152	1e379a
380.846925	1dfb63
380.854661	1dfb63
380.866662	1dfb39
380.875740	1dfb63
380.888394	1e1a06
380.895753	1dfb71
380.904504	1e378a
380.910491	1dfb39
380.919813	1e1a06
380.932657	1e0cb0
380.938979	1dfb39
380.945448	1dfb39
380.952873	1ce126bdadb3
380.963976	1e1a06
380.978288	1e379a
380.987640	1dfb39
380.995868	1dfb39
381.001619	1dff05
381.007931	1e1a06
381.016452	1dfb39
381.029137	1dff6a
381.043878	1ce126bdc060
381.053353	1e1a06
381.063638	1dfb39
381.078637	1dfb63
381.091146	1e1a06
381.097760	1e1a06
381.112149	1dfb39
381.120673	1dfb63
381.133704	1eb860
381.142614	1e1a06
381.156791	1dfb39
381.164607	1ce126bdc060
381.176368	1e1a06
381.187814	1dfb39
381.200313	1dfb39
381.207750	1e1a06
381.214259	1dfb63
381.226867	1e15b5
381.239849	1ebda8
381.253653	1ebdaf
381.267770	1ebdaf
381.280028	1ebdaf
381.285979	1ebda8
381.294311	1e1a06
381.300276	1dfb39
381.314262	1dfb39
381.325738	1e1a06
381.330956	1e379a
381.345433	1dfb39
381.356370	1e1a06
381.369589	1dfb63
381.378268	1dfb39
381.388196	1e1a06
381.400423	1e03fa
381.410765	1dfb39
381.420865	1dfb39
381.427668	1e5066
381.435510	1ce126bdae22
381.446954	1dfb63
381.459255	1dfb63
381.472670	1dfb63
381.478604	1dfb63
381.486975	1e1a06
381.501783	1dfb39
381.508201	1dfa3a
381.521517	1dfb39
381.536156	1e1a06
381.548180	1dfb39
381.563223	1e1484
381.574056	1ed3cd
381.585934	1e9260
381.597533	1dfb63
381.603672	1dfb63
381.618361	1dfb39
381.624303	1eb5d5
381.639144	1dfb63
381.652701	1e3781
381.661722	1dfb39
381.676672	1dfb63
381.689351	1eb605
381.698036	1e1a06
381.706413	1e1a06
381.713209	1dfb41
381.722119	1e1a06
381.736837	1dfb39
381.743105	1e379a
381.751328	1dfb39
381.766432	1ce126bdb3b0
381.774849	1dfb39
381.787931	1dfb39
381.801513	1dfb39
381.808553	1dfb39
381.814970	1dfb39
381.828645	1dfb39
381.835000	1e1a06
381.846568	1e15b5
381.859724	1eb605
381.867345	1dfb39
381.879046	1dfb39
381.886202	1ce126bdadb3
381.896237	1e1a06
381.903739	1e948f
381.909258	1e1a06
381.920111	1dfb63
381.928936	1dfb39
381.942832	1e9d27
381.954540	1dfb39
381.962693	1e15b5
381.969026	1e379a
381.977607	1dfb63
381.991196	1e1a06
382.001540	1dfb39
382.008831	1e0ce8
382.015315	1dfb39
382.028989	1dfb39
382.040689	1dfb39
382.055337	1e1a06
382.067546	1e1a06
382.080923	1e379a
382.092516	1e03fa
382.098575	1ce126bdae2f
382.104364	1dfb39
382.117426	1e929d
382.126731	1e379a
382.138094	1ce126bda9d1
382.152586	1e1eea
382.162376	1e191e
382.168714	1e379a
382.174514	1e0cb0
382.187042	1dfb71
382.198121	1dfb39
382.204221	1e1a0b
382.218112	1dfb39
382.226045	1e929d
382.231774	1e1a06
382.242887	1dfb63
382.254745	1dfb63
382.269779	1e0cb0
382.281950	1ce126bdc1c5
382.289481	1e1a06
382.295720	1e1a06
382.304743	1e9417
382.318863	1e1a06
382.327817	1e3871
382.342199	1dfb63
382.349116	1dfb63
382.359328	1dfb63
382.373946	1eb5c2
382.383039	1eb687
382.390254	1e1a06
382.400152	1eb5d5
382.407430	1e1964
382.417469	1dfb71
382.432475	1e1a06
382.438190	1ce126bdc089
382.452900	1eb5d5
382.467011	1e039b
382.478401	1dfb39
382.490363	1dfb39
382.499351	1dfb39
382.511283	1dfb39
382.516490	1e1a06
382.530519	1dfb63
382.538564	1e1a06
382.550480	1e1484
382.565429	1dfb39
382.574402	1dfb71
382.584679	1dfb39
382.592928	1dfb39
382.603674	1e1a06
382.609532	1dfb39
382.618782	1dfb39
382.626943	1dfb39
382.634883	1dfb63
382.645553	1e1a06
382.658173	1dfb39
382.666786	1e1606
382.680694	1eb605
382.690931	1ea549
382.701292	1e19d8
382.709564	1dfb39
382.718938	1e1a06
382.730960	1dfb63
382.743107	1e1a06
382.753937	1ebda8
382.759174	1ebdaf
382.772404	1ebda8
382.787358	1ebda8
382.793517	1ebda8
382.802513	1ebda8
382.814932	1e37db
382.824324	1ea83e
382.831417	1e5032
382.845455	1dfb39
382.853000	1dfb39
382.859923	1dfb39
382.873186	1e4fcf
382.886721	1dfb63
382.895295	1dfb71
382.904404	1e1a06
382.918769	1e4fd8
382.928211	1ed293
382.936673	1e1a06
382.943066	1cef42
382.955504	1dfb71
382.962228	1dfb39
382.973837	1dfb63
382.983579	1dfb39
382.989987	1dfb63
383.005011	1e1a06
383.020056	1dfb39
383.030784	1e1a06
383.038120	1e153b
383.043828	1dfa90
383.057908	1e3871
383.064461	1dfb39
383.077304	1e924d
383.086861	1dfb39
383.094313	1dfb39
383.099479	1e1a06
383.113182	1dfb63
383.121374	1eb5d5
383.133271	1eb5f3
383.141283	1dfb63
383.153672	1dfb63
383.162347	1dfb63
383.172484	1dfb41
383.180650	1dfb63
383.186892	1dfb63
383.197790	1dfb39
383.204471	1dfb39
383.218417	1e1a06
383.230523	1dfb39
383.244612	1e1a06
383.258160	1e1f03
383.263726	1e1a06
383.277858	1e1f42
383.284692	1e0cb0
383.292881	1eb5ff
383.299796	1e1a06
383.308710	1dfb71
383.319137	1e1a06
383.330064	1ebda8
383.345042	1ce126bdb3a1
383.359758	1e1a06
383.372178	1ce126bdb386
383.381129	1e1a06
383.389226	1dfb39
383.402113	1dfb39
383.412500	1e1a06
383.423197	1ce126bdb870
383.438065	1dfb39
383.445290	1dfb39
383.453027	1ce126bdb870
383.467424	1e1a06
383.478103	1e379a
383.483362	1dfb63
383.497520	1ebda8
383.505682	1ebda8
383.520651	1ebda8
383.532488	1e1a25
383.543044	1ce126bdb340
383.550922	1e1eea
383.564033	1e379d
383.573630	1e1f37
383.581493	1e1f37
383.590027	1dfb39
383.602008	1dfb39
383.609014	1e1f37
383.621797	1e1a06
383.631615	1dfb39
383.646293	1dfb63
383.657465	1dfb63
383.672558	1e1f37
383.680531	1e1ef4
383.691658	1e1f37
383.706520	1e1ea6
383.713011	1e1f37
383.726517	1e1f37
383.733366	1e1f42
383.741345	1e1f37
383.756439	1ce126cd810a
383.767638	1e1f37
383.776808	1e1e98
383.784975	1e1f37
383.800186	1e1f37
383.812833	1e1f37
383.827384	1e37a0
383.841788	1dfb39
383.847609	1dfb39
383.862731	1dfb39
383.871157	1e1a06
383.877449	1e1a06
383.890636	1e1a06
383.897158	1dfb63
383.911880	1dfb63
383.918056	1dfb39
383.930098	1ed130
383.938577	1e379a
383.944045	1e1a06
383.957026	1e03d9
383.966278	1e92a1
383.973638	1dfb39
383.982370	1dfb63
383.991707	1e1a06
384.002652	1e1a06
384.008461	1ed293
384.021236	1dfb39
384.030978	1dfb39
384.044209	1dfb63
384.050896	1dfb63
384.057112	1dfb39
384.066833	1dfb63
384.079797	1e9252
384.089724	1dfff1
384.095332	1e1a06
384.108419	1ce126bdc1c5
384.114035	1e3818
384.125719	1dfb39
384.137888	1dfb39
384.147373	1dfb39
384.157452	1ebd68
384.171188	1dfb63
384.180183	1dfb39
384.192509	1eb5dd
384.207314	1dfe31
384.221438	1eb87f
384.227434	1e274c
384.241181	1eb51b
384.256121	1e1a06
384.268488	1e15b5
384.276095	1e03d9
384.287676	1e1a06
384.299649	1e1a06
384.314048	1dfa48
384.319941	1e1484
384.330639	1ce126bdb870
384.339275	1dfb39
384.352920	1ce126bdb870
384.364804	1e9260
384.375524	1e1a06
384.389854	1dfb63
384.404673	1dfb39
384.411414	1e379a
384.420385	1e1a06
384.426685	1dfb39
384.435968	1dfb39
384.441539	1e1a06
384.452818	1dfb0c
384.458674	1e03d9
384.470552	1dfb39
384.480080	1dfb63
384.485378	1e190b
384.495334	1dfb39
384.504164	1dfff1
384.517392	1ce126bdb870
384.531191	1dfa98
384.540550	1dfb63
384.550371	1eb860
384.557610	1e1a06
384.565849	1eb5d5
384.577939	1e1a06
384.585319	1e03d9
384.595309	1ce126cd810a
384.605196	1ebda8
384.615515	1ebdaf
384.629828	1ebdaf
384.638300	1ebdaf
384.653390	1e1581
384.664055	1ce126bdb870
384.674908	1dfff1
384.683837	1dfb63
384.698392	1e1a06
384.711784	1dfb63
384.723108	1e1a06
384.734131	1e1a06
384.747059	1dfff1
384.756241	1ea58a
384.762365	1e03a7
384.772587	1dfb39
384.781546	1e1a06
384.795131	1dfa41
384.805205	1e1a0b
384.810981	1dfff1
384.819783	1dfff1
384.829505	1e9260
384.839051	1ed888
384.847525	1dfb63
384.857297	1eb535
384.867315	1ebdaf
384.882361	1dfff1
384.892420	1e1a06
384.898399	1e1a06
384.903749	1ed888
384.912649	1dfb39
384.919556	1e1a06
384.927877	1dfb39
384.942368	1e0072
384.950247	1ed888
384.956129	1dfb63
384.967833	1dfb63
384.977649	1dfb63
384.986946	1dfb39
384.999268	1dfb63
385.008314	1dfb39
385.018026	1ce126bdc3a0
385.024715	1e0033
385.036825	1dfb39
385.048762	1dfff1
385.057493	1ce126bdad30
385.071366	1ed888
385.086049	1e1a06
385.098453	1dfb39
385.109080	1e1a06
385.119235	1ed359
385.129970	1e0038
385.137928	1dfb39
385.146281	1ce126bdb870
385.154901	1ed888
385.168032	1ed888
385.182284	1dfb63
385.189330	1dfb39
385.195969	1dfb39
385.202445	1dfb39
385.207903	1dfb41
385.219130	1dfb63
385.224960	1eb5d5
385.239857	1dfb39
385.247908	1eb581
385.260351	1dfb63
385.273577	1ebda8
385.284463	1ebda8
385.293474	1e1a06
385.301499	1dfb39
385.311947	1dfff1
385.321972	1dfb39
385.335992	1e379a
385.345404	1dfff1
385.358718	1dfff1
385.365469	1e1a06
385.373527	1e1a06
385.388206	1e1a06
385.400003	1dfb39
385.408340	1eb742
385.414006	1eb5ff
385.428116	1ce126bdae12
385.434706	1e1a06
385.447675	1e0072
385.457467	1dfb63
385.468410	1e1a06
385.476367	1ce126bdb870
385.482413	1dfde4
385.493583	1eb549
385.504997	1eb616
385.519819	1dfb39
385.531095	1ce126bdae45
385.542712	1e1a06
385.549146	1ebda8
385.558017	1dfff1
385.571707	1ebdaf
385.581905	1ebda8
385.588547	1ebda8
385.600740	1e1a06
385.613972	1dfb39
385.619872	1dfb39
385.634077	1e1a06
385.644893	1dfb39
385.653316	1dfb39
385.668399	1e0072
385.682871	1ed324
385.696383	1dfb39
385.705076	1dfb39
385.717294	1eb5d5
385.728138	1e1a06
385.735025	1ce126bdb870
385.742214	1dfb39
385.749291	1dfff1
385.756105	1dfb39
385.766040	1dfb39
385.779745	1ce126bdb870
385.792225	1dfb39
385.798351	1e1a06
385.807905	1e379a
385.815015	1e9302
385.823891	1ed88f
385.838938	1dfff1
385.849937	1dfb39
385.858615	1ce126bdaf07
385.865610	1e1a06
385.873670	1dfb39
385.886107	1e03d9
385.896640	1e1a06
385.905562	1e1a06
385.912325	1ce126bdb442
385.920208	1dfb39
385.932443	1dfb39
385.942695	1e1a06
385.956049	1ce126bdb870
385.969216	1dfb63
385.982216	1dfb63
385.993626	1dfb63
386.004200	1e1a06
386.010608	1dfff1
386.017170	1dfff1
386.024635	1e0038
386.032065	1ce126bdae45
386.042594	1e0072
386.054185	1dfb63
386.064137	1ed88f
386.075899	1dfb63
386.089179	1e380f
386.103775	1dfb63
386.113297	1eb5d5
386.120926	1ebda8
386.132503	1dfb39
386.147544	1eb609
386.158496	1eb5d5
386.171984	1dfb39
386.177164	1ce126bdaad6
386.190287	1e1a06
386.196441	1dfff1
386.210247	1e18ce
386.216197	1ce126bdb870
386.221413	1e1a06
386.236313	1e1a06
386.243555	1e1a06
386.251607	1dfff1
386.263331	1e9d3e
386.273547	1dfb39
386.284199	1dfb39
386.291149	1e1a06
386.300399	1dfff1
386.311872	1eb621
386.323244	1e0033
386.332352	1eb760
386.344231	1dfb63
386.355701	1e379a
386.366891	1dfb39
386.376772	1dfff1
386.387241	1dfb71
386.398965	1dfb71
386.412673	1dfb63
386.424020	1dfb71
386.437450	1dfde4
386.445736	1ce126bdb870
386.459292	1dfb39
386.471081	1dfb63
386.484353	1e1a06
386.498962	1e15b5
386.505287	1ce126bdb870
386.511112	1ce126bdb870
386.517455	1eb5d5
386.525343	1dfb39
386.536436	1dfff1
386.544855	1ebdaf
386.558836	1ebdaf
386.567319	1ebdaf
386.574134	1ebdaf
386.587644	1ebda8
386.594841	1ebda8
386.600784	1ebda8
386.610964	1ebdaf
386.621601	1ce126bdb220
386.630111	1e0038
386.641172	1ce126bdb870
386.653744	1e1a06
386.667972	1dfb63
386.674064	1dfb63
386.685963	1e1a0b
386.697004	1ea591
386.707658	1dfb39
386.720001	1dfb39
386.728160	1e0038
386.742268	1dfb39
386.756821	1dfb63
386.766083	1e002f
386.776520	1ed888
386.783805	1e1a06
386.791333	1e1484
386.804653	1eb6a1
386.812653	1dfb63
386.826643	1ebda8
386.832674	1dfff1
386.842618	1e383c
386.856882	1dfb39
386.868645	1ce126bdb376
386.874171	1ed88f
386.881671	1dfb71
386.887622	1e9260
386.896137	1dfb39
386.910604	1e1a06
386.925151	1dfb63
386.939444	1dfb39
386.950853	1dfb63
386.958650	1eb605
386.969199	1dfb39
386.975296	1ebda8
386.982796	1dfe23
386.994485	1e1a06
387.005119	1e1a06
387.017912	1e9716
387.028553	1e1a06
387.036767	1dfb39
387.043771	1ce126bdb870
387.050230	1ed888
387.055740	1dfff1
387.064196	1e9712
387.077997	1ce126bdb870
387.086223	1e155f
387.092176	1dfb39
387.099737	1dffdf
387.107349	1e0033
387.114143	1e1a06
387.123645	1ce126bdb870
387.136874	1ed888
387.147555	1e91c6
387.157322	1dfb63
387.169971	1dfb39
387.176957	1dfb63
387.182805	1dfb63
387.197030	1dfb63
387.211030	1dfb63
387.225564	1dfb39
387.239541	1dfb63
387.251433	1dfb63
387.262025	1ebdaf
387.274083	1dfb41
387.285732	1dfff1
387.294179	1e002f
387.301059	1dfb39
387.311495	1eb713
387.319516	1dfb71
387.328287	1dfff1
387.343050	1eb605
387.353620	1dfb39
387.362143	1eb574
387.373062	1e1f37
387.384197	1e1a06
387.395760	1e1a06
387.405588	1dfb39
387.417195	1ebda8
387.428552	1dfde4
387.440925	1dfb63
387.448257	1dfff1
387.458106	1dfb39
387.465003	1e1a06
387.472380	1dfff1
387.483479	1e1a06
387.498098	1e37ce
387.511708	1e19c2
387.519544	1dfb39
387.527057	1eb5d5
387.536388	1e1a06
387.544278	1dfb39
387.557435	1ce126bdb870
387.571175	1dfb39
387.581703	1ce126bdb870
387.596123	1ebdaf
387.602373	1ebdaf
387.613687	1ebdaf
387.622235	1ebda8
387.635205	1dfb63
387.644618	1dfff1
387.653413	1e9365
387.667738	1dfb63
387.677856	1ebd68
387.689142	1dfb39
387.697295	1dfb39
387.706406	1ea8b6
387.719428	1e1949
387.725309	1dfff1
387.735077	1ce126bdb870
387.749696	1dfb63
387.764864	1ce126bda9d1
387.770797	1ce126bdb870
387.784412	1e1f37
387.798899	1ed88f
387.807796	1dfb39
387.821789	1dfb63
387.828757	1ebda8
387.840414	1dfb39
387.849417	1e1a06
387.857843	1e1a06
387.868159	1dfb39
387.879726	1dfb39
387.888835	1dfb39
387.903590	1e1a06
387.912945	1e1a06
387.925647	1ce126bdb870
387.940166	1e1a06
387.953997	1dfb63
387.968305	1dfff1
387.976455	1eb5d5
387.982061	1eb5d5
387.995382	1ce126bdb42c
388.001886	1ce126cd810a
388.011247	1e1a06
388.024123	1ed888
388.035058	1dfff1
388.043824	1ba220
388.052392	1dfb39
388.062417	1e0033
388.075597	1ed888
388.090702	1ce126bdb870
388.102175	1e1a06
388.110565	1dfb63
388.123992	1dfb39
388.136442	1e37c1
388.143937	1dfb39
388.149213	1e039f
388.161781	1dfff1
388.168511	1e970d
388.174515	1dfdd5
388.187809	1dfde4
388.195711	1dfde4
388.203103	1ed888
388.214734	1e1a06
388.229054	1dfb39
388.234948	1dfb39
388.241857	1dfb63
388.248588	1dfb63
388.263033	1eb625
388.271312	1ebda8
388.277215	1dfb63
388.284902	1eb5d5
388.294347	1dfb63
388.308398	1e1a06
388.314367	1e002f
388.329132	1eb605
388.341615	1e1a06
388.351244	1dfff1
388.364452	1dfff1
388.374545	1e1a06
388.385679	1ce126bdb870
388.392957	1e1a06
388.407322	1dfff1
388.420198	1e1a06
388.432949	1dfaf0
388.438519	1e9ddd
388.450770	1ce126bdb870
388.458927	1dfa7e
388.469288	1dfff1
388.480489	1e1a06
388.489297	1e379a
388.498999	1eb5d5
388.509265	1dfff1
388.514871	1e1a06
388.520315	1e379a
388.534053	1e1a06
388.545038	1ea591
388.556272	1e37fa
388.566488	1e1a06
388.572141	1dfb39
388.582812	1ebda8
388.595883	1e1a06
388.607224	1e1426
388.614985	1dfb71
388.624265	1ed888
388.634057	1dfb39
388.641354	1dfb63
388.652647	1dfb39
388.659032	1dfb63
388.667740	1e1a06
388.680492	1e1a06
388.694429	1ebda8
388.708696	1ebda8
388.720589	1ebdaf
388.734608	1ebdaf
388.744062	1ebda8
388.759190	1ebda8
388.766158	1dfb39
388.772947	1dfb39
388.781502	1eb5d5
388.795416	1dfb39
388.808161	1dfb39
388.822632	1dfff1
388.832680	1e379a
388.841869	1ebd4f
388.854561	1e0cdf
388.869530	1e379a
388.877574	1ce126cd7935
388.886539	1ce126bdc178
388.897706	1ce126bdc067
388.911049	1e1a06
388.917544	1dfb63
388.924183	1dfb63
388.938606	1dfb39
388.953610	1e1901
388.962828	1ce126bdb870
388.975730	1dfb63
388.981213	1dfb63
388.991675	1dfb39
389.004167	1e1a06
389.012743	1dfb39
389.018517	1e5062
389.026676	1dfb71
389.039732	1dfb39
389.048290	1e1a06
389.060951	1ce126bdad30
389.074176	1dfff1
389.086529	1dfb39
389.100580	1e379a
389.110455	1eb760
389.123172	1dfb63
389.132128	1ebda8
389.137782	1eb5d5
389.145436	1e1a06
389.154568	1dfb39
389.162747	1dfff1
389.176688	1dfb39
389.197569	1ce126c5d9ff
389.211418	1e1a06
389.220914	1ed888
389.227171	1dfb39
389.240090	1dfb39
389.255224	1ce126bdb870
389.264068	1e1a06
389.275543	1dfff1
389.287414	1e1f37
389.298086	1dfff1
389.309857	1ed888
389.323504	1ed888
389.335276	1dfb63
389.348150	1dfb39
389.355779	1dfb39
389.365618	1dfb63
389.375640	1dfb63
389.389315	1dfb39
389.404367	1dfb63
389.410993	1dfb63
389.420251	1e37a1
389.432660	1ebda8
389.444495	1ebda8
389.455930	1ce126c55bcb
389.465983	1dfb39
389.475197	1e1a06
389.480687	1dfb39
389.489409	1eb5e9
389.499031	1dfff1
389.504427	1dfff1
389.513271	1ce126bdadcb
389.526755	1dfb63
389.534153	1dfff1
389.540128	1e1a06
389.552749	1eb5d5
389.564684	1dfb39
389.575896	1dfb39
389.584850	1dfde4
389.596473	1eb5dd
389.604302	1e1a06
389.618676	1e002f
389.632345	1e1a06
389.645372	1e1a06
389.656584	1eb581
389.664618	1dfb39
389.671304	1e1a06
389.680329	1e002f
389.692286	1e1f37
389.701135	1e0038
389.714265	1dfb39
389.722855	1ebdaf
389.729910	1ebda8
389.740472	1ebdaf
389.746179	1ebdaf
389.756748	1ebda8
389.766451	1ebda8
389.779661	1dfb39
389.786080	1dfb39
389.795260	1dfb63
389.808312	1e9260
389.816139	1dfb39
389.827680	1dfb63
389.839020	1dfff1
389.852929	1dfff1
389.866481	1e1a06
389.876373	1dfff1
389.886608	1e1a06
389.895542	1dfb63
389.904784	1dfb63
389.916857	1e1a06
389.924577	1e1a06
389.936215	1e1a06
389.950580	1dfff1
389.963876	1dfb63
389.976241	1dfb63
389.990826	1ebdaf
390.004387	1dfb39
390.017592	1dfff1
390.031630	1dfff1
390.042670	1ce126bdb870
390.056631	1ce126bdb870
390.069757	1ea58a
390.077140	1dfff1
390.083630	1dfb39
390.089012	1dfb63
390.098599	1e37c3
390.104234	1dfb39
390.118501	1ce126bdb870
390.129134	1ed39d
390.144285	1dfb63
390.153063	1dfff1
390.158547	1e1a06
390.164752	1eb5d5
390.170283	1ea58a
390.179952	1ce126bdb870
390.187762	1e1a06
390.199051	1dfff1
390.212981	1e1a06
390.226284	1dfb63
390.235919	1e37c0
390.246922	1e0072
390.254740	1e1f37
390.262953	1e1a06
390.276000	1dfff1
390.288789	1e378a
390.295857	1dfb39
390.307038	1dfb63
390.316606	1dfb39
390.325951	1dfff1
390.336340	1e1a06
390.348494	1ed888
390.362068	1e3832
390.377101	1ce126bdb870
390.390310	1ed888
390.395766	1e1484
390.401807	1dfb63
390.416172	1dfb39
390.427291	1eb58e
390.439882	1dfb39
390.454905	1eb5d5
390.463467	1dfb39
390.473657	1dfff1
390.483295	1e0072
390.491599	1e1a0b
390.504313	1eb860
390.519046	1dfb39
390.524324	1dfb63
390.536264	1dfff1
390.545167	1dfff1
390.551772	1ce126bdb870
390.561102	1dfb39
390.570751	1ce126bdb870
390.580212	1eb612
390.586859	1dfb39
390.597033	1ce126bdb870
390.606740	1e03d9
390.618708	1e0072
390.626008	1e1a06
390.634297	1e9417
390.642031	1e1a06
390.651960	1e9302
390.659523	1dfb39
390.671419	1dfb39
390.684008	1e1484
390.693102	1e1a06
390.702301	1dfde4
390.712801	1ea58a
390.724601	1ce126bdaad6
390.734007	1e03d9
390.748009	1ebda8
390.757913	1dfff1
390.767312	1e1f42
390.775232	1e1f37
390.782430	1e1a06
390.793635	1ed888
390.806710	1dfb63
390.817636	1dfb39
390.829604	1e1a06
390.843790	1e1a06
390.850779	1ebda8
390.857354	1ebda8
390.862599	1ebda8
390.876227	1ebda8
390.884012	1ebda8
390.897202	1ebda8
390.911706	1ebda8
390.923500	1dfff1
390.937716	1dfb39
390.943627	1dfff1
390.951328	1dfb63
390.960860	1dfb39
390.970731	1e379a
390.985688	1e96c8
390.995272	1e1a06
391.001051	1dfb39
391.010096	1dfb39
391.023734	1ce126bdb459
391.036526	1e1a06
391.043852	1e002f
391.050478	1e9ecf
391.057549	1dfccf
391.071806	1dfb63
391.085994	1e03d9
391.097821	1e1a06
391.109245	1e1a06
391.116850	1e002f
391.130319	1dfb39
391.142666	1dfb63
391.148104	1dfb39
391.156793	1dfff1
391.168713	1dfe42
391.182884	1dfb39
391.195424	1e1484
391.205776	1ce126cd810a
391.215746	1e1f37
391.229108	1e1f37
391.240808	1e1f37
391.253639	1dfb39
391.265669	1ed88f
391.274644	1dfb39
391.287675	1dfb63
391.297609	1dfb63
391.306650	1e3780
391.319282	1ebd4f
391.329888	1dfb39
391.336160	1e03d9
391.344596	1dfb39
391.353920	1e1a06
391.365835	1e1484
391.378020	1e948f
391.391319	1dfb63
391.396677	1e1a06
391.407479	1dfb39
391.418473	1e9260
391.426360	1e1a06
391.439598	1ce126bdb870
391.444935	1e1a06
391.459193	1e1a06
391.467358	1ed888
391.480744	1e1484
391.487899	1dfb63
391.500612	1dfb39
391.514748	1dfb63
391.522717	1dfb63
391.537041	1ebd4f
391.547332	1dfb63
391.559071	1dfb63
391.567758	1e379a
391.582855	1dfb39
391.589726	1ebda8
391.601871	1dfb63
391.612135	1e0880
391.627016	1e0880
391.636906	1e0855
391.646984	1e0855
391.655619	1e0880
391.662970	1ce126bd967e
391.670363	1e0880
391.684757	1e0880
391.694528	1e0880
391.702284	1e0855
391.709004	1e0cd0
391.716203	1e0855
391.729219	1e0880
391.739592	1e0855
391.749165	1e0ce5
391.754410	1e0855
391.764225	1ce126bdc3ad
391.775405	1e0880
391.787266	1e0855
391.801609	1e0882
391.814663	1e0880
391.829347	1e0aa4
391.838657	1e0880
391.853476	1e0855
391.865837	1e0880
391.880914	1ce126bd9721
391.889030	1e0880
391.898439	1e0880
391.904823	1e0855
391.914910	1e0880
391.921222	1e085d
391.935768	1e0880
391.942726	1e0855
391.955863	1e0cb9
391.967763	1e0880
391.980132	1e0855
391.995209	1e0855
392.001811	1e0880
392.013113	1e0880
392.027124	1e0bed
392.040744	1e0cbb
392.049578	1e0727
392.057153	1e0855
392.066083	1e0cd0
392.072567	1e0bf7
392.083192	1e0727
392.095321	1e0d5f
392.104855	1e0880
392.118461	1e0855
392.132539	1e0855
392.147445	1e0855
392.160283	1e0880
392.175198	1e0855
392.188047	1e0855
392.194864	1e0855
392.207853	1e0880
392.213146	1e0855
392.227091	1e0880
392.235432	1e0d5f
392.241188	1e0880
392.249056	1e0727
392.256001	1e0880
392.270940	1e0855
392.278448	1e0880
392.283713	1e0cb0
392.297478	1e0880
392.309363	1e0880
392.315699	1e0855
392.327665	1e0880
392.340861	1e0880
392.347987	1e0880
392.356662	1e0880
392.368379	1e07e5
392.376339	1e0855
392.391310	1e0882
392.397395	1e0880
392.411601	1e0880
392.419383	1e0829
392.428851	1e0880
392.439510	1e0855
392.446182	1f261c
392.455601	1e0880
392.467517	1e0880
392.478487	1e0ced
392.489835	1e0880
392.499149	1e0880
392.510069	1e0880
392.523966	1e0880
392.531114	1e0cd0
392.540801	1e0880
392.550218	1ce126bdc3c2
392.565350	1e0880
392.572474	1e0880
392.586233	1ce126bd97c0
392.594847	1e0855
392.605293	1e0880
392.615015	1e0880
392.626124	1e0d5f
392.640683	1e0880
392.654079	1e0855
392.662761	1e0880
392.668571	1e0880
392.683582	1e0880
392.695455	1ce126bd966d
392.703406	1e0855
392.708703	1e0855
392.714776	1e0880
392.728355	1e0855
392.741180	1e0880
392.753430	1e0880
392.765795	1e0855
392.775381	1e0880
392.790629	1e0855
392.801994	1e0880
392.808734	1e0855
392.814687	1e0880
392.823339	1e0880
392.829776	1e077f
392.844881	1e0880
392.852056	1e0880
392.862350	1e0855
392.871723	1e0855
392.884387	1e0855
392.894781	1e0880
392.900710	1e0855
392.909235	1e0880
392.914806	1e0855
392.929674	1e0880
392.938562	1e0855
392.952177	1e0880
392.966392	1e0880
392.979438	1e0855
392.991258	1e0855
393.000601	1e0880
393.011808	1e0cbe
393.021483	1e0880
393.027459	1e0855
393.033946	1e0880
393.044108	1e0855
393.054000	1e0880
393.060629	1e0855
393.071626	1e0811
393.082243	1e0880
393.089703	1e0855
393.100516	1e0880
393.107070	1e0880
393.116583	1e0cb9
393.124182	1e0880
393.130025	1e0880
393.140407	1e0880
393.154772	1e0cc7
393.162767	1e0855
393.172828	1e0880
393.187690	1e0880
393.194818	1e0855
393.205412	1e0880
393.212521	1e0855
393.219315	1e0855
393.230750	1e0855
393.241092	1e0880
393.254166	1e0880
393.265749	1e0880
393.278623	1e0880
393.288419	1e0880
393.296604	1e0880
393.310933	1e0cb9
393.316694	1e07db
393.323050	1e079c
393.332700	1e0882
393.339597	1e07fa
393.345482	1e0880
393.354575	1e0727
393.367957	1e0bf7
393.381545	1e0855
393.386915	1e0cd0
393.402064	1e0855
393.413591	1e0880
393.425976	1ce126bdc3c2
393.439280	1e0880
393.448830	1e0880
393.457967	1e0880
393.468078	1e0880
393.474680	1ce126bd96a8
393.480965	1e0880
393.488822	1e0855
393.502280	1e0880
393.510873	1e0880
393.516352	1e0855
393.526500	1e0880
393.532093	1e0880
393.543032	1e0855
393.548837	1e0855
393.561644	1e0880
393.574302	1e0880
393.580299	1e0855
393.585917	1e0880
393.591647	1e0855
393.601158	1e0880
393.606695	1e0880
393.620224	1e0a8e
393.634863	1e0880
393.649461	1e0880
393.660151	1e0855
393.671319	1e0880
393.686090	1e0855
393.696076	1ce126bd96a8
393.702056	1e0880
393.715716	1e0855
393.727055	1e0880
393.736473	1e0855
393.750039	1e0880
393.762008	1e0880
393.771798	1e0880
393.779955	1e0880
393.794211	1e0855
393.803429	1e0880
393.815254	1e0855
393.827339	1e0855
393.838174	1e0880
393.845301	1e0880
393.852660	1e0855
393.866950	1e0880
393.875645	1e0855
393.889882	1ce126bdc3c2
393.895403	1ce126bd96c2
393.910118	1e0880
393.917848	1e0be5
393.923580	1e0880
393.929239	1e0855
393.941933	1e0880
393.947308	1e07c3
393.956174	1e0880
393.970460	1e0855
393.983486	1e0855
393.996101	1e0855
394.008679	1e0880
394.015499	1e0880
394.023693	1e0880
394.031414	1e0880
394.038554	1e079c
394.052770	1e0727
394.063739	1e0880
394.074923	1e0855
394.087791	1e0855
394.097801	1e0880
394.108506	1e0cd0
394.120238	1e0880
394.126059	1e0880
394.141057	1e0855
394.152455	1e0855
394.164430	1e0880
394.170198	1e0727
394.176953	1e0855
394.190745	1e0880
394.198404	1e0727
394.211193	1e0880
394.221159	1e0727
394.231134	1e0880
394.245583	1e0855
394.258591	1e0727
394.272183	1e0880
394.280954	1e0855
394.287601	1e0855
394.302479	1e0880
394.311742	1e0855
394.320230	1e0727
394.328694	1e0880
394.340180	1e0882
394.349247	1e0d5f
394.359713	1e0880
394.372255	1e0880
394.383305	1e0b05
394.389998	1e0880
394.401399	1e0855
394.415670	1e0880
394.429448	1e0880
394.435265	1e0855
394.441168	1e0855
394.448662	1e0880
394.463201	1e0880
394.477903	1e0880
394.491126	1e0855
394.504737	1e0855
394.510545	1e0855
394.522148	1ce126bd96c5
394.535749	1e0880
394.542833	1e0880
394.553536	1e0855
394.560414	1e0855
394.575150	1e0d5f
394.580499	1e0880
394.589535	1e0880
394.601385	1ce126bdc3db
394.611079	1e0880
394.616251	1e0880
394.629466	1e0880
394.641133	1e0880
394.654011	1e0880
394.662153	1e0880
394.671001	1e0880
394.677996	1e0855
394.692698	1e0880
394.706108	1ce126bd966c
394.717540	1e0855
394.722865	1e0880
394.732073	1e0727
394.739282	1e0880
394.752089	1e0d31
394.757696	1e0880
394.768915	1e0cd0
394.782766	1e0cd0
394.797308	1e0880
394.803466	1e0882
394.815886	1e0880
394.822617	1e0855
394.837472	1e0855
394.845277	1e0cb9
394.851769	1e0cd0
394.862132	1e0bf7
394.870011	1e0880
394.883967	1e0880
394.890527	1e0880
394.899608	1e0855
394.913978	1e0855
394.925779	1e0880
394.931919	1e0855
394.946639	1e0855
394.958099	1e0880
394.963758	1e0880
394.971806	1ce126bd9754
394.979310	1e0880
394.984691	1e0cbe
394.994228	1e0880
395.007685	1e0880
395.017761	1e0cd0
395.024887	1e0880
395.032867	1e0855
395.046884	1e0880
395.055189	1e0880
395.065890	1e0bf7
395.071496	1e0855
395.084332	1e0880
395.098391	1e0880
395.112816	1e0855
395.121150	1e0855
395.131545	1e0880
395.144672	1e0855
395.155238	1e0cd0
395.167089	1e0855
395.177933	1e0855
395.188581	1e0855
395.200222	1e0880
395.211183	1e0880
395.224874	1e0855
395.233796	1e0855
395.240558	1e0855
395.254605	1e0880
395.266177	1e0880
395.275470	1e0880
395.290592	1e0882
395.301311	1e0855
395.309018	1e0880
395.323269	1e0880
395.335527	1e0d5f
395.341913	1e0880
395.351191	1e0880
395.364168	1e0880
395.377426	1e0880
395.385359	1e0880
395.396052	1e0880
395.405772	1e0880
395.413087	1e0882
395.422950	1e0855
395.434068	1e0cd0
395.445418	1e0855
395.455809	1e0880
395.466932	1e0880
395.472982	1e0855
395.478352	1e0880
395.493277	1e0880
395.498997	1e0880
395.508784	1e0855
395.523059	1e0880
395.528501	1e0880
395.538169	1e0855
395.546518	1e0cd0
395.557987	1e0880
395.566443	1e0880
395.577950	1e0880
395.589590	1e0880
395.599099	1e0880
395.607114	1f260e
395.618150	1e0855
395.623884	1e0880
395.637398	1e0855
395.649296	1e0855
395.656301	1e0855
395.665702	1e0880
395.674274	1ce126bdc3db
395.687444	1e0855
395.693645	1e0880
395.700043	1e0855
395.705575	1e0855
395.715943	1e0cd0
395.728639	1e0880
395.735718	1e0880
395.750144	1e0880
395.758103	1e0880
395.769784	1e0880
395.778456	1e0880
395.783744	1e0880
395.789415	1e0880
395.795187	1e0855
395.804502	1e07e5
395.818082	1e0880
395.825621	1e0880
395.836859	1e0880
395.847837	1e0880
395.857987	1e0880
395.864954	1e0cb9
395.874214	1e0cc3
395.880923	1e0754
395.888302	1e0880
395.896176	1e0880
395.906199	1e0880
395.918227	1e0880
395.927114	1e0880
395.941587	1e0855
395.954053	1e0880
395.969063	1e0880
395.978817	1e0880
395.985034	1e0880
395.999678	1e0880
396.011104	1e0855
396.024291	1e0880
396.034843	1e0880
396.048355	1e0880
396.056793	1e0880
396.066927	1e0880
396.073109	1e0880
396.079409	1e0880
396.087644	1e0855
396.102015	1e0880
396.110719	1e0880
396.120301	1e0880
396.133142	1e0855
396.141919	1e0880
396.149678	1e0855
396.154965	1e0880
396.169003	1e0cbb
396.183303	1e0855
396.189287	1ce126bdc3c2
396.204434	1e0727
396.217221	1e0ce8
396.227814	1e0855
396.238685	1e0d5f
396.247082	1e0880
396.253577	1e0855
396.267597	1e0880
396.279753	1e0855
396.291200	1e0855
396.299069	1e0880
396.314240	1e0880
396.327083	1e0880
396.337015	1e0880
396.342279	1e0882
396.347613	1e0855
396.360996	1e0855
396.367188	1e0880
396.380711	1e0cb9
396.387396	1e0880
396.401319	1e0880
396.415799	1e0880
396.426041	1e0855
396.435495	1e0880
396.450024	1e0855
396.464904	1e0727
396.476536	1e0855
396.491467	1e0880
396.503563	1e0855
396.509037	1e0880
396.517029	1e0855
396.531254	1e0880
396.544441	1e0855
396.555783	1e0855
396.561946	1e0880
396.569783	1e0855
396.575094	1e0880
396.587133	1e0855
396.597912	1e0880
396.604784	1e0cb9
396.615130	1ce126bdc3c5
396.622083	1e0855
396.627606	1e0855
396.639504	1e0880
396.652454	1e0880
396.661112	1e0ab4
396.673335	1e0855
396.682907	1e0855
396.697956	1e0880
396.709431	1e0880
396.718370	1e0880
396.725766	1e0880
396.733327	1e0880
396.738885	1e0880
396.751585	1e0880
396.765422	1ce126bdc3a0
396.777059	1e0880
396.790852	1e0855
396.797678	1e0855
396.808405	1e0855
396.814656	1e0880
396.820407	1e0882
396.828641	1e0880
396.842925	1e0880
396.849708	1e0880
396.855345	1e0855
396.866545	1e0855
396.876447	1e0880
396.884952	1e0cd0
396.893420	1e0855
396.903007	1e0880
396.913073	1e0880
396.928222	1f2621
396.934422	1e0882
396.944879	1e0880
396.959322	1e0880
396.968507	1e0855
396.980050	1e0855
396.987883	1e0855
396.996110	1e0880
397.010980	1e0880
397.020418	1e0855
397.026852	1e0880
397.038776	1ce126bd977f
397.051955	1e0880
397.057822	1e0bf7
397.067947	1e0880
397.074535	1e0880
397.085999	1e0855
397.092870	1e0cb9
397.100028	1e0880
397.110050	1e0855
397.115711	1e0855
397.123423	1ce126bd97c6
397.133152	1e0880
397.145716	1e0ce2
397.152206	1e0855
397.160921	1e0855
397.170406	1e0855
397.180463	1e0880
397.195267	1e0880
397.205225	1e0882
397.211363	1e0880
397.219545	1e0880
397.226323	1e0855
397.239495	1e0880
397.248874	1e0cb9
397.258164	1e0855
397.267018	1e0855
397.276898	1e0855
397.287240	1e0880
397.298427	1e0855
397.305290	1e0880
397.316533	1f2614
397.327838	1e0880
397.338188	1e0880
397.344769	1ce126bd9666
397.356119	1e0bf9
397.365116	1e0882
397.376210	1e0880
397.388990	1e0880
397.395197	1e0855
397.404916	1e0880
397.414321	1e0880
397.421377	1e0a8e
397.433850	1e0880
397.444860	1e0880
397.458986	1e0cd0
397.467292	1e0855
397.478117	1e0880
397.491063	1e0880
397.497783	1e0855
397.507532	1e0855
397.520997	1e0880
397.531680	1e0855
397.542934	1e0cb9
397.549808	1e0811
397.555754	1e0882
397.567286	1e0880
397.576724	1e0880
397.586443	1e0cd0
397.592046	1e0880
397.601547	1e0880
397.608502	1e0880
397.619593	1e0855
397.633650	1e0855
397.643275	1e0880
397.652442	1e0cd0
397.660574	1e0855
397.669103	1e0880
397.681781	1e0880
397.696196	1e0880
397.703498	1e0855
397.711344	1e0880
397.716632	1ce126bd96d2
397.726891	1e0855
397.738930	1e0880
397.746681	1e0880
397.758181	1e0880
397.764329	1e0855
397.777234	1e0880
397.788105	1e0855
397.797308	1e0882
397.805513	1e0855
397.814376	1e0cc3
397.821244	1e0880
397.833723	1e0831
397.840321	1e0880
397.854447	1e0d5f
397.862825	1e0855
397.876266	1e0855
397.882919	1e0855
397.895973	1e0880
397.902398	1e0880
397.908510	1e0880
397.917692	1e0880
397.924022	1e0855
397.932975	1e0880
397.938777	1e0880
397.948575	1e0880
397.954819	1e0880
397.965876	1e0880
397.979571	1e0880
397.989121	1e0880
397.999122	1e0880
398.013879	1e0880
398.023512	1ce126bdc3db
398.032945	1e0880
398.041732	1e0855
398.047549	1e0855
398.055107	1e0855
398.064051	1e0880
398.074369	1e0880
398.085825	1e0880
398.092773	1e0880
398.101953	1e0880
398.108618	1e0882
398.121821	1e0880
398.127858	1e0880
398.133422	1e0855
398.147587	1e0855
398.160257	1e0880
398.165654	1e0b64
398.178068	1e0880
398.183265	1ce126bd973d
398.197663	1e0880
398.211103	1e0880
398.220443	1e0882
398.229161	1e0855
398.237566	1e0bf2
398.244934	1e0880
398.258569	1e0855
398.272695	1e0bf7
398.286860	1e0855
398.301964	1e0855
398.315854	1e0880
398.329840	1e0855
398.339425	1e0880
398.354613	1e0880
398.361558	1e0880
398.370328	1e0880
398.385281	1e0880
398.397446	1e0880
398.408876	1e0855
398.420742	1e0880
398.428105	1e0855
398.434883	1e0855
398.449821	1e0880
398.457558	1e0800
398.465835	1e0855
398.472560	1e0880
398.478889	1e0880
398.493383	1f261c
398.503096	1e0855
398.510431	1e0855
398.520561	1e0855
398.527111	1e0855
398.539329	1e0880
398.545326	1e0880
398.554962	1e0880
398.565508	1e0855
398.572536	1e0855
398.581045	1e0855
398.595894	1e0880
398.605629	1e0880
398.611009	1e0880
398.620787	1e0880
398.630297	1e0882
398.639425	1e0855
398.650026	1e0727
398.664926	1e0855
398.676785	1e0cd0
398.689103	1e0880
398.697017	1e0880
398.708489	1e0880
398.715024	1e0880
398.723775	1e0880
398.735733	1e0855
398.742037	1e0d5f
398.753732	1e0882
398.760403	1e0880
398.774523	1e0880
398.786773	1e0855
398.801374	1e0880
398.809508	1e0880
398.815599	1e0880
398.821838	1e0880
398.833033	1e0880
398.846472	1e0855
398.859264	1e0855
398.872405	1e0cb9
398.883441	1e0880
398.890823	1e0855
398.905091	1e0855
398.918565	1e0855
398.927771	1e0880
398.940666	1e0727
398.955580	1e0855
398.970749	1e0bad
398.980128	1e0cb9
398.994713	1e0880
399.003286	1e0880
399.010077	1e0855
399.024892	1e0880
399.031459	1e0b30
399.044895	1e0880
399.058745	1e0880
399.071408	1e0880
399.078436	1e0880
399.092154	1e0855
399.104809	1e0880
399.114642	1e0880
399.120551	1e0880
399.134279	1e0880
399.145655	1e0880
399.158110	1e0855
399.164845	1e0cb0
399.176857	1e0880
399.189616	1e0880
399.195859	1e0880
399.207858	1e0880
399.222781	1e0880
399.228989	1e0880
399.242610	1e0855
399.248704	1e0880
399.257247	1e0855
399.264262	1e0882
399.271705	1e0880
399.284271	1e0855
399.298397	1e0880
399.307724	1e0880
399.319749	1e0855
399.327269	1e0855
399.338053	1e0855
399.345189	1e0880
399.352153	1e06e0
399.360832	1e0880
399.371054	1e0855
399.382042	1e0880
399.387685	1e0880
399.402621	1e0855
399.411987	1e0855
399.417195	1e0cd0
399.428621	1e0880
399.438008	1e0880
399.451983	1e0880
399.465395	1e0880
399.479462	1e0855
399.492831	1e0855
399.499276	1e0855
399.513787	1e0855
399.522000	1e0855
399.529689	1e0880
399.537641	1e0882
399.544082	1e0880
399.549627	1e0ab4
399.558974	1e0880
399.567279	1e0855
399.579680	1e0855
399.588193	1e0c34
399.593721	1ce126bd97bc
399.599138	1e0855
399.604422	1e0855
399.617963	1e0880
399.623596	1e0880
399.629342	1e0cb9
399.635633	1e0cb9
399.645747	1e0855
399.657572	1e0a8e
399.663444	1e0880
399.673306	1e0880
399.685070	1e0880
399.697506	1e0880
399.711121	1e0880
399.724814	1ce126bd9793
399.733048	1ce126bd978e
399.743155	1e0855
399.752809	1e0880
399.765704	1e0c43
399.774929	1e0880
399.786082	1e0cd0
399.800724	1e0d5f
399.806653	1e0855
399.817203	1e0855
399.828764	1e0880
399.840296	1e0880
399.855261	1e0880
399.868308	1e0880
399.874723	1e0880
399.888642	1e0880
399.896232	1e0880
399.903548	1e0727
399.913124	1e0880
399.927541	1e0855
399.937667	1e0880
399.947825	1e0800
399.962660	1e0880
399.974286	1e0880
399.981077	1e0880
399.991697	1e0855
400.003066	1e0880
400.013519	1e0855
400.023130	1e0880
400.035560	1e0855
400.043673	1e0880
400.052491	1e0880
400.059292	1e0cd0
400.073579	1e0880
400.080482	1e0880
400.091425	1e0855
400.102671	1e0855
400.108410	1e0880
400.117824	1e0cd0
400.124773	1e0880
400.134827	1e0855
400.144544	1e0880
400.157987	1e0855
400.170668	1e0855
400.184308	1e0880
400.194592	1e0882
400.202806	1e0880
400.212371	1e0880
400.221524	1ce126bd96ff
400.227672	1e0880
400.235421	1e0880
400.243546	1e0855
400.256352	1e0880
400.267986	1e0880
400.276134	1e0880
400.289880	1e0880
400.300096	1e0880
400.313519	1e0880
400.323529	1e0880
400.335203	1e0880
400.350372	1e0880
400.364858	1e0855
400.372014	1e0880
400.383262	1e0855
400.389300	1e0880
400.402572	1e0880
400.410894	1e0880
400.423470	1e0880
400.434773	1e0855
400.447689	1e0880
400.462556	1e0855
400.468074	1e0880
400.475139	1e0882
400.484321	1ce126bdc3c2
400.498864	1e0855
400.504185	1e0855
400.509769	1e0cd0
400.521264	1e0880
400.534548	1e0cb9
400.543056	1e0880
400.552894	1e0882
400.567284	1e0bf7
400.577246	1e0855
400.589929	1e0855
400.600659	1e0cb9
400.606960	1e0855
400.615036	1e0880
400.623746	1f2614
400.636402	1e0cd0
400.646981	1e0880
400.659186	1ce126bd97c4
400.666947	1e0880
400.679250	1e0880
400.688408	1e0855
400.699432	1e0880
400.710226	1e0880
400.720088	1e0d5f
400.734760	1e0855
400.740805	1e0880
400.746533	1e0880
400.752767	1e0880
400.763411	1e0855
400.775403	1e0855
400.782958	1e0b9d
400.795908	1e0855
400.808351	1e0b50
400.817410	1e0855
400.832538	1e0cb0
400.843244	1e0855
400.852565	1e0880
400.859498	1e0880
400.866116	1e0880
400.878577	1e0880
400.890872	1e0880
400.902668	1e0855
400.910322	1e0855
400.923951	1e0855
400.938914	1e0855
400.950893	1e0855
400.959821	1e0880
400.970414	1ce126bd9754
400.977592	1e0855
400.992740	1e0882
401.007764	1e0855
401.015300	1e0880
401.029580	1e0880
401.041350	1e0880
401.056187	1e0880
401.065039	1e0880
401.077653	1e0855
401.086071	1e0880
401.095274	1e0880
401.107640	1e0880
401.121396	1e0880
401.128979	1e0855
401.140800	1e0880
401.146382	1ce126bdc3c2
401.152333	1e0880
401.160689	1e0855
401.169599	1e0880
401.183548	1e0880
401.192071	1e0880
401.206013	1e0880
401.220801	1e0855
401.232429	1e0880
401.242832	1e0855
401.248540	1e0880
401.261100	1e0880
401.269172	1e0882
401.280735	1e0880
401.286392	1e0880
401.301275	1e0880
401.308160	1e0aeb
401.321304	1e0cb9
401.332107	1e0bf7
401.338798	1e0880
401.344675	1e0882
401.354499	1e0be5
401.369052	1e0880
401.378771	1e0880
401.386719	1e0880
401.396672	1e0880
401.403054	1e0880
401.416630	1e0880
401.428134	1e0855
401.441443	1e0855
401.447106	1e0880
401.453769	1e0880
401.459903	1e0880
401.473029	1e0880
401.484007	1e0880
401.492492	1e0855
401.501483	1e0855
401.512699	1e0880
401.521578	1e0880
401.534453	1e0880
401.548548	1e0880
401.561272	1e0855
401.568010	1e0882
401.579403	1e0880
401.592328	1e0880
401.598846	1e0855
401.610741	1e0880
401.623253	1e0882
401.632179	1e0855
401.645478	1e0855
401.657418	1e0880
401.668568	1e0880
401.678894	1ce126bdc3c2
401.691428	1e0880
401.701972	1ce126bdc3db
401.711158	1e0cb9
401.726007	1e0880
401.732868	1e0880
401.744400	1ce126bd973d
401.757361	1e0727
401.772045	1e0880
401.779669	1e0855
401.787457	1ce126bd967e
401.797857	1e0880
401.810841	1e0880
401.824525	1e0855
401.830915	1e0855
401.844386	1e0cb9
401.850741	1e0855
401.859106	1e0882
401.866296	1e081f
401.880918	1e0855
401.891448	1e0880
401.899358	1e0727
401.908105	1e0855
401.922049	1e0880
401.937213	1e0880
401.951229	1e0880
401.962225	1e0cd0
401.974717	1e0855
401.986565	1e06ef
402.001007	1e0882
402.014089	1e0880
402.020024	1e0855
402.026480	1e0880
402.037781	1e0880
402.048965	1ce126bd9718
402.054454	1e0855
402.062983	1e0880
402.068807	1e0880
402.079905	1e0880
402.091092	1e0880
402.100692	1e0880
402.107157	1e0880
402.114523	1e0855
402.123667	1e0880
402.131893	1e0880
402.139455	1e0855
402.153681	1e0727
402.159140	1e0880
402.173017	1e0cd0
402.186986	1e0880
402.192948	1e0a8e
402.203124	1e0880
402.211282	1e0cc7
402.217669	1e0cbb
402.231464	1e0880
402.244685	1e0cb0
402.256039	1e0880
402.264192	1e0880
402.278619	1e0855
402.284874	1e0d5f
402.290379	1e0880
402.297980	1e0d39
402.308302	1e0880
402.322971	1e0880
402.328185	1e0880
402.336747	1e0855
402.346126	1e07fa
402.360904	1e0727
402.373795	1e0855
402.380623	1e0855
402.387669	1e0855
402.395934	1e0880
402.401744	1e0880
402.411537	1e0880
402.417211	1e0880
402.428285	1e0880
402.435755	1e0cd0
402.450819	1e0727
402.464376	1ce126bdc3db
402.470817	1e0727
402.481159	1e0cb9
402.488447	1e0880
402.499321	1e0855
402.506639	1e0880
402.517104	1e0855
402.523865	1e0880
402.529217	1e0880
402.537226	1e0880
402.549729	1e0880
402.559264	1ce126bd96a8
402.570107	1e0880
402.577644	1e0880
402.586440	1e0855
402.591706	1e0880
402.604794	1e0880
402.611677	1e0880
402.617565	1e0882
402.631060	1e0880
402.636806	1e0855
402.645839	1e0880
402.659996	1e0880
402.665551	1e0855
402.673426	1e0855
402.687013	1e0cd0
402.696441	1e0855
402.703773	1e0880
402.711378	1e0ad9
402.718004	1e0880
402.725551	1e0880
402.737469	1e0880
402.750491	1e0880
402.757690	1e0880
402.765262	1e0882
402.773909	1e0855
402.788335	1e0880
402.794363	1e0855
402.805621	1e0727
402.811070	1e0855
402.817370	1e0855
402.825580	1e0880
402.838282	1e0880
402.845821	1e0880
402.858637	1e0cb9
402.868072	1e085d
402.875845	1e0880
402.884737	1e0880
402.894098	1e0880
402.908033	1e0b9d
402.914339	1e0855
402.927974	1e0880
402.934093	1ce126bdc413
402.941068	1e0855
402.949199	1e0727
402.956035	1e0880
402.963819	1e0855
402.975748	1e0855
402.988999	1e0880
403.002924	1ce126bd971d
403.010303	1e0b9d
403.022425	1e0880
403.029277	1e0855
403.044042	1e0c1e
403.051054	1e0880
403.059987	1e0727
403.071180	1e0880
403.077029	1e0880
403.087010	1e0880
403.101980	1e0705
403.109856	1e0880
403.115454	1e085d
403.120731	1e0855
403.126242	1e0880
403.131452	1e0880
403.142526	1e0cd0
403.150593	1e0855
403.165261	1e0c26
403.180104	1e0880
403.189480	1e0855
403.199355	1e0880
403.209290	1e0855
403.222542	1e0bf7
403.228298	1e0880
403.236353	1e0727
403.247287	1e0880
403.257768	1e0855
403.266046	1e0855
403.275274	1ce126bdc3c2
403.285369	1e0cc7
403.294313	1e0bf7
403.301012	1e0855
403.307092	1e0880
403.314334	1e0855
403.320601	1e0855
403.333133	1e0880
403.340691	1e0880
403.351864	1e0855
403.366788	1e0855
403.378997	1e0880
403.391024	1e0880
403.404148	1e0880
403.411142	1e0d5f
403.421146	1e0855
403.434309	1e0855
403.443202	1e0882
403.457919	1e0855
403.472951	1e0855
403.480150	1e0855
403.488640	1e0880
403.495850	1e0880
403.502942	1e0880
403.515904	1e0880
403.530071	1e0cb9
403.540501	1e0880
403.553116	1e0880
403.559033	1e0cd0
403.573381	1e0b9d
403.580840	1e0cd0
403.595947	1e0c39
403.604271	1e0880
403.610459	1e0880
403.622527	1e0855
403.631322	1e0855
403.642822	1e0880
403.653824	1e0880
403.659417	1e0855
403.672311	1e0cd0
403.682166	1e0855
403.687610	1e0855
403.698290	1e086b
403.713007	1e0880
403.724980	1e0880
403.731255	1e0727
403.743316	1e0cd0
403.749547	1e0880
403.760781	1e0882
403.774444	1f25fd
403.785000	1e0855
403.795075	1e0880
403.806282	1e0855
403.818651	1e0855
403.833416	1e0880
403.839292	1e0cbe
403.845648	1e0bf7
403.855252	1e0b9d
403.861942	1e0880
403.867693	1e0cb9
403.876073	1e0855
403.881922	1e0880
403.896488	1e0880
403.905019	1e0855
403.911907	1e0880
403.918718	1e0880
403.928732	1e0880
403.934591	1e0855
403.945665	1e0880
403.959663	1e0855
403.966641	1e0727
403.976603	1e0855
403.984012	1e0880
403.990914	1e0880
404.000520	1e0b9d
404.006048	1e0b9d
404.013756	1e0cd0
404.022634	1e0c39
404.035845	1e0855
404.044136	1e0855
404.058096	1e0880
404.067645	1e0880
404.077296	1e0880
404.090073	1e0855
404.104312	1e0880
404.114945	1e0855
404.126683	1e0855
404.137930	1e0b9d
404.150300	1e0880
404.165343	1e0855
404.179394	1e0880
404.193815	1e0855
404.208320	1e0cd0
404.219305	1e0705
404.234160	1e0880
404.246633	1e0cb9
404.256019	1e0855
404.262114	1e0855
404.273316	1e0880
404.281617	1e0880
404.287670	1e0880
404.296054	1e0880
404.307009	1e0880
404.316716	1e0855
404.326437	1e0880
404.340084	1ce126bd9675
404.349300	1e0cd0
404.361910	1e0855
404.373879	1e0855
404.383285	1e0855
404.395479	1e0880
404.404862	1e0880
404.416700	1e0855
404.424004	1e0727
404.438642	1e07e5
404.446044	1e0d32
404.457458	1e0880
404.471266	1e0bf7
404.482843	1e0b5f
404.493515	1e0882
404.507589	1e0880
404.515504	1e0855
404.520687	1e0882
404.528460	1e0bf7
404.536917	1e0880
404.549466	1e0855
404.559543	1e0855
404.569213	1e0855
404.582581	1e0880
404.592943	1e0882
404.603155	1e0855
404.613311	1e0855
404.623269	1e0855
404.629789	1e0880
404.642995	1e0880
404.651507	1e0880
404.659618	1e0880
404.669761	1e0880
404.678747	1e0880
404.687165	1e0cb0
404.692890	1ce126bdc3b3
404.701992	1e0880
404.713697	1e0880
404.726416	1e0880
404.736739	1e0cd0
404.748779	1e0855
404.755451	1e0880
404.762767	1e0880
404.768370	1e0855
404.774433	1e0880
404.783477	1e0880
404.795846	1e0d5f
404.808404	1ce126bd9718
404.817764	1e0855
404.831543	1e0880
404.840436	1e0855
404.854494	1e0855
404.865437	1e0880
404.879664	1e0855
404.891874	1e0855
404.903076	1e0855
404.916485	1e0880
404.927290	1e0727
404.939357	1e0880
404.944930	1e0880
404.951274	1e074f
404.963788	1e0855
404.970799	1e0880
404.979286	1e0880
404.993073	1e0880
404.999658	1e0882
405.011155	1e0880
405.020129	1e0880
405.033149	1e0880
405.041349	1e0727
405.046800	1e0880
405.055628	1e0880
405.068618	1e0880
405.075079	1e0880
405.080632	1e0880
405.095357	1e0880
405.102522	1e0855
405.116158	1e0880
405.127268	1e0855
405.140462	1e0cb0
405.155001	1e0880
405.167537	1e0855
405.178160	1e0880
405.189753	1e0880
405.196275	1e0705
405.209077	1e0880
405.221273	1e07ab
405.234283	1e06ef
405.248169	1e0705
405.259874	1e0855
405.271423	1e0855
405.277736	1e0880
405.291640	1e0880
405.305063	1e0727
405.315870	1e0855
405.323669	1e0855
405.331861	1e0880
405.345193	1ce126bd9666
405.357839	1e0855
405.364934	1e0855
405.378117	1e0880
405.392484	1e0cd0
405.397871	1e0880
405.410793	1e0855
405.419765	1e0855
405.427542	1e0880
405.432932	1e0880
405.439284	1e0855
405.447382	1e0880
405.461131	1e0880
405.466728	1e0880
405.478843	1e0880
405.484963	1ce126bdc41b
405.495733	1ce126bd96e6
405.507713	1e0880
405.514453	1e0880
405.528171	1e0880
405.538940	1e0880
405.547663	1e0880
405.558583	1e0855
405.571750	1e0855
405.585640	1e0880
405.597413	1e0727
405.607738	1e0cd0
405.621954	1ce126bd96ff
405.634634	1e0880
405.643710	1e07fa
405.655016	1e0880
405.661046	1ce126bd9762
405.667168	1e0880
405.681352	1e0855
405.696125	1e0855
405.707318	1ce126bd968c
405.712479	1e0cd0
405.727211	1e0d39
405.735392	1e0880
405.741003	1e0d32
405.753090	1e0855
405.760660	1e0d5f
405.765940	1e0880
405.771961	1e0855
405.778107	1e0880
405.787400	1e0880
405.795556	1e0880
405.808524	1e0cd0
405.815669	1e0880
405.821182	1e0cb9
405.830207	1e0880
405.839154	1e0880
405.853016	1e0855
405.861518	1e0880
405.871436	1e0855
405.884754	1e0727
405.890616	1e0880
405.900261	1e0b9d
405.909596	1e0880
405.917254	1e0b9d
405.931268	1e0880
405.936450	1e0d5f
405.948375	1ce126bd96e6
405.958427	1e0882
405.966318	1e0cb9
405.980338	1e0880
405.991919	1e0880
406.006001	1e0880
406.019679	1e0880
406.028149	1e0855
406.042825	1e07db
406.054445	1e0882
406.063575	1e0880
406.071929	1e0855
406.079620	1e0880
406.089362	1e0880
406.102786	1e0b05
406.113981	1e0bf7
406.126304	1e0727
406.140842	1e0880
406.149453	1e0bf7
406.155578	1e0855
406.163334	1e0880
406.175796	1e0855
406.188376	1e0880
406.203242	1e07e2
406.209054	1e0880
406.222765	1e0880
406.234797	1e0855
406.247202	1e0880
406.254630	1e0880
406.269724	1e0bf7
406.275654	1e0855
406.284846	1e0855
406.292078	1e0880
406.298529	1e0bf7
406.312705	1e0855
406.318715	1e0855
406.327879	1e0bf7
406.337337	1e0880
406.345207	1e0882
406.354224	1e0880
406.367680	1e0855
406.379820	1e0880
406.390602	1e0855
406.404105	1e0855
406.415907	1e0880
406.422792	1e0cb0
406.436119	1e0855
406.446226	1e0855
406.459300	1e0bf7
406.472241	1e0855
406.484640	1e0b9d
406.491613	1e0b9d
406.499880	1e0880
406.507030	1e0880
406.519025	1e0880
406.533284	1e0880
406.546416	1e0880
406.555440	1e0880
406.566572	1e0880
406.573103	1e0cd0
406.579325	1e0880
406.593853	1e0880
406.601000	1e0880
406.613548	1ce126bd96c2
406.625185	1e0855
406.633085	1ce126bdc3db
406.639607	1e0880
406.653319	1e0880
406.663579	1e083f
406.673811	1e0855
406.682345	1e0855
406.696450	1e0880
406.705122	1e0880
406.716025	1e0880
406.726169	1f2614
406.739075	1e0880
406.750735	1e0855
406.761137	1ce126bd8806
406.771125	1ce126bd8896
406.781948	1ce126bd8806
406.789770	1ce126bd8806
406.799803	1ce126bd8806
406.811522	1ce126bd8862
406.817629	1ce126bd8806
406.824639	1ce126bd8806
406.830723	1ce126bd8806
406.838450	1ce126bd8896
406.846660	1ce126bd8806
406.861475	1ce126bd886f
406.874767	1ce126bd8806
406.887412	1ce126bd8806
406.901372	1ce126bd887f
406.909481	1ce126bd8806
406.916915	1ce126bd8806
406.923339	1ce126bd8862
406.935984	1ce126bd8896
406.949027	1ce126bd8806
406.957947	1ce126bd880c
406.968792	1ce126bd8896
406.980068	1ce126bd8806
406.989424	1ce126bd881c
406.996548	1ce126bd887f
407.002455	1ce126bd883b
407.008587	1ce126bd886a
407.019878	1ce126bd8806
407.031984	1ce126bd881c
407.045691	1ce126bd887f
407.055266	1ce126bd886f
407.067149	1ce126bd888f
407.079551	1ce126bd886a
407.090721	1ce126bd8806
407.104396	1ce126bd8896
407.114501	1ce126bd8896
407.123632	1ce126bd8806
407.134375	1ce126bd8806
407.145877	1ce126bd8896
407.155962	1ce126bd8896
407.168388	1ce126bd884a
407.177758	1ce126bd887f
407.187045	1ce126bd887f
407.199715	1ce126bd8896
407.208297	1ce126bd887f
407.223429	1ce126bd8806
407.236844	1ce126bd8862
407.251666	1ce126bd8806
407.265834	1ce126bd883b
407.272368	1ce126bd8806
407.287064	1ce126bd887f
407.296833	1ce126bd8806
407.308767	1ce126bd8896
407.315892	1ce126bd86e9
407.326079	1ce126bd8862
407.338649	1ce126bd8862
407.348951	1ce126bd8896
407.362252	1ce126bd86ee
407.374902	1ce126bd88d6
407.383887	1ce126bd8713
407.394081	1ce126bd870f
407.407210	1ce126bd86ee
407.414476	1ce126bd8862
407.422885	1ce126bd88b2
407.437147	1ce126bd870f
407.446431	1ce126bd870f
407.460577	1ce126bd870f
407.471030	1ce126bd88b2
407.481970	1ce126bd870f
407.487250	1ce126bd8878
407.500461	1ce126bd8862
407.506450	1ce126bd870f
407.518747	1ce126bd88db
407.532066	1ce126bd8806
407.542771	1ce126bd870f
407.549965	1ce126bd8896
407.558968	1ce126bd88bf
407.568929	1ce126bd88b2
407.574546	1ce126bd8862
407.583269	1ce126bd8896
407.591974	1ce126bd8709
407.597623	1ce126bd8806
407.603457	1ce126bd870f
407.615437	1ce126bd8806
407.630395	1ce126bd88b2
407.638088	1ce126bd88b2
407.651620	1ce126bd870f
407.658666	1ce126bd8825
407.664728	1ce126bd8862
407.672503	1ce126bd88b2
407.685179	1ce126bd875f
407.691099	1ce126bd88c7
407.698632	1ce126bd8862
407.707903	1ce126bd8862
407.715713	1ce126bd870f
407.729238	1ce126bd8862
407.736596	1ce126bd88bf
407.747273	1ce126bd884d
407.753286	1ce126bd8896
407.765462	1ce126bd8709
407.771732	1ce126bd8806
407.778093	1ce126bd8862
407.785660	1ce126bd8862
407.794172	1ce126bd88b2
407.802857	1ce126bd875b
407.809927	1ce126bd8806
407.821329	1ce126bd8806
407.826977	1ce126bd870f
407.839472	1ce126bd8806
407.846258	1ce126bd870f
407.858864	1ce126bd8896
407.866886	1ce126bd870f
407.877520	1ce126bd870f
407.891743	1ce126bd86ee
407.900146	1ce126bd870f
407.907141	1ce126bd86ff
407.913694	1ce126bd8806
407.923322	1ce126bd870f
407.933367	1ce126bd8899
407.944034	1ce126bd870f
407.950796	1ce126bd870f
407.958951	1ce126bd8806
407.970841	1ce126bd870f
407.976529	1ce126bd870f
407.988255	1ce126bd86ff
408.000823	1ce126bd8806
408.012410	1ce126bd8709
408.024994	1ce126bd8814
408.038288	1ce126bd8806
408.050581	1ce126bd86ee
408.058717	1ce126bd870f
408.067024	1ce126bd8806
408.077383	1ce126bd8806
408.083126	1ce126bd8896
408.093284	1ce126bd8806
408.107193	1ce126bd870f
408.114889	1ce126bd86ee
408.125741	1ce126bd870f
408.133469	1ce126bd870f
408.145068	1ce126bd870f
408.156973	1ce126bd870f
408.165113	1ce126bd8806
408.175457	1ce126bd870f
408.185164	1ce126bd8806
408.196165	1ce126bd870f
408.204099	1ce126bd8806
408.215289	1ce126bd870f
408.225231	1ce126bd8806
408.238835	1ce126bd891b
408.252576	1ce126bd86e9
408.266003	1ce126bd870f
408.276018	1ce126bd870f
408.290124	1ce126bd8806
408.296753	1ce126bd8806
408.311982	1ce126bd870f
408.320337	1ce126bd8896
408.329149	1ce126bd86ee
408.342891	1ce126bd8806
408.352791	1ce126bd8806
408.367949	1ce126bd8806
408.379322	1ce126bd870f
408.385656	1ce126bd870f
408.397486	1ce126bd870f
408.405253	1ce126bd870f
408.413108	1ce126bd870f
408.418361	1ce126bd870f
408.425518	1ce126bd8806
408.431736	1ce126bdb560
408.442590	1ce126bdb560
408.457516	1ce126bdb560
408.468244	1ce126bdb754
408.476245	1eb512
408.487330	1ce126bdb366
408.502059	1e1a06
408.508124	1eb87f
408.521332	1e1a06
408.536543	1e379a
408.548102	1e1a06
408.560331	1eb584
408.572316	1ebda1
408.579179	1eb5d5
408.594360	1dfb39
408.605157	1dfb39
408.610763	1dfb39
408.625726	1e1a06
408.637024	1e1a06
408.650388	1eb5ef
408.656360	1e1a06
408.664921	1e1484
408.671278	1eb5d5
408.679146	1dfb39
408.689817	1ebda8
408.698818	1ebda8
408.708366	1ebdaf
408.721674	1eb5d5
408.733745	1e1a06
408.745162	1e9df8
408.754490	1ce126bdb560
408.766175	1dfb63
408.779381	1ce126bdb560
408.790993	1e1a06
408.801208	1ea7eb
408.816255	1dfdd5
408.821506	1dfb39
408.835829	1e1a06
408.848756	1dfb63
408.856569	1dfb39
408.869954	1e1a06
408.882198	1dfb63
408.891633	1e928d
408.897942	1e1a06
408.912289	1eb58e
408.923184	1eb5d5
408.935255	1e1a06
408.943204	1e1a06
408.949293	1dfb39
408.963959	1e1a06
408.973471	1e1a06
408.979203	1e1a06
408.994379	1dfb39
409.007412	1ce126bdb560
409.015681	1dfd9b
409.022506	1dfb39
409.036540	1dfb39
409.046583	1ce126bdc167
409.061080	1e379a
409.067917	1e1a06
409.077561	1dfb39
409.090755	1e1a06
409.101924	1ce126bdb560
409.115979	1e150a
409.129634	1dfb63
409.135289	1dfb39
409.142719	1e0cb0
409.155030	1ed831
409.169673	1e1a06
409.175528	1dfb39
409.184359	1dfb63
409.190785	1dfb63
409.197033	1dfb63
409.208620	1dfb63
409.219439	1dff05
409.228588	1e9318
409.241093	1dfb39
409.254581	1dff9d
409.268557	1dfb39
409.282312	1ce126bdae71
409.287957	1dfb39
409.302136	1e379a
409.309606	1dfdac
409.324074	1dfb63
409.335887	1dfb63
409.343748	1e379a
409.355257	1dfb63
409.366347	1e1a06
409.379888	1dfb39
409.393960	1eb605
409.407390	1e1a06
409.417255	1dfb39
409.426519	1eb5d5
409.436242	1dff05
409.447997	1e379a
409.460457	1dfb39
409.467008	1e15b5
409.477356	1e191b
409.482909	1e1a06
409.496490	1e1a06
409.502518	1dfb39
409.511829	1e1a06
409.520787	1e1a06
409.528347	1dfb63
409.540144	1e379a
409.552785	1eb63b
409.567559	1dfb39
409.578714	1e379a
409.584800	1ea80b
409.598614	1e1a06
409.610099	1e379a
409.619244	1eb5ff
409.633063	1dff05
409.639901	1e1a06
409.654166	1e4fd2
409.666440	1e1a06
409.674229	1ebd9b
409.682936	1dfb63
409.689233	1dfb63
409.704156	1dfb39
409.718181	1ebda8
409.727712	1ebda8
409.741948	1ebda8
409.751581	1ebda8
409.762921	1ebdaf
409.774501	1ce126c55bcb
409.784657	1dfb39
409.794610	1ce126bdb042
409.804567	1dfb39
409.811253	1eb83b
409.821281	1e1a06
409.833093	1ea7ad
409.847845	1e1a06
409.854919	1e1a06
409.868118	1dfb63
409.873786	1dfb39
409.882172	1dfb39
409.890470	1e379a
409.901276	1e1a06
409.916151	1e1a06
409.924080	1dfb39
409.934117	1ce126bdb754
409.943285	1dfb39
409.950874	1ce126bdb560
409.964226	1e1a06
409.969384	1dfb39
409.977108	1ce126bdb560
409.989708	1dfb63
409.999277	1dfb39
410.007254	1ebd9b
410.014020	1dfb39
410.023973	1e1a06
410.033609	202995
410.045942	1dfb39
410.051975	1e379a
410.059803	1dff24
410.071981	1ed876
410.084600	1dfb63
410.091971	1dfdb0
410.101290	1dfb63
410.113162	1dfb63
410.125841	1dfb39
410.136878	1dfb39
410.149013	1e1a06
410.162200	1dfb39
410.172676	1e1a06
410.180729	1dfb39
410.187157	1e379a
410.193102	1e1a06
410.207173	1ce126bdb3b0
410.214040	1dfb39
410.221275	1e929d
410.226823	1ce126bdaddd
410.237837	1dfb39
410.250071	1ed2cd
410.256840	1dfb39
410.263589	1dfb39
410.274133	1dfb63
410.288665	1dfb39
410.303825	1e379a
410.316055	1dfb39
410.324526	1e3780
410.338998	1dfb63
410.348617	1dfb39
410.354978	1dfb39
410.366347	1e379a
410.375103	1ebd9b
410.389931	1e1a06
410.397422	1dfb39
410.412366	1e1a06
410.424327	1e1a06
410.436924	1dfb39
410.442947	1e1a06
410.451810	1e1a06
410.466832	1dff05
410.480505	1e1a06
410.491999	1dfb39
410.507082	1dfb39
410.520840	1dfb39
410.528684	1e1a06
410.541702	1eb605
410.553980	1e1a0b
410.560807	1e1a06
410.568974	2029eb
410.577806	1e379a
410.585642	1dfb39
410.599863	1dfb39
410.607195	1e1a06
410.613213	1ebdaf
410.622027	1ebdaf
410.635439	1ebda8
410.645302	1e1a06
410.654354	1e1a06
410.661186	1dfb63
410.672389	1e199d
410.679376	1dfb63
410.691139	1dfb63
410.703889	1dfb39
410.709638	1dfb39
410.721597	1ce126bdb560
410.733258	1e1a06
410.744160	1e1a06
410.756239	1e1a06
410.769074	1dfb39
410.779954	1e940b
410.787328	1dfb39
410.799117	1e9260
410.808453	1ed895
410.823342	1dfb63
410.831199	1eb640
410.840460	1dfb63
410.853376	1dfb39
410.861521	1dfb39
410.871960	1dfae3
410.885080	1dfb39
410.900226	1e1a06
410.907941	1dfb39
410.922958	202a04
410.932351	1ce126bdb560
410.942144	1ce126bdb560
410.952173	1e1a06
410.959433	1dfb63
410.966605	1e379a
410.981538	1eb616
410.995261	1e379a
411.010434	1ea783
411.024912	1dfb39
411.032646	1ce126bdb560
411.043488	1dfb39
411.058297	1e379a
411.071917	1dfb63
411.082634	1e1a06
411.095470	1e379a
411.104434	1e1a06
411.112010	1dfb39
411.125385	1e379a
411.134319	1dfb39
411.142648	1dfb63
411.153969	1dfb71
411.167879	1dfb63
411.173788	1dfb39
411.187962	1dfb39
411.197386	1e1a06
411.211252	1e928d
411.225245	1ce126bdae91
411.234249	1dfb63
411.241643	1dfb63
411.249128	1dfb63
411.257745	1dfb63
411.270502	1dfb63
411.281092	1e379a
411.289906	1dfb39
411.297135	1e379a
411.308439	1dfb39
411.320061	1dfb39
411.329249	1eb877
411.336754	1eb5d5
411.348198	1e1a06
411.359511	1e1a06
411.369286	1eb5dd
411.381909	1eb5d5
411.394099	1dfb39
411.406486	1eb5d5
411.418943	1dfb39
411.434061	1e1a06
411.440994	1e1484
411.447251	1ce126bdb560
411.461008	1dfb39
411.473057	1eb86f
411.478850	1dfb63
411.491294	1dff05
411.500115	1e1a06
411.509426	1dff05
411.523319	1e1a06
411.532914	1dfe66
411.540200	1e379d
411.554536	1e1a06
411.567014	1e1a0b
411.579457	1dfb39
411.588533	1e4fd8
411.597136	1dfb63
411.611279	1eb633
411.617697	1dfb39
411.631880	1dfb39
411.645989	1ebdaf
411.659318	1ebdaf
411.665513	1ebda8
411.671742	1ebda8
411.685751	1ebda8
411.697194	1ebda8
411.706257	1eb5d5
411.717487	1eb5d5
411.729355	1dfb39
411.743144	1e1a06
411.757923	1dfb39
411.766704	1ce126bda986
411.774004	1dfee5
411.785288	1dfb39
411.799370	1e1a06
411.812663	1e386c
411.826010	1e15b5
411.835664	1e1a06
411.842657	1e1484
411.853219	1ea9cb
411.864663	1dfb71
411.874501	1dfb39
411.883559	1e379a
411.889947	1e379a
411.903210	1dfb39
411.916297	1e15b5
411.922748	1dfb39
411.934334	1dfb63
411.941331	1e379a
411.952245	1e379a
411.964769	1e94ab
411.970783	1e0cb0
411.976722	1dfaf0
411.983133	1dfb39
411.989173	1e1484
411.995256	1e9260
412.000646	1ce126bdc060
412.010418	1ce126bdae4f
412.021058	1e1a06
412.027456	1e1a06
412.041205	1ce126bdb560
412.050377	1dfb63
412.062991	1dfb39
412.072532	1dfb39
412.082284	1dfb63
412.088165	1dfb39
412.102430	1ce126bdb560
412.107874	1ce126cd7884
412.121450	1e504d
412.132142	1dfb39
412.140085	1dfb39
412.146129	1dfb39
412.152679	1e15b5
412.165412	1e1a06
412.179135	1e9302
412.190007	1e379a
412.201594	1e1a06
412.211185	1dfb39
412.222458	1dfa90
412.233504	1e1a06
412.248283	1e4fd5
412.260856	1dfb63
412.270590	1e379a
412.278156	1dfb63
412.289065	1dfb63
412.303224	1dfb63
412.309349	1e379a
412.315326	1dfb63
412.326429	1eb625
412.334772	1dfb63
412.345174	1dfb39
412.351281	1dfb39
412.364116	1eb5d5
412.377779	1dfb39
412.391349	1e3871
412.400791	1dfde4
412.410551	1dfde4
412.421368	1ce126bdc238
412.428679	1e1a06
412.439252	1dfb39
412.450303	1e1a06
412.457236	1ba254
412.468110	1e1a06
412.478790	1dfb39
412.489436	1ce126bdb3a1
412.500528	1e1a06
412.511991	1eb605
412.517997	1dfd9b
412.531323	1eb5d5
412.537195	1ce126bdc0b7
412.549594	1e1a06
412.561015	1e1a06
412.567780	1dfb39
412.577180	1e1a06
412.585121	1dfb39
412.597496	1ebdaf
412.607889	1ebda8
412.613997	1e1a06
412.619290	1dfb39
412.627762	1e1a06
412.633779	1ce126bda97f
412.643000	1e9db2
412.652593	1ce126bdb340
412.662592	1ce126bdb560
412.676286	1dfb63
412.690657	1e1956
412.702594	1dfb39
412.717457	1e1a06
412.725604	1ce126bdaabf
412.731655	1dfb39
412.739857	1ce126bdb560
412.751611	1dfb39
412.762882	1e3837
412.772213	1dfb63
412.783813	1e929d
412.793566	1ed2ad
412.802952	1e379d
412.814986	1dfb39
412.821540	1dfb63
412.833891	1e379a
412.846634	1dfb63
412.854264	1e1a06
412.866532	1dfb39
412.872720	1dfb39
412.887945	1dff05
412.900571	1dfb39
412.909895	1dfb63
412.921313	1ce126bdad30
412.932082	1dfb39
412.937555	1ce126bdb560
412.947082	1dfb39
412.953409	1e379a
412.960688	1eb5e9
412.970911	1dfb39
412.983861	1dfb39
412.997773	1e1a06
413.005046	1e1a06
413.018031	1e1a06
413.025489	1dfb63
413.040615	1e1a06
413.050123	1e1a06
413.059140	1e1a06
413.074283	1dfb39
413.080178	1dfb63
413.091908	1dfb63
413.098711	1dfb63
413.112578	1e1484
413.118905	1e940b
413.130181	1dfb63
413.136281	1e1a06
413.146228	1e93dd
413.155699	1e1a06
413.166164	1e1a06
413.171734	1e386a
413.177829	1dfb63
413.186270	1eb5d9
413.199806	1dfb63
413.212519	1dfb39
413.221362	1eb605
413.233461	1dfab0
413.244842	1dfaa6
413.252010	1e1a06
413.262305	1e1a06
413.270634	1eb5d5
413.275929	1e1a06
413.290231	202958
413.303859	1ce126bdadb3
413.314479	1dfb39
413.321138	1e1a06
413.333668	1e1a06
413.343663	1e1a06
413.350185	1dfb39
413.358846	1ce126bdb036
413.373100	1ce126bdc210
413.387584	1ce126bdb3a1
413.400540	1dfb63
413.413079	1eb860
413.423163	1ebda8
413.434910	1ebda8
413.448876	1ebda8
413.457937	1ebdaf
413.472805	1ebda8
413.479886	1e19d8
413.489616	1dfb39
413.503728	1dfef7
413.515155	1dfb39
413.521203	1e1a06
413.528303	1e1a06
413.538918	1dfb63
413.547891	1dfb63
413.558479	1e1a06
413.566008	1e1a06
413.579183	1dfb39
413.590442	1dfb63
413.601960	1dfb39
413.613364	1dfb63
413.626515	1dfb39
413.637275	1eb860
413.647308	1dfb39
413.658912	1e1a06
413.667421	1e1a06
413.680885	1ce126bdb560
413.688264	1e15b5
413.694665	1e1a06
413.703213	1e15b5
413.712335	1dfb63
413.726963	1e1a06
413.737821	1e1a06
413.749858	1dfb39
413.763351	1e1a06
413.770138	1ce126bdc06f
413.778503	1dfb39
413.784560	1dfb63
413.792159	1dfb39
413.802722	1ce126bdb754
413.817575	1e1a06
413.827766	1dfb63
413.840374	1dfb63
413.849505	1e1a06
413.859649	1dfb39
413.867317	1e9505
413.876607	1dfb39
413.891593	1dfb39
413.900896	1e1a06
413.914341	1dfb63
413.924937	1dfb39
413.935981	1dfb63
413.950120	1eb605
413.957391	1e379a
413.970483	1dfb63
413.980674	1e1a06
413.986875	1e1a06
413.996879	1ce126bdb042
414.008765	1dfb41
414.018808	1e1599
414.029860	1dfb39
414.037570	1dfb39
414.050622	1e1a06
414.060351	1dfb39
414.066681	1e379a
414.072162	1dfb39
414.080764	1e1a06
414.087545	1dfb63
414.099604	1e1a06
414.112023	1dfb63
414.121517	1dfb63
414.129292	1dfb63
414.142514	1dfb39
414.148261	1eb5d5
414.154302	1e3818
414.164717	1dfb39
414.176335	1dfb63
414.191247	1dfb63
414.202521	1e379a
414.209460	1dfb39
414.215439	1dfb63
414.228282	1dfb63
414.236451	1e379a
414.248954	1e1a06
414.263767	1e1a06
414.276302	1dfb39
414.290531	1e1a06
414.301387	1dfb39
414.316122	1e1a06
414.327249	1dff05
414.337275	1dff05
414.344758	1dfdd5
414.358458	1ce126bdb382
414.370651	1e1a06
414.385079	1e1a06
414.398346	1dfb39
414.404790	1dfb39
414.411137	1e1a06
414.417079	1ba254
414.422430	1e1a06
414.436003	1eb616
414.449662	1e1a06
414.461469	1eb599
414.471482	1ce126cd810a
414.486618	1ebda8
414.494724	1ebda8
414.507320	1e1a06
414.515297	1dfb39
414.528132	1e15b1
414.535522	1e15b5
414.547006	1dfb63
414.554008	1ed2fd
414.567346	1dfb63
414.579300	1dfb39
414.589380	1dfb39
414.600733	1dfb39
414.609792	1e9dd6
414.620431	1e379a
414.625845	1e1a06
414.639178	1e3867
414.645617	1dfb63
414.655347	1e1a06
414.668804	1dfb39
414.680514	1ce126bdaeec
414.688795	1dfb63
414.697546	1dfb63
414.707966	1dfb63
414.719994	1eb5d5
414.734020	1e1a06
414.744360	1eb5d5
414.749802	1ce126bdae22
414.760920	1eb5dd
414.774512	1e1a06
414.785670	1dff24
414.799763	1ce126bdaddd
414.809601	1e0cdc
414.820719	1dfb63
414.827192	1e1a06
414.838703	1e1a06
414.852385	1dfb39
414.859700	1e9f2b
414.866638	1e1a06
414.881107	1e971b
414.895511	1dfb63
414.904238	1e9260
414.911033	1ce126bdb560
414.923838	1e502b
414.931279	1dfb63
414.939777	1dfb63
414.946328	1dfb63
414.956351	1dfb63
414.964796	1e94da
414.978933	1dfb63
414.990577	1dfb39
415.003818	1e951d
415.015161	1e37f5
415.027856	1dfb63
415.036363	1dfb63
415.049063	1dfb63
415.059904	1dfb63
415.069035	1dfb39
415.076791	1ebd59
415.091843	1ce126bdaed2
415.101848	1dfb39
415.115294	1dfb39
415.122708	1dfb39
415.129568	1e1a06
415.136904	1dfb39
415.142654	1e1a0b
415.150913	1e379a
415.157939	1eb59c
415.163933	1dfec3
415.170657	1dfb71
415.185375	1dfb39
415.199839	1e3863
415.208363	1dfe97
415.215466	1dff24
415.225487	1dfb39
415.231670	1e15df
415.244192	1dfb63
415.255972	1e1a06
415.266495	1ebda8
415.281696	1ebda8
415.289357	1ebdaf
415.297722	1ebdaf
415.308536	1ebda8
415.316059	1ebdaf
415.329833	1ebdaf
415.341635	1e1a06
415.347923	1dfb39
415.362345	1dfb39
415.376354	1dfecf
415.391014	1e970d
415.397128	1dfb71
415.406287	1dfb39
415.413608	1e1a06
415.423475	1ed831
415.433114	1dfb39
415.438675	1dfb39
415.450476	1dfb39
415.461755	1e386a
415.476066	1dfb39
415.485333	1eb6b1
415.497290	1ce126bdadb3
415.505863	1e1a06
415.516758	1eb5d5
415.526534	1e1a06
415.539057	1e379a
415.547727	1e1a06
415.555829	1ed38c
415.569090	1dfb39
415.582933	1ce126bdae2f
415.593211	1dfb39
415.601350	1dfde4
415.615941	1e1a06
415.621548	1dfb39
415.629350	1dfb63
415.638593	1ce126bdb560
415.646864	1e1a06
415.654091	1e1484
415.667272	1e1a06
415.678304	1dfb39
415.691980	1dfb63
415.702002	1e1a06
415.714704	1dfb41
415.724057	1dfb39
415.739093	1dfb39
415.753260	1e1a06
415.765934	1ebced
415.774141	1dfb63
415.784342	1dfb63
415.795213	1dfb39
415.806037	1dfb63
415.813325	1eb5d5
415.827793	1e03af
415.842168	1dfb39
415.855544	1e1a06
415.865763	1dfb39
415.875765	1e948f
415.890817	1dfb63
415.900312	1ce126bdc060
415.910885	1e1a06
415.924116	1dfb39
415.933331	1e1a06
415.940515	1dfb39
415.955089	1dfb63
415.962114	1eb535
415.975680	1dfb63
415.990269	1dfb39
415.999998	1dfb39
416.008919	1dfb63
416.020264	1dfb63
416.026443	1dfb63
416.036386	1dfb63
416.047029	1dfb39
416.061877	1dfb63
416.068786	1dfb63
416.080202	1dfb39
416.089175	1ce126cd7880
416.102880	1dfb39
416.117986	1e1a06
416.126623	1e1a06
416.135401	1e1a06
416.144519	1dfb39
416.157066	1dfb71
416.165937	1e1a06
416.176467	1eb5dd
416.185363	1dfb39
416.198263	1dfb39
416.205029	1dfb39
416.219928	1dff05
416.232074	1eb5d5
416.238027	1eb860
416.243725	1dfb39
416.256299	1dfb39
416.266611	1eb616
416.273543	1dfb39
416.287577	1e1a06
416.299466	1ebda8
416.304954	1ebdaf
416.317348	1dfb39
416.328493	1dfb39
416.336329	1dfde4
416.350883	1e1a06
416.358819	1e971b
416.368433	1e379a
416.376562	1dfb39
416.390171	1dfb39
416.398368	1e1a06
416.407855	1e1a06
416.417730	1e37c0
416.432075	1ce126bdae57
416.442992	1e1529
416.450607	1e03a2
416.463042	1dfb63
416.471998	1ed813
416.481800	1dfb63
416.487307	1dfb39
416.498108	1e1a06
416.510549	1dfb63
416.516747	1e379a
416.527096	1dfb39
416.535982	1dfb39
416.550377	1dfb39
416.555598	1ce126cd7926
416.563670	1e18df
416.578283	1dfb39
416.588462	1e1a06
416.598673	1ce126bdb560
416.608041	1dfb39
416.623001	1dfb39
416.631886	1e379a
416.639485	1ebd8d
416.647701	1e3871
416.652988	1eb5f3
416.661572	1e379a
416.676114	1e9d41
416.685747	1dfb39
416.699149	1e9260
416.710379	1dfb63
416.721282	1dfb39
416.727870	1dfb39
416.737059	1dfb39
416.743379	1ce126bdb560
416.755285	1e1a06
416.764982	1e1a06
416.775774	1dfb63
416.784577	1dfb63
416.795597	1dfb63
416.806147	1e5016
416.819563	1e920d
416.826037	1dfde4
416.837948	1e1a06
416.847602	1e1a06
416.857516	1dfb39
416.872403	1ce126bda9d1
416.880522	1e37fa
416.893711	1ebd8d
416.908446	1dfb39
416.920461	1dfb63
416.933351	1dfb63
416.945252	1dfb39
416.952629	1dfb63
416.967804	1e1a06
416.982436	1dfb39
416.992742	1eb605
417.001374	1dfb39
417.016463	1e1a06
417.029212	1e378a
417.035281	1eb5ff
417.040749	1e1a0b
417.050595	1e1a06
417.061881	1dfb39
417.068446	1e1a06
417.083602	1dfb39
417.091269	1dfb39
417.098534	1dfb39
417.112298	1e1626
417.123334	1dfafe
417.136162	1ce126bdae7d
417.149012	1e1a06
417.161171	1dfb63
417.170883	1ce126cd810a
417.176603	1ebda8
417.183496	1ebdaf
417.190428	1ebda8
417.204894	1ebdaf
417.213917	1ebda8
417.226948	1ebdaf
417.240329	1ebda8
417.246594	1ebda8
417.252494	1ebda8
417.263920	1ebda8
417.277185	1ebda8
417.287309	1e1a06
417.295423	1e379a
417.304046	1dfb41
417.310187	1dfeac
417.322935	1dfb39
417.337863	1ce126bda994
417.352005	1eb85b
417.360055	1dfb39
417.367945	1dfb39
417.375281	1e951d
417.390405	1e929d
417.400636	1dfb39
417.413730	1dfb63
417.426574	1dfb39
417.441326	1eb5d5
417.447874	1eb5d5
417.459538	1dfb39
417.473779	1eb5d5
417.487636	1dff05
417.493403	1dfe42
417.499707	1dfb39
417.510745	1ed2eb
417.524702	1dfb63
417.539336	1e1a06
417.551484	1e19fd
417.562590	1e9f05
417.572516	1e5013
417.581259	1dfd9b
417.591785	1dfb63
417.599112	1dfb63
417.613086	1e19cf
417.618382	1ce126bdb754
417.624165	1dfafb
417.633111	1dfb39
417.645764	1dfb63
417.658069	1e379a
417.667950	1dfb63
417.679601	1e1a06
417.689332	1dfb39
417.698802	1e19b6
417.711209	1ce126cd7956
417.723032	1e1a06
417.736353	1dfb63
417.746173	1eb525
417.753575	1dfb39
417.761817	1dfb63
417.773590	1dfb63
417.784152	1ebced
417.789670	1eb717
417.796363	1dfb39
417.807087	1e1a06
417.819888	1e4fd2
417.830852	1e19a1
417.837086	1e03e7
417.846584	1e5046
417.854710	1ce126bdb560
417.860919	1ce126bdaabf
417.867280	1e9505
417.873646	1dfd9b
417.881505	1dfb39
417.894876	1e15b5
417.902904	1e4fd2
417.918045	1e1f3c
417.924804	1dfb39
417.933699	1dfb63
417.948123	1ce126bdb560
417.960369	1dfb63
417.971356	1dfb39
417.977996	1eb599
417.983583	1dfb39
417.993774	1dfb63
418.002639	1eb5d5
418.007931	1dfb63
418.014841	1dfb63
418.023296	1eb633
418.030226	1dfad9
418.047020	1ce126c55bcb
418.061415	1dfb39
418.071815	1dfb39
418.086399	1dff91
418.092413	1e1a06
418.098640	1dfeac
418.108115	1dfb82
418.118005	1e1a06
418.125085	1dfb39
418.136069	1e1a06
418.145235	1e1956
418.151599	1eb860
418.166643	1e3871
418.174923	1e188e
418.188817	1dfb39
418.195619	1e379a
418.204495	1e1a06
418.213767	1e379a
418.224893	1e1484
418.240036	1dfb39
418.252670	1dfb39
418.260810	1dfb39
418.274957	1ebda8
418.285348	1eb860
418.298158	1e18fa
418.306598	1e1a06
418.313862	1e1a06
418.322643	1e1a06
418.328156	1e1a06
418.338839	1e9505
418.351160	1e1a06
418.358474	1dfb63
418.371481	1eb5d5
418.386499	1e1a06
418.401520	1e19fd
418.414280	1dfb39
418.422660	1dfb39
418.431665	1dfb63
418.443062	1dfb39
418.453840	1dfb39
418.467340	1e1a06
418.476818	1dfb39
418.484267	1dfb39
418.496910	1dfb39
418.509618	1dfb63
418.516566	1e1a06
418.529527	1e1a06
418.543513	1eb5d5
418.552397	1e1a06
418.558336	1e1a06
418.567414	1dfb39
418.582146	1e1a06
418.588010	1e948f
418.593541	1dfb39
418.599676	1dfb39
418.608432	1e379a
418.621054	1dfb39
418.628435	1ce126bdaf07
418.639226	1dfb71
418.653944	1e1a06
418.664728	1e1a06
418.677454	1ebcfe
418.688922	1e1a06
418.703065	1e1887
418.709982	1dfb39
418.716746	1e1a06
418.729326	1eb860
418.742928	1eb58e
418.750674	1dfb39
418.756606	1dfaf4
418.763319	1dfb63
418.770820	1e928d
418.779723	1ed876
418.794063	1e9417
418.803817	1e9417
418.818476	1dfb39
418.823800	1e9260
418.829800	1dfb63
418.837507	1dfb63
418.845726	1dfb39
418.859995	1dfb63
418.865983	1dfb63
418.877092	1dfb63
418.887180	1eb605
418.894361	1dfb63
418.900756	1e1a06
418.906129	1e1a06
418.911315	1eb5d5
418.922381	1dff24
418.935287	1e1a06
418.949148	1e1a06
418.958824	1eb612
418.966136	1dfb39
418.978514	1dfb39
418.991744	1dfb39
419.005662	1dfb39
419.018651	1e9d4f
419.031942	1e1a06
419.043127	1dfb39
419.058230	1dfb63
419.068823	1ebda8
419.074098	1ebda8
419.079327	1ebda8
419.092552	1ebdaf
419.102565	1ebda8
419.117382	1ebdaf
419.132205	1ebdaf
419.140846	1eb5d5
419.153262	1e379a
419.161776	1dfb39
419.168988	1e379a
419.180267	1e1484
419.193922	1ed88f
419.199313	1dfb39
419.207474	1dfb39
419.213004	1e1a06
419.219288	1ce126bdc210
419.234202	1e1a06
419.246483	1eb52b
419.254840	1dfb63
419.266676	1dfb39
419.281840	1eb860
419.295951	1e1f03
419.304106	1dfdcc
419.309906	1dfb39
419.322272	1ce126bdadb3
419.335352	1e1a06
419.345551	1ce126bdb560
419.360228	1e1a06
419.371341	1e1a06
419.382826	1dfb39
419.394213	1ce126bdaea3
419.399570	1eb612
419.406511	1e1a06
419.413838	1ea78d
419.427069	1e1a06
419.439881	1e1a06
419.452139	1dfb63
419.464365	1e1a06
419.475796	1e379a
419.485685	1e1a06
419.493514	1dfb39
419.506239	1dfb63
419.513446	1dfb39
419.519022	1dfb63
419.524339	1dfb39
419.533972	1dfb39
419.549019	1e93dd
419.556505	1e1a06
419.565911	1ed3cd
419.578807	1e1a06
419.590817	1dfb63
419.596032	1dfb63
419.604380	1dfb63
419.613865	1dfb63
419.624134	1dfb63
419.632572	1dfb63
419.646047	1e9417
419.660130	1e9505
419.669035	1ce126cd78ab
419.680304	1e1a06
419.695427	1e1426
419.703122	1ce126bdaabf
419.713868	1ce126bdaabf
419.725534	1dfb39
419.736362	1dfb39
419.747098	1e92c3
419.752925	1dfb63
419.762054	1dff05
419.768666	1dfb71
419.773953	1e5032
419.786765	1dfb63
419.799791	1e386c
419.809953	1dfb39
419.816346	1dfb63
419.823840	1dfb63
419.838522	1dfb71
419.851049	1dfb39
419.860547	1dfb63
419.875644	1dfb39
419.884494	1dfb63
419.891800	1dfb63
419.906250	1e15b5
419.919130	1ce126bdc0b7
419.933354	1dfb39
419.941484	1dfb39
419.955207	1ce126bdb560
419.962076	1dfb39
419.968313	1ce126bdae57
419.976164	1ce126bdc060
419.990355	1eb58e
419.998719	1ce126bdadcb
420.013524	1dfb39
420.025085	1e1a06
420.036915	1dfab0
420.049689	1dfb39
420.063278	1dfb39
420.070749	1e1a06
420.084057	1e1a06
420.092304	1dfb90
420.102041	1e1a06
420.109521	1dfb39
420.118996	1ebda8
420.133606	1ebda8
420.147764	1dfb39
420.158302	1e1a06
420.172769	1e1a06
420.183770	1e1a06
420.197085	1dfb63
420.203821	1ce126bdb560
420.218287	1dfb39
420.227457	1e1a06
420.241692	1e1a06
420.256183	1e19d3
420.271289	1e929d
420.282566	1dfb63
420.290362	1dfb63
420.303003	1dfb39
420.314387	1e1a06
420.325192	1dfb39
420.337911	1e3818
420.343869	1dfb63
420.354659	1dfb63
420.368962	1ce126cd78a1
420.383006	1ce126cd78a5
420.393499	1e1a06
420.403574	1e1a06
420.410002	1dfb39
420.421837	1ea9df
420.435459	1dfb39
420.443430	1eaa0b
420.452874	1e1a06
420.462285	1e37f2
420.477078	1dfb39
420.491666	1eb5d0
420.502875	1dfb39
420.512984	1dfca9
420.522072	1e1a06
420.535120	1dfb39
420.545509	1dfb39
420.557677	1dfb39
420.566645	1ce126bdb754
420.581324	1dfb39
420.588307	1dfaf0
420.593930	1dfb63
420.607417	1e1a06
420.621614	1ed30d
420.628534	1dfb63
420.633988	1e1a06
420.644956	1dfb71
420.659372	1dfb39
420.672446	1dfb39
420.684626	1dfb63
420.698428	1dfb63
420.704505	1dfb63
420.715660	1dfb63
420.724640	1dfb63
420.731014	1dfb63
420.736903	1e1a06
420.743333	1dfb39
420.758204	1dfb39
420.773384	1e1a06
420.779212	1eb640
420.786602	1e15b5
420.793897	1dfb39
420.801092	1e1a06
420.809148	1e1a06
420.821373	1dfdd5
420.828437	1eb605
420.836228	1eb5d5
420.841547	1e1a06
420.849075	1ebdaf
420.854451	1ebdaf
420.867235	1ebda8
420.879714	1ebda8
420.886092	1ebda8
420.892343	1ebda8
420.904537	1ebdaf
420.918313	1dfb39
420.925189	1e1a06
420.936789	1e1a06
420.949964	1e1a06
420.959084	1dfb39
420.965351	1e1a06
420.976168	1e1a06
420.986129	1dfb63
420.996543	1eb846
421.006261	1e1a06
421.020244	1dfb39
421.033005	1e1a06
421.045454	1dfb71
421.057614	1dfb63
421.062822	1dfb39
421.074265	1dfde4
421.081480	1e1a06
421.091205	1dfe42
421.101261	1dfb39
421.107676	1dfb39
421.120602	1dfb63
421.133058	1dfb63
421.142622	1e1a06
421.150869	1e1a06
421.159141	1dfb39
421.169199	1e1616
421.178707	1e1a06
421.190810	1dfb39
421.202156	1dfb39
421.213791	1e1a06
421.223615	1ce126bdb560
421.236168	1ce126bdb560
421.243108	1dfb39
421.257557	1dfce1
421.263690	1e1a06
421.269065	1dfb39
421.279020	1e1a06
421.291305	1dfcdb
421.305180	1ebd4f
421.319074	1dfb3d
421.329203	1e1a06
421.334625	1e1a06
421.341104	1e1a06
421.347000	1ed3cd
421.361106	1ebced
421.369218	1dfb63
421.375860	1dfb39
421.381803	1e1a06
421.394751	1ce126bdb376
421.400378	1e1a06
421.412814	1e1a06
421.426716	1e9260
421.432589	1e1484
421.445424	1e1a06
421.451514	1dfb63
421.465342	1dfb63
421.476561	1dfb63
421.487039	1dfb63
421.492515	1e37de
421.505073	1e379a
421.518594	1dfb63
421.529177	1e1a06
421.541413	1dfb39
421.556374	1dfdd5
421.564975	1dfec3
421.576043	1e9260
421.589100	1e15b1
421.600585	1dfe75
421.606896	1e9260
421.621206	1e1a06
421.633112	1dfb39
421.645991	1dfb39
421.653393	1dfb39
421.663335	1dfb63
421.671207	1dfb63
421.685424	1dfb39
421.692123	1e379a
421.703057	1dfb39
421.709575	1dfb63
421.717775	1ebd68
421.729863	1dfb63
421.742141	1dfb39
421.749125	1eb58b
421.756402	1dfb63
421.770445	1dfb63
421.776951	1dfb39
421.787737	1dfb39
421.803684	1ce126c55bcb
421.817459	1ce126bdae91
421.825621	1e1a06
421.832808	1dfb39
421.838053	1e1a06
421.852125	1e19a1
421.860348	1eb713
421.868529	1eb514
421.876513	1dfb39
421.885369	1e15b5
421.895966	1dfb39
421.905913	1e1a06
421.919919	1dfb39
421.930008	1e0cb0
421.939918	1eb5d5
421.948134	1ce126bdc060
421.961437	1e1a06
421.966785	1e1484
421.978226	1e1a06
421.987463	1dfb39
422.002004	1e1a06
422.010555	1dfb39
422.016305	1e1a06
422.031239	1e1a06
422.039260	1e1a06
422.047922	1dfb39
422.055945	1dfb39
422.063201	1ebda8
422.075315	1ebdaf
422.087857	1eb612
422.100600	1eb5d5
422.111820	1dfb39
422.124802	1dff05
422.132069	1dfb63
422.138386	1e1a06
422.143578	1e1a06
422.151586	1ebced
422.160679	1dfb63
422.172605	1dfb39
422.181851	1e1a06
422.195107	1e9d90
422.207965	1e1a06
422.216497	1dff05
422.226371	1e1a06
422.231605	1e1a06
422.246070	1dfb63
422.258827	1dfb63
422.270317	1dfdac
422.282579	1ce126bdc06f
422.296736	1dfb63
422.308658	1dfb63
422.321546	1eb605
422.335355	1e1a06
422.348962	1dfb39
422.355872	1eb5d5
422.368005	1eb5d5
422.381045	1ec6b6
422.388043	1dfb39
422.396135	1dfb39
422.402593	1e1a06
422.411705	1e9417
422.426563	1dfb63
422.433325	1dfb63
422.442357	1e1a06
422.452964	1e380f
422.460245	1ce126bdc076
422.466125	1e1a06
422.478456	1dfb39
422.487685	1dfb39
422.499054	1eb57e
422.512762	1dfb39
422.526736	1e9505
422.534884	1ed353
422.541491	1dfb39
422.547374	1dfb63
422.558358	1dfb63
422.564768	1dfb63
422.574943	1dfb63
422.583512	1e1a06
422.594353	1dfb63
422.607812	1dfb39
422.620273	1e948f
422.625997	1e1a06
422.633426	1e9302
422.645814	1dfb39
422.652137	1dfb63
422.657607	1dfb39
422.672470	1dfb63
422.683321	1dfb39
422.697515	1dfb63
422.708592	1dfb39
422.715747	1e1a06
422.730218	1dfb39
422.737043	1e1a06
422.750593	1e1a06
422.762565	1e1a06
422.773277	1eb5d5
422.785014	1e1a06
422.796269	1e1a06
422.805126	1eb5d5
422.819013	1e1a06
422.827930	1ebdaf
422.837888	1ebda8
422.844512	1ebdaf
422.854995	1ebdaf
422.863847	1ebdaf
422.876438	1ebdaf
422.889140	1dfd9b
422.901639	1ce126bdb386
422.906945	1dfb39
422.918121	1e1a06
422.927162	1e149f
422.937238	1e039f
422.949293	1dfb63
422.955946	1dfb63
422.965956	1dfb63
422.978888	1eb5d5
422.986284	1ce126bdc210
422.997753	1dfb39
423.009691	1dfb39
423.022781	1e1a06
423.036385	1e03fb
423.043817	1e1a06
423.053992	1e273f
423.066292	1e1a06
423.078968	1eb5f6
423.090185	1dfb39
423.095436	1dfdac
423.104095	1dfb63
423.112157	1dfb39
423.119259	1e1484
423.128112	1e1a06
423.137813	1e1a06
423.146661	1eb5d5
423.157715	1e1a06
423.169618	1ce126bdad30
423.176047	1e1a06
423.181397	1e1a06
423.189677	1dfb71
423.201049	1dfdb0
423.213246	1e1a06
423.228400	1dfb39
423.243069	1dfb39
423.252543	1e1a06
423.267363	1e1484
423.277117	1dfb39
423.287716	1dfb39
423.294744	1e15c7
423.303972	1dff91
423.310208	1dfde4
423.317509	1dfb39
423.326640	1dfb63
423.333137	1dfb39
423.343765	1dfb63
423.355500	1dfb39
423.369741	1dfb39
423.381481	1dfb39
423.389878	1e1a06
423.405068	1ed309
423.417129	1dfb63
423.424165	1dfb39
423.438488	1dfb39
423.447016	1dfb63
423.459813	1dfb63
423.466147	1dfb39
423.474065	1dfb63
423.488877	1dfb39
423.500360	1dfb39
423.515493	1e1a06
423.521489	1e1a06
423.529363	1e1a06
423.535606	1e1a06
423.541641	1e1a06
423.548021	1e1a06
423.553466	1e1a06
423.559413	1e379d
423.566245	1e1a06
423.580771	1dfb39
423.586124	1e4fed
423.598426	1e1a06
423.609644	1e0cc7
423.616279	1eb5ae
423.624256	1dfb63
423.631998	1dfb39
423.641992	1dfb63
423.649455	1dfb39
423.658340	1dfb63
423.666525	1dfb63
423.680544	1dfb63
423.692084	1dfb63
423.706666	1dfb63
423.713230	1ebd1a
423.724021	1dfb39
423.731122	1dfb63
423.741497	1e1a06
423.747547	1ce126bdaad6
423.761906	1e1a06
423.776196	1dfb39
423.789485	1e1a06
423.796031	1dfb39
423.801391	1dfb39
423.809349	1e1a06
423.822486	1dfb39
423.832768	1e1a06
423.841033	1dfb39
423.856075	1ebced
423.868533	1dfb39
423.877284	1eb5d5
423.888564	1dfb39
423.894526	1dfb39
423.907254	1dfb71
423.920928	1dfb39
423.929457	1eb797
423.938160	1eb605
423.949629	1e15b5
423.955271	1ce126bda9d1
423.964730	1e1a06
423.975112	1dfb39
423.990218	1ebdaf
424.004246	1dfb39
424.016156	1dfb39
424.024823	1dfdd5
424.030805	1ce126bdb340
424.042393	1dfb39
424.049452	1e379a
424.062216	1dfb39
424.076208	1ebd68
424.088866	1dfb39
424.096933	1e0cdc
424.111290	1e1a06
424.123792	1e1a06
424.134000	1dfe86
424.141800	1eaa11
424.147247	1e1a06
424.157068	1e9417
424.168947	1dfb63
424.180261	1dfb63
424.193910	1dfb39
424.206631	1ce126bdc0a1
424.212112	1ce126bdc060
424.225339	1dfb63
424.235990	1dfb63
424.243969	1dfb39
424.254320	1dfb39
424.259533	1e1a06
424.273009	1dfb39
424.283105	1eb5d5
424.292998	1eb5d5
424.301443	1dff0b
424.308975	1e1a06
424.317644	1e19fd
424.332451	1ce126bdc210
424.339909	1e1a06
424.348164	1dfb39
424.361898	1ebd68
424.371783	1e1a06
424.380689	1dfb39
424.395248	1dfb39
424.406507	1dfb39
424.414223	1e1a06
424.421493	1dff05
424.430546	1ebced
424.445482	1dfb39
424.452243	1e942a
424.461932	1e1a06
424.468640	1ce126bdaeb4
424.477918	1dfb63
424.485906	1dfb39
424.499319	1dfb39
424.512636	1dfae9
424.525030	1dfb39
424.533081	1dfb39
424.545574	1dfb39
424.556888	1e4ff4
424.566701	1e3871
424.575049	1dfb39
424.585806	1dfb39
424.599252	1eb605
424.609985	1dfb63
424.619312	1dfb63
424.624836	1dfb39
424.633042	1ebced
424.640169	1dfb63
424.647307	1dfb39
424.654645	1dfb39
424.664669	1e15b5
424.676814	1dfb39
424.682416	1dfb39
424.697354	1dfe97
424.707900	1eb868
424.718122	1e1a06
424.731291	1e1a06
424.738431	1ebda8
424.744841	1ebdaf
424.750438	1ebda8
424.764282	1ebda8
424.770629	1ebdaf
424.783578	1ebda8
424.797922	1ebdaf
424.806299	1dfb39
424.815191	1dfb39
424.824099	1e1a06
424.833705	1ec654
424.843381	1e1a06
424.856859	1e1a06
424.863623	1e1a06
424.877334	1dfb63
424.892395	1e1a06
424.897679	1dfb39
424.912256	1dfb39
424.923812	1e1a06
424.929108	1e1a06
424.934659	1dfb39
424.943232	1dfb39
424.956962	1dfb63
424.968592	1dfb39
424.975123	1e03fa
424.983341	1e1a06
424.988973	1dfb63
425.001367	1dfb63
425.014794	1dfb63
425.020835	1e1a06
425.035755	1e1a06
425.043776	1dfb39
425.055157	1e153b
425.061828	1e1a06
425.067025	1dfb39
425.079617	1e1a06
425.088021	1ea7e3
425.102374	1dfb39
425.109152	1dfb63
425.123229	1dfb63
425.137014	1dfb39
425.147173	1e1a06
425.161788	1ea54b
425.174023	1dfb39
425.188974	1dfb63
425.202292	1ed3cd
425.213756	1e1a06
425.225790	1e1484
425.237646	1dfb39
425.252809	1dfb67
425.265327	1e9505
425.272532	1dfb39
425.283691	1e505b
425.296361	1dfa7e
425.303268	1e1a06
425.309613	1e1a06
425.321785	1dfb39
425.334836	1dfb39
425.341489	1dfb63
425.350034	1dfb63
425.360870	1dfb39
425.369738	1dfb39
425.375201	1dfb63
425.385401	1dfb39
425.397495	1e929d
425.412014	1dfb39
425.420550	1dfb39
425.434844	1e1484
425.447861	1e1a06
425.454773	1dfb39
425.466131	1dfb39
425.475484	1e1484
425.482142	1e1a06
425.494926	1e9268
425.503170	1e1a06
425.509883	1dfe7e
425.517235	1dfb39
425.528284	1e9417
425.534605	1dfb63
425.546567	1e37ce
425.556896	1dfb63
425.564626	1dfb63
425.571258	1dfb63
425.585642	1dfb63
425.598905	1dfb39
425.613320	1e3827
425.628482	1eb65e
425.636228	1dfb39
425.647979	1dfb63
425.657529	1dfb63
425.672416	1e1a06
425.685444	1e1a06
425.699567	1dfdd5
425.706799	1e1a06
425.713406	1dfb39
425.722001	202a00
425.731236	1ce126bdb3a1
425.736483	1dfb39
425.743465	1eb5aa
425.750422	1dfb39
425.758481	1e1a06
425.772055	1ebd68
425.783885	1dfd9b
425.791496	1e15b5
425.801759	1eb750
425.816190	1dfe75
425.827130	1e1a06
425.833741	1ce126bdae57
425.840032	1dfb39
425.846852	1dfb71
425.852093	1dfec3
425.860867	1dfb90
425.873963	1eb605
425.887630	1ebdaf
425.894346	1ebdaf
425.901730	1ebdaf
425.907910	1ebdaf
425.920317	1dfb39
425.930354	1dfb39
425.945055	1dff24
425.953711	1e1a06
425.967447	1dfb39
425.982298	1ce126bda986
425.988655	1e9260
425.995169	1dfb39
426.006652	1dfb63
426.020076	1dfb39
426.030095	1e1a06
426.042452	1e1a06
426.056855	1dfb39
426.064719	1e1a06
426.075758	1dfb39
426.082318	1dfb63
426.090087	1dfb63
426.097196	1dfb39
426.106537	1dfb39
426.113264	1ce126bdb386
426.124285	1e1a06
426.138628	1dfb63
426.149944	1dfb63
426.159437	1dfb63
426.167592	1eb860
426.179683	1ce126bdae2f
426.188051	1e1a06
426.197594	1e1a06
426.211640	1dfb39
426.221592	1dfb39
426.230951	1ce126bdc1c5
426.237246	1dfb39
426.246551	1e1a06
426.253770	1dfb39
426.265556	1e1a06
426.277578	1dfb63
426.290694	1dfb39
426.301885	1e15fb
426.313341	1dfb39
426.321208	1ce126bdae22
426.332472	1e1a06
426.339771	1dfb39
426.352371	1e1a06
426.360189	1e19e5
426.372626	1dfb63
426.380222	1dfb63
426.387176	1e379a
426.400888	1e1a06
426.409673	1dfb39
426.419911	1dfb39
426.425536	1dfb63
426.440639	1dfb39
426.451348	1ebd68
426.462236	1dfb63
426.468793	1e1a06
426.476496	1dfb39
426.484803	1e1a06
426.494900	1dfb39
426.506439	1e1a06
426.516277	1e009c
426.522585	1dfb39
426.528323	1dfb39
426.536085	1dfb63
426.542778	1e379a
426.555898	1dfb39
426.563352	1dfb63
426.577876	1dfb63
426.589110	1dfb63
426.601663	1dfb39
426.613669	1dfab0
426.624995	1e1a06
426.633676	1dfb39
426.646002	1eb584
426.652179	1e1a06
426.660657	1dfde4
426.671560	1dfb39
426.682964	1e1a06
426.697613	1ebdaf
426.710573	1ebda8
426.725580	1e1a06
426.739291	1eb760
426.754326	1e1431
426.763740	1dff6f
426.775283	1dfb71
426.783954	1e1a06
426.795177	1e1a06
426.802089	1dfb63
426.813349	1dfb63
426.818680	1dfb39
426.831625	1e1a06
426.841894	1e1a06
426.853974	1e1a06
426.866387	1e1a06
426.880636	1eb525
426.887242	1e379a
426.899286	1e1a06
426.907885	1dfb39
426.920516	1dfb39
426.927848	1dfb39
426.937925	1dfb63
426.948915	1dfb63
426.958644	1dfb63
426.970920	1eb5d5
426.981297	1e1a06
426.991706	1e1a06
427.004199	1ce126cd7884
427.016379	1dfb39
427.024516	1e1a06
427.039193	1e1a06
427.045138	1ce126bdb560
427.060143	1dfb71
427.067434	1dfb63
427.074918	1dfb63
427.087165	1ce126bdb382
427.099311	1dfdd5
427.108636	1dfb39
427.123827	1dfb71
427.130659	1e1a06
427.140532	1dfb39
427.149915	1e504d
427.158951	1dfb63
427.170609	1dfb39
427.177153	1dfb39
427.187539	1e379a
427.195995	1e9417
427.208670	1dfb39
427.219155	1dfb39
427.228919	1dfb63
427.235762	1dfb39
427.244994	1e1a06
427.254399	1e1a06
427.260029	1dfb39
427.271719	1dfb39
427.283411	1e1908
427.295735	1e1a0b
427.303337	1dfb39
427.315807	1dfb39
427.330730	1dfb39
427.345876	1dfb63
427.358134	1dfb39
427.366658	1dfb63
427.373956	1dfb41
427.387875	1e1484
427.396754	1dfb39
427.407994	1dfb39
427.419853	1dfb39
427.432103	1dfb39
427.445420	1dfb39
427.460527	1e1a06
427.471293	1dfb39
427.480798	1e1a06
427.494364	1e1a06
427.501759	1e1a06
427.509984	1e1a06
427.515209	1dfb4b
427.520884	1dfb63
427.533011	1dfb63
427.547176	1eb605
427.559975	1eb581
427.565175	1dfdb0
427.578517	1dfb39
427.588735	1dfb39
427.600329	1dfb63
427.609951	1dfb63
427.618859	1ebd4f
427.629489	1eb605
427.641492	1dfb63
427.651532	1e1a06
427.660558	1e1a06
427.667922	1dfb39
427.678063	1dfb39
427.687344	1dfb39
427.701036	1e1a06
427.709552	1dfb39
427.717912	1e15b5
427.727739	1dfa7a
427.736638	1dfb39
427.750003	1dfb39
427.763488	1e1a06
427.769379	1dfb39
427.774719	1e1a06
427.781418	1e1a06
427.794846	1eb5d5
427.809985	1dfa8a
427.823501	1e1895
427.838040	1e1a06
427.844765	1dfb39
427.855242	1dfb63
427.860734	1e1a06
427.872962	1ebda8
427.882012	1ebdaf
427.894715	1dfb39
427.906562	1dfb39
427.915919	1dfb39
427.927941	1eb5d5
427.942567	1dfb39
427.949522	1e1a06
427.960217	1dfb39
427.968571	1dfb39
427.980263	1ebd68
427.990138	1e15b5
428.004987	1dfb39
428.017472	1e1a06
428.028881	1e9426
428.037410	1e1a06
428.051071	1dfb39
428.065483	1e9302
428.074399	1e1639
428.087586	1e1a06
428.097488	1eb5dd
428.111265	1dfb63
428.120851	1e1a06
428.128473	1eb5d5
428.139657	1dfb39
428.150267	1e1a06
428.155611	1dfb39
428.164832	1dfb39
428.178399	1e1a06
428.191518	1e37a0
428.197081	1e1484
428.210454	1dfb39
428.222971	1eb5d5
428.236315	1dfb39
428.247354	1e1a06
428.253832	1ce126bdb04a
428.267670	1e1a06
428.274012	1dfb93
428.285382	1dfb39
428.299837	1e19ae
428.312990	1dfb39
428.324044	1e1587
428.330017	1dfb39
428.342595	1ebd0c
428.352118	1dfb39
428.361215	1dfb39
428.372502	1e4fd2
428.382189	1dfb39
428.394712	1e1a06
428.409263	1e1a06
428.421618	1e5001
428.433451	1e948f
428.444071	1dfb39
428.451005	1dfb39
428.459286	1dfb39
428.473728	1dfb39
428.479720	1dfb63
428.490276	1dfb63
428.499153	1eb612
428.506763	1eb5d5
428.513710	1e1a06
428.527980	1eb605
428.540598	1ce126bdb386
428.547343	1e18df
428.556498	1dfb39
428.564011	1eb5d5
428.577144	1dfb39
428.584640	1e150a
428.598328	1e1f03
428.604736	1ebda8
428.618514	1ebda8
428.624440	1ebdaf
428.637863	1e1a06
428.649678	1dfb39
428.661980	1ba254
428.677127	1e1a06
428.691869	1e15b5
428.700155	1dfb39
428.709533	1ce126bdc174
428.715448	1dfb39
428.729630	1dfb71
428.742896	1e03f2
428.754342	1eb5d5
428.765008	1e1a06
428.773794	1dfb09
428.780723	1e37a1
428.794991	1e1a06
428.810084	1dfb63
428.824714	1dfb39
428.834144	1e1a06
428.846201	1e501d
428.858743	1dfb63
428.864695	1dfb39
428.874084	1dfb63
428.883664	1dfb39
428.892736	1dfb39
428.903825	1cee6d
428.914664	1eb605
428.922143	1eb860
428.936252	1eb5d5
428.949547	1e1a06
428.963934	1dfb39
428.977080	1e1a06
428.987017	1dfb63
429.000451	1dfb71
429.006060	1eb860
429.019418	1dfb39
429.031339	1dfb39
429.041047	1e5020
429.050920	1e1a06
429.062826	1dfb39
429.071830	1e1423
429.077383	1ce126bdc238
429.084320	1e1a06
429.090863	1dfb39
429.102487	1dfb39
429.109900	1eb6be
429.123291	1dfb63
429.136326	1dfb63
429.149444	1e15b1
429.156696	1e95d8
429.162081	202a00
429.177071	1e1993
429.191137	1e1a06
429.201973	1dfdd5
429.211846	1dfb39
429.225479	1dfb39
429.239613	1dfb39
429.249008	1dfb63
429.255556	1dfb63
429.270409	1dfb39
429.283611	1ce126bdad46
429.292718	1dfb39
429.302216	1e1a06
429.315501	1dfb63
429.327492	1dfb39
429.337661	1e1a06
429.349349	1ce126cd78a1
429.361848	1dfb39
429.369189	1e1a06
429.382314	1dfb39
429.390580	1e1a06
429.399407	1e1a06
429.406602	202930
429.414445	1e1a06
429.423024	1dfb63
429.430738	1dfb39
429.438694	1dfb63
429.448756	1dfb63
429.461857	1dfb63
429.468286	1eb868
429.479068	1dfb39
429.492602	1dfb39
429.507212	1dfb39
429.519800	1dfb39
429.534919	1e37e4
429.549765	1dfb39
429.560476	1e1a06
429.568023	1dfb39
429.575071	1dfb39
429.589065	1e1a06
429.602254	1dfb39
429.616769	1dfb39
429.626943	1e379a
429.632555	1e1a06
429.642120	1e1a0b
429.654732	1dfb39
429.662138	1e1a06
429.672123	1e1a06
429.684862	1dfb39
429.694668	1dfb39
429.702409	1dfb39
429.710855	1e1a06
429.725131	1dff3c
429.738163	1e142d
429.747123	1eb83b
429.752685	1dfb39
429.762506	1e1a06
429.770038	1e1a06
429.776730	1dfb39
429.782042	1ebdaf
429.794291	1e13ac
429.803696	1ce126bdc1c5
429.818850	1dfb71
429.828367	1e1a06
429.835986	1ce126bdc238
429.849358	1dfb39
429.863310	1dfb63
429.869613	1dfb63
429.884652	1dfb63
429.892919	1dfb39
429.905449	1eb5d5
429.914403	1dfb39
429.924141	1ea7e3
429.932065	1ea9bd
429.939133	1dfb39
429.949210	1dfb39
429.959975	1dfb39
429.973706	1dfb63
429.981286	1dfb63
429.994436	1dfb63
430.000984	1dfb3d
430.007917	1e5062
430.013977	1e1a06
430.027248	1dfb63
430.041984	1dfb63
430.048958	1dfb39
430.054906	1eb860
430.066367	1e1a17
430.079291	1e1a06
430.090807	1e1a06
430.100726	1dfb39
430.114254	1e1a06
430.120800	1dfb39
430.126811	1e1e87
430.135443	1ea88f
430.141089	1dfb39
430.150672	1dfb39
430.164861	1dfb39
430.178342	1dfb63
430.187446	1dfb39
430.199808	1e1a06
430.206440	1dfb39
430.223727	1e1484
430.237304	1dfb71
430.245676	1e1a06
430.250921	1dfb39
430.259767	1dfb63
430.274263	1e009c
430.287825	1dfb39
430.299054	1dfb39
430.311504	1dfb63
430.319159	1dfb39
430.332354	1dfb39
430.340677	1dfb63
430.348110	1dfb39
430.354158	1e379a
430.362389	1dfb3d
430.372864	1dfb71
430.387685	1dfb39
430.395030	1e1a06
430.401474	1e4fd2
430.410163	1e1a06
430.420419	1dfb39
430.435136	1dfb63
430.447128	1dfb63
430.455698	1dfb39
430.464956	1dfb39
430.470378	1dfb63
430.476885	1ebce3
430.483308	1dfb39
430.496221	1e1a06
430.506104	1dfb39
430.521123	1dfb39
430.530748	1eb5d9
430.541186	1e1a06
430.553576	1dfd9b
430.562434	1dfb39
430.572886	1dfb39
430.585039	1ebdaf
430.591097	1ebdaf
430.602561	1ebdaf
430.615129	1ebdaf
430.624253	1ce126c55bcb
430.639299	1e1a06
430.648416	1dfb39
430.655180	1eb860
430.664655	1eb5d5
430.675461	1e1a06
430.686094	1dfdd5
430.696588	1dfb39
430.709548	1dfb39
430.716902	1e1ed7
430.735432	1e379a
430.746413	1eb860
430.757062	1dfb71
430.767563	1e1a06
430.772940	1e1a06
430.780527	1ea7b4
430.787868	1dfb39
430.796895	1e1a06
430.806855	1dfb63
430.817685	1dfb63
430.826870	1e1a06
430.834193	1dfb71
430.846331	1dfb39
430.860614	1dfb39
430.868700	1dfb63
430.879706	1dfb63
430.886781	1dfb63
430.900605	1dfb39
430.910049	1dfb39
430.916008	1e1a06
430.925845	1eb7f4
430.933937	1dfe31
430.943356	1dfb39
430.951033	1e3860
430.963442	1dff7c
430.977489	1dfb39
430.985254	1e1a06
430.999897	1dfb39
431.006054	1e1599
431.015686	1ce126bdc060
431.030424	1dfb39
431.045168	1dfb39
431.052923	1dfb63
431.058398	1eb5bd
431.068354	1dfd9b
431.079311	1ce126bdaf07
431.087278	1dfb71
431.096535	1e1a06
431.109356	1e1a06
431.121311	1eb5a0
431.128724	1e379a
431.139654	1e15b5
431.150250	1e1a06
431.163187	1dfb39
431.170811	1dfb63
431.185976	1dfb63
431.192021	1dfb39
431.198281	1dfb63
431.203795	1dfb39
431.213825	1ed7ec
431.220859	1e1952
431.234384	1e941d
431.249470	1dfb39
431.260798	1ce126cd7884
431.275656	1dfb5c
431.290775	1dfb20
431.296960	1eb616
431.303826	1dfb63
431.317191	1dfb63
431.329331	1eb5c7
431.336427	1dfb63
431.349021	1dfb39
431.358456	1e1a06
431.363610	1dfb39
431.374508	1e1a06
431.379862	1dfb63
431.390393	1dfb39
431.395585	202941
431.408772	1e1a06
431.421332	1dfb39
431.426856	1dfde4
431.433889	1dff24
431.442008	1e9677
431.456206	1ed32f
431.466104	1e91ca
431.473561	1ed293
431.485134	1e1a06
431.498170	1dfb63
431.511486	1dfb63
431.519286	1dfdac
431.531935	1dfb63
431.540503	1dfb63
431.553348	1ebd68
431.562328	1dfb63
431.570571	1dfb63
431.581606	1dfb63
431.589895	1dfb63
431.598611	1dfb39
431.612736	1ebced
431.626796	1dfb63
431.636273	1dfb39
431.645945	1eb5d5
431.659472	1dfb71
431.673047	1dfb39
431.679454	1eb605
431.687267	1e1a06
431.696672	1ce126cd7891
431.709596	1dfde4
431.720589	1dfb39
431.728599	1eb5d5
431.740904	1dfb71
431.747007	1e03dd
431.760990	1e1e8a
431.769239	1e379a
431.779201	1dfb39
431.785752	1ebd5d
431.799122	1dfb39
431.810127	1dfb39
431.824040	1dfb39
431.833401	202995
431.844627	1e1a06
431.852542	1dfb39
431.860800	1dfb39
431.869782	1eb5d5
431.882676	1e1a06
431.891807	1e15b5
431.899509	1dfb39
431.905220	1dfb39
431.917314	1ce126bdb376
431.922766	1ebdaf
431.930723	1ebda8
431.944664	1ce126bdaad6
431.955439	1e1a06
431.963066	1dfb39
431.974908	1dfb39
431.984295	1e1a06
431.990386	1dfb39
431.997151	1dfb39
432.009439	1dfb58
432.023743	1dfb39
432.033872	1dfb39
432.039700	1eb5b1
432.049371	1e1f03
432.061615	1eb5d9
432.068710	1e9d34
432.078436	1dfb39
432.086862	1e1a06
432.097044	1e1e94
432.104565	1e1e87
432.116984	1e1a06
432.126056	1dfb71
432.140899	1e1ed7
432.153211	1e1a06
432.166934	1e951d
432.172819	1e1a06
432.185927	1dfb39
432.194907	1dfb63
432.203397	1dfb63
432.214327	1dfb63
432.222330	1e1ec5
432.231666	1e1a06
432.238712	1e1f03
432.245675	1e1ea6
432.259629	1e1f37
432.269528	1dfb39
432.276965	1dfb39
432.286165	1ce126bdae91
432.296433	1dfb39
432.302454	1dfca5
432.316043	1e1a06
432.328441	1e1a06
432.336705	1dfb39
432.346634	1e1a06
432.351942	1e93ec
432.357377	1ed3cd
432.367312	1dfb39
432.375397	1dfb71
432.389555	1dfb39
432.399616	1dfb63
432.414789	1e1949
432.425596	1ce126bdadfa
432.430828	1dfb63
432.439675	1eb5d5
432.454597	1dfb39
432.460961	1e1a06
432.468051	1dff7c
432.477775	1dfb39
432.489764	1dfb63
432.501690	1dfb41
432.514048	1dfb63
432.525483	1e1a06
432.533004	1dfb63
432.541187	1e1a06
432.549184	1e1a06
432.560777	1dfb39
432.574756	1dfb39
432.587585	1e37a1
432.594487	1dfb63
432.608838	1dfb63
432.622017	1dfb63
432.635159	1e37ef
432.644742	1dfb63
432.658406	1eb877
432.669686	1dfb41
432.684847	1e272e
432.694806	1eb5d5
432.704991	1e1a06
432.719303	1dfb39
432.726726	1e1a06
432.739331	1dfb39
432.745404	1eb5d5
432.756877	1ebdaf
432.768946	1ebda8
432.774207	1ebced
432.780055	1ebda8
432.785497	1ebda8
432.800431	1e1a06
432.812846	1e1a06
432.824665	1e15b5
432.837324	1dfb39
432.844693	1e1a06
432.853650	1e17ff
432.861640	1dfb39
432.867728	1dfec3
432.875047	1e1f42
432.887015	1dfb39
432.894449	1e1a06
432.907144	1dfb39
432.921752	1dfb39
432.934489	1ce126bdc167
432.945954	1dfb39
432.956090	1ea7e3
432.966877	1dfb39
432.975590	1e1a06
432.986647	1dfb39
433.001872	1dfb63
433.014587	1eb5b5
433.028138	1e4fed
433.034988	1e1a06
433.044572	1ed88f
433.050768	1e1a06
433.064314	1dfb39
433.073169	1dfb63
433.084745	1dfb63
433.099816	1eb860
433.106328	1eb860
433.112885	1eb5d5
433.127319	1ce126bdb870
433.135842	1e3786
433.146141	1ce126bdb870
433.157149	1e1a06
433.167293	1dfb39
433.178032	1e1a06
433.193182	1dfb63
433.208347	1e1a06
433.215567	1e1a06
433.228773	1ce126bdc238
433.240078	1ce126c5197b
433.250342	1dfde4
433.264739	1dfb39
433.277256	1dfb39
433.287582	1e1a06
433.295325	1dff05
433.304070	1dfb39
433.318251	1dfb39
433.325166	1e929d
433.332091	1dfb39
433.346850	1e379a
433.352612	1dfb63
433.367716	1dfb71
433.377483	1ce126bdb3b0
433.384246	1dfb39
433.395372	1e948f
433.407137	1e5016
433.422294	1ce126bdb870
433.435249	1e1a06
433.441322	1e1a06
433.447182	1e1a06
433.457747	1e1a06
433.464136	1dfb39
433.478751	1dfb63
433.487308	1dfb63
433.501203	1dfdac
433.514332	1ebda8
433.521042	1eb7cc
433.526983	1dfb39
433.534777	1dfb63
433.543771	1e9505
433.556036	1dfb39
433.570035	1dfb39
433.579654	1e0cc3
433.589286	1ce126bdb870
433.602521	1e15b5
433.608890	1e1a06
433.624044	1dfb39
433.633499	1dfb39
433.644514	1dfb39
433.651370	1dfb39
433.656803	1ed888
433.668513	1dfb39
433.676142	1ce126bdae7d
433.685921	1dfb39
433.700933	1eb5ef
433.708687	1dfb39
433.716500	1dfb55
433.728466	1dfb63
433.737533	1dfb63
433.750306	1ebdb5
433.762989	1dfb63
433.777122	1dfb63
433.786542	1dfb63
433.798305	1dfb63
433.810381	1dfb39
433.818605	1e3781
433.830257	1dfb39
433.843518	1dfb39
433.850833	1dfb39
433.857590	1dfb39
433.864642	1e1a06
433.874798	1e273f
433.880171	1e1a06
433.887663	1dfb39
433.894857	1dfb39
433.902055	1e1484
433.912107	1ce126bdc1c5
433.918530	1e15b5
433.930933	1e1a06
433.941382	1e379a
433.950455	1ce126bdb870
433.964443	1ebda8
433.977557	1dfb39
433.983054	1dfb39
433.996530	1dfb39
434.009336	1ce126bdb870
434.019468	1dfde4
434.026331	1ce126bdb459
434.039172	1dfff1
434.053987	1e1a06
434.067602	1dfb39
434.076899	1dfb39
434.088215	1e0072
434.094935	1dfb39
434.109167	1ebdaf
434.121426	1e03d9
434.134629	1dfff1
434.148187	1dfb39
434.163251	1e379a
434.176666	1dfb71
434.191690	1ed888
434.198365	1e1a06
434.209780	1dfb63
434.224777	1dfb39
434.239537	1eb5d5
434.252767	1ce126bdaad6
434.263148	1e37e7
434.277138	1cee56
434.283941	1dfb39
434.290252	1dfb39
434.301152	1dfb63
434.314398	1e948f
434.324292	1e1a06
434.335065	1dfb71
434.347444	1dfb39
434.358744	1e379a
434.364658	1dfb63
434.371299	1dfb63
434.384043	1dfb63
434.390901	1e1a06
434.399671	1e1a06
434.408505	1eb612
434.416382	1e142a
434.430283	1ce126bdb870
434.444323	1ce126bdb870
434.454472	1dfb39
434.464173	1dfb39
434.478434	1ce126bdb870
434.484668	1dfb39
434.494071	1e1a06
434.509197	1dfb63
434.514852	1dfb63
434.526187	1dfb39
434.538212	1dfb63
434.552346	1dfb39
434.566774	1dffdf
434.580811	1e1a06
434.589961	1dfb39
434.604008	1e4ff4
434.617227	1ed888
434.628009	1e1a06
434.638823	1dfb39
434.648161	1e0ce8
434.659480	1dfb63
434.665337	1eb525
434.679449	1e1a06
434.691730	1ed83c
434.706138	1ed888
434.712534	1e1a06
434.727120	1e1a06
434.733208	1dfb39
434.744459	1dfb63
434.754558	1dfb39
434.763179	1dfb63
434.776610	1eb5b5
434.783998	1dfa90
434.794630	1dfb63
434.809089	1dfb63
434.819840	1dfb39
434.829757	1dfb63
434.844535	1eb605
434.850146	1e03d9
434.858925	1e1a06
434.866179	1eb5d5
434.878709	1dfb39
434.886681	1dfff1
434.894767	1e15b5
434.902674	1dfff1
434.915279	1e379a
434.923716	1dfff1
434.931777	1ebdaf
434.946374	1ebda8
434.956488	1ce126c55bcb
434.968032	1e199d
434.976579	1ce126bdb851
434.986773	1dfb39
435.001030	1dfb39
435.015748	1eb605
435.026744	1dfb39
435.034002	1ea58a
435.045721	1e1a06
435.051589	1e1a06
435.056807	1ce126bdb870
435.063919	1e9318
435.075700	1e1a06
435.084880	1dfb39
435.091495	1dfb63
435.101391	1ebdaf
435.106984	1dfb63
435.112793	1eb860
435.125602	1dfb39
435.133414	1e1f42
435.148375	1e1a06
435.158875	1e1a06
435.170242	1dfb39
435.181483	1ce126bdb870
435.195115	1dfb63
435.206302	1dfa37
435.220450	1ed888
435.228422	1dfb39
435.238325	1e1a06
435.249580	1e92f3
435.264368	1dfb39
435.273695	1dfb63
435.280839	1dfb63
435.290670	1dfb39
435.302480	1dfb34
435.312468	1dfb39
435.321972	1eb797
435.337097	1e1a06
435.346160	1e1a06
435.351460	1e1a06
435.363868	1e1a06
435.374691	1eaa54
435.383724	1e1a06
435.388943	1ed888
435.395206	1e951d
435.403095	1dfb63
435.416956	1dfb63
435.428764	1e002f
435.441861	1e1a06
435.451129	1e9deb
435.460319	1ce126bdb870
435.467078	1e15fb
435.473549	1dfb63
435.479529	1e1a06
435.486606	1dfb39
435.499321	1dfb39
435.508008	1e1a06
435.523064	1ed3e3
435.533488	1ce126bdb870
435.547014	1ce126bdc3c5
435.552648	1dfb39
435.561954	1ebced
435.570011	1dfb63
435.577292	1dfb39
435.588209	1dfb39
435.598468	1dfd9b
435.607862	1dfb71
435.614164	1e1a06
435.628461	1e1a06
435.642802	1e1a06
435.651136	1e9407
435.659789	1ed88f
435.673716	1e1a06
435.683020	1dfb39
435.693162	1dfb63
435.708312	1dfb39
435.721712	1dfb39
435.736525	1e379a
435.750608	1dfb39
435.758020	1dfb63
435.771449	1dfb39
435.781380	1e1ec9
435.794450	1ce126bdc060
435.808985	1dfb39
435.817895	1e929d
435.824812	1e1a06
435.837036	1ed888
435.846893	1dfff1
435.861097	1e9417
435.874742	1e1a06
435.880871	1dfb39
435.890468	1e1a06
435.904410	1ed888
435.912956	1e1a0b
435.926620	1dfb39
435.938251	1e1a06
435.949876	1dfb39
435.961410	1dfb63
435.969397	1dfb63
435.976696	1eb58e
435.983644	1dfb39
435.996381	1dfb63
436.001663	1dfb63
436.006834	1dfb39
436.012361	1dfb63
436.017990	1dfb63
436.030525	1dfb39
436.038112	1dfb39
436.046921	1dfb39
436.060530	1ebda8
436.072534	1dfb63
436.081893	1dfb63
436.090210	1dfaf0
436.097951	1dfb63
436.110391	1e1a06
436.116806	1e1426
436.130450	1ce126bdae91
436.141135	1e1a06
436.148764	1ce126bdad46
436.160495	1dfb39
436.167502	1e379a
436.180406	1e1a06
436.193166	1e1a06
436.205231	1dfb39
436.215363	1eb860
436.229462	1ce126bdb870
436.237731	1e1f37
436.249429	1e1f42
436.262551	1ebda8
436.274096	1e1a06
436.284892	1eb605
436.297717	1dfff1
436.305124	1e1a06
436.314823	1eb5d5
436.328738	1dfb39
436.338408	1eb58e
436.352409	1dfb97
436.365978	1dfb39
436.379921	1ce126bdb870
436.385592	1eb770
436.396418	1ce126bdb870
436.404939	1ebdaf
436.412833	1ebda8
436.422665	1dfb39
436.435944	1e1a06
436.446172	1cea2c
436.452464	1e1a06
436.459062	1eb6ff
436.465637	1dfb39
436.472945	1dfb39
436.483525	1e379a
436.492484	1dfb39
436.502459	1e1a06
436.510599	1e9eb3
436.525084	1dfb71
436.538032	1dfb39
436.547644	1dfb63
436.557289	1dfb63
436.568750	1dffdf
436.577969	1dfb39
436.589963	1ce126bdb870
436.601343	1ce126bdb042
436.607305	1dfb39
436.621978	1e1a06
436.631528	1e1a06
436.641382	1e386a
436.651322	1dfb63
436.660812	1ebda8
436.670668	1dfb63
436.679456	1dfb39
436.687664	1dfb39
436.700622	1e1a06
436.715620	1e379d
436.720901	1dfb39
436.733376	1eb605
436.740001	1ebdaf
436.751704	1eb5d5
436.765748	1dfff1
436.777076	1e1a06
436.784155	1e15b5
436.796290	1e002f
436.801732	1ce126bdb870
436.812886	1dfb39
436.820718	1dfb63
436.830223	1dfa7a
436.837820	1e1a06
436.850460	1dfff1
436.856604	1ed888
436.861985	1e1a06
436.870188	1dfb39
436.876015	1dfb63
436.884916	1dfff1
436.894817	1eb5a0
436.907779	1dfa40
436.915649	1e1a06
436.924983	1dfb39
436.939996	202a00
436.952167	1ed309
436.960614	1dfb63
436.966239	1dfb63
436.972020	1dfb39
436.978675	1e951d
436.986181	1e956d
436.993168	1ce126cd7935
437.002678	1e9509
437.017603	1dfb63
437.025733	1eb605
437.031599	1dfb4f
437.043840	1ebda8
437.050688	1dfb63
437.058385	1e1a06
437.065071	1dfb39
437.070799	1dfb39
437.077861	1e93dd
437.084991	1dfb39
437.091953	1ce126bdae45
437.100491	1e03d9
437.108691	1dfb39
437.120361	1ed888
437.135390	1dfb39
437.147462	1e1a06
437.160127	1dfb63
437.174824	1eb5a0
437.184682	1dfb63
437.195138	1dfb39
437.202376	1ebda8
437.215434	1eb5d5
437.223787	1eb5d5
437.236820	1e37c3
437.246740	1e0038
437.253669	1eb860
437.261968	1dfb39
437.275275	1ce126bdaeb4
437.287081	1dfb39
437.296403	1ebdaf
437.307838	1ebdaf
437.317269	1ebda8
437.329825	1eb5d5
437.339009	1dfdd5
437.346278	1dfb39
437.359590	1ce126bdb870
437.366882	1dfb39
437.379100	1ce126bdb870
437.394264	1dfff1
437.402846	1ce126bdb870
437.416608	1e1a06
437.426162	1dfb39
437.438090	1dfb39
437.447989	1e1a06
437.453755	1dfb39
437.468556	1dfb63
437.482447	1e002f
437.488526	1e1a06
437.502634	1e1a06
437.510256	1ce126bdb85f
437.524088	1dfff1
437.538885	1dfb39
437.550921	1ce126bdaea3
437.560595	1dfb63
437.567406	1e1a06
437.576846	1ce126bdb870
437.590291	1e1a06
437.596442	1dfb63
437.610256	1e3867
437.617966	1ebda8
437.625540	1dfb58
437.636875	1dfb39
437.643628	1ce126bdaf07
437.653927	1dfb39
437.667238	1e1a06
437.677227	1dfff1
437.689566	1eb7e6
437.697394	1ea7e3
437.709034	1ea591
437.715441	1e1a06
437.720734	1ce126bdc067
437.728324	1e1a06
437.743061	1dfb39
437.756580	1dfb63
437.762425	1dfb63
437.770615	1eb605
437.782302	1dfb39
437.796978	1dfb39
437.805791	1e15b5
437.814744	1dfb39
437.827143	1dfb63
437.834706	1dfb39
437.845965	1e1a06
437.856840	1e1a06
437.864235	1dfb39
437.878977	1dfb63
437.886030	1dfb63
437.896368	1dfb63
437.905494	1dfb39
437.919997	1dffdf
437.930655	1e3786
437.941234	1dfb39
437.950458	1dfb71
437.960211	1ce126bdb870
437.965623	1ce126bdb870
437.972709	1ed888
437.987476	1e161d
437.996039	1e379a
438.003249	1dfb63
438.013522	1dfb63
438.026792	1dfb39
438.038848	1dfb63
438.052725	1dfb63
438.058382	1dfb63
438.066474	1e1a06
438.079000	1e1a06
438.087482	1dfb39
438.095651	1dfb39
438.104866	1e0038
438.110453	1ce126bdadc6
438.123262	1ed888
438.129125	1e1a06
438.139399	1dfb39
438.144631	1dfb39
438.151730	1dfde4
438.166054	1e9445
438.176895	1dfb63
438.187877	1ed888
438.202363	1e1a06
438.216392	1dfac8
438.231169	1dfb39
438.241557	1dfb63
438.248076	1dfb39
438.262083	1eb846
438.269164	1dfb63
438.280143	1dfb39
438.289093	1dfb39
438.300113	1dfb39
438.308801	1dfb63
438.316131	1dfb39
438.330687	1dfb39
438.343955	1dfb39
438.356445	1dfb63
438.367724	1dfb63
438.381445	1e1a06
438.393271	1ce126cd7880
438.406059	1dfb39
438.413330	1e1a06
438.427285	1dfff1
438.439573	1eb5e5
438.446329	1dfff1
438.458978	1dfb39
438.472138	1eb605
438.486876	1ebda8
438.492157	1dfb63
438.505732	1ce126bda986
438.516322	1e1a06
438.524949	1dfb39
438.535495	1e1a06
438.543707	1e1a06
438.554605	1ce126bdb442
438.565629	1dfb71
438.577256	1dfb71
438.591372	1dfb39
438.602803	1dfb39
438.608351	1ebdaf
438.619211	1e1a06
438.632489	1e1a06
438.640845	1eb5d5
438.648855	1dfb39
438.656242	1eb64f
438.664129	1dfb39
438.676299	1ce126bdb36e
438.685882	1ea7e3
438.691738	1dfb63
438.701461	1ed888
438.708446	1ed888
438.719249	1dfb63
438.730369	1dfb39
438.739856	1e0072
438.752363	1e1a06
438.757918	1dfb39
438.766763	1e1a06
438.781458	1dfde4
438.795708	1e9505
438.809474	1dfb39
438.820575	1dfb39
438.834077	1e1a06
438.842465	1e1a06
438.856405	1dfb39
438.864820	1eb5aa
438.872756	1dfb39
438.883350	1ebda8
438.891364	1dfb63
438.904708	1eb86c
438.919303	1eb5e9
438.933028	1dfff1
438.942833	1e1a06
438.957327	1ce126bdb870
438.963183	1ce126bdb870
438.970950	1dfff1
438.978155	1ce126bdb870
438.986903	1e948f
438.996909	1e1a06
439.002692	1eb5ec
439.016522	1dfb63
439.028638	1e1a06
439.043394	1dfb39
439.057333	1dfb41
439.068395	1dfb39
439.081407	1e1a06
439.092987	1dfb63
439.098870	1dfb63
439.107019	1e9260
439.118347	1e1a06
439.131109	1e1a06
439.140613	1e1a06
439.148964	1e379a
439.163484	1dfb63
439.172693	1dfb63
439.181834	1e1a06
439.196399	1dfb39
439.210734	1dfb39
439.222311	1ce126bdc174
439.235693	1ed888
439.245365	1e1a06
439.251123	1dfff1
439.265394	1e379a
439.278880	1dfb63
439.290549	1dfdb0
439.301986	1dfb63
439.311144	1dfb63
439.324184	1dfb39
439.337388	1dfb02
439.348337	1e19a4
439.361999	202941
439.375559	1eb5d5
439.381115	1e1a06
439.395591	1dfb39
439.408338	1e1a06
439.423298	1ebda8
439.430661	1ebdaf
439.436681	1ebda8
439.442818	1ebdaf
439.448135	1dfb39
439.457845	1e379a
439.470733	1eb5d5
439.484065	1dfff1
439.492224	1e1a06
439.506085	1e1a06
439.516753	1e1a06
439.524330	1dfb39
439.535480	1e1a06
439.546257	1ea58a
439.559594	1e1a06
439.573862	1dfb39
439.583101	1ed888
439.589060	1e1a06
439.604050	1dfb63
439.611973	1dfde4
439.617700	1dfb39
439.628740	1ce126bdb870
439.640936	1dfb39
439.654961	1dfb39
439.664227	1ce126bdb870
439.671486	1e929d
439.681733	1dfb63
439.690002	1dfb39
439.696676	1ebdaf
439.710006	1ce126bdaeb4
439.717482	1dfb39
439.726187	1dfb39
439.741013	1e0038
439.746448	1ce126bdaeb4
439.754548	1dfb39
439.759849	1dfb39
439.765673	1eb5a0
439.774437	1dfdac
439.782368	1dfb39
439.790069	1dfb63
439.799249	1e381d
439.809478	1e1a06
439.820595	1eb5d5
439.834075	1e272e
439.841011	1e1a06
439.852221	1e1581
439.860077	1e1a06
439.870343	1dfb39
439.879298	1ce126bdb870
439.889060	1ec654
439.901827	1dfb39
439.912293	1ed88f
439.921235	1e1a06
439.936065	1dfb63
439.950230	1ebda8
439.964043	1eb5e5
439.970674	1eb6a1
439.977728	1dfff1
439.987241	1e9e7e
439.995395	1eaa4b
440.003730	1ea58a
440.012847	1dfb39
440.022735	1e5016
440.037135	1dfb39
440.047024	1e0072
440.059830	1dfb39
440.070206	1ed2db
440.085030	1e1a06
440.096895	1dfb39
440.107372	1dfb63
440.122469	1ebda8
440.132650	1dfb63
440.146434	1dfb39
440.157353	1dfff1
440.169586	1e3794
440.184170	1e1a06
440.194224	1dfff1
440.207949	1e1f37
440.217569	1dfb39
440.224677	1ed888
440.231098	1e1a06
440.237192	1dfb39
440.245730	1e1a06
440.260455	1eb605
440.272867	1dfb63
440.284837	1dfb63
440.294266	1dfb39
440.305142	1dfb63
440.315395	1dfb63
440.327315	1dfb39
440.336061	1dfb39
440.343676	1e1a06
440.351948	1dfe97
440.357872	1e0072
440.366147	1e9505
440.375964	1dfb39
440.389116	1dfb63
440.401894	1dfff1
440.416879	1e18af
440.430374	1dfb39
440.443373	1e1a06
440.449604	1e15b5
440.460687	1e15b5
440.471535	1ce126bdb870
440.479084	1ed888
440.486949	1e0072
440.497127	1dfb39
440.506891	1e002f
440.512988	1e1a06
440.525910	1dfb63
440.540129	1dfb63
440.548157	1ebcfe
440.563266	1dfb71
440.568958	1dfb39
440.574401	1dfb63
440.584410	1dfb39
440.590427	1dfb63
440.598598	1eb5d5
440.611281	1dfb39
440.622959	1eb616
440.631527	1ebdaf
440.641070	1dfb63
440.648762	1dfb63
440.657037	1dfb63
440.671306	1dfb39
440.682928	1e0880
440.689313	1e0855
440.700121	1e0880
440.714337	1e0d39
440.721355	1e0855
440.729212	1e0855
440.740234	1e0855
440.749276	1e0855
440.755780	1e0880
440.770024	1e0855
440.775973	1e0880
440.787553	1e0880
440.797430	1e0d5f
440.809335	1e0880
440.819730	1e0880
440.834065	1e0855
440.843848	1e0880
440.856817	1e0cbb
440.869624	1e0855
440.884451	1e0880
440.895125	1e0855
440.909948	1e0880
440.919611	1e0880
440.933992	1e0880
440.947508	1e0880
440.959600	1e0880
440.970556	1e074b
440.976241	1e0880
440.986330	1e0880
440.995504	1e0cb9
441.004836	1e0d39
441.018536	1e0880
441.028558	1e0880
441.038759	1e0cd0
441.048337	1f260e
441.055495	1e0880
441.065729	1e0855
441.079283	1e0cb9
441.093041	1e0880
441.099973	1e0cd0
441.108029	1e0880
441.116088	1e0880
441.127582	1e0880
441.137176	1e0880
441.146839	1e0880
441.157439	1e0880
441.163987	1e0880
441.172929	1e0880
441.184177	1e0880
441.189469	1e0880
441.200797	1e0cb9
441.210529	1e0880
441.219160	1e0880
441.226728	1ce126bd97c4
441.241606	1e0855
441.248855	1ce126bd9793
441.256400	1e0855
441.268066	1e0880
441.282402	1e0880
441.293221	1e0880
441.299463	1e0855
441.308840	1e0cc7
441.315583	1e0880
441.327591	1e0880
441.341992	1e0880
441.355114	1e0880
441.363196	1e0880
441.369336	1e0855
441.382437	1e0880
441.389298	1e0727
441.396867	1e0880
441.404409	1e0882
441.418113	1e0855
441.428011	1e0880
441.442549	1e0880
441.457091	1e0bf7
441.462960	1e0880
441.468564	1e0880
441.481274	1e0880
441.491891	1e0880
441.505298	1e0855
441.513821	1e0855
441.524757	1e0855
441.534803	1e0855
441.547050	1e0880
441.556950	1e0880
441.570650	1e0880
441.580003	1e0855
441.594180	1e0855
441.599796	1e0880
441.610170	1e0855
441.624338	1e0880
441.636553	1e0855
441.648079	1e0880
441.656857	1e0882
441.671786	1e0855
441.677971	1e0855
441.691462	1e0880
441.700713	1e078f
441.712737	1e0ccc
441.721445	1e0855
441.728014	1e0855
441.738825	1e0855
441.745479	1e0855
441.755903	1e0880
441.767387	1e0855
441.780553	1e0880
441.794171	1e0880
441.808846	1e0855
441.817413	1e0882
441.824906	1e0880
441.834997	1e0880
441.846535	1e0882
441.855047	1e0855
441.865153	1e0855
441.871935	1e0855
441.878366	1e0855
441.884913	1e0727
441.895294	1e0855
441.906040	1e0880
441.917769	1e0855
441.929824	1e0855
441.935243	1e0855
441.943153	1e0b30
441.953713	1e0855
441.960267	1e0855
441.970967	1e0855
441.979158	1e0880
441.987434	1e0882
441.999291	1e0882
442.009020	1e0855
442.021704	1e0cd0
442.033808	1e0855
442.047112	1e0855
442.060497	1e0855
442.068970	1e0880
442.079436	1e0855
442.089992	1e0855
442.102875	1e06ef
442.114788	1e0880
442.123719	1e0880
442.132376	1e0880
442.145936	1e0880
442.158447	1e0cd0
442.168681	1e0880
442.181575	1e0a8e
442.194710	1e0855
442.208811	1e0855
442.221131	1e0880
442.226405	1e0880
442.238462	1e0855
442.245627	1e0880
442.260419	1e0880
442.269912	1e0880
442.277954	1e0727
442.286252	1ce126bd9660
442.297045	1e0855
442.303318	1e0855
442.312289	1e0880
442.319986	1e0880
442.331565	1e0882
442.342829	1e0880
442.356492	1ce126bd97c0
442.370794	1e0880
442.385788	1e0880
442.398388	1e0c34
442.405440	1e0880
442.415730	1e0880
442.423802	1e0855
442.437693	1e0880
442.452164	1e0880
442.460519	1e0880
442.471630	1e0882
442.482505	1e0727
442.491996	1e0855
442.505701	1e0880
442.515916	1e0855
442.524921	1e085d
442.530489	1e0855
442.542156	1e0882
442.548434	1e0880
442.554772	1e0882
442.566538	1e0855
442.578656	1e0855
442.591750	1e0880
442.601282	1e0880
442.614979	1e0880
442.621218	1e0855
442.628621	1e0880
442.640333	1e0880
442.653526	1e0880
442.661390	1e0880
442.670320	1e0731
442.678288	1e0880
442.685920	1e0880
442.692858	1e0880
442.699925	1e0880
442.705765	1e0880
442.712871	1e0855
442.726895	1e0880
442.733198	1e0855
442.741521	1e0880
442.750452	1e0855
442.761922	1e0855
442.768258	1e0880
442.776794	1e0855
442.782025	1e0880
442.793273	1e0880
442.799664	1e0880
442.808174	1e0855
442.821596	1e0855
442.829089	1e0880
442.834715	1e0855
442.839979	1e0855
442.850347	1e0880
442.865495	1e0880
442.877157	1e0880
442.883651	1e0880
442.891492	1e0882
442.897759	1e0880
442.910162	1e0880
442.917488	1e0855
442.922964	1e0d5f
442.936089	1e0855
442.946741	1e0880
442.958521	1e0880
442.965168	1e0cb9
442.977429	1e0880
442.988148	1e0880
443.003127	1e0d39
443.014221	1e0880
443.028950	1e0880
443.043670	1e0880
443.049023	1e0882
443.057901	1e0855
443.063400	1e0855
443.076355	1e0880
443.084276	1e0cd0
443.099357	1e0880
443.108360	1e0855
443.118853	1e0855
443.131892	1e0855
443.146408	1e0855
443.159397	1e0882
443.172764	1e0855
443.182784	1e0855
443.196126	1e0855
443.204598	1e0855
443.210671	1e0855
443.222638	1e0880
443.228522	1e0727
443.235855	1e0880
443.243048	1e0880
443.257837	1e0880
443.268868	1e0cd0
443.278884	1e0855
443.291718	1ce126bd977f
443.303212	1e0880
443.313600	1e0855
443.325643	1e0880
443.337374	1e0880
443.345978	1e0880
443.353622	1e0880
443.359712	1e06ef
443.372891	1e0880
443.384586	1e0880
443.397633	1e0855
443.406193	1e0855
443.418239	1e0855
443.428171	1e0855
443.435837	1e0cd0
443.446446	1e0880
443.457522	1e0855
443.471632	1e0880
443.480293	1e0880
443.489785	1e0880
443.496835	1e0880
443.510446	1e0855
443.516182	1e0882
443.528972	1e0cd0
443.537898	1e0880
443.543671	1e0880
443.550838	1e0880
443.559311	1e0882
443.569548	1e0855
443.579508	1e0855
443.590002	1e0880
443.602272	1e0880
443.608514	1e0855
443.617060	1e0880
443.627363	1e0855
443.637212	1e0882
443.650942	1e0880
443.660952	1e0880
443.669777	1e0880
443.682396	1e0880
443.697212	1e0855
443.706982	1e0855
443.720464	1e0882
443.727730	1e0880
443.735914	1e0855
443.744799	1e0855
443.759275	1e0880
443.774193	1e0880
443.784518	1e0880
443.794045	1e0855
443.804219	1e0880
443.816730	1e0855
443.826202	1e0880
443.835548	1e0880
443.848892	1e0855
443.856620	1e0855
443.863698	1e0880
443.875468	1e0cd0
443.884630	1e0855
443.898999	1e0880
443.904541	1e0855
443.910163	1e0727
443.920139	1e0727
443.933130	1e0880
443.939694	1e0855
443.952551	1e0880
443.962906	1e0855
443.976087	1e0880
443.983453	1e0880
443.989193	1e0855
443.997230	1e0880
444.009398	1e0880
444.024552	1e0855
444.036797	1e0855
444.051920	1e0855
444.061423	1e0855
444.069787	1e0855
444.080494	1e0880
444.087631	1e0880
444.099675	1e0855
444.105474	1e0855
444.117324	1e0880
444.130488	1e0855
444.135684	1e0855
444.145051	1ce126bdc3c2
444.151518	1e0855
444.163033	1e0880
444.171131	1e0880
444.177385	1ce126bd972f
444.187272	1ce126bd96ce
444.197923	1e0880
444.212159	1e0880
444.225950	1e0855
444.234101	1e0880
444.241055	1e0855
444.255344	1e0855
444.268019	1e0880
444.280286	1e0855
444.289574	1e0880
444.298122	1e0855
444.305503	1e0855
444.315279	1e0855
444.321392	1e0cb9
444.334837	1e0cbe
444.342522	1e0855
444.351274	1e0880
444.365676	1e0855
444.378019	1e0880
444.388350	1e0855
444.400409	1e0880
444.406046	1e0880
444.413269	1e0855
444.423860	1e0880
444.434524	1e0cd0
444.448173	1e0855
444.454293	1e0855
444.465698	1e0880
444.474650	1e0855
444.483053	1e0880
444.492724	1e0880
444.503594	1e0880
444.513873	1e0880
444.526721	1e0855
444.537721	1e0cb9
444.545012	1e0880
444.551099	1e0855
444.561437	1e0855
444.571143	1e0855
444.576652	1e0880
444.587455	1e0855
444.597585	1e0880
444.605608	1e0880
444.612216	1e0855
444.624956	1e0855
444.637669	1e0880
444.644740	1e0880
444.658705	1e0855
444.669173	1e0855
444.676118	1e0880
444.687087	1e0880
444.697469	1e0855
444.709760	1e06e0
444.724559	1e0880
444.739386	1e0880
444.751155	1e0880
444.757337	1e0727
444.763415	1e0855
444.777867	1e0880
444.790665	1e0880
444.800433	1e0880
444.809005	1e0880
444.814731	1e0855
444.827979	1e0880
444.840305	1e0880
444.845689	1e0880
444.860818	1e0880
444.871887	1e0cb9
444.885262	1e0880
444.892200	1e0855
444.899408	1e0880
444.909027	1e0880
444.919464	1e0880
444.929070	1e0855
444.935176	1e0855
444.949559	1e0cd0
444.962165	1e0880
444.970600	1e0880
444.983594	1e0bf7
444.993251	1e0d5f
445.004984	1e0880
445.016003	1e0855
445.030787	1e0880
445.037639	1e0855
445.043153	1e0855
445.049896	1e0880
445.060641	1e0cb9
445.075563	1e0855
445.082371	1e0855
445.095587	1e0727
445.106363	1e0855
445.111666	1e0880
445.122736	1e0855
445.136777	1e0880
445.142373	1e0855
445.151626	1e0880
445.163610	1e0880
445.170299	1e0855
445.181847	1e0855
445.194926	1e0880
445.206121	1e0855
445.217446	1e0880
445.228014	1e0880
445.241632	1e0855
445.247696	1e0880
445.253170	1e0855
445.264376	1e0880
445.277089	1e0880
445.283081	1e0880
445.297591	1e0855
445.310312	1e0855
445.321454	1e0c26
445.334794	1e0855
445.340552	1e0880
445.349516	1e0855
445.356087	1e0855
445.365642	1e0855
445.379472	1e0880
445.391180	1e0cb9
445.403308	1e0880
445.417465	1e0880
445.427732	1e0855
445.436660	1e0880
445.444783	1e0880
445.453073	1e0880
445.465208	1e0880
445.478894	1e0880
445.493324	1e0880
445.503519	1e0855
445.514768	1e0880
445.528166	1e0855
445.535005	1e0b05
445.542835	1e0cb9
445.550586	1e0855
445.555996	1e0855
445.570027	1e0880
445.578694	1e0855
445.590543	1e0880
445.601665	1e0855
445.613132	1e0880
445.624097	1e0880
445.632693	1e0880
445.645196	1e0855
445.659730	1e0880
445.670721	1e0855
445.684078	1e06e0
445.691048	1e0880
445.698891	1e0880
445.711768	1e0880
445.718968	1e0880
445.732763	1e0855
445.744448	1e0880
445.757346	1e0880
445.768578	1e0880
445.774113	1e0855
445.783775	1e0855
445.796387	1e0880
445.803842	1e0855
445.817143	1e0855
445.824391	1e0855
445.832177	1e0855
445.840874	1e0855
445.848228	1e0880
445.854523	1e0880
445.868521	1ce126bd9762
445.882440	1e0880
445.896331	1e0855
445.911485	1e0855
445.921294	1e0855
445.930961	1e0880
445.940440	1e0880
445.949100	1e0880
445.963961	1ce126bd9666
445.977757	1e0880
445.990275	1e0880
445.997695	1e0880
446.011648	1e0880
446.021280	1e0880
446.036384	1e0855
446.048850	1e0880
446.055245	1e0855
446.061481	1e0855
446.068810	1e0880
446.074961	1e0880
446.082439	1e0855
446.094273	1e0855
446.105979	1e0880
446.116993	1e0855
446.126826	1e0880
446.134443	1e0d65
446.148351	1e0880
446.159469	1e0855
446.173309	1e0880
446.187778	1e0855
446.201277	1e0855
446.211641	1e0880
446.222809	1e0880
446.234385	1e0880
446.247703	1e0855
446.256820	1e0882
446.271467	1e0880
446.279293	1e0bf7
446.287496	1e0880
446.302376	1e0880
446.316246	1e0855
446.321877	1e0855
446.336819	1e0886
446.344751	1e0880
446.354684	1e0880
446.367599	1e0880
446.377375	1e0880
446.390670	1e0855
446.401926	1e0855
446.416170	1e0855
446.431238	1e0880
446.440044	1e0855
446.451458	1e0880
446.464386	1e0855
446.473272	1e0880
446.487261	1e0855
446.495930	1e0855
446.508599	1e0880
446.523320	1e0882
446.531273	1e0880
446.544029	1e0880
446.558141	1e0880
446.569940	1e0855
446.578908	1e0bf7
446.592441	1e0855
446.601563	1e0880
446.615289	1e0880
446.621251	1e0855
446.627537	1e0880
446.638705	1e0855
446.649540	1e0880
446.663283	1e0855
446.674759	1e074f
446.685611	1e0855
446.700652	1e0880
446.714750	1e0880
446.728381	1e0855
446.737976	1e0cd0
446.751187	1e0855
446.758506	1e0855
446.767601	1e0855
446.779495	1e0855
446.786327	1e0880
446.798041	1e0855
446.809617	1e0880
446.821451	1e0880
446.830522	1e0880
446.840379	1e0855
446.851667	1e0727
446.857363	1e0882
446.863904	1e0855
446.875448	1e0880
446.885958	1e0855
446.891497	1e0880
446.899483	1e0880
446.911165	1e0855
446.917045	1e0880
446.926028	1e0880
446.935954	1e0882
446.944165	1e0855
446.953480	1e0cb0
446.958963	1e0855
446.972439	1e0800
446.986409	1e0880
446.993832	1e0880
447.006255	1ce126bd9683
447.013585	1e0855
447.021180	1e0880
447.035598	1e0855
447.041072	1e0880
447.054923	1e0d5f
447.064731	1e0855
447.071100	1e0855
447.084789	1e0855
447.091179	1e0a8e
447.099718	1e0882
447.113035	1e0880
447.122403	1e0880
447.130063	1e0880
447.139145	1e0855
447.150249	1e0880
447.161495	1e0880
447.169878	1e0855
447.176459	1e0880
447.182765	1e0882
447.196869	1e0855
447.210051	1e0880
447.217979	1e0d5f
447.229057	1e0855
447.241650	1e0855
447.248474	1e0855
447.261700	1e0cb9
447.267483	1ce126bdc3c2
447.281396	1e0880
447.288330	1e0855
447.296541	1e0727
447.301835	1e0880
447.312014	1e0855
447.319915	1e0880
447.330275	1e0855
447.338726	1e0880
447.349523	1e0882
447.359959	1e0855
447.368055	1e0855
447.376445	1e0855
447.389734	1e0880
447.398242	1e0880
447.408089	1e0882
447.418964	1ce126bd97c8
447.427902	1e0882
447.441970	1e0880
447.450058	1e0882
447.456093	1e0880
447.469408	1e0880
447.475809	1e0880
447.480995	1e0880
447.488220	1e0855
447.498337	1e0880
447.508389	1e0882
447.519625	1e0880
447.529760	1e0855
447.535120	1e0cb0
447.543951	1e0855
447.554944	1e0880
447.566926	1e0880
447.577475	1e0855
447.592204	1e0880
447.598627	1e0855
447.609403	1e0880
447.618308	1e0880
447.632715	1e0880
447.641621	1e0855
447.651432	1e0855
447.658776	1e0ba1
447.669953	1e0880
447.678107	1e0880
447.684921	1e0880
447.699088	1e0880
447.710462	1e0cb9
447.720357	1e0882
447.727567	1e0855
447.741463	1e0880
447.752106	1e0880
447.759214	1e0880
447.765213	1e0d5f
447.771437	1e0855
447.781174	1e0d65
447.790720	1e0880
447.802113	1e0855
447.815765	1e0855
447.821518	1e0c1e
447.833541	1e0880
447.846511	1e0880
447.860154	1e0880
447.866630	1e0880
447.879258	1e0880
447.884903	1e0880
447.891852	1e0855
447.903245	1e0880
447.916521	1e0855
447.929035	1e0880
447.936899	1e0880
447.942646	1e0880
447.955634	1e0855
447.968764	1e0880
447.980810	1e0880
447.986232	1e0855
447.996251	1e0880
448.003261	1e0727
448.015273	1e0880
448.022652	1e0855
448.037820	1e0880
448.047173	1e0880
448.054343	1e0855
448.059542	1ce126bdc3b3
448.067330	1e0d5f
448.081330	1ce126bd978e
448.093538	1e0880
448.104575	1e0855
448.114315	1e0855
448.125135	1e0880
448.139935	1e0880
448.151831	1ce126bd9666
448.162071	1e0855
448.171163	1e0880
448.177100	1e0882
448.187468	1e0880
448.201327	1e0880
448.213621	1e0855
448.219172	1e0855
448.225353	1e0880
448.236010	1e0880
448.249719	1e0855
448.261060	1e0880
448.272728	1e0880
448.280035	1e0880
448.291661	1e0880
448.306411	1e0880
448.316151	1e0880
448.324719	1e0855
448.337582	1e0855
448.343415	1e0880
448.351884	1e0855
448.357360	1e0855
448.366679	1e0bf7
448.373981	1e0855
448.383290	1e0880
448.390486	1e0880
448.397122	1e0bf2
448.410662	1e0880
448.417149	1e0880
448.423704	1e0855
448.437856	1e0855
448.444734	1e0855
448.451992	1e0880
448.458917	1e0855
448.465388	1e0880
448.474370	1e0880
448.480274	1e0855
448.493715	1e0880
448.503086	1e0880
448.518299	1e0855
448.527913	1e0855
448.541374	1e0d5f
448.551546	1e0880
448.564792	1e0880
448.577731	1e0880
448.588897	1e0880
448.594906	1e0a8e
448.601512	1e0855
448.608136	1e0880
448.614777	1e0855
448.626598	1e0880
448.637804	1e0880
448.649986	1e0880
448.657015	1ce126bdc3ad
448.668256	1e0855
448.682194	1e0880
448.690998	1e0855
448.704038	1e0855
448.709419	1e0880
448.714876	1e0880
448.721413	1e0880
448.734706	1e0880
448.743433	1e0880
448.752368	1e0880
448.759323	1e0880
448.767975	1e0880
448.776347	1e0767
448.784418	1e0880
448.792893	1e0855
448.802410	1e0880
448.811470	1e0880
448.820964	1e0855
448.836117	1e0882
448.845100	1ce126bd966d
448.860055	1e0855
448.870822	1e0855
448.883507	1e0880
448.894320	1e0cb0
448.906109	1e0855
448.914519	1e0855
448.920550	1e0882
448.933849	1e0855
448.944301	1e0880
448.953630	1e0880
448.963300	1e0880
448.975273	1e0855
448.982405	1e0855
448.989306	1e0880
448.997169	1e0880
449.005521	1e0880
449.011280	1f2614
449.017255	1e0727
449.024433	1e0855
449.034592	1e0880
449.049650	1e0855
449.058324	1e0855
449.070070	1e0cd0
449.082624	1e0855
449.094160	1e0880
449.103586	1e0855
449.111250	1e0855
449.120929	1e0880
449.134907	1e0880
449.141968	1e0727
449.149725	1e0880
449.163477	1e0880
449.171546	1e0880
449.177312	1e0880
449.185449	1e0855
449.191608	1e0880
449.201172	1e0855
449.214918	1e0880
449.224919	1e0880
449.237502	1e0859
449.242900	1e0855
449.249602	1e0880
449.263961	1e0880
449.272435	1e0cb9
449.286162	1e0880
449.300712	1e0880
449.310122	1e0880
449.323496	1e0855
449.331862	1e0880
449.337802	1e0855
449.348547	1e0855
449.354501	1e0855
449.364574	1e0855
449.377677	1e0855
449.386264	1e0bf7
449.393726	1e0880
449.399722	1e0855
449.413629	1e0bf7
449.418906	1e0880
449.426676	1e0855
449.432141	1e0880
449.439469	1e0855
449.448372	1e0855
449.456491	1e0880
449.467660	1e0880
449.473071	1e0880
449.485429	1e0cc3
449.491893	1e0880
449.502018	1e0880
449.507460	1e0880
449.517603	1e0855
449.530636	1e0cc3
449.542776	1e0855
449.554279	1e0880
449.561208	1e0855
449.573844	1e0727
449.579554	1e0882
449.587785	1e0855
449.601312	1e0880
449.608235	1e0880
449.620528	1e0855
449.633046	1e0855
449.642677	1e0882
449.654738	1e0cd0
449.665727	1e0880
449.678725	1e0880
449.689874	1e0882
449.697227	1e0855
449.705043	1e0855
449.713770	1e0880
449.720620	1e0880
449.734955	1e0855
449.741520	1e0880
449.751497	1e0880
449.756749	1e0855
449.767515	1e0855
449.775321	1e0855
449.784253	1e0880
449.790841	1e0855
449.799534	1e0855
449.805531	1e0880
449.816632	1e0cb9
449.823252	1e0880
449.831138	1e0880
449.840059	1e0880
449.845546	1e0880
449.850964	1e0cd0
449.862116	1e0880
449.870882	1e0855
449.877199	1e0880
449.886885	1e0880
449.892141	1e0cd0
449.898836	1e0880
449.913377	1e0880
449.920240	1e0855
449.927928	1e0880
449.935087	1e0880
449.943885	1e0855
449.955067	1e0880
449.962195	1e0855
449.970587	1e0880
449.977787	1e0880
449.984269	1e0880
449.992157	1e0880
450.006429	1e07c3
450.013118	1e0880
450.023937	1e0880
450.034252	1e0cb9
450.046144	1e0880
450.056404	1e0880
450.068952	1e0855
450.079827	1e0880
450.086819	1e0880
450.095475	1e0855
450.104542	1e0855
450.109938	1e0855
450.119304	1e085d
450.129644	1e0880
450.142181	1e0880
450.150573	1e0a8e
450.164237	1e0880
450.174066	1e0880
450.183978	1e0880
450.195684	1e0855
450.206504	1e0855
450.219309	1e0880
450.232442	1e0855
450.241793	1e0cd0
450.247910	1e0880
450.258412	1e0d5f
450.269434	1e0855
450.277010	1e0855
450.286136	1e0880
450.295921	1e0705
450.303609	1e0855
450.317509	1e0880
450.331565	1e0880
450.339729	1e0880
450.352426	1e0880
450.363452	1e0880
450.373197	1e0855
450.386235	1ce126bdc41b
450.394784	1e0882
450.405337	1ce126bd9762
450.415052	1e0880
450.427302	1e0880
450.433579	1e0880
450.441251	1e0855
450.448601	1e0880
450.459106	1e0855
450.466273	1e0880
450.476334	1e0855
450.491409	1e0855
450.501983	1e0cb9
450.516743	1e0cb9
450.524713	1e0855
450.534574	1e0855
450.546180	1e0880
450.559831	1e0855
450.566025	1e0880
450.577007	1e0855
450.587101	1ce126bd968f
450.593137	1e0855
450.599325	1e0718
450.610229	1e0855
450.618042	1e0880
450.624886	1e0880
450.630938	1e0880
450.645385	1e0855
450.652947	1e0855
450.662588	1e0855
450.668422	1e0880
450.681527	1e0880
450.691270	1e0880
450.701843	1e0880
450.714444	1e0880
450.722945	1f25fd
450.733608	1e0880
450.743926	1e0880
450.749139	1e0880
450.756904	1e0855
450.771308	1e0855
450.783895	1e0855
450.798489	1e0818
450.808253	1e0855
450.817736	1e0880
450.831633	1e0880
450.837045	1e0882
450.842971	1e0880
450.851089	1e0855
450.861343	1e0855
450.871810	1e0880
450.885860	1e0855
450.900201	1e0880
450.909899	1e0727
450.921617	1ce126bd9683
450.930603	1e0880
450.943855	1e0855
450.951167	1e0cb9
450.959234	1e0855
450.970571	1e0880
450.982476	1e0880
450.997350	1e0855
451.011616	1e0855
451.022810	1e0880
451.034800	1e0880
451.040187	1e0cb0
451.052335	1e0880
451.067160	1e0855
451.074526	1e0880
451.079879	1e0855
451.094553	1e0880
451.105966	1e0855
451.121098	1e0880
451.127241	1e0855
451.133852	1e0855
451.145771	1e0855
451.153467	1e0880
451.162812	1e0880
451.173742	1e0855
451.181948	1e0880
451.188673	1e0880
451.197459	1e0880
451.207637	1e0880
451.215818	1e0880
451.228027	1ce126bdc3c2
451.236105	1e0880
451.247266	1e0855
451.254279	1ce126bdc3c2
451.268722	1e0880
451.276144	1e0855
451.289595	1e0880
451.300644	1e0880
451.309495	1e0880
451.322643	1e0bf7
451.330639	1e0855
451.342770	1e0880
451.351123	1e0880
451.362223	1e0855
451.377384	1e0855
451.386681	1e0880
451.400772	1e0855
451.412788	1e0880
451.420474	1e0d5f
451.429326	1e0855
451.441000	1e0a8e
451.453088	1e0880
451.458936	1e0855
451.472065	1e0d32
451.482409	1e0880
451.487745	1e0727
451.497656	1e0855
451.511167	1e0727
451.518698	1ce126bdc3c5
451.533729	1e0880
451.541338	1e0880
451.547330	1e0880
451.557097	1e0880
451.566500	1e0882
451.575325	1e0880
451.585981	1e0880
451.596761	1e0cde
451.609385	1e0880
451.623198	1e0880
451.632841	1e0d31
451.646734	1e0880
451.660557	1e0880
451.672901	1e0855
451.688093	1e0880
451.698464	1e0880
451.713616	1e0880
451.724908	1e0cb0
451.738290	1e0727
451.751029	1e0855
451.759929	1e0880
451.766994	1e0d5f
451.772817	1e0855
451.783701	1e0855
451.795469	1e0855
451.803898	1e0855
451.809857	1e0855
451.823454	1ce126bdc3c2
451.838138	1e0880
451.848897	1e0880
451.860800	1e0880
451.875657	1e0880
451.888702	1e0880
451.899229	1e0855
451.909252	1e0880
451.916878	1e0855
451.924531	1e0880
451.937804	1e0880
451.947458	1e0880
451.959387	1e0880
451.973025	1e0855
451.984687	1e0880
451.997408	1e0880
452.011557	1e0880
452.018899	1e0cb9
452.031458	1e0880
452.037901	1e0880
452.046127	1e0855
452.053654	1e0880
452.067860	1e0880
452.075009	1e0880
452.080253	1e0855
452.094385	1e0855
452.099772	1e06f3
452.111503	1e0855
452.124783	1e0880
452.140055	1e0855
452.148824	1e0880
452.158907	1e0855
452.173177	1e0880
452.179402	1e0855
452.189519	1e0880
452.197456	1e0880
452.207299	1e0855
452.218164	1ce126bd9683
452.231281	1e0880
452.243995	1e0877
452.249918	1e0cb9
452.256368	1e0880
452.266486	1e0855
452.271854	1e0727
452.280055	1e0855
452.291885	1e0727
452.300736	1e0880
452.312519	1e0880
452.325293	1e0855
452.334139	1e0880
452.340877	1e0855
452.347250	1e0855
452.356489	1e0880
452.365936	1e0aa4
452.377562	1e0855
452.390048	1e0880
452.402100	1e0880
452.415956	1e0880
452.429869	1e0855
452.436567	1e0855
452.443210	1e0855
452.452979	1e0855
452.459048	1e0855
452.469521	1e0855
452.474850	1e0880
452.489824	1e0880
452.495933	1e0880
452.503333	1e0855
452.516144	1e0880
452.525602	1e0855
452.531284	1e0855
452.539309	1e0855
452.551719	1e0727
452.558208	1e0855
452.563739	1e0855
452.575756	1e0855
452.583810	1e0880
452.598019	1e0880
452.605278	1e0880
452.614448	1ce126bdc3c2
452.619754	1e0855
452.627405	1e0880
452.637289	1e0855
452.648616	1e0880
452.659988	1e0855
452.671678	1e0880
452.681592	1e0880
452.696059	1e0855
452.706413	1e0880
452.718310	1e0880
452.727842	1e0880
452.737913	1e0ad9
452.748833	1e0855
452.758478	1e0880
452.767714	1e0855
452.777045	1e0855
452.790829	1e0b5f
452.796087	1e0880
452.808810	1e0880
452.818380	1e0880
452.825717	1e0880
452.835872	1e0880
452.845147	1e0855
452.854838	1e0880
452.866105	1e0880
452.874036	1e0855
452.881293	1e0880
452.893521	1e0880
452.906126	1e0880
452.917159	1e0855
452.928254	1e0880
452.936751	1e0855
452.949442	1e0880
452.959480	1e0880
452.973293	1e0727
452.978647	1e0880
452.985173	1e0880
452.992735	1e0880
453.002227	1e0855
453.011292	1e083f
453.024711	1e0ccc
453.036428	1e0855
453.043965	1e0855
453.055094	1e0c2a
453.062799	1e0880
453.075243	1e0882
453.086752	1e0880
453.098583	1e0859
453.105657	1e0880
453.115998	1e0880
453.127794	1e0880
453.136745	1e0c34
453.142528	1e0880
453.155950	1e0855
453.165907	1e0880
453.175201	1e0880
453.187134	1e0880
453.192763	1e0880
453.199894	1e0855
453.213024	1e0cb9
453.219509	1e0a8e
453.233875	1e0855
453.244310	1e0855
453.256810	1e0880
453.263279	1e0855
453.275612	1e0855
453.281328	1e0855
453.287058	1e0880
453.294274	1e0855
453.303818	1e0855
453.314224	1e0880
453.322178	1e0880
453.333915	1e0cb9
453.343349	1e0880
453.353905	1e0855
453.362484	1e0855
453.377590	1e0855
453.386498	1e0880
453.391922	1e0855
453.400920	1e0880
453.406686	1e0855
453.413207	1e0855
453.425306	1e0880
453.436898	1e0855
453.442283	1e0880
453.456123	1e078a
453.470788	1ce126bdc3c2
453.481690	1e0880
453.492057	1e0880
453.502545	1e0cb9
453.516207	1e0880
453.530262	1e0880
453.543151	1e0880
453.550871	1e0880
453.563775	1e0880
453.573545	1e0880
453.585632	1e0880
453.591672	1e0880
453.602950	1e0880
453.615001	1e0880
453.626254	1e0880
453.633736	1e0880
453.645654	1e0880
453.653907	1e0882
453.665075	1e0880
453.675327	1e0880
453.689882	1e0880
453.700476	1e0880
453.714929	1e0727
453.726057	1e0718
453.735372	1e0880
453.741503	1e0880
453.753865	1e0880
453.761608	1e0880
453.773803	1e0880
453.783089	1e0c1e
453.795289	1e0855
453.808033	1e0754
453.814062	1e0880
453.825790	1e0855
453.836691	1e0855
453.847769	1e0855
453.861493	1e0880
453.868349	1e0880
453.882557	1e0880
453.894487	1e0880
453.906244	1e0880
453.914084	1e0880
453.920186	1e0855
453.933909	1e0880
453.945639	1e0855
453.951689	1e0cd0
453.961664	1e0880
453.970672	1e0880
453.984439	1e0880
453.993292	1e0bf2
454.006203	1e0d5f
454.017345	1e0cd0
454.024871	1e0cb9
454.034848	1e0855
454.049458	1e0880
454.061443	1e0880
454.072860	1ce126bdc3c5
454.087470	1e0880
454.101199	1e0855
454.112509	1e0880
454.121376	1e0d5f
454.133207	1e0855
454.140713	1e0855
454.152596	1e0855
454.165088	1e0880
454.177511	1e0880
454.189451	1e0880
454.199890	1e0880
454.212108	1e0880
454.218498	1e0705
454.229620	1e0855
454.242211	1e0880
454.247625	1e0880
454.258383	1e0880
454.266210	1ce126bdc3c5
454.277854	1e0855
454.289945	1e0880
454.304934	1e0880
454.311439	1e0855
454.325454	1e0880
454.336470	1e0831
454.348431	1e0880
454.355743	1e0880
454.364871	1e0855
454.374626	1e0855
454.384413	1e0855
454.390909	1e0855
454.402976	1e0880
454.410858	1e0880
454.417978	1e0880
454.429021	1e0880
454.434264	1e0880
454.448081	1e0880
454.456807	1e0727
454.465662	1e0880
454.476548	1e0855
454.485510	1e0880
454.496559	1e0880
454.506611	1e0880
454.513657	1e0880
454.520893	1e0855
454.534521	1e0855
454.547563	1e0880
454.558131	1e0855
454.565677	1e0880
454.574432	1e07fa
454.585970	1e0880
454.593481	1e0cd0
454.600674	1e0880
454.609834	1e0855
454.620226	1e0880
454.628438	1e0880
454.639271	1e0880
454.646540	1e0d5f
454.657058	1e0855
454.665103	1e0880
454.674232	1e0880
454.686799	1e0880
454.695420	1e0880
454.708484	1e0880
454.716397	1e0855
454.727000	1e0882
454.735283	1e0855
454.745233	1e0855
454.755741	1e0880
454.761515	1e0880
454.771010	1e0880
454.776393	1e0855
454.791394	1e0880
454.799327	1e0880
454.807135	1e0880
454.813325	1e0880
454.821314	1e0855
454.833240	1e0880
454.839022	1e0855
454.851315	1e0855
454.859651	1e0880
454.866996	1e0880
454.872810	1e0880
454.879034	1e0880
454.890565	1e0855
454.905199	1e0880
454.912228	1e0880
454.926429	1e0705
454.933961	1e0855
454.946173	1e0cb9
454.955680	1e0855
454.966267	1e0855
454.980732	1e0880
454.994486	1e0855
455.001843	1e0d5f
455.012821	1e0855
455.021081	1ce126bd968c
455.029171	1e0cd0
455.038504	1e0880
455.048287	1e0855
455.058705	1e0c39
455.071867	1e0880
455.080258	1e0880
455.086357	1e0bf7
455.098270	1e0880
455.104458	1e0880
455.115874	1e0880
455.124899	1ce126bdc3c2
455.136194	1e0880
455.149070	1e0855
455.164181	1e0cb0
455.169512	1e0855
455.183997	1e0880
455.198157	1e0880
455.206947	1e0855
455.221560	1e0880
455.232307	1e0855
455.244023	1e0880
455.252602	1e0880
455.263099	1e0880
455.271327	1e0880
455.286220	1e0880
455.294572	1e0880
455.300230	1e0bf7
455.315083	1e0735
455.322049	1e0880
455.334200	1e0855
455.345792	1e0855
455.354535	1e0855
455.361205	1e0855
455.370007	1e0880
455.381032	1e0855
455.389242	1e0855
455.394693	1e0855
455.402312	1e0cd0
455.417227	1e07b0
455.430411	1e0880
455.440072	1e0855
455.452288	1e0cb5
455.462231	1e0855
455.477121	1e0855
455.489935	1e0880
455.495553	1e0880
455.503289	1e0727
455.512925	1e0855
455.524429	1e0cb9
455.533982	1e0cd0
455.543093	1e0855
455.548468	1e0cb5
455.560227	1e0d5f
455.575017	1e0855
455.587182	1e0882
455.594952	1e0855
455.602719	1e0cd0
455.610173	1e0855
455.617011	1e0880
455.628572	1e0880
455.637942	1e0880
455.651759	1e0855
455.659512	1e0880
455.668008	1e0880
455.683105	1e0bf7
455.690506	1e0880
455.704218	1e0855
455.712484	1e0880
455.720215	1e0880
455.727798	1e0880
455.737611	1e0d5f
455.746493	1e0880
455.758874	1e0855
455.766946	1e0880
455.774010	1e0882
455.780542	1e0880
455.794815	1e0855
455.800817	1e0855
455.815505	1e0880
455.826787	1e0855
455.837932	1e0855
455.846430	1e0855
455.857800	1e0880
455.871690	1e0880
455.882333	1e0bf7
455.891664	1e0880
455.899261	1e0855
455.904565	1e0855
455.916156	1e0855
455.927807	1e0880
455.940868	1e0855
455.946075	1e0855
455.953322	1e0855
455.962545	1e0ad9
455.977679	1e0880
455.990940	1e0855
455.997320	1e0880
456.006899	1e0855
456.013115	1e0855
456.026385	1e0bf7
456.035836	1e0855
456.044588	1e0880
456.055694	1e0855
456.067529	1e0855
456.074279	1e0855
456.089298	1e0cb0
456.094870	1e0880
456.101122	1e0855
456.112169	1e0880
456.125592	1e0855
456.138183	1f260e
456.145825	1e0855
456.151586	1e0d5f
456.165020	1e0880
456.172283	1e0880
456.179657	1e0bf7
456.193745	1e0855
456.207486	1e0cb0
456.216095	1e0880
456.223943	1ce126bd9754
456.232519	1e0880
456.245986	1e0855
456.254424	1e0bf7
456.266364	1e0880
456.279691	1ce126bd968c
456.293071	1e0ab4
456.308030	1ce126bd96d6
456.320207	1e0882
456.333559	1e0880
456.347979	1e0880
456.355670	1e0855
456.369787	1e0cb5
456.384707	1e0c1e
456.397028	1e0880
456.410374	1e0880
456.420516	1e0880
456.428999	1e0880
456.434758	1e0855
456.446899	1e0855
456.461483	1e0855
456.473957	1e0cd7
456.487949	1e0855
456.494736	1e0d5f
456.500310	1e0880
456.507826	1e0880
456.514913	1e0880
456.528944	1e0880
456.543445	1e0880
456.556086	1e0880
456.563116	1e0cd0
456.572509	1e0b76
456.584605	1e0855
456.593227	1e0880
456.603986	1e0855
456.613528	1e0880
456.624251	1e0882
456.636942	1e0880
456.645930	1e0880
456.659256	1e0cc3
456.669946	1e0880
456.677536	1e0727
456.687565	1e0880
456.699301	1e0855
456.713067	1e0855
456.722443	1e0855
456.729345	1e0880
456.739741	1e0880
456.745464	1e0880
456.756822	1e0880
456.768761	1e0880
456.782444	1e0880
456.792637	1e0880
456.803133	1e0880
456.816856	1e0855
456.831704	1e0880
456.840260	1e0880
456.848948	1e0880
456.854693	1e0880
456.865997	1e0855
456.872296	1e0880
456.877554	1e0855
456.888822	1e0855
456.901190	1e0cd0
456.910622	1e0855
456.925282	1e0880
456.937853	1e0855
456.944883	1e0855
456.951242	1e0855
456.959000	1e0880
456.973157	1e0880
456.988182	1e0880
456.997419	1e0880
457.010726	1e0855
457.018421	1e0cd0
457.023915	1e0855
457.032732	1e0880
457.038911	1e085d
457.045469	1e0855
457.054110	1ce126bd977f
457.062072	1e0855
457.068689	1e0855
457.077566	1e0880
457.091820	1e0cd0
457.101850	1e0727
457.110029	1e0880
457.125130	1e06ef
457.135533	1e0cd0
457.141472	1e0855
457.156381	1e0880
457.166175	1e0cb0
457.180718	1e0880
457.186339	1e0880
457.191988	1e0855
457.200561	1e0855
457.206175	1e0880
457.216827	1e0880
457.224353	1e0880
457.232957	1e0880
457.242027	1e0880
457.256428	1e0880
457.266394	1e0882
457.272259	1e0880
457.278258	1e0855
457.292693	1e0882
457.299599	1e0880
457.312603	1e0855
457.323775	1e0855
457.330385	1e0855
457.336867	1e0ce8
457.344832	1e0cb0
457.354800	1e0855
457.362997	1e0880
457.374895	1e0cc7
457.384038	1e0767
457.399260	1e0880
457.412599	1e0880
457.424872	1e0880
457.439743	1e0855
457.450055	1e0855
457.456924	1e0855
457.462614	1e0880
457.476109	1e0855
457.486807	1e0855
457.501012	1e0880
457.508320	1e0855
457.519052	1e0855
457.528667	1e0855
457.534460	1e0880
457.546018	1e0880
457.559833	1e0855
457.569666	1e0880
457.580884	1e0880
457.591688	1e0855
457.604567	1e0880
457.618987	1e0880
457.633627	1e0cb9
457.644134	1e0880
457.653908	1e0862
457.668874	1e0880
457.676996	1e0855
457.682409	1e0855
457.690354	1e0855
457.701082	1e0cd0
457.707501	1e0cb9
457.718943	1e0880
457.726351	1e0880
457.733703	1e0880
457.742962	1e0855
457.748366	1e0880
457.759381	1e06e0
457.768492	1e0855
457.780685	1e0cb0
457.790073	1e0880
457.798895	1e0b9d
457.811081	1ce126bd96ff
457.818442	1e0880
457.827825	1e0880
457.836071	1e0855
457.846574	1e0880
457.858956	1e0b9d
457.866601	1e0d5f
457.880238	1e0b10
457.888475	1e0cb9
457.900828	1e0880
457.914053	1e0d5f
457.926532	1e0882
457.937793	1e0b05
457.952360	1e0855
457.960501	1e0855
457.967625	1e0880
457.980750	1e0855
457.987665	1e0855
457.998273	1e0855
458.005944	1e0855
458.016595	1e0880
458.030475	1e0880
458.038396	1e0880
458.047587	1e0727
458.061543	1e0855
458.069614	1e0880
458.082864	1e0855
458.093455	1e0855
458.098632	1e0cb0
458.111490	1e0727
458.121768	1e07fa
458.136453	1e0880
458.146979	1ce126bdc413
458.160183	1e0880
458.171448	1e0880
458.177561	1e0880
458.187245	1e0cc3
458.192720	1e0880
458.197953	1ce126bd9718
458.208636	1e0855
458.218679	1e0880
458.225146	1e0880
458.236607	1e0880
458.248616	1e0855
458.260803	1e0880
458.269434	1e0880
458.283111	1e0880
458.295021	1e0880
458.309477	1e0855
458.323409	1e0855
458.332723	1e0855
458.345868	1e0882
458.359810	1e0880
458.369069	1e0855
458.376322	1e0880
458.386350	1e0855
458.395212	1e0855
458.409337	1e0bf7
458.418551	1e0880
458.429044	1e0735
458.437152	1e0855
458.445262	1e075d
458.457329	1e0cd0
458.463356	1e0882
458.476120	1e0880
458.486057	1e0855
458.494886	1e0880
458.502955	1e0855
458.508909	1e0cb0
458.522522	1e0b30
458.531652	1e0880
458.538650	1e0880
458.545434	1e0855
458.551962	1e0880
458.560916	1e0880
458.572761	1e0880
458.586027	1e0bf7
458.596142	1e0727
458.603571	1e085d
458.611812	1e0855
458.618458	1e0727
458.629363	1e0880
458.636579	1e0880
458.643359	1e0855
458.654178	1e0880
458.666080	1e0880
458.678486	1ce126bd968c
458.690043	1e0880
458.700820	1e0bdb
458.706040	1e0880
458.713271	1e0880
458.728431	1e0880
458.741219	1e0880
458.747423	1e0743
458.755831	1e0cd0
458.763983	1e0880
458.776701	1e0727
458.783427	1e0880
458.789279	1e0855
458.802395	1e0880
458.812402	1e0855
458.823776	1e0880
458.835059	1e0855
458.847487	1e0880
458.854303	1e0855
458.868829	1e0880
458.877186	1e0855
458.888050	1e0880
458.899187	1e0727
458.912800	1e0880
458.927184	1e0cb0
458.940219	1e0727
458.946258	1e0855
458.954561	1e0b9d
458.964280	1e0880
458.977298	1e0855
458.989133	1e0855
458.999028	1e0855
459.012963	1e0880
459.027536	1e0882
459.039579	1e0882
459.049655	1e0880
459.059257	1e0855
459.070747	1e0880
459.083562	1e0880
459.094982	1e0855
459.106740	1e0880
459.120407	1e0882
459.133627	1e0882
459.138996	1e0855
459.150174	1e0880
459.164759	1e0882
459.179377	1e0767
459.190373	1e0855
459.197337	1e0855
459.208359	1e0cd0
459.216149	1e0880
459.223368	1e0880
459.233810	1e0cd0
459.240504	1e0855
459.253367	1e0855
459.264376	1e0727
459.279379	1e0880
459.290432	1e0855
459.297260	1e0855
459.307756	1e0855
459.318838	1e0880
459.333861	1e0880
459.341356	1e0880
459.355858	1e0880
459.362506	1e0a8e
459.368151	1e0880
459.376986	1e0880
459.388593	1e0880
459.401417	1e0880
459.409561	1ce126bd97bc
459.421290	1e0882
459.431288	1e0754
459.438477	1e0880
459.449604	1e0855
459.463806	1e0855
459.478855	1e0855
459.486855	1e0855
459.497516	1e0855
459.503599	1e0855
459.510014	1e0855
459.520835	1e0880
459.530193	1e0855
459.535653	1ce126bd9660
459.542065	1e0880
459.553781	1e0882
459.562596	1e0855
459.569527	1e0b9d
459.579540	1e0b9d
459.591172	1e0855
459.601052	1e0855
459.614413	1e0880
459.619773	1e0727
459.626855	1e0cb9
459.639996	1e0880
459.649437	1e0ab4
459.662820	1e0880
459.669460	1e0855
459.678662	1e0880
459.690376	1e0855
459.697130	1e0880
459.705028	1e0880
459.716750	1e0880
459.729379	1e0880
459.740965	1e0cc7
459.749708	1e0855
459.762395	1e0880
459.771286	1e0880
459.783877	1e0880
459.795978	1e0cb0
459.802813	1e0882
459.817981	1e0880
459.828478	1e0880
459.839650	1e0855
459.851339	1e0880
459.862408	1e0880
459.869070	1e0880
459.880000	1e0cb9
459.894358	1e0880
459.900047	1e0880
459.911724	1e0855
459.918712	1e0880
459.933396	1e0855
459.943457	1e0880
459.955436	1e0cb0
459.961097	1e0880
459.974943	1e0bad
459.984442	1e0880
459.996718	1e0cb0
460.003992	1e0880
460.017307	1ce126bd975a
460.025902	1e0855
460.031110	1e0880
460.045542	1e0880
460.056676	1e0b9d
460.066289	1e0880
460.077236	1e0727
460.088941	1e0855
460.099788	1e0880
460.114683	1e0880
460.121758	1e0880
460.132925	1e0727
460.140835	1ce126bdc41b
460.146370	1e0880
460.154990	1e0855
460.168548	1e0855
460.178732	1e0705
460.192268	1e0880
460.199587	1e0880
460.212778	1e0855
460.224069	1e0855
460.235883	1e0855
460.246913	1e0855
460.258337	1ce126bdc3c2
460.266849	1e0855
460.273787	1e0855
460.288654	1ce126bdc416
460.300947	1e0d5f
460.307601	1e0855
460.321853	1e085d
460.335647	1e0855
460.344627	1e0880
460.352420	1e0880
460.362631	1e0855
460.368292	1e0880
460.379987	1e0880
460.387814	1e0880
460.398471	1e0d39
460.407915	1e0855
460.413125	1e0855
460.419271	1e0855
460.426328	1e0855
460.436525	1e0855
460.449007	1e0880
460.461373	1e0d5f
460.468381	1e0855
460.481636	1e0880
460.494796	1e0880
460.506275	1e0880
460.515565	1e0cb9
460.521756	1e0880
460.529977	1e0cd0
460.543006	1e0880
460.555088	1e0855
460.561923	1e0705
460.576128	1ce126bd8806
460.588885	1ce126bd8896
460.601003	1ce126bd885e
460.608475	1ce126bd8806
460.618789	1ce126bd8806
460.626603	1ce126bd8896
460.640571	1ce126bd8896
460.648800	1ce126bd8896
460.657108	1ce126bd8896
460.669053	1ce126bd885e
460.675133	1ce126bd8896
460.681642	1ce126bd8806
460.689539	1ce126bd8896
460.702481	1ce126bd8806
460.717345	1ce126bd8806
460.726440	1ce126bd885e
460.740983	1ce126bd8806
460.750090	1ce126bd8896
460.764979	1ce126bd8862
460.775431	1ce126bd8806
460.785887	1ce126bd8806
460.798387	1ce126bd8806
460.808591	1ce126bd887f
460.820555	1ce126bd8814
460.835242	1ce126bd887f
460.841794	1ce126bd8806
460.848947	1ce126bd8896
460.863072	1ce126bd8806
460.878097	1ce126bd8806
460.888063	1ce126bd8806
460.894666	1ce126bd887f
460.903983	1ce126bd8896
460.917219	1ce126bd8818
460.923399	1ce126bd888f
460.931000	1ce126bd8806
460.939713	1ce126bd8806
460.944949	1ce126bd887f
460.959732	1ce126bd8896
460.970547	1ce126bd8896
460.977160	1ce126bd8896
460.983633	1ce126bd8806
460.991353	1ce126bd887f
461.002202	1ce126bd8806
461.011479	1ce126bd8806
461.018832	1ce126bd884a
461.027087	1ce126bd8814
461.042039	1ce126bd883b
461.056311	1ce126bd8806
461.064369	1ce126bd887f
461.074405	1ce126bd8806
461.082275	1ce126bd8814
461.094161	1ce126bd8806
461.107587	1ce126bd8806
461.115062	1ce126bd8896
461.129068	1ce126bd8896
461.140841	1ce126bd8806
461.151978	1ce126bd8806
461.158446	1ce126bd8814
461.167700	1ce126bd8896
461.177583	1ce126bd8862
461.185339	1ce126bd88a0
461.199210	1ce126bd8896
461.211644	1ce126bd8806
461.217682	1ce126bd8806
461.231275	1ce126bd88bf
461.239057	1ce126bd870f
461.253132	1ce126bd88b2
461.262039	1ce126bd8862
461.276998	1ce126bd8806
461.289080	1ce126bd870f
461.298544	1ce126bd870f
461.304389	1ce126bd870f
461.313419	1ce126bd8862
461.327085	1ce126bd8862
461.337785	1ce126bd870f
461.343113	1ce126bd88a5
461.349676	1ce126bd8896
461.357760	1ce126bd8709
461.366534	1ce126bd8862
461.375262	1ce126bd870f
461.380614	1ce126bd88b2
461.389887	1ce126bd870f
461.397273	1ce126bd88e5
461.405119	1ce126bd8896
461.417392	1ce126bd870f
461.422622	1ce126bd870f
461.432262	1ce126bd870f
461.446340	1ce126bd870f
461.460187	1ce126bd8709
461.467598	1ce126bd88b6
461.480727	1ce126bd870f
461.493132	1ce126bd8862
461.504475	1ce126bd86ee
461.512968	1ce126bd8896
461.522512	1ce126bd86df
461.536112	1ce126bd88b2
461.547178	1ce126bd8862
461.553638	1ce126bd870f
461.560045	1ce126bd88b2
461.566246	1ce126bd8896
461.573406	1ce126bd86d4
461.588037	1ce126bd8862
461.597616	1ce126bd8709
461.606644	1ce126bd870f
461.612490	1ce126bd870f
461.623794	1ce126bd870f
461.629385	1ce126bd86ee
461.642865	1ce126bd870f
461.650855	1ce126bd88b2
461.660242	1ce126bd8862
461.667709	1ce126bd8862
461.675849	1ce126bd8862
461.685175	1ce126bd8709
461.691414	1ce126bd86ee
461.701792	1ce126bd8862
461.711344	1ce126bd86ee
461.721568	1ce126bd86db
461.731163	1ce126bd870f
461.739240	1ce126bd8896
461.753889	1ce126bd86ee
461.764128	1ce126bd8806
461.775882	1ce126bd870f
461.785893	1ce126bd870f
461.798213	1ce126bd86ff
461.811322	1ce126bd8862
461.826172	1ce126bd8709
461.832490	1ce126bd88e5
461.838521	1ce126bd870f
461.843995	1ce126bd8896
461.849578	1ce126bd86fa
461.858902	1ce126bd8896
461.873679	1ce126bd86d8
461.885129	1ce126bd870f
461.899552	1ce126bd870f
461.914640	1ce126bd86e9
461.920619	1ce126bd8709
461.928107	1ce126bd88b2
461.942469	1ce126bd8709
461.951626	1ce126bd8806
461.961723	1ce126bd8806
461.969423	1ce126bd8709
461.982235	1ce126bd870f
461.994484	1ce126bd870f
462.005134	1ce126bd870f
462.019301	1ce126bd86d0
462.025498	1ce126bd870f
462.036660	1ce126bd8806
462.050409	1ce126bd892e
462.059994	1ce126bd8806
462.065797	1ce126bd8806
462.072187	1ce126bd870f
462.084403	1ce126bd870f
462.097127	1ce126bd8806
462.103930	1ce126bd886a
462.112737	1ce126bd8837
462.126812	1ce126bd870f
462.135795	1ce126bd86ee
462.150037	1ce126bd870f
462.163199	1ce126bd86ee
462.169134	1ce126bd870f
462.176693	1ce126bd870f
462.186244	1ce126bd870f
462.196707	1ce126bd870f
462.206387	1ce126bd870f
462.220204	1ce126bd870f
462.234109	1ce126bd870f
462.241751	1ce126bd8837
462.253778	1ce126bd8806
462.268059	1ce126bd870f
462.282892	1ce126bd870f
462.293419	1ce126bd8806
462.301251	1ce126bd8896
462.315441	1ce126bd870f
462.330230	1ce126bd870f
462.342396	1ce126bd870f
462.350463	1ce126bd8806
462.358338	1ce126bd88a8
462.370414	1ce126bd870f
462.382121	1ce126bd870f
462.390498	1ce126bd870f
462.399245	1ce126bd870f
462.408095	1ce126bd875f
462.416657	1ce126bd875f
462.429272	1ce126bd870f
462.443325	1ce126bd870f
462.453992	1ce126bd870f
462.467317	1ce126bd8806
462.477505	1ce126bd870f
462.484851	1ce126bd870f
462.493904	1ce126bd870f
462.508132	1ce126bd88ab
462.518757	1ce126bd870f
462.527588	1ce126bd8806
462.538031	1ce126bd8862
462.552389	1ce126bd887b
462.558506	1ce126bd870f
462.570223	1ce126bd8806
462.583207	1ce126bd870f
462.591249	1ce126bd870f
462.601242	1ce126bd870f
462.610519	1ce126bd870f
462.619324	1ce126bd8806
462.625893	1ce126bd870f
462.638913	1ce126bd8806
462.653988	1ce126bd8806
462.664126	1ce126bd8825
462.678249	1ce126bdaf07
462.688981	1ce126bdaed6
462.698413	1ce126bdb560
462.707672	1ce126bdb560
462.715093	1ce126bdb560
462.726676	1e3798
462.738472	1e1a06
462.753045	1e1a06
462.763705	1e1a06
462.777252	1dfde4
462.784533	1dfb39
462.796706	1dfb39
462.805753	1dfb39
462.817494	1e1a06
462.823888	1e1a06
462.837848	1ebced
462.852130	1e1a06
462.862722	1eb6ff
462.873543	1dff05
462.883085	1dfb39
462.889382	1dfb39
462.899101	1e1a06
462.909942	1e19e5
462.917718	1e0cb0
462.924940	1ce126bdaea3
462.934020	1ce126bd86e9
462.942281	1eb5d9
462.951864	1ebdb5
462.960183	1eb5d5
462.971301	1e1a06
462.986239	1e1a06
462.996838	1e1a06
463.011129	1dfb39
463.021202	1dfd9b
463.029215	1dfb39
463.035921	1e1a06
463.043956	1dfb63
463.049833	1dfb63
463.055313	1dfb3d
463.064033	1dfb39
463.070048	1dfb39
463.084468	1e1a06
463.090894	1dfb39
463.100705	1ea788
463.108732	1e1484
463.120638	1ce126bdb5c2
463.127930	1ce126bdb560
463.139819	1e386a
463.149093	1ce126bdb560
463.161313	1ebd68
463.176316	1dfb39
463.187964	1dfb39
463.196256	1dfb63
463.205113	1dfb39
463.213093	1dfb63
463.227286	1dfb63
463.240679	1dfb39
463.248014	1dfb39
463.255131	1eb860
463.264857	1e1a06
463.277274	1ce126bdae71
463.284532	1dfb39
463.290396	1ce126bdb394
463.304054	1ce126bdb560
463.310842	1dfb39
463.316508	1dfb39
463.325530	1dfb63
463.335242	1dfb39
463.347669	1dff05
463.359298	1dfb39
463.368169	1dfb39
463.373368	1e1a06
463.380552	1dff7c
463.394382	1e1a06
463.405407	1dfb39
463.414033	1dfb39
463.426862	1e9417
463.432645	1dfb39
463.438375	1ce126bdb560
463.452399	1dfb63
463.462487	1dfb39
463.474750	1dff05
463.483633	1dfb39
463.496188	1dfb39
463.502958	1e1a06
463.510844	1e1a06
463.523767	1dfb63
463.530930	1e379a
463.540258	1dfb39
463.550763	1dfb39
463.565866	1dfb63
463.577130	1dff05
463.592273	1e1a06
463.597558	1e1a06
463.609305	1ce126bdae12
463.623335	1dfb39
463.630147	1dfb39
463.638952	1ed2f7
463.644770	1dfb39
463.651945	1dfb63
463.666708	1eb7d4
463.672876	1dfb63
463.678911	1dfb39
463.684093	1eb612
463.696461	1dfb39
463.702776	1dfb63
463.713199	1dfb39
463.726447	1dfb63
463.732600	1e379a
463.739495	1e19d8
463.744773	1e379a
463.751685	1eb5d5
463.760470	1ce126bdae57
463.772026	1eb516
463.781950	1e1a06
463.787328	1e1a06
463.801389	1ebdaf
463.815713	1ebda8
463.824928	1ebdaf
463.839559	1eb860
463.847423	1cea2c
463.861686	1ce126bdae22
463.875695	1dff05
463.881935	1dfd9b
463.893029	1dfb39
463.901157	1dfb39
463.908785	1dfb39
463.914597	1dfb39
463.925166	1eb860
463.930803	1dff05
463.942201	1ce126bda9d1
463.950777	1ec781
463.965528	1ce126bdb560
463.973006	1e1a06
463.983146	1ce126bdb754
463.992118	1e1a06
464.003036	1dfb39
464.009488	1dfb39
464.015426	1e379a
464.022073	1dfb39
464.033750	1e1a06
464.047641	1e379a
464.059157	1ce126bdb754
464.072575	1e1a06
464.082817	1e1a06
464.096858	1e94ab
464.106107	1dfb63
464.113214	1dfb39
464.126257	1e1a06
464.132163	1e1a06
464.147281	1dfb39
464.153143	1e1a06
464.161839	1e1a06
464.171939	1ce126bdb754
464.185831	1dfb63
464.197430	1dfb63
464.205245	1dfb63
464.218257	1eb5d5
464.224003	1e1a06
464.234308	1e142c
464.241923	1e1a06
464.247105	1eb5d5
464.258868	1eb5d5
464.267311	1e1a06
464.278805	1dfb39
464.293729	1dfb39
464.299051	1e1a06
464.310723	1ce126bdb560
464.317031	1e1a0b
464.324583	1dfb39
464.334966	1dfb63
464.350032	1dfb39
464.355799	1dfb39
464.362799	1eb5d5
464.372682	1e1a06
464.381218	1e1a06
464.387592	1dfb39
464.402130	1ce126bda986
464.412502	1dfb39
464.424610	1dfb63
464.434838	1e1a06
464.447572	1e1a06
464.462502	1e9591
464.476629	1dfb63
464.484130	1eb5dd
464.489479	1dfb39
464.501436	1eb852
464.509317	1e93dd
464.523692	1ce126bdaeec
464.537551	1dfd9b
464.550589	1dfb39
464.559466	1dfb39
464.572584	1e1a06
464.585657	1e1a06
464.594151	1dfb63
464.608791	1dfb39
464.621472	1ce126bdb754
464.635401	1e379a
464.645961	1dfb39
464.652388	1dfb63
464.663927	1dfb63
464.671043	1dfb39
464.685607	1e94ab
464.696857	1dfb39
464.710846	1e1484
464.719094	1dfb39
464.727337	1dff05
464.735398	1e0cb0
464.750175	1dfb39
464.757906	1e1a06
464.764751	1dfb93
464.771069	1dfb39
464.776632	1e1a06
464.784721	1dfb39
464.796366	1dfb39
464.808942	202930
464.823724	1e94ab
464.833421	1e9260
464.840038	1dfb39
464.848985	1e379a
464.859711	1dfb63
464.874340	1dfb63
464.886701	1dfb63
464.894726	1dfb39
464.906035	1dfb39
464.912403	1dfb63
464.920877	1dfb39
464.929646	1dfb63
464.941574	1dfb39
464.955878	1e03e7
464.970952	1dfb39
464.985773	1dfb39
464.995428	1eb5d5
465.006457	1dfb63
465.011765	1dfb63
465.019597	1dfb63
465.025450	1e379a
465.034887	1ce126c55bcb
465.048222	1dfb39
465.054787	1e194e
465.068188	1dfb39
465.079786	1e1a06
465.091204	1dfaa6
465.100369	1e1a06
465.109707	1eb612
465.115030	1e162b
465.128565	1dfb39
465.140475	1eb5d5
465.148243	1dff05
465.162351	1dfb39
465.172167	1dfb39
465.180214	1dfde4
465.195114	1e17fa
465.209558	1eb5d5
465.217127	1dfde4
465.231294	1eb605
465.239647	1dfb39
465.252946	1dfb39
465.268128	1e1a06
465.273960	1e1a06
465.282515	1e1a06
465.291749	1dfb2d
465.299977	1e379a
465.311817	1dff05
465.319990	1dfb39
465.331529	1e1a06
465.345448	1dfb39
465.358742	1e1a06
465.369554	1e1a06
465.380439	1e1a06
465.386776	1e1a06
465.401011	1eb6a1
465.412649	1ce126bdb26c
465.423286	1e194e
465.429559	1ce126bdb560
465.437660	1dfb39
465.448413	1ce126bdb750
465.463309	1dfb63
465.476977	1dfb63
465.483025	1e1a06
465.488606	1dff05
465.500497	1eb5d5
465.506575	1e1a06
465.518050	1ce126bdae57
465.530406	1ce126bdb560
465.540625	1e1a06
465.546159	1e1a06
465.557576	1ce126bdb560
465.563644	1e93dd
465.578507	1dfb39
465.589542	1ed324
465.597171	1dfb39
465.603203	1dfb39
465.612575	1e1a06
465.623564	1dff05
465.637843	1dfb63
465.651986	1dfb63
465.665486	1dfb63
465.672619	1dfb39
465.687308	1e1a06
465.693599	1dfb39
465.707085	1dfb39
465.715297	1eb5d5
465.722235	1e379a
465.728793	1e1a06
465.735187	1e1a06
465.749841	1e15b5
465.762718	1e1484
465.775090	1dfe86
465.786346	1dfb39
465.796415	1e9e92
465.802326	1e1a06
465.808090	1e188c
465.819087	1e15b5
465.830465	1dfb39
465.845478	1dfb63
465.856843	1dfb39
465.862446	1eb5d5
465.872616	1e1a06
465.881683	1e03f2
465.896625	1dff05
465.910225	1ce126bdb560
465.925324	1ce126bdb754
465.935754	1dfb41
465.941318	1ed835
465.952013	1e1a06
465.966305	1e197c
465.975192	1dfb63
465.986818	1dfb39
466.001570	1e1a06
466.009435	1dfb39
466.015437	1e03f2
466.026968	1ce126bdb382
466.040625	1ce126bdb754
466.052150	1e0cb0
466.066938	1dfb39
466.079981	1dfb39
466.087807	1dfb63
466.096991	1dfb63
466.109260	1e379a
466.123310	1dfb39
466.130624	1dfb39
466.138757	1dfb39
466.151311	1dfb39
466.159316	1e1a06
466.174386	1e9260
466.188113	1e9260
466.199489	1dfb39
466.214679	1dfb39
466.222209	1e9260
466.232392	1dfb39
466.239315	1dfb39
466.252822	1dfb63
466.264587	1dfb63
466.273809	1dfb63
466.286482	1dfb63
466.301442	1e379a
466.311328	1dfb63
466.317587	1dfb39
466.327579	1dfb39
466.341359	1e1a06
466.347847	1e1a06
466.355049	1ce126bda9d1
466.362160	1ce126bdb382
466.368018	1eb5d5
466.378540	1dff24
466.387251	1e1a06
466.397186	1dff0b
466.410969	1ebdaf
466.419545	1ebdaf
466.425782	1ebdaf
466.433425	1e0cb0
466.443384	1dfb39
466.451063	1dfb39
466.461278	1e0cb0
466.470539	1dfb39
466.480592	1eb5d5
466.488273	1e0085
466.503282	1eb5d5
466.516350	1e1a0b
466.528597	1ce126cd7932
466.541706	1e1a06
466.547981	1e1a06
466.562659	1ce126bdb35c
466.569746	1dfb39
466.581768	1e0ce8
466.588439	1dfb39
466.597839	1dfb39
466.606412	1e379a
466.617427	1e1a06
466.632103	1dfb39
466.638663	1dfb39
466.651062	1ce126bdb560
466.664735	1e9460
466.672895	1dfb39
466.687049	1e379a
466.692896	1dfb63
466.701361	1dfb39
466.713870	1dff5c
466.728727	1e5040
466.737791	1e93dd
466.749046	1dfb63
466.754566	1eb609
466.762505	1dfb63
466.769050	1e379a
466.779764	1dfb39
466.790763	1e1a06
466.805860	1e1484
466.815783	1dfb2a
466.822930	1e379a
466.834395	1e1a06
466.846654	1dff91
466.856611	1dfb39
466.869908	1e0cdc
466.876242	1e1a06
466.889322	1e1a1e
466.900445	1e1a06
466.914482	1dfb63
466.929644	1e1a06
466.943092	1e379a
466.954553	1e379a
466.960788	1dfb39
466.974710	1e1a06
466.987468	1e95bb
467.002559	1dfb39
467.014168	1eb852
467.025319	1e1a06
467.038531	1e15b5
467.043762	1e1a06
467.052252	1ce126bdb560
467.066503	1dfb63
467.075601	1eb5dd
467.086011	1dfb39
467.098890	1dfb63
467.106124	1dfb63
467.120892	1e192b
467.128619	1ce126bdc238
467.136256	1dfb39
467.144284	1dfb39
467.157451	1dfb39
467.168476	1dfe14
467.175598	1e5005
467.185578	1ce126bdae22
467.191531	1dfb39
467.202447	1e1a06
467.213166	1ce126bdb560
467.218434	1dfb63
467.228621	1e379a
467.235472	1dfb63
467.247598	1e378a
467.257317	1dfb39
467.272103	1ebced
467.278906	1dfb39
467.289945	1dfb63
467.297284	1dfb63
467.310078	1e19d8
467.320091	1ed293
467.331386	1ed805
467.342333	1dfb39
467.355977	1dfb39
467.370891	1e1a06
467.376190	1dfb39
467.382421	1e1a06
467.393772	1e1a06
467.404237	1e1a06
467.418517	1e929d
467.425456	1e1a06
467.439178	1e1a06
467.446544	1e1a06
467.457478	1dfb39
467.467722	1dff05
467.478955	1e91cc
467.486263	1e1a06
467.497056	1eb592
467.503106	1dfb39
467.515818	1dfb63
467.525986	1eb605
467.532977	1dfb39
467.539890	1dfb63
467.545798	1dfb63
467.558361	1dfb63
467.566249	1dfb63
467.572607	1dfb63
467.581015	1dfb63
467.589186	1dfb63
467.602467	1dfb63
467.613645	1dfb63
467.625435	1dfb63
467.637077	1dfb39
467.645416	1dfb39
467.655310	1e37a0
467.664818	1eb514
467.674259	1dfb39
467.689525	1e1a06
467.702647	1dff05
467.711923	1dfb39
467.718753	1dfb39
467.732137	1ce126bdb754
467.739499	1e379a
467.751948	1e1a06
467.763633	1dfb39
467.771432	1e1a06
467.780711	1dfde4
467.793696	1ce126bda97f
467.805411	1dfb39
467.816642	1e1a06
467.823971	1e379d
467.834670	1dfde4
467.849225	1ce126bdc06f
467.859717	1eb860
467.869176	1dfb39
467.880661	1dfb39
467.890240	1e1a06
467.899405	1eb581
467.909529	1e15b5
467.922132	1dfb39
467.930181	1e1a06
467.943252	1e1a06
467.952053	1e1a06
467.965929	1e379a
467.976896	1dfb39
467.984666	1eb860
467.991007	1e1a06
468.003995	1ce126bdb754
468.011567	1e970a
468.018440	1e1a06
468.026842	1e1a06
468.041459	1eb5ff
468.052626	1dfb39
468.059077	1eb760
468.068125	1e1a06
468.081368	1dfb39
468.090187	1dfb39
468.097511	1ce126bdb560
468.110906	1e1a06
468.125594	1e1a06
468.132841	1dfb63
468.142510	1dfb39
468.154263	1dfb39
468.160087	1dff05
468.166650	1e15b5
468.176173	1dfb39
468.181917	1dfb63
468.190110	1dfb39
468.198888	1e929d
468.211559	1eb512
468.222072	1dfb63
468.237258	1e379a
468.250032	1dfb39
468.255298	1e1a06
468.270208	1dfb39
468.279479	1dfb39
468.287383	1dfb39
468.301757	1e1a06
468.309756	1e9daf
468.324594	1e9d31
468.331953	1e1a06
468.340628	1e1a06
468.351081	1dfb63
468.363319	1dfb39
468.375626	1e1a06
468.389631	1dfb39
468.400362	1dfb39
468.405536	1e1a06
468.416404	1dfb39
468.426659	1dfb39
468.435123	1e1a06
468.441326	1eb5f6
468.452569	1dfb63
468.467267	1e1a06
468.479989	1e380f
468.485362	1e3781
468.495306	1dfb39
468.500674	1e379a
468.510401	1e379a
468.516095	1dfb63
468.524601	1e0ce8
468.534523	1dfb39
468.542159	1ce126cd78ab
468.553105	1e9302
468.568092	1dfb39
468.579295	1e18a8
468.589887	1e379a
468.601817	1e379a
468.608491	1e1a06
468.622042	1dfb39
468.635060	1dfb63
468.640517	1e379a
468.648383	1eb713
468.658760	1dfb63
468.668904	1dfb63
468.674589	1dfb63
468.682153	1dfb63
468.688862	1dfb41
468.696012	1dfb39
468.703112	1dfb63
468.713851	1dfb39
468.721602	1e1a06
468.733917	1e1a06
468.741873	1e1a06
468.752704	1e379a
468.762464	1ebdaf
468.777230	1ebdaf
468.786687	1ebda8
468.792664	1dfb71
468.800139	1eb797
468.808399	1eb860
468.816015	1e1a06
468.823280	1dfb39
468.835097	1dfb39
468.841735	1eb78e
468.856846	1eb605
468.865059	1dfb39
468.876438	202a00
468.891357	1e1a06
468.901927	1e1a06
468.915683	1dfa3e
468.927263	1e272e
468.936560	1dfb39
468.942591	1dfb39
468.948521	1e379a
468.954719	1dfb39
468.961438	1dfb63
468.970821	1eb5d5
468.984830	1e1a06
468.999189	1e9f34
469.013526	1e1a06
469.020867	1e1a06
469.027749	1ce126bdb754
469.037864	1dfb63
469.047436	1dfb63
469.058271	1dfb39
469.070350	1dfb39
469.081284	1e15b5
469.088964	1ce126bdb754
469.102199	1dfb39
469.116953	1e379a
469.126074	1dfb39
469.138750	1dfb63
469.153267	1e1a06
469.159544	1dfb39
469.172314	1e19f5
469.186199	1dff7c
469.195074	1ce126bdadb3
469.201087	1dfa3e
469.208683	1e1a06
469.214570	1dfb39
469.229084	1dfb39
469.238006	1dfb39
469.252882	1e1a06
469.266207	1dfb39
469.276546	1dfb63
469.282165	1dfb39
469.290580	1dfb39
469.302560	1e1a06
469.308692	1dfb39
469.321773	1e1a06
469.336219	1dfb39
469.343753	1dfb71
469.350212	1dfb39
469.364400	1e379a
469.373150	1ed293
469.381946	1dfb39
469.389819	1ce126bdb560
469.402071	1dfb39
469.411028	1ce126bdb560
469.418768	1e1a06
469.431208	1dfb63
469.439871	1dfb63
469.453221	1dfb39
469.458867	1e379a
469.465622	1dfb63
469.479847	1ce126bdb560
469.494216	1dfb39
469.500619	1e1a06
469.505877	1e1a06
469.511242	1ce126bdb754
469.518756	1dfb39
469.532149	1e1a06
469.544503	1dfb39
469.551283	1dfb39
469.558832	1dfa85
469.570053	1dfb63
469.582952	1dfb39
469.588990	1dfb39
469.603407	1dfb63
469.616617	1dfb63
469.623329	1dfb39
469.638457	1eb5a0
469.645556	1dfb39
469.653716	1dfb39
469.661345	1dff05
469.670260	1dfb39
469.683933	1e17fe
469.697723	1dfcb6
469.711840	1ed847
469.722389	1e9273
469.730993	1e1a06
469.740750	1e1a06
469.754296	1e9302
469.768078	1ce126cd7880
469.778333	1e9260
469.791545	1e9260
469.796984	1e1a06
469.809449	1e1a06
469.815247	1dfe56
469.820958	1e1a06
469.828222	1dfb39
469.833724	1dfb63
469.848726	1dfb39
469.858399	1dfb39
469.873196	1dfb63
469.882840	1ce126bdb560
469.891048	1dfb63
469.896477	1e379a
469.906934	1dfb39
469.913888	1dfb63
469.923860	1dfb63
469.938909	1dfb05
469.951256	1eb605
469.960120	1dfb63
469.970932	1ce126bdb754
469.985764	1dfb63
469.994751	1dfb63
470.000097	1dfb63
470.013494	1dfb39
470.024280	1eb738
470.037805	1e37ef
470.045456	1dfb39
470.054277	1e1a06
470.066440	1e379a
470.072548	1e1a06
470.086579	1e1a06
470.097572	1ce126bdaabf
470.110384	1e15b5
470.119851	1dfb39
470.134565	1ce126bdae22
470.149378	1eb5d5
470.163113	1ebced
470.175433	1e379a
470.188382	1dfb39
470.198937	1e1a06
470.207105	1eb5d5
470.215292	1eb605
470.226572	1eb5d5
470.239829	1dfd9b
470.253850	1eb61e
470.266908	1e1a06
470.277786	1e1a06
470.284947	1dfb39
470.299985	1dfb39
470.308839	1e1a06
470.314625	1e1a06
470.328294	1e1a06
470.337650	1dff05
470.343856	1dfb39
470.354369	1dff05
470.363977	1dfb71
470.374531	1e37ef
470.387886	1e15b5
470.400471	1e1a06
470.411027	1e93dd
470.420489	1dfb39
470.428805	1cea55
470.438060	1dfb63
470.444503	1dfb63
470.457650	1e1a06
470.466103	1dfb39
470.477948	1e1a06
470.491312	1e1a06
470.500526	1e379a
470.509533	1dff05
470.518759	1e1a06
470.524896	1e15b5
470.537138	1ce126bdc166
470.550344	1dfb63
470.563789	1dfb39
470.577341	1dfb63
470.587829	1dfb39
470.593075	1ce126bdad30
470.598489	1e4fd2
470.604160	1dfb39
470.615903	1e1a06
470.628910	1dfb63
470.641202	1dfb63
470.648550	1dfb63
470.658301	1dfb63
470.671535	1e15b5
470.683378	1dfb39
470.697058	1ce126bda9cd
470.704911	1e1484
470.716623	1dfb39
470.726569	1dfb39
470.736602	1dfb71
470.750538	1dfb39
470.757614	1dfb39
470.767835	1ce126bdc167
470.779051	1eb7cc
470.787997	1e379a
470.802753	1eb5d5
470.813171	1ce126bdb340
470.820644	1dfb39
470.827403	1dfb39
470.842138	1ce126bdb754
470.856386	1dfb39
470.871335	1e1a06
470.880037	1e1a06
470.887176	1dfb39
470.894048	1dfb39
470.900101	1dfb63
470.908689	1dfb63
470.918248	1dfb39
470.932684	1e1a06
470.938139	1ce126bdaed2
470.945950	1e19e5
470.957246	1e1a06
470.971993	1dfb79
470.984691	1dfb39
470.990836	1dfb63
470.998126	1dfb63
471.011807	1e379a
471.025097	1dfb39
471.033544	1e1a06
471.047343	1dfb39
471.055743	1e1a06
471.070876	1dfb39
471.077528	1dfb39
471.087945	1e15b5
471.095602	1e1a06
471.104211	1e18b6
471.118515	1e1a06
471.132088	1e9318
471.146003	1dfb63
471.151397	1eb735
471.165861	1dfb39
471.179790	1e379a
471.189239	1dfb39
471.203477	1dfb39
471.217436	1e379a
471.231518	1dfb39
471.240810	1e1a06
471.254932	1e1a06
471.263436	1dfb39
471.273072	1dfb39
471.278788	1dfb39
471.290865	1dfb39
471.304946	1ebda8
471.314454	1ebda8
471.323084	1ebda8
471.335286	1dfb39
471.341245	1dfa48
471.355804	1eb5d5
471.367778	1dfea3
471.381613	20292f
471.395492	1dfb39
471.402602	1eb860
471.416574	1e1a06
471.429877	1eb554
471.444537	1eb860
471.456245	1e1a06
471.461545	1e3832
471.468389	1dfb39
471.481621	1ce126bdc0a1
471.492299	1dfb39
471.503942	1dfb39
471.515311	1dfb63
471.525644	1dfb63
471.535200	1eb5d5
471.544548	1ce126bdaabf
471.559406	1ce126bdb3b0
471.570043	1e1a06
471.584048	1dfb63
471.592522	1e379a
471.602828	1e1a06
471.612278	1dfb39
471.619065	1dfb39
471.625287	1e379a
471.638018	1e4fdf
471.644245	1dfb39
471.658675	1e1a06
471.671342	1ce126cd7884
471.685128	1dfb39
471.696811	1dfb39
471.707243	1dfb39
471.714058	1ebd68
471.720961	1dfb63
471.733824	1eb5e9
471.742067	1dfb39
471.752777	1eb846
471.759058	1ce126bdadb3
471.764632	1dfb39
471.771324	1e1a06
471.783467	1dfb39
471.798138	1dfb39
471.806068	1dfb39
471.818739	1e379a
471.826191	1dfb39
471.833320	1e9eea
471.847688	1dfb39
471.855457	1e4fd2
471.869850	1dfb39
471.882330	1dfb63
471.892097	1dfb63
471.899624	1eb860
471.912955	1e15b5
471.924887	1eb5d5
471.936407	1e1a06
471.941754	1dfb63
471.952011	1dfb39
471.966484	1e1a06
471.976032	1dfb39
471.982719	1dfb39
471.991311	1dfb63
472.001038	1ce126bdb560
472.009946	1e928d
472.016485	1e1a06
472.023636	1e9252
472.032072	1e93dd
472.041069	1e929d
472.048490	1dfb63
472.053753	1dfb39
472.066062	1dfb63
472.080455	1dfb63
472.091521	1dfb39
472.105932	1ce126bdc06a
472.116555	1e1a06
472.125212	1e93dd
472.138974	1dfb39
472.154165	1e9260
472.163478	1e1a06
472.177728	1ebd8d
472.184104	1dfa48
472.196705	1dfb63
472.203106	1eb754
472.210766	1dfb39
472.224641	1dfb63
472.232301	1ebd4f
472.243993	1e379a
472.251435	1dfb63
472.267462	1ed2c9
472.281607	1dfde4
472.289304	1dfb39
472.298219	1e1a0b
472.313131	1dfb39
472.323439	1dfb39
472.332412	1dfb39
472.344879	1e1a06
472.355493	1dfe97
472.366793	1dfb39
472.377885	1e0cde
472.385165	1dfb39
472.392339	1ed3cd
472.402604	1e9260
472.416995	1dfb63
472.431909	1dfb63
472.444045	1e379a
472.455486	1dfb39
472.467385	1dfb39
472.473389	1dfb63
472.481852	1dfb63
472.492847	1dfb39
472.502909	1eb5e9
472.508266	1e379a
472.517060	1dfb63
472.529199	1eb5d5
472.535437	1dfb39
472.544991	1dfb39
472.551992	1dfb39
472.562782	1dfb63
472.568292	1ce126c55bcb
472.579285	1e1a06
472.589197	1e1a06
472.601556	1e1a06
472.612784	1dfb39
472.627775	1ce126bdae22
472.635327	1eb85b
472.642155	1e0cb0
472.649990	1eb5d5
472.655880	1e1a22
472.662379	1ce126bdae2f
472.676186	1dfb39
472.691049	1e0cde
472.699306	1eb581
472.705950	1dfb39
472.713106	1dfb39
472.726711	1dfd9b
472.733745	1e1a06
472.742424	1ce126bdad30
472.750867	1e1a06
472.761122	1eb605
472.775244	1dfb39
472.788044	1e1a06
472.802731	1e1a06
472.811306	1e1a06
472.822599	1e1a06
472.831336	1eb5d5
472.841060	1dfb39
472.850751	1dfcdb
472.861367	1e1a06
472.874903	1dfb39
472.889588	1eb609
472.897122	1e1545
472.903280	1dfe86
472.913625	1dfb63
472.924015	1e1a06
472.935281	1dfb39
472.942044	1dfb63
472.954248	1e15b5
472.960539	1ce126bdaad6
472.968231	1e1a06
472.975828	1e1a0b
472.983478	1e1a06
472.998429	1e1a06
473.006049	1e1a06
473.013301	1dfb39
473.018742	1dfb63
473.027837	1ebd2e
473.042187	1e1484
473.055756	1e928d
473.069000	1dfb39
473.081767	1dfb63
473.094858	1dfb63
473.104207	1dfb63
473.119057	1e1a06
473.128008	1e379a
473.140514	1dfb39
473.148821	1dfb39
473.162069	1dfb39
473.173187	1dfb39
473.180214	1e1a06
473.185449	1ea69e
473.193158	1e1a06
473.207741	1dfb39
473.214597	1dfb39
473.223056	1e5032
473.228291	1dfb39
473.241944	1dfb63
473.255280	1dff7c
473.266535	1eb860
473.279863	1e1a06
473.291924	1e1a06
473.305256	1dfb39
473.318284	1dfb39
473.331820	1dfb63
473.339724	1eb5dd
473.345277	1dfb63
473.356770	1dfd9b
473.366970	1dfe86
473.375338	1dfb39
473.382554	1dfb39
473.397207	1dfb39
473.405707	1dfb39
473.420301	1dfa4e
473.432403	1dfb63
473.439098	1dfb39
473.444805	1ce126cd78ae
473.452064	1dfb63
473.462233	1e91c6
473.471608	1e1a06
473.478583	1e3818
473.490730	1e1a06
473.501783	1e19fd
473.512523	1e1a0b
473.526517	1dfb39
473.535270	1dfb39
473.545752	1dfb63
473.558685	1dfb39
473.567046	1dfb63
473.578992	1dfb39
473.593251	1e37c0
473.605135	1dfb63
473.611823	1dfb63
473.619349	1dfb39
473.630366	1dfe42
473.643268	1ebdaf
473.650077	1ebda8
473.662801	1ebdaf
473.676281	1ebda8
473.682244	1ebda8
473.696625	1ebda8
473.703307	1dfb39
473.713435	1eb5d5
473.720636	1e15b5
473.732697	1dfb71
473.741326	1eb566
473.749243	1dfb39
473.755065	1e1a06
473.762296	1e1a06
473.772500	1e1a06
473.781086	1dfb71
473.788715	1e1a06
473.802623	1e199d
473.814900	1e9d94
473.824128	1ea7ad
473.830715	1dfde4
473.836326	1e95cb
473.846655	1e1a06
473.859720	1dfb63
473.868805	1dfb63
473.880505	1e1a06
473.888449	1e1a06
473.902661	1dfb39
473.912675	1e1a06
473.918135	1e1a06
473.928922	1dfb63
473.940248	1dfb63
473.950298	1e1a06
473.964490	1dfb39
473.972266	1e1484
473.983611	1dfb39
473.992611	1dfb39
474.006961	1dfb63
474.018714	1dfb63
474.025739	1e1a06
474.035571	1e1ec5
474.047503	1dfb39
474.055590	1e1a06
474.063280	1e1a06
474.075231	1ce126bdc210
474.081333	1dfb39
474.092313	1dfb39
474.098161	1dff24
474.103639	1e15b1
474.114083	1e4fed
474.129087	1e9260
474.139127	1dfb63
474.144419	1e379a
474.155765	1dfb63
474.162648	1dfb39
474.172363	1eb750
474.179119	1dfb39
474.192581	1ce126bdb376
474.198077	1dfb39
474.208538	1e1a06
474.218889	1dfb63
474.230122	1eb616
474.238069	1e1a06
474.244937	1e1a06
474.251349	1dfb39
474.256849	1e15b5
474.265069	1dfb39
474.275299	1dfb63
474.287436	1eb581
474.301140	1dfac5
474.308212	1dfb39
474.323026	1dfb39
474.337966	1e4fd2
474.348903	1e1a06
474.361326	1e9417
474.369193	1e9260
474.380719	1dfb39
474.395755	1dfb63
474.405910	1dfb63
474.413334	1eb5ff
474.426857	1dfb63
474.438404	1dfb39
474.449692	1dfb39
474.458385	1dfb39
474.463589	1dfb63
474.472216	1dfb39
474.483486	1e928d
474.490548	1e9696
474.499585	1e9260
474.512855	1e1a06
474.519285	1dfb39
474.531697	1e1a06
474.544176	1e1a06
474.556766	1dfb39
474.564875	1dfb39
474.577136	1e1a06
474.591729	1e1a06
474.601808	1dfb39
474.612474	1dfb63
474.625430	1e1a06
474.634538	1ed3cd
474.647241	1dfb63
474.652441	1dfb63
474.664471	1dfb63
474.678489	1dfb63
474.691537	1dfb63
474.698336	1dfb63
474.710769	1dfb63
474.722484	1eb5d5
474.728240	1dfb63
474.742179	1ebd4f
474.754733	1eb7e6
474.766752	1dfb39
474.778899	1dfb63
474.792349	1dfb39
474.802918	1e37c0
474.815096	1dfb39
474.828927	1e1a0b
474.838886	1e37c5
474.847763	1dfb39
474.860200	1dfb39
474.874002	1e1a06
474.888574	1e1a06
474.900082	1dfb39
474.908637	1ebd54
474.913883	1eb860
474.929106	1e1a06
474.939544	1e1a06
474.954142	1dfb39
474.959645	1e18fa
474.969634	1dff05
474.979779	1e1a06
474.991199	1e1a06
475.002672	1eb605
475.016147	1ebdb8
475.022595	1ce126cd78a1
475.032656	1eb5d5
475.041372	1eb62f
475.052056	1e15b5
475.060677	1dfb39
475.068579	1e1a06
475.081970	1dfdd5
475.093265	1e192b
475.108203	1e1a06
475.116266	1e1a06
475.127967	1e1a06
475.134456	1dfb39
475.145698	1dfb39
475.156424	1dfb63
475.162164	1ce126bdb754
475.174917	1e1a06
475.187560	1e1a06
475.195876	1e379d
475.208356	1dfd9b
475.217808	1dfb39
475.229287	1e3780
475.242621	1dfb39
475.248819	1dfb39
475.257679	1dfb63
475.265460	1dfb39
475.275777	1e1a06
475.285365	1dfb63
475.297261	1eb717
475.308431	1e378a
475.320788	1dfb63
475.328090	1dfb39
475.334645	1e1a06
475.341342	1e1a06
475.355264	1dfb39
475.368601	1eb5d5
475.380232	1e3794
475.385758	1e1a06
475.393440	1dfb39
475.401581	1dfb93
475.411592	1e9dce
475.426080	1dfb39
475.439278	1e1a06
475.449496	1dfb63
475.456943	1dfb39
475.468042	1dfb39
475.475975	1dfb39
475.489754	1e1a06
475.498234	1dfec3
475.513445	1e1a06
475.523295	1e1a06
475.529915	1e1a06
475.542190	1e1a06
475.555321	1dfb63
475.568805	1dfb63
475.575194	1dfb39
475.585158	1dfb39
475.597748	1e1a06
475.603783	1dfde4
475.615086	1dfb39
475.620972	1eb605
475.631989	1dfb63
475.642473	1e37e1
475.655134	1dfb63
475.662873	1dfb63
475.674885	1ce126bdc085
475.684591	1dfb39
475.695252	1ed831
475.707081	1e1a06
475.719271	1dfb39
475.730191	1dfb39
475.744551	1e15b5
475.759422	1eb5ff
475.765924	1dfb39
475.771822	1dfb39
475.786602	1dfb39
475.799343	1dfb39
475.811039	1dfa48
475.820814	1dfb63
475.832580	1dfb63
475.839734	1eb742
475.849969	1e1a06
475.859094	1ce126bdadb3
475.873786	1e1a06
475.879209	1ebda8
475.893388	1ebdaf
475.903580	1ebda8
475.917694	1ebda8
475.927645	1e1a06
475.937779	1e1a06
475.943555	1eb860
475.950370	1e1a06
475.963448	1dfde4
475.978264	1e1a06
475.987583	1dfb39
476.000424	1e1a06
476.011685	1dfb39
476.023750	1eb860
476.036766	1e1a06
476.046299	1e379a
476.052021	1eb860
476.063526	1eb5d5
476.076209	1ce126cd7884
476.085745	1ce126bdb622
476.092150	1dfb39
476.098132	1e1a06
476.109600	1ce126bdae71
476.122818	1dfb63
476.137516	1dfb63
476.148619	1e15b5
476.159200	1dfb39
476.166926	202a0b
476.176169	1e1a06
476.190268	1dfb39
476.198283	1dfb39
476.207286	1dfb39
476.218770	1dfb39
476.232313	1dfb39
476.240202	1dfb71
476.253650	1e1a06
476.262619	1e379a
476.276224	1dfb39
476.282655	1e1a06
476.290220	1dfb63
476.304237	1dfb63
476.311450	1dfb39
476.323280	1dfb63
476.336628	1e1a06
476.342878	1e1a06
476.353693	1eb5d5
476.362644	1e1a06
476.372194	1dff24
476.385774	1e3844
476.398868	1dfb71
476.407270	1e199d
476.413621	1ce126bdaf07
476.421978	1e19d3
476.435449	1dfb39
476.449826	1e03f4
476.458851	1dfb63
476.464536	1dfb39
476.476455	1e1a06
476.482579	1dfb39
476.491719	1e1a06
476.498635	1dfb39
476.512780	1dfb39
476.523187	1dfb39
476.535764	1dfb63
476.546667	1dfb71
476.556329	1e9646
476.569817	1e5039
476.578533	1ed2a2
476.593179	1dfb39
476.602977	1dfb63
476.614838	1dfb39
476.629526	1dfb39
476.642103	1e1a06
476.650331	1dfb39
476.665246	1dfde4
476.679389	1e1a06
476.690687	1e1a06
476.697915	1dfb63
476.706289	1dfb63
476.719302	1eb592
476.726511	1dfb63
476.741204	1dfb63
476.755315	1eb612
476.766084	1dfb63
476.779993	1dfb39
476.786929	1e1a0b
476.794079	1e1a06
476.802122	1e1a06
476.808395	1e1a06
476.821215	1dfb39
476.828854	1e9260
476.837457	1dfb63
476.844622	1e1a06
476.854034	1e971b
476.864178	1ed3d5
476.870130	1e1a06
476.883145	1e1a06
476.894366	1e1a06
476.908605	1dfdd5
476.917489	1ed3cd
476.929718	1e1a06
476.936492	1ce126bdc210
476.943116	1eb592
476.952410	1dfb63
476.967467	1dfb63
476.979853	1dfb39
476.990925	1dfb63
477.005825	1dfb39
477.019734	1e37ce
477.029789	1dfb63
477.040721	1dfb63
477.052275	1dfb63
477.063923	1dfb63
477.072871	1eb5d5
477.084613	1dfb39
477.097189	1dfb39
477.109696	1e1a06
477.117552	1e1a06
477.130143	1e379a
477.141255	1ce126bdaf07
477.152738	1e1a06
477.165593	1dfb39
477.176090	1e1579
477.183275	1dfb39
477.194767	1eb58e
477.205199	1e1484
477.211131	1ebd43
477.218227	1eb86c
477.227152	1e039f
477.238106	1dfb39
477.251649	1dff05
477.260287	1e1a06
477.265614	1ce126bdae76
477.272444	1ce126bda9d1
477.287456	1e1a0b
477.293584	1dfb39
477.303281	1dfb39
477.309601	1e1a06
477.321358	1dfb39
477.331480	1e0cc7
477.341385	1e1a06
477.353148	1ce126bdb04a
477.367276	1eb5d5
477.382247	1ce126bdc1c0
477.395987	1e1a06
477.403074	1eb5ff
477.408482	1ce126bdb386
477.420574	1eb797
477.432306	1e379a
477.441301	1e1a06
477.456182	1e1a06
477.469093	1e3818
477.482040	1ce126bdadfa
477.488814	1e039b
477.498125	1e1a06
477.511259	1dfb39
477.524147	1dfb39
477.539180	1dfb39
477.544833	1dfb39
477.556395	1ce126bdb560
477.565246	1dfb63
477.580209	1dfd9b
477.593630	1ce126bdb560
477.601968	1e1484
477.611188	1e379a
477.618571	1dfb39
477.625693	1dfb39
477.634903	1ce126bdb560
477.647775	1dfb63
477.662428	1dff24
477.673515	1dfb71
477.686009	1dfb39
477.694519	1e1a06
477.707696	1dfb39
477.721210	1ea591
477.734590	1ea80b
477.740043	1e1a06
477.746689	1dfb39
477.758459	1dfb39
477.767400	1dfb63
477.773477	1eb605
477.783718	1dfd9b
477.796228	1dfb39
477.805258	1dfb39
477.815725	1dfb39
477.830873	1dfb39
477.837622	1e379a
477.851787	1dfb63
477.865380	1dfb63
477.875509	1dfb39
477.882173	1e15b5
477.895745	1e1a0b
477.902966	1dfb39
477.908203	1e15b5
477.922160	1dfb39
477.936558	1dfb39
477.941975	1dfb39
477.952478	1dfb63
477.959629	1dfb39
477.965603	1dfb39
477.971609	1e1a06
477.982596	1e1a06
477.992210	1e1a06
477.998922	1ce126bdaed2
478.013470	1dfafe
478.023349	1e4fd2
478.030886	1dfb63
478.044093	1dfb39
478.055303	1eb574
478.061963	1e379a
478.073285	1dfb63
478.087888	1dfb39
478.100793	1dfb39
478.106772	1dfb63
478.113553	1dfb63
478.124797	1dfb39
478.135250	1eb605
478.143119	1e1a06
478.156296	1eb5d5
478.163305	1dfb39
478.177508	1ebdaf
478.184117	1ebda8
478.192746	1ebdaf
478.202714	1ebdaf
478.216133	1eb5d5
478.227480	1e379a
478.238135	1dfb39
478.252561	1dfb39
478.259328	1dfb39
478.272127	1dfb39
478.281484	1dfb39
478.287683	1eb5d5
478.299448	1eb860
478.309825	1eb5d5
478.323480	1dfb71
478.332053	1e1a06
478.341141	1e1a06
478.347029	1e1a06
478.359791	1e1a06
478.369629	1ce126bdb560
478.379616	1dfb63
478.387944	1dfb63
478.402651	1eb5d5
478.412308	1dfb39
478.420286	1e379a
478.430522	1e1a25
478.437130	1e15b5
478.443715	1e1a06
478.449136	1dfa48
478.458319	1eb6f4
478.469325	1dfb63
478.479146	1dfb39
478.487870	1dfb39
478.501009	1dfb39
478.515629	1dfb39
478.521852	1dfb63
478.529894	1dfb63
478.535665	1dfb63
478.545481	1dfb63
478.552835	1dfb39
478.562767	1e1a06
478.571244	1eb5d5
478.582094	1ce126bdb5c2
478.597202	1e1a06
478.603472	1eb5d5
478.614164	1e1a06
478.623304	1dfb39
478.628788	1e1a06
478.635430	1e1a06
478.645253	1dfb39
478.652510	1e1a06
478.658154	1e1a06
478.666596	1e1a06
478.674445	1e1a06
478.686310	1dfb39
478.699783	1eb860
478.708940	1eb5d5
478.717251	1e1484
478.725516	1e272e
478.735032	1e1484
478.743603	1e1a06
478.749657	1dfb39
478.759699	1dfb39
478.771525	1dfb39
478.782388	1dfb63
478.787599	1dfb63
478.799679	1dfb63
478.805272	1dfb39
478.811991	1dfa37
478.821900	1e1a06
478.828398	1dfb39
478.840189	1e3781
478.845477	1dfb39
478.859831	1dfb39
478.868786	1eb636
478.874449	1dfb63
478.886674	1eb5ff
478.893605	1dfb39
478.905467	1ce126bdc238
478.915741	1e504d
478.929078	1e1a06
478.939580	1e1a06
478.953028	1e1a06
478.960532	1e5069
478.965852	1dfb39
478.973878	1e1a06
478.988310	1e943a
479.002284	1dfb63
479.010843	1dfb63
479.021797	1dfb63
479.035124	1dfb63
479.049057	1dfb39
479.061904	1dfb39
479.070502	1dfb39
479.075812	1dfb63
479.085090	1e15b5
479.095645	1dfb39
479.101539	1e15b5
479.112250	1dfb39
479.121071	1dfb39
479.131781	1dfb39
479.140198	1dfb39
479.145673	1dfb39
479.160633	1e19d3
479.168960	1dfb39
479.183046	1e1a06
479.192983	1dfb39
479.207939	1dfb39
479.216364	1e926e
479.223261	1dfb39
479.230238	1dfb39
479.238939	1e1529
479.245231	1dfb39
479.258053	1dfb39
479.270421	1dfb63
479.276035	1ebce3
479.287925	1dfb63
479.298232	1dfb63
479.307774	1dfb63
479.315560	1dfb63
479.323407	1eb846
479.334030	1eb868
479.348832	1dfb39
479.361825	1e379a
479.371718	1dfb63
479.381023	1dfb63
479.390112	1dfb63
479.398897	1dfb55
479.409251	1dfb63
479.419390	1e149f
479.426378	1e1a06
479.434339	1dfb39
479.443349	1dfb39
479.458419	1dfb41
479.469423	1ebd63
479.482836	1e0cdc
479.497192	1dfb39
479.510347	1e1a06
479.521428	1dfb39
479.536441	1dfb39
479.548966	1dfb39
479.558855	1dfb39
479.573151	1e1a06
479.581407	1ce126bdae22
479.593561	1ce126bdaabf
479.599006	1e1a06
479.605622	1dfb39
479.612203	1e1a06
479.618676	1e1a06
479.628672	1dfb39
479.639304	1ebcfe
479.647791	1dfb39
479.657705	1dfb39
479.668800	1e1a06
479.681271	1e3804
479.694993	1dfde4
479.708432	1dfb39
479.719658	1eb605
479.732084	1e1a06
479.739009	1e379a
479.750999	1dfb39
479.764066	1e379a
479.777204	1ebd68
479.789055	1e1a06
479.799282	1eb5ff
479.810630	1e37c1
479.824127	1dfb39
479.834506	1ed847
479.842145	1e4fd8
479.851457	1dfb5c
479.866289	1e0d1b
479.876044	1e9505
479.881324	1dfb39
479.889628	1dfb39
479.904409	1dfb39
479.912530	1e1a06
479.919016	1dfb63
479.933639	1e0ce8
479.945075	1eb605
479.952325	1dfb63
479.958386	1dfb63
479.969482	1eb562
479.982220	1e1a06
479.993768	1e194e
480.004645	1e1a06
480.016321	1dfb71
480.027497	1e15b5
480.040403	1dfb39
480.050195	1dfb39
480.058933	1dfb63
480.065776	1dfb63
480.074923	1e1a06
480.082568	1e1a06
480.092772	1e1616
480.107003	1ce126bdc089
480.116414	1dff6f
480.123101	1e9417
480.134376	1e1484
480.142480	1dfb63
480.148570	1dfb63
480.156236	1e379a
480.166262	1dfb39
480.171746	1e1a06
480.177244	1ce126cd792c
480.184388	1e1a06
480.194061	1e1a06
480.208827	1dfb63
480.219278	1dfb63
480.224935	1dfb63
480.233316	1dfb39
480.243701	1dfb39
480.250437	1dfb63
480.263733	1e1a06
480.271495	1e5013
480.284057	1e93dd
480.289503	1e1a06
480.299296	1dfb39
480.314298	1e1a06
480.319533	1dfb39
480.328174	1dfb39
480.341679	1dfb63
480.348699	1e379a
480.357550	1dfb39
480.369624	1e379a
480.377212	1dfb63
480.387840	1dfb63
480.401075	1dfb39
480.410086	1e1a06
480.418474	1e1a06
480.425013	1eb605
480.430329	1dfb39
480.444890	1dfb39
480.450976	1ebda8
480.461297	1ebdaf
480.466485	1ebda8
480.472944	1ebda8
480.480231	1e1a06
480.489383	1ce126bdaad6
480.497966	1ce126bdb382
480.508474	1dfb39
480.517542	1dfb71
480.529073	1e1a06
480.534808	1dfb39
480.546735	1e1a06
480.552411	1e1a06
480.565224	1dfb39
480.576890	1e1f03
480.589496	1eb5d5
480.603156	1ea7e3
480.609309	1ea80b
480.623664	1e1484
480.631117	1dfb39
480.641713	1dfb63
480.651316	1dfb39
480.661994	1ce126bdaddd
480.671701	1ce126bda9d1
480.682859	1e37c1
480.697402	1eaa43
480.704197	1e19e5
480.718543	1e1a06
480.725276	1dfb63
480.732594	1dfb63
480.747766	1dfde4
480.760361	1dfb39
480.774112	1e9260
480.780768	1dfb39
480.788984	1dfb39
480.798239	1dfb63
480.813390	1dfb39
480.822026	1dfb39
480.829323	1e1a06
480.836786	1ce126bdae71
480.843697	1dfb39
480.856213	1dfd9b
480.870445	1ce126bdae91
480.880279	1dfa37
480.888746	1dfb39
480.900422	1e1a06
480.908301	1e1a06
480.914208	1dfdd5
480.919552	1dfb39
480.927561	1dfde4
480.942118	1dfb39
480.954548	1dfb71
480.967196	1dfb63
480.979771	1dfb39
481.039486	1e1a06
481.047441	1dff91
481.057659	1dfb63
481.071265	1ce126bdb560
481.077655	1dfb63
481.084129	1dfb39
481.093512	1e9417
481.102924	1e1a06
481.110311	1dfb39
481.124035	1ce126bdb04a
481.132191	1dfb71
481.145520	1dfb39
481.154575	1dfb63
481.167923	1dfb63
481.182682	1dfb63
481.196559	1e9712
481.210570	1e1484
481.222056	1e1a06
481.233698	1ed39d
481.241490	1e1a0b
481.248861	1e5032
481.263714	1dfb39
481.274826	1dfb39
481.287034	1dfb63
481.297972	1e379d
481.311377	1dfb63
481.319281	1dfb63
481.333124	1dfb39
481.344538	1ebced
481.352686	1dfb63
481.361011	1dfb39
481.375720	1dfb39
481.384060	1dfb63
481.392193	1e1a17
481.397498	1e1a06
481.411882	1dfb39
481.418952	1dfb39
481.424822	1dfb39
481.438815	1e9260
481.446021	1e9260
481.454256	1ce126bdc167
481.461434	202995
481.475212	1e96c8
481.482550	1e009c
481.493197	1dfb39
481.498490	1e1a06
481.512357	1e1a06
481.525848	1ed3cd
481.540513	1e9260
481.553176	1dfb39
481.563622	1dfb63
481.570761	1dfb63
481.578922	1dfb39
481.593303	1eb5e5
481.607460	1dfb63
481.614648	1e3780
481.620704	1dfb63
481.635061	1eb68d
481.642536	1dfb63
481.656735	1dfb39
481.663080	1dfb39
481.672633	1dfb63
481.679115	1dfb63
481.688649	1dfb63
481.703056	1dfb63
481.709254	1dfb39
481.714549	1dfb63
481.721980	1e18ec
481.730077	1e1a06
481.744201	1dfb39
481.750754	1dfb39
481.757097	1e379a
481.771443	1e1a06
481.776987	1eb5d5
481.782787	1eb605
481.795868	1e15b5
481.810529	1e1a06
481.824987	1e1a06
481.834010	1dfb39
481.848633	1e1a06
481.859494	1e1a06
481.870509	1e1a06
481.881451	1e1a06
481.895832	1e1a06
481.903042	1ce126bdc089
481.910824	1ce126bdb394
481.925406	1dfb39
481.937235	1dfb39
481.943868	1ebd27
481.952450	1dfb39
481.959593	1eb5d5
481.970689	1eb5e5
481.984617	1e1a06
481.990290	1dfb39
482.004821	1eb5d5
482.014526	1e158c
482.028451	1dfb39
482.041729	1dfb39
482.050380	1e1a06
482.058529	1dfde4
482.073035	1dfb63
482.086464	1dfb63
482.099815	1dfb63
482.110313	1dfb39
482.121234	1dfb39
482.127119	1eb697
482.133584	1eb860
482.148622	1e1a06
482.162680	1e15b5
482.177118	1e93dd
482.186250	1e1a0b
482.197216	1dfb63
482.210086	1e379a
482.216195	1e9646
482.230881	1dfb39
482.236606	1dfb39
482.245288	1e19f5
482.259189	1e95ac
482.268633	1dfb39
482.279287	1dfb63
482.290869	1ebd4f
482.299398	1dfb63
482.306369	1dfb63
482.321341	1e1484
482.333844	1e1484
482.348487	1e1a06
482.359097	1dfb39
482.364969	1dfb39
482.375551	1dfb39
482.389948	1dfb39
482.395266	1ea761
482.403049	1dfb39
482.414503	1e1a06
482.420264	1dfb71
482.431456	1dfb39
482.441944	1dfb63
482.452989	1dfb63
482.458665	1dfb2a
482.468394	1dfb63
482.474257	1eb62f
482.481226	1e15b5
482.494996	1e1a06
482.507597	1e1a06
482.521371	1dfb39
482.530245	1ce126bdaddd
482.537144	1dfb39
482.543016	1dfb39
482.556755	1dfb39
482.570558	1dfb39
482.577932	1e1a06
482.584219	1ce126bdaeec
482.589886	1dfb39
482.596869	1dfb39
482.606092	1eb68d
482.615533	1dfb39
482.626788	1dfb63
482.638687	1dfb39
482.651017	1dfb63
482.663914	1dfb39
482.677356	1dfb39
482.689325	1dfb39
482.696774	1e1a06
482.705017	1dfb39
482.710955	1ed849
482.719940	1e1a06
482.731786	1dfed4
482.742786	1e15b5
482.751598	1dfb63
482.759030	1dfb63
482.771486	1dfb63
482.780706	1dfb63
482.793135	1dfb39
482.807004	1dfb63
482.813139	1e3781
482.818439	1dfb39
482.829312	1dfb39
482.843422	1ebda8
482.855921	1ebdaf
482.862055	1ebda8
482.875158	1e1a06
482.887166	1e1a06
482.897307	1eb5d5
482.907371	1e1a06
482.915926	1e1a06
482.923105	1dfb39
482.930296	1dfaf4
482.942187	1dfb39
482.948765	1dfb39
482.955265	1e1a06
482.969102	1e1a06
482.980044	1eb581
482.986890	1e1a06
483.001399	1eb5d5
483.013142	1dfb39
483.023865	1dfb39
483.036644	1dfdd5
483.044444	1ce126bdc1ec
483.055649	1e504a
483.070341	1dfb63
483.079602	1dfb39
483.090845	1dfb34
483.100829	1ce126bda97f
483.112096	1e0ce8
483.126929	1e1a06
483.132578	1e1a06
483.147469	1e1a06
483.162345	1dfb63
483.174053	1ce126bdaad6
483.184544	1e1a06
483.199015	1dfb39
483.207503	1e1a06
483.216254	1dfb63
483.223800	1dfb63
483.235529	1dfb39
483.242263	1dfb63
483.252451	1dfb63
483.257978	1dffa1
483.266758	1e1a06
483.278141	1e1a06
483.285088	1eb5d5
483.299364	1dfb39
483.310552	1e1a06
483.316364	1e1a06
483.328750	1e1a06
483.341803	1dfb39
483.355358	1ce126bdaddd
483.365638	1ebd4f
483.372994	1dfb63
483.382721	1e1a06
483.388104	1dff4c
483.393977	1dfb39
483.401886	1dfb39
483.414124	1dfb39
483.421407	1e1a06
483.428014	1dfb39
483.437642	1dfb71
483.448483	1e379a
483.457635	1e1a06
483.465797	1e1a06
483.471546	1dfb39
483.485242	1dfb39
483.494205	1e15b5
483.509251	1ebced
483.518931	1dfb39
483.528911	1dfb39
483.537649	1e5069
483.545952	1e971b
483.560080	1e1a06
483.568645	1ce126bdc174
483.581386	1e96b8
483.591306	1e1a06
483.605494	1e1a06
483.610968	1dfb39
483.621195	1dfb63
483.627954	1dfb39
483.637791	1dfb39
483.643483	1dfb63
483.657336	1dfb63
483.666650	1ebdb5
483.672207	1e3871
483.686123	1dfb63
483.700248	1dfb39
483.711765	1e9505
483.724855	1ce126bdc06a
483.731812	1e1a06
483.741222	1dfdd5
483.756067	1ce126bdadfa
483.768498	1e1a06
483.773754	1e92aa
483.784716	1ce126bdad30
483.791455	1dfb39
483.806469	1ed847
483.814754	1ce126bdb394
483.823415	1e1a06
483.832443	1dfb63
483.847591	1e9268
483.853057	1ce126bda986
483.860330	1dfb39
483.866916	1dfb39
483.881188	1e379a
483.895050	1dfb63
483.904966	1dfb39
483.910807	1dfb39
483.920958	1eb5dd
483.926710	1ebd63
483.940362	1dfb39
483.952419	1e379a
483.961714	1dfb63
483.968499	1eb5d5
483.975846	1dfb63
483.990732	1dfb39
483.999441	1eb5f6
484.008860	1eb5f6
484.022865	1dfb63
484.033324	1dfb39
484.047541	1e37c7
484.058979	1e1a06
484.072647	1e1a06
484.081832	1dfb39
484.089762	1e1a06
484.096512	1ebd4f
484.107101	1e1a06
484.112643	1eb6be
484.121693	1e1a06
484.127028	1dfb39
484.138407	1ce126bdaabf
484.149128	1ebcd5
484.162124	1dfb39
484.168669	1e386a
484.181141	1dfde4
484.192118	1dfb39
484.202017	1dfb39
484.207271	1dfb39
484.216424	1eb535
484.222110	1ce126bdc1c0
484.229185	1dfa3e
484.243502	1e1a06
484.253413	1dfe86
484.261110	1dfb39
484.274754	1dfb71
484.287307	1e15b5
484.299710	1e195b
484.309509	1e15b5
484.318682	1ce126bdc1c5
484.328442	1dfb71
484.339630	1dfb39
484.345376	1eb678
484.355287	1dfb3d
484.368583	1dfb39
484.382531	1dfb39
484.394266	1e386c
484.406886	1e379a
484.418297	1dfb63
484.425611	1e3780
484.433653	1eb687
484.443357	1eb605
484.448605	1e1a06
484.461188	1ea591
484.475070	1dfb71
484.481525	1dfb39
484.492792	1e1a06
484.503039	1dfb63
484.509284	1dfb63
484.522182	1dfb39
484.528237	1dfb63
484.542897	1e91ca
484.549941	1dfb39
484.563954	1ce126bdb560
484.573507	1dfb39
484.579080	1dfb39
484.593883	1dfb63
484.602235	1dfb63
484.608273	1dfb39
484.623440	1dfb39
484.631522	1dff50
484.643497	1dfb39
484.650132	1e37a0
484.657780	1dfb39
484.669310	1eb860
484.678518	1dfb39
484.690879	1e1a06
484.704413	1dfb39
484.712477	1dfb39
484.724549	1e1a06
484.732095	1ce126bdb3b0
484.740913	1dfb63
484.747364	1dfb63
484.755549	1dfb63
484.761581	1e1a06
484.774750	1eb5d5
484.781975	1dfb39
484.795280	1ce126bdae57
484.802815	1e1a06
484.817192	1dfd9b
484.825531	1dfb63
484.836201	1dfb63
484.843318	1dfb63
484.851238	1ed28c
484.856425	1ce126bdb036
484.862058	1e1a06
484.875669	1e1a06
484.887736	1dfb39
484.900718	1eb697
484.908898	1eb86c
484.916548	1dfb39
484.927734	1dfb39
484.937127	1dfb63
484.945388	1dfb39
484.956326	1dfb39
484.962836	1e0cad
484.975827	1dfb63
484.988240	1e1a06
484.993670	1e928d
485.000697	1e92ae
485.009201	1ed831
485.019267	1dfb39
485.029702	1ed29a
485.041739	1e9260
485.053341	1dfb39
485.060881	1dfb39
485.067293	1dfb39
485.077548	1dfb63
485.086012	1dfb63
485.091273	1dfb63
485.105976	1dfb63
485.112913	1dfb39
485.119922	1dfb63
485.131449	1dfb63
485.139559	1eb5d5
485.154097	1ebda8
485.162026	1ebda8
485.170154	1dfb39
485.175574	1e1a06
485.188912	1e1a06
485.199202	1e1a06
485.206227	1eb797
485.220817	1eb65e
485.233542	1eb55b
485.246747	1dfb71
485.252360	1ce126bdc167
485.258966	1e1a06
485.270285	1dfb39
485.280858	1e1a06
485.294718	1eb860
485.305372	1e1a06
485.311799	1e1a06
485.326898	1dfb39
485.341812	1ea696
485.348495	1dfb39
485.357224	1e1a06
485.369277	1dfb39
485.383322	1dfb63
485.393883	1ce126bdc060
485.405537	1e1a06
485.415729	1dfb39
485.420987	1e379a
485.427282	1dfb39
485.433364	1dfb39
485.441229	1e9417
485.449462	1dfb39
485.457992	1dfb63
485.463513	1dfb63
485.477869	1dfb71
485.483631	1e1a06
485.494193	1dfb39
485.504482	1e1a06
485.512687	1e1a06
485.527291	1dfb63
485.542315	1dfb63
485.551464	1dfb63
485.558167	1e3827
485.568180	1eb5d5
485.576299	1eb860
485.582493	1dfb39
485.596494	1dfb39
485.608804	1ce126bdadb3
485.620340	1e1a06
485.628144	1e1a06
485.642073	1dfb39
485.652826	202a0b
485.667727	1dfb39
485.682493	1e379a
485.695276	1e1a06
485.703699	1dfb63
485.713318	1e9df0
485.723929	1e379a
485.735723	1e1484
485.743608	1dfb39
485.749476	1e1a06
485.762875	1dfb39
485.770296	1dfb63
485.779812	1e9497
485.792342	1dfb39
485.802608	1e1a06
485.811842	1e1a06
485.823040	1dfb63
485.829923	1dfb63
485.837209	1eb5d5
485.844211	1dfb63
485.853367	1dfb63
485.864466	1dfb39
485.875005	1dfb39
485.881123	1e15b5
485.892430	1e1a06
485.902875	1e1a06
485.913813	1dfb39
485.925836	1dfb39
485.938685	1e9260
485.951530	1dfb63
485.960204	1dfb39
485.966472	1dfb63
485.978188	1dfb63
485.991115	1e379a
485.997872	1ebced
486.008503	1dfb39
486.015996	1dfb39
486.026284	1dfb63
486.037374	1e5051
486.051427	1dfb71
486.060295	1dfb39
486.066013	1e929d
486.081120	1dfb39
486.089083	1e93dd
486.103059	1dfb39
486.117175	1e9268
486.130293	1dfb3d
486.144755	1dfb39
486.158420	1dfb39
486.167357	1e4fd5
486.177389	1e92dc
486.190320	1dfb39
486.204982	1dfb39
486.215664	1e1a06
486.221685	1e1a06
486.228547	1dfb39
486.236599	1dfb39
486.248957	1dfb63
486.263974	1dfb63
486.276270	1dfb39
486.289440	1dfb39
486.298742	1eb605
486.311870	1eb5d5
486.322294	1dfb63
486.328579	1dfb63
486.333828	1dfb39
486.344337	1e379a
486.354239	1dfa98
486.362382	1ebdaf
486.368462	1dfb39
486.375030	1dfb39
486.388701	1dfb39
486.396768	1dfb63
486.407262	1eb65e
486.418206	1eb868
486.429629	1dff1d
486.441185	1dfe86
486.454046	1ce126bdb376
486.465045	1e1a06
486.478369	1e1a06
486.490960	1dfb39
486.500008	1eb5dd
486.507577	1eb864
486.520479	1dfb39
486.527660	1dfb39
486.542431	1ebd9b
486.555698	1e188e
486.563501	1e1a06
486.571556	1dfb39
486.580447	1dfb39
486.592094	1e379a
486.598121	1dfb39
486.608361	1ce126cd7884
486.616699	1dfb39
486.622146	1e1a06
486.630589	1dfb39
486.635826	1e1a06
486.643559	1dfb39
486.650814	1eb558
486.661125	1ce126bdb754
486.667880	1dfb39
486.682678	1dfb41
486.689787	1dfb39
486.700979	1e1a06
486.715268	1dfb39
486.727267	1dfb25
486.733738	1dfb39
486.747033	1eb864
486.755250	1eb860
486.761049	1e1a06
486.768231	1dff91
486.779035	1dfb39
486.788217	1e192b
486.798372	1dfb39
486.808506	1e379a
486.819644	1dfb39
486.832846	1dfb39
486.847946	1dff0b
486.854911	1e1a06
486.863897	1e0ca9
486.874072	1ce126bda9d1
486.885344	1e1484
486.894268	1dfb39
486.901059	1ebd4f
486.908047	1dfb39
486.913493	1ce126cd7884
486.928331	1e1a06
486.938884	1e9260
486.944554	1ce126bdb036
486.954628	1dfb39
486.960478	1dfb63
486.968609	1dfb39
486.977102	1dfb63
486.989998	1dfb39
486.998440	1e1e87
487.006657	1e1a06
487.016007	1e1484
487.030024	1e1a06
487.035953	1e1a06
487.045436	1dfafe
487.057158	1dfb39
487.067071	1e1a06
487.080639	1dfb39
487.095487	1e19bb
487.103348	1dfb63
487.115021	1eb662
487.129681	1dfb20
487.141014	1e1a06
487.153444	1dfb39
487.161911	1e37a1
487.167580	1e1a06
487.180616	1e1a06
487.185906	1e1a06
487.192203	1dfb39
487.199312	1e1a06
487.206643	1dfb63
487.212755	1dfb63
487.218925	1dfb63
487.225997	1dfb63
487.235628	1e1a06
487.241920	1e1a06
487.253995	1e1a06
487.260528	1dfb39
487.275400	1e1a06
487.289004	1eb616
487.304069	1dfb63
487.317119	1dfb39
487.331706	1dfb39
487.341144	1e1a06
487.352326	1e9677
487.367521	1e15b5
487.380466	1ed2fd
487.393134	1e1a06
487.401210	1dfb63
487.411306	1e1599
487.420545	1dfb63
487.428767	1dfb63
487.436754	1dfb63
487.444052	1dfb63
487.451745	1eb605
487.464975	1dfb63
487.476620	1dfb63
487.490383	1dfb63
487.495685	1dfb39
487.507463	1dfb39
487.517731	1eb860
487.528178	1ebda8
487.537784	1ebda8
487.545027	1ebda8
487.558036	1e1423
487.564847	1dfb39
487.574052	1e1a06
487.582435	1ce126bdaabf
487.589183	1e1a06
487.599684	1eb5d5
487.606206	1e1a06
487.619359	1e1a06
487.626391	1e1a06
487.638224	1eb860
487.650881	1dfb39
487.663238	1e1a06
487.674861	1e1a06
487.682872	1dfb39
487.693540	1e1a06
487.707329	1dfb39
487.713306	1e1a06
487.718805	1dfb71
487.726283	1dff1d
487.741356	1e1a06
487.748505	1dfb71
487.754509	1e9686
487.768287	1e1a06
487.783351	1e379a
487.790087	1dfb39
487.800650	1dfe14
487.806703	1e1a06
487.812884	1ce126bdaed2
487.819062	1dfb39
487.824781	1e1a06
487.834137	1e1a06
487.846405	1e93dd
487.858969	1dfb39
487.873352	1dfb63
487.881199	1dfb39
487.888868	1e1a06
487.894837	1e5013
487.902563	1ed876
487.914455	1dfb71
487.927304	1dfb39
487.934314	1e1a06
487.942135	1dfb39
487.953116	1dfb39
487.964104	1dfb63
487.971134	1dfb63
487.985762	1dfb39
487.997712	1eb605
488.010182	1e1484
488.025098	1e1960
488.034579	1dfb39
488.046937	1e1a06
488.056419	1dfb39
488.071067	1e0cad
488.082602	1dfdc8
488.092683	1dfb71
488.104950	1ce126bdb340
488.113795	1dfb63
488.128911	1dfb39
488.137020	1e1a06
488.148961	1eb612
488.157876	1dfb39
488.171723	1e379a
488.182556	1e15b5
488.195731	1e1a06
488.201538	1dfb39
488.210452	1dfb63
488.225278	1e1484
488.232488	1dfdd5
488.246720	1dfb39
488.254952	1ce126bdc168
488.268707	1dfb39
488.276534	1dfb63
488.282956	1eb797
488.291894	1dfb63
488.298059	1e1a06
488.306748	1e504d
488.313737	1e1a06
488.327484	1dfb39
488.340025	1e929d
488.349382	1dfb71
488.357140	1dfb39
488.365198	1dfe14
488.378371	1e1a06
488.390864	1dfb63
488.404267	1dfb39
488.416028	1dfb63
488.428847	1eb55b
488.438106	1dfb63
488.449635	1dfb63
488.455080	1dfb63
488.469198	1ce126bda970
488.482397	1ce126bdae2f
488.490270	1e1484
488.495719	1e15b5
488.507766	1dfb63
488.522470	1dfe97
488.533340	1dfb39
488.548457	1dfb71
488.563137	1e1a06
488.569677	1e1a06
488.584191	1dfb39
488.592940	1e1a06
488.600783	1dfb39
488.613661	1dfb63
488.621614	1e505b
488.630202	1e1a06
488.638848	1dfb63
488.649136	1eb5d5
488.656308	1ebced
488.664735	1dfb63
488.678290	1dfb39
488.685802	1dfb63
488.694818	1dfb63
488.702315	1dfb39
488.710823	1dfb63
488.722844	1dfb63
488.728973	1e379a
488.734319	1dfb63
488.740746	1eb61e
488.750653	1dfb63
488.762949	1dfb39
488.774953	1dfb39
488.780309	1dfb63
488.787660	1eb5d5
488.796309	1dfb63
488.807641	1dfb63
488.818973	1e1622
488.829016	1e1a06
488.835567	1dff65
488.849073	1dfb39
488.858793	1e15b5
488.866907	1dfb39
488.876740	1e1a06
488.884339	1dfb39
488.895738	1dfb39
488.908833	1e1a06
488.914452	1dfb71
488.924309	1eb616
488.936394	1e1a06
488.946969	1e1a06
488.956690	1dfb39
488.965500	1e1a06
488.976465	1eb633
488.981926	1ce126bdaed2
488.992898	1dfb39
488.999087	1e1a06
489.004506	1dfb39
489.013749	1ce126bdaddd
489.025346	1eb605
489.035773	1dfb39
489.044962	1eb6f1
489.057277	1e1a06
489.065821	1dfdd5
489.077560	1e1a06
489.088857	1e1a0b
489.094293	1e19bd
489.102207	1e1a06
489.110100	1e1a06
489.116794	1e1f03
489.128099	1dfb39
489.138330	1e1a06
489.146707	1dfb39
489.156538	1dfb39
489.170815	1dfb63
489.180136	1dfb63
489.187693	1dfb63
489.202773	1dfb63
489.212275	1e15b5
489.219748	1dfb39
489.228562	1eb860
489.234103	1e1a06
489.242393	1dfb39
489.253799	1ea696
489.266521	1e1a06
489.275831	1e1a06
489.286262	1dfb39
489.293238	1dfb63
489.300423	1dfb63
489.315094	1e1a06
489.324620	1dfb39
489.332462	1e1a06
489.343010	1ce126bdb560
489.356931	1dfb39
489.365050	1dfb63
489.374325	1dfb39
489.387832	1dfb39
489.396525	1e1a06
489.409999	1dfb39
489.418508	1e1a06
489.432986	1dfb39
489.442267	1eb5d5
489.454902	1e1eea
489.468813	1dfb39
489.476041	1e1a06
489.482755	1e1a06
489.488881	1e188c
489.500123	1eb6be
489.514160	1dfb39
489.522297	1eb5d5
489.531502	1eb605
489.538884	1e1a06
489.549372	1dfb39
489.557460	1e379a
489.562659	1e3781
489.572920	1dfb39
489.579980	1e1a06
489.585766	1dfb39
489.592460	1dfde4
489.600344	1e1a06
489.611973	1dfb63
489.618997	1dfb63
489.628960	1dfb63
489.640730	1e1a06
489.654231	1dfb39
489.662885	1e1a06
489.668686	1e1a06
489.680863	1dfb39
489.690014	1dfb63
489.695246	1dfb63
489.704446	1dfb39
489.717336	1dfb63
489.728164	1e1a06
489.742443	1dfb39
489.753852	1dfb63
489.764979	1e9712
489.770887	1dfae0
489.777218	1ce126bdae7d
489.786240	1e1484
489.801321	1ce126bdb3a1
489.816056	1dfb63
489.830400	1eb605
489.842040	1dfb63
489.847980	1dfb63
489.860651	1dfb63
489.872697	1eb605
489.879340	1eb605
489.888701	1dfb63
489.894232	1e1a06
489.907028	1e1a0b
489.920998	1ebdaf
489.933082	1ebda8
489.947444	1dfb39
489.955031	1e1a06
489.963333	1dfb39
489.977275	1eb5d5
489.992121	1eb860
490.001832	1e1a06
490.008921	1e1a06
490.017489	1e1a06
490.029684	1dfb39
490.037331	1dfb39
490.046826	1e1a06
490.052086	1e1a06
490.061328	1dfb39
490.067252	1dfb1c
490.080163	1eb85b
490.092787	1eb7f4
490.102014	1e379a
490.113219	1e0cde
490.123587	1dfb39
490.137027	1e1a06
490.150091	1ce126bdae91
490.163155	1ebd68
490.177601	1eb860
490.182927	1e1a06
490.193818	1e1ec9
490.202429	1e1a06
490.207867	1ea591
490.219869	1e1a06
490.226855	1ce126bdaee0
490.238048	1dfdd5
490.249351	1e1e91
490.255689	1ebdaf
490.265462	1dfb63
490.271623	1dfafe
490.278407	1dfde4
490.291571	1dfb39
490.300635	1e1a06
490.311805	1e19a4
490.317083	1dfb39
490.326051	1dfb39
490.340163	1dfb63
490.346649	1dfb63
490.358859	1dfb63
490.365710	1dfb39
490.380872	1ce126bdae2f
490.390216	1dfb39
490.401710	1e1a06
490.414456	1e37c0
490.424997	1e3809
490.436158	1e1a06
490.450584	1e1a06
490.458277	1dff6f
490.472539	1e1a06
490.484417	1e0cc7
490.495431	1dfb39
490.507890	1e1a06
490.516186	1e1a06
490.525476	1dfb39
490.532400	1dfb71
490.540235	1e1a06
490.546687	1e1a06
490.561216	1dfb39
490.570447	1e1a06
490.578414	1e1a06
490.592633	1dfb39
490.607322	1e9646
490.615009	1dfae9
490.622321	1e1a06
490.630684	1dfb39
490.640043	1e1a06
490.653760	1e1a06
490.662415	1dfb39
490.676221	1dfb39
490.682997	1dfb39
490.690104	1ebd2a
490.701113	1dfb63
490.707250	1dfb39
490.718268	1e1964
490.723683	1e1a06
490.731915	1ce126bdada8
490.738611	1e4fd2
490.753612	1e1a06
490.765910	1dfb39
490.779955	1dfb71
490.794735	1dfb39
490.801676	1e1a06
490.807487	1e1a06
490.818828	1dfb39
490.830844	1dfb63
490.843292	1dfb39
490.853044	1dfb63
490.863147	1dfb63
490.870665	1e386c
490.882758	1dfb63
490.897860	1dfb39
490.911008	1dfb63
490.917926	1dfb63
490.927666	1e1a06
490.939964	1dfb39
490.945578	1dfb39
490.951274	1e1a06
490.965190	1e1a06
490.973792	1dfb39
490.986705	1ed835
490.992817	1e9260
491.006206	1e1a06
491.012102	1e1484
491.020429	1dfb39
491.026396	1e1f03
491.035294	1e96fa
491.040630	1dfb39
491.050641	1dfb39
491.064390	1dfb39
491.071696	1dfb39
491.079436	1e03d2
491.085489	1e1a06
491.096609	1e1a06
491.103506	1dfb39
491.113489	1e1a06
491.124256	1dfdd5
491.134942	1dfb39
491.149641	1dfb63
491.160424	1dfb63
491.175278	1eb72b
491.183059	1dfb39
491.190403	1dfb39
491.195800	1dfb63
491.209848	1dfb63
491.215627	1dfb63
491.226240	1dfb39
491.236169	1dfb63
491.244865	1ebd54
491.251498	1dfb39
491.258782	1dfb39
491.270583	1e379a
491.278586	1dfb63
491.283784	1dfb39
491.290797	1dfb63
491.300143	1dfb63
491.311012	1eb674
491.317415	1e1a06
491.324748	1e1484
491.334438	1dfb39
491.343872	1e1a06
491.354301	1dfb71
491.360130	1e1eef
491.371265	1dff95
491.384536	1e1a06
491.394552	1eb562
491.400289	1eb5d5
491.413317	1dfb39
491.420523	1dfb39
491.426543	1e1a06
491.435921	1dfb39
491.445794	1dfb39
491.455505	1e1a06
491.467883	1e1a06
491.479310	1e1a06
491.487706	1e1a06
491.494738	1eb6b1
491.508765	1eb605
491.521930	1e379a
491.533069	1e1ed0
491.547572	1e1a06
491.555297	1e15b5
491.565076	1dfb39
491.571018	1dfb39
491.582897	1e1a06
491.595760	1e1a06
491.603152	1eb87f
491.615461	1e1a06
491.626309	1eb5d5
491.632173	1e379a
491.640426	1e1a06
491.653757	1eb5d5
491.664831	1dfe75
491.679741	1ce126bdad46
491.693302	1dfb63
491.699177	1dfb39
491.712888	1dfb39
491.718132	1dfb63
491.724257	1dfb39
491.738675	1eb5d5
491.746958	1e1a06
491.760574	1e1a06
491.769004	1e1484
491.776767	1dfe14
491.784723	1e1eea
491.793047	1e929d
491.799793	1dfb39
491.809583	1e1e87
491.824713	1eb717
491.832679	1dfb39
491.847579	1dfb39
491.861966	1e1f03
491.876175	1e1f48
491.888066	1e1f03
491.894707	1ce126bdaf07
491.900459	1dfb39
491.911173	1e1a06
491.916655	1ed3cd
491.925618	1dfb63
491.933984	1dfb63
491.942784	1eb53f
491.953072	1ebd4f
491.965983	1dfb63
491.975553	1dfb39
491.980868	1e1a06
491.986395	1e1a06
491.998976	1dfb39
492.012860	1dfde4
492.027358	1eb605
492.041548	1eb79b
492.051406	1e1a06
492.059639	1eaa43
492.065865	1e9d34
492.075803	1dfb71
492.088169	1dfa5b
492.097329	1e1a06
492.107592	1dfb63
492.115574	1dfb63
492.127243	1dfb39
492.134168	1eb5d5
492.139534	1ebda8
492.150766	1ebda8
492.163477	1ebdaf
492.172639	1dfb39
492.179852	1e379a
492.185683	1dfb39
492.190892	1e1a06
492.200004	1dfb71
492.212829	1dfb39
492.226847	1dfb63
492.236846	1dfb63
492.243446	1eb5a0
492.254816	1e1a06
492.263004	202995
492.276242	1dfb39
492.283873	1e1a06
492.295173	1dfb63
492.304310	1ebd8d
492.318319	1dfb39
492.331720	1e379a
492.343031	1e19aa
492.357282	1dfef7
492.364231	1dfb39
492.376567	1e1a06
492.386861	1dfb63
492.393155	1dfb39
492.405142	1ce126bdc0b7
492.417567	1e1a06
492.427792	1e379a
492.441990	1dfb39
492.448083	1dfb63
492.455746	1dfb39
492.461868	1e379a
492.474991	1dfb63
492.480458	1dfb63
492.486891	1dfb39
492.493596	1dfb63
492.502746	1dfb63
492.508694	1dfb63
492.523126	1eb5d5
492.530891	1e199d
492.544670	1e37a0
492.554217	1eb78e
492.568647	1e1a06
492.576259	1e1a06
492.582547	1dfb39
492.587877	1dfb39
492.602673	1e0cdc
492.615132	1e1a06
492.625411	1dfb39
492.636400	1dfb39
492.649736	1e1a06
492.657056	1e1a06
492.671499	1dfb39
492.686035	1dfb39
492.693152	1e1a06
492.703298	1e379a
492.712988	1e1a06
492.723332	1e1a06
492.736102	1dfb63
492.750496	1e379a
492.760066	1dfb39
492.767584	1e1a06
492.773205	1e15b5
492.784201	1e1a06
492.789383	1e1a06
492.801381	1e1a06
492.812307	1e1a06
492.820329	1dfb39
492.829625	1dfb63
492.842518	1e379a
492.848337	1dfb39
492.861748	1dfb39
492.873077	1e1a06
492.885449	1dfb39
492.896636	1e1a06
492.905300	1dfb63
492.914428	1dfb39
492.920278	1dfb63
492.928255	1dfb63
492.935257	1dfb63
492.944451	1e1a06
492.956887	1e1a06
492.969031	1e1a06
492.974786	1dfb39
492.986401	1e1484
492.995548	1e3832
493.004575	1dfebe
493.015528	1dfb39
493.029721	1e1a06
493.041191	1dfb71
493.048503	1e1a06
493.063094	1dfb39
493.071095	1e379a
493.083197	1e1a06
493.095067	1e1a06
493.101378	1e379a
493.107583	1ea84b
493.118320	1dfb39
493.124155	1e1a06
493.131033	1e1a06
493.140719	1e1a06
493.146963	1dfb39
493.156836	1dfb63
493.166494	1dfb63
493.180720	1dfb39
493.190505	1e9260
493.200279	1e15a7
493.209163	1dfb39
493.224077	1dfb39
493.233152	1dfb63
493.244993	1ebd68
493.250995	1dfb39
493.256826	1dfb63
493.267317	1dfb39
493.279059	1e503c
493.291439	1dfb39
493.297210	1dfb39
493.303464	1e1a06
493.316843	1dfb39
493.327318	1dfb39
493.337875	1dfb39
493.351891	1dfb39
493.361311	1dfb63
493.374849	1dfb39
493.380718	1dfb39
493.388616	1ebdb5
493.398400	1eb612
493.404107	1dfb63
493.413929	1e37c0
493.427196	1e9417
493.440905	1e1a06
493.449091	1e1a06
493.455444	1e1a06
493.466101	1ed88f
493.474696	1e1a06
493.486308	1dff24
493.499383	1e1a06
493.510035	1dfb39
493.517300	1ed3cd
493.528737	1dfb39
493.537350	1ce126bdadfa
493.546022	1e1484
493.552828	1e1f37
493.566462	1ce126bdb382
493.576340	1e03f2
493.590614	1e15b5
493.603413	1dfb63
493.618282	1dfb63
493.633364	1eb63b
493.640780	1dfb63
493.649172	1dfb71
493.655870	1dfb39
493.671055	1dfb63
493.679859	1dfb63
493.688110	1dfb39
493.695968	1eb62f
493.708610	1dfb39
493.718775	1dfb39
493.733341	1dfb63
493.746354	1dfb63
493.754135	1dfb63
493.768145	1dfb63
493.777029	1ce126bdae57
493.784050	1e379a
493.791801	1dfb39
493.799126	1e1a06
493.810071	1eb864
493.819590	1e1a06
493.833995	1eb5d5
493.847933	1ce126bdb231
493.854225	1e15b5
493.864855	1e1a06
493.872021	1dfb39
493.880363	1dfb39
493.890939	1e1a06
493.901231	1e1a06
493.915432	1eb605
493.921933	1dfb39
493.934206	1ce126bdc089
493.948171	1ce126bdb870
493.961932	1ce126bdb870
493.973062	1e1a06
493.981507	1e1a06
493.993299	1e379a
494.000131	1e1a06
494.013923	1ebda8
494.023604	1dfb39
494.032951	1e1a06
494.042886	1e1a06
494.055268	1eb5d5
494.063972	1dfb71
494.077282	1e1a06
494.088134	1e1a06
494.093857	1ce126bdb042
494.108901	1dfb39
494.122123	1eb860
494.127735	1e1a06
494.132990	1dfb39
494.144938	1dfb39
494.155919	1ce126bdb870
494.162934	1dfb39
494.175826	1dfb39
494.186774	1dfb39
494.196756	1dfb39
494.205047	1dfb39
494.216062	1eb7cc
494.223993	1dfb39
494.231275	1e1a06
494.243998	1e1a06
494.252117	1ce126bdb870
494.265927	1dfb39
494.274217	1eaa43
494.288195	1dfb39
494.295980	1dfb39
494.307342	1e1a06
494.313539	1dfb39
494.321622	1e1a06
494.328622	1dfb63
494.337786	1dfb63
494.348943	1dfb39
494.358493	1e379a
494.366848	1ed888
494.380789	1dfb39
494.394685	1dfb63
494.400201	1dfb63
494.413357	1dfb63
494.424920	1dfb39
494.433759	1dfb63
494.445511	1ebda8
494.451325	1dfb63
494.462166	1eb864
494.470151	1e37e1
494.482528	1dfb39
494.495971	1e37c3
494.504066	1eb605
494.516716	1eb5d5
494.523392	1dfb39
494.530889	1ce126bdb459
494.538995	1e1a06
494.550046	1eb605
494.561389	1dfb39
494.570122	1dfb39
494.581431	1e1a06
494.589892	1ce126bdc178
494.597588	1e1a06
494.609970	1dfb90
494.618481	1dfb63
494.623777	1dfb63
494.632979	1dfb63
494.644431	1eb5c2
494.651888	1dfb39
494.658920	1ebda8
494.670067	1ebdaf
494.675568	1ebdaf
494.685999	1ebdaf
494.700959	1ce126bdae45
494.712125	1ce126bdb870
494.726417	1dfb39
494.734825	1dfb39
494.749109	1dfb41
494.758870	1dfb39
494.768745	1dfb63
494.773964	1dfb39
494.787131	1dfb39
494.800931	1dfb39
494.807301	1dfb39
494.821263	1dfb39
494.832229	1dfb39
494.842804	1dfb63
494.849541	1dfb63
494.856994	1dfb63
494.867293	1dfb63
494.879007	1dfb39
494.891436	1dfb39
494.900897	1e93dd
494.909395	1dff05
494.922226	1dfb39
494.929821	1dfb39
494.941182	1dfb39
494.956189	1dfb39
494.963485	1ed888
494.978509	1dfb39
494.989431	1e1a06
494.996142	1dfb39
495.003711	1dfb39
495.018838	1eb797
495.025299	1dfb63
495.036862	1dfb39
495.043828	1eb574
495.052765	1dfb63
495.063162	1dfb39
495.076488	1dfb39
495.089326	1dfb63
495.095083	1dfb39
495.107609	1eb5d5
495.119872	1dfb39
495.130753	1e379a
495.144067	1dfa38
495.153151	1dfb39
495.158532	1eb860
495.168827	1eb5d5
495.177707	1e1a06
495.187657	1dfff1
495.199138	1eb59c
495.206251	1ce126bdb870
495.219081	1ce126bdb870
495.227307	1ce126c5197b
495.239780	1e1a06
495.252970	1e1a06
495.261292	1dfb39
495.268397	1dfb39
495.282161	1dfff1
495.289416	1e1a06
495.299928	1dfb39
495.311436	1ce126bdb870
495.322406	1dfb39
495.331265	1e1a06
495.341017	1e1a06
495.356179	1dfb39
495.363418	1dfb39
495.369789	1e1a06
495.375649	1e37a1
495.382245	1dfb63
495.394288	1e379a
495.407245	1eb797
495.420840	1e1a06
495.435739	1e1f37
495.441801	1dfb39
495.456886	1e1a06
495.462556	1dfb71
495.470644	1dfb39
495.484190	1e0072
495.490331	1ce126bdb870
495.502050	1dfff1
495.508307	1eb5a0
495.520707	1dfb39
495.532252	1dfb39
495.544632	1dfb39
495.559579	1e9505
495.569166	1e9302
495.584266	1e1a06
495.593345	1ed2bb
495.599857	1eb79f
495.607284	1dfb39
495.615517	1dfb63
495.623049	1dfb39
495.635324	1dfb63
495.643095	1dfb39
495.655465	1dfb39
495.661527	1dfb39
495.669192	1dfe97
495.675082	1dfff1
495.688290	1e002f
495.697962	1ce126bda20b
495.709270	1eb605
495.718592	1eb5ff
495.727848	1dfb39
495.742659	1e1a06
495.750374	1e1a06
495.760189	1dfb39
495.772680	1e1a06
495.785708	1dfb39
495.794316	1ce126bdb870
495.801522	1dfb63
495.809100	1dfb39
495.814944	1dfb63
495.829771	1ce126bdad30
495.835272	1e1a06
495.846350	1dfb39
495.856063	1ce126bdb036
495.862054	1e3780
495.870216	1dfb39
495.882434	1e9268
495.896837	1dfb39
495.903318	1dfb63
495.910475	1dfb39
495.924261	1e1a06
495.939247	1e1a06
495.953372	1e1484
495.961006	1dfb39
495.974261	1eb86c
495.984239	1dfb39
495.992993	1dfb63
496.008039	1dfb39
496.021139	1dfff1
496.028999	1e0033
496.036565	1dfb39
496.045370	1dfb39
496.053094	1e951d
496.059115	1ce126bdb870
496.073608	1ce126bdb870
496.088418	1e9260
496.094291	1dfff1
496.108821	1e1a06
496.117206	1dfb39
496.131366	1dfdb0
496.137228	1dfb63
496.147767	1eb5ae
496.159302	1dfb63
496.165407	1dfb63
496.176561	1dfb63
496.182698	1ebda8
496.194217	1e3781
496.201497	1dfb39
496.213661	1dfb63
496.228580	1dfff1
496.239599	1e93dd
496.254107	1dfb39
496.265838	1dfb39
496.278477	1e1a06
496.286511	1ed888
496.294971	1dfb39
496.306988	1dfb71
496.316532	1e9260
496.330467	1e1a06
496.340407	1dfb39
496.353769	1e1a06
496.359350	1ed888
496.372385	1ce126bdaad6
496.386069	1dfb63
496.393523	1dfb63
496.405504	1dfb39
496.416097	1e1a06
496.426156	1dfb39
496.437176	1e1a06
496.447602	1dfb63
496.462265	1e37f2
496.469111	1dfdac
496.479641	1dfb63
496.491649	1dfb63
496.501755	1dfb39
496.509838	1dfb63
496.521250	1dfb63
496.529683	1dfb39
496.542223	1dfb63
496.553591	1ebda8
496.563716	1dfb63
496.572998	1dfb39
496.587483	1dfb39
496.594389	1dfb63
496.604025	1dfb63
496.611623	1dfb63
496.619671	1dfb39
496.632680	1dfb63
496.645505	20294d
496.651274	1dfb39
496.658316	1dfff1
496.663650	1dfb39
496.675533	1dfb39
496.685852	1ce126bdc174
496.691915	1dfb39
496.704292	1e1a06
496.716580	1ce126bdb382
496.724061	1dfb39
496.732168	1dfb39
496.741768	1eb605
496.748711	1ce126bda20b
496.757423	1e1a06
496.766177	1ebda8
496.780278	1eb5d5
496.793432	1e379a
496.802993	1e1f37
496.813880	1e1f42
496.828973	1dfb39
496.841292	1e1a06
496.852648	1e1a06
496.861166	1e0038
496.870237	1eb5d5
496.877141	1e1a06
496.882379	1e1a06
496.889362	1dfb39
496.897388	1dfb39
496.906578	1e3786
496.921106	1dfb39
496.935324	1ebdaf
496.942695	1ebda8
496.955872	1ce126bdc174
496.968301	1dfff1
496.976323	1e0038
496.983763	202995
496.998089	1e1a06
497.010761	1dfff1
497.022201	1dfb39
497.033053	1eb5d5
497.041012	1dfb39
497.049200	1eb85b
497.060387	1dfb39
497.066193	1e1a06
497.072965	1e1a06
497.084311	1e15b5
497.092730	1e96f7
497.106798	1e1a06
497.121401	1dfb63
497.128444	1e379a
497.141664	1e3780
497.147423	1e1a06
497.153069	1dfb39
497.163084	1ea58a
497.177412	1ce126bdadfa
497.183601	1e1a06
497.194260	1dfb39
497.208095	1e1a06
497.215743	1ce126bdb870
497.225648	1dfb39
497.237125	1dfb63
497.246834	1dfb39
497.260463	1e1a06
497.272691	1dfb63
497.287680	1e9591
497.294736	1dfb39
497.305874	1dfb63
497.319802	1dfb39
497.329423	1eb5ff
497.336398	1dfb39
497.342744	1ce126bdb3b0
497.353941	1e1a06
497.366517	1dfb39
497.381575	1eb84e
497.387877	1eb605
497.399765	1e0038
497.410328	1ea741
497.421481	1dfb39
497.429450	1dfff1
497.443158	1e1a06
497.458230	1dfb39
497.465059	1dfb63
497.478548	1eb612
497.492332	1e1a06
497.498840	1ebda8
497.513984	1ebdaf
497.528717	1ce126bdb870
497.538714	1ea591
497.552649	1dfde4
497.564956	1e9505
497.578833	1dfb39
497.585737	1dfb63
497.595158	1eb5e5
497.603799	1dfb39
497.618597	1e1484
497.624485	1e1a06
497.637128	1e4fd5
497.651553	1e379a
497.665523	1dfb71
497.671960	1dfb63
497.682008	1dfb63
497.687720	1dfb63
497.698752	1dfb63
497.707082	1e1a06
497.718849	1dfb39
497.728243	1dfff1
497.734018	1e1a06
497.749054	1dfff1
497.763190	1dfb39
497.778343	1e15b5
497.787118	1dfb63
497.794223	1dfb63
497.808071	1e379a
497.814598	1eb605
497.828633	1dfb63
497.835661	1dfb39
497.849094	1dfb39
497.856949	1dfb63
497.864935	1dfb39
497.877445	1dfb39
497.886429	1dfb39
497.893760	1e15b5
497.900471	1dfde4
497.908043	1e1a06
497.916723	1dfff1
497.931857	1eb5d5
497.942924	1dfb39
497.952268	1dfff1
497.964743	1e1f37
497.978363	1e1a06
497.984398	1e1a06
497.996746	1e1a06
498.008413	1e1a06
498.015978	1e1a06
498.027003	1e1a06
498.035283	1ce126bdb870
498.050194	1dfde4
498.060997	1ea58a
498.073469	1e03d9
498.085420	1ce126bdb870
498.094695	1dfb39
498.100087	1e1956
498.111272	1dfb63
498.122006	1dfb63
498.133104	1eb605
498.138715	1dfb39
498.152109	1e1484
498.161609	1ce126bdae22
498.175809	1e1a06
498.186920	1ce126bdb870
498.196080	1e19dc
498.206215	1e1a06
498.220568	1dfb63
498.228234	1dfb39
498.237056	1e93dd
498.246252	1e1a06
498.254609	1ed888
498.269108	1ce126bdaddd
498.275573	1ed88f
498.281699	1dfb39
498.289579	1e1a06
498.303224	1dfb39
498.313557	1dfb39
498.326735	1dfb63
498.340634	1dfb63
498.354133	1eb5d5
498.365464	1ce126bdb870
498.377688	1dfe97
498.386873	1dfb39
498.393007	1dfb39
498.399865	1e1a06
498.412982	1e1a06
498.423071	1dfff1
498.430975	1e1a06
498.439170	1dfb39
498.450367	1e19f5
498.462985	1e0033
498.474937	1dfb39
498.481424	1dfff1
498.491627	1dfb39
498.504011	1eb574
498.512813	1eb605
498.526474	1ce126bdb870
498.537979	1e1f37
498.545741	1e1f37
498.557213	1dfb39
498.567246	1e5032
498.579321	1dfe47
498.585894	1dfb39
498.594743	1dfb63
498.602772	1dfb39
498.612906	1e1a06
498.624891	1dfb39
498.639207	1e1a06
498.653790	1e9445
498.667878	1eb5d5
498.679866	1dfb63
498.690913	1eb605
498.704176	1dfff1
498.719047	1ce126bdb870
498.729885	1dfb39
498.741417	1e9260
498.748319	1dfff1
498.757674	1dfb39
498.764403	1dfb39
498.778073	1e1a06
498.792251	1e1f37
498.799211	1dfb39
498.813216	1dfb63
498.821096	1dfb63
498.835197	1dfb63
498.843366	1ebda8
498.856756	1dfb63
498.867943	1dfb63
498.876083	1dfb63
498.886953	1dfb39
498.897695	1dfb63
498.903279	1e1a06
498.915460	1e9268
498.920853	1e1a06
498.930011	1dfd9b
498.937573	1dfb39
498.951461	1e1484
498.966451	1dfb71
498.973935	1e1a06
498.985966	1ce126bdb870
498.997901	1e1484
499.003968	1ed888
499.012918	1dfb63
499.019474	1e19e5
499.030920	1dfb39
499.037714	1e1622
499.046621	1e4fc5
499.056957	1e1a06
499.062942	1ce126bdb870
499.070855	1dfb39
499.079486	1e002f
499.090757	1e929d
499.098194	1dfb39
499.105503	1dfb63
499.114386	1dfb61
499.128134	1dfb63
499.138814	1dfb63
499.153220	1dfb39
499.166148	1dfb39
499.177390	1dfb39
499.190209	1eb605
499.203598	1dfb63
499.215151	1dfb39
499.226949	1dfb63
499.239125	1dfb39
499.250183	1dfb39
499.264034	1dfb39
499.271010	1eb5a0
499.285832	1dfb10
499.296397	1dfb39
499.304152	1dfb39
499.311000	1ce126bda970
499.325433	1dfb39
499.331999	1ebd8d
499.344974	1e1a06
499.350856	1ba220
499.358643	1ce126bdb231
499.364884	1e0072
499.375572	1e1a06
499.383370	1e1a06
499.398172	1ebda8
499.410764	1e1a06
499.420728	1e1a06
499.427758	1dfb71
499.436511	1dfff1
499.444609	1ce126bdb870
499.451784	1dfb39
499.464542	1e1a06
499.474227	1dfff1
499.486285	1dfb71
499.494180	1dfb39
499.504662	1ce126bdb870
499.512849	1e1a06
499.520343	1eb605
499.527291	1dfcdb
499.535643	1ebda8
499.542415	1ebda8
499.549563	1dfb39
499.563411	1e1a0b
499.578263	1dfb39
499.590685	1e1a06
499.605281	1e1a06
499.617110	1e0072
499.623294	1ce126bdb870
499.636846	1eb616
499.642510	1e0033
499.655706	1dfb39
499.663432	1dfb39
499.673281	1dfb39
499.683144	1ea6a9
499.689010	1e1a06
499.703277	1e1a06
499.709024	1dfb39
499.716539	1dfb39
499.722486	1dfb39
499.734361	1dfb39
499.749473	1eb5d5
499.757678	1dfff1
499.769229	1e03d9
499.781744	1e1616
499.795483	1dfb39
499.809569	1dfb63
499.819767	1e1a06
499.831054	1eb592
499.841971	1dfb63
499.852001	1dfff1
499.861621	202929
499.867178	1dfb39
499.874783	1dfb39
499.885876	1dfb61
499.895508	1dfb39
499.904047	1dfb63
499.909897	1dfb63
499.916387	1dfb63
499.929486	1dfb63
499.937150	1dfb63
499.951605	1dfb39
499.964431	1e1a06
499.970331	1dfff1
499.978669	1e1a06
499.985639	1eb860
499.996633	1e1a06
500.010642	1ce126bdc060
500.020253	1e15b5
500.030423	1ce126bdb870
500.043896	1e1a06
500.054259	1dfb39
500.061135	1ce126bdb870
500.067304	1e1a06
500.080816	1eb549
500.095324	1eb58e
500.109633	1dfb39
500.116198	1e1a06
500.130491	1ebda8
500.139232	1ebdaf
500.146425	1ce126bdaad6
500.157186	1dfb39
500.170905	1dfb39
500.177140	1ce126bdb418
500.185967	1dfff1
500.194646	1ce126bdb238
500.208489	1dfb39
500.223385	1dfb63
500.238274	1ed888
500.253223	1dfff1
500.262502	1ce126bdb870
500.271302	1ed888
500.280072	1ce126bdb04a
500.293498	1e1a06
500.300057	1dfb71
500.313427	1dfb63
500.320506	1dfb39
500.332169	1dfb63
500.340597	1dfb63
500.349305	1e9260
500.363124	1e0038
500.378054	1dfa41
500.389924	1dfb39
500.398353	1ed3e3
500.406594	1e9244
500.418469	1ed888
500.426832	1dfb39
500.434454	1dfb63
500.442184	1ce126bdb376
500.450329	1e9260
500.462036	1dfb39
500.467319	1dfb39
500.480775	1dfb63
500.493211	1dfb63
500.499664	1dfb39
500.510703	1dfb39
500.522624	1dfb63
500.537180	1eb860
500.548341	1dfb39
500.558711	1eb5d5
500.564743	1dfb39
500.570210	1dfb39
500.575549	1eb860
500.587004	1ce126bdb397
500.598467	1e1a06
500.606264	1e1a06
500.614756	1e1a06
500.627005	1dfb39
500.639765	1ceba8
500.647268	1e1a06
500.653260	1eb62f
500.665336	1e1a06
500.671295	1e1a06
500.678442	1dfb39
500.689459	1ce126bdb870
500.695367	1e1a06
500.701147	1e1a06
500.711001	1e1a06
500.719304	1eb5d5
500.729684	1dfb39
500.740454	1dfb71
500.745873	1e1a06
500.757525	1e1a0b
500.765830	1dfb39
500.778732	1e1a06
500.787701	1eb860
500.796499	1dfb71
500.803172	1dfb39
500.813666	1dfff1
500.826750	1dfb39
500.835507	1e1a06
500.844792	1e1a06
500.853613	1dfb71
500.865917	1ed888
500.874891	1ce126bdb870
500.883888	1dfb39
500.891597	1dfb63
500.896935	1dfb63
500.902381	1e379a
500.913201	1dfb39
500.922390	1e1a06
500.933901	1e1a06
500.942177	1dfb39
500.954139	1e1a06
500.967931	1e5032
500.975703	1dfb39
500.989287	1ce126bdadfa
501.000179	1dfb63
501.007847	1dfb63
501.021694	1dfb63
501.033303	1dfb39
501.042833	1e9260
501.052868	1e1f42
501.063118	1dfb39
501.072487	1dfff1
501.079821	1e1a06
501.089393	1dfb63
501.099590	1dfb39
501.109401	1dfb63
501.118429	1dfb39
501.132727	1dfb71
501.139693	1e0033
501.153661	1ce126cd7921
501.165254	1dfb39
501.171101	1eb5d5
501.177246	1e1a06
501.182731	1eb5d5
501.191657	1e1a06
501.203125	1e0089
501.216031	1dfb39
501.229058	1dfb39
501.241729	1dfff1
501.247067	1e1a06
501.252455	1ce126bdc060
501.261475	1e1a06
501.269190	1e1a06
501.284293	1dfb63
501.291445	1ebda8
501.301439	1e1a06
501.312618	1e37f2
501.322926	1ce126bdb870
501.338113	1e1a06
501.352985	1e1a06
501.367548	1ed88f
501.382703	1ce126bdadfa
501.392494	1dfb39
501.405564	1dfb39
501.416836	1e5024
501.425547	1e1a06
501.436605	1dfb39
501.449569	1ed888
501.462270	1dfb39
501.473688	1dfb63
501.488863	1dfb63
501.495897	1dfb63
501.505801	1dfb39
501.517160	1dfb39
501.530667	1e0038
501.543200	1e1a06
501.550321	1ed30d
501.558527	1e379a
501.564615	1dfb39
501.571854	1dfb39
501.583324	1dfb39
501.593813	1ed888
501.608943	1e1f42
501.618743	1dfb39
501.626582	1dfff1
501.633946	1e9497
501.644737	1e1a06
501.658637	1dfb39
501.671136	1dfb63
501.680047	1dfb39
501.688977	1dfb63
501.696298	1dfb63
501.701829	1dfb63
501.716758	1dfb63
501.724044	1eb605
501.736554	1dfb63
501.747284	1dfb63
501.752822	1dfb39
501.762510	1dfb39
501.767784	1dfb39
501.774147	1e929d
501.783691	1e0072
501.791545	1e929d
501.798022	1e1a06
501.811456	1ce126bdaddd
501.820413	1e1a06
501.835291	1e96ec
501.846181	1e9260
501.853970	1e929d
501.866035	1ce126bdb870
501.877556	1ed888
501.886047	1e1a06
501.897766	1dfff1
501.905471	1e9260
501.918159	1dfff1
501.924555	1dfb39
501.929963	1dfb71
501.938434	1dfde4
501.949657	1dfb39
501.964648	1eb702
501.977513	1dfb39
501.989610	1dfb39
502.003835	1dfb39
502.018912	1dfb63
502.032619	1dfb63
502.040946	1dfb63
502.054371	1dfb63
502.060423	1dfb63
502.065803	1dfb63
502.080749	1dfb39
502.091676	1dfb63
502.101706	1dfb39
502.116848	1eb717
502.122082	1dfb63
502.132248	1dfb39
502.139892	1dfb39
502.146843	1dfb63
502.156542	1e0855
502.166899	1e0880
502.172984	1e0880
502.185109	1e0880
502.195002	1e0880
502.205210	1e0855
502.219095	1e0880
502.230526	1e0d39
502.243726	1e0bf9
502.254060	1e0855
502.260625	1e0855
502.275213	1e0855
502.288032	1e0880
502.300458	1e0880
502.308176	1ce126bd97bc
502.317256	1e0855
502.332456	1e0855
502.347457	1e0880
502.361243	1e0880
502.376113	1e0880
502.383299	1e0855
502.392944	1e0880
502.404519	1e0855
502.417888	1e0880
502.426350	1e0855
502.472087	1e0880
502.478184	1e0880
502.485640	1e0880
502.490989	1e0cb9
502.497681	1e0880
502.510818	1e0880
502.524398	1e0855
502.530680	1e0855
502.542902	1e0880
502.557795	1e0880
502.566534	1e0880
502.578431	1e0880
502.592132	1e0855
502.603234	1e0855
502.613970	1e0880
502.619649	1e0880
502.629213	1e0880
502.637293	1e0855
502.644688	1e0855
502.655071	1e0880
502.668311	1e0880
502.678395	1e0880
502.685589	1e0880
502.697141	1e0880
502.705419	1e0cd0
502.717082	1e0855
502.723915	1e0880
502.738662	1e0880
502.753593	1e0855
502.766402	1e0855
502.778481	1e0880
502.792293	1e0880
502.800808	1ce126bd96d2
502.810221	1e0855
502.816896	1e0727
502.829784	1e0cd0
502.841635	1e0880
502.848536	1e0880
502.859801	1e0880
502.868674	1e0855
502.879756	1e0880
502.894912	1e0d5f
502.903610	1e0727
502.913030	1e0cd7
502.920769	1e0880
502.932705	1e0855
502.947572	1e0855
502.957604	1e0cc3
502.965876	1e0855
502.973120	1e0855
502.987676	1e0880
502.999521	1e0880
503.014071	1e0880
503.023299	1e0880
503.031480	1e0880
503.039994	1e0855
503.047432	1e0855
503.056034	1e0855
503.062087	1e0aeb
503.070133	1e0727
503.078457	1e0880
503.084970	1e0880
503.094870	1e0880
503.104639	1e0880
503.112546	1e0855
503.126257	1e0844
503.131531	1e0855
503.146733	1e0880
503.157150	1e0880
503.167885	1e0880
503.176266	1e0880
503.185692	1e0880
503.191088	1e0855
503.203665	1e0a8e
503.211160	1e0855
503.219128	1e0880
503.224513	1e0880
503.235247	1e086b
503.245141	1e0880
503.250866	1e0855
503.262230	1e0880
503.271620	1e0880
503.283496	1e0880
503.295790	1e0727
503.307152	1e0880
503.316528	1e0855
503.323322	1e0880
503.336182	1e0880
503.349739	1e0880
503.361214	1e0880
503.367761	1e0a8e
503.374264	1e0880
503.384307	1e0880
503.391954	1e0880
503.400282	1e0882
503.410657	1e085d
503.421282	1e0a8e
503.431955	1e0880
503.437733	1e0880
503.445101	1e0855
503.451478	1ce126bd9793
503.466476	1e0880
503.480091	1e0855
503.490641	1e0855
503.502122	1e0880
503.557984	1e0882
503.570286	1e0855
503.583245	1e0880
503.596381	1e0855
503.602099	1e0855
503.609152	1ce126bdc413
503.617778	1e0855
503.628540	1e0855
503.637809	1e0855
503.646596	1e0855
503.655762	1e0855
503.662224	1e0880
503.670826	1e0880
503.680929	1e0880
503.686346	1e0880
503.701385	1e0855
503.708784	1e0855
503.722036	1e0880
503.735603	1e0880
503.749397	1e0855
503.755566	1e0882
503.767128	1e0855
503.772636	1e0727
503.778423	1e0880
503.783687	1e0855
503.794965	1e0855
503.801832	1e0855
503.811743	1e0855
503.819856	1e0727
503.834455	1e0855
503.842820	1e0880
503.848889	1e0bf7
503.855325	1e0882
503.862471	1e0880
503.876750	1e0880
503.883474	1ce126bd969e
503.889547	1e0880
503.898889	1e0d5f
503.913676	1e0727
503.922786	1e0880
503.935532	1e0cb0
503.948032	1e0880
503.954833	1e0880
503.968972	1e0880
503.980014	1e0880
503.992422	1e0855
503.998967	1e0880
504.009044	1e0855
504.023151	1e0880
504.034579	1ce126bdc413
504.043033	1e0880
504.049535	1e0855
504.058582	1e0880
504.067446	1e0855
504.082604	1e0880
504.091498	1ce126bd977f
504.101725	1e0880
504.109541	1e0855
504.122343	1e0855
504.132230	1e0855
504.139299	1e0880
504.150434	1e0880
504.165704	1e0855
504.173750	1e0880
504.182815	1ce126bd9660
504.196237	1e0855
504.202914	1e0855
504.210189	1e0880
504.217312	1e0880
504.226336	1e0880
504.235280	1e0855
504.248382	1e0855
504.261776	1e0880
504.273376	1e0880
504.281422	1e0880
504.293407	1e0855
504.300517	1e0880
504.311160	1e0880
504.323469	1e0855
504.333594	1e0880
504.344111	1e0880
504.350142	1e0855
504.362520	1e0880
504.371524	1e0855
504.387159	1e0880
504.398902	1e0855
504.411625	1e0880
504.420945	1e0855
504.431377	1e0880
504.445094	1e0880
504.450507	1e0880
504.456993	1e0855
504.472071	1e0886
504.478601	1e0880
504.489148	1e0880
504.502044	1e0880
504.511208	1e0855
504.519748	1e0880
504.530075	1e0880
504.545147	1e0855
504.555585	1e0855
504.565265	1e0880
504.578847	1e0880
504.591615	1e0880
504.605383	1e0880
504.613892	1e0855
504.628084	1e0880
504.638639	1e0855
504.647513	1e0855
504.694350	1e0880
504.704016	1e0880
504.711369	1e0880
504.723533	1e086e
504.732976	1e0880
504.740792	1e074b
504.754929	1e0880
504.766019	1e0880
504.771877	1e0855
504.783742	1e0880
504.794600	1e0855
504.807910	1e0880
504.819366	1e0880
504.828929	1e0880
504.843090	1e0855
504.851296	1e0880
504.859281	1e0882
504.871910	1e0880
504.885082	1e0880
504.899723	1e0855
504.910821	1e0880
504.925176	1e0855
504.936560	1e0880
504.949936	1e0855
504.959102	1e0855
504.967690	1e0880
504.980458	1e0831
504.994152	1e0880
505.004882	1e0855
505.017606	1e0880
505.032193	1e0880
505.046500	1e0d5f
505.058837	1e0880
505.073522	1e0880
505.087172	1ce126bd968c
505.098298	1e0880
505.106839	1e0880
505.117397	1e0855
505.132280	1e0880
505.139079	1e0880
505.144457	1e0855
505.154009	1e0855
505.167799	1e0855
505.180691	1e0855
505.191365	1e0880
505.199562	1e0855
505.209314	1e0880
505.218290	1e0855
505.229568	1e0880
505.241801	1e0855
505.253136	1e0880
505.266145	1e0880
505.276445	1e0880
505.282357	1e0880
505.294696	1e0880
505.305683	1e0880
505.312004	1e0855
505.323002	1e0cb9
505.336662	1e0855
505.344548	1e0880
505.350384	1e0880
505.360361	1e0880
505.372089	1e0855
505.380085	1e0880
505.394982	1e0880
505.401990	1e0cb0
505.415938	1e0cd0
505.426312	1e0cb9
505.435445	1e0855
505.440765	1e0855
505.448247	1e0880
505.454292	1e0880
505.469342	1ce126bdc3db
505.481931	1e0880
505.489083	1e0855
505.499055	1e0855
505.512513	1e0855
505.521270	1e0855
505.535998	1e0880
505.544543	1e0880
505.558961	1e0855
505.564671	1e0855
505.570529	1e0882
505.577658	1e0844
505.585639	1e0855
505.591336	1e0882
505.605459	1e0855
505.617948	1e0880
505.630560	1e0855
505.643464	1e0880
505.649830	1e0855
505.663410	1e0880
505.673206	1e0880
505.678917	1e0cd0
505.692852	1e0880
505.706879	1e0880
505.764984	1e0727
505.775458	1e0880
505.790488	1e0880
505.797124	1e0882
505.805994	1e0880
505.812263	1e0855
505.821510	1e0880
505.829511	1e0855
505.838220	1e0855
505.852028	1e0855
505.865337	1e0880
505.874824	1e0880
505.880297	1e0880
505.895092	1e0880
505.903619	1e0855
505.914083	1e0880
505.929247	1e0880
505.943840	1e0855
505.958034	1e0855
505.971622	1e0855
505.978082	1e0855
505.983826	1e0880
505.992984	1e0880
506.004664	1e0855
506.014526	1e0855
506.023279	1e0855
506.036166	1e0855
506.048965	1e0855
506.059848	1e0880
506.070601	1e0880
506.075915	1e0880
506.084211	1e0882
506.093245	1e0855
506.103759	1e0880
506.118008	1e0855
506.130731	1e0cbb
506.139619	1e0855
506.151657	1e0855
506.166860	1e0880
506.180562	1e0880
506.194565	1e0855
506.203570	1e0886
506.215956	1e0855
506.222059	1e0cb9
506.229841	1e0855
506.239413	1e0b64
506.249969	1e0727
506.262556	1e0880
506.276403	1e0880
506.282726	1e0880
506.293191	1e0880
506.307471	1e0880
506.316606	1e0880
506.325612	1e0855
506.339636	1e0855
506.349373	1e0880
506.360603	1e0880
506.374755	1e0880
506.387424	1e0880
506.397011	1e0855
506.403111	1e0880
506.414164	1e0880
506.422460	1e0880
506.434096	1e0880
506.445655	1e0855
506.453252	1e0ccc
506.467635	1e0880
506.474862	1e0880
506.489210	1e0855
506.498161	1e0855
506.507809	1e0855
506.520839	1e0727
506.529133	1e0855
506.541172	1e0c13
506.548589	1e0855
506.555349	1e0880
506.569589	1ce126bd96c5
506.575007	1e0bf7
506.582634	1e0880
506.589386	1e07ef
506.604150	1e0855
506.616105	1e0855
506.622703	1e0880
506.630290	1e0880
506.640140	1e0880
506.650838	1e0d5f
506.665346	1e0855
506.672550	1e0880
506.683285	1e0880
506.694072	1e0880
506.703717	1e0880
506.710109	1e0880
506.715849	1e0855
506.723987	1e0880
506.734504	1e0855
506.743577	1e0880
506.755314	1e0880
506.768494	1e0880
506.780883	1e0855
506.786622	1e0855
506.798657	1e0880
506.805628	1e0880
506.815775	1e0880
506.830644	1e0855
506.840977	1e0d5f
506.846323	1e0855
506.853017	1e0d5f
506.861244	1e0880
506.870224	1e0880
506.881619	1e0880
506.888978	1e0855
506.895736	1e0880
506.906870	1ce126bd966d
506.922060	1e0880
506.936312	1e0855
506.946824	1ce126bd967e
506.953558	1e06e0
506.959284	1e0880
506.964510	1e0bf7
506.979097	1e0880
506.992462	1e0a8e
506.998946	1e0cd0
507.014020	1e0855
507.020695	1e0880
507.034149	1e0855
507.044547	1e0855
507.052777	1e0880
507.061380	1e0880
507.075317	1e0880
507.081861	1e0cd0
507.094593	1e0880
507.106115	1e0880
507.116986	1e0855
507.126002	1e0855
507.139224	1e0880
507.153916	1e0880
507.159728	1e0880
507.168018	1e0880
507.178611	1e0855
507.188949	1e0880
507.202078	1f25fd
507.210530	1ce126bd96ff
507.222814	1e0855
507.233886	1e0880
507.241880	1e0855
507.250695	1e0880
507.260385	1e0cd0
507.268844	1e0727
507.274609	1e0880
507.281801	1e0882
507.291826	1e0880
507.304732	1e0855
507.310147	1e0855
507.318477	1e0880
507.332726	1e0855
507.340410	1e0882
507.349637	1e0855
507.359524	1e0855
507.369970	1e0882
507.379074	1e0855
507.393947	1e0880
507.408605	1e0882
507.419692	1e0880
507.426042	1e0880
507.431655	1e0880
507.443514	1e0880
507.452086	1e0880
507.457665	1e0855
507.469575	1e0855
507.482946	1e0880
507.489372	1e0855
507.501556	1e0727
507.508285	1e0855
507.520720	1e06ef
507.529964	1e0880
507.536887	1e0855
507.542106	1ce126bd96e6
507.550281	1e0880
507.563033	1e0880
507.575156	1e0855
507.581665	1e0855
507.595084	1e0880
507.608365	1e0bf7
507.623268	1e0880
507.631701	1e0855
507.637430	1e0880
507.643044	1e0880
507.656400	1e0855
507.667214	1e0880
507.677189	1e0855
507.689534	1e0880
507.703272	1e0855
507.713970	1f25ef
507.719255	1e0880
507.734274	1e0cb9
507.745901	1e0880
507.758316	1e0855
507.772970	1e0855
507.781762	1e0880
507.796078	1e0880
507.809209	1e0855
507.822321	1e0b5f
507.829253	1e0727
507.842176	1ce126bdc3ad
507.849225	1e0855
507.859581	1e0882
507.865104	1f2614
507.875321	1e087b
507.887569	1ce126bd9762
507.900412	1e0855
507.912989	1e0880
507.927658	1e0855
507.941340	1e0855
507.952969	1e0855
507.960145	1e0727
507.968653	1e0cd0
507.982014	1e0855
507.989594	1e0880
507.997749	1e0727
508.003159	1e0880
508.011332	1e0880
508.018154	1e0d5f
508.032448	1e0bf7
508.041399	1e0880
508.051821	1e0727
508.063592	1e0880
508.076463	1e0880
508.087688	1e0880
508.102787	1e0880
508.111914	1e0cd0
508.125899	1e0cb9
508.140404	1e0880
508.152665	1e0880
508.162314	1e0bba
508.176373	1e0880
508.185016	1e0855
508.191736	1e0c26
508.199828	1e0855
508.206279	1e0880
508.221087	1e0880
508.228530	1e0855
508.242875	1e0880
508.255990	1e0880
508.266901	1e0880
508.276020	1e0d39
508.282646	1e0855
508.292255	1e0880
508.305317	1e0880
508.315335	1e0cb9
508.325319	1e0880
508.337762	1e0880
508.343161	1e0855
508.353564	1e0880
508.363147	1e0880
508.370592	1e0855
508.380496	1e0855
508.391906	1e0880
508.407096	1e0880
508.414483	1e0855
508.419797	1e0855
508.426152	1e0880
508.441099	1e0855
508.455784	1e07c3
508.469253	1e0855
508.475673	1e0880
508.483907	1e0cd0
508.489809	1e0855
508.504250	1e0880
508.512403	1e0880
508.521990	1e0880
508.532061	1e0855
508.540017	1e0855
508.548259	1e0bf9
508.555480	1e0880
508.564893	1e0880
508.574967	1e0880
508.583524	1e0855
508.596302	1e0855
508.604963	1e0880
508.611829	1e0855
508.617119	1e0855
508.624687	1e0880
508.639800	1e0855
508.646356	1e0880
508.656295	1e0880
508.662083	1e0855
508.671202	1e0880
508.684499	1e0880
508.695367	1e0855
508.703314	1e0880
508.710217	1e0880
508.720368	1e0880
508.729430	1e0880
508.740553	1e0880
508.752234	1e0855
508.760530	1e0880
508.768839	1e0855
508.777011	1e0855
508.786063	1e0880
508.791327	1e0880
508.798234	1e0880
508.809603	1e0880
508.818558	1ce126bd968c
508.830648	1e0855
508.837056	1f2614
508.848172	1e0880
508.863065	1e0880
508.870534	1e0880
508.882451	1e0880
508.887730	1e0855
508.902283	1ce126bdc3db
508.911655	1e0855
508.924307	1e0880
508.934165	1e0855
508.941048	1e0880
508.947781	1e0855
508.957004	1e0880
508.970780	1e0880
508.978466	1e0855
508.991149	1e0855
509.006014	1e0880
509.012509	1e0880
509.024399	1e07d7
509.030302	1ce126bd97c4
509.040792	1e081b
509.052087	1e0cb9
509.060342	1e0880
509.073856	1e0880
509.086658	1e0855
509.099430	1e0880
509.106014	1e0880
509.115478	1e0880
509.125762	1e0880
509.131262	1e0855
509.138464	1e0855
509.153395	1e0855
509.165861	1e0880
509.176720	1e0880
509.184823	1e0880
509.197026	1e0855
509.209806	1e0855
509.219467	1e0855
509.226651	1e0855
509.239496	1e0882
509.253332	1e0855
509.265870	1e0880
509.274121	1e0bba
509.285131	1e0880
509.295211	1e0855
509.304860	1e0880
509.316976	1e0855
509.323738	1e0880
509.336388	1e0855
509.343386	1e0880
509.353028	1e0880
509.366298	1e0855
509.379242	1e0880
509.385356	1e0855
509.395856	1e0880
509.402425	1e0727
509.413289	1e0880
509.424790	1e0855
509.438038	1e0855
509.450912	1e0880
509.458724	1e0d5f
509.472083	1e0855
509.477980	1e0880
509.483280	1e0880
509.496671	1e0855
509.505730	1e0727
509.512567	1e0855
509.520348	1e0880
509.534298	1e0855
509.539517	1e0880
509.550844	1e0880
509.560351	1e0880
509.570403	1e0855
509.577456	1e0880
509.582892	1e0880
509.590780	1e0880
509.596867	1e0855
509.606251	1e0880
509.617198	1e0880
509.629605	1e0855
509.644383	1e0880
509.658762	1e0727
509.670686	1e0855
509.680429	1e0880
509.689955	1e0880
509.696558	1e0880
509.711005	1e0855
509.720192	1e0855
509.727682	1e0880
509.736920	1e0855
509.746177	1e0855
509.759132	1e0880
509.772953	1e0880
509.783775	1e0880
509.791150	1e0880
509.802495	1e0855
509.812196	1e0cbe
509.826862	1e0880
509.834816	1e0855
509.846522	1e0855
509.858498	1e0855
509.870891	1e0880
509.884205	1e0880
509.890200	1e0855
509.898722	1e0880
509.908865	1e0855
509.914966	1e0880
509.922918	1e0880
509.931004	1e0855
