seconds	bits	phase_digits	measured_digits	nested_operations	retained_nodes	peak_nodes	shots_started	shots_finished
0.013794	200	204	0	6	3021	3021	1	0
0.023998	200	204	0	273	3021	3021	1	0
0.035909	200	204	0	545	3021	3021	1	0
0.044125	200	204	0	645	3021	3021	1	0
0.054756	200	204	0	704	3021	3021	1	0
0.060996	200	204	0	744	3021	3021	1	0
0.068165	200	204	0	1025	3021	3021	1	0
0.078235	200	204	0	1210	3021	3021	1	0
0.091241	200	204	0	1368	3021	3021	1	0
0.104062	200	204	0	1400	12026	12026	1	0
0.118268	200	204	0	1400	12026	12026	1	0
0.130121	200	204	1	1408	12026	12026	1	0
0.145121	200	204	1	1416	12034	12034	1	0
0.156623	200	204	1	1424	12034	12034	1	0
0.169772	200	204	1	1426	12034	12034	1	0
0.177012	200	204	1	1431	12034	12034	1	0
0.182198	200	204	1	1432	12034	12034	1	0
0.190044	200	204	1	1432	12034	12034	1	0
0.195597	200	204	1	1433	12032	12034	1	0
0.203911	200	204	1	1437	12032	12034	1	0
0.214788	200	204	1	1440	12032	12034	1	0
0.229359	200	204	1	1442	12028	12034	1	0
0.237701	200	204	1	1445	12028	12034	1	0
0.247234	200	204	1	1448	12028	12034	1	0
0.252904	200	204	1	1448	12028	12034	1	0
0.263179	200	204	1	1448	12028	12034	1	0
0.270467	200	204	1	1450	12028	12034	1	0
0.276425	200	204	1	1466	12028	12034	1	0
0.290847	200	204	1	1662	12028	12034	1	0
0.305289	200	204	1	1746	12028	12034	1	0
0.320219	200	204	1	1816	12028	12034	1	0
0.329821	200	204	1	1856	12028	12034	1	0
0.338293	200	204	1	1888	12028	12034	1	0
0.348274	200	204	1	1920	12028	12034	1	0
0.354983	200	204	1	1941	12028	12034	1	0
0.366776	200	204	1	1976	12028	12034	1	0
0.381834	200	204	1	2019	12028	12034	1	0
0.394130	200	204	1	2048	12028	12034	1	0
0.401468	200	204	1	2056	12028	12034	1	0
0.412323	200	204	1	2064	12024	12034	1	0
0.423170	200	204	1	2068	12030	12034	1	0
0.437289	200	204	1	2072	12030	12034	1	0
0.447743	200	204	1	2078	12030	12034	1	0
0.461562	200	204	1	2080	12030	12034	1	0
0.473431	200	204	1	2085	12030	12034	1	0
0.485733	200	204	1	2088	12030	12034	1	0
0.499844	200	204	1	2090	12024	12034	1	0
0.511370	200	204	1	2095	12024	12034	1	0
0.517125	200	204	1	2096	12024	12034	1	0
0.529132	200	204	1	2096	12024	12034	1	0
0.541284	200	204	1	2100	12030	12034	1	0
0.554818	200	204	1	2104	12030	12034	1	0
0.567387	200	204	1	2111	12026	12034	1	0
0.575985	200	204	1	2112	12027	12034	1	0
0.583896	200	204	1	2118	12027	12034	1	0
0.596551	200	204	1	2120	12024	12034	1	0
0.609887	200	204	1	2128	12024	12034	1	0
0.616483	200	204	1	2128	12024	12034	1	0
0.622936	200	204	1	2129	12025	12034	1	0
0.632430	200	204	1	2134	12025	12034	1	0
0.642305	200	204	1	2136	12025	12034	1	0
0.648980	200	204	1	2136	12029	12034	1	0
0.660096	200	204	1	2141	12029	12034	1	0
0.672608	200	204	1	2144	12029	12034	1	0
0.685871	200	204	1	2144	12023	12034	1	0
0.694927	200	204	1	2147	12023	12034	1	0
0.706037	200	204	1	2152	12023	12034	1	0
0.713918	200	204	1	2152	12023	12034	1	0
0.725014	200	204	1	2259	12026	12034	1	0
0.730727	200	204	1	2322	12026	12034	1	0
0.742028	200	204	1	2409	12026	12034	1	0
0.748276	200	204	1	2445	12026	12034	1	0
0.753885	200	204	1	2472	12026	12034	1	0
0.768930	200	204	1	2536	12026	12034	1	0
0.782464	200	204	1	2583	12026	12034	1	0
0.789599	200	204	1	2605	12026	12034	1	0
0.798679	200	204	1	2632	12026	12034	1	0
0.810777	200	204	1	2664	12026	12034	1	0
0.823587	200	204	1	2700	12026	12034	1	0
0.837079	200	204	1	2729	12026	12034	1	0
0.850147	200	204	1	2757	12030	12034	1	0
0.865179	200	204	1	2766	12027	12034	1	0
0.871312	200	204	1	2768	12027	12034	1	0
0.882726	200	204	1	2773	12026	12034	1	0
0.888782	200	204	1	2776	12026	12034	1	0
0.893974	200	204	1	2776	12026	12034	1	0
0.903201	200	204	1	2779	12028	12034	1	0
0.915101	200	204	1	2784	12028	12034	1	0
0.922128	200	204	1	2784	12028	12034	1	0
0.935610	200	204	1	2787	12028	12034	1	0
0.945304	200	204	1	2791	12028	12034	1	0
0.959291	200	204	1	2792	12028	12034	1	0
0.968172	200	204	1	2792	12030	12034	1	0
0.977371	200	204	1	2796	12030	12034	1	0
0.984598	200	204	1	2799	12030	12034	1	0
0.996062	200	204	1	2800	12030	12034	1	0
1.003406	200	204	1	2800	12030	12034	1	0
1.011983	200	204	1	2800	12020	12034	1	0
1.021170	200	204	1	2800	12020	12034	1	0
1.026856	200	204	1	2800	47856	47856	1	0
1.041739	200	204	1	2800	47856	47856	1	0
1.049536	200	204	1	2800	47856	47856	1	0
1.061849	200	204	1	2800	47856	47856	1	0
1.072198	200	204	1	2800	47856	47856	1	0
1.078642	200	204	1	2800	47856	47856	1	0
1.084068	200	204	1	2800	47856	47856	1	0
1.094068	200	204	1	2800	47856	47856	1	0
1.104371	200	204	1	2800	47856	47856	1	0
1.110078	200	204	1	2800	47856	47856	1	0
1.116824	200	204	1	2800	47856	47856	1	0
1.129488	200	204	1	2800	47856	47856	1	0
1.135459	200	204	1	2800	47856	47856	1	0
1.144497	200	204	1	2800	47856	47856	1	0
1.157840	200	204	2	2800	9572	47856	1	0
1.170130	200	204	2	2802	47856	47856	1	0
1.177167	200	204	2	2805	47856	47856	1	0
1.191168	200	204	2	2808	47856	47856	1	0
1.204560	200	204	2	2808	47856	47856	1	0
1.219408	200	204	2	2808	47856	47856	1	0
1.226104	200	204	2	2809	47918	47918	1	0
1.233565	200	204	2	2810	47918	47918	1	0
1.248023	200	204	2	2813	47918	47918	1	0
1.257640	200	204	2	2814	47918	47918	1	0
1.271526	200	204	2	2816	47918	47918	1	0
1.282352	200	204	2	2816	47918	47918	1	0
1.295424	200	204	2	2816	47918	47918	1	0
1.303457	200	204	2	2816	47918	47918	1	0
1.308932	200	204	2	2816	47918	47918	1	0
1.322431	200	204	2	2816	47920	47920	1	0
1.337199	200	204	2	2817	47920	47920	1	0
1.348776	200	204	2	2819	47920	47920	1	0
1.362706	200	204	2	2820	47920	47920	1	0
1.369599	200	204	2	2821	47920	47920	1	0
1.380774	200	204	2	2822	47920	47920	1	0
1.392497	200	204	2	2823	47920	47920	1	0
1.401587	200	204	2	2823	47920	47920	1	0
1.408415	200	204	2	2823	47920	47920	1	0
1.421114	200	204	2	2824	47920	47920	1	0
1.429096	200	204	2	2824	47920	47920	1	0
1.439930	200	204	2	2824	47920	47920	1	0
1.454742	200	204	2	2824	47920	47920	1	0
1.467690	200	204	2	2824	47920	47920	1	0
1.474494	200	204	2	2824	47920	47920	1	0
1.480949	200	204	2	2824	47920	47920	1	0
1.496147	200	204	2	2824	47920	47920	1	0
1.510881	200	204	2	2824	47920	47920	1	0
1.520568	200	204	2	2824	47920	47920	1	0
1.529418	200	204	2	2824	47920	47920	1	0
1.537402	200	204	2	2824	47920	47920	1	0
1.547119	200	204	2	2825	47922	47922	1	0
1.554476	200	204	2	2825	47922	47922	1	0
1.566849	200	204	2	2827	47922	47922	1	0
1.579256	200	204	2	2828	47922	47922	1	0
1.593536	200	204	2	2829	47922	47922	1	0
1.603525	200	204	2	2830	47922	47922	1	0
1.615917	200	204	2	2831	47922	47922	1	0
1.630733	200	204	2	2831	47922	47922	1	0
1.638159	200	204	2	2832	47922	47922	1	0
1.644423	200	204	2	2832	47922	47922	1	0
1.655395	200	204	2	2832	47922	47922	1	0
1.667463	200	204	2	2832	47922	47922	1	0
1.682615	200	204	2	2832	47922	47922	1	0
1.694152	200	204	2	2832	47922	47922	1	0
1.706551	200	204	2	2832	47922	47922	1	0
1.718524	200	204	2	2832	47922	47922	1	0
1.728835	200	204	2	2832	47922	47922	1	0
1.734614	200	204	2	2832	47922	47922	1	0
1.740574	200	204	2	2832	47922	47922	1	0
1.747706	200	204	2	2832	47922	47922	1	0
1.762235	200	204	2	2832	47926	47926	1	0
1.776275	200	204	2	2832	47926	47926	1	0
1.783186	200	204	2	2833	47926	47926	1	0
1.790777	200	204	2	2833	47926	47926	1	0
1.801266	200	204	2	2834	47926	47926	1	0
1.814526	200	204	2	2835	47926	47926	1	0
1.827654	200	204	2	2836	47926	47926	1	0
1.835666	200	204	2	2836	47926	47926	1	0
1.846996	200	204	2	2837	47926	47926	1	0
1.859468	200	204	2	2838	47926	47926	1	0
1.864949	200	204	2	2838	47926	47926	1	0
1.877238	200	204	2	2839	47926	47926	1	0
1.884121	200	204	2	2839	47926	47926	1	0
1.898254	200	204	2	2840	47926	47926	1	0
1.905125	200	204	2	2840	47926	47926	1	0
1.917114	200	204	2	2840	47926	47926	1	0
1.923620	200	204	2	2840	47926	47926	1	0
1.928983	200	204	2	2840	47926	47926	1	0
1.943435	200	204	2	2840	47926	47926	1	0
1.953283	200	204	2	2840	47926	47926	1	0
1.961234	200	204	2	2840	47926	47926	1	0
1.967434	200	204	2	2840	47926	47926	1	0
1.974462	200	204	2	2840	47926	47926	1	0
1.987344	200	204	2	2840	47926	47926	1	0
2.001998	200	204	2	2840	47926	47926	1	0
2.008279	200	204	2	2840	47926	47926	1	0
2.020561	200	204	2	2840	47926	47926	1	0
2.032317	200	204	2	2840	47926	47926	1	0
2.041456	200	204	2	2840	47926	47926	1	0
2.056538	200	204	2	2840	47926	47926	1	0
2.063963	200	204	2	2840	47926	47926	1	0
2.072909	200	204	2	2840	47926	47926	1	0
2.082611	200	204	2	2840	47910	47926	1	0
2.089727	200	204	2	2841	47910	47926	1	0
2.097760	200	204	2	2841	47910	47926	1	0
2.103133	200	204	2	2841	47910	47926	1	0
2.110889	200	204	2	2842	47910	47926	1	0
2.118734	200	204	2	2842	47910	47926	1	0
2.131595	200	204	2	2843	47910	47926	1	0
2.140560	200	204	2	2844	47910	47926	1	0
2.150083	200	204	2	2844	47910	47926	1	0
2.157359	200	204	2	2845	47910	47926	1	0
2.163253	200	204	2	2845	47910	47926	1	0
2.170478	200	204	2	2845	47910	47926	1	0
2.176892	200	204	2	2846	47910	47926	1	0
2.184174	200	204	2	2846	47910	47926	1	0
2.191515	200	204	2	2847	47910	47926	1	0
2.203757	200	204	2	2847	47910	47926	1	0
2.214348	200	204	2	2848	47910	47926	1	0
2.223885	200	204	2	2848	47910	47926	1	0
2.234553	200	204	2	2848	47910	47926	1	0
2.246901	200	204	2	2848	47910	47926	1	0
2.259599	200	204	2	2848	47910	47926	1	0
2.268810	200	204	2	2848	47910	47926	1	0
2.280198	200	204	2	2848	47910	47926	1	0
2.290685	200	204	2	2848	47910	47926	1	0
2.297747	200	204	2	2848	47910	47926	1	0
2.303107	200	204	2	2848	47910	47926	1	0
2.315717	200	204	2	2848	47910	47926	1	0
2.330045	200	204	2	2848	47910	47926	1	0
2.340147	200	204	2	2848	47910	47926	1	0
2.354058	200	204	2	2848	47910	47926	1	0
2.366448	200	204	2	2848	47910	47926	1	0
2.376766	200	204	2	2848	47910	47926	1	0
2.389491	200	204	2	2848	47910	47926	1	0
2.398635	200	204	2	2848	47910	47926	1	0
2.407740	200	204	2	2848	47920	47926	1	0
2.415246	200	204	2	2848	47920	47926	1	0
2.425277	200	204	2	2848	47920	47926	1	0
2.434899	200	204	2	2848	47920	47926	1	0
2.445636	200	204	2	2849	47920	47926	1	0
2.457770	200	204	2	2849	47920	47926	1	0
2.471621	200	204	2	2850	47920	47926	1	0
2.479188	200	204	2	2850	47920	47926	1	0
2.487938	200	204	2	2856	47920	47926	1	0
2.495381	200	204	2	2856	47920	47926	1	0
2.508066	200	204	2	2856	47920	47926	1	0
2.515242	200	204	2	2856	47920	47926	1	0
2.522617	200	204	2	2858	47922	47926	1	0
2.535462	200	204	2	2888	47926	47926	1	0
2.540930	200	204	2	2921	47926	47926	1	0
2.554262	200	204	2	2964	47926	47926	1	0
2.566195	200	204	2	2992	47926	47926	1	0
2.573663	200	204	2	3007	47926	47926	1	0
2.583647	200	204	2	3022	47926	47926	1	0
2.589977	200	204	2	3032	47926	47926	1	0
2.598190	200	204	2	3041	47926	47926	1	0
2.606110	200	204	2	3051	47926	47926	1	0
2.620614	200	204	2	3067	47926	47926	1	0
2.626695	200	204	2	3072	47926	47926	1	0
2.637033	200	204	2	3081	47926	47926	1	0
2.648506	200	204	2	3093	47926	47926	1	0
2.660569	200	204	2	3104	47926	47926	1	0
2.671288	200	204	2	3112	47926	47926	1	0
2.681346	200	204	2	3120	47926	47926	1	0
2.688327	200	204	2	3124	47926	47926	1	0
2.703136	200	204	2	3136	47926	47926	1	0
2.712273	200	204	2	3142	47926	47926	1	0
2.723274	200	204	2	3149	47926	47926	1	0
2.733774	200	204	2	3153	47926	47926	1	0
2.745422	200	204	2	3161	47926	47926	1	0
2.757739	200	204	2	3170	47926	47926	1	0
2.769536	200	204	2	3176	47926	47926	1	0
2.784046	200	204	2	3184	47926	47926	1	0
2.798083	200	204	2	3192	47926	47926	1	0
2.810869	200	204	2	3197	47926	47926	1	0
2.824644	200	204	2	3204	47926	47926	1	0
2.836164	200	204	2	3208	47926	47926	1	0
2.844464	200	204	2	3215	47926	47926	1	0
2.859042	200	204	2	3222	47926	47926	1	0
2.869979	200	204	2	3225	47926	47926	1	0
2.881318	200	204	2	3232	47926	47926	1	0
2.890949	200	204	2	3237	47926	47926	1	0
2.897038	200	204	2	3240	47926	47926	1	0
2.908271	200	204	2	3248	47926	47926	1	0
2.914861	200	204	2	3248	47926	47926	1	0
2.923722	200	204	2	3255	47926	47926	1	0
2.934941	200	204	2	3258	47926	47926	1	0
2.941468	200	204	2	3263	47926	47926	1	0
2.947329	200	204	2	3264	47926	47926	1	0
2.952887	200	204	2	3265	47926	47926	1	0
2.963437	200	204	2	3272	47926	47926	1	0
2.971881	200	204	2	3273	47926	47926	1	0
2.979279	200	204	2	3278	47926	47926	1	0
2.986401	200	204	2	3280	47926	47926	1	0
2.997796	200	204	2	3285	47926	47926	1	0
3.007223	200	204	2	3289	47926	47926	1	0
3.022390	200	204	2	3296	47926	47926	1	0
3.031844	200	204	2	3298	47926	47926	1	0
3.038192	200	204	2	3304	47926	47926	1	0
3.046743	200	204	2	3304	47926	47926	1	0
3.061442	200	204	2	3312	47926	47926	1	0
3.069332	200	204	2	3313	47926	47926	1	0
3.080480	200	204	2	3320	47926	47926	1	0
3.091715	200	204	2	3322	47926	47926	1	0
3.104055	200	204	2	3328	47926	47926	1	0
3.112394	200	204	2	3331	47926	47926	1	0
3.121152	200	204	2	3336	47926	47926	1	0
3.135072	200	204	2	3341	47926	47926	1	0
3.142051	200	204	2	3344	47926	47926	1	0
3.150347	200	204	2	3345	47926	47926	1	0
3.159168	200	204	2	3352	47926	47926	1	0
3.166468	200	204	2	3352	47926	47926	1	0
3.178488	200	204	2	3359	47926	47926	1	0
3.184131	200	204	2	3360	47926	47926	1	0
3.194446	200	204	2	3363	47926	47926	1	0
3.203326	200	204	2	3368	47926	47926	1	0
3.213617	200	204	2	3369	47926	47926	1	0
3.218951	200	204	2	3373	47926	47926	1	0
3.233087	200	204	2	3376	47926	47926	1	0
3.245629	200	204	2	3384	47926	47926	1	0
3.253931	200	204	2	3384	47926	47926	1	0
3.265458	200	204	2	3389	47926	47926	1	0
3.279365	200	204	2	3392	47926	47926	1	0
3.291914	200	204	2	3400	47926	47926	1	0
3.306596	200	204	2	3403	47926	47926	1	0
3.319882	200	204	2	3408	47926	47926	1	0
3.332134	200	204	2	3412	47926	47926	1	0
3.340994	200	204	2	3416	47926	47926	1	0
3.347564	200	204	2	3417	47926	47926	1	0
3.361089	200	204	2	3424	47926	47926	1	0
3.368497	200	204	2	3425	47926	47926	1	0
3.375304	200	204	2	3430	47926	47926	1	0
3.384450	200	204	2	3432	47926	47926	1	0
3.394413	200	204	2	3436	47926	47926	1	0
3.402436	200	204	2	3440	47926	47926	1	0
3.412644	200	204	2	3440	47926	47926	1	0
3.425950	200	204	2	3448	47926	47926	1	0
3.439453	200	204	2	3451	47926	47926	1	0
3.451232	200	204	2	3454	47926	47926	1	0
3.460646	200	204	2	3456	47926	47926	1	0
3.469532	200	204	2	3456	47926	47926	1	0
3.475888	200	204	2	3456	47926	47926	1	0
3.490523	200	204	2	3456	47924	47926	1	0
3.504778	200	204	2	3458	47924	47926	1	0
3.518881	200	204	2	3461	47924	47926	1	0
3.527836	200	204	2	3462	47924	47926	1	0
3.534173	200	204	2	3463	47924	47926	1	0
3.540646	200	204	2	3464	47924	47926	1	0
3.550696	200	204	2	3464	47924	47926	1	0
3.565765	200	204	2	3464	47924	47926	1	0
3.571626	200	204	2	3464	47924	47926	1	0
3.583247	200	204	2	3464	47924	47926	1	0
3.590380	200	204	2	3464	47924	47926	1	0
3.598284	200	204	2	3464	47912	47926	1	0
3.609752	200	204	2	3464	47912	47926	1	0
3.617888	200	204	2	3465	47912	47926	1	0
3.630370	200	204	2	3467	47912	47926	1	0
3.640354	200	204	2	3468	47912	47926	1	0
3.649745	200	204	2	3469	47912	47926	1	0
3.663789	200	204	2	3471	47912	47926	1	0
3.671375	200	204	2	3472	47912	47926	1	0
3.686255	200	204	2	3472	47912	47926	1	0
3.698177	200	204	2	3472	47912	47926	1	0
3.711655	200	204	2	3472	47912	47926	1	0
3.718502	200	204	2	3472	47912	47926	1	0
3.729450	200	204	2	3472	47912	47926	1	0
3.743788	200	204	2	3472	47912	47926	1	0
3.757387	200	204	2	3472	47934	47934	1	0
3.772510	200	204	2	3473	47934	47934	1	0
3.778090	200	204	2	3474	47934	47934	1	0
3.785671	200	204	2	3474	47934	47934	1	0
3.796455	200	204	2	3475	47934	47934	1	0
3.809858	200	204	2	3476	47934	47934	1	0
3.815503	200	204	2	3477	47934	47934	1	0
3.826803	200	204	2	3478	47934	47934	1	0
3.838447	200	204	2	3479	47934	47934	1	0
3.846921	200	204	2	3479	47934	47934	1	0
3.861542	200	204	2	3480	47934	47934	1	0
3.868602	200	204	2	3480	47934	47934	1	0
3.873859	200	204	2	3480	47934	47934	1	0
3.883500	200	204	2	3480	47934	47934	1	0
3.890881	200	204	2	3480	47934	47934	1	0
3.903672	200	204	2	3480	47934	47934	1	0
3.914608	200	204	2	3480	47934	47934	1	0
3.923775	200	204	2	3480	47934	47934	1	0
3.935170	200	204	2	3480	47934	47934	1	0
3.944963	200	204	2	3480	47934	47934	1	0
3.957552	200	204	2	3480	47924	47934	1	0
3.965313	200	204	2	3480	47924	47934	1	0
3.977561	200	204	2	3481	47924	47934	1	0
3.991466	200	204	2	3482	47924	47934	1	0
4.004724	200	204	2	3483	47924	47934	1	0
4.014461	200	204	2	3483	47924	47934	1	0
4.021777	200	204	2	3484	47924	47934	1	0
4.033937	200	204	2	3485	47924	47934	1	0
4.047562	200	204	2	3486	47924	47934	1	0
4.060624	200	204	2	3487	47924	47934	1	0
4.069737	200	204	2	3487	47924	47934	1	0
4.084760	200	204	2	3488	47924	47934	1	0
4.096223	200	204	2	3488	47924	47934	1	0
4.110624	200	204	2	3488	47924	47934	1	0
4.120344	200	204	2	3488	47924	47934	1	0
4.133827	200	204	2	3488	47924	47934	1	0
4.143418	200	204	2	3488	47924	47934	1	0
4.156191	200	204	2	3488	47924	47934	1	0
4.168356	200	204	2	3488	47924	47934	1	0
4.176565	200	204	2	3488	47924	47934	1	0
4.183807	200	204	2	3488	47924	47934	1	0
4.197843	200	204	2	3488	47924	47934	1	0
4.205845	200	204	2	3488	47924	47934	1	0
4.219327	200	204	2	3488	47924	47934	1	0
4.226641	200	204	2	3488	47926	47934	1	0
4.232870	200	204	2	3488	47926	47934	1	0
4.246049	200	204	2	3488	47926	47934	1	0
4.258156	200	204	2	3488	47926	47934	1	0
4.268181	200	204	2	3489	47926	47934	1	0
4.281540	200	204	2	3490	47926	47934	1	0
4.287461	200	204	2	3490	47926	47934	1	0
4.297726	200	204	2	3491	47926	47934	1	0
4.307601	200	204	2	3491	47926	47934	1	0
4.315645	200	204	2	3492	47926	47934	1	0
4.321408	200	204	2	3492	47926	47934	1	0
4.329783	200	204	2	3493	47926	47934	1	0
4.338800	200	204	2	3493	47926	47934	1	0
4.351616	200	204	2	3494	47926	47934	1	0
4.365247	200	204	2	3495	47926	47934	1	0
4.379854	200	204	2	3495	47926	47934	1	0
4.391891	200	204	2	3496	47926	47934	1	0
4.398558	200	204	2	3496	47926	47934	1	0
4.409379	200	204	2	3496	47926	47934	1	0
4.417628	200	204	2	3496	47926	47934	1	0
4.426484	200	204	2	3496	47926	47934	1	0
4.439850	200	204	2	3496	47926	47934	1	0
4.450152	200	204	2	3496	47926	47934	1	0
4.459559	200	204	2	3496	47926	47934	1	0
4.471121	200	204	2	3496	47926	47934	1	0
4.481483	200	204	2	3496	47926	47934	1	0
4.493530	200	204	2	3496	47926	47934	1	0
4.508211	200	204	2	3496	47926	47934	1	0
4.519956	200	204	2	3496	47926	47934	1	0
4.531531	200	204	2	3496	47930	47934	1	0
4.539904	200	204	2	3496	47930	47934	1	0
4.547934	200	204	2	3496	47930	47934	1	0
4.557217	200	204	2	3496	47930	47934	1	0
4.567905	200	204	2	3497	47930	47934	1	0
4.573355	200	204	2	3497	47930	47934	1	0
4.583155	200	204	2	3498	47930	47934	1	0
4.588813	200	204	2	3498	47930	47934	1	0
4.603759	200	204	2	3499	47930	47934	1	0
4.617800	200	204	2	3499	47930	47934	1	0
4.623206	200	204	2	3500	47930	47934	1	0
4.636875	200	204	2	3500	47930	47934	1	0
4.648974	200	204	2	3504	47930	47934	1	0
4.661405	200	204	2	3504	47930	47934	1	0
4.671449	200	204	2	3504	47930	47934	1	0
4.685763	200	204	2	3504	47930	47934	1	0
4.694860	200	204	2	3504	47930	47934	1	0
4.701843	200	204	2	3504	47930	47934	1	0
4.710061	200	204	2	3504	47930	47934	1	0
4.717695	200	204	2	3504	47930	47934	1	0
4.731116	200	204	2	3504	47930	47934	1	0
4.737162	200	204	2	3504	47930	47934	1	0
4.748768	200	204	2	3504	47895	47934	1	0
4.759269	200	204	2	3505	47895	47934	1	0
4.772005	200	204	2	3507	47895	47934	1	0
4.778365	200	204	2	3509	47895	47934	1	0
4.790760	200	204	2	3511	47895	47934	1	0
4.800325	200	204	2	3512	47895	47934	1	0
4.809205	200	204	2	3512	47895	47934	1	0
4.814843	200	204	2	3512	47895	47934	1	0
4.825073	200	204	2	3512	47895	47934	1	0
4.839946	200	204	2	3512	47895	47934	1	0
4.851919	200	204	2	3513	47903	47934	1	0
4.859459	200	204	2	3514	47903	47934	1	0
4.870301	200	204	2	3515	47903	47934	1	0
4.877218	200	204	2	3516	47903	47934	1	0
4.883215	200	204	2	3517	47903	47934	1	0
4.890686	200	204	2	3518	47903	47934	1	0
4.897561	200	204	2	3519	47903	47934	1	0
4.903723	200	204	2	3519	47903	47934	1	0
4.917302	200	204	2	3520	47903	47934	1	0
4.922734	200	204	2	3520	47903	47934	1	0
4.934895	200	204	2	3520	47903	47934	1	0
4.945119	200	204	2	3520	47903	47934	1	0
4.956648	200	204	2	3520	47903	47934	1	0
4.963835	200	204	2	3520	47903	47934	1	0
4.977723	200	204	2	3520	47891	47934	1	0
4.990366	200	204	2	3521	47891	47934	1	0
4.996644	200	204	2	3521	47891	47934	1	0
5.011267	200	204	2	3523	47891	47934	1	0
5.016927	200	204	2	3523	47891	47934	1	0
5.027339	200	204	2	3524	47891	47934	1	0
5.040511	200	204	2	3525	47891	47934	1	0
5.048083	200	204	2	3526	47891	47934	1	0
5.053549	200	204	2	3527	47891	47934	1	0
5.059593	200	204	2	3527	47891	47934	1	0
5.071362	200	204	2	3528	47891	47934	1	0
5.081500	200	204	2	3528	47891	47934	1	0
5.095396	200	204	2	3528	47891	47934	1	0
5.101126	200	204	2	3528	47891	47934	1	0
5.111723	200	204	2	3528	47891	47934	1	0
5.118020	200	204	2	3528	47891	47934	1	0
5.129245	200	204	2	3528	47891	47934	1	0
5.135602	200	204	2	3528	47891	47934	1	0
5.147153	200	204	2	3528	47891	47934	1	0
5.154346	200	204	2	3528	47891	47934	1	0
5.160349	200	204	2	3528	47905	47934	1	0
5.168545	200	204	2	3528	47905	47934	1	0
5.177842	200	204	2	3529	47905	47934	1	0
5.192027	200	204	2	3530	47905	47934	1	0
5.199955	200	204	2	3530	47905	47934	1	0
5.206950	200	204	2	3531	47905	47934	1	0
5.219595	200	204	2	3532	47905	47934	1	0
5.228706	200	204	2	3532	47905	47934	1	0
5.242786	200	204	2	3533	47905	47934	1	0
5.255546	200	204	2	3534	47905	47934	1	0
5.263133	200	204	2	3535	47905	47934	1	0
5.276221	200	204	2	3536	47905	47934	1	0
5.285504	200	204	2	3536	47905	47934	1	0
5.291389	200	204	2	3536	47905	47934	1	0
5.300138	200	204	2	3536	47905	47934	1	0
5.306983	200	204	2	3536	47905	47934	1	0
5.313879	200	204	2	3536	47905	47934	1	0
5.321405	200	204	2	3536	47905	47934	1	0
5.336517	200	204	2	3536	47905	47934	1	0
5.343459	200	204	2	3536	47905	47934	1	0
5.353070	200	204	2	3536	47905	47934	1	0
5.360359	200	204	2	3536	47905	47934	1	0
5.366525	200	204	2	3536	47905	47934	1	0
5.380785	200	204	2	3536	47905	47934	1	0
5.394800	200	204	2	3536	47903	47934	1	0
5.400070	200	204	2	3536	47903	47934	1	0
5.407570	200	204	2	3536	47903	47934	1	0
5.417225	200	204	2	3536	47903	47934	1	0
5.428063	200	204	2	3537	47903	47934	1	0
5.442322	200	204	2	3538	47903	47934	1	0
5.449971	200	204	2	3538	47903	47934	1	0
5.465036	200	204	2	3539	47903	47934	1	0
5.477500	200	204	2	3540	47903	47934	1	0
5.491586	200	204	2	3541	47903	47934	1	0
5.497206	200	204	2	3541	47903	47934	1	0
5.505561	200	204	2	3542	47903	47934	1	0
5.510904	200	204	2	3542	47903	47934	1	0
5.522987	200	204	2	3543	47903	47934	1	0
5.534311	200	204	2	3543	47903	47934	1	0
5.543112	200	204	2	3544	47903	47934	1	0
5.550162	200	204	2	3544	47903	47934	1	0
5.557382	200	204	2	3544	47903	47934	1	0
5.563791	200	204	2	3544	47903	47934	1	0
5.575103	200	204	2	3544	47903	47934	1	0
5.588828	200	204	2	3544	47903	47934	1	0
5.598682	200	204	2	3544	47903	47934	1	0
5.609182	200	204	2	3544	47903	47934	1	0
5.623337	200	204	2	3544	47903	47934	1	0
5.632961	200	204	2	3544	47903	47934	1	0
5.642072	200	204	2	3544	47903	47934	1	0
5.650673	200	204	2	3544	47903	47934	1	0
5.663786	200	204	2	3544	47903	47934	1	0
5.677207	200	204	2	3544	47903	47934	1	0
5.686423	200	204	2	3544	47903	47934	1	0
5.695102	200	204	2	3544	47901	47934	1	0
5.701634	200	204	2	3544	47901	47934	1	0
5.707871	200	204	2	3544	47901	47934	1	0
5.721047	200	204	2	3545	47901	47934	1	0
5.730020	200	204	2	3545	47901	47934	1	0
5.744910	200	204	2	3546	47901	47934	1	0
5.753403	200	204	2	3546	47901	47934	1	0
5.764484	200	204	2	3547	47901	47934	1	0
5.771575	200	204	2	3547	47901	47934	1	0
5.781961	200	204	2	3548	47901	47934	1	0
5.793036	200	204	2	3548	47901	47934	1	0
5.807174	200	204	2	3549	47901	47934	1	0
5.816098	200	204	2	3550	47901	47934	1	0
5.826817	200	204	2	3550	47901	47934	1	0
5.837851	200	204	2	3552	47901	47934	1	0
5.850261	200	204	2	3552	47901	47934	1	0
5.862358	200	204	2	3552	47901	47934	1	0
5.874817	200	204	2	3552	47901	47934	1	0
5.885401	200	204	2	3552	47901	47934	1	0
5.891864	200	204	2	3552	47901	47934	1	0
5.903480	200	204	2	3552	47901	47934	1	0
5.912919	200	204	2	3552	47901	47934	1	0
5.926697	200	204	2	3552	47901	47934	1	0
5.936194	200	204	2	3552	47901	47934	1	0
5.941880	200	204	2	3552	47901	47934	1	0
5.955226	200	204	2	3557	47910	47934	1	0
5.968115	200	204	2	3557	47910	47934	1	0
5.973638	200	204	2	3557	47910	47934	1	0
5.982470	200	204	2	3616	47903	47934	1	0
5.994742	200	204	2	3664	47903	47934	1	0
6.007924	200	204	2	3693	47903	47934	1	0
6.021812	200	204	2	3720	47903	47934	1	0
6.028067	200	204	2	3728	47903	47934	1	0
6.034917	200	204	2	3736	47903	47934	1	0
6.043136	200	204	2	3746	47903	47934	1	0
6.048603	200	204	2	3754	47903	47934	1	0
6.058314	200	204	2	3768	47903	47934	1	0
6.066475	200	204	2	3776	47903	47934	1	0
6.073564	200	204	2	3784	47903	47934	1	0
6.084285	200	204	2	3797	47903	47934	1	0
6.098278	200	204	2	3811	47903	47934	1	0
6.105606	200	204	2	3816	47903	47934	1	0
6.115737	200	204	2	3825	47903	47934	1	0
6.125576	200	204	2	3833	47903	47934	1	0
6.132144	200	204	2	3840	47903	47934	1	0
6.140818	200	204	2	3848	47903	47934	1	0
6.147948	200	204	2	3852	47903	47934	1	0
6.159013	200	204	2	3864	47903	47934	1	0
6.170618	200	204	2	3872	47903	47934	1	0
6.183874	200	204	2	3880	47903	47934	1	0
6.198555	200	204	2	3892	47903	47934	1	0
6.209531	200	204	2	3901	47903	47934	1	0
6.224356	200	204	2	3912	47903	47934	1	0
6.238523	200	204	2	3920	47903	47934	1	0
6.251747	200	204	2	3928	47903	47934	1	0
6.266212	200	204	2	3937	47903	47934	1	0
6.274277	200	204	2	3944	47903	47934	1	0
6.285177	200	204	2	3951	47903	47934	1	0
6.296647	200	204	2	3956	47903	47934	1	0
6.302377	200	204	2	3960	47903	47934	1	0
6.316545	200	204	2	3968	47903	47934	1	0
6.330128	200	204	2	3976	47903	47934	1	0
6.341770	200	204	2	3983	47903	47934	1	0
6.352286	200	204	2	3987	47903	47934	1	0
6.363296	200	204	2	3993	47903	47934	1	0
6.376139	200	204	2	4000	47903	47934	1	0
6.388387	200	204	2	4008	47903	47934	1	0
6.402059	200	204	2	4013	47903	47934	1	0
6.416070	200	204	2	4020	47903	47934	1	0
6.424566	200	204	2	4024	47903	47934	1	0
6.436677	200	204	2	4032	47903	47934	1	0
6.443124	200	204	2	4032	47903	47934	1	0
6.455108	200	204	2	4038	47903	47934	1	0
6.461633	200	204	2	4040	47903	47934	1	0
6.473075	200	204	2	4046	47903	47934	1	0
6.480629	200	204	2	4048	47903	47934	1	0
6.493579	200	204	2	4056	47903	47934	1	0
6.507017	200	204	2	4061	47903	47934	1	0
6.517448	200	204	2	4064	47903	47934	1	0
6.524858	200	204	2	4066	47903	47934	1	0
6.532141	200	204	2	4071	47903	47934	1	0
6.542322	200	204	2	4072	47903	47934	1	0
6.548681	200	204	2	4075	47903	47934	1	0
6.554430	200	204	2	4080	47903	47934	1	0
6.565021	200	204	2	4080	47903	47934	1	0
6.577878	200	204	2	4088	47903	47934	1	0
6.585530	200	204	2	4088	47903	47934	1	0
6.596300	200	204	2	4092	47903	47934	1	0
6.602992	200	204	2	4096	47903	47934	1	0
6.608709	200	204	2	4096	47903	47934	1	0
6.621291	200	204	2	4102	47903	47934	1	0
6.627323	200	204	2	4104	47903	47934	1	0
6.634103	200	204	2	4104	47903	47934	1	0
6.639963	200	204	2	4105	47903	47934	1	0
6.648104	200	204	2	4109	47903	47934	1	0
6.662227	200	204	2	4113	47903	47934	1	0
6.670832	200	204	2	4118	47903	47934	1	0
6.677250	200	204	2	4120	47903	47934	1	0
6.690951	200	204	2	4122	47903	47934	1	0
6.705773	200	204	2	4128	47903	47934	1	0
6.719295	200	204	2	4136	47903	47934	1	0
6.727146	200	204	2	4136	47903	47934	1	0
6.736878	200	204	2	4140	47903	47934	1	0
6.749988	200	204	2	4144	47903	47934	1	0
6.756886	200	204	2	4145	47903	47934	1	0
6.772016	200	204	2	4152	47903	47934	1	0
6.782230	200	204	2	4152	47903	47934	1	0
6.794444	200	204	2	4155	47894	47934	1	0
6.806841	200	204	2	4157	47894	47934	1	0
6.821620	200	204	2	4160	47894	47934	1	0
6.834622	200	204	2	4160	47894	47934	1	0
6.840980	200	204	2	4160	47894	47934	1	0
6.846201	200	204	2	4160	47894	47934	1	0
6.851395	200	204	2	4160	47894	47934	1	0
6.857424	200	204	2	4160	47894	47934	1	0
6.866133	200	204	2	4160	47897	47934	1	0
6.874440	200	204	2	4161	47897	47934	1	0
6.886667	200	204	2	4163	47897	47934	1	0
6.893753	200	204	2	4164	47897	47934	1	0
6.901891	200	204	2	4165	47897	47934	1	0
6.915416	200	204	2	4167	47897	47934	1	0
6.925021	200	204	2	4168	47897	47934	1	0
6.932373	200	204	2	4168	47897	47934	1	0
6.944628	200	204	2	4168	47897	47934	1	0
6.954998	200	204	2	4168	47897	47934	1	0
6.969511	200	204	2	4168	47897	47934	1	0
6.983531	200	204	2	4168	47897	47934	1	0
6.990693	200	204	2	4168	47898	47934	1	0
7.000985	200	204	2	4168	47898	47934	1	0
7.008677	200	204	2	4169	47898	47934	1	0
7.023111	200	204	2	4170	47898	47934	1	0
7.037518	200	204	2	4171	47898	47934	1	0
7.047441	200	204	2	4172	47898	47934	1	0
7.053358	200	204	2	4173	47898	47934	1	0
7.060185	200	204	2	4173	47898	47934	1	0
7.072853	200	204	2	4174	47898	47934	1	0
7.083793	200	204	2	4175	47898	47934	1	0
7.092994	200	204	2	4176	47898	47934	1	0
7.100606	200	204	2	4176	47898	47934	1	0
7.107828	200	204	2	4176	47898	47934	1	0
7.121539	200	204	2	4176	47898	47934	1	0
7.130382	200	204	2	4176	47898	47934	1	0
7.142790	200	204	2	4176	47898	47934	1	0
7.151905	200	204	2	4176	47898	47934	1	0
7.159240	200	204	2	4176	47898	47934	1	0
7.170613	200	204	2	4176	47898	47934	1	0
7.176157	200	204	2	4176	47898	47934	1	0
7.186400	200	204	2	4176	47898	47934	1	0
7.193635	200	204	2	4176	47898	47934	1	0
7.208805	200	204	2	4176	47893	47934	1	0
7.216305	200	204	2	4176	47893	47934	1	0
7.227018	200	204	2	4177	47893	47934	1	0
7.238545	200	204	2	4177	47893	47934	1	0
7.247365	200	204	2	4178	47893	47934	1	0
7.260373	200	204	2	4179	47893	47934	1	0
7.268410	200	204	2	4179	47893	47934	1	0
7.274109	200	204	2	4180	47893	47934	1	0
7.285944	200	204	2	4180	47893	47934	1	0
7.294379	200	204	2	4181	47893	47934	1	0
7.299945	200	204	2	4181	47893	47934	1	0
7.306283	200	204	2	4182	47893	47934	1	0
7.318133	200	204	2	4183	47893	47934	1	0
7.326509	200	204	2	4183	47893	47934	1	0
7.332556	200	204	2	4183	47893	47934	1	0
7.344812	200	204	2	4184	47893	47934	1	0
7.353805	200	204	2	4184	47893	47934	1	0
7.361992	200	204	2	4184	47893	47934	1	0
7.372110	200	204	2	4184	47893	47934	1	0
7.379898	200	204	2	4184	47893	47934	1	0
7.385788	200	204	2	4184	47893	47934	1	0
7.393402	200	204	2	4184	47893	47934	1	0
7.402037	200	204	2	4184	47893	47934	1	0
7.407691	200	204	2	4184	47893	47934	1	0
7.418702	200	204	2	4184	47893	47934	1	0
7.430216	200	204	2	4184	47893	47934	1	0
7.445099	200	204	2	4184	47893	47934	1	0
7.455664	200	204	2	4184	47893	47934	1	0
7.467089	200	204	2	4184	47889	47934	1	0
7.473934	200	204	2	4184	47889	47934	1	0
7.486576	200	204	2	4185	47889	47934	1	0
7.495777	200	204	2	4185	47889	47934	1	0
7.510974	200	204	2	4186	47889	47934	1	0
7.522394	200	204	2	4187	47889	47934	1	0
7.531637	200	204	2	4187	47889	47934	1	0
7.546186	200	204	2	4188	47889	47934	1	0
7.552746	200	204	2	4188	47889	47934	1	0
7.564975	200	204	2	4189	47889	47934	1	0
7.574771	200	204	2	4190	47889	47934	1	0
7.584953	200	204	2	4190	47889	47934	1	0
7.595433	200	204	2	4191	47889	47934	1	0
7.602217	200	204	2	4191	47889	47934	1	0
7.610781	200	204	2	4192	47889	47934	1	0
7.624004	200	204	2	4192	47889	47934	1	0
7.635311	200	204	2	4192	47889	47934	1	0
7.648162	200	204	2	4192	47889	47934	1	0
7.661098	200	204	2	4192	47889	47934	1	0
7.668859	200	204	2	4192	47889	47934	1	0
7.683517	200	204	2	4192	47889	47934	1	0
7.692657	200	204	2	4192	47889	47934	1	0
7.703843	200	204	2	4192	47889	47934	1	0
7.710466	200	204	2	4192	47889	47934	1	0
7.722757	200	204	2	4192	47889	47934	1	0
7.732543	200	204	2	4192	47889	47934	1	0
7.744741	200	204	2	4192	47889	47934	1	0
7.756783	200	204	2	4192	47896	47934	1	0
7.768644	200	204	2	4192	47896	47934	1	0
7.783662	200	204	2	4193	47896	47934	1	0
7.789949	200	204	2	4193	47896	47934	1	0
7.799134	200	204	2	4194	47896	47934	1	0
7.809878	200	204	2	4194	47896	47934	1	0
7.815489	200	204	2	4194	47896	47934	1	0
7.822205	200	204	2	4195	47896	47934	1	0
7.831990	200	204	2	4195	47896	47934	1	0
7.844732	200	204	2	4196	47896	47934	1	0
7.855604	200	204	2	4196	47896	47934	1	0
7.862856	200	204	2	4197	47896	47934	1	0
7.876651	200	204	2	4198	47896	47934	1	0
7.889441	200	204	2	4198	47896	47934	1	0
7.901778	200	204	2	4199	47896	47934	1	0
7.909310	200	204	2	4199	47896	47934	1	0
7.915701	200	204	2	4199	47896	47934	1	0
7.928017	200	204	2	4200	47896	47934	1	0
7.943144	200	204	2	4200	47896	47934	1	0
7.948636	200	204	2	4200	47896	47934	1	0
7.958804	200	204	2	4200	47896	47934	1	0
7.969807	200	204	2	4200	47896	47934	1	0
7.978484	200	204	2	4200	47896	47934	1	0
7.988337	200	204	2	4200	47896	47934	1	0
7.995224	200	204	2	4200	47896	47934	1	0
8.008238	200	204	2	4200	47896	47934	1	0
8.018134	200	204	2	4200	47896	47934	1	0
8.031616	200	204	2	4200	47896	47934	1	0
8.046757	200	204	2	4200	47896	47934	1	0
8.060366	200	204	2	4200	47896	47934	1	0
8.066771	200	204	2	4200	47896	47934	1	0
8.074831	200	204	2	4200	47896	47934	1	0
8.086921	200	204	2	4200	47896	47934	1	0
8.098635	200	204	2	4200	47896	47934	1	0
8.106842	200	204	2	4200	47810	47934	1	0
8.120510	200	204	2	4200	47810	47934	1	0
8.131391	200	204	2	4200	47810	47934	1	0
8.138258	200	204	2	4200	47810	47934	1	0
8.147382	200	204	2	4200	47810	47934	1	0
8.154790	200	204	2	4200	47810	47934	1	0
8.168871	200	204	2	4200	47810	47934	1	0
8.174308	200	204	2	4200	47810	47934	1	0
8.188203	200	204	2	4200	47810	47934	1	0
8.196415	200	204	2	4200	47810	47934	1	0
8.209661	200	204	2	4200	47810	47934	1	0
8.217187	200	204	2	4200	47810	47934	1	0
8.225257	200	204	2	4200	47810	47934	1	0
8.237675	200	204	2	4200	189836	189836	1	0
8.246039	200	204	2	4200	189836	189836	1	0
8.257064	200	204	2	4200	189836	189836	1	0
8.265654	200	204	2	4200	189836	189836	1	0
8.277921	200	204	2	4200	189836	189836	1	0
8.288512	200	204	2	4200	189836	189836	1	0
8.297034	200	204	2	4200	189836	189836	1	0
8.305436	200	204	2	4200	189836	189836	1	0
8.311637	200	204	2	4200	189836	189836	1	0
8.324333	200	204	2	4200	189836	189836	1	0
8.337565	200	204	2	4200	189836	189836	1	0
8.344127	200	204	2	4200	189836	189836	1	0
8.352711	200	204	2	4200	189836	189836	1	0
8.365837	200	204	2	4200	189836	189836	1	0
8.377039	200	204	2	4200	189836	189836	1	0
8.389067	200	204	2	4200	189836	189836	1	0
8.394428	200	204	2	4200	189836	189836	1	0
8.408432	200	204	2	4200	189836	189836	1	0
8.414579	200	204	2	4200	189836	189836	1	0
8.429592	200	204	2	4200	189836	189836	1	0
8.442970	200	204	2	4200	189836	189836	1	0
8.448387	200	204	2	4200	189836	189836	1	0
8.454633	200	204	2	4200	189836	189836	1	0
8.466278	200	204	2	4200	189836	189836	1	0
8.472920	200	204	2	4200	189836	189836	1	0
8.486739	200	204	2	4200	189836	189836	1	0
8.497194	200	204	2	4200	189836	189836	1	0
8.503677	200	204	2	4200	189836	189836	1	0
8.513995	200	204	2	4200	189836	189836	1	0
8.523492	200	204	2	4200	189836	189836	1	0
8.533062	200	204	2	4200	189836	189836	1	0
8.547861	200	204	2	4200	189836	189836	1	0
8.553917	200	204	2	4200	189836	189836	1	0
8.559438	200	204	2	4200	189836	189836	1	0
8.573514	200	204	2	4200	189836	189836	1	0
8.580123	200	204	2	4200	189836	189836	1	0
8.589274	200	204	2	4200	189836	189836	1	0
8.601823	200	204	2	4200	189836	189836	1	0
8.608888	200	204	2	4200	189836	189836	1	0
8.617950	200	204	2	4200	189836	189836	1	0
8.631515	200	204	2	4200	189836	189836	1	0
8.644944	200	204	2	4200	189836	189836	1	0
8.655684	200	204	2	4200	189836	189836	1	0
8.662294	200	204	2	4200	189836	189836	1	0
8.668829	200	204	2	4200	189836	189836	1	0
8.683001	200	204	2	4200	189836	189836	1	0
8.695435	200	204	2	4200	189836	189836	1	0
8.704250	200	204	2	4200	189836	189836	1	0
8.718738	200	204	2	4200	189836	189836	1	0
8.729410	200	204	2	4200	189836	189836	1	0
8.743047	200	204	2	4200	189836	189836	1	0
8.753511	200	204	2	4200	189836	189836	1	0
8.763504	200	204	3	4200	189836	189836	1	0
8.776986	200	204	3	4200	189836	189836	1	0
8.787856	200	204	3	4200	189836	189836	1	0
8.793157	200	204	3	4200	189836	189836	1	0
8.806509	200	204	3	4200	37968	189836	1	0
8.821512	200	204	3	4200	37968	189836	1	0
8.832287	200	204	3	4200	37968	189836	1	0
8.838355	200	204	3	4200	37968	189836	1	0
8.846021	200	204	3	4200	37968	189836	1	0
8.854742	200	204	3	4200	37968	189836	1	0
8.860557	200	204	3	4200	37968	189836	1	0
8.871094	200	204	3	4200	37968	189836	1	0
8.883796	200	204	3	4201	189836	189836	1	0
8.893303	200	204	3	4202	189836	189836	1	0
8.905942	200	204	3	4203	189836	189836	1	0
8.912852	200	204	3	4204	189836	189836	1	0
8.922219	200	204	3	4204	189836	189836	1	0
8.936826	200	204	3	4205	189836	189836	1	0
8.945088	200	204	3	4205	189836	189836	1	0
8.951325	200	204	3	4206	189836	189836	1	0
8.962716	200	204	3	4206	189836	189836	1	0
8.968239	200	204	3	4207	189836	189836	1	0
8.979930	200	204	3	4207	189836	189836	1	0
8.993929	200	204	3	4208	189836	189836	1	0
9.003756	200	204	3	4208	189836	189836	1	0
9.009399	200	204	3	4208	189836	189836	1	0
9.017259	200	204	3	4208	189836	189836	1	0
9.030719	200	204	3	4208	189836	189836	1	0
9.041487	200	204	3	4208	189836	189836	1	0
9.052372	200	204	3	4208	189836	189836	1	0
9.063364	200	204	3	4208	189836	189836	1	0
9.076361	200	204	3	4208	189836	189836	1	0
9.084128	200	204	3	4208	189836	189836	1	0
9.098064	200	204	3	4208	189836	189836	1	0
9.111394	200	204	3	4208	189836	189836	1	0
9.119758	200	204	3	4208	189836	189836	1	0
9.134124	200	204	3	4208	190434	190434	1	0
9.149021	200	204	3	4208	190434	190434	1	0
9.157346	200	204	3	4208	190434	190434	1	0
9.168379	200	204	3	4209	190434	190434	1	0
9.178862	200	204	3	4209	190434	190434	1	0
9.188828	200	204	3	4209	190434	190434	1	0
9.203178	200	204	3	4210	190434	190434	1	0
9.217325	200	204	3	4210	190434	190434	1	0
9.226307	200	204	3	4211	190434	190434	1	0
9.234176	200	204	3	4211	190434	190434	1	0
9.239512	200	204	3	4211	190434	190434	1	0
9.251337	200	204	3	4212	190434	190434	1	0
9.263393	200	204	3	4212	190434	190434	1	0
9.277377	200	204	3	4213	190434	190434	1	0
9.284691	200	204	3	4213	190434	190434	1	0
9.295583	200	204	3	4213	190434	190434	1	0
9.310128	200	204	3	4214	190434	190434	1	0
9.316210	200	204	3	4214	190434	190434	1	0
9.324812	200	204	3	4214	190434	190434	1	0
9.330460	200	204	3	4214	190434	190434	1	0
9.340843	200	204	3	4214	190434	190434	1	0
9.349859	200	204	3	4215	190434	190434	1	0
9.355331	200	204	3	4215	190434	190434	1	0
9.364938	200	204	3	4215	190434	190434	1	0
9.372071	200	204	3	4215	190434	190434	1	0
9.383047	200	204	3	4215	190434	190434	1	0
9.397375	200	204	3	4216	190434	190434	1	0
9.404429	200	204	3	4216	190434	190434	1	0
9.410877	200	204	3	4216	190434	190434	1	0
9.421180	200	204	3	4216	190434	190434	1	0
9.427126	200	204	3	4216	190434	190434	1	0
9.437044	200	204	3	4216	190434	190434	1	0
9.448401	200	204	3	4216	190434	190434	1	0
9.457922	200	204	3	4216	190434	190434	1	0
9.464955	200	204	3	4216	190434	190434	1	0
9.478202	200	204	3	4216	190434	190434	1	0
9.485118	200	204	3	4216	190434	190434	1	0
9.499822	200	204	3	4216	190434	190434	1	0
9.511947	200	204	3	4216	190434	190434	1	0
9.518481	200	204	3	4216	190434	190434	1	0
9.524636	200	204	3	4216	190434	190434	1	0
9.537761	200	204	3	4216	190434	190434	1	0
9.543342	200	204	3	4216	190434	190434	1	0
9.557334	200	204	3	4216	190434	190434	1	0
9.564712	200	204	3	4216	190434	190434	1	0
9.572855	200	204	3	4216	190434	190434	1	0
9.579592	200	204	3	4216	190434	190434	1	0
9.593786	200	204	3	4216	190434	190434	1	0
9.608867	200	204	3	4216	190434	190434	1	0
9.619367	200	204	3	4216	190434	190434	1	0
9.625213	200	204	3	4216	190434	190434	1	0
9.631372	200	204	3	4216	190434	190434	1	0
9.639762	200	204	3	4216	190434	190434	1	0
9.645145	200	204	3	4216	190434	190434	1	0
9.658730	200	204	3	4216	190434	190434	1	0
9.669608	200	204	3	4216	190434	190434	1	0
9.676310	200	204	3	4216	190434	190434	1	0
9.687862	200	204	3	4216	190434	190434	1	0
9.696769	200	204	3	4216	190434	190434	1	0
9.702041	200	204	3	4216	190434	190434	1	0
9.709530	200	204	3	4216	190434	190434	1	0
9.717519	200	204	3	4216	190434	190434	1	0
9.724404	200	204	3	4216	190434	190434	1	0
9.737955	200	204	3	4216	190434	190434	1	0
9.748997	200	204	3	4217	190466	190466	1	0
9.762223	200	204	3	4217	190466	190466	1	0
9.773378	200	204	3	4217	190466	190466	1	0
9.783222	200	204	3	4217	190466	190466	1	0
9.796674	200	204	3	4218	190466	190466	1	0
9.805315	200	204	3	4218	190466	190466	1	0
9.816595	200	204	3	4218	190466	190466	1	0
9.823640	200	204	3	4218	190466	190466	1	0
9.831932	200	204	3	4219	190466	190466	1	0
9.843049	200	204	3	4219	190466	190466	1	0
9.849286	200	204	3	4219	190466	190466	1	0
9.858383	200	204	3	4219	190466	190466	1	0
9.866607	200	204	3	4219	190466	190466	1	0
9.873141	200	204	3	4220	190466	190466	1	0
9.885795	200	204	3	4220	190466	190466	1	0
9.898470	200	204	3	4220	190466	190466	1	0
9.910261	200	204	3	4220	190466	190466	1	0
9.917446	200	204	3	4220	190466	190466	1	0
9.928005	200	204	3	4221	190466	190466	1	0
9.933572	200	204	3	4221	190466	190466	1	0
9.938924	200	204	3	4221	190466	190466	1	0
9.944672	200	204	3	4221	190466	190466	1	0
9.956681	200	204	3	4221	190466	190466	1	0
9.970718	200	204	3	4222	190466	190466	1	0
9.981622	200	204	3	4222	190466	190466	1	0
9.989377	200	204	3	4222	190466	190466	1	0
9.995970	200	204	3	4222	190466	190466	1	0
10.005860	200	204	3	4222	190466	190466	1	0
10.011633	200	204	3	4222	190466	190466	1	0
10.023771	200	204	3	4223	190466	190466	1	0
10.030153	200	204	3	4223	190466	190466	1	0
10.038480	200	204	3	4223	190466	190466	1	0
10.046705	200	204	3	4223	190466	190466	1	0
10.058677	200	204	3	4223	190466	190466	1	0
10.069588	200	204	3	4223	190466	190466	1	0
10.076384	200	204	3	4223	190466	190466	1	0
10.082246	200	204	3	4223	190466	190466	1	0
10.089916	200	204	3	4223	190466	190466	1	0
10.098693	200	204	3	4223	190466	190466	1	0
10.106150	200	204	3	4223	190466	190466	1	0
10.119276	200	204	3	4224	190466	190466	1	0
10.128993	200	204	3	4224	190466	190466	1	0
10.134407	200	204	3	4224	190466	190466	1	0
10.140039	200	204	3	4224	190466	190466	1	0
10.145644	200	204	3	4224	190466	190466	1	0
10.157955	200	204	3	4224	190466	190466	1	0
10.171569	200	204	3	4224	190466	190466	1	0
10.186517	200	204	3	4224	190466	190466	1	0
10.192877	200	204	3	4224	190466	190466	1	0
10.201060	200	204	3	4224	190466	190466	1	0
10.213901	200	204	3	4224	190466	190466	1	0
10.225511	200	204	3	4224	190466	190466	1	0
10.236434	200	204	3	4224	190466	190466	1	0
10.241984	200	204	3	4224	190466	190466	1	0
10.250160	200	204	3	4224	190466	190466	1	0
10.263998	200	204	3	4224	190466	190466	1	0
10.271627	200	204	3	4224	190466	190466	1	0
10.281957	200	204	3	4224	190466	190466	1	0
10.294305	200	204	3	4224	190466	190466	1	0
10.300296	200	204	3	4224	190466	190466	1	0
10.305508	200	204	3	4224	190466	190466	1	0
10.320191	200	204	3	4224	190466	190466	1	0
10.327163	200	204	3	4224	190466	190466	1	0
10.335156	200	204	3	4224	190466	190466	1	0
10.345887	200	204	3	4224	190466	190466	1	0
10.356977	200	204	3	4224	190466	190466	1	0
10.363061	200	204	3	4224	190466	190466	1	0
10.376984	200	204	3	4224	190466	190466	1	0
10.388123	200	204	3	4224	190466	190466	1	0
10.393550	200	204	3	4224	190466	190466	1	0
10.401239	200	204	3	4224	190466	190466	1	0
10.414924	200	204	3	4224	190466	190466	1	0
10.428656	200	204	3	4224	190466	190466	1	0
10.439345	200	204	3	4224	190466	190466	1	0
10.445962	200	204	3	4224	190466	190466	1	0
10.454201	200	204	3	4224	190466	190466	1	0
10.460306	200	204	3	4224	190466	190466	1	0
10.474978	200	204	3	4224	190466	190466	1	0
10.487159	200	204	3	4224	190466	190466	1	0
10.502294	200	204	3	4224	190466	190466	1	0
10.508000	200	204	3	4224	190466	190466	1	0
10.513953	200	204	3	4224	190466	190466	1	0
10.522936	200	204	3	4224	190466	190466	1	0
10.532032	200	204	3	4224	190466	190466	1	0
10.539327	200	204	3	4224	190466	190466	1	0
10.549261	200	204	3	4224	190466	190466	1	0
10.555255	200	204	3	4224	190466	190466	1	0
10.566084	200	204	3	4224	190466	190466	1	0
10.577467	200	204	3	4224	190466	190466	1	0
10.587641	200	204	3	4224	190466	190466	1	0
10.597100	200	204	3	4224	190476	190476	1	0
10.610408	200	204	3	4224	190476	190476	1	0
10.625494	200	204	3	4224	190476	190476	1	0
10.639877	200	204	3	4224	190476	190476	1	0
10.649421	200	204	3	4224	190476	190476	1	0
10.664343	200	204	3	4225	190476	190476	1	0
10.672353	200	204	3	4225	190476	190476	1	0
10.687540	200	204	3	4225	190476	190476	1	0
10.700332	200	204	3	4225	190476	190476	1	0
10.709642	200	204	3	4225	190476	190476	1	0
10.715263	200	204	3	4225	190476	190476	1	0
10.720656	200	204	3	4225	190476	190476	1	0
10.727827	200	204	3	4226	190476	190476	1	0
10.738191	200	204	3	4226	190476	190476	1	0
10.745554	200	204	3	4226	190476	190476	1	0
10.754660	200	204	3	4226	190476	190476	1	0
10.764020	200	204	3	4226	190476	190476	1	0
10.770108	200	204	3	4226	190476	190476	1	0
10.779703	200	204	3	4227	190476	190476	1	0
10.791432	200	204	3	4227	190476	190476	1	0
10.804570	200	204	3	4227	190476	190476	1	0
10.810771	200	204	3	4227	190476	190476	1	0
10.820387	200	204	3	4227	190476	190476	1	0
10.833545	200	204	3	4227	190476	190476	1	0
10.841170	200	204	3	4227	190476	190476	1	0
10.855111	200	204	3	4228	190476	190476	1	0
10.865081	200	204	3	4228	190476	190476	1	0
10.875775	200	204	3	4228	190476	190476	1	0
10.887213	200	204	3	4228	190476	190476	1	0
10.896444	200	204	3	4228	190476	190476	1	0
10.904459	200	204	3	4228	190476	190476	1	0
10.915927	200	204	3	4229	190476	190476	1	0
10.921943	200	204	3	4229	190476	190476	1	0
10.933090	200	204	3	4229	190476	190476	1	0
10.942819	200	204	3	4229	190476	190476	1	0
10.949431	200	204	3	4229	190476	190476	1	0
10.960059	200	204	3	4229	190476	190476	1	0
10.970292	200	204	3	4229	190476	190476	1	0
10.981575	200	204	3	4230	190476	190476	1	0
10.995589	200	204	3	4230	190476	190476	1	0
11.006092	200	204	3	4230	190476	190476	1	0
11.013236	200	204	3	4230	190476	190476	1	0
11.024349	200	204	3	4230	190476	190476	1	0
11.035688	200	204	3	4230	190476	190476	1	0
11.049132	200	204	3	4231	190476	190476	1	0
11.054364	200	204	3	4231	190476	190476	1	0
11.063891	200	204	3	4231	190476	190476	1	0
11.078724	200	204	3	4231	190476	190476	1	0
11.085045	200	204	3	4231	190476	190476	1	0
11.090867	200	204	3	4231	190476	190476	1	0
11.099239	200	204	3	4231	190476	190476	1	0
11.112951	200	204	3	4231	190476	190476	1	0
11.124459	200	204	3	4231	190476	190476	1	0
11.136219	200	204	3	4231	190476	190476	1	0
11.144495	200	204	3	4231	190476	190476	1	0
11.152188	200	204	3	4231	190476	190476	1	0
11.162134	200	204	3	4231	190476	190476	1	0
11.173381	200	204	3	4231	190476	190476	1	0
11.184124	200	204	3	4231	190476	190476	1	0
11.193930	200	204	3	4231	190476	190476	1	0
11.201201	200	204	3	4231	190476	190476	1	0
11.215943	200	204	3	4231	190476	190476	1	0
11.227588	200	204	3	4231	190476	190476	1	0
11.234737	200	204	3	4232	190476	190476	1	0
11.241556	200	204	3	4232	190476	190476	1	0
11.248617	200	204	3	4232	190476	190476	1	0
11.255313	200	204	3	4232	190476	190476	1	0
11.269194	200	204	3	4232	190476	190476	1	0
11.281897	200	204	3	4232	190476	190476	1	0
11.291972	200	204	3	4232	190476	190476	1	0
11.298852	200	204	3	4232	190476	190476	1	0
11.313322	200	204	3	4232	190476	190476	1	0
11.319254	200	204	3	4232	190476	190476	1	0
11.329493	200	204	3	4232	190476	190476	1	0
11.335303	200	204	3	4232	190476	190476	1	0
11.343023	200	204	3	4232	190476	190476	1	0
11.353036	200	204	3	4232	190476	190476	1	0
11.365523	200	204	3	4232	190476	190476	1	0
11.378975	200	204	3	4232	190476	190476	1	0
11.391597	200	204	3	4232	190476	190476	1	0
11.402766	200	204	3	4232	190476	190476	1	0
11.408331	200	204	3	4232	190476	190476	1	0
11.415660	200	204	3	4232	190476	190476	1	0
11.430553	200	204	3	4232	190476	190476	1	0
11.438805	200	204	3	4232	190476	190476	1	0
11.444829	200	204	3	4232	190476	190476	1	0
11.450527	200	204	3	4232	190476	190476	1	0
11.460648	200	204	3	4232	190476	190476	1	0
11.468684	200	204	3	4232	190476	190476	1	0
11.478168	200	204	3	4232	190476	190476	1	0
11.487205	200	204	3	4232	190476	190476	1	0
11.497267	200	204	3	4232	190476	190476	1	0
11.503095	200	204	3	4232	190476	190476	1	0
11.510743	200	204	3	4232	190476	190476	1	0
11.522592	200	204	3	4232	190476	190476	1	0
11.535883	200	204	3	4232	190476	190476	1	0
11.541353	200	204	3	4232	190476	190476	1	0
11.546676	200	204	3	4232	190476	190476	1	0
11.558406	200	204	3	4232	190476	190476	1	0
11.563977	200	204	3	4232	190476	190476	1	0
11.570180	200	204	3	4232	190476	190476	1	0
11.578909	200	204	3	4232	190476	190476	1	0
11.584784	200	204	3	4232	190476	190476	1	0
11.595151	200	204	3	4232	190476	190476	1	0
11.602751	200	204	3	4232	190476	190476	1	0
11.608742	200	204	3	4232	190476	190476	1	0
11.623631	200	204	3	4232	190476	190476	1	0
11.637566	200	204	3	4232	190476	190476	1	0
11.643434	200	204	3	4232	190476	190476	1	0
11.656085	200	204	3	4232	190476	190476	1	0
11.661916	200	204	3	4232	190476	190476	1	0
11.676004	200	204	3	4232	190476	190476	1	0
11.688899	200	204	3	4232	190476	190476	1	0
11.703343	200	204	3	4232	190476	190476	1	0
11.710823	200	204	3	4232	190476	190476	1	0
11.719430	200	204	3	4232	190476	190476	1	0
11.731517	200	204	3	4232	190476	190476	1	0
11.744116	200	204	3	4232	190476	190476	1	0
11.758038	200	204	3	4232	190476	190476	1	0
11.766399	200	204	3	4232	190476	190476	1	0
11.776553	200	204	3	4232	190476	190476	1	0
11.781828	200	204	3	4232	190476	190476	1	0
11.794197	200	204	3	4232	190476	190476	1	0
11.803433	200	204	3	4232	190476	190476	1	0
11.809142	200	204	3	4232	190476	190476	1	0
11.818485	200	204	3	4232	190476	190476	1	0
11.825708	200	204	3	4232	190476	190476	1	0
11.831645	200	204	3	4232	190476	190476	1	0
11.836883	200	204	3	4232	190476	190476	1	0
11.845445	200	204	3	4232	190476	190476	1	0
11.856680	200	204	3	4232	190476	190476	1	0
11.861924	200	204	3	4232	190476	190476	1	0
11.869522	200	204	3	4232	190476	190476	1	0
11.875066	200	204	3	4232	190476	190476	1	0
11.882130	200	204	3	4232	190476	190476	1	0
11.891011	200	204	3	4232	190476	190476	1	0
11.900001	200	204	3	4232	190476	190476	1	0
11.909646	200	204	3	4232	190476	190476	1	0
11.917987	200	204	3	4232	190476	190476	1	0
11.925199	200	204	3	4232	190476	190476	1	0
11.938367	200	204	3	4232	190476	190476	1	0
11.946648	200	204	3	4232	190476	190476	1	0
11.955458	200	204	3	4232	190476	190476	1	0
11.966026	200	204	3	4232	190476	190476	1	0
11.979079	200	204	3	4232	190476	190476	1	0
11.984846	200	204	3	4232	190476	190476	1	0
11.993449	200	204	3	4232	190476	190476	1	0
12.005576	200	204	3	4232	190476	190476	1	0
12.018199	200	204	3	4232	190476	190476	1	0
12.032412	200	204	3	4232	190476	190476	1	0
12.045936	200	204	3	4232	190476	190476	1	0
12.058732	200	204	3	4232	190476	190476	1	0
12.064100	200	204	3	4232	190476	190476	1	0
12.076222	200	204	3	4232	190476	190476	1	0
12.086069	200	204	3	4232	190476	190476	1	0
12.095266	200	204	3	4232	190476	190476	1	0
12.102075	200	204	3	4232	190476	190476	1	0
12.114232	200	204	3	4232	190476	190476	1	0
12.128964	200	204	3	4232	190476	190476	1	0
12.139071	200	204	3	4232	190476	190476	1	0
12.147686	200	204	3	4232	190476	190476	1	0
12.157556	200	204	3	4232	190476	190476	1	0
12.171107	200	204	3	4232	190476	190476	1	0
12.178838	200	204	3	4232	190476	190476	1	0
12.190829	200	204	3	4232	190476	190476	1	0
12.199345	200	204	3	4232	190476	190476	1	0
12.210530	200	204	3	4232	190476	190476	1	0
12.222412	200	204	3	4232	190476	190476	1	0
12.233736	200	204	3	4232	190476	190476	1	0
12.244342	200	204	3	4232	190476	190476	1	0
12.257864	200	204	3	4232	190476	190476	1	0
12.269080	200	204	3	4232	190476	190476	1	0
12.278436	200	204	3	4232	190476	190476	1	0
12.290719	200	204	3	4232	190476	190476	1	0
12.302089	200	204	3	4232	190476	190476	1	0
12.314428	200	204	3	4233	190494	190494	1	0
12.321504	200	204	3	4233	190494	190494	1	0
12.332810	200	204	3	4233	190494	190494	1	0
12.338517	200	204	3	4233	190494	190494	1	0
12.349419	200	204	3	4233	190494	190494	1	0
12.356169	200	204	3	4233	190494	190494	1	0
12.365803	200	204	3	4233	190494	190494	1	0
12.370996	200	204	3	4233	190494	190494	1	0
12.377242	200	204	3	4233	190494	190494	1	0
12.389648	200	204	3	4233	190494	190494	1	0
12.396716	200	204	3	4233	190494	190494	1	0
12.402979	200	204	3	4234	190494	190494	1	0
12.416088	200	204	3	4234	190494	190494	1	0
12.429421	200	204	3	4234	190494	190494	1	0
12.441541	200	204	3	4234	190494	190494	1	0
12.447542	200	204	3	4234	190494	190494	1	0
12.459838	200	204	3	4234	190494	190494	1	0
12.474363	200	204	3	4234	190494	190494	1	0
12.483948	200	204	3	4234	190494	190494	1	0
12.498563	200	204	3	4235	190494	190494	1	0
12.509376	200	204	3	4235	190494	190494	1	0
12.514841	200	204	3	4235	190494	190494	1	0
12.521947	200	204	3	4235	190494	190494	1	0
12.529556	200	204	3	4235	190494	190494	1	0
12.534771	200	204	3	4235	190494	190494	1	0
12.542098	200	204	3	4235	190494	190494	1	0
12.548239	200	204	3	4235	190494	190494	1	0
12.556634	200	204	3	4235	190494	190494	1	0
12.567719	200	204	3	4235	190494	190494	1	0
12.578156	200	204	3	4236	190494	190494	1	0
12.591043	200	204	3	4236	190494	190494	1	0
12.597872	200	204	3	4236	190494	190494	1	0
12.612539	200	204	3	4236	190494	190494	1	0
12.622897	200	204	3	4236	190494	190494	1	0
12.629408	200	204	3	4236	190494	190494	1	0
12.640557	200	204	3	4236	190494	190494	1	0
12.651242	200	204	3	4236	190494	190494	1	0
12.664149	200	204	3	4237	190494	190494	1	0
12.669874	200	204	3	4237	190494	190494	1	0
12.681815	200	204	3	4237	190494	190494	1	0
12.688808	200	204	3	4237	190494	190494	1	0
12.703710	200	204	3	4237	190494	190494	1	0
12.716921	200	204	3	4237	190494	190494	1	0
12.726713	200	204	3	4237	190494	190494	1	0
12.735048	200	204	3	4237	190494	190494	1	0
12.747169	200	204	3	4237	190494	190494	1	0
12.759496	200	204	3	4238	190494	190494	1	0
12.770370	200	204	3	4238	190494	190494	1	0
12.779196	200	204	3	4238	190494	190494	1	0
12.785793	200	204	3	4238	190494	190494	1	0
12.794214	200	204	3	4238	190494	190494	1	0
12.807758	200	204	3	4238	190494	190494	1	0
12.816418	200	204	3	4238	190494	190494	1	0
12.831077	200	204	3	4238	190494	190494	1	0
12.845419	200	204	3	4239	190494	190494	1	0
12.857709	200	204	3	4239	190494	190494	1	0
12.870525	200	204	3	4239	190494	190494	1	0
12.885630	200	204	3	4239	190494	190494	1	0
12.897111	200	204	3	4239	190494	190494	1	0
12.911649	200	204	3	4239	190494	190494	1	0
12.921269	200	204	3	4239	190494	190494	1	0
12.926789	200	204	3	4239	190494	190494	1	0
12.934862	200	204	3	4239	190494	190494	1	0
12.944106	200	204	3	4239	190494	190494	1	0
12.955585	200	204	3	4239	190494	190494	1	0
12.968338	200	204	3	4239	190494	190494	1	0
12.973863	200	204	3	4239	190494	190494	1	0
12.988454	200	204	3	4239	190494	190494	1	0
13.000762	200	204	3	4239	190494	190494	1	0
13.014277	200	204	3	4239	190494	190494	1	0
13.027269	200	204	3	4239	190494	190494	1	0
13.036633	200	204	3	4239	190494	190494	1	0
13.042789	200	204	3	4239	190494	190494	1	0
13.054954	200	204	3	4240	190494	190494	1	0
13.070093	200	204	3	4240	190494	190494	1	0
13.079171	200	204	3	4240	190494	190494	1	0
13.086251	200	204	3	4240	190494	190494	1	0
13.098152	200	204	3	4240	190494	190494	1	0
13.105498	200	204	3	4240	190494	190494	1	0
13.120311	200	204	3	4240	190494	190494	1	0
13.129115	200	204	3	4240	190494	190494	1	0
13.142506	200	204	3	4240	190494	190494	1	0
13.148706	200	204	3	4240	190494	190494	1	0
13.158570	200	204	3	4240	190494	190494	1	0
13.172221	200	204	3	4240	190494	190494	1	0
13.178516	200	204	3	4240	190494	190494	1	0
13.185945	200	204	3	4240	190494	190494	1	0
13.192362	200	204	3	4240	190494	190494	1	0
13.204510	200	204	3	4240	190494	190494	1	0
13.219009	200	204	3	4240	190494	190494	1	0
13.227399	200	204	3	4240	190494	190494	1	0
13.235695	200	204	3	4240	190494	190494	1	0
13.249356	200	204	3	4240	190494	190494	1	0
13.257510	200	204	3	4240	190494	190494	1	0
13.266823	200	204	3	4240	190494	190494	1	0
13.275874	200	204	3	4240	190494	190494	1	0
13.286117	200	204	3	4240	190494	190494	1	0
13.298158	200	204	3	4240	190494	190494	1	0
13.306343	200	204	3	4240	190494	190494	1	0
13.315073	200	204	3	4240	190494	190494	1	0
13.321344	200	204	3	4240	190494	190494	1	0
13.329580	200	204	3	4240	190494	190494	1	0
13.342712	200	204	3	4240	190494	190494	1	0
13.355026	200	204	3	4240	190494	190494	1	0
13.364966	200	204	3	4240	190494	190494	1	0
13.371887	200	204	3	4240	190494	190494	1	0
13.386330	200	204	3	4240	190494	190494	1	0
13.400216	200	204	3	4240	190494	190494	1	0
13.406110	200	204	3	4240	190494	190494	1	0
13.418512	200	204	3	4240	190494	190494	1	0
13.429373	200	204	3	4240	190494	190494	1	0
13.438187	200	204	3	4240	190494	190494	1	0
13.445409	200	204	3	4240	190494	190494	1	0
13.456262	200	204	3	4240	190494	190494	1	0
13.462532	200	204	3	4240	190494	190494	1	0
13.469396	200	204	3	4240	190494	190494	1	0
13.479124	200	204	3	4240	190494	190494	1	0
13.494047	200	204	3	4240	190494	190494	1	0
13.506618	200	204	3	4240	190494	190494	1	0
13.519214	200	204	3	4240	190494	190494	1	0
13.530242	200	204	3	4240	190494	190494	1	0
13.539248	200	204	3	4240	190494	190494	1	0
13.550684	200	204	3	4240	190494	190494	1	0
13.564926	200	204	3	4240	190494	190494	1	0
13.574943	200	204	3	4240	190494	190494	1	0
13.585767	200	204	3	4240	190494	190494	1	0
13.593402	200	204	3	4240	190494	190494	1	0
13.605564	200	204	3	4240	190494	190494	1	0
13.620365	200	204	3	4240	190494	190494	1	0
13.633077	200	204	3	4240	190494	190494	1	0
13.645764	200	204	3	4240	190494	190494	1	0
13.659622	200	204	3	4240	190494	190494	1	0
13.666000	200	204	3	4240	190494	190494	1	0
13.676774	200	204	3	4240	190494	190494	1	0
13.682950	200	204	3	4240	190494	190494	1	0
13.693780	200	204	3	4240	190494	190494	1	0
13.701799	200	204	3	4240	190494	190494	1	0
13.708939	200	204	3	4240	190494	190494	1	0
13.717629	200	204	3	4240	190494	190494	1	0
13.722963	200	204	3	4240	190494	190494	1	0
13.732741	200	204	3	4240	190494	190494	1	0
13.741490	200	204	3	4240	190494	190494	1	0
13.751146	200	204	3	4240	190494	190494	1	0
13.757306	200	204	3	4240	190494	190494	1	0
13.764009	200	204	3	4240	190494	190494	1	0
13.774329	200	204	3	4240	190494	190494	1	0
13.784733	200	204	3	4240	190494	190494	1	0
13.793880	200	204	3	4240	190494	190494	1	0
13.801782	200	204	3	4240	190494	190494	1	0
13.812927	200	204	3	4240	190494	190494	1	0
13.827740	200	204	3	4240	190494	190494	1	0
13.834199	200	204	3	4240	190494	190494	1	0
13.848589	200	204	3	4240	190494	190494	1	0
13.862737	200	204	3	4240	190494	190494	1	0
13.876611	200	204	3	4240	190494	190494	1	0
13.889753	200	204	3	4240	190494	190494	1	0
13.900033	200	204	3	4240	190494	190494	1	0
13.912816	200	204	3	4240	190494	190494	1	0
13.920284	200	204	3	4240	190494	190494	1	0
13.935002	200	204	3	4240	190494	190494	1	0
13.941574	200	204	3	4240	190494	190494	1	0
13.954673	200	204	3	4240	190494	190494	1	0
13.966628	200	204	3	4240	190494	190494	1	0
13.976255	200	204	3	4240	190494	190494	1	0
13.991078	200	204	3	4240	190494	190494	1	0
14.002632	200	204	3	4240	190494	190494	1	0
14.008075	200	204	3	4240	190494	190494	1	0
14.020883	200	204	3	4240	190494	190494	1	0
14.026598	200	204	3	4240	190494	190494	1	0
14.038483	200	204	3	4240	190494	190494	1	0
14.047187	200	204	3	4240	190494	190494	1	0
14.056651	200	204	3	4240	190494	190494	1	0
14.068802	200	204	3	4240	190494	190494	1	0
14.081301	200	204	3	4240	190494	190494	1	0
14.089753	200	204	3	4240	190494	190494	1	0
14.095192	200	204	3	4240	190494	190494	1	0
14.103608	200	204	3	4240	190494	190494	1	0
14.110295	200	204	3	4240	190494	190494	1	0
14.117332	200	204	3	4240	190494	190494	1	0
14.128557	200	204	3	4240	190494	190494	1	0
14.143541	200	204	3	4240	190494	190494	1	0
14.151350	200	204	3	4240	190494	190494	1	0
14.165961	200	204	3	4240	190494	190494	1	0
14.172133	200	204	3	4240	190494	190494	1	0
14.186153	200	204	3	4240	190494	190494	1	0
14.196848	200	204	3	4240	190494	190494	1	0
14.206451	200	204	3	4240	190494	190494	1	0
14.215021	200	204	3	4240	190494	190494	1	0
14.221694	200	204	3	4240	190494	190494	1	0
14.234913	200	204	3	4240	190494	190494	1	0
14.245895	200	204	3	4240	190494	190494	1	0
14.252417	200	204	3	4240	190484	190494	1	0
14.261968	200	204	3	4240	190484	190494	1	0
14.268932	200	204	3	4240	190484	190494	1	0
14.278496	200	204	3	4240	190484	190494	1	0
14.289041	200	204	3	4240	190484	190494	1	0
14.302565	200	204	3	4240	190484	190494	1	0
14.311360	200	204	3	4240	190484	190494	1	0
14.325612	200	204	3	4240	190484	190494	1	0
14.333822	200	204	3	4240	190484	190494	1	0
14.347217	200	204	3	4240	190484	190494	1	0
14.360248	200	204	3	4240	190484	190494	1	0
14.373731	200	204	3	4241	190484	190494	1	0
14.388515	200	204	3	4241	190484	190494	1	0
14.394094	200	204	3	4241	190484	190494	1	0
14.400930	200	204	3	4241	190484	190494	1	0
14.413853	200	204	3	4241	190484	190494	1	0
14.423582	200	204	3	4241	190484	190494	1	0
14.437340	200	204	3	4241	190484	190494	1	0
14.446249	200	204	3	4241	190484	190494	1	0
14.454344	200	204	3	4241	190484	190494	1	0
14.464713	200	204	3	4241	190484	190494	1	0
14.475991	200	204	3	4242	190484	190494	1	0
14.488977	200	204	3	4242	190484	190494	1	0
14.497999	200	204	3	4242	190484	190494	1	0
14.508873	200	204	3	4242	190484	190494	1	0
14.521383	200	204	3	4242	190484	190494	1	0
14.530797	200	204	3	4242	190484	190494	1	0
14.537046	200	204	3	4242	190484	190494	1	0
14.543443	200	204	3	4242	190484	190494	1	0
14.558297	200	204	3	4242	190484	190494	1	0
14.571548	200	204	3	4242	190484	190494	1	0
14.580137	200	204	3	4243	190484	190494	1	0
14.589088	200	204	3	4243	190484	190494	1	0
14.601845	200	204	3	4243	190484	190494	1	0
14.613016	200	204	3	4243	190484	190494	1	0
14.622046	200	204	3	4243	190484	190494	1	0
14.627703	200	204	3	4243	190484	190494	1	0
14.638722	200	204	3	4243	190484	190494	1	0
14.644808	200	204	3	4243	190484	190494	1	0
14.655037	200	204	3	4243	190484	190494	1	0
14.666527	200	204	3	4243	190484	190494	1	0
14.676204	200	204	3	4243	190484	190494	1	0
14.683054	200	204	3	4244	190484	190494	1	0
14.690035	200	204	3	4244	190484	190494	1	0
14.704414	200	204	3	4244	190484	190494	1	0
14.713108	200	204	3	4244	190484	190494	1	0
14.726395	200	204	3	4244	190484	190494	1	0
14.732409	200	204	3	4244	190484	190494	1	0
14.738403	200	204	3	4244	190484	190494	1	0
14.747369	200	204	3	4244	190484	190494	1	0
14.758775	200	204	3	4244	190484	190494	1	0
14.773829	200	204	3	4244	190484	190494	1	0
14.785199	200	204	3	4244	190484	190494	1	0
14.793697	200	204	3	4245	190484	190494	1	0
14.803271	200	204	3	4245	190484	190494	1	0
14.814713	200	204	3	4245	190484	190494	1	0
14.822028	200	204	3	4245	190484	190494	1	0
14.833612	200	204	3	4245	190484	190494	1	0
14.841947	200	204	3	4245	190484	190494	1	0
14.850493	200	204	3	4245	190484	190494	1	0
14.864946	200	204	3	4245	190484	190494	1	0
14.872874	200	204	3	4245	190484	190494	1	0
14.880778	200	204	3	4245	190484	190494	1	0
14.891975	200	204	3	4245	190484	190494	1	0
14.899724	200	204	3	4246	190484	190494	1	0
14.911744	200	204	3	4246	190484	190494	1	0
14.924228	200	204	3	4246	190484	190494	1	0
14.937827	200	204	3	4246	190484	190494	1	0
14.949618	200	204	3	4246	190484	190494	1	0
14.956878	200	204	3	4246	190484	190494	1	0
14.969514	200	204	3	4246	190484	190494	1	0
14.977641	200	204	3	4246	190484	190494	1	0
14.991853	200	204	3	4246	190484	190494	1	0
15.003544	200	204	3	4246	190484	190494	1	0
15.017539	200	204	3	4247	190484	190494	1	0
15.030798	200	204	3	4247	190484	190494	1	0
15.041371	200	204	3	4247	190484	190494	1	0
15.053298	200	204	3	4247	190484	190494	1	0
15.062287	200	204	3	4247	190484	190494	1	0
15.070057	200	204	3	4247	190484	190494	1	0
15.077705	200	204	3	4247	190484	190494	1	0
15.092599	200	204	3	4247	190484	190494	1	0
15.105300	200	204	3	4247	190484	190494	1	0
15.111749	200	204	3	4247	190484	190494	1	0
15.125985	200	204	3	4247	190484	190494	1	0
15.137829	200	204	3	4247	190484	190494	1	0
15.146934	200	204	3	4247	190484	190494	1	0
15.152127	200	204	3	4247	190484	190494	1	0
15.162401	200	204	3	4247	190484	190494	1	0
15.168089	200	204	3	4247	190484	190494	1	0
15.177763	200	204	3	4247	190484	190494	1	0
15.190736	200	204	3	4247	190484	190494	1	0
15.204016	200	204	3	4247	190484	190494	1	0
15.217681	200	204	3	4248	190484	190494	1	0
15.226506	200	204	3	4248	190484	190494	1	0
15.238469	200	204	3	4248	190484	190494	1	0
15.249670	200	204	3	4248	190484	190494	1	0
15.257984	200	204	3	4248	190484	190494	1	0
15.264276	200	204	3	4248	190484	190494	1	0
15.272590	200	204	3	4248	190484	190494	1	0
15.284281	200	204	3	4248	190484	190494	1	0
15.290724	200	204	3	4248	190484	190494	1	0
15.304840	200	204	3	4248	190484	190494	1	0
15.316730	200	204	3	4248	190484	190494	1	0
15.327062	200	204	3	4248	190484	190494	1	0
15.337442	200	204	3	4248	190484	190494	1	0
15.350414	200	204	3	4248	190484	190494	1	0
15.361762	200	204	3	4248	190484	190494	1	0
15.370086	200	204	3	4248	190484	190494	1	0
15.383082	200	204	3	4248	190484	190494	1	0
15.396567	200	204	3	4248	190484	190494	1	0
15.411263	200	204	3	4248	190484	190494	1	0
15.422991	200	204	3	4248	190484	190494	1	0
15.433707	200	204	3	4248	190484	190494	1	0
15.439540	200	204	3	4248	190484	190494	1	0
15.448070	200	204	3	4248	190484	190494	1	0
15.453725	200	204	3	4248	190484	190494	1	0
15.468728	200	204	3	4248	190484	190494	1	0
15.474180	200	204	3	4248	190484	190494	1	0
15.484339	200	204	3	4248	190484	190494	1	0
15.492913	200	204	3	4248	190484	190494	1	0
15.507424	200	204	3	4248	190484	190494	1	0
15.517115	200	204	3	4248	190484	190494	1	0
15.528959	200	204	3	4248	190484	190494	1	0
15.535391	200	204	3	4248	190484	190494	1	0
15.549266	200	204	3	4248	190484	190494	1	0
15.559030	200	204	3	4248	190484	190494	1	0
15.567546	200	204	3	4248	190484	190494	1	0
15.581833	200	204	3	4248	190484	190494	1	0
15.589660	200	204	3	4248	190484	190494	1	0
15.602093	200	204	3	4248	190484	190494	1	0
15.614912	200	204	3	4248	190484	190494	1	0
15.628799	200	204	3	4248	190484	190494	1	0
15.634473	200	204	3	4248	190484	190494	1	0
15.647947	200	204	3	4248	190484	190494	1	0
15.655007	200	204	3	4248	190484	190494	1	0
15.663533	200	204	3	4248	190484	190494	1	0
15.674048	200	204	3	4248	190484	190494	1	0
15.679625	200	204	3	4248	190484	190494	1	0
15.691997	200	204	3	4248	190484	190494	1	0
15.701597	200	204	3	4248	190484	190494	1	0
15.714821	200	204	3	4248	190484	190494	1	0
15.726093	200	204	3	4248	190484	190494	1	0
15.739988	200	204	3	4248	190484	190494	1	0
15.748837	200	204	3	4248	190484	190494	1	0
15.761747	200	204	3	4248	190484	190494	1	0
15.772354	200	204	3	4248	190484	190494	1	0
15.778590	200	204	3	4248	190484	190494	1	0
15.786954	200	204	3	4248	190484	190494	1	0
15.799785	200	204	3	4248	190484	190494	1	0
15.809753	200	204	3	4248	190484	190494	1	0
15.824902	200	204	3	4248	190484	190494	1	0
15.831488	200	204	3	4248	190484	190494	1	0
15.841960	200	204	3	4248	190484	190494	1	0
15.852146	200	204	3	4248	190484	190494	1	0
15.865591	200	204	3	4248	190484	190494	1	0
15.871178	200	204	3	4248	190484	190494	1	0
15.879942	200	204	3	4248	190484	190494	1	0
15.886827	200	204	3	4248	190484	190494	1	0
15.901351	200	204	3	4248	190484	190494	1	0
15.915657	200	204	3	4248	190484	190494	1	0
15.926911	200	204	3	4248	190484	190494	1	0
15.935269	200	204	3	4248	190484	190494	1	0
15.941852	200	204	3	4248	190484	190494	1	0
15.950916	200	204	3	4248	190484	190494	1	0
15.963297	200	204	3	4248	190484	190494	1	0
15.969546	200	204	3	4248	190484	190494	1	0
15.982499	200	204	3	4248	190484	190494	1	0
15.996072	200	204	3	4248	190484	190494	1	0
16.006298	200	204	3	4248	190484	190494	1	0
16.020206	200	204	3	4248	190484	190494	1	0
16.031311	200	204	3	4248	190484	190494	1	0
16.043700	200	204	3	4248	190484	190494	1	0
16.056126	200	204	3	4248	190484	190494	1	0
16.062531	200	204	3	4248	190484	190494	1	0
16.074094	200	204	3	4248	190484	190494	1	0
16.084007	200	204	3	4248	190484	190494	1	0
16.094046	200	204	3	4248	190484	190494	1	0
16.108274	200	204	3	4248	190484	190494	1	0
16.119772	200	204	3	4248	190484	190494	1	0
16.129944	200	204	3	4248	190484	190494	1	0
16.137078	200	204	3	4248	190484	190494	1	0
16.147690	200	204	3	4248	190484	190494	1	0
16.154743	200	204	3	4248	190484	190494	1	0
16.161114	200	204	3	4248	190484	190494	1	0
16.173568	200	204	3	4248	190484	190494	1	0
16.183164	200	204	3	4248	190484	190494	1	0
16.189784	200	204	3	4248	190484	190494	1	0
16.196679	200	204	3	4248	190484	190494	1	0
16.204191	200	204	3	4248	190484	190494	1	0
16.214559	200	204	3	4248	190484	190494	1	0
16.224441	200	204	3	4248	190484	190494	1	0
16.233059	200	204	3	4248	190484	190494	1	0
16.240550	200	204	3	4248	190484	190494	1	0
16.247279	200	204	3	4248	190484	190494	1	0
16.258643	200	204	3	4248	190484	190494	1	0
16.268848	200	204	3	4248	190484	190494	1	0
16.278438	200	204	3	4248	190484	190494	1	0
16.293594	200	204	3	4248	190484	190494	1	0
16.306632	200	204	3	4248	190484	190494	1	0
16.321410	200	204	3	4248	190484	190494	1	0
16.334065	200	204	3	4248	190484	190494	1	0
16.348455	200	204	3	4248	190484	190494	1	0
16.360308	200	204	3	4248	190484	190494	1	0
16.371914	200	204	3	4248	190484	190494	1	0
16.383592	200	204	3	4248	190484	190494	1	0
16.398332	200	204	3	4248	190484	190494	1	0
16.406144	200	204	3	4248	190484	190494	1	0
16.417007	200	204	3	4248	190484	190494	1	0
16.422703	200	204	3	4248	190484	190494	1	0
16.429965	200	204	3	4248	190484	190494	1	0
16.442210	200	204	3	4248	190484	190494	1	0
16.454534	200	204	3	4248	190484	190494	1	0
16.459936	200	204	3	4248	190484	190494	1	0
16.468100	200	204	3	4248	190484	190494	1	0
16.480538	200	204	3	4248	190484	190494	1	0
16.487248	200	204	3	4248	190484	190494	1	0
16.500521	200	204	3	4248	190484	190494	1	0
16.509207	200	204	3	4248	190484	190494	1	0
16.521245	200	204	3	4248	190484	190494	1	0
16.530736	200	204	3	4248	190484	190494	1	0
16.543657	200	204	3	4248	190484	190494	1	0
16.550463	200	204	3	4248	190484	190494	1	0
16.565357	200	204	3	4248	190484	190494	1	0
16.574426	200	204	3	4248	190484	190494	1	0
16.581563	200	204	3	4248	190484	190494	1	0
16.592022	200	204	3	4248	190484	190494	1	0
16.603667	200	204	3	4248	190484	190494	1	0
16.609733	200	204	3	4248	190484	190494	1	0
16.624161	200	204	3	4248	190484	190494	1	0
16.633535	200	204	3	4248	190484	190494	1	0
16.643168	200	204	3	4248	190484	190494	1	0
16.649846	200	204	3	4248	190484	190494	1	0
16.656115	200	204	3	4248	190484	190494	1	0
16.662198	200	204	3	4248	190484	190494	1	0
16.672345	200	204	3	4248	190484	190494	1	0
16.684579	200	204	3	4248	190484	190494	1	0
16.698036	200	204	3	4248	190484	190494	1	0
16.708903	200	204	3	4248	190484	190494	1	0
16.716548	200	204	3	4248	190484	190494	1	0
16.727362	200	204	3	4248	190484	190494	1	0
16.739379	200	204	3	4248	190484	190494	1	0
16.754394	200	204	3	4248	190484	190494	1	0
16.762025	200	204	3	4248	190458	190494	1	0
16.771028	200	204	3	4248	190458	190494	1	0
16.781821	200	204	3	4248	190458	190494	1	0
16.794448	200	204	3	4248	190458	190494	1	0
16.806053	200	204	3	4248	190458	190494	1	0
16.815780	200	204	3	4248	190458	190494	1	0
16.823605	200	204	3	4248	190458	190494	1	0
16.829685	200	204	3	4248	190458	190494	1	0
16.839388	200	204	3	4248	190458	190494	1	0
16.853174	200	204	3	4248	190458	190494	1	0
16.866811	200	204	3	4248	190458	190494	1	0
16.874714	200	204	3	4248	190458	190494	1	0
16.884958	200	204	3	4248	190458	190494	1	0
16.894493	200	204	3	4248	190458	190494	1	0
16.900222	200	204	3	4249	190458	190494	1	0
16.908435	200	204	3	4249	190458	190494	1	0
16.916878	200	204	3	4249	190458	190494	1	0
16.931148	200	204	3	4249	190458	190494	1	0
16.941691	200	204	3	4249	190458	190494	1	0
16.947157	200	204	3	4249	190458	190494	1	0
16.953380	200	204	3	4249	190458	190494	1	0
16.962767	200	204	3	4249	190458	190494	1	0
16.968482	200	204	3	4249	190458	190494	1	0
16.981435	200	204	3	4249	190458	190494	1	0
16.996479	200	204	3	4249	190458	190494	1	0
17.007619	200	204	3	4249	190458	190494	1	0
17.015151	200	204	3	4249	190458	190494	1	0
17.021145	200	204	3	4249	190458	190494	1	0
17.032254	200	204	3	4250	190458	190494	1	0
17.038170	200	204	3	4250	190458	190494	1	0
17.045213	200	204	3	4250	190458	190494	1	0
17.053026	200	204	3	4250	190458	190494	1	0
17.061956	200	204	3	4250	190458	190494	1	0
17.077033	200	204	3	4250	190458	190494	1	0
17.088108	200	204	3	4250	190458	190494	1	0
17.101030	200	204	3	4250	190458	190494	1	0
17.109611	200	204	3	4250	190458	190494	1	0
17.124494	200	204	3	4250	190458	190494	1	0
17.130132	200	204	3	4250	190458	190494	1	0
17.142410	200	204	3	4256	190458	190494	1	0
17.155764	200	204	3	4256	190458	190494	1	0
17.162868	200	204	3	4256	190458	190494	1	0
17.171047	200	204	3	4256	190458	190494	1	0
17.178366	200	204	3	4256	190458	190494	1	0
17.193193	200	204	3	4256	190458	190494	1	0
17.202033	200	204	3	4256	190458	190494	1	0
17.209739	200	204	3	4256	190458	190494	1	0
17.222301	200	204	3	4256	190458	190494	1	0
17.233390	200	204	3	4256	190458	190494	1	0
17.240152	200	204	3	4256	190458	190494	1	0
17.249896	200	204	3	4256	190458	190494	1	0
17.263568	200	204	3	4256	190458	190494	1	0
17.275464	200	204	3	4256	190458	190494	1	0
17.285261	200	204	3	4256	190458	190494	1	0
17.298391	200	204	3	4256	190458	190494	1	0
17.303772	200	204	3	4256	190458	190494	1	0
17.314267	200	204	3	4256	190458	190494	1	0
17.320994	200	204	3	4256	190458	190494	1	0
17.326898	200	204	3	4256	190458	190494	1	0
17.334706	200	204	3	4256	190458	190494	1	0
17.340680	200	204	3	4256	190458	190494	1	0
17.350639	200	204	3	4256	190458	190494	1	0
17.357122	200	204	3	4256	190458	190494	1	0
17.365769	200	204	3	4256	190458	190494	1	0
17.372488	200	204	3	4257	190466	190494	1	0
17.387576	200	204	3	4257	190466	190494	1	0
17.393785	200	204	3	4257	190466	190494	1	0
17.402482	200	204	3	4257	190466	190494	1	0
17.411934	200	204	3	4280	190460	190494	1	0
17.417456	200	204	3	4289	190460	190494	1	0
17.422722	200	204	3	4296	190460	190494	1	0
17.428864	200	204	3	4304	190460	190494	1	0
17.441962	200	204	3	4318	190460	190494	1	0
17.448098	200	204	3	4321	190460	190494	1	0
17.457925	200	204	3	4329	190460	190494	1	0
17.472103	200	204	3	4339	190460	190494	1	0
17.480350	200	204	3	4344	190460	190494	1	0
17.486377	200	204	3	4347	190460	190494	1	0
17.496970	200	204	3	4352	190460	190494	1	0
17.505302	200	204	3	4358	190460	190494	1	0
17.519384	200	204	3	4364	190460	190494	1	0
17.530359	200	204	3	4368	190460	190494	1	0
17.540750	200	204	3	4374	190460	190494	1	0
17.548338	200	204	3	4376	190460	190494	1	0
17.555431	200	204	3	4378	190460	190494	1	0
17.566411	200	204	3	4384	190460	190494	1	0
17.573554	200	204	3	4385	190460	190494	1	0
17.580853	200	204	3	4389	190460	190494	1	0
17.595227	200	204	3	4392	190460	190494	1	0
17.600571	200	204	3	4395	190460	190494	1	0
17.608583	200	204	3	4400	190460	190494	1	0
17.622359	200	204	3	4402	190460	190494	1	0
17.633400	200	204	3	4408	190460	190494	1	0
17.642416	200	204	3	4408	190460	190494	1	0
17.657302	200	204	3	4413	190460	190494	1	0
17.663416	200	204	3	4416	190460	190494	1	0
17.673222	200	204	3	4416	190460	190494	1	0
17.682318	200	204	3	4417	190460	190494	1	0
17.690678	200	204	3	4422	190460	190494	1	0
17.703891	200	204	3	4424	190460	190494	1	0
17.710534	200	204	3	4425	190460	190494	1	0
17.717620	200	204	3	4428	190460	190494	1	0
17.723729	200	204	3	4432	190460	190494	1	0
17.733329	200	204	3	4432	190460	190494	1	0
17.742794	200	204	3	4433	190460	190494	1	0
17.750780	200	204	3	4436	190460	190494	1	0
17.763405	200	204	3	4440	190460	190494	1	0
17.770499	200	204	3	4440	190460	190494	1	0
17.780652	200	204	3	4441	190460	190494	1	0
17.789006	200	204	3	4444	190460	190494	1	0
17.796357	200	204	3	4447	190460	190494	1	0
17.805946	200	204	3	4448	190460	190494	1	0
17.813750	200	204	3	4448	190460	190494	1	0
17.819567	200	204	3	4449	190460	190494	1	0
17.830017	200	204	3	4454	190460	190494	1	0
17.841420	200	204	3	4456	190460	190494	1	0
17.847084	200	204	3	4456	190460	190494	1	0
17.855850	200	204	3	4458	190460	190494	1	0
17.865086	200	204	3	4462	190460	190494	1	0
17.870269	200	204	3	4464	190460	190494	1	0
17.877787	200	204	3	4464	190460	190494	1	0
17.883417	200	204	3	4464	190460	190494	1	0
17.890858	200	204	3	4465	190460	190494	1	0
17.898091	200	204	3	4468	190460	190494	1	0
17.910297	200	204	3	4472	190460	190494	1	0
17.916854	200	204	3	4472	190460	190494	1	0
17.922247	200	204	3	4472	190460	190494	1	0
17.931397	200	204	3	4473	190460	190494	1	0
17.939692	200	204	3	4475	190460	190494	1	0
17.953610	200	204	3	4480	190460	190494	1	0
17.966609	200	204	3	4480	190460	190494	1	0
17.977644	200	204	3	4481	190460	190494	1	0
17.992783	200	204	3	4486	190460	190494	1	0
18.005711	200	204	3	4488	190460	190494	1	0
18.016243	200	204	3	4488	190460	190494	1	0
18.031277	200	204	3	4493	190460	190494	1	0
18.037349	200	204	3	4496	190460	190494	1	0
18.047876	200	204	3	4496	190460	190494	1	0
18.062306	200	204	3	4498	190460	190494	1	0
18.071530	200	204	3	4501	190460	190494	1	0
18.083198	200	204	3	4504	190460	190494	1	0
18.089744	200	204	3	4504	190460	190494	1	0
18.101572	200	204	3	4504	190460	190494	1	0
18.115569	200	204	3	4506	190460	190494	1	0
18.123313	200	204	3	4508	190460	190494	1	0
18.136406	200	204	3	4512	190460	190494	1	0
18.151251	200	204	3	4512	190460	190494	1	0
18.158636	200	204	3	4513	190460	190494	1	0
18.169601	200	204	3	4516	190460	190494	1	0
18.176508	200	204	3	4518	190460	190494	1	0
18.185639	200	204	3	4520	190460	190494	1	0
18.197461	200	204	3	4520	190460	190494	1	0
18.207230	200	204	3	4521	190460	190494	1	0
18.213162	200	204	3	4521	190460	190494	1	0
18.219621	200	204	3	4523	190460	190494	1	0
18.226150	200	204	3	4525	190460	190494	1	0
18.237535	200	204	3	4528	190460	190494	1	0
18.251774	200	204	3	4528	190460	190494	1	0
18.265462	200	204	3	4529	190460	190494	1	0
18.273843	200	204	3	4530	190460	190494	1	0
18.282101	200	204	3	4533	190460	190494	1	0
18.288500	200	204	3	4535	190460	190494	1	0
18.296515	200	204	3	4536	190460	190494	1	0
18.302410	200	204	3	4536	190460	190494	1	0
18.307788	200	204	3	4536	190460	190494	1	0
18.322519	200	204	3	4537	190460	190494	1	0
18.337281	200	204	3	4541	190460	190494	1	0
18.346225	200	204	3	4543	190460	190494	1	0
18.357900	200	204	3	4544	190460	190494	1	0
18.368436	200	204	3	4544	190460	190494	1	0
18.383237	200	204	3	4545	190460	190494	1	0
18.394738	200	204	3	4548	190460	190494	1	0
18.404185	200	204	3	4550	190460	190494	1	0
18.416913	200	204	3	4552	190460	190494	1	0
18.429813	200	204	3	4552	190460	190494	1	0
18.438703	200	204	3	4552	190460	190494	1	0
18.448722	200	204	3	4553	190460	190494	1	0
18.457759	200	204	3	4556	190460	190494	1	0
18.465613	200	204	3	4558	190460	190494	1	0
18.472908	200	204	3	4560	190460	190494	1	0
18.481312	200	204	3	4560	190460	190494	1	0
18.487114	200	204	3	4560	190460	190494	1	0
18.500601	200	204	3	4561	190460	190494	1	0
18.508103	200	204	3	4562	190460	190494	1	0
18.515146	200	204	3	4564	190460	190494	1	0
18.529711	200	204	3	4567	190460	190494	1	0
18.540672	200	204	3	4568	190460	190494	1	0
18.550907	200	204	3	4568	190460	190494	1	0
18.563328	200	204	3	4569	190460	190494	1	0
18.570167	200	204	3	4569	190460	190494	1	0
18.584357	200	204	3	4572	190460	190494	1	0
18.597230	200	204	3	4575	190460	190494	1	0
18.608650	200	204	3	4576	190460	190494	1	0
18.615456	200	204	3	4576	190460	190494	1	0
18.622560	200	204	3	4576	190460	190494	1	0
18.633958	200	204	3	4577	190460	190494	1	0
18.647057	200	204	3	4579	190460	190494	1	0
18.659522	200	204	3	4582	190460	190494	1	0
18.671158	200	204	3	4584	190460	190494	1	0
18.677313	200	204	3	4584	190460	190494	1	0
18.685709	200	204	3	4584	190460	190494	1	0
18.698579	200	204	3	4585	190460	190494	1	0
18.710923	200	204	3	4586	190460	190494	1	0
18.716831	200	204	3	4588	190460	190494	1	0
18.730296	200	204	3	4590	190460	190494	1	0
18.744372	200	204	3	4592	190460	190494	1	0
18.752299	200	204	3	4592	190460	190494	1	0
18.766765	200	204	3	4592	190460	190494	1	0
18.781504	200	204	3	4593	190460	190494	1	0
18.791773	200	204	3	4594	190460	190494	1	0
18.805202	200	204	3	4598	190460	190494	1	0
18.813195	200	204	3	4599	190460	190494	1	0
18.820968	200	204	3	4600	190460	190494	1	0
18.831369	200	204	3	4600	190460	190494	1	0
18.838147	200	204	3	4600	190460	190494	1	0
18.843953	200	204	3	4600	190460	190494	1	0
18.852548	200	204	3	4601	190460	190494	1	0
18.860717	200	204	3	4601	190460	190494	1	0
18.869091	200	204	3	4603	190460	190494	1	0
18.882519	200	204	3	4606	190460	190494	1	0
18.890786	200	204	3	4607	190460	190494	1	0
18.901756	200	204	3	4608	190460	190494	1	0
18.908410	200	204	3	4608	190460	190494	1	0
18.921136	200	204	3	4608	190460	190494	1	0
18.929985	200	204	3	4609	190460	190494	1	0
18.942546	200	204	3	4610	190460	190494	1	0
18.957014	200	204	3	4613	190460	190494	1	0
18.962800	200	204	3	4614	190460	190494	1	0
18.969812	200	204	3	4615	190460	190494	1	0
18.982028	200	204	3	4616	190460	190494	1	0
18.991930	200	204	3	4616	190460	190494	1	0
18.997435	200	204	3	4616	190460	190494	1	0
19.011066	200	204	3	4617	190460	190494	1	0
19.020847	200	204	3	4618	190460	190494	1	0
19.034404	200	204	3	4620	190460	190494	1	0
19.046487	200	204	3	4623	190460	190494	1	0
19.059652	200	204	3	4624	190460	190494	1	0
19.069159	200	204	3	4624	190460	190494	1	0
19.080608	200	204	3	4624	190460	190494	1	0
19.089063	200	204	3	4624	190460	190494	1	0
19.099664	200	204	3	4625	190460	190494	1	0
19.105880	200	204	3	4626	190460	190494	1	0
19.119683	200	204	3	4630	190460	190494	1	0
19.126755	200	204	3	4631	190460	190494	1	0
19.133876	200	204	3	4632	190460	190494	1	0
19.141309	200	204	3	4632	190460	190494	1	0
19.156032	200	204	3	4632	190460	190494	1	0
19.165097	200	204	3	4632	190460	190494	1	0
19.175834	200	204	3	4633	190460	190494	1	0
19.186831	200	204	3	4634	190460	190494	1	0
19.201085	200	204	3	4637	190460	190494	1	0
19.208284	200	204	3	4638	190460	190494	1	0
19.217794	200	204	3	4640	190460	190494	1	0
19.228710	200	204	3	4640	190460	190494	1	0
19.238260	200	204	3	4640	190460	190494	1	0
19.248676	200	204	3	4640	190460	190494	1	0
19.263715	200	204	3	4641	190460	190494	1	0
19.278359	200	204	3	4642	190460	190494	1	0
19.289955	200	204	3	4644	190460	190494	1	0
19.302579	200	204	3	4647	190460	190494	1	0
19.307864	200	204	3	4648	190460	190494	1	0
19.316513	200	204	3	4648	190460	190494	1	0
19.322174	200	204	3	4648	190460	190494	1	0
19.332183	200	204	3	4648	190460	190494	1	0
19.345558	200	204	3	4648	190460	190494	1	0
19.359144	200	204	3	4649	190460	190494	1	0
19.374197	200	204	3	4651	190460	190494	1	0
19.387833	200	204	3	4654	190460	190494	1	0
19.399816	200	204	3	4656	190460	190494	1	0
19.410415	200	204	3	4656	190460	190494	1	0
19.415703	200	204	3	4656	190460	190494	1	0
19.422904	200	204	3	4656	190460	190494	1	0
19.432441	200	204	3	4656	190460	190494	1	0
19.441190	200	204	3	4656	190460	190494	1	0
19.452268	200	204	3	4658	190460	190494	1	0
19.467269	200	204	3	4660	190460	190494	1	0
19.475933	200	204	3	4662	190460	190494	1	0
19.482764	200	204	3	4664	190460	190494	1	0
19.488597	200	204	3	4664	190460	190494	1	0
19.499559	200	204	3	4664	190460	190494	1	0
19.509613	200	204	3	4664	190460	190494	1	0
19.516550	200	204	3	4664	190460	190494	1	0
19.529479	200	204	3	4665	190460	190494	1	0
19.542480	200	204	3	4667	190460	190494	1	0
19.550467	200	204	3	4668	190460	190494	1	0
19.560524	200	204	3	4670	190460	190494	1	0
19.571161	200	204	3	4672	190460	190494	1	0
19.579749	200	204	3	4672	190460	190494	1	0
19.587989	200	204	3	4672	190460	190494	1	0
19.594264	200	204	3	4672	190460	190494	1	0
19.603773	200	204	3	4672	190460	190494	1	0
19.615935	200	204	3	4673	190460	190494	1	0
19.625084	200	204	3	4673	190460	190494	1	0
19.637999	200	204	3	4676	190460	190494	1	0
19.652788	200	204	3	4678	190460	190494	1	0
19.666724	200	204	3	4680	190460	190494	1	0
19.680081	200	204	3	4680	190460	190494	1	0
19.686639	200	204	3	4680	190460	190494	1	0
19.694646	200	204	3	4680	190460	190494	1	0
19.704944	200	204	3	4680	190460	190494	1	0
19.720074	200	204	3	4681	190460	190494	1	0
19.733595	200	204	3	4684	190460	190494	1	0
19.746299	200	204	3	4686	190460	190494	1	0
19.754858	200	204	3	4688	190460	190494	1	0
19.767907	200	204	3	4688	190460	190494	1	0
19.778076	200	204	3	4688	190460	190494	1	0
19.789360	200	204	3	4688	190460	190494	1	0
19.797948	200	204	3	4688	190460	190494	1	0
19.805406	200	204	3	4689	190460	190494	1	0
19.812074	200	204	3	4689	190460	190494	1	0
19.827091	200	204	3	4691	190460	190494	1	0
19.835953	200	204	3	4692	190460	190494	1	0
19.846383	200	204	3	4694	190460	190494	1	0
19.857967	200	204	3	4696	190460	190494	1	0
19.867477	200	204	3	4696	190460	190494	1	0
19.873183	200	204	3	4696	190460	190494	1	0
19.887882	200	204	3	4696	190460	190494	1	0
19.893591	200	204	3	4696	190460	190494	1	0
19.903967	200	204	3	4696	190460	190494	1	0
19.912036	200	204	3	4697	190460	190494	1	0
19.925762	200	204	3	4698	190460	190494	1	0
19.932843	200	204	3	4699	190460	190494	1	0
19.939423	200	204	3	4700	190460	190494	1	0
19.950674	200	204	3	4701	190460	190494	1	0
19.961481	200	204	3	4703	190460	190494	1	0
19.970293	200	204	3	4704	190460	190494	1	0
19.984838	200	204	3	4704	190460	190494	1	0
19.994867	200	204	3	4704	190460	190494	1	0
20.009451	200	204	3	4704	190460	190494	1	0
20.014772	200	204	3	4704	190460	190494	1	0
20.022126	200	204	3	4705	190460	190494	1	0
20.027712	200	204	3	4705	190460	190494	1	0
20.033747	200	204	3	4705	190460	190494	1	0
20.043408	200	204	3	4707	190460	190494	1	0
20.051491	200	204	3	4708	190460	190494	1	0
20.059278	200	204	3	4709	190460	190494	1	0
20.066786	200	204	3	4711	190460	190494	1	0
20.074093	200	204	3	4712	190460	190494	1	0
20.082480	200	204	3	4712	190460	190494	1	0
20.090380	200	204	3	4712	190460	190494	1	0
20.104280	200	204	3	4712	190460	190494	1	0
20.111989	200	204	3	4712	190460	190494	1	0
20.125167	200	204	3	4713	190460	190494	1	0
20.139406	200	204	3	4715	190460	190494	1	0
20.145433	200	204	3	4716	190460	190494	1	0
20.152660	200	204	3	4717	190460	190494	1	0
20.167560	200	204	3	4720	190460	190494	1	0
20.174550	200	204	3	4720	190460	190494	1	0
20.181995	200	204	3	4720	190460	190494	1	0
20.194718	200	204	3	4720	190460	190494	1	0
20.207260	200	204	3	4720	190460	190494	1	0
20.220887	200	204	3	4721	190460	190494	1	0
20.234396	200	204	3	4722	190460	190494	1	0
20.239594	200	204	3	4723	190460	190494	1	0
20.253921	200	204	3	4725	190460	190494	1	0
20.265340	200	204	3	4726	190460	190494	1	0
20.271607	200	204	3	4727	190460	190494	1	0
20.284160	200	204	3	4728	190460	190494	1	0
20.298518	200	204	3	4728	190460	190494	1	0
20.306632	200	204	3	4728	190460	190494	1	0
20.320332	200	204	3	4728	190460	190494	1	0
20.329705	200	204	3	4728	190460	190494	1	0
20.343074	200	204	3	4729	190460	190494	1	0
20.350671	200	204	3	4730	190460	190494	1	0
20.357275	200	204	3	4731	190460	190494	1	0
20.365930	200	204	3	4733	190460	190494	1	0
20.377337	200	204	3	4734	190460	190494	1	0
20.388685	200	204	3	4736	190460	190494	1	0
20.403353	200	204	3	4736	190460	190494	1	0
20.412232	200	204	3	4736	190460	190494	1	0
20.426418	200	204	3	4736	190460	190494	1	0
20.440961	200	204	3	4737	190460	190494	1	0
20.454554	200	204	3	4738	190460	190494	1	0
20.466060	200	204	3	4739	190460	190494	1	0
20.473698	200	204	3	4740	190460	190494	1	0
20.481354	200	204	3	4742	190460	190494	1	0
20.495750	200	204	3	4744	190460	190494	1	0
20.505486	200	204	3	4744	190460	190494	1	0
20.514489	200	204	3	4744	190460	190494	1	0
20.525314	200	204	3	4744	190460	190494	1	0
20.539290	200	204	3	4744	190460	190494	1	0
20.551691	200	204	3	4745	190460	190494	1	0
20.563279	200	204	3	4746	190460	190494	1	0
20.571091	200	204	3	4747	190460	190494	1	0
20.584550	200	204	3	4749	190460	190494	1	0
20.595117	200	204	3	4750	190460	190494	1	0
20.602765	200	204	3	4752	190460	190494	1	0
20.608759	200	204	3	4752	190460	190494	1	0
20.615800	200	204	3	4752	190460	190494	1	0
20.625459	200	204	3	4752	190460	190494	1	0
20.638179	200	204	3	4752	190460	190494	1	0
20.650613	200	204	3	4752	190460	190494	1	0
20.663118	200	204	3	4753	190460	190494	1	0
20.671382	200	204	3	4754	190460	190494	1	0
20.678890	200	204	3	4755	190460	190494	1	0
20.690943	200	204	3	4756	190460	190494	1	0
20.706131	200	204	3	4758	190460	190494	1	0
20.712481	200	204	3	4759	190460	190494	1	0
20.722720	200	204	3	4760	190460	190494	1	0
20.736580	200	204	3	4760	190460	190494	1	0
20.749915	200	204	3	4760	190460	190494	1	0
20.755351	200	204	3	4760	190460	190494	1	0
20.770103	200	204	3	4760	190460	190494	1	0
20.777195	200	204	3	4761	190460	190494	1	0
20.785790	200	204	3	4761	190460	190494	1	0
20.799607	200	204	3	4763	190460	190494	1	0
20.809665	200	204	3	4764	190460	190494	1	0
20.819664	200	204	3	4765	190460	190494	1	0
20.834352	200	204	3	4767	190460	190494	1	0
20.843230	200	204	3	4767	190460	190494	1	0
20.851307	200	204	3	4768	190460	190494	1	0
20.863588	200	204	3	4768	190460	190494	1	0
20.872946	200	204	3	4768	190460	190494	1	0
20.884757	200	204	3	4768	190460	190494	1	0
20.892880	200	204	3	4768	190460	190494	1	0
20.901456	200	204	3	4768	190460	190494	1	0
20.913583	200	204	3	4768	190460	190494	1	0
20.924530	200	204	3	4769	190460	190494	1	0
20.938753	200	204	3	4770	190460	190494	1	0
20.945079	200	204	3	4771	190460	190494	1	0
20.959339	200	204	3	4772	190460	190494	1	0
20.966136	200	204	3	4773	190460	190494	1	0
20.974726	200	204	3	4774	190460	190494	1	0
20.982207	200	204	3	4775	190460	190494	1	0
20.990708	200	204	3	4776	190460	190494	1	0
20.998757	200	204	3	4776	190460	190494	1	0
21.009530	200	204	3	4776	190460	190494	1	0
21.024561	200	204	3	4776	190460	190494	1	0
21.037104	200	204	3	4776	190460	190494	1	0
21.048060	200	204	3	4776	190460	190494	1	0
21.062213	200	204	3	4777	190460	190494	1	0
21.070267	200	204	3	4777	190460	190494	1	0
21.083940	200	204	3	4779	190460	190494	1	0
21.099074	200	204	3	4781	190460	190494	1	0
21.105296	200	204	3	4782	190460	190494	1	0
21.119502	200	204	3	4783	190460	190494	1	0
21.131666	200	204	3	4784	190460	190494	1	0
21.140649	200	204	3	4784	190460	190494	1	0
21.147632	200	204	3	4784	190460	190494	1	0
21.161705	200	204	3	4784	190460	190494	1	0
21.171653	200	204	3	4784	190460	190494	1	0
21.185108	200	204	3	4784	190460	190494	1	0
21.200085	200	204	3	4785	190460	190494	1	0
21.214916	200	204	3	4786	190460	190494	1	0
21.225562	200	204	3	4787	190460	190494	1	0
21.239403	200	204	3	4789	190460	190494	1	0
21.254366	200	204	3	4791	190460	190494	1	0
21.259707	200	204	3	4791	190460	190494	1	0
21.269939	200	204	3	4792	190460	190494	1	0
21.281022	200	204	3	4792	190460	190494	1	0
21.295637	200	204	3	4792	190460	190494	1	0
21.301580	200	204	3	4792	190460	190494	1	0
21.309149	200	204	3	4792	190460	190494	1	0
21.320097	200	204	3	4792	190460	190494	1	0
21.333271	200	204	3	4793	190460	190494	1	0
21.339515	200	204	3	4793	190460	190494	1	0
21.351441	200	204	3	4795	190460	190494	1	0
21.358957	200	204	3	4796	190460	190494	1	0
21.370624	200	204	3	4797	190460	190494	1	0
21.382576	200	204	3	4799	190460	190494	1	0
21.391438	200	204	3	4800	190460	190494	1	0
21.406036	200	204	3	4800	190460	190494	1	0
21.419164	200	204	3	4800	190460	190494	1	0
21.428441	200	204	3	4800	190460	190494	1	0
21.437789	200	204	3	4800	190460	190494	1	0
21.451088	200	204	3	4801	190460	190494	1	0
21.465450	200	204	3	4802	190460	190494	1	0
21.479878	200	204	3	4804	190460	190494	1	0
21.490304	200	204	3	4805	190460	190494	1	0
21.503787	200	204	3	4807	190460	190494	1	0
21.517747	200	204	3	4808	190460	190494	1	0
21.524889	200	204	3	4808	190460	190494	1	0
21.533932	200	204	3	4808	190460	190494	1	0
21.541039	200	204	3	4808	190460	190494	1	0
21.553729	200	204	3	4808	190460	190494	1	0
21.567038	200	204	3	4809	190460	190494	1	0
21.575209	200	204	3	4809	190460	190494	1	0
21.581283	200	204	3	4810	190460	190494	1	0
21.588447	200	204	3	4811	190460	190494	1	0
21.599379	200	204	3	4812	190460	190494	1	0
21.608331	200	204	3	4813	190460	190494	1	0
21.619590	200	204	3	4815	190460	190494	1	0
21.628676	200	204	3	4816	190460	190494	1	0
21.639247	200	204	3	4816	190460	190494	1	0
21.649695	200	204	3	4816	190460	190494	1	0
21.663568	200	204	3	4816	190460	190494	1	0
21.677641	200	204	3	4816	190460	190494	1	0
21.686961	200	204	3	4816	190460	190494	1	0
21.692588	200	204	3	4817	190460	190494	1	0
21.701933	200	204	3	4817	190460	190494	1	0
21.712941	200	204	3	4818	190460	190494	1	0
21.724776	200	204	3	4819	190460	190494	1	0
21.739781	200	204	3	4821	190460	190494	1	0
21.749114	200	204	3	4822	190460	190494	1	0
21.764067	200	204	3	4824	190460	190494	1	0
21.777577	200	204	3	4824	190460	190494	1	0
21.785142	200	204	3	4824	190460	190494	1	0
21.791350	200	204	3	4824	190460	190494	1	0
21.804891	200	204	3	4824	190460	190494	1	0
21.818446	200	204	3	4824	190460	190494	1	0
21.826337	200	204	3	4825	190460	190494	1	0
21.834865	200	204	3	4825	190460	190494	1	0
21.843770	200	204	3	4826	190460	190494	1	0
21.855223	200	204	3	4827	190460	190494	1	0
21.870142	200	204	3	4829	190460	190494	1	0
21.876632	200	204	3	4830	190460	190494	1	0
21.886074	200	204	3	4831	190460	190494	1	0
21.894694	200	204	3	4832	190460	190494	1	0
21.902601	200	204	3	4832	190460	190494	1	0
21.915899	200	204	3	4832	190460	190494	1	0
21.925116	200	204	3	4832	190460	190494	1	0
21.937340	200	204	3	4832	190460	190494	1	0
21.949375	200	204	3	4832	190460	190494	1	0
21.964007	200	204	3	4833	190460	190494	1	0
21.971787	200	204	3	4834	190460	190494	1	0
21.986316	200	204	3	4836	190460	190494	1	0
21.995444	200	204	3	4837	190460	190494	1	0
22.008237	200	204	3	4838	190460	190494	1	0
22.022368	200	204	3	4840	190460	190494	1	0
22.036445	200	204	3	4840	190460	190494	1	0
22.045914	200	204	3	4840	190460	190494	1	0
22.055657	200	204	3	4840	190460	190494	1	0
22.062759	200	204	3	4840	190460	190494	1	0
22.076476	200	204	3	4840	190460	190494	1	0
22.090271	200	204	3	4841	190460	190494	1	0
22.105193	200	204	3	4842	190460	190494	1	0
22.111601	200	204	3	4842	190460	190494	1	0
22.122943	200	204	3	4844	190460	190494	1	0
22.132045	200	204	3	4845	190460	190494	1	0
22.146294	200	204	3	4848	190460	190494	1	0
22.154263	200	204	3	4848	190460	190494	1	0
22.160523	200	204	3	4848	190460	190494	1	0
22.168103	200	204	3	4848	190460	190494	1	0
22.176771	200	204	3	4848	190460	190494	1	0
22.188501	200	204	3	4848	190460	190494	1	0
22.199507	200	204	3	4848	190460	190494	1	0
22.213147	200	204	3	4849	190460	190494	1	0
22.221040	200	204	3	4850	190460	190494	1	0
22.235922	200	204	3	4851	190460	190494	1	0
22.248280	200	204	3	4852	190460	190494	1	0
22.263130	200	204	3	4853	190460	190494	1	0
22.270846	200	204	3	4853	190460	190494	1	0
22.284994	200	204	3	4854	190460	190494	1	0
22.298486	200	204	3	4854	190460	190494	1	0
22.306595	200	204	3	4855	190460	190494	1	0
22.312890	200	204	3	4855	190460	190494	1	0
22.324467	200	204	3	4855	190460	190494	1	0
22.334860	200	204	3	4856	190460	190494	1	0
22.344643	200	204	3	4856	190460	190494	1	0
22.354681	200	204	3	4856	190460	190494	1	0
22.363744	200	204	3	4856	190460	190494	1	0
22.374259	200	204	3	4856	190460	190494	1	0
22.380974	200	204	3	4856	190460	190494	1	0
22.389304	200	204	3	4856	190460	190494	1	0
22.395286	200	204	3	4856	190460	190494	1	0
22.401840	200	204	3	4856	190460	190494	1	0
22.410233	200	204	3	4856	190460	190494	1	0
22.416130	200	204	3	4856	190460	190494	1	0
22.427128	200	204	3	4856	190460	190494	1	0
22.439202	200	204	3	4856	190460	190494	1	0
22.448581	200	204	3	4856	190460	190494	1	0
22.454202	200	204	3	4856	190460	190494	1	0
22.463769	200	204	3	4856	190460	190494	1	0
22.469018	200	204	3	4856	190460	190494	1	0
22.477704	200	204	3	4856	190460	190494	1	0
22.492323	200	204	3	4856	190450	190494	1	0
22.499874	200	204	3	4857	190450	190494	1	0
22.510717	200	204	3	4857	190450	190494	1	0
22.517235	200	204	3	4857	190450	190494	1	0
22.530549	200	204	3	4858	190450	190494	1	0
22.537649	200	204	3	4858	190450	190494	1	0
22.543990	200	204	3	4858	190450	190494	1	0
22.553861	200	204	3	4858	190450	190494	1	0
22.566866	200	204	3	4859	190450	190494	1	0
22.578055	200	204	3	4859	190450	190494	1	0
22.591295	200	204	3	4859	190450	190494	1	0
22.599875	200	204	3	4860	190450	190494	1	0
22.607911	200	204	3	4860	190450	190494	1	0
22.620087	200	204	3	4860	190450	190494	1	0
22.632930	200	204	3	4861	190450	190494	1	0
22.638088	200	204	3	4861	190450	190494	1	0
22.652613	200	204	3	4861	190450	190494	1	0
22.663208	200	204	3	4862	190450	190494	1	0
22.669406	200	204	3	4862	190450	190494	1	0
22.682271	200	204	3	4862	190450	190494	1	0
22.694548	200	204	3	4863	190450	190494	1	0
22.708687	200	204	3	4863	190450	190494	1	0
22.716743	200	204	3	4863	190450	190494	1	0
22.723395	200	204	3	4863	190450	190494	1	0
22.735150	200	204	3	4864	190450	190494	1	0
22.749865	200	204	3	4864	190450	190494	1	0
22.755686	200	204	3	4864	190450	190494	1	0
22.762950	200	204	3	4864	190450	190494	1	0
22.772633	200	204	3	4864	190450	190494	1	0
22.781652	200	204	3	4864	190450	190494	1	0
22.795191	200	204	3	4864	190450	190494	1	0
22.802315	200	204	3	4864	190450	190494	1	0
22.811234	200	204	3	4864	190450	190494	1	0
22.817311	200	204	3	4864	190450	190494	1	0
22.829422	200	204	3	4864	190450	190494	1	0
22.841346	200	204	3	4864	190450	190494	1	0
22.848948	200	204	3	4864	190450	190494	1	0
22.859272	200	204	3	4864	190450	190494	1	0
22.872610	200	204	3	4864	190450	190494	1	0
22.880132	200	204	3	4864	190450	190494	1	0
22.885998	200	204	3	4864	190450	190494	1	0
22.895654	200	204	3	4864	190450	190494	1	0
22.909093	200	204	3	4864	190450	190494	1	0
22.921647	200	204	3	4864	190450	190494	1	0
22.931761	200	204	3	4864	190450	190494	1	0
22.942511	200	204	3	4864	190450	190494	1	0
22.951643	200	204	3	4864	190450	190494	1	0
22.958396	200	204	3	4864	190450	190494	1	0
22.964367	200	204	3	4864	190450	190494	1	0
22.978918	200	204	3	4864	190450	190494	1	0
22.988751	200	204	3	4864	190450	190494	1	0
23.000479	200	204	3	4864	190450	190494	1	0
23.011349	200	204	3	4864	190476	190494	1	0
23.021518	200	204	3	4864	190476	190494	1	0
23.030136	200	204	3	4864	190476	190494	1	0
23.036526	200	204	3	4864	190476	190494	1	0
23.045123	200	204	3	4864	190476	190494	1	0
23.051137	200	204	3	4864	190476	190494	1	0
23.061888	200	204	3	4865	190476	190494	1	0
23.072895	200	204	3	4865	190476	190494	1	0
23.085367	200	204	3	4865	190476	190494	1	0
23.098816	200	204	3	4865	190476	190494	1	0
23.109783	200	204	3	4866	190476	190494	1	0
23.118000	200	204	3	4866	190476	190494	1	0
23.132837	200	204	3	4866	190476	190494	1	0
23.144351	200	204	3	4866	190476	190494	1	0
23.158375	200	204	3	4867	190476	190494	1	0
23.170036	200	204	3	4867	190476	190494	1	0
23.182639	200	204	3	4867	190476	190494	1	0
23.190635	200	204	3	4867	190476	190494	1	0
23.204187	200	204	3	4868	190476	190494	1	0
23.209578	200	204	3	4868	190476	190494	1	0
23.217676	200	204	3	4868	190476	190494	1	0
23.226962	200	204	3	4868	190476	190494	1	0
23.232453	200	204	3	4868	190476	190494	1	0
23.244098	200	204	3	4868	190476	190494	1	0
23.255834	200	204	3	4869	190476	190494	1	0
23.270569	200	204	3	4869	190476	190494	1	0
23.284518	200	204	3	4869	190476	190494	1	0
23.298414	200	204	3	4869	190476	190494	1	0
23.310713	200	204	3	4870	190476	190494	1	0
23.321856	200	204	3	4870	190476	190494	1	0
23.329609	200	204	3	4870	190476	190494	1	0
23.338684	200	204	3	4870	190476	190494	1	0
23.344979	200	204	3	4870	190476	190494	1	0
23.353069	200	204	3	4871	190476	190494	1	0
23.358695	200	204	3	4871	190476	190494	1	0
23.364210	200	204	3	4871	190476	190494	1	0
23.374692	200	204	3	4871	190476	190494	1	0
23.383423	200	204	3	4871	190476	190494	1	0
23.395995	200	204	3	4871	190476	190494	1	0
23.408851	200	204	3	4872	190476	190494	1	0
23.421199	200	204	3	4872	190476	190494	1	0
23.432529	200	204	3	4872	190476	190494	1	0
23.447149	200	204	3	4872	190476	190494	1	0
23.459273	200	204	3	4872	190476	190494	1	0
23.473648	200	204	3	4872	190476	190494	1	0
23.486363	200	204	3	4872	190476	190494	1	0
23.496294	200	204	3	4872	190476	190494	1	0
23.507221	200	204	3	4872	190476	190494	1	0
23.518246	200	204	3	4872	190476	190494	1	0
23.529160	200	204	3	4872	190476	190494	1	0
23.541793	200	204	3	4872	190476	190494	1	0
23.552250	200	204	3	4872	190476	190494	1	0
23.567220	200	204	3	4872	190476	190494	1	0
23.577716	200	204	3	4872	190476	190494	1	0
23.586085	200	204	3	4872	190476	190494	1	0
23.599618	200	204	3	4872	190476	190494	1	0
23.607262	200	204	3	4872	190476	190494	1	0
23.612811	200	204	3	4872	190476	190494	1	0
23.618715	200	204	3	4872	190476	190494	1	0
23.629242	200	204	3	4872	190476	190494	1	0
23.637106	200	204	3	4872	190476	190494	1	0
23.642947	200	204	3	4872	190476	190494	1	0
23.650554	200	204	3	4872	190476	190494	1	0
23.657499	200	204	3	4872	190476	190494	1	0
23.662772	200	204	3	4872	190476	190494	1	0
23.677341	200	204	3	4872	190476	190494	1	0
23.685958	200	204	3	4872	190476	190494	1	0
23.699181	200	204	3	4872	190476	190494	1	0
23.704866	200	204	3	4872	190476	190494	1	0
23.716589	200	204	3	4872	190476	190494	1	0
23.722546	200	204	3	4872	190476	190494	1	0
23.734969	200	204	3	4872	190476	190494	1	0
23.746203	200	204	3	4872	190476	190494	1	0
23.760986	200	204	3	4872	190476	190494	1	0
23.768574	200	204	3	4872	190476	190494	1	0
23.774686	200	204	3	4872	190476	190494	1	0
23.783226	200	204	3	4872	190476	190494	1	0
23.796193	200	204	3	4872	190476	190494	1	0
23.805426	200	204	3	4872	190476	190494	1	0
23.819130	200	204	3	4872	190476	190494	1	0
23.830406	200	204	3	4872	190476	190494	1	0
23.836308	200	204	3	4872	190476	190494	1	0
23.850413	200	204	3	4872	190462	190494	1	0
23.863660	200	204	3	4872	190462	190494	1	0
23.876855	200	204	3	4872	190462	190494	1	0
23.889829	200	204	3	4872	190462	190494	1	0
23.895695	200	204	3	4872	190462	190494	1	0
23.908019	200	204	3	4872	190462	190494	1	0
23.918903	200	204	3	4873	190462	190494	1	0
23.924613	200	204	3	4873	190462	190494	1	0
23.930933	200	204	3	4873	190462	190494	1	0
23.943576	200	204	3	4873	190462	190494	1	0
23.949531	200	204	3	4873	190462	190494	1	0
23.958285	200	204	3	4873	190462	190494	1	0
23.965245	200	204	3	4873	190462	190494	1	0
23.978980	200	204	3	4873	190462	190494	1	0
23.991891	200	204	3	4874	190462	190494	1	0
24.005567	200	204	3	4874	190462	190494	1	0
24.012395	200	204	3	4874	190462	190494	1	0
24.021433	200	204	3	4874	190462	190494	1	0
24.035400	200	204	3	4874	190462	190494	1	0
24.041627	200	204	3	4874	190462	190494	1	0
24.052561	200	204	3	4875	190462	190494	1	0
24.067295	200	204	3	4875	190462	190494	1	0
24.077277	200	204	3	4875	190462	190494	1	0
24.082780	200	204	3	4875	190462	190494	1	0
24.089563	200	204	3	4875	190462	190494	1	0
24.101508	200	204	3	4875	190462	190494	1	0
24.115994	200	204	3	4876	190462	190494	1	0
24.129870	200	204	3	4876	190462	190494	1	0
24.141060	200	204	3	4876	190462	190494	1	0
24.149610	200	204	3	4876	190462	190494	1	0
24.161836	200	204	3	4876	190462	190494	1	0
24.168998	200	204	3	4876	190462	190494	1	0
24.182689	200	204	3	4877	190462	190494	1	0
24.188103	200	204	3	4877	190462	190494	1	0
24.193699	200	204	3	4877	190462	190494	1	0
24.201440	200	204	3	4877	190462	190494	1	0
24.207483	200	204	3	4877	190462	190494	1	0
24.212961	200	204	3	4877	190462	190494	1	0
24.225809	200	204	3	4877	190462	190494	1	0
24.235829	200	204	3	4877	190462	190494	1	0
24.245799	200	204	3	4877	190462	190494	1	0
24.253332	200	204	3	4878	190462	190494	1	0
24.266391	200	204	3	4878	190462	190494	1	0
24.277123	200	204	3	4878	190462	190494	1	0
24.283534	200	204	3	4878	190462	190494	1	0
24.297224	200	204	3	4878	190462	190494	1	0
24.303677	200	204	3	4878	190462	190494	1	0
24.315213	200	204	3	4878	190462	190494	1	0
24.324812	200	204	3	4879	190462	190494	1	0
24.332223	200	204	3	4879	190462	190494	1	0
24.342330	200	204	3	4879	190462	190494	1	0
24.355450	200	204	3	4879	190462	190494	1	0
24.367559	200	204	3	4879	190462	190494	1	0
24.380906	200	204	3	4879	190462	190494	1	0
24.390875	200	204	3	4880	190462	190494	1	0
24.403913	200	204	3	4880	190462	190494	1	0
24.416934	200	204	3	4880	190462	190494	1	0
24.423554	200	204	3	4880	190462	190494	1	0
24.429116	200	204	3	4880	190462	190494	1	0
24.444130	200	204	3	4880	190462	190494	1	0
24.450628	200	204	3	4880	190462	190494	1	0
24.462193	200	204	3	4880	190462	190494	1	0
24.468328	200	204	3	4880	190462	190494	1	0
24.482959	200	204	3	4880	190462	190494	1	0
24.497272	200	204	3	4880	190462	190494	1	0
24.510783	200	204	3	4880	190462	190494	1	0
24.524869	200	204	3	4880	190462	190494	1	0
24.531379	200	204	3	4880	190462	190494	1	0
24.544309	200	204	3	4880	190462	190494	1	0
24.557843	200	204	3	4880	190462	190494	1	0
24.564541	200	204	3	4880	190462	190494	1	0
24.576539	200	204	3	4880	190462	190494	1	0
24.586465	200	204	3	4880	190462	190494	1	0
24.592011	200	204	3	4880	190462	190494	1	0
24.601365	200	204	3	4880	190462	190494	1	0
24.607175	200	204	3	4880	190462	190494	1	0
24.615497	200	204	3	4880	190462	190494	1	0
24.626231	200	204	3	4880	190462	190494	1	0
24.640179	200	204	3	4880	190462	190494	1	0
24.652692	200	204	3	4880	190462	190494	1	0
24.664453	200	204	3	4880	190462	190494	1	0
24.677970	200	204	3	4880	190462	190494	1	0
24.690853	200	204	3	4880	190462	190494	1	0
24.701819	200	204	3	4880	190462	190494	1	0
24.708818	200	204	3	4880	190462	190494	1	0
24.720041	200	204	3	4880	190462	190494	1	0
24.726097	200	204	3	4880	190462	190494	1	0
24.733288	200	204	3	4880	190462	190494	1	0
24.745174	200	204	3	4880	190462	190494	1	0
24.751338	200	204	3	4880	190462	190494	1	0
24.756750	200	204	3	4880	190462	190494	1	0
24.762511	200	204	3	4880	190462	190494	1	0
24.775952	200	204	3	4880	190462	190494	1	0
24.785181	200	204	3	4880	190462	190494	1	0
24.799552	200	204	3	4880	190462	190494	1	0
24.806175	200	204	3	4880	190462	190494	1	0
24.815141	200	204	3	4880	190462	190494	1	0
24.827296	200	204	3	4880	190462	190494	1	0
24.840392	200	204	3	4880	190462	190494	1	0
24.852990	200	204	3	4880	190462	190494	1	0
24.860507	200	204	3	4880	190462	190494	1	0
24.873932	200	204	3	4880	190462	190494	1	0
24.888679	200	204	3	4880	190462	190494	1	0
24.901928	200	204	3	4880	190462	190494	1	0
24.908564	200	204	3	4880	190462	190494	1	0
24.920508	200	204	3	4880	190462	190494	1	0
24.933244	200	204	3	4880	190462	190494	1	0
24.944306	200	204	3	4880	190462	190494	1	0
24.956127	200	204	3	4880	190462	190494	1	0
24.962695	200	204	3	4880	190462	190494	1	0
24.969691	200	204	3	4880	190462	190494	1	0
24.984575	200	204	3	4880	190462	190494	1	0
24.997382	200	204	3	4880	190446	190494	1	0
25.010366	200	204	3	4880	190446	190494	1	0
25.020426	200	204	3	4880	190446	190494	1	0
25.034135	200	204	3	4880	190446	190494	1	0
25.045713	200	204	3	4880	190446	190494	1	0
25.055022	200	204	3	4880	190446	190494	1	0
25.060309	200	204	3	4880	190446	190494	1	0
25.071911	200	204	3	4880	190446	190494	1	0
25.078674	200	204	3	4880	190446	190494	1	0
25.093193	200	204	3	4881	190446	190494	1	0
25.101312	200	204	3	4881	190446	190494	1	0
25.108437	200	204	3	4881	190446	190494	1	0
25.118493	200	204	3	4881	190446	190494	1	0
25.126788	200	204	3	4881	190446	190494	1	0
25.140901	200	204	3	4881	190446	190494	1	0
25.146087	200	204	3	4881	190446	190494	1	0
25.158600	200	204	3	4881	190446	190494	1	0
25.166890	200	204	3	4881	190446	190494	1	0
25.172338	200	204	3	4882	190446	190494	1	0
25.178512	200	204	3	4882	190446	190494	1	0
25.192461	200	204	3	4882	190446	190494	1	0
25.202994	200	204	3	4882	190446	190494	1	0
25.209866	200	204	3	4882	190446	190494	1	0
25.224676	200	204	3	4882	190446	190494	1	0
25.237671	200	204	3	4882	190446	190494	1	0
25.252001	200	204	3	4882	190446	190494	1	0
25.260594	200	204	3	4882	190446	190494	1	0
25.267982	200	204	3	4883	190446	190494	1	0
25.276975	200	204	3	4883	190446	190494	1	0
25.291112	200	204	3	4883	190446	190494	1	0
25.306064	200	204	3	4883	190446	190494	1	0
25.318627	200	204	3	4883	190446	190494	1	0
25.330497	200	204	3	4883	190446	190494	1	0
25.344357	200	204	3	4883	190446	190494	1	0
25.358262	200	204	3	4883	190446	190494	1	0
25.366832	200	204	3	4884	190446	190494	1	0
25.375159	200	204	3	4884	190446	190494	1	0
25.389723	200	204	3	4884	190446	190494	1	0
25.399668	200	204	3	4884	190446	190494	1	0
25.409983	200	204	3	4884	190446	190494	1	0
25.421783	200	204	3	4884	190446	190494	1	0
25.430826	200	204	3	4884	190446	190494	1	0
25.445231	200	204	3	4884	190446	190494	1	0
25.456166	200	204	3	4884	190446	190494	1	0
25.463299	200	204	3	4884	190446	190494	1	0
25.477514	200	204	3	4885	190446	190494	1	0
25.487866	200	204	3	4885	190446	190494	1	0
25.493786	200	204	3	4885	190446	190494	1	0
25.501903	200	204	3	4885	190446	190494	1	0
25.515093	200	204	3	4885	190446	190494	1	0
25.523364	200	204	3	4885	190446	190494	1	0
25.532958	200	204	3	4885	190446	190494	1	0
25.538364	200	204	3	4885	190446	190494	1	0
25.550434	200	204	3	4885	190446	190494	1	0
25.564038	200	204	3	4886	190446	190494	1	0
25.571095	200	204	3	4886	190446	190494	1	0
25.583137	200	204	3	4886	190446	190494	1	0
25.591283	200	204	3	4886	190446	190494	1	0
25.599666	200	204	3	4886	190446	190494	1	0
25.613894	200	204	3	4886	190446	190494	1	0
25.623449	200	204	3	4886	190446	190494	1	0
25.630635	200	204	3	4886	190446	190494	1	0
25.642530	200	204	3	4886	190446	190494	1	0
25.654807	200	204	3	4886	190446	190494	1	0
25.660581	200	204	3	4887	190446	190494	1	0
25.671115	200	204	3	4887	190446	190494	1	0
25.682204	200	204	3	4887	190446	190494	1	0
25.690779	200	204	3	4887	190446	190494	1	0
25.704806	200	204	3	4887	190446	190494	1	0
25.711251	200	204	3	4887	190446	190494	1	0
25.719416	200	204	3	4887	190446	190494	1	0
25.734594	200	204	3	4887	190446	190494	1	0
25.742786	200	204	3	4887	190446	190494	1	0
25.750705	200	204	3	4887	190446	190494	1	0
25.759564	200	204	3	4888	190446	190494	1	0
25.765785	200	204	3	4888	190446	190494	1	0
25.779785	200	204	3	4888	190446	190494	1	0
25.786263	200	204	3	4888	190446	190494	1	0
25.798722	200	204	3	4888	190446	190494	1	0
25.810294	200	204	3	4888	190446	190494	1	0
25.823798	200	204	3	4888	190446	190494	1	0
25.836436	200	204	3	4888	190446	190494	1	0
25.842218	200	204	3	4888	190446	190494	1	0
25.848637	200	204	3	4888	190446	190494	1	0
25.861746	200	204	3	4888	190446	190494	1	0
25.870824	200	204	3	4888	190446	190494	1	0
25.883558	200	204	3	4888	190446	190494	1	0
25.892641	200	204	3	4888	190446	190494	1	0
25.905141	200	204	3	4888	190446	190494	1	0
25.915614	200	204	3	4888	190446	190494	1	0
25.925316	200	204	3	4888	190446	190494	1	0
25.932882	200	204	3	4888	190446	190494	1	0
25.948068	200	204	3	4888	190446	190494	1	0
25.958779	200	204	3	4888	190446	190494	1	0
25.972109	200	204	3	4888	190446	190494	1	0
25.982622	200	204	3	4888	190446	190494	1	0
25.988954	200	204	3	4888	190446	190494	1	0
26.000274	200	204	3	4888	190446	190494	1	0
26.010877	200	204	3	4888	190446	190494	1	0
26.024102	200	204	3	4888	190446	190494	1	0
26.032879	200	204	3	4888	190446	190494	1	0
26.042908	200	204	3	4888	190446	190494	1	0
26.050517	200	204	3	4888	190446	190494	1	0
26.060818	200	204	3	4888	190446	190494	1	0
26.073990	200	204	3	4888	190446	190494	1	0
26.085009	200	204	3	4888	190446	190494	1	0
26.090833	200	204	3	4888	190446	190494	1	0
26.099979	200	204	3	4888	190446	190494	1	0
26.110700	200	204	3	4888	190446	190494	1	0
26.120382	200	204	3	4888	190446	190494	1	0
26.126693	200	204	3	4888	190446	190494	1	0
26.137265	200	204	3	4888	190446	190494	1	0
26.143772	200	204	3	4888	190446	190494	1	0
26.154439	200	204	3	4888	190446	190494	1	0
26.159942	200	204	3	4888	190446	190494	1	0
26.167359	200	204	3	4888	190446	190494	1	0
26.172635	200	204	3	4888	190446	190494	1	0
26.182738	200	204	3	4888	190446	190494	1	0
26.190533	200	204	3	4888	190446	190494	1	0
26.200116	200	204	3	4888	190446	190494	1	0
26.212029	200	204	3	4888	190446	190494	1	0
26.225148	200	204	3	4888	190446	190494	1	0
26.240116	200	204	3	4888	190446	190494	1	0
26.246108	200	204	3	4888	190446	190494	1	0
26.251951	200	204	3	4888	190446	190494	1	0
26.263931	200	204	3	4888	190446	190494	1	0
26.274175	200	204	3	4888	190446	190494	1	0
26.279844	200	204	3	4888	190446	190494	1	0
26.290435	200	204	3	4888	190446	190494	1	0
26.300821	200	204	3	4888	190446	190494	1	0
26.311594	200	204	3	4888	190446	190494	1	0
26.323114	200	204	3	4888	190446	190494	1	0
26.332649	200	204	3	4888	190446	190494	1	0
26.343479	200	204	3	4888	190446	190494	1	0
26.356893	200	204	3	4888	190446	190494	1	0
26.365754	200	204	3	4888	190446	190494	1	0
26.374627	200	204	3	4888	190446	190494	1	0
26.384992	200	204	3	4888	190446	190494	1	0
26.394744	200	204	3	4888	190446	190494	1	0
26.409276	200	204	3	4888	190446	190494	1	0
26.418622	200	204	3	4888	190446	190494	1	0
26.423845	200	204	3	4888	190446	190494	1	0
26.430064	200	204	3	4888	190446	190494	1	0
26.439171	200	204	3	4888	190446	190494	1	0
26.451766	200	204	3	4888	190446	190494	1	0
26.458485	200	204	3	4888	190446	190494	1	0
26.465707	200	204	3	4888	190446	190494	1	0
26.475620	200	204	3	4888	190446	190494	1	0
26.481452	200	204	3	4888	190446	190494	1	0
26.496249	200	204	3	4888	190446	190494	1	0
26.502449	200	204	3	4888	190446	190494	1	0
26.509984	200	204	3	4888	190446	190494	1	0
26.516052	200	204	3	4888	190446	190494	1	0
26.529790	200	204	3	4888	190450	190494	1	0
26.535708	200	204	3	4888	190450	190494	1	0
26.548148	200	204	3	4888	190450	190494	1	0
26.558777	200	204	3	4888	190450	190494	1	0
26.565673	200	204	3	4888	190450	190494	1	0
26.579033	200	204	3	4888	190450	190494	1	0
26.585672	200	204	3	4888	190450	190494	1	0
26.591813	200	204	3	4888	190450	190494	1	0
26.606310	200	204	3	4888	190450	190494	1	0
26.620787	200	204	3	4888	190450	190494	1	0
26.628799	200	204	3	4888	190450	190494	1	0
26.640937	200	204	3	4888	190450	190494	1	0
26.649577	200	204	3	4889	190450	190494	1	0
26.660611	200	204	3	4889	190450	190494	1	0
26.665973	200	204	3	4889	190450	190494	1	0
26.678721	200	204	3	4889	190450	190494	1	0
26.688819	200	204	3	4889	190450	190494	1	0
26.699634	200	204	3	4889	190450	190494	1	0
26.704904	200	204	3	4889	190450	190494	1	0
26.713298	200	204	3	4889	190450	190494	1	0
26.723870	200	204	3	4889	190450	190494	1	0
26.736956	200	204	3	4889	190450	190494	1	0
26.748656	200	204	3	4889	190450	190494	1	0
26.756411	200	204	3	4889	190450	190494	1	0
26.763104	200	204	3	4890	190450	190494	1	0
26.771783	200	204	3	4890	190450	190494	1	0
26.780439	200	204	3	4890	190450	190494	1	0
26.793710	200	204	3	4890	190450	190494	1	0
26.802724	200	204	3	4890	190450	190494	1	0
26.815493	200	204	3	4890	190450	190494	1	0
26.828149	200	204	3	4890	190450	190494	1	0
26.835501	200	204	3	4890	190450	190494	1	0
26.848983	200	204	3	4890	190450	190494	1	0
26.863614	200	204	3	4890	190450	190494	1	0
26.876531	200	204	3	4891	190450	190494	1	0
26.885583	200	204	3	4891	190450	190494	1	0
26.896495	200	204	3	4891	190450	190494	1	0
26.903229	200	204	3	4891	190450	190494	1	0
26.914073	200	204	3	4891	190450	190494	1	0
26.919785	200	204	3	4891	190450	190494	1	0
26.929303	200	204	3	4891	190450	190494	1	0
26.936306	200	204	3	4891	190450	190494	1	0
26.950204	200	204	3	4891	190450	190494	1	0
26.963440	200	204	3	4891	190450	190494	1	0
26.969182	200	204	3	4891	190450	190494	1	0
26.982603	200	204	3	4892	190450	190494	1	0
26.990197	200	204	3	4892	190450	190494	1	0
27.002492	200	204	3	4892	190450	190494	1	0
27.012988	200	204	3	4892	190450	190494	1	0
27.027073	200	204	3	4892	190450	190494	1	0
27.035315	200	204	3	4892	190450	190494	1	0
27.050562	200	204	3	4892	190450	190494	1	0
27.056544	200	204	3	4892	190450	190494	1	0
27.063656	200	204	3	4892	190450	190494	1	0
27.073244	200	204	3	4892	190450	190494	1	0
27.080016	200	204	3	4892	190450	190494	1	0
27.094508	200	204	3	4893	190450	190494	1	0
27.102552	200	204	3	4893	190450	190494	1	0
27.113711	200	204	3	4893	190450	190494	1	0
27.120926	200	204	3	4893	190450	190494	1	0
27.126549	200	204	3	4893	190450	190494	1	0
27.134399	200	204	3	4893	190450	190494	1	0
27.144762	200	204	3	4893	190450	190494	1	0
27.152875	200	204	3	4893	190450	190494	1	0
27.161120	200	204	3	4893	190450	190494	1	0
27.166447	200	204	3	4893	190450	190494	1	0
27.176045	200	204	3	4893	190450	190494	1	0
27.182104	200	204	3	4893	190450	190494	1	0
27.191083	200	204	3	4893	190450	190494	1	0
27.204562	200	204	3	4894	190450	190494	1	0
27.215270	200	204	3	4894	190450	190494	1	0
27.225947	200	204	3	4894	190450	190494	1	0
27.238447	200	204	3	4894	190450	190494	1	0
27.252831	200	204	3	4894	190450	190494	1	0
27.264219	200	204	3	4894	190450	190494	1	0
27.278240	200	204	3	4894	190450	190494	1	0
27.284562	200	204	3	4894	190450	190494	1	0
27.299369	200	204	3	4894	190450	190494	1	0
27.313858	200	204	3	4895	190450	190494	1	0
27.321570	200	204	3	4895	190450	190494	1	0
27.328402	200	204	3	4895	190450	190494	1	0
27.336908	200	204	3	4895	190450	190494	1	0
27.342132	200	204	3	4895	190450	190494	1	0
27.353756	200	204	3	4895	190450	190494	1	0
27.358914	200	204	3	4895	190450	190494	1	0
27.370828	200	204	3	4895	190450	190494	1	0
27.378379	200	204	3	4895	190450	190494	1	0
27.391012	200	204	3	4895	190450	190494	1	0
27.398310	200	204	3	4895	190450	190494	1	0
27.410718	200	204	3	4895	190450	190494	1	0
27.425385	200	204	3	4896	190450	190494	1	0
27.436831	200	204	3	4896	190450	190494	1	0
27.448643	200	204	3	4896	190450	190494	1	0
27.457579	200	204	3	4896	190450	190494	1	0
27.465717	200	204	3	4896	190450	190494	1	0
27.473568	200	204	3	4896	190450	190494	1	0
27.486546	200	204	3	4896	190450	190494	1	0
27.492697	200	204	3	4896	190450	190494	1	0
27.498885	200	204	3	4896	190450	190494	1	0
27.508298	200	204	3	4896	190450	190494	1	0
27.520887	200	204	3	4896	190450	190494	1	0
27.534096	200	204	3	4896	190450	190494	1	0
27.542208	200	204	3	4896	190450	190494	1	0
27.551782	200	204	3	4896	190450	190494	1	0
27.558198	200	204	3	4896	190450	190494	1	0
27.565790	200	204	3	4896	190450	190494	1	0
27.573530	200	204	3	4896	190450	190494	1	0
27.580645	200	204	3	4896	190450	190494	1	0
27.593492	200	204	3	4896	190450	190494	1	0
27.600743	200	204	3	4896	190450	190494	1	0
27.614149	200	204	3	4896	190450	190494	1	0
27.623695	200	204	3	4896	190450	190494	1	0
27.637651	200	204	3	4896	190450	190494	1	0
27.650163	200	204	3	4896	190450	190494	1	0
27.660963	200	204	3	4896	190450	190494	1	0
27.672069	200	204	3	4896	190450	190494	1	0
27.682933	200	204	3	4896	190450	190494	1	0
27.688106	200	204	3	4896	190450	190494	1	0
27.697306	200	204	3	4896	190450	190494	1	0
27.706758	200	204	3	4896	190450	190494	1	0
27.720138	200	204	3	4896	190450	190494	1	0
27.730932	200	204	3	4896	190450	190494	1	0
27.744257	200	204	3	4896	190450	190494	1	0
27.749931	200	204	3	4896	190450	190494	1	0
27.758685	200	204	3	4896	190450	190494	1	0
27.764755	200	204	3	4896	190450	190494	1	0
27.776870	200	204	3	4896	190450	190494	1	0
27.788988	200	204	3	4896	190450	190494	1	0
27.798264	200	204	3	4896	190450	190494	1	0
27.812558	200	204	3	4896	190450	190494	1	0
27.818944	200	204	3	4896	190450	190494	1	0
27.824868	200	204	3	4896	190450	190494	1	0
27.835366	200	204	3	4896	190450	190494	1	0
27.842795	200	204	3	4896	190450	190494	1	0
27.851444	200	204	3	4896	190450	190494	1	0
27.862894	200	204	3	4896	190450	190494	1	0
27.876661	200	204	3	4896	190450	190494	1	0
27.888442	200	204	3	4896	190450	190494	1	0
27.897894	200	204	3	4896	190450	190494	1	0
27.905685	200	204	3	4896	190450	190494	1	0
27.915468	200	204	3	4896	190450	190494	1	0
27.928913	200	204	3	4896	190450	190494	1	0
27.936543	200	204	3	4896	190450	190494	1	0
27.941932	200	204	3	4896	190450	190494	1	0
27.953662	200	204	3	4896	190450	190494	1	0
27.961010	200	204	3	4896	190450	190494	1	0
27.971217	200	204	3	4896	190450	190494	1	0
27.985695	200	204	3	4896	190450	190494	1	0
27.998686	200	204	3	4896	190450	190494	1	0
28.007281	200	204	3	4896	190450	190494	1	0
28.013308	200	204	3	4896	190450	190494	1	0
28.027567	200	204	3	4896	190450	190494	1	0
28.036013	200	204	3	4896	190450	190494	1	0
28.048728	200	204	3	4896	190450	190494	1	0
28.063591	200	204	3	4896	190450	190494	1	0
28.073248	200	204	3	4896	190450	190494	1	0
28.087356	200	204	3	4896	190450	190494	1	0
28.097653	200	204	3	4896	190450	190494	1	0
28.106820	200	204	3	4896	190450	190494	1	0
28.117104	200	204	3	4896	190450	190494	1	0
28.130688	200	204	3	4896	190450	190494	1	0
28.140862	200	204	3	4896	190450	190494	1	0
28.148054	200	204	3	4896	190450	190494	1	0
28.153639	200	204	3	4896	190450	190494	1	0
28.158951	200	204	3	4896	190450	190494	1	0
28.168001	200	204	3	4896	190450	190494	1	0
28.174146	200	204	3	4896	190450	190494	1	0
28.182326	200	204	3	4896	190450	190494	1	0
28.189967	200	204	3	4896	190450	190494	1	0
28.202564	200	204	3	4896	190450	190494	1	0
28.216923	200	204	3	4896	190450	190494	1	0
28.224785	200	204	3	4896	190450	190494	1	0
28.235324	200	204	3	4896	190450	190494	1	0
28.247499	200	204	3	4896	190450	190494	1	0
28.258506	200	204	3	4896	190450	190494	1	0
28.272889	200	204	3	4896	190450	190494	1	0
28.280987	200	204	3	4896	190450	190494	1	0
28.291694	200	204	3	4896	190450	190494	1	0
28.305864	200	204	3	4896	190450	190494	1	0
28.319568	200	204	3	4896	190450	190494	1	0
28.326336	200	204	3	4896	190450	190494	1	0
28.335696	200	204	3	4896	190450	190494	1	0
28.342223	200	204	3	4896	190450	190494	1	0
28.355592	200	204	3	4896	190450	190494	1	0
28.361741	200	204	3	4896	190484	190494	1	0
28.374071	200	204	3	4896	190484	190494	1	0
28.384442	200	204	3	4896	190484	190494	1	0
28.394942	200	204	3	4896	190484	190494	1	0
28.406579	200	204	3	4896	190484	190494	1	0
28.411923	200	204	3	4896	190484	190494	1	0
28.425282	200	204	3	4896	190484	190494	1	0
28.436481	200	204	3	4896	190484	190494	1	0
28.446038	200	204	3	4896	190484	190494	1	0
28.451337	200	204	3	4896	190484	190494	1	0
28.463642	200	204	3	4896	190484	190494	1	0
28.474456	200	204	3	4896	190484	190494	1	0
28.485726	200	204	3	4896	190484	190494	1	0
28.492024	200	204	3	4896	190484	190494	1	0
28.501472	200	204	3	4896	190484	190494	1	0
28.511162	200	204	3	4897	190484	190494	1	0
28.523511	200	204	3	4897	190484	190494	1	0
28.533838	200	204	3	4897	190484	190494	1	0
28.545045	200	204	3	4897	190484	190494	1	0
28.554277	200	204	3	4897	190484	190494	1	0
28.565082	200	204	3	4897	190484	190494	1	0
28.574815	200	204	3	4897	190484	190494	1	0
28.585399	200	204	3	4897	190484	190494	1	0
28.594265	200	204	3	4897	190484	190494	1	0
28.600527	200	204	3	4897	190484	190494	1	0
28.607414	200	204	3	4897	190484	190494	1	0
28.615886	200	204	3	4897	190484	190494	1	0
28.623702	200	204	3	4897	190484	190494	1	0
28.631205	200	204	3	4897	190484	190494	1	0
28.644535	200	204	3	4898	190484	190494	1	0
28.656052	200	204	3	4898	190484	190494	1	0
28.667407	200	204	3	4898	190484	190494	1	0
28.680324	200	204	3	4898	190484	190494	1	0
28.692507	200	204	3	4898	190484	190494	1	0
28.704529	200	204	3	4898	190484	190494	1	0
28.715742	200	204	3	4898	190484	190494	1	0
28.724167	200	204	3	4898	190484	190494	1	0
28.735799	200	204	3	4898	190484	190494	1	0
28.749985	200	204	3	4898	190484	190494	1	0
28.764205	200	204	3	4898	190484	190494	1	0
28.773948	200	204	3	4899	190484	190494	1	0
28.786234	200	204	3	4899	190484	190494	1	0
28.800198	200	204	3	4899	190484	190494	1	0
28.810060	200	204	3	4899	190484	190494	1	0
28.824038	200	204	3	4899	190484	190494	1	0
28.830213	200	204	3	4899	190484	190494	1	0
28.842714	200	204	3	4899	190484	190494	1	0
28.857593	200	204	3	4899	190484	190494	1	0
28.868836	200	204	3	4899	190484	190494	1	0
28.883432	200	204	3	4899	190484	190494	1	0
28.889789	200	204	3	4899	190484	190494	1	0
28.895178	200	204	3	4900	190484	190494	1	0
28.908668	200	204	3	4900	190484	190494	1	0
28.918363	200	204	3	4900	190484	190494	1	0
28.928908	200	204	3	4900	190484	190494	1	0
28.937186	200	204	3	4900	190484	190494	1	0
28.944182	200	204	3	4900	190484	190494	1	0
28.957525	200	204	3	4900	190484	190494	1	0
28.971765	200	204	3	4900	190484	190494	1	0
28.985219	200	204	3	4900	190484	190494	1	0
28.996237	200	204	3	4900	190484	190494	1	0
29.007531	200	204	3	4900	190484	190494	1	0
29.020377	200	204	3	4901	190484	190494	1	0
29.027073	200	204	3	4901	190484	190494	1	0
29.038144	200	204	3	4902	190484	190494	1	0
29.046996	200	204	3	4903	190484	190494	1	0
29.058283	200	204	3	4903	190484	190494	1	0
29.067524	200	204	3	4904	190484	190494	1	0
29.076399	200	204	3	4904	190484	190494	1	0
29.088408	200	204	3	4904	190484	190494	1	0
29.098747	200	204	3	4904	190484	190494	1	0
29.107737	200	204	3	4904	190484	190494	1	0
29.122193	200	204	3	4904	190484	190494	1	0
29.129391	200	204	3	4904	190484	190494	1	0
29.135052	200	204	3	4904	190484	190494	1	0
29.143523	200	204	3	4904	190484	190494	1	0
29.158349	200	204	3	4904	190484	190494	1	0
29.170065	200	204	3	4904	190484	190494	1	0
29.177187	200	204	3	4904	190484	190494	1	0
29.186747	200	204	3	4904	190484	190494	1	0
29.192312	200	204	3	4904	190484	190494	1	0
29.202748	200	204	3	4904	190484	190494	1	0
29.209322	200	204	3	4904	190484	190494	1	0
29.217593	200	204	3	4904	190484	190494	1	0
29.230356	200	204	3	4904	190484	190494	1	0
29.235652	200	204	3	4904	190484	190494	1	0
29.243984	200	204	3	4904	190484	190494	1	0
29.254109	200	204	3	4904	190484	190494	1	0
29.260291	200	204	3	4904	190484	190494	1	0
29.269066	200	204	3	4904	190484	190494	1	0
29.284066	200	204	3	4904	190484	190494	1	0
29.293305	200	204	3	4904	190484	190494	1	0
29.306703	200	204	3	4904	190484	190494	1	0
29.315317	200	204	3	4904	190484	190494	1	0
29.327562	200	204	3	4904	190484	190494	1	0
29.333875	200	204	3	4904	190484	190494	1	0
29.340198	200	204	3	4904	190484	190494	1	0
29.353103	200	204	3	4904	190484	190494	1	0
29.367447	200	204	3	4904	190484	190494	1	0
29.374746	200	204	3	4904	190484	190494	1	0
29.382495	200	204	3	4904	190484	190494	1	0
29.392451	200	204	3	4904	190484	190494	1	0
29.407223	200	204	3	4904	190484	190494	1	0
29.421946	200	204	3	4904	190484	190494	1	0
29.428623	200	204	3	4904	190484	190494	1	0
29.434693	200	204	3	4904	190484	190494	1	0
29.446628	200	204	3	4904	190484	190494	1	0
29.453918	200	204	3	4904	190484	190494	1	0
29.465983	200	204	3	4904	190484	190494	1	0
29.474758	200	204	3	4904	190484	190494	1	0
29.489132	200	204	3	4904	190484	190494	1	0
29.498000	200	204	3	4904	190484	190494	1	0
29.511402	200	204	3	4904	190484	190494	1	0
29.523558	200	204	3	4904	190484	190494	1	0
29.531223	200	204	3	4904	190484	190494	1	0
29.542503	200	204	3	4904	190484	190494	1	0
29.550401	200	204	3	4904	190484	190494	1	0
29.560455	200	204	3	4904	190484	190494	1	0
29.575567	200	204	3	4904	190484	190494	1	0
29.587330	200	204	3	4904	190484	190494	1	0
29.601658	200	204	3	4904	190484	190494	1	0
29.606865	200	204	3	4904	190484	190494	1	0
29.618973	200	204	3	4904	190437	190494	1	0
29.632358	200	204	3	4904	190437	190494	1	0
29.642465	200	204	3	4904	190437	190494	1	0
29.655229	200	204	3	4904	190437	190494	1	0
29.660816	200	204	3	4904	190437	190494	1	0
29.674128	200	204	3	4904	190437	190494	1	0
29.686612	200	204	3	4904	190437	190494	1	0
29.692559	200	204	3	4904	190437	190494	1	0
29.706622	200	204	3	4905	190437	190494	1	0
29.715318	200	204	3	4905	190437	190494	1	0
29.722247	200	204	3	4906	190437	190494	1	0
29.731264	200	204	3	4906	190437	190494	1	0
29.743455	200	204	3	4906	190437	190494	1	0
29.753880	200	204	3	4907	190437	190494	1	0
29.766646	200	204	3	4907	190437	190494	1	0
29.776618	200	204	3	4907	190437	190494	1	0
29.788223	200	204	3	4908	190437	190494	1	0
29.800375	200	204	3	4908	190437	190494	1	0
29.815221	200	204	3	4909	190437	190494	1	0
29.830371	200	204	3	4909	190437	190494	1	0
29.842734	200	204	3	4910	190437	190494	1	0
29.850885	200	204	3	4910	190437	190494	1	0
29.861323	200	204	3	4910	190437	190494	1	0
29.870156	200	204	3	4910	190437	190494	1	0
29.875631	200	204	3	4911	190437	190494	1	0
29.882340	200	204	3	4911	190437	190494	1	0
29.896318	200	204	3	4911	190437	190494	1	0
29.908011	200	204	3	4911	190437	190494	1	0
29.913245	200	204	3	4912	190437	190494	1	0
29.920384	200	204	3	4912	190437	190494	1	0
29.927096	200	204	3	4912	190437	190494	1	0
29.937143	200	204	3	4912	190437	190494	1	0
29.943732	200	204	3	4912	190437	190494	1	0
29.957197	200	204	3	4912	190437	190494	1	0
29.965346	200	204	3	4912	190437	190494	1	0
29.971478	200	204	3	4912	190437	190494	1	0
29.978169	200	204	3	4912	190437	190494	1	0
29.988743	200	204	3	4912	190437	190494	1	0
29.998496	200	204	3	4912	190437	190494	1	0
30.007144	200	204	3	4912	190437	190494	1	0
30.014608	200	204	3	4912	190437	190494	1	0
30.029519	200	204	3	4912	190437	190494	1	0
30.037755	200	204	3	4912	190437	190494	1	0
30.046216	200	204	3	4912	190437	190494	1	0
30.061396	200	204	3	4912	190437	190494	1	0
30.072330	200	204	3	4912	190437	190494	1	0
30.078492	200	204	3	4912	190437	190494	1	0
30.088766	200	204	3	4912	190437	190494	1	0
30.101178	200	204	3	4912	190437	190494	1	0
30.111883	200	204	3	4912	190437	190494	1	0
30.119638	200	204	3	4912	190437	190494	1	0
30.129563	200	204	3	4912	190437	190494	1	0
30.142062	200	204	3	4912	190437	190494	1	0
30.154734	200	204	3	4912	190437	190494	1	0
30.163980	200	204	3	4912	190437	190494	1	0
30.170182	200	204	3	4912	190437	190494	1	0
30.182743	200	204	3	4912	190437	190494	1	0
30.191777	200	204	3	4912	190437	190494	1	0
30.201140	200	204	3	4912	190437	190494	1	0
30.209105	200	204	3	4912	190437	190494	1	0
30.215213	200	204	3	4912	190450	190494	1	0
30.227423	200	204	3	4912	190450	190494	1	0
30.234084	200	204	3	4912	190450	190494	1	0
30.242074	200	204	3	4912	190450	190494	1	0
30.252290	200	204	3	4912	190450	190494	1	0
30.264014	200	204	3	4913	190450	190494	1	0
30.275766	200	204	3	4913	190450	190494	1	0
30.290622	200	204	3	4913	190450	190494	1	0
30.299571	200	204	3	4914	190450	190494	1	0
30.306075	200	204	3	4914	190450	190494	1	0
30.314699	200	204	3	4914	190450	190494	1	0
30.323629	200	204	3	4914	190450	190494	1	0
30.331112	200	204	3	4914	190450	190494	1	0
30.344175	200	204	3	4914	190450	190494	1	0
30.359167	200	204	3	4915	190450	190494	1	0
30.368870	200	204	3	4915	190450	190494	1	0
30.382362	200	204	3	4915	190450	190494	1	0
30.397530	200	204	3	4916	190450	190494	1	0
30.412443	200	204	3	4916	190450	190494	1	0
30.421775	200	204	3	4916	190450	190494	1	0
30.429019	200	204	3	4916	190450	190494	1	0
30.438485	200	204	3	4916	190450	190494	1	0
30.445342	200	204	3	4917	190450	190494	1	0
30.451173	200	204	3	4917	190450	190494	1	0
30.463101	200	204	3	4917	190450	190494	1	0
30.477259	200	204	3	4917	190450	190494	1	0
30.492274	200	204	3	4918	190450	190494	1	0
30.503398	200	204	3	4918	190450	190494	1	0
30.510710	200	204	3	4918	190450	190494	1	0
30.525466	200	204	3	4918	190450	190494	1	0
30.535135	200	204	3	4918	190450	190494	1	0
30.548819	200	204	3	4919	190450	190494	1	0
30.560331	200	204	3	4919	190450	190494	1	0
30.570224	200	204	3	4919	190450	190494	1	0
30.583621	200	204	3	4919	190450	190494	1	0
30.590058	200	204	3	4920	190450	190494	1	0
30.598158	200	204	3	4920	190450	190494	1	0
30.609468	200	204	3	4920	190450	190494	1	0
30.623023	200	204	3	4920	190450	190494	1	0
30.636995	200	204	3	4920	190450	190494	1	0
30.642212	200	204	3	4920	190450	190494	1	0
30.649189	200	204	3	4920	190450	190494	1	0
30.655767	200	204	3	4920	190450	190494	1	0
30.668772	200	204	3	4920	190450	190494	1	0
30.683172	200	204	3	4920	190450	190494	1	0
30.692754	200	204	3	4920	190450	190494	1	0
30.700025	200	204	3	4920	190450	190494	1	0
30.709484	200	204	3	4920	190450	190494	1	0
30.717516	200	204	3	4920	190450	190494	1	0
30.732711	200	204	3	4920	190450	190494	1	0
30.742487	200	204	3	4920	190450	190494	1	0
30.755563	200	204	3	4920	190450	190494	1	0
30.766023	200	204	3	4920	190450	190494	1	0
30.779996	200	204	3	4920	190450	190494	1	0
30.786552	200	204	3	4920	190450	190494	1	0
30.801544	200	204	3	4920	190450	190494	1	0
30.815804	200	204	3	4920	190450	190494	1	0
30.822257	200	204	3	4920	190450	190494	1	0
30.829645	200	204	3	4920	190450	190494	1	0
30.839046	200	204	3	4920	190450	190494	1	0
30.848309	200	204	3	4920	190450	190494	1	0
30.857622	200	204	3	4920	190450	190494	1	0
30.870877	200	204	3	4920	190450	190494	1	0
30.876479	200	204	3	4920	190450	190494	1	0
30.889467	200	204	3	4920	190450	190494	1	0
30.896135	200	204	3	4920	190450	190494	1	0
30.902667	200	204	3	4920	190450	190494	1	0
30.915547	200	204	3	4920	190450	190494	1	0
30.926609	200	204	3	4920	190450	190494	1	0
30.939115	200	204	3	4920	190450	190494	1	0
30.944782	200	204	3	4920	190450	190494	1	0
30.953717	200	204	3	4920	190450	190494	1	0
30.967519	200	204	3	4920	190450	190494	1	0
30.973042	200	204	3	4920	190450	190494	1	0
30.980693	200	204	3	4920	190450	190494	1	0
30.991352	200	204	3	4920	190433	190494	1	0
30.998879	200	204	3	4920	190433	190494	1	0
31.006515	200	204	3	4920	190433	190494	1	0
31.020275	200	204	3	4920	190433	190494	1	0
31.028856	200	204	3	4920	190433	190494	1	0
31.035666	200	204	3	4920	190433	190494	1	0
31.047392	200	204	3	4920	190433	190494	1	0
31.061910	200	204	3	4921	190433	190494	1	0
31.072330	200	204	3	4921	190433	190494	1	0
31.083216	200	204	3	4921	190433	190494	1	0
31.094264	200	204	3	4921	190433	190494	1	0
31.106984	200	204	3	4921	190433	190494	1	0
31.113263	200	204	3	4922	190433	190494	1	0
31.122314	200	204	3	4922	190433	190494	1	0
31.136985	200	204	3	4922	190433	190494	1	0
31.149639	200	204	3	4922	190433	190494	1	0
31.156592	200	204	3	4922	190433	190494	1	0
31.163348	200	204	3	4922	190433	190494	1	0
31.178342	200	204	3	4923	190433	190494	1	0
31.186676	200	204	3	4923	190433	190494	1	0
31.198685	200	204	3	4923	190433	190494	1	0
31.208604	200	204	3	4923	190433	190494	1	0
31.216750	200	204	3	4923	190433	190494	1	0
31.225093	200	204	3	4923	190433	190494	1	0
31.235614	200	204	3	4923	190433	190494	1	0
31.250092	200	204	3	4924	190433	190494	1	0
31.259159	200	204	3	4924	190433	190494	1	0
31.268235	200	204	3	4924	190433	190494	1	0
31.278409	200	204	3	4924	190433	190494	1	0
31.284813	200	204	3	4924	190433	190494	1	0
31.290804	200	204	3	4924	190433	190494	1	0
31.296409	200	204	3	4924	190433	190494	1	0
31.308744	200	204	3	4924	190433	190494	1	0
31.322722	200	204	3	4925	190433	190494	1	0
31.329679	200	204	3	4925	190433	190494	1	0
31.339826	200	204	3	4925	190433	190494	1	0
31.350418	200	204	3	4925	190433	190494	1	0
31.361004	200	204	3	4925	190433	190494	1	0
31.373611	200	204	3	4925	190433	190494	1	0
31.382302	200	204	3	4926	190433	190494	1	0
31.393120	200	204	3	4926	190433	190494	1	0
31.406126	200	204	3	4926	190433	190494	1	0
31.420939	200	204	3	4926	190433	190494	1	0
31.429774	200	204	3	4926	190433	190494	1	0
31.437277	200	204	3	4926	190433	190494	1	0
31.444423	200	204	3	4927	190433	190494	1	0
31.453024	200	204	3	4927	190433	190494	1	0
31.461990	200	204	3	4927	190433	190494	1	0
31.468671	200	204	3	4927	190433	190494	1	0
31.476065	200	204	3	4927	190433	190494	1	0
31.490517	200	204	3	4927	190433	190494	1	0
31.495812	200	204	3	4927	190433	190494	1	0
31.503592	200	204	3	4927	190433	190494	1	0
31.511598	200	204	3	4928	190433	190494	1	0
31.521162	200	204	3	4928	190433	190494	1	0
31.533733	200	204	3	4928	190433	190494	1	0
31.542475	200	204	3	4928	190433	190494	1	0
31.549228	200	204	3	4928	190433	190494	1	0
31.555966	200	204	3	4928	190433	190494	1	0
31.565313	200	204	3	4928	190433	190494	1	0
31.580359	200	204	3	4928	190433	190494	1	0
31.589577	200	204	3	4928	190433	190494	1	0
31.603413	200	204	3	4928	190433	190494	1	0
31.614124	200	204	3	4928	190433	190494	1	0
31.624079	200	204	3	4928	190433	190494	1	0
31.633906	200	204	3	4928	190433	190494	1	0
31.643713	200	204	3	4928	190433	190494	1	0
31.648996	200	204	3	4928	190433	190494	1	0
31.658015	200	204	3	4928	190433	190494	1	0
31.665845	200	204	3	4928	190433	190494	1	0
31.672719	200	204	3	4928	190433	190494	1	0
31.685876	200	204	3	4928	190433	190494	1	0
31.698444	200	204	3	4928	190433	190494	1	0
31.705876	200	204	3	4928	190433	190494	1	0
31.712815	200	204	3	4928	190433	190494	1	0
31.720943	200	204	3	4928	190433	190494	1	0
31.733827	200	204	3	4928	190433	190494	1	0
31.747228	200	204	3	4928	190433	190494	1	0
31.755602	200	204	3	4928	190433	190494	1	0
31.764690	200	204	3	4928	190433	190494	1	0
31.778144	200	204	3	4928	190433	190494	1	0
31.790366	200	204	3	4928	190433	190494	1	0
31.799727	200	204	3	4928	190433	190494	1	0
31.806083	200	204	3	4928	190433	190494	1	0
31.814832	200	204	3	4928	190433	190494	1	0
31.829527	200	204	3	4928	190433	190494	1	0
31.844607	200	204	3	4928	190433	190494	1	0
31.851134	200	204	3	4928	190433	190494	1	0
31.864215	200	204	3	4928	190433	190494	1	0
31.874187	200	204	3	4928	190433	190494	1	0
31.886634	200	204	3	4928	190433	190494	1	0
31.900242	200	204	3	4928	190433	190494	1	0
31.911808	200	204	3	4928	190433	190494	1	0
31.924672	200	204	3	4928	190433	190494	1	0
31.933053	200	204	3	4928	190433	190494	1	0
31.939294	200	204	3	4928	190433	190494	1	0
31.954263	200	204	3	4928	190433	190494	1	0
31.962644	200	204	3	4928	190433	190494	1	0
31.976176	200	204	3	4928	190433	190494	1	0
31.989004	200	204	3	4928	190433	190494	1	0
31.995574	200	204	3	4928	190433	190494	1	0
32.008097	200	204	3	4928	190433	190494	1	0
32.022119	200	204	3	4928	190433	190494	1	0
32.029457	200	204	3	4928	190433	190494	1	0
32.041053	200	204	3	4928	190433	190494	1	0
32.048504	200	204	3	4928	190433	190494	1	0
32.056451	200	204	3	4928	190433	190494	1	0
32.067915	200	204	3	4928	190433	190494	1	0
32.078082	200	204	3	4928	190433	190494	1	0
32.089105	200	204	3	4928	190438	190494	1	0
32.095393	200	204	3	4928	190438	190494	1	0
32.108452	200	204	3	4928	190438	190494	1	0
32.119816	200	204	3	4928	190438	190494	1	0
32.126135	200	204	3	4928	190438	190494	1	0
32.139613	200	204	3	4928	190438	190494	1	0
32.150976	200	204	3	4928	190438	190494	1	0
32.156910	200	204	3	4928	190438	190494	1	0
32.167245	200	204	3	4928	190438	190494	1	0
32.174368	200	204	3	4929	190438	190494	1	0
32.181662	200	204	3	4929	190438	190494	1	0
32.195961	200	204	3	4929	190438	190494	1	0
32.202787	200	204	3	4929	190438	190494	1	0
32.215081	200	204	3	4929	190438	190494	1	0
32.223215	200	204	3	4929	190438	190494	1	0
32.236145	200	204	3	4929	190438	190494	1	0
32.247950	200	204	3	4929	190438	190494	1	0
32.255834	200	204	3	4929	190438	190494	1	0
32.262799	200	204	3	4930	190438	190494	1	0
32.271908	200	204	3	4930	190438	190494	1	0
32.279272	200	204	3	4930	190438	190494	1	0
32.288640	200	204	3	4930	190438	190494	1	0
32.302968	200	204	3	4930	190438	190494	1	0
32.310710	200	204	3	4930	190438	190494	1	0
32.323338	200	204	3	4930	190438	190494	1	0
32.334555	200	204	3	4930	190438	190494	1	0
32.345005	200	204	3	4930	190438	190494	1	0
32.356899	200	204	3	4931	190438	190494	1	0
32.369910	200	204	3	4931	190438	190494	1	0
32.382135	200	204	3	4931	190438	190494	1	0
32.395056	200	204	3	4931	190438	190494	1	0
32.409315	200	204	3	4931	190438	190494	1	0
32.415874	200	204	3	4931	190438	190494	1	0
32.428167	200	204	3	4931	190438	190494	1	0
32.433881	200	204	3	4931	190438	190494	1	0
32.439548	200	204	3	4932	190438	190494	1	0
32.449196	200	204	3	4932	190438	190494	1	0
32.455387	200	204	3	4932	190438	190494	1	0
32.467468	200	204	3	4932	190438	190494	1	0
32.475692	200	204	3	4932	190438	190494	1	0
32.482820	200	204	3	4932	190438	190494	1	0
32.491891	200	204	3	4932	190438	190494	1	0
32.500056	200	204	3	4932	190438	190494	1	0
32.506599	200	204	3	4932	190438	190494	1	0
32.515795	200	204	3	4932	190438	190494	1	0
32.528573	200	204	3	4933	190438	190494	1	0
32.542104	200	204	3	4933	190438	190494	1	0
32.556637	200	204	3	4933	190438	190494	1	0
32.563768	200	204	3	4933	190438	190494	1	0
32.578805	200	204	3	4933	190438	190494	1	0
32.586019	200	204	3	4933	190438	190494	1	0
32.591331	200	204	3	4933	190438	190494	1	0
32.601644	200	204	3	4933	190438	190494	1	0
32.612589	200	204	3	4934	190438	190494	1	0
32.618372	200	204	3	4934	190438	190494	1	0
32.630474	200	204	3	4934	190438	190494	1	0
32.637766	200	204	3	4934	190438	190494	1	0
32.643861	200	204	3	4934	190438	190494	1	0
32.656769	200	204	3	4934	190438	190494	1	0
32.664380	200	204	3	4934	190438	190494	1	0
32.675982	200	204	3	4934	190438	190494	1	0
32.688375	200	204	3	4934	190438	190494	1	0
32.698607	200	204	3	4935	190438	190494	1	0
32.709236	200	204	3	4935	190438	190494	1	0
32.720498	200	204	3	4935	190438	190494	1	0
32.727246	200	204	3	4935	190438	190494	1	0
32.736529	200	204	3	4935	190438	190494	1	0
32.742742	200	204	3	4935	190438	190494	1	0
32.750165	200	204	3	4935	190438	190494	1	0
32.761467	200	204	3	4935	190438	190494	1	0
32.769400	200	204	3	4935	190438	190494	1	0
32.782084	200	204	3	4935	190438	190494	1	0
32.789343	200	204	3	4935	190438	190494	1	0
32.795615	200	204	3	4936	190438	190494	1	0
32.804875	200	204	3	4936	190438	190494	1	0
32.811267	200	204	3	4936	190438	190494	1	0
32.819474	200	204	3	4936	190438	190494	1	0
32.831461	200	204	3	4936	190438	190494	1	0
32.841203	200	204	3	4936	190438	190494	1	0
32.854254	200	204	3	4936	190438	190494	1	0
32.867194	200	204	3	4936	190438	190494	1	0
32.877718	200	204	3	4936	190438	190494	1	0
32.887465	200	204	3	4936	190438	190494	1	0
32.900638	200	204	3	4936	190438	190494	1	0
32.915450	200	204	3	4936	190438	190494	1	0
32.928759	200	204	3	4936	190438	190494	1	0
32.941183	200	204	3	4936	190438	190494	1	0
32.952116	200	204	3	4936	190438	190494	1	0
32.965492	200	204	3	4936	190438	190494	1	0
32.972621	200	204	3	4936	190438	190494	1	0
32.982451	200	204	3	4936	190438	190494	1	0
32.997601	200	204	3	4936	190438	190494	1	0
33.004057	200	204	3	4936	190438	190494	1	0
33.013493	200	204	3	4936	190438	190494	1	0
33.027635	200	204	3	4936	190438	190494	1	0
33.038923	200	204	3	4936	190438	190494	1	0
33.045645	200	204	3	4936	190438	190494	1	0
33.057293	200	204	3	4936	190438	190494	1	0
33.070747	200	204	3	4936	190438	190494	1	0
33.079609	200	204	3	4936	190438	190494	1	0
33.093439	200	204	3	4936	190438	190494	1	0
33.098857	200	204	3	4936	190438	190494	1	0
33.109513	200	204	3	4936	190438	190494	1	0
33.117025	200	204	3	4936	190438	190494	1	0
33.123717	200	204	3	4936	190438	190494	1	0
33.129680	200	204	3	4936	190438	190494	1	0
33.141423	200	204	3	4936	190438	190494	1	0
33.148440	200	204	3	4936	190438	190494	1	0
33.158452	200	204	3	4936	190438	190494	1	0
33.173602	200	204	3	4936	190438	190494	1	0
33.182906	200	204	3	4936	190438	190494	1	0
33.193912	200	204	3	4936	190438	190494	1	0
33.208268	200	204	3	4936	190438	190494	1	0
33.214160	200	204	3	4936	190438	190494	1	0
33.220924	200	204	3	4936	190438	190494	1	0
33.231672	200	204	3	4936	190438	190494	1	0
33.239905	200	204	3	4936	190438	190494	1	0
33.253473	200	204	3	4936	190438	190494	1	0
33.265470	200	204	3	4936	190438	190494	1	0
33.274879	200	204	3	4936	190438	190494	1	0
33.284074	200	204	3	4936	190438	190494	1	0
33.297647	200	204	3	4936	190438	190494	1	0
33.303634	200	204	3	4936	190438	190494	1	0
33.315844	200	204	3	4936	190438	190494	1	0
33.323194	200	204	3	4936	190438	190494	1	0
33.334212	200	204	3	4936	190438	190494	1	0
33.343440	200	204	3	4936	190438	190494	1	0
33.352321	200	204	3	4936	190438	190494	1	0
33.359747	200	204	3	4936	190438	190494	1	0
33.372565	200	204	3	4936	190438	190494	1	0
33.387246	200	204	3	4936	190438	190494	1	0
33.401612	200	204	3	4936	190438	190494	1	0
33.415325	200	204	3	4936	190438	190494	1	0
33.430040	200	204	3	4936	190438	190494	1	0
33.441217	200	204	3	4936	190438	190494	1	0
33.456331	200	204	3	4936	190438	190494	1	0
33.462083	200	204	3	4936	190438	190494	1	0
33.471075	200	204	3	4936	190438	190494	1	0
33.479299	200	204	3	4936	190438	190494	1	0
33.492578	200	204	3	4936	190438	190494	1	0
33.506505	200	204	3	4936	190438	190494	1	0
33.521243	200	204	3	4936	190438	190494	1	0
33.533386	200	204	3	4936	190445	190494	1	0
33.542050	200	204	3	4936	190445	190494	1	0
33.556333	200	204	3	4936	190445	190494	1	0
33.567770	200	204	3	4936	190445	190494	1	0
33.577003	200	204	3	4936	190445	190494	1	0
33.589720	200	204	3	4936	190445	190494	1	0
33.604112	200	204	3	4936	190445	190494	1	0
33.617978	200	204	3	4936	190445	190494	1	0
33.629204	200	204	3	4936	190445	190494	1	0
33.636413	200	204	3	4936	190445	190494	1	0
33.650201	200	204	3	4937	190445	190494	1	0
33.661595	200	204	3	4937	190445	190494	1	0
33.669224	200	204	3	4937	190445	190494	1	0
33.678685	200	204	3	4937	190445	190494	1	0
33.692994	200	204	3	4937	190445	190494	1	0
33.703056	200	204	3	4937	190445	190494	1	0
33.715513	200	204	3	4937	190445	190494	1	0
33.730086	200	204	3	4937	190445	190494	1	0
33.744634	200	204	3	4938	190445	190494	1	0
33.756924	200	204	3	4938	190445	190494	1	0
33.766682	200	204	3	4938	190445	190494	1	0
33.776597	200	204	3	4938	190445	190494	1	0
33.782877	200	204	3	4938	190445	190494	1	0
33.790828	200	204	3	4938	190445	190494	1	0
33.798007	200	204	3	4938	190445	190494	1	0
33.806230	200	204	3	4938	190445	190494	1	0
33.813401	200	204	3	4938	190445	190494	1	0
33.820244	200	204	3	4938	190445	190494	1	0
33.827231	200	204	3	4938	190445	190494	1	0
33.839547	200	204	3	4938	190445	190494	1	0
33.846132	200	204	3	4938	190445	190494	1	0
33.851636	200	204	3	4938	190445	190494	1	0
33.863004	200	204	3	4939	190445	190494	1	0
33.873984	200	204	3	4939	190445	190494	1	0
33.879631	200	204	3	4939	190445	190494	1	0
33.887230	200	204	3	4939	190445	190494	1	0
33.892884	200	204	3	4939	190445	190494	1	0
33.901959	200	204	3	4939	190445	190494	1	0
33.916369	200	204	3	4939	190445	190494	1	0
33.924757	200	204	3	4939	190445	190494	1	0
33.939714	200	204	3	4939	190445	190494	1	0
33.951049	200	204	3	4939	190445	190494	1	0
33.964497	200	204	3	4939	190445	190494	1	0
33.975158	200	204	3	4940	190445	190494	1	0
33.989026	200	204	3	4940	190445	190494	1	0
33.998546	200	204	3	4940	190445	190494	1	0
34.008041	200	204	3	4940	190445	190494	1	0
34.019381	200	204	3	4940	190445	190494	1	0
34.031354	200	204	3	4940	190445	190494	1	0
34.038633	200	204	3	4940	190445	190494	1	0
34.047571	200	204	3	4940	190445	190494	1	0
34.054279	200	204	3	4940	190445	190494	1	0
34.062683	200	204	3	4940	190445	190494	1	0
34.074706	200	204	3	4941	190445	190494	1	0
34.086010	200	204	3	4941	190445	190494	1	0
34.092490	200	204	3	4941	190445	190494	1	0
34.102546	200	204	3	4941	190445	190494	1	0
34.117425	200	204	3	4941	190445	190494	1	0
34.130533	200	204	3	4941	190445	190494	1	0
34.139510	200	204	3	4941	190445	190494	1	0
34.151430	200	204	3	4941	190445	190494	1	0
34.159987	200	204	3	4941	190445	190494	1	0
34.170859	200	204	3	4941	190445	190494	1	0
34.180761	200	204	3	4941	190445	190494	1	0
34.187224	200	204	3	4942	190445	190494	1	0
34.200817	200	204	3	4942	190445	190494	1	0
34.207936	200	204	3	4942	190445	190494	1	0
34.218025	200	204	3	4942	190445	190494	1	0
34.227139	200	204	3	4942	190445	190494	1	0
34.233117	200	204	3	4942	190445	190494	1	0
34.239488	200	204	3	4942	190445	190494	1	0
34.252918	200	204	3	4942	190445	190494	1	0
34.258230	200	204	3	4942	190445	190494	1	0
34.270726	200	204	3	4942	190445	190494	1	0
34.281458	200	204	3	4942	190445	190494	1	0
34.294275	200	204	3	4942	190445	190494	1	0
34.300737	200	204	3	4942	190445	190494	1	0
34.311098	200	204	3	4943	190445	190494	1	0
34.322363	200	204	3	4943	190445	190494	1	0
34.332915	200	204	3	4943	190445	190494	1	0
34.338961	200	204	3	4943	190445	190494	1	0
34.344348	200	204	3	4943	190445	190494	1	0
34.353371	200	204	3	4943	190445	190494	1	0
34.360458	200	204	3	4943	190445	190494	1	0
34.368823	200	204	3	4943	190445	190494	1	0
34.382412	200	204	3	4943	190445	190494	1	0
34.397002	200	204	3	4943	190445	190494	1	0
34.405193	200	204	3	4943	190445	190494	1	0
34.413678	200	204	3	4943	190445	190494	1	0
34.422753	200	204	3	4943	190445	190494	1	0
34.437834	200	204	3	4944	190445	190494	1	0
34.443712	200	204	3	4944	190445	190494	1	0
34.456339	200	204	3	4944	190445	190494	1	0
34.469312	200	204	3	4944	190445	190494	1	0
34.478972	200	204	3	4944	190445	190494	1	0
34.484248	200	204	3	4944	190445	190494	1	0
34.490224	200	204	3	4944	190445	190494	1	0
34.499290	200	204	3	4944	190445	190494	1	0
34.510136	200	204	3	4944	190445	190494	1	0
34.522928	200	204	3	4944	190445	190494	1	0
34.533244	200	204	3	4944	190445	190494	1	0
34.539394	200	204	3	4944	190445	190494	1	0
34.549552	200	204	3	4944	190445	190494	1	0
34.559319	200	204	3	4944	190445	190494	1	0
34.569583	200	204	3	4944	190445	190494	1	0
34.580200	200	204	3	4944	190445	190494	1	0
34.595304	200	204	3	4944	190445	190494	1	0
34.604189	200	204	3	4944	190445	190494	1	0
34.612068	200	204	3	4944	190445	190494	1	0
34.626378	200	204	3	4944	190445	190494	1	0
34.634098	200	204	3	4944	190445	190494	1	0
34.641473	200	204	3	4944	190445	190494	1	0
34.649219	200	204	3	4944	190445	190494	1	0
34.659685	200	204	3	4944	190445	190494	1	0
34.669433	200	204	3	4944	190445	190494	1	0
34.682703	200	204	3	4944	190445	190494	1	0
34.695749	200	204	3	4944	190445	190494	1	0
34.709079	200	204	3	4944	190445	190494	1	0
34.716666	200	204	3	4944	190445	190494	1	0
34.730382	200	204	3	4944	190445	190494	1	0
34.738138	200	204	3	4944	190445	190494	1	0
34.746450	200	204	3	4944	190445	190494	1	0
34.752162	200	204	3	4944	190445	190494	1	0
34.763355	200	204	3	4944	190445	190494	1	0
34.772212	200	204	3	4944	190445	190494	1	0
34.782590	200	204	3	4944	190445	190494	1	0
34.790719	200	204	3	4944	190445	190494	1	0
34.798938	200	204	3	4944	190445	190494	1	0
34.807633	200	204	3	4944	190445	190494	1	0
34.815150	200	204	3	4944	190445	190494	1	0
34.829424	200	204	3	4944	190445	190494	1	0
34.842030	200	204	3	4944	190445	190494	1	0
34.847370	200	204	3	4944	190445	190494	1	0
34.861346	200	204	3	4944	190445	190494	1	0
34.867540	200	204	3	4944	190445	190494	1	0
34.880702	200	204	3	4944	190445	190494	1	0
34.889208	200	204	3	4944	190445	190494	1	0
34.902677	200	204	3	4944	190445	190494	1	0
34.911612	200	204	3	4944	190445	190494	1	0
34.918900	200	204	3	4944	190445	190494	1	0
34.924841	200	204	3	4944	190445	190494	1	0
34.936460	200	204	3	4944	190445	190494	1	0
34.951587	200	204	3	4944	190445	190494	1	0
34.961684	200	204	3	4944	190445	190494	1	0
34.974794	200	204	3	4944	190445	190494	1	0
34.983519	200	204	3	4944	190445	190494	1	0
34.997642	200	204	3	4944	190445	190494	1	0
35.008293	200	204	3	4944	190445	190494	1	0
35.016617	200	204	3	4944	190445	190494	1	0
35.026459	200	204	3	4944	190445	190494	1	0
35.040999	200	204	3	4944	190445	190494	1	0
35.053060	200	204	3	4944	190445	190494	1	0
35.065516	200	204	3	4944	190445	190494	1	0
35.075634	200	204	3	4944	190445	190494	1	0
35.083163	200	204	3	4944	190445	190494	1	0
35.091955	200	204	3	4944	190445	190494	1	0
35.100005	200	204	3	4944	190445	190494	1	0
35.113925	200	204	3	4944	190445	190494	1	0
35.129095	200	204	3	4944	190445	190494	1	0
35.141022	200	204	3	4944	190445	190494	1	0
35.150044	200	204	3	4944	190445	190494	1	0
35.155843	200	204	3	4944	190445	190494	1	0
35.164774	200	204	3	4944	190445	190494	1	0
35.172830	200	204	3	4944	190445	190494	1	0
35.180355	200	204	3	4944	190445	190494	1	0
35.188701	200	204	3	4944	190445	190494	1	0
35.201945	200	204	3	4944	190445	190494	1	0
35.213574	200	204	3	4944	190445	190494	1	0
35.228556	200	204	3	4944	190445	190494	1	0
35.238582	200	204	3	4944	190445	190494	1	0
35.247800	200	204	3	4944	190445	190494	1	0
35.261832	200	204	3	4944	190445	190494	1	0
35.275133	200	204	3	4944	190445	190494	1	0
35.280460	200	204	3	4944	190445	190494	1	0
35.286659	200	204	3	4944	190445	190494	1	0
35.296065	200	204	3	4944	190445	190494	1	0
35.301883	200	204	3	4944	190445	190494	1	0
35.308736	200	204	3	4944	190445	190494	1	0
35.314409	200	204	3	4944	190445	190494	1	0
35.326074	200	204	3	4944	190445	190494	1	0
35.336066	200	204	3	4944	190445	190494	1	0
35.341498	200	204	3	4944	190445	190494	1	0
35.354677	200	204	3	4944	190445	190494	1	0
35.369283	200	204	3	4944	190445	190494	1	0
35.377515	200	204	3	4944	190445	190494	1	0
35.388970	200	204	3	4944	190445	190494	1	0
35.397526	200	204	3	4944	190428	190494	1	0
35.409498	200	204	3	4944	190428	190494	1	0
35.417883	200	204	3	4944	190428	190494	1	0
35.431153	200	204	3	4944	190428	190494	1	0
35.445663	200	204	3	4944	190428	190494	1	0
35.456341	200	204	3	4944	190428	190494	1	0
35.464333	200	204	3	4944	190428	190494	1	0
35.473044	200	204	3	4944	190428	190494	1	0
35.478620	200	204	3	4944	190428	190494	1	0
35.484501	200	204	3	4944	190428	190494	1	0
35.496653	200	204	3	4944	190428	190494	1	0
35.505887	200	204	3	4944	190428	190494	1	0
35.518842	200	204	3	4944	190428	190494	1	0
35.533833	200	204	3	4945	190428	190494	1	0
35.546679	200	204	3	4945	190428	190494	1	0
35.561019	200	204	3	4945	190428	190494	1	0
35.571366	200	204	3	4945	190428	190494	1	0
35.580428	200	204	3	4945	190428	190494	1	0
35.587550	200	204	3	4945	190428	190494	1	0
35.597478	200	204	3	4945	190428	190494	1	0
35.611881	200	204	3	4945	190428	190494	1	0
35.624249	200	204	3	4945	190428	190494	1	0
35.634440	200	204	3	4945	190428	190494	1	0
35.645999	200	204	3	4945	190428	190494	1	0
35.659250	200	204	3	4946	190428	190494	1	0
35.673808	200	204	3	4946	190428	190494	1	0
35.681567	200	204	3	4946	190428	190494	1	0
35.688591	200	204	3	4946	190428	190494	1	0
35.695313	200	204	3	4946	190428	190494	1	0
35.701164	200	204	3	4946	190428	190494	1	0
35.710605	200	204	3	4946	190428	190494	1	0
35.722132	200	204	3	4946	190428	190494	1	0
35.736234	200	204	3	4946	190428	190494	1	0
35.748918	200	204	3	4946	190428	190494	1	0
35.762815	200	204	3	4946	190428	190494	1	0
35.769710	200	204	3	4946	190428	190494	1	0
35.784618	200	204	3	4946	190428	190494	1	0
35.790362	200	204	3	4947	190428	190494	1	0
35.802735	200	204	3	4947	190428	190494	1	0
35.813926	200	204	3	4947	190428	190494	1	0
35.821624	200	204	3	4947	190428	190494	1	0
35.831023	200	204	3	4947	190428	190494	1	0
35.843959	200	204	3	4947	190428	190494	1	0
35.853408	200	204	3	4947	190428	190494	1	0
35.860793	200	204	3	4947	190428	190494	1	0
35.869294	200	204	3	4947	190428	190494	1	0
35.877142	200	204	3	4947	190428	190494	1	0
35.888003	200	204	3	4947	190428	190494	1	0
35.902390	200	204	3	4947	190428	190494	1	0
35.912432	200	204	3	4948	190428	190494	1	0
35.920436	200	204	3	4948	190428	190494	1	0
35.935603	200	204	3	4948	190428	190494	1	0
35.945609	200	204	3	4948	190428	190494	1	0
35.950833	200	204	3	4948	190428	190494	1	0
35.957930	200	204	3	4948	190428	190494	1	0
35.967483	200	204	3	4948	190428	190494	1	0
35.982252	200	204	3	4948	190428	190494	1	0
35.994925	200	204	3	4948	190428	190494	1	0
36.003110	200	204	3	4948	190428	190494	1	0
36.015819	200	204	3	4948	190428	190494	1	0
36.028934	200	204	3	4948	190428	190494	1	0
36.037013	200	204	3	4949	190428	190494	1	0
36.049547	200	204	3	4949	190428	190494	1	0
36.063891	200	204	3	4949	190428	190494	1	0
36.071273	200	204	3	4949	190428	190494	1	0
36.078023	200	204	3	4949	190428	190494	1	0
36.083959	200	204	3	4949	190428	190494	1	0
36.091689	200	204	3	4949	190428	190494	1	0
36.098989	200	204	3	4949	190428	190494	1	0
36.112234	200	204	3	4949	190428	190494	1	0
36.123080	200	204	3	4949	190428	190494	1	0
36.135603	200	204	3	4949	190428	190494	1	0
36.143109	200	204	3	4949	190428	190494	1	0
36.158239	200	204	3	4949	190428	190494	1	0
36.163681	200	204	3	4950	190428	190494	1	0
36.176893	200	204	3	4950	190428	190494	1	0
36.190420	200	204	3	4950	190428	190494	1	0
36.202220	200	204	3	4950	190428	190494	1	0
36.212513	200	204	3	4950	190428	190494	1	0
36.227396	200	204	3	4950	190428	190494	1	0
36.241388	200	204	3	4950	190428	190494	1	0
36.250323	200	204	3	4950	190428	190494	1	0
36.261913	200	204	3	4950	190428	190494	1	0
36.267693	200	204	3	4950	190428	190494	1	0
36.274937	200	204	3	4950	190428	190494	1	0
36.284692	200	204	3	4952	190428	190494	1	0
36.293507	200	204	3	4952	190428	190494	1	0
36.303234	200	204	3	4952	190428	190494	1	0
36.316855	200	204	3	4952	190428	190494	1	0
36.323958	200	204	3	4952	190428	190494	1	0
36.337652	200	204	3	4952	190428	190494	1	0
36.344913	200	204	3	4952	190428	190494	1	0
36.354626	200	204	3	4952	190428	190494	1	0
36.369039	200	204	3	4952	190428	190494	1	0
36.376408	200	204	3	4952	190428	190494	1	0
36.384960	200	204	3	4952	190428	190494	1	0
36.393260	200	204	3	4952	190428	190494	1	0
36.402533	200	204	3	4952	190428	190494	1	0
36.415850	200	204	3	4952	190428	190494	1	0
36.423566	200	204	3	4952	190428	190494	1	0
36.429677	200	204	3	4952	190428	190494	1	0
36.439085	200	204	3	4952	190428	190494	1	0
36.448994	200	204	3	4952	190428	190494	1	0
36.462106	200	204	3	4952	190428	190494	1	0
36.473752	200	204	3	4952	190428	190494	1	0
36.488869	200	204	3	4952	190428	190494	1	0
36.494593	200	204	3	4952	190428	190494	1	0
36.504312	200	204	3	4952	190428	190494	1	0
36.510384	200	204	3	4952	190428	190494	1	0
36.518741	200	204	3	4952	190428	190494	1	0
36.532022	200	204	3	4952	190428	190494	1	0
36.540870	200	204	3	4952	190428	190494	1	0
36.550487	200	204	3	4952	190428	190494	1	0
36.561213	200	204	3	4952	190428	190494	1	0
36.573456	200	204	3	4952	190428	190494	1	0
36.582246	200	204	3	4952	190428	190494	1	0
36.587929	200	204	3	4952	190428	190494	1	0
36.601548	200	204	3	4952	190428	190494	1	0
36.607901	200	204	3	4952	190428	190494	1	0
36.619753	200	204	3	4952	190428	190494	1	0
36.625349	200	204	3	4952	190428	190494	1	0
36.635566	200	204	3	4952	190428	190494	1	0
36.645193	200	204	3	4952	190428	190494	1	0
36.657918	200	204	3	4952	190428	190494	1	0
36.665515	200	204	3	4952	190428	190494	1	0
36.674728	200	204	3	4952	190428	190494	1	0
36.682401	200	204	3	4952	190428	190494	1	0
36.690446	200	204	3	4952	190428	190494	1	0
36.702795	200	204	3	4952	190428	190494	1	0
36.713017	200	204	3	4952	190428	190494	1	0
36.725209	200	204	3	4952	190428	190494	1	0
36.737896	200	204	3	4952	190428	190494	1	0
36.746201	200	204	3	4952	190428	190494	1	0
36.756131	200	204	3	4952	190428	190494	1	0
36.769567	200	204	3	4952	190428	190494	1	0
36.775593	200	204	3	4952	190428	190494	1	0
36.790019	200	204	3	4952	190428	190494	1	0
36.804447	200	204	3	4952	190428	190494	1	0
36.814778	200	204	3	4952	190428	190494	1	0
36.822521	200	204	3	4952	190428	190494	1	0
36.832100	200	204	3	4952	190428	190494	1	0
36.843822	200	204	3	4952	190428	190494	1	0
36.852678	200	204	3	4952	190428	190494	1	0
36.860792	200	204	3	4952	190428	190494	1	0
36.873846	200	204	3	4952	190428	190494	1	0
36.888557	200	204	3	4952	190428	190494	1	0
36.898143	200	204	3	4952	190428	190494	1	0
36.908661	200	204	3	4952	190428	190494	1	0
36.920960	200	204	3	4952	190428	190494	1	0
36.929780	200	204	3	4952	190428	190494	1	0
36.939592	200	204	3	4952	190428	190494	1	0
36.948946	200	204	3	4952	190428	190494	1	0
36.961089	200	204	3	4952	190428	190494	1	0
36.976195	200	204	3	4952	190428	190494	1	0
36.990579	200	204	3	4952	190428	190494	1	0
37.004887	200	204	3	4955	190427	190494	1	0
37.017972	200	204	3	4955	190427	190494	1	0
37.027052	200	204	3	4955	190427	190494	1	0
37.032334	200	204	3	4955	190427	190494	1	0
37.038760	200	204	3	4955	190427	190494	1	0
37.053118	200	204	3	4955	190427	190494	1	0
37.068000	200	204	3	4955	190427	190494	1	0
37.073469	200	204	3	4955	190427	190494	1	0
37.079106	200	204	3	4955	190427	190494	1	0
37.086538	200	204	3	4955	190427	190494	1	0
37.097871	200	204	3	4955	190427	190494	1	0
37.110101	200	204	3	4969	190437	190494	1	0
37.119506	200	204	3	4992	190436	190494	1	0
37.130944	200	204	3	5005	190436	190494	1	0
37.139655	200	204	3	5013	190436	190494	1	0
37.152700	200	204	3	5024	190436	190494	1	0
37.164000	200	204	3	5032	190436	190494	1	0
37.170807	200	204	3	5033	190436	190494	1	0
37.183217	200	204	3	5041	190436	190494	1	0
37.195545	200	204	3	5048	190436	190494	1	0
37.201983	200	204	3	5053	190436	190494	1	0
37.208431	200	204	3	5056	190436	190494	1	0
37.218943	200	204	3	5061	190436	190494	1	0
37.225593	200	204	3	5064	190436	190494	1	0
37.231489	200	204	3	5064	190436	190494	1	0
37.243395	200	204	3	5072	190436	190494	1	0
37.252055	200	204	3	5073	190436	190494	1	0
37.259776	200	204	3	5076	190436	190494	1	0
37.266630	200	204	3	5080	190436	190494	1	0
37.273025	200	204	3	5080	190436	190494	1	0
37.285446	200	204	3	5086	190436	190494	1	0
37.297084	200	204	3	5088	190436	190494	1	0
37.304384	200	204	3	5090	190436	190494	1	0
37.314857	200	204	3	5096	190436	190494	1	0
37.323905	200	204	3	5096	190436	190494	1	0
37.336652	200	204	3	5103	190436	190494	1	0
37.344744	200	204	3	5104	190436	190494	1	0
37.351911	200	204	3	5104	190436	190494	1	0
37.364871	200	204	3	5111	190436	190494	1	0
37.380013	200	204	3	5113	190436	190494	1	0
37.392084	200	204	3	5118	190436	190494	1	0
37.405605	200	204	3	5120	190436	190494	1	0
37.416136	200	204	3	5123	190436	190494	1	0
37.427953	200	204	3	5128	190436	190494	1	0
37.434696	200	204	3	5128	190436	190494	1	0
37.442541	200	204	3	5129	190436	190494	1	0
37.452182	200	204	3	5133	190436	190494	1	0
37.461869	200	204	3	5136	190436	190494	1	0
37.473103	200	204	3	5137	190436	190494	1	0
37.483144	200	204	3	5140	190436	190494	1	0
37.488424	200	204	3	5143	190436	190494	1	0
37.502936	200	204	3	5144	190436	190494	1	0
37.512084	200	204	3	5146	190436	190494	1	0
37.520960	200	204	3	5149	190436	190494	1	0
37.533729	200	204	3	5152	190436	190494	1	0
37.539498	200	204	3	5152	190436	190494	1	0
37.549712	200	204	3	5153	190436	190494	1	0
37.559607	200	204	3	5157	190436	190494	1	0
37.571199	200	204	3	5160	190436	190494	1	0
37.581589	200	204	3	5160	190436	190494	1	0
37.590913	200	204	3	5163	190436	190494	1	0
37.603344	200	204	3	5168	190436	190494	1	0
37.609695	200	204	3	5168	190436	190494	1	0
37.622899	200	204	3	5169	190436	190494	1	0
37.633614	200	204	3	5173	190436	190494	1	0
37.638830	200	204	3	5175	190436	190494	1	0
37.649282	200	204	3	5176	190436	190494	1	0
37.659930	200	204	3	5176	190436	190494	1	0
37.672773	200	204	3	5179	190436	190494	1	0
37.687139	200	204	3	5183	190436	190494	1	0
37.697550	200	204	3	5184	190436	190494	1	0
37.706804	200	204	3	5184	190436	190494	1	0
37.721336	200	204	3	5187	190436	190494	1	0
37.729123	200	204	3	5190	190436	190494	1	0
37.743886	200	204	3	5192	190436	190494	1	0
37.755774	200	204	3	5193	190436	190494	1	0
37.768870	200	204	3	5196	190436	190494	1	0
37.775725	200	204	3	5198	190436	190494	1	0
37.787358	200	204	3	5200	190436	190494	1	0
37.800360	200	204	3	5200	190436	190494	1	0
37.814280	200	204	3	5201	190436	190494	1	0
37.822567	200	204	3	5203	190436	190494	1	0
37.831658	200	204	3	5205	190436	190494	1	0
37.838491	200	204	3	5208	190436	190494	1	0
37.849009	200	204	3	5208	190436	190494	1	0
37.860256	200	204	3	5208	190436	190494	1	0
37.873852	200	204	3	5211	190436	190494	1	0
37.884484	200	204	3	5214	190436	190494	1	0
37.892458	200	204	3	5216	190436	190494	1	0
37.905621	200	204	3	5216	190436	190494	1	0
37.915019	200	204	3	5217	190436	190494	1	0
37.920757	200	204	3	5218	190436	190494	1	0
37.930683	200	204	3	5221	190436	190494	1	0
37.945574	200	204	3	5224	190436	190494	1	0
37.951204	200	204	3	5224	190436	190494	1	0
37.956861	200	204	3	5224	190436	190494	1	0
37.964783	200	204	3	5224	190436	190494	1	0
37.979071	200	204	3	5227	190436	190494	1	0
37.990810	200	204	3	5231	190436	190494	1	0
38.001503	200	204	3	5232	190436	190494	1	0
38.016302	200	204	3	5232	190436	190494	1	0
38.030249	200	204	3	5234	190436	190494	1	0
38.035842	200	204	3	5235	190436	190494	1	0
38.050321	200	204	3	5240	190436	190494	1	0
38.056710	200	204	3	5240	190436	190494	1	0
38.065300	200	204	3	5240	190436	190494	1	0
38.074055	200	204	3	5240	190436	190494	1	0
38.082344	200	204	3	5241	190436	190494	1	0
38.092519	200	204	3	5243	190436	190494	1	0
38.099303	200	204	3	5245	190436	190494	1	0
38.108369	200	204	3	5248	190436	190494	1	0
38.116513	200	204	3	5248	190436	190494	1	0
38.126142	200	204	3	5248	190436	190494	1	0
38.133753	200	204	3	5248	190436	190494	1	0
38.139298	200	204	3	5249	190436	190494	1	0
38.145368	200	204	3	5249	190436	190494	1	0
38.157660	200	204	3	5252	190436	190494	1	0
38.164387	200	204	3	5254	190436	190494	1	0
38.179093	200	204	3	5256	190436	190494	1	0
38.188328	200	204	3	5256	190436	190494	1	0
38.193977	200	204	3	5256	190436	190494	1	0
38.204191	200	204	3	5257	190436	190494	1	0
38.209806	200	204	3	5257	190436	190494	1	0
38.224096	200	204	3	5260	190436	190494	1	0
38.235818	200	204	3	5263	190436	190494	1	0
38.250954	200	204	3	5264	190436	190494	1	0
38.259367	200	204	3	5264	190436	190494	1	0
38.274080	200	204	3	5265	190436	190494	1	0
38.285482	200	204	3	5267	190436	190494	1	0
38.294885	200	204	3	5270	190436	190494	1	0
38.303634	200	204	3	5272	190436	190494	1	0
38.315424	200	204	3	5272	190436	190494	1	0
38.322840	200	204	3	5272	190436	190494	1	0
38.333354	200	204	3	5272	190436	190494	1	0
38.344302	200	204	3	5273	190436	190494	1	0
38.351060	200	204	3	5274	190436	190494	1	0
38.362626	200	204	3	5277	190436	190494	1	0
38.374794	200	204	3	5280	190436	190494	1	0
38.383693	200	204	3	5280	190436	190494	1	0
38.390780	200	204	3	5280	190436	190494	1	0
38.397261	200	204	3	5280	190436	190494	1	0
38.405027	200	204	3	5280	190436	190494	1	0
38.412956	200	204	3	5281	190436	190494	1	0
38.426633	200	204	3	5283	190436	190494	1	0
38.436426	200	204	3	5285	190436	190494	1	0
38.443815	200	204	3	5287	190436	190494	1	0
38.458812	200	204	3	5288	190436	190494	1	0
38.466138	200	204	3	5288	190436	190494	1	0
38.479633	200	204	3	5289	190436	190494	1	0
38.489469	200	204	3	5290	190436	190494	1	0
38.496590	200	204	3	5291	190436	190494	1	0
38.511422	200	204	3	5294	190436	190494	1	0
38.517929	200	204	3	5296	190436	190494	1	0
38.528357	200	204	3	5296	190436	190494	1	0
38.542164	200	204	3	5296	190436	190494	1	0
38.548501	200	204	3	5296	190436	190494	1	0
38.558435	200	204	3	5297	190436	190494	1	0
38.565715	200	204	3	5298	190436	190494	1	0
38.578783	200	204	3	5301	190436	190494	1	0
38.590391	200	204	3	5303	190436	190494	1	0
38.601143	200	204	3	5304	190436	190494	1	0
38.612467	200	204	3	5304	190436	190494	1	0
38.617930	200	204	3	5304	190436	190494	1	0
38.626270	200	204	3	5304	190436	190494	1	0
38.633431	200	204	3	5305	190436	190494	1	0
38.646975	200	204	3	5307	190436	190494	1	0
38.654514	200	204	3	5308	190436	190494	1	0
38.660221	200	204	3	5310	190436	190494	1	0
38.667171	200	204	3	5311	190436	190494	1	0
38.680719	200	204	3	5312	190436	190494	1	0
38.695764	200	204	3	5312	190436	190494	1	0
38.706271	200	204	3	5312	190436	190494	1	0
38.720204	200	204	3	5314	190436	190494	1	0
38.731534	200	204	3	5316	190436	190494	1	0
38.741608	200	204	3	5318	190436	190494	1	0
38.754765	200	204	3	5320	190436	190494	1	0
38.761098	200	204	3	5320	190436	190494	1	0
38.775240	200	204	3	5320	190436	190494	1	0
38.780981	200	204	3	5320	190436	190494	1	0
38.786899	200	204	3	5320	190436	190494	1	0
38.794836	200	204	3	5321	190436	190494	1	0
38.806073	200	204	3	5322	190436	190494	1	0
38.812566	200	204	3	5324	190436	190494	1	0
38.819580	200	204	3	5325	190436	190494	1	0
38.829544	200	204	3	5327	190436	190494	1	0
38.835354	200	204	3	5328	190436	190494	1	0
38.849499	200	204	3	5328	190436	190494	1	0
38.857336	200	204	3	5328	190436	190494	1	0
38.869812	200	204	3	5328	190436	190494	1	0
38.877349	200	204	3	5329	190436	190494	1	0
38.889804	200	204	3	5330	190436	190494	1	0
38.897478	200	204	3	5331	190436	190494	1	0
38.908635	200	204	3	5333	190436	190494	1	0
38.914452	200	204	3	5335	190436	190494	1	0
38.928404	200	204	3	5336	190436	190494	1	0
38.935628	200	204	3	5336	190436	190494	1	0
38.946983	200	204	3	5336	190436	190494	1	0
38.957018	200	204	3	5336	190436	190494	1	0
38.964585	200	204	3	5337	190436	190494	1	0
38.979752	200	204	3	5339	190436	190494	1	0
38.993846	200	204	3	5341	190436	190494	1	0
39.001677	200	204	3	5342	190436	190494	1	0
39.012634	200	204	3	5343	190436	190494	1	0
39.024334	200	204	3	5344	190436	190494	1	0
39.032024	200	204	3	5344	190436	190494	1	0
39.041942	200	204	3	5344	190436	190494	1	0
39.055917	200	204	3	5344	190436	190494	1	0
39.069097	200	204	3	5345	190436	190494	1	0
39.074437	200	204	3	5345	190436	190494	1	0
39.087570	200	204	3	5346	190436	190494	1	0
39.102711	200	204	3	5348	190436	190494	1	0
39.113219	200	204	3	5349	190436	190494	1	0
39.126472	200	204	3	5351	190436	190494	1	0
39.132875	200	204	3	5352	190436	190494	1	0
39.144504	200	204	3	5352	190436	190494	1	0
39.155110	200	204	3	5352	190436	190494	1	0
39.160521	200	204	3	5352	190436	190494	1	0
39.169352	200	204	3	5352	190436	190494	1	0
39.176272	200	204	3	5352	190436	190494	1	0
39.190374	200	204	3	5353	190436	190494	1	0
39.202838	200	204	3	5354	190436	190494	1	0
39.212727	200	204	3	5356	190436	190494	1	0
39.218594	200	204	3	5356	190436	190494	1	0
39.232304	200	204	3	5358	190436	190494	1	0
39.244203	200	204	3	5360	190436	190494	1	0
39.255144	200	204	3	5360	190436	190494	1	0
39.268457	200	204	3	5360	190436	190494	1	0
39.276013	200	204	3	5360	190436	190494	1	0
39.290856	200	204	3	5361	190436	190494	1	0
39.298048	200	204	3	5361	190436	190494	1	0
39.309617	200	204	3	5362	190436	190494	1	0
39.319250	200	204	3	5363	190436	190494	1	0
39.327950	200	204	3	5365	190436	190494	1	0
39.335608	200	204	3	5366	190436	190494	1	0
39.343983	200	204	3	5368	190436	190494	1	0
39.354673	200	204	3	5368	190436	190494	1	0
39.365272	200	204	3	5368	190436	190494	1	0
39.371145	200	204	3	5368	190436	190494	1	0
39.378766	200	204	3	5368	190436	190494	1	0
39.387501	200	204	3	5368	190436	190494	1	0
39.395070	200	204	3	5369	190436	190494	1	0
39.402847	200	204	3	5369	190436	190494	1	0
39.417729	200	204	3	5372	190436	190494	1	0
39.425184	200	204	3	5373	190436	190494	1	0
39.430482	200	204	3	5374	190436	190494	1	0
39.437473	200	204	3	5375	190436	190494	1	0
39.443360	200	204	3	5375	190436	190494	1	0
39.449768	200	204	3	5376	190436	190494	1	0
39.455806	200	204	3	5376	190436	190494	1	0
39.461882	200	204	3	5376	190436	190494	1	0
39.471867	200	204	3	5376	190436	190494	1	0
39.486839	200	204	3	5376	190436	190494	1	0
39.492729	200	204	3	5377	190436	190494	1	0
39.503355	200	204	3	5378	190436	190494	1	0
39.517656	200	204	3	5381	190436	190494	1	0
39.530743	200	204	3	5383	190436	190494	1	0
39.539382	200	204	3	5384	190436	190494	1	0
39.546919	200	204	3	5384	190436	190494	1	0
39.554857	200	204	3	5384	190436	190494	1	0
39.565497	200	204	3	5384	190436	190494	1	0
39.580012	200	204	3	5385	190436	190494	1	0
39.590790	200	204	3	5385	190436	190494	1	0
39.602943	200	204	3	5388	190436	190494	1	0
39.609101	200	204	3	5389	190436	190494	1	0
39.622333	200	204	3	5391	190436	190494	1	0
39.637061	200	204	3	5392	190436	190494	1	0
39.649898	200	204	3	5392	190436	190494	1	0
39.657642	200	204	3	5392	190436	190494	1	0
39.668022	200	204	3	5392	190436	190494	1	0
39.674166	200	204	3	5392	190436	190494	1	0
39.681770	200	204	3	5393	190436	190494	1	0
39.691968	200	204	3	5394	190436	190494	1	0
39.698004	200	204	3	5395	190436	190494	1	0
39.707768	200	204	3	5397	190436	190494	1	0
39.722008	200	204	3	5399	190436	190494	1	0
39.730959	200	204	3	5400	190436	190494	1	0
39.737028	200	204	3	5400	190436	190494	1	0
39.751703	200	204	3	5400	190436	190494	1	0
39.760495	200	204	3	5400	190436	190494	1	0
39.770555	200	204	3	5400	190436	190494	1	0
39.783387	200	204	3	5401	190436	190494	1	0
39.790021	200	204	3	5402	190436	190494	1	0
39.798523	200	204	3	5403	190436	190494	1	0
39.807643	200	204	3	5405	190436	190494	1	0
39.815183	200	204	3	5406	190436	190494	1	0
39.822035	200	204	3	5407	190436	190494	1	0
39.836703	200	204	3	5408	190436	190494	1	0
39.846832	200	204	3	5408	190436	190494	1	0
39.860679	200	204	3	5408	190436	190494	1	0
39.870356	200	204	3	5408	190436	190494	1	0
39.883838	200	204	3	5409	190436	190494	1	0
39.895498	200	204	3	5409	190436	190494	1	0
39.909113	200	204	3	5411	190436	190494	1	0
39.922933	200	204	3	5414	190436	190494	1	0
39.931953	200	204	3	5415	190436	190494	1	0
39.938225	200	204	3	5416	190436	190494	1	0
39.947593	200	204	3	5416	190436	190494	1	0
39.958007	200	204	3	5416	190436	190494	1	0
39.967391	200	204	3	5416	190436	190494	1	0
39.978505	200	204	3	5416	190436	190494	1	0
39.984003	200	204	3	5416	190436	190494	1	0
39.994852	200	204	3	5417	190436	190494	1	0
40.010066	200	204	3	5418	190436	190494	1	0
40.018179	200	204	3	5420	190436	190494	1	0
40.032258	200	204	3	5422	190436	190494	1	0
40.045940	200	204	3	5424	190436	190494	1	0
40.055676	200	204	3	5424	190436	190494	1	0
40.070443	200	204	3	5424	190436	190494	1	0
40.084794	200	204	3	5424	190436	190494	1	0
40.097347	200	204	3	5425	190436	190494	1	0
40.105220	200	204	3	5425	190436	190494	1	0
40.118280	200	204	3	5426	190436	190494	1	0
40.131851	200	204	3	5428	190436	190494	1	0
40.146525	200	204	3	5430	190436	190494	1	0
40.155579	200	204	3	5431	190436	190494	1	0
40.162223	200	204	3	5432	190436	190494	1	0
40.176157	200	204	3	5432	190436	190494	1	0
40.184821	200	204	3	5432	190436	190494	1	0
40.199201	200	204	3	5432	190436	190494	1	0
40.207653	200	204	3	5432	190436	190494	1	0
40.217789	200	204	3	5432	190436	190494	1	0
40.224165	200	204	3	5433	190436	190494	1	0
40.239278	200	204	3	5434	190436	190494	1	0
40.248785	200	204	3	5435	190436	190494	1	0
40.261642	200	204	3	5437	190436	190494	1	0
40.267451	200	204	3	5438	190436	190494	1	0
40.274519	200	204	3	5439	190436	190494	1	0
40.288299	200	204	3	5440	190436	190494	1	0
40.294007	200	204	3	5440	190436	190494	1	0
40.300860	200	204	3	5440	190436	190494	1	0
40.313691	200	204	3	5440	190436	190494	1	0
40.326243	200	204	3	5440	190436	190494	1	0
40.335504	200	204	3	5441	190436	190494	1	0
40.348603	200	204	3	5441	190436	190494	1	0
40.354797	200	204	3	5442	190436	190494	1	0
40.363682	200	204	3	5444	190436	190494	1	0
40.377750	200	204	3	5446	190436	190494	1	0
40.389814	200	204	3	5447	190436	190494	1	0
40.403946	200	204	3	5448	190436	190494	1	0
40.414597	200	204	3	5448	190436	190494	1	0
40.424958	200	204	3	5448	190436	190494	1	0
40.436927	200	204	3	5448	190436	190494	1	0
40.445131	200	204	3	5449	190436	190494	1	0
40.458891	200	204	3	5449	190436	190494	1	0
40.471851	200	204	3	5451	190436	190494	1	0
40.482753	200	204	3	5453	190436	190494	1	0
40.491623	200	204	3	5454	190436	190494	1	0
40.497906	200	204	3	5455	190436	190494	1	0
40.512151	200	204	3	5456	190436	190494	1	0
40.519286	200	204	3	5456	190436	190494	1	0
40.532049	200	204	3	5456	190436	190494	1	0
40.546307	200	204	3	5456	190436	190494	1	0
40.555516	200	204	3	5456	190436	190494	1	0
40.564391	200	204	3	5457	190436	190494	1	0
40.578300	200	204	3	5458	190436	190494	1	0
40.588043	200	204	3	5460	190436	190494	1	0
40.597666	200	204	3	5461	190436	190494	1	0
40.612583	200	204	3	5463	190436	190494	1	0
40.617971	200	204	3	5463	190436	190494	1	0
40.626234	200	204	3	5464	190436	190494	1	0
40.638519	200	204	3	5464	190436	190494	1	0
40.645827	200	204	3	5464	190436	190494	1	0
40.653925	200	204	3	5464	190436	190494	1	0
40.661413	200	204	3	5464	190436	190494	1	0
40.672709	200	204	3	5464	190436	190494	1	0
40.681231	200	204	3	5465	190436	190494	1	0
40.687826	200	204	3	5465	190436	190494	1	0
40.701951	200	204	3	5467	190436	190494	1	0
40.715816	200	204	3	5469	190436	190494	1	0
40.724130	200	204	3	5470	190436	190494	1	0
40.736401	200	204	3	5472	190436	190494	1	0
40.749423	200	204	3	5472	190436	190494	1	0
40.756302	200	204	3	5472	190436	190494	1	0
40.767146	200	204	3	5472	190436	190494	1	0
40.780300	200	204	3	5472	190436	190494	1	0
40.793718	200	204	3	5473	190436	190494	1	0
40.805665	200	204	3	5474	190436	190494	1	0
40.816231	200	204	3	5475	190436	190494	1	0
40.828306	200	204	3	5476	190436	190494	1	0
40.843044	200	204	3	5478	190436	190494	1	0
40.850621	200	204	3	5479	190436	190494	1	0
40.862395	200	204	3	5480	190436	190494	1	0
40.868323	200	204	3	5480	190436	190494	1	0
40.879120	200	204	3	5480	190436	190494	1	0
40.891325	200	204	3	5480	190436	190494	1	0
40.899524	200	204	3	5480	190436	190494	1	0
40.907185	200	204	3	5480	190436	190494	1	0
40.918744	200	204	3	5481	190436	190494	1	0
40.925751	200	204	3	5482	190436	190494	1	0
40.940825	200	204	3	5483	190436	190494	1	0
40.950966	200	204	3	5485	190436	190494	1	0
40.956579	200	204	3	5485	190436	190494	1	0
40.962928	200	204	3	5486	190436	190494	1	0
40.975351	200	204	3	5487	190436	190494	1	0
40.989476	200	204	3	5488	190436	190494	1	0
41.003353	200	204	3	5488	190436	190494	1	0
41.016513	200	204	3	5488	190436	190494	1	0
41.030747	200	204	3	5488	190436	190494	1	0
41.039048	200	204	3	5489	190436	190494	1	0
41.046611	200	204	3	5489	190436	190494	1	0
41.054299	200	204	3	5489	190436	190494	1	0
41.064040	200	204	3	5491	190436	190494	1	0
41.069269	200	204	3	5491	190436	190494	1	0
41.077879	200	204	3	5492	190436	190494	1	0
41.087545	200	204	3	5494	190436	190494	1	0
41.098854	200	204	3	5495	190436	190494	1	0
41.110215	200	204	3	5496	190436	190494	1	0
41.117738	200	204	3	5496	190436	190494	1	0
41.125729	200	204	3	5496	190436	190494	1	0
41.133963	200	204	3	5496	190436	190494	1	0
41.146059	200	204	3	5496	190436	190494	1	0
41.160704	200	204	3	5496	190436	190494	1	0
41.171617	200	204	3	5497	190436	190494	1	0
41.184805	200	204	3	5498	190436	190494	1	0
41.194189	200	204	3	5499	190436	190494	1	0
41.205149	200	204	3	5501	190436	190494	1	0
41.213725	200	204	3	5502	190436	190494	1	0
41.226479	200	204	3	5503	190436	190494	1	0
41.237194	200	204	3	5504	190436	190494	1	0
41.249592	200	204	3	5504	190436	190494	1	0
41.261137	200	204	3	5504	190436	190494	1	0
41.268812	200	204	3	5504	190436	190494	1	0
41.278341	200	204	3	5504	190436	190494	1	0
41.291061	200	204	3	5504	190436	190494	1	0
41.303923	200	204	3	5505	190436	190494	1	0
41.315205	200	204	3	5506	190436	190494	1	0
41.327506	200	204	3	5507	190436	190494	1	0
41.342618	200	204	3	5509	190436	190494	1	0
41.352428	200	204	3	5510	190436	190494	1	0
41.360197	200	204	3	5511	190436	190494	1	0
41.368371	200	204	3	5512	190436	190494	1	0
41.373673	200	204	3	5512	190436	190494	1	0
41.381323	200	204	3	5512	190436	190494	1	0
41.387885	200	204	3	5512	190436	190494	1	0
41.394362	200	204	3	5512	190436	190494	1	0
41.399718	200	204	3	5512	190436	190494	1	0
41.413733	200	204	3	5512	190436	190494	1	0
41.425398	200	204	3	5512	190436	190494	1	0
41.435989	200	204	3	5513	190436	190494	1	0
41.451067	200	204	3	5514	190436	190494	1	0
41.460716	200	204	3	5515	190436	190494	1	0
41.467026	200	204	3	5516	190436	190494	1	0
41.478262	200	204	3	5517	190436	190494	1	0
41.486222	200	204	3	5518	190436	190494	1	0
41.497941	200	204	3	5519	190436	190494	1	0
41.506409	200	204	3	5520	190436	190494	1	0
41.514049	200	204	3	5520	190436	190494	1	0
41.519645	200	204	3	5520	190436	190494	1	0
41.530509	200	204	3	5520	190436	190494	1	0
41.543903	200	204	3	5520	190436	190494	1	0
41.553065	200	204	3	5520	190436	190494	1	0
41.563159	200	204	3	5521	190436	190494	1	0
41.574144	200	204	3	5521	190436	190494	1	0
41.580043	200	204	3	5522	190436	190494	1	0
41.588639	200	204	3	5523	190436	190494	1	0
41.601740	200	204	3	5524	190436	190494	1	0
41.611916	200	204	3	5525	190436	190494	1	0
41.620522	200	204	3	5526	190436	190494	1	0
41.629498	200	204	3	5527	190436	190494	1	0
41.635715	200	204	3	5528	190436	190494	1	0
41.644066	200	204	3	5528	190436	190494	1	0
41.650666	200	204	3	5528	190436	190494	1	0
41.658107	200	204	3	5528	190436	190494	1	0
41.665826	200	204	3	5528	190436	190494	1	0
41.679955	200	204	3	5528	190436	190494	1	0
41.694478	200	204	3	5529	190436	190494	1	0
41.705414	200	204	3	5529	190436	190494	1	0
41.713611	200	204	3	5530	190436	190494	1	0
41.727438	200	204	3	5531	190436	190494	1	0
41.742424	200	204	3	5533	190436	190494	1	0
41.750791	200	204	3	5535	190436	190494	1	0
41.760259	200	204	3	5536	190436	190494	1	0
41.768254	200	204	3	5536	190436	190494	1	0
41.780628	200	204	3	5536	190436	190494	1	0
41.786400	200	204	3	5536	190436	190494	1	0
41.796483	200	204	3	5536	190436	190494	1	0
41.804954	200	204	3	5536	190436	190494	1	0
41.819393	200	204	3	5537	190436	190494	1	0
41.827174	200	204	3	5537	190436	190494	1	0
41.833121	200	204	3	5537	190436	190494	1	0
41.843135	200	204	3	5538	190436	190494	1	0
41.852635	200	204	3	5539	190436	190494	1	0
41.863832	200	204	3	5541	190436	190494	1	0
41.875095	200	204	3	5542	190436	190494	1	0
41.886031	200	204	3	5543	190436	190494	1	0
41.896243	200	204	3	5544	190436	190494	1	0
41.904766	200	204	3	5544	190436	190494	1	0
41.916275	200	204	3	5544	190436	190494	1	0
41.931107	200	204	3	5544	190436	190494	1	0
41.938598	200	204	3	5544	190436	190494	1	0
41.946589	200	204	3	5544	190436	190494	1	0
41.960671	200	204	3	5545	190436	190494	1	0
41.972615	200	204	3	5546	190436	190494	1	0
41.979805	200	204	3	5547	190436	190494	1	0
41.986161	200	204	3	5548	190436	190494	1	0
41.997897	200	204	3	5550	190436	190494	1	0
42.011763	200	204	3	5551	190436	190494	1	0
42.025638	200	204	3	5552	190436	190494	1	0
42.034845	200	204	3	5552	190436	190494	1	0
42.042545	200	204	3	5552	190436	190494	1	0
42.056398	200	204	3	5552	190436	190494	1	0
42.062305	200	204	3	5552	190436	190494	1	0
42.073927	200	204	3	5552	190436	190494	1	0
42.082705	200	204	3	5552	190436	190494	1	0
42.095327	200	204	3	5552	190436	190494	1	0
42.110418	200	204	3	5553	190455	190494	1	0
42.118805	200	204	3	5553	190455	190494	1	0
42.124159	200	204	3	5553	190455	190494	1	0
42.137518	200	204	3	5554	190455	190494	1	0
42.146749	200	204	3	5554	190455	190494	1	0
42.160459	200	204	3	5555	190455	190494	1	0
42.174856	200	204	3	5555	190455	190494	1	0
42.186713	200	204	3	5556	190455	190494	1	0
42.192195	200	204	3	5556	190455	190494	1	0
42.203606	200	204	3	5556	190455	190494	1	0
42.209021	200	204	3	5557	190455	190494	1	0
42.216506	200	204	3	5557	190455	190494	1	0
42.231576	200	204	3	5557	190455	190494	1	0
42.244079	200	204	3	5558	190455	190494	1	0
42.257484	200	204	3	5558	190455	190494	1	0
42.265092	200	204	3	5558	190455	190494	1	0
42.276418	200	204	3	5559	190455	190494	1	0
42.290780	200	204	3	5559	190455	190494	1	0
42.304984	200	204	3	5560	190455	190494	1	0
42.317477	200	204	3	5560	190455	190494	1	0
42.323535	200	204	3	5560	190455	190494	1	0
42.332763	200	204	3	5560	190455	190494	1	0
42.339356	200	204	3	5560	190455	190494	1	0
42.352722	200	204	3	5560	190455	190494	1	0
42.364737	200	204	3	5560	190455	190494	1	0
42.371193	200	204	3	5560	190455	190494	1	0
42.382059	200	204	3	5560	190455	190494	1	0
42.389427	200	204	3	5560	190455	190494	1	0
42.400401	200	204	3	5560	190455	190494	1	0
42.407887	200	204	3	5560	190455	190494	1	0
42.416730	200	204	3	5560	190455	190494	1	0
42.429544	200	204	3	5560	190455	190494	1	0
42.440326	200	204	3	5560	190455	190494	1	0
42.448650	200	204	3	5560	190455	190494	1	0
42.457894	200	204	3	5560	190455	190494	1	0
42.466468	200	204	3	5560	190455	190494	1	0
42.474456	200	204	3	5560	190455	190494	1	0
42.481049	200	204	3	5560	190455	190494	1	0
42.494709	200	204	3	5560	190455	190494	1	0
42.509796	200	204	3	5560	190455	190494	1	0
42.524671	200	204	3	5560	190455	190494	1	0
42.536274	200	204	3	5560	190455	190494	1	0
42.543115	200	204	3	5560	190455	190494	1	0
42.552064	200	204	3	5560	190452	190494	1	0
42.558784	200	204	3	5560	190452	190494	1	0
42.570848	200	204	3	5560	190452	190494	1	0
42.579938	200	204	3	5560	190452	190494	1	0
42.590379	200	204	3	5561	190452	190494	1	0
42.598232	200	204	3	5561	190452	190494	1	0
42.612098	200	204	3	5561	190452	190494	1	0
42.621330	200	204	3	5561	190452	190494	1	0
42.630622	200	204	3	5562	190452	190494	1	0
42.635936	200	204	3	5562	190452	190494	1	0
42.644691	200	204	3	5562	190452	190494	1	0
42.658178	200	204	3	5562	190452	190494	1	0
42.669620	200	204	3	5563	190452	190494	1	0
42.677621	200	204	3	5563	190452	190494	1	0
42.684409	200	204	3	5563	190452	190494	1	0
42.692095	200	204	3	5563	190452	190494	1	0
42.704907	200	204	3	5563	190452	190494	1	0
42.711031	200	204	3	5564	190452	190494	1	0
42.717548	200	204	3	5564	190452	190494	1	0
42.723387	200	204	3	5564	190452	190494	1	0
42.728775	200	204	3	5564	190452	190494	1	0
42.740363	200	204	3	5564	190452	190494	1	0
42.755360	200	204	3	5564	190452	190494	1	0
42.768839	200	204	3	5565	190452	190494	1	0
42.780635	200	204	3	5565	190452	190494	1	0
42.788531	200	204	3	5565	190452	190494	1	0
42.797221	200	204	3	5565	190452	190494	1	0
42.806645	200	204	3	5566	190452	190494	1	0
42.812936	200	204	3	5566	190452	190494	1	0
42.825164	200	204	3	5566	190452	190494	1	0
42.832998	200	204	3	5566	190452	190494	1	0
42.839271	200	204	3	5566	190452	190494	1	0
42.852462	200	204	3	5566	190452	190494	1	0
42.863457	200	204	3	5567	190452	190494	1	0
42.871441	200	204	3	5567	190452	190494	1	0
42.878813	200	204	3	5567	190452	190494	1	0
42.891567	200	204	3	5567	190452	190494	1	0
42.905702	200	204	3	5568	190452	190494	1	0
42.914361	200	204	3	5568	190452	190494	1	0
42.924045	200	204	3	5568	190452	190494	1	0
42.929923	200	204	3	5568	190452	190494	1	0
42.938805	200	204	3	5568	190452	190494	1	0
42.948940	200	204	3	5568	190452	190494	1	0
42.962324	200	204	3	5568	190452	190494	1	0
42.968682	200	204	3	5568	190452	190494	1	0
42.977760	200	204	3	5568	190452	190494	1	0
42.984871	200	204	3	5568	190452	190494	1	0
42.990248	200	204	3	5568	190452	190494	1	0
43.000119	200	204	3	5568	190452	190494	1	0
43.015031	200	204	3	5568	190452	190494	1	0
43.025381	200	204	3	5568	190452	190494	1	0
43.037795	200	204	3	5568	190452	190494	1	0
43.045276	200	204	3	5568	190452	190494	1	0
43.059813	200	204	3	5568	190452	190494	1	0
43.066208	200	204	3	5568	190452	190494	1	0
43.077054	200	204	3	5568	190452	190494	1	0
43.082598	200	204	3	5568	190452	190494	1	0
43.087977	200	204	3	5568	190452	190494	1	0
43.096982	200	204	3	5568	190452	190494	1	0
43.103983	200	204	3	5568	190452	190494	1	0
43.118283	200	204	3	5568	190452	190494	1	0
43.129206	200	204	3	5568	190452	190494	1	0
43.142694	200	204	3	5568	190452	190494	1	0
43.151187	200	204	3	5568	190452	190494	1	0
43.163021	200	204	3	5568	190452	190494	1	0
43.176219	200	204	3	5568	190452	190494	1	0
43.189642	200	204	3	5568	190452	190494	1	0
43.199269	200	204	3	5568	190452	190494	1	0
43.209012	200	204	3	5568	190452	190494	1	0
43.218790	200	204	3	5568	190452	190494	1	0
43.233439	200	204	3	5568	190452	190494	1	0
43.244720	200	204	3	5568	190452	190494	1	0
43.256781	200	204	3	5568	190452	190494	1	0
43.264378	200	204	3	5568	190452	190494	1	0
43.275212	200	204	3	5568	190452	190494	1	0
43.286292	200	204	3	5568	190452	190494	1	0
43.299343	200	204	3	5568	190452	190494	1	0
43.307611	200	204	3	5568	190452	190494	1	0
43.318778	200	204	3	5568	190411	190494	1	0
43.326122	200	204	3	5568	190411	190494	1	0
43.340144	200	204	3	5568	190411	190494	1	0
43.350787	200	204	3	5568	190411	190494	1	0
43.359425	200	204	3	5568	190411	190494	1	0
43.369502	200	204	3	5568	190411	190494	1	0
43.382695	200	204	3	5569	190411	190494	1	0
43.397044	200	204	3	5569	190411	190494	1	0
43.410479	200	204	3	5569	190411	190494	1	0
43.415795	200	204	3	5569	190411	190494	1	0
43.426912	200	204	3	5569	190411	190494	1	0
43.432597	200	204	3	5570	190411	190494	1	0
43.439846	200	204	3	5570	190411	190494	1	0
43.454232	200	204	3	5570	190411	190494	1	0
43.466157	200	204	3	5570	190411	190494	1	0
43.475848	200	204	3	5570	190411	190494	1	0
43.481756	200	204	3	5570	190411	190494	1	0
43.487412	200	204	3	5570	190411	190494	1	0
43.496767	200	204	3	5570	190411	190494	1	0
43.507630	200	204	3	5571	190411	190494	1	0
43.518191	200	204	3	5571	190411	190494	1	0
43.528787	200	204	3	5571	190411	190494	1	0
43.541925	200	204	3	5571	190411	190494	1	0
43.550997	200	204	3	5571	190411	190494	1	0
43.562690	200	204	3	5571	190411	190494	1	0
43.568149	200	204	3	5571	190411	190494	1	0
43.581517	200	204	3	5571	190411	190494	1	0
43.587880	200	204	3	5572	190411	190494	1	0
43.600303	200	204	3	5572	190411	190494	1	0
43.605822	200	204	3	5572	190411	190494	1	0
43.619357	200	204	3	5572	190411	190494	1	0
43.625899	200	204	3	5572	190411	190494	1	0
43.634872	200	204	3	5572	190411	190494	1	0
43.645180	200	204	3	5572	190411	190494	1	0
43.655949	200	204	3	5572	190411	190494	1	0
43.670333	200	204	3	5573	190411	190494	1	0
43.684711	200	204	3	5573	190411	190494	1	0
43.698245	200	204	3	5573	190411	190494	1	0
43.712590	200	204	3	5573	190411	190494	1	0
43.727470	200	204	3	5573	190411	190494	1	0
43.735888	200	204	3	5573	190411	190494	1	0
43.748959	200	204	3	5574	190411	190494	1	0
43.754435	200	204	3	5574	190411	190494	1	0
43.767467	200	204	3	5574	190411	190494	1	0
43.772977	200	204	3	5574	190411	190494	1	0
43.782445	200	204	3	5574	190411	190494	1	0
43.789595	200	204	3	5574	190411	190494	1	0
43.795457	200	204	3	5574	190411	190494	1	0
43.807374	200	204	3	5574	190411	190494	1	0
43.813320	200	204	3	5574	190411	190494	1	0
43.826029	200	204	3	5575	190411	190494	1	0
43.836218	200	204	3	5575	190411	190494	1	0
43.842591	200	204	3	5575	190411	190494	1	0
43.854537	200	204	3	5575	190411	190494	1	0
43.868831	200	204	3	5575	190411	190494	1	0
43.874761	200	204	3	5575	190411	190494	1	0
43.887780	200	204	3	5576	190411	190494	1	0
43.897055	200	204	3	5576	190411	190494	1	0
43.904907	200	204	3	5576	190411	190494	1	0
43.911930	200	204	3	5576	190411	190494	1	0
43.925889	200	204	3	5576	190411	190494	1	0
43.933786	200	204	3	5576	190411	190494	1	0
43.939963	200	204	3	5576	190411	190494	1	0
43.946212	200	204	3	5576	190411	190494	1	0
43.953076	200	204	3	5576	190411	190494	1	0
43.965562	200	204	3	5576	190411	190494	1	0
43.980536	200	204	3	5576	190411	190494	1	0
43.994259	200	204	3	5576	190411	190494	1	0
44.000042	200	204	3	5576	190411	190494	1	0
44.009618	200	204	3	5576	190411	190494	1	0
44.018377	200	204	3	5576	190411	190494	1	0
44.033510	200	204	3	5576	190411	190494	1	0
44.042985	200	204	3	5576	190411	190494	1	0
44.052752	200	204	3	5576	190411	190494	1	0
44.066441	200	204	3	5576	190411	190494	1	0
44.081025	200	204	3	5576	190411	190494	1	0
44.086315	200	204	3	5576	190411	190494	1	0
44.093365	200	204	3	5576	190411	190494	1	0
44.104913	200	204	3	5576	190411	190494	1	0
44.116444	200	204	3	5576	190411	190494	1	0
44.124294	200	204	3	5576	190411	190494	1	0
44.132197	200	204	3	5576	190411	190494	1	0
44.144704	200	204	3	5576	190411	190494	1	0
44.155637	200	204	3	5576	190411	190494	1	0
44.168401	200	204	3	5576	190411	190494	1	0
44.177451	200	204	3	5576	190411	190494	1	0
44.183960	200	204	3	5576	190411	190494	1	0
44.189503	200	204	3	5576	190411	190494	1	0
44.198456	200	204	3	5576	190411	190494	1	0
44.213025	200	204	3	5576	190411	190494	1	0
44.224021	200	204	3	5576	190411	190494	1	0
44.231735	200	204	3	5576	190411	190494	1	0
44.238946	200	204	3	5576	190411	190494	1	0
44.246629	200	204	3	5576	190411	190494	1	0
44.257303	200	204	3	5576	190411	190494	1	0
44.268246	200	204	3	5576	190411	190494	1	0
44.280961	200	204	3	5576	190411	190494	1	0
44.292842	200	204	3	5576	190411	190494	1	0
44.298885	200	204	3	5576	190411	190494	1	0
44.306005	200	204	3	5576	190411	190494	1	0
44.320556	200	204	3	5576	190411	190494	1	0
44.332699	200	204	3	5576	190411	190494	1	0
44.341523	200	204	3	5576	190411	190494	1	0
44.348514	200	204	3	5576	190411	190494	1	0
44.359840	200	204	3	5576	190411	190494	1	0
44.367129	200	204	3	5576	190411	190494	1	0
44.376339	200	204	3	5576	190411	190494	1	0
44.386646	200	204	3	5576	190411	190494	1	0
44.394193	200	204	3	5576	190411	190494	1	0
44.407943	200	204	3	5576	190411	190494	1	0
44.414207	200	204	3	5576	190411	190494	1	0
44.422066	200	204	3	5576	190411	190494	1	0
44.436385	200	204	3	5576	190411	190494	1	0
44.450712	200	204	3	5576	190411	190494	1	0
44.459580	200	204	3	5576	190411	190494	1	0
44.470894	200	204	3	5576	190455	190494	1	0
44.478270	200	204	3	5576	190455	190494	1	0
44.485239	200	204	3	5576	190455	190494	1	0
44.492252	200	204	3	5576	190455	190494	1	0
44.498315	200	204	3	5576	190455	190494	1	0
44.507449	200	204	3	5576	190455	190494	1	0
44.518231	200	204	3	5576	190455	190494	1	0
44.526074	200	204	3	5576	190455	190494	1	0
44.539227	200	204	3	5576	190455	190494	1	0
44.553204	200	204	3	5577	190455	190494	1	0
44.561273	200	204	3	5577	190455	190494	1	0
44.570970	200	204	3	5577	190455	190494	1	0
44.582258	200	204	3	5577	190455	190494	1	0
44.587889	200	204	3	5577	190455	190494	1	0
44.594780	200	204	3	5577	190455	190494	1	0
44.604914	200	204	3	5577	190455	190494	1	0
44.612150	200	204	3	5577	190455	190494	1	0
44.627188	200	204	3	5577	190455	190494	1	0
44.640884	200	204	3	5578	190455	190494	1	0
44.648983	200	204	3	5578	190455	190494	1	0
44.662475	200	204	3	5578	190455	190494	1	0
44.675298	200	204	3	5578	190455	190494	1	0
44.684794	200	204	3	5578	190455	190494	1	0
44.695994	200	204	3	5578	190455	190494	1	0
44.701373	200	204	3	5578	190455	190494	1	0
44.712602	200	204	3	5578	190455	190494	1	0
44.720176	200	204	3	5579	190455	190494	1	0
44.727658	200	204	3	5579	190455	190494	1	0
44.739385	200	204	3	5579	190455	190494	1	0
44.753119	200	204	3	5579	190455	190494	1	0
44.763955	200	204	3	5579	190455	190494	1	0
44.774959	200	204	3	5579	190455	190494	1	0
44.782683	200	204	3	5579	190455	190494	1	0
44.795811	200	204	3	5579	190455	190494	1	0
44.809195	200	204	3	5580	190455	190494	1	0
44.817634	200	204	3	5580	190455	190494	1	0
44.823597	200	204	3	5580	190455	190494	1	0
44.829265	200	204	3	5580	190455	190494	1	0
44.837208	200	204	3	5580	190455	190494	1	0
44.845934	200	204	3	5580	190455	190494	1	0
44.853726	200	204	3	5580	190455	190494	1	0
44.867614	200	204	3	5580	190455	190494	1	0
44.882806	200	204	3	5580	190455	190494	1	0
44.890338	200	204	3	5580	190455	190494	1	0
44.896599	200	204	3	5581	190455	190494	1	0
44.903089	200	204	3	5581	190455	190494	1	0
44.916478	200	204	3	5581	190455	190494	1	0
44.923234	200	204	3	5581	190455	190494	1	0
44.933168	200	204	3	5581	190455	190494	1	0
44.940180	200	204	3	5581	190455	190494	1	0
44.945587	200	204	3	5581	190455	190494	1	0
44.956753	200	204	3	5581	190455	190494	1	0
44.970801	200	204	3	5581	190455	190494	1	0
44.985971	200	204	3	5582	190455	190494	1	0
44.994313	200	204	3	5582	190455	190494	1	0
45.006480	200	204	3	5582	190455	190494	1	0
45.015515	200	204	3	5582	190455	190494	1	0
45.026637	200	204	3	5582	190455	190494	1	0
45.034211	200	204	3	5582	190455	190494	1	0
45.040483	200	204	3	5582	190455	190494	1	0
45.055355	200	204	3	5582	190455	190494	1	0
45.066746	200	204	3	5582	190455	190494	1	0
45.079166	200	204	3	5583	190455	190494	1	0
45.088184	200	204	3	5583	190455	190494	1	0
45.099081	200	204	3	5583	190455	190494	1	0
45.106928	200	204	3	5583	190455	190494	1	0
45.116601	200	204	3	5583	190455	190494	1	0
45.129133	200	204	3	5583	190455	190494	1	0
45.140900	200	204	3	5583	190455	190494	1	0
45.152322	200	204	3	5583	190455	190494	1	0
45.159475	200	204	3	5583	190455	190494	1	0
45.165316	200	204	3	5584	190455	190494	1	0
45.179121	200	204	3	5584	190455	190494	1	0
45.193168	200	204	3	5584	190455	190494	1	0
45.199674	200	204	3	5584	190455	190494	1	0
45.205661	200	204	3	5584	190455	190494	1	0
45.212553	200	204	3	5584	190455	190494	1	0
45.223399	200	204	3	5584	190455	190494	1	0
45.233316	200	204	3	5584	190455	190494	1	0
45.241625	200	204	3	5584	190455	190494	1	0
45.254843	200	204	3	5584	190455	190494	1	0
45.261295	200	204	3	5584	190455	190494	1	0
45.268966	200	204	3	5584	190455	190494	1	0
45.277328	200	204	3	5584	190455	190494	1	0
45.285722	200	204	3	5584	190455	190494	1	0
45.295283	200	204	3	5584	190455	190494	1	0
45.304601	200	204	3	5584	190455	190494	1	0
45.309853	200	204	3	5584	190455	190494	1	0
45.320617	200	204	3	5584	190455	190494	1	0
45.335655	200	204	3	5584	190455	190494	1	0
45.347763	200	204	3	5584	190455	190494	1	0
45.357734	200	204	3	5584	190455	190494	1	0
45.370806	200	204	3	5584	190455	190494	1	0
45.381695	200	204	3	5584	190455	190494	1	0
45.393906	200	204	3	5584	190455	190494	1	0
45.402672	200	204	3	5584	190455	190494	1	0
45.411108	200	204	3	5584	190455	190494	1	0
45.421028	200	204	3	5584	190455	190494	1	0
45.434361	200	204	3	5584	190455	190494	1	0
45.447903	200	204	3	5584	190455	190494	1	0
45.454061	200	204	3	5584	190455	190494	1	0
45.460749	200	204	3	5584	190455	190494	1	0
45.468648	200	204	3	5584	190455	190494	1	0
45.480327	200	204	3	5584	190455	190494	1	0
45.494678	200	204	3	5584	190455	190494	1	0
45.509486	200	204	3	5584	190455	190494	1	0
45.518374	200	204	3	5584	190455	190494	1	0
45.533449	200	204	3	5584	190455	190494	1	0
45.547320	200	204	3	5584	190455	190494	1	0
45.562250	200	204	3	5584	190455	190494	1	0
45.574683	200	204	3	5584	190455	190494	1	0
45.585819	200	204	3	5584	190455	190494	1	0
45.593516	200	204	3	5584	190455	190494	1	0
45.601012	200	204	3	5584	190455	190494	1	0
45.611281	200	204	3	5584	190455	190494	1	0
45.617295	200	204	3	5584	190455	190494	1	0
45.624663	200	204	3	5584	190455	190494	1	0
45.632460	200	204	3	5584	190455	190494	1	0
45.643516	200	204	3	5584	190455	190494	1	0
45.651947	200	204	3	5584	190455	190494	1	0
45.662342	200	204	3	5584	190455	190494	1	0
45.670185	200	204	3	5584	190455	190494	1	0
45.684268	200	204	3	5584	190455	190494	1	0
45.694624	200	204	3	5584	190455	190494	1	0
45.703582	200	204	3	5584	190455	190494	1	0
45.712541	200	204	3	5584	190455	190494	1	0
45.725459	200	204	3	5584	190455	190494	1	0
45.735346	200	204	3	5584	190455	190494	1	0
45.748580	200	204	3	5584	190455	190494	1	0
45.757315	200	204	3	5584	190455	190494	1	0
45.762888	200	204	3	5584	190455	190494	1	0
45.769365	200	204	3	5584	190455	190494	1	0
45.782789	200	204	3	5584	190455	190494	1	0
45.793321	200	204	3	5584	190455	190494	1	0
45.808393	200	204	3	5584	190455	190494	1	0
45.817478	200	204	3	5584	190455	190494	1	0
45.829375	200	204	3	5584	190455	190494	1	0
45.836626	200	204	3	5584	190455	190494	1	0
45.844982	200	204	3	5584	190455	190494	1	0
45.858338	200	204	3	5584	190455	190494	1	0
45.865599	200	204	3	5584	190455	190494	1	0
45.875100	200	204	3	5584	190455	190494	1	0
45.883497	200	204	3	5584	190455	190494	1	0
45.893799	200	204	3	5584	190455	190494	1	0
45.908678	200	204	3	5584	190455	190494	1	0
45.917876	200	204	3	5584	190451	190494	1	0
45.923205	200	204	3	5584	190451	190494	1	0
45.934244	200	204	3	5584	190451	190494	1	0
45.948804	200	204	3	5584	190451	190494	1	0
45.960605	200	204	3	5584	190451	190494	1	0
45.971559	200	204	3	5584	190451	190494	1	0
45.980566	200	204	3	5584	190451	190494	1	0
45.988265	200	204	3	5584	190451	190494	1	0
46.000272	200	204	3	5584	190451	190494	1	0
46.013191	200	204	3	5584	190451	190494	1	0
46.021232	200	204	3	5585	190451	190494	1	0
46.034899	200	204	3	5585	190451	190494	1	0
46.042134	200	204	3	5585	190451	190494	1	0
46.047445	200	204	3	5585	190451	190494	1	0
46.058953	200	204	3	5585	190451	190494	1	0
46.064839	200	204	3	5585	190451	190494	1	0
46.078723	200	204	3	5585	190451	190494	1	0
46.089376	200	204	3	5585	190451	190494	1	0
46.098690	200	204	3	5585	190451	190494	1	0
46.110558	200	204	3	5585	190451	190494	1	0
46.117370	200	204	3	5585	190451	190494	1	0
46.126534	200	204	3	5585	190451	190494	1	0
46.132476	200	204	3	5585	190451	190494	1	0
46.141723	200	204	3	5586	190451	190494	1	0
46.152986	200	204	3	5586	190451	190494	1	0
46.159086	200	204	3	5586	190451	190494	1	0
46.167419	200	204	3	5586	190451	190494	1	0
46.174774	200	204	3	5586	190451	190494	1	0
46.181372	200	204	3	5586	190451	190494	1	0
46.186595	200	204	3	5586	190451	190494	1	0
46.196204	200	204	3	5586	190451	190494	1	0
46.204459	200	204	3	5586	190451	190494	1	0
46.218295	200	204	3	5586	190451	190494	1	0
46.224432	200	204	3	5586	190451	190494	1	0
46.232163	200	204	3	5586	190451	190494	1	0
46.237742	200	204	3	5586	190451	190494	1	0
46.247122	200	204	3	5586	190451	190494	1	0
46.254000	200	204	3	5586	190451	190494	1	0
46.260600	200	204	3	5587	190451	190494	1	0
46.265977	200	204	3	5587	190451	190494	1	0
46.274684	200	204	3	5587	190451	190494	1	0
46.286473	200	204	3	5587	190451	190494	1	0
46.293272	200	204	3	5587	190451	190494	1	0
46.300965	200	204	3	5587	190451	190494	1	0
46.309299	200	204	3	5587	190451	190494	1	0
46.323107	200	204	3	5587	190451	190494	1	0
46.336649	200	204	3	5587	190451	190494	1	0
46.347442	200	204	3	5587	190451	190494	1	0
46.357956	200	204	3	5587	190451	190494	1	0
46.364010	200	204	3	5587	190451	190494	1	0
46.371060	200	204	3	5588	190451	190494	1	0
46.385184	200	204	3	5588	190451	190494	1	0
46.398579	200	204	3	5588	190451	190494	1	0
46.406266	200	204	3	5588	190451	190494	1	0
46.420659	200	204	3	5588	190451	190494	1	0
46.429143	200	204	3	5588	190451	190494	1	0
46.441893	200	204	3	5588	190451	190494	1	0
46.448271	200	204	3	5588	190451	190494	1	0
46.455862	200	204	3	5588	190451	190494	1	0
46.467385	200	204	3	5588	190451	190494	1	0
46.476570	200	204	3	5589	190451	190494	1	0
46.483715	200	204	3	5589	190451	190494	1	0
46.490401	200	204	3	5589	190451	190494	1	0
46.496846	200	204	3	5589	190451	190494	1	0
46.505109	200	204	3	5589	190451	190494	1	0
46.515458	200	204	3	5589	190451	190494	1	0
46.522170	200	204	3	5589	190451	190494	1	0
46.529742	200	204	3	5589	190451	190494	1	0
46.536286	200	204	3	5589	190451	190494	1	0
46.542243	200	204	3	5589	190451	190494	1	0
46.553983	200	204	3	5589	190451	190494	1	0
46.568621	200	204	3	5589	190451	190494	1	0
46.581287	200	204	3	5590	190451	190494	1	0
46.589079	200	204	3	5590	190451	190494	1	0
46.598140	200	204	3	5590	190451	190494	1	0
46.612343	200	204	3	5590	190451	190494	1	0
46.626040	200	204	3	5590	190451	190494	1	0
46.632833	200	204	3	5590	190451	190494	1	0
46.638545	200	204	3	5590	190451	190494	1	0
46.653668	200	204	3	5590	190451	190494	1	0
46.661978	200	204	3	5590	190451	190494	1	0
46.667200	200	204	3	5590	190451	190494	1	0
46.673947	200	204	3	5590	190451	190494	1	0
46.685399	200	204	3	5591	190451	190494	1	0
46.699804	200	204	3	5591	190451	190494	1	0
46.709862	200	204	3	5591	190451	190494	1	0
46.721069	200	204	3	5591	190451	190494	1	0
46.733398	200	204	3	5591	190451	190494	1	0
46.746691	200	204	3	5591	190451	190494	1	0
46.752393	200	204	3	5591	190451	190494	1	0
46.763581	200	204	3	5591	190451	190494	1	0
46.776799	200	204	3	5591	190451	190494	1	0
46.791304	200	204	3	5591	190451	190494	1	0
46.800598	200	204	3	5592	190451	190494	1	0
46.807768	200	204	3	5592	190451	190494	1	0
46.820811	200	204	3	5592	190451	190494	1	0
46.828516	200	204	3	5592	190451	190494	1	0
46.842895	200	204	3	5592	190451	190494	1	0
46.854771	200	204	3	5592	190451	190494	1	0
46.862493	200	204	3	5592	190451	190494	1	0
46.873952	200	204	3	5592	190451	190494	1	0
46.880643	200	204	3	5592	190451	190494	1	0
46.891723	200	204	3	5592	190451	190494	1	0
46.905923	200	204	3	5592	190451	190494	1	0
46.912979	200	204	3	5592	190451	190494	1	0
46.923274	200	204	3	5592	190451	190494	1	0
46.936188	200	204	3	5592	190451	190494	1	0
46.948914	200	204	3	5592	190451	190494	1	0
46.961512	200	204	3	5592	190451	190494	1	0
46.975243	200	204	3	5592	190451	190494	1	0
46.989282	200	204	3	5592	190451	190494	1	0
47.003276	200	204	3	5592	190451	190494	1	0
47.015044	200	204	3	5592	190451	190494	1	0
47.028539	200	204	3	5592	190451	190494	1	0
47.037411	200	204	3	5592	190451	190494	1	0
47.045914	200	204	3	5592	190451	190494	1	0
47.054834	200	204	3	5592	190451	190494	1	0
47.068788	200	204	3	5592	190451	190494	1	0
47.082518	200	204	3	5592	190451	190494	1	0
47.094067	200	204	3	5592	190451	190494	1	0
47.101578	200	204	3	5592	190451	190494	1	0
47.106855	200	204	3	5592	190451	190494	1	0
47.114301	200	204	3	5592	190451	190494	1	0
47.122853	200	204	3	5592	190451	190494	1	0
47.135539	200	204	3	5592	190451	190494	1	0
47.146208	200	204	3	5592	190451	190494	1	0
47.155624	200	204	3	5592	190451	190494	1	0
47.169686	200	204	3	5592	190451	190494	1	0
47.182707	200	204	3	5592	190451	190494	1	0
47.190104	200	204	3	5592	190451	190494	1	0
47.202833	200	204	3	5592	190451	190494	1	0
47.210341	200	204	3	5592	190451	190494	1	0
47.216732	200	204	3	5592	190451	190494	1	0
47.224203	200	204	3	5592	190451	190494	1	0
47.232861	200	204	3	5592	190451	190494	1	0
47.243213	200	204	3	5592	190451	190494	1	0
47.249225	200	204	3	5592	190451	190494	1	0
47.257107	200	204	3	5592	190451	190494	1	0
47.271293	200	204	3	5592	190451	190494	1	0
47.279930	200	204	3	5592	190451	190494	1	0
47.289523	200	204	3	5592	190451	190494	1	0
47.300005	200	204	3	5592	190451	190494	1	0
47.308593	200	204	3	5592	190451	190494	1	0
47.317355	200	204	3	5592	190451	190494	1	0
47.323545	200	204	3	5592	190451	190494	1	0
47.330276	200	204	3	5592	190451	190494	1	0
47.342714	200	204	3	5592	190451	190494	1	0
47.357088	200	204	3	5592	190451	190494	1	0
47.366126	200	204	3	5592	190451	190494	1	0
47.372674	200	204	3	5592	190451	190494	1	0
47.381288	200	204	3	5592	190451	190494	1	0
47.390500	200	204	3	5592	190451	190494	1	0
47.403642	200	204	3	5592	190451	190494	1	0
47.411799	200	204	3	5592	190451	190494	1	0
47.418193	200	204	3	5592	190451	190494	1	0
47.426309	200	204	3	5592	190451	190494	1	0
47.436497	200	204	3	5592	190451	190494	1	0
47.450158	200	204	3	5592	190451	190494	1	0
47.460311	200	204	3	5592	190451	190494	1	0
47.470393	200	204	3	5592	190451	190494	1	0
47.478698	200	204	3	5592	190451	190494	1	0
47.490501	200	204	3	5592	190451	190494	1	0
47.505279	200	204	3	5592	190451	190494	1	0
47.514255	200	204	3	5592	190451	190494	1	0
47.521541	200	204	3	5592	190451	190494	1	0
47.531781	200	204	3	5592	190451	190494	1	0
47.539538	200	204	3	5592	190451	190494	1	0
47.551179	200	204	3	5592	190451	190494	1	0
47.564525	200	204	3	5592	190451	190494	1	0
47.571688	200	204	3	5592	190451	190494	1	0
47.577869	200	204	3	5592	190451	190494	1	0
47.584855	200	204	3	5592	190451	190494	1	0
47.593168	200	204	3	5592	190451	190494	1	0
47.605405	200	204	3	5592	190451	190494	1	0
47.614617	200	204	3	5592	190451	190494	1	0
47.620347	200	204	3	5592	190451	190494	1	0
47.627526	200	204	3	5592	190451	190494	1	0
47.640934	200	204	3	5592	190451	190494	1	0
47.652655	200	204	3	5592	190451	190494	1	0
47.663649	200	204	3	5592	190451	190494	1	0
47.678560	200	204	3	5592	190451	190494	1	0
47.692010	200	204	3	5592	190451	190494	1	0
47.698672	200	204	3	5592	190451	190494	1	0
47.709725	200	204	3	5592	190451	190494	1	0
47.719602	200	204	3	5592	190451	190494	1	0
47.734464	200	204	3	5592	190451	190494	1	0
47.745016	200	204	3	5592	190449	190494	1	0
47.753753	200	204	3	5592	190449	190494	1	0
47.766712	200	204	3	5592	190449	190494	1	0
47.776604	200	204	3	5592	190449	190494	1	0
47.787454	200	204	3	5592	190449	190494	1	0
47.794623	200	204	3	5592	190449	190494	1	0
47.804956	200	204	3	5592	190449	190494	1	0
47.818770	200	204	3	5592	190449	190494	1	0
47.830801	200	204	3	5592	190449	190494	1	0
47.840072	200	204	3	5592	190449	190494	1	0
47.849782	200	204	3	5592	190449	190494	1	0
47.859959	200	204	3	5592	190449	190494	1	0
47.870738	200	204	3	5592	190449	190494	1	0
47.878365	200	204	3	5593	190449	190494	1	0
47.884005	200	204	3	5593	190449	190494	1	0
47.894411	200	204	3	5593	190449	190494	1	0
47.900496	200	204	3	5593	190449	190494	1	0
47.911293	200	204	3	5593	190449	190494	1	0
47.926216	200	204	3	5593	190449	190494	1	0
47.932672	200	204	3	5593	190449	190494	1	0
47.947572	200	204	3	5593	190449	190494	1	0
47.962276	200	204	3	5593	190449	190494	1	0
47.974982	200	204	3	5593	190449	190494	1	0
47.985888	200	204	3	5593	190449	190494	1	0
48.000915	200	204	3	5593	190449	190494	1	0
48.007936	200	204	3	5593	190449	190494	1	0
48.021667	200	204	3	5594	190449	190494	1	0
48.032198	200	204	3	5594	190449	190494	1	0
48.045504	200	204	3	5594	190449	190494	1	0
48.052256	200	204	3	5594	190449	190494	1	0
48.063630	200	204	3	5594	190449	190494	1	0
48.070513	200	204	3	5594	190449	190494	1	0
48.083386	200	204	3	5594	190449	190494	1	0
48.098288	200	204	3	5594	190449	190494	1	0
48.112198	200	204	3	5594	190449	190494	1	0
48.120278	200	204	3	5594	190449	190494	1	0
48.130737	200	204	3	5594	190449	190494	1	0
48.138051	200	204	3	5594	190449	190494	1	0
48.152954	200	204	3	5594	190449	190494	1	0
48.164479	200	204	3	5594	190449	190494	1	0
48.173675	200	204	3	5595	190449	190494	1	0
48.184396	200	204	3	5595	190449	190494	1	0
48.192617	200	204	3	5595	190449	190494	1	0
48.199674	200	204	3	5595	190449	190494	1	0
48.213396	200	204	3	5595	190449	190494	1	0
48.219920	200	204	3	5595	190449	190494	1	0
48.230599	200	204	3	5595	190449	190494	1	0
48.244101	200	204	3	5595	190449	190494	1	0
48.257491	200	204	3	5595	190449	190494	1	0
48.265113	200	204	3	5595	190449	190494	1	0
48.277085	200	204	3	5595	190449	190494	1	0
48.290454	200	204	3	5595	190449	190494	1	0
48.300954	200	204	3	5595	190449	190494	1	0
48.307561	200	204	3	5595	190449	190494	1	0
48.316661	200	204	3	5595	190449	190494	1	0
48.322963	200	204	3	5596	190449	190494	1	0
48.329793	200	204	3	5596	190449	190494	1	0
48.340573	200	204	3	5596	190449	190494	1	0
48.347693	200	204	3	5596	190449	190494	1	0
48.362066	200	204	3	5596	190449	190494	1	0
48.367747	200	204	3	5596	190449	190494	1	0
48.379984	200	204	3	5596	190449	190494	1	0
48.388756	200	204	3	5596	190449	190494	1	0
48.398309	200	204	3	5596	190449	190494	1	0
48.403683	200	204	3	5596	190449	190494	1	0
48.409885	200	204	3	5596	190449	190494	1	0
48.420995	200	204	3	5596	190449	190494	1	0
48.428295	200	204	3	5596	190449	190494	1	0
48.439131	200	204	3	5596	190449	190494	1	0
48.452138	200	204	3	5596	190449	190494	1	0
48.462988	200	204	3	5597	190449	190494	1	0
48.472875	200	204	3	5597	190449	190494	1	0
48.484149	200	204	3	5597	190449	190494	1	0
48.491958	200	204	3	5597	190449	190494	1	0
48.504556	200	204	3	5597	190449	190494	1	0
48.510091	200	204	3	5597	190449	190494	1	0
48.524880	200	204	3	5597	190449	190494	1	0
48.536240	200	204	3	5597	190449	190494	1	0
48.548948	200	204	3	5597	190449	190494	1	0
48.560583	200	204	3	5597	190449	190494	1	0
48.573792	200	204	3	5597	190449	190494	1	0
48.584437	200	204	3	5597	190449	190494	1	0
48.591133	200	204	3	5598	190449	190494	1	0
48.603239	200	204	3	5598	190449	190494	1	0
48.608496	200	204	3	5598	190449	190494	1	0
48.623128	200	204	3	5598	190449	190494	1	0
48.635969	200	204	3	5598	190449	190494	1	0
48.647754	200	204	3	5598	190449	190494	1	0
48.653569	200	204	3	5598	190449	190494	1	0
48.664427	200	204	3	5598	190449	190494	1	0
48.672545	200	204	3	5598	190449	190494	1	0
48.686391	200	204	3	5598	190449	190494	1	0
48.697679	200	204	3	5598	190449	190494	1	0
48.709902	200	204	3	5598	190449	190494	1	0
48.719573	200	204	3	5599	190449	190494	1	0
48.732062	200	204	3	5599	190449	190494	1	0
48.742434	200	204	3	5599	190449	190494	1	0
48.752032	200	204	3	5599	190449	190494	1	0
48.757623	200	204	3	5599	190449	190494	1	0
48.769978	200	204	3	5599	190449	190494	1	0
48.778524	200	204	3	5599	190449	190494	1	0
48.792277	200	204	3	5599	190449	190494	1	0
48.805133	200	204	3	5599	190449	190494	1	0
48.814012	200	204	3	5599	190449	190494	1	0
48.829030	200	204	3	5599	190449	190494	1	0
48.836012	200	204	3	5599	190449	190494	1	0
48.848769	200	204	3	5599	190449	190494	1	0
48.853997	200	204	3	5600	190449	190494	1	0
48.864994	200	204	3	5600	190449	190494	1	0
48.879832	200	204	3	5600	190449	190494	1	0
48.893828	200	204	3	5600	190449	190494	1	0
48.901604	200	204	3	5600	190449	190494	1	0
48.914425	200	204	3	5600	190449	190494	1	0
48.923568	200	204	3	5600	190449	190494	1	0
48.930845	200	204	3	5600	190449	190494	1	0
48.943214	200	204	3	5600	190449	190494	1	0
48.956536	200	204	3	5600	190449	190494	1	0
48.963326	200	204	3	5600	190449	190494	1	0
48.971740	200	204	3	5600	190449	190494	1	0
48.978830	200	204	3	5600	190449	190494	1	0
48.989319	200	204	3	5600	190449	190494	1	0
48.996540	200	204	3	5600	190449	190494	1	0
49.004749	200	204	3	5600	190449	190494	1	0
49.017406	200	204	3	5600	190449	190494	1	0
49.023764	200	204	3	5600	190449	190494	1	0
49.038618	200	204	3	5600	190449	190494	1	0
49.052224	200	204	3	5600	190449	190494	1	0
49.063768	200	204	3	5600	190449	190494	1	0
49.077940	200	204	3	5600	190449	190494	1	0
49.091700	200	204	3	5600	190449	190494	1	0
49.098331	200	204	3	5600	190449	190494	1	0
49.105006	200	204	3	5600	190449	190494	1	0
49.114743	200	204	3	5600	190449	190494	1	0
49.126426	200	204	3	5600	190449	190494	1	0
49.135770	200	204	3	5600	190449	190494	1	0
49.150299	200	204	3	5600	190449	190494	1	0
49.161957	200	204	3	5600	190449	190494	1	0
49.170228	200	204	3	5600	190449	190494	1	0
49.176733	200	204	3	5600	190449	190494	1	0
49.190142	200	204	3	5600	190449	190494	1	0
49.197257	200	204	3	5600	190449	190494	1	0
49.210688	200	204	3	5600	190449	190494	1	0
49.223303	200	204	3	5600	190449	190494	1	0
49.231603	200	204	3	5600	190449	190494	1	0
49.241183	200	204	3	5600	190449	190494	1	0
49.249887	200	204	3	5600	190449	190494	1	0
49.263268	200	204	3	5600	190449	190494	1	0
49.271547	200	204	3	5600	190449	190494	1	0
49.284837	200	204	3	5600	190449	190494	1	0
49.292619	200	204	3	5600	190449	190494	1	0
49.299167	200	204	3	5600	190449	190494	1	0
49.313712	200	204	3	5600	190449	190494	1	0
49.322997	200	204	3	5600	190449	190494	1	0
49.332976	200	204	3	5600	190449	190494	1	0
49.344771	200	204	3	5600	190449	190494	1	0
49.350959	200	204	3	5600	190449	190494	1	0
49.365567	200	204	3	5600	190449	190494	1	0
49.376039	200	204	3	5600	190449	190494	1	0
49.384548	200	204	3	5600	190449	190494	1	0
49.392071	200	204	3	5600	190449	190494	1	0
49.399653	200	204	3	5600	190449	190494	1	0
49.408590	200	204	3	5600	190449	190494	1	0
49.419894	200	204	3	5600	190449	190494	1	0
49.425894	200	204	3	5600	190449	190494	1	0
49.436975	200	204	3	5600	190449	190494	1	0
49.450694	200	204	3	5600	190449	190494	1	0
49.461802	200	204	3	5600	190449	190494	1	0
49.474424	200	204	3	5600	190449	190494	1	0
49.479834	200	204	3	5600	190449	190494	1	0
49.489773	200	204	3	5600	190449	190494	1	0
49.500463	200	204	3	5600	190449	190494	1	0
49.514188	200	204	3	5600	190449	190494	1	0
49.524699	200	204	3	5600	190449	190494	1	0
49.537489	200	204	3	5600	190449	190494	1	0
49.546419	200	204	3	5600	190449	190494	1	0
49.551990	200	204	3	5600	190449	190494	1	0
49.566593	200	204	3	5600	190449	190494	1	0
49.576711	200	204	3	5600	190449	190494	1	0
49.583094	200	204	3	5600	190449	190494	1	0
49.595442	200	204	3	5600	190449	190494	1	0
49.603104	200	204	3	5600	190449	190494	1	0
49.612497	200	204	3	5600	190449	190494	1	0
49.625504	200	204	3	5600	190449	190494	1	0
49.636876	200	204	3	5600	190449	190494	1	0
49.643742	200	204	3	5600	190449	190494	1	0
49.657978	200	204	3	5600	190449	190494	1	0
49.671661	200	204	3	5600	190449	190494	1	0
49.684834	200	204	3	5600	190449	190494	1	0
49.699300	200	204	3	5600	190449	190494	1	0
49.708191	200	204	3	5600	190449	190494	1	0
49.717745	200	204	3	5600	190449	190494	1	0
49.731092	200	204	3	5600	190449	190494	1	0
49.741917	200	204	3	5600	190449	190494	1	0
49.751062	200	204	3	5600	190449	190494	1	0
49.757473	200	204	3	5600	190449	190494	1	0
49.766145	200	204	3	5600	190449	190494	1	0
49.772748	200	204	3	5600	190449	190494	1	0
49.786683	200	204	3	5600	190449	190494	1	0
49.796388	200	204	3	5600	190449	190494	1	0
49.807507	200	204	3	5600	190449	190494	1	0
49.821005	200	204	3	5600	190449	190494	1	0
49.828584	200	204	3	5600	190449	190494	1	0
49.834444	200	204	3	5600	190449	190494	1	0
49.840562	200	204	3	5600	190449	190494	1	0
49.851174	200	204	3	5600	190449	190494	1	0
49.858795	200	204	3	5600	190449	190494	1	0
49.869667	200	204	3	5600	190449	190494	1	0
49.879465	200	204	3	5600	190449	190494	1	0
49.892030	200	204	3	5600	190449	190494	1	0
49.899639	200	204	3	5600	190449	190494	1	0
49.908022	200	204	3	5600	190449	190494	1	0
49.914862	200	204	3	5600	190449	190494	1	0
49.921149	200	204	3	5600	190449	190494	1	0
49.928909	200	204	3	5600	190449	190494	1	0
49.941064	200	204	3	5600	190449	190494	1	0
49.947200	200	204	3	5600	190449	190494	1	0
49.961942	200	204	3	5600	190449	190494	1	0
49.975798	200	204	3	5600	190449	190494	1	0
49.985901	200	204	3	5600	190449	190494	1	0
49.997269	200	204	3	5600	190449	190494	1	0
50.005611	200	204	3	5600	190449	190494	1	0
50.018227	200	204	3	5600	190449	190494	1	0
50.032047	200	204	3	5600	190449	190494	1	0
50.045742	200	204	3	5600	190449	190494	1	0
50.058049	200	204	3	5600	190449	190494	1	0
50.072950	200	204	3	5600	190449	190494	1	0
50.078427	200	204	3	5600	190449	190494	1	0
50.085956	200	204	3	5600	190449	190494	1	0
50.095468	200	204	3	5600	190449	190494	1	0
50.109980	200	204	3	5600	190449	190494	1	0
50.117528	200	204	3	5600	190449	190494	1	0
50.124483	200	204	3	5600	190449	190494	1	0
50.138155	200	204	3	5600	189768	190494	1	0
50.150613	200	204	3	5600	189768	190494	1	0
50.163454	200	204	3	5600	189768	190494	1	0
50.174378	200	204	3	5600	189768	190494	1	0
50.185176	200	204	3	5600	189768	190494	1	0
50.195121	200	204	3	5600	189768	190494	1	0
50.204340	200	204	3	5600	189768	190494	1	0
50.212991	200	204	3	5600	189768	190494	1	0
50.225184	200	204	3	5600	189768	190494	1	0
50.238229	200	204	3	5600	189768	190494	1	0
50.250057	200	204	3	5600	189768	190494	1	0
50.256064	200	204	3	5600	189768	190494	1	0
50.269492	200	204	3	5600	189768	190494	1	0
50.281328	200	204	3	5600	189768	190494	1	0
50.286513	200	204	3	5600	189768	190494	1	0
50.299847	200	204	3	5600	189768	190494	1	0
50.310513	200	204	3	5600	189768	190494	1	0
50.323566	200	204	3	5600	189768	190494	1	0
50.338729	200	204	3	5600	189768	190494	1	0
50.350331	200	204	3	5600	189768	190494	1	0
50.361049	200	204	3	5600	189768	190494	1	0
50.369403	200	204	3	5600	189768	190494	1	0
50.376845	200	204	3	5600	189768	190494	1	0
50.391118	200	204	3	5600	189768	190494	1	0
50.405857	200	204	3	5600	189768	190494	1	0
50.415001	200	204	3	5600	189768	190494	1	0
50.430005	200	204	3	5600	189768	190494	1	0
50.440071	200	204	3	5600	189768	190494	1	0
50.452959	200	204	3	5600	189768	190494	1	0
50.459019	200	204	3	5600	189768	190494	1	0
50.473903	200	204	3	5600	189768	190494	1	0
50.481315	200	204	3	5600	189768	190494	1	0
50.496135	200	204	3	5600	189768	190494	1	0
50.503928	200	204	3	5600	189768	190494	1	0
50.517557	200	204	3	5600	189768	190494	1	0
50.525127	200	204	3	5600	189768	190494	1	0
50.533490	200	204	3	5600	189768	190494	1	0
50.545673	200	204	3	5600	189768	190494	1	0
50.555747	200	204	3	5600	189768	190494	1	0
50.561595	200	204	3	5600	189768	190494	1	0
50.575775	200	204	3	5600	189768	190494	1	0
50.581184	200	204	3	5600	189768	190494	1	0
50.590288	200	204	3	5600	189768	190494	1	0
50.596363	200	204	3	5600	189768	190494	1	0
50.610285	200	204	3	5600	189768	190494	1	0
50.617157	200	204	3	5600	189768	190494	1	0
50.625517	200	204	3	5600	189768	190494	1	0
50.631342	200	204	3	5600	189768	190494	1	0
50.645465	200	204	3	5600	189768	190494	1	0
50.652746	200	204	3	5600	189768	190494	1	0
50.664500	200	204	3	5600	189768	190494	1	0
50.674108	200	204	3	5600	189768	190494	1	0
50.686264	200	204	3	5600	189768	190494	1	0
50.693334	200	204	3	5600	189768	190494	1	0
50.707908	200	204	3	5600	189768	190494	1	0
50.719419	200	204	3	5600	189768	190494	1	0
50.726227	200	204	3	5600	189768	190494	1	0
50.735936	200	204	3	5600	754086	754086	1	0
50.744028	200	204	3	5600	754086	754086	1	0
50.757472	200	204	3	5600	754086	754086	1	0
50.763090	200	204	3	5600	754086	754086	1	0
50.771862	200	204	3	5600	754086	754086	1	0
50.785025	200	204	3	5600	754086	754086	1	0
50.794251	200	204	3	5600	754086	754086	1	0
50.802245	200	204	3	5600	754086	754086	1	0
50.807984	200	204	3	5600	754086	754086	1	0
50.818017	200	204	3	5600	754086	754086	1	0
50.828513	200	204	3	5600	754086	754086	1	0
50.834353	200	204	3	5600	754086	754086	1	0
50.847280	200	204	3	5600	754086	754086	1	0
50.855876	200	204	3	5600	754086	754086	1	0
50.870307	200	204	3	5600	754086	754086	1	0
50.882514	200	204	3	5600	754086	754086	1	0
50.896408	200	204	3	5600	754086	754086	1	0
50.906362	200	204	3	5600	754086	754086	1	0
50.912568	200	204	3	5600	754086	754086	1	0
50.923897	200	204	3	5600	754086	754086	1	0
50.930932	200	204	3	5600	754086	754086	1	0
50.938445	200	204	3	5600	754086	754086	1	0
50.944054	200	204	3	5600	754086	754086	1	0
50.958105	200	204	3	5600	754086	754086	1	0
50.970850	200	204	3	5600	754086	754086	1	0
50.977713	200	204	3	5600	754086	754086	1	0
50.986689	200	204	3	5600	754086	754086	1	0
50.996934	200	204	3	5600	754086	754086	1	0
51.012141	200	204	3	5600	754086	754086	1	0
51.017758	200	204	3	5600	754086	754086	1	0
51.027934	200	204	3	5600	754086	754086	1	0
51.038500	200	204	3	5600	754086	754086	1	0
51.050277	200	204	3	5600	754086	754086	1	0
51.062742	200	204	3	5600	754086	754086	1	0
51.068740	200	204	3	5600	754086	754086	1	0
51.075313	200	204	3	5600	754086	754086	1	0
51.087210	200	204	3	5600	754086	754086	1	0
51.099974	200	204	3	5600	754086	754086	1	0
51.105777	200	204	3	5600	754086	754086	1	0
51.115014	200	204	3	5600	754086	754086	1	0
51.121797	200	204	3	5600	754086	754086	1	0
51.136387	200	204	3	5600	754086	754086	1	0
51.150302	200	204	3	5600	754086	754086	1	0
51.159177	200	204	3	5600	754086	754086	1	0
51.167232	200	204	3	5600	754086	754086	1	0
51.178584	200	204	3	5600	754086	754086	1	0
51.186610	200	204	3	5600	754086	754086	1	0
51.197998	200	204	3	5600	754086	754086	1	0
51.207602	200	204	3	5600	754086	754086	1	0
51.212884	200	204	3	5600	754086	754086	1	0
51.223622	200	204	3	5600	754086	754086	1	0
51.230957	200	204	3	5600	754086	754086	1	0
51.243718	200	204	3	5600	754086	754086	1	0
51.257286	200	204	3	5600	754086	754086	1	0
51.266799	200	204	3	5600	754086	754086	1	0
51.274717	200	204	3	5600	754086	754086	1	0
51.287956	200	204	3	5600	754086	754086	1	0
51.300452	200	204	3	5600	754086	754086	1	0
51.306690	200	204	3	5600	754086	754086	1	0
51.316269	200	204	3	5600	754086	754086	1	0
51.330438	200	204	3	5600	754086	754086	1	0
51.345015	200	204	3	5600	754086	754086	1	0
51.352135	200	204	3	5600	754086	754086	1	0
51.357797	200	204	3	5600	754086	754086	1	0
51.372886	200	204	3	5600	754086	754086	1	0
51.380572	200	204	3	5600	754086	754086	1	0
51.394325	200	204	3	5600	754086	754086	1	0
51.408152	200	204	3	5600	754086	754086	1	0
51.419646	200	204	3	5600	754086	754086	1	0
51.432403	200	204	3	5600	754086	754086	1	0
51.444813	200	204	3	5600	754086	754086	1	0
51.453518	200	204	3	5600	754086	754086	1	0
51.461977	200	204	3	5600	754086	754086	1	0
51.467980	200	204	3	5600	754086	754086	1	0
51.480621	200	204	3	5600	754086	754086	1	0
51.489734	200	204	3	5600	754086	754086	1	0
51.501027	200	204	3	5600	754086	754086	1	0
51.513642	200	204	3	5600	754086	754086	1	0
51.523275	200	204	3	5600	754086	754086	1	0
51.535851	200	204	3	5600	754086	754086	1	0
51.547768	200	204	3	5600	754086	754086	1	0
51.559100	200	204	3	5600	754086	754086	1	0
51.567810	200	204	3	5600	754086	754086	1	0
51.578393	200	204	3	5600	754086	754086	1	0
51.593046	200	204	3	5600	754086	754086	1	0
51.598862	200	204	3	5600	754086	754086	1	0
51.608777	200	204	3	5600	754086	754086	1	0
51.620765	200	204	3	5600	754086	754086	1	0
51.628739	200	204	3	5600	754086	754086	1	0
51.641463	200	204	3	5600	754086	754086	1	0
51.647371	200	204	3	5600	754086	754086	1	0
51.656876	200	204	3	5600	754086	754086	1	0
51.668583	200	204	3	5600	754086	754086	1	0
51.681439	200	204	3	5600	754086	754086	1	0
51.692029	200	204	3	5600	754086	754086	1	0
51.699155	200	204	3	5600	754086	754086	1	0
51.708903	200	204	3	5600	754086	754086	1	0
51.723116	200	204	3	5600	754086	754086	1	0
51.735387	200	204	3	5600	754086	754086	1	0
51.743471	200	204	3	5600	754086	754086	1	0
51.749496	200	204	3	5600	754086	754086	1	0
51.761182	200	204	3	5600	754086	754086	1	0
51.772871	200	204	3	5600	754086	754086	1	0
51.782487	200	204	3	5600	754086	754086	1	0
51.797394	200	204	3	5600	754086	754086	1	0
51.804753	200	204	3	5600	754086	754086	1	0
51.811297	200	204	3	5600	754086	754086	1	0
51.823396	200	204	3	5600	754086	754086	1	0
51.830861	200	204	3	5600	754086	754086	1	0
51.840150	200	204	3	5600	754086	754086	1	0
51.850381	200	204	3	5600	754086	754086	1	0
51.864540	200	204	3	5600	754086	754086	1	0
51.871854	200	204	3	5600	754086	754086	1	0
51.878788	200	204	3	5600	754086	754086	1	0
51.893770	200	204	3	5600	754086	754086	1	0
51.903680	200	204	3	5600	754086	754086	1	0
51.909785	200	204	3	5600	754086	754086	1	0
51.923419	200	204	3	5600	754086	754086	1	0
51.933957	200	204	3	5600	754086	754086	1	0
51.943892	200	204	3	5600	754086	754086	1	0
51.954277	200	204	3	5600	754086	754086	1	0
51.965097	200	204	3	5600	754086	754086	1	0
51.974885	200	204	3	5600	754086	754086	1	0
51.987409	200	204	3	5600	754086	754086	1	0
51.994844	200	204	3	5600	754086	754086	1	0
52.006703	200	204	3	5600	754086	754086	1	0
52.021213	200	204	3	5600	754086	754086	1	0
52.030711	200	204	3	5600	754086	754086	1	0
52.038604	200	204	3	5600	754086	754086	1	0
52.051270	200	204	3	5600	754086	754086	1	0
52.063497	200	204	3	5600	754086	754086	1	0
52.078531	200	204	3	5600	754086	754086	1	0
52.088141	200	204	3	5600	754086	754086	1	0
52.093982	200	204	3	5600	754086	754086	1	0
52.102337	200	204	3	5600	754086	754086	1	0
52.109796	200	204	3	5600	754086	754086	1	0
52.119494	200	204	3	5600	754086	754086	1	0
52.128503	200	204	3	5600	754086	754086	1	0
52.134686	200	204	3	5600	754086	754086	1	0
52.145555	200	204	3	5600	754086	754086	1	0
52.157130	200	204	3	5600	754086	754086	1	0
52.171018	200	204	3	5600	754086	754086	1	0
52.178039	200	204	3	5600	754086	754086	1	0
52.190795	200	204	3	5600	754086	754086	1	0
52.196216	200	204	3	5600	754086	754086	1	0
52.208579	200	204	3	5600	754086	754086	1	0
52.215165	200	204	3	5600	754086	754086	1	0
52.224578	200	204	3	5600	754086	754086	1	0
52.238601	200	204	3	5600	754086	754086	1	0
52.253173	200	204	3	5600	754086	754086	1	0
52.263800	200	204	3	5600	754086	754086	1	0
52.276945	200	204	3	5600	754086	754086	1	0
52.285684	200	204	3	5600	754086	754086	1	0
52.297825	200	204	3	5600	754086	754086	1	0
52.311440	200	204	3	5600	754086	754086	1	0
52.324032	200	204	3	5600	754086	754086	1	0
52.332926	200	204	3	5600	754086	754086	1	0
52.339965	200	204	3	5600	754086	754086	1	0
52.352888	200	204	3	5600	754086	754086	1	0
52.358638	200	204	3	5600	754086	754086	1	0
52.369125	200	204	3	5600	754086	754086	1	0
52.376233	200	204	3	5600	754086	754086	1	0
52.390508	200	204	3	5600	754086	754086	1	0
52.398797	200	204	3	5600	754086	754086	1	0
52.405177	200	204	3	5600	754086	754086	1	0
52.417141	200	204	3	5600	754086	754086	1	0
52.425344	200	204	3	5600	754086	754086	1	0
52.437457	200	204	3	5600	754086	754086	1	0
52.449348	200	204	3	5600	754086	754086	1	0
52.461940	200	204	3	5600	754086	754086	1	0
52.475549	200	204	3	5600	754086	754086	1	0
52.494302	200	204	3	5600	754086	754086	1	0
52.506852	200	204	3	5600	754086	754086	1	0
52.513126	200	204	3	5600	754086	754086	1	0
52.527396	200	204	3	5600	754086	754086	1	0
52.534225	200	204	3	5600	754086	754086	1	0
52.544081	200	204	3	5600	754086	754086	1	0
52.551909	200	204	3	5600	754086	754086	1	0
52.561332	200	204	3	5600	754086	754086	1	0
52.572925	200	204	3	5600	754086	754086	1	0
52.578406	200	204	3	5600	754086	754086	1	0
52.591196	200	204	3	5600	754086	754086	1	0
52.600772	200	204	3	5600	754086	754086	1	0
52.608040	200	204	3	5600	754086	754086	1	0
52.620792	200	204	3	5600	754086	754086	1	0
52.634509	200	204	3	5600	754086	754086	1	0
52.641396	200	204	3	5600	754086	754086	1	0
52.654569	200	204	3	5600	754086	754086	1	0
52.661571	200	204	3	5600	754086	754086	1	0
52.670416	200	204	3	5600	754086	754086	1	0
52.677111	200	204	3	5600	754086	754086	1	0
52.688309	200	204	3	5600	754086	754086	1	0
52.701711	200	204	3	5600	754086	754086	1	0
52.714223	200	204	3	5600	754086	754086	1	0
52.726787	200	204	3	5600	754086	754086	1	0
52.741366	200	204	3	5600	754086	754086	1	0
52.753397	200	204	3	5600	754086	754086	1	0
52.763644	200	204	3	5600	754086	754086	1	0
52.777887	200	204	3	5600	754086	754086	1	0
52.788957	200	204	3	5600	754086	754086	1	0
52.800439	200	204	3	5600	754086	754086	1	0
52.814933	200	204	3	5600	754086	754086	1	0
52.829012	200	204	3	5600	754086	754086	1	0
52.840527	200	204	3	5600	754086	754086	1	0
52.846394	200	204	3	5600	754086	754086	1	0
52.856389	200	204	3	5600	754086	754086	1	0
52.870237	200	204	3	5600	754086	754086	1	0
52.882084	200	204	3	5600	754086	754086	1	0
52.887412	200	204	3	5600	754086	754086	1	0
52.896527	200	204	3	5600	754086	754086	1	0
52.907506	200	204	3	5600	754086	754086	1	0
52.922128	200	204	3	5600	754086	754086	1	0
52.932757	200	204	3	5600	754086	754086	1	0
52.947810	200	204	3	5600	754086	754086	1	0
52.962744	200	204	3	5600	754086	754086	1	0
52.976547	200	204	3	5600	754086	754086	1	0
52.983360	200	204	3	5600	754086	754086	1	0
52.991017	200	204	3	5600	754086	754086	1	0
52.999963	200	204	3	5600	754086	754086	1	0
53.007388	200	204	3	5600	754086	754086	1	0
53.019738	200	204	3	5600	754086	754086	1	0
53.025149	200	204	3	5600	754086	754086	1	0
53.035081	200	204	3	5600	754086	754086	1	0
53.045882	200	204	3	5600	754086	754086	1	0
53.051661	200	204	3	5600	754086	754086	1	0
53.063261	200	204	3	5600	754086	754086	1	0
53.074160	200	204	3	5600	754086	754086	1	0
53.080276	200	204	3	5600	754086	754086	1	0
53.088781	200	204	3	5600	754086	754086	1	0
53.097018	200	204	3	5600	754086	754086	1	0
53.103887	200	204	3	5600	754086	754086	1	0
53.117611	200	204	3	5600	754086	754086	1	0
53.122797	200	204	3	5600	754086	754086	1	0
53.135516	200	204	3	5600	754086	754086	1	0
53.141739	200	204	3	5600	754086	754086	1	0
53.152400	200	204	3	5600	754086	754086	1	0
53.162124	200	204	3	5600	754086	754086	1	0
53.167423	200	204	3	5600	754086	754086	1	0
53.176393	200	204	3	5600	754086	754086	1	0
53.191467	200	204	3	5600	754086	754086	1	0
53.205084	200	204	3	5600	754086	754086	1	0
53.212281	200	204	3	5600	754086	754086	1	0
53.227180	200	204	3	5600	754086	754086	1	0
53.251340	200	204	3	5600	754086	754086	1	0
53.258894	200	204	3	5600	754086	754086	1	0
53.271425	200	204	3	5600	754086	754086	1	0
53.277493	200	204	3	5600	754086	754086	1	0
53.290857	200	204	3	5600	754086	754086	1	0
53.301792	200	204	3	5600	754086	754086	1	0
53.308644	200	204	3	5600	754086	754086	1	0
53.315282	200	204	3	5600	754086	754086	1	0
53.326969	200	204	3	5600	754086	754086	1	0
53.335680	200	204	3	5600	754086	754086	1	0
53.348034	200	204	3	5600	754086	754086	1	0
53.358084	200	204	3	5600	754086	754086	1	0
53.365938	200	204	3	5600	754086	754086	1	0
53.380397	200	204	3	5600	754086	754086	1	0
53.386478	200	204	3	5600	754086	754086	1	0
53.400366	200	204	3	5600	754086	754086	1	0
53.407195	200	204	3	5600	754086	754086	1	0
53.414275	200	204	3	5600	754086	754086	1	0
53.423411	200	204	3	5600	754086	754086	1	0
53.437866	200	204	3	5600	754086	754086	1	0
53.451930	200	204	3	5600	754086	754086	1	0
53.457149	200	204	3	5600	754086	754086	1	0
53.467034	200	204	3	5600	754086	754086	1	0
53.475461	200	204	3	5600	754086	754086	1	0
53.487240	200	204	3	5600	754086	754086	1	0
53.498916	200	204	3	5600	754086	754086	1	0
53.507639	200	204	3	5600	754086	754086	1	0
53.519807	200	204	3	5600	754086	754086	1	0
53.529044	200	204	3	5600	754086	754086	1	0
53.540744	200	204	3	5600	754086	754086	1	0
53.548887	200	204	3	5600	754086	754086	1	0
53.562166	200	204	3	5600	754086	754086	1	0
53.568251	200	204	3	5600	754086	754086	1	0
53.575845	200	204	3	5600	754086	754086	1	0
53.588996	200	204	3	5600	754086	754086	1	0
53.595255	200	204	3	5600	754086	754086	1	0
53.607457	200	204	3	5600	754086	754086	1	0
53.616024	200	204	3	5600	754086	754086	1	0
53.625247	200	204	3	5600	754086	754086	1	0
53.634723	200	204	3	5600	754086	754086	1	0
53.642713	200	204	3	5600	754086	754086	1	0
53.653791	200	204	3	5600	754086	754086	1	0
53.662250	200	204	3	5600	754086	754086	1	0
53.674741	200	204	3	5600	754086	754086	1	0
53.685106	200	204	3	5600	754086	754086	1	0
53.693202	200	204	3	5600	754086	754086	1	0
53.698732	200	204	3	5600	754086	754086	1	0
53.705826	200	204	3	5600	754086	754086	1	0
53.713448	200	204	3	5600	754086	754086	1	0
53.725129	200	204	3	5600	754086	754086	1	0
53.734067	200	204	3	5600	754086	754086	1	0
53.739854	200	204	3	5600	754086	754086	1	0
53.746327	200	204	3	5600	754086	754086	1	0
53.753643	200	204	3	5600	754086	754086	1	0
53.762417	200	204	3	5600	754086	754086	1	0
53.776890	200	204	3	5600	754086	754086	1	0
53.790409	200	204	3	5600	754086	754086	1	0
53.803736	200	204	3	5600	754086	754086	1	0
53.809843	200	204	3	5600	754086	754086	1	0
53.824590	200	204	3	5600	754086	754086	1	0
53.835427	200	204	3	5600	754086	754086	1	0
53.843356	200	204	3	5600	754086	754086	1	0
53.856809	200	204	3	5600	754086	754086	1	0
53.865777	200	204	3	5600	754086	754086	1	0
53.873474	200	204	3	5600	754086	754086	1	0
53.882467	200	204	3	5600	754086	754086	1	0
53.894361	200	204	3	5600	754086	754086	1	0
53.903067	200	204	3	5600	754086	754086	1	0
53.917278	200	204	3	5600	754086	754086	1	0
53.926798	200	204	3	5600	754086	754086	1	0
53.936655	200	204	3	5600	754086	754086	1	0
53.944608	200	204	3	5600	754086	754086	1	0
53.958351	200	204	3	5600	754086	754086	1	0
53.963934	200	204	3	5600	754086	754086	1	0
53.976644	200	204	3	5600	754086	754086	1	0
53.982950	200	204	3	5600	754086	754086	1	0
53.995696	200	204	3	5600	754086	754086	1	0
54.006274	200	204	3	5600	754086	754086	1	0
54.018869	200	204	3	5600	754086	754086	1	0
54.025024	200	204	3	5600	754086	754086	1	0
54.031739	200	204	3	5600	754086	754086	1	0
54.037454	200	204	3	5600	754086	754086	1	0
54.050397	200	204	4	5600	754086	754086	1	0
54.059415	200	204	4	5600	754086	754086	1	0
54.073510	200	204	4	5600	754086	754086	1	0
54.082161	200	204	4	5600	754086	754086	1	0
54.088279	200	204	4	5600	754086	754086	1	0
54.100717	200	204	4	5600	754086	754086	1	0
54.113995	200	204	4	5600	754086	754086	1	0
54.123786	200	204	4	5600	754086	754086	1	0
54.132616	200	204	4	5600	754086	754086	1	0
54.138904	200	204	4	5600	754086	754086	1	0
54.150746	200	204	4	5600	754086	754086	1	0
54.157220	200	204	4	5600	754086	754086	1	0
54.164396	200	204	4	5600	754086	754086	1	0
54.172631	200	204	4	5600	754086	754086	1	0
54.182854	200	204	4	5600	754086	754086	1	0
54.197021	200	204	4	5600	754086	754086	1	0
54.206831	200	204	4	5600	754086	754086	1	0
54.214395	200	204	4	5600	754086	754086	1	0
54.226323	200	204	4	5600	754086	754086	1	0
54.231687	200	204	4	5600	754086	754086	1	0
54.243982	200	204	4	5600	754086	754086	1	0
54.256868	200	204	4	5600	754086	754086	1	0
54.264405	200	204	4	5600	754086	754086	1	0
54.275796	200	204	4	5600	754086	754086	1	0
54.286097	200	204	4	5600	754086	754086	1	0
54.294092	200	204	4	5600	754086	754086	1	0
54.305125	200	204	4	5600	150818	754086	1	0
54.318194	200	204	4	5600	150818	754086	1	0
54.330081	200	204	4	5600	150818	754086	1	0
54.336506	200	204	4	5600	150818	754086	1	0
54.345205	200	204	4	5600	150818	754086	1	0
54.350945	200	204	4	5600	150818	754086	1	0
54.365407	200	204	4	5600	150818	754086	1	0
54.371622	200	204	4	5600	150818	754086	1	0
54.386081	200	204	4	5600	150818	754086	1	0
54.397763	200	204	4	5600	150818	754086	1	0
54.411961	200	204	4	5600	150818	754086	1	0
54.417231	200	204	4	5600	150818	754086	1	0
54.422676	200	204	4	5600	150818	754086	1	0
54.431499	200	204	4	5600	150818	754086	1	0
54.445967	200	204	4	5600	150818	754086	1	0
54.456661	200	204	4	5600	150818	754086	1	0
54.465031	200	204	4	5600	150818	754086	1	0
54.476405	200	204	4	5600	150818	754086	1	0
54.487794	200	204	4	5600	150818	754086	1	0
54.494504	200	204	4	5600	150818	754086	1	0
54.502173	200	204	4	5600	150818	754086	1	0
54.512813	200	204	4	5600	150818	754086	1	0
54.524559	200	204	4	5600	150818	754086	1	0
54.530291	200	204	4	5600	150818	754086	1	0
54.544547	200	204	4	5600	150818	754086	1	0
54.556955	200	204	4	5600	150818	754086	1	0
54.564553	200	204	4	5600	150818	754086	1	0
54.573718	200	204	4	5600	150818	754086	1	0
54.586995	200	204	4	5600	150818	754086	1	0
54.597224	200	204	4	5600	150818	754086	1	0
54.607012	200	204	4	5600	150818	754086	1	0
54.619057	200	204	4	5601	724130	754086	1	0
54.626563	200	204	4	5601	724130	754086	1	0
54.632647	200	204	4	5601	724130	754086	1	0
54.640979	200	204	4	5601	724130	754086	1	0
54.651618	200	204	4	5601	724130	754086	1	0
54.660329	200	204	4	5601	724130	754086	1	0
54.671913	200	204	4	5601	724130	754086	1	0
54.683171	200	204	4	5602	724130	754086	1	0
54.695732	200	204	4	5602	724130	754086	1	0
54.705261	200	204	4	5602	724130	754086	1	0
54.711107	200	204	4	5602	724130	754086	1	0
54.722414	200	204	4	5602	724130	754086	1	0
54.727820	200	204	4	5602	724130	754086	1	0
54.739837	200	204	4	5602	724130	754086	1	0
54.746733	200	204	4	5602	724130	754086	1	0
54.759967	200	204	4	5603	724130	754086	1	0
54.773575	200	204	4	5603	724130	754086	1	0
54.782865	200	204	4	5603	724130	754086	1	0
54.792897	200	204	4	5603	724130	754086	1	0
54.798927	200	204	4	5603	724130	754086	1	0
54.811310	200	204	4	5603	724130	754086	1	0
54.823917	200	204	4	5603	724130	754086	1	0
54.837364	200	204	4	5604	724130	754086	1	0
54.846674	200	204	4	5604	724130	754086	1	0
54.853701	200	204	4	5604	724130	754086	1	0
54.860235	200	204	4	5604	724130	754086	1	0
54.867824	200	204	4	5604	724130	754086	1	0
54.878224	200	204	4	5604	724130	754086	1	0
54.891885	200	204	4	5604	724130	754086	1	0
54.902427	200	204	4	5604	724130	754086	1	0
54.914613	200	204	4	5605	724130	754086	1	0
54.926514	200	204	4	5605	724130	754086	1	0
54.931711	200	204	4	5605	724130	754086	1	0
54.941557	200	204	4	5605	724130	754086	1	0
54.956646	200	204	4	5605	724130	754086	1	0
54.966864	200	204	4	5605	724130	754086	1	0
54.977026	200	204	4	5605	724130	754086	1	0
54.990561	200	204	4	5605	724130	754086	1	0
54.996722	200	204	4	5605	724130	754086	1	0
55.008372	200	204	4	5606	724130	754086	1	0
55.022891	200	204	4	5606	724130	754086	1	0
55.033880	200	204	4	5606	724130	754086	1	0
55.046507	200	204	4	5606	724130	754086	1	0
55.059156	200	204	4	5606	724130	754086	1	0
55.074352	200	204	4	5606	724130	754086	1	0
55.084588	200	204	4	5606	724130	754086	1	0
55.092748	200	204	4	5606	724130	754086	1	0
55.099965	200	204	4	5606	724130	754086	1	0
55.110641	200	204	4	5607	724130	754086	1	0
55.119520	200	204	4	5607	724130	754086	1	0
55.127564	200	204	4	5607	724130	754086	1	0
55.132825	200	204	4	5607	724130	754086	1	0
55.147081	200	204	4	5607	724130	754086	1	0
55.153033	200	204	4	5607	724130	754086	1	0
55.167365	200	204	4	5607	724130	754086	1	0
55.174480	200	204	4	5607	724130	754086	1	0
55.181218	200	204	4	5607	724130	754086	1	0
55.190225	200	204	4	5607	724130	754086	1	0
55.205175	200	204	4	5607	724130	754086	1	0
55.220278	200	204	4	5607	724130	754086	1	0
55.226038	200	204	4	5608	724130	754086	1	0
55.235202	200	204	4	5608	724130	754086	1	0
55.242693	200	204	4	5608	724130	754086	1	0
55.250827	200	204	4	5608	724130	754086	1	0
55.257885	200	204	4	5608	724130	754086	1	0
55.268240	200	204	4	5608	724130	754086	1	0
55.282283	200	204	4	5608	724130	754086	1	0
55.290091	200	204	4	5608	724130	754086	1	0
55.299583	200	204	4	5608	724130	754086	1	0
55.309576	200	204	4	5608	724130	754086	1	0
55.318958	200	204	4	5608	724130	754086	1	0
55.327441	200	204	4	5608	724130	754086	1	0
55.342517	200	204	4	5608	724130	754086	1	0
55.354609	200	204	4	5608	724130	754086	1	0
55.362706	200	204	4	5608	724130	754086	1	0
55.367994	200	204	4	5608	724130	754086	1	0
55.380361	200	204	4	5608	724130	754086	1	0
55.392143	200	204	4	5608	724130	754086	1	0
55.406971	200	204	4	5608	724130	754086	1	0
55.418281	200	204	4	5608	724130	754086	1	0
55.431724	200	204	4	5608	724130	754086	1	0
55.440964	200	204	4	5608	724130	754086	1	0
55.451702	200	204	4	5608	724130	754086	1	0
55.458798	200	204	4	5608	724130	754086	1	0
55.473027	200	204	4	5608	724130	754086	1	0
55.485416	200	204	4	5608	724130	754086	1	0
55.499492	200	204	4	5608	724130	754086	1	0
55.507197	200	204	4	5608	724130	754086	1	0
55.516273	200	204	4	5608	724130	754086	1	0
55.525338	200	204	4	5608	724130	754086	1	0
55.532976	200	204	4	5608	724130	754086	1	0
55.540628	200	204	4	5608	724130	754086	1	0
55.547028	200	204	4	5608	724130	754086	1	0
55.560162	200	204	4	5608	724130	754086	1	0
55.570480	200	204	4	5608	724130	754086	1	0
55.583392	200	204	4	5608	724130	754086	1	0
55.596637	200	204	4	5608	724130	754086	1	0
55.607031	200	204	4	5608	724130	754086	1	0
55.613293	200	204	4	5608	724130	754086	1	0
55.620905	200	204	4	5608	724130	754086	1	0
55.627274	200	204	4	5608	724130	754086	1	0
55.638046	200	204	4	5608	724130	754086	1	0
55.648636	200	204	4	5608	724130	754086	1	0
55.659514	200	204	4	5608	724130	754086	1	0
55.672668	200	204	4	5608	724130	754086	1	0
55.682119	200	204	4	5608	724130	754086	1	0
55.688310	200	204	4	5608	724130	754086	1	0
55.702142	200	204	4	5608	724130	754086	1	0
55.707725	200	204	4	5608	724130	754086	1	0
55.722410	200	204	4	5608	724130	754086	1	0
55.732707	200	204	4	5608	724130	754086	1	0
55.746551	200	204	4	5608	724130	754086	1	0
55.759688	200	204	4	5608	724130	754086	1	0
55.768548	200	204	4	5608	724130	754086	1	0
55.777641	200	204	4	5608	724130	754086	1	0
55.784268	200	204	4	5608	724130	754086	1	0
55.790630	200	204	4	5608	724130	754086	1	0
55.796950	200	204	4	5608	724130	754086	1	0
55.809191	200	204	4	5608	724130	754086	1	0
55.821574	200	204	4	5608	724130	754086	1	0
55.829114	200	204	4	5608	724130	754086	1	0
55.838804	200	204	4	5608	724130	754086	1	0
55.852703	200	204	4	5608	724130	754086	1	0
55.860212	200	204	4	5608	724130	754086	1	0
55.869294	200	204	4	5608	724130	754086	1	0
55.877941	200	204	4	5608	724130	754086	1	0
55.888173	200	204	4	5608	724130	754086	1	0
55.893730	200	204	4	5608	724130	754086	1	0
55.907158	200	204	4	5608	724130	754086	1	0
55.915643	200	204	4	5608	724130	754086	1	0
55.930367	200	204	4	5608	724130	754086	1	0
55.935586	200	204	4	5608	724130	754086	1	0
55.950559	200	204	4	5608	724130	754086	1	0
55.961012	200	204	4	5608	724130	754086	1	0
55.969284	200	204	4	5608	724130	754086	1	0
55.983938	200	204	4	5608	724130	754086	1	0
55.996303	200	204	4	5608	724130	754086	1	0
56.001966	200	204	4	5608	724130	754086	1	0
56.011996	200	204	4	5608	724130	754086	1	0
56.018550	200	204	4	5608	724130	754086	1	0
56.026477	200	204	4	5608	724130	754086	1	0
56.035221	200	204	4	5608	724130	754086	1	0
56.050005	200	204	4	5608	724130	754086	1	0
56.055587	200	204	4	5608	724130	754086	1	0
56.064951	200	204	4	5608	727686	754086	1	0
56.077455	200	204	4	5608	727686	754086	1	0
56.091096	200	204	4	5608	727686	754086	1	0
56.103580	200	204	4	5608	727686	754086	1	0
56.118456	200	204	4	5608	727686	754086	1	0
56.128087	200	204	4	5608	727686	754086	1	0
56.138895	200	204	4	5608	727686	754086	1	0
56.145336	200	204	4	5608	727686	754086	1	0
56.155236	200	204	4	5608	727686	754086	1	0
56.170070	200	204	4	5608	727686	754086	1	0
56.179953	200	204	4	5609	727686	754086	1	0
56.186899	200	204	4	5609	727686	754086	1	0
56.198401	200	204	4	5609	727686	754086	1	0
56.206610	200	204	4	5609	727686	754086	1	0
56.213374	200	204	4	5609	727686	754086	1	0
56.226553	200	204	4	5609	727686	754086	1	0
56.237958	200	204	4	5609	727686	754086	1	0
56.249196	200	204	4	5609	727686	754086	1	0
56.263548	200	204	4	5609	727686	754086	1	0
56.269281	200	204	4	5609	727686	754086	1	0
56.278469	200	204	4	5609	727686	754086	1	0
56.292099	200	204	4	5609	727686	754086	1	0
56.300845	200	204	4	5609	727686	754086	1	0
56.307279	200	204	4	5609	727686	754086	1	0
56.317810	200	204	4	5609	727686	754086	1	0
56.331427	200	204	4	5609	727686	754086	1	0
56.339540	200	204	4	5609	727686	754086	1	0
56.351078	200	204	4	5610	727686	754086	1	0
56.357713	200	204	4	5610	727686	754086	1	0
56.370809	200	204	4	5610	727686	754086	1	0
56.382632	200	204	4	5610	727686	754086	1	0
56.395885	200	204	4	5610	727686	754086	1	0
56.404422	200	204	4	5610	727686	754086	1	0
56.409765	200	204	4	5610	727686	754086	1	0
56.416765	200	204	4	5610	727686	754086	1	0
56.423501	200	204	4	5610	727686	754086	1	0
56.438607	200	204	4	5610	727686	754086	1	0
56.444035	200	204	4	5610	727686	754086	1	0
56.458576	200	204	4	5610	727686	754086	1	0
56.470883	200	204	4	5610	727686	754086	1	0
56.476920	200	204	4	5610	727686	754086	1	0
56.491389	200	204	4	5610	727686	754086	1	0
56.505350	200	204	4	5610	727686	754086	1	0
56.510751	200	204	4	5610	727686	754086	1	0
56.520738	200	204	4	5610	727686	754086	1	0
56.526495	200	204	4	5611	727686	754086	1	0
56.533898	200	204	4	5611	727686	754086	1	0
56.539260	200	204	4	5611	727686	754086	1	0
56.551541	200	204	4	5611	727686	754086	1	0
56.559588	200	204	4	5611	727686	754086	1	0
56.573166	200	204	4	5611	727686	754086	1	0
56.587766	200	204	4	5611	727686	754086	1	0
56.595939	200	204	4	5611	727686	754086	1	0
56.609288	200	204	4	5611	727686	754086	1	0
56.622340	200	204	4	5611	727686	754086	1	0
56.628272	200	204	4	5611	727686	754086	1	0
56.640874	200	204	4	5611	727686	754086	1	0
56.652885	200	204	4	5611	727686	754086	1	0
56.665635	200	204	4	5611	727686	754086	1	0
56.673075	200	204	4	5611	727686	754086	1	0
56.687308	200	204	4	5611	727686	754086	1	0
56.694227	200	204	4	5611	727686	754086	1	0
56.704288	200	204	4	5612	727686	754086	1	0
56.717967	200	204	4	5612	727686	754086	1	0
56.724807	200	204	4	5612	727686	754086	1	0
56.735305	200	204	4	5612	727686	754086	1	0
56.744774	200	204	4	5612	727686	754086	1	0
56.758623	200	204	4	5612	727686	754086	1	0
56.771148	200	204	4	5612	727686	754086	1	0
56.781824	200	204	4	5612	727686	754086	1	0
56.789597	200	204	4	5612	727686	754086	1	0
56.800992	200	204	4	5612	727686	754086	1	0
56.813166	200	204	4	5612	727686	754086	1	0
56.826783	200	204	4	5612	727686	754086	1	0
56.834105	200	204	4	5612	727686	754086	1	0
56.843312	200	204	4	5612	727686	754086	1	0
56.858101	200	204	4	5612	727686	754086	1	0
56.866621	200	204	4	5612	727686	754086	1	0
56.880050	200	204	4	5612	727686	754086	1	0
56.886333	200	204	4	5612	727686	754086	1	0
56.891934	200	204	4	5613	727686	754086	1	0
56.901945	200	204	4	5613	727686	754086	1	0
56.910737	200	204	4	5613	727686	754086	1	0
56.925543	200	204	4	5613	727686	754086	1	0
56.932666	200	204	4	5613	727686	754086	1	0
56.945380	200	204	4	5613	727686	754086	1	0
56.958836	200	204	4	5613	727686	754086	1	0
56.972838	200	204	4	5613	727686	754086	1	0
56.986717	200	204	4	5613	727686	754086	1	0
56.992150	200	204	4	5613	727686	754086	1	0
57.004421	200	204	4	5613	727686	754086	1	0
57.012687	200	204	4	5613	727686	754086	1	0
57.022785	200	204	4	5613	727686	754086	1	0
57.033586	200	204	4	5613	727686	754086	1	0
57.045713	200	204	4	5613	727686	754086	1	0
57.059379	200	204	4	5613	727686	754086	1	0
57.072235	200	204	4	5613	727686	754086	1	0
57.080551	200	204	4	5613	727686	754086	1	0
57.091950	200	204	4	5614	727686	754086	1	0
57.103444	200	204	4	5614	727686	754086	1	0
57.118235	200	204	4	5614	727686	754086	1	0
57.124709	200	204	4	5614	727686	754086	1	0
57.137556	200	204	4	5614	727686	754086	1	0
57.148731	200	204	4	5614	727686	754086	1	0
57.157177	200	204	4	5614	727686	754086	1	0
57.171062	200	204	4	5614	727686	754086	1	0
57.178300	200	204	4	5614	727686	754086	1	0
57.186464	200	204	4	5614	727686	754086	1	0
57.195568	200	204	4	5614	727686	754086	1	0
57.205019	200	204	4	5614	727686	754086	1	0
57.218729	200	204	4	5614	727686	754086	1	0
57.230711	200	204	4	5614	727686	754086	1	0
57.243853	200	204	4	5614	727686	754086	1	0
57.259002	200	204	4	5614	727686	754086	1	0
57.270730	200	204	4	5614	727686	754086	1	0
57.285650	200	204	4	5614	727686	754086	1	0
57.291418	200	204	4	5614	727686	754086	1	0
57.300963	200	204	4	5614	727686	754086	1	0
57.307591	200	204	4	5614	727686	754086	1	0
57.321113	200	204	4	5614	727686	754086	1	0
57.334305	200	204	4	5614	727686	754086	1	0
57.343520	200	204	4	5615	727686	754086	1	0
57.354388	200	204	4	5615	727686	754086	1	0
57.361718	200	204	4	5615	727686	754086	1	0
57.370362	200	204	4	5615	727686	754086	1	0
57.376101	200	204	4	5615	727686	754086	1	0
57.383011	200	204	4	5615	727686	754086	1	0
57.396289	200	204	4	5615	727686	754086	1	0
57.402581	200	204	4	5615	727686	754086	1	0
57.412823	200	204	4	5615	727686	754086	1	0
57.424908	200	204	4	5615	727686	754086	1	0
57.436860	200	204	4	5615	727686	754086	1	0
57.446323	200	204	4	5615	727686	754086	1	0
57.451603	200	204	4	5615	727686	754086	1	0
57.457640	200	204	4	5615	727686	754086	1	0
57.471439	200	204	4	5615	727686	754086	1	0
57.480684	200	204	4	5615	727686	754086	1	0
57.491116	200	204	4	5615	727686	754086	1	0
57.497258	200	204	4	5615	727686	754086	1	0
57.505691	200	204	4	5615	727686	754086	1	0
57.515971	200	204	4	5615	727686	754086	1	0
57.521473	200	204	4	5615	727686	754086	1	0
57.530367	200	204	4	5615	727686	754086	1	0
57.543140	200	204	4	5615	727686	754086	1	0
57.557624	200	204	4	5615	727686	754086	1	0
57.571985	200	204	4	5615	727686	754086	1	0
57.581332	200	204	4	5615	727686	754086	1	0
57.587204	200	204	4	5615	727686	754086	1	0
57.593285	200	204	4	5615	727686	754086	1	0
57.601515	200	204	4	5615	727686	754086	1	0
57.613701	200	204	4	5615	727686	754086	1	0
57.622867	200	204	4	5615	727686	754086	1	0
57.631480	200	204	4	5615	727686	754086	1	0
57.638909	200	204	4	5615	727686	754086	1	0
57.651418	200	204	4	5615	727686	754086	1	0
57.663279	200	204	4	5615	727686	754086	1	0
57.669940	200	204	4	5615	727686	754086	1	0
57.682757	200	204	4	5615	727686	754086	1	0
57.697263	200	204	4	5615	727686	754086	1	0
57.704060	200	204	4	5615	727686	754086	1	0
57.710782	200	204	4	5616	727686	754086	1	0
57.717601	200	204	4	5616	727686	754086	1	0
57.725419	200	204	4	5616	727686	754086	1	0
57.739928	200	204	4	5616	727686	754086	1	0
57.751006	200	204	4	5616	727686	754086	1	0
57.765014	200	204	4	5616	727686	754086	1	0
57.773581	200	204	4	5616	727686	754086	1	0
57.788255	200	204	4	5616	727686	754086	1	0
57.802806	200	204	4	5616	727686	754086	1	0
57.809902	200	204	4	5616	727686	754086	1	0
57.816459	200	204	4	5616	727686	754086	1	0
57.822328	200	204	4	5616	727686	754086	1	0
57.835986	200	204	4	5616	727686	754086	1	0
57.844209	200	204	4	5616	727686	754086	1	0
57.851827	200	204	4	5616	727686	754086	1	0
57.857737	200	204	4	5616	727686	754086	1	0
57.870348	200	204	4	5616	727686	754086	1	0
57.875529	200	204	4	5616	727686	754086	1	0
57.881693	200	204	4	5616	727686	754086	1	0
57.887744	200	204	4	5616	727686	754086	1	0
57.901560	200	204	4	5616	727686	754086	1	0
57.911008	200	204	4	5616	727686	754086	1	0
57.916883	200	204	4	5616	727686	754086	1	0
57.929194	200	204	4	5616	727686	754086	1	0
57.935313	200	204	4	5616	727686	754086	1	0
57.948916	200	204	4	5616	727686	754086	1	0
57.960055	200	204	4	5616	727686	754086	1	0
57.974417	200	204	4	5616	727686	754086	1	0
57.983096	200	204	4	5616	727686	754086	1	0
57.992134	200	204	4	5616	727686	754086	1	0
58.002897	200	204	4	5616	727686	754086	1	0
58.012143	200	204	4	5616	727686	754086	1	0
58.026579	200	204	4	5616	727686	754086	1	0
58.034662	200	204	4	5616	727686	754086	1	0
58.046802	200	204	4	5616	727686	754086	1	0
58.057500	200	204	4	5616	727686	754086	1	0
58.066574	200	204	4	5616	727686	754086	1	0
58.075690	200	204	4	5616	727686	754086	1	0
58.087139	200	204	4	5616	727686	754086	1	0
58.094565	200	204	4	5616	727686	754086	1	0
58.107992	200	204	4	5616	727686	754086	1	0
58.117668	200	204	4	5616	727686	754086	1	0
58.126540	200	204	4	5616	727686	754086	1	0
58.141526	200	204	4	5616	727686	754086	1	0
58.148303	200	204	4	5616	727686	754086	1	0
58.158416	200	204	4	5616	727686	754086	1	0
58.168188	200	204	4	5616	727686	754086	1	0
58.181141	200	204	4	5616	727686	754086	1	0
58.195301	200	204	4	5616	727686	754086	1	0
58.207285	200	204	4	5616	727686	754086	1	0
58.215557	200	204	4	5616	727686	754086	1	0
58.227240	200	204	4	5616	727686	754086	1	0
58.239569	200	204	4	5616	727686	754086	1	0
58.249026	200	204	4	5616	727686	754086	1	0
58.262620	200	204	4	5616	727686	754086	1	0
58.271595	200	204	4	5616	727686	754086	1	0
58.279962	200	204	4	5616	727686	754086	1	0
58.288379	200	204	4	5616	727686	754086	1	0
58.295262	200	204	4	5616	727686	754086	1	0
58.303433	200	204	4	5616	727686	754086	1	0
58.318360	200	204	4	5616	727686	754086	1	0
58.330745	200	204	4	5616	727686	754086	1	0
58.338510	200	204	4	5616	727686	754086	1	0
58.348468	200	204	4	5616	727686	754086	1	0
58.356962	200	204	4	5616	727686	754086	1	0
58.368861	200	204	4	5616	727686	754086	1	0
58.378780	200	204	4	5616	727686	754086	1	0
58.393797	200	204	4	5616	727686	754086	1	0
58.401361	200	204	4	5616	727686	754086	1	0
58.406712	200	204	4	5616	727686	754086	1	0
58.411945	200	204	4	5616	727686	754086	1	0
58.419308	200	204	4	5616	727686	754086	1	0
58.433873	200	204	4	5616	727686	754086	1	0
58.443610	200	204	4	5616	727686	754086	1	0
58.455143	200	204	4	5616	727686	754086	1	0
58.469530	200	204	4	5616	727686	754086	1	0
58.476057	200	204	4	5616	727686	754086	1	0
58.487026	200	204	4	5616	727686	754086	1	0
58.492507	200	204	4	5616	727686	754086	1	0
58.512482	200	204	4	5616	727686	754086	1	0
58.521519	200	204	4	5616	727686	754086	1	0
58.531519	200	204	4	5616	727686	754086	1	0
58.544317	200	204	4	5616	727686	754086	1	0
58.559230	200	204	4	5616	727686	754086	1	0
58.566009	200	204	4	5616	727686	754086	1	0
58.578169	200	204	4	5616	727686	754086	1	0
58.591711	200	204	4	5616	727686	754086	1	0
58.604169	200	204	4	5616	727686	754086	1	0
58.610764	200	204	4	5616	727686	754086	1	0
58.618494	200	204	4	5616	727686	754086	1	0
58.624931	200	204	4	5616	727686	754086	1	0
58.639364	200	204	4	5616	727686	754086	1	0
58.650048	200	204	4	5616	727686	754086	1	0
58.661685	200	204	4	5616	727686	754086	1	0
58.667104	200	204	4	5616	727686	754086	1	0
58.682088	200	204	4	5616	727686	754086	1	0
58.694461	200	204	4	5616	727686	754086	1	0
58.699926	200	204	4	5616	727686	754086	1	0
58.706890	200	204	4	5616	727686	754086	1	0
58.713616	200	204	4	5616	727686	754086	1	0
58.727527	200	204	4	5616	727686	754086	1	0
58.739580	200	204	4	5616	727686	754086	1	0
58.748845	200	204	4	5616	727686	754086	1	0
58.758326	200	204	4	5616	727686	754086	1	0
58.770331	200	204	4	5616	727686	754086	1	0
58.778579	200	204	4	5616	727686	754086	1	0
58.784427	200	204	4	5616	727686	754086	1	0
58.790472	200	204	4	5616	727686	754086	1	0
58.803929	200	204	4	5616	727686	754086	1	0
58.813017	200	204	4	5616	727686	754086	1	0
58.826511	200	204	4	5616	727686	754086	1	0
58.838287	200	204	4	5616	727686	754086	1	0
58.845045	200	204	4	5616	727686	754086	1	0
58.857315	200	204	4	5616	727686	754086	1	0
58.871884	200	204	4	5616	727686	754086	1	0
58.880130	200	204	4	5616	727686	754086	1	0
58.892767	200	204	4	5616	727686	754086	1	0
58.901231	200	204	4	5616	727686	754086	1	0
58.910826	200	204	4	5616	727686	754086	1	0
58.921809	200	204	4	5616	727686	754086	1	0
58.930430	200	204	4	5616	727686	754086	1	0
58.939735	200	204	4	5616	727686	754086	1	0
58.967255	200	204	4	5616	727686	754086	1	0
58.972566	200	204	4	5616	727686	754086	1	0
58.978299	200	204	4	5616	727686	754086	1	0
58.990025	200	204	4	5616	727686	754086	1	0
58.997342	200	204	4	5616	727686	754086	1	0
59.006759	200	204	4	5616	727686	754086	1	0
59.016354	200	204	4	5616	727686	754086	1	0
59.021759	200	204	4	5616	727686	754086	1	0
59.031121	200	204	4	5616	727686	754086	1	0
59.039549	200	204	4	5616	727686	754086	1	0
59.045356	200	204	4	5616	727686	754086	1	0
59.053645	200	204	4	5616	727686	754086	1	0
59.065484	200	204	4	5616	727686	754086	1	0
59.078777	200	204	4	5616	727686	754086	1	0
59.086768	200	204	4	5616	727686	754086	1	0
59.091981	200	204	4	5616	727686	754086	1	0
59.106366	200	204	4	5616	727686	754086	1	0
59.119106	200	204	4	5616	727686	754086	1	0
59.132095	200	204	4	5616	727686	754086	1	0
59.144810	200	204	4	5616	727686	754086	1	0
59.159667	200	204	4	5616	727686	754086	1	0
59.165859	200	204	4	5616	727686	754086	1	0
59.173342	200	204	4	5616	727686	754086	1	0
59.187780	200	204	4	5616	727686	754086	1	0
59.202087	200	204	4	5616	727686	754086	1	0
59.211107	200	204	4	5616	727686	754086	1	0
59.222916	200	204	4	5616	727686	754086	1	0
59.229406	200	204	4	5616	727686	754086	1	0
59.236458	200	204	4	5616	727686	754086	1	0
59.253913	200	204	4	5616	727686	754086	1	0
59.263900	200	204	4	5616	727686	754086	1	0
59.269737	200	204	4	5616	727686	754086	1	0
59.284266	200	204	4	5616	727686	754086	1	0
59.293315	200	204	4	5616	727686	754086	1	0
59.306690	200	204	4	5616	727686	754086	1	0
59.317733	200	204	4	5616	727686	754086	1	0
59.333350	200	204	4	5616	727686	754086	1	0
59.343838	200	204	4	5616	727686	754086	1	0
59.354372	200	204	4	5616	727686	754086	1	0
59.365479	200	204	4	5616	727686	754086	1	0
59.373982	200	204	4	5616	727686	754086	1	0
59.388131	200	204	4	5616	727686	754086	1	0
59.420834	200	204	4	5616	727686	754086	1	0
59.433415	200	204	4	5616	727686	754086	1	0
59.441064	200	204	4	5616	727686	754086	1	0
59.446643	200	204	4	5616	727686	754086	1	0
59.455109	200	204	4	5616	727686	754086	1	0
59.473310	200	204	4	5616	727686	754086	1	0
59.480077	200	204	4	5616	727686	754086	1	0
59.493775	200	204	4	5616	727686	754086	1	0
59.505663	200	204	4	5616	727686	754086	1	0
59.520568	200	204	4	5616	727686	754086	1	0
59.530608	200	204	4	5616	727686	754086	1	0
59.537899	200	204	4	5616	727686	754086	1	0
59.550504	200	204	4	5616	727686	754086	1	0
59.559752	200	204	4	5616	727686	754086	1	0
59.568813	200	204	4	5616	727686	754086	1	0
59.575294	200	204	4	5616	727686	754086	1	0
59.592574	200	204	4	5616	727686	754086	1	0
59.602747	200	204	4	5616	727686	754086	1	0
59.612227	200	204	4	5616	727686	754086	1	0
59.619289	200	204	4	5616	727686	754086	1	0
59.633151	200	204	4	5616	727678	754086	1	0
59.643836	200	204	4	5616	727678	754086	1	0
59.653220	200	204	4	5616	727678	754086	1	0
59.667378	200	204	4	5616	727678	754086	1	0
59.679061	200	204	4	5616	727678	754086	1	0
59.691000	200	204	4	5616	727678	754086	1	0
59.704170	200	204	4	5616	727678	754086	1	0
59.717694	200	204	4	5616	727678	754086	1	0
59.731744	200	204	4	5616	727678	754086	1	0
59.740513	200	204	4	5616	727678	754086	1	0
59.748906	200	204	4	5616	727678	754086	1	0
59.759834	200	204	4	5616	727678	754086	1	0
59.767552	200	204	4	5616	727678	754086	1	0
59.778098	200	204	4	5616	727678	754086	1	0
59.792844	200	204	4	5616	727678	754086	1	0
59.800392	200	204	4	5616	727678	754086	1	0
59.812460	200	204	4	5616	727678	754086	1	0
59.820576	200	204	4	5617	727678	754086	1	0
59.833830	200	204	4	5617	727678	754086	1	0
59.841023	200	204	4	5617	727678	754086	1	0
59.853517	200	204	4	5617	727678	754086	1	0
59.865484	200	204	4	5617	727678	754086	1	0
59.878477	200	204	4	5617	727678	754086	1	0
59.884847	200	204	4	5617	727678	754086	1	0
59.898860	200	204	4	5617	727678	754086	1	0
59.906711	200	204	4	5617	727678	754086	1	0
59.921411	200	204	4	5617	727678	754086	1	0
59.932868	200	204	4	5617	727678	754086	1	0
59.943131	200	204	4	5617	727678	754086	1	0
59.953803	200	204	4	5617	727678	754086	1	0
59.964069	200	204	4	5617	727678	754086	1	0
59.970883	200	204	4	5617	727678	754086	1	0
59.979371	200	204	4	5617	727678	754086	1	0
59.987616	200	204	4	5617	727678	754086	1	0
59.995607	200	204	4	5617	727678	754086	1	0
60.005538	200	204	4	5617	727678	754086	1	0
60.018456	200	204	4	5617	727678	754086	1	0
60.030147	200	204	4	5617	727678	754086	1	0
60.044982	200	204	4	5617	727678	754086	1	0
60.059368	200	204	4	5617	727678	754086	1	0
60.071444	200	204	4	5617	727678	754086	1	0
60.077304	200	204	4	5617	727678	754086	1	0
60.088206	200	204	4	5618	727678	754086	1	0
60.103151	200	204	4	5618	727678	754086	1	0
60.110087	200	204	4	5618	727678	754086	1	0
60.118888	200	204	4	5618	727678	754086	1	0
60.124483	200	204	4	5618	727678	754086	1	0
60.130494	200	204	4	5618	727678	754086	1	0
60.144174	200	204	4	5618	727678	754086	1	0
60.154044	200	204	4	5618	727678	754086	1	0
60.161510	200	204	4	5618	727678	754086	1	0
60.175657	200	204	4	5618	727678	754086	1	0
60.183177	200	204	4	5618	727678	754086	1	0
60.196044	200	204	4	5618	727678	754086	1	0
60.202118	200	204	4	5618	727678	754086	1	0
60.208424	200	204	4	5618	727678	754086	1	0
60.215947	200	204	4	5618	727678	754086	1	0
60.228480	200	204	4	5618	727678	754086	1	0
60.243319	200	204	4	5618	727678	754086	1	0
60.250758	200	204	4	5618	727678	754086	1	0
60.264091	200	204	4	5618	727678	754086	1	0
60.273211	200	204	4	5618	727678	754086	1	0
60.279139	200	204	4	5618	727678	754086	1	0
60.293232	200	204	4	5618	727678	754086	1	0
60.299461	200	204	4	5618	727678	754086	1	0
60.312225	200	204	4	5618	727678	754086	1	0
60.319841	200	204	4	5618	727678	754086	1	0
60.334189	200	204	4	5618	727678	754086	1	0
60.347646	200	204	4	5618	727678	754086	1	0
60.355395	200	204	4	5619	727678	754086	1	0
60.361114	200	204	4	5619	727678	754086	1	0
60.368415	200	204	4	5619	727678	754086	1	0
60.375155	200	204	4	5619	727678	754086	1	0
60.387819	200	204	4	5619	727678	754086	1	0
60.402891	200	204	4	5619	727678	754086	1	0
60.414379	200	204	4	5619	727678	754086	1	0
60.421936	200	204	4	5619	727678	754086	1	0
60.434315	200	204	4	5619	727678	754086	1	0
60.446150	200	204	4	5619	727678	754086	1	0
60.458030	200	204	4	5619	727678	754086	1	0
60.471493	200	204	4	5619	727678	754086	1	0
60.484587	200	204	4	5619	727678	754086	1	0
60.491855	200	204	4	5619	727678	754086	1	0
60.497146	200	204	4	5619	727678	754086	1	0
60.508666	200	204	4	5619	727678	754086	1	0
60.514708	200	204	4	5619	727678	754086	1	0
60.528952	200	204	4	5619	727678	754086	1	0
60.539067	200	204	4	5619	727678	754086	1	0
60.553518	200	204	4	5619	727678	754086	1	0
60.563500	200	204	4	5619	727678	754086	1	0
60.569235	200	204	4	5619	727678	754086	1	0
60.583062	200	204	4	5619	727678	754086	1	0
60.592665	200	204	4	5619	727678	754086	1	0
60.605022	200	204	4	5619	727678	754086	1	0
60.611966	200	204	4	5619	727678	754086	1	0
60.618483	200	204	4	5619	727678	754086	1	0
60.626878	200	204	4	5619	727678	754086	1	0
60.641572	200	204	4	5619	727678	754086	1	0
60.649475	200	204	4	5619	727678	754086	1	0
60.660454	200	204	4	5619	727678	754086	1	0
60.669641	200	204	4	5620	727678	754086	1	0
60.679335	200	204	4	5620	727678	754086	1	0
60.694049	200	204	4	5620	727678	754086	1	0
60.702970	200	204	4	5620	727678	754086	1	0
60.713915	200	204	4	5620	727678	754086	1	0
60.720746	200	204	4	5620	727678	754086	1	0
60.729956	200	204	4	5620	727678	754086	1	0
60.739778	200	204	4	5620	727678	754086	1	0
60.749064	200	204	4	5620	727678	754086	1	0
60.757481	200	204	4	5620	727678	754086	1	0
60.786865	200	204	4	5620	727678	754086	1	0
60.793450	200	204	4	5620	727678	754086	1	0
60.799116	200	204	4	5620	727678	754086	1	0
60.807600	200	204	4	5620	727678	754086	1	0
60.818698	200	204	4	5620	727678	754086	1	0
60.832638	200	204	4	5620	727678	754086	1	0
60.839821	200	204	4	5620	727678	754086	1	0
60.845332	200	204	4	5620	727678	754086	1	0
60.860065	200	204	4	5620	727678	754086	1	0
60.874594	200	204	4	5620	727678	754086	1	0
60.885240	200	204	4	5620	727678	754086	1	0
60.891263	200	204	4	5620	727678	754086	1	0
60.900128	200	204	4	5620	727678	754086	1	0
60.911505	200	204	4	5620	727678	754086	1	0
60.917528	200	204	4	5620	727678	754086	1	0
60.930466	200	204	4	5620	727678	754086	1	0
60.943036	200	204	4	5620	727678	754086	1	0
60.952890	200	204	4	5620	727678	754086	1	0
60.960679	200	204	4	5620	727678	754086	1	0
60.975060	200	204	4	5621	727678	754086	1	0
60.982675	200	204	4	5621	727678	754086	1	0
60.996895	200	204	4	5621	727678	754086	1	0
61.007041	200	204	4	5621	727678	754086	1	0
61.016082	200	204	4	5621	727678	754086	1	0
61.027573	200	204	4	5621	727678	754086	1	0
61.033151	200	204	4	5621	727678	754086	1	0
61.043031	200	204	4	5621	727678	754086	1	0
61.054261	200	204	4	5621	727678	754086	1	0
61.065293	200	204	4	5621	727678	754086	1	0
61.080017	200	204	4	5621	727678	754086	1	0
61.085225	200	204	4	5621	727678	754086	1	0
61.099455	200	204	4	5621	727678	754086	1	0
61.114633	200	204	4	5621	727678	754086	1	0
61.125210	200	204	4	5621	727678	754086	1	0
61.140228	200	204	4	5621	727678	754086	1	0
61.149995	200	204	4	5621	727678	754086	1	0
61.158400	200	204	4	5621	727678	754086	1	0
61.165029	200	204	4	5621	727678	754086	1	0
61.172211	200	204	4	5621	727678	754086	1	0
61.185405	200	204	4	5621	727678	754086	1	0
61.194553	200	204	4	5621	727678	754086	1	0
61.202957	200	204	4	5621	727678	754086	1	0
61.213623	200	204	4	5621	727678	754086	1	0
61.222373	200	204	4	5621	727678	754086	1	0
61.230581	200	204	4	5621	727678	754086	1	0
61.237160	200	204	4	5621	727678	754086	1	0
61.251653	200	204	4	5621	727678	754086	1	0
61.265846	200	204	4	5622	727678	754086	1	0
61.277340	200	204	4	5622	727678	754086	1	0
61.283383	200	204	4	5622	727678	754086	1	0
61.293100	200	204	4	5622	727678	754086	1	0
61.305094	200	204	4	5622	727678	754086	1	0
61.316774	200	204	4	5622	727678	754086	1	0
61.324320	200	204	4	5622	727678	754086	1	0
61.336296	200	204	4	5622	727678	754086	1	0
61.342256	200	204	4	5622	727678	754086	1	0
61.347510	200	204	4	5622	727678	754086	1	0
61.360206	200	204	4	5622	727678	754086	1	0
61.371619	200	204	4	5622	727678	754086	1	0
61.386674	200	204	4	5622	727678	754086	1	0
61.395865	200	204	4	5622	727678	754086	1	0
61.406030	200	204	4	5622	727678	754086	1	0
61.415860	200	204	4	5622	727678	754086	1	0
61.428487	200	204	4	5622	727678	754086	1	0
61.435894	200	204	4	5622	727678	754086	1	0
61.449550	200	204	4	5622	727678	754086	1	0
61.459722	200	204	4	5622	727678	754086	1	0
61.468051	200	204	4	5622	727678	754086	1	0
61.480533	200	204	4	5622	727678	754086	1	0
61.487256	200	204	4	5622	727678	754086	1	0
61.501251	200	204	4	5622	727678	754086	1	0
61.512881	200	204	4	5622	727678	754086	1	0
61.518817	200	204	4	5622	727678	754086	1	0
61.530008	200	204	4	5622	727678	754086	1	0
61.542658	200	204	4	5622	727678	754086	1	0
61.557320	200	204	4	5622	727678	754086	1	0
61.562925	200	204	4	5622	727678	754086	1	0
61.577462	200	204	4	5622	727678	754086	1	0
61.586339	200	204	4	5622	727678	754086	1	0
61.600447	200	204	4	5622	727678	754086	1	0
61.611807	200	204	4	5622	727678	754086	1	0
61.617190	200	204	4	5622	727678	754086	1	0
61.627774	200	204	4	5622	727678	754086	1	0
61.633174	200	204	4	5622	727678	754086	1	0
61.646006	200	204	4	5623	727678	754086	1	0
61.659540	200	204	4	5623	727678	754086	1	0
61.666754	200	204	4	5623	727678	754086	1	0
61.681641	200	204	4	5623	727678	754086	1	0
61.691998	200	204	4	5623	727678	754086	1	0
61.698234	200	204	4	5623	727678	754086	1	0
61.708551	200	204	4	5623	727678	754086	1	0
61.723679	200	204	4	5623	727678	754086	1	0
61.738866	200	204	4	5623	727678	754086	1	0
61.745667	200	204	4	5623	727678	754086	1	0
61.754946	200	204	4	5623	727678	754086	1	0
61.765620	200	204	4	5623	727678	754086	1	0
61.774805	200	204	4	5623	727678	754086	1	0
61.789117	200	204	4	5623	727678	754086	1	0
61.800674	200	204	4	5623	727678	754086	1	0
61.806974	200	204	4	5623	727678	754086	1	0
61.818902	200	204	4	5623	727678	754086	1	0
61.826242	200	204	4	5623	727678	754086	1	0
61.837594	200	204	4	5623	727678	754086	1	0
61.845163	200	204	4	5623	727678	754086	1	0
61.857791	200	204	4	5623	727678	754086	1	0
61.870050	200	204	4	5623	727678	754086	1	0
61.879199	200	204	4	5623	727678	754086	1	0
61.894134	200	204	4	5623	727678	754086	1	0
61.907554	200	204	4	5623	727678	754086	1	0
61.921581	200	204	4	5623	727678	754086	1	0
61.933955	200	204	4	5623	727678	754086	1	0
61.948315	200	204	4	5623	727678	754086	1	0
61.962550	200	204	4	5623	727678	754086	1	0
61.970429	200	204	4	5623	727678	754086	1	0
61.980331	200	204	4	5623	727678	754086	1	0
61.986745	200	204	4	5623	727678	754086	1	0
61.998410	200	204	4	5623	727678	754086	1	0
62.005791	200	204	4	5623	727678	754086	1	0
62.015259	200	204	4	5623	727678	754086	1	0
62.028769	200	204	4	5623	727678	754086	1	0
62.040605	200	204	4	5623	727678	754086	1	0
62.052637	200	204	4	5623	727678	754086	1	0
62.063945	200	204	4	5623	727678	754086	1	0
62.078283	200	204	4	5623	727678	754086	1	0
62.087954	200	204	4	5623	727678	754086	1	0
62.096103	200	204	4	5623	727678	754086	1	0
62.110691	200	204	4	5623	727678	754086	1	0
62.121858	200	204	4	5623	727678	754086	1	0
62.133094	200	204	4	5623	727678	754086	1	0
62.145328	200	204	4	5623	727678	754086	1	0
62.159749	200	204	4	5623	727678	754086	1	0
62.168006	200	204	4	5623	727678	754086	1	0
62.182951	200	204	4	5623	727678	754086	1	0
62.197641	200	204	4	5624	727678	754086	1	0
62.206076	200	204	4	5624	727678	754086	1	0
62.214367	200	204	4	5624	727678	754086	1	0
62.223882	200	204	4	5624	727678	754086	1	0
62.233177	200	204	4	5624	727678	754086	1	0
62.242373	200	204	4	5624	727678	754086	1	0
62.255851	200	204	4	5624	727678	754086	1	0
62.270057	200	204	4	5624	727678	754086	1	0
62.284905	200	204	4	5624	727678	754086	1	0
62.292725	200	204	4	5624	727678	754086	1	0
62.306066	200	204	4	5624	727678	754086	1	0
62.312327	200	204	4	5624	727678	754086	1	0
62.321060	200	204	4	5624	727678	754086	1	0
62.331688	200	204	4	5624	727678	754086	1	0
62.346434	200	204	4	5624	727678	754086	1	0
62.353874	200	204	4	5624	727678	754086	1	0
62.364411	200	204	4	5624	727678	754086	1	0
62.372439	200	204	4	5624	727678	754086	1	0
62.385378	200	204	4	5624	727678	754086	1	0
62.391383	200	204	4	5624	727678	754086	1	0
62.403030	200	204	4	5624	727678	754086	1	0
62.413118	200	204	4	5624	727678	754086	1	0
62.423819	200	204	4	5624	727678	754086	1	0
62.433796	200	204	4	5624	727678	754086	1	0
62.447219	200	204	4	5624	727678	754086	1	0
62.460892	200	204	4	5624	727678	754086	1	0
62.466238	200	204	4	5624	727678	754086	1	0
62.478234	200	204	4	5624	727678	754086	1	0
62.492675	200	204	4	5624	727678	754086	1	0
62.506700	200	204	4	5624	727678	754086	1	0
62.521817	200	204	4	5624	727678	754086	1	0
62.535208	200	204	4	5624	727678	754086	1	0
62.545761	200	204	4	5624	727678	754086	1	0
62.557367	200	204	4	5624	727678	754086	1	0
62.569899	200	204	4	5624	727678	754086	1	0
62.579868	200	204	4	5624	727678	754086	1	0
62.590580	200	204	4	5624	727678	754086	1	0
62.595965	200	204	4	5624	727678	754086	1	0
62.601921	200	204	4	5624	727678	754086	1	0
62.609893	200	204	4	5624	727678	754086	1	0
62.621326	200	204	4	5624	727678	754086	1	0
62.630527	200	204	4	5624	727678	754086	1	0
62.642059	200	204	4	5624	727678	754086	1	0
62.654419	200	204	4	5624	727678	754086	1	0
62.661791	200	204	4	5624	727678	754086	1	0
62.668074	200	204	4	5624	727678	754086	1	0
62.680874	200	204	4	5624	727678	754086	1	0
62.694759	200	204	4	5624	727678	754086	1	0
62.707677	200	204	4	5624	727678	754086	1	0
62.718842	200	204	4	5624	727678	754086	1	0
62.727668	200	204	4	5624	727678	754086	1	0
62.746873	200	204	4	5624	727678	754086	1	0
62.760797	200	204	4	5624	727678	754086	1	0
62.778908	200	204	4	5624	727678	754086	1	0
62.786531	200	204	4	5624	727678	754086	1	0
62.792321	200	204	4	5624	727678	754086	1	0
62.805830	200	204	4	5624	727678	754086	1	0
62.819689	200	204	4	5624	727678	754086	1	0
62.829375	200	204	4	5624	727678	754086	1	0
62.837247	200	204	4	5624	727678	754086	1	0
62.852345	200	204	4	5624	727678	754086	1	0
62.863511	200	204	4	5624	727678	754086	1	0
62.870404	200	204	4	5624	727678	754086	1	0
62.877527	200	204	4	5624	727678	754086	1	0
62.888645	200	204	4	5624	727678	754086	1	0
62.896744	200	204	4	5624	727678	754086	1	0
62.904256	200	204	4	5624	727678	754086	1	0
62.916676	200	204	4	5624	727678	754086	1	0
62.922440	200	204	4	5624	727678	754086	1	0
62.929270	200	204	4	5624	727678	754086	1	0
62.934557	200	204	4	5624	727678	754086	1	0
62.941661	200	204	4	5624	727678	754086	1	0
62.948314	200	204	4	5624	727678	754086	1	0
62.957754	200	204	4	5624	727678	754086	1	0
62.969304	200	204	4	5624	727678	754086	1	0
62.980251	200	204	4	5624	727678	754086	1	0
62.986326	200	204	4	5624	727678	754086	1	0
62.999224	200	204	4	5624	727678	754086	1	0
63.008346	200	204	4	5624	727678	754086	1	0
63.021509	200	204	4	5624	727678	754086	1	0
63.027249	200	204	4	5624	727678	754086	1	0
63.035153	200	204	4	5624	727678	754086	1	0
63.041554	200	204	4	5624	727678	754086	1	0
63.047354	200	204	4	5624	727678	754086	1	0
63.057180	200	204	4	5624	727678	754086	1	0
63.067141	200	204	4	5624	727678	754086	1	0
63.076543	200	204	4	5624	727678	754086	1	0
63.084514	200	204	4	5624	727678	754086	1	0
63.093034	200	204	4	5624	727678	754086	1	0
63.105744	200	204	4	5624	727678	754086	1	0
63.114033	200	204	4	5624	727678	754086	1	0
63.128455	200	204	4	5624	727678	754086	1	0
63.143083	200	204	4	5624	727678	754086	1	0
63.157684	200	204	4	5624	727678	754086	1	0
63.171896	200	204	4	5624	727678	754086	1	0
63.177106	200	204	4	5624	727678	754086	1	0
63.185531	200	204	4	5624	727678	754086	1	0
63.198499	200	204	4	5624	727678	754086	1	0
63.207171	200	204	4	5624	727678	754086	1	0
63.216648	200	204	4	5624	727678	754086	1	0
63.223461	200	204	4	5624	727678	754086	1	0
63.233376	200	204	4	5624	727678	754086	1	0
63.238930	200	204	4	5624	727678	754086	1	0
63.250564	200	204	4	5624	727678	754086	1	0
63.261145	200	204	4	5624	727678	754086	1	0
63.269049	200	204	4	5624	727678	754086	1	0
63.279185	200	204	4	5624	727678	754086	1	0
63.289734	200	204	4	5624	727678	754086	1	0
63.303510	200	204	4	5624	727678	754086	1	0
63.316404	200	204	4	5624	727678	754086	1	0
63.322836	200	204	4	5624	727678	754086	1	0
63.328973	200	204	4	5624	727678	754086	1	0
63.337256	200	204	4	5624	727678	754086	1	0
63.346000	200	204	4	5624	727678	754086	1	0
63.360341	200	204	4	5624	727678	754086	1	0
63.374626	200	204	4	5624	727678	754086	1	0
63.389740	200	204	4	5624	727678	754086	1	0
63.398119	200	204	4	5624	727678	754086	1	0
63.409687	200	204	4	5624	727678	754086	1	0
63.420838	200	204	4	5624	727678	754086	1	0
63.428855	200	204	4	5624	727678	754086	1	0
63.437455	200	204	4	5624	727678	754086	1	0
63.446090	200	204	4	5624	727678	754086	1	0
63.460910	200	204	4	5624	727678	754086	1	0
63.468951	200	204	4	5624	727678	754086	1	0
63.479465	200	204	4	5624	727678	754086	1	0
63.492592	200	204	4	5624	727678	754086	1	0
63.500428	200	204	4	5624	727678	754086	1	0
63.514459	200	204	4	5624	727678	754086	1	0
63.528151	200	204	4	5624	727678	754086	1	0
63.534643	200	204	4	5624	727678	754086	1	0
63.541013	200	204	4	5624	727678	754086	1	0
63.555868	200	204	4	5624	727678	754086	1	0
63.569140	200	204	4	5624	727678	754086	1	0
63.584109	200	204	4	5624	727678	754086	1	0
63.593197	200	204	4	5624	727678	754086	1	0
63.605992	200	204	4	5624	727678	754086	1	0
63.617240	200	204	4	5624	727678	754086	1	0
63.625343	200	204	4	5624	727678	754086	1	0
63.631672	200	204	4	5624	727678	754086	1	0
63.640701	200	204	4	5624	727678	754086	1	0
63.646125	200	204	4	5624	727678	754086	1	0
63.658212	200	204	4	5624	727678	754086	1	0
63.668722	200	204	4	5624	727678	754086	1	0
63.682344	200	204	4	5624	727678	754086	1	0
63.693565	200	204	4	5624	727678	754086	1	0
63.707200	200	204	4	5624	727678	754086	1	0
63.718319	200	204	4	5624	727678	754086	1	0
63.726927	200	204	4	5624	727678	754086	1	0
63.740819	200	204	4	5624	727678	754086	1	0
63.749878	200	204	4	5624	727678	754086	1	0
63.758918	200	204	4	5624	727678	754086	1	0
63.769170	200	204	4	5624	727678	754086	1	0
63.779584	200	204	4	5624	727678	754086	1	0
63.788722	200	204	4	5624	727678	754086	1	0
63.798827	200	204	4	5624	727678	754086	1	0
63.805563	200	204	4	5624	727678	754086	1	0
63.813932	200	204	4	5624	727678	754086	1	0
63.819468	200	204	4	5624	727678	754086	1	0
63.827993	200	204	4	5624	727678	754086	1	0
63.834256	200	204	4	5624	727678	754086	1	0
63.843569	200	204	4	5624	727678	754086	1	0
63.856922	200	204	4	5624	727678	754086	1	0
63.870100	200	204	4	5624	727678	754086	1	0
63.877855	200	204	4	5624	727678	754086	1	0
63.892769	200	204	4	5624	727678	754086	1	0
63.907809	200	204	4	5624	727678	754086	1	0
63.920993	200	204	4	5624	727678	754086	1	0
63.928161	200	204	4	5624	727678	754086	1	0
63.943102	200	204	4	5624	727678	754086	1	0
63.956335	200	204	4	5624	727678	754086	1	0
63.970234	200	204	4	5624	727678	754086	1	0
63.978126	200	204	4	5624	727678	754086	1	0
63.985535	200	204	4	5624	727678	754086	1	0
63.991960	200	204	4	5624	727678	754086	1	0
64.007107	200	204	4	5624	727678	754086	1	0
64.019814	200	204	4	5624	727678	754086	1	0
64.031955	200	204	4	5624	727678	754086	1	0
64.038162	200	204	4	5624	727678	754086	1	0
64.044208	200	204	4	5624	727678	754086	1	0
64.052008	200	204	4	5624	727678	754086	1	0
64.060422	200	204	4	5624	727678	754086	1	0
64.073164	200	204	4	5624	727678	754086	1	0
64.082949	200	204	4	5624	727678	754086	1	0
64.089646	200	204	4	5624	727678	754086	1	0
64.099176	200	204	4	5624	727678	754086	1	0
64.109019	200	204	4	5624	727678	754086	1	0
64.119365	200	204	4	5624	727678	754086	1	0
64.126998	200	204	4	5624	727678	754086	1	0
64.135057	200	204	4	5624	727678	754086	1	0
64.141694	200	204	4	5624	727678	754086	1	0
64.146870	200	204	4	5624	727678	754086	1	0
64.159095	200	204	4	5624	727678	754086	1	0
64.166238	200	204	4	5624	727678	754086	1	0
64.174223	200	204	4	5624	727678	754086	1	0
64.185052	200	204	4	5624	727678	754086	1	0
64.198779	200	204	4	5624	727678	754086	1	0
64.210413	200	204	4	5624	727678	754086	1	0
64.224535	200	204	4	5624	727678	754086	1	0
64.234476	200	204	4	5624	727678	754086	1	0
64.242501	200	204	4	5624	727678	754086	1	0
64.250237	200	204	4	5624	727678	754086	1	0
64.258642	200	204	4	5624	727678	754086	1	0
64.271409	200	204	4	5624	727678	754086	1	0
64.276880	200	204	4	5624	727678	754086	1	0
64.282658	200	204	4	5624	727678	754086	1	0
64.289917	200	204	4	5624	727678	754086	1	0
64.296549	200	204	4	5624	727678	754086	1	0
64.306941	200	204	4	5624	727678	754086	1	0
64.319732	200	204	4	5624	727678	754086	1	0
64.330607	200	204	4	5624	727678	754086	1	0
64.342787	200	204	4	5624	727678	754086	1	0
64.356306	200	204	4	5624	727678	754086	1	0
64.368332	200	204	4	5624	727678	754086	1	0
64.377652	200	204	4	5624	727678	754086	1	0
64.387848	200	204	4	5624	727678	754086	1	0
64.401975	200	204	4	5624	727678	754086	1	0
64.413203	200	204	4	5624	727678	754086	1	0
64.427387	200	204	4	5624	727678	754086	1	0
64.434063	200	204	4	5624	727678	754086	1	0
64.446153	200	204	4	5624	727678	754086	1	0
64.453292	200	204	4	5624	727678	754086	1	0
64.466388	200	204	4	5624	727678	754086	1	0
64.479821	200	204	4	5624	727678	754086	1	0
64.492186	200	204	4	5624	727678	754086	1	0
64.499093	200	204	4	5624	727678	754086	1	0
64.512735	200	204	4	5624	727678	754086	1	0
64.527671	200	204	4	5624	727678	754086	1	0
64.540665	200	204	4	5624	727678	754086	1	0
64.552332	200	204	4	5624	727678	754086	1	0
64.563799	200	204	4	5624	727678	754086	1	0
64.577152	200	204	4	5624	727678	754086	1	0
64.590333	200	204	4	5624	727678	754086	1	0
64.598466	200	204	4	5624	727678	754086	1	0
64.611124	200	204	4	5624	727678	754086	1	0
64.619500	200	204	4	5624	727678	754086	1	0
64.630351	200	204	4	5624	727678	754086	1	0
64.644657	200	204	4	5624	727678	754086	1	0
64.655247	200	204	4	5624	727678	754086	1	0
64.667867	200	204	4	5624	727678	754086	1	0
64.682773	200	204	4	5624	727678	754086	1	0
64.690535	200	204	4	5624	727678	754086	1	0
64.700407	200	204	4	5624	727678	754086	1	0
64.713387	200	204	4	5624	727678	754086	1	0
64.722512	200	204	4	5624	727678	754086	1	0
64.736497	200	204	4	5624	727678	754086	1	0
64.742533	200	204	4	5624	727678	754086	1	0
64.753605	200	204	4	5624	727678	754086	1	0
64.762452	200	204	4	5624	727678	754086	1	0
64.771261	200	204	4	5624	727678	754086	1	0
64.777096	200	204	4	5624	727678	754086	1	0
64.788472	200	204	4	5624	727678	754086	1	0
64.801042	200	204	4	5624	727678	754086	1	0
64.814510	200	204	4	5624	727678	754086	1	0
64.820883	200	204	4	5624	727678	754086	1	0
64.831431	200	204	4	5624	727678	754086	1	0
64.837612	200	204	4	5624	727678	754086	1	0
64.847028	200	204	4	5624	727678	754086	1	0
64.853968	200	204	4	5624	727678	754086	1	0
64.867473	200	204	4	5624	727678	754086	1	0
64.875937	200	204	4	5624	727678	754086	1	0
64.889890	200	204	4	5624	727678	754086	1	0
64.899936	200	204	4	5624	727678	754086	1	0
64.906966	200	204	4	5624	727678	754086	1	0
64.919237	200	204	4	5624	727678	754086	1	0
64.926592	200	204	4	5624	727678	754086	1	0
64.932591	200	204	4	5624	727678	754086	1	0
64.946689	200	204	4	5624	727678	754086	1	0
64.961000	200	204	4	5624	727678	754086	1	0
64.970432	200	204	4	5624	727678	754086	1	0
64.978995	200	204	4	5624	727678	754086	1	0
64.993311	200	204	4	5624	727678	754086	1	0
65.000764	200	204	4	5624	727678	754086	1	0
65.012412	200	204	4	5624	727678	754086	1	0
65.021887	200	204	4	5624	727678	754086	1	0
65.033162	200	204	4	5624	727678	754086	1	0
65.042664	200	204	4	5624	727678	754086	1	0
65.049158	200	204	4	5624	727678	754086	1	0
65.061663	200	204	4	5624	727678	754086	1	0
65.071672	200	204	4	5624	727678	754086	1	0
65.078179	200	204	4	5624	727678	754086	1	0
65.091158	200	204	4	5624	727678	754086	1	0
65.103067	200	204	4	5624	727678	754086	1	0
65.115333	200	204	4	5624	727764	754086	1	0
65.127269	200	204	4	5624	727764	754086	1	0
65.133847	200	204	4	5624	727764	754086	1	0
65.145746	200	204	4	5624	727764	754086	1	0
65.156726	200	204	4	5624	727764	754086	1	0
65.171127	200	204	4	5624	727764	754086	1	0
65.178524	200	204	4	5624	727764	754086	1	0
65.190325	200	204	4	5624	727764	754086	1	0
65.197622	200	204	4	5624	727764	754086	1	0
65.211954	200	204	4	5624	727764	754086	1	0
65.217904	200	204	4	5624	727764	754086	1	0
65.226386	200	204	4	5624	727764	754086	1	0
65.232964	200	204	4	5624	727764	754086	1	0
65.244110	200	204	4	5624	727764	754086	1	0
65.259204	200	204	4	5624	727764	754086	1	0
65.267777	200	204	4	5624	727764	754086	1	0
65.279102	200	204	4	5624	727764	754086	1	0
65.285787	200	204	4	5624	727764	754086	1	0
65.295931	200	204	4	5624	727764	754086	1	0
65.305885	200	204	4	5624	727764	754086	1	0
65.317651	200	204	4	5624	727764	754086	1	0
65.328691	200	204	4	5624	727764	754086	1	0
65.342617	200	204	4	5624	727764	754086	1	0
65.352355	200	204	4	5624	727764	754086	1	0
65.360204	200	204	4	5624	727764	754086	1	0
65.367177	200	204	4	5624	727764	754086	1	0
65.378803	200	204	4	5624	727764	754086	1	0
65.384457	200	204	4	5625	727764	754086	1	0
65.395198	200	204	4	5625	727764	754086	1	0
65.408733	200	204	4	5625	727764	754086	1	0
65.418137	200	204	4	5625	727764	754086	1	0
65.424349	200	204	4	5625	727764	754086	1	0
65.439535	200	204	4	5625	727764	754086	1	0
65.451069	200	204	4	5625	727764	754086	1	0
65.461988	200	204	4	5625	727764	754086	1	0
65.470686	200	204	4	5625	727764	754086	1	0
65.484217	200	204	4	5625	727764	754086	1	0
65.495704	200	204	4	5625	727764	754086	1	0
65.506040	200	204	4	5625	727764	754086	1	0
65.512278	200	204	4	5625	727764	754086	1	0
65.519627	200	204	4	5625	727764	754086	1	0
65.527370	200	204	4	5625	727764	754086	1	0
65.538259	200	204	4	5625	727764	754086	1	0
65.544071	200	204	4	5625	727764	754086	1	0
65.555654	200	204	4	5625	727764	754086	1	0
65.567501	200	204	4	5625	727764	754086	1	0
65.577926	200	204	4	5625	727764	754086	1	0
65.587275	200	204	4	5625	727764	754086	1	0
65.600059	200	204	4	5625	727764	754086	1	0
65.611817	200	204	4	5625	727764	754086	1	0
65.623571	200	204	4	5625	727764	754086	1	0
65.638147	200	204	4	5625	727764	754086	1	0
65.652948	200	204	4	5625	727764	754086	1	0
65.664196	200	204	4	5625	727764	754086	1	0
65.678845	200	204	4	5625	727764	754086	1	0
65.684249	200	204	4	5625	727764	754086	1	0
65.691242	200	204	4	5625	727764	754086	1	0
65.702163	200	204	4	5625	727764	754086	1	0
65.707991	200	204	4	5625	727764	754086	1	0
65.715107	200	204	4	5625	727764	754086	1	0
65.729477	200	204	4	5625	727764	754086	1	0
65.740761	200	204	4	5625	727764	754086	1	0
65.755135	200	204	4	5626	727764	754086	1	0
65.765163	200	204	4	5626	727764	754086	1	0
65.771495	200	204	4	5626	727764	754086	1	0
65.785067	200	204	4	5626	727764	754086	1	0
65.795089	200	204	4	5626	727764	754086	1	0
65.805973	200	204	4	5626	727764	754086	1	0
65.811838	200	204	4	5626	727764	754086	1	0
65.821503	200	204	4	5626	727764	754086	1	0
65.836512	200	204	4	5626	727764	754086	1	0
65.842828	200	204	4	5626	727764	754086	1	0
65.854073	200	204	4	5626	727764	754086	1	0
65.863328	200	204	4	5626	727764	754086	1	0
65.877525	200	204	4	5626	727764	754086	1	0
65.884675	200	204	4	5626	727764	754086	1	0
65.895421	200	204	4	5626	727764	754086	1	0
65.908929	200	204	4	5626	727764	754086	1	0
65.923560	200	204	4	5626	727764	754086	1	0
65.931639	200	204	4	5626	727764	754086	1	0
65.946628	200	204	4	5626	727764	754086	1	0
65.959275	200	204	4	5626	727764	754086	1	0
65.970398	200	204	4	5626	727764	754086	1	0
65.976203	200	204	4	5626	727764	754086	1	0
65.991151	200	204	4	5626	727764	754086	1	0
66.000054	200	204	4	5626	727764	754086	1	0
66.008905	200	204	4	5626	727764	754086	1	0
66.023951	200	204	4	5626	727764	754086	1	0
66.034310	200	204	4	5626	727764	754086	1	0
66.040496	200	204	4	5626	727764	754086	1	0
66.052508	200	204	4	5626	727764	754086	1	0
66.060568	200	204	4	5626	727764	754086	1	0
66.074790	200	204	4	5626	727764	754086	1	0
66.086934	200	204	4	5626	727764	754086	1	0
66.098278	200	204	4	5626	727764	754086	1	0
66.113409	200	204	4	5627	727764	754086	1	0
66.127113	200	204	4	5627	727764	754086	1	0
66.135441	200	204	4	5627	727764	754086	1	0
66.142592	200	204	4	5627	727764	754086	1	0
66.152755	200	204	4	5627	727764	754086	1	0
66.160976	200	204	4	5627	727764	754086	1	0
66.166321	200	204	4	5627	727764	754086	1	0
66.178516	200	204	4	5627	727764	754086	1	0
66.186881	200	204	4	5627	727764	754086	1	0
66.200219	200	204	4	5627	727764	754086	1	0
66.212454	200	204	4	5627	727764	754086	1	0
66.224294	200	204	4	5627	727764	754086	1	0
66.237137	200	204	4	5627	727764	754086	1	0
66.250425	200	204	4	5627	727764	754086	1	0
66.262776	200	204	4	5627	727764	754086	1	0
66.276706	200	204	4	5627	727764	754086	1	0
66.283569	200	204	4	5627	727764	754086	1	0
66.296533	200	204	4	5627	727764	754086	1	0
66.305514	200	204	4	5627	727764	754086	1	0
66.316795	200	204	4	5627	727764	754086	1	0
66.325719	200	204	4	5627	727764	754086	1	0
66.334907	200	204	4	5627	727764	754086	1	0
66.341098	200	204	4	5627	727764	754086	1	0
66.356267	200	204	4	5627	727764	754086	1	0
66.361952	200	204	4	5627	727764	754086	1	0
66.369932	200	204	4	5627	727764	754086	1	0
66.381138	200	204	4	5627	727764	754086	1	0
66.386657	200	204	4	5627	727764	754086	1	0
66.401734	200	204	4	5627	727764	754086	1	0
66.410844	200	204	4	5627	727764	754086	1	0
66.416434	200	204	4	5627	727764	754086	1	0
66.427893	200	204	4	5627	727764	754086	1	0
66.442859	200	204	4	5627	727764	754086	1	0
66.449990	200	204	4	5627	727764	754086	1	0
66.459116	200	204	4	5627	727764	754086	1	0
66.466903	200	204	4	5627	727764	754086	1	0
66.480928	200	204	4	5628	727764	754086	1	0
66.487242	200	204	4	5628	727764	754086	1	0
66.501219	200	204	4	5628	727764	754086	1	0
66.515788	200	204	4	5628	727764	754086	1	0
66.522725	200	204	4	5628	727764	754086	1	0
66.532492	200	204	4	5628	727764	754086	1	0
66.540555	200	204	4	5628	727764	754086	1	0
66.548154	200	204	4	5628	727764	754086	1	0
66.555320	200	204	4	5628	727764	754086	1	0
66.561430	200	204	4	5628	727764	754086	1	0
66.568421	200	204	4	5628	727764	754086	1	0
66.578791	200	204	4	5628	727764	754086	1	0
66.591717	200	204	4	5628	727764	754086	1	0
66.604631	200	204	4	5628	727764	754086	1	0
66.613870	200	204	4	5628	727764	754086	1	0
66.627244	200	204	4	5628	727764	754086	1	0
66.633618	200	204	4	5628	727764	754086	1	0
66.639057	200	204	4	5628	727764	754086	1	0
66.650640	200	204	4	5628	727764	754086	1	0
66.658020	200	204	4	5628	727764	754086	1	0
66.665208	200	204	4	5628	727764	754086	1	0
66.673424	200	204	4	5628	727764	754086	1	0
66.686734	200	204	4	5628	727764	754086	1	0
66.700593	200	204	4	5628	727764	754086	1	0
66.712391	200	204	4	5628	727764	754086	1	0
66.718849	200	204	4	5628	727764	754086	1	0
66.731841	200	204	4	5628	727764	754086	1	0
66.745861	200	204	4	5628	727764	754086	1	0
66.756785	200	204	4	5628	727764	754086	1	0
66.767838	200	204	4	5628	727764	754086	1	0
66.773774	200	204	4	5628	727764	754086	1	0
66.785419	200	204	4	5628	727764	754086	1	0
66.791303	200	204	4	5628	727764	754086	1	0
66.796874	200	204	4	5628	727764	754086	1	0
66.808873	200	204	4	5628	727764	754086	1	0
66.818805	200	204	4	5628	727764	754086	1	0
66.832742	200	204	4	5628	727764	754086	1	0
66.842809	200	204	4	5628	727764	754086	1	0
66.853936	200	204	4	5628	727764	754086	1	0
66.866532	200	204	4	5628	727764	754086	1	0
66.881180	200	204	4	5629	727764	754086	1	0
66.887099	200	204	4	5629	727764	754086	1	0
66.897100	200	204	4	5629	727764	754086	1	0
66.909759	200	204	4	5629	727764	754086	1	0
66.920882	200	204	4	5629	727764	754086	1	0
66.930447	200	204	4	5629	727764	754086	1	0
66.938867	200	204	4	5629	727764	754086	1	0
66.948196	200	204	4	5629	727764	754086	1	0
66.960559	200	204	4	5629	727764	754086	1	0
66.973827	200	204	4	5629	727764	754086	1	0
66.982276	200	204	4	5629	727764	754086	1	0
66.992488	200	204	4	5629	727764	754086	1	0
66.998097	200	204	4	5629	727764	754086	1	0
67.006446	200	204	4	5629	727764	754086	1	0
67.013731	200	204	4	5629	727764	754086	1	0
67.028803	200	204	4	5629	727764	754086	1	0
67.038792	200	204	4	5629	727764	754086	1	0
67.047379	200	204	4	5629	727764	754086	1	0
67.061010	200	204	4	5629	727764	754086	1	0
67.073258	200	204	4	5629	727764	754086	1	0
67.078492	200	204	4	5629	727764	754086	1	0
67.083890	200	204	4	5629	727764	754086	1	0
67.093916	200	204	4	5629	727764	754086	1	0
67.109044	200	204	4	5629	727764	754086	1	0
67.121848	200	204	4	5629	727764	754086	1	0
67.133448	200	204	4	5629	727764	754086	1	0
67.141610	200	204	4	5629	727764	754086	1	0
67.149851	200	204	4	5629	727764	754086	1	0
67.161250	200	204	4	5629	727764	754086	1	0
67.171604	200	204	4	5629	727764	754086	1	0
67.184246	200	204	4	5629	727764	754086	1	0
67.195570	200	204	4	5629	727764	754086	1	0
67.208023	200	204	4	5629	727764	754086	1	0
67.217588	200	204	4	5629	727764	754086	1	0
67.226014	200	204	4	5629	727764	754086	1	0
67.239371	200	204	4	5629	727764	754086	1	0
67.251064	200	204	4	5630	727764	754086	1	0
67.263041	200	204	4	5630	727764	754086	1	0
67.271880	200	204	4	5630	727764	754086	1	0
67.285821	200	204	4	5630	727764	754086	1	0
67.300812	200	204	4	5630	727764	754086	1	0
67.310368	200	204	4	5630	727764	754086	1	0
67.321600	200	204	4	5630	727764	754086	1	0
67.334929	200	204	4	5630	727764	754086	1	0
67.345843	200	204	4	5630	727764	754086	1	0
67.358859	200	204	4	5630	727764	754086	1	0
67.365497	200	204	4	5630	727764	754086	1	0
67.377481	200	204	4	5630	727764	754086	1	0
67.389701	200	204	4	5630	727764	754086	1	0
67.399248	200	204	4	5630	727764	754086	1	0
67.405327	200	204	4	5630	727764	754086	1	0
67.419695	200	204	4	5630	727764	754086	1	0
67.428118	200	204	4	5630	727764	754086	1	0
67.441642	200	204	4	5630	727764	754086	1	0
67.452136	200	204	4	5630	727764	754086	1	0
67.465838	200	204	4	5630	727764	754086	1	0
67.472649	200	204	4	5630	727764	754086	1	0
67.478648	200	204	4	5630	727764	754086	1	0
67.487095	200	204	4	5630	727764	754086	1	0
67.501759	200	204	4	5630	727764	754086	1	0
67.514331	200	204	4	5630	727764	754086	1	0
67.522460	200	204	4	5630	727764	754086	1	0
67.527875	200	204	4	5630	727764	754086	1	0
67.539659	200	204	4	5630	727764	754086	1	0
67.550013	200	204	4	5630	727764	754086	1	0
67.564587	200	204	4	5630	727764	754086	1	0
67.575562	200	204	4	5630	727764	754086	1	0
67.590487	200	204	4	5630	727764	754086	1	0
67.605637	200	204	4	5630	727764	754086	1	0
67.611239	200	204	4	5630	727764	754086	1	0
67.626322	200	204	4	5630	727764	754086	1	0
67.631910	200	204	4	5630	727764	754086	1	0
67.641419	200	204	4	5630	727764	754086	1	0
67.656045	200	204	4	5631	727764	754086	1	0
67.663014	200	204	4	5631	727764	754086	1	0
67.674316	200	204	4	5631	727764	754086	1	0
67.682510	200	204	4	5631	727764	754086	1	0
67.693346	200	204	4	5631	727764	754086	1	0
67.704337	200	204	4	5631	727764	754086	1	0
67.713236	200	204	4	5631	727764	754086	1	0
67.720775	200	204	4	5631	727764	754086	1	0
67.727160	200	204	4	5631	727764	754086	1	0
67.739898	200	204	4	5631	727764	754086	1	0
67.749820	200	204	4	5631	727764	754086	1	0
67.762028	200	204	4	5631	727764	754086	1	0
67.774691	200	204	4	5631	727764	754086	1	0
67.781750	200	204	4	5631	727764	754086	1	0
67.788049	200	204	4	5631	727764	754086	1	0
67.795147	200	204	4	5631	727764	754086	1	0
67.801047	200	204	4	5631	727764	754086	1	0
67.815389	200	204	4	5631	727764	754086	1	0
67.822725	200	204	4	5631	727764	754086	1	0
67.835356	200	204	4	5631	727764	754086	1	0
67.848697	200	204	4	5631	727764	754086	1	0
67.862805	200	204	4	5631	727764	754086	1	0
67.876390	200	204	4	5631	727764	754086	1	0
67.888492	200	204	4	5631	727764	754086	1	0
67.898772	200	204	4	5631	727764	754086	1	0
67.909985	200	204	4	5631	727764	754086	1	0
67.924500	200	204	4	5631	727764	754086	1	0
67.937814	200	204	4	5631	727764	754086	1	0
67.951968	200	204	4	5631	727764	754086	1	0
67.960465	200	204	4	5631	727764	754086	1	0
67.974622	200	204	4	5631	727764	754086	1	0
67.982001	200	204	4	5631	727764	754086	1	0
67.994609	200	204	4	5631	727764	754086	1	0
68.004980	200	204	4	5631	727764	754086	1	0
68.011589	200	204	4	5631	727764	754086	1	0
68.025062	200	204	4	5631	727764	754086	1	0
68.035331	200	204	4	5631	727764	754086	1	0
68.044934	200	204	4	5631	727764	754086	1	0
68.055363	200	204	4	5631	727764	754086	1	0
68.061626	200	204	4	5631	727764	754086	1	0
68.070273	200	204	4	5631	727764	754086	1	0
68.075806	200	204	4	5631	727764	754086	1	0
68.083621	200	204	4	5631	727764	754086	1	0
68.091533	200	204	4	5631	727764	754086	1	0
68.099917	200	204	4	5631	727764	754086	1	0
68.109890	200	204	4	5631	727764	754086	1	0
68.123015	200	204	4	5631	727764	754086	1	0
68.135651	200	204	4	5631	727764	754086	1	0
68.147057	200	204	4	5631	727764	754086	1	0
68.156786	200	204	4	5631	727764	754086	1	0
68.168829	200	204	4	5631	727764	754086	1	0
68.179423	200	204	4	5631	727764	754086	1	0
68.188527	200	204	4	5631	727764	754086	1	0
68.202206	200	204	4	5632	727764	754086	1	0
68.213913	200	204	4	5632	727764	754086	1	0
68.220931	200	204	4	5632	727764	754086	1	0
68.235711	200	204	4	5632	727764	754086	1	0
68.248193	200	204	4	5632	727764	754086	1	0
68.254824	200	204	4	5632	727764	754086	1	0
68.264287	200	204	4	5632	727764	754086	1	0
68.274601	200	204	4	5632	727764	754086	1	0
68.281253	200	204	4	5632	727764	754086	1	0
68.290217	200	204	4	5632	727764	754086	1	0
68.299831	200	204	4	5632	727764	754086	1	0
68.311099	200	204	4	5632	727764	754086	1	0
68.322193	200	204	4	5632	727764	754086	1	0
68.330038	200	204	4	5632	727764	754086	1	0
68.339273	200	204	4	5632	727764	754086	1	0
68.353036	200	204	4	5632	727764	754086	1	0
68.360085	200	204	4	5632	727764	754086	1	0
68.371555	200	204	4	5632	727764	754086	1	0
68.380500	200	204	4	5632	727764	754086	1	0
68.390198	200	204	4	5632	727764	754086	1	0
68.404899	200	204	4	5632	727764	754086	1	0
68.412874	200	204	4	5632	727764	754086	1	0
68.422436	200	204	4	5632	727764	754086	1	0
68.435672	200	204	4	5632	727764	754086	1	0
68.446669	200	204	4	5632	727764	754086	1	0
68.455421	200	204	4	5632	727764	754086	1	0
68.460977	200	204	4	5632	727764	754086	1	0
68.468499	200	204	4	5632	727764	754086	1	0
68.477373	200	204	4	5632	727764	754086	1	0
68.491106	200	204	4	5632	727764	754086	1	0
68.496614	200	204	4	5632	727764	754086	1	0
68.511670	200	204	4	5632	727764	754086	1	0
68.525082	200	204	4	5632	727764	754086	1	0
68.533283	200	204	4	5632	727764	754086	1	0
68.543739	200	204	4	5632	727764	754086	1	0
68.555790	200	204	4	5632	727764	754086	1	0
68.566623	200	204	4	5632	727764	754086	1	0
68.577121	200	204	4	5632	727764	754086	1	0
68.588515	200	204	4	5632	727764	754086	1	0
68.601318	200	204	4	5632	727764	754086	1	0
68.608676	200	204	4	5632	727764	754086	1	0
68.621955	200	204	4	5632	727764	754086	1	0
68.632546	200	204	4	5632	727764	754086	1	0
68.641795	200	204	4	5632	727764	754086	1	0
68.654266	200	204	4	5632	727764	754086	1	0
68.661134	200	204	4	5632	727764	754086	1	0
68.667101	200	204	4	5632	727764	754086	1	0
68.680299	200	204	4	5632	727764	754086	1	0
68.692292	200	204	4	5632	727764	754086	1	0
68.706327	200	204	4	5632	727764	754086	1	0
68.720745	200	204	4	5632	727764	754086	1	0
68.732624	200	204	4	5632	727764	754086	1	0
68.740762	200	204	4	5632	727764	754086	1	0
68.752905	200	204	4	5632	727764	754086	1	0
68.761133	200	204	4	5632	727764	754086	1	0
68.774075	200	204	4	5632	727764	754086	1	0
68.786292	200	204	4	5632	727764	754086	1	0
68.795536	200	204	4	5632	727764	754086	1	0
68.808434	200	204	4	5632	727764	754086	1	0
68.822763	200	204	4	5632	727764	754086	1	0
68.828046	200	204	4	5632	727764	754086	1	0
68.836185	200	204	4	5632	727764	754086	1	0
68.844896	200	204	4	5632	727764	754086	1	0
68.851510	200	204	4	5632	727764	754086	1	0
68.859930	200	204	4	5632	727764	754086	1	0
68.870897	200	204	4	5632	727764	754086	1	0
68.878767	200	204	4	5632	727764	754086	1	0
68.890497	200	204	4	5632	727764	754086	1	0
68.902534	200	204	4	5632	727764	754086	1	0
68.911322	200	204	4	5632	727764	754086	1	0
68.925059	200	204	4	5632	727764	754086	1	0
68.933569	200	204	4	5632	727764	754086	1	0
68.942446	200	204	4	5632	727764	754086	1	0
68.954026	200	204	4	5632	727764	754086	1	0
68.964610	200	204	4	5632	727764	754086	1	0
68.975500	200	204	4	5632	727764	754086	1	0
68.989168	200	204	4	5632	727764	754086	1	0
69.001585	200	204	4	5632	727764	754086	1	0
69.007867	200	204	4	5632	727764	754086	1	0
69.013415	200	204	4	5632	727764	754086	1	0
69.023485	200	204	4	5632	727764	754086	1	0
69.037057	200	204	4	5632	727764	754086	1	0
69.051639	200	204	4	5632	727764	754086	1	0
69.062102	200	204	4	5632	727764	754086	1	0
69.072703	200	204	4	5632	727764	754086	1	0
69.085405	200	204	4	5632	727764	754086	1	0
69.092566	200	204	4	5632	727764	754086	1	0
69.106356	200	204	4	5632	727764	754086	1	0
69.112325	200	204	4	5632	727764	754086	1	0
69.122150	200	204	4	5632	727764	754086	1	0
69.133617	200	204	4	5632	727764	754086	1	0
69.145801	200	204	4	5632	727764	754086	1	0
69.156062	200	204	4	5632	727764	754086	1	0
69.167004	200	204	4	5632	727764	754086	1	0
69.175015	200	204	4	5632	727764	754086	1	0
69.189234	200	204	4	5632	727764	754086	1	0
69.202340	200	204	4	5632	727764	754086	1	0
69.217106	200	204	4	5632	727764	754086	1	0
69.231985	200	204	4	5632	727764	754086	1	0
69.239763	200	204	4	5632	727764	754086	1	0
69.247810	200	204	4	5632	727764	754086	1	0
69.254006	200	204	4	5632	727764	754086	1	0
69.259210	200	204	4	5632	727764	754086	1	0
69.265699	200	204	4	5632	727764	754086	1	0
69.280260	200	204	4	5632	727764	754086	1	0
69.292679	200	204	4	5632	727764	754086	1	0
69.302866	200	204	4	5632	727764	754086	1	0
69.314640	200	204	4	5632	727764	754086	1	0
69.322092	200	204	4	5632	727764	754086	1	0
69.335321	200	204	4	5632	727764	754086	1	0
69.341463	200	204	4	5632	727764	754086	1	0
69.350181	200	204	4	5632	727764	754086	1	0
69.362732	200	204	4	5632	727764	754086	1	0
69.377814	200	204	4	5632	727764	754086	1	0
69.392823	200	204	4	5632	727764	754086	1	0
69.404545	200	204	4	5632	727764	754086	1	0
69.413822	200	204	4	5632	727764	754086	1	0
69.427532	200	204	4	5632	727764	754086	1	0
69.433490	200	204	4	5632	727764	754086	1	0
69.446261	200	204	4	5632	727764	754086	1	0
69.461149	200	204	4	5632	727764	754086	1	0
69.472442	200	204	4	5632	727764	754086	1	0
69.478808	200	204	4	5632	727764	754086	1	0
69.493570	200	204	4	5632	727764	754086	1	0
69.507859	200	204	4	5632	727764	754086	1	0
69.518756	200	204	4	5632	727764	754086	1	0
69.533142	200	204	4	5632	727764	754086	1	0
69.542727	200	204	4	5632	727764	754086	1	0
69.557255	200	204	4	5632	727764	754086	1	0
69.572383	200	204	4	5632	727764	754086	1	0
69.578898	200	204	4	5632	727764	754086	1	0
69.587030	200	204	4	5632	727764	754086	1	0
69.601102	200	204	4	5632	727764	754086	1	0
69.609820	200	204	4	5632	727764	754086	1	0
69.619472	200	204	4	5632	727764	754086	1	0
69.627607	200	204	4	5632	727764	754086	1	0
69.641759	200	204	4	5632	727764	754086	1	0
69.654762	200	204	4	5632	727764	754086	1	0
69.668181	200	204	4	5632	727764	754086	1	0
69.677229	200	204	4	5632	727764	754086	1	0
69.690693	200	204	4	5632	727764	754086	1	0
69.702223	200	204	4	5632	727764	754086	1	0
69.713092	200	204	4	5632	727764	754086	1	0
69.725391	200	204	4	5632	727764	754086	1	0
69.733015	200	204	4	5632	727764	754086	1	0
69.744686	200	204	4	5632	727764	754086	1	0
69.757656	200	204	4	5632	727764	754086	1	0
69.769530	200	204	4	5632	727764	754086	1	0
69.779281	200	204	4	5632	727764	754086	1	0
69.787045	200	204	4	5632	727764	754086	1	0
69.796446	200	204	4	5632	727764	754086	1	0
69.806478	200	204	4	5632	727764	754086	1	0
69.820410	200	204	4	5632	727764	754086	1	0
69.829846	200	204	4	5632	727764	754086	1	0
69.835837	200	204	4	5632	727764	754086	1	0
69.841781	200	204	4	5632	727764	754086	1	0
69.851579	200	204	4	5632	727764	754086	1	0
69.863946	200	204	4	5632	727764	754086	1	0
69.871422	200	204	4	5632	727764	754086	1	0
69.882312	200	204	4	5632	727764	754086	1	0
69.889374	200	204	4	5632	727764	754086	1	0
69.900675	200	204	4	5632	727764	754086	1	0
69.914577	200	204	4	5632	727764	754086	1	0
69.925992	200	204	4	5632	727764	754086	1	0
69.938133	200	204	4	5632	727764	754086	1	0
69.944379	200	204	4	5632	727764	754086	1	0
69.955574	200	204	4	5632	727764	754086	1	0
69.967159	200	204	4	5632	727764	754086	1	0
69.978960	200	204	4	5632	727764	754086	1	0
69.985696	200	204	4	5632	727764	754086	1	0
69.992436	200	204	4	5632	727764	754086	1	0
70.006928	200	204	4	5632	727764	754086	1	0
70.021962	200	204	4	5632	727764	754086	1	0
70.030044	200	204	4	5632	727764	754086	1	0
70.044961	200	204	4	5632	727764	754086	1	0
70.054445	200	204	4	5632	727764	754086	1	0
70.064455	200	204	4	5632	727764	754086	1	0
70.077395	200	204	4	5632	727764	754086	1	0
70.086968	200	204	4	5632	727764	754086	1	0
70.094521	200	204	4	5632	727764	754086	1	0
70.107530	200	204	4	5632	727764	754086	1	0
70.115957	200	204	4	5632	727764	754086	1	0
70.130825	200	204	4	5632	727764	754086	1	0
70.140282	200	204	4	5632	727764	754086	1	0
70.147529	200	204	4	5632	727764	754086	1	0
70.154789	200	204	4	5632	727764	754086	1	0
70.163325	200	204	4	5632	727764	754086	1	0
70.175390	200	204	4	5632	727764	754086	1	0
70.189631	200	204	4	5632	727764	754086	1	0
70.194921	200	204	4	5632	727764	754086	1	0
70.206409	200	204	4	5632	727764	754086	1	0
70.216294	200	204	4	5632	727764	754086	1	0
70.227113	200	204	4	5632	727764	754086	1	0
70.237096	200	204	4	5632	727764	754086	1	0
70.247297	200	204	4	5632	727764	754086	1	0
70.261863	200	204	4	5632	727764	754086	1	0
70.275391	200	204	4	5632	727764	754086	1	0
70.282697	200	204	4	5632	727764	754086	1	0
70.295678	200	204	4	5632	727764	754086	1	0
70.310506	200	204	4	5632	727764	754086	1	0
70.320494	200	204	4	5632	727764	754086	1	0
70.334355	200	204	4	5632	727764	754086	1	0
70.345164	200	204	4	5632	727764	754086	1	0
70.356976	200	204	4	5632	727764	754086	1	0
70.370159	200	204	4	5632	727764	754086	1	0
70.380227	200	204	4	5632	727764	754086	1	0
70.393662	200	204	4	5632	727764	754086	1	0
70.400247	200	204	4	5632	727764	754086	1	0
70.407779	200	204	4	5632	727764	754086	1	0
70.413380	200	204	4	5632	727764	754086	1	0
70.425864	200	204	4	5632	727764	754086	1	0
70.438136	200	204	4	5632	727764	754086	1	0
70.450462	200	204	4	5632	727764	754086	1	0
70.461346	200	204	4	5632	727764	754086	1	0
70.468038	200	204	4	5632	727764	754086	1	0
70.476495	200	204	4	5632	727764	754086	1	0
70.485308	200	204	4	5632	727764	754086	1	0
70.497149	200	204	4	5632	727764	754086	1	0
70.502589	200	204	4	5632	727764	754086	1	0
70.507973	200	204	4	5632	727764	754086	1	0
70.520934	200	204	4	5632	727764	754086	1	0
70.529674	200	204	4	5632	727764	754086	1	0
70.534828	200	204	4	5632	727764	754086	1	0
70.546989	200	204	4	5632	727764	754086	1	0
70.552427	200	204	4	5632	727764	754086	1	0
70.567124	200	204	4	5632	727764	754086	1	0
70.579569	200	204	4	5632	727764	754086	1	0
70.591650	200	204	4	5632	727764	754086	1	0
70.599042	200	204	4	5632	727764	754086	1	0
70.604323	200	204	4	5632	727764	754086	1	0
70.613853	200	204	4	5632	727764	754086	1	0
70.622771	200	204	4	5632	727764	754086	1	0
70.628229	200	204	4	5632	727764	754086	1	0
70.640459	200	204	4	5632	727764	754086	1	0
70.649042	200	204	4	5632	727764	754086	1	0
70.662825	200	204	4	5632	727764	754086	1	0
70.670245	200	204	4	5632	727764	754086	1	0
70.677767	200	204	4	5632	727764	754086	1	0
70.688855	200	204	4	5632	727764	754086	1	0
70.700097	200	204	4	5632	727764	754086	1	0
70.708265	200	204	4	5632	727764	754086	1	0
70.722105	200	204	4	5632	727764	754086	1	0
70.732971	200	204	4	5632	727764	754086	1	0
70.741999	200	204	4	5632	727764	754086	1	0
70.749357	200	204	4	5632	727764	754086	1	0
70.761289	200	204	4	5632	727764	754086	1	0
70.773586	200	204	4	5632	727764	754086	1	0
70.788450	200	204	4	5632	727764	754086	1	0
70.798038	200	204	4	5632	727764	754086	1	0
70.809734	200	204	4	5632	727764	754086	1	0
70.824422	200	204	4	5632	727764	754086	1	0
70.836542	200	204	4	5632	727764	754086	1	0
70.851249	200	204	4	5632	727764	754086	1	0
70.862667	200	204	4	5632	727764	754086	1	0
70.876456	200	204	4	5632	727764	754086	1	0
70.884899	200	204	4	5632	727764	754086	1	0
70.896580	200	204	4	5632	727764	754086	1	0
70.903358	200	204	4	5632	727764	754086	1	0
70.911032	200	204	4	5632	727764	754086	1	0
70.919375	200	204	4	5632	727764	754086	1	0
70.924652	200	204	4	5632	727764	754086	1	0
70.936994	200	204	4	5632	727764	754086	1	0
70.946396	200	204	4	5632	727764	754086	1	0
70.960439	200	204	4	5632	727764	754086	1	0
70.967735	200	204	4	5632	727764	754086	1	0
70.980139	200	204	4	5632	727764	754086	1	0
70.986865	200	204	4	5632	727764	754086	1	0
71.000313	200	204	4	5632	727764	754086	1	0
71.015263	200	204	4	5632	727764	754086	1	0
71.028476	200	204	4	5632	727764	754086	1	0
71.038731	200	204	4	5632	727764	754086	1	0
71.044643	200	204	4	5632	727764	754086	1	0
71.050407	200	204	4	5632	727764	754086	1	0
71.058414	200	204	4	5632	727764	754086	1	0
71.073476	200	204	4	5632	727764	754086	1	0
71.078881	200	204	4	5632	727764	754086	1	0
71.089455	200	204	4	5632	727764	754086	1	0
71.100174	200	204	4	5632	727764	754086	1	0
71.113278	200	204	4	5632	727764	754086	1	0
71.121670	200	204	4	5632	727764	754086	1	0
71.130263	200	204	4	5632	727764	754086	1	0
71.137342	200	204	4	5632	727764	754086	1	0
71.150307	200	204	4	5632	727764	754086	1	0
71.164039	200	204	4	5632	727764	754086	1	0
71.174021	200	204	4	5632	727764	754086	1	0
71.179870	200	204	4	5632	727764	754086	1	0
71.186842	200	204	4	5632	727764	754086	1	0
71.196845	200	204	4	5632	727764	754086	1	0
71.209975	200	204	4	5632	727764	754086	1	0
71.220676	200	204	4	5632	727764	754086	1	0
71.230148	200	204	4	5632	727764	754086	1	0
71.241504	200	204	4	5632	727764	754086	1	0
71.252858	200	204	4	5632	727764	754086	1	0
71.260250	200	204	4	5632	727764	754086	1	0
71.271656	200	204	4	5632	727764	754086	1	0
71.282416	200	204	4	5632	727764	754086	1	0
71.291418	200	204	4	5632	727764	754086	1	0
71.300046	200	204	4	5632	727764	754086	1	0
71.307863	200	204	4	5632	727764	754086	1	0
71.320009	200	204	4	5632	727764	754086	1	0
71.326694	200	204	4	5632	727764	754086	1	0
71.334773	200	204	4	5632	727764	754086	1	0
71.348268	200	204	4	5632	727764	754086	1	0
71.362220	200	204	4	5632	727764	754086	1	0
71.370171	200	204	4	5632	727764	754086	1	0
71.380690	200	204	4	5632	727764	754086	1	0
71.394317	200	204	4	5632	727764	754086	1	0
71.406119	200	204	4	5632	727764	754086	1	0
71.420737	200	204	4	5632	727764	754086	1	0
71.432418	200	204	4	5632	727764	754086	1	0
71.438692	200	204	4	5632	727764	754086	1	0
71.453767	200	204	4	5632	727764	754086	1	0
71.465449	200	204	4	5632	727764	754086	1	0
71.474431	200	204	4	5632	727764	754086	1	0
71.480887	200	204	4	5632	727764	754086	1	0
71.487945	200	204	4	5632	727764	754086	1	0
71.502961	200	204	4	5632	727764	754086	1	0
71.514690	200	204	4	5632	727764	754086	1	0
71.529364	200	204	4	5632	727764	754086	1	0
71.537727	200	204	4	5632	727764	754086	1	0
71.551901	200	204	4	5632	727764	754086	1	0
71.566703	200	204	4	5632	727764	754086	1	0
71.575975	200	204	4	5632	727764	754086	1	0
71.586839	200	204	4	5632	727764	754086	1	0
71.594822	200	204	4	5632	727764	754086	1	0
71.604340	200	204	4	5632	727764	754086	1	0
71.615492	200	204	4	5632	727764	754086	1	0
71.625150	200	204	4	5632	727764	754086	1	0
71.631187	200	204	4	5632	727764	754086	1	0
71.639163	200	204	4	5632	727764	754086	1	0
71.650596	200	204	4	5632	727764	754086	1	0
71.658807	200	204	4	5632	727764	754086	1	0
71.667623	200	204	4	5632	727764	754086	1	0
71.679818	200	204	4	5632	727764	754086	1	0
71.687134	200	204	4	5632	727764	754086	1	0
71.695179	200	204	4	5632	727764	754086	1	0
71.704750	200	204	4	5632	727764	754086	1	0
71.717040	200	204	4	5632	727764	754086	1	0
71.730756	200	204	4	5632	727730	754086	1	0
71.739860	200	204	4	5632	727730	754086	1	0
71.748649	200	204	4	5632	727730	754086	1	0
71.759940	200	204	4	5632	727730	754086	1	0
71.774512	200	204	4	5632	727730	754086	1	0
71.782433	200	204	4	5632	727730	754086	1	0
71.795887	200	204	4	5632	727730	754086	1	0
71.808903	200	204	4	5632	727730	754086	1	0
71.823768	200	204	4	5632	727730	754086	1	0
71.831025	200	204	4	5632	727730	754086	1	0
71.845548	200	204	4	5632	727730	754086	1	0
71.855254	200	204	4	5632	727730	754086	1	0
71.864143	200	204	4	5632	727730	754086	1	0
71.870110	200	204	4	5632	727730	754086	1	0
71.881139	200	204	4	5632	727730	754086	1	0
71.896254	200	204	4	5632	727730	754086	1	0
71.901471	200	204	4	5632	727730	754086	1	0
71.915563	200	204	4	5632	727730	754086	1	0
71.926874	200	204	4	5632	727730	754086	1	0
71.934439	200	204	4	5632	727730	754086	1	0
71.944682	200	204	4	5632	727730	754086	1	0
71.952196	200	204	4	5632	727730	754086	1	0
71.965579	200	204	4	5632	727730	754086	1	0
71.976273	200	204	4	5632	727730	754086	1	0
71.988104	200	204	4	5632	727730	754086	1	0
72.001327	200	204	4	5632	727730	754086	1	0
72.006957	200	204	4	5632	727730	754086	1	0
72.017309	200	204	4	5632	727730	754086	1	0
72.022582	200	204	4	5632	727730	754086	1	0
72.032815	200	204	4	5632	727730	754086	1	0
72.038194	200	204	4	5632	727730	754086	1	0
72.052367	200	204	4	5632	727730	754086	1	0
72.060332	200	204	4	5632	727730	754086	1	0
72.074686	200	204	4	5632	727730	754086	1	0
72.085973	200	204	4	5632	727730	754086	1	0
72.100756	200	204	4	5632	727730	754086	1	0
72.115382	200	204	4	5632	727730	754086	1	0
72.128663	200	204	4	5632	727730	754086	1	0
72.137733	200	204	4	5632	727730	754086	1	0
72.145084	200	204	4	5633	727730	754086	1	0
72.155506	200	204	4	5633	727730	754086	1	0
72.163789	200	204	4	5633	727730	754086	1	0
72.172793	200	204	4	5633	727730	754086	1	0
72.186245	200	204	4	5633	727730	754086	1	0
72.198633	200	204	4	5633	727730	754086	1	0
72.209833	200	204	4	5633	727730	754086	1	0
72.216927	200	204	4	5633	727730	754086	1	0
72.228801	200	204	4	5633	727730	754086	1	0
72.243095	200	204	4	5633	727730	754086	1	0
72.253972	200	204	4	5633	727730	754086	1	0
72.267431	200	204	4	5633	727730	754086	1	0
72.281875	200	204	4	5633	727730	754086	1	0
72.290949	200	204	4	5633	727730	754086	1	0
72.296394	200	204	4	5633	727730	754086	1	0
72.306362	200	204	4	5633	727730	754086	1	0
72.315098	200	204	4	5633	727730	754086	1	0
72.324265	200	204	4	5633	727730	754086	1	0
72.331649	200	204	4	5633	727730	754086	1	0
72.343766	200	204	4	5633	727730	754086	1	0
72.355675	200	204	4	5633	727730	754086	1	0
72.361523	200	204	4	5633	727730	754086	1	0
72.375766	200	204	4	5633	727730	754086	1	0
72.382499	200	204	4	5633	727730	754086	1	0
72.389389	200	204	4	5633	727730	754086	1	0
72.400541	200	204	4	5633	727730	754086	1	0
72.409179	200	204	4	5633	727730	754086	1	0
72.424249	200	204	4	5633	727730	754086	1	0
72.436744	200	204	4	5633	727730	754086	1	0
72.449834	200	204	4	5633	727730	754086	1	0
72.456125	200	204	4	5633	727730	754086	1	0
72.462302	200	204	4	5633	727730	754086	1	0
72.469625	200	204	4	5633	727730	754086	1	0
72.474991	200	204	4	5633	727730	754086	1	0
72.482262	200	204	4	5633	727730	754086	1	0
72.494493	200	204	4	5633	727730	754086	1	0
72.499921	200	204	4	5633	727730	754086	1	0
72.509709	200	204	4	5633	727730	754086	1	0
72.523553	200	204	4	5633	727730	754086	1	0
72.535295	200	204	4	5633	727730	754086	1	0
72.547738	200	204	4	5633	727730	754086	1	0
72.561213	200	204	4	5633	727730	754086	1	0
72.571890	200	204	4	5633	727730	754086	1	0
72.579675	200	204	4	5633	727730	754086	1	0
72.592705	200	204	4	5633	727730	754086	1	0
72.606040	200	204	4	5633	727730	754086	1	0
72.621226	200	204	4	5634	727730	754086	1	0
72.632675	200	204	4	5634	727730	754086	1	0
72.638204	200	204	4	5634	727730	754086	1	0
72.647402	200	204	4	5634	727730	754086	1	0
72.661796	200	204	4	5634	727730	754086	1	0
72.668286	200	204	4	5634	727730	754086	1	0
72.679684	200	204	4	5634	727730	754086	1	0
72.694257	200	204	4	5634	727730	754086	1	0
72.706622	200	204	4	5634	727730	754086	1	0
72.717262	200	204	4	5634	727730	754086	1	0
72.727803	200	204	4	5634	727730	754086	1	0
72.735850	200	204	4	5634	727730	754086	1	0
72.741269	200	204	4	5634	727730	754086	1	0
72.749237	200	204	4	5634	727730	754086	1	0
72.761648	200	204	4	5634	727730	754086	1	0
72.773888	200	204	4	5634	727730	754086	1	0
72.786290	200	204	4	5634	727730	754086	1	0
72.792800	200	204	4	5634	727730	754086	1	0
72.804741	200	204	4	5634	727730	754086	1	0
72.813825	200	204	4	5634	727730	754086	1	0
72.826550	200	204	4	5634	727730	754086	1	0
72.833738	200	204	4	5634	727730	754086	1	0
72.845271	200	204	4	5634	727730	754086	1	0
72.858153	200	204	4	5634	727730	754086	1	0
72.863361	200	204	4	5634	727730	754086	1	0
72.869023	200	204	4	5634	727730	754086	1	0
72.876625	200	204	4	5634	727730	754086	1	0
72.889107	200	204	4	5634	727730	754086	1	0
72.898380	200	204	4	5634	727730	754086	1	0
72.904614	200	204	4	5634	727730	754086	1	0
72.918845	200	204	4	5634	727730	754086	1	0
72.933242	200	204	4	5634	727730	754086	1	0
72.944685	200	204	4	5634	727730	754086	1	0
72.957571	200	204	4	5634	727730	754086	1	0
72.965600	200	204	4	5634	727730	754086	1	0
72.976665	200	204	4	5634	727730	754086	1	0
72.988151	200	204	4	5634	727730	754086	1	0
72.996028	200	204	4	5634	727730	754086	1	0
73.005967	200	204	4	5634	727730	754086	1	0
73.016454	200	204	4	5634	727730	754086	1	0
73.030143	200	204	4	5634	727730	754086	1	0
73.038674	200	204	4	5634	727730	754086	1	0
73.046792	200	204	4	5634	727730	754086	1	0
73.056298	200	204	4	5634	727730	754086	1	0
73.067071	200	204	4	5635	727730	754086	1	0
73.080049	200	204	4	5635	727730	754086	1	0
73.090266	200	204	4	5635	727730	754086	1	0
73.095669	200	204	4	5635	727730	754086	1	0
73.106147	200	204	4	5635	727730	754086	1	0
73.115188	200	204	4	5635	727730	754086	1	0
73.127762	200	204	4	5635	727730	754086	1	0
73.140268	200	204	4	5635	727730	754086	1	0
73.150528	200	204	4	5635	727730	754086	1	0
73.163260	200	204	4	5635	727730	754086	1	0
73.173268	200	204	4	5635	727730	754086	1	0
73.187053	200	204	4	5635	727730	754086	1	0
73.197512	200	204	4	5635	727730	754086	1	0
73.202760	200	204	4	5635	727730	754086	1	0
73.209142	200	204	4	5635	727730	754086	1	0
73.214842	200	204	4	5635	727730	754086	1	0
73.221443	200	204	4	5635	727730	754086	1	0
73.232218	200	204	4	5635	727730	754086	1	0
73.247449	200	204	4	5635	727730	754086	1	0
73.252674	200	204	4	5635	727730	754086	1	0
73.267786	200	204	4	5635	727730	754086	1	0
73.276972	200	204	4	5635	727730	754086	1	0
73.288105	200	204	4	5635	727730	754086	1	0
73.300416	200	204	4	5635	727730	754086	1	0
73.314062	200	204	4	5635	727730	754086	1	0
73.320886	200	204	4	5635	727730	754086	1	0
73.332162	200	204	4	5635	727730	754086	1	0
73.339237	200	204	4	5635	727730	754086	1	0
73.349759	200	204	4	5635	727730	754086	1	0
73.362078	200	204	4	5635	727730	754086	1	0
73.369857	200	204	4	5635	727730	754086	1	0
73.381932	200	204	4	5635	727730	754086	1	0
73.392188	200	204	4	5635	727730	754086	1	0
73.405625	200	204	4	5635	727730	754086	1	0
73.412036	200	204	4	5635	727730	754086	1	0
73.421569	200	204	4	5635	727730	754086	1	0
73.427379	200	204	4	5635	727730	754086	1	0
73.437213	200	204	4	5635	727730	754086	1	0
73.446827	200	204	4	5635	727730	754086	1	0
73.453732	200	204	4	5635	727730	754086	1	0
73.467089	200	204	4	5635	727730	754086	1	0
73.480760	200	204	4	5635	727730	754086	1	0
73.493214	200	204	4	5635	727730	754086	1	0
73.499798	200	204	4	5635	727730	754086	1	0
73.511256	200	204	4	5635	727730	754086	1	0
73.522168	200	204	4	5636	727730	754086	1	0
73.532181	200	204	4	5636	727730	754086	1	0
73.542709	200	204	4	5636	727730	754086	1	0
73.551450	200	204	4	5636	727730	754086	1	0
73.560514	200	204	4	5636	727730	754086	1	0
73.573187	200	204	4	5636	727730	754086	1	0
73.586523	200	204	4	5636	727730	754086	1	0
73.600938	200	204	4	5636	727730	754086	1	0
73.609855	200	204	4	5636	727730	754086	1	0
73.621940	200	204	4	5636	727730	754086	1	0
73.627664	200	204	4	5636	727730	754086	1	0
73.637561	200	204	4	5636	727730	754086	1	0
73.642777	200	204	4	5636	727730	754086	1	0
73.651807	200	204	4	5636	727730	754086	1	0
73.662434	200	204	4	5636	727730	754086	1	0
73.676219	200	204	4	5636	727730	754086	1	0
73.682701	200	204	4	5636	727730	754086	1	0
73.692817	200	204	4	5636	727730	754086	1	0
73.704640	200	204	4	5636	727730	754086	1	0
73.716807	200	204	4	5636	727730	754086	1	0
73.722531	200	204	4	5636	727730	754086	1	0
73.737045	200	204	4	5636	727730	754086	1	0
73.750411	200	204	4	5636	727730	754086	1	0
73.757054	200	204	4	5636	727730	754086	1	0
73.770795	200	204	4	5636	727730	754086	1	0
73.783133	200	204	4	5636	727730	754086	1	0
73.789980	200	204	4	5636	727730	754086	1	0
73.799835	200	204	4	5636	727730	754086	1	0
73.811739	200	204	4	5636	727730	754086	1	0
73.819231	200	204	4	5636	727730	754086	1	0
73.831410	200	204	4	5636	727730	754086	1	0
73.846411	200	204	4	5636	727730	754086	1	0
73.861497	200	204	4	5636	727730	754086	1	0
73.867841	200	204	4	5636	727730	754086	1	0
73.880779	200	204	4	5636	727730	754086	1	0
73.890014	200	204	4	5636	727730	754086	1	0
73.896114	200	204	4	5636	727730	754086	1	0
73.910109	200	204	4	5636	727730	754086	1	0
73.919035	200	204	4	5636	727730	754086	1	0
73.930864	200	204	4	5636	727730	754086	1	0
73.941646	200	204	4	5636	727730	754086	1	0
73.952838	200	204	4	5636	727730	754086	1	0
73.958414	200	204	4	5637	727730	754086	1	0
73.963688	200	204	4	5637	727730	754086	1	0
73.975355	200	204	4	5637	727730	754086	1	0
73.986617	200	204	4	5637	727730	754086	1	0
73.999176	200	204	4	5637	727730	754086	1	0
74.007751	200	204	4	5637	727730	754086	1	0
74.019258	200	204	4	5637	727730	754086	1	0
74.027981	200	204	4	5637	727730	754086	1	0
74.039605	200	204	4	5637	727730	754086	1	0
74.054287	200	204	4	5637	727730	754086	1	0
74.067222	200	204	4	5637	727730	754086	1	0
74.077221	200	204	4	5637	727730	754086	1	0
74.091810	200	204	4	5637	727730	754086	1	0
74.106676	200	204	4	5637	727730	754086	1	0
74.113109	200	204	4	5637	727730	754086	1	0
74.120414	200	204	4	5637	727730	754086	1	0
74.128390	200	204	4	5637	727730	754086	1	0
74.140037	200	204	4	5637	727730	754086	1	0
74.147248	200	204	4	5637	727730	754086	1	0
74.154563	200	204	4	5637	727730	754086	1	0
74.163535	200	204	4	5637	727730	754086	1	0
74.176945	200	204	4	5637	727730	754086	1	0
74.190246	200	204	4	5637	727730	754086	1	0
74.202921	200	204	4	5637	727730	754086	1	0
74.208193	200	204	4	5637	727730	754086	1	0
74.218338	200	204	4	5637	727730	754086	1	0
74.232904	200	204	4	5637	727730	754086	1	0
74.247697	200	204	4	5637	727730	754086	1	0
74.259961	200	204	4	5637	727730	754086	1	0
74.268139	200	204	4	5637	727730	754086	1	0
74.282727	200	204	4	5637	727730	754086	1	0
74.290158	200	204	4	5637	727730	754086	1	0
74.301206	200	204	4	5637	727730	754086	1	0
74.313565	200	204	4	5637	727730	754086	1	0
74.320012	200	204	4	5637	727730	754086	1	0
74.328848	200	204	4	5637	727730	754086	1	0
74.335087	200	204	4	5637	727730	754086	1	0
74.347880	200	204	4	5637	727730	754086	1	0
74.360774	200	204	4	5637	727730	754086	1	0
74.375509	200	204	4	5637	727730	754086	1	0
74.380832	200	204	4	5637	727730	754086	1	0
74.392447	200	204	4	5637	727730	754086	1	0
74.404102	200	204	4	5637	727730	754086	1	0
74.413113	200	204	4	5637	727730	754086	1	0
74.425919	200	204	4	5637	727730	754086	1	0
74.436606	200	204	4	5638	727730	754086	1	0
74.451233	200	204	4	5638	727730	754086	1	0
74.457491	200	204	4	5638	727730	754086	1	0
74.471982	200	204	4	5638	727730	754086	1	0
74.477702	200	204	4	5638	727730	754086	1	0
74.490054	200	204	4	5638	727730	754086	1	0
74.497833	200	204	4	5638	727730	754086	1	0
74.505486	200	204	4	5638	727730	754086	1	0
74.518450	200	204	4	5638	727730	754086	1	0
74.527084	200	204	4	5638	727730	754086	1	0
74.533275	200	204	4	5638	727730	754086	1	0
74.542626	200	204	4	5638	727730	754086	1	0
74.553552	200	204	4	5638	727730	754086	1	0
74.563779	200	204	4	5638	727730	754086	1	0
74.572333	200	204	4	5638	727730	754086	1	0
74.578884	200	204	4	5638	727730	754086	1	0
74.591059	200	204	4	5638	727730	754086	1	0
74.596378	200	204	4	5638	727730	754086	1	0
74.606458	200	204	4	5638	727730	754086	1	0
74.613033	200	204	4	5638	727730	754086	1	0
74.622956	200	204	4	5638	727730	754086	1	0
74.630485	200	204	4	5638	727730	754086	1	0
74.642718	200	204	4	5638	727730	754086	1	0
74.648923	200	204	4	5638	727730	754086	1	0
74.663816	200	204	4	5638	727730	754086	1	0
74.673622	200	204	4	5638	727730	754086	1	0
74.683967	200	204	4	5638	727730	754086	1	0
74.695633	200	204	4	5638	727730	754086	1	0
74.703512	200	204	4	5638	727730	754086	1	0
74.718105	200	204	4	5638	727730	754086	1	0
74.724309	200	204	4	5638	727730	754086	1	0
74.731034	200	204	4	5638	727730	754086	1	0
74.738160	200	204	4	5638	727730	754086	1	0
74.744175	200	204	4	5638	727730	754086	1	0
74.758612	200	204	4	5638	727730	754086	1	0
74.768289	200	204	4	5638	727730	754086	1	0
74.782873	200	204	4	5638	727730	754086	1	0
74.795869	200	204	4	5638	727730	754086	1	0
74.801046	200	204	4	5638	727730	754086	1	0
74.810221	200	204	4	5638	727730	754086	1	0
74.825374	200	204	4	5638	727730	754086	1	0
74.836399	200	204	4	5638	727730	754086	1	0
74.847165	200	204	4	5638	727730	754086	1	0
74.854720	200	204	4	5638	727730	754086	1	0
74.865792	200	204	4	5638	727730	754086	1	0
74.874108	200	204	4	5638	727730	754086	1	0
74.883304	200	204	4	5638	727730	754086	1	0
74.896752	200	204	4	5638	727730	754086	1	0
74.908356	200	204	4	5638	727730	754086	1	0
74.918856	200	204	4	5638	727730	754086	1	0
74.925288	200	204	4	5638	727730	754086	1	0
74.935748	200	204	4	5638	727730	754086	1	0
74.948731	200	204	4	5638	727730	754086	1	0
74.959508	200	204	4	5638	727730	754086	1	0
74.972890	200	204	4	5638	727730	754086	1	0
74.984890	200	204	4	5638	727730	754086	1	0
74.996608	200	204	4	5638	727730	754086	1	0
75.004449	200	204	4	5638	727730	754086	1	0
75.018457	200	204	4	5638	727730	754086	1	0
75.029040	200	204	4	5638	727730	754086	1	0
75.034571	200	204	4	5638	727730	754086	1	0
75.049093	200	204	4	5639	727730	754086	1	0
75.059185	200	204	4	5639	727730	754086	1	0
75.066868	200	204	4	5639	727730	754086	1	0
75.077721	200	204	4	5639	727730	754086	1	0
75.089883	200	204	4	5639	727730	754086	1	0
75.102145	200	204	4	5639	727730	754086	1	0
75.112273	200	204	4	5639	727730	754086	1	0
75.127259	200	204	4	5639	727730	754086	1	0
75.141705	200	204	4	5639	727730	754086	1	0
75.152013	200	204	4	5639	727730	754086	1	0
75.166401	200	204	4	5639	727730	754086	1	0
75.179623	200	204	4	5639	727730	754086	1	0
75.192031	200	204	4	5639	727730	754086	1	0
75.205936	200	204	4	5639	727730	754086	1	0
75.215340	200	204	4	5639	727730	754086	1	0
75.228449	200	204	4	5639	727730	754086	1	0
75.240671	200	204	4	5639	727730	754086	1	0
75.253016	200	204	4	5639	727730	754086	1	0
75.266605	200	204	4	5639	727730	754086	1	0
75.275663	200	204	4	5639	727730	754086	1	0
75.289842	200	204	4	5639	727730	754086	1	0
75.304612	200	204	4	5639	727730	754086	1	0
75.315877	200	204	4	5639	727730	754086	1	0
75.325685	200	204	4	5639	727730	754086	1	0
75.335277	200	204	4	5639	727730	754086	1	0
75.343717	200	204	4	5639	727730	754086	1	0
75.352687	200	204	4	5639	727730	754086	1	0
75.366687	200	204	4	5639	727730	754086	1	0
75.375776	200	204	4	5639	727730	754086	1	0
75.389259	200	204	4	5639	727730	754086	1	0
75.404362	200	204	4	5639	727730	754086	1	0
75.411596	200	204	4	5639	727730	754086	1	0
75.421961	200	204	4	5639	727730	754086	1	0
75.433244	200	204	4	5639	727730	754086	1	0
75.442525	200	204	4	5639	727730	754086	1	0
75.453519	200	204	4	5639	727730	754086	1	0
75.461864	200	204	4	5639	727730	754086	1	0
75.471680	200	204	4	5639	727730	754086	1	0
75.486107	200	204	4	5639	727730	754086	1	0
75.500487	200	204	4	5639	727730	754086	1	0
75.508176	200	204	4	5639	727730	754086	1	0
75.519985	200	204	4	5639	727730	754086	1	0
75.530878	200	204	4	5639	727730	754086	1	0
75.544816	200	204	4	5639	727730	754086	1	0
75.554818	200	204	4	5639	727730	754086	1	0
75.569946	200	204	4	5639	727730	754086	1	0
75.575192	200	204	4	5639	727730	754086	1	0
75.588514	200	204	4	5639	727730	754086	1	0
75.601102	200	204	4	5639	727730	754086	1	0
75.613485	200	204	4	5639	727730	754086	1	0
75.621659	200	204	4	5639	727730	754086	1	0
75.636315	200	204	4	5639	727730	754086	1	0
75.649185	200	204	4	5639	727730	754086	1	0
75.659691	200	204	4	5639	727730	754086	1	0
75.667096	200	204	4	5639	727730	754086	1	0
75.678124	200	204	4	5639	727730	754086	1	0
75.692348	200	204	4	5639	727730	754086	1	0
75.698274	200	204	4	5639	727730	754086	1	0
75.710788	200	204	4	5639	727730	754086	1	0
75.716361	200	204	4	5639	727730	754086	1	0
75.723632	200	204	4	5639	727730	754086	1	0
75.732995	200	204	4	5639	727730	754086	1	0
75.743951	200	204	4	5640	727730	754086	1	0
75.751776	200	204	4	5640	727730	754086	1	0
75.760179	200	204	4	5640	727730	754086	1	0
75.769691	200	204	4	5640	727730	754086	1	0
75.783066	200	204	4	5640	727730	754086	1	0
75.791092	200	204	4	5640	727730	754086	1	0
75.803360	200	204	4	5640	727730	754086	1	0
75.810098	200	204	4	5640	727730	754086	1	0
75.819635	200	204	4	5640	727730	754086	1	0
75.826961	200	204	4	5640	727730	754086	1	0
75.836441	200	204	4	5640	727730	754086	1	0
75.842004	200	204	4	5640	727730	754086	1	0
75.851206	200	204	4	5640	727730	754086	1	0
75.863548	200	204	4	5640	727730	754086	1	0
75.873860	200	204	4	5640	727730	754086	1	0
75.889001	200	204	4	5640	727730	754086	1	0
75.900833	200	204	4	5640	727730	754086	1	0
75.906865	200	204	4	5640	727730	754086	1	0
75.919347	200	204	4	5640	727730	754086	1	0
75.929517	200	204	4	5640	727730	754086	1	0
75.937171	200	204	4	5640	727730	754086	1	0
75.944194	200	204	4	5640	727730	754086	1	0
75.951535	200	204	4	5640	727730	754086	1	0
75.960376	200	204	4	5640	727730	754086	1	0
75.970383	200	204	4	5640	727730	754086	1	0
75.983800	200	204	4	5640	727730	754086	1	0
75.995744	200	204	4	5640	727730	754086	1	0
76.001932	200	204	4	5640	727730	754086	1	0
76.014361	200	204	4	5640	727730	754086	1	0
76.019644	200	204	4	5640	727730	754086	1	0
76.033431	200	204	4	5640	727730	754086	1	0
76.047373	200	204	4	5640	727730	754086	1	0
76.058534	200	204	4	5640	727730	754086	1	0
76.065109	200	204	4	5640	727730	754086	1	0
76.072239	200	204	4	5640	727730	754086	1	0
76.079672	200	204	4	5640	727730	754086	1	0
76.092498	200	204	4	5640	727730	754086	1	0
76.105797	200	204	4	5640	727730	754086	1	0
76.114777	200	204	4	5640	727730	754086	1	0
76.123668	200	204	4	5640	727730	754086	1	0
76.135191	200	204	4	5640	727730	754086	1	0
76.149112	200	204	4	5640	727730	754086	1	0
76.161207	200	204	4	5640	727730	754086	1	0
76.169196	200	204	4	5640	727730	754086	1	0
76.178388	200	204	4	5640	727730	754086	1	0
76.187639	200	204	4	5640	727730	754086	1	0
76.193983	200	204	4	5640	727730	754086	1	0
76.204715	200	204	4	5640	727730	754086	1	0
76.216901	200	204	4	5640	727730	754086	1	0
76.227495	200	204	4	5640	727730	754086	1	0
76.235394	200	204	4	5640	727730	754086	1	0
76.249405	200	204	4	5640	727730	754086	1	0
76.258629	200	204	4	5640	727730	754086	1	0
76.271211	200	204	4	5640	727730	754086	1	0
76.281825	200	204	4	5640	727730	754086	1	0
76.289444	200	204	4	5640	727730	754086	1	0
76.295487	200	204	4	5640	727730	754086	1	0
76.307092	200	204	4	5640	727730	754086	1	0
76.314023	200	204	4	5640	727730	754086	1	0
76.326895	200	204	4	5640	727730	754086	1	0
76.333394	200	204	4	5640	727730	754086	1	0
76.347039	200	204	4	5640	727730	754086	1	0
76.359474	200	204	4	5640	727730	754086	1	0
76.366847	200	204	4	5640	727730	754086	1	0
76.373530	200	204	4	5640	727730	754086	1	0
76.386669	200	204	4	5640	727730	754086	1	0
76.392668	200	204	4	5640	727730	754086	1	0
76.406136	200	204	4	5640	727730	754086	1	0
76.413098	200	204	4	5640	727730	754086	1	0
76.424323	200	204	4	5640	727730	754086	1	0
76.431258	200	204	4	5640	727730	754086	1	0
76.437742	200	204	4	5640	727730	754086	1	0
76.449331	200	204	4	5640	727730	754086	1	0
76.461669	200	204	4	5640	727730	754086	1	0
76.471787	200	204	4	5640	727730	754086	1	0
76.479348	200	204	4	5640	727730	754086	1	0
76.492889	200	204	4	5640	727730	754086	1	0
76.501242	200	204	4	5640	727730	754086	1	0
76.509918	200	204	4	5640	727730	754086	1	0
76.521060	200	204	4	5640	727730	754086	1	0
76.527752	200	204	4	5640	727730	754086	1	0
76.541408	200	204	4	5640	727730	754086	1	0
76.553969	200	204	4	5640	727730	754086	1	0
76.564286	200	204	4	5640	727730	754086	1	0
76.571544	200	204	4	5640	727730	754086	1	0
76.582465	200	204	4	5640	727730	754086	1	0
76.595153	200	204	4	5640	727730	754086	1	0
76.609392	200	204	4	5640	727730	754086	1	0
76.614713	200	204	4	5640	727730	754086	1	0
76.620169	200	204	4	5640	727730	754086	1	0
76.633578	200	204	4	5640	727730	754086	1	0
76.642477	200	204	4	5640	727730	754086	1	0
76.656236	200	204	4	5640	727730	754086	1	0
76.670801	200	204	4	5640	727730	754086	1	0
76.682062	200	204	4	5640	727730	754086	1	0
76.694774	200	204	4	5640	727730	754086	1	0
76.703646	200	204	4	5640	727730	754086	1	0
76.716352	200	204	4	5640	727730	754086	1	0
76.730254	200	204	4	5640	727730	754086	1	0
76.742340	200	204	4	5640	727730	754086	1	0
76.747996	200	204	4	5640	727730	754086	1	0
76.761380	200	204	4	5640	727730	754086	1	0
76.771679	200	204	4	5640	727730	754086	1	0
76.785386	200	204	4	5640	727730	754086	1	0
76.796961	200	204	4	5640	727730	754086	1	0
76.803069	200	204	4	5640	727730	754086	1	0
76.816667	200	204	4	5640	727730	754086	1	0
76.827985	200	204	4	5640	727730	754086	1	0
76.836680	200	204	4	5640	727730	754086	1	0
76.842021	200	204	4	5640	727730	754086	1	0
76.856062	200	204	4	5640	727730	754086	1	0
76.861924	200	204	4	5640	727730	754086	1	0
76.868861	200	204	4	5640	727730	754086	1	0
76.880540	200	204	4	5640	727730	754086	1	0
76.890511	200	204	4	5640	727730	754086	1	0
76.898570	200	204	4	5640	727730	754086	1	0
76.908894	200	204	4	5640	727730	754086	1	0
76.915285	200	204	4	5640	727730	754086	1	0
76.921678	200	204	4	5640	727730	754086	1	0
76.934971	200	204	4	5640	727730	754086	1	0
76.945320	200	204	4	5640	727730	754086	1	0
76.952487	200	204	4	5640	727730	754086	1	0
76.960184	200	204	4	5640	727730	754086	1	0
76.966252	200	204	4	5640	727730	754086	1	0
76.976005	200	204	4	5640	727730	754086	1	0
76.987075	200	204	4	5640	727730	754086	1	0
77.000320	200	204	4	5640	727730	754086	1	0
77.013676	200	204	4	5640	727730	754086	1	0
77.020193	200	204	4	5640	727730	754086	1	0
77.026564	200	204	4	5640	727730	754086	1	0
77.037951	200	204	4	5640	727730	754086	1	0
77.043639	200	204	4	5640	727730	754086	1	0
77.054011	200	204	4	5640	727730	754086	1	0
77.068272	200	204	4	5640	727730	754086	1	0
77.082237	200	204	4	5640	727730	754086	1	0
77.095109	200	204	4	5640	727730	754086	1	0
77.102861	200	204	4	5640	727730	754086	1	0
77.116948	200	204	4	5640	727730	754086	1	0
77.128918	200	204	4	5640	727730	754086	1	0
77.137597	200	204	4	5640	727730	754086	1	0
77.148253	200	204	4	5640	727730	754086	1	0
77.159401	200	204	4	5640	727730	754086	1	0
77.173120	200	204	4	5640	727730	754086	1	0
77.186592	200	204	4	5640	727730	754086	1	0
77.194734	200	204	4	5640	727730	754086	1	0
77.201333	200	204	4	5640	727730	754086	1	0
77.207214	200	204	4	5640	727730	754086	1	0
77.219958	200	204	4	5640	727730	754086	1	0
77.231035	200	204	4	5640	727730	754086	1	0
77.236362	200	204	4	5640	727730	754086	1	0
77.241799	200	204	4	5640	727730	754086	1	0
77.256925	200	204	4	5640	727730	754086	1	0
77.271259	200	204	4	5640	727730	754086	1	0
77.285025	200	204	4	5640	727730	754086	1	0
77.290376	200	204	4	5640	727730	754086	1	0
77.300297	200	204	4	5640	727730	754086	1	0
77.311084	200	204	4	5640	727730	754086	1	0
77.317250	200	204	4	5640	727730	754086	1	0
77.323668	200	204	4	5640	727730	754086	1	0
77.329992	200	204	4	5640	727730	754086	1	0
77.344303	200	204	4	5640	727730	754086	1	0
77.352200	200	204	4	5640	727730	754086	1	0
77.367243	200	204	4	5640	727730	754086	1	0
77.374934	200	204	4	5640	727730	754086	1	0
77.381722	200	204	4	5640	727730	754086	1	0
77.394882	200	204	4	5640	727730	754086	1	0
77.408816	200	204	4	5640	727730	754086	1	0
77.420584	200	204	4	5640	727730	754086	1	0
77.428526	200	204	4	5640	727730	754086	1	0
77.439811	200	204	4	5640	727730	754086	1	0
77.450744	200	204	4	5640	727730	754086	1	0
77.465504	200	204	4	5640	727730	754086	1	0
77.479253	200	204	4	5640	727730	754086	1	0
77.489146	200	204	4	5640	727730	754086	1	0
77.496247	200	204	4	5640	727730	754086	1	0
77.506464	200	204	4	5640	727730	754086	1	0
77.512942	200	204	4	5640	727730	754086	1	0
77.520032	200	204	4	5640	727730	754086	1	0
77.532223	200	204	4	5640	727730	754086	1	0
77.544820	200	204	4	5640	727730	754086	1	0
77.558439	200	204	4	5640	727730	754086	1	0
77.569817	200	204	4	5640	727730	754086	1	0
77.575939	200	204	4	5640	727730	754086	1	0
77.583134	200	204	4	5640	727730	754086	1	0
77.596386	200	204	4	5640	727730	754086	1	0
77.603317	200	204	4	5640	727730	754086	1	0
77.614528	200	204	4	5640	727730	754086	1	0
77.620870	200	204	4	5640	727730	754086	1	0
77.628084	200	204	4	5640	727730	754086	1	0
77.634172	200	204	4	5640	727730	754086	1	0
77.648559	200	204	4	5640	727730	754086	1	0
77.654495	200	204	4	5640	727730	754086	1	0
77.660961	200	204	4	5640	727730	754086	1	0
77.666860	200	204	4	5640	727730	754086	1	0
77.681763	200	204	4	5640	727730	754086	1	0
77.695538	200	204	4	5640	727730	754086	1	0
77.704396	200	204	4	5640	727730	754086	1	0
77.718011	200	204	4	5640	727730	754086	1	0
77.726363	200	204	4	5640	727730	754086	1	0
77.732478	200	204	4	5640	727730	754086	1	0
77.742423	200	204	4	5640	727730	754086	1	0
77.749661	200	204	4	5640	727730	754086	1	0
77.760059	200	204	4	5640	727730	754086	1	0
77.771397	200	204	4	5640	727730	754086	1	0
77.786177	200	204	4	5640	727730	754086	1	0
77.792470	200	204	4	5640	727730	754086	1	0
77.806479	200	204	4	5640	727730	754086	1	0
77.815432	200	204	4	5640	727730	754086	1	0
77.825717	200	204	4	5640	727730	754086	1	0
77.831934	200	204	4	5640	727730	754086	1	0
77.845021	200	204	4	5640	727730	754086	1	0
77.859276	200	204	4	5640	727730	754086	1	0
77.868201	200	204	4	5640	727730	754086	1	0
77.874155	200	204	4	5640	727730	754086	1	0
77.880652	200	204	4	5640	727730	754086	1	0
77.893024	200	204	4	5640	727730	754086	1	0
77.906231	200	204	4	5640	727730	754086	1	0
77.913284	200	204	4	5640	727730	754086	1	0
77.920298	200	204	4	5640	727730	754086	1	0
77.934779	200	204	4	5640	727730	754086	1	0
77.949370	200	204	4	5640	727730	754086	1	0
77.962289	200	204	4	5640	727730	754086	1	0
77.970490	200	204	4	5640	727730	754086	1	0
77.981877	200	204	4	5640	727730	754086	1	0
77.996664	200	204	4	5640	727730	754086	1	0
78.009400	200	204	4	5640	727730	754086	1	0
78.023012	200	204	4	5640	727730	754086	1	0
78.037874	200	204	4	5640	727730	754086	1	0
78.046301	200	204	4	5640	727730	754086	1	0
78.056003	200	204	4	5640	727730	754086	1	0
78.068721	200	204	4	5640	727730	754086	1	0
78.078153	200	204	4	5640	727730	754086	1	0
78.093341	200	204	4	5640	727730	754086	1	0
78.107768	200	204	4	5640	727730	754086	1	0
78.122871	200	204	4	5640	727730	754086	1	0
78.133387	200	204	4	5640	727730	754086	1	0
78.139909	200	204	4	5640	727730	754086	1	0
78.149123	200	204	4	5640	727730	754086	1	0
78.158517	200	204	4	5640	727730	754086	1	0
78.172002	200	204	4	5640	727730	754086	1	0
78.179743	200	204	4	5640	727730	754086	1	0
78.189349	200	204	4	5640	727730	754086	1	0
78.199421	200	204	4	5640	727730	754086	1	0
78.209528	200	204	4	5640	727730	754086	1	0
78.221742	200	204	4	5640	727730	754086	1	0
78.233445	200	204	4	5640	727730	754086	1	0
78.247208	200	204	4	5640	727730	754086	1	0
78.257311	200	204	4	5640	727730	754086	1	0
78.267166	200	204	4	5640	727730	754086	1	0
78.280819	200	204	4	5640	727730	754086	1	0
78.288307	200	204	4	5640	727730	754086	1	0
78.298821	200	204	4	5640	727730	754086	1	0
78.305437	200	204	4	5640	727730	754086	1	0
78.311482	200	204	4	5640	727730	754086	1	0
78.325366	200	204	4	5640	727730	754086	1	0
78.332503	200	204	4	5640	727730	754086	1	0
78.347333	200	204	4	5640	727730	754086	1	0
78.359131	200	204	4	5640	727730	754086	1	0
78.366645	200	204	4	5640	727730	754086	1	0
78.374096	200	204	4	5640	727730	754086	1	0
78.384918	200	204	4	5640	727730	754086	1	0
78.393504	200	204	4	5640	727730	754086	1	0
78.405647	200	204	4	5640	727730	754086	1	0
78.414696	200	204	4	5640	727730	754086	1	0
78.425716	200	204	4	5640	727730	754086	1	0
78.434737	200	204	4	5640	727730	754086	1	0
78.440768	200	204	4	5640	727730	754086	1	0
78.453096	200	204	4	5640	727730	754086	1	0
78.464116	200	204	4	5640	727730	754086	1	0
78.474590	200	204	4	5640	727730	754086	1	0
78.485795	200	204	4	5640	727730	754086	1	0
78.496654	200	204	4	5640	727730	754086	1	0
78.501846	200	204	4	5640	727730	754086	1	0
78.508737	200	204	4	5640	727730	754086	1	0
78.518727	200	204	4	5640	727730	754086	1	0
78.533159	200	204	4	5640	727730	754086	1	0
78.547781	200	204	4	5640	727730	754086	1	0
78.562737	200	204	4	5640	727730	754086	1	0
78.575660	200	204	4	5640	727730	754086	1	0
78.585269	200	204	4	5640	727730	754086	1	0
78.596769	200	204	4	5640	727730	754086	1	0
78.608471	200	204	4	5640	727730	754086	1	0
78.621166	200	204	4	5640	727730	754086	1	0
78.626517	200	204	4	5640	727730	754086	1	0
78.641634	200	204	4	5640	727730	754086	1	0
78.656767	200	204	4	5640	727730	754086	1	0
78.668301	200	204	4	5640	727730	754086	1	0
78.676363	200	204	4	5640	727730	754086	1	0
78.686928	200	204	4	5640	727730	754086	1	0
78.695992	200	204	4	5640	727730	754086	1	0
78.710645	200	204	4	5640	727730	754086	1	0
78.722976	200	204	4	5640	727730	754086	1	0
78.729262	200	204	4	5640	727730	754086	1	0
78.736395	200	204	4	5640	727730	754086	1	0
78.745246	200	204	4	5640	727730	754086	1	0
78.753119	200	204	4	5640	727730	754086	1	0
78.762549	200	204	4	5640	727730	754086	1	0
78.769959	200	204	4	5640	727730	754086	1	0
78.779963	200	204	4	5640	727730	754086	1	0
78.785811	200	204	4	5640	727730	754086	1	0
78.796512	200	204	4	5640	727730	754086	1	0
78.811258	200	204	4	5640	727730	754086	1	0
78.824518	200	204	4	5640	727730	754086	1	0
78.837465	200	204	4	5640	727730	754086	1	0
78.850930	200	204	4	5640	727730	754086	1	0
78.857457	200	204	4	5640	727730	754086	1	0
78.869271	200	204	4	5640	727730	754086	1	0
78.883496	200	204	4	5640	727730	754086	1	0
78.891835	200	204	4	5640	727730	754086	1	0
78.899319	200	204	4	5640	727730	754086	1	0
78.912941	200	204	4	5640	727730	754086	1	0
78.926316	200	204	4	5640	727730	754086	1	0
78.932558	200	204	4	5640	727730	754086	1	0
78.944174	200	204	4	5640	727730	754086	1	0
78.958072	200	204	4	5640	727730	754086	1	0
78.971871	200	204	4	5640	727730	754086	1	0
78.979319	200	204	4	5640	727730	754086	1	0
78.987445	200	204	4	5640	727730	754086	1	0
78.998457	200	204	4	5640	727730	754086	1	0
79.009414	200	204	4	5640	727730	754086	1	0
79.023606	200	204	4	5640	727730	754086	1	0
79.036905	200	204	4	5640	727730	754086	1	0
79.049582	200	204	4	5640	727730	754086	1	0
79.063541	200	204	4	5640	727730	754086	1	0
79.070019	200	204	4	5640	727730	754086	1	0
79.079543	200	204	4	5640	727730	754086	1	0
79.093263	200	204	4	5640	727730	754086	1	0
79.106641	200	204	4	5640	727730	754086	1	0
79.111881	200	204	4	5640	727730	754086	1	0
79.124638	200	204	4	5640	727730	754086	1	0
79.130207	200	204	4	5640	727730	754086	1	0
79.138648	200	204	4	5640	727730	754086	1	0
79.145709	200	204	4	5640	727730	754086	1	0
79.152998	200	204	4	5640	727730	754086	1	0
79.167159	200	204	4	5640	727730	754086	1	0
79.182180	200	204	4	5640	727730	754086	1	0
79.190715	200	204	4	5640	727730	754086	1	0
79.203595	200	204	4	5640	727730	754086	1	0
79.213853	200	204	4	5640	727730	754086	1	0
79.223127	200	204	4	5640	727730	754086	1	0
79.236154	200	204	4	5640	727730	754086	1	0
79.245161	200	204	4	5640	727730	754086	1	0
79.257434	200	204	4	5640	727730	754086	1	0
79.270981	200	204	4	5640	727730	754086	1	0
79.277502	200	204	4	5640	727730	754086	1	0
79.283916	200	204	4	5640	727730	754086	1	0
79.295420	200	204	4	5640	727730	754086	1	0
79.304227	200	204	4	5640	727730	754086	1	0
79.312017	200	204	4	5640	727730	754086	1	0
79.318049	200	204	4	5640	727730	754086	1	0
79.325665	200	204	4	5640	727730	754086	1	0
79.332621	200	204	4	5640	727730	754086	1	0
79.347127	200	204	4	5640	727730	754086	1	0
79.359011	200	204	4	5640	727730	754086	1	0
79.373890	200	204	4	5640	727730	754086	1	0
79.385157	200	204	4	5640	727730	754086	1	0
79.397071	200	204	4	5640	727730	754086	1	0
79.407646	200	204	4	5640	727730	754086	1	0
79.415915	200	204	4	5640	727730	754086	1	0
79.428821	200	204	4	5640	727730	754086	1	0
79.441521	200	204	4	5640	727730	754086	1	0
79.451880	200	204	4	5640	727730	754086	1	0
79.466065	200	204	4	5640	727730	754086	1	0
79.481169	200	204	4	5640	727730	754086	1	0
79.488401	200	204	4	5640	727730	754086	1	0
79.494648	200	204	4	5640	727730	754086	1	0
79.503345	200	204	4	5640	727730	754086	1	0
79.514103	200	204	4	5640	727730	754086	1	0
79.519938	200	204	4	5640	727730	754086	1	0
79.530060	200	204	4	5640	727730	754086	1	0
79.536908	200	204	4	5640	727730	754086	1	0
79.546561	200	204	4	5640	727730	754086	1	0
79.557870	200	204	4	5640	727730	754086	1	0
79.568358	200	204	4	5640	727730	754086	1	0
79.583503	200	204	4	5640	727730	754086	1	0
79.593349	200	204	4	5640	727730	754086	1	0
79.601903	200	204	4	5640	727730	754086	1	0
79.613284	200	204	4	5640	727730	754086	1	0
79.626115	200	204	4	5640	727730	754086	1	0
79.634492	200	204	4	5640	727730	754086	1	0
79.646216	200	204	4	5640	727730	754086	1	0
79.658728	200	204	4	5640	727730	754086	1	0
79.669083	200	204	4	5640	727730	754086	1	0
79.683270	200	204	4	5640	727730	754086	1	0
79.697967	200	204	4	5640	727730	754086	1	0
79.709134	200	204	4	5640	727730	754086	1	0
79.716277	200	204	4	5640	727730	754086	1	0
79.728130	200	204	4	5640	727730	754086	1	0
79.741769	200	204	4	5640	727730	754086	1	0
79.748995	200	204	4	5640	727730	754086	1	0
79.755275	200	204	4	5640	727730	754086	1	0
79.765263	200	204	4	5640	727730	754086	1	0
79.775795	200	204	4	5640	727730	754086	1	0
79.788452	200	204	4	5640	727730	754086	1	0
79.801658	200	204	4	5640	727730	754086	1	0
79.815681	200	204	4	5640	727730	754086	1	0
79.825504	200	204	4	5640	727730	754086	1	0
79.832469	200	204	4	5640	727730	754086	1	0
79.838164	200	204	4	5640	727730	754086	1	0
79.850914	200	204	4	5640	727730	754086	1	0
79.865020	200	204	4	5640	727730	754086	1	0
79.872739	200	204	4	5640	727730	754086	1	0
79.879073	200	204	4	5640	727730	754086	1	0
79.890267	200	204	4	5640	727730	754086	1	0
79.900465	200	204	4	5640	727730	754086	1	0
79.906422	200	204	4	5640	727730	754086	1	0
79.912771	200	204	4	5640	727730	754086	1	0
79.926526	200	204	4	5640	727730	754086	1	0
79.938311	200	204	4	5640	727730	754086	1	0
79.951966	200	204	4	5640	727730	754086	1	0
79.961655	200	204	4	5640	727730	754086	1	0
79.967134	200	204	4	5640	727730	754086	1	0
79.977133	200	204	4	5640	727730	754086	1	0
79.987562	200	204	4	5640	727730	754086	1	0
79.999220	200	204	4	5640	727730	754086	1	0
80.007216	200	204	4	5640	727730	754086	1	0
80.018254	200	204	4	5640	727730	754086	1	0
80.031986	200	204	4	5640	727730	754086	1	0
80.039023	200	204	4	5640	727730	754086	1	0
80.051382	200	204	4	5640	727730	754086	1	0
80.057506	200	204	4	5640	727730	754086	1	0
80.064106	200	204	4	5640	727730	754086	1	0
80.069811	200	204	4	5640	727730	754086	1	0
80.077211	200	204	4	5640	727730	754086	1	0
80.088296	200	204	4	5640	727730	754086	1	0
80.098639	200	204	4	5640	727730	754086	1	0
80.104721	200	204	4	5640	727730	754086	1	0
80.117192	200	204	4	5640	727730	754086	1	0
80.128588	200	204	4	5640	727730	754086	1	0
80.139744	200	204	4	5640	727730	754086	1	0
80.153594	200	204	4	5640	727730	754086	1	0
80.161133	200	204	4	5640	727730	754086	1	0
80.173420	200	204	4	5640	727730	754086	1	0
80.185332	200	204	4	5640	727730	754086	1	0
80.197741	200	204	4	5640	727730	754086	1	0
80.209678	200	204	4	5640	727730	754086	1	0
80.223857	200	204	4	5640	727730	754086	1	0
80.238470	200	204	4	5640	727730	754086	1	0
80.246056	200	204	4	5640	727730	754086	1	0
80.256589	200	204	4	5640	727730	754086	1	0
80.263740	200	204	4	5640	727730	754086	1	0
80.275588	200	204	4	5640	727730	754086	1	0
80.290074	200	204	4	5640	727730	754086	1	0
80.302051	200	204	4	5640	727730	754086	1	0
80.313082	200	204	4	5640	727730	754086	1	0
80.328023	200	204	4	5640	727730	754086	1	0
80.342275	200	204	4	5640	727730	754086	1	0
80.356994	200	204	4	5640	727730	754086	1	0
80.369503	200	204	4	5640	727730	754086	1	0
80.382439	200	204	4	5640	727730	754086	1	0
80.394001	200	204	4	5640	727730	754086	1	0
80.407524	200	204	4	5640	727730	754086	1	0
80.415726	200	204	4	5640	727730	754086	1	0
80.424136	200	204	4	5640	727730	754086	1	0
80.429605	200	204	4	5640	727730	754086	1	0
80.441990	200	204	4	5640	727730	754086	1	0
80.447487	200	204	4	5640	727730	754086	1	0
80.457877	200	204	4	5640	727730	754086	1	0
80.473026	200	204	4	5640	727730	754086	1	0
80.487752	200	204	4	5640	727730	754086	1	0
80.493119	200	204	4	5640	727730	754086	1	0
80.505327	200	204	4	5640	727730	754086	1	0
80.513868	200	204	4	5640	727730	754086	1	0
80.523708	200	204	4	5640	727730	754086	1	0
80.533051	200	204	4	5640	727730	754086	1	0
80.547254	200	204	4	5640	727730	754086	1	0
80.555888	200	204	4	5640	727730	754086	1	0
80.565424	200	204	4	5640	727730	754086	1	0
80.575798	200	204	4	5640	727730	754086	1	0
80.581872	200	204	4	5640	727730	754086	1	0
80.593505	200	204	4	5640	727730	754086	1	0
80.605768	200	204	4	5640	727730	754086	1	0
80.618583	200	204	4	5640	727730	754086	1	0
80.631261	200	204	4	5640	727730	754086	1	0
80.645440	200	204	4	5640	727730	754086	1	0
80.651042	200	204	4	5640	727730	754086	1	0
80.665309	200	204	4	5640	727730	754086	1	0
80.672491	200	204	4	5640	727730	754086	1	0
80.681155	200	204	4	5640	727730	754086	1	0
80.695542	200	204	4	5640	727730	754086	1	0
80.709988	200	204	4	5640	727730	754086	1	0
80.718399	200	204	4	5640	727730	754086	1	0
80.728181	200	204	4	5640	727730	754086	1	0
80.734477	200	204	4	5640	727730	754086	1	0
80.742188	200	204	4	5640	727730	754086	1	0
80.756763	200	204	4	5640	727730	754086	1	0
80.766313	200	204	4	5640	727730	754086	1	0
80.774444	200	204	4	5640	727730	754086	1	0
80.781041	200	204	4	5640	727672	754086	1	0
80.790483	200	204	4	5640	727672	754086	1	0
80.805577	200	204	4	5640	727672	754086	1	0
80.820282	200	204	4	5640	727672	754086	1	0
80.827582	200	204	4	5640	727672	754086	1	0
80.836910	200	204	4	5640	727672	754086	1	0
80.842810	200	204	4	5640	727672	754086	1	0
80.856492	200	204	4	5640	727672	754086	1	0
80.868207	200	204	4	5640	727672	754086	1	0
80.874630	200	204	4	5640	727672	754086	1	0
80.881759	200	204	4	5640	727672	754086	1	0
80.896258	200	204	4	5640	727672	754086	1	0
80.902627	200	204	4	5640	727672	754086	1	0
80.908199	200	204	4	5640	727672	754086	1	0
80.916293	200	204	4	5640	727672	754086	1	0
80.922573	200	204	4	5640	727672	754086	1	0
80.936910	200	204	4	5640	727672	754086	1	0
80.945812	200	204	4	5640	727672	754086	1	0
80.953156	200	204	4	5640	727672	754086	1	0
80.961990	200	204	4	5640	727672	754086	1	0
80.967735	200	204	4	5640	727672	754086	1	0
80.978554	200	204	4	5640	727672	754086	1	0
80.991811	200	204	4	5640	727672	754086	1	0
81.002928	200	204	4	5640	727672	754086	1	0
81.012961	200	204	4	5640	727672	754086	1	0
81.019622	200	204	4	5640	727672	754086	1	0
81.032650	200	204	4	5640	727672	754086	1	0
81.038106	200	204	4	5640	727672	754086	1	0
81.050205	200	204	4	5640	727672	754086	1	0
81.057362	200	204	4	5640	727672	754086	1	0
81.063244	200	204	4	5640	727672	754086	1	0
81.074017	200	204	4	5640	727672	754086	1	0
81.088751	200	204	4	5640	727672	754086	1	0
81.100544	200	204	4	5640	727672	754086	1	0
81.107193	200	204	4	5640	727672	754086	1	0
81.117460	200	204	4	5640	727672	754086	1	0
81.130790	200	204	4	5640	727672	754086	1	0
81.144292	200	204	4	5640	727672	754086	1	0
81.150602	200	204	4	5640	727672	754086	1	0
81.163608	200	204	4	5640	727672	754086	1	0
81.172716	200	204	4	5640	727672	754086	1	0
81.185128	200	204	4	5640	727672	754086	1	0
81.199446	200	204	4	5640	727672	754086	1	0
81.207275	200	204	4	5640	727672	754086	1	0
81.221050	200	204	4	5640	727672	754086	1	0
81.233518	200	204	4	5640	727672	754086	1	0
81.244619	200	204	4	5640	727672	754086	1	0
81.257093	200	204	4	5641	727672	754086	1	0
81.264965	200	204	4	5641	727672	754086	1	0
81.278740	200	204	4	5641	727672	754086	1	0
81.284816	200	204	4	5641	727672	754086	1	0
81.294535	200	204	4	5641	727672	754086	1	0
81.303763	200	204	4	5641	727672	754086	1	0
81.314257	200	204	4	5641	727672	754086	1	0
81.327572	200	204	4	5641	727672	754086	1	0
81.338903	200	204	4	5641	727672	754086	1	0
81.350465	200	204	4	5641	727672	754086	1	0
81.364716	200	204	4	5641	727672	754086	1	0
81.374352	200	204	4	5641	727672	754086	1	0
81.387376	200	204	4	5641	727672	754086	1	0
81.392870	200	204	4	5641	727672	754086	1	0
81.401028	200	204	4	5641	727672	754086	1	0
81.412286	200	204	4	5641	727672	754086	1	0
81.425061	200	204	4	5641	727672	754086	1	0
81.437043	200	204	4	5641	727672	754086	1	0
81.443906	200	204	4	5641	727672	754086	1	0
81.449838	200	204	4	5641	727672	754086	1	0
81.462352	200	204	4	5641	727672	754086	1	0
81.476221	200	204	4	5641	727672	754086	1	0
81.491418	200	204	4	5641	727672	754086	1	0
81.505452	200	204	4	5641	727672	754086	1	0
81.517399	200	204	4	5641	727672	754086	1	0
81.531531	200	204	4	5641	727672	754086	1	0
81.545814	200	204	4	5641	727672	754086	1	0
81.555171	200	204	4	5641	727672	754086	1	0
81.568191	200	204	4	5641	727672	754086	1	0
81.574458	200	204	4	5641	727672	754086	1	0
81.589646	200	204	4	5641	727672	754086	1	0
81.602585	200	204	4	5641	727672	754086	1	0
81.608442	200	204	4	5641	727672	754086	1	0
81.619706	200	204	4	5641	727672	754086	1	0
81.625436	200	204	4	5641	727672	754086	1	0
81.631042	200	204	4	5641	727672	754086	1	0
81.641931	200	204	4	5641	727672	754086	1	0
81.652499	200	204	4	5641	727672	754086	1	0
81.662241	200	204	4	5641	727672	754086	1	0
81.674156	200	204	4	5641	727672	754086	1	0
81.688134	200	204	4	5641	727672	754086	1	0
81.693696	200	204	4	5641	727672	754086	1	0
81.705137	200	204	4	5641	727672	754086	1	0
81.715972	200	204	4	5641	727672	754086	1	0
81.725863	200	204	4	5641	727672	754086	1	0
81.735315	200	204	4	5641	727672	754086	1	0
81.742894	200	204	4	5641	727672	754086	1	0
81.753914	200	204	4	5641	727672	754086	1	0
81.763655	200	204	4	5641	727672	754086	1	0
81.770723	200	204	4	5641	727672	754086	1	0
81.781791	200	204	4	5641	727672	754086	1	0
81.796500	200	204	4	5641	727672	754086	1	0
81.810090	200	204	4	5641	727672	754086	1	0
81.822535	200	204	4	5641	727672	754086	1	0
81.832446	200	204	4	5641	727672	754086	1	0
81.843087	200	204	4	5641	727672	754086	1	0
81.857798	200	204	4	5641	727672	754086	1	0
81.867568	200	204	4	5641	727672	754086	1	0
81.877275	200	204	4	5641	727672	754086	1	0
81.886585	200	204	4	5641	727672	754086	1	0
81.891897	200	204	4	5641	727672	754086	1	0
81.900366	200	204	4	5641	727672	754086	1	0
81.910713	200	204	4	5642	727672	754086	1	0
81.922390	200	204	4	5642	727672	754086	1	0
81.931418	200	204	4	5642	727672	754086	1	0
81.939091	200	204	4	5642	727672	754086	1	0
81.952791	200	204	4	5642	727672	754086	1	0
81.967427	200	204	4	5642	727672	754086	1	0
81.977158	200	204	4	5642	727672	754086	1	0
81.990941	200	204	4	5642	727672	754086	1	0
82.002163	200	204	4	5642	727672	754086	1	0
82.010555	200	204	4	5642	727672	754086	1	0
82.017300	200	204	4	5642	727672	754086	1	0
82.026188	200	204	4	5642	727672	754086	1	0
82.039927	200	204	4	5642	727672	754086	1	0
82.051789	200	204	4	5642	727672	754086	1	0
82.060342	200	204	4	5642	727672	754086	1	0
82.072787	200	204	4	5642	727672	754086	1	0
82.085931	200	204	4	5642	727672	754086	1	0
82.100658	200	204	4	5642	727672	754086	1	0
82.115300	200	204	4	5642	727672	754086	1	0
82.126353	200	204	4	5642	727672	754086	1	0
82.139100	200	204	4	5642	727672	754086	1	0
82.149234	200	204	4	5642	727672	754086	1	0
82.163287	200	204	4	5642	727672	754086	1	0
82.172705	200	204	4	5642	727672	754086	1	0
82.186195	200	204	4	5642	727672	754086	1	0
82.194586	200	204	4	5642	727672	754086	1	0
82.208975	200	204	4	5642	727672	754086	1	0
82.222235	200	204	4	5642	727672	754086	1	0
82.231272	200	204	4	5642	727672	754086	1	0
82.245284	200	204	4	5642	727672	754086	1	0
82.251971	200	204	4	5642	727672	754086	1	0
82.260389	200	204	4	5642	727672	754086	1	0
82.275114	200	204	4	5642	727672	754086	1	0
82.286087	200	204	4	5642	727672	754086	1	0
82.296833	200	204	4	5642	727672	754086	1	0
82.310791	200	204	4	5642	727672	754086	1	0
82.325861	200	204	4	5642	727672	754086	1	0
82.331371	200	204	4	5642	727672	754086	1	0
82.340495	200	204	4	5642	727672	754086	1	0
82.355580	200	204	4	5642	727672	754086	1	0
82.361592	200	204	4	5642	727672	754086	1	0
82.373211	200	204	4	5642	727672	754086	1	0
82.379599	200	204	4	5642	727672	754086	1	0
82.393790	200	204	4	5642	727672	754086	1	0
82.408897	200	204	4	5642	727672	754086	1	0
82.414174	200	204	4	5642	727672	754086	1	0
82.424378	200	204	4	5642	727672	754086	1	0
82.437214	200	204	4	5642	727672	754086	1	0
82.443623	200	204	4	5642	727672	754086	1	0
82.457504	200	204	4	5642	727672	754086	1	0
82.463094	200	204	4	5642	727672	754086	1	0
82.471577	200	204	4	5642	727672	754086	1	0
82.477193	200	204	4	5642	727672	754086	1	0
82.484301	200	204	4	5642	727672	754086	1	0
82.492200	200	204	4	5642	727672	754086	1	0
82.506358	200	204	4	5642	727672	754086	1	0
82.513529	200	204	4	5642	727672	754086	1	0
82.523478	200	204	4	5643	727672	754086	1	0
82.536309	200	204	4	5643	727672	754086	1	0
82.542927	200	204	4	5643	727672	754086	1	0
82.553345	200	204	4	5643	727672	754086	1	0
82.567533	200	204	4	5643	727672	754086	1	0
82.582446	200	204	4	5643	727672	754086	1	0
82.595470	200	204	4	5643	727672	754086	1	0
82.610228	200	204	4	5643	727672	754086	1	0
82.622840	200	204	4	5643	727672	754086	1	0
82.630127	200	204	4	5643	727672	754086	1	0
82.638400	200	204	4	5643	727672	754086	1	0
82.651186	200	204	4	5643	727672	754086	1	0
82.659160	200	204	4	5643	727672	754086	1	0
82.667051	200	204	4	5643	727672	754086	1	0
82.672771	200	204	4	5643	727672	754086	1	0
82.684478	200	204	4	5643	727672	754086	1	0
82.691308	200	204	4	5643	727672	754086	1	0
82.701505	200	204	4	5643	727672	754086	1	0
82.711334	200	204	4	5643	727672	754086	1	0
82.721457	200	204	4	5643	727672	754086	1	0
82.726773	200	204	4	5643	727672	754086	1	0
82.738499	200	204	4	5643	727672	754086	1	0
82.749287	200	204	4	5643	727672	754086	1	0
82.762676	200	204	4	5643	727672	754086	1	0
82.769031	200	204	4	5643	727672	754086	1	0
82.783918	200	204	4	5643	727672	754086	1	0
82.796553	200	204	4	5643	727672	754086	1	0
82.806739	200	204	4	5643	727672	754086	1	0
82.813102	200	204	4	5643	727672	754086	1	0
82.818682	200	204	4	5643	727672	754086	1	0
82.827042	200	204	4	5643	727672	754086	1	0
82.833394	200	204	4	5643	727672	754086	1	0
82.843824	200	204	4	5643	727672	754086	1	0
82.854309	200	204	4	5643	727672	754086	1	0
82.867942	200	204	4	5643	727672	754086	1	0
82.875430	200	204	4	5643	727672	754086	1	0
82.887954	200	204	4	5643	727672	754086	1	0
82.902243	200	204	4	5643	727672	754086	1	0
82.915043	200	204	4	5643	727672	754086	1	0
82.921865	200	204	4	5643	727672	754086	1	0
82.928484	200	204	4	5643	727672	754086	1	0
82.938433	200	204	4	5643	727672	754086	1	0
82.944510	200	204	4	5643	727672	754086	1	0
82.952664	200	204	4	5643	727672	754086	1	0
82.960755	200	204	4	5643	727672	754086	1	0
82.968076	200	204	4	5643	727672	754086	1	0
82.981411	200	204	4	5643	727672	754086	1	0
82.991854	200	204	4	5643	727672	754086	1	0
83.005939	200	204	4	5643	727672	754086	1	0
83.017693	200	204	4	5643	727672	754086	1	0
83.024396	200	204	4	5643	727672	754086	1	0
83.034596	200	204	4	5643	727672	754086	1	0
83.040147	200	204	4	5643	727672	754086	1	0
83.047211	200	204	4	5643	727672	754086	1	0
83.057498	200	204	4	5643	727672	754086	1	0
83.067734	200	204	4	5643	727672	754086	1	0
83.077666	200	204	4	5643	727672	754086	1	0
83.089372	200	204	4	5643	727672	754086	1	0
83.102037	200	204	4	5643	727672	754086	1	0
83.113685	200	204	4	5643	727672	754086	1	0
83.124478	200	204	4	5644	727672	754086	1	0
83.139057	200	204	4	5644	727672	754086	1	0
83.145987	200	204	4	5644	727672	754086	1	0
83.153630	200	204	4	5644	727672	754086	1	0
83.160334	200	204	4	5644	727672	754086	1	0
83.175166	200	204	4	5644	727672	754086	1	0
83.187490	200	204	4	5644	727672	754086	1	0
83.194339	200	204	4	5644	727672	754086	1	0
83.202712	200	204	4	5644	727672	754086	1	0
83.210354	200	204	4	5644	727672	754086	1	0
83.223335	200	204	4	5644	727672	754086	1	0
83.234442	200	204	4	5644	727672	754086	1	0
83.247461	200	204	4	5644	727672	754086	1	0
83.259941	200	204	4	5644	727672	754086	1	0
83.270313	200	204	4	5644	727672	754086	1	0
83.276169	200	204	4	5644	727672	754086	1	0
83.285473	200	204	4	5644	727672	754086	1	0
83.300493	200	204	4	5644	727672	754086	1	0
83.315165	200	204	4	5644	727672	754086	1	0
83.327816	200	204	4	5644	727672	754086	1	0
83.334598	200	204	4	5644	727672	754086	1	0
83.346463	200	204	4	5644	727672	754086	1	0
83.352404	200	204	4	5644	727672	754086	1	0
83.357601	200	204	4	5644	727672	754086	1	0
83.368812	200	204	4	5644	727672	754086	1	0
83.376600	200	204	4	5644	727672	754086	1	0
83.390309	200	204	4	5644	727672	754086	1	0
83.402873	200	204	4	5644	727672	754086	1	0
83.412295	200	204	4	5644	727672	754086	1	0
83.427166	200	204	4	5644	727672	754086	1	0
83.436845	200	204	4	5644	727672	754086	1	0
83.445657	200	204	4	5644	727672	754086	1	0
83.450921	200	204	4	5644	727672	754086	1	0
83.461126	200	204	4	5644	727672	754086	1	0
83.469959	200	204	4	5644	727672	754086	1	0
83.481498	200	204	4	5644	727672	754086	1	0
83.492754	200	204	4	5644	727672	754086	1	0
83.506688	200	204	4	5644	727672	754086	1	0
83.520404	200	204	4	5644	727672	754086	1	0
83.534231	200	204	4	5644	727672	754086	1	0
83.542779	200	204	4	5644	727672	754086	1	0
83.555223	200	204	4	5644	727672	754086	1	0
83.563875	200	204	4	5644	727672	754086	1	0
83.574234	200	204	4	5644	727672	754086	1	0
83.583163	200	204	4	5644	727672	754086	1	0
83.593741	200	204	4	5644	727672	754086	1	0
83.607435	200	204	4	5644	727672	754086	1	0
83.620514	200	204	4	5644	727672	754086	1	0
83.628994	200	204	4	5644	727672	754086	1	0
83.636257	200	204	4	5644	727672	754086	1	0
83.642154	200	204	4	5644	727672	754086	1	0
83.657093	200	204	4	5644	727672	754086	1	0
83.669773	200	204	4	5644	727672	754086	1	0
83.684183	200	204	4	5644	727672	754086	1	0
83.690434	200	204	4	5644	727672	754086	1	0
83.701606	200	204	4	5644	727672	754086	1	0
83.710478	200	204	4	5645	727672	754086	1	0
83.720475	200	204	4	5645	727672	754086	1	0
83.727429	200	204	4	5645	727672	754086	1	0
83.740211	200	204	4	5645	727672	754086	1	0
83.753962	200	204	4	5645	727672	754086	1	0
83.768982	200	204	4	5645	727672	754086	1	0
83.780178	200	204	4	5645	727672	754086	1	0
83.793640	200	204	4	5645	727672	754086	1	0
83.805833	200	204	4	5645	727672	754086	1	0
83.811386	200	204	4	5645	727672	754086	1	0
83.817158	200	204	4	5645	727672	754086	1	0
83.828073	200	204	4	5645	727672	754086	1	0
83.833486	200	204	4	5645	727672	754086	1	0
83.844184	200	204	4	5645	727672	754086	1	0
83.858177	200	204	4	5645	727672	754086	1	0
83.868067	200	204	4	5645	727672	754086	1	0
83.873350	200	204	4	5645	727672	754086	1	0
83.881949	200	204	4	5645	727672	754086	1	0
83.894241	200	204	4	5645	727672	754086	1	0
83.902719	200	204	4	5645	727672	754086	1	0
83.913049	200	204	4	5645	727672	754086	1	0
83.920292	200	204	4	5645	727672	754086	1	0
83.927738	200	204	4	5645	727672	754086	1	0
83.942596	200	204	4	5645	727672	754086	1	0
83.951201	200	204	4	5645	727672	754086	1	0
83.959480	200	204	4	5645	727672	754086	1	0
83.974554	200	204	4	5645	727672	754086	1	0
83.984392	200	204	4	5645	727672	754086	1	0
83.990690	200	204	4	5645	727672	754086	1	0
84.001649	200	204	4	5645	727672	754086	1	0
84.014938	200	204	4	5645	727672	754086	1	0
84.024459	200	204	4	5645	727672	754086	1	0
84.031192	200	204	4	5645	727672	754086	1	0
84.043931	200	204	4	5645	727672	754086	1	0
84.050000	200	204	4	5645	727672	754086	1	0
84.065291	200	204	4	5645	727672	754086	1	0
84.078975	200	204	4	5645	727672	754086	1	0
84.091024	200	204	4	5645	727672	754086	1	0
84.101170	200	204	4	5645	727672	754086	1	0
84.115112	200	204	4	5645	727672	754086	1	0
84.120877	200	204	4	5645	727672	754086	1	0
84.135741	200	204	4	5645	727672	754086	1	0
84.142816	200	204	4	5645	727672	754086	1	0
84.152284	200	204	4	5645	727672	754086	1	0
84.164623	200	204	4	5645	727672	754086	1	0
84.172384	200	204	4	5645	727672	754086	1	0
84.178235	200	204	4	5645	727672	754086	1	0
84.189367	200	204	4	5645	727672	754086	1	0
84.204043	200	204	4	5645	727672	754086	1	0
84.215834	200	204	4	5645	727672	754086	1	0
84.230356	200	204	4	5645	727672	754086	1	0
84.236538	200	204	4	5645	727672	754086	1	0
84.251085	200	204	4	5645	727672	754086	1	0
84.261080	200	204	4	5645	727672	754086	1	0
84.274717	200	204	4	5645	727672	754086	1	0
84.285408	200	204	4	5645	727672	754086	1	0
84.296899	200	204	4	5645	727672	754086	1	0
84.310885	200	204	4	5645	727672	754086	1	0
84.322132	200	204	4	5645	727672	754086	1	0
84.336830	200	204	4	5645	727672	754086	1	0
84.342565	200	204	4	5645	727672	754086	1	0
84.355736	200	204	4	5645	727672	754086	1	0
84.370391	200	204	4	5645	727672	754086	1	0
84.384803	200	204	4	5645	727672	754086	1	0
84.393355	200	204	4	5645	727672	754086	1	0
84.400021	200	204	4	5645	727672	754086	1	0
84.411684	200	204	4	5646	727672	754086	1	0
84.419100	200	204	4	5646	727672	754086	1	0
84.431432	200	204	4	5646	727672	754086	1	0
84.438390	200	204	4	5646	727672	754086	1	0
84.446501	200	204	4	5646	727672	754086	1	0
84.454740	200	204	4	5646	727672	754086	1	0
84.463695	200	204	4	5646	727672	754086	1	0
84.474875	200	204	4	5646	727672	754086	1	0
84.486092	200	204	4	5646	727672	754086	1	0
84.498667	200	204	4	5646	727672	754086	1	0
84.507781	200	204	4	5646	727672	754086	1	0
84.518735	200	204	4	5646	727672	754086	1	0
84.526295	200	204	4	5646	727672	754086	1	0
84.532416	200	204	4	5646	727672	754086	1	0
84.539112	200	204	4	5646	727672	754086	1	0
84.550679	200	204	4	5646	727672	754086	1	0
84.556118	200	204	4	5646	727672	754086	1	0
84.564610	200	204	4	5646	727672	754086	1	0
84.573355	200	204	4	5646	727672	754086	1	0
84.587916	200	204	4	5646	727672	754086	1	0
84.594718	200	204	4	5646	727672	754086	1	0
84.609078	200	204	4	5646	727672	754086	1	0
84.615497	200	204	4	5646	727672	754086	1	0
84.629284	200	204	4	5646	727672	754086	1	0
84.638278	200	204	4	5646	727672	754086	1	0
84.646392	200	204	4	5646	727672	754086	1	0
84.654165	200	204	4	5646	727672	754086	1	0
84.662665	200	204	4	5646	727672	754086	1	0
84.673253	200	204	4	5646	727672	754086	1	0
84.683099	200	204	4	5646	727672	754086	1	0
84.693794	200	204	4	5646	727672	754086	1	0
84.705861	200	204	4	5646	727672	754086	1	0
84.718862	200	204	4	5646	727672	754086	1	0
84.725591	200	204	4	5646	727672	754086	1	0
84.732003	200	204	4	5646	727672	754086	1	0
84.743994	200	204	4	5646	727672	754086	1	0
84.756603	200	204	4	5646	727672	754086	1	0
84.763131	200	204	4	5646	727672	754086	1	0
84.772908	200	204	4	5646	727672	754086	1	0
84.786735	200	204	4	5646	727672	754086	1	0
84.801441	200	204	4	5646	727672	754086	1	0
84.813465	200	204	4	5646	727672	754086	1	0
84.823938	200	204	4	5646	727672	754086	1	0
84.838189	200	204	4	5646	727672	754086	1	0
84.845541	200	204	4	5646	727672	754086	1	0
84.858726	200	204	4	5646	727672	754086	1	0
84.869997	200	204	4	5646	727672	754086	1	0
84.878870	200	204	4	5646	727672	754086	1	0
84.887557	200	204	4	5646	727672	754086	1	0
84.901068	200	204	4	5646	727672	754086	1	0
84.908248	200	204	4	5646	727672	754086	1	0
84.921724	200	204	4	5646	727672	754086	1	0
84.931204	200	204	4	5646	727672	754086	1	0
84.941187	200	204	4	5646	727672	754086	1	0
84.948482	200	204	4	5646	727672	754086	1	0
84.954696	200	204	4	5646	727672	754086	1	0
84.965101	200	204	4	5646	727672	754086	1	0
84.977916	200	204	4	5646	727672	754086	1	0
84.984750	200	204	4	5646	727672	754086	1	0
84.990697	200	204	4	5646	727672	754086	1	0
84.998476	200	204	4	5646	727672	754086	1	0
85.005232	200	204	4	5646	727672	754086	1	0
85.018694	200	204	4	5646	727672	754086	1	0
85.026069	200	204	4	5646	727672	754086	1	0
85.037262	200	204	4	5646	727672	754086	1	0
85.044831	200	204	4	5646	727672	754086	1	0
85.050614	200	204	4	5646	727672	754086	1	0
85.059078	200	204	4	5647	727672	754086	1	0
85.064838	200	204	4	5647	727672	754086	1	0
85.071012	200	204	4	5647	727672	754086	1	0
85.083025	200	204	4	5647	727672	754086	1	0
85.090987	200	204	4	5647	727672	754086	1	0
85.096988	200	204	4	5647	727672	754086	1	0
85.111798	200	204	4	5647	727672	754086	1	0
85.123234	200	204	4	5647	727672	754086	1	0
85.133339	200	204	4	5647	727672	754086	1	0
85.141058	200	204	4	5647	727672	754086	1	0
85.152051	200	204	4	5647	727672	754086	1	0
85.161275	200	204	4	5647	727672	754086	1	0
85.170334	200	204	4	5647	727672	754086	1	0
85.184959	200	204	4	5647	727672	754086	1	0
85.193515	200	204	4	5647	727672	754086	1	0
85.206370	200	204	4	5647	727672	754086	1	0
85.218286	200	204	4	5647	727672	754086	1	0
85.226515	200	204	4	5647	727672	754086	1	0
85.233370	200	204	4	5647	727672	754086	1	0
85.242647	200	204	4	5647	727672	754086	1	0
85.250604	200	204	4	5647	727672	754086	1	0
85.263802	200	204	4	5647	727672	754086	1	0
85.272617	200	204	4	5647	727672	754086	1	0
85.282712	200	204	4	5647	727672	754086	1	0
85.296707	200	204	4	5647	727672	754086	1	0
85.311113	200	204	4	5647	727672	754086	1	0
85.316778	200	204	4	5647	727672	754086	1	0
85.327491	200	204	4	5647	727672	754086	1	0
85.333738	200	204	4	5647	727672	754086	1	0
85.346564	200	204	4	5647	727672	754086	1	0
85.356712	200	204	4	5647	727672	754086	1	0
85.364021	200	204	4	5647	727672	754086	1	0
85.378244	200	204	4	5647	727672	754086	1	0
85.389856	200	204	4	5647	727672	754086	1	0
85.400117	200	204	4	5647	727672	754086	1	0
85.413121	200	204	4	5647	727672	754086	1	0
85.424438	200	204	4	5647	727672	754086	1	0
85.434218	200	204	4	5647	727672	754086	1	0
85.443707	200	204	4	5647	727672	754086	1	0
85.450340	200	204	4	5647	727672	754086	1	0
85.458363	200	204	4	5647	727672	754086	1	0
85.465817	200	204	4	5647	727672	754086	1	0
85.476622	200	204	4	5647	727672	754086	1	0
85.484147	200	204	4	5647	727672	754086	1	0
85.496973	200	204	4	5647	727672	754086	1	0
85.504500	200	204	4	5647	727672	754086	1	0
85.514672	200	204	4	5647	727672	754086	1	0
85.523897	200	204	4	5647	727672	754086	1	0
85.529096	200	204	4	5647	727672	754086	1	0
85.541535	200	204	4	5647	727672	754086	1	0
85.548963	200	204	4	5647	727672	754086	1	0
85.560589	200	204	4	5647	727672	754086	1	0
85.569430	200	204	4	5647	727672	754086	1	0
85.584354	200	204	4	5647	727672	754086	1	0
85.598699	200	204	4	5647	727672	754086	1	0
85.612807	200	204	4	5647	727672	754086	1	0
85.620383	200	204	4	5647	727672	754086	1	0
85.629552	200	204	4	5647	727672	754086	1	0
85.642761	200	204	4	5647	727672	754086	1	0
85.650147	200	204	4	5647	727672	754086	1	0
85.664421	200	204	4	5647	727672	754086	1	0
85.674503	200	204	4	5647	727672	754086	1	0
85.686747	200	204	4	5647	727672	754086	1	0
85.693067	200	204	4	5647	727672	754086	1	0
85.699241	200	204	4	5647	727672	754086	1	0
85.706759	200	204	4	5647	727672	754086	1	0
85.718448	200	204	4	5647	727672	754086	1	0
85.724365	200	204	4	5647	727672	754086	1	0
85.732408	200	204	4	5647	727672	754086	1	0
85.745055	200	204	4	5647	727672	754086	1	0
85.756022	200	204	4	5647	727672	754086	1	0
85.768113	200	204	4	5647	727672	754086	1	0
85.773328	200	204	4	5647	727672	754086	1	0
85.786163	200	204	4	5647	727672	754086	1	0
85.800488	200	204	4	5647	727672	754086	1	0
85.810673	200	204	4	5647	727672	754086	1	0
85.816283	200	204	4	5648	727672	754086	1	0
85.829846	200	204	4	5648	727672	754086	1	0
85.842239	200	204	4	5648	727672	754086	1	0
85.851701	200	204	4	5648	727672	754086	1	0
85.859273	200	204	4	5648	727672	754086	1	0
85.872594	200	204	4	5648	727672	754086	1	0
85.881987	200	204	4	5648	727672	754086	1	0
85.893548	200	204	4	5648	727672	754086	1	0
85.899740	200	204	4	5648	727672	754086	1	0
85.906462	200	204	4	5648	727672	754086	1	0
85.920324	200	204	4	5648	727672	754086	1	0
85.929312	200	204	4	5648	727672	754086	1	0
85.937038	200	204	4	5648	727672	754086	1	0
85.943305	200	204	4	5648	727672	754086	1	0
85.952474	200	204	4	5648	727672	754086	1	0
85.960254	200	204	4	5648	727672	754086	1	0
85.974445	200	204	4	5648	727672	754086	1	0
85.986324	200	204	4	5648	727672	754086	1	0
86.001053	200	204	4	5648	727672	754086	1	0
86.007873	200	204	4	5648	727672	754086	1	0
86.021240	200	204	4	5648	727672	754086	1	0
86.034051	200	204	4	5648	727672	754086	1	0
86.039831	200	204	4	5648	727672	754086	1	0
86.048579	200	204	4	5648	727672	754086	1	0
86.063345	200	204	4	5648	727672	754086	1	0
86.071396	200	204	4	5648	727672	754086	1	0
86.084229	200	204	4	5648	727672	754086	1	0
86.095806	200	204	4	5648	727672	754086	1	0
86.102227	200	204	4	5648	727672	754086	1	0
86.116774	200	204	4	5648	727672	754086	1	0
86.124815	200	204	4	5648	727672	754086	1	0
86.137876	200	204	4	5648	727672	754086	1	0
86.151551	200	204	4	5648	727672	754086	1	0
86.159007	200	204	4	5648	727672	754086	1	0
86.172113	200	204	4	5648	727672	754086	1	0
86.184834	200	204	4	5648	727672	754086	1	0
86.198247	200	204	4	5648	727672	754086	1	0
86.206301	200	204	4	5648	727672	754086	1	0
86.212608	200	204	4	5648	727672	754086	1	0
86.219901	200	204	4	5648	727672	754086	1	0
86.232376	200	204	4	5648	727672	754086	1	0
86.242643	200	204	4	5648	727672	754086	1	0
86.249667	200	204	4	5648	727672	754086	1	0
86.260040	200	204	4	5648	727672	754086	1	0
86.268625	200	204	4	5648	727672	754086	1	0
86.276658	200	204	4	5648	727672	754086	1	0
86.282672	200	204	4	5648	727672	754086	1	0
86.291258	200	204	4	5648	727672	754086	1	0
86.303795	200	204	4	5648	727672	754086	1	0
86.318633	200	204	4	5648	727672	754086	1	0
86.324158	200	204	4	5648	727672	754086	1	0
86.337902	200	204	4	5648	727672	754086	1	0
86.346380	200	204	4	5648	727672	754086	1	0
86.355650	200	204	4	5648	727672	754086	1	0
86.363028	200	204	4	5648	727672	754086	1	0
86.369484	200	204	4	5648	727672	754086	1	0
86.376206	200	204	4	5648	727672	754086	1	0
86.386540	200	204	4	5648	727672	754086	1	0
86.395294	200	204	4	5648	727672	754086	1	0
86.404954	200	204	4	5648	727672	754086	1	0
86.416225	200	204	4	5648	727672	754086	1	0
86.422368	200	204	4	5648	727672	754086	1	0
86.428832	200	204	4	5648	727672	754086	1	0
86.440860	200	204	4	5648	727672	754086	1	0
86.448626	200	204	4	5648	727672	754086	1	0
86.457629	200	204	4	5648	727672	754086	1	0
86.463316	200	204	4	5648	727672	754086	1	0
86.471171	200	204	4	5648	727672	754086	1	0
86.483549	200	204	4	5648	727672	754086	1	0
86.491314	200	204	4	5648	727672	754086	1	0
86.498621	200	204	4	5648	727672	754086	1	0
86.507008	200	204	4	5648	727672	754086	1	0
86.520245	200	204	4	5648	727672	754086	1	0
86.530961	200	204	4	5648	727672	754086	1	0
86.536219	200	204	4	5648	727672	754086	1	0
86.547150	200	204	4	5648	727672	754086	1	0
86.561647	200	204	4	5648	727672	754086	1	0
86.572455	200	204	4	5648	727672	754086	1	0
86.582711	200	204	4	5648	727672	754086	1	0
86.593814	200	204	4	5648	727672	754086	1	0
86.607768	200	204	4	5648	727672	754086	1	0
86.619130	200	204	4	5648	727672	754086	1	0
86.626551	200	204	4	5648	727672	754086	1	0
86.638485	200	204	4	5648	727672	754086	1	0
86.651286	200	204	4	5648	727672	754086	1	0
86.665142	200	204	4	5648	727672	754086	1	0
86.677385	200	204	4	5648	727672	754086	1	0
86.683291	200	204	4	5648	727672	754086	1	0
86.697535	200	204	4	5648	727672	754086	1	0
86.706556	200	204	4	5648	727672	754086	1	0
86.721039	200	204	4	5648	727672	754086	1	0
86.728993	200	204	4	5648	727672	754086	1	0
86.741762	200	204	4	5648	727672	754086	1	0
86.755520	200	204	4	5648	727672	754086	1	0
86.763151	200	204	4	5648	727672	754086	1	0
86.773543	200	204	4	5648	727672	754086	1	0
86.781522	200	204	4	5648	727672	754086	1	0
86.792579	200	204	4	5648	727672	754086	1	0
86.798689	200	204	4	5648	727672	754086	1	0
86.810263	200	204	4	5648	727672	754086	1	0
86.820507	200	204	4	5648	727672	754086	1	0
86.830573	200	204	4	5648	727672	754086	1	0
86.840146	200	204	4	5648	727672	754086	1	0
86.851633	200	204	4	5648	727672	754086	1	0
86.860882	200	204	4	5648	727672	754086	1	0
86.869170	200	204	4	5648	727672	754086	1	0
86.877625	200	204	4	5648	727672	754086	1	0
86.882954	200	204	4	5648	727672	754086	1	0
86.889394	200	204	4	5648	727672	754086	1	0
86.902882	200	204	4	5648	727672	754086	1	0
86.915610	200	204	4	5648	727672	754086	1	0
86.926179	200	204	4	5648	727672	754086	1	0
86.933389	200	204	4	5648	727672	754086	1	0
86.939367	200	204	4	5648	727672	754086	1	0
86.952762	200	204	4	5648	727672	754086	1	0
86.965326	200	204	4	5648	727672	754086	1	0
86.972967	200	204	4	5648	727672	754086	1	0
86.985605	200	204	4	5648	727672	754086	1	0
86.998929	200	204	4	5648	727672	754086	1	0
87.008524	200	204	4	5648	727672	754086	1	0
87.017879	200	204	4	5648	727672	754086	1	0
87.024611	200	204	4	5648	727672	754086	1	0
87.035858	200	204	4	5648	727672	754086	1	0
87.042422	200	204	4	5648	727672	754086	1	0
87.056675	200	204	4	5648	727672	754086	1	0
87.069948	200	204	4	5648	727672	754086	1	0
87.084297	200	204	4	5648	727672	754086	1	0
87.095635	200	204	4	5648	727672	754086	1	0
87.109212	200	204	4	5648	727672	754086	1	0
87.118100	200	204	4	5648	727672	754086	1	0
87.131998	200	204	4	5648	727672	754086	1	0
87.139024	200	204	4	5648	727672	754086	1	0
87.151794	200	204	4	5648	727672	754086	1	0
87.163140	200	204	4	5648	727672	754086	1	0
87.173373	200	204	4	5648	727672	754086	1	0
87.179565	200	204	4	5648	727672	754086	1	0
87.189801	200	204	4	5648	727672	754086	1	0
87.199304	200	204	4	5648	727672	754086	1	0
87.207440	200	204	4	5648	727672	754086	1	0
87.220617	200	204	4	5648	727672	754086	1	0
87.235583	200	204	4	5648	727672	754086	1	0
87.248419	200	204	4	5648	727672	754086	1	0
87.257075	200	204	4	5648	727672	754086	1	0
87.271213	200	204	4	5648	727672	754086	1	0
87.278951	200	204	4	5648	727672	754086	1	0
87.290752	200	204	4	5648	727672	754086	1	0
87.296670	200	204	4	5648	727672	754086	1	0
87.308869	200	204	4	5648	727672	754086	1	0
87.316221	200	204	4	5648	727672	754086	1	0
87.327958	200	204	4	5648	727672	754086	1	0
87.342923	200	204	4	5648	727672	754086	1	0
87.348331	200	204	4	5648	727672	754086	1	0
87.356575	200	204	4	5648	727672	754086	1	0
87.371065	200	204	4	5648	727672	754086	1	0
87.380145	200	204	4	5648	727672	754086	1	0
87.385587	200	204	4	5648	727672	754086	1	0
87.397997	200	204	4	5648	727672	754086	1	0
87.403986	200	204	4	5648	727672	754086	1	0
87.416806	200	204	4	5648	727672	754086	1	0
87.431127	200	204	4	5648	727672	754086	1	0
87.438434	200	204	4	5648	727672	754086	1	0
87.447245	200	204	4	5648	727672	754086	1	0
87.452981	200	204	4	5648	727672	754086	1	0
87.459820	200	204	4	5648	727672	754086	1	0
87.472755	200	204	4	5648	727672	754086	1	0
87.487424	200	204	4	5648	727672	754086	1	0
87.500769	200	204	4	5648	727672	754086	1	0
87.512308	200	204	4	5648	727672	754086	1	0
87.520173	200	204	4	5648	727672	754086	1	0
87.532830	200	204	4	5648	727672	754086	1	0
87.542196	200	204	4	5648	727672	754086	1	0
87.551604	200	204	4	5648	727672	754086	1	0
87.562887	200	204	4	5648	727672	754086	1	0
87.573337	200	204	4	5648	727672	754086	1	0
87.587775	200	204	4	5648	727672	754086	1	0
87.599661	200	204	4	5648	727672	754086	1	0
87.608564	200	204	4	5648	727672	754086	1	0
87.615296	200	204	4	5648	727672	754086	1	0
87.625750	200	204	4	5648	727672	754086	1	0
87.640501	200	204	4	5648	727672	754086	1	0
87.650634	200	204	4	5648	727672	754086	1	0
87.659513	200	204	4	5648	727672	754086	1	0
87.671748	200	204	4	5648	727672	754086	1	0
87.683732	200	204	4	5648	727672	754086	1	0
87.690750	200	204	4	5648	727672	754086	1	0
87.705531	200	204	4	5648	727672	754086	1	0
87.712317	200	204	4	5648	727672	754086	1	0
87.724372	200	204	4	5648	727672	754086	1	0
87.732216	200	204	4	5648	727672	754086	1	0
87.746204	200	204	4	5648	727672	754086	1	0
87.760591	200	204	4	5648	727672	754086	1	0
87.767294	200	204	4	5648	727672	754086	1	0
87.778010	200	204	4	5648	727672	754086	1	0
87.786362	200	204	4	5648	727672	754086	1	0
87.795364	200	204	4	5648	727672	754086	1	0
87.805519	200	204	4	5648	727672	754086	1	0
87.819215	200	204	4	5648	727672	754086	1	0
87.833104	200	204	4	5648	727672	754086	1	0
87.840071	200	204	4	5648	727672	754086	1	0
87.847651	200	204	4	5648	727672	754086	1	0
87.855066	200	204	4	5648	727672	754086	1	0
87.863741	200	204	4	5648	727672	754086	1	0
87.871832	200	204	4	5648	727672	754086	1	0
87.881851	200	204	4	5648	727672	754086	1	0
87.890977	200	204	4	5648	727672	754086	1	0
87.904358	200	204	4	5648	727672	754086	1	0
87.916832	200	204	4	5648	727672	754086	1	0
87.930265	200	204	4	5648	727672	754086	1	0
87.939465	200	204	4	5648	727672	754086	1	0
87.947455	200	204	4	5648	727672	754086	1	0
87.953305	200	204	4	5648	727672	754086	1	0
87.960510	200	204	4	5648	727672	754086	1	0
87.973950	200	204	4	5648	727672	754086	1	0
87.982733	200	204	4	5648	727672	754086	1	0
87.990731	200	204	4	5648	727672	754086	1	0
88.002047	200	204	4	5648	727672	754086	1	0
88.016328	200	204	4	5648	727672	754086	1	0
88.025903	200	204	4	5648	727672	754086	1	0
88.039053	200	204	4	5648	727672	754086	1	0
88.047353	200	204	4	5648	727672	754086	1	0
88.062484	200	204	4	5648	727672	754086	1	0
88.072902	200	204	4	5648	727672	754086	1	0
88.083204	200	204	4	5648	727672	754086	1	0
88.091401	200	204	4	5648	727672	754086	1	0
88.104325	200	204	4	5648	727672	754086	1	0
88.114187	200	204	4	5648	727672	754086	1	0
88.121154	200	204	4	5648	727672	754086	1	0
88.127219	200	204	4	5648	727672	754086	1	0
88.137182	200	204	4	5648	727672	754086	1	0
88.149997	200	204	4	5648	727672	754086	1	0
88.163439	200	204	4	5648	727672	754086	1	0
88.177286	200	204	4	5648	727672	754086	1	0
88.190537	200	204	4	5648	727672	754086	1	0
88.197359	200	204	4	5648	727672	754086	1	0
88.209570	200	204	4	5648	727672	754086	1	0
88.215074	200	204	4	5648	727672	754086	1	0
88.224940	200	204	4	5648	727672	754086	1	0
88.235244	200	204	4	5648	727672	754086	1	0
88.241088	200	204	4	5648	727672	754086	1	0
88.253603	200	204	4	5648	727672	754086	1	0
88.267958	200	204	4	5648	727672	754086	1	0
88.279710	200	204	4	5648	727672	754086	1	0
88.292767	200	204	4	5648	727672	754086	1	0
88.305284	200	204	4	5648	727672	754086	1	0
88.313318	200	204	4	5648	727672	754086	1	0
88.324634	200	204	4	5648	727672	754086	1	0
88.334627	200	204	4	5648	727672	754086	1	0
88.345814	200	204	4	5648	727672	754086	1	0
88.355615	200	204	4	5648	727672	754086	1	0
88.361717	200	204	4	5648	727672	754086	1	0
88.373904	200	204	4	5648	727672	754086	1	0
88.386154	200	204	4	5648	727672	754086	1	0
88.394848	200	204	4	5648	727672	754086	1	0
88.405390	200	204	4	5648	727672	754086	1	0
88.414772	200	204	4	5648	727672	754086	1	0
88.419930	200	204	4	5648	727672	754086	1	0
88.433130	200	204	4	5648	727672	754086	1	0
88.442853	200	204	4	5648	727672	754086	1	0
88.456348	200	204	4	5648	727672	754086	1	0
88.465435	200	204	4	5648	727672	754086	1	0
88.470898	200	204	4	5648	727672	754086	1	0
88.484119	200	204	4	5648	727672	754086	1	0
88.495219	200	204	4	5648	727672	754086	1	0
88.503067	200	204	4	5648	727672	754086	1	0
88.516078	200	204	4	5648	727672	754086	1	0
88.530853	200	204	4	5648	727672	754086	1	0
88.543324	200	204	4	5648	727672	754086	1	0
88.557030	200	204	4	5648	727672	754086	1	0
88.570952	200	204	4	5648	727672	754086	1	0
88.578221	200	204	4	5648	727672	754086	1	0
88.590719	200	204	4	5648	727672	754086	1	0
88.596255	200	204	4	5648	727672	754086	1	0
88.605624	200	204	4	5648	727672	754086	1	0
88.619346	200	204	4	5648	727672	754086	1	0
88.629832	200	204	4	5648	727672	754086	1	0
88.637098	200	204	4	5648	727672	754086	1	0
88.645104	200	204	4	5648	727672	754086	1	0
88.655760	200	204	4	5648	727672	754086	1	0
88.661564	200	204	4	5648	727672	754086	1	0
88.675603	200	204	4	5648	727672	754086	1	0
88.689030	200	204	4	5648	727672	754086	1	0
88.697212	200	204	4	5648	727672	754086	1	0
88.709824	200	204	4	5648	727672	754086	1	0
88.723590	200	204	4	5648	727672	754086	1	0
88.736461	200	204	4	5648	727672	754086	1	0
88.746337	200	204	4	5648	727672	754086	1	0
88.757934	200	204	4	5648	727672	754086	1	0
88.770384	200	204	4	5648	727672	754086	1	0
88.778937	200	204	4	5648	727672	754086	1	0
88.785840	200	204	4	5648	727672	754086	1	0
88.792597	200	204	4	5648	727672	754086	1	0
88.801155	200	204	4	5648	727672	754086	1	0
88.806604	200	204	4	5648	727672	754086	1	0
88.820519	200	204	4	5648	727672	754086	1	0
88.829826	200	204	4	5648	727672	754086	1	0
88.841607	200	204	4	5648	727672	754086	1	0
88.852246	200	204	4	5648	727672	754086	1	0
88.860842	200	204	4	5648	727672	754086	1	0
88.872723	200	204	4	5648	727672	754086	1	0
88.887322	200	204	4	5648	727672	754086	1	0
88.898805	200	204	4	5648	727672	754086	1	0
88.904979	200	204	4	5648	727672	754086	1	0
88.917485	200	204	4	5648	727672	754086	1	0
88.931866	200	204	4	5648	727672	754086	1	0
88.940864	200	204	4	5648	727672	754086	1	0
88.951662	200	204	4	5648	727672	754086	1	0
88.959944	200	204	4	5648	727672	754086	1	0
88.968836	200	204	4	5648	727672	754086	1	0
88.983393	200	204	4	5648	727672	754086	1	0
88.991589	200	204	4	5648	727672	754086	1	0
89.005945	200	204	4	5648	727672	754086	1	0
89.016444	200	204	4	5648	727672	754086	1	0
89.029120	200	204	4	5648	727672	754086	1	0
89.041582	200	204	4	5648	727672	754086	1	0
89.054382	200	204	4	5648	727672	754086	1	0
89.064897	200	204	4	5648	727672	754086	1	0
89.071203	200	204	4	5648	727672	754086	1	0
89.085685	200	204	4	5648	727672	754086	1	0
89.096315	200	204	4	5648	727672	754086	1	0
89.108777	200	204	4	5648	727672	754086	1	0
89.114152	200	204	4	5648	727672	754086	1	0
89.125833	200	204	4	5648	727672	754086	1	0
89.138838	200	204	4	5648	727672	754086	1	0
89.151817	200	204	4	5648	727672	754086	1	0
89.165247	200	204	4	5648	727672	754086	1	0
89.174150	200	204	4	5648	727672	754086	1	0
89.187498	200	204	4	5648	727672	754086	1	0
89.198455	200	204	4	5648	727672	754086	1	0
89.206107	200	204	4	5648	727672	754086	1	0
89.220242	200	204	4	5648	727672	754086	1	0
89.230070	200	204	4	5648	727672	754086	1	0
89.239842	200	204	4	5648	727672	754086	1	0
89.246719	200	204	4	5648	727672	754086	1	0
89.256401	200	204	4	5648	727672	754086	1	0
89.266586	200	204	4	5648	727672	754086	1	0
89.271832	200	204	4	5648	727672	754086	1	0
89.277710	200	204	4	5648	727672	754086	1	0
89.283949	200	204	4	5648	727672	754086	1	0
89.290433	200	204	4	5648	727672	754086	1	0
89.296947	200	204	4	5648	727672	754086	1	0
89.307513	200	204	4	5648	727672	754086	1	0
89.321038	200	204	4	5648	727672	754086	1	0
89.330734	200	204	4	5648	727672	754086	1	0
89.343809	200	204	4	5648	727672	754086	1	0
89.355231	200	204	4	5648	727672	754086	1	0
89.368364	200	204	4	5648	727672	754086	1	0
89.379240	200	204	4	5648	727672	754086	1	0
89.386515	200	204	4	5648	727672	754086	1	0
89.399905	200	204	4	5648	727672	754086	1	0
89.407593	200	204	4	5648	727672	754086	1	0
89.418354	200	204	4	5648	727672	754086	1	0
89.429459	200	204	4	5648	727672	754086	1	0
89.441482	200	204	4	5648	727672	754086	1	0
89.449348	200	204	4	5648	727672	754086	1	0
89.455278	200	204	4	5648	727672	754086	1	0
89.462827	200	204	4	5648	727672	754086	1	0
89.477497	200	204	4	5648	727672	754086	1	0
89.490759	200	204	4	5648	727672	754086	1	0
89.499993	200	204	4	5648	727672	754086	1	0
89.510817	200	204	4	5648	727672	754086	1	0
89.522247	200	204	4	5648	727672	754086	1	0
89.529584	200	204	4	5648	727672	754086	1	0
89.538336	200	204	4	5648	727672	754086	1	0
89.549328	200	204	4	5648	727672	754086	1	0
89.561240	200	204	4	5648	727672	754086	1	0
89.567465	200	204	4	5648	727672	754086	1	0
89.574175	200	204	4	5648	727672	754086	1	0
89.579853	200	204	4	5648	727672	754086	1	0
89.590480	200	204	4	5648	727672	754086	1	0
89.602478	200	204	4	5648	727672	754086	1	0
89.609031	200	204	4	5648	727672	754086	1	0
89.619244	200	204	4	5648	727672	754086	1	0
89.627687	200	204	4	5648	727672	754086	1	0
89.642522	200	204	4	5648	727672	754086	1	0
89.649683	200	204	4	5648	727672	754086	1	0
89.657564	200	204	4	5648	727672	754086	1	0
89.671419	200	204	4	5648	727672	754086	1	0
89.680522	200	204	4	5648	727672	754086	1	0
89.687996	200	204	4	5648	727672	754086	1	0
89.698899	200	204	4	5648	727672	754086	1	0
89.709994	200	204	4	5648	727672	754086	1	0
89.724347	200	204	4	5648	727672	754086	1	0
89.730323	200	204	4	5648	727672	754086	1	0
89.745314	200	204	4	5648	727672	754086	1	0
89.760392	200	204	4	5648	727672	754086	1	0
89.771365	200	204	4	5648	727672	754086	1	0
89.781473	200	204	4	5648	727672	754086	1	0
89.788940	200	204	4	5648	727672	754086	1	0
89.795443	200	204	4	5648	727672	754086	1	0
89.802687	200	204	4	5648	727672	754086	1	0
89.809840	200	204	4	5648	727672	754086	1	0
89.820698	200	204	4	5648	727672	754086	1	0
89.829235	200	204	4	5648	727672	754086	1	0
89.839931	200	204	4	5648	727672	754086	1	0
89.853344	200	204	4	5648	727672	754086	1	0
89.867961	200	204	4	5648	727672	754086	1	0
89.876656	200	204	4	5648	727672	754086	1	0
89.887938	200	204	4	5648	727672	754086	1	0
89.895286	200	204	4	5648	727672	754086	1	0
89.900548	200	204	4	5648	727672	754086	1	0
89.915727	200	204	4	5648	727672	754086	1	0
89.927574	200	204	4	5648	727672	754086	1	0
89.936191	200	204	4	5648	727672	754086	1	0
89.944650	200	204	4	5648	727672	754086	1	0
89.959712	200	204	4	5648	727672	754086	1	0
89.966717	200	204	4	5648	727672	754086	1	0
89.978913	200	204	4	5648	727672	754086	1	0
89.986482	200	204	4	5648	727672	754086	1	0
89.994620	200	204	4	5648	727672	754086	1	0
90.008374	200	204	4	5648	727672	754086	1	0
90.020749	200	204	4	5648	727672	754086	1	0
90.032750	200	204	4	5648	727672	754086	1	0
90.040470	200	204	4	5648	727672	754086	1	0
90.052622	200	204	4	5648	727672	754086	1	0
90.065558	200	204	4	5648	727672	754086	1	0
90.078257	200	204	4	5648	727672	754086	1	0
90.090179	200	204	4	5648	727672	754086	1	0
90.099388	200	204	4	5648	727672	754086	1	0
90.110453	200	204	4	5648	727672	754086	1	0
90.121086	200	204	4	5648	727672	754086	1	0
90.135775	200	204	4	5648	727672	754086	1	0
90.146345	200	204	4	5648	727672	754086	1	0
90.159150	200	204	4	5648	727672	754086	1	0
90.164458	200	204	4	5648	727672	754086	1	0
90.177720	200	204	4	5648	727672	754086	1	0
90.191253	200	204	4	5648	727672	754086	1	0
90.200968	200	204	4	5648	727672	754086	1	0
90.211562	200	204	4	5648	727672	754086	1	0
90.220776	200	204	4	5648	727672	754086	1	0
90.226043	200	204	4	5648	727672	754086	1	0
90.234617	200	204	4	5648	727672	754086	1	0
90.241502	200	204	4	5648	727672	754086	1	0
90.255104	200	204	4	5648	727672	754086	1	0
90.261327	200	204	4	5648	727672	754086	1	0
90.273843	200	204	4	5648	727672	754086	1	0
90.281044	200	204	4	5648	727672	754086	1	0
90.292058	200	204	4	5648	727672	754086	1	0
90.300715	200	204	4	5648	727672	754086	1	0
90.308407	200	204	4	5648	727672	754086	1	0
90.320527	200	204	4	5648	727672	754086	1	0
90.327567	200	204	4	5648	727672	754086	1	0
90.332941	200	204	4	5648	727672	754086	1	0
90.344689	200	204	4	5648	727672	754086	1	0
90.351711	200	204	4	5648	727672	754086	1	0
90.356979	200	204	4	5648	727672	754086	1	0
90.366994	200	204	4	5648	727672	754086	1	0
90.379736	200	204	4	5648	727672	754086	1	0
90.391272	200	204	4	5648	727672	754086	1	0
90.406249	200	204	4	5648	727672	754086	1	0
90.417073	200	204	4	5648	727672	754086	1	0
90.427853	200	204	4	5648	727672	754086	1	0
90.434182	200	204	4	5648	727672	754086	1	0
90.440939	200	204	4	5648	727672	754086	1	0
90.451491	200	204	4	5648	727672	754086	1	0
90.463234	200	204	4	5648	727672	754086	1	0
90.477856	200	204	4	5648	727672	754086	1	0
90.487494	200	204	4	5648	727672	754086	1	0
90.501131	200	204	4	5648	727672	754086	1	0
90.509274	200	204	4	5648	727672	754086	1	0
90.515239	200	204	4	5648	727672	754086	1	0
90.525676	200	204	4	5648	727672	754086	1	0
90.538980	200	204	4	5648	727672	754086	1	0
90.549567	200	204	4	5648	727672	754086	1	0
90.555837	200	204	4	5648	727672	754086	1	0
90.562895	200	204	4	5648	727672	754086	1	0
90.568109	200	204	4	5648	727672	754086	1	0
90.575785	200	204	4	5648	727672	754086	1	0
90.585622	200	204	4	5648	727672	754086	1	0
90.596054	200	204	4	5648	727672	754086	1	0
90.602064	200	204	4	5648	727672	754086	1	0
90.611159	200	204	4	5648	727672	754086	1	0
90.624093	200	204	4	5648	727672	754086	1	0
90.632857	200	204	4	5648	727672	754086	1	0
90.642891	200	204	4	5648	727672	754086	1	0
90.656155	200	204	4	5648	727672	754086	1	0
90.662675	200	204	4	5648	727672	754086	1	0
90.670675	200	204	4	5648	727672	754086	1	0
90.684866	200	204	4	5648	727672	754086	1	0
90.696781	200	204	4	5648	727672	754086	1	0
90.709199	200	204	4	5648	727672	754086	1	0
90.721389	200	204	4	5648	727672	754086	1	0
90.729831	200	204	4	5648	727672	754086	1	0
90.742469	200	204	4	5648	727672	754086	1	0
90.757260	200	204	4	5648	727672	754086	1	0
90.766460	200	204	4	5648	727672	754086	1	0
90.776991	200	204	4	5648	727672	754086	1	0
90.791063	200	204	4	5648	727672	754086	1	0
90.804307	200	204	4	5648	727672	754086	1	0
90.816051	200	204	4	5648	727672	754086	1	0
90.822541	200	204	4	5648	727672	754086	1	0
90.828060	200	204	4	5648	727672	754086	1	0
90.836078	200	204	4	5648	727672	754086	1	0
90.849786	200	204	4	5648	727672	754086	1	0
90.862335	200	204	4	5648	727672	754086	1	0
90.868565	200	204	4	5648	727672	754086	1	0
90.880323	200	204	4	5648	727672	754086	1	0
90.894447	200	204	4	5648	727672	754086	1	0
90.907714	200	204	4	5648	727672	754086	1	0
90.919205	200	204	4	5648	727672	754086	1	0
90.926263	200	204	4	5648	727672	754086	1	0
90.941099	200	204	4	5648	727672	754086	1	0
90.949507	200	204	4	5648	727672	754086	1	0
90.957019	200	204	4	5648	727672	754086	1	0
90.964848	200	204	4	5648	727672	754086	1	0
90.977398	200	204	4	5648	727672	754086	1	0
90.990878	200	204	4	5648	727672	754086	1	0
90.998002	200	204	4	5648	727672	754086	1	0
91.006942	200	204	4	5648	727672	754086	1	0
91.020145	200	204	4	5648	727672	754086	1	0
91.026151	200	204	4	5648	727672	754086	1	0
91.032087	200	204	4	5648	727672	754086	1	0
91.040258	200	204	4	5648	727672	754086	1	0
91.052462	200	204	4	5648	727672	754086	1	0
91.058896	200	204	4	5648	727672	754086	1	0
91.069558	200	204	4	5648	727672	754086	1	0
91.079797	200	204	4	5648	727672	754086	1	0
91.092150	200	204	4	5648	727672	754086	1	0
91.102750	200	204	4	5648	727672	754086	1	0
91.114876	200	204	4	5648	727672	754086	1	0
91.125854	200	204	4	5648	727672	754086	1	0
91.131915	200	204	4	5648	727672	754086	1	0
91.146784	200	204	4	5648	727672	754086	1	0
91.153525	200	204	4	5648	727672	754086	1	0
91.160722	200	204	4	5648	727672	754086	1	0
91.170917	200	204	4	5648	727672	754086	1	0
91.182639	200	204	4	5648	727672	754086	1	0
91.194194	200	204	4	5648	727672	754086	1	0
91.207525	200	204	4	5648	727672	754086	1	0
91.217135	200	204	4	5648	727672	754086	1	0
91.227693	200	204	4	5648	727672	754086	1	0
91.236298	200	204	4	5648	727672	754086	1	0
91.242827	200	204	4	5648	727672	754086	1	0
91.252400	200	204	4	5648	727672	754086	1	0
91.262641	200	204	4	5648	727672	754086	1	0
91.270212	200	204	4	5648	727672	754086	1	0
91.283868	200	204	4	5648	727672	754086	1	0
91.289241	200	204	4	5648	727672	754086	1	0
91.302773	200	204	4	5648	727672	754086	1	0
91.316040	200	204	4	5648	727672	754086	1	0
91.330451	200	204	4	5648	727672	754086	1	0
91.338235	200	204	4	5648	727672	754086	1	0
91.348850	200	204	4	5648	727672	754086	1	0
91.360843	200	204	4	5648	727672	754086	1	0
91.368470	200	204	4	5648	727672	754086	1	0
91.379518	200	204	4	5648	727672	754086	1	0
91.393600	200	204	4	5648	727672	754086	1	0
91.403167	200	204	4	5648	727672	754086	1	0
91.414592	200	204	4	5648	727672	754086	1	0
91.422207	200	204	4	5648	727672	754086	1	0
91.436751	200	204	4	5648	727672	754086	1	0
91.442520	200	204	4	5648	727672	754086	1	0
91.455983	200	204	4	5648	727672	754086	1	0
91.470449	200	204	4	5648	727672	754086	1	0
91.477686	200	204	4	5648	727672	754086	1	0
91.487362	200	204	4	5648	727672	754086	1	0
91.501657	200	204	4	5648	727672	754086	1	0
91.510571	200	204	4	5648	727672	754086	1	0
91.518874	200	204	4	5648	727672	754086	1	0
91.530555	200	204	4	5648	727672	754086	1	0
91.537479	200	204	4	5648	727672	754086	1	0
91.544151	200	204	4	5648	727672	754086	1	0
91.554734	200	204	4	5648	727672	754086	1	0
91.566936	200	204	4	5648	727672	754086	1	0
91.575148	200	204	4	5648	727672	754086	1	0
91.583349	200	204	4	5648	727672	754086	1	0
91.590395	200	204	4	5648	727672	754086	1	0
91.604835	200	204	4	5648	727672	754086	1	0
91.611636	200	204	4	5648	727672	754086	1	0
91.626662	200	204	4	5648	727672	754086	1	0
91.638413	200	204	4	5648	727672	754086	1	0
91.650742	200	204	4	5648	727672	754086	1	0
91.658947	200	204	4	5648	727672	754086	1	0
91.668544	200	204	4	5648	727672	754086	1	0
91.682469	200	204	4	5648	727672	754086	1	0
91.695612	200	204	4	5648	727672	754086	1	0
91.709290	200	204	4	5648	727672	754086	1	0
91.721600	200	204	4	5648	727672	754086	1	0
91.729189	200	204	4	5648	727672	754086	1	0
91.737597	200	204	4	5648	727672	754086	1	0
91.748173	200	204	4	5648	727672	754086	1	0
91.758052	200	204	4	5648	727672	754086	1	0
91.765552	200	204	4	5648	727672	754086	1	0
91.778166	200	204	4	5648	727672	754086	1	0
91.788864	200	204	4	5648	727672	754086	1	0
91.796755	200	204	4	5648	727672	754086	1	0
91.810992	200	204	4	5648	727672	754086	1	0
91.824390	200	204	4	5648	727672	754086	1	0
91.835379	200	204	4	5648	727672	754086	1	0
91.846856	200	204	4	5648	727684	754086	1	0
91.854696	200	204	4	5648	727684	754086	1	0
91.862306	200	204	4	5648	727684	754086	1	0
91.875794	200	204	4	5648	727684	754086	1	0
91.888756	200	204	4	5648	727684	754086	1	0
91.899505	200	204	4	5648	727684	754086	1	0
91.912038	200	204	4	5648	727684	754086	1	0
91.923234	200	204	4	5648	727684	754086	1	0
91.929879	200	204	4	5648	727684	754086	1	0
91.939476	200	204	4	5648	727684	754086	1	0
91.945868	200	204	4	5648	727684	754086	1	0
91.960136	200	204	4	5648	727684	754086	1	0
91.967041	200	204	4	5648	727684	754086	1	0
91.975354	200	204	4	5648	727684	754086	1	0
91.986939	200	204	4	5648	727684	754086	1	0
91.996612	200	204	4	5648	727684	754086	1	0
92.005399	200	204	4	5648	727684	754086	1	0
92.012092	200	204	4	5648	727684	754086	1	0
92.021048	200	204	4	5648	727684	754086	1	0
92.033566	200	204	4	5648	727684	754086	1	0
92.044180	200	204	4	5648	727684	754086	1	0
92.053455	200	204	4	5648	727684	754086	1	0
92.065678	200	204	4	5648	727684	754086	1	0
92.080364	200	204	4	5648	727684	754086	1	0
92.087588	200	204	4	5648	727684	754086	1	0
92.094783	200	204	4	5648	727684	754086	1	0
92.109442	200	204	4	5648	727684	754086	1	0
92.116451	200	204	4	5648	727684	754086	1	0
92.127147	200	204	4	5648	727684	754086	1	0
92.133910	200	204	4	5648	727684	754086	1	0
92.140611	200	204	4	5648	727684	754086	1	0
92.149966	200	204	4	5648	727684	754086	1	0
92.162163	200	204	4	5648	727684	754086	1	0
92.168787	200	204	4	5648	727684	754086	1	0
92.180645	200	204	4	5648	727684	754086	1	0
92.193496	200	204	4	5648	727684	754086	1	0
92.200001	200	204	4	5648	727684	754086	1	0
92.205268	200	204	4	5648	727684	754086	1	0
92.219619	200	204	4	5648	727684	754086	1	0
92.227174	200	204	4	5648	727684	754086	1	0
92.236750	200	204	4	5648	727684	754086	1	0
92.247821	200	204	4	5648	727684	754086	1	0
92.260009	200	204	4	5648	727684	754086	1	0
92.274299	200	204	4	5648	727684	754086	1	0
92.287240	200	204	4	5648	727684	754086	1	0
92.297982	200	204	4	5648	727684	754086	1	0
92.310840	200	204	4	5648	727684	754086	1	0
92.316822	200	204	4	5648	727684	754086	1	0
92.325564	200	204	4	5648	727684	754086	1	0
92.337293	200	204	4	5648	727684	754086	1	0
92.351242	200	204	4	5648	727684	754086	1	0
92.365143	200	204	4	5648	727684	754086	1	0
92.374915	200	204	4	5648	727684	754086	1	0
92.386749	200	204	4	5648	727684	754086	1	0
92.392105	200	204	4	5648	727684	754086	1	0
92.406603	200	204	4	5648	727684	754086	1	0
92.414234	200	204	4	5648	727684	754086	1	0
92.427185	200	204	4	5648	727684	754086	1	0
92.440986	200	204	4	5648	727684	754086	1	0
92.446364	200	204	4	5649	727684	754086	1	0
92.458403	200	204	4	5649	727684	754086	1	0
92.463784	200	204	4	5649	727684	754086	1	0
92.470947	200	204	4	5649	727684	754086	1	0
92.478283	200	204	4	5649	727684	754086	1	0
92.485103	200	204	4	5649	727684	754086	1	0
92.497951	200	204	4	5649	727684	754086	1	0
92.512692	200	204	4	5649	727684	754086	1	0
92.525357	200	204	4	5649	727684	754086	1	0
92.536566	200	204	4	5649	727684	754086	1	0
92.551266	200	204	4	5649	727684	754086	1	0
92.564713	200	204	4	5649	727684	754086	1	0
92.573893	200	204	4	5649	727684	754086	1	0
92.583922	200	204	4	5649	727684	754086	1	0
92.591701	200	204	4	5649	727684	754086	1	0
92.597439	200	204	4	5649	727684	754086	1	0
92.604165	200	204	4	5649	727684	754086	1	0
92.617082	200	204	4	5649	727684	754086	1	0
92.624010	200	204	4	5649	727684	754086	1	0
92.630261	200	204	4	5649	727684	754086	1	0
92.637142	200	204	4	5649	727684	754086	1	0
92.651159	200	204	4	5649	727684	754086	1	0
92.658199	200	204	4	5649	727684	754086	1	0
92.666358	200	204	4	5649	727684	754086	1	0
92.677530	200	204	4	5649	727684	754086	1	0
92.690272	200	204	4	5649	727684	754086	1	0
92.697737	200	204	4	5649	727684	754086	1	0
92.712583	200	204	4	5649	727684	754086	1	0
92.721413	200	204	4	5649	727684	754086	1	0
92.734928	200	204	4	5649	727684	754086	1	0
92.743639	200	204	4	5649	727684	754086	1	0
92.755512	200	204	4	5649	727684	754086	1	0
92.768428	200	204	4	5649	727684	754086	1	0
92.781140	200	204	4	5649	727684	754086	1	0
92.794604	200	204	4	5649	727684	754086	1	0
92.801607	200	204	4	5649	727684	754086	1	0
92.815582	200	204	4	5649	727684	754086	1	0
92.821906	200	204	4	5649	727684	754086	1	0
92.832785	200	204	4	5649	727684	754086	1	0
92.846674	200	204	4	5649	727684	754086	1	0
92.856843	200	204	4	5649	727684	754086	1	0
92.863674	200	204	4	5649	727684	754086	1	0
92.876173	200	204	4	5649	727684	754086	1	0
92.890150	200	204	4	5649	727684	754086	1	0
92.896399	200	204	4	5649	727684	754086	1	0
92.905983	200	204	4	5649	727684	754086	1	0
92.912539	200	204	4	5649	727684	754086	1	0
92.921420	200	204	4	5649	727684	754086	1	0
92.928558	200	204	4	5649	727684	754086	1	0
92.936019	200	204	4	5649	727684	754086	1	0
92.947484	200	204	4	5649	727684	754086	1	0
92.959293	200	204	4	5649	727684	754086	1	0
92.969904	200	204	4	5649	727684	754086	1	0
92.976482	200	204	4	5649	727684	754086	1	0
92.982214	200	204	4	5649	727684	754086	1	0
92.989632	200	204	4	5649	727684	754086	1	0
93.001879	200	204	4	5649	727684	754086	1	0
93.016965	200	204	4	5649	727684	754086	1	0
93.031394	200	204	4	5649	727684	754086	1	0
93.041319	200	204	4	5649	727684	754086	1	0
93.051250	200	204	4	5649	727684	754086	1	0
93.062958	200	204	4	5649	727684	754086	1	0
93.073320	200	204	4	5649	727684	754086	1	0
93.088494	200	204	4	5649	727684	754086	1	0
93.103506	200	204	4	5649	727684	754086	1	0
93.115832	200	204	4	5649	727684	754086	1	0
93.125765	200	204	4	5649	727684	754086	1	0
93.134929	200	204	4	5649	727684	754086	1	0
93.143097	200	204	4	5649	727684	754086	1	0
93.157307	200	204	4	5649	727684	754086	1	0
93.169562	200	204	4	5649	727684	754086	1	0
93.175279	200	204	4	5649	727684	754086	1	0
93.184539	200	204	4	5649	727684	754086	1	0
93.190630	200	204	4	5649	727684	754086	1	0
93.197793	200	204	4	5649	727684	754086	1	0
93.210769	200	204	4	5649	727684	754086	1	0
93.219576	200	204	4	5649	727684	754086	1	0
93.226148	200	204	4	5649	727684	754086	1	0
93.233737	200	204	4	5649	727684	754086	1	0
93.239744	200	204	4	5649	727684	754086	1	0
93.253648	200	204	4	5650	727684	754086	1	0
93.261443	200	204	4	5650	727684	754086	1	0
93.267321	200	204	4	5650	727684	754086	1	0
93.277391	200	204	4	5650	727684	754086	1	0
93.283033	200	204	4	5650	727684	754086	1	0
93.294315	200	204	4	5650	727684	754086	1	0
93.306838	200	204	4	5650	727684	754086	1	0
93.314477	200	204	4	5650	727684	754086	1	0
93.323160	200	204	4	5650	727684	754086	1	0
93.333303	200	204	4	5650	727684	754086	1	0
93.341754	200	204	4	5650	727684	754086	1	0
93.352362	200	204	4	5650	727684	754086	1	0
93.359113	200	204	4	5650	727684	754086	1	0
93.364469	200	204	4	5650	727684	754086	1	0
93.378771	200	204	4	5650	727684	754086	1	0
93.392698	200	204	4	5650	727684	754086	1	0
93.405187	200	204	4	5650	727684	754086	1	0
93.413647	200	204	4	5650	727684	754086	1	0
93.421131	200	204	4	5650	727684	754086	1	0
93.431663	200	204	4	5650	727684	754086	1	0
93.445697	200	204	4	5650	727684	754086	1	0
93.454962	200	204	4	5650	727684	754086	1	0
93.460831	200	204	4	5650	727684	754086	1	0
93.468418	200	204	4	5650	727684	754086	1	0
93.482740	200	204	4	5650	727684	754086	1	0
93.490705	200	204	4	5650	727684	754086	1	0
93.501299	200	204	4	5650	727684	754086	1	0
93.515333	200	204	4	5650	727684	754086	1	0
93.526377	200	204	4	5650	727684	754086	1	0
93.539372	200	204	4	5650	727684	754086	1	0
93.545758	200	204	4	5650	727684	754086	1	0
93.558034	200	204	4	5650	727684	754086	1	0
93.563343	200	204	4	5650	727684	754086	1	0
93.571101	200	204	4	5650	727684	754086	1	0
93.576630	200	204	4	5650	727684	754086	1	0
93.585036	200	204	4	5650	727684	754086	1	0
93.594762	200	204	4	5650	727684	754086	1	0
93.609005	200	204	4	5650	727684	754086	1	0
93.621576	200	204	4	5650	727684	754086	1	0
93.628265	200	204	4	5650	727684	754086	1	0
93.635403	200	204	4	5650	727684	754086	1	0
93.647832	200	204	4	5650	727684	754086	1	0
93.655755	200	204	4	5650	727684	754086	1	0
93.665351	200	204	4	5650	727684	754086	1	0
93.678384	200	204	4	5650	727684	754086	1	0
93.691312	200	204	4	5650	727684	754086	1	0
93.699833	200	204	4	5650	727684	754086	1	0
93.711031	200	204	4	5650	727684	754086	1	0
93.719758	200	204	4	5650	727684	754086	1	0
93.730062	200	204	4	5650	727684	754086	1	0
93.744064	200	204	4	5650	727684	754086	1	0
93.758733	200	204	4	5650	727684	754086	1	0
93.764014	200	204	4	5650	727684	754086	1	0
93.772092	200	204	4	5650	727684	754086	1	0
93.786979	200	204	4	5650	727684	754086	1	0
93.801685	200	204	4	5650	727684	754086	1	0
93.811512	200	204	4	5650	727684	754086	1	0
93.818916	200	204	4	5650	727684	754086	1	0
93.832125	200	204	4	5650	727684	754086	1	0
93.843046	200	204	4	5650	727684	754086	1	0
93.852394	200	204	4	5650	727684	754086	1	0
93.865544	200	204	4	5650	727684	754086	1	0
93.879341	200	204	4	5650	727684	754086	1	0
93.887255	200	204	4	5650	727684	754086	1	0
93.893572	200	204	4	5650	727684	754086	1	0
93.900819	200	204	4	5650	727684	754086	1	0
93.912697	200	204	4	5650	727684	754086	1	0
93.921537	200	204	4	5650	727684	754086	1	0
93.932361	200	204	4	5650	727684	754086	1	0
93.939085	200	204	4	5650	727684	754086	1	0
93.949416	200	204	4	5656	727684	754086	1	0
93.960458	200	204	4	5656	727684	754086	1	0
93.966552	200	204	4	5656	727684	754086	1	0
93.978084	200	204	4	5656	727684	754086	1	0
93.987749	200	204	4	5656	727684	754086	1	0
93.992973	200	204	4	5656	727684	754086	1	0
93.998448	200	204	4	5656	727684	754086	1	0
94.012323	200	204	4	5656	727684	754086	1	0
94.023750	200	204	4	5656	727684	754086	1	0
94.033661	200	204	4	5656	727684	754086	1	0
94.047554	200	204	4	5656	727684	754086	1	0
94.053714	200	204	4	5656	727684	754086	1	0
94.063281	200	204	4	5656	727684	754086	1	0
94.071397	200	204	4	5656	727684	754086	1	0
94.084089	200	204	4	5656	727684	754086	1	0
94.095072	200	204	4	5656	727684	754086	1	0
94.109093	200	204	4	5656	727684	754086	1	0
94.116894	200	204	4	5656	727684	754086	1	0
94.123150	200	204	4	5656	727684	754086	1	0
94.133807	200	204	4	5656	727684	754086	1	0
94.144183	200	204	4	5656	727684	754086	1	0
94.159253	200	204	4	5656	727684	754086	1	0
94.168394	200	204	4	5656	727684	754086	1	0
94.178899	200	204	4	5656	727684	754086	1	0
94.192404	200	204	4	5656	727684	754086	1	0
94.200430	200	204	4	5656	727684	754086	1	0
94.212633	200	204	4	5656	727684	754086	1	0
94.226588	200	204	4	5656	727684	754086	1	0
94.239645	200	204	4	5656	727684	754086	1	0
94.254067	200	204	4	5656	727684	754086	1	0
94.267205	200	204	4	5656	727684	754086	1	0
94.275725	200	204	4	5656	727684	754086	1	0
94.282128	200	204	4	5656	727684	754086	1	0
94.291659	200	204	4	5656	727684	754086	1	0
94.305039	200	204	4	5656	727684	754086	1	0
94.311492	200	204	4	5656	727684	754086	1	0
94.317705	200	204	4	5656	727684	754086	1	0
94.326828	200	204	4	5656	727684	754086	1	0
94.337499	200	204	4	5656	727684	754086	1	0
94.349641	200	204	4	5656	727684	754086	1	0
94.356272	200	204	4	5656	727684	754086	1	0
94.363347	200	204	4	5656	727684	754086	1	0
94.376762	200	204	4	5656	727684	754086	1	0
94.384446	200	204	4	5656	727684	754086	1	0
94.393746	200	204	4	5656	727684	754086	1	0
94.408712	200	204	4	5656	727684	754086	1	0
94.422701	200	204	4	5656	727684	754086	1	0
94.431675	200	204	4	5656	727684	754086	1	0
94.436883	200	204	4	5656	727684	754086	1	0
94.448551	200	204	4	5656	727684	754086	1	0
94.460982	200	204	4	5656	727684	754086	1	0
94.468738	200	204	4	5656	727684	754086	1	0
94.476746	200	204	4	5656	727684	754086	1	0
94.491115	200	204	4	5656	727684	754086	1	0
94.500123	200	204	4	5656	727684	754086	1	0
94.509322	200	204	4	5656	727684	754086	1	0
94.524272	200	204	4	5656	727684	754086	1	0
94.529812	200	204	4	5656	727684	754086	1	0
94.539866	200	204	4	5656	727684	754086	1	0
94.552229	200	204	4	5656	727684	754086	1	0
94.565088	200	204	4	5656	727684	754086	1	0
94.572443	200	204	4	5656	727684	754086	1	0
94.578571	200	204	4	5656	727684	754086	1	0
94.591114	200	204	4	5656	727684	754086	1	0
94.602391	200	204	4	5656	727684	754086	1	0
94.609908	200	204	4	5656	727684	754086	1	0
94.618401	200	204	4	5656	727684	754086	1	0
94.629122	200	204	4	5656	727684	754086	1	0
94.637997	200	204	4	5656	727684	754086	1	0
94.647378	200	204	4	5656	727684	754086	1	0
94.657040	200	204	4	5656	727684	754086	1	0
94.666697	200	204	4	5656	727684	754086	1	0
94.674475	200	204	4	5656	727684	754086	1	0
94.689409	200	204	4	5656	727684	754086	1	0
94.697066	200	204	4	5656	727684	754086	1	0
94.707630	200	204	4	5656	727684	754086	1	0
94.722607	200	204	4	5656	727684	754086	1	0
94.728157	200	204	4	5656	727684	754086	1	0
94.739146	200	204	4	5656	727684	754086	1	0
94.745408	200	204	4	5656	727684	754086	1	0
94.757983	200	204	4	5656	727684	754086	1	0
94.770335	200	204	4	5656	727684	754086	1	0
94.779194	200	204	4	5656	727684	754086	1	0
94.789687	200	204	4	5656	727684	754086	1	0
94.801013	200	204	4	5656	727684	754086	1	0
94.811313	200	204	4	5656	727684	754086	1	0
94.816494	200	204	4	5656	727684	754086	1	0
94.827153	200	204	4	5656	727684	754086	1	0
94.839760	200	204	4	5656	727684	754086	1	0
94.851010	200	204	4	5656	727684	754086	1	0
94.862139	200	204	4	5656	727684	754086	1	0
94.867694	200	204	4	5656	727684	754086	1	0
94.878735	200	204	4	5656	727684	754086	1	0
94.886469	200	204	4	5656	727684	754086	1	0
94.894737	200	204	4	5656	727684	754086	1	0
94.909922	200	204	4	5656	727684	754086	1	0
94.916789	200	204	4	5656	727684	754086	1	0
94.925836	200	204	4	5656	727684	754086	1	0
94.939813	200	204	4	5656	727684	754086	1	0
94.948074	200	204	4	5656	727684	754086	1	0
94.957984	200	204	4	5656	727684	754086	1	0
94.965088	200	204	4	5656	727684	754086	1	0
94.976752	200	204	4	5656	727684	754086	1	0
94.989079	200	204	4	5656	727684	754086	1	0
95.001702	200	204	4	5656	727684	754086	1	0
95.009506	200	204	4	5656	727684	754086	1	0
95.018476	200	204	4	5656	727684	754086	1	0
95.031095	200	204	4	5656	727684	754086	1	0
95.045896	200	204	4	5656	727684	754086	1	0
95.053458	200	204	4	5656	727684	754086	1	0
95.066698	200	204	4	5656	727684	754086	1	0
95.075121	200	204	4	5656	727684	754086	1	0
95.087000	200	204	4	5656	727684	754086	1	0
95.094366	200	204	4	5656	727684	754086	1	0
95.103420	200	204	4	5656	727684	754086	1	0
95.111855	200	204	4	5656	727684	754086	1	0
95.122975	200	204	4	5656	727684	754086	1	0
95.133340	200	204	4	5656	727684	754086	1	0
95.141042	200	204	4	5656	727684	754086	1	0
95.146415	200	204	4	5656	727684	754086	1	0
95.157512	200	204	4	5656	727684	754086	1	0
95.170720	200	204	4	5656	727684	754086	1	0
95.185011	200	204	4	5656	727684	754086	1	0
95.198537	200	204	4	5656	727684	754086	1	0
95.208442	200	204	4	5656	727684	754086	1	0
95.218414	200	204	4	5656	727684	754086	1	0
95.231455	200	204	4	5656	727684	754086	1	0
95.242300	200	204	4	5656	727684	754086	1	0
95.253514	200	204	4	5656	727684	754086	1	0
95.265134	200	204	4	5656	727684	754086	1	0
95.279359	200	204	4	5656	727684	754086	1	0
95.286672	200	204	4	5656	727684	754086	1	0
95.294363	200	204	4	5656	727684	754086	1	0
95.305975	200	204	4	5656	727684	754086	1	0
95.318001	200	204	4	5656	727684	754086	1	0
95.327079	200	204	4	5656	727684	754086	1	0
95.337448	200	204	4	5656	727684	754086	1	0
95.350314	200	204	4	5656	727684	754086	1	0
95.365362	200	204	4	5657	727736	754086	1	0
95.376610	200	204	4	5657	727736	754086	1	0
95.390376	200	204	4	5657	727736	754086	1	0
95.399452	200	204	4	5657	727736	754086	1	0
95.408391	200	204	4	5657	727736	754086	1	0
95.423276	200	204	4	5657	727736	754086	1	0
95.433478	200	204	4	5657	727736	754086	1	0
95.445120	200	204	4	5657	727736	754086	1	0
95.459536	200	204	4	5657	727736	754086	1	0
95.464814	200	204	4	5657	727736	754086	1	0
95.473862	200	204	4	5657	727736	754086	1	0
95.484774	200	204	4	5657	727736	754086	1	0
95.492488	200	204	4	5660	727736	754086	1	0
95.506391	200	204	4	5672	727730	754086	1	0
95.516347	200	204	4	5678	727736	754086	1	0
95.525251	200	204	4	5680	727736	754086	1	0
95.539420	200	204	4	5686	727736	754086	1	0
95.546426	200	204	4	5688	727736	754086	1	0
95.556013	200	204	4	5689	727736	754086	1	0
95.568558	200	204	4	5693	727736	754086	1	0
95.580992	200	204	4	5696	727736	754086	1	0
95.591141	200	204	4	5697	727736	754086	1	0
95.598069	200	204	4	5698	727736	754086	1	0
95.604243	200	204	4	5700	727736	754086	1	0
95.615520	200	204	4	5704	727736	754086	1	0
95.623112	200	204	4	5704	727736	754086	1	0
95.628438	200	204	4	5704	727736	754086	1	0
95.642788	200	204	4	5706	727736	754086	1	0
95.651485	200	204	4	5708	727736	754086	1	0
95.659649	200	204	4	5711	727736	754086	1	0
95.667295	200	204	4	5712	727736	754086	1	0
95.679036	200	204	4	5712	727736	754086	1	0
95.685190	200	204	4	5712	727736	754086	1	0
95.693111	200	204	4	5713	727736	754086	1	0
95.701197	200	204	4	5715	727736	754086	1	0
95.714545	200	204	4	5718	727736	754086	1	0
95.725974	200	204	4	5720	727736	754086	1	0
95.737158	200	204	4	5720	727736	754086	1	0
95.749023	200	204	4	5721	727736	754086	1	0
95.763396	200	204	4	5723	727736	754086	1	0
95.771909	200	204	4	5725	727736	754086	1	0
95.780676	200	204	4	5727	727736	754086	1	0
95.787407	200	204	4	5728	727736	754086	1	0
95.793137	200	204	4	5728	727736	754086	1	0
95.802676	200	204	4	5728	727736	754086	1	0
95.815963	200	204	4	5729	727736	754086	1	0
95.824960	200	204	4	5730	727736	754086	1	0
95.836877	200	204	4	5732	727736	754086	1	0
95.842853	200	204	4	5732	727736	754086	1	0
95.855629	200	204	4	5735	727736	754086	1	0
95.868920	200	204	4	5736	727736	754086	1	0
95.877553	200	204	4	5736	727736	754086	1	0
95.883970	200	204	4	5736	727736	754086	1	0
95.893645	200	204	4	5736	727736	754086	1	0
95.907974	200	204	4	5738	727736	754086	1	0
95.916365	200	204	4	5739	727736	754086	1	0
95.927844	200	204	4	5741	727736	754086	1	0
95.936582	200	204	4	5742	727736	754086	1	0
95.945294	200	204	4	5743	727736	754086	1	0
95.958371	200	204	4	5744	727736	754086	1	0
95.967662	200	204	4	5744	727736	754086	1	0
95.978372	200	204	4	5744	727736	754086	1	0
95.987086	200	204	4	5744	727736	754086	1	0
96.001190	200	204	4	5745	727736	754086	1	0
96.013822	200	204	4	5745	727736	754086	1	0
96.020481	200	204	4	5746	727736	754086	1	0
96.029108	200	204	4	5747	727736	754086	1	0
96.034525	200	204	4	5748	727736	754086	1	0
96.048987	200	204	4	5750	727736	754086	1	0
96.063981	200	204	4	5752	727736	754086	1	0
96.072057	200	204	4	5752	727736	754086	1	0
96.083630	200	204	4	5752	727736	754086	1	0
96.094121	200	204	4	5752	727736	754086	1	0
96.102022	200	204	4	5752	727736	754086	1	0
96.110575	200	204	4	5752	727736	754086	1	0
96.120761	200	204	4	5753	727736	754086	1	0
96.127248	200	204	4	5753	727736	754086	1	0
96.140962	200	204	4	5755	727736	754086	1	0
96.149695	200	204	4	5756	727736	754086	1	0
96.162424	200	204	4	5758	727736	754086	1	0
96.173202	200	204	4	5759	727736	754086	1	0
96.186499	200	204	4	5760	727736	754086	1	0
96.196212	200	204	4	5760	727736	754086	1	0
96.210429	200	204	4	5760	727736	754086	1	0
96.224426	200	204	4	5760	727736	754086	1	0
96.234513	200	204	4	5761	727736	754086	1	0
96.242199	200	204	4	5761	727736	754086	1	0
96.255730	200	204	4	5762	727736	754086	1	0
96.261607	200	204	4	5763	727736	754086	1	0
96.273245	200	204	4	5764	727736	754086	1	0
96.283774	200	204	4	5766	727736	754086	1	0
96.298431	200	204	4	5767	727736	754086	1	0
96.305429	200	204	4	5768	727736	754086	1	0
96.311849	200	204	4	5768	727736	754086	1	0
96.323613	200	204	4	5768	727736	754086	1	0
96.333252	200	204	4	5768	727736	754086	1	0
96.344683	200	204	4	5768	727736	754086	1	0
96.355957	200	204	4	5768	727736	754086	1	0
96.366998	200	204	4	5769	727736	754086	1	0
96.375239	200	204	4	5769	727736	754086	1	0
96.380470	200	204	4	5769	727736	754086	1	0
96.388588	200	204	4	5770	727736	754086	1	0
96.396476	200	204	4	5771	727736	754086	1	0
96.408587	200	204	4	5773	727736	754086	1	0
96.417997	200	204	4	5774	727736	754086	1	0
96.427809	200	204	4	5775	727736	754086	1	0
96.437079	200	204	4	5776	727736	754086	1	0
96.444203	200	204	4	5776	727736	754086	1	0
96.451004	200	204	4	5776	727736	754086	1	0
96.466182	200	204	4	5776	727736	754086	1	0
96.480692	200	204	4	5776	727736	754086	1	0
96.488486	200	204	4	5776	727736	754086	1	0
96.496404	200	204	4	5776	727736	754086	1	0
96.505624	200	204	4	5776	727736	754086	1	0
96.513851	200	204	4	5777	727736	754086	1	0
96.528477	200	204	4	5777	727736	754086	1	0
96.542798	200	204	4	5778	727736	754086	1	0
96.555471	200	204	4	5779	727736	754086	1	0
96.563771	200	204	4	5780	727736	754086	1	0
96.577409	200	204	4	5781	727736	754086	1	0
96.586428	200	204	4	5782	727736	754086	1	0
96.595718	200	204	4	5783	727736	754086	1	0
96.602140	200	204	4	5784	727736	754086	1	0
96.608410	200	204	4	5784	727736	754086	1	0
96.619624	200	204	4	5784	727736	754086	1	0
96.631228	200	204	4	5784	727736	754086	1	0
96.644481	200	204	4	5784	727736	754086	1	0
96.651583	200	204	4	5784	727736	754086	1	0
96.666446	200	204	4	5785	727736	754086	1	0
96.676183	200	204	4	5785	727736	754086	1	0
96.685776	200	204	4	5786	727736	754086	1	0
96.693957	200	204	4	5787	727736	754086	1	0
96.708608	200	204	4	5788	727736	754086	1	0
96.715673	200	204	4	5789	727736	754086	1	0
96.723456	200	204	4	5790	727736	754086	1	0
96.733511	200	204	4	5791	727736	754086	1	0
96.745777	200	204	4	5792	727736	754086	1	0
96.760147	200	204	4	5792	727736	754086	1	0
96.769557	200	204	4	5792	727736	754086	1	0
96.778251	200	204	4	5792	727736	754086	1	0
96.790803	200	204	4	5792	727736	754086	1	0
96.796539	200	204	4	5792	727736	754086	1	0
96.809933	200	204	4	5793	727736	754086	1	0
96.821086	200	204	4	5793	727736	754086	1	0
96.826482	200	204	4	5793	727736	754086	1	0
96.836398	200	204	4	5794	727736	754086	1	0
96.846326	200	204	4	5795	727736	754086	1	0
96.857078	200	204	4	5796	727736	754086	1	0
96.865354	200	204	4	5797	727736	754086	1	0
96.876210	200	204	4	5798	727736	754086	1	0
96.885380	200	204	4	5799	727736	754086	1	0
96.899957	200	204	4	5800	727736	754086	1	0
96.910383	200	204	4	5800	727736	754086	1	0
96.916164	200	204	4	5800	727736	754086	1	0
96.931113	200	204	4	5800	727736	754086	1	0
96.942751	200	204	4	5800	727736	754086	1	0
96.953757	200	204	4	5800	727736	754086	1	0
96.968778	200	204	4	5801	727736	754086	1	0
96.978570	200	204	4	5801	727736	754086	1	0
96.989414	200	204	4	5802	727736	754086	1	0
97.004178	200	204	4	5804	727736	754086	1	0
97.010018	200	204	4	5804	727736	754086	1	0
97.024234	200	204	4	5806	727736	754086	1	0
97.037848	200	204	4	5807	727736	754086	1	0
97.047588	200	204	4	5808	727736	754086	1	0
97.061299	200	204	4	5808	727736	754086	1	0
97.074777	200	204	4	5808	727736	754086	1	0
97.083832	200	204	4	5808	727736	754086	1	0
97.097138	200	204	4	5808	727736	754086	1	0
97.111844	200	204	4	5808	727736	754086	1	0
97.121595	200	204	4	5809	727736	754086	1	0
97.133904	200	204	4	5809	727736	754086	1	0
97.141188	200	204	4	5809	727736	754086	1	0
97.154542	200	204	4	5811	727736	754086	1	0
97.166568	200	204	4	5812	727736	754086	1	0
97.176952	200	204	4	5813	727736	754086	1	0
97.182342	200	204	4	5813	727736	754086	1	0
97.193680	200	204	4	5814	727736	754086	1	0
97.203420	200	204	4	5815	727736	754086	1	0
97.208886	200	204	4	5816	727736	754086	1	0
97.216250	200	204	4	5816	727736	754086	1	0
97.228954	200	204	4	5816	727736	754086	1	0
97.236334	200	204	4	5816	727736	754086	1	0
97.246267	200	204	4	5816	727736	754086	1	0
97.251998	200	204	4	5816	727736	754086	1	0
97.257856	200	204	4	5816	727736	754086	1	0
97.271983	200	204	4	5816	727736	754086	1	0
97.282116	200	204	4	5816	727736	754086	1	0
97.290253	200	204	4	5816	727736	754086	1	0
97.301147	200	204	4	5817	727736	754086	1	0
97.307002	200	204	4	5817	727736	754086	1	0
97.316126	200	204	4	5817	727736	754086	1	0
97.327871	200	204	4	5818	727736	754086	1	0
97.334320	200	204	4	5818	727736	754086	1	0
97.348822	200	204	4	5820	727736	754086	1	0
97.358872	200	204	4	5821	727736	754086	1	0
97.371564	200	204	4	5822	727736	754086	1	0
97.379531	200	204	4	5822	727736	754086	1	0
97.394395	200	204	4	5824	727736	754086	1	0
97.403684	200	204	4	5824	727736	754086	1	0
97.411651	200	204	4	5824	727736	754086	1	0
97.419652	200	204	4	5824	727736	754086	1	0
97.432065	200	204	4	5824	727736	754086	1	0
97.437322	200	204	4	5824	727736	754086	1	0
97.445352	200	204	4	5824	727736	754086	1	0
97.459482	200	204	4	5824	727736	754086	1	0
97.472158	200	204	4	5824	727736	754086	1	0
97.480561	200	204	4	5825	727736	754086	1	0
97.489905	200	204	4	5825	727736	754086	1	0
97.503125	200	204	4	5826	727736	754086	1	0
97.511863	200	204	4	5826	727736	754086	1	0
97.521329	200	204	4	5827	727736	754086	1	0
97.530852	200	204	4	5828	727736	754086	1	0
97.543881	200	204	4	5829	727736	754086	1	0
97.552788	200	204	4	5830	727736	754086	1	0
97.567694	200	204	4	5831	727736	754086	1	0
97.576020	200	204	4	5832	727736	754086	1	0
97.588523	200	204	4	5832	727736	754086	1	0
97.602702	200	204	4	5832	727736	754086	1	0
97.617900	200	204	4	5832	727736	754086	1	0
97.632725	200	204	4	5832	727736	754086	1	0
97.646943	200	204	4	5832	727736	754086	1	0
97.662023	200	204	4	5833	727736	754086	1	0
97.676801	200	204	4	5833	727736	754086	1	0
97.690034	200	204	4	5833	727736	754086	1	0
97.704511	200	204	4	5835	727736	754086	1	0
97.716135	200	204	4	5835	727736	754086	1	0
97.725291	200	204	4	5836	727736	754086	1	0
97.731220	200	204	4	5837	727736	754086	1	0
97.739404	200	204	4	5837	727736	754086	1	0
97.744973	200	204	4	5838	727736	754086	1	0
97.755589	200	204	4	5838	727736	754086	1	0
97.760817	200	204	4	5839	727736	754086	1	0
97.768796	200	204	4	5840	727736	754086	1	0
97.779498	200	204	4	5840	727736	754086	1	0
97.793801	200	204	4	5840	727736	754086	1	0
97.802736	200	204	4	5840	727736	754086	1	0
97.816120	200	204	4	5840	727736	754086	1	0
97.826822	200	204	4	5840	727736	754086	1	0
97.841935	200	204	4	5840	727736	754086	1	0
97.851276	200	204	4	5840	727736	754086	1	0
97.857530	200	204	4	5840	727736	754086	1	0
97.872265	200	204	4	5840	727736	754086	1	0
97.886597	200	204	4	5841	727736	754086	1	0
97.892007	200	204	4	5841	727736	754086	1	0
97.899127	200	204	4	5841	727736	754086	1	0
97.911450	200	204	4	5842	727736	754086	1	0
97.922605	200	204	4	5843	727736	754086	1	0
97.933527	200	204	4	5844	727736	754086	1	0
97.945133	200	204	4	5844	727736	754086	1	0
97.959069	200	204	4	5846	727736	754086	1	0
97.968888	200	204	4	5846	727736	754086	1	0
97.976770	200	204	4	5847	727736	754086	1	0
97.984978	200	204	4	5847	727736	754086	1	0
97.995452	200	204	4	5848	727736	754086	1	0
98.002484	200	204	4	5848	727736	754086	1	0
98.012668	200	204	4	5848	727736	754086	1	0
98.023544	200	204	4	5848	727736	754086	1	0
98.034790	200	204	4	5848	727736	754086	1	0
98.042358	200	204	4	5848	727736	754086	1	0
98.055808	200	204	4	5848	727736	754086	1	0
98.068682	200	204	4	5848	727736	754086	1	0
98.079888	200	204	4	5848	727736	754086	1	0
98.090132	200	204	4	5849	727736	754086	1	0
98.096520	200	204	4	5849	727736	754086	1	0
98.104707	200	204	4	5849	727736	754086	1	0
98.111847	200	204	4	5849	727736	754086	1	0
98.121292	200	204	4	5850	727736	754086	1	0
98.132829	200	204	4	5851	727736	754086	1	0
98.142687	200	204	4	5851	727736	754086	1	0
98.149616	200	204	4	5852	727736	754086	1	0
98.163696	200	204	4	5853	727736	754086	1	0
98.177304	200	204	4	5854	727736	754086	1	0
98.192306	200	204	4	5855	727736	754086	1	0
98.204720	200	204	4	5856	727736	754086	1	0
98.215533	200	204	4	5856	727736	754086	1	0
98.221581	200	204	4	5856	727736	754086	1	0
98.228385	200	204	4	5856	727736	754086	1	0
98.239255	200	204	4	5856	727736	754086	1	0
98.250098	200	204	4	5856	727736	754086	1	0
98.265291	200	204	4	5856	727736	754086	1	0
98.273916	200	204	4	5856	727736	754086	1	0
98.287871	200	204	4	5856	727736	754086	1	0
98.295019	200	204	4	5856	727736	754086	1	0
98.309779	200	204	4	5856	727736	754086	1	0
98.315895	200	204	4	5857	727736	754086	1	0
98.327400	200	204	4	5857	727736	754086	1	0
98.340476	200	204	4	5857	727736	754086	1	0
98.348637	200	204	4	5858	727736	754086	1	0
98.358108	200	204	4	5858	727736	754086	1	0
98.365753	200	204	4	5859	727736	754086	1	0
98.372284	200	204	4	5859	727736	754086	1	0
98.383640	200	204	4	5860	727736	754086	1	0
98.391441	200	204	4	5860	727736	754086	1	0
98.397759	200	204	4	5861	727736	754086	1	0
98.410821	200	204	4	5861	727736	754086	1	0
98.422209	200	204	4	5862	727736	754086	1	0
98.428733	200	204	4	5863	727736	754086	1	0
98.436954	200	204	4	5863	727736	754086	1	0
98.451453	200	204	4	5864	727736	754086	1	0
98.457267	200	204	4	5864	727736	754086	1	0
98.471740	200	204	4	5864	727736	754086	1	0
98.485160	200	204	4	5864	727736	754086	1	0
98.496110	200	204	4	5864	727736	754086	1	0
98.506129	200	204	4	5864	727736	754086	1	0
98.518401	200	204	4	5864	727736	754086	1	0
98.528325	200	204	4	5864	727736	754086	1	0
98.537084	200	204	4	5864	727736	754086	1	0
98.543807	200	204	4	5864	727736	754086	1	0
98.556053	200	204	4	5864	727736	754086	1	0
98.561868	200	204	4	5864	727736	754086	1	0
98.567767	200	204	4	5864	727736	754086	1	0
98.578216	200	204	4	5865	727736	754086	1	0
98.584911	200	204	4	5865	727736	754086	1	0
98.593771	200	204	4	5865	727736	754086	1	0
98.603638	200	204	4	5865	727736	754086	1	0
98.610837	200	204	4	5866	727736	754086	1	0
98.618397	200	204	4	5866	727736	754086	1	0
98.624464	200	204	4	5866	727736	754086	1	0
98.638726	200	204	4	5867	727736	754086	1	0
98.652310	200	204	4	5868	727736	754086	1	0
98.666911	200	204	4	5868	727736	754086	1	0
98.674261	200	204	4	5869	727736	754086	1	0
98.689259	200	204	4	5869	727736	754086	1	0
98.703172	200	204	4	5870	727736	754086	1	0
98.714037	200	204	4	5871	727736	754086	1	0
98.728837	200	204	4	5871	727736	754086	1	0
98.739351	200	204	4	5872	727736	754086	1	0
98.754102	200	204	4	5872	727736	754086	1	0
98.766771	200	204	4	5872	727736	754086	1	0
98.774711	200	204	4	5872	727736	754086	1	0
98.789452	200	204	4	5872	727736	754086	1	0
98.796810	200	204	4	5872	727736	754086	1	0
98.807119	200	204	4	5872	727736	754086	1	0
98.821547	200	204	4	5872	727736	754086	1	0
98.830360	200	204	4	5872	727736	754086	1	0
98.843614	200	204	4	5872	727736	754086	1	0
98.857637	200	204	4	5872	727736	754086	1	0
98.863361	200	204	4	5872	727736	754086	1	0
98.872761	200	204	4	5872	727736	754086	1	0
98.880373	200	204	4	5872	727736	754086	1	0
98.892606	200	204	4	5872	727736	754086	1	0
98.899070	200	204	4	5873	727736	754086	1	0
98.912971	200	204	4	5873	727736	754086	1	0
98.927847	200	204	4	5873	727736	754086	1	0
98.933362	200	204	4	5873	727736	754086	1	0
98.942557	200	204	4	5874	727736	754086	1	0
98.949399	200	204	4	5874	727736	754086	1	0
98.964336	200	204	4	5875	727736	754086	1	0
98.977398	200	204	4	5875	727736	754086	1	0
98.991052	200	204	4	5876	727736	754086	1	0
99.005734	200	204	4	5876	727736	754086	1	0
99.013414	200	204	4	5877	727736	754086	1	0
99.024793	200	204	4	5877	727736	754086	1	0
99.035880	200	204	4	5878	727736	754086	1	0
99.047662	200	204	4	5878	727736	754086	1	0
99.061964	200	204	4	5879	727736	754086	1	0
99.070588	200	204	4	5880	727736	754086	1	0
99.084664	200	204	4	5880	727736	754086	1	0
99.094736	200	204	4	5880	727736	754086	1	0
99.102996	200	204	4	5880	727736	754086	1	0
99.114445	200	204	4	5880	727736	754086	1	0
99.124595	200	204	4	5880	727736	754086	1	0
99.137883	200	204	4	5880	727736	754086	1	0
99.143266	200	204	4	5880	727736	754086	1	0
99.149840	200	204	4	5880	727736	754086	1	0
99.162525	200	204	4	5880	727736	754086	1	0
99.173405	200	204	4	5880	727736	754086	1	0
99.185121	200	204	4	5880	727736	754086	1	0
99.194414	200	204	4	5880	727736	754086	1	0
99.204564	200	204	4	5880	727736	754086	1	0
99.210899	200	204	4	5880	727736	754086	1	0
99.219281	200	204	4	5881	727736	754086	1	0
99.228774	200	204	4	5881	727736	754086	1	0
99.235551	200	204	4	5881	727736	754086	1	0
99.250460	200	204	4	5881	727736	754086	1	0
99.261350	200	204	4	5882	727736	754086	1	0
99.270385	200	204	4	5882	727736	754086	1	0
99.276693	200	204	4	5883	727736	754086	1	0
99.284734	200	204	4	5883	727736	754086	1	0
99.294645	200	204	4	5883	727736	754086	1	0
99.308552	200	204	4	5884	727736	754086	1	0
99.314690	200	204	4	5884	727736	754086	1	0
99.329005	200	204	4	5885	727736	754086	1	0
99.338784	200	204	4	5885	727736	754086	1	0
99.351096	200	204	4	5886	727736	754086	1	0
99.360367	200	204	4	5886	727736	754086	1	0
99.366257	200	204	4	5886	727736	754086	1	0
99.373688	200	204	4	5887	727736	754086	1	0
99.383398	200	204	4	5887	727736	754086	1	0
99.393083	200	204	4	5888	727736	754086	1	0
99.406217	200	204	4	5888	727736	754086	1	0
99.417101	200	204	4	5888	727736	754086	1	0
99.426231	200	204	4	5888	727736	754086	1	0
99.441301	200	204	4	5888	727736	754086	1	0
99.452792	200	204	4	5888	727736	754086	1	0
99.467064	200	204	4	5888	727736	754086	1	0
99.473368	200	204	4	5888	727736	754086	1	0
99.482636	200	204	4	5888	727736	754086	1	0
99.493923	200	204	4	5888	727736	754086	1	0
99.500855	200	204	4	5888	727736	754086	1	0
99.507093	200	204	4	5889	727736	754086	1	0
99.521818	200	204	4	5889	727736	754086	1	0
99.535891	200	204	4	5889	727736	754086	1	0
99.548938	200	204	4	5890	727736	754086	1	0
99.563533	200	204	4	5891	727736	754086	1	0
99.573874	200	204	4	5892	727736	754086	1	0
99.588582	200	204	4	5892	727736	754086	1	0
99.601272	200	204	4	5893	727736	754086	1	0
99.616042	200	204	4	5894	727736	754086	1	0
99.621652	200	204	4	5894	727736	754086	1	0
99.627042	200	204	4	5894	727736	754086	1	0
99.634258	200	204	4	5895	727736	754086	1	0
99.646554	200	204	4	5895	727736	754086	1	0
99.652465	200	204	4	5896	727736	754086	1	0
99.667206	200	204	4	5896	727736	754086	1	0
99.679466	200	204	4	5896	727736	754086	1	0
99.691774	200	204	4	5896	727736	754086	1	0
99.698861	200	204	4	5896	727736	754086	1	0
99.713825	200	204	4	5896	727736	754086	1	0
99.724394	200	204	4	5896	727736	754086	1	0
99.730246	200	204	4	5896	727736	754086	1	0
99.740060	200	204	4	5896	727736	754086	1	0
99.747198	200	204	4	5896	727736	754086	1	0
99.759721	200	204	4	5896	727736	754086	1	0
99.766231	200	204	4	5896	727736	754086	1	0
99.776336	200	204	4	5896	727736	754086	1	0
99.789489	200	204	4	5897	727736	754086	1	0
99.801254	200	204	4	5897	727736	754086	1	0
99.806525	200	204	4	5897	727736	754086	1	0
99.813442	200	204	4	5897	727736	754086	1	0
99.822338	200	204	4	5897	727736	754086	1	0
99.836946	200	204	4	5898	727736	754086	1	0
99.851011	200	204	4	5899	727736	754086	1	0
99.862464	200	204	4	5899	727736	754086	1	0
99.867897	200	204	4	5900	727736	754086	1	0
99.874956	200	204	4	5900	727736	754086	1	0
99.883689	200	204	4	5900	727736	754086	1	0
99.898719	200	204	4	5901	727736	754086	1	0
99.908416	200	204	4	5902	727736	754086	1	0
99.922357	200	204	4	5903	727736	754086	1	0
99.927964	200	204	4	5903	727736	754086	1	0
99.935871	200	204	4	5903	727736	754086	1	0
99.942756	200	204	4	5904	727736	754086	1	0
99.953438	200	204	4	5904	727736	754086	1	0
99.962793	200	204	4	5904	727736	754086	1	0
99.975582	200	204	4	5904	727736	754086	1	0
99.989932	200	204	4	5904	727736	754086	1	0
100.003038	200	204	4	5904	727736	754086	1	0
100.014610	200	204	4	5904	727736	754086	1	0
100.028331	200	204	4	5904	727736	754086	1	0
100.037883	200	204	4	5904	727736	754086	1	0
100.049187	200	204	4	5904	727736	754086	1	0
100.057695	200	204	4	5904	727736	754086	1	0
100.069131	200	204	4	5904	727736	754086	1	0
100.083398	200	204	4	5905	727736	754086	1	0
100.094470	200	204	4	5905	727736	754086	1	0
100.099992	200	204	4	5905	727736	754086	1	0
100.109705	200	204	4	5905	727736	754086	1	0
100.116737	200	204	4	5905	727736	754086	1	0
100.125349	200	204	4	5906	727736	754086	1	0
100.139372	200	204	4	5906	727736	754086	1	0
100.153410	200	204	4	5907	727736	754086	1	0
100.160303	200	204	4	5908	727736	754086	1	0
100.170814	200	204	4	5908	727736	754086	1	0
100.180469	200	204	4	5909	727736	754086	1	0
100.187690	200	204	4	5909	727736	754086	1	0
100.198980	200	204	4	5910	727736	754086	1	0
100.210587	200	204	4	5910	727736	754086	1	0
100.225598	200	204	4	5911	727736	754086	1	0
100.238319	200	204	4	5912	727736	754086	1	0
100.244511	200	204	4	5912	727736	754086	1	0
100.253603	200	204	4	5912	727736	754086	1	0
100.264748	200	204	4	5912	727736	754086	1	0
100.274130	200	204	4	5912	727736	754086	1	0
100.283698	200	204	4	5912	727736	754086	1	0
100.290222	200	204	4	5912	727736	754086	1	0
100.301159	200	204	4	5912	727736	754086	1	0
100.314747	200	204	4	5912	727736	754086	1	0
100.320206	200	204	4	5912	727736	754086	1	0
100.331865	200	204	4	5912	727736	754086	1	0
100.337790	200	204	4	5912	727736	754086	1	0
100.347142	200	204	4	5912	727736	754086	1	0
100.358273	200	204	4	5912	727736	754086	1	0
100.363602	200	204	4	5912	727736	754086	1	0
100.369214	200	204	4	5912	727736	754086	1	0
100.376912	200	204	4	5912	727736	754086	1	0
100.389619	200	204	4	5913	727736	754086	1	0
100.398868	200	204	4	5913	727736	754086	1	0
100.406591	200	204	4	5913	727736	754086	1	0
100.421589	200	204	4	5914	727736	754086	1	0
100.434412	200	204	4	5914	727736	754086	1	0
100.442457	200	204	4	5915	727736	754086	1	0
100.448558	200	204	4	5915	727736	754086	1	0
100.453936	200	204	4	5915	727736	754086	1	0
100.464217	200	204	4	5916	727736	754086	1	0
100.470542	200	204	4	5916	727736	754086	1	0
100.484633	200	204	4	5917	727736	754086	1	0
100.490716	200	204	4	5917	727736	754086	1	0
100.498219	200	204	4	5918	727736	754086	1	0
100.508332	200	204	4	5918	727736	754086	1	0
100.522868	200	204	4	5919	727736	754086	1	0
100.532211	200	204	4	5920	727736	754086	1	0
100.545286	200	204	4	5920	727736	754086	1	0
100.551694	200	204	4	5920	727736	754086	1	0
100.566530	200	204	4	5920	727736	754086	1	0
100.580244	200	204	4	5920	727736	754086	1	0
100.587714	200	204	4	5920	727736	754086	1	0
100.593477	200	204	4	5920	727736	754086	1	0
100.605715	200	204	4	5920	727736	754086	1	0
100.619786	200	204	4	5920	727736	754086	1	0
100.634917	200	204	4	5920	727736	754086	1	0
100.646780	200	204	4	5920	727736	754086	1	0
100.660815	200	204	4	5920	727736	754086	1	0
100.672490	200	204	4	5920	727736	754086	1	0
100.686683	200	204	4	5921	727736	754086	1	0
100.694114	200	204	4	5921	727736	754086	1	0
100.703415	200	204	4	5921	727736	754086	1	0
100.716357	200	204	4	5921	727736	754086	1	0
100.728753	200	204	4	5922	727736	754086	1	0
100.742242	200	204	4	5923	727736	754086	1	0
100.756876	200	204	4	5923	727736	754086	1	0
100.763092	200	204	4	5923	727736	754086	1	0
100.773186	200	204	4	5924	727736	754086	1	0
100.780346	200	204	4	5924	727736	754086	1	0
100.793209	200	204	4	5925	727736	754086	1	0
100.804502	200	204	4	5925	727736	754086	1	0
100.816129	200	204	4	5926	727736	754086	1	0
100.830162	200	204	4	5927	727736	754086	1	0
100.840883	200	204	4	5927	727736	754086	1	0
100.848312	200	204	4	5928	727736	754086	1	0
100.857220	200	204	4	5928	727736	754086	1	0
100.869009	200	204	4	5928	727736	754086	1	0
100.874228	200	204	4	5928	727736	754086	1	0
100.887127	200	204	4	5928	727736	754086	1	0
100.900519	200	204	4	5928	727736	754086	1	0
100.911187	200	204	4	5928	727736	754086	1	0
100.923407	200	204	4	5928	727736	754086	1	0
100.935415	200	204	4	5928	727736	754086	1	0
100.943672	200	204	4	5928	727736	754086	1	0
100.953548	200	204	4	5928	727736	754086	1	0
100.966748	200	204	4	5928	727736	754086	1	0
100.981393	200	204	4	5928	727736	754086	1	0
100.992659	200	204	4	5928	727736	754086	1	0
101.005832	200	204	4	5928	727736	754086	1	0
101.012106	200	204	4	5928	727736	754086	1	0
101.024647	200	204	4	5929	727736	754086	1	0
101.031547	200	204	4	5929	727736	754086	1	0
101.043083	200	204	4	5929	727736	754086	1	0
101.052248	200	204	4	5929	727736	754086	1	0
101.066486	200	204	4	5930	727736	754086	1	0
101.081329	200	204	4	5930	727736	754086	1	0
101.092791	200	204	4	5931	727736	754086	1	0
101.100744	200	204	4	5931	727736	754086	1	0
101.109804	200	204	4	5932	727736	754086	1	0
101.119432	200	204	4	5932	727736	754086	1	0
101.131614	200	204	4	5933	727736	754086	1	0
101.141856	200	204	4	5933	727736	754086	1	0
101.150933	200	204	4	5934	727736	754086	1	0
101.157662	200	204	4	5934	727736	754086	1	0
101.164007	200	204	4	5934	727736	754086	1	0
101.177528	200	204	4	5935	727736	754086	1	0
101.185822	200	204	4	5935	727736	754086	1	0
101.193610	200	204	4	5936	727736	754086	1	0
101.206928	200	204	4	5936	727736	754086	1	0
101.216072	200	204	4	5936	727736	754086	1	0
101.230860	200	204	4	5936	727736	754086	1	0
101.243156	200	204	4	5936	727736	754086	1	0
101.251046	200	204	4	5936	727736	754086	1	0
101.265214	200	204	4	5936	727736	754086	1	0
101.277033	200	204	4	5936	727736	754086	1	0
101.285357	200	204	4	5936	727736	754086	1	0
101.292751	200	204	4	5936	727736	754086	1	0
101.305644	200	204	4	5936	727736	754086	1	0
101.318294	200	204	4	5936	727736	754086	1	0
101.324395	200	204	4	5936	727736	754086	1	0
101.338868	200	204	4	5936	727736	754086	1	0
101.350061	200	204	4	5936	727736	754086	1	0
101.364274	200	204	4	5937	727736	754086	1	0
101.376504	200	204	4	5937	727736	754086	1	0
101.388966	200	204	4	5937	727736	754086	1	0
101.400754	200	204	4	5938	727736	754086	1	0
101.412050	200	204	4	5938	727736	754086	1	0
101.419551	200	204	4	5938	727736	754086	1	0
101.432193	200	204	4	5939	727736	754086	1	0
101.439956	200	204	4	5939	727736	754086	1	0
101.451413	200	204	4	5940	727736	754086	1	0
101.460751	200	204	4	5940	727736	754086	1	0
101.473640	200	204	4	5941	727736	754086	1	0
101.482917	200	204	4	5941	727736	754086	1	0
101.488400	200	204	4	5942	727736	754086	1	0
101.498866	200	204	4	5942	727736	754086	1	0
101.510360	200	204	4	5943	727736	754086	1	0
101.523052	200	204	4	5943	727736	754086	1	0
101.534136	200	204	4	5944	727736	754086	1	0
101.541876	200	204	4	5944	727736	754086	1	0
101.555907	200	204	4	5944	727736	754086	1	0
101.568016	200	204	4	5944	727736	754086	1	0
101.583071	200	204	4	5944	727736	754086	1	0
101.595541	200	204	4	5944	727736	754086	1	0
101.602855	200	204	4	5944	727736	754086	1	0
101.611539	200	204	4	5944	727736	754086	1	0
101.618536	200	204	4	5944	727736	754086	1	0
101.624325	200	204	4	5944	727736	754086	1	0
101.635841	200	204	4	5944	727736	754086	1	0
101.649566	200	204	4	5944	727736	754086	1	0
101.655106	200	204	4	5944	727736	754086	1	0
101.665359	200	204	4	5944	727736	754086	1	0
101.670661	200	204	4	5944	727736	754086	1	0
101.681535	200	204	4	5944	727736	754086	1	0
101.693747	200	204	4	5944	727736	754086	1	0
101.699333	200	204	4	5944	727736	754086	1	0
101.707716	200	204	4	5945	727736	754086	1	0
101.716770	200	204	4	5945	727736	754086	1	0
101.726400	200	204	4	5945	727736	754086	1	0
101.738567	200	204	4	5945	727736	754086	1	0
101.745702	200	204	4	5945	727736	754086	1	0
101.759900	200	204	4	5946	727736	754086	1	0
101.769741	200	204	4	5946	727736	754086	1	0
101.775483	200	204	4	5947	727736	754086	1	0
101.784851	200	204	4	5947	727736	754086	1	0
101.799441	200	204	4	5948	727736	754086	1	0
101.814281	200	204	4	5948	727736	754086	1	0
101.821415	200	204	4	5949	727736	754086	1	0
101.827080	200	204	4	5949	727736	754086	1	0
101.841056	200	204	4	5950	727736	754086	1	0
101.848852	200	204	4	5950	727736	754086	1	0
101.854554	200	204	4	5950	727736	754086	1	0
101.864105	200	204	4	5951	727736	754086	1	0
101.873840	200	204	4	5951	727736	754086	1	0
101.888712	200	204	4	5952	727736	754086	1	0
101.900974	200	204	4	5952	727736	754086	1	0
101.909141	200	204	4	5952	727736	754086	1	0
101.919463	200	204	4	5952	727736	754086	1	0
101.929269	200	204	4	5952	727736	754086	1	0
101.943820	200	204	4	5952	727736	754086	1	0
101.958909	200	204	4	5952	727736	754086	1	0
101.967800	200	204	4	5952	727736	754086	1	0
101.976891	200	204	4	5952	727736	754086	1	0
101.989226	200	204	4	5952	727736	754086	1	0
101.999747	200	204	4	5952	727736	754086	1	0
102.005136	200	204	4	5952	727736	754086	1	0
102.012392	200	204	4	5952	727736	754086	1	0
102.024463	200	204	4	5952	727736	754086	1	0
102.037291	200	204	4	5952	727736	754086	1	0
102.049716	200	204	4	5952	727736	754086	1	0
102.056072	200	204	4	5952	727736	754086	1	0
102.066992	200	204	4	5952	727736	754086	1	0
102.075563	200	204	4	5952	727736	754086	1	0
102.088714	200	204	4	5953	727736	754086	1	0
102.098056	200	204	4	5953	727736	754086	1	0
102.105041	200	204	4	5953	727736	754086	1	0
102.115592	200	204	4	5953	727736	754086	1	0
102.130168	200	204	4	5953	727736	754086	1	0
102.141480	200	204	4	5954	727736	754086	1	0
102.156561	200	204	4	5954	727736	754086	1	0
102.171457	200	204	4	5955	727736	754086	1	0
102.185759	200	204	4	5956	727736	754086	1	0
102.198234	200	204	4	5956	727736	754086	1	0
102.208044	200	204	4	5957	727736	754086	1	0
102.219477	200	204	4	5957	727736	754086	1	0
102.231033	200	204	4	5958	727736	754086	1	0
102.239231	200	204	4	5958	727736	754086	1	0
102.253418	200	204	4	5959	727736	754086	1	0
102.261311	200	204	4	5959	727736	754086	1	0
102.269135	200	204	4	5959	727736	754086	1	0
102.278816	200	204	4	5960	727736	754086	1	0
102.287011	200	204	4	5960	727736	754086	1	0
102.301902	200	204	4	5960	727736	754086	1	0
102.316067	200	204	4	5960	727736	754086	1	0
102.327017	200	204	4	5960	727736	754086	1	0
102.334160	200	204	4	5960	727736	754086	1	0
102.347299	200	204	4	5960	727736	754086	1	0
102.353889	200	204	4	5960	727736	754086	1	0
102.367069	200	204	4	5960	727736	754086	1	0
102.373109	200	204	4	5960	727736	754086	1	0
102.385181	200	204	4	5960	727736	754086	1	0
102.394577	200	204	4	5960	727736	754086	1	0
102.402391	200	204	4	5960	727736	754086	1	0
102.412242	200	204	4	5960	727736	754086	1	0
102.422634	200	204	4	5960	727736	754086	1	0
102.430695	200	204	4	5960	727736	754086	1	0
102.441749	200	204	4	5960	727736	754086	1	0
102.451913	200	204	4	5961	727736	754086	1	0
102.461149	200	204	4	5961	727736	754086	1	0
102.470726	200	204	4	5961	727736	754086	1	0
102.478918	200	204	4	5961	727736	754086	1	0
102.491691	200	204	4	5961	727736	754086	1	0
102.503462	200	204	4	5962	727736	754086	1	0
102.517643	200	204	4	5962	727736	754086	1	0
102.524143	200	204	4	5963	727736	754086	1	0
102.537241	200	204	4	5963	727736	754086	1	0
102.549376	200	204	4	5964	727736	754086	1	0
102.561977	200	204	4	5964	727736	754086	1	0
102.575802	200	204	4	5965	727736	754086	1	0
102.588809	200	204	4	5966	727736	754086	1	0
102.601731	200	204	4	5966	727736	754086	1	0
102.615677	200	204	4	5967	727736	754086	1	0
102.625661	200	204	4	5967	727736	754086	1	0
102.633101	200	204	4	5967	727736	754086	1	0
102.646564	200	204	4	5968	727736	754086	1	0
102.657541	200	204	4	5968	727736	754086	1	0
102.668384	200	204	4	5968	727736	754086	1	0
102.674257	200	204	4	5968	727736	754086	1	0
102.686148	200	204	4	5968	727736	754086	1	0
102.700028	200	204	4	5968	727736	754086	1	0
102.707539	200	204	4	5968	727736	754086	1	0
102.715684	200	204	4	5968	727736	754086	1	0
102.723513	200	204	4	5968	727736	754086	1	0
102.732146	200	204	4	5968	727736	754086	1	0
102.742001	200	204	4	5968	727736	754086	1	0
102.755053	200	204	4	5968	727736	754086	1	0
102.768703	200	204	4	5968	727736	754086	1	0
102.779923	200	204	4	5968	727736	754086	1	0
102.787168	200	204	4	5968	727736	754086	1	0
102.796346	200	204	4	5968	727736	754086	1	0
102.811410	200	204	4	5968	727736	754086	1	0
102.822482	200	204	4	5969	727736	754086	1	0
102.837622	200	204	4	5969	727736	754086	1	0
102.848278	200	204	4	5969	727736	754086	1	0
102.856240	200	204	4	5969	727736	754086	1	0
102.865255	200	204	4	5970	727736	754086	1	0
102.871421	200	204	4	5970	727736	754086	1	0
102.883437	200	204	4	5970	727736	754086	1	0
102.898382	200	204	4	5971	727736	754086	1	0
102.905965	200	204	4	5971	727736	754086	1	0
102.912215	200	204	4	5971	727736	754086	1	0
102.923466	200	204	4	5972	727736	754086	1	0
102.935868	200	204	4	5972	727736	754086	1	0
102.948026	200	204	4	5973	727736	754086	1	0
102.955982	200	204	4	5973	727736	754086	1	0
102.964480	200	204	4	5973	727736	754086	1	0
102.973087	200	204	4	5974	727736	754086	1	0
102.979085	200	204	4	5974	727736	754086	1	0
102.987801	200	204	4	5974	727736	754086	1	0
103.001029	200	204	4	5975	727736	754086	1	0
103.012963	200	204	4	5975	727736	754086	1	0
103.019074	200	204	4	5975	727736	754086	1	0
103.025098	200	204	4	5976	727736	754086	1	0
103.038382	200	204	4	5976	727736	754086	1	0
103.045807	200	204	4	5976	727736	754086	1	0
103.059613	200	204	4	5976	727736	754086	1	0
103.068275	200	204	4	5976	727736	754086	1	0
103.073481	200	204	4	5976	727736	754086	1	0
103.084429	200	204	4	5976	727736	754086	1	0
103.093606	200	204	4	5976	727736	754086	1	0
103.099044	200	204	4	5976	727736	754086	1	0
103.110088	200	204	4	5976	727736	754086	1	0
103.124566	200	204	4	5976	727736	754086	1	0
103.138410	200	204	4	5976	727736	754086	1	0
103.145122	200	204	4	5976	727736	754086	1	0
103.155670	200	204	4	5976	727736	754086	1	0
103.169275	200	204	4	5976	727736	754086	1	0
103.174633	200	204	4	5976	727736	754086	1	0
103.185600	200	204	4	5976	727736	754086	1	0
103.194419	200	204	4	5976	727736	754086	1	0
103.207933	200	204	4	5976	727736	754086	1	0
103.216563	200	204	4	5976	727736	754086	1	0
103.226466	200	204	4	5976	727736	754086	1	0
103.239377	200	204	4	5976	727736	754086	1	0
103.253200	200	204	4	5976	727736	754086	1	0
103.261484	200	204	4	5977	727736	754086	1	0
103.267097	200	204	4	5977	727736	754086	1	0
103.274597	200	204	4	5977	727736	754086	1	0
103.288232	200	204	4	5977	727736	754086	1	0
103.299233	200	204	4	5977	727736	754086	1	0
103.310261	200	204	4	5977	727736	754086	1	0
103.322090	200	204	4	5977	727736	754086	1	0
103.335940	200	204	4	5978	727736	754086	1	0
103.350202	200	204	4	5978	727736	754086	1	0
103.363053	200	204	4	5979	727736	754086	1	0
103.374610	200	204	4	5979	727736	754086	1	0
103.385449	200	204	4	5979	727736	754086	1	0
103.392999	200	204	4	5979	727736	754086	1	0
103.405931	200	204	4	5980	727736	754086	1	0
103.412086	200	204	4	5980	727736	754086	1	0
103.425471	200	204	4	5980	727736	754086	1	0
103.438723	200	204	4	5981	727736	754086	1	0
103.450959	200	204	4	5981	727736	754086	1	0
103.459980	200	204	4	5981	727736	754086	1	0
103.466848	200	204	4	5981	727736	754086	1	0
103.481874	200	204	4	5982	727736	754086	1	0
103.495824	200	204	4	5982	727736	754086	1	0
103.507221	200	204	4	5983	727736	754086	1	0
103.517536	200	204	4	5983	727736	754086	1	0
103.526724	200	204	4	5983	727736	754086	1	0
103.531915	200	204	4	5984	727736	754086	1	0
103.537354	200	204	4	5984	727736	754086	1	0
103.552357	200	204	4	5984	727736	754086	1	0
103.558747	200	204	4	5984	727736	754086	1	0
103.567526	200	204	4	5984	727736	754086	1	0
103.574728	200	204	4	5984	727736	754086	1	0
103.584448	200	204	4	5984	727736	754086	1	0
103.589906	200	204	4	5984	727736	754086	1	0
103.595628	200	204	4	5984	727736	754086	1	0
103.603432	200	204	4	5984	727736	754086	1	0
103.615982	200	204	4	5984	727736	754086	1	0
103.625263	200	204	4	5984	727736	754086	1	0
103.633993	200	204	4	5984	727736	754086	1	0
103.646386	200	204	4	5984	727736	754086	1	0
103.657718	200	204	4	5984	727736	754086	1	0
103.668405	200	204	4	5984	727736	754086	1	0
103.674520	200	204	4	5984	727736	754086	1	0
103.682186	200	204	4	5984	727736	754086	1	0
103.694959	200	204	4	5984	727736	754086	1	0
103.709944	200	204	4	5984	727736	754086	1	0
103.718261	200	204	4	5984	727736	754086	1	0
103.731504	200	204	4	5984	727736	754086	1	0
103.743442	200	204	4	5985	727736	754086	1	0
103.749416	200	204	4	5985	727736	754086	1	0
103.757627	200	204	4	5985	727736	754086	1	0
103.771540	200	204	4	5985	727736	754086	1	0
103.784534	200	204	4	5986	727736	754086	1	0
103.792782	200	204	4	5986	727736	754086	1	0
103.804665	200	204	4	5986	727736	754086	1	0
103.811082	200	204	4	5987	727736	754086	1	0
103.817140	200	204	4	5987	727736	754086	1	0
103.826047	200	204	4	5987	727736	754086	1	0
103.841211	200	204	4	5988	727736	754086	1	0
103.846406	200	204	4	5988	727736	754086	1	0
103.857857	200	204	4	5988	727736	754086	1	0
103.872722	200	204	4	5989	727736	754086	1	0
103.885373	200	204	4	5989	727736	754086	1	0
103.894854	200	204	4	5990	727736	754086	1	0
103.902753	200	204	4	5990	727736	754086	1	0
103.913489	200	204	4	5990	727736	754086	1	0
103.918978	200	204	4	5991	727736	754086	1	0
103.924608	200	204	4	5991	727736	754086	1	0
103.935107	200	204	4	5991	727736	754086	1	0
103.947578	200	204	4	5992	727736	754086	1	0
103.957517	200	204	4	5992	727736	754086	1	0
103.971490	200	204	4	5992	727736	754086	1	0
103.982002	200	204	4	5992	727736	754086	1	0
103.994916	200	204	4	5992	727736	754086	1	0
104.006191	200	204	4	5992	727736	754086	1	0
104.017178	200	204	4	5992	727736	754086	1	0
104.025160	200	204	4	5992	727736	754086	1	0
104.033413	200	204	4	5992	727736	754086	1	0
104.048067	200	204	4	5992	727736	754086	1	0
104.058741	200	204	4	5992	727736	754086	1	0
104.071106	200	204	4	5992	727736	754086	1	0
104.080317	200	204	4	5992	727736	754086	1	0
104.091197	200	204	4	5992	727736	754086	1	0
104.096594	200	204	4	5992	727736	754086	1	0
104.111134	200	204	4	5992	727736	754086	1	0
104.116362	200	204	4	5992	727736	754086	1	0
104.131479	200	204	4	5992	727736	754086	1	0
104.143199	200	204	4	5992	727736	754086	1	0
104.148457	200	204	4	5992	727736	754086	1	0
104.161331	200	204	4	5993	727736	754086	1	0
104.170715	200	204	4	5993	727736	754086	1	0
104.178278	200	204	4	5993	727736	754086	1	0
104.188768	200	204	4	5993	727736	754086	1	0
104.199510	200	204	4	5993	727736	754086	1	0
104.212031	200	204	4	5994	727736	754086	1	0
104.217992	200	204	4	5994	727736	754086	1	0
104.223662	200	204	4	5994	727736	754086	1	0
104.230003	200	204	4	5994	727736	754086	1	0
104.239802	200	204	4	5995	727736	754086	1	0
104.248693	200	204	4	5995	727736	754086	1	0
104.259349	200	204	4	5995	727736	754086	1	0
104.269732	200	204	4	5996	727736	754086	1	0
104.277253	200	204	4	5996	727736	754086	1	0
104.282799	200	204	4	5996	727736	754086	1	0
104.288778	200	204	4	5996	727736	754086	1	0
104.295880	200	204	4	5997	727736	754086	1	0
104.307765	200	204	4	5997	727736	754086	1	0
104.317849	200	204	4	5997	727736	754086	1	0
104.326647	200	204	4	5998	727736	754086	1	0
104.336685	200	204	4	5998	727736	754086	1	0
104.345812	200	204	4	5998	727736	754086	1	0
104.358924	200	204	4	5999	727736	754086	1	0
104.366342	200	204	4	5999	727736	754086	1	0
104.376645	200	204	4	6000	727736	754086	1	0
104.381948	200	204	4	6000	727736	754086	1	0
104.389612	200	204	4	6000	727736	754086	1	0
104.399857	200	204	4	6000	727736	754086	1	0
104.409246	200	204	4	6000	727736	754086	1	0
104.419370	200	204	4	6000	727736	754086	1	0
104.426532	200	204	4	6000	727736	754086	1	0
104.434587	200	204	4	6000	727736	754086	1	0
104.449092	200	204	4	6000	727736	754086	1	0
104.461653	200	204	4	6000	727736	754086	1	0
104.474129	200	204	4	6000	727736	754086	1	0
104.482810	200	204	4	6000	727736	754086	1	0
104.490805	200	204	4	6000	727736	754086	1	0
104.500485	200	204	4	6000	727736	754086	1	0
104.515308	200	204	4	6000	727736	754086	1	0
104.529947	200	204	4	6000	727736	754086	1	0
104.541792	200	204	4	6000	727736	754086	1	0
104.547156	200	204	4	6000	727736	754086	1	0
104.560810	200	204	4	6000	727736	754086	1	0
104.572419	200	204	4	6000	727736	754086	1	0
104.584222	200	204	4	6000	727736	754086	1	0
104.594911	200	204	4	6000	727736	754086	1	0
104.601651	200	204	4	6001	727736	754086	1	0
104.608495	200	204	4	6001	727736	754086	1	0
104.618312	200	204	4	6001	727736	754086	1	0
104.627600	200	204	4	6001	727736	754086	1	0
104.641050	200	204	4	6001	727736	754086	1	0
104.654613	200	204	4	6001	727736	754086	1	0
104.666267	200	204	4	6002	727736	754086	1	0
104.672675	200	204	4	6002	727736	754086	1	0
104.686291	200	204	4	6003	727736	754086	1	0
104.700484	200	204	4	6003	727736	754086	1	0
104.710626	200	204	4	6003	727736	754086	1	0
104.719857	200	204	4	6004	727736	754086	1	0
104.727041	200	204	4	6004	727736	754086	1	0
104.741673	200	204	4	6004	727736	754086	1	0
104.749404	200	204	4	6005	727736	754086	1	0
104.760949	200	204	4	6005	727736	754086	1	0
104.776100	200	204	4	6006	727736	754086	1	0
104.784227	200	204	4	6006	727736	754086	1	0
104.793046	200	204	4	6006	727736	754086	1	0
104.806913	200	204	4	6007	727736	754086	1	0
104.819127	200	204	4	6007	727736	754086	1	0
104.824647	200	204	4	6007	727736	754086	1	0
104.830482	200	204	4	6008	727736	754086	1	0
104.845109	200	204	4	6008	727736	754086	1	0
104.856939	200	204	4	6008	727736	754086	1	0
104.865207	200	204	4	6008	727736	754086	1	0
104.875421	200	204	4	6008	727736	754086	1	0
104.888277	200	204	4	6008	727736	754086	1	0
104.895261	200	204	4	6008	727736	754086	1	0
104.901159	200	204	4	6008	727736	754086	1	0
104.913162	200	204	4	6008	727736	754086	1	0
104.923600	200	204	4	6008	727736	754086	1	0
104.930611	200	204	4	6008	727736	754086	1	0
104.937098	200	204	4	6008	727736	754086	1	0
104.946254	200	204	4	6008	727736	754086	1	0
104.959664	200	204	4	6008	727736	754086	1	0
104.965701	200	204	4	6008	727736	754086	1	0
104.978046	200	204	4	6008	727736	754086	1	0
104.988833	200	204	4	6008	727736	754086	1	0
105.002064	200	204	4	6008	727736	754086	1	0
105.013261	200	204	4	6008	727736	754086	1	0
105.024639	200	204	4	6008	727736	754086	1	0
105.039048	200	204	4	6008	727736	754086	1	0
105.048854	200	204	4	6008	727736	754086	1	0
105.054328	200	204	4	6008	727736	754086	1	0
105.063545	200	204	4	6009	727736	754086	1	0
105.069070	200	204	4	6009	727736	754086	1	0
105.078570	200	204	4	6009	727736	754086	1	0
105.092251	200	204	4	6009	727736	754086	1	0
105.097621	200	204	4	6009	727736	754086	1	0
105.111876	200	204	4	6009	727736	754086	1	0
105.126439	200	204	4	6010	727736	754086	1	0
105.133542	200	204	4	6010	727736	754086	1	0
105.144463	200	204	4	6011	727736	754086	1	0
105.157068	200	204	4	6011	727736	754086	1	0
105.164094	200	204	4	6011	727736	754086	1	0
105.171653	200	204	4	6011	727736	754086	1	0
105.178374	200	204	4	6012	727736	754086	1	0
105.191329	200	204	4	6012	727736	754086	1	0
105.197849	200	204	4	6012	727736	754086	1	0
105.208820	200	204	4	6013	727736	754086	1	0
105.214325	200	204	4	6013	727736	754086	1	0
105.222786	200	204	4	6013	727736	754086	1	0
105.231701	200	204	4	6014	727736	754086	1	0
105.237460	200	204	4	6014	727736	754086	1	0
105.245153	200	204	4	6014	727736	754086	1	0
105.257043	200	204	4	6014	727736	754086	1	0
105.266890	200	204	4	6015	727736	754086	1	0
105.273445	200	204	4	6015	727736	754086	1	0
105.280760	200	204	4	6015	727736	754086	1	0
105.286682	200	204	4	6016	727736	754086	1	0
105.292384	200	204	4	6016	727736	754086	1	0
105.301561	200	204	4	6016	727736	754086	1	0
105.308472	200	204	4	6016	727736	754086	1	0
105.314942	200	204	4	6016	727736	754086	1	0
105.322842	200	204	4	6016	727736	754086	1	0
105.330796	200	204	4	6016	727736	754086	1	0
105.342701	200	204	4	6016	727736	754086	1	0
105.354853	200	204	4	6016	727736	754086	1	0
105.369808	200	204	4	6016	727736	754086	1	0
105.380971	200	204	4	6016	727736	754086	1	0
105.392426	200	204	4	6016	727736	754086	1	0
105.405230	200	204	4	6016	727736	754086	1	0
105.411927	200	204	4	6016	727736	754086	1	0
105.423152	200	204	4	6016	727736	754086	1	0
105.433084	200	204	4	6016	727736	754086	1	0
105.444297	200	204	4	6016	727736	754086	1	0
105.458136	200	204	4	6016	727736	754086	1	0
105.472757	200	204	4	6016	727736	754086	1	0
105.481623	200	204	4	6016	727736	754086	1	0
105.495202	200	204	4	6016	727736	754086	1	0
105.502896	200	204	4	6016	727736	754086	1	0
105.513729	200	204	4	6017	727736	754086	1	0
105.521824	200	204	4	6017	727736	754086	1	0
105.530268	200	204	4	6017	727736	754086	1	0
105.541882	200	204	4	6017	727736	754086	1	0
105.548951	200	204	4	6017	727736	754086	1	0
105.559601	200	204	4	6018	727736	754086	1	0
105.565768	200	204	4	6018	727736	754086	1	0
105.579325	200	204	4	6018	727736	754086	1	0
105.593154	200	204	4	6019	727736	754086	1	0
105.604391	200	204	4	6019	727736	754086	1	0
105.613622	200	204	4	6019	727736	754086	1	0
105.624733	200	204	4	6020	727736	754086	1	0
105.639144	200	204	4	6020	727736	754086	1	0
105.653177	200	204	4	6021	727736	754086	1	0
105.660616	200	204	4	6021	727736	754086	1	0
105.674602	200	204	4	6021	727736	754086	1	0
105.684758	200	204	4	6022	727736	754086	1	0
105.695295	200	204	4	6022	727736	754086	1	0
105.707130	200	204	4	6022	727736	754086	1	0
105.720619	200	204	4	6023	727736	754086	1	0
105.733892	200	204	4	6023	727736	754086	1	0
105.744766	200	204	4	6024	727736	754086	1	0
105.758115	200	204	4	6024	727736	754086	1	0
105.772704	200	204	4	6024	727736	754086	1	0
105.777969	200	204	4	6024	727736	754086	1	0
105.791482	200	204	4	6024	727736	754086	1	0
105.797292	200	204	4	6024	727736	754086	1	0
105.812388	200	204	4	6024	727736	754086	1	0
105.826890	200	204	4	6024	727736	754086	1	0
105.832345	200	204	4	6024	727736	754086	1	0
105.841146	200	204	4	6024	727736	754086	1	0
105.848932	200	204	4	6024	727736	754086	1	0
105.856922	200	204	4	6024	727736	754086	1	0
105.868657	200	204	4	6024	727736	754086	1	0
105.875754	200	204	4	6024	727736	754086	1	0
105.880944	200	204	4	6024	727736	754086	1	0
105.889517	200	204	4	6024	727736	754086	1	0
105.901536	200	204	4	6024	727736	754086	1	0
105.913803	200	204	4	6024	727736	754086	1	0
105.925327	200	204	4	6024	727736	754086	1	0
105.939021	200	204	4	6024	727736	754086	1	0
105.952754	200	204	4	6024	727736	754086	1	0
105.959015	200	204	4	6024	727736	754086	1	0
105.970604	200	204	4	6024	727736	754086	1	0
105.976872	200	204	4	6024	727736	754086	1	0
105.989096	200	204	4	6025	727736	754086	1	0
105.996503	200	204	4	6025	727736	754086	1	0
106.005291	200	204	4	6025	727736	754086	1	0
106.017751	200	204	4	6025	727736	754086	1	0
106.032500	200	204	4	6025	727736	754086	1	0
106.045109	200	204	4	6026	727736	754086	1	0
106.058476	200	204	4	6026	727736	754086	1	0
106.072006	200	204	4	6027	727736	754086	1	0
106.083009	200	204	4	6027	727736	754086	1	0
106.091525	200	204	4	6027	727736	754086	1	0
106.097898	200	204	4	6027	727736	754086	1	0
106.109873	200	204	4	6028	727736	754086	1	0
106.117036	200	204	4	6028	727736	754086	1	0
106.126444	200	204	4	6028	727736	754086	1	0
106.138415	200	204	4	6029	727736	754086	1	0
106.147164	200	204	4	6029	727736	754086	1	0
106.156574	200	204	4	6029	727736	754086	1	0
106.169497	200	204	4	6030	727736	754086	1	0
106.181709	200	204	4	6030	727736	754086	1	0
106.191106	200	204	4	6031	727736	754086	1	0
106.205002	200	204	4	6031	727736	754086	1	0
106.216910	200	204	4	6032	727736	754086	1	0
106.223332	200	204	4	6032	727736	754086	1	0
106.229652	200	204	4	6032	727736	754086	1	0
106.238401	200	204	4	6032	727736	754086	1	0
106.249090	200	204	4	6032	727736	754086	1	0
106.258538	200	204	4	6032	727736	754086	1	0
106.269218	200	204	4	6032	727736	754086	1	0
106.276913	200	204	4	6032	727736	754086	1	0
106.285229	200	204	4	6032	727736	754086	1	0
106.299932	200	204	4	6032	727736	754086	1	0
106.314021	200	204	4	6032	727736	754086	1	0
106.320738	200	204	4	6032	727736	754086	1	0
106.333595	200	204	4	6032	727736	754086	1	0
106.340800	200	204	4	6032	727736	754086	1	0
106.355286	200	204	4	6032	727736	754086	1	0
106.367336	200	204	4	6032	727736	754086	1	0
106.381066	200	204	4	6032	727736	754086	1	0
106.389836	200	204	4	6032	727736	754086	1	0
106.397602	200	204	4	6032	727736	754086	1	0
106.407137	200	204	4	6032	727736	754086	1	0
106.415239	200	204	4	6032	727736	754086	1	0
106.420892	200	204	4	6032	727736	754086	1	0
106.432786	200	204	4	6032	727736	754086	1	0
106.440188	200	204	4	6032	727736	754086	1	0
106.454643	200	204	4	6033	727736	754086	1	0
106.466156	200	204	4	6033	727736	754086	1	0
106.479926	200	204	4	6033	727736	754086	1	0
106.487454	200	204	4	6033	727736	754086	1	0
106.493571	200	204	4	6033	727736	754086	1	0
106.503860	200	204	4	6034	727736	754086	1	0
106.510400	200	204	4	6034	727736	754086	1	0
106.519349	200	204	4	6034	727736	754086	1	0
106.525697	200	204	4	6034	727736	754086	1	0
106.532357	200	204	4	6035	727736	754086	1	0
106.541261	200	204	4	6035	727736	754086	1	0
106.554077	200	204	4	6035	727736	754086	1	0
106.565748	200	204	4	6036	727736	754086	1	0
106.578764	200	204	4	6036	727736	754086	1	0
106.592872	200	204	4	6036	727736	754086	1	0
106.603196	200	204	4	6037	727736	754086	1	0
106.611044	200	204	4	6037	727736	754086	1	0
106.622801	200	204	4	6038	727736	754086	1	0
106.635270	200	204	4	6038	727736	754086	1	0
106.646354	200	204	4	6038	727736	754086	1	0
106.660262	200	204	4	6039	727736	754086	1	0
106.667387	200	204	4	6039	727736	754086	1	0
106.675081	200	204	4	6039	727736	754086	1	0
106.682032	200	204	4	6040	727736	754086	1	0
106.689257	200	204	4	6040	727736	754086	1	0
106.698531	200	204	4	6040	727736	754086	1	0
106.710030	200	204	4	6040	727736	754086	1	0
106.722574	200	204	4	6040	727736	754086	1	0
106.736944	200	204	4	6040	727736	754086	1	0
106.747820	200	204	4	6040	727736	754086	1	0
106.761450	200	204	4	6040	727736	754086	1	0
106.774147	200	204	4	6040	727736	754086	1	0
106.782803	200	204	4	6040	727736	754086	1	0
106.788785	200	204	4	6040	727736	754086	1	0
106.794452	200	204	4	6040	727736	754086	1	0
106.803677	200	204	4	6040	727736	754086	1	0
106.812392	200	204	4	6040	727736	754086	1	0
106.819502	200	204	4	6040	727736	754086	1	0
106.827225	200	204	4	6040	727736	754086	1	0
106.839613	200	204	4	6040	727736	754086	1	0
106.851094	200	204	4	6040	727736	754086	1	0
106.860810	200	204	4	6040	727736	754086	1	0
106.870713	200	204	4	6040	727736	754086	1	0
106.883015	200	204	4	6040	727736	754086	1	0
106.895115	200	204	4	6040	727736	754086	1	0
106.908969	200	204	4	6040	727736	754086	1	0
106.915130	200	204	4	6040	727736	754086	1	0
106.924789	200	204	4	6041	727736	754086	1	0
106.934118	200	204	4	6041	727736	754086	1	0
106.940060	200	204	4	6041	727736	754086	1	0
106.954662	200	204	4	6041	727736	754086	1	0
106.967866	200	204	4	6041	727736	754086	1	0
106.981819	200	204	4	6041	727736	754086	1	0
106.992261	200	204	4	6042	727736	754086	1	0
106.998112	200	204	4	6042	727736	754086	1	0
107.013896	200	204	4	6042	727736	754086	1	0
107.023511	200	204	4	6043	727736	754086	1	0
107.032987	200	204	4	6043	727736	754086	1	0
107.038849	200	204	4	6043	727736	754086	1	0
107.044301	200	204	4	6043	727736	754086	1	0
107.057702	200	204	4	6044	727736	754086	1	0
107.065158	200	204	4	6044	727736	754086	1	0
107.076688	200	204	4	6044	727736	754086	1	0
107.083918	200	204	4	6044	727736	754086	1	0
107.093593	200	204	4	6045	727736	754086	1	0
107.104828	200	204	4	6045	727736	754086	1	0
107.113828	200	204	4	6045	727736	754086	1	0
107.119229	200	204	4	6046	727736	754086	1	0
107.129836	200	204	4	6046	727736	754086	1	0
107.142377	200	204	4	6046	727736	754086	1	0
107.156833	200	204	4	6047	727736	754086	1	0
107.164129	200	204	4	6047	727736	754086	1	0
107.176328	200	204	4	6047	727736	754086	1	0
107.189893	200	204	4	6048	727736	754086	1	0
107.198420	200	204	4	6048	727736	754086	1	0
107.213470	200	204	4	6048	727736	754086	1	0
107.227719	200	204	4	6048	727736	754086	1	0
107.237192	200	204	4	6048	727736	754086	1	0
107.248758	200	204	4	6048	727736	754086	1	0
107.255780	200	204	4	6048	727736	754086	1	0
107.267922	200	204	4	6048	727736	754086	1	0
107.273827	200	204	4	6048	727736	754086	1	0
107.284515	200	204	4	6048	727736	754086	1	0
107.292097	200	204	4	6048	727736	754086	1	0
107.301548	200	204	4	6048	727736	754086	1	0
107.314068	200	204	4	6048	727736	754086	1	0
107.320741	200	204	4	6048	727736	754086	1	0
107.333823	200	204	4	6048	727736	754086	1	0
107.339524	200	204	4	6048	727736	754086	1	0
107.354247	200	204	4	6048	727736	754086	1	0
107.361961	200	204	4	6048	727736	754086	1	0
107.370782	200	204	4	6048	727736	754086	1	0
107.384949	200	204	4	6048	727736	754086	1	0
107.398382	200	204	4	6048	727736	754086	1	0
107.413483	200	204	4	6048	727736	754086	1	0
107.424826	200	204	4	6048	727736	754086	1	0
107.439790	200	204	4	6049	727736	754086	1	0
107.453737	200	204	4	6049	727736	754086	1	0
107.465260	200	204	4	6049	727736	754086	1	0
107.472466	200	204	4	6049	727736	754086	1	0
107.481347	200	204	4	6049	727736	754086	1	0
107.490237	200	204	4	6049	727736	754086	1	0
107.501662	200	204	4	6050	727736	754086	1	0
107.506906	200	204	4	6050	727736	754086	1	0
107.520456	200	204	4	6050	727736	754086	1	0
107.532440	200	204	4	6051	727736	754086	1	0
107.540180	200	204	4	6051	727736	754086	1	0
107.552802	200	204	4	6051	727736	754086	1	0
107.560489	200	204	4	6051	727736	754086	1	0
107.574714	200	204	4	6052	727736	754086	1	0
107.581586	200	204	4	6052	727736	754086	1	0
107.587788	200	204	4	6052	727736	754086	1	0
107.602141	200	204	4	6053	727736	754086	1	0
107.614742	200	204	4	6053	727736	754086	1	0
107.620216	200	204	4	6053	727736	754086	1	0
107.628536	200	204	4	6053	727736	754086	1	0
107.633843	200	204	4	6053	727736	754086	1	0
107.640783	200	204	4	6054	727736	754086	1	0
107.651712	200	204	4	6054	727736	754086	1	0
107.664700	200	204	4	6054	727736	754086	1	0
107.679609	200	204	4	6055	727736	754086	1	0
107.689368	200	204	4	6055	727736	754086	1	0
107.696869	200	204	4	6055	727736	754086	1	0
107.709781	200	204	4	6055	727736	754086	1	0
107.720974	200	204	4	6056	727736	754086	1	0
107.735210	200	204	4	6056	727736	754086	1	0
107.745781	200	204	4	6056	727736	754086	1	0
107.757920	200	204	4	6056	727736	754086	1	0
107.764197	200	204	4	6056	727736	754086	1	0
107.779347	200	204	4	6056	727736	754086	1	0
107.787504	200	204	4	6056	727736	754086	1	0
107.792766	200	204	4	6056	727736	754086	1	0
107.805794	200	204	4	6056	727736	754086	1	0
107.818404	200	204	4	6056	727736	754086	1	0
107.827298	200	204	4	6056	727736	754086	1	0
107.834410	200	204	4	6056	727736	754086	1	0
107.844628	200	204	4	6056	727736	754086	1	0
107.856681	200	204	4	6056	727736	754086	1	0
107.869794	200	204	4	6056	727736	754086	1	0
107.884558	200	204	4	6056	727736	754086	1	0
107.894233	200	204	4	6056	727736	754086	1	0
107.906584	200	204	4	6056	727736	754086	1	0
107.914143	200	204	4	6056	727736	754086	1	0
107.924009	200	204	4	6056	727736	754086	1	0
107.929714	200	204	4	6056	727736	754086	1	0
107.941568	200	204	4	6056	727736	754086	1	0
107.948853	200	204	4	6056	727736	754086	1	0
107.962346	200	204	4	6056	727736	754086	1	0
107.976774	200	204	4	6056	727736	754086	1	0
107.991805	200	204	4	6056	727736	754086	1	0
108.004837	200	204	4	6056	727736	754086	1	0
108.015147	200	204	4	6056	727736	754086	1	0
108.027073	200	204	4	6056	727736	754086	1	0
108.035391	200	204	4	6056	727736	754086	1	0
108.049491	200	204	4	6057	727736	754086	1	0
108.059621	200	204	4	6057	727736	754086	1	0
108.066191	200	204	4	6057	727736	754086	1	0
108.080270	200	204	4	6057	727736	754086	1	0
108.087062	200	204	4	6057	727736	754086	1	0
108.092669	200	204	4	6057	727736	754086	1	0
108.099457	200	204	4	6057	727736	754086	1	0
108.105007	200	204	4	6057	727736	754086	1	0
108.120199	200	204	4	6058	727736	754086	1	0
108.134507	200	204	4	6058	727736	754086	1	0
108.142683	200	204	4	6058	727736	754086	1	0
108.149890	200	204	4	6059	727736	754086	1	0
108.155873	200	204	4	6059	727736	754086	1	0
108.170351	200	204	4	6059	727736	754086	1	0
108.175565	200	204	4	6060	727736	754086	1	0
108.189710	200	204	4	6060	727736	754086	1	0
108.203338	200	204	4	6060	727736	754086	1	0
108.211613	200	204	4	6061	727736	754086	1	0
108.222600	200	204	4	6061	727736	754086	1	0
108.236230	200	204	4	6061	727736	754086	1	0
108.247456	200	204	4	6062	727736	754086	1	0
108.262248	200	204	4	6062	727736	754086	1	0
108.275367	200	204	4	6062	727736	754086	1	0
108.287347	200	204	4	6063	727736	754086	1	0
108.299350	200	204	4	6063	727736	754086	1	0
108.309308	200	204	4	6063	727736	754086	1	0
108.318416	200	204	4	6064	727736	754086	1	0
108.325575	200	204	4	6064	727736	754086	1	0
108.335691	200	204	4	6064	727736	754086	1	0
108.342308	200	204	4	6064	727736	754086	1	0
108.347871	200	204	4	6064	727736	754086	1	0
108.359846	200	204	4	6064	727736	754086	1	0
108.367472	200	204	4	6064	727736	754086	1	0
108.378436	200	204	4	6064	727736	754086	1	0
108.388025	200	204	4	6064	727736	754086	1	0
108.397261	200	204	4	6064	727736	754086	1	0
108.411983	200	204	4	6064	727736	754086	1	0
108.418909	200	204	4	6064	727736	754086	1	0
108.432889	200	204	4	6064	727736	754086	1	0
108.446916	200	204	4	6064	727736	754086	1	0
108.461378	200	204	4	6064	727736	754086	1	0
108.472231	200	204	4	6064	727736	754086	1	0
108.481139	200	204	4	6064	727736	754086	1	0
108.494065	200	204	4	6064	727736	754086	1	0
108.499815	200	204	4	6064	727736	754086	1	0
108.508703	200	204	4	6064	727736	754086	1	0
108.519622	200	204	4	6064	727736	754086	1	0
108.528220	200	204	4	6064	727736	754086	1	0
108.533883	200	204	4	6064	727736	754086	1	0
108.542482	200	204	4	6064	727736	754086	1	0
108.549349	200	204	4	6064	727736	754086	1	0
108.562131	200	204	4	6064	727736	754086	1	0
108.567822	200	204	4	6064	727736	754086	1	0
108.576181	200	204	4	6064	727736	754086	1	0
108.582405	200	204	4	6064	727736	754086	1	0
108.589265	200	204	4	6065	727736	754086	1	0
108.596792	200	204	4	6065	727736	754086	1	0
108.607589	200	204	4	6065	727736	754086	1	0
108.618146	200	204	4	6065	727736	754086	1	0
108.631643	200	204	4	6065	727736	754086	1	0
108.642886	200	204	4	6065	727736	754086	1	0
108.655331	200	204	4	6066	727736	754086	1	0
108.669994	200	204	4	6066	727736	754086	1	0
108.684814	200	204	4	6067	727736	754086	1	0
108.695679	200	204	4	6067	727736	754086	1	0
108.710787	200	204	4	6067	727736	754086	1	0
108.720036	200	204	4	6068	727736	754086	1	0
108.734744	200	204	4	6068	727736	754086	1	0
108.744644	200	204	4	6068	727736	754086	1	0
108.753902	200	204	4	6069	727736	754086	1	0
108.759769	200	204	4	6069	727736	754086	1	0
108.767841	200	204	4	6069	727736	754086	1	0
108.773220	200	204	4	6069	727736	754086	1	0
108.780992	200	204	4	6069	727736	754086	1	0
108.791860	200	204	4	6069	727736	754086	1	0
108.803111	200	204	4	6070	727736	754086	1	0
108.809977	200	204	4	6070	727736	754086	1	0
108.821083	200	204	4	6070	727736	754086	1	0
108.834302	200	204	4	6071	727736	754086	1	0
108.846331	200	204	4	6071	727736	754086	1	0
108.860803	200	204	4	6071	727736	754086	1	0
108.868318	200	204	4	6072	727736	754086	1	0
108.877054	200	204	4	6072	727736	754086	1	0
108.888933	200	204	4	6072	727736	754086	1	0
108.902707	200	204	4	6072	727736	754086	1	0
108.911307	200	204	4	6072	727736	754086	1	0
108.920096	200	204	4	6072	727736	754086	1	0
108.932904	200	204	4	6072	727736	754086	1	0
108.943911	200	204	4	6072	727736	754086	1	0
108.949362	200	204	4	6072	727736	754086	1	0
108.957813	200	204	4	6072	727736	754086	1	0
108.965839	200	204	4	6072	727736	754086	1	0
108.978592	200	204	4	6072	727736	754086	1	0
108.987820	200	204	4	6072	727736	754086	1	0
108.994588	200	204	4	6072	727736	754086	1	0
109.005733	200	204	4	6072	727736	754086	1	0
109.019914	200	204	4	6072	727736	754086	1	0
109.032867	200	204	4	6072	727736	754086	1	0
109.042456	200	204	4	6072	727736	754086	1	0
109.053221	200	204	4	6072	727736	754086	1	0
109.068304	200	204	4	6072	727736	754086	1	0
109.079418	200	204	4	6072	727736	754086	1	0
109.088953	200	204	4	6072	727736	754086	1	0
109.101554	200	204	4	6072	727736	754086	1	0
109.113851	200	204	4	6072	727736	754086	1	0
109.127043	200	204	4	6072	727736	754086	1	0
109.139614	200	204	4	6072	727736	754086	1	0
109.147321	200	204	4	6073	727736	754086	1	0
109.154357	200	204	4	6073	727736	754086	1	0
109.161876	200	204	4	6073	727736	754086	1	0
109.171265	200	204	4	6073	727736	754086	1	0
109.184398	200	204	4	6073	727736	754086	1	0
109.197437	200	204	4	6073	727736	754086	1	0
109.212038	200	204	4	6073	727736	754086	1	0
109.222959	200	204	4	6074	727736	754086	1	0
109.237631	200	204	4	6074	727736	754086	1	0
109.252549	200	204	4	6075	727736	754086	1	0
109.267358	200	204	4	6075	727736	754086	1	0
109.277705	200	204	4	6075	727736	754086	1	0
109.283437	200	204	4	6075	727736	754086	1	0
109.289075	200	204	4	6075	727736	754086	1	0
109.294834	200	204	4	6076	727736	754086	1	0
109.303149	200	204	4	6076	727736	754086	1	0
109.317544	200	204	4	6076	727736	754086	1	0
109.323934	200	204	4	6076	727736	754086	1	0
109.337837	200	204	4	6077	727736	754086	1	0
109.345943	200	204	4	6077	727736	754086	1	0
109.354023	200	204	4	6077	727736	754086	1	0
109.363810	200	204	4	6078	727736	754086	1	0
109.370631	200	204	4	6078	727736	754086	1	0
109.378870	200	204	4	6078	727736	754086	1	0
109.392211	200	204	4	6078	727736	754086	1	0
109.405179	200	204	4	6079	727736	754086	1	0
109.416010	200	204	4	6079	727736	754086	1	0
109.430922	200	204	4	6080	727736	754086	1	0
109.444431	200	204	4	6080	727736	754086	1	0
109.450514	200	204	4	6080	727736	754086	1	0
109.464037	200	204	4	6080	727736	754086	1	0
109.479173	200	204	4	6080	727736	754086	1	0
109.486123	200	204	4	6080	727736	754086	1	0
109.495833	200	204	4	6080	727736	754086	1	0
109.504356	200	204	4	6080	727736	754086	1	0
109.516138	200	204	4	6080	727736	754086	1	0
109.523749	200	204	4	6080	727736	754086	1	0
109.529371	200	204	4	6080	727736	754086	1	0
109.538287	200	204	4	6080	727736	754086	1	0
109.551848	200	204	4	6080	727736	754086	1	0
109.563190	200	204	4	6080	727736	754086	1	0
109.577701	200	204	4	6080	727736	754086	1	0
109.586172	200	204	4	6080	727736	754086	1	0
109.593761	200	204	4	6080	727736	754086	1	0
109.598981	200	204	4	6080	727736	754086	1	0
109.613101	200	204	4	6080	727736	754086	1	0
109.621358	200	204	4	6080	727736	754086	1	0
109.634597	200	204	4	6080	727736	754086	1	0
109.642074	200	204	4	6080	727736	754086	1	0
109.653662	200	204	4	6080	727736	754086	1	0
109.661746	200	204	4	6080	727736	754086	1	0
109.673106	200	204	4	6080	727736	754086	1	0
109.684468	200	204	4	6080	727736	754086	1	0
109.691639	200	204	4	6080	727736	754086	1	0
109.700520	200	204	4	6080	727736	754086	1	0
109.713027	200	204	4	6081	727736	754086	1	0
109.722727	200	204	4	6081	727736	754086	1	0
109.737412	200	204	4	6081	727736	754086	1	0
109.747178	200	204	4	6081	727736	754086	1	0
109.756149	200	204	4	6081	727736	754086	1	0
109.767887	200	204	4	6081	727736	754086	1	0
109.782347	200	204	4	6082	727736	754086	1	0
109.796032	200	204	4	6082	727736	754086	1	0
109.809689	200	204	4	6083	727736	754086	1	0
109.816425	200	204	4	6083	727736	754086	1	0
109.824991	200	204	4	6083	727736	754086	1	0
109.833007	200	204	4	6083	727736	754086	1	0
109.842163	200	204	4	6084	727736	754086	1	0
109.852643	200	204	4	6084	727736	754086	1	0
109.863912	200	204	4	6084	727736	754086	1	0
109.870921	200	204	4	6084	727736	754086	1	0
109.881023	200	204	4	6085	727736	754086	1	0
109.891709	200	204	4	6085	727736	754086	1	0
109.900654	200	204	4	6085	727736	754086	1	0
109.906485	200	204	4	6085	727736	754086	1	0
109.912305	200	204	4	6086	727736	754086	1	0
109.924583	200	204	4	6086	727736	754086	1	0
109.930345	200	204	4	6086	727736	754086	1	0
109.935983	200	204	4	6086	727736	754086	1	0
109.943645	200	204	4	6086	727736	754086	1	0
109.948953	200	204	4	6087	727736	754086	1	0
109.956682	200	204	4	6087	727736	754086	1	0
109.963190	200	204	4	6087	727736	754086	1	0
109.977800	200	204	4	6087	727736	754086	1	0
109.989173	200	204	4	6088	727736	754086	1	0
110.000413	200	204	4	6088	727736	754086	1	0
110.007356	200	204	4	6088	727736	754086	1	0
110.015251	200	204	4	6088	727736	754086	1	0
110.029493	200	204	4	6088	727736	754086	1	0
110.038303	200	204	4	6088	727736	754086	1	0
110.048078	200	204	4	6088	727736	754086	1	0
110.059151	200	204	4	6088	727736	754086	1	0
110.070952	200	204	4	6088	727736	754086	1	0
110.079308	200	204	4	6088	727736	754086	1	0
110.087977	200	204	4	6088	727736	754086	1	0
110.095424	200	204	4	6088	727736	754086	1	0
110.101663	200	204	4	6088	727736	754086	1	0
110.110343	200	204	4	6088	727736	754086	1	0
110.120597	200	204	4	6088	727736	754086	1	0
110.128482	200	204	4	6088	727736	754086	1	0
110.139454	200	204	4	6088	727736	754086	1	0
110.145760	200	204	4	6088	727736	754086	1	0
110.152370	200	204	4	6088	727736	754086	1	0
110.164489	200	204	4	6088	727736	754086	1	0
110.177707	200	204	4	6088	727736	754086	1	0
110.185390	200	204	4	6088	727736	754086	1	0
110.198606	200	204	4	6088	727736	754086	1	0
110.213655	200	204	4	6088	727736	754086	1	0
110.219776	200	204	4	6088	727736	754086	1	0
110.231807	200	204	4	6088	727736	754086	1	0
110.243925	200	204	4	6088	727736	754086	1	0
110.249514	200	204	4	6088	727736	754086	1	0
110.260145	200	204	4	6088	727736	754086	1	0
110.268584	200	204	4	6089	727736	754086	1	0
110.277761	200	204	4	6089	727736	754086	1	0
110.288630	200	204	4	6089	727736	754086	1	0
110.297636	200	204	4	6089	727736	754086	1	0
110.306648	200	204	4	6089	727736	754086	1	0
110.320556	200	204	4	6089	727736	754086	1	0
110.331371	200	204	4	6089	727736	754086	1	0
110.341384	200	204	4	6089	727736	754086	1	0
110.354552	200	204	4	6090	727736	754086	1	0
110.364592	200	204	4	6090	727736	754086	1	0
110.371752	200	204	4	6090	727736	754086	1	0
110.377156	200	204	4	6090	727736	754086	1	0
110.383007	200	204	4	6090	727736	754086	1	0
110.395187	200	204	4	6091	727736	754086	1	0
110.409491	200	204	4	6091	727736	754086	1	0
110.422590	200	204	4	6092	727736	754086	1	0
110.429888	200	204	4	6092	727736	754086	1	0
110.438366	200	204	4	6092	727736	754086	1	0
110.449803	200	204	4	6092	727736	754086	1	0
110.458174	200	204	4	6092	727736	754086	1	0
110.469341	200	204	4	6093	727736	754086	1	0
110.476300	200	204	4	6093	727736	754086	1	0
110.482789	200	204	4	6093	727736	754086	1	0
110.489835	200	204	4	6093	727736	754086	1	0
110.498633	200	204	4	6094	727736	754086	1	0
110.504836	200	204	4	6094	727736	754086	1	0
110.518037	200	204	4	6094	727736	754086	1	0
110.526945	200	204	4	6094	727736	754086	1	0
110.538086	200	204	4	6095	727736	754086	1	0
110.550570	200	204	4	6095	727736	754086	1	0
110.562690	200	204	4	6095	727736	754086	1	0
110.572422	200	204	4	6095	727736	754086	1	0
110.578782	200	204	4	6096	727736	754086	1	0
110.587157	200	204	4	6096	727736	754086	1	0
110.592832	200	204	4	6096	727736	754086	1	0
110.600611	200	204	4	6096	727736	754086	1	0
110.609401	200	204	4	6096	727736	754086	1	0
110.624537	200	204	4	6096	727736	754086	1	0
110.632619	200	204	4	6096	727736	754086	1	0
110.642129	200	204	4	6096	727736	754086	1	0
110.653660	200	204	4	6096	727736	754086	1	0
110.663464	200	204	4	6096	727736	754086	1	0
110.678523	200	204	4	6096	727736	754086	1	0
110.691538	200	204	4	6096	727736	754086	1	0
110.702466	200	204	4	6096	727736	754086	1	0
110.710697	200	204	4	6096	727736	754086	1	0
110.718200	200	204	4	6096	727736	754086	1	0
110.731630	200	204	4	6096	727736	754086	1	0
110.744746	200	204	4	6096	727736	754086	1	0
110.756369	200	204	4	6096	727736	754086	1	0
110.761659	200	204	4	6096	727736	754086	1	0
110.774694	200	204	4	6096	727736	754086	1	0
110.780964	200	204	4	6096	727736	754086	1	0
110.795952	200	204	4	6096	727736	754086	1	0
110.806607	200	204	4	6096	727736	754086	1	0
110.817958	200	204	4	6096	727736	754086	1	0
110.824524	200	204	4	6096	727736	754086	1	0
110.834165	200	204	4	6096	727736	754086	1	0
110.840532	200	204	4	6096	727736	754086	1	0
110.849825	200	204	4	6096	727736	754086	1	0
110.860275	200	204	4	6097	727736	754086	1	0
110.872210	200	204	4	6097	727736	754086	1	0
110.881042	200	204	4	6097	727736	754086	1	0
110.888051	200	204	4	6097	727736	754086	1	0
110.897856	200	204	4	6097	727736	754086	1	0
110.912208	200	204	4	6097	727736	754086	1	0
110.920359	200	204	4	6098	727736	754086	1	0
110.926972	200	204	4	6098	727736	754086	1	0
110.937761	200	204	4	6098	727736	754086	1	0
110.947581	200	204	4	6098	727736	754086	1	0
110.956939	200	204	4	6098	727736	754086	1	0
110.966586	200	204	4	6099	727736	754086	1	0
110.977680	200	204	4	6099	727736	754086	1	0
110.985280	200	204	4	6099	727736	754086	1	0
110.992048	200	204	4	6099	727736	754086	1	0
111.001980	200	204	4	6100	727736	754086	1	0
111.009971	200	204	4	6100	727736	754086	1	0
111.018173	200	204	4	6100	727736	754086	1	0
111.030367	200	204	4	6100	727736	754086	1	0
111.037366	200	204	4	6101	727736	754086	1	0
111.050360	200	204	4	6101	727736	754086	1	0
111.056914	200	204	4	6101	727736	754086	1	0
111.067574	200	204	4	6101	727736	754086	1	0
111.082185	200	204	4	6102	727736	754086	1	0
111.090020	200	204	4	6102	727736	754086	1	0
111.095745	200	204	4	6102	727736	754086	1	0
111.109741	200	204	4	6103	727736	754086	1	0
111.121348	200	204	4	6103	727736	754086	1	0
111.130727	200	204	4	6103	727736	754086	1	0
111.136948	200	204	4	6103	727736	754086	1	0
111.151096	200	204	4	6104	727736	754086	1	0
111.161137	200	204	4	6104	727736	754086	1	0
111.171769	200	204	4	6104	727736	754086	1	0
111.184138	200	204	4	6104	727736	754086	1	0
111.190902	200	204	4	6104	727736	754086	1	0
111.200429	200	204	4	6104	727736	754086	1	0
111.205786	200	204	4	6104	727736	754086	1	0
111.219431	200	204	4	6104	727736	754086	1	0
111.229721	200	204	4	6104	727736	754086	1	0
111.242229	200	204	4	6104	727736	754086	1	0
111.250841	200	204	4	6104	727736	754086	1	0
111.259031	200	204	4	6104	727736	754086	1	0
111.264585	200	204	4	6104	727736	754086	1	0
111.278687	200	204	4	6104	727736	754086	1	0
111.293205	200	204	4	6104	727736	754086	1	0
111.300313	200	204	4	6104	727736	754086	1	0
111.313412	200	204	4	6104	727736	754086	1	0
111.327065	200	204	4	6104	727736	754086	1	0
111.335767	200	204	4	6104	727736	754086	1	0
111.344074	200	204	4	6104	727736	754086	1	0
111.358910	200	204	4	6104	727736	754086	1	0
111.367131	200	204	4	6104	727736	754086	1	0
111.380753	200	204	4	6104	727736	754086	1	0
111.390150	200	204	4	6104	727736	754086	1	0
111.396400	200	204	4	6104	727736	754086	1	0
111.403430	200	204	4	6104	727736	754086	1	0
111.417250	200	204	4	6104	727736	754086	1	0
111.424245	200	204	4	6104	727736	754086	1	0
111.438533	200	204	4	6105	727736	754086	1	0
111.448322	200	204	4	6105	727736	754086	1	0
111.454946	200	204	4	6105	727736	754086	1	0
111.468864	200	204	4	6105	727736	754086	1	0
111.481074	200	204	4	6105	727736	754086	1	0
111.493841	200	204	4	6105	727736	754086	1	0
111.505985	200	204	4	6106	727736	754086	1	0
111.516758	200	204	4	6106	727736	754086	1	0
111.529137	200	204	4	6106	727736	754086	1	0
111.534716	200	204	4	6106	727736	754086	1	0
111.542819	200	204	4	6107	727736	754086	1	0
111.552441	200	204	4	6107	727736	754086	1	0
111.567604	200	204	4	6107	727736	754086	1	0
111.577056	200	204	4	6107	727736	754086	1	0
111.589186	200	204	4	6108	727736	754086	1	0
111.597153	200	204	4	6108	727736	754086	1	0
111.605199	200	204	4	6108	727736	754086	1	0
111.613818	200	204	4	6108	727736	754086	1	0
111.628235	200	204	4	6109	727736	754086	1	0
111.642294	200	204	4	6109	727736	754086	1	0
111.648725	200	204	4	6110	727736	754086	1	0
111.663205	200	204	4	6110	727736	754086	1	0
111.674984	200	204	4	6110	727736	754086	1	0
111.682630	200	204	4	6111	727736	754086	1	0
111.690252	200	204	4	6111	727736	754086	1	0
111.699566	200	204	4	6111	727736	754086	1	0
111.711665	200	204	4	6111	727736	754086	1	0
111.724299	200	204	4	6112	727736	754086	1	0
111.732997	200	204	4	6112	727736	754086	1	0
111.740731	200	204	4	6112	727736	754086	1	0
111.751761	200	204	4	6112	727736	754086	1	0
111.763686	200	204	4	6112	727736	754086	1	0
111.771413	200	204	4	6112	727736	754086	1	0
111.776871	200	204	4	6112	727736	754086	1	0
111.786919	200	204	4	6112	727736	754086	1	0
111.799666	200	204	4	6112	727736	754086	1	0
111.813058	200	204	4	6112	727736	754086	1	0
111.820701	200	204	4	6112	727736	754086	1	0
111.834745	200	204	4	6112	727736	754086	1	0
111.842115	200	204	4	6112	727736	754086	1	0
111.854793	200	204	4	6112	727736	754086	1	0
111.862541	200	204	4	6112	727736	754086	1	0
111.873640	200	204	4	6112	727736	754086	1	0
111.883325	200	204	4	6112	727736	754086	1	0
111.896061	200	204	4	6112	727736	754086	1	0
111.910219	200	204	4	6112	727736	754086	1	0
111.915632	200	204	4	6112	727736	754086	1	0
111.930676	200	204	4	6112	727736	754086	1	0
111.939570	200	204	4	6112	727736	754086	1	0
111.945170	200	204	4	6112	727736	754086	1	0
111.951170	200	204	4	6112	727736	754086	1	0
111.964847	200	204	4	6112	727736	754086	1	0
111.979824	200	204	4	6112	727736	754086	1	0
111.986584	200	204	4	6112	727736	754086	1	0
111.992856	200	204	4	6112	727736	754086	1	0
112.004389	200	204	4	6112	727736	754086	1	0
112.014141	200	204	4	6113	727736	754086	1	0
112.021012	200	204	4	6113	727736	754086	1	0
112.033205	200	204	4	6113	727736	754086	1	0
112.045075	200	204	4	6113	727736	754086	1	0
112.057712	200	204	4	6113	727736	754086	1	0
112.066418	200	204	4	6113	727736	754086	1	0
112.077632	200	204	4	6114	727736	754086	1	0
112.084632	200	204	4	6114	727736	754086	1	0
112.093503	200	204	4	6114	727736	754086	1	0
112.102618	200	204	4	6114	727736	754086	1	0
112.114738	200	204	4	6115	727736	754086	1	0
112.120601	200	204	4	6115	727736	754086	1	0
112.126867	200	204	4	6115	727736	754086	1	0
112.135053	200	204	4	6115	727736	754086	1	0
112.143223	200	204	4	6115	727736	754086	1	0
112.150332	200	204	4	6116	727736	754086	1	0
112.156451	200	204	4	6116	727736	754086	1	0
112.162787	200	204	4	6116	727736	754086	1	0
112.175858	200	204	4	6116	727736	754086	1	0
112.185960	200	204	4	6117	727736	754086	1	0
112.198622	200	204	4	6117	727736	754086	1	0
112.207470	200	204	4	6117	727736	754086	1	0
112.213501	200	204	4	6117	727736	754086	1	0
112.225230	200	204	4	6118	727736	754086	1	0
112.230765	200	204	4	6118	727736	754086	1	0
112.237145	200	204	4	6118	727736	754086	1	0
112.249633	200	204	4	6118	727736	754086	1	0
112.262454	200	204	4	6119	727736	754086	1	0
112.272107	200	204	4	6119	727736	754086	1	0
112.283294	200	204	4	6119	727736	754086	1	0
112.297053	200	204	4	6120	727736	754086	1	0
112.304445	200	204	4	6120	727736	754086	1	0
112.315893	200	204	4	6120	727736	754086	1	0
112.321584	200	204	4	6120	727736	754086	1	0
112.333519	200	204	4	6120	727736	754086	1	0
112.341901	200	204	4	6120	727736	754086	1	0
112.350110	200	204	4	6120	727736	754086	1	0
112.364152	200	204	4	6120	727736	754086	1	0
112.372759	200	204	4	6120	727736	754086	1	0
112.385716	200	204	4	6120	727736	754086	1	0
112.393586	200	204	4	6120	727736	754086	1	0
112.402093	200	204	4	6120	727736	754086	1	0
112.412220	200	204	4	6120	727736	754086	1	0
112.425777	200	204	4	6120	727736	754086	1	0
112.438305	200	204	4	6120	727736	754086	1	0
112.448590	200	204	4	6120	727736	754086	1	0
112.457506	200	204	4	6120	727736	754086	1	0
112.468618	200	204	4	6120	727736	754086	1	0
112.475217	200	204	4	6120	727736	754086	1	0
112.488958	200	204	4	6120	727736	754086	1	0
112.502118	200	204	4	6120	727736	754086	1	0
112.508968	200	204	4	6120	727736	754086	1	0
112.520971	200	204	4	6120	727736	754086	1	0
112.533433	200	204	4	6120	727736	754086	1	0
112.546454	200	204	4	6120	727736	754086	1	0
112.558553	200	204	4	6120	727736	754086	1	0
112.568572	200	204	4	6120	727736	754086	1	0
112.578763	200	204	4	6120	727736	754086	1	0
112.588334	200	204	4	6120	727736	754086	1	0
112.595509	200	204	4	6120	727736	754086	1	0
112.607898	200	204	4	6120	727736	754086	1	0
112.621042	200	204	4	6120	727736	754086	1	0
112.631158	200	204	4	6120	727736	754086	1	0
112.643766	200	204	4	6121	727736	754086	1	0
112.656163	200	204	4	6121	727736	754086	1	0
112.671077	200	204	4	6121	727736	754086	1	0
112.681778	200	204	4	6121	727736	754086	1	0
112.688123	200	204	4	6121	727736	754086	1	0
112.702962	200	204	4	6121	727736	754086	1	0
112.710565	200	204	4	6121	727736	754086	1	0
112.718026	200	204	4	6122	727736	754086	1	0
112.727074	200	204	4	6122	727736	754086	1	0
112.736054	200	204	4	6122	727736	754086	1	0
112.745116	200	204	4	6122	727736	754086	1	0
112.752885	200	204	4	6122	727736	754086	1	0
112.759529	200	204	4	6123	727736	754086	1	0
112.770278	200	204	4	6123	727736	754086	1	0
112.781801	200	204	4	6123	727736	754086	1	0
112.793597	200	204	4	6123	727736	754086	1	0
112.801411	200	204	4	6124	727736	754086	1	0
112.809102	200	204	4	6124	727736	754086	1	0
112.823932	200	204	4	6124	727736	754086	1	0
112.829513	200	204	4	6124	727736	754086	1	0
112.839752	200	204	4	6125	727736	754086	1	0
112.854396	200	204	4	6125	727736	754086	1	0
112.860918	200	204	4	6125	727736	754086	1	0
112.874739	200	204	4	6125	727736	754086	1	0
112.888505	200	204	4	6126	727736	754086	1	0
112.896874	200	204	4	6126	727736	754086	1	0
112.905579	200	204	4	6126	727736	754086	1	0
112.914443	200	204	4	6126	727736	754086	1	0
112.928359	200	204	4	6127	727736	754086	1	0
112.935457	200	204	4	6127	727736	754086	1	0
112.945595	200	204	4	6127	727736	754086	1	0
112.959913	200	204	4	6127	727736	754086	1	0
112.967990	200	204	4	6128	727736	754086	1	0
112.979107	200	204	4	6128	727736	754086	1	0
112.986119	200	204	4	6128	727736	754086	1	0
112.993466	200	204	4	6128	727736	754086	1	0
113.003735	200	204	4	6128	727736	754086	1	0
113.011606	200	204	4	6128	727736	754086	1	0
113.020647	200	204	4	6128	727736	754086	1	0
113.028011	200	204	4	6128	727736	754086	1	0
113.037376	200	204	4	6128	727736	754086	1	0
113.045362	200	204	4	6128	727736	754086	1	0
113.052305	200	204	4	6128	727736	754086	1	0
113.064224	200	204	4	6128	727736	754086	1	0
113.076049	200	204	4	6128	727736	754086	1	0
113.081920	200	204	4	6128	727736	754086	1	0
113.088692	200	204	4	6128	727736	754086	1	0
113.098686	200	204	4	6128	727736	754086	1	0
113.111150	200	204	4	6128	727736	754086	1	0
113.117666	200	204	4	6128	727736	754086	1	0
113.132136	200	204	4	6128	727736	754086	1	0
113.140928	200	204	4	6128	727736	754086	1	0
113.149641	200	204	4	6128	727736	754086	1	0
113.158580	200	204	4	6128	727736	754086	1	0
113.172377	200	204	4	6128	727736	754086	1	0
113.185476	200	204	4	6128	727736	754086	1	0
113.193090	200	204	4	6128	727736	754086	1	0
113.198985	200	204	4	6128	727736	754086	1	0
113.205798	200	204	4	6128	727736	754086	1	0
113.215649	200	204	4	6128	727736	754086	1	0
113.223312	200	204	4	6128	727736	754086	1	0
113.237710	200	204	4	6128	727736	754086	1	0
113.250733	200	204	4	6128	727736	754086	1	0
113.263253	200	204	4	6128	727736	754086	1	0
113.270353	200	204	4	6128	727736	754086	1	0
113.280849	200	204	4	6128	727736	754086	1	0
113.295831	200	204	4	6129	727736	754086	1	0
113.301756	200	204	4	6129	727736	754086	1	0
113.310866	200	204	4	6129	727736	754086	1	0
113.318736	200	204	4	6129	727736	754086	1	0
113.330158	200	204	4	6129	727736	754086	1	0
113.341279	200	204	4	6129	727736	754086	1	0
113.349404	200	204	4	6129	727736	754086	1	0
113.356155	200	204	4	6130	727736	754086	1	0
113.367113	200	204	4	6130	727736	754086	1	0
113.374506	200	204	4	6130	727736	754086	1	0
113.383692	200	204	4	6130	727736	754086	1	0
113.397085	200	204	4	6131	727736	754086	1	0
113.403203	200	204	4	6131	727736	754086	1	0
113.413703	200	204	4	6131	727736	754086	1	0
113.420501	200	204	4	6131	727736	754086	1	0
113.429631	200	204	4	6131	727736	754086	1	0
113.436805	200	204	4	6132	727736	754086	1	0
113.444487	200	204	4	6132	727736	754086	1	0
113.452450	200	204	4	6132	727736	754086	1	0
113.458853	200	204	4	6132	727736	754086	1	0
113.466096	200	204	4	6132	727736	754086	1	0
113.476058	200	204	4	6132	727736	754086	1	0
113.484433	200	204	4	6133	727736	754086	1	0
113.493701	200	204	4	6133	727736	754086	1	0
113.502122	200	204	4	6133	727736	754086	1	0
113.509330	200	204	4	6133	727736	754086	1	0
113.520299	200	204	4	6134	727736	754086	1	0
113.529038	200	204	4	6134	727736	754086	1	0
113.537330	200	204	4	6134	727736	754086	1	0
113.544367	200	204	4	6134	727736	754086	1	0
113.557294	200	204	4	6134	727736	754086	1	0
113.564303	200	204	4	6135	727736	754086	1	0
113.573530	200	204	4	6135	727736	754086	1	0
113.586545	200	204	4	6135	727736	754086	1	0
113.597371	200	204	4	6135	727736	754086	1	0
113.611910	200	204	4	6136	727736	754086	1	0
113.624884	200	204	4	6136	727736	754086	1	0
113.634254	200	204	4	6136	727736	754086	1	0
113.647836	200	204	4	6136	727736	754086	1	0
113.657573	200	204	4	6136	727736	754086	1	0
113.663572	200	204	4	6136	727736	754086	1	0
113.670288	200	204	4	6136	727736	754086	1	0
113.681095	200	204	4	6136	727736	754086	1	0
113.689419	200	204	4	6136	727736	754086	1	0
113.699970	200	204	4	6136	727736	754086	1	0
113.707503	200	204	4	6136	727736	754086	1	0
113.715277	200	204	4	6136	727736	754086	1	0
113.729961	200	204	4	6136	727736	754086	1	0
113.744615	200	204	4	6136	727736	754086	1	0
113.759596	200	204	4	6136	727736	754086	1	0
113.771124	200	204	4	6136	727736	754086	1	0
113.779016	200	204	4	6136	727736	754086	1	0
113.788197	200	204	4	6136	727736	754086	1	0
113.796805	200	204	4	6136	727736	754086	1	0
113.805824	200	204	4	6136	727736	754086	1	0
113.817360	200	204	4	6136	727736	754086	1	0
113.824731	200	204	4	6136	727736	754086	1	0
113.836911	200	204	4	6136	727736	754086	1	0
113.850590	200	204	4	6136	727736	754086	1	0
113.865048	200	204	4	6136	727736	754086	1	0
113.874675	200	204	4	6136	727736	754086	1	0
113.881649	200	204	4	6136	727736	754086	1	0
113.888540	200	204	4	6136	727736	754086	1	0
113.896163	200	204	4	6136	727736	754086	1	0
113.905035	200	204	4	6136	727736	754086	1	0
113.919566	200	204	4	6137	727736	754086	1	0
113.933010	200	204	4	6137	727736	754086	1	0
113.939841	200	204	4	6137	727736	754086	1	0
113.953367	200	204	4	6137	727736	754086	1	0
113.961999	200	204	4	6137	727736	754086	1	0
113.969013	200	204	4	6137	727736	754086	1	0
113.977916	200	204	4	6137	727736	754086	1	0
113.985952	200	204	4	6138	727736	754086	1	0
113.993333	200	204	4	6138	727736	754086	1	0
114.004555	200	204	4	6138	727736	754086	1	0
114.013456	200	204	4	6138	727736	754086	1	0
114.021651	200	204	4	6138	727736	754086	1	0
114.032236	200	204	4	6139	727736	754086	1	0
114.043016	200	204	4	6139	727736	754086	1	0
114.049071	200	204	4	6139	727736	754086	1	0
114.061220	200	204	4	6139	727736	754086	1	0
114.069911	200	204	4	6140	727736	754086	1	0
114.081395	200	204	4	6140	727736	754086	1	0
114.093353	200	204	4	6140	727736	754086	1	0
114.100394	200	204	4	6140	727736	754086	1	0
114.105601	200	204	4	6140	727736	754086	1	0
114.111415	200	204	4	6141	727736	754086	1	0
114.116939	200	204	4	6141	727736	754086	1	0
114.122199	200	204	4	6141	727736	754086	1	0
114.135067	200	204	4	6141	727736	754086	1	0
114.142558	200	204	4	6141	727736	754086	1	0
114.154747	200	204	4	6142	727736	754086	1	0
114.162297	200	204	4	6142	727736	754086	1	0
114.167625	200	204	4	6142	727736	754086	1	0
114.173136	200	204	4	6142	727736	754086	1	0
114.182941	200	204	4	6142	727736	754086	1	0
114.193375	200	204	4	6143	727736	754086	1	0
114.201925	200	204	4	6143	727736	754086	1	0
114.209425	200	204	4	6143	727736	754086	1	0
114.220335	200	204	4	6143	727736	754086	1	0
114.227417	200	204	4	6143	727736	754086	1	0
114.234609	200	204	4	6144	727736	754086	1	0
114.246938	200	204	4	6144	727736	754086	1	0
114.254197	200	204	4	6144	727736	754086	1	0
114.267011	200	204	4	6144	727736	754086	1	0
114.278042	200	204	4	6144	727736	754086	1	0
114.287137	200	204	4	6144	727736	754086	1	0
114.297319	200	204	4	6144	727736	754086	1	0
114.311037	200	204	4	6144	727736	754086	1	0
114.316586	200	204	4	6144	727736	754086	1	0
114.329629	200	204	4	6144	727736	754086	1	0
114.336698	200	204	4	6144	727736	754086	1	0
114.346504	200	204	4	6144	727736	754086	1	0
114.354223	200	204	4	6144	727736	754086	1	0
114.369324	200	204	4	6144	727736	754086	1	0
114.381354	200	204	4	6144	727736	754086	1	0
114.395385	200	204	4	6144	727736	754086	1	0
114.407859	200	204	4	6144	727736	754086	1	0
114.414213	200	204	4	6144	727736	754086	1	0
114.428215	200	204	4	6144	727736	754086	1	0
114.438183	200	204	4	6144	727736	754086	1	0
114.447894	200	204	4	6144	727736	754086	1	0
114.456507	200	204	4	6144	727736	754086	1	0
114.471310	200	204	4	6144	727736	754086	1	0
114.482713	200	204	4	6144	727736	754086	1	0
114.487999	200	204	4	6144	727736	754086	1	0
114.500689	200	204	4	6144	727736	754086	1	0
114.507517	200	204	4	6144	727736	754086	1	0
114.515391	200	204	4	6144	727736	754086	1	0
114.524825	200	204	4	6144	727736	754086	1	0
114.536157	200	204	4	6144	727736	754086	1	0
114.543541	200	204	4	6145	727736	754086	1	0
114.552200	200	204	4	6145	727736	754086	1	0
114.557693	200	204	4	6145	727736	754086	1	0
114.567351	200	204	4	6145	727736	754086	1	0
114.573753	200	204	4	6145	727736	754086	1	0
114.579999	200	204	4	6145	727736	754086	1	0
114.593246	200	204	4	6145	727736	754086	1	0
114.606899	200	204	4	6145	727736	754086	1	0
114.612648	200	204	4	6145	727736	754086	1	0
114.627627	200	204	4	6146	727736	754086	1	0
114.634610	200	204	4	6146	727736	754086	1	0
114.641414	200	204	4	6146	727736	754086	1	0
114.649605	200	204	4	6146	727736	754086	1	0
114.658319	200	204	4	6146	727736	754086	1	0
114.670557	200	204	4	6147	727736	754086	1	0
114.679378	200	204	4	6147	727736	754086	1	0
114.692112	200	204	4	6147	727736	754086	1	0
114.706910	200	204	4	6148	727736	754086	1	0
114.717704	200	204	4	6148	727736	754086	1	0
114.728688	200	204	4	6148	727736	754086	1	0
114.736379	200	204	4	6148	727736	754086	1	0
114.746543	200	204	4	6149	727736	754086	1	0
114.759103	200	204	4	6149	727736	754086	1	0
114.766128	200	204	4	6149	727736	754086	1	0
114.773040	200	204	4	6149	727736	754086	1	0
114.786009	200	204	4	6150	727736	754086	1	0
114.796997	200	204	4	6150	727736	754086	1	0
114.811447	200	204	4	6150	727736	754086	1	0
114.823039	200	204	4	6151	727736	754086	1	0
114.831317	200	204	4	6151	727736	754086	1	0
114.841683	200	204	4	6151	727736	754086	1	0
114.849183	200	204	4	6151	727736	754086	1	0
114.855937	200	204	4	6151	727736	754086	1	0
114.861752	200	204	4	6151	727736	754086	1	0
114.868369	200	204	4	6152	727736	754086	1	0
114.876552	200	204	4	6152	727736	754086	1	0
114.882674	200	204	4	6152	727736	754086	1	0
114.892674	200	204	4	6152	727736	754086	1	0
114.907259	200	204	4	6152	727736	754086	1	0
114.914041	200	204	4	6152	727736	754086	1	0
114.926154	200	204	4	6152	727736	754086	1	0
114.941094	200	204	4	6152	727736	754086	1	0
114.949882	200	204	4	6152	727736	754086	1	0
114.959767	200	204	4	6152	727736	754086	1	0
114.966564	200	204	4	6152	727736	754086	1	0
114.980463	200	204	4	6152	727736	754086	1	0
114.995521	200	204	4	6152	727736	754086	1	0
115.009219	200	204	4	6152	727736	754086	1	0
115.022542	200	204	4	6152	727736	754086	1	0
115.035361	200	204	4	6152	727736	754086	1	0
115.044391	200	204	4	6152	727736	754086	1	0
115.051176	200	204	4	6152	727736	754086	1	0
115.065273	200	204	4	6152	727736	754086	1	0
115.072516	200	204	4	6152	727736	754086	1	0
115.080943	200	204	4	6152	727736	754086	1	0
115.091368	200	204	4	6152	727736	754086	1	0
115.104604	200	204	4	6152	727736	754086	1	0
115.118330	200	204	4	6152	727736	754086	1	0
115.129754	200	204	4	6152	727736	754086	1	0
115.142135	200	204	4	6152	727736	754086	1	0
115.147733	200	204	4	6152	727736	754086	1	0
115.153818	200	204	4	6152	727736	754086	1	0
115.168953	200	204	4	6152	727736	754086	1	0
115.177201	200	204	4	6152	727736	754086	1	0
115.183208	200	204	4	6152	727736	754086	1	0
115.196557	200	204	4	6152	727736	754086	1	0
115.209698	200	204	4	6153	727736	754086	1	0
115.220006	200	204	4	6153	727736	754086	1	0
115.232160	200	204	4	6153	727736	754086	1	0
115.239877	200	204	4	6153	727736	754086	1	0
115.248984	200	204	4	6153	727736	754086	1	0
115.258160	200	204	4	6153	727736	754086	1	0
115.273320	200	204	4	6153	727736	754086	1	0
115.287918	200	204	4	6154	727736	754086	1	0
115.299979	200	204	4	6154	727736	754086	1	0
115.309470	200	204	4	6154	727736	754086	1	0
115.314698	200	204	4	6154	727736	754086	1	0
115.321081	200	204	4	6154	727736	754086	1	0
115.326602	200	204	4	6155	727736	754086	1	0
115.335540	200	204	4	6155	727736	754086	1	0
115.341409	200	204	4	6155	727736	754086	1	0
115.355563	200	204	4	6155	727736	754086	1	0
115.360938	200	204	4	6155	727736	754086	1	0
115.374059	200	204	4	6156	727736	754086	1	0
115.379224	200	204	4	6156	727736	754086	1	0
115.384456	200	204	4	6156	727736	754086	1	0
115.393931	200	204	4	6156	727736	754086	1	0
115.404163	200	204	4	6156	727736	754086	1	0
115.411438	200	204	4	6157	727736	754086	1	0
115.418441	200	204	4	6157	727736	754086	1	0
115.431649	200	204	4	6157	727736	754086	1	0
115.439716	200	204	4	6157	727736	754086	1	0
115.446019	200	204	4	6158	727736	754086	1	0
115.458068	200	204	4	6158	727736	754086	1	0
115.469719	200	204	4	6158	727736	754086	1	0
115.484460	200	204	4	6158	727736	754086	1	0
115.491255	200	204	4	6159	727736	754086	1	0
115.505948	200	204	4	6159	727736	754086	1	0
115.513478	200	204	4	6159	727736	754086	1	0
115.527385	200	204	4	6159	727736	754086	1	0
115.540489	200	204	4	6160	727736	754086	1	0
115.549008	200	204	4	6160	727736	754086	1	0
115.556125	200	204	4	6160	727736	754086	1	0
115.565676	200	204	4	6160	727736	754086	1	0
115.572662	200	204	4	6160	727736	754086	1	0
115.583693	200	204	4	6160	727736	754086	1	0
115.589412	200	204	4	6160	727736	754086	1	0
115.601705	200	204	4	6160	727736	754086	1	0
115.614364	200	204	4	6160	727736	754086	1	0
115.623138	200	204	4	6160	727736	754086	1	0
115.632766	200	204	4	6160	727736	754086	1	0
115.642867	200	204	4	6160	727736	754086	1	0
115.652148	200	204	4	6160	727736	754086	1	0
115.660664	200	204	4	6160	727736	754086	1	0
115.666903	200	204	4	6160	727736	754086	1	0
115.678459	200	204	4	6160	727736	754086	1	0
115.687358	200	204	4	6160	727736	754086	1	0
115.695966	200	204	4	6160	727736	754086	1	0
115.702172	200	204	4	6160	727736	754086	1	0
115.715657	200	204	4	6160	727736	754086	1	0
115.726407	200	204	4	6160	727736	754086	1	0
115.736251	200	204	4	6160	727736	754086	1	0
115.741804	200	204	4	6160	727736	754086	1	0
115.754777	200	204	4	6160	727736	754086	1	0
115.761858	200	204	4	6160	727736	754086	1	0
115.772910	200	204	4	6160	727736	754086	1	0
115.783172	200	204	4	6160	727736	754086	1	0
115.789050	200	204	4	6160	727736	754086	1	0
115.797468	200	204	4	6160	727736	754086	1	0
115.806367	200	204	4	6160	727736	754086	1	0
115.812396	200	204	4	6160	727736	754086	1	0
115.820694	200	204	4	6160	727736	754086	1	0
115.826315	200	204	4	6160	727736	754086	1	0
115.835327	200	204	4	6160	727736	754086	1	0
115.848089	200	204	4	6160	727736	754086	1	0
115.856043	200	204	4	6161	727736	754086	1	0
115.865486	200	204	4	6161	727736	754086	1	0
115.875022	200	204	4	6161	727736	754086	1	0
115.887656	200	204	4	6161	727736	754086	1	0
115.898363	200	204	4	6161	727736	754086	1	0
115.903982	200	204	4	6161	727736	754086	1	0
115.914874	200	204	4	6161	727736	754086	1	0
115.922982	200	204	4	6161	727736	754086	1	0
115.931857	200	204	4	6162	727736	754086	1	0
115.940788	200	204	4	6162	727736	754086	1	0
115.950818	200	204	4	6162	727736	754086	1	0
115.962732	200	204	4	6162	727736	754086	1	0
115.975302	200	204	4	6162	727736	754086	1	0
115.987706	200	204	4	6163	727736	754086	1	0
115.999992	200	204	4	6163	727736	754086	1	0
116.010332	200	204	4	6163	727736	754086	1	0
116.018647	200	204	4	6164	727736	754086	1	0
116.026524	200	204	4	6164	727736	754086	1	0
116.032922	200	204	4	6164	727736	754086	1	0
116.045345	200	204	4	6164	727736	754086	1	0
116.059364	200	204	4	6164	727736	754086	1	0
116.067487	200	204	4	6165	727736	754086	1	0
116.078409	200	204	4	6165	727736	754086	1	0
116.085622	200	204	4	6165	727736	754086	1	0
116.095043	200	204	4	6165	727736	754086	1	0
116.103673	200	204	4	6165	727736	754086	1	0
116.116645	200	204	4	6166	727736	754086	1	0
116.131331	200	204	4	6166	727736	754086	1	0
116.141518	200	204	4	6166	727736	754086	1	0
116.150845	200	204	4	6167	727736	754086	1	0
116.160217	200	204	4	6167	727736	754086	1	0
116.165415	200	204	4	6167	727736	754086	1	0
116.177787	200	204	4	6167	727736	754086	1	0
116.184054	200	204	4	6167	727736	754086	1	0
116.198181	200	204	4	6168	727736	754086	1	0
116.208693	200	204	4	6168	727736	754086	1	0
116.215686	200	204	4	6168	727736	754086	1	0
116.227102	200	204	4	6168	727736	754086	1	0
116.238209	200	204	4	6168	727736	754086	1	0
116.244778	200	204	4	6168	727736	754086	1	0
116.250701	200	204	4	6168	727736	754086	1	0
116.265813	200	204	4	6168	727736	754086	1	0
116.276136	200	204	4	6168	727736	754086	1	0
116.285006	200	204	4	6168	727736	754086	1	0
116.300155	200	204	4	6168	727736	754086	1	0
116.313353	200	204	4	6168	727736	754086	1	0
116.319356	200	204	4	6168	727736	754086	1	0
116.326372	200	204	4	6168	727736	754086	1	0
116.340748	200	204	4	6168	727736	754086	1	0
116.347269	200	204	4	6168	727736	754086	1	0
116.357061	200	204	4	6168	727736	754086	1	0
116.362881	200	204	4	6168	727736	754086	1	0
116.375438	200	204	4	6168	727736	754086	1	0
116.387311	200	204	4	6168	727736	754086	1	0
116.402420	200	204	4	6168	727736	754086	1	0
116.409485	200	204	4	6168	727736	754086	1	0
116.422590	200	204	4	6168	727736	754086	1	0
116.434583	200	204	4	6168	727736	754086	1	0
116.441646	200	204	4	6168	727736	754086	1	0
116.448313	200	204	4	6168	727736	754086	1	0
116.455047	200	204	4	6168	727736	754086	1	0
116.465666	200	204	4	6168	727736	754086	1	0
116.472332	200	204	4	6168	727736	754086	1	0
116.483232	200	204	4	6168	727736	754086	1	0
116.494938	200	204	4	6168	727736	754086	1	0
116.502840	200	204	4	6168	727736	754086	1	0
116.516405	200	204	4	6168	727736	754086	1	0
116.523148	200	204	4	6168	727736	754086	1	0
116.532486	200	204	4	6168	727736	754086	1	0
116.545446	200	204	4	6169	727736	754086	1	0
116.559333	200	204	4	6169	727736	754086	1	0
116.571464	200	204	4	6169	727736	754086	1	0
116.579518	200	204	4	6169	727736	754086	1	0
116.585689	200	204	4	6169	727736	754086	1	0
116.596961	200	204	4	6169	727736	754086	1	0
116.607057	200	204	4	6169	727736	754086	1	0
116.615342	200	204	4	6169	727736	754086	1	0
116.629398	200	204	4	6170	727736	754086	1	0
116.636060	200	204	4	6170	727736	754086	1	0
116.649182	200	204	4	6170	727736	754086	1	0
116.661734	200	204	4	6170	727736	754086	1	0
116.667640	200	204	4	6171	727736	754086	1	0
116.674140	200	204	4	6171	727736	754086	1	0
116.681461	200	204	4	6171	727736	754086	1	0
116.687405	200	204	4	6171	727736	754086	1	0
116.693251	200	204	4	6171	727736	754086	1	0
116.702845	200	204	4	6171	727736	754086	1	0
116.708831	200	204	4	6172	727736	754086	1	0
116.720581	200	204	4	6172	727736	754086	1	0
116.730331	200	204	4	6172	727736	754086	1	0
116.736561	200	204	4	6172	727736	754086	1	0
116.747450	200	204	4	6172	727736	754086	1	0
116.754573	200	204	4	6173	727736	754086	1	0
116.761788	200	204	4	6173	727736	754086	1	0
116.775873	200	204	4	6173	727736	754086	1	0
116.790361	200	204	4	6173	727736	754086	1	0
116.798530	200	204	4	6174	727736	754086	1	0
116.806501	200	204	4	6174	727736	754086	1	0
116.815764	200	204	4	6174	727736	754086	1	0
116.827951	200	204	4	6174	727736	754086	1	0
116.839695	200	204	4	6175	727736	754086	1	0
116.848736	200	204	4	6175	727736	754086	1	0
116.862494	200	204	4	6175	727736	754086	1	0
116.873997	200	204	4	6175	727736	754086	1	0
116.888155	200	204	4	6176	727736	754086	1	0
116.895742	200	204	4	6176	727736	754086	1	0
116.904959	200	204	4	6176	727736	754086	1	0
116.916714	200	204	4	6176	727736	754086	1	0
116.922894	200	204	4	6176	727736	754086	1	0
116.936291	200	204	4	6176	727736	754086	1	0
116.943583	200	204	4	6176	727736	754086	1	0
116.953589	200	204	4	6176	727736	754086	1	0
116.960589	200	204	4	6176	727736	754086	1	0
116.968512	200	204	4	6176	727736	754086	1	0
116.976729	200	204	4	6176	727736	754086	1	0
116.984754	200	204	4	6176	727736	754086	1	0
116.990854	200	204	4	6176	727736	754086	1	0
116.997336	200	204	4	6176	727736	754086	1	0
117.012242	200	204	4	6176	727736	754086	1	0
117.026189	200	204	4	6176	727736	754086	1	0
117.032738	200	204	4	6176	727736	754086	1	0
117.046368	200	204	4	6176	727736	754086	1	0
117.054790	200	204	4	6176	727736	754086	1	0
117.063315	200	204	4	6176	727736	754086	1	0
117.076162	200	204	4	6176	727736	754086	1	0
117.091004	200	204	4	6176	727736	754086	1	0
117.098833	200	204	4	6176	727736	754086	1	0
117.107880	200	204	4	6176	727736	754086	1	0
117.123022	200	204	4	6176	727736	754086	1	0
117.131914	200	204	4	6176	727736	754086	1	0
117.141666	200	204	4	6176	727736	754086	1	0
117.149803	200	204	4	6176	727736	754086	1	0
117.164571	200	204	4	6176	727736	754086	1	0
117.175107	200	204	4	6176	727736	754086	1	0
117.180752	200	204	4	6176	727736	754086	1	0
117.192420	200	204	4	6176	727736	754086	1	0
117.201337	200	204	4	6176	727736	754086	1	0
117.208132	200	204	4	6176	727736	754086	1	0
117.219782	200	204	4	6176	727736	754086	1	0
117.231680	200	204	4	6176	727736	754086	1	0
117.245158	200	204	4	6176	727736	754086	1	0
117.252763	200	204	4	6176	727736	754086	1	0
117.266044	200	204	4	6176	727736	754086	1	0
117.271995	200	204	4	6176	727736	754086	1	0
117.281196	200	204	4	6176	727736	754086	1	0
117.293575	200	204	4	6177	727736	754086	1	0
117.301634	200	204	4	6177	727736	754086	1	0
117.310123	200	204	4	6177	727736	754086	1	0
117.324683	200	204	4	6177	727736	754086	1	0
117.339628	200	204	4	6177	727736	754086	1	0
117.352343	200	204	4	6177	727736	754086	1	0
117.361407	200	204	4	6177	727736	754086	1	0
117.368801	200	204	4	6178	727736	754086	1	0
117.379472	200	204	4	6178	727736	754086	1	0
117.389076	200	204	4	6178	727736	754086	1	0
117.400597	200	204	4	6178	727736	754086	1	0
117.409944	200	204	4	6179	727736	754086	1	0
117.420304	200	204	4	6179	727736	754086	1	0
117.429025	200	204	4	6179	727736	754086	1	0
117.439522	200	204	4	6179	727736	754086	1	0
117.451204	200	204	4	6180	727736	754086	1	0
117.464131	200	204	4	6180	727736	754086	1	0
117.476625	200	204	4	6180	727736	754086	1	0
117.489359	200	204	4	6181	727736	754086	1	0
117.498904	200	204	4	6181	727736	754086	1	0
117.504273	200	204	4	6181	727736	754086	1	0
117.516124	200	204	4	6181	727736	754086	1	0
117.529403	200	204	4	6182	727736	754086	1	0
117.536371	200	204	4	6182	727736	754086	1	0
117.542236	200	204	4	6182	727736	754086	1	0
117.555339	200	204	4	6182	727736	754086	1	0
117.563019	200	204	4	6182	727736	754086	1	0
117.569945	200	204	4	6182	727736	754086	1	0
117.581897	200	204	4	6183	727736	754086	1	0
117.589302	200	204	4	6183	727736	754086	1	0
117.595681	200	204	4	6183	727736	754086	1	0
117.606151	200	204	4	6183	727736	754086	1	0
117.611924	200	204	4	6183	727736	754086	1	0
117.625559	200	204	4	6184	727736	754086	1	0
117.634320	200	204	4	6184	727736	754086	1	0
117.640251	200	204	4	6184	727736	754086	1	0
117.650402	200	204	4	6184	727736	754086	1	0
117.657814	200	204	4	6184	727736	754086	1	0
117.670633	200	204	4	6184	727736	754086	1	0
117.678745	200	204	4	6184	727736	754086	1	0
117.685890	200	204	4	6184	727736	754086	1	0
117.696460	200	204	4	6184	727736	754086	1	0
117.703005	200	204	4	6184	727736	754086	1	0
117.711732	200	204	4	6184	727736	754086	1	0
117.724902	200	204	4	6184	727736	754086	1	0
117.734171	200	204	4	6184	727736	754086	1	0
117.743888	200	204	4	6184	727736	754086	1	0
117.755388	200	204	4	6184	727736	754086	1	0
117.763752	200	204	4	6184	727736	754086	1	0
117.773715	200	204	4	6184	727736	754086	1	0
117.787482	200	204	4	6184	727736	754086	1	0
117.801146	200	204	4	6184	727736	754086	1	0
117.810602	200	204	4	6184	727736	754086	1	0
117.825533	200	204	4	6184	727736	754086	1	0
117.839700	200	204	4	6184	727736	754086	1	0
117.852138	200	204	4	6184	727736	754086	1	0
117.861441	200	204	4	6184	727736	754086	1	0
117.871291	200	204	4	6184	727736	754086	1	0
117.882521	200	204	4	6184	727736	754086	1	0
117.888845	200	204	4	6184	727736	754086	1	0
117.897862	200	204	4	6184	727736	754086	1	0
117.909720	200	204	4	6184	727736	754086	1	0
117.916142	200	204	4	6184	727736	754086	1	0
117.931219	200	204	4	6184	727736	754086	1	0
117.939303	200	204	4	6184	727736	754086	1	0
117.947643	200	204	4	6184	727736	754086	1	0
117.956114	200	204	4	6184	727736	754086	1	0
117.966119	200	204	4	6184	727736	754086	1	0
117.975263	200	204	4	6185	727736	754086	1	0
117.989000	200	204	4	6185	727736	754086	1	0
117.995480	200	204	4	6185	727736	754086	1	0
118.004941	200	204	4	6185	727736	754086	1	0
118.013237	200	204	4	6185	727736	754086	1	0
118.026605	200	204	4	6185	727736	754086	1	0
118.039633	200	204	4	6185	727736	754086	1	0
118.051653	200	204	4	6186	727736	754086	1	0
118.061934	200	204	4	6186	727736	754086	1	0
118.072951	200	204	4	6186	727736	754086	1	0
118.084419	200	204	4	6186	727736	754086	1	0
118.095225	200	204	4	6187	727736	754086	1	0
118.103525	200	204	4	6187	727736	754086	1	0
118.113539	200	204	4	6187	727736	754086	1	0
118.128506	200	204	4	6187	727736	754086	1	0
118.142127	200	204	4	6188	727736	754086	1	0
118.152114	200	204	4	6188	727736	754086	1	0
118.160835	200	204	4	6188	727736	754086	1	0
118.168823	200	204	4	6188	727736	754086	1	0
118.178857	200	204	4	6188	727736	754086	1	0
118.186506	200	204	4	6189	727736	754086	1	0
118.194327	200	204	4	6189	727736	754086	1	0
118.203981	200	204	4	6189	727736	754086	1	0
118.210242	200	204	4	6189	727736	754086	1	0
118.223198	200	204	4	6189	727736	754086	1	0
118.229241	200	204	4	6189	727736	754086	1	0
118.237281	200	204	4	6190	727736	754086	1	0
118.251799	200	204	4	6190	727736	754086	1	0
118.260719	200	204	4	6190	727736	754086	1	0
118.272962	200	204	4	6190	727736	754086	1	0
118.282226	200	204	4	6191	727736	754086	1	0
118.293587	200	204	4	6191	727736	754086	1	0
118.307250	200	204	4	6191	727736	754086	1	0
118.321238	200	204	4	6191	727736	754086	1	0
118.333097	200	204	4	6192	727736	754086	1	0
118.347864	200	204	4	6192	727736	754086	1	0
118.362889	200	204	4	6192	727736	754086	1	0
118.369299	200	204	4	6192	727736	754086	1	0
118.379427	200	204	4	6192	727736	754086	1	0
118.389190	200	204	4	6192	727736	754086	1	0
118.400218	200	204	4	6192	727736	754086	1	0
118.411712	200	204	4	6192	727736	754086	1	0
118.421913	200	204	4	6192	727736	754086	1	0
118.433295	200	204	4	6192	727736	754086	1	0
118.440284	200	204	4	6192	727736	754086	1	0
118.448476	200	204	4	6192	727736	754086	1	0
118.461835	200	204	4	6192	727736	754086	1	0
118.467037	200	204	4	6192	727736	754086	1	0
118.476138	200	204	4	6192	727736	754086	1	0
118.486827	200	204	4	6192	727736	754086	1	0
118.498243	200	204	4	6192	727736	754086	1	0
118.504298	200	204	4	6192	727736	754086	1	0
118.517101	200	204	4	6192	727736	754086	1	0
118.527872	200	204	4	6192	727736	754086	1	0
118.534048	200	204	4	6192	727736	754086	1	0
118.542488	200	204	4	6192	727736	754086	1	0
118.551760	200	204	4	6192	727736	754086	1	0
118.559077	200	204	4	6192	727736	754086	1	0
118.571012	200	204	4	6192	727736	754086	1	0
118.581880	200	204	4	6192	727736	754086	1	0
118.595721	200	204	4	6192	727736	754086	1	0
118.604531	200	204	4	6192	727736	754086	1	0
118.612489	200	204	4	6192	727736	754086	1	0
118.617707	200	204	4	6192	727736	754086	1	0
118.631121	200	204	4	6192	727736	754086	1	0
118.639257	200	204	4	6192	727736	754086	1	0
118.648699	200	204	4	6192	727736	754086	1	0
118.656003	200	204	4	6192	727736	754086	1	0
118.670385	200	204	4	6192	727736	754086	1	0
118.682909	200	204	4	6193	727736	754086	1	0
118.692637	200	204	4	6193	727736	754086	1	0
118.703626	200	204	4	6193	727736	754086	1	0
118.712601	200	204	4	6193	727736	754086	1	0
118.722787	200	204	4	6193	727736	754086	1	0
118.734680	200	204	4	6193	727736	754086	1	0
118.746291	200	204	4	6193	727736	754086	1	0
118.757558	200	204	4	6193	727736	754086	1	0
118.770598	200	204	4	6194	727736	754086	1	0
118.781888	200	204	4	6194	727736	754086	1	0
118.793738	200	204	4	6194	727736	754086	1	0
118.800942	200	204	4	6194	727736	754086	1	0
118.807414	200	204	4	6195	727736	754086	1	0
118.821535	200	204	4	6195	727736	754086	1	0
118.828933	200	204	4	6195	727736	754086	1	0
118.836658	200	204	4	6195	727736	754086	1	0
118.850361	200	204	4	6196	727736	754086	1	0
118.859264	200	204	4	6196	727736	754086	1	0
118.867079	200	204	4	6196	727736	754086	1	0
118.873951	200	204	4	6196	727736	754086	1	0
118.884973	200	204	4	6196	727736	754086	1	0
118.894095	200	204	4	6196	727736	754086	1	0
118.899568	200	204	4	6197	727736	754086	1	0
118.913872	200	204	4	6197	727736	754086	1	0
118.928204	200	204	4	6197	727736	754086	1	0
118.936599	200	204	4	6197	727736	754086	1	0
118.947677	200	204	4	6198	727736	754086	1	0
118.961459	200	204	4	6198	727736	754086	1	0
118.972578	200	204	4	6198	727736	754086	1	0
118.983157	200	204	4	6198	727736	754086	1	0
118.994781	200	204	4	6199	727736	754086	1	0
119.007805	200	204	4	6199	727736	754086	1	0
119.022406	200	204	4	6199	727736	754086	1	0
119.031419	200	204	4	6199	727736	754086	1	0
119.041054	200	204	4	6200	727736	754086	1	0
119.052450	200	204	4	6200	727736	754086	1	0
119.064203	200	204	4	6200	727736	754086	1	0
119.070625	200	204	4	6200	727736	754086	1	0
119.079692	200	204	4	6200	727736	754086	1	0
119.091619	200	204	4	6200	727736	754086	1	0
119.098691	200	204	4	6200	727736	754086	1	0
119.104565	200	204	4	6200	727736	754086	1	0
119.112979	200	204	4	6200	727736	754086	1	0
119.118689	200	204	4	6200	727736	754086	1	0
119.128097	200	204	4	6200	727736	754086	1	0
119.133444	200	204	4	6200	727736	754086	1	0
119.144520	200	204	4	6200	727736	754086	1	0
119.154536	200	204	4	6200	727736	754086	1	0
119.160135	200	204	4	6200	727736	754086	1	0
119.169273	200	204	4	6200	727736	754086	1	0
119.181247	200	204	4	6200	727736	754086	1	0
119.188094	200	204	4	6200	727736	754086	1	0
119.201010	200	204	4	6200	727736	754086	1	0
119.206331	200	204	4	6200	727736	754086	1	0
119.216554	200	204	4	6200	727736	754086	1	0
119.225566	200	204	4	6200	727736	754086	1	0
119.236520	200	204	4	6200	727736	754086	1	0
119.245011	200	204	4	6200	727736	754086	1	0
119.252402	200	204	4	6200	727736	754086	1	0
119.260642	200	204	4	6200	727736	754086	1	0
119.275791	200	204	4	6200	727736	754086	1	0
119.281934	200	204	4	6200	727736	754086	1	0
119.295791	200	204	4	6200	727736	754086	1	0
119.305303	200	204	4	6200	727736	754086	1	0
119.318089	200	204	4	6200	727736	754086	1	0
119.324484	200	204	4	6200	727736	754086	1	0
119.332323	200	204	4	6200	727736	754086	1	0
119.337849	200	204	4	6200	727736	754086	1	0
119.350555	200	204	4	6200	727736	754086	1	0
119.364615	200	204	4	6200	727736	754086	1	0
119.377996	200	204	4	6200	727736	754086	1	0
119.383319	200	204	4	6200	727736	754086	1	0
119.393233	200	204	4	6200	727736	754086	1	0
119.404895	200	204	4	6201	727736	754086	1	0
119.417467	200	204	4	6201	727736	754086	1	0
119.431269	200	204	4	6201	727736	754086	1	0
119.439905	200	204	4	6201	727736	754086	1	0
119.445346	200	204	4	6201	727736	754086	1	0
119.458388	200	204	4	6201	727736	754086	1	0
119.473225	200	204	4	6201	727736	754086	1	0
119.486106	200	204	4	6202	727736	754086	1	0
119.493285	200	204	4	6202	727736	754086	1	0
119.506419	200	204	4	6202	727736	754086	1	0
119.516280	200	204	4	6202	727736	754086	1	0
119.530599	200	204	4	6203	727736	754086	1	0
119.542430	200	204	4	6203	727736	754086	1	0
119.549637	200	204	4	6203	727736	754086	1	0
119.554884	200	204	4	6203	727736	754086	1	0
119.568710	200	204	4	6204	727736	754086	1	0
119.578059	200	204	4	6204	727736	754086	1	0
119.587225	200	204	4	6204	727736	754086	1	0
119.596374	200	204	4	6204	727736	754086	1	0
119.606935	200	204	4	6204	727736	754086	1	0
119.615907	200	204	4	6205	727736	754086	1	0
119.623390	200	204	4	6205	727736	754086	1	0
119.634676	200	204	4	6205	727736	754086	1	0
119.644818	200	204	4	6205	727736	754086	1	0
119.650765	200	204	4	6205	727736	754086	1	0
119.662148	200	204	4	6206	727736	754086	1	0
119.672646	200	204	4	6206	727736	754086	1	0
119.685957	200	204	4	6206	727736	754086	1	0
119.695200	200	204	4	6206	727736	754086	1	0
119.707256	200	204	4	6207	727736	754086	1	0
119.717252	200	204	4	6207	727736	754086	1	0
119.731459	200	204	4	6207	727736	754086	1	0
119.737791	200	204	4	6207	727736	754086	1	0
119.743752	200	204	4	6207	727736	754086	1	0
119.755744	200	204	4	6208	727736	754086	1	0
119.761104	200	204	4	6208	727736	754086	1	0
119.766373	200	204	4	6208	727736	754086	1	0
119.771632	200	204	4	6208	727736	754086	1	0
119.784655	200	204	4	6208	727736	754086	1	0
119.798392	200	204	4	6208	727736	754086	1	0
119.812653	200	204	4	6208	727736	754086	1	0
119.824465	200	204	4	6208	727736	754086	1	0
119.837227	200	204	4	6208	727736	754086	1	0
119.842481	200	204	4	6208	727736	754086	1	0
119.847843	200	204	4	6208	727736	754086	1	0
119.856993	200	204	4	6208	727736	754086	1	0
119.869667	200	204	4	6208	727736	754086	1	0
119.884452	200	204	4	6208	727736	754086	1	0
119.890043	200	204	4	6208	727736	754086	1	0
119.897112	200	204	4	6208	727736	754086	1	0
119.911708	200	204	4	6208	727736	754086	1	0
119.920217	200	204	4	6208	727736	754086	1	0
119.931918	200	204	4	6208	727736	754086	1	0
119.946241	200	204	4	6208	727736	754086	1	0
119.958020	200	204	4	6208	727736	754086	1	0
119.971169	200	204	4	6208	727736	754086	1	0
119.981446	200	204	4	6208	727736	754086	1	0
119.995921	200	204	4	6208	727736	754086	1	0
120.005234	200	204	4	6208	727736	754086	1	0
120.012786	200	204	4	6208	727736	754086	1	0
120.023574	200	204	4	6208	727736	754086	1	0
120.035114	200	204	4	6208	727736	754086	1	0
120.042901	200	204	4	6208	727736	754086	1	0
120.049931	200	204	4	6208	727736	754086	1	0
120.055891	200	204	4	6208	727736	754086	1	0
120.062784	200	204	4	6208	727736	754086	1	0
120.069587	200	204	4	6208	727736	754086	1	0
120.082531	200	204	4	6208	727736	754086	1	0
120.096279	200	204	4	6208	727736	754086	1	0
120.107156	200	204	4	6208	727736	754086	1	0
120.116972	200	204	4	6208	727736	754086	1	0
120.125168	200	204	4	6209	727736	754086	1	0
120.133631	200	204	4	6209	727736	754086	1	0
120.142321	200	204	4	6209	727736	754086	1	0
120.157267	200	204	4	6209	727736	754086	1	0
120.167582	200	204	4	6209	727736	754086	1	0
120.182422	200	204	4	6209	727736	754086	1	0
120.194044	200	204	4	6209	727736	754086	1	0
120.203724	200	204	4	6209	727736	754086	1	0
120.217868	200	204	4	6210	727736	754086	1	0
120.228313	200	204	4	6210	727736	754086	1	0
120.239591	200	204	4	6210	727736	754086	1	0
120.251041	200	204	4	6210	727736	754086	1	0
120.263967	200	204	4	6211	727736	754086	1	0
120.277461	200	204	4	6211	727736	754086	1	0
120.290790	200	204	4	6211	727736	754086	1	0
120.305268	200	204	4	6211	727736	754086	1	0
120.310686	200	204	4	6211	727736	754086	1	0
120.317796	200	204	4	6212	727736	754086	1	0
120.323232	200	204	4	6212	727736	754086	1	0
120.332090	200	204	4	6212	727736	754086	1	0
120.340436	200	204	4	6212	727736	754086	1	0
120.348935	200	204	4	6212	727736	754086	1	0
120.360798	200	204	4	6212	727736	754086	1	0
120.373383	200	204	4	6213	727736	754086	1	0
120.381632	200	204	4	6213	727736	754086	1	0
120.393251	200	204	4	6213	727736	754086	1	0
120.406180	200	204	4	6213	727736	754086	1	0
120.416674	200	204	4	6214	727736	754086	1	0
120.428375	200	204	4	6214	727736	754086	1	0
120.435157	200	204	4	6214	727736	754086	1	0
120.449123	200	204	4	6214	727736	754086	1	0
120.463308	200	204	4	6215	727736	754086	1	0
120.475985	200	204	4	6215	727736	754086	1	0
120.489509	200	204	4	6215	727736	754086	1	0
120.502150	200	204	4	6216	727736	754086	1	0
120.512988	200	204	4	6216	727736	754086	1	0
120.523988	200	204	4	6216	727736	754086	1	0
120.538862	200	204	4	6216	727736	754086	1	0
120.552709	200	204	4	6216	727736	754086	1	0
120.564009	200	204	4	6216	727736	754086	1	0
120.574709	200	204	4	6216	727736	754086	1	0
120.584714	200	204	4	6216	727736	754086	1	0
120.591649	200	204	4	6216	727736	754086	1	0
120.596862	200	204	4	6216	727736	754086	1	0
120.606475	200	204	4	6216	727736	754086	1	0
120.613798	200	204	4	6216	727736	754086	1	0
120.619291	200	204	4	6216	727736	754086	1	0
120.632985	200	204	4	6216	727736	754086	1	0
120.646423	200	204	4	6216	727736	754086	1	0
120.658753	200	204	4	6216	727736	754086	1	0
120.671781	200	204	4	6216	727736	754086	1	0
120.681496	200	204	4	6216	727736	754086	1	0
120.693010	200	204	4	6216	727736	754086	1	0
120.700738	200	204	4	6216	727736	754086	1	0
120.707930	200	204	4	6216	727736	754086	1	0
120.713898	200	204	4	6216	727736	754086	1	0
120.725175	200	204	4	6216	727736	754086	1	0
120.735256	200	204	4	6216	727736	754086	1	0
120.747110	200	204	4	6216	727736	754086	1	0
120.758629	200	204	4	6216	727736	754086	1	0
120.768423	200	204	4	6216	727736	754086	1	0
120.776967	200	204	4	6216	727736	754086	1	0
120.782169	200	204	4	6216	727736	754086	1	0
120.794040	200	204	4	6216	727736	754086	1	0
120.801164	200	204	4	6216	727736	754086	1	0
120.815112	200	204	4	6216	727736	754086	1	0
120.828484	200	204	4	6216	727736	754086	1	0
120.834043	200	204	4	6216	727736	754086	1	0
120.844833	200	204	4	6216	727736	754086	1	0
120.857426	200	204	4	6216	727736	754086	1	0
120.868262	200	204	4	6217	727736	754086	1	0
120.877314	200	204	4	6217	727736	754086	1	0
120.883815	200	204	4	6217	727736	754086	1	0
120.891687	200	204	4	6217	727736	754086	1	0
120.899470	200	204	4	6217	727736	754086	1	0
120.911166	200	204	4	6217	727736	754086	1	0
120.916906	200	204	4	6217	727736	754086	1	0
120.929995	200	204	4	6217	727736	754086	1	0
120.937011	200	204	4	6217	727736	754086	1	0
120.951817	200	204	4	6218	727736	754086	1	0
120.963213	200	204	4	6218	727736	754086	1	0
120.972073	200	204	4	6218	727736	754086	1	0
120.978745	200	204	4	6218	727736	754086	1	0
120.987990	200	204	4	6218	727736	754086	1	0
121.001085	200	204	4	6219	727736	754086	1	0
121.013173	200	204	4	6219	727736	754086	1	0
121.021794	200	204	4	6219	727736	754086	1	0
121.030584	200	204	4	6219	727736	754086	1	0
121.042210	200	204	4	6220	727736	754086	1	0
121.051215	200	204	4	6220	727736	754086	1	0
121.063325	200	204	4	6220	727736	754086	1	0
121.073410	200	204	4	6220	727736	754086	1	0
121.086280	200	204	4	6221	727736	754086	1	0
121.100149	200	204	4	6221	727736	754086	1	0
121.108312	200	204	4	6221	727736	754086	1	0
121.113926	200	204	4	6221	727736	754086	1	0
121.127182	200	204	4	6222	727736	754086	1	0
121.139009	200	204	4	6222	727736	754086	1	0
121.146139	200	204	4	6222	727736	754086	1	0
121.157234	200	204	4	6222	727736	754086	1	0
121.168849	200	204	4	6222	727736	754086	1	0
121.175621	200	204	4	6223	727736	754086	1	0
121.184937	200	204	4	6223	727736	754086	1	0
121.193119	200	204	4	6223	727736	754086	1	0
121.199384	200	204	4	6223	727736	754086	1	0
121.210561	200	204	4	6223	727736	754086	1	0
121.224110	200	204	4	6224	727736	754086	1	0
121.230865	200	204	4	6224	727736	754086	1	0
121.238554	200	204	4	6224	727736	754086	1	0
121.247255	200	204	4	6224	727736	754086	1	0
121.262274	200	204	4	6224	727736	754086	1	0
121.277339	200	204	4	6224	727736	754086	1	0
121.286781	200	204	4	6224	727736	754086	1	0
121.300202	200	204	4	6224	727736	754086	1	0
121.306814	200	204	4	6224	727736	754086	1	0
121.316457	200	204	4	6224	727736	754086	1	0
121.325951	200	204	4	6224	727736	754086	1	0
121.333339	200	204	4	6224	727736	754086	1	0
121.340296	200	204	4	6224	727736	754086	1	0
121.351867	200	204	4	6224	727736	754086	1	0
121.362976	200	204	4	6224	727736	754086	1	0
121.377462	200	204	4	6224	727736	754086	1	0
121.386104	200	204	4	6224	727736	754086	1	0
121.391717	200	204	4	6224	727736	754086	1	0
121.400345	200	204	4	6224	727736	754086	1	0
121.411332	200	204	4	6224	727736	754086	1	0
121.417348	200	204	4	6224	727736	754086	1	0
121.426106	200	204	4	6224	727736	754086	1	0
121.436111	200	204	4	6224	727736	754086	1	0
121.447207	200	204	4	6224	727736	754086	1	0
121.461479	200	204	4	6224	727736	754086	1	0
121.470944	200	204	4	6224	727736	754086	1	0
121.476358	200	204	4	6224	727736	754086	1	0
121.487543	200	204	4	6224	727736	754086	1	0
121.495838	200	204	4	6224	727736	754086	1	0
121.501935	200	204	4	6224	727736	754086	1	0
121.514954	200	204	4	6224	727736	754086	1	0
121.525791	200	204	4	6224	727736	754086	1	0
121.531094	200	204	4	6224	727736	754086	1	0
121.541139	200	204	4	6224	727736	754086	1	0
121.554474	200	204	4	6224	727736	754086	1	0
121.565833	200	204	4	6224	727736	754086	1	0
121.577098	200	204	4	6224	727736	754086	1	0
121.589929	200	204	4	6224	727736	754086	1	0
121.601359	200	204	4	6224	727736	754086	1	0
121.607323	200	204	4	6225	727736	754086	1	0
121.621501	200	204	4	6225	727736	754086	1	0
121.631404	200	204	4	6225	727736	754086	1	0
121.644388	200	204	4	6225	727736	754086	1	0
121.650230	200	204	4	6225	727736	754086	1	0
121.661858	200	204	4	6225	727736	754086	1	0
121.672881	200	204	4	6225	727736	754086	1	0
121.678197	200	204	4	6225	727736	754086	1	0
121.688031	200	204	4	6225	727736	754086	1	0
121.694730	200	204	4	6225	727736	754086	1	0
121.704985	200	204	4	6226	727736	754086	1	0
121.718388	200	204	4	6226	727736	754086	1	0
121.726760	200	204	4	6226	727736	754086	1	0
121.735495	200	204	4	6226	727736	754086	1	0
121.747746	200	204	4	6226	727736	754086	1	0
121.759777	200	204	4	6226	727736	754086	1	0
121.767032	200	204	4	6226	727736	754086	1	0
121.772716	200	204	4	6227	727736	754086	1	0
121.782412	200	204	4	6227	727736	754086	1	0
121.791370	200	204	4	6227	727736	754086	1	0
121.806633	200	204	4	6227	727736	754086	1	0
121.820632	200	204	4	6227	727736	754086	1	0
121.828088	200	204	4	6228	727736	754086	1	0
121.839802	200	204	4	6228	727736	754086	1	0
121.845665	200	204	4	6228	727736	754086	1	0
121.859305	200	204	4	6228	727736	754086	1	0
121.867847	200	204	4	6228	727736	754086	1	0
121.873930	200	204	4	6228	727736	754086	1	0
121.886723	200	204	4	6229	727736	754086	1	0
121.899101	200	204	4	6229	727736	754086	1	0
121.912174	200	204	4	6229	727736	754086	1	0
121.917727	200	204	4	6229	727736	754086	1	0
121.924801	200	204	4	6229	727736	754086	1	0
121.937924	200	204	4	6230	727736	754086	1	0
121.948348	200	204	4	6230	727736	754086	1	0
121.959063	200	204	4	6230	727736	754086	1	0
121.966282	200	204	4	6230	727736	754086	1	0
121.978199	200	204	4	6230	727736	754086	1	0
121.989686	200	204	4	6231	727736	754086	1	0
121.996279	200	204	4	6231	727736	754086	1	0
122.004993	200	204	4	6231	727736	754086	1	0
122.017855	200	204	4	6231	727736	754086	1	0
122.027390	200	204	4	6231	727736	754086	1	0
122.039369	200	204	4	6232	727736	754086	1	0
122.047582	200	204	4	6232	727736	754086	1	0
122.056875	200	204	4	6232	727736	754086	1	0
122.066644	200	204	4	6232	727736	754086	1	0
122.072895	200	204	4	6232	727736	754086	1	0
122.086997	200	204	4	6232	727736	754086	1	0
122.100583	200	204	4	6232	727736	754086	1	0
122.111626	200	204	4	6232	727736	754086	1	0
122.124431	200	204	4	6232	727736	754086	1	0
122.132400	200	204	4	6232	727736	754086	1	0
122.138724	200	204	4	6232	727736	754086	1	0
122.144439	200	204	4	6232	727736	754086	1	0
122.150849	200	204	4	6232	727736	754086	1	0
122.164602	200	204	4	6232	727736	754086	1	0
122.177235	200	204	4	6232	727736	754086	1	0
122.184842	200	204	4	6232	727736	754086	1	0
122.192354	200	204	4	6232	727736	754086	1	0
122.203603	200	204	4	6232	727736	754086	1	0
122.215834	200	204	4	6232	727736	754086	1	0
122.223120	200	204	4	6232	727736	754086	1	0
122.231486	200	204	4	6232	727736	754086	1	0
122.239872	200	204	4	6232	727736	754086	1	0
122.254398	200	204	4	6232	727736	754086	1	0
122.259680	200	204	4	6232	727736	754086	1	0
122.272238	200	204	4	6232	727736	754086	1	0
122.280514	200	204	4	6232	727736	754086	1	0
122.289079	200	204	4	6232	727736	754086	1	0
122.299437	200	204	4	6232	727736	754086	1	0
122.310297	200	204	4	6232	727736	754086	1	0
122.319239	200	204	4	6232	727736	754086	1	0
122.326849	200	204	4	6232	727736	754086	1	0
122.333575	200	204	4	6232	727736	754086	1	0
122.346156	200	204	4	6232	727736	754086	1	0
122.357152	200	204	4	6232	727736	754086	1	0
122.364696	200	204	4	6232	727736	754086	1	0
122.374701	200	204	4	6232	727736	754086	1	0
122.380790	200	204	4	6232	727736	754086	1	0
122.386982	200	204	4	6232	727736	754086	1	0
122.397771	200	204	4	6232	727736	754086	1	0
122.412227	200	204	4	6232	727736	754086	1	0
122.422947	200	204	4	6232	727736	754086	1	0
122.436776	200	204	4	6233	727736	754086	1	0
122.444556	200	204	4	6233	727736	754086	1	0
122.458490	200	204	4	6233	727736	754086	1	0
122.468487	200	204	4	6233	727736	754086	1	0
122.478753	200	204	4	6233	727736	754086	1	0
122.486925	200	204	4	6233	727736	754086	1	0
122.499857	200	204	4	6233	727736	754086	1	0
122.507340	200	204	4	6233	727736	754086	1	0
122.519399	200	204	4	6234	727736	754086	1	0
122.529832	200	204	4	6234	727736	754086	1	0
122.541582	200	204	4	6234	727736	754086	1	0
122.551717	200	204	4	6234	727736	754086	1	0
122.565215	200	204	4	6235	727736	754086	1	0
122.572448	200	204	4	6235	727736	754086	1	0
122.581608	200	204	4	6235	727736	754086	1	0
122.588718	200	204	4	6235	727736	754086	1	0
122.596900	200	204	4	6235	727736	754086	1	0
122.606889	200	204	4	6235	727736	754086	1	0
122.621752	200	204	4	6236	727736	754086	1	0
122.631888	200	204	4	6236	727736	754086	1	0
122.645948	200	204	4	6236	727736	754086	1	0
122.654616	200	204	4	6236	727736	754086	1	0
122.661860	200	204	4	6237	727736	754086	1	0
122.673610	200	204	4	6237	727736	754086	1	0
122.683744	200	204	4	6237	727736	754086	1	0
122.694738	200	204	4	6237	727736	754086	1	0
122.700031	200	204	4	6237	727736	754086	1	0
122.712768	200	204	4	6238	727736	754086	1	0
122.720191	200	204	4	6238	727736	754086	1	0
122.735274	200	204	4	6238	727736	754086	1	0
122.741261	200	204	4	6238	727736	754086	1	0
122.749309	200	204	4	6238	727736	754086	1	0
122.759761	200	204	4	6239	727736	754086	1	0
122.772060	200	204	4	6239	727736	754086	1	0
122.780449	200	204	4	6239	727736	754086	1	0
122.790618	200	204	4	6239	727736	754086	1	0
122.799036	200	204	4	6240	727736	754086	1	0
122.806943	200	204	4	6240	727736	754086	1	0
122.818434	200	204	4	6240	727736	754086	1	0
122.826150	200	204	4	6240	727736	754086	1	0
122.835606	200	204	4	6240	727736	754086	1	0
122.848759	200	204	4	6240	727736	754086	1	0
122.860996	200	204	4	6240	727736	754086	1	0
122.869950	200	204	4	6240	727736	754086	1	0
122.879656	200	204	4	6240	727736	754086	1	0
122.892453	200	204	4	6240	727736	754086	1	0
122.906192	200	204	4	6240	727736	754086	1	0
122.917755	200	204	4	6240	727736	754086	1	0
122.926550	200	204	4	6240	727736	754086	1	0
122.932081	200	204	4	6240	727736	754086	1	0
122.941586	200	204	4	6240	727736	754086	1	0
122.949688	200	204	4	6240	727736	754086	1	0
122.960210	200	204	4	6240	727736	754086	1	0
122.967199	200	204	4	6240	727736	754086	1	0
122.979828	200	204	4	6240	727736	754086	1	0
122.989084	200	204	4	6240	727736	754086	1	0
122.998762	200	204	4	6240	727736	754086	1	0
123.004604	200	204	4	6240	727736	754086	1	0
123.011950	200	204	4	6240	727736	754086	1	0
123.026570	200	204	4	6240	727736	754086	1	0
123.038560	200	204	4	6240	727736	754086	1	0
123.050367	200	204	4	6240	727736	754086	1	0
123.064597	200	204	4	6240	727736	754086	1	0
123.076253	200	204	4	6240	727736	754086	1	0
123.084214	200	204	4	6240	727736	754086	1	0
123.090684	200	204	4	6240	727736	754086	1	0
123.098892	200	204	4	6240	727736	754086	1	0
123.105565	200	204	4	6240	727736	754086	1	0
123.113523	200	204	4	6240	727736	754086	1	0
123.121189	200	204	4	6240	727736	754086	1	0
123.133856	200	204	4	6240	727736	754086	1	0
123.140252	200	204	4	6240	727736	754086	1	0
123.151895	200	204	4	6240	727736	754086	1	0
123.165425	200	204	4	6240	727736	754086	1	0
123.173118	200	204	4	6241	727736	754086	1	0
123.184006	200	204	4	6241	727736	754086	1	0
123.197273	200	204	4	6241	727736	754086	1	0
123.207365	200	204	4	6241	727736	754086	1	0
123.219728	200	204	4	6241	727736	754086	1	0
123.229821	200	204	4	6241	727736	754086	1	0
123.238701	200	204	4	6241	727736	754086	1	0
123.248210	200	204	4	6241	727736	754086	1	0
123.260863	200	204	4	6242	727736	754086	1	0
123.268285	200	204	4	6242	727736	754086	1	0
123.273527	200	204	4	6242	727736	754086	1	0
123.284282	200	204	4	6242	727736	754086	1	0
123.296062	200	204	4	6242	727736	754086	1	0
123.305034	200	204	4	6242	727736	754086	1	0
123.315514	200	204	4	6243	727736	754086	1	0
123.325689	200	204	4	6243	727736	754086	1	0
123.332306	200	204	4	6243	727736	754086	1	0
123.339146	200	204	4	6243	727736	754086	1	0
123.346463	200	204	4	6243	727736	754086	1	0
123.359907	200	204	4	6244	727736	754086	1	0
123.374453	200	204	4	6244	727736	754086	1	0
123.385684	200	204	4	6244	727736	754086	1	0
123.392007	200	204	4	6244	727736	754086	1	0
123.406852	200	204	4	6245	727736	754086	1	0
123.415958	200	204	4	6245	727736	754086	1	0
123.430444	200	204	4	6246	727736	754086	1	0
123.441727	200	204	4	6246	727736	754086	1	0
123.453201	200	204	4	6246	727736	754086	1	0
123.466630	200	204	4	6246	727736	754086	1	0
123.481301	200	204	4	6247	727736	754086	1	0
123.494870	200	204	4	6247	727736	754086	1	0
123.503830	200	204	4	6248	727736	754086	1	0
123.518899	200	204	4	6248	727736	754086	1	0
123.534016	200	204	4	6248	727736	754086	1	0
123.546643	200	204	4	6248	727736	754086	1	0
123.552772	200	204	4	6248	727736	754086	1	0
123.567795	200	204	4	6248	727736	754086	1	0
123.578920	200	204	4	6248	727736	754086	1	0
123.591417	200	204	4	6248	727736	754086	1	0
123.605393	200	204	4	6248	727736	754086	1	0
123.617220	200	204	4	6248	727736	754086	1	0
123.631954	200	204	4	6248	727736	754086	1	0
123.642146	200	204	4	6248	727736	754086	1	0
123.653094	200	204	4	6248	727736	754086	1	0
123.664314	200	204	4	6248	727736	754086	1	0
123.676756	200	204	4	6248	727736	754086	1	0
123.689540	200	204	4	6248	727736	754086	1	0
123.696870	200	204	4	6248	727736	754086	1	0
123.710487	200	204	4	6248	727736	754086	1	0
123.717389	200	204	4	6248	727736	754086	1	0
123.727230	200	204	4	6248	727736	754086	1	0
123.741232	200	204	4	6248	727736	754086	1	0
123.753394	200	204	4	6248	727736	754086	1	0
123.765659	200	204	4	6248	727736	754086	1	0
123.779141	200	204	4	6248	727736	754086	1	0
123.791684	200	204	4	6248	727736	754086	1	0
123.800830	200	204	4	6248	727736	754086	1	0
123.810296	200	204	4	6249	727736	754086	1	0
123.816351	200	204	4	6249	727736	754086	1	0
123.825226	200	204	4	6249	727736	754086	1	0
123.833089	200	204	4	6249	727736	754086	1	0
123.846760	200	204	4	6249	727736	754086	1	0
123.852187	200	204	4	6249	727736	754086	1	0
123.860444	200	204	4	6249	727736	754086	1	0
123.873925	200	204	4	6249	727736	754086	1	0
123.887866	200	204	4	6250	727736	754086	1	0
123.898327	200	204	4	6250	727736	754086	1	0
123.903755	200	204	4	6250	727736	754086	1	0
123.912155	200	204	4	6251	727736	754086	1	0
123.920061	200	204	4	6251	727736	754086	1	0
123.933366	200	204	4	6251	727736	754086	1	0
123.943779	200	204	4	6251	727736	754086	1	0
123.955126	200	204	4	6251	727736	754086	1	0
123.967846	200	204	4	6251	727736	754086	1	0
123.973398	200	204	4	6251	727736	754086	1	0
123.979186	200	204	4	6251	727736	754086	1	0
123.988052	200	204	4	6251	727736	754086	1	0
123.994835	200	204	4	6251	727736	754086	1	0
124.006969	200	204	4	6251	727736	754086	1	0
124.020078	200	204	4	6252	727736	754086	1	0
124.035146	200	204	4	6252	727736	754086	1	0
124.047244	200	204	4	6252	727736	754086	1	0
124.054272	200	204	4	6252	727736	754086	1	0
124.067565	200	204	4	6252	727736	754086	1	0
124.082629	200	204	4	6252	727736	754086	1	0
124.096074	200	204	4	6252	727736	754086	1	0
124.108505	200	204	4	6253	727736	754086	1	0
124.114935	200	204	4	6253	727736	754086	1	0
124.122336	200	204	4	6253	727736	754086	1	0
124.128376	200	204	4	6253	727736	754086	1	0
124.133557	200	204	4	6253	727736	754086	1	0
124.146684	200	204	4	6253	727736	754086	1	0
124.159668	200	204	4	6253	727736	754086	1	0
124.168450	200	204	4	6253	727736	754086	1	0
124.177234	200	204	4	6253	727736	754086	1	0
124.190675	200	204	4	6253	727736	754086	1	0
124.197343	200	204	4	6253	727736	754086	1	0
124.210879	200	204	4	6254	727736	754086	1	0
124.218895	200	204	4	6254	727736	754086	1	0
124.228801	200	204	4	6254	727736	754086	1	0
124.237047	200	204	4	6254	727736	754086	1	0
124.247758	200	204	4	6254	727736	754086	1	0
124.259673	200	204	4	6254	727736	754086	1	0
124.273603	200	204	4	6254	727736	754086	1	0
124.285980	200	204	4	6254	727736	754086	1	0
124.298069	200	204	4	6254	727736	754086	1	0
124.304677	200	204	4	6254	727736	754086	1	0
124.313636	200	204	4	6254	727736	754086	1	0
124.319657	200	204	4	6254	727736	754086	1	0
124.329241	200	204	4	6254	727736	754086	1	0
124.338693	200	204	4	6255	727736	754086	1	0
124.346872	200	204	4	6255	727736	754086	1	0
124.358729	200	204	4	6255	727736	754086	1	0
124.368009	200	204	4	6255	727736	754086	1	0
124.377426	200	204	4	6255	727736	754086	1	0
124.385617	200	204	4	6255	727736	754086	1	0
124.397195	200	204	4	6255	727736	754086	1	0
124.408798	200	204	4	6255	727736	754086	1	0
124.415035	200	204	4	6255	727736	754086	1	0
124.422468	200	204	4	6255	727736	754086	1	0
124.437347	200	204	4	6255	727736	754086	1	0
124.452304	200	204	4	6256	727736	754086	1	0
124.464587	200	204	4	6256	727736	754086	1	0
124.472823	200	204	4	6256	727736	754086	1	0
124.484739	200	204	4	6256	727736	754086	1	0
124.491997	200	204	4	6256	727736	754086	1	0
124.503804	200	204	4	6256	727736	754086	1	0
124.511235	200	204	4	6256	727736	754086	1	0
124.523493	200	204	4	6256	727736	754086	1	0
124.534123	200	204	4	6256	727736	754086	1	0
124.542743	200	204	4	6256	727736	754086	1	0
124.548901	200	204	4	6256	727736	754086	1	0
124.555944	200	204	4	6256	727736	754086	1	0
124.571032	200	204	4	6256	727736	754086	1	0
124.585796	200	204	4	6256	727736	754086	1	0
124.593033	200	204	4	6256	727736	754086	1	0
124.606138	200	204	4	6256	727736	754086	1	0
124.619620	200	204	4	6256	727736	754086	1	0
124.627552	200	204	4	6256	727736	754086	1	0
124.638360	200	204	4	6256	727736	754086	1	0
124.645845	200	204	4	6256	727736	754086	1	0
124.658590	200	204	4	6256	727736	754086	1	0
124.670859	200	204	4	6256	727736	754086	1	0
124.684834	200	204	4	6256	727736	754086	1	0
124.691528	200	204	4	6256	727736	754086	1	0
124.699311	200	204	4	6256	727736	754086	1	0
124.707266	200	204	4	6256	727736	754086	1	0
124.721018	200	204	4	6256	727736	754086	1	0
124.734390	200	204	4	6256	727736	754086	1	0
124.748394	200	204	4	6256	727736	754086	1	0
124.758326	200	204	4	6256	727736	754086	1	0
124.770096	200	204	4	6256	727736	754086	1	0
124.783791	200	204	4	6256	727736	754086	1	0
124.798364	200	204	4	6256	727736	754086	1	0
124.813010	200	204	4	6256	727736	754086	1	0
124.828059	200	204	4	6256	727736	754086	1	0
124.839166	200	204	4	6256	727736	754086	1	0
124.848216	200	204	4	6256	727736	754086	1	0
124.855210	200	204	4	6256	727736	754086	1	0
124.868532	200	204	4	6256	727736	754086	1	0
124.875306	200	204	4	6256	727736	754086	1	0
124.886564	200	204	4	6256	727736	754086	1	0
124.894489	200	204	4	6256	727736	754086	1	0
124.908164	200	204	4	6256	727736	754086	1	0
124.920832	200	204	4	6256	727736	754086	1	0
124.933872	200	204	4	6256	727736	754086	1	0
124.939349	200	204	4	6256	727736	754086	1	0
124.950498	200	204	4	6256	727736	754086	1	0
124.961170	200	204	4	6256	727736	754086	1	0
124.970937	200	204	4	6256	727736	754086	1	0
124.976140	200	204	4	6256	727736	754086	1	0
124.987711	200	204	4	6256	727736	754086	1	0
124.998121	200	204	4	6256	727736	754086	1	0
125.006187	200	204	4	6256	727736	754086	1	0
125.016090	200	204	4	6256	727736	754086	1	0
125.028997	200	204	4	6256	727736	754086	1	0
125.037272	200	204	4	6256	727736	754086	1	0
125.044847	200	204	4	6256	727736	754086	1	0
125.051927	200	204	4	6256	727736	754086	1	0
125.057776	200	204	4	6256	727736	754086	1	0
125.065550	200	204	4	6256	727736	754086	1	0
125.072344	200	204	4	6256	727736	754086	1	0
125.081974	200	204	4	6256	727736	754086	1	0
125.094062	200	204	4	6256	727736	754086	1	0
125.100895	200	204	4	6256	727736	754086	1	0
125.113712	200	204	4	6256	727736	754086	1	0
125.126670	200	204	4	6256	727736	754086	1	0
125.134205	200	204	4	6256	727736	754086	1	0
125.145627	200	204	4	6256	727736	754086	1	0
125.157568	200	204	4	6256	727736	754086	1	0
125.164376	200	204	4	6256	727736	754086	1	0
125.178498	200	204	4	6256	727736	754086	1	0
125.185239	200	204	4	6256	727736	754086	1	0
125.192339	200	204	4	6256	727736	754086	1	0
125.200009	200	204	4	6256	727736	754086	1	0
125.205433	200	204	4	6256	727736	754086	1	0
125.214724	200	204	4	6256	727736	754086	1	0
125.229865	200	204	4	6256	727736	754086	1	0
125.238627	200	204	4	6256	727736	754086	1	0
125.252291	200	204	4	6256	727736	754086	1	0
125.262945	200	204	4	6256	727736	754086	1	0
125.271970	200	204	4	6256	727736	754086	1	0
125.277543	200	204	4	6256	727736	754086	1	0
125.288236	200	204	4	6256	727756	754086	1	0
125.301111	200	204	4	6256	727756	754086	1	0
125.313805	200	204	4	6256	727756	754086	1	0
125.322801	200	204	4	6256	727756	754086	1	0
125.329228	200	204	4	6256	727756	754086	1	0
125.334616	200	204	4	6256	727756	754086	1	0
125.341876	200	204	4	6256	727756	754086	1	0
125.353121	200	204	4	6256	727756	754086	1	0
125.365967	200	204	4	6256	727756	754086	1	0
125.378495	200	204	4	6257	727756	754086	1	0
125.390359	200	204	4	6257	727756	754086	1	0
125.400401	200	204	4	6257	727756	754086	1	0
125.412352	200	204	4	6257	727756	754086	1	0
125.422226	200	204	4	6257	727756	754086	1	0
125.431394	200	204	4	6257	727756	754086	1	0
125.441441	200	204	4	6257	727756	754086	1	0
125.450072	200	204	4	6257	727756	754086	1	0
125.457520	200	204	4	6257	727756	754086	1	0
125.466691	200	204	4	6257	727756	754086	1	0
125.473752	200	204	4	6257	727756	754086	1	0
125.484424	200	204	4	6257	727756	754086	1	0
125.497613	200	204	4	6257	727756	754086	1	0
125.510063	200	204	4	6257	727756	754086	1	0
125.515268	200	204	4	6257	727756	754086	1	0
125.524916	200	204	4	6257	727756	754086	1	0
125.534470	200	204	4	6258	727756	754086	1	0
125.540320	200	204	4	6258	727756	754086	1	0
125.551192	200	204	4	6258	727756	754086	1	0
125.565871	200	204	4	6258	727756	754086	1	0
125.574975	200	204	4	6258	727756	754086	1	0
125.584589	200	204	4	6258	727756	754086	1	0
125.594123	200	204	4	6258	727756	754086	1	0
125.609285	200	204	4	6258	727756	754086	1	0
125.616422	200	204	4	6258	727756	754086	1	0
125.623743	200	204	4	6258	727756	754086	1	0
125.629793	200	204	4	6258	727756	754086	1	0
125.643634	200	204	4	6258	727756	754086	1	0
125.655900	200	204	4	6258	727756	754086	1	0
125.668718	200	204	4	6258	727756	754086	1	0
125.679696	200	204	4	6258	727756	754086	1	0
125.692684	200	204	4	6258	727756	754086	1	0
125.700459	200	204	4	6258	727756	754086	1	0
125.715486	200	204	4	6259	727756	754086	1	0
125.724530	200	204	4	6259	727756	754086	1	0
125.736412	200	204	4	6259	727756	754086	1	0
125.747539	200	204	4	6259	727756	754086	1	0
125.755999	200	204	4	6259	727756	754086	1	0
125.761500	200	204	4	6259	727756	754086	1	0
125.769896	200	204	4	6259	727756	754086	1	0
125.783177	200	204	4	6259	727756	754086	1	0
125.795231	200	204	4	6259	727756	754086	1	0
125.806169	200	204	4	6259	727756	754086	1	0
125.821131	200	204	4	6259	727756	754086	1	0
125.830672	200	204	4	6259	727756	754086	1	0
125.840307	200	204	4	6259	727756	754086	1	0
125.847683	200	204	4	6259	727756	754086	1	0
125.859022	200	204	4	6259	727756	754086	1	0
125.867287	200	204	4	6259	727756	754086	1	0
125.874969	200	204	4	6259	727756	754086	1	0
125.886581	200	204	4	6259	727756	754086	1	0
125.897694	200	204	4	6259	727756	754086	1	0
125.906949	200	204	4	6260	727756	754086	1	0
125.917512	200	204	4	6260	727756	754086	1	0
125.927099	200	204	4	6260	727756	754086	1	0
125.934116	200	204	4	6260	727756	754086	1	0
125.944605	200	204	4	6260	727756	754086	1	0
125.954712	200	204	4	6260	727756	754086	1	0
125.968871	200	204	4	6260	727756	754086	1	0
125.975712	200	204	4	6260	727756	754086	1	0
125.986188	200	204	4	6260	727756	754086	1	0
126.000741	200	204	4	6260	727756	754086	1	0
126.012302	200	204	4	6260	727756	754086	1	0
126.021167	200	204	4	6260	727756	754086	1	0
126.030387	200	204	4	6260	727756	754086	1	0
126.043589	200	204	4	6260	727756	754086	1	0
126.054499	200	204	4	6260	727756	754086	1	0
126.067331	200	204	4	6260	727756	754086	1	0
126.077144	200	204	4	6260	727756	754086	1	0
126.087055	200	204	4	6260	727756	754086	1	0
126.098763	200	204	4	6261	727756	754086	1	0
126.106618	200	204	4	6261	727756	754086	1	0
126.112164	200	204	4	6261	727756	754086	1	0
126.122872	200	204	4	6261	727756	754086	1	0
126.129236	200	204	4	6261	727756	754086	1	0
126.142203	200	204	4	6261	727756	754086	1	0
126.149699	200	204	4	6261	727756	754086	1	0
126.160455	200	204	4	6261	727756	754086	1	0
126.172792	200	204	4	6261	727756	754086	1	0
126.181066	200	204	4	6261	727756	754086	1	0
126.187014	200	204	4	6261	727756	754086	1	0
126.193965	200	204	4	6261	727756	754086	1	0
126.203124	200	204	4	6261	727756	754086	1	0
126.217459	200	204	4	6261	727756	754086	1	0
126.226948	200	204	4	6261	727756	754086	1	0
126.239314	200	204	4	6261	727756	754086	1	0
126.244616	200	204	4	6261	727756	754086	1	0
126.253873	200	204	4	6261	727756	754086	1	0
126.268160	200	204	4	6261	727756	754086	1	0
126.283214	200	204	4	6262	727756	754086	1	0
126.290271	200	204	4	6262	727756	754086	1	0
126.297440	200	204	4	6262	727756	754086	1	0
126.306109	200	204	4	6262	727756	754086	1	0
126.316765	200	204	4	6262	727756	754086	1	0
126.324031	200	204	4	6262	727756	754086	1	0
126.331908	200	204	4	6262	727756	754086	1	0
126.343364	200	204	4	6262	727756	754086	1	0
126.352453	200	204	4	6262	727756	754086	1	0
126.358165	200	204	4	6262	727756	754086	1	0
126.368338	200	204	4	6262	727756	754086	1	0
126.379764	200	204	4	6262	727756	754086	1	0
126.386716	200	204	4	6262	727756	754086	1	0
126.393271	200	204	4	6262	727756	754086	1	0
126.402541	200	204	4	6262	727756	754086	1	0
126.411937	200	204	4	6262	727756	754086	1	0
126.420549	200	204	4	6262	727756	754086	1	0
126.426021	200	204	4	6262	727756	754086	1	0
126.431901	200	204	4	6262	727756	754086	1	0
126.445703	200	204	4	6262	727756	754086	1	0
126.458532	200	204	4	6262	727756	754086	1	0
126.469822	200	204	4	6262	727756	754086	1	0
126.479632	200	204	4	6262	727756	754086	1	0
126.489108	200	204	4	6263	727756	754086	1	0
126.503488	200	204	4	6263	727756	754086	1	0
126.511639	200	204	4	6263	727756	754086	1	0
126.523479	200	204	4	6263	727756	754086	1	0
126.529105	200	204	4	6263	727756	754086	1	0
126.541481	200	204	4	6263	727756	754086	1	0
126.555482	200	204	4	6263	727756	754086	1	0
126.565482	200	204	4	6263	727756	754086	1	0
126.571795	200	204	4	6263	727756	754086	1	0
126.585723	200	204	4	6263	727756	754086	1	0
126.591375	200	204	4	6263	727756	754086	1	0
126.602506	200	204	4	6263	727756	754086	1	0
126.612857	200	204	4	6263	727756	754086	1	0
126.623072	200	204	4	6263	727756	754086	1	0
126.633887	200	204	4	6263	727756	754086	1	0
126.647386	200	204	4	6263	727756	754086	1	0
126.658823	200	204	4	6263	727756	754086	1	0
126.664869	200	204	4	6263	727756	754086	1	0
126.677335	200	204	4	6263	727756	754086	1	0
126.687352	200	204	4	6263	727756	754086	1	0
126.696275	200	204	4	6263	727756	754086	1	0
126.705987	200	204	4	6263	727756	754086	1	0
126.711950	200	204	4	6263	727756	754086	1	0
126.724818	200	204	4	6264	727756	754086	1	0
126.739151	200	204	4	6264	727756	754086	1	0
126.745143	200	204	4	6264	727756	754086	1	0
126.753423	200	204	4	6264	727756	754086	1	0
126.762924	200	204	4	6264	727756	754086	1	0
126.777925	200	204	4	6264	727756	754086	1	0
126.786458	200	204	4	6264	727756	754086	1	0
126.801107	200	204	4	6264	727756	754086	1	0
126.807731	200	204	4	6264	727756	754086	1	0
126.814195	200	204	4	6264	727756	754086	1	0
126.827779	200	204	4	6264	727756	754086	1	0
126.840658	200	204	4	6264	727756	754086	1	0
126.854398	200	204	4	6264	727756	754086	1	0
126.862539	200	204	4	6264	727756	754086	1	0
126.876308	200	204	4	6264	727756	754086	1	0
126.881872	200	204	4	6264	727756	754086	1	0
126.889031	200	204	4	6264	727756	754086	1	0
126.897238	200	204	4	6264	727756	754086	1	0
126.910920	200	204	4	6264	727756	754086	1	0
126.918950	200	204	4	6264	727756	754086	1	0
126.929807	200	204	4	6264	727756	754086	1	0
126.941167	200	204	4	6264	727756	754086	1	0
126.946966	200	204	4	6264	727756	754086	1	0
126.960507	200	204	4	6264	727756	754086	1	0
126.972503	200	204	4	6264	727756	754086	1	0
126.984139	200	204	4	6264	727756	754086	1	0
126.994707	200	204	4	6264	727756	754086	1	0
127.006020	200	204	4	6264	727756	754086	1	0
127.012585	200	204	4	6264	727756	754086	1	0
127.018613	200	204	4	6264	727756	754086	1	0
127.031565	200	204	4	6264	727756	754086	1	0
127.040843	200	204	4	6264	727756	754086	1	0
127.052396	200	204	4	6264	727756	754086	1	0
127.058973	200	204	4	6264	727756	754086	1	0
127.066942	200	204	4	6264	727756	754086	1	0
127.081742	200	204	4	6264	727756	754086	1	0
127.090913	200	204	4	6264	727756	754086	1	0
127.098954	200	204	4	6264	727756	754086	1	0
127.106813	200	204	4	6264	727756	754086	1	0
127.112514	200	204	4	6264	727756	754086	1	0
127.120390	200	204	4	6264	727756	754086	1	0
127.132784	200	204	4	6264	727756	754086	1	0
127.138109	200	204	4	6264	727756	754086	1	0
127.152180	200	204	4	6264	727756	754086	1	0
127.162000	200	204	4	6264	727756	754086	1	0
127.168416	200	204	4	6264	727756	754086	1	0
127.181720	200	204	4	6264	727756	754086	1	0
127.194266	200	204	4	6264	727756	754086	1	0
127.205699	200	204	4	6264	727756	754086	1	0
127.213365	200	204	4	6264	727756	754086	1	0
127.220268	200	204	4	6264	727756	754086	1	0
127.231880	200	204	4	6264	727756	754086	1	0
127.246726	200	204	4	6264	727756	754086	1	0
127.254477	200	204	4	6264	727756	754086	1	0
127.268948	200	204	4	6264	727756	754086	1	0
127.277710	200	204	4	6264	727756	754086	1	0
127.288292	200	204	4	6264	727756	754086	1	0
127.301578	200	204	4	6264	727756	754086	1	0
127.309125	200	204	4	6264	727756	754086	1	0
127.314987	200	204	4	6264	727756	754086	1	0
127.325929	200	204	4	6264	727756	754086	1	0
127.339926	200	204	4	6264	727756	754086	1	0
127.347794	200	204	4	6264	727756	754086	1	0
127.357510	200	204	4	6264	727756	754086	1	0
127.363765	200	204	4	6264	727756	754086	1	0
127.372333	200	204	4	6264	727756	754086	1	0
127.380642	200	204	4	6264	727756	754086	1	0
127.388654	200	204	4	6264	727756	754086	1	0
127.398029	200	204	4	6264	727756	754086	1	0
127.408781	200	204	4	6264	727756	754086	1	0
127.418575	200	204	4	6264	727756	754086	1	0
127.426434	200	204	4	6264	727756	754086	1	0
127.435409	200	204	4	6264	727756	754086	1	0
127.445030	200	204	4	6264	727756	754086	1	0
127.459099	200	204	4	6264	727756	754086	1	0
127.468701	200	204	4	6264	727756	754086	1	0
127.474768	200	204	4	6264	727756	754086	1	0
127.483924	200	204	4	6264	727756	754086	1	0
127.496589	200	204	4	6264	727756	754086	1	0
127.503600	200	204	4	6264	727756	754086	1	0
127.512883	200	204	4	6264	727756	754086	1	0
127.523504	200	204	4	6264	727756	754086	1	0
127.535820	200	204	4	6264	727756	754086	1	0
127.549095	200	204	4	6264	727756	754086	1	0
127.563208	200	204	4	6264	727756	754086	1	0
127.574818	200	204	4	6264	727756	754086	1	0
127.585690	200	204	4	6264	727756	754086	1	0
127.594733	200	204	4	6264	727756	754086	1	0
127.606612	200	204	4	6264	727756	754086	1	0
127.620490	200	204	4	6264	727756	754086	1	0
127.633139	200	204	4	6264	727756	754086	1	0
127.644868	200	204	4	6264	727756	754086	1	0
127.652387	200	204	4	6264	727756	754086	1	0
127.661603	200	204	4	6264	727756	754086	1	0
127.670004	200	204	4	6264	727756	754086	1	0
127.685109	200	204	4	6264	727756	754086	1	0
127.694717	200	204	4	6264	727756	754086	1	0
127.700860	200	204	4	6264	727756	754086	1	0
127.711874	200	204	4	6264	727756	754086	1	0
127.717328	200	204	4	6264	727756	754086	1	0
127.731350	200	204	4	6264	727756	754086	1	0
127.737951	200	204	4	6264	727756	754086	1	0
127.746801	200	204	4	6264	727756	754086	1	0
127.755292	200	204	4	6264	727756	754086	1	0
127.768494	200	204	4	6264	727756	754086	1	0
127.780608	200	204	4	6264	727756	754086	1	0
127.793583	200	204	4	6264	727756	754086	1	0
127.804707	200	204	4	6264	727756	754086	1	0
127.816484	200	204	4	6264	727756	754086	1	0
127.826457	200	204	4	6264	727756	754086	1	0
127.838124	200	204	4	6264	727756	754086	1	0
127.844546	200	204	4	6264	727756	754086	1	0
127.856821	200	204	4	6264	727756	754086	1	0
127.870007	200	204	4	6264	727756	754086	1	0
127.875805	200	204	4	6264	727756	754086	1	0
127.889634	200	204	4	6264	727756	754086	1	0
127.900123	200	204	4	6264	727756	754086	1	0
127.908075	200	204	4	6264	727756	754086	1	0
127.921142	200	204	4	6264	727756	754086	1	0
127.930678	200	204	4	6264	727756	754086	1	0
127.941081	200	204	4	6264	727756	754086	1	0
127.948985	200	204	4	6264	727756	754086	1	0
127.955014	200	204	4	6264	727756	754086	1	0
127.966019	200	204	4	6264	727756	754086	1	0
127.976524	200	204	4	6264	727756	754086	1	0
127.984654	200	204	4	6264	727756	754086	1	0
127.990143	200	204	4	6264	727756	754086	1	0
127.997707	200	204	4	6264	727756	754086	1	0
128.004614	200	204	4	6264	727756	754086	1	0
128.015192	200	204	4	6264	727756	754086	1	0
128.026691	200	204	4	6264	727756	754086	1	0
128.040592	200	204	4	6264	727756	754086	1	0
128.054614	200	204	4	6264	727756	754086	1	0
128.062009	200	204	4	6264	727756	754086	1	0
128.071214	200	204	4	6264	727756	754086	1	0
128.080664	200	204	4	6264	727756	754086	1	0
128.092937	200	204	4	6264	727756	754086	1	0
128.101223	200	204	4	6264	727756	754086	1	0
128.110104	200	204	4	6264	727756	754086	1	0
128.119246	200	204	4	6264	727756	754086	1	0
128.125209	200	204	4	6264	727756	754086	1	0
128.131752	200	204	4	6264	727756	754086	1	0
128.146694	200	204	4	6264	727756	754086	1	0
128.154849	200	204	4	6264	727756	754086	1	0
128.166190	200	204	4	6264	727756	754086	1	0
128.171550	200	204	4	6264	727756	754086	1	0
128.177521	200	204	4	6264	727756	754086	1	0
128.188830	200	204	4	6264	727756	754086	1	0
128.196214	200	204	4	6264	727756	754086	1	0
128.203152	200	204	4	6264	727756	754086	1	0
128.216134	200	204	4	6264	727756	754086	1	0
128.223567	200	204	4	6264	727756	754086	1	0
128.230586	200	204	4	6264	727756	754086	1	0
128.237751	200	204	4	6264	727756	754086	1	0
128.243345	200	204	4	6264	727756	754086	1	0
128.255744	200	204	4	6264	727756	754086	1	0
128.266431	200	204	4	6264	727756	754086	1	0
128.273163	200	204	4	6264	727756	754086	1	0
128.282297	200	204	4	6264	727756	754086	1	0
128.297027	200	204	4	6264	727756	754086	1	0
128.306583	200	204	4	6264	727756	754086	1	0
128.314314	200	204	4	6264	727756	754086	1	0
128.319824	200	204	4	6264	727756	754086	1	0
128.327256	200	204	4	6264	727756	754086	1	0
128.339731	200	204	4	6264	727756	754086	1	0
128.348323	200	204	4	6264	727756	754086	1	0
128.361678	200	204	4	6264	727780	754086	1	0
128.375982	200	204	4	6264	727780	754086	1	0
128.384976	200	204	4	6264	727780	754086	1	0
128.391417	200	204	4	6264	727780	754086	1	0
128.406335	200	204	4	6264	727780	754086	1	0
128.418081	200	204	4	6264	727780	754086	1	0
128.431355	200	204	4	6264	727780	754086	1	0
128.442972	200	204	4	6264	727780	754086	1	0
128.449770	200	204	4	6264	727780	754086	1	0
128.458762	200	204	4	6264	727780	754086	1	0
128.469601	200	204	4	6264	727780	754086	1	0
128.483637	200	204	4	6264	727780	754086	1	0
128.497003	200	204	4	6264	727780	754086	1	0
128.503167	200	204	4	6264	727780	754086	1	0
128.513077	200	204	4	6264	727780	754086	1	0
128.520877	200	204	4	6264	727780	754086	1	0
128.527020	200	204	4	6264	727780	754086	1	0
128.540011	200	204	4	6265	727780	754086	1	0
128.546356	200	204	4	6265	727780	754086	1	0
128.557286	200	204	4	6265	727780	754086	1	0
128.565108	200	204	4	6265	727780	754086	1	0
128.578706	200	204	4	6265	727780	754086	1	0
128.587511	200	204	4	6265	727780	754086	1	0
128.596231	200	204	4	6265	727780	754086	1	0
128.607718	200	204	4	6265	727780	754086	1	0
128.622121	200	204	4	6265	727780	754086	1	0
128.631532	200	204	4	6265	727780	754086	1	0
128.637945	200	204	4	6265	727780	754086	1	0
128.649499	200	204	4	6265	727780	754086	1	0
128.656065	200	204	4	6265	727780	754086	1	0
128.668301	200	204	4	6265	727780	754086	1	0
128.677950	200	204	4	6265	727780	754086	1	0
128.683401	200	204	4	6265	727780	754086	1	0
128.690432	200	204	4	6265	727780	754086	1	0
128.701310	200	204	4	6265	727780	754086	1	0
128.710260	200	204	4	6265	727780	754086	1	0
128.719122	200	204	4	6265	727780	754086	1	0
128.725331	200	204	4	6265	727780	754086	1	0
128.739127	200	204	4	6265	727780	754086	1	0
128.749903	200	204	4	6265	727780	754086	1	0
128.763677	200	204	4	6265	727780	754086	1	0
128.772949	200	204	4	6265	727780	754086	1	0
128.781696	200	204	4	6265	727780	754086	1	0
128.790960	200	204	4	6265	727780	754086	1	0
128.804856	200	204	4	6265	727780	754086	1	0
128.819480	200	204	4	6266	727780	754086	1	0
128.827395	200	204	4	6266	727780	754086	1	0
128.841186	200	204	4	6266	727780	754086	1	0
128.850692	200	204	4	6266	727780	754086	1	0
128.864288	200	204	4	6266	727780	754086	1	0
128.870596	200	204	4	6266	727780	754086	1	0
128.881405	200	204	4	6266	727780	754086	1	0
128.892374	200	204	4	6266	727780	754086	1	0
128.899279	200	204	4	6266	727780	754086	1	0
128.908816	200	204	4	6266	727780	754086	1	0
128.922607	200	204	4	6266	727780	754086	1	0
128.930965	200	204	4	6266	727780	754086	1	0
128.943737	200	204	4	6266	727780	754086	1	0
128.954418	200	204	4	6266	727780	754086	1	0
128.969086	200	204	4	6266	727780	754086	1	0
128.980113	200	204	4	6266	727780	754086	1	0
128.988389	200	204	4	6266	727780	754086	1	0
128.996469	200	204	4	6266	727780	754086	1	0
129.007740	200	204	4	6266	727780	754086	1	0
129.015042	200	204	4	6266	727780	754086	1	0
129.025661	200	204	4	6266	727780	754086	1	0
129.038885	200	204	4	6266	727780	754086	1	0
129.052280	200	204	4	6266	727780	754086	1	0
129.065908	200	204	4	6266	727780	754086	1	0
129.077286	200	204	4	6266	727780	754086	1	0
129.082677	200	204	4	6266	727780	754086	1	0
129.090680	200	204	4	6266	727780	754086	1	0
129.099051	200	204	4	6266	727780	754086	1	0
129.108919	200	204	4	6266	727780	754086	1	0
129.117517	200	204	4	6267	727780	754086	1	0
129.125730	200	204	4	6267	727780	754086	1	0
129.138507	200	204	4	6267	727780	754086	1	0
129.146162	200	204	4	6267	727780	754086	1	0
129.155756	200	204	4	6267	727780	754086	1	0
129.162206	200	204	4	6267	727780	754086	1	0
129.172946	200	204	4	6267	727780	754086	1	0
129.187516	200	204	4	6267	727780	754086	1	0
129.198828	200	204	4	6267	727780	754086	1	0
129.204763	200	204	4	6267	727780	754086	1	0
129.214137	200	204	4	6267	727780	754086	1	0
129.221111	200	204	4	6267	727780	754086	1	0
129.226626	200	204	4	6267	727780	754086	1	0
129.236019	200	204	4	6267	727780	754086	1	0
129.250311	200	204	4	6267	727780	754086	1	0
129.263164	200	204	4	6267	727780	754086	1	0
129.272119	200	204	4	6267	727780	754086	1	0
129.277337	200	204	4	6267	727780	754086	1	0
129.291677	200	204	4	6267	727780	754086	1	0
129.301417	200	204	4	6267	727780	754086	1	0
129.316316	200	204	4	6267	727780	754086	1	0
129.325438	200	204	4	6267	727780	754086	1	0
129.335677	200	204	4	6267	727780	754086	1	0
129.346123	200	204	4	6267	727780	754086	1	0
129.353379	200	204	4	6267	727780	754086	1	0
129.367407	200	204	4	6267	727780	754086	1	0
129.376095	200	204	4	6267	727780	754086	1	0
129.384275	200	204	4	6267	727780	754086	1	0
129.398254	200	204	4	6268	727780	754086	1	0
129.403587	200	204	4	6268	727780	754086	1	0
129.409211	200	204	4	6268	727780	754086	1	0
129.416932	200	204	4	6268	727780	754086	1	0
129.424848	200	204	4	6268	727780	754086	1	0
129.430530	200	204	4	6268	727780	754086	1	0
129.437876	200	204	4	6268	727780	754086	1	0
129.448994	200	204	4	6268	727780	754086	1	0
129.458849	200	204	4	6268	727780	754086	1	0
129.465073	200	204	4	6268	727780	754086	1	0
129.476366	200	204	4	6268	727780	754086	1	0
129.481892	200	204	4	6268	727780	754086	1	0
129.490067	200	204	4	6268	727780	754086	1	0
129.500616	200	204	4	6268	727780	754086	1	0
129.515375	200	204	4	6268	727780	754086	1	0
129.526879	200	204	4	6268	727780	754086	1	0
129.536026	200	204	4	6268	727780	754086	1	0
129.546090	200	204	4	6268	727780	754086	1	0
129.552529	200	204	4	6268	727780	754086	1	0
129.560144	200	204	4	6268	727780	754086	1	0
129.573927	200	204	4	6268	727780	754086	1	0
129.585172	200	204	4	6268	727780	754086	1	0
129.598918	200	204	4	6268	727780	754086	1	0
129.612211	200	204	4	6268	727780	754086	1	0
129.626977	200	204	4	6268	727780	754086	1	0
129.637387	200	204	4	6268	727780	754086	1	0
129.651467	200	204	4	6268	727780	754086	1	0
129.661131	200	204	4	6269	727780	754086	1	0
129.666778	200	204	4	6269	727780	754086	1	0
129.672571	200	204	4	6269	727780	754086	1	0
129.685974	200	204	4	6269	727780	754086	1	0
129.694735	200	204	4	6269	727780	754086	1	0
129.701245	200	204	4	6269	727780	754086	1	0
129.711188	200	204	4	6269	727780	754086	1	0
129.725337	200	204	4	6269	727780	754086	1	0
129.734142	200	204	4	6269	727780	754086	1	0
129.741514	200	204	4	6269	727780	754086	1	0
129.751309	200	204	4	6269	727780	754086	1	0
129.763486	200	204	4	6269	727780	754086	1	0
129.775458	200	204	4	6269	727780	754086	1	0
129.790634	200	204	4	6269	727780	754086	1	0
129.801865	200	204	4	6269	727780	754086	1	0
129.811212	200	204	4	6269	727780	754086	1	0
129.818242	200	204	4	6269	727780	754086	1	0
129.829221	200	204	4	6269	727780	754086	1	0
129.839088	200	204	4	6269	727780	754086	1	0
129.854207	200	204	4	6269	727780	754086	1	0
129.869212	200	204	4	6269	727780	754086	1	0
129.881679	200	204	4	6269	727780	754086	1	0
129.894754	200	204	4	6269	727780	754086	1	0
129.909342	200	204	4	6269	727780	754086	1	0
129.919101	200	204	4	6269	727780	754086	1	0
129.925348	200	204	4	6269	727780	754086	1	0
129.935325	200	204	4	6269	727780	754086	1	0
129.941655	200	204	4	6269	727780	754086	1	0
129.951232	200	204	4	6270	727780	754086	1	0
129.961739	200	204	4	6270	727780	754086	1	0
129.972760	200	204	4	6270	727780	754086	1	0
129.978235	200	204	4	6270	727780	754086	1	0
129.992084	200	204	4	6270	727780	754086	1	0
130.001592	200	204	4	6270	727780	754086	1	0
130.012988	200	204	4	6270	727780	754086	1	0
130.021221	200	204	4	6270	727780	754086	1	0
130.032565	200	204	4	6270	727780	754086	1	0
130.047156	200	204	4	6270	727780	754086	1	0
130.060776	200	204	4	6270	727780	754086	1	0
130.073928	200	204	4	6270	727780	754086	1	0
130.082685	200	204	4	6270	727780	754086	1	0
130.090181	200	204	4	6270	727780	754086	1	0
130.096826	200	204	4	6270	727780	754086	1	0
130.108997	200	204	4	6270	727780	754086	1	0
130.116065	200	204	4	6270	727780	754086	1	0
130.130402	200	204	4	6270	727780	754086	1	0
130.139766	200	204	4	6270	727780	754086	1	0
130.145987	200	204	4	6270	727780	754086	1	0
130.157328	200	204	4	6270	727780	754086	1	0
130.167545	200	204	4	6270	727780	754086	1	0
130.182674	200	204	4	6270	727780	754086	1	0
130.191770	200	204	4	6270	727780	754086	1	0
130.206733	200	204	4	6270	727780	754086	1	0
130.215543	200	204	4	6270	727780	754086	1	0
130.229794	200	204	4	6270	727780	754086	1	0
130.243510	200	204	4	6271	727780	754086	1	0
130.253233	200	204	4	6271	727780	754086	1	0
130.263728	200	204	4	6271	727780	754086	1	0
130.277440	200	204	4	6271	727780	754086	1	0
130.289412	200	204	4	6271	727780	754086	1	0
130.299892	200	204	4	6271	727780	754086	1	0
130.305712	200	204	4	6271	727780	754086	1	0
130.312604	200	204	4	6271	727780	754086	1	0
130.323282	200	204	4	6271	727780	754086	1	0
130.331432	200	204	4	6271	727780	754086	1	0
130.344298	200	204	4	6271	727780	754086	1	0
130.351245	200	204	4	6271	727780	754086	1	0
130.362702	200	204	4	6271	727780	754086	1	0
130.377347	200	204	4	6271	727780	754086	1	0
130.387688	200	204	4	6271	727780	754086	1	0
130.400209	200	204	4	6271	727780	754086	1	0
130.411793	200	204	4	6271	727780	754086	1	0
130.425433	200	204	4	6271	727780	754086	1	0
130.437646	200	204	4	6271	727780	754086	1	0
130.449415	200	204	4	6271	727780	754086	1	0
130.454573	200	204	4	6271	727780	754086	1	0
130.461981	200	204	4	6271	727780	754086	1	0
130.473113	200	204	4	6271	727780	754086	1	0
130.479197	200	204	4	6271	727780	754086	1	0
130.489990	200	204	4	6271	727780	754086	1	0
130.498951	200	204	4	6271	727780	754086	1	0
130.504670	200	204	4	6271	727780	754086	1	0
130.517224	200	204	4	6271	727780	754086	1	0
130.525408	200	204	4	6271	727780	754086	1	0
130.534682	200	204	4	6271	727780	754086	1	0
130.543219	200	204	4	6272	727780	754086	1	0
130.552740	200	204	4	6272	727780	754086	1	0
130.558138	200	204	4	6272	727780	754086	1	0
130.567344	200	204	4	6272	727780	754086	1	0
130.579033	200	204	4	6272	727780	754086	1	0
130.587293	200	204	4	6272	727780	754086	1	0
130.595677	200	204	4	6272	727780	754086	1	0
130.605238	200	204	4	6272	727780	754086	1	0
130.610521	200	204	4	6272	727780	754086	1	0
130.624417	200	204	4	6272	727780	754086	1	0
130.636714	200	204	4	6272	727780	754086	1	0
130.643018	200	204	4	6272	727780	754086	1	0
130.656836	200	204	4	6272	727780	754086	1	0
130.669934	200	204	4	6272	727780	754086	1	0
130.679018	200	204	4	6272	727780	754086	1	0
130.687829	200	204	4	6272	727780	754086	1	0
130.701745	200	204	4	6272	727780	754086	1	0
130.710075	200	204	4	6272	727780	754086	1	0
130.722225	200	204	4	6272	727780	754086	1	0
130.730192	200	204	4	6272	727780	754086	1	0
130.742506	200	204	4	6272	727780	754086	1	0
130.750213	200	204	4	6272	727780	754086	1	0
130.760983	200	204	4	6272	727780	754086	1	0
130.768830	200	204	4	6272	727780	754086	1	0
130.776066	200	204	4	6272	727780	754086	1	0
130.784879	200	204	4	6272	727780	754086	1	0
130.796410	200	204	4	6272	727780	754086	1	0
130.811042	200	204	4	6272	727780	754086	1	0
130.823997	200	204	4	6272	727780	754086	1	0
130.833214	200	204	4	6272	727780	754086	1	0
130.846947	200	204	4	6272	727780	754086	1	0
130.853772	200	204	4	6272	727780	754086	1	0
130.861091	200	204	4	6272	727780	754086	1	0
130.875993	200	204	4	6272	727780	754086	1	0
130.887314	200	204	4	6272	727780	754086	1	0
130.901138	200	204	4	6272	727780	754086	1	0
130.908060	200	204	4	6272	727780	754086	1	0
130.920452	200	204	4	6272	727780	754086	1	0
130.928176	200	204	4	6272	727780	754086	1	0
130.942055	200	204	4	6272	727780	754086	1	0
130.952954	200	204	4	6272	727780	754086	1	0
130.958896	200	204	4	6272	727780	754086	1	0
130.972253	200	204	4	6272	727780	754086	1	0
130.980681	200	204	4	6272	727780	754086	1	0
130.987026	200	204	4	6272	727780	754086	1	0
131.001201	200	204	4	6272	727780	754086	1	0
131.006974	200	204	4	6272	727780	754086	1	0
131.014108	200	204	4	6272	727780	754086	1	0
131.025612	200	204	4	6272	727780	754086	1	0
131.037409	200	204	4	6272	727780	754086	1	0
131.052186	200	204	4	6272	727780	754086	1	0
131.059352	200	204	4	6272	727780	754086	1	0
131.068183	200	204	4	6272	727780	754086	1	0
131.079150	200	204	4	6272	727780	754086	1	0
131.092024	200	204	4	6272	727780	754086	1	0
131.103645	200	204	4	6272	727780	754086	1	0
131.110921	200	204	4	6272	727780	754086	1	0
131.118952	200	204	4	6272	727780	754086	1	0
131.125661	200	204	4	6272	727780	754086	1	0
131.131711	200	204	4	6272	727780	754086	1	0
131.142821	200	204	4	6272	727780	754086	1	0
131.157893	200	204	4	6272	727780	754086	1	0
131.167149	200	204	4	6272	727780	754086	1	0
131.182097	200	204	4	6272	727780	754086	1	0
131.188336	200	204	4	6272	727780	754086	1	0
131.201797	200	204	4	6272	727780	754086	1	0
131.210061	200	204	4	6272	727780	754086	1	0
131.216973	200	204	4	6272	727780	754086	1	0
131.231698	200	204	4	6272	727780	754086	1	0
131.245592	200	204	4	6272	727780	754086	1	0
131.252886	200	204	4	6272	727780	754086	1	0
131.266412	200	204	4	6272	727780	754086	1	0
131.277433	200	204	4	6272	727780	754086	1	0
131.288477	200	204	4	6272	727780	754086	1	0
131.294914	200	204	4	6272	727780	754086	1	0
131.309013	200	204	4	6272	727780	754086	1	0
131.318690	200	204	4	6272	727780	754086	1	0
131.324710	200	204	4	6272	727780	754086	1	0
131.330915	200	204	4	6272	727780	754086	1	0
131.343735	200	204	4	6272	727780	754086	1	0
131.354389	200	204	4	6272	727780	754086	1	0
131.368067	200	204	4	6272	727780	754086	1	0
131.378462	200	204	4	6272	727780	754086	1	0
131.390259	200	204	4	6272	727780	754086	1	0
131.401387	200	204	4	6272	727780	754086	1	0
131.410404	200	204	4	6272	727780	754086	1	0
131.423238	200	204	4	6272	727780	754086	1	0
131.434488	200	204	4	6272	727780	754086	1	0
131.443593	200	204	4	6272	727780	754086	1	0
131.454341	200	204	4	6272	727780	754086	1	0
131.466707	200	204	4	6272	727780	754086	1	0
131.472302	200	204	4	6272	727780	754086	1	0
131.479958	200	204	4	6272	727780	754086	1	0
131.493403	200	204	4	6272	727780	754086	1	0
131.506846	200	204	4	6272	727780	754086	1	0
131.518906	200	204	4	6272	727780	754086	1	0
131.529494	200	204	4	6272	727780	754086	1	0
131.536091	200	204	4	6272	727780	754086	1	0
131.547580	200	204	4	6272	727780	754086	1	0
131.553477	200	204	4	6272	727780	754086	1	0
131.560371	200	204	4	6272	727780	754086	1	0
131.570618	200	204	4	6272	727780	754086	1	0
131.582464	200	204	4	6272	727780	754086	1	0
131.590580	200	204	4	6272	727780	754086	1	0
131.603621	200	204	4	6272	727780	754086	1	0
131.609473	200	204	4	6272	727780	754086	1	0
131.615321	200	204	4	6272	727780	754086	1	0
131.626748	200	204	4	6272	727780	754086	1	0
131.640265	200	204	4	6272	727780	754086	1	0
131.653769	200	204	4	6272	727780	754086	1	0
131.661819	200	204	4	6272	727780	754086	1	0
131.676898	200	204	4	6272	727780	754086	1	0
131.690436	200	204	4	6272	727780	754086	1	0
131.702060	200	204	4	6272	727780	754086	1	0
131.715787	200	204	4	6272	727780	754086	1	0
131.723865	200	204	4	6272	727780	754086	1	0
131.731726	200	204	4	6272	727780	754086	1	0
131.738833	200	204	4	6272	727780	754086	1	0
131.746935	200	204	4	6272	727780	754086	1	0
131.757360	200	204	4	6272	727780	754086	1	0
131.764745	200	204	4	6272	727780	754086	1	0
131.778715	200	204	4	6272	727780	754086	1	0
131.791274	200	204	4	6272	727780	754086	1	0
131.796440	200	204	4	6272	727780	754086	1	0
131.806048	200	204	4	6272	727780	754086	1	0
131.813411	200	204	4	6272	727780	754086	1	0
131.819364	200	204	4	6272	727780	754086	1	0
131.830751	200	204	4	6272	727780	754086	1	0
131.836024	200	204	4	6272	727780	754086	1	0
131.843009	200	204	4	6272	727780	754086	1	0
131.848314	200	204	4	6272	727780	754086	1	0
131.862011	200	204	4	6272	727780	754086	1	0
131.874504	200	204	4	6272	727780	754086	1	0
131.880228	200	204	4	6272	727780	754086	1	0
131.887469	200	204	4	6272	727780	754086	1	0
131.896068	200	204	4	6272	727780	754086	1	0
131.905625	200	204	4	6272	727780	754086	1	0
131.914982	200	204	4	6272	727780	754086	1	0
131.925036	200	204	4	6272	727780	754086	1	0
131.934275	200	204	4	6272	727780	754086	1	0
131.942726	200	204	4	6272	727780	754086	1	0
131.948255	200	204	4	6272	727780	754086	1	0
131.960562	200	204	4	6272	727780	754086	1	0
131.969049	200	204	4	6272	727780	754086	1	0
131.982943	200	204	4	6272	727780	754086	1	0
131.991607	200	204	4	6272	727780	754086	1	0
132.001076	200	204	4	6272	727780	754086	1	0
132.014066	200	204	4	6272	727780	754086	1	0
132.026903	200	204	4	6272	727780	754086	1	0
132.040645	200	204	4	6272	727780	754086	1	0
132.050073	200	204	4	6272	727780	754086	1	0
132.058351	200	204	4	6272	727780	754086	1	0
132.073056	200	204	4	6272	727780	754086	1	0
132.082359	200	204	4	6272	727780	754086	1	0
132.092520	200	204	4	6272	727780	754086	1	0
132.100951	200	204	4	6272	727780	754086	1	0
132.109435	200	204	4	6272	727780	754086	1	0
132.119169	200	204	4	6272	727780	754086	1	0
132.124516	200	204	4	6272	727780	754086	1	0
132.135463	200	204	4	6272	727780	754086	1	0
132.142810	200	204	4	6272	727780	754086	1	0
132.156371	200	204	4	6272	727780	754086	1	0
132.162715	200	204	4	6272	727780	754086	1	0
132.177193	200	204	4	6272	727780	754086	1	0
132.191887	200	204	4	6272	727780	754086	1	0
132.200184	200	204	4	6272	727780	754086	1	0
132.214075	200	204	4	6272	727780	754086	1	0
132.221300	200	204	4	6272	727780	754086	1	0
132.230008	200	204	4	6272	727780	754086	1	0
132.239289	200	204	4	6272	727780	754086	1	0
132.248015	200	204	4	6272	727780	754086	1	0
132.254685	200	204	4	6272	727780	754086	1	0
132.263620	200	204	4	6272	727780	754086	1	0
132.275497	200	204	4	6272	727780	754086	1	0
132.282540	200	204	4	6272	727780	754086	1	0
132.292229	200	204	4	6272	727780	754086	1	0
132.307067	200	204	4	6272	727780	754086	1	0
132.320807	200	204	4	6272	727780	754086	1	0
132.332635	200	204	4	6272	727780	754086	1	0
132.344148	200	204	4	6272	727780	754086	1	0
132.352138	200	204	4	6272	727780	754086	1	0
132.366543	200	204	4	6272	727780	754086	1	0
132.376814	200	204	4	6272	727780	754086	1	0
132.383195	200	204	4	6272	727780	754086	1	0
132.394280	200	204	4	6272	727780	754086	1	0
132.409319	200	204	4	6272	727780	754086	1	0
132.421420	200	204	4	6272	727780	754086	1	0
132.431462	200	204	4	6272	727780	754086	1	0
132.437119	200	204	4	6272	727780	754086	1	0
132.445275	200	204	4	6272	727780	754086	1	0
132.455605	200	204	4	6272	727780	754086	1	0
132.463874	200	204	4	6272	727780	754086	1	0
132.477143	200	204	4	6272	727780	754086	1	0
132.482370	200	204	4	6272	727780	754086	1	0
132.490475	200	204	4	6272	727780	754086	1	0
132.503025	200	204	4	6272	727780	754086	1	0
132.511882	200	204	4	6272	727780	754086	1	0
132.520084	200	204	4	6272	727780	754086	1	0
132.534524	200	204	4	6272	727780	754086	1	0
132.540163	200	204	4	6272	727780	754086	1	0
132.552596	200	204	4	6272	727780	754086	1	0
132.559087	200	204	4	6272	727780	754086	1	0
132.571927	200	204	4	6272	727780	754086	1	0
132.586430	200	204	4	6272	727780	754086	1	0
132.597404	200	204	4	6272	727780	754086	1	0
132.607582	200	204	4	6272	727780	754086	1	0
132.621598	200	204	4	6272	727780	754086	1	0
132.636796	200	204	4	6272	727780	754086	1	0
132.650247	200	204	4	6272	727780	754086	1	0
132.660169	200	204	4	6272	727780	754086	1	0
132.665869	200	204	4	6272	727780	754086	1	0
132.674723	200	204	4	6272	727780	754086	1	0
132.685067	200	204	4	6272	727780	754086	1	0
132.693913	200	204	4	6272	727780	754086	1	0
132.708719	200	204	4	6272	727780	754086	1	0
132.719628	200	204	4	6272	727780	754086	1	0
132.725270	200	204	4	6272	727780	754086	1	0
132.736752	200	204	4	6272	727780	754086	1	0
132.745786	200	204	4	6272	727780	754086	1	0
132.760614	200	204	4	6272	727780	754086	1	0
132.769102	200	204	4	6272	727780	754086	1	0
132.774423	200	204	4	6272	727780	754086	1	0
132.783875	200	204	4	6272	727780	754086	1	0
132.795324	200	204	4	6272	727780	754086	1	0
132.804729	200	204	4	6272	727780	754086	1	0
132.810973	200	204	4	6272	727780	754086	1	0
132.822743	200	204	4	6272	727780	754086	1	0
132.836523	200	204	4	6272	727780	754086	1	0
132.849574	200	204	4	6272	727780	754086	1	0
132.856817	200	204	4	6272	727780	754086	1	0
132.866395	200	204	4	6272	727780	754086	1	0
132.883273	200	204	4	6272	727780	754086	1	0
132.897485	200	204	4	6272	727780	754086	1	0
132.908632	200	204	4	6272	727780	754086	1	0
132.921826	200	204	4	6272	727780	754086	1	0
132.932705	200	204	4	6272	727780	754086	1	0
132.943788	200	204	4	6272	727780	754086	1	0
132.952650	200	204	4	6272	727780	754086	1	0
132.967476	200	204	4	6272	727780	754086	1	0
132.979377	200	204	4	6272	727780	754086	1	0
132.992352	200	204	4	6272	727780	754086	1	0
133.006092	200	204	4	6272	727780	754086	1	0
133.019051	200	204	4	6272	727780	754086	1	0
133.032104	200	204	4	6272	727780	754086	1	0
133.039661	200	204	4	6272	727646	754086	1	0
133.044864	200	204	4	6272	727646	754086	1	0
133.053108	200	204	4	6272	727646	754086	1	0
133.063817	200	204	4	6272	727646	754086	1	0
133.071330	200	204	4	6272	727646	754086	1	0
133.079929	200	204	4	6272	727646	754086	1	0
133.090518	200	204	4	6272	727646	754086	1	0
133.097224	200	204	4	6272	727646	754086	1	0
133.105827	200	204	4	6272	727646	754086	1	0
133.118814	200	204	4	6272	727646	754086	1	0
133.124634	200	204	4	6272	727646	754086	1	0
133.132263	200	204	4	6272	727646	754086	1	0
133.142210	200	204	4	6272	727646	754086	1	0
133.151458	200	204	4	6272	727646	754086	1	0
133.165263	200	204	4	6272	727646	754086	1	0
133.175775	200	204	4	6272	727646	754086	1	0
133.182248	200	204	4	6272	727646	754086	1	0
133.196763	200	204	4	6272	727646	754086	1	0
133.203529	200	204	4	6272	727646	754086	1	0
133.213323	200	204	4	6272	727646	754086	1	0
133.227069	200	204	4	6272	727646	754086	1	0
133.235909	200	204	4	6272	727646	754086	1	0
133.246694	200	204	4	6272	727646	754086	1	0
133.254599	200	204	4	6272	727646	754086	1	0
133.263886	200	204	4	6272	727646	754086	1	0
133.275148	200	204	4	6272	727646	754086	1	0
133.283842	200	204	4	6272	727646	754086	1	0
133.297204	200	204	4	6272	727646	754086	1	0
133.309522	200	204	4	6273	727646	754086	1	0
133.319562	200	204	4	6273	727646	754086	1	0
133.330506	200	204	4	6273	727646	754086	1	0
133.337042	200	204	4	6273	727646	754086	1	0
133.348344	200	204	4	6273	727646	754086	1	0
133.361186	200	204	4	6273	727646	754086	1	0
133.374673	200	204	4	6273	727646	754086	1	0
133.381207	200	204	4	6273	727646	754086	1	0
133.389844	200	204	4	6273	727646	754086	1	0
133.398590	200	204	4	6273	727646	754086	1	0
133.404525	200	204	4	6273	727646	754086	1	0
133.410439	200	204	4	6273	727646	754086	1	0
133.423364	200	204	4	6273	727646	754086	1	0
133.431903	200	204	4	6273	727646	754086	1	0
133.442831	200	204	4	6273	727646	754086	1	0
133.457905	200	204	4	6273	727646	754086	1	0
133.469249	200	204	4	6273	727646	754086	1	0
133.482196	200	204	4	6273	727646	754086	1	0
133.490971	200	204	4	6273	727646	754086	1	0
133.497251	200	204	4	6273	727646	754086	1	0
133.510063	200	204	4	6273	727646	754086	1	0
133.521457	200	204	4	6273	727646	754086	1	0
133.530776	200	204	4	6273	727646	754086	1	0
133.544576	200	204	4	6273	727646	754086	1	0
133.559072	200	204	4	6273	727646	754086	1	0
133.573704	200	204	4	6273	727646	754086	1	0
133.584566	200	204	4	6273	727646	754086	1	0
133.596070	200	204	4	6273	727646	754086	1	0
133.608748	200	204	4	6273	727646	754086	1	0
133.619451	200	204	4	6273	727646	754086	1	0
133.633800	200	204	4	6273	727646	754086	1	0
133.647013	200	204	4	6273	727646	754086	1	0
133.654008	200	204	4	6273	727646	754086	1	0
133.661479	200	204	4	6273	727646	754086	1	0
133.674284	200	204	4	6273	727646	754086	1	0
133.688162	200	204	4	6274	727646	754086	1	0
133.699422	200	204	4	6274	727646	754086	1	0
133.711565	200	204	4	6274	727646	754086	1	0
133.719324	200	204	4	6274	727646	754086	1	0
133.730593	200	204	4	6274	727646	754086	1	0
133.744893	200	204	4	6274	727646	754086	1	0
133.758056	200	204	4	6274	727646	754086	1	0
133.770409	200	204	4	6274	727646	754086	1	0
133.778221	200	204	4	6274	727646	754086	1	0
133.786603	200	204	4	6274	727646	754086	1	0
133.798946	200	204	4	6274	727646	754086	1	0
133.805362	200	204	4	6274	727646	754086	1	0
133.818213	200	204	4	6274	727646	754086	1	0
133.824592	200	204	4	6274	727646	754086	1	0
133.832729	200	204	4	6274	727646	754086	1	0
133.839489	200	204	4	6274	727646	754086	1	0
133.852041	200	204	4	6274	727646	754086	1	0
133.866295	200	204	4	6274	727646	754086	1	0
133.879334	200	204	4	6274	727646	754086	1	0
133.888793	200	204	4	6274	727646	754086	1	0
133.897622	200	204	4	6274	727646	754086	1	0
133.907474	200	204	4	6274	727646	754086	1	0
133.917611	200	204	4	6274	727646	754086	1	0
133.930101	200	204	4	6274	727646	754086	1	0
133.943073	200	204	4	6274	727646	754086	1	0
133.956543	200	204	4	6274	727646	754086	1	0
133.966387	200	204	4	6274	727646	754086	1	0
133.979198	200	204	4	6274	727646	754086	1	0
133.992449	200	204	4	6274	727646	754086	1	0
133.998271	200	204	4	6274	727646	754086	1	0
134.004513	200	204	4	6274	727646	754086	1	0
134.015855	200	204	4	6274	727646	754086	1	0
134.030435	200	204	4	6274	727646	754086	1	0
134.036357	200	204	4	6274	727646	754086	1	0
134.047096	200	204	4	6274	727646	754086	1	0
134.059260	200	204	4	6274	727646	754086	1	0
134.066563	200	204	4	6274	727646	754086	1	0
134.078127	200	204	4	6274	727646	754086	1	0
134.083509	200	204	4	6274	727646	754086	1	0
134.093716	200	204	4	6275	727646	754086	1	0
134.101569	200	204	4	6275	727646	754086	1	0
134.113290	200	204	4	6275	727646	754086	1	0
134.119076	200	204	4	6275	727646	754086	1	0
134.130377	200	204	4	6275	727646	754086	1	0
134.145266	200	204	4	6275	727646	754086	1	0
134.159874	200	204	4	6275	727646	754086	1	0
134.174173	200	204	4	6275	727646	754086	1	0
134.188084	200	204	4	6275	727646	754086	1	0
134.200656	200	204	4	6275	727646	754086	1	0
134.205891	200	204	4	6275	727646	754086	1	0
134.216776	200	204	4	6275	727646	754086	1	0
134.222464	200	204	4	6275	727646	754086	1	0
134.230349	200	204	4	6275	727646	754086	1	0
134.242461	200	204	4	6275	727646	754086	1	0
134.248132	200	204	4	6275	727646	754086	1	0
134.253680	200	204	4	6275	727646	754086	1	0
134.264915	200	204	4	6275	727646	754086	1	0
134.278222	200	204	4	6275	727646	754086	1	0
134.288341	200	204	4	6275	727646	754086	1	0
134.293579	200	204	4	6275	727646	754086	1	0
134.302789	200	204	4	6275	727646	754086	1	0
134.310392	200	204	4	6275	727646	754086	1	0
134.320879	200	204	4	6275	727646	754086	1	0
134.333139	200	204	4	6275	727646	754086	1	0
134.339574	200	204	4	6275	727646	754086	1	0
134.353320	200	204	4	6275	727646	754086	1	0
134.361940	200	204	4	6275	727646	754086	1	0
134.373714	200	204	4	6275	727646	754086	1	0
134.385506	200	204	4	6275	727646	754086	1	0
134.400337	200	204	4	6275	727646	754086	1	0
134.407307	200	204	4	6275	727646	754086	1	0
134.413482	200	204	4	6275	727646	754086	1	0
134.427130	200	204	4	6275	727646	754086	1	0
134.435903	200	204	4	6275	727646	754086	1	0
134.443094	200	204	4	6275	727646	754086	1	0
134.453003	200	204	4	6276	727646	754086	1	0
134.467949	200	204	4	6276	727646	754086	1	0
134.476779	200	204	4	6276	727646	754086	1	0
134.489487	200	204	4	6276	727646	754086	1	0
134.495776	200	204	4	6276	727646	754086	1	0
134.503435	200	204	4	6276	727646	754086	1	0
134.513658	200	204	4	6276	727646	754086	1	0
134.524473	200	204	4	6276	727646	754086	1	0
134.534151	200	204	4	6276	727646	754086	1	0
134.545713	200	204	4	6276	727646	754086	1	0
134.552516	200	204	4	6276	727646	754086	1	0
134.563881	200	204	4	6276	727646	754086	1	0
134.575075	200	204	4	6276	727646	754086	1	0
134.590133	200	204	4	6276	727646	754086	1	0
134.602985	200	204	4	6276	727646	754086	1	0
134.613303	200	204	4	6276	727646	754086	1	0
134.624195	200	204	4	6276	727646	754086	1	0
134.637692	200	204	4	6276	727646	754086	1	0
134.652659	200	204	4	6276	727646	754086	1	0
134.659511	200	204	4	6276	727646	754086	1	0
134.667732	200	204	4	6276	727646	754086	1	0
134.674754	200	204	4	6276	727646	754086	1	0
134.680066	200	204	4	6276	727646	754086	1	0
134.693372	200	204	4	6276	727646	754086	1	0
134.701333	200	204	4	6276	727646	754086	1	0
134.715880	200	204	4	6276	727646	754086	1	0
134.722618	200	204	4	6276	727646	754086	1	0
134.734571	200	204	4	6276	727646	754086	1	0
134.748996	200	204	4	6276	727646	754086	1	0
134.763700	200	204	4	6276	727646	754086	1	0
134.775456	200	204	4	6276	727646	754086	1	0
134.785559	200	204	4	6276	727646	754086	1	0
134.797450	200	204	4	6276	727646	754086	1	0
134.802831	200	204	4	6276	727646	754086	1	0
134.809576	200	204	4	6276	727646	754086	1	0
134.815685	200	204	4	6277	727646	754086	1	0
134.823567	200	204	4	6277	727646	754086	1	0
134.836608	200	204	4	6277	727646	754086	1	0
134.847155	200	204	4	6277	727646	754086	1	0
134.857038	200	204	4	6277	727646	754086	1	0
134.868962	200	204	4	6277	727646	754086	1	0
134.880773	200	204	4	6277	727646	754086	1	0
134.891285	200	204	4	6277	727646	754086	1	0
134.902676	200	204	4	6277	727646	754086	1	0
134.914528	200	204	4	6277	727646	754086	1	0
134.927300	200	204	4	6277	727646	754086	1	0
134.936134	200	204	4	6277	727646	754086	1	0
134.941668	200	204	4	6277	727646	754086	1	0
134.955021	200	204	4	6277	727646	754086	1	0
134.961755	200	204	4	6277	727646	754086	1	0
134.967825	200	204	4	6277	727646	754086	1	0
134.974081	200	204	4	6277	727646	754086	1	0
134.988353	200	204	4	6277	727646	754086	1	0
134.997563	200	204	4	6277	727646	754086	1	0
135.008881	200	204	4	6277	727646	754086	1	0
135.021473	200	204	4	6277	727646	754086	1	0
135.031240	200	204	4	6277	727646	754086	1	0
135.038027	200	204	4	6277	727646	754086	1	0
135.052583	200	204	4	6277	727646	754086	1	0
135.063996	200	204	4	6277	727646	754086	1	0
135.076109	200	204	4	6277	727646	754086	1	0
135.082690	200	204	4	6277	727646	754086	1	0
135.092235	200	204	4	6277	727646	754086	1	0
135.100619	200	204	4	6277	727646	754086	1	0
135.109370	200	204	4	6277	727646	754086	1	0
135.120454	200	204	4	6277	727646	754086	1	0
135.126550	200	204	4	6277	727646	754086	1	0
135.133589	200	204	4	6277	727646	754086	1	0
135.146518	200	204	4	6277	727646	754086	1	0
135.159434	200	204	4	6277	727646	754086	1	0
135.173516	200	204	4	6277	727646	754086	1	0
135.187473	200	204	4	6278	727646	754086	1	0
135.193091	200	204	4	6278	727646	754086	1	0
135.205755	200	204	4	6278	727646	754086	1	0
135.218329	200	204	4	6278	727646	754086	1	0
135.233404	200	204	4	6278	727646	754086	1	0
135.241667	200	204	4	6278	727646	754086	1	0
135.251998	200	204	4	6278	727646	754086	1	0
135.263396	200	204	4	6278	727646	754086	1	0
135.269788	200	204	4	6278	727646	754086	1	0
135.278766	200	204	4	6278	727646	754086	1	0
135.286211	200	204	4	6278	727646	754086	1	0
135.292693	200	204	4	6278	727646	754086	1	0
135.302643	200	204	4	6278	727646	754086	1	0
135.312364	200	204	4	6278	727646	754086	1	0
135.318398	200	204	4	6278	727646	754086	1	0
135.332158	200	204	4	6278	727646	754086	1	0
135.343316	200	204	4	6278	727646	754086	1	0
135.356474	200	204	4	6278	727646	754086	1	0
135.363181	200	204	4	6278	727646	754086	1	0
135.368630	200	204	4	6278	727646	754086	1	0
135.381479	200	204	4	6278	727646	754086	1	0
135.387957	200	204	4	6278	727646	754086	1	0
135.395698	200	204	4	6278	727646	754086	1	0
135.408969	200	204	4	6278	727646	754086	1	0
135.415598	200	204	4	6278	727646	754086	1	0
135.423901	200	204	4	6278	727646	754086	1	0
135.436587	200	204	4	6278	727646	754086	1	0
135.442351	200	204	4	6278	727646	754086	1	0
135.456311	200	204	4	6278	727646	754086	1	0
135.464544	200	204	4	6278	727646	754086	1	0
135.477254	200	204	4	6278	727646	754086	1	0
135.492071	200	204	4	6278	727646	754086	1	0
135.505174	200	204	4	6278	727646	754086	1	0
135.518414	200	204	4	6278	727646	754086	1	0
135.530577	200	204	4	6278	727646	754086	1	0
135.539275	200	204	4	6278	727646	754086	1	0
135.549122	200	204	4	6278	727646	754086	1	0
135.555436	200	204	4	6278	727646	754086	1	0
135.569676	200	204	4	6278	727646	754086	1	0
135.582265	200	204	4	6279	727646	754086	1	0
135.593360	200	204	4	6279	727646	754086	1	0
135.604686	200	204	4	6279	727646	754086	1	0
135.614895	200	204	4	6279	727646	754086	1	0
135.626086	200	204	4	6279	727646	754086	1	0
135.639975	200	204	4	6279	727646	754086	1	0
135.652011	200	204	4	6279	727646	754086	1	0
135.658868	200	204	4	6279	727646	754086	1	0
135.665442	200	204	4	6279	727646	754086	1	0
135.675664	200	204	4	6279	727646	754086	1	0
135.681357	200	204	4	6279	727646	754086	1	0
135.689501	200	204	4	6279	727646	754086	1	0
135.696711	200	204	4	6279	727646	754086	1	0
135.707755	200	204	4	6279	727646	754086	1	0
135.722837	200	204	4	6279	727646	754086	1	0
135.732504	200	204	4	6279	727646	754086	1	0
135.745199	200	204	4	6279	727646	754086	1	0
135.752599	200	204	4	6279	727646	754086	1	0
135.761054	200	204	4	6279	727646	754086	1	0
135.771009	200	204	4	6279	727646	754086	1	0
135.785591	200	204	4	6279	727646	754086	1	0
135.793355	200	204	4	6279	727646	754086	1	0
135.807353	200	204	4	6279	727646	754086	1	0
135.819440	200	204	4	6279	727646	754086	1	0
135.825949	200	204	4	6279	727646	754086	1	0
135.835185	200	204	4	6279	727646	754086	1	0
135.843722	200	204	4	6279	727646	754086	1	0
135.851169	200	204	4	6279	727646	754086	1	0
135.865776	200	204	4	6279	727646	754086	1	0
135.876296	200	204	4	6279	727646	754086	1	0
135.886786	200	204	4	6279	727646	754086	1	0
135.899701	200	204	4	6279	727646	754086	1	0
135.907633	200	204	4	6279	727646	754086	1	0
135.919203	200	204	4	6279	727646	754086	1	0
135.928962	200	204	4	6279	727646	754086	1	0
135.939586	200	204	4	6279	727646	754086	1	0
135.948591	200	204	4	6279	727646	754086	1	0
135.954169	200	204	4	6279	727646	754086	1	0
135.960461	200	204	4	6279	727646	754086	1	0
135.968789	200	204	4	6279	727646	754086	1	0
135.976814	200	204	4	6279	727646	754086	1	0
135.984283	200	204	4	6279	727646	754086	1	0
135.995641	200	204	4	6279	727646	754086	1	0
136.006590	200	204	4	6279	727646	754086	1	0
136.020799	200	204	4	6279	727646	754086	1	0
136.034535	200	204	4	6279	727646	754086	1	0
136.047582	200	204	4	6279	727646	754086	1	0
136.053417	200	204	4	6280	727646	754086	1	0
136.064336	200	204	4	6280	727646	754086	1	0
136.077929	200	204	4	6280	727646	754086	1	0
136.088815	200	204	4	6280	727646	754086	1	0
136.099888	200	204	4	6280	727646	754086	1	0
136.109539	200	204	4	6280	727646	754086	1	0
136.121869	200	204	4	6280	727646	754086	1	0
136.133991	200	204	4	6280	727646	754086	1	0
136.146464	200	204	4	6280	727646	754086	1	0
136.159332	200	204	4	6280	727646	754086	1	0
136.165155	200	204	4	6280	727646	754086	1	0
136.175563	200	204	4	6280	727646	754086	1	0
136.185867	200	204	4	6280	727646	754086	1	0
136.193807	200	204	4	6280	727646	754086	1	0
136.208336	200	204	4	6280	727646	754086	1	0
136.219417	200	204	4	6280	727646	754086	1	0
136.232433	200	204	4	6280	727646	754086	1	0
136.246304	200	204	4	6280	727646	754086	1	0
136.256786	200	204	4	6280	727646	754086	1	0
136.271403	200	204	4	6280	727646	754086	1	0
136.283038	200	204	4	6280	727646	754086	1	0
136.297320	200	204	4	6280	727646	754086	1	0
136.305004	200	204	4	6280	727646	754086	1	0
136.318856	200	204	4	6280	727646	754086	1	0
136.324881	200	204	4	6280	727646	754086	1	0
136.336797	200	204	4	6280	727646	754086	1	0
136.346414	200	204	4	6280	727646	754086	1	0
136.356608	200	204	4	6280	727646	754086	1	0
136.362811	200	204	4	6280	727646	754086	1	0
136.372137	200	204	4	6280	727646	754086	1	0
136.378835	200	204	4	6280	727646	754086	1	0
136.388880	200	204	4	6280	727646	754086	1	0
136.398598	200	204	4	6280	727646	754086	1	0
136.412273	200	204	4	6280	727646	754086	1	0
136.426545	200	204	4	6280	727646	754086	1	0
136.438023	200	204	4	6280	727646	754086	1	0
136.451171	200	204	4	6280	727646	754086	1	0
136.461389	200	204	4	6280	727646	754086	1	0
136.468905	200	204	4	6280	727646	754086	1	0
136.474118	200	204	4	6280	727646	754086	1	0
136.487811	200	204	4	6280	727646	754086	1	0
136.494447	200	204	4	6280	727646	754086	1	0
136.500630	200	204	4	6280	727646	754086	1	0
136.506768	200	204	4	6280	727646	754086	1	0
136.519694	200	204	4	6280	727646	754086	1	0
136.528327	200	204	4	6280	727646	754086	1	0
136.541277	200	204	4	6280	727646	754086	1	0
136.554331	200	204	4	6280	727646	754086	1	0
136.566739	200	204	4	6280	727646	754086	1	0
136.579723	200	204	4	6280	727646	754086	1	0
136.590909	200	204	4	6280	727646	754086	1	0
136.605045	200	204	4	6280	727646	754086	1	0
136.617747	200	204	4	6280	727646	754086	1	0
136.631696	200	204	4	6280	727646	754086	1	0
136.645262	200	204	4	6280	727646	754086	1	0
136.655788	200	204	4	6280	727646	754086	1	0
136.663266	200	204	4	6280	727646	754086	1	0
136.678489	200	204	4	6280	727646	754086	1	0
136.687150	200	204	4	6280	727646	754086	1	0
136.695340	200	204	4	6280	727646	754086	1	0
136.709429	200	204	4	6280	727646	754086	1	0
136.724633	200	204	4	6280	727646	754086	1	0
136.734861	200	204	4	6280	727646	754086	1	0
136.748128	200	204	4	6280	727646	754086	1	0
136.755250	200	204	4	6280	727646	754086	1	0
136.762036	200	204	4	6280	727646	754086	1	0
136.776668	200	204	4	6280	727646	754086	1	0
136.788232	200	204	4	6280	727646	754086	1	0
136.798168	200	204	4	6280	727646	754086	1	0
136.811630	200	204	4	6280	727646	754086	1	0
136.819801	200	204	4	6280	727646	754086	1	0
136.833013	200	204	4	6280	727646	754086	1	0
136.847608	200	204	4	6280	727646	754086	1	0
136.857100	200	204	4	6280	727646	754086	1	0
136.868109	200	204	4	6280	727646	754086	1	0
136.878449	200	204	4	6280	727646	754086	1	0
136.885887	200	204	4	6280	727646	754086	1	0
136.893980	200	204	4	6280	727646	754086	1	0
136.904006	200	204	4	6280	727646	754086	1	0
136.914510	200	204	4	6280	727646	754086	1	0
136.927572	200	204	4	6280	727646	754086	1	0
136.936367	200	204	4	6280	727646	754086	1	0
136.951561	200	204	4	6280	727646	754086	1	0
136.963446	200	204	4	6280	727646	754086	1	0
136.977140	200	204	4	6280	727646	754086	1	0
136.985720	200	204	4	6280	727646	754086	1	0
136.999104	200	204	4	6280	727646	754086	1	0
137.011397	200	204	4	6280	727646	754086	1	0
137.017409	200	204	4	6280	727646	754086	1	0
137.027121	200	204	4	6280	727646	754086	1	0
137.034149	200	204	4	6280	727646	754086	1	0
137.041261	200	204	4	6280	727646	754086	1	0
137.049886	200	204	4	6280	727646	754086	1	0
137.062206	200	204	4	6280	727646	754086	1	0
137.069643	200	204	4	6280	727646	754086	1	0
137.084638	200	204	4	6280	727646	754086	1	0
137.092155	200	204	4	6280	727646	754086	1	0
137.104692	200	204	4	6280	727646	754086	1	0
137.113294	200	204	4	6280	727646	754086	1	0
137.124286	200	204	4	6280	727646	754086	1	0
137.136088	200	204	4	6280	727646	754086	1	0
137.143753	200	204	4	6280	727646	754086	1	0
137.149581	200	204	4	6280	727646	754086	1	0
137.159534	200	204	4	6280	727646	754086	1	0
137.170789	200	204	4	6280	727646	754086	1	0
137.184775	200	204	4	6280	727646	754086	1	0
137.193010	200	204	4	6280	727646	754086	1	0
137.203286	200	204	4	6280	727646	754086	1	0
137.209796	200	204	4	6280	727646	754086	1	0
137.222585	200	204	4	6280	727646	754086	1	0
137.229945	200	204	4	6280	727646	754086	1	0
137.236385	200	204	4	6280	727646	754086	1	0
137.244550	200	204	4	6280	727646	754086	1	0
137.257981	200	204	4	6280	727646	754086	1	0
137.272484	200	204	4	6280	727646	754086	1	0
137.284137	200	204	4	6280	727646	754086	1	0
137.293665	200	204	4	6280	727646	754086	1	0
137.304063	200	204	4	6280	727646	754086	1	0
137.317501	200	204	4	6280	727646	754086	1	0
137.331655	200	204	4	6280	727646	754086	1	0
137.339340	200	204	4	6280	727646	754086	1	0
137.354444	200	204	4	6280	727646	754086	1	0
137.367454	200	204	4	6280	727646	754086	1	0
137.373160	200	204	4	6280	727646	754086	1	0
137.378490	200	204	4	6280	727646	754086	1	0
137.389954	200	204	4	6280	727646	754086	1	0
137.401267	200	204	4	6280	727646	754086	1	0
137.409304	200	204	4	6280	727646	754086	1	0
137.422810	200	204	4	6280	727646	754086	1	0
137.434163	200	204	4	6280	727646	754086	1	0
137.444668	200	204	4	6280	727646	754086	1	0
137.452939	200	204	4	6280	727646	754086	1	0
137.463113	200	204	4	6280	727646	754086	1	0
137.476918	200	204	4	6280	727646	754086	1	0
137.484935	200	204	4	6280	727646	754086	1	0
137.492774	200	204	4	6280	727646	754086	1	0
137.502563	200	204	4	6280	727646	754086	1	0
137.512520	200	204	4	6280	727646	754086	1	0
137.517861	200	204	4	6280	727646	754086	1	0
137.525069	200	204	4	6280	727646	754086	1	0
137.530849	200	204	4	6280	727646	754086	1	0
137.539092	200	204	4	6280	727646	754086	1	0
137.554168	200	204	4	6280	727646	754086	1	0
137.561598	200	204	4	6280	727646	754086	1	0
137.571837	200	204	4	6280	727646	754086	1	0
137.579672	200	204	4	6280	727646	754086	1	0
137.585546	200	204	4	6280	727646	754086	1	0
137.597677	200	204	4	6280	727646	754086	1	0
137.607473	200	204	4	6280	727646	754086	1	0
137.615605	200	204	4	6280	727646	754086	1	0
137.622381	200	204	4	6280	727646	754086	1	0
137.629957	200	204	4	6280	727646	754086	1	0
137.641310	200	204	4	6280	727646	754086	1	0
137.650049	200	204	4	6280	727646	754086	1	0
137.661021	200	204	4	6280	727646	754086	1	0
137.669514	200	204	4	6280	727646	754086	1	0
137.678384	200	204	4	6280	727646	754086	1	0
137.687914	200	204	4	6280	727646	754086	1	0
137.699491	200	204	4	6280	727646	754086	1	0
137.713033	200	204	4	6280	727646	754086	1	0
137.722564	200	204	4	6280	727646	754086	1	0
137.736768	200	204	4	6280	727646	754086	1	0
137.751903	200	204	4	6280	727646	754086	1	0
137.761313	200	204	4	6280	727646	754086	1	0
137.774057	200	204	4	6280	727646	754086	1	0
137.789135	200	204	4	6280	727646	754086	1	0
137.798798	200	204	4	6280	727646	754086	1	0
137.804611	200	204	4	6280	727646	754086	1	0
137.812391	200	204	4	6280	727646	754086	1	0
137.819819	200	204	4	6280	727646	754086	1	0
137.831255	200	204	4	6280	727646	754086	1	0
137.839691	200	204	4	6280	727646	754086	1	0
137.847245	200	204	4	6280	727646	754086	1	0
137.858445	200	204	4	6280	727646	754086	1	0
137.866737	200	204	4	6280	727646	754086	1	0
137.874311	200	204	4	6280	727646	754086	1	0
137.884989	200	204	4	6280	727646	754086	1	0
137.899153	200	204	4	6280	727646	754086	1	0
137.909920	200	204	4	6280	727646	754086	1	0
137.917772	200	204	4	6280	727646	754086	1	0
137.924462	200	204	4	6280	727646	754086	1	0
137.936615	200	204	4	6280	727646	754086	1	0
137.947547	200	204	4	6280	727646	754086	1	0
137.958482	200	204	4	6280	727646	754086	1	0
137.967561	200	204	4	6280	727646	754086	1	0
137.981601	200	204	4	6280	727646	754086	1	0
137.993163	200	204	4	6280	727646	754086	1	0
138.002170	200	204	4	6280	727646	754086	1	0
138.012529	200	204	4	6280	727646	754086	1	0
138.022706	200	204	4	6280	727646	754086	1	0
138.036862	200	204	4	6280	727646	754086	1	0
138.042879	200	204	4	6280	727646	754086	1	0
138.053304	200	204	4	6280	727646	754086	1	0
138.062648	200	204	4	6280	727646	754086	1	0
138.074337	200	204	4	6280	727646	754086	1	0
138.085192	200	204	4	6280	727646	754086	1	0
138.096842	200	204	4	6280	727646	754086	1	0
138.108975	200	204	4	6280	727646	754086	1	0
138.120113	200	204	4	6280	727646	754086	1	0
138.131900	200	204	4	6280	727646	754086	1	0
138.138810	200	204	4	6280	727646	754086	1	0
138.152512	200	204	4	6280	727646	754086	1	0
138.163378	200	204	4	6280	727646	754086	1	0
138.168667	200	204	4	6280	727646	754086	1	0
138.183731	200	204	4	6280	727646	754086	1	0
138.196129	200	204	4	6280	727646	754086	1	0
138.206992	200	204	4	6280	727646	754086	1	0
138.219896	200	204	4	6280	727646	754086	1	0
138.232027	200	204	4	6280	727646	754086	1	0
138.246249	200	204	4	6280	727646	754086	1	0
138.255250	200	204	4	6280	727646	754086	1	0
138.265033	200	204	4	6280	727646	754086	1	0
138.274517	200	204	4	6280	727646	754086	1	0
138.280214	200	204	4	6280	727646	754086	1	0
138.293736	200	204	4	6280	727646	754086	1	0
138.305496	200	204	4	6280	727646	754086	1	0
138.311698	200	204	4	6280	727646	754086	1	0
138.320288	200	204	4	6280	727646	754086	1	0
138.332870	200	204	4	6280	727646	754086	1	0
138.340815	200	204	4	6280	727646	754086	1	0
138.351102	200	204	4	6280	727646	754086	1	0
138.366235	200	204	4	6280	727646	754086	1	0
138.377011	200	204	4	6280	727646	754086	1	0
138.386976	200	204	4	6280	727646	754086	1	0
138.394758	200	204	4	6280	727646	754086	1	0
138.408611	200	204	4	6280	727646	754086	1	0
138.422732	200	204	4	6280	727646	754086	1	0
138.432086	200	204	4	6280	727646	754086	1	0
138.446431	200	204	4	6280	727646	754086	1	0
138.455439	200	204	4	6280	727646	754086	1	0
138.470395	200	204	4	6280	727646	754086	1	0
138.483928	200	204	4	6280	727646	754086	1	0
138.496218	200	204	4	6280	727646	754086	1	0
138.505737	200	204	4	6280	727646	754086	1	0
138.510996	200	204	4	6280	727646	754086	1	0
138.526069	200	204	4	6280	727646	754086	1	0
138.531389	200	204	4	6280	727646	754086	1	0
138.540866	200	204	4	6280	727646	754086	1	0
138.546816	200	204	4	6280	727646	754086	1	0
138.556822	200	204	4	6280	727646	754086	1	0
138.565855	200	204	4	6280	727646	754086	1	0
138.572675	200	204	4	6280	727646	754086	1	0
138.579543	200	204	4	6280	727646	754086	1	0
138.585065	200	204	4	6280	727646	754086	1	0
138.599308	200	204	4	6280	727646	754086	1	0
138.610255	200	204	4	6280	727646	754086	1	0
138.616913	200	204	4	6280	727646	754086	1	0
138.623030	200	204	4	6280	727646	754086	1	0
138.635678	200	204	4	6280	727646	754086	1	0
138.647369	200	204	4	6280	727646	754086	1	0
138.658952	200	204	4	6280	727646	754086	1	0
138.672411	200	204	4	6280	727646	754086	1	0
138.681893	200	204	4	6280	727646	754086	1	0
138.693943	200	204	4	6280	727646	754086	1	0
138.700915	200	204	4	6280	727646	754086	1	0
138.711577	200	204	4	6280	727646	754086	1	0
138.721115	200	204	4	6280	727646	754086	1	0
138.727224	200	204	4	6280	727646	754086	1	0
138.734185	200	204	4	6280	727646	754086	1	0
138.740031	200	204	4	6280	727646	754086	1	0
138.752741	200	204	4	6280	727646	754086	1	0
138.765173	200	204	4	6280	727646	754086	1	0
138.774785	200	204	4	6280	727646	754086	1	0
138.785775	200	204	4	6280	727646	754086	1	0
138.792810	200	204	4	6280	727646	754086	1	0
138.801703	200	204	4	6280	727646	754086	1	0
138.813425	200	204	4	6280	727646	754086	1	0
138.825084	200	204	4	6280	727646	754086	1	0
138.834175	200	204	4	6280	727646	754086	1	0
138.842334	200	204	4	6280	727646	754086	1	0
138.854584	200	204	4	6280	727646	754086	1	0
138.865699	200	204	4	6280	727646	754086	1	0
138.879798	200	204	4	6280	727646	754086	1	0
138.888192	200	204	4	6280	727646	754086	1	0
138.901904	200	204	4	6280	727646	754086	1	0
138.916510	200	204	4	6280	727646	754086	1	0
138.926000	200	204	4	6280	727646	754086	1	0
138.938252	200	204	4	6280	727646	754086	1	0
138.949036	200	204	4	6280	727646	754086	1	0
138.957198	200	204	4	6280	727646	754086	1	0
138.966917	200	204	4	6280	727646	754086	1	0
138.980562	200	204	4	6280	727646	754086	1	0
138.988582	200	204	4	6280	727646	754086	1	0
139.002598	200	204	4	6280	727646	754086	1	0
139.008412	200	204	4	6280	727646	754086	1	0
139.018618	200	204	4	6280	727646	754086	1	0
139.027585	200	204	4	6280	727646	754086	1	0
139.038017	200	204	4	6280	727646	754086	1	0
139.047068	200	204	4	6280	727646	754086	1	0
139.053793	200	204	4	6280	727646	754086	1	0
139.065341	200	204	4	6280	727646	754086	1	0
139.077360	200	204	4	6280	727646	754086	1	0
139.082669	200	204	4	6280	727646	754086	1	0
139.089207	200	204	4	6280	727646	754086	1	0
139.100542	200	204	4	6280	727646	754086	1	0
139.113837	200	204	4	6280	727646	754086	1	0
139.127852	200	204	4	6280	727646	754086	1	0
139.134528	200	204	4	6280	727646	754086	1	0
139.143233	200	204	4	6280	727646	754086	1	0
139.150165	200	204	4	6280	727646	754086	1	0
139.155328	200	204	4	6280	727646	754086	1	0
139.162168	200	204	4	6280	727646	754086	1	0
139.176205	200	204	4	6280	727646	754086	1	0
139.189158	200	204	4	6280	727646	754086	1	0
139.201603	200	204	4	6280	727646	754086	1	0
139.207248	200	204	4	6280	727646	754086	1	0
139.213743	200	204	4	6280	727646	754086	1	0
139.219499	200	204	4	6280	727646	754086	1	0
139.230549	200	204	4	6280	727646	754086	1	0
139.235971	200	204	4	6280	727646	754086	1	0
139.248785	200	204	4	6280	727646	754086	1	0
139.257185	200	204	4	6280	727646	754086	1	0
139.267863	200	204	4	6280	727646	754086	1	0
139.281696	200	204	4	6280	727646	754086	1	0
139.294219	200	204	4	6280	727646	754086	1	0
139.306597	200	204	4	6280	727646	754086	1	0
139.313179	200	204	4	6280	727646	754086	1	0
139.325645	200	204	4	6280	727646	754086	1	0
139.334130	200	204	4	6280	727646	754086	1	0
139.340669	200	204	4	6280	727646	754086	1	0
139.350037	200	204	4	6280	727646	754086	1	0
139.357899	200	204	4	6280	727646	754086	1	0
139.364697	200	204	4	6280	727646	754086	1	0
139.374014	200	204	4	6280	727646	754086	1	0
139.386109	200	204	4	6280	727646	754086	1	0
139.401140	200	204	4	6280	727646	754086	1	0
139.414649	200	204	4	6280	727646	754086	1	0
139.425991	200	204	4	6280	727646	754086	1	0
139.435704	200	204	4	6280	727646	754086	1	0
139.449279	200	204	4	6280	727646	754086	1	0
139.457989	200	204	4	6280	727646	754086	1	0
139.469255	200	204	4	6280	727646	754086	1	0
139.480011	200	204	4	6280	727646	754086	1	0
139.485613	200	204	4	6280	727646	754086	1	0
139.500487	200	204	4	6280	727646	754086	1	0
139.507992	200	204	4	6280	727646	754086	1	0
139.522673	200	204	4	6280	727646	754086	1	0
139.528020	200	204	4	6280	727646	754086	1	0
139.539084	200	204	4	6280	727646	754086	1	0
139.548533	200	204	4	6280	727646	754086	1	0
139.558168	200	204	4	6280	727646	754086	1	0
139.566480	200	204	4	6280	727646	754086	1	0
139.574357	200	204	4	6280	727646	754086	1	0
139.586938	200	204	4	6280	727646	754086	1	0
139.595303	200	204	4	6280	727646	754086	1	0
139.603997	200	204	4	6280	727646	754086	1	0
139.617318	200	204	4	6280	727646	754086	1	0
139.630646	200	204	4	6280	727646	754086	1	0
139.645806	200	204	4	6280	727646	754086	1	0
139.654883	200	204	4	6280	727646	754086	1	0
139.665708	200	204	4	6280	727646	754086	1	0
139.677411	200	204	4	6280	727704	754086	1	0
139.684508	200	204	4	6280	727704	754086	1	0
139.692758	200	204	4	6280	727704	754086	1	0
139.701913	200	204	4	6280	727704	754086	1	0
139.711439	200	204	4	6280	727704	754086	1	0
139.719666	200	204	4	6280	727704	754086	1	0
139.734637	200	204	4	6280	727704	754086	1	0
139.746504	200	204	4	6280	727704	754086	1	0
139.760496	200	204	4	6280	727704	754086	1	0
139.771653	200	204	4	6280	727704	754086	1	0
139.784005	200	204	4	6280	727704	754086	1	0
139.796638	200	204	4	6280	727704	754086	1	0
139.803149	200	204	4	6280	727704	754086	1	0
139.811579	200	204	4	6280	727704	754086	1	0
139.823787	200	204	4	6280	727704	754086	1	0
139.834527	200	204	4	6280	727704	754086	1	0
139.844905	200	204	4	6280	727704	754086	1	0
139.850411	200	204	4	6280	727704	754086	1	0
139.855585	200	204	4	6280	727704	754086	1	0
139.869785	200	204	4	6280	727704	754086	1	0
139.880077	200	204	4	6280	727704	754086	1	0
139.890161	200	204	4	6280	727704	754086	1	0
139.902689	200	204	4	6280	727704	754086	1	0
139.916379	200	204	4	6280	727704	754086	1	0
139.922966	200	204	4	6280	727704	754086	1	0
139.930701	200	204	4	6280	727704	754086	1	0
139.937330	200	204	4	6280	727704	754086	1	0
139.947202	200	204	4	6280	727704	754086	1	0
139.961476	200	204	4	6280	727704	754086	1	0
139.967749	200	204	4	6280	727704	754086	1	0
139.977492	200	204	4	6280	727704	754086	1	0
139.992209	200	204	4	6280	727704	754086	1	0
140.000201	200	204	4	6280	727704	754086	1	0
140.014373	200	204	4	6280	727704	754086	1	0
140.025068	200	204	4	6280	727704	754086	1	0
140.032283	200	204	4	6280	727704	754086	1	0
140.038505	200	204	4	6280	727704	754086	1	0
140.051680	200	204	4	6280	727704	754086	1	0
140.062469	200	204	4	6280	727704	754086	1	0
140.076881	200	204	4	6281	727704	754086	1	0
140.085648	200	204	4	6281	727704	754086	1	0
140.092048	200	204	4	6281	727704	754086	1	0
140.106205	200	204	4	6281	727704	754086	1	0
140.111707	200	204	4	6281	727704	754086	1	0
140.121135	200	204	4	6281	727704	754086	1	0
140.127083	200	204	4	6281	727704	754086	1	0
140.139298	200	204	4	6281	727704	754086	1	0
140.148794	200	204	4	6281	727704	754086	1	0
140.163259	200	204	4	6281	727704	754086	1	0
140.175022	200	204	4	6281	727704	754086	1	0
140.184704	200	204	4	6281	727704	754086	1	0
140.192932	200	204	4	6281	727704	754086	1	0
140.202218	200	204	4	6281	727704	754086	1	0
140.211277	200	204	4	6281	727704	754086	1	0
140.223519	200	204	4	6281	727704	754086	1	0
140.236602	200	204	4	6281	727704	754086	1	0
140.249216	200	204	4	6281	727704	754086	1	0
140.259313	200	204	4	6281	727704	754086	1	0
140.271117	200	204	4	6281	727704	754086	1	0
140.280074	200	204	4	6281	727704	754086	1	0
140.293233	200	204	4	6281	727704	754086	1	0
140.307111	200	204	4	6281	727704	754086	1	0
140.316533	200	204	4	6281	727704	754086	1	0
140.327377	200	204	4	6281	727704	754086	1	0
140.335429	200	204	4	6281	727704	754086	1	0
140.340685	200	204	4	6281	727704	754086	1	0
140.354875	200	204	4	6281	727704	754086	1	0
140.369786	200	204	4	6281	727704	754086	1	0
140.383791	200	204	4	6281	727704	754086	1	0
140.392101	200	204	4	6281	727704	754086	1	0
140.406705	200	204	4	6281	727704	754086	1	0
140.417866	200	204	4	6281	727704	754086	1	0
140.425984	200	204	4	6281	727704	754086	1	0
140.438957	200	204	4	6281	727704	754086	1	0
140.446355	200	204	4	6281	727704	754086	1	0
140.454016	200	204	4	6281	727704	754086	1	0
140.460042	200	204	4	6281	727704	754086	1	0
140.470948	200	204	4	6281	727704	754086	1	0
140.483311	200	204	4	6281	727704	754086	1	0
140.494397	200	204	4	6281	727704	754086	1	0
140.503660	200	204	4	6281	727704	754086	1	0
140.515694	200	204	4	6281	727704	754086	1	0
140.529425	200	204	4	6281	727704	754086	1	0
140.534885	200	204	4	6281	727704	754086	1	0
140.541662	200	204	4	6281	727704	754086	1	0
140.548894	200	204	4	6281	727704	754086	1	0
140.554697	200	204	4	6281	727704	754086	1	0
140.569804	200	204	4	6281	727704	754086	1	0
140.582181	200	204	4	6281	727704	754086	1	0
140.597071	200	204	4	6281	727704	754086	1	0
140.604312	200	204	4	6281	727704	754086	1	0
140.619527	200	204	4	6281	727704	754086	1	0
140.633788	200	204	4	6281	727704	754086	1	0
140.643623	200	204	4	6281	727704	754086	1	0
140.657962	200	204	4	6281	727704	754086	1	0
140.663505	200	204	4	6281	727704	754086	1	0
140.670988	200	204	4	6281	727704	754086	1	0
140.680881	200	204	4	6281	727704	754086	1	0
140.687629	200	204	4	6281	727704	754086	1	0
140.699221	200	204	4	6281	727704	754086	1	0
140.713654	200	204	4	6281	727704	754086	1	0
140.720342	200	204	4	6281	727704	754086	1	0
140.725537	200	204	4	6281	727704	754086	1	0
140.731395	200	204	4	6281	727704	754086	1	0
140.746022	200	204	4	6282	727704	754086	1	0
140.755525	200	204	4	6282	727704	754086	1	0
140.764157	200	204	4	6282	727704	754086	1	0
140.776497	200	204	4	6282	727704	754086	1	0
140.788548	200	204	4	6282	727704	754086	1	0
140.794861	200	204	4	6282	727704	754086	1	0
140.803134	200	204	4	6282	727704	754086	1	0
140.812234	200	204	4	6282	727704	754086	1	0
140.824496	200	204	4	6282	727704	754086	1	0
140.838852	200	204	4	6282	727704	754086	1	0
140.852876	200	204	4	6282	727704	754086	1	0
140.863287	200	204	4	6282	727704	754086	1	0
140.871189	200	204	4	6282	727704	754086	1	0
140.879992	200	204	4	6282	727704	754086	1	0
140.885474	200	204	4	6282	727704	754086	1	0
140.897917	200	204	4	6282	727704	754086	1	0
140.912063	200	204	4	6282	727704	754086	1	0
140.925527	200	204	4	6282	727704	754086	1	0
140.937537	200	204	4	6282	727704	754086	1	0
140.946694	200	204	4	6282	727704	754086	1	0
140.961647	200	204	4	6282	727704	754086	1	0
140.971301	200	204	4	6282	727704	754086	1	0
140.977404	200	204	4	6282	727704	754086	1	0
140.992279	200	204	4	6282	727704	754086	1	0
140.998186	200	204	4	6282	727704	754086	1	0
141.004379	200	204	4	6282	727704	754086	1	0
141.017711	200	204	4	6282	727704	754086	1	0
141.023023	200	204	4	6282	727704	754086	1	0
141.031874	200	204	4	6282	727704	754086	1	0
141.041714	200	204	4	6282	727704	754086	1	0
141.052294	200	204	4	6282	727704	754086	1	0
141.067433	200	204	4	6282	727704	754086	1	0
141.079170	200	204	4	6282	727704	754086	1	0
141.093013	200	204	4	6282	727704	754086	1	0
141.106263	200	204	4	6282	727704	754086	1	0
141.112778	200	204	4	6282	727704	754086	1	0
141.123279	200	204	4	6282	727704	754086	1	0
141.133028	200	204	4	6282	727704	754086	1	0
141.143471	200	204	4	6282	727704	754086	1	0
141.155498	200	204	4	6282	727704	754086	1	0
141.162731	200	204	4	6282	727704	754086	1	0
141.170004	200	204	4	6282	727704	754086	1	0
141.183050	200	204	4	6282	727704	754086	1	0
141.196695	200	204	4	6282	727704	754086	1	0
141.207175	200	204	4	6282	727704	754086	1	0
141.221982	200	204	4	6282	727704	754086	1	0
141.230391	200	204	4	6282	727704	754086	1	0
141.238121	200	204	4	6282	727704	754086	1	0
141.249347	200	204	4	6282	727704	754086	1	0
141.257269	200	204	4	6282	727704	754086	1	0
141.270398	200	204	4	6282	727704	754086	1	0
141.278867	200	204	4	6282	727704	754086	1	0
141.285695	200	204	4	6282	727704	754086	1	0
141.297835	200	204	4	6283	727704	754086	1	0
141.310719	200	204	4	6283	727704	754086	1	0
141.316273	200	204	4	6283	727704	754086	1	0
141.324096	200	204	4	6283	727704	754086	1	0
141.335859	200	204	4	6283	727704	754086	1	0
141.350910	200	204	4	6283	727704	754086	1	0
141.359602	200	204	4	6283	727704	754086	1	0
141.369527	200	204	4	6283	727704	754086	1	0
141.377173	200	204	4	6283	727704	754086	1	0
141.384954	200	204	4	6283	727704	754086	1	0
141.397429	200	204	4	6283	727704	754086	1	0
141.408972	200	204	4	6283	727704	754086	1	0
141.414337	200	204	4	6283	727704	754086	1	0
141.426833	200	204	4	6283	727704	754086	1	0
141.438879	200	204	4	6283	727704	754086	1	0
141.445088	200	204	4	6283	727704	754086	1	0
141.459890	200	204	4	6283	727704	754086	1	0
141.469496	200	204	4	6283	727704	754086	1	0
141.478601	200	204	4	6283	727704	754086	1	0
141.490899	200	204	4	6283	727704	754086	1	0
141.502949	200	204	4	6283	727704	754086	1	0
141.511764	200	204	4	6283	727704	754086	1	0
141.518876	200	204	4	6283	727704	754086	1	0
141.531597	200	204	4	6283	727704	754086	1	0
141.537353	200	204	4	6283	727704	754086	1	0
141.545089	200	204	4	6283	727704	754086	1	0
141.553600	200	204	4	6283	727704	754086	1	0
141.562886	200	204	4	6283	727704	754086	1	0
141.577448	200	204	4	6283	727704	754086	1	0
141.583390	200	204	4	6283	727704	754086	1	0
141.593324	200	204	4	6283	727704	754086	1	0
141.604868	200	204	4	6283	727704	754086	1	0
141.615776	200	204	4	6283	727704	754086	1	0
141.622682	200	204	4	6283	727704	754086	1	0
141.637746	200	204	4	6283	727704	754086	1	0
141.648998	200	204	4	6283	727704	754086	1	0
141.654404	200	204	4	6283	727704	754086	1	0
141.668312	200	204	4	6283	727704	754086	1	0
141.678741	200	204	4	6283	727704	754086	1	0
141.684267	200	204	4	6283	727704	754086	1	0
141.691541	200	204	4	6283	727704	754086	1	0
141.698525	200	204	4	6283	727704	754086	1	0
141.709281	200	204	4	6283	727704	754086	1	0
141.718629	200	204	4	6283	727704	754086	1	0
141.730479	200	204	4	6283	727704	754086	1	0
141.736985	200	204	4	6283	727704	754086	1	0
141.751362	200	204	4	6283	727704	754086	1	0
141.765511	200	204	4	6283	727704	754086	1	0
141.773744	200	204	4	6283	727704	754086	1	0
141.788556	200	204	4	6283	727704	754086	1	0
141.798192	200	204	4	6283	727704	754086	1	0
141.813327	200	204	4	6283	727704	754086	1	0
141.818590	200	204	4	6283	727704	754086	1	0
141.826423	200	204	4	6284	727704	754086	1	0
141.841510	200	204	4	6284	727704	754086	1	0
141.853550	200	204	4	6284	727704	754086	1	0
141.863908	200	204	4	6284	727704	754086	1	0
141.869656	200	204	4	6284	727704	754086	1	0
141.877341	200	204	4	6284	727704	754086	1	0
141.884863	200	204	4	6284	727704	754086	1	0
141.892324	200	204	4	6284	727704	754086	1	0
141.903373	200	204	4	6284	727704	754086	1	0
141.910120	200	204	4	6284	727704	754086	1	0
141.923344	200	204	4	6284	727704	754086	1	0
141.931301	200	204	4	6284	727704	754086	1	0
141.941603	200	204	4	6284	727704	754086	1	0
141.947197	200	204	4	6284	727704	754086	1	0
141.961726	200	204	4	6284	727704	754086	1	0
141.970335	200	204	4	6284	727704	754086	1	0
141.984470	200	204	4	6284	727704	754086	1	0
141.997107	200	204	4	6284	727704	754086	1	0
142.002673	200	204	4	6284	727704	754086	1	0
142.014604	200	204	4	6284	727704	754086	1	0
142.023845	200	204	4	6284	727704	754086	1	0
142.030111	200	204	4	6284	727704	754086	1	0
142.044116	200	204	4	6284	727704	754086	1	0
142.059123	200	204	4	6284	727704	754086	1	0
142.070251	200	204	4	6284	727704	754086	1	0
142.079190	200	204	4	6284	727704	754086	1	0
142.087404	200	204	4	6284	727704	754086	1	0
142.099973	200	204	4	6284	727704	754086	1	0
142.112825	200	204	4	6284	727704	754086	1	0
142.123631	200	204	4	6284	727704	754086	1	0
142.136206	200	204	4	6284	727704	754086	1	0
142.150850	200	204	4	6284	727704	754086	1	0
142.158574	200	204	4	6284	727704	754086	1	0
142.173366	200	204	4	6284	727704	754086	1	0
142.186389	200	204	4	6284	727704	754086	1	0
142.199300	200	204	4	6284	727704	754086	1	0
142.213189	200	204	4	6284	727704	754086	1	0
142.227607	200	204	4	6284	727704	754086	1	0
142.233835	200	204	4	6284	727704	754086	1	0
142.243358	200	204	4	6284	727704	754086	1	0
142.252767	200	204	4	6284	727704	754086	1	0
142.259007	200	204	4	6284	727704	754086	1	0
142.266020	200	204	4	6284	727704	754086	1	0
142.278520	200	204	4	6284	727704	754086	1	0
142.288885	200	204	4	6284	727704	754086	1	0
142.296955	200	204	4	6284	727704	754086	1	0
142.310397	200	204	4	6284	727704	754086	1	0
142.331719	200	204	4	6284	727704	754086	1	0
142.341987	200	204	4	6284	727704	754086	1	0
142.355877	200	204	4	6284	727704	754086	1	0
142.368433	200	204	4	6284	727704	754086	1	0
142.377561	200	204	4	6285	727704	754086	1	0
142.388230	200	204	4	6285	727704	754086	1	0
142.398292	200	204	4	6285	727704	754086	1	0
142.407649	200	204	4	6285	727704	754086	1	0
142.418692	200	204	4	6285	727704	754086	1	0
142.427049	200	204	4	6285	727704	754086	1	0
142.436916	200	204	4	6285	727704	754086	1	0
142.443202	200	204	4	6285	727704	754086	1	0
142.456595	200	204	4	6285	727704	754086	1	0
142.465642	200	204	4	6285	727704	754086	1	0
142.472436	200	204	4	6285	727704	754086	1	0
142.483812	200	204	4	6285	727704	754086	1	0
142.489760	200	204	4	6285	727704	754086	1	0
142.496321	200	204	4	6285	727704	754086	1	0
142.511225	200	204	4	6285	727704	754086	1	0
142.525124	200	204	4	6285	727704	754086	1	0
142.537925	200	204	4	6285	727704	754086	1	0
142.545610	200	204	4	6285	727704	754086	1	0
142.558209	200	204	4	6285	727704	754086	1	0
142.563561	200	204	4	6285	727704	754086	1	0
142.577557	200	204	4	6285	727704	754086	1	0
142.589252	200	204	4	6285	727704	754086	1	0
142.596747	200	204	4	6285	727704	754086	1	0
142.607013	200	204	4	6285	727704	754086	1	0
142.622143	200	204	4	6285	727704	754086	1	0
142.636728	200	204	4	6285	727704	754086	1	0
142.646091	200	204	4	6285	727704	754086	1	0
142.656016	200	204	4	6285	727704	754086	1	0
142.665781	200	204	4	6285	727704	754086	1	0
142.680148	200	204	4	6285	727704	754086	1	0
142.691967	200	204	4	6285	727704	754086	1	0
142.701242	200	204	4	6285	727704	754086	1	0
142.706984	200	204	4	6285	727704	754086	1	0
142.715243	200	204	4	6285	727704	754086	1	0
142.724651	200	204	4	6285	727704	754086	1	0
142.736049	200	204	4	6285	727704	754086	1	0
142.744714	200	204	4	6285	727704	754086	1	0
142.755292	200	204	4	6285	727704	754086	1	0
142.768956	200	204	4	6285	727704	754086	1	0
142.781810	200	204	4	6285	727704	754086	1	0
142.796867	200	204	4	6285	727704	754086	1	0
142.811538	200	204	4	6285	727704	754086	1	0
142.823320	200	204	4	6285	727704	754086	1	0
142.830516	200	204	4	6285	727704	754086	1	0
142.842717	200	204	4	6285	727704	754086	1	0
142.850996	200	204	4	6285	727704	754086	1	0
142.859018	200	204	4	6285	727704	754086	1	0
142.868725	200	204	4	6285	727704	754086	1	0
142.882346	200	204	4	6285	727704	754086	1	0
142.893176	200	204	4	6285	727704	754086	1	0
142.898542	200	204	4	6285	727704	754086	1	0
142.913157	200	204	4	6285	727704	754086	1	0
142.920225	200	204	4	6285	727704	754086	1	0
142.931446	200	204	4	6285	727704	754086	1	0
142.940048	200	204	4	6285	727704	754086	1	0
142.955176	200	204	4	6286	727704	754086	1	0
142.960847	200	204	4	6286	727704	754086	1	0
142.970827	200	204	4	6286	727704	754086	1	0
142.981014	200	204	4	6286	727704	754086	1	0
142.990619	200	204	4	6286	727704	754086	1	0
143.000505	200	204	4	6286	727704	754086	1	0
143.013613	200	204	4	6286	727704	754086	1	0
143.020595	200	204	4	6286	727704	754086	1	0
143.031311	200	204	4	6286	727704	754086	1	0
143.045829	200	204	4	6286	727704	754086	1	0
143.054729	200	204	4	6286	727704	754086	1	0
143.061308	200	204	4	6286	727704	754086	1	0
143.067942	200	204	4	6286	727704	754086	1	0
143.076707	200	204	4	6286	727704	754086	1	0
143.090782	200	204	4	6286	727704	754086	1	0
143.100113	200	204	4	6286	727704	754086	1	0
143.115169	200	204	4	6286	727704	754086	1	0
143.129576	200	204	4	6286	727704	754086	1	0
143.144113	200	204	4	6286	727704	754086	1	0
143.156490	200	204	4	6286	727704	754086	1	0
143.162147	200	204	4	6286	727704	754086	1	0
143.175025	200	204	4	6286	727704	754086	1	0
143.183598	200	204	4	6286	727704	754086	1	0
143.194718	200	204	4	6286	727704	754086	1	0
143.200234	200	204	4	6286	727704	754086	1	0
143.211792	200	204	4	6286	727704	754086	1	0
143.226865	200	204	4	6286	727704	754086	1	0
143.237903	200	204	4	6286	727704	754086	1	0
143.244277	200	204	4	6286	727704	754086	1	0
143.251733	200	204	4	6286	727704	754086	1	0
143.257341	200	204	4	6286	727704	754086	1	0
143.263646	200	204	4	6286	727704	754086	1	0
143.270559	200	204	4	6286	727704	754086	1	0
143.282755	200	204	4	6286	727704	754086	1	0
143.297340	200	204	4	6286	727704	754086	1	0
143.303005	200	204	4	6286	727704	754086	1	0
143.314071	200	204	4	6286	727704	754086	1	0
143.326382	200	204	4	6286	727704	754086	1	0
143.332264	200	204	4	6286	727704	754086	1	0
143.341382	200	204	4	6286	727704	754086	1	0
143.348853	200	204	4	6286	727704	754086	1	0
143.363572	200	204	4	6286	727704	754086	1	0
143.373163	200	204	4	6286	727704	754086	1	0
143.384226	200	204	4	6286	727704	754086	1	0
143.397977	200	204	4	6286	727704	754086	1	0
143.403711	200	204	4	6286	727704	754086	1	0
143.417005	200	204	4	6286	727704	754086	1	0
143.431968	200	204	4	6286	727704	754086	1	0
143.443902	200	204	4	6286	727704	754086	1	0
143.452486	200	204	4	6286	727704	754086	1	0
143.461046	200	204	4	6286	727704	754086	1	0
143.472030	200	204	4	6286	727704	754086	1	0
143.484976	200	204	4	6286	727704	754086	1	0
143.491064	200	204	4	6286	727704	754086	1	0
143.500032	200	204	4	6287	727704	754086	1	0
143.508531	200	204	4	6287	727704	754086	1	0
143.518167	200	204	4	6287	727704	754086	1	0
143.530915	200	204	4	6287	727704	754086	1	0
143.543809	200	204	4	6287	727704	754086	1	0
143.549440	200	204	4	6287	727704	754086	1	0
143.557245	200	204	4	6287	727704	754086	1	0
143.566097	200	204	4	6287	727704	754086	1	0
143.573397	200	204	4	6287	727704	754086	1	0
143.587161	200	204	4	6287	727704	754086	1	0
143.592883	200	204	4	6287	727704	754086	1	0
143.602104	200	204	4	6287	727704	754086	1	0
143.616673	200	204	4	6287	727704	754086	1	0
143.627526	200	204	4	6287	727704	754086	1	0
143.641915	200	204	4	6287	727704	754086	1	0
143.650781	200	204	4	6287	727704	754086	1	0
143.664457	200	204	4	6287	727704	754086	1	0
143.675254	200	204	4	6287	727704	754086	1	0
143.683464	200	204	4	6287	727704	754086	1	0
143.693010	200	204	4	6287	727704	754086	1	0
143.707423	200	204	4	6287	727704	754086	1	0
143.718848	200	204	4	6287	727704	754086	1	0
143.725069	200	204	4	6287	727704	754086	1	0
143.733305	200	204	4	6287	727704	754086	1	0
143.746994	200	204	4	6287	727704	754086	1	0
143.753624	200	204	4	6287	727704	754086	1	0
143.763605	200	204	4	6287	727704	754086	1	0
143.778717	200	204	4	6287	727704	754086	1	0
143.786333	200	204	4	6287	727704	754086	1	0
143.799955	200	204	4	6287	727704	754086	1	0
143.814063	200	204	4	6287	727704	754086	1	0
143.822032	200	204	4	6287	727704	754086	1	0
143.832216	200	204	4	6287	727704	754086	1	0
143.839656	200	204	4	6287	727704	754086	1	0
143.853611	200	204	4	6287	727704	754086	1	0
143.868676	200	204	4	6287	727704	754086	1	0
143.883517	200	204	4	6287	727704	754086	1	0
143.891974	200	204	4	6287	727704	754086	1	0
143.902103	200	204	4	6287	727704	754086	1	0
143.911986	200	204	4	6287	727704	754086	1	0
143.924633	200	204	4	6287	727704	754086	1	0
143.931369	200	204	4	6287	727704	754086	1	0
143.943565	200	204	4	6287	727704	754086	1	0
143.956637	200	204	4	6287	727704	754086	1	0
143.964719	200	204	4	6287	727704	754086	1	0
143.970833	200	204	4	6287	727704	754086	1	0
143.982630	200	204	4	6287	727704	754086	1	0
143.995999	200	204	4	6287	727704	754086	1	0
144.003737	200	204	4	6287	727704	754086	1	0
144.013713	200	204	4	6287	727704	754086	1	0
144.019417	200	204	4	6287	727704	754086	1	0
144.029321	200	204	4	6287	727704	754086	1	0
144.039089	200	204	4	6287	727704	754086	1	0
144.050242	200	204	4	6287	727704	754086	1	0
144.062850	200	204	4	6288	727704	754086	1	0
144.072066	200	204	4	6288	727704	754086	1	0
144.077486	200	204	4	6288	727704	754086	1	0
144.084289	200	204	4	6288	727704	754086	1	0
144.095548	200	204	4	6288	727704	754086	1	0
144.101311	200	204	4	6288	727704	754086	1	0
144.113229	200	204	4	6288	727704	754086	1	0
144.124976	200	204	4	6288	727704	754086	1	0
144.134243	200	204	4	6288	727704	754086	1	0
144.148000	200	204	4	6288	727704	754086	1	0
144.162283	200	204	4	6288	727704	754086	1	0
144.171790	200	204	4	6288	727704	754086	1	0
144.184886	200	204	4	6288	727704	754086	1	0
144.196746	200	204	4	6288	727704	754086	1	0
144.204614	200	204	4	6288	727704	754086	1	0
144.213826	200	204	4	6288	727704	754086	1	0
144.223440	200	204	4	6288	727704	754086	1	0
144.229752	200	204	4	6288	727704	754086	1	0
144.237467	200	204	4	6288	727704	754086	1	0
144.243161	200	204	4	6288	727704	754086	1	0
144.255902	200	204	4	6288	727704	754086	1	0
144.262007	200	204	4	6288	727704	754086	1	0
144.273425	200	204	4	6288	727704	754086	1	0
144.282930	200	204	4	6288	727704	754086	1	0
144.291654	200	204	4	6288	727704	754086	1	0
144.297569	200	204	4	6288	727704	754086	1	0
144.308690	200	204	4	6288	727704	754086	1	0
144.320534	200	204	4	6288	727704	754086	1	0
144.332089	200	204	4	6288	727704	754086	1	0
144.344067	200	204	4	6288	727704	754086	1	0
144.354430	200	204	4	6288	727704	754086	1	0
144.361508	200	204	4	6288	727704	754086	1	0
144.376501	200	204	4	6288	727704	754086	1	0
144.383656	200	204	4	6288	727704	754086	1	0
144.390607	200	204	4	6288	727704	754086	1	0
144.403711	200	204	4	6288	727704	754086	1	0
144.418442	200	204	4	6288	727704	754086	1	0
144.431971	200	204	4	6288	727704	754086	1	0
144.441709	200	204	4	6288	727704	754086	1	0
144.453641	200	204	4	6288	727704	754086	1	0
144.464838	200	204	4	6288	727704	754086	1	0
144.472512	200	204	4	6288	727704	754086	1	0
144.483582	200	204	4	6288	727704	754086	1	0
144.489924	200	204	4	6288	727704	754086	1	0
144.500763	200	204	4	6288	727704	754086	1	0
144.512272	200	204	4	6288	727704	754086	1	0
144.526497	200	204	4	6288	727704	754086	1	0
144.533655	200	204	4	6288	727704	754086	1	0
144.539207	200	204	4	6288	727704	754086	1	0
144.552565	200	204	4	6288	727704	754086	1	0
144.562151	200	204	4	6288	727704	754086	1	0
144.568044	200	204	4	6288	727704	754086	1	0
144.578049	200	204	4	6288	727704	754086	1	0
144.589707	200	204	4	6288	727704	754086	1	0
144.595168	200	204	4	6288	727704	754086	1	0
144.601656	200	204	4	6288	727704	754086	1	0
144.615373	200	204	4	6288	727704	754086	1	0
144.621801	200	204	4	6288	727704	754086	1	0
144.632024	200	204	4	6288	727704	754086	1	0
144.640354	200	204	4	6288	727704	754086	1	0
144.653965	200	204	4	6288	727704	754086	1	0
144.668169	200	204	4	6288	727704	754086	1	0
144.675374	200	204	4	6288	727704	754086	1	0
144.684211	200	204	4	6288	727704	754086	1	0
144.697652	200	204	4	6288	727704	754086	1	0
144.710409	200	204	4	6288	727704	754086	1	0
144.721694	200	204	4	6288	727704	754086	1	0
144.736186	200	204	4	6288	727704	754086	1	0
144.750928	200	204	4	6288	727704	754086	1	0
144.759205	200	204	4	6288	727704	754086	1	0
144.771971	200	204	4	6288	727704	754086	1	0
144.785471	200	204	4	6288	727704	754086	1	0
144.798678	200	204	4	6288	727704	754086	1	0
144.807448	200	204	4	6288	727704	754086	1	0
144.822511	200	204	4	6288	727704	754086	1	0
144.827931	200	204	4	6288	727704	754086	1	0
144.833437	200	204	4	6288	727704	754086	1	0
144.845974	200	204	4	6288	727704	754086	1	0
144.856249	200	204	4	6288	727704	754086	1	0
144.867880	200	204	4	6288	727704	754086	1	0
144.880561	200	204	4	6288	727704	754086	1	0
144.886930	200	204	4	6288	727704	754086	1	0
144.895569	200	204	4	6288	727704	754086	1	0
144.908631	200	204	4	6288	727704	754086	1	0
144.917021	200	204	4	6288	727704	754086	1	0
144.928370	200	204	4	6288	727704	754086	1	0
144.936260	200	204	4	6288	727704	754086	1	0
144.951452	200	204	4	6288	727704	754086	1	0
144.966226	200	204	4	6288	727704	754086	1	0
144.979782	200	204	4	6288	727704	754086	1	0
144.991583	200	204	4	6288	727704	754086	1	0
145.002863	200	204	4	6288	727704	754086	1	0
145.014887	200	204	4	6288	727704	754086	1	0
145.025342	200	204	4	6288	727704	754086	1	0
145.035216	200	204	4	6288	727704	754086	1	0
145.047870	200	204	4	6288	727704	754086	1	0
145.054710	200	204	4	6288	727704	754086	1	0
145.065557	200	204	4	6288	727704	754086	1	0
145.071817	200	204	4	6288	727704	754086	1	0
145.082054	200	204	4	6288	727704	754086	1	0
145.093705	200	204	4	6288	727704	754086	1	0
145.104212	200	204	4	6288	727704	754086	1	0
145.111083	200	204	4	6288	727704	754086	1	0
145.122084	200	204	4	6288	727704	754086	1	0
145.127355	200	204	4	6288	727704	754086	1	0
145.136352	200	204	4	6288	727704	754086	1	0
145.143495	200	204	4	6288	727704	754086	1	0
145.154906	200	204	4	6288	727704	754086	1	0
145.165529	200	204	4	6288	727704	754086	1	0
145.180455	200	204	4	6288	727704	754086	1	0
145.193095	200	204	4	6288	727704	754086	1	0
145.203059	200	204	4	6288	727704	754086	1	0
145.209588	200	204	4	6288	727704	754086	1	0
145.215781	200	204	4	6288	727704	754086	1	0
145.222518	200	204	4	6288	727704	754086	1	0
145.231342	200	204	4	6288	727704	754086	1	0
145.237834	200	204	4	6288	727704	754086	1	0
145.250200	200	204	4	6288	727704	754086	1	0
145.262216	200	204	4	6288	727704	754086	1	0
145.268838	200	204	4	6288	727704	754086	1	0
145.283133	200	204	4	6288	727704	754086	1	0
145.297812	200	204	4	6288	727704	754086	1	0
145.311962	200	204	4	6288	727704	754086	1	0
145.318897	200	204	4	6288	727704	754086	1	0
145.331220	200	204	4	6288	727704	754086	1	0
145.344350	200	204	4	6288	727704	754086	1	0
145.352202	200	204	4	6288	727704	754086	1	0
145.363866	200	204	4	6288	727704	754086	1	0
145.374661	200	204	4	6288	727704	754086	1	0
145.384320	200	204	4	6288	727704	754086	1	0
145.395264	200	204	4	6288	727704	754086	1	0
145.408178	200	204	4	6288	727704	754086	1	0
145.415190	200	204	4	6288	727704	754086	1	0
145.426823	200	204	4	6288	727704	754086	1	0
145.434516	200	204	4	6288	727704	754086	1	0
145.449159	200	204	4	6288	727704	754086	1	0
145.456928	200	204	4	6288	727704	754086	1	0
145.471161	200	204	4	6288	727704	754086	1	0
145.480133	200	204	4	6288	727704	754086	1	0
145.492046	200	204	4	6288	727704	754086	1	0
145.507104	200	204	4	6288	727704	754086	1	0
145.515803	200	204	4	6288	727704	754086	1	0
145.522532	200	204	4	6288	727704	754086	1	0
145.536239	200	204	4	6288	727704	754086	1	0
145.543550	200	204	4	6288	727704	754086	1	0
145.553867	200	204	4	6288	727704	754086	1	0
145.568975	200	204	4	6288	727704	754086	1	0
145.577723	200	204	4	6288	727704	754086	1	0
145.585720	200	204	4	6288	727704	754086	1	0
145.592049	200	204	4	6288	727704	754086	1	0
145.598765	200	204	4	6288	727704	754086	1	0
145.612234	200	204	4	6288	727704	754086	1	0
145.620276	200	204	4	6288	727704	754086	1	0
145.630763	200	204	4	6288	727704	754086	1	0
145.638847	200	204	4	6288	727704	754086	1	0
145.653611	200	204	4	6288	727704	754086	1	0
145.661156	200	204	4	6288	727704	754086	1	0
145.669277	200	204	4	6288	727704	754086	1	0
145.680316	200	204	4	6288	727704	754086	1	0
145.689658	200	204	4	6288	727704	754086	1	0
145.699732	200	204	4	6288	727704	754086	1	0
145.713949	200	204	4	6288	727704	754086	1	0
145.724803	200	204	4	6288	727704	754086	1	0
145.739536	200	204	4	6288	727704	754086	1	0
145.747190	200	204	4	6288	727704	754086	1	0
145.759332	200	204	4	6288	727704	754086	1	0
145.768596	200	204	4	6288	727704	754086	1	0
145.778327	200	204	4	6288	727704	754086	1	0
145.793216	200	204	4	6288	727704	754086	1	0
145.804220	200	204	4	6288	727704	754086	1	0
145.815512	200	204	4	6288	727704	754086	1	0
145.827128	200	204	4	6288	727704	754086	1	0
145.833045	200	204	4	6288	727704	754086	1	0
145.847885	200	204	4	6288	727704	754086	1	0
145.857533	200	204	4	6288	727704	754086	1	0
145.863990	200	204	4	6288	727704	754086	1	0
145.875430	200	204	4	6288	727704	754086	1	0
145.888398	200	204	4	6288	727704	754086	1	0
145.896189	200	204	4	6288	727704	754086	1	0
145.909398	200	204	4	6288	727704	754086	1	0
145.916667	200	204	4	6288	727704	754086	1	0
145.926146	200	204	4	6288	727704	754086	1	0
145.932870	200	204	4	6288	727704	754086	1	0
145.943451	200	204	4	6288	727704	754086	1	0
145.952206	200	204	4	6288	727704	754086	1	0
145.960857	200	204	4	6288	727704	754086	1	0
145.967703	200	204	4	6288	727704	754086	1	0
145.981915	200	204	4	6288	727704	754086	1	0
145.992224	200	204	4	6288	727704	754086	1	0
146.002353	200	204	4	6288	727704	754086	1	0
146.015645	200	204	4	6288	727704	754086	1	0
146.025673	200	204	4	6288	727704	754086	1	0
146.033875	200	204	4	6288	727704	754086	1	0
146.041822	200	204	4	6288	727704	754086	1	0
146.048429	200	204	4	6288	727704	754086	1	0
146.061264	200	204	4	6288	727704	754086	1	0
146.067052	200	204	4	6288	727704	754086	1	0
146.077517	200	204	4	6288	727704	754086	1	0
146.089873	200	204	4	6288	727704	754086	1	0
146.097828	200	204	4	6288	727704	754086	1	0
146.109304	200	204	4	6288	727704	754086	1	0
146.114577	200	204	4	6288	727704	754086	1	0
146.128272	200	204	4	6288	727704	754086	1	0
146.134796	200	204	4	6288	727704	754086	1	0
146.146554	200	204	4	6288	727704	754086	1	0
146.160513	200	204	4	6288	727704	754086	1	0
146.167247	200	204	4	6288	727704	754086	1	0
146.177757	200	204	4	6288	727704	754086	1	0
146.186412	200	204	4	6288	727704	754086	1	0
146.195878	200	204	4	6288	727704	754086	1	0
146.210494	200	204	4	6288	727704	754086	1	0
146.218504	200	204	4	6288	727704	754086	1	0
146.228005	200	204	4	6288	727704	754086	1	0
146.234956	200	204	4	6288	727704	754086	1	0
146.249726	200	204	4	6288	727704	754086	1	0
146.257386	200	204	4	6288	727704	754086	1	0
146.265697	200	204	4	6288	727704	754086	1	0
146.276537	200	204	4	6288	727704	754086	1	0
146.289832	200	204	4	6288	727704	754086	1	0
146.303134	200	204	4	6288	727704	754086	1	0
146.310696	200	204	4	6288	727704	754086	1	0
146.320810	200	204	4	6288	727704	754086	1	0
146.328628	200	204	4	6288	727704	754086	1	0
146.335469	200	204	4	6288	727704	754086	1	0
146.346029	200	204	4	6288	727704	754086	1	0
146.361151	200	204	4	6288	727704	754086	1	0
146.367060	200	204	4	6288	727704	754086	1	0
146.378737	200	204	4	6288	727704	754086	1	0
146.384699	200	204	4	6288	727704	754086	1	0
146.398005	200	204	4	6288	727704	754086	1	0
146.409449	200	204	4	6288	727704	754086	1	0
146.417495	200	204	4	6288	727704	754086	1	0
146.425113	200	204	4	6288	727704	754086	1	0
146.436616	200	204	4	6288	727704	754086	1	0
146.450976	200	204	4	6288	727704	754086	1	0
146.460883	200	204	4	6288	727704	754086	1	0
146.470268	200	204	4	6288	727704	754086	1	0
146.477375	200	204	4	6288	727704	754086	1	0
146.486866	200	204	4	6288	727704	754086	1	0
146.497780	200	204	4	6288	727704	754086	1	0
146.506991	200	204	4	6288	727704	754086	1	0
146.519685	200	204	4	6288	727704	754086	1	0
146.528942	200	204	4	6288	727704	754086	1	0
146.542546	200	204	4	6288	727704	754086	1	0
146.548591	200	204	4	6288	727704	754086	1	0
146.562608	200	204	4	6288	727704	754086	1	0
146.575400	200	204	4	6288	727704	754086	1	0
146.588701	200	204	4	6288	727704	754086	1	0
146.603890	200	204	4	6288	727704	754086	1	0
146.616561	200	204	4	6288	727704	754086	1	0
146.625381	200	204	4	6288	727704	754086	1	0
146.637528	200	204	4	6288	727704	754086	1	0
146.645801	200	204	4	6288	727704	754086	1	0
146.651318	200	204	4	6288	727704	754086	1	0
146.663733	200	204	4	6288	727704	754086	1	0
146.674739	200	204	4	6288	727704	754086	1	0
146.689122	200	204	4	6288	727704	754086	1	0
146.699027	200	204	4	6288	727704	754086	1	0
146.713105	200	204	4	6288	727704	754086	1	0
146.718686	200	204	4	6288	727704	754086	1	0
146.730644	200	204	4	6288	727704	754086	1	0
146.744237	200	204	4	6288	727704	754086	1	0
146.756265	200	204	4	6288	727704	754086	1	0
146.766143	200	204	4	6288	727704	754086	1	0
146.776658	200	204	4	6288	727704	754086	1	0
146.782015	200	204	4	6288	727704	754086	1	0
146.790679	200	204	4	6288	727704	754086	1	0
146.803831	200	204	4	6288	727704	754086	1	0
146.817590	200	204	4	6288	727704	754086	1	0
146.831417	200	204	4	6288	727704	754086	1	0
146.840044	200	204	4	6288	727704	754086	1	0
146.845243	200	204	4	6288	727704	754086	1	0
146.856489	200	204	4	6288	727704	754086	1	0
146.862526	200	204	4	6288	727704	754086	1	0
146.877351	200	204	4	6288	727704	754086	1	0
146.883210	200	204	4	6288	727704	754086	1	0
146.894525	200	204	4	6288	727704	754086	1	0
146.903897	200	204	4	6288	727704	754086	1	0
146.911048	200	204	4	6288	727704	754086	1	0
146.922898	200	204	4	6288	727704	754086	1	0
146.929709	200	204	4	6288	727704	754086	1	0
146.938921	200	204	4	6288	727704	754086	1	0
146.946157	200	204	4	6288	727704	754086	1	0
146.958982	200	204	4	6288	727704	754086	1	0
146.968920	200	204	4	6288	727704	754086	1	0
146.982004	200	204	4	6288	727704	754086	1	0
146.994072	200	204	4	6288	727704	754086	1	0
147.005810	200	204	4	6288	727704	754086	1	0
147.015522	200	204	4	6288	727704	754086	1	0
147.027908	200	204	4	6288	727704	754086	1	0
147.038761	200	204	4	6288	727704	754086	1	0
147.044769	200	204	4	6288	727704	754086	1	0
147.059118	200	204	4	6288	727704	754086	1	0
147.073481	200	204	4	6288	727704	754086	1	0
147.079515	200	204	4	6288	727704	754086	1	0
147.092085	200	204	4	6288	727704	754086	1	0
147.102562	200	204	4	6288	727704	754086	1	0
147.110943	200	204	4	6288	727704	754086	1	0
147.118363	200	204	4	6288	727704	754086	1	0
147.130695	200	204	4	6288	727704	754086	1	0
147.145390	200	204	4	6288	727704	754086	1	0
147.157764	200	204	4	6288	727704	754086	1	0
147.163978	200	204	4	6288	727704	754086	1	0
147.175855	200	204	4	6288	727704	754086	1	0
147.181929	200	204	4	6288	727704	754086	1	0
147.190816	200	204	4	6288	727704	754086	1	0
147.203145	200	204	4	6288	727704	754086	1	0
147.217246	200	204	4	6288	727704	754086	1	0
147.229801	200	204	4	6288	727704	754086	1	0
147.242173	200	204	4	6288	727704	754086	1	0
147.249760	200	204	4	6288	727704	754086	1	0
147.255368	200	204	4	6288	727704	754086	1	0
147.270484	200	204	4	6288	727704	754086	1	0
147.275991	200	204	4	6288	727704	754086	1	0
147.283670	200	204	4	6288	727704	754086	1	0
147.291690	200	204	4	6288	727704	754086	1	0
147.298151	200	204	4	6288	727704	754086	1	0
147.311849	200	204	4	6288	727704	754086	1	0
147.322487	200	204	4	6288	727704	754086	1	0
147.331818	200	204	4	6288	727704	754086	1	0
147.343791	200	204	4	6288	727704	754086	1	0
147.357738	200	204	4	6288	727704	754086	1	0
147.364040	200	204	4	6288	727704	754086	1	0
147.372469	200	204	4	6288	727704	754086	1	0
147.381649	200	204	4	6288	727704	754086	1	0
147.392028	200	204	4	6288	727704	754086	1	0
147.401383	200	204	4	6288	727704	754086	1	0
147.407852	200	204	4	6288	727704	754086	1	0
147.419642	200	204	4	6288	727704	754086	1	0
147.431474	200	204	4	6288	727704	754086	1	0
147.441686	200	204	4	6288	727704	754086	1	0
147.448582	200	204	4	6288	727704	754086	1	0
147.461976	200	204	4	6288	727704	754086	1	0
147.468997	200	204	4	6288	727704	754086	1	0
147.477664	200	204	4	6288	727704	754086	1	0
147.488559	200	204	4	6288	727704	754086	1	0
147.496290	200	204	4	6288	727704	754086	1	0
147.504739	200	204	4	6288	727704	754086	1	0
147.518769	200	204	4	6288	727704	754086	1	0
147.526118	200	204	4	6288	727704	754086	1	0
147.532840	200	204	4	6288	727704	754086	1	0
147.540915	200	204	4	6288	727704	754086	1	0
147.555216	200	204	4	6288	727704	754086	1	0
147.570123	200	204	4	6288	727704	754086	1	0
147.578487	200	204	4	6288	727704	754086	1	0
147.584499	200	204	4	6288	727704	754086	1	0
147.591175	200	204	4	6288	727704	754086	1	0
147.606305	200	204	4	6288	727704	754086	1	0
147.617786	200	204	4	6288	727704	754086	1	0
147.631111	200	204	4	6288	727704	754086	1	0
147.643790	200	204	4	6288	727704	754086	1	0
147.651032	200	204	4	6288	727704	754086	1	0
147.659538	200	204	4	6288	727704	754086	1	0
147.673426	200	204	4	6288	727704	754086	1	0
147.686260	200	204	4	6288	727704	754086	1	0
147.695547	200	204	4	6288	727704	754086	1	0
147.707086	200	204	4	6288	727704	754086	1	0
147.721003	200	204	4	6288	727704	754086	1	0
147.727265	200	204	4	6288	727704	754086	1	0
147.736160	200	204	4	6288	727704	754086	1	0
147.745483	200	204	4	6288	727704	754086	1	0
147.752667	200	204	4	6288	727704	754086	1	0
147.767548	200	204	4	6288	727704	754086	1	0
147.782585	200	204	4	6288	727704	754086	1	0
147.796462	200	204	4	6288	727704	754086	1	0
147.806002	200	204	4	6288	727704	754086	1	0
147.815246	200	204	4	6288	727704	754086	1	0
147.827155	200	204	4	6288	727704	754086	1	0
147.834288	200	204	4	6288	727704	754086	1	0
147.848007	200	204	4	6288	727704	754086	1	0
147.856239	200	204	4	6288	727704	754086	1	0
147.864332	200	204	4	6288	727704	754086	1	0
147.875516	200	204	4	6288	727704	754086	1	0
147.885939	200	204	4	6288	727704	754086	1	0
147.893902	200	204	4	6288	727704	754086	1	0
147.906720	200	204	4	6288	727704	754086	1	0
147.914413	200	204	4	6288	727704	754086	1	0
147.924654	200	204	4	6288	727704	754086	1	0
147.938124	200	204	4	6288	727704	754086	1	0
147.944571	200	204	4	6288	727704	754086	1	0
147.956251	200	204	4	6288	727704	754086	1	0
147.967648	200	204	4	6288	727704	754086	1	0
147.981939	200	204	4	6288	727704	754086	1	0
147.992079	200	204	4	6288	727704	754086	1	0
148.005161	200	204	4	6288	727704	754086	1	0
148.018856	200	204	4	6288	727704	754086	1	0
148.028337	200	204	4	6288	727704	754086	1	0
148.033763	200	204	4	6288	727704	754086	1	0
148.042965	200	204	4	6288	727704	754086	1	0
148.056512	200	204	4	6288	727704	754086	1	0
148.067502	200	204	4	6288	727704	754086	1	0
148.078903	200	204	4	6288	727704	754086	1	0
148.086424	200	204	4	6288	727704	754086	1	0
148.096331	200	204	4	6288	727704	754086	1	0
148.107770	200	204	4	6288	727704	754086	1	0
148.120371	200	204	4	6288	727704	754086	1	0
148.131070	200	204	4	6288	727704	754086	1	0
148.138879	200	204	4	6288	727704	754086	1	0
148.150767	200	204	4	6288	727704	754086	1	0
148.156588	200	204	4	6288	727704	754086	1	0
148.165603	200	204	4	6288	727704	754086	1	0
148.180455	200	204	4	6288	727704	754086	1	0
148.192806	200	204	4	6288	727704	754086	1	0
148.203428	200	204	4	6288	727704	754086	1	0
148.211444	200	204	4	6288	727704	754086	1	0
148.218150	200	204	4	6288	727704	754086	1	0
148.229827	200	204	4	6288	727704	754086	1	0
148.235812	200	204	4	6288	727704	754086	1	0
148.248953	200	204	4	6288	727704	754086	1	0
148.259643	200	204	4	6288	727704	754086	1	0
148.272524	200	204	4	6288	727704	754086	1	0
148.287122	200	204	4	6288	727704	754086	1	0
148.292662	200	204	4	6288	727704	754086	1	0
148.301094	200	204	4	6288	727704	754086	1	0
148.314647	200	204	4	6288	727704	754086	1	0
148.329050	200	204	4	6288	727704	754086	1	0
148.344129	200	204	4	6288	727704	754086	1	0
148.356068	200	204	4	6288	727704	754086	1	0
148.370110	200	204	4	6288	727704	754086	1	0
148.378223	200	204	4	6288	727704	754086	1	0
148.390982	200	204	4	6288	727704	754086	1	0
148.397034	200	204	4	6288	727704	754086	1	0
148.409557	200	204	4	6288	727704	754086	1	0
148.417403	200	204	4	6288	727704	754086	1	0
148.428924	200	204	4	6288	727704	754086	1	0
148.437831	200	204	4	6288	727704	754086	1	0
148.445906	200	204	4	6288	727704	754086	1	0
148.457836	200	204	4	6288	727704	754086	1	0
148.472108	200	204	4	6288	727704	754086	1	0
148.483234	200	204	4	6288	727704	754086	1	0
148.489225	200	204	4	6288	727704	754086	1	0
148.495708	200	204	4	6288	727704	754086	1	0
148.501032	200	204	4	6288	727704	754086	1	0
148.509154	200	204	4	6288	727704	754086	1	0
148.520635	200	204	4	6288	727704	754086	1	0
148.535185	200	204	4	6288	727704	754086	1	0
148.546238	200	204	4	6288	727704	754086	1	0
148.554833	200	204	4	6288	727704	754086	1	0
148.561776	200	204	4	6288	727704	754086	1	0
148.569948	200	204	4	6288	727704	754086	1	0
148.582898	200	204	4	6288	727704	754086	1	0
148.592393	200	204	4	6288	727704	754086	1	0
148.599391	200	204	4	6288	727704	754086	1	0
148.606240	200	204	4	6288	727704	754086	1	0
148.614749	200	204	4	6288	727704	754086	1	0
148.626501	200	204	4	6288	727704	754086	1	0
148.638459	200	204	4	6288	727704	754086	1	0
148.653289	200	204	4	6288	727704	754086	1	0
148.661651	200	204	4	6288	727704	754086	1	0
148.673459	200	204	4	6288	727704	754086	1	0
148.686334	200	204	4	6288	727704	754086	1	0
148.697703	200	204	4	6288	727704	754086	1	0
148.711741	200	204	4	6288	727704	754086	1	0
148.722803	200	204	4	6288	727704	754086	1	0
148.729366	200	204	4	6288	727704	754086	1	0
148.740976	200	204	4	6288	727704	754086	1	0
148.751175	200	204	4	6288	727704	754086	1	0
148.761337	200	204	4	6288	727704	754086	1	0
148.774190	200	204	4	6288	727758	754086	1	0
148.780577	200	204	4	6288	727758	754086	1	0
148.789860	200	204	4	6288	727758	754086	1	0
148.801628	200	204	4	6288	727758	754086	1	0
148.813480	200	204	4	6288	727758	754086	1	0
148.818687	200	204	4	6288	727758	754086	1	0
148.832211	200	204	4	6288	727758	754086	1	0
148.839985	200	204	4	6288	727758	754086	1	0
148.846380	200	204	4	6288	727758	754086	1	0
148.851778	200	204	4	6288	727758	754086	1	0
148.861044	200	204	4	6288	727758	754086	1	0
148.868156	200	204	4	6288	727758	754086	1	0
148.882648	200	204	4	6288	727758	754086	1	0
148.894143	200	204	4	6288	727758	754086	1	0
148.900001	200	204	4	6288	727758	754086	1	0
148.906675	200	204	4	6288	727758	754086	1	0
148.919827	200	204	4	6288	727758	754086	1	0
148.926008	200	204	4	6288	727758	754086	1	0
148.940864	200	204	4	6288	727758	754086	1	0
148.948636	200	204	4	6288	727758	754086	1	0
148.959306	200	204	4	6288	727758	754086	1	0
148.972141	200	204	4	6288	727758	754086	1	0
148.980313	200	204	4	6288	727758	754086	1	0
148.992747	200	204	4	6288	727758	754086	1	0
149.005948	200	204	4	6288	727758	754086	1	0
149.019025	200	204	4	6288	727758	754086	1	0
149.029986	200	204	4	6288	727758	754086	1	0
149.040614	200	204	4	6288	727758	754086	1	0
149.051064	200	204	4	6288	727758	754086	1	0
149.062266	200	204	4	6288	727758	754086	1	0
149.071921	200	204	4	6288	727758	754086	1	0
149.083167	200	204	4	6288	727758	754086	1	0
149.088371	200	204	4	6288	727758	754086	1	0
149.100980	200	204	4	6288	727758	754086	1	0
149.116089	200	204	4	6288	727758	754086	1	0
149.124679	200	204	4	6288	727758	754086	1	0
149.130394	200	204	4	6288	727758	754086	1	0
149.138868	200	204	4	6288	727758	754086	1	0
149.150758	200	204	4	6288	727758	754086	1	0
149.160099	200	204	4	6288	727758	754086	1	0
149.171511	200	204	4	6288	727758	754086	1	0
149.181688	200	204	4	6288	727758	754086	1	0
149.196045	200	204	4	6288	727758	754086	1	0
149.206043	200	204	4	6288	727758	754086	1	0
149.212280	200	204	4	6288	727758	754086	1	0
149.218570	200	204	4	6288	727758	754086	1	0
149.233722	200	204	4	6288	727758	754086	1	0
149.239314	200	204	4	6288	727758	754086	1	0
149.244747	200	204	4	6288	727758	754086	1	0
149.257165	200	204	4	6288	727758	754086	1	0
149.270351	200	204	4	6288	727758	754086	1	0
149.277509	200	204	4	6288	727758	754086	1	0
149.290008	200	204	4	6289	727758	754086	1	0
149.296919	200	204	4	6289	727758	754086	1	0
149.307254	200	204	4	6289	727758	754086	1	0
149.317078	200	204	4	6289	727758	754086	1	0
149.331672	200	204	4	6289	727758	754086	1	0
149.340787	200	204	4	6289	727758	754086	1	0
149.346700	200	204	4	6289	727758	754086	1	0
149.356159	200	204	4	6289	727758	754086	1	0
149.369837	200	204	4	6289	727758	754086	1	0
149.381552	200	204	4	6289	727758	754086	1	0
149.387324	200	204	4	6289	727758	754086	1	0
149.394586	200	204	4	6289	727758	754086	1	0
149.406547	200	204	4	6289	727758	754086	1	0
149.416323	200	204	4	6289	727758	754086	1	0
149.431384	200	204	4	6289	727758	754086	1	0
149.445897	200	204	4	6289	727758	754086	1	0
149.455770	200	204	4	6289	727758	754086	1	0
149.468799	200	204	4	6289	727758	754086	1	0
149.482580	200	204	4	6289	727758	754086	1	0
149.493784	200	204	4	6289	727758	754086	1	0
149.500043	200	204	4	6289	727758	754086	1	0
149.511443	200	204	4	6289	727758	754086	1	0
149.517324	200	204	4	6289	727758	754086	1	0
149.523848	200	204	4	6289	727758	754086	1	0
149.536599	200	204	4	6289	727758	754086	1	0
149.551491	200	204	4	6289	727758	754086	1	0
149.559579	200	204	4	6289	727758	754086	1	0
149.572031	200	204	4	6289	727758	754086	1	0
149.581637	200	204	4	6289	727758	754086	1	0
149.588612	200	204	4	6289	727758	754086	1	0
149.594072	200	204	4	6289	727758	754086	1	0
149.604044	200	204	4	6289	727758	754086	1	0
149.611129	200	204	4	6289	727758	754086	1	0
149.618973	200	204	4	6289	727758	754086	1	0
149.625532	200	204	4	6289	727758	754086	1	0
149.633678	200	204	4	6289	727758	754086	1	0
149.648310	200	204	4	6289	727758	754086	1	0
149.658822	200	204	4	6289	727758	754086	1	0
149.671381	200	204	4	6289	727758	754086	1	0
149.676791	200	204	4	6289	727758	754086	1	0
149.690711	200	204	4	6289	727758	754086	1	0
149.699757	200	204	4	6289	727758	754086	1	0
149.710562	200	204	4	6289	727758	754086	1	0
149.725714	200	204	4	6289	727758	754086	1	0
149.738125	200	204	4	6289	727758	754086	1	0
149.753190	200	204	4	6289	727758	754086	1	0
149.758709	200	204	4	6289	727758	754086	1	0
149.767474	200	204	4	6289	727758	754086	1	0
149.775123	200	204	4	6289	727758	754086	1	0
149.786037	200	204	4	6289	727758	754086	1	0
149.799869	200	204	4	6289	727758	754086	1	0
149.810135	200	204	4	6289	727758	754086	1	0
149.816515	200	204	4	6289	727758	754086	1	0
149.823690	200	204	4	6289	727758	754086	1	0
149.833438	200	204	4	6289	727758	754086	1	0
149.842494	200	204	4	6289	727758	754086	1	0
149.857468	200	204	4	6289	727758	754086	1	0
149.871566	200	204	4	6289	727758	754086	1	0
149.882431	200	204	4	6289	727758	754086	1	0
149.888621	200	204	4	6289	727758	754086	1	0
149.903585	200	204	4	6289	727758	754086	1	0
149.913665	200	204	4	6289	727758	754086	1	0
149.924561	200	204	4	6289	727758	754086	1	0
149.934769	200	204	4	6289	727758	754086	1	0
149.943196	200	204	4	6289	727758	754086	1	0
149.952059	200	204	4	6289	727758	754086	1	0
149.958592	200	204	4	6289	727758	754086	1	0
149.964285	200	204	4	6289	727758	754086	1	0
149.975983	200	204	4	6289	727758	754086	1	0
149.989395	200	204	4	6289	727758	754086	1	0
149.996738	200	204	4	6289	727758	754086	1	0
150.011245	200	204	4	6289	727758	754086	1	0
150.016753	200	204	4	6289	727758	754086	1	0
150.022871	200	204	4	6289	727758	754086	1	0
150.029329	200	204	4	6289	727758	754086	1	0
150.039060	200	204	4	6289	727758	754086	1	0
150.052240	200	204	4	6289	727758	754086	1	0
150.063806	200	204	4	6289	727758	754086	1	0
150.076505	200	204	4	6290	727758	754086	1	0
150.082724	200	204	4	6290	727758	754086	1	0
150.092764	200	204	4	6290	727758	754086	1	0
150.105938	200	204	4	6290	727758	754086	1	0
150.113658	200	204	4	6290	727758	754086	1	0
150.126364	200	204	4	6290	727758	754086	1	0
150.134721	200	204	4	6290	727758	754086	1	0
150.141425	200	204	4	6290	727758	754086	1	0
150.155684	200	204	4	6290	727758	754086	1	0
150.162234	200	204	4	6290	727758	754086	1	0
150.172898	200	204	4	6290	727758	754086	1	0
150.186344	200	204	4	6290	727758	754086	1	0
150.193335	200	204	4	6290	727758	754086	1	0
150.207302	200	204	4	6290	727758	754086	1	0
150.217273	200	204	4	6290	727758	754086	1	0
150.228874	200	204	4	6290	727758	754086	1	0
150.242766	200	204	4	6290	727758	754086	1	0
150.251327	200	204	4	6290	727758	754086	1	0
150.263402	200	204	4	6290	727758	754086	1	0
150.272519	200	204	4	6290	727758	754086	1	0
150.285098	200	204	4	6290	727758	754086	1	0
150.294043	200	204	4	6290	727758	754086	1	0
150.300169	200	204	4	6290	727758	754086	1	0
150.311510	200	204	4	6290	727758	754086	1	0
150.322632	200	204	4	6290	727758	754086	1	0
150.337406	200	204	4	6290	727758	754086	1	0
150.343964	200	204	4	6290	727758	754086	1	0
150.354641	200	204	4	6290	727758	754086	1	0
150.364849	200	204	4	6290	727758	754086	1	0
150.373883	200	204	4	6290	727758	754086	1	0
150.380955	200	204	4	6290	727758	754086	1	0
150.392191	200	204	4	6290	727758	754086	1	0
150.399559	200	204	4	6290	727758	754086	1	0
150.404893	200	204	4	6290	727758	754086	1	0
150.413342	200	204	4	6290	727758	754086	1	0
150.419846	200	204	4	6290	727758	754086	1	0
150.431475	200	204	4	6290	727758	754086	1	0
150.445270	200	204	4	6290	727758	754086	1	0
150.460447	200	204	4	6290	727758	754086	1	0
150.474290	200	204	4	6290	727758	754086	1	0
150.484744	200	204	4	6290	727758	754086	1	0
150.492805	200	204	4	6290	727758	754086	1	0
150.499871	200	204	4	6290	727758	754086	1	0
150.513460	200	204	4	6290	727758	754086	1	0
150.523714	200	204	4	6290	727758	754086	1	0
150.532362	200	204	4	6290	727758	754086	1	0
150.540539	200	204	4	6290	727758	754086	1	0
150.549260	200	204	4	6290	727758	754086	1	0
150.564419	200	204	4	6290	727758	754086	1	0
150.573411	200	204	4	6290	727758	754086	1	0
150.580346	200	204	4	6290	727758	754086	1	0
150.590701	200	204	4	6290	727758	754086	1	0
150.605275	200	204	4	6290	727758	754086	1	0
150.612252	200	204	4	6290	727758	754086	1	0
150.622701	200	204	4	6290	727758	754086	1	0
150.628580	200	204	4	6290	727758	754086	1	0
150.639259	200	204	4	6290	727758	754086	1	0
150.645692	200	204	4	6290	727758	754086	1	0
150.657534	200	204	4	6290	727758	754086	1	0
150.665179	200	204	4	6290	727758	754086	1	0
150.674480	200	204	4	6290	727758	754086	1	0
150.688035	200	204	4	6290	727758	754086	1	0
150.698588	200	204	4	6290	727758	754086	1	0
150.705492	200	204	4	6290	727758	754086	1	0
150.720605	200	204	4	6290	727758	754086	1	0
150.732185	200	204	4	6290	727758	754086	1	0
150.737853	200	204	4	6290	727758	754086	1	0
150.750327	200	204	4	6290	727758	754086	1	0
150.755996	200	204	4	6290	727758	754086	1	0
150.765233	200	204	4	6290	727758	754086	1	0
150.776957	200	204	4	6290	727758	754086	1	0
150.789134	200	204	4	6290	727758	754086	1	0
150.803692	200	204	4	6291	727758	754086	1	0
150.817217	200	204	4	6291	727758	754086	1	0
150.829206	200	204	4	6291	727758	754086	1	0
150.842600	200	204	4	6291	727758	754086	1	0
150.848557	200	204	4	6291	727758	754086	1	0
150.858407	200	204	4	6291	727758	754086	1	0
150.864749	200	204	4	6291	727758	754086	1	0
150.878891	200	204	4	6291	727758	754086	1	0
150.886684	200	204	4	6291	727758	754086	1	0
150.897351	200	204	4	6291	727758	754086	1	0
150.907384	200	204	4	6291	727758	754086	1	0
150.915253	200	204	4	6291	727758	754086	1	0
150.922154	200	204	4	6291	727758	754086	1	0
150.928838	200	204	4	6291	727758	754086	1	0
150.941828	200	204	4	6291	727758	754086	1	0
150.955598	200	204	4	6291	727758	754086	1	0
150.970092	200	204	4	6291	727758	754086	1	0
150.976770	200	204	4	6291	727758	754086	1	0
150.984354	200	204	4	6291	727758	754086	1	0
150.993209	200	204	4	6291	727758	754086	1	0
151.004161	200	204	4	6291	727758	754086	1	0
151.009624	200	204	4	6291	727758	754086	1	0
151.018611	200	204	4	6291	727758	754086	1	0
151.032759	200	204	4	6291	727758	754086	1	0
151.046226	200	204	4	6291	727758	754086	1	0
151.058174	200	204	4	6291	727758	754086	1	0
151.064561	200	204	4	6291	727758	754086	1	0
151.076654	200	204	4	6291	727758	754086	1	0
151.089307	200	204	4	6291	727758	754086	1	0
151.096781	200	204	4	6291	727758	754086	1	0
151.110928	200	204	4	6291	727758	754086	1	0
151.119278	200	204	4	6291	727758	754086	1	0
151.125273	200	204	4	6291	727758	754086	1	0
151.139388	200	204	4	6291	727758	754086	1	0
151.153178	200	204	4	6291	727758	754086	1	0
151.162023	200	204	4	6291	727758	754086	1	0
151.173510	200	204	4	6291	727758	754086	1	0
151.181035	200	204	4	6291	727758	754086	1	0
151.191193	200	204	4	6291	727758	754086	1	0
151.198967	200	204	4	6291	727758	754086	1	0
151.212158	200	204	4	6291	727758	754086	1	0
151.218475	200	204	4	6291	727758	754086	1	0
151.226816	200	204	4	6291	727758	754086	1	0
151.237902	200	204	4	6291	727758	754086	1	0
151.249186	200	204	4	6291	727758	754086	1	0
151.255319	200	204	4	6291	727758	754086	1	0
151.267179	200	204	4	6291	727758	754086	1	0
151.279126	200	204	4	6291	727758	754086	1	0
151.284731	200	204	4	6291	727758	754086	1	0
151.295007	200	204	4	6291	727758	754086	1	0
151.304375	200	204	4	6291	727758	754086	1	0
151.316506	200	204	4	6291	727758	754086	1	0
151.326812	200	204	4	6291	727758	754086	1	0
151.337467	200	204	4	6291	727758	754086	1	0
151.351789	200	204	4	6291	727758	754086	1	0
151.364717	200	204	4	6291	727758	754086	1	0
151.378416	200	204	4	6291	727758	754086	1	0
151.387425	200	204	4	6291	727758	754086	1	0
151.400106	200	204	4	6291	727758	754086	1	0
151.408843	200	204	4	6291	727758	754086	1	0
151.421025	200	204	4	6291	727758	754086	1	0
151.435639	200	204	4	6292	727758	754086	1	0
151.441718	200	204	4	6292	727758	754086	1	0
151.455063	200	204	4	6292	727758	754086	1	0
151.461422	200	204	4	6292	727758	754086	1	0
151.471290	200	204	4	6292	727758	754086	1	0
151.483655	200	204	4	6292	727758	754086	1	0
151.492391	200	204	4	6292	727758	754086	1	0
151.499846	200	204	4	6292	727758	754086	1	0
151.514792	200	204	4	6292	727758	754086	1	0
151.527983	200	204	4	6292	727758	754086	1	0
151.536070	200	204	4	6292	727758	754086	1	0
151.544901	200	204	4	6292	727758	754086	1	0
151.558405	200	204	4	6292	727758	754086	1	0
151.570703	200	204	4	6292	727758	754086	1	0
151.582346	200	204	4	6292	727758	754086	1	0
151.593616	200	204	4	6292	727758	754086	1	0
151.603888	200	204	4	6292	727758	754086	1	0
151.609417	200	204	4	6292	727758	754086	1	0
151.617658	200	204	4	6292	727758	754086	1	0
151.625266	200	204	4	6292	727758	754086	1	0
151.633460	200	204	4	6292	727758	754086	1	0
151.642429	200	204	4	6292	727758	754086	1	0
151.656532	200	204	4	6292	727758	754086	1	0
151.664456	200	204	4	6292	727758	754086	1	0
151.672275	200	204	4	6292	727758	754086	1	0
151.678135	200	204	4	6292	727758	754086	1	0
151.691478	200	204	4	6292	727758	754086	1	0
151.699879	200	204	4	6292	727758	754086	1	0
151.710860	200	204	4	6292	727758	754086	1	0
151.717287	200	204	4	6292	727758	754086	1	0
151.731225	200	204	4	6292	727758	754086	1	0
151.737967	200	204	4	6292	727758	754086	1	0
151.748894	200	204	4	6292	727758	754086	1	0
151.763788	200	204	4	6292	727758	754086	1	0
151.772240	200	204	4	6292	727758	754086	1	0
151.785458	200	204	4	6292	727758	754086	1	0
151.795406	200	204	4	6292	727758	754086	1	0
151.801391	200	204	4	6292	727758	754086	1	0
151.815175	200	204	4	6292	727758	754086	1	0
151.827096	200	204	4	6292	727758	754086	1	0
151.840955	200	204	4	6292	727758	754086	1	0
151.851524	200	204	4	6292	727758	754086	1	0
151.857416	200	204	4	6292	727758	754086	1	0
151.868014	200	204	4	6292	727758	754086	1	0
151.876165	200	204	4	6292	727758	754086	1	0
151.888430	200	204	4	6292	727758	754086	1	0
151.896336	200	204	4	6292	727758	754086	1	0
151.905900	200	204	4	6292	727758	754086	1	0
151.915301	200	204	4	6292	727758	754086	1	0
151.929061	200	204	4	6292	727758	754086	1	0
151.940624	200	204	4	6292	727758	754086	1	0
151.952126	200	204	4	6292	727758	754086	1	0
151.966529	200	204	4	6292	727758	754086	1	0
151.981589	200	204	4	6292	727758	754086	1	0
151.992116	200	204	4	6292	727758	754086	1	0
152.003358	200	204	4	6292	727758	754086	1	0
152.015660	200	204	4	6292	727758	754086	1	0
152.021050	200	204	4	6292	727758	754086	1	0
152.033741	200	204	4	6293	727758	754086	1	0
152.043384	200	204	4	6293	727758	754086	1	0
152.049890	200	204	4	6293	727758	754086	1	0
152.056119	200	204	4	6293	727758	754086	1	0
152.064495	200	204	4	6293	727758	754086	1	0
152.072710	200	204	4	6293	727758	754086	1	0
152.078134	200	204	4	6293	727758	754086	1	0
152.086288	200	204	4	6293	727758	754086	1	0
152.101149	200	204	4	6293	727758	754086	1	0
152.115674	200	204	4	6293	727758	754086	1	0
152.127691	200	204	4	6293	727758	754086	1	0
152.136233	200	204	4	6293	727758	754086	1	0
152.145855	200	204	4	6293	727758	754086	1	0
152.155918	200	204	4	6293	727758	754086	1	0
152.163316	200	204	4	6293	727758	754086	1	0
152.169298	200	204	4	6293	727758	754086	1	0
152.176537	200	204	4	6293	727758	754086	1	0
152.188025	200	204	4	6293	727758	754086	1	0
152.194292	200	204	4	6293	727758	754086	1	0
152.208306	200	204	4	6293	727758	754086	1	0
152.220730	200	204	4	6293	727758	754086	1	0
152.228690	200	204	4	6293	727758	754086	1	0
152.240691	200	204	4	6293	727758	754086	1	0
152.251578	200	204	4	6293	727758	754086	1	0
152.263300	200	204	4	6293	727758	754086	1	0
152.269975	200	204	4	6293	727758	754086	1	0
152.283765	200	204	4	6293	727758	754086	1	0
152.292719	200	204	4	6293	727758	754086	1	0
152.307687	200	204	4	6293	727758	754086	1	0
152.319784	200	204	4	6293	727758	754086	1	0
152.326875	200	204	4	6293	727758	754086	1	0
152.337175	200	204	4	6293	727758	754086	1	0
152.346570	200	204	4	6293	727758	754086	1	0
152.352677	200	204	4	6293	727758	754086	1	0
152.362769	200	204	4	6293	727758	754086	1	0
152.368631	200	204	4	6293	727758	754086	1	0
152.383263	200	204	4	6293	727758	754086	1	0
152.390729	200	204	4	6293	727758	754086	1	0
152.401818	200	204	4	6293	727758	754086	1	0
152.414889	200	204	4	6293	727758	754086	1	0
152.422068	200	204	4	6293	727758	754086	1	0
152.435104	200	204	4	6293	727758	754086	1	0
152.441551	200	204	4	6293	727758	754086	1	0
152.447986	200	204	4	6293	727758	754086	1	0
152.461929	200	204	4	6293	727758	754086	1	0
152.474528	200	204	4	6293	727758	754086	1	0
152.483961	200	204	4	6293	727758	754086	1	0
152.494226	200	204	4	6293	727758	754086	1	0
152.508912	200	204	4	6293	727758	754086	1	0
152.517859	200	204	4	6293	727758	754086	1	0
152.523530	200	204	4	6293	727758	754086	1	0
152.537714	200	204	4	6293	727758	754086	1	0
152.549584	200	204	4	6293	727758	754086	1	0
152.563385	200	204	4	6293	727758	754086	1	0
152.576667	200	204	4	6293	727758	754086	1	0
152.588563	200	204	4	6293	727758	754086	1	0
152.598374	200	204	4	6293	727758	754086	1	0
152.609813	200	204	4	6293	727758	754086	1	0
152.618569	200	204	4	6293	727758	754086	1	0
152.625325	200	204	4	6293	727758	754086	1	0
152.640092	200	204	4	6293	727758	754086	1	0
152.647656	200	204	4	6293	727758	754086	1	0
152.660673	200	204	4	6293	727758	754086	1	0
152.667797	200	204	4	6293	727758	754086	1	0
152.675307	200	204	4	6293	727758	754086	1	0
152.682275	200	204	4	6293	727758	754086	1	0
152.693160	200	204	4	6293	727758	754086	1	0
152.707068	200	204	4	6293	727758	754086	1	0
152.715566	200	204	4	6293	727758	754086	1	0
152.722941	200	204	4	6293	727758	754086	1	0
152.732576	200	204	4	6294	727758	754086	1	0
152.745340	200	204	4	6294	727758	754086	1	0
152.755979	200	204	4	6294	727758	754086	1	0
152.770755	200	204	4	6294	727758	754086	1	0
152.784365	200	204	4	6294	727758	754086	1	0
152.797494	200	204	4	6294	727758	754086	1	0
152.807671	200	204	4	6294	727758	754086	1	0
152.824863	200	204	4	6294	727758	754086	1	0
152.838108	200	204	4	6294	727758	754086	1	0
152.846746	200	204	4	6294	727758	754086	1	0
152.859004	200	204	4	6294	727758	754086	1	0
152.865568	200	204	4	6294	727758	754086	1	0
152.871050	200	204	4	6294	727758	754086	1	0
152.882731	200	204	4	6294	727758	754086	1	0
152.890756	200	204	4	6294	727758	754086	1	0
152.905514	200	204	4	6294	727758	754086	1	0
152.919978	200	204	4	6294	727758	754086	1	0
152.930968	200	204	4	6294	727758	754086	1	0
152.937513	200	204	4	6294	727758	754086	1	0
152.943843	200	204	4	6294	727758	754086	1	0
152.955723	200	204	4	6294	727758	754086	1	0
152.968089	200	204	4	6294	727758	754086	1	0
152.977486	200	204	4	6294	727758	754086	1	0
152.991560	200	204	4	6294	727758	754086	1	0
152.997118	200	204	4	6294	727758	754086	1	0
153.008176	200	204	4	6294	727758	754086	1	0
153.014036	200	204	4	6294	727758	754086	1	0
153.027791	200	204	4	6294	727758	754086	1	0
153.037127	200	204	4	6294	727758	754086	1	0
153.048856	200	204	4	6294	727758	754086	1	0
153.058714	200	204	4	6294	727758	754086	1	0
153.067971	200	204	4	6294	727758	754086	1	0
153.083051	200	204	4	6294	727758	754086	1	0
153.090702	200	204	4	6294	727758	754086	1	0
153.097925	200	204	4	6294	727758	754086	1	0
153.104792	200	204	4	6294	727758	754086	1	0
153.118736	200	204	4	6294	727758	754086	1	0
153.131298	200	204	4	6294	727758	754086	1	0
153.138754	200	204	4	6294	727758	754086	1	0
153.147299	200	204	4	6294	727758	754086	1	0
153.157354	200	204	4	6294	727758	754086	1	0
153.162539	200	204	4	6294	727758	754086	1	0
153.174221	200	204	4	6294	727758	754086	1	0
153.183185	200	204	4	6294	727758	754086	1	0
153.190022	200	204	4	6294	727758	754086	1	0
153.195498	200	204	4	6294	727758	754086	1	0
153.208819	200	204	4	6294	727758	754086	1	0
153.221869	200	204	4	6294	727758	754086	1	0
153.232660	200	204	4	6294	727758	754086	1	0
153.238304	200	204	4	6294	727758	754086	1	0
153.247228	200	204	4	6294	727758	754086	1	0
153.253607	200	204	4	6294	727758	754086	1	0
153.262021	200	204	4	6294	727758	754086	1	0
153.272245	200	204	4	6294	727758	754086	1	0
153.286120	200	204	4	6294	727758	754086	1	0
153.291484	200	204	4	6294	727758	754086	1	0
153.299654	200	204	4	6294	727758	754086	1	0
153.305898	200	204	4	6294	727758	754086	1	0
153.314847	200	204	4	6294	727758	754086	1	0
153.320171	200	204	4	6294	727758	754086	1	0
153.325632	200	204	4	6294	727758	754086	1	0
153.335956	200	204	4	6294	727758	754086	1	0
153.346440	200	204	4	6294	727758	754086	1	0
153.359212	200	204	4	6294	727758	754086	1	0
153.369746	200	204	4	6294	727758	754086	1	0
153.381966	200	204	4	6294	727758	754086	1	0
153.393001	200	204	4	6294	727758	754086	1	0
153.401354	200	204	4	6294	727758	754086	1	0
153.409946	200	204	4	6294	727758	754086	1	0
153.425068	200	204	4	6294	727758	754086	1	0
153.432778	200	204	4	6294	727758	754086	1	0
153.446976	200	204	4	6294	727758	754086	1	0
153.461562	200	204	4	6294	727758	754086	1	0
153.471724	200	204	4	6294	727758	754086	1	0
153.479910	200	204	4	6294	727758	754086	1	0
153.494905	200	204	4	6294	727758	754086	1	0
153.504886	200	204	4	6294	727758	754086	1	0
153.516970	200	204	4	6295	727758	754086	1	0
153.523539	200	204	4	6295	727758	754086	1	0
153.533909	200	204	4	6295	727758	754086	1	0
153.546441	200	204	4	6295	727758	754086	1	0
153.555634	200	204	4	6295	727758	754086	1	0
153.569088	200	204	4	6295	727758	754086	1	0
153.583941	200	204	4	6295	727758	754086	1	0
153.591188	200	204	4	6295	727758	754086	1	0
153.596857	200	204	4	6295	727758	754086	1	0
153.606715	200	204	4	6295	727758	754086	1	0
153.621236	200	204	4	6295	727758	754086	1	0
153.628306	200	204	4	6295	727758	754086	1	0
153.635474	200	204	4	6295	727758	754086	1	0
153.643450	200	204	4	6295	727758	754086	1	0
153.654181	200	204	4	6295	727758	754086	1	0
153.662681	200	204	4	6295	727758	754086	1	0
153.675204	200	204	4	6295	727758	754086	1	0
153.681669	200	204	4	6295	727758	754086	1	0
153.691515	200	204	4	6295	727758	754086	1	0
153.697747	200	204	4	6295	727758	754086	1	0
153.704503	200	204	4	6295	727758	754086	1	0
153.712513	200	204	4	6295	727758	754086	1	0
153.722190	200	204	4	6295	727758	754086	1	0
153.727657	200	204	4	6295	727758	754086	1	0
153.738228	200	204	4	6295	727758	754086	1	0
153.749085	200	204	4	6295	727758	754086	1	0
153.760826	200	204	4	6295	727758	754086	1	0
153.768399	200	204	4	6295	727758	754086	1	0
153.783360	200	204	4	6295	727758	754086	1	0
153.789672	200	204	4	6295	727758	754086	1	0
153.804267	200	204	4	6295	727758	754086	1	0
153.810850	200	204	4	6295	727758	754086	1	0
153.825380	200	204	4	6295	727758	754086	1	0
153.832940	200	204	4	6295	727758	754086	1	0
153.847161	200	204	4	6295	727758	754086	1	0
153.858713	200	204	4	6295	727758	754086	1	0
153.864520	200	204	4	6295	727758	754086	1	0
153.879081	200	204	4	6295	727758	754086	1	0
153.893287	200	204	4	6295	727758	754086	1	0
153.903286	200	204	4	6295	727758	754086	1	0
153.910372	200	204	4	6295	727758	754086	1	0
153.921044	200	204	4	6295	727758	754086	1	0
153.933904	200	204	4	6295	727758	754086	1	0
153.947076	200	204	4	6295	727758	754086	1	0
153.955470	200	204	4	6295	727758	754086	1	0
153.963142	200	204	4	6295	727758	754086	1	0
153.978136	200	204	4	6295	727758	754086	1	0
153.983690	200	204	4	6295	727758	754086	1	0
153.998223	200	204	4	6295	727758	754086	1	0
154.005383	200	204	4	6295	727758	754086	1	0
154.017509	200	204	4	6295	727758	754086	1	0
154.027201	200	204	4	6295	727758	754086	1	0
154.041176	200	204	4	6295	727758	754086	1	0
154.048700	200	204	4	6295	727758	754086	1	0
154.058046	200	204	4	6295	727758	754086	1	0
154.063467	200	204	4	6295	727758	754086	1	0
154.075817	200	204	4	6295	727758	754086	1	0
154.085159	200	204	4	6295	727758	754086	1	0
154.097681	200	204	4	6295	727758	754086	1	0
154.103715	200	204	4	6295	727758	754086	1	0
154.112302	200	204	4	6295	727758	754086	1	0
154.118441	200	204	4	6295	727758	754086	1	0
154.124096	200	204	4	6295	727758	754086	1	0
154.138614	200	204	4	6295	727758	754086	1	0
154.145966	200	204	4	6295	727758	754086	1	0
154.151451	200	204	4	6295	727758	754086	1	0
154.161095	200	204	4	6295	727758	754086	1	0
154.171818	200	204	4	6295	727758	754086	1	0
154.182150	200	204	4	6295	727758	754086	1	0
154.194567	200	204	4	6295	727758	754086	1	0
154.209358	200	204	4	6295	727758	754086	1	0
154.216560	200	204	4	6295	727758	754086	1	0
154.221820	200	204	4	6295	727758	754086	1	0
154.236313	200	204	4	6295	727758	754086	1	0
154.245008	200	204	4	6295	727758	754086	1	0
154.251424	200	204	4	6295	727758	754086	1	0
154.265271	200	204	4	6295	727758	754086	1	0
154.270691	200	204	4	6295	727758	754086	1	0
154.276843	200	204	4	6295	727758	754086	1	0
154.285939	200	204	4	6296	727758	754086	1	0
154.291754	200	204	4	6296	727758	754086	1	0
154.300855	200	204	4	6296	727758	754086	1	0
154.311473	200	204	4	6296	727758	754086	1	0
154.317796	200	204	4	6296	727758	754086	1	0
154.327141	200	204	4	6296	727758	754086	1	0
154.339215	200	204	4	6296	727758	754086	1	0
154.350042	200	204	4	6296	727758	754086	1	0
154.361026	200	204	4	6296	727758	754086	1	0
154.375835	200	204	4	6296	727758	754086	1	0
154.384739	200	204	4	6296	727758	754086	1	0
154.395463	200	204	4	6296	727758	754086	1	0
154.403243	200	204	4	6296	727758	754086	1	0
154.416719	200	204	4	6296	727758	754086	1	0
154.422492	200	204	4	6296	727758	754086	1	0
154.427890	200	204	4	6296	727758	754086	1	0
154.441067	200	204	4	6296	727758	754086	1	0
154.449736	200	204	4	6296	727758	754086	1	0
154.463128	200	204	4	6296	727758	754086	1	0
154.470030	200	204	4	6296	727758	754086	1	0
154.476457	200	204	4	6296	727758	754086	1	0
154.486490	200	204	4	6296	727758	754086	1	0
154.501106	200	204	4	6296	727758	754086	1	0
154.514243	200	204	4	6296	727758	754086	1	0
154.528546	200	204	4	6296	727758	754086	1	0
154.535677	200	204	4	6296	727758	754086	1	0
154.546079	200	204	4	6296	727758	754086	1	0
154.552575	200	204	4	6296	727758	754086	1	0
154.566759	200	204	4	6296	727758	754086	1	0
154.572997	200	204	4	6296	727758	754086	1	0
154.579492	200	204	4	6296	727758	754086	1	0
154.593591	200	204	4	6296	727758	754086	1	0
154.602684	200	204	4	6296	727758	754086	1	0
154.611478	200	204	4	6296	727758	754086	1	0
154.626036	200	204	4	6296	727758	754086	1	0
154.636603	200	204	4	6296	727758	754086	1	0
154.651609	200	204	4	6296	727758	754086	1	0
154.659178	200	204	4	6296	727758	754086	1	0
154.670563	200	204	4	6296	727758	754086	1	0
154.676945	200	204	4	6296	727758	754086	1	0
154.683490	200	204	4	6296	727758	754086	1	0
154.693769	200	204	4	6296	727758	754086	1	0
154.702780	200	204	4	6296	727758	754086	1	0
154.715803	200	204	4	6296	727758	754086	1	0
154.723673	200	204	4	6296	727758	754086	1	0
154.736594	200	204	4	6296	727758	754086	1	0
154.750324	200	204	4	6296	727758	754086	1	0
154.762608	200	204	4	6296	727758	754086	1	0
154.776767	200	204	4	6296	727758	754086	1	0
154.788730	200	204	4	6296	727758	754086	1	0
154.794883	200	204	4	6296	727758	754086	1	0
154.807954	200	204	4	6296	727758	754086	1	0
154.816381	200	204	4	6296	727758	754086	1	0
154.824544	200	204	4	6296	727758	754086	1	0
154.838146	200	204	4	6296	727758	754086	1	0
154.849862	200	204	4	6296	727758	754086	1	0
154.862308	200	204	4	6296	727758	754086	1	0
154.876442	200	204	4	6296	727758	754086	1	0
154.882352	200	204	4	6296	727758	754086	1	0
154.893696	200	204	4	6296	727758	754086	1	0
154.906243	200	204	4	6296	727758	754086	1	0
154.913979	200	204	4	6296	727758	754086	1	0
154.926893	200	204	4	6296	727758	754086	1	0
154.938908	200	204	4	6296	727758	754086	1	0
154.946822	200	204	4	6296	727758	754086	1	0
154.959584	200	204	4	6296	727758	754086	1	0
154.968294	200	204	4	6296	727758	754086	1	0
154.979064	200	204	4	6296	727758	754086	1	0
154.990777	200	204	4	6296	727758	754086	1	0
154.997348	200	204	4	6296	727758	754086	1	0
155.008808	200	204	4	6296	727758	754086	1	0
155.022349	200	204	4	6296	727758	754086	1	0
155.037074	200	204	4	6296	727758	754086	1	0
155.051199	200	204	4	6296	727758	754086	1	0
155.063113	200	204	4	6296	727758	754086	1	0
155.069642	200	204	4	6296	727758	754086	1	0
155.076686	200	204	4	6296	727758	754086	1	0
155.091106	200	204	4	6296	727758	754086	1	0
155.104459	200	204	4	6296	727758	754086	1	0
155.119063	200	204	4	6296	727758	754086	1	0
155.133940	200	204	4	6296	727758	754086	1	0
155.145099	200	204	4	6296	727758	754086	1	0
155.159445	200	204	4	6296	727758	754086	1	0
155.170223	200	204	4	6296	727758	754086	1	0
155.178482	200	204	4	6296	727758	754086	1	0
155.191158	200	204	4	6296	727758	754086	1	0
155.197560	200	204	4	6296	727758	754086	1	0
155.205758	200	204	4	6296	727758	754086	1	0
155.216408	200	204	4	6296	727758	754086	1	0
155.222703	200	204	4	6296	727758	754086	1	0
155.237045	200	204	4	6296	727758	754086	1	0
155.242535	200	204	4	6296	727758	754086	1	0
155.256265	200	204	4	6296	727758	754086	1	0
155.262183	200	204	4	6296	727758	754086	1	0
155.269350	200	204	4	6296	727758	754086	1	0
155.276086	200	204	4	6296	727758	754086	1	0
155.283284	200	204	4	6296	727758	754086	1	0
155.292720	200	204	4	6296	727758	754086	1	0
155.305703	200	204	4	6296	727758	754086	1	0
155.316946	200	204	4	6296	727758	754086	1	0
155.331331	200	204	4	6296	727758	754086	1	0
155.343019	200	204	4	6296	727758	754086	1	0
155.352393	200	204	4	6296	727758	754086	1	0
155.361293	200	204	4	6296	727758	754086	1	0
155.368539	200	204	4	6296	727758	754086	1	0
155.378742	200	204	4	6296	727758	754086	1	0
155.393916	200	204	4	6296	727758	754086	1	0
155.404898	200	204	4	6296	727758	754086	1	0
155.419523	200	204	4	6296	727758	754086	1	0
155.426438	200	204	4	6296	727758	754086	1	0
155.432075	200	204	4	6296	727758	754086	1	0
155.445866	200	204	4	6296	727758	754086	1	0
155.451683	200	204	4	6296	727758	754086	1	0
155.460073	200	204	4	6296	727758	754086	1	0
155.468956	200	204	4	6296	727758	754086	1	0
155.480953	200	204	4	6296	727758	754086	1	0
155.494882	200	204	4	6296	727758	754086	1	0
155.501768	200	204	4	6296	727758	754086	1	0
155.510268	200	204	4	6296	727758	754086	1	0
155.520847	200	204	4	6296	727758	754086	1	0
155.534646	200	204	4	6296	727758	754086	1	0
155.546680	200	204	4	6296	727758	754086	1	0
155.557867	200	204	4	6296	727758	754086	1	0
155.564347	200	204	4	6296	727758	754086	1	0
155.570071	200	204	4	6296	727758	754086	1	0
155.579362	200	204	4	6296	727758	754086	1	0
155.590918	200	204	4	6296	727758	754086	1	0
155.602698	200	204	4	6296	727758	754086	1	0
155.616461	200	204	4	6296	727758	754086	1	0
155.626692	200	204	4	6296	727758	754086	1	0
155.639838	200	204	4	6296	727758	754086	1	0
155.652057	200	204	4	6296	727758	754086	1	0
155.665519	200	204	4	6296	727758	754086	1	0
155.671864	200	204	4	6296	727758	754086	1	0
155.679087	200	204	4	6296	727758	754086	1	0
155.685023	200	204	4	6296	727758	754086	1	0
155.696664	200	204	4	6296	727758	754086	1	0
155.704729	200	204	4	6296	727758	754086	1	0
155.717524	200	204	4	6296	727758	754086	1	0
155.729520	200	204	4	6296	727758	754086	1	0
155.736138	200	204	4	6296	727758	754086	1	0
155.743423	200	204	4	6296	727758	754086	1	0
155.757627	200	204	4	6296	727758	754086	1	0
155.771560	200	204	4	6296	727758	754086	1	0
155.785036	200	204	4	6296	727758	754086	1	0
155.792695	200	204	4	6296	727758	754086	1	0
155.805571	200	204	4	6296	727758	754086	1	0
155.814710	200	204	4	6296	727758	754086	1	0
155.824624	200	204	4	6296	727758	754086	1	0
155.830897	200	204	4	6296	727758	754086	1	0
155.846009	200	204	4	6296	727758	754086	1	0
155.852757	200	204	4	6296	727758	754086	1	0
155.862701	200	204	4	6296	727758	754086	1	0
155.876577	200	204	4	6296	727758	754086	1	0
155.891257	200	204	4	6296	727758	754086	1	0
155.903503	200	204	4	6296	727758	754086	1	0
155.909265	200	204	4	6296	727758	754086	1	0
155.919576	200	204	4	6296	727758	754086	1	0
155.934724	200	204	4	6296	727758	754086	1	0
155.944893	200	204	4	6296	727758	754086	1	0
155.955118	200	204	4	6296	727758	754086	1	0
155.962069	200	204	4	6296	727758	754086	1	0
155.977012	200	204	4	6296	727758	754086	1	0
155.988871	200	204	4	6296	727758	754086	1	0
155.994619	200	204	4	6296	727758	754086	1	0
156.001266	200	204	4	6296	727758	754086	1	0
156.010481	200	204	4	6296	727758	754086	1	0
156.018190	200	204	4	6296	727758	754086	1	0
156.031989	200	204	4	6296	727758	754086	1	0
156.039471	200	204	4	6296	727758	754086	1	0
156.045535	200	204	4	6296	727758	754086	1	0
156.059190	200	204	4	6296	727758	754086	1	0
156.070377	200	204	4	6296	727758	754086	1	0
156.079476	200	204	4	6296	727758	754086	1	0
156.094301	200	204	4	6296	727758	754086	1	0
156.104516	200	204	4	6296	727758	754086	1	0
156.119189	200	204	4	6296	727758	754086	1	0
156.127793	200	204	4	6296	727758	754086	1	0
156.142685	200	204	4	6296	727758	754086	1	0
156.154841	200	204	4	6296	727758	754086	1	0
156.160425	200	204	4	6296	727758	754086	1	0
156.171222	200	204	4	6296	727758	754086	1	0
156.183422	200	204	4	6296	727758	754086	1	0
156.198480	200	204	4	6296	727758	754086	1	0
156.209432	200	204	4	6296	727758	754086	1	0
156.217761	200	204	4	6296	727758	754086	1	0
156.230363	200	204	4	6296	727758	754086	1	0
156.244076	200	204	4	6296	727758	754086	1	0
156.257344	200	204	4	6296	727758	754086	1	0
156.271375	200	204	4	6296	727758	754086	1	0
156.276653	200	204	4	6296	727758	754086	1	0
156.282741	200	204	4	6296	727758	754086	1	0
156.296976	200	204	4	6296	727758	754086	1	0
156.304887	200	204	4	6296	727758	754086	1	0
156.313842	200	204	4	6296	727758	754086	1	0
156.328879	200	204	4	6296	727758	754086	1	0
156.334750	200	204	4	6296	727758	754086	1	0
156.349626	200	204	4	6296	727758	754086	1	0
156.355733	200	204	4	6296	727758	754086	1	0
156.361198	200	204	4	6296	727758	754086	1	0
156.372212	200	204	4	6296	727758	754086	1	0
156.377854	200	204	4	6296	727758	754086	1	0
156.387066	200	204	4	6296	727758	754086	1	0
156.396283	200	204	4	6296	727758	754086	1	0
156.410187	200	204	4	6296	727758	754086	1	0
156.417179	200	204	4	6296	727758	754086	1	0
156.430296	200	204	4	6296	727758	754086	1	0
156.436052	200	204	4	6296	727758	754086	1	0
156.447443	200	204	4	6296	727758	754086	1	0
156.459305	200	204	4	6296	727758	754086	1	0
156.468751	200	204	4	6296	727758	754086	1	0
156.480553	200	204	4	6296	727758	754086	1	0
156.487645	200	204	4	6296	727758	754086	1	0
156.494562	200	204	4	6296	727758	754086	1	0
156.508658	200	204	4	6296	727758	754086	1	0
156.520757	200	204	4	6296	727758	754086	1	0
156.529087	200	204	4	6296	727758	754086	1	0
156.541508	200	204	4	6296	727758	754086	1	0
156.552351	200	204	4	6296	727758	754086	1	0
156.564236	200	204	4	6296	727758	754086	1	0
156.576116	200	204	4	6296	727758	754086	1	0
156.582901	200	204	4	6296	727758	754086	1	0
156.595114	200	204	4	6296	727758	754086	1	0
156.606562	200	204	4	6296	727758	754086	1	0
156.613376	200	204	4	6296	727758	754086	1	0
156.619251	200	204	4	6296	727758	754086	1	0
156.628747	200	204	4	6296	727758	754086	1	0
156.636208	200	204	4	6296	727758	754086	1	0
156.649054	200	204	4	6296	727758	754086	1	0
156.657740	200	204	4	6296	727758	754086	1	0
156.667466	200	204	4	6296	727758	754086	1	0
156.677349	200	204	4	6296	727758	754086	1	0
156.682687	200	204	4	6296	727758	754086	1	0
156.693263	200	204	4	6296	727758	754086	1	0
156.706559	200	204	4	6296	727758	754086	1	0
156.716591	200	204	4	6296	727758	754086	1	0
156.724304	200	204	4	6296	727758	754086	1	0
156.737934	200	204	4	6296	727758	754086	1	0
156.750394	200	204	4	6296	727758	754086	1	0
156.762413	200	204	4	6296	727758	754086	1	0
156.767919	200	204	4	6296	727758	754086	1	0
156.777098	200	204	4	6296	727758	754086	1	0
156.790502	200	204	4	6296	727758	754086	1	0
156.800502	200	204	4	6296	727758	754086	1	0
156.814372	200	204	4	6296	727758	754086	1	0
156.823945	200	204	4	6296	727758	754086	1	0
156.836243	200	204	4	6296	727758	754086	1	0
156.842466	200	204	4	6296	727758	754086	1	0
156.855331	200	204	4	6296	727758	754086	1	0
156.867360	200	204	4	6296	727758	754086	1	0
156.872704	200	204	4	6296	727758	754086	1	0
156.879385	200	204	4	6296	727758	754086	1	0
156.888147	200	204	4	6296	727758	754086	1	0
156.898544	200	204	4	6296	727758	754086	1	0
156.907766	200	204	4	6296	727758	754086	1	0
156.922285	200	204	4	6296	727758	754086	1	0
156.930134	200	204	4	6296	727758	754086	1	0
156.941418	200	204	4	6296	727758	754086	1	0
156.951460	200	204	4	6296	727758	754086	1	0
156.961018	200	204	4	6296	727758	754086	1	0
156.971184	200	204	4	6296	727758	754086	1	0
156.976858	200	204	4	6296	727758	754086	1	0
156.982758	200	204	4	6296	727758	754086	1	0
156.988632	200	204	4	6296	727758	754086	1	0
157.003466	200	204	4	6296	727758	754086	1	0
157.009161	200	204	4	6296	727758	754086	1	0
157.024282	200	204	4	6296	727758	754086	1	0
157.038292	200	204	4	6296	727758	754086	1	0
157.050410	200	204	4	6296	727758	754086	1	0
157.063660	200	204	4	6296	727758	754086	1	0
157.076546	200	204	4	6296	727758	754086	1	0
157.088575	200	204	4	6296	727758	754086	1	0
157.099999	200	204	4	6296	727758	754086	1	0
157.108384	200	204	4	6296	727758	754086	1	0
157.114495	200	204	4	6296	727758	754086	1	0
157.128151	200	204	4	6296	727758	754086	1	0
157.143068	200	204	4	6296	727758	754086	1	0
157.153631	200	204	4	6296	727758	754086	1	0
157.164446	200	204	4	6296	727758	754086	1	0
157.176917	200	204	4	6296	727758	754086	1	0
157.192166	200	204	4	6296	727758	754086	1	0
157.203674	200	204	4	6296	727758	754086	1	0
157.215516	200	204	4	6296	727758	754086	1	0
157.228406	200	204	4	6296	727758	754086	1	0
157.240716	200	204	4	6296	727758	754086	1	0
157.251727	200	204	4	6296	727758	754086	1	0
157.261653	200	204	4	6296	727758	754086	1	0
157.276878	200	204	4	6296	727758	754086	1	0
157.290407	200	204	4	6296	727758	754086	1	0
157.304271	200	204	4	6296	727758	754086	1	0
157.311972	200	204	4	6296	727758	754086	1	0
157.321003	200	204	4	6296	727758	754086	1	0
157.332778	200	204	4	6296	727758	754086	1	0
157.346545	200	204	4	6296	727758	754086	1	0
157.360375	200	204	4	6296	727758	754086	1	0
157.370188	200	204	4	6296	727758	754086	1	0
157.385188	200	204	4	6296	727758	754086	1	0
157.393265	200	204	4	6296	727758	754086	1	0
157.400985	200	204	4	6296	727758	754086	1	0
157.412115	200	204	4	6296	727758	754086	1	0
157.424801	200	204	4	6296	727758	754086	1	0
157.431902	200	204	4	6296	727758	754086	1	0
157.439230	200	204	4	6296	727758	754086	1	0
157.449184	200	204	4	6296	727758	754086	1	0
157.459604	200	204	4	6296	727758	754086	1	0
157.466581	200	204	4	6296	727758	754086	1	0
157.478629	200	204	4	6296	727758	754086	1	0
157.487268	200	204	4	6296	727758	754086	1	0
157.493555	200	204	4	6296	727758	754086	1	0
157.505894	200	204	4	6296	727758	754086	1	0
157.512203	200	204	4	6296	727758	754086	1	0
157.517411	200	204	4	6296	727758	754086	1	0
157.526783	200	204	4	6296	727758	754086	1	0
157.533901	200	204	4	6296	727758	754086	1	0
157.545740	200	204	4	6296	727758	754086	1	0
157.556984	200	204	4	6296	727758	754086	1	0
157.566503	200	204	4	6296	727758	754086	1	0
157.571954	200	204	4	6296	727758	754086	1	0
157.578965	200	204	4	6296	727758	754086	1	0
157.592071	200	204	4	6296	727758	754086	1	0
157.604471	200	204	4	6296	727758	754086	1	0
157.614383	200	204	4	6296	727758	754086	1	0
157.621039	200	204	4	6296	727758	754086	1	0
157.630076	200	204	4	6296	727758	754086	1	0
157.642955	200	204	4	6296	727758	754086	1	0
157.651571	200	204	4	6296	727758	754086	1	0
157.661486	200	204	4	6296	727758	754086	1	0
157.676230	200	204	4	6296	727758	754086	1	0
157.682687	200	204	4	6296	727758	754086	1	0
157.693395	200	204	4	6296	727758	754086	1	0
157.701577	200	204	4	6296	727758	754086	1	0
157.716549	200	204	4	6296	727758	754086	1	0
157.723561	200	204	4	6296	727758	754086	1	0
157.734250	200	204	4	6296	727758	754086	1	0
157.748423	200	204	4	6296	727758	754086	1	0
157.754526	200	204	4	6296	727758	754086	1	0
157.768610	200	204	4	6296	727758	754086	1	0
157.783166	200	204	4	6296	727758	754086	1	0
157.788458	200	204	4	6296	727758	754086	1	0
157.798355	200	204	4	6296	727758	754086	1	0
157.806790	200	204	4	6296	727758	754086	1	0
157.812419	200	204	4	6296	727758	754086	1	0
157.824596	200	204	4	6296	727758	754086	1	0
157.839703	200	204	4	6296	727758	754086	1	0
157.846470	200	204	4	6296	727758	754086	1	0
157.853286	200	204	4	6296	727758	754086	1	0
157.866314	200	204	4	6296	727758	754086	1	0
157.871698	200	204	4	6296	727758	754086	1	0
157.883719	200	204	4	6296	727758	754086	1	0
157.889429	200	204	4	6296	727758	754086	1	0
157.901509	200	204	4	6296	727758	754086	1	0
157.910297	200	204	4	6296	727758	754086	1	0
157.924219	200	204	4	6296	727758	754086	1	0
157.934695	200	204	4	6296	727758	754086	1	0
157.946577	200	204	4	6296	727758	754086	1	0
157.958224	200	204	4	6296	727758	754086	1	0
157.963543	200	204	4	6296	727758	754086	1	0
157.971093	200	204	4	6296	727758	754086	1	0
157.984133	200	204	4	6296	727758	754086	1	0
157.989972	200	204	4	6296	727758	754086	1	0
157.999345	200	204	4	6296	727758	754086	1	0
158.007406	200	204	4	6296	727758	754086	1	0
158.019737	200	204	4	6296	727758	754086	1	0
158.031411	200	204	4	6296	727758	754086	1	0
158.040112	200	204	4	6296	727758	754086	1	0
158.052325	200	204	4	6296	727758	754086	1	0
158.066839	200	204	4	6296	727758	754086	1	0
158.073944	200	204	4	6296	727758	754086	1	0
158.080480	200	204	4	6296	727758	754086	1	0
158.091818	200	204	4	6296	727758	754086	1	0
158.099840	200	204	4	6296	727758	754086	1	0
158.110052	200	204	4	6296	727758	754086	1	0
158.122120	200	204	4	6296	727758	754086	1	0
158.137166	200	204	4	6296	727758	754086	1	0
158.148289	200	204	4	6296	727758	754086	1	0
158.163426	200	204	4	6296	727758	754086	1	0
158.171927	200	204	4	6296	727758	754086	1	0
158.185952	200	204	4	6296	727758	754086	1	0
158.196828	200	204	4	6296	727758	754086	1	0
158.209428	200	204	4	6296	727758	754086	1	0
158.217495	200	204	4	6296	727758	754086	1	0
158.229495	200	204	4	6296	727758	754086	1	0
158.240352	200	204	4	6296	727758	754086	1	0
158.246883	200	204	4	6296	727758	754086	1	0
158.260994	200	204	4	6296	727758	754086	1	0
158.271202	200	204	4	6296	727758	754086	1	0
158.283083	200	204	4	6296	727758	754086	1	0
158.289223	200	204	4	6296	727758	754086	1	0
158.302365	200	204	4	6296	727758	754086	1	0
158.308744	200	204	4	6296	727758	754086	1	0
158.320061	200	204	4	6296	727758	754086	1	0
158.332787	200	204	4	6296	727758	754086	1	0
158.338185	200	204	4	6296	727758	754086	1	0
158.349316	200	204	4	6296	727758	754086	1	0
158.356931	200	204	4	6296	727758	754086	1	0
158.367553	200	204	4	6296	727758	754086	1	0
158.375426	200	204	4	6296	727758	754086	1	0
158.380781	200	204	4	6296	727758	754086	1	0
158.393474	200	204	4	6296	727758	754086	1	0
158.405722	200	204	4	6296	727758	754086	1	0
158.417937	200	204	4	6296	727758	754086	1	0
158.427609	200	204	4	6296	727758	754086	1	0
158.441588	200	204	4	6296	727758	754086	1	0
158.454872	200	204	4	6296	727758	754086	1	0
158.463796	200	204	4	6296	727758	754086	1	0
158.478910	200	204	4	6296	727758	754086	1	0
158.494718	200	204	4	6296	727758	754086	1	0
158.507288	200	204	4	6296	727758	754086	1	0
158.518487	200	204	4	6296	727758	754086	1	0
158.529368	200	204	4	6296	727758	754086	1	0
158.539937	200	204	4	6296	727758	754086	1	0
158.553355	200	204	4	6296	727758	754086	1	0
158.561879	200	204	4	6296	727758	754086	1	0
158.567508	200	204	4	6296	727758	754086	1	0
158.577865	200	204	4	6296	727758	754086	1	0
158.588922	200	204	4	6296	727758	754086	1	0
158.594793	200	204	4	6296	727758	754086	1	0
158.602393	200	204	4	6296	727758	754086	1	0
158.614719	200	204	4	6296	727758	754086	1	0
158.621859	200	204	4	6296	727758	754086	1	0
158.629382	200	204	4	6296	727758	754086	1	0
158.639557	200	204	4	6296	727758	754086	1	0
158.650307	200	204	4	6296	727758	754086	1	0
158.660014	200	204	4	6296	727758	754086	1	0
158.673839	200	204	4	6296	727758	754086	1	0
158.687120	200	204	4	6296	727758	754086	1	0
158.694340	200	204	4	6296	727758	754086	1	0
158.703148	200	204	4	6296	727758	754086	1	0
158.717656	200	204	4	6296	727758	754086	1	0
158.726316	200	204	4	6296	727758	754086	1	0
158.734295	200	204	4	6296	727758	754086	1	0
158.742071	200	204	4	6296	727758	754086	1	0
158.755592	200	204	4	6296	727758	754086	1	0
158.770748	200	204	4	6296	727758	754086	1	0
158.782430	200	204	4	6296	727758	754086	1	0
158.788644	200	204	4	6296	727758	754086	1	0
158.800522	200	204	4	6296	727758	754086	1	0
158.809031	200	204	4	6296	727758	754086	1	0
158.822295	200	204	4	6296	727758	754086	1	0
158.827853	200	204	4	6296	727758	754086	1	0
158.878842	200	204	4	6296	727758	754086	1	0
158.885029	200	204	4	6296	727758	754086	1	0
158.894516	200	204	4	6296	727758	754086	1	0
158.904186	200	204	4	6296	727758	754086	1	0
158.914725	200	204	4	6296	727758	754086	1	0
158.920975	200	204	4	6296	727758	754086	1	0
158.930156	200	204	4	6296	727758	754086	1	0
158.944257	200	204	4	6296	727758	754086	1	0
158.949673	200	204	4	6296	727758	754086	1	0
158.963303	200	204	4	6296	727758	754086	1	0
158.971034	200	204	4	6296	727758	754086	1	0
158.977585	200	204	4	6296	727758	754086	1	0
158.986994	200	204	4	6296	727758	754086	1	0
158.992518	200	204	4	6296	727758	754086	1	0
158.998118	200	204	4	6296	727758	754086	1	0
159.008849	200	204	4	6296	727758	754086	1	0
159.022176	200	204	4	6296	727758	754086	1	0
159.029481	200	204	4	6296	727758	754086	1	0
159.035380	200	204	4	6296	727758	754086	1	0
159.042701	200	204	4	6296	727758	754086	1	0
159.049366	200	204	4	6296	727758	754086	1	0
159.056359	200	204	4	6296	727758	754086	1	0
159.065475	200	204	4	6296	727758	754086	1	0
159.071509	200	204	4	6296	727758	754086	1	0
159.077330	200	204	4	6296	727758	754086	1	0
159.086862	200	204	4	6296	727758	754086	1	0
159.100314	200	204	4	6296	727758	754086	1	0
159.108607	200	204	4	6296	727758	754086	1	0
159.116186	200	204	4	6296	727758	754086	1	0
159.125497	200	204	4	6296	727758	754086	1	0
159.132057	200	204	4	6296	727758	754086	1	0
159.147119	200	204	4	6296	727758	754086	1	0
159.159262	200	204	4	6296	727758	754086	1	0
159.173410	200	204	4	6296	727758	754086	1	0
159.181150	200	204	4	6296	727758	754086	1	0
159.188102	200	204	4	6296	727758	754086	1	0
159.195884	200	204	4	6296	727758	754086	1	0
159.202167	200	204	4	6296	727758	754086	1	0
159.215234	200	204	4	6296	727758	754086	1	0
159.220592	200	204	4	6296	727758	754086	1	0
159.230394	200	204	4	6296	727758	754086	1	0
159.240579	200	204	4	6296	727758	754086	1	0
159.248052	200	204	4	6296	727758	754086	1	0
159.257558	200	204	4	6296	727758	754086	1	0
159.271161	200	204	4	6296	727758	754086	1	0
159.286068	200	204	4	6296	727758	754086	1	0
159.297057	200	204	4	6296	727758	754086	1	0
159.308510	200	204	4	6296	727758	754086	1	0
159.318163	200	204	4	6296	727758	754086	1	0
159.327447	200	204	4	6296	727758	754086	1	0
159.340257	200	204	4	6296	727758	754086	1	0
159.346587	200	204	4	6296	727758	754086	1	0
159.355712	200	204	4	6296	727758	754086	1	0
159.370834	200	204	4	6296	727758	754086	1	0
159.379543	200	204	4	6296	727758	754086	1	0
159.386427	200	204	4	6296	727758	754086	1	0
159.396388	200	204	4	6296	727758	754086	1	0
159.403084	200	204	4	6296	727758	754086	1	0
159.412530	200	204	4	6296	727758	754086	1	0
159.426040	200	204	4	6296	727758	754086	1	0
159.436331	200	204	4	6296	727758	754086	1	0
159.441760	200	204	4	6296	727758	754086	1	0
159.451678	200	204	4	6296	727758	754086	1	0
159.463110	200	204	4	6296	727758	754086	1	0
159.475122	200	204	4	6296	727758	754086	1	0
159.483875	200	204	4	6296	727758	754086	1	0
159.492727	200	204	4	6296	727758	754086	1	0
159.499834	200	204	4	6296	727758	754086	1	0
159.511311	200	204	4	6296	727758	754086	1	0
159.518294	200	204	4	6296	727758	754086	1	0
159.525021	200	204	4	6296	727758	754086	1	0
159.531073	200	204	4	6296	727758	754086	1	0
159.545103	200	204	4	6296	727758	754086	1	0
159.555737	200	204	4	6296	727758	754086	1	0
159.568697	200	204	4	6296	727758	754086	1	0
159.581171	200	204	4	6296	727758	754086	1	0
159.591949	200	204	4	6296	727758	754086	1	0
159.606683	200	204	4	6296	727758	754086	1	0
159.618112	200	204	4	6296	727758	754086	1	0
159.626311	200	204	4	6296	727758	754086	1	0
159.640512	200	204	4	6296	727758	754086	1	0
159.654804	200	204	4	6296	727758	754086	1	0
159.664402	200	204	4	6296	727758	754086	1	0
159.675371	200	204	4	6296	727758	754086	1	0
159.681511	200	204	4	6296	727758	754086	1	0
159.694452	200	204	4	6296	727758	754086	1	0
159.708254	200	204	4	6296	727758	754086	1	0
159.716765	200	204	4	6296	727758	754086	1	0
159.723530	200	204	4	6296	727758	754086	1	0
159.731753	200	204	4	6296	727758	754086	1	0
159.744286	200	204	4	6296	727758	754086	1	0
159.757903	200	204	4	6296	727758	754086	1	0
159.764158	200	204	4	6296	727758	754086	1	0
159.770914	200	204	4	6296	727758	754086	1	0
159.785853	200	204	4	6296	727758	754086	1	0
159.800146	200	204	4	6296	727758	754086	1	0
159.809139	200	204	4	6296	727758	754086	1	0
159.814854	200	204	4	6296	727758	754086	1	0
159.821041	200	204	4	6296	727758	754086	1	0
159.832365	200	204	4	6296	727758	754086	1	0
159.845343	200	204	4	6296	727758	754086	1	0
159.852040	200	204	4	6296	727758	754086	1	0
159.859165	200	204	4	6296	727758	754086	1	0
159.864406	200	204	4	6296	727758	754086	1	0
159.873496	200	204	4	6296	727758	754086	1	0
159.881664	200	204	4	6296	727758	754086	1	0
159.895283	200	204	4	6296	727758	754086	1	0
159.905597	200	204	4	6296	727758	754086	1	0
159.912747	200	204	4	6296	727758	754086	1	0
159.926363	200	204	4	6296	727758	754086	1	0
159.938320	200	204	4	6296	727758	754086	1	0
159.949395	200	204	4	6296	727758	754086	1	0
159.956050	200	204	4	6296	727758	754086	1	0
159.966908	200	204	4	6296	727758	754086	1	0
159.976323	200	204	4	6296	727758	754086	1	0
159.986410	200	204	4	6296	727758	754086	1	0
159.992184	200	204	4	6296	727758	754086	1	0
160.004848	200	204	4	6296	727758	754086	1	0
160.010763	200	204	4	6296	727758	754086	1	0
160.022755	200	204	4	6296	727758	754086	1	0
160.034201	200	204	4	6296	727758	754086	1	0
160.048639	200	204	4	6296	727758	754086	1	0
160.060742	200	204	4	6296	727758	754086	1	0
160.066112	200	204	4	6296	727758	754086	1	0
160.071423	200	204	4	6296	727758	754086	1	0
160.083669	200	204	4	6296	727758	754086	1	0
160.089894	200	204	4	6296	727758	754086	1	0
160.099771	200	204	4	6296	727758	754086	1	0
160.114262	200	204	4	6296	727758	754086	1	0
160.120502	200	204	4	6296	727758	754086	1	0
160.130724	200	204	4	6296	727758	754086	1	0
160.137598	200	204	4	6296	727758	754086	1	0
160.152364	200	204	4	6296	727758	754086	1	0
160.158850	200	204	4	6296	727758	754086	1	0
160.168310	200	204	4	6296	727758	754086	1	0
160.174746	200	204	4	6296	727758	754086	1	0
160.183786	200	204	4	6296	727758	754086	1	0
160.196727	200	204	4	6296	727758	754086	1	0
160.206181	200	204	4	6296	727758	754086	1	0
160.215182	200	204	4	6296	727758	754086	1	0
160.228305	200	204	4	6296	727758	754086	1	0
160.236082	200	204	4	6296	727758	754086	1	0
160.250112	200	204	4	6296	727758	754086	1	0
160.255912	200	204	4	6296	727758	754086	1	0
160.263121	200	204	4	6296	727758	754086	1	0
160.270644	200	204	4	6296	727758	754086	1	0
160.282155	200	204	4	6296	727758	754086	1	0
160.289283	200	204	4	6296	727758	754086	1	0
160.296338	200	204	4	6296	727758	754086	1	0
160.305827	200	204	4	6296	727758	754086	1	0
160.316589	200	204	4	6296	727758	754086	1	0
160.328635	200	204	4	6296	727758	754086	1	0
160.338833	200	204	4	6296	727758	754086	1	0
160.346489	200	204	4	6296	727758	754086	1	0
160.358127	200	204	4	6296	727758	754086	1	0
160.370062	200	204	4	6296	727758	754086	1	0
160.385172	200	204	4	6296	727758	754086	1	0
160.398392	200	204	4	6296	727758	754086	1	0
160.406918	200	204	4	6296	727758	754086	1	0
160.418543	200	204	4	6296	727758	754086	1	0
160.431260	200	204	4	6296	727758	754086	1	0
160.441817	200	204	4	6296	727758	754086	1	0
160.453696	200	204	4	6296	727758	754086	1	0
160.460941	200	204	4	6296	727758	754086	1	0
160.472939	200	204	4	6296	727758	754086	1	0
160.487472	200	204	4	6296	727758	754086	1	0
160.499464	200	204	4	6296	727758	754086	1	0
160.506365	200	204	4	6296	727758	754086	1	0
160.519594	200	204	4	6296	727758	754086	1	0
160.528384	200	204	4	6296	727758	754086	1	0
160.543316	200	204	4	6296	727758	754086	1	0
160.555596	200	204	4	6296	727758	754086	1	0
160.565629	200	204	4	6296	727758	754086	1	0
160.571456	200	204	4	6296	727758	754086	1	0
160.576897	200	204	4	6296	727758	754086	1	0
160.587019	200	204	4	6296	727758	754086	1	0
160.601070	200	204	4	6296	727758	754086	1	0
160.614857	200	204	4	6296	727758	754086	1	0
160.623507	200	204	4	6296	727758	754086	1	0
160.637720	200	204	4	6296	727758	754086	1	0
160.648788	200	204	4	6296	727758	754086	1	0
160.657288	200	204	4	6296	727758	754086	1	0
160.672128	200	204	4	6296	727688	754086	1	0
160.686809	200	204	4	6296	727688	754086	1	0
160.697081	200	204	4	6296	727688	754086	1	0
160.712195	200	204	4	6296	727688	754086	1	0
160.722100	200	204	4	6296	727688	754086	1	0
160.731047	200	204	4	6296	727688	754086	1	0
160.743564	200	204	4	6296	727688	754086	1	0
160.754793	200	204	4	6296	727688	754086	1	0
160.768153	200	204	4	6296	727688	754086	1	0
160.782421	200	204	4	6296	727688	754086	1	0
160.789280	200	204	4	6296	727688	754086	1	0
160.803575	200	204	4	6296	727688	754086	1	0
160.808821	200	204	4	6296	727688	754086	1	0
160.821807	200	204	4	6296	727688	754086	1	0
160.830899	200	204	4	6296	727688	754086	1	0
160.840125	200	204	4	6296	727688	754086	1	0
160.847542	200	204	4	6296	727688	754086	1	0
160.855970	200	204	4	6296	727688	754086	1	0
160.868043	200	204	4	6296	727688	754086	1	0
160.881576	200	204	4	6296	727688	754086	1	0
160.895043	200	204	4	6296	727688	754086	1	0
160.901025	200	204	4	6296	727688	754086	1	0
160.906725	200	204	4	6296	727688	754086	1	0
160.921222	200	204	4	6296	727688	754086	1	0
160.935580	200	204	4	6296	727688	754086	1	0
160.950358	200	204	4	6296	727688	754086	1	0
160.956011	200	204	4	6296	727688	754086	1	0
160.969703	200	204	4	6296	727688	754086	1	0
160.981736	200	204	4	6296	727688	754086	1	0
160.988414	200	204	4	6296	727688	754086	1	0
161.001839	200	204	4	6296	727688	754086	1	0
161.007341	200	204	4	6296	727688	754086	1	0
161.015798	200	204	4	6296	727688	754086	1	0
161.028102	200	204	4	6296	727688	754086	1	0
161.038903	200	204	4	6296	727688	754086	1	0
161.046578	200	204	4	6296	727688	754086	1	0
161.055354	200	204	4	6296	727688	754086	1	0
161.070283	200	204	4	6296	727688	754086	1	0
161.080756	200	204	4	6296	727688	754086	1	0
161.094288	200	204	4	6296	727688	754086	1	0
161.107095	200	204	4	6296	727688	754086	1	0
161.117026	200	204	4	6296	727688	754086	1	0
161.130813	200	204	4	6296	727688	754086	1	0
161.138726	200	204	4	6296	727688	754086	1	0
161.150774	200	204	4	6296	727688	754086	1	0
161.158718	200	204	4	6296	727688	754086	1	0
161.169031	200	204	4	6296	727688	754086	1	0
161.177435	200	204	4	6296	727688	754086	1	0
161.191922	200	204	4	6296	727688	754086	1	0
161.203386	200	204	4	6296	727688	754086	1	0
161.215664	200	204	4	6296	727688	754086	1	0
161.229847	200	204	4	6296	727688	754086	1	0
161.235360	200	204	4	6296	727688	754086	1	0
161.243718	200	204	4	6296	727688	754086	1	0
161.250082	200	204	4	6296	727688	754086	1	0
161.258648	200	204	4	6296	727688	754086	1	0
161.273169	200	204	4	6296	727688	754086	1	0
161.283265	200	204	4	6296	727688	754086	1	0
161.297493	200	204	4	6297	727688	754086	1	0
161.304658	200	204	4	6297	727688	754086	1	0
161.310829	200	204	4	6297	727688	754086	1	0
161.324071	200	204	4	6297	727688	754086	1	0
161.333122	200	204	4	6297	727688	754086	1	0
161.342200	200	204	4	6297	727688	754086	1	0
161.356741	200	204	4	6297	727688	754086	1	0
161.365987	200	204	4	6297	727688	754086	1	0
161.376695	200	204	4	6297	727688	754086	1	0
161.387106	200	204	4	6297	727688	754086	1	0
161.400507	200	204	4	6297	727688	754086	1	0
161.412960	200	204	4	6297	727688	754086	1	0
161.424670	200	204	4	6297	727688	754086	1	0
161.436112	200	204	4	6297	727688	754086	1	0
161.449370	200	204	4	6297	727688	754086	1	0
161.462694	200	204	4	6297	727688	754086	1	0
161.471557	200	204	4	6297	727688	754086	1	0
161.478478	200	204	4	6297	727688	754086	1	0
161.490125	200	204	4	6297	727688	754086	1	0
161.497553	200	204	4	6297	727688	754086	1	0
161.507436	200	204	4	6297	727688	754086	1	0
161.513394	200	204	4	6297	727688	754086	1	0
161.525388	200	204	4	6297	727688	754086	1	0
161.537418	200	204	4	6297	727688	754086	1	0
161.543977	200	204	4	6297	727688	754086	1	0
161.555730	200	204	4	6297	727688	754086	1	0
161.565745	200	204	4	6297	727688	754086	1	0
161.576413	200	204	4	6297	727688	754086	1	0
161.583290	200	204	4	6297	727688	754086	1	0
161.592601	200	204	4	6297	727688	754086	1	0
161.606801	200	204	4	6297	727688	754086	1	0
161.617096	200	204	4	6297	727688	754086	1	0
161.631991	200	204	4	6297	727688	754086	1	0
161.641101	200	204	4	6297	727688	754086	1	0
161.653126	200	204	4	6297	727688	754086	1	0
161.666469	200	204	4	6297	727688	754086	1	0
161.679962	200	204	4	6297	727688	754086	1	0
161.693441	200	204	4	6297	727688	754086	1	0
161.702941	200	204	4	6297	727688	754086	1	0
161.708991	200	204	4	6297	727688	754086	1	0
161.717092	200	204	4	6297	727688	754086	1	0
161.730102	200	204	4	6297	727688	754086	1	0
161.744532	200	204	4	6297	727688	754086	1	0
161.756175	200	204	4	6297	727688	754086	1	0
161.763306	200	204	4	6297	727688	754086	1	0
161.772081	200	204	4	6297	727688	754086	1	0
161.778439	200	204	4	6297	727688	754086	1	0
161.786904	200	204	4	6297	727688	754086	1	0
161.795655	200	204	4	6297	727688	754086	1	0
161.809976	200	204	4	6297	727688	754086	1	0
161.824509	200	204	4	6297	727688	754086	1	0
161.829707	200	204	4	6297	727688	754086	1	0
161.841432	200	204	4	6297	727688	754086	1	0
161.854735	200	204	4	6297	727688	754086	1	0
161.862208	200	204	4	6297	727688	754086	1	0
161.868918	200	204	4	6297	727688	754086	1	0
161.883958	200	204	4	6297	727688	754086	1	0
161.892315	200	204	4	6297	727688	754086	1	0
161.899792	200	204	4	6297	727688	754086	1	0
161.909106	200	204	4	6297	727688	754086	1	0
161.922027	200	204	4	6297	727688	754086	1	0
161.936960	200	204	4	6297	727688	754086	1	0
161.943546	200	204	4	6297	727688	754086	1	0
161.954298	200	204	4	6297	727688	754086	1	0
161.964347	200	204	4	6297	727688	754086	1	0
161.975771	200	204	4	6297	727688	754086	1	0
161.989884	200	204	4	6297	727688	754086	1	0
161.997123	200	204	4	6297	727688	754086	1	0
162.002428	200	204	4	6297	727688	754086	1	0
162.011066	200	204	4	6297	727688	754086	1	0
162.022286	200	204	4	6297	727688	754086	1	0
162.029174	200	204	4	6297	727688	754086	1	0
162.042275	200	204	4	6297	727688	754086	1	0
162.049218	200	204	4	6297	727688	754086	1	0
162.060715	200	204	4	6297	727688	754086	1	0
162.075370	200	204	4	6297	727688	754086	1	0
162.089109	200	204	4	6297	727688	754086	1	0
162.095064	200	204	4	6297	727688	754086	1	0
162.102522	200	204	4	6297	727688	754086	1	0
162.109070	200	204	4	6297	727688	754086	1	0
162.120112	200	204	4	6297	727688	754086	1	0
162.132620	200	204	4	6297	727688	754086	1	0
162.143052	200	204	4	6297	727688	754086	1	0
162.153528	200	204	4	6297	727688	754086	1	0
162.165811	200	204	4	6297	727688	754086	1	0
162.176633	200	204	4	6297	727688	754086	1	0
162.191599	200	204	4	6297	727688	754086	1	0
162.202980	200	204	4	6297	727688	754086	1	0
162.215298	200	204	4	6297	727688	754086	1	0
162.222322	200	204	4	6297	727688	754086	1	0
162.231266	200	204	4	6297	727688	754086	1	0
162.244216	200	204	4	6297	727688	754086	1	0
162.258727	200	204	4	6297	727688	754086	1	0
162.272614	200	204	4	6297	727688	754086	1	0
162.286840	200	204	4	6297	727688	754086	1	0
162.295417	200	204	4	6297	727688	754086	1	0
162.304237	200	204	4	6297	727688	754086	1	0
162.310354	200	204	4	6297	727688	754086	1	0
162.320717	200	204	4	6297	727688	754086	1	0
162.329842	200	204	4	6297	727688	754086	1	0
162.341440	200	204	4	6297	727688	754086	1	0
162.349493	200	204	4	6298	727688	754086	1	0
162.364365	200	204	4	6298	727688	754086	1	0
162.377529	200	204	4	6298	727688	754086	1	0
162.388930	200	204	4	6298	727688	754086	1	0
162.396493	200	204	4	6298	727688	754086	1	0
162.406280	200	204	4	6298	727688	754086	1	0
162.419359	200	204	4	6298	727688	754086	1	0
162.430936	200	204	4	6298	727688	754086	1	0
162.438612	200	204	4	6298	727688	754086	1	0
162.449081	200	204	4	6298	727688	754086	1	0
162.463704	200	204	4	6298	727688	754086	1	0
162.476769	200	204	4	6298	727688	754086	1	0
162.484727	200	204	4	6298	727688	754086	1	0
162.490464	200	204	4	6298	727688	754086	1	0
162.498743	200	204	4	6298	727688	754086	1	0
162.505466	200	204	4	6298	727688	754086	1	0
162.519627	200	204	4	6298	727688	754086	1	0
162.528250	200	204	4	6298	727688	754086	1	0
162.534215	200	204	4	6298	727688	754086	1	0
162.543408	200	204	4	6298	727688	754086	1	0
162.557948	200	204	4	6298	727688	754086	1	0
162.571225	200	204	4	6298	727688	754086	1	0
162.583187	200	204	4	6298	727688	754086	1	0
162.593199	200	204	4	6298	727688	754086	1	0
162.603976	200	204	4	6298	727688	754086	1	0
162.614736	200	204	4	6298	727688	754086	1	0
162.628063	200	204	4	6298	727688	754086	1	0
162.640245	200	204	4	6298	727688	754086	1	0
162.647165	200	204	4	6298	727688	754086	1	0
162.658208	200	204	4	6298	727688	754086	1	0
162.665754	200	204	4	6298	727688	754086	1	0
162.673397	200	204	4	6298	727688	754086	1	0
162.684392	200	204	4	6298	727688	754086	1	0
162.697250	200	204	4	6298	727688	754086	1	0
162.706966	200	204	4	6298	727688	754086	1	0
162.722154	200	204	4	6298	727688	754086	1	0
162.736033	200	204	4	6298	727688	754086	1	0
162.742271	200	204	4	6298	727688	754086	1	0
162.755297	200	204	4	6298	727688	754086	1	0
162.770368	200	204	4	6298	727688	754086	1	0
162.783448	200	204	4	6298	727688	754086	1	0
162.796832	200	204	4	6298	727688	754086	1	0
162.809498	200	204	4	6298	727688	754086	1	0
162.818717	200	204	4	6298	727688	754086	1	0
162.825645	200	204	4	6298	727688	754086	1	0
162.831557	200	204	4	6298	727688	754086	1	0
162.840477	200	204	4	6298	727688	754086	1	0
162.850632	200	204	4	6298	727688	754086	1	0
162.865141	200	204	4	6298	727688	754086	1	0
162.873775	200	204	4	6298	727688	754086	1	0
162.881049	200	204	4	6298	727688	754086	1	0
162.895203	200	204	4	6298	727688	754086	1	0
162.904025	200	204	4	6298	727688	754086	1	0
162.913022	200	204	4	6298	727688	754086	1	0
162.921665	200	204	4	6298	727688	754086	1	0
162.936366	200	204	4	6298	727688	754086	1	0
162.948784	200	204	4	6298	727688	754086	1	0
162.954716	200	204	4	6298	727688	754086	1	0
162.967177	200	204	4	6298	727688	754086	1	0
162.976566	200	204	4	6298	727688	754086	1	0
162.988258	200	204	4	6298	727688	754086	1	0
162.997114	200	204	4	6298	727688	754086	1	0
163.010687	200	204	4	6298	727688	754086	1	0
163.022567	200	204	4	6298	727688	754086	1	0
163.029387	200	204	4	6298	727688	754086	1	0
163.040389	200	204	4	6298	727688	754086	1	0
163.048908	200	204	4	6298	727688	754086	1	0
163.054122	200	204	4	6298	727688	754086	1	0
163.065807	200	204	4	6298	727688	754086	1	0
163.073336	200	204	4	6298	727688	754086	1	0
163.079296	200	204	4	6298	727688	754086	1	0
163.089002	200	204	4	6298	727688	754086	1	0
163.101297	200	204	4	6298	727688	754086	1	0
163.106554	200	204	4	6298	727688	754086	1	0
163.116655	200	204	4	6298	727688	754086	1	0
163.127210	200	204	4	6298	727688	754086	1	0
163.134952	200	204	4	6298	727688	754086	1	0
163.147579	200	204	4	6298	727688	754086	1	0
163.153750	200	204	4	6298	727688	754086	1	0
163.162957	200	204	4	6298	727688	754086	1	0
163.175535	200	204	4	6298	727688	754086	1	0
163.189961	200	204	4	6299	727688	754086	1	0
163.204532	200	204	4	6299	727688	754086	1	0
163.213243	200	204	4	6299	727688	754086	1	0
163.226352	200	204	4	6299	727688	754086	1	0
163.235140	200	204	4	6299	727688	754086	1	0
163.247843	200	204	4	6299	727688	754086	1	0
163.259572	200	204	4	6299	727688	754086	1	0
163.268932	200	204	4	6299	727688	754086	1	0
163.282316	200	204	4	6299	727688	754086	1	0
163.293968	200	204	4	6299	727688	754086	1	0
163.299883	200	204	4	6299	727688	754086	1	0
163.313125	200	204	4	6299	727688	754086	1	0
163.326774	200	204	4	6299	727688	754086	1	0
163.337404	200	204	4	6299	727688	754086	1	0
163.344139	200	204	4	6299	727688	754086	1	0
163.353098	200	204	4	6299	727688	754086	1	0
163.366409	200	204	4	6299	727688	754086	1	0
163.373294	200	204	4	6299	727688	754086	1	0
163.386772	200	204	4	6299	727688	754086	1	0
163.401539	200	204	4	6299	727688	754086	1	0
163.408054	200	204	4	6299	727688	754086	1	0
163.422069	200	204	4	6299	727688	754086	1	0
163.434728	200	204	4	6299	727688	754086	1	0
163.449566	200	204	4	6299	727688	754086	1	0
163.457095	200	204	4	6299	727688	754086	1	0
163.466936	200	204	4	6299	727688	754086	1	0
163.475814	200	204	4	6299	727688	754086	1	0
163.487655	200	204	4	6299	727688	754086	1	0
163.497143	200	204	4	6299	727688	754086	1	0
163.504419	200	204	4	6299	727688	754086	1	0
163.518409	200	204	4	6299	727688	754086	1	0
163.525738	200	204	4	6299	727688	754086	1	0
163.539315	200	204	4	6299	727688	754086	1	0
163.548053	200	204	4	6299	727688	754086	1	0
163.562515	200	204	4	6299	727688	754086	1	0
163.574264	200	204	4	6299	727688	754086	1	0
163.588854	200	204	4	6299	727688	754086	1	0
163.601376	200	204	4	6299	727688	754086	1	0
163.611090	200	204	4	6299	727688	754086	1	0
163.620951	200	204	4	6299	727688	754086	1	0
163.630424	200	204	4	6299	727688	754086	1	0
163.636959	200	204	4	6299	727688	754086	1	0
163.651621	200	204	4	6299	727688	754086	1	0
163.662180	200	204	4	6299	727688	754086	1	0
163.670697	200	204	4	6299	727688	754086	1	0
163.679954	200	204	4	6299	727688	754086	1	0
163.692538	200	204	4	6299	727688	754086	1	0
163.704574	200	204	4	6299	727688	754086	1	0
163.719672	200	204	4	6299	727688	754086	1	0
163.726262	200	204	4	6299	727688	754086	1	0
163.736375	200	204	4	6299	727688	754086	1	0
163.744699	200	204	4	6299	727688	754086	1	0
163.752061	200	204	4	6299	727688	754086	1	0
163.759153	200	204	4	6299	727688	754086	1	0
163.765510	200	204	4	6299	727688	754086	1	0
163.774462	200	204	4	6299	727688	754086	1	0
163.783128	200	204	4	6299	727688	754086	1	0
163.796030	200	204	4	6299	727688	754086	1	0
163.803809	200	204	4	6299	727688	754086	1	0
163.814689	200	204	4	6299	727688	754086	1	0
163.828160	200	204	4	6299	727688	754086	1	0
163.838224	200	204	4	6299	727688	754086	1	0
163.844374	200	204	4	6299	727688	754086	1	0
163.854880	200	204	4	6299	727688	754086	1	0
163.867028	200	204	4	6299	727688	754086	1	0
163.873424	200	204	4	6299	727688	754086	1	0
163.883034	200	204	4	6299	727688	754086	1	0
163.889462	200	204	4	6299	727688	754086	1	0
163.895017	200	204	4	6299	727688	754086	1	0
163.902802	200	204	4	6299	727688	754086	1	0
163.911456	200	204	4	6299	727688	754086	1	0
163.918805	200	204	4	6299	727688	754086	1	0
163.924796	200	204	4	6299	727688	754086	1	0
163.937821	200	204	4	6299	727688	754086	1	0
163.946329	200	204	4	6299	727688	754086	1	0
163.957342	200	204	4	6299	727688	754086	1	0
163.965557	200	204	4	6299	727688	754086	1	0
163.978922	200	204	4	6299	727688	754086	1	0
163.993825	200	204	4	6299	727688	754086	1	0
164.001577	200	204	4	6299	727688	754086	1	0
164.006847	200	204	4	6299	727688	754086	1	0
164.016969	200	204	4	6299	727688	754086	1	0
164.031835	200	204	4	6300	727688	754086	1	0
164.041962	200	204	4	6300	727688	754086	1	0
164.048384	200	204	4	6300	727688	754086	1	0
164.054746	200	204	4	6300	727688	754086	1	0
164.062690	200	204	4	6300	727688	754086	1	0
164.072441	200	204	4	6300	727688	754086	1	0
164.081730	200	204	4	6300	727688	754086	1	0
164.092603	200	204	4	6300	727688	754086	1	0
164.100012	200	204	4	6300	727688	754086	1	0
164.109768	200	204	4	6300	727688	754086	1	0
164.123809	200	204	4	6300	727688	754086	1	0
164.135915	200	204	4	6300	727688	754086	1	0
164.147881	200	204	4	6300	727688	754086	1	0
164.153153	200	204	4	6300	727688	754086	1	0
164.159973	200	204	4	6300	727688	754086	1	0
164.167871	200	204	4	6300	727688	754086	1	0
164.173275	200	204	4	6300	727688	754086	1	0
164.182468	200	204	4	6300	727688	754086	1	0
164.196182	200	204	4	6300	727688	754086	1	0
164.209399	200	204	4	6300	727688	754086	1	0
164.216712	200	204	4	6300	727688	754086	1	0
164.223025	200	204	4	6300	727688	754086	1	0
164.236731	200	204	4	6300	727688	754086	1	0
164.243982	200	204	4	6300	727688	754086	1	0
164.255585	200	204	4	6300	727688	754086	1	0
164.267793	200	204	4	6300	727688	754086	1	0
164.279477	200	204	4	6300	727688	754086	1	0
164.293595	200	204	4	6300	727688	754086	1	0
164.306162	200	204	4	6300	727688	754086	1	0
164.318907	200	204	4	6300	727688	754086	1	0
164.326511	200	204	4	6300	727688	754086	1	0
164.339683	200	204	4	6300	727688	754086	1	0
164.352855	200	204	4	6300	727688	754086	1	0
164.362919	200	204	4	6300	727688	754086	1	0
164.369319	200	204	4	6300	727688	754086	1	0
164.378093	200	204	4	6300	727688	754086	1	0
164.392055	200	204	4	6300	727688	754086	1	0
164.400098	200	204	4	6300	727688	754086	1	0
164.410230	200	204	4	6300	727688	754086	1	0
164.422414	200	204	4	6300	727688	754086	1	0
164.431133	200	204	4	6300	727688	754086	1	0
164.441900	200	204	4	6300	727688	754086	1	0
164.455546	200	204	4	6300	727688	754086	1	0
164.465541	200	204	4	6300	727688	754086	1	0
164.473515	200	204	4	6300	727688	754086	1	0
164.482735	200	204	4	6300	727688	754086	1	0
164.490649	200	204	4	6300	727688	754086	1	0
164.496548	200	204	4	6300	727688	754086	1	0
164.511680	200	204	4	6300	727688	754086	1	0
164.517991	200	204	4	6300	727688	754086	1	0
164.525718	200	204	4	6300	727688	754086	1	0
164.536025	200	204	4	6300	727688	754086	1	0
164.549041	200	204	4	6300	727688	754086	1	0
164.564009	200	204	4	6300	727688	754086	1	0
164.571043	200	204	4	6300	727688	754086	1	0
164.577916	200	204	4	6300	727688	754086	1	0
164.592488	200	204	4	6300	727688	754086	1	0
164.603711	200	204	4	6300	727688	754086	1	0
164.610448	200	204	4	6300	727688	754086	1	0
164.615751	200	204	4	6300	727688	754086	1	0
164.628283	200	204	4	6300	727688	754086	1	0
164.638210	200	204	4	6300	727688	754086	1	0
164.646757	200	204	4	6300	727688	754086	1	0
164.655441	200	204	4	6300	727688	754086	1	0
164.663513	200	204	4	6300	727688	754086	1	0
164.673514	200	204	4	6300	727688	754086	1	0
164.679203	200	204	4	6300	727688	754086	1	0
164.693959	200	204	4	6300	727688	754086	1	0
164.703081	200	204	4	6300	727688	754086	1	0
164.715641	200	204	4	6300	727688	754086	1	0
164.723061	200	204	4	6300	727688	754086	1	0
164.732300	200	204	4	6300	727688	754086	1	0
164.747263	200	204	4	6300	727688	754086	1	0
164.755713	200	204	4	6300	727688	754086	1	0
164.763885	200	204	4	6300	727688	754086	1	0
164.774744	200	204	4	6300	727688	754086	1	0
164.782383	200	204	4	6300	727688	754086	1	0
164.796173	200	204	4	6300	727688	754086	1	0
164.804008	200	204	4	6300	727688	754086	1	0
164.813147	200	204	4	6300	727688	754086	1	0
164.821077	200	204	4	6300	727688	754086	1	0
164.827630	200	204	4	6301	727688	754086	1	0
164.841441	200	204	4	6301	727688	754086	1	0
164.854029	200	204	4	6301	727688	754086	1	0
164.861563	200	204	4	6301	727688	754086	1	0
164.869967	200	204	4	6301	727688	754086	1	0
164.875797	200	204	4	6301	727688	754086	1	0
164.883798	200	204	4	6301	727688	754086	1	0
164.889024	200	204	4	6301	727688	754086	1	0
164.901351	200	204	4	6301	727688	754086	1	0
164.916024	200	204	4	6301	727688	754086	1	0
164.930264	200	204	4	6301	727688	754086	1	0
164.943008	200	204	4	6302	727688	754086	1	0
164.950748	200	204	4	6302	727688	754086	1	0
164.964132	200	204	4	6302	727688	754086	1	0
164.977551	200	204	4	6302	727688	754086	1	0
164.983682	200	204	4	6302	727688	754086	1	0
164.990396	200	204	4	6302	727688	754086	1	0
164.998728	200	204	4	6302	727688	754086	1	0
165.009848	200	204	4	6302	727688	754086	1	0
165.015168	200	204	4	6302	727688	754086	1	0
165.030715	200	204	4	6302	727688	754086	1	0
165.043471	200	204	4	6302	727688	754086	1	0
165.052697	200	204	4	6303	727688	754086	1	0
165.067438	200	204	4	6303	727688	754086	1	0
165.080383	200	204	4	6303	727688	754086	1	0
165.085861	200	204	4	6303	727688	754086	1	0
165.099641	200	204	4	6303	727688	754086	1	0
165.108997	200	204	4	6303	727688	754086	1	0
165.118568	200	204	4	6303	727688	754086	1	0
165.127551	200	204	4	6303	727688	754086	1	0
165.132911	200	204	4	6303	727688	754086	1	0
165.146749	200	204	4	6303	727688	754086	1	0
165.157737	200	204	4	6303	727688	754086	1	0
165.168001	200	204	4	6303	727688	754086	1	0
165.182389	200	204	4	6304	727688	754086	1	0
165.187584	200	204	4	6304	727688	754086	1	0
165.198416	200	204	4	6304	727688	754086	1	0
165.204006	200	204	4	6304	727688	754086	1	0
165.210482	200	204	4	6304	727688	754086	1	0
165.220964	200	204	4	6304	727688	754086	1	0
165.229055	200	204	4	6304	727688	754086	1	0
165.242629	200	204	4	6304	727688	754086	1	0
165.250767	200	204	4	6304	727688	754086	1	0
165.257114	200	204	4	6304	727688	754086	1	0
165.264180	200	204	4	6304	727688	754086	1	0
165.277938	200	204	4	6304	727688	754086	1	0
165.288340	200	204	4	6304	727688	754086	1	0
165.300314	200	204	4	6304	727688	754086	1	0
165.313673	200	204	4	6304	727688	754086	1	0
165.328489	200	204	4	6304	727688	754086	1	0
165.341524	200	204	4	6304	727688	754086	1	0
165.349242	200	204	4	6304	727688	754086	1	0
165.356013	200	204	4	6304	727688	754086	1	0
165.366308	200	204	4	6304	727688	754086	1	0
165.371712	200	204	4	6304	727688	754086	1	0
165.381051	200	204	4	6304	727688	754086	1	0
165.388036	200	204	4	6304	727688	754086	1	0
165.400828	200	204	4	6304	727688	754086	1	0
165.412781	200	204	4	6304	727688	754086	1	0
165.423508	200	204	4	6304	727688	754086	1	0
165.437486	200	204	4	6304	727688	754086	1	0
165.446312	200	204	4	6304	727688	754086	1	0
165.454729	200	204	4	6304	727688	754086	1	0
165.462887	200	204	4	6304	727688	754086	1	0
165.477534	200	204	4	6304	727688	754086	1	0
165.485372	200	204	4	6304	727688	754086	1	0
165.494873	200	204	4	6304	727688	754086	1	0
165.502942	200	204	4	6304	727688	754086	1	0
165.515143	200	204	4	6304	727688	754086	1	0
165.521822	200	204	4	6304	727688	754086	1	0
165.532221	200	204	4	6304	727688	754086	1	0
165.540584	200	204	4	6304	727688	754086	1	0
165.555242	200	204	4	6304	727688	754086	1	0
165.562737	200	204	4	6304	727688	754086	1	0
165.570973	200	204	4	6304	727688	754086	1	0
165.578131	200	204	4	6304	727688	754086	1	0
165.583551	200	204	4	6304	727688	754086	1	0
165.592010	200	204	4	6304	727688	754086	1	0
165.605749	200	204	4	6304	727688	754086	1	0
165.611147	200	204	4	6304	727688	754086	1	0
165.618639	200	204	4	6304	727688	754086	1	0
165.629358	200	204	4	6304	727688	754086	1	0
165.642282	200	204	4	6304	727688	754086	1	0
165.654823	200	204	4	6304	727688	754086	1	0
165.664099	200	204	4	6304	727688	754086	1	0
165.669516	200	204	4	6304	727688	754086	1	0
165.677035	200	204	4	6304	727688	754086	1	0
165.689452	200	204	4	6304	727688	754086	1	0
165.701064	200	204	4	6304	727688	754086	1	0
165.715740	200	204	4	6304	727688	754086	1	0
165.723734	200	204	4	6304	727688	754086	1	0
165.734246	200	204	4	6304	727688	754086	1	0
165.744617	200	204	4	6304	727688	754086	1	0
165.750276	200	204	4	6304	727688	754086	1	0
165.758703	200	204	4	6304	727688	754086	1	0
165.768908	200	204	4	6304	727688	754086	1	0
165.779490	200	204	4	6304	727688	754086	1	0
165.788858	200	204	4	6304	727688	754086	1	0
165.797054	200	204	4	6304	727688	754086	1	0
165.809848	200	204	4	6304	727688	754086	1	0
165.816090	200	204	4	6304	727688	754086	1	0
165.830577	200	204	4	6304	727688	754086	1	0
165.845329	200	204	4	6304	727688	754086	1	0
165.856423	200	204	4	6304	727688	754086	1	0
165.862131	200	204	4	6304	727688	754086	1	0
165.874888	200	204	4	6304	727688	754086	1	0
165.883372	200	204	4	6304	727688	754086	1	0
165.896690	200	204	4	6304	727688	754086	1	0
165.908583	200	204	4	6304	727688	754086	1	0
165.917711	200	204	4	6304	727688	754086	1	0
165.930393	200	204	4	6304	727688	754086	1	0
165.936154	200	204	4	6304	727688	754086	1	0
165.946626	200	204	4	6304	727688	754086	1	0
165.953885	200	204	4	6304	727688	754086	1	0
165.960582	200	204	4	6304	727688	754086	1	0
165.972160	200	204	4	6304	727688	754086	1	0
165.978911	200	204	4	6304	727688	754086	1	0
165.988532	200	204	4	6304	727688	754086	1	0
166.002477	200	204	4	6304	727688	754086	1	0
166.010982	200	204	4	6304	727688	754086	1	0
166.017583	200	204	4	6304	727688	754086	1	0
166.025011	200	204	4	6304	727688	754086	1	0
166.033619	200	204	4	6304	727688	754086	1	0
166.041870	200	204	4	6304	727688	754086	1	0
166.056350	200	204	4	6304	727688	754086	1	0
166.067265	200	204	4	6304	727688	754086	1	0
166.074870	200	204	4	6304	727688	754086	1	0
166.088954	200	204	4	6304	727688	754086	1	0
166.102734	200	204	4	6304	727688	754086	1	0
166.108778	200	204	4	6304	727688	754086	1	0
166.123625	200	204	4	6304	727688	754086	1	0
166.131809	200	204	4	6304	727688	754086	1	0
166.137673	200	204	4	6304	727688	754086	1	0
166.149968	200	204	4	6304	727688	754086	1	0
166.161841	200	204	4	6304	727688	754086	1	0
166.174626	200	204	4	6304	727688	754086	1	0
166.181620	200	204	4	6304	727688	754086	1	0
166.195020	200	204	4	6304	727688	754086	1	0
166.202885	200	204	4	6304	727688	754086	1	0
166.212805	200	204	4	6304	727688	754086	1	0
166.227188	200	204	4	6304	727688	754086	1	0
166.238750	200	204	4	6304	727688	754086	1	0
166.244560	200	204	4	6304	727688	754086	1	0
166.252899	200	204	4	6304	727688	754086	1	0
166.263420	200	204	4	6304	727688	754086	1	0
166.275193	200	204	4	6304	727688	754086	1	0
166.282450	200	204	4	6304	727688	754086	1	0
166.297087	200	204	4	6304	727688	754086	1	0
166.307483	200	204	4	6304	727688	754086	1	0
166.314737	200	204	4	6304	727688	754086	1	0
166.326563	200	204	4	6304	727688	754086	1	0
166.339060	200	204	4	6304	727688	754086	1	0
166.351338	200	204	4	6304	727688	754086	1	0
166.356727	200	204	4	6304	727688	754086	1	0
166.368295	200	204	4	6304	727688	754086	1	0
166.380617	200	204	4	6304	727688	754086	1	0
166.394618	200	204	4	6304	727688	754086	1	0
166.407879	200	204	4	6304	727688	754086	1	0
166.417784	200	204	4	6304	727688	754086	1	0
166.425759	200	204	4	6304	727688	754086	1	0
166.432080	200	204	4	6304	727688	754086	1	0
166.439571	200	204	4	6304	727688	754086	1	0
166.449831	200	204	4	6304	727688	754086	1	0
166.455874	200	204	4	6304	727688	754086	1	0
166.470566	200	204	4	6304	727688	754086	1	0
166.475820	200	204	4	6304	727688	754086	1	0
166.483663	200	204	4	6304	727688	754086	1	0
166.493453	200	204	4	6304	727688	754086	1	0
166.505103	200	204	4	6304	727688	754086	1	0
166.517558	200	204	4	6304	727688	754086	1	0
166.530015	200	204	4	6304	727688	754086	1	0
166.537734	200	204	4	6304	727688	754086	1	0
166.546170	200	204	4	6304	727688	754086	1	0
166.554132	200	204	4	6304	727688	754086	1	0
166.561651	200	204	4	6304	727688	754086	1	0
166.568661	200	204	4	6304	727688	754086	1	0
166.577455	200	204	4	6304	727688	754086	1	0
166.587998	200	204	4	6304	727688	754086	1	0
166.593331	200	204	4	6304	727688	754086	1	0
166.608933	200	204	4	6304	727688	754086	1	0
166.619450	200	204	4	6304	727688	754086	1	0
166.635353	200	204	4	6304	727688	754086	1	0
166.650727	200	204	4	6304	727688	754086	1	0
166.663789	200	204	4	6304	727688	754086	1	0
166.672867	200	204	4	6304	727688	754086	1	0
166.683748	200	204	4	6304	727688	754086	1	0
166.696651	200	204	4	6304	727688	754086	1	0
166.706961	200	204	4	6304	727688	754086	1	0
166.715784	200	204	4	6304	727688	754086	1	0
166.725048	200	204	4	6304	727688	754086	1	0
166.737491	200	204	4	6304	727688	754086	1	0
166.746306	200	204	4	6304	727688	754086	1	0
166.760551	200	204	4	6304	727688	754086	1	0
166.767148	200	204	4	6304	727688	754086	1	0
166.775315	200	204	4	6304	727688	754086	1	0
166.789970	200	204	4	6304	727688	754086	1	0
166.802544	200	204	4	6304	727688	754086	1	0
166.815031	200	204	4	6304	727688	754086	1	0
166.823471	200	204	4	6304	727688	754086	1	0
166.837051	200	204	4	6304	727688	754086	1	0
166.852179	200	204	4	6304	727688	754086	1	0
166.872541	200	204	4	6304	727688	754086	1	0
166.879111	200	204	4	6304	727688	754086	1	0
166.892889	200	204	4	6304	727688	754086	1	0
166.899601	200	204	4	6304	727688	754086	1	0
166.913664	200	204	4	6304	727688	754086	1	0
166.921812	200	204	4	6304	727688	754086	1	0
166.928084	200	204	4	6304	727688	754086	1	0
166.938865	200	204	4	6304	727688	754086	1	0
166.952287	200	204	4	6304	727688	754086	1	0
166.960217	200	204	4	6304	727688	754086	1	0
166.972809	200	204	4	6304	727688	754086	1	0
166.980537	200	204	4	6304	727688	754086	1	0
166.988748	200	204	4	6304	727688	754086	1	0
166.999571	200	204	4	6304	727688	754086	1	0
167.014783	200	204	4	6304	727688	754086	1	0
167.020742	200	204	4	6304	727688	754086	1	0
167.032511	200	204	4	6304	727688	754086	1	0
167.039022	200	204	4	6304	727688	754086	1	0
167.053872	200	204	4	6304	727688	754086	1	0
167.062462	200	204	4	6304	727688	754086	1	0
167.070363	200	204	4	6304	727688	754086	1	0
167.075958	200	204	4	6304	727688	754086	1	0
167.090430	200	204	4	6304	727688	754086	1	0
167.096320	200	204	4	6304	727688	754086	1	0
167.108611	200	204	4	6304	727688	754086	1	0
167.119477	200	204	4	6304	727688	754086	1	0
167.128106	200	204	4	6304	727688	754086	1	0
167.133438	200	204	4	6304	727688	754086	1	0
167.138818	200	204	4	6304	727688	754086	1	0
167.152728	200	204	4	6304	727688	754086	1	0
167.158065	200	204	4	6304	727688	754086	1	0
167.165280	200	204	4	6304	727688	754086	1	0
167.173812	200	204	4	6304	727688	754086	1	0
167.187324	200	204	4	6304	727688	754086	1	0
167.200464	200	204	4	6304	727688	754086	1	0
167.206434	200	204	4	6304	727688	754086	1	0
167.215261	200	204	4	6304	727688	754086	1	0
167.229784	200	204	4	6304	727688	754086	1	0
167.242052	200	204	4	6304	727688	754086	1	0
167.256467	200	204	4	6304	727688	754086	1	0
167.265419	200	204	4	6304	727688	754086	1	0
167.274623	200	204	4	6304	727688	754086	1	0
167.286674	200	204	4	6304	727688	754086	1	0
167.293510	200	204	4	6304	727688	754086	1	0
167.305686	200	204	4	6304	727688	754086	1	0
167.314933	200	204	4	6304	727688	754086	1	0
167.325538	200	204	4	6304	727688	754086	1	0
167.339907	200	204	4	6304	727688	754086	1	0
167.353958	200	204	4	6304	727688	754086	1	0
167.369542	200	204	4	6304	727688	754086	1	0
167.377881	200	204	4	6304	727688	754086	1	0
167.390023	200	204	4	6304	727688	754086	1	0
167.404238	200	204	4	6304	727688	754086	1	0
167.410018	200	204	4	6304	727688	754086	1	0
167.420265	200	204	4	6304	727688	754086	1	0
167.428307	200	204	4	6304	727688	754086	1	0
167.439378	200	204	4	6304	727688	754086	1	0
167.451283	200	204	4	6304	727688	754086	1	0
167.458323	200	204	4	6304	727688	754086	1	0
167.465768	200	204	4	6304	727688	754086	1	0
167.473931	200	204	4	6304	727688	754086	1	0
167.486749	200	204	4	6304	727688	754086	1	0
167.492922	200	204	4	6304	727688	754086	1	0
167.507724	200	204	4	6304	727688	754086	1	0
167.520308	200	204	4	6304	727688	754086	1	0
167.533030	200	204	4	6304	727688	754086	1	0
167.541771	200	204	4	6304	727688	754086	1	0
167.553820	200	204	4	6304	727688	754086	1	0
167.562355	200	204	4	6304	727688	754086	1	0
167.571693	200	204	4	6304	727688	754086	1	0
167.581881	200	204	4	6304	727688	754086	1	0
167.589927	200	204	4	6304	727688	754086	1	0
167.597191	200	204	4	6304	727688	754086	1	0
167.610829	200	204	4	6304	727688	754086	1	0
167.616790	200	204	4	6304	727688	754086	1	0
167.625238	200	204	4	6304	727688	754086	1	0
167.640095	200	204	4	6304	727688	754086	1	0
167.653262	200	204	4	6304	727688	754086	1	0
167.665914	200	204	4	6304	727688	754086	1	0
167.675356	200	204	4	6304	727688	754086	1	0
167.683651	200	204	4	6304	727688	754086	1	0
167.689711	200	204	4	6304	727688	754086	1	0
167.704559	200	204	4	6304	727688	754086	1	0
167.711743	200	204	4	6304	727688	754086	1	0
167.725337	200	204	4	6304	727688	754086	1	0
167.739572	200	204	4	6304	727688	754086	1	0
167.750523	200	204	4	6304	727688	754086	1	0
167.763410	200	204	4	6304	727688	754086	1	0
167.769469	200	204	4	6304	727688	754086	1	0
167.783826	200	204	4	6304	727688	754086	1	0
167.790822	200	204	4	6304	727688	754086	1	0
167.800797	200	204	4	6304	727688	754086	1	0
167.810081	200	204	4	6304	727688	754086	1	0
167.816216	200	204	4	6304	727688	754086	1	0
167.834821	200	204	4	6304	727688	754086	1	0
167.845978	200	204	4	6304	727688	754086	1	0
167.860150	200	204	4	6304	727688	754086	1	0
167.865509	200	204	4	6304	727688	754086	1	0
167.877150	200	204	4	6304	727688	754086	1	0
167.882933	200	204	4	6304	727688	754086	1	0
167.893711	200	204	4	6304	727688	754086	1	0
167.902321	200	204	4	6304	727688	754086	1	0
167.915652	200	204	4	6304	727688	754086	1	0
167.922343	200	204	4	6304	727688	754086	1	0
167.927753	200	204	4	6304	727688	754086	1	0
167.942760	200	204	4	6304	727688	754086	1	0
167.950362	200	204	4	6304	727688	754086	1	0
167.959993	200	204	4	6304	727688	754086	1	0
167.967546	200	204	4	6304	727688	754086	1	0
167.982562	200	204	4	6304	727688	754086	1	0
167.990102	200	204	4	6304	727688	754086	1	0
168.003170	200	204	4	6304	727688	754086	1	0
168.014771	200	204	4	6304	727688	754086	1	0
168.027115	200	204	4	6304	727688	754086	1	0
168.042572	200	204	4	6304	727688	754086	1	0
168.057426	200	204	4	6304	727688	754086	1	0
168.063004	200	204	4	6304	727688	754086	1	0
168.072582	200	204	4	6304	727688	754086	1	0
168.082305	200	204	4	6304	727688	754086	1	0
168.090754	200	204	4	6304	727688	754086	1	0
168.104056	200	204	4	6304	727688	754086	1	0
168.115426	200	204	4	6304	727688	754086	1	0
168.132505	200	204	4	6304	727688	754086	1	0
168.137850	200	204	4	6304	727688	754086	1	0
168.144171	200	204	4	6304	727688	754086	1	0
168.155236	200	204	4	6304	727688	754086	1	0
168.163429	200	204	4	6304	727688	754086	1	0
168.172196	200	204	4	6304	727688	754086	1	0
168.177774	200	204	4	6304	727688	754086	1	0
168.189853	200	204	4	6304	727688	754086	1	0
168.205989	200	204	4	6304	727688	754086	1	0
168.219559	200	204	4	6304	727688	754086	1	0
168.231902	200	204	4	6304	727688	754086	1	0
168.245433	200	204	4	6304	727688	754086	1	0
168.255627	200	204	4	6304	727688	754086	1	0
168.269144	200	204	4	6304	727688	754086	1	0
168.283297	200	204	4	6304	727688	754086	1	0
168.291619	200	204	4	6304	727688	754086	1	0
168.305705	200	204	4	6304	727688	754086	1	0
168.318275	200	204	4	6304	727688	754086	1	0
168.324772	200	204	4	6304	727688	754086	1	0
168.331427	200	204	4	6304	727688	754086	1	0
168.346718	200	204	4	6304	727688	754086	1	0
168.352450	200	204	4	6304	727688	754086	1	0
168.361917	200	204	4	6304	727688	754086	1	0
168.374467	200	204	4	6304	727688	754086	1	0
168.388111	200	204	4	6304	727688	754086	1	0
168.403165	200	204	4	6304	727688	754086	1	0
168.416917	200	204	4	6304	727688	754086	1	0
168.426986	200	204	4	6304	727688	754086	1	0
168.434961	200	204	4	6304	727688	754086	1	0
168.448892	200	204	4	6304	727688	754086	1	0
168.462811	200	204	4	6304	727688	754086	1	0
168.469537	200	204	4	6304	727688	754086	1	0
168.475763	200	204	4	6304	727688	754086	1	0
168.489836	200	204	4	6304	727688	754086	1	0
168.504446	200	204	4	6304	727688	754086	1	0
168.519304	200	204	4	6304	727688	754086	1	0
168.531100	200	204	4	6304	727688	754086	1	0
168.542643	200	204	4	6304	727688	754086	1	0
168.554328	200	204	4	6304	727688	754086	1	0
168.563987	200	204	4	6304	727688	754086	1	0
168.575042	200	204	4	6304	727688	754086	1	0
168.583129	200	204	4	6304	727688	754086	1	0
168.589597	200	204	4	6304	727688	754086	1	0
168.601685	200	204	4	6304	727688	754086	1	0
168.616484	200	204	4	6304	727688	754086	1	0
168.627348	200	204	4	6304	727688	754086	1	0
168.639955	200	204	4	6304	727688	754086	1	0
168.654137	200	204	4	6304	727688	754086	1	0
168.660681	200	204	4	6304	727688	754086	1	0
168.667691	200	204	4	6304	727688	754086	1	0
168.680600	200	204	4	6304	727688	754086	1	0
168.690767	200	204	4	6304	727688	754086	1	0
168.698983	200	204	4	6304	727688	754086	1	0
168.712205	200	204	4	6304	727688	754086	1	0
168.720693	200	204	4	6304	727688	754086	1	0
168.730780	200	204	4	6304	727688	754086	1	0
168.742838	200	204	4	6304	727688	754086	1	0
168.749596	200	204	4	6304	727688	754086	1	0
168.756593	200	204	4	6304	727688	754086	1	0
168.765333	200	204	4	6304	727688	754086	1	0
168.776305	200	204	4	6304	727688	754086	1	0
168.791546	200	204	4	6304	727688	754086	1	0
168.809182	200	204	4	6304	727688	754086	1	0
168.821049	200	204	4	6304	727688	754086	1	0
168.826812	200	204	4	6304	727688	754086	1	0
168.832863	200	204	4	6304	727688	754086	1	0
168.845915	200	204	4	6304	727688	754086	1	0
168.851947	200	204	4	6304	727688	754086	1	0
168.861801	200	204	4	6304	727688	754086	1	0
168.874216	200	204	4	6304	727688	754086	1	0
168.880359	200	204	4	6304	727688	754086	1	0
168.891981	200	204	4	6304	727688	754086	1	0
168.901573	200	204	4	6304	727688	754086	1	0
168.913161	200	204	4	6304	727688	754086	1	0
168.922757	200	204	4	6304	727688	754086	1	0
168.936668	200	204	4	6304	727688	754086	1	0
168.946156	200	204	4	6304	727688	754086	1	0
168.951443	200	204	4	6304	727688	754086	1	0
168.965346	200	204	4	6304	727688	754086	1	0
168.979683	200	204	4	6304	727688	754086	1	0
168.984950	200	204	4	6304	727688	754086	1	0
168.997265	200	204	4	6304	727688	754086	1	0
169.003500	200	204	4	6304	727688	754086	1	0
169.016490	200	204	4	6304	727688	754086	1	0
169.024164	200	204	4	6304	727688	754086	1	0
169.031062	200	204	4	6304	727688	754086	1	0
169.039379	200	204	4	6304	727688	754086	1	0
169.051165	200	204	4	6304	727688	754086	1	0
169.057727	200	204	4	6304	727688	754086	1	0
169.072231	200	204	4	6304	727688	754086	1	0
169.079691	200	204	4	6304	727688	754086	1	0
169.087925	200	204	4	6304	727688	754086	1	0
169.098578	200	204	4	6304	727688	754086	1	0
169.104865	200	204	4	6304	727688	754086	1	0
169.118858	200	204	4	6304	727688	754086	1	0
169.129689	200	204	4	6304	727688	754086	1	0
169.134933	200	204	4	6304	727688	754086	1	0
169.143961	200	204	4	6304	727688	754086	1	0
169.156807	200	204	4	6304	727688	754086	1	0
169.165028	200	204	4	6304	727688	754086	1	0
169.178021	200	204	4	6304	727688	754086	1	0
169.189821	200	204	4	6304	727688	754086	1	0
169.202792	200	204	4	6304	727688	754086	1	0
169.213009	200	204	4	6304	727688	754086	1	0
169.224193	200	204	4	6304	727573	754086	1	0
169.229629	200	204	4	6304	727573	754086	1	0
169.239957	200	204	4	6304	727573	754086	1	0
169.253096	200	204	4	6304	727573	754086	1	0
169.263155	200	204	4	6304	727573	754086	1	0
169.272721	200	204	4	6304	727573	754086	1	0
169.286425	200	204	4	6304	727573	754086	1	0
169.298735	200	204	4	6304	727573	754086	1	0
169.305027	200	204	4	6304	727573	754086	1	0
169.313639	200	204	4	6304	727573	754086	1	0
169.323854	200	204	4	6304	727573	754086	1	0
169.332980	200	204	4	6304	727573	754086	1	0
169.343779	200	204	4	6304	727573	754086	1	0
169.348957	200	204	4	6304	727573	754086	1	0
169.360001	200	204	4	6304	727573	754086	1	0
169.367098	200	204	4	6304	727573	754086	1	0
169.377350	200	204	4	6304	727573	754086	1	0
169.383066	200	204	4	6304	727573	754086	1	0
169.392335	200	204	4	6304	727573	754086	1	0
169.398788	200	204	4	6304	727573	754086	1	0
169.404648	200	204	4	6304	727573	754086	1	0
169.410571	200	204	4	6304	727573	754086	1	0
169.416919	200	204	4	6304	727573	754086	1	0
169.423290	200	204	4	6304	727573	754086	1	0
169.432874	200	204	4	6304	727573	754086	1	0
169.445892	200	204	4	6304	727573	754086	1	0
169.459001	200	204	4	6304	727573	754086	1	0
169.471437	200	204	4	6304	727573	754086	1	0
169.483610	200	204	4	6304	727573	754086	1	0
169.493759	200	204	4	6304	727573	754086	1	0
169.506756	200	204	4	6304	727573	754086	1	0
169.521747	200	204	4	6304	727573	754086	1	0
169.535429	200	204	4	6304	727573	754086	1	0
169.545474	200	204	4	6304	727573	754086	1	0
169.555265	200	204	4	6304	727573	754086	1	0
169.561641	200	204	4	6304	727573	754086	1	0
169.574992	200	204	4	6304	727573	754086	1	0
169.585328	200	204	4	6304	727573	754086	1	0
169.594718	200	204	4	6304	727573	754086	1	0
169.604740	200	204	4	6304	727573	754086	1	0
169.617545	200	204	4	6304	727573	754086	1	0
169.629688	200	204	4	6305	727573	754086	1	0
169.635811	200	204	4	6305	727573	754086	1	0
169.648561	200	204	4	6305	727573	754086	1	0
169.659625	200	204	4	6305	727573	754086	1	0
169.674386	200	204	4	6305	727573	754086	1	0
169.680107	200	204	4	6305	727573	754086	1	0
169.693305	200	204	4	6305	727573	754086	1	0
169.707917	200	204	4	6305	727573	754086	1	0
169.716026	200	204	4	6305	727573	754086	1	0
169.726812	200	204	4	6305	727573	754086	1	0
169.741138	200	204	4	6305	727573	754086	1	0
169.748355	200	204	4	6305	727573	754086	1	0
169.756366	200	204	4	6305	727573	754086	1	0
169.770876	200	204	4	6305	727573	754086	1	0
169.781267	200	204	4	6306	727573	754086	1	0
169.791967	200	204	4	6306	727573	754086	1	0
169.806076	200	204	4	6306	727573	754086	1	0
169.817080	200	204	4	6306	727573	754086	1	0
169.823129	200	204	4	6306	727573	754086	1	0
169.830700	200	204	4	6306	727573	754086	1	0
169.838732	200	204	4	6306	727573	754086	1	0
169.849199	200	204	4	6306	727573	754086	1	0
169.855798	200	204	4	6306	727573	754086	1	0
169.861484	200	204	4	6306	727573	754086	1	0
169.874544	200	204	4	6306	727573	754086	1	0
169.885959	200	204	4	6306	727573	754086	1	0
169.892414	200	204	4	6306	727573	754086	1	0
169.901276	200	204	4	6306	727573	754086	1	0
169.907076	200	204	4	6306	727573	754086	1	0
169.924288	200	204	4	6306	727573	754086	1	0
169.935748	200	204	4	6306	727573	754086	1	0
169.941491	200	204	4	6306	727573	754086	1	0
169.947887	200	204	4	6306	727573	754086	1	0
169.953137	200	204	4	6306	727573	754086	1	0
169.963528	200	204	4	6306	727573	754086	1	0
169.971198	200	204	4	6306	727573	754086	1	0
169.982476	200	204	4	6307	727573	754086	1	0
169.993434	200	204	4	6307	727573	754086	1	0
170.007633	200	204	4	6307	727573	754086	1	0
170.021361	200	204	4	6307	727573	754086	1	0
170.033474	200	204	4	6307	727573	754086	1	0
170.041027	200	204	4	6307	727573	754086	1	0
170.047559	200	204	4	6307	727573	754086	1	0
170.060431	200	204	4	6307	727573	754086	1	0
170.074850	200	204	4	6307	727573	754086	1	0
170.082804	200	204	4	6307	727573	754086	1	0
170.092880	200	204	4	6307	727573	754086	1	0
170.106810	200	204	4	6307	727573	754086	1	0
170.121755	200	204	4	6307	727573	754086	1	0
170.134603	200	204	4	6307	727573	754086	1	0
170.146236	200	204	4	6307	727573	754086	1	0
170.160574	200	204	4	6307	727573	754086	1	0
170.169176	200	204	4	6307	727573	754086	1	0
170.175802	200	204	4	6307	727573	754086	1	0
170.185278	200	204	4	6307	727573	754086	1	0
170.196982	200	204	4	6308	727573	754086	1	0
170.209108	200	204	4	6308	727573	754086	1	0
170.216191	200	204	4	6308	727573	754086	1	0
170.229510	200	204	4	6308	727573	754086	1	0
170.240183	200	204	4	6308	727573	754086	1	0
170.252013	200	204	4	6308	727573	754086	1	0
170.258595	200	204	4	6308	727573	754086	1	0
170.268723	200	204	4	6308	727573	754086	1	0
170.279436	200	204	4	6308	727573	754086	1	0
170.292145	200	204	4	6308	727573	754086	1	0
170.306746	200	204	4	6308	727573	754086	1	0
170.314370	200	204	4	6308	727573	754086	1	0
170.322900	200	204	4	6308	727573	754086	1	0
170.331931	200	204	4	6308	727573	754086	1	0
170.337194	200	204	4	6308	727573	754086	1	0
170.345608	200	204	4	6308	727573	754086	1	0
170.357945	200	204	4	6308	727573	754086	1	0
170.371368	200	204	4	6308	727573	754086	1	0
170.380524	200	204	4	6308	727573	754086	1	0
170.389759	200	204	4	6308	727573	754086	1	0
170.401452	200	204	4	6308	727573	754086	1	0
170.410121	200	204	4	6308	727573	754086	1	0
170.423505	200	204	4	6309	727573	754086	1	0
170.433729	200	204	4	6309	727573	754086	1	0
170.441181	200	204	4	6309	727573	754086	1	0
170.447030	200	204	4	6309	727573	754086	1	0
170.460699	200	204	4	6309	727573	754086	1	0
170.470581	200	204	4	6309	727573	754086	1	0
170.476805	200	204	4	6309	727573	754086	1	0
170.484525	200	204	4	6309	727573	754086	1	0
170.495128	200	204	4	6309	727573	754086	1	0
170.506381	200	204	4	6309	727573	754086	1	0
170.512946	200	204	4	6309	727573	754086	1	0
170.519856	200	204	4	6309	727573	754086	1	0
170.534917	200	204	4	6309	727573	754086	1	0
170.545098	200	204	4	6309	727573	754086	1	0
170.556561	200	204	4	6309	727573	754086	1	0
170.568405	200	204	4	6309	727573	754086	1	0
170.576391	200	204	4	6309	727573	754086	1	0
170.584325	200	204	4	6309	727573	754086	1	0
170.595226	200	204	4	6309	727573	754086	1	0
170.606737	200	204	4	6309	727573	754086	1	0
170.617332	200	204	4	6309	727573	754086	1	0
170.625390	200	204	4	6309	727573	754086	1	0
170.631763	200	204	4	6309	727573	754086	1	0
170.643790	200	204	4	6309	727573	754086	1	0
170.649647	200	204	4	6309	727573	754086	1	0
170.662831	200	204	4	6309	727573	754086	1	0
170.673857	200	204	4	6309	727573	754086	1	0
170.681920	200	204	4	6310	727573	754086	1	0
170.691421	200	204	4	6310	727573	754086	1	0
170.703538	200	204	4	6310	727573	754086	1	0
170.716001	200	204	4	6310	727573	754086	1	0
170.722623	200	204	4	6310	727573	754086	1	0
170.728673	200	204	4	6310	727573	754086	1	0
170.744135	200	204	4	6310	727573	754086	1	0
170.754699	200	204	4	6310	727573	754086	1	0
170.766008	200	204	4	6310	727573	754086	1	0
170.775995	200	204	4	6310	727573	754086	1	0
170.787679	200	204	4	6310	727573	754086	1	0
170.797612	200	204	4	6310	727573	754086	1	0
170.807775	200	204	4	6310	727573	754086	1	0
170.817362	200	204	4	6310	727573	754086	1	0
170.825765	200	204	4	6310	727573	754086	1	0
170.838556	200	204	4	6310	727573	754086	1	0
170.848680	200	204	4	6310	727573	754086	1	0
170.859176	200	204	4	6310	727573	754086	1	0
170.865253	200	204	4	6310	727573	754086	1	0
170.880168	200	204	4	6310	727573	754086	1	0
170.887461	200	204	4	6310	727573	754086	1	0
170.896033	200	204	4	6310	727573	754086	1	0
170.910846	200	204	4	6310	727573	754086	1	0
170.921539	200	204	4	6310	727573	754086	1	0
170.929688	200	204	4	6310	727573	754086	1	0
170.939757	200	204	4	6310	727573	754086	1	0
170.948291	200	204	4	6311	727573	754086	1	0
170.953650	200	204	4	6311	727573	754086	1	0
170.967397	200	204	4	6311	727573	754086	1	0
170.978328	200	204	4	6311	727573	754086	1	0
170.985797	200	204	4	6311	727573	754086	1	0
170.992894	200	204	4	6311	727573	754086	1	0
171.002338	200	204	4	6311	727573	754086	1	0
171.009839	200	204	4	6311	727573	754086	1	0
171.024249	200	204	4	6311	727573	754086	1	0
171.036347	200	204	4	6311	727573	754086	1	0
171.052182	200	204	4	6311	727573	754086	1	0
171.064587	200	204	4	6311	727573	754086	1	0
171.074713	200	204	4	6311	727573	754086	1	0
171.086154	200	204	4	6311	727573	754086	1	0
171.101312	200	204	4	6311	727573	754086	1	0
171.110905	200	204	4	6311	727573	754086	1	0
171.118917	200	204	4	6311	727573	754086	1	0
171.130098	200	204	4	6311	727573	754086	1	0
171.143159	200	204	4	6311	727573	754086	1	0
171.149907	200	204	4	6311	727573	754086	1	0
171.166729	200	204	4	6311	727573	754086	1	0
171.180855	200	204	4	6311	727573	754086	1	0
171.187788	200	204	4	6311	727573	754086	1	0
171.199149	200	204	4	6311	727573	754086	1	0
171.213827	200	204	4	6312	727573	754086	1	0
171.220801	200	204	4	6312	727573	754086	1	0
171.234167	200	204	4	6312	727573	754086	1	0
171.246772	200	204	4	6312	727573	754086	1	0
171.257965	200	204	4	6312	727573	754086	1	0
171.270197	200	204	4	6312	727573	754086	1	0
171.283278	200	204	4	6312	727573	754086	1	0
171.297084	200	204	4	6312	727573	754086	1	0
171.304460	200	204	4	6312	727573	754086	1	0
171.314214	200	204	4	6312	727573	754086	1	0
171.323656	200	204	4	6312	727573	754086	1	0
171.333796	200	204	4	6312	727573	754086	1	0
171.343602	200	204	4	6312	727573	754086	1	0
171.351055	200	204	4	6312	727573	754086	1	0
171.365033	200	204	4	6312	727573	754086	1	0
171.377952	200	204	4	6312	727573	754086	1	0
171.388114	200	204	4	6312	727573	754086	1	0
171.397264	200	204	4	6312	727573	754086	1	0
171.403734	200	204	4	6312	727573	754086	1	0
171.410649	200	204	4	6312	727573	754086	1	0
171.422055	200	204	4	6312	727573	754086	1	0
171.427891	200	204	4	6312	727573	754086	1	0
171.433685	200	204	4	6312	727573	754086	1	0
171.445521	200	204	4	6312	727573	754086	1	0
171.462631	200	204	4	6312	727573	754086	1	0
171.471389	200	204	4	6312	727573	754086	1	0
171.480066	200	204	4	6312	727573	754086	1	0
171.490624	200	204	4	6312	727573	754086	1	0
171.503440	200	204	4	6312	727573	754086	1	0
171.512155	200	204	4	6312	727573	754086	1	0
171.523933	200	204	4	6312	727573	754086	1	0
171.536030	200	204	4	6312	727573	754086	1	0
171.550771	200	204	4	6312	727573	754086	1	0
171.557431	200	204	4	6312	727573	754086	1	0
171.565844	200	204	4	6312	727573	754086	1	0
171.579503	200	204	4	6312	727573	754086	1	0
171.586518	200	204	4	6312	727573	754086	1	0
171.594557	200	204	4	6312	727573	754086	1	0
171.605893	200	204	4	6312	727573	754086	1	0
171.620000	200	204	4	6312	727573	754086	1	0
171.634702	200	204	4	6312	727573	754086	1	0
171.647701	200	204	4	6312	727573	754086	1	0
171.657981	200	204	4	6312	727573	754086	1	0
171.663318	200	204	4	6312	727573	754086	1	0
171.670798	200	204	4	6312	727573	754086	1	0
171.682913	200	204	4	6312	727573	754086	1	0
171.689160	200	204	4	6312	727573	754086	1	0
171.702304	200	204	4	6312	727573	754086	1	0
171.710451	200	204	4	6312	727573	754086	1	0
171.723305	200	204	4	6312	727573	754086	1	0
171.736945	200	204	4	6312	727573	754086	1	0
171.745827	200	204	4	6312	727573	754086	1	0
171.760418	200	204	4	6312	727573	754086	1	0
171.765720	200	204	4	6312	727573	754086	1	0
171.779790	200	204	4	6312	727573	754086	1	0
171.793837	200	204	4	6312	727573	754086	1	0
171.808334	200	204	4	6312	727573	754086	1	0
171.820257	200	204	4	6312	727573	754086	1	0
171.835112	200	204	4	6312	727573	754086	1	0
171.848866	200	204	4	6312	727573	754086	1	0
171.856621	200	204	4	6312	727573	754086	1	0
171.864573	200	204	4	6312	727573	754086	1	0
171.873781	200	204	4	6312	727573	754086	1	0
171.880050	200	204	4	6312	727573	754086	1	0
171.894124	200	204	4	6312	727573	754086	1	0
171.903740	200	204	4	6312	727573	754086	1	0
171.909197	200	204	4	6312	727573	754086	1	0
171.916514	200	204	4	6312	727573	754086	1	0
171.929506	200	204	4	6312	727573	754086	1	0
171.939148	200	204	4	6312	727573	754086	1	0
171.950297	200	204	4	6312	727573	754086	1	0
171.962973	200	204	4	6312	727573	754086	1	0
171.971448	200	204	4	6312	727573	754086	1	0
171.978013	200	204	4	6312	727573	754086	1	0
171.985597	200	204	4	6312	727573	754086	1	0
171.997381	200	204	4	6312	727573	754086	1	0
172.010156	200	204	4	6312	727573	754086	1	0
172.020012	200	204	4	6312	727573	754086	1	0
172.029358	200	204	4	6312	727573	754086	1	0
172.041242	200	204	4	6312	727573	754086	1	0
172.055233	200	204	4	6312	727573	754086	1	0
172.061643	200	204	4	6312	727573	754086	1	0
172.076092	200	204	4	6312	727573	754086	1	0
172.090682	200	204	4	6312	727573	754086	1	0
172.105799	200	204	4	6312	727573	754086	1	0
172.119049	200	204	4	6312	727573	754086	1	0
172.126875	200	204	4	6312	727573	754086	1	0
172.141940	200	204	4	6312	727573	754086	1	0
172.153759	200	204	4	6312	727573	754086	1	0
172.160908	200	204	4	6312	727573	754086	1	0
172.172463	200	204	4	6312	727573	754086	1	0
172.186411	200	204	4	6312	727573	754086	1	0
172.196639	200	204	4	6312	727573	754086	1	0
172.209435	200	204	4	6312	727573	754086	1	0
172.215202	200	204	4	6312	727573	754086	1	0
172.223917	200	204	4	6312	727573	754086	1	0
172.236531	200	204	4	6312	727573	754086	1	0
172.244951	200	204	4	6312	727573	754086	1	0
172.253210	200	204	4	6312	727573	754086	1	0
172.266935	200	204	4	6312	727573	754086	1	0
172.278922	200	204	4	6312	727573	754086	1	0
172.286858	200	204	4	6312	727573	754086	1	0
172.301780	200	204	4	6312	727573	754086	1	0
172.310461	200	204	4	6312	727573	754086	1	0
172.325767	200	204	4	6312	727573	754086	1	0
172.333498	200	204	4	6312	727573	754086	1	0
172.342482	200	204	4	6312	727573	754086	1	0
172.352463	200	204	4	6312	727573	754086	1	0
172.364932	200	204	4	6312	727573	754086	1	0
172.373280	200	204	4	6312	727573	754086	1	0
172.384813	200	204	4	6312	727573	754086	1	0
172.393761	200	204	4	6312	727573	754086	1	0
172.404421	200	204	4	6312	727573	754086	1	0
172.413952	200	204	4	6312	727573	754086	1	0
172.426900	200	204	4	6312	727573	754086	1	0
172.441309	200	204	4	6312	727573	754086	1	0
172.450767	200	204	4	6312	727573	754086	1	0
172.458457	200	204	4	6312	727573	754086	1	0
172.468611	200	204	4	6312	727573	754086	1	0
172.482586	200	204	4	6312	727573	754086	1	0
172.495095	200	204	4	6312	727573	754086	1	0
172.508672	200	204	4	6312	727573	754086	1	0
172.516061	200	204	4	6312	727573	754086	1	0
172.524660	200	204	4	6312	727573	754086	1	0
172.539627	200	204	4	6312	727573	754086	1	0
172.552687	200	204	4	6312	727573	754086	1	0
172.568206	200	204	4	6312	727573	754086	1	0
172.578006	200	204	4	6312	727573	754086	1	0
172.588495	200	204	4	6312	727573	754086	1	0
172.602791	200	204	4	6312	727573	754086	1	0
172.612851	200	204	4	6312	727573	754086	1	0
172.621212	200	204	4	6312	727573	754086	1	0
172.635554	200	204	4	6312	727573	754086	1	0
172.644927	200	204	4	6312	727573	754086	1	0
172.658084	200	204	4	6312	727573	754086	1	0
172.664617	200	204	4	6312	727573	754086	1	0
172.677453	200	204	4	6312	727573	754086	1	0
172.690283	200	204	4	6312	727573	754086	1	0
172.699708	200	204	4	6312	727573	754086	1	0
172.711754	200	204	4	6312	727573	754086	1	0
172.717244	200	204	4	6312	727573	754086	1	0
172.727281	200	204	4	6312	727573	754086	1	0
172.733857	200	204	4	6312	727573	754086	1	0
172.746340	200	204	4	6312	727573	754086	1	0
172.753757	200	204	4	6312	727573	754086	1	0
172.762632	200	204	4	6312	727573	754086	1	0
172.774546	200	204	4	6312	727573	754086	1	0
172.786345	200	204	4	6312	727573	754086	1	0
172.800512	200	204	4	6312	727573	754086	1	0
172.814696	200	204	4	6312	727573	754086	1	0
172.823982	200	204	4	6312	727573	754086	1	0
172.838926	200	204	4	6312	727573	754086	1	0
172.849571	200	204	4	6312	727573	754086	1	0
172.858009	200	204	4	6312	727573	754086	1	0
172.865928	200	204	4	6312	727612	754086	1	0
172.876192	200	204	4	6312	727612	754086	1	0
172.883360	200	204	4	6312	727612	754086	1	0
172.892785	200	204	4	6312	727612	754086	1	0
172.900720	200	204	4	6312	727612	754086	1	0
172.914675	200	204	4	6312	727612	754086	1	0
172.922539	200	204	4	6312	727612	754086	1	0
172.936244	200	204	4	6312	727612	754086	1	0
172.946725	200	204	4	6312	727612	754086	1	0
172.954103	200	204	4	6312	727612	754086	1	0
172.960567	200	204	4	6312	727612	754086	1	0
172.975059	200	204	4	6312	727612	754086	1	0
172.988419	200	204	4	6312	727612	754086	1	0
173.000884	200	204	4	6312	727612	754086	1	0
173.008096	200	204	4	6312	727612	754086	1	0
173.014416	200	204	4	6312	727612	754086	1	0
173.023777	200	204	4	6312	727612	754086	1	0
173.034311	200	204	4	6313	727612	754086	1	0
173.040189	200	204	4	6313	727612	754086	1	0
173.054569	200	204	4	6313	727612	754086	1	0
173.060212	200	204	4	6313	727612	754086	1	0
173.070578	200	204	4	6313	727612	754086	1	0
173.077177	200	204	4	6313	727612	754086	1	0
173.086207	200	204	4	6313	727612	754086	1	0
173.096614	200	204	4	6313	727612	754086	1	0
173.110865	200	204	4	6313	727612	754086	1	0
173.123338	200	204	4	6313	727612	754086	1	0
173.132420	200	204	4	6313	727612	754086	1	0
173.145627	200	204	4	6313	727612	754086	1	0
173.152842	200	204	4	6313	727612	754086	1	0
173.159972	200	204	4	6313	727612	754086	1	0
173.169338	200	204	4	6313	727612	754086	1	0
173.183619	200	204	4	6313	727612	754086	1	0
173.198703	200	204	4	6313	727612	754086	1	0
173.208054	200	204	4	6313	727612	754086	1	0
173.215879	200	204	4	6313	727612	754086	1	0
173.224099	200	204	4	6313	727612	754086	1	0
173.231786	200	204	4	6313	727612	754086	1	0
173.244850	200	204	4	6313	727612	754086	1	0
173.251383	200	204	4	6313	727612	754086	1	0
173.261552	200	204	4	6313	727612	754086	1	0
173.276464	200	204	4	6314	727612	754086	1	0
173.284234	200	204	4	6314	727612	754086	1	0
173.292716	200	204	4	6314	727612	754086	1	0
173.302027	200	204	4	6314	727612	754086	1	0
173.312099	200	204	4	6314	727612	754086	1	0
173.323658	200	204	4	6314	727612	754086	1	0
173.336738	200	204	4	6314	727612	754086	1	0
173.349673	200	204	4	6314	727612	754086	1	0
173.358935	200	204	4	6314	727612	754086	1	0
173.364509	200	204	4	6314	727612	754086	1	0
173.374765	200	204	4	6314	727612	754086	1	0
173.386865	200	204	4	6314	727612	754086	1	0
173.396274	200	204	4	6314	727612	754086	1	0
173.406768	200	204	4	6314	727612	754086	1	0
173.418190	200	204	4	6314	727612	754086	1	0
173.432999	200	204	4	6314	727612	754086	1	0
173.445749	200	204	4	6314	727612	754086	1	0
173.458180	200	204	4	6314	727612	754086	1	0
173.473302	200	204	4	6314	727612	754086	1	0
173.482643	200	204	4	6314	727612	754086	1	0
173.497390	200	204	4	6314	727612	754086	1	0
173.502938	200	204	4	6314	727612	754086	1	0
173.515475	200	204	4	6314	727612	754086	1	0
173.527452	200	204	4	6314	727612	754086	1	0
173.535136	200	204	4	6314	727612	754086	1	0
173.545319	200	204	4	6314	727612	754086	1	0
173.553048	200	204	4	6314	727612	754086	1	0
173.565650	200	204	4	6314	727612	754086	1	0
173.579305	200	204	4	6314	727612	754086	1	0
173.591340	200	204	4	6314	727612	754086	1	0
173.597743	200	204	4	6314	727612	754086	1	0
173.611628	200	204	4	6314	727612	754086	1	0
173.626020	200	204	4	6315	727612	754086	1	0
173.636765	200	204	4	6315	727612	754086	1	0
173.646316	200	204	4	6315	727612	754086	1	0
173.656712	200	204	4	6315	727612	754086	1	0
173.670247	200	204	4	6315	727612	754086	1	0
173.681685	200	204	4	6315	727612	754086	1	0
173.687234	200	204	4	6315	727612	754086	1	0
173.702292	200	204	4	6315	727612	754086	1	0
173.714864	200	204	4	6315	727612	754086	1	0
173.724982	200	204	4	6315	727612	754086	1	0
173.730630	200	204	4	6315	727612	754086	1	0
173.737688	200	204	4	6315	727612	754086	1	0
173.750335	200	204	4	6315	727612	754086	1	0
173.764715	200	204	4	6315	727612	754086	1	0
173.777667	200	204	4	6315	727612	754086	1	0
173.784216	200	204	4	6315	727612	754086	1	0
173.789479	200	204	4	6315	727612	754086	1	0
173.803713	200	204	4	6315	727612	754086	1	0
173.818822	200	204	4	6315	727612	754086	1	0
173.833240	200	204	4	6315	727612	754086	1	0
173.840101	200	204	4	6315	727612	754086	1	0
173.852254	200	204	4	6315	727612	754086	1	0
173.863174	200	204	4	6315	727612	754086	1	0
173.877602	200	204	4	6315	727612	754086	1	0
173.885075	200	204	4	6315	727612	754086	1	0
173.892070	200	204	4	6315	727612	754086	1	0
173.897991	200	204	4	6315	727612	754086	1	0
173.911507	200	204	4	6315	727612	754086	1	0
173.919150	200	204	4	6315	727612	754086	1	0
173.930678	200	204	4	6315	727612	754086	1	0
173.937090	200	204	4	6315	727612	754086	1	0
173.948563	200	204	4	6315	727612	754086	1	0
173.956257	200	204	4	6315	727612	754086	1	0
173.969015	200	204	4	6316	727612	754086	1	0
173.982014	200	204	4	6316	727612	754086	1	0
173.989257	200	204	4	6316	727612	754086	1	0
174.003492	200	204	4	6316	727612	754086	1	0
174.018758	200	204	4	6316	727612	754086	1	0
174.028689	200	204	4	6316	727612	754086	1	0
174.043025	200	204	4	6316	727612	754086	1	0
174.054594	200	204	4	6316	727612	754086	1	0
174.062790	200	204	4	6316	727612	754086	1	0
174.068193	200	204	4	6316	727612	754086	1	0
174.078551	200	204	4	6316	727612	754086	1	0
174.086580	200	204	4	6316	727612	754086	1	0
174.097226	200	204	4	6316	727612	754086	1	0
174.105901	200	204	4	6316	727612	754086	1	0
174.117692	200	204	4	6316	727612	754086	1	0
174.127581	200	204	4	6316	727612	754086	1	0
174.134245	200	204	4	6316	727612	754086	1	0
174.141544	200	204	4	6316	727612	754086	1	0
174.153075	200	204	4	6316	727612	754086	1	0
174.160974	200	204	4	6316	727612	754086	1	0
174.175974	200	204	4	6316	727612	754086	1	0
174.187586	200	204	4	6316	727612	754086	1	0
174.199868	200	204	4	6316	727612	754086	1	0
174.207906	200	204	4	6316	727612	754086	1	0
174.213311	200	204	4	6316	727612	754086	1	0
174.223923	200	204	4	6316	727612	754086	1	0
174.237033	200	204	4	6316	727612	754086	1	0
174.252057	200	204	4	6316	727612	754086	1	0
174.263911	200	204	4	6316	727612	754086	1	0
174.275784	200	204	4	6316	727612	754086	1	0
174.289296	200	204	4	6316	727612	754086	1	0
174.295821	200	204	4	6317	727612	754086	1	0
174.308165	200	204	4	6317	727612	754086	1	0
174.316386	200	204	4	6317	727612	754086	1	0
174.321995	200	204	4	6317	727612	754086	1	0
174.337070	200	204	4	6317	727612	754086	1	0
174.344170	200	204	4	6317	727612	754086	1	0
174.359147	200	204	4	6317	727612	754086	1	0
174.372748	200	204	4	6317	727612	754086	1	0
174.386283	200	204	4	6317	727612	754086	1	0
174.398753	200	204	4	6317	727612	754086	1	0
174.406019	200	204	4	6317	727612	754086	1	0
174.422805	200	204	4	6317	727612	754086	1	0
174.428579	200	204	4	6317	727612	754086	1	0
174.433899	200	204	4	6317	727612	754086	1	0
174.446206	200	204	4	6317	727612	754086	1	0
174.454264	200	204	4	6317	727612	754086	1	0
174.469360	200	204	4	6317	727612	754086	1	0
174.475670	200	204	4	6317	727612	754086	1	0
174.490806	200	204	4	6317	727612	754086	1	0
174.496114	200	204	4	6317	727612	754086	1	0
174.510513	200	204	4	6317	727612	754086	1	0
174.525265	200	204	4	6317	727612	754086	1	0
174.536548	200	204	4	6317	727612	754086	1	0
174.548473	200	204	4	6317	727612	754086	1	0
174.558790	200	204	4	6317	727612	754086	1	0
174.570047	200	204	4	6318	727612	754086	1	0
174.582583	200	204	4	6318	727612	754086	1	0
174.593459	200	204	4	6318	727612	754086	1	0
174.602472	200	204	4	6318	727612	754086	1	0
174.615258	200	204	4	6318	727612	754086	1	0
174.629011	200	204	4	6318	727612	754086	1	0
174.642404	200	204	4	6318	727612	754086	1	0
174.648816	200	204	4	6318	727612	754086	1	0
174.659339	200	204	4	6318	727612	754086	1	0
174.668255	200	204	4	6318	727612	754086	1	0
174.677251	200	204	4	6318	727612	754086	1	0
174.688965	200	204	4	6318	727612	754086	1	0
174.694900	200	204	4	6318	727612	754086	1	0
174.702111	200	204	4	6318	727612	754086	1	0
174.712795	200	204	4	6318	727612	754086	1	0
174.725393	200	204	4	6318	727612	754086	1	0
174.739538	200	204	4	6318	727612	754086	1	0
174.746176	200	204	4	6318	727612	754086	1	0
174.752777	200	204	4	6318	727612	754086	1	0
174.765960	200	204	4	6318	727612	754086	1	0
174.778497	200	204	4	6318	727612	754086	1	0
174.786527	200	204	4	6318	727612	754086	1	0
174.794249	200	204	4	6318	727612	754086	1	0
174.805650	200	204	4	6318	727612	754086	1	0
174.812475	200	204	4	6318	727612	754086	1	0
174.821321	200	204	4	6318	727612	754086	1	0
174.827947	200	204	4	6318	727612	754086	1	0
174.834834	200	204	4	6318	727612	754086	1	0
174.848066	200	204	4	6318	727612	754086	1	0
174.857863	200	204	4	6318	727612	754086	1	0
174.863858	200	204	4	6319	727612	754086	1	0
174.871725	200	204	4	6319	727612	754086	1	0
174.880143	200	204	4	6319	727612	754086	1	0
174.889635	200	204	4	6319	727612	754086	1	0
174.904322	200	204	4	6319	727612	754086	1	0
174.915736	200	204	4	6319	727612	754086	1	0
174.923129	200	204	4	6319	727612	754086	1	0
174.936737	200	204	4	6319	727612	754086	1	0
174.946858	200	204	4	6319	727612	754086	1	0
174.954379	200	204	4	6319	727612	754086	1	0
174.961308	200	204	4	6319	727612	754086	1	0
174.973111	200	204	4	6319	727612	754086	1	0
174.985041	200	204	4	6319	727612	754086	1	0
174.996819	200	204	4	6319	727612	754086	1	0
175.011689	200	204	4	6319	727612	754086	1	0
175.018637	200	204	4	6319	727612	754086	1	0
175.026204	200	204	4	6319	727612	754086	1	0
175.036503	200	204	4	6319	727612	754086	1	0
175.049202	200	204	4	6319	727612	754086	1	0
175.061744	200	204	4	6319	727612	754086	1	0
175.067588	200	204	4	6319	727612	754086	1	0
175.078332	200	204	4	6319	727612	754086	1	0
175.083949	200	204	4	6319	727612	754086	1	0
175.090399	200	204	4	6319	727612	754086	1	0
175.096287	200	204	4	6319	727612	754086	1	0
175.111775	200	204	4	6319	727612	754086	1	0
175.117717	200	204	4	6319	727612	754086	1	0
175.124474	200	204	4	6319	727612	754086	1	0
175.130757	200	204	4	6319	727612	754086	1	0
175.137177	200	204	4	6319	727612	754086	1	0
175.144713	200	204	4	6319	727612	754086	1	0
175.153955	200	204	4	6319	727612	754086	1	0
175.166139	200	204	4	6320	727612	754086	1	0
175.179006	200	204	4	6320	727612	754086	1	0
175.193164	200	204	4	6320	727612	754086	1	0
175.198523	200	204	4	6320	727612	754086	1	0
175.212198	200	204	4	6320	727612	754086	1	0
175.221573	200	204	4	6320	727612	754086	1	0
175.228129	200	204	4	6320	727612	754086	1	0
175.237131	200	204	4	6320	727612	754086	1	0
175.249567	200	204	4	6320	727612	754086	1	0
175.260120	200	204	4	6320	727612	754086	1	0
175.267754	200	204	4	6320	727612	754086	1	0
175.275115	200	204	4	6320	727612	754086	1	0
175.282844	200	204	4	6320	727612	754086	1	0
175.299522	200	204	4	6320	727612	754086	1	0
175.308346	200	204	4	6320	727612	754086	1	0
175.321162	200	204	4	6320	727612	754086	1	0
175.328677	200	204	4	6320	727612	754086	1	0
175.340407	200	204	4	6320	727612	754086	1	0
175.350480	200	204	4	6320	727612	754086	1	0
175.361648	200	204	4	6320	727612	754086	1	0
175.373383	200	204	4	6320	727612	754086	1	0
175.379552	200	204	4	6320	727612	754086	1	0
175.389902	200	204	4	6320	727612	754086	1	0
175.396851	200	204	4	6320	727612	754086	1	0
175.411361	200	204	4	6320	727612	754086	1	0
175.421941	200	204	4	6320	727612	754086	1	0
175.429048	200	204	4	6320	727612	754086	1	0
175.435645	200	204	4	6320	727612	754086	1	0
175.449971	200	204	4	6320	727612	754086	1	0
175.461631	200	204	4	6320	727612	754086	1	0
175.471498	200	204	4	6320	727612	754086	1	0
175.484069	200	204	4	6320	727612	754086	1	0
175.493485	200	204	4	6320	727612	754086	1	0
175.502615	200	204	4	6320	727612	754086	1	0
175.512713	200	204	4	6320	727612	754086	1	0
175.518539	200	204	4	6320	727612	754086	1	0
175.531431	200	204	4	6320	727612	754086	1	0
175.537971	200	204	4	6320	727612	754086	1	0
175.552680	200	204	4	6320	727612	754086	1	0
175.565547	200	204	4	6320	727612	754086	1	0
175.574347	200	204	4	6320	727612	754086	1	0
175.587623	200	204	4	6320	727612	754086	1	0
175.602108	200	204	4	6320	727612	754086	1	0
175.609192	200	204	4	6320	727612	754086	1	0
175.619967	200	204	4	6320	727612	754086	1	0
175.630021	200	204	4	6320	727612	754086	1	0
175.644185	200	204	4	6320	727612	754086	1	0
175.652244	200	204	4	6320	727612	754086	1	0
175.661529	200	204	4	6320	727612	754086	1	0
175.674831	200	204	4	6320	727612	754086	1	0
175.686855	200	204	4	6320	727612	754086	1	0
175.699737	200	204	4	6320	727612	754086	1	0
175.714482	200	204	4	6320	727612	754086	1	0
175.723910	200	204	4	6320	727612	754086	1	0
175.736270	200	204	4	6320	727612	754086	1	0
175.745787	200	204	4	6320	727612	754086	1	0
175.755496	200	204	4	6320	727612	754086	1	0
175.765031	200	204	4	6320	727612	754086	1	0
175.772854	200	204	4	6320	727612	754086	1	0
175.784230	200	204	4	6320	727612	754086	1	0
175.796308	200	204	4	6320	727612	754086	1	0
175.801655	200	204	4	6320	727612	754086	1	0
175.807019	200	204	4	6320	727612	754086	1	0
175.815570	200	204	4	6320	727612	754086	1	0
175.824294	200	204	4	6320	727612	754086	1	0
175.830119	200	204	4	6320	727612	754086	1	0
175.844253	200	204	4	6320	727612	754086	1	0
175.853172	200	204	4	6320	727612	754086	1	0
175.862317	200	204	4	6320	727612	754086	1	0
175.869799	200	204	4	6320	727612	754086	1	0
175.880271	200	204	4	6320	727612	754086	1	0
175.890119	200	204	4	6320	727612	754086	1	0
175.901142	200	204	4	6320	727612	754086	1	0
175.910942	200	204	4	6320	727612	754086	1	0
175.916786	200	204	4	6320	727612	754086	1	0
175.923787	200	204	4	6320	727612	754086	1	0
175.934668	200	204	4	6320	727612	754086	1	0
175.944249	200	204	4	6320	727612	754086	1	0
175.957577	200	204	4	6320	727612	754086	1	0
175.971661	200	204	4	6320	727612	754086	1	0
175.983861	200	204	4	6320	727612	754086	1	0
175.996503	200	204	4	6320	727612	754086	1	0
176.005397	200	204	4	6320	727612	754086	1	0
176.019713	200	204	4	6320	727612	754086	1	0
176.034183	200	204	4	6320	727612	754086	1	0
176.041932	200	204	4	6320	727612	754086	1	0
176.048205	200	204	4	6320	727612	754086	1	0
176.057902	200	204	4	6320	727612	754086	1	0
176.072549	200	204	4	6320	727612	754086	1	0
176.085574	200	204	4	6320	727612	754086	1	0
176.099742	200	204	4	6320	727612	754086	1	0
176.108566	200	204	4	6320	727612	754086	1	0
176.123303	200	204	4	6320	727612	754086	1	0
176.135420	200	204	4	6320	727612	754086	1	0
176.143183	200	204	4	6320	727612	754086	1	0
176.154317	200	204	4	6320	727612	754086	1	0
176.166055	200	204	4	6320	727612	754086	1	0
176.176646	200	204	4	6320	727612	754086	1	0
176.185280	200	204	4	6320	727612	754086	1	0
176.196479	200	204	4	6320	727612	754086	1	0
176.205646	200	204	4	6320	727612	754086	1	0
176.218292	200	204	4	6320	727612	754086	1	0
176.232854	200	204	4	6320	727612	754086	1	0
176.246857	200	204	4	6320	727612	754086	1	0
176.255985	200	204	4	6320	727612	754086	1	0
176.262717	200	204	4	6320	727612	754086	1	0
176.270923	200	204	4	6320	727612	754086	1	0
176.281813	200	204	4	6320	727612	754086	1	0
176.295321	200	204	4	6320	727612	754086	1	0
176.307226	200	204	4	6320	727612	754086	1	0
176.315893	200	204	4	6320	727612	754086	1	0
176.327876	200	204	4	6320	727612	754086	1	0
176.342160	200	204	4	6320	727612	754086	1	0
176.354192	200	204	4	6320	727612	754086	1	0
176.362766	200	204	4	6320	727612	754086	1	0
176.375468	200	204	4	6320	727612	754086	1	0
176.389487	200	204	4	6320	727612	754086	1	0
176.394828	200	204	4	6320	727612	754086	1	0
176.410064	200	204	4	6320	727612	754086	1	0
176.416935	200	204	4	6320	727612	754086	1	0
176.427887	200	204	4	6320	727612	754086	1	0
176.442634	200	204	4	6320	727612	754086	1	0
176.449390	200	204	4	6320	727612	754086	1	0
176.455529	200	204	4	6320	727612	754086	1	0
176.461623	200	204	4	6320	727612	754086	1	0
176.467834	200	204	4	6320	727612	754086	1	0
176.476241	200	204	4	6320	727612	754086	1	0
176.490450	200	204	4	6320	727612	754086	1	0
176.497986	200	204	4	6320	727612	754086	1	0
176.513003	200	204	4	6320	727612	754086	1	0
176.525887	200	204	4	6320	727612	754086	1	0
176.531654	200	204	4	6320	727612	754086	1	0
176.539955	200	204	4	6320	727612	754086	1	0
176.553227	200	204	4	6320	727612	754086	1	0
176.561958	200	204	4	6320	727612	754086	1	0
176.572362	200	204	4	6320	727612	754086	1	0
176.583168	200	204	4	6320	727612	754086	1	0
176.596561	200	204	4	6320	727612	754086	1	0
176.604400	200	204	4	6320	727612	754086	1	0
176.615288	200	204	4	6320	727612	754086	1	0
176.627043	200	204	4	6320	727612	754086	1	0
176.636828	200	204	4	6320	727612	754086	1	0
176.648550	200	204	4	6320	727612	754086	1	0
176.654526	200	204	4	6320	727612	754086	1	0
176.661475	200	204	4	6320	727612	754086	1	0
176.670389	200	204	4	6320	727612	754086	1	0
176.684383	200	204	4	6320	727612	754086	1	0
176.694260	200	204	4	6320	727612	754086	1	0
176.709053	200	204	4	6320	727612	754086	1	0
176.716902	200	204	4	6320	727612	754086	1	0
176.731482	200	204	4	6320	727612	754086	1	0
176.741567	200	204	4	6320	727612	754086	1	0
176.751170	200	204	4	6320	727612	754086	1	0
176.759756	200	204	4	6320	727612	754086	1	0
176.772774	200	204	4	6320	727612	754086	1	0
176.782548	200	204	4	6320	727612	754086	1	0
176.794414	200	204	4	6320	727612	754086	1	0
176.804359	200	204	4	6320	727612	754086	1	0
176.812606	200	204	4	6320	727612	754086	1	0
176.821400	200	204	4	6320	727612	754086	1	0
176.833876	200	204	4	6320	727612	754086	1	0
176.846667	200	204	4	6320	727612	754086	1	0
176.860439	200	204	4	6320	727612	754086	1	0
176.873688	200	204	4	6320	727612	754086	1	0
176.883486	200	204	4	6320	727612	754086	1	0
176.896618	200	204	4	6320	727612	754086	1	0
176.904344	200	204	4	6320	727612	754086	1	0
176.914847	200	204	4	6320	727612	754086	1	0
176.925843	200	204	4	6320	727612	754086	1	0
176.935964	200	204	4	6320	727612	754086	1	0
176.945867	200	204	4	6320	727612	754086	1	0
176.954477	200	204	4	6320	727612	754086	1	0
176.968846	200	204	4	6320	727612	754086	1	0
176.978203	200	204	4	6320	727612	754086	1	0
176.989675	200	204	4	6320	727612	754086	1	0
176.999175	200	204	4	6320	727612	754086	1	0
177.008136	200	204	4	6320	727612	754086	1	0
177.022952	200	204	4	6320	727612	754086	1	0
177.032233	200	204	4	6320	727612	754086	1	0
177.045262	200	204	4	6320	727612	754086	1	0
177.059489	200	204	4	6320	727612	754086	1	0
177.072117	200	204	4	6320	727612	754086	1	0
177.081196	200	204	4	6320	727612	754086	1	0
177.104663	200	204	4	6320	727612	754086	1	0
177.115561	200	204	4	6320	727612	754086	1	0
177.125588	200	204	4	6320	727612	754086	1	0
177.133625	200	204	4	6320	727612	754086	1	0
177.139237	200	204	4	6320	727612	754086	1	0
177.151236	200	204	4	6320	727612	754086	1	0
177.159786	200	204	4	6320	727612	754086	1	0
177.172671	200	204	4	6320	727612	754086	1	0
177.182674	200	204	4	6320	727612	754086	1	0
177.191624	200	204	4	6320	727612	754086	1	0
177.204300	200	204	4	6320	727612	754086	1	0
177.215294	200	204	4	6320	727612	754086	1	0
177.227113	200	204	4	6320	727612	754086	1	0
177.233052	200	204	4	6320	727612	754086	1	0
177.247767	200	204	4	6320	727612	754086	1	0
177.257363	200	204	4	6320	727612	754086	1	0
177.264822	200	204	4	6320	727612	754086	1	0
177.273029	200	204	4	6320	727612	754086	1	0
177.278721	200	204	4	6320	727612	754086	1	0
177.292804	200	204	4	6320	727612	754086	1	0
177.304044	200	204	4	6320	727612	754086	1	0
177.309351	200	204	4	6320	727612	754086	1	0
177.314838	200	204	4	6320	727612	754086	1	0
177.324051	200	204	4	6320	727612	754086	1	0
177.329492	200	204	4	6320	727612	754086	1	0
177.341282	200	204	4	6320	727612	754086	1	0
177.351395	200	204	4	6320	727612	754086	1	0
177.358138	200	204	4	6320	727612	754086	1	0
177.375872	200	204	4	6320	727612	754086	1	0
177.387204	200	204	4	6320	727612	754086	1	0
177.398950	200	204	4	6320	727612	754086	1	0
177.413103	200	204	4	6320	727612	754086	1	0
177.425151	200	204	4	6320	727612	754086	1	0
177.438931	200	204	4	6320	727612	754086	1	0
177.448848	200	204	4	6320	727612	754086	1	0
177.466783	200	204	4	6320	727612	754086	1	0
177.476903	200	204	4	6320	727667	754086	1	0
177.485598	200	204	4	6320	727667	754086	1	0
177.499852	200	204	4	6320	727667	754086	1	0
177.512374	200	204	4	6320	727667	754086	1	0
177.525297	200	204	4	6320	727667	754086	1	0
177.539091	200	204	4	6320	727667	754086	1	0
177.548556	200	204	4	6320	727667	754086	1	0
177.561588	200	204	4	6320	727667	754086	1	0
177.574537	200	204	4	6320	727667	754086	1	0
177.588203	200	204	4	6320	727667	754086	1	0
177.597349	200	204	4	6320	727667	754086	1	0
177.605938	200	204	4	6320	727667	754086	1	0
177.613651	200	204	4	6320	727667	754086	1	0
177.619505	200	204	4	6320	727667	754086	1	0
177.625230	200	204	4	6320	727667	754086	1	0
177.630777	200	204	4	6320	727667	754086	1	0
177.640206	200	204	4	6320	727667	754086	1	0
177.646759	200	204	4	6320	727667	754086	1	0
177.657787	200	204	4	6320	727667	754086	1	0
177.678744	200	204	4	6320	727667	754086	1	0
177.692643	200	204	4	6320	727667	754086	1	0
177.705436	200	204	4	6320	727667	754086	1	0
177.727892	200	204	4	6320	727667	754086	1	0
177.742299	200	204	4	6321	727667	754086	1	0
177.752119	200	204	4	6321	727667	754086	1	0
177.762707	200	204	4	6321	727667	754086	1	0
177.774727	200	204	4	6321	727667	754086	1	0
177.784771	200	204	4	6321	727667	754086	1	0
177.798764	200	204	4	6321	727667	754086	1	0
177.807837	200	204	4	6321	727667	754086	1	0
177.822967	200	204	4	6321	727667	754086	1	0
177.829453	200	204	4	6321	727667	754086	1	0
177.842981	200	204	4	6321	727667	754086	1	0
177.852556	200	204	4	6321	727667	754086	1	0
177.866777	200	204	4	6321	727667	754086	1	0
177.879630	200	204	4	6321	727667	754086	1	0
177.887339	200	204	4	6321	727667	754086	1	0
177.902254	200	204	4	6321	727667	754086	1	0
177.912153	200	204	4	6321	727667	754086	1	0
177.946707	200	204	4	6321	727667	754086	1	0
177.954902	200	204	4	6321	727667	754086	1	0
177.969935	200	204	4	6321	727667	754086	1	0
177.976077	200	204	4	6321	727667	754086	1	0
177.988346	200	204	4	6321	727667	754086	1	0
178.002736	200	204	4	6321	727667	754086	1	0
178.018741	200	204	4	6321	727667	754086	1	0
178.027062	200	204	4	6321	727667	754086	1	0
178.110738	200	204	4	6321	727667	754086	1	0
178.125228	200	204	4	6321	727667	754086	1	0
178.132066	200	204	4	6321	727667	754086	1	0
178.146736	200	204	4	6321	727667	754086	1	0
178.160275	200	204	4	6321	727667	754086	1	0
178.170100	200	204	4	6321	727667	754086	1	0
178.177434	200	204	4	6321	727667	754086	1	0
178.183323	200	204	4	6321	727667	754086	1	0
178.197592	200	204	4	6321	727667	754086	1	0
178.208090	200	204	4	6321	727667	754086	1	0
178.215182	200	204	4	6321	727667	754086	1	0
178.222843	200	204	4	6322	727667	754086	1	0
178.237364	200	204	4	6322	727667	754086	1	0
178.248869	200	204	4	6322	727667	754086	1	0
178.259363	200	204	4	6322	727667	754086	1	0
178.266750	200	204	4	6322	727667	754086	1	0
178.278781	200	204	4	6322	727667	754086	1	0
178.286740	200	204	4	6322	727667	754086	1	0
178.297971	200	204	4	6322	727667	754086	1	0
178.308823	200	204	4	6322	727667	754086	1	0
178.315302	200	204	4	6322	727667	754086	1	0
178.325095	200	204	4	6322	727667	754086	1	0
178.331968	200	204	4	6322	727667	754086	1	0
178.341884	200	204	4	6322	727667	754086	1	0
178.355430	200	204	4	6322	727667	754086	1	0
178.367436	200	204	4	6322	727667	754086	1	0
178.375925	200	204	4	6322	727667	754086	1	0
178.389185	200	204	4	6322	727667	754086	1	0
178.396807	200	204	4	6322	727667	754086	1	0
178.409098	200	204	4	6322	727667	754086	1	0
178.418783	200	204	4	6322	727667	754086	1	0
178.426260	200	204	4	6322	727667	754086	1	0
178.435629	200	204	4	6322	727667	754086	1	0
178.450596	200	204	4	6322	727667	754086	1	0
178.464861	200	204	4	6322	727667	754086	1	0
178.473035	200	204	4	6322	727667	754086	1	0
178.486103	200	204	4	6322	727667	754086	1	0
178.492199	200	204	4	6322	727667	754086	1	0
178.500606	200	204	4	6322	727667	754086	1	0
178.508960	200	204	4	6322	727667	754086	1	0
178.518074	200	204	4	6322	727667	754086	1	0
178.529918	200	204	4	6322	727667	754086	1	0
178.541138	200	204	4	6322	727667	754086	1	0
178.554778	200	204	4	6322	727667	754086	1	0
178.563309	200	204	4	6322	727667	754086	1	0
178.570565	200	204	4	6322	727667	754086	1	0
178.576346	200	204	4	6322	727667	754086	1	0
178.587626	200	204	4	6322	727667	754086	1	0
178.599728	200	204	4	6322	727667	754086	1	0
178.613580	200	204	4	6322	727667	754086	1	0
178.623338	200	204	4	6322	727667	754086	1	0
178.638090	200	204	4	6322	727667	754086	1	0
178.651327	200	204	4	6322	727667	754086	1	0
178.663330	200	204	4	6322	727667	754086	1	0
178.676676	200	204	4	6322	727667	754086	1	0
178.682158	200	204	4	6322	727667	754086	1	0
178.692393	200	204	4	6322	727667	754086	1	0
178.698352	200	204	4	6322	727667	754086	1	0
178.704125	200	204	4	6322	727667	754086	1	0
178.715587	200	204	4	6322	727667	754086	1	0
178.727090	200	204	4	6322	727667	754086	1	0
178.738769	200	204	4	6322	727667	754086	1	0
178.754720	200	204	4	6322	727667	754086	1	0
178.768656	200	204	4	6322	727667	754086	1	0
178.782071	200	204	4	6322	727667	754086	1	0
178.792388	200	204	4	6323	727667	754086	1	0
178.799237	200	204	4	6323	727667	754086	1	0
178.812196	200	204	4	6323	727667	754086	1	0
178.818980	200	204	4	6323	727667	754086	1	0
178.833996	200	204	4	6323	727667	754086	1	0
178.840253	200	204	4	6323	727667	754086	1	0
178.855783	200	204	4	6323	727667	754086	1	0
178.862758	200	204	4	6323	727667	754086	1	0
178.877927	200	204	4	6323	727667	754086	1	0
178.884819	200	204	4	6323	727667	754086	1	0
178.895704	200	204	4	6323	727667	754086	1	0
178.902144	200	204	4	6323	727667	754086	1	0
178.907657	200	204	4	6323	727667	754086	1	0
178.920658	200	204	4	6323	727667	754086	1	0
178.935796	200	204	4	6323	727667	754086	1	0
178.949219	200	204	4	6323	727667	754086	1	0
178.962777	200	204	4	6323	727667	754086	1	0
178.968352	200	204	4	6323	727667	754086	1	0
178.978330	200	204	4	6323	727667	754086	1	0
178.986356	200	204	4	6323	727667	754086	1	0
178.994711	200	204	4	6323	727667	754086	1	0
179.004920	200	204	4	6323	727667	754086	1	0
179.016157	200	204	4	6323	727667	754086	1	0
179.023063	200	204	4	6323	727667	754086	1	0
179.030090	200	204	4	6323	727667	754086	1	0
179.039646	200	204	4	6323	727667	754086	1	0
179.047451	200	204	4	6323	727667	754086	1	0
179.059298	200	204	4	6323	727667	754086	1	0
179.068233	200	204	4	6323	727667	754086	1	0
179.078120	200	204	4	6323	727667	754086	1	0
179.088303	200	204	4	6323	727667	754086	1	0
179.100481	200	204	4	6323	727667	754086	1	0
179.112189	200	204	4	6323	727667	754086	1	0
179.125711	200	204	4	6323	727667	754086	1	0
179.138445	200	204	4	6323	727667	754086	1	0
179.151891	200	204	4	6323	727667	754086	1	0
179.158716	200	204	4	6323	727667	754086	1	0
179.173789	200	204	4	6323	727667	754086	1	0
179.180003	200	204	4	6323	727667	754086	1	0
179.193351	200	204	4	6323	727667	754086	1	0
179.198745	200	204	4	6323	727667	754086	1	0
179.205614	200	204	4	6323	727667	754086	1	0
179.214963	200	204	4	6323	727667	754086	1	0
179.228511	200	204	4	6323	727667	754086	1	0
179.243255	200	204	4	6323	727667	754086	1	0
179.256663	200	204	4	6323	727667	754086	1	0
179.262041	200	204	4	6323	727667	754086	1	0
179.366474	200	204	4	6323	727667	754086	1	0
179.376246	200	204	4	6323	727667	754086	1	0
179.390177	200	204	4	6324	727667	754086	1	0
179.398137	200	204	4	6324	727667	754086	1	0
179.405064	200	204	4	6324	727667	754086	1	0
179.411596	200	204	4	6324	727667	754086	1	0
179.425503	200	204	4	6324	727667	754086	1	0
179.435954	200	204	4	6324	727667	754086	1	0
179.446762	200	204	4	6324	727667	754086	1	0
179.452233	200	204	4	6324	727667	754086	1	0
179.465183	200	204	4	6324	727667	754086	1	0
179.478111	200	204	4	6324	727667	754086	1	0
179.489135	200	204	4	6324	727667	754086	1	0
179.499601	200	204	4	6324	727667	754086	1	0
179.508780	200	204	4	6324	727667	754086	1	0
179.518633	200	204	4	6324	727667	754086	1	0
179.526422	200	204	4	6324	727667	754086	1	0
179.539693	200	204	4	6324	727667	754086	1	0
179.545219	200	204	4	6324	727667	754086	1	0
179.556758	200	204	4	6324	727667	754086	1	0
179.563789	200	204	4	6324	727667	754086	1	0
179.577887	200	204	4	6324	727667	754086	1	0
179.588514	200	204	4	6324	727667	754086	1	0
179.595544	200	204	4	6324	727667	754086	1	0
179.605023	200	204	4	6324	727667	754086	1	0
179.612961	200	204	4	6324	727667	754086	1	0
179.618247	200	204	4	6324	727667	754086	1	0
179.633329	200	204	4	6324	727667	754086	1	0
179.641238	200	204	4	6324	727667	754086	1	0
179.655396	200	204	4	6324	727667	754086	1	0
179.665348	200	204	4	6324	727667	754086	1	0
179.677872	200	204	4	6324	727667	754086	1	0
179.686329	200	204	4	6324	727667	754086	1	0
179.698563	200	204	4	6324	727667	754086	1	0
179.706958	200	204	4	6324	727667	754086	1	0
179.716352	200	204	4	6324	727667	754086	1	0
179.721760	200	204	4	6324	727667	754086	1	0
179.727018	200	204	4	6324	727667	754086	1	0
179.734740	200	204	4	6324	727667	754086	1	0
179.741807	200	204	4	6324	727667	754086	1	0
179.755064	200	204	4	6324	727667	754086	1	0
179.766707	200	204	4	6324	727667	754086	1	0
179.776074	200	204	4	6324	727667	754086	1	0
179.783179	200	204	4	6324	727667	754086	1	0
179.790956	200	204	4	6324	727667	754086	1	0
179.802450	200	204	4	6324	727667	754086	1	0
179.811687	200	204	4	6324	727667	754086	1	0
179.823119	200	204	4	6324	727667	754086	1	0
179.836035	200	204	4	6325	727667	754086	1	0
179.842717	200	204	4	6325	727667	754086	1	0
179.853073	200	204	4	6325	727667	754086	1	0
179.863140	200	204	4	6325	727667	754086	1	0
179.874453	200	204	4	6325	727667	754086	1	0
179.888549	200	204	4	6325	727667	754086	1	0
179.899572	200	204	4	6325	727667	754086	1	0
179.910990	200	204	4	6325	727667	754086	1	0
179.923450	200	204	4	6325	727667	754086	1	0
179.937302	200	204	4	6325	727667	754086	1	0
179.945860	200	204	4	6325	727667	754086	1	0
179.952759	200	204	4	6325	727667	754086	1	0
179.958119	200	204	4	6325	727667	754086	1	0
179.968727	200	204	4	6325	727667	754086	1	0
179.977487	200	204	4	6325	727667	754086	1	0
179.989005	200	204	4	6325	727667	754086	1	0
180.002195	200	204	4	6325	727667	754086	1	0
180.014292	200	204	4	6325	727667	754086	1	0
180.024510	200	204	4	6325	727667	754086	1	0
180.035651	200	204	4	6325	727667	754086	1	0
180.041052	200	204	4	6325	727667	754086	1	0
180.052379	200	204	4	6325	727667	754086	1	0
180.061624	200	204	4	6325	727667	754086	1	0
180.067167	200	204	4	6325	727667	754086	1	0
180.077805	200	204	4	6325	727667	754086	1	0
180.088906	200	204	4	6325	727667	754086	1	0
180.099168	200	204	4	6325	727667	754086	1	0
180.106750	200	204	4	6325	727667	754086	1	0
180.118726	200	204	4	6325	727667	754086	1	0
180.130473	200	204	4	6325	727667	754086	1	0
180.136915	200	204	4	6325	727667	754086	1	0
180.144806	200	204	4	6325	727667	754086	1	0
180.156253	200	204	4	6325	727667	754086	1	0
180.173646	200	204	4	6325	727667	754086	1	0
180.187638	200	204	4	6325	727667	754086	1	0
180.195266	200	204	4	6325	727667	754086	1	0
180.201276	200	204	4	6325	727667	754086	1	0
180.209050	200	204	4	6325	727667	754086	1	0
180.217265	200	204	4	6325	727667	754086	1	0
180.225696	200	204	4	6325	727667	754086	1	0
180.233412	200	204	4	6325	727667	754086	1	0
180.246074	200	204	4	6325	727667	754086	1	0
180.256307	200	204	4	6326	727667	754086	1	0
180.264446	200	204	4	6326	727667	754086	1	0
180.272134	200	204	4	6326	727667	754086	1	0
180.286833	200	204	4	6326	727667	754086	1	0
180.292977	200	204	4	6326	727667	754086	1	0
180.301522	200	204	4	6326	727667	754086	1	0
180.307458	200	204	4	6326	727667	754086	1	0
180.323415	200	204	4	6326	727667	754086	1	0
180.332650	200	204	4	6326	727667	754086	1	0
180.339635	200	204	4	6326	727667	754086	1	0
180.349159	200	204	4	6326	727667	754086	1	0
180.357697	200	204	4	6326	727667	754086	1	0
180.372996	200	204	4	6326	727667	754086	1	0
180.379649	200	204	4	6326	727667	754086	1	0
180.393786	200	204	4	6326	727667	754086	1	0
180.400839	200	204	4	6326	727667	754086	1	0
180.408230	200	204	4	6326	727667	754086	1	0
180.418908	200	204	4	6326	727667	754086	1	0
180.432494	200	204	4	6326	727667	754086	1	0
180.446538	200	204	4	6326	727667	754086	1	0
180.459567	200	204	4	6326	727667	754086	1	0
180.468097	200	204	4	6326	727667	754086	1	0
180.477977	200	204	4	6326	727667	754086	1	0
180.489708	200	204	4	6326	727667	754086	1	0
180.501363	200	204	4	6326	727667	754086	1	0
180.510773	200	204	4	6326	727667	754086	1	0
180.525097	200	204	4	6326	727667	754086	1	0
180.535094	200	204	4	6326	727667	754086	1	0
180.540805	200	204	4	6326	727667	754086	1	0
180.553985	200	204	4	6326	727667	754086	1	0
180.568076	200	204	4	6326	727667	754086	1	0
180.578935	200	204	4	6326	727667	754086	1	0
180.592156	200	204	4	6326	727667	754086	1	0
180.600642	200	204	4	6326	727667	754086	1	0
180.607457	200	204	4	6326	727667	754086	1	0
180.614601	200	204	4	6326	727667	754086	1	0
180.623676	200	204	4	6326	727667	754086	1	0
180.633143	200	204	4	6326	727667	754086	1	0
180.640214	200	204	4	6326	727667	754086	1	0
180.646038	200	204	4	6326	727667	754086	1	0
180.651449	200	204	4	6326	727667	754086	1	0
180.662313	200	204	4	6326	727667	754086	1	0
180.668560	200	204	4	6326	727667	754086	1	0
180.675671	200	204	4	6326	727667	754086	1	0
180.684755	200	204	4	6326	727667	754086	1	0
180.692500	200	204	4	6326	727667	754086	1	0
180.699195	200	204	4	6326	727667	754086	1	0
180.713605	200	204	4	6326	727667	754086	1	0
180.723490	200	204	4	6327	727667	754086	1	0
180.738790	200	204	4	6327	727667	754086	1	0
180.751329	200	204	4	6327	727667	754086	1	0
180.758552	200	204	4	6327	727667	754086	1	0
180.771335	200	204	4	6327	727667	754086	1	0
180.779510	200	204	4	6327	727667	754086	1	0
180.785401	200	204	4	6327	727667	754086	1	0
180.793880	200	204	4	6327	727667	754086	1	0
180.808255	200	204	4	6327	727667	754086	1	0
180.815419	200	204	4	6327	727667	754086	1	0
180.827047	200	204	4	6327	727667	754086	1	0
180.832507	200	204	4	6327	727667	754086	1	0
180.839673	200	204	4	6327	727667	754086	1	0
180.850903	200	204	4	6327	727667	754086	1	0
180.860652	200	204	4	6327	727667	754086	1	0
180.875323	200	204	4	6327	727667	754086	1	0
180.888734	200	204	4	6327	727667	754086	1	0
180.902550	200	204	4	6327	727667	754086	1	0
180.911882	200	204	4	6327	727667	754086	1	0
180.917916	200	204	4	6327	727667	754086	1	0
180.929670	200	204	4	6327	727667	754086	1	0
180.941459	200	204	4	6327	727667	754086	1	0
180.947708	200	204	4	6327	727667	754086	1	0
180.953006	200	204	4	6327	727667	754086	1	0
180.963341	200	204	4	6327	727667	754086	1	0
180.974539	200	204	4	6327	727667	754086	1	0
180.985993	200	204	4	6327	727667	754086	1	0
180.991657	200	204	4	6327	727667	754086	1	0
181.004366	200	204	4	6327	727667	754086	1	0
181.012915	200	204	4	6327	727667	754086	1	0
181.062796	200	204	4	6327	727667	754086	1	0
181.069315	200	204	4	6327	727667	754086	1	0
181.077371	200	204	4	6327	727667	754086	1	0
181.090382	200	204	4	6327	727667	754086	1	0
181.099391	200	204	4	6327	727667	754086	1	0
181.111301	200	204	4	6327	727667	754086	1	0
181.121335	200	204	4	6327	727667	754086	1	0
181.129304	200	204	4	6327	727667	754086	1	0
181.136407	200	204	4	6327	727667	754086	1	0
181.141735	200	204	4	6327	727667	754086	1	0
181.154560	200	204	4	6328	727667	754086	1	0
181.169063	200	204	4	6328	727667	754086	1	0
181.180667	200	204	4	6328	727667	754086	1	0
181.186695	200	204	4	6328	727667	754086	1	0
181.196418	200	204	4	6328	727667	754086	1	0
181.211524	200	204	4	6328	727667	754086	1	0
181.225778	200	204	4	6328	727667	754086	1	0
181.232327	200	204	4	6328	727667	754086	1	0
181.244399	200	204	4	6328	727667	754086	1	0
181.254865	200	204	4	6328	727667	754086	1	0
181.269478	200	204	4	6328	727667	754086	1	0
181.283107	200	204	4	6328	727667	754086	1	0
181.301619	200	204	4	6328	727667	754086	1	0
181.309263	200	204	4	6328	727667	754086	1	0
181.317026	200	204	4	6328	727667	754086	1	0
181.330370	200	204	4	6328	727667	754086	1	0
181.340147	200	204	4	6328	727667	754086	1	0
181.351738	200	204	4	6328	727667	754086	1	0
181.363640	200	204	4	6328	727667	754086	1	0
181.377385	200	204	4	6328	727667	754086	1	0
181.384806	200	204	4	6328	727667	754086	1	0
181.390763	200	204	4	6328	727667	754086	1	0
181.396303	200	204	4	6328	727667	754086	1	0
181.403863	200	204	4	6328	727667	754086	1	0
181.418806	200	204	4	6328	727667	754086	1	0
181.430703	200	204	4	6328	727667	754086	1	0
181.435889	200	204	4	6328	727667	754086	1	0
181.444448	200	204	4	6328	727667	754086	1	0
181.455716	200	204	4	6328	727667	754086	1	0
181.465027	200	204	4	6328	727667	754086	1	0
181.476313	200	204	4	6328	727667	754086	1	0
181.482331	200	204	4	6328	727667	754086	1	0
181.495576	200	204	4	6328	727667	754086	1	0
181.506925	200	204	4	6328	727667	754086	1	0
181.516231	200	204	4	6328	727667	754086	1	0
181.529929	200	204	4	6328	727667	754086	1	0
181.541457	200	204	4	6328	727667	754086	1	0
181.547805	200	204	4	6328	727667	754086	1	0
181.561188	200	204	4	6328	727667	754086	1	0
181.576171	200	204	4	6328	727667	754086	1	0
181.581507	200	204	4	6328	727667	754086	1	0
181.592751	200	204	4	6328	727667	754086	1	0
181.598100	200	204	4	6328	727667	754086	1	0
181.605539	200	204	4	6328	727667	754086	1	0
181.618850	200	204	4	6328	727667	754086	1	0
181.631176	200	204	4	6328	727667	754086	1	0
181.645182	200	204	4	6328	727667	754086	1	0
181.659731	200	204	4	6328	727667	754086	1	0
181.673818	200	204	4	6328	727667	754086	1	0
181.680493	200	204	4	6328	727667	754086	1	0
181.691976	200	204	4	6328	727667	754086	1	0
181.703837	200	204	4	6328	727667	754086	1	0
181.718561	200	204	4	6328	727667	754086	1	0
181.724280	200	204	4	6328	727667	754086	1	0
181.739203	200	204	4	6328	727667	754086	1	0
181.747431	200	204	4	6328	727667	754086	1	0
181.754695	200	204	4	6328	727667	754086	1	0
181.768156	200	204	4	6328	727667	754086	1	0
181.777374	200	204	4	6328	727667	754086	1	0
181.788874	200	204	4	6328	727667	754086	1	0
181.794745	200	204	4	6328	727667	754086	1	0
181.807270	200	204	4	6328	727667	754086	1	0
181.816204	200	204	4	6328	727667	754086	1	0
181.823959	200	204	4	6328	727667	754086	1	0
181.831887	200	204	4	6328	727667	754086	1	0
181.844954	200	204	4	6328	727667	754086	1	0
181.860071	200	204	4	6328	727667	754086	1	0
181.868278	200	204	4	6328	727667	754086	1	0
181.882163	200	204	4	6328	727667	754086	1	0
181.895205	200	204	4	6328	727667	754086	1	0
181.909407	200	204	4	6328	727667	754086	1	0
181.914924	200	204	4	6328	727667	754086	1	0
181.927744	200	204	4	6328	727667	754086	1	0
181.941996	200	204	4	6328	727667	754086	1	0
181.951200	200	204	4	6328	727667	754086	1	0
181.959391	200	204	4	6328	727667	754086	1	0
181.972619	200	204	4	6328	727667	754086	1	0
181.983953	200	204	4	6328	727667	754086	1	0
181.995924	200	204	4	6328	727667	754086	1	0
182.008075	200	204	4	6328	727667	754086	1	0
182.018402	200	204	4	6328	727667	754086	1	0
182.026473	200	204	4	6328	727667	754086	1	0
182.038981	200	204	4	6328	727667	754086	1	0
182.052334	200	204	4	6328	727667	754086	1	0
182.061561	200	204	4	6328	727667	754086	1	0
182.068419	200	204	4	6328	727667	754086	1	0
182.074105	200	204	4	6328	727667	754086	1	0
182.083892	200	204	4	6328	727667	754086	1	0
182.098771	200	204	4	6328	727667	754086	1	0
182.106107	200	204	4	6328	727667	754086	1	0
182.115013	200	204	4	6328	727667	754086	1	0
182.127973	200	204	4	6328	727667	754086	1	0
182.141254	200	204	4	6328	727667	754086	1	0
182.153287	200	204	4	6328	727667	754086	1	0
182.166947	200	204	4	6328	727667	754086	1	0
182.180986	200	204	4	6328	727667	754086	1	0
182.195694	200	204	4	6328	727667	754086	1	0
182.206996	200	204	4	6328	727667	754086	1	0
182.218329	200	204	4	6328	727667	754086	1	0
182.230124	200	204	4	6328	727667	754086	1	0
182.245408	200	204	4	6328	727667	754086	1	0
182.253139	200	204	4	6328	727667	754086	1	0
182.265115	200	204	4	6328	727667	754086	1	0
182.278253	200	204	4	6328	727667	754086	1	0
182.293011	200	204	4	6328	727667	754086	1	0
182.306367	200	204	4	6328	727667	754086	1	0
182.321442	200	204	4	6328	727667	754086	1	0
182.327107	200	204	4	6328	727667	754086	1	0
182.337958	200	204	4	6328	727667	754086	1	0
182.348633	200	204	4	6328	727667	754086	1	0
182.362623	200	204	4	6328	727667	754086	1	0
182.371367	200	204	4	6328	727667	754086	1	0
182.382216	200	204	4	6328	727667	754086	1	0
182.394928	200	204	4	6328	727667	754086	1	0
182.402751	200	204	4	6328	727667	754086	1	0
182.413246	200	204	4	6328	727667	754086	1	0
182.421365	200	204	4	6328	727667	754086	1	0
182.434024	200	204	4	6328	727667	754086	1	0
182.441003	200	204	4	6328	727667	754086	1	0
182.447147	200	204	4	6328	727667	754086	1	0
182.459354	200	204	4	6328	727667	754086	1	0
182.467266	200	204	4	6328	727667	754086	1	0
182.476670	200	204	4	6328	727667	754086	1	0
182.488278	200	204	4	6328	727667	754086	1	0
182.497040	200	204	4	6328	727667	754086	1	0
182.502306	200	204	4	6328	727667	754086	1	0
182.516413	200	204	4	6328	727667	754086	1	0
182.524083	200	204	4	6328	727667	754086	1	0
182.529945	200	204	4	6328	727667	754086	1	0
182.538096	200	204	4	6328	727667	754086	1	0
182.549428	200	204	4	6328	727667	754086	1	0
182.556087	200	204	4	6328	727667	754086	1	0
182.563130	200	204	4	6328	727667	754086	1	0
182.570078	200	204	4	6328	727667	754086	1	0
182.576666	200	204	4	6328	727667	754086	1	0
182.589185	200	204	4	6328	727667	754086	1	0
182.603031	200	204	4	6328	727667	754086	1	0
182.608368	200	204	4	6328	727667	754086	1	0
182.616728	200	204	4	6328	727667	754086	1	0
182.626730	200	204	4	6328	727667	754086	1	0
182.638407	200	204	4	6328	727667	754086	1	0
182.650762	200	204	4	6328	727667	754086	1	0
182.658507	200	204	4	6328	727667	754086	1	0
182.666526	200	204	4	6328	727667	754086	1	0
182.672454	200	204	4	6328	727667	754086	1	0
182.686280	200	204	4	6328	727667	754086	1	0
182.696831	200	204	4	6328	727667	754086	1	0
182.702269	200	204	4	6328	727667	754086	1	0
182.708198	200	204	4	6328	727667	754086	1	0
182.720265	200	204	4	6328	727667	754086	1	0
182.735150	200	204	4	6328	727667	754086	1	0
182.745110	200	204	4	6328	727667	754086	1	0
182.757046	200	204	4	6328	727667	754086	1	0
182.770728	200	204	4	6328	727667	754086	1	0
182.775992	200	204	4	6328	727667	754086	1	0
182.790689	200	204	4	6328	727667	754086	1	0
182.800789	200	204	4	6328	727667	754086	1	0
182.810706	200	204	4	6328	727667	754086	1	0
182.822636	200	204	4	6328	727667	754086	1	0
182.831332	200	204	4	6328	727667	754086	1	0
182.839958	200	204	4	6328	727667	754086	1	0
182.854347	200	204	4	6328	727667	754086	1	0
182.867220	200	204	4	6328	727667	754086	1	0
182.881148	200	204	4	6328	727667	754086	1	0
182.894100	200	204	4	6328	727667	754086	1	0
182.899590	200	204	4	6328	727667	754086	1	0
182.911341	200	204	4	6328	727667	754086	1	0
182.925993	200	204	4	6328	727667	754086	1	0
182.935436	200	204	4	6328	727667	754086	1	0
182.940817	200	204	4	6328	727667	754086	1	0
182.954204	200	204	4	6328	727667	754086	1	0
182.968610	200	204	4	6328	727667	754086	1	0
182.980696	200	204	4	6328	727667	754086	1	0
182.995361	200	204	4	6328	727667	754086	1	0
183.006690	200	204	4	6328	727667	754086	1	0
183.021363	200	204	4	6328	727667	754086	1	0
183.027916	200	204	4	6328	727667	754086	1	0
183.033093	200	204	4	6328	727667	754086	1	0
183.044122	200	204	4	6328	727667	754086	1	0
183.049881	200	204	4	6328	727667	754086	1	0
183.060647	200	204	4	6328	727667	754086	1	0
183.070513	200	204	4	6328	727667	754086	1	0
183.081188	200	204	4	6328	727667	754086	1	0
183.091467	200	204	4	6328	727667	754086	1	0
183.106443	200	204	4	6328	727667	754086	1	0
183.115452	200	204	4	6328	727667	754086	1	0
183.121833	200	204	4	6328	727667	754086	1	0
183.133307	200	204	4	6328	727667	754086	1	0
183.139550	200	204	4	6328	727667	754086	1	0
183.152844	200	204	4	6328	727667	754086	1	0
183.164025	200	204	4	6328	727667	754086	1	0
183.174111	200	204	4	6328	727667	754086	1	0
183.182414	200	204	4	6328	727667	754086	1	0
183.193312	200	204	4	6328	727667	754086	1	0
183.199927	200	204	4	6328	727667	754086	1	0
183.211828	200	204	4	6328	727667	754086	1	0
183.225159	200	204	4	6328	727667	754086	1	0
183.238756	200	204	4	6328	727667	754086	1	0
183.247016	200	204	4	6328	727667	754086	1	0
183.255361	200	204	4	6328	727667	754086	1	0
183.267577	200	204	4	6328	727667	754086	1	0
183.277458	200	204	4	6328	727667	754086	1	0
183.288623	200	204	4	6328	727667	754086	1	0
183.298751	200	204	4	6328	727667	754086	1	0
183.307366	200	204	4	6328	727667	754086	1	0
183.317723	200	204	4	6328	727667	754086	1	0
183.329767	200	204	4	6328	727667	754086	1	0
183.335525	200	204	4	6328	727667	754086	1	0
183.350065	200	204	4	6328	727667	754086	1	0
183.359792	200	204	4	6328	727667	754086	1	0
183.369534	200	204	4	6328	727667	754086	1	0
183.382214	200	204	4	6328	727667	754086	1	0
183.389320	200	204	4	6328	727667	754086	1	0
183.401232	200	204	4	6328	727667	754086	1	0
183.416382	200	204	4	6328	727667	754086	1	0
183.429656	200	204	4	6328	727667	754086	1	0
183.443844	200	204	4	6328	727667	754086	1	0
183.456722	200	204	4	6328	727667	754086	1	0
183.467385	200	204	4	6328	727667	754086	1	0
183.472971	200	204	4	6328	727667	754086	1	0
183.482730	200	204	4	6328	727667	754086	1	0
183.488977	200	204	4	6328	727667	754086	1	0
183.495668	200	204	4	6328	727667	754086	1	0
183.508838	200	204	4	6328	727667	754086	1	0
183.522487	200	204	4	6328	727667	754086	1	0
183.528750	200	204	4	6328	727667	754086	1	0
183.540047	200	204	4	6328	727667	754086	1	0
183.547030	200	204	4	6328	727667	754086	1	0
183.556801	200	204	4	6328	727667	754086	1	0
183.569715	200	204	4	6328	727667	754086	1	0
183.575814	200	204	4	6328	727667	754086	1	0
183.590868	200	204	4	6328	727667	754086	1	0
183.598767	200	204	4	6328	727667	754086	1	0
183.605468	200	204	4	6328	727667	754086	1	0
183.620016	200	204	4	6328	727667	754086	1	0
183.628151	200	204	4	6328	727667	754086	1	0
183.637272	200	204	4	6328	727667	754086	1	0
183.648267	200	204	4	6328	727667	754086	1	0
183.657063	200	204	4	6328	727667	754086	1	0
183.667047	200	204	4	6328	727667	754086	1	0
183.676991	200	204	4	6328	727667	754086	1	0
183.685589	200	204	4	6328	727667	754086	1	0
183.693139	200	204	4	6328	727667	754086	1	0
183.705319	200	204	4	6328	727667	754086	1	0
183.719514	200	204	4	6328	727667	754086	1	0
183.726295	200	204	4	6328	727667	754086	1	0
183.733370	200	204	4	6328	727667	754086	1	0
183.739188	200	204	4	6328	727667	754086	1	0
183.747037	200	204	4	6328	727667	754086	1	0
183.754601	200	204	4	6328	727667	754086	1	0
183.761823	200	204	4	6328	727667	754086	1	0
183.775396	200	204	4	6328	727667	754086	1	0
183.780686	200	204	4	6328	727667	754086	1	0
183.790421	200	204	4	6328	727667	754086	1	0
183.804620	200	204	4	6328	727667	754086	1	0
183.818470	200	204	4	6328	727667	754086	1	0
183.831248	200	204	4	6328	727667	754086	1	0
183.843664	200	204	4	6328	727667	754086	1	0
183.853468	200	204	4	6328	727667	754086	1	0
183.859004	200	204	4	6328	727667	754086	1	0
183.870934	200	204	4	6328	727667	754086	1	0
183.878703	200	204	4	6328	727667	754086	1	0
183.890862	200	204	4	6328	727667	754086	1	0
183.900364	200	204	4	6328	727667	754086	1	0
183.912911	200	204	4	6328	727667	754086	1	0
183.927568	200	204	4	6328	727667	754086	1	0
183.942734	200	204	4	6328	727667	754086	1	0
183.955307	200	204	4	6328	727667	754086	1	0
183.965083	200	204	4	6328	727667	754086	1	0
183.979143	200	204	4	6328	727667	754086	1	0
183.988018	200	204	4	6328	727667	754086	1	0
184.000696	200	204	4	6328	727667	754086	1	0
184.014871	200	204	4	6328	727667	754086	1	0
184.021035	200	204	4	6328	727667	754086	1	0
184.033762	200	204	4	6328	727667	754086	1	0
184.044281	200	204	4	6328	727667	754086	1	0
184.052943	200	204	4	6328	727667	754086	1	0
184.062437	200	204	4	6328	727667	754086	1	0
184.070753	200	204	4	6328	727667	754086	1	0
184.083231	200	204	4	6328	727667	754086	1	0
184.095519	200	204	4	6328	727667	754086	1	0
184.106299	200	204	4	6328	727667	754086	1	0
184.119309	200	204	4	6328	727667	754086	1	0
184.125405	200	204	4	6328	727667	754086	1	0
184.135911	200	204	4	6328	727667	754086	1	0
184.145764	200	204	4	6328	727667	754086	1	0
184.160403	200	204	4	6328	727667	754086	1	0
184.174487	200	204	4	6328	727667	754086	1	0
184.180537	200	204	4	6328	727667	754086	1	0
184.195322	200	204	4	6328	727667	754086	1	0
184.208093	200	204	4	6328	727667	754086	1	0
184.220961	200	204	4	6328	727667	754086	1	0
184.231953	200	204	4	6328	727667	754086	1	0
184.243323	200	204	4	6328	727667	754086	1	0
184.252147	200	204	4	6328	727667	754086	1	0
184.258154	200	204	4	6328	727667	754086	1	0
184.269563	200	204	4	6328	727667	754086	1	0
184.274843	200	204	4	6328	727667	754086	1	0
184.286900	200	204	4	6328	727667	754086	1	0
184.295105	200	204	4	6328	727667	754086	1	0
184.309404	200	204	4	6328	727667	754086	1	0
184.320948	200	204	4	6328	727667	754086	1	0
184.334622	200	204	4	6328	727667	754086	1	0
184.344960	200	204	4	6328	727667	754086	1	0
184.354993	200	204	4	6328	727667	754086	1	0
184.360543	200	204	4	6328	727667	754086	1	0
184.372393	200	204	4	6328	727667	754086	1	0
184.382849	200	204	4	6328	727667	754086	1	0
184.395982	200	204	4	6328	727667	754086	1	0
184.401598	200	204	4	6328	727667	754086	1	0
184.407038	200	204	4	6328	727633	754086	1	0
184.415367	200	204	4	6328	727633	754086	1	0
184.426504	200	204	4	6328	727633	754086	1	0
184.441278	200	204	4	6328	727633	754086	1	0
184.455574	200	204	4	6328	727633	754086	1	0
184.470437	200	204	4	6328	727633	754086	1	0
184.485256	200	204	4	6328	727633	754086	1	0
184.491974	200	204	4	6328	727633	754086	1	0
184.504340	200	204	4	6328	727633	754086	1	0
184.512987	200	204	4	6328	727633	754086	1	0
184.522554	200	204	4	6328	727633	754086	1	0
184.535338	200	204	4	6328	727633	754086	1	0
184.543950	200	204	4	6328	727633	754086	1	0
184.555095	200	204	4	6328	727633	754086	1	0
184.570900	200	204	4	6328	727633	754086	1	0
184.583573	200	204	4	6328	727633	754086	1	0
184.594573	200	204	4	6328	727633	754086	1	0
184.604022	200	204	4	6328	727633	754086	1	0
184.614253	200	204	4	6328	727633	754086	1	0
184.625580	200	204	4	6328	727633	754086	1	0
184.635654	200	204	4	6328	727633	754086	1	0
184.642728	200	204	4	6328	727633	754086	1	0
184.652082	200	204	4	6328	727633	754086	1	0
184.667076	200	204	4	6328	727633	754086	1	0
184.677597	200	204	4	6328	727633	754086	1	0
184.684565	200	204	4	6328	727633	754086	1	0
184.691854	200	204	4	6328	727633	754086	1	0
184.705695	200	204	4	6328	727633	754086	1	0
184.716637	200	204	4	6328	727633	754086	1	0
184.730733	200	204	4	6328	727633	754086	1	0
184.740909	200	204	4	6328	727633	754086	1	0
184.751329	200	204	4	6328	727633	754086	1	0
184.764748	200	204	4	6328	727633	754086	1	0
184.778374	200	204	4	6329	727633	754086	1	0
184.786511	200	204	4	6329	727633	754086	1	0
184.801132	200	204	4	6329	727633	754086	1	0
184.812077	200	204	4	6329	727633	754086	1	0
184.823750	200	204	4	6329	727633	754086	1	0
184.838348	200	204	4	6329	727633	754086	1	0
184.853201	200	204	4	6329	727633	754086	1	0
184.865534	200	204	4	6329	727633	754086	1	0
184.873743	200	204	4	6329	727633	754086	1	0
184.879872	200	204	4	6329	727633	754086	1	0
184.887327	200	204	4	6329	727633	754086	1	0
184.896454	200	204	4	6329	727633	754086	1	0
184.903833	200	204	4	6329	727633	754086	1	0
184.909229	200	204	4	6329	727633	754086	1	0
184.922414	200	204	4	6329	727633	754086	1	0
184.935645	200	204	4	6329	727633	754086	1	0
184.942111	200	204	4	6329	727633	754086	1	0
184.951634	200	204	4	6329	727633	754086	1	0
184.965323	200	204	4	6329	727633	754086	1	0
184.975245	200	204	4	6329	727633	754086	1	0
184.984327	200	204	4	6329	727633	754086	1	0
184.993934	200	204	4	6329	727633	754086	1	0
185.006701	200	204	4	6329	727633	754086	1	0
185.016427	200	204	4	6329	727633	754086	1	0
185.025163	200	204	4	6329	727633	754086	1	0
185.034374	200	204	4	6329	727633	754086	1	0
185.046709	200	204	4	6329	727633	754086	1	0
185.059193	200	204	4	6329	727633	754086	1	0
185.069458	200	204	4	6329	727633	754086	1	0
185.090238	200	204	4	6329	727633	754086	1	0
185.101020	200	204	4	6329	727633	754086	1	0
185.111993	200	204	4	6329	727633	754086	1	0
185.127020	200	204	4	6329	727633	754086	1	0
185.135302	200	204	4	6329	727633	754086	1	0
185.149095	200	204	4	6329	727633	754086	1	0
185.157971	200	204	4	6329	727633	754086	1	0
185.171363	200	204	4	6329	727633	754086	1	0
185.185853	200	204	4	6329	727633	754086	1	0
185.194690	200	204	4	6329	727633	754086	1	0
185.208755	200	204	4	6329	727633	754086	1	0
185.218576	200	204	4	6329	727633	754086	1	0
185.231539	200	204	4	6329	727633	754086	1	0
185.244867	200	204	4	6329	727633	754086	1	0
185.256965	200	204	4	6329	727633	754086	1	0
185.272107	200	204	4	6329	727633	754086	1	0
185.283339	200	204	4	6329	727633	754086	1	0
185.289099	200	204	4	6329	727633	754086	1	0
185.299537	200	204	4	6329	727633	754086	1	0
185.305898	200	204	4	6329	727633	754086	1	0
185.315021	200	204	4	6330	727633	754086	1	0
185.322209	200	204	4	6330	727633	754086	1	0
185.336990	200	204	4	6330	727633	754086	1	0
185.344745	200	204	4	6330	727633	754086	1	0
185.354828	200	204	4	6330	727633	754086	1	0
185.369319	200	204	4	6330	727633	754086	1	0
185.383995	200	204	4	6330	727633	754086	1	0
185.392663	200	204	4	6330	727633	754086	1	0
185.404672	200	204	4	6330	727633	754086	1	0
185.416512	200	204	4	6330	727633	754086	1	0
185.424150	200	204	4	6330	727633	754086	1	0
185.430218	200	204	4	6330	727633	754086	1	0
185.438258	200	204	4	6330	727633	754086	1	0
185.453044	200	204	4	6330	727633	754086	1	0
185.459586	200	204	4	6330	727633	754086	1	0
185.468542	200	204	4	6330	727633	754086	1	0
185.481159	200	204	4	6330	727633	754086	1	0
185.491833	200	204	4	6330	727633	754086	1	0
185.498754	200	204	4	6330	727633	754086	1	0
185.512129	200	204	4	6330	727633	754086	1	0
185.521006	200	204	4	6330	727633	754086	1	0
185.526540	200	204	4	6330	727633	754086	1	0
185.532815	200	204	4	6330	727633	754086	1	0
185.544989	200	204	4	6330	727633	754086	1	0
185.551801	200	204	4	6330	727633	754086	1	0
185.557800	200	204	4	6330	727633	754086	1	0
185.565465	200	204	4	6330	727633	754086	1	0
185.576216	200	204	4	6330	727633	754086	1	0
185.589612	200	204	4	6330	727633	754086	1	0
185.601032	200	204	4	6330	727633	754086	1	0
185.613970	200	204	4	6330	727633	754086	1	0
185.625273	200	204	4	6330	727633	754086	1	0
185.633139	200	204	4	6330	727633	754086	1	0
185.644943	200	204	4	6330	727633	754086	1	0
185.650518	200	204	4	6330	727633	754086	1	0
185.660272	200	204	4	6330	727633	754086	1	0
185.666470	200	204	4	6330	727633	754086	1	0
185.676789	200	204	4	6330	727633	754086	1	0
185.682165	200	204	4	6330	727633	754086	1	0
185.693295	200	204	4	6330	727633	754086	1	0
185.707146	200	204	4	6330	727633	754086	1	0
185.718573	200	204	4	6330	727633	754086	1	0
185.723831	200	204	4	6330	727633	754086	1	0
185.731312	200	204	4	6330	727633	754086	1	0
185.736809	200	204	4	6330	727633	754086	1	0
185.750719	200	204	4	6330	727633	754086	1	0
185.755941	200	204	4	6330	727633	754086	1	0
185.761913	200	204	4	6330	727633	754086	1	0
185.767376	200	204	4	6330	727633	754086	1	0
185.778818	200	204	4	6330	727633	754086	1	0
185.791269	200	204	4	6330	727633	754086	1	0
185.805961	200	204	4	6330	727633	754086	1	0
185.813037	200	204	4	6330	727633	754086	1	0
185.823449	200	204	4	6330	727633	754086	1	0
185.834032	200	204	4	6330	727633	754086	1	0
185.845265	200	204	4	6331	727633	754086	1	0
185.858566	200	204	4	6331	727633	754086	1	0
185.872079	200	204	4	6331	727633	754086	1	0
185.884155	200	204	4	6331	727633	754086	1	0
186.218601	200	204	4	6331	727633	754086	1	0
186.229824	200	204	4	6331	727633	754086	1	0
186.235701	200	204	4	6331	727633	754086	1	0
186.250015	200	204	4	6331	727633	754086	1	0
186.262842	200	204	4	6331	727633	754086	1	0
186.270073	200	204	4	6331	727633	754086	1	0
186.279130	200	204	4	6331	727633	754086	1	0
186.287861	200	204	4	6331	727633	754086	1	0
186.300919	200	204	4	6331	727633	754086	1	0
186.316813	200	204	4	6331	727633	754086	1	0
186.329840	200	204	4	6331	727633	754086	1	0
186.340715	200	204	4	6331	727633	754086	1	0
186.355801	200	204	4	6331	727633	754086	1	0
186.369714	200	204	4	6331	727633	754086	1	0
186.382713	200	204	4	6331	727633	754086	1	0
186.390153	200	204	4	6331	727633	754086	1	0
186.397425	200	204	4	6331	727633	754086	1	0
186.404134	200	204	4	6331	727633	754086	1	0
186.411890	200	204	4	6331	727633	754086	1	0
186.418158	200	204	4	6331	727633	754086	1	0
186.429896	200	204	4	6331	727633	754086	1	0
186.438979	200	204	4	6331	727633	754086	1	0
186.448744	200	204	4	6331	727633	754086	1	0
186.467185	200	204	4	6331	727633	754086	1	0
186.478566	200	204	4	6331	727633	754086	1	0
186.487300	200	204	4	6331	727633	754086	1	0
186.493876	200	204	4	6331	727633	754086	1	0
186.508370	200	204	4	6331	727633	754086	1	0
186.517107	200	204	4	6331	727633	754086	1	0
186.532073	200	204	4	6331	727633	754086	1	0
186.544900	200	204	4	6331	727633	754086	1	0
186.556852	200	204	4	6331	727633	754086	1	0
186.571807	200	204	4	6331	727633	754086	1	0
186.586617	200	204	4	6331	727633	754086	1	0
186.599273	200	204	4	6331	727633	754086	1	0
186.605110	200	204	4	6331	727633	754086	1	0
186.618245	200	204	4	6331	727633	754086	1	0
186.626068	200	204	4	6331	727633	754086	1	0
186.639260	200	204	4	6331	727633	754086	1	0
186.649351	200	204	4	6331	727633	754086	1	0
186.660048	200	204	4	6331	727633	754086	1	0
186.669365	200	204	4	6331	727633	754086	1	0
186.676813	200	204	4	6331	727633	754086	1	0
186.685967	200	204	4	6331	727633	754086	1	0
186.700822	200	204	4	6331	727633	754086	1	0
186.710375	200	204	4	6331	727633	754086	1	0
186.722744	200	204	4	6331	727633	754086	1	0
186.737349	200	204	4	6331	727633	754086	1	0
186.744830	200	204	4	6331	727633	754086	1	0
186.754546	200	204	4	6332	727633	754086	1	0
186.768599	200	204	4	6332	727633	754086	1	0
186.781291	200	204	4	6332	727633	754086	1	0
186.794761	200	204	4	6332	727633	754086	1	0
186.809747	200	204	4	6332	727633	754086	1	0
186.817193	200	204	4	6332	727633	754086	1	0
186.832323	200	204	4	6332	727633	754086	1	0
186.847111	200	204	4	6332	727633	754086	1	0
186.855890	200	204	4	6332	727633	754086	1	0
186.862469	200	204	4	6332	727633	754086	1	0
186.878896	200	204	4	6332	727633	754086	1	0
186.893051	200	204	4	6332	727633	754086	1	0
186.900645	200	204	4	6332	727633	754086	1	0
186.909289	200	204	4	6332	727633	754086	1	0
186.917069	200	204	4	6332	727633	754086	1	0
186.924374	200	204	4	6332	727633	754086	1	0
186.933134	200	204	4	6332	727633	754086	1	0
186.942466	200	204	4	6332	727633	754086	1	0
186.954198	200	204	4	6332	727633	754086	1	0
186.967030	200	204	4	6332	727633	754086	1	0
186.976339	200	204	4	6332	727633	754086	1	0
186.987082	200	204	4	6332	727633	754086	1	0
186.995019	200	204	4	6332	727633	754086	1	0
187.004107	200	204	4	6332	727633	754086	1	0
187.013002	200	204	4	6332	727633	754086	1	0
187.020046	200	204	4	6332	727633	754086	1	0
187.033968	200	204	4	6332	727633	754086	1	0
187.049121	200	204	4	6332	727633	754086	1	0
187.060680	200	204	4	6332	727633	754086	1	0
187.070724	200	204	4	6332	727633	754086	1	0
187.076195	200	204	4	6332	727633	754086	1	0
187.090488	200	204	4	6332	727633	754086	1	0
187.104375	200	204	4	6332	727633	754086	1	0
187.116962	200	204	4	6332	727633	754086	1	0
187.125645	200	204	4	6332	727633	754086	1	0
187.135046	200	204	4	6332	727633	754086	1	0
187.146550	200	204	4	6332	727633	754086	1	0
187.152146	200	204	4	6332	727633	754086	1	0
187.158183	200	204	4	6332	727633	754086	1	0
187.168356	200	204	4	6332	727633	754086	1	0
187.179218	200	204	4	6332	727633	754086	1	0
187.186298	200	204	4	6332	727633	754086	1	0
187.197194	200	204	4	6332	727633	754086	1	0
187.211149	200	204	4	6332	727633	754086	1	0
187.222384	200	204	4	6332	727633	754086	1	0
187.229030	200	204	4	6332	727633	754086	1	0
187.240213	200	204	4	6332	727633	754086	1	0
187.254267	200	204	4	6332	727633	754086	1	0
187.261764	200	204	4	6332	727633	754086	1	0
187.270860	200	204	4	6332	727633	754086	1	0
187.281135	200	204	4	6332	727633	754086	1	0
187.294714	200	204	4	6332	727633	754086	1	0
187.307374	200	204	4	6332	727633	754086	1	0
187.316997	200	204	4	6332	727633	754086	1	0
187.328167	200	204	4	6332	727633	754086	1	0
187.341870	200	204	4	6332	727633	754086	1	0
187.353422	200	204	4	6332	727633	754086	1	0
187.365702	200	204	4	6332	727633	754086	1	0
187.379005	200	204	4	6333	727633	754086	1	0
187.393836	200	204	4	6333	727633	754086	1	0
187.404413	200	204	4	6333	727633	754086	1	0
187.415404	200	204	4	6333	727633	754086	1	0
187.425902	200	204	4	6333	727633	754086	1	0
187.441004	200	204	4	6333	727633	754086	1	0
187.446734	200	204	4	6333	727633	754086	1	0
187.458586	200	204	4	6333	727633	754086	1	0
187.467933	200	204	4	6333	727633	754086	1	0
187.476838	200	204	4	6333	727633	754086	1	0
187.484621	200	204	4	6333	727633	754086	1	0
187.498819	200	204	4	6333	727633	754086	1	0
187.512553	200	204	4	6333	727633	754086	1	0
187.522319	200	204	4	6333	727633	754086	1	0
187.536050	200	204	4	6333	727633	754086	1	0
187.549024	200	204	4	6333	727633	754086	1	0
187.560706	200	204	4	6333	727633	754086	1	0
187.570177	200	204	4	6333	727633	754086	1	0
187.578070	200	204	4	6333	727633	754086	1	0
187.588743	200	204	4	6333	727633	754086	1	0
187.594278	200	204	4	6333	727633	754086	1	0
187.606754	200	204	4	6333	727633	754086	1	0
187.614595	200	204	4	6333	727633	754086	1	0
187.620564	200	204	4	6333	727633	754086	1	0
187.632048	200	204	4	6333	727633	754086	1	0
187.647492	200	204	4	6333	727633	754086	1	0
187.660650	200	204	4	6333	727633	754086	1	0
187.669356	200	204	4	6333	727633	754086	1	0
187.680000	200	204	4	6333	727633	754086	1	0
187.694247	200	204	4	6333	727633	754086	1	0
187.708199	200	204	4	6333	727633	754086	1	0
187.716512	200	204	4	6333	727633	754086	1	0
187.727773	200	204	4	6333	727633	754086	1	0
187.737116	200	204	4	6333	727633	754086	1	0
187.751220	200	204	4	6333	727633	754086	1	0
187.760659	200	204	4	6333	727633	754086	1	0
187.768616	200	204	4	6333	727633	754086	1	0
187.779277	200	204	4	6333	727633	754086	1	0
187.792900	200	204	4	6333	727633	754086	1	0
187.805981	200	204	4	6333	727633	754086	1	0
187.816357	200	204	4	6333	727633	754086	1	0
187.829863	200	204	4	6333	727633	754086	1	0
187.842282	200	204	4	6333	727633	754086	1	0
187.852643	200	204	4	6334	727633	754086	1	0
187.864289	200	204	4	6334	727633	754086	1	0
187.869896	200	204	4	6334	727633	754086	1	0
187.883218	200	204	4	6334	727633	754086	1	0
187.890593	200	204	4	6334	727633	754086	1	0
187.900140	200	204	4	6334	727633	754086	1	0
187.906222	200	204	4	6334	727633	754086	1	0
187.915269	200	204	4	6334	727633	754086	1	0
187.929539	200	204	4	6334	727633	754086	1	0
187.944547	200	204	4	6334	727633	754086	1	0
187.952280	200	204	4	6334	727633	754086	1	0
187.962229	200	204	4	6334	727633	754086	1	0
187.974307	200	204	4	6334	727633	754086	1	0
187.986508	200	204	4	6334	727633	754086	1	0
187.991815	200	204	4	6334	727633	754086	1	0
188.005517	200	204	4	6334	727633	754086	1	0
188.020267	200	204	4	6334	727633	754086	1	0
188.028906	200	204	4	6334	727633	754086	1	0
188.035960	200	204	4	6334	727633	754086	1	0
188.050715	200	204	4	6334	727633	754086	1	0
188.056884	200	204	4	6334	727633	754086	1	0
188.071612	200	204	4	6334	727633	754086	1	0
188.085219	200	204	4	6334	727633	754086	1	0
188.100417	200	204	4	6334	727633	754086	1	0
188.110978	200	204	4	6334	727633	754086	1	0
188.125860	200	204	4	6334	727633	754086	1	0
188.134696	200	204	4	6334	727633	754086	1	0
188.149822	200	204	4	6334	727633	754086	1	0
188.162322	200	204	4	6334	727633	754086	1	0
188.175610	200	204	4	6334	727633	754086	1	0
188.183781	200	204	4	6334	727633	754086	1	0
188.194684	200	204	4	6334	727633	754086	1	0
188.206209	200	204	4	6334	727633	754086	1	0
188.217027	200	204	4	6334	727633	754086	1	0
188.223928	200	204	4	6334	727633	754086	1	0
188.235303	200	204	4	6334	727633	754086	1	0
188.248285	200	204	4	6334	727633	754086	1	0
188.254802	200	204	4	6334	727633	754086	1	0
188.265066	200	204	4	6334	727633	754086	1	0
188.277964	200	204	4	6334	727633	754086	1	0
188.292229	200	204	4	6334	727633	754086	1	0
188.298761	200	204	4	6334	727633	754086	1	0
188.305694	200	204	4	6334	727633	754086	1	0
188.313459	200	204	4	6334	727633	754086	1	0
188.327334	200	204	4	6334	727633	754086	1	0
188.334392	200	204	4	6334	727633	754086	1	0
188.349429	200	204	4	6334	727633	754086	1	0
188.363831	200	204	4	6334	727633	754086	1	0
188.377348	200	204	4	6334	727633	754086	1	0
188.389494	200	204	4	6334	727633	754086	1	0
188.398357	200	204	4	6334	727633	754086	1	0
188.412634	200	204	4	6334	727633	754086	1	0
188.424253	200	204	4	6334	727633	754086	1	0
188.435319	200	204	4	6334	727633	754086	1	0
188.441835	200	204	4	6334	727633	754086	1	0
188.451045	200	204	4	6334	727633	754086	1	0
188.463881	200	204	4	6334	727633	754086	1	0
188.476088	200	204	4	6334	727633	754086	1	0
188.481817	200	204	4	6334	727633	754086	1	0
188.495222	200	204	4	6334	727633	754086	1	0
188.506526	200	204	4	6335	727633	754086	1	0
188.515689	200	204	4	6335	727633	754086	1	0
188.528570	200	204	4	6335	727633	754086	1	0
188.536803	200	204	4	6335	727633	754086	1	0
188.549303	200	204	4	6335	727633	754086	1	0
188.558372	200	204	4	6335	727633	754086	1	0
188.570338	200	204	4	6335	727633	754086	1	0
188.583472	200	204	4	6335	727633	754086	1	0
188.591931	200	204	4	6335	727633	754086	1	0
188.603472	200	204	4	6335	727633	754086	1	0
188.611680	200	204	4	6335	727633	754086	1	0
188.625948	200	204	4	6335	727633	754086	1	0
188.637994	200	204	4	6335	727633	754086	1	0
188.646746	200	204	4	6335	727633	754086	1	0
188.658153	200	204	4	6335	727633	754086	1	0
188.671733	200	204	4	6335	727633	754086	1	0
188.677373	200	204	4	6335	727633	754086	1	0
188.692391	200	204	4	6335	727633	754086	1	0
188.697858	200	204	4	6335	727633	754086	1	0
188.708410	200	204	4	6335	727633	754086	1	0
188.717399	200	204	4	6335	727633	754086	1	0
188.734729	200	204	4	6335	727633	754086	1	0
188.740069	200	204	4	6335	727633	754086	1	0
188.748524	200	204	4	6335	727633	754086	1	0
188.757525	200	204	4	6335	727633	754086	1	0
188.766805	200	204	4	6335	727633	754086	1	0
188.773478	200	204	4	6335	727633	754086	1	0
188.779672	200	204	4	6335	727633	754086	1	0
188.786102	200	204	4	6335	727633	754086	1	0
188.796618	200	204	4	6335	727633	754086	1	0
188.811427	200	204	4	6335	727633	754086	1	0
188.826552	200	204	4	6335	727633	754086	1	0
188.840368	200	204	4	6335	727633	754086	1	0
188.847183	200	204	4	6335	727633	754086	1	0
188.857059	200	204	4	6335	727633	754086	1	0
188.865619	200	204	4	6335	727633	754086	1	0
188.877528	200	204	4	6335	727633	754086	1	0
188.888675	200	204	4	6335	727633	754086	1	0
188.896291	200	204	4	6335	727633	754086	1	0
188.904074	200	204	4	6335	727633	754086	1	0
188.910661	200	204	4	6335	727633	754086	1	0
188.917662	200	204	4	6335	727633	754086	1	0
188.930505	200	204	4	6335	727633	754086	1	0
188.937478	200	204	4	6335	727633	754086	1	0
188.945533	200	204	4	6335	727633	754086	1	0
188.962038	200	204	4	6335	727633	754086	1	0
188.973051	200	204	4	6335	727633	754086	1	0
188.987158	200	204	4	6335	727633	754086	1	0
189.000618	200	204	4	6335	727633	754086	1	0
189.012974	200	204	4	6335	727633	754086	1	0
189.018474	200	204	4	6335	727633	754086	1	0
189.032440	200	204	4	6335	727633	754086	1	0
189.040128	200	204	4	6335	727633	754086	1	0
189.047429	200	204	4	6335	727633	754086	1	0
189.056565	200	204	4	6335	727633	754086	1	0
189.069516	200	204	4	6335	727633	754086	1	0
189.080762	200	204	4	6335	727633	754086	1	0
189.089717	200	204	4	6335	727633	754086	1	0
189.100376	200	204	4	6335	727633	754086	1	0
189.110146	200	204	4	6336	727633	754086	1	0
189.117215	200	204	4	6336	727633	754086	1	0
189.129466	200	204	4	6336	727633	754086	1	0
189.136165	200	204	4	6336	727633	754086	1	0
189.142847	200	204	4	6336	727633	754086	1	0
189.151514	200	204	4	6336	727633	754086	1	0
189.164851	200	204	4	6336	727633	754086	1	0
189.175958	200	204	4	6336	727633	754086	1	0
189.184959	200	204	4	6336	727633	754086	1	0
189.194020	200	204	4	6336	727633	754086	1	0
189.207608	200	204	4	6336	727633	754086	1	0
189.212843	200	204	4	6336	727633	754086	1	0
189.222530	200	204	4	6336	727633	754086	1	0
189.232357	200	204	4	6336	727633	754086	1	0
189.241110	200	204	4	6336	727633	754086	1	0
189.250357	200	204	4	6336	727633	754086	1	0
189.261332	200	204	4	6336	727633	754086	1	0
189.272299	200	204	4	6336	727633	754086	1	0
189.278397	200	204	4	6336	727633	754086	1	0
189.294085	200	204	4	6336	727633	754086	1	0
189.302720	200	204	4	6336	727633	754086	1	0
189.316628	200	204	4	6336	727633	754086	1	0
189.325850	200	204	4	6336	727633	754086	1	0
189.338772	200	204	4	6336	727633	754086	1	0
189.350741	200	204	4	6336	727633	754086	1	0
189.361064	200	204	4	6336	727633	754086	1	0
189.369475	200	204	4	6336	727633	754086	1	0
189.381787	200	204	4	6336	727633	754086	1	0
189.394241	200	204	4	6336	727633	754086	1	0
189.404864	200	204	4	6336	727633	754086	1	0
189.410160	200	204	4	6336	727633	754086	1	0
189.422554	200	204	4	6336	727633	754086	1	0
189.434536	200	204	4	6336	727633	754086	1	0
189.444141	200	204	4	6336	727633	754086	1	0
189.455251	200	204	4	6336	727633	754086	1	0
189.463109	200	204	4	6336	727633	754086	1	0
189.474683	200	204	4	6336	727633	754086	1	0
189.489357	200	204	4	6336	727633	754086	1	0
189.499018	200	204	4	6336	727633	754086	1	0
189.508180	200	204	4	6336	727633	754086	1	0
189.518152	200	204	4	6336	727633	754086	1	0
189.533284	200	204	4	6336	727633	754086	1	0
189.544283	200	204	4	6336	727633	754086	1	0
189.556496	200	204	4	6336	727633	754086	1	0
189.565570	200	204	4	6336	727633	754086	1	0
189.571874	200	204	4	6336	727633	754086	1	0
189.586884	200	204	4	6336	727633	754086	1	0
189.600552	200	204	4	6336	727633	754086	1	0
189.614218	200	204	4	6336	727633	754086	1	0
189.622039	200	204	4	6336	727633	754086	1	0
189.630573	200	204	4	6336	727633	754086	1	0
189.644555	200	204	4	6336	727633	754086	1	0
189.652893	200	204	4	6336	727633	754086	1	0
189.660996	200	204	4	6336	727633	754086	1	0
189.672125	200	204	4	6336	727633	754086	1	0
189.680765	200	204	4	6336	727633	754086	1	0
189.693811	200	204	4	6336	727633	754086	1	0
189.702571	200	204	4	6336	727633	754086	1	0
189.716896	200	204	4	6336	727633	754086	1	0
189.723854	200	204	4	6336	727633	754086	1	0
189.730526	200	204	4	6336	727633	754086	1	0
189.742554	200	204	4	6336	727633	754086	1	0
189.749274	200	204	4	6336	727633	754086	1	0
189.756590	200	204	4	6336	727633	754086	1	0
189.771115	200	204	4	6336	727633	754086	1	0
189.785666	200	204	4	6336	727633	754086	1	0
189.793317	200	204	4	6336	727633	754086	1	0
189.806166	200	204	4	6336	727633	754086	1	0
189.821086	200	204	4	6336	727633	754086	1	0
189.827505	200	204	4	6336	727633	754086	1	0
189.838907	200	204	4	6336	727633	754086	1	0
189.846493	200	204	4	6336	727633	754086	1	0
189.852099	200	204	4	6336	727633	754086	1	0
189.857613	200	204	4	6336	727633	754086	1	0
189.869585	200	204	4	6336	727633	754086	1	0
189.884176	200	204	4	6336	727633	754086	1	0
189.890430	200	204	4	6336	727633	754086	1	0
189.899295	200	204	4	6336	727633	754086	1	0
189.912486	200	204	4	6336	727633	754086	1	0
189.918141	200	204	4	6336	727633	754086	1	0
189.928073	200	204	4	6336	727633	754086	1	0
189.933436	200	204	4	6336	727633	754086	1	0
189.939692	200	204	4	6336	727633	754086	1	0
189.950799	200	204	4	6336	727633	754086	1	0
189.962331	200	204	4	6336	727633	754086	1	0
189.974907	200	204	4	6336	727633	754086	1	0
189.988601	200	204	4	6336	727633	754086	1	0
190.003457	200	204	4	6336	727633	754086	1	0
190.017161	200	204	4	6336	727633	754086	1	0
190.028818	200	204	4	6336	727633	754086	1	0
190.039168	200	204	4	6336	727633	754086	1	0
190.046555	200	204	4	6336	727633	754086	1	0
190.054437	200	204	4	6336	727633	754086	1	0
190.063983	200	204	4	6336	727633	754086	1	0
190.069512	200	204	4	6336	727633	754086	1	0
190.083441	200	204	4	6336	727633	754086	1	0
190.095142	200	204	4	6336	727633	754086	1	0
190.107099	200	204	4	6336	727633	754086	1	0
190.117322	200	204	4	6336	727633	754086	1	0
190.127937	200	204	4	6336	727633	754086	1	0
190.133851	200	204	4	6336	727633	754086	1	0
190.139621	200	204	4	6336	727633	754086	1	0
190.151620	200	204	4	6336	727633	754086	1	0
190.164819	200	204	4	6336	727633	754086	1	0
190.178509	200	204	4	6336	727633	754086	1	0
190.191041	200	204	4	6336	727633	754086	1	0
190.201920	200	204	4	6336	727633	754086	1	0
190.214770	200	204	4	6336	727633	754086	1	0
190.226869	200	204	4	6336	727633	754086	1	0
190.240877	200	204	4	6336	727633	754086	1	0
190.247041	200	204	4	6336	727633	754086	1	0
190.253776	200	204	4	6336	727633	754086	1	0
190.260746	200	204	4	6336	727633	754086	1	0
190.266161	200	204	4	6336	727633	754086	1	0
190.280763	200	204	4	6336	727633	754086	1	0
190.291027	200	204	4	6336	727633	754086	1	0
190.298736	200	204	4	6336	727633	754086	1	0
190.310405	200	204	4	6336	727633	754086	1	0
190.319238	200	204	4	6336	727633	754086	1	0
190.334206	200	204	4	6336	727633	754086	1	0
190.342769	200	204	4	6336	727633	754086	1	0
190.356499	200	204	4	6336	727633	754086	1	0
190.362978	200	204	4	6336	727633	754086	1	0
190.369483	200	204	4	6336	727633	754086	1	0
190.382440	200	204	4	6336	727633	754086	1	0
190.394179	200	204	4	6336	727633	754086	1	0
190.401972	200	204	4	6336	727633	754086	1	0
190.412672	200	204	4	6336	727633	754086	1	0
190.423068	200	204	4	6336	727633	754086	1	0
190.433230	200	204	4	6336	727633	754086	1	0
190.439327	200	204	4	6336	727633	754086	1	0
190.446495	200	204	4	6336	727633	754086	1	0
190.460613	200	204	4	6336	727633	754086	1	0
190.471504	200	204	4	6336	727633	754086	1	0
190.482117	200	204	4	6336	727633	754086	1	0
190.490599	200	204	4	6336	727633	754086	1	0
190.504768	200	204	4	6336	727633	754086	1	0
190.512978	200	204	4	6336	727633	754086	1	0
190.526977	200	204	4	6336	727633	754086	1	0
190.540287	200	204	4	6336	727633	754086	1	0
190.551891	200	204	4	6336	727633	754086	1	0
190.560659	200	204	4	6336	727633	754086	1	0
190.568805	200	204	4	6336	727633	754086	1	0
190.579076	200	204	4	6336	727633	754086	1	0
190.589789	200	204	4	6336	727633	754086	1	0
190.595503	200	204	4	6336	727633	754086	1	0
190.601537	200	204	4	6336	727633	754086	1	0
190.608688	200	204	4	6336	727633	754086	1	0
190.620298	200	204	4	6336	727633	754086	1	0
190.628425	200	204	4	6336	727633	754086	1	0
190.634577	200	204	4	6336	727633	754086	1	0
190.640513	200	204	4	6336	727633	754086	1	0
190.648223	200	204	4	6336	727633	754086	1	0
190.653814	200	204	4	6336	727633	754086	1	0
190.668247	200	204	4	6336	727633	754086	1	0
190.683246	200	204	4	6336	727633	754086	1	0
190.690227	200	204	4	6336	727633	754086	1	0
190.701361	200	204	4	6336	727633	754086	1	0
190.714885	200	204	4	6336	727633	754086	1	0
190.721366	200	204	4	6336	727633	754086	1	0
190.732923	200	204	4	6336	727633	754086	1	0
190.745605	200	204	4	6336	727633	754086	1	0
190.754792	200	204	4	6336	727633	754086	1	0
190.769575	200	204	4	6336	727633	754086	1	0
190.776170	200	204	4	6336	727633	754086	1	0
190.781686	200	204	4	6336	727633	754086	1	0
190.790449	200	204	4	6336	727633	754086	1	0
190.800199	200	204	4	6336	727633	754086	1	0
190.811550	200	204	4	6336	727633	754086	1	0
190.819892	200	204	4	6336	727633	754086	1	0
190.844711	200	204	4	6336	727633	754086	1	0
190.852163	200	204	4	6336	727633	754086	1	0
190.858093	200	204	4	6336	727633	754086	1	0
190.863751	200	204	4	6336	727633	754086	1	0
190.878775	200	204	4	6336	727633	754086	1	0
190.888857	200	204	4	6336	727633	754086	1	0
190.894472	200	204	4	6336	727633	754086	1	0
190.909209	200	204	4	6336	727633	754086	1	0
190.915814	200	204	4	6336	727633	754086	1	0
190.925034	200	204	4	6336	727633	754086	1	0
190.930926	200	204	4	6336	727633	754086	1	0
190.943203	200	204	4	6336	727633	754086	1	0
190.953389	200	204	4	6336	727633	754086	1	0
190.967362	200	204	4	6336	727633	754086	1	0
190.978825	200	204	4	6336	727633	754086	1	0
190.992412	200	204	4	6336	727633	754086	1	0
191.000521	200	204	4	6336	727633	754086	1	0
191.007246	200	204	4	6336	727633	754086	1	0
191.022468	200	204	4	6336	727633	754086	1	0
191.028164	200	204	4	6336	727633	754086	1	0
191.033947	200	204	4	6336	727633	754086	1	0
191.049010	200	204	4	6336	727633	754086	1	0
191.062646	200	204	4	6336	727633	754086	1	0
191.072477	200	204	4	6336	727633	754086	1	0
191.086736	200	204	4	6336	727633	754086	1	0
191.101070	200	204	4	6336	727633	754086	1	0
191.108534	200	204	4	6336	727633	754086	1	0
191.120263	200	204	4	6336	727633	754086	1	0
191.133853	200	204	4	6336	727633	754086	1	0
191.146721	200	204	4	6336	727633	754086	1	0
191.158098	200	204	4	6336	727633	754086	1	0
191.167494	200	204	4	6336	727633	754086	1	0
191.175424	200	204	4	6336	727633	754086	1	0
191.182296	200	204	4	6336	727633	754086	1	0
191.196278	200	204	4	6336	727633	754086	1	0
191.203990	200	204	4	6336	727633	754086	1	0
191.211862	200	204	4	6336	727633	754086	1	0
191.225772	200	204	4	6336	727633	754086	1	0
191.231671	200	204	4	6336	727633	754086	1	0
191.237187	200	204	4	6336	727633	754086	1	0
191.247678	200	204	4	6336	727633	754086	1	0
191.253012	200	204	4	6336	727633	754086	1	0
191.263332	200	204	4	6336	727633	754086	1	0
191.268684	200	204	4	6336	727633	754086	1	0
191.282463	200	204	4	6336	727633	754086	1	0
191.291600	200	204	4	6336	727633	754086	1	0
191.303329	200	204	4	6336	727633	754086	1	0
191.315118	200	204	4	6336	727633	754086	1	0
191.323380	200	204	4	6336	727633	754086	1	0
191.330459	200	204	4	6336	727633	754086	1	0
191.342509	200	204	4	6336	727633	754086	1	0
191.357687	200	204	4	6336	727633	754086	1	0
191.371594	200	204	4	6336	727633	754086	1	0
191.381892	200	204	4	6336	727633	754086	1	0
191.387728	200	204	4	6336	727633	754086	1	0
191.395989	200	204	4	6336	727633	754086	1	0
191.402323	200	204	4	6336	727633	754086	1	0
191.413082	200	204	4	6336	727633	754086	1	0
191.420744	200	204	4	6336	727633	754086	1	0
191.426485	200	204	4	6336	727633	754086	1	0
191.439828	200	204	4	6336	727633	754086	1	0
191.446963	200	204	4	6336	727633	754086	1	0
191.457572	200	204	4	6336	727633	754086	1	0
191.467950	200	204	4	6336	727633	754086	1	0
191.475464	200	204	4	6336	727633	754086	1	0
191.483086	200	204	4	6336	727633	754086	1	0
191.492154	200	204	4	6336	727633	754086	1	0
191.498455	200	204	4	6336	727633	754086	1	0
191.511280	200	204	4	6336	727633	754086	1	0
191.523135	200	204	4	6336	727633	754086	1	0
191.530644	200	204	4	6336	727633	754086	1	0
191.536519	200	204	4	6336	727633	754086	1	0
191.548459	200	204	4	6336	727633	754086	1	0
191.557065	200	204	4	6336	727633	754086	1	0
191.566151	200	204	4	6336	727633	754086	1	0
191.576174	200	204	4	6336	727633	754086	1	0
191.588456	200	204	4	6336	727633	754086	1	0
191.600729	200	204	4	6336	727633	754086	1	0
191.610397	200	204	4	6336	727633	754086	1	0
191.619478	200	204	4	6336	727633	754086	1	0
191.626592	200	204	4	6336	727633	754086	1	0
191.635396	200	204	4	6336	727633	754086	1	0
191.642465	200	204	4	6336	727633	754086	1	0
191.655978	200	204	4	6336	727633	754086	1	0
191.670968	200	204	4	6336	727633	754086	1	0
191.686051	200	204	4	6336	727633	754086	1	0
191.700943	200	204	4	6336	727633	754086	1	0
191.711452	200	204	4	6336	727633	754086	1	0
191.718358	200	204	4	6336	727633	754086	1	0
191.725109	200	204	4	6336	727633	754086	1	0
191.732618	200	204	4	6336	727633	754086	1	0
191.741666	200	204	4	6336	727633	754086	1	0
191.756258	200	204	4	6336	727633	754086	1	0
191.762294	200	204	4	6336	727633	754086	1	0
191.776562	200	204	4	6336	727633	754086	1	0
191.782027	200	204	4	6336	727633	754086	1	0
191.797240	200	204	4	6336	727633	754086	1	0
191.806725	200	204	4	6336	727633	754086	1	0
191.812205	200	204	4	6336	727633	754086	1	0
191.823194	200	204	4	6336	727633	754086	1	0
191.828939	200	204	4	6336	727633	754086	1	0
191.837529	200	204	4	6336	727633	754086	1	0
191.852326	200	204	4	6336	727633	754086	1	0
191.864563	200	204	4	6336	727633	754086	1	0
191.879618	200	204	4	6336	727633	754086	1	0
191.894558	200	204	4	6336	727633	754086	1	0
191.903034	200	204	4	6336	727633	754086	1	0
191.908296	200	204	4	6336	727633	754086	1	0
191.921197	200	204	4	6336	727633	754086	1	0
191.933158	200	204	4	6336	727633	754086	1	0
191.939075	200	204	4	6336	727633	754086	1	0
191.949237	200	204	4	6336	727633	754086	1	0
191.958028	200	204	4	6336	727633	754086	1	0
191.965927	200	204	4	6336	727633	754086	1	0
191.978309	200	204	4	6336	727633	754086	1	0
191.984197	200	204	4	6336	727633	754086	1	0
191.990476	200	204	4	6336	727633	754086	1	0
192.003214	200	204	4	6336	727633	754086	1	0
192.011719	200	204	4	6336	727633	754086	1	0
192.017139	200	204	4	6336	727633	754086	1	0
192.030725	200	204	4	6336	727633	754086	1	0
192.036985	200	204	4	6336	727633	754086	1	0
192.044324	200	204	4	6336	727633	754086	1	0
192.057820	200	204	4	6336	727633	754086	1	0
192.066461	200	204	4	6336	727633	754086	1	0
192.075302	200	204	4	6336	727633	754086	1	0
192.083803	200	204	4	6336	727633	754086	1	0
192.094518	200	204	4	6336	727633	754086	1	0
192.104631	200	204	4	6336	727633	754086	1	0
192.115579	200	204	4	6336	727633	754086	1	0
192.126024	200	204	4	6336	727633	754086	1	0
192.137379	200	204	4	6336	727633	754086	1	0
192.145905	200	204	4	6336	727633	754086	1	0
192.160465	200	204	4	6336	727633	754086	1	0
192.173808	200	204	4	6336	727633	754086	1	0
192.186750	200	204	4	6336	727633	754086	1	0
192.196474	200	204	4	6336	727633	754086	1	0
192.210809	200	204	4	6336	727633	754086	1	0
192.224257	200	204	4	6336	727633	754086	1	0
192.237833	200	204	4	6336	727633	754086	1	0
192.245298	200	204	4	6336	727633	754086	1	0
192.252845	200	204	4	6336	727633	754086	1	0
192.263901	200	204	4	6336	727633	754086	1	0
192.269412	200	204	4	6336	727633	754086	1	0
192.275166	200	204	4	6336	727633	754086	1	0
192.282510	200	204	4	6336	727633	754086	1	0
192.287765	200	204	4	6336	727633	754086	1	0
192.294121	200	204	4	6336	727633	754086	1	0
192.303149	200	204	4	6336	727633	754086	1	0
192.318263	200	204	4	6336	727633	754086	1	0
192.332915	200	204	4	6336	727633	754086	1	0
192.341121	200	204	4	6336	727633	754086	1	0
192.356033	200	204	4	6336	727633	754086	1	0
192.366648	200	204	4	6336	727633	754086	1	0
192.375479	200	204	4	6336	727633	754086	1	0
192.382552	200	204	4	6336	727633	754086	1	0
192.392977	200	204	4	6336	727633	754086	1	0
192.398552	200	204	4	6336	727633	754086	1	0
192.409594	200	204	4	6336	727633	754086	1	0
192.421686	200	204	4	6336	727633	754086	1	0
192.427940	200	204	4	6336	727633	754086	1	0
192.440067	200	204	4	6336	727633	754086	1	0
192.452972	200	204	4	6336	727633	754086	1	0
192.461557	200	204	4	6336	727633	754086	1	0
192.474523	200	204	4	6336	727633	754086	1	0
192.482333	200	204	4	6336	727633	754086	1	0
192.492276	200	204	4	6336	727633	754086	1	0
192.501126	200	204	4	6336	727633	754086	1	0
192.509148	200	204	4	6336	727633	754086	1	0
192.519204	200	204	4	6336	727633	754086	1	0
192.528921	200	204	4	6336	727633	754086	1	0
192.541670	200	204	4	6336	727633	754086	1	0
192.554693	200	204	4	6336	727633	754086	1	0
192.569289	200	204	4	6336	727633	754086	1	0
192.575827	200	204	4	6336	727633	754086	1	0
192.583547	200	204	4	6336	727633	754086	1	0
192.590718	200	204	4	6336	727633	754086	1	0
192.605117	200	204	4	6336	727633	754086	1	0
192.616145	200	204	4	6336	727633	754086	1	0
192.624276	200	204	4	6336	727633	754086	1	0
192.629991	200	204	4	6336	727633	754086	1	0
192.636165	200	204	4	6336	727633	754086	1	0
192.642160	200	204	4	6336	727633	754086	1	0
192.655464	200	204	4	6336	727633	754086	1	0
192.664063	200	204	4	6336	727633	754086	1	0
192.675935	200	204	4	6336	727633	754086	1	0
192.682738	200	204	4	6336	727633	754086	1	0
192.694616	200	204	4	6336	727633	754086	1	0
192.701950	200	204	4	6336	727633	754086	1	0
192.715991	200	204	4	6336	727633	754086	1	0
192.723788	200	204	4	6336	727633	754086	1	0
192.729785	200	204	4	6336	727633	754086	1	0
192.741397	200	204	4	6336	727633	754086	1	0
192.754066	200	204	4	6336	727633	754086	1	0
192.761619	200	204	4	6336	727633	754086	1	0
192.773477	200	204	4	6336	727633	754086	1	0
192.779784	200	204	4	6336	727633	754086	1	0
192.789348	200	204	4	6336	727633	754086	1	0
192.801184	200	204	4	6336	727633	754086	1	0
192.812808	200	204	4	6336	727633	754086	1	0
192.825565	200	204	4	6336	727633	754086	1	0
192.832793	200	204	4	6336	727633	754086	1	0
192.846326	200	204	4	6336	727633	754086	1	0
192.854836	200	204	4	6336	727633	754086	1	0
192.869958	200	204	4	6336	727633	754086	1	0
192.881223	200	204	4	6336	727633	754086	1	0
192.895757	200	204	4	6336	727633	754086	1	0
192.903290	200	204	4	6336	727633	754086	1	0
192.916934	200	204	4	6336	727633	754086	1	0
192.929444	200	204	4	6336	727633	754086	1	0
192.937598	200	204	4	6336	727633	754086	1	0
192.947072	200	204	4	6336	727633	754086	1	0
192.955705	200	204	4	6336	727633	754086	1	0
192.966757	200	204	4	6336	727633	754086	1	0
192.978990	200	204	4	6336	727633	754086	1	0
192.992188	200	204	4	6336	727633	754086	1	0
193.003224	200	204	4	6336	727633	754086	1	0
193.015490	200	204	4	6336	727633	754086	1	0
193.026521	200	204	4	6336	727633	754086	1	0
193.038515	200	204	4	6336	727633	754086	1	0
193.047174	200	204	4	6336	727633	754086	1	0
193.059580	200	204	4	6336	727633	754086	1	0
193.064825	200	204	4	6336	727633	754086	1	0
193.071518	200	204	4	6336	727633	754086	1	0
193.086151	200	204	4	6336	727633	754086	1	0
193.098612	200	204	4	6336	727633	754086	1	0
193.110092	200	204	4	6336	727633	754086	1	0
193.117381	200	204	4	6336	727633	754086	1	0
193.130278	200	204	4	6336	727633	754086	1	0
193.144786	200	204	4	6336	727633	754086	1	0
193.151550	200	204	4	6336	727633	754086	1	0
193.162473	200	204	4	6336	727633	754086	1	0
193.177088	200	204	4	6336	727633	754086	1	0
193.191510	200	204	4	6336	727633	754086	1	0
193.204000	200	204	4	6336	727633	754086	1	0
193.216259	200	204	4	6336	727633	754086	1	0
193.222161	200	204	4	6336	727633	754086	1	0
193.234747	200	204	4	6336	727633	754086	1	0
193.245068	200	204	4	6336	727633	754086	1	0
193.258238	200	204	4	6336	727633	754086	1	0
193.271358	200	204	4	6336	727633	754086	1	0
193.278702	200	204	4	6336	727633	754086	1	0
193.283927	200	204	4	6336	727633	754086	1	0
193.291699	200	204	4	6336	727633	754086	1	0
193.297500	200	204	4	6336	727633	754086	1	0
193.306715	200	204	4	6336	727633	754086	1	0
193.313446	200	204	4	6336	727633	754086	1	0
193.323552	200	204	4	6336	727633	754086	1	0
193.335020	200	204	4	6336	727633	754086	1	0
193.343970	200	204	4	6336	727633	754086	1	0
193.354966	200	204	4	6336	727633	754086	1	0
193.365896	200	204	4	6336	727633	754086	1	0
193.380657	200	204	4	6336	727633	754086	1	0
193.389783	200	204	4	6336	727633	754086	1	0
193.401137	200	204	4	6336	727633	754086	1	0
193.410138	200	204	4	6336	727633	754086	1	0
193.418593	200	204	4	6336	727633	754086	1	0
193.433278	200	204	4	6336	727633	754086	1	0
193.445238	200	204	4	6336	727633	754086	1	0
193.452782	200	204	4	6336	727633	754086	1	0
193.458250	200	204	4	6336	727633	754086	1	0
193.470720	200	204	4	6336	727633	754086	1	0
193.476900	200	204	4	6336	727633	754086	1	0
193.491243	200	204	4	6336	727633	754086	1	0
193.503657	200	204	4	6336	727633	754086	1	0
193.517694	200	204	4	6336	727633	754086	1	0
193.524090	200	204	4	6336	727633	754086	1	0
193.532367	200	204	4	6336	727633	754086	1	0
193.542990	200	204	4	6336	727633	754086	1	0
193.553466	200	204	4	6336	727633	754086	1	0
193.565377	200	204	4	6336	727633	754086	1	0
193.574373	200	204	4	6336	727633	754086	1	0
193.579671	200	204	4	6336	727633	754086	1	0
193.589526	200	204	4	6336	727633	754086	1	0
193.604634	200	204	4	6336	727633	754086	1	0
193.611795	200	204	4	6336	727633	754086	1	0
193.618007	200	204	4	6336	727633	754086	1	0
193.632921	200	204	4	6336	727633	754086	1	0
193.643244	200	204	4	6336	727633	754086	1	0
193.655861	200	204	4	6336	727633	754086	1	0
193.663061	200	204	4	6336	727630	754086	1	0
193.670896	200	204	4	6336	727630	754086	1	0
193.678615	200	204	4	6336	727630	754086	1	0
193.683871	200	204	4	6336	727630	754086	1	0
193.690334	200	204	4	6336	727630	754086	1	0
193.703092	200	204	4	6336	727630	754086	1	0
193.713872	200	204	4	6336	727630	754086	1	0
193.726286	200	204	4	6336	727630	754086	1	0
193.738610	200	204	4	6336	727630	754086	1	0
193.744009	200	204	4	6336	727630	754086	1	0
193.757026	200	204	4	6336	727630	754086	1	0
193.763941	200	204	4	6336	727630	754086	1	0
193.776531	200	204	4	6336	727630	754086	1	0
193.782574	200	204	4	6336	727630	754086	1	0
193.793720	200	204	4	6336	727630	754086	1	0
193.803195	200	204	4	6336	727630	754086	1	0
193.815218	200	204	4	6336	727630	754086	1	0
193.820442	200	204	4	6336	727630	754086	1	0
193.834437	200	204	4	6336	727630	754086	1	0
193.841039	200	204	4	6336	727630	754086	1	0
193.853911	200	204	4	6336	727630	754086	1	0
193.861192	200	204	4	6336	727630	754086	1	0
193.870368	200	204	4	6336	727630	754086	1	0
193.876875	200	204	4	6336	727630	754086	1	0
193.891747	200	204	4	6336	727630	754086	1	0
193.904614	200	204	4	6336	727630	754086	1	0
193.918929	200	204	4	6336	727630	754086	1	0
193.932916	200	204	4	6336	727630	754086	1	0
193.944621	200	204	4	6336	727630	754086	1	0
193.951416	200	204	4	6336	727630	754086	1	0
193.957255	200	204	4	6336	727630	754086	1	0
193.963369	200	204	4	6336	727630	754086	1	0
193.974039	200	204	4	6336	727630	754086	1	0
193.983726	200	204	4	6336	727630	754086	1	0
193.997339	200	204	4	6336	727630	754086	1	0
194.005509	200	204	4	6336	727630	754086	1	0
194.020472	200	204	4	6336	727630	754086	1	0
194.035417	200	204	4	6336	727630	754086	1	0
194.047253	200	204	4	6336	727630	754086	1	0
194.053812	200	204	4	6336	727630	754086	1	0
194.067459	200	204	4	6336	727630	754086	1	0
194.078097	200	204	4	6336	727630	754086	1	0
194.085139	200	204	4	6336	727630	754086	1	0
194.092123	200	204	4	6336	727630	754086	1	0
194.099055	200	204	4	6336	727630	754086	1	0
194.110272	200	204	4	6336	727630	754086	1	0
194.120314	200	204	4	6336	727630	754086	1	0
194.133821	200	204	4	6337	727630	754086	1	0
194.146495	200	204	4	6337	727630	754086	1	0
194.154967	200	204	4	6337	727630	754086	1	0
194.165733	200	204	4	6337	727630	754086	1	0
194.177364	200	204	4	6337	727630	754086	1	0
194.190894	200	204	4	6337	727630	754086	1	0
194.199412	200	204	4	6337	727630	754086	1	0
194.208849	200	204	4	6337	727630	754086	1	0
194.215529	200	204	4	6337	727630	754086	1	0
194.224076	200	204	4	6337	727630	754086	1	0
194.230731	200	204	4	6337	727630	754086	1	0
194.243306	200	204	4	6337	727630	754086	1	0
194.257865	200	204	4	6337	727630	754086	1	0
194.271955	200	204	4	6337	727630	754086	1	0
194.283724	200	204	4	6337	727630	754086	1	0
194.297812	200	204	4	6337	727630	754086	1	0
194.309930	200	204	4	6337	727630	754086	1	0
194.322755	200	204	4	6337	727630	754086	1	0
194.336770	200	204	4	6337	727630	754086	1	0
194.345663	200	204	4	6337	727630	754086	1	0
194.352541	200	204	4	6337	727630	754086	1	0
194.358880	200	204	4	6337	727630	754086	1	0
194.368764	200	204	4	6337	727630	754086	1	0
194.379515	200	204	4	6337	727630	754086	1	0
194.385029	200	204	4	6337	727630	754086	1	0
194.391698	200	204	4	6337	727630	754086	1	0
194.397444	200	204	4	6337	727630	754086	1	0
194.410156	200	204	4	6337	727630	754086	1	0
194.420393	200	204	4	6337	727630	754086	1	0
194.432954	200	204	4	6337	727630	754086	1	0
194.444713	200	204	4	6337	727630	754086	1	0
194.454278	200	204	4	6337	727630	754086	1	0
194.465086	200	204	4	6337	727630	754086	1	0
194.479386	200	204	4	6337	727630	754086	1	0
194.485374	200	204	4	6337	727630	754086	1	0
194.496965	200	204	4	6337	727630	754086	1	0
194.502588	200	204	4	6337	727630	754086	1	0
194.508318	200	204	4	6337	727630	754086	1	0
194.514911	200	204	4	6337	727630	754086	1	0
194.525155	200	204	4	6337	727630	754086	1	0
194.531027	200	204	4	6337	727630	754086	1	0
194.542742	200	204	4	6337	727630	754086	1	0
194.551390	200	204	4	6337	727630	754086	1	0
194.558193	200	204	4	6337	727630	754086	1	0
194.565764	200	204	4	6337	727630	754086	1	0
194.576664	200	204	4	6337	727630	754086	1	0
194.581963	200	204	4	6337	727630	754086	1	0
194.588451	200	204	4	6337	727630	754086	1	0
194.602225	200	204	4	6337	727630	754086	1	0
194.616021	200	204	4	6337	727630	754086	1	0
194.623837	200	204	4	6337	727630	754086	1	0
194.631669	200	204	4	6337	727630	754086	1	0
194.642107	200	204	4	6337	727630	754086	1	0
194.656108	200	204	4	6337	727630	754086	1	0
194.670741	200	204	4	6337	727630	754086	1	0
194.684361	200	204	4	6337	727630	754086	1	0
194.691634	200	204	4	6337	727630	754086	1	0
194.705584	200	204	4	6337	727630	754086	1	0
194.720730	200	204	4	6337	727630	754086	1	0
194.731281	200	204	4	6337	727630	754086	1	0
194.745163	200	204	4	6337	727630	754086	1	0
194.758682	200	204	4	6337	727630	754086	1	0
194.764083	200	204	4	6337	727630	754086	1	0
194.771337	200	204	4	6338	727630	754086	1	0
194.783899	200	204	4	6338	727630	754086	1	0
194.795212	200	204	4	6338	727630	754086	1	0
194.800969	200	204	4	6338	727630	754086	1	0
194.812755	200	204	4	6338	727630	754086	1	0
194.825015	200	204	4	6338	727630	754086	1	0
194.833564	200	204	4	6338	727630	754086	1	0
194.841814	200	204	4	6338	727630	754086	1	0
194.853278	200	204	4	6338	727630	754086	1	0
194.865421	200	204	4	6338	727630	754086	1	0
194.878551	200	204	4	6338	727630	754086	1	0
194.885218	200	204	4	6338	727630	754086	1	0
194.897246	200	204	4	6338	727630	754086	1	0
194.902575	200	204	4	6338	727630	754086	1	0
194.913180	200	204	4	6338	727630	754086	1	0
194.928193	200	204	4	6338	727630	754086	1	0
194.941763	200	204	4	6338	727630	754086	1	0
194.953883	200	204	4	6338	727630	754086	1	0
194.960858	200	204	4	6338	727630	754086	1	0
194.974745	200	204	4	6338	727630	754086	1	0
194.987989	200	204	4	6338	727630	754086	1	0
195.002155	200	204	4	6338	727630	754086	1	0
195.011340	200	204	4	6338	727630	754086	1	0
195.024844	200	204	4	6338	727630	754086	1	0
195.033931	200	204	4	6338	727630	754086	1	0
195.040535	200	204	4	6338	727630	754086	1	0
195.047398	200	204	4	6338	727630	754086	1	0
195.061164	200	204	4	6338	727630	754086	1	0
195.067968	200	204	4	6338	727630	754086	1	0
195.082239	200	204	4	6338	727630	754086	1	0
195.092552	200	204	4	6338	727630	754086	1	0
195.103128	200	204	4	6338	727630	754086	1	0
195.114072	200	204	4	6338	727630	754086	1	0
195.121327	200	204	4	6338	727630	754086	1	0
195.129494	200	204	4	6338	727630	754086	1	0
195.143876	200	204	4	6338	727630	754086	1	0
195.150550	200	204	4	6338	727630	754086	1	0
195.160652	200	204	4	6338	727630	754086	1	0
195.172032	200	204	4	6338	727630	754086	1	0
195.183633	200	204	4	6338	727630	754086	1	0
195.193494	200	204	4	6338	727630	754086	1	0
195.208332	200	204	4	6338	727630	754086	1	0
195.215225	200	204	4	6338	727630	754086	1	0
195.225515	200	204	4	6338	727630	754086	1	0
195.239763	200	204	4	6338	727630	754086	1	0
195.248794	200	204	4	6338	727630	754086	1	0
195.259277	200	204	4	6338	727630	754086	1	0
195.264907	200	204	4	6338	727630	754086	1	0
195.271243	200	204	4	6338	727630	754086	1	0
195.285884	200	204	4	6338	727630	754086	1	0
195.300210	200	204	4	6338	727630	754086	1	0
195.315263	200	204	4	6338	727630	754086	1	0
195.324913	200	204	4	6338	727630	754086	1	0
195.337370	200	204	4	6338	727630	754086	1	0
195.348236	200	204	4	6338	727630	754086	1	0
195.362680	200	204	4	6338	727630	754086	1	0
195.373526	200	204	4	6338	727630	754086	1	0
195.382011	200	204	4	6338	727630	754086	1	0
195.393320	200	204	4	6338	727630	754086	1	0
195.403503	200	204	4	6338	727630	754086	1	0
195.417897	200	204	4	6338	727630	754086	1	0
195.429249	200	204	4	6338	727630	754086	1	0
195.442316	200	204	4	6338	727630	754086	1	0
195.450763	200	204	4	6338	727630	754086	1	0
195.461696	200	204	4	6338	727630	754086	1	0
195.472962	200	204	4	6338	727630	754086	1	0
195.481330	200	204	4	6338	727630	754086	1	0
195.488992	200	204	4	6338	727630	754086	1	0
195.495255	200	204	4	6338	727630	754086	1	0
195.506901	200	204	4	6338	727630	754086	1	0
195.519501	200	204	4	6338	727630	754086	1	0
195.528996	200	204	4	6338	727630	754086	1	0
195.538710	200	204	4	6338	727630	754086	1	0
195.553182	200	204	4	6338	727630	754086	1	0
195.562440	200	204	4	6339	727630	754086	1	0
195.573087	200	204	4	6339	727630	754086	1	0
195.581988	200	204	4	6339	727630	754086	1	0
195.595336	200	204	4	6339	727630	754086	1	0
195.608900	200	204	4	6339	727630	754086	1	0
195.618478	200	204	4	6339	727630	754086	1	0
195.625901	200	204	4	6339	727630	754086	1	0
195.638083	200	204	4	6339	727630	754086	1	0
195.648414	200	204	4	6339	727630	754086	1	0
195.659841	200	204	4	6339	727630	754086	1	0
195.666047	200	204	4	6339	727630	754086	1	0
195.680159	200	204	4	6339	727630	754086	1	0
195.694320	200	204	4	6339	727630	754086	1	0
195.701423	200	204	4	6339	727630	754086	1	0
195.714608	200	204	4	6339	727630	754086	1	0
195.721015	200	204	4	6339	727630	754086	1	0
195.736205	200	204	4	6339	727630	754086	1	0
195.751332	200	204	4	6339	727630	754086	1	0
195.764160	200	204	4	6339	727630	754086	1	0
195.777295	200	204	4	6339	727630	754086	1	0
195.784841	200	204	4	6339	727630	754086	1	0
195.795585	200	204	4	6339	727630	754086	1	0
195.808513	200	204	4	6339	727630	754086	1	0
195.817738	200	204	4	6339	727630	754086	1	0
195.827620	200	204	4	6339	727630	754086	1	0
195.838845	200	204	4	6339	727630	754086	1	0
195.851611	200	204	4	6339	727630	754086	1	0
195.864751	200	204	4	6339	727630	754086	1	0
195.870982	200	204	4	6339	727630	754086	1	0
195.877260	200	204	4	6339	727630	754086	1	0
195.885673	200	204	4	6339	727630	754086	1	0
195.895467	200	204	4	6339	727630	754086	1	0
195.900850	200	204	4	6339	727630	754086	1	0
195.908385	200	204	4	6339	727630	754086	1	0
195.921664	200	204	4	6339	727630	754086	1	0
195.928339	200	204	4	6339	727630	754086	1	0
195.937798	200	204	4	6339	727630	754086	1	0
195.949867	200	204	4	6339	727630	754086	1	0
195.963115	200	204	4	6339	727630	754086	1	0
195.976093	200	204	4	6339	727630	754086	1	0
195.983840	200	204	4	6339	727630	754086	1	0
195.992459	200	204	4	6339	727630	754086	1	0
195.999315	200	204	4	6339	727630	754086	1	0
196.011021	200	204	4	6339	727630	754086	1	0
196.024707	200	204	4	6339	727630	754086	1	0
196.035975	200	204	4	6339	727630	754086	1	0
196.046925	200	204	4	6339	727630	754086	1	0
196.053992	200	204	4	6339	727630	754086	1	0
196.067388	200	204	4	6339	727630	754086	1	0
196.081230	200	204	4	6339	727630	754086	1	0
196.092418	200	204	4	6339	727630	754086	1	0
196.099845	200	204	4	6339	727630	754086	1	0
196.111266	200	204	4	6339	727630	754086	1	0
196.118352	200	204	4	6339	727630	754086	1	0
196.125974	200	204	4	6339	727630	754086	1	0
196.137535	200	204	4	6339	727630	754086	1	0
196.147755	200	204	4	6339	727630	754086	1	0
196.159154	200	204	4	6339	727630	754086	1	0
196.169829	200	204	4	6339	727630	754086	1	0
196.177529	200	204	4	6339	727630	754086	1	0
196.183045	200	204	4	6339	727630	754086	1	0
196.195656	200	204	4	6339	727630	754086	1	0
196.202880	200	204	4	6339	727630	754086	1	0
196.215903	200	204	4	6339	727630	754086	1	0
196.224446	200	204	4	6339	727630	754086	1	0
196.232512	200	204	4	6339	727630	754086	1	0
196.242055	200	204	4	6339	727630	754086	1	0
196.247817	200	204	4	6339	727630	754086	1	0
196.259260	200	204	4	6339	727630	754086	1	0
196.265032	200	204	4	6339	727630	754086	1	0
196.278976	200	204	4	6339	727630	754086	1	0
196.291736	200	204	4	6339	727630	754086	1	0
196.305781	200	204	4	6339	727630	754086	1	0
196.313897	200	204	4	6339	727630	754086	1	0
196.325474	200	204	4	6340	727630	754086	1	0
196.332525	200	204	4	6340	727630	754086	1	0
196.342468	200	204	4	6340	727630	754086	1	0
196.351334	200	204	4	6340	727630	754086	1	0
196.365584	200	204	4	6340	727630	754086	1	0
196.371868	200	204	4	6340	727630	754086	1	0
196.380050	200	204	4	6340	727630	754086	1	0
196.394377	200	204	4	6340	727630	754086	1	0
196.407401	200	204	4	6340	727630	754086	1	0
196.414549	200	204	4	6340	727630	754086	1	0
196.420863	200	204	4	6340	727630	754086	1	0
196.435590	200	204	4	6340	727630	754086	1	0
196.450163	200	204	4	6340	727630	754086	1	0
196.460371	200	204	4	6340	727630	754086	1	0
196.472173	200	204	4	6340	727630	754086	1	0
196.483696	200	204	4	6340	727630	754086	1	0
196.489026	200	204	4	6340	727630	754086	1	0
196.497262	200	204	4	6340	727630	754086	1	0
196.502750	200	204	4	6340	727630	754086	1	0
196.511892	200	204	4	6340	727630	754086	1	0
196.518356	200	204	4	6340	727630	754086	1	0
196.532221	200	204	4	6340	727630	754086	1	0
196.539972	200	204	4	6340	727630	754086	1	0
196.549473	200	204	4	6340	727630	754086	1	0
196.558787	200	204	4	6340	727630	754086	1	0
196.570391	200	204	4	6340	727630	754086	1	0
196.577148	200	204	4	6340	727630	754086	1	0
196.583632	200	204	4	6340	727630	754086	1	0
196.590557	200	204	4	6340	727630	754086	1	0
196.597767	200	204	4	6340	727630	754086	1	0
196.609500	200	204	4	6340	727630	754086	1	0
196.616736	200	204	4	6340	727630	754086	1	0
196.631795	200	204	4	6340	727630	754086	1	0
196.637321	200	204	4	6340	727630	754086	1	0
196.645661	200	204	4	6340	727630	754086	1	0
196.660670	200	204	4	6340	727630	754086	1	0
196.668531	200	204	4	6340	727630	754086	1	0
196.676038	200	204	4	6340	727630	754086	1	0
196.685989	200	204	4	6340	727630	754086	1	0
196.697849	200	204	4	6340	727630	754086	1	0
196.703222	200	204	4	6340	727630	754086	1	0
196.713993	200	204	4	6340	727630	754086	1	0
196.719619	200	204	4	6340	727630	754086	1	0
196.730199	200	204	4	6340	727630	754086	1	0
196.735927	200	204	4	6340	727630	754086	1	0
196.746329	200	204	4	6340	727630	754086	1	0
196.755945	200	204	4	6340	727630	754086	1	0
196.764347	200	204	4	6340	727630	754086	1	0
196.776764	200	204	4	6340	727630	754086	1	0
196.789472	200	204	4	6340	727630	754086	1	0
196.803366	200	204	4	6340	727630	754086	1	0
196.809769	200	204	4	6340	727630	754086	1	0
196.816338	200	204	4	6340	727630	754086	1	0
196.824278	200	204	4	6340	727630	754086	1	0
196.830173	200	204	4	6340	727630	754086	1	0
196.835494	200	204	4	6340	727630	754086	1	0
196.841496	200	204	4	6340	727630	754086	1	0
196.851602	200	204	4	6340	727630	754086	1	0
196.859441	200	204	4	6340	727630	754086	1	0
196.873209	200	204	4	6340	727630	754086	1	0
196.886899	200	204	4	6340	727630	754086	1	0
196.900527	200	204	4	6340	727630	754086	1	0
196.914742	200	204	4	6340	727630	754086	1	0
196.924481	200	204	4	6340	727630	754086	1	0
196.938694	200	204	4	6340	727630	754086	1	0
196.949125	200	204	4	6340	727630	754086	1	0
196.960706	200	204	4	6340	727630	754086	1	0
196.969538	200	204	4	6340	727630	754086	1	0
196.978724	200	204	4	6340	727630	754086	1	0
196.991667	200	204	4	6340	727630	754086	1	0
197.006265	200	204	4	6340	727630	754086	1	0
197.016845	200	204	4	6340	727630	754086	1	0
197.031907	200	204	4	6340	727630	754086	1	0
197.042888	200	204	4	6340	727630	754086	1	0
197.049472	200	204	4	6340	727630	754086	1	0
197.055862	200	204	4	6340	727630	754086	1	0
197.063318	200	204	4	6340	727630	754086	1	0
197.069424	200	204	4	6340	727630	754086	1	0
197.082781	200	204	4	6340	727630	754086	1	0
197.091795	200	204	4	6341	727630	754086	1	0
197.100937	200	204	4	6341	727630	754086	1	0
197.113598	200	204	4	6341	727630	754086	1	0
197.128043	200	204	4	6341	727630	754086	1	0
197.134045	200	204	4	6341	727630	754086	1	0
197.144937	200	204	4	6341	727630	754086	1	0
197.154494	200	204	4	6341	727630	754086	1	0
197.160147	200	204	4	6341	727630	754086	1	0
197.172739	200	204	4	6341	727630	754086	1	0
197.183320	200	204	4	6341	727630	754086	1	0
197.195466	200	204	4	6341	727630	754086	1	0
197.208148	200	204	4	6341	727630	754086	1	0
197.220861	200	204	4	6341	727630	754086	1	0
197.233116	200	204	4	6341	727630	754086	1	0
197.241596	200	204	4	6341	727630	754086	1	0
197.251806	200	204	4	6341	727630	754086	1	0
197.262597	200	204	4	6341	727630	754086	1	0
197.268888	200	204	4	6341	727630	754086	1	0
197.280527	200	204	4	6341	727630	754086	1	0
197.293684	200	204	4	6341	727630	754086	1	0
197.299906	200	204	4	6341	727630	754086	1	0
197.307913	200	204	4	6341	727630	754086	1	0
197.316788	200	204	4	6341	727630	754086	1	0
197.322358	200	204	4	6341	727630	754086	1	0
197.335287	200	204	4	6341	727630	754086	1	0
197.350100	200	204	4	6341	727630	754086	1	0
197.359795	200	204	4	6341	727630	754086	1	0
197.368051	200	204	4	6341	727630	754086	1	0
197.376432	200	204	4	6341	727630	754086	1	0
197.391419	200	204	4	6341	727630	754086	1	0
197.401127	200	204	4	6341	727630	754086	1	0
197.410901	200	204	4	6341	727630	754086	1	0
197.420802	200	204	4	6341	727630	754086	1	0
197.426326	200	204	4	6341	727630	754086	1	0
197.441440	200	204	4	6341	727630	754086	1	0
197.453172	200	204	4	6341	727630	754086	1	0
197.465516	200	204	4	6341	727630	754086	1	0
197.472602	200	204	4	6341	727630	754086	1	0
197.479242	200	204	4	6341	727630	754086	1	0
197.492464	200	204	4	6341	727630	754086	1	0
197.502890	200	204	4	6341	727630	754086	1	0
197.513091	200	204	4	6341	727630	754086	1	0
197.524921	200	204	4	6341	727630	754086	1	0
197.530646	200	204	4	6341	727630	754086	1	0
197.541590	200	204	4	6341	727630	754086	1	0
197.549412	200	204	4	6341	727630	754086	1	0
197.557413	200	204	4	6341	727630	754086	1	0
197.572533	200	204	4	6341	727630	754086	1	0
197.583355	200	204	4	6341	727630	754086	1	0
197.595442	200	204	4	6341	727630	754086	1	0
197.606828	200	204	4	6341	727630	754086	1	0
197.619280	200	204	4	6341	727630	754086	1	0
197.625533	200	204	4	6341	727630	754086	1	0
197.635821	200	204	4	6341	727630	754086	1	0
197.642260	200	204	4	6341	727630	754086	1	0
197.651795	200	204	4	6341	727630	754086	1	0
197.660770	200	204	4	6341	727630	754086	1	0
197.671949	200	204	4	6341	727630	754086	1	0
197.686743	200	204	4	6341	727630	754086	1	0
197.698874	200	204	4	6341	727630	754086	1	0
197.705944	200	204	4	6341	727630	754086	1	0
197.719900	200	204	4	6341	727630	754086	1	0
197.730617	200	204	4	6341	727630	754086	1	0
197.741303	200	204	4	6341	727630	754086	1	0
197.747788	200	204	4	6341	727630	754086	1	0
197.757863	200	204	4	6341	727630	754086	1	0
197.770806	200	204	4	6341	727630	754086	1	0
197.784960	200	204	4	6342	727630	754086	1	0
197.799427	200	204	4	6342	727630	754086	1	0
197.813141	200	204	4	6342	727630	754086	1	0
197.820105	200	204	4	6342	727630	754086	1	0
197.826095	200	204	4	6342	727630	754086	1	0
197.837477	200	204	4	6342	727630	754086	1	0
197.849804	200	204	4	6342	727630	754086	1	0
197.859320	200	204	4	6342	727630	754086	1	0
197.872470	200	204	4	6342	727630	754086	1	0
197.884031	200	204	4	6342	727630	754086	1	0
197.894527	200	204	4	6342	727630	754086	1	0
197.902759	200	204	4	6342	727630	754086	1	0
197.915916	200	204	4	6342	727630	754086	1	0
197.923301	200	204	4	6342	727630	754086	1	0
197.933500	200	204	4	6342	727630	754086	1	0
197.941732	200	204	4	6342	727630	754086	1	0
197.951982	200	204	4	6342	727630	754086	1	0
197.957622	200	204	4	6342	727630	754086	1	0
197.971344	200	204	4	6342	727630	754086	1	0
197.981668	200	204	4	6342	727630	754086	1	0
197.989981	200	204	4	6342	727630	754086	1	0
197.998528	200	204	4	6342	727630	754086	1	0
198.005832	200	204	4	6342	727630	754086	1	0
198.018521	200	204	4	6342	727630	754086	1	0
198.032614	200	204	4	6342	727630	754086	1	0
198.046763	200	204	4	6342	727630	754086	1	0
198.052267	200	204	4	6342	727630	754086	1	0
198.064283	200	204	4	6342	727630	754086	1	0
198.069756	200	204	4	6342	727630	754086	1	0
198.078384	200	204	4	6342	727630	754086	1	0
198.084010	200	204	4	6342	727630	754086	1	0
198.095351	200	204	4	6342	727630	754086	1	0
198.107190	200	204	4	6342	727630	754086	1	0
198.112752	200	204	4	6342	727630	754086	1	0
198.123092	200	204	4	6342	727630	754086	1	0
198.134771	200	204	4	6342	727630	754086	1	0
198.144311	200	204	4	6342	727630	754086	1	0
198.156779	200	204	4	6342	727630	754086	1	0
198.163971	200	204	4	6342	727630	754086	1	0
198.177967	200	204	4	6342	727630	754086	1	0
198.191730	200	204	4	6342	727630	754086	1	0
198.206188	200	204	4	6342	727630	754086	1	0
198.215344	200	204	4	6342	727630	754086	1	0
198.225867	200	204	4	6342	727630	754086	1	0
198.239693	200	204	4	6342	727630	754086	1	0
198.245557	200	204	4	6342	727630	754086	1	0
198.255197	200	204	4	6342	727630	754086	1	0
198.261548	200	204	4	6342	727630	754086	1	0
198.269572	200	204	4	6342	727630	754086	1	0
198.282881	200	204	4	6342	727630	754086	1	0
198.295848	200	204	4	6342	727630	754086	1	0
198.303111	200	204	4	6342	727630	754086	1	0
198.314084	200	204	4	6342	727630	754086	1	0
198.323906	200	204	4	6342	727630	754086	1	0
198.338876	200	204	4	6342	727630	754086	1	0
198.352459	200	204	4	6342	727630	754086	1	0
198.360829	200	204	4	6342	727630	754086	1	0
198.368350	200	204	4	6342	727630	754086	1	0
198.382372	200	204	4	6342	727630	754086	1	0
198.393095	200	204	4	6342	727630	754086	1	0
198.398448	200	204	4	6343	727630	754086	1	0
198.406862	200	204	4	6343	727630	754086	1	0
198.416146	200	204	4	6343	727630	754086	1	0
198.429761	200	204	4	6343	727630	754086	1	0
198.442310	200	204	4	6343	727630	754086	1	0
198.448662	200	204	4	6343	727630	754086	1	0
198.458487	200	204	4	6343	727630	754086	1	0
198.470599	200	204	4	6343	727630	754086	1	0
198.476381	200	204	4	6343	727630	754086	1	0
198.490038	200	204	4	6343	727630	754086	1	0
198.497528	200	204	4	6343	727630	754086	1	0
198.510288	200	204	4	6343	727630	754086	1	0
198.521599	200	204	4	6343	727630	754086	1	0
198.534212	200	204	4	6343	727630	754086	1	0
198.542556	200	204	4	6343	727630	754086	1	0
198.554424	200	204	4	6343	727630	754086	1	0
198.566985	200	204	4	6343	727630	754086	1	0
198.577805	200	204	4	6343	727630	754086	1	0
198.588003	200	204	4	6343	727630	754086	1	0
198.599052	200	204	4	6343	727630	754086	1	0
198.608959	200	204	4	6343	727630	754086	1	0
198.620493	200	204	4	6343	727630	754086	1	0
198.629667	200	204	4	6343	727630	754086	1	0
198.643709	200	204	4	6343	727630	754086	1	0
198.649636	200	204	4	6343	727630	754086	1	0
198.658681	200	204	4	6343	727630	754086	1	0
198.668711	200	204	4	6343	727630	754086	1	0
198.677493	200	204	4	6343	727630	754086	1	0
198.690998	200	204	4	6343	727630	754086	1	0
198.696653	200	204	4	6343	727630	754086	1	0
198.711377	200	204	4	6343	727630	754086	1	0
198.723891	200	204	4	6343	727630	754086	1	0
198.732177	200	204	4	6343	727630	754086	1	0
198.745944	200	204	4	6343	727630	754086	1	0
198.758533	200	204	4	6343	727630	754086	1	0
198.768559	200	204	4	6343	727630	754086	1	0
198.779062	200	204	4	6343	727630	754086	1	0
198.788595	200	204	4	6343	727630	754086	1	0
198.797294	200	204	4	6343	727630	754086	1	0
198.808009	200	204	4	6343	727630	754086	1	0
198.822963	200	204	4	6343	727630	754086	1	0
198.828280	200	204	4	6343	727630	754086	1	0
198.833509	200	204	4	6343	727630	754086	1	0
198.847648	200	204	4	6343	727630	754086	1	0
198.861850	200	204	4	6343	727630	754086	1	0
198.875011	200	204	4	6343	727630	754086	1	0
198.881998	200	204	4	6343	727630	754086	1	0
198.895233	200	204	4	6343	727630	754086	1	0
198.901827	200	204	4	6343	727630	754086	1	0
198.911442	200	204	4	6343	727630	754086	1	0
198.924472	200	204	4	6343	727630	754086	1	0
198.932909	200	204	4	6343	727630	754086	1	0
198.939857	200	204	4	6343	727630	754086	1	0
198.954365	200	204	4	6343	727630	754086	1	0
198.966506	200	204	4	6343	727630	754086	1	0
198.980862	200	204	4	6343	727630	754086	1	0
198.988950	200	204	4	6343	727630	754086	1	0
198.994955	200	204	4	6343	727630	754086	1	0
199.007492	200	204	4	6343	727630	754086	1	0
199.020839	200	204	4	6344	727630	754086	1	0
199.031754	200	204	4	6344	727630	754086	1	0
199.041603	200	204	4	6344	727630	754086	1	0
199.053524	200	204	4	6344	727630	754086	1	0
199.066117	200	204	4	6344	727630	754086	1	0
199.076839	200	204	4	6344	727630	754086	1	0
199.086856	200	204	4	6344	727630	754086	1	0
199.095234	200	204	4	6344	727630	754086	1	0
199.102556	200	204	4	6344	727630	754086	1	0
199.108975	200	204	4	6344	727630	754086	1	0
199.122974	200	204	4	6344	727630	754086	1	0
199.131904	200	204	4	6344	727630	754086	1	0
199.142154	200	204	4	6344	727630	754086	1	0
199.154541	200	204	4	6344	727630	754086	1	0
199.162620	200	204	4	6344	727630	754086	1	0
199.174136	200	204	4	6344	727630	754086	1	0
199.189107	200	204	4	6344	727630	754086	1	0
199.198318	200	204	4	6344	727630	754086	1	0
199.207522	200	204	4	6344	727630	754086	1	0
199.215740	200	204	4	6344	727630	754086	1	0
199.224357	200	204	4	6344	727630	754086	1	0
199.238084	200	204	4	6344	727630	754086	1	0
199.250951	200	204	4	6344	727630	754086	1	0
199.260464	200	204	4	6344	727630	754086	1	0
199.269652	200	204	4	6344	727630	754086	1	0
199.281185	200	204	4	6344	727630	754086	1	0
199.286660	200	204	4	6344	727630	754086	1	0
199.292408	200	204	4	6344	727630	754086	1	0
199.300045	200	204	4	6344	727630	754086	1	0
199.305693	200	204	4	6344	727630	754086	1	0
199.316556	200	204	4	6344	727630	754086	1	0
199.327864	200	204	4	6344	727630	754086	1	0
199.336635	200	204	4	6344	727630	754086	1	0
199.345853	200	204	4	6344	727630	754086	1	0
199.356221	200	204	4	6344	727630	754086	1	0
199.366532	200	204	4	6344	727630	754086	1	0
199.378857	200	204	4	6344	727630	754086	1	0
199.388798	200	204	4	6344	727630	754086	1	0
199.395309	200	204	4	6344	727630	754086	1	0
199.404008	200	204	4	6344	727630	754086	1	0
199.413961	200	204	4	6344	727630	754086	1	0
199.426789	200	204	4	6344	727630	754086	1	0
199.436699	200	204	4	6344	727630	754086	1	0
199.446689	200	204	4	6344	727630	754086	1	0
199.453710	200	204	4	6344	727630	754086	1	0
199.467142	200	204	4	6344	727630	754086	1	0
199.478182	200	204	4	6344	727630	754086	1	0
199.489352	200	204	4	6344	727630	754086	1	0
199.498170	200	204	4	6344	727630	754086	1	0
199.508337	200	204	4	6344	727630	754086	1	0
199.514614	200	204	4	6344	727630	754086	1	0
199.525129	200	204	4	6344	727630	754086	1	0
199.532086	200	204	4	6344	727630	754086	1	0
199.538825	200	204	4	6344	727630	754086	1	0
199.544492	200	204	4	6344	727630	754086	1	0
199.556482	200	204	4	6344	727630	754086	1	0
199.570750	200	204	4	6344	727630	754086	1	0
199.576650	200	204	4	6344	727630	754086	1	0
199.590499	200	204	4	6344	727630	754086	1	0
199.604223	200	204	4	6344	727630	754086	1	0
199.616831	200	204	4	6344	727630	754086	1	0
199.624940	200	204	4	6344	727630	754086	1	0
199.633579	200	204	4	6344	727630	754086	1	0
199.644678	200	204	4	6344	727630	754086	1	0
199.650357	200	204	4	6344	727630	754086	1	0
199.661309	200	204	4	6344	727630	754086	1	0
199.675244	200	204	4	6344	727630	754086	1	0
199.683589	200	204	4	6344	727630	754086	1	0
199.691558	200	204	4	6344	727630	754086	1	0
199.705522	200	204	4	6344	727630	754086	1	0
199.719863	200	204	4	6344	727630	754086	1	0
199.728582	200	204	4	6344	727630	754086	1	0
199.737277	200	204	4	6344	727630	754086	1	0
199.744304	200	204	4	6344	727630	754086	1	0
199.749665	200	204	4	6344	727630	754086	1	0
199.755996	200	204	4	6344	727630	754086	1	0
199.761969	200	204	4	6344	727630	754086	1	0
199.770899	200	204	4	6344	727630	754086	1	0
199.777798	200	204	4	6344	727630	754086	1	0
199.784581	200	204	4	6344	727630	754086	1	0
199.796591	200	204	4	6344	727630	754086	1	0
199.802312	200	204	4	6344	727630	754086	1	0
199.812278	200	204	4	6344	727630	754086	1	0
199.820755	200	204	4	6344	727630	754086	1	0
199.829736	200	204	4	6344	727630	754086	1	0
199.839843	200	204	4	6344	727630	754086	1	0
199.848005	200	204	4	6344	727630	754086	1	0
199.855807	200	204	4	6344	727630	754086	1	0
199.869264	200	204	4	6344	727630	754086	1	0
199.876453	200	204	4	6344	727630	754086	1	0
199.883414	200	204	4	6344	727630	754086	1	0
199.898531	200	204	4	6344	727630	754086	1	0
199.909385	200	204	4	6344	727630	754086	1	0
199.924417	200	204	4	6344	727630	754086	1	0
199.930438	200	204	4	6344	727630	754086	1	0
199.937000	200	204	4	6344	727630	754086	1	0
199.951728	200	204	4	6344	727630	754086	1	0
199.966609	200	204	4	6344	727630	754086	1	0
199.974615	200	204	4	6344	727630	754086	1	0
199.982405	200	204	4	6344	727630	754086	1	0
199.987793	200	204	4	6344	727630	754086	1	0
200.002680	200	204	4	6344	727630	754086	1	0
200.012689	200	204	4	6344	727630	754086	1	0
200.022973	200	204	4	6344	727630	754086	1	0
200.034839	200	204	4	6344	727630	754086	1	0
200.041893	200	204	4	6344	727630	754086	1	0
200.052108	200	204	4	6344	727630	754086	1	0
200.059299	200	204	4	6344	727630	754086	1	0
200.071903	200	204	4	6344	727630	754086	1	0
200.082685	200	204	4	6344	727630	754086	1	0
200.093687	200	204	4	6344	727630	754086	1	0
200.101498	200	204	4	6344	727630	754086	1	0
200.112191	200	204	4	6344	727630	754086	1	0
200.120751	200	204	4	6344	727630	754086	1	0
200.127142	200	204	4	6344	727630	754086	1	0
200.136718	200	204	4	6344	727630	754086	1	0
200.144963	200	204	4	6344	727630	754086	1	0
200.156993	200	204	4	6344	727630	754086	1	0
200.168951	200	204	4	6344	727630	754086	1	0
200.177830	200	204	4	6344	727630	754086	1	0
200.190532	200	204	4	6344	727630	754086	1	0
200.200596	200	204	4	6344	727630	754086	1	0
200.210684	200	204	4	6344	727630	754086	1	0
200.224552	200	204	4	6344	727630	754086	1	0
200.234157	200	204	4	6344	727630	754086	1	0
200.239886	200	204	4	6344	727630	754086	1	0
200.254536	200	204	4	6344	727630	754086	1	0
200.265993	200	204	4	6344	727630	754086	1	0
200.279962	200	204	4	6344	727630	754086	1	0
200.290044	200	204	4	6344	727630	754086	1	0
200.295626	200	204	4	6344	727630	754086	1	0
200.303252	200	204	4	6344	727630	754086	1	0
200.316006	200	204	4	6344	727630	754086	1	0
200.325142	200	204	4	6344	727630	754086	1	0
200.330853	200	204	4	6344	727630	754086	1	0
200.342116	200	204	4	6344	727630	754086	1	0
200.350540	200	204	4	6344	727630	754086	1	0
200.358856	200	204	4	6344	727630	754086	1	0
200.364563	200	204	4	6344	727630	754086	1	0
200.379100	200	204	4	6344	727630	754086	1	0
200.393023	200	204	4	6344	727630	754086	1	0
200.403651	200	204	4	6344	727630	754086	1	0
200.413459	200	204	4	6344	727630	754086	1	0
200.418986	200	204	4	6344	727630	754086	1	0
200.428227	200	204	4	6344	727630	754086	1	0
200.434818	200	204	4	6344	727630	754086	1	0
200.444019	200	204	4	6344	727630	754086	1	0
200.455413	200	204	4	6344	727630	754086	1	0
200.469108	200	204	4	6344	727630	754086	1	0
200.481353	200	204	4	6344	727630	754086	1	0
200.496538	200	204	4	6344	727630	754086	1	0
200.504651	200	204	4	6344	727630	754086	1	0
200.516264	200	204	4	6344	727630	754086	1	0
200.521699	200	204	4	6344	727630	754086	1	0
200.528439	200	204	4	6344	727630	754086	1	0
200.543419	200	204	4	6344	727630	754086	1	0
200.557111	200	204	4	6344	727630	754086	1	0
200.564547	200	204	4	6344	727630	754086	1	0
200.577374	200	204	4	6344	727630	754086	1	0
200.584125	200	204	4	6344	727630	754086	1	0
200.594204	200	204	4	6344	727630	754086	1	0
200.601740	200	204	4	6344	727630	754086	1	0
200.609760	200	204	4	6344	727630	754086	1	0
200.622954	200	204	4	6344	727630	754086	1	0
200.629240	200	204	4	6344	727630	754086	1	0
200.638738	200	204	4	6344	727630	754086	1	0
200.646765	200	204	4	6344	727630	754086	1	0
200.655356	200	204	4	6344	727630	754086	1	0
200.666557	200	204	4	6344	727630	754086	1	0
200.674568	200	204	4	6344	727630	754086	1	0
200.686614	200	204	4	6344	727630	754086	1	0
200.698192	200	204	4	6344	727630	754086	1	0
200.708690	200	204	4	6344	727630	754086	1	0
200.719394	200	204	4	6344	727630	754086	1	0
200.732377	200	204	4	6344	727630	754086	1	0
200.738436	200	204	4	6344	727630	754086	1	0
200.744535	200	204	4	6344	727630	754086	1	0
200.756712	200	204	4	6344	727630	754086	1	0
200.768881	200	204	4	6344	727630	754086	1	0
200.779573	200	204	4	6344	727630	754086	1	0
200.790719	200	204	4	6344	727630	754086	1	0
200.799205	200	204	4	6344	727630	754086	1	0
200.805981	200	204	4	6344	727630	754086	1	0
200.813466	200	204	4	6344	727630	754086	1	0
200.822820	200	204	4	6344	727630	754086	1	0
200.832085	200	204	4	6344	727630	754086	1	0
200.845695	200	204	4	6344	727630	754086	1	0
200.854786	200	204	4	6344	727630	754086	1	0
200.868322	200	204	4	6344	727630	754086	1	0
200.879855	200	204	4	6344	727630	754086	1	0
200.892185	200	204	4	6344	727630	754086	1	0
200.900453	200	204	4	6344	727630	754086	1	0
200.910360	200	204	4	6344	727630	754086	1	0
200.924147	200	204	4	6344	727630	754086	1	0
200.938439	200	204	4	6344	727630	754086	1	0
200.950614	200	204	4	6344	727630	754086	1	0
200.963996	200	204	4	6344	727630	754086	1	0
200.977204	200	204	4	6344	727630	754086	1	0
200.984637	200	204	4	6344	727630	754086	1	0
200.994952	200	204	4	6344	727630	754086	1	0
201.000968	200	204	4	6344	727630	754086	1	0
201.015101	200	204	4	6344	727630	754086	1	0
201.030200	200	204	4	6344	727630	754086	1	0
201.038101	200	204	4	6344	727630	754086	1	0
201.043407	200	204	4	6344	727630	754086	1	0
201.057945	200	204	4	6344	727630	754086	1	0
201.066721	200	204	4	6344	727630	754086	1	0
201.080189	200	204	4	6344	727630	754086	1	0
201.091594	200	204	4	6344	727630	754086	1	0
201.103832	200	204	4	6344	727630	754086	1	0
201.110789	200	204	4	6344	727630	754086	1	0
201.117486	200	204	4	6344	727630	754086	1	0
201.123372	200	204	4	6344	727630	754086	1	0
201.136609	200	204	4	6344	727630	754086	1	0
201.151114	200	204	4	6344	727630	754086	1	0
201.164599	200	204	4	6344	727630	754086	1	0
201.172491	200	204	4	6344	727630	754086	1	0
201.185187	200	204	4	6344	727630	754086	1	0
201.190637	200	204	4	6344	727630	754086	1	0
201.196881	200	204	4	6344	727630	754086	1	0
201.207250	200	204	4	6344	727630	754086	1	0
201.214922	200	204	4	6344	727630	754086	1	0
201.224543	200	204	4	6344	727630	754086	1	0
201.234305	200	204	4	6344	727630	754086	1	0
201.245794	200	204	4	6344	727630	754086	1	0
201.253327	200	204	4	6344	727630	754086	1	0
201.261321	200	204	4	6344	727630	754086	1	0
201.269288	200	204	4	6344	727630	754086	1	0
201.281716	200	204	4	6344	727630	754086	1	0
201.289794	200	204	4	6344	727630	754086	1	0
201.299972	200	204	4	6344	727630	754086	1	0
201.313434	200	204	4	6344	727630	754086	1	0
201.326994	200	204	4	6344	727630	754086	1	0
201.332543	200	204	4	6344	727630	754086	1	0
201.338843	200	204	4	6344	727630	754086	1	0
201.352840	200	204	4	6344	727630	754086	1	0
201.358695	200	204	4	6344	727630	754086	1	0
201.367877	200	204	4	6344	727630	754086	1	0
201.378011	200	204	4	6344	727630	754086	1	0
201.387727	200	204	4	6344	727630	754086	1	0
201.394167	200	204	4	6344	727630	754086	1	0
201.401325	200	204	4	6344	727630	754086	1	0
201.412446	200	204	4	6344	727630	754086	1	0
201.418700	200	204	4	6344	727630	754086	1	0
201.430776	200	204	4	6344	727630	754086	1	0
201.445013	200	204	4	6344	727630	754086	1	0
201.458525	200	204	4	6344	727630	754086	1	0
201.465692	200	204	4	6344	727630	754086	1	0
201.479850	200	204	4	6344	727630	754086	1	0
201.491917	200	204	4	6344	727630	754086	1	0
201.498981	200	204	4	6344	727630	754086	1	0
201.509395	200	204	4	6344	727630	754086	1	0
201.516025	200	204	4	6344	727630	754086	1	0
201.522782	200	204	4	6344	727630	754086	1	0
201.535299	200	204	4	6344	727630	754086	1	0
201.545268	200	204	4	6344	727630	754086	1	0
201.550510	200	204	4	6344	727630	754086	1	0
201.558528	200	204	4	6344	727630	754086	1	0
201.570080	200	204	4	6344	727630	754086	1	0
201.576845	200	204	4	6344	727630	754086	1	0
201.586060	200	204	4	6344	727630	754086	1	0
201.600632	200	204	4	6344	727630	754086	1	0
201.614476	200	204	4	6344	727630	754086	1	0
201.622365	200	204	4	6344	727630	754086	1	0
201.630688	200	204	4	6344	727630	754086	1	0
201.638363	200	204	4	6344	727630	754086	1	0
201.652242	200	204	4	6344	727630	754086	1	0
201.664851	200	204	4	6344	727630	754086	1	0
201.678065	200	204	4	6344	727630	754086	1	0
201.693103	200	204	4	6344	727630	754086	1	0
201.703816	200	204	4	6344	727630	754086	1	0
201.714856	200	204	4	6344	727630	754086	1	0
201.725719	200	204	4	6344	727630	754086	1	0
201.731416	200	204	4	6344	727630	754086	1	0
201.744936	200	204	4	6344	727630	754086	1	0
201.755102	200	204	4	6344	727630	754086	1	0
201.761773	200	204	4	6344	727630	754086	1	0
201.773385	200	204	4	6344	727630	754086	1	0
201.785375	200	204	4	6344	727630	754086	1	0
201.794557	200	204	4	6344	727630	754086	1	0
201.802446	200	204	4	6344	727630	754086	1	0
201.812739	200	204	4	6344	727630	754086	1	0
201.822853	200	204	4	6344	727630	754086	1	0
201.833186	200	204	4	6344	727630	754086	1	0
201.839002	200	204	4	6344	727630	754086	1	0
201.853927	200	204	4	6344	727630	754086	1	0
201.865214	200	204	4	6344	727630	754086	1	0
201.874320	200	204	4	6344	727630	754086	1	0
201.880867	200	204	4	6344	727630	754086	1	0
201.890729	200	204	4	6344	727630	754086	1	0
201.903594	200	204	4	6344	727630	754086	1	0
201.909523	200	204	4	6344	727630	754086	1	0
201.919632	200	204	4	6344	727630	754086	1	0
201.932771	200	204	4	6344	727630	754086	1	0
201.976874	200	204	4	6344	727630	754086	1	0
201.983178	200	204	4	6344	727630	754086	1	0
201.994444	200	204	4	6344	727630	754086	1	0
202.004139	200	204	4	6344	727630	754086	1	0
202.017468	200	204	4	6344	727630	754086	1	0
202.027894	200	204	4	6344	727630	754086	1	0
202.033195	200	204	4	6344	727630	754086	1	0
202.040699	200	204	4	6344	727630	754086	1	0
202.048679	200	204	4	6344	727630	754086	1	0
202.059530	200	204	4	6344	727630	754086	1	0
202.072358	200	204	4	6344	727630	754086	1	0
202.078743	200	204	4	6344	727630	754086	1	0
202.088641	200	204	4	6344	727630	754086	1	0
202.093923	200	204	4	6344	727630	754086	1	0
202.108858	200	204	4	6344	727630	754086	1	0
202.123901	200	204	4	6344	727630	754086	1	0
202.136865	200	204	4	6344	727630	754086	1	0
202.150435	200	204	4	6344	727630	754086	1	0
202.162214	200	204	4	6344	727630	754086	1	0
202.173637	200	204	4	6344	727630	754086	1	0
202.187348	200	204	4	6344	727630	754086	1	0
202.197697	200	204	4	6344	727630	754086	1	0
202.207195	200	204	4	6344	727630	754086	1	0
202.215654	200	204	4	6344	727630	754086	1	0
202.228935	200	204	4	6344	727630	754086	1	0
202.238390	200	204	4	6344	727630	754086	1	0
202.247350	200	204	4	6344	727630	754086	1	0
202.254931	200	204	4	6344	727630	754086	1	0
202.268577	200	204	4	6344	727630	754086	1	0
202.283440	200	204	4	6344	727630	754086	1	0
202.292863	200	204	4	6344	727630	754086	1	0
202.300969	200	204	4	6344	727630	754086	1	0
202.311815	200	204	4	6344	727630	754086	1	0
202.323306	200	204	4	6344	727630	754086	1	0
202.329073	200	204	4	6344	727630	754086	1	0
202.337769	200	204	4	6344	727630	754086	1	0
202.351725	200	204	4	6344	727630	754086	1	0
202.359726	200	204	4	6344	727630	754086	1	0
202.365747	200	204	4	6344	727630	754086	1	0
202.379753	200	204	4	6344	727630	754086	1	0
202.386472	200	204	4	6344	727630	754086	1	0
202.399955	200	204	4	6344	727630	754086	1	0
202.405606	200	204	4	6344	727630	754086	1	0
202.413539	200	204	4	6344	727630	754086	1	0
202.418814	200	204	4	6344	727630	754086	1	0
202.426676	200	204	4	6344	727630	754086	1	0
202.435371	200	204	4	6344	727630	754086	1	0
202.443602	200	204	4	6344	727630	754086	1	0
202.451649	200	204	4	6344	727630	754086	1	0
202.464319	200	204	4	6344	727630	754086	1	0
202.478467	200	204	4	6344	727630	754086	1	0
202.489368	200	204	4	6344	727630	754086	1	0
202.499224	200	204	4	6344	727630	754086	1	0
202.513118	200	204	4	6344	727630	754086	1	0
202.523198	200	204	4	6344	727630	754086	1	0
202.533076	200	204	4	6344	727630	754086	1	0
202.539978	200	204	4	6344	727630	754086	1	0
202.553969	200	204	4	6344	727630	754086	1	0
202.562156	200	204	4	6344	727630	754086	1	0
202.571985	200	204	4	6344	727630	754086	1	0
202.585030	200	204	4	6344	727630	754086	1	0
202.595255	200	204	4	6344	727630	754086	1	0
202.606283	200	204	4	6344	727630	754086	1	0
202.614682	200	204	4	6344	727630	754086	1	0
202.622747	200	204	4	6344	727630	754086	1	0
202.632854	200	204	4	6344	727630	754086	1	0
202.643997	200	204	4	6344	727630	754086	1	0
202.651371	200	204	4	6344	727630	754086	1	0
202.662724	200	204	4	6344	727630	754086	1	0
202.672330	200	204	4	6344	727630	754086	1	0
202.679902	200	204	4	6344	727630	754086	1	0
202.688709	200	204	4	6344	727630	754086	1	0
202.701535	200	204	4	6344	727630	754086	1	0
202.709608	200	204	4	6344	727630	754086	1	0
202.715266	200	204	4	6344	727630	754086	1	0
202.725703	200	204	4	6344	727630	754086	1	0
202.735902	200	204	4	6344	727630	754086	1	0
202.743021	200	204	4	6344	727630	754086	1	0
202.756089	200	204	4	6344	727630	754086	1	0
202.769018	200	204	4	6344	727630	754086	1	0
202.776599	200	204	4	6344	727630	754086	1	0
202.787959	200	204	4	6344	727630	754086	1	0
202.802161	200	204	4	6344	727630	754086	1	0
202.809474	200	204	4	6344	727630	754086	1	0
202.822918	200	204	4	6344	727630	754086	1	0
202.837341	200	204	4	6344	727630	754086	1	0
202.844493	200	204	4	6344	727630	754086	1	0
202.855423	200	204	4	6344	727630	754086	1	0
202.869980	200	204	4	6344	727630	754086	1	0
202.884301	200	204	4	6344	727630	754086	1	0
202.894285	200	204	4	6344	727630	754086	1	0
202.908995	200	204	4	6344	727630	754086	1	0
202.915961	200	204	4	6344	727630	754086	1	0
202.924264	200	204	4	6344	727630	754086	1	0
202.934264	200	204	4	6344	727630	754086	1	0
202.947529	200	204	4	6344	727630	754086	1	0
202.954359	200	204	4	6344	727630	754086	1	0
202.963760	200	204	4	6344	727630	754086	1	0
202.976839	200	204	4	6344	727630	754086	1	0
202.988443	200	204	4	6344	727630	754086	1	0
203.000467	200	204	4	6344	727630	754086	1	0
203.006556	200	204	4	6344	727630	754086	1	0
203.016501	200	204	4	6344	727630	754086	1	0
203.026217	200	204	4	6344	727630	754086	1	0
203.040633	200	204	4	6344	727630	754086	1	0
203.048940	200	204	4	6344	727630	754086	1	0
203.054188	200	204	4	6344	727630	754086	1	0
203.067129	200	204	4	6344	727630	754086	1	0
203.080426	200	204	4	6344	727630	754086	1	0
203.092366	200	204	4	6344	727630	754086	1	0
203.098197	200	204	4	6344	727630	754086	1	0
203.105886	200	204	4	6344	727630	754086	1	0
203.115518	200	204	4	6344	727630	754086	1	0
203.126936	200	204	4	6344	727630	754086	1	0
203.136048	200	204	4	6344	727630	754086	1	0
203.142016	200	204	4	6344	727630	754086	1	0
203.151285	200	204	4	6344	727630	754086	1	0
203.156754	200	204	4	6344	727630	754086	1	0
203.171725	200	204	4	6344	727630	754086	1	0
203.180182	200	204	4	6344	727630	754086	1	0
203.189818	200	204	4	6344	727630	754086	1	0
203.196784	200	204	4	6344	727630	754086	1	0
203.209973	200	204	4	6344	727630	754086	1	0
203.216529	200	204	4	6344	727630	754086	1	0
203.229332	200	204	4	6344	727630	754086	1	0
203.237736	200	204	4	6344	727630	754086	1	0
203.251817	200	204	4	6344	727630	754086	1	0
203.261391	200	204	4	6344	727630	754086	1	0
203.276552	200	204	4	6344	727630	754086	1	0
203.286801	200	204	4	6344	727630	754086	1	0
203.301399	200	204	4	6344	727630	754086	1	0
203.316393	200	204	4	6344	727630	754086	1	0
203.330270	200	204	4	6344	727630	754086	1	0
203.341441	200	204	4	6344	727630	754086	1	0
203.349095	200	204	4	6344	727630	754086	1	0
203.363872	200	204	4	6344	727630	754086	1	0
203.369466	200	204	4	6344	727630	754086	1	0
203.383840	200	204	4	6344	727630	754086	1	0
203.389763	200	204	4	6344	727630	754086	1	0
203.394982	200	204	4	6344	727630	754086	1	0
203.404492	200	204	4	6344	727630	754086	1	0
203.416495	200	204	4	6344	727630	754086	1	0
203.423118	200	204	4	6344	727630	754086	1	0
203.433836	200	204	4	6344	727630	754086	1	0
203.448954	200	204	4	6344	727630	754086	1	0
203.457204	200	204	4	6344	727630	754086	1	0
203.469839	200	204	4	6344	727630	754086	1	0
203.476462	200	204	4	6344	727630	754086	1	0
203.482931	200	204	4	6344	727630	754086	1	0
203.497369	200	204	4	6344	727630	754086	1	0
203.507870	200	204	4	6344	727630	754086	1	0
203.520088	200	204	4	6344	727630	754086	1	0
203.533955	200	204	4	6344	727630	754086	1	0
203.544219	200	204	4	6344	727630	754086	1	0
203.557503	200	204	4	6344	727630	754086	1	0
203.567287	200	204	4	6344	727630	754086	1	0
203.581337	200	204	4	6344	727630	754086	1	0
203.587392	200	204	4	6344	727630	754086	1	0
203.599265	200	204	4	6344	727630	754086	1	0
203.607919	200	204	4	6344	727630	754086	1	0
203.620087	200	204	4	6344	727630	754086	1	0
203.630348	200	204	4	6344	727630	754086	1	0
203.643653	200	204	4	6344	727630	754086	1	0
203.655421	200	204	4	6344	727630	754086	1	0
203.663060	200	204	4	6344	727630	754086	1	0
203.672944	200	204	4	6344	727630	754086	1	0
203.688152	200	204	4	6344	727630	754086	1	0
203.699571	200	204	4	6344	727630	754086	1	0
203.706427	200	204	4	6344	727630	754086	1	0
203.721094	200	204	4	6344	727630	754086	1	0
203.728247	200	204	4	6344	727630	754086	1	0
203.742889	200	204	4	6344	727630	754086	1	0
203.751824	200	204	4	6344	727630	754086	1	0
203.759600	200	204	4	6344	727630	754086	1	0
203.765521	200	204	4	6344	727630	754086	1	0
203.780185	200	204	4	6344	727630	754086	1	0
203.792261	200	204	4	6344	727630	754086	1	0
203.802618	200	204	4	6344	727630	754086	1	0
203.813201	200	204	4	6344	727630	754086	1	0
203.820914	200	204	4	6344	727630	754086	1	0
203.829629	200	204	4	6344	727630	754086	1	0
203.843559	200	204	4	6344	727630	754086	1	0
203.848994	200	204	4	6344	727630	754086	1	0
203.856255	200	204	4	6344	727630	754086	1	0
203.869570	200	204	4	6344	727630	754086	1	0
203.884298	200	204	4	6344	727630	754086	1	0
203.891536	200	204	4	6344	727630	754086	1	0
203.899645	200	204	4	6344	727630	754086	1	0
203.905280	200	204	4	6344	727630	754086	1	0
203.917697	200	204	4	6344	727630	754086	1	0
203.924612	200	204	4	6344	727630	754086	1	0
203.933362	200	204	4	6344	727630	754086	1	0
203.939437	200	204	4	6344	727630	754086	1	0
203.951003	200	204	4	6344	727630	754086	1	0
203.958177	200	204	4	6344	727630	754086	1	0
203.972038	200	204	4	6344	727630	754086	1	0
203.980174	200	204	4	6344	727630	754086	1	0
203.990604	200	204	4	6344	727630	754086	1	0
204.003542	200	204	4	6344	727630	754086	1	0
204.013510	200	204	4	6344	727630	754086	1	0
204.024238	200	204	4	6344	727630	754086	1	0
204.031536	200	204	4	6344	727630	754086	1	0
204.040948	200	204	4	6344	727630	754086	1	0
204.047143	200	204	4	6344	727630	754086	1	0
204.061913	200	204	4	6344	727630	754086	1	0
204.073877	200	204	4	6344	727630	754086	1	0
204.086465	200	204	4	6344	727630	754086	1	0
204.097687	200	204	4	6344	727630	754086	1	0
204.108493	200	204	4	6344	727630	754086	1	0
204.122218	200	204	4	6344	727630	754086	1	0
204.131257	200	204	4	6344	727630	754086	1	0
204.144362	200	204	4	6344	727686	754086	1	0
204.159375	200	204	4	6344	727686	754086	1	0
204.173964	200	204	4	6344	727686	754086	1	0
204.189138	200	204	4	6344	727686	754086	1	0
204.199289	200	204	4	6344	727686	754086	1	0
204.212963	200	204	4	6344	727686	754086	1	0
204.221563	200	204	4	6344	727686	754086	1	0
204.234397	200	204	4	6344	727686	754086	1	0
204.241259	200	204	4	6344	727686	754086	1	0
204.249606	200	204	4	6344	727686	754086	1	0
204.261845	200	204	4	6344	727686	754086	1	0
204.276329	200	204	4	6344	727686	754086	1	0
204.285718	200	204	4	6344	727686	754086	1	0
204.296565	200	204	4	6344	727686	754086	1	0
204.308478	200	204	4	6344	727686	754086	1	0
204.315867	200	204	4	6344	727686	754086	1	0
204.324192	200	204	4	6344	727686	754086	1	0
204.332068	200	204	4	6344	727686	754086	1	0
204.344824	200	204	4	6344	727686	754086	1	0
204.356040	200	204	4	6344	727686	754086	1	0
204.368685	200	204	4	6344	727686	754086	1	0
204.375454	200	204	4	6344	727686	754086	1	0
204.387975	200	204	4	6344	727686	754086	1	0
204.394609	200	204	4	6344	727686	754086	1	0
204.409584	200	204	4	6344	727686	754086	1	0
204.420499	200	204	4	6344	727686	754086	1	0
204.432823	200	204	4	6344	727686	754086	1	0
204.445361	200	204	4	6344	727686	754086	1	0
204.453973	200	204	4	6344	727686	754086	1	0
204.459299	200	204	4	6344	727686	754086	1	0
204.464547	200	204	4	6344	727686	754086	1	0
204.475630	200	204	4	6344	727686	754086	1	0
204.486288	200	204	4	6344	727686	754086	1	0
204.499699	200	204	4	6344	727686	754086	1	0
204.511145	200	204	4	6344	727686	754086	1	0
204.525752	200	204	4	6344	727686	754086	1	0
204.531216	200	204	4	6344	727686	754086	1	0
204.544099	200	204	4	6344	727686	754086	1	0
204.555379	200	204	4	6344	727686	754086	1	0
204.570541	200	204	4	6344	727686	754086	1	0
204.582331	200	204	4	6344	727686	754086	1	0
204.596532	200	204	4	6344	727686	754086	1	0
204.610582	200	204	4	6344	727686	754086	1	0
204.623544	200	204	4	6344	727686	754086	1	0
204.634211	200	204	4	6344	727686	754086	1	0
204.647307	200	204	4	6344	727686	754086	1	0
204.652564	200	204	4	6344	727686	754086	1	0
204.661253	200	204	4	6344	727686	754086	1	0
204.676088	200	204	4	6345	727686	754086	1	0
204.690193	200	204	4	6345	727686	754086	1	0
204.697903	200	204	4	6345	727686	754086	1	0
204.712743	200	204	4	6345	727686	754086	1	0
204.723626	200	204	4	6345	727686	754086	1	0
204.736145	200	204	4	6345	727686	754086	1	0
204.744275	200	204	4	6345	727686	754086	1	0
204.757772	200	204	4	6345	727686	754086	1	0
204.770366	200	204	4	6345	727686	754086	1	0
204.777516	200	204	4	6345	727686	754086	1	0
204.792226	200	204	4	6345	727686	754086	1	0
204.800191	200	204	4	6345	727686	754086	1	0
204.810910	200	204	4	6345	727686	754086	1	0
204.820232	200	204	4	6345	727686	754086	1	0
204.829972	200	204	4	6345	727686	754086	1	0
204.836797	200	204	4	6345	727686	754086	1	0
204.850711	200	204	4	6345	727686	754086	1	0
204.862462	200	204	4	6345	727686	754086	1	0
204.872873	200	204	4	6345	727686	754086	1	0
204.881539	200	204	4	6345	727686	754086	1	0
204.890677	200	204	4	6345	727686	754086	1	0
204.902730	200	204	4	6345	727686	754086	1	0
204.910127	200	204	4	6345	727686	754086	1	0
204.922832	200	204	4	6345	727686	754086	1	0
204.928767	200	204	4	6345	727686	754086	1	0
204.938589	200	204	4	6345	727686	754086	1	0
204.946346	200	204	4	6345	727686	754086	1	0
204.954054	200	204	4	6345	727686	754086	1	0
204.963315	200	204	4	6345	727686	754086	1	0
204.976325	200	204	4	6345	727686	754086	1	0
204.982557	200	204	4	6345	727686	754086	1	0
204.992461	200	204	4	6345	727686	754086	1	0
205.002044	200	204	4	6345	727686	754086	1	0
205.007816	200	204	4	6345	727686	754086	1	0
205.013778	200	204	4	6345	727686	754086	1	0
205.027189	200	204	4	6345	727686	754086	1	0
205.041928	200	204	4	6345	727686	754086	1	0
205.055562	200	204	4	6345	727686	754086	1	0
205.066620	200	204	4	6345	727686	754086	1	0
205.079225	200	204	4	6345	727686	754086	1	0
205.092924	200	204	4	6345	727686	754086	1	0
205.103741	200	204	4	6345	727686	754086	1	0
205.110583	200	204	4	6345	727686	754086	1	0
205.119000	200	204	4	6345	727686	754086	1	0
205.131535	200	204	4	6345	727686	754086	1	0
205.139368	200	204	4	6345	727686	754086	1	0
205.149160	200	204	4	6345	727686	754086	1	0
205.162880	200	204	4	6345	727686	754086	1	0
205.174029	200	204	4	6345	727686	754086	1	0
205.186995	200	204	4	6345	727686	754086	1	0
205.192536	200	204	4	6345	727686	754086	1	0
205.199147	200	204	4	6345	727686	754086	1	0
205.211136	200	204	4	6345	727686	754086	1	0
205.223498	200	204	4	6345	727686	754086	1	0
205.230917	200	204	4	6345	727686	754086	1	0
205.244982	200	204	4	6345	727686	754086	1	0
205.257899	200	204	4	6345	727686	754086	1	0
205.268215	200	204	4	6345	727686	754086	1	0
205.279782	200	204	4	6345	727686	754086	1	0
205.291664	200	204	4	6345	727686	754086	1	0
205.297370	200	204	4	6345	727686	754086	1	0
205.307195	200	204	4	6345	727686	754086	1	0
205.317111	200	204	4	6345	727686	754086	1	0
205.332132	200	204	4	6345	727686	754086	1	0
205.340816	200	204	4	6345	727686	754086	1	0
205.346573	200	204	4	6345	727686	754086	1	0
205.356936	200	204	4	6345	727686	754086	1	0
205.370955	200	204	4	6345	727686	754086	1	0
205.377732	200	204	4	6345	727686	754086	1	0
205.384351	200	204	4	6345	727686	754086	1	0
205.392297	200	204	4	6345	727686	754086	1	0
205.397989	200	204	4	6345	727686	754086	1	0
205.410492	200	204	4	6345	727686	754086	1	0
205.421041	200	204	4	6345	727686	754086	1	0
205.427810	200	204	4	6345	727686	754086	1	0
205.434088	200	204	4	6346	727686	754086	1	0
205.447616	200	204	4	6346	727686	754086	1	0
205.462199	200	204	4	6346	727686	754086	1	0
205.472320	200	204	4	6346	727686	754086	1	0
205.478747	200	204	4	6346	727686	754086	1	0
205.487997	200	204	4	6346	727686	754086	1	0
205.502684	200	204	4	6346	727686	754086	1	0
205.509562	200	204	4	6346	727686	754086	1	0
205.519121	200	204	4	6346	727686	754086	1	0
205.532007	200	204	4	6346	727686	754086	1	0
205.546184	200	204	4	6346	727686	754086	1	0
205.552432	200	204	4	6346	727686	754086	1	0
205.558753	200	204	4	6346	727686	754086	1	0
205.573049	200	204	4	6346	727686	754086	1	0
205.581195	200	204	4	6346	727686	754086	1	0
205.593696	200	204	4	6346	727686	754086	1	0
205.608751	200	204	4	6346	727686	754086	1	0
205.619171	200	204	4	6346	727686	754086	1	0
205.626271	200	204	4	6346	727686	754086	1	0
205.637013	200	204	4	6346	727686	754086	1	0
205.647532	200	204	4	6346	727686	754086	1	0
205.654364	200	204	4	6346	727686	754086	1	0
205.667873	200	204	4	6346	727686	754086	1	0
205.677489	200	204	4	6346	727686	754086	1	0
205.684664	200	204	4	6346	727686	754086	1	0
205.695383	200	204	4	6346	727686	754086	1	0
205.702937	200	204	4	6346	727686	754086	1	0
205.715528	200	204	4	6346	727686	754086	1	0
205.729750	200	204	4	6346	727686	754086	1	0
205.740202	200	204	4	6346	727686	754086	1	0
205.747151	200	204	4	6346	727686	754086	1	0
205.760105	200	204	4	6346	727686	754086	1	0
205.770929	200	204	4	6346	727686	754086	1	0
205.779881	200	204	4	6346	727686	754086	1	0
205.791007	200	204	4	6346	727686	754086	1	0
205.800804	200	204	4	6346	727686	754086	1	0
205.812609	200	204	4	6346	727686	754086	1	0
205.823566	200	204	4	6346	727686	754086	1	0
205.838591	200	204	4	6346	727686	754086	1	0
205.846744	200	204	4	6346	727686	754086	1	0
205.853985	200	204	4	6346	727686	754086	1	0
205.865582	200	204	4	6346	727686	754086	1	0
205.880648	200	204	4	6346	727686	754086	1	0
205.888099	200	204	4	6346	727686	754086	1	0
205.899538	200	204	4	6346	727686	754086	1	0
205.913355	200	204	4	6346	727686	754086	1	0
205.927552	200	204	4	6346	727686	754086	1	0
205.937085	200	204	4	6346	727686	754086	1	0
205.946147	200	204	4	6346	727686	754086	1	0
205.954898	200	204	4	6346	727686	754086	1	0
205.964940	200	204	4	6346	727686	754086	1	0
205.972468	200	204	4	6346	727686	754086	1	0
205.981316	200	204	4	6346	727686	754086	1	0
205.993193	200	204	4	6346	727686	754086	1	0
206.004492	200	204	4	6346	727686	754086	1	0
206.019300	200	204	4	6346	727686	754086	1	0
206.029549	200	204	4	6346	727686	754086	1	0
206.044048	200	204	4	6346	727686	754086	1	0
206.051810	200	204	4	6346	727686	754086	1	0
206.057452	200	204	4	6346	727686	754086	1	0
206.069326	200	204	4	6346	727686	754086	1	0
206.075082	200	204	4	6346	727686	754086	1	0
206.083655	200	204	4	6346	727686	754086	1	0
206.090400	200	204	4	6346	727686	754086	1	0
206.100688	200	204	4	6346	727686	754086	1	0
206.111709	200	204	4	6346	727686	754086	1	0
206.126130	200	204	4	6346	727686	754086	1	0
206.140390	200	204	4	6346	727686	754086	1	0
206.149451	200	204	4	6346	727686	754086	1	0
206.162391	200	204	4	6346	727686	754086	1	0
206.175364	200	204	4	6346	727686	754086	1	0
206.184447	200	204	4	6346	727686	754086	1	0
206.193355	200	204	4	6346	727686	754086	1	0
206.201160	200	204	4	6346	727686	754086	1	0
206.213886	200	204	4	6346	727686	754086	1	0
206.221483	200	204	4	6346	727686	754086	1	0
206.234461	200	204	4	6346	727686	754086	1	0
206.245544	200	204	4	6346	727686	754086	1	0
206.260130	200	204	4	6346	727686	754086	1	0
206.273925	200	204	4	6346	727686	754086	1	0
206.285604	200	204	4	6346	727686	754086	1	0
206.292848	200	204	4	6346	727686	754086	1	0
206.304072	200	204	4	6346	727686	754086	1	0
206.310280	200	204	4	6346	727686	754086	1	0
206.325209	200	204	4	6346	727686	754086	1	0
206.340353	200	204	4	6346	727686	754086	1	0
206.347316	200	204	4	6346	727686	754086	1	0
206.355026	200	204	4	6346	727686	754086	1	0
206.363818	200	204	4	6346	727686	754086	1	0
206.370317	200	204	4	6346	727686	754086	1	0
206.380645	200	204	4	6347	727686	754086	1	0
206.389405	200	204	4	6347	727686	754086	1	0
206.396066	200	204	4	6347	727686	754086	1	0
206.411180	200	204	4	6347	727686	754086	1	0
206.420863	200	204	4	6347	727686	754086	1	0
206.432323	200	204	4	6347	727686	754086	1	0
206.446087	200	204	4	6347	727686	754086	1	0
206.455375	200	204	4	6347	727686	754086	1	0
206.463554	200	204	4	6347	727686	754086	1	0
206.473119	200	204	4	6347	727686	754086	1	0
206.480076	200	204	4	6347	727686	754086	1	0
206.489939	200	204	4	6347	727686	754086	1	0
206.495319	200	204	4	6347	727686	754086	1	0
206.505830	200	204	4	6347	727686	754086	1	0
206.512893	200	204	4	6347	727686	754086	1	0
206.522231	200	204	4	6347	727686	754086	1	0
206.531582	200	204	4	6347	727686	754086	1	0
206.538130	200	204	4	6347	727686	754086	1	0
206.547890	200	204	4	6347	727686	754086	1	0
206.562793	200	204	4	6347	727686	754086	1	0
206.576264	200	204	4	6347	727686	754086	1	0
206.583010	200	204	4	6347	727686	754086	1	0
206.596694	200	204	4	6347	727686	754086	1	0
206.604846	200	204	4	6347	727686	754086	1	0
206.616799	200	204	4	6347	727686	754086	1	0
206.625717	200	204	4	6347	727686	754086	1	0
206.640164	200	204	4	6347	727686	754086	1	0
206.649240	200	204	4	6347	727686	754086	1	0
206.661818	200	204	4	6347	727686	754086	1	0
206.673909	200	204	4	6347	727686	754086	1	0
206.682536	200	204	4	6347	727686	754086	1	0
206.690692	200	204	4	6347	727686	754086	1	0
206.705453	200	204	4	6347	727686	754086	1	0
206.720441	200	204	4	6347	727686	754086	1	0
206.732817	200	204	4	6347	727686	754086	1	0
206.739641	200	204	4	6347	727686	754086	1	0
206.751646	200	204	4	6347	727686	754086	1	0
206.762487	200	204	4	6347	727686	754086	1	0
206.775090	200	204	4	6347	727686	754086	1	0
206.789463	200	204	4	6347	727686	754086	1	0
206.794765	200	204	4	6347	727686	754086	1	0
206.801071	200	204	4	6347	727686	754086	1	0
206.807829	200	204	4	6347	727686	754086	1	0
206.814602	200	204	4	6347	727686	754086	1	0
206.828802	200	204	4	6347	727686	754086	1	0
206.840169	200	204	4	6347	727686	754086	1	0
206.853609	200	204	4	6347	727686	754086	1	0
206.867928	200	204	4	6347	727686	754086	1	0
206.879069	200	204	4	6347	727686	754086	1	0
206.888719	200	204	4	6347	727686	754086	1	0
206.903028	200	204	4	6347	727686	754086	1	0
206.913790	200	204	4	6347	727686	754086	1	0
206.920863	200	204	4	6347	727686	754086	1	0
206.933785	200	204	4	6347	727686	754086	1	0
206.943948	200	204	4	6347	727686	754086	1	0
206.955050	200	204	4	6347	727686	754086	1	0
206.969500	200	204	4	6347	727686	754086	1	0
206.984151	200	204	4	6347	727686	754086	1	0
206.995497	200	204	4	6347	727686	754086	1	0
207.009209	200	204	4	6347	727686	754086	1	0
207.020936	200	204	4	6347	727686	754086	1	0
207.031094	200	204	4	6347	727686	754086	1	0
207.040650	200	204	4	6347	727686	754086	1	0
207.054601	200	204	4	6347	727686	754086	1	0
207.066779	200	204	4	6347	727686	754086	1	0
207.074468	200	204	4	6347	727686	754086	1	0
207.082591	200	204	4	6347	727686	754086	1	0
207.090649	200	204	4	6347	727686	754086	1	0
207.100739	200	204	4	6347	727686	754086	1	0
207.111537	200	204	4	6347	727686	754086	1	0
207.124809	200	204	4	6347	727686	754086	1	0
207.134010	200	204	4	6347	727686	754086	1	0
207.144817	200	204	4	6347	727686	754086	1	0
207.158558	200	204	4	6347	727686	754086	1	0
207.172724	200	204	4	6347	727686	754086	1	0
207.187450	200	204	4	6347	727686	754086	1	0
207.198090	200	204	4	6347	727686	754086	1	0
207.205698	200	204	4	6348	727686	754086	1	0
207.213794	200	204	4	6348	727686	754086	1	0
207.221459	200	204	4	6348	727686	754086	1	0
207.230260	200	204	4	6348	727686	754086	1	0
207.241964	200	204	4	6348	727686	754086	1	0
207.249844	200	204	4	6348	727686	754086	1	0
207.258112	200	204	4	6348	727686	754086	1	0
207.272116	200	204	4	6348	727686	754086	1	0
207.284500	200	204	4	6348	727686	754086	1	0
207.297681	200	204	4	6348	727686	754086	1	0
207.309620	200	204	4	6348	727686	754086	1	0
207.317554	200	204	4	6348	727686	754086	1	0
207.328169	200	204	4	6348	727686	754086	1	0
207.337157	200	204	4	6348	727686	754086	1	0
207.344693	200	204	4	6348	727686	754086	1	0
207.350102	200	204	4	6348	727686	754086	1	0
207.360190	200	204	4	6348	727686	754086	1	0
207.369687	200	204	4	6348	727686	754086	1	0
207.384395	200	204	4	6348	727686	754086	1	0
207.395276	200	204	4	6348	727686	754086	1	0
207.409043	200	204	4	6348	727686	754086	1	0
207.417040	200	204	4	6348	727686	754086	1	0
207.422284	200	204	4	6348	727686	754086	1	0
207.435740	200	204	4	6348	727686	754086	1	0
207.448382	200	204	4	6348	727686	754086	1	0
207.455394	200	204	4	6348	727686	754086	1	0
207.468625	200	204	4	6348	727686	754086	1	0
207.478751	200	204	4	6348	727686	754086	1	0
207.492411	200	204	4	6348	727686	754086	1	0
207.505718	200	204	4	6348	727686	754086	1	0
207.514196	200	204	4	6348	727686	754086	1	0
207.520533	200	204	4	6348	727686	754086	1	0
207.533413	200	204	4	6348	727686	754086	1	0
207.543047	200	204	4	6348	727686	754086	1	0
207.553795	200	204	4	6348	727686	754086	1	0
207.565855	200	204	4	6348	727686	754086	1	0
207.578492	200	204	4	6348	727686	754086	1	0
207.586938	200	204	4	6348	727686	754086	1	0
207.601389	200	204	4	6348	727686	754086	1	0
207.614886	200	204	4	6348	727686	754086	1	0
207.622735	200	204	4	6348	727686	754086	1	0
207.632412	200	204	4	6348	727686	754086	1	0
207.644827	200	204	4	6348	727686	754086	1	0
207.652455	200	204	4	6348	727686	754086	1	0
207.658349	200	204	4	6348	727686	754086	1	0
207.664334	200	204	4	6348	727686	754086	1	0
207.672653	200	204	4	6348	727686	754086	1	0
207.681160	200	204	4	6348	727686	754086	1	0
207.689505	200	204	4	6348	727686	754086	1	0
207.701341	200	204	4	6348	727686	754086	1	0
207.707101	200	204	4	6348	727686	754086	1	0
207.722209	200	204	4	6348	727686	754086	1	0
207.729262	200	204	4	6348	727686	754086	1	0
207.740705	200	204	4	6348	727686	754086	1	0
207.750764	200	204	4	6348	727686	754086	1	0
207.764355	200	204	4	6348	727686	754086	1	0
207.773950	200	204	4	6348	727686	754086	1	0
207.781650	200	204	4	6348	727686	754086	1	0
207.788168	200	204	4	6348	727686	754086	1	0
207.801401	200	204	4	6348	727686	754086	1	0
207.809471	200	204	4	6348	727686	754086	1	0
207.824477	200	204	4	6348	727686	754086	1	0
207.833817	200	204	4	6348	727686	754086	1	0
207.839700	200	204	4	6348	727686	754086	1	0
207.850610	200	204	4	6348	727686	754086	1	0
207.859661	200	204	4	6348	727686	754086	1	0
207.867619	200	204	4	6348	727686	754086	1	0
207.880489	200	204	4	6348	727686	754086	1	0
207.886053	200	204	4	6348	727686	754086	1	0
207.897877	200	204	4	6348	727686	754086	1	0
207.907062	200	204	4	6348	727686	754086	1	0
207.915255	200	204	4	6348	727686	754086	1	0
207.924562	200	204	4	6348	727686	754086	1	0
207.933819	200	204	4	6348	727686	754086	1	0
207.939420	200	204	4	6348	727686	754086	1	0
207.946014	200	204	4	6348	727686	754086	1	0
207.960665	200	204	4	6348	727686	754086	1	0
207.975806	200	204	4	6348	727686	754086	1	0
207.985256	200	204	4	6348	727686	754086	1	0
207.990772	200	204	4	6348	727686	754086	1	0
208.003347	200	204	4	6349	727686	754086	1	0
208.018420	200	204	4	6349	727686	754086	1	0
208.027541	200	204	4	6349	727686	754086	1	0
208.037041	200	204	4	6349	727686	754086	1	0
208.048556	200	204	4	6349	727686	754086	1	0
208.059582	200	204	4	6349	727686	754086	1	0
208.069011	200	204	4	6349	727686	754086	1	0
208.080252	200	204	4	6349	727686	754086	1	0
208.086413	200	204	4	6349	727686	754086	1	0
208.092937	200	204	4	6349	727686	754086	1	0
208.104269	200	204	4	6349	727686	754086	1	0
208.117491	200	204	4	6349	727686	754086	1	0
208.125491	200	204	4	6349	727686	754086	1	0
208.136773	200	204	4	6349	727686	754086	1	0
208.148258	200	204	4	6349	727686	754086	1	0
208.156139	200	204	4	6349	727686	754086	1	0
208.164851	200	204	4	6349	727686	754086	1	0
208.173907	200	204	4	6349	727686	754086	1	0
208.188995	200	204	4	6349	727686	754086	1	0
208.203436	200	204	4	6349	727686	754086	1	0
208.214577	200	204	4	6349	727686	754086	1	0
208.223033	200	204	4	6349	727686	754086	1	0
208.236779	200	204	4	6349	727686	754086	1	0
208.249614	200	204	4	6349	727686	754086	1	0
208.260721	200	204	4	6349	727686	754086	1	0
208.268077	200	204	4	6349	727686	754086	1	0
208.273773	200	204	4	6349	727686	754086	1	0
208.285793	200	204	4	6349	727686	754086	1	0
208.299122	200	204	4	6349	727686	754086	1	0
208.305368	200	204	4	6349	727686	754086	1	0
208.312439	200	204	4	6349	727686	754086	1	0
208.322929	200	204	4	6349	727686	754086	1	0
208.328343	200	204	4	6349	727686	754086	1	0
208.340296	200	204	4	6349	727686	754086	1	0
208.349910	200	204	4	6349	727686	754086	1	0
208.358843	200	204	4	6349	727686	754086	1	0
208.365160	200	204	4	6349	727686	754086	1	0
208.379222	200	204	4	6349	727686	754086	1	0
208.391843	200	204	4	6349	727686	754086	1	0
208.397926	200	204	4	6349	727686	754086	1	0
208.404946	200	204	4	6349	727686	754086	1	0
208.410712	200	204	4	6349	727686	754086	1	0
208.417422	200	204	4	6349	727686	754086	1	0
208.429903	200	204	4	6349	727686	754086	1	0
208.443414	200	204	4	6349	727686	754086	1	0
208.450512	200	204	4	6349	727686	754086	1	0
208.460361	200	204	4	6349	727686	754086	1	0
208.475494	200	204	4	6349	727686	754086	1	0
208.480683	200	204	4	6349	727686	754086	1	0
208.493299	200	204	4	6349	727686	754086	1	0
208.499185	200	204	4	6349	727686	754086	1	0
208.513207	200	204	4	6349	727686	754086	1	0
208.527111	200	204	4	6349	727686	754086	1	0
208.533772	200	204	4	6349	727686	754086	1	0
208.546519	200	204	4	6349	727686	754086	1	0
208.553681	200	204	4	6349	727686	754086	1	0
208.564971	200	204	4	6349	727686	754086	1	0
208.578119	200	204	4	6349	727686	754086	1	0
208.586017	200	204	4	6349	727686	754086	1	0
208.599936	200	204	4	6349	727686	754086	1	0
208.607674	200	204	4	6349	727686	754086	1	0
208.619140	200	204	4	6349	727686	754086	1	0
208.632230	200	204	4	6349	727686	754086	1	0
208.642434	200	204	4	6349	727686	754086	1	0
208.651623	200	204	4	6349	727686	754086	1	0
208.659445	200	204	4	6349	727686	754086	1	0
208.665610	200	204	4	6349	727686	754086	1	0
208.677157	200	204	4	6349	727686	754086	1	0
208.691358	200	204	4	6349	727686	754086	1	0
208.700934	200	204	4	6349	727686	754086	1	0
208.712084	200	204	4	6349	727686	754086	1	0
208.723705	200	204	4	6349	727686	754086	1	0
208.729803	200	204	4	6349	727686	754086	1	0
208.741446	200	204	4	6349	727686	754086	1	0
208.751734	200	204	4	6349	727686	754086	1	0
208.762878	200	204	4	6349	727686	754086	1	0
208.770004	200	204	4	6349	727686	754086	1	0
208.780259	200	204	4	6349	727686	754086	1	0
208.794919	200	204	4	6349	727686	754086	1	0
208.805138	200	204	4	6349	727686	754086	1	0
208.815104	200	204	4	6349	727686	754086	1	0
208.823930	200	204	4	6349	727686	754086	1	0
208.835461	200	204	4	6349	727686	754086	1	0
208.850545	200	204	4	6349	727686	754086	1	0
208.858532	200	204	4	6349	727686	754086	1	0
208.867618	200	204	4	6349	727686	754086	1	0
208.881092	200	204	4	6350	727686	754086	1	0
208.888465	200	204	4	6350	727686	754086	1	0
208.898365	200	204	4	6350	727686	754086	1	0
208.911893	200	204	4	6350	727686	754086	1	0
208.918646	200	204	4	6350	727686	754086	1	0
208.932634	200	204	4	6350	727686	754086	1	0
208.944596	200	204	4	6350	727686	754086	1	0
208.952436	200	204	4	6350	727686	754086	1	0
208.960225	200	204	4	6350	727686	754086	1	0
208.967049	200	204	4	6350	727686	754086	1	0
208.981026	200	204	4	6350	727686	754086	1	0
208.989258	200	204	4	6350	727686	754086	1	0
208.999567	200	204	4	6350	727686	754086	1	0
209.008968	200	204	4	6350	727686	754086	1	0
209.022915	200	204	4	6350	727686	754086	1	0
209.030570	200	204	4	6350	727686	754086	1	0
209.036143	200	204	4	6350	727686	754086	1	0
209.041761	200	204	4	6350	727686	754086	1	0
209.054970	200	204	4	6350	727686	754086	1	0
209.066623	200	204	4	6350	727686	754086	1	0
209.076740	200	204	4	6350	727686	754086	1	0
209.083462	200	204	4	6350	727686	754086	1	0
209.090024	200	204	4	6350	727686	754086	1	0
209.103629	200	204	4	6350	727686	754086	1	0
209.112516	200	204	4	6350	727686	754086	1	0
209.119426	200	204	4	6350	727686	754086	1	0
209.128849	200	204	4	6350	727686	754086	1	0
209.139643	200	204	4	6350	727686	754086	1	0
209.147673	200	204	4	6350	727686	754086	1	0
209.161026	200	204	4	6350	727686	754086	1	0
209.169893	200	204	4	6350	727686	754086	1	0
209.177543	200	204	4	6350	727686	754086	1	0
209.190726	200	204	4	6350	727686	754086	1	0
209.198803	200	204	4	6350	727686	754086	1	0
209.208942	200	204	4	6350	727686	754086	1	0
209.222353	200	204	4	6350	727686	754086	1	0
209.233090	200	204	4	6350	727686	754086	1	0
209.240420	200	204	4	6350	727686	754086	1	0
209.252807	200	204	4	6350	727686	754086	1	0
209.266317	200	204	4	6350	727686	754086	1	0
209.271986	200	204	4	6350	727686	754086	1	0
209.278348	200	204	4	6350	727686	754086	1	0
209.285348	200	204	4	6350	727686	754086	1	0
209.290712	200	204	4	6350	727686	754086	1	0
209.299243	200	204	4	6350	727686	754086	1	0
209.308993	200	204	4	6350	727686	754086	1	0
209.319816	200	204	4	6350	727686	754086	1	0
209.329625	200	204	4	6350	727686	754086	1	0
209.335830	200	204	4	6350	727686	754086	1	0
209.341239	200	204	4	6350	727686	754086	1	0
209.348498	200	204	4	6350	727686	754086	1	0
209.362511	200	204	4	6350	727686	754086	1	0
209.371266	200	204	4	6350	727686	754086	1	0
209.385588	200	204	4	6350	727686	754086	1	0
209.390895	200	204	4	6350	727686	754086	1	0
209.400317	200	204	4	6350	727686	754086	1	0
209.406409	200	204	4	6350	727686	754086	1	0
209.422424	200	204	4	6350	727686	754086	1	0
209.443064	200	204	4	6350	727686	754086	1	0
209.452581	200	204	4	6350	727686	754086	1	0
209.465132	200	204	4	6350	727686	754086	1	0
209.478494	200	204	4	6350	727686	754086	1	0
209.487840	200	204	4	6350	727686	754086	1	0
209.494680	200	204	4	6350	727686	754086	1	0
209.509698	200	204	4	6350	727686	754086	1	0
209.523771	200	204	4	6350	727686	754086	1	0
209.531036	200	204	4	6350	727686	754086	1	0
209.537748	200	204	4	6350	727686	754086	1	0
209.549571	200	204	4	6350	727686	754086	1	0
209.562039	200	204	4	6350	727686	754086	1	0
209.569327	200	204	4	6350	727686	754086	1	0
209.580485	200	204	4	6350	727686	754086	1	0
209.588081	200	204	4	6350	727686	754086	1	0
209.600193	200	204	4	6350	727686	754086	1	0
209.615132	200	204	4	6350	727686	754086	1	0
209.627739	200	204	4	6350	727686	754086	1	0
209.642776	200	204	4	6350	727686	754086	1	0
209.656187	200	204	4	6350	727686	754086	1	0
209.666920	200	204	4	6350	727686	754086	1	0
209.679671	200	204	4	6350	727686	754086	1	0
209.687382	200	204	4	6350	727686	754086	1	0
209.694747	200	204	4	6352	727686	754086	1	0
209.700816	200	204	4	6352	727686	754086	1	0
209.708098	200	204	4	6352	727686	754086	1	0
209.715209	200	204	4	6352	727686	754086	1	0
209.727304	200	204	4	6352	727686	754086	1	0
209.737377	200	204	4	6352	727686	754086	1	0
209.746449	200	204	4	6352	727686	754086	1	0
209.751685	200	204	4	6352	727686	754086	1	0
209.757522	200	204	4	6352	727686	754086	1	0
209.766026	200	204	4	6352	727686	754086	1	0
209.779973	200	204	4	6352	727686	754086	1	0
209.786508	200	204	4	6352	727686	754086	1	0
209.801047	200	204	4	6352	727686	754086	1	0
209.810988	200	204	4	6352	727686	754086	1	0
209.822266	200	204	4	6352	727686	754086	1	0
209.836149	200	204	4	6352	727686	754086	1	0
209.849913	200	204	4	6352	727686	754086	1	0
209.860301	200	204	4	6352	727686	754086	1	0
209.872908	200	204	4	6352	727686	754086	1	0
209.885403	200	204	4	6352	727686	754086	1	0
209.892816	200	204	4	6352	727686	754086	1	0
209.902264	200	204	4	6352	727686	754086	1	0
209.913417	200	204	4	6352	727686	754086	1	0
209.922274	200	204	4	6352	727686	754086	1	0
209.935829	200	204	4	6352	727686	754086	1	0
209.944544	200	204	4	6352	727686	754086	1	0
209.955617	200	204	4	6352	727686	754086	1	0
209.961336	200	204	4	6352	727686	754086	1	0
209.974535	200	204	4	6352	727686	754086	1	0
209.983616	200	204	4	6352	727686	754086	1	0
209.993534	200	204	4	6352	727686	754086	1	0
210.001666	200	204	4	6352	727686	754086	1	0
210.016385	200	204	4	6352	727686	754086	1	0
210.025840	200	204	4	6352	727686	754086	1	0
210.036002	200	204	4	6352	727686	754086	1	0
210.049559	200	204	4	6352	727686	754086	1	0
210.061612	200	204	4	6352	727686	754086	1	0
210.069049	200	204	4	6352	727686	754086	1	0
210.075262	200	204	4	6352	727686	754086	1	0
210.089203	200	204	4	6352	727686	754086	1	0
210.099866	200	204	4	6352	727686	754086	1	0
210.110424	200	204	4	6352	727686	754086	1	0
210.115970	200	204	4	6352	727686	754086	1	0
210.129050	200	204	4	6352	727686	754086	1	0
210.144206	200	204	4	6352	727686	754086	1	0
210.157518	200	204	4	6352	727686	754086	1	0
210.164327	200	204	4	6352	727686	754086	1	0
210.174618	200	204	4	6352	727686	754086	1	0
210.186314	200	204	4	6352	727686	754086	1	0
210.195006	200	204	4	6352	727686	754086	1	0
210.209133	200	204	4	6352	727686	754086	1	0
210.223559	200	204	4	6352	727686	754086	1	0
210.237973	200	204	4	6352	727686	754086	1	0
210.250906	200	204	4	6352	727686	754086	1	0
210.258082	200	204	4	6352	727686	754086	1	0
210.270733	200	204	4	6352	727686	754086	1	0
210.282249	200	204	4	6352	727686	754086	1	0
210.289751	200	204	4	6352	727686	754086	1	0
210.297184	200	204	4	6352	727686	754086	1	0
210.309681	200	204	4	6352	727686	754086	1	0
210.322241	200	204	4	6352	727686	754086	1	0
210.333502	200	204	4	6352	727686	754086	1	0
210.344489	200	204	4	6352	727686	754086	1	0
210.354250	200	204	4	6352	727686	754086	1	0
210.368705	200	204	4	6352	727686	754086	1	0
210.379185	200	204	4	6352	727686	754086	1	0
210.388017	200	204	4	6352	727686	754086	1	0
210.393188	200	204	4	6352	727686	754086	1	0
210.406116	200	204	4	6352	727686	754086	1	0
210.418157	200	204	4	6352	727686	754086	1	0
210.432320	200	204	4	6352	727686	754086	1	0
210.438225	200	204	4	6352	727686	754086	1	0
210.450941	200	204	4	6352	727686	754086	1	0
210.464136	200	204	4	6352	727686	754086	1	0
210.476632	200	204	4	6352	727686	754086	1	0
210.490346	200	204	4	6352	727686	754086	1	0
210.501776	200	204	4	6352	727686	754086	1	0
210.516116	200	204	4	6352	727686	754086	1	0
210.526812	200	204	4	6352	727686	754086	1	0
210.537351	200	204	4	6352	727686	754086	1	0
210.546350	200	204	4	6352	727686	754086	1	0
210.559032	200	204	4	6352	727686	754086	1	0
210.574238	200	204	4	6352	727686	754086	1	0
210.580430	200	204	4	6352	727686	754086	1	0
210.879494	200	204	4	6352	727686	754086	1	0
210.893680	200	204	4	6352	727686	754086	1	0
210.906943	200	204	4	6352	727686	754086	1	0
210.921360	200	204	4	6352	727686	754086	1	0
210.931404	200	204	4	6352	727686	754086	1	0
210.939766	200	204	4	6352	727686	754086	1	0
210.954235	200	204	4	6352	727686	754086	1	0
210.963417	200	204	4	6352	727686	754086	1	0
210.975173	200	204	4	6352	727686	754086	1	0
210.982361	200	204	4	6352	727686	754086	1	0
210.990371	200	204	4	6352	727686	754086	1	0
211.003516	200	204	4	6352	727686	754086	1	0
211.017707	200	204	4	6352	727686	754086	1	0
211.023320	200	204	4	6352	727686	754086	1	0
211.032435	200	204	4	6352	727686	754086	1	0
211.046787	200	204	4	6352	727686	754086	1	0
211.060379	200	204	4	6352	727686	754086	1	0
211.069307	200	204	4	6352	727686	754086	1	0
211.075527	200	204	4	6352	727686	754086	1	0
211.089783	200	204	4	6352	727686	754086	1	0
211.102392	200	204	4	6352	727686	754086	1	0
211.108130	200	204	4	6352	727686	754086	1	0
211.122717	200	204	4	6352	727686	754086	1	0
211.135365	200	204	4	6352	727686	754086	1	0
211.145300	200	204	4	6352	727686	754086	1	0
211.156946	200	204	4	6352	727686	754086	1	0
211.170253	200	204	4	6352	727686	754086	1	0
211.182635	200	204	4	6352	727686	754086	1	0
211.189354	200	204	4	6352	727686	754086	1	0
211.198598	200	204	4	6352	727686	754086	1	0
211.211021	200	204	4	6352	727686	754086	1	0
211.223857	200	204	4	6352	727686	754086	1	0
211.234127	200	204	4	6352	727686	754086	1	0
211.246166	200	204	4	6352	727686	754086	1	0
211.251665	200	204	4	6352	727686	754086	1	0
211.259245	200	204	4	6352	727686	754086	1	0
211.271214	200	204	4	6352	727686	754086	1	0
211.281570	200	204	4	6352	727686	754086	1	0
211.292472	200	204	4	6352	727686	754086	1	0
211.300686	200	204	4	6352	727686	754086	1	0
211.306977	200	204	4	6352	727686	754086	1	0
211.313615	200	204	4	6352	727686	754086	1	0
211.322423	200	204	4	6352	727686	754086	1	0
211.330009	200	204	4	6352	727686	754086	1	0
211.339887	200	204	4	6352	727686	754086	1	0
211.346976	200	204	4	6352	727686	754086	1	0
211.360837	200	204	4	6352	727686	754086	1	0
211.370068	200	204	4	6352	727686	754086	1	0
211.383398	200	204	4	6352	727686	754086	1	0
211.390022	200	204	4	6352	727686	754086	1	0
211.402054	200	204	4	6352	727686	754086	1	0
211.413865	200	204	4	6352	727686	754086	1	0
211.421262	200	204	4	6352	727686	754086	1	0
211.427467	200	204	4	6352	727686	754086	1	0
211.441288	200	204	4	6352	727686	754086	1	0
211.455332	200	204	4	6352	727686	754086	1	0
211.468817	200	204	4	6352	727686	754086	1	0
211.474870	200	204	4	6352	727686	754086	1	0
211.487559	200	204	4	6352	727686	754086	1	0
211.503529	200	204	4	6352	727686	754086	1	0
211.517741	200	204	4	6352	727686	754086	1	0
211.526024	200	204	4	6352	727686	754086	1	0
211.536461	200	204	4	6352	727686	754086	1	0
211.544791	200	204	4	6352	727686	754086	1	0
211.556804	200	204	4	6352	727686	754086	1	0
211.564952	200	204	4	6352	727686	754086	1	0
211.572296	200	204	4	6352	727686	754086	1	0
211.578837	200	204	4	6352	727686	754086	1	0
211.590985	200	204	4	6352	727686	754086	1	0
211.597768	200	204	4	6352	727686	754086	1	0
211.607128	200	204	4	6352	727686	754086	1	0
211.614035	200	204	4	6352	727686	754086	1	0
211.627826	200	204	4	6352	727686	754086	1	0
211.637925	200	204	4	6352	727686	754086	1	0
211.647053	200	204	4	6352	727686	754086	1	0
211.660793	200	204	4	6352	727686	754086	1	0
211.666112	200	204	4	6352	727686	754086	1	0
211.675514	200	204	4	6352	727686	754086	1	0
211.686917	200	204	4	6352	727686	754086	1	0
211.700957	200	204	4	6352	727686	754086	1	0
211.713305	200	204	4	6352	727686	754086	1	0
211.724165	200	204	4	6352	727686	754086	1	0
211.735426	200	204	4	6352	727686	754086	1	0
211.748230	200	204	4	6352	727686	754086	1	0
211.757129	200	204	4	6352	727686	754086	1	0
211.768296	200	204	4	6352	727686	754086	1	0
211.776926	200	204	4	6352	727686	754086	1	0
211.786008	200	204	4	6352	727686	754086	1	0
211.797918	200	204	4	6352	727686	754086	1	0
211.806526	200	204	4	6352	727686	754086	1	0
211.818382	200	204	4	6352	727686	754086	1	0
211.826133	200	204	4	6352	727686	754086	1	0
211.840453	200	204	4	6352	727686	754086	1	0
211.852052	200	204	4	6352	727686	754086	1	0
211.859240	200	204	4	6352	727686	754086	1	0
211.866031	200	204	4	6352	727686	754086	1	0
211.887629	200	204	4	6352	727686	754086	1	0
211.893921	200	204	4	6352	727686	754086	1	0
211.902681	200	204	4	6352	727686	754086	1	0
211.909135	200	204	4	6352	727686	754086	1	0
211.923028	200	204	4	6352	727686	754086	1	0
211.934379	200	204	4	6352	727686	754086	1	0
211.944964	200	204	4	6352	727686	754086	1	0
211.951014	200	204	4	6352	727686	754086	1	0
211.965668	200	204	4	6352	727686	754086	1	0
211.973202	200	204	4	6352	727686	754086	1	0
211.981257	200	204	4	6352	727686	754086	1	0
211.990931	200	204	4	6352	727686	754086	1	0
212.005960	200	204	4	6352	727686	754086	1	0
212.021061	200	204	4	6352	727686	754086	1	0
212.031740	200	204	4	6352	727686	754086	1	0
212.045278	200	204	4	6352	727686	754086	1	0
212.055671	200	204	4	6352	727686	754086	1	0
212.063100	200	204	4	6352	727686	754086	1	0
212.075073	200	204	4	6352	727686	754086	1	0
212.088494	200	204	4	6352	727686	754086	1	0
212.101557	200	204	4	6352	727686	754086	1	0
212.108935	200	204	4	6352	727686	754086	1	0
212.122111	200	204	4	6352	727686	754086	1	0
212.131423	200	204	4	6352	727686	754086	1	0
212.141138	200	204	4	6352	727686	754086	1	0
212.151616	200	204	4	6352	727686	754086	1	0
212.160476	200	204	4	6352	727686	754086	1	0
212.174273	200	204	4	6352	727686	754086	1	0
212.180658	200	204	4	6352	727686	754086	1	0
212.188947	200	204	4	6352	727686	754086	1	0
212.195469	200	204	4	6352	727686	754086	1	0
212.209310	200	204	4	6352	727686	754086	1	0
212.216931	200	204	4	6352	727686	754086	1	0
212.229870	200	204	4	6352	727686	754086	1	0
212.241009	200	204	4	6352	727686	754086	1	0
212.247863	200	204	4	6352	727686	754086	1	0
212.254230	200	204	4	6352	727686	754086	1	0
212.265780	200	204	4	6352	727686	754086	1	0
212.272974	200	204	4	6352	727686	754086	1	0
212.278761	200	204	4	6352	727686	754086	1	0
212.285126	200	204	4	6352	727686	754086	1	0
212.293333	200	204	4	6352	727686	754086	1	0
212.308495	200	204	4	6352	727686	754086	1	0
212.320275	200	204	4	6352	727686	754086	1	0
212.332352	200	204	4	6352	727686	754086	1	0
212.343620	200	204	4	6352	727686	754086	1	0
212.355555	200	204	4	6352	727686	754086	1	0
212.364297	200	204	4	6352	727686	754086	1	0
212.371297	200	204	4	6352	727686	754086	1	0
212.381251	200	204	4	6352	727686	754086	1	0
212.390330	200	204	4	6352	727686	754086	1	0
212.402023	200	204	4	6352	727686	754086	1	0
212.411092	200	204	4	6352	727686	754086	1	0
212.420702	200	204	4	6352	727686	754086	1	0
212.433325	200	204	4	6352	727686	754086	1	0
212.442887	200	204	4	6352	727686	754086	1	0
212.454620	200	204	4	6352	727686	754086	1	0
212.464923	200	204	4	6352	727686	754086	1	0
212.477698	200	204	4	6352	727686	754086	1	0
212.488108	200	204	4	6352	727686	754086	1	0
212.499708	200	204	4	6352	727686	754086	1	0
212.510345	200	204	4	6352	727686	754086	1	0
212.520069	200	204	4	6352	727686	754086	1	0
212.532436	200	204	4	6352	727686	754086	1	0
212.545319	200	204	4	6352	727686	754086	1	0
212.556341	200	204	4	6352	727686	754086	1	0
212.562918	200	204	4	6352	727686	754086	1	0
212.573423	200	204	4	6352	727686	754086	1	0
212.584478	200	204	4	6352	727686	754086	1	0
212.598148	200	204	4	6352	727686	754086	1	0
212.607345	200	204	4	6352	727686	754086	1	0
212.618132	200	204	4	6352	727686	754086	1	0
212.627800	200	204	4	6352	727686	754086	1	0
212.638532	200	204	4	6352	727686	754086	1	0
212.644300	200	204	4	6352	727686	754086	1	0
212.657635	200	204	4	6352	727686	754086	1	0
212.666899	200	204	4	6352	727686	754086	1	0
212.674448	200	204	4	6352	727686	754086	1	0
212.689442	200	204	4	6352	727686	754086	1	0
212.701804	200	204	4	6352	727686	754086	1	0
212.716817	200	204	4	6352	727686	754086	1	0
212.728689	200	204	4	6352	727686	754086	1	0
212.740668	200	204	4	6352	727686	754086	1	0
212.746037	200	204	4	6352	727686	754086	1	0
212.757134	200	204	4	6352	727686	754086	1	0
212.768861	200	204	4	6352	727686	754086	1	0
212.781601	200	204	4	6352	727686	754086	1	0
212.794059	200	204	4	6352	727686	754086	1	0
212.807415	200	204	4	6352	727686	754086	1	0
212.816430	200	204	4	6352	727686	754086	1	0
212.828467	200	204	4	6352	727686	754086	1	0
212.835367	200	204	4	6352	727686	754086	1	0
212.850284	200	204	4	6352	727686	754086	1	0
212.859633	200	204	4	6352	727686	754086	1	0
212.865111	200	204	4	6352	727686	754086	1	0
212.879682	200	204	4	6352	727686	754086	1	0
212.886386	200	204	4	6352	727686	754086	1	0
212.891851	200	204	4	6352	727686	754086	1	0
212.905056	200	204	4	6352	727686	754086	1	0
212.912734	200	204	4	6352	727686	754086	1	0
212.923644	200	204	4	6352	727686	754086	1	0
212.933644	200	204	4	6352	727686	754086	1	0
212.942713	200	204	4	6352	727686	754086	1	0
212.952735	200	204	4	6352	727686	754086	1	0
212.958954	200	204	4	6352	727686	754086	1	0
212.967883	200	204	4	6352	727686	754086	1	0
212.978048	200	204	4	6352	727686	754086	1	0
212.987430	200	204	4	6352	727686	754086	1	0
212.999646	200	204	4	6352	727686	754086	1	0
213.011630	200	204	4	6352	727686	754086	1	0
213.022866	200	204	4	6352	727686	754086	1	0
213.030439	200	204	4	6352	727686	754086	1	0
213.040124	200	204	4	6352	727686	754086	1	0
213.046636	200	204	4	6352	727686	754086	1	0
213.054256	200	204	4	6352	727686	754086	1	0
213.067069	200	204	4	6352	727686	754086	1	0
213.078681	200	204	4	6352	727686	754086	1	0
213.087097	200	204	4	6352	727686	754086	1	0
213.094179	200	204	4	6352	727686	754086	1	0
213.108630	200	204	4	6352	727686	754086	1	0
213.115321	200	204	4	6352	727686	754086	1	0
213.125014	200	204	4	6352	727686	754086	1	0
213.131263	200	204	4	6352	727686	754086	1	0
213.145951	200	204	4	6352	727686	754086	1	0
213.153502	200	204	4	6352	727686	754086	1	0
213.159954	200	204	4	6352	727686	754086	1	0
213.166123	200	204	4	6352	727686	754086	1	0
213.172024	200	204	4	6352	727686	754086	1	0
213.182418	200	204	4	6352	727686	754086	1	0
213.192094	200	204	4	6352	727686	754086	1	0
213.202615	200	204	4	6352	727686	754086	1	0
213.213921	200	204	4	6352	727686	754086	1	0
213.226074	200	204	4	6352	727686	754086	1	0
213.237770	200	204	4	6352	727686	754086	1	0
213.250794	200	204	4	6352	727686	754086	1	0
213.261335	200	204	4	6352	727686	754086	1	0
213.273110	200	204	4	6352	727686	754086	1	0
213.279997	200	204	4	6352	727686	754086	1	0
213.289772	200	204	4	6352	727686	754086	1	0
213.295435	200	204	4	6352	727686	754086	1	0
213.303500	200	204	4	6352	727686	754086	1	0
213.312290	200	204	4	6352	727686	754086	1	0
213.321644	200	204	4	6352	727686	754086	1	0
213.333571	200	204	4	6352	727686	754086	1	0
213.342140	200	204	4	6352	727686	754086	1	0
213.354112	200	204	4	6352	727686	754086	1	0
213.368575	200	204	4	6352	727686	754086	1	0
213.376970	200	204	4	6352	727686	754086	1	0
213.387153	200	204	4	6352	727686	754086	1	0
213.402004	200	204	4	6352	727686	754086	1	0
213.407606	200	204	4	6352	727686	754086	1	0
213.417007	200	204	4	6352	727686	754086	1	0
213.431866	200	204	4	6352	727686	754086	1	0
213.443362	200	204	4	6352	727686	754086	1	0
213.453098	200	204	4	6352	727686	754086	1	0
213.466114	200	204	4	6352	727686	754086	1	0
213.476311	200	204	4	6352	727686	754086	1	0
213.490374	200	204	4	6352	727686	754086	1	0
213.496445	200	204	4	6352	727686	754086	1	0
213.510571	200	204	4	6352	727686	754086	1	0
213.525655	200	204	4	6352	727686	754086	1	0
213.534783	200	204	4	6352	727686	754086	1	0
213.543583	200	204	4	6352	727686	754086	1	0
213.554789	200	204	4	6352	727686	754086	1	0
213.568317	200	204	4	6352	727686	754086	1	0
213.582127	200	204	4	6352	727686	754086	1	0
213.588654	200	204	4	6352	727686	754086	1	0
213.598936	200	204	4	6352	727686	754086	1	0
213.613762	200	204	4	6352	727686	754086	1	0
213.623034	200	204	4	6352	727686	754086	1	0
213.633866	200	204	4	6352	727686	754086	1	0
213.648626	200	204	4	6352	727686	754086	1	0
213.657144	200	204	4	6352	727686	754086	1	0
213.663560	200	204	4	6352	727686	754086	1	0
213.670745	200	204	4	6352	727686	754086	1	0
213.679868	200	204	4	6352	727686	754086	1	0
213.694725	200	204	4	6352	727686	754086	1	0
213.708272	200	204	4	6352	727686	754086	1	0
213.721172	200	204	4	6352	727686	754086	1	0
213.729761	200	204	4	6352	727686	754086	1	0
213.736189	200	204	4	6352	727686	754086	1	0
213.749400	200	204	4	6352	727686	754086	1	0
213.762352	200	204	4	6352	727686	754086	1	0
213.776622	200	204	4	6352	727686	754086	1	0
213.783947	200	204	4	6352	727686	754086	1	0
213.798779	200	204	4	6352	727686	754086	1	0
213.806758	200	204	4	6352	727686	754086	1	0
213.822767	200	204	4	6352	727686	754086	1	0
213.835636	200	204	4	6352	727686	754086	1	0
213.847362	200	204	4	6352	727686	754086	1	0
213.855867	200	204	4	6352	727686	754086	1	0
213.869858	200	204	4	6352	727686	754086	1	0
213.875400	200	204	4	6352	727686	754086	1	0
213.880605	200	204	4	6352	727686	754086	1	0
213.890526	200	204	4	6352	727686	754086	1	0
213.900241	200	204	4	6352	727686	754086	1	0
213.908895	200	204	4	6352	727686	754086	1	0
213.917049	200	204	4	6352	727686	754086	1	0
213.930735	200	204	4	6352	727686	754086	1	0
213.945058	200	204	4	6352	727686	754086	1	0
213.958128	200	204	4	6352	727686	754086	1	0
213.970512	200	204	4	6352	727686	754086	1	0
213.978490	200	204	4	6352	727686	754086	1	0
213.983796	200	204	4	6352	727686	754086	1	0
213.997886	200	204	4	6352	727686	754086	1	0
214.009379	200	204	4	6352	727686	754086	1	0
214.016005	200	204	4	6352	727686	754086	1	0
214.025804	200	204	4	6352	727686	754086	1	0
214.037523	200	204	4	6352	727686	754086	1	0
214.049722	200	204	4	6352	727686	754086	1	0
214.057329	200	204	4	6352	727686	754086	1	0
214.064600	200	204	4	6352	727686	754086	1	0
214.073459	200	204	4	6352	727686	754086	1	0
214.080596	200	204	4	6352	727686	754086	1	0
214.090227	200	204	4	6352	727686	754086	1	0
214.099238	200	204	4	6352	727686	754086	1	0
214.108005	200	204	4	6352	727686	754086	1	0
214.122464	200	204	4	6352	727686	754086	1	0
214.131269	200	204	4	6352	727686	754086	1	0
214.140516	200	204	4	6352	727686	754086	1	0
214.155687	200	204	4	6352	727686	754086	1	0
214.170192	200	204	4	6352	727686	754086	1	0
214.176757	200	204	4	6352	727686	754086	1	0
214.189396	200	204	4	6352	727686	754086	1	0
214.200880	200	204	4	6352	727686	754086	1	0
214.207148	200	204	4	6352	727686	754086	1	0
214.219112	200	204	4	6352	727686	754086	1	0
214.227671	200	204	4	6352	727686	754086	1	0
214.241944	200	204	4	6352	727686	754086	1	0
214.252291	200	204	4	6352	727686	754086	1	0
214.262828	200	204	4	6352	727686	754086	1	0
214.277155	200	204	4	6352	727686	754086	1	0
214.290294	200	204	4	6352	727686	754086	1	0
214.298059	200	204	4	6352	727686	754086	1	0
214.313175	200	204	4	6352	727686	754086	1	0
214.325013	200	204	4	6352	727686	754086	1	0
214.333586	200	204	4	6352	727686	754086	1	0
214.342361	200	204	4	6352	727686	754086	1	0
214.349720	200	204	4	6352	727686	754086	1	0
214.358289	200	204	4	6352	727686	754086	1	0
214.372651	200	204	4	6352	727686	754086	1	0
214.380125	200	204	4	6352	727686	754086	1	0
214.391376	200	204	4	6352	727686	754086	1	0
214.408863	200	204	4	6352	727686	754086	1	0
214.415247	200	204	4	6352	727686	754086	1	0
214.434872	200	204	4	6352	727686	754086	1	0
214.449348	200	204	4	6352	727686	754086	1	0
214.458063	200	204	4	6352	727686	754086	1	0
214.464764	200	204	4	6352	727686	754086	1	0
214.471497	200	204	4	6352	727686	754086	1	0
214.483152	200	204	4	6352	727686	754086	1	0
214.491764	200	204	4	6352	727686	754086	1	0
214.499441	200	204	4	6352	727686	754086	1	0
214.511097	200	204	4	6352	727686	754086	1	0
214.519365	200	204	4	6352	727686	754086	1	0
214.529792	200	204	4	6352	727686	754086	1	0
214.539315	200	204	4	6352	727686	754086	1	0
214.544821	200	204	4	6352	727686	754086	1	0
214.553095	200	204	4	6352	727686	754086	1	0
214.561650	200	204	4	6352	727686	754086	1	0
214.571683	200	204	4	6352	727686	754086	1	0
214.577479	200	204	4	6352	727686	754086	1	0
214.590265	200	204	4	6352	727686	754086	1	0
214.597016	200	204	4	6352	727686	754086	1	0
214.609980	200	204	4	6352	727686	754086	1	0
214.617065	200	204	4	6352	727686	754086	1	0
214.622960	200	204	4	6352	727686	754086	1	0
214.629938	200	204	4	6352	727686	754086	1	0
214.642296	200	204	4	6352	727686	754086	1	0
214.655848	200	204	4	6352	727686	754086	1	0
214.669939	200	204	4	6352	727686	754086	1	0
214.675121	200	204	4	6352	727686	754086	1	0
214.681862	200	204	4	6352	727686	754086	1	0
214.693923	200	204	4	6352	727686	754086	1	0
214.701442	200	204	4	6352	727686	754086	1	0
214.711941	200	204	4	6352	727686	754086	1	0
214.725996	200	204	4	6352	727686	754086	1	0
214.741219	200	204	4	6352	727686	754086	1	0
214.754232	200	204	4	6352	727686	754086	1	0
214.763443	200	204	4	6352	727686	754086	1	0
214.777810	200	204	4	6352	727686	754086	1	0
214.791410	200	204	4	6352	727686	754086	1	0
214.806815	200	204	4	6352	727686	754086	1	0
214.822829	200	204	4	6352	727686	754086	1	0
214.834805	200	204	4	6352	727686	754086	1	0
214.849303	200	204	4	6352	727686	754086	1	0
214.856176	200	204	4	6352	727686	754086	1	0
214.865846	200	204	4	6352	727686	754086	1	0
214.877631	200	204	4	6352	727686	754086	1	0
214.884337	200	204	4	6352	727686	754086	1	0
214.899311	200	204	4	6352	727686	754086	1	0
214.914295	200	204	4	6352	727686	754086	1	0
214.922801	200	204	4	6352	727686	754086	1	0
214.934311	200	204	4	6352	727686	754086	1	0
214.945621	200	204	4	6352	727686	754086	1	0
214.957640	200	204	4	6352	727686	754086	1	0
214.967712	200	204	4	6352	727686	754086	1	0
214.975360	200	204	4	6352	727686	754086	1	0
214.980662	200	204	4	6352	727686	754086	1	0
214.992735	200	204	4	6352	727686	754086	1	0
215.006200	200	204	4	6352	727686	754086	1	0
215.021310	200	204	4	6352	727686	754086	1	0
215.031184	200	204	4	6352	727686	754086	1	0
215.039277	200	204	4	6352	727686	754086	1	0
215.051910	200	204	4	6352	727686	754086	1	0
215.065937	200	204	4	6352	727686	754086	1	0
215.074921	200	204	4	6352	727686	754086	1	0
215.080911	200	204	4	6352	727686	754086	1	0
215.095221	200	204	4	6352	727686	754086	1	0
215.101134	200	204	4	6352	727686	754086	1	0
215.107866	200	204	4	6352	727686	754086	1	0
215.122380	200	204	4	6352	727686	754086	1	0
215.133944	200	204	4	6352	727686	754086	1	0
215.142436	200	204	4	6352	727686	754086	1	0
215.156953	200	204	4	6352	727686	754086	1	0
215.162398	200	204	4	6352	727686	754086	1	0
215.171105	200	204	4	6352	727686	754086	1	0
215.179600	200	204	4	6352	727686	754086	1	0
215.189948	200	204	4	6352	727686	754086	1	0
215.198747	200	204	4	6352	727686	754086	1	0
215.207275	200	204	4	6352	727686	754086	1	0
215.212816	200	204	4	6352	727686	754086	1	0
215.226788	200	204	4	6352	727686	754086	1	0
215.239010	200	204	4	6352	727686	754086	1	0
215.249440	200	204	4	6352	727686	754086	1	0
215.255661	200	204	4	6352	727686	754086	1	0
215.270209	200	204	4	6352	727686	754086	1	0
215.282633	200	204	4	6352	727686	754086	1	0
215.290706	200	204	4	6352	727686	754086	1	0
215.296462	200	204	4	6352	727686	754086	1	0
215.306278	200	204	4	6352	727686	754086	1	0
215.315498	200	204	4	6352	727686	754086	1	0
215.329933	200	204	4	6352	727686	754086	1	0
215.343816	200	204	4	6352	727686	754086	1	0
215.352623	200	204	4	6352	727686	754086	1	0
215.361029	200	204	4	6352	727686	754086	1	0
215.372163	200	204	4	6352	727686	754086	1	0
215.380131	200	204	4	6352	727686	754086	1	0
215.390820	200	204	4	6352	727686	754086	1	0
215.404889	200	204	4	6352	727686	754086	1	0
215.414615	200	204	4	6352	727686	754086	1	0
215.422058	200	204	4	6352	727686	754086	1	0
215.434060	200	204	4	6352	727686	754086	1	0
215.441392	200	204	4	6352	727686	754086	1	0
215.457752	200	204	4	6352	727686	754086	1	0
215.470735	200	204	4	6352	727686	754086	1	0
215.478371	200	204	4	6352	727686	754086	1	0
215.486764	200	204	4	6352	727686	754086	1	0
215.499379	200	204	4	6352	727686	754086	1	0
215.508447	200	204	4	6352	727686	754086	1	0
215.522795	200	204	4	6352	727686	754086	1	0
215.530768	200	204	4	6352	727686	754086	1	0
215.546742	200	204	4	6352	727686	754086	1	0
215.554821	200	204	4	6352	727686	754086	1	0
215.566498	200	204	4	6352	727686	754086	1	0
215.582751	200	204	4	6352	727686	754086	1	0
215.594754	200	204	4	6352	727686	754086	1	0
215.605163	200	204	4	6352	727686	754086	1	0
215.617266	200	204	4	6352	727686	754086	1	0
215.629384	200	204	4	6352	727686	754086	1	0
215.641233	200	204	4	6352	727686	754086	1	0
215.655402	200	204	4	6352	727686	754086	1	0
215.663136	200	204	4	6352	727686	754086	1	0
215.676101	200	204	4	6352	727686	754086	1	0
215.686974	200	204	4	6352	727686	754086	1	0
215.695816	200	204	4	6352	727686	754086	1	0
215.707756	200	204	4	6352	727686	754086	1	0
215.721714	200	204	4	6352	727686	754086	1	0
215.729538	200	204	4	6352	727686	754086	1	0
215.736932	200	204	4	6352	727686	754086	1	0
215.746723	200	204	4	6352	727686	754086	1	0
215.756077	200	204	4	6352	727686	754086	1	0
215.767250	200	204	4	6352	727686	754086	1	0
215.801638	200	204	4	6352	727686	754086	1	0
215.814905	200	204	4	6352	727686	754086	1	0
215.842748	200	204	4	6352	727686	754086	1	0
215.851438	200	204	4	6352	727686	754086	1	0
215.857112	200	204	4	6352	727686	754086	1	0
215.865749	200	204	4	6352	727686	754086	1	0
215.872484	200	204	4	6352	727686	754086	1	0
215.883579	200	204	4	6352	727686	754086	1	0
215.890329	200	204	4	6352	727686	754086	1	0
215.903112	200	204	4	6352	727686	754086	1	0
215.911041	200	204	4	6352	727686	754086	1	0
215.917969	200	204	4	6352	727686	754086	1	0
215.931750	200	204	4	6352	727686	754086	1	0
215.943521	200	204	4	6352	727686	754086	1	0
215.952532	200	204	4	6352	727686	754086	1	0
215.958730	200	204	4	6352	727686	754086	1	0
215.964332	200	204	4	6352	727686	754086	1	0
215.978732	200	204	4	6352	727686	754086	1	0
215.991835	200	204	4	6352	727686	754086	1	0
215.997509	200	204	4	6352	727686	754086	1	0
216.002981	200	204	4	6352	727686	754086	1	0
216.018579	200	204	4	6352	727686	754086	1	0
216.026729	200	204	4	6352	727686	754086	1	0
216.036618	200	204	4	6352	727686	754086	1	0
216.049165	200	204	4	6352	727686	754086	1	0
216.065404	200	204	4	6352	727686	754086	1	0
216.078693	200	204	4	6352	727686	754086	1	0
216.087032	200	204	4	6352	727686	754086	1	0
216.096403	200	204	4	6352	727686	754086	1	0
216.104020	200	204	4	6352	727686	754086	1	0
216.114131	200	204	4	6352	727686	754086	1	0
216.128061	200	204	4	6352	727686	754086	1	0
216.135313	200	204	4	6352	727686	754086	1	0
216.146858	200	204	4	6352	727686	754086	1	0
216.156177	200	204	4	6352	727686	754086	1	0
216.171237	200	204	4	6352	727686	754086	1	0
216.185216	200	204	4	6352	727686	754086	1	0
216.193199	200	204	4	6352	727686	754086	1	0
216.208197	200	204	4	6352	727686	754086	1	0
216.216983	200	204	4	6352	727686	754086	1	0
216.224288	200	204	4	6352	727686	754086	1	0
216.233765	200	204	4	6352	727686	754086	1	0
216.241906	200	204	4	6352	727686	754086	1	0
216.251848	200	204	4	6352	727686	754086	1	0
216.263988	200	204	4	6352	727686	754086	1	0
216.278514	200	204	4	6352	727686	754086	1	0
216.292462	200	204	4	6352	727686	754086	1	0
216.306019	200	204	4	6352	727686	754086	1	0
216.315935	200	204	4	6352	727686	754086	1	0
216.322276	200	204	4	6352	727686	754086	1	0
216.329737	200	204	4	6352	727686	754086	1	0
216.343483	200	204	4	6352	727686	754086	1	0
216.366790	200	204	4	6352	727686	754086	1	0
216.376255	200	204	4	6352	727686	754086	1	0
216.389796	200	204	4	6352	727686	754086	1	0
216.403715	200	204	4	6352	727686	754086	1	0
216.409603	200	204	4	6352	727686	754086	1	0
216.420301	200	204	4	6352	727686	754086	1	0
216.431058	200	204	4	6352	727686	754086	1	0
216.447240	200	204	4	6352	727686	754086	1	0
216.454881	200	204	4	6352	727686	754086	1	0
216.473017	200	204	4	6352	727686	754086	1	0
216.482819	200	204	4	6352	727686	754086	1	0
216.493357	200	204	4	6352	727686	754086	1	0
216.502334	200	204	4	6352	727686	754086	1	0
216.518916	200	204	4	6352	727686	754086	1	0
216.534805	200	204	4	6352	727686	754086	1	0
216.544263	200	204	4	6352	727686	754086	1	0
216.556444	200	204	4	6352	727686	754086	1	0
216.568163	200	204	4	6352	727686	754086	1	0
216.574959	200	204	4	6355	727651	754086	1	0
216.585327	200	204	4	6355	727651	754086	1	0
216.594730	200	204	4	6355	727651	754086	1	0
216.602967	200	204	4	6355	727651	754086	1	0
216.614694	200	204	4	6355	727651	754086	1	0
216.622531	200	204	4	6355	727651	754086	1	0
216.630753	200	204	4	6355	727651	754086	1	0
216.645731	200	204	4	6355	727651	754086	1	0
216.656161	200	204	4	6355	727651	754086	1	0
216.668708	200	204	4	6355	727651	754086	1	0
216.681563	200	204	4	6355	727651	754086	1	0
216.694746	200	204	4	6355	727651	754086	1	0
216.710734	200	204	4	6355	727651	754086	1	0
216.726746	200	204	4	6355	727651	754086	1	0
216.742764	200	204	4	6355	727651	754086	1	0
216.758745	200	204	4	6355	727651	754086	1	0
216.766724	200	204	4	6355	727651	754086	1	0
216.778701	200	204	4	6355	727651	754086	1	0
216.791129	200	204	4	6355	727651	754086	1	0
216.801576	200	204	4	6355	727651	754086	1	0
216.811052	200	204	4	6355	727651	754086	1	0
216.825629	200	204	4	6355	727651	754086	1	0
216.841343	200	204	4	6355	727651	754086	1	0
216.850086	200	204	4	6355	727651	754086	1	0
216.864148	200	204	4	6355	727651	754086	1	0
216.878756	200	204	4	6355	727651	754086	1	0
216.888639	200	204	4	6355	727651	754086	1	0
216.894936	200	204	4	6355	727651	754086	1	0
216.902619	200	204	4	6355	727651	754086	1	0
216.909360	200	204	4	6355	727651	754086	1	0
216.924508	200	204	4	6355	727651	754086	1	0
216.937552	200	204	4	6355	727651	754086	1	0
216.948968	200	204	4	6355	727651	754086	1	0
216.954220	200	204	4	6355	727651	754086	1	0
216.969060	200	204	4	6355	727651	754086	1	0
216.974490	200	204	4	6355	727651	754086	1	0
216.987541	200	204	4	6355	727651	754086	1	0
216.994813	200	204	4	6355	727651	754086	1	0
217.010788	200	204	4	6355	727651	754086	1	0
217.025860	200	204	4	6355	727651	754086	1	0
217.038768	200	204	4	6355	727651	754086	1	0
217.054735	200	204	4	6355	727651	754086	1	0
217.061189	200	204	4	6355	727651	754086	1	0
217.073115	200	204	4	6355	727651	754086	1	0
217.090742	200	204	4	6355	727651	754086	1	0
217.106730	200	204	4	6355	727651	754086	1	0
217.114741	200	204	4	6355	727651	754086	1	0
217.130742	200	204	4	6355	727651	754086	1	0
217.140577	200	204	4	6355	727651	754086	1	0
217.147519	200	204	4	6355	727651	754086	1	0
217.158738	200	204	4	6355	727651	754086	1	0
217.174737	200	204	4	6355	727651	754086	1	0
217.184737	200	204	4	6355	727651	754086	1	0
217.197526	200	204	4	6355	727651	754086	1	0
217.203784	200	204	4	6355	727651	754086	1	0
217.210726	200	204	4	6355	727651	754086	1	0
217.219052	200	204	4	6355	727651	754086	1	0
217.228786	200	204	4	6355	727651	754086	1	0
217.238973	200	204	4	6355	727651	754086	1	0
217.247338	200	204	4	6355	727651	754086	1	0
217.253753	200	204	4	6355	727651	754086	1	0
217.266888	200	204	4	6355	727651	754086	1	0
217.281098	200	204	4	6355	727651	754086	1	0
217.300099	200	204	4	6355	727651	754086	1	0
217.308626	200	204	4	6355	727651	754086	1	0
217.322774	200	204	4	6355	727651	754086	1	0
217.332947	200	204	4	6355	727651	754086	1	0
217.348117	200	204	4	6355	727651	754086	1	0
217.359580	200	204	4	6355	727651	754086	1	0
217.370895	200	204	4	6355	727651	754086	1	0
217.385151	200	204	4	6355	727651	754086	1	0
217.395782	200	204	4	6355	727651	754086	1	0
217.401054	200	204	4	6355	727651	754086	1	0
217.416438	200	204	4	6355	727651	754086	1	0
217.430443	200	204	4	6355	727651	754086	1	0
217.443331	200	204	4	6355	727651	754086	1	0
217.448841	200	204	4	6355	727651	754086	1	0
217.470736	200	204	4	6355	727651	754086	1	0
217.478457	200	204	4	6355	727651	754086	1	0
217.491092	200	204	4	6355	727651	754086	1	0
217.499879	200	204	4	6355	727651	754086	1	0
217.513714	200	204	4	6355	727651	754086	1	0
217.526908	200	204	4	6355	727651	754086	1	0
217.536842	200	204	4	6355	727651	754086	1	0
217.551627	200	204	4	6355	727651	754086	1	0
217.562958	200	204	4	6355	727651	754086	1	0
217.574828	200	204	4	6355	727651	754086	1	0
217.586292	200	204	4	6355	727651	754086	1	0
217.598527	200	204	4	6355	727651	754086	1	0
217.604049	200	204	4	6355	727651	754086	1	0
217.610824	200	204	4	6355	727651	754086	1	0
217.622597	200	204	4	6355	727651	754086	1	0
217.631483	200	204	4	6355	727651	754086	1	0
217.641884	200	204	4	6355	727651	754086	1	0
217.657089	200	204	4	6361	727651	754086	1	0
217.672107	200	204	4	6368	727651	754086	1	0
217.679604	200	204	4	6369	727647	754086	1	0
217.705474	200	204	4	6372	727647	754086	1	0
217.714303	200	204	4	6376	727647	754086	1	0
217.719661	200	204	4	6376	727647	754086	1	0
217.725087	200	204	4	6376	727647	754086	1	0
217.732620	200	204	4	6376	727647	754086	1	0
217.739680	200	204	4	6377	727648	754086	1	0
217.752217	200	204	4	6377	727648	754086	1	0
217.760130	200	204	4	6378	727648	754086	1	0
217.774397	200	204	4	6381	727648	754086	1	0
217.788134	200	204	4	6384	727648	754086	1	0
217.802902	200	204	4	6384	727648	754086	1	0
217.819040	200	204	4	6384	727648	754086	1	0
217.833307	200	204	4	6384	727648	754086	1	0
217.843142	200	204	4	6385	727648	754086	1	0
217.857070	200	204	4	6386	727648	754086	1	0
217.878789	200	204	4	6388	727648	754086	1	0
217.891156	200	204	4	6389	727648	754086	1	0
217.899335	200	204	4	6391	727648	754086	1	0
217.916301	200	204	4	6392	727648	754086	1	0
217.922175	200	204	4	6392	727648	754086	1	0
217.934009	200	204	4	6392	727648	754086	1	0
217.948516	200	204	4	6392	727648	754086	1	0
217.960363	200	204	4	6392	727648	754086	1	0
217.975053	200	204	4	6393	727648	754086	1	0
217.986251	200	204	4	6394	727648	754086	1	0
217.991857	200	204	4	6394	727648	754086	1	0
218.004276	200	204	4	6396	727648	754086	1	0
218.015935	200	204	4	6398	727648	754086	1	0
218.023465	200	204	4	6399	727648	754086	1	0
218.035554	200	204	4	6400	727648	754086	1	0
218.046541	200	204	4	6400	727648	754086	1	0
218.059130	200	204	4	6400	727648	754086	1	0
218.069131	200	204	4	6401	727648	754086	1	0
218.081493	200	204	4	6401	727648	754086	1	0
218.088022	200	204	4	6402	727648	754086	1	0
218.097443	200	204	4	6403	727648	754086	1	0
218.107521	200	204	4	6405	727648	754086	1	0
218.122647	200	204	4	6407	727648	754086	1	0
218.129925	200	204	4	6408	727648	754086	1	0
218.138779	200	204	4	6408	727648	754086	1	0
218.153296	200	204	4	6408	727648	754086	1	0
218.160538	200	204	4	6408	727648	754086	1	0
218.175340	200	204	4	6408	727648	754086	1	0
218.187539	200	204	4	6409	727648	754086	1	0
218.202133	200	204	4	6410	727648	754086	1	0
218.215548	200	204	4	6411	727648	754086	1	0
218.227967	200	204	4	6413	727648	754086	1	0
218.239878	200	204	4	6414	727648	754086	1	0
218.248317	200	204	4	6416	727648	754086	1	0
218.261041	200	204	4	6416	727648	754086	1	0
218.275531	200	204	4	6416	727648	754086	1	0
218.290566	200	204	4	6416	727648	754086	1	0
218.302974	200	204	4	6416	727648	754086	1	0
218.314252	200	204	4	6417	727648	754086	1	0
218.320980	200	204	4	6417	727648	754086	1	0
218.333469	200	204	4	6417	727648	754086	1	0
218.346013	200	204	4	6417	727648	754086	1	0
218.358838	200	204	4	6418	727648	754086	1	0
218.370455	200	204	4	6419	727648	754086	1	0
218.378076	200	204	4	6419	727648	754086	1	0
218.389446	200	204	4	6421	727648	754086	1	0
218.399042	200	204	4	6422	727648	754086	1	0
218.412015	200	204	4	6424	727648	754086	1	0
218.421857	200	204	4	6424	727648	754086	1	0
218.429256	200	204	4	6424	727648	754086	1	0
218.438645	200	204	4	6424	727648	754086	1	0
218.446015	200	204	4	6424	727648	754086	1	0
218.454958	200	204	4	6424	727648	754086	1	0
218.462373	200	204	4	6424	727648	754086	1	0
218.474204	200	204	4	6425	727648	754086	1	0
218.483245	200	204	4	6425	727648	754086	1	0
218.488563	200	204	4	6425	727648	754086	1	0
218.501646	200	204	4	6425	727648	754086	1	0
218.509569	200	204	4	6426	727648	754086	1	0
218.524785	200	204	4	6427	727648	754086	1	0
218.536398	200	204	4	6428	727648	754086	1	0
218.544111	200	204	4	6429	727648	754086	1	0
218.555475	200	204	4	6430	727648	754086	1	0
218.564923	200	204	4	6431	727648	754086	1	0
218.571571	200	204	4	6432	727648	754086	1	0
218.577796	200	204	4	6432	727648	754086	1	0
218.586962	200	204	4	6432	727648	754086	1	0
218.592648	200	204	4	6432	727648	754086	1	0
218.604646	200	204	4	6432	727648	754086	1	0
218.615321	200	204	4	6432	727648	754086	1	0
218.627381	200	204	4	6432	727648	754086	1	0
218.641123	200	204	4	6432	727648	754086	1	0
218.648501	200	204	4	6432	727648	754086	1	0
218.662359	200	204	4	6432	727648	754086	1	0
218.670802	200	204	4	6432	727648	754086	1	0
218.684846	200	204	4	6433	727648	754086	1	0
218.692425	200	204	4	6433	727648	754086	1	0
218.708122	200	204	4	6433	727648	754086	1	0
218.716993	200	204	4	6434	727648	754086	1	0
218.726602	200	204	4	6435	727648	754086	1	0
218.742098	200	204	4	6436	727648	754086	1	0
218.755685	200	204	4	6437	727648	754086	1	0
218.764606	200	204	4	6438	727648	754086	1	0
218.778097	200	204	4	6439	727648	754086	1	0
218.792854	200	204	4	6440	727648	754086	1	0
218.805746	200	204	4	6440	727648	754086	1	0
218.822734	200	204	4	6440	727648	754086	1	0
218.834793	200	204	4	6440	727648	754086	1	0
218.843464	200	204	4	6440	727648	754086	1	0
218.848784	200	204	4	6440	727648	754086	1	0
218.861834	200	204	4	6440	727648	754086	1	0
218.868921	200	204	4	6440	727648	754086	1	0
218.877769	200	204	4	6441	727648	754086	1	0
218.889554	200	204	4	6441	727648	754086	1	0
218.898817	200	204	4	6441	727648	754086	1	0
218.911666	200	204	4	6442	727648	754086	1	0
218.925543	200	204	4	6443	727648	754086	1	0
218.939538	200	204	4	6443	727648	754086	1	0
218.954754	200	204	4	6444	727648	754086	1	0
218.963758	200	204	4	6444	727648	754086	1	0
218.970050	200	204	4	6444	727648	754086	1	0
218.986744	200	204	4	6445	727648	754086	1	0
218.994727	200	204	4	6445	727648	754086	1	0
219.010758	200	204	4	6446	727648	754086	1	0
219.026737	200	204	4	6447	727648	754086	1	0
219.040264	200	204	4	6447	727648	754086	1	0
219.054756	200	204	4	6448	727648	754086	1	0
219.069450	200	204	4	6448	727648	754086	1	0
219.074776	200	204	4	6448	727648	754086	1	0
219.085280	200	204	4	6448	727648	754086	1	0
219.091589	200	204	4	6448	727648	754086	1	0
219.105462	200	204	4	6448	727648	754086	1	0
219.117962	200	204	4	6448	727648	754086	1	0
219.128960	200	204	4	6448	727648	754086	1	0
219.135502	200	204	4	6449	727648	754086	1	0
219.142789	200	204	4	6449	727648	754086	1	0
219.156849	200	204	4	6449	727648	754086	1	0
