seconds	address
0.013680	1dfacc
0.023996	1e0784
0.035907	1f24bb398ed6
0.044123	1e1191
0.054753	1f24bb3966ff
0.060994	1ea137
0.068162	1e9ada
0.078232	1e3741
0.091237	1df975
0.104059	1f24bb49591d
0.118265	1f24bb396862
0.130119	1e12ab
0.145118	1f24bb3966f2
0.156621	1e3148
0.169769	1e0772
0.177009	1f24bb39a076
0.182197	1e07ed
0.190040	1e01f4
0.195594	1e0f5e
0.203909	1eaf45
0.214785	1e06db
0.229356	1df52c
0.237699	1e488f
0.247232	1f24bb39768c
0.252901	1e034a
0.263176	1f24bb396896
0.270464	1f24bb398e91
0.276422	1f24bb396806
0.290844	1e0772
0.305287	1e0e36
0.320216	1df53d
0.329819	1e01f4
0.338291	1e034a
0.348271	1e0813
0.354980	1df513
0.366773	1e0333
0.381831	1f24bb3989d1
0.394128	1f24bb3977c4
0.401465	1e034a
0.412320	1e031d
0.423167	1df8e6
0.437286	1f24bb396862
0.447740	1df7a4
0.461560	1e034a
0.473428	1df513
0.485730	1e01f4
0.499841	1df7a4
0.511367	1df760
0.517124	1e06f0
0.529129	1e076e
0.541280	1eb60d
0.554815	1e034a
0.567384	1f24bb398ad6
0.575982	1f24bb396862
0.583894	1e138f
0.596548	1f24bb39670f
0.609884	1e0772
0.616481	1e076e
0.622932	1eaec2
0.632427	1df513
0.642303	1e034a
0.648978	1f24bb396825
0.660093	1ed0d4
0.672605	1e0772
0.685867	1f24bb39670f
0.694924	1e13ad
0.706034	1e034a
0.713915	1e01f4
0.725011	1df76c
0.730725	1dfe86
0.742025	1f24bb396713
0.748275	1e1188
0.753883	1f24bb39a3b7
0.768927	1e01f4
0.782461	1f24bb398ddd
0.789596	1e9983
0.798675	1e034a
0.810775	1e05f0
0.823584	1e138f
0.837076	1df876
0.850143	1df51b
0.865176	1df513
0.871310	1e0292
0.882723	1f24bb39a1c0
0.888780	1e034a
0.893972	1e0813
0.903199	1e0772
0.915098	1e031d
0.922127	1e05f0
0.935607	1df995
0.945300	1eb65b
0.959288	1e0772
0.968169	1f24bb398ed6
0.977368	1e48c3
0.984595	1e48b8
0.996060	1e01d2
1.003331	1f24bb39a3ad
1.011979	2021e1
1.021167	1e138f
1.026853	1f24bb39a222
1.041735	1f24bb398d30
1.049533	1f24bb49591d
1.061846	1f24bb399870
1.072195	1f24bb49591d
1.078639	1f24bb49591d
1.084065	1e3967
1.094065	1f24bb39a3c2
1.104368	1f24bb39a3c2
1.110075	1f24bb39a3c2
1.116819	1f24bb396709
1.129485	1f24bb396709
1.135456	1f24bb396862
1.144494	1e1294
1.157836	1e1394
1.170127	1f24bb398e57
1.177164	1df45f
1.191165	1e9705
1.204558	1f24bb39a413
1.219405	1f24bb39686a
1.226100	1df513
1.233563	1e138f
1.248021	1e0784
1.257638	1dfa85
1.271522	1df54b
1.282349	1e034a
1.295421	1e031d
1.303455	1e034a
1.308931	1e0784
1.322428	1f24bb39687f
1.337197	1ea159
1.348774	1df99b
1.362704	1f24bb398eec
1.369596	1e8fcb
1.380768	1dfa85
1.392494	1f24bb399870
1.401584	1e138f
1.408412	1e126f
1.421112	1e3148
1.429092	1dfa85
1.439926	1e01f4
1.454739	1e06e4
1.467688	1e01f4
1.474491	1e034a
1.480904	1e034a
1.496143	1e034a
1.510874	1f24bb39670f
1.520565	1e031d
1.529413	1e034a
1.537397	1e0774
1.547116	1e8e50
1.554472	1e8c30
1.566845	1e138f
1.579253	1eae6f
1.593533	1e138f
1.603522	1eaec9
1.615913	1df513
1.630731	1ed137
1.638156	1e18c0
1.644420	1dfb06
1.655392	1df876
1.667460	1e0784
1.682612	1e031d
1.694149	1e031d
1.706547	1e034a
1.718522	1f1eba
1.728831	1e034a
1.734612	1e0252
1.740571	1e031d
1.747703	1e034a
1.762231	1f24bb39670f
1.776272	1f24bb39670f
1.783183	1f24bb3989d1
1.790774	1df513
1.801262	1df513
1.814522	1eae81
1.827651	1e1873
1.835663	1f24bb398ad6
1.846992	1f24bb39897f
1.859464	1df525
1.864946	1e138f
1.877235	1ed137
1.884118	1f24bb41b9ff
1.898251	1dfacc
1.905123	1e8e58
1.917111	1f24bb399870
1.923617	1e8e9f
1.928979	1e031d
1.943432	1e0784
1.953280	1f24bb39a3c2
1.961231	1e0774
1.967431	1e031d
1.974459	1e0784
1.987342	1e01d2
2.001996	1f1ead
2.008271	1e031d
2.020558	1e034a
2.032314	1e031d
2.041453	1f24bb396806
2.056534	1f24bb39670f
2.063959	1f24bb39670f
2.072906	1e0813
2.082607	1f24bb396806
2.089724	1df513
2.097758	1e3148
2.103131	1e135c
2.110886	1e8f73
2.118731	1ea2e1
2.131592	1eb06d
2.140557	1df513
2.150079	1e138f
2.157355	1e0e36
2.163251	1e48c3
2.170475	1ea328
2.176889	1e8f3a
2.184171	1df513
2.191512	1f24bb398e7d
2.203754	1e8fce
2.214345	1e18c0
2.223881	1df53d
2.234551	1df513
2.246898	1f24bb399870
2.259596	1e02ad
2.268807	1e031d
2.280194	1e034a
2.290682	1e01f4
2.297744	1e034a
2.303105	1e034a
2.315714	1e0358
2.330041	1e01f4
2.340145	1e029f
2.354055	1f24bb39772f
2.366445	1e034a
2.376762	1e0601
2.389487	1e034a
2.398632	1e0772
2.407737	1f24bb396806
2.415244	1f24bb39691b
2.425274	1f24bb39670f
2.434895	1f24bb396806
2.445633	1df513
2.457767	1e0f5e
2.471618	1df76c
2.479184	1e4867
2.487935	1e034a
2.495378	1e034a
2.508063	1e034a
2.515240	1e0784
2.522612	1f24bb396806
2.535458	1e0772
2.540928	1f24bb3966ff
2.554259	1df9fa
2.566192	1e034a
2.573659	1e13a0
2.583643	1e0784
2.589974	1e0777
2.598185	1f24bb396709
2.606106	1df53d
2.620612	1e99d4
2.626691	1e031d
2.637029	1f24bb396896
2.648503	1f24bb39a167
2.660565	1e0772
2.671265	1df513
2.681343	1df53d
2.688323	1df995
2.703132	1e034a
2.712269	1df995
2.723271	1df51b
2.733771	1df76c
2.745418	1ce4d9
2.757735	1df513
2.769532	1e05f0
2.784043	1e01f4
2.798080	1e031d
2.810865	1e3148
2.824641	1e0f45
2.836161	1e034a
2.844461	1e3148
2.859040	1df876
2.869976	1df513
2.881315	1e01f4
2.890945	1df995
2.897036	1e0303
2.908268	1df513
2.914859	1e031d
2.923719	1df53d
2.934933	1df876
2.941465	1e138f
2.947326	1e06ba
2.952881	1f24bb396862
2.963434	1e076e
2.971878	1f24bb396933
2.979276	1e9abc
2.986399	1e01f4
2.997791	1f24bb39897b
3.007220	1f24bb396806
3.022386	1f24bb3976ff
3.031841	1f24bb49591d
3.038192	1e076e
3.046739	1e034a
3.061438	1e0589
3.069329	1f24bb396896
3.080476	1e034a
3.091711	1df513
3.104052	1e076e
3.112392	1df995
3.121149	1e076e
3.135069	1df923
3.142047	1e034a
3.150344	1df7a4
3.159165	1e138f
3.166467	1f24bb39a41b
3.178481	1e0f5e
3.184129	1e034a
3.194443	1e0e36
3.203324	1e034a
3.213614	1df513
3.218949	1df513
3.233084	1e034a
3.245626	1f24bb39a210
3.253928	1e01f4
3.265455	1df513
3.279363	1e031d
3.291911	1f24bb39772b
3.306593	1df876
3.319879	1e0210
3.332131	1df995
3.340991	1e031d
3.347561	1e98e3
3.361086	1e0784
3.368495	1f24bb396825
3.375302	1e138f
3.384447	1e01f4
3.394408	1f24bb398e2f
3.402433	1e0601
3.412641	1e031d
3.425946	1e3148
3.439449	1df513
3.451229	1e9806
3.460643	1df957
3.469528	1e0784
3.475886	1e034a
3.490520	1f24bb396709
3.504775	1e3148
3.518878	1ea07a
3.527833	1df54b
3.534170	1e8cae
3.540643	1df513
3.550693	1e034a
3.565763	1e034a
3.571622	1e05f0
3.583244	1e0601
3.590377	1e0813
3.598281	1f24bb396806
3.609749	1f24bb398f07
3.617885	1e138f
3.630366	1df513
3.640351	1df4a2
3.649742	1df8e2
3.663787	1f24bb398970
3.671372	1df513
3.686252	1e034a
3.698174	1e034a
3.711652	1e0813
3.718501	1e034a
3.729447	1e034a
3.743784	1e031d
3.757383	1f24bb396718
3.772505	1df4ca
3.778087	1e138f
3.785668	1eaead
3.796451	1e0784
3.809855	1e48bc
3.815501	1e3148
3.826798	1dfe63
3.838444	2021c4
3.846918	1e138f
3.861539	202211
3.868599	1e01bc
3.873855	1e031d
3.883497	1e034a
3.890879	1e034a
3.903669	1e031d
3.914606	1e034a
3.923771	1e034a
3.935168	1e034a
3.944960	1e034a
3.957549	1f24bb396806
3.965310	1f24bb396806
3.977558	1df9b4
3.991463	1df513
4.004721	1f24bb398d46
4.014458	1e076e
4.021775	1e0f5e
4.033933	1dfa22
4.047559	1df76c
4.060621	1df995
4.069734	1df513
4.084756	1e0784
4.096221	1e034a
4.110620	1e0772
4.120341	1e034a
4.133824	1e034a
4.143415	1e07ed
4.156188	1e034a
4.168352	1e034a
4.176562	1e0784
4.183804	1e05f0
4.197840	1e034a
4.205840	1e031d
4.219323	1e031d
4.226638	1f24bb396806
4.232864	1f24bb396896
4.246046	1f24bb3968b2
4.258151	1f24bb39670f
4.268178	1e9066
4.281537	1f24bb398e45
4.287459	1df513
4.297723	1f24bb39a167
4.307598	1e4899
4.315642	1e138f
4.321406	1e0e36
4.329780	1e138f
4.338797	1e1257
4.351613	1e138f
4.365244	1e8c03
4.379851	1df76c
4.391888	1e8ca7
4.398556	1e02e7
4.409376	1e0774
4.417627	1e0813
4.426481	1e034a
4.439847	1e034a
4.450150	1f1e96
4.459557	1f24bb397754
4.471118	1e0784
4.481481	1e034a
4.493527	1e034a
4.508208	1e0601
4.519954	1e06ba
4.531528	1f24bb39684a
4.539902	1f24bb396896
4.547933	1f24bb396806
4.557216	1f24bb396806
4.567901	1df513
4.573352	1df513
4.583152	1eaead
4.588812	1f24bb3989d1
4.603756	1e0780
4.617797	1dfe91
4.623205	1e48f0
4.636871	1e138f
4.648971	2021da
4.661403	1e031d
4.671441	1e0343
4.685760	1e0813
4.694857	1e0784
4.701842	1e0307
4.710058	1e034a
4.717693	1e01f4
4.731113	1e034a
4.737160	1e034a
4.748765	1f24bb396806
4.759267	1e0784
4.772003	1e138f
4.778362	1f24bb39a09d
4.790758	1df76c
4.800323	1e0e36
4.809202	1e0772
4.814840	1e034a
4.825070	1e031d
4.839941	1e05f0
4.851916	1eaea1
4.859413	1ea077
4.870299	1e0e51
4.877215	1e8d8a
4.883213	1f24bb39a178
4.890684	1df513
4.897559	1df54b
4.903722	1e0e36
4.917299	1e034a
4.922730	1e0784
4.934892	1e0784
4.945116	1e0601
4.956645	1e0563
4.963832	1f24bb3977c4
4.977719	1f24bb39687f
4.990364	1df513
4.996642	1e3148
5.011264	1e0772
5.016924	1e48ae
5.027335	1e3148
5.040508	1df4b7
5.048081	1df6ad
5.053547	1df68f
5.059590	1df54b
5.071359	1e0772
5.081497	1e05f0
5.095394	1e034a
5.101124	1e031d
5.111720	1e0813
5.118018	1e034a
5.129243	1e034a
5.135600	1e0784
5.147150	1e0772
5.154344	1e0670
5.160346	1f24bb396806
5.168543	1f24bb396709
5.177840	1e9f72
5.192024	1eb158
5.199952	1f24bb399560
5.206948	1e0784
5.219592	1e0fab
5.228703	1df513
5.242783	1e0fca
5.255543	1e0772
5.263130	1f24bb39a167
5.276218	1e138f
5.285503	1eaead
5.291385	1f24bb3977c8
5.300137	1e0772
5.306980	1e034a
5.313877	1e034a
5.321402	1f24bb39a413
5.336514	1f24bb39768c
5.343457	1e031d
5.353068	1e034a
5.360356	1e0784
5.366522	1e0813
5.380782	1e034a
5.394797	1f24bb396806
5.400069	1f24bb396896
5.407568	1f24bb39670f
5.417224	1f24bb39670f
5.428060	1f24bb399648
5.442320	1df513
5.449968	1e0784
5.465034	1eae71
5.477496	1e4870
5.491582	1df957
5.497204	1df513
5.505559	1df513
5.510901	1df4a2
5.522982	1df418
5.534308	1dfe9b
5.543109	1e133b
5.550159	1eb133
5.557378	1e034a
5.563787	1e034a
5.575100	1e034a
5.588825	1e034a
5.598679	1e034a
5.609179	1e031d
5.623335	1f1eba
5.632959	1e034a
5.642069	1f24bb3976c2
5.650648	1e06e9
5.663783	1e034a
5.677204	1e034a
5.686421	1e034a
5.695100	1f24bb396806
5.701632	1f24bb396862
5.707870	1f24bb39670f
5.721044	1eae18
5.730015	1df876
5.744906	1dfa15
5.753400	1eb6a8
5.764481	1e8f64
5.771573	1df513
5.781958	1eaead
5.793033	1e118a
5.807171	1df513
5.816096	1e138f
5.826814	1df513
5.837848	1e0325
5.850258	1e031d
5.862355	1e0601
5.874814	1e034a
5.885399	1e034a
5.891863	1e06f0
5.903477	1e031d
5.912917	1e034a
5.926694	1e02c5
5.936191	1e031d
5.941878	1e034a
5.955223	1f24bb396806
5.968112	1f24bb396929
5.973635	1f24bb396896
5.982468	1e034a
5.994739	1e0784
6.007921	1e8d5f
6.021809	1e0772
6.028065	1e031d
6.034915	1e0772
6.043131	1e3738
6.048601	1df995
6.058311	1e034a
6.066472	1e031d
6.073560	1e034a
6.084282	1e3734
6.098275	1e8d8a
6.105603	1e01f4
6.115734	1f24bb39687f
6.125572	1f24bb39670f
6.132142	1e034a
6.140815	1e034a
6.147946	1e0772
6.159010	1b9f33
6.170616	1e034a
6.183872	1e034a
6.198552	1e138f
6.209528	1e0772
6.224353	1e07f9
6.238520	1e01f4
6.251744	1e034a
6.266209	1df94b
6.274274	1e0772
6.285174	1e98ec
6.296644	1e99c7
6.302376	1e0772
6.316542	1e034a
6.330125	1f24bb39a3c2
6.341768	1e1353
6.352282	1e3148
6.363294	1f24bb39687f
6.376136	1e034a
6.388383	1e3208
6.402056	1f24bb39935c
6.416067	1df513
6.424563	1e034a
6.436674	1e0e36
6.443121	1e0813
6.455104	1df8f2
6.461630	1e034a
6.473072	1dfeae
6.480627	1e031d
6.493576	1e031d
6.507014	1e9975
6.517445	1e0563
6.524856	1df513
6.532139	1e99b0
6.542319	1e034a
6.548678	1e3766
6.554428	1e0772
6.565018	1f24bb39a3c2
6.577876	1e3148
6.585527	1e031d
6.596297	1e12df
6.602989	1e031d
6.608706	1e05f0
6.621288	1e9a5c
6.627320	1e034a
6.634100	1e06ba
6.639960	1f24bb3968b2
6.648101	1e0772
6.662224	1f24bb39670f
6.670830	1e3148
6.677248	1e031d
6.690947	1dfa2e
6.705770	1e034a
6.719292	1e9acc
6.727143	1e076e
6.736874	1df513
6.749985	1e034a
6.756883	1f24bb39687f
6.772013	1e05f0
6.782228	1e0601
6.794441	1df995
6.806837	1e314b
6.821617	1ea44e
6.834619	1e034a
6.840977	1e031d
6.846199	1e034a
6.851394	1e076e
6.857421	1e034a
6.866130	1f24bb396933
6.874438	1eb16a
6.886665	1e8e7e
6.893750	1df513
6.901889	1e0772
6.915414	1df513
6.925018	1e138f
6.932371	1e031d
6.944625	1f1e96
6.954995	1e034a
6.969505	1e021c
6.983527	1e034a
6.990689	1f24bb396806
7.000981	1f24bb396806
7.008674	1dfa2e
7.023105	1e3148
7.037514	1df53d
7.047438	1df513
7.053355	1df513
7.060182	1e138f
7.072849	1eb127
7.083790	1df418
7.092991	2021e1
7.100602	1e138f
7.107825	1e01f4
7.121536	1e034a
7.130377	1e034a
7.142787	1e034a
7.151902	1e034a
7.159236	1e031d
7.170609	1e0780
7.176153	1e031d
7.186397	1e034a
7.193631	1e0325
7.208801	1f24bb3966ee
7.216302	1f24bb39686a
7.227015	1df513
7.238542	1e9f0e
7.247362	1e0f5e
7.260369	1df513
7.268407	1df76c
7.274106	1eb142
7.285940	1df957
7.294376	1df6c1
7.299942	1df9bb
7.306279	1df957
7.318129	1df51b
7.326506	1df7a4
7.332554	1eb5f1
7.344808	1f24bb39934a
7.353802	1e02f1
7.361989	1e034a
7.372107	1e02bb
7.379895	1e034a
7.385787	1e034a
7.393400	1e0563
7.402035	1e034a
7.407687	1e034a
7.418698	1e01f4
7.430213	1e01d2
7.445096	1e01f4
7.455661	1e02be
7.467086	1f24bb396709
7.473931	1f24bb3968db
7.486572	1e0772
7.495775	1f24bb398dcb
7.510970	1df513
7.522389	1df51b
7.531634	1df995
7.546183	1eb5f1
7.552745	1e48c3
7.564972	1e4899
7.574768	1eaead
7.584949	1e138f
7.595430	1e0772
7.602215	1e48ca
7.610778	1df513
7.624000	1e034a
7.635308	1e01f4
7.648159	1e031d
7.661095	1e031d
7.668857	1e0784
7.683513	1f24bb39a3b7
7.692654	1e034a
7.703840	1e0343
7.710464	1e077c
7.722754	1e034a
7.732540	1e0772
7.744738	1e031d
7.756779	1f24bb396806
7.768642	1f24bb39670f
7.783659	1e8c0b
7.789944	1f24bb39a1c5
7.799131	1eb154
7.809876	1e12c9
7.815486	1df513
7.822202	1e138f
7.831987	1e138f
7.844729	1e076e
7.855601	1e0e36
7.862854	1e48c6
7.876648	202294
7.889438	1f24bb398abf
7.901775	1e0f5e
7.909307	1ea44c
7.915698	1e079c
7.928014	1df54b
7.943141	1e034a
7.948634	1e031d
7.958801	1e034a
7.969805	1e031d
7.978482	1e031d
7.988334	1e034a
7.995221	1f24bb39767e
8.008235	1e0343
8.018131	1e034a
8.031613	1e0813
8.046754	1e034a
8.060363	1e06ba
8.066769	1e076e
8.074828	1e031d
8.086918	1e034a
8.098632	1e031d
8.106839	1f24bb39680c
8.120507	1f24bb396862
8.131381	1f24bb39670f
8.138256	1f24bb39670f
8.147379	1df876
8.154786	1e57f1
8.168868	1df513
8.174305	1df8ee
8.188200	1df513
8.196412	1c1c50
8.209657	1e5619
8.217185	1f24bb398e12
8.225254	1e0784
8.237672	1e292f
8.246036	1e3148
8.257061	1e3148
8.265652	1e532a
8.277918	1f24bb49591d
8.288509	1e38cc
8.297031	1f24bb49591d
8.305432	1f24bb49591d
8.311634	1e45d7
8.324330	1c1a69
8.337562	1f24bb49591d
8.344125	1f24bb49591d
8.352708	1f24bb49591d
8.365832	1f24bb49591d
8.377036	1e38cc
8.389064	1e45d7
8.394425	1e3148
8.408429	1f24bb399874
8.414577	1f24bb49591d
8.429589	1f24bb49591d
8.442966	1f24bb49591d
8.448384	1f24bb49591d
8.454631	1f24bb49591d
8.466275	1f24bb49591d
8.472917	1f24bb49591d
8.486736	1e3148
8.497191	1e45d7
8.503675	1e3148
8.513992	1f24bb39a3c2
8.523490	1f24bb3976fb
8.533060	1f24bb39a3c2
8.547857	1f24bb39a3c2
8.553915	1f24bb39a3c2
8.559436	1db259
8.573511	1f24bb39a3c2
8.580122	1f24bb39a3c2
8.589271	1f24bb397721
8.601819	1f24bb39a3c2
8.608885	1f24bb413bcb
8.617948	1f24bb396862
8.631512	1f24bb396806
8.644941	1f24bb396806
8.655681	1f24bb396709
8.662292	1f24bb396806
8.668825	1f24bb396709
8.682999	1f24bb396842
8.695432	1f24bb396709
8.704247	1f24bb396862
8.718734	1f24bb39670f
8.729406	1f24bb396709
8.743043	1f24bb396806
8.753509	1e0772
8.763501	1e034a
8.776984	1e034a
8.787853	1e06ba
8.793154	1e06e9
8.806506	1f24bb396896
8.821509	1e3746
8.832285	1df513
8.838352	1df513
8.846019	1df876
8.854740	1df513
8.860556	1e0e36
8.871092	1e0784
8.883793	1ea3a1
8.893300	1e9738
8.905939	1f24bb399042
8.912850	1f24bb39a238
8.922216	1e0784
8.936823	1f24bb398e12
8.945084	1e138f
8.951322	1df995
8.962712	1df513
8.968238	1ea3e6
8.979927	1df51b
8.993926	1e0f5e
9.003753	1df513
9.009396	1e0563
9.017255	1e0780
9.030717	1e031d
9.041483	1e034a
9.052369	1f24bb39a3d5
9.063361	1e034a
9.076358	1e031d
9.084125	1e034a
9.098061	1e031d
9.111391	1e034a
9.119750	1e0813
9.134121	1f24bb396806
9.149018	1f24bb396862
9.157342	1f24bb396806
9.168377	1df995
9.178859	1df513
9.188826	1e9018
9.203175	1df4d1
9.217321	1e1278
9.226303	1f24bb49595b
9.234174	1e138f
9.239510	1eae48
9.251334	1e138f
9.263390	1e0784
9.277373	1e138f
9.284689	1e9723
9.295581	1df513
9.310125	1dfa85
9.316208	1dfb06
9.324809	1e48ab
9.330458	1df53d
9.340840	1e138f
9.349856	1e138f
9.355329	1e188c
9.364935	1dfa85
9.372069	1f24bb398ddd
9.383043	1df876
9.397372	1eb69b
9.404426	1df513
9.410875	1ea3bf
9.421176	1e8db7
9.427124	1dfa85
9.437041	1f24bb399870
9.448393	1e8d5f
9.457919	1e031d
9.464952	1e034a
9.478199	1e0563
9.485116	1e031d
9.499819	1f24bb39a3c5
9.511944	1e031d
9.518479	1e0813
9.524634	1e05f0
9.537759	1e034a
9.543339	1e0589
9.557331	1e034a
9.564709	1e0601
9.572853	1e031d
9.579590	1e0772
9.593784	1e034a
9.608839	1e02e7
9.619364	1f24bb397666
9.625210	1e0813
9.631370	1e031d
9.639758	1f24bb39a3c2
9.645143	1e0813
9.658727	1e034a
9.669605	1e034a
9.676307	1e0614
9.687859	1f24bb396896
9.696766	1f24bb396806
9.702039	1f24bb39670f
9.709527	1f24bb3966ee
9.717518	1f24bb39670f
9.724401	1f24bb39670f
9.737953	1e034a
9.748994	1df513
9.762220	1e118a
9.773375	1e8d92
9.783219	1e0f5e
9.796671	1df513
9.805313	1e3148
9.816593	1ea3f3
9.823637	1e9720
9.831929	1e3148
9.843046	1df513
9.849284	1f24bb49595b
9.858380	1f24bb495947
9.866604	2021e1
9.873138	1e5e71
9.885792	1e0f5e
9.898466	1df513
9.910259	1e138f
9.917443	1e0e36
9.927999	1df513
9.933570	1df76c
9.938922	1f24bb398d46
9.944670	1eb65b
9.956678	1eadbe
9.970715	1df513
9.981619	1df513
9.989375	1e8d5f
9.995967	1e1394
10.005857	1e138f
10.011631	1df432
10.023768	1dfacc
10.030150	1e0f80
10.038477	1f24bb399870
10.046702	1e18cb
10.058648	1dfb06
10.069585	1e12e9
10.076381	1dfa85
10.082244	1dfa85
10.089914	1dfa85
10.098687	1df53d
10.106146	1df53d
10.119273	1e9f65
10.128990	1dfa85
10.134405	1e3148
10.140036	1eae7d
10.145640	1f24bb39a06a
10.157952	1dfa85
10.171565	1df54b
10.186513	1e3148
10.192874	1dfa85
10.201057	1df513
10.213899	1e034a
10.225508	1e034a
10.236431	1e0358
10.241982	1e034a
10.250158	1e034a
10.263995	1e034a
10.271624	1e034a
10.281954	1e034a
10.294302	1e031d
10.300295	1e031d
10.305505	1e031d
10.320188	1e0784
10.327160	1e01f4
10.335152	1e034a
10.345884	1e034a
10.356974	1e034a
10.363057	1e0601
10.376979	1e031d
10.388120	1e034a
10.393547	1e034a
10.401238	1f24bb39777f
10.414921	1e078b
10.428654	1e034a
10.439342	1e0774
10.445960	1e059a
10.454199	1e05f0
10.460304	1e031d
10.474975	1e031d
10.487156	1e031d
10.502291	1e034a
10.507997	1e031d
10.513952	1e034a
10.522932	1e034a
10.532030	1e0813
10.539325	1e034a
10.549258	1e034a
10.555254	1e0784
10.566081	1e034a
10.577464	1e034a
10.587638	1e031d
10.597096	1f24bb396806
10.610404	1f24bb396806
10.625491	1f24bb3968ea
10.639875	1f24bb39670f
10.649417	1f24bb396896
10.664339	1f24bb398e91
10.672351	1df7a4
10.687537	1e8caa
10.700329	1e0f5e
10.709639	1df513
10.715260	1e3148
10.720654	1e48b8
10.727824	1df513
10.738188	1f24bb398dcb
10.745551	1e8fc0
10.754649	1e138f
10.764018	1e8b98
10.770106	1ecbea
10.779700	1e1191
10.791429	1df513
10.804567	1f24bb398eb4
10.810769	1e8e8b
10.820384	1f24bb3993a1
10.833542	1df4d8
10.841167	1df513
10.855108	1e0f52
10.865078	1df513
10.875771	1df513
10.887210	1e0e36
10.896441	1f24bb398e45
10.904457	1e8e6a
10.915924	1df513
10.921941	1df513
10.933088	1e138f
10.942816	1df513
10.949428	1df53d
10.960057	1e0784
10.970289	1e0784
10.981572	1df529
10.995586	1df54b
11.006089	1df788
11.013234	1e13a0
11.024343	1df513
11.035686	1f24bb3993b0
11.049129	1df513
11.054361	1df513
11.063888	1ecb40
11.078720	1eaead
11.085042	1df513
11.090863	1df513
11.099236	1f24bb39820b
11.112949	1dfa85
11.124456	1df513
11.136216	1f24bb399870
11.144492	1f24bb399870
11.152185	1f24bb399870
11.162132	1df7a4
11.173377	1e138f
11.184121	1eb6a2
11.193927	1eb6a2
11.201199	1eb6a2
11.215940	1dfa85
11.227585	1f24bb399870
11.234735	1dfa85
11.241554	1e1821
11.248615	1dfa85
11.255311	1eb69b
11.269192	1dfa85
11.281894	1e9f65
11.291970	1dfa85
11.298850	1f24bb399870
11.313320	1dfa85
11.319252	1e18c0
11.329490	1dfa85
11.335302	1eb69b
11.343020	1eb69b
11.353033	1e1873
11.365520	1ed137
11.378972	1e138f
11.391594	1dfa85
11.402764	1eb69b
11.408329	1e12db
11.415658	1df513
11.430549	1f24bb399870
11.438803	1df513
11.444827	1f24bb399870
11.450526	1ed137
11.460645	1dfabe
11.468683	1dfabe
11.478166	1f24bb399870
11.487203	1f24bb399870
11.497264	1f24bb399870
11.503093	1dfabe
11.510741	1ed137
11.522589	1eb69b
11.535880	1df513
11.541351	1df513
11.546675	1dfe8d
11.558404	1df513
11.563974	1e0772
11.570178	1e031d
11.578906	1e034a
11.584783	1e05c9
11.595148	1e034a
11.602749	1e034a
11.608739	1e034a
11.623628	1e034a
11.637563	1e034a
11.643431	1e034a
11.656081	1e034a
11.661913	1e034a
11.676001	1e031d
11.688896	1e031d
11.703340	1e0772
11.710820	1e031d
11.719427	1e031d
11.731514	1e031d
11.744113	1e031d
11.758035	1e076e
11.766395	1e031d
11.776550	1e0784
11.781826	1e0210
11.794194	1e031d
11.803430	1e031d
11.809139	1e031d
11.818482	1e031d
11.825704	1e034a
11.831642	1e034a
11.836880	1e031d
11.845442	1e031d
11.856677	1e031d
11.861921	1e034a
11.869519	1e034a
11.875063	1e034a
11.882127	1e031d
11.891008	1e034a
11.899998	1e034a
11.909643	1e0591
11.917984	1e034a
11.925194	1e034a
11.938364	1e034a
11.946645	1e031d
11.955455	1f24bb39778e
11.966023	1e06ba
11.979076	1e031d
11.984843	1e031d
11.993446	1e034a
12.005573	1e031d
12.018195	1e0660
12.032409	1e034a
12.045933	1e034a
12.058729	1f1e96
12.064099	1e031d
12.076219	1e0784
12.086066	1e034a
12.095263	1e034a
12.102074	1e07ed
12.114229	1e02f9
12.128961	1e034a
12.139068	1e0660
12.147683	1e06ba
12.157554	1e034a
12.171105	1f24bb396806
12.178834	1f24bb39685e
12.190825	1f24bb396862
12.199343	1f24bb396806
12.210527	1f24bb396806
12.222407	1f24bb396709
12.233732	1f24bb396806
12.244339	1f24bb396806
12.257860	1f24bb495ca7
12.269078	1f24bb495ca7
12.278433	1f24bb495ca7
12.290716	1f24bb495c97
12.302085	1f24bb495ca7
12.314425	1df4ea
12.321501	1f24bb39a060
12.332807	1df8e2
12.338515	1e138f
12.349415	1e076e
12.356167	1e8b76
12.365800	1e96f0
12.370995	1df513
12.377240	1df513
12.389644	1e0f5e
12.396713	1e8cc0
12.402978	1e0784
12.416085	1e3148
12.429418	1df995
12.441539	1e48de
12.447539	1df513
12.459836	1df94b
12.474360	1f24bb39904a
12.483945	1df9ad
12.498559	1ea0b2
12.509373	1df513
12.514838	1f24bb398eb4
12.521944	1e48de
12.529553	1e12f6
12.534769	1e96fa
12.542095	1e138f
12.548236	1e0f84
12.556631	1df513
12.567716	1df53d
12.578154	1eb07d
12.591040	1e9708
12.597869	1eaead
12.612536	1e138f
12.622894	1e0f25
12.629405	1f24bb399340
12.640554	1df513
12.651238	1df513
12.664146	1eadbe
12.669872	1df54b
12.681811	1e48f0
12.688805	1e1191
12.703707	1df513
12.716919	1e138f
12.726710	1ed117
12.735044	1ea3d1
12.747166	1df513
12.759493	1ecb64
12.770368	1e138f
12.779194	1f24bb399394
12.785791	1df513
12.794212	1df513
12.807756	1df513
12.816416	1eae81
12.831075	1df513
12.845417	1df4ff
12.857706	1e181a
12.870522	1df513
12.885627	1df513
12.897107	1f24bb398ed2
12.911646	1dfabe
12.921266	1e18c0
12.926787	1dfa85
12.934860	1ed13e
12.944103	1df912
12.955584	1eb6a2
12.968335	1eb69b
12.973862	1df513
12.988452	1ed13e
13.000760	1f24bb399870
13.014274	1f24bb399870
13.027267	1ed137
13.036629	1e8d8a
13.042786	1ed13e
13.054951	1df513
13.070090	1dfe8d
13.079168	1eb69b
13.086249	1eb69b
13.098149	1f24bb398ddd
13.105496	1e0e36
13.120308	1f24bb399870
13.129113	1dfa85
13.142503	1ed13e
13.148705	1ed137
13.158567	1f24bb399870
13.172217	1dfac7
13.178514	1eb69b
13.185944	1eb69b
13.192359	1e0f5e
13.204507	1f24bb399870
13.219006	1dfa85
13.227395	1f24bb39820b
13.235691	1f24bb399870
13.249353	1f24bb399870
13.257508	1dfa85
13.266819	1f24bb49610a
13.275872	1dfa85
13.286115	1e8c03
13.298155	1dfa85
13.306340	1eb154
13.315071	1eb69b
13.321343	1df876
13.329578	1e12df
13.342709	1dfa85
13.355024	1dfa85
13.364964	1dfe8d
13.371885	1e9f65
13.386327	1f24bb399870
13.400213	1dfacc
13.406107	1eb6a2
13.418510	1eb69b
13.429371	1dfa85
13.438184	1dfacc
13.445408	1f24bb495947
13.456258	1dfb06
13.462530	1f24bb399870
13.469393	1f24bb399870
13.479122	1dfa85
13.494044	1e18c0
13.506614	1e3148
13.519210	1dfacc
13.530239	1dfa85
13.539245	1e0784
13.550681	1e034a
13.564923	1e034a
13.574939	1e01bc
13.585765	1e031d
13.593401	1e0325
13.605560	1e034a
13.620363	1e034a
13.633074	1e034a
13.645761	1e031d
13.659619	1e034a
13.665998	1e034a
13.676772	1e031d
13.682948	1e034a
13.693777	1e034a
13.701798	1e0784
13.708935	1e031d
13.717627	1e034a
13.722959	1e0784
13.732739	1e031d
13.741486	1e031d
13.751143	1e031d
13.757303	1e0784
13.764007	1e031d
13.774325	1e031d
13.784731	1e031d
13.793878	1e031d
13.801781	1e034a
13.812924	1e034a
13.827738	1e0784
13.834197	1e034a
13.848586	1e02ee
13.862733	1e02b7
13.876607	1e05f0
13.889750	1f24bb397660
13.900030	1e031d
13.912813	1e01f4
13.920280	1e034a
13.934998	1e034a
13.941569	1e031d
13.954646	1e0772
13.966626	1e031d
13.976252	1e031d
13.991075	1f24bb3976ff
14.002630	1e031d
14.008073	1e034a
14.020881	1e0664
14.026596	1e034a
14.038480	1e031d
14.047184	1e034a
14.056648	1e034a
14.068799	1e034a
14.081295	1e01f4
14.089750	1e01f4
14.095190	1e031d
14.103604	1e0660
14.110293	1e01d2
14.117301	1e05f0
14.128553	1e031d
14.143538	1e0660
14.151348	1e031d
14.165958	1e0772
14.172132	1e0660
14.186150	1e034a
14.196845	1e0772
14.206448	1e0660
14.215019	1e0660
14.221692	1e034a
14.234910	1e0660
14.245892	1e0660
14.252414	1f24bb396896
14.261964	1f24bb396896
14.268931	1f24bb396806
14.278493	1f24bb396806
14.289038	1f24bb396806
14.302562	1f24bb39670f
14.311358	1f24bb396709
14.325609	1f24bb3968e5
14.333820	1f24bb396806
14.347216	1f24bb396806
14.360245	1f24bb39670f
14.373729	1e3148
14.388501	1e96fa
14.394091	1e138f
14.400927	1df995
14.413850	1e0e36
14.423579	1e138f
14.437336	1df53d
14.446246	1e0f5e
14.454341	1df886
14.464710	1df513
14.475987	1e0e36
14.488971	1df513
14.497997	2021bd
14.508871	1e138f
14.521380	1df53d
14.530794	1df513
14.537045	1eaead
14.543440	1e314f
14.558295	1df7a4
14.571545	1f24bb495884
14.580135	1df513
14.589086	1df513
14.601842	1eae7d
14.613013	1e1221
14.622043	1e0780
14.627700	1e48bf
14.638719	1df513
14.644805	1df513
14.655034	1df513
14.666524	1e079c
14.676201	1dfe86
14.683051	1e138f
14.690033	1eb154
14.704411	1eae7d
14.713105	1e138f
14.726392	1df513
14.732406	1e8b65
14.738401	1eaf08
14.747365	1df53d
14.758772	1eaead
14.773825	1df513
14.785196	1df95c
14.793695	1df513
14.803268	1df513
14.814711	1df513
14.822026	1df47c
14.833609	1f24bb398ad6
14.841945	1df513
14.850491	1df513
14.864944	1df513
14.872871	1e97b8
14.880758	1eb00f
14.891972	1e0784
14.899722	1df513
14.911741	1df513
14.924225	1df513
14.937824	1df513
14.949615	1df53d
14.956875	1f24bb398e22
14.969511	1e0784
14.977638	1df513
14.991851	1df513
15.003540	1dfeaa
15.017536	1df957
15.030795	1eb5e0
15.041369	1e0784
15.053296	1dfa22
15.062285	1df513
15.070055	1e906d
15.077702	1e138f
15.092596	1ed137
15.105296	1f24bb399870
15.111747	1eb69b
15.125981	1eb69b
15.137826	1ed137
15.146932	1df53d
15.152126	1ea12d
15.162399	1dfacc
15.168087	1df513
15.177761	1dfa85
15.190732	1ed137
15.204012	1e18c0
15.217678	1dfa85
15.226503	1dfa85
15.238467	1eb69b
15.249667	1e138f
15.257980	1f24bb399870
15.264273	1e18c0
15.272587	1e18c0
15.284278	1df513
15.290721	1dfa85
15.304837	1df513
15.316727	1eb69b
15.327060	1dfa85
15.337440	1dfa85
15.350411	1df513
15.361760	1dfa85
15.370084	1df513
15.383079	1f24bb399870
15.396564	1dfa85
15.411260	1df513
15.422989	1f24bb399870
15.433705	1f24bb399870
15.439538	1e137e
15.448068	1e9f65
15.453723	1f24bb399870
15.468725	1dfa85
15.474178	1e18c0
15.484337	1dfb06
15.492911	1dfa85
15.507420	1ed137
15.517112	1f24bb399870
15.528956	1df513
15.535389	1dfa85
15.549263	1eb6a2
15.559027	1dfabe
15.567544	1dfb06
15.581829	1df53d
15.589658	1dfabe
15.602091	1f24bb398e22
15.614909	1dfe8d
15.628796	1eb65b
15.634472	1eb69b
15.647945	1dfe8d
15.655005	1dfa85
15.663531	1dfe8d
15.674046	1ed13e
15.679624	1dfb06
15.691994	1eae61
15.701596	1dfa85
15.714818	1dfac7
15.726090	1df8ce
15.739984	1dfac7
15.748835	1dfabe
15.761744	1e9f65
15.772351	1dfa85
15.778587	1e0f52
15.786951	1e138f
15.799782	1dfb06
15.809749	1e18c0
15.824898	1df513
15.831487	1ed137
15.841958	1df513
15.852143	1e0772
15.865588	1e034a
15.871177	1e0784
15.879939	1e031d
15.886824	1e0813
15.901348	1e031d
15.915654	1e034a
15.926907	1e031d
15.935267	1e02bb
15.941849	1e034a
15.950914	1e034a
15.963295	1e034a
15.969544	1e034a
15.982497	1e034a
15.996069	1e034a
16.006293	1e031d
16.020203	1e034a
16.031307	1e0601
16.043697	1e031d
16.056123	1f1e96
16.062528	1e031d
16.074091	1e034a
16.084004	1e034a
16.094043	1f24bb39778e
16.108268	1e031d
16.119769	1e034a
16.129940	1e031d
16.137075	1e031d
16.147686	1e034a
16.154740	1e031d
16.161109	1e031d
16.173563	1e034a
16.183161	1e034a
16.189780	1e031d
16.196677	1e031d
16.204188	1e034a
16.214556	1e031d
16.224437	1e034a
16.233056	1e034a
16.240547	1e031d
16.247275	1e05e4
16.258639	1e034a
16.268844	1e031d
16.278434	1e031d
16.293591	1e034a
16.306628	1f24bb3976f1
16.321407	1e0784
16.334062	1e031d
16.348453	1e01f4
16.360305	1e05f0
16.371910	1e031d
16.383589	1e031d
16.398329	1e031d
16.406141	1e01f4
16.417003	1e031d
16.422700	1e034a
16.429962	1e05f0
16.442207	1e031d
16.454532	1e0601
16.459934	1e034a
16.468097	1e034a
16.480535	1e06e4
16.487245	1e034a
16.500517	1e031d
16.509204	1e034a
16.521242	1e031d
16.530733	1e034a
16.543654	1e034a
16.550461	1e031d
16.565355	1e031d
16.574423	1e02a3
16.581561	1e034a
16.592019	1e034a
16.603664	1e0660
16.609729	1e031d
16.624158	1e031d
16.633533	1e031d
16.643165	1e034a
16.649845	1e031d
16.656113	1e031d
16.662195	1e0772
16.672338	1e034a
16.684576	1e034a
16.698033	1e034a
16.708900	1e031d
16.716545	1e077c
16.727359	1e034a
16.739376	1e0601
16.754392	1e034a
16.762022	1f24bb396862
16.771026	1f24bb396896
16.781818	1f24bb39687f
16.794447	1f24bb396806
16.806051	1f24bb396862
16.815777	1f24bb396862
16.823603	1f24bb3966ee
16.829682	1f24bb396896
16.839385	1f24bb3966ff
16.853171	1f24bb396806
16.866809	1f24bb39670f
16.874713	1f24bb39670f
16.884955	1f24bb396806
16.894490	1f24bb39675b
16.900221	1e138f
16.908432	1df876
16.916875	1df513
16.931145	1df995
16.941686	1e138f
16.947155	1df513
16.953378	1e48d8
16.962764	1df513
16.968480	1df513
16.981432	1df978
16.996476	1e12d7
17.007616	1e8ded
17.015148	1e0e36
17.021142	1e138f
17.032251	1e3148
17.038168	1df513
17.045211	1ea41c
17.053023	1df876
17.061954	1df872
17.077030	1f24bb399560
17.088105	1df513
17.101027	1df513
17.109608	1eb642
17.124490	1dfe9b
17.130129	1df513
17.142408	1e031d
17.155759	1e031d
17.162866	1e031d
17.171045	1f24bb39a3d5
17.178363	1e0601
17.193190	1e034a
17.202030	1e01f4
17.209737	1e034a
17.222298	1f1e96
17.233387	1e034a
17.240150	1e031d
17.249893	1e034a
17.263565	1e031d
17.275461	1e0664
17.285259	1e031d
17.298388	1e031d
17.303770	1e034a
17.314264	1e031d
17.320991	1e031d
17.326896	1e034a
17.334705	1e034a
17.340677	1e031d
17.350636	1e034a
17.357118	1e031d
17.365767	1e031d
17.372485	1f24bb396709
17.387573	1f24bb396887
17.393783	1f24bb39670f
17.402481	1f24bb39670f
17.411932	1e034a
17.417453	1df513
17.422719	1e0772
17.428861	1e0772
17.441959	1df876
17.448094	1e324e
17.457922	1f24bb396806
17.472100	1e0f18
17.480347	1e034a
17.486375	1f24bb39a0a1
17.496967	1e031d
17.505300	1df53d
17.519380	1e0f5e
17.530356	1e034a
17.540748	1dfe41
17.548336	1e01d2
17.555429	1e8d5f
17.566407	1e034a
17.573550	1f24bb39670f
17.580851	1e999f
17.595224	1e0563
17.600569	1e0e69
17.608580	1e8cc0
17.622355	1f24bb39a174
17.633397	1e0772
17.642413	1e06ba
17.657298	1df513
17.663413	1e0780
17.673219	1e031d
17.682310	1df414
17.690676	1e999f
17.703888	1e034a
17.710532	1df513
17.717618	1e322e
17.723727	1df513
17.733326	1e01f4
17.742791	1f24bb399560
17.750776	1df513
17.763402	1e076e
17.770496	1e034a
17.780650	1df513
17.788998	1e138f
17.796354	1df513
17.805943	1e031d
17.813748	1e0784
17.819565	1e3148
17.830015	1e3173
17.841417	1e0784
17.847083	1e034a
17.855848	1e3237
17.865083	1df513
17.870267	1e138f
17.877785	1e034a
17.883416	1e031d
17.890856	1e9968
17.898089	1df513
17.910295	1df53d
17.916853	1e0772
17.922245	1e034a
17.931394	1f24bb3966f6
17.939687	1df53d
17.953607	1df923
17.966607	1e01bc
17.977640	1f24bb398ed6
17.992780	1df51b
18.005707	1e031d
18.016240	1e0333
18.031274	1df513
18.037347	1df53d
18.047874	1e022a
18.062304	1df513
18.071527	1f24bb398abf
18.083195	1e076e
18.089741	1e031d
18.101569	1e034a
18.115567	1df513
18.123311	1df541
18.136403	1e076e
18.151248	1e034a
18.158633	1f24bb39a167
18.169599	1df513
18.176505	1df995
18.185633	1e076e
18.197459	1e06b0
18.207227	1f24bb396814
18.213160	1ce4d9
18.219619	1df513
18.226147	1df513
18.237532	1df513
18.251771	1e031d
18.265459	1f24bb39670f
18.273840	1df76c
18.282098	1e3148
18.288497	1df513
18.296512	1e031d
18.302408	1e034a
18.307786	1e0601
18.322516	1e0e36
18.337278	1df53d
18.346223	1e138f
18.357897	1e034a
18.368433	1e0772
18.383234	1e0784
18.394735	1e1190
18.404181	1f24bb495935
18.416910	1e034a
18.429811	1e031d
18.438701	1e034a
18.448719	1e3148
18.457756	1df513
18.465611	1df513
18.472906	1e325b
18.481310	1e06ba
18.487113	1e076e
18.500598	1f24bb396862
18.508099	1f24bb399560
18.515144	1e0e36
18.529709	1df995
18.540670	1e031d
18.550904	1e01f4
18.563325	1f24bb396896
18.570164	1e99c7
18.584354	1e3148
18.597227	1f24bb399560
18.608648	1e076e
18.615453	1e06ba
18.622557	1e034a
18.633955	1f24bb39670f
18.647054	1df513
18.659519	1e1383
18.671156	1e034a
18.677311	1e031d
18.685706	1e031d
18.698576	1f24bb396806
18.710920	1ce91a
18.716829	1e9975
18.730267	1e138f
18.744369	1e034a
18.752296	1e021c
18.766762	1f24bb39769e
18.781501	1f24bb396806
18.791770	1df513
18.805199	1df513
18.813193	1f24bb399376
18.820964	1e01ad
18.831366	1e06ba
18.838144	1f24bb39a416
18.843950	1f24bb39769e
18.852545	1f24bb3966ff
18.860714	1df995
18.869089	1df995
18.882516	1e0e19
18.890783	1e8c03
18.901753	1e06ba
18.908407	1e034a
18.921133	1e01f4
18.929982	1f24bb396896
18.942543	1e138f
18.957010	1df53d
18.962798	1df513
18.969809	1e079f
18.982025	1e031d
18.991927	1e031d
18.997434	1e031d
19.011062	1f24bb396862
19.020844	1df56d
19.034402	1e3148
19.046484	1e3202
19.059648	1e0601
19.069157	1e01f4
19.080605	1e031d
19.089060	1e0784
19.099661	1e0e36
19.105877	1e0fa6
19.119679	1df995
19.126752	1df513
19.133873	1df876
19.141307	1e01f4
19.156029	1e0784
19.165095	1e06ba
19.175831	1f24bb396896
19.186829	1df513
19.201083	1e0784
19.208282	1f24bb398e22
19.217791	1df4c3
19.228708	1e0813
19.238258	1e034a
19.248672	1e034a
19.263712	1f24bb39670f
19.278356	1df513
19.289952	1df513
19.302576	1e138f
19.307861	1df513
19.316511	1e01f4
19.322172	1e0772
19.332179	1e06a3
19.345555	1e034a
19.359141	1f24bb39670f
19.374194	1df513
19.387831	1dfa2e
19.399813	1e3148
19.410412	1e034a
19.415702	1e034a
19.422902	1e034a
19.432438	1e034a
19.441187	1f24bb397718
19.452265	1e9a4f
19.467266	1e138f
19.475930	1f24bb398db3
19.482763	1e0e22
19.488595	1e034a
19.499556	1e01f4
19.509610	1e0784
19.516547	1e034a
19.529475	1df513
19.542477	1e9923
19.550465	1e138f
19.560522	1df9ec
19.571159	1e3148
19.579746	1e034a
19.587988	1e031d
19.594261	1e034a
19.603771	1e034a
19.615932	1f24bb396896
19.625081	1df513
19.637996	1df513
19.652784	1dfe5b
19.666721	1e031d
19.680078	1e033f
19.686637	1e034a
19.694645	1e031d
19.704942	1e034a
19.720071	1df513
19.733592	1df513
19.746296	1df513
19.754855	1df513
19.767904	1e034a
19.778074	1e034a
19.789357	1f24bb39a3c2
19.797945	1f24bb39766d
19.805404	1f24bb396806
19.812072	1e0772
19.827087	1df53d
19.835950	1e3148
19.846380	1df513
19.857964	1df513
19.867476	1f24bb39a413
19.873182	1e0777
19.887878	1e034a
19.893589	1e076e
19.903965	1f24bb3976fb
19.912033	1f24bb39687f
19.925760	1e8d5f
19.932841	1e9a63
19.939421	1df513
19.950672	1e1365
19.961478	1e9968
19.970290	1df513
19.984836	1e031d
19.994864	1e034a
20.009448	1e076e
20.014769	1e0784
20.022123	1f24bb39670f
20.027710	1df513
20.033744	1e99d8
20.043405	1f24bb398eb4
20.051489	1df6ad
20.059276	1df995
20.066784	1e0784
20.074091	1df513
20.082478	1e034a
20.090377	1e01d2
20.104277	1e031d
20.111986	1e034a
20.125164	1e3148
20.139403	1e3148
20.145431	1e8d5f
20.152658	1e0fbe
20.167556	1df7a4
20.174548	1e031d
20.181993	1e034a
20.194715	1e031d
20.207257	1e0784
20.220882	1f24bb396806
20.234361	1df513
20.239592	1f24bb39897b
20.253918	1df995
20.265337	1e20d5
20.271606	1e373b
20.284157	1e0221
20.298515	1e031d
20.306627	1e01d2
20.320329	1e034a
20.329703	1e031d
20.343072	1df513
20.350648	1df995
20.357272	1df513
20.365928	1e0e36
20.377335	1df513
20.388682	1df513
20.403350	1e031d
20.412229	1e034a
20.426414	1e034a
20.440958	1f24bb396862
20.454551	1df513
20.466057	1df513
20.473695	1e0772
20.481352	1df513
20.495747	1e8d8a
20.505484	1e031d
20.514485	1f24bb39a3c2
20.525309	1e031d
20.539286	1e031d
20.551687	1f24bb396814
20.563276	1df513
20.571089	1df513
20.584547	1df51b
20.595114	1df513
20.602764	1e138f
20.608757	1e031d
20.615798	1e034a
20.625456	1e031d
20.638176	1e076e
20.650610	1e031d
20.663114	1e138f
20.671380	1e3148
20.678887	1e3748
20.690940	1e98d5
20.706129	1e3148
20.712479	1e3148
20.722717	1e034a
20.736576	1f24bb397721
20.749911	1e076e
20.755348	1e01f4
20.770101	1e034a
20.777192	1f24bb39689c
20.785787	1df513
20.799604	1df513
20.809662	1df76c
20.819661	1e3148
20.834349	1e0f8a
20.843225	1e3148
20.851304	1e138f
20.863585	1f24bb39a416
20.872941	1e02a6
20.884754	1e034a
20.892876	1e031d
20.901453	1e034a
20.913580	1e034a
20.924526	1f24bb39670f
20.938749	1df513
20.945075	1e9901
20.959335	1e997a
20.966132	1e0792
20.974723	1e1191
20.982205	1df53d
20.990704	1df995
20.998753	1e034a
21.009527	1e01f4
21.024557	1e0813
21.037101	1e0601
21.048056	1e031d
21.062210	1dfa2e
21.070263	1df513
21.083937	1e3148
21.099071	1df53d
21.105291	1e0772
21.119498	1df995
21.131662	1df513
21.140646	1e031d
21.147630	1e031d
21.161702	1e031d
21.171650	1e0614
21.185105	1e05f0
21.200082	1f24bb39670f
21.214913	1e20b7
21.225558	1e138f
21.239400	1e3148
21.254363	1e9965
21.259705	1e0fbe
21.269936	1e031d
21.281019	1e076e
21.295634	1f24bb3976c2
21.301579	1e0772
21.309147	1e031d
21.320094	1e0325
21.333268	1e8cc0
21.339513	1df513
21.351437	1f24bb3966e9
21.358954	1df995
21.370622	1f24bb495880
21.382573	1e1235
21.391435	1e3148
21.406033	1e034a
21.419161	1e031d
21.428438	1e034a
21.437786	1e076e
21.451084	1f24bb396800
21.465447	1e0772
21.479875	1df513
21.490301	1e3148
21.503785	1f24bb398ea3
21.517744	1e01d2
21.524887	1e031d
21.533930	1e06ba
21.541036	1e031d
21.553726	1e031d
21.567035	1f24bb39670f
21.575206	1e3746
21.581282	1df513
21.588445	1df51b
21.599377	1df4d8
21.608328	1e3148
21.619587	1e3148
21.628673	1f24bb399560
21.639244	1e034a
21.649693	1e034a
21.663566	1e031d
21.677638	1e034a
21.686958	1e031d
21.692586	1f24bb396862
21.701931	1e0f5e
21.712937	1e3148
21.724773	1df995
21.739778	1e9951
21.749110	1e0e36
21.764064	1df513
21.777574	1e031d
21.785141	1e034a
21.791347	1e0784
21.804888	1e034a
21.818443	1e031d
21.826334	1f24bb396806
21.834863	1f24bb39897f
21.843768	1df513
21.855221	1e0f5e
21.870139	1df513
21.876629	1df513
21.886073	1e0784
21.894691	1df53d
21.902598	1e034a
21.915896	1e01f4
21.925114	1e031d
21.937338	1e031d
21.949373	1e01d2
21.964004	1df513
21.971785	1e076e
21.986313	1df4b0
21.995441	1e995b
22.008234	1e9975
22.022365	1df995
22.036442	1e034a
22.045912	1e034a
22.055654	1e031d
22.062756	1e05d9
22.076473	1e031d
22.090268	1f24bb396862
22.105190	1f24bb398e71
22.111598	1df513
22.122939	1e3148
22.132042	1dfb25
22.146291	1e0e36
22.154261	1e031d
22.160520	1e034a
22.168100	1e06ba
22.176769	1e01f4
22.188498	1e076e
22.199504	1e076e
22.213145	1e0f5e
22.221037	1e3148
22.235919	1df995
22.248276	1df995
22.263127	1e3148
22.270843	1f24bb39a16a
22.284992	1e3148
22.298483	1df94b
22.306593	1e0784
22.312888	1df513
22.324465	1df53d
22.334857	1df7a4
22.344640	1df513
22.354679	1f24bb3977bc
22.363741	1e034a
22.374256	1e0784
22.380973	1e034a
22.389299	1e0772
22.395283	1e034a
22.401837	1f24bb39778a
22.410229	1e0563
22.416129	1e034a
22.427125	1e031d
22.439198	1e031d
22.448579	1e031d
22.454200	1e031d
22.463767	1e031d
22.469017	1e031d
22.477701	1e076e
22.492320	1f24bb396806
22.499872	1df513
22.510714	1e3148
22.517233	1e138f
22.530546	1e0f5e
22.537644	1e0f5e
22.543987	1ebf96
22.553858	1df513
22.566863	1e138f
22.578053	1e3148
22.591290	1df957
22.599873	1df513
22.607909	1e0fa6
22.620083	1f24bb39a060
22.632927	1e138f
22.638086	1e0784
22.652610	1e0784
22.663205	1df51b
22.669403	1df513
22.682268	1df513
22.694545	1e138f
22.708684	1e0e36
22.716740	1df54b
22.723390	1e8d8a
22.735147	1df4ff
22.749862	1df53d
22.755683	1dfa2e
22.762947	1e0772
22.772629	1e034a
22.781649	1e01f4
22.795188	1e031d
22.802314	1e06f9
22.811230	1e0772
22.817310	1e034a
22.829418	1e034a
22.841343	1e034a
22.848946	1e031d
22.859269	1e031d
22.872605	1e0786
22.880129	1e076e
22.885997	1e05f0
22.895651	1e034a
22.909090	1e034a
22.921643	1e034a
22.931758	1e0772
22.942508	1e01d2
22.951639	1e034a
22.958394	1e031d
22.964365	1e031d
22.978915	1e031d
22.988748	1e076e
23.000476	1e034a
23.011346	1f24bb396806
23.021516	1f24bb3968b2
23.030133	1f24bb396806
23.036524	1f24bb396806
23.045122	1f24bb39670f
23.051134	1f24bb39670f
23.061885	1df513
23.072891	1df513
23.085364	1e138f
23.098814	1e3148
23.109780	1e138f
23.117996	1e0780
23.132834	1df7a4
23.144348	1df513
23.158372	1df4ce
23.170034	1df4ff
23.182637	1e138f
23.190632	1e138f
23.204184	1eae7d
23.209576	1e3148
23.217673	1e0e36
23.226959	1df513
23.232452	1df995
23.244096	1e138f
23.255829	1eaebe
23.270566	1e0784
23.284515	1f24bb39a06f
23.298411	1df513
23.310710	1e0772
23.321853	1e3148
23.329606	1e138f
23.338680	1df56a
23.344975	1e3148
23.353066	1e0772
23.358691	1f24bb39897f
23.364208	1df513
23.374689	1e48ec
23.383420	1df7a4
23.395993	1e138f
23.408849	1e3148
23.421197	1df513
23.432526	1e0772
23.447146	1ea3ec
23.459270	1e034a
23.473645	1e0813
23.486361	1e034a
23.496290	1e031d
23.507216	1e031d
23.518215	1e031d
23.529157	1e031d
23.541790	1f24bb397718
23.552246	1f24bb39a41b
23.567217	1e02c5
23.577714	1e0774
23.586082	1e034a
23.599615	1e034a
23.607258	1e076e
23.612806	1e034a
23.618709	1e034a
23.629239	1e031d
23.637103	1e034a
23.642945	1e0772
23.650552	1e0772
23.657497	1e034a
23.662769	1e0813
23.677338	1e031d
23.685956	1e034a
23.699178	1e034a
23.704864	1f24bb397718
23.716586	1e031d
23.722544	1e034a
23.734966	1e0772
23.746199	1e0784
23.760983	1e031d
23.768571	1e034a
23.774683	1e034a
23.783224	1e01f4
23.796190	1e034a
23.805423	1e034a
23.819128	1e031d
23.830404	1e034a
23.836305	1e0303
23.850410	1f24bb39687f
23.863658	1f24bb39670f
23.876852	1f24bb396862
23.889826	1f24bb39670f
23.895694	1f24bb39670f
23.908015	1f24bb39670f
23.918901	1df995
23.924610	1e48b5
23.930930	1dfea6
23.943572	1e0772
23.949530	1f24bb398ed2
23.958282	1df513
23.965243	1e138f
23.978977	1e138f
23.991888	1df513
24.005565	1e98a9
24.012393	1df513
24.021430	1df513
24.035394	1eae41
24.041624	1df513
24.052558	1df54b
24.067292	1e0e36
24.077275	1df513
24.082778	1f24bb3989d1
24.089559	1e3148
24.101505	1df45f
24.115990	1f24bb39a089
24.129867	1df6c1
24.141056	1e138f
24.149608	1f24bb39a06f
24.161833	1e138f
24.168996	1dfe53
24.182686	1eae33
24.188101	1e138f
24.193696	1df7a4
24.201438	1dfb3c
24.207480	1e138f
24.212959	1e0f5e
24.225806	1df513
24.235826	1df513
24.245796	1e0780
24.253330	1eae85
24.266388	1df513
24.277119	1df513
24.283532	1df54b
24.297221	1df513
24.303675	1df923
24.315208	1df513
24.324809	1df513
24.332221	1e0e36
24.342326	1df428
24.355447	1df76c
24.367557	1e138f
24.380903	1f24bb39a09d
24.390872	1df513
24.403910	1df513
24.416931	1df76c
24.423552	1e138f
24.429114	1df76c
24.444128	1e138f
24.450626	1e0f5e
24.462190	1f24bb39769e
24.468327	1e032a
24.482956	1e0601
24.497269	1e034a
24.510779	1e031d
24.524867	1e034a
24.531377	1e034a
24.544307	1e031d
24.557840	1e031d
24.564539	1e0563
24.576537	1e031d
24.586462	1e06ba
24.592009	1e031d
24.601363	1e0772
24.607172	1e034a
24.615494	1e031d
24.626228	1e031d
24.640176	1e034a
24.652689	1e034a
24.664450	1e0563
24.677966	1f24bb39a3db
24.690849	1e034a
24.701816	1e034a
24.708815	1e034a
24.720037	1e05f0
24.726095	1e034a
24.733286	1e034a
24.745171	1e034a
24.751336	1e034a
24.756748	1e034a
24.762509	1e031d
24.775949	1e031d
24.785177	1e031d
24.799549	1e034a
24.806172	1e031d
24.815138	1e0813
24.827294	1e034a
24.840389	1e034a
24.852988	1e034a
24.860503	1e031d
24.873928	1e031d
24.888675	1e06ba
24.901925	1e01bc
24.908561	1e034a
24.920505	1e01bc
24.933241	1e034a
24.944304	1e0772
24.956124	1e034a
24.962693	1e034a
24.969689	1e034a
24.984572	1e034a
24.997378	1f24bb39687f
25.010363	1f24bb396896
25.020425	1f24bb396896
25.034132	1f24bb396709
25.045711	1f24bb396896
25.055020	1f24bb396806
25.060307	1f24bb396806
25.071908	1f24bb396806
25.078673	1f24bb39670f
25.093190	1df513
25.101309	1f24bb398dc6
25.108434	1e138f
25.118491	1e3148
25.126786	1e0f45
25.140897	1f24bb398ad6
25.146085	1eafb6
25.158597	1df513
25.166887	1e0f5e
25.172336	1e138f
25.178510	1e138f
25.192457	1df513
25.202991	2021c4
25.209863	1f24bb495917
25.224673	1f24bb399386
25.237669	1e3148
25.251996	1ea42f
25.260591	1f24bb49589b
25.267979	1e3148
25.276972	1ed117
25.291109	1e3148
25.306059	1df513
25.318623	1f24bb39a089
25.330494	1df513
25.344354	1df513
25.358257	1df513
25.366828	1df513
25.375156	1e138f
25.389718	1df513
25.399664	1df513
25.409978	1e8d5f
25.421780	1df513
25.430824	1eade7
25.445228	1eb5e0
25.456163	1e0e22
25.463296	1df513
25.477510	1e138f
25.487863	1df513
25.493783	1e0f84
25.501899	1e138f
25.515090	1df529
25.523360	1eb647
25.532955	1f24bb398dcb
25.538361	1df76c
25.550431	1e1394
25.564035	1df513
25.571091	1df513
25.583134	1df513
25.591280	1e138f
25.599663	1e138f
25.613890	1f24bb495956
25.623446	1df51b
25.630633	1e9f31
25.642527	1df464
25.654804	1e8c91
25.660578	1f24bb399394
25.671112	1df513
25.682200	1e8e66
25.690775	1df513
25.704803	1df513
25.711248	1e138f
25.719414	1e3148
25.734591	1df513
25.742783	1df513
25.750702	1df513
25.759561	1df76c
25.765783	1e3148
25.779783	1df513
25.786261	1df90a
25.798718	1df513
25.810291	1df513
25.823795	1e1257
25.836432	1eaeba
25.842214	1e138f
25.848635	1e8e50
25.861743	1e0784
25.870822	1e034a
25.883555	1e034a
25.892639	1e031d
25.905138	1e031d
25.915611	1e031d
25.925314	1e0563
25.932879	1e034a
25.948065	1f24bb39a3c2
25.958777	1e031d
25.972106	1f24bb39a416
25.982619	1e034a
25.988953	1e034a
26.000272	1e0292
26.010874	1e034a
26.024096	1e031d
26.032876	1e0772
26.042905	1e021c
26.050514	1e034a
26.060815	1e034a
26.073987	1e034a
26.085006	1e01ad
26.090830	1e0601
26.099977	1e034a
26.110697	1e031d
26.120379	1e01f4
26.126691	1e06ba
26.137262	1e031d
26.143769	1e031d
26.154436	1e034a
26.159940	1e02e3
26.167358	1e034a
26.172634	1e031d
26.182736	1e034a
26.190530	1e031d
26.200113	1e034a
26.212026	1e034a
26.225145	1e0333
26.240113	1e05f0
26.246105	1e034a
26.251947	1e034a
26.263929	1e034a
26.274173	1e031d
26.279842	1e034a
26.290432	1e034a
26.300818	1e0601
26.311591	1f24bb39769e
26.323111	1e076e
26.332647	1e031d
26.343476	1e034a
26.356890	1e031d
26.365751	1e0664
26.374624	1e031d
26.384990	1e031d
26.394741	1e034a
26.409273	1f24bb39a3d5
26.418619	1e031d
26.423842	1e034a
26.430062	1e0784
26.439168	1e076e
26.451764	1e031d
26.458482	1e031d
26.465705	1e078a
26.475617	1e034a
26.481451	1e031d
26.496247	1e031d
26.502448	1e07ed
26.509981	1e031d
26.516049	1e0563
26.529787	1f24bb396862
26.535705	1f24bb396806
26.548144	1f24bb396806
26.558773	1f24bb396806
26.565672	1f24bb3966db
26.579030	1f24bb396709
26.585671	1f24bb396929
26.591811	1f24bb39670f
26.606307	1f24bb3966ff
26.620785	1f24bb396806
26.628796	1f24bb39670f
26.640933	1f24bb396806
26.649575	1e0784
26.660608	1df513
26.665971	1f24bb398986
26.678718	1df513
26.688816	1e138f
26.699631	1df513
26.704903	1e138f
26.713295	1dfa2e
26.723867	1f24bb39a210
26.736954	1e0784
26.748653	1df480
26.756406	1e9050
26.763100	1e3148
26.771780	1e96fa
26.780436	1df513
26.793707	1df995
26.802721	1df513
26.815490	1e138f
26.828146	1df513
26.835496	1df912
26.848980	1df513
26.863611	1e9027
26.876528	1eaf45
26.885580	1e1394
26.896492	1df513
26.903226	1f24bb39a238
26.914068	1e0772
26.919783	1f24bb399754
26.929301	1df54b
26.936302	1e138f
26.950201	1df8f2
26.963437	1e0772
26.969179	1df513
26.982600	1df513
26.990194	1df6c1
27.002490	1e1257
27.012986	1e8d5f
27.027070	1df513
27.035312	1e138f
27.050559	1df4d1
27.056541	1ecb49
27.063654	1eb61a
27.073241	1e138f
27.080014	1f24bb398e7d
27.094505	1f24bb495956
27.102549	1e138f
27.113707	1f24bb398e91
27.120923	1df513
27.126547	1e0772
27.134397	1e8c03
27.144759	1df513
27.152872	1e135c
27.161118	1e0772
27.166444	1e4867
27.176042	1ce4d9
27.182102	1df513
27.191080	1ed0ee
27.204559	1df995
27.215267	1df513
27.225944	1df513
27.238444	1df513
27.252828	1ecc7c
27.264217	1eaead
27.278236	1df53d
27.284560	1e0784
27.299366	1f24bb3993b4
27.313855	1df4bd
27.321567	1ea216
27.328399	1e3148
27.336905	1df513
27.342129	1eaead
27.353753	1e9066
27.358912	1e48bf
27.370825	1e138f
27.378376	1df513
27.391008	1df54b
27.398309	1df513
27.410713	1e138f
27.425382	1eadfc
27.436828	1e8c0b
27.448640	1eb5f1
27.457575	1e8f41
27.465714	1df513
27.473566	1e138f
27.486543	1e126c
27.492695	1e138f
27.498883	1e8cc0
27.508295	1df513
27.520885	1df513
27.534093	1e8c87
27.542206	1e031d
27.551779	1f24bb39767e
27.558196	1f24bb39778e
27.565789	1e034a
27.573528	1e034a
27.580643	1e034a
27.593489	1e05f0
27.600741	1e034a
27.614146	1e034a
27.623693	1e0772
27.637647	1e031d
27.650160	1e031d
27.660961	1e076e
27.672068	1e034a
27.682930	1e034a
27.688104	1e034a
27.697303	1e0784
27.706756	1e034a
27.720135	1f24bb39a3d5
27.730929	1e034a
27.744254	1e031d
27.749928	1e01f4
27.758682	1e031d
27.764754	1e034a
27.776868	1e031d
27.788979	1e0784
27.798261	1e031d
27.812555	1e0784
27.818941	1e031d
27.824865	1e0664
27.835363	1e0784
27.842793	1e034a
27.851441	1e031d
27.862891	1e034a
27.876659	1e01f4
27.888438	1f24bb39766d
27.897892	1e031d
27.905683	1e031d
27.915466	1e0601
27.928910	1e0813
27.936540	1e034a
27.941930	1e034a
27.953658	1e031d
27.961007	1e031d
27.971214	1e031d
27.985692	1e076e
27.998683	1e034a
28.007278	1e034a
28.013306	1e034a
28.027565	1e05f0
28.036012	1e0247
28.048725	1e034a
28.063588	1e0813
28.073245	1e031d
28.087352	1f24bb397671
28.097650	1e0784
28.106818	1e05f0
28.117102	1e031d
28.130685	1e031d
28.140834	1e0589
28.148053	1e031d
28.153637	1e01bc
28.158949	1e031d
28.167999	1e0772
28.174144	1e034a
28.182324	1e031d
28.189965	1e034a
28.202561	1e0601
28.216920	1e0784
28.224782	1e031d
28.235321	1e01f4
28.247496	1e01f4
28.258503	1e031d
28.272885	1e076e
28.280984	1e031d
28.291692	1e034a
28.305861	1e031d
28.319566	1e034a
28.326333	1e01f4
28.335693	1e0563
28.342219	1e034a
28.355583	1f24bb39a3c2
28.361737	1f24bb396806
28.374064	1f24bb396806
28.384439	1f24bb39688f
28.394938	1f24bb396806
28.406576	1f24bb396862
28.411922	1f24bb3966ee
28.425280	1f24bb39670f
28.436478	1f24bb39670f
28.446035	1f24bb396896
28.451336	1f24bb396896
28.463639	1f24bb3966ee
28.474454	1f24bb39670f
28.485723	1f24bb39670f
28.492022	1f24bb39670f
28.501468	1f24bb396806
28.511159	1e138f
28.523508	1df513
28.533835	1df995
28.545041	1e138f
28.554275	1e970c
28.565079	1e138f
28.574812	1e0ef2
28.585396	1df513
28.594263	1e0e36
28.600525	1eb68e
28.607411	1f24bb39a174
28.615883	1e12e4
28.623699	1df513
28.631203	1e8c16
28.644532	1df995
28.656048	1e138f
28.667405	1ecc7c
28.680321	1ea2c7
28.692504	1e138f
28.704526	1f24bb399560
28.715739	1f24bb399560
28.724163	1f24bb3993a1
28.735796	1e1394
28.749982	1e12c2
28.764202	1df513
28.773945	1df513
28.786232	1df513
28.800195	1df513
28.810057	1e0784
28.824034	1df513
28.830210	202297
28.842711	1df513
28.857590	1e138f
28.868833	1e8f1d
28.883430	1e138f
28.889787	1df513
28.895176	1eae48
28.908664	1eae85
28.918359	1f24bb398986
28.928904	1e0784
28.937183	1e138f
28.944180	1df76c
28.957522	1e1278
28.971762	1eae7d
28.985216	1eafe5
28.996234	1eadd3
29.007527	1e3142
29.020374	1df513
29.027070	1df513
29.038141	1df513
29.046992	1f24bb398e7d
29.058280	1df513
29.067522	1f24bb398970
29.076397	1df513
29.088406	1e0784
29.098745	1f24bb39a3d5
29.107736	1e031d
29.122190	1e034a
29.129388	1e034a
29.135051	1e0784
29.143521	1e01d2
29.158347	1e031d
29.170063	1e031d
29.177184	1e0601
29.186744	1e034a
29.192309	1e031d
29.202745	1e031d
29.209319	1e031d
29.217590	1e01f4
29.230353	1e034a
29.235651	1e031d
29.243982	1e01f4
29.254106	1e034a
29.260287	1e0784
29.269064	1e034a
29.284064	1e02cb
29.293302	1e034a
29.306700	1e031d
29.315314	1e034a
29.327559	1e031d
29.333872	1f24bb3977bc
29.340195	1e031d
29.353100	1e031d
29.367445	1e034a
29.374742	1e034a
29.382493	1e0784
29.392447	1e02d9
29.407220	1e031d
29.421943	1e0813
29.428620	1e034a
29.434692	1e031d
29.446625	1e034a
29.453915	1e034a
29.465980	1e031d
29.474756	1e034a
29.489128	1e034a
29.497997	1e034a
29.511400	1e034a
29.523555	1e031d
29.531220	1e0813
29.542500	1e034a
29.550399	1e034a
29.560452	1e05f0
29.575563	1e0774
29.587327	1e034a
29.601655	1e0784
29.606863	1e05f0
29.618970	1f24bb396806
29.632354	1f24bb396806
29.642462	1f24bb396709
29.655226	1f24bb39670f
29.660813	1f24bb396806
29.674125	1f24bb3966d4
29.686608	1f24bb39670f
29.692555	1f24bb39670f
29.706619	1e9f53
29.715315	1f24bb398eec
29.722244	1df472
29.731261	1e9760
29.743452	1df464
29.753878	1e3148
29.766643	1df435
29.776615	1f24bb399382
29.788220	1df957
29.800373	1e138f
29.815218	1df513
29.830368	1e3148
29.842731	1df411
29.850882	1df513
29.861320	1df51b
29.870153	1df432
29.875628	1eaf3c
29.882337	1f24bb39a210
29.896311	1e076e
29.908006	1f24bb3993a9
29.913241	1eb154
29.920380	1df513
29.927092	1df54b
29.937140	1e0f45
29.943728	1e8de5
29.957194	1e034a
29.965343	1e0772
29.971475	1e034a
29.978164	1e034a
29.988740	1e034a
29.998493	1e031d
30.007140	1e034a
30.014606	1e034a
30.029516	1e0589
30.037750	1e0780
30.046213	1e034a
30.061393	1e031d
30.072326	1e01d2
30.078488	1e031d
30.088763	1e034a
30.101175	1e034a
30.111879	1e034a
30.119635	1e06ba
30.129560	1e034a
30.142059	1e034a
30.154731	1e031d
30.163976	1e031d
30.170179	1e034a
30.182739	1e01f4
30.191774	1e031d
30.201138	1e034a
30.209101	1e0601
30.215210	1f24bb396806
30.227420	1f24bb396862
30.234083	1f24bb396709
30.242071	1f24bb39670f
30.252287	1f24bb39670f
30.264010	1f24bb398e57
30.275762	1df7a4
30.290619	1e13a0
30.299568	1df995
30.306071	1df513
30.314696	1e0772
30.323626	1e1219
30.331109	1e132d
30.344172	1f24bb399394
30.359164	1df513
30.368868	1e3148
30.382359	1ecbb4
30.397527	1e1394
30.412437	1df513
30.421772	1e138f
30.429016	1e0792
30.438483	1e8e8e
30.445338	1df53d
30.451171	1df54b
30.463098	1e138f
30.477256	1e3148
30.492271	1eb0fb
30.503395	1e8c0b
30.510707	1df513
30.525463	1df51b
30.535132	1e0772
30.548816	1df513
30.560328	1e8ba6
30.570222	1df9e7
30.583618	1df513
30.590055	1eb642
30.598155	1e8bc3
30.609466	1df54b
30.623020	1df513
30.636991	1df513
30.642209	1e034a
30.649186	1e031d
30.655765	1e022a
30.668768	1e0784
30.683169	1e034a
30.692751	1e031d
30.700023	1e026f
30.709481	1e034a
30.717513	1e034a
30.732708	1e031d
30.742484	1e0772
30.755557	1e02e7
30.766020	1e034a
30.779993	1e034a
30.786548	1e031d
30.801542	1e01f4
30.815802	1e0784
30.822254	1e034a
30.829643	1e034a
30.839043	1e031d
30.848306	1e034a
30.857619	1e034a
30.870873	1e034a
30.876476	1e06ba
30.889463	1e034a
30.896132	1e0601
30.902665	1e034a
30.915544	1f24bb39772f
30.926606	1e034a
30.939112	1f24bb39a41b
30.944779	1e034a
30.953715	1e034a
30.967516	1e034a
30.973039	1e034a
30.980690	1e0772
30.991349	1f24bb396806
30.998878	1f24bb396806
31.006514	1f24bb396806
31.020273	1f24bb396862
31.028853	1f24bb396718
31.035665	1f24bb39670f
31.047389	1f24bb39670f
31.061906	1df513
31.072326	1df513
31.083213	1eb6a2
31.094260	1e48c3
31.106981	1df513
31.113261	1df513
31.122312	1eaebe
31.136982	1eae7d
31.149636	1e138f
31.156589	1e138f
31.163345	1e3148
31.178339	1df513
31.186674	1e137e
31.198682	1e12df
31.208601	1df513
31.216747	1df76c
31.225090	1df54b
31.235611	1ce91a
31.250089	1eae36
31.259156	1f24bb398e2f
31.268232	1e138f
31.278406	1df513
31.284811	1f24bb39a09d
31.290802	1df513
31.296406	1eb6a2
31.308741	20227b
31.322720	1df513
31.329676	1e4899
31.339823	1e3148
31.350415	1eb5f1
31.361002	1df513
31.373607	1df513
31.382298	1df968
31.393116	1e0e36
31.406123	1e138f
31.420936	1e138f
31.429772	1e312e
31.437274	1ea1d3
31.444420	1df876
31.453021	1df513
31.461988	1e9050
31.468668	1e138f
31.476063	1df513
31.490514	1df513
31.495810	1e1394
31.503590	1df513
31.511595	1eae65
31.521160	1f24bb399036
31.533729	1ed0f6
31.542472	1df513
31.549226	1eb030
31.555962	1df513
31.565310	1e0e19
31.580356	1df513
31.589574	1e034a
31.603404	1e029f
31.614121	1e034a
31.624077	1e034a
31.633904	1e0601
31.643710	1e034a
31.648995	1e0784
31.658011	1e0813
31.665842	1e06f9
31.672715	1e034a
31.685873	1e031d
31.698442	1e0234
31.705872	1e034a
31.712812	1e031d
31.720939	1e0601
31.733824	1e034a
31.747225	1e034a
31.755598	1e034a
31.764686	1e034a
31.778141	1e0813
31.790363	1e031d
31.799724	1e0813
31.806081	1e034a
31.814829	1e034a
31.829524	1f24bb397754
31.844605	1e0784
31.851132	1e031d
31.864212	1e031d
31.874184	1e031d
31.886631	1f24bb39a3b7
31.900239	1e06db
31.911805	1e0784
31.924669	1e0813
31.933051	1e034a
31.939292	1e0601
31.954260	1e034a
31.962641	1f24bb3976ff
31.976173	1e031d
31.989001	1e031d
31.995572	1e02d5
32.008094	1e031d
32.022116	1e021c
32.029455	1e034a
32.041050	1e034a
32.048501	1e034a
32.056449	1e031d
32.067912	1e034a
32.078080	1e0655
32.089101	1f24bb396896
32.095392	1f24bb396806
32.108451	1f24bb39687f
32.119813	1f24bb39687f
32.126134	1f24bb396709
32.139611	1f24bb396896
32.150974	1f24bb39670f
32.156909	1f24bb39670f
32.167243	1f24bb39670f
32.174366	1df4c7
32.181659	1eb60d
32.195958	1f24bb39a167
32.202785	1e0fa6
32.215078	1e3148
32.223211	1f24bb398abf
32.236142	1df513
32.247948	1f24bb399754
32.255831	1e138f
32.262796	1df513
32.271905	1e0772
32.279269	1e48c6
32.288637	1df513
32.302965	1df513
32.310707	1e3148
32.323335	1e138f
32.334552	1df995
32.345002	1e8c7f
32.356895	1e3148
32.369907	1e138f
32.382132	1ea219
32.395053	1e0e36
32.409313	1e138f
32.415872	1eadca
32.428164	1e1394
32.433880	1e3148
32.439546	1eaead
32.449193	1df513
32.455377	1dfa2e
32.467465	2021c4
32.475689	1e0f45
32.482819	1e0784
32.491888	1df513
32.500053	1df513
32.506596	1df513
32.515792	1e8d8a
32.528570	1df513
32.542101	1df513
32.556633	1df513
32.563766	1df513
32.578801	1e076e
32.586016	1eb081
32.591329	1f24bb4958ab
32.601641	1df51b
32.612587	1df513
32.618370	1e138f
32.630471	1df513
32.637764	1df513
32.643858	1df513
32.656767	1e138f
32.664377	1f24bb398eb4
32.675979	1f24bb398d34
32.688372	1e0f5e
32.698604	1f24bb398abf
32.709233	1df513
32.720494	1f24bb39a1c5
32.727244	1ea44e
32.736500	1e8c0b
32.742738	1e1235
32.750163	1e3148
32.761464	1df54b
32.769398	1df513
32.782081	1df957
32.789340	1df513
32.795613	1e0e36
32.804872	1f24bb39a162
32.811265	1e3148
32.819472	1e96fa
32.831458	1ecb7c
32.841200	1eaead
32.854251	1df8b0
32.867191	1e138f
32.877715	1e48b5
32.887462	1e034a
32.900635	1e034a
32.915447	1e031d
32.928756	1e031d
32.941180	1e031d
32.952113	1f24bb397754
32.965489	1e02bb
32.972618	1e031d
32.982449	1e01f4
32.997598	1e034a
33.004054	1e0772
33.013490	1e034a
33.027632	1e031d
33.038918	1f24bb397660
33.045641	1e034a
33.057290	1e031d
33.070744	1e034a
33.079606	1e034a
33.093435	1e034a
33.098854	1e02c8
33.109509	1e0784
33.117022	1e034a
33.123715	1e031d
33.129678	1e031d
33.141420	1e034a
33.148439	1e034a
33.158449	1e031d
33.173599	1e031d
33.182904	1e05dd
33.193909	1e05f0
33.208265	1e0777
33.214156	1f24bb39a3ad
33.220922	1e034a
33.231669	1e031d
33.239903	1e031d
33.253471	1e034a
33.265467	1e031d
33.274876	1e031d
33.284071	1e0813
33.297645	1e05f0
33.303633	1e034a
33.315841	1e05f0
33.323190	1e034a
33.334209	1e031d
33.343438	1e031d
33.352320	1e031d
33.359745	1e02bb
33.372561	1e034a
33.387244	1e034a
33.401609	1e031d
33.415322	1e034a
33.430036	1e034a
33.441215	1e0772
33.456328	1e034a
33.462081	1e0772
33.471072	1e0563
33.479296	1e06ba
33.492575	1e034a
33.506502	1e034a
33.521240	1e0601
33.533382	1f24bb396806
33.542049	1f24bb396806
33.556329	1f24bb396933
33.567766	1f24bb39670f
33.577001	1f24bb396920
33.589717	1f24bb39670f
33.604109	1f24bb396806
33.617975	1f24bb39670f
33.629201	1f24bb39670f
33.636412	1f24bb39670f
33.650198	1e0e36
33.661592	1df513
33.669221	1e312f
33.678682	1e8efc
33.692991	1df513
33.703052	1f24bb399560
33.715510	1e0f5e
33.730083	1e1358
33.744630	1e3148
33.756921	1df513
33.766679	1df995
33.776594	1dfa2e
33.782874	1df513
33.790825	1e138f
33.798004	1df513
33.806226	1e8c30
33.813399	1df995
33.820241	1ebeb3
33.827229	1e0f6e
33.839544	1eb5c8
33.846130	1df513
33.851635	1e3148
33.863001	1df53d
33.873982	1df513
33.879630	1df513
33.887227	1eb154
33.892882	1df513
33.901955	1f24bb398ddd
33.916366	1df995
33.924754	1df513
33.939712	1df513
33.951046	1df4df
33.964494	1e0e69
33.975155	1df995
33.989021	1f24bb39936e
33.998543	1df513
34.008038	1e3148
34.019378	1df513
34.031350	1e1211
34.038630	1e0772
34.047568	1df513
34.054277	1df513
34.062680	1df513
34.074703	1e0772
34.086007	1df957
34.092487	1df513
34.102543	1e3138
34.117423	1e138f
34.130530	1e0780
34.139507	1df411
34.151427	1e1235
34.159983	1f24bb39a060
34.170857	1e138f
34.180758	1dfe63
34.187222	1df513
34.200814	1e0f5e
34.207932	1e0e36
34.218023	1df513
34.227136	1e126c
34.233114	1df7a4
34.239483	1e3148
34.252915	1df513
34.258226	1e8d79
34.270723	1e138f
34.281454	1f24bb39a09d
34.294272	1e8c03
34.300734	1df513
34.311095	1e0772
34.322360	1e138f
34.332912	1e0780
34.338959	1e0784
34.344345	1f24bb39a076
34.353368	1df513
34.360455	1e0f5e
34.368820	1eae59
34.382409	1df513
34.396999	1e1394
34.405190	1df513
34.413674	1df513
34.422749	1e138f
34.437831	1e48f0
34.443709	1df513
34.456334	1df513
34.469309	1df513
34.478968	1df9e7
34.484245	1e138f
34.490221	1df513
34.499287	1eb624
34.510133	1f24bb39936a
34.522924	1e1821
34.533238	1e0780
34.539391	1df7a4
34.549549	1e076e
34.559316	1e034a
34.569580	1e031d
34.580197	1e0772
34.595301	1e034a
34.604185	1e034a
34.612065	1e0784
34.626374	1e031d
34.634095	1e034a
34.641469	1e034a
34.649216	1e034a
34.659681	1e034a
34.669428	1e034a
34.682700	1e034a
34.695746	1e06ba
34.709076	1e034a
34.716664	1e034a
34.730379	1e034a
34.738135	1e031d
34.746446	1e034a
34.752159	1e0784
34.763352	1e034a
34.772208	1e034a
34.782586	1e031d
34.790716	1e034a
34.798936	1e0772
34.807631	1e0784
34.815149	1e034a
34.829421	1e031d
34.842027	1e034a
34.847368	1e0563
34.861343	1e031d
34.867538	1e031d
34.880699	1e034a
34.889206	1e0563
34.902647	1e031d
34.911609	1e0813
34.918896	1e031d
34.924838	1e034a
34.936457	1e034a
34.951584	1e031d
34.961681	1e0563
34.974791	1e01f4
34.983516	1e0601
34.997639	1e034a
35.008289	1e031d
35.016614	1e034a
35.026456	1e0772
35.040997	1e031d
35.053057	1e031d
35.065513	1e034a
35.075630	1e034a
35.083160	1e031d
35.091952	1e034a
35.100003	1e031d
35.113922	1e0772
35.129092	1e034a
35.141020	1e031d
35.150042	1e031d
35.155841	1e031d
35.164772	1f24bb39a3c2
35.172827	1e031d
35.180354	1e0772
35.188698	1e034a
35.201942	1e076e
35.213571	1e034a
35.228553	1e034a
35.238579	1e0772
35.247797	1e01f4
35.261828	1f24bb39768c
35.275130	1e0589
35.280458	1e031d
35.286657	1e05f0
35.296063	1e034a
35.301882	1e076e
35.308733	1e0780
35.314408	1e034a
35.326071	1e034a
35.336065	1e031d
35.341495	1e031d
35.354672	1e0784
35.369280	1e0772
35.377512	1e031d
35.388967	1e034a
35.397522	1f24bb396806
35.409495	1f24bb396896
35.417881	1f24bb39687f
35.431150	1f24bb396806
35.445659	1f24bb39675b
35.456338	1f24bb396896
35.464329	1f24bb39670f
35.473042	1f24bb396825
35.478618	1f24bb396806
35.484500	1f24bb39670f
35.496650	1f24bb39670f
35.505886	1f24bb396806
35.518839	1f24bb39670f
35.533830	1df513
35.546676	1e138f
35.561017	1df513
35.571363	1e0eb7
35.580425	1f24bb39a167
35.587549	1e0780
35.597475	1eb636
35.611879	1e3148
35.624246	1df995
35.634437	1e138f
35.645997	1df513
35.659247	1eb5f1
35.673805	1df513
35.681564	1eb154
35.688589	1e076e
35.695311	1df995
35.701161	1f24bb398ec9
35.710602	1ed0f8
35.722128	1df995
35.736231	1df513
35.748915	1f24bb39935c
35.762811	1f24bb398dcb
35.769707	1df513
35.784616	1df513
35.790360	1df995
35.802732	1ed107
35.813922	1e0f5e
35.821622	1e0f5e
35.831020	1df513
35.843956	1e8eb2
35.853405	1f24bb398e57
35.860790	1f24bb398eec
35.869292	1e3148
35.877139	1eae7d
35.888001	1f24bb495917
35.902387	1e13ae
35.912429	1eb00f
35.920433	1e138f
35.935600	1df7a4
35.945605	1df513
35.950830	1df513
35.957927	1df513
35.967480	1df513
35.982249	1df513
35.994922	1e0f5e
36.003106	1e3148
36.015816	1df53d
36.028931	1df513
36.037010	1eb0aa
36.049544	1e138f
36.063888	1df513
36.071271	1df513
36.078020	1e314e
36.083957	1df7a4
36.091686	1df513
36.098987	1df513
36.112231	1f24bb495932
36.123075	1df995
36.135601	1e13a0
36.143105	1eb16b
36.158235	1e12d7
36.163680	1df513
36.176890	1df68b
36.190417	1e138f
36.202217	1e0f79
36.212510	1ecc5e
36.227393	1e0e36
36.241384	1f24bb39a076
36.250320	1e138f
36.261910	1df513
36.267690	1df513
36.274934	1e1821
36.284690	1e02d5
36.293504	1e034a
36.303231	1e031d
36.316852	1e034a
36.323953	1e034a
36.337649	1e06ba
36.344910	1e01f4
36.354621	1e031d
36.369037	1e031d
36.376405	1e034a
36.384957	1e031d
36.393258	1e031d
36.402530	1e034a
36.415847	1e031d
36.423562	1e034a
36.429676	1e01f4
36.439083	1e034a
36.448991	1e034a
36.462103	1e06ba
36.473749	1e0784
36.488866	1e034a
36.494591	1e034a
36.504310	1e034a
36.510382	1e06ba
36.518739	1e034a
36.532019	1e031d
36.540868	1e031d
36.550484	1e06d4
36.561210	1e031d
36.573453	1f24bb39a3c2
36.582243	1e034a
36.587926	1e01f4
36.601545	1e031d
36.607899	1e031d
36.619748	1e034a
36.625346	1e031d
36.635564	1e01f4
36.645190	1e034a
36.657915	1e034a
36.665512	1e031d
36.674725	1e031d
36.682398	1e0325
36.690443	1e0325
36.702792	1e034a
36.713015	1e031d
36.725205	1e031d
36.737893	1e01f4
36.746199	1e034a
36.756127	1e034a
36.769564	1e034a
36.775591	1e034a
36.790016	1e034a
36.804444	1e034a
36.814775	1e031d
36.822518	1e031d
36.832097	1e076e
36.843819	1e034a
36.852677	1e031d
36.860789	1e06ba
36.873844	1e034a
36.888553	1e034a
36.898140	1e034a
36.908658	1e0772
36.920957	1e034a
36.929776	1e031d
36.939589	1e034a
36.948943	1e0784
36.961087	1e034a
36.976192	1e034a
36.990576	1e0601
37.004884	1f24bb396896
37.017969	1f24bb39688f
37.027050	1f24bb39685e
37.032332	1f24bb39670f
37.038759	1f24bb396887
37.053116	1f24bb396862
37.067997	1f24bb39670f
37.073468	1f24bb39670f
37.079105	1f24bb39670f
37.086537	1f24bb396709
37.097868	1f24bb39670f
37.110098	1f24bb39939a
37.119504	1e034a
37.130940	1e996d
37.139652	1e9975
37.152698	1e0579
37.163997	1e034a
37.170804	1f24bb399754
37.183215	1e996d
37.195542	1f1e96
37.201980	1e076e
37.208428	1e034a
37.218940	1df995
37.225590	1e0784
37.231487	1e034a
37.243391	1f24bb39a1c5
37.252052	1f24bb396806
37.259773	1f24bb398a65
37.266627	1e031d
37.273020	1e031d
37.285444	1e3178
37.297081	1e034a
37.304382	1e9aab
37.314854	1e07cf
37.323903	1e031d
37.336649	1e3148
37.344741	1e034a
37.351910	1f24bb39a3c2
37.364868	1df513
37.380011	1f24bb396806
37.392081	1df513
37.405601	1e034a
37.416103	1f24bb398f58
37.427949	1f24bb3977c0
37.434694	1e0772
37.442538	1f24bb396896
37.452179	1e3148
37.461867	1e05f0
37.473100	1f24bb396806
37.483142	1e138f
37.488423	1e0767
37.502933	1e031d
37.512082	1e0e36
37.520957	1e138f
37.533727	1f24bb39778e
37.539495	1e034a
37.549709	1f24bb398e91
37.559604	1e0784
37.571196	1e034a
37.581586	1e034a
37.590910	1e9adf
37.603342	1e138f
37.609692	1e034a
37.622895	1df513
37.633612	1e0772
37.638829	1df995
37.649279	1e034a
37.659927	1e076e
37.672769	1e3148
37.687136	1e999f
37.697547	1e034a
37.706801	1e034a
37.721333	1df53d
37.729120	1e32a9
37.743882	1e034a
37.755770	1f24bb396806
37.768867	1e8d8a
37.775721	1e3148
37.787355	1e06ba
37.800357	1e034a
37.814276	1e138f
37.822560	1df513
37.831654	1df513
37.838489	1e3148
37.849006	1e076e
37.860253	1e034a
37.873848	1df995
37.884482	1e0f5e
37.892451	1e02d5
37.905618	1e076e
37.915017	1f24bb396709
37.920755	1df513
37.930680	1df513
37.945570	1e01d2
37.951202	1e031d
37.956859	1e034a
37.964781	1e031d
37.979068	1df923
37.990807	1df513
38.001500	1e0589
38.016300	1e031d
38.030246	1df513
38.035840	1e138f
38.050317	1df7a4
38.056708	1e034a
38.065297	1e0784
38.074053	1e01e5
38.082341	1e991f
38.092516	1df513
38.099300	1df517
38.108367	1e32a9
38.116509	1e01f4
38.126139	1e031d
38.133750	1e031d
38.139297	1f24bb3968ae
38.145366	1e3738
38.157657	1e0784
38.164384	1df92f
38.179090	1e031d
38.188325	1e0784
38.193975	1e034a
38.204188	1f24bb396896
38.209804	1e3148
38.224093	1df513
38.235815	1e0784
38.250952	1e034a
38.259365	1e0813
38.274077	1df876
38.285479	1e99ac
38.294882	1f24bb3993b0
38.303631	1df513
38.315421	1f1eb7
38.322837	1f24bb39a3c2
38.333350	1e034a
38.344299	1e0e19
38.351058	1e0772
38.362623	1e3148
38.374791	1e20c8
38.383692	1e034a
38.390777	1e034a
38.397259	1e034a
38.405026	1e031d
38.412953	1f24bb39670f
38.426629	1df513
38.436423	1f24bb39a178
38.443812	1df513
38.458809	1e034a
38.466136	1e034a
38.479630	1f24bb39686a
38.489466	1df995
38.496587	1e0f6e
38.511419	1f24bb39a09d
38.517927	1e9942
38.528354	1e031d
38.542160	1e05f0
38.548499	1e02bb
38.558432	1f24bb39691b
38.565713	1df513
38.578781	1e0fbe
38.590388	1f24bb399386
38.601140	1f24bb397743
38.612464	1e076e
38.617928	1e0601
38.626268	1e034a
38.633428	1e8f0d
38.646971	1df513
38.654511	1e0fbe
38.660219	1e3292
38.667169	1f24bb399394
38.680716	1e031d
38.695762	1e0772
38.706268	1e031d
38.720201	1df513
38.731531	1df513
38.741605	1df513
38.754763	1e06ba
38.761095	1e077c
38.775236	1e034a
38.780979	1e034a
38.786897	1e01d2
38.794832	1f24bb396806
38.806070	1f24bb39936e
38.812564	1e134b
38.819578	1f24bb399560
38.829542	1df513
38.835351	1df876
38.849496	1e031d
38.857333	1e034a
38.869809	1e034a
38.877346	1f24bb39683b
38.889800	1f24bb399560
38.897475	1df53d
38.908631	1df513
38.914449	1e3148
38.928400	1e031d
38.935624	1e034a
38.946979	1f24bb397762
38.957015	1e031d
38.964581	1f24bb39670f
38.979749	1df995
38.993843	1df995
39.001674	1df432
39.012631	1df788
39.024330	1e01f4
39.032022	1e034a
39.041938	1e031d
39.055913	1e034a
39.069094	1f24bb396896
39.074433	1e138f
39.087565	1df513
39.102708	1e3148
39.113216	1df513
39.126469	1df513
39.132872	1df53d
39.144501	1e031d
39.155106	1f24bb39a3c5
39.160517	1e034a
39.169349	1e05d4
39.176269	1e034a
39.190371	1e138f
39.202835	1f24bb398ed2
39.212723	1e138f
39.218589	1e3148
39.232301	1e07d0
39.244199	1df513
39.255141	1e031d
39.268454	1e034a
39.276010	1e031d
39.290851	1f24bb39687f
39.298045	1f24bb39670f
39.309614	1df513
39.319246	1e3148
39.327948	1e0784
39.335595	1df55c
39.343981	1e138f
39.354669	1e034a
39.365268	1e034a
39.371143	1e034a
39.378763	1e0772
39.387498	1e031d
39.395067	1f24bb396806
39.402844	1e3148
39.417726	1e0772
39.425181	1df53d
39.430479	1e3730
39.437468	1e138f
39.443357	1e138f
39.449765	1e3148
39.455803	1e0601
39.461880	1e034a
39.471866	1e01f4
39.486836	1e034a
39.492726	1f24bb3968bf
39.503353	1df76c
39.517654	1e0f56
39.530740	1e138f
39.539380	1e0813
39.546916	1e0772
39.554853	1e031d
39.565494	1e034a
39.580009	1f24bb396806
39.590765	1df46a
39.602940	1e0fbe
39.609099	1e3148
39.622330	1df52f
39.637059	1e027d
39.649894	1e031d
39.657639	1e031d
39.668019	1e034a
39.674165	1e031d
39.681767	1f24bb3966d0
39.691965	1e076e
39.698002	1dfe53
39.707765	1df513
39.722005	1f24bb39a060
39.730956	1e031d
39.737026	1e031d
39.751700	1e063e
39.760492	1e034a
39.770554	1e034a
39.783385	1df513
39.790019	1e0772
39.798520	1df513
39.807640	1df513
39.815180	1df53d
39.822031	1e0784
39.836697	1e06ba
39.846829	1e01f4
39.860676	1e034a
39.870354	1e034a
39.883835	1f24bb396806
39.895495	1e138f
39.909111	1e9918
39.922930	1e3148
39.931949	1df53d
39.938223	1df513
39.947590	1e031d
39.958004	1e034a
39.967387	1e034a
39.978503	1e01f4
39.984002	1e01f4
39.994850	1f24bb396709
40.010063	1df513
40.018177	1e0fbe
40.032255	1e3148
40.045938	1e9968
40.055672	1e05f0
40.070440	1e0601
40.084792	1e034a
40.097343	1f24bb396806
40.105217	1df513
40.118277	1df6b1
40.131846	1df513
40.146522	1e0772
40.155576	1e0f5e
40.162220	1df513
40.176154	1e031d
40.184818	1e034a
40.199197	1e0601
40.207650	1e034a
40.217786	1e031d
40.224163	1f24bb396862
40.239276	1e3148
40.248782	1e1358
40.261639	1e0f5e
40.267449	1df513
40.274517	1df7a4
40.288296	1e031d
40.294004	1e034a
40.300858	1e034a
40.313688	1e06ba
40.326240	1e034a
40.335500	1f24bb396806
40.348600	1e3148
40.354796	1df513
40.363679	1e0793
40.377747	1e3148
40.389811	1df995
40.403943	1e034a
40.414593	1e0614
40.424955	1e034a
40.436925	1e06ba
40.445128	1f24bb396896
40.458889	1e127f
40.471849	1df53d
40.482750	1df513
40.491620	1df513
40.497904	1df513
40.512148	1e034a
40.519284	1e034a
40.532046	1e034a
40.546304	1e031d
40.555515	1e0772
40.564388	1f24bb39670f
40.578297	1e138f
40.588040	1df957
40.597664	1e12d7
40.612580	1df513
40.617969	1e138f
40.626231	1e3148
40.638516	1e031d
40.645824	1e0333
40.653923	1e034a
40.661410	1e034a
40.672707	1e034a
40.681228	1f24bb398ed6
40.687822	1df513
40.701947	1e0fbe
40.715813	1ce4d9
40.724127	1df99b
40.736399	1df513
40.749420	1e034a
40.756298	1e031d
40.767143	1e034a
40.780298	1e031d
40.793715	1f24bb396709
40.805662	1e3148
40.816226	1df513
40.828303	1e0772
40.843042	1df513
40.850618	1e0e36
40.862393	1e0325
40.868321	1e031d
40.879118	1e034a
40.891322	1e031d
40.899522	1e01f4
40.907183	1e031d
40.918741	1e0784
40.925748	1df995
40.940822	1df513
40.950963	1df513
40.956576	1df513
40.962926	1e0f33
40.975348	1df53d
40.989473	1e031d
41.003351	1e01f4
41.016510	1e034a
41.030744	1e06ba
41.039045	1f24bb396806
41.046609	1df68b
41.054296	1df51b
41.064037	1e138f
41.069268	1df876
41.077877	1df414
41.087542	1e076e
41.098847	1df513
41.110212	1e034a
41.117735	1e031d
41.125726	1e034a
41.133961	1e01f4
41.146056	1e031d
41.160700	1e034a
41.171614	1f24bb39675f
41.184802	1df513
41.194186	1e99b0
41.205146	1df68f
41.213722	1f24bb39a167
41.226476	1e3171
41.237193	1e98e9
41.249589	1e034a
41.261133	1f24bb397660
41.268809	1e034a
41.278338	1f1ead
41.291058	1e0772
41.303920	1f24bb396806
41.315202	1df513
41.327503	1e3148
41.342615	1e3196
41.352425	1df9dc
41.360195	1df513
41.368369	1e138f
41.373671	1e031d
41.381321	1e031d
41.387883	1e034a
41.394360	1e034a
41.399716	1e034a
41.413731	1f24bb397721
41.425396	1e034a
41.435986	1df513
41.451064	1e3148
41.460713	1e138f
41.467023	1e138f
41.478259	1df995
41.486220	1f24bb496040
41.497938	1e0ef2
41.506407	1e034a
41.514046	1e034a
41.519643	1f24bb39a3c2
41.530506	1e034a
41.543900	1e0784
41.553064	1e0772
41.563156	1f24bb396806
41.574141	1e138f
41.580042	1e3148
41.588636	1df513
41.601737	1df513
41.611914	1e3148
41.620520	1f24bb3993b0
41.629495	1e138f
41.635714	1df513
41.644064	1e06ba
41.650665	1e021c
41.658105	1f24bb39a3d5
41.665824	1e0784
41.679952	1e031d
41.694475	1f24bb396800
41.705411	1df513
41.713609	1df9fa
41.727436	1e3148
41.742421	1df513
41.750789	1df53d
41.760256	1df995
41.768252	1e031d
41.780625	1e034a
41.786399	1e034a
41.796480	1e034a
41.804951	1e034a
41.819389	1f24bb396806
41.827170	1f24bb396806
41.833119	1e996d
41.843132	1e3148
41.852633	1df513
41.863829	1f24bb398ed2
41.875093	1df513
41.886029	1df995
41.896240	1e034a
41.904763	1e034a
41.916271	1e031d
41.931105	1e034a
41.938594	1e031d
41.946585	1e031d
41.960668	1df51b
41.972611	1e9968
41.979801	1e3148
41.986159	1e9968
41.997894	1e3148
42.011760	1df8e2
42.025635	1df51b
42.034842	1e034a
42.042542	1e0772
42.056395	1e034a
42.062304	1e01f4
42.073899	1e031d
42.082703	1f24bb39767e
42.095324	1e0343
42.110415	1df513
42.118801	1f24bb39939a
42.124157	1e3148
42.137515	1e12a7
42.146747	1f24bb399036
42.160456	1ed0d4
42.174852	1f24bb3966e9
42.186711	1eb154
42.192193	1df513
42.203602	1e48c6
42.209017	1f24bb398ddd
42.216503	1e138f
42.231573	1df513
42.244075	1ea2ac
42.257481	1e96b2
42.265090	1ed0f6
42.276415	1df995
42.290777	1e3148
42.304980	1df513
42.317474	1df513
42.323528	1f24bb39a076
42.332760	1df513
42.339353	1e0784
42.352719	1e0772
42.364734	1e034a
42.371192	1e06ba
42.382056	1e05f0
42.389424	1e06ba
42.400399	1e0784
42.407883	1e031d
42.416728	1e031d
42.429541	1e0784
42.440322	1e06ba
42.448647	1e034a
42.457891	1e01f4
42.466466	1e0784
42.474453	1e0813
42.481046	1e0601
42.494706	1e0772
42.509793	1e034a
42.524668	1e034a
42.536271	1e034a
42.543113	1e06ba
42.552061	1f24bb396806
42.558782	1f24bb39680c
42.570847	1f24bb39670f
42.579934	1f24bb3966ee
42.590376	1df513
42.598229	1ea41c
42.612095	1f24bb398970
42.621327	1df995
42.630618	1df876
42.635935	1dfa2e
42.644689	1ecbac
42.658175	1df513
42.669617	1e1188
42.677618	1eaead
42.684406	1ea1a7
42.692092	1df513
42.704904	1e8c03
42.711028	1df513
42.717545	1f24bb39a174
42.723385	1e96fa
42.728773	1df513
42.740361	1e8cc0
42.755358	1f24bb399560
42.768836	1df513
42.780632	1f24bb398d30
42.788528	1df995
42.797217	1eb0ec
42.806642	1df513
42.812933	1e138f
42.825161	1e9747
42.832995	1e138f
42.839269	1ea159
42.852459	1f24bb398d46
42.863454	1f24bb39a076
42.871439	1e48f3
42.878810	1e3148
42.891564	1df513
42.905699	1f24bb398e45
42.914358	1e3148
42.924042	1df513
42.929920	1f24bb398dcb
42.938801	1df513
42.948937	1e0772
42.962321	1f24bb39777f
42.968680	1f24bb397666
42.977757	1e034a
42.984869	1e0784
42.990244	1e034a
43.000117	1e031d
43.015028	1e034a
43.025378	1e034a
43.037792	1e034a
43.045273	1e034a
43.059810	1e034a
43.066206	1e034a
43.077051	1f24bb397718
43.082597	1e034a
43.087974	1e034a
43.096977	1e031d
43.103980	1e05f0
43.118280	1e01d2
43.129203	1e02e7
43.142690	1e031d
43.151185	1e034a
43.163018	1e0311
43.176216	1e01f4
43.189636	1e076e
43.199266	1e034a
43.209009	1e034a
43.218788	1e034a
43.233436	1e01f4
43.244717	1e031d
43.256779	1e031d
43.264376	1e0772
43.275209	1e034a
43.286288	1e034a
43.299340	1e06ba
43.307609	1e031d
43.318775	1f24bb396806
43.326120	1f24bb396806
43.340140	1f24bb39670f
43.350785	1f24bb39670f
43.359423	1f24bb396855
43.369499	1f24bb39670f
43.382692	1df513
43.397041	1e8e50
43.410476	1e138f
43.415794	1df995
43.426909	1e8de5
43.432594	1df513
43.439843	1df957
43.454229	1f24bb39a238
43.466152	1df513
43.475844	1df872
43.481753	1e0784
43.487411	1e076e
43.496763	1df513
43.507627	1e138f
43.518187	1eb642
43.528784	1df513
43.541920	1e3148
43.550993	1e3148
43.562685	1f24bb39955c
43.568145	1e079c
43.581514	1df54b
43.587877	1df513
43.600299	1df513
43.605818	1f24bb399376
43.619355	1ed0f6
43.625895	1df513
43.634868	1e138f
43.645176	1e138f
43.655946	1df513
43.670330	1df513
43.684708	1f24bb3993b0
43.698242	1e8c91
43.712587	1df56d
43.727466	1e076e
43.735885	1e0f5e
43.748956	1e8c7c
43.754432	1df513
43.767464	1df513
43.772974	1e8caa
43.782441	1e135c
43.789591	1e3148
43.795454	1e8ded
43.807370	1e138f
43.813318	1e3148
43.826026	1ea1fd
43.836215	1df513
43.842588	1e3148
43.854534	1eae7d
43.868828	1e12d7
43.874757	1e138f
43.887775	1e1810
43.897051	2021da
43.904904	1b9f33
43.911927	1e138f
43.925886	1e138f
43.933785	1df8ee
43.939961	1df513
43.946209	1e3148
43.953074	1df513
43.965559	1e034a
43.980533	1e034a
43.994256	1e034a
44.000040	1e034a
44.009615	1e034a
44.018374	1e034a
44.033507	1e0601
44.042982	1e034a
44.052749	1e031d
44.066439	1e031d
44.081021	1e034a
44.086314	1e076e
44.093362	1e06ba
44.104911	1e0601
44.116441	1e031d
44.124291	1e034a
44.132196	1e034a
44.144701	1e034a
44.155633	1e031d
44.168398	1e031d
44.177448	1e034a
44.183958	1e031d
44.189501	1e031d
44.198454	1e034a
44.213022	1e0784
44.224017	1e034a
44.231733	1e0601
44.238943	1e05f0
44.246626	1e034a
44.257300	1e034a
44.268243	1e0772
44.280959	1e034a
44.292839	1e031d
44.298882	1e034a
44.306002	1e034a
44.320553	1e031d
44.332696	1e031d
44.341520	1e034a
44.348512	1e034a
44.359837	1f24bb39766d
44.367127	1e034a
44.376336	1e031d
44.386644	1e01f4
44.394190	1e034a
44.407940	1e031d
44.414204	1e034a
44.422062	1e034a
44.436382	1e01f4
44.450709	1e031d
44.459577	1e034a
44.470891	1f24bb396806
44.478267	1f24bb396806
44.485238	1f24bb396806
44.492250	1f24bb3966d4
44.498314	1f24bb396896
44.507447	1f24bb396709
44.518229	1f24bb39670f
44.526071	1f24bb39670f
44.539223	1f24bb39670f
44.553201	1f24bb398db3
44.561270	1df513
44.570966	1df513
44.582255	1df513
44.587887	1e138f
44.594778	1e8cc0
44.604911	1f24bb39a210
44.612147	1df513
44.627186	1df957
44.640881	1df513
44.648981	1df513
44.662472	1e0f5e
44.675295	1e138f
44.684791	1f24bb399036
44.695991	1e138f
44.701372	1df995
44.712599	1e0f5e
44.720174	1df9fa
44.727654	1e0780
44.739381	1df513
44.753116	1e1394
44.763951	1df513
44.774956	1df876
44.782680	1df513
44.795808	1df513
44.809192	1f24bb39a076
44.817631	1e3148
44.823594	1e3148
44.829263	1e138f
44.837205	1df513
44.845931	1df4b7
44.853723	1df995
44.867611	1df513
44.882803	1dfe9b
44.890335	1df513
44.896595	1eb642
44.903086	1e138f
44.916475	1e138f
44.923231	1df876
44.933164	1df513
44.940177	1df513
44.945585	1e3148
44.956750	1f24bb39936e
44.970798	1df513
44.985968	1df513
44.994311	1df513
45.006477	1df513
45.015512	1dfea5
45.026634	1df513
45.034208	1df957
45.040481	1df7a4
45.055352	1df513
45.066740	1df56a
45.079163	1e138f
45.088181	1df513
45.099079	20229b
45.106924	1df51b
45.116598	1f24bb398e7d
45.129130	1df513
45.140897	1df4ca
45.152319	1e0e36
45.159472	1e8e50
45.165316	1df513
45.179118	1df6c1
45.193165	1f24bb398ea3
45.199671	1e0f6e
45.205657	1e138f
45.212551	1df513
45.223396	1e0780
45.233314	1df76c
45.241623	1df513
45.254840	1e06a3
45.261292	1e0813
45.268964	1e076e
45.277326	1e031d
45.285721	1e034a
45.295281	1e034a
45.304598	1e031d
45.309851	1e034a
45.320614	1e034a
45.335652	1e034a
45.347760	1e031d
45.357731	1f24bb39767e
45.370803	1e031d
45.381692	1e034a
45.393903	1e034a
45.402670	1e031d
45.411105	1e034a
45.421026	1e06ba
45.434358	1e05f0
45.447899	1e031d
45.454060	1e034a
45.460746	1f24bb3976e6
45.468646	1e034a
45.480324	1e0784
45.494676	1e031d
45.509483	1e034a
45.518370	1e0784
45.533446	1e0784
45.547317	1e034a
45.562247	1e034a
45.574680	1e031d
45.585817	1e031d
45.593514	1e034a
45.601010	1e06fe
45.611278	1e031d
45.617293	1e031d
45.624660	1e034a
45.632457	1e031d
45.643513	1e034a
45.651944	1e034a
45.662339	1e034a
45.670184	1e034a
45.684265	1e034a
45.694622	1e034a
45.703580	1e0813
45.712538	1e031d
45.725455	1e034a
45.735344	1e034a
45.748577	1e034a
45.757313	1e034a
45.762887	1e06ba
45.769364	1e034a
45.782786	1f24bb3977bc
45.793317	1e031d
45.808390	1e034a
45.817475	1e034a
45.829373	1e034a
45.836624	1e034a
45.844980	1e0628
45.858335	1e031d
45.865596	1e034a
45.875097	1e034a
45.883495	1e01f4
45.893796	1e0563
45.908674	1e034a
45.917873	1f24bb396806
45.923202	1f24bb396862
45.934241	1f24bb396883
45.948802	1f24bb396896
45.960601	1f24bb396878
45.971557	1f24bb396709
45.980564	1f24bb39670f
45.988263	1f24bb396806
46.000269	1f24bb3966e9
46.013188	1f24bb39686a
46.021229	1f24bb4958a1
46.034895	1df513
46.042131	1f24bb399386
46.047444	1e138f
46.058950	1e972e
46.064838	1df912
46.078720	1df7a4
46.089373	1df513
46.098688	1df957
46.110555	1e0772
46.117368	1e3148
46.126531	1e0e36
46.132472	1df7a4
46.141720	1df995
46.152983	1e138f
46.159083	1e3148
46.167417	1e138f
46.174771	1eb154
46.181369	1e0e36
46.186594	1e0f5e
46.196201	1eb639
46.204456	1df957
46.218292	1e0f5e
46.224425	1eaead
46.232160	1df995
46.237741	1df513
46.247119	1e8bfb
46.253996	1df513
46.260597	1eadfc
46.265976	1f24bb399754
46.274681	1e138f
46.286471	1df464
46.293268	1eb12f
46.300963	1e4870
46.309296	1ecbde
46.323104	1df513
46.336646	1e1383
46.347439	1eaeba
46.357953	1f24bb39a060
46.364007	1e131c
46.371057	1df513
46.385181	1df9f5
46.398576	1df513
46.406263	1e0772
46.420656	1eb11a
46.429139	1df513
46.441890	1e0772
46.448268	1df513
46.455860	1eae4f
46.467382	1df53d
46.476567	1e3148
46.483713	1e138f
46.490399	1df513
46.496843	1df53d
46.505106	1f24bb398ea3
46.515455	1df513
46.522169	1df6c7
46.529740	1df513
46.536283	1df513
46.542240	1e126c
46.553979	1e138f
46.568618	1df513
46.581283	1eafc7
46.589076	1f24bb39935c
46.598137	1e9072
46.612309	1df51b
46.626038	1e3148
46.632830	1e3148
46.638543	1eb65b
46.653665	1df54b
46.661976	1df513
46.667197	1df53d
46.673944	1e1221
46.685396	1df513
46.699801	1e138f
46.709859	1df876
46.721064	1e8c4d
46.733395	1df513
46.746688	1e138f
46.752391	1e48d1
46.763578	1e138f
46.776796	1dfeae
46.791302	1df53d
46.800595	1e0ec0
46.807765	1f24bb399042
46.820808	1df513
46.828513	1df513
46.842891	1f24bb398dfa
46.854768	1e0f5e
46.862491	1df513
46.873950	1df513
46.880641	1e8be7
46.891721	1df94b
46.905920	1f24bb398e91
46.912975	1e031d
46.923272	1e034a
46.936185	1e034a
46.948911	1e034a
46.961509	1e034a
46.975240	1e034a
46.989279	1e034a
47.003273	1e031d
47.015040	1e0601
47.028536	1e034a
47.037409	1e05f0
47.045911	1e0601
47.054832	1e034a
47.068785	1e034a
47.082516	1e02d9
47.094065	1e0784
47.101577	1e034a
47.106853	1e031d
47.114298	1e031d
47.122851	1e034a
47.135537	1e034a
47.146205	1e031d
47.155621	1e034a
47.169683	1e05f0
47.182704	1e031d
47.190102	1e031d
47.202830	1e031d
47.210339	1e031d
47.216729	1e031d
47.224199	1e034a
47.232858	1e034a
47.243209	1f1e96
47.249222	1e034a
47.257104	1e031d
47.271289	1e031d
47.279927	1e031d
47.289517	1e031d
47.300002	1e034a
47.308590	1e031d
47.317352	1e034a
47.323543	1e034a
47.330273	1f24bb39a3db
47.342712	1e031d
47.357085	1e031d
47.366124	1e034a
47.372672	1e034a
47.381284	1e034a
47.390498	1e034a
47.403639	1e031d
47.411797	1f24bb397666
47.418189	1e05f0
47.426306	1e034a
47.436495	1e034a
47.450150	1e034a
47.460308	1e0784
47.470391	1e031d
47.478695	1e031d
47.490499	1e031d
47.505277	1e0563
47.514252	1e05f0
47.521538	1e031d
47.531778	1e034a
47.539535	1e031d
47.551177	1e0772
47.564522	1e01f4
47.571687	1e031d
47.577867	1e034a
47.584854	1e01f4
47.593165	1e034a
47.605401	1e034a
47.614614	1e034a
47.620344	1e031d
47.627523	1e0772
47.640931	1e034a
47.652652	1e034a
47.663646	1e031d
47.678557	1e031d
47.692008	1e034a
47.698672	1e031d
47.709722	1e031d
47.719599	1e034a
47.734461	1e034a
47.745013	1f24bb396896
47.753750	1f24bb396806
47.766709	1f24bb396806
47.776602	1f24bb396862
47.787453	1f24bb396862
47.794620	1f24bb39670f
47.804952	1f24bb39670f
47.818767	1f24bb3968b2
47.830797	1f24bb396806
47.840068	1f24bb39670f
47.849779	1f24bb396806
47.859957	1f24bb39670f
47.870736	1f24bb39670f
47.878362	1df513
47.884004	1df513
47.894409	1df6c1
47.900495	1df513
47.911290	1e138f
47.926212	1e138f
47.932669	1df513
47.947569	1e138f
47.962273	1df513
47.974978	1df513
47.985885	1df513
48.000912	1df464
48.007932	1e138f
48.021664	1e0780
48.032195	1df995
48.045501	1e3148
48.052252	1eb5e0
48.063627	1f24bb398ad6
48.070510	1e138f
48.083384	1e8cc0
48.098285	1e3148
48.112195	1df561
48.120275	1e138f
48.130733	1df513
48.138048	1df995
48.152951	20229b
48.164476	1df53d
48.173672	1e3148
48.184393	1e138f
48.192614	1df513
48.199671	1e8caa
48.213392	1df995
48.219917	1e0772
48.230596	1df513
48.244098	1e138f
48.257488	1e138f
48.265109	1e8caa
48.277081	1e0772
48.290450	1e138f
48.300950	1e138f
48.307557	1e8e50
48.316658	1e0772
48.322960	1eb653
48.329790	1df513
48.340567	1e0772
48.347688	1df6c1
48.362063	1df513
48.367744	1e3148
48.379981	1e9018
48.388753	1df957
48.398306	1df513
48.403681	1eaeba
48.409883	1e0e36
48.420991	1eaf08
48.428292	1e0ee5
48.439126	1df513
48.452135	1e0772
48.462985	1df876
48.472871	1df464
48.484146	1e138f
48.491956	1e0784
48.504552	1df50e
48.510088	1e9731
48.524877	1f24bb39897f
48.536237	1df513
48.548945	1eb65b
48.560580	1df513
48.573789	1eb123
48.584434	1e902f
48.591131	1f24bb398ed2
48.603236	1df513
48.608493	1eae36
48.623124	1f24bb3993b0
48.635966	1eae7d
48.647750	1df513
48.653567	1e48b1
48.664424	1e138f
48.672542	1df513
48.686388	1df513
48.697676	1df513
48.709899	1df513
48.719569	1eb642
48.732059	1e0f5e
48.742431	1df513
48.752029	1df995
48.757620	1ea449
48.769975	1dfa2e
48.778522	1df53d
48.792274	1df76c
48.805129	1eb661
48.814009	1df513
48.829027	1df513
48.836009	1e138f
48.848766	1f24bb399870
48.853994	1df56a
48.864991	1e0f79
48.879829	1e138f
48.893825	1f24bb399870
48.901602	1f24bb495911
48.914421	1f24bb399870
48.923566	1df92f
48.930843	1e8f11
48.943211	1e3148
48.956534	1eb69b
48.963323	1e138f
48.971739	1e18c0
48.978828	1df513
48.989317	1df50e
48.996538	1eb69b
49.004748	1eb6a2
49.017403	1e0772
49.023761	1e18c0
49.038616	1df513
49.052222	1dfa85
49.063765	1e9f65
49.077936	1dfacc
49.091697	1dfacc
49.098330	1f24bb399870
49.105004	1f24bb39820b
49.114740	1f24bb399870
49.126422	1f24bb399870
49.135766	1f24bb399870
49.150296	1dfac7
49.161954	1df513
49.170225	1e031d
49.176731	1e034a
49.190139	1e01f4
49.197254	1e034a
49.210686	1e034a
49.223300	1e031d
49.231600	1f24bb39768f
49.241181	1e034a
49.249885	1e034a
49.263265	1e031d
49.271544	1e031d
49.284834	1e01f4
49.292616	1e034a
49.299166	1e034a
49.313709	1e031d
49.322995	1e031d
49.332974	1e034a
49.344767	1e034a
49.350958	1e031d
49.365564	1e034a
49.376035	1e034a
49.384545	1e031d
49.392068	1f24bb39778e
49.399651	1e034a
49.408588	1e034a
49.419892	1e0813
49.425891	1e034a
49.436972	1e031d
49.450691	1e031d
49.461799	1e034a
49.474421	1e034a
49.479832	1e01e5
49.489770	1e034a
49.500461	1e034a
49.514185	1e034a
49.524697	1e01f4
49.537486	1e0784
49.546416	1e0601
49.551988	1e034a
49.566590	1e031d
49.576709	1e034a
49.583091	1e034a
49.595439	1e0664
49.603102	1e0601
49.612494	1e031d
49.625502	1e031d
49.636873	1e031d
49.643739	1e034a
49.657974	1e031d
49.671658	1f1eaf
49.684831	1e034a
49.699297	1e0637
49.708188	1e034a
49.717743	1e034a
49.731090	1e031d
49.741914	1e034a
49.751059	1e034a
49.757470	1e034a
49.766142	1e031d
49.772745	1e0601
49.786680	1e06db
49.796385	1e034a
49.807504	1e034a
49.821003	1e031d
49.828582	1e05f0
49.834441	1e0772
49.840559	1e034a
49.851171	1e02bb
49.858792	1e01ad
49.869664	1e034a
49.879462	1e0358
49.892027	1e01f4
49.899637	1e01f4
49.908019	1e06ba
49.914855	1e01d8
49.921147	1e031d
49.928907	1e031d
49.941061	1e031d
49.947198	1e076e
49.961938	1e01f4
49.975795	1e034a
49.985899	1e0563
49.997266	1e031d
50.005608	1e034a
50.018224	1e06ba
50.032043	1e031d
50.045739	1e01f4
50.058046	1e034a
50.072946	1e031d
50.078424	1e0784
50.085953	1e034a
50.095465	1e031d
50.109978	1e031d
50.117526	1e031d
50.124480	1e034a
50.138152	1f24bb396806
50.150610	1f24bb396806
50.163453	1f24bb396806
50.174376	1f24bb396806
50.185172	1f24bb396806
50.195118	1f24bb39670f
50.204339	1f24bb39670f
50.212987	1f24bb396862
50.225181	1f24bb39688b
50.238225	1f24bb39670f
50.250054	1f24bb396709
50.256060	1f24bb3966ee
50.269489	1f24bb39670f
50.281325	1e370b
50.286512	1df53d
50.299845	1df513
50.310510	1e138f
50.323563	1e06f0
50.338725	1e031d
50.350328	1e06e9
50.361046	1f24bb396709
50.369400	1df513
50.376843	1e3148
50.391115	1df876
50.405855	1f24bb3989d1
50.414998	1df876
50.430002	1e138f
50.440068	1df513
50.452956	1df513
50.459016	1e3148
50.473899	1f24bb399560
50.481313	1df513
50.496132	1e138f
50.503926	1df513
50.517554	1df513
50.525124	1e13a7
50.533488	1df76c
50.545670	1df513
50.555744	1df69c
50.561593	1e36f7
50.575772	1df513
50.581183	1e0e36
50.590286	1f24bb398e2f
50.596361	1e373b
50.610282	1e0f5e
50.617154	1e3148
50.625515	1df513
50.631340	1df513
50.645462	1e031d
50.652744	1e034a
50.664497	1e031d
50.674106	1e0813
50.686261	1e02f1
50.693331	1e031d
50.707905	1e01f4
50.719417	1e031d
50.726224	1e021c
50.735933	1f24bb396855
50.744026	1e225e
50.757469	1e537b
50.763089	1e537b
50.771860	1e537b
50.785022	1e537b
50.794248	1e293f
50.802243	1db025
50.807981	1f24bb39a3c2
50.818014	1f24bb39670f
50.828510	1b9f30
50.834351	1e3148
50.847277	1e225e
50.855870	1f24bb397721
50.870304	1f24bb396862
50.882511	1f24bb396709
50.896405	1e3148
50.906359	1f24bb39a3c2
50.912566	1f24bb397721
50.923893	1f24bb396896
50.930929	1f24bb396862
50.938441	1e221d
50.944050	1e52fb
50.958102	1f24bb397721
50.970846	1f24bb39a3c2
50.977710	1f24bb396896
50.986686	1f24bb396709
50.996931	1e3148
51.012138	1e38b8
51.017757	1f24bb398d30
51.027930	1e3d10
51.038497	1f24bb49591d
51.050273	1f24bb49591d
51.062739	1f24bb49591d
51.068739	1f24bb49591d
51.075312	1f24bb49591d
51.087207	1f24bb49591d
51.099971	1e38cc
51.105775	1e3148
51.115012	1f24bb39a1c5
51.121795	1f24bb49591d
51.136384	1f24bb49591d
51.150298	1f24bb49591d
51.159174	1f24bb49591d
51.167229	1f24bb49591d
51.178581	1f24bb49591d
51.186608	1f24bb49591d
51.197995	1f24bb49591d
51.207600	1f24bb49591d
51.212883	1f24bb49591d
51.223619	1f24bb49591d
51.230955	1f24bb49591d
51.243685	1f24bb49591d
51.257284	1e48d8
51.266796	1f24bb49591d
51.274714	1f24bb49591d
51.287954	1f24bb49591d
51.300448	1f24bb49591d
51.306685	1f24bb49591d
51.316266	1f24bb49591d
51.330435	1e45d7
51.345012	1e314f
51.352132	1f24bb39a166
51.357795	1c1d95
51.372883	1f24bb49610a
51.380570	1f24bb49591d
51.394323	1f24bb49591d
51.408149	1f24bb49591d
51.419645	1f24bb49591d
51.432400	1f24bb49591d
51.444810	1f24bb49591d
51.453516	1f24bb49591d
51.461975	1f24bb49591d
51.467979	1f24bb49591d
51.480618	1f24bb49591d
51.489730	1f24bb49591d
51.501024	1f24bb49591d
51.513638	1f24bb49591d
51.523271	1f24bb49591d
51.535848	1f24bb49591d
51.547765	1f24bb49591d
51.559097	1f24bb49591d
51.567808	1f24bb49591d
51.578390	1f24bb49591d
51.593043	1e45d7
51.598860	1e3148
51.608775	1e4445
51.620763	1e45d7
51.628736	1e3b35
51.641461	1e45d7
51.647370	1e4758
51.656873	1e48b8
51.668580	1e45d7
51.681437	1e45d7
51.692026	1f24bb49591d
51.699154	1f24bb49591d
51.708900	1f24bb49591d
51.723113	1f24bb49591d
51.735384	1f24bb49591d
51.743468	1f24bb49591d
51.749494	1f24bb49591d
51.761180	1f24bb49591d
51.772866	1f24bb49591d
51.782484	1f24bb49591d
51.797391	1f24bb49591d
51.804752	1f24bb49591d
51.811294	1f24bb49591d
51.823393	1f24bb49591d
51.830859	1f24bb49591d
51.840146	1f24bb49591d
51.850378	1f24bb49591d
51.864515	1f24bb49591d
51.871853	1f24bb49591d
51.878785	1f24bb49591d
51.893767	1f24bb49591d
51.903678	1f24bb49591d
51.909782	1f24bb49591d
51.923414	1f24bb49591d
51.933953	1f24bb49591d
51.943889	1f24bb49591d
51.954274	1e38b8
51.965094	1e45d7
51.974881	1e3148
51.987406	1e3a81
51.994842	1e38b8
52.006700	1e3967
52.021211	1f91c6
52.030707	1e45d7
52.038601	1f72c6
52.051266	1e3148
52.063492	1e45d7
52.078528	1e38b8
52.088139	1e48e5
52.093979	1e3b48
52.102336	1e45d7
52.109793	1e3b35
52.119492	1fb3e0
52.128500	1c1a46
52.134685	1e39a8
52.145552	1e3d2a
52.157127	1e443d
52.171014	1f24bb398d34
52.178037	1e448b
52.190791	1f24bb49591d
52.196213	1f24bb49591d
52.208576	1f24bb49591d
52.215162	1f24bb49591d
52.224575	1f24bb49591d
52.238598	1f24bb49591d
52.253169	1f24bb49591d
52.263796	1f24bb49591d
52.276942	1f24bb49591d
52.285683	1f24bb49591d
52.297821	1f24bb49591d
52.311436	1f24bb49591d
52.324029	1f24bb49591d
52.332924	1f24bb49591d
52.339962	1f24bb49591d
52.352885	1f24bb49591d
52.358633	1f24bb49591d
52.369122	1f24bb49591d
52.376230	1f24bb49591d
52.390496	1f24bb49591d
52.398794	1f24bb49591d
52.405176	1f24bb49591d
52.417138	1f24bb49591d
52.425339	1f24bb49591d
52.437453	1f24bb49591d
52.449344	1f24bb49591d
52.461937	1f24bb49591d
52.475546	1f24bb49591d
52.494299	1f24bb413bcb
52.506849	1e38b8
52.513122	1e3967
52.527393	1e45d7
52.534222	1f24bb399870
52.544077	1f24bb399870
52.551905	1f24bb398986
52.561328	1f24bb399870
52.572921	1e38cc
52.578403	1e3967
52.591193	1e38cc
52.600769	1e3967
52.608037	1e38b8
52.620789	1f24bb399870
52.634506	1e48f3
52.641393	1e38b8
52.654566	1e45d7
52.661568	1f24bb399870
52.670413	1f24bb399870
52.677108	1f24bb39945d
52.688302	1f24bb399870
52.701707	1e45d7
52.714220	1e38b8
52.726784	1f24bb39a210
52.741363	1e38b8
52.753394	1e45d7
52.763641	1f24bb399870
52.777884	1f24bb39a3c2
52.788953	1f24bb39a3c2
52.800437	1f24bb39a3c2
52.814929	1f24bb39a3c2
52.829009	1f24bb39a3c2
52.840524	1f24bb39a3c2
52.846393	1f24bb39a3c2
52.856386	1f24bb39a3c2
52.870234	1db259
52.882081	1f24bb39a3c2
52.887411	1f24bb39a3c2
52.896524	1f24bb39a3c2
52.907503	1f24bb39a3c2
52.922124	1f24bb39a3c2
52.932753	1f24bb39a3c2
52.947806	1f24bb3976fb
52.962741	1f24bb39a3c2
52.976544	1f24bb39a3c2
52.983359	1f24bb39a3c2
52.991015	1f24bb39a3c2
52.999962	1f1e88
53.007385	1f24bb39a3c2
53.019736	1f24bb39a3c2
53.025146	1db259
53.035078	1f24bb39a3c2
53.045879	1f24bb39a3c2
53.051658	1f24bb39a3c2
53.063259	1f24bb39a3c2
53.074157	1f24bb39a3c2
53.080273	1f24bb397721
53.088779	1f24bb39a3c2
53.097016	1f24bb397721
53.103885	1f24bb39a3c2
53.117608	1f24bb39a3c2
53.122795	1f24bb39a3c2
53.135513	1f24bb397675
53.141738	1f24bb39a3c2
53.152397	1f24bb39a3c9
53.162122	1f24bb3976df
53.167422	1f24bb39a3c2
53.176390	1f24bb39a3c2
53.191463	1f24bb39a3c2
53.205080	1f24bb3976fb
53.212278	1f24bb39a3c2
53.227177	1f24bb39a3c2
53.251337	1f24bb413bcb
53.258889	1f24bb39687f
53.271422	1f24bb39685e
53.277490	1f24bb396862
53.290854	1f24bb396896
53.301791	1f24bb396933
53.308642	1f24bb396806
53.315279	1f24bb396862
53.326966	1f24bb396862
53.335679	1f24bb396862
53.348031	1f24bb396862
53.358080	1f24bb396862
53.365935	1f24bb396862
53.380394	1f24bb39670f
53.386475	1f24bb39670f
53.400363	1f24bb396709
53.407193	1f24bb396709
53.414273	1f24bb396862
53.423408	1f24bb396862
53.437863	1f24bb396862
53.451927	1f24bb3966d4
53.457147	1f24bb396709
53.467032	1f24bb396862
53.475459	1f24bb396709
53.487237	1f24bb39670f
53.498913	1f24bb396709
53.507636	1f24bb396709
53.519804	1f24bb396806
53.529042	1f24bb396814
53.540741	1f24bb396709
53.548884	1f24bb39680c
53.562162	1f24bb396709
53.568249	1f24bb39670f
53.575843	1f24bb396709
53.588993	1f24bb39670f
53.595253	1f24bb396862
53.607454	1f24bb396709
53.616023	1f24bb396806
53.625243	1f24bb396806
53.634722	1f24bb396709
53.642709	1f24bb396878
53.653787	1f24bb396806
53.662247	1f24bb396709
53.674738	1f24bb39670f
53.685104	1f24bb39670f
53.693199	1f24bb396709
53.698731	1f24bb396806
53.705823	1f24bb39670f
53.713445	1f24bb39670f
53.725126	1f24bb396709
53.734065	1f24bb396709
53.739852	1f24bb396862
53.746326	1f24bb3968b2
53.753641	1f24bb396862
53.762414	1f24bb396862
53.776887	1f24bb396806
53.790406	1f24bb396862
53.803734	1f24bb396862
53.809840	1f24bb396806
53.824587	1f24bb39670f
53.835424	1f24bb396806
53.843353	1f24bb396862
53.856805	1f24bb39670f
53.865775	1f24bb396862
53.873471	1f24bb396709
53.882465	1f24bb396709
53.894357	1f24bb396709
53.903064	1f24bb396862
53.917275	1f24bb396862
53.926794	1f24bb396862
53.936652	1f24bb3968b2
53.944604	1f24bb396709
53.958347	1f24bb396709
53.963931	1f24bb396709
53.976641	1f24bb396709
53.982947	1f24bb396862
53.995693	1dfa2e
54.006268	1e20c8
54.018865	1df513
54.025022	1df876
54.031736	1f24bb39a167
54.037452	1e0f5e
54.050394	1e034a
54.059413	1e031d
54.073507	1e031d
54.082158	1e031d
54.088276	1f24bb396862
54.100714	1e031d
54.113993	1e0772
54.123784	1e01f4
54.132613	1f24bb39772f
54.138901	1f24bb39670f
54.150743	1e06ba
54.157219	1e034a
54.164394	1e034a
54.172628	1e034a
54.182852	1e05f0
54.197017	1e0772
54.206828	1e06ba
54.214394	1e034a
54.226320	1e034a
54.231685	1e034a
54.243979	1f24bb39670f
54.256865	1f24bb397762
54.264402	1e034a
54.275792	1e034a
54.286094	1e034a
54.294090	1f24bb396709
54.305122	1e138f
54.318191	1df513
54.330078	1e0f5e
54.336504	1df513
54.345203	1df513
54.350942	1df513
54.365404	1e076e
54.371620	1e0fbe
54.386078	1e12d7
54.397760	1e312f
54.411959	1e129e
54.417230	1df995
54.422648	1df513
54.431497	1e3148
54.445961	1df513
54.456658	1df472
54.465029	1f24bb39897f
54.476402	1df513
54.487791	1e0e36
54.494502	1f24bb399394
54.502171	1df513
54.512810	1e138f
54.524556	1e0784
54.530290	1e55d3
54.544544	1e3148
54.556951	1df513
54.564551	1e034a
54.573716	1e031d
54.586993	1e031d
54.597222	1e0784
54.607006	1f24bb39670f
54.619055	1ea3e7
54.626561	1e076e
54.632646	1df513
54.640976	1df938
54.651615	1f24bb398eb4
54.660327	1e138f
54.671911	1df513
54.683168	1e3148
54.695729	1df995
54.705258	1e0772
54.711104	1e9731
54.722411	1df513
54.727818	1ea128
54.739834	1df513
54.746730	1e0f5e
54.759964	1df513
54.773573	1df995
54.782862	1df513
54.792894	1ea309
54.798925	1df513
54.811306	1dfa26
54.823914	1e0f5e
54.837361	1e138f
54.846648	1f24bb398eec
54.853699	1df513
54.860232	1e3148
54.867822	1eb628
54.878220	1dfa2e
54.891882	1e96df
54.902424	1e138f
54.914610	1e138f
54.926512	1e0f82
54.931710	1e0f45
54.941554	1df876
54.956643	1df513
54.966861	1df513
54.977023	1ea223
54.990558	1e9f6c
54.996720	1f24bb39a066
55.008369	1e138f
55.022887	1df68b
55.033878	1e48b8
55.046504	1e0780
55.059154	1e8c03
55.074349	1e9f6c
55.084585	1e0f5e
55.092745	1df513
55.099962	1ea1c3
55.110638	1df513
55.119517	1e970c
55.127561	1f24bb39a210
55.132823	1e486a
55.147078	1ea098
55.153031	1e3148
55.167363	1eae7d
55.174477	1e138f
55.181215	1df513
55.190222	1df995
55.205172	1e0f5e
55.220275	1f24bb39a238
55.226035	1eaead
55.235199	1e8d6c
55.242690	1df7a0
55.250824	1df513
55.257882	1e138f
55.268236	1eae85
55.282280	1e0784
55.290088	1eadd0
55.299581	1df513
55.309574	1e138f
55.318955	1df513
55.327404	1e138f
55.342514	1df8ab
55.354606	1e034a
55.362703	1e031d
55.367992	1e01bc
55.380358	1e0772
55.392140	1e034a
55.406968	1e034a
55.418278	1f24bb3976ff
55.431722	1e031d
55.440961	1e034a
55.451699	1e034a
55.458795	1e034a
55.473024	1e034a
55.485413	1e034a
55.499489	1e034a
55.507194	1e05f0
55.516271	1e034a
55.525335	1e034a
55.532973	1e034a
55.540625	1e034a
55.547024	1e031d
55.560159	1e06ba
55.570477	1e031d
55.583389	1e034a
55.596634	1e0601
55.607028	1e034a
55.613290	1e034a
55.620902	1e031d
55.627272	1e031d
55.638043	1e034a
55.648634	1e034a
55.659510	1e034a
55.672665	1e0601
55.682117	1e031d
55.688307	1e031d
55.702138	1e0772
55.707722	1e0784
55.722407	1e034a
55.732705	1e034a
55.746547	1e0772
55.759685	1e034a
55.768545	1e0784
55.777638	1e034a
55.784265	1e031d
55.790627	1e034a
55.796947	1e031d
55.809188	1e031d
55.821571	1e034a
55.829111	1e0784
55.838800	1e021c
55.852700	1e034a
55.860209	1f24bb39a413
55.869290	1e034a
55.877938	1e034a
55.888171	1e0623
55.893727	1e034a
55.907155	1e01f4
55.915640	1e031d
55.930364	1e031d
55.935584	1f24bb3976c2
55.950556	1e031d
55.961009	1e079c
55.969281	1e01f4
55.983936	1e034a
55.996299	1f24bb3976c2
56.001963	1e01f4
56.011993	1e034a
56.018549	1e031d
56.026474	1f24bb39a3c2
56.035218	1e01d2
56.050002	1e031d
56.055584	1e034a
56.064948	1f24bb396810
56.077452	1f24bb396806
56.091092	1f24bb39688f
56.103577	1f24bb3966e9
56.118452	1f24bb39675b
56.128085	1f24bb396896
56.138891	1f24bb396806
56.145332	1f24bb396910
56.155233	1f24bb396806
56.170066	1f24bb3968d1
56.179949	1df513
56.186895	1e3148
56.198397	1e3148
56.206607	1e138f
56.213369	1e8e50
56.226550	1f24bb398e22
56.237955	1df938
56.249193	1df4ff
56.263545	1e0e1e
56.269280	1f24bb39a167
56.278467	1e8cc0
56.292096	1e8de5
56.300841	1df912
56.307276	1e9f19
56.317807	1e0780
56.331423	1e138f
56.339532	1e0e36
56.351075	1f24bb3989d1
56.357710	1f24bb399560
56.370805	1df513
56.382628	1e138f
56.395881	1eb642
56.404419	1df513
56.409762	1e3148
56.416761	1e12d7
56.423498	1e138f
56.438604	1e0772
56.444032	1df7a4
56.458573	1e0f5e
56.470879	1e1394
56.476917	1df995
56.491386	1f24bb398e2f
56.505347	1df876
56.510748	1df53d
56.520735	1ecbea
56.526492	1e12d7
56.533895	1e138f
56.539257	1e138f
56.551537	1e138f
56.559585	1df513
56.573163	1e138f
56.587763	1f24bb398d30
56.595937	1df513
56.609285	1df513
56.622336	1e98a5
56.628268	1f24bb495884
56.640871	1e138f
56.652882	1eae36
56.665632	1e138f
56.673071	1df8dd
56.687304	1df513
56.694224	1df513
56.704285	1e138f
56.717962	1df513
56.724805	1df513
56.735301	1f24bb4958a5
56.744771	1e3148
56.758620	1df513
56.771145	1e3148
56.781821	1e138f
56.789593	1f24bb398ed6
56.800989	1e1257
56.813163	1e138f
56.826780	1e138f
56.834103	1e138f
56.843308	1df995
56.858098	1df54b
56.866618	1e96a9
56.880047	1f24bb39a210
56.886330	1e8d5f
56.891931	1df995
56.901942	1f24bb398e7d
56.910734	1e138f
56.925540	1e138f
56.932661	1e9705
56.945377	1f24bb39939a
56.958833	1e0772
56.972833	1df416
56.986714	1e8c03
56.992147	1df55c
57.004418	1df513
57.012683	1f24bb3993b7
57.022781	1e0784
57.033584	1e3148
57.045709	1e3148
57.059376	1df513
57.072230	1e8caa
57.080549	1df513
57.091947	1f24bb3989d1
57.103441	1e138f
57.118232	1e0784
57.124704	1f24bb3993b7
57.137553	1e0f5e
57.148728	1df513
57.157174	1df513
57.171059	1df513
57.178297	1dfabe
57.186461	1f24bb398ea3
57.195565	1dfa85
57.205016	1e138f
57.218727	1e138f
57.230708	1df513
57.243850	1df513
57.258999	1f24bb39936e
57.270727	1df513
57.285646	1df513
57.291415	1df513
57.300960	1ecbfe
57.307587	1dfa85
57.321110	1dfa85
57.334300	1df513
57.343517	1df513
57.354384	1e0fb4
57.361712	1dfb06
57.370358	1f24bb398e2f
57.376097	1f24bb39a06f
57.383007	1dfb06
57.396284	1ea148
57.402575	1e1878
57.412820	1e1873
57.424905	1df513
57.436857	1e8ff3
57.446320	1df513
57.451600	1df513
57.457637	1df513
57.471436	1e3148
57.480681	1e9070
57.491111	1dfa85
57.497255	1e18c0
57.505686	1e8d5f
57.515968	1df876
57.521469	1f24bb398e71
57.530363	1dfa85
57.543136	1e0f5e
57.557620	1eb6a2
57.571980	1e18c0
57.581328	1df53d
57.587200	1df513
57.593282	1e9f65
57.601511	1e0e51
57.613697	1df513
57.622864	1df480
57.631476	1dfa53
57.638904	1ecba3
57.651415	1df513
57.663276	1dfa85
57.669937	1dfacc
57.682753	1ecbfe
57.697260	1df513
57.704057	1f24bb399870
57.710778	1e138f
57.717598	1eb64c
57.725416	1df76c
57.739925	1df513
57.751003	1e3148
57.765011	1e138f
57.773579	1f24bb399870
57.788252	1f24bb399870
57.802803	1df513
57.809897	1df513
57.816441	1df513
57.822324	1df513
57.835982	1df7a4
57.844206	1eb69b
57.851824	1ea3cb
57.857734	1df513
57.870345	1dfa85
57.875526	1e138f
57.881690	1f24bb399870
57.887741	1dfa85
57.901556	1dfacc
57.911005	1df513
57.916880	1eb69b
57.929190	1e133f
57.935309	1df53d
57.948912	1e138f
57.960053	1df513
57.974414	1dfa85
57.983092	1f24bb399870
57.992131	1e138f
58.002894	1df513
58.012139	1dfa85
58.026574	1eb69b
58.034659	1dfa85
58.046799	1df912
58.057497	1dfa85
58.066571	1df513
58.075687	1e18c0
58.087136	1e031d
58.094561	1e031d
58.107988	1e034a
58.117665	1e034a
58.126536	1f24bb3976c2
58.141523	1e031d
58.148300	1e034a
58.158412	1e0772
58.168185	1e031d
58.181137	1e034a
58.195298	1e034a
58.207282	1e031d
58.215553	1f24bb3976c5
58.227236	1e031d
58.239565	1e034a
58.249023	1f1e96
58.262617	1e031d
58.271592	1e034a
58.279959	1e031d
58.288376	1e034a
58.295259	1e031d
58.303430	1e034a
58.318356	1e077c
58.330741	1e034a
58.338506	1e031d
58.348464	1e034a
58.356960	1e034a
58.368858	1e031d
58.378777	1e034a
58.393794	1e034a
58.401358	1e031d
58.406709	1e05f0
58.411942	1e0772
58.419306	1e031d
58.433870	1e031d
58.443607	1e0772
58.455140	1e034a
58.469527	1e01cd
58.476053	1e034a
58.487023	1e034a
58.492504	1e034a
58.512478	1e0343
58.521516	1e031d
58.531515	1e034a
58.544314	1e034a
58.559227	1e031d
58.566006	1e034a
58.578167	1e0784
58.591709	1e01bc
58.604167	1e034a
58.610762	1f24bb39a3c5
58.618491	1e034a
58.624930	1e034a
58.639361	1e031d
58.650045	1e0772
58.661682	1e01f4
58.667102	1e031d
58.682085	1e034a
58.694458	1e034a
58.699925	1e0813
58.706888	1e06ba
58.713614	1e031d
58.727525	1e031d
58.739577	1e031d
58.748843	1e031d
58.758323	1e031d
58.770328	1e034a
58.778576	1e031d
58.784424	1e031d
58.790470	1e034a
58.803926	1e034a
58.813014	1e034a
58.826508	1e034a
58.838284	1e031d
58.845043	1e034a
58.857312	1e06ba
58.871881	1e031d
58.880127	1e034a
58.892764	1e034a
58.901228	1e0325
58.910822	1e034a
58.921806	1e031d
58.930427	1e031d
58.939732	1e0784
58.967253	1e034a
58.972564	1e031d
58.978296	1e034a
58.990023	1e031d
58.997341	1e031d
59.006757	1e034a
59.016351	1e034a
59.021757	1e076e
59.031118	1e034a
59.039546	1e01f4
59.045352	1e0784
59.053641	1e0772
59.065480	1e034a
59.078774	1e01d2
59.086765	1e0784
59.091979	1e031d
59.106363	1e077c
59.119103	1f1ead
59.132092	1e034a
59.144807	1e034a
59.159663	1e0784
59.165856	1e034a
59.173340	1e01f4
59.187777	1e031d
59.202084	1e0601
59.211104	1e0660
59.222913	1e031d
59.229403	1e0660
59.236455	1e031d
59.253910	1e0660
59.263897	1e034a
59.269736	1e02a6
59.284263	1e0660
59.293313	1e034a
59.306687	1e034a
59.317729	1e0660
59.333348	1e0660
59.343836	1e031d
59.354368	1e031d
59.365477	1e034a
59.373979	1e0784
59.388128	1e031d
59.420831	1e0343
59.433412	1e031d
59.441061	1e01f4
59.446642	1e034a
59.455107	1e06ba
59.473307	1e0660
59.480075	1e0660
59.493773	1e034a
59.505660	1e0660
59.520558	1e0660
59.530605	1e06ba
59.537897	1e034a
59.550501	1e034a
59.559749	1e031d
59.568811	1e0813
59.575291	1e034a
59.592571	1e0660
59.602744	1e034a
59.612223	1e0660
59.619287	1e034a
59.633148	1f24bb396806
59.643832	1f24bb396896
59.653217	1f24bb39687f
59.667375	1f24bb396806
59.679058	1f24bb39687f
59.690996	1f24bb3968e5
59.704167	1f24bb39670f
59.717690	1f24bb3966d8
59.731741	1f24bb3966ee
59.740511	1f24bb396862
59.748903	1f24bb39670f
59.759831	1f24bb396709
59.767548	1f24bb39670f
59.778095	1f24bb396806
59.792840	1f24bb396867
59.800389	1f24bb39670f
59.812456	1f24bb396818
59.820574	1f24bb398eb4
59.833828	1e0772
59.841020	1df995
59.853514	1e0784
59.865481	1df513
59.878474	1df923
59.884843	1e1394
59.898857	1df513
59.906708	1e0772
59.921408	1df995
59.932865	1e9888
59.943128	1f24bb399754
59.953800	1e8d8a
59.964066	1eae41
59.970880	1eaead
59.979368	1e3148
59.987613	1df513
59.995604	1df995
60.005534	1df995
60.018453	1e0772
60.030145	1df513
60.044979	1dfa2e
60.059366	1df513
60.071441	1df513
60.077301	1df513
60.088204	1e138f
60.103032	1f24bb399754
60.110084	1df513
60.118885	1e138f
60.124480	1df9ec
60.130492	1e9888
60.144171	1df513
60.154042	1df513
60.161507	1df995
60.175655	1df513
60.183174	1eae7d
60.196042	1ed0b4
60.202115	1df513
60.208421	1df513
60.215944	1e0ec0
60.228478	1df513
60.243316	1e138f
60.250755	1e8caa
60.264088	1df9dc
60.273207	1e138f
60.279137	1f24bb3993a1
60.293230	1eaead
60.299459	1e138f
60.312221	1e138f
60.319838	1f24bb398d3d
60.334186	1df895
60.347643	1e9063
60.355391	1e3148
60.361110	1df513
60.368412	1eb171
60.375152	1e138f
60.387814	1e138f
60.402888	1df957
60.414376	1e20c8
60.421933	1df93d
60.434311	1e138f
60.446147	1df513
60.458027	1df8ab
60.471490	1f24bb39a1c0
60.484584	1df53d
60.491852	1e0e36
60.497145	1e48de
60.508664	1e0772
60.514705	1e3148
60.528948	1f24bb39a178
60.539062	1df513
60.553515	1eae7d
60.563495	1ed13e
60.569232	1df53d
60.583056	1df513
60.592663	1df513
60.605020	1e138f
60.611963	1e138f
60.618480	1e48d8
60.626875	1df513
60.641570	1e0784
60.649472	1e8cc0
60.660451	1df513
60.669637	1eadca
60.679331	1e3142
60.694046	1e1278
60.702967	1df54b
60.713912	1df513
60.720745	1df536
60.729953	1df513
60.739774	1f24bb495891
60.749061	1df513
60.757478	1e076e
60.786862	1e138a
60.793447	1e1188
60.799115	1eb16b
60.807597	1df876
60.818693	1df513
60.832634	1eb173
60.839818	1e138f
60.845330	1df513
60.860062	1df513
60.874592	1e96ac
60.885237	1e12db
60.891261	1df513
60.900125	1f24bb398dcb
60.911502	1df513
60.917525	1f24bb495880
60.930463	1e138f
60.943032	1df513
60.952887	1e8b6c
60.960676	1df513
60.975057	1df513
60.982647	1df513
60.996892	1df513
61.007037	1df513
61.016080	1e3148
61.027570	1e138f
61.033147	1e48c6
61.043028	1e4867
61.054257	1eae56
61.065290	1e3148
61.080014	1eb020
61.085222	1e970c
61.099452	1df513
61.114630	1e8eb6
61.125208	1df513
61.140225	1df513
61.149993	1e0e36
61.158397	1df513
61.165025	1f24bb398ad6
61.172208	1df4c3
61.185402	1df513
61.194551	1b9f33
61.202953	1f24bb39a085
61.213620	1e138f
61.222369	1ea1d7
61.230579	1e138f
61.237157	1e138f
61.251651	1e138f
61.265843	1df513
61.277337	1e0f5e
61.283381	1e8c0b
61.293097	1e8d5f
61.305090	1df54b
61.316771	1df876
61.324317	1e0fc2
61.336294	1df513
61.342254	1df513
61.347506	1e138f
61.360204	1e0e36
61.371616	1e138f
61.386671	1f24bb399036
61.395861	1df513
61.406027	1eaf6d
61.415858	1df7a4
61.428484	1e18c5
61.435891	1df513
61.449547	1e133f
61.459719	1dfa85
61.468048	1f24bb399870
61.480531	1ea399
61.487254	1e8b79
61.501248	1e8e50
61.512878	1eb6a2
61.518813	1e3148
61.530005	1e3148
61.542647	1e1227
61.557317	1dfa85
61.562922	1f24bb39820b
61.577459	1df513
61.586336	1df513
61.600444	1df513
61.611803	1dfa85
61.617186	1dfb06
61.627771	1dfa85
61.633172	1df513
61.646003	1eae97
61.659537	1e18c0
61.666751	1e18cb
61.681638	1e0f5e
61.691994	1df513
61.698231	1df513
61.708548	1e138f
61.723677	1df923
61.738860	1e18c0
61.745663	1e18c0
61.754943	1e18c0
61.765617	1df876
61.774803	1dfa85
61.789114	1e138f
61.800670	1df513
61.806971	1dfa85
61.818898	1e3148
61.826239	1df513
61.837592	1df513
61.845161	2021c4
61.857788	1e9f65
61.870047	1ed13e
61.879196	1f24bb399870
61.894131	1e18c0
61.907551	1dfe8d
61.921578	1dfb06
61.933952	1df513
61.948312	1eb69b
61.962545	1e138f
61.970426	1ea1c3
61.980327	1f24bb399870
61.986742	1f24bb399870
61.998407	1df51b
62.005785	1dfa85
62.015255	1df513
62.028766	1df529
62.040602	1f24bb399870
62.052634	1ed13e
62.063942	1eb69b
62.078280	1f24bb3993b0
62.087950	1e9f65
62.096100	1dfe8d
62.110688	1e138f
62.121854	1df912
62.133090	1f24bb49610a
62.145325	1e138f
62.159745	1e8caa
62.168003	1e138f
62.182948	1df513
62.197638	1df513
62.206072	1f24bb398ad6
62.214364	1e1807
62.223879	1e18cb
62.233174	1eb6a2
62.242370	1dfb06
62.255846	1eb14f
62.270053	1ed137
62.284902	1f24bb399870
62.292722	1f24bb399870
62.306062	1f24bb3993a9
62.312325	1dfa85
62.321057	1dfa85
62.331685	1eb6a2
62.346432	1eb154
62.353871	1eae1c
62.364408	1e138f
62.372436	1ea361
62.385374	1e8e83
62.391380	1dfa85
62.403027	1dfabe
62.413116	1dfa85
62.423815	1dfa85
62.433792	1f24bb399870
62.447215	1dfa85
62.460888	1df513
62.466234	1df53d
62.478231	1df513
62.492672	1e0f52
62.506697	1e138f
62.521814	1e138f
62.535204	1e138f
62.545758	1e138f
62.557363	1e138f
62.569895	1f24bb399870
62.579864	1df513
62.590576	1ed137
62.595961	1dfa85
62.601917	1df53d
62.609889	1dfa85
62.621324	1e138f
62.630520	1e138f
62.642056	1e138f
62.654415	1e8b9e
62.661787	1eb69b
62.668070	1e1394
62.680871	1df513
62.694756	1e138f
62.707675	1e138f
62.718839	1e138f
62.727665	1df513
62.746870	1e138f
62.760793	1f24bb39a1c5
62.778904	1df513
62.786528	1dfa85
62.792318	1e138f
62.805827	1e18cb
62.819686	1e0e36
62.829371	1e8e50
62.837244	1e01e5
62.852342	1f24bb397671
62.863508	1e034a
62.870402	1e034a
62.877524	1e034a
62.888642	1e01f4
62.896740	1e034a
62.904253	1e034a
62.916673	1e034a
62.922437	1e05f0
62.929268	1e031d
62.934555	1e034a
62.941658	1e034a
62.948311	1e034a
62.957751	1e01f4
62.969301	1e034a
62.980248	1e034a
62.986323	1e034a
62.999221	1e034a
63.008343	1e034a
63.021507	1e031d
63.027246	1e034a
63.035150	1e031d
63.041552	1e031d
63.047352	1e034a
63.057177	1e031d
63.067139	1e034a
63.076540	1e031d
63.084512	1e034a
63.093031	1e031d
63.105740	1e034a
63.114030	1e034a
63.128452	1e031d
63.143079	1e034a
63.157681	1e031d
63.171893	1e034a
63.177103	1e0563
63.185528	1f24bb39772f
63.198495	1f24bb39778a
63.207168	1e034a
63.216646	1e034a
63.223458	1e031d
63.233373	1e034a
63.238925	1e0563
63.250562	1e034a
63.261142	1e034a
63.269046	1e034a
63.279182	1e034a
63.289731	1e034a
63.303507	1e034a
63.316402	1e031d
63.322833	1e034a
63.328971	1e034a
63.337253	1f24bb3977ca
63.345997	1e034a
63.360337	1e034a
63.374623	1e034a
63.389736	1e034a
63.398116	1f24bb39769e
63.409685	1e034a
63.420835	1e031d
63.428853	1e0697
63.437452	1e034a
63.446087	1e0325
63.460908	1e034a
63.468948	1e034a
63.479461	1e031d
63.492589	1e031d
63.500415	1e0784
63.514456	1e034a
63.528148	1e031d
63.534640	1e0784
63.541011	1e034a
63.555865	1e0333
63.569137	1e034a
63.584107	1e031d
63.593194	1e0589
63.605988	1e031d
63.617237	1e0339
63.625340	1e06ba
63.631669	1e031d
63.640699	1e031d
63.646122	1e02ee
63.658209	1e034a
63.668719	1e031d
63.682341	1e034a
63.693562	1e034a
63.707197	1e034a
63.718316	1e034a
63.726924	1e031d
63.740816	1e034a
63.749875	1e031d
63.758915	1e031d
63.769167	1e034a
63.779582	1e034a
63.788719	1e076e
63.798825	1e031d
63.805559	1e034a
63.813929	1e0784
63.819466	1e031d
63.827990	1e02a3
63.834252	1e034a
63.843566	1e034a
63.856919	1e034a
63.870098	1f24bb3977bc
63.877853	1e05f0
63.892767	1e031d
63.907807	1e034a
63.920990	1e031d
63.928158	1e034a
63.943099	1e034a
63.956333	1e034a
63.970231	1e031d
63.978123	1e0813
63.985532	1e031d
63.991958	1e034a
64.007104	1e034a
64.019810	1e034a
64.031953	1e034a
64.038159	1e031d
64.044205	1e031d
64.052006	1e034a
64.060419	1e034a
64.073161	1e034a
64.082946	1e031d
64.089642	1f24bb39a3c2
64.099172	1e06ba
64.109016	1e034a
64.119363	1e034a
64.126995	1e0601
64.135054	1f24bb39775e
64.141691	1e034a
64.146867	1e031d
64.159092	1e034a
64.166235	1e031d
64.174220	1e034a
64.185049	1e031d
64.198777	1e031d
64.210410	1e0784
64.224532	1e076e
64.234473	1e031d
64.242498	1e034a
64.250234	1e034a
64.258639	1e034a
64.271406	1e034a
64.276877	1e06ba
64.282647	1e034a
64.289914	1e0784
64.296546	1e034a
64.306938	1e034a
64.319729	1e034a
64.330605	1e031d
64.342785	1e034a
64.356303	1e034a
64.368329	1e034a
64.377649	1e034a
64.387846	1e034a
64.401972	1e0774
64.413200	1e031d
64.427384	1e034a
64.434061	1e034a
64.446150	1e031d
64.453290	1e0601
64.466385	1e0772
64.479818	1e031d
64.492184	1e034a
64.499090	1e034a
64.512733	1f24bb3976c2
64.527668	1e05f0
64.540663	1e01f4
64.552329	1e031d
64.563796	1e034a
64.577149	1e034a
64.590330	1e034a
64.598463	1e031d
64.611121	1e0772
64.619497	1e034a
64.630349	1e05f0
64.644654	1e034a
64.655245	1e034a
64.667864	1e034a
64.682771	1e0813
64.690532	1e0660
64.700405	1e034a
64.713385	1e0777
64.722509	1e031d
64.736495	1e034a
64.742531	1e034a
64.753602	1e05f0
64.762449	1e034a
64.771258	1e034a
64.777093	1e034a
64.788470	1e034a
64.801039	1e031d
64.814508	1e0660
64.820880	1e031d
64.831428	1e0813
64.837609	1e031d
64.847025	1e0784
64.853965	1e034a
64.867471	1e031d
64.875934	1e034a
64.889887	1e034a
64.899933	1e0777
64.906963	1f24bb39a41b
64.919234	1e0660
64.926589	1e0784
64.932589	1e0660
64.946686	1e034a
64.960998	1e034a
64.970405	1e021c
64.978992	1e0772
64.993309	1e031d
65.000760	1e077c
65.012409	1e0210
65.021884	1e031d
65.033159	1e031d
65.042661	1e0813
65.049155	1e01f4
65.061660	1f24bb39a3c2
65.071669	1e034a
65.078176	1e031d
65.091155	1e034a
65.103065	1e031d
65.115331	1f24bb39687f
65.127266	1f24bb396806
65.133844	1f24bb396896
65.145743	1f24bb396806
65.156722	1f24bb396806
65.171125	1f24bb39681c
65.178522	1f24bb396896
65.190323	1f24bb3966ee
65.197617	1f24bb3968b2
65.211951	1f24bb396814
65.217901	1f24bb3966e9
65.226383	1f24bb39686f
65.232960	1f24bb396862
65.244107	1f24bb3966e9
65.259201	1f24bb396842
65.267774	1f24bb3968b2
65.279099	1f24bb396896
65.285785	1f24bb39670f
65.295928	1f24bb396916
65.305883	1f24bb396806
65.317648	1f24bb3966ff
65.328687	1f24bb396806
65.342614	1f24bb39670f
65.352352	1f24bb39670f
65.360201	1f24bb396806
65.367174	1f24bb396709
65.378800	1f24bb396806
65.384455	1df995
65.395195	1e138f
65.408731	1df513
65.418134	1df513
65.424347	1dfea8
65.439531	1ea392
65.451066	1df513
65.461985	1df513
65.470683	1f24bb398e22
65.484214	1e0784
65.495702	1df513
65.506036	1df995
65.512275	1df995
65.519624	1eb0d6
65.527367	1f24bb399560
65.538256	1e0e36
65.544069	1e8c40
65.555651	1e138f
65.567498	1e138f
65.577923	1df513
65.587272	1df513
65.600057	1eae85
65.611814	1f24bb399560
65.623568	1dfeae
65.638144	1f24bb399560
65.652945	1df513
65.664194	1eae7d
65.678842	1df995
65.684247	1e0fb9
65.691239	1df513
65.702158	1e138f
65.707988	1f24bb399560
65.715105	1df513
65.729475	1e8cc0
65.740758	1df513
65.755132	1df76c
65.765160	1e076e
65.771492	1e138f
65.785065	1e3148
65.795086	1e20b7
65.805970	1df513
65.811835	1df513
65.821500	1e3148
65.836509	1df53d
65.842825	1df513
65.854071	1df513
65.863324	1e0772
65.877522	1e138f
65.884672	1ea1c3
65.895419	1e138f
65.908926	1df513
65.923556	1e8f30
65.931636	1eaea1
65.946626	1e1394
65.959272	1e1301
65.970395	1e138f
65.976200	1e138f
65.991148	1df513
66.000051	1df513
66.008903	1e138f
66.023948	1e0e36
66.034307	1eae48
66.040493	1e973c
66.052505	1df513
66.060565	1df513
66.074788	1e3148
66.086931	1e138f
66.098276	1df8b0
66.113406	1df9ec
66.127111	1e138f
66.135438	1df513
66.142589	1e138f
66.152752	1e96c7
66.160973	1df513
66.166318	1df513
66.178513	1eae44
66.186878	1df513
66.200217	1e48b5
66.212451	1ce9af
66.224291	1e0e36
66.237135	1e9784
66.250422	1eae7d
66.262773	1f24bb39936e
66.276704	1f24bb3993b0
66.283565	1f24bb399560
66.296530	1dfa2e
66.305511	1e3148
66.316792	1df513
66.325716	1e0e24
66.334906	1eae6f
66.341096	1df513
66.356264	1e0772
66.361950	1e138f
66.369930	1ea070
66.381135	1e48f3
66.386648	1df513
66.401732	1e20c8
66.410841	1df50b
66.416432	1df513
66.427890	1df54b
66.442856	1e138f
66.449987	1e138f
66.459114	1e8c0b
66.466902	1df4ea
66.480925	1df957
66.487240	1df54b
66.501217	1df513
66.515785	1df513
66.522721	1e138f
66.532489	1f24bb399754
66.540552	1df513
66.548151	1df513
66.555317	1df54b
66.561426	1df53d
66.568418	1e8d5f
66.578789	1f24bb3993a1
66.591713	1ea392
66.604628	1df513
66.613867	1e48c3
66.627241	1e138f
66.633615	1df513
66.639053	1e138f
66.650637	1e138f
66.658017	1f24bb39a0b7
66.665205	1df513
66.673421	1e138f
66.686731	1e138f
66.700591	1e138f
66.712388	1e12c9
66.718845	1eb055
66.731838	1df513
66.745858	1eae0a
66.756782	1df513
66.767835	1df513
66.773771	1e0f5e
66.785416	1df513
66.791300	1df513
66.796872	1df513
66.808870	1df513
66.818803	1df513
66.832740	1df876
66.842806	1df7a4
66.853933	1df7a4
66.866529	1df513
66.881177	1f24bb39a06a
66.887096	1e0784
66.897097	1df513
66.909757	1df513
66.920880	1e138f
66.930444	1e3148
66.938864	1df513
66.948194	1f24bb398f07
66.960556	1e0784
66.973825	1df513
66.982275	1df513
66.992486	1e138f
66.998095	1e138f
67.006442	1e138f
67.013727	1df513
67.028801	1e138f
67.038789	1e8c40
67.047375	1e138f
67.061008	1e138f
67.073256	1eaef1
67.078490	1df513
67.083888	1f24bb39a09d
67.093914	1eaead
67.109040	1dfa0b
67.121846	1e0e36
67.133446	1ea1c3
67.141607	1df513
67.149848	1f24bb49589b
67.161248	1eae97
67.171601	1f24bb398dcb
67.184244	1e138f
67.195568	1df513
67.208020	1e138f
67.217585	1df513
67.226011	1e138f
67.239369	1e138f
67.251061	1eae97
67.263038	1df6b1
67.271877	1e138f
67.285818	1e3148
67.300809	1df68b
67.310365	1e138f
67.321598	1e138f
67.334927	1e8fd6
67.345840	1e3148
67.358856	1eb081
67.365495	1df513
67.377478	1e138f
67.389699	1ea0ed
67.399245	1eb6a2
67.405324	1df513
67.419692	1f24bb3993b0
67.428116	1e138f
67.441639	1e138f
67.452134	1df513
67.465835	1eaead
67.472647	1e0f5e
67.478646	1eadc0
67.487093	1e9063
67.501756	1df513
67.514328	1f24bb398e71
67.522457	1df513
67.527872	1e0f5e
67.539656	1e138f
67.550010	1e4888
67.564584	1eaf56
67.575559	1e0f5e
67.590485	1df54b
67.605632	1ea2ec
67.611236	1f24bb39a210
67.626320	1df513
67.631909	1e138f
67.641417	1e138f
67.656042	1eae85
67.663012	1df513
67.674314	1df513
67.682508	1e0f5e
67.693344	1df513
67.704335	1eb69b
67.713234	1e0772
67.720772	1e1810
67.727157	1e138f
67.739895	1e18c0
67.749817	1f24bb49610a
67.762025	1df513
67.774689	1e1213
67.781747	1dfa85
67.788046	1e138f
67.795145	1df513
67.801045	1df513
67.815386	1df513
67.822720	1dfabe
67.835353	1e8b6a
67.848693	1f24bb399870
67.862803	1dfacc
67.876388	1dfacc
67.888489	1f24bb495880
67.898769	1f24bb399870
67.909981	1dfa85
67.924497	1e20d5
67.937812	1df513
67.951964	1eb16a
67.960462	1e312e
67.974619	1e1394
67.981998	1dfa85
67.994607	1df513
68.004977	1df54b
68.011586	1df513
68.025059	1e138f
68.035327	1e48ca
68.044931	1e138f
68.055361	1eae7d
68.061623	1f24bb399870
68.070270	1eae0e
68.075803	1f24bb399870
68.083619	1e138f
68.091530	1e138f
68.099914	202211
68.109887	1e0e36
68.123013	1eb69b
68.135649	1dfb06
68.147055	1df876
68.156783	1df513
68.168826	1ecb40
68.179420	1e8d5f
68.188523	1dfa85
68.202203	1df513
68.213910	1e138f
68.220928	1e138f
68.235709	1df513
68.248190	1eb69b
68.254822	1df513
68.264284	1df513
68.274598	1f24bb399870
68.281250	1e138f
68.290215	1df513
68.299828	1ed137
68.311096	1f24bb399870
68.322190	1df513
68.330036	1df513
68.339270	1e138f
68.353034	1e138f
68.360081	1e138f
68.371550	1f24bb398e22
68.380495	1f24bb49610a
68.390195	1eb69b
68.404896	1df513
68.412871	1f24bb41b9ff
68.422433	1df513
68.435670	1df513
68.446666	1e489d
68.455418	1e138f
68.460975	1dfa85
68.468496	1df513
68.477370	1df54b
68.491104	1df513
68.496611	1df513
68.511667	1eaf45
68.525080	1e8c91
68.533281	1dfa85
68.543737	1df513
68.555787	1f24bb399870
68.566620	1e3142
68.577118	1df76c
68.588513	1e4899
68.601315	1f24bb399870
68.608673	1e8c5c
68.621953	1df53d
68.632542	1eaead
68.641792	1e9f65
68.654263	1e138f
68.661131	1e138f
68.667099	1ed137
68.680295	1eb69b
68.692288	1e3142
68.706325	1df513
68.720743	1e18cb
68.732622	1dfacc
68.740759	1f24bb399851
68.752901	1f24bb399870
68.761129	1df513
68.774073	1e0784
68.786289	1e031d
68.795532	1e031d
68.808430	1e031d
68.822758	1e034a
68.828043	1e034a
68.836181	1e034a
68.844892	1e031d
68.851508	1e031d
68.859927	1e034a
68.870894	1f24bb39a3db
68.878764	1e031d
68.890494	1e0317
68.902532	1e034a
68.911318	1e031d
68.925056	1e031d
68.933566	1e0784
68.942443	1e034a
68.954023	1e034a
68.964607	1e031d
68.975497	1e034a
68.989165	1e031d
69.001583	1e034a
69.007865	1e034a
69.013412	1e034a
69.023482	1e034a
69.037054	1e031d
69.051636	1e0813
69.062099	1e034a
69.072699	1e01fe
69.085403	1e034a
69.092564	1e031d
69.106353	1e031d
69.112323	1e034a
69.122148	1e0772
69.133614	1e034a
69.145799	1e031d
69.156059	1e01f4
69.167002	1e0697
69.175012	1e031d
69.189231	1e034a
69.202337	1e0772
69.217103	1e034a
69.231982	1e0601
69.239761	1e034a
69.247808	1e06ba
69.254004	1e031d
69.259208	1e034a
69.265699	1e031d
69.280257	1e031d
69.292676	1e034a
69.302865	1e031d
69.314634	1e034a
69.322089	1e031d
69.335318	1e034a
69.341460	1e034a
69.350177	1e031d
69.362729	1e01f4
69.377811	1e06ba
69.392815	1f24bb3976c5
69.404543	1e031d
69.413820	1e034a
69.427529	1e031d
69.433489	1e034a
69.446259	1e034a
69.461147	1e01f4
69.472439	1e034a
69.478806	1e031d
69.493567	1e034a
69.507857	1e031d
69.518754	1e031d
69.533139	1e034a
69.542724	1e034a
69.557252	1e031d
69.572380	1e0772
69.578896	1e031d
69.587028	1e031d
69.601100	1e034a
69.609818	1e01f4
69.619469	1f24bb397666
69.627605	1e034a
69.641756	1e031d
69.654760	1e031d
69.668177	1e031d
69.677227	1e031d
69.690690	1e031d
69.702220	1e034a
69.713090	1e034a
69.725389	1e031d
69.733014	1e034a
69.744684	1e034a
69.757654	1e0772
69.769525	1e034a
69.779249	1e05f0
69.787043	1e034a
69.796443	1e031d
69.806475	1e031d
69.820408	1e031d
69.829843	1e034a
69.835833	1e034a
69.841778	1e034a
69.851577	1e031d
69.863943	1e031d
69.871419	1e031d
69.882309	1e034a
69.889372	1e0772
69.900672	1f24bb39768c
69.914575	1e01f4
69.925990	1e034a
69.938130	1e031d
69.944377	1e034a
69.955573	1e034a
69.967157	1e034a
69.978958	1e034a
69.985695	1e01f4
69.992434	1e031d
70.006925	1e031d
70.021959	1e0819
70.030042	1e0325
70.044959	1e06f0
70.054443	1e034a
70.064452	1e034a
70.077392	1e031d
70.086966	1e031d
70.094520	1e031d
70.107527	1e034a
70.115954	1e031d
70.130816	1e01f4
70.140279	1f24bb39a3c5
70.147527	1e0664
70.154788	1e034a
70.163321	1e02a6
70.175388	1e034a
70.189628	1e0772
70.194920	1e031d
70.206406	1e0637
70.216292	1e034a
70.227111	1e031d
70.237093	1e034a
70.247294	1e034a
70.261860	1e0784
70.275388	1e034a
70.282696	1e031d
70.295675	1e031d
70.310503	1e034a
70.320492	1e034a
70.334352	1e034a
70.345161	1e034a
70.356973	1e030c
70.370156	1e034a
70.380224	1e0325
70.393659	1e05f0
70.400244	1e031d
70.407776	1e034a
70.413379	1e034a
70.425862	1e031d
70.438133	1e031d
70.450459	1e034a
70.461343	1e034a
70.468037	1e031d
70.476493	1e01f4
70.485306	1e031d
70.497146	1e01f4
70.502588	1e034a
70.507971	1e0601
70.520932	1e034a
70.529671	1e034a
70.534826	1e031d
70.546987	1e031d
70.552426	1e031d
70.567121	1e031d
70.579566	1e0563
70.591647	1e034a
70.599040	1e034a
70.604321	1e034a
70.613850	1e031d
70.622768	1e0772
70.628228	1e031d
70.640456	1e034a
70.649039	1e0333
70.662823	1e034a
70.670243	1e07f5
70.677765	1e031d
70.688852	1e07f5
70.700094	1f24bb3977c4
70.708263	1e031d
70.722102	1e031d
70.732969	1e0601
70.741997	1e01f4
70.749355	1e034a
70.761286	1e031d
70.773584	1e031d
70.788448	1e034a
70.798036	1e031d
70.809731	1e034a
70.824418	1e076e
70.836540	1e01f4
70.851246	1e0813
70.862664	1e031d
70.876453	1e034a
70.884897	1e031d
70.896578	1e01f4
70.903356	1e034a
70.911031	1f24bb39a416
70.919372	1e034a
70.924650	1e034a
70.936990	1e031d
70.946393	1e031d
70.960436	1e034a
70.967732	1e031d
70.980136	1e031d
70.986862	1e034a
71.000310	1e031d
71.015260	1e034a
71.028472	1e034a
71.038727	1e034a
71.044638	1e031d
71.050404	1e034a
71.058411	1e01f4
71.073473	1e031d
71.078878	1e034a
71.089450	1e034a
71.100171	1e031d
71.113276	1e0660
71.121665	1e031d
71.130260	1e034a
71.137336	1e01f4
71.150304	1e01f4
71.164036	1e034a
71.174018	1e02c8
71.179868	1e034a
71.186839	1e0660
71.196842	1e034a
71.209972	1e031d
71.220673	1e034a
71.230145	1e031d
71.241501	1e034a
71.252855	1f24bb39a3c2
71.260247	1e031d
71.271654	1e034a
71.282413	1e034a
71.291415	1e0660
71.300043	1e034a
71.307861	1e0784
71.320007	1e06ba
71.326690	1e034a
71.334770	1e01f4
71.348266	1e034a
71.362217	1e0784
71.370169	1e034a
71.380687	1e034a
71.394314	1e031d
71.406116	1e01f4
71.420734	1e031d
71.432416	1e06ba
71.438689	1e031d
71.453765	1e034a
71.465447	1e034a
71.474429	1e034a
71.480884	1e034a
71.487940	1e034a
71.502958	1e0660
71.514688	1e031d
71.529361	1e034a
71.537724	1e031d
71.551897	1e034a
71.566699	1e034a
71.575893	1e034a
71.586837	1e01d2
71.594818	1e05f0
71.604336	1e034a
71.615489	1e034a
71.625147	1e034a
71.631184	1e06db
71.639160	1e034a
71.650593	1e0563
71.658802	1e034a
71.667620	1e034a
71.679815	1e034a
71.687131	1e034a
71.695176	1e034a
71.704746	1e031d
71.717034	1e034a
71.730752	1f24bb396806
71.739850	1f24bb39687f
71.748646	1f24bb396806
71.759935	1f24bb39689c
71.774508	1f24bb396806
71.782430	1f24bb39687f
71.795883	1f24bb39680c
71.808899	1f24bb396806
71.823762	1f24bb39683e
71.831021	1f24bb396806
71.845545	1f24bb396806
71.855252	1f24bb396896
71.864140	1f24bb396806
71.870108	1f24bb396806
71.881136	1f24bb39670f
71.896251	1f24bb396862
71.901469	1f24bb396862
71.915560	1f24bb3966ee
71.926871	1f24bb3966ee
71.934437	1f24bb39670f
71.944678	1f24bb39670f
71.952193	1f24bb396896
71.965577	1f24bb396862
71.976270	1f24bb39670f
71.988103	1f24bb39670f
72.001325	1f24bb396806
72.006955	1f24bb39670f
72.017306	1f24bb39670f
72.022580	1f24bb39670f
72.032813	1f24bb39670f
72.038193	1f24bb3966d4
72.052364	1f24bb39687b
72.060329	1f24bb396806
72.074682	1f24bb39670f
72.085971	1f24bb396896
72.100753	1f24bb39670f
72.115379	1f24bb39670f
72.128660	1f24bb396709
72.137732	1f24bb39670f
72.145082	1df76c
72.155503	1df513
72.163787	1eae91
72.172790	1f24bb398ad6
72.186243	1df53d
72.198630	1dfa2e
72.209830	1df513
72.216924	1df4df
72.228798	1e3148
72.243092	1df513
72.253969	1df513
72.267428	1e138f
72.281872	1ea3bf
72.290946	1eb5e0
72.296392	1e138f
72.306360	1df513
72.315095	1df513
72.324262	1e138f
72.331647	1df513
72.343763	1ecb64
72.355672	1e138f
72.361520	1df513
72.375763	1e138f
72.382497	1df4ed
72.389386	1df513
72.400539	1e138f
72.409176	1e118a
72.424246	1f24bb398970
72.436741	1df513
72.449832	1e138f
72.456123	1f24bb39904a
72.462301	1dfa2e
72.469623	1df56a
72.474989	1e8d8a
72.482261	1e48bc
72.494490	1df975
72.499920	1e0e36
72.509706	1df513
72.523550	1eb5c8
72.535292	1f24bb3989d1
72.547735	1e9835
72.561210	1f24bb399560
72.571888	1df513
72.579673	1df513
72.592702	1f24bb399560
72.606036	1df464
72.621222	1e3148
72.632672	1e138f
72.638202	1f24bb398eec
72.647399	1e138f
72.661793	1e3148
72.668284	1df513
72.679682	1df957
72.694254	1dfe91
72.706619	1e8c03
72.717260	1df513
72.727800	1e0fbe
72.735849	1e3148
72.741266	1df76c
72.749233	1eb661
72.761645	1e97b8
72.773885	1ed0f6
72.786287	1df513
72.792796	1f24bb398e2f
72.804739	1df513
72.813822	1df513
72.826547	1df513
72.833736	1e138f
72.845268	1df8ce
72.858150	1df513
72.863359	1df6c1
72.869021	1eb071
72.876622	1e138f
72.889104	1df513
72.898377	1f24bb399560
72.904613	1df513
72.918843	1df4ce
72.933240	1e138f
72.944682	1df513
72.957568	1ecb49
72.965597	1dfea6
72.976662	1e076e
72.988148	1df513
72.996026	1e138f
73.005965	1eae7d
73.016449	1df513
73.030140	1e076e
73.038670	1ed0f6
73.046789	1e132d
73.056295	1e8d8a
73.067068	1df513
73.080046	1df513
73.090264	1e3148
73.095667	1df513
73.106143	1eb154
73.115186	1e9760
73.127759	1f24bb398db3
73.140265	1df513
73.150525	1df513
73.163258	1df513
73.173264	1df513
73.187050	1df513
73.197509	1eb66f
73.202758	1e138f
73.209139	1df7a4
73.214841	1dfe41
73.221442	1df876
73.232214	1f24bb3989d1
73.247446	1e0f5e
73.252672	1e138f
73.267783	1df513
73.276969	1df513
73.288103	1e0f5e
73.300412	1e0772
73.314060	1e0784
73.320884	1eaead
73.332160	1df513
73.339234	1e3148
73.349756	1df513
73.362076	1df513
73.369854	1e138f
73.381929	1df513
73.392185	1e138f
73.405622	1df513
73.412033	1eaec9
73.421566	1eb661
73.427376	1e138f
73.437211	1df513
73.446824	1e0e36
73.453731	1e1278
73.467086	1e0784
73.480757	1ecba3
73.493211	1df54b
73.499797	1e0f5e
73.511254	1e0772
73.522163	1df513
73.532178	1f24bb398d30
73.542706	1df513
73.551448	1e138f
73.560511	1eb0d6
73.573181	1df53d
73.586521	1df513
73.600935	1e138f
73.609852	1df513
73.621937	1eae48
73.627663	1f24bb399042
73.637559	1df76c
73.642775	1e9f26
73.651805	1df513
73.662430	1e138f
73.676216	1df513
73.682698	1df54b
73.692815	1df513
73.704638	1df513
73.716804	1e076e
73.722529	1df513
73.737042	1e138f
73.750408	1e138f
73.757052	1dfa2e
73.770792	1dfe41
73.783129	1df513
73.789976	1e312e
73.799833	1f24bb399386
73.811736	1e138f
73.819228	1e138f
73.831408	1ecb74
73.846408	1df54b
73.861495	1df513
73.867839	1e0772
73.880776	1e0f8b
73.890011	1eae7d
73.896113	1e138f
73.910107	1df513
73.919032	1e138f
73.930861	1df513
73.941643	1e0772
73.952835	1e8d5f
73.958412	1df412
73.963686	1eae7d
73.975352	1df513
73.986615	1eafed
73.999173	1e138f
74.007750	1df69c
74.019256	1df513
74.027978	1df876
74.039602	1f24bb3979dd
74.054283	1e138f
74.067219	1e138f
74.077219	1df53d
74.091807	1df513
74.106647	1e0f5e
74.113107	1df513
74.120411	1e138f
74.128388	1e138f
74.140034	1ed0c2
74.147246	1df513
74.154561	1e138f
74.163533	1e0f5e
74.176943	1df876
74.190243	1f24bb398e45
74.202918	1f24bb398970
74.208191	1e0e36
74.218335	1e0f80
74.232901	1eae7d
74.247695	1df513
74.259958	1df54b
74.268137	1e132d
74.282724	1df513
74.290155	1df513
74.301203	1e4885
74.313563	1df53d
74.320010	1df513
74.328845	1df513
74.335085	1df513
74.347877	1f24bb3989d1
74.360771	1e0780
74.375507	1df513
74.380829	1df513
74.392444	1df513
74.404100	1df513
74.413110	1e8d5f
74.425916	1f24bb399376
74.436602	1df876
74.451231	1e0784
74.457488	1e138f
74.471980	1df513
74.477700	1df513
74.490051	1df513
74.497830	1df513
74.505483	1e138f
74.518448	1e138f
74.527060	1e0f5e
74.533272	1f24bb398e7d
74.542623	1e138f
74.553547	1e0772
74.563776	1e138f
74.572328	1e138f
74.578881	1eafae
74.591055	1eb661
74.596375	1df513
74.606455	1ea40e
74.613029	1f24bb495880
74.622951	1df513
74.630482	1e8d8a
74.642714	1df513
74.648920	1e138f
74.663813	1eae7d
74.673619	1e138f
74.683964	1e138f
74.695630	1e8d8a
74.703509	1e8bdc
74.718100	1df513
74.724305	1df513
74.731030	1df513
74.738157	1df513
74.744172	1df9e0
74.758609	1df513
74.768286	1f24bb398e57
74.782871	1eaf72
74.795866	1e138f
74.801043	1e138f
74.810219	1df513
74.825372	1f24bb398f07
74.836394	1e138f
74.847148	1e138f
74.854716	1df513
74.865789	1e0f5e
74.874106	1df513
74.883298	1e3148
74.896750	1eb5e0
74.908352	1df513
74.918853	1e138f
74.925284	1f24bb398ea7
74.935744	1df513
74.948728	1df54b
74.959506	1e138f
74.972883	1e138f
74.984884	1df513
74.996605	1e188c
75.004446	1e138f
75.018455	1e138f
75.029037	1df513
75.034568	1e138f
75.049088	1e138f
75.059183	1eae7d
75.066865	1eae3a
75.077718	1f24bb39a060
75.089880	1e138f
75.102143	1df513
75.112270	1e9050
75.127256	1e138f
75.141702	1eb0c0
75.152010	1df513
75.166398	1e0f5e
75.179620	1df513
75.192028	1e138f
75.205933	1df513
75.215336	1e3148
75.228446	1e138f
75.240668	1e138f
75.253013	1e138f
75.266603	1df513
75.275659	1e0772
75.289839	1df513
75.304610	1e138f
75.315874	1ed137
75.325682	1e0e36
75.335275	1e8c0f
75.343713	1e486a
75.352682	1df513
75.366684	1e1372
75.375773	1df513
75.389256	1eaefb
75.404359	1e138f
75.411593	1df513
75.421958	1eaead
75.433241	1df513
75.442523	1dfa85
75.453516	1df513
75.461860	1f24bb399870
75.471678	1eae7d
75.486104	1e138f
75.500484	1dfa85
75.508173	1ed137
75.519982	1e9077
75.530875	1dfa85
75.544813	1f24bb398e6e
75.554816	1e138f
75.569943	1df513
75.575189	1f24bb3989d1
75.588511	1dfa85
75.601099	1ea148
75.613483	1ed137
75.621656	1e138f
75.636312	1f24bb3980bd
75.649182	1dfa85
75.659688	1f24bb399870
75.667093	1e8c66
75.678120	1ed137
75.692345	1df513
75.698271	1ecb96
75.710784	1e138f
75.716358	1f24bb399870
75.723629	1ecbac
75.732991	1df8ab
75.743948	1eb6a2
75.751773	1e0f5e
75.760174	1e138f
75.769689	1df513
75.783063	1e138f
75.791089	1dfa85
75.803357	1eae6f
75.810095	1dfb06
75.819632	1df513
75.826958	1df513
75.836438	1dfa85
75.842001	1f24bb399870
75.851203	1df513
75.863544	1e0e36
75.873855	1f24bb399870
75.888997	1e48f3
75.900829	1dfa97
75.906861	1dfa85
75.919344	1df513
75.929513	1e18cb
75.937168	1dfa85
75.944191	1e138f
75.951532	1e18cb
75.960372	1f24bb398e2f
75.970380	1eb69b
75.983797	1df54b
75.995740	1df513
76.001929	1dfabe
76.014358	1e138f
76.019642	1df513
76.033428	1e138f
76.047370	1f24bb399870
76.058530	1ea3e6
76.065105	1df513
76.072235	1e138f
76.079669	1f24bb399870
76.092494	1df54b
76.105794	1dfe8d
76.114774	1e138f
76.123665	1df513
76.135187	1df513
76.149108	1dfa85
76.161204	1ed137
76.169194	1e138f
76.178385	1df513
76.187636	1dfacc
76.193980	1f24bb398e7d
76.204712	1e138f
76.216898	1e138f
76.227492	1eb69b
76.235390	1f24bb398eec
76.249402	1dfabe
76.258626	1e138f
76.271208	1ed137
76.281822	1e138f
76.289441	1dfa85
76.295485	1df513
76.307089	1e138f
76.314021	1df513
76.326891	1dfa85
76.333392	1e18c0
76.347036	1df513
76.359469	1e48b8
76.366844	1e8de5
76.373527	1f24bb39985f
76.386665	1df876
76.392665	1e138f
76.406131	1eb69b
76.413094	1eb69b
76.424320	1df513
76.431255	1df513
76.437739	1dfacc
76.449327	1e138f
76.461663	1dfa7f
76.471784	1dfb38
76.479344	1f24bb399870
76.492887	1eb154
76.501239	1f24bb399870
76.509914	1dfabe
76.521056	1df414
76.527749	1df513
76.541405	1e8c03
76.553966	1f24bb398f07
76.564283	1df7a4
76.571542	1df513
76.582462	1df513
76.595150	1e8c03
76.609388	1ed137
76.614710	1df513
76.620166	1f24bb399870
76.633575	1e0589
76.642474	1e031d
76.656234	1e034a
76.670798	1e034a
76.682059	1e031d
76.694771	1e01f4
76.703644	1e034a
76.716349	1e034a
76.730251	1e031d
76.742336	1e034a
76.747993	1e034a
76.761378	1e031d
76.771677	1e031d
76.785384	1e031d
76.796958	1f24bb397718
76.803066	1e031d
76.816660	1e0336
76.827982	1e031d
76.836677	1e034a
76.842018	1e01f4
76.856059	1e031d
76.861922	1e031d
76.868858	1e034a
76.880537	1e034a
76.890509	1e0601
76.898568	1e034a
76.908892	1e034a
76.915283	1e01f4
76.921676	1e034a
76.934968	1e0784
76.945317	1e034a
76.952483	1e0589
76.960181	1e034a
76.966251	1e0772
76.976003	1e034a
76.987072	1e034a
77.000317	1e0772
77.013659	1e034a
77.020190	1e031d
77.026561	1e031d
77.037948	1e034a
77.043637	1e034a
77.054008	1e034a
77.068270	1e034a
77.082234	1e031d
77.095106	1e031d
77.102858	1e034a
77.116945	1e0777
77.128914	1e0697
77.137596	1e0813
77.148251	1e01f4
77.159398	1e034a
77.173117	1e0784
77.186589	1e034a
77.194730	1e034a
77.201331	1e034a
77.207212	1f24bb39a3c5
77.219955	1e034a
77.231032	1e01f4
77.236359	1e031d
77.241797	1e034a
77.256923	1e034a
77.271256	1e034a
77.285023	1e031d
77.290374	1e034a
77.300294	1e031d
77.311081	1e031d
77.317248	1e031d
77.323665	1e034a
77.329989	1e034a
77.344300	1e034a
77.352197	1e01f4
77.367240	1e0813
77.374932	1e077c
77.381720	1e031d
77.394880	1e031d
77.408813	1e077c
77.420581	1e0813
77.428523	1e031d
77.439809	1e034a
77.450742	1e034a
77.465501	1e031d
77.479251	1e034a
77.489143	1e031d
77.496244	1e031d
77.506462	1e034a
77.512940	1e0774
77.520029	1e031d
77.532220	1e05f0
77.544817	1f1eaf
77.558437	1e034a
77.569814	1e034a
77.575937	1e034a
77.583130	1e034a
77.596383	1f24bb39a416
77.603314	1e034a
77.614525	1e034a
77.620868	1e034a
77.628082	1e034a
77.634169	1e034a
77.648556	1e034a
77.654494	1e0358
77.660959	1e031d
77.666856	1e01f4
77.681760	1e031d
77.695535	1e034a
77.704393	1e0563
77.718009	1e031d
77.726361	1e034a
77.732476	1e034a
77.742419	1e031d
77.749658	1e034a
77.760055	1e0780
77.771394	1e033f
77.786174	1e034a
77.792467	1e034a
77.806476	1e01f4
77.815430	1e034a
77.825714	1e031d
77.831932	1e031d
77.845018	1e031d
77.859273	1e034a
77.868198	1e031d
77.874153	1e031d
77.880650	1e02dc
77.893020	1e034a
77.906226	1e0784
77.913282	1e034a
77.920297	1e031d
77.934776	1e034a
77.949368	1e034a
77.962286	1e034a
77.970486	1e034a
77.981874	1e034a
77.996661	1e034a
78.009397	1e034a
78.023009	1e034a
78.037871	1e031d
78.046298	1e034a
78.056000	1e034a
78.068718	1e034a
78.078151	1e034a
78.093338	1e05f6
78.107764	1e01f4
78.122866	1e05f0
78.133384	1e0784
78.139906	1e034a
78.149120	1e031d
78.158514	1e034a
78.171999	1e031d
78.179740	1e031d
78.189344	1e01e5
78.199418	1e034a
78.209525	1e031d
78.221739	1e0772
78.233443	1e0784
78.247206	1e034a
78.257309	1e034a
78.267164	1e034a
78.280816	1e0813
78.288305	1e034a
78.298819	1e031d
78.305435	1e031d
78.311479	1e031d
78.325363	1e0325
78.332501	1e034a
78.347330	1e031d
78.359129	1e031d
78.366643	1e01e5
78.374094	1e0563
78.384916	1e031d
78.393502	1e034a
78.405644	1e076e
78.414693	1e01f4
78.425713	1e034a
78.434735	1e01f4
78.440765	1e034a
78.453094	1e034a
78.464113	1e034a
78.474587	1e0784
78.485792	1f24bb39778e
78.496651	1e031d
78.501845	1e031d
78.508735	1e031d
78.518724	1e01f4
78.533156	1e034a
78.547778	1e034a
78.562734	1f24bb397666
78.575657	1e031d
78.585267	1e031d
78.596766	1e031d
78.608468	1e01d2
78.621162	1e034a
78.626515	1e0784
78.641631	1e034a
78.656763	1e0772
78.668299	1e031d
78.676360	1e031d
78.686925	1e0601
78.695989	1e034a
78.710642	1e031d
78.722970	1e031d
78.729259	1e076e
78.736392	1e0813
78.745243	1e034a
78.753116	1e0772
78.762546	1e031d
78.769957	1e0784
78.779960	1e031d
78.785809	1e034a
78.796509	1e0813
78.811255	1e034a
78.824515	1e034a
78.837461	1e034a
78.850927	1e0623
78.857454	1e06ba
78.869268	1e031d
78.883493	1e0792
78.891832	1e034a
78.899316	1e031d
78.912939	1e031d
78.926313	1e031d
78.932555	1e034a
78.944171	1e0784
78.958070	1e034a
78.971868	1e031d
78.979316	1e034a
78.987442	1e06ba
78.998455	1e034a
79.009411	1e034a
79.023602	1f24bb39a41c
79.036901	1e031d
79.049580	1e031d
79.063536	1e031d
79.070017	1e034a
79.079540	1e034a
79.093260	1e034a
79.106638	1e034a
79.111879	1e031d
79.124634	1e034a
79.130204	1e034a
79.138645	1e034a
79.145704	1e05f6
79.152995	1e034a
79.167156	1e034a
79.182178	1e034a
79.190712	1e05f6
79.203592	1e031d
79.213850	1e034a
79.223123	1e0813
79.236150	1e034a
79.245157	1e01ad
79.257430	1e031d
79.270978	1f24bb39a3b7
79.277499	1e031d
79.283915	1e031d
79.295416	1e031d
79.304224	1e031d
79.312014	1e031d
79.318047	1e034a
79.325663	1e034a
79.332619	1e034a
79.347124	1f24bb39a3c2
79.359008	1e034a
79.373888	1e034a
79.385154	1e034a
79.397046	1e034a
79.407643	1e031d
79.415913	1e01f4
79.428818	1e034a
79.441518	1e031d
79.451841	1e0784
79.466056	1e034a
79.481166	1e034a
79.488399	1e031d
79.494645	1e034a
79.503342	1e05f0
79.514100	1e034a
79.519934	1e034a
79.530058	1e031d
79.536903	1e031d
79.546557	1e034a
79.557867	1e034a
79.568356	1e0325
79.583500	1e034a
79.593346	1f24bb3976ff
79.601901	1e034a
79.613281	1e034a
79.626112	1e034a
79.634490	1e0772
79.646213	1e01f4
79.658725	1e05f0
79.669081	1e034a
79.683267	1e034a
79.697965	1e034a
79.709130	1e034a
79.716273	1e034a
79.728127	1e034a
79.741766	1e034a
79.748992	1e034a
79.755273	1e06ba
79.765260	1e031d
79.775792	1e05f0
79.788449	1e031d
79.801656	1e031d
79.815678	1e031d
79.825501	1e01d2
79.832466	1e034a
79.838161	1e05f0
79.850911	1e034a
79.865017	1e034a
79.872735	1e026b
79.879071	1e031d
79.890264	1e031d
79.900462	1e034a
79.906419	1e031d
79.912769	1e031d
79.926523	1f24bb39a3ad
79.938309	1e031d
79.951963	1e031d
79.961653	1e031d
79.967132	1e031d
79.977130	1e034a
79.987560	1e031d
79.999217	1e076e
80.007210	1e01f4
80.018251	1e034a
80.031983	1e031d
80.039006	1e0660
80.051377	1e034a
80.057503	1e031d
80.064103	1e077c
80.069809	1e031d
80.077209	1e034a
80.088294	1f24bb397743
80.098635	1e031d
80.104719	1e031d
80.117189	1e031d
80.128586	1e034a
80.139740	1e031d
80.153591	1e034a
80.161129	1e031d
80.173417	1e034a
80.185329	1e034a
80.197737	1e034a
80.209675	1e034a
80.223854	1e034a
80.238465	1e034a
80.246053	1e034a
80.256586	1e034a
80.263736	1e034a
80.275585	1e031d
80.290071	1e034a
80.302048	1e01f4
80.313079	1e031d
80.328019	1e034a
80.342267	1e034a
80.356989	1e034a
80.369500	1e034a
80.382436	1e034a
80.393996	1e05f0
80.407519	1f24bb39a3a0
80.415723	1e031d
80.424133	1e034a
80.429602	1e034a
80.441986	1f24bb3976fb
80.447484	1e034a
80.457874	1e034a
80.473022	1e031d
80.487744	1e034a
80.493116	1e06ba
80.505323	1e031d
80.513864	1e034a
80.523704	1e034a
80.533048	1e034a
80.547251	1e034a
80.555885	1e034a
80.565422	1e034a
80.575795	1e034a
80.581869	1e0234
80.593502	1e01dc
80.605765	1e034a
80.618580	1e0784
80.631258	1e031d
80.645437	1e034a
80.651040	1e034a
80.665302	1e01d2
80.672488	1e06ba
80.681153	1e0772
80.695539	1e034a
80.709985	1e034a
80.718396	1e034a
80.728178	1e0774
80.734474	1e0813
80.742185	1e05e4
80.756759	1e031d
80.766310	1e031d
80.774441	1e034a
80.781038	1f24bb396806
80.790480	1f24bb396806
80.805572	1f24bb396806
80.820279	1f24bb396806
80.827579	1f24bb396806
80.836907	1f24bb396806
80.842807	1f24bb396896
80.856490	1f24bb396806
80.868204	1f24bb396896
80.874614	1f24bb396806
80.881757	1f24bb396806
80.896254	1f24bb396896
80.902624	1f24bb396806
80.908196	1f24bb396878
80.916290	1f24bb396709
80.922569	1f24bb39687f
80.936907	1f24bb396887
80.945809	1f24bb396883
80.953154	1f24bb396862
80.961987	1f24bb396709
80.967733	1f24bb3966d0
80.978550	1f24bb3966fa
80.991809	1f24bb396709
81.002925	1f24bb396821
81.012959	1f24bb396862
81.019621	1f24bb39670f
81.032647	1f24bb39670f
81.038104	1f24bb39670f
81.050202	1f24bb39670f
81.057359	1f24bb39670f
81.063242	1f24bb39684a
81.074013	1f24bb39670f
81.088748	1f24bb396806
81.100541	1f24bb39691b
81.107190	1f24bb396806
81.117457	1f24bb396806
81.130775	1f24bb39670f
81.144288	1f24bb39670f
81.150599	1f24bb396806
81.163604	1f24bb396709
81.172712	1f24bb39670f
81.185123	1f24bb39670f
81.199442	1f24bb39670f
81.207273	1f24bb396806
81.221045	1f24bb396806
81.233514	1f24bb39670f
81.244615	1f24bb39670f
81.257090	1f24bb399560
81.264961	1df513
81.278737	1df513
81.284812	1df513
81.294532	1df513
81.303760	1df51b
81.314252	1df513
81.327568	1df53d
81.338899	1f24bb399560
81.350461	1e8caa
81.364713	1e3148
81.374349	1df6b1
81.387372	1e0784
81.392866	1e138f
81.401025	1e8d8a
81.412280	1e1235
81.425058	1e3148
81.437041	1e138f
81.443903	1e3148
81.449835	1df513
81.462349	1df56a
81.476218	1e1394
81.491415	1e138f
81.505449	1e138f
81.517396	1e1394
81.531528	1df513
81.545811	1df513
81.555169	1df876
81.568188	1df975
81.574456	1e138f
81.589644	1df513
81.602582	1e0772
81.608439	1df4ce
81.619703	1e0e36
81.625433	1e138f
81.631040	1e138f
81.641925	1df513
81.652496	1df513
81.662239	1ea3c7
81.674153	1e138f
81.688130	1df513
81.693692	1e3148
81.705133	1df944
81.715969	1e8c59
81.725858	1e48fa
81.735313	1e48c3
81.742892	1df513
81.753911	1e138f
81.763652	1eb642
81.770719	1df513
81.781788	1e0772
81.796498	1df513
81.810088	1df4ed
81.822531	1e138f
81.832443	1e138f
81.843085	1e0e36
81.857795	1e8f4d
81.867565	1df513
81.877272	1df513
81.886583	1e138f
81.891894	1e0780
81.900363	1df513
81.910711	1e138f
81.922388	1e138f
81.931415	1df513
81.939088	1eaead
81.952788	2021bd
81.967423	1e138f
81.977155	1df53d
81.990937	1e3148
82.002160	1df53d
82.010552	1df513
82.017298	1e0e1a
82.026185	1eb08b
82.039923	1df513
82.051786	1e48e2
82.060339	1df53d
82.072784	1df8ee
82.085928	1eb154
82.100655	1df693
82.115297	1df995
82.126349	1e138f
82.139097	1df513
82.149230	1df6c1
82.163284	1e138f
82.172701	1f24bb398e57
82.186192	1df513
82.194583	1df53d
82.208972	1df513
82.222232	1eb647
82.231269	1df513
82.245281	1eadf6
82.251968	1eae56
82.260386	1e138f
82.275111	1f24bb398d46
82.286085	1ecc08
82.296830	1df513
82.310788	1df513
82.325858	1df513
82.331369	1e138f
82.340492	1e0f5e
82.355577	1df513
82.361589	1df529
82.373209	1df513
82.379596	1df7a4
82.393786	1e138f
82.408894	1eae7d
82.414172	1e0e36
82.424375	1df513
82.437211	1e138f
82.443620	1df513
82.457502	1e138f
82.463092	1e138f
82.471574	1ed0f8
82.477190	1df513
82.484298	1e138f
82.492197	1e138f
82.506355	1e138f
82.513527	1df53d
82.523475	1eb60d
82.536307	1f24bb39a076
82.542924	1e13a0
82.553342	1e138f
82.567529	1eb154
82.582444	1df513
82.595468	1df513
82.610225	1e1257
82.622837	1df513
82.630125	1e076e
82.638397	1df513
82.651184	1e138f
82.659157	1df513
82.667049	1eb5e0
82.672767	1f24bb398e57
82.684475	1df8ee
82.691305	1e138f
82.701501	1e138f
82.711331	1f24bb399386
82.721454	1df513
82.726771	1e0e36
82.738495	1e0f5e
82.749284	1e138f
82.762673	1e3138
82.769028	1e8e50
82.783915	1e1383
82.796550	1df513
82.806736	1df513
82.813099	1e138f
82.818680	1f24bb39a09d
82.827038	1f24bb398ad6
82.833392	1e138f
82.843821	1f24bb399376
82.854307	1e138f
82.867939	1e0f80
82.875427	1df53d
82.887951	1df513
82.902240	1f24bb39a238
82.915040	1df513
82.921863	1e0f5e
82.928481	1e138f
82.938430	1e8e50
82.944506	1df513
82.952661	1e138f
82.960752	1e8c03
82.968073	1eb154
82.981409	1eb154
82.991851	1eaeba
83.005934	1eae7d
83.017690	1df513
83.024394	1e0784
83.034593	1df513
83.040143	1eae7d
83.047208	1f24bb399560
83.057495	1df513
83.067731	1e0f5a
83.077663	1e138f
83.089368	1f24bb398db3
83.102034	1e8de5
83.113681	1df513
83.124475	1f24bb399376
83.139054	1df513
83.145984	1df513
83.153628	1df513
83.160331	1df513
83.175164	1e138f
83.187487	1df513
83.194334	1df513
83.202709	1e138f
83.210350	1df513
83.223332	1e3148
83.234439	1f24bb398e7d
83.247458	1f24bb49592c
83.259938	1e138f
83.270310	1e138f
83.276166	1eb5e0
83.285446	1eae85
83.300490	1e9f24
83.315130	1f24bb495891
83.327813	1df513
83.334596	1df513
83.346461	1df513
83.352401	1f24bb398f07
83.357599	1e138f
83.368809	1df876
83.376597	1df513
83.390306	1df995
83.402870	1f24bb399036
83.412292	1f24bb398de9
83.427163	1df513
83.436843	1df513
83.445654	1eb08f
83.450918	1eb5e0
83.461123	1e138f
83.469956	1df513
83.481496	1df513
83.492752	1df53d
83.506685	1df513
83.520401	1df513
83.534229	1e138f
83.542776	1e8cc0
83.555220	1f24bb39a238
83.563872	1f24bb398ed2
83.574231	1df513
83.583161	1eae7d
83.593738	1e138f
83.607432	1df513
83.620511	1e138f
83.628991	1e138f
83.636254	1eaec6
83.642151	1df513
83.657091	1df9c2
83.669771	1e138f
83.684180	1f24bb39936e
83.690431	1e1394
83.701603	1e138f
83.710475	1e13ae
83.720473	1eae85
83.727424	1df7a4
83.740205	1f24bb398e07
83.753957	1eb6a2
83.768979	1df53d
83.780175	1df53d
83.793637	1e9066
83.805829	1df513
83.811384	1df957
83.817156	1e138f
83.828070	1e9f26
83.833483	1e138f
83.844180	1e138f
83.858175	1ecc08
83.868064	1df513
83.873347	1e1394
83.881946	1b9f33
83.894235	1eb0c0
83.902715	1eae18
83.913046	1e138f
83.920290	1df513
83.927735	1df513
83.942593	1e138f
83.951198	1e0e36
83.959478	1df513
83.974537	1e0784
83.984389	1e0784
83.990687	1e12b9
84.001646	1e138f
84.014935	1e0f5e
84.024456	1e0772
84.031177	1e133b
84.043920	1e138f
84.049996	1eae36
84.065285	1df54b
84.078969	1df513
84.091020	1eae29
84.101167	1df513
84.115109	1e138f
84.120874	1e0fb9
84.135724	1e4870
84.142813	1df51b
84.152281	1df513
84.164620	1df513
84.172380	1e0f37
84.178232	1eb6a2
84.189364	1e138f
84.204040	1df513
84.215831	1ed0e0
84.230353	1e312f
84.236535	1e079c
84.251082	1e0772
84.261077	1e138f
84.274648	1e138f
84.285403	1e3148
84.296896	1e138f
84.310876	1e138f
84.322125	1e138f
84.336826	1df876
84.342562	1e8ff6
84.355732	1df513
84.370388	1e8fae
84.384800	1e0780
84.393352	1e138f
84.400020	1df513
84.411681	1e138f
84.419097	1e138f
84.431430	1df995
84.438388	1df513
84.446498	1df513
84.454738	1df53d
84.463692	1e9f19
84.474872	1df513
84.486089	1e138f
84.498664	1e138f
84.507778	1ecb54
84.518732	1df513
84.526293	1e138f
84.532414	1e8d5f
84.539109	1df68f
84.550677	1e138f
84.556114	1e138f
84.564608	1df513
84.573352	1e0f5e
84.587914	1df575
84.594716	1e138f
84.609075	1df513
84.615494	1f24bb399340
84.629282	1ea081
84.638276	1df76c
84.646389	1df513
84.654163	1df513
84.662662	1e1294
84.673250	1e138f
84.683097	1e3148
84.693792	1df513
84.705858	1e0f5a
84.718859	1e138f
84.725589	1e138f
84.731999	1f24bb39a067
84.743992	1dfe63
84.756600	1e138f
84.763130	1e138f
84.772903	1e138f
84.786732	1df513
84.801438	1df876
84.813462	1df513
84.823934	1e138f
84.838186	1f24bb398e9a
84.845539	1e48b8
84.858723	1df53d
84.869994	1eb61a
84.878868	1e138f
84.887554	1df513
84.901066	1e138f
84.908245	1df7a4
84.921721	1e138f
84.931200	1e8e50
84.941184	1df513
84.948479	1df53d
84.954693	1e1810
84.965098	1f24bb398e57
84.977913	1e0e36
84.984747	1df901
84.990693	1f24bb4958a1
84.998472	1df513
85.005229	1df4ce
85.018691	1e138f
85.026065	1f24bb398986
85.037260	1e48ab
85.044828	1e8c03
85.050612	1df513
85.059075	1df513
85.064835	1df513
85.071010	1e12db
85.083022	1df513
85.090984	1e138f
85.096985	1e138f
85.111795	1e138f
85.123230	1e138f
85.133334	1df513
85.141056	1e188c
85.152048	1e1372
85.161272	1e1807
85.170331	1df53d
85.184957	1df513
85.193512	1e96c7
85.206367	1eb03e
85.218283	1e138f
85.226510	1df513
85.233367	1e138f
85.242643	1df513
85.250601	1df54b
85.263798	1df513
85.272613	1e0f2d
85.282709	1df513
85.296703	1df513
85.311110	1df513
85.316776	1e138f
85.327487	1e0f56
85.333734	1df513
85.346561	1df957
85.356709	1df513
85.364018	1ed125
85.378241	1e138f
85.389853	1e8e50
85.400113	1e138f
85.413119	20227b
85.424436	1df513
85.434215	1e0772
85.443704	1e138f
85.450338	1df513
85.458360	1e138f
85.465815	1e3138
85.476619	1df513
85.484144	1f24bb4958a1
85.496969	1eb154
85.504497	1e138f
85.514668	1f24bb40f97b
85.523894	1df513
85.529094	1f24bb4958a1
85.541532	1df513
85.548961	1e48ab
85.560586	1e188c
85.569427	1e0780
85.584351	1ecc80
85.598696	1ed137
85.612803	1df513
85.620381	1df513
85.629549	1df513
85.642758	1dfacc
85.650145	1dfa85
85.664418	1e138f
85.674500	1e135c
85.686744	1f24bb398eb4
85.693063	1f24bb399870
85.699239	1dfa85
85.706756	1e138f
85.718444	1e136e
85.724363	1dfa85
85.732405	1dfa85
85.745051	1dfa85
85.756018	1f24bb495891
85.768110	1e138f
85.773325	1df513
85.786160	1f24bb399870
85.800485	1e8c03
85.810646	1f24bb399442
85.816281	1f24bb39a060
85.829843	1e138f
85.842236	1df513
85.851698	1df513
85.859270	1e0f5e
85.872583	1dfa85
85.881984	1dfa85
85.893545	1df513
85.899738	1df513
85.906459	1e138f
85.920320	1f24bb399418
85.929308	1e118c
85.937036	1df513
85.943302	1f24bb399870
85.952472	1e138f
85.960251	1e9f65
85.974442	1eb6a2
85.986321	1dfa85
86.001051	1e138f
86.007870	1df513
86.021237	1df513
86.034048	1df517
86.039829	1df513
86.048575	1f24bb399870
86.063342	1eae7d
86.071394	1f24bb399870
86.084226	1ea077
86.095803	1e48f3
86.102225	1df513
86.116769	1f24bb399870
86.124812	1e3148
86.137871	1e138f
86.151549	1e138f
86.159004	1df513
86.172110	1e18c0
86.184831	1f24bb399870
86.198244	1dfacc
86.206298	1df513
86.212602	1df513
86.219898	1f24bb399870
86.232373	1dfa85
86.242640	1ed137
86.249663	1dfa85
86.260036	1e138f
86.268622	1df513
86.276656	1df513
86.282647	1e138f
86.291256	1f24bb39936e
86.303793	1df513
86.318630	1e3148
86.324156	1f24bb398eb4
86.337896	1eb69b
86.346377	1e138f
86.355646	1dfa85
86.363025	1df513
86.369482	1e138f
86.376203	1e0f5e
86.386537	1e138f
86.395291	1dfa85
86.404952	1ed137
86.416222	1df513
86.422364	1df76c
86.428829	1df513
86.440857	1dfa85
86.448623	1eb69b
86.457626	1dfe8d
86.463313	1e8c59
86.471168	1df513
86.483546	1ed137
86.491311	1df513
86.498618	202290
86.507006	1df513
86.520242	1f24bb399870
86.530959	1f24bb399870
86.536217	2021e1
86.547147	1eb154
86.561644	1e3148
86.572452	1e138f
86.582708	1df513
86.593811	1dfa85
86.607765	1e138f
86.619128	1e129e
86.626548	1dfb06
86.638482	1e138f
86.651283	1dfabe
86.665139	1df513
86.677381	1df513
86.683288	1e138f
86.697532	1e138f
86.706550	1f24bb398dfa
86.721036	1ed137
86.728990	1e138f
86.741759	1e138f
86.755515	1e034a
86.763148	1e02d5
86.773541	1e034a
86.781519	1e031d
86.792576	1e034a
86.798687	1e01f4
86.810260	1e034a
86.820504	1e022a
86.830570	1f1ead
86.840143	1e031d
86.851630	1e034a
86.860879	1e034a
86.869166	1f24bb3977bc
86.877623	1e034a
86.882952	1e034a
86.889392	1e031d
86.902879	1e02a6
86.915607	1e034a
86.926176	1e0784
86.933386	1f24bb39a416
86.939365	1e034a
86.952759	1e034a
86.965323	1e0601
86.972964	1e031d
86.985602	1e0784
86.998926	1e01f4
87.008521	1e031d
87.017877	1e031d
87.024608	1e031d
87.035855	1e034a
87.042419	1e031d
87.056672	1e034a
87.069945	1e0343
87.084295	1e034a
87.095632	1e031d
87.109209	1e034a
87.118098	1e0784
87.131994	1e0221
87.139020	1e01f4
87.151791	1e031d
87.163137	1e034a
87.173370	1e031d
87.179559	1e034a
87.189798	1e034a
87.199302	1e034a
87.207437	1e031d
87.220614	1e05e4
87.235579	1e034a
87.248416	1e034a
87.257072	1e034a
87.271210	1e0813
87.278948	1e031d
87.290749	1e034a
87.296668	1e034a
87.308863	1e034a
87.316217	1e031d
87.327956	1e034a
87.342920	1e034a
87.348329	1e034a
87.356572	1e031d
87.371062	1e0563
87.380142	1e034a
87.385585	1e06ba
87.397994	1e034a
87.403984	1e034a
87.416802	1e031d
87.431124	1e034a
87.438432	1e031d
87.447242	1e034a
87.452979	1e034a
87.459818	1e031d
87.472752	1e031d
87.487421	1e031d
87.500766	1e031d
87.512305	1f1ead
87.520170	1e034a
87.532828	1e034a
87.542194	1e034a
87.551601	1e034a
87.562884	1e031d
87.573334	1e031d
87.587772	1e01f4
87.599658	1e034a
87.608561	1e034a
87.615293	1e0813
87.625747	1e034a
87.640498	1e034a
87.650631	1e0601
87.659510	1e031d
87.671745	1e0772
87.683728	1e031d
87.690746	1e031d
87.705527	1e034a
87.712314	1e031d
87.724369	1e0813
87.732213	1e034a
87.746202	1e031d
87.760587	1e034a
87.767291	1e034a
87.778007	1e031d
87.786359	1e034a
87.795361	1e034a
87.805516	1f24bb39a3c2
87.819212	1e031d
87.833102	1e034a
87.840068	1e02bb
87.847650	1e034a
87.855063	1e034a
87.863738	1e034a
87.871829	1e034a
87.881835	1f24bb397783
87.890974	1e0772
87.904354	1e034a
87.916830	1e031d
87.930263	1e031d
87.939428	1e034a
87.947453	1e034a
87.953303	1e034a
87.960507	1e034a
87.973947	1e034a
87.982730	1e034a
87.990728	1e034a
88.002044	1e034a
88.016326	1e034a
88.025900	1e034a
88.039050	1e01f4
88.047350	1e01f4
88.062481	1e034a
88.072899	1e031d
88.083202	1e034a
88.091397	1e031d
88.104322	1e034a
88.114184	1e034a
88.121152	1e034a
88.127216	1e01f4
88.137180	1e034a
88.149994	1e034a
88.163436	1e031d
88.177283	1e059a
88.190534	1e031d
88.197356	1e031d
88.209567	1e031d
88.215073	1e031d
88.224937	1e031d
88.235241	1e034a
88.241085	1e031d
88.253600	1e031d
88.267956	1e034a
88.279707	1e034a
88.292747	1e034a
88.305281	1e034a
88.313316	1e034a
88.324631	1e034a
88.334624	1e034a
88.345811	1e034a
88.355612	1e034a
88.361714	1e01d2
88.373902	1e034a
88.386151	1e031d
88.394845	1e031d
88.405387	1f24bb39770b
88.414769	1e034a
88.419928	1e034a
88.433125	1e034a
88.442849	1e031d
88.456345	1e0563
88.465432	1e031d
88.470896	1e034a
88.484116	1e0292
88.495217	1e05f0
88.503065	1e034a
88.516075	1e031d
88.530849	1e031d
88.543321	1e034a
88.557027	1e034a
88.570949	1e0601
88.578217	1e034a
88.590716	1e034a
88.596252	1e031d
88.605620	1e0772
88.619343	1e034a
88.629829	1e031d
88.637096	1e031d
88.645101	1e034a
88.655757	1f24bb39767e
88.661561	1e031d
88.675600	1e0813
88.689028	1e034a
88.697209	1e034a
88.709820	1e034a
88.723588	1e034a
88.736459	1e0772
88.746334	1e034a
88.757909	1e034a
88.770382	1e034a
88.778934	1e034a
88.785838	1e034a
88.792594	1e031d
88.801127	1e06ba
88.806600	1e034a
88.820516	1e034a
88.829823	1e034a
88.841604	1e034a
88.852243	1f24bb39767e
88.860839	1e034a
88.872721	1e034a
88.887320	1e05f0
88.898802	1e034a
88.904977	1e06ba
88.917464	1e031d
88.931863	1e034a
88.940861	1e0772
88.951660	1e034a
88.959941	1e0772
88.968832	1e031d
88.983389	1e034a
88.991586	1e01f4
89.005940	1e034a
89.016440	1e034a
89.029117	1e034a
89.041580	1f24bb39a3c2
89.054379	1f24bb3976c2
89.064895	1e031d
89.071200	1e034a
89.085681	1e031d
89.096312	1e034a
89.108774	1e034a
89.114150	1e034a
89.125830	1e031d
89.138835	1e031d
89.151814	1f24bb397762
89.165245	1e031d
89.174147	1e06e4
89.187495	1e034a
89.198452	1e034a
89.206104	1e034a
89.220239	1e031d
89.230067	1e031d
89.239838	1e031d
89.246717	1e034a
89.256363	1e034a
89.266584	1e034a
89.271829	1e034a
89.277707	1e034a
89.283946	1e034a
89.290430	1e01f4
89.296944	1e034a
89.307510	1e031d
89.321035	1e031d
89.330731	1e01f4
89.343806	1e034a
89.355228	1e031d
89.368362	1e034a
89.379237	1e0772
89.386511	1e034a
89.399903	1e031d
89.407589	1e034a
89.418352	1e034a
89.429456	1e031d
89.441478	1e034a
89.449345	1e031d
89.455275	1e031d
89.462825	1e034a
89.477495	1e034a
89.490755	1e031d
89.499990	1e0221
89.510813	1e034a
89.522243	1e034a
89.529581	1e031d
89.538333	1e031d
89.549325	1e07f5
89.561237	1e034a
89.567462	1e031d
89.574171	1f24bb39a3c5
89.579850	1e034a
89.590477	1e034a
89.602475	1e034a
89.609028	1e031d
89.619241	1e01d2
89.627684	1e031d
89.642519	1e034a
89.649680	1e02b7
89.657561	1e034a
89.671416	1e031d
89.680519	1e034a
89.687994	1e034a
89.698897	1e034a
89.709991	1e031d
89.724344	1e031d
89.730320	1e034a
89.745311	1e031d
89.760389	1e034a
89.771362	1e031d
89.781470	1e034a
89.788937	1e031d
89.795438	1e034a
89.802684	1e0784
89.809837	1e0682
89.820696	1e031d
89.829233	1e031d
89.839929	1e031d
89.853342	1e034a
89.867958	1f24bb39a3be
89.876654	1e031d
89.887935	1e034a
89.895284	1e034a
89.900546	1e031d
89.915724	1e034a
89.927549	1e01f4
89.936188	1e076e
89.944647	1e034a
89.959709	1e031d
89.966714	1e034a
89.978910	1e031d
89.986479	1e031d
89.994618	1e034a
90.008372	1e034a
90.020747	1e034a
90.032747	1e031d
90.040467	1e031d
90.052619	1e034a
90.065555	1e034a
90.078255	1e031d
90.090176	1e034a
90.099385	1e031d
90.110450	1e031d
90.121083	1e034a
90.135771	1e034a
90.146342	1e034a
90.159148	1e031d
90.164455	1e076e
90.177717	1e031d
90.191250	1e034a
90.200965	1e034a
90.211559	1e034a
90.220773	1e034a
90.226041	1e031d
90.234615	1e034a
90.241499	1e05f0
90.255101	1e031d
90.261324	1e05f0
90.273840	1e034a
90.281040	1e034a
90.292055	1e0563
90.300713	1f1eb5
90.308403	1e031d
90.320523	1e031d
90.327565	1e031d
90.332938	1e031d
90.344657	1e034a
90.351708	1e031d
90.356976	1e06ba
90.366991	1e034a
90.379733	1e034a
90.391269	1e031d
90.406247	1e031d
90.417070	1e031d
90.427828	1e034a
90.434180	1e031d
90.440936	1e031d
90.451488	1e034a
90.463232	1e031d
90.477853	1e031d
90.487492	1e031d
90.501128	1e031d
90.509271	1e034a
90.515236	1e034a
90.525673	1e034a
90.538977	1e031d
90.549564	1e034a
90.555835	1e01f4
90.562892	1e031d
90.568108	1f24bb39768c
90.575782	1e0601
90.585620	1e031d
90.596018	1e0563
90.602062	1e034a
90.611156	1e034a
90.624091	1e031d
90.632855	1e031d
90.642888	1e0784
90.656152	1e034a
90.662649	1e034a
90.670673	1e034a
90.684861	1e0784
90.696745	1e031d
90.709195	1e034a
90.721384	1e031d
90.729828	1e034a
90.742466	1e034a
90.757254	1e031d
90.766457	1e031d
90.776988	1e034a
90.791060	1e031d
90.804303	1e031d
90.816048	1e076e
90.822537	1e01d8
90.828058	1e031d
90.836073	1f24bb39774b
90.849782	1e031d
90.862333	1e034a
90.868563	1e031d
90.880320	1e031d
90.894443	1e01f4
90.907711	1e034a
90.919202	1e06ba
90.926260	1e031d
90.941096	1e031d
90.949504	1e0660
90.957016	1e076b
90.964845	1e06ba
90.977395	1e0772
90.990875	1e034a
90.998000	1e0784
91.006940	1e034a
91.020142	1e031d
91.026147	1e0784
91.032085	1e031d
91.040226	1e034a
91.052459	1e034a
91.058893	1e034a
91.069555	1e034a
91.079794	1e031d
91.092147	1e031d
91.102748	1e034a
91.114873	1e034a
91.125851	1e034a
91.131912	1e031d
91.146781	1e031d
91.153523	1e01f4
91.160719	1e034a
91.170915	1e034a
91.182636	1e0813
91.194191	1e034a
91.207522	1e031d
91.217133	1e031d
91.227688	1e01f4
91.236295	1e034a
91.242824	1e031d
91.252398	1e031d
91.262639	1e01f4
91.270209	1e034a
91.283865	1e06db
91.289238	1e034a
91.302770	1e01f4
91.316037	1e01f4
91.330448	1e034a
91.338233	1e034a
91.348847	1e031d
91.360801	1e01f4
91.368466	1e034a
91.379515	1e076e
91.393597	1e031d
91.403165	1e07cf
91.414589	1e06ba
91.422203	1e031d
91.436749	1e0623
91.442516	1e034a
91.455979	1e0660
91.470446	1e034a
91.477684	1e076e
91.487359	1e034a
91.501655	1e034a
91.510569	1e034a
91.518871	1e034a
91.530552	1e031d
91.537476	1e05f0
91.544148	1e076e
91.554731	1e05f0
91.566933	1e034a
91.575144	1e0660
91.583346	1e031d
91.590391	1e031d
91.604831	1e034a
91.611633	1e031d
91.626660	1e034a
91.638410	1e034a
91.650739	1e031d
91.658945	1e05f0
91.668541	1e031d
91.682466	1e034a
91.695610	1e076e
91.709287	1e034a
91.721597	1e031d
91.729187	1e031d
91.737594	1e031d
91.748171	1e034a
91.758049	1e031d
91.765550	1e0772
91.778163	1e031d
91.788859	1e034a
91.796752	1e031d
91.810988	1e02ee
91.824387	1e034a
91.835375	1e01f4
91.846852	1f24bb39687f
91.854692	1f24bb396806
91.862303	1f24bb396896
91.875790	1f24bb396896
91.888753	1f24bb396806
91.899502	1f24bb396806
91.912035	1f24bb396896
91.923230	1f24bb39687f
91.929877	1f24bb396806
91.939473	1f24bb39685e
91.945866	1f24bb396806
91.960133	1f24bb396896
91.967039	1f24bb39687f
91.975351	1f24bb396800
91.986937	1f24bb396806
91.996609	1f24bb396806
92.005396	1f24bb396806
92.012089	1f24bb396896
92.021044	1f24bb39687f
92.033563	1f24bb396862
92.044177	1f24bb396709
92.053453	1f24bb39670f
92.065674	1f24bb396862
92.080361	1f24bb396896
92.087586	1f24bb3966fa
92.094780	1f24bb39670f
92.109439	1f24bb3966d4
92.116448	1f24bb396709
92.127143	1f24bb396806
92.133907	1f24bb396862
92.140608	1f24bb396862
92.149963	1f24bb39670f
92.162159	1f24bb396896
92.168784	1f24bb396862
92.180642	1f24bb396842
92.193493	1f24bb396709
92.199998	1f24bb396862
92.205266	1f24bb396806
92.219616	1f24bb39670f
92.227166	1f24bb39670f
92.236746	1f24bb396806
92.247815	1f24bb396806
92.260005	1f24bb39670f
92.274296	1f24bb39670f
92.287236	1f24bb396806
92.297979	1f24bb396709
92.310837	1f24bb39670f
92.316819	1f24bb396806
92.325560	1f24bb39670f
92.337289	1f24bb39670f
92.351237	1f24bb396709
92.365139	1f24bb3968e5
92.374912	1f24bb39692e
92.386746	1f24bb396806
92.392102	1f24bb396913
92.406600	1f24bb396806
92.414232	1f24bb396806
92.427182	1f24bb39687f
92.440983	1f24bb396855
92.446361	1f24bb399560
92.458400	1df513
92.463780	1e138f
92.470944	1e138f
92.478280	1e138f
92.485101	1e0e36
92.497947	1e0f5e
92.512689	1e138f
92.525353	1df513
92.536563	1df923
92.551262	2021bd
92.564710	1eb154
92.573890	1eb60d
92.583919	1e0f5e
92.591698	1df513
92.597436	1df513
92.604162	1e138f
92.617079	1df995
92.624008	1e8d5f
92.630260	1e138f
92.637139	1f24bb39956a
92.651155	1e138f
92.658196	1df513
92.666356	1e138f
92.677527	1e138f
92.690269	1df513
92.697734	1e138f
92.712579	1df513
92.721410	1e138f
92.734925	1f24bb399376
92.743636	1f24bb398e57
92.755509	1eaea7
92.768425	1e138f
92.781137	1f24bb399754
92.794601	1e138f
92.801606	1df513
92.815579	1df513
92.821903	1df513
92.832782	1e48e2
92.846670	1e8c40
92.856839	1e3148
92.863672	1df513
92.876169	1eae3a
92.890147	1df513
92.896397	1f24bb399754
92.905979	1df513
92.912536	1e3148
92.921417	1e3148
92.928555	1eae48
92.936017	1df513
92.947481	1e3148
92.959289	1df513
92.969902	1df995
92.976480	1eae7d
92.982212	1e3148
92.989628	1e0e36
93.001877	1e8c03
93.016962	1e138f
93.031390	1df513
93.041316	1df53d
93.051247	1e8caa
93.062956	1df513
93.073317	1df513
93.088491	1e138f
93.103503	1df513
93.115827	1df513
93.125762	1e138f
93.134926	1df513
93.143093	1e0f5e
93.157303	1f24bb398994
93.169559	1df513
93.175277	1e0f5e
93.184535	1e8c40
93.190627	1f24bb39a06f
93.197791	1df513
93.210766	1df513
93.219559	1f24bb399036
93.226145	1df513
93.233736	1df513
93.239741	1df513
93.253645	1e138f
93.261439	1df513
93.267319	1e138f
93.277388	1e0f5e
93.283030	1e138f
93.294313	1eae7d
93.306836	1dfa2e
93.314474	1e138f
93.323157	1df53d
93.333300	1e138f
93.341750	1df513
93.352358	1df513
93.359111	1ce4eb
93.364467	1df513
93.378768	1df513
93.392695	1df513
93.405184	1e138f
93.413645	1e8caa
93.421129	1eae7d
93.431660	1f24bb398e71
93.445695	1e0f5e
93.454959	1df513
93.460828	1e0f5e
93.468415	1df513
93.482737	1e8dc3
93.490702	1df876
93.501297	1df513
93.515330	1e138f
93.526373	1e0772
93.539366	1df513
93.545736	1df513
93.558031	1e48de
93.563340	1e138f
93.571099	1df513
93.576627	1ed13e
93.585034	1e8c30
93.594759	1e0784
93.609002	1df957
93.621573	1e138f
93.628262	1e076e
93.635400	1f24bb398ddd
93.647829	1df513
93.655751	1f24bb4958ab
93.665345	1e076e
93.678381	1df53d
93.691309	1df513
93.699831	1e138f
93.711027	1df513
93.719756	1df513
93.730058	1e138f
93.744061	1e138f
93.758729	1e4901
93.764012	1dfe86
93.772090	1df513
93.786975	1e3148
93.801681	1e138f
93.811509	1e138f
93.818913	1f24bb39a0b7
93.832121	1df513
93.843042	1f24bb398ed2
93.852391	1df876
93.865541	1e8de5
93.879338	1e138f
93.887252	1e138f
93.893569	1df513
93.900816	1df513
93.912694	1df513
93.921535	1e8c40
93.932358	1e188c
93.939082	1f24bb495926
93.949413	1f24bb39769e
93.960455	1e034a
93.966548	1e034a
93.978081	1e031d
93.987745	1f24bb3966ee
93.992970	1e031d
93.998444	1e031d
94.012320	1e031d
94.023747	1e0784
94.033657	1f24bb396709
94.047551	1e0589
94.053711	1e034a
94.063278	1e031d
94.071394	1e031d
94.084086	1e031d
94.095069	1e031d
94.109089	1e031d
94.116892	1e06ba
94.123147	1e031d
94.133803	1e06e4
94.144180	1e031d
94.159248	1e031d
94.168391	1e034a
94.178895	1e031d
94.192401	1e031d
94.200427	1e034a
94.212630	1e034a
94.226585	1e031d
94.239639	1e031d
94.254064	1e031d
94.267202	1e034a
94.275722	1e034a
94.282126	1e034a
94.291654	1e034a
94.305036	1e034a
94.311489	1e034a
94.317702	1e034a
94.326823	1e034a
94.337496	1e034a
94.349637	1e034a
94.356270	1e034a
94.363344	1e031d
94.376759	1e031d
94.384444	1e031d
94.393744	1e0784
94.408709	1e031d
94.422694	1e034a
94.431673	1e034a
94.436879	1e034a
94.448548	1e034a
94.460979	1e07e5
94.468735	1e031d
94.476743	1e06ba
94.491112	1e031d
94.500019	1e01f4
94.509317	1f24bb39a3c2
94.524269	1e031d
94.529810	1e01f4
94.539864	1e034a
94.552226	1e034a
94.565085	1e034a
94.572440	1e06ba
94.578568	1e034a
94.591111	1e0579
94.602387	1e034a
94.609905	1e031d
94.618399	1e034a
94.629119	1e034a
94.637994	1e034a
94.647375	1e031d
94.657037	1e034a
94.666694	1e034a
94.674473	1e034a
94.689405	1e034a
94.697064	1e034a
94.707628	1e034a
94.722605	1e031d
94.728154	1e034a
94.739143	1e034a
94.745405	1e034a
94.757980	1e01f4
94.770332	1e034a
94.779192	1e031d
94.789684	1e034a
94.801010	1f1eb5
94.811310	1e034a
94.816492	1e031d
94.827145	1e031d
94.839757	1e031d
94.851007	1e034a
94.862136	1e01f4
94.867693	1e01f4
94.878732	1f24bb39a41c
94.886466	1e034a
94.894734	1e034a
94.909919	1e034a
94.916787	1e034a
94.925834	1e034a
94.939810	1e034a
94.948071	1e034a
94.957981	1e01f4
94.965085	1e034a
94.976749	1e031d
94.989075	1e031d
95.001699	1f24bb397721
95.009503	1e02c8
95.018474	1e034a
95.031093	1e034a
95.045892	1e034a
95.053456	1e034a
95.066694	1e031d
95.075118	1e0813
95.086997	1e034a
95.094363	1e034a
95.103417	1e031d
95.111853	1e034a
95.122972	1e034a
95.133338	1e031d
95.141040	1e034a
95.146413	1e031d
95.157509	1e031d
95.170716	1e034a
95.185008	1e0784
95.198534	1e031d
95.208440	1e076e
95.218412	1e034a
95.231452	1e031d
95.242297	1e034a
95.253512	1e034a
95.265131	1e034a
95.279356	1e034a
95.286670	1e034a
95.294361	1e034a
95.305972	1e031d
95.317999	1e031d
95.327076	1e034a
95.337445	1e031d
95.350312	1e034a
95.365358	1f24bb396862
95.376608	1f24bb39686a
95.390373	1f24bb396896
95.399449	1f24bb39691b
95.408389	1f24bb396806
95.423273	1f24bb396806
95.433475	1f24bb39670f
95.445117	1f24bb3968db
95.459532	1f24bb39670f
95.464813	1f24bb3966ff
95.473860	1f24bb396821
95.484771	1f24bb396846
95.492485	1ce91a
95.506387	1e0772
95.516344	1f24bb398e12
95.525247	1e06ba
95.539415	1df8ea
95.546423	1e034a
95.556009	1f24bb39670f
95.568555	1f24bb399560
95.580989	1e034a
95.591138	1f24bb396862
95.598066	1e076e
95.604241	1e9923
95.615518	1e8caa
95.623110	1e05f0
95.628436	1e034a
95.642785	1f24bb39a060
95.651482	1dfa2e
95.659646	1e0fb4
95.667292	1f24bb39766d
95.679033	1e0772
95.685187	1e06e9
95.693108	1df513
95.701194	1e0e19
95.714542	1f24bb39a076
95.725972	1e034a
95.737156	1e034a
95.749020	1f24bb396862
95.763393	1df76c
95.771906	1df513
95.780673	1df513
95.787406	1e031d
95.793134	1e076e
95.802673	1e034a
95.815960	1f24bb396887
95.824957	1e3148
95.836873	1f24bb39936e
95.842849	1f24bb39a1ec
95.855626	1df964
95.868917	1e0772
95.877550	1e0325
95.883968	1e031d
95.893642	1e034a
95.907971	1e0772
95.916362	1df513
95.927840	1df513
95.936577	1e138f
95.945291	1df513
95.958368	1e034a
95.967659	1e034a
95.978367	1e034a
95.987081	1f24bb39a3c2
96.001188	1f24bb396814
96.013819	1f24bb399754
96.020477	1ecb40
96.029105	1df513
96.034522	1df513
96.048985	1e0f5e
96.063976	1df54b
96.072055	1e034a
96.083627	1e076e
96.094118	1e01f4
96.102019	1e06ba
96.110571	1e031d
96.120757	1f24bb398f07
96.127245	1e3148
96.140959	1df995
96.149692	1e0784
96.162422	1df53d
96.173199	1e99ac
96.186496	1e034a
96.196210	1e031d
96.210427	1e0772
96.224423	1e034a
96.234511	1f24bb3966ee
96.242196	1e138f
96.255727	1e1375
96.261604	1df995
96.273241	1df513
96.283770	1e3148
96.298428	1e3746
96.305425	1df513
96.311847	1e031d
96.323609	1e0772
96.333250	1e034a
96.344680	1e031d
96.355954	1e031d
96.366995	1f24bb3966ff
96.375236	1df513
96.380467	1e3148
96.388585	1e99b0
96.396473	1df995
96.408583	1e0784
96.417994	1f24bb399560
96.427805	1e138f
96.437076	1df53d
96.444200	1e06ba
96.451001	1e031d
96.466178	1e034a
96.480689	1e031d
96.488479	1e0784
96.496401	1e0780
96.505619	1e0772
96.513846	1f24bb396806
96.528472	1df513
96.542791	1df971
96.555467	1df513
96.563757	1e076e
96.577406	1e3148
96.586425	1e0792
96.595715	1df513
96.602138	1e138f
96.608408	1e02d5
96.619622	1e034a
96.631226	1e05f0
96.644477	1e031d
96.651581	1e06ba
96.666443	1f24bb396896
96.676180	1e3148
96.685773	1e076e
96.693954	1e8d8a
96.708604	1e0780
96.715669	1f24bb3995c2
96.723452	1e138f
96.733509	1df53d
96.745774	1f24bb399560
96.760144	1e031d
96.769555	1e01f4
96.778248	1f24bb39772f
96.790799	1e076e
96.796536	1e031d
96.809930	1f24bb3968b2
96.821081	1e076e
96.826478	1df513
96.836395	1df995
96.846323	1df51b
96.857062	1e0772
96.865352	1e3148
96.876207	1f24bb398f07
96.885377	1df513
96.899954	1e01f4
96.910380	1e06ba
96.916162	1e031d
96.931110	1e034a
96.942748	1e031d
96.953755	1e034a
96.968775	1f24bb396862
96.978567	1f24bb399560
96.989410	1df7a4
97.004175	1f24bb39a1c5
97.010015	1e3148
97.024231	1e3148
97.037845	1e3148
97.047585	1df513
97.061296	1e01f4
97.074773	1e01d2
97.083830	1e02c5
97.097135	1e034a
97.111841	1e0772
97.121592	1f24bb396862
97.133901	1df513
97.141184	1f24bb399560
97.154539	1df513
97.166565	1df513
97.176949	1f24bb398db3
97.182340	1e997f
97.193677	1e9975
97.203417	1f24bb399754
97.208883	1df513
97.216248	1df513
97.228951	1e034a
97.236332	1e034a
97.246264	1e031d
97.251995	1e076e
97.257854	1e076e
97.271980	1e031d
97.282114	1e0784
97.290250	1e034a
97.301144	1f24bb39675f
97.306998	1f24bb399560
97.316123	1e0f5e
97.327868	1e3148
97.334317	1e138f
97.348819	1e138f
97.358868	1e138f
97.371561	1e138f
97.379515	1e0772
97.394392	1df513
97.403682	1e05bf
97.411648	1e034a
97.419649	1e034a
97.432061	1e031d
97.437320	1e034a
97.445350	1f24bb39a3c2
97.459478	1e0784
97.472155	1e0784
97.480557	1f24bb39691b
97.489902	1e138f
97.503122	1dfa2e
97.511861	1e32a9
97.521326	1f24bb399560
97.530849	1e138f
97.543878	1df995
97.552785	1f24bb3966e9
97.567691	1dfa2e
97.576017	1e997f
97.588520	1e034a
97.602699	1f24bb397762
97.617897	1e031d
97.632722	1e034a
97.646897	1e034a
97.662020	1f24bb396806
97.676798	1e138f
97.690031	1df513
97.704508	1f24bb398f2c
97.716132	1e0e36
97.725287	1df53d
97.731219	1df513
97.739400	1e3208
97.744970	1e32a9
97.755586	1df76c
97.760815	1e9af3
97.768794	1df513
97.779496	1e3148
97.793798	1e034a
97.802733	1e01f4
97.816116	1e06ba
97.826819	1e031d
97.841932	1e031d
97.851273	1f24bb39770b
97.857527	1e034a
97.872261	1e0784
97.886594	1f24bb3966ff
97.892005	1f24bb495891
97.899125	1dfa2e
97.911447	1f24bb399560
97.922601	1e1188
97.933524	1e3730
97.945131	1e138f
97.959052	1df513
97.968885	1f24bb398e22
97.976767	1df513
97.984975	1e138f
97.995449	1e1365
98.002482	1e01f4
98.012665	1e034a
98.023541	1e06ba
98.034788	1e034a
98.042355	1e0784
98.055805	1e034a
98.068679	1e031d
98.079885	1e034a
98.090129	1f24bb396862
98.096518	1f24bb39670f
98.104704	1e138f
98.111844	1df513
98.121289	1e138f
98.132827	1df53d
98.142684	1e138f
98.149614	1e138f
98.163693	1e138f
98.177301	1df9fa
98.192304	1f24bb399560
98.204717	1df513
98.215530	1e3148
98.221578	1e01d2
98.228382	1e034a
98.239227	1e034a
98.250095	1e034a
98.265288	1e031d
98.273912	1e06ba
98.287868	1e034a
98.295016	1e034a
98.309776	1e034a
98.315891	1f24bb396806
98.327396	1f24bb396806
98.340472	1e0e36
98.348634	1e138f
98.358105	1e138f
98.365750	1e07d0
98.372281	1e31f2
98.383638	1e31f6
98.391438	1df513
98.397756	1df912
98.410818	1df513
98.422204	1e3148
98.428730	1e079f
98.436951	1df53d
98.451437	1e3148
98.457264	1e031d
98.471737	1e031d
98.485158	1e01d2
98.496107	1e031d
98.506124	1e031d
98.518398	1e01f4
98.528321	1e031d
98.537081	1e031d
98.543803	1e034a
98.556049	1e034a
98.561865	1e034a
98.567765	1e031d
98.578213	1f24bb396862
98.584903	1f24bb39670f
98.593768	1e0e36
98.603635	1e138f
98.610833	1e8cc0
98.618393	1e138f
98.624461	1df995
98.638722	1e138f
98.652307	1df56d
98.666907	1e138f
98.674258	1df513
98.689255	1df901
98.703168	1f24bb3966d0
98.714033	1e996d
98.728834	1e98db
98.739347	1e138f
98.754099	1f24bb3976e6
98.766768	1e01f4
98.774708	1e031d
98.789446	1e0772
98.796803	1e034a
98.807116	1e034a
98.821543	1e031d
98.830356	1e034a
98.843611	1e031d
98.857634	1e0601
98.863358	1e034a
98.872757	1e034a
98.880369	1f24bb39a3db
98.892602	1e034a
98.899067	1f24bb39687f
98.912967	1f24bb39670f
98.927844	1e138f
98.933358	1df513
98.942554	1e138f
98.949396	1df513
98.964330	1df513
98.977395	1df513
98.991049	1e138f
99.005729	1df513
99.013411	1df995
99.024790	1e3148
99.035876	1e36b7
99.047658	1df53d
99.061962	1df4c7
99.070585	1e076e
99.084661	1f24bb398e57
99.094733	1e06ba
99.102994	1e034a
99.114441	1e031d
99.124593	1e031d
99.137879	1e076e
99.143263	1e06ba
99.149837	1e034a
99.162522	1e01f4
99.173402	1e034a
99.185119	1e01d2
99.194411	1e034a
99.204561	1e031d
99.210896	1e034a
99.219277	1f24bb396862
99.228771	1f24bb39670f
99.235546	1f24bb3968a8
99.250457	1df995
99.261348	1e3148
99.270382	1e138f
99.276690	1df513
99.284732	1df513
99.294640	1df6ad
99.308548	1e0fbe
99.314688	1df53d
99.329000	1e3148
99.338777	1e0784
99.351093	1e138f
99.360365	1e138f
99.366254	1df513
99.373685	1e3730
99.383396	1e8d5f
99.393080	1e0772
99.406214	1f24bb39a3c2
99.417098	1e034a
99.426228	1e0772
99.441297	1e0303
99.452789	1e031d
99.467062	1e01f4
99.473366	1e0325
99.482633	1e034a
99.493920	1e0780
99.500853	1e034a
99.507089	1f24bb396806
99.521816	1f24bb39670f
99.535889	1e138f
99.548935	1e138f
99.563530	1df513
99.573871	1e0772
99.588579	1e138f
99.601269	1e8d8a
99.616040	1e3734
99.621650	1df513
99.627039	1e138f
99.634255	1e138f
99.646551	1df513
99.652462	1e20c8
99.667204	1e034a
99.679463	1e034a
99.691770	1e076e
99.698857	1e031d
99.713822	1e01d2
99.724389	1e0784
99.730243	1e076e
99.740057	1e034a
99.747195	1e031d
99.759718	1e034a
99.766230	1e034a
99.776333	1e034a
99.789484	1f24bb396862
99.801251	1f24bb396806
99.806524	1e0e36
99.813440	1e996d
99.822335	1df41b
99.836943	1e3148
99.851008	1df876
99.862461	1df513
99.867894	1e138f
99.874953	1e3148
99.883686	1dfa2e
99.898713	1f24bb3966e9
99.908413	1df513
99.922350	1e07d0
99.927961	1e138f
99.935868	1df513
99.942753	1e138f
99.953435	1e98d3
99.962736	1e031d
99.975580	1e034a
99.989929	1e01f4
100.003035	1e076e
100.014607	1f24bb39a41b
100.028327	1e031d
100.037880	1e0784
100.049184	1e01f4
100.057692	1e034a
100.069128	1e034a
100.083394	1f24bb396806
100.094466	1f24bb39670f
100.099990	1f24bb39955c
100.109703	1e138f
100.116736	1df513
100.125346	1e138f
100.139368	1e3148
100.153408	1e3148
100.160301	1df513
100.170812	1df53d
100.180466	1df513
100.187688	1df995
100.198977	1f24bb398ad6
100.210584	1e138f
100.225594	1df53d
100.238316	1e138f
100.244507	1e138f
100.253601	1e01d2
100.264746	1e034a
100.274127	1e01f4
100.283695	1e031d
100.290219	1e034a
100.301157	1e034a
100.314743	1f24bb39a3c5
100.320204	1e0784
100.331863	1e0563
100.337787	1e031d
100.347139	1e0784
100.358270	1e034a
100.363600	1e034a
100.369212	1e034a
100.376909	1e031d
100.389616	1f24bb3968b2
100.398866	1e138f
100.406588	1e9a94
100.421586	1df443
100.434409	1e138f
100.442455	1df513
100.448555	1e1394
100.453935	1df513
100.464214	1e3148
100.470541	1e996d
100.484629	1f24bb39a067
100.490714	1e3148
100.498217	1f24bb398eb4
100.508330	1df513
100.522846	1e3148
100.532208	1df513
100.545283	1e3746
100.551691	1e031d
100.566528	1e0784
100.580242	1e034a
100.587711	1e034a
100.593475	1e031d
100.605711	1e0772
100.619783	1e031d
100.634914	1e031d
100.646777	1e031d
100.660812	1e0813
100.672488	1e031d
100.686680	1f24bb3968b6
100.694111	1f24bb396806
100.703412	1f24bb3966e9
100.716354	1df995
100.728750	1e3748
100.742239	1e138f
100.756873	1df53d
100.763090	1f24bb398e91
100.773184	1e138f
100.780343	1e0e36
100.793205	1e3148
100.804500	1e138f
100.816126	1e3148
100.830159	1f24bb39a089
100.840881	1e138f
100.848309	1e138f
100.857217	1df995
100.869006	1df995
100.874226	1e06ba
100.887124	1e031d
100.900517	1e031d
100.911184	1e031d
100.923404	1e034a
100.935413	1e031d
100.943670	1e031d
100.953545	1e05f0
100.966745	1e06ba
100.981390	1e034a
100.992656	1e034a
101.005829	1e0336
101.012103	1e031d
101.024643	1f24bb396862
101.031542	1f24bb39670f
101.043079	1e138f
101.052245	1e138f
101.066483	1e138f
101.081326	1e0fca
101.092788	1e0780
101.100741	1f24bb495884
101.109801	1f24bb399560
101.119430	1df513
101.131610	1e076e
101.141853	1df995
101.150930	1df513
101.157660	1f24bb398e71
101.164005	1e138f
101.177525	1e3148
101.185819	1f24bb399560
101.193608	1e138f
101.206925	1df513
101.216070	1e031d
101.230856	1e06ba
101.243153	1e06ba
101.251043	1e034a
101.265211	1e034a
101.277030	1e034a
101.285354	1e031d
101.292749	1e034a
101.305641	1e034a
101.318291	1e031d
101.324393	1e0210
101.338865	1e034a
101.350058	1e0784
101.364271	1f24bb396709
101.376501	1f24bb398ed6
101.388962	1e8d8a
101.400748	1df513
101.412047	1df995
101.419548	1df513
101.432190	1f24bb495887
101.439953	1df513
101.451410	1df513
101.460749	1e076e
101.473637	1e3148
101.482914	1df513
101.488398	1df876
101.498864	1df513
101.510357	1cea1e
101.523049	1df995
101.534132	1df513
101.541873	1dfe41
101.555903	1df411
101.568013	1e034a
101.583068	1e034a
101.595538	1e031d
101.602826	1e034a
101.611536	1e034a
101.618534	1e031d
101.624323	1e034a
101.635838	1e034a
101.649563	1e034a
101.655103	1e034a
101.665356	1f24bb397762
101.670659	1e034a
101.681531	1f24bb39778e
101.693744	1e05e4
101.699331	1e031d
101.707712	1f24bb396896
101.716766	1f24bb39670f
101.726397	1df513
101.738565	1df94b
101.745699	1df513
101.759896	1f24bb399560
101.769738	1e32a9
101.775481	1e138f
101.784849	1f24bb39935c
101.799437	1e138f
101.814278	1f24bb398970
101.821412	1e3148
101.827077	1e995b
101.841054	1df513
101.848849	1df513
101.854553	1df53d
101.864101	1f24bb39a0b7
101.873837	1e3148
101.888709	1e0784
101.900972	1e3148
101.909138	1e13a0
101.919460	1e034a
101.929266	1e034a
101.943817	1e031d
101.958906	1f24bb39769e
101.967798	1e01e5
101.976888	1e06b0
101.989222	1e0601
101.999744	1e034a
102.005133	1f24bb3976e6
102.012389	1e034a
102.024459	1e06e9
102.037288	1e076e
102.049713	1e0772
102.056068	1e034a
102.066988	1e06ba
102.075560	1e034a
102.088709	1f24bb39683b
102.098052	1f24bb39670f
102.105038	1f24bb3966ee
102.115589	1e138f
102.130166	1e138f
102.141477	1df513
102.156558	1f24bb398f07
102.171454	1e0ec0
102.185755	1e3148
102.198231	1df513
102.208041	1df513
102.219474	1e138f
102.231030	1e0772
102.239227	1e3148
102.253414	1e138f
102.261308	1e3148
102.269133	1df912
102.278813	1e99b0
102.287008	1e3148
102.301899	1e034a
102.316064	1e01f4
102.327013	1e01f4
102.334158	1e0813
102.347296	1e0772
102.353887	1e034a
102.367066	1e01d8
102.373106	1e0784
102.385178	1e034a
102.394574	1e034a
102.402388	1e031d
102.412239	1e034a
102.422630	1e076e
102.430693	1e031d
102.441746	1e034a
102.451911	1f24bb396806
102.461146	1f24bb396709
102.470723	1f24bb39670f
102.478916	1df435
102.491688	1dfa2e
102.503459	1df513
102.517640	1e0f5e
102.524139	1e99dd
102.537238	1e3148
102.549373	1e138f
102.561974	1e0e36
102.575799	1df513
102.588806	1e8cc0
102.601727	1df995
102.615674	1e3148
102.625658	1f24bb399560
102.633097	1f24bb399560
102.646561	1e328d
102.657526	1f24bb398d30
102.668381	1e034a
102.674255	1e034a
102.686145	1e01f4
102.700026	1e034a
102.707536	1e0234
102.715681	1e031d
102.723509	1e034a
102.732143	1e034a
102.741998	1e031d
102.755050	1e034a
102.768700	1e05f0
102.779920	1e034a
102.787165	1e034a
102.796343	1e06ba
102.811407	1e031d
102.822478	1f24bb396806
102.837619	1f24bb39955c
102.848275	1e138f
102.856237	1e3148
102.865234	1df513
102.871418	1df513
102.883434	1e3148
102.898379	1df53d
102.905962	1df53d
102.912212	1df443
102.923462	1e138f
102.935864	1df513
102.948024	1e138f
102.955979	1df995
102.964478	1f24bb399560
102.973084	1df513
102.979083	1df53d
102.987798	1f24bb399382
103.001026	1df513
103.012959	1df513
103.019071	1e3148
103.025095	1e076e
103.038379	1df513
103.045791	1f24bb39a060
103.059611	1e031d
103.068273	1e031d
103.073478	1e0221
103.084426	1e01f4
103.093603	1e034a
103.099041	1e031d
103.110085	1e034a
103.124562	1e034a
103.138407	1e034a
103.145119	1e0784
103.155665	1e031d
103.169271	1e0784
103.174630	1e031d
103.185596	1e034a
103.194415	1e031d
103.207930	1e0772
103.216560	1e06ba
103.226463	1e034a
103.239371	1e031d
103.253197	1e031d
103.261481	1f24bb396806
103.267093	1f24bb39687f
103.274592	1f24bb39670f
103.288229	1f24bb39670f
103.299229	1f24bb3966e9
103.310257	1e138f
103.322086	1df513
103.335937	1df513
103.350198	1e138f
103.363048	1df513
103.374605	1e36f4
103.385445	1e138f
103.392996	1df995
103.405927	1df53d
103.412080	1e3148
103.425465	1df513
103.438719	1e0772
103.450956	1e8caa
103.459976	1e1211
103.466845	1e32c4
103.481871	1e0fbe
103.495821	1df513
103.507218	1df513
103.517533	1e138f
103.526721	1df53d
103.531913	1df6ad
103.537352	1e3148
103.552354	1e3148
103.558744	1e034a
103.567524	1e01bc
103.574724	1e0325
103.584445	1e034a
103.589903	1e01f4
103.595626	1e076e
103.603428	1e06b0
103.615978	1e034a
103.625260	1e076e
103.633990	1e0784
103.646383	1e01f4
103.657715	1e06ba
103.668401	1e034a
103.674518	1e034a
103.682183	1f24bb39a3c2
103.694956	1e01f4
103.709940	1e034a
103.718258	1e034a
103.731501	1e034a
103.743439	1f24bb3966ee
103.749414	1f24bb39670f
103.757624	1df912
103.771536	1df513
103.784531	1e3148
103.792780	1e31d1
103.804661	1e3148
103.811080	1e3148
103.817138	1df76c
103.826045	1df513
103.841208	1df995
103.846405	1df957
103.857855	1e9986
103.872719	1df513
103.885370	1df418
103.894852	1f24bb39897f
103.902749	1e138f
103.913486	1e325b
103.918976	1df4ea
103.924605	1e138f
103.935105	1e0784
103.947575	1e138f
103.957514	1df53d
103.971487	1df513
103.981999	1e031d
103.994914	1e0784
104.006188	1e034a
104.017176	1e01f4
104.025157	1e034a
104.033410	1e034a
104.048064	1e0325
104.058738	1e034a
104.071103	1e031d
104.080315	1e034a
104.091194	1e034a
104.096591	1e031d
104.111131	1e076e
104.116359	1e031d
104.131476	1e02e3
104.143196	1e034a
104.148454	1e031d
104.161325	1f24bb396806
104.170713	1f24bb396862
104.178276	1f24bb39670f
104.188765	1df995
104.199507	1df513
104.212028	1e9983
104.217990	1df51b
104.223659	1df513
104.230001	1df995
104.239800	1e138f
104.248691	1e3148
104.259346	1e9975
104.269729	1e0e36
104.277251	1e0772
104.282797	1e07d0
104.288773	1df513
104.295877	1e3148
104.307762	1f24bb398994
104.317846	1e12c9
104.326644	1df53d
104.336683	1df411
104.345810	1e0772
104.358921	1e138f
104.366339	1df995
104.376643	1df513
104.381945	1df513
104.389608	1dfa2e
104.399854	1e138f
104.409242	1e034a
104.419367	1e031d
104.426529	1f24bb397666
104.434584	1e034a
104.449089	1e0784
104.461650	1e0784
104.474126	1e031d
104.482807	1e0772
104.490802	1e01f4
104.500481	1e034a
104.515305	1e06ba
104.529945	1e031d
104.541789	1e031d
104.547154	1e034a
104.560807	1e034a
104.572415	1e01f4
104.584219	1e031d
104.594909	1e034a
104.601648	1f24bb396806
104.608491	1f24bb39670f
104.618309	1f24bb39670f
104.627597	1df513
104.641048	1df513
104.654610	1e3148
104.666262	1e3148
104.672671	1e076e
104.686288	1e3148
104.700481	1e138f
104.710623	1e20d5
104.719853	1e138f
104.727038	1e3730
104.741670	1e3148
104.749402	1e138f
104.760947	1e0e36
104.776097	1df995
104.784224	1e138f
104.793043	1e3148
104.806910	1df53d
104.819125	1e3148
104.824644	1e3148
104.830480	1e1257
104.845106	1e138f
104.856936	1e06db
104.865205	1e0247
104.875418	1e0784
104.888274	1e0784
104.895259	1e034a
104.901156	1e0772
104.913158	1e01f4
104.923597	1e031d
104.930608	1e034a
104.937096	1e034a
104.946251	1e034a
104.959661	1e034a
104.965699	1e06ba
104.978043	1e034a
104.988830	1e034a
105.002062	1e034a
105.013258	1e031d
105.024636	1e076e
105.039044	1e034a
105.048852	1e034a
105.054326	1e034a
105.063542	1f24bb396896
105.069069	1f24bb39670f
105.078567	1f24bb396806
105.092248	1e3148
105.097618	1e3746
105.111873	1e3148
105.126437	1e9acc
105.133539	1e99ac
105.144460	1df995
105.157065	1dfa2e
105.164092	1e3727
105.171651	1e3148
105.178371	1e138f
105.191326	1e324e
105.197846	1df513
105.208817	1e0e1a
105.214322	1f24bb39a06a
105.222783	1e138f
105.231699	1e3766
105.237457	1e3148
105.245150	1e138f
105.257039	1f24bb399754
105.266886	1df513
105.273442	1e138f
105.280758	1df513
105.286680	1df53d
105.292382	1df53d
105.301559	1df513
105.308469	1df513
105.314939	1e0772
105.322839	1e034a
105.330793	1e034a
105.342697	1e031d
105.354850	1e01f4
105.369805	1e01f4
105.380968	1e034a
105.392423	1e06ba
105.405228	1e076e
105.411924	1e031d
105.423149	1e06ba
105.433081	1e034a
105.444294	1e0336
105.458134	1e0772
105.472753	1e06ba
105.481621	1e031d
105.495200	1e031d
105.502894	1e034a
105.513727	1f24bb396862
105.521822	1f24bb39670f
105.530266	1df513
105.541880	1df513
105.548949	1dfa2e
105.559599	1e3148
105.565767	1df513
105.579322	1e3148
105.593152	1e994d
105.604389	1df513
105.613620	1df513
105.624730	1e138f
105.639140	1df513
105.653174	1e12db
105.660613	1dfa2e
105.674598	1e138f
105.684755	1e9a4f
105.695291	1e3148
105.707128	1ce4b5
105.720616	1e138f
105.733889	1e3148
105.744763	1e99dd
105.758112	1df513
105.772700	1e034a
105.777967	1e06ba
105.791480	1e031d
105.797289	1e01f4
105.812385	1e034a
105.826887	1e031d
105.832343	1e031d
105.841143	1e076e
105.848930	1e034a
105.856919	1e0777
105.868654	1e034a
105.875752	1e034a
105.880943	1e06a3
105.889514	1e034a
105.901533	1e076e
105.913800	1e0813
105.925324	1e06ba
105.939017	1e034a
105.952752	1e031d
105.959013	1e06db
105.970601	1f1e88
105.976869	1e06ba
105.989093	1f24bb396806
105.996498	1f24bb39670f
106.005286	1f24bb39670f
106.017748	1df513
106.032496	1df7a4
106.045106	1df995
106.058473	1e3148
106.072002	1e3148
106.083006	1e138f
106.091522	1df513
106.097897	1e138f
106.109871	1df53d
106.117034	1f24bb399754
106.126440	1df513
106.138412	1e138f
106.147161	1df995
106.156572	1e3738
106.169494	1e8d8a
106.181706	1e138f
106.191103	1df513
106.204998	1e3148
106.216907	1e3741
106.223329	1df995
106.229650	1e138f
106.238399	1e3148
106.249086	1e0784
106.258535	1e01f4
106.269215	1e076e
106.276910	1e0772
106.285226	1e01f4
106.299929	1e034a
106.314018	1e06ba
106.320736	1e031d
106.333592	1e076e
106.340797	1e034a
106.355282	1f1e96
106.367333	1e022a
106.381064	1e034a
106.389832	1e01f4
106.397599	1e034a
106.407134	1e034a
106.415236	1f24bb39769e
106.420889	1e034a
106.432783	1e034a
106.440185	1e0813
106.454640	1f24bb39670f
106.466153	1dfa2e
106.479923	1f24bb399560
106.487452	1df76c
106.493568	1e138f
106.503858	1f24bb398d30
106.510397	1e138f
106.519346	1e138f
106.525695	1e138f
106.532355	1e138f
106.541259	1dfe86
106.554074	1e9a9e
106.565745	1e138f
106.578762	1df513
106.592869	1e8d5f
106.603194	1e138f
106.611042	1df480
106.622799	1f24bb39670f
106.635268	1df693
106.646352	1df995
106.660259	1df513
106.667385	1e9aec
106.675079	1df513
106.682029	1df513
106.689254	1df513
106.698529	1df513
106.710028	1e034a
106.722571	1f1eb5
106.736941	1e031d
106.747793	1e034a
106.761447	1e034a
106.774143	1e031d
106.782800	1e076e
106.788781	1e0601
106.794449	1f24bb39a3c2
106.803674	1e034a
106.812389	1e031d
106.819499	1e034a
106.827223	1e076e
106.839610	1e01f4
106.851091	1e031d
106.860808	1e0780
106.870711	1e02aa
106.883013	1e034a
106.895112	1e076e
106.908966	1e034a
106.915128	1e034a
106.924786	1f24bb396862
106.934115	1f24bb3968b2
106.940057	1f24bb3968b2
106.954659	1dfa2e
106.967863	1e138f
106.981817	1e0772
106.992259	1e3148
106.998109	1e9a5e
107.013893	1e138f
107.023508	1e3148
107.032985	1df53d
107.038847	1df513
107.044298	1df513
107.057699	1e0772
107.065155	1df995
107.076686	1df513
107.083915	1df513
107.093590	1e9a48
107.104825	1df995
107.113824	1df513
107.119227	1df53d
107.129833	1df513
107.142374	1df53d
107.156830	1f24bb39936e
107.164126	1df513
107.176322	1df513
107.189889	1df513
107.198417	1df513
107.213467	1e034a
107.227716	1e034a
107.237189	1e031d
107.248754	1e031d
107.255777	1e031d
107.267919	1e0772
107.273810	1e01f4
107.284512	1e01d2
107.292094	1e034a
107.301545	1e034a
107.314066	1e031d
107.320720	1e034a
107.333820	1f24bb397660
107.339521	1e034a
107.354245	1e031d
107.361958	1e06ba
107.370779	1f24bb39767e
107.384947	1e031d
107.398380	1e06ba
107.413480	1e06b0
107.424823	1e076e
107.439787	1f24bb39670f
107.453732	1f24bb3966ee
107.465257	1e9a15
107.472462	1f24bb495956
107.481345	1df513
107.490234	1dfa2e
107.501658	1e996d
107.506903	1df995
107.520453	1df513
107.532437	1df513
107.540177	1e1394
107.552799	1e3148
107.560486	1df995
107.574711	1e3148
107.581582	1df53d
107.587785	1e36f4
107.602138	1e138f
107.614739	1df513
107.620214	1e0f5e
107.628533	1e138f
107.633841	1f24bb399754
107.640780	1df513
107.651709	1f24bb398d46
107.664698	1df464
107.679606	1df995
107.689364	1df53d
107.696865	1df513
107.709778	1e3148
107.720970	1e138f
107.735207	1f24bb399754
107.745778	1df513
107.757916	1e0772
107.764194	1e031d
107.779343	1e034a
107.787500	1e034a
107.792763	1e034a
107.805790	1e031d
107.818401	1e01f4
107.827294	1e01d2
107.834407	1e06ba
107.844624	1e034a
107.856677	1e034a
107.869790	1e034a
107.884555	1e031d
107.894230	1e0813
107.906580	1e01f4
107.914139	1e034a
107.924005	1e076e
107.929710	1e034a
107.941565	1e06ba
107.948848	1e06ba
107.962343	1e034a
107.976771	1e034a
107.991802	1e034a
108.004834	1e034a
108.015144	1e034a
108.027069	1e076e
108.035388	1e076b
108.049488	1f24bb396806
108.059618	1f24bb39670f
108.066188	1f24bb396806
108.080267	1df513
108.087059	1e138f
108.092666	1e138f
108.099454	1df513
108.105003	1e138f
108.120194	1e138f
108.134504	1e138f
108.142681	1e3148
108.149887	1e138f
108.155870	1df995
108.170349	1e138f
108.175563	1e138f
108.189706	1df876
108.203335	1f24bb398eb4
108.211608	1df513
108.222597	1df513
108.236227	1df76c
108.247453	1e138f
108.262246	1e138f
108.275363	1df513
108.287344	1e138f
108.299347	1f24bb398f07
108.309306	1e138f
108.318412	1df513
108.325572	1df513
108.335689	1df53d
108.342304	1e996d
108.347869	1e01d2
108.359843	1e031d
108.367469	1e031d
108.378433	1e031d
108.388022	1e031d
108.397258	1e034a
108.411981	1e034a
108.418907	1e031d
108.432886	1e034a
108.446914	1e034a
108.461375	1e034a
108.472226	1e034a
108.481136	1e034a
108.494062	1e031d
108.499814	1e034a
108.508701	1e034a
108.519619	1e076e
108.528217	1e0292
108.533881	1e076e
108.542480	1e031d
108.549346	1e031d
108.562128	1e034a
108.567818	1e034a
108.576178	1e031d
108.582402	1e034a
108.589261	1f24bb396806
108.596789	1f24bb3968bf
108.607586	1f24bb39670f
108.618143	1dfa2e
108.631640	1e138f
108.642871	1e138f
108.655326	1f24bb39a178
108.669992	1e3148
108.684810	1e996d
108.695675	1df53d
108.710783	1df513
108.720033	1e138f
108.734741	1df995
108.744641	1df513
108.753899	1df513
108.759766	1df513
108.767838	1e138f
108.773216	1e0e36
108.780989	1e3148
108.791857	1e138f
108.803108	1df513
108.809975	1df513
108.821080	1df513
108.834299	1e138f
108.846328	1e1365
108.860799	1e076e
108.868316	1e138f
108.877050	1f24bb399560
108.888931	1e3148
108.902705	1e031d
108.911305	1e0614
108.920093	1e01f4
108.932902	1e034a
108.943909	1e031d
108.949359	1e031d
108.957810	1e031d
108.965836	1e031d
108.978590	1e01f4
108.987816	1e076e
108.994584	1f24bb39a416
109.005729	1e034a
109.019910	1e034a
109.032865	1e034a
109.042452	1e034a
109.053218	1e034a
109.068301	1e034a
109.079415	1e031d
109.088950	1e031d
109.101551	1e01f4
109.113848	1e034a
109.127040	1e0772
109.139610	1e034a
109.147318	1f24bb396896
109.154355	1f24bb396806
109.161872	1f24bb396806
109.171261	1f24bb39670f
109.184395	1e0784
109.197433	1e076e
109.212035	1e138f
109.222955	1e138f
109.237628	1e138f
109.252547	1e138f
109.267355	1e076b
109.277700	1e9adf
109.283434	1df513
109.289070	1df513
109.294831	1f24bb39a089
109.303146	1e138f
109.317541	1f24bb399376
109.323931	1e138f
109.337834	1df513
109.345940	1e1394
109.354020	1e3148
109.363807	1e138f
109.370629	1df513
109.378868	1e8da4
109.392208	1e3746
109.405176	1df513
109.416007	1e9975
109.430919	1e0784
109.444428	1e3148
109.450512	1e138f
109.464034	1e99d4
109.479171	1e034a
109.486121	1e031d
109.495830	1e01f4
109.504355	1e034a
109.516136	1e01f4
109.523747	1e0774
109.529370	1e031d
109.538284	1e0563
109.551845	1e034a
109.563187	1e06ba
109.577699	1e0772
109.586169	1e076e
109.593759	1e0784
109.598979	1e031d
109.613098	1e01f4
109.621355	1e034a
109.634593	1e031d
109.642071	1e01f4
109.653659	1e031d
109.661744	1e0772
109.673102	1e034a
109.684465	1e031d
109.691636	1e031d
109.700517	1e02aa
109.713024	1f24bb39670f
109.722723	1f24bb396896
109.737407	1df513
109.747174	1f24bb39a210
109.756147	1e1394
109.767884	1e138f
109.782344	1df513
109.796029	1df9b4
109.809686	1df995
109.816423	1f24bb398994
109.824988	1e138f
109.833004	1df513
109.842161	1e3148
109.852640	1df995
109.863909	1dfe63
109.870920	1e138f
109.881021	1df513
109.891706	1e9983
109.900652	1df513
109.906482	1df995
109.912303	1e138f
109.924580	1df513
109.930342	1e48f3
109.935981	1e076e
109.943642	1e3774
109.948951	1df513
109.956679	1dfa2e
109.963188	1df513
109.977793	1df513
109.989169	1df53d
110.000410	1e3148
110.007354	1df513
110.015248	1e3148
110.029490	1e031d
110.038298	1e031d
110.048074	1e031d
110.059149	1e034a
110.070949	1e01f4
110.079305	1e034a
110.087975	1e034a
110.095422	1e031d
110.101661	1e031d
110.110340	1e031d
110.120594	1e0813
110.128479	1e01d2
110.139451	1e034a
110.145758	1e034a
110.152368	1e031d
110.164487	1e034a
110.177704	1e031d
110.185387	1e034a
110.198603	1e034a
110.213652	1e034a
110.219774	1e031d
110.231804	1e031d
110.243922	1e034a
110.249511	1e034a
110.260142	1e0784
110.268582	1f24bb396896
110.277757	1f24bb396806
110.288626	1f24bb39680c
110.297632	1f24bb39670f
110.306646	1e138f
110.320553	1e138f
110.331366	1f24bb39935c
110.341382	1df51b
110.354548	1e0f5e
110.364589	1e8d8a
110.371749	1df513
110.377154	1df432
110.383004	1e999f
110.395184	1df513
110.409488	1e9956
110.422585	1df513
110.429885	1e36f4
110.438363	1df513
110.449800	1e138f
110.458171	1df513
110.469338	1e3148
110.476298	1e36ea
110.482786	1df513
110.489832	1df513
110.498630	1df53d
110.504833	1df513
110.518034	1df513
110.526941	1df513
110.538084	1e0f5e
110.550568	1df513
110.562687	1f24bb398e57
110.572419	1e31bf
110.578780	1e3148
110.587155	1e138f
110.592829	1df995
110.600609	1df513
110.609399	1e994d
110.624534	1e034a
110.632617	1e034a
110.642127	1e034a
110.653657	1e05f0
110.663461	1e034a
110.678519	1e06ba
110.691535	1e034a
110.702463	1e0772
110.710695	1e034a
110.718197	1e05f0
110.731627	1e031d
110.744744	1e034a
110.756366	1e076e
110.761656	1e031d
110.774691	1e0772
110.780962	1e034a
110.795949	1e031d
110.806605	1e034a
110.817955	1e034a
110.824521	1e034a
110.834163	1e034a
110.840529	1e0623
110.849823	1e06ba
110.860272	1f24bb396806
110.872208	1f24bb39670f
110.881039	1f24bb39670f
110.888049	1dfea6
110.897853	1e0772
110.912205	1e0f5e
110.920357	1e3148
110.926969	1e138f
110.937759	1df513
110.947579	1e3148
110.956936	1e138f
110.966584	202290
110.977678	1e3148
110.985278	1e3148
110.992045	1df995
111.001977	1e98d2
111.009968	1df53d
111.018171	1df513
111.030364	1df513
111.037363	1e1227
111.050357	1df513
111.056912	1e3148
111.067571	1f24bb39a238
111.082182	1e0772
111.090017	1df513
111.095743	1f24bb398e2f
111.109737	1f24bb399754
111.121345	1df513
111.130724	1df53d
111.136945	1df53d
111.151093	1e996d
111.161134	1f24bb399560
111.171767	1df513
111.184134	1e996d
111.190899	1e031d
111.200427	1e06ba
111.205784	1e034a
111.219428	1e034a
111.229718	1e076e
111.242212	1e034a
111.250839	1e034a
111.259028	1e031d
111.264582	1f24bb39778e
111.278684	1e0772
111.293202	1e034a
111.300310	1e031d
111.313409	1e034a
111.327061	1e034a
111.335764	1e06ba
111.344071	1e01f4
111.358907	1e034a
111.367129	1e01f4
111.380750	1e0601
111.390147	1e034a
111.396398	1e0234
111.403425	1e034a
111.417247	1e034a
111.424242	1e034a
111.438530	1f24bb396806
111.448319	1f24bb396896
111.454944	1f24bb3966ff
111.468861	1e138f
111.481071	1df513
111.493838	1df513
111.505980	1df513
111.516755	1f24bb399560
111.529134	1df513
111.534715	1df995
111.542815	1e138f
111.552439	1df513
111.567601	1e138f
111.577054	1df90a
111.589183	1e3148
111.597151	1df876
111.605198	1df995
111.613816	1e076e
111.628232	1df53d
111.642291	1df411
111.648724	1df513
111.663203	1e48ca
111.674982	1e138f
111.682629	1e138f
111.690250	1df513
111.699563	1e0e36
111.711662	1e076e
111.724297	1e0e36
111.732995	1e3148
111.740728	1e9945
111.751758	1df53d
111.763683	1e034a
111.771412	1e034a
111.776852	1e031d
111.786916	1e031d
111.799663	1e05e4
111.813055	1e06ba
111.820699	1e031d
111.834740	1e034a
111.842112	1e034a
111.854790	1e0601
111.862538	1e031d
111.873637	1e034a
111.883322	1e034a
111.896058	1e034a
111.910217	1e0813
111.915630	1e06ba
111.930673	1e034a
111.939567	1e034a
111.945168	1e0772
111.951168	1e031d
111.964844	1e01f4
111.979821	1f24bb39770b
111.986582	1e034a
111.992854	1e0784
112.004386	1e034a
112.014138	1f24bb396806
112.021010	1f24bb396806
112.033203	1f24bb39670f
112.045072	1df513
112.057709	1e138f
112.066416	1e138f
112.077629	1e0f5e
112.084630	1e0772
112.093500	202211
112.102614	1df513
112.114736	1df513
112.120599	1df513
112.126865	1df513
112.135050	1e076e
112.143220	1df53d
112.150330	1e3148
112.156448	1e138f
112.162784	1df513
112.175855	1df513
112.185958	1e99ac
112.198619	1df513
112.207467	1e138f
112.213498	1e3148
112.225227	1df513
112.230764	1e3774
112.237143	1df513
112.249631	1e3148
112.262451	1df513
112.272104	1df513
112.283292	1e996d
112.297050	1e32c4
112.304442	1e3148
112.315890	1e0f5e
112.321581	1e138f
112.333515	1e06ba
112.341898	1e031d
112.350107	1e034a
112.364149	1e01f4
112.372756	1e034a
112.385713	1e06ba
112.393583	1e034a
112.402090	1e034a
112.412217	1e0252
112.425775	1e0813
112.438302	1e06ba
112.448587	1e0813
112.457504	1e076e
112.468616	1e031d
112.475214	1e06ba
112.488955	1e06ba
112.502115	1e034a
112.508960	1e031d
112.520968	1e076e
112.533429	1e031d
112.546450	1e06ba
112.558549	1e034a
112.568569	1e0772
112.578761	1e076e
112.588331	1e034a
112.595506	1e034a
112.607896	1e034a
112.621039	1e031d
112.631155	1e031d
112.643762	1f24bb39687f
112.656159	1f24bb39670f
112.671074	1e138f
112.681773	1df513
112.688120	1f24bb398eec
112.702959	1f24bb399560
112.710562	1e138f
112.718024	1e138f
112.727071	1df513
112.736051	1e3766
112.745113	1df513
112.752883	1e9983
112.759526	1e3148
112.770275	1df513
112.781798	1e0e1a
112.793595	1df513
112.801393	1df513
112.809099	1df513
112.823929	1e3148
112.829511	1df53d
112.839749	1df995
112.854389	1df513
112.860915	1f24bb398e07
112.874736	1e1394
112.888502	1e138f
112.896871	1e99e9
112.905576	1e3730
112.914440	1df995
112.928355	1df995
112.935442	1e138f
112.945592	1e3148
112.959909	1df53d
112.967987	1df513
112.979104	1e370b
112.986117	1df513
112.993464	1e138f
113.003732	1e138f
113.011603	1e031d
113.020645	1e034a
113.028007	1e01f4
113.037373	1e034a
113.045360	1e034a
113.052303	1e034a
113.064221	1e034a
113.076046	1e034a
113.081918	1e034a
113.088687	1f24bb39a3d5
113.098683	1e034a
113.111147	1e031d
113.117664	1e034a
113.132131	1e0784
113.140925	1e034a
113.149638	1e031d
113.158577	1e034a
113.172374	1e077c
113.185473	1e034a
113.193087	1e031d
113.198983	1e06ba
113.205796	1e031d
113.215645	1e06ba
113.223309	1e034a
113.237693	1e06ba
113.250729	1e034a
113.263250	1e076e
113.270351	1e031d
113.280846	1e034a
113.295827	1f24bb396862
113.301755	1f24bb3966ee
113.310863	1f24bb396709
113.318721	1df464
113.330155	1e138f
113.341276	1e0772
113.349401	1e138f
113.356152	1e8d8a
113.367110	1e3208
113.374504	1df876
113.383689	1e138f
113.397082	1df513
113.403201	1f24bb3989d1
113.413701	1e138f
113.420499	1df513
113.429627	1f24bb399560
113.436803	1df513
113.444484	1e138f
113.452447	1e0f5e
113.458850	1df513
113.466093	1df513
113.476056	1e138f
113.484431	1e138f
113.493699	1e138f
113.502120	1df513
113.509327	1df513
113.520296	1e3148
113.529024	1df995
113.537327	1e138f
113.544365	1e138f
113.557290	1e138f
113.564300	1df9fa
113.573527	1e3148
113.586542	1e0e36
113.597369	1df513
113.611907	1df513
113.624881	1df97f
113.634251	1e1219
113.647833	1e031d
113.657570	1e01f4
113.663570	1e031d
113.670286	1e034a
113.681092	1e034a
113.689402	1e034a
113.699968	1e06e9
113.707500	1e0784
113.715275	1e01f4
113.729958	1e031d
113.744612	1e034a
113.759593	1e034a
113.771121	1e0772
113.779014	1e034a
113.788195	1e034a
113.796802	1e0325
113.805821	1e06ba
113.817358	1e034a
113.824729	1e0784
113.836908	1e034a
113.850587	1e031d
113.865045	1e076e
113.874648	1e0303
113.881647	1e0784
113.888537	1e0772
113.896161	1e034a
113.905032	1e034a
113.919563	1f24bb396806
113.933007	1f24bb39670f
113.939837	1f24bb39675b
113.953364	1df513
113.961996	1df513
113.969011	1e138f
113.977914	1e138f
113.985950	1e0f5e
113.993329	1df513
114.004552	1e138f
114.013453	1df995
114.021648	1e3148
114.032234	1df513
114.043013	1ce4d9
114.049068	1ce4d9
114.061217	1f24bb398ed2
114.069909	1df513
114.081392	1e138f
114.093350	1e138f
114.100392	1e13a7
114.105599	1e3148
114.111413	1df513
114.116937	1e3148
114.122196	1e138f
114.135064	1e138f
114.142556	1e3746
114.154745	1e0f5e
114.162294	1df513
114.167623	1e99b0
114.173133	1e3148
114.182938	1e9af2
114.193372	1df513
114.201922	1f24bb398e7d
114.209422	1df513
114.220332	1df995
114.227415	1e9934
114.234607	1e0e36
114.246935	1dfa2e
114.254195	1e138f
114.267008	1df513
114.278040	1e031d
114.287134	1e031d
114.297316	1e031d
114.311034	1f24bb39a41c
114.316585	1f24bb39769e
114.329626	1e034a
114.336696	1e01f4
114.346502	1e034a
114.354221	1e01f4
114.369321	1e0813
114.381351	1e0772
114.395382	1e06ba
114.407856	1e034a
114.414211	1e034a
114.428213	1e076e
114.438181	1e06ba
114.447890	1f24bb39a3b2
114.456503	1e031d
114.471307	1e031d
114.482711	1e031d
114.487996	1e034a
114.500687	1e034a
114.507514	1e06ba
114.515389	1e01f4
114.524822	1e01d2
114.536154	1e031d
114.543538	1f24bb396806
114.552198	1f24bb39670f
114.557691	1f24bb39670f
114.567348	1f24bb39670f
114.573751	1f24bb399560
114.579994	1e138f
114.593243	1e0784
114.606896	1e138f
114.612645	1df995
114.627625	1e138f
114.634608	1df69c
114.641411	1f24bb3966e9
114.649602	1df513
114.658315	1f24bb399560
114.670555	1e138f
114.679375	1df513
114.692109	1df513
114.706907	1df513
114.717701	1df53d
114.728685	1df513
114.736376	1f24bb39a09d
114.746539	1f24bb49591d
114.759100	1e0fb4
114.766126	1df513
114.773037	1dfa2e
114.786006	1e126c
114.796995	1df513
114.811444	1dfa2e
114.823036	1df513
114.831315	1df49f
114.841680	1e138f
114.849180	1df513
114.855935	1df513
114.861750	1e8caa
114.868366	1e138f
114.876549	1df995
114.882671	1df513
114.892671	1e138f
114.907256	1e0813
114.914037	1e076e
114.926151	1e034a
114.941091	1e031d
114.949879	1e031d
114.959763	1e034a
114.966561	1e034a
114.980459	1e031d
114.995518	1e034a
115.009215	1e034a
115.022539	1e031d
115.035358	1e034a
115.044388	1e06ba
115.051174	1e034a
115.065269	1e034a
115.072513	1e06ba
115.080940	1e034a
115.091365	1e034a
115.104601	1e031d
115.118327	1e034a
115.129751	1e034a
115.142132	1e034a
115.147730	1e034a
115.153815	1e031d
115.168950	1e031d
115.177197	1e01f4
115.183205	1e034a
115.196554	1e0784
115.209694	1f24bb39670f
115.220003	1f24bb396806
115.232157	1df513
115.239874	1dfa2e
115.248982	1e076e
115.258158	1e138f
115.273317	1df513
115.287916	1e3148
115.299976	1e138f
115.309467	1e3148
115.314696	2021e1
115.321079	1df995
115.326599	1e138f
115.335538	1df876
115.341405	1e138f
115.355559	1df513
115.360936	1e138f
115.374056	2021e1
115.379222	1e138f
115.384454	1dfe91
115.393929	1e3148
115.404160	1e0ef2
115.411436	1df53d
115.418439	1e0f95
115.431647	1e3148
115.439713	1e138f
115.446016	1e3148
115.458063	1e3148
115.469716	1e3148
115.484457	1df513
115.491253	1e138f
115.505942	1e3148
115.513475	1e996d
115.527382	1df513
115.540486	1df53d
115.549006	1df513
115.556122	1df53d
115.565674	1e3148
115.572659	1e034a
115.583691	1e01ad
115.589408	1e034a
115.601702	1e034a
115.614362	1e031d
115.623135	1f1eb7
115.632763	1e01f4
115.642864	1f24bb3977c4
115.652146	1e031d
115.660661	1e034a
115.666902	1e0601
115.678456	1e031d
115.687356	1e031d
115.695964	1e034a
115.702170	1e06ba
115.715654	1e031d
115.726405	1e034a
115.736249	1e076e
115.741803	1e0601
115.754774	1e031d
115.761857	1e034a
115.772902	1e031d
115.783169	1e034a
115.789047	1e031d
115.797465	1e034a
115.806365	1e034a
115.812393	1e034a
115.820692	1e0780
115.826313	1e034a
115.835324	1e0784
115.848086	1e034a
115.856042	1f24bb39687f
115.865484	1f24bb396862
115.875020	1f24bb39670f
115.887654	1e3727
115.898361	1e138f
115.903981	1e999f
115.914871	1e3148
115.922980	1df513
115.931855	1dfa0b
115.940785	1e138f
115.950815	1df876
115.962729	1e3148
115.975299	1df513
115.987703	1df513
115.999989	1e3148
116.010330	1df513
116.018644	1e373b
116.026522	1f24bb398ef0
116.032920	1df513
116.045342	1f24bb399560
116.059361	1df912
116.067485	1e0ee5
116.078407	1df513
116.085620	1e138f
116.094872	1e138f
116.103670	1e486d
116.116643	1df513
116.131328	1e138f
116.141514	1df513
116.150843	1df513
116.160214	1e138f
116.165415	1dfa2e
116.177784	1df513
116.184052	1e138f
116.198176	1e0f5e
116.208690	1df513
116.215684	1e138f
116.227099	1df513
116.238206	1e0601
116.244775	1e01d2
116.250698	1e031d
116.265810	1e034a
116.276133	1e034a
116.285005	1e034a
116.300152	1e034a
116.313350	1e034a
116.319355	1e034a
116.326369	1e031d
116.340745	1e076e
116.347267	1e034a
116.357058	1e034a
116.362879	1e034a
116.375434	1e034a
116.387309	1e034a
116.402417	1e01ad
116.409483	1e06a3
116.422586	1e031d
116.434580	1e034a
116.441643	1e01f4
116.448310	1e031d
116.455045	1e034a
116.465663	1e031d
116.472330	1e034a
116.483229	1e031d
116.494936	1e031d
116.502838	1e031d
116.516402	1e01d2
116.523145	1f24bb39a3c2
116.532484	1e031d
116.545443	1f24bb39687f
116.559330	1f24bb39670f
116.571461	1e0fbe
116.579515	1e999f
116.585687	1e9986
116.596958	1e0e69
116.607054	1df513
116.615338	1df995
116.629395	1e138f
116.636058	1df513
116.649179	1df513
116.661731	1e138f
116.667597	1df513
116.674138	1dfa2e
116.681459	1e138f
116.687403	1e3148
116.693249	1e138f
116.702842	1df513
116.708829	20227b
116.720578	1e3148
116.730328	1df513
116.736558	1df876
116.747447	1ce916
116.754571	1e99f4
116.761785	1e3746
116.775870	1df513
116.790358	1e138f
116.798528	1df513
116.806498	1e138f
116.815762	1df7a4
116.827948	1e31df
116.839692	1df53d
116.848733	1e3148
116.862490	1e138f
116.873993	1e3148
116.888152	1e138f
116.895739	1df513
116.904955	1e9930
116.916711	1e999f
116.922890	1e138f
116.936287	1e031d
116.943579	1e0784
116.953585	1e034a
116.960586	1e034a
116.968509	1e031d
116.976726	1e0563
116.984752	1e01d2
116.990851	1e06ba
116.997333	1e06ba
117.012239	1e01d2
117.026186	1e034a
117.032734	1e031d
117.046366	1f24bb39768c
117.054787	1e06ba
117.063312	1e034a
117.076159	1e031d
117.091001	1e031d
117.098830	1e06ba
117.107875	1e01f4
117.123019	1e034a
117.131911	1e0813
117.141663	1e031d
117.149800	1e06ba
117.164569	1e034a
117.175104	1e076e
117.180734	1e06ba
117.192417	1e0325
117.201334	1e06ba
117.208129	1e034a
117.219780	1e034a
117.231678	1e034a
117.245156	1e034a
117.252761	1e01f4
117.266041	1e0664
117.271993	1e034a
117.281193	1e034a
117.293572	1f24bb396806
117.301632	1f24bb39670f
117.310120	1f24bb39670f
117.324681	1df513
117.339625	1df414
117.352340	1df513
117.361403	1e076e
117.368798	1f24bb39a0a1
117.379469	1e3148
117.389073	1df513
117.400594	1e138f
117.409941	1df513
117.420301	1e0f86
117.429023	1df513
117.439518	1df513
117.451202	1e07cf
117.464128	1e3148
117.476622	1e0e36
117.489354	1e138f
117.498901	1df995
117.504271	1e138f
117.516121	1e138f
117.529401	1e138f
117.536369	1df513
117.542234	1e3148
117.555336	1df995
117.563016	1e0772
117.569907	1df513
117.581895	1dfa2e
117.589298	1e138f
117.595678	1f24bb398e7d
117.606149	1e31f2
117.611921	1e328d
117.625556	1e138f
117.634317	1df912
117.640247	1e3148
117.650400	1df513
117.657811	1df513
117.670630	1e01f4
117.678743	1e0321
117.685887	1e076e
117.696457	1e034a
117.703002	1e034a
117.711730	1e031d
117.724899	1e034a
117.734128	1e06ba
117.743886	1e034a
117.755385	1e0772
117.763749	1e031d
117.773677	1e034a
117.787477	1e06ba
117.801141	1e034a
117.810599	1e034a
117.825530	1e076e
117.839697	1e076e
117.852135	1e031d
117.861439	1e034a
117.871289	1e034e
117.882518	1e06ba
117.888842	1e076e
117.897859	1e0343
117.909717	1e06ba
117.916139	1e031d
117.931215	1e031d
117.939299	1e01f4
117.947640	1e034a
117.956112	1e0772
117.966117	1e034a
117.975260	1f24bb396806
117.988997	1f24bb39670f
117.995478	1f24bb396806
118.004939	1df513
118.013233	1df513
118.026602	1df923
118.039630	1f24bb399560
118.051650	1e3148
118.061931	1e138f
118.072948	1e0e36
118.084415	1df513
118.095222	1df513
118.103523	1df53d
118.113536	1df513
118.128483	1e138f
118.142124	1e3148
118.152112	1df513
118.160833	1df513
118.168821	1e138f
118.178855	1f24bb39a1c5
118.186503	1e138f
118.194323	1df513
118.203978	1e3148
118.210239	1e0f5e
118.223195	1e138f
118.229239	1df48a
118.237277	1f24bb495926
118.251796	1e3148
118.260716	1df53d
118.272959	1e3148
118.282223	1df995
118.293584	1df513
118.307247	1e138f
118.321234	1e138f
118.333094	1df513
118.347861	1e138f
118.362886	1df995
118.369297	1e01f4
118.379424	1e034a
118.389185	1e034a
118.400215	1e06ba
118.411710	1e076e
118.421910	1e0784
118.433292	1e031d
118.440281	1e034a
118.448473	1e034a
118.461832	1e01f4
118.467036	1e034a
118.476135	1e0623
118.486825	1e034a
118.498239	1e034a
118.504296	1e031d
118.517099	1e031d
118.527869	1e031d
118.534046	1e0772
118.542486	1e031d
118.551757	1e034a
118.559074	1e01f4
118.571009	1e05f0
118.581877	1e031d
118.595718	1e0784
118.604529	1e0772
118.612487	1e031d
118.617706	1e01f4
118.631118	1e034a
118.639254	1e031d
118.648696	1e076e
118.656000	1e0601
118.670382	1e031d
118.682907	1f24bb396862
118.692635	1f24bb3968b6
118.703622	1f24bb396806
118.712598	1e3148
118.722785	1df513
118.734677	1e8d8a
118.746288	1df513
118.757555	1df513
118.770596	1e3148
118.781885	1e0f95
118.793735	1df513
118.800941	1dfa2e
118.807412	1e9968
118.821531	1e138f
118.828930	1e9983
118.836656	1e9ac4
118.850358	1df513
118.859261	1df513
118.867076	1df53d
118.873948	1df513
118.884971	1df53d
118.894092	1e9989
118.899565	1df9ec
118.913869	1df513
118.928201	1df513
118.936596	1f24bb39897f
118.947674	1df876
118.961456	1e999f
118.972574	1df7a4
118.983154	1e0f5e
118.994778	1df53d
119.007801	1f24bb398ea3
119.022402	1e138f
119.031417	1e138f
119.041051	1e0fbe
119.052447	1df995
119.064200	1e3148
119.070595	1df995
119.079689	1df513
119.091616	1e034a
119.098689	1e06ba
119.104563	1e034a
119.112977	1e034a
119.118687	1e034a
119.128095	1e031d
119.133441	1e031d
119.144517	1e034a
119.154533	1e034a
119.160132	1e034a
119.169271	1e034a
119.181244	1e034a
119.188092	1e031d
119.201008	1e034a
119.206327	1e063e
119.216551	1e034a
119.225564	1e01f4
119.236517	1e034a
119.245009	1e034a
119.252400	1e01bc
119.260640	1e034a
119.275789	1e034a
119.281932	1e06ba
119.295788	1e034a
119.305295	1e034a
119.318085	1e034a
119.324482	1e031d
119.332320	1e0784
119.337848	1e031d
119.350552	1e06ba
119.364612	1e031d
119.377993	1e034a
119.383314	1e034a
119.393230	1e031d
119.404892	1f24bb39687f
119.417464	1f24bb396862
119.431266	1f24bb399560
119.439902	1df513
119.445344	1e3148
119.458385	1dfa2e
119.473222	1df995
119.486103	1df513
119.493282	1e138f
119.506416	1f24bb399340
119.516277	1e138f
119.530596	1df513
119.542427	1df513
119.549635	1df513
119.554883	1df56a
119.568708	1df513
119.578056	1df995
119.587223	1df513
119.596371	1df9b4
119.606932	1df422
119.615890	1e1394
119.623388	1e138f
119.634671	1e138f
119.644815	1e32c4
119.650763	1df513
119.662145	1e3148
119.672644	1df987
119.685954	1dfeae
119.695196	1df513
119.707253	1df513
119.717250	1e138f
119.731456	1e138f
119.737788	1e3148
119.743750	1df513
119.755742	1df513
119.761102	1df513
119.766372	1df4d8
119.771631	1e3148
119.784652	1f24bb398e12
119.798389	1e8d79
119.812650	1e01d2
119.824463	1e0784
119.837225	1e031d
119.842478	1e01f4
119.847840	1e034a
119.856989	1e06ba
119.869664	1e01d2
119.884450	1e034a
119.890040	1e034a
119.897110	1e01f4
119.911704	1e031d
119.920214	1e031d
119.931915	1f24bb3977bc
119.946237	1e034a
119.958017	1e06ba
119.971166	1e034a
119.981443	1f24bb39a3be
119.995918	1e01f4
120.005232	1e06ba
120.012783	1e034a
120.023570	1e034a
120.035111	1e031d
120.042898	1e034a
120.049929	1e0780
120.055887	1e034a
120.062782	1e031d
120.069586	1e06ba
120.082529	1e031d
120.096277	1e034a
120.107153	1e031d
120.116969	1e0772
120.125165	1e8cc0
120.133629	1f24bb396896
120.142318	1f24bb396896
120.157263	1f24bb39670f
120.167579	1e138f
120.182419	1e9aec
120.194041	1df4ce
120.203722	1df513
120.217865	1f24bb398994
120.228311	1df513
120.239588	1df995
120.251038	1df995
120.263964	1e138f
120.277459	1df53d
120.290787	1df53d
120.305262	1df76c
120.310684	1e138f
120.317793	1e9aa3
120.323227	1e3148
120.332087	1e138f
120.340433	1e138f
120.348933	1df513
120.360795	1df513
120.373381	1dfa2e
120.381630	1df513
120.393247	1e138f
120.406177	1e3148
120.416671	1e138f
120.428371	1e3148
120.435155	1df513
120.449121	1df53d
120.463305	1e138f
120.475982	1e0784
120.489506	1df995
120.502148	1e377f
120.512985	1df995
120.523984	1df53d
120.538858	1e138f
120.552706	1e0601
120.564007	1e031d
120.574706	1e06ba
120.584711	1e034a
120.591630	1e034a
120.596860	1e0813
120.606472	1e031d
120.613796	1e031d
120.619289	1e031d
120.632970	1e031d
120.646421	1e034a
120.658750	1e034a
120.671778	1e034a
120.681493	1e031d
120.693007	1e034a
120.700736	1e031d
120.707928	1e031d
120.713896	1e034a
120.725172	1e0772
120.735254	1e01f4
120.747106	1e06ba
120.758626	1e034a
120.768421	1e034a
120.776964	1e034a
120.782167	1f24bb39a416
120.794037	1f24bb39767e
120.801161	1e034a
120.815109	1e034a
120.828481	1e034a
120.834040	1e034a
120.844829	1e034a
120.857422	1e06ba
120.868259	1f24bb396806
120.877312	1f24bb396862
120.883813	1f24bb396929
120.891685	1f24bb39670f
120.899469	1f24bb39959f
120.911164	1df513
120.916905	1df513
120.929992	1df513
120.937006	1df513
120.951814	1e07d0
120.963210	1e138f
120.972070	1e138f
120.978742	1df876
120.987987	1df513
121.001083	1dfa2e
121.013170	1e138f
121.021791	1e3148
121.030582	1e138f
121.042207	1e9a8e
121.051213	1df513
121.063323	1e138f
121.073408	1e0e36
121.086277	1f24bb399382
121.100146	1df995
121.108310	1e138f
121.113925	1e138f
121.127179	1e138f
121.139006	1e3148
121.146137	1df995
121.157231	1e3148
121.168846	1e138f
121.175619	1df513
121.184935	1e0f33
121.193115	1df513
121.199382	1df995
121.210558	1e3766
121.224107	1e138f
121.230863	1e138f
121.238552	1df513
121.247252	1e138f
121.262272	1e138f
121.277336	1e06f0
121.286778	1e0784
121.300199	1e034a
121.306809	1e031d
121.316454	1e031d
121.325948	1e01d2
121.333337	1e0563
121.340294	1e034a
121.351864	1e031d
121.362973	1e031d
121.377459	1e031d
121.386101	1e031d
121.391715	1e034a
121.400343	1e034a
121.411329	1e031d
121.417346	1e076e
121.426079	1e031d
121.436108	1e031d
121.447204	1e034a
121.461476	1e034a
121.470942	1e034a
121.476355	1e031d
121.487541	1e034a
121.495835	1e034a
121.501933	1e034a
121.514952	1e031d
121.525789	1e031d
121.531092	1e034a
121.541136	1e034a
121.554470	1e06ba
121.565830	1e0772
121.577096	1e031d
121.589926	1e034a
121.601355	1e0325
121.607320	1f24bb396896
121.621498	1f24bb39670f
121.631401	1f24bb39670f
121.644385	1f24bb399560
121.650226	1df957
121.661855	1e138f
121.672876	1e8d5f
121.678194	1df513
121.688029	1df51b
121.694727	1e3148
121.704982	1df513
121.718383	1e138f
121.726757	1df513
121.735491	1e20c8
121.747743	1df971
121.759774	1e138f
121.767028	1e138f
121.772712	1e3148
121.782408	1f24bb398e45
121.791367	1e076e
121.806629	1df995
121.820629	1df513
121.828085	1df513
121.839799	1e138f
121.845662	1e9965
121.859302	1e138f
121.867844	1e138f
121.873927	1dfa2e
121.886720	1df53d
121.899098	1df513
121.912170	1df513
121.917723	1df53d
121.924798	1e3148
121.937921	1df513
121.948345	1e137e
121.959060	1df513
121.966279	1df513
121.978196	1df513
121.989683	1e3237
121.996277	1e3148
122.004990	1e076e
122.017853	1e3148
122.027387	1df513
122.039364	1e3148
122.047578	1df9fa
122.056873	1e138f
122.066642	1e0f84
122.072893	1df53d
122.086994	1df513
122.100578	1e034a
122.111624	1e031d
122.124428	1e034a
122.132397	1e034a
122.138721	1e01d2
122.144438	1e031d
122.150846	1e06ba
122.164599	1e034a
122.177232	1e031d
122.184839	1e031d
122.192351	1e01f4
122.203600	1e034a
122.215831	1e031d
122.223118	1e034a
122.231484	1e034a
122.239868	1f24bb3976bb
122.254395	1e034a
122.259678	1e031d
122.272235	1e034a
122.280511	1e034a
122.289075	1e031d
122.299435	1e031d
122.310295	1e06ba
122.319238	1e031d
122.326847	1e0772
122.333573	1e034a
122.346154	1e034a
122.357150	1e05f0
122.364695	1e034a
122.374698	1e01f4
122.380789	1e031d
122.386981	1e031d
122.397768	1e034a
122.412224	1e031d
122.422945	1e034a
122.436773	1f24bb3968c2
122.444554	1f24bb396862
122.458488	1f24bb39670f
122.468485	1df513
122.478751	1e31bf
122.486924	1e8caa
122.499854	1e996d
122.507337	1e0f0c
122.519395	1e138f
122.529829	1e138f
122.541579	1df513
122.551714	1f24bb398994
122.565213	1e3148
122.572445	1df53d
122.581606	1df513
122.588715	1df513
122.596898	1df53d
122.606887	1df513
122.621749	1f24bb3993b0
122.631884	1e138f
122.645945	1f24bb399560
122.654613	1e3148
122.661857	1e138f
122.673604	1e138f
122.683742	1e12c9
122.694734	1e138f
122.700028	1e138f
122.712765	1e3148
122.720189	1df53d
122.735272	1f24bb399376
122.741257	20227f
122.749306	1e138f
122.759759	1e138f
122.772058	1e996d
122.780446	1df513
122.790615	1df513
122.799034	1e138f
122.806941	1f24bb3993b0
122.818431	1e138f
122.826147	1e0e36
122.835604	1e138f
122.848756	1e031d
122.860994	1e0772
122.869947	1e031d
122.879654	1e0784
122.892451	1e034a
122.906189	1e01f4
122.917752	1e031d
122.926548	1e076e
122.932078	1e034a
122.941584	1e034a
122.949686	1e0589
122.960207	1e034a
122.967196	1e076e
122.979826	1e01d2
122.989082	1e034a
122.998760	1e031d
123.004603	1e06ba
123.011947	1e031d
123.026567	1e034a
123.038558	1e0784
123.050364	1e034a
123.064594	1e031d
123.076251	1e034a
123.084211	1e031d
123.090681	1e031d
123.098891	1e031d
123.105563	1e06ba
123.113521	1e034a
123.121187	1e031d
123.133853	1e031d
123.140249	1e031d
123.151893	1e0601
123.165422	1e031d
123.173116	1f24bb39687f
123.184004	1f24bb396862
123.197271	1f24bb39670f
123.207363	1dfa2e
123.219725	1e138f
123.229817	1df4f6
123.238698	1e0fb4
123.248208	1e1183
123.260861	1e138f
123.268284	1e1249
123.273525	1df513
123.284280	1e3148
123.296060	1df513
123.305031	1df513
123.315511	1e3148
123.325686	1e0f5e
123.332304	1df995
123.339142	1df513
123.346461	1df513
123.359903	1df513
123.374450	1e999f
123.385681	1df53d
123.392004	1e3148
123.406849	1df513
123.415957	1df513
123.430442	1df513
123.441724	1e138f
123.453198	1dfa2e
123.466627	1e20c3
123.481299	1e3148
123.494867	1e999f
123.503828	1df513
123.518897	1df513
123.534013	1e034a
123.546640	1e034a
123.552770	1e034a
123.567792	1e031d
123.578918	1e031d
123.591413	1e034a
123.605389	1f24bb39a416
123.617218	1e05f0
123.631952	1e034a
123.642143	1e0772
123.653091	1e034a
123.664312	1e031d
123.676754	1e031d
123.689537	1e034a
123.696867	1e031d
123.710484	1e0601
123.717387	1e034a
123.727227	1e0813
123.741229	1e034a
123.753391	1e05f0
123.765656	1e06ba
123.779138	1e06ba
123.791682	1e067a
123.800828	1e034a
123.810294	1e20b7
123.816349	1f24bb39686f
123.825224	1f24bb396896
123.833087	1f24bb39670f
123.846757	1f24bb49589b
123.852185	1f24bb495947
123.860441	1e138f
123.873923	1dfa2e
123.887863	1e0f5e
123.898324	1e0f5e
123.903754	1f24bb39a089
123.912153	1e3148
123.920059	1df923
123.933362	1f24bb399560
123.943777	1e138f
123.955122	1e138f
123.967844	1e1283
123.973396	1e3148
123.979185	1df513
123.988050	1e1294
123.994832	1e0772
124.006966	1df7a4
124.020075	1e3148
124.035143	1df513
124.047241	1df76c
124.054270	1df513
124.067561	1df513
124.082625	1df513
124.096070	1f24bb399376
124.108503	1e3148
124.114933	1f24bb399560
124.122334	1ea1c3
124.128374	1df513
124.133556	1f24bb398dfa
124.146681	1f24bb39a060
124.159665	1e0772
124.168448	1e978c
124.177232	1e138f
124.190673	1e3148
124.197340	1ea2b5
124.210876	1df50e
124.218892	1e9f12
124.228798	1df513
124.237043	1e3148
124.247755	1df513
124.259669	1df513
124.273600	1e138f
124.285977	1f24bb39a066
124.298066	1e138f
124.304674	1df513
124.313633	1f24bb399560
124.319655	1e138f
124.329238	1df513
124.338690	1eb16b
124.346869	1e138f
124.358727	1e138f
124.368007	1df513
124.377423	1df513
124.385613	1e138f
124.397192	1df513
124.408796	1ea1c3
124.415033	1ea412
124.422464	1df513
124.437344	1df513
124.452302	1e3148
124.464584	1df513
124.472820	1e0f5e
124.484737	1df513
124.491994	1df513
124.503802	1f24bb39a167
124.511232	1e079c
124.523490	1e1a87
124.534121	1e970c
124.542740	1e3148
124.548898	1eb6a2
124.555941	1e138f
124.571029	1e138f
124.585793	1e034a
124.593031	1e034a
124.606135	1f24bb397743
124.619617	1e01f4
124.627550	1e034a
124.638357	1e034a
124.645843	1e031d
124.658587	1e034a
124.670857	1e031d
124.684831	1e031d
124.691526	1e034a
124.699308	1f24bb39768c
124.707263	1e031d
124.721015	1e031d
124.734387	1e034a
124.748391	1e031d
124.758323	1e034a
124.770094	1e031d
124.783787	1e031d
124.798361	1e031d
124.813007	1e01f4
124.828056	1e034a
124.839162	1e01f4
124.848213	1e031d
124.855207	1e034a
124.868528	1e031d
124.875303	1e01f4
124.886562	1f24bb39772f
124.894486	1f24bb3977bc
124.908161	1e034a
124.920829	1e0772
124.933870	1e01f4
124.939346	1e034a
124.950495	1e031d
124.961167	1e031d
124.970934	1e05f0
124.976139	1e031d
124.987708	1e05f0
124.998118	1e034a
125.006184	1e034a
125.016088	1e06ba
125.028994	1e0813
125.037270	1e031d
125.044845	1e01f4
125.051925	1e034a
125.057775	1e034a
125.065521	1e034a
125.072343	1e06ba
125.081971	1e01f4
125.094060	1e034a
125.100893	1e031d
125.113709	1e07cf
125.126667	1e02a3
125.134203	1e031d
125.145624	1e076e
125.157566	1e034a
125.164374	1e034a
125.178495	1e06ba
125.185238	1e031d
125.192337	1e031d
125.200007	1e031d
125.205431	1e034a
125.214722	1e034a
125.229862	1f24bb39a3c2
125.238623	1e034a
125.252288	1e034a
125.262943	1e034a
125.271967	1e034a
125.277541	1e031d
125.288234	1f24bb396806
125.301107	1f24bb396806
125.313802	1f24bb396896
125.322799	1f24bb396718
125.329226	1f24bb3966db
125.334615	1f24bb396806
125.341874	1f24bb396806
125.353119	1f24bb39670f
125.365965	1f24bb396899
125.378493	1f24bb495891
125.390356	1dfa2e
125.400398	1dfa2e
125.412348	1df513
125.422223	1dfa2e
125.431391	1e0784
125.441438	1e8caa
125.450069	1e3148
125.457517	1df995
125.466689	1e9747
125.473749	1e138f
125.484422	1e138f
125.497610	1df995
125.510060	1df995
125.515266	1df513
125.524913	1e13a0
125.534467	1dfa2e
125.540317	1df513
125.551190	1df513
125.565868	1e3148
125.574972	1df513
125.584586	1e138f
125.594120	1f24bb39a0a1
125.609283	1df995
125.616420	1df876
125.623740	1e138f
125.629791	1ea161
125.643631	1eb16f
125.655897	1df513
125.668715	1e138f
125.679693	1e076e
125.692682	1e138f
125.700454	1f24bb3989c9
125.715483	1e0e36
125.724527	1df53d
125.736409	1ed0e4
125.747534	1e138f
125.755995	1df513
125.761497	1df995
125.769893	1e138f
125.783174	1e138f
125.795228	1df513
125.806167	1df513
125.821128	1eae48
125.830668	1eb16b
125.840305	1e8d11
125.847680	1f24bb398f07
125.859019	1ed0d4
125.867285	1df513
125.874966	1e138f
125.886577	1e3148
125.897690	1df513
125.906946	1e138f
125.917509	1df513
125.927096	1e138f
125.934114	1f24bb39a09d
125.944602	1e138f
125.954709	1eb5e0
125.968868	1e3148
125.975709	1df513
125.986185	1df68f
126.000737	1f24bb495917
126.012299	1df513
126.021166	1ce66e
126.030385	1eaf3c
126.043586	1eae48
126.054494	1e0e36
126.067328	1e3148
126.077141	1e138f
126.087053	1e314b
126.098760	1eae81
126.106615	1e138f
126.112163	1df513
126.122869	1df56d
126.129234	1e0784
126.142199	1f24bb398e57
126.149697	1df513
126.160452	1e138f
126.172789	1df53d
126.181064	1eb154
126.187012	1df54b
126.193963	1e138f
126.203121	1e0772
126.217457	1df513
126.226945	1e136e
126.239308	1df513
126.244613	1df513
126.253871	1e3148
126.268158	1e1394
126.283210	1eae85
126.290265	1df513
126.297437	1f24bb398e12
126.306105	1ecc3b
126.316762	1e3148
126.324028	1df513
126.331906	1e0772
126.343361	1e138f
126.352450	1f24bb39a09d
126.358163	1df513
126.368335	1f24bb39a06f
126.379761	1e138f
126.386712	1e0784
126.393268	1df422
126.402538	1df513
126.411932	1f24bb39a178
126.420545	1e13a7
126.426019	1df513
126.431897	1e0e22
126.445700	1e138f
126.458528	1df957
126.469818	1df513
126.479629	1df513
126.489104	1df513
126.503485	1e0ef4
126.511635	1e138f
126.523475	1df54b
126.529102	1df513
126.541477	202290
126.555478	1df513
126.565478	1df513
126.571790	1f24bb398986
126.585719	1df9f0
126.591371	1df9c8
126.602504	1e3148
126.612854	1df513
126.623069	1eade7
126.633882	1e138f
126.647382	1df513
126.658819	1df513
126.664866	1df513
126.677332	1f24bb495884
126.687349	1e138f
126.696272	1df513
126.705982	1df513
126.711947	1df53d
126.724814	1e129e
126.739147	1e0e36
126.745140	1df513
126.753419	1df513
126.762921	1df513
126.777921	1df51b
126.786455	1df513
126.801104	1df923
126.807727	1df513
126.814193	1df513
126.827776	1e8e50
126.840655	1e138f
126.854395	1df513
126.862536	1df513
126.876305	1df513
126.881870	1df513
126.889028	1df9fa
126.897235	1df51b
126.910917	1f24bb39935c
126.918947	1e138f
126.929804	1df53d
126.941164	1e06ba
126.946964	1e034a
126.960503	1e031d
126.972498	1e034a
126.984136	1e0774
126.994704	1e0772
127.006015	1e034a
127.012582	1e02bb
127.018612	1e0813
127.031562	1e034a
127.040840	1e02bb
127.052393	1e034a
127.058969	1e034a
127.066939	1e031d
127.081740	1e034a
127.090910	1e031d
127.098952	1e034a
127.106810	1e01f4
127.112512	1e034a
127.120388	1e031d
127.132781	1e034a
127.138106	1e034a
127.152177	1e031d
127.161997	1e031d
127.168414	1e031d
127.181717	1e0784
127.194262	1e031d
127.205695	1e06ba
127.213363	1e034a
127.220266	1e034a
127.231877	1e0563
127.246723	1f24bb39a416
127.254475	1e02e7
127.268945	1e034a
127.277708	1e01f4
127.288286	1e031d
127.301576	1e0772
127.309122	1e031d
127.314985	1e034a
127.325926	1e031d
127.339923	1e034a
127.347791	1e034a
127.357507	1e031d
127.363763	1e034a
127.372331	1e01f4
127.380640	1e031d
127.388651	1e031d
127.398026	1e031d
127.408779	1e0784
127.418573	1e034a
127.426432	1e034a
127.435407	1e034a
127.445027	1e034a
127.459096	1e034a
127.468699	1e034a
127.474766	1e031d
127.483921	1e031d
127.496587	1e034a
127.503598	1e034a
127.512880	1e034a
127.523500	1e034a
127.535817	1e031d
127.549092	1e034a
127.563205	1e01f4
127.574816	1e034a
127.585688	1e0784
127.594729	1e031d
127.606609	1e0655
127.620487	1e031d
127.633136	1e0601
127.644865	1e031d
127.652384	1e031d
127.661600	1e034a
127.670001	1f24bb39a3c2
127.685105	1e031d
127.694714	1e034a
127.700856	1e031d
127.711872	1e0784
127.717325	1e031d
127.731347	1e0784
127.737948	1e031d
127.746798	1e034a
127.755287	1e031d
127.768492	1e034a
127.780606	1e031d
127.793581	1e034a
127.804704	1e031d
127.816481	1e0784
127.826454	1e031d
127.838121	1e07ed
127.844543	1e01f4
127.856818	1e034a
127.870005	1e031d
127.875802	1e076e
127.889631	1e034a
127.900119	1e034a
127.908072	1e031d
127.921139	1e031d
127.930675	1e0772
127.941078	1e076e
127.948982	1e031d
127.955012	1f24bb39772f
127.966017	1e031d
127.976520	1e033f
127.984651	1e031d
127.990141	1f24bb3977c1
127.997705	1e031d
128.004611	1e034a
128.015189	1e034a
128.026689	1e06ba
128.040589	1e034a
128.054612	1e01f4
128.062006	1e034a
128.071211	1e031d
128.080661	1e034a
128.092934	1e034a
128.101221	1e031d
128.110101	1e031d
128.119243	1e076e
128.125206	1e034a
128.131750	1e034a
128.146691	1e034a
128.154846	1e0628
128.166186	1e0321
128.171548	1e034a
128.177518	1e0772
128.188827	1e034a
128.196212	1e034a
128.203149	1e034a
128.216131	1e034a
128.223564	1e034a
128.230584	1e0813
128.237749	1e034a
128.243343	1e034a
128.255741	1e076e
128.266428	1e034a
128.273160	1e031d
128.282294	1e034a
128.297025	1e034a
128.306579	1e0813
128.314312	1e031d
128.319823	1e034a
128.327253	1e01f4
128.339729	1e022f
128.348321	1e031d
128.361675	1f24bb396896
128.375978	1f24bb39687f
128.384973	1f24bb396806
128.391415	1f24bb39687f
128.406331	1f24bb39670f
128.418078	1f24bb39681c
128.431352	1f24bb396862
128.442969	1f24bb396862
128.449768	1f24bb396896
128.458759	1f24bb39670f
128.469598	1f24bb39670f
128.483634	1f24bb396806
128.497000	1f24bb39670f
128.503165	1f24bb3968ea
128.513075	1f24bb3966d0
128.520875	1f24bb396718
128.527017	1f24bb396709
128.540008	1df76c
128.546355	1df876
128.557283	1df513
128.565106	1e138f
128.578703	1e0f5e
128.587508	1df513
128.596228	1df513
128.607715	1eb158
128.622119	1df9c2
128.631528	1e0f5e
128.637943	1df51b
128.649496	1e8c03
128.656062	1df912
128.668298	1e0772
128.677947	1e076e
128.683398	1df513
128.690430	1df995
128.701307	1e8de5
128.710258	1dfa2e
128.719120	1f24bb398eec
128.725329	1e138f
128.739122	1e138f
128.749901	1ea161
128.763674	1e0772
128.772946	1e138f
128.781693	1eae85
128.790958	1e138f
128.804852	1f24bb399560
128.819477	1e138f
128.827392	1f24bb398ddd
128.841182	1df513
128.850690	1df487
128.864286	1e138f
128.870594	1f24bb39a06a
128.881402	1e3148
128.892371	1e0784
128.899276	1e138f
128.908814	1e138f
128.922602	1e3148
128.930962	1df995
128.943734	1e138f
128.954414	1ed125
128.969083	1e8caa
128.980111	1df513
128.988385	1df513
128.996467	1e076e
129.007737	1eb154
129.015040	1e138f
129.025658	1e8ded
129.038882	1e137e
129.052276	1df513
129.065905	1df513
129.077282	1eb5e0
129.082675	1e976b
129.090678	1e138f
129.099049	1df513
129.108916	1e3148
129.117514	1df9a7
129.125727	1e138f
129.138504	1df513
129.146159	1df995
129.155754	1e138f
129.162203	1df995
129.172943	1df513
129.187513	1f24bb39a238
129.198824	1ea10f
129.204762	1dfa03
129.214134	1df8d3
129.221109	1eb154
129.226624	1df513
129.236017	1e8c03
129.250309	1df513
129.263161	1e138f
129.272115	1f24bb495891
129.277335	1df6b1
129.291674	1df513
129.301415	1e138f
129.316313	1df513
129.325435	1df513
129.335673	1dfa2e
129.346120	1eb642
129.353376	1df876
129.367405	1df513
129.376093	1e8f3a
129.384273	1df513
129.398252	1e138f
129.403585	1df513
129.409209	1e9854
129.416901	1df513
129.424846	1df513
129.430528	1e138f
129.437873	1e8d1b
129.448991	1df54b
129.458846	1f24bb495891
129.465071	1f24bb39a09d
129.476363	1e0fca
129.481891	1e0f5e
129.490064	1e0f5e
129.500613	1e138f
129.515372	1df876
129.526876	1f24bb398e71
129.536023	1dfeae
129.546087	1df7a4
129.552526	1df513
129.560141	1df513
129.573924	1e138f
129.585170	1df513
129.598915	1f24bb398e91
129.612208	1eae7d
129.626974	1e0ec0
129.637385	1df513
129.651464	1df513
129.661127	1e0f25
129.666776	1e138f
129.672568	1df513
129.685971	1df513
129.694732	1e12d7
129.701243	1e138f
129.711185	1f24bb399447
129.725334	1e138f
129.734140	1e138f
129.741512	1df513
129.751306	1df513
129.763483	1df4fa
129.775455	1e1286
129.790631	1f24bb398ea3
129.801862	1df513
129.811208	1e138f
129.818237	1df513
129.829217	1e138f
129.839085	1df9ec
129.854203	1df513
129.869209	1f24bb39a167
129.881676	1dfe9b
129.894751	1f24bb399622
129.909339	1df513
129.919099	1df513
129.925345	1e138f
129.935321	1e8e58
129.941652	1ed0e0
129.951229	1e20d5
129.961736	1df53d
129.972757	1e138f
129.978233	1df513
129.992082	1df53d
130.001590	1ce916
130.012985	1df513
130.021219	1df513
130.032562	1e0f5e
130.047154	1df51b
130.060773	1df513
130.073925	1df513
130.082682	1df513
130.090178	1f24bb399036
130.096823	1e138f
130.108994	1df4fa
130.116063	1eb5e0
130.130399	1e138f
130.139763	1f24bb399386
130.145985	1e138f
130.157326	1e138f
130.167543	1e48f3
130.182671	1e138f
130.191767	1df513
130.206731	1df513
130.215540	1df513
130.229792	1e138f
130.243506	1df54b
130.253231	1f24bb39a1c5
130.263725	1e0f5e
130.277437	1df7a4
130.289409	1df9c8
130.299890	1df513
130.305710	1df513
130.312601	1f24bb399376
130.323279	1eae85
130.331429	1e3148
130.344294	1df68b
130.351243	1eae07
130.362699	1df513
130.377344	1e0e36
130.387685	1e0f5e
130.400207	1df428
130.411791	1e13ae
130.425430	1df995
130.437643	1e3148
130.449413	1e138f
130.454571	1e0f8f
130.461979	1eae7d
130.473110	1df513
130.479194	1ecc53
130.489987	1f24bb399340
130.498948	1e138f
130.504667	1df513
130.517221	1df513
130.525403	1f24bb399397
130.534680	1df513
130.543216	1eb0e5
130.552738	1df4e3
130.558137	1e138f
130.567339	1dfe9b
130.579030	1df799
130.587290	1df513
130.595674	1ea2c7
130.605235	20229b
130.610519	1eae7d
130.624415	1e3148
130.636711	1df513
130.643015	1dfa22
130.656833	1df513
130.669931	1df513
130.679015	1df513
130.687826	1df513
130.701743	1df513
130.710073	1eb5e0
130.722223	1df513
130.730189	1e12d7
130.742503	1df876
130.750209	1e138f
130.760979	1df51b
130.768828	1e138f
130.776063	1e96ca
130.784877	1df513
130.796408	1df876
130.811039	1e138f
130.823994	1ed0f6
130.833211	1e1278
130.846944	1e8e93
130.853770	1e031d
130.861088	1e034a
130.875990	1f24bb3976c2
130.887311	1f24bb39a41b
130.901135	1e034a
130.908057	1e034a
130.920449	1e031d
130.928173	1e0292
130.942052	1e0563
130.952952	1e05f0
130.958892	1e0780
130.972250	1f24bb3976ff
130.980678	1e034a
130.987024	1e01f4
131.001199	1e05bf
131.006971	1e031d
131.014105	1e0563
131.025609	1e034a
131.037406	1e034a
131.052183	1e031d
131.059349	1e01f4
131.068180	1e034a
131.079147	1e031d
131.092022	1e034a
131.103642	1e031d
131.110917	1e034a
131.118949	1e034a
131.125657	1e034a
131.131708	1f24bb39768c
131.142818	1e06ba
131.157890	1e034a
131.167146	1e034a
131.182094	1e05f0
131.188334	1e026b
131.201794	1e031d
131.210058	1e034a
131.216971	1e031d
131.231696	1e076e
131.245589	1e034a
131.252883	1e034a
131.266408	1e034a
131.277430	1e0813
131.288474	1e034a
131.294911	1f1eaf
131.309010	1e034a
131.318688	1e031d
131.324706	1f24bb3977c8
131.330912	1e0813
131.343733	1e034a
131.354386	1e031d
131.368063	1f1eba
131.378458	1e034a
131.390256	1e034a
131.401385	1e034a
131.410401	1e034a
131.423235	1e031d
131.434486	1e0784
131.443590	1e034a
131.454338	1e031d
131.466704	1e031d
131.472300	1e034a
131.479955	1e034a
131.493401	1e034a
131.506843	1e076e
131.518904	1e034a
131.529491	1e034a
131.536089	1e034a
131.547577	1e034a
131.553475	1e0772
131.560369	1e031d
131.570615	1e034a
131.582461	1e034a
131.590577	1e034a
131.603619	1e034a
131.609470	1e05f0
131.615320	1e031d
131.626745	1e031d
131.640261	1e034a
131.653766	1e031d
131.661817	1e034a
131.676895	1e01d2
131.690434	1e031d
131.702058	1e034a
131.715785	1e01f4
131.723857	1e031d
131.731724	1e05f0
131.738830	1f24bb39772f
131.746933	1e034a
131.757357	1e034a
131.764742	1e0336
131.778712	1e034a
131.791271	1f24bb39a41b
131.796438	1e01f4
131.806046	1e031d
131.813408	1f24bb39766d
131.819362	1e034a
131.830748	1e034a
131.836022	1e034a
131.843006	1e0234
131.848313	1e034a
131.862009	1e01ad
131.874500	1e05f0
131.880226	1e01ad
131.887467	1f24bb39777f
131.896065	1e031d
131.905623	1e0563
131.914979	1f24bb397683
131.925032	1e034a
131.934272	1e01f4
131.942723	1e034a
131.948253	1e034a
131.960559	1e031d
131.969045	1e034a
131.982941	1e034a
131.991605	1e031d
132.001072	1e033f
132.014063	1e031d
132.026899	1f24bb397660
132.040642	1e034a
132.050070	1e06f9
132.058349	1e01f4
132.073053	1e034a
132.082357	1e031d
132.092517	1e031d
132.100948	1e034a
132.109433	1e031d
132.119166	1e031d
132.124514	1e034a
132.135460	1e034a
132.142807	1e034a
132.156368	1e034a
132.162712	1e031d
132.177190	1e034a
132.191883	1e034a
132.200182	1e033f
132.214072	1e0784
132.221297	1e034a
132.230005	1e0784
132.239285	1e076e
132.248012	1e034a
132.254682	1e034a
132.263617	1e076b
132.275494	1e031d
132.282537	1e031d
132.292226	1e0772
132.307064	1e031d
132.320804	1e034a
132.332632	1e034a
132.344145	1e034a
132.352135	1e01f4
132.366540	1e0343
132.376811	1e034a
132.383192	1e01d2
132.394277	1e034a
132.409316	1e06ba
132.421417	1e031d
132.431458	1e034a
132.437117	1e0239
132.445273	1e01f4
132.455603	1e034a
132.463871	1e034a
132.477140	1e034a
132.482368	1e031d
132.490473	1e0784
132.503022	1e031d
132.511880	1e034a
132.520081	1e06ba
132.534521	1e05f0
132.540160	1e0589
132.552593	1e0601
132.559084	1e034a
132.571925	1e06ba
132.586427	1e031d
132.597401	1e06ba
132.607579	1e031d
132.621595	1e06ba
132.636794	1e0774
132.650244	1e031d
132.660167	1e034a
132.665868	1e021c
132.674720	1e031d
132.685064	1e031d
132.693910	1e0784
132.708716	1e034a
132.719625	1e034a
132.725268	1e031d
132.736749	1e076e
132.745784	1e034a
132.760611	1e05f0
132.769099	1e0813
132.774421	1e034a
132.783872	1e034a
132.795321	1e031d
132.804725	1e034a
132.810971	1e0784
132.822738	1e034a
132.836520	1e031d
132.849571	1e031d
132.856815	1e0784
132.866391	1e034a
132.883270	1e031d
132.897482	1e034a
132.908629	1e031d
132.921823	1e06ba
132.932702	1e031d
132.943785	1e034a
132.952647	1e031d
132.967473	1e01f4
132.979374	1e06ba
132.992348	1e0784
133.006088	1e031d
133.019049	1e031d
133.032100	1e031d
133.039658	1f24bb396806
133.044863	1f24bb396806
133.053106	1f24bb39687f
133.063814	1f24bb396806
133.071328	1f24bb396896
133.079927	1f24bb396806
133.090515	1f24bb396806
133.097221	1f24bb396806
133.105825	1f24bb39686a
133.118811	1f24bb39670f
133.124633	1f24bb396709
133.132260	1f24bb39670f
133.142208	1f24bb396862
133.151455	1f24bb396806
133.165260	1f24bb396806
133.175773	1f24bb396896
133.182247	1f24bb39675f
133.196760	1f24bb396883
133.203528	1f24bb3968d1
133.213320	1f24bb39670f
133.227066	1f24bb3968cc
133.235904	1f24bb396855
133.246691	1f24bb396806
133.254597	1f24bb39670f
133.263884	1f24bb396806
133.275146	1f24bb39670f
133.283841	1f24bb39670f
133.297201	1f24bb39670f
133.309519	1e138f
133.319559	1e12b9
133.330503	1eb001
133.337040	1e138f
133.348341	1df995
133.361183	1e138f
133.374670	1e0f5e
133.381204	1ecc4c
133.389841	1df4ed
133.398587	1df513
133.404523	1e12b9
133.410436	1df995
133.423362	1e8d8a
133.431901	1df7a4
133.442827	1df995
133.457903	1e138f
133.469246	1f24bb399366
133.482193	1e8b85
133.490969	1df53d
133.497249	1df425
133.510060	1df513
133.521455	1df513
133.530774	1df513
133.544573	1e138f
133.559070	1e076e
133.573701	1df513
133.584564	1ed125
133.596067	1df513
133.608745	1e138f
133.619449	1df513
133.633797	1eadfc
133.647011	1e138f
133.654007	1e3148
133.661476	1e0f10
133.674282	1df513
133.688159	1df513
133.699420	2021bd
133.711562	1df513
133.719322	1df513
133.730590	1e138f
133.744891	1df513
133.758053	1eb158
133.770407	1e138f
133.778218	1e8c03
133.786601	1e0e36
133.798944	1eae7d
133.805359	1df513
133.818209	1df513
133.824589	1e138f
133.832726	1e8e8b
133.839486	1f24bb4958a1
133.852038	1df513
133.866293	1e138f
133.879331	1e138f
133.888790	1df513
133.897550	1f24bb399560
133.907471	1e3148
133.917607	1df513
133.930098	1e138f
133.943070	1df513
133.956540	1f24bb3993a1
133.966384	1e138f
133.979195	1df56d
133.992447	1df513
133.998269	1e3148
134.004511	1df513
134.015852	1df513
134.030432	1f24bb3989d1
134.036354	1df513
134.047093	1e3148
134.059257	1df513
134.066560	1e8e8b
134.078124	1df513
134.083506	1e138f
134.093713	1df513
134.101567	1df513
134.113287	1f24bb39a06f
134.119075	1df513
134.130374	1e0f80
134.145264	1eaead
134.159872	1df513
134.174170	1f24bb39a066
134.188081	1e138f
134.200653	1f24bb39904a
134.205888	1e8de5
134.216774	1f24bb39936e
134.222460	1df513
134.230346	1df513
134.242458	1e0e36
134.248130	1df464
134.253678	1f24bb398e7d
134.264912	1df53d
134.278219	1e0784
134.288338	1f24bb398eb4
134.293576	1df9b4
134.302786	1e9716
134.310388	1e138f
134.320877	1df513
134.333137	1df513
134.339571	1df422
134.353317	1df513
134.361937	1e0772
134.373711	1e138f
134.385503	1e138f
134.400334	1e3148
134.407304	1f24bb399394
134.413480	1df513
134.427127	1e0e36
134.435901	1dfe53
134.443092	1df513
134.453000	1df513
134.467946	1df513
134.476776	1e138f
134.489484	1e1394
134.495773	1e8c0b
134.503432	1eb5e0
134.513655	1df513
134.524470	1e138f
134.534149	1eae85
134.545710	1e138f
134.552514	1e138f
134.563877	1f24bb398d30
134.575071	1f24bb39935c
134.590130	1e3148
134.602981	1e48a7
134.613300	1e48bc
134.624193	1df513
134.637689	1f24bb398e57
134.652657	1eb68e
134.659509	1df513
134.667730	1e076e
134.674748	1e3148
134.680064	1e0784
134.693370	1df513
134.701331	1ea159
134.715877	1df513
134.722614	1eaead
134.734569	1e138f
134.748993	1df513
134.763697	1e138f
134.775454	1df876
134.785556	1e138f
134.797447	1df513
134.802828	1df513
134.809574	1e138f
134.815683	1df513
134.823564	1f24bb39a067
134.836605	1e138f
134.847152	1e138f
134.857035	1df971
134.868960	1df513
134.880770	1df513
134.891282	1e136e
134.902673	1e8c87
134.914525	1e48e9
134.927298	1e138f
134.936130	1e0f5e
134.941666	1df513
134.955019	1df53d
134.961753	1e076e
134.967822	1df957
134.974078	1e0e69
134.988349	1e0784
134.997560	1df513
135.008879	1df513
135.021470	1eaddd
135.031237	1df517
135.038025	1df957
135.052580	1e8fd6
135.063993	1e0e36
135.076104	1e138f
135.082687	1df513
135.092232	1e9072
135.100615	1df54b
135.109366	1e0f5e
135.120451	1e8e50
135.126547	1e3142
135.133587	1f24bb398e91
135.146515	1e0784
135.159431	1e8b6c
135.173513	1e0e22
135.187470	1df995
135.193088	1e3148
135.205752	1eae85
135.218326	1df513
135.233401	1e0f18
135.241664	1e138f
135.251995	1df513
135.263393	1e138f
135.269786	1e138f
135.278763	1e0e31
135.286209	1e9074
135.292690	1e138f
135.302640	1df513
135.312361	1df513
135.318396	1df513
135.332155	1f24bb398ed2
135.343313	1ce4d9
135.356471	1e486a
135.363179	1e138f
135.368626	1f24bb3989d1
135.381476	1df53d
135.387955	1e138f
135.395696	1df513
135.408966	1eade7
135.415595	1f24bb39a1c5
135.423898	1e138f
135.436584	1e0e51
135.442348	1e0e36
135.456309	1e138f
135.464542	1e138f
135.477251	1e8d8a
135.492068	1df513
135.505171	1df876
135.518411	1df54b
135.530574	1f24bb398e57
135.539269	1e0784
135.549119	1df513
135.555434	1ed0e0
135.569673	1df513
135.582262	1e312e
135.593357	1df513
135.604683	1df513
135.614891	1e138f
135.626083	1f24bb398e71
135.639972	1eb0d0
135.652008	1e138f
135.658865	1df513
135.665439	1df513
135.675661	1e0f25
135.681355	1f24bb39a1c0
135.689499	1f24bb398e91
135.696708	1df876
135.707752	1e8d8a
135.722832	1f24bb398970
135.732501	1df513
135.745196	1df513
135.752597	1df513
135.761050	1e138f
135.771007	1df513
135.785589	1e138f
135.793352	1df51b
135.807351	1df53d
135.819437	1e138f
135.825946	1e076e
135.835180	1eb154
135.843718	1df513
135.851164	1eae7d
135.865774	1f24bb39a0b7
135.876293	1df53d
135.886783	1df513
135.899698	1e138f
135.907630	1df513
135.919199	1df513
135.928958	1df957
135.939580	1df513
135.948589	1e138f
135.954166	1e138f
135.960458	1df513
135.968785	1df513
135.976811	1df513
135.984281	1f24bb398ea3
135.995638	1e138f
136.006586	1e138f
136.020796	1df513
136.034532	1e138f
136.047579	1e48e9
136.053414	1df513
136.064334	1eb680
136.077926	1eb5e0
136.088811	1e138f
136.099885	1df53d
136.109536	1e138f
136.121865	1e138f
136.133988	1e138f
136.146459	1e0780
136.159329	1f24bb398e45
136.165152	1df53d
136.175560	1df513
136.185861	1df513
136.193799	1df513
136.208331	1e138f
136.219414	1df76c
136.232430	1f24bb398ddd
136.246301	1eae65
136.256782	1e0780
136.271400	1e1188
136.283034	1e138f
136.297317	1e138f
136.305001	1e138f
136.318853	1df7a4
136.324876	1e138f
136.336794	1df513
136.346410	1df513
136.356605	1e138f
136.362808	1df513
136.372134	1e138f
136.378832	1df7a4
136.388876	1df513
136.398595	1eae7d
136.412271	1e20d5
136.426542	1e0fbe
136.438020	1e138f
136.451169	1e138f
136.461386	1e3148
136.468902	1ecbac
136.474115	1f24bb398ea3
136.487808	1df513
136.494444	1eb5e0
136.500627	1ea166
136.506765	1df513
136.519689	1f24bb39a089
136.528324	1df513
136.541272	1e138f
136.554329	1e138f
136.566735	1e034a
136.579718	1e0563
136.590906	1e031d
136.605042	1e031d
136.617744	1e034a
136.631693	1e031d
136.645259	1e031d
136.655784	1e0813
136.663263	1e034a
136.678486	1e031d
136.687148	1e034a
136.695337	1e034a
136.709426	1e027d
136.724630	1e031d
136.734858	1e031d
136.748126	1e031d
136.755246	1e034a
136.762034	1e0563
136.776665	1e034a
136.788229	1e034a
136.798165	1e034a
136.811627	1e031d
136.819797	1e034a
136.833010	1e034a
136.847604	1e034a
136.857097	1e034a
136.868106	1e031d
136.878447	1e031d
136.885886	1e0772
136.893977	1e034a
136.904004	1e0780
136.914506	1e031d
136.927569	1e0813
136.936364	1e031d
136.951558	1e06ba
136.963441	1e034a
136.977137	1e034a
136.985717	1e031d
136.999101	1f24bb39a3ad
137.011394	1e031d
137.017406	1e06f0
137.027118	1e02f1
137.034146	1e034a
137.041258	1e031d
137.049884	1f24bb397754
137.062203	1e034a
137.069641	1e034a
137.084635	1e031d
137.092152	1e0343
137.104689	1e031d
137.113292	1e034a
137.124283	1e034a
137.136085	1e0601
137.143749	1e034a
137.149578	1e0358
137.159531	1e031d
137.170786	1e031d
137.184773	1e034a
137.193008	1e031d
137.203284	1e031d
137.209793	1e034a
137.222582	1e031d
137.229943	1e01f4
137.236383	1e031d
137.244547	1e031d
137.257979	1e034a
137.272479	1e034a
137.284135	1e034a
137.293663	1e034a
137.304060	1f24bb39a413
137.317498	1e034a
137.331652	1e031d
137.339338	1e031d
137.354442	1e034a
137.367451	1e034a
137.373158	1e01f4
137.378487	1e0772
137.389952	1e034a
137.401265	1e031d
137.409302	1e031d
137.422807	1e031d
137.434160	1e034a
137.444665	1e031d
137.452936	1e031d
137.463110	1e034a
137.476915	1e034a
137.484933	1e034a
137.492771	1e034a
137.502560	1e031d
137.512517	1e01d2
137.517858	1e034a
137.525065	1e0614
137.530848	1e01bc
137.539089	1e034a
137.554166	1e034a
137.561596	1e034a
137.571833	1e01f4
137.579669	1e034a
137.585544	1e031d
137.597673	1e031d
137.607470	1e034a
137.615602	1e0325
137.622379	1e034a
137.629955	1e034a
137.641307	1e034a
137.650047	1e0239
137.661018	1e0601
137.669513	1e01f4
137.678381	1e031d
137.687912	1e031d
137.699488	1e01f4
137.713030	1e031d
137.722561	1e031d
137.736765	1e0772
137.751900	1e034a
137.761310	1e034a
137.774053	1e034a
137.789130	1e034a
137.798796	1e031d
137.804610	1e0813
137.812389	1e05bf
137.819817	1e0784
137.831252	1e034a
137.839687	1e031d
137.847242	1e034a
137.858442	1e0325
137.866733	1e034a
137.874308	1e031d
137.884986	1e034a
137.899148	1e031d
137.909916	1e031d
137.917769	1e034a
137.924459	1e034a
137.936612	1e034a
137.947544	1e034a
137.958479	1e031d
137.967558	1e034a
137.981598	1e0784
137.993160	1e034a
138.002167	1e031d
138.012527	1e031d
138.022704	1e034a
138.036859	1e034a
138.042877	1e031d
138.053301	1e031d
138.062645	1e0777
138.074335	1e034a
138.085189	1e034a
138.096839	1e034a
138.108973	1e034a
138.120110	1e031d
138.131898	1e031d
138.138808	1e0614
138.152509	1e031d
138.163375	1e034a
138.168665	1e06ba
138.183724	1e034a
138.196126	1e034a
138.206989	1e031d
138.219893	1e031d
138.232024	1e034a
138.246246	1e031d
138.255247	1e031d
138.265030	1e034a
138.274514	1e031d
138.280212	1e034a
138.293734	1e031d
138.305494	1e034a
138.311695	1e031d
138.320286	1e034a
138.332867	1e034a
138.340811	1f24bb3976ff
138.351100	1e034a
138.366232	1e034a
138.377007	1e031d
138.386974	1e01d2
138.394756	1e01bc
138.408607	1e031d
138.422729	1e0601
138.432083	1e031d
138.446428	1e0234
138.455437	1e0780
138.470392	1e0813
138.483925	1f24bb39a3b7
138.496184	1e031d
138.505734	1e01e5
138.510994	1e034a
138.526067	1e0784
138.531386	1e076e
138.540863	1e031d
138.546814	1e031d
138.556820	1e034a
138.565852	1e031d
138.572672	1e034a
138.579538	1e034a
138.585062	1e031d
138.599305	1e034a
138.610252	1e031d
138.616911	1e034a
138.623027	1f24bb3976e6
138.635675	1e034a
138.647366	1e0601
138.658949	1e034a
138.672407	1e01f4
138.681891	1e05f0
138.693940	1e0670
138.700912	1e034a
138.711575	1e0784
138.721113	1e034a
138.727222	1e031d
138.734184	1e034a
138.740028	1e034a
138.752737	1e034a
138.765170	1e01f4
138.774782	1e034a
138.785772	1e034a
138.792808	1e05f0
138.801700	1e034a
138.813422	1e034a
138.825081	1e076e
138.834172	1e031d
138.842332	1e034a
138.854581	1e0325
138.865696	1e034a
138.879794	1e01f4
138.888186	1e034a
138.901901	1e031d
138.916507	1e06ba
138.925997	1e031d
138.938247	1e034a
138.949032	1e076e
138.957195	1e034a
138.966910	1e034a
138.980560	1e034a
138.988579	1e034a
139.002596	1e034a
139.008410	1e034a
139.018615	1e034a
139.027583	1e01d2
139.038015	1e076e
139.047065	1e01e5
139.053790	1e034a
139.065338	1e034a
139.077358	1e034a
139.082667	1e06ba
139.089203	1e034a
139.100539	1e06ba
139.113834	1e06ba
139.127849	1e034a
139.134525	1e034a
139.143229	1e034a
139.150162	1e0210
139.155326	1e031d
139.162165	1e0784
139.176202	1e034a
139.189156	1e034a
139.201600	1f24bb397692
139.207245	1e031d
139.213741	1e031d
139.219496	1e034a
139.230546	1e06ba
139.235967	1e01d2
139.248781	1e034a
139.257183	1e06ba
139.267860	1e034a
139.281694	1e031d
139.294216	1e034a
139.306594	1e01f4
139.313176	1e06ba
139.325642	1e034a
139.334128	1e031d
139.340666	1e031d
139.350034	1e0784
139.357898	1e034a
139.364695	1e034a
139.374011	1e06ba
139.386107	1e034a
139.401138	1e031d
139.414646	1e031d
139.425988	1e031d
139.435701	1e034a
139.449277	1e031d
139.457987	1e0303
139.469253	1e034a
139.480008	1e0784
139.485611	1f24bb397754
139.500484	1e031d
139.507990	1e034a
139.522668	1e034a
139.528016	1e031d
139.539081	1e034a
139.548530	1e01e5
139.558165	1e031d
139.566477	1e034a
139.574354	1e034a
139.586935	1e034a
139.595301	1e0784
139.603994	1e02bb
139.617315	1e034a
139.630644	1e034a
139.645803	1e034a
139.654880	1e031d
139.665706	1e031d
139.677408	1f24bb396806
139.684504	1f24bb396806
139.692754	1f24bb396806
139.701910	1f24bb396896
139.711436	1f24bb396810
139.719662	1f24bb396806
139.734634	1f24bb396806
139.746501	1f24bb396806
139.760492	1f24bb396806
139.771649	1f24bb396896
139.784002	1f24bb396806
139.796635	1f24bb39670f
139.803147	1f24bb396862
139.811575	1f24bb396862
139.823784	1f24bb39670f
139.834524	1f24bb39670f
139.844902	1f24bb3968e5
139.850409	1f24bb396709
139.855584	1f24bb396896
139.869783	1f24bb3966ee
139.880072	1f24bb39670f
139.890157	1f24bb396862
139.902685	1f24bb3968d1
139.916376	1f24bb39670f
139.922963	1f24bb39670f
139.930699	1f24bb396709
139.937328	1f24bb396806
139.947197	1f24bb39670f
139.961472	1f24bb39670f
139.967747	1f24bb39670f
139.977489	1f24bb39670f
139.992206	1f24bb396806
140.000198	1f24bb39670f
140.014370	1f24bb3966ee
140.025065	1f24bb396806
140.032279	1f24bb39670f
140.038501	1f24bb396806
140.051677	1f24bb396709
140.062466	1f24bb39670f
140.076876	1e0e36
140.085644	1df513
140.092035	1df513
140.106202	1e138f
140.111704	1df513
140.121133	1eb636
140.127080	1e3148
140.139296	1e138f
140.148791	1e0772
140.163256	1e8de5
140.175020	1df513
140.184701	1df513
140.192929	1df513
140.202214	1df513
140.211274	1df513
140.223516	1dfa2e
140.236599	1df513
140.249214	1e3148
140.259309	1e138f
140.271114	1df513
140.280071	1e8b65
140.293230	1df513
140.307109	1e3148
140.316530	1f24bb399754
140.327374	1e138f
140.335427	1df513
140.340682	1e8caa
140.354872	1df513
140.369783	1e138f
140.383788	1df513
140.392095	1df513
140.406701	1e138f
140.417863	1dfe63
140.425979	1df513
140.438954	1e96ca
140.446353	1e138f
140.454013	1e138f
140.460038	1e0784
140.470945	1df513
140.483308	1e3148
140.494393	1df995
140.503656	1df513
140.515691	1df995
140.529422	1e138f
140.534883	1e138f
140.541659	1e8cc0
140.548890	1e3138
140.554694	1f24bb39904a
140.569802	1e138f
140.582178	1df513
140.597068	1e138f
140.604308	1df513
140.619523	1df513
140.633783	1eb65b
140.643606	1e3148
140.657958	1e138f
140.663502	1f24bb39a167
140.670985	1f24bb399560
140.680878	1df8b6
140.687626	1e138f
140.699218	1df957
140.713651	1ed125
140.720339	1dfa2e
140.725534	1e138f
140.731394	1df513
140.746019	1eaedd
140.755522	1df54b
140.764154	1df513
140.776494	1df513
140.788545	1eaeba
140.794857	1df513
140.803131	1df54b
140.812231	1e1394
140.824493	1df995
140.838848	1e0f5e
140.852874	1e138f
140.863284	1e138f
140.871186	1e8e50
140.879989	1e138f
140.885472	1e076e
140.897915	1df995
140.912060	1e138f
140.925525	1df513
140.937535	1e3148
140.946691	1eb5e0
140.961644	1e138f
140.971297	1e0fc2
140.977401	1f24bb39a0a1
140.992276	1e138f
140.998185	1e8d79
141.004378	1e3148
141.017708	1e4888
141.023020	1e8de5
141.031872	1e138f
141.041711	1df513
141.052292	1eae7d
141.067430	1df513
141.079168	1eb154
141.093001	1f24bb399355
141.106260	1e8be3
141.112774	1df4b0
141.123277	1e3148
141.133025	1e8e96
141.143468	1e3134
141.155494	1e138f
141.162728	1df464
141.170002	1e138f
141.183047	1e0f5e
141.196692	1e138f
141.207172	1e138f
141.221979	1eb680
141.230388	1e0e36
141.238119	1df513
141.249344	1df54b
141.257267	1df513
141.270395	1df513
141.278864	1df8ce
141.285692	1df513
141.297832	1dfa22
141.310716	1e138f
141.316270	1e138f
141.324094	1df513
141.335857	1e076e
141.350908	1df53d
141.359599	1e3148
141.369524	1df513
141.377168	1e138f
141.384951	1df513
141.397426	1df513
141.408969	1e138f
141.414335	1f24bb398eb4
141.426830	1df51b
141.438876	1e138f
141.445086	1eaec9
141.459887	1e138f
141.469490	1e3148
141.478598	1e8bf7
141.490896	1eae85
141.502946	1df513
141.511761	1df513
141.518873	1e138f
141.531594	1ecc4c
141.537345	1e138f
141.545086	1df513
141.553597	1df513
141.562882	1e8fd6
141.577445	1df513
141.583387	1eaeba
141.593319	1eaeba
141.604865	1e138f
141.615773	1e0f5e
141.622679	1e138f
141.637742	1e138f
141.648996	1eb158
141.654400	1df513
141.668307	1e3148
141.678738	1e1294
141.684260	1df513
141.691538	1e48fa
141.698522	1e138f
141.709277	1df513
141.718626	1e138f
141.730477	1e138f
141.736983	1df513
141.751359	1eb5e3
141.765507	1e138f
141.773741	1df513
141.788553	1e138f
141.798189	1e8e7e
141.813324	1f24bb3993b0
141.818588	1df513
141.826421	2021e1
141.841507	1e138f
141.853547	1df513
141.863905	1df513
141.869654	1df513
141.877338	1df513
141.884860	1e0fbe
141.892322	1e4877
141.903370	1f24bb39a0a1
141.910117	1df513
141.923340	1df513
141.931298	1e0772
141.941600	1e8de5
141.947195	1df995
141.961723	1df513
141.970332	1e138f
141.984466	1f24bb398eec
141.997104	1df513
142.002668	1e138f
142.014600	1e138f
142.023842	1e0772
142.030108	1e138f
142.044113	1e138f
142.059120	1e0772
142.070249	1df53d
142.079188	1df53d
142.087400	1e138f
142.099970	1eaf04
142.112822	1e3148
142.123627	1f24bb39a06f
142.136199	1e138f
142.150847	1eb142
142.158571	1df513
142.173363	1df513
142.186386	1e138f
142.199297	1e138f
142.213185	1df912
142.227604	1e0772
142.233833	1e0f5e
142.243354	1f24bb49591d
142.252764	1eaed3
142.259004	1df513
142.266017	1df513
142.278518	1e138f
142.288882	1e0e36
142.296953	1e138f
142.310393	1e138f
142.331716	2021b9
142.341984	1df513
142.355874	1e138f
142.368430	1df513
142.377557	1df513
142.388228	1e138f
142.398289	1df513
142.407646	1df513
142.418689	1e0f5e
142.427044	1e138f
142.436911	1df513
142.443199	1e8cc0
142.456593	1df513
142.465639	1df53d
142.472432	1e138f
142.483809	1df513
142.489756	1df513
142.496318	1df513
142.511221	1df7a4
142.525122	1eb154
142.537922	1f24bb495891
142.545608	1ea30d
142.558207	1df957
142.563559	1e138f
142.577555	1df513
142.589250	1df513
142.596745	1ea41c
142.607010	1e138f
142.622140	1f24bb398e12
142.636725	1df53d
142.646088	1f24bb398ea3
142.656013	1f24bb39a167
142.665778	1df876
142.680145	1e138f
142.691962	1eaeba
142.701239	1df513
142.706982	1e0784
142.715240	1e138f
142.724649	1f24bb398dfa
142.736046	1df513
142.744710	1f24bb399386
142.755288	1df876
142.768954	1e8fc0
142.781804	1e13a0
142.796864	1eaead
142.811533	1df513
142.823318	1df513
142.830513	1e079c
142.842712	1e138f
142.850992	1e137e
142.859015	1eae7d
142.868721	1f24bb399366
142.882343	1df513
142.893174	1df513
142.898539	1f24bb398e12
142.913154	1e138f
142.920221	1f24bb398dcb
142.931443	1df995
142.940021	1df513
142.955173	1e138f
142.960844	1e138f
142.970823	1eae3d
142.981012	1e138f
142.990617	1e138f
143.000502	1eaead
143.013610	1e138f
143.020593	1df513
143.031308	1e138f
143.045825	1df513
143.054726	1e132d
143.061305	1e486a
143.067939	1e138f
143.076703	1e0e1a
143.090779	1e138f
143.100111	1df54b
143.115166	1df513
143.129572	1e9018
143.144108	1df513
143.156488	1e3148
143.162145	1e138f
143.175023	1e138f
143.183595	1e0e36
143.194715	1df513
143.200231	1ecc37
143.211789	1e138f
143.226862	1e0f5e
143.237900	1e138f
143.244274	1e138f
143.251731	1eae81
143.257338	1e138f
143.263644	1eae7d
143.270556	1e0772
143.282753	1df513
143.297337	1e138f
143.303003	1df876
143.314069	1df513
143.326378	1df54b
143.332262	1e138f
143.341379	1e138f
143.348850	1e138f
143.363569	1df513
143.373160	1eb65b
143.384223	1f24bb39904a
143.397974	1f24bb39a060
143.403708	1df513
143.417002	1e138f
143.431966	1e3138
143.443899	1e0f5e
143.452483	1df513
143.461043	1df513
143.472027	1df513
143.484973	1df4dc
143.491062	1df513
143.500029	1df513
143.508528	1e138f
143.518164	1df51b
143.530913	1e138f
143.543806	1df513
143.549437	1e0ec0
143.557242	1df513
143.566094	1df513
143.573393	1e138f
143.587157	1e138f
143.592879	1df513
143.602102	1df513
143.616670	1e138f
143.627523	1df513
143.641912	1df513
143.650778	1e138f
143.664455	1df513
143.675251	1e131c
143.683461	1e138f
143.693007	1e0fbe
143.707421	1df6c7
143.718846	1ed0ee
143.725067	1df957
143.733302	1e8b66
143.746991	1df513
143.753621	1df513
143.763602	1df513
143.778714	1eb5e0
143.786330	1df513
143.799952	1e0f33
143.814061	1eae7d
143.822029	1df513
143.832213	1e48ab
143.839652	1f24bb399382
143.853609	1e138f
143.868673	1e138f
143.883514	1df876
143.891971	1df513
143.902101	1eaead
143.911983	1df54b
143.924629	1df513
143.931366	1f24bb4958ab
143.943563	1e0f5e
143.956632	1f24bb399042
143.964713	1df54b
143.970830	1eae7d
143.982627	1df513
143.995996	1e138f
144.003733	1ecc48
144.013709	1df513
144.019414	1e138f
144.029319	1df513
144.039086	1e138f
144.050239	1df513
144.062847	1df957
144.072062	1e138f
144.077471	1eb5e0
144.084286	1e076e
144.095545	1e138f
144.101309	1eae7d
144.113226	1e12c9
144.124973	1e138f
144.134240	1e48f3
144.147997	1e0e36
144.162280	20229b
144.171787	1e9858
144.184884	1df513
144.196743	1e138f
144.204611	1e138f
144.213822	1e138f
144.223434	1df513
144.229748	1e0f5e
144.237465	1df53d
144.243158	1df53d
144.255897	1df513
144.262004	1df54b
144.273422	1eae7d
144.282927	1e138f
144.291651	1df513
144.297565	1f24bb398db3
144.308687	1e8e79
144.320531	1df513
144.332084	1df513
144.344064	1e138f
144.354427	1e1249
144.361503	1eae65
144.376495	1e138f
144.383652	1eb04c
144.390603	1df4b7
144.403708	1eb154
144.418439	1df53d
144.431968	1df513
144.441706	1df56d
144.453639	1e138f
144.464835	1df513
144.472509	1e9f35
144.483578	1e138f
144.489921	1e138f
144.500760	1e8c40
144.512269	1e138f
144.526493	1df54b
144.533652	1e138f
144.539202	1e138f
144.552561	1e138f
144.562148	1df876
144.568040	1e138f
144.578045	1df513
144.589705	1e0e36
144.595165	1ea452
144.601654	1e0f82
144.615370	1e8de5
144.621798	1df513
144.632022	1df54b
144.640350	1df513
144.653962	1e034a
144.668166	1e0784
144.675371	1e031d
144.684207	1e034a
144.697649	1f24bb39a416
144.710407	1e0784
144.721691	1e0343
144.736180	1e034a
144.750925	1e034a
144.759202	1e034a
144.771969	1e0784
144.785468	1e0772
144.798676	1e031d
144.807445	1e031d
144.822506	1e034a
144.827928	1e069b
144.833435	1e031d
144.845972	1e031d
144.856247	1e034a
144.867877	1e031d
144.880558	1e031d
144.886926	1e031d
144.895564	1e0601
144.908628	1e034a
144.917019	1e034a
144.928367	1e02f1
144.936257	1e031d
144.951448	1f24bb39a416
144.966223	1e031d
144.979778	1e034a
144.991580	1e034a
145.002860	1f24bb39a3ae
145.014884	1e0589
145.025336	1e034a
145.035213	1e034a
145.047867	1e034a
145.054707	1e034a
145.065553	1e0772
145.071813	1f24bb397721
145.082051	1e034a
145.093702	1e034a
145.104209	1e034a
145.111079	1e034a
145.122078	1e034a
145.127352	1e034a
145.136349	1e034a
145.143492	1e031d
145.154902	1e034a
145.165526	1e031d
145.180452	1e034a
145.193092	1e031d
145.203034	1e031d
145.209583	1e034a
145.215778	1e031d
145.222514	1e034a
145.231339	1e031d
145.237831	1e031d
145.250197	1e031d
145.262213	1e034a
145.268834	1e034a
145.283129	1e034a
145.297808	1e034a
145.311960	1e031d
145.318891	1e0358
145.331215	1e031d
145.344347	1e01f4
145.352200	1e034a
145.363863	1e0813
145.374657	1e0813
145.384317	1e034a
145.395259	1e031d
145.408175	1e034a
145.415187	1e031d
145.426819	1f24bb3976ff
145.434513	1e034a
145.449157	1e034a
145.456925	1e034a
145.471159	1e034a
145.480130	1e01f4
145.492042	1e031d
145.507101	1e034a
145.515801	1e031d
145.522529	1e034a
145.536237	1e031d
145.543547	1e034a
145.553864	1e05d4
145.568971	1e02f1
145.577719	1e031d
145.585718	1e0589
145.592046	1e031d
145.598762	1e031d
145.612231	1e0239
145.620274	1e034a
145.630760	1e031d
145.638843	1e034a
145.653609	1e0601
145.661153	1e034a
145.669276	1e034a
145.680313	1e034a
145.689653	1e034a
145.699729	1e034a
145.713946	1e0772
145.724800	1e034a
145.739533	1e031d
145.747186	1e034a
145.759329	1e0772
145.768593	1e034a
145.778324	1e034a
145.793213	1f24bb39766d
145.804217	1e031d
145.815505	1e034a
145.827124	1e031d
145.833044	1e031d
145.847880	1e031d
145.857530	1e034a
145.863988	1e034a
145.875428	1e034a
145.888395	1e034a
145.896186	1e034a
145.909396	1e034a
145.916664	1e034a
145.926144	1e076e
145.932868	1e034a
145.943449	1e0601
145.952203	1e0784
145.960855	1e031d
145.967702	1e031d
145.981912	1e031d
145.992221	1e034a
146.002350	1e034a
146.015643	1e034a
146.025670	1e034a
146.033872	1e0813
146.041819	1e034a
146.048427	1e031d
146.061262	1e0601
146.067049	1e031d
146.077514	1e034a
146.089870	1e034a
146.097826	1e034a
146.109301	1e031d
146.114576	1e034a
146.128269	1e076e
146.134795	1e034a
146.146552	1e034a
146.160511	1e034a
146.167245	1e031d
146.177754	1e034a
146.186410	1e034a
146.195875	1e031d
146.210492	1e031d
146.218502	1e034a
146.228002	1e0772
146.234955	1e021c
146.249724	1e031d
146.257383	1e034a
146.265695	1e01bc
146.276532	1e034a
146.289829	1e031d
146.303132	1e031d
146.310693	1e034a
146.320807	1e031d
146.328623	1e031d
146.335467	1e034a
146.346026	1e034a
146.361147	1e034a
146.367057	1e031d
146.378734	1e031d
146.384696	1e034a
146.398002	1e0772
146.409445	1e034a
146.417492	1e031d
146.425111	1e034a
146.436613	1e031d
146.450973	1e01f4
146.460879	1e034a
146.470265	1e034a
146.477372	1e034a
146.486864	1e034a
146.497777	1e034a
146.506987	1e034a
146.519682	1e031d
146.528940	1f1ea7
146.542543	1e034a
146.548589	1e0784
146.562605	1e034a
146.575397	1e031d
146.588697	1e034a
146.603888	1e031d
146.616558	1e034a
146.625379	1f24bb397660
146.637526	1e031d
146.645799	1e031d
146.651316	1e034a
146.663730	1e034a
146.674736	1e031d
146.689119	1e031d
146.699025	1e034a
146.713103	1e06fe
146.718684	1e05f0
146.730642	1f1ead
146.744235	1e031d
146.756262	1e034a
146.766141	1e034a
146.776655	1e031d
146.782014	1e034a
146.790677	1e031d
146.803827	1e034a
146.817588	1e034a
146.831414	1f24bb39772f
146.840042	1e031d
146.845241	1e0772
146.856485	1e034a
146.862523	1e031d
146.877348	1e034a
146.883208	1e034a
146.894522	1e034a
146.903893	1e031d
146.911045	1e01f4
146.922895	1e031d
146.929706	1e031d
146.938917	1e034a
146.946156	1f24bb397757
146.958980	1f24bb39a41b
146.968917	1e031d
146.982002	1e034a
146.994069	1e034a
147.005805	1f24bb3977a8
147.015519	1e031d
147.027905	1e031d
147.038758	1e034a
147.044767	1e07cf
147.059115	1e034a
147.073478	1e034a
147.079513	1e034a
147.092082	1e034a
147.102559	1e031d
147.110940	1e031d
147.118361	1e034a
147.130693	1e034a
147.145387	1e034a
147.157760	1e031d
147.163976	1e02e7
147.175853	1e0813
147.181928	1e0784
147.190812	1e0774
147.203143	1e06ba
147.217244	1e034a
147.229798	1e0273
147.242171	1e034a
147.249757	1e034a
147.255365	1f24bb39767e
147.270481	1e034a
147.275988	1e034a
147.283667	1e031d
147.291687	1e05f0
147.298148	1e076e
147.311846	1e01d2
147.322481	1e034a
147.331814	1f24bb39766d
147.343788	1e0601
147.357735	1e034a
147.364037	1e0601
147.372466	1e031d
147.381646	1e034a
147.392024	1e031d
147.401379	1e02f1
147.407849	1f24bb39a3c5
147.419638	1e034a
147.431470	1e031d
147.441683	1e031d
147.448579	1e031d
147.461973	1e031d
147.468994	1e0784
147.477661	1e034a
147.488554	1e034a
147.496287	1e034a
147.504735	1e034a
147.518766	1e034a
147.526093	1e034a
147.532837	1e031d
147.540911	1e034a
147.555213	1e031d
147.570121	1e0772
147.578483	1e07a1
147.584497	1e034a
147.591173	1e034a
147.606302	1e01f4
147.617783	1e034a
147.631108	1e05f0
147.643787	1e034a
147.651030	1e06b0
147.659535	1e0819
147.673420	1e034a
147.686257	1e031d
147.695544	1e034a
147.707082	1f24bb39a3b3
147.721000	1e0772
147.727262	1e034a
147.736155	1e034a
147.745480	1e031d
147.752664	1e034a
147.767543	1e034a
147.782582	1e01f4
147.796459	1e031d
147.806000	1e034a
147.815244	1e034a
147.827152	1e0784
147.834285	1e031d
147.848005	1e034a
147.856236	1e034a
147.864326	1e031d
147.875513	1e034a
147.885935	1e034a
147.893898	1e034a
147.906717	1e01f4
147.914410	1e034a
147.924651	1e031d
147.938121	1e034a
147.944568	1e034a
147.956247	1e0784
147.967645	1e0325
147.981936	1e031d
147.992076	1e034a
148.005159	1e034a
148.018853	1e031d
148.028334	1e0601
148.033760	1e01d2
148.042961	1e034a
148.056509	1e031d
148.067499	1f24bb39778e
148.078900	1e034a
148.086421	1e01f4
148.096328	1e031d
148.107767	1e034a
148.120367	1e076e
148.131067	1e034a
148.138877	1e01f4
148.150764	1e034a
148.156585	1e034a
148.165600	1e031d
148.180452	1e034a
148.192803	1e034a
148.203425	1e034a
148.211439	1e0813
148.218145	1e034a
148.229824	1e034a
148.235809	1e031d
148.248950	1e034a
148.259640	1e05f0
148.272519	1e031d
148.287119	1e031d
148.292659	1e06ba
148.301091	1e034a
148.314644	1e034a
148.329047	1e0784
148.344125	1e034a
148.356065	1e01d2
148.370108	1e031d
148.378220	1e01f4
148.390979	1e0784
148.397032	1e029f
148.409554	1e034a
148.417401	1e01f4
148.428920	1e01f4
148.437828	1e031d
148.445903	1e076e
148.457832	1e027d
148.472104	1e031d
148.483232	1e031d
148.489220	1e034a
148.495705	1e034a
148.501030	1e034a
148.509150	1e034a
148.520630	1e05f0
148.535183	1e034a
148.546235	1e034a
148.554830	1e0601
148.561773	1e0772
148.569944	1e0777
148.582895	1e01f4
148.592389	1e034a
148.599388	1e031d
148.606237	1e031d
148.614745	1e01f4
148.626498	1e01d2
148.638456	1e0774
148.653285	1e031d
148.661649	1e034a
148.673455	1e031d
148.686331	1e034a
148.697700	1e034a
148.711738	1e034a
148.722800	1e034a
148.729363	1e031d
148.740973	1e031d
148.751171	1e031d
148.761334	1e034a
148.774187	1f24bb396896
148.780574	1f24bb396896
148.789853	1f24bb396896
148.801624	1f24bb39680c
148.813476	1f24bb396806
148.818684	1f24bb396806
148.832207	1f24bb39680c
148.839977	1f24bb396862
148.846374	1f24bb396806
148.851774	1f24bb396806
148.861035	1f24bb396806
148.868152	1f24bb396896
148.882643	1f24bb396806
148.894139	1f24bb396896
148.899998	1f24bb396806
148.906671	1f24bb396806
148.919823	1f24bb396806
148.926004	1f24bb39687f
148.940860	1f24bb396806
148.948633	1f24bb3966ee
148.959302	1f24bb396709
148.972137	1f24bb3966e9
148.980309	1f24bb39670f
148.992743	1f24bb396806
149.005945	1f24bb396709
149.019020	1f24bb39670f
149.029981	1f24bb396896
149.040611	1f24bb3966d0
149.051060	1f24bb396933
149.062263	1f24bb39670f
149.071916	1f24bb39670f
149.083162	1f24bb396862
149.088368	1f24bb39670f
149.100973	1f24bb39670f
149.116085	1f24bb396806
149.124677	1f24bb39670f
149.130390	1f24bb396806
149.138866	1f24bb396825
149.150754	1f24bb3966db
149.160096	1f24bb396806
149.171507	1f24bb396825
149.181685	1f24bb396806
149.196041	1f24bb396806
149.206040	1f24bb396709
149.212277	1f24bb39688b
149.218568	1f24bb396806
149.233718	1f24bb39670f
149.239312	1f24bb39670f
149.244745	1f24bb39670f
149.257162	1f24bb39670f
149.270349	1f24bb39670f
149.277506	1f24bb39670f
149.290004	1e138f
149.296913	1df51b
149.307250	1f24bb398dfa
149.317076	1df513
149.331669	1df513
149.340785	1e138f
149.346697	1df56d
149.356157	1e312e
149.369834	1df53d
149.381549	1f24bb39a0a1
149.387322	1ea3e6
149.394583	1f24bb399376
149.406544	1df513
149.416319	1e138f
149.431381	1df513
149.445894	1ecc3b
149.455767	1df513
149.468796	1eb60d
149.482576	1dfe91
149.493781	1e3148
149.500040	1f24bb398f11
149.511440	1e138f
149.517320	1e138f
149.523844	1df513
149.536596	1df513
149.551488	1df876
149.559576	1e138f
149.572026	1e8d8a
149.581634	1df513
149.588609	1e8eb2
149.594068	1e48b8
149.604041	1df513
149.611125	1df513
149.618970	1e138f
149.625528	1df513
149.633675	20229b
149.648308	1e0f5e
149.658819	1b9f33
149.671378	1df513
149.676788	1e3148
149.690708	1df513
149.699754	1e138f
149.710559	1e138f
149.725711	1e8cc0
149.738122	1df513
149.753186	1df93d
149.758706	1df53d
149.767472	1e138f
149.775120	1e138f
149.786034	1df513
149.799866	1df995
149.810132	1df513
149.816511	1e138f
149.823687	1df76c
149.833434	1e1394
149.842491	1dfa2e
149.857465	1e138f
149.871563	1e138f
149.882427	1e138f
149.888618	1e3148
149.903582	1e138f
149.913662	1e138f
149.924558	1e3148
149.934766	1e312f
149.943193	1e1286
149.952057	1df513
149.958589	1df513
149.964283	1e138f
149.975981	1e3148
149.989392	1e8c0b
149.996735	1e138f
150.011242	1df995
150.016751	1e8caa
150.022868	1df995
150.029326	1e8cc0
150.039056	1df513
150.052237	1df9fa
150.063803	1e0772
150.076501	1f24bb398e91
150.082722	1df7a4
150.092760	1eb647
150.105935	1eaef1
150.113656	1df9b4
150.126361	1e3148
150.134717	1eb160
150.141422	1df513
150.155680	1df513
150.162231	1e8caa
150.172894	1df513
150.186340	1f24bb39a1c5
150.193331	1e138f
150.207294	1e96b2
150.217270	1e8ecd
150.228871	1e138f
150.242764	1e8cc0
150.251324	1e3148
150.263400	1e138f
150.272516	1df513
150.285096	1e0e36
150.294040	1ebe96
150.300166	1e138f
150.311507	1df995
150.322626	1f24bb398dfa
150.337402	1e138f
150.343961	1df513
150.354638	1e138f
150.364845	1e138f
150.373879	1df513
150.380952	1df513
150.392186	1e0784
150.399556	1ecbb4
150.404890	1f24bb399340
150.413339	1df513
150.419844	1e138f
150.431472	1e8caa
150.445266	1df513
150.460444	1df422
150.474285	1df513
150.484741	1e138f
150.492800	1e3148
150.499867	1df876
150.513457	1df513
150.523711	1e138f
150.532359	1e138f
150.540533	1df513
150.549257	1e0f95
150.564415	1f24bb399560
150.573409	1e0f25
150.580343	1df513
150.590698	1e138f
150.605273	1df513
150.612249	1df53d
150.622697	1df513
150.628576	1eb154
150.639256	1e3148
150.645689	1e0784
150.657531	1f24bb398dcb
150.665177	1df513
150.674477	1e138f
150.688030	1df995
150.698585	1df513
150.705490	1eae7d
150.720603	1df886
150.732182	1df513
150.737851	1df513
150.750324	1df513
150.755993	1df513
150.765231	1e0780
150.776954	1df513
150.789131	1e3148
150.803689	1eb656
150.817214	1dfa0b
150.829203	1df513
150.842596	1eb65b
150.848554	1df513
150.858404	1e3148
150.864746	1e138f
150.878888	1f24bb398ddd
150.886681	1eb174
150.897348	1e138f
150.907381	1df912
150.915252	1df513
150.922149	1e0f5e
150.928836	1df54b
150.941823	1e138f
150.955595	1df513
150.970090	1e0f95
150.976766	1e138f
150.984352	1df513
150.993206	1e0fca
151.004158	1df513
151.009622	1df513
151.018608	1e138f
151.032756	1df513
151.046224	1e0784
151.058172	1e0772
151.064557	1e8db3
151.076652	1ed0e8
151.089302	1e1383
151.096778	1df68f
151.110925	1e3148
151.119276	1e138f
151.125270	1e138f
151.139385	1df513
151.153175	1e138f
151.162020	1e138f
151.173508	1e3148
151.181032	1f24bb39a0a1
151.191191	1e138f
151.198965	1df53d
151.212154	1df513
151.218473	1e98a3
151.226813	1eaead
151.237896	1e138f
151.249183	1df513
151.255316	1e0772
151.267176	1eae7d
151.279124	1eb5ff
151.284730	1e138f
151.295004	1df876
151.304372	1df513
151.316503	1df54b
151.326809	1e138f
151.337465	1e138f
151.351786	1e0f5e
151.364713	1e138f
151.378414	1f24bb398e71
151.387422	1df513
151.400102	1e314b
151.408839	1df513
151.421023	1df513
151.435636	1df9ec
151.441716	1eae2c
151.455061	1df9a7
151.461420	1eb16b
151.471288	1df513
151.483652	202294
151.492388	1e138f
151.499844	1f24bb398e2f
151.514789	1e138f
151.527981	1e138f
151.536068	1df513
151.544898	1df513
151.558401	1f24bb495921
151.570698	1df53d
151.582344	1eb647
151.593613	1e1394
151.603886	1df513
151.609415	1e138f
151.617656	1df513
151.625264	1e138f
151.633458	1df513
151.642427	1df7a4
151.656529	1df513
151.664454	1e1211
151.672272	1e8f38
151.678133	1e138f
151.691475	1e3148
151.699876	1f24bb39a1c0
151.710858	1df995
151.717286	1df513
151.731223	1df995
151.737964	1f24bb39a178
151.748891	1df513
151.763785	1f24bb399394
151.772235	1e0e36
151.785455	1e97ad
151.795403	1df513
151.801388	1ecb78
151.815173	1df513
151.827094	1e138f
151.840953	1e12d7
151.851522	1df513
151.857413	1f24bb399560
151.868011	1eaead
151.876162	1df513
151.888427	1e3148
151.896333	1e138f
151.905897	1df513
151.915298	1e131c
151.928983	1e138f
151.940618	1df513
151.952122	1f24bb399394
151.966526	1e0772
151.981586	1e0780
151.992113	1e138f
152.003355	1e138f
152.015657	1e0e36
152.021047	1e138f
152.033738	1eae3a
152.043380	1f24bb399394
152.049887	1eae91
152.056116	1df513
152.064493	1eaead
152.072707	1e138f
152.078134	1e138f
152.086285	1e138f
152.101147	1df412
152.115671	1eaf6a
152.127689	1df995
152.136231	1df957
152.145853	1df876
152.155916	1dfe86
152.163314	1f24bb39a174
152.169296	1e138f
152.176534	1df513
152.188023	1e0784
152.194290	1df561
152.208303	1eae7d
152.220728	1e138f
152.228687	1f24bb398e2f
152.240685	1e138f
152.251574	1e1394
152.263297	1e8bdf
152.269972	1e8c40
152.283762	1e8caa
152.292717	1e138a
152.307684	1df54b
152.319781	1f24bb495947
152.326870	1e138f
152.337172	1e138f
152.346567	1eaead
152.352674	1eb5e0
152.362765	1e138f
152.368629	1e0f5e
152.383260	1df513
152.390725	1e0f5e
152.401815	1eae7d
152.414886	1df513
152.422066	1e138f
152.435101	1df513
152.441548	1f24bb398e12
152.447984	1e138f
152.461926	1e138f
152.474525	1e138f
152.483956	1e138f
152.494223	1e138f
152.508909	1ecc6e
152.517857	1e0f5e
152.523526	1df513
152.537709	1eb154
152.549578	1df513
152.563382	1e0784
152.576664	1e138f
152.588560	1e138f
152.598370	1df513
152.609809	1e138f
152.618565	1e138f
152.625322	1f24bb39897f
152.640089	1e0780
152.647654	1ecb85
152.660669	1df76c
152.667793	1df513
152.675303	1df54b
152.682273	1df513
152.693155	1df53d
152.707065	1e138f
152.715563	1df51b
152.722937	1e138f
152.732573	1e314b
152.745333	1df9dc
152.755973	1f24bb49588d
152.770751	1df54b
152.784362	1e138f
152.797491	1df513
152.807667	1e138f
152.824858	1df876
152.838106	1e9708
152.846742	1e138f
152.859000	1df53d
152.865564	1df6c7
152.871047	1df513
152.882728	1e138f
152.890751	1df513
152.905510	1df513
152.919974	1e138f
152.930965	1e138f
152.937510	1df513
152.943840	1e138f
152.955720	1df513
152.968086	1eb0c0
152.977482	1eb027
152.991556	1e138f
152.997115	1e1211
153.008172	1df513
153.014033	1e076e
153.027788	1f24bb399394
153.037124	1e138f
153.048853	1df513
153.058711	1df53d
153.067969	1e138f
153.083047	1ecbac
153.090698	1e0f5e
153.097918	1e138f
153.104789	1e138f
153.118733	1df513
153.131295	1e138f
153.138750	1df513
153.147296	1df513
153.157351	1df513
153.162537	1e0784
153.174218	1e138f
153.183182	1df513
153.190019	1e138f
153.195495	1e138f
153.208816	1df513
153.221865	1df53d
153.232657	1df54b
153.238301	1df513
153.247223	1df513
153.253605	1df54b
153.262018	1df76c
153.272242	1df513
153.286117	1e1333
153.291481	1e138f
153.299652	1df513
153.305895	1e138f
153.314844	1eb665
153.320168	1eb086
153.325627	1eae7d
153.335953	1df513
153.346436	1e96b2
153.359208	1e0784
153.369743	1e0772
153.381963	1e138f
153.392998	1eae7d
153.401352	1e138f
153.409943	1df53d
153.425064	1ea3f7
153.432775	1e138f
153.446973	1e138f
153.461560	1df513
153.471721	1e48ab
153.479907	1f24bb4958ae
153.494902	1e138f
153.504883	1e0e39
153.516967	1df513
153.523536	1e0772
153.533906	1df513
153.546438	1df513
153.555631	1df876
153.569084	1eb6a2
153.583936	1eb08b
153.591185	1e138f
153.596853	1df513
153.606711	1e0f84
153.621232	1e138f
153.628303	1e076e
153.635470	1df513
153.643447	1e138f
153.654179	1f24bb398eb4
153.662675	1df513
153.675200	1f24bb398e71
153.681665	1df513
153.691511	1df513
153.697745	1e138f
153.704501	1dfe9b
153.712510	1df53d
153.722186	1ed0f8
153.727653	1df513
153.738225	1e0f5e
153.749083	1df513
153.760823	1df513
153.768396	1e0e36
153.783358	1df513
153.789669	1f24bb398eec
153.804264	1eae7d
153.810847	1e079c
153.825377	1e20d5
153.832937	1e138f
153.847158	1e138f
153.858708	1e138f
153.864518	1e138f
153.879078	1f24bb39a167
153.893283	1e138f
153.903283	2021bd
153.910369	1e8d5f
153.921041	1df7a4
153.933902	1e138f
153.947072	1df513
153.955468	1df513
153.963139	1df513
153.978132	1eaead
153.983688	1df513
153.998220	1df876
154.005379	1df513
154.017505	1df54b
154.027198	1df51b
154.041173	1e3148
154.048698	1df513
154.058044	1df513
154.063463	1df513
154.075813	1e8d8a
154.085156	1df513
154.097678	1e0772
154.103712	1df513
154.112299	1eb154
154.118438	1df53d
154.124094	1df99b
154.138611	1e138f
154.145963	1e0ef2
154.151448	1e0fbe
154.161093	1e138f
154.171814	1e138f
154.182147	1df513
154.194564	1eadca
154.209353	1df513
154.216557	1ecb64
154.221815	1df513
154.236308	1f24bb39939a
154.245005	1e138f
154.251421	1e138f
154.265267	1df513
154.270688	1df513
154.276840	1e138f
154.285936	1f24bb399340
154.291751	1df4df
154.300851	1df513
154.311469	1f24bb399376
154.317793	1df513
154.327136	1eb050
154.339211	1df513
154.350039	1eb00f
154.361022	1df513
154.375832	1e138f
154.384736	1e48ca
154.395460	1df513
154.403241	1df87c
154.416715	1df513
154.422487	1e8d8a
154.427887	1e138f
154.441064	1e3148
154.449733	1e138f
154.463125	1e138f
154.470027	1e48b1
154.476453	1e3148
154.486488	1df513
154.501102	1e138f
154.514241	1eae7d
154.528543	1df513
154.535674	1dfa22
154.546076	1df513
154.552572	1df876
154.566756	1e0784
154.572995	1e3148
154.579489	1eae5d
154.593589	1ed0f6
154.602682	1df513
154.611476	1df513
154.626033	20229b
154.636600	1ecc7c
154.651606	1df54b
154.659175	1e486a
154.670560	1e138f
154.676942	1df513
154.683488	1e0792
154.693766	1df513
154.702777	1e0772
154.715800	1df513
154.723670	1df513
154.736591	1eb5ff
154.750321	1e138f
154.762605	1f24bb398e45
154.776764	1e138f
154.788727	1df513
154.794880	1eaead
154.807951	1df513
154.816378	1e0e36
154.824541	1df513
154.838144	1e138f
154.849860	1df513
154.862305	1eb642
154.876439	1e138f
154.882349	1e0fca
154.893693	1df513
154.906240	1df513
154.913976	1df886
154.926890	1e13a7
154.938905	1ce4d9
154.946820	1df513
154.959580	1df513
154.968291	1eae7d
154.979061	1df513
154.990773	1e8c5c
154.997346	1df513
155.008806	1e8caa
155.022346	1e138f
155.037071	1df53d
155.051197	1df513
155.063110	1e031d
155.069639	1e034a
155.076683	1e031d
155.091103	1e034a
155.104456	1f24bb39775a
155.119061	1e034a
155.133937	1e0813
155.145097	1e034a
155.159441	1e034a
155.170220	1e031d
155.178479	1e034a
155.191154	1e01f4
155.197557	1e034a
155.205753	1e031d
155.216404	1e034a
155.222700	1e034a
155.237042	1e034a
155.242531	1e034a
155.256262	1e031d
155.262181	1e031d
155.269347	1e031d
155.276083	1e034a
155.283281	1e0784
155.292716	1e034a
155.305700	1e031d
155.316943	1e031d
155.331328	1e034a
155.343015	1e0637
155.352389	1e034a
155.361289	1e0784
155.368537	1e031d
155.378738	1e034a
155.393913	1f24bb39767e
155.404895	1e031d
155.419519	1e034a
155.426434	1e034a
155.432072	1e0348
155.445863	1e034a
155.451680	1e031d
155.460070	1e0772
155.468954	1e0784
155.480949	1e031d
155.494879	1e031d
155.501765	1e034a
155.510265	1e034a
155.520844	1e01f4
155.534643	1e034a
155.546676	1e034a
155.557864	1e034a
155.564344	1e034a
155.570069	1e031d
155.579360	1e034a
155.590915	1e05f0
155.602696	1e034a
155.616458	1e031d
155.626688	1e034a
155.639833	1e034a
155.652054	1e034a
155.665516	1e07e5
155.671861	1e034a
155.679083	1e031d
155.685020	1e034a
155.696661	1e034a
155.704723	1e034a
155.717521	1e034a
155.729516	1e034a
155.736135	1e031d
155.743420	1e0772
155.757625	1e034a
155.771557	1e034a
155.785034	1e031d
155.792690	1e034a
155.805568	1e031d
155.814706	1e031d
155.824621	1e031d
155.830895	1e034a
155.846006	1e034a
155.852755	1e034a
155.862697	1e034a
155.876574	1e031d
155.891254	1e034a
155.903500	1e031d
155.909261	1e031d
155.919573	1e031d
155.934721	1e034a
155.944890	1e034a
155.955114	1e034a
155.962066	1e0772
155.977009	1e0772
155.988868	1e034a
155.994616	1e031d
156.001263	1e034a
156.010478	1e0772
156.018187	1e034a
156.031986	1e01f4
156.039466	1e034a
156.045532	1e031d
156.059186	1e0772
156.070374	1e034a
156.079474	1e05f0
156.094297	1e01e5
156.104513	1e034a
156.119186	1e031d
156.127786	1e034a
156.142682	1e031d
156.154838	1e05ad
156.160422	1e034a
156.171219	1e034a
156.183419	1e0325
156.198478	1e034a
156.209428	1e034a
156.217757	1e034a
156.230360	1e031d
156.244073	1e034a
156.257341	1e034a
156.271372	1e034a
156.276650	1e034a
156.282738	1e034a
156.296973	1e034a
156.304884	1e031d
156.313839	1e034a
156.328874	1e0601
156.334746	1e034a
156.349619	1e031d
156.355729	1e031d
156.361196	1e031d
156.372208	1e034a
156.377851	1e031d
156.387063	1e034a
156.396280	1e034a
156.410184	1e034a
156.417176	1e034a
156.430292	1e034a
156.436050	1e0772
156.447441	1e031d
156.459302	1f24bb39769e
156.468747	1e031d
156.480551	1e0221
156.487641	1e031d
156.494520	1e031d
156.508656	1e034a
156.520754	1e031d
156.529085	1e034a
156.541505	1e031d
156.552349	1e034a
156.564234	1e031d
156.576113	1e031d
156.582899	1e034a
156.595111	1e031d
156.606559	1e0772
156.613373	1e034a
156.619249	1e031d
156.628744	1f24bb3976ff
156.636204	1e031d
156.649051	1e034a
156.657736	1e031d
156.667464	1e034a
156.677344	1e034a
156.682684	1e034a
156.693259	1e031d
156.706555	1e031d
156.716587	1e034a
156.724301	1f24bb39a3d5
156.737930	1e034a
156.750390	1e031d
156.762411	1e031d
156.767916	1e031d
156.777096	1e034a
156.790499	1e031d
156.800498	1e034a
156.814369	1e034a
156.823941	1e031d
156.836240	1e034a
156.842463	1e034a
156.855327	1e034a
156.867357	1e034a
156.872702	1e034a
156.879382	1e031d
156.888145	1e034a
156.898540	1e031d
156.907763	1e034a
156.922280	1e079c
156.930132	1e0784
156.941416	1e034a
156.951457	1e031d
156.961015	1e0784
156.971179	1e034a
156.976855	1e031d
156.982755	1e034a
156.988627	1e031d
157.003462	1e034a
157.009158	1e031d
157.024279	1e031d
157.038289	1e034a
157.050408	1e034a
157.063657	1e031d
157.076542	1e031d
157.088571	1e031d
157.099996	1e0358
157.108382	1e034a
157.114492	1e031d
157.128148	1e031d
157.143065	1e034a
157.153626	1e031d
157.164442	1e034a
157.176915	1e031d
157.192163	1e031d
157.203671	1e031d
157.215514	1e034a
157.228403	1e034a
157.240714	1e031d
157.251724	1e031d
157.261649	1e034a
157.276874	1e0601
157.290402	1e034a
157.304268	1e031d
157.311968	1e0348
157.321000	1e031d
157.332775	1e031d
157.346542	1e034a
157.360371	1e034a
157.370184	1e01f4
157.385182	1e034a
157.393262	1e0813
157.400978	1e034a
157.412112	1e034a
157.424798	1e0774
157.431899	1e031d
157.439226	1e034a
157.449181	1e077c
157.459601	1e01f4
157.466578	1e0784
157.478626	1e031d
157.487266	1f1e96
157.493552	1e031d
157.505888	1e034a
157.512201	1e031d
157.517406	1e034a
157.526765	1e031d
157.533898	1e034a
157.545737	1e034a
157.556981	1e034a
157.566501	1e031d
157.571948	1e034a
157.578961	1e034a
157.592067	1e0601
157.604468	1e031d
157.614381	1e034a
157.621036	1e031d
157.630071	1e031d
157.642951	1e034a
157.651569	1e034a
157.661483	1e034a
157.676226	1e034a
157.682684	1e031d
157.693392	1e034a
157.701574	1e034a
157.716545	1e031d
157.723558	1e031d
157.734247	1e034a
157.748420	1e034a
157.754523	1e031d
157.768606	1e031d
157.783163	1e031d
157.788453	1e031d
157.798352	1e034a
157.806787	1e031d
157.812417	1e034a
157.824593	1e034a
157.839699	1e031d
157.846467	1e031d
157.853284	1e034a
157.866311	1e031d
157.871696	1e034a
157.883716	1e031d
157.889424	1e031d
157.901505	1e034a
157.910294	1e034a
157.924215	1e031d
157.934692	1e031d
157.946574	1e031d
157.958221	1e034a
157.963539	1e0563
157.971090	1e034a
157.984130	1e05f0
157.989970	1e0563
157.999343	1e031d
158.007403	1e031d
158.019734	1e0784
158.031409	1e031d
158.040110	1e02c2
158.052322	1e034a
158.066836	1e031d
158.073941	1e034a
158.080478	1e034a
158.091815	1e0784
158.099838	1e034a
158.110049	1e034a
158.122117	1e034a
158.137163	1e034a
158.148284	1e05f0
158.163422	1e031d
158.171923	1e034a
158.185949	1e031d
158.196825	1e06ba
158.209425	1e034a
158.217492	1e0813
158.229493	1e034a
158.240348	1e034a
158.246879	1e031d
158.260991	1e031d
158.271199	1f24bb397786
158.283080	1e034a
158.289220	1e034a
158.302362	1e031d
158.308741	1e034a
158.320057	1e0234
158.332782	1e034a
158.338181	1e034a
158.349313	1e031d
158.356928	1e031d
158.367551	1e031d
158.375424	1e031d
158.380776	1e0784
158.393471	1e031d
158.405718	1e0784
158.417933	1f24bb39767e
158.427606	1e031d
158.441585	1e031d
158.454870	1e034a
158.463792	1e034a
158.478907	1e031d
158.494710	1e031d
158.507277	1e031d
158.518483	1e034a
158.529363	1e034a
158.539934	1e034a
158.553352	1e031d
158.561876	1e031d
158.567505	1e034a
158.577862	1e031d
158.588919	1e034a
158.594789	1e031d
158.602390	1e031d
158.614715	1e076e
158.621856	1e034a
158.629376	1e034a
158.639553	1e034a
158.650304	1e034a
158.660011	1e0772
158.673836	1e034a
158.687117	1e034a
158.694336	1f1eaf
158.703145	1e031d
158.717653	1e031d
158.726312	1e034a
158.734293	1e06ba
158.742068	1f24bb39768c
158.755585	1e031d
158.770743	1e034a
158.782427	1e034a
158.788638	1e034a
158.800519	1e01f4
158.809027	1e021c
158.822291	1f24bb39777f
158.827850	1e01d2
158.878835	1e034a
158.885024	1e01d2
158.894514	1e034a
158.904183	1e034a
158.914721	1e031d
158.920972	1e034a
158.930153	1e0601
158.944254	1e034a
158.949670	1e031d
158.963299	1e034a
158.971029	1e031d
158.977578	1e034a
158.986988	1e031d
158.992514	1e034a
158.998115	1e06ba
159.008845	1e034a
159.022172	1e034a
159.029479	1e0563
159.035377	1e034a
159.042697	1e034a
159.049363	1e0339
159.056356	1e031d
159.065472	1e034a
159.071506	1e031d
159.077327	1e031d
159.086859	1e034a
159.100311	1e031d
159.108600	1e031d
159.116183	1e0784
159.125494	1e034a
159.132053	1e034a
159.147116	1e034a
159.159259	1e031d
159.173407	1e0234
159.181147	1e031d
159.188100	1e034a
159.195881	1e034a
159.202164	1e034a
159.215230	1e0772
159.220588	1e0601
159.230390	1e034a
159.240575	1e034a
159.248049	1e034a
159.257555	1e01f4
159.271157	1e034a
159.286062	1e034a
159.297055	1e031d
159.308506	1e031d
159.318160	1e034a
159.327444	1e0343
159.340254	1e031d
159.346584	1e031d
159.355708	1e034a
159.370831	1e034a
159.379541	1e034a
159.386425	1e034a
159.396385	1e01f4
159.403082	1e034a
159.412526	1e034a
159.426036	1e031d
159.436328	1e06ba
159.441758	1e031d
159.451675	1e031d
159.463107	1e034a
159.475118	1e034a
159.483872	1e034a
159.492723	1e031d
159.499832	1e034a
159.511308	1e034a
159.518292	1e034a
159.525016	1e01f4
159.531071	1e034a
159.545100	1e0601
159.555733	1e034e
159.568694	1e031d
159.581168	1e031d
159.591945	1f24bb39769e
159.606680	1e031d
159.618110	1e0813
159.626307	1e034a
159.640509	1e0772
159.654801	1e034a
159.664399	1e034a
159.675368	1e031d
159.681508	1e034a
159.694449	1e01ad
159.708249	1e034a
159.716763	1e034a
159.723527	1e034a
159.731750	1e01f4
159.744283	1e031d
159.757900	1e034a
159.764155	1e034a
159.770911	1e034a
159.785850	1e034a
159.800143	1e034a
159.809133	1e031d
159.814851	1e06ba
159.821038	1e034a
159.832362	1e031d
159.845339	1e034a
159.852037	1e031d
159.859161	1e034a
159.864403	1e01d2
159.873493	1e06ba
159.881661	1e034a
159.895281	1e034a
159.905593	1e034a
159.912744	1e034a
159.926360	1e031d
159.938315	1e034a
159.949390	1e0784
159.956043	1e031d
159.966905	1e01bc
159.976320	1e01f4
159.986405	1e034a
159.992180	1e034a
160.004845	1e034a
160.010761	1e031d
160.022752	1e031d
160.034198	1e034a
160.048636	1e034a
160.060739	1e031d
160.066109	1e076e
160.071420	1e031d
160.083666	1e034a
160.089891	1e0664
160.099769	1e07e5
160.114260	1e031d
160.120500	1e031d
160.130721	1e034a
160.137597	1e031d
160.152361	1e034a
160.158846	1f24bb397718
160.168307	1e034a
160.174742	1e076e
160.183783	1e06ba
160.196724	1e034a
160.206177	1e031d
160.215177	1e0563
160.228302	1e034a
160.236079	1e034a
160.250109	1e031d
160.255908	1e034a
160.263115	1e031d
160.270641	1e076e
160.282152	1e0325
160.289280	1e034a
160.296335	1e034a
160.305823	1e034a
160.316586	1e034a
160.328633	1e01f4
160.338830	1e034a
160.346487	1e031d
160.358125	1e067a
160.370060	1e034a
160.385170	1e031d
160.398389	1e034a
160.406914	1e031d
160.418540	1e031d
160.431256	1f1ead
160.441814	1e034a
160.453692	1e034a
160.460937	1e031d
160.472936	1e031d
160.487469	1e034a
160.499461	1e034a
160.506362	1e034a
160.519591	1e031d
160.528382	1e01d2
160.543313	1e034a
160.555593	1e034a
160.565625	1e0664
160.571454	1e0813
160.576894	1e034a
160.587017	1e034a
160.601068	1e034a
160.614855	1e034a
160.623503	1e031d
160.637717	1e034a
160.648784	1e031d
160.657285	1e034a
160.672123	1f24bb396896
160.686806	1f24bb396896
160.697077	1f24bb396806
160.712192	1f24bb396806
160.722095	1f24bb39687f
160.731044	1f24bb396806
160.743560	1f24bb39680c
160.754790	1f24bb39685e
160.768151	1f24bb396896
160.782417	1f24bb396806
160.789276	1f24bb396806
160.803572	1f24bb396896
160.808818	1f24bb396896
160.821801	1f24bb396806
160.830896	1f24bb39686a
160.840121	1f24bb39687f
160.847539	1f24bb396806
160.855965	1f24bb39670f
160.868040	1f24bb396896
160.881573	1f24bb39670f
160.895039	1f24bb396806
160.901022	1f24bb396896
160.906721	1f24bb3968a0
160.921219	1f24bb39670f
160.935576	1f24bb396862
160.950355	1f24bb3966ee
160.956008	1f24bb396709
160.969679	1f24bb396806
160.981733	1f24bb3968a5
160.988412	1f24bb39670f
161.001836	1f24bb39670f
161.007338	1f24bb396896
161.015772	1f24bb3966ee
161.028099	1f24bb39670f
161.038899	1f24bb39670f
161.046572	1f24bb39687f
161.055349	1f24bb3966ee
161.070280	1f24bb396806
161.080751	1f24bb39670f
161.094285	1f24bb39670f
161.107091	1f24bb396806
161.117019	1f24bb3968ea
161.130630	1f24bb396920
161.138723	1f24bb39670f
161.150771	1f24bb39670f
161.158711	1f24bb39670f
161.169027	1f24bb396806
161.177431	1f24bb396806
161.191918	1f24bb39670f
161.203383	1f24bb396703
161.215661	1f24bb396806
161.229844	1f24bb39670f
161.235357	1f24bb396806
161.243714	1f24bb39670f
161.250079	1f24bb39670f
161.258645	1f24bb39670f
161.273166	1f24bb396806
161.283261	1f24bb39670f
161.297490	1e138f
161.304655	1df76c
161.310826	1eae48
161.324068	1f24bb398ea3
161.333119	1e138f
161.342197	1f24bb39a0a1
161.356736	1df513
161.365984	1df513
161.376692	1eae85
161.387102	1df53d
161.400504	1e9f53
161.412957	1e076e
161.424667	1df513
161.436109	1df513
161.449365	1f24bb39897f
161.462691	1e138f
161.471553	1f24bb3993b7
161.478475	1e3148
161.490122	1df513
161.497550	1df513
161.507433	1e138f
161.513392	1df513
161.525385	1e138f
161.537415	1e3148
161.543974	1df513
161.555727	1e138f
161.565742	1f24bb495884
161.576410	1e138f
161.583287	1f24bb399560
161.592598	1e48d8
161.606795	1eae7d
161.617091	1eadf6
161.631988	1df513
161.641098	1e9f0e
161.653124	1e138f
161.666467	1e8d5f
161.679959	1e48ca
161.693438	1e138f
161.702938	1e8c30
161.708989	1f24bb3995c2
161.717090	1e8c03
161.730099	1e138f
161.744529	1df513
161.756170	1e138f
161.763303	1df54b
161.772075	1e076e
161.778436	1e138f
161.786901	1df513
161.795652	1df995
161.809974	1eb154
161.824506	1df995
161.829704	1df513
161.841428	1df513
161.854732	1df53d
161.862202	1eb154
161.868913	1df513
161.883954	1e138f
161.892309	1e138f
161.899788	1df53d
161.909103	1e138f
161.922024	1e076e
161.936957	1e138f
161.943542	1df54b
161.954295	1e138f
161.964341	1e1394
161.975768	1e138f
161.989879	1df912
161.997118	1df513
162.002426	1e138f
162.011064	1df513
162.022283	1df513
162.029171	1eb045
162.042271	1dfa2e
162.049214	1df995
162.060710	1df995
162.075367	1df513
162.089102	1e8d8e
162.095061	1eb154
162.102519	1e138f
162.109066	1df9cc
162.120108	1ed0c2
162.132617	1f24bb399044
162.143048	1df513
162.153524	1e3148
162.165808	1df513
162.176629	1e9f24
162.191596	1df513
162.202976	1f24bb399560
162.215295	1e138f
162.222318	1df513
162.231262	1e138f
162.244212	1df513
162.258724	1e138f
162.272609	1e486a
162.286837	1df513
162.295414	1e138f
162.304233	1dfa2e
162.310350	1e8cc0
162.320713	1df513
162.329838	1df995
162.341437	1df513
162.349490	1dfe91
162.364361	1e3148
162.377526	1e138f
162.388925	1e138f
162.396490	1e138f
162.406277	1df7a4
162.419355	1eb5e0
162.430930	1eb06d
162.438607	1e138f
162.449076	1df513
162.463701	1df513
162.476766	1e138f
162.484724	1e3148
162.490460	1e0e36
162.498740	1e138f
162.505462	1e138f
162.519624	1e312e
162.528247	1e3148
162.534211	1e138f
162.543405	1df513
162.557945	1e138f
162.571221	1e138f
162.583184	202294
162.593196	1e0e36
162.603972	1eae7d
162.614733	1eae7d
162.628060	1e138f
162.640241	1e138f
162.647161	1e8caa
162.658206	1e3148
162.665751	1e138f
162.673394	1e138f
162.684389	1e0784
162.697247	1df513
162.706964	1e138f
162.722150	1df54b
162.736031	1ecba3
162.742268	1df513
162.755294	1ecc5a
162.770365	1df513
162.783446	1e8e50
162.796829	1e138f
162.809495	1e138f
162.818714	1eb642
162.825640	1df520
162.831554	1df876
162.840473	1df513
162.850630	1e138f
162.865138	1df513
162.873771	1e138f
162.881046	1e3148
162.895201	1df513
162.904023	1df513
162.913020	1df513
162.921661	1df513
162.936364	1df513
162.948782	1e138f
162.954714	1e96b2
162.967174	1e138f
162.976563	1e138f
162.988255	1df513
162.997111	1df7a4
163.010683	1f24bb39936e
163.022561	1eae7d
163.029384	1df9fa
163.040386	1e138f
163.048905	1df513
163.054120	1df513
163.065804	1e8dff
163.073333	1eae7d
163.079293	1df513
163.088999	1e8c5c
163.101295	1df513
163.106551	1e138f
163.116653	1df8dd
163.127207	1df54b
163.134949	1df513
163.147577	1ecb64
163.153748	1df513
163.162953	1df53d
163.175533	1e138f
163.189958	1e138f
163.204529	1eb650
163.213241	1e0f79
163.226349	1e138f
163.235138	1e0f45
163.247841	1e0792
163.259569	1df995
163.268929	1df513
163.282314	1e138f
163.293965	1eaead
163.299880	1e138f
163.313122	1e1394
163.326772	1df51b
163.337402	1df513
163.344137	1df513
163.353095	1f24bb39a210
163.366407	1df513
163.373290	1e0f5e
163.386769	1e0ee8
163.401535	1e138f
163.408051	1e3138
163.422066	1ecba3
163.434725	1df513
163.449563	1e138f
163.457092	1ea1fd
163.466933	1e138f
163.475811	1e0772
163.487653	1e138f
163.497140	1df513
163.504417	1e48f3
163.518406	1df76c
163.525735	1e0784
163.539310	1df513
163.548050	1df513
163.562512	1e906e
163.574260	1e1365
163.588848	1e076e
163.601373	1df513
163.611086	1df513
163.620948	1e138f
163.630421	202290
163.636956	1e133b
163.651617	1f24bb39a166
163.662173	1ea10f
163.670693	1f24bb398e71
163.679951	1e138f
163.692535	1df53d
163.704571	1e138f
163.719669	1df8f2
163.726259	1ecc5e
163.736373	1df513
163.744695	1e138f
163.752058	1e8c03
163.759150	1e0e36
163.765507	1e138f
163.774458	1e138f
163.783126	1e138f
163.796026	1e138f
163.803806	1df513
163.814686	1eb154
163.828156	1e138f
163.838221	1df513
163.844371	1df513
163.854877	1e8de5
163.867023	1e138f
163.873419	1df513
163.883032	1e138f
163.889458	1e1358
163.895013	1df513
163.902799	1f24bb39a0b1
163.911452	1df513
163.918801	1df513
163.924792	1df957
163.937818	1e138f
163.946325	1e8d67
163.957338	1e138f
163.965554	1e138f
163.978919	1e8dff
163.993821	1e138f
164.001574	1e0f5e
164.006843	1e8b65
164.016967	1df513
164.031832	1df513
164.041952	1eadbc
164.048381	1e138f
164.054743	1df513
164.062686	1e0f5e
164.072436	1df513
164.081727	1e138f
164.092600	1eae7d
164.100008	1df513
164.109765	1df513
164.123807	1df513
164.135912	1df513
164.147878	1e138f
164.153151	1e3148
164.159970	1eb5d6
164.167868	1f24bb39904a
164.173272	1e138f
164.182466	1e138f
164.196179	1e138f
164.209396	1eae7d
164.216709	1e138f
164.223022	1f24bb399340
164.236728	1df513
164.243979	1df54b
164.255580	1e3148
164.267790	1df876
164.279473	1df513
164.293592	1df513
164.306156	1df513
164.318903	1df513
164.326506	1e138f
164.339678	1e8caa
164.352850	1e8e50
164.362916	1f24bb399042
164.369316	1e138f
164.378090	1df513
164.392050	1e138f
164.400094	1df513
164.410226	1e138f
164.422408	1df513
164.431130	1e138f
164.441895	1eb5e0
164.455542	1df513
164.465535	1eb154
164.473511	1df513
164.482731	1f24bb398986
164.490647	1eaead
164.496544	1dfa10
164.511677	1e138f
164.517988	1e0f5e
164.525715	1e0e36
164.536022	1e48ca
164.549038	1eae7d
164.564006	1df513
164.571040	1df513
164.577914	1e3148
164.592484	1df536
164.603708	1df513
164.610445	1e138f
164.615747	1df876
164.628279	1df464
164.638207	1eae7d
164.646754	1eae2c
164.655436	1e138f
164.663509	1df513
164.673510	1df513
164.679200	1df513
164.693957	1e96f7
164.703079	1fb5d3
164.715638	1eae7d
164.723058	1df513
164.732297	1e138f
164.747260	1e138f
164.755710	1df513
164.763882	1f24bb398eb4
164.774741	1df513
164.782381	1e4888
164.796170	1df513
164.804005	1e8c03
164.813144	1e138f
164.821074	1df53d
164.827627	1e3148
164.841438	1df876
164.854026	1df99b
164.861559	1df54b
164.869964	1df513
164.875793	1e138f
164.883795	1e138f
164.889019	1e138f
164.901346	1e138f
164.916021	1e138f
164.930261	1e0792
164.943002	1e138f
164.950745	1e138f
164.964126	1e138f
164.977548	1e138f
164.983679	1e138f
164.990390	1eae7d
164.998724	1df517
165.009845	1e138f
165.015163	1ea309
165.030711	1e138f
165.043468	1e3134
165.052693	1df513
165.067434	1f24bb495935
165.080380	1e138f
165.085859	1e3148
165.099639	1f24bb4958ab
165.108990	1df513
165.118565	1df513
165.127548	1df513
165.132907	1df513
165.146746	1e0784
165.157733	1df513
165.167998	1df513
165.182386	1e138f
165.187580	1df513
165.198413	1df912
165.204004	1e138f
165.210478	1e0784
165.220960	1df513
165.229052	1e138f
165.242626	1f24bb399560
165.250762	1e138f
165.257111	1e138f
165.264177	1f24bb39a16a
165.277935	1e138f
165.288337	1e138f
165.300311	1e138f
165.313670	1e034a
165.328485	1e034a
165.341521	1e031d
165.349238	1f24bb396806
165.356010	1e034a
165.366305	1e031d
165.371709	1e0784
165.381048	1e034a
165.388033	1e031d
165.400825	1e034a
165.412778	1e031d
165.423505	1e031d
165.437482	1e034a
165.446309	1e031d
165.454727	1e034a
165.462885	1e031d
165.477531	1e034a
165.485369	1e034a
165.494871	1e031d
165.502939	1e02ee
165.515116	1e034a
165.521818	1e031d
165.532218	1e031d
165.540581	1e034a
165.555237	1e034a
165.562734	1e034a
165.570971	1e034a
165.578128	1e031d
165.583549	1e034a
165.592007	1e034a
165.605745	1e031d
165.611141	1e034a
165.618635	1e031d
165.629354	1e034a
165.642278	1e031d
165.654820	1e034a
165.664095	1e031d
165.669513	1e034a
165.677032	1f24bb397666
165.689447	1e031d
165.701059	1e031d
165.715737	1e034a
165.723727	1e034a
165.734243	1e034a
165.744613	1e034a
165.750273	1e033f
165.758700	1e01f4
165.768906	1e034a
165.779487	1e0772
165.788855	1e0784
165.797051	1e034a
165.809845	1e034a
165.816088	1e01f4
165.830573	1e034a
165.845326	1e031d
165.856420	1e06ba
165.862128	1e031d
165.874881	1e034a
165.883367	1e06ba
165.896686	1e034a
165.908581	1e034a
165.917708	1e031d
165.930389	1e031d
165.936152	1e031d
165.946623	1e031d
165.953882	1e034a
165.960579	1e034a
165.972155	1e0784
165.978908	1e031d
165.988528	1e034a
166.002474	1e034a
166.010979	1e034a
166.017580	1e0784
166.025008	1e034a
166.033617	1e0784
166.041867	1e031d
166.056346	1e031d
166.067262	1e034a
166.074867	1e034a
166.088951	1e034a
166.102730	1e034a
166.108775	1e0348
166.123623	1e034a
166.131806	1e031d
166.137669	1e031d
166.149965	1e034a
166.161836	1e034a
166.174622	1e06b0
166.181618	1e031d
166.195017	1e034a
166.202882	1e031d
166.212802	1e034a
166.227184	1e031d
166.238748	1e05e4
166.244557	1e031d
166.252849	1e031d
166.263417	1e034a
166.275190	1e034a
166.282447	1e0784
166.297083	1e034a
166.307480	1e034a
166.314734	1e034a
166.326561	1e034a
166.339056	1e034a
166.351336	1e034a
166.356724	1e034a
166.368292	1e034a
166.380614	1e034a
166.394615	1e01f4
166.407877	1e031d
166.417781	1e031d
166.425757	1e031d
166.432077	1e0784
166.439568	1e034a
166.449828	1e034a
166.455872	1e034a
166.470563	1e076e
166.475817	1e034a
166.483660	1e034a
166.493450	1e0772
166.505100	1e0784
166.517554	1e034a
166.530012	1e0563
166.537731	1e034a
166.546167	1e031d
166.554129	1e031d
166.561648	1e031d
166.568658	1e034a
166.577450	1e031d
166.587994	1e0772
166.593329	1e031d
166.608929	1e034a
166.619448	1e034a
166.635350	1e031d
166.650723	1e0784
166.663787	1e031d
166.672863	1e034a
166.683743	1e0784
166.696648	1e01f4
166.706958	1e034a
166.715781	1e034a
166.725045	1e031d
166.737488	1e031d
166.746303	1e031d
166.760546	1e0257
166.767144	1e033f
166.775312	1e031d
166.789967	1e031d
166.802537	1e034a
166.815028	1e01f4
166.823468	1e031d
166.837047	1e031d
166.852176	1e034a
166.872538	1e031d
166.879108	1e034a
166.892886	1e031d
166.899598	1e034a
166.913662	1e031d
166.921809	1e034a
166.928082	1e034a
166.938861	1e031d
166.952284	1e031d
166.960213	1e01d2
166.972804	1f24bb397718
166.980534	1e034a
166.988745	1e031d
166.999567	1e034a
167.014780	1e034a
167.020739	1e034a
167.032494	1e031d
167.039018	1e034a
167.053869	1f1ead
167.062458	1e034a
167.070360	1e034a
167.075956	1e0601
167.090426	1e031d
167.096317	1e034a
167.108608	1e0601
167.119474	1e034a
167.128101	1e02ee
167.133435	1e034e
167.138815	1e031d
167.152725	1e034a
167.158062	1e05f0
167.165276	1e034a
167.173809	1e031d
167.187321	1e0314
167.200461	1e034a
167.206431	1e034a
167.215258	1e034a
167.229780	1e031d
167.242049	1e0317
167.256463	1e031d
167.265416	1e034a
167.274621	1e0317
167.286671	1e031d
167.293507	1e034a
167.305683	1e034a
167.314930	1e031d
167.325535	1e034a
167.339903	1e031d
167.353956	1e031d
167.369539	1e0813
167.377879	1e031d
167.390020	1e034a
167.404236	1e034a
167.410014	1e034a
167.420263	1f24bb39778e
167.428304	1e034a
167.439375	1e034a
167.451279	1e034a
167.458319	1f24bb39a3db
167.465766	1e034a
167.473928	1e034a
167.486746	1e031d
167.492919	1e0601
167.507721	1e034a
167.520305	1e034a
167.533027	1e034a
167.541769	1e034a
167.553817	1e031d
167.562352	1e05d9
167.571690	1e031d
167.581877	1e01f4
167.589924	1e034a
167.597188	1f24bb3976d2
167.610826	1e031d
167.616787	1e031d
167.625236	1e031d
167.640093	1e01bc
167.653259	1f24bb39a41c
167.665911	1e05f0
167.675352	1f24bb39a3a4
167.683649	1e0784
167.689708	1e031d
167.704556	1e034a
167.711741	1e031d
167.725334	1e0601
167.739567	1e01f4
167.750521	1e034a
167.763406	1e0247
167.769466	1e034a
167.783823	1e034a
167.790820	1e034a
167.800794	1e034a
167.810078	1e034a
167.816213	1e034a
167.834818	1e034a
167.845975	1e034a
167.860147	1e031d
167.865507	1e034a
167.877147	1e034a
167.882930	1e031d
167.893708	1e034a
167.902318	1e031d
167.915648	1e031d
167.922339	1e034a
167.927748	1e076e
167.942756	1f24bb39a416
167.950359	1e05f0
167.959991	1e0784
167.967543	1e031d
167.982559	1e031d
167.990099	1e01f4
168.003167	1e0202
168.014769	1e034a
168.027112	1f24bb39a3c2
168.042569	1e034a
168.057424	1e034a
168.063001	1e034a
168.072578	1e01f4
168.082301	1e034a
168.090750	1e034a
168.104053	1e076e
168.115424	1e0321
168.132501	1e034a
168.137846	1e034a
168.144168	1e034a
168.155234	1e034a
168.163426	1e05f0
168.172193	1f24bb39a3c2
168.177771	1e031d
168.189848	1e0221
168.205986	1e06ba
168.219555	1e031d
168.231900	1e034a
168.245430	1e034a
168.255624	1e034a
168.269141	1e034a
168.283294	1e06ba
168.291617	1e06ba
168.305701	1e034a
168.318272	1e031d
168.324769	1e034a
168.331424	1e034a
168.346715	1e031d
168.352446	1e034a
168.361914	1e031d
168.374464	1e034a
168.388108	1e031d
168.403162	1e034a
168.416912	1e034a
168.426982	1e034a
168.434955	1e034a
168.448889	1e034a
168.462809	1e06ba
168.469534	1e06ba
168.475759	1e06ba
168.489832	1e034a
168.504443	1e021c
168.519301	1e02d9
168.531096	1e031d
168.542639	1e0772
168.554322	1e034a
168.563984	1e034a
168.575036	1e034a
168.583124	1e031d
168.589528	1e05f0
168.601682	1e034a
168.616479	1e031d
168.627340	1e031d
168.639950	1e01f4
168.654133	1e034a
168.660677	1e0784
168.667687	1e06ba
168.680596	1e034a
168.690758	1f24bb39a3c2
168.698980	1e034a
168.712201	1e031d
168.720689	1e031d
168.730775	1f1e96
168.742831	1e031d
168.749591	1e031d
168.756587	1e031d
168.765328	1f24bb39773d
168.776300	1e031d
168.791540	1e031d
168.809178	1e034a
168.821046	1e0325
168.826808	1f24bb39a3c2
168.832859	1e034a
168.845911	1e034a
168.851944	1e034a
168.861798	1e031d
168.874214	1e031d
168.880355	1e034a
168.891978	1e031d
168.901568	1e0784
168.913158	1e0784
168.922752	1e031d
168.936666	1e034a
168.946153	1e031d
168.951440	1e034a
168.965344	1e034a
168.979680	1e031d
168.984947	1e0563
168.997262	1e034a
169.003498	1e031d
169.016487	1e06ba
169.024160	1e06ba
169.031059	1e0333
169.039376	1e034a
169.051160	1e031d
169.057725	1e034a
169.072228	1e034e
169.079688	1e034a
169.087922	1e06e4
169.098575	1e01f4
169.104863	1e034a
169.118855	1e034a
169.129686	1e0784
169.134928	1e034a
169.143958	1e034a
169.156804	1e034a
169.165026	1e031d
169.178018	1e034a
169.189818	1e034a
169.202789	1e031d
169.213006	1e06ba
169.224190	1f24bb396806
169.229626	1f24bb396806
169.239950	1f24bb39680c
169.253092	1f24bb396806
169.263150	1f24bb396806
169.272718	1f24bb396806
169.286418	1f24bb396896
169.298732	1f24bb396806
169.305024	1f24bb396806
169.313636	1f24bb396806
169.323851	1f24bb396806
169.332977	1f24bb39687f
169.343776	1f24bb396862
169.348954	1f24bb39670f
169.359997	1f24bb396896
169.367095	1f24bb396709
169.377347	1f24bb3966d4
169.383062	1f24bb396806
169.392332	1f24bb39691b
169.398784	1f24bb396709
169.404643	1f24bb396862
169.410568	1f24bb39670f
169.416758	1f24bb3966ee
169.423286	1f24bb39670f
169.432872	1f24bb396852
169.445889	1f24bb39670f
169.458998	1f24bb39670f
169.471434	1f24bb39670f
169.483607	1f24bb39670f
169.493756	1f24bb39670f
169.506752	1f24bb39687f
169.521743	1f24bb39670f
169.535426	1f24bb39675b
169.545469	1f24bb39670f
169.555262	1f24bb39670f
169.561638	1f24bb39670f
169.574989	1f24bb396806
169.585325	1f24bb396806
169.594714	1f24bb396806
169.604737	1f24bb39687f
169.617542	1f24bb398ed6
169.629685	1e1348
169.635808	1e138f
169.648557	1f24bb39a167
169.659622	1e0f5e
169.674383	1df513
169.680104	1df513
169.693302	1e138f
169.707914	1e138f
169.716024	1f24bb399560
169.726809	1e0772
169.741135	1e138f
169.748352	1e138f
169.756361	1e3148
169.770873	1e138f
169.781265	1df513
169.791963	1ea1fd
169.806072	1e3148
169.817076	1f24bb39a3be
169.823120	1f24bb399560
169.830696	1df513
169.838728	1e138f
169.849196	1f24bb3995c2
169.855795	1e314e
169.861481	1df513
169.874541	1e903d
169.885956	1df7a4
169.892410	1df513
169.901273	1f24bb398986
169.907072	1df513
169.924285	1df513
169.935745	1f24bb39942c
169.941487	1f24bb399046
169.947885	1e138f
169.953134	1e138f
169.963505	1df513
169.971195	1e0772
169.982473	1e3148
169.993431	1f24bb39a174
170.007630	1e0e36
170.021357	1e138f
170.033470	1e3148
170.041023	1dfa2e
170.047556	1e0f5e
170.060428	1e3148
170.074847	1df995
170.082802	1df513
170.092877	1e0772
170.106807	1e138f
170.121752	1e0e36
170.134597	1e0784
170.146232	1e138f
170.160571	1e0f5e
170.169173	1e0f5e
170.175799	1e138f
170.185275	1df54b
170.196979	1df53d
170.209104	1df513
170.216188	1df54b
170.229507	1df513
170.240180	1df53d
170.252010	1f24bb399560
170.258593	1e138f
170.268719	1e138f
170.279434	1f24bb39a3be
170.292142	1df513
170.306744	1e138f
170.314368	1ea3d6
170.322897	1df68f
170.331928	1f24bb398dfa
170.337191	1df995
170.345605	1f24bb399560
170.357943	1df513
170.371365	1e138f
170.380521	1ea44e
170.389754	1e138f
170.401449	1e9066
170.410119	1e488c
170.423502	1e3148
170.433725	1e138f
170.441177	1df513
170.447026	1df513
170.460696	1e3148
170.470579	1dfa2e
170.476802	1dfa2e
170.484523	1df4ff
170.495125	1df95f
170.506377	1df9ec
170.512942	1e8e50
170.519853	1f24bb399340
170.534915	1df513
170.545093	1df54b
170.556558	1e3148
170.568402	1df513
170.576389	1e970c
170.584323	1e0e36
170.595223	1e135c
170.606734	1f24bb399382
170.617328	1dfea6
170.625387	1df995
170.631760	1df529
170.643787	1e3148
170.649644	1df513
170.662828	1df513
170.673854	1df6c1
170.681917	1df517
170.691417	1df513
170.703535	1df513
170.715998	1eaea7
170.722620	1f24bb398eec
170.728671	1e138f
170.744132	1e48e9
170.754696	1f24bb39a09d
170.766004	1df513
170.775992	1e138f
170.787676	1df54b
170.797609	1e138f
170.807772	1e1358
170.817358	1e8caa
170.825761	1f24bb39a060
170.838554	1e138f
170.848677	1e138f
170.859173	1df9fa
170.865250	1e3148
170.880166	1df513
170.887458	1dfa22
170.896030	1df76c
170.910842	1e138f
170.921525	1df513
170.929683	1df513
170.939752	1ed0f6
170.948287	1e138f
170.953648	1e131c
170.967394	1df513
170.978324	1e138f
170.985794	1dfe63
170.992892	1df513
171.002336	1e0e36
171.009837	1df513
171.024246	1df995
171.036344	1e0e2a
171.052179	1df513
171.064584	1e1394
171.074709	1e138f
171.086151	1df513
171.101308	1df995
171.110902	1e138f
171.118914	1e9ef0
171.130094	1e8c03
171.143156	1e138f
171.149904	1e3148
171.166724	1e129e
171.180851	1f24bb495884
171.187785	1e138f
171.199146	1df513
171.213824	1df513
171.220798	1e138f
171.234164	1e3148
171.246769	1e3148
171.257962	1df513
171.270193	1df513
171.283275	1eae7d
171.297081	1e0772
171.304458	1e138f
171.314211	1e138f
171.323653	1e0f25
171.333793	1e138f
171.343599	1df54b
171.351053	1e138f
171.365030	1e8e50
171.377950	1df513
171.388110	1df513
171.397261	1eae7d
171.403731	1df513
171.410646	1e138f
171.422049	1e8e50
171.427886	1e138f
171.433682	1e138f
171.445518	1e138f
171.462628	1f24bb398f07
171.471386	1e0772
171.480063	1e01f4
171.490620	1e031d
171.503437	1e01f4
171.512151	1e0772
171.523931	1e034a
171.536027	1e05e4
171.550763	1f24bb39a3c2
171.557427	1e034a
171.565841	1e02d9
171.579501	1e0601
171.586516	1e034a
171.594553	1e034a
171.605888	1e01f4
171.619994	1e06ba
171.634699	1e031d
171.647699	1e034a
171.657979	1e034a
171.663316	1e05f0
171.670796	1e034a
171.682910	1e031d
171.689159	1e034a
171.702301	1e0784
171.710447	1e0780
171.723302	1e02e7
171.736941	1e034a
171.745820	1f24bb397718
171.760415	1e034a
171.765718	1e01f4
171.779787	1e031d
171.793834	1e034a
171.808330	1e034a
171.820255	1e034a
171.835109	1e02bb
171.848864	1e034a
171.856618	1e01f4
171.864570	1e034a
171.873778	1e034a
171.880047	1e034a
171.894122	1e031d
171.903737	1e034a
171.909194	1e031d
171.916512	1e034a
171.929502	1f24bb39778a
171.939146	1e031d
171.950294	1e034a
171.962970	1e034a
171.971443	1e0589
171.978010	1e031d
171.985594	1e031d
171.997377	1e0813
172.010154	1e034a
172.020010	1e0784
172.029355	1e031d
172.041239	1e034a
172.055230	1e034a
172.061641	1e076e
172.076089	1e031d
172.090679	1e034a
172.105796	1e034a
172.119046	1e031d
172.126873	1e031d
172.141938	1e031d
172.153756	1e031d
172.160905	1e034a
172.172460	1e034a
172.186408	1e034a
172.196637	1e034a
172.209432	1e034a
172.215201	1e034a
172.223914	1f24bb39766d
172.236529	1e01d2
172.244948	1f24bb39772f
172.253209	1e06ba
172.266932	1e034a
172.278919	1e031d
172.286856	1e05f0
172.301777	1e034a
172.310458	1e034a
172.325764	1e01d2
172.333495	1e034a
172.342479	1e031d
172.352460	1f24bb39a3be
172.364929	1e034a
172.373276	1e031d
172.384810	1e034a
172.393758	1e0772
172.404418	1e034a
172.413949	1e031d
172.426898	1e0784
172.441307	1e0772
172.450765	1e034a
172.458455	1e031d
172.468608	1e031d
172.482584	1e034a
172.495092	1e0339
172.508669	1e0780
172.516058	1e01f4
172.524658	1e034a
172.539623	1e034a
172.552683	1e034e
172.568202	1e06ba
172.578002	1e034a
172.588492	1e034a
172.602788	1e01f4
172.612847	1e034a
172.621209	1e021c
172.635552	1e031d
172.644924	1e01f4
172.658078	1e034a
172.664613	1e034a
172.677450	1e031d
172.690280	1e031d
172.699705	1e031d
172.711752	1e031d
172.717240	1e034a
172.727279	1e031d
172.733856	1e031d
172.746337	1e034a
172.753756	1e031d
172.762629	1e034a
172.774543	1e034a
172.786342	1e031d
172.800508	1e034a
172.814693	1e031d
172.823979	1e034a
172.838923	1e034a
172.849567	1e034a
172.858007	1e034a
172.865924	1f24bb39681c
172.876188	1f24bb396896
172.883355	1f24bb396806
172.892782	1f24bb39686a
172.900717	1f24bb396806
172.914671	1f24bb396862
172.922537	1f24bb396709
172.936241	1f24bb396709
172.946722	1f24bb396896
172.954101	1f24bb39688f
172.960565	1f24bb3968b2
172.975056	1f24bb39670f
172.988416	1f24bb396806
173.000881	1f24bb396806
173.008092	1f24bb396806
173.014412	1f24bb39670f
173.023751	1f24bb3968e0
173.034309	1df513
173.040186	1e314f
173.054566	1e9888
173.060209	1f24bb399560
173.070574	1df513
173.077174	1e138f
173.086205	1e0772
173.096611	1e138f
173.110862	1e138f
173.123335	1eb149
173.132418	1e986a
173.145624	1e3148
173.152839	1f24bb398d46
173.159969	1e3148
173.169336	1e1372
173.183616	1e138f
173.198700	1e3148
173.208051	1f24bb399376
173.215877	1ce4d9
173.224096	1df513
173.231784	1df876
173.244847	1df513
173.251380	1e138f
173.261549	1f24bb399560
173.276461	1df513
173.284232	1df513
173.292713	1df513
173.302025	1e8e6a
173.312097	1eb642
173.323656	1dfa2e
173.336735	1e8caa
173.349669	1df513
173.358933	1e3148
173.364507	1ed0e4
173.374761	1e9ee2
173.386862	1df513
173.396272	1e8de5
173.406762	1f24bb495891
173.418186	1ecbb4
173.432996	1e0e24
173.445746	1e0784
173.458178	1e138f
173.473299	1df513
173.482640	1e138f
173.497387	1df513
173.502917	1df513
173.515471	1e138f
173.527447	1e9dcb
173.535132	1df513
173.545316	1f24bb399560
173.553043	1df513
173.565647	1e138f
173.579302	1df995
173.591337	1df995
173.597739	1df513
173.611624	1e138f
173.626017	1e3148
173.636763	1eb160
173.646314	1e314f
173.656708	1e3148
173.670244	1e8caa
173.681682	1df513
173.687231	1e3148
173.702290	1df995
173.714861	1dfeae
173.724979	1e9f53
173.730628	1df995
173.737685	1df513
173.750332	1df995
173.764711	1e138f
173.777664	1f24bb39a3c2
173.784214	1df513
173.789475	1df56a
173.803710	1eaeba
173.818819	1df7a4
173.833238	1df513
173.840099	1dfa2e
173.852251	1e138f
173.863171	1df513
173.877600	1df513
173.885072	1df513
173.892067	1df513
173.897990	1df971
173.911504	1e3148
173.919147	1e3148
173.930675	1f24bb398e22
173.937087	1df513
173.948557	1df513
173.956253	1df46a
173.969013	1df513
173.982010	1eae48
173.989254	1e138f
174.003489	1eae7d
174.018751	1e138f
174.028686	1e9888
174.043023	1e0f84
174.054591	1e0f5e
174.062787	1e0772
174.068190	1e0e36
174.078548	1e138f
174.086577	1f24bb3989d1
174.097224	1e0e36
174.105897	1eaead
174.117689	1df513
174.127579	1f24bb495884
174.134242	1df513
174.141421	1df513
174.153072	1ed0c2
174.160971	1e0772
174.175971	1df513
174.187583	1df53d
174.199866	1df43a
174.207903	1dfa2e
174.213308	1df53d
174.223921	1e12d7
174.237031	1df513
174.252054	1df513
174.263909	1df513
174.275781	1df513
174.289293	1ed107
174.295818	1df513
174.308162	1e0f5e
174.316384	1df995
174.321994	1e13a0
174.337067	1e8caa
174.344167	1e3148
174.359145	1df513
174.372746	1e9f53
174.386279	1df513
174.398751	1e138f
174.406014	1df513
174.422801	1f24bb39a067
174.428577	1e3148
174.433897	1df995
174.446203	1eb154
174.454262	1e138f
174.469357	1e138f
174.475669	1df513
174.490804	1df513
174.496112	1e138f
174.510510	1ea0f5
174.525262	1ecb96
174.536546	1df513
174.548471	1df513
174.558787	1e3148
174.570044	1df513
174.582580	1df7a4
174.593453	1e3148
174.602468	1e138f
174.615239	1eb11e
174.629009	1eae7d
174.642400	1e3148
174.648814	1e0f5e
174.659335	1e138f
174.668252	1df513
174.677248	1e0772
174.688962	1df513
174.694897	1df995
174.702107	1eb154
174.712791	1ecbac
174.725390	1df513
174.739535	1eb03e
174.746174	1e3148
174.752775	1e138f
174.765957	1e138f
174.778495	1e9708
174.786526	1e138f
174.794246	1df513
174.805647	1e0f5e
174.812473	1df995
174.821320	1df513
174.827944	1e0e31
174.834833	1df513
174.848064	1e0784
174.857860	1df513
174.863856	1f24bb399394
174.871723	1e138f
174.880141	1df513
174.889633	1e138f
174.904318	1f24bb398db3
174.915734	1e138f
174.923127	1f24bb398d46
174.936734	1eb5e0
174.946856	1e0f0c
174.954377	1ed152
174.961307	1f24bb39a1c5
174.973108	1df513
174.985039	1e134b
174.996816	1e138f
175.011686	1e138f
175.018635	1e0f5e
175.026202	1f24bb398e22
175.036499	1f24bb399386
175.049199	1e138f
175.061742	1e138f
175.067585	1e3148
175.078327	1df513
175.083947	1df513
175.090395	1ea090
175.096283	1f24bb398ea3
175.111773	1e138f
175.117715	1e138f
175.124472	1df513
175.130752	1ed0e8
175.137174	1e138f
175.144710	1df513
175.153952	1ed0b4
175.166133	1df513
175.179002	1df995
175.193161	1e138f
175.198520	1e3148
175.212195	1df513
175.221571	1e8df2
175.228126	1e138f
175.237129	1ed0f6
175.249565	1df912
175.260117	1df513
175.267752	1e138f
175.275112	1df957
175.282842	1e0f5a
175.299518	1e0f5e
175.308343	1e0f5e
175.321158	1e8d8a
175.328674	1f24bb39a066
175.340404	1df513
175.350478	1f24bb398eb4
175.361645	1df56a
175.373380	1df513
175.379551	1f24bb398f07
175.389899	1df513
175.396850	1e138f
175.411359	1df54b
175.421938	1df513
175.429045	1df76c
175.435642	2021bd
175.449968	1df9d8
175.461628	1df54b
175.471495	1e8c40
175.484066	1e06ba
175.493482	1e034a
175.502599	1e0813
175.512710	1e031d
175.518538	1e0813
175.531428	1e031d
175.537970	1e034a
175.552677	1e031d
175.565545	1e031d
175.574345	1e031d
175.587621	1e031d
175.602105	1e031d
175.609189	1e034a
175.619965	1e034a
175.630018	1e0796
175.644183	1e06fe
175.652241	1e034a
175.661527	1e031d
175.674828	1e05f0
175.686853	1e031d
175.699734	1e034a
175.714479	1e031d
175.723907	1e034a
175.736268	1e0784
175.745785	1e031d
175.755492	1e034a
175.765028	1e031d
175.772852	1e031d
175.784228	1f24bb39769e
175.796305	1e031d
175.801653	1e0784
175.807018	1e0239
175.815568	1e034a
175.824292	1e034a
175.830117	1e06ba
175.844251	1e034a
175.853169	1f1e88
175.862314	1e031d
175.869795	1e034a
175.880268	1e0784
175.890116	1e031d
175.901139	1e034a
175.910939	1e034a
175.916783	1e0772
175.923784	1e031d
175.934664	1e031d
175.944246	1e034a
175.957574	1e034a
175.971658	1e034a
175.983857	1e0601
175.996500	1e031d
176.005393	1e0601
176.019710	1e034a
176.034179	1e034a
176.041929	1e0239
176.048203	1e01ad
176.057898	1f24bb3977c4
176.072546	1e034a
176.085571	1e01f4
176.099738	1e0784
176.108563	1e034a
176.123299	1e031d
176.135417	1e031d
176.143180	1e0772
176.154314	1e01d2
176.166052	1e031d
176.176643	1e01f4
176.185279	1e0784
176.196476	1e034a
176.205643	1e031d
176.218289	1e0234
176.232851	1e01f4
176.246854	1e034a
176.255983	1e034a
176.262716	1e034a
176.270922	1e034a
176.281810	1e031d
176.295319	1e031d
176.307222	1e031d
176.315891	1e031d
176.327873	1e031d
176.342156	1e031d
176.354188	1e031d
176.362761	1e031d
176.375465	1e031d
176.389477	1e034a
176.394825	1e031d
176.410061	1e031d
176.416931	1e0210
176.427884	1e034a
176.442631	1e01f4
176.449388	1e034a
176.455526	1e034a
176.461617	1e034a
176.467831	1e034a
176.476238	1e034a
176.490447	1e05f0
176.497982	1e034a
176.513000	1e031d
176.525884	1e034a
176.531649	1e034a
176.539952	1e031d
176.553221	1e031d
176.561956	1e031d
176.572359	1e034a
176.583165	1e034a
176.596558	1e031d
176.604395	1e034a
176.615286	1e034a
176.627040	1e031d
176.636826	1e031d
176.648548	1e031d
176.654525	1e034a
176.661473	1e01f4
176.670387	1e031d
176.684381	1e034a
176.694257	1e01f4
176.709051	1e031d
176.716900	1e034a
176.731479	1e031d
176.741564	1f24bb397786
176.751168	1e034a
176.759753	1e0225
176.772768	1e034a
176.782545	1e034a
176.794411	1e06ba
176.804358	1e0563
176.812603	1e01d2
176.821398	1e034a
176.833873	1e031d
176.846665	1e034a
176.860437	1e0772
176.873685	1e031d
176.883484	1f1eb5
176.896616	1e031d
176.904342	1e034a
176.914844	1e034a
176.925840	1e02f9
176.935962	1e034a
176.945865	1e034a
176.954475	1e034a
176.968844	1e06ba
176.978201	1e06ba
176.989672	1e01f4
176.999172	1e01d2
177.008134	1e076e
177.022948	1e034a
177.032229	1e034a
177.045244	1f24bb3976e6
177.059486	1e034a
177.072113	1e034a
177.081193	1e06ba
177.104660	1e0780
177.115558	1e034a
177.125577	1e031d
177.133622	1e034a
177.139235	1e034a
177.151233	1e0601
177.159784	1e034a
177.172668	1e076e
177.182646	1f24bb3977c4
177.191621	1e034a
177.204297	1e031d
177.215291	1e031d
177.227111	1e06ba
177.233050	1f24bb39a416
177.247765	1e034a
177.257360	1e0772
177.264820	1e031d
177.273027	1e034a
177.278720	1e031d
177.292802	1e031d
177.304040	1e031d
177.309348	1e031d
177.314837	1e0813
177.324048	1e034a
177.329490	1e034a
177.341280	1e034a
177.351392	1f24bb39a3c5
177.358136	1e034a
177.375869	1f24bb397666
177.387201	1e0784
177.398947	1e034a
177.413101	1e031d
177.425149	1e031d
177.438928	1e034a
177.448846	1e0780
177.466780	1e034a
177.476900	1f24bb396806
177.485595	1f24bb396806
177.499849	1f24bb396806
177.512370	1f24bb396806
177.525293	1f24bb396806
177.539086	1f24bb396806
177.548552	1f24bb39687f
177.561585	1f24bb39670f
177.574534	1f24bb3968b2
177.588199	1f24bb396709
177.597347	1f24bb3968bf
177.605935	1f24bb396896
177.613648	1f24bb39670f
177.619504	1f24bb396862
177.625228	1f24bb3968b2
177.630775	1f24bb396806
177.640202	1f24bb396806
177.646756	1f24bb3966ff
177.657784	1f24bb39670f
177.678740	1f24bb39670f
177.692640	1f24bb39670f
177.705429	1f24bb396806
177.727888	1f24bb39670f
177.742296	1f24bb399560
177.752116	1df513
177.762704	1e0e24
177.774725	1df7ae
177.784769	1df995
177.798761	1df513
177.807834	1f24bb398f87
177.822964	1f24bb399560
177.829450	1df513
177.842979	1f24bb3966e9
177.852553	1e1394
177.866774	1df513
177.879627	1df513
177.887337	1df513
177.902250	1e0f5e
177.912150	1df513
177.946704	1df53d
177.954899	1e138f
177.969932	1df513
177.976074	1df513
177.988342	1df513
178.002733	1df995
178.018738	1e138f
178.027059	1e9814
178.110734	1df987
178.125225	1e138f
178.132063	1f24bb399560
178.146733	1f24bb399560
178.160271	1e3148
178.170096	1e13a5
178.177430	1e8e9f
178.183320	1df513
178.197589	1df513
178.208088	1e3148
178.215180	1dfa2e
178.222839	1f24bb399560
178.237361	1eaead
178.248866	1e138f
178.259360	1eb61a
178.266746	1f24bb3993a1
178.278777	1ea1fd
178.286737	1df53d
178.297967	1e20b7
178.308819	1e138f
178.315299	1e138f
178.325093	1eb154
178.331966	1f24bb398d46
178.341882	1df957
178.355428	1df513
178.367434	1e138f
178.375923	1df513
178.389183	1df876
178.396805	1e138f
178.409096	1e20d5
178.418781	1df513
178.426257	1e12b9
178.435627	1e138f
178.450594	1e8f04
178.464848	1df53d
178.473032	1df995
178.486101	1eaead
178.492197	1e138f
178.500601	1e138f
178.508957	1e3148
178.518071	1df513
178.529915	1e485d
178.541134	1e0e36
178.554774	1df513
178.563306	1e138f
178.570562	1df995
178.576344	1df513
178.587623	1e3148
178.599726	1e8e50
178.613577	1e8c03
178.623335	1eae6f
178.638087	1e138f
178.651323	1f24bb399560
178.663328	1e135c
178.676672	1e138f
178.682154	1df995
178.692390	1e3148
178.698349	1e138f
178.704121	1e138f
178.715584	1e076e
178.727086	1df513
178.738766	1e138f
178.754716	1e138f
178.768653	1f24bb398ea3
178.782066	1f24bb398ec2
178.792385	1e3148
178.799234	1e0f8b
178.812191	1e0f5e
178.818977	1df513
178.833993	1e3148
178.840250	1e0e36
178.855779	1df54b
178.862754	1e3148
178.877921	1dfa2e
178.884815	1df995
178.895567	1df995
178.902141	1df513
178.907652	1df513
178.920655	1ecb40
178.935794	1df513
178.949215	1e138f
178.962773	1f24bb398e71
178.968348	1e0f5e
178.978327	1eb154
178.986354	1e138f
178.994708	1df513
179.004917	1df995
179.016155	1e3148
179.023059	1e8de5
179.030087	1df513
179.039640	1df9ad
179.047448	1e076e
179.059294	1e138f
179.068230	1df995
179.078117	1e1265
179.088297	1df513
179.100479	1e3148
179.112186	1e138f
179.125707	1f24bb39a1c5
179.138441	1e3148
179.151888	1df995
179.158713	1df513
179.173786	1f24bb39a0a1
179.180000	1b9f33
179.193348	1df513
179.198742	1e3148
179.205611	1e138f
179.214960	1e138f
179.228508	1e3148
179.243252	1df513
179.256661	1df513
179.262038	1df513
179.271087	1df513
179.376243	1df513
179.390174	1df513
179.398134	1df513
179.405061	1f24bb39a238
179.411593	1eae85
179.425499	1e0f5e
179.435951	1e138f
179.446758	1f24bb399560
179.452230	1df513
179.465180	1dfa26
179.478107	1df513
179.489132	1df53d
179.499597	1ecbd0
179.508777	1df513
179.518630	1e3148
179.526419	1df513
179.539689	1e8c11
179.545216	1e0e36
179.556755	1e138f
179.563786	1e3148
179.577885	1e138f
179.588511	1e138f
179.595542	1df513
179.605020	1e138f
179.612959	1e8cc0
179.618245	1e3148
179.633326	1eaf04
179.641235	1df513
179.655393	1f24bb398e40
179.665345	1ea1c3
179.677869	1eae7d
179.686327	1df513
179.698560	1e0e36
179.706955	1df513
179.716349	1eb65b
179.721758	1e138f
179.727015	1e3148
179.734738	1e3148
179.741804	1e3148
179.755061	1e138f
179.766704	1e0f5e
179.776071	1df51b
179.783177	1df513
179.790954	1e138f
179.802447	1df513
179.811684	1e138f
179.823115	1e3148
179.836032	1f24bb398e57
179.842713	1dfa22
179.853069	1e131c
179.863137	1df8f2
179.874449	1e138f
179.888546	1e138f
179.899569	1e138f
179.910988	1e138f
179.923447	1df995
179.937298	1df513
179.945857	1e3148
179.952756	1df8ce
179.958117	1e138f
179.968724	1e3148
179.977484	1df513
179.989002	1e0772
180.002193	1df513
180.014289	1df8ab
180.024507	1eaead
180.035648	1df513
180.041049	1e0e1a
180.052376	1eae7d
180.061621	1df513
180.067164	1e138f
180.077803	1e138f
180.088903	1df513
180.099165	1e138f
180.106747	1df876
180.118722	1e3148
180.130470	1e0772
180.136912	1e135c
180.144803	1e138f
180.156248	1df513
180.173644	1df513
180.187635	1df54b
180.195263	1df957
180.201273	1e8c07
180.209047	1df513
180.217263	1df513
180.225693	1ecb3b
180.233409	1e8caa
180.246071	1ecc7c
180.256300	1eaecd
180.264442	1eb154
180.272131	1e3148
180.286830	1df54b
180.292974	1df513
180.301519	1e0fbe
180.307454	1e12d7
180.323412	1b9f33
180.332648	1eb642
180.339632	1df513
180.349156	1e138f
180.357695	1df513
180.372993	1df513
180.379644	1df513
180.393783	2021e1
180.400836	1e9713
180.408227	1e076e
180.418906	1df7a4
180.432491	1eb171
180.446535	1f24bb495891
180.459564	1df9b4
180.468094	1e138f
180.477974	1e138f
180.489703	1df454
180.501359	1df513
180.510770	1f24bb4958a1
180.525094	1f24bb398ad6
180.535092	1df75d
180.540803	1df513
180.553983	1df513
180.568073	1e312e
180.578933	1e3148
180.592153	1df411
180.600639	1ecb74
180.607455	1df513
180.614599	1f24bb398eb4
180.623674	1df513
180.633140	1f24bb398ddd
180.640211	1df912
180.646036	1df513
180.651448	1df513
180.662309	1e0e36
180.668557	1f24bb398e12
180.675666	1e138f
180.684752	1df513
180.692498	1df54b
180.699192	1e138f
180.713602	1e1394
180.723488	1e1394
180.738786	1f24bb398ef9
180.751326	1df513
180.758550	1df513
180.771332	1df513
180.779507	1e0e36
180.785398	1eaead
180.793877	1df513
180.808253	1e0f6e
180.815417	1f24bb397660
180.827044	1e138f
180.832504	1eae7d
180.839670	1df513
180.850900	1df513
180.860649	1e0f5e
180.875320	1df513
180.888731	1e0784
180.902548	1e0767
180.911880	1df53d
180.917914	1e8c40
180.929668	1e138f
180.941457	1e3148
180.947706	1eae7d
180.953002	1df513
180.963339	1e0772
180.974537	1e138f
180.985991	1e138f
180.991655	1e8b68
181.004363	1e0772
181.012912	1e138f
181.062793	1e138f
181.069313	1df513
181.077369	1df513
181.090379	1df513
181.099388	1df513
181.111298	1e138f
181.121329	1f24bb49591d
181.129300	1e138f
181.136405	1df513
181.141732	1df995
181.154557	1eaee1
181.169061	1df513
181.180664	1e138f
181.186693	1e138f
181.196416	1df513
181.211521	1df513
181.225775	1e0772
181.232325	1eb69b
181.244396	1df513
181.254863	1f24bb398dcb
181.269475	1e8b6a
181.283104	1e13a7
181.301616	1e1394
181.309261	1df513
181.317024	1df513
181.330367	1df513
181.340144	1df513
181.351736	1df923
181.363637	1e48b8
181.377382	1e0e36
181.384804	1e48ca
181.390760	1e138f
181.396302	1e0f5e
181.403861	1e138f
181.418803	1eb154
181.430700	1eae7d
181.435886	1df51b
181.444446	1e3148
181.455714	1df995
181.465024	1df513
181.476310	1df51b
181.482328	1e0ee5
181.495574	1df513
181.506922	1e138f
181.516228	1df886
181.529926	1f24bb398ea3
181.541454	1e138f
181.547802	1df513
181.561186	1df513
181.576168	1e0f5e
181.581505	1e138f
181.592746	1f24bb398abf
181.598098	1e8d5f
181.605536	1f24bb495884
181.618847	1df513
181.631174	1e034a
181.645179	1e031d
181.659729	1e0784
181.673815	1e0784
181.680492	1e031d
181.691974	1e078b
181.703834	1e034a
181.718558	1e034a
181.724279	1e031d
181.739199	1e0784
181.747429	1e034a
181.754693	1e0813
181.768153	1e034a
181.777371	1e034a
181.788871	1f24bb397718
181.794743	1e031d
181.807268	1e034a
181.816201	1e031d
181.823957	1e031d
181.831885	1e034a
181.844951	1e0772
181.860069	1e034a
181.868277	1e031d
181.882161	1e034a
181.895203	1e031d
181.909404	1e034a
181.914922	1e034a
181.927740	1e031d
181.941993	1e01f4
181.951197	1e034a
181.959388	1e034a
181.972616	1e031d
181.983951	1e034a
181.995922	1e0325
182.008072	1e034a
182.018398	1e034a
182.026470	1e031d
182.038978	1e031d
182.052331	1e034a
182.061558	1e031d
182.068416	1e034a
182.074102	1e034a
182.083888	1f24bb3977c4
182.098768	1e034a
182.106102	1e034a
182.115010	1e034a
182.127970	1e034a
182.141250	1e0772
182.153284	1e031d
182.166944	1e06ba
182.180983	1e06fe
182.195691	1e031d
182.206993	1e034a
182.218326	1e034a
182.230121	1e031d
182.245406	1e031d
182.253136	1e034a
182.265113	1e034a
182.278250	1e034a
182.293007	1e031d
182.306364	1e031d
182.321440	1e034a
182.327103	1e031d
182.337956	1e031d
182.348631	1e031d
182.362620	1e01f4
182.371365	1e034a
182.382214	1e0772
182.394925	1f24bb39a3c2
182.402749	1e034a
182.413244	1e031d
182.421363	1e0601
182.434022	1e034a
182.441000	1e028e
182.447144	1f24bb39a3c2
182.459352	1e031d
182.467264	1e031d
182.476667	1e0772
182.488275	1e034a
182.497037	1e034a
182.502304	1e035c
182.516410	1e05f0
182.524080	1e031d
182.529942	1e034a
182.538093	1e06f9
182.549425	1e031d
182.556084	1e034a
182.563127	1e034a
182.570076	1e034a
182.576664	1e0813
182.589182	1e01f4
182.603028	1e05f0
182.608365	1f24bb3977c4
182.616724	1e034a
182.626726	1e031d
182.638403	1e031d
182.650759	1e031d
182.658504	1e034a
182.666521	1e0234
182.672449	1e01f4
182.686277	1e034a
182.696829	1e034a
182.702266	1e034a
182.708194	1e031d
182.720262	1e0813
182.735147	1e01f4
182.745107	1e0772
182.757043	1e034a
182.770724	1e0772
182.775989	1e031d
182.790685	1e031d
182.800786	1e031d
182.810704	1e034a
182.822631	1f1e88
182.831329	1e034a
182.839955	1e01f4
182.854344	1e0307
182.867217	1e031d
182.881145	1e034a
182.894097	1e034a
182.899588	1e034a
182.911338	1e031d
182.925991	1e0589
182.935435	1e034a
182.940814	1e031d
182.954199	1e031d
182.968607	1f1ead
182.980694	1e0659
182.995358	1e031d
183.006687	1e034a
183.021360	1e034a
183.027914	1e01f4
183.033092	1e034a
183.044119	1e031d
183.049879	1e031d
183.060644	1e031d
183.070510	1e034a
183.081185	1e034a
183.091464	1e034a
183.106440	1e034a
183.115449	1e034a
183.121830	1e031d
183.133304	1e031d
183.139548	1e034a
183.152841	1e031d
183.164022	1f24bb39769e
183.174108	1e034a
183.182412	1e01f4
183.193309	1e031d
183.199925	1e0784
183.211825	1e034a
183.225156	1e0784
183.238751	1e031d
183.247013	1f24bb39772b
183.255357	1e034a
183.267574	1e031d
183.277454	1f24bb39769e
183.288620	1e031d
183.298748	1e034a
183.307363	1e034a
183.317721	1e034a
183.329764	1e031d
183.335524	1e031d
183.350063	1e031d
183.359790	1e034a
183.369531	1e031d
183.382212	1e06ba
183.389317	1e031d
183.401229	1e034a
183.416379	1e034a
183.429652	1e031d
183.443842	1e01f4
183.456719	1e034a
183.467382	1e0784
183.472967	1e034a
183.482727	1e034a
183.488974	1e034a
183.495665	1e0784
183.508835	1e034a
183.522483	1e034a
183.528747	1e034a
183.540044	1e034a
183.547026	1e034a
183.556795	1e031d
183.569713	1e034a
183.575811	1e034a
183.590865	1e0813
183.598763	1e031d
183.605465	1e034a
183.620013	1e034a
183.628148	1f24bb39768c
183.637269	1e034a
183.648264	1e034a
183.657061	1e01f4
183.667045	1e034a
183.676989	1e0772
183.685587	1e031d
183.693136	1e031d
183.705317	1e01f4
183.719511	1e034a
183.726292	1e031d
183.733368	1e0601
183.739186	1e01f4
183.747034	1e0601
183.754599	1e020b
183.761820	1e031d
183.775394	1e0601
183.780684	1e031d
183.790419	1e031d
183.804617	1e034a
183.818467	1e031d
183.831246	1e076e
183.843662	1e031d
183.853466	1e0784
183.859002	1e031d
183.870931	1e034a
183.878701	1e034a
183.890860	1e031d
183.900362	1e031d
183.912908	1e06ba
183.927565	1e034a
183.942732	1e031d
183.955304	1e034a
183.965055	1e06ba
183.979141	1e0784
183.988016	1e031d
184.000693	1e034a
184.014868	1e034a
184.021034	1e034a
184.033759	1e0601
184.044278	1e034a
184.052941	1e034a
184.062434	1e0813
184.070751	1e034a
184.083228	1e034a
184.095516	1e06ba
184.106296	1e034a
184.119306	1e0784
184.125403	1e01f4
184.135909	1e01f4
184.145761	1e0784
184.160401	1e01f4
184.174484	1e031d
184.180536	1e034a
184.195319	1e01c9
184.208089	1f24bb39a3c2
184.220959	1e034a
184.231948	1e031d
184.243321	1e05f0
184.252145	1e034a
184.258152	1e01f4
184.269559	1e034a
184.274841	1e031d
184.286898	1e031d
184.295102	1e034a
184.309401	1e0314
184.320945	1e05f0
184.334619	1e034a
184.344957	1e0601
184.354991	1e031d
184.360541	1e034a
184.372390	1e034a
184.382846	1e034a
184.395979	1e076e
184.401597	1e034a
184.407036	1f24bb396806
184.415365	1f24bb39685e
184.426502	1f24bb396862
184.441274	1f24bb396806
184.455572	1f24bb396896
184.470432	1f24bb396806
184.485252	1f24bb396806
184.491970	1f24bb396806
184.504337	1f24bb396806
184.512981	1f24bb39670f
184.522550	1f24bb396825
184.535335	1f24bb396709
184.543946	1f24bb3968e5
184.555090	1f24bb3968b2
184.570896	1f24bb396806
184.583567	1f24bb396862
184.594568	1f24bb396709
184.604018	1f24bb396709
184.614250	1f24bb3966ee
184.625577	1f24bb396896
184.635651	1f24bb396806
184.642724	1f24bb39670f
184.652079	1f24bb39670f
184.667073	1f24bb396709
184.677594	1f24bb3968db
184.684562	1f24bb396929
184.691851	1f24bb396806
184.705691	1f24bb396806
184.716634	1f24bb396806
184.730729	1f24bb39670f
184.740906	1f24bb39670f
184.751326	1f24bb39670f
184.764745	1f24bb39670f
184.778371	1f24bb399560
184.786509	1df513
184.801129	1df513
184.812074	1df513
184.823747	1e3138
184.838345	1df53d
184.853198	1e138f
184.865532	1eb642
184.873740	1df513
184.879870	1df513
184.887326	1df513
184.896452	1e138f
184.903831	1df6bd
184.909227	1e0772
184.922411	1eae7d
184.935642	1e138f
184.942108	1e138f
184.951632	1df513
184.965307	1f24bb399560
184.975242	1df9b4
184.984324	1e138f
184.993930	1df513
185.006699	1e8d5f
185.016424	1df513
185.025160	1df513
185.034371	1df513
185.046706	1e0e22
185.059190	1df7a4
185.069455	1eaf3c
185.090235	1df876
185.101017	1e138f
185.111990	1e138f
185.127018	1df513
185.135300	1df513
185.149092	1e138f
185.157968	1f24bb398dcb
185.171360	1e121b
185.185850	1eadc7
185.194688	1eae7d
185.208752	1e076e
185.218573	1e138f
185.231536	1e138f
185.244864	1e138f
185.256962	1e9731
185.272104	1e48a7
185.283336	1e076e
185.289097	1f24bb398e12
185.299534	1df513
185.305897	1e138f
185.315018	1df513
185.322206	1e076e
185.336987	202294
185.344742	1eaec9
185.354825	1df995
185.369316	1df513
185.383992	1df68f
185.392661	1e8c91
185.404670	1e138f
185.416509	1e8cc0
185.424148	1df513
185.430217	1e8d5f
185.438256	1df513
185.453042	1e138f
185.459584	1df513
185.468540	1fb5d5
185.481156	1df513
185.491831	1eadb9
185.498753	1e8e32
185.512127	1f24bb399560
185.521004	1e0784
185.526538	1e1257
185.532814	1e8caa
185.544986	1df513
185.551799	1df513
185.557797	1e138f
185.565462	1f24bb39936e
185.576214	1df513
185.589608	1e076e
185.601030	1eaeba
185.613968	1e138f
185.625271	1e3148
185.633137	1e1394
185.644941	1df513
185.650515	1df876
185.660270	1e3148
185.666468	1eae7d
185.676786	1df68b
185.682163	1df513
185.693293	1e8fd6
185.707143	1e0e36
185.718570	1e0772
185.723830	1df513
185.731310	1df418
185.736808	1e138f
185.750715	1df513
185.755939	1eb154
185.761911	1eaf4b
185.767374	1df513
185.778815	1df513
185.791266	1df513
185.805958	1e8de5
185.813035	1df513
185.823447	1e0784
185.834029	1e0f5e
185.845262	1dfa2e
185.858563	1e138f
185.872076	1e138f
185.884153	1eae7d
186.218590	1f24bb39a060
186.229815	1df513
186.235694	1df51b
186.250010	1e8caa
186.262838	1e1213
186.270069	1df513
186.279127	1df995
186.287858	1e138f
186.300916	1e138f
186.316810	1df571
186.329836	1e48a7
186.340713	1df513
186.355798	1e138f
186.369711	1e0f5e
186.382710	1e3148
186.390150	1dfa2e
186.397421	1dfa2e
186.404131	1df422
186.411887	1e138f
186.418155	1e138f
186.429893	1df513
186.438975	1ea43f
186.448741	1df76c
186.467182	1e138f
186.478563	2021e1
186.487297	1df513
186.493874	1df513
186.508367	1e138f
186.517104	1df513
186.532070	1df7a4
186.544898	1df513
186.556849	1df513
186.571805	1df513
186.586614	1e3148
186.599271	1e0f5e
186.605108	1f24bb398ab8
186.618243	1e0e36
186.626066	1e48a4
186.639257	1df513
186.649349	1dfa2e
186.660045	1df513
186.669363	1df513
186.676811	1eb656
186.685964	1df513
186.700818	1e8ecd
186.710371	1e138f
186.722741	1f24bb39a076
186.737347	1e0f5e
186.744827	1dfe41
186.754543	1e138f
186.768597	1e138f
186.781240	1df513
186.794758	1eae94
186.809743	1df513
186.817190	1e138f
186.832319	1f24bb39935c
186.847108	1df513
186.855884	1df513
186.862466	1e3148
186.878893	1df513
186.893049	1e3148
186.900642	1e3148
186.909286	1df513
186.917066	1df513
186.924370	1e138f
186.933130	1df513
186.942463	1e138f
186.954193	1e3148
186.967026	1df513
186.976336	1e138f
186.987079	1df957
186.995015	1df513
187.004104	1e138f
187.012999	1df513
187.020043	1df513
187.033965	1df513
187.049119	1e138f
187.060677	1e138f
187.070721	1e138f
187.076192	1df513
187.090485	1e138f
187.104372	1dfa22
187.116958	1e4899
187.125641	1e3148
187.135043	1df513
187.146543	1f24bb39897f
187.152143	1eae7d
187.158180	1e138f
187.168353	1e138f
187.179214	1dfeaa
187.186295	1e138f
187.197190	1e138f
187.211145	1e138f
187.222381	1e138f
187.229027	1eb050
187.240210	1e076e
187.254264	1df513
187.261761	1ea437
187.270854	1e8f4d
187.281131	1ed0e4
187.294710	1e138f
187.307371	1e3148
187.316993	1df995
187.328164	1e138f
187.341868	1e8f1d
187.353419	1df513
187.365699	1df513
187.379002	1eae7d
187.393833	1df513
187.404410	1df513
187.415401	1df513
187.425900	1ea079
187.441002	1df68b
187.446732	1e138f
187.458584	1df513
187.467930	1e138f
187.476835	1df51b
187.484619	1df513
187.498816	1df8ab
187.512550	1f24bb3993b0
187.522316	1df513
187.536047	1df513
187.549021	1df513
187.560703	1ea12d
187.570175	1df513
187.578067	1df513
187.588740	1df513
187.594276	1f24bb399754
187.606751	1df513
187.614592	1f24bb398eb4
187.620562	1df513
187.632045	1df513
187.647489	1df513
187.660648	1e3148
187.669352	1eae7d
187.679996	1e138f
187.694245	1df513
187.708196	1df513
187.716510	1df513
187.727770	1e1333
187.737113	1eb08b
187.751217	1df876
187.760657	1e972e
187.768614	1df411
187.779274	1df876
187.792897	1df513
187.805977	1e138f
187.816354	1e138f
187.829861	1f24bb3989cd
187.842279	1e12e4
187.852640	1f24bb398e12
187.864287	1df513
187.869893	1e138f
187.883215	1e138f
187.890590	1e133b
187.900137	1eb5c8
187.906219	1eb154
187.915266	1df50e
187.929536	1df513
187.944542	1df957
187.952277	1e0e24
187.962225	1df513
187.974303	1e3148
187.986505	1df876
187.991811	1e138f
188.005514	1e138f
188.020263	1e138f
188.028903	1df513
188.035956	1eae33
188.050712	1df513
188.056880	1eb5f8
188.071608	1df513
188.085217	1e138f
188.100414	1e138f
188.110974	1df513
188.125858	1df513
188.134693	1e138f
188.149819	1df513
188.162320	1df54b
188.175605	1e1394
188.183778	1e138f
188.194681	1df513
188.206205	1e138f
188.217023	1eb154
188.223925	1e0e51
188.235299	1f24bb398994
188.248282	1df513
188.254799	1f24bb39935c
188.265063	1e0784
188.277960	1df513
188.292226	1df513
188.298758	1df513
188.305691	1e138f
188.313456	1df513
188.327331	1e3148
188.334388	1df513
188.349424	1e138f
188.363828	1df995
188.377345	1e0f5e
188.389488	1df513
188.398353	1df513
188.412631	1e3148
188.424250	1e138f
188.435317	1df513
188.441830	1f24bb39a1c5
188.451043	1e138f
188.463878	1ce4d9
188.476084	1df513
188.481815	1f24bb398d46
188.495219	1e138f
188.506523	1df54b
188.515686	1eb042
188.528567	1eae7d
188.536799	1df995
188.549300	1df513
188.558370	1df54b
188.570335	1e138f
188.583470	1df876
188.591928	1e8e50
188.603469	1e138f
188.611677	1df513
188.625946	1df7a4
188.637991	1df513
188.646744	1df513
188.658150	1df513
188.671730	1eaead
188.677371	1e138f
188.692387	1eb6a2
188.697856	1df513
188.708407	1df513
188.717396	1df513
188.734726	1eafae
188.740066	1df68b
188.748520	1e138f
188.757522	1e1383
188.766802	1e8c0b
188.773476	1df513
188.779669	1e0e36
188.786099	1f24bb39a067
188.796616	1df68b
188.811425	1f24bb39a1c5
188.826549	1df513
188.840365	1e138f
188.847179	1f24bb39a1c5
188.857057	1e138f
188.865616	1e1394
188.877525	1f24bb398e7d
188.888672	1e138f
188.896288	1e138f
188.904072	1df513
188.910647	1df513
188.917660	1e138f
188.930502	1f24bb398ea3
188.937460	1df513
188.945530	1e12df
188.962035	1e138f
188.973048	1e138f
188.987156	1ea166
189.000614	1df513
189.012971	1df513
189.018472	1e138f
189.032437	1e0e36
189.040125	1eae7d
189.047426	1df513
189.056562	1df513
189.069514	1e138f
189.080759	1df513
189.089714	1e0f5e
189.100374	1df513
189.110143	1e138f
189.117212	1eb154
189.129463	1df513
189.136162	1e0f5e
189.142843	1f24bb398abf
189.151511	1df513
189.164849	1e9f1c
189.175955	1f24bb399382
189.184957	1df54b
189.194017	1e1188
189.207604	1df9dc
189.212840	1e8b9b
189.222527	1e8c40
189.232355	1e138f
189.241107	1df513
189.250354	1df957
189.261329	1e138f
189.272296	1e0f10
189.278393	1eae7d
189.294082	1ed0e8
189.302716	1e48b5
189.316626	1e138f
189.325848	1e138f
189.338768	1df513
189.350738	1e138f
189.361061	1df513
189.369472	1df513
189.381784	1e906d
189.394238	1e138f
189.404861	1e138f
189.410157	1df513
189.422550	1eae7d
189.434533	1df513
189.444138	1df513
189.455247	1df513
189.463106	1eb65b
189.474680	1df53d
189.489353	1df513
189.499016	1eadbe
189.508177	1df513
189.518149	1df513
189.533282	1e3148
189.544281	1e138f
189.556493	1f24bb399042
189.565568	1e138f
189.571873	1e138f
189.586882	1df513
189.600550	1ed0e0
189.614215	1df912
189.622036	1e138f
189.630570	1f24bb398e57
189.644552	1e138f
189.652890	1e0772
189.660993	1df912
189.672121	1e138f
189.680762	1e0e22
189.693808	1e138f
189.702567	1e138f
189.716893	1e034a
189.723851	1e034a
189.730524	1e034a
189.742552	1e031d
189.749270	1e0784
189.756588	1e031d
189.771111	1e031d
189.785663	1e076e
189.793314	1e034a
189.806164	1e031d
189.821084	1e034a
189.827503	1e034a
189.838904	1f24bb39a3c2
189.846490	1e0784
189.852096	1e034a
189.857611	1e034a
189.869583	1e01ad
189.884174	1e034a
189.890428	1e0601
189.899293	1e06e9
189.912484	1e0784
189.918140	1e01ad
189.928071	1e0796
189.933435	1e0221
189.939688	1e031d
189.950796	1e034a
189.962328	1f24bb39a3c2
189.974904	1e031d
189.988598	1e031d
190.003454	1e034a
190.017158	1e031d
190.028814	1e031d
190.039165	1e034a
190.046552	1e034a
190.054434	1e031d
190.063981	1e031d
190.069510	1e034a
190.083439	1e034a
190.095139	1e031d
190.107096	1e0333
190.117320	1e031d
190.127934	1e034a
190.133850	1e034a
190.139620	1e031d
190.151618	1e0563
190.164816	1e031d
190.178506	1f24bb397762
190.191037	1e031d
190.201917	1e031d
190.214768	1e034a
190.226866	1e02f9
190.240874	1e034a
190.247038	1e031d
190.253773	1e01d2
190.260743	1e034a
190.266158	1e034a
190.280760	1e034a
190.291024	1e034a
190.298733	1e034a
190.310401	1e06ba
190.319235	1e031d
190.334202	1e034a
190.342765	1e031d
190.356495	1e031d
190.362975	1e031d
190.369480	1e0784
190.382437	1e034a
190.394176	1e034a
190.401970	1e031d
190.412669	1e031d
190.423066	1e031d
190.433228	1e034a
190.439325	1e031d
190.446493	1e034a
190.460610	1e031d
190.471502	1e031d
190.482114	1e031d
190.490596	1e034a
190.504766	1e06ba
190.512975	1e031d
190.526974	1e034a
190.540284	1e034a
190.551888	1e05f0
190.560657	1e031d
190.568803	1e031d
190.579073	1e034a
190.589787	1e034a
190.595501	1e0819
190.601535	1e034a
190.608686	1e0772
190.620295	1e034a
190.628422	1e034a
190.634575	1e034a
190.640510	1e034a
190.648220	1e034a
190.653813	1e034a
190.668245	1e031d
190.683244	1e031d
190.690226	1e05f0
190.701359	1e034a
190.714882	1e031d
190.721365	1e031d
190.732921	1e0774
190.745603	1e031d
190.754790	1e05f0
190.769571	1e034a
190.776167	1e034a
190.781683	1e031d
190.790446	1e031d
190.800196	1e0234
190.811547	1e031d
190.819889	1e034a
190.844708	1e034a
190.852160	1e031d
190.858090	1e01f4
190.863746	1e034a
190.878773	1e0670
190.888853	1e031d
190.894470	1e031d
190.909205	1e031d
190.915811	1e031d
190.925031	1e031d
190.930919	1e034a
190.943199	1e01f4
190.953386	1e034a
190.967359	1e01f4
190.978823	1e01f4
190.992409	1f24bb397754
191.000519	1e034a
191.007244	1e034a
191.022465	1e034a
191.028161	1e0772
191.033945	1e034a
191.049007	1e0772
191.062643	1e031d
191.072473	1e034a
191.086733	1e01f4
191.101066	1e031d
191.108530	1e0784
191.120261	1e031d
191.133850	1e034a
191.146716	1e034a
191.158095	1e031d
191.167491	1e034a
191.175421	1e034a
191.182294	1e034a
191.196275	1e034a
191.203988	1e031d
191.211859	1e031d
191.225769	1e031d
191.231669	1e02c8
191.237186	1e031d
191.247676	1e031d
191.253011	1e0601
191.263330	1e034a
191.268683	1e031d
191.282460	1e031d
191.291598	1e031d
191.303327	1e034a
191.315115	1e034a
191.323378	1e034a
191.330457	1e034a
191.342506	1e034a
191.357684	1e031d
191.371591	1e034a
191.381889	1e031d
191.387726	1e031d
191.395987	1e034a
191.402322	1e034a
191.413078	1e034a
191.420741	1f1eb7
191.426483	1e02e3
191.439826	1e031d
191.446961	1e034a
191.457569	1e034a
191.467948	1e034a
191.475461	1e031d
191.483085	1e034a
191.492151	1e034a
191.498454	1e0784
191.511277	1f24bb3976d2
191.523133	1e034a
191.530641	1e06ba
191.536517	1e06ba
191.548456	1e034a
191.557062	1e034a
191.566148	1e034a
191.576171	1e034a
191.588453	1e031d
191.600726	1e034a
191.610394	1e0601
191.619476	1e01f4
191.626589	1e0772
191.635393	1e05d9
191.642463	1e076e
191.655975	1e034a
191.670965	1e034a
191.686047	1e05f0
191.700941	1e031d
191.711450	1e034a
191.718357	1e02c5
191.725107	1f24bb3976c2
191.732615	1e034a
191.741664	1e031d
191.756254	1e034a
191.762292	1e031d
191.776559	1e031d
191.782026	1e0784
191.797238	1e031d
191.806722	1e031d
191.812203	1e031d
191.823192	1e05f0
191.828936	1e034a
191.837526	1e034a
191.852323	1e034a
191.864560	1e034a
191.879616	1e031d
191.894555	1e034a
191.903032	1e031d
191.908293	1e01f4
191.921194	1e0772
191.933156	1e031d
191.939072	1e031d
191.949234	1e034a
191.958025	1e034a
191.965924	1e031d
191.978306	1e034a
191.984194	1e02e3
191.990471	1e0784
192.003212	1e031d
192.011716	1e034a
192.017136	1e01f4
192.030722	1e034a
192.036982	1e01f4
192.044321	1e034a
192.057817	1e034a
192.066458	1e0772
192.075299	1e0784
192.083800	1e031d
192.094515	1e034a
192.104629	1e031d
192.115576	1e031d
192.126021	1e031d
192.137376	1e034a
192.145902	1e01f4
192.160463	1e031d
192.173805	1e034a
192.186747	1e031d
192.196471	1e031d
192.210806	1e031d
192.224255	1e034a
192.237830	1e034a
192.245296	1e034a
192.252842	1e034a
192.263895	1e034a
192.269409	1e034a
192.275164	1e034a
192.282507	1e031d
192.287762	1e031d
192.294115	1e034a
192.303147	1e034a
192.318261	1e031d
192.332913	1e0784
192.341119	1e034a
192.356030	1e0784
192.366646	1e031d
192.375476	1e0325
192.382551	1e031d
192.392974	1e031d
192.398550	1e0784
192.409592	1e034a
192.421684	1e0623
192.427938	1e031d
192.440063	1e031d
192.452970	1e031d
192.461554	1e031d
192.474520	1e076e
192.482331	1e031d
192.492273	1e0784
192.501123	1e034a
192.509145	1e034a
192.519201	1e034a
192.528919	1e0563
192.541667	1e06ba
192.554690	1e034a
192.569286	1e031d
192.575824	1e031d
192.583545	1e034a
192.590715	1e031d
192.605114	1e0601
192.616142	1e034a
192.624273	1e034a
192.629987	1e034a
192.636163	1e034a
192.642158	1e034a
192.655461	1e034a
192.664061	1e031d
192.675933	1e034a
192.682736	1e031d
192.694613	1e031d
192.701948	1e031d
192.715988	1e031d
192.723785	1e031d
192.729783	1e076e
192.741394	1e031d
192.754063	1e06ba
192.761617	1e034a
192.773474	1e034a
192.779781	1e034a
192.789346	1e01f4
192.801181	1e034a
192.812805	1e034a
192.825563	1e034a
192.832789	1e031d
192.846323	1e01d2
192.854833	1e034a
192.869955	1e034a
192.881221	1e01f4
192.895754	1f24bb39a3c5
192.903287	1e031d
192.916930	1e01d2
192.929441	1e031d
192.937593	1e076e
192.947068	1e034a
192.955703	1e0601
192.966752	1e076e
192.978986	1e0784
192.992183	1e034a
193.003221	1e034a
193.015487	1e034a
193.026519	1e034a
193.038512	1e034a
193.047171	1e0601
193.059577	1e034a
193.064823	1e031d
193.071514	1f24bb39778e
193.086148	1f24bb397660
193.098609	1e06b0
193.110089	1e034a
193.117379	1e031d
193.130275	1e0579
193.144783	1e034a
193.151546	1f24bb39a3c2
193.162470	1e034a
193.177085	1e031d
193.191507	1e034a
193.203997	1e031d
193.216256	1e034a
193.222158	1e06ba
193.234744	1e01f4
193.245066	1e01f4
193.258235	1e0772
193.271356	1e06ba
193.278700	1e034a
193.283925	1e034a
193.291696	1e031d
193.297497	1e034a
193.306712	1e021c
193.313443	1e031d
193.323549	1e031d
193.335017	1e034a
193.343967	1e031d
193.354962	1e05f0
193.365893	1e031d
193.380653	1e034a
193.389780	1e031d
193.401134	1e034a
193.410136	1e031d
193.418590	1e0774
193.433275	1e034a
193.445235	1f24bb3977a8
193.452779	1e031d
193.458247	1e031d
193.470717	1e031d
193.476897	1e034a
193.491240	1e031d
193.503635	1e031d
193.517692	1e034a
193.524088	1e034a
193.532365	1e0813
193.542987	1e031d
193.553464	1e0772
193.565375	1e034a
193.574371	1e034a
193.579668	1e034a
193.589520	1f24bb39a3c2
193.604631	1e031d
193.611793	1e05f0
193.618005	1e031d
193.632919	1e034a
193.643242	1e06ba
193.655858	1e021c
193.663058	1f24bb396806
193.670892	1f24bb396806
193.678611	1f24bb39687f
193.683868	1f24bb396806
193.690331	1f24bb396806
193.703089	1f24bb396806
193.713869	1f24bb396896
193.726282	1f24bb39683b
193.738606	1f24bb396896
193.744005	1f24bb396896
193.757022	1f24bb396806
193.763937	1f24bb39687f
193.776526	1f24bb396806
193.782571	1f24bb396806
193.793716	1f24bb396806
193.803190	1f24bb39680c
193.815215	1f24bb3968b2
193.820440	1f24bb396709
193.834434	1f24bb396709
193.841035	1f24bb396806
193.853908	1f24bb396806
193.861190	1f24bb39670f
193.870364	1f24bb396862
193.876872	1f24bb396862
193.891744	1f24bb3966d0
193.904612	1f24bb39691b
193.918925	1f24bb396862
193.932912	1f24bb396862
193.944618	1f24bb396916
193.951414	1f24bb3966ee
193.957252	1f24bb396806
193.963366	1f24bb39670f
193.974032	1f24bb39670f
193.983723	1f24bb39670f
193.997336	1f24bb39670f
194.005504	1f24bb396806
194.020469	1f24bb39670f
194.035413	1f24bb396896
194.047249	1f24bb3966e9
194.053809	1f24bb396806
194.067456	1f24bb39670f
194.078094	1f24bb39670f
194.085137	1f24bb3968cc
194.092120	1f24bb396806
194.099052	1f24bb39670f
194.110269	1f24bb3966ff
194.120312	1f24bb396806
194.133818	1e138f
194.146493	1e138f
194.154965	1eaf77
194.165731	1eaeba
194.177361	1e0784
194.190891	1e138f
194.199409	1e8f95
194.208846	1df513
194.215527	1e138f
194.224073	1df53d
194.230728	1df53d
194.243304	1e3148
194.257863	1e138f
194.271952	1f24bb399560
194.283722	1df513
194.297809	1df53d
194.309927	1e138f
194.322751	1f24bb398d46
194.336767	1df995
194.345660	1e48f0
194.352538	1df513
194.358876	1e0772
194.368762	1e48b8
194.379513	1df513
194.385027	1df513
194.391695	1e138f
194.397442	1ecb74
194.410153	1e138f
194.420391	1df513
194.432951	1ed0e4
194.444709	1e138f
194.454275	1df513
194.465084	1df513
194.479383	1eadb9
194.485372	1df995
194.496962	1df54b
194.502586	1df513
194.508316	1df995
194.514908	1e3148
194.525152	1ed125
194.531025	2021e1
194.542740	1eae7d
194.551387	1df912
194.558188	1eaf50
194.565761	1e3148
194.576661	1df513
194.581961	1e138f
194.588448	1f24bb399560
194.602222	1e48c6
194.616018	1df513
194.623834	1e138f
194.631665	1f24bb398e22
194.642104	1df995
194.656105	1df513
194.670738	1e076e
194.684359	1df513
194.691632	1df513
194.705581	1dfa22
194.720727	1e8c03
194.731278	1df513
194.745160	1e138f
194.758679	1df513
194.764080	1f24bb399560
194.771335	1df513
194.783896	1e3148
194.795209	1e138f
194.800967	1e138f
194.812740	1df513
194.825011	1e138f
194.833561	1e076e
194.841808	1ea166
194.853275	1dfa2e
194.865417	1e138f
194.878547	1e8e32
194.885216	1e3148
194.897243	1f6671
194.902573	1df513
194.913177	1df513
194.928190	1df513
194.941739	1e138f
194.953881	1df513
194.960854	1e1372
194.974742	1e3148
194.987987	1eb16d
195.002152	1e0772
195.011336	1f24bb39904a
195.024841	1e138f
195.033928	1e138f
195.040532	1df513
195.047395	1df513
195.061161	1df513
195.067966	1e138f
195.082235	1f24bb39a06a
195.092549	1df995
195.103125	1e9058
195.114069	1e138f
195.121324	1df51b
195.129491	1df995
195.143863	1f24bb399560
195.150548	1e138f
195.160649	1e8d5f
195.172029	1e13a0
195.183630	1ecbde
195.193490	1e076e
195.208329	1e138f
195.215222	1e3148
195.225512	1df995
195.239758	20227b
195.248791	1e138f
195.259274	1e3148
195.264904	1df513
195.271241	1df54f
195.285881	1e138f
195.300208	1e8d9b
195.315260	1e138f
195.324909	1e138f
195.337366	1df513
195.348233	1df513
195.362676	1dfa2e
195.373522	1e8caa
195.382008	1df995
195.393317	1e131c
195.403500	1eb636
195.417893	1e138f
195.429246	1e0772
195.442313	1e0f5e
195.450760	1e0772
195.461694	1df513
195.472959	1e131c
195.481327	1f24bb3993a1
195.488988	1e138f
195.495252	1ecc48
195.506898	1df513
195.519499	1df513
195.528993	1e8d5f
195.538706	1e9027
195.553179	1dfa0b
195.562436	1e0e36
195.573081	1e135c
195.581985	1df513
195.595333	1df9fa
195.608897	1df513
195.618475	1e138f
195.625898	1e138f
195.638080	1df54b
195.648410	1df513
195.659839	1e138f
195.666045	1df513
195.680156	1e3148
195.694318	1df513
195.701421	1e0f80
195.714605	1df513
195.721012	1f24bb398e71
195.736202	1df513
195.751329	1eae7d
195.764158	1e969f
195.777292	1df411
195.784838	1df995
195.795581	1e0f5e
195.808510	1e0784
195.817735	1df957
195.827617	1f24bb399560
195.838842	1e138f
195.851608	1f24bb398e12
195.864748	1f24bb399754
195.870979	1df513
195.877256	1ecbb4
195.885670	1f24bb398dfa
195.895465	1df513
195.900846	1e138f
195.908383	1e138f
195.921661	1eadc3
195.928336	1eb11e
195.937795	1df513
195.949864	1e0f5e
195.963112	1e138f
195.976089	1df513
195.983837	1eaead
195.992456	1f24bb398dfa
195.999311	1f24bb39a096
196.011017	1f24bb398d30
196.024702	1df513
196.035970	1df513
196.046922	1eae85
196.053988	1eaf8f
196.067385	1e8d5f
196.081227	1df422
196.092413	1df513
196.099842	1df513
196.111263	1e8c30
196.118348	1df53d
196.125971	1df513
196.137530	1eb154
196.147753	1e138f
196.159151	1df513
196.169825	1f24bb495947
196.177526	1eaebe
196.183042	1e138f
196.195653	1e8ecd
196.202878	1df513
196.215899	1e982b
196.224444	1e138f
196.232509	1df513
196.242051	1df513
196.247814	1e138f
196.259258	1e8de5
196.265028	1df513
196.278972	1e4870
196.291733	1df513
196.305778	1e0fbe
196.313894	1e138f
196.325470	1f24bb399386
196.332521	1df513
196.342464	1df513
196.351331	1eb154
196.365581	1df513
196.371865	1eae85
196.380046	1df513
196.394371	1e138f
196.407397	1f24bb39a178
196.414544	1f24bb399376
196.420861	1df53d
196.435587	1e3134
196.450160	1e138f
196.460368	1e138f
196.472169	1e12a7
196.483693	1df513
196.489022	1df513
196.497260	1dfb25
196.502747	1df513
196.511889	1e138f
196.518354	1df876
196.532217	1df513
196.539968	1df513
196.549470	1df513
196.558784	1e138f
196.570387	1e138f
196.577143	1e1361
196.583629	1e138f
196.590554	1e138f
196.597764	1df513
196.609497	1e138f
196.616733	1df513
196.631792	1df53d
196.637319	1e138f
196.645658	1e138f
196.660667	1df513
196.668529	1df46a
196.676035	1df76c
196.685986	1e138f
196.697846	1df49f
196.703219	1b9f33
196.713990	1e8b6c
196.719617	1e8d8a
196.730196	1e138f
196.735924	1e138f
196.746326	1eaead
196.755942	1e138f
196.764344	1e3148
196.776760	1e138f
196.789469	1e138f
196.803363	1df513
196.809767	1df513
196.816335	1e3148
196.824275	1df513
196.830170	1df513
196.835489	1df513
196.841492	1f24bb398f93
196.851599	1df513
196.859438	1e138f
196.873207	1e138f
196.886896	1e138f
196.900524	1eb154
196.914739	1f24bb39a064
196.924478	1eb154
196.938690	1e076e
196.949122	1f24bb398dfa
196.960703	1e13a0
196.969535	1df513
196.978722	1df513
196.991664	1df513
197.006262	1e138f
197.016841	1f24bb399036
197.031904	1e138f
197.042885	1e8fc0
197.049469	1e8c03
197.055858	1df513
197.063315	1e8c03
197.069422	1df513
197.082779	1e8b65
197.091793	1df513
197.100935	1e138f
197.113595	1e138f
197.128040	1df513
197.134043	1df513
197.144934	1eaead
197.154492	1df513
197.160144	1df513
197.172735	1df513
197.183317	1df513
197.195463	1e138f
197.208145	1e138f
197.220858	1ea25a
197.233113	1df513
197.241593	1e48d8
197.251804	1e8d70
197.262594	1e138f
197.268886	1e138f
197.280525	1e0f5e
197.293681	1f24bb399160
197.299903	1e138f
197.307911	1df513
197.316785	1e3148
197.322356	1df4c0
197.335284	1df513
197.350097	1df513
197.359792	1df995
197.368049	1df513
197.376429	1df513
197.391416	1df513
197.401124	1ed0eb
197.410898	1e48d1
197.420799	1df513
197.426323	1e138f
197.441438	1df513
197.453170	1df513
197.465513	1df513
197.472599	1df513
197.479240	1e12d7
197.492462	1e138f
197.502887	1e138f
197.513088	1e9f24
197.524918	1e138f
197.530643	1df53d
197.541587	1e138f
197.549409	1df513
197.557410	1f24bb39a22b
197.572529	1df513
197.583352	1e138f
197.595439	1e489d
197.606824	1df513
197.619276	1df513
197.625530	1e0772
197.635818	1df912
197.642257	1df513
197.651792	1e138f
197.660767	1f24bb39a085
197.671946	1e8f6d
197.686737	1f24bb3993a5
197.698872	1df513
197.705940	1df995
197.719897	1df513
197.730615	1df513
197.741300	1e138f
197.747785	1e0e36
197.757860	1df513
197.770804	1e138f
197.784958	1df513
197.799424	1e138f
197.813138	1e138f
197.820104	1df54b
197.826092	1e138f
197.837474	1e0f79
197.849801	1df513
197.859318	1e0f5e
197.872465	1df513
197.883957	1eae7d
197.894525	1f24bb398994
197.902757	1df54b
197.915913	1df513
197.923298	1e3148
197.933498	1e20b7
197.941729	1e138f
197.951980	1df513
197.957620	1df513
197.971338	1df513
197.981665	1e138f
197.989979	1e138f
197.998526	1eb08b
198.005829	1e138f
198.018518	1df513
198.032611	1df513
198.046760	1df513
198.052265	1e138f
198.064281	1df513
198.069754	1e138f
198.078382	1e0e36
198.084008	1e138f
198.095349	1df513
198.107187	1df513
198.112750	1df54b
198.123089	1df53d
198.134768	1df513
198.144308	1dfe86
198.156776	1df513
198.163969	1df513
198.177964	1dfe53
198.191727	1df54b
198.206185	1df53d
198.215342	1df513
198.225864	1ecb49
198.239688	1e0e36
198.245554	1eb647
198.255192	1eaf04
198.261546	1df513
198.269570	1df513
198.282878	1df7a4
198.295846	1e138f
198.303109	1eaead
198.314081	1df68f
198.323903	1f24bb39a060
198.338873	1df513
198.352456	1e138f
198.360827	1e0e36
198.368348	1df513
198.382367	1df517
198.393092	1df513
198.398446	1df54b
198.406860	1e138f
198.416144	1df513
198.429758	1df513
198.442308	1df513
198.448660	1df876
198.458484	1df53d
198.470597	1df53d
198.476379	1df7a4
198.490036	1e138f
198.497526	1e3148
198.510285	1df513
198.521597	1e8d5f
198.534210	1df513
198.542554	1eb154
198.554421	1dfe53
198.566983	1df513
198.577802	1df513
198.588000	1df513
198.599049	1e138f
198.608956	1df513
198.620491	1e3148
198.629664	1df513
198.643707	1df513
198.649634	1df513
198.658679	1e138f
198.668708	1df513
198.677490	1df513
198.690995	1ecc7c
198.696651	1df513
198.711374	1e138f
198.723888	1df513
198.732174	1e138f
198.745941	1e138f
198.758530	1eaead
198.768556	1e8d8a
198.779059	1df513
198.788592	1df513
198.797291	1df513
198.808004	1df513
198.822958	1e96ac
198.828278	1e138f
198.833508	1df7a4
198.847646	1e3148
198.861847	1df513
198.875008	1df513
198.881995	1e138f
198.895230	1df876
198.901825	1e138f
198.911439	1df513
198.924468	1eb0fb
198.932906	1df513
198.939854	1df464
198.954361	1e0784
198.966503	1df513
198.980859	1e314b
198.988947	1ecc48
198.994954	1e0f5e
199.007489	1e0772
199.020837	1df513
199.031752	1df513
199.041601	1e3148
199.053522	1e138f
199.066115	1df513
199.076836	1df513
199.086853	1df513
199.095231	1df54b
199.102554	1ecb74
199.108973	1df513
199.122971	1df513
199.131902	1eadfc
199.142151	1e3148
199.154539	1e8da4
199.162617	1df8e2
199.174134	1eb680
199.189104	1df513
199.198316	1df99b
199.207519	1ed13e
199.215738	1df513
199.224354	1e138f
199.238082	1df513
199.250948	1df513
199.260461	1df513
199.269649	1f24bb398994
199.281182	1df513
199.286658	1df513
199.292405	1dfe91
199.300042	1e8c4d
199.305691	1df513
199.316553	1e8c03
199.327861	1e138f
199.336633	1df68f
199.345850	1e0f5e
199.356217	1df513
199.366530	1df513
199.378855	1df513
199.388795	1eb5e0
199.395307	1df513
199.404005	1df513
199.413958	1df53d
199.426787	1e9050
199.436696	1ecc84
199.446686	1e3148
199.453708	1e1881
199.467139	1df513
199.478179	1e138f
199.489349	1eaead
199.498167	1df513
199.508335	1df513
199.514609	1df513
199.525126	1f24bb398e7d
199.532084	1df513
199.538823	1eaead
199.544490	1e1881
199.556479	1e138f
199.570748	1e0784
199.576647	1e138f
199.590497	1e12d7
199.604220	1e138f
199.616829	1e138f
199.624938	1dfe9b
199.633577	1e138f
199.644675	1e8d8a
199.650355	1df513
199.661306	1e138f
199.675241	1e031d
199.683587	1e031d
199.691555	1e034a
199.705519	1e031d
199.719860	1e034a
199.728579	1e034a
199.737274	1e01f4
199.744301	1e031d
199.749664	1e034a
199.755994	1e031d
199.761967	1f24bb397754
199.770897	1e034a
199.777795	1f24bb3976ff
199.784578	1e031d
199.796588	1e034a
199.802311	1e034a
199.812275	1e031d
199.820752	1e031d
199.829733	1e06ba
199.839840	1e034a
199.848002	1e034a
199.855802	1e034a
199.869261	1e034a
199.876450	1e0784
199.883411	1e031d
199.898528	1e031d
199.909383	1e034a
199.924415	1e031d
199.930436	1e034a
199.936998	1e034a
199.951725	1e034a
199.966607	1e034a
199.974612	1f24bb39a3b7
199.982403	1e0813
199.987792	1e06ba
200.002678	1e031d
200.012687	1e031d
200.022970	1e031d
200.034836	1e0772
200.041891	1e031d
200.052106	1e0772
200.059297	1e031d
200.071901	1e034a
200.082683	1e034a
200.093684	1e031d
200.101495	1e034a
200.112187	1e034a
200.120748	1e0784
200.127139	1e0784
200.136716	1e031d
200.144960	1e031d
200.156990	1e031d
200.168948	1e034a
200.177827	1e034a
200.190529	1e031d
200.200593	1e031d
200.210681	1e034a
200.224549	1e031d
200.234154	1e034a
200.239883	1e034a
200.254534	1e031d
200.265991	1e034a
200.279959	1e0772
200.290042	1e0601
200.295623	1e034a
200.303250	1e034a
200.316003	1e034a
200.325138	1e034a
200.330851	1e031d
200.342113	1e0772
200.350537	1e034a
200.358853	1e034a
200.364561	1f24bb397786
200.379097	1e031d
200.393020	1e034a
200.403649	1e034a
200.413457	1e031d
200.418985	1e034a
200.428225	1e034a
200.434816	1e031d
200.444016	1e034a
200.455411	1e031d
200.469106	1e034a
200.481351	1e034a
200.496535	1e034a
200.504649	1e034a
200.516262	1e0563
200.521698	1e031d
200.528436	1e034a
200.543416	1e031d
200.557108	1e034a
200.564545	1e031d
200.577371	1e031d
200.584120	1e031d
200.594202	1e031d
200.601737	1e034a
200.609757	1e034a
200.622952	1e031d
200.629237	1e01f4
200.638734	1f24bb397666
200.646760	1e034a
200.655352	1e031d
200.666555	1e034a
200.674566	1e031d
200.686611	1e031d
200.698190	1e034a
200.708688	1e034a
200.719391	1e034a
200.732375	1e034a
200.738434	1e031d
200.744532	1e034a
200.756709	1e034a
200.768878	1e0813
200.779571	1e034a
200.790717	1e034a
200.799203	1e0813
200.805979	1e031d
200.813464	1e031d
200.822818	1e034a
200.832082	1e01f4
200.845692	1e031d
200.854783	1e031d
200.868319	1e034a
200.879852	1e0784
200.892181	1e031d
200.900450	1e031d
200.910357	1e034a
200.924145	1e031d
200.938435	1e034a
200.950612	1e034a
200.963993	1e034a
200.977201	1e034a
200.984634	1e034a
200.994948	1e031d
201.000965	1e01f4
201.015099	1e031d
201.030197	1e031d
201.038098	1e0772
201.043404	1e034a
201.057942	1e01f4
201.066717	1f24bb39a3c5
201.080186	1e034a
201.091591	1e034a
201.103828	1e031d
201.110786	1e01f4
201.117483	1e0772
201.123368	1e0813
201.136606	1e034a
201.151111	1e031d
201.164597	1e031d
201.172487	1e031d
201.185184	1e034a
201.190634	1f24bb3977bc
201.196878	1e031d
201.207247	1e031d
201.214918	1e034a
201.224540	1e034a
201.234302	1e031d
201.245791	1e031d
201.253325	1e031d
201.261318	1e031d
201.269284	1e034a
201.281713	1e031d
201.289791	1e034a
201.299969	1e031d
201.313431	1e034a
201.326991	1e034a
201.332542	1e034a
201.338839	1e0218
201.352837	1e031d
201.358691	1e031d
201.367874	1e034a
201.378008	1e034a
201.387725	1e034a
201.394165	1f24bb3976e6
201.401323	1e034a
201.412443	1e031d
201.418698	1e034a
201.430773	1e06ba
201.445011	1e034a
201.458523	1e034a
201.465689	1e034a
201.479847	1e06ba
201.491914	1e031d
201.498979	1e034a
201.509393	1e034a
201.516023	1e0813
201.522779	1e06ba
201.535297	1e034a
201.545265	1e0563
201.550509	1e076e
201.558525	1e034a
201.570078	1e0221
201.576842	1e031d
201.586058	1e034a
201.600629	1e01f4
201.614473	1e034a
201.622363	1e034a
201.630686	1e034a
201.638361	1e034a
201.652239	1e031d
201.664848	1e034a
201.678062	1e034a
201.693100	1f24bb397718
201.703814	1e031d
201.714854	1e01f4
201.725716	1e02aa
201.731414	1e034a
201.744934	1e031d
201.755099	1e034a
201.761770	1e034a
201.773383	1e034a
201.785372	1e031d
201.794554	1e034a
201.802445	1e06ba
201.812736	1e034a
201.822851	1e01f4
201.833184	1e034a
201.838999	1e034a
201.853925	1e031d
201.865211	1e031d
201.874319	1e031d
201.880864	1e034a
201.890726	1e031d
201.903591	1e01f4
201.909520	1e0784
201.919630	1e034a
201.932768	1e034a
201.976871	1e034a
201.983176	1e034a
201.994442	1e034a
202.004137	1e031d
202.017465	1e031d
202.027892	1e034a
202.033192	1e034a
202.040696	1e034a
202.048677	1e034a
202.059527	1e034a
202.072355	1e031d
202.078740	1e034a
202.088637	1e034a
202.093921	1e031d
202.108855	1e034a
202.123899	1e034a
202.136861	1e031d
202.150432	1e06e4
202.162211	1e034a
202.173634	1e0563
202.187345	1e034a
202.197695	1e034a
202.207192	1e034a
202.215652	1e031d
202.228932	1e031d
202.238388	1e034a
202.247348	1e031d
202.254929	1e034a
202.268574	1e034a
202.283437	1e031d
202.292861	1e031d
202.300968	1e0772
202.311813	1e034a
202.323303	1e034a
202.329072	1e0784
202.337767	1e034a
202.351722	1e034a
202.359723	1e031d
202.365745	1e034a
202.379748	1e031d
202.386470	1e034a
202.399952	1e031d
202.405604	1e031d
202.413537	1e031d
202.418813	1e031d
202.426675	1e034a
202.435369	1e034a
202.443576	1e034a
202.451646	1e031d
202.464316	1e034a
202.478465	1e034a
202.489365	1e034a
202.499221	1e031d
202.513115	1e034a
202.523195	1e031d
202.533072	1e034a
202.539976	1e031d
202.553966	1e031d
202.562154	1e034a
202.571982	1e034a
202.585027	1e034a
202.595253	1e031d
202.606281	1e034a
202.614681	1e034a
202.622745	1e0784
202.632852	1e031d
202.643995	1e031d
202.651369	1e0813
202.662721	1e034a
202.672328	1e034a
202.679899	1e034a
202.688707	1e034a
202.701531	1e031d
202.709606	1e031d
202.715263	1e034a
202.725700	1e031d
202.735899	1e06ba
202.743019	1e031d
202.756085	1e076e
202.769016	1e0784
202.776596	1e031d
202.787956	1e031d
202.802159	1e031d
202.809472	1e034a
202.822913	1e0589
202.837338	1e034a
202.844491	1e034a
202.855420	1e031d
202.869978	1e059a
202.884298	1e031d
202.894283	1e031d
202.908992	1e0772
202.915959	1e031d
202.924261	1e031d
202.934262	1e05f0
202.947527	1e031d
202.954357	1e034a
202.963757	1e0303
202.976837	1e031d
202.988441	1f1eba
203.000465	1e01f4
203.006555	1e01f4
203.016499	1e034a
203.026215	1e06e4
203.040630	1e034a
203.048937	1e02a6
203.054187	1e034a
203.067127	1e02d5
203.080423	1e01f4
203.092362	1e031d
203.098195	1e031d
203.105884	1e031d
203.115515	1e076e
203.126933	1e01f4
203.136045	1e05e4
203.142013	1e01f4
203.151283	1e05f0
203.156752	1e034a
203.171722	1f24bb39a3a4
203.180180	1e034a
203.189815	1e031d
203.196783	1e031d
203.209970	1e034a
203.216527	1e034a
203.229329	1e034a
203.237734	1e031d
203.251815	1e034a
203.261388	1e034a
203.276549	1e01f4
203.286799	1e06ba
203.301397	1e031d
203.316391	1e06ba
203.330267	1e031d
203.341439	1e034a
203.349093	1e0784
203.363869	1e0784
203.369465	1e022a
203.383837	1e034a
203.389762	1e031d
203.394981	1e034a
203.404490	1e034a
203.416493	1e034a
203.423117	1e034a
203.433833	1e01f4
203.448952	1e031d
203.457202	1e0772
203.469837	1e031d
203.476459	1e01f4
203.482928	1e034a
203.497367	1e06ba
203.507867	1e01f4
203.520085	1f24bb3976c2
203.533952	1e034a
203.544217	1e034a
203.557501	1e02e7
203.567286	1e031d
203.581334	1e06ba
203.587389	1e034a
203.599262	1e031d
203.607916	1e0784
203.620085	1e034a
203.630346	1e034a
203.643651	1e02ee
203.655419	1e031d
203.663058	1e034a
203.672941	1e076e
203.688150	1e031d
203.699569	1e076e
203.706424	1e034a
203.721091	1e031d
203.728245	1e034a
203.742886	1e031d
203.751821	1e034a
203.759598	1e076e
203.765519	1e031d
203.780182	1e076e
203.792259	1e034a
203.802617	1e034a
203.813199	1e031d
203.820913	1e031d
203.829626	1e034a
203.843556	1e034a
203.848993	1e031d
203.856253	1e02a6
203.869568	1e0777
203.884296	1e034a
203.891534	1e034a
203.899644	1e031d
203.905277	1e031d
203.917693	1e034a
203.924609	1e031d
203.933360	1e034a
203.939434	1e034a
203.951001	1e034a
203.958175	1e034a
203.972035	1e034a
203.980171	1e034a
203.990602	1e06ba
204.003539	1e0780
204.013507	1e034a
204.024235	1e034a
204.031533	1e06ba
204.040945	1e034a
204.047140	1e031d
204.061910	1e034a
204.073873	1e031d
204.086462	1e0784
204.097684	1e031d
204.108491	1e034a
204.122214	1e031d
204.131253	1e031d
204.144359	1f24bb396806
204.159372	1f24bb39687f
204.173961	1f24bb39687f
204.189135	1f24bb396806
204.199287	1f24bb396800
204.212960	1f24bb396806
204.221560	1f24bb396806
204.234393	1f24bb396806
204.241256	1f24bb39686a
204.249602	1f24bb396806
204.261843	1f24bb396896
204.276326	1f24bb396896
204.285715	1f24bb39687f
204.296561	1f24bb39686a
204.308475	1f24bb396806
204.315863	1f24bb39670f
204.324189	1f24bb396862
204.332065	1f24bb396852
204.344821	1f24bb396862
204.356034	1f24bb396862
204.368682	1f24bb396862
204.375452	1f24bb396887
204.387973	1f24bb3968b2
204.394606	1f24bb396896
204.409556	1f24bb396862
204.420497	1f24bb396896
204.432820	1f24bb396709
204.445358	1f24bb3968a5
204.453970	1f24bb3966ee
204.459296	1f24bb39670f
204.464544	1f24bb39670f
204.475628	1f24bb396821
204.486284	1f24bb39670f
204.499697	1f24bb39670f
204.511142	1f24bb3968cc
204.525749	1f24bb39670f
204.531213	1f24bb396806
204.544096	1f24bb39670f
204.555374	1f24bb396806
204.570537	1f24bb396703
204.582328	1f24bb39670f
204.596529	1f24bb39670f
204.610534	1f24bb396806
204.623541	1f24bb396806
204.634208	1f24bb396806
204.647304	1f24bb396806
204.652562	1f24bb39670f
204.661250	1f24bb396806
204.676085	1df513
204.690190	1df513
204.697901	1e138f
204.712740	1df513
204.723623	1df513
204.736142	1df513
204.744271	1f24bb3966e9
204.757769	1e0f8a
204.770364	1df68f
204.777514	1e0e1a
204.792224	1df513
204.800190	1df513
204.810907	1df513
204.820230	1ea29f
204.829970	1e138f
204.836795	1f24bb399754
204.850708	1df411
204.862460	1ecb54
204.872870	1f24bb39a0a1
204.881537	1df513
204.890675	1e9f0e
204.902727	1e138f
204.910125	1e8cc0
204.922829	1eae7d
204.928765	1ea137
204.938587	1eb154
204.946344	1e138f
204.954052	1e138f
204.963312	1df68f
204.976322	1df513
204.982556	1f24bb399560
204.992459	1e0784
205.002042	1e138f
205.007814	1f24bb3989d1
205.013777	1df513
205.027187	1e138f
205.041925	1e138f
205.055559	1f24bb398ddd
205.066617	1f24bb398970
205.079222	1e0f5e
205.092921	1e138f
205.103738	1f24bb398ddd
205.110580	1df513
205.118997	1df68b
205.131532	1df513
205.139364	1e138f
205.149157	1e138f
205.162877	1e138f
205.174026	1f24bb399042
205.186993	1df513
205.192532	1e9072
205.199144	1e138f
205.211133	1e138f
205.223495	1e0e36
205.230914	1df513
205.244979	1e3148
205.257896	1e0e36
205.268212	1e138f
205.279780	1e0784
205.291661	1f24bb398ddd
205.297368	1df513
205.307193	1df513
205.317109	1df995
205.332128	1e0e36
205.340813	1df995
205.346568	1e3148
205.356934	1e9066
205.370952	1e8c30
205.377729	1e0f92
205.384349	1df513
205.392295	1e138f
205.397986	1e0772
205.410489	1df513
205.421038	1ecb85
205.427805	1df513
205.434085	1e138f
205.447612	1e314b
205.462196	1df995
205.472315	1e138f
205.478743	1df995
205.487994	1e3148
205.502682	1df513
205.509558	1e138f
205.519118	1e138f
205.532004	1eae7d
205.546181	1df957
205.552427	1f24bb399560
205.558750	1eaead
205.573046	1e138f
205.581192	1df7a4
205.593693	1df513
205.608748	1df513
205.619168	1df513
205.626267	1df995
205.637010	1eae7d
205.647530	1df513
205.654362	1e0e69
205.667871	1e8c40
205.677486	1e8cc0
205.684661	1e138f
205.695380	1df53d
205.702934	1df513
205.715524	1df995
205.729748	1e0772
205.740199	1e0f5e
205.747148	1df513
205.760102	1eaead
205.770926	1e138f
205.779878	1e8caa
205.791004	1df513
205.800802	1e138f
205.812606	1f24bb399560
205.823563	1e138f
205.838588	1ea412
205.846741	1e138f
205.853982	1df513
205.865578	1e1257
205.880645	1e0772
205.888096	1e138f
205.899536	1e138f
205.913352	1df51b
205.927549	1df53d
205.937082	1e138f
205.946145	1e138f
205.954895	1df513
205.964934	1eb142
205.972465	1df513
205.981311	1e0f80
205.993190	1df513
206.004489	1e3148
206.019297	1eb62b
206.029546	1e138f
206.044045	1ed0e4
206.051808	1eb154
206.057448	1df4ba
206.069324	1e8d8a
206.075077	1ecbea
206.083652	1e138f
206.090397	1eae7d
206.100686	1df513
206.111706	1e07cf
206.126127	1f24bb399376
206.140387	1e138f
206.149448	1e138f
206.162388	1e3148
206.175361	1df995
206.184444	1e3148
206.193352	1eb154
206.201157	1df513
206.213884	1df53d
206.221481	1eae91
206.234458	1df513
206.245542	1df513
206.260127	1eae7d
206.273922	1e3148
206.285601	1e138f
206.292844	1df513
206.304069	1e138f
206.310276	1df923
206.325206	1df513
206.340349	1ecc7c
206.347313	1ed0e8
206.355023	1e48f3
206.363815	1f24bb398ad6
206.370315	1e138f
206.380643	1e138f
206.389396	1e138f
206.396063	1e3148
206.411177	1e3148
206.420860	1e138f
206.432321	1df513
206.446083	1df54b
206.455371	1eb154
206.463551	1df876
206.473117	1e138f
206.480073	1e138f
206.489935	1e0f5e
206.495317	1e138f
206.505827	1e076e
206.512890	1df513
206.522228	1e138f
206.531579	1e138f
206.538127	1e0772
206.547888	1e8e9f
206.562790	1e138f
206.576261	1e8c03
206.583007	1e8e50
206.596691	1df513
206.604843	1eae7d
206.616796	1df876
206.625715	1e0f5a
206.640161	1e0772
206.649237	1f24bb3989d1
206.661816	1df513
206.673906	1ed0f8
206.682534	1e0f25
206.690689	1df513
206.705450	1e8b65
206.720439	1df513
206.732813	1df513
206.739638	1df513
206.751643	1e0f5e
206.762485	1e8caa
206.775087	1df513
206.789460	1df513
206.794762	1df513
206.801069	1df995
206.807826	1df54b
206.814600	1e138f
206.828799	1df513
206.840167	1e138f
206.853606	1df513
206.867925	1f24bb495947
206.879067	1e138f
206.888716	1f24bb39a238
206.903024	1df513
206.913787	1df513
206.920860	1df513
206.933781	1eb647
206.943945	1df513
206.955029	1e138f
206.969495	1f24bb398dfa
206.984148	1e138f
206.995495	1e138f
207.009205	1e138f
207.020933	1e138f
207.031091	1f24bb495932
207.040647	1eae7d
207.054582	1e3148
207.066776	1e138f
207.074465	1e138f
207.082587	1eb0f0
207.090646	1e3148
207.100736	1e0784
207.111534	1df995
207.124806	1e138f
207.134007	1df513
207.144814	1e8f08
207.158554	1e138f
207.172721	1df513
207.187448	1df513
207.198088	1e8d5f
207.205694	1e138f
207.213790	1eae75
207.221455	1df513
207.230258	1eb63c
207.241961	1eae85
207.249840	1e20b7
207.258108	1df513
207.272113	1df513
207.284497	1e0792
207.297678	1e138f
207.309617	1df513
207.317551	1f24bb39a238
207.328167	1eaead
207.337152	1e138f
207.344690	1e138f
207.350099	1e138f
207.360188	1e48b8
207.369684	1e8d8a
207.384392	1df513
207.395273	1df53d
207.409040	1df513
207.417038	2021c4
207.422281	1e1278
207.435737	1df513
207.448379	1eb154
207.455391	1e138f
207.468622	1e48fa
207.478748	1df513
207.492408	1eb154
207.505716	1df51b
207.514175	1eaead
207.520530	1e0772
207.533411	1e138f
207.543044	1df513
207.553793	1f24bb399750
207.565851	1e138f
207.578489	1e8d40
207.586935	1df513
207.601386	1df513
207.614883	1df56a
207.622732	1e0f5e
207.632409	1df4f6
207.644824	1e138f
207.652452	1e138f
207.658346	1e138f
207.664330	1e138f
207.672651	1df513
207.681156	1e0e36
207.689502	1ea2f0
207.701338	1e138f
207.707097	1ed0e4
207.722205	1e138f
207.729259	1df513
207.740701	1eb6a2
207.750761	1e138f
207.764352	1df513
207.773946	1df513
207.781647	1df513
207.788166	1df513
207.801397	1df513
207.809468	1df513
207.824474	1eaead
207.833813	1e138f
207.839697	1df513
207.850607	1df454
207.859659	1df513
207.867617	1df513
207.880485	1df513
207.886050	1e138f
207.897874	1e138f
207.907059	1e0e36
207.915252	1e8c0b
207.924559	1e3148
207.933816	1e0e36
207.939415	1e138f
207.946012	1df513
207.960663	1e138f
207.975800	1df7a4
207.985253	1e138f
207.990767	1f24bb39a09d
208.003344	1e0e36
208.018417	1df513
208.027537	1df513
208.037039	202290
208.048553	1df513
208.059580	2021bd
208.069008	1e3148
208.080249	1df513
208.086410	1e0784
208.092934	1eaf04
208.104266	1e138f
208.117488	1df53d
208.125487	1df513
208.136770	1df513
208.148255	1eae7d
208.156134	1e138f
208.164849	1df513
208.173904	1dfa2e
208.188991	1ed0e4
208.203431	1e1358
208.214574	1e138f
208.223030	1df513
208.236775	1eae56
208.249611	1e138f
208.260718	1df513
208.268074	1e138f
208.273769	1ea275
208.285790	1e138f
208.299119	1e0772
208.305362	1df513
208.312435	1e8d8a
208.322926	1eae7d
208.328340	1df957
208.340292	1e138f
208.349906	1f24bb398e7d
208.358840	1df513
208.365157	1ed0e0
208.379219	1df54b
208.391840	1df957
208.397923	1df513
208.404943	1df513
208.410709	1df513
208.417419	1e138f
208.429900	1e138f
208.443411	1eadb9
208.450509	1e138f
208.460356	1eaf3c
208.475491	1e138f
208.480681	1df513
208.493296	1eb636
208.499182	1df529
208.513204	1e0f5e
208.527108	1df53d
208.533769	1eae7d
208.546517	1e0f5e
208.553678	1df513
208.564968	1df536
208.578116	1df513
208.586012	1df513
208.599933	1eb642
208.607670	1e138f
208.619137	1df513
208.632226	1e0772
208.642429	1e138f
208.651621	1e138f
208.659443	1ce4d9
208.665608	1df513
208.677154	1e1348
208.691355	1df513
208.700930	1f24bb39a238
208.712081	1ea449
208.723701	1e138f
208.729800	1df513
208.741443	1eae7d
208.751732	1df513
208.762874	1e9f12
208.770001	1df53d
208.780256	1df513
208.794916	1df68f
208.805133	1e138f
208.815100	1df513
208.823926	1e1235
208.835458	1df513
208.850542	1e138f
208.858529	1e8c40
208.867616	1e0772
208.881089	1f24bb398d30
208.888462	1eaead
208.898362	1e3148
208.911890	1df876
208.918644	1df513
208.932632	1eb5e0
208.944593	1e138f
208.952433	1e138f
208.960223	1eaf04
208.967046	1e0f5e
208.981023	1df53d
208.989252	1e138f
208.999564	1e138f
209.008965	1df513
209.022911	1df513
209.030567	1f24bb398d30
209.036140	1df513
209.041758	1df513
209.054968	1e138f
209.066620	1ecc7c
209.076737	1df53d
209.083459	1df513
209.090021	1df513
209.103626	1df513
209.112512	1df513
209.119424	1e138a
209.128847	1eb154
209.139639	1f24bb495891
209.147670	1ea128
209.161024	1df9b4
209.169890	1e136e
209.177540	1e138f
209.190723	1e8de5
209.198800	1ecbac
209.208938	1f24bb398ddd
209.222350	1e0772
209.233087	1e0784
209.240415	1df513
209.252804	1df435
209.266314	1ecbac
209.271983	1df513
209.278345	1f24bb399386
209.285344	1f24bb398e7d
209.290707	1e3148
209.299240	1e0f5e
209.308990	1df995
209.319813	1df513
209.329623	1e131c
209.335828	1eb081
209.341235	1e138f
209.348495	1df54b
209.362509	1df51b
209.371264	1e3148
209.385585	1e138f
209.390893	1df53d
209.400314	1e138f
209.406408	1df53d
209.422421	1df513
209.443061	1df513
209.452576	1e1383
209.465129	1e0f5e
209.478490	1df513
209.487836	1df513
209.494677	1e138f
209.509695	1df513
209.523768	1e138f
209.531034	1df513
209.537746	1e0e19
209.549568	1df513
209.562036	1df513
209.569325	1df513
209.580482	1df513
209.588078	1e138f
209.600190	1e138f
209.615129	1e0f5e
209.627737	1e138f
209.642773	1e9050
209.656184	1e1358
209.666917	1df513
209.679669	1df513
209.687379	1f24bb39935c
209.694744	1e034a
209.700814	1e034a
209.708095	1e031d
209.715207	1e034a
209.727300	1e034a
209.737375	1e0358
209.746446	1e034a
209.751684	1f1eb7
209.757520	1e031d
209.766023	1e034a
209.779970	1e034a
209.786506	1e034a
209.801044	1e034a
209.810985	1e034a
209.822262	1e031d
209.836147	1e034a
209.849910	1e034a
209.860298	1e033f
209.872905	1e034a
209.885400	1e031d
209.892814	1e031d
209.902261	1e01f4
209.913415	1e031d
209.922272	1e034a
209.935826	1e031d
209.944542	1e031d
209.955614	1e031d
209.961334	1e031d
209.974532	1e034a
209.983613	1e034a
209.993531	1e034a
210.001663	1e034a
210.016383	1e031d
210.025837	1e034a
210.036000	1e05f0
210.049557	1e034a
210.061609	1e031d
210.069046	1e034a
210.075259	1e034a
210.089201	1e034a
210.099863	1e031d
210.110421	1e034a
210.115968	1e031d
210.129047	1e034a
210.144203	1e034a
210.157515	1e034a
210.164324	1e034a
210.174616	1e034a
210.186311	1e034a
210.195003	1e031d
210.209129	1e034a
210.223555	1e02c8
210.237969	1e034a
210.250903	1e034a
210.258079	1e0784
210.270730	1e031d
210.282247	1e034a
210.289744	1e031d
210.297181	1e076e
210.309677	1e031d
210.322237	1e034a
210.333499	1e034a
210.344484	1e031d
210.354247	1e031d
210.368702	1e034a
210.379183	1e076e
210.388015	1e0623
210.393185	1e034a
210.406112	1f1e96
210.418154	1e034a
210.432317	1e0780
210.438222	1e034a
210.450938	1e0813
210.464133	1f24bb39768c
210.476629	1e034a
210.490344	1e031d
210.501773	1e034a
210.516114	1e034a
210.526809	1e031d
210.537349	1e0772
210.546347	1e034a
210.559030	1e034a
210.574236	1e0348
210.580428	1e034a
210.879488	1e031d
210.893673	1e034a
210.906938	1e034a
210.921350	1e031d
210.931398	1e034a
210.939762	1e034a
210.954231	1e034a
210.963413	1e034a
210.975167	1e031d
210.982358	1e031d
210.990367	1e01f4
211.003511	1e031d
211.017704	1e031d
211.023316	1e034a
211.032431	1e031d
211.046785	1e0813
211.060377	1e0772
211.069304	1e031d
211.075523	1e034a
211.089781	1e0813
211.102389	1e0325
211.108127	1e031d
211.122711	1e031d
211.135361	1e031d
211.145297	1e034a
211.156943	1e034a
211.170248	1e031d
211.182632	1e034a
211.189350	1e034a
211.198593	1e034a
211.211018	1e034a
211.223854	1e034a
211.234124	1e034a
211.246161	1e031d
211.251661	1e031d
211.259243	1e031d
211.271212	1e034a
211.281568	1e034a
211.292468	1e034a
211.300682	1e034a
211.306973	1e031d
211.313613	1e034a
211.322420	1e0358
211.330007	1e034a
211.339884	1e034a
211.346973	1e01f4
211.360834	1e01d2
211.370062	1e034a
211.383395	1e034a
211.390019	1e0772
211.402051	1f24bb3977bc
211.413862	1e034a
211.421259	1f24bb39772b
211.427463	1e034a
211.441285	1e034a
211.455328	1e031d
211.468813	1e034a
211.474868	1e01ad
211.487555	1e031d
211.503525	1e031d
211.517738	1e034a
211.526019	1e034a
211.536457	1e034a
211.544786	1e031d
211.556801	1e034a
211.564949	1f24bb397666
211.572291	1e034a
211.578832	1e034a
211.590981	1e034a
211.597764	1e034a
211.607123	1e034a
211.614030	1e034a
211.627822	1e0772
211.637922	1e031d
211.647050	1e031d
211.660789	1e031d
211.666109	1e031d
211.675511	1e034a
211.686912	1e034a
211.700954	1e034a
211.713301	1e034a
211.724160	1e034a
211.735422	1e034a
211.748226	1e034a
211.757126	1e031d
211.768292	1e034a
211.776921	1e034a
211.786003	1e031d
211.797914	1e034a
211.806522	1e034a
211.818379	1e031d
211.826130	1e034a
211.840448	1e031d
211.852049	1e031d
211.859237	1e034a
211.866027	1e031d
211.873785	1e034a
211.893916	1e034a
211.902678	1e031d
211.909132	1e031d
211.923025	1e034e
211.934376	1e034a
211.944961	1e034a
211.951011	1e031d
211.965665	1f24bb39766d
211.973199	1e034a
211.981254	1e034a
211.990928	1e0780
212.005955	1e031d
212.021058	1e034a
212.031737	1e034a
212.045275	1e031d
212.055666	1e034a
212.063098	1e034a
212.075070	1e034a
212.088491	1e031d
212.101554	1e07ed
212.108931	1e034a
212.122106	1e031d
212.131418	1e01f4
212.141134	1e034a
212.151612	1e031d
212.160472	1e034a
212.174270	1e034a
212.180655	1e034a
212.188941	1e031d
212.195463	1e031d
212.209307	1e034a
212.216927	1e034a
212.229865	1f24bb39a3c5
212.241004	1e031d
212.247860	1e031d
212.254227	1e0563
212.265774	1e034a
212.272969	1e01d2
212.278757	1e034a
212.285122	1e0772
212.293329	1e031d
212.308491	1e034a
212.320272	1e034a
212.332349	1e034a
212.343617	1e034a
212.355551	1e034a
212.364294	1e02e7
212.371294	1e0772
212.381247	1e034a
212.390325	1e031d
212.402020	1e034a
212.411089	1f24bb39a41b
212.420699	1f24bb39a3b7
212.433321	1e0772
212.442884	1e031d
212.454617	1e034a
212.464920	1e034a
212.477695	1e031d
212.488104	1e034a
212.499706	1e034a
212.510340	1f24bb3976e6
212.520066	1e034a
212.532430	1e034a
212.545317	1e031d
212.556337	1e01f4
212.562912	1e034a
212.573419	1e034a
212.584475	1e034a
212.598145	1e034a
212.607342	1e034a
212.618130	1e031d
212.627796	1e034a
212.638529	1e0784
212.644297	1e034a
212.657631	1e031d
212.666895	1e034a
212.674443	1e031d
212.689438	1e031d
212.701801	1e034a
212.716814	1e034a
212.728685	1e031d
212.740665	1e031d
212.746033	1e031d
212.757129	1e031d
212.768858	1e034a
212.781598	1e034e
212.794053	1e02f9
212.807411	1e031d
212.816426	1e034a
212.828464	1e034a
212.835361	1e034a
212.850280	1e034a
212.859630	1e031d
212.865109	1e034a
212.879679	1e034a
212.886382	1e034a
212.891847	1e034a
212.905053	1e034a
212.912731	1e034a
212.923641	1e031d
212.933640	1e0784
212.942710	1e034a
212.952733	1e034a
212.958951	1e01f4
212.967880	1e0819
212.978045	1e034a
212.987426	1e034a
212.999643	1e031d
213.011628	1e031d
213.022862	1e031d
213.030437	1e034a
213.040120	1e034a
213.046633	1e031d
213.054253	1e034a
213.067066	1e031d
213.078677	1e0772
213.087092	1e01f4
213.094175	1e0321
213.108627	1e01f4
213.115317	1f24bb3976c2
213.125011	1e031d
213.131260	1e01d2
213.145949	1e034a
213.153499	1e034a
213.159951	1f1eba
213.166120	1e076e
213.172020	1e034a
213.182414	1f24bb3976d2
213.192091	1e034a
213.202612	1e034a
213.213917	1e032a
213.226071	1e01f4
213.237767	1e034a
213.250789	1e034a
213.261330	1e01f4
213.273104	1e0772
213.279993	1e034a
213.289768	1e034a
213.295431	1e034a
213.303497	1e067a
213.312288	1e034a
213.321642	1e034a
213.333568	1e034a
213.342135	1e01d2
213.354108	1e034a
213.368572	1e0218
213.376966	1f24bb39777f
213.387148	1e034a
213.402001	1e034a
213.407602	1e0772
213.417002	1e031d
213.431863	1e031d
213.443359	1e034a
213.453095	1e034a
213.466110	1e01f4
213.476305	1e031d
213.490370	1e034a
213.496441	1e034a
213.510566	1e034a
213.525650	1e06ba
213.534779	1e031d
213.543580	1e034a
213.554783	1e031d
213.568313	1e034a
213.582123	1f24bb39a3c2
213.588650	1e076e
213.598934	1e034a
213.613758	1e031d
213.623029	1e031d
213.633862	1e0234
213.648622	1e031d
213.657140	1e034a
213.663556	1e031d
213.670741	1e034a
213.679866	1e034a
213.694723	1e026b
213.708269	1e031d
213.721169	1e034a
213.729759	1f24bb39a416
213.736184	1e031d
213.749397	1e034a
213.762350	1e0563
213.776619	1e031d
213.783943	1e034a
213.798774	1e01f4
213.806754	1e0664
213.822762	1e034e
213.835631	1e034a
213.847358	1e031d
213.855863	1f24bb3976ff
213.869855	1e031d
213.875395	1e0784
213.880601	1e031d
213.890523	1e034a
213.900237	1e0784
213.908892	1e034a
213.917046	1e034a
213.930732	1e031d
213.945054	1e031d
213.958125	1e031d
213.970508	1e034a
213.978488	1e031d
213.983793	1e034a
213.997879	1e05f0
214.009375	1e034a
214.016000	1e01f4
214.025801	1e034a
214.037519	1e034a
214.049719	1e077c
214.057325	1e031d
214.064596	1e031d
214.073456	1e06ba
214.080593	1e031d
214.090223	1e031d
214.099235	1e0784
214.108001	1f24bb39a3c9
214.122461	1e034a
214.131266	1e034a
214.140510	1e031d
214.155685	1e034a
214.170187	1e01f4
214.176753	1e031d
214.189393	1e034a
214.200876	1e034a
214.207143	1e031d
214.219107	1e034a
214.227668	1e034a
214.241940	1e031d
214.252287	1e031d
214.262824	1e031d
214.277152	1e06ba
214.290290	1e034a
214.298054	1e034a
214.313170	1e031d
214.325003	1e06ba
214.333583	1e05f0
214.342358	1e031d
214.349717	1e034a
214.358285	1e031d
214.372647	1e034a
214.380123	1e031d
214.391372	1e06ba
214.408859	1e031d
214.415244	1e01f4
214.434868	1e021c
214.449342	1e034a
214.458060	1e031d
214.464761	1e031d
214.471493	1e06d4
214.483147	1e034a
214.491761	1e05d9
214.499437	1e034a
214.511091	1f24bb39a41c
214.519360	1e031d
214.529786	1e031d
214.539310	1e031d
214.544818	1e031d
214.553090	1e06ba
214.561646	1e076e
214.571676	1e06ba
214.577474	1e01f4
214.590260	1e031d
214.597011	1e06ba
214.609974	1e031d
214.617061	1e06ba
214.622956	1e01f4
214.629933	1e034a
214.642292	1f24bb3976fb
214.655842	1e034a
214.669935	1e031d
214.675115	1e034a
214.681858	1e01f4
214.693919	1e034a
214.701437	1e034a
214.711937	1e01f4
214.725991	1e034e
214.741215	1e031d
214.754230	1e031d
214.763439	1e01f4
214.777804	1e031d
214.791405	1e06ba
214.806810	1e034a
214.822824	1e034a
214.834799	1e01f4
214.849298	1e06ba
214.856171	1e031d
214.865842	1e031d
214.877626	1e01f4
214.884333	1e034a
214.899306	1e031d
214.914291	1e0813
214.922796	1e031d
214.934306	1e031d
214.945614	1e034a
214.957633	1e034a
214.967706	1e034a
214.975351	1e076e
214.980656	1e031d
214.992729	1e031d
215.006193	1f24bb39a3c2
215.021306	1e034a
215.031179	1e031d
215.039269	1e034a
215.051905	1e031d
215.065933	1e01f4
215.074913	1e034a
215.080905	1e0772
215.095216	1e031d
215.101129	1e07f3
215.107857	1e01f4
215.122374	1e01f4
215.133938	1e031d
215.142430	1e0790
215.156945	1e034a
215.162393	1e031d
215.171101	1e034a
215.179595	1e031d
215.189944	1f24bb39a3c2
215.198743	1e034a
215.207270	1e031d
215.212813	1e06ba
215.226785	1e031d
215.239004	1e01f4
215.249436	1e01f4
215.255656	1e034a
215.270206	1e034a
215.282628	1e01d2
215.290700	1e034a
215.296454	1e05f0
215.306272	1e034a
215.315493	1e031d
215.329929	1e06ba
215.343812	1f24bb3977c4
215.352619	1e01f4
215.361024	1e031d
215.372159	1e034a
215.380127	1e034e
215.390814	1e031d
215.404885	1e033f
215.414611	1e034a
215.422052	1e031d
215.434056	1e06ba
215.441387	1f24bb3976ff
215.457747	1e031d
215.470731	1e031d
215.478366	1e034a
215.486759	1e031d
215.499375	1e034a
215.508439	1e031d
215.522789	1e01d2
215.530764	1e034a
215.546738	1e034a
215.554816	1e034a
215.566492	1e034a
215.582747	1e05f0
215.594750	1e031d
215.605159	1e031d
215.617263	1e031d
215.629380	1e034a
215.641230	1e031d
215.655397	1e031d
215.663132	1e0563
215.676098	1e034a
215.686970	1e06ba
215.695812	1e031d
215.707753	1e034a
215.721711	1e034a
215.729535	1e034a
215.736928	1e034a
215.746718	1e034a
215.756072	1e034a
215.767245	1e06ba
215.801633	1f24bb3976d2
215.814901	1e031d
215.842742	1e01f4
215.851434	1e034a
215.857107	1e034a
215.865745	1e034a
215.872476	1e034a
215.883575	1e0772
215.890325	1e031d
215.903108	1e034a
215.911037	1e0784
215.917965	1e0784
215.931745	1e034a
215.943517	1e034a
215.952528	1e034a
215.958726	1e0784
215.964328	1e031d
215.978728	1e0278
215.991832	1e031d
215.997505	1e031d
216.002978	1e01f4
216.018573	1e034a
216.026725	1e034a
216.036613	1e031d
216.049160	1e034a
216.065398	1e01fe
216.078690	1e034a
216.087028	1e031d
216.096399	1e034a
216.104016	1e034a
216.114127	1e034a
216.128057	1e031d
216.135307	1e034a
216.146854	1e034a
216.156174	1e034a
216.171233	1e031d
216.185025	1f24bb39a3c2
216.193196	1e034a
216.208194	1e031d
216.216980	1e031d
216.224284	1e02cb
216.233760	1e06ba
216.241902	1f24bb39772b
216.251844	1e0252
216.263983	1e034a
216.278510	1e05d9
216.292457	1e034a
216.306015	1e034a
216.315931	1e034a
216.322270	1e031d
216.329734	1e034a
216.343480	1e06ba
216.366785	1e01f4
216.376251	1e031d
216.389791	1e07ed
216.403712	1e034a
216.409600	1e034a
216.420297	1e034a
216.431054	1e034a
216.447236	1e034a
216.454878	1e031d
216.473012	1e034a
216.482815	1e034a
216.493353	1e031d
216.502328	1e034a
216.518912	1e034a
216.534801	1e031d
216.544258	1e034a
216.556441	1f24bb39a3ae
216.568158	1f24bb3977a8
216.574953	1f24bb396806
216.585323	1f24bb396806
216.594725	1f24bb39687f
216.602905	