seconds	calls	stage	entry_nodes	exit_nodes
0.013805	11	2	6985	6985
0.024006	84	0	4217	4613
0.035918	84	0	4217	4613
0.044134	84	0	4217	4613
0.054767	188	0	8941	9335
0.061007	257	3	7379	7379
0.068174	270	0	7359	7749
0.078245	270	0	7359	7749
0.091253	302	2	7763	7763
0.104070	364	0	8949	9343
0.118279	364	0	8949	9343
0.130130	415	2	39818	39818
0.145131	462	0	48703	49098
0.156633	518	0	72981	73376
0.169781	530	2	23503	21300
0.177021	562	0	66713	67108
0.182206	576	0	88499	88892
0.190058	576	0	88499	88892
0.195605	576	0	88499	88892
0.203921	608	0	60699	61089
0.214798	632	0	101724	102114
0.229369	641	0	27388	27786
0.237709	668	0	77364	77757
0.247243	688	0	119347	120123
0.252914	688	0	119347	120123
0.263189	688	0	119347	120123
0.270477	698	0	29538	29936
0.276435	702	0	37393	37791
0.290856	702	0	37393	37791
0.305297	702	0	37393	37791
0.320230	702	0	37393	37791
0.329829	702	0	37393	37791
0.338301	702	0	37393	37791
0.348283	702	0	37393	37791
0.354992	702	0	37393	37791
0.366785	702	0	37393	37791
0.381844	702	0	37393	37791
0.394141	702	0	37393	37791
0.401477	744	0	36339	36730
0.412334	804	0	55868	56257
0.423181	830	0	35745	36527
0.437299	854	0	65308	65697
0.447753	894	0	62480	62878
0.461573	908	0	83620	84015
0.473441	934	0	54035	54433
0.485744	960	0	96601	96989
0.499854	974	3	33830	33830
0.511381	1011	0	105450	105840
0.517133	1018	0	118937	119325
0.529142	1018	0	118937	119325
0.541295	1038	0	51558	52356
0.554828	1074	0	83798	84580
0.567398	1122	0	44674	45062
0.575995	1129	0	50116	50510
0.583905	1167	0	46626	47403
0.596562	1180	0	61323	61715
0.609898	1235	0	80590	80984
0.616493	1235	0	80590	80984
0.622947	1238	0	14851	15249
0.632441	1272	3	69762	66341
0.642316	1288	0	93782	94168
0.648989	1288	0	93782	94168
0.660106	1320	0	64851	65243
0.672645	1346	0	113935	114331
0.685881	1346	0	113935	114331
0.694937	1364	0	48236	48627
0.706048	1387	0	93274	93668
0.713928	1387	0	93274	93668
0.725025	1387	0	93274	93668
0.730735	1387	0	93274	93668
0.742038	1387	0	93274	93668
0.748284	1387	0	93274	93668
0.753893	1387	0	93274	93668
0.768941	1387	0	93274	93668
0.782477	1387	0	93274	93668
0.789609	1387	0	93274	93668
0.798690	1387	0	93274	93668
0.810788	1387	0	93274	93668
0.823597	1387	0	93274	93668
0.837091	1387	0	93274	93668
0.850157	1431	3	27717	27717
0.865189	1495	3	46744	46744
0.871321	1511	0	61888	62262
0.882737	1538	0	42397	42793
0.888792	1559	0	71273	71663
0.893983	1559	0	71273	71663
0.903211	1576	0	34178	34564
0.915111	1614	0	92800	93188
0.922136	1614	0	92800	93188
0.935620	1633	2	43395	42523
0.945314	1661	0	91398	91796
0.959301	1669	0	108152	108535
0.968182	1669	0	108152	108535
0.977382	1693	0	56490	56882
0.984608	1712	0	98477	98866
0.996072	1721	0	119506	119901
1.003416	1721	0	119506	119901
1.011995	1721	0	119506	119901
1.021182	1721	0	119506	119901
1.026866	1721	0	119506	119901
1.041750	1721	0	119506	119901
1.049546	1721	0	119506	119901
1.061858	1721	0	119506	119901
1.072208	1721	0	119506	119901
1.078674	1721	0	119506	119901
1.084076	1721	0	119506	119901
1.094076	1721	0	119506	119901
1.104379	1721	0	119506	119901
1.110086	1721	0	119506	119901
1.116835	1721	0	119506	119901
1.129497	1721	0	119506	119901
1.135469	1721	0	119506	119901
1.144506	1721	0	119506	119901
1.157851	1721	0	119506	119901
1.170140	1759	3	71752	71677
1.177177	1802	3	109309	108147
1.191177	1868	2	178395	178395
1.204570	1881	0	191603	192000
1.219418	1881	0	191603	192000
1.226118	1884	3	50793	50793
1.233574	1913	0	90262	90659
1.248033	1964	0	168263	168651
1.257650	1994	3	218619	217978
1.271536	2020	0	266541	266929
1.282362	2035	0	288635	289022
1.295435	2035	0	288635	289022
1.303467	2035	0	288635	289022
1.308966	2035	0	288635	289022
1.322441	2035	0	288635	289022
1.337208	2048	2	74006	73487
1.348786	2073	0	127652	128050
1.362716	2109	0	208431	209595
1.369608	2119	0	243286	244449
1.380783	2139	0	293047	293843
1.392510	2149	3	317768	317768
1.401597	2155	2	336697	336517
1.408424	2163	0	350408	350801
1.421125	2169	0	369508	370288
1.429109	2176	0	392840	393622
1.439947	2181	0	403924	404318
1.454751	2181	0	403924	404318
1.467701	2181	0	403924	404318
1.474505	2181	0	403924	404318
1.480960	2181	0	403924	404318
1.496161	2181	0	403924	404318
1.510900	2181	0	403924	404318
1.520578	2181	0	403924	404318
1.529431	2181	0	403924	404318
1.537413	2181	0	403924	404318
1.547129	2187	0	62396	63573
1.554488	2195	0	87882	89067
1.566859	2211	0	141206	142004
1.579267	2231	0	199520	199914
1.593546	2256	0	275471	275861
1.603536	2273	0	319561	319946
1.615928	2291	0	380381	381168
1.630743	2306	0	435144	435535
1.638169	2309	0	441459	441846
1.644432	2314	2	463684	462933
1.655404	2319	0	487440	488211
1.667473	2325	0	501866	502647
1.682625	2325	0	501866	502647
1.694163	2325	0	501866	502647
1.706563	2325	0	501866	502647
1.718534	2325	0	501866	502647
1.728845	2325	0	501866	502647
1.734623	2325	0	501866	502647
1.740588	2325	0	501866	502647
1.747715	2325	0	501866	502647
1.762246	2325	0	501866	502647
1.776287	2325	0	501866	502647
1.783195	2328	0	57163	57560
1.790787	2338	0	90945	91342
1.801276	2353	0	139338	140123
1.814537	2368	0	203498	204687
1.827664	2384	0	266002	266392
1.835677	2395	0	303883	304664
1.847008	2406	0	347267	348039
1.859478	2425	0	419097	420276
1.864959	2430	2	449285	449285
1.877248	2445	0	498468	499247
1.884132	2449	0	522866	523256
1.898264	2455	0	537492	538271
1.905133	2461	0	568318	568708
1.917123	2465	0	596280	597059
1.923632	2471	0	614463	616024
1.928995	2471	0	614463	616024
1.943445	2471	0	614463	616024
1.953295	2471	0	614463	616024
1.961245	2471	0	614463	616024
1.967444	2471	0	614463	616024
1.974488	2471	0	614463	616024
1.987354	2471	0	614463	616024
2.002008	2471	0	614463	616024
2.008296	2471	0	614463	616024
2.020571	2471	0	614463	616024
2.032327	2471	0	614463	616024
2.041466	2471	0	614463	616024
2.056548	2471	0	614463	616024
2.063973	2471	0	614463	616024
2.072919	2471	0	614463	616024
2.082620	2471	0	614463	616024
2.089739	2478	2	65715	65715
2.097771	2483	0	82338	82727
2.103143	2492	0	118870	119660
2.110898	2501	0	157692	158085
2.118743	2513	2	197316	197316
2.131605	2527	0	261514	261898
2.140569	2536	0	302559	302950
2.150093	2546	0	345890	346281
2.157369	2552	0	387158	387934
2.163261	2561	0	409893	410285
2.170487	2570	2	455039	453976
2.176902	2574	0	487004	487398
2.184183	2579	0	523169	524723
2.191525	2586	0	557885	558277
2.203767	2598	0	619767	620153
2.214358	2601	0	630951	632126
2.223897	2605	0	668651	669043
2.234563	2611	0	683447	683837
2.246911	2615	0	718036	718428
2.259615	2621	0	732832	733222
2.268819	2621	0	732832	733222
2.280208	2621	0	732832	733222
2.290696	2621	0	732832	733222
2.297757	2621	0	732832	733222
2.303116	2621	0	732832	733222
2.315727	2621	0	732832	733222
2.330055	2621	0	732832	733222
2.340157	2621	0	732832	733222
2.354068	2621	0	732832	733222
2.366458	2621	0	732832	733222
2.376775	2621	0	732832	733222
2.389501	2621	0	732832	733222
2.398645	2621	0	732832	733222
2.407750	2621	0	732832	733222
2.415254	2621	0	732832	733222
2.425287	2621	0	732832	733222
2.434911	2621	0	732832	733222
2.445646	2628	0	78388	78781
2.457783	2635	0	119194	119587
2.471631	2649	0	191778	192173
2.479198	2655	0	218092	218486
2.487948	2655	0	218092	218486
2.495391	2655	0	218092	218486
2.508076	2655	0	218092	218486
2.515250	2655	0	218092	218486
2.522628	2655	0	218092	218486
2.535489	2655	0	218092	218486
2.540939	2655	0	218092	218486
2.554273	2655	0	218092	218486
2.566206	2655	0	218092	218486
2.573675	2655	0	218092	218486
2.583661	2655	0	218092	218486
2.589987	2655	0	218092	218486
2.598266	2655	0	218092	218486
2.606121	2655	0	218092	218486
2.620624	2655	0	218092	218486
2.626705	2655	0	218092	218486
2.637043	2655	0	218092	218486
2.648516	2655	0	218092	218486
2.660579	2655	0	218092	218486
2.671299	2655	0	218092	218486
2.681356	2655	0	218092	218486
2.688338	2655	0	218092	218486
2.703146	2655	0	218092	218486
2.712284	2655	0	218092	218486
2.723284	2655	0	218092	218486
2.733787	2655	0	218092	218486
2.745433	2655	0	218092	218486
2.757749	2655	0	218092	218486
2.769546	2655	0	218092	218486
2.784056	2655	0	218092	218486
2.798093	2655	0	218092	218486
2.810879	2655	0	218092	218486
2.824655	2655	0	218092	218486
2.836174	2655	0	218092	218486
2.844475	2655	0	218092	218486
2.859052	2655	0	218092	218486
2.869989	2655	0	218092	218486
2.881328	2655	0	218092	218486
2.890962	2655	0	218092	218486
2.897047	2655	0	218092	218486
2.908281	2655	0	218092	218486
2.914871	2655	0	218092	218486
2.923732	2655	0	218092	218486
2.934962	2655	0	218092	218486
2.941478	2655	0	218092	218486
2.947339	2655	0	218092	218486
2.952898	2655	0	218092	218486
2.963447	2655	0	218092	218486
2.971891	2655	0	218092	218486
2.979289	2655	0	218092	218486
2.986410	2655	0	218092	218486
2.997832	2655	0	218092	218486
3.007233	2655	0	218092	218486
3.022401	2655	0	218092	218486
3.031854	2655	0	218092	218486
3.038200	2655	0	218092	218486
3.046753	2655	0	218092	218486
3.061456	2655	0	218092	218486
3.069341	2655	0	218092	218486
3.080490	2655	0	218092	218486
3.091725	2655	0	218092	218486
3.104065	2655	0	218092	218486
3.112405	2655	0	218092	218486
3.121161	2655	0	218092	218486
3.135084	2655	0	218092	218486
3.142061	2655	0	218092	218486
3.150357	2655	0	218092	218486
3.159177	2655	0	218092	218486
3.166477	2655	0	218092	218486
3.178505	2655	0	218092	218486
3.184140	2655	0	218092	218486
3.194456	2655	0	218092	218486
3.203335	2655	0	218092	218486
3.213628	2655	0	218092	218486
3.218960	2655	0	218092	218486
3.233096	2655	0	218092	218486
3.245660	2655	0	218092	218486
3.253941	2655	0	218092	218486
3.265474	2655	0	218092	218486
3.279376	2655	0	218092	218486
3.291924	2655	0	218092	218486
3.306606	2655	0	218092	218486
3.319892	2655	0	218092	218486
3.332144	2655	0	218092	218486
3.341004	2655	0	218092	218486
3.347573	2655	0	218092	218486
3.361099	2655	0	218092	218486
3.368505	2655	0	218092	218486
3.375313	2655	0	218092	218486
3.384460	2655	0	218092	218486
3.394423	2655	0	218092	218486
3.402445	2655	0	218092	218486
3.412654	2655	0	218092	218486
3.425959	2655	0	218092	218486
3.439467	2659	2	58783	58767
3.451261	2725	2	105868	104481
3.460656	2771	0	148716	149108
3.469541	2773	0	149953	150718
3.475898	2773	0	149953	150718
3.490533	2773	0	149953	150718
3.504788	2810	2	91583	91296
3.518892	2851	2	151229	150169
3.527846	2880	0	190155	190547
3.534183	2902	0	224384	224776
3.540658	2922	0	257558	258329
3.550705	2933	0	277095	277481
3.565775	2933	0	277095	277481
3.571636	2933	0	277095	277481
3.583256	2933	0	277095	277481
3.590390	2933	0	277095	277481
3.598294	2933	0	277095	277481
3.609763	2933	0	277095	277481
3.617896	2953	0	79787	80572
3.630380	2976	2	130019	128976
3.640364	2996	0	176355	176745
3.649755	3017	2	226861	225985
3.663800	3048	2	299366	299366
3.671386	3061	0	327725	328882
3.686265	3075	0	372545	373327
3.698187	3075	0	372545	373327
3.711665	3075	0	372545	373327
3.718511	3075	0	372545	373327
3.729460	3075	0	372545	373327
3.743799	3075	0	372545	373327
3.757398	3075	0	372545	373327
3.772522	3088	0	81802	82595
3.778099	3096	3	106161	95406
3.785680	3108	0	136656	137049
3.796465	3127	0	186405	187571
3.809869	3153	0	251865	252257
3.815512	3162	3	283422	283002
3.826821	3180	0	337193	337586
3.838457	3197	0	389261	389648
3.846931	3210	3	425214	424536
3.861553	3234	3	492680	491976
3.868613	3235	0	493463	493853
3.873870	3235	0	493463	493853
3.883510	3235	0	493463	493853
3.890892	3235	0	493463	493853
3.903682	3235	0	493463	493853
3.914626	3235	0	493463	493853
3.923787	3235	0	493463	493853
3.935181	3235	0	493463	493853
3.944973	3235	0	493463	493853
3.957562	3235	0	493463	493853
3.965322	3235	0	493463	493853
3.977571	3244	3	71044	67671
3.991475	3265	2	136927	136927
4.004734	3284	0	197376	197766
4.014471	3294	0	231253	231643
4.021786	3306	0	272483	273275
4.033947	3321	0	335053	335445
4.047572	3342	0	400542	400933
4.060634	3359	0	456222	456616
4.069748	3367	2	514436	496091
4.084771	3382	2	580808	563708
4.096234	3389	0	596568	596961
4.110634	3389	0	596568	596961
4.120355	3389	0	596568	596961
4.133837	3389	0	596568	596961
4.143429	3389	0	596568	596961
4.156201	3389	0	596568	596961
4.168367	3389	0	596568	596961
4.176575	3389	0	596568	596961
4.183816	3389	0	596568	596961
4.197854	3389	0	596568	596961
4.205856	3389	0	596568	596961
4.219337	3389	0	596568	596961
4.226675	3389	0	596568	596961
4.232882	3389	0	596568	596961
4.246060	3389	0	596568	596961
4.258167	3389	0	596568	596961
4.268191	3400	0	78925	79320
4.281549	3413	0	136487	137275
4.287469	3421	0	156535	156926
4.297735	3432	0	210546	210931
4.307611	3446	0	257032	257428
4.315654	3454	3	299339	277397
4.321416	3461	0	315955	316347
4.329793	3469	0	353537	353929
4.338810	3481	2	414490	395419
4.351626	3500	0	477394	478177
4.365257	3514	0	542861	543253
4.379865	3531	0	609594	610366
4.391902	3545	0	683112	683500
4.398570	3549	0	696241	697412
4.409389	3549	0	696241	697412
4.417635	3549	0	696241	697412
4.426493	3549	0	696241	697412
4.439860	3549	0	696241	697412
4.450160	3549	0	696241	697412
4.459568	3549	0	696241	697412
4.471130	3549	0	696241	697412
4.481493	3549	0	696241	697412
4.493539	3549	0	696241	697412
4.508221	3549	0	696241	697412
4.519966	3549	0	696241	697412
4.531542	3549	0	696241	697412
4.539913	3549	0	696241	697412
4.547942	3549	0	696241	697412
4.557225	3549	0	696241	697412
4.567919	3558	0	82161	82555
4.573365	3559	0	102706	103905
4.583165	3567	0	127425	127819
4.588844	3574	3	169810	169810
4.603770	3587	0	242051	243212
4.617810	3603	0	311679	312073
4.623215	3608	0	340324	341109
4.636888	3621	0	404753	405148
4.648985	3693	0	468082	468475
4.661415	3698	0	471540	471932
4.671467	3698	0	471540	471932
4.685773	3698	0	471540	471932
4.694870	3698	0	471540	471932
4.701851	3698	0	471540	471932
4.710071	3698	0	471540	471932
4.717703	3698	0	471540	471932
4.731126	3698	0	471540	471932
4.737170	3698	0	471540	471932
4.748779	3698	0	471540	471932
4.759278	3701	3	49643	49505
4.772015	3758	0	108393	108783
4.778374	3780	0	136937	137330
4.790770	3824	3	195353	194383
4.800334	3848	3	234956	234591
4.809215	3857	0	244237	244625
4.814853	3857	0	244237	244625
4.825083	3857	0	244237	244625
4.839959	3857	0	244237	244625
4.851928	3857	0	244237	244625
4.859468	3879	2	84971	79635
4.870311	3907	0	134552	134949
4.877228	3927	0	165208	165599
4.883224	3941	3	196007	196007
4.890696	3959	2	235039	234077
4.897570	3972	0	264755	265147
4.903732	3989	2	302505	302505
4.917313	4009	0	350096	350489
4.922747	4009	0	350096	350489
4.934905	4009	0	350096	350489
4.945129	4009	0	350096	350489
4.956659	4009	0	350096	350489
4.963843	4009	0	350096	350489
4.977733	4009	0	350096	350489
4.990376	4011	0	54721	55894
4.996651	4026	0	86573	87762
5.011277	4049	0	155183	156378
5.016938	4060	0	181568	181961
5.027350	4074	2	225309	223083
5.040521	4098	0	285562	286738
5.048092	4109	0	324039	324428
5.053558	4117	0	352918	353311
5.059602	4128	0	382430	382824
5.071372	4150	0	442430	442819
5.081511	4156	0	456118	456885
5.095406	4156	0	456118	456885
5.101134	4156	0	456118	456885
5.111732	4156	0	456118	456885
5.118030	4156	0	456118	456885
5.129255	4156	0	456118	456885
5.135611	4156	0	456118	456885
5.147163	4156	0	456118	456885
5.154356	4156	0	456118	456885
5.160358	4156	0	456118	456885
5.168553	4156	0	456118	456885
5.177851	4157	3	55268	456885
5.192036	4178	0	116086	116866
5.199966	4187	0	146537	146931
5.206981	4197	0	173614	174399
5.219605	4216	0	226334	226727
5.228716	4230	0	275383	275775
5.242797	4252	0	351587	351982
5.255557	4268	0	413877	414269
5.263143	4278	0	448340	449115
5.276232	4295	0	510158	510547
5.285513	4307	0	554105	555273
5.291399	4311	0	563141	563531
5.300147	4311	0	563141	563531
5.306993	4311	0	563141	563531
5.313887	4311	0	563141	563531
5.321414	4311	0	563141	563531
5.336528	4311	0	563141	563531
5.343467	4311	0	563141	563531
5.353078	4311	0	563141	563531
5.360367	4311	0	563141	563531
5.366539	4311	0	563141	563531
5.380799	4311	0	563141	563531
5.394811	4311	0	563141	563531
5.400078	4311	0	563141	563531
5.407578	4311	0	563141	563531
5.417234	4311	0	563141	563531
5.428074	4320	0	77015	77805
5.442333	4334	0	142349	142743
5.449981	4341	0	171996	172796
5.465046	4355	0	222345	223134
5.477513	4374	0	300350	301923
5.491617	4393	4	373519	373519
5.497215	4400	2	402104	402104
5.505569	4408	0	445693	446087
5.510914	4416	0	459413	460196
5.523000	4429	0	519961	520347
5.534321	4441	3	573264	573264
5.543122	4451	0	610305	611081
5.550171	4456	0	644855	645248
5.557396	4463	0	663245	664028
5.563801	4463	0	663245	664028
5.575113	4463	0	663245	664028
5.588837	4463	0	663245	664028
5.598693	4463	0	663245	664028
5.609193	4463	0	663245	664028
5.623348	4463	0	663245	664028
5.632971	4463	0	663245	664028
5.642082	4463	0	663245	664028
5.650683	4463	0	663245	664028
5.663797	4463	0	663245	664028
5.677217	4463	0	663245	664028
5.686432	4463	0	663245	664028
5.695111	4463	0	663245	664028
5.701642	4463	0	663245	664028
5.707879	4463	0	663245	664028
5.721055	4468	0	74591	74988
5.730059	4478	0	108212	108604
5.744924	4489	0	170457	171238
5.753413	4496	0	201456	201850
5.764494	4508	0	258128	259303
5.771585	4513	0	291424	292203
5.781971	4521	0	341020	341404
5.793046	4536	2	401457	401457
5.807185	4545	0	466137	467294
5.816108	4557	0	512093	512487
5.826827	4563	0	538360	538754
5.837861	4571	0	586052	586446
5.850288	4571	0	586052	586446
5.862368	4571	0	586052	586446
5.874827	4571	0	586052	586446
5.885411	4571	0	586052	586446
5.891872	4571	0	586052	586446
5.903490	4571	0	586052	586446
5.912928	4571	0	586052	586446
5.926708	4571	0	586052	586446
5.936204	4571	0	586052	586446
5.941889	4571	0	586052	586446
5.955235	4571	0	586052	586446
5.968125	4571	0	586052	586446
5.973647	4571	0	586052	586446
5.982478	4571	0	586052	586446
5.994752	4571	0	586052	586446
6.007934	4571	0	586052	586446
6.021822	4571	0	586052	586446
6.028079	4571	0	586052	586446
6.034925	4571	0	586052	586446
6.043158	4571	0	586052	586446
6.048612	4571	0	586052	586446
6.058323	4571	0	586052	586446
6.066486	4571	0	586052	586446
6.073575	4571	0	586052	586446
6.084295	4571	0	586052	586446
6.098289	4571	0	586052	586446
6.105620	4571	0	586052	586446
6.115747	4571	0	586052	586446
6.125587	4571	0	586052	586446
6.132153	4571	0	586052	586446
6.140828	4571	0	586052	586446
6.147957	4571	0	586052	586446
6.159023	4571	0	586052	586446
6.170628	4571	0	586052	586446
6.183885	4571	0	586052	586446
6.198565	4571	0	586052	586446
6.209541	4571	0	586052	586446
6.224366	4571	0	586052	586446
6.238532	4571	0	586052	586446
6.251757	4571	0	586052	586446
6.266222	4571	0	586052	586446
6.274287	4571	0	586052	586446
6.285187	4571	0	586052	586446
6.296657	4571	0	586052	586446
6.302384	4571	0	586052	586446
6.316555	4571	0	586052	586446
6.330137	4571	0	586052	586446
6.341780	4571	0	586052	586446
6.352295	4571	0	586052	586446
6.363305	4571	0	586052	586446
6.376149	4571	0	586052	586446
6.388398	4571	0	586052	586446
6.402069	4571	0	586052	586446
6.416080	4571	0	586052	586446
6.424576	4571	0	586052	586446
6.436686	4571	0	586052	586446
6.443133	4571	0	586052	586446
6.455118	4571	0	586052	586446
6.461642	4571	0	586052	586446
6.473087	4571	0	586052	586446
6.480638	4571	0	586052	586446
6.493590	4571	0	586052	586446
6.507027	4571	0	586052	586446
6.517458	4571	0	586052	586446
6.524895	4571	0	586052	586446
6.532150	4571	0	586052	586446
6.542332	4571	0	586052	586446
6.548690	4571	0	586052	586446
6.554441	4571	0	586052	586446
6.565031	4571	0	586052	586446
6.577888	4571	0	586052	586446
6.585540	4571	0	586052	586446
6.596310	4571	0	586052	586446
6.603001	4571	0	586052	586446
6.608719	4571	0	586052	586446
6.621301	4571	0	586052	586446
6.627332	4571	0	586052	586446
6.634113	4571	0	586052	586446
6.639973	4571	0	586052	586446
6.648113	4571	0	586052	586446
6.662238	4571	0	586052	586446
6.670841	4571	0	586052	586446
6.677258	4571	0	586052	586446
6.690961	4571	0	586052	586446
6.705783	4571	0	586052	586446
6.719305	4571	0	586052	586446
6.727156	4571	0	586052	586446
6.736887	4571	0	586052	586446
6.749997	4571	0	586052	586446
6.756895	4571	0	586052	586446
6.772026	4610	0	101036	101819
6.782240	4610	0	101036	101819
6.794455	4658	2	84006	83602
6.806855	4706	3	137276	137125
6.821630	4757	3	199790	199492
6.834632	4767	0	214379	214766
6.840989	4767	0	214379	214766
6.846210	4767	0	214379	214766
6.851403	4767	0	214379	214766
6.857434	4767	0	214379	214766
6.866143	4767	0	214379	214766
6.874450	4778	0	64851	65245
6.886677	4811	0	118273	119462
6.893763	4829	3	150795	149329
6.901900	4850	2	187007	187007
6.915426	4881	2	250759	249083
6.925033	4900	0	289936	291112
6.932382	4917	0	320779	321566
6.944638	4917	0	320779	321566
6.955007	4917	0	320779	321566
6.969527	4917	0	320779	321566
6.983541	4917	0	320779	321566
6.990704	4917	0	320779	321566
7.000995	4917	0	320779	321566
7.008687	4922	2	58984	58984
7.023126	4946	0	117143	117928
7.037530	4968	0	169916	170311
7.047451	4979	0	200487	200879
7.053369	4989	0	222730	223125
7.060195	4999	2	256849	245648
7.072864	5024	0	310588	310981
7.083804	5042	0	361042	361437
7.093006	5058	2	402754	402754
7.100619	5064	0	421986	423170
7.107838	5067	0	427364	428149
7.121549	5067	0	427364	428149
7.130398	5067	0	427364	428149
7.142800	5067	0	427364	428149
7.151929	5067	0	427364	428149
7.159252	5067	0	427364	428149
7.170623	5067	0	427364	428149
7.176172	5067	0	427364	428149
7.186411	5067	0	427364	428149
7.193645	5067	0	427364	428149
7.208815	5067	0	427364	428149
7.216316	5067	0	427364	428149
7.227029	5070	3	55637	54801
7.238556	5085	3	96666	96666
7.247375	5095	0	128361	128755
7.260384	5108	0	172711	173903
7.268421	5117	0	205441	206620
7.274120	5123	0	218585	218982
7.285954	5142	2	281999	279661
7.294389	5153	0	311460	313024
7.299956	5162	0	342790	343571
7.306294	5169	2	370338	368587
7.318144	5183	0	411348	411740
7.326519	5194	0	447915	448304
7.332563	5201	0	478625	479404
7.344825	5217	0	532105	532876
7.353815	5226	0	551674	552064
7.362001	5226	0	551674	552064
7.372120	5226	0	551674	552064
7.379907	5226	0	551674	552064
7.385796	5226	0	551674	552064
7.393410	5226	0	551674	552064
7.402047	5226	0	551674	552064
7.407701	5226	0	551674	552064
7.418712	5226	0	551674	552064
7.430226	5226	0	551674	552064
7.445110	5226	0	551674	552064
7.455674	5226	0	551674	552064
7.467100	5226	0	551674	552064
7.473943	5226	0	551674	552064
7.486587	5231	0	61914	62308
7.495787	5243	3	103849	102201
7.510984	5256	0	150806	151199
7.522406	5269	0	210380	210776
7.531647	5276	0	240846	241235
7.546196	5292	0	294125	294913
7.552755	5303	0	334666	335058
7.564985	5319	0	397320	397712
7.574782	5330	0	442058	442455
7.584963	5342	3	491483	490224
7.595443	5352	0	536044	536820
7.602227	5359	0	570199	571369
7.610790	5368	0	605636	606407
7.624018	5378	0	646586	646970
7.635321	5378	0	646586	646970
7.648173	5378	0	646586	646970
7.661108	5378	0	646586	646970
7.668868	5378	0	646586	646970
7.683528	5378	0	646586	646970
7.692666	5378	0	646586	646970
7.703853	5378	0	646586	646970
7.710477	5378	0	646586	646970
7.722768	5378	0	646586	646970
7.732553	5378	0	646586	646970
7.744753	5378	0	646586	646970
7.756794	5378	0	646586	646970
7.768653	5378	0	646586	646970
7.783673	5386	0	76754	77543
7.790009	5390	0	101555	101952
7.799142	5396	0	126460	126853
7.809888	5405	0	166016	167207
7.815498	5413	2	208287	208287
7.822216	5416	0	233134	233914
7.832000	5422	0	251920	253087
7.844742	5437	0	323902	324295
7.855615	5449	0	381704	382491
7.862866	5454	0	414495	414886
7.876661	5468	0	470757	471548
7.889452	5482	0	540026	540812
7.901788	5493	0	598593	598983
7.909321	5500	2	633923	633923
7.915711	5507	0	660891	661286
7.928027	5518	0	710736	711132
7.943153	5527	0	756366	756760
7.948645	5527	0	756366	756760
7.958813	5527	0	756366	756760
7.969816	5527	0	756366	756760
7.978494	5527	0	756366	756760
7.988352	5527	0	756366	756760
7.995232	5527	0	756366	756760
8.008249	5527	0	756366	756760
8.018144	5527	0	756366	756760
8.031626	5527	0	756366	756760
8.046768	5527	0	756366	756760
8.060379	5527	0	756366	756760
8.066781	5527	0	756366	756760
8.074841	5527	0	756366	756760
8.086931	5527	0	756366	756760
8.098644	5527	0	756366	756760
8.106852	5527	0	756366	756760
8.120523	5527	0	756366	756760
8.131410	5527	0	756366	756760
8.138267	5527	0	756366	756760
8.147392	5527	0	756366	756760
8.154802	5527	0	756366	756760
8.168881	5527	0	756366	756760
8.174321	5527	0	756366	756760
8.188214	5527	0	756366	756760
8.196425	5527	0	756366	756760
8.209672	5527	0	756366	756760
8.217195	5527	0	756366	756760
8.225267	5527	0	756366	756760
8.237685	5527	0	756366	756760
8.246050	5527	0	756366	756760
8.257074	5527	0	756366	756760
8.265663	5527	0	756366	756760
8.277931	5527	0	756366	756760
8.288522	5527	0	756366	756760
8.297044	5527	0	756366	756760
8.305445	5527	0	756366	756760
8.311646	5527	0	756366	756760
8.324343	5527	0	756366	756760
8.337575	5527	0	756366	756760
8.344137	5527	0	756366	756760
8.352721	5527	0	756366	756760
8.365853	5527	0	756366	756760
8.377049	5527	0	756366	756760
8.389079	5527	0	756366	756760
8.394437	5527	0	756366	756760
8.408443	5527	0	756366	756760
8.414587	5527	0	756366	756760
8.429603	5527	0	756366	756760
8.443007	5527	0	756366	756760
8.448396	5527	0	756366	756760
8.454641	5527	0	756366	756760
8.466288	5527	0	756366	756760
8.472929	5527	0	756366	756760
8.486748	5527	0	756366	756760
8.497204	5527	0	756366	756760
8.503685	5527	0	756366	756760
8.514004	5527	0	756366	756760
8.523501	5527	0	756366	756760
8.533071	5527	0	756366	756760
8.547873	5527	0	756366	756760
8.553929	5527	0	756366	756760
8.559447	5527	0	756366	756760
8.573524	5527	0	756366	756760
8.580131	5527	0	756366	756760
8.589283	5527	0	756366	756760
8.601837	5527	0	756366	756760
8.608897	5527	0	756366	756760
8.617960	5527	0	756366	756760
8.631524	5527	0	756366	756760
8.644955	5527	0	756366	756760
8.655695	5527	0	756366	756760
8.662305	5527	0	756366	756760
8.668839	5527	0	756366	756760
8.683012	5527	0	756366	756760
8.695445	5527	0	756366	756760
8.704260	5527	0	756366	756760
8.718748	5527	0	756366	756760
8.729421	5527	0	756366	756760
8.743057	5527	0	756366	756760
8.753522	5527	0	756366	756760
8.763513	5527	0	756366	756760
8.776997	5527	0	756366	756760
8.787866	5527	0	756366	756760
8.793173	5527	0	756366	756760
8.806520	5527	0	756366	756760
8.821522	5527	0	756366	756760
8.832297	5527	0	756366	756760
8.838364	5527	0	756366	756760
8.846030	5527	0	756366	756760
8.854752	5527	0	756366	756760
8.860566	5527	0	756366	756760
8.871104	5527	0	756366	756760
8.883806	5552	2	226098	226088
8.893313	5574	2	265380	265272
8.905953	5603	2	322415	322233
8.912862	5617	2	352062	352062
8.922230	5634	3	393257	392829
8.936835	5658	0	449421	450196
8.945100	5671	3	483095	483095
8.951336	5678	3	508487	508487
8.962726	5696	3	560665	556703
8.968248	5705	2	584597	583915
8.979940	5723	3	640216	640216
8.993938	5743	3	704073	703277
9.003765	5756	2	751104	744789
9.009407	5763	0	767191	767966
9.017269	5763	0	767191	767966
9.030730	5763	0	767191	767966
9.041497	5763	0	767191	767966
9.052382	5763	0	767191	767966
9.063374	5763	0	767191	767966
9.076372	5763	0	767191	767966
9.084151	5763	0	767191	767966
9.098074	5763	0	767191	767966
9.111404	5763	0	767191	767966
9.119778	5763	0	767191	767966
9.134135	5763	0	767191	767966
9.149031	5763	0	767191	767966
9.157356	5763	0	767191	767966
9.168389	5769	0	208641	210179
9.178873	5778	3	250639	235929
9.188839	5791	0	286394	289156
9.203189	5806	0	346991	347379
9.217339	5821	0	405200	405588
9.226317	5828	0	436563	438518
9.234186	5836	0	464758	466706
9.239520	5843	0	499501	501456
9.251347	5854	0	555651	556425
9.263404	5865	0	593499	595429
9.277392	5879	0	658573	660503
9.284701	5889	2	711947	710208
9.295594	5899	0	760552	763298
9.310137	5910	0	820741	822303
9.316219	5916	0	840023	841982
9.324822	5923	0	869670	871226
9.330467	5926	2	899451	899451
9.340852	5933	0	932468	935199
9.349868	5938	2	970809	945031
9.355339	5942	0	982406	983979
9.364947	5946	2	999956	999956
9.372080	5952	0	1014777	1016741
9.383057	5959	2	1060089	1060089
9.397384	5967	0	1087002	1088966
9.404439	5972	0	1122370	1124320
9.410886	5976	2	1145863	1145863
9.421189	5982	0	1166183	1167334
9.427135	5984	3	1195732	1194757
9.437053	5990	3	1225332	1211701
9.448421	5997	0	1247228	1248379
9.457932	5997	0	1247228	1248379
9.464965	5997	0	1247228	1248379
9.478212	5997	0	1247228	1248379
9.485127	5997	0	1247228	1248379
9.499832	5997	0	1247228	1248379
9.511957	5997	0	1247228	1248379
9.518490	5997	0	1247228	1248379
9.524645	5997	0	1247228	1248379
9.537771	5997	0	1247228	1248379
9.543351	5997	0	1247228	1248379
9.557345	5997	0	1247228	1248379
9.564721	5997	0	1247228	1248379
9.572864	5997	0	1247228	1248379
9.579601	5997	0	1247228	1248379
9.593798	5997	0	1247228	1248379
9.608876	5997	0	1247228	1248379
9.619376	5997	0	1247228	1248379
9.625222	5997	0	1247228	1248379
9.631380	5997	0	1247228	1248379
9.639771	5997	0	1247228	1248379
9.645154	5997	0	1247228	1248379
9.658740	5997	0	1247228	1248379
9.669616	5997	0	1247228	1248379
9.676319	5997	0	1247228	1248379
9.687872	5997	0	1247228	1248379
9.696779	5997	0	1247228	1248379
9.702050	5997	0	1247228	1248379
9.709565	5997	0	1247228	1248379
9.717528	5997	0	1247228	1248379
9.724416	5997	0	1247228	1248379
9.737963	5997	0	1247228	1248379
9.749007	6002	3	216904	216904
9.762234	6012	0	263359	264138
9.773388	6019	0	310509	311704
9.783231	6027	0	351368	352147
9.796685	6032	2	402968	402968
9.805324	6041	3	440482	439930
9.816606	6045	2	487306	478875
9.823651	6050	3	516547	516547
9.831942	6055	0	527568	529138
9.843060	6064	0	594823	596353
9.849294	6069	0	611585	614740
9.858393	6072	0	653605	655913
9.866617	6080	0	687011	688581
9.873150	6083	0	700257	703412
9.885805	6090	0	761132	761907
9.898480	6098	0	797596	799558
9.910272	6105	0	859963	860738
9.917454	6113	0	896427	898389
9.928024	6118	0	950392	951929
9.933582	6121	3	976495	959050
9.938934	6128	3	997523	997523
9.944682	6128	0	997523	1000265
9.956691	6135	0	1060445	1062008
9.970729	6143	0	1100481	1103223
9.981633	6150	0	1171425	1174545
9.989388	6158	0	1208668	1209060
9.995979	6158	0	1208668	1209060
10.005870	6165	0	1274044	1277164
10.011641	6166	3	1294988	1277164
10.023781	6173	0	1311287	1311679
10.030161	6175	2	1353480	1351000
10.038488	6180	2	1373293	1373293
10.046715	6180	0	1373293	1375609
10.058687	6188	0	1414158	1415329
10.069598	6188	0	1414158	1415329
10.076393	6191	0	1463730	1464895
10.082254	6195	2	1480797	1480797
10.089925	6195	0	1480797	1483113
10.098709	6202	2	1519343	1516516
10.106160	6203	0	1521662	1522833
10.119285	6206	3	1569157	1569157
10.129002	6208	0	1585060	1586233
10.134415	6210	0	1592243	1593410
10.140048	6210	0	1592243	1593410
10.145653	6214	2	1625593	1625593
10.157965	6218	0	1639080	1639468
10.171578	6221	0	1685035	1687750
10.186527	6225	0	1708121	1709288
10.192887	6227	0	1735049	1735831
10.201070	6233	0	1754958	1755346
10.213912	6233	0	1754958	1755346
10.225522	6233	0	1754958	1755346
10.236444	6233	0	1754958	1755346
10.241994	6233	0	1754958	1755346
10.250169	6233	0	1754958	1755346
10.264009	6233	0	1754958	1755346
10.271636	6233	0	1754958	1755346
10.281966	6233	0	1754958	1755346
10.294315	6233	0	1754958	1755346
10.300305	6233	0	1754958	1755346
10.305541	6233	0	1754958	1755346
10.320202	6233	0	1754958	1755346
10.327173	6233	0	1754958	1755346
10.335188	6233	0	1754958	1755346
10.345897	6233	0	1754958	1755346
10.356987	6233	0	1754958	1755346
10.363076	6233	0	1754958	1755346
10.376999	6233	0	1754958	1755346
10.388134	6233	0	1754958	1755346
10.393559	6233	0	1754958	1755346
10.401247	6233	0	1754958	1755346
10.414934	6233	0	1754958	1755346
10.428666	6233	0	1754958	1755346
10.439356	6233	0	1754958	1755346
10.445971	6233	0	1754958	1755346
10.454210	6233	0	1754958	1755346
10.460315	6233	0	1754958	1755346
10.474987	6233	0	1754958	1755346
10.487169	6233	0	1754958	1755346
10.502304	6233	0	1754958	1755346
10.508010	6233	0	1754958	1755346
10.513961	6233	0	1754958	1755346
10.522949	6233	0	1754958	1755346
10.532041	6233	0	1754958	1755346
10.539335	6233	0	1754958	1755346
10.549271	6233	0	1754958	1755346
10.555263	6233	0	1754958	1755346
10.566093	6233	0	1754958	1755346
10.577477	6233	0	1754958	1755346
10.587650	6233	0	1754958	1755346
10.597110	6233	0	1754958	1755346
10.610417	6233	0	1754958	1755346
10.625504	6233	0	1754958	1755346
10.639887	6233	0	1754958	1755346
10.649433	6233	0	1754958	1755346
10.664353	6234	2	214210	1755346
10.672363	6240	0	237775	238561
10.687551	6248	0	281689	285248
10.700342	6251	0	339200	340767
10.709652	6259	3	379530	379530
10.715272	6263	3	399515	399515
10.720664	6263	0	399515	403074
10.727837	6264	2	451706	403074
10.738201	6269	0	473550	474344
10.745564	6277	0	519030	521341
10.754670	6277	0	519030	521341
10.764030	6283	0	590605	591399
10.770117	6287	0	619180	619970
10.779713	6291	0	636085	638396
10.791442	6296	3	709441	709441
10.804581	6306	3	760287	760287
10.810780	6306	0	760287	762621
10.820397	6309	0	821649	822043
10.833557	6317	0	869308	870489
10.841180	6321	0	887242	889576
10.855121	6328	0	959370	961723
10.865092	6332	0	995826	996604
10.875785	6336	0	1017369	1018539
10.887222	6341	2	1085944	1085944
10.896453	6345	0	1118059	1121142
10.904467	6351	0	1148148	1149318
10.915937	6352	0	1204389	1206343
10.921951	6357	2	1231512	1228359
10.933100	6362	0	1266486	1267651
10.942844	6366	0	1284543	1285323
10.949440	6367	0	1336710	1338664
10.960069	6373	0	1365799	1366185
10.970302	6381	0	1416864	1417644
10.981587	6382	2	1471681	1417644
10.995599	6388	0	1503446	1504238
11.006102	6396	0	1552611	1553403
11.013244	6396	0	1552611	1553403
11.024363	6399	0	1616529	1619611
11.035699	6407	2	1671704	1671704
11.049141	6411	0	1688768	1689560
11.054373	6412	0	1736770	1737549
11.063900	6418	0	1760553	1761716
11.078735	6418	0	1760553	1761716
11.085054	6420	0	1789241	1790798
11.090876	6422	0	1797858	1799032
11.099248	6426	0	1824392	1827091
11.112960	6426	0	1824392	1827091
11.124468	6430	2	1897665	1887826
11.136229	6433	0	1905976	1907139
11.144504	6433	0	1905976	1907139
11.152197	6435	0	1934664	1936221
11.162142	6437	0	1943281	1944455
11.173391	6437	0	1943281	1944455
11.184134	6437	0	1943281	1944455
11.193940	6437	0	1943281	1944455
11.201212	6437	0	1943281	1944455
11.215954	6441	3	1969815	1969815
11.227598	6441	0	1969815	1972514
11.234745	6441	0	1969815	1972514
11.241564	6441	0	1969815	1972514
11.248625	6441	0	1969815	1972514
11.255321	6442	0	2030897	2032442
11.269202	6444	0	2036119	2037292
11.281907	6445	3	2048701	2037292
11.291982	6448	0	2058976	2060139
11.298859	6448	0	2058976	2060139
11.313331	6450	0	2092587	2094522
11.319262	6452	3	2100677	2100677
11.329504	6452	0	2100677	2102215
11.335311	6452	0	2100677	2102215
11.343033	6452	0	2100677	2102215
11.353046	6455	0	2117349	2119264
11.365533	6455	0	2117349	2119264
11.378984	6455	0	2117349	2119264
11.391607	6455	0	2117349	2119264
11.402774	6456	0	2175041	2176586
11.408339	6458	0	2180263	2181436
11.415669	6458	0	2180263	2181436
11.430562	6460	3	2195531	2195531
11.438814	6461	3	2201957	2197474
11.444838	6462	0	2203120	2204283
11.450535	6462	0	2203120	2204283
11.460658	6462	0	2203120	2204283
11.468693	6462	0	2203120	2204283
11.478178	6462	0	2203120	2204283
11.487214	6462	0	2203120	2204283
11.497276	6464	0	2236731	2238666
11.503103	6465	2	2243648	2238666
11.510751	6466	0	2244821	2246359
11.522600	6466	0	2244821	2246359
11.535892	6469	0	2261493	2263408
11.541361	6469	0	2261493	2263408
11.546684	6469	0	2261493	2263408
11.558455	6469	0	2261493	2263408
11.563988	6469	0	2261493	2263408
11.570188	6469	0	2261493	2263408
11.578920	6469	0	2261493	2263408
11.584792	6469	0	2261493	2263408
11.595161	6469	0	2261493	2263408
11.602761	6469	0	2261493	2263408
11.608751	6469	0	2261493	2263408
11.623641	6469	0	2261493	2263408
11.637577	6469	0	2261493	2263408
11.643444	6469	0	2261493	2263408
11.656096	6469	0	2261493	2263408
11.661926	6469	0	2261493	2263408
11.676014	6469	0	2261493	2263408
11.688911	6469	0	2261493	2263408
11.703354	6469	0	2261493	2263408
11.710833	6469	0	2261493	2263408
11.719441	6469	0	2261493	2263408
11.731528	6469	0	2261493	2263408
11.744127	6469	0	2261493	2263408
11.758049	6469	0	2261493	2263408
11.766410	6469	0	2261493	2263408
11.776564	6469	0	2261493	2263408
11.781838	6469	0	2261493	2263408
11.794208	6469	0	2261493	2263408
11.803444	6469	0	2261493	2263408
11.809152	6469	0	2261493	2263408
11.818495	6469	0	2261493	2263408
11.825720	6469	0	2261493	2263408
11.831656	6469	0	2261493	2263408
11.836893	6469	0	2261493	2263408
11.845456	6469	0	2261493	2263408
11.856690	6469	0	2261493	2263408
11.861934	6469	0	2261493	2263408
11.869532	6469	0	2261493	2263408
11.875077	6469	0	2261493	2263408
11.882140	6469	0	2261493	2263408
11.891023	6469	0	2261493	2263408
11.900011	6469	0	2261493	2263408
11.909657	6469	0	2261493	2263408
11.917998	6469	0	2261493	2263408
11.925213	6469	0	2261493	2263408
11.938378	6469	0	2261493	2263408
11.946684	6469	0	2261493	2263408
11.955467	6469	0	2261493	2263408
11.966036	6469	0	2261493	2263408
11.979089	6469	0	2261493	2263408
11.984856	6469	0	2261493	2263408
11.993459	6469	0	2261493	2263408
12.005587	6469	0	2261493	2263408
12.018209	6469	0	2261493	2263408
12.032421	6469	0	2261493	2263408
12.045945	6469	0	2261493	2263408
12.058742	6469	0	2261493	2263408
12.064108	6469	0	2261493	2263408
12.076231	6469	0	2261493	2263408
12.086077	6469	0	2261493	2263408
12.095275	6469	0	2261493	2263408
12.102083	6469	0	2261493	2263408
12.114242	6469	0	2261493	2263408
12.128974	6469	0	2261493	2263408
12.139080	6469	0	2261493	2263408
12.147696	6469	0	2261493	2263408
12.157565	6469	0	2261493	2263408
12.171139	6469	0	2261493	2263408
12.178847	6469	0	2261493	2263408
12.190839	6469	0	2261493	2263408
12.199353	6469	0	2261493	2263408
12.210541	6469	0	2261493	2263408
12.222425	6469	0	2261493	2263408
12.233746	6469	0	2261493	2263408
12.244352	6469	0	2261493	2263408
12.257873	6469	0	2261493	2263408
12.269088	6469	0	2261493	2263408
12.278445	6469	0	2261493	2263408
12.290729	6469	0	2261493	2263408
12.302099	6469	0	2261493	2263408
12.314437	6469	0	2261493	2263408
12.321514	6469	0	2261493	2263408
12.332820	6476	0	253519	254699
12.338525	6476	0	253519	254699
12.349431	6483	3	311463	307861
12.356178	6484	0	312646	313831
12.365813	6485	3	372197	313831
12.371004	6487	0	378429	380021
12.377252	6491	0	404646	405826
12.389659	6497	0	457435	458988
12.396746	6499	0	463773	464958
12.402988	6499	0	463773	464958
12.416098	6506	0	552592	552984
12.429431	6510	0	593125	595886
12.441552	6513	0	615087	616673
12.447551	6513	0	615087	616673
12.459849	6520	0	708337	708729
12.474374	6525	3	764267	751631
12.483958	6527	0	770832	772418
12.498573	6532	3	859712	859712
12.509387	6536	3	899410	899410
12.514849	6538	0	907709	909276
12.521958	6542	0	932858	933639
12.529566	6542	0	932858	933639
12.534780	6543	2	996239	933639
12.542107	6549	2	1026522	1026522
12.548248	6549	0	1026522	1028109
12.556644	6553	0	1066659	1068226
12.567729	6557	0	1091808	1092589
12.578166	6559	0	1154250	1155425
12.591053	6564	3	1207339	1173990
12.597882	6567	0	1221783	1224156
12.612550	6571	0	1247444	1248625
12.622908	6573	0	1314489	1315664
12.629417	6577	0	1333038	1334229
12.640567	6581	0	1382022	1384395
12.651252	6585	0	1407683	1408864
12.664163	6585	0	1407683	1408864
12.669883	6587	2	1489903	1484991
12.681825	6592	0	1523096	1525777
12.688818	6594	0	1557963	1559918
12.703721	6599	0	1580007	1580388
12.716931	6602	0	1653514	1656248
12.726725	6606	0	1684750	1687431
12.735062	6610	3	1727584	1727584
12.747180	6613	0	1741661	1742042
12.759506	6616	0	1805000	1805781
12.770380	6620	0	1827414	1828964
12.779205	6624	0	1869969	1872278
12.785802	6628	0	1897116	1899082
12.794224	6628	0	1897116	1899082
12.807782	6633	2	1987280	1987280
12.816428	6635	0	1996594	1998144
12.831088	6643	0	2066296	2068262
12.845429	6643	0	2066296	2068262
12.857720	6646	0	2145562	2146729
12.870535	6650	0	2171735	2172510
12.885640	6658	0	2242878	2243268
12.897121	6658	0	2242878	2243268
12.911660	6658	0	2242878	2243268
12.921279	6663	0	2338203	2339769
12.926799	6665	0	2346516	2347291
12.934870	6665	0	2346516	2347291
12.944115	6665	0	2346516	2347291
12.955593	6665	0	2346516	2347291
12.968347	6665	0	2346516	2347291
12.973871	6665	0	2346516	2347291
12.988464	6669	0	2388574	2389753
13.000772	6669	0	2388574	2389753
13.014286	6671	0	2408251	2409818
13.027279	6673	0	2417659	2418049
13.036642	6673	0	2417659	2418049
13.042798	6673	0	2417659	2418049
13.054962	6673	0	2417659	2418049
13.070102	6673	0	2417659	2418049
13.079180	6673	0	2417659	2418049
13.086259	6673	0	2417659	2418049
13.098162	6674	0	2491480	2492658
13.105506	6676	0	2500825	2501977
13.120321	6676	0	2500825	2501977
13.129125	6677	3	2518516	2501977
13.142515	6680	0	2528190	2529720
13.148713	6680	0	2528190	2529720
13.158580	6680	0	2528190	2529720
13.172235	6680	0	2528190	2529720
13.178524	6680	0	2528190	2529720
13.185953	6680	0	2528190	2529720
13.192372	6680	0	2528190	2529720
13.204519	6684	3	2569862	2569862
13.219019	6684	0	2569862	2571786
13.227408	6684	0	2569862	2571786
13.235704	6686	0	2589001	2591723
13.249366	6688	0	2597116	2598282
13.257518	6688	0	2597116	2598282
13.266832	6688	0	2597116	2598282
13.275882	6688	0	2597116	2598282
13.286125	6688	0	2597116	2598282
13.298169	6688	0	2597116	2598282
13.306352	6688	0	2597116	2598282
13.315081	6688	0	2597116	2598282
13.321351	6688	0	2597116	2598282
13.329589	6689	0	2670174	2671352
13.342722	6691	0	2679519	2680671
13.355036	6691	0	2679519	2680671
13.364975	6693	0	2699921	2701092
13.371895	6695	2	2706884	2706884
13.386340	6695	0	2706884	2708414
13.400227	6695	0	2706884	2708414
13.406121	6695	0	2706884	2708414
13.418520	6695	0	2706884	2708414
13.429382	6695	0	2706884	2708414
13.438197	6698	3	2747796	2743412
13.445417	6699	0	2748556	2750480
13.456275	6699	0	2748556	2750480
13.462540	6699	0	2748556	2750480
13.469423	6701	3	2767695	2767695
13.479133	6703	2	2775810	2775810
13.494056	6703	0	2775810	2776976
13.506627	6703	0	2775810	2776976
13.519225	6703	0	2775810	2776976
13.530252	6703	0	2775810	2776976
13.539259	6703	0	2775810	2776976
13.550693	6703	0	2775810	2776976
13.564935	6703	0	2775810	2776976
13.574952	6703	0	2775810	2776976
13.585776	6703	0	2775810	2776976
13.593410	6703	0	2775810	2776976
13.605574	6703	0	2775810	2776976
13.620375	6703	0	2775810	2776976
13.633088	6703	0	2775810	2776976
13.645775	6703	0	2775810	2776976
13.659632	6703	0	2775810	2776976
13.666008	6703	0	2775810	2776976
13.676785	6703	0	2775810	2776976
13.682959	6703	0	2775810	2776976
13.693791	6703	0	2775810	2776976
13.701808	6703	0	2775810	2776976
13.708949	6703	0	2775810	2776976
13.717638	6703	0	2775810	2776976
13.722978	6703	0	2775810	2776976
13.732751	6703	0	2775810	2776976
13.741500	6703	0	2775810	2776976
13.751157	6703	0	2775810	2776976
13.757317	6703	0	2775810	2776976
13.764017	6703	0	2775810	2776976
13.774340	6703	0	2775810	2776976
13.784743	6703	0	2775810	2776976
13.793889	6703	0	2775810	2776976
13.801790	6703	0	2775810	2776976
13.812937	6703	0	2775810	2776976
13.827751	6703	0	2775810	2776976
13.834209	6703	0	2775810	2776976
13.848599	6703	0	2775810	2776976
13.862748	6703	0	2775810	2776976
13.876623	6703	0	2775810	2776976
13.889763	6703	0	2775810	2776976
13.900043	6703	0	2775810	2776976
13.912826	6703	0	2775810	2776976
13.920295	6703	0	2775810	2776976
13.935015	6703	0	2775810	2776976
13.941585	6703	0	2775810	2776976
13.954685	6703	0	2775810	2776976
13.966639	6703	0	2775810	2776976
13.976264	6703	0	2775810	2776976
13.991088	6703	0	2775810	2776976
14.002641	6703	0	2775810	2776976
14.008083	6703	0	2775810	2776976
14.020893	6703	0	2775810	2776976
14.026607	6703	0	2775810	2776976
14.038493	6703	0	2775810	2776976
14.047197	6703	0	2775810	2776976
14.056661	6703	0	2775810	2776976
14.068812	6703	0	2775810	2776976
14.081312	6703	0	2775810	2776976
14.089762	6703	0	2775810	2776976
14.095199	6703	0	2775810	2776976
14.103617	6703	0	2775810	2776976
14.110303	6703	0	2775810	2776976
14.117342	6703	0	2775810	2776976
14.128587	6703	0	2775810	2776976
14.143550	6703	0	2775810	2776976
14.151359	6703	0	2775810	2776976
14.165970	6703	0	2775810	2776976
14.172140	6703	0	2775810	2776976
14.186162	6703	0	2775810	2776976
14.196858	6703	0	2775810	2776976
14.206466	6703	0	2775810	2776976
14.215031	6703	0	2775810	2776976
14.221703	6703	0	2775810	2776976
14.234922	6703	0	2775810	2776976
14.245904	6703	0	2775810	2776976
14.252427	6703	0	2775810	2776976
14.261978	6703	0	2775810	2776976
14.268940	6703	0	2775810	2776976
14.278504	6703	0	2775810	2776976
14.289051	6703	0	2775810	2776976
14.302574	6703	0	2775810	2776976
14.311369	6703	0	2775810	2776976
14.325622	6703	0	2775810	2776976
14.333829	6703	0	2775810	2776976
14.347226	6703	0	2775810	2776976
14.360258	6703	0	2775810	2776976
14.373740	6703	0	2775810	2776976
14.388526	6709	3	260733	254319
14.394103	6710	0	262714	264697
14.400989	6710	0	262714	264697
14.413863	6718	0	332796	335511
14.423592	6718	0	332796	335511
14.437353	6721	0	415936	417130
14.446259	6725	0	444181	446164
14.454354	6725	0	444181	446164
14.464723	6733	3	514263	514263
14.476001	6733	0	514263	516978
14.488995	6735	3	602401	598452
14.498010	6740	0	629097	629491
14.508882	6744	0	665577	667138
14.521393	6748	0	690152	692498
14.530808	6748	0	690152	692498
14.537054	6748	0	690152	692498
14.543454	6751	0	779555	781115
14.558307	6757	0	835173	835960
14.571558	6763	0	865329	867675
14.580147	6763	0	865329	867675
14.589098	6766	0	941692	942086
14.601855	6770	0	959455	960242
14.613026	6776	2	1037423	1037423
14.622056	6778	0	1048133	1050065
14.627712	6778	0	1048133	1050065
14.638733	6779	0	1126938	1127715
14.644819	6783	0	1142292	1143076
14.655047	6785	0	1148691	1149478
14.666537	6791	3	1226659	1226659
14.676214	6793	0	1237369	1239301
14.683068	6793	0	1237369	1239301
14.690044	6793	0	1237369	1239301
14.704424	6800	0	1345695	1347248
14.713119	6804	3	1396944	1396944
14.726406	6808	0	1428894	1432813
14.732420	6808	0	1428894	1432813
14.738411	6808	0	1428894	1432813
14.747380	6811	0	1520702	1521866
14.758786	6815	0	1542275	1543828
14.773842	6819	0	1593524	1594311
14.785224	6823	0	1625474	1629393
14.793706	6823	0	1625474	1629393
14.803281	6825	2	1720221	1716335
14.814724	6830	0	1747712	1750068
14.822037	6832	2	1790869	1786639
14.833622	6837	0	1825881	1828603
14.841957	6837	0	1825881	1828603
14.850501	6837	0	1825881	1828603
14.864956	6844	0	1944541	1946897
14.872885	6845	3	1982291	1946897
14.880789	6847	0	1990046	1992349
14.891985	6851	0	2022710	2025432
14.899735	6851	0	2022710	2025432
14.911756	6852	0	2116873	2119594
14.924239	6858	0	2154376	2155545
14.937838	6860	0	2195825	2199360
14.949628	6865	0	2227419	2229378
14.956887	6865	0	2227419	2229378
14.969525	6866	0	2312474	2315195
14.977651	6869	2	2343635	2326712
14.991866	6874	0	2391426	2394961
15.003555	6879	0	2423020	2424979
15.017549	6879	0	2423020	2424979
15.030809	6882	0	2513796	2515355
15.041382	6886	0	2542828	2544759
15.053308	6890	0	2593814	2595388
15.062297	6894	0	2622963	2623355
15.070067	6894	0	2622963	2623355
15.077714	6894	0	2622963	2623355
15.092609	6897	0	2717021	2718580
15.105310	6897	0	2717021	2718580
15.111759	6897	0	2717021	2718580
15.125999	6897	0	2717021	2718580
15.137839	6901	0	2746053	2747984
15.146943	6901	0	2746053	2747984
15.152135	6903	2	2788381	2788381
15.162411	6905	0	2797039	2798613
15.168098	6908	2	2824219	2818680
15.177773	6909	0	2826188	2826580
15.190745	6909	0	2826188	2826580
15.204026	6909	0	2826188	2826580
15.217691	6909	0	2826188	2826580
15.226516	6909	0	2826188	2826580
15.238479	6909	0	2826188	2826580
15.249680	6909	0	2826188	2826580
15.257994	6910	2	2913283	2826580
15.264285	6910	0	2913283	2915633
15.272600	6910	0	2913283	2915633
15.284291	6912	0	2923960	2926273
15.290732	6912	0	2923960	2926273
15.304849	6912	0	2923960	2926273
15.316740	6912	0	2923960	2926273
15.327071	6912	0	2923960	2926273
15.337450	6916	0	2954274	2955819
15.350423	6916	0	2954274	2955819
15.361771	6916	0	2954274	2955819
15.370093	6916	0	2954274	2955819
15.383091	6916	0	2954274	2955819
15.396576	6918	0	2998198	2999362
15.411273	6920	0	3005041	3006207
15.423000	6920	0	3005041	3006207
15.433715	6922	2	3023919	3023919
15.439552	6922	0	3023919	3025467
15.448079	6923	3	3031875	3025467
15.453750	6924	0	3034201	3035372
15.468737	6924	0	3034201	3035372
15.474188	6924	0	3034201	3035372
15.484350	6924	0	3034201	3035372
15.492922	6924	0	3034201	3035372
15.507433	6924	0	3034201	3035372
15.517124	6924	0	3034201	3035372
15.528969	6924	0	3034201	3035372
15.535398	6924	0	3034201	3035372
15.549276	6924	0	3034201	3035372
15.559040	6924	0	3034201	3035372
15.567555	6924	0	3034201	3035372
15.581844	6925	0	3125909	3128259
15.589669	6926	3	3134674	3128259
15.602102	6927	0	3136586	3138899
15.614922	6927	0	3136586	3138899
15.628808	6927	0	3136586	3138899
15.634481	6927	0	3136586	3138899
15.647957	6931	3	3166900	3166900
15.655015	6931	0	3166900	3168445
15.663543	6931	0	3166900	3168445
15.674057	6931	0	3166900	3168445
15.679632	6931	0	3166900	3168445
15.692006	6931	0	3166900	3168445
15.701605	6931	0	3166900	3168445
15.714830	6933	0	3210824	3211988
15.726103	6935	0	3217667	3218833
15.740002	6935	0	3217667	3218833
15.748845	6937	2	3236545	3236545
15.761758	6938	3	3244501	3238093
15.772365	6939	0	3246827	3247998
15.778600	6939	0	3246827	3247998
15.786963	6939	0	3246827	3247998
15.799795	6939	0	3246827	3247998
15.809762	6939	0	3246827	3247998
15.824913	6939	0	3246827	3247998
15.831497	6939	0	3246827	3247998
15.841969	6939	0	3246827	3247998
15.852155	6939	0	3246827	3247998
15.865601	6939	0	3246827	3247998
15.871186	6939	0	3246827	3247998
15.879952	6939	0	3246827	3247998
15.886837	6939	0	3246827	3247998
15.901361	6939	0	3246827	3247998
15.915667	6939	0	3246827	3247998
15.926921	6939	0	3246827	3247998
15.935279	6939	0	3246827	3247998
15.941863	6939	0	3246827	3247998
15.950924	6939	0	3246827	3247998
15.963308	6939	0	3246827	3247998
15.969554	6939	0	3246827	3247998
15.982511	6939	0	3246827	3247998
15.996082	6939	0	3246827	3247998
16.006315	6939	0	3246827	3247998
16.020216	6939	0	3246827	3247998
16.031321	6939	0	3246827	3247998
16.043710	6939	0	3246827	3247998
16.056137	6939	0	3246827	3247998
16.062540	6939	0	3246827	3247998
16.074105	6939	0	3246827	3247998
16.084016	6939	0	3246827	3247998
16.094057	6939	0	3246827	3247998
16.108286	6939	0	3246827	3247998
16.119783	6939	0	3246827	3247998
16.129982	6939	0	3246827	3247998
16.137088	6939	0	3246827	3247998
16.147702	6939	0	3246827	3247998
16.154753	6939	0	3246827	3247998
16.161129	6939	0	3246827	3247998
16.173581	6939	0	3246827	3247998
16.183175	6939	0	3246827	3247998
16.189799	6939	0	3246827	3247998
16.196690	6939	0	3246827	3247998
16.204202	6939	0	3246827	3247998
16.214569	6939	0	3246827	3247998
16.224456	6939	0	3246827	3247998
16.233070	6939	0	3246827	3247998
16.240561	6939	0	3246827	3247998
16.247291	6939	0	3246827	3247998
16.258687	6939	0	3246827	3247998
16.268860	6939	0	3246827	3247998
16.278449	6939	0	3246827	3247998
16.293605	6939	0	3246827	3247998
16.306644	6939	0	3246827	3247998
16.321421	6939	0	3246827	3247998
16.334075	6939	0	3246827	3247998
16.348466	6939	0	3246827	3247998
16.360318	6939	0	3246827	3247998
16.371924	6939	0	3246827	3247998
16.383603	6939	0	3246827	3247998
16.398343	6939	0	3246827	3247998
16.406156	6939	0	3246827	3247998
16.417018	6939	0	3246827	3247998
16.422712	6939	0	3246827	3247998
16.429974	6939	0	3246827	3247998
16.442220	6939	0	3246827	3247998
16.454545	6939	0	3246827	3247998
16.459945	6939	0	3246827	3247998
16.468109	6939	0	3246827	3247998
16.480548	6939	0	3246827	3247998
16.487258	6939	0	3246827	3247998
16.500534	6939	0	3246827	3247998
16.509218	6939	0	3246827	3247998
16.521255	6939	0	3246827	3247998
16.530746	6939	0	3246827	3247998
16.543667	6939	0	3246827	3247998
16.550471	6939	0	3246827	3247998
16.565368	6939	0	3246827	3247998
16.574436	6939	0	3246827	3247998
16.581574	6939	0	3246827	3247998
16.592032	6939	0	3246827	3247998
16.603677	6939	0	3246827	3247998
16.609742	6939	0	3246827	3247998
16.624171	6939	0	3246827	3247998
16.633543	6939	0	3246827	3247998
16.643177	6939	0	3246827	3247998
16.649854	6939	0	3246827	3247998
16.656124	6939	0	3246827	3247998
16.662206	6939	0	3246827	3247998
16.672359	6939	0	3246827	3247998
16.684589	6939	0	3246827	3247998
16.698045	6939	0	3246827	3247998
16.708913	6939	0	3246827	3247998
16.716557	6939	0	3246827	3247998
16.727372	6939	0	3246827	3247998
16.739390	6939	0	3246827	3247998
16.754404	6939	0	3246827	3247998
16.762035	6939	0	3246827	3247998
16.771050	6939	0	3246827	3247998
16.781832	6939	0	3246827	3247998
16.794456	6939	0	3246827	3247998
16.806062	6939	0	3246827	3247998
16.815789	6939	0	3246827	3247998
16.823625	6939	0	3246827	3247998
16.829696	6939	0	3246827	3247998
16.839399	6939	0	3246827	3247998
16.853184	6939	0	3246827	3247998
16.866821	6939	0	3246827	3247998
16.874723	6939	0	3246827	3247998
16.884967	6939	0	3246827	3247998
16.894502	6939	0	3246827	3247998
16.900231	6939	0	3246827	3247998
16.908444	6939	0	3246827	3247998
16.916888	6942	3	249207	249207
16.931158	6946	0	288249	290237
16.941704	6946	0	288249	290237
16.947166	6949	0	334681	336233
16.953391	6953	0	358623	359788
16.962777	6953	0	358623	359788
16.968490	6953	0	358623	359788
16.981445	6956	0	457395	460571
16.996489	6960	0	496437	498425
17.007630	6963	0	542869	544421
17.015160	6967	0	566811	567976
17.021156	6967	0	566811	567976
17.032265	6967	0	566811	567976
17.038179	6967	0	566811	567976
17.045222	6971	2	673462	673462
17.053035	6972	0	678962	681734
17.061966	6974	0	725476	728645
17.077043	6978	0	762712	763888
17.088118	6978	0	762712	763888
17.101040	6980	0	853233	855583
17.109620	6983	0	877538	880310
17.124505	6988	3	954648	954648
17.130140	6989	0	961288	962464
17.142419	6989	0	961288	962464
17.155778	6989	0	961288	962464
17.162877	6989	0	961288	962464
17.171055	6989	0	961288	962464
17.178377	6989	0	961288	962464
17.193203	6989	0	961288	962464
17.202041	6989	0	961288	962464
17.209748	6989	0	961288	962464
17.222312	6989	0	961288	962464
17.233401	6989	0	961288	962464
17.240161	6989	0	961288	962464
17.249907	6989	0	961288	962464
17.263578	6989	0	961288	962464
17.275475	6989	0	961288	962464
17.285271	6989	0	961288	962464
17.298401	6989	0	961288	962464
17.303781	6989	0	961288	962464
17.314276	6989	0	961288	962464
17.321004	6989	0	961288	962464
17.326907	6989	0	961288	962464
17.334715	6989	0	961288	962464
17.340691	6989	0	961288	962464
17.350648	6989	0	961288	962464
17.357132	6989	0	961288	962464
17.365777	6989	0	961288	962464
17.372498	6989	0	961288	962464
17.387627	6989	0	961288	962464
17.393793	6989	0	961288	962464
17.402489	6989	0	961288	962464
17.411943	6989	0	961288	962464
17.417466	6989	0	961288	962464
17.422733	6989	0	961288	962464
17.428874	6989	0	961288	962464
17.441972	6989	0	961288	962464
17.448113	6989	0	961288	962464
17.457936	6989	0	961288	962464
17.472113	6989	0	961288	962464
17.480360	6989	0	961288	962464
17.486385	6989	0	961288	962464
17.496980	6989	0	961288	962464
17.505311	6989	0	961288	962464
17.519398	6989	0	961288	962464
17.530369	6989	0	961288	962464
17.540760	6989	0	961288	962464
17.548347	6989	0	961288	962464
17.555440	6989	0	961288	962464
17.566422	6989	0	961288	962464
17.573566	6989	0	961288	962464
17.580863	6989	0	961288	962464
17.595237	6989	0	961288	962464
17.600579	6989	0	961288	962464
17.608592	6989	0	961288	962464
17.622374	6989	0	961288	962464
17.633410	6989	0	961288	962464
17.642427	6989	0	961288	962464
17.657312	6989	0	961288	962464
17.663426	6989	0	961288	962464
17.673235	6989	0	961288	962464
17.682336	6989	0	961288	962464
17.690689	6989	0	961288	962464
17.703902	6989	0	961288	962464
17.710544	6989	0	961288	962464
17.717628	6989	0	961288	962464
17.723737	6989	0	961288	962464
17.733339	6989	0	961288	962464
17.742805	6989	0	961288	962464
17.750795	6989	0	961288	962464
17.763415	6989	0	961288	962464
17.770508	6989	0	961288	962464
17.780663	6989	0	961288	962464
17.789022	6989	0	961288	962464
17.796366	6989	0	961288	962464
17.805956	6989	0	961288	962464
17.813759	6989	0	961288	962464
17.819575	6989	0	961288	962464
17.830026	6989	0	961288	962464
17.841433	6989	0	961288	962464
17.847093	6989	0	961288	962464
17.855860	6989	0	961288	962464
17.865094	6989	0	961288	962464
17.870278	6989	0	961288	962464
17.877796	6989	0	961288	962464
17.883425	6989	0	961288	962464
17.890868	6989	0	961288	962464
17.898100	6989	0	961288	962464
17.910308	6989	0	961288	962464
17.916863	6989	0	961288	962464
17.922256	6989	0	961288	962464
17.931406	6989	0	961288	962464
17.939704	6989	0	961288	962464
17.953657	6989	0	961288	962464
17.966620	6989	0	961288	962464
17.977655	6989	0	961288	962464
17.992793	6989	0	961288	962464
18.005725	6989	0	961288	962464
18.016253	6989	0	961288	962464
18.031287	6989	0	961288	962464
18.037358	6989	0	961288	962464
18.047886	6989	0	961288	962464
18.062317	6989	0	961288	962464
18.071539	6989	0	961288	962464
18.083209	6989	0	961288	962464
18.089754	6989	0	961288	962464
18.101582	6989	0	961288	962464
18.115580	6989	0	961288	962464
18.123322	6989	0	961288	962464
18.136416	6989	0	961288	962464
18.151261	6989	0	961288	962464
18.158646	6989	0	961288	962464
18.169611	6989	0	961288	962464
18.176517	6989	0	961288	962464
18.185658	6989	0	961288	962464
18.197471	6989	0	961288	962464
18.207241	6989	0	961288	962464
18.213172	6989	0	961288	962464
18.219633	6989	0	961288	962464
18.226159	6989	0	961288	962464
18.237545	6989	0	961288	962464
18.251785	6989	0	961288	962464
18.265472	6989	0	961288	962464
18.273854	6989	0	961288	962464
18.282112	6989	0	961288	962464
18.288510	6989	0	961288	962464
18.296524	6989	0	961288	962464
18.302418	6989	0	961288	962464
18.307797	6989	0	961288	962464
18.322530	6989	0	961288	962464
18.337291	6989	0	961288	962464
18.346235	6989	0	961288	962464
18.357910	6989	0	961288	962464
18.368446	6989	0	961288	962464
18.383247	6989	0	961288	962464
18.394747	6989	0	961288	962464
18.404195	6989	0	961288	962464
18.416923	6989	0	961288	962464
18.429824	6989	0	961288	962464
18.438711	6989	0	961288	962464
18.448732	6989	0	961288	962464
18.457773	6989	0	961288	962464
18.465621	6989	0	961288	962464
18.472917	6989	0	961288	962464
18.481321	6989	0	961288	962464
18.487122	6989	0	961288	962464
18.500611	6989	0	961288	962464
18.508114	6989	0	961288	962464
18.515155	6989	0	961288	962464
18.529722	6989	0	961288	962464
18.540683	6989	0	961288	962464
18.550917	6989	0	961288	962464
18.563339	6989	0	961288	962464
18.570177	6989	0	961288	962464
18.584367	6989	0	961288	962464
18.597240	6989	0	961288	962464
18.608660	6989	0	961288	962464
18.615480	6989	0	961288	962464
18.622570	6989	0	961288	962464
18.633968	6989	0	961288	962464
18.647067	6989	0	961288	962464
18.659533	6989	0	961288	962464
18.671168	6989	0	961288	962464
18.677323	6989	0	961288	962464
18.685718	6989	0	961288	962464
18.698589	6989	0	961288	962464
18.710934	6989	0	961288	962464
18.716839	6989	0	961288	962464
18.730306	6989	0	961288	962464
18.744383	6989	0	961288	962464
18.752308	6989	0	961288	962464
18.766776	6989	0	961288	962464
18.781515	6989	0	961288	962464
18.791783	6989	0	961288	962464
18.805212	6989	0	961288	962464
18.813204	6989	0	961288	962464
18.820979	6989	0	961288	962464
18.831380	6989	0	961288	962464
18.838158	6989	0	961288	962464
18.843962	6989	0	961288	962464
18.852557	6989	0	961288	962464
18.860728	6989	0	961288	962464
18.869101	6989	0	961288	962464
18.882529	6989	0	961288	962464
18.890797	6989	0	961288	962464
18.901769	6989	0	961288	962464
18.908419	6989	0	961288	962464
18.921146	6989	0	961288	962464
18.929996	6989	0	961288	962464
18.942557	6989	0	961288	962464
18.957024	6989	0	961288	962464
18.962808	6989	0	961288	962464
18.969820	6989	0	961288	962464
18.982038	6989	0	961288	962464
18.991940	6989	0	961288	962464
18.997444	6989	0	961288	962464
19.011076	6989	0	961288	962464
19.020857	6989	0	961288	962464
19.034414	6989	0	961288	962464
19.046499	6989	0	961288	962464
19.059665	6989	0	961288	962464
19.069169	6989	0	961288	962464
19.080618	6989	0	961288	962464
19.089072	6989	0	961288	962464
19.099674	6989	0	961288	962464
19.105888	6989	0	961288	962464
19.119698	6989	0	961288	962464
19.126764	6989	0	961288	962464
19.133884	6989	0	961288	962464
19.141320	6989	0	961288	962464
19.156043	6989	0	961288	962464
19.165107	6989	0	961288	962464
19.175844	6989	0	961288	962464
19.186842	6989	0	961288	962464
19.201095	6989	0	961288	962464
19.208292	6989	0	961288	962464
19.217803	6989	0	961288	962464
19.228721	6989	0	961288	962464
19.238271	6989	0	961288	962464
19.248687	6989	0	961288	962464
19.263725	6989	0	961288	962464
19.278393	6989	0	961288	962464
19.289964	6989	0	961288	962464
19.302589	6989	0	961288	962464
19.307873	6989	0	961288	962464
19.316522	6989	0	961288	962464
19.322183	6989	0	961288	962464
19.332195	6989	0	961288	962464
19.345570	6989	0	961288	962464
19.359155	6989	0	961288	962464
19.374208	6989	0	961288	962464
19.387843	6989	0	961288	962464
19.399827	6989	0	961288	962464
19.410425	6989	0	961288	962464
19.415711	6989	0	961288	962464
19.422913	6989	0	961288	962464
19.432451	6989	0	961288	962464
19.441200	6989	0	961288	962464
19.452277	6989	0	961288	962464
19.467279	6989	0	961288	962464
19.475942	6989	0	961288	962464
19.482772	6989	0	961288	962464
19.488605	6989	0	961288	962464
19.499569	6989	0	961288	962464
19.509622	6989	0	961288	962464
19.516559	6989	0	961288	962464
19.529489	6989	0	961288	962464
19.542490	6989	0	961288	962464
19.550475	6989	0	961288	962464
19.560533	6989	0	961288	962464
19.571170	6989	0	961288	962464
19.579759	6989	0	961288	962464
19.587997	6989	0	961288	962464
19.594273	6989	0	961288	962464
19.603783	6989	0	961288	962464
19.615946	6989	0	961288	962464
19.625094	6989	0	961288	962464
19.638009	6989	0	961288	962464
19.652804	6989	0	961288	962464
19.666734	6989	0	961288	962464
19.680092	6989	0	961288	962464
19.686662	6989	0	961288	962464
19.694675	6989	0	961288	962464
19.704953	6989	0	961288	962464
19.720084	6989	0	961288	962464
19.733605	6989	0	961288	962464
19.746309	6989	0	961288	962464
19.754867	6989	0	961288	962464
19.767916	6989	0	961288	962464
19.778087	6989	0	961288	962464
19.789371	6989	0	961288	962464
19.797957	6989	0	961288	962464
19.805415	6989	0	961288	962464
19.812085	6989	0	961288	962464
19.827103	6989	0	961288	962464
19.835963	6989	0	961288	962464
19.846393	6989	0	961288	962464
19.857977	6989	0	961288	962464
19.867486	6989	0	961288	962464
19.873192	6989	0	961288	962464
19.887892	6989	0	961288	962464
19.893600	6989	0	961288	962464
19.903975	6989	0	961288	962464
19.912047	6989	0	961288	962464
19.925772	6989	0	961288	962464
19.932873	6989	0	961288	962464
19.939433	6989	0	961288	962464
19.950685	6989	0	961288	962464
19.961491	6989	0	961288	962464
19.970302	6989	0	961288	962464
19.984849	6989	0	961288	962464
19.994877	6989	0	961288	962464
20.009462	6989	0	961288	962464
20.014782	6989	0	961288	962464
20.022136	6989	0	961288	962464
20.027722	6989	0	961288	962464
20.033756	6989	0	961288	962464
20.043419	6989	0	961288	962464
20.051500	6989	0	961288	962464
20.059288	6989	0	961288	962464
20.066794	6989	0	961288	962464
20.074101	6989	0	961288	962464
20.082489	6989	0	961288	962464
20.090390	6989	0	961288	962464
20.104290	6989	0	961288	962464
20.111997	6989	0	961288	962464
20.125178	6989	0	961288	962464
20.139416	6989	0	961288	962464
20.145440	6989	0	961288	962464
20.152669	6989	0	961288	962464
20.167571	6989	0	961288	962464
20.174559	6989	0	961288	962464
20.182004	6989	0	961288	962464
20.194728	6989	0	961288	962464
20.207270	6989	0	961288	962464
20.220899	6989	0	961288	962464
20.234407	6989	0	961288	962464
20.239603	6989	0	961288	962464
20.253931	6989	0	961288	962464
20.265350	6989	0	961288	962464
20.271615	6989	0	961288	962464
20.284170	6989	0	961288	962464
20.298528	6989	0	961288	962464
20.306649	6989	0	961288	962464
20.320342	6989	0	961288	962464
20.329716	6989	0	961288	962464
20.343085	6989	0	961288	962464
20.350680	6989	0	961288	962464
20.357284	6989	0	961288	962464
20.365938	6989	0	961288	962464
20.377348	6989	0	961288	962464
20.388693	6989	0	961288	962464
20.403364	6989	0	961288	962464
20.412241	6989	0	961288	962464
20.426428	6989	0	961288	962464
20.440972	6989	0	961288	962464
20.454565	6989	0	961288	962464
20.466070	6989	0	961288	962464
20.473708	6989	0	961288	962464
20.481362	6989	0	961288	962464
20.495761	6989	0	961288	962464
20.505494	6989	0	961288	962464
20.514500	6989	0	961288	962464
20.525327	6989	0	961288	962464
20.539300	6989	0	961288	962464
20.551701	6989	0	961288	962464
20.563290	6989	0	961288	962464
20.571099	6989	0	961288	962464
20.584560	6989	0	961288	962464
20.595160	6989	0	961288	962464
20.602773	6989	0	961288	962464
20.608767	6989	0	961288	962464
20.615808	6989	0	961288	962464
20.625468	6989	0	961288	962464
20.638191	6989	0	961288	962464
20.650623	6989	0	961288	962464
20.663129	6989	0	961288	962464
20.671391	6989	0	961288	962464
20.678899	6989	0	961288	962464
20.690955	6989	0	961288	962464
20.706142	6989	0	961288	962464
20.712489	6989	0	961288	962464
20.722728	6989	0	961288	962464
20.736590	6989	0	961288	962464
20.749926	6989	0	961288	962464
20.755373	6989	0	961288	962464
20.770114	6989	0	961288	962464
20.777206	6989	0	961288	962464
20.785799	6989	0	961288	962464
20.799618	6989	0	961288	962464
20.809676	6989	0	961288	962464
20.819674	6989	0	961288	962464
20.834363	6989	0	961288	962464
20.843246	6989	0	961288	962464
20.851317	6989	0	961288	962464
20.863599	6989	0	961288	962464
20.872963	6989	0	961288	962464
20.884768	6989	0	961288	962464
20.892892	6989	0	961288	962464
20.901466	6989	0	961288	962464
20.913594	6989	0	961288	962464
20.924545	6989	0	961288	962464
20.938764	6989	0	961288	962464
20.945089	6989	0	961288	962464
20.959349	6989	0	961288	962464
20.966146	6989	0	961288	962464
20.974752	6989	0	961288	962464
20.982218	6989	0	961288	962464
20.990718	6989	0	961288	962464
20.998768	6989	0	961288	962464
21.009541	6989	0	961288	962464
21.024576	6989	0	961288	962464
21.037115	6989	0	961288	962464
21.048074	6989	0	961288	962464
21.062223	6989	0	961288	962464
21.070278	6989	0	961288	962464
21.083950	6989	0	961288	962464
21.099084	6989	0	961288	962464
21.105315	6989	0	961288	962464
21.119514	6989	0	961288	962464
21.131677	6989	0	961288	962464
21.140658	6989	0	961288	962464
21.147643	6989	0	961288	962464
21.161715	6989	0	961288	962464
21.171663	6989	0	961288	962464
21.185120	6989	0	961288	962464
21.200096	6989	0	961288	962464
21.214928	6989	0	961288	962464
21.225573	6989	0	961288	962464
21.239424	6989	0	961288	962464
21.254377	6989	0	961288	962464
21.259716	6989	0	961288	962464
21.269949	6989	0	961288	962464
21.281054	6989	0	961288	962464
21.295648	6989	0	961288	962464
21.301588	6989	0	961288	962464
21.309159	6989	0	961288	962464
21.320106	6989	0	961288	962464
21.333282	6989	0	961288	962464
21.339523	6989	0	961288	962464
21.351455	6989	0	961288	962464
21.358967	6989	0	961288	962464
21.370634	6989	0	961288	962464
21.382586	6989	0	961288	962464
21.391448	6989	0	961288	962464
21.406046	6989	0	961288	962464
21.419175	6989	0	961288	962464
21.428451	6989	0	961288	962464
21.437797	6989	0	961288	962464
21.451098	6989	0	961288	962464
21.465460	6989	0	961288	962464
21.479888	6989	0	961288	962464
21.490313	6989	0	961288	962464
21.503797	6989	0	961288	962464
21.517758	6989	0	961288	962464
21.524899	6989	0	961288	962464
21.533941	6989	0	961288	962464
21.541047	6989	0	961288	962464
21.553740	6989	0	961288	962464
21.567048	6989	0	961288	962464
21.575219	6989	0	961288	962464
21.581291	6989	0	961288	962464
21.588456	6989	0	961288	962464
21.599389	6989	0	961288	962464
21.608340	6989	0	961288	962464
21.619600	6989	0	961288	962464
21.628686	6989	0	961288	962464
21.639257	6989	0	961288	962464
21.649704	6989	0	961288	962464
21.663578	6989	0	961288	962464
21.677651	6989	0	961288	962464
21.686970	6989	0	961288	962464
21.692597	6989	0	961288	962464
21.701943	6989	0	961288	962464
21.712951	6989	0	961288	962464
21.724789	6989	0	961288	962464
21.739793	6989	0	961288	962464
21.749125	6989	0	961288	962464
21.764077	6989	0	961288	962464
21.777588	6989	0	961288	962464
21.785150	6989	0	961288	962464
21.791360	6989	0	961288	962464
21.804900	6989	0	961288	962464
21.818456	6989	0	961288	962464
21.826347	6989	0	961288	962464
21.834874	6989	0	961288	962464
21.843780	6989	0	961288	962464
21.855233	6989	0	961288	962464
21.870153	6989	0	961288	962464
21.876643	6989	0	961288	962464
21.886083	6989	0	961288	962464
21.894704	6989	0	961288	962464
21.902611	6989	0	961288	962464
21.915910	6989	0	961288	962464
21.925127	6989	0	961288	962464
21.937350	6989	0	961288	962464
21.949384	6989	0	961288	962464
21.964042	6989	0	961288	962464
21.971797	6989	0	961288	962464
21.986326	6989	0	961288	962464
21.995453	6989	0	961288	962464
22.008249	6989	0	961288	962464
22.022379	6989	0	961288	962464
22.036456	6989	0	961288	962464
22.045924	6989	0	961288	962464
22.055666	6989	0	961288	962464
22.062768	6989	0	961288	962464
22.076486	6989	0	961288	962464
22.090281	6989	0	961288	962464
22.105203	6989	0	961288	962464
22.111609	6989	0	961288	962464
22.122957	6989	0	961288	962464
22.132055	6989	0	961288	962464
22.146304	6989	0	961288	962464
22.154272	6989	0	961288	962464
22.160532	6989	0	961288	962464
22.168113	6989	0	961288	962464
22.176781	6989	0	961288	962464
22.188511	6989	0	961288	962464
22.199519	6989	0	961288	962464
22.213157	6989	0	961288	962464
22.221050	6989	0	961288	962464
22.235932	7007	2	261792	261757
22.248291	7028	3	296394	296394
22.263141	7048	2	337518	335365
22.270856	7059	2	357588	356799
22.285005	7079	2	401128	400874
22.298497	7099	0	442841	443235
22.306605	7110	3	471451	471451
22.312899	7119	2	492016	490437
22.324477	7135	0	532682	534251
22.334870	7149	2	573066	571004
22.344653	7163	2	611643	611643
22.354690	7167	0	623366	623756
22.363753	7167	0	623366	623756
22.374269	7167	0	623366	623756
22.380981	7167	0	623366	623756
22.389316	7167	0	623366	623756
22.395296	7167	0	623366	623756
22.401850	7167	0	623366	623756
22.410244	7167	0	623366	623756
22.416138	7167	0	623366	623756
22.427138	7167	0	623366	623756
22.439213	7167	0	623366	623756
22.448591	7167	0	623366	623756
22.454210	7167	0	623366	623756
22.463778	7167	0	623366	623756
22.469026	7167	0	623366	623756
22.477714	7167	0	623366	623756
22.492332	7167	0	623366	623756
22.499881	7167	0	623366	623756
22.510728	7178	3	222685	222685
22.517243	7182	0	229516	232270
22.530560	7197	0	276621	279375
22.537664	7204	0	300640	304482
22.544001	7211	1	326582	325778
22.553871	7219	0	350884	354726
22.566877	7228	3	392063	379183
22.578066	7239	2	424898	421459
22.591312	7252	3	472631	471274
22.599884	7260	3	505216	505216
22.607935	7268	2	534460	531737
22.620098	7278	0	575774	578122
22.632940	7292	2	633062	633062
22.638095	7297	2	652842	649186
22.652624	7311	0	708604	710530
22.663218	7320	2	754150	754150
22.669415	7326	2	779462	775501
22.682282	7336	0	823592	826316
22.694558	7348	2	882772	882772
22.708698	7359	3	942086	920139
22.716753	7367	0	973096	973882
22.723411	7373	0	987482	989453
22.735160	7382	0	1039391	1042152
22.749876	7395	0	1097514	1098678
22.755696	7399	0	1120543	1122093
22.762961	7403	0	1133370	1134937
22.772643	7403	0	1133370	1134937
22.781663	7403	0	1133370	1134937
22.795201	7403	0	1133370	1134937
22.802323	7403	0	1133370	1134937
22.811246	7403	0	1133370	1134937
22.817320	7403	0	1133370	1134937
22.829434	7403	0	1133370	1134937
22.841356	7403	0	1133370	1134937
22.848958	7403	0	1133370	1134937
22.859282	7403	0	1133370	1134937
22.872625	7403	0	1133370	1134937
22.880142	7403	0	1133370	1134937
22.886006	7403	0	1133370	1134937
22.895664	7403	0	1133370	1134937
22.909103	7403	0	1133370	1134937
22.921659	7403	0	1133370	1134937
22.931771	7403	0	1133370	1134937
22.942521	7403	0	1133370	1134937
22.951655	7403	0	1133370	1134937
22.958405	7403	0	1133370	1134937
22.964374	7403	0	1133370	1134937
22.978929	7403	0	1133370	1134937
22.988760	7403	0	1133370	1134937
23.000488	7403	0	1133370	1134937
23.011358	7403	0	1133370	1134937
23.021527	7403	0	1133370	1134937
23.030152	7403	0	1133370	1134937
23.036534	7403	0	1133370	1134937
23.045131	7403	0	1133370	1134937
23.051147	7403	0	1133370	1134937
23.061900	7407	2	213972	209145
23.072907	7416	3	250526	250526
23.085377	7420	3	285034	283673
23.098827	7429	0	323226	323622
23.109794	7433	0	333883	335835
23.118011	7440	0	379911	380698
23.132848	7447	0	412492	414053
23.144361	7454	0	458471	459258
23.158386	7461	0	491052	492613
23.170046	7468	0	545322	548039
23.182675	7476	0	579015	579798
23.190645	7483	2	633058	633058
23.204198	7491	0	666751	667534
23.209588	7493	2	703586	701395
23.217684	7499	3	733265	719934
23.226972	7505	0	753879	754661
23.232460	7506	0	785720	788070
23.244109	7515	3	825636	823441
23.255901	7519	0	840554	841336
23.270580	7531	2	922543	916217
23.284528	7537	0	972350	975084
23.298423	7549	0	1024908	1028393
23.310723	7552	0	1070893	1072429
23.321866	7563	2	1123966	1121061
23.329619	7564	0	1126309	1127478
23.338695	7571	0	1186038	1186428
23.344989	7575	0	1208881	1209664
23.353081	7579	0	1226097	1227266
23.358704	7582	3	1270387	1270387
23.364218	7586	0	1286184	1289695
23.374703	7594	0	1327540	1329095
23.383433	7597	3	1371198	1371198
23.396006	7605	0	1414485	1415273
23.408861	7610	3	1466598	1429906
23.421209	7620	2	1516331	1516331
23.432540	7624	0	1533558	1534730
23.447160	7633	2	1616496	1616496
23.459284	7639	0	1640369	1641541
23.473659	7639	0	1640369	1641541
23.486373	7639	0	1640369	1641541
23.496303	7639	0	1640369	1641541
23.507232	7639	0	1640369	1641541
23.518255	7639	0	1640369	1641541
23.529170	7639	0	1640369	1641541
23.541803	7639	0	1640369	1641541
23.552260	7639	0	1640369	1641541
23.567230	7639	0	1640369	1641541
23.577726	7639	0	1640369	1641541
23.586096	7639	0	1640369	1641541
23.599629	7639	0	1640369	1641541
23.607273	7639	0	1640369	1641541
23.612826	7639	0	1640369	1641541
23.618733	7639	0	1640369	1641541
23.629253	7639	0	1640369	1641541
23.637115	7639	0	1640369	1641541
23.642956	7639	0	1640369	1641541
23.650562	7639	0	1640369	1641541
23.657508	7639	0	1640369	1641541
23.662785	7639	0	1640369	1641541
23.677351	7639	0	1640369	1641541
23.685967	7639	0	1640369	1641541
23.699191	7639	0	1640369	1641541
23.704874	7639	0	1640369	1641541
23.716599	7639	0	1640369	1641541
23.722554	7639	0	1640369	1641541
23.734980	7639	0	1640369	1641541
23.746214	7639	0	1640369	1641541
23.760996	7639	0	1640369	1641541
23.768584	7639	0	1640369	1641541
23.774696	7639	0	1640369	1641541
23.783234	7639	0	1640369	1641541
23.796203	7639	0	1640369	1641541
23.805435	7639	0	1640369	1641541
23.819141	7639	0	1640369	1641541
23.830416	7639	0	1640369	1641541
23.836317	7639	0	1640369	1641541
23.850423	7639	0	1640369	1641541
23.863670	7639	0	1640369	1641541
23.876865	7639	0	1640369	1641541
23.889840	7639	0	1640369	1641541
23.895703	7639	0	1640369	1641541
23.908029	7639	0	1640369	1641541
23.918937	7641	3	217469	214461
23.924623	7646	0	237170	238704
23.930944	7646	0	237170	238704
23.943586	7654	0	284208	284987
23.949539	7654	0	284208	284987
23.958295	7659	0	344118	346487
23.965254	7661	0	350324	351858
23.978991	7669	0	397362	398141
23.991902	7673	3	452468	443838
24.005578	7679	2	493136	489635
24.012404	7683	0	508976	511361
24.021442	7683	0	508976	511361
24.035419	7690	0	574942	577306
24.041637	7694	0	607780	610155
24.052571	7697	0	622840	625225
24.067305	7703	0	688023	689908
24.077288	7711	0	737545	738336
24.082789	7711	0	737545	738336
24.089576	7713	0	782683	785031
24.101518	7719	0	827924	828707
24.116005	7725	0	852883	853674
24.129881	7732	0	921389	922159
24.141072	7740	3	973126	973126
24.149619	7740	0	973126	974293
24.161846	7747	0	1043122	1043892
24.169006	7751	0	1074646	1075805
24.182700	7755	0	1094859	1096026
24.188111	7756	0	1146067	1148435
24.193710	7762	0	1164771	1165548
24.201448	7766	0	1189275	1190827
24.207493	7770	0	1213094	1214654
24.212970	7770	0	1213094	1214654
24.225820	7773	0	1274455	1275225
24.235838	7781	0	1308841	1310393
24.245809	7785	0	1332660	1334220
24.253343	7785	0	1332660	1334220
24.266401	7791	0	1399683	1401248
24.277133	7799	0	1458491	1459651
24.283542	7799	0	1458491	1459651
24.297235	7805	0	1528551	1530116
24.303686	7809	0	1561759	1562919
24.315231	7813	0	1587359	1588519
24.324823	7813	0	1587359	1588519
24.332233	7820	3	1662062	1662062
24.342340	7824	0	1696588	1698133
24.355461	7828	0	1721099	1722255
24.367570	7835	0	1795508	1798252
24.380916	7842	3	1852971	1848702
24.390886	7843	0	1854545	1855701
24.403923	7850	0	1936443	1939573
24.416945	7858	3	1990621	1990621
24.423563	7858	0	1990621	1993367
24.429125	7858	0	1990621	1993367
24.444141	7865	0	2073927	2077057
24.450638	7869	0	2108878	2110033
24.462204	7873	0	2128105	2130851
24.468336	7873	0	2128105	2130851
24.482970	7873	0	2128105	2130851
24.497282	7873	0	2128105	2130851
24.510793	7873	0	2128105	2130851
24.524880	7873	0	2128105	2130851
24.531387	7873	0	2128105	2130851
24.544320	7873	0	2128105	2130851
24.557854	7873	0	2128105	2130851
24.564563	7873	0	2128105	2130851
24.576550	7873	0	2128105	2130851
24.586474	7873	0	2128105	2130851
24.592018	7873	0	2128105	2130851
24.601374	7873	0	2128105	2130851
24.607184	7873	0	2128105	2130851
24.615508	7873	0	2128105	2130851
24.626241	7873	0	2128105	2130851
24.640189	7873	0	2128105	2130851
24.652704	7873	0	2128105	2130851
24.664462	7873	0	2128105	2130851
24.677981	7873	0	2128105	2130851
24.690863	7873	0	2128105	2130851
24.701828	7873	0	2128105	2130851
24.708827	7873	0	2128105	2130851
24.720051	7873	0	2128105	2130851
24.726108	7873	0	2128105	2130851
24.733296	7873	0	2128105	2130851
24.745184	7873	0	2128105	2130851
24.751346	7873	0	2128105	2130851
24.756760	7873	0	2128105	2130851
24.762521	7873	0	2128105	2130851
24.775963	7873	0	2128105	2130851
24.785194	7873	0	2128105	2130851
24.799563	7873	0	2128105	2130851
24.806186	7873	0	2128105	2130851
24.815151	7873	0	2128105	2130851
24.827306	7873	0	2128105	2130851
24.840402	7873	0	2128105	2130851
24.853001	7873	0	2128105	2130851
24.860518	7873	0	2128105	2130851
24.873942	7873	0	2128105	2130851
24.888693	7873	0	2128105	2130851
24.901938	7873	0	2128105	2130851
24.908573	7873	0	2128105	2130851
24.920518	7873	0	2128105	2130851
24.933255	7873	0	2128105	2130851
24.944317	7873	0	2128105	2130851
24.956137	7873	0	2128105	2130851
24.962705	7873	0	2128105	2130851
24.969700	7873	0	2128105	2130851
24.984585	7873	0	2128105	2130851
24.997392	7873	0	2128105	2130851
25.010376	7873	0	2128105	2130851
25.020435	7873	0	2128105	2130851
25.034146	7873	0	2128105	2130851
25.045722	7873	0	2128105	2130851
25.055030	7873	0	2128105	2130851
25.060318	7873	0	2128105	2130851
25.071922	7873	0	2128105	2130851
25.078683	7873	0	2128105	2130851
25.093203	7879	2	238353	234019
25.101323	7880	0	239937	241911
25.108448	7884	0	281060	281862
25.118503	7888	0	303471	305802
25.126799	7888	0	303471	305802
25.140911	7895	3	384384	384384
25.146095	7895	0	384384	386358
25.158611	7900	3	439491	426309
25.166901	7903	0	447918	450249
25.172346	7903	0	447918	450249
25.178522	7903	0	447918	450249
25.192471	7910	0	541029	543011
25.203004	7912	0	574350	575135
25.209900	7915	4	595729	584327
25.224688	7918	0	601358	602143
25.237682	7924	2	686226	680754
25.252021	7928	3	727859	723386
25.260605	7933	0	749609	750394
25.267992	7933	0	749609	750394
25.276986	7934	0	805409	807389
25.291125	7940	0	831723	834475
25.306080	7947	3	894937	891084
25.318638	7948	0	896493	897640
25.330509	7951	0	961186	962764
25.344368	7955	0	982551	985303
25.358275	7963	0	1047321	1048468
25.366843	7963	0	1047321	1048468
25.375170	7963	0	1047321	1048468
25.389740	7970	0	1139306	1141246
25.399682	7973	0	1176668	1177837
25.409995	7977	0	1199900	1200678
25.421793	7977	0	1199900	1200678
25.430836	7980	0	1268986	1270153
25.445243	7985	0	1319827	1320983
25.456181	7991	0	1351489	1352267
25.463308	7991	0	1351489	1352267
25.477527	7992	0	1416417	1419153
25.487876	7998	0	1447767	1450135
25.493796	7998	0	1447767	1450135
25.501915	8003	2	1498555	1487142
25.515104	8006	0	1506663	1507844
25.523374	8006	0	1506663	1507844
25.532968	8010	3	1594760	1582247
25.538381	8013	0	1603662	1606030
25.550444	8017	0	1641083	1643037
25.564048	8021	0	1662558	1663739
25.571106	8021	0	1662558	1663739
25.583147	8024	0	1735836	1738530
25.591293	8028	0	1766057	1766827
25.599676	8031	2	1804836	1801745
25.613904	8035	0	1821724	1823689
25.623459	8036	0	1888393	1890336
25.630645	8039	2	1915287	1899079
25.642539	8043	2	1957988	1927376
25.654818	8049	0	1982273	1984238
25.660591	8049	0	1982273	1984238
25.671125	8050	0	2051701	2054777
25.682216	8056	0	2082472	2084444
25.690791	8058	2	2115983	2115983
25.704816	8063	0	2141652	2143594
25.711262	8063	0	2141652	2143594
25.719424	8064	2	2212193	2143594
25.734604	8070	0	2242964	2244936
25.742797	8074	0	2284614	2286159
25.750715	8077	0	2302144	2304086
25.759574	8077	0	2302144	2304086
25.765793	8079	2	2374369	2371687
25.779796	8084	0	2401994	2405477
25.786273	8087	0	2445728	2446897
25.798732	8091	0	2464887	2467599
25.810325	8091	0	2464887	2467599
25.823808	8098	0	2567835	2571318
25.836449	8101	0	2611569	2612738
25.842229	8105	0	2630728	2633440
25.848646	8105	0	2630728	2633440
25.861755	8105	0	2630728	2633440
25.870833	8105	0	2630728	2633440
25.883592	8105	0	2630728	2633440
25.892650	8105	0	2630728	2633440
25.905151	8105	0	2630728	2633440
25.915630	8105	0	2630728	2633440
25.925325	8105	0	2630728	2633440
25.932893	8105	0	2630728	2633440
25.948079	8105	0	2630728	2633440
25.958789	8105	0	2630728	2633440
25.972120	8105	0	2630728	2633440
25.982632	8105	0	2630728	2633440
25.988963	8105	0	2630728	2633440
26.000284	8105	0	2630728	2633440
26.010889	8105	0	2630728	2633440
26.024117	8105	0	2630728	2633440
26.032889	8105	0	2630728	2633440
26.042919	8105	0	2630728	2633440
26.050526	8105	0	2630728	2633440
26.060829	8105	0	2630728	2633440
26.074001	8105	0	2630728	2633440
26.085021	8105	0	2630728	2633440
26.090844	8105	0	2630728	2633440
26.099988	8105	0	2630728	2633440
26.110709	8105	0	2630728	2633440
26.120392	8105	0	2630728	2633440
26.126701	8105	0	2630728	2633440
26.137276	8105	0	2630728	2633440
26.143781	8105	0	2630728	2633440
26.154449	8105	0	2630728	2633440
26.159950	8105	0	2630728	2633440
26.167367	8105	0	2630728	2633440
26.172642	8105	0	2630728	2633440
26.182748	8105	0	2630728	2633440
26.190543	8105	0	2630728	2633440
26.200126	8105	0	2630728	2633440
26.212040	8105	0	2630728	2633440
26.225160	8105	0	2630728	2633440
26.240127	8105	0	2630728	2633440
26.246118	8105	0	2630728	2633440
26.251960	8105	0	2630728	2633440
26.263942	8105	0	2630728	2633440
26.274185	8105	0	2630728	2633440
26.279852	8105	0	2630728	2633440
26.290445	8105	0	2630728	2633440
26.300829	8105	0	2630728	2633440
26.311605	8105	0	2630728	2633440
26.323124	8105	0	2630728	2633440
26.332660	8105	0	2630728	2633440
26.343489	8105	0	2630728	2633440
26.356903	8105	0	2630728	2633440
26.365765	8105	0	2630728	2633440
26.374636	8105	0	2630728	2633440
26.385002	8105	0	2630728	2633440
26.394754	8105	0	2630728	2633440
26.409286	8105	0	2630728	2633440
26.418630	8105	0	2630728	2633440
26.423853	8105	0	2630728	2633440
26.430074	8105	0	2630728	2633440
26.439180	8105	0	2630728	2633440
26.451777	8105	0	2630728	2633440
26.458495	8105	0	2630728	2633440
26.465715	8105	0	2630728	2633440
26.475629	8105	0	2630728	2633440
26.481459	8105	0	2630728	2633440
26.496260	8105	0	2630728	2633440
26.502471	8105	0	2630728	2633440
26.509993	8105	0	2630728	2633440
26.516066	8105	0	2630728	2633440
26.529801	8105	0	2630728	2633440
26.535719	8105	0	2630728	2633440
26.548158	8105	0	2630728	2633440
26.558786	8105	0	2630728	2633440
26.565681	8105	0	2630728	2633440
26.579043	8105	0	2630728	2633440
26.585680	8105	0	2630728	2633440
26.591821	8105	0	2630728	2633440
26.606320	8105	0	2630728	2633440
26.620796	8105	0	2630728	2633440
26.628808	8105	0	2630728	2633440
26.640949	8105	0	2630728	2633440
26.649585	8105	0	2630728	2633440
26.660622	8108	0	240036	242346
26.665980	8112	0	264409	265192
26.678730	8114	2	300525	300525
26.688830	8120	0	330055	330842
26.699644	8120	0	330055	330842
26.704910	8120	0	330055	330842
26.713308	8121	0	401478	403449
26.723879	8127	0	436066	436849
26.736966	8129	2	472182	472182
26.748666	8135	0	501712	502499
26.756422	8135	0	501712	502499
26.763115	8135	0	501712	502499
26.771793	8138	3	574109	574109
26.780449	8142	3	602808	602808
26.793721	8144	0	641855	643443
26.802734	8149	3	674753	670063
26.815503	8150	0	676682	677469
26.828159	8151	0	747824	748617
26.835513	8155	0	770102	772024
26.848993	8157	0	781702	783254
26.863625	8165	0	855576	856363
26.876542	8165	0	855576	856363
26.885593	8168	0	937453	937841
26.896505	8172	0	956815	957592
26.903250	8176	3	1005906	1005906
26.914085	8180	0	1034668	1035857
26.919794	8180	0	1034668	1035857
26.929313	8180	0	1034668	1035857
26.936317	8183	0	1118779	1119167
26.950215	8187	0	1138141	1138918
26.963450	8195	0	1215994	1217183
26.969191	8195	0	1215994	1217183
26.982613	8195	0	1215994	1217183
26.990207	8198	0	1300829	1303137
27.002503	8202	0	1327329	1330473
27.012999	8206	0	1374595	1374991
27.027086	8210	0	1401536	1402313
27.035326	8210	0	1401536	1402313
27.050572	8213	0	1485916	1488224
27.056554	8217	0	1512416	1515560
27.063666	8217	0	1512416	1515560
27.073254	8221	0	1559682	1560078
27.080025	8225	0	1586623	1587400
27.094518	8225	0	1586623	1587400
27.102562	8228	0	1670091	1671268
27.113721	8232	0	1697513	1700242
27.120936	8232	0	1697513	1700242
27.126559	8236	0	1745165	1747498
27.134433	8240	0	1774426	1776373
27.144773	8240	0	1774426	1776373
27.152885	8240	0	1774426	1776373
27.161130	8243	0	1862702	1863879
27.166456	8247	0	1890124	1892853
27.176056	8247	0	1890124	1892853
27.182113	8251	0	1937776	1940109
27.191093	8255	0	1967037	1968984
27.204572	8255	0	1967037	1968984
27.215280	8258	0	2061163	2062726
27.225956	8262	0	2095544	2096325
27.238456	8265	0	2132142	2132532
27.252841	8269	0	2159005	2160958
27.264230	8269	0	2159005	2160958
27.278250	8275	2	2282629	2275394
27.284570	8276	0	2285727	2286508
27.299380	8283	0	2349188	2351141
27.313869	8283	0	2349188	2351141
27.321581	8284	3	2433187	2351141
27.328414	8286	0	2439032	2441376
27.336918	8290	0	2470404	2472760
27.342142	8290	0	2470404	2472760
27.353765	8296	0	2536582	2536970
27.358922	8298	0	2544575	2546138
27.370838	8298	0	2544575	2546138
27.378388	8298	0	2544575	2546138
27.391022	8305	0	2665642	2667998
27.398319	8305	0	2665642	2667998
27.410728	8313	0	2739813	2741376
27.425395	8313	0	2739813	2741376
27.436840	8316	0	2827702	2829633
27.448656	8320	0	2855846	2858182
27.457594	8324	0	2907339	2908915
27.465727	8328	3	2935883	2935883
27.473578	8328	0	2935883	2937836
27.486555	8328	0	2935883	2937836
27.492707	8331	2	3026859	3026859
27.498892	8333	0	3046183	3047714
27.508309	8335	0	3055003	3057339
27.520897	8340	3	3124997	3108072
27.534106	8343	0	3135040	3136993
27.542217	8343	0	3135040	3136993
27.551791	8343	0	3135040	3136993
27.558206	8343	0	3135040	3136993
27.565799	8343	0	3135040	3136993
27.573538	8343	0	3135040	3136993
27.580654	8343	0	3135040	3136993
27.593502	8343	0	3135040	3136993
27.600752	8343	0	3135040	3136993
27.614160	8343	0	3135040	3136993
27.623704	8343	0	3135040	3136993
27.637661	8343	0	3135040	3136993
27.650174	8343	0	3135040	3136993
27.660972	8343	0	3135040	3136993
27.672077	8343	0	3135040	3136993
27.682943	8343	0	3135040	3136993
27.688114	8343	0	3135040	3136993
27.697315	8343	0	3135040	3136993
27.706766	8343	0	3135040	3136993
27.720147	8343	0	3135040	3136993
27.730942	8343	0	3135040	3136993
27.744268	8343	0	3135040	3136993
27.749942	8343	0	3135040	3136993
27.758695	8343	0	3135040	3136993
27.764785	8343	0	3135040	3136993
27.776881	8343	0	3135040	3136993
27.789010	8343	0	3135040	3136993
27.798274	8343	0	3135040	3136993
27.812569	8343	0	3135040	3136993
27.818954	8343	0	3135040	3136993
27.824879	8343	0	3135040	3136993
27.835376	8343	0	3135040	3136993
27.842804	8343	0	3135040	3136993
27.851454	8343	0	3135040	3136993
27.862904	8343	0	3135040	3136993
27.876671	8343	0	3135040	3136993
27.888452	8343	0	3135040	3136993
27.897903	8343	0	3135040	3136993
27.905695	8343	0	3135040	3136993
27.915476	8343	0	3135040	3136993
27.928923	8343	0	3135040	3136993
27.936553	8343	0	3135040	3136993
27.941941	8343	0	3135040	3136993
27.953674	8343	0	3135040	3136993
27.961020	8343	0	3135040	3136993
27.971227	8343	0	3135040	3136993
27.985706	8343	0	3135040	3136993
27.998696	8343	0	3135040	3136993
28.007291	8343	0	3135040	3136993
28.013317	8343	0	3135040	3136993
28.027578	8343	0	3135040	3136993
28.036022	8343	0	3135040	3136993
28.048738	8343	0	3135040	3136993
28.063601	8343	0	3135040	3136993
28.073257	8343	0	3135040	3136993
28.087367	8343	0	3135040	3136993
28.097662	8343	0	3135040	3136993
28.106829	8343	0	3135040	3136993
28.117114	8343	0	3135040	3136993
28.130698	8343	0	3135040	3136993
28.140873	8343	0	3135040	3136993
28.148063	8343	0	3135040	3136993
28.153647	8343	0	3135040	3136993
28.158960	8343	0	3135040	3136993
28.168010	8343	0	3135040	3136993
28.174155	8343	0	3135040	3136993
28.182335	8343	0	3135040	3136993
28.189977	8343	0	3135040	3136993
28.202574	8343	0	3135040	3136993
28.216934	8343	0	3135040	3136993
28.224794	8343	0	3135040	3136993
28.235335	8343	0	3135040	3136993
28.247509	8343	0	3135040	3136993
28.258516	8343	0	3135040	3136993
28.272906	8343	0	3135040	3136993
28.280995	8343	0	3135040	3136993
28.291703	8343	0	3135040	3136993
28.305875	8343	0	3135040	3136993
28.319579	8343	0	3135040	3136993
28.326346	8343	0	3135040	3136993
28.335706	8343	0	3135040	3136993
28.342235	8343	0	3135040	3136993
28.355609	8343	0	3135040	3136993
28.361751	8343	0	3135040	3136993
28.374084	8343	0	3135040	3136993
28.384452	8343	0	3135040	3136993
28.394954	8343	0	3135040	3136993
28.406590	8343	0	3135040	3136993
28.411944	8343	0	3135040	3136993
28.425291	8343	0	3135040	3136993
28.436491	8343	0	3135040	3136993
28.446048	8343	0	3135040	3136993
28.451344	8343	0	3135040	3136993
28.463652	8343	0	3135040	3136993
28.474466	8343	0	3135040	3136993
28.485734	8343	0	3135040	3136993
28.492032	8343	0	3135040	3136993
28.501483	8343	0	3135040	3136993
28.511172	8343	0	3135040	3136993
28.523521	8346	0	241399	243774
28.533848	8350	0	268700	269892
28.545055	8352	0	310234	313393
28.554286	8358	2	351765	351765
28.565092	8358	0	351765	352954
28.574825	8358	0	351765	352954
28.585408	8361	0	446514	448889
28.594275	8365	0	473815	475007
28.600537	8365	0	473815	475007
28.607423	8365	0	473815	475007
28.615896	8369	0	525909	528604
28.623711	8373	0	556880	558069
28.631216	8373	0	556880	558069
28.644546	8373	0	556880	558069
28.656089	8376	0	649677	652017
28.667417	8380	0	675203	675978
28.680334	8384	2	727976	727976
28.692517	8388	3	763237	763237
28.704539	8388	0	763237	764791
28.715752	8388	0	763237	764791
28.724177	8391	0	858851	861191
28.735809	8395	0	884377	885152
28.749995	8399	0	937150	938711
28.764216	8403	0	972411	973965
28.773958	8403	0	972411	973965
28.786244	8406	0	1067133	1068315
28.800209	8410	2	1127325	1088355
28.810070	8413	0	1142050	1143587
28.824048	8417	0	1179022	1179798
28.830223	8417	0	1179022	1179798
28.842725	8417	0	1179022	1179798
28.857603	8423	0	1298146	1298532
28.868846	8427	0	1352227	1353764
28.883443	8431	0	1389199	1389975
28.889799	8431	0	1389199	1389975
28.895186	8431	0	1389199	1389975
28.908678	8433	0	1485212	1486778
28.918373	8436	0	1511321	1513668
28.928919	8436	0	1511321	1513668
28.937196	8439	0	1567954	1570675
28.944192	8442	0	1596282	1598614
28.957535	8442	0	1596282	1598614
28.971775	8444	0	1688360	1689926
28.985229	8447	0	1714469	1716816
28.996248	8450	0	1771102	1773823
29.007541	8453	0	1799430	1801762
29.020388	8464	2	1860126	1860126
29.027082	8476	2	1881717	1881688
29.038154	8500	2	1922631	1922631
29.047006	8515	0	1951927	1952720
29.058293	8537	3	1994016	1994016
29.067534	8551	0	2028065	2029231
29.076409	8566	2	2061677	2061677
29.088441	8570	0	2070414	2070786
29.098758	8570	0	2070414	2070786
29.107746	8570	0	2070414	2070786
29.122203	8570	0	2070414	2070786
29.129400	8570	0	2070414	2070786
29.135060	8570	0	2070414	2070786
29.143532	8570	0	2070414	2070786
29.158359	8570	0	2070414	2070786
29.170074	8570	0	2070414	2070786
29.177196	8570	0	2070414	2070786
29.186758	8570	0	2070414	2070786
29.192322	8570	0	2070414	2070786
29.202757	8570	0	2070414	2070786
29.209332	8570	0	2070414	2070786
29.217603	8570	0	2070414	2070786
29.230366	8570	0	2070414	2070786
29.235660	8570	0	2070414	2070786
29.243993	8570	0	2070414	2070786
29.254120	8570	0	2070414	2070786
29.260301	8570	0	2070414	2070786
29.269089	8570	0	2070414	2070786
29.284077	8570	0	2070414	2070786
29.293314	8570	0	2070414	2070786
29.306714	8570	0	2070414	2070786
29.315326	8570	0	2070414	2070786
29.327572	8570	0	2070414	2070786
29.333883	8570	0	2070414	2070786
29.340207	8570	0	2070414	2070786
29.353113	8570	0	2070414	2070786
29.367458	8570	0	2070414	2070786
29.374760	8570	0	2070414	2070786
29.382505	8570	0	2070414	2070786
29.392461	8570	0	2070414	2070786
29.407234	8570	0	2070414	2070786
29.421957	8570	0	2070414	2070786
29.428634	8570	0	2070414	2070786
29.434702	8570	0	2070414	2070786
29.446639	8570	0	2070414	2070786
29.453927	8570	0	2070414	2070786
29.465993	8570	0	2070414	2070786
29.474768	8570	0	2070414	2070786
29.489142	8570	0	2070414	2070786
29.498010	8570	0	2070414	2070786
29.511438	8570	0	2070414	2070786
29.523569	8570	0	2070414	2070786
29.531233	8570	0	2070414	2070786
29.542513	8570	0	2070414	2070786
29.550411	8570	0	2070414	2070786
29.560465	8570	0	2070414	2070786
29.575577	8570	0	2070414	2070786
29.587339	8570	0	2070414	2070786
29.601672	8570	0	2070414	2070786
29.606874	8570	0	2070414	2070786
29.618982	8570	0	2070414	2070786
29.632368	8570	0	2070414	2070786
29.642475	8570	0	2070414	2070786
29.655240	8570	0	2070414	2070786
29.660827	8570	0	2070414	2070786
29.674139	8570	0	2070414	2070786
29.686622	8570	0	2070414	2070786
29.692569	8570	0	2070414	2070786
29.706633	8580	2	216659	216041
29.715326	8593	3	248460	245061
29.722257	8601	2	272719	264586
29.731298	8612	2	300401	298763
29.743466	8626	0	337783	340543
29.753891	8637	0	372004	373161
29.766680	8650	3	414863	414863
29.776629	8660	0	440207	442951
29.788233	8672	3	485310	482695
29.800385	8683	2	526437	519545
29.815230	8697	2	575567	569633
29.830381	8712	2	629608	622705
29.842744	8720	0	665562	667129
29.850894	8730	0	694448	695980
29.861333	8739	2	733890	733890
29.870166	8746	3	758244	758244
29.875642	8748	0	763099	764659
29.882350	8755	3	795906	795906
29.896338	8764	2	844671	825915
29.908022	8777	3	882295	880937
29.913254	8778	0	885426	887371
29.920393	8784	2	924430	922564
29.927113	8789	0	943909	945059
29.937154	8794	2	976160	974991
29.943742	8799	0	988630	991333
29.957208	8806	0	1014834	1017173
29.965356	8806	0	1014834	1017173
29.971488	8806	0	1014834	1017173
29.978181	8806	0	1014834	1017173
29.988754	8806	0	1014834	1017173
29.998506	8806	0	1014834	1017173
30.007155	8806	0	1014834	1017173
30.014618	8806	0	1014834	1017173
30.029529	8806	0	1014834	1017173
30.037770	8806	0	1014834	1017173
30.046227	8806	0	1014834	1017173
30.061407	8806	0	1014834	1017173
30.072342	8806	0	1014834	1017173
30.078502	8806	0	1014834	1017173
30.088779	8806	0	1014834	1017173
30.101189	8806	0	1014834	1017173
30.111899	8806	0	1014834	1017173
30.119648	8806	0	1014834	1017173
30.129573	8806	0	1014834	1017173
30.142074	8806	0	1014834	1017173
30.154745	8806	0	1014834	1017173
30.163994	8806	0	1014834	1017173
30.170193	8806	0	1014834	1017173
30.182753	8806	0	1014834	1017173
30.191786	8806	0	1014834	1017173
30.201149	8806	0	1014834	1017173
30.209118	8806	0	1014834	1017173
30.215223	8806	0	1014834	1017173
30.227436	8806	0	1014834	1017173
30.234092	8806	0	1014834	1017173
30.242085	8806	0	1014834	1017173
30.252301	8806	0	1014834	1017173
30.264024	8809	0	204520	206498
30.275777	8821	0	247702	249667
30.290634	8831	3	304267	303004
30.299584	8836	0	316735	318680
30.306087	8839	3	347242	347242
30.314710	8844	3	374175	363661
30.323640	8850	0	391320	392874
30.331120	8857	0	427656	428847
30.344185	8865	0	463642	465200
30.359177	8872	0	509137	510312
30.368893	8880	0	536186	538166
30.382373	8887	0	579640	580423
30.397540	8895	0	613640	615609
30.412458	8907	2	687341	681588
30.421784	8910	0	694293	695479
30.429028	8917	0	740742	741529
30.438494	8924	0	773207	774761
30.445352	8925	0	801648	802818
30.451182	8931	0	819722	820897
30.463111	8939	0	860422	861207
30.477269	8946	0	915144	917866
30.492284	8954	0	948804	949597
30.503408	8961	0	1007377	1008919
30.510720	8968	2	1037053	1036501
30.525477	8975	0	1088118	1088900
30.535144	8982	0	1122784	1123560
30.548830	8989	0	1175942	1176709
30.560342	8996	0	1207617	1210723
30.570234	9000	2	1257937	1250165
30.583631	9011	0	1299965	1303485
30.590067	9011	0	1299965	1303485
30.598167	9018	0	1364215	1364986
30.609478	9026	0	1400685	1402629
30.623034	9032	3	1458262	1456267
30.637006	9041	0	1500142	1501294
30.642222	9041	0	1500142	1501294
30.649199	9041	0	1500142	1501294
30.655777	9041	0	1500142	1501294
30.668795	9041	0	1500142	1501294
30.683183	9041	0	1500142	1501294
30.692766	9041	0	1500142	1501294
30.700034	9041	0	1500142	1501294
30.709494	9041	0	1500142	1501294
30.717527	9041	0	1500142	1501294
30.732722	9041	0	1500142	1501294
30.742498	9041	0	1500142	1501294
30.755577	9041	0	1500142	1501294
30.766034	9041	0	1500142	1501294
30.780006	9041	0	1500142	1501294
30.786562	9041	0	1500142	1501294
30.801554	9041	0	1500142	1501294
30.815815	9041	0	1500142	1501294
30.822268	9041	0	1500142	1501294
30.829653	9041	0	1500142	1501294
30.839057	9041	0	1500142	1501294
30.848319	9041	0	1500142	1501294
30.857635	9041	0	1500142	1501294
30.870887	9041	0	1500142	1501294
30.876489	9041	0	1500142	1501294
30.889478	9041	0	1500142	1501294
30.896143	9041	0	1500142	1501294
30.902676	9041	0	1500142	1501294
30.915558	9041	0	1500142	1501294
30.926619	9041	0	1500142	1501294
30.939126	9041	0	1500142	1501294
30.944793	9041	0	1500142	1501294
30.953726	9041	0	1500142	1501294
30.967529	9041	0	1500142	1501294
30.973051	9041	0	1500142	1501294
30.980702	9041	0	1500142	1501294
30.991363	9041	0	1500142	1501294
30.998886	9041	0	1500142	1501294
31.006523	9041	0	1500142	1501294
31.020283	9041	0	1500142	1501294
31.028887	9041	0	1500142	1501294
31.035674	9041	0	1500142	1501294
31.047401	9041	0	1500142	1501294
31.061920	9046	0	225193	226789
31.072341	9052	0	257214	259172
31.083226	9056	0	272485	275265
31.094273	9063	0	334332	337874
31.106995	9071	0	375867	377454
31.113271	9071	0	375867	377454
31.122324	9074	0	422743	424314
31.136995	9084	0	476685	479050
31.149649	9087	2	516844	482260
31.156601	9093	0	536667	537460
31.163358	9095	2	559955	559955
31.178352	9101	0	583967	585151
31.186685	9104	3	633720	633720
31.198696	9108	0	650738	653044
31.208614	9116	0	691707	692892
31.216760	9116	0	691707	692892
31.225103	9120	3	751455	742667
31.235625	9125	2	784074	784074
31.250103	9131	0	805338	806123
31.259169	9134	0	852076	854829
31.268246	9138	0	875309	876494
31.278419	9143	3	917958	910238
31.284821	9146	0	922186	922576
31.290813	9147	0	961566	963121
31.296417	9151	0	977728	980468
31.308754	9157	0	1017923	1020266
31.322733	9161	0	1078386	1081119
31.329689	9167	0	1102033	1102804
31.339837	9175	2	1145834	1145834
31.350428	9175	0	1145834	1149376
31.361014	9181	0	1216003	1217954
31.373623	9189	0	1265609	1266388
31.382313	9189	0	1265609	1266388
31.393131	9195	0	1335222	1336012
31.406137	9203	0	1380620	1382956
31.420950	9207	2	1440495	1431711
31.429783	9212	2	1475311	1475311
31.437286	9217	2	1501796	1498390
31.444432	9218	0	1502569	1503752
31.453034	9221	2	1560623	1560623
31.462000	9225	0	1582547	1584095
31.468680	9230	2	1616969	1609282
31.476075	9233	0	1626031	1628358
31.490527	9239	2	1698621	1697567
31.495820	9241	3	1716716	1699779
31.503602	9248	3	1747250	1747250
31.511608	9248	0	1747250	1748813
31.521172	9253	0	1813454	1814216
31.533745	9259	0	1854096	1854865
31.542485	9263	0	1875604	1876752
31.549236	9263	0	1875604	1876752
31.555978	9266	0	1931226	1932390
31.565323	9270	2	1969804	1946650
31.580369	9277	0	2003928	2005091
31.589587	9277	0	2003928	2005091
31.603433	9277	0	2003928	2005091
31.614134	9277	0	2003928	2005091
31.624088	9277	0	2003928	2005091
31.633915	9277	0	2003928	2005091
31.643724	9277	0	2003928	2005091
31.649003	9277	0	2003928	2005091
31.658061	9277	0	2003928	2005091
31.665855	9277	0	2003928	2005091
31.672729	9277	0	2003928	2005091
31.685886	9277	0	2003928	2005091
31.698455	9277	0	2003928	2005091
31.705887	9277	0	2003928	2005091
31.712824	9277	0	2003928	2005091
31.720953	9277	0	2003928	2005091
31.733838	9277	0	2003928	2005091
31.747239	9277	0	2003928	2005091
31.755618	9277	0	2003928	2005091
31.764701	9277	0	2003928	2005091
31.778155	9277	0	2003928	2005091
31.790376	9277	0	2003928	2005091
31.799737	9277	0	2003928	2005091
31.806093	9277	0	2003928	2005091
31.814842	9277	0	2003928	2005091
31.829537	9277	0	2003928	2005091
31.844617	9277	0	2003928	2005091
31.851142	9277	0	2003928	2005091
31.864225	9277	0	2003928	2005091
31.874198	9277	0	2003928	2005091
31.886644	9277	0	2003928	2005091
31.900253	9277	0	2003928	2005091
31.911818	9277	0	2003928	2005091
31.924682	9277	0	2003928	2005091
31.933061	9277	0	2003928	2005091
31.939303	9277	0	2003928	2005091
31.954273	9277	0	2003928	2005091
31.962675	9277	0	2003928	2005091
31.976186	9277	0	2003928	2005091
31.989015	9277	0	2003928	2005091
31.995584	9277	0	2003928	2005091
32.008108	9277	0	2003928	2005091
32.022134	9277	0	2003928	2005091
32.029468	9277	0	2003928	2005091
32.041063	9277	0	2003928	2005091
32.048513	9277	0	2003928	2005091
32.056460	9277	0	2003928	2005091
32.067924	9277	0	2003928	2005091
32.078092	9277	0	2003928	2005091
32.089116	9277	0	2003928	2005091
32.095401	9277	0	2003928	2005091
32.108461	9277	0	2003928	2005091
32.119826	9277	0	2003928	2005091
32.126143	9277	0	2003928	2005091
32.139621	9277	0	2003928	2005091
32.150985	9277	0	2003928	2005091
32.156919	9277	0	2003928	2005091
32.167252	9277	0	2003928	2005091
32.174377	9277	0	2003928	2005091
32.181671	9277	0	2003928	2005091
32.195971	9284	0	248304	248700
32.202796	9288	0	281424	282585
32.215091	9292	0	299532	300330
32.223225	9295	3	352781	352781
32.236155	9299	0	369631	372363
32.247961	9307	0	428950	430129
32.255846	9307	0	428950	430129
32.262809	9307	0	428950	430129
32.271918	9310	0	496848	499965
32.279282	9314	0	519955	520749
32.288651	9318	3	552172	552172
32.302979	9322	0	569327	570107
32.310744	9323	0	620353	620743
32.323349	9329	0	647228	650390
32.334565	9333	0	682293	683476
32.345016	9337	0	701530	704281
32.356911	9339	3	757873	755695
32.369920	9344	0	778732	779900
32.382145	9352	3	842579	842579
32.395066	9352	0	842579	845340
32.409326	9359	0	925760	927703
32.415882	9359	0	925760	927703
32.428177	9367	0	989211	991562
32.433890	9367	0	989211	991562
32.439557	9367	0	989211	991562
32.449205	9371	2	1065815	1054434
32.455416	9374	0	1076087	1077268
32.467478	9378	0	1117795	1119349
32.475703	9381	0	1134503	1136421
32.482829	9381	0	1134503	1136421
32.491901	9386	0	1216785	1217925
32.500065	9388	0	1226544	1228496
32.506608	9392	0	1266974	1269685
32.515805	9396	0	1286713	1287474
32.528583	9397	0	1343454	1345008
32.542114	9403	0	1375778	1376950
32.556668	9411	0	1434805	1435979
32.563779	9411	0	1434805	1435979
32.578815	9417	3	1517219	1512340
32.586029	9418	0	1519570	1522328
32.591344	9421	2	1561792	1557434
32.601654	9426	0	1584388	1585553
32.612600	9426	0	1584388	1585553
32.618381	9429	0	1649441	1651375
32.630484	9433	0	1674368	1674764
32.637775	9437	0	1714878	1717639
32.643876	9440	0	1736791	1738334
32.656780	9440	0	1736791	1738334
32.664390	9443	0	1810035	1811194
32.675994	9447	0	1831976	1833918
32.688384	9454	0	1892710	1893484
32.698617	9454	0	1892710	1893484
32.709246	9457	0	1962296	1964232
32.720508	9461	0	1985240	1986802
32.727257	9464	3	2023000	2018626
32.736538	9469	0	2050437	2051202
32.742755	9469	0	2050437	2051202
32.750175	9469	0	2050437	2051202
32.761477	9472	0	2125622	2126403
32.769411	9476	0	2147825	2150161
32.782095	9483	2	2205119	2201291
32.789353	9484	0	2206696	2207857
32.795625	9484	0	2206696	2207857
32.804885	9488	0	2281232	2282009
32.811277	9490	0	2287226	2288399
32.819483	9493	3	2334625	2327616
32.831471	9498	0	2361776	2362942
32.841214	9498	0	2361776	2362942
32.854263	9501	0	2440117	2442834
32.867204	9505	0	2470324	2471095
32.877728	9512	0	2525925	2527838
32.887475	9512	0	2525925	2527838
32.900648	9512	0	2525925	2527838
32.915460	9512	0	2525925	2527838
32.928769	9512	0	2525925	2527838
32.941194	9512	0	2525925	2527838
32.952149	9512	0	2525925	2527838
32.965502	9512	0	2525925	2527838
32.972631	9512	0	2525925	2527838
32.982461	9512	0	2525925	2527838
32.997611	9512	0	2525925	2527838
33.004065	9512	0	2525925	2527838
33.013503	9512	0	2525925	2527838
33.027645	9512	0	2525925	2527838
33.038937	9512	0	2525925	2527838
33.045655	9512	0	2525925	2527838
33.057304	9512	0	2525925	2527838
33.070757	9512	0	2525925	2527838
33.079618	9512	0	2525925	2527838
33.093451	9512	0	2525925	2527838
33.098867	9512	0	2525925	2527838
33.109524	9512	0	2525925	2527838
33.117035	9512	0	2525925	2527838
33.123728	9512	0	2525925	2527838
33.129688	9512	0	2525925	2527838
33.141433	9512	0	2525925	2527838
33.148449	9512	0	2525925	2527838
33.158463	9512	0	2525925	2527838
33.173613	9512	0	2525925	2527838
33.182916	9512	0	2525925	2527838
33.193921	9512	0	2525925	2527838
33.208278	9512	0	2525925	2527838
33.214172	9512	0	2525925	2527838
33.220935	9512	0	2525925	2527838
33.231682	9512	0	2525925	2527838
33.239915	9512	0	2525925	2527838
33.253484	9512	0	2525925	2527838
33.265481	9512	0	2525925	2527838
33.274889	9512	0	2525925	2527838
33.284083	9512	0	2525925	2527838
33.297658	9512	0	2525925	2527838
33.303642	9512	0	2525925	2527838
33.315854	9512	0	2525925	2527838
33.323208	9512	0	2525925	2527838
33.334224	9512	0	2525925	2527838
33.343450	9512	0	2525925	2527838
33.352330	9512	0	2525925	2527838
33.359756	9512	0	2525925	2527838
33.372578	9512	0	2525925	2527838
33.387257	9512	0	2525925	2527838
33.401622	9512	0	2525925	2527838
33.415336	9512	0	2525925	2527838
33.430050	9512	0	2525925	2527838
33.441227	9512	0	2525925	2527838
33.456342	9512	0	2525925	2527838
33.462092	9512	0	2525925	2527838
33.471084	9512	0	2525925	2527838
33.479309	9512	0	2525925	2527838
33.492589	9512	0	2525925	2527838
33.506518	9512	0	2525925	2527838
33.521253	9512	0	2525925	2527838
33.533397	9512	0	2525925	2527838
33.542059	9512	0	2525925	2527838
33.556347	9512	0	2525925	2527838
33.567781	9512	0	2525925	2527838
33.577012	9512	0	2525925	2527838
33.589732	9512	0	2525925	2527838
33.604122	9512	0	2525925	2527838
33.617988	9512	0	2525925	2527838
33.629214	9512	0	2525925	2527838
33.636443	9512	0	2525925	2527838
33.650212	9512	0	2525925	2527838
33.661605	9516	3	259414	242438
33.669236	9519	0	271002	273784
33.678694	9523	0	314004	315186
33.693004	9526	0	328098	328491
33.703066	9527	0	390555	393703
33.715523	9533	0	421467	423453
33.730097	9537	0	463190	464782
33.744643	9540	0	480784	482736
33.756934	9540	0	480784	482736
33.766693	9545	0	565420	567778
33.776608	9547	0	574756	576318
33.782886	9549	2	610264	610264
33.790839	9551	0	617380	619750
33.798016	9555	0	644691	646669
33.806245	9555	0	644691	646669
33.813410	9555	0	644691	646669
33.820253	9557	1	722478	719798
33.827240	9560	0	739032	740209
33.839558	9562	0	750090	753624
33.846140	9565	0	793890	795066
33.851644	9569	0	813124	815880
33.863015	9569	0	813124	815880
33.873993	9572	0	889958	891124
33.879639	9574	0	907862	909443
33.887239	9576	0	916208	916991
33.892893	9578	0	950601	951774
33.901969	9583	3	985093	979603
33.916380	9584	0	987425	987817
33.924767	9584	0	987425	987817
33.939725	9591	0	1097544	1098322
33.951059	9593	0	1133638	1134421
33.964508	9599	0	1163182	1163965
33.975169	9599	0	1163182	1163965
33.989038	9604	0	1262655	1263838
33.998556	9606	0	1269620	1271161
34.008053	9612	3	1330473	1330473
34.019391	9614	0	1338596	1339776
34.031365	9615	0	1409201	1409976
34.038642	9619	0	1431475	1433405
34.047581	9621	0	1443127	1444671
34.054287	9625	0	1490317	1492275
34.062694	9629	0	1517009	1517788
34.074716	9629	0	1517009	1517788
34.086020	9632	2	1596922	1596922
34.092500	9634	0	1614757	1616705
34.102556	9636	0	1625103	1627029
34.117436	9644	0	1694985	1697672
34.130543	9644	0	1694985	1697672
34.139521	9645	2	1771784	1697672
34.151440	9651	0	1799332	1800109
34.159998	9653	3	1836607	1836607
34.170870	9657	0	1870722	1871114
34.180771	9659	0	1877168	1878329
34.187234	9659	0	1877168	1878329
34.200828	9662	0	1966259	1967797
34.207947	9666	0	1990926	1991316
34.218035	9668	0	2021803	2022582
34.227150	9674	0	2051934	2054298
34.233126	9674	0	2051934	2054298
34.239504	9674	0	2051934	2054298
34.252928	9674	0	2051934	2054298
34.258240	9677	0	2137001	2139311
34.270770	9681	0	2163509	2166611
34.281469	9683	0	2204860	2206421
34.294286	9689	0	2237730	2238507
34.300747	9689	0	2237730	2238507
34.311108	9690	2	2309455	2238507
34.322374	9696	0	2331225	2331996
34.332925	9698	0	2372512	2374449
34.338970	9700	0	2384884	2386433
34.344357	9704	0	2419725	2421672
34.353382	9704	0	2419725	2421672
34.360469	9704	0	2419725	2421672
34.368833	9704	0	2419725	2421672
34.382423	9711	0	2537703	2540379
34.397014	9715	2	2585274	2585274
34.405204	9717	0	2603783	2606119
34.413689	9719	0	2614470	2616413
34.422763	9719	0	2614470	2616413
34.437845	9722	0	2698867	2700025
34.443723	9724	0	2713272	2714426
34.456356	9726	0	2720429	2721964
34.469323	9730	0	2771607	2772372
34.478983	9734	0	2803510	2807405
34.484258	9734	0	2803510	2807405
34.490236	9734	0	2803510	2807405
34.499302	9734	0	2803510	2807405
34.510146	9737	0	2904956	2906499
34.522940	9741	0	2939318	2940099
34.533257	9741	0	2939318	2940099
34.539404	9744	0	2975944	2976336
34.549562	9748	0	3002803	3004737
34.559330	9748	0	3002803	3004737
34.569593	9748	0	3002803	3004737
34.580211	9748	0	3002803	3004737
34.595314	9748	0	3002803	3004737
34.604199	9748	0	3002803	3004737
34.612078	9748	0	3002803	3004737
34.626389	9748	0	3002803	3004737
34.634109	9748	0	3002803	3004737
34.641489	9748	0	3002803	3004737
34.649230	9748	0	3002803	3004737
34.659696	9748	0	3002803	3004737
34.669444	9748	0	3002803	3004737
34.682713	9748	0	3002803	3004737
34.695759	9748	0	3002803	3004737
34.709090	9748	0	3002803	3004737
34.716675	9748	0	3002803	3004737
34.730393	9748	0	3002803	3004737
34.738147	9748	0	3002803	3004737
34.746462	9748	0	3002803	3004737
34.752171	9748	0	3002803	3004737
34.763364	9748	0	3002803	3004737
34.772223	9748	0	3002803	3004737
34.782600	9748	0	3002803	3004737
34.790730	9748	0	3002803	3004737
34.798947	9748	0	3002803	3004737
34.807643	9748	0	3002803	3004737
34.815158	9748	0	3002803	3004737
34.829433	9748	0	3002803	3004737
34.842052	9748	0	3002803	3004737
34.847377	9748	0	3002803	3004737
34.861358	9748	0	3002803	3004737
34.867549	9748	0	3002803	3004737
34.880712	9748	0	3002803	3004737
34.889216	9748	0	3002803	3004737
34.902718	9748	0	3002803	3004737
34.911621	9748	0	3002803	3004737
34.918911	9748	0	3002803	3004737
34.924851	9748	0	3002803	3004737
34.936471	9748	0	3002803	3004737
34.951597	9748	0	3002803	3004737
34.961692	9748	0	3002803	3004737
34.974805	9748	0	3002803	3004737
34.983529	9748	0	3002803	3004737
34.997652	9748	0	3002803	3004737
35.008305	9748	0	3002803	3004737
35.016628	9748	0	3002803	3004737
35.026469	9748	0	3002803	3004737
35.041009	9748	0	3002803	3004737
35.053070	9748	0	3002803	3004737
35.065526	9748	0	3002803	3004737
35.075643	9748	0	3002803	3004737
35.083174	9748	0	3002803	3004737
35.091965	9748	0	3002803	3004737
35.100013	9748	0	3002803	3004737
35.113935	9748	0	3002803	3004737
35.129106	9748	0	3002803	3004737
35.141033	9748	0	3002803	3004737
35.150052	9748	0	3002803	3004737
35.155852	9748	0	3002803	3004737
35.164782	9748	0	3002803	3004737
35.172839	9748	0	3002803	3004737
35.180363	9748	0	3002803	3004737
35.188711	9748	0	3002803	3004737
35.201954	9748	0	3002803	3004737
35.213584	9748	0	3002803	3004737
35.228566	9748	0	3002803	3004737
35.238593	9748	0	3002803	3004737
35.247813	9748	0	3002803	3004737
35.261844	9748	0	3002803	3004737
35.275143	9748	0	3002803	3004737
35.280468	9748	0	3002803	3004737
35.286667	9748	0	3002803	3004737
35.296075	9748	0	3002803	3004737
35.301943	9748	0	3002803	3004737
35.308745	9748	0	3002803	3004737
35.314417	9748	0	3002803	3004737
35.326085	9748	0	3002803	3004737
35.336074	9748	0	3002803	3004737
35.341507	9748	0	3002803	3004737
35.354695	9748	0	3002803	3004737
35.369294	9748	0	3002803	3004737
35.377526	9748	0	3002803	3004737
35.388980	9748	0	3002803	3004737
35.397535	9748	0	3002803	3004737
35.409507	9748	0	3002803	3004737
35.417892	9748	0	3002803	3004737
35.431163	9748	0	3002803	3004737
35.445673	9748	0	3002803	3004737
35.456353	9748	0	3002803	3004737
35.464362	9748	0	3002803	3004737
35.473053	9748	0	3002803	3004737
35.478628	9748	0	3002803	3004737
35.484508	9748	0	3002803	3004737
35.496662	9748	0	3002803	3004737
35.505896	9748	0	3002803	3004737
35.518852	9748	0	3002803	3004737
35.533843	9748	0	3002803	3004737
35.546690	9751	0	237216	238391
35.561056	9755	0	262799	265172
35.571377	9759	2	329588	310621
35.580440	9762	0	341030	343781
35.587559	9762	0	341030	343781
35.597487	9762	0	341030	343781
35.611892	9767	3	456499	456499
35.624261	9769	0	467860	470225
35.634450	9773	0	515874	517063
35.646010	9777	0	542216	543794
35.659261	9777	0	542216	543794
35.673820	9778	0	630658	633416
35.681576	9780	0	643421	645004
35.688601	9784	0	668308	669475
35.695321	9784	0	668308	669475
35.701173	9786	3	709807	709807
35.710615	9790	0	738395	739562
35.722142	9791	0	741369	743313
35.736245	9791	0	741369	743313
35.748929	9798	0	854120	856498
35.762826	9800	0	897190	897972
35.769720	9803	3	924175	907271
35.784629	9806	0	934269	936223
35.790370	9806	0	934269	936223
35.802746	9809	0	1031549	1033110
35.813941	9813	0	1060606	1062557
35.821633	9813	0	1060606	1062557
35.831033	9817	0	1111573	1113147
35.843970	9821	0	1140720	1141116
35.853417	9821	0	1140720	1141116
35.860803	9821	0	1140720	1141116
35.869303	9826	2	1252671	1252671
35.877152	9828	0	1259422	1260597
35.888013	9832	0	1311481	1314250
35.902401	9836	0	1342495	1343659
35.912443	9836	0	1342495	1343659
35.920450	9836	0	1342495	1343659
35.935613	9843	0	1474006	1475548
35.945619	9843	0	1474006	1475548
35.950844	9847	0	1524798	1525975
35.957941	9851	2	1554022	1554022
35.967492	9851	0	1554022	1555209
35.982262	9851	0	1554022	1555209
35.994935	9858	0	1673696	1674469
36.003120	9858	0	1673696	1674469
36.015829	9862	0	1726397	1727971
36.028945	9866	0	1761655	1763219
36.037023	9866	0	1761655	1763219
36.049557	9867	0	1858552	1859717
36.063901	9873	0	1905965	1907929
36.071281	9873	0	1905965	1907929
36.078033	9876	0	1952345	1953911
36.083967	9879	3	1974718	1970088
36.091699	9880	0	1976282	1977449
36.099000	9880	0	1976282	1977449
36.112245	9883	0	2064371	2065545
36.123092	9886	0	2085199	2085585
36.135614	9890	0	2139246	2140824
36.143119	9892	0	2163077	2165034
36.158249	9894	0	2176217	2176992
36.163688	9894	0	2176217	2176992
36.176903	9896	0	2274339	2276713
36.190431	9899	0	2298644	2301416
36.202229	9902	0	2353333	2355310
36.212523	9905	0	2382319	2383499
36.227441	9905	0	2382319	2383499
36.241398	9910	0	2497111	2499493
36.250334	9910	0	2497111	2499493
36.261924	9913	0	2554100	2556866
36.267702	9916	0	2582681	2585029
36.274947	9916	0	2582681	2585029
36.284703	9916	0	2582681	2585029
36.293517	9916	0	2582681	2585029
36.303244	9916	0	2582681	2585029
36.316866	9916	0	2582681	2585029
36.323971	9916	0	2582681	2585029
36.337662	9916	0	2582681	2585029
36.344923	9916	0	2582681	2585029
36.354641	9916	0	2582681	2585029
36.369049	9916	0	2582681	2585029
36.376418	9916	0	2582681	2585029
36.384969	9916	0	2582681	2585029
36.393270	9916	0	2582681	2585029
36.402542	9916	0	2582681	2585029
36.415860	9916	0	2582681	2585029
36.423576	9916	0	2582681	2585029
36.429685	9916	0	2582681	2585029
36.439094	9916	0	2582681	2585029
36.449005	9916	0	2582681	2585029
36.462117	9916	0	2582681	2585029
36.473762	9916	0	2582681	2585029
36.488880	9916	0	2582681	2585029
36.494603	9916	0	2582681	2585029
36.504322	9916	0	2582681	2585029
36.510394	9916	0	2582681	2585029
36.518751	9916	0	2582681	2585029
36.532032	9916	0	2582681	2585029
36.540879	9916	0	2582681	2585029
36.550496	9916	0	2582681	2585029
36.561223	9916	0	2582681	2585029
36.573465	9916	0	2582681	2585029
36.582255	9916	0	2582681	2585029
36.587939	9916	0	2582681	2585029
36.601559	9916	0	2582681	2585029
36.607910	9916	0	2582681	2585029
36.619769	9916	0	2582681	2585029
36.625358	9916	0	2582681	2585029
36.635575	9916	0	2582681	2585029
36.645204	9916	0	2582681	2585029
36.657929	9916	0	2582681	2585029
36.665526	9916	0	2582681	2585029
36.674739	9916	0	2582681	2585029
36.682410	9916	0	2582681	2585029
36.690458	9916	0	2582681	2585029
36.702806	9916	0	2582681	2585029
36.713028	9916	0	2582681	2585029
36.725221	9916	0	2582681	2585029
36.737905	9916	0	2582681	2585029
36.746211	9916	0	2582681	2585029
36.756144	9916	0	2582681	2585029
36.769578	9916	0	2582681	2585029
36.775604	9916	0	2582681	2585029
36.790030	9916	0	2582681	2585029
36.804457	9916	0	2582681	2585029
36.814788	9916	0	2582681	2585029
36.822531	9916	0	2582681	2585029
36.832110	9916	0	2582681	2585029
36.843833	9916	0	2582681	2585029
36.852687	9916	0	2582681	2585029
36.860816	9916	0	2582681	2585029
36.873856	9916	0	2582681	2585029
36.888567	9916	0	2582681	2585029
36.898153	9916	0	2582681	2585029
36.908671	9916	0	2582681	2585029
36.920970	9916	0	2582681	2585029
36.929791	9916	0	2582681	2585029
36.939603	9916	0	2582681	2585029
36.948955	9916	0	2582681	2585029
36.961099	9916	0	2582681	2585029
36.976205	9916	0	2582681	2585029
36.990589	9916	0	2582681	2585029
37.004897	9916	0	2582681	2585029
37.017982	9916	0	2582681	2585029
37.027062	9916	0	2582681	2585029
37.032343	9916	0	2582681	2585029
37.038768	9916	0	2582681	2585029
37.053128	9916	0	2582681	2585029
37.068010	9916	0	2582681	2585029
37.073477	9916	0	2582681	2585029
37.079114	9916	0	2582681	2585029
37.086545	9916	0	2582681	2585029
37.097879	9916	0	2582681	2585029
37.110111	9916	0	2582681	2585029
37.119514	9916	0	2582681	2585029
37.130956	9916	0	2582681	2585029
37.139665	9916	0	2582681	2585029
37.152709	9916	0	2582681	2585029
37.164011	9916	0	2582681	2585029
37.170816	9916	0	2582681	2585029
37.183228	9916	0	2582681	2585029
37.195556	9916	0	2582681	2585029
37.201992	9916	0	2582681	2585029
37.208441	9916	0	2582681	2585029
37.218953	9916	0	2582681	2585029
37.225604	9916	0	2582681	2585029
37.231497	9916	0	2582681	2585029
37.243405	9916	0	2582681	2585029
37.252065	9916	0	2582681	2585029
37.259786	9916	0	2582681	2585029
37.266640	9916	0	2582681	2585029
37.273036	9916	0	2582681	2585029
37.285456	9916	0	2582681	2585029
37.297094	9916	0	2582681	2585029
37.304394	9916	0	2582681	2585029
37.314867	9916	0	2582681	2585029
37.323914	9916	0	2582681	2585029
37.336663	9916	0	2582681	2585029
37.344755	9916	0	2582681	2585029
37.351920	9916	0	2582681	2585029
37.364881	9916	0	2582681	2585029
37.380024	9916	0	2582681	2585029
37.392094	9916	0	2582681	2585029
37.405617	9916	0	2582681	2585029
37.416146	9916	0	2582681	2585029
37.427963	9916	0	2582681	2585029
37.434704	9916	0	2582681	2585029
37.442552	9916	0	2582681	2585029
37.452191	9916	0	2582681	2585029
37.461880	9916	0	2582681	2585029
37.473114	9916	0	2582681	2585029
37.483155	9916	0	2582681	2585029
37.488432	9916	0	2582681	2585029
37.502946	9916	0	2582681	2585029
37.512119	9916	0	2582681	2585029
37.520971	9916	0	2582681	2585029
37.533739	9916	0	2582681	2585029
37.539509	9916	0	2582681	2585029
37.549722	9916	0	2582681	2585029
37.559616	9916	0	2582681	2585029
37.571209	9916	0	2582681	2585029
37.581599	9916	0	2582681	2585029
37.590923	9916	0	2582681	2585029
37.603354	9916	0	2582681	2585029
37.609704	9916	0	2582681	2585029
37.622912	9916	0	2582681	2585029
37.633624	9916	0	2582681	2585029
37.638837	9916	0	2582681	2585029
37.649292	9916	0	2582681	2585029
37.659940	9916	0	2582681	2585029
37.672785	9916	0	2582681	2585029
37.687149	9916	0	2582681	2585029
37.697561	9916	0	2582681	2585029
37.706814	9916	0	2582681	2585029
37.721346	9916	0	2582681	2585029
37.729133	9916	0	2582681	2585029
37.743898	9916	0	2582681	2585029
37.755785	9916	0	2582681	2585029
37.768881	9916	0	2582681	2585029
37.775738	9916	0	2582681	2585029
37.787369	9916	0	2582681	2585029
37.800371	9916	0	2582681	2585029
37.814295	9916	0	2582681	2585029
37.822586	9916	0	2582681	2585029
37.831669	9916	0	2582681	2585029
37.838499	9916	0	2582681	2585029
37.849020	9916	0	2582681	2585029
37.860267	9916	0	2582681	2585029
37.873863	9916	0	2582681	2585029
37.884494	9916	0	2582681	2585029
37.892475	9916	0	2582681	2585029
37.905631	9916	0	2582681	2585029
37.915029	9916	0	2582681	2585029
37.920765	9916	0	2582681	2585029
37.930693	9916	0	2582681	2585029
37.945584	9916	0	2582681	2585029
37.951212	9916	0	2582681	2585029
37.956870	9916	0	2582681	2585029
37.964793	9916	0	2582681	2585029
37.979081	9916	0	2582681	2585029
37.990820	9916	0	2582681	2585029
38.001512	9916	0	2582681	2585029
38.016312	9916	0	2582681	2585029
38.030260	9916	0	2582681	2585029
38.035850	9916	0	2582681	2585029
38.050331	9916	0	2582681	2585029
38.056719	9916	0	2582681	2585029
38.065309	9916	0	2582681	2585029
38.074065	9916	0	2582681	2585029
38.082356	9916	0	2582681	2585029
38.092528	9916	0	2582681	2585029
38.099311	9916	0	2582681	2585029
38.108378	9916	0	2582681	2585029
38.116526	9916	0	2582681	2585029
38.126152	9916	0	2582681	2585029
38.133761	9916	0	2582681	2585029
38.139307	9916	0	2582681	2585029
38.145378	9916	0	2582681	2585029
38.157693	9916	0	2582681	2585029
38.164396	9916	0	2582681	2585029
38.179104	9916	0	2582681	2585029
38.188338	9916	0	2582681	2585029
38.193987	9916	0	2582681	2585029
38.204203	9916	0	2582681	2585029
38.209815	9916	0	2582681	2585029
38.224106	9916	0	2582681	2585029
38.235827	9916	0	2582681	2585029
38.250964	9916	0	2582681	2585029
38.259378	9916	0	2582681	2585029
38.274090	9916	0	2582681	2585029
38.285492	9916	0	2582681	2585029
38.294894	9916	0	2582681	2585029
38.303643	9916	0	2582681	2585029
38.315435	9916	0	2582681	2585029
38.322850	9916	0	2582681	2585029
38.333364	9916	0	2582681	2585029
38.344312	9916	0	2582681	2585029
38.351069	9916	0	2582681	2585029
38.362636	9916	0	2582681	2585029
38.374804	9916	0	2582681	2585029
38.383701	9916	0	2582681	2585029
38.390789	9916	0	2582681	2585029
38.397269	9916	0	2582681	2585029
38.405034	9916	0	2582681	2585029
38.412966	9916	0	2582681	2585029
38.426643	9916	0	2582681	2585029
38.436434	9916	0	2582681	2585029
38.443824	9916	0	2582681	2585029
38.458822	9916	0	2582681	2585029
38.466146	9916	0	2582681	2585029
38.479644	9916	0	2582681	2585029
38.489479	9916	0	2582681	2585029
38.496599	9916	0	2582681	2585029
38.511432	9916	0	2582681	2585029
38.517937	9916	0	2582681	2585029
38.528367	9916	0	2582681	2585029
38.542177	9916	0	2582681	2585029
38.548510	9916	0	2582681	2585029
38.558446	9916	0	2582681	2585029
38.565724	9916	0	2582681	2585029
38.578793	9916	0	2582681	2585029
38.590402	9916	0	2582681	2585029
38.601153	9916	0	2582681	2585029
38.612476	9916	0	2582681	2585029
38.617938	9916	0	2582681	2585029
38.626278	9916	0	2582681	2585029
38.633440	9916	0	2582681	2585029
38.646987	9916	0	2582681	2585029
38.654523	9916	0	2582681	2585029
38.660230	9916	0	2582681	2585029
38.667180	9916	0	2582681	2585029
38.680729	9916	0	2582681	2585029
38.695774	9916	0	2582681	2585029
38.706281	9916	0	2582681	2585029
38.720214	9916	0	2582681	2585029
38.731544	9916	0	2582681	2585029
38.741617	9916	0	2582681	2585029
38.754775	9916	0	2582681	2585029
38.761108	9916	0	2582681	2585029
38.775251	9916	0	2582681	2585029
38.780990	9916	0	2582681	2585029
38.786908	9916	0	2582681	2585029
38.794861	9916	0	2582681	2585029
38.806084	9916	0	2582681	2585029
38.812575	9916	0	2582681	2585029
38.819589	9916	0	2582681	2585029
38.829555	9916	0	2582681	2585029
38.835364	9916	0	2582681	2585029
38.849510	9916	0	2582681	2585029
38.857346	9916	0	2582681	2585029
38.869822	9916	0	2582681	2585029
38.877359	9916	0	2582681	2585029
38.889814	9916	0	2582681	2585029
38.897487	9916	0	2582681	2585029
38.908647	9916	0	2582681	2585029
38.914462	9916	0	2582681	2585029
38.928414	9916	0	2582681	2585029
38.935637	9916	0	2582681	2585029
38.946995	9916	0	2582681	2585029
38.957027	9916	0	2582681	2585029
38.964608	9916	0	2582681	2585029
38.979762	9916	0	2582681	2585029
38.993857	9916	0	2582681	2585029
39.001688	9916	0	2582681	2585029
39.012645	9916	0	2582681	2585029
39.024348	9916	0	2582681	2585029
39.032035	9916	0	2582681	2585029
39.041960	9916	0	2582681	2585029
39.055929	9916	0	2582681	2585029
39.069108	9916	0	2582681	2585029
39.074449	9916	0	2582681	2585029
39.087581	9916	0	2582681	2585029
39.102723	9916	0	2582681	2585029
39.113230	9916	0	2582681	2585029
39.126483	9916	0	2582681	2585029
39.132887	9916	0	2582681	2585029
39.144516	9916	0	2582681	2585029
39.155121	9916	0	2582681	2585029
39.160531	9916	0	2582681	2585029
39.169363	9916	0	2582681	2585029
39.176283	9916	0	2582681	2585029
39.190385	9916	0	2582681	2585029
39.202848	9916	0	2582681	2585029
39.212738	9916	0	2582681	2585029
39.218606	9916	0	2582681	2585029
39.232314	9916	0	2582681	2585029
39.244214	9916	0	2582681	2585029
39.255154	9916	0	2582681	2585029
39.268467	9916	0	2582681	2585029
39.276024	9916	0	2582681	2585029
39.290869	9916	0	2582681	2585029
39.298058	9916	0	2582681	2585029
39.309628	9916	0	2582681	2585029
39.319261	9916	0	2582681	2585029
39.327961	9916	0	2582681	2585029
39.335629	9916	0	2582681	2585029
39.343992	9916	0	2582681	2585029
39.354683	9916	0	2582681	2585029
39.365285	9916	0	2582681	2585029
39.371155	9916	0	2582681	2585029
39.378776	9916	0	2582681	2585029
39.387510	9916	0	2582681	2585029
39.395080	9916	0	2582681	2585029
39.402856	9916	0	2582681	2585029
39.417739	9916	0	2582681	2585029
39.425195	9916	0	2582681	2585029
39.430519	9916	0	2582681	2585029
39.437486	9916	0	2582681	2585029
39.443370	9916	0	2582681	2585029
39.449778	9916	0	2582681	2585029
39.455816	9916	0	2582681	2585029
39.461891	9916	0	2582681	2585029
39.471876	9916	0	2582681	2585029
39.486849	9916	0	2582681	2585029
39.492738	9916	0	2582681	2585029
39.503365	9916	0	2582681	2585029
39.517667	9916	0	2582681	2585029
39.530753	9916	0	2582681	2585029
39.539391	9916	0	2582681	2585029
39.546928	9916	0	2582681	2585029
39.554888	9916	0	2582681	2585029
39.565506	9916	0	2582681	2585029
39.580022	9916	0	2582681	2585029
39.590801	9916	0	2582681	2585029
39.602952	9916	0	2582681	2585029
39.609109	9916	0	2582681	2585029
39.622344	9916	0	2582681	2585029
39.637072	9916	0	2582681	2585029
39.649910	9916	0	2582681	2585029
39.657652	9916	0	2582681	2585029
39.668031	9916	0	2582681	2585029
39.674174	9916	0	2582681	2585029
39.681780	9916	0	2582681	2585029
39.691978	9916	0	2582681	2585029
39.698013	9916	0	2582681	2585029
39.707777	9916	0	2582681	2585029
39.722018	9916	0	2582681	2585029
39.730970	9916	0	2582681	2585029
39.737038	9916	0	2582681	2585029
39.751713	9916	0	2582681	2585029
39.760504	9916	0	2582681	2585029
39.770563	9916	0	2582681	2585029
39.783398	9916	0	2582681	2585029
39.790030	9916	0	2582681	2585029
39.798533	9916	0	2582681	2585029
39.807655	9916	0	2582681	2585029
39.815193	9916	0	2582681	2585029
39.822046	9916	0	2582681	2585029
39.836720	9916	0	2582681	2585029
39.846842	9916	0	2582681	2585029
39.860690	9916	0	2582681	2585029
39.870365	9916	0	2582681	2585029
39.883849	9916	0	2582681	2585029
39.895509	9916	0	2582681	2585029
39.909123	9916	0	2582681	2585029
39.922943	9916	0	2582681	2585029
39.931964	9916	0	2582681	2585029
39.938233	9916	0	2582681	2585029
39.947603	9916	0	2582681	2585029
39.958018	9916	0	2582681	2585029
39.967401	9916	0	2582681	2585029
39.978516	9916	0	2582681	2585029
39.984011	9916	0	2582681	2585029
39.994862	9916	0	2582681	2585029
40.010077	9916	0	2582681	2585029
40.018188	9916	0	2582681	2585029
40.032268	9916	0	2582681	2585029
40.045950	9916	0	2582681	2585029
40.055688	9916	0	2582681	2585029
40.070453	9916	0	2582681	2585029
40.084843	9916	0	2582681	2585029
40.097359	9916	0	2582681	2585029
40.105229	9916	0	2582681	2585029
40.118290	9916	0	2582681	2585029
40.131861	9916	0	2582681	2585029
40.146535	9916	0	2582681	2585029
40.155590	9916	0	2582681	2585029
40.162233	9916	0	2582681	2585029
40.176168	9916	0	2582681	2585029
40.184831	9916	0	2582681	2585029
40.199212	9916	0	2582681	2585029
40.207663	9916	0	2582681	2585029
40.217799	9916	0	2582681	2585029
40.224173	9916	0	2582681	2585029
40.239289	9916	0	2582681	2585029
40.248794	9916	0	2582681	2585029
40.261652	9916	0	2582681	2585029
40.267460	9916	0	2582681	2585029
40.274528	9916	0	2582681	2585029
40.288310	9916	0	2582681	2585029
40.294019	9916	0	2582681	2585029
40.300870	9916	0	2582681	2585029
40.313701	9916	0	2582681	2585029
40.326253	9916	0	2582681	2585029
40.335513	9916	0	2582681	2585029
40.348613	9916	0	2582681	2585029
40.354805	9916	0	2582681	2585029
40.363693	9916	0	2582681	2585029
40.377760	9916	0	2582681	2585029
40.389823	9916	0	2582681	2585029
40.403956	9916	0	2582681	2585029
40.414608	9916	0	2582681	2585029
40.424968	9916	0	2582681	2585029
40.436938	9916	0	2582681	2585029
40.445140	9916	0	2582681	2585029
40.458902	9916	0	2582681	2585029
40.471861	9916	0	2582681	2585029
40.482763	9916	0	2582681	2585029
40.491632	9916	0	2582681	2585029
40.497913	9916	0	2582681	2585029
40.512162	9916	0	2582681	2585029
40.519295	9916	0	2582681	2585029
40.532059	9916	0	2582681	2585029
40.546318	9916	0	2582681	2585029
40.555525	9916	0	2582681	2585029
40.564403	9916	0	2582681	2585029
40.578310	9916	0	2582681	2585029
40.588054	9916	0	2582681	2585029
40.597677	9916	0	2582681	2585029
40.612594	9916	0	2582681	2585029
40.617981	9916	0	2582681	2585029
40.626244	9916	0	2582681	2585029
40.638529	9916	0	2582681	2585029
40.645836	9916	0	2582681	2585029
40.653933	9916	0	2582681	2585029
40.661423	9916	0	2582681	2585029
40.672719	9916	0	2582681	2585029
40.681241	9916	0	2582681	2585029
40.687837	9916	0	2582681	2585029
40.701961	9916	0	2582681	2585029
40.715826	9916	0	2582681	2585029
40.724140	9916	0	2582681	2585029
40.736410	9916	0	2582681	2585029
40.749434	9916	0	2582681	2585029
40.756339	9916	0	2582681	2585029
40.767155	9916	0	2582681	2585029
40.780310	9916	0	2582681	2585029
40.793727	9916	0	2582681	2585029
40.805676	9916	0	2582681	2585029
40.816246	9916	0	2582681	2585029
40.828316	9916	0	2582681	2585029
40.843054	9916	0	2582681	2585029
40.850630	9916	0	2582681	2585029
40.862405	9916	0	2582681	2585029
40.868332	9916	0	2582681	2585029
40.879131	9916	0	2582681	2585029
40.891335	9916	0	2582681	2585029
40.899533	9916	0	2582681	2585029
40.907193	9916	0	2582681	2585029
40.918754	9916	0	2582681	2585029
40.925760	9916	0	2582681	2585029
40.940836	9916	0	2582681	2585029
40.950977	9916	0	2582681	2585029
40.956593	9916	0	2582681	2585029
40.962936	9916	0	2582681	2585029
40.975362	9916	0	2582681	2585029
40.989486	9916	0	2582681	2585029
41.003363	9916	0	2582681	2585029
41.016523	9916	0	2582681	2585029
41.030758	9916	0	2582681	2585029
41.039058	9916	0	2582681	2585029
41.046621	9916	0	2582681	2585029
41.054309	9916	0	2582681	2585029
41.064049	9916	0	2582681	2585029
41.069277	9916	0	2582681	2585029
41.077888	9916	0	2582681	2585029
41.087555	9916	0	2582681	2585029
41.098873	9916	0	2582681	2585029
41.110225	9916	0	2582681	2585029
41.117749	9916	0	2582681	2585029
41.125739	9916	0	2582681	2585029
41.133972	9916	0	2582681	2585029
41.146069	9916	0	2582681	2585029
41.160715	9916	0	2582681	2585029
41.171627	9916	0	2582681	2585029
41.184816	9916	0	2582681	2585029
41.194199	9916	0	2582681	2585029
41.205159	9916	0	2582681	2585029
41.213735	9916	0	2582681	2585029
41.226490	9916	0	2582681	2585029
41.237203	9916	0	2582681	2585029
41.249602	9916	0	2582681	2585029
41.261147	9916	0	2582681	2585029
41.268822	9916	0	2582681	2585029
41.278353	9916	0	2582681	2585029
41.291071	9916	0	2582681	2585029
41.303933	9916	0	2582681	2585029
41.315214	9916	0	2582681	2585029
41.327535	9916	0	2582681	2585029
41.342629	9916	0	2582681	2585029
41.352438	9916	0	2582681	2585029
41.360208	9916	0	2582681	2585029
41.368380	9916	0	2582681	2585029
41.373682	9916	0	2582681	2585029
41.381331	9916	0	2582681	2585029
41.387892	9916	0	2582681	2585029
41.394370	9916	0	2582681	2585029
41.399726	9916	0	2582681	2585029
41.413766	9916	0	2582681	2585029
41.425408	9916	0	2582681	2585029
41.436001	9916	0	2582681	2585029
41.451076	9916	0	2582681	2585029
41.460727	9916	0	2582681	2585029
41.467036	9916	0	2582681	2585029
41.478273	9916	0	2582681	2585029
41.486230	9916	0	2582681	2585029
41.497951	9916	0	2582681	2585029
41.506419	9916	0	2582681	2585029
41.514058	9916	0	2582681	2585029
41.519653	9916	0	2582681	2585029
41.530519	9916	0	2582681	2585029
41.543913	9916	0	2582681	2585029
41.553072	9916	0	2582681	2585029
41.563169	9916	0	2582681	2585029
41.574153	9916	0	2582681	2585029
41.580051	9916	0	2582681	2585029
41.588652	9916	0	2582681	2585029
41.601749	9916	0	2582681	2585029
41.611926	9916	0	2582681	2585029
41.620531	9916	0	2582681	2585029
41.629508	9916	0	2582681	2585029
41.635723	9916	0	2582681	2585029
41.644076	9916	0	2582681	2585029
41.650674	9916	0	2582681	2585029
41.658115	9916	0	2582681	2585029
41.665835	9916	0	2582681	2585029
41.679965	9916	0	2582681	2585029
41.694488	9916	0	2582681	2585029
41.705424	9916	0	2582681	2585029
41.713620	9916	0	2582681	2585029
41.727449	9916	0	2582681	2585029
41.742434	9916	0	2582681	2585029
41.750799	9916	0	2582681	2585029
41.760270	9916	0	2582681	2585029
41.768265	9916	0	2582681	2585029
41.780637	9916	0	2582681	2585029
41.786408	9916	0	2582681	2585029
41.796534	9916	0	2582681	2585029
41.804964	9916	0	2582681	2585029
41.819403	9916	0	2582681	2585029
41.827184	9916	0	2582681	2585029
41.833129	9916	0	2582681	2585029
41.843146	9916	0	2582681	2585029
41.852643	9916	0	2582681	2585029
41.863843	9916	0	2582681	2585029
41.875106	9916	0	2582681	2585029
41.886040	9916	0	2582681	2585029
41.896252	9916	0	2582681	2585029
41.904775	9916	0	2582681	2585029
41.916285	9916	0	2582681	2585029
41.931118	9916	0	2582681	2585029
41.938608	9916	0	2582681	2585029
41.946604	9916	0	2582681	2585029
41.960681	9916	0	2582681	2585029
41.972630	9916	0	2582681	2585029
41.979820	9916	0	2582681	2585029
41.986170	9916	0	2582681	2585029
41.997907	9916	0	2582681	2585029
42.011774	9937	2	325875	325854
42.025648	9960	3	367569	367569
42.034855	9975	0	393802	394970
42.042554	9975	0	393802	394970
42.056445	9975	0	393802	394970
42.062312	9975	0	393802	394970
42.073938	9975	0	393802	394970
42.082714	9975	0	393802	394970
42.095336	9975	0	393802	394970
42.110428	9976	3	192068	394970
42.118819	9986	3	213257	213257
42.124169	9993	0	225151	225924
42.137528	10011	2	266171	266171
42.146759	10022	0	292231	294209
42.160469	10041	0	334329	336292
42.174866	10058	3	379288	379288
42.186723	10071	0	416361	417149
42.192204	10079	3	435277	435277
42.203616	10090	0	468876	471205
42.209031	10095	3	487924	478937
42.216516	10105	0	511699	513665
42.231586	10123	2	566298	565555
42.244089	10133	3	604293	604293
42.257494	10146	3	648508	642094
42.265102	10153	0	667026	668195
42.276428	10161	3	701709	701709
42.290790	10174	0	741263	742044
42.304994	10184	2	787923	787120
42.317487	10196	3	824598	823356
42.323552	10198	0	843354	844520
42.332773	10208	0	872403	873186
42.339365	10212	0	883422	885729
42.352732	10212	0	883422	885729
42.364747	10212	0	883422	885729
42.371201	10212	0	883422	885729
42.382069	10212	0	883422	885729
42.389436	10212	0	883422	885729
42.400410	10212	0	883422	885729
42.407897	10212	0	883422	885729
42.416740	10212	0	883422	885729
42.429554	10212	0	883422	885729
42.440337	10212	0	883422	885729
42.448661	10212	0	883422	885729
42.457904	10212	0	883422	885729
42.466478	10212	0	883422	885729
42.474465	10212	0	883422	885729
42.481058	10212	0	883422	885729
42.494720	10212	0	883422	885729
42.509807	10212	0	883422	885729
42.524682	10212	0	883422	885729
42.536283	10212	0	883422	885729
42.543125	10212	0	883422	885729
42.552074	10212	0	883422	885729
42.558791	10212	0	883422	885729
42.570856	10212	0	883422	885729
42.579948	10212	0	883422	885729
42.590389	10217	2	210001	210001
42.598241	10223	2	231339	231339
42.612108	10234	0	273030	274992
42.621340	10241	2	300901	299518
42.630632	10245	0	327569	329126
42.635944	10249	0	338707	341080
42.644701	10257	0	368514	370103
42.658189	10266	2	419342	419342
42.669630	10273	2	459165	436423
42.677631	10279	0	478201	479379
42.684419	10287	2	504782	504782
42.692106	10290	3	530557	530557
42.704930	10302	0	571474	571866
42.711041	10304	2	596610	595448
42.717557	10309	0	607788	608977
42.723398	10314	3	631101	625607
42.728782	10317	0	640068	642026
42.740374	10324	0	681986	683552
42.755370	10332	0	716191	718159
42.768850	10339	0	760472	764000
42.780645	10347	0	793998	795565
42.788541	10352	2	835452	835452
42.797235	10358	0	861897	862289
42.806684	10362	0	871288	873626
42.812948	10366	3	915094	908396
42.825175	10374	2	951879	946854
42.833006	10377	0	956097	956483
42.839280	10382	2	997411	997411
42.852473	10392	0	1036054	1037587
42.863467	10399	3	1078359	1078359
42.871450	10403	0	1104906	1107610
42.878822	10407	0	1121401	1122186
42.891578	10414	0	1172959	1174914
42.905713	10422	0	1202819	1204752
42.914370	10429	0	1250276	1252626
42.924056	10437	2	1289228	1289228
42.929933	10437	0	1289228	1291157
42.938820	10442	2	1339958	1337223
42.948951	10449	0	1373013	1373796
42.962334	10451	0	1376640	1379341
42.968690	10451	0	1376640	1379341
42.977770	10451	0	1376640	1379341
42.984879	10451	0	1376640	1379341
42.990258	10451	0	1376640	1379341
43.000127	10451	0	1376640	1379341
43.015041	10451	0	1376640	1379341
43.025391	10451	0	1376640	1379341
43.037805	10451	0	1376640	1379341
43.045285	10451	0	1376640	1379341
43.059823	10451	0	1376640	1379341
43.066217	10451	0	1376640	1379341
43.077064	10451	0	1376640	1379341
43.082608	10451	0	1376640	1379341
43.087988	10451	0	1376640	1379341
43.096997	10451	0	1376640	1379341
43.103993	10451	0	1376640	1379341
43.118293	10451	0	1376640	1379341
43.129218	10451	0	1376640	1379341
43.142709	10451	0	1376640	1379341
43.151196	10451	0	1376640	1379341
43.163044	10451	0	1376640	1379341
43.176229	10451	0	1376640	1379341
43.189660	10451	0	1376640	1379341
43.199281	10451	0	1376640	1379341
43.209023	10451	0	1376640	1379341
43.218800	10451	0	1376640	1379341
43.233450	10451	0	1376640	1379341
43.244730	10451	0	1376640	1379341
43.256791	10451	0	1376640	1379341
43.264388	10451	0	1376640	1379341
43.275223	10451	0	1376640	1379341
43.286307	10451	0	1376640	1379341
43.299354	10451	0	1376640	1379341
43.307621	10451	0	1376640	1379341
43.318788	10451	0	1376640	1379341
43.326130	10451	0	1376640	1379341
43.340179	10451	0	1376640	1379341
43.350796	10451	0	1376640	1379341
43.359434	10451	0	1376640	1379341
43.369511	10451	0	1376640	1379341
43.382705	10458	3	229010	229010
43.397054	10466	0	268594	268988
43.410489	10471	3	317541	317541
43.415804	10473	0	324054	325214
43.426922	10481	0	360699	362280
43.432609	10481	0	360699	362280
43.439856	10485	2	408193	402717
43.454242	10492	0	438877	440817
43.466171	10496	0	455940	457901
43.475859	10502	2	507812	505516
43.481765	10503	0	510958	512530
43.487421	10507	0	535627	536810
43.496778	10511	0	554590	555377
43.507641	10512	2	593769	555377
43.518203	10517	0	612863	614039
43.528797	10524	3	650422	648165
43.541937	10525	0	652393	653953
43.551009	10529	2	703070	694763
43.562702	10532	0	712875	715217
43.568160	10535	2	740409	737508
43.581527	10540	0	756751	758312
43.587891	10540	0	756751	758312
43.600329	10547	0	814616	816164
43.605833	10549	0	832019	833201
43.619368	10555	0	858805	860775
43.625910	10555	0	858805	860775
43.634886	10558	0	902825	905162
43.645191	10562	0	923396	924951
43.655960	10570	0	967075	969047
43.670347	10571	0	1008340	1010312
43.684721	10577	0	1031887	1033452
43.698256	10585	0	1081144	1081924
43.712601	10586	0	1124582	1128483
43.727481	10596	0	1169152	1170713
43.735899	10600	0	1188172	1188963
43.748970	10603	0	1239365	1240167
43.754444	10607	0	1252697	1253480
43.767478	10613	0	1288477	1290033
43.772988	10615	0	1295285	1297247
43.782458	10615	0	1295285	1297247
43.789611	10618	0	1343500	1344285
43.795467	10622	0	1355934	1357492
43.807384	10626	2	1396462	1386926
43.813331	10629	0	1406578	1407347
43.826041	10631	2	1456529	1454006
43.836229	10636	3	1491424	1474542
43.842601	10641	0	1511656	1512439
43.854547	10643	0	1518819	1520381
43.868842	10651	3	1609509	1588074
43.874772	10654	0	1618982	1621656
43.887799	10658	0	1639312	1640098
43.897065	10661	0	1693654	1694825
43.904918	10665	0	1708341	1709514
43.911940	10669	0	1734489	1736418
43.925899	10673	0	1757381	1758927
43.933795	10676	0	1812471	1814397
43.939973	10680	0	1826750	1828304
43.946221	10683	2	1853278	1849677
43.953087	10688	2	1878621	1878621
43.965572	10688	0	1878621	1880187
43.980570	10688	0	1878621	1880187
43.994269	10688	0	1878621	1880187
44.000051	10688	0	1878621	1880187
44.009629	10688	0	1878621	1880187
44.018388	10688	0	1878621	1880187
44.033523	10688	0	1878621	1880187
44.042995	10688	0	1878621	1880187
44.052762	10688	0	1878621	1880187
44.066452	10688	0	1878621	1880187
44.081037	10688	0	1878621	1880187
44.086323	10688	0	1878621	1880187
44.093373	10688	0	1878621	1880187
44.104923	10688	0	1878621	1880187
44.116454	10688	0	1878621	1880187
44.124308	10688	0	1878621	1880187
44.132205	10688	0	1878621	1880187
44.144714	10688	0	1878621	1880187
44.155648	10688	0	1878621	1880187
44.168411	10688	0	1878621	1880187
44.177461	10688	0	1878621	1880187
44.183970	10688	0	1878621	1880187
44.189513	10688	0	1878621	1880187
44.198465	10688	0	1878621	1880187
44.213035	10688	0	1878621	1880187
44.224032	10688	0	1878621	1880187
44.231743	10688	0	1878621	1880187
44.238959	10688	0	1878621	1880187
44.246639	10688	0	1878621	1880187
44.257314	10688	0	1878621	1880187
44.268255	10688	0	1878621	1880187
44.280971	10688	0	1878621	1880187
44.292852	10688	0	1878621	1880187
44.298896	10688	0	1878621	1880187
44.306016	10688	0	1878621	1880187
44.320566	10688	0	1878621	1880187
44.332709	10688	0	1878621	1880187
44.341533	10688	0	1878621	1880187
44.348524	10688	0	1878621	1880187
44.359850	10688	0	1878621	1880187
44.367137	10688	0	1878621	1880187
44.376349	10688	0	1878621	1880187
44.386677	10688	0	1878621	1880187
44.394202	10688	0	1878621	1880187
44.407954	10688	0	1878621	1880187
44.414218	10688	0	1878621	1880187
44.422083	10688	0	1878621	1880187
44.436395	10688	0	1878621	1880187
44.450723	10688	0	1878621	1880187
44.459590	10688	0	1878621	1880187
44.470903	10688	0	1878621	1880187
44.478279	10688	0	1878621	1880187
44.485247	10688	0	1878621	1880187
44.492262	10688	0	1878621	1880187
44.498323	10688	0	1878621	1880187
44.507460	10688	0	1878621	1880187
44.518241	10688	0	1878621	1880187
44.526084	10688	0	1878621	1880187
44.539237	10688	0	1878621	1880187
44.553214	10689	3	218292	1880187
44.561283	10691	0	227956	230309
44.570983	10695	0	248003	248788
44.582269	10703	0	295325	296112
44.587896	10703	0	295325	296112
44.594790	10706	0	340871	342450
44.604937	10710	0	351740	352913
44.612160	10714	0	385871	388644
44.627199	10718	0	413546	414711
44.640894	10721	0	471992	474346
44.648993	10725	0	494375	497126
44.662485	10731	0	541837	543028
44.675309	10733	0	547001	548164
44.684804	10735	2	602920	599655
44.696004	10740	0	620437	620833
44.701380	10744	0	650298	652653
44.712611	10748	0	675293	675689
44.720185	10748	0	675293	675689
44.727667	10751	0	725412	726953
44.739396	10755	0	746528	748501
44.753129	10762	3	806961	803589
44.763965	10763	0	807749	810111
44.774969	10765	2	869778	866622
44.782692	10770	0	892582	895325
44.795822	10776	2	937301	937301
44.809206	10778	0	943200	945163
44.817644	10781	3	1003353	1003353
44.823607	10784	2	1024209	1019561
44.829273	10785	0	1026543	1029258
44.837218	10789	0	1064606	1066172
44.845944	10793	0	1082078	1083642
44.853737	10793	0	1082078	1083642
44.867624	10800	0	1158160	1158554
44.882816	10806	0	1210277	1211453
44.890348	10808	0	1217974	1219548
44.896608	10808	0	1217974	1219548
44.903099	10809	0	1275576	1277502
44.916488	10815	0	1301029	1301797
44.923244	10819	0	1334484	1336049
44.933178	10823	0	1358666	1360984
44.940192	10823	0	1358666	1360984
44.945595	10823	0	1358666	1360984
44.956764	10828	0	1444427	1445598
44.970812	10834	0	1486317	1487099
44.985982	10838	0	1506163	1507732
44.994323	10841	0	1568164	1570116
45.006491	10845	0	1593244	1594423
45.015526	10850	0	1638350	1640683
45.026648	10852	0	1646341	1647891
45.034221	10853	2	1703934	1647891
45.040493	10857	0	1720949	1722125
45.055365	10863	0	1763607	1764391
45.066765	10867	0	1788480	1790022
45.079175	10870	2	1857276	1857276
45.088194	10874	0	1878303	1880247
45.099091	10878	0	1918711	1921425
45.106939	10882	0	1941030	1941806
45.116612	10882	0	1941030	1941806
45.129143	10885	0	2005931	2007096
45.140910	10889	0	2028806	2031123
45.152332	10897	0	2089023	2090570
45.159484	10897	0	2089023	2090570
45.165323	10897	0	2089023	2090570
45.179131	10904	0	2178079	2181569
45.193178	10910	2	2229245	2229245
45.199684	10912	0	2236189	2238149
45.205671	10912	0	2236189	2238149
45.212563	10912	0	2236189	2238149
45.223410	10916	3	2326067	2311027
45.233325	10919	0	2337154	2339102
45.241660	10925	0	2383851	2384615
45.254854	10927	0	2389108	2391041
45.261304	10927	0	2389108	2391041
45.268975	10927	0	2389108	2391041
45.277338	10927	0	2389108	2391041
45.285731	10927	0	2389108	2391041
45.295291	10927	0	2389108	2391041
45.304611	10927	0	2389108	2391041
45.309863	10927	0	2389108	2391041
45.320631	10927	0	2389108	2391041
45.335666	10927	0	2389108	2391041
45.347773	10927	0	2389108	2391041
45.357744	10927	0	2389108	2391041
45.370816	10927	0	2389108	2391041
45.381705	10927	0	2389108	2391041
45.393916	10927	0	2389108	2391041
45.402680	10927	0	2389108	2391041
45.411118	10927	0	2389108	2391041
45.421038	10927	0	2389108	2391041
45.434371	10927	0	2389108	2391041
45.447913	10927	0	2389108	2391041
45.454069	10927	0	2389108	2391041
45.460760	10927	0	2389108	2391041
45.468659	10927	0	2389108	2391041
45.480337	10927	0	2389108	2391041
45.494689	10927	0	2389108	2391041
45.509497	10927	0	2389108	2391041
45.518384	10927	0	2389108	2391041
45.533459	10927	0	2389108	2391041
45.547330	10927	0	2389108	2391041
45.562260	10927	0	2389108	2391041
45.574693	10927	0	2389108	2391041
45.585829	10927	0	2389108	2391041
45.593525	10927	0	2389108	2391041
45.601020	10927	0	2389108	2391041
45.611291	10927	0	2389108	2391041
45.617306	10927	0	2389108	2391041
45.624673	10927	0	2389108	2391041
45.632470	10927	0	2389108	2391041
45.643526	10927	0	2389108	2391041
45.651957	10927	0	2389108	2391041
45.662352	10927	0	2389108	2391041
45.670193	10927	0	2389108	2391041
45.684278	10927	0	2389108	2391041
45.694635	10927	0	2389108	2391041
45.703590	10927	0	2389108	2391041
45.712551	10927	0	2389108	2391041
45.725470	10927	0	2389108	2391041
45.735354	10927	0	2389108	2391041
45.748591	10927	0	2389108	2391041
45.757325	10927	0	2389108	2391041
45.762896	10927	0	2389108	2391041
45.769373	10927	0	2389108	2391041
45.782799	10927	0	2389108	2391041
45.793332	10927	0	2389108	2391041
45.808403	10927	0	2389108	2391041
45.817488	10927	0	2389108	2391041
45.829385	10927	0	2389108	2391041
45.836635	10927	0	2389108	2391041
45.844990	10927	0	2389108	2391041
45.858349	10927	0	2389108	2391041
45.865608	10927	0	2389108	2391041
45.875110	10927	0	2389108	2391041
45.883506	10927	0	2389108	2391041
45.893852	10927	0	2389108	2391041
45.908687	10927	0	2389108	2391041
45.917886	10927	0	2389108	2391041
45.923213	10927	0	2389108	2391041
45.934254	10927	0	2389108	2391041
45.948815	10927	0	2389108	2391041
45.960618	10927	0	2389108	2391041
45.971568	10927	0	2389108	2391041
45.980576	10927	0	2389108	2391041
45.988274	10927	0	2389108	2391041
46.000281	10927	0	2389108	2391041
46.013201	10927	0	2389108	2391041
46.021243	10927	0	2389108	2391041
46.034913	10930	0	232643	234227
46.042147	10932	0	248567	248955
46.047453	10934	0	255043	256224
46.058963	10938	2	291325	291325
46.064847	10940	0	306421	308379
46.078733	10942	0	314466	316044
46.089387	10945	2	386724	386724
46.098699	10949	3	413388	413388
46.110569	10949	0	413388	414950
46.117379	10953	0	453938	455892
46.126543	10957	0	474648	476241
46.132486	10957	0	474648	476241
46.141734	10957	0	474648	476241
46.152997	10962	2	555433	555433
46.159095	10964	0	562125	563304
46.167430	10966	0	594248	595418
46.174788	10968	0	604572	606538
46.181382	10972	0	633879	635058
46.186604	10972	0	633879	635058
46.196214	10972	0	633879	635058
46.204471	10973	3	701132	635058
46.218305	10979	0	732662	734234
46.224450	10979	0	732662	734234
46.232173	10982	3	771668	768011
46.237751	10984	3	786785	773641
46.247133	10987	0	796832	799590
46.254010	10987	0	796832	799590
46.260610	10987	0	796832	799590
46.265985	10987	0	796832	799590
46.274694	10990	0	880232	881025
46.286483	10994	0	908109	909655
46.293281	10996	0	939542	940329
46.300974	11002	0	965558	966691
46.309310	11002	0	965558	966691
46.323133	11002	0	965558	966691
46.336660	11009	0	1064576	1066140
46.347452	11011	0	1096413	1097974
46.357966	11017	0	1129630	1130767
46.364021	11017	0	1129630	1130767
46.371069	11017	0	1129630	1130767
46.385194	11020	0	1209397	1211753
46.398589	11024	0	1233827	1234217
46.406275	11028	0	1273998	1275566
46.420670	11032	0	1300248	1301019
46.429155	11032	0	1300248	1301019
46.441903	11039	0	1392138	1392913
46.448280	11041	3	1425923	1425923
46.455875	11043	0	1436356	1439448
46.467395	11047	0	1468979	1469752
46.476581	11047	0	1468979	1469752
46.483724	11048	0	1540941	1542894
46.490429	11052	0	1564403	1565175
46.496856	11054	0	1569906	1571461
46.505119	11058	0	1613099	1614665
46.515468	11062	0	1640133	1642480
46.522179	11062	0	1640133	1642480
46.529753	11062	0	1640133	1642480
46.536296	11065	0	1712868	1713642
46.542253	11068	2	1737713	1731008
46.553997	11069	0	1739241	1741995
46.568632	11077	0	1821284	1822455
46.581297	11077	0	1821284	1822455
46.589088	11078	0	1895546	1897864
46.598149	11084	0	1929410	1930953
46.612354	11088	2	1976957	1976957
46.626051	11092	0	2003768	2005707
46.632842	11092	0	2003768	2005707
46.638554	11092	0	2003768	2005707
46.653679	11099	0	2115235	2116396
46.661988	11099	0	2115235	2116396
46.667208	11103	0	2160541	2162499
46.673956	11107	0	2182493	2184049
46.685409	11107	0	2182493	2184049
46.699816	11110	0	2258775	2259558
46.709872	11114	0	2284700	2286656
46.721094	11118	0	2335748	2336919
46.733408	11122	0	2362363	2363922
46.746702	11122	0	2362363	2363922
46.752401	11123	0	2438027	2439575
46.763592	11129	0	2465667	2467627
46.776809	11133	0	2514822	2516370
46.791315	11137	0	2542956	2544120
46.800607	11137	0	2542956	2544120
46.807779	11138	0	2621364	2622535
46.820822	11144	0	2651516	2653467
46.828527	11144	0	2651516	2653467
46.842906	11152	0	2728275	2729447
46.854781	11152	0	2728275	2729447
46.862503	11152	0	2728275	2729447
46.873963	11155	0	2817482	2820565
46.880652	11159	0	2841025	2842184
46.891733	11163	0	2884163	2885348
46.905934	11167	0	2911976	2913543
46.912989	11167	0	2911976	2913543
46.923285	11167	0	2911976	2913543
46.936197	11167	0	2911976	2913543
46.948924	11167	0	2911976	2913543
46.961523	11167	0	2911976	2913543
46.975254	11167	0	2911976	2913543
46.989293	11167	0	2911976	2913543
47.003286	11167	0	2911976	2913543
47.015055	11167	0	2911976	2913543
47.028549	11167	0	2911976	2913543
47.037419	11167	0	2911976	2913543
47.045923	11167	0	2911976	2913543
47.054842	11167	0	2911976	2913543
47.068799	11167	0	2911976	2913543
47.082528	11167	0	2911976	2913543
47.094077	11167	0	2911976	2913543
47.101586	11167	0	2911976	2913543
47.106868	11167	0	2911976	2913543
47.114310	11167	0	2911976	2913543
47.122862	11167	0	2911976	2913543
47.135549	11167	0	2911976	2913543
47.146219	11167	0	2911976	2913543
47.155674	11167	0	2911976	2913543
47.169696	11167	0	2911976	2913543
47.182718	11167	0	2911976	2913543
47.190113	11167	0	2911976	2913543
47.202843	11167	0	2911976	2913543
47.210351	11167	0	2911976	2913543
47.216746	11167	0	2911976	2913543
47.224217	11167	0	2911976	2913543
47.232870	11167	0	2911976	2913543
47.243224	11167	0	2911976	2913543
47.249234	11167	0	2911976	2913543
47.257118	11167	0	2911976	2913543
47.271305	11167	0	2911976	2913543
47.279940	11167	0	2911976	2913543
47.289540	11167	0	2911976	2913543
47.300018	11167	0	2911976	2913543
47.308604	11167	0	2911976	2913543
47.317365	11167	0	2911976	2913543
47.323555	11167	0	2911976	2913543
47.330285	11167	0	2911976	2913543
47.342724	11167	0	2911976	2913543
47.357099	11167	0	2911976	2913543
47.366135	11167	0	2911976	2913543
47.372683	11167	0	2911976	2913543
47.381306	11167	0	2911976	2913543
47.390511	11167	0	2911976	2913543
47.403652	11167	0	2911976	2913543
47.411809	11167	0	2911976	2913543
47.418206	11167	0	2911976	2913543
47.426319	11167	0	2911976	2913543
47.436507	11167	0	2911976	2913543
47.450182	11167	0	2911976	2913543
47.460322	11167	0	2911976	2913543
47.470402	11167	0	2911976	2913543
47.478708	11167	0	2911976	2913543
47.490512	11167	0	2911976	2913543
47.505290	11167	0	2911976	2913543
47.514265	11167	0	2911976	2913543
47.521551	11167	0	2911976	2913543
47.531791	11167	0	2911976	2913543
47.539548	11167	0	2911976	2913543
47.551190	11167	0	2911976	2913543
47.564535	11167	0	2911976	2913543
47.571696	11167	0	2911976	2913543
47.577878	11167	0	2911976	2913543
47.584863	11167	0	2911976	2913543
47.593178	11167	0	2911976	2913543
47.605419	11167	0	2911976	2913543
47.614627	11167	0	2911976	2913543
47.620356	11167	0	2911976	2913543
47.627536	11167	0	2911976	2913543
47.640944	11167	0	2911976	2913543
47.652665	11167	0	2911976	2913543
47.663662	11167	0	2911976	2913543
47.678570	11167	0	2911976	2913543
47.692020	11167	0	2911976	2913543
47.698680	11167	0	2911976	2913543
47.709735	11167	0	2911976	2913543
47.719611	11167	0	2911976	2913543
47.734475	11167	0	2911976	2913543
47.745026	11167	0	2911976	2913543
47.753764	11167	0	2911976	2913543
47.766722	11167	0	2911976	2913543
47.776612	11167	0	2911976	2913543
47.787485	11167	0	2911976	2913543
47.794633	11167	0	2911976	2913543
47.804966	11167	0	2911976	2913543
47.818779	11167	0	2911976	2913543
47.830812	11167	0	2911976	2913543
47.840082	11167	0	2911976	2913543
47.849792	11167	0	2911976	2913543
47.859970	11167	0	2911976	2913543
47.870747	11167	0	2911976	2913543
47.878374	11167	0	2911976	2913543
47.884013	11167	0	2911976	2913543
47.894421	11170	0	244529	246507
47.900504	11173	3	271380	265989
47.911303	11174	0	272947	275318
47.926226	11180	0	337042	338616
47.932681	11182	0	343394	344963
47.947584	11182	0	343394	344963
47.962287	11185	0	424921	426100
47.974992	11189	0	464084	464873
47.985898	11189	0	464084	464873
48.000926	11196	3	530481	530481
48.007947	11196	0	530481	531259
48.021678	11196	0	530481	531259
48.032209	11196	0	530481	531259
48.045514	11199	0	621165	623927
48.052267	11201	0	643834	644230
48.063640	11203	0	652011	654682
48.070524	11205	0	694993	696171
48.083397	11211	0	723714	725297
48.098298	11211	0	723714	725297
48.112209	11211	0	723714	725297
48.120288	11214	0	813136	813925
48.130748	11216	0	830583	832162
48.138061	11218	0	839922	842591
48.152965	11222	0	884778	886345
48.164490	11225	0	906805	909157
48.173685	11225	0	906805	909157
48.184406	11225	0	906805	909157
48.192627	11228	0	1003998	1005583
48.199685	11230	0	1030558	1032132
48.213410	11232	0	1041152	1041938
48.219930	11234	0	1080518	1081711
48.230610	11238	0	1106087	1108703
48.244111	11239	0	1111871	1112654
48.257501	11239	0	1111871	1112654
48.265125	11242	0	1194477	1196050
48.277097	11245	2	1227146	1218684
48.290466	11246	0	1230695	1232261
48.300964	11250	0	1281703	1282863
48.307571	11254	0	1307464	1309021
48.316672	11254	0	1307464	1309021
48.322976	11254	0	1307464	1309021
48.329803	11254	0	1307464	1309021
48.340585	11257	0	1394211	1395400
48.347708	11260	2	1422313	1414733
48.362077	11261	0	1425440	1427384
48.367757	11263	0	1473462	1475036
48.379995	11269	0	1511590	1513152
48.388766	11269	0	1511590	1513152
48.398319	11269	0	1511590	1513152
48.403693	11270	0	1590120	1590901
48.409895	11274	2	1612499	1612499
48.421011	11276	0	1621764	1623341
48.428306	11276	0	1621764	1623341
48.439161	11280	0	1682350	1685101
48.452148	11284	0	1714932	1716103
48.462999	11284	0	1714932	1716103
48.472887	11284	0	1714932	1716103
48.484159	11289	3	1831545	1831545
48.491969	11291	0	1844739	1846689
48.504568	11295	0	1893871	1895823
48.510101	11297	3	1912828	1912828
48.524891	11299	0	1921100	1922276
48.536250	11299	0	1921100	1922276
48.548959	11302	0	2011445	2014952
48.560593	11306	0	2044716	2045505
48.573804	11310	0	2099420	2100191
48.584447	11314	0	2125439	2126224
48.591143	11314	0	2125439	2126224
48.603250	11315	3	2208101	2126224
48.608506	11317	0	2212700	2213469
48.623138	11321	0	2245598	2246769
48.635980	11325	0	2297491	2299417
48.647765	11329	0	2328136	2329676
48.653576	11329	0	2328136	2329676
48.664437	11329	0	2328136	2329676
48.672555	11332	0	2421792	2424862
48.686401	11336	0	2451670	2452062
48.697689	11340	0	2502448	2503225
48.709912	11344	0	2534259	2536607
48.719583	11344	0	2534259	2536607
48.732071	11345	0	2630025	2631205
48.742444	11351	0	2665142	2667485
48.752043	11351	0	2665142	2667485
48.757633	11352	2	2710989	2667485
48.769988	11359	0	2746403	2748350
48.778535	11359	0	2746403	2748350
48.792287	11359	0	2746403	2748350
48.805143	11362	0	2855026	2856184
48.814022	11366	0	2890767	2892726
48.829041	11370	2	2943228	2943228
48.836021	11374	0	2963219	2964009
48.848779	11374	0	2963219	2964009
48.854006	11374	0	2963219	2964009
48.865003	11374	0	2963219	2964009
48.879842	11379	3	3080946	3075513
48.893837	11379	0	3080946	3081733
48.901612	11382	0	3125541	3127496
48.914435	11383	3	3144980	3127496
48.923575	11385	0	3155874	3157050
48.930854	11385	0	3155874	3157050
48.943223	11385	0	3155874	3157050
48.956546	11385	0	3155874	3157050
48.963339	11385	0	3155874	3157050
48.971748	11385	0	3155874	3157050
48.978838	11386	0	3246394	3248739
48.989328	11387	0	3251078	3251472
48.996549	11387	0	3251078	3251472
49.004756	11387	0	3251078	3251472
49.017416	11390	3	3272527	3268634
49.023774	11390	0	3272527	3275254
49.038626	11390	0	3272527	3275254
49.052234	11390	0	3272527	3275254
49.063780	11391	3	3313187	3275254
49.077949	11392	0	3315136	3317093
49.091710	11393	0	3320973	3323315
49.098340	11393	0	3320973	3323315
49.105014	11394	3	3337686	3323315
49.114775	11396	3	3342379	3340040
49.126435	11396	0	3342379	3345879
49.135779	11396	0	3342379	3345879
49.150312	11396	0	3342379	3345879
49.161970	11396	0	3342379	3345879
49.170237	11396	0	3342379	3345879
49.176741	11396	0	3342379	3345879
49.190152	11396	0	3342379	3345879
49.197265	11396	0	3342379	3345879
49.210698	11396	0	3342379	3345879
49.223314	11396	0	3342379	3345879
49.231611	11396	0	3342379	3345879
49.241193	11396	0	3342379	3345879
49.249895	11396	0	3342379	3345879
49.263278	11396	0	3342379	3345879
49.271557	11396	0	3342379	3345879
49.284848	11396	0	3342379	3345879
49.292629	11396	0	3342379	3345879
49.299175	11396	0	3342379	3345879
49.313736	11396	0	3342379	3345879
49.323007	11396	0	3342379	3345879
49.332986	11396	0	3342379	3345879
49.344781	11396	0	3342379	3345879
49.350968	11396	0	3342379	3345879
49.365577	11396	0	3342379	3345879
49.376051	11396	0	3342379	3345879
49.384560	11396	0	3342379	3345879
49.392081	11396	0	3342379	3345879
49.399661	11396	0	3342379	3345879
49.408599	11396	0	3342379	3345879
49.419903	11396	0	3342379	3345879
49.425903	11396	0	3342379	3345879
49.436985	11396	0	3342379	3345879
49.450704	11396	0	3342379	3345879
49.461813	11396	0	3342379	3345879
49.474435	11396	0	3342379	3345879
49.479842	11396	0	3342379	3345879
49.489784	11396	0	3342379	3345879
49.500474	11396	0	3342379	3345879
49.514198	11396	0	3342379	3345879
49.524709	11396	0	3342379	3345879
49.537499	11396	0	3342379	3345879
49.546431	11396	0	3342379	3345879
49.551999	11396	0	3342379	3345879
49.566603	11396	0	3342379	3345879
49.576721	11396	0	3342379	3345879
49.583103	11396	0	3342379	3345879
49.595452	11396	0	3342379	3345879
49.603114	11396	0	3342379	3345879
49.612508	11396	0	3342379	3345879
49.625514	11396	0	3342379	3345879
49.636887	11396	0	3342379	3345879
49.643752	11396	0	3342379	3345879
49.657989	11396	0	3342379	3345879
49.671671	11396	0	3342379	3345879
49.684845	11396	0	3342379	3345879
49.699310	11396	0	3342379	3345879
49.708201	11396	0	3342379	3345879
49.717755	11396	0	3342379	3345879
49.731102	11396	0	3342379	3345879
49.741927	11396	0	3342379	3345879
49.751087	11396	0	3342379	3345879
49.757483	11396	0	3342379	3345879
49.766155	11396	0	3342379	3345879
49.772867	11396	0	3342379	3345879
49.786691	11396	0	3342379	3345879
49.796397	11396	0	3342379	3345879
49.807518	11396	0	3342379	3345879
49.821015	11396	0	3342379	3345879
49.828593	11396	0	3342379	3345879
49.834455	11396	0	3342379	3345879
49.840572	11396	0	3342379	3345879
49.851187	11396	0	3342379	3345879
49.858804	11396	0	3342379	3345879
49.869677	11396	0	3342379	3345879
49.879474	11396	0	3342379	3345879
49.892043	11396	0	3342379	3345879
49.899649	11396	0	3342379	3345879
49.908032	11396	0	3342379	3345879
49.914876	11396	0	3342379	3345879
49.921159	11396	0	3342379	3345879
49.928919	11396	0	3342379	3345879
49.941074	11396	0	3342379	3345879
49.947208	11396	0	3342379	3345879
49.961955	11396	0	3342379	3345879
49.975809	11396	0	3342379	3345879
49.985910	11396	0	3342379	3345879
49.997279	11396	0	3342379	3345879
50.005621	11396	0	3342379	3345879
50.018237	11396	0	3342379	3345879
50.032057	11396	0	3342379	3345879
50.045752	11396	0	3342379	3345879
50.058059	11396	0	3342379	3345879
50.072962	11396	0	3342379	3345879
50.078438	11396	0	3342379	3345879
50.085967	11396	0	3342379	3345879
50.095478	11396	0	3342379	3345879
50.109990	11396	0	3342379	3345879
50.117535	11396	0	3342379	3345879
50.124492	11396	0	3342379	3345879
50.138164	11396	0	3342379	3345879
50.150622	11396	0	3342379	3345879
50.163463	11396	0	3342379	3345879
50.174386	11396	0	3342379	3345879
50.185187	11396	0	3342379	3345879
50.195132	11396	0	3342379	3345879
50.204349	11396	0	3342379	3345879
50.213006	11396	0	3342379	3345879
50.225195	11396	0	3342379	3345879
50.238239	11396	0	3342379	3345879
50.250066	11396	0	3342379	3345879
50.256076	11396	0	3342379	3345879
50.269502	11396	0	3342379	3345879
50.281337	11396	0	3342379	3345879
50.286520	11396	0	3342379	3345879
50.299857	11396	0	3342379	3345879
50.310523	11396	0	3342379	3345879
50.323578	11396	0	3342379	3345879
50.338742	11396	0	3342379	3345879
50.350342	11396	0	3342379	3345879
50.361059	11396	0	3342379	3345879
50.369413	11396	0	3342379	3345879
50.376853	11396	0	3342379	3345879
50.391128	11396	0	3342379	3345879
50.405867	11396	0	3342379	3345879
50.415010	11396	0	3342379	3345879
50.430015	11396	0	3342379	3345879
50.440082	11396	0	3342379	3345879
50.452982	11396	0	3342379	3345879
50.459028	11396	0	3342379	3345879
50.473914	11396	0	3342379	3345879
50.481324	11396	0	3342379	3345879
50.496147	11396	0	3342379	3345879
50.503936	11396	0	3342379	3345879
50.517567	11396	0	3342379	3345879
50.525138	11396	0	3342379	3345879
50.533499	11396	0	3342379	3345879
50.545683	11396	0	3342379	3345879
50.555757	11396	0	3342379	3345879
50.561604	11396	0	3342379	3345879
50.575785	11396	0	3342379	3345879
50.581193	11396	0	3342379	3345879
50.590298	11396	0	3342379	3345879
50.596373	11396	0	3342379	3345879
50.610297	11396	0	3342379	3345879
50.617180	11396	0	3342379	3345879
50.625527	11396	0	3342379	3345879
50.631351	11396	0	3342379	3345879
50.645475	11396	0	3342379	3345879
50.652756	11396	0	3342379	3345879
50.664510	11396	0	3342379	3345879
50.674117	11396	0	3342379	3345879
50.686274	11396	0	3342379	3345879
50.693343	11396	0	3342379	3345879
50.707918	11396	0	3342379	3345879
50.719429	11396	0	3342379	3345879
50.726238	11396	0	3342379	3345879
50.735946	11396	0	3342379	3345879
50.744038	11396	0	3342379	3345879
50.757482	11396	0	3342379	3345879
50.763099	11396	0	3342379	3345879
50.771869	11396	0	3342379	3345879
50.785035	11396	0	3342379	3345879
50.794261	11396	0	3342379	3345879
50.802255	11396	0	3342379	3345879
50.807994	11396	0	3342379	3345879
50.818028	11396	0	3342379	3345879
50.828523	11396	0	3342379	3345879
50.834362	11396	0	3342379	3345879
50.847291	11396	0	3342379	3345879
50.855894	11396	0	3342379	3345879
50.870318	11396	0	3342379	3345879
50.882524	11396	0	3342379	3345879
50.896419	11396	0	3342379	3345879
50.906372	11396	0	3342379	3345879
50.912576	11396	0	3342379	3345879
50.923907	11396	0	3342379	3345879
50.930942	11396	0	3342379	3345879
50.938456	11396	0	3342379	3345879
50.944069	11396	0	3342379	3345879
50.958115	11396	0	3342379	3345879
50.970860	11396	0	3342379	3345879
50.977723	11396	0	3342379	3345879
50.986700	11396	0	3342379	3345879
50.996946	11396	0	3342379	3345879
51.012151	11396	0	3342379	3345879
51.017768	11396	0	3342379	3345879
51.027944	11396	0	3342379	3345879
51.038510	11396	0	3342379	3345879
51.050287	11396	0	3342379	3345879
51.062752	11396	0	3342379	3345879
51.068748	11396	0	3342379	3345879
51.075360	11396	0	3342379	3345879
51.087219	11396	0	3342379	3345879
51.099984	11396	0	3342379	3345879
51.105785	11396	0	3342379	3345879
51.115023	11396	0	3342379	3345879
51.121804	11396	0	3342379	3345879
51.136397	11396	0	3342379	3345879
51.150312	11396	0	3342379	3345879
51.159188	11396	0	3342379	3345879
51.167241	11396	0	3342379	3345879
51.178593	11396	0	3342379	3345879
51.186618	11396	0	3342379	3345879
51.198007	11396	0	3342379	3345879
51.207611	11396	0	3342379	3345879
51.212892	11396	0	3342379	3345879
51.223631	11396	0	3342379	3345879
51.230965	11396	0	3342379	3345879
51.243729	11396	0	3342379	3345879
51.257296	11396	0	3342379	3345879
51.266808	11396	0	3342379	3345879
51.274729	11396	0	3342379	3345879
51.287964	11396	0	3342379	3345879
51.300461	11396	0	3342379	3345879
51.306702	11396	0	3342379	3345879
51.316278	11396	0	3342379	3345879
51.330447	11396	0	3342379	3345879
51.345026	11396	0	3342379	3345879
51.352144	11396	0	3342379	3345879
51.357807	11396	0	3342379	3345879
51.372896	11396	0	3342379	3345879
51.380579	11396	0	3342379	3345879
51.394334	11396	0	3342379	3345879
51.408163	11396	0	3342379	3345879
51.419654	11396	0	3342379	3345879
51.432412	11396	0	3342379	3345879
51.444824	11396	0	3342379	3345879
51.453526	11396	0	3342379	3345879
51.461984	11396	0	3342379	3345879
51.467989	11396	0	3342379	3345879
51.480630	11396	0	3342379	3345879
51.489744	11396	0	3342379	3345879
51.501038	11396	0	3342379	3345879
51.513651	11396	0	3342379	3345879
51.523285	11396	0	3342379	3345879
51.535861	11396	0	3342379	3345879
51.547778	11396	0	3342379	3345879
51.559108	11396	0	3342379	3345879
51.567818	11396	0	3342379	3345879
51.578402	11396	0	3342379	3345879
51.593055	11396	0	3342379	3345879
51.598869	11396	0	3342379	3345879
51.608788	11396	0	3342379	3345879
51.620775	11396	0	3342379	3345879
51.628748	11396	0	3342379	3345879
51.641473	11396	0	3342379	3345879
51.647378	11396	0	3342379	3345879
51.656886	11396	0	3342379	3345879
51.668594	11396	0	3342379	3345879
51.681450	11396	0	3342379	3345879
51.692038	11396	0	3342379	3345879
51.699163	11396	0	3342379	3345879
51.708914	11396	0	3342379	3345879
51.723126	11396	0	3342379	3345879
51.735395	11396	0	3342379	3345879
51.743501	11396	0	3342379	3345879
51.749504	11396	0	3342379	3345879
51.761191	11396	0	3342379	3345879
51.772883	11396	0	3342379	3345879
51.782497	11396	0	3342379	3345879
51.797403	11396	0	3342379	3345879
51.804761	11396	0	3342379	3345879
51.811305	11396	0	3342379	3345879
51.823407	11396	0	3342379	3345879
51.830871	11396	0	3342379	3345879
51.840160	11396	0	3342379	3345879
51.850391	11396	0	3342379	3345879
51.864551	11396	0	3342379	3345879
51.871861	11396	0	3342379	3345879
51.878798	11396	0	3342379	3345879
51.893780	11396	0	3342379	3345879
51.903690	11396	0	3342379	3345879
51.909797	11396	0	3342379	3345879
51.923434	11396	0	3342379	3345879
51.933967	11396	0	3342379	3345879
51.943901	11396	0	3342379	3345879
51.954287	11396	0	3342379	3345879
51.965107	11396	0	3342379	3345879
51.974895	11396	0	3342379	3345879
51.987419	11396	0	3342379	3345879
51.994854	11396	0	3342379	3345879
52.006713	11396	0	3342379	3345879
52.021224	11396	0	3342379	3345879
52.030723	11396	0	3342379	3345879
52.038613	11396	0	3342379	3345879
52.051284	11396	0	3342379	3345879
52.063514	11396	0	3342379	3345879
52.078541	11396	0	3342379	3345879
52.088151	11396	0	3342379	3345879
52.093991	11396	0	3342379	3345879
52.102345	11396	0	3342379	3345879
52.109805	11396	0	3342379	3345879
52.119504	11396	0	3342379	3345879
52.128513	11396	0	3342379	3345879
52.134694	11396	0	3342379	3345879
52.145565	11396	0	3342379	3345879
52.157140	11396	0	3342379	3345879
52.171029	11396	0	3342379	3345879
52.178048	11396	0	3342379	3345879
52.190806	11396	0	3342379	3345879
52.196226	11396	0	3342379	3345879
52.208589	11396	0	3342379	3345879
52.215174	11396	0	3342379	3345879
52.224588	11396	0	3342379	3345879
52.238611	11396	0	3342379	3345879
52.253183	11396	0	3342379	3345879
52.263810	11396	0	3342379	3345879
52.276955	11396	0	3342379	3345879
52.285692	11396	0	3342379	3345879
52.297835	11396	0	3342379	3345879
52.311451	11396	0	3342379	3345879
52.324042	11396	0	3342379	3345879
52.332935	11396	0	3342379	3345879
52.339973	11396	0	3342379	3345879
52.352899	11396	0	3342379	3345879
52.358685	11396	0	3342379	3345879
52.369135	11396	0	3342379	3345879
52.376242	11396	0	3342379	3345879
52.390542	11396	0	3342379	3345879
52.398820	11396	0	3342379	3345879
52.405185	11396	0	3342379	3345879
52.417151	11396	0	3342379	3345879
52.425356	11396	0	3342379	3345879
52.437466	11396	0	3342379	3345879
52.449358	11396	0	3342379	3345879
52.461949	11396	0	3342379	3345879
52.475559	11396	0	3342379	3345879
52.494312	11396	0	3342379	3345879
52.506862	11396	0	3342379	3345879
52.513139	11396	0	3342379	3345879
52.527406	11396	0	3342379	3345879
52.534234	11396	0	3342379	3345879
52.544091	11396	0	3342379	3345879
52.551919	11396	0	3342379	3345879
52.561342	11396	0	3342379	3345879
52.572936	11396	0	3342379	3345879
52.578416	11396	0	3342379	3345879
52.591207	11396	0	3342379	3345879
52.600782	11396	0	3342379	3345879
52.608050	11396	0	3342379	3345879
52.620801	11396	0	3342379	3345879
52.634519	11396	0	3342379	3345879
52.641409	11396	0	3342379	3345879
52.654578	11396	0	3342379	3345879
52.661581	11396	0	3342379	3345879
52.670426	11396	0	3342379	3345879
52.677123	11396	0	3342379	3345879
52.688326	11396	0	3342379	3345879
52.701720	11396	0	3342379	3345879
52.714233	11396	0	3342379	3345879
52.726798	11396	0	3342379	3345879
52.741377	11396	0	3342379	3345879
52.753407	11396	0	3342379	3345879
52.763654	11396	0	3342379	3345879
52.777898	11396	0	3342379	3345879
52.788971	11396	0	3342379	3345879
52.800450	11396	0	3342379	3345879
52.814946	11396	0	3342379	3345879
52.829023	11396	0	3342379	3345879
52.840540	11396	0	3342379	3345879
52.846403	11396	0	3342379	3345879
52.856402	11396	0	3342379	3345879
52.870248	11396	0	3342379	3345879
52.882095	11396	0	3342379	3345879
52.887420	11396	0	3342379	3345879
52.896538	11396	0	3342379	3345879
52.907517	11396	0	3342379	3345879
52.922142	11396	0	3342379	3345879
52.932767	11396	0	3342379	3345879
52.947820	11396	0	3342379	3345879
52.962754	11396	0	3342379	3345879
52.976557	11396	0	3342379	3345879
52.983368	11396	0	3342379	3345879
52.991025	11396	0	3342379	3345879
52.999971	11396	0	3342379	3345879
53.007398	11396	0	3342379	3345879
53.019747	11396	0	3342379	3345879
53.025159	11396	0	3342379	3345879
53.035091	11396	0	3342379	3345879
53.045892	11396	0	3342379	3345879
53.051670	11396	0	3342379	3345879
53.063271	11396	0	3342379	3345879
53.074170	11396	0	3342379	3345879
53.080338	11396	0	3342379	3345879
53.088790	11396	0	3342379	3345879
53.097027	11396	0	3342379	3345879
53.103895	11396	0	3342379	3345879
53.117621	11396	0	3342379	3345879
53.122806	11396	0	3342379	3345879
53.135526	11396	0	3342379	3345879
53.141747	11396	0	3342379	3345879
53.152409	11396	0	3342379	3345879
53.162132	11396	0	3342379	3345879
53.167431	11396	0	3342379	3345879
53.176402	11396	0	3342379	3345879
53.191476	11396	0	3342379	3345879
53.205095	11396	0	3342379	3345879
53.212291	11396	0	3342379	3345879
53.227191	11396	0	3342379	3345879
53.251351	11396	0	3342379	3345879
53.258904	11396	0	3342379	3345879
53.271435	11396	0	3342379	3345879
53.277503	11396	0	3342379	3345879
53.290867	11396	0	3342379	3345879
53.301801	11396	0	3342379	3345879
53.308653	11396	0	3342379	3345879
53.315291	11396	0	3342379	3345879
53.326979	11396	0	3342379	3345879
53.335693	11396	0	3342379	3345879
53.348047	11396	0	3342379	3345879
53.358098	11396	0	3342379	3345879
53.365948	11396	0	3342379	3345879
53.380408	11396	0	3342379	3345879
53.386488	11396	0	3342379	3345879
53.400377	11396	0	3342379	3345879
53.407204	11396	0	3342379	3345879
53.414284	11396	0	3342379	3345879
53.423421	11396	0	3342379	3345879
53.437875	11396	0	3342379	3345879
53.451941	11396	0	3342379	3345879
53.457157	11396	0	3342379	3345879
53.467042	11396	0	3342379	3345879
53.475470	11396	0	3342379	3345879
53.487249	11396	0	3342379	3345879
53.498927	11396	0	3342379	3345879
53.507648	11396	0	3342379	3345879
53.519817	11396	0	3342379	3345879
53.529056	11396	0	3342379	3345879
53.540755	11396	0	3342379	3345879
53.548896	11396	0	3342379	3345879
53.562176	11396	0	3342379	3345879
53.568259	11396	0	3342379	3345879
53.575854	11396	0	3342379	3345879
53.589007	11396	0	3342379	3345879
53.595263	11396	0	3342379	3345879
53.607467	11396	0	3342379	3345879
53.616032	11396	0	3342379	3345879
53.625258	11396	0	3342379	3345879
53.634732	11396	0	3342379	3345879
53.642723	11396	0	3342379	3345879
53.653806	11396	0	3342379	3345879
53.662259	11396	0	3342379	3345879
53.674750	11396	0	3342379	3345879
53.685116	11396	0	3342379	3345879
53.693211	11396	0	3342379	3345879
53.698740	11396	0	3342379	3345879
53.705837	11396	0	3342379	3345879
53.713480	11396	0	3342379	3345879
53.725139	11396	0	3342379	3345879
53.734076	11396	0	3342379	3345879
53.739862	11396	0	3342379	3345879
53.746335	11396	0	3342379	3345879
53.753652	11396	0	3342379	3345879
53.762427	11396	0	3342379	3345879
53.776900	11396	0	3342379	3345879
53.790419	11396	0	3342379	3345879
53.803746	11396	0	3342379	3345879
53.809851	11396	0	3342379	3345879
53.824600	11396	0	3342379	3345879
53.835437	11396	0	3342379	3345879
53.843366	11396	0	3342379	3345879
53.856822	11396	0	3342379	3345879
53.865788	11396	0	3342379	3345879
53.873485	11396	0	3342379	3345879
53.882477	11396	0	3342379	3345879
53.894372	11396	0	3342379	3345879
53.903077	11396	0	3342379	3345879
53.917289	11396	0	3342379	3345879
53.926808	11396	0	3342379	3345879
53.936665	11396	0	3342379	3345879
53.944617	11396	0	3342379	3345879
53.958362	11396	0	3342379	3345879
53.963943	11396	0	3342379	3345879
53.976655	11396	0	3342379	3345879
53.982959	11396	0	3342379	3345879
53.995705	11396	0	3342379	3345879
54.006287	11396	0	3342379	3345879
54.018883	11396	0	3342379	3345879
54.025035	11396	0	3342379	3345879
54.031750	11396	0	3342379	3345879
54.037463	11396	0	3342379	3345879
54.050407	11396	0	3342379	3345879
54.059424	11396	0	3342379	3345879
54.073522	11396	0	3342379	3345879
54.082170	11396	0	3342379	3345879
54.088288	11396	0	3342379	3345879
54.100727	11396	0	3342379	3345879
54.114006	11396	0	3342379	3345879
54.123796	11396	0	3342379	3345879
54.132625	11396	0	3342379	3345879
54.138914	11396	0	3342379	3345879
54.150756	11396	0	3342379	3345879
54.157229	11396	0	3342379	3345879
54.164405	11396	0	3342379	3345879
54.172641	11396	0	3342379	3345879
54.182865	11396	0	3342379	3345879
54.197036	11396	0	3342379	3345879
54.206842	11396	0	3342379	3345879
54.214403	11396	0	3342379	3345879
54.226333	11396	0	3342379	3345879
54.231697	11396	0	3342379	3345879
54.243993	11396	0	3342379	3345879
54.256877	11396	0	3342379	3345879
54.264414	11396	0	3342379	3345879
54.275805	11396	0	3342379	3345879
54.286107	11396	0	3342379	3345879
54.294101	11396	0	3342379	3345879
54.305135	11396	0	3342379	3345879
54.318204	11396	0	3342379	3345879
54.330091	11396	0	3342379	3345879
54.336515	11396	0	3342379	3345879
54.345229	11396	0	3342379	3345879
54.350955	11396	0	3342379	3345879
54.365417	11396	0	3342379	3345879
54.371631	11396	0	3342379	3345879
54.386091	11396	0	3342379	3345879
54.397774	11396	0	3342379	3345879
54.411972	11396	0	3342379	3345879
54.417239	11396	0	3342379	3345879
54.422686	11396	0	3342379	3345879
54.431508	11396	0	3342379	3345879
54.445987	11396	0	3342379	3345879
54.456671	11396	0	3342379	3345879
54.465039	11396	0	3342379	3345879
54.476416	11396	0	3342379	3345879
54.487803	11396	0	3342379	3345879
54.494513	11396	0	3342379	3345879
54.502182	11396	0	3342379	3345879
54.512824	11396	0	3342379	3345879
54.524570	11396	0	3342379	3345879
54.530299	11396	0	3342379	3345879
54.544557	11396	0	3342379	3345879
54.556965	11396	0	3342379	3345879
54.564561	11396	0	3342379	3345879
54.573727	11396	0	3342379	3345879
54.587004	11396	0	3342379	3345879
54.597234	11396	0	3342379	3345879
54.607025	11396	0	3342379	3345879
54.619068	11399	2	735252	735252
54.626573	11401	2	749936	749936
54.632655	11404	2	770289	770261
54.640988	11409	2	799499	799499
54.651627	11414	2	827129	827129
54.660338	11418	2	856033	856033
54.671923	11425	2	896383	896370
54.683182	11430	3	926109	925437
54.695742	11435	2	957883	957883
54.705270	11438	2	978420	977631
54.711118	11441	2	1001023	1001023
54.722424	11445	3	1027278	1026606
54.727829	11448	2	1046529	1046529
54.739847	11452	3	1072184	1072184
54.746741	11455	2	1094852	1094510
54.759976	11460	3	1137937	1135566
54.773585	11466	2	1177705	1176951
54.782874	11470	2	1205434	1204371
54.792906	11473	2	1237339	1236516
54.798938	11475	3	1253397	1251026
54.811320	11481	2	1293165	1292411
54.823927	11486	2	1329050	1329050
54.837373	11490	2	1370714	1366916
54.846685	11493	0	1392824	1398301
54.853711	11496	3	1423715	1422258
54.860244	11499	3	1443771	1443771
54.867833	11501	0	1459698	1463984
54.878233	11505	2	1502195	1498397
54.891899	11510	2	1545539	1545539
54.902437	11514	3	1575252	1575252
54.914623	11517	3	1616375	1595465
54.926524	11522	2	1653815	1651882
54.931719	11523	0	1660066	1665942
54.941567	11526	2	1697226	1694983
54.956656	11531	0	1735382	1741572
54.966875	11534	2	1778304	1778304
54.977037	11538	2	1810136	1810136
54.990595	11541	3	1847296	1845053
54.996732	11544	2	1870240	1870240
55.008382	11546	0	1885452	1891642
55.022901	11550	2	1952187	1944981
55.033890	11553	0	1975223	1979471
55.046517	11557	0	2013756	2021964
55.059167	11561	0	2051340	2055232
55.074362	11565	2	2118915	2111709
55.084598	11568	0	2141951	2146199
55.092757	11572	2	2180484	2180484
55.099974	11573	3	2196036	2188692
55.110658	11576	0	2218068	2221960
55.119530	11579	3	2270536	2270536
55.127573	11581	0	2288102	2294681
55.132833	11583	0	2302014	2307081
55.147091	11587	2	2354259	2354259
55.153043	11588	3	2370151	2360395
55.167375	11591	0	2393873	2398566
55.174490	11593	3	2444234	2442225
55.181227	11596	2	2469546	2469546
55.190235	11598	0	2483458	2488525
55.205185	11602	0	2535703	2541839
55.220289	11606	0	2575317	2580010
55.226049	11606	0	2575317	2580010
55.235212	11609	0	2633251	2639449
55.242703	11612	2	2662724	2658756
55.250835	11613	0	2669743	2680141
55.257894	11614	3	2704693	2680141
55.268250	11617	0	2729821	2735669
55.282292	11621	0	2769339	2774017
55.290100	11621	0	2769339	2774017
55.299593	11624	0	2830224	2836422
55.309586	11628	0	2866716	2877114
55.318968	11630	3	2908612	2908612
55.327450	11632	0	2926794	2932642
55.342527	11636	0	2966312	2970990
55.354619	11636	0	2966312	2970990
55.362716	11636	0	2966312	2970990
55.368003	11636	0	2966312	2970990
55.380371	11636	0	2966312	2970990
55.392152	11636	0	2966312	2970990
55.406980	11636	0	2966312	2970990
55.418291	11636	0	2966312	2970990
55.431735	11636	0	2966312	2970990
55.440974	11636	0	2966312	2970990
55.451711	11636	0	2966312	2970990
55.458807	11636	0	2966312	2970990
55.473037	11636	0	2966312	2970990
55.485425	11636	0	2966312	2970990
55.499502	11636	0	2966312	2970990
55.507207	11636	0	2966312	2970990
55.516282	11636	0	2966312	2970990
55.525347	11636	0	2966312	2970990
55.532984	11636	0	2966312	2970990
55.540637	11636	0	2966312	2970990
55.547041	11636	0	2966312	2970990
55.560170	11636	0	2966312	2970990
55.570488	11636	0	2966312	2970990
55.583401	11636	0	2966312	2970990
55.596645	11636	0	2966312	2970990
55.607040	11636	0	2966312	2970990
55.613302	11636	0	2966312	2970990
55.620915	11636	0	2966312	2970990
55.627283	11636	0	2966312	2970990
55.638075	11636	0	2966312	2970990
55.648646	11636	0	2966312	2970990
55.659523	11636	0	2966312	2970990
55.672678	11636	0	2966312	2970990
55.682129	11636	0	2966312	2970990
55.688319	11636	0	2966312	2970990
55.702156	11636	0	2966312	2970990
55.707739	11636	0	2966312	2970990
55.722420	11636	0	2966312	2970990
55.732717	11636	0	2966312	2970990
55.746560	11636	0	2966312	2970990
55.759699	11636	0	2966312	2970990
55.768559	11636	0	2966312	2970990
55.777651	11636	0	2966312	2970990
55.784277	11636	0	2966312	2970990
55.790639	11636	0	2966312	2970990
55.796960	11636	0	2966312	2970990
55.809202	11636	0	2966312	2970990
55.821583	11636	0	2966312	2970990
55.829123	11636	0	2966312	2970990
55.838819	11636	0	2966312	2970990
55.852712	11636	0	2966312	2970990
55.860222	11636	0	2966312	2970990
55.869318	11636	0	2966312	2970990
55.877951	11636	0	2966312	2970990
55.888183	11636	0	2966312	2970990
55.893742	11636	0	2966312	2970990
55.907168	11636	0	2966312	2970990
55.915653	11636	0	2966312	2970990
55.930377	11636	0	2966312	2970990
55.935595	11636	0	2966312	2970990
55.950570	11636	0	2966312	2970990
55.961022	11636	0	2966312	2970990
55.969294	11636	0	2966312	2970990
55.983948	11636	0	2966312	2970990
55.996312	11636	0	2966312	2970990
56.001979	11636	0	2966312	2970990
56.012006	11636	0	2966312	2970990
56.018559	11636	0	2966312	2970990
56.026487	11636	0	2966312	2970990
56.035230	11636	0	2966312	2970990
56.050047	11636	0	2966312	2970990
56.055599	11636	0	2966312	2970990
56.064960	11636	0	2966312	2970990
56.077466	11636	0	2966312	2970990
56.091110	11636	0	2966312	2970990
56.103590	11636	0	2966312	2970990
56.118465	11636	0	2966312	2970990
56.128097	11636	0	2966312	2970990
56.138906	11636	0	2966312	2970990
56.145344	11636	0	2966312	2970990
56.155246	11636	0	2966312	2970990
56.170086	11636	0	2966312	2970990
56.179969	11636	0	2966312	2970990
56.186915	11636	0	2966312	2970990
56.198419	11639	3	766005	766005
56.206620	11640	3	782512	773057
56.213392	11643	0	802237	805291
56.226563	11644	3	830695	805291
56.237967	11647	0	858785	863906
56.249206	11650	2	895743	891329
56.263558	11651	0	901002	908491
56.269289	11651	0	901002	908491
56.278478	11654	0	974988	982040
56.292123	11658	0	1011220	1014274
56.300855	11658	0	1011220	1014274
56.307289	11660	2	1049549	1049549
56.317820	11662	0	1067768	1072889
56.331437	11666	2	1109985	1109985
56.339564	11666	0	1109985	1117474
56.351087	11666	0	1109985	1117474
56.357723	11667	2	1177335	1117474
56.370818	11670	2	1211212	1198664
56.382641	11673	2	1235598	1235598
56.395900	11673	0	1235598	1242150
56.404432	11676	3	1286119	1282185
56.409775	11677	0	1293145	1296648
56.416774	11679	3	1319980	1319980
56.423510	11681	2	1336731	1336731
56.438617	11681	0	1336731	1343349
56.444044	11681	0	1336731	1343349
56.458587	11684	0	1421496	1427754
56.470893	11687	3	1458075	1453307
56.476929	11688	0	1464688	1471240
56.491399	11691	3	1515209	1511275
56.505360	11694	0	1549070	1554981
56.510761	11696	3	1565821	1565821
56.520747	11696	0	1565821	1572439
56.526504	11696	0	1565821	1572439
56.533908	11697	3	1639385	1572439
56.539270	11699	2	1653428	1653428
56.551556	11701	3	1681371	1681371
56.559598	11703	0	1697793	1704056
56.573176	11705	2	1743845	1743845
56.587776	11709	2	1785090	1785090
56.595948	11711	2	1804228	1804228
56.609297	11711	0	1804228	1811533
56.622351	11712	3	1882685	1811533
56.628281	11714	2	1896728	1896728
56.640883	11716	0	1924671	1933341
56.652895	11718	0	1941093	1947356
56.665644	11721	3	1998594	1993690
56.673084	11723	2	2023080	2008760
56.687318	11726	0	2047528	2054833
56.694237	11726	0	2047528	2054833
56.704297	11726	0	2047528	2054833
56.717978	11727	0	2131775	2138311
56.724817	11729	3	2149347	2149347
56.735337	11731	3	2177591	2177591
56.744784	11733	3	2196766	2196766
56.758632	11734	2	2242605	2206475
56.771160	11737	0	2260961	2267967
56.781833	11740	3	2297668	2292270
56.789611	11741	0	2303134	2312082
56.801002	11741	0	2303134	2312082
56.813178	11742	3	2390854	2312082
56.826793	11745	3	2430851	2414716
56.834116	11747	2	2449639	2443315
56.843323	11748	0	2455845	2465554
56.858111	11752	3	2520040	2520040
56.866631	11753	2	2541642	2527046
56.880060	11756	0	2562213	2571161
56.886343	11756	0	2562213	2571161
56.891945	11756	0	2562213	2571161
56.901955	11756	0	2562213	2571161
56.910747	11758	3	2665315	2661086
56.925554	11761	3	2698591	2698591
56.932680	11762	3	2713229	2706768
56.945407	11763	0	2719826	2724892
56.958846	11767	3	2786337	2786337
56.972854	11770	3	2826911	2821186
56.986728	11771	0	2833143	2838565
56.992159	11771	0	2833143	2838565
57.004431	11772	2	2924203	2838565
57.012696	11774	2	2941680	2941680
57.022796	11776	2	2968714	2968714
57.033596	11778	0	2989949	2995015
57.045724	11779	3	3034023	2995015
57.059389	11782	0	3056460	3062939
57.072246	11786	0	3103266	3108688
57.080562	11786	0	3103266	3108688
57.091959	11786	0	3103266	3108688
57.103453	11788	2	3205349	3200384
57.118245	11791	0	3237447	3244050
57.124721	11793	0	3255478	3261311
57.137566	11793	0	3255478	3261311
57.148741	11797	2	3332501	3332501
57.157187	11797	0	3332501	3339855
57.171072	11801	3	3386847	3386847
57.178310	11801	0	3386847	3393887
57.186474	11801	0	3386847	3393887
57.195577	11801	0	3386847	3393887
57.205029	11801	0	3386847	3393887
57.218739	11804	2	3503431	3503431
57.230721	11806	3	3529424	3529424
57.243862	11808	0	3547455	3553288
57.259011	11810	2	3599842	3599842
57.270741	11811	3	3614357	3606831
57.285660	11812	0	3624478	3631832
57.291428	11814	2	3661601	3661601
57.300972	11816	0	3678824	3685864
57.307603	11816	0	3678824	3685864
57.321125	11816	0	3678824	3685864
57.334344	11816	0	3678824	3685864
57.343530	11816	0	3678824	3685864
57.354400	11816	0	3678824	3685864
57.361731	11816	0	3678824	3685864
57.370371	11817	2	3786958	3685864
57.376149	11817	0	3786958	3792808
57.383024	11819	3	3804545	3804545
57.396303	11820	2	3829767	3809978
57.402595	11821	0	3835193	3841406
57.412833	11822	2	3849506	3841406
57.424918	11822	3	3849506	3841406
57.436870	11823	0	3858848	3866170
57.446333	11823	0	3858848	3866170
57.451613	11823	0	3858848	3866170
57.457649	11825	2	3919124	3919124
57.471449	11827	0	3934496	3938318
57.480694	11829	0	3961052	3967200
57.491130	11831	0	3979176	3986923
57.497268	11831	0	3979176	3986923
57.505702	11831	0	3979176	3986923
57.515982	11831	0	3979176	3986923
57.521483	11831	0	3979176	3986923
57.530377	11831	0	3979176	3986923
57.543152	11831	0	3979176	3986923
57.557634	11832	0	4088094	4093944
57.571995	11834	0	4105681	4111114
57.581342	11835	2	4130903	4111114
57.587219	11836	0	4136329	4142542
57.593296	11837	2	4150642	4142542
57.601542	11838	0	4159984	4167306
57.613711	11838	0	4159984	4167306
57.622877	11838	0	4159984	4167306
57.631491	11839	2	4214050	4167306
57.638925	11840	0	4220260	4226446
57.651428	11842	0	4235632	4239454
57.663289	11844	0	4262188	4268336
57.669949	11846	2	4280312	4280312
57.682769	11846	0	4280312	4288059
57.697273	11846	0	4280312	4288059
57.704069	11846	0	4280312	4288059
57.710791	11846	0	4280312	4288059
57.717610	11846	0	4280312	4288059
57.725429	11846	0	4280312	4288059
57.739938	11847	0	4391438	4397284
57.751015	11849	2	4410709	4410709
57.765024	11851	2	4444307	4444307
57.773590	11852	2	4458626	4451245
57.788266	11853	0	4466027	4471832
57.802853	11853	0	4466027	4471832
57.809935	11854	2	4522782	4471832
57.816470	11855	3	4530172	4530172
57.822339	11855	0	4530172	4535980
57.836001	11857	0	4550682	4557656
57.844219	11857	0	4550682	4557656
57.851836	11859	3	4585155	4585155
57.857746	11861	2	4602104	4602104
57.870357	11861	0	4602104	4606747
57.875538	11861	0	4602104	4606747
57.881701	11861	0	4602104	4606747
57.887754	11861	0	4602104	4606747
57.901573	11861	0	4602104	4606747
57.911018	11861	0	4602104	4606747
57.916892	11862	0	4713994	4719840
57.929203	11864	3	4733265	4733265
57.935329	11864	0	4733265	4741421
57.948925	11866	0	4766863	4773801
57.960065	11868	3	4788583	4788583
57.974426	11868	0	4788583	4794388
57.983129	11868	0	4788583	4794388
57.992143	11870	3	4852728	4852728
58.002906	11871	2	4866723	4858536
58.012152	11872	0	4873238	4880212
58.026591	11872	0	4873238	4880212
58.034673	11874	3	4907711	4907711
58.046812	11876	0	4924660	4929303
58.057509	11876	0	4924660	4929303
58.066600	11876	0	4924660	4929303
58.075700	11876	0	4924660	4929303
58.087148	11876	0	4924660	4929303
58.094579	11876	0	4924660	4929303
58.108002	11876	0	4924660	4929303
58.117678	11876	0	4924660	4929303
58.126553	11876	0	4924660	4929303
58.141536	11876	0	4924660	4929303
58.148312	11876	0	4924660	4929303
58.158430	11876	0	4924660	4929303
58.168197	11876	0	4924660	4929303
58.181151	11876	0	4924660	4929303
58.195310	11876	0	4924660	4929303
58.207294	11876	0	4924660	4929303
58.215566	11876	0	4924660	4929303
58.227249	11876	0	4924660	4929303
58.239580	11876	0	4924660	4929303
58.249063	11876	0	4924660	4929303
58.262629	11876	0	4924660	4929303
58.271605	11876	0	4924660	4929303
58.279976	11876	0	4924660	4929303
58.288389	11876	0	4924660	4929303
58.295272	11876	0	4924660	4929303
58.303443	11876	0	4924660	4929303
58.318370	11876	0	4924660	4929303
58.330760	11876	0	4924660	4929303
58.338520	11876	0	4924660	4929303
58.348478	11876	0	4924660	4929303
58.356971	11876	0	4924660	4929303
58.368871	11876	0	4924660	4929303
58.378789	11876	0	4924660	4929303
58.393807	11876	0	4924660	4929303
58.401371	11876	0	4924660	4929303
58.406721	11876	0	4924660	4929303
58.411954	11876	0	4924660	4929303
58.419317	11876	0	4924660	4929303
58.433883	11876	0	4924660	4929303
58.443619	11876	0	4924660	4929303
58.455152	11876	0	4924660	4929303
58.469540	11876	0	4924660	4929303
58.476067	11876	0	4924660	4929303
58.487043	11876	0	4924660	4929303
58.492516	11876	0	4924660	4929303
58.512491	11876	0	4924660	4929303
58.521528	11876	0	4924660	4929303
58.531533	11876	0	4924660	4929303
58.544327	11876	0	4924660	4929303
58.559241	11876	0	4924660	4929303
58.566022	11876	0	4924660	4929303
58.578179	11876	0	4924660	4929303
58.591721	11876	0	4924660	4929303
58.604179	11876	0	4924660	4929303
58.610772	11876	0	4924660	4929303
58.618515	11876	0	4924660	4929303
58.624939	11876	0	4924660	4929303
58.639374	11876	0	4924660	4929303
58.650057	11876	0	4924660	4929303
58.661694	11876	0	4924660	4929303
58.667113	11876	0	4924660	4929303
58.682098	11876	0	4924660	4929303
58.694471	11876	0	4924660	4929303
58.699934	11876	0	4924660	4929303
58.706900	11876	0	4924660	4929303
58.713625	11876	0	4924660	4929303
58.727537	11876	0	4924660	4929303
58.739594	11876	0	4924660	4929303
58.748853	11876	0	4924660	4929303
58.758336	11876	0	4924660	4929303
58.770366	11876	0	4924660	4929303
58.778589	11876	0	4924660	4929303
58.784441	11876	0	4924660	4929303
58.790482	11876	0	4924660	4929303
58.803939	11876	0	4924660	4929303
58.813026	11876	0	4924660	4929303
58.826522	11876	0	4924660	4929303
58.838296	11876	0	4924660	4929303
58.845055	11876	0	4924660	4929303
58.857338	11876	0	4924660	4929303
58.871893	11876	0	4924660	4929303
58.880139	11876	0	4924660	4929303
58.892776	11876	0	4924660	4929303
58.901277	11876	0	4924660	4929303
58.910839	11876	0	4924660	4929303
58.921818	11876	0	4924660	4929303
58.930440	11876	0	4924660	4929303
58.939747	11876	0	4924660	4929303
58.967266	11876	0	4924660	4929303
58.972579	11876	0	4924660	4929303
58.978308	11876	0	4924660	4929303
58.990035	11876	0	4924660	4929303
58.997351	11876	0	4924660	4929303
59.006783	11876	0	4924660	4929303
59.016363	11876	0	4924660	4929303
59.021767	11876	0	4924660	4929303
59.031130	11876	0	4924660	4929303
59.039559	11876	0	4924660	4929303
59.045371	11876	0	4924660	4929303
59.053661	11876	0	4924660	4929303
59.065494	11876	0	4924660	4929303
59.078787	11876	0	4924660	4929303
59.086779	11876	0	4924660	4929303
59.091992	11876	0	4924660	4929303
59.106375	11876	0	4924660	4929303
59.119115	11876	0	4924660	4929303
59.132104	11876	0	4924660	4929303
59.144820	11876	0	4924660	4929303
59.159676	11876	0	4924660	4929303
59.165867	11876	0	4924660	4929303
59.173351	11876	0	4924660	4929303
59.187790	11876	0	4924660	4929303
59.202096	11876	0	4924660	4929303
59.211117	11876	0	4924660	4929303
59.222926	11876	0	4924660	4929303
59.229417	11876	0	4924660	4929303
59.236467	11876	0	4924660	4929303
59.253922	11876	0	4924660	4929303
59.263910	11876	0	4924660	4929303
59.269745	11876	0	4924660	4929303
59.284275	11876	0	4924660	4929303
59.293325	11876	0	4924660	4929303
59.306700	11876	0	4924660	4929303
59.317742	11876	0	4924660	4929303
59.333361	11876	0	4924660	4929303
59.343848	11876	0	4924660	4929303
59.354388	11876	0	4924660	4929303
59.365489	11876	0	4924660	4929303
59.373992	11876	0	4924660	4929303
59.388142	11876	0	4924660	4929303
59.420845	11876	0	4924660	4929303
59.433425	11876	0	4924660	4929303
59.441072	11876	0	4924660	4929303
59.446677	11876	0	4924660	4929303
59.455120	11876	0	4924660	4929303
59.473320	11876	0	4924660	4929303
59.480086	11876	0	4924660	4929303
59.493785	11876	0	4924660	4929303
59.505671	11876	0	4924660	4929303
59.520586	11876	0	4924660	4929303
59.530617	11876	0	4924660	4929303
59.537907	11876	0	4924660	4929303
59.550518	11876	0	4924660	4929303
59.559761	11876	0	4924660	4929303
59.568821	11876	0	4924660	4929303
59.575303	11876	0	4924660	4929303
59.592584	11876	0	4924660	4929303
59.602822	11876	0	4924660	4929303
59.612240	11876	0	4924660	4929303
59.619298	11876	0	4924660	4929303
59.633186	11876	0	4924660	4929303
59.643845	11876	0	4924660	4929303
59.653235	11876	0	4924660	4929303
59.667388	11876	0	4924660	4929303
59.679074	11876	0	4924660	4929303
59.691010	11876	0	4924660	4929303
59.704180	11876	0	4924660	4929303
59.717703	11876	0	4924660	4929303
59.731754	11876	0	4924660	4929303
59.740558	11876	0	4924660	4929303
59.748915	11876	0	4924660	4929303
59.759844	11876	0	4924660	4929303
59.767565	11876	0	4924660	4929303
59.778107	11876	0	4924660	4929303
59.792855	11876	0	4924660	4929303
59.800402	11876	0	4924660	4929303
59.812470	11876	0	4924660	4929303
59.820584	11876	0	4924660	4929303
59.833840	11876	0	4924660	4929303
59.841032	11877	3	787377	4929303
59.853548	11879	0	804568	809304
59.865494	11882	2	853188	843657
59.878486	11883	0	861845	870088
59.884857	11883	0	861845	870088
59.898873	11885	3	932615	932615
59.906723	11886	3	946495	938106
59.921421	11887	0	953217	960564
59.932884	11890	2	1001314	994308
59.943147	11891	0	1007941	1012295
59.953812	11891	0	1007941	1012295
59.964079	11891	0	1007941	1012295
59.970893	11891	0	1007941	1012295
59.979383	11892	3	1126231	1012295
59.987625	11894	0	1143422	1148158
59.995617	11895	2	1169977	1148158
60.005550	11897	3	1192042	1182511
60.018466	11898	0	1200699	1208942
60.030157	11899	2	1265181	1208942
60.044991	11902	0	1292071	1299418
60.059379	11904	0	1328412	1333162
60.071453	11906	0	1346795	1351149
60.077314	11906	0	1346795	1351149
60.088216	11906	0	1346795	1351149
60.103166	11906	0	1346795	1351149
60.110096	11907	0	1470908	1475633
60.118897	11909	0	1491561	1496190
60.124492	11909	0	1491561	1496190
60.130502	11910	3	1522589	1496190
60.144184	11913	0	1555252	1560333
60.154055	11913	0	1555252	1560333
60.161519	11913	0	1555252	1560333
60.175667	11917	3	1645363	1645363
60.183186	11917	0	1645363	1651181
60.196054	11921	0	1696091	1700834
60.202130	11921	0	1696091	1700834
60.208434	11921	0	1696091	1700834
60.215957	11921	0	1696091	1700834
60.228491	11921	0	1696091	1700834
60.243330	11922	0	1821547	1826272
60.250769	11924	0	1842200	1846829
60.264100	11925	3	1873228	1846829
60.273240	11927	2	1898998	1889284
60.279148	11928	0	1905891	1910972
60.293242	11928	0	1905891	1910972
60.299470	11929	3	1968612	1910972
60.312242	11932	0	1996002	2001820
60.319851	11933	2	2024601	2001820
60.334199	11936	0	2046730	2051473
60.347657	11936	0	2046730	2051473
60.355410	11936	0	2046730	2051473
60.361136	11936	0	2046730	2051473
60.368435	11936	0	2046730	2051473
60.375174	11936	0	2046730	2051473
60.387834	11937	3	2175837	2051473
60.402900	11939	2	2199432	2199432
60.414397	11940	2	2234592	2207233
60.421945	11941	0	2240480	2246763
60.434331	11943	0	2261096	2266163
60.446168	11943	0	2261096	2266163
60.458040	11943	0	2261096	2266163
60.471512	11947	0	2347503	2352592
60.484598	11949	2	2382325	2382325
60.491865	11950	3	2399610	2390031
60.497154	11951	0	2407835	2413347
60.508676	11951	0	2407835	2413347
60.514724	11951	0	2407835	2413347
60.528968	11951	0	2407835	2413347
60.539085	11951	0	2407835	2413347
60.553529	11952	0	2546610	2552377
60.563517	11954	0	2570205	2578006
60.569252	11954	0	2570205	2578006
60.583080	11956	0	2611253	2617536
60.592675	11958	0	2631869	2636936
60.605032	11958	0	2631869	2636936
60.611985	11959	2	2694506	2636936
60.618492	11960	0	2698801	2706257
60.626888	11962	0	2718276	2723365
60.641583	11966	2	2778608	2778608
60.649484	11966	0	2778608	2784120
60.660464	11966	0	2778608	2784120
60.669651	11966	0	2778608	2784120
60.679353	11966	0	2778608	2784120
60.694058	11966	0	2778608	2784120
60.702987	11968	3	2931813	2924242
60.713925	11969	0	2940005	2945050
60.720755	11971	2	2975271	2975271
60.729974	11973	3	2999405	2999405
60.739792	11973	0	2999405	3004423
60.749073	11973	0	2999405	3004423
60.757490	11975	3	3073287	3073287
60.786874	11977	0	3092620	3098394
60.793460	11978	3	3128342	3098394
60.799125	11979	0	3137327	3142758
60.807610	11981	0	3161462	3167315
60.818722	11981	0	3161462	3167315
60.832648	11981	0	3161462	3167315
60.839831	11981	0	3161462	3167315
60.845342	11981	0	3161462	3167315
60.860076	11983	2	3321208	3313637
60.874604	11985	3	3360391	3334445
60.885249	11988	0	3388800	3393818
60.891273	11988	0	3388800	3393818
60.900137	11988	0	3388800	3393818
60.911515	11990	0	3462682	3466192
60.917538	11992	0	3482015	3487789
60.930502	11993	3	3517737	3487789
60.943046	11996	0	3550857	3556710
60.952900	11996	0	3550857	3556710
60.960688	11996	0	3550857	3556710
60.975079	11996	0	3550857	3556710
60.982685	11996	0	3550857	3556710
60.996905	11997	2	3701496	3556710
61.007051	11999	3	3720351	3720351
61.016091	11999	0	3720351	3727719
61.027582	12002	2	3783288	3771999
61.033168	12003	0	3788732	3797277
61.043045	12003	0	3788732	3797277
61.054274	12003	0	3788732	3797277
61.065303	12005	3	3873958	3873958
61.080026	12007	0	3896125	3901232
61.085234	12009	3	3933197	3933197
61.099466	12011	0	3952311	3959693
61.114642	12011	0	3952311	3959693
61.125220	12011	0	3952311	3959693
61.140237	12011	0	3952311	3959693
61.150004	12014	2	4122510	4122510
61.158410	12014	0	4122510	4129878
61.165038	12015	3	4160528	4129878
61.172221	12017	2	4185447	4174158
61.185416	12018	0	4190891	4199436
61.194563	12018	0	4190891	4199436
61.202971	12019	3	4268713	4199436
61.213632	12022	0	4298284	4303391
61.222382	12023	2	4330693	4303391
61.230591	12026	3	4354470	4354470
61.237169	12026	0	4354470	4361852
61.251663	12026	0	4354470	4361852
61.265856	12026	0	4354470	4361852
61.277350	12026	0	4354470	4361852
61.283392	12027	0	4511785	4519974
61.293113	12029	0	4532664	4539633
61.305104	12031	0	4573766	4582633
61.316785	12033	0	4599680	4606658
61.324329	12033	0	4599680	4606658
61.336306	12033	0	4599680	4606658
61.342266	12034	3	4676044	4606658
61.347520	12035	0	4683044	4686563
61.360216	12037	0	4701706	4707143
61.371629	12039	0	4746108	4755454
61.386684	12041	0	4770347	4775821
61.395878	12041	0	4770347	4775821
61.406040	12041	0	4770347	4775821
61.415870	12041	0	4770347	4775821
61.428496	12041	0	4770347	4775821
61.435903	12042	0	4929645	4937834
61.449565	12044	0	4950524	4957493
61.459731	12044	0	4950524	4957493
61.468061	12046	3	4991626	4991626
61.480543	12047	3	5011690	5000493
61.487265	12048	0	5017540	5024518
61.501261	12048	0	5017540	5024518
61.512890	12048	0	5017540	5024518
61.518826	12048	0	5017540	5024518
61.530018	12048	0	5017540	5024518
61.542668	12050	0	5100904	5104423
61.557329	12052	0	5119566	5125003
61.562935	12052	0	5119566	5125003
61.577472	12054	3	5163968	5163968
61.586349	12055	2	5184345	5173314
61.600522	12056	0	5188207	5193681
61.611820	12056	0	5188207	5193681
61.617202	12056	0	5188207	5193681
61.627784	12056	0	5188207	5193681
61.633184	12056	0	5188207	5193681
61.646016	12056	0	5188207	5193681
61.659551	12056	0	5188207	5193681
61.666765	12056	0	5188207	5193681
61.681651	12056	0	5188207	5193681
61.692011	12057	0	5353068	5363182
61.698243	12057	0	5353068	5363182
61.708562	12059	0	5383009	5388067
61.723689	12059	0	5383009	5388067
61.738882	12059	0	5383009	5388067
61.745677	12059	0	5383009	5388067
61.754955	12059	0	5383009	5388067
61.765629	12061	0	5424746	5430557
61.774815	12063	0	5445429	5451240
61.789127	12063	0	5445429	5451240
61.800688	12063	0	5445429	5451240
61.806983	12063	0	5445429	5451240
61.818912	12065	3	5534444	5534444
61.826251	12065	0	5534444	5541448
61.837603	12067	0	5561082	5565692
61.845172	12067	0	5561082	5565692
61.857801	12070	2	5617277	5607809
61.870060	12071	0	5624292	5627775
61.879209	12071	0	5624292	5627775
61.894143	12071	0	5624292	5627775
61.907564	12071	0	5624292	5627775
61.921591	12071	0	5624292	5627775
61.933965	12071	0	5624292	5627775
61.948324	12071	0	5624292	5627775
61.962561	12071	0	5624292	5627775
61.970439	12072	3	5790119	5627775
61.980341	12073	2	5811103	5800233
61.986755	12074	3	5820060	5820060
61.998420	12074	0	5820060	5825118
62.005803	12074	0	5820060	5825118
62.015269	12076	3	5861797	5861797
62.028779	12078	2	5882480	5882480
62.040615	12078	0	5882480	5888291
62.052647	12078	0	5882480	5888291
62.063955	12078	0	5882480	5888291
62.078293	12078	0	5882480	5888291
62.087967	12079	2	5963301	5888291
62.096113	12080	3	5971495	5971495
62.110701	12082	2	5998133	5998133
62.121869	12082	0	5998133	6002743
62.133104	12084	2	6037911	6037911
62.145338	12086	3	6061343	6061343
62.159760	12086	0	6061343	6064826
62.168016	12086	0	6061343	6064826
62.182961	12086	0	6061343	6064826
62.197651	12086	0	6061343	6064826
62.206086	12086	0	6061343	6064826
62.214377	12086	0	6061343	6064826
62.223892	12086	0	6061343	6064826
62.233187	12086	0	6061343	6064826
62.242383	12086	0	6061343	6064826
62.255862	12087	0	6226893	6233898
62.270066	12089	0	6248954	6254324
62.284914	12090	3	6285993	6254324
62.292734	12091	0	6293724	6299156
62.306097	12093	0	6315561	6321383
62.312336	12093	0	6315561	6321383
62.321070	12093	0	6315561	6321383
62.331698	12093	0	6315561	6321383
62.346444	12093	0	6315561	6321383
62.353883	12093	0	6315561	6321383
62.364421	12095	3	6410107	6410107
62.372449	12096	2	6429891	6416719
62.385391	12097	0	6437223	6442272
62.391393	12097	0	6437223	6442272
62.403040	12097	0	6437223	6442272
62.413128	12099	3	6484130	6484130
62.423837	12101	3	6505586	6505586
62.433805	12101	0	6505586	6511012
62.447238	12101	0	6505586	6511012
62.460907	12101	0	6505586	6511012
62.466254	12101	0	6505586	6511012
62.478255	12101	0	6505586	6511012
62.492690	12101	0	6505586	6511012
62.506710	12101	0	6505586	6511012
62.521826	12101	0	6505586	6511012
62.535218	12101	0	6505586	6511012
62.545778	12101	0	6505586	6511012
62.557378	12102	3	6677554	6511012
62.569919	12102	0	6677554	6684559
62.579896	12103	3	6693391	6684559
62.590594	12104	0	6699615	6704985
62.595974	12104	0	6699615	6704985
62.601934	12104	0	6699615	6704985
62.609906	12104	0	6699615	6704985
62.621336	12105	3	6736654	6704985
62.630543	12106	0	6744385	6749817
62.642069	12108	0	6766222	6772044
62.654428	12108	0	6766222	6772044
62.661800	12108	0	6766222	6772044
62.668084	12108	0	6766222	6772044
62.680888	12108	0	6766222	6772044
62.694769	12109	3	6851799	6772044
62.707687	12111	2	6880552	6867380
62.718851	12112	0	6887884	6892933
62.727678	12112	0	6887884	6892933
62.746887	12114	2	6934791	6934791
62.760807	12114	0	6934791	6941765
62.778923	12116	0	6956247	6961673
62.786541	12116	0	6956247	6961673
62.792331	12116	0	6956247	6961673
62.805839	12116	0	6956247	6961673
62.819698	12116	0	6956247	6961673
62.829385	12116	0	6956247	6961673
62.837257	12116	0	6956247	6961673
62.852354	12116	0	6956247	6961673
62.863522	12116	0	6956247	6961673
62.870413	12116	0	6956247	6961673
62.877537	12116	0	6956247	6961673
62.888655	12116	0	6956247	6961673
62.896755	12116	0	6956247	6961673
62.904265	12116	0	6956247	6961673
62.916686	12116	0	6956247	6961673
62.922453	12116	0	6956247	6961673
62.929280	12116	0	6956247	6961673
62.934566	12116	0	6956247	6961673
62.941672	12116	0	6956247	6961673
62.948323	12116	0	6956247	6961673
62.957764	12116	0	6956247	6961673
62.969344	12116	0	6956247	6961673
62.980261	12116	0	6956247	6961673
62.986338	12116	0	6956247	6961673
62.999233	12116	0	6956247	6961673
63.008355	12116	0	6956247	6961673
63.021519	12116	0	6956247	6961673
63.027259	12116	0	6956247	6961673
63.035163	12116	0	6956247	6961673
63.041564	12116	0	6956247	6961673
63.047363	12116	0	6956247	6961673
63.057190	12116	0	6956247	6961673
63.067152	12116	0	6956247	6961673
63.076554	12116	0	6956247	6961673
63.084524	12116	0	6956247	6961673
63.093045	12116	0	6956247	6961673
63.105754	12116	0	6956247	6961673
63.114043	12116	0	6956247	6961673
63.128464	12116	0	6956247	6961673
63.143098	12116	0	6956247	6961673
63.157694	12116	0	6956247	6961673
63.171906	12116	0	6956247	6961673
63.177116	12116	0	6956247	6961673
63.185541	12116	0	6956247	6961673
63.198509	12116	0	6956247	6961673
63.207182	12116	0	6956247	6961673
63.216658	12116	0	6956247	6961673
63.223471	12116	0	6956247	6961673
63.233386	12116	0	6956247	6961673
63.238945	12116	0	6956247	6961673
63.250574	12116	0	6956247	6961673
63.261154	12116	0	6956247	6961673
63.269059	12116	0	6956247	6961673
63.279195	12116	0	6956247	6961673
63.289747	12116	0	6956247	6961673
63.303520	12116	0	6956247	6961673
63.316414	12116	0	6956247	6961673
63.322851	12116	0	6956247	6961673
63.328983	12116	0	6956247	6961673
63.337267	12116	0	6956247	6961673
63.346010	12116	0	6956247	6961673
63.360354	12116	0	6956247	6961673
63.374636	12116	0	6956247	6961673
63.389755	12116	0	6956247	6961673
63.398129	12116	0	6956247	6961673
63.409697	12116	0	6956247	6961673
63.420849	12116	0	6956247	6961673
63.428865	12116	0	6956247	6961673
63.437464	12116	0	6956247	6961673
63.446100	12116	0	6956247	6961673
63.460921	12116	0	6956247	6961673
63.468960	12116	0	6956247	6961673
63.479476	12116	0	6956247	6961673
63.492602	12116	0	6956247	6961673
63.500438	12116	0	6956247	6961673
63.514470	12116	0	6956247	6961673
63.528161	12116	0	6956247	6961673
63.534681	12116	0	6956247	6961673
63.541024	12116	0	6956247	6961673
63.555879	12116	0	6956247	6961673
63.569150	12116	0	6956247	6961673
63.584120	12116	0	6956247	6961673
63.593206	12116	0	6956247	6961673
63.606006	12116	0	6956247	6961673
63.617254	12116	0	6956247	6961673
63.625379	12116	0	6956247	6961673
63.631682	12116	0	6956247	6961673
63.640711	12116	0	6956247	6961673
63.646134	12116	0	6956247	6961673
63.658222	12116	0	6956247	6961673
63.668732	12116	0	6956247	6961673
63.682355	12116	0	6956247	6961673
63.693574	12116	0	6956247	6961673
63.707210	12116	0	6956247	6961673
63.718329	12116	0	6956247	6961673
63.726937	12116	0	6956247	6961673
63.740830	12116	0	6956247	6961673
63.749888	12116	0	6956247	6961673
63.758928	12116	0	6956247	6961673
63.769182	12116	0	6956247	6961673
63.779594	12116	0	6956247	6961673
63.788732	12116	0	6956247	6961673
63.798837	12116	0	6956247	6961673
63.805575	12116	0	6956247	6961673
63.813943	12116	0	6956247	6961673
63.819477	12116	0	6956247	6961673
63.828003	12116	0	6956247	6961673
63.834272	12116	0	6956247	6961673
63.843580	12116	0	6956247	6961673
63.856932	12116	0	6956247	6961673
63.870110	12116	0	6956247	6961673
63.877866	12116	0	6956247	6961673
63.892780	12116	0	6956247	6961673
63.907819	12116	0	6956247	6961673
63.921003	12116	0	6956247	6961673
63.928171	12116	0	6956247	6961673
63.943111	12116	0	6956247	6961673
63.956346	12116	0	6956247	6961673
63.970244	12116	0	6956247	6961673
63.978135	12116	0	6956247	6961673
63.985545	12116	0	6956247	6961673
63.991969	12116	0	6956247	6961673
64.007117	12116	0	6956247	6961673
64.019827	12116	0	6956247	6961673
64.031965	12116	0	6956247	6961673
64.038171	12116	0	6956247	6961673
64.044218	12116	0	6956247	6961673
64.052019	12116	0	6956247	6961673
64.060432	12116	0	6956247	6961673
64.073174	12116	0	6956247	6961673
64.082960	12116	0	6956247	6961673
64.089657	12116	0	6956247	6961673
64.099186	12116	0	6956247	6961673
64.109028	12116	0	6956247	6961673
64.119376	12116	0	6956247	6961673
64.127008	12116	0	6956247	6961673
64.135067	12116	0	6956247	6961673
64.141704	12116	0	6956247	6961673
64.146880	12116	0	6956247	6961673
64.159105	12116	0	6956247	6961673
64.166248	12116	0	6956247	6961673
64.174234	12116	0	6956247	6961673
64.185062	12116	0	6956247	6961673
64.198789	12116	0	6956247	6961673
64.210423	12116	0	6956247	6961673
64.224548	12116	0	6956247	6961673
64.234485	12116	0	6956247	6961673
64.242511	12116	0	6956247	6961673
64.250247	12116	0	6956247	6961673
64.258693	12116	0	6956247	6961673
64.271418	12116	0	6956247	6961673
64.276894	12116	0	6956247	6961673
64.282669	12116	0	6956247	6961673
64.289930	12116	0	6956247	6961673
64.296559	12116	0	6956247	6961673
64.306951	12116	0	6956247	6961673
64.319742	12116	0	6956247	6961673
64.330618	12116	0	6956247	6961673
64.342797	12116	0	6956247	6961673
64.356316	12116	0	6956247	6961673
64.368341	12116	0	6956247	6961673
64.377661	12116	0	6956247	6961673
64.387857	12116	0	6956247	6961673
64.401984	12116	0	6956247	6961673
64.413213	12116	0	6956247	6961673
64.427404	12116	0	6956247	6961673
64.434073	12116	0	6956247	6961673
64.446162	12116	0	6956247	6961673
64.453302	12116	0	6956247	6961673
64.466397	12116	0	6956247	6961673
64.479831	12116	0	6956247	6961673
64.492196	12116	0	6956247	6961673
64.499102	12116	0	6956247	6961673
64.512745	12116	0	6956247	6961673
64.527681	12116	0	6956247	6961673
64.540675	12116	0	6956247	6961673
64.552342	12116	0	6956247	6961673
64.563808	12116	0	6956247	6961673
64.577161	12116	0	6956247	6961673
64.590343	12116	0	6956247	6961673
64.598476	12116	0	6956247	6961673
64.611134	12116	0	6956247	6961673
64.619510	12116	0	6956247	6961673
64.630360	12116	0	6956247	6961673
64.644671	12116	0	6956247	6961673
64.655257	12116	0	6956247	6961673
64.667876	12116	0	6956247	6961673
64.682783	12116	0	6956247	6961673
64.690545	12116	0	6956247	6961673
64.700416	12116	0	6956247	6961673
64.713397	12116	0	6956247	6961673
64.722521	12116	0	6956247	6961673
64.736507	12116	0	6956247	6961673
64.742542	12116	0	6956247	6961673
64.753615	12116	0	6956247	6961673
64.762461	12116	0	6956247	6961673
64.771270	12116	0	6956247	6961673
64.777105	12116	0	6956247	6961673
64.788482	12116	0	6956247	6961673
64.801051	12116	0	6956247	6961673
64.814520	12116	0	6956247	6961673
64.820894	12116	0	6956247	6961673
64.831440	12116	0	6956247	6961673
64.837620	12116	0	6956247	6961673
64.847037	12116	0	6956247	6961673
64.853978	12116	0	6956247	6961673
64.867483	12116	0	6956247	6961673
64.875947	12116	0	6956247	6961673
64.889900	12116	0	6956247	6961673
64.899945	12116	0	6956247	6961673
64.906975	12116	0	6956247	6961673
64.919250	12116	0	6956247	6961673
64.926602	12116	0	6956247	6961673
64.932631	12116	0	6956247	6961673
64.946699	12116	0	6956247	6961673
64.961009	12116	0	6956247	6961673
64.970442	12116	0	6956247	6961673
64.979004	12116	0	6956247	6961673
64.993321	12116	0	6956247	6961673
65.000777	12116	0	6956247	6961673
65.012422	12116	0	6956247	6961673
65.021896	12116	0	6956247	6961673
65.033176	12116	0	6956247	6961673
65.042674	12116	0	6956247	6961673
65.049168	12116	0	6956247	6961673
65.061673	12116	0	6956247	6961673
65.071682	12116	0	6956247	6961673
65.078190	12116	0	6956247	6961673
65.091168	12116	0	6956247	6961673
65.103077	12116	0	6956247	6961673
65.115344	12116	0	6956247	6961673
65.127279	12116	0	6956247	6961673
65.133859	12116	0	6956247	6961673
65.145757	12116	0	6956247	6961673
65.156736	12116	0	6956247	6961673
65.171138	12116	0	6956247	6961673
65.178533	12116	0	6956247	6961673
65.190347	12116	0	6956247	6961673
65.197642	12116	0	6956247	6961673
65.211964	12116	0	6956247	6961673
65.217914	12116	0	6956247	6961673
65.226396	12116	0	6956247	6961673
65.232977	12116	0	6956247	6961673
65.244120	12116	0	6956247	6961673
65.259215	12116	0	6956247	6961673
65.267787	12116	0	6956247	6961673
65.279112	12116	0	6956247	6961673
65.285797	12116	0	6956247	6961673
65.295942	12116	0	6956247	6961673
65.305894	12116	0	6956247	6961673
65.317661	12116	0	6956247	6961673
65.328704	12116	0	6956247	6961673
65.342627	12116	0	6956247	6961673
65.352365	12116	0	6956247	6961673
65.360214	12116	0	6956247	6961673
65.367187	12116	0	6956247	6961673
65.378814	12116	0	6956247	6961673
65.384466	12116	0	6956247	6961673
65.395209	12116	0	6956247	6961673
65.408744	12116	0	6956247	6961673
65.418147	12118	3	832683	823865
65.424359	12119	0	837017	843701
65.439546	12121	3	883281	883281
65.451079	12123	0	909419	913371
65.461998	12123	0	909419	913371
65.470696	12123	0	909419	913371
65.484227	12124	3	991673	913371
65.495714	12127	2	1018680	1018680
65.506054	12127	0	1018680	1027267
65.512288	12127	0	1018680	1027267
65.519638	12127	0	1018680	1027267
65.527380	12129	0	1071810	1079313
65.538269	12131	0	1099756	1106459
65.544081	12131	0	1099756	1106459
65.555664	12131	0	1099756	1106459
65.567514	12131	0	1099756	1106459
65.577937	12131	0	1099756	1106459
65.587332	12131	0	1099756	1106459
65.600069	12131	0	1099756	1106459
65.611828	12133	3	1300267	1291449
65.623581	12134	0	1304601	1311285
65.638157	12136	0	1350865	1358334
65.652959	12138	0	1377003	1380955
65.664207	12138	0	1377003	1380955
65.678856	12140	2	1463997	1463997
65.684258	12141	2	1480738	1469081
65.691252	12142	0	1486264	1494851
65.702182	12142	0	1486264	1494851
65.708001	12144	3	1539394	1539394
65.715116	12145	3	1560263	1546897
65.729488	12146	0	1567340	1574043
65.740771	12146	0	1567340	1574043
65.755145	12146	0	1567340	1574043
65.765173	12146	0	1567340	1574043
65.771507	12146	0	1567340	1574043
65.785080	12146	0	1567340	1574043
65.795099	12148	3	1775005	1765624
65.805984	12149	0	1781676	1785608
65.811848	12149	0	1781676	1785608
65.821513	12152	2	1840589	1829223
65.836523	12153	0	1846878	1851124
65.842836	12153	0	1846878	1851124
65.854084	12154	3	1931638	1851124
65.863341	12156	3	1955123	1942986
65.877536	12157	0	1962208	1967655
65.884685	12158	3	2008366	1967655
65.895431	12161	3	2043630	2043630
65.908940	12161	0	2043630	2050124
65.923572	12161	0	2043630	2050124
65.931648	12161	0	2043630	2050124
65.946638	12161	0	2043630	2050124
65.959285	12161	0	2043630	2050124
65.970408	12164	2	2260029	2260029
65.976213	12164	0	2260029	2263961
65.991161	12166	0	2302850	2307576
66.000063	12168	0	2325231	2329477
66.008915	12168	0	2325231	2329477
66.023961	12168	0	2325231	2329477
66.034319	12170	0	2415850	2421339
66.040506	12172	2	2440561	2440561
66.052519	12172	0	2440561	2446008
66.060577	12173	3	2486719	2446008
66.074800	12176	3	2521983	2521983
66.086944	12176	0	2521983	2528477
66.098288	12176	0	2521983	2528477
66.113420	12176	0	2521983	2528477
66.127124	12176	0	2521983	2528477
66.135451	12176	0	2521983	2528477
66.142602	12176	0	2521983	2528477
66.152770	12177	3	2721499	2528477
66.160986	12178	2	2742119	2730105
66.166331	12179	0	2751117	2756061
66.178526	12179	0	2751117	2756061
66.186891	12181	0	2795906	2799800
66.200230	12183	0	2813253	2817527
66.212463	12183	0	2813253	2817527
66.224304	12185	2	2902514	2902514
66.237150	12187	3	2927544	2927544
66.250435	12187	0	2927544	2935720
66.262786	12189	0	2985552	2993271
66.276716	12191	0	3012629	3018513
66.283596	12191	0	3012629	3018513
66.296543	12191	0	3012629	3018513
66.305527	12191	0	3012629	3018513
66.316805	12191	0	3012629	3018513
66.325730	12191	0	3012629	3018513
66.334915	12191	0	3012629	3018513
66.341107	12192	0	3214045	3222651
66.356277	12194	0	3243663	3248607
66.361960	12194	0	3243663	3248607
66.369941	12197	3	3301894	3292346
66.381148	12198	0	3305799	3310073
66.386665	12198	0	3305799	3310073
66.401744	12200	2	3395060	3395060
66.410853	12202	3	3420090	3420090
66.416442	12202	0	3420090	3428266
66.427903	12204	2	3478098	3478098
66.442868	12206	0	3505175	3511059
66.450001	12206	0	3505175	3511059
66.459126	12206	0	3505175	3511059
66.466912	12206	0	3505175	3511059
66.480939	12206	0	3505175	3511059
66.487252	12206	0	3505175	3511059
66.501230	12206	0	3505175	3511059
66.515801	12208	3	3720676	3710325
66.522737	12209	0	3726536	3732408
66.532503	12209	0	3726536	3732408
66.540565	12211	3	3773012	3773012
66.548164	12212	2	3791946	3779245
66.555331	12213	0	3796605	3803631
66.561441	12213	0	3796605	3803631
66.568432	12213	0	3796605	3803631
66.578802	12213	0	3796605	3803631
66.591727	12215	2	3902670	3902670
66.604642	12217	3	3931690	3931690
66.613881	12217	0	3931690	3937519
66.627255	12219	2	3990426	3990426
66.633628	12219	0	3990426	3997842
66.639069	12221	2	4019019	4019019
66.650658	12221	0	4019019	4022955
66.658030	12221	0	4019019	4022955
66.665217	12221	0	4019019	4022955
66.673434	12221	0	4019019	4022955
66.686745	12221	0	4019019	4022955
66.700604	12221	0	4019019	4022955
66.712402	12221	0	4019019	4022955
66.718860	12221	0	4019019	4022955
66.731853	12224	2	4244601	4244601
66.745872	12224	0	4244601	4250473
66.756795	12226	0	4291077	4297310
66.767849	12228	0	4314670	4321696
66.773784	12228	0	4314670	4321696
66.785430	12228	0	4314670	4321696
66.791313	12228	0	4314670	4321696
66.796884	12228	0	4314670	4321696
66.808883	12231	3	4443522	4428892
66.818816	12232	0	4449755	4455584
66.832752	12234	0	4508491	4515907
66.842819	12236	0	4537084	4541020
66.853945	12236	0	4537084	4541020
66.866541	12236	0	4537084	4541020
66.881191	12236	0	4537084	4541020
66.887109	12236	0	4537084	4541020
66.897111	12236	0	4537084	4541020
66.909769	12237	3	4744442	4541020
66.920982	12239	0	4765734	4773064
66.930456	12239	0	4765734	4773064
66.938877	12241	3	4819175	4819175
66.948206	12243	0	4844852	4852546
66.960568	12243	0	4844852	4852546
66.973837	12243	0	4844852	4852546
66.982284	12244	3	4949801	4852546
66.992498	12246	3	4978368	4963187
66.998105	12247	0	4986440	4991099
67.006460	12247	0	4986440	4991099
67.013744	12249	3	5039741	5039741
67.028813	12251	0	5064733	5070893
67.038802	12251	0	5064733	5070893
67.047391	12251	0	5064733	5070893
67.061021	12251	0	5064733	5070893
67.073268	12251	0	5064733	5070893
67.078500	12251	0	5064733	5070893
67.083898	12251	0	5064733	5070893
67.093926	12251	0	5064733	5070893
67.109055	12254	0	5295066	5302396
67.121858	12254	0	5295066	5302396
67.133458	12258	3	5374184	5374184
67.141620	12258	0	5374184	5381878
67.149860	12258	0	5374184	5381878
67.161261	12258	0	5374184	5381878
67.171614	12260	3	5485207	5485207
67.184257	12262	0	5515772	5520431
67.195580	12262	0	5515772	5520431
67.208034	12266	3	5594065	5594065
67.217597	12266	0	5594065	5600225
67.226024	12266	0	5594065	5600225
67.239381	12266	0	5594065	5600225
67.251074	12266	0	5594065	5600225
67.263051	12266	0	5594065	5600225
67.271889	12266	0	5594065	5600225
67.285831	12267	0	5810078	5815942
67.300823	12269	0	5835611	5842961
67.310378	12269	0	5835611	5842961
67.321610	12272	2	5914263	5898309
67.334939	12273	0	5922455	5929364
67.345853	12273	0	5922455	5929364
67.358869	12273	0	5922455	5929364
67.365507	12275	0	6037371	6043250
67.377491	12277	0	6063856	6069214
67.389711	12279	2	6116753	6116753
67.399257	12279	0	6116753	6121046
67.405337	12279	0	6116753	6121046
67.419705	12281	0	6139542	6146145
67.428128	12281	0	6139542	6146145
67.441652	12281	0	6139542	6146145
67.452146	12281	0	6139542	6146145
67.465848	12281	0	6139542	6146145
67.472658	12281	0	6139542	6146145
67.478696	12281	0	6139542	6146145
67.487104	12282	0	6358717	6364581
67.501769	12284	0	6384250	6391600
67.514342	12285	2	6435281	6391600
67.522472	12286	0	6441113	6446948
67.527884	12288	3	6471094	6471094
67.539670	12288	0	6471094	6478003
67.550023	12288	0	6471094	6478003
67.564597	12288	0	6471094	6478003
67.575572	12291	3	6606229	6591889
67.590497	12292	0	6612495	6617853
67.605678	12296	3	6688181	6688181
67.611248	12296	0	6688181	6694784
67.626332	12296	0	6688181	6694784
67.631918	12296	0	6688181	6694784
67.641429	12296	0	6688181	6694784
67.656056	12296	0	6688181	6694784
67.663024	12296	0	6688181	6694784
67.674326	12296	0	6688181	6694784
67.682520	12296	0	6688181	6694784
67.693357	12299	3	6924875	6924875
67.704346	12299	0	6924875	6931031
67.713246	12299	0	6924875	6931031
67.720784	12299	0	6924875	6931031
67.727169	12301	2	6976316	6976316
67.739908	12301	0	6976316	6983697
67.749830	12301	0	6976316	6983697
67.762037	12302	3	6998773	6983697
67.774700	12303	0	7004524	7010759
67.781760	12303	0	7004524	7010759
67.788058	12303	0	7004524	7010759
67.795157	12303	0	7004524	7010759
67.801057	12303	0	7004524	7010759
67.815398	12305	0	7119600	7125837
67.822737	12306	2	7141141	7125837
67.835365	12307	0	7149632	7153881
67.848706	12307	0	7149632	7153881
67.862815	12308	3	7203828	7153881
67.876401	12311	2	7241955	7241955
67.888501	12311	0	7241955	7250916
67.898782	12311	0	7241955	7250916
67.909995	12311	0	7241955	7250916
67.924509	12311	0	7241955	7250916
67.937824	12311	0	7241955	7250916
67.951979	12311	0	7241955	7250916
67.960474	12311	0	7241955	7250916
67.974631	12311	0	7241955	7250916
67.982010	12312	0	7473893	7480108
67.994619	12314	0	7495944	7502100
68.004988	12314	0	7495944	7502100
68.011598	12315	2	7542330	7502100
68.025072	12317	3	7569842	7554766
68.035341	12318	0	7575593	7581828
68.044943	12318	0	7575593	7581828
68.055372	12318	0	7575593	7581828
68.061635	12318	0	7575593	7581828
68.070282	12318	0	7575593	7581828
68.075815	12318	0	7575593	7581828
68.083629	12320	0	7690669	7696906
68.091543	12322	2	7720701	7720701
68.099926	12322	0	7720701	7724950
68.109900	12322	0	7720701	7724950
68.123026	12322	0	7720701	7724950
68.135660	12324	0	7782669	7789644
68.147067	12326	0	7813024	7821985
68.156795	12326	0	7813024	7821985
68.168842	12326	0	7813024	7821985
68.179433	12326	0	7813024	7821985
68.188539	12326	0	7813024	7821985
68.202216	12326	0	7813024	7821985
68.213922	12326	0	7813024	7821985
68.220940	12326	0	7813024	7821985
68.235721	12326	0	7813024	7821985
68.248203	12327	0	8052016	8057839
68.254832	12329	3	8072808	8072808
68.264310	12329	0	8072808	8077474
68.274610	12330	2	8122503	8077474
68.281261	12331	0	8132632	8138738
68.290227	12332	3	8157507	8138738
68.299846	12333	0	8164901	8170691
68.311108	12333	0	8164901	8170691
68.322202	12333	0	8164901	8170691
68.330048	12333	0	8164901	8170691
68.339282	12333	0	8164901	8170691
68.353045	12335	0	8289418	8293716
68.360096	12337	3	8317203	8317203
68.371566	12337	0	8317203	8322243
68.380510	12337	0	8317203	8322243
68.390209	12337	0	8317203	8322243
68.404908	12339	2	8375596	8375596
68.412882	12339	0	8375596	8384125
68.422446	12341	2	8403674	8403674
68.435683	12341	0	8403674	8409520
68.446678	12341	0	8403674	8409520
68.455431	12341	0	8403674	8409520
68.460987	12341	0	8403674	8409520
68.468509	12341	0	8403674	8409520
68.477383	12341	0	8403674	8409520
68.491115	12341	0	8403674	8409520
68.496626	12341	0	8403674	8409520
68.511680	12341	0	8403674	8409520
68.525092	12342	0	8633719	8639542
68.533293	12343	2	8649475	8639542
68.543749	12344	0	8654511	8659177
68.555800	12344	0	8654511	8659177
68.566632	12345	3	8704206	8659177
68.577130	12346	0	8714335	8720441
68.588524	12348	0	8746604	8752394
68.601327	12348	0	8746604	8752394
68.608685	12348	0	8746604	8752394
68.621965	12348	0	8746604	8752394
68.632557	12348	0	8746604	8752394
68.641805	12350	3	8871121	8871121
68.654276	12352	3	8898906	8898906
68.661143	12352	0	8898906	8903946
68.667109	12352	0	8898906	8903946
68.680311	12352	0	8898906	8903946
68.692303	12353	3	8951883	8903946
68.706337	12356	0	8985377	8991223
68.720754	12356	0	8985377	8991223
68.732634	12356	0	8985377	8991223
68.740771	12356	0	8985377	8991223
68.752914	12356	0	8985377	8991223
68.761143	12356	0	8985377	8991223
68.774086	12356	0	8985377	8991223
68.786302	12356	0	8985377	8991223
68.795549	12356	0	8985377	8991223
68.808451	12356	0	8985377	8991223
68.822775	12356	0	8985377	8991223
68.828062	12356	0	8985377	8991223
68.836193	12356	0	8985377	8991223
68.844913	12356	0	8985377	8991223
68.851518	12356	0	8985377	8991223
68.859940	12356	0	8985377	8991223
68.870906	12356	0	8985377	8991223
68.878777	12356	0	8985377	8991223
68.890506	12356	0	8985377	8991223
68.902544	12356	0	8985377	8991223
68.911332	12356	0	8985377	8991223
68.925092	12356	0	8985377	8991223
68.933579	12356	0	8985377	8991223
68.942457	12356	0	8985377	8991223
68.954036	12356	0	8985377	8991223
68.964619	12356	0	8985377	8991223
68.975511	12356	0	8985377	8991223
68.989178	12356	0	8985377	8991223
69.001595	12356	0	8985377	8991223
69.007876	12356	0	8985377	8991223
69.013425	12356	0	8985377	8991223
69.023496	12356	0	8985377	8991223
69.037067	12356	0	8985377	8991223
69.051649	12356	0	8985377	8991223
69.062112	12356	0	8985377	8991223
69.072714	12356	0	8985377	8991223
69.085415	12356	0	8985377	8991223
69.092574	12356	0	8985377	8991223
69.106366	12356	0	8985377	8991223
69.112334	12356	0	8985377	8991223
69.122158	12356	0	8985377	8991223
69.133626	12356	0	8985377	8991223
69.145812	12356	0	8985377	8991223
69.156073	12356	0	8985377	8991223
69.167013	12356	0	8985377	8991223
69.175024	12356	0	8985377	8991223
69.189244	12356	0	8985377	8991223
69.202350	12356	0	8985377	8991223
69.217116	12356	0	8985377	8991223
69.231995	12356	0	8985377	8991223
69.239771	12356	0	8985377	8991223
69.247819	12356	0	8985377	8991223
69.254014	12356	0	8985377	8991223
69.259218	12356	0	8985377	8991223
69.265707	12356	0	8985377	8991223
69.280270	12356	0	8985377	8991223
69.292690	12356	0	8985377	8991223
69.302875	12356	0	8985377	8991223
69.314668	12356	0	8985377	8991223
69.322102	12356	0	8985377	8991223
69.335332	12356	0	8985377	8991223
69.341472	12356	0	8985377	8991223
69.350197	12356	0	8985377	8991223
69.362742	12356	0	8985377	8991223
69.377824	12356	0	8985377	8991223
69.392840	12356	0	8985377	8991223
69.404554	12356	0	8985377	8991223
69.413831	12356	0	8985377	8991223
69.427543	12356	0	8985377	8991223
69.433498	12356	0	8985377	8991223
69.446272	12356	0	8985377	8991223
69.461160	12356	0	8985377	8991223
69.472451	12356	0	8985377	8991223
69.478816	12356	0	8985377	8991223
69.493586	12356	0	8985377	8991223
69.507870	12356	0	8985377	8991223
69.518765	12356	0	8985377	8991223
69.533153	12356	0	8985377	8991223
69.542738	12356	0	8985377	8991223
69.557265	12356	0	8985377	8991223
69.572393	12356	0	8985377	8991223
69.578905	12356	0	8985377	8991223
69.587039	12356	0	8985377	8991223
69.601113	12356	0	8985377	8991223
69.609829	12356	0	8985377	8991223
69.619503	12356	0	8985377	8991223
69.627616	12356	0	8985377	8991223
69.641769	12356	0	8985377	8991223
69.654772	12356	0	8985377	8991223
69.668192	12356	0	8985377	8991223
69.677240	12356	0	8985377	8991223
69.690705	12356	0	8985377	8991223
69.702233	12356	0	8985377	8991223
69.713102	12356	0	8985377	8991223
69.725402	12356	0	8985377	8991223
69.733023	12356	0	8985377	8991223
69.744696	12356	0	8985377	8991223
69.757666	12356	0	8985377	8991223
69.769544	12356	0	8985377	8991223
69.779290	12356	0	8985377	8991223
69.787054	12356	0	8985377	8991223
69.796458	12356	0	8985377	8991223
69.806490	12356	0	8985377	8991223
69.820420	12356	0	8985377	8991223
69.829856	12356	0	8985377	8991223
69.835850	12356	0	8985377	8991223
69.841791	12356	0	8985377	8991223
69.851589	12356	0	8985377	8991223
69.863956	12356	0	8985377	8991223
69.871431	12356	0	8985377	8991223
69.882322	12356	0	8985377	8991223
69.889382	12356	0	8985377	8991223
69.900685	12356	0	8985377	8991223
69.914587	12356	0	8985377	8991223
69.926001	12356	0	8985377	8991223
69.938143	12356	0	8985377	8991223
69.944387	12356	0	8985377	8991223
69.955583	12356	0	8985377	8991223
69.967168	12356	0	8985377	8991223
69.978970	12356	0	8985377	8991223
69.985704	12356	0	8985377	8991223
69.992444	12356	0	8985377	8991223
70.006938	12356	0	8985377	8991223
70.021971	12356	0	8985377	8991223
70.030054	12356	0	8985377	8991223
70.044972	12356	0	8985377	8991223
70.054453	12356	0	8985377	8991223
70.064464	12356	0	8985377	8991223
70.077405	12356	0	8985377	8991223
70.086976	12356	0	8985377	8991223
70.094528	12356	0	8985377	8991223
70.107540	12356	0	8985377	8991223
70.115967	12356	0	8985377	8991223
70.130844	12356	0	8985377	8991223
70.140294	12356	0	8985377	8991223
70.147538	12356	0	8985377	8991223
70.154798	12356	0	8985377	8991223
70.163342	12356	0	8985377	8991223
70.175401	12356	0	8985377	8991223
70.189641	12356	0	8985377	8991223
70.194929	12356	0	8985377	8991223
70.206418	12356	0	8985377	8991223
70.216304	12356	0	8985377	8991223
70.227123	12356	0	8985377	8991223
70.237105	12356	0	8985377	8991223
70.247307	12356	0	8985377	8991223
70.261874	12356	0	8985377	8991223
70.275401	12356	0	8985377	8991223
70.282704	12356	0	8985377	8991223
70.295703	12356	0	8985377	8991223
70.310517	12356	0	8985377	8991223
70.320505	12356	0	8985377	8991223
70.334366	12356	0	8985377	8991223
70.345174	12356	0	8985377	8991223
70.356987	12356	0	8985377	8991223
70.370168	12356	0	8985377	8991223
70.380238	12356	0	8985377	8991223
70.393672	12356	0	8985377	8991223
70.400256	12356	0	8985377	8991223
70.407788	12356	0	8985377	8991223
70.413389	12356	0	8985377	8991223
70.425874	12356	0	8985377	8991223
70.438145	12356	0	8985377	8991223
70.450472	12356	0	8985377	8991223
70.461356	12356	0	8985377	8991223
70.468046	12356	0	8985377	8991223
70.476505	12356	0	8985377	8991223
70.485315	12356	0	8985377	8991223
70.497159	12356	0	8985377	8991223
70.502597	12356	0	8985377	8991223
70.507982	12356	0	8985377	8991223
70.520944	12356	0	8985377	8991223
70.529684	12356	0	8985377	8991223
70.534837	12356	0	8985377	8991223
70.546999	12356	0	8985377	8991223
70.552436	12356	0	8985377	8991223
70.567134	12356	0	8985377	8991223
70.579579	12356	0	8985377	8991223
70.591661	12356	0	8985377	8991223
70.599051	12356	0	8985377	8991223
70.604331	12356	0	8985377	8991223
70.613863	12356	0	8985377	8991223
70.622785	12356	0	8985377	8991223
70.628237	12356	0	8985377	8991223
70.640470	12356	0	8985377	8991223
70.649051	12356	0	8985377	8991223
70.662835	12356	0	8985377	8991223
70.670253	12356	0	8985377	8991223
70.677775	12356	0	8985377	8991223
70.688866	12356	0	8985377	8991223
70.700107	12356	0	8985377	8991223
70.708273	12356	0	8985377	8991223
70.722115	12356	0	8985377	8991223
70.732981	12356	0	8985377	8991223
70.742007	12356	0	8985377	8991223
70.749366	12356	0	8985377	8991223
70.761299	12356	0	8985377	8991223
70.773596	12356	0	8985377	8991223
70.788461	12356	0	8985377	8991223
70.798048	12356	0	8985377	8991223
70.809744	12356	0	8985377	8991223
70.824433	12356	0	8985377	8991223
70.836553	12356	0	8985377	8991223
70.851259	12356	0	8985377	8991223
70.862678	12356	0	8985377	8991223
70.876466	12356	0	8985377	8991223
70.884909	12356	0	8985377	8991223
70.896590	12356	0	8985377	8991223
70.903366	12356	0	8985377	8991223
70.911040	12356	0	8985377	8991223
70.919384	12356	0	8985377	8991223
70.924661	12356	0	8985377	8991223
70.937005	12356	0	8985377	8991223
70.946428	12356	0	8985377	8991223
70.960449	12356	0	8985377	8991223
70.967745	12356	0	8985377	8991223
70.980149	12356	0	8985377	8991223
70.986875	12356	0	8985377	8991223
71.000324	12356	0	8985377	8991223
71.015273	12356	0	8985377	8991223
71.028486	12356	0	8985377	8991223
71.038741	12356	0	8985377	8991223
71.044658	12356	0	8985377	8991223
71.050416	12356	0	8985377	8991223
71.058424	12356	0	8985377	8991223
71.073487	12356	0	8985377	8991223
71.078890	12356	0	8985377	8991223
71.089467	12356	0	8985377	8991223
71.100184	12356	0	8985377	8991223
71.113288	12356	0	8985377	8991223
71.121685	12356	0	8985377	8991223
71.130273	12356	0	8985377	8991223
71.137358	12356	0	8985377	8991223
71.150317	12356	0	8985377	8991223
71.164049	12356	0	8985377	8991223
71.174030	12356	0	8985377	8991223
71.179880	12356	0	8985377	8991223
71.186852	12356	0	8985377	8991223
71.196855	12356	0	8985377	8991223
71.209985	12356	0	8985377	8991223
71.220685	12356	0	8985377	8991223
71.230158	12356	0	8985377	8991223
71.241515	12356	0	8985377	8991223
71.252868	12356	0	8985377	8991223
71.260260	12356	0	8985377	8991223
71.271666	12356	0	8985377	8991223
71.282426	12356	0	8985377	8991223
71.291427	12356	0	8985377	8991223
71.300056	12356	0	8985377	8991223
71.307872	12356	0	8985377	8991223
71.320018	12356	0	8985377	8991223
71.326709	12356	0	8985377	8991223
71.334784	12356	0	8985377	8991223
71.348277	12356	0	8985377	8991223
71.362231	12356	0	8985377	8991223
71.370181	12356	0	8985377	8991223
71.380699	12356	0	8985377	8991223
71.394327	12356	0	8985377	8991223
71.406129	12356	0	8985377	8991223
71.420747	12356	0	8985377	8991223
71.432428	12356	0	8985377	8991223
71.438702	12356	0	8985377	8991223
71.453777	12356	0	8985377	8991223
71.465459	12356	0	8985377	8991223
71.474440	12356	0	8985377	8991223
71.480896	12356	0	8985377	8991223
71.487958	12356	0	8985377	8991223
71.502971	12356	0	8985377	8991223
71.514700	12356	0	8985377	8991223
71.529374	12356	0	8985377	8991223
71.537736	12356	0	8985377	8991223
71.551911	12356	0	8985377	8991223
71.566714	12356	0	8985377	8991223
71.575988	12356	0	8985377	8991223
71.586850	12356	0	8985377	8991223
71.594832	12356	0	8985377	8991223
71.604350	12356	0	8985377	8991223
71.615524	12356	0	8985377	8991223
71.625160	12356	0	8985377	8991223
71.631197	12356	0	8985377	8991223
71.639173	12356	0	8985377	8991223
71.650606	12356	0	8985377	8991223
71.658818	12356	0	8985377	8991223
71.667633	12356	0	8985377	8991223
71.679828	12356	0	8985377	8991223
71.687143	12356	0	8985377	8991223
71.695190	12356	0	8985377	8991223
71.704767	12356	0	8985377	8991223
71.717058	12356	0	8985377	8991223
71.730767	12356	0	8985377	8991223
71.739885	12356	0	8985377	8991223
71.748659	12356	0	8985377	8991223
71.759951	12356	0	8985377	8991223
71.774524	12356	0	8985377	8991223
71.782443	12356	0	8985377	8991223
71.795898	12356	0	8985377	8991223
71.808915	12356	0	8985377	8991223
71.823781	12356	0	8985377	8991223
71.831036	12356	0	8985377	8991223
71.845559	12356	0	8985377	8991223
71.855265	12356	0	8985377	8991223
71.864153	12356	0	8985377	8991223
71.870122	12356	0	8985377	8991223
71.881149	12356	0	8985377	8991223
71.896264	12356	0	8985377	8991223
71.901478	12356	0	8985377	8991223
71.915573	12356	0	8985377	8991223
71.926884	12356	0	8985377	8991223
71.934448	12356	0	8985377	8991223
71.944696	12356	0	8985377	8991223
71.952207	12356	0	8985377	8991223
71.965588	12356	0	8985377	8991223
71.976284	12356	0	8985377	8991223
71.988113	12356	0	8985377	8991223
72.001337	12356	0	8985377	8991223
72.006967	12356	0	8985377	8991223
72.017319	12356	0	8985377	8991223
72.022590	12356	0	8985377	8991223
72.032824	12356	0	8985377	8991223
72.038201	12356	0	8985377	8991223
72.052377	12356	0	8985377	8991223
72.060344	12356	0	8985377	8991223
72.074697	12356	0	8985377	8991223
72.085982	12356	0	8985377	8991223
72.100765	12356	0	8985377	8991223
72.115392	12356	0	8985377	8991223
72.128673	12356	0	8985377	8991223
72.137741	12356	0	8985377	8991223
72.145095	12356	0	8985377	8991223
72.155516	12356	0	8985377	8991223
72.163799	12356	0	8985377	8991223
72.172802	12356	0	8985377	8991223
72.186255	12357	0	847752	853670
72.198642	12359	0	870327	876963
72.209843	12359	0	870327	876963
72.216941	12361	0	927559	934624
72.228811	12363	3	961379	961379
72.243105	12363	0	961379	969663
72.253982	12363	0	961379	969663
72.267441	12363	0	961379	969663
72.281885	12365	3	1091777	1091777
72.290973	12365	0	1091777	1099671
72.296404	12367	3	1120677	1120677
72.306372	12367	0	1120677	1128992
72.315107	12368	2	1175700	1128992
72.324274	12370	2	1201747	1187459
72.331660	12371	0	1207268	1211990
72.343777	12371	0	1207268	1211990
72.355685	12371	0	1207268	1211990
72.361533	12371	0	1207268	1211990
72.375777	12371	0	1207268	1211990
72.382509	12371	0	1207268	1211990
72.389399	12371	0	1207268	1211990
72.400550	12371	0	1207268	1211990
72.409189	12371	0	1207268	1211990
72.424259	12372	0	1443808	1449726
72.436754	12374	0	1466383	1473019
72.449844	12376	2	1523615	1523615
72.456136	12376	0	1523615	1530680
72.462310	12377	3	1549280	1530680
72.469634	12378	0	1557435	1565719
72.474999	12378	0	1557435	1565719
72.482271	12378	0	1557435	1565719
72.494503	12378	0	1557435	1565719
72.499929	12378	0	1557435	1565719
72.509718	12378	0	1557435	1565719
72.523563	12380	0	1687833	1695727
72.535304	12382	0	1716733	1725048
72.547750	12383	2	1771756	1725048
72.561224	12386	3	1803324	1803324
72.571901	12386	0	1803324	1808046
72.579685	12386	0	1803324	1808046
72.592716	12386	0	1803324	1808046
72.606051	12386	0	1803324	1808046
72.621238	12386	0	1803324	1808046
72.632685	12386	0	1803324	1808046
72.638212	12386	0	1803324	1808046
72.647411	12386	0	1803324	1808046
72.661806	12388	3	2069401	2055957
72.668293	12389	0	2074507	2082189
72.679695	12389	0	2074507	2082189
72.694267	12391	0	2136804	2146560
72.706633	12393	0	2171620	2179478
72.717272	12393	0	2171620	2179478
72.727814	12393	0	2171620	2179478
72.735859	12393	0	2171620	2179478
72.741279	12393	0	2171620	2179478
72.749247	12395	0	2294125	2297290
72.761659	12396	3	2312543	2297290
72.773898	12397	0	2321497	2327739
72.786300	12399	3	2381597	2381597
72.792810	12400	2	2401963	2386684
72.804751	12401	0	2407427	2413699
72.813835	12401	0	2407427	2413699
72.826560	12401	0	2407427	2413699
72.833748	12401	0	2407427	2413699
72.845281	12401	0	2407427	2413699
72.858163	12401	0	2407427	2413699
72.863370	12401	0	2407427	2413699
72.869033	12401	0	2407427	2413699
72.876634	12401	0	2407427	2413699
72.889118	12402	0	2657334	2664430
72.898390	12404	3	2682980	2682980
72.904622	12404	0	2682980	2690662
72.918856	12406	2	2745277	2745277
72.933275	12408	3	2780093	2780093
72.944695	12408	0	2780093	2787951
72.957586	12408	0	2780093	2787951
72.965609	12408	0	2780093	2787951
72.976675	12409	2	2898329	2787951
72.988161	12411	3	2921016	2905763
72.996038	12412	0	2929970	2936212
73.005977	12412	0	2929970	2936212
73.016470	12415	2	3010436	2995157
73.030153	12416	0	3015900	3022172
73.038685	12416	0	3015900	3022172
73.046801	12416	0	3015900	3022172
73.056311	12416	0	3015900	3022172
73.067082	12416	0	3015900	3022172
73.080063	12416	0	3015900	3022172
73.090277	12416	0	3015900	3022172
73.095678	12416	0	3015900	3022172
73.106158	12416	0	3015900	3022172
73.115196	12417	3	3272233	3022172
73.127772	12419	0	3303112	3309384
73.140278	12419	0	3303112	3309384
73.150537	12421	0	3367224	3370666
73.163271	12423	0	3396601	3403251
73.173278	12423	0	3396601	3403251
73.187063	12423	0	3396601	3403251
73.197526	12423	0	3396601	3403251
73.202770	12424	3	3518377	3403251
73.209152	12425	0	3522717	3529351
73.214850	12427	3	3549888	3549888
73.221452	12427	0	3549888	3556086
73.232227	12428	2	3605196	3556086
73.247458	12431	0	3639792	3644859
73.252682	12431	0	3639792	3644859
73.267796	12431	0	3639792	3644859
73.276982	12431	0	3639792	3644859
73.288114	12431	0	3639792	3644859
73.300426	12431	0	3639792	3644859
73.314072	12431	0	3639792	3644859
73.320894	12431	0	3639792	3644859
73.332171	12431	0	3639792	3644859
73.339249	12432	0	3897897	3907667
73.349769	12434	0	3928776	3935048
73.362088	12434	0	3928776	3935048
73.369866	12436	0	3992888	3996330
73.381942	12438	0	4022265	4028915
73.392198	12438	0	4022265	4028915
73.405636	12438	0	4022265	4028915
73.412046	12438	0	4022265	4028915
73.421579	12438	0	4022265	4028915
73.427388	12440	2	4148381	4148381
73.437223	12442	0	4175552	4181750
73.446837	12442	0	4175552	4181750
73.453740	12442	0	4175552	4181750
73.467099	12445	3	4261152	4244880
73.480770	12446	0	4265456	4270523
73.493224	12446	0	4265456	4270523
73.499806	12446	0	4265456	4270523
73.511267	12446	0	4265456	4270523
73.522183	12446	0	4265456	4270523
73.532191	12446	0	4265456	4270523
73.542720	12446	0	4265456	4270523
73.551460	12446	0	4265456	4270523
73.560525	12447	0	4514619	4520455
73.573205	12449	0	4538905	4544788
73.586572	12451	3	4602555	4602555
73.600948	12453	0	4632031	4636678
73.609864	12453	0	4632031	4636678
73.621950	12453	0	4632031	4636678
73.627672	12453	0	4632031	4636678
73.637570	12453	0	4632031	4636678
73.642786	12454	3	4760175	4636678
73.651817	12455	0	4769876	4775737
73.662444	12457	0	4803864	4808901
73.676229	12458	3	4864125	4808901
73.682711	12459	0	4869234	4876289
73.692827	12461	0	4898564	4905542
73.704650	12461	0	4898564	4905542
73.716817	12461	0	4898564	4905542
73.722539	12461	0	4898564	4905542
73.737055	12461	0	4898564	4905542
73.750421	12461	0	4898564	4905542
73.757063	12461	0	4898564	4905542
73.770804	12461	0	4898564	4905542
73.783142	12463	3	5180031	5167445
73.789990	12464	0	5185895	5191778
73.799844	12464	0	5185895	5191778
73.811751	12466	0	5249545	5255768
73.819241	12468	0	5279021	5283668
73.831421	12468	0	5279021	5283668
73.846421	12468	0	5279021	5283668
73.861508	12469	2	5407165	5283668
73.867849	12470	0	5416866	5422727
73.880791	12472	0	5450854	5455891
73.890024	12472	0	5450854	5455891
73.896121	12472	0	5450854	5455891
73.910119	12476	2	5545554	5545554
73.919045	12476	0	5545554	5552532
73.930873	12476	0	5545554	5552532
73.941656	12476	0	5545554	5552532
73.952848	12476	0	5545554	5552532
73.958423	12476	0	5545554	5552532
73.963696	12476	0	5545554	5552532
73.975366	12476	0	5545554	5552532
73.986627	12476	0	5545554	5552532
73.999186	12476	0	5545554	5552532
74.007760	12477	3	5833317	5552532
74.019268	12478	3	5860575	5843027
74.027990	12479	0	5868378	5874618
74.039614	12479	0	5868378	5874618
74.054297	12482	2	5962511	5941857
74.067232	12483	0	5971800	5979279
74.077231	12483	0	5971800	5979279
74.091820	12483	0	5971800	5979279
74.106686	12483	0	5971800	5979279
74.113117	12485	0	6102303	6108174
74.120423	12487	0	6127278	6132718
74.128400	12487	0	6127278	6132718
74.140047	12489	0	6184936	6190723
74.147256	12491	2	6210909	6210909
74.154573	12491	0	6210909	6215228
74.163545	12491	0	6210909	6215228
74.176956	12491	0	6210909	6215228
74.190256	12491	0	6210909	6215228
74.202931	12491	0	6210909	6215228
74.208201	12491	0	6210909	6215228
74.218347	12491	0	6210909	6215228
74.232914	12491	0	6210909	6215228
74.247707	12492	0	6484019	6493729
74.259985	12494	0	6519080	6525320
74.268149	12494	0	6519080	6525320
74.282739	12496	0	6587892	6592559
74.290168	12497	2	6613213	6592559
74.301215	12498	0	6622502	6629981
74.313575	12498	0	6622502	6629981
74.320021	12498	0	6622502	6629981
74.328866	12498	0	6622502	6629981
74.335096	12498	0	6622502	6629981
74.347890	12500	0	6753005	6758876
74.360783	12502	0	6777980	6783420
74.375519	12504	0	6835638	6841425
74.380840	12505	3	6856933	6841425
74.392457	12506	0	6861611	6865930
74.404112	12506	0	6861611	6865930
74.413123	12506	0	6861611	6865930
74.425929	12506	0	6861611	6865930
74.436625	12506	0	6861611	6865930
74.451243	12506	0	6861611	6865930
74.457500	12506	0	6861611	6865930
74.471992	12506	0	6861611	6865930
74.477711	12506	0	6861611	6865930
74.490065	12507	0	7120333	7126161
74.497858	12508	3	7139758	7126161
74.505496	12509	0	7146338	7151790
74.518461	12509	0	7146338	7151790
74.527094	12511	0	7203971	7211317
74.533286	12512	2	7229927	7211317
74.542636	12513	0	7237724	7243819
74.553564	12513	0	7237724	7243819
74.563789	12513	0	7237724	7243819
74.572346	12513	0	7237724	7243819
74.578897	12513	0	7237724	7243819
74.591087	12513	0	7237724	7243819
74.596388	12513	0	7237724	7243819
74.606467	12515	3	7378012	7378012
74.613045	12515	0	7378012	7384648
74.622969	12517	3	7409293	7409293
74.630495	12517	0	7409293	7416321
74.642737	12517	0	7409293	7416321
74.648933	12517	0	7409293	7416321
74.663826	12519	0	7480767	7486997
74.673633	12521	0	7513614	7519836
74.683978	12521	0	7513614	7519836
74.695644	12521	0	7513614	7519836
74.703522	12521	0	7513614	7519836
74.718123	12521	0	7513614	7519836
74.724319	12521	0	7513614	7519836
74.731045	12521	0	7513614	7519836
74.738171	12521	0	7513614	7519836
74.744186	12521	0	7513614	7519836
74.758622	12521	0	7513614	7519836
74.768299	12521	0	7513614	7519836
74.782885	12521	0	7513614	7519836
74.795878	12522	0	7794436	7800264
74.801060	12523	3	7813861	7800264
74.810231	12524	0	7820441	7825893
74.825384	12526	2	7878074	7878074
74.836414	12527	2	7904030	7885420
74.847176	12528	0	7911827	7917922
74.854730	12528	0	7911827	7917922
74.865802	12528	0	7911827	7917922
74.874119	12528	0	7911827	7917922
74.883318	12528	0	7911827	7917922
74.896772	12528	0	7911827	7917922
74.908367	12529	2	8045935	7917922
74.918866	12530	0	8052115	8058751
74.925299	12531	2	8077939	8058751
74.935758	12532	0	8083396	8090424
74.948741	12532	0	8083396	8090424
74.959518	12534	3	8154870	8154870
74.972912	12536	2	8187717	8187717
74.984902	12536	0	8187717	8193939
74.996618	12536	0	8187717	8193939
75.004459	12536	0	8187717	8193939
75.018467	12536	0	8187717	8193939
75.029051	12536	0	8187717	8193939
75.034584	12536	0	8187717	8193939
75.049110	12536	0	8187717	8193939
75.059195	12536	0	8187717	8193939
75.066879	12536	0	8187717	8193939
75.077731	12536	0	8187717	8193939
75.089893	12536	0	8187717	8193939
75.102155	12538	2	8490999	8476429
75.112283	12539	0	8497967	8503297
75.127269	12539	0	8497967	8503297
75.141715	12539	0	8497967	8503297
75.152022	12541	0	8566166	8571966
75.166410	12543	0	8595319	8601136
75.179633	12543	0	8595319	8601136
75.192040	12543	0	8595319	8601136
75.205946	12543	0	8595319	8601136
75.215353	12543	0	8595319	8601136
75.228460	12545	0	8743748	8750741
75.240681	12547	0	8776980	8783178
75.253026	12547	0	8776980	8783178
75.266614	12549	3	8849541	8849541
75.275673	12549	0	8849541	8856544
75.289852	12551	0	8882521	8887183
75.304624	12551	0	8882521	8887183
75.315888	12551	0	8882521	8887183
75.325695	12551	0	8882521	8887183
75.335287	12551	0	8882521	8887183
75.343726	12551	0	8882521	8887183
75.352702	12551	0	8882521	8887183
75.366697	12551	0	8882521	8887183
75.375788	12551	0	8882521	8887183
75.389269	12551	0	8882521	8887183
75.404371	12551	0	8882521	8887183
75.411607	12551	0	8882521	8887183
75.421970	12551	0	8882521	8887183
75.433254	12551	0	8882521	8887183
75.442534	12551	0	8882521	8887183
75.453529	12552	0	9166632	9172853
75.461873	12554	0	9194391	9199721
75.471692	12554	0	9194391	9199721
75.486117	12555	3	9254074	9199721
75.500497	12557	2	9287472	9268390
75.508185	12558	0	9291743	9297560
75.519994	12558	0	9291743	9297560
75.530888	12558	0	9291743	9297560
75.544826	12558	0	9291743	9297560
75.554828	12558	0	9291743	9297560
75.569957	12558	0	9291743	9297560
75.575201	12558	0	9291743	9297560
75.588523	12560	0	9440172	9447165
75.601112	12562	3	9473404	9473404
75.613495	12562	0	9473404	9479602
75.621689	12562	0	9473404	9479602
75.636325	12563	2	9539372	9479602
75.649195	12564	0	9545965	9552968
75.659701	12566	0	9578945	9583607
75.667106	12566	0	9578945	9583607
75.678134	12566	0	9578945	9583607
75.692357	12566	0	9578945	9583607
75.698284	12566	0	9578945	9583607
75.710800	12566	0	9578945	9583607
75.716370	12566	0	9578945	9583607
75.723642	12566	0	9578945	9583607
75.733005	12566	0	9578945	9583607
75.743961	12566	0	9578945	9583607
75.751790	12566	0	9578945	9583607
75.760193	12566	0	9578945	9583607
75.769701	12566	0	9578945	9583607
75.783075	12566	0	9578945	9583607
75.791103	12566	0	9578945	9583607
75.803370	12566	0	9578945	9583607
75.810108	12566	0	9578945	9583607
75.819646	12566	0	9578945	9583607
75.826972	12567	0	9871692	9877519
75.836451	12568	3	9893713	9877519
75.842015	12569	2	9901046	9901046
75.851216	12569	0	9901046	9908007
75.863558	12569	0	9901046	9908007
75.873869	12569	0	9901046	9908007
75.889010	12571	0	9973591	9982124
75.900844	12572	2	10003583	9982124
75.906877	12573	0	10010568	10016365
75.919357	12573	0	10010568	10016365
75.929531	12573	0	10010568	10016365
75.937186	12573	0	10010568	10016365
75.944205	12573	0	10010568	10016365
75.951546	12573	0	10010568	10016365
75.960386	12573	0	10010568	10016365
75.970394	12573	0	10010568	10016365
75.983809	12573	0	10010568	10016365
75.995758	12573	0	10010568	10016365
76.001942	12574	3	10153265	10016365
76.014371	12575	0	10159475	10165246
76.019653	12576	2	10186096	10165246
76.033441	12577	0	10191144	10200049
76.047386	12577	0	10191144	10200049
76.058547	12578	2	10259524	10200049
76.065119	12579	0	10266070	10272262
76.072256	12579	0	10266070	10272262
76.079681	12581	0	10293187	10298597
76.092508	12581	0	10293187	10298597
76.105806	12581	0	10293187	10298597
76.114787	12581	0	10293187	10298597
76.123679	12581	0	10293187	10298597
76.135206	12581	0	10293187	10298597
76.149124	12581	0	10293187	10298597
76.161217	12581	0	10293187	10298597
76.169206	12581	0	10293187	10298597
76.178397	12581	0	10293187	10298597
76.187649	12581	0	10293187	10298597
76.193992	12581	0	10293187	10298597
76.204725	12581	0	10293187	10298597
76.216910	12581	0	10293187	10298597
76.227505	12581	0	10293187	10298597
76.235407	12581	0	10293187	10298597
76.249415	12582	2	10582445	10298597
76.258649	12582	0	10582445	10588272
76.271220	12584	0	10611799	10618760
76.281834	12584	0	10611799	10618760
76.289454	12584	0	10611799	10618760
76.295495	12584	0	10611799	10618760
76.307102	12585	2	10678893	10618760
76.314035	12586	3	10684344	10684344
76.326906	12586	0	10684344	10692877
76.333403	12587	2	10714336	10692877
76.347053	12588	0	10721321	10727118
76.359489	12588	0	10721321	10727118
76.366857	12588	0	10721321	10727118
76.373543	12588	0	10721321	10727118
76.386684	12588	0	10721321	10727118
76.392678	12588	0	10721321	10727118
76.406148	12588	0	10721321	10727118
76.413107	12588	0	10721321	10727118
76.424333	12588	0	10721321	10727118
76.431267	12588	0	10721321	10727118
76.437751	12588	0	10721321	10727118
76.449340	12590	0	10870228	10875999
76.461689	12592	3	10901897	10901897
76.471796	12592	0	10901897	10910802
76.479358	12592	0	10901897	10910802
76.492899	12592	0	10901897	10910802
76.501251	12593	2	10970277	10910802
76.509929	12594	0	10976823	10983015
76.521074	12595	3	11000436	10983015
76.527762	12596	0	11003940	11009350
76.541418	12596	0	11003940	11009350
76.553979	12596	0	11003940	11009350
76.564295	12596	0	11003940	11009350
76.571554	12596	0	11003940	11009350
76.582475	12596	0	11003940	11009350
76.595162	12596	0	11003940	11009350
76.609403	12596	0	11003940	11009350
76.614723	12596	0	11003940	11009350
76.620178	12596	0	11003940	11009350
76.633587	12596	0	11003940	11009350
76.642486	12596	0	11003940	11009350
76.656246	12596	0	11003940	11009350
76.670815	12596	0	11003940	11009350
76.682072	12596	0	11003940	11009350
76.694784	12596	0	11003940	11009350
76.703655	12596	0	11003940	11009350
76.716362	12596	0	11003940	11009350
76.730264	12596	0	11003940	11009350
76.742350	12596	0	11003940	11009350
76.748006	12596	0	11003940	11009350
76.761391	12596	0	11003940	11009350
76.771689	12596	0	11003940	11009350
76.785396	12596	0	11003940	11009350
76.796972	12596	0	11003940	11009350
76.803079	12596	0	11003940	11009350
76.816686	12596	0	11003940	11009350
76.827994	12596	0	11003940	11009350
76.836690	12596	0	11003940	11009350
76.842030	12596	0	11003940	11009350
76.856072	12596	0	11003940	11009350
76.861933	12596	0	11003940	11009350
76.868870	12596	0	11003940	11009350
76.880550	12596	0	11003940	11009350
76.890521	12596	0	11003940	11009350
76.898580	12596	0	11003940	11009350
76.908914	12596	0	11003940	11009350
76.915293	12596	0	11003940	11009350
76.921691	12596	0	11003940	11009350
76.934986	12596	0	11003940	11009350
76.945331	12596	0	11003940	11009350
76.952497	12596	0	11003940	11009350
76.960194	12596	0	11003940	11009350
76.966262	12596	0	11003940	11009350
76.976015	12596	0	11003940	11009350
76.987084	12596	0	11003940	11009350
77.000329	12596	0	11003940	11009350
77.013687	12596	0	11003940	11009350
77.020203	12596	0	11003940	11009350
77.026574	12596	0	11003940	11009350
77.037961	12596	0	11003940	11009350
77.043650	12596	0	11003940	11009350
77.054022	12596	0	11003940	11009350
77.068282	12596	0	11003940	11009350
77.082248	12596	0	11003940	11009350
77.095119	12596	0	11003940	11009350
77.102871	12596	0	11003940	11009350
77.116958	12596	0	11003940	11009350
77.128934	12596	0	11003940	11009350
77.137606	12596	0	11003940	11009350
77.148263	12596	0	11003940	11009350
77.159411	12596	0	11003940	11009350
77.173131	12596	0	11003940	11009350
77.186602	12596	0	11003940	11009350
77.194744	12596	0	11003940	11009350
77.201342	12596	0	11003940	11009350
77.207223	12596	0	11003940	11009350
77.219968	12596	0	11003940	11009350
77.231046	12596	0	11003940	11009350
77.236371	12596	0	11003940	11009350
77.241809	12596	0	11003940	11009350
77.256935	12596	0	11003940	11009350
77.271268	12596	0	11003940	11009350
77.285035	12596	0	11003940	11009350
77.290385	12596	0	11003940	11009350
77.300306	12596	0	11003940	11009350
77.311095	12596	0	11003940	11009350
77.317258	12596	0	11003940	11009350
77.323677	12596	0	11003940	11009350
77.330002	12596	0	11003940	11009350
77.344313	12596	0	11003940	11009350
77.352208	12596	0	11003940	11009350
77.367252	12596	0	11003940	11009350
77.374959	12596	0	11003940	11009350
77.381731	12596	0	11003940	11009350
77.394892	12596	0	11003940	11009350
77.408826	12596	0	11003940	11009350
77.420594	12596	0	11003940	11009350
77.428537	12596	0	11003940	11009350
77.439821	12596	0	11003940	11009350
77.450755	12596	0	11003940	11009350
77.465514	12596	0	11003940	11009350
77.479264	12596	0	11003940	11009350
77.489156	12596	0	11003940	11009350
77.496257	12596	0	11003940	11009350
77.506473	12596	0	11003940	11009350
77.512952	12596	0	11003940	11009350
77.520046	12596	0	11003940	11009350
77.532233	12596	0	11003940	11009350
77.544831	12596	0	11003940	11009350
77.558461	12596	0	11003940	11009350
77.569828	12596	0	11003940	11009350
77.575949	12596	0	11003940	11009350
77.583144	12596	0	11003940	11009350
77.596397	12596	0	11003940	11009350
77.603327	12596	0	11003940	11009350
77.614538	12596	0	11003940	11009350
77.620879	12596	0	11003940	11009350
77.628095	12596	0	11003940	11009350
77.634182	12596	0	11003940	11009350
77.648569	12596	0	11003940	11009350
77.654503	12596	0	11003940	11009350
77.660968	12596	0	11003940	11009350
77.666872	12596	0	11003940	11009350
77.681773	12596	0	11003940	11009350
77.695548	12596	0	11003940	11009350
77.704406	12596	0	11003940	11009350
77.718022	12596	0	11003940	11009350
77.726373	12596	0	11003940	11009350
77.732487	12596	0	11003940	11009350
77.742433	12596	0	11003940	11009350
77.749671	12596	0	11003940	11009350
77.760072	12596	0	11003940	11009350
77.771407	12596	0	11003940	11009350
77.786187	12596	0	11003940	11009350
77.792480	12596	0	11003940	11009350
77.806489	12596	0	11003940	11009350
77.815442	12596	0	11003940	11009350
77.825727	12596	0	11003940	11009350
77.831948	12596	0	11003940	11009350
77.845031	12596	0	11003940	11009350
77.859286	12596	0	11003940	11009350
77.868211	12596	0	11003940	11009350
77.874164	12596	0	11003940	11009350
77.880660	12596	0	11003940	11009350
77.893033	12596	0	11003940	11009350
77.906243	12596	0	11003940	11009350
77.913295	12596	0	11003940	11009350
77.920306	12596	0	11003940	11009350
77.934788	12596	0	11003940	11009350
77.949380	12596	0	11003940	11009350
77.962299	12596	0	11003940	11009350
77.970503	12596	0	11003940	11009350
77.981888	12596	0	11003940	11009350
77.996674	12596	0	11003940	11009350
78.009413	12596	0	11003940	11009350
78.023022	12596	0	11003940	11009350
78.037883	12596	0	11003940	11009350
78.046313	12596	0	11003940	11009350
78.056015	12596	0	11003940	11009350
78.068731	12596	0	11003940	11009350
78.078163	12596	0	11003940	11009350
78.093353	12596	0	11003940	11009350
78.107778	12596	0	11003940	11009350
78.122885	12596	0	11003940	11009350
78.133398	12596	0	11003940	11009350
78.139921	12596	0	11003940	11009350
78.149133	12596	0	11003940	11009350
78.158527	12596	0	11003940	11009350
78.172012	12596	0	11003940	11009350
78.179754	12596	0	11003940	11009350
78.189361	12596	0	11003940	11009350
78.199430	12596	0	11003940	11009350
78.209538	12596	0	11003940	11009350
78.221804	12596	0	11003940	11009350
78.233454	12596	0	11003940	11009350
78.247218	12596	0	11003940	11009350
78.257321	12596	0	11003940	11009350
78.267175	12596	0	11003940	11009350
78.280829	12596	0	11003940	11009350
78.288316	12596	0	11003940	11009350
78.298832	12596	0	11003940	11009350
78.305446	12596	0	11003940	11009350
78.311492	12596	0	11003940	11009350
78.325377	12596	0	11003940	11009350
78.332516	12596	0	11003940	11009350
78.347343	12596	0	11003940	11009350
78.359141	12596	0	11003940	11009350
78.366662	12596	0	11003940	11009350
78.374106	12596	0	11003940	11009350
78.384929	12596	0	11003940	11009350
78.393514	12596	0	11003940	11009350
78.405657	12596	0	11003940	11009350
78.414705	12596	0	11003940	11009350
78.425726	12596	0	11003940	11009350
78.434747	12596	0	11003940	11009350
78.440784	12596	0	11003940	11009350
78.453107	12596	0	11003940	11009350
78.464125	12596	0	11003940	11009350
78.474599	12596	0	11003940	11009350
78.485805	12596	0	11003940	11009350
78.496664	12596	0	11003940	11009350
78.501855	12596	0	11003940	11009350
78.508748	12596	0	11003940	11009350
78.518738	12596	0	11003940	11009350
78.533173	12596	0	11003940	11009350
78.547791	12596	0	11003940	11009350
78.562747	12596	0	11003940	11009350
78.575671	12596	0	11003940	11009350
78.585279	12596	0	11003940	11009350
78.596779	12596	0	11003940	11009350
78.608481	12596	0	11003940	11009350
78.621181	12596	0	11003940	11009350
78.626527	12596	0	11003940	11009350
78.641644	12596	0	11003940	11009350
78.656782	12596	0	11003940	11009350
78.668311	12596	0	11003940	11009350
78.676374	12596	0	11003940	11009350
78.686938	12596	0	11003940	11009350
78.696002	12596	0	11003940	11009350
78.710686	12596	0	11003940	11009350
78.722989	12596	0	11003940	11009350
78.729272	12596	0	11003940	11009350
78.736404	12596	0	11003940	11009350
78.745255	12596	0	11003940	11009350
78.753133	12596	0	11003940	11009350
78.762559	12596	0	11003940	11009350
78.769968	12596	0	11003940	11009350
78.779975	12596	0	11003940	11009350
78.785819	12596	0	11003940	11009350
78.796522	12596	0	11003940	11009350
78.811271	12596	0	11003940	11009350
78.824529	12596	0	11003940	11009350
78.837477	12596	0	11003940	11009350
78.850940	12596	0	11003940	11009350
78.857467	12596	0	11003940	11009350
78.869283	12596	0	11003940	11009350
78.883507	12596	0	11003940	11009350
78.891854	12596	0	11003940	11009350
78.899329	12596	0	11003940	11009350
78.912951	12596	0	11003940	11009350
78.926326	12596	0	11003940	11009350
78.932569	12596	0	11003940	11009350
78.944183	12596	0	11003940	11009350
78.958083	12596	0	11003940	11009350
78.971880	12596	0	11003940	11009350
78.979330	12596	0	11003940	11009350
78.987493	12596	0	11003940	11009350
78.998467	12596	0	11003940	11009350
79.009425	12596	0	11003940	11009350
79.023618	12596	0	11003940	11009350
79.036915	12596	0	11003940	11009350
79.049592	12596	0	11003940	11009350
79.063607	12596	0	11003940	11009350
79.070028	12596	0	11003940	11009350
79.079553	12596	0	11003940	11009350
79.093274	12596	0	11003940	11009350
79.106676	12596	0	11003940	11009350
79.111889	12596	0	11003940	11009350
79.124656	12596	0	11003940	11009350
79.130217	12596	0	11003940	11009350
79.138677	12596	0	11003940	11009350
79.145727	12596	0	11003940	11009350
79.153008	12596	0	11003940	11009350
79.167170	12596	0	11003940	11009350
79.182191	12596	0	11003940	11009350
79.190726	12596	0	11003940	11009350
79.203605	12596	0	11003940	11009350
79.213863	12596	0	11003940	11009350
79.223141	12596	0	11003940	11009350
79.236170	12596	0	11003940	11009350
79.245178	12596	0	11003940	11009350
79.257447	12596	0	11003940	11009350
79.270991	12596	0	11003940	11009350
79.277512	12596	0	11003940	11009350
79.283924	12596	0	11003940	11009350
79.295429	12596	0	11003940	11009350
79.304237	12596	0	11003940	11009350
79.312027	12596	0	11003940	11009350
79.318057	12596	0	11003940	11009350
79.325674	12596	0	11003940	11009350
79.332631	12596	0	11003940	11009350
79.347139	12596	0	11003940	11009350
79.359021	12596	0	11003940	11009350
79.373901	12596	0	11003940	11009350
79.385175	12596	0	11003940	11009350
79.397085	12596	0	11003940	11009350
79.407658	12596	0	11003940	11009350
79.415925	12596	0	11003940	11009350
79.428836	12596	0	11003940	11009350
79.441531	12596	0	11003940	11009350
79.452075	12596	0	11003940	11009350
79.466079	12596	0	11003940	11009350
79.481184	12596	0	11003940	11009350
79.488410	12596	0	11003940	11009350
79.494685	12596	0	11003940	11009350
79.503357	12596	0	11003940	11009350
79.514113	12596	0	11003940	11009350
79.519955	12596	0	11003940	11009350
79.530070	12596	0	11003940	11009350
79.536924	12596	0	11003940	11009350
79.546571	12596	0	11003940	11009350
79.557894	12596	0	11003940	11009350
79.568368	12596	0	11003940	11009350
79.583513	12596	0	11003940	11009350
79.593359	12596	0	11003940	11009350
79.601912	12596	0	11003940	11009350
79.613295	12596	0	11003940	11009350
79.626127	12596	0	11003940	11009350
79.634503	12596	0	11003940	11009350
79.646227	12596	0	11003940	11009350
79.658738	12596	0	11003940	11009350
79.669109	12596	0	11003940	11009350
79.683284	12596	0	11003940	11009350
79.697978	12596	0	11003940	11009350
79.709145	12596	0	11003940	11009350
79.716289	12596	0	11003940	11009350
79.728140	12596	0	11003940	11009350
79.741780	12596	0	11003940	11009350
79.749005	12596	0	11003940	11009350
79.755284	12596	0	11003940	11009350
79.765273	12596	0	11003940	11009350
79.775805	12596	0	11003940	11009350
79.788465	12596	0	11003940	11009350
79.801668	12596	0	11003940	11009350
79.815691	12596	0	11003940	11009350
79.825514	12596	0	11003940	11009350
79.832478	12596	0	11003940	11009350
79.838177	12596	0	11003940	11009350
79.850924	12596	0	11003940	11009350
79.865031	12596	0	11003940	11009350
79.872754	12596	0	11003940	11009350
79.879085	12596	0	11003940	11009350
79.890279	12596	0	11003940	11009350
79.900474	12596	0	11003940	11009350
79.906431	12596	0	11003940	11009350
79.912780	12596	0	11003940	11009350
79.926536	12596	0	11003940	11009350
79.938334	12596	0	11003940	11009350
79.951978	12596	0	11003940	11009350
79.961665	12596	0	11003940	11009350
79.967142	12596	0	11003940	11009350
79.977145	12596	0	11003940	11009350
79.987571	12596	0	11003940	11009350
79.999230	12596	0	11003940	11009350
80.007230	12596	0	11003940	11009350
80.018264	12596	0	11003940	11009350
80.031996	12596	0	11003940	11009350
80.039034	12596	0	11003940	11009350
80.051396	12596	0	11003940	11009350
80.057516	12596	0	11003940	11009350
80.064115	12596	0	11003940	11009350
80.069820	12596	0	11003940	11009350
80.077220	12596	0	11003940	11009350
80.088306	12596	0	11003940	11009350
80.098738	12596	0	11003940	11009350
80.104729	12596	0	11003940	11009350
80.117204	12596	0	11003940	11009350
80.128600	12596	0	11003940	11009350
80.139755	12596	0	11003940	11009350
80.153603	12596	0	11003940	11009350
80.161146	12596	0	11003940	11009350
80.173430	12596	0	11003940	11009350
80.185342	12596	0	11003940	11009350
80.197756	12596	0	11003940	11009350
80.209689	12596	0	11003940	11009350
80.223885	12596	0	11003940	11009350
80.238484	12596	0	11003940	11009350
80.246067	12596	0	11003940	11009350
80.256600	12596	0	11003940	11009350
80.263753	12596	0	11003940	11009350
80.275598	12596	0	11003940	11009350
80.290084	12596	0	11003940	11009350
80.302076	12596	0	11003940	11009350
80.313095	12596	0	11003940	11009350
80.328033	12596	0	11003940	11009350
80.342285	12596	0	11003940	11009350
80.357004	12596	0	11003940	11009350
80.369513	12596	0	11003940	11009350
80.382449	12596	0	11003940	11009350
80.394014	12596	0	11003940	11009350
80.407539	12596	0	11003940	11009350
80.415736	12596	0	11003940	11009350
80.424146	12596	0	11003940	11009350
80.429614	12596	0	11003940	11009350
80.442003	12596	0	11003940	11009350
80.447499	12596	0	11003940	11009350
80.457887	12596	0	11003940	11009350
80.473039	12596	0	11003940	11009350
80.487762	12596	0	11003940	11009350
80.493128	12596	0	11003940	11009350
80.505340	12596	0	11003940	11009350
80.513880	12596	0	11003940	11009350
80.523720	12596	0	11003940	11009350
80.533063	12596	0	11003940	11009350
80.547264	12596	0	11003940	11009350
80.555902	12596	0	11003940	11009350
80.565434	12596	0	11003940	11009350
80.575807	12596	0	11003940	11009350
80.581881	12596	0	11003940	11009350
80.593514	12596	0	11003940	11009350
80.605780	12596	0	11003940	11009350
80.618594	12596	0	11003940	11009350
80.631276	12596	0	11003940	11009350
80.645450	12596	0	11003940	11009350
80.651050	12596	0	11003940	11009350
80.665318	12596	0	11003940	11009350
80.672501	12596	0	11003940	11009350
80.681166	12596	0	11003940	11009350
80.695565	12596	0	11003940	11009350
80.709998	12596	0	11003940	11009350
80.718408	12596	0	11003940	11009350
80.728190	12596	0	11003940	11009350
80.734486	12596	0	11003940	11009350
80.742197	12596	0	11003940	11009350
80.756772	12596	0	11003940	11009350
80.766323	12596	0	11003940	11009350
80.774456	12596	0	11003940	11009350
80.781050	12596	0	11003940	11009350
80.790492	12596	0	11003940	11009350
80.805593	12596	0	11003940	11009350
80.820292	12596	0	11003940	11009350
80.827592	12596	0	11003940	11009350
80.836921	12596	0	11003940	11009350
80.842819	12596	0	11003940	11009350
80.856502	12596	0	11003940	11009350
80.868217	12596	0	11003940	11009350
80.874642	12596	0	11003940	11009350
80.881768	12596	0	11003940	11009350
80.896268	12596	0	11003940	11009350
80.902648	12596	0	11003940	11009350
80.908212	12596	0	11003940	11009350
80.916304	12596	0	11003940	11009350
80.922586	12596	0	11003940	11009350
80.936921	12596	0	11003940	11009350
80.945822	12596	0	11003940	11009350
80.953166	12596	0	11003940	11009350
80.962000	12596	0	11003940	11009350
80.967745	12596	0	11003940	11009350
80.978564	12596	0	11003940	11009350
80.991821	12596	0	11003940	11009350
81.002941	12596	0	11003940	11009350
81.012972	12596	0	11003940	11009350
81.019631	12596	0	11003940	11009350
81.032660	12596	0	11003940	11009350
81.038116	12596	0	11003940	11009350
81.050215	12596	0	11003940	11009350
81.057372	12596	0	11003940	11009350
81.063252	12596	0	11003940	11009350
81.074027	12596	0	11003940	11009350
81.088762	12596	0	11003940	11009350
81.100553	12596	0	11003940	11009350
81.107204	12596	0	11003940	11009350
81.117470	12596	0	11003940	11009350
81.130802	12596	0	11003940	11009350
81.144304	12596	0	11003940	11009350
81.150612	12596	0	11003940	11009350
81.163619	12596	0	11003940	11009350
81.172729	12596	0	11003940	11009350
81.185141	12596	0	11003940	11009350
81.199456	12596	0	11003940	11009350
81.207285	12596	0	11003940	11009350
81.221068	12596	0	11003940	11009350
81.233529	12596	0	11003940	11009350
81.244633	12596	0	11003940	11009350
81.257104	12596	0	11003940	11009350
81.264975	12596	0	11003940	11009350
81.278750	12596	0	11003940	11009350
81.284830	12596	0	11003940	11009350
81.294544	12596	0	11003940	11009350
81.303773	12596	0	11003940	11009350
81.314268	12596	0	11003940	11009350
81.327584	12597	0	875157	883047
81.338919	12598	3	898062	883047
81.350475	12599	0	904772	908723
81.364726	12599	0	904772	908723
81.374363	12601	0	965933	972197
81.387417	12603	0	999317	1006020
81.392887	12603	0	999317	1006020
81.401037	12603	0	999317	1006020
81.412304	12603	0	999317	1006020
81.425071	12603	0	999317	1006020
81.437053	12603	0	999317	1006020
81.443916	12603	0	999317	1006020
81.449849	12603	0	999317	1006020
81.462361	12605	3	1157486	1157486
81.476231	12607	3	1191926	1191926
81.491427	12607	0	1191926	1200214
81.505462	12609	3	1269876	1269876
81.517410	12611	2	1300871	1300871
81.531569	12611	0	1300871	1307578
81.545823	12611	0	1300871	1307578
81.555181	12611	0	1300871	1307578
81.568201	12611	0	1300871	1307578
81.574581	12611	0	1300871	1307578
81.589658	12611	0	1300871	1307578
81.602595	12611	0	1300871	1307578
81.608452	12611	0	1300871	1307578
81.619716	12611	0	1300871	1307578
81.625445	12611	0	1300871	1307578
81.631052	12611	0	1300871	1307578
81.641955	12611	0	1300871	1307578
81.652509	12612	0	1603269	1611159
81.662251	12613	2	1626174	1611159
81.674167	12614	0	1632884	1636835
81.688147	12614	0	1632884	1636835
81.693710	12615	3	1689306	1636835
81.705151	12616	0	1694045	1700309
81.715982	12618	0	1727429	1734132
81.725880	12618	0	1727429	1734132
81.735326	12618	0	1727429	1734132
81.742905	12618	0	1727429	1734132
81.753924	12618	0	1727429	1734132
81.763665	12618	0	1727429	1734132
81.770735	12618	0	1727429	1734132
81.781802	12619	2	1877736	1734132
81.796511	12620	0	1885598	1893884
81.810101	12622	0	1920038	1928326
81.822551	12622	0	1920038	1928326
81.832456	12624	3	1997988	1997988
81.843101	12625	3	2023880	2003801
81.857808	12626	0	2028983	2035690
81.867578	12626	0	2028983	2035690
81.877285	12626	0	2028983	2035690
81.886597	12626	0	2028983	2035690
81.891911	12626	0	2028983	2035690
81.900375	12626	0	2028983	2035690
81.910724	12626	0	2028983	2035690
81.922401	12626	0	2028983	2035690
81.931428	12626	0	2028983	2035690
81.939105	12626	0	2028983	2035690
81.952801	12626	0	2028983	2035690
81.967440	12626	0	2028983	2035690
81.977172	12627	0	2347136	2353376
81.990954	12629	2	2377992	2377992
82.002173	12629	0	2377992	2386594
82.010565	12629	0	2377992	2386594
82.017309	12629	0	2377992	2386594
82.026198	12631	0	2446135	2451584
82.039938	12633	0	2475408	2482050
82.051799	12633	0	2475408	2482050
82.060353	12633	0	2475408	2482050
82.072798	12633	0	2475408	2482050
82.085941	12633	0	2475408	2482050
82.100668	12636	2	2644938	2625628
82.115310	12637	0	2651939	2656631
82.126365	12637	0	2651939	2656631
82.139110	12639	0	2723866	2729353
82.149247	12641	2	2756888	2756888
82.163298	12641	0	2756888	2762767
82.172716	12641	0	2756888	2762767
82.186204	12641	0	2756888	2762767
82.194598	12641	0	2756888	2762767
82.208986	12641	0	2756888	2762767
82.222246	12641	0	2756888	2762767
82.231285	12641	0	2756888	2762767
82.245295	12641	0	2756888	2762767
82.251983	12641	0	2756888	2762767
82.260412	12641	0	2756888	2762767
82.275125	12641	0	2756888	2762767
82.286097	12642	0	3071957	3078197
82.296844	12644	2	3102813	3102813
82.310803	12644	0	3102813	3111415
82.325871	12645	2	3167490	3111415
82.331381	12646	0	3170956	3176405
82.340505	12648	2	3200229	3200229
82.355591	12648	0	3200229	3206871
82.361602	12648	0	3200229	3206871
82.373222	12648	0	3200229	3206871
82.379608	12648	0	3200229	3206871
82.393807	12648	0	3200229	3206871
82.408907	12650	0	3345783	3350449
82.414182	12651	2	3369759	3350449
82.424390	12652	0	3376760	3381452
82.437226	12652	0	3376760	3381452
82.443635	12654	2	3448687	3448687
82.457515	12656	0	3481709	3487588
82.463103	12656	0	3481709	3487588
82.471587	12656	0	3481709	3487588
82.477202	12656	0	3481709	3487588
82.484311	12656	0	3481709	3487588
82.492210	12656	0	3481709	3487588
82.506368	12656	0	3481709	3487588
82.513538	12656	0	3481709	3487588
82.523489	12656	0	3481709	3487588
82.536319	12656	0	3481709	3487588
82.542941	12656	0	3481709	3487588
82.553358	12656	0	3481709	3487588
82.567547	12656	0	3481709	3487588
82.582457	12658	3	3807698	3792935
82.595482	12659	0	3815016	3819666
82.610238	12660	3	3880103	3819666
82.622851	12662	2	3917486	3892704
82.630137	12663	0	3927276	3933953
82.638410	12663	0	3927276	3933953
82.651197	12663	0	3927276	3933953
82.659171	12663	0	3927276	3933953
82.667064	12663	0	3927276	3933953
82.672783	12663	0	3927276	3933953
82.684491	12663	0	3927276	3933953
82.691325	12664	3	4082166	3933953
82.701515	12666	2	4112334	4091541
82.711344	12667	0	4119734	4127080
82.721471	12667	0	4119734	4127080
82.726785	12667	0	4119734	4127080
82.738512	12669	3	4196339	4196339
82.749298	12669	0	4196339	4206546
82.762688	12671	0	4233490	4239765
82.769041	12671	0	4233490	4239765
82.783928	12671	0	4233490	4239765
82.796564	12671	0	4233490	4239765
82.806751	12671	0	4233490	4239765
82.813112	12671	0	4233490	4239765
82.818692	12671	0	4233490	4239765
82.827052	12671	0	4233490	4239765
82.833403	12671	0	4233490	4239765
82.843834	12671	0	4233490	4239765
82.854319	12671	0	4233490	4239765
82.867953	12671	0	4233490	4239765
82.875441	12672	0	4547629	4552647
82.887968	12674	0	4574728	4579378
82.902254	12674	0	4574728	4579378
82.915062	12676	0	4644950	4652416
82.921877	12676	0	4644950	4652416
82.928494	12678	2	4686988	4686988
82.938443	12678	0	4686988	4693665
82.944520	12678	0	4686988	4693665
82.952674	12678	0	4686988	4693665
82.960765	12678	0	4686988	4693665
82.968086	12678	0	4686988	4693665
82.981422	12678	0	4686988	4693665
82.991865	12678	0	4686988	4693665
83.005953	12680	0	4846959	4851253
83.017703	12682	0	4879446	4886792
83.024407	12682	0	4879446	4886792
83.034606	12682	0	4879446	4886792
83.040188	12682	0	4879446	4886792
83.047250	12684	4	4956051	4956051
83.057508	12685	3	4987718	4966258
83.067745	12686	0	4993202	4999477
83.077679	12686	0	4993202	4999477
83.089408	12686	0	4993202	4999477
83.102048	12686	0	4993202	4999477
83.113695	12686	0	4993202	4999477
83.124488	12686	0	4993202	4999477
83.139067	12686	0	4993202	4999477
83.145997	12686	0	4993202	4999477
83.153666	12686	0	4993202	4999477
83.160344	12686	0	4993202	4999477
83.175177	12686	0	4993202	4999477
83.187523	12687	0	5320923	5329517
83.194356	12689	2	5352103	5352103
83.202723	12689	0	5352103	5358357
83.210368	12689	0	5352103	5358357
83.223345	12689	0	5352103	5358357
83.234452	12691	0	5428371	5433397
83.247471	12693	0	5465158	5472857
83.259952	12693	0	5465158	5472857
83.270323	12693	0	5465158	5472857
83.276180	12693	0	5465158	5472857
83.285483	12693	0	5465158	5472857
83.300518	12695	2	5624865	5624865
83.315180	12697	0	5650537	5654448
83.327826	12697	0	5650537	5654448
83.334608	12699	2	5720417	5720417
83.346473	12700	3	5751504	5727840
83.352413	12701	0	5755810	5765547
83.357611	12701	0	5755810	5765547
83.368822	12701	0	5755810	5765547
83.376610	12701	0	5755810	5765547
83.390319	12701	0	5755810	5765547
83.402884	12701	0	5755810	5765547
83.412306	12701	0	5755810	5765547
83.427177	12701	0	5755810	5765547
83.436855	12701	0	5755810	5765547
83.445667	12701	0	5755810	5765547
83.450931	12701	0	5755810	5765547
83.461136	12701	0	5755810	5765547
83.469969	12702	2	6091026	5765547
83.481509	12703	2	6117140	6099620
83.492765	12704	0	6122206	6128460
83.506698	12704	0	6122206	6128460
83.520414	12706	0	6198474	6203500
83.534242	12708	0	6235261	6242960
83.542790	12708	0	6235261	6242960
83.555233	12708	0	6235261	6242960
83.563897	12708	0	6235261	6242960
83.574244	12708	0	6235261	6242960
83.583173	12708	0	6235261	6242960
83.593751	12710	0	6394968	6397690
83.607448	12712	0	6420640	6424551
83.620523	12712	0	6420640	6424551
83.629005	12714	0	6490520	6497943
83.636268	12714	0	6490520	6497943
83.642163	12716	3	6525913	6525913
83.657103	12716	0	6525913	6535650
83.669784	12716	0	6525913	6535650
83.684194	12716	0	6525913	6535650
83.690444	12716	0	6525913	6535650
83.701616	12716	0	6525913	6535650
83.710488	12716	0	6525913	6535650
83.720486	12716	0	6525913	6535650
83.727441	12716	0	6525913	6535650
83.740231	12716	0	6525913	6535650
83.753976	12716	0	6525913	6535650
83.768993	12716	0	6525913	6535650
83.780188	12717	0	6861606	6868212
83.793650	12719	0	6892051	6898651
83.805845	12719	0	6892051	6898651
83.811397	12719	0	6892051	6898651
83.817168	12719	0	6892051	6898651
83.828085	12721	2	6978217	6978217
83.833496	12721	0	6978217	6984330
83.844194	12722	3	7012373	6984330
83.858188	12723	0	7021322	7028380
83.868077	12723	0	7021322	7028380
83.873361	12723	0	7021322	7028380
83.881959	12723	0	7021322	7028380
83.894292	12723	0	7021322	7028380
83.902731	12723	0	7021322	7028380
83.913062	12723	0	7021322	7028380
83.920302	12725	0	7185966	7189098
83.927748	12726	2	7207715	7189098
83.942605	12727	0	7213434	7220385
83.951217	12727	0	7213434	7220385
83.959490	12729	3	7289622	7289622
83.974565	12731	0	7322683	7329174
83.984403	12731	0	7322683	7329174
83.990700	12731	0	7322683	7329174
84.001664	12731	0	7322683	7329174
84.014948	12731	0	7322683	7329174
84.024470	12731	0	7322683	7329174
84.031209	12731	0	7322683	7329174
84.043947	12731	0	7322683	7329174
84.050017	12731	0	7322683	7329174
84.065306	12731	0	7322683	7329174
84.078990	12731	0	7322683	7329174
84.091038	12731	0	7322683	7329174
84.101180	12731	0	7322683	7329174
84.115122	12732	0	7654351	7660957
84.120887	12733	2	7678539	7660957
84.135751	12734	0	7684796	7691396
84.142826	12734	0	7684796	7691396
84.152294	12734	0	7684796	7691396
84.164633	12736	2	7770962	7770962
84.172397	12736	0	7770962	7777075
84.178249	12736	0	7770962	7777075
84.189378	12738	3	7814067	7814067
84.204054	12738	0	7814067	7821125
84.215844	12738	0	7814067	7821125
84.230415	12738	0	7814067	7821125
84.236548	12738	0	7814067	7821125
84.251094	12738	0	7814067	7821125
84.261091	12740	0	7978711	7981843
84.274731	12742	0	8006179	8013130
84.285420	12742	0	8006179	8013130
84.296963	12742	0	8006179	8013130
84.310896	12744	2	8082367	8082367
84.322216	12744	0	8082367	8088607
84.336842	12746	0	8115428	8121919
84.342576	12746	0	8115428	8121919
84.355748	12746	0	8115428	8121919
84.370402	12746	0	8115428	8121919
84.384813	12746	0	8115428	8121919
84.393365	12746	0	8115428	8121919
84.400030	12746	0	8115428	8121919
84.411694	12746	0	8115428	8121919
84.419110	12746	0	8115428	8121919
84.431444	12746	0	8115428	8121919
84.438400	12746	0	8115428	8121919
84.446511	12746	0	8115428	8121919
84.454749	12746	0	8115428	8121919
84.463705	12747	3	8443141	8121919
84.474886	12749	2	8471686	8471686
84.486102	12749	0	8471686	8477546
84.498677	12749	0	8471686	8477546
84.507792	12751	0	8546007	8552571
84.518745	12753	2	8582172	8582172
84.526306	12753	0	8582172	8589175
84.532425	12753	0	8582172	8589175
84.539150	12753	0	8582172	8589175
84.550691	12753	0	8582172	8589175
84.556134	12753	0	8582172	8589175
84.564620	12753	0	8582172	8589175
84.573365	12753	0	8582172	8589175
84.587927	12755	2	8761558	8761558
84.594727	12755	0	8761558	8770504
84.609089	12757	0	8803540	8811276
84.615506	12757	0	8803540	8811276
84.629295	12758	3	8879950	8811276
84.638288	12759	0	8884196	8890053
84.646402	12761	0	8914444	8921055
84.654175	12761	0	8914444	8921055
84.662675	12761	0	8914444	8921055
84.673263	12761	0	8914444	8921055
84.683110	12761	0	8914444	8921055
84.693803	12761	0	8914444	8921055
84.705871	12761	0	8914444	8921055
84.718873	12761	0	8914444	8921055
84.725602	12761	0	8914444	8921055
84.732016	12761	0	8914444	8921055
84.744005	12761	0	8914444	8921055
84.756614	12761	0	8914444	8921055
84.763140	12761	0	8914444	8921055
84.772919	12763	2	9269472	9252939
84.786745	12764	0	9276888	9282748
84.801451	12764	0	9276888	9282748
84.813477	12766	0	9351209	9357773
84.823953	12766	0	9351209	9357773
84.838201	12768	0	9387374	9394377
84.845551	12768	0	9387374	9394377
84.858737	12768	0	9387374	9394377
84.870007	12768	0	9387374	9394377
84.878881	12768	0	9387374	9394377
84.887588	12768	0	9387374	9394377
84.901079	12768	0	9387374	9394377
84.908258	12770	3	9566760	9566760
84.921735	12770	0	9566760	9575706
84.931214	12772	0	9608742	9616478
84.941200	12772	0	9608742	9616478
84.948493	12772	0	9608742	9616478
84.954713	12772	0	9608742	9616478
84.965112	12774	0	9689398	9695255
84.977927	12776	0	9719646	9726257
84.984761	12776	0	9719646	9726257
84.990709	12776	0	9719646	9726257
84.998489	12776	0	9719646	9726257
85.005242	12776	0	9719646	9726257
85.018706	12776	0	9719646	9726257
85.026085	12776	0	9719646	9726257
85.037273	12776	0	9719646	9726257
85.044841	12776	0	9719646	9726257
85.050624	12776	0	9719646	9726257
85.059089	12776	0	9719646	9726257
85.064848	12776	0	9719646	9726257
85.071023	12776	0	9719646	9726257
85.083035	12776	0	9719646	9726257
85.090999	12776	0	9719646	9726257
85.096998	12776	0	9719646	9726257
85.111813	12776	0	9719646	9726257
85.123245	12776	0	9719646	9726257
85.133362	12777	0	10067139	10071437
85.141068	12777	0	10067139	10071437
85.152061	12779	0	10096056	10104215
85.161287	12779	0	10096056	10104215
85.170344	12779	0	10096056	10104215
85.184970	12779	0	10096056	10104215
85.193525	12781	2	10178049	10178049
85.206380	12781	0	10178049	10187344
85.218296	12783	0	10217426	10223265
85.226530	12783	0	10217426	10223265
85.233380	12783	0	10217426	10223265
85.242684	12783	0	10217426	10223265
85.250615	12783	0	10217426	10223265
85.263812	12783	0	10217426	10223265
85.272632	12783	0	10217426	10223265
85.282725	12785	2	10386854	10386854
85.296719	12786	2	10418883	10395027
85.311123	12787	0	10423160	10430147
85.316787	12787	0	10423160	10430147
85.327501	12787	0	10423160	10430147
85.333749	12789	3	10501370	10501370
85.346575	12791	3	10535920	10535920
85.356722	12791	0	10535920	10539423
85.364031	12791	0	10535920	10539423
85.378254	12791	0	10535920	10539423
85.389867	12791	0	10535920	10539423
85.400127	12791	0	10535920	10539423
85.413131	12791	0	10535920	10539423
85.424464	12791	0	10535920	10539423
85.434228	12791	0	10535920	10539423
85.443717	12791	0	10535920	10539423
85.450349	12791	0	10535920	10539423
85.458373	12791	0	10535920	10539423
85.465827	12791	0	10535920	10539423
85.476632	12791	0	10535920	10539423
85.484158	12791	0	10535920	10539423
85.496983	12792	0	10875663	10879961
85.504523	12794	3	10904580	10904580
85.514682	12794	0	10904580	10912739
85.523906	12794	0	10904580	10912739
85.529105	12794	0	10904580	10912739
85.541545	12796	2	10986573	10986573
85.548972	12796	0	10986573	10995868
85.560599	12796	0	10986573	10995868
85.569440	12798	0	11025950	11031789
85.584364	12798	0	11025950	11031789
85.598709	12798	0	11025950	11031789
85.612820	12798	0	11025950	11031789
85.620391	12798	0	11025950	11031789
85.629563	12798	0	11025950	11031789
85.642771	12799	3	11189614	11031789
85.650156	12800	0	11195378	11203551
85.664430	12802	2	11231684	11231684
85.674513	12802	0	11231684	11238671
85.686757	12802	0	11231684	11238671
85.693076	12802	0	11231684	11238671
85.699250	12803	3	11305630	11238671
85.706769	12804	0	11309894	11318443
85.718458	12806	2	11344444	11344444
85.724375	12806	0	11344444	11347947
85.732417	12806	0	11344444	11347947
85.745066	12806	0	11344444	11347947
85.756036	12806	0	11344444	11347947
85.768126	12806	0	11344444	11347947
85.773338	12806	0	11344444	11347947
85.786173	12806	0	11344444	11347947
85.800501	12806	0	11344444	11347947
85.810685	12806	0	11344444	11347947
85.816292	12806	0	11344444	11347947
85.829856	12806	0	11344444	11347947
85.842249	12806	0	11344444	11347947
85.851710	12806	0	11344444	11347947
85.859282	12806	0	11344444	11347947
85.872622	12806	0	11344444	11347947
85.881997	12806	0	11344444	11347947
85.893559	12806	0	11344444	11347947
85.899749	12807	0	11681002	11686748
85.906472	12807	0	11681002	11686748
85.920336	12809	0	11709002	11717459
85.929323	12809	0	11709002	11717459
85.937048	12809	0	11709002	11717459
85.943315	12809	0	11709002	11717459
85.952484	12809	0	11709002	11717459
85.960263	12811	2	11789493	11789493
85.974455	12811	0	11789493	11794947
85.986334	12812	3	11818563	11794947
86.001063	12813	0	11827095	11830998
86.007885	12813	0	11827095	11830998
86.021251	12813	0	11827095	11830998
86.034061	12813	0	11827095	11830998
86.039841	12813	0	11827095	11830998
86.048593	12813	0	11827095	11830998
86.063355	12813	0	11827095	11830998
86.071405	12813	0	11827095	11830998
86.084238	12814	2	11991059	11830998
86.095817	12815	0	11996464	12003482
86.102235	12816	2	12026366	12003482
86.116786	12817	0	12032177	12037589
86.124825	12817	0	12032177	12037589
86.137893	12817	0	12032177	12037589
86.151562	12819	0	12117829	12126409
86.159043	12819	0	12117829	12126409
86.172123	12821	3	12158457	12158457
86.184844	12821	0	12158457	12165058
86.198257	12821	0	12158457	12165058
86.206312	12821	0	12158457	12165058
86.212622	12821	0	12158457	12165058
86.219911	12821	0	12158457	12165058
86.232386	12821	0	12158457	12165058
86.242702	12821	0	12158457	12165058
86.249677	12821	0	12158457	12165058
86.260051	12821	0	12158457	12165058
86.268635	12821	0	12158457	12165058
86.276669	12821	0	12158457	12165058
86.282686	12821	0	12158457	12165058
86.291269	12821	0	12158457	12165058
86.303805	12821	0	12158457	12165058
86.318642	12821	0	12158457	12165058
86.324168	12821	0	12158457	12165058
86.337921	12821	0	12158457	12165058
86.346390	12821	0	12158457	12165058
86.355663	12821	0	12158457	12165058
86.363041	12821	0	12158457	12165058
86.369493	12822	2	12516015	12165058
86.376218	12822	0	12516015	12521761
86.386549	12824	2	12544015	12544015
86.395303	12824	0	12544015	12552472
86.404964	12824	0	12544015	12552472
86.416235	12824	0	12544015	12552472
86.422383	12824	0	12544015	12552472
86.428841	12825	3	12617909	12552472
86.440870	12826	0	12624506	12629960
86.448636	12826	0	12624506	12629960
86.457640	12827	3	12653576	12629960
86.463326	12828	0	12662108	12666011
86.471180	12828	0	12662108	12666011
86.483558	12828	0	12662108	12666011
86.491325	12828	0	12662108	12666011
86.498630	12828	0	12662108	12666011
86.507018	12828	0	12662108	12666011
86.520254	12828	0	12662108	12666011
86.530972	12828	0	12662108	12666011
86.536228	12828	0	12662108	12666011
86.547164	12828	0	12662108	12666011
86.561657	12830	0	12831477	12838495
86.572465	12832	2	12867190	12867190
86.582720	12832	0	12867190	12872602
86.593824	12832	0	12867190	12872602
86.607778	12832	0	12867190	12872602
86.619140	12834	0	12952842	12961422
86.626561	12834	0	12952842	12961422
86.638494	12836	0	12993470	13000071
86.651295	12836	0	12993470	13000071
86.665154	12836	0	12993470	13000071
86.677401	12836	0	12993470	13000071
86.683301	12836	0	12993470	13000071
86.697545	12836	0	12993470	13000071
86.706567	12836	0	12993470	13000071
86.721049	12836	0	12993470	13000071
86.729004	12836	0	12993470	13000071
86.741774	12836	0	12993470	13000071
86.755539	12836	0	12993470	13000071
86.763162	12836	0	12993470	13000071
86.773554	12836	0	12993470	13000071
86.781537	12836	0	12993470	13000071
86.792598	12836	0	12993470	13000071
86.798700	12836	0	12993470	13000071
86.810274	12836	0	12993470	13000071
86.820516	12836	0	12993470	13000071
86.830583	12836	0	12993470	13000071
86.840156	12836	0	12993470	13000071
86.851642	12836	0	12993470	13000071
86.860892	12836	0	12993470	13000071
86.869180	12836	0	12993470	13000071
86.877635	12836	0	12993470	13000071
86.882963	12836	0	12993470	13000071
86.889403	12836	0	12993470	13000071
86.902908	12836	0	12993470	13000071
86.915620	12836	0	12993470	13000071
86.926191	12836	0	12993470	13000071
86.933399	12836	0	12993470	13000071
86.939376	12836	0	12993470	13000071
86.952772	12836	0	12993470	13000071
86.965336	12836	0	12993470	13000071
86.972977	12836	0	12993470	13000071
86.985615	12836	0	12993470	13000071
86.998939	12836	0	12993470	13000071
87.008534	12836	0	12993470	13000071
87.017888	12836	0	12993470	13000071
87.024621	12836	0	12993470	13000071
87.035868	12836	0	12993470	13000071
87.042431	12836	0	12993470	13000071
87.056688	12836	0	12993470	13000071
87.069959	12836	0	12993470	13000071
87.084307	12836	0	12993470	13000071
87.095647	12836	0	12993470	13000071
87.109221	12836	0	12993470	13000071
87.118110	12836	0	12993470	13000071
87.132009	12836	0	12993470	13000071
87.139036	12836	0	12993470	13000071
87.151804	12836	0	12993470	13000071
87.163165	12836	0	12993470	13000071
87.173387	12836	0	12993470	13000071
87.179581	12836	0	12993470	13000071
87.189812	12836	0	12993470	13000071
87.199314	12836	0	12993470	13000071
87.207451	12836	0	12993470	13000071
87.220626	12836	0	12993470	13000071
87.235621	12836	0	12993470	13000071
87.248429	12836	0	12993470	13000071
87.257086	12836	0	12993470	13000071
87.271226	12836	0	12993470	13000071
87.278960	12836	0	12993470	13000071
87.290762	12836	0	12993470	13000071
87.296679	12836	0	12993470	13000071
87.308883	12836	0	12993470	13000071
87.316237	12836	0	12993470	13000071
87.327969	12836	0	12993470	13000071
87.342933	12836	0	12993470	13000071
87.348341	12836	0	12993470	13000071
87.356609	12836	0	12993470	13000071
87.371076	12836	0	12993470	13000071
87.380155	12836	0	12993470	13000071
87.385596	12836	0	12993470	13000071
87.398006	12836	0	12993470	13000071
87.404018	12836	0	12993470	13000071
87.416824	12836	0	12993470	13000071
87.431138	12836	0	12993470	13000071
87.438444	12836	0	12993470	13000071
87.447270	12836	0	12993470	13000071
87.452990	12836	0	12993470	13000071
87.459831	12836	0	12993470	13000071
87.472768	12836	0	12993470	13000071
87.487434	12836	0	12993470	13000071
87.500784	12836	0	12993470	13000071
87.512318	12836	0	12993470	13000071
87.520183	12836	0	12993470	13000071
87.532840	12836	0	12993470	13000071
87.542207	12836	0	12993470	13000071
87.551614	12836	0	12993470	13000071
87.562897	12836	0	12993470	13000071
87.573346	12836	0	12993470	13000071
87.587784	12836	0	12993470	13000071
87.599672	12836	0	12993470	13000071
87.608574	12836	0	12993470	13000071
87.615318	12836	0	12993470	13000071
87.625760	12836	0	12993470	13000071
87.640511	12836	0	12993470	13000071
87.650645	12836	0	12993470	13000071
87.659523	12836	0	12993470	13000071
87.671759	12836	0	12993470	13000071
87.683743	12836	0	12993470	13000071
87.690760	12836	0	12993470	13000071
87.705544	12836	0	12993470	13000071
87.712334	12836	0	12993470	13000071
87.724383	12836	0	12993470	13000071
87.732227	12836	0	12993470	13000071
87.746215	12836	0	12993470	13000071
87.760602	12836	0	12993470	13000071
87.767305	12836	0	12993470	13000071
87.778020	12836	0	12993470	13000071
87.786399	12836	0	12993470	13000071
87.795375	12836	0	12993470	13000071
87.805529	12836	0	12993470	13000071
87.819224	12836	0	12993470	13000071
87.833118	12836	0	12993470	13000071
87.840082	12836	0	12993470	13000071
87.847667	12836	0	12993470	13000071
87.855077	12836	0	12993470	13000071
87.863751	12836	0	12993470	13000071
87.871846	12836	0	12993470	13000071
87.881861	12836	0	12993470	13000071
87.890987	12836	0	12993470	13000071
87.904368	12836	0	12993470	13000071
87.916843	12836	0	12993470	13000071
87.930275	12836	0	12993470	13000071
87.939476	12836	0	12993470	13000071
87.947464	12836	0	12993470	13000071
87.953314	12836	0	12993470	13000071
87.960520	12836	0	12993470	13000071
87.973960	12836	0	12993470	13000071
87.982769	12836	0	12993470	13000071
87.990763	12836	0	12993470	13000071
88.002081	12836	0	12993470	13000071
88.016338	12836	0	12993470	13000071
88.025918	12836	0	12993470	13000071
88.039063	12836	0	12993470	13000071
88.047364	12836	0	12993470	13000071
88.062494	12836	0	12993470	13000071
88.072915	12836	0	12993470	13000071
88.083214	12836	0	12993470	13000071
88.091443	12836	0	12993470	13000071
88.104341	12836	0	12993470	13000071
88.114209	12836	0	12993470	13000071
88.121165	12836	0	12993470	13000071
88.127228	12836	0	12993470	13000071
88.137192	12836	0	12993470	13000071
88.150007	12836	0	12993470	13000071
88.163449	12836	0	12993470	13000071
88.177296	12836	0	12993470	13000071
88.190547	12836	0	12993470	13000071
88.197369	12836	0	12993470	13000071
88.209580	12836	0	12993470	13000071
88.215083	12836	0	12993470	13000071
88.224950	12836	0	12993470	13000071
88.235255	12836	0	12993470	13000071
88.241099	12836	0	12993470	13000071
88.253613	12836	0	12993470	13000071
88.267968	12836	0	12993470	13000071
88.279720	12836	0	12993470	13000071
88.292778	12836	0	12993470	13000071
88.305294	12836	0	12993470	13000071
88.313343	12836	0	12993470	13000071
88.324644	12836	0	12993470	13000071
88.334638	12836	0	12993470	13000071
88.345827	12836	0	12993470	13000071
88.355625	12836	0	12993470	13000071
88.361729	12836	0	12993470	13000071
88.373915	12836	0	12993470	13000071
88.386163	12836	0	12993470	13000071
88.394860	12836	0	12993470	13000071
88.405402	12836	0	12993470	13000071
88.414782	12836	0	12993470	13000071
88.419940	12836	0	12993470	13000071
88.433146	12836	0	12993470	13000071
88.442869	12836	0	12993470	13000071
88.456359	12836	0	12993470	13000071
88.465444	12836	0	12993470	13000071
88.470909	12836	0	12993470	13000071
88.484155	12836	0	12993470	13000071
88.495230	12836	0	12993470	13000071
88.503078	12836	0	12993470	13000071
88.516092	12836	0	12993470	13000071
88.530879	12836	0	12993470	13000071
88.543334	12836	0	12993470	13000071
88.557041	12836	0	12993470	13000071
88.570963	12836	0	12993470	13000071
88.578230	12836	0	12993470	13000071
88.590730	12836	0	12993470	13000071
88.596265	12836	0	12993470	13000071
88.605637	12836	0	12993470	13000071
88.619357	12836	0	12993470	13000071
88.629842	12836	0	12993470	13000071
88.637107	12836	0	12993470	13000071
88.645114	12836	0	12993470	13000071
88.655774	12836	0	12993470	13000071
88.661574	12836	0	12993470	13000071
88.675637	12836	0	12993470	13000071
88.689040	12836	0	12993470	13000071
88.697226	12836	0	12993470	13000071
88.709860	12836	0	12993470	13000071
88.723601	12836	0	12993470	13000071
88.736472	12836	0	12993470	13000071
88.746384	12836	0	12993470	13000071
88.757950	12836	0	12993470	13000071
88.770395	12836	0	12993470	13000071
88.778947	12836	0	12993470	13000071
88.785860	12836	0	12993470	13000071
88.792637	12836	0	12993470	13000071
88.801165	12836	0	12993470	13000071
88.806616	12836	0	12993470	13000071
88.820563	12836	0	12993470	13000071
88.829836	12836	0	12993470	13000071
88.841617	12836	0	12993470	13000071
88.852256	12836	0	12993470	13000071
88.860853	12836	0	12993470	13000071
88.872734	12836	0	12993470	13000071
88.887333	12836	0	12993470	13000071
88.898815	12836	0	12993470	13000071
88.904988	12836	0	12993470	13000071
88.917495	12836	0	12993470	13000071
88.931875	12836	0	12993470	13000071
88.940875	12836	0	12993470	13000071
88.951673	12836	0	12993470	13000071
88.959955	12836	0	12993470	13000071
88.968853	12836	0	12993470	13000071
88.983446	12836	0	12993470	13000071
88.991600	12836	0	12993470	13000071
89.005960	12836	0	12993470	13000071
89.016455	12836	0	12993470	13000071
89.029130	12836	0	12993470	13000071
89.041593	12836	0	12993470	13000071
89.054391	12836	0	12993470	13000071
89.064909	12836	0	12993470	13000071
89.071321	12836	0	12993470	13000071
89.085698	12836	0	12993470	13000071
89.096326	12836	0	12993470	13000071
89.108787	12836	0	12993470	13000071
89.114162	12836	0	12993470	13000071
89.125845	12836	0	12993470	13000071
89.138848	12836	0	12993470	13000071
89.151826	12836	0	12993470	13000071
89.165257	12836	0	12993470	13000071
89.174188	12836	0	12993470	13000071
89.187509	12836	0	12993470	13000071
89.198465	12836	0	12993470	13000071
89.206148	12836	0	12993470	13000071
89.220279	12836	0	12993470	13000071
89.230081	12836	0	12993470	13000071
89.239853	12836	0	12993470	13000071
89.246728	12836	0	12993470	13000071
89.256412	12836	0	12993470	13000071
89.266596	12836	0	12993470	13000071
89.271844	12836	0	12993470	13000071
89.277720	12836	0	12993470	13000071
89.283959	12836	0	12993470	13000071
89.290443	12836	0	12993470	13000071
89.296958	12836	0	12993470	13000071
89.307524	12836	0	12993470	13000071
89.321079	12836	0	12993470	13000071
89.330747	12836	0	12993470	13000071
89.343819	12836	0	12993470	13000071
89.355242	12836	0	12993470	13000071
89.368375	12836	0	12993470	13000071
89.379250	12836	0	12993470	13000071
89.386529	12836	0	12993470	13000071
89.399916	12836	0	12993470	13000071
89.407606	12836	0	12993470	13000071
89.418390	12836	0	12993470	13000071
89.429471	12836	0	12993470	13000071
89.441494	12836	0	12993470	13000071
89.449397	12836	0	12993470	13000071
89.455288	12836	0	12993470	13000071
89.462838	12836	0	12993470	13000071
89.477507	12836	0	12993470	13000071
89.490774	12836	0	12993470	13000071
89.500003	12836	0	12993470	13000071
89.510833	12836	0	12993470	13000071
89.522259	12836	0	12993470	13000071
89.529595	12836	0	12993470	13000071
89.538347	12836	0	12993470	13000071
89.549338	12836	0	12993470	13000071
89.561251	12836	0	12993470	13000071
89.567476	12836	0	12993470	13000071
89.574185	12836	0	12993470	13000071
89.579864	12836	0	12993470	13000071
89.590491	12836	0	12993470	13000071
89.602490	12836	0	12993470	13000071
89.609041	12836	0	12993470	13000071
89.619256	12836	0	12993470	13000071
89.627697	12836	0	12993470	13000071
89.642532	12836	0	12993470	13000071
89.649693	12836	0	12993470	13000071
89.657579	12836	0	12993470	13000071
89.671429	12836	0	12993470	13000071
89.680532	12836	0	12993470	13000071
89.688005	12836	0	12993470	13000071
89.698911	12836	0	12993470	13000071
89.710004	12836	0	12993470	13000071
89.724358	12836	0	12993470	13000071
89.730333	12836	0	12993470	13000071
89.745324	12836	0	12993470	13000071
89.760402	12836	0	12993470	13000071
89.771374	12836	0	12993470	13000071
89.781483	12836	0	12993470	13000071
89.788952	12836	0	12993470	13000071
89.795457	12836	0	12993470	13000071
89.802697	12836	0	12993470	13000071
89.809850	12836	0	12993470	13000071
89.820708	12836	0	12993470	13000071
89.829246	12836	0	12993470	13000071
89.839942	12836	0	12993470	13000071
89.853354	12836	0	12993470	13000071
89.867970	12836	0	12993470	13000071
89.876666	12836	0	12993470	13000071
89.887947	12836	0	12993470	13000071
89.895297	12836	0	12993470	13000071
89.900558	12836	0	12993470	13000071
89.915737	12836	0	12993470	13000071
89.927584	12836	0	12993470	13000071
89.936201	12836	0	12993470	13000071
89.944659	12836	0	12993470	13000071
89.959722	12836	0	12993470	13000071
89.966727	12836	0	12993470	13000071
89.978923	12836	0	12993470	13000071
89.986492	12836	0	12993470	13000071
89.994630	12836	0	12993470	13000071
90.008384	12836	0	12993470	13000071
90.020759	12836	0	12993470	13000071
90.032763	12836	0	12993470	13000071
90.040481	12836	0	12993470	13000071
90.052631	12836	0	12993470	13000071
90.065568	12836	0	12993470	13000071
90.078268	12836	0	12993470	13000071
90.090189	12836	0	12993470	13000071
90.099410	12836	0	12993470	13000071
90.110464	12836	0	12993470	13000071
90.121096	12836	0	12993470	13000071
90.135790	12836	0	12993470	13000071
90.146354	12836	0	12993470	13000071
90.159161	12836	0	12993470	13000071
90.164471	12836	0	12993470	13000071
90.177730	12836	0	12993470	13000071
90.191264	12836	0	12993470	13000071
90.200980	12836	0	12993470	13000071
90.211573	12836	0	12993470	13000071
90.220785	12836	0	12993470	13000071
90.226075	12836	0	12993470	13000071
90.234627	12836	0	12993470	13000071
90.241511	12836	0	12993470	13000071
90.255114	12836	0	12993470	13000071
90.261337	12836	0	12993470	13000071
90.273854	12836	0	12993470	13000071
90.281089	12836	0	12993470	13000071
90.292068	12836	0	12993470	13000071
90.300725	12836	0	12993470	13000071
90.308417	12836	0	12993470	13000071
90.320537	12836	0	12993470	13000071
90.327577	12836	0	12993470	13000071
90.332952	12836	0	12993470	13000071
90.344698	12836	0	12993470	13000071
90.351720	12836	0	12993470	13000071
90.357014	12836	0	12993470	13000071
90.367040	12836	0	12993470	13000071
90.379747	12836	0	12993470	13000071
90.391286	12836	0	12993470	13000071
90.406259	12836	0	12993470	13000071
90.417083	12836	0	12993470	13000071
90.427863	12836	0	12993470	13000071
90.434191	12836	0	12993470	13000071
90.440949	12836	0	12993470	13000071
90.451504	12836	0	12993470	13000071
90.463243	12836	0	12993470	13000071
90.477865	12836	0	12993470	13000071
90.487503	12836	0	12993470	13000071
90.501141	12836	0	12993470	13000071
90.509284	12836	0	12993470	13000071
90.515248	12836	0	12993470	13000071
90.525686	12836	0	12993470	13000071
90.538990	12836	0	12993470	13000071
90.549601	12836	0	12993470	13000071
90.555847	12836	0	12993470	13000071
90.562927	12836	0	12993470	13000071
90.568121	12836	0	12993470	13000071
90.575795	12836	0	12993470	13000071
90.585632	12836	0	12993470	13000071
90.596064	12836	0	12993470	13000071
90.602073	12836	0	12993470	13000071
90.611168	12836	0	12993470	13000071
90.624103	12836	0	12993470	13000071
90.632867	12836	0	12993470	13000071
90.642900	12836	0	12993470	13000071
90.656166	12836	0	12993470	13000071
90.662687	12836	0	12993470	13000071
90.670687	12836	0	12993470	13000071
90.684880	12836	0	12993470	13000071
90.696792	12836	0	12993470	13000071
90.709209	12836	0	12993470	13000071
90.721406	12836	0	12993470	13000071
90.729850	12836	0	12993470	13000071
90.742479	12836	0	12993470	13000071
90.757275	12836	0	12993470	13000071
90.766470	12836	0	12993470	13000071
90.777001	12836	0	12993470	13000071
90.791097	12836	0	12993470	13000071
90.804321	12836	0	12993470	13000071
90.816087	12836	0	12993470	13000071
90.822552	12836	0	12993470	13000071
90.828070	12836	0	12993470	13000071
90.836092	12836	0	12993470	13000071
90.849798	12836	0	12993470	13000071
90.862346	12836	0	12993470	13000071
90.868601	12836	0	12993470	13000071
90.880361	12836	0	12993470	13000071
90.894460	12836	0	12993470	13000071
90.907724	12836	0	12993470	13000071
90.919215	12836	0	12993470	13000071
90.926272	12836	0	12993470	13000071
90.941110	12836	0	12993470	13000071
90.949516	12836	0	12993470	13000071
90.957028	12836	0	12993470	13000071
90.964857	12836	0	12993470	13000071
90.977407	12836	0	12993470	13000071
90.990888	12836	0	12993470	13000071
90.998011	12836	0	12993470	13000071
91.006953	12836	0	12993470	13000071
91.020154	12836	0	12993470	13000071
91.026164	12836	0	12993470	13000071
91.032095	12836	0	12993470	13000071
91.040268	12836	0	12993470	13000071
91.052471	12836	0	12993470	13000071
91.058905	12836	0	12993470	13000071
91.069567	12836	0	12993470	13000071
91.079831	12836	0	12993470	13000071
91.092160	12836	0	12993470	13000071
91.102760	12836	0	12993470	13000071
91.114885	12836	0	12993470	13000071
91.125864	12836	0	12993470	13000071
91.131928	12836	0	12993470	13000071
91.146795	12836	0	12993470	13000071
91.153533	12836	0	12993470	13000071
91.160732	12836	0	12993470	13000071
91.170926	12836	0	12993470	13000071
91.182648	12836	0	12993470	13000071
91.194204	12836	0	12993470	13000071
91.207562	12836	0	12993470	13000071
91.217144	12836	0	12993470	13000071
91.227703	12836	0	12993470	13000071
91.236308	12836	0	12993470	13000071
91.242836	12836	0	12993470	13000071
91.252409	12836	0	12993470	13000071
91.262650	12836	0	12993470	13000071
91.270221	12836	0	12993470	13000071
91.283879	12836	0	12993470	13000071
91.289250	12836	0	12993470	13000071
91.302783	12836	0	12993470	13000071
91.316049	12836	0	12993470	13000071
91.330460	12836	0	12993470	13000071
91.338244	12836	0	12993470	13000071
91.348859	12836	0	12993470	13000071
91.360868	12836	0	12993470	13000071
91.368481	12836	0	12993470	13000071
91.379528	12836	0	12993470	13000071
91.393631	12836	0	12993470	13000071
91.403176	12836	0	12993470	13000071
91.414602	12836	0	12993470	13000071
91.422218	12836	0	12993470	13000071
91.436761	12836	0	12993470	13000071
91.442534	12836	0	12993470	13000071
91.455996	12836	0	12993470	13000071
91.470459	12836	0	12993470	13000071
91.477695	12836	0	12993470	13000071
91.487371	12836	0	12993470	13000071
91.501667	12836	0	12993470	13000071
91.510581	12836	0	12993470	13000071
91.518888	12836	0	12993470	13000071
91.530568	12836	0	12993470	13000071
91.537489	12836	0	12993470	13000071
91.544164	12836	0	12993470	13000071
91.554744	12836	0	12993470	13000071
91.566951	12836	0	12993470	13000071
91.575186	12836	0	12993470	13000071
91.583363	12836	0	12993470	13000071
91.590407	12836	0	12993470	13000071
91.604849	12836	0	12993470	13000071
91.611646	12836	0	12993470	13000071
91.626672	12836	0	12993470	13000071
91.638422	12836	0	12993470	13000071
91.650751	12836	0	12993470	13000071
91.658957	12836	0	12993470	13000071
91.668553	12836	0	12993470	13000071
91.682479	12836	0	12993470	13000071
91.695622	12836	0	12993470	13000071
91.709299	12836	0	12993470	13000071
91.721610	12836	0	12993470	13000071
91.729199	12836	0	12993470	13000071
91.737607	12836	0	12993470	13000071
91.748183	12836	0	12993470	13000071
91.758063	12836	0	12993470	13000071
91.765561	12836	0	12993470	13000071
91.778178	12836	0	12993470	13000071
91.788875	12836	0	12993470	13000071
91.796764	12836	0	12993470	13000071
91.811005	12836	0	12993470	13000071
91.824404	12836	0	12993470	13000071
91.835391	12836	0	12993470	13000071
91.846866	12836	0	12993470	13000071
91.854709	12836	0	12993470	13000071
91.862318	12836	0	12993470	13000071
91.875804	12836	0	12993470	13000071
91.888767	12836	0	12993470	13000071
91.899515	12836	0	12993470	13000071
91.912049	12836	0	12993470	13000071
91.923244	12836	0	12993470	13000071
91.929888	12836	0	12993470	13000071
91.939486	12836	0	12993470	13000071
91.945878	12836	0	12993470	13000071
91.960147	12836	0	12993470	13000071
91.967049	12836	0	12993470	13000071
91.975365	12836	0	12993470	13000071
91.986948	12836	0	12993470	13000071
91.996622	12836	0	12993470	13000071
92.005412	12836	0	12993470	13000071
92.012102	12836	0	12993470	13000071
92.021061	12836	0	12993470	13000071
92.033577	12836	0	12993470	13000071
92.044191	12836	0	12993470	13000071
92.053487	12836	0	12993470	13000071
92.065688	12836	0	12993470	13000071
92.080375	12836	0	12993470	13000071
92.087598	12836	0	12993470	13000071
92.094794	12836	0	12993470	13000071
92.109452	12836	0	12993470	13000071
92.116463	12836	0	12993470	13000071
92.127156	12836	0	12993470	13000071
92.133921	12836	0	12993470	13000071
92.140621	12836	0	12993470	13000071
92.149976	12836	0	12993470	13000071
92.162173	12836	0	12993470	13000071
92.168796	12836	0	12993470	13000071
92.180659	12836	0	12993470	13000071
92.193508	12836	0	12993470	13000071
92.200012	12836	0	12993470	13000071
92.205280	12836	0	12993470	13000071
92.219630	12836	0	12993470	13000071
92.227193	12836	0	12993470	13000071
92.236759	12836	0	12993470	13000071
92.247835	12836	0	12993470	13000071
92.260034	12836	0	12993470	13000071
92.274309	12836	0	12993470	13000071
92.287254	12836	0	12993470	13000071
92.297995	12836	0	12993470	13000071
92.310851	12836	0	12993470	13000071
92.316832	12836	0	12993470	13000071
92.325575	12836	0	12993470	13000071
92.337304	12836	0	12993470	13000071
92.351254	12836	0	12993470	13000071
92.365153	12836	0	12993470	13000071
92.374926	12836	0	12993470	13000071
92.386758	12836	0	12993470	13000071
92.392114	12836	0	12993470	13000071
92.406614	12836	0	12993470	13000071
92.414243	12836	0	12993470	13000071
92.427196	12836	0	12993470	13000071
92.440996	12836	0	12993470	13000071
92.446372	12836	0	12993470	13000071
92.458412	12836	0	12993470	13000071
92.463796	12836	0	12993470	13000071
92.470971	12836	0	12993470	13000071
92.478296	12836	0	12993470	13000071
92.485112	12836	0	12993470	13000071
92.497970	12836	0	12993470	13000071
92.512703	12836	0	12993470	13000071
92.525370	12837	0	920446	927570
92.536577	12837	0	920446	927570
92.551278	12839	0	953030	959336
92.564723	12839	0	953030	959336
92.573904	12839	0	953030	959336
92.583932	12840	2	1030764	959336
92.591711	12841	0	1037398	1044898
92.597448	12841	0	1037398	1044898
92.604175	12841	0	1037398	1044898
92.617092	12843	0	1077640	1084302
92.624021	12843	0	1077640	1084302
92.630270	12843	0	1077640	1084302
92.637153	12843	0	1077640	1084302
92.651174	12843	0	1077640	1084302
92.658209	12843	0	1077640	1084302
92.666368	12843	0	1077640	1084302
92.677540	12843	0	1077640	1084302
92.690282	12843	0	1077640	1084302
92.697764	12843	0	1077640	1084302
92.712595	12845	0	1256081	1261629
92.721423	12847	3	1290130	1290130
92.734938	12847	0	1290130	1295669
92.743649	12847	0	1290130	1295669
92.755522	12849	0	1362254	1366977
92.768438	12851	0	1395586	1400301
92.781150	12851	0	1395586	1400301
92.794614	12851	0	1395586	1400301
92.801616	12851	0	1395586	1400301
92.815592	12851	0	1395586	1400301
92.821916	12851	0	1395586	1400301
92.832795	12851	0	1395586	1400301
92.846686	12851	0	1395586	1400301
92.856874	12851	0	1395586	1400301
92.863683	12851	0	1395586	1400301
92.876185	12851	0	1395586	1400301
92.890160	12851	0	1395586	1400301
92.896407	12851	0	1395586	1400301
92.905998	12851	0	1395586	1400301
92.912551	12851	0	1395586	1400301
92.921431	12851	0	1395586	1400301
92.928569	12851	0	1395586	1400301
92.936028	12852	3	1757858	1400301
92.947494	12852	0	1757858	1764982
92.959303	12854	0	1790442	1796748
92.969914	12854	0	1790442	1796748
92.976492	12854	0	1790442	1796748
92.982224	12854	0	1790442	1796748
92.989642	12854	0	1790442	1796748
93.001889	12856	0	1874810	1882310
93.016976	12858	0	1915052	1921714
93.031407	12858	0	1915052	1921714
93.041329	12858	0	1915052	1921714
93.051260	12858	0	1915052	1921714
93.062968	12858	0	1915052	1921714
93.073330	12858	0	1915052	1921714
93.088504	12858	0	1915052	1921714
93.103516	12860	0	2093493	2099041
93.115847	12862	3	2127542	2127542
93.125775	12862	0	2127542	2133081
93.134940	12862	0	2127542	2133081
93.143109	12862	0	2127542	2133081
93.157318	12865	2	2225099	2204389
93.169572	12866	0	2232998	2237713
93.175289	12866	0	2232998	2237713
93.184551	12866	0	2232998	2237713
93.190640	12866	0	2232998	2237713
93.197802	12866	0	2232998	2237713
93.210779	12866	0	2232998	2237713
93.219593	12866	0	2232998	2237713
93.226159	12866	0	2232998	2237713
93.233746	12866	0	2232998	2237713
93.239756	12866	0	2232998	2237713
93.253658	12866	0	2232998	2237713
93.261455	12866	0	2232998	2237713
93.267331	12866	0	2232998	2237713
93.277404	12866	0	2232998	2237713
93.283043	12866	0	2232998	2237713
93.294326	12866	0	2232998	2237713
93.306848	12866	0	2232998	2237713
93.314489	12866	0	2232998	2237713
93.323171	12867	0	2588053	2595548
93.333313	12868	0	2602982	2608906
93.341791	12868	0	2602982	2608906
93.352375	12868	0	2602982	2608906
93.359124	12868	0	2602982	2608906
93.364478	12869	3	2666569	2608906
93.378783	12870	0	2676770	2684581
93.392708	12871	0	2702456	2711112
93.405196	12871	0	2702456	2711112
93.413657	12871	0	2702456	2711112
93.421141	12871	0	2702456	2711112
93.431673	12871	0	2702456	2711112
93.445708	12871	0	2702456	2711112
93.454972	12871	0	2702456	2711112
93.460840	12873	2	2879543	2879543
93.468427	12873	0	2879543	2889360
93.482749	12874	0	2906860	2915933
93.490715	12874	0	2906860	2915933
93.501309	12874	0	2906860	2915933
93.515350	12876	0	2994637	2999705
93.526387	12877	0	3016029	3024292
93.539388	12877	0	3016029	3024292
93.545783	12877	0	3016029	3024292
93.558044	12877	0	3016029	3024292
93.563352	12877	0	3016029	3024292
93.571110	12877	0	3016029	3024292
93.576639	12877	0	3016029	3024292
93.585046	12877	0	3016029	3024292
93.594773	12877	0	3016029	3024292
93.609015	12877	0	3016029	3024292
93.621587	12877	0	3016029	3024292
93.628275	12877	0	3016029	3024292
93.635428	12877	0	3016029	3024292
93.647843	12877	0	3016029	3024292
93.655766	12877	0	3016029	3024292
93.665374	12877	0	3016029	3024292
93.678394	12878	0	3374661	3382156
93.691322	12879	0	3389590	3395514
93.699844	12879	0	3389590	3395514
93.711047	12879	0	3389590	3395514
93.719768	12880	3	3453177	3395514
93.730072	12881	0	3463378	3471189
93.744076	12882	0	3489064	3497720
93.758743	12882	0	3489064	3497720
93.764027	12882	0	3489064	3497720
93.772103	12882	0	3489064	3497720
93.786993	12882	0	3489064	3497720
93.801704	12882	0	3489064	3497720
93.811522	12883	3	3658310	3497720
93.818926	12884	0	3666151	3675968
93.832135	12885	0	3693468	3702541
93.843056	12885	0	3693468	3702541
93.852404	12885	0	3693468	3702541
93.865554	12887	0	3781245	3786313
93.879350	12888	0	3802637	3810900
93.887265	12888	0	3802637	3810900
93.893581	12888	0	3802637	3810900
93.900829	12888	0	3802637	3810900
93.912707	12888	0	3802637	3810900
93.921546	12888	0	3802637	3810900
93.932372	12888	0	3802637	3810900
93.939099	12888	0	3802637	3810900
93.949426	12888	0	3802637	3810900
93.960468	12888	0	3802637	3810900
93.966562	12888	0	3802637	3810900
93.978110	12888	0	3802637	3810900
93.987803	12888	0	3802637	3810900
93.992982	12888	0	3802637	3810900
93.998460	12888	0	3802637	3810900
94.012334	12888	0	3802637	3810900
94.023761	12888	0	3802637	3810900
94.033673	12888	0	3802637	3810900
94.047565	12888	0	3802637	3810900
94.053724	12888	0	3802637	3810900
94.063292	12888	0	3802637	3810900
94.071411	12888	0	3802637	3810900
94.084099	12888	0	3802637	3810900
94.095083	12888	0	3802637	3810900
94.109104	12888	0	3802637	3810900
94.116905	12888	0	3802637	3810900
94.123160	12888	0	3802637	3810900
94.133820	12888	0	3802637	3810900
94.144195	12888	0	3802637	3810900
94.159267	12888	0	3802637	3810900
94.168405	12888	0	3802637	3810900
94.178909	12888	0	3802637	3810900
94.192415	12888	0	3802637	3810900
94.200440	12888	0	3802637	3810900
94.212658	12888	0	3802637	3810900
94.226598	12888	0	3802637	3810900
94.239665	12888	0	3802637	3810900
94.254081	12888	0	3802637	3810900
94.267216	12888	0	3802637	3810900
94.275739	12888	0	3802637	3810900
94.282139	12888	0	3802637	3810900
94.291673	12888	0	3802637	3810900
94.305051	12888	0	3802637	3810900
94.311502	12888	0	3802637	3810900
94.317715	12888	0	3802637	3810900
94.326844	12888	0	3802637	3810900
94.337508	12888	0	3802637	3810900
94.349653	12888	0	3802637	3810900
94.356282	12888	0	3802637	3810900
94.363357	12888	0	3802637	3810900
94.376773	12888	0	3802637	3810900
94.384455	12888	0	3802637	3810900
94.393756	12888	0	3802637	3810900
94.408723	12888	0	3802637	3810900
94.422717	12888	0	3802637	3810900
94.431684	12888	0	3802637	3810900
94.436896	12888	0	3802637	3810900
94.448562	12888	0	3802637	3810900
94.460992	12888	0	3802637	3810900
94.468747	12888	0	3802637	3810900
94.476756	12888	0	3802637	3810900
94.491125	12888	0	3802637	3810900
94.500133	12888	0	3802637	3810900
94.509333	12888	0	3802637	3810900
94.524282	12888	0	3802637	3810900
94.529820	12888	0	3802637	3810900
94.539877	12888	0	3802637	3810900
94.552239	12888	0	3802637	3810900
94.565098	12888	0	3802637	3810900
94.572453	12888	0	3802637	3810900
94.578580	12888	0	3802637	3810900
94.591124	12888	0	3802637	3810900
94.602406	12888	0	3802637	3810900
94.609917	12888	0	3802637	3810900
94.618412	12888	0	3802637	3810900
94.629132	12888	0	3802637	3810900
94.638017	12888	0	3802637	3810900
94.647387	12888	0	3802637	3810900
94.657050	12888	0	3802637	3810900
94.666709	12888	0	3802637	3810900
94.674484	12888	0	3802637	3810900
94.689423	12888	0	3802637	3810900
94.697076	12888	0	3802637	3810900
94.707641	12888	0	3802637	3810900
94.722617	12888	0	3802637	3810900
94.728166	12888	0	3802637	3810900
94.739157	12888	0	3802637	3810900
94.745417	12888	0	3802637	3810900
94.757994	12888	0	3802637	3810900
94.770344	12888	0	3802637	3810900
94.779204	12888	0	3802637	3810900
94.789698	12888	0	3802637	3810900
94.801023	12888	0	3802637	3810900
94.811323	12888	0	3802637	3810900
94.816504	12888	0	3802637	3810900
94.827168	12888	0	3802637	3810900
94.839771	12888	0	3802637	3810900
94.851021	12888	0	3802637	3810900
94.862150	12888	0	3802637	3810900
94.867703	12888	0	3802637	3810900
94.878744	12888	0	3802637	3810900
94.886478	12888	0	3802637	3810900
94.894747	12888	0	3802637	3810900
94.909933	12888	0	3802637	3810900
94.916799	12888	0	3802637	3810900
94.925846	12888	0	3802637	3810900
94.939823	12888	0	3802637	3810900
94.948084	12888	0	3802637	3810900
94.957995	12888	0	3802637	3810900
94.965097	12888	0	3802637	3810900
94.976762	12888	0	3802637	3810900
94.989091	12888	0	3802637	3810900
95.001713	12888	0	3802637	3810900
95.009517	12888	0	3802637	3810900
95.018486	12888	0	3802637	3810900
95.031105	12888	0	3802637	3810900
95.045907	12888	0	3802637	3810900
95.053468	12888	0	3802637	3810900
95.066709	12888	0	3802637	3810900
95.075135	12888	0	3802637	3810900
95.087015	12888	0	3802637	3810900
95.094376	12888	0	3802637	3810900
95.103430	12888	0	3802637	3810900
95.111864	12888	0	3802637	3810900
95.122985	12888	0	3802637	3810900
95.133350	12888	0	3802637	3810900
95.141054	12888	0	3802637	3810900
95.146426	12888	0	3802637	3810900
95.157522	12888	0	3802637	3810900
95.170735	12888	0	3802637	3810900
95.185025	12888	0	3802637	3810900
95.198547	12888	0	3802637	3810900
95.208452	12888	0	3802637	3810900
95.218423	12888	0	3802637	3810900
95.231465	12888	0	3802637	3810900
95.242310	12888	0	3802637	3810900
95.253524	12888	0	3802637	3810900
95.265145	12888	0	3802637	3810900
95.279370	12888	0	3802637	3810900
95.286685	12888	0	3802637	3810900
95.294395	12888	0	3802637	3810900
95.305986	12888	0	3802637	3810900
95.318010	12888	0	3802637	3810900
95.327088	12888	0	3802637	3810900
95.337458	12888	0	3802637	3810900
95.350324	12888	0	3802637	3810900
95.365373	12888	0	3802637	3810900
95.376620	12888	0	3802637	3810900
95.390385	12888	0	3802637	3810900
95.399461	12888	0	3802637	3810900
95.408399	12888	0	3802637	3810900
95.423294	12888	0	3802637	3810900
95.433488	12888	0	3802637	3810900
95.445130	12888	0	3802637	3810900
95.459549	12888	0	3802637	3810900
95.464823	12888	0	3802637	3810900
95.473872	12888	0	3802637	3810900
95.484784	12888	0	3802637	3810900
95.492499	12888	0	3802637	3810900
95.506404	12888	0	3802637	3810900
95.516358	12888	0	3802637	3810900
95.525261	12888	0	3802637	3810900
95.539435	12888	0	3802637	3810900
95.546436	12888	0	3802637	3810900
95.556024	12888	0	3802637	3810900
95.568568	12888	0	3802637	3810900
95.581001	12888	0	3802637	3810900
95.591151	12888	0	3802637	3810900
95.598079	12888	0	3802637	3810900
95.604252	12888	0	3802637	3810900
95.615530	12888	0	3802637	3810900
95.623123	12888	0	3802637	3810900
95.628448	12888	0	3802637	3810900
95.642798	12888	0	3802637	3810900
95.651494	12888	0	3802637	3810900
95.659659	12888	0	3802637	3810900
95.667305	12888	0	3802637	3810900
95.679046	12888	0	3802637	3810900
95.685200	12888	0	3802637	3810900
95.693121	12888	0	3802637	3810900
95.701211	12888	0	3802637	3810900
95.714555	12888	0	3802637	3810900
95.725984	12888	0	3802637	3810900
95.737168	12888	0	3802637	3810900
95.749034	12888	0	3802637	3810900
95.763407	12888	0	3802637	3810900
95.771918	12888	0	3802637	3810900
95.780686	12888	0	3802637	3810900
95.787416	12888	0	3802637	3810900
95.793148	12888	0	3802637	3810900
95.802686	12888	0	3802637	3810900
95.815973	12888	0	3802637	3810900
95.824972	12888	0	3802637	3810900
95.836891	12888	0	3802637	3810900
95.842863	12888	0	3802637	3810900
95.855639	12888	0	3802637	3810900
95.868930	12888	0	3802637	3810900
95.877563	12888	0	3802637	3810900
95.883981	12888	0	3802637	3810900
95.893656	12888	0	3802637	3810900
95.907984	12888	0	3802637	3810900
95.916375	12888	0	3802637	3810900
95.927857	12888	0	3802637	3810900
95.936594	12888	0	3802637	3810900
95.945327	12888	0	3802637	3810900
95.958382	12888	0	3802637	3810900
95.967673	12888	0	3802637	3810900
95.978385	12888	0	3802637	3810900
95.987096	12888	0	3802637	3810900
96.001201	12888	0	3802637	3810900
96.013833	12888	0	3802637	3810900
96.020494	12888	0	3802637	3810900
96.029119	12888	0	3802637	3810900
96.034535	12888	0	3802637	3810900
96.048998	12888	0	3802637	3810900
96.063998	12888	0	3802637	3810900
96.072068	12888	0	3802637	3810900
96.083644	12888	0	3802637	3810900
96.094131	12888	0	3802637	3810900
96.102032	12888	0	3802637	3810900
96.110588	12888	0	3802637	3810900
96.120771	12888	0	3802637	3810900
96.127258	12888	0	3802637	3810900
96.140972	12888	0	3802637	3810900
96.149711	12888	0	3802637	3810900
96.162448	12888	0	3802637	3810900
96.173212	12888	0	3802637	3810900
96.186509	12888	0	3802637	3810900
96.196224	12888	0	3802637	3810900
96.210439	12888	0	3802637	3810900
96.224435	12888	0	3802637	3810900
96.234523	12888	0	3802637	3810900
96.242209	12888	0	3802637	3810900
96.255741	12888	0	3802637	3810900
96.261617	12888	0	3802637	3810900
96.273258	12888	0	3802637	3810900
96.283789	12888	0	3802637	3810900
96.298441	12888	0	3802637	3810900
96.305457	12888	0	3802637	3810900
96.311860	12888	0	3802637	3810900
96.323623	12888	0	3802637	3810900
96.333263	12888	0	3802637	3810900
96.344693	12888	0	3802637	3810900
96.355968	12888	0	3802637	3810900
96.367008	12888	0	3802637	3810900
96.375249	12888	0	3802637	3810900
96.380479	12888	0	3802637	3810900
96.388599	12888	0	3802637	3810900
96.396486	12888	0	3802637	3810900
96.408601	12888	0	3802637	3810900
96.418022	12888	0	3802637	3810900
96.427823	12888	0	3802637	3810900
96.437090	12888	0	3802637	3810900
96.444213	12888	0	3802637	3810900
96.451015	12888	0	3802637	3810900
96.466195	12888	0	3802637	3810900
96.480703	12888	0	3802637	3810900
96.488500	12888	0	3802637	3810900
96.496423	12888	0	3802637	3810900
96.505643	12888	0	3802637	3810900
96.513869	12888	0	3802637	3810900
96.528491	12888	0	3802637	3810900
96.542816	12888	0	3802637	3810900
96.555482	12888	0	3802637	3810900
96.563783	12888	0	3802637	3810900
96.577420	12888	0	3802637	3810900
96.586439	12888	0	3802637	3810900
96.595730	12888	0	3802637	3810900
96.602158	12888	0	3802637	3810900
96.608419	12888	0	3802637	3810900
96.619634	12888	0	3802637	3810900
96.631240	12888	0	3802637	3810900
96.644495	12888	0	3802637	3810900
96.651591	12888	0	3802637	3810900
96.666456	12888	0	3802637	3810900
96.676193	12888	0	3802637	3810900
96.685787	12888	0	3802637	3810900
96.693967	12888	0	3802637	3810900
96.708619	12888	0	3802637	3810900
96.715689	12888	0	3802637	3810900
96.723466	12888	0	3802637	3810900
96.733521	12888	0	3802637	3810900
96.745790	12888	0	3802637	3810900
96.760157	12888	0	3802637	3810900
96.769567	12888	0	3802637	3810900
96.778261	12888	0	3802637	3810900
96.790818	12888	0	3802637	3810900
96.796549	12888	0	3802637	3810900
96.809944	12888	0	3802637	3810900
96.821100	12888	0	3802637	3810900
96.826492	12888	0	3802637	3810900
96.836408	12888	0	3802637	3810900
96.846337	12888	0	3802637	3810900
96.857089	12888	0	3802637	3810900
96.865365	12888	0	3802637	3810900
96.876221	12888	0	3802637	3810900
96.885390	12888	0	3802637	3810900
96.899967	12888	0	3802637	3810900
96.910417	12888	0	3802637	3810900
96.916174	12888	0	3802637	3810900
96.931152	12888	0	3802637	3810900
96.942762	12888	0	3802637	3810900
96.953768	12888	0	3802637	3810900
96.968788	12888	0	3802637	3810900
96.978580	12888	0	3802637	3810900
96.989426	12888	0	3802637	3810900
97.004188	12888	0	3802637	3810900
97.010031	12888	0	3802637	3810900
97.024245	12888	0	3802637	3810900
97.037886	12888	0	3802637	3810900
97.047598	12888	0	3802637	3810900
97.061309	12888	0	3802637	3810900
97.074792	12888	0	3802637	3810900
97.083843	12888	0	3802637	3810900
97.097148	12888	0	3802637	3810900
97.111855	12888	0	3802637	3810900
97.121607	12888	0	3802637	3810900
97.133913	12888	0	3802637	3810900
97.141199	12888	0	3802637	3810900
97.154552	12888	0	3802637	3810900
97.166604	12888	0	3802637	3810900
97.176962	12888	0	3802637	3810900
97.182356	12888	0	3802637	3810900
97.193690	12888	0	3802637	3810900
97.203430	12888	0	3802637	3810900
97.208899	12888	0	3802637	3810900
97.216261	12888	0	3802637	3810900
97.228963	12888	0	3802637	3810900
97.236345	12888	0	3802637	3810900
97.246276	12888	0	3802637	3810900
97.252008	12888	0	3802637	3810900
97.257865	12888	0	3802637	3810900
97.272014	12888	0	3802637	3810900
97.282126	12888	0	3802637	3810900
97.290263	12888	0	3802637	3810900
97.301157	12888	0	3802637	3810900
97.307012	12888	0	3802637	3810900
97.316136	12888	0	3802637	3810900
97.327882	12888	0	3802637	3810900
97.334331	12888	0	3802637	3810900
97.348833	12888	0	3802637	3810900
97.358882	12888	0	3802637	3810900
97.371574	12888	0	3802637	3810900
97.379542	12888	0	3802637	3810900
97.394405	12888	0	3802637	3810900
97.403694	12888	0	3802637	3810900
97.411660	12888	0	3802637	3810900
97.419661	12888	0	3802637	3810900
97.432075	12888	0	3802637	3810900
97.437331	12888	0	3802637	3810900
97.445362	12888	0	3802637	3810900
97.459495	12888	0	3802637	3810900
97.472168	12888	0	3802637	3810900
97.480571	12888	0	3802637	3810900
97.489915	12888	0	3802637	3810900
97.503136	12888	0	3802637	3810900
97.511873	12888	0	3802637	3810900
97.521339	12888	0	3802637	3810900
97.530862	12888	0	3802637	3810900
97.543891	12888	0	3802637	3810900
97.552798	12888	0	3802637	3810900
97.567704	12888	0	3802637	3810900
97.576030	12888	0	3802637	3810900
97.588532	12888	0	3802637	3810900
97.602713	12888	0	3802637	3810900
97.617909	12888	0	3802637	3810900
97.632735	12888	0	3802637	3810900
97.646960	12888	0	3802637	3810900
97.662033	12888	0	3802637	3810900
97.676811	12888	0	3802637	3810900
97.690047	12888	0	3802637	3810900
97.704521	12888	0	3802637	3810900
97.716146	12888	0	3802637	3810900
97.725301	12888	0	3802637	3810900
97.731229	12888	0	3802637	3810900
97.739414	12888	0	3802637	3810900
97.744982	12888	0	3802637	3810900
97.755599	12888	0	3802637	3810900
97.760827	12888	0	3802637	3810900
97.768806	12888	0	3802637	3810900
97.779508	12888	0	3802637	3810900
97.793812	12888	0	3802637	3810900
97.802746	12888	0	3802637	3810900
97.816134	12888	0	3802637	3810900
97.826833	12888	0	3802637	3810900
97.841946	12888	0	3802637	3810900
97.851286	12888	0	3802637	3810900
97.857541	12888	0	3802637	3810900
97.872276	12888	0	3802637	3810900
97.886607	12888	0	3802637	3810900
97.892017	12888	0	3802637	3810900
97.899137	12888	0	3802637	3810900
97.911462	12888	0	3802637	3810900
97.922619	12888	0	3802637	3810900
97.933551	12888	0	3802637	3810900
97.945143	12888	0	3802637	3810900
97.959132	12888	0	3802637	3810900
97.968897	12888	0	3802637	3810900
97.976781	12888	0	3802637	3810900
97.984987	12888	0	3802637	3810900
97.995462	12888	0	3802637	3810900
98.002493	12888	0	3802637	3810900
98.012678	12888	0	3802637	3810900
98.023554	12888	0	3802637	3810900
98.034800	12888	0	3802637	3810900
98.042368	12888	0	3802637	3810900
98.055818	12888	0	3802637	3810900
98.068691	12888	0	3802637	3810900
98.079897	12888	0	3802637	3810900
98.090143	12888	0	3802637	3810900
98.096529	12888	0	3802637	3810900
98.104716	12888	0	3802637	3810900
98.111858	12888	0	3802637	3810900
98.121302	12888	0	3802637	3810900
98.132839	12888	0	3802637	3810900
98.142697	12888	0	3802637	3810900
98.149626	12888	0	3802637	3810900
98.163710	12888	0	3802637	3810900
98.177315	12888	0	3802637	3810900
98.192317	12888	0	3802637	3810900
98.204730	12888	0	3802637	3810900
98.215543	12888	0	3802637	3810900
98.221591	12888	0	3802637	3810900
98.228399	12888	0	3802637	3810900
98.239270	12888	0	3802637	3810900
98.250110	12888	0	3802637	3810900
98.265302	12888	0	3802637	3810900
98.273926	12888	0	3802637	3810900
98.287881	12888	0	3802637	3810900
98.295029	12888	0	3802637	3810900
98.309789	12888	0	3802637	3810900
98.315905	12888	0	3802637	3810900
98.327411	12888	0	3802637	3810900
98.340490	12888	0	3802637	3810900
98.348647	12888	0	3802637	3810900
98.358119	12888	0	3802637	3810900
98.365765	12888	0	3802637	3810900
98.372295	12888	0	3802637	3810900
98.383650	12888	0	3802637	3810900
98.391456	12888	0	3802637	3810900
98.397772	12888	0	3802637	3810900
98.410831	12888	0	3802637	3810900
98.422222	12888	0	3802637	3810900
98.428744	12888	0	3802637	3810900
98.436963	12888	0	3802637	3810900
98.451465	12888	0	3802637	3810900
98.457278	12888	0	3802637	3810900
98.471751	12888	0	3802637	3810900
98.485170	12888	0	3802637	3810900
98.496120	12888	0	3802637	3810900
98.506141	12888	0	3802637	3810900
98.518413	12888	0	3802637	3810900
98.528341	12888	0	3802637	3810900
98.537094	12888	0	3802637	3810900
98.543821	12888	0	3802637	3810900
98.556065	12888	0	3802637	3810900
98.561878	12888	0	3802637	3810900
98.567777	12888	0	3802637	3810900
98.578227	12888	0	3802637	3810900
98.584928	12888	0	3802637	3810900
98.593791	12888	0	3802637	3810900
98.603649	12888	0	3802637	3810900
98.610847	12888	0	3802637	3810900
98.618411	12888	0	3802637	3810900
98.624476	12888	0	3802637	3810900
98.638742	12888	0	3802637	3810900
98.652320	12888	0	3802637	3810900
98.666926	12888	0	3802637	3810900
98.674272	12888	0	3802637	3810900
98.689277	12888	0	3802637	3810900
98.703183	12888	0	3802637	3810900
98.714050	12888	0	3802637	3810900
98.728852	12888	0	3802637	3810900
98.739364	12888	0	3802637	3810900
98.754113	12888	0	3802637	3810900
98.766785	12888	0	3802637	3810900
98.774722	12888	0	3802637	3810900
98.789470	12888	0	3802637	3810900
98.796827	12888	0	3802637	3810900
98.807128	12888	0	3802637	3810900
98.821582	12888	0	3802637	3810900
98.830375	12888	0	3802637	3810900
98.843626	12888	0	3802637	3810900
98.857647	12888	0	3802637	3810900
98.863377	12888	0	3802637	3810900
98.872773	12888	0	3802637	3810900
98.880382	12888	0	3802637	3810900
98.892619	12888	0	3802637	3810900
98.899081	12888	0	3802637	3810900
98.912982	12888	0	3802637	3810900
98.927858	12888	0	3802637	3810900
98.933378	12888	0	3802637	3810900
98.942568	12888	0	3802637	3810900
98.949410	12888	0	3802637	3810900
98.964350	12888	0	3802637	3810900
98.977408	12888	0	3802637	3810900
98.991063	12888	0	3802637	3810900
99.005749	12888	0	3802637	3810900
99.013425	12888	0	3802637	3810900
99.024803	12888	0	3802637	3810900
99.035895	12888	0	3802637	3810900
99.047673	12888	0	3802637	3810900
99.061974	12888	0	3802637	3810900
99.070598	12888	0	3802637	3810900
99.084675	12888	0	3802637	3810900
99.094747	12888	0	3802637	3810900
99.103007	12888	0	3802637	3810900
99.114455	12888	0	3802637	3810900
99.124606	12888	0	3802637	3810900
99.137895	12888	0	3802637	3810900
99.143276	12888	0	3802637	3810900
99.149856	12888	0	3802637	3810900
99.162536	12888	0	3802637	3810900
99.173415	12888	0	3802637	3810900
99.185131	12888	0	3802637	3810900
99.194424	12888	0	3802637	3810900
99.204574	12888	0	3802637	3810900
99.210909	12888	0	3802637	3810900
99.219296	12888	0	3802637	3810900
99.228785	12888	0	3802637	3810900
99.235567	12888	0	3802637	3810900
99.250470	12888	0	3802637	3810900
99.261360	12888	0	3802637	3810900
99.270396	12888	0	3802637	3810900
99.276726	12888	0	3802637	3810900
99.284792	12888	0	3802637	3810900
99.294678	12888	0	3802637	3810900
99.308565	12888	0	3802637	3810900
99.314699	12888	0	3802637	3810900
99.329019	12888	0	3802637	3810900
99.338806	12888	0	3802637	3810900
99.351107	12888	0	3802637	3810900
99.360378	12888	0	3802637	3810900
99.366270	12888	0	3802637	3810900
99.373699	12888	0	3802637	3810900
99.383409	12888	0	3802637	3810900
99.393093	12888	0	3802637	3810900
99.406228	12888	0	3802637	3810900
99.417111	12888	0	3802637	3810900
99.426241	12888	0	3802637	3810900
99.441312	12888	0	3802637	3810900
99.452802	12888	0	3802637	3810900
99.467075	12888	0	3802637	3810900
99.473377	12888	0	3802637	3810900
99.482646	12888	0	3802637	3810900
99.493932	12888	0	3802637	3810900
99.500863	12888	0	3802637	3810900
99.507105	12888	0	3802637	3810900
99.521828	12888	0	3802637	3810900
99.535902	12888	0	3802637	3810900
99.548949	12888	0	3802637	3810900
99.563543	12888	0	3802637	3810900
99.573902	12888	0	3802637	3810900
99.588592	12888	0	3802637	3810900
99.601283	12888	0	3802637	3810900
99.616053	12888	0	3802637	3810900
99.621661	12888	0	3802637	3810900
99.627053	12888	0	3802637	3810900
99.634270	12888	0	3802637	3810900
99.646564	12888	0	3802637	3810900
99.652477	12888	0	3802637	3810900
99.667216	12888	0	3802637	3810900
99.679476	12888	0	3802637	3810900
99.691785	12888	0	3802637	3810900
99.698874	12888	0	3802637	3810900
99.713836	12888	0	3802637	3810900
99.724408	12888	0	3802637	3810900
99.730262	12888	0	3802637	3810900
99.740072	12888	0	3802637	3810900
99.747208	12888	0	3802637	3810900
99.759731	12888	0	3802637	3810900
99.766239	12888	0	3802637	3810900
99.776345	12888	0	3802637	3810900
99.789502	12888	0	3802637	3810900
99.801263	12888	0	3802637	3810900
99.806536	12888	0	3802637	3810900
99.813451	12888	0	3802637	3810900
99.822351	12888	0	3802637	3810900
99.836956	12888	0	3802637	3810900
99.851021	12888	0	3802637	3810900
99.862476	12888	0	3802637	3810900
99.867907	12888	0	3802637	3810900
99.874965	12888	0	3802637	3810900
99.883699	12888	0	3802637	3810900
99.898730	12888	0	3802637	3810900
99.908427	12888	0	3802637	3810900
99.922380	12888	0	3802637	3810900
99.927974	12888	0	3802637	3810900
99.935900	12888	0	3802637	3810900
99.942770	12888	0	3802637	3810900
99.953453	12888	0	3802637	3810900
99.962806	12888	0	3802637	3810900
99.975607	12888	0	3802637	3810900
99.989942	12888	0	3802637	3810900
100.003048	12888	0	3802637	3810900
100.014620	12888	0	3802637	3810900
100.028344	12888	0	3802637	3810900
100.037894	12888	0	3802637	3810900
100.049200	12888	0	3802637	3810900
100.057704	12888	0	3802637	3810900
100.069143	12888	0	3802637	3810900
100.083414	12888	0	3802637	3810900
100.094484	12888	0	3802637	3810900
100.100004	12888	0	3802637	3810900
100.109715	12888	0	3802637	3810900
100.116746	12888	0	3802637	3810900
100.125359	12888	0	3802637	3810900
100.139385	12888	0	3802637	3810900
100.153421	12888	0	3802637	3810900
100.160312	12888	0	3802637	3810900
100.170824	12888	0	3802637	3810900
100.180479	12888	0	3802637	3810900
100.187700	12888	0	3802637	3810900
100.198991	12888	0	3802637	3810900
100.210596	12888	0	3802637	3810900
100.225609	12888	0	3802637	3810900
100.238329	12888	0	3802637	3810900
100.244526	12888	0	3802637	3810900
100.253614	12888	0	3802637	3810900
100.264758	12888	0	3802637	3810900
100.274141	12888	0	3802637	3810900
100.283708	12888	0	3802637	3810900
100.290236	12888	0	3802637	3810900
100.301169	12888	0	3802637	3810900
100.314756	12888	0	3802637	3810900
100.320215	12888	0	3802637	3810900
100.331875	12888	0	3802637	3810900
100.337799	12888	0	3802637	3810900
100.347153	12888	0	3802637	3810900
100.358284	12888	0	3802637	3810900
100.363611	12888	0	3802637	3810900
100.369225	12888	0	3802637	3810900
100.376922	12888	0	3802637	3810900
100.389630	12888	0	3802637	3810900
100.398878	12888	0	3802637	3810900
100.406604	12888	0	3802637	3810900
100.421613	12888	0	3802637	3810900
100.434422	12888	0	3802637	3810900
100.442467	12888	0	3802637	3810900
100.448569	12888	0	3802637	3810900
100.453944	12888	0	3802637	3810900
100.464227	12888	0	3802637	3810900
100.470566	12888	0	3802637	3810900
100.484646	12888	0	3802637	3810900
100.490730	12888	0	3802637	3810900
100.498228	12888	0	3802637	3810900
100.508343	12888	0	3802637	3810900
100.522881	12888	0	3802637	3810900
100.532220	12888	0	3802637	3810900
100.545295	12888	0	3802637	3810900
100.551704	12888	0	3802637	3810900
100.566541	12888	0	3802637	3810900
100.580264	12888	0	3802637	3810900
100.587726	12888	0	3802637	3810900
100.593487	12888	0	3802637	3810900
100.605728	12888	0	3802637	3810900
100.619796	12888	0	3802637	3810900
100.634930	12888	0	3802637	3810900
100.646789	12888	0	3802637	3810900
100.660825	12888	0	3802637	3810900
100.672500	12888	0	3802637	3810900
100.686695	12888	0	3802637	3810900
100.694127	12888	0	3802637	3810900
100.703428	12888	0	3802637	3810900
100.716370	12888	0	3802637	3810900
100.728776	12888	0	3802637	3810900
100.742252	12888	0	3802637	3810900
100.756888	12888	0	3802637	3810900
100.763102	12888	0	3802637	3810900
100.773197	12888	0	3802637	3810900
100.780355	12888	0	3802637	3810900
100.793223	12888	0	3802637	3810900
100.804512	12888	0	3802637	3810900
100.816139	12888	0	3802637	3810900
100.830175	12888	0	3802637	3810900
100.840894	12888	0	3802637	3810900
100.848324	12888	0	3802637	3810900
100.857231	12888	0	3802637	3810900
100.869019	12888	0	3802637	3810900
100.874238	12888	0	3802637	3810900
100.887137	12888	0	3802637	3810900
100.900530	12888	0	3802637	3810900
100.911218	12888	0	3802637	3810900
100.923418	12888	0	3802637	3810900
100.935425	12888	0	3802637	3810900
100.943707	12888	0	3802637	3810900
100.953557	12888	0	3802637	3810900
100.966758	12888	0	3802637	3810900
100.981404	12888	0	3802637	3810900
100.992675	12888	0	3802637	3810900
101.005844	12888	0	3802637	3810900
101.012144	12888	0	3802637	3810900
101.024661	12888	0	3802637	3810900
101.031561	12888	0	3802637	3810900
101.043093	12888	0	3802637	3810900
101.052259	12888	0	3802637	3810900
101.066496	12888	0	3802637	3810900
101.081343	12888	0	3802637	3810900
101.092802	12888	0	3802637	3810900
101.100755	12888	0	3802637	3810900
101.109814	12888	0	3802637	3810900
101.119466	12888	0	3802637	3810900
101.131624	12888	0	3802637	3810900
101.141866	12888	0	3802637	3810900
101.150978	12888	0	3802637	3810900
101.157673	12888	0	3802637	3810900
101.164017	12888	0	3802637	3810900
101.177539	12888	0	3802637	3810900
101.185833	12888	0	3802637	3810900
101.193620	12888	0	3802637	3810900
101.206939	12888	0	3802637	3810900
101.216082	12888	0	3802637	3810900
101.230871	12888	0	3802637	3810900
101.243166	12888	0	3802637	3810900
101.251055	12888	0	3802637	3810900
101.265224	12888	0	3802637	3810900
101.277054	12888	0	3802637	3810900
101.285366	12888	0	3802637	3810900
101.292761	12888	0	3802637	3810900
101.305655	12888	0	3802637	3810900
101.318304	12888	0	3802637	3810900
101.324404	12888	0	3802637	3810900
101.338880	12888	0	3802637	3810900
101.350073	12888	0	3802637	3810900
101.364285	12888	0	3802637	3810900
101.376514	12888	0	3802637	3810900
101.388985	12888	0	3802637	3810900
101.400774	12888	0	3802637	3810900
101.412061	12888	0	3802637	3810900
101.419587	12888	0	3802637	3810900
101.432204	12888	0	3802637	3810900
101.439966	12888	0	3802637	3810900
101.451423	12888	0	3802637	3810900
101.460761	12888	0	3802637	3810900
101.473651	12888	0	3802637	3810900
101.482926	12888	0	3802637	3810900
101.488409	12888	0	3802637	3810900
101.498880	12888	0	3802637	3810900
101.510370	12888	0	3802637	3810900
101.523063	12888	0	3802637	3810900
101.534146	12888	0	3802637	3810900
101.541886	12888	0	3802637	3810900
101.555918	12888	0	3802637	3810900
101.568026	12888	0	3802637	3810900
101.583081	12888	0	3802637	3810900
101.595551	12888	0	3802637	3810900
101.602865	12888	0	3802637	3810900
101.611549	12888	0	3802637	3810900
101.618546	12888	0	3802637	3810900
101.624334	12888	0	3802637	3810900
101.635855	12888	0	3802637	3810900
101.649578	12888	0	3802637	3810900
101.655115	12888	0	3802637	3810900
101.665369	12888	0	3802637	3810900
101.670670	12888	0	3802637	3810900
101.681545	12888	0	3802637	3810900
101.693784	12888	0	3802637	3810900
101.699342	12888	0	3802637	3810900
101.707728	12888	0	3802637	3810900
101.716781	12888	0	3802637	3810900
101.726434	12888	0	3802637	3810900
101.738578	12888	0	3802637	3810900
101.745712	12888	0	3802637	3810900
101.759910	12888	0	3802637	3810900
101.769775	12888	0	3802637	3810900
101.775493	12888	0	3802637	3810900
101.784885	12888	0	3802637	3810900
101.799455	12888	0	3802637	3810900
101.814290	12888	0	3802637	3810900
101.821425	12888	0	3802637	3810900
101.827090	12888	0	3802637	3810900
101.841066	12888	0	3802637	3810900
101.848862	12888	0	3802637	3810900
101.854563	12888	0	3802637	3810900
101.864115	12888	0	3802637	3810900
101.873851	12888	0	3802637	3810900
101.888722	12888	0	3802637	3810900
101.900985	12888	0	3802637	3810900
101.909150	12888	0	3802637	3810900
101.919474	12888	0	3802637	3810900
101.929321	12888	0	3802637	3810900
101.943833	12888	0	3802637	3810900
101.958919	12888	0	3802637	3810900
101.967809	12888	0	3802637	3810900
101.976901	12888	0	3802637	3810900
101.989237	12888	0	3802637	3810900
101.999760	12888	0	3802637	3810900
102.005162	12888	0	3802637	3810900
102.012404	12888	0	3802637	3810900
102.024474	12888	0	3802637	3810900
102.037302	12888	0	3802637	3810900
102.049727	12888	0	3802637	3810900
102.056088	12888	0	3802637	3810900
102.067003	12888	0	3802637	3810900
102.075574	12888	0	3802637	3810900
102.088730	12888	0	3802637	3810900
102.098067	12888	0	3802637	3810900
102.105051	12888	0	3802637	3810900
102.115602	12888	0	3802637	3810900
102.130179	12888	0	3802637	3810900
102.141489	12888	0	3802637	3810900
102.156577	12888	0	3802637	3810900
102.171468	12888	0	3802637	3810900
102.185784	12888	0	3802637	3810900
102.198243	12888	0	3802637	3810900
102.208054	12888	0	3802637	3810900
102.219488	12888	0	3802637	3810900
102.231046	12888	0	3802637	3810900
102.239243	12888	0	3802637	3810900
102.253429	12888	0	3802637	3810900
102.261322	12888	0	3802637	3810900
102.269144	12888	0	3802637	3810900
102.278828	12888	0	3802637	3810900
102.287021	12888	0	3802637	3810900
102.301911	12888	0	3802637	3810900
102.316077	12888	0	3802637	3810900
102.327031	12888	0	3802637	3810900
102.334170	12888	0	3802637	3810900
102.347309	12888	0	3802637	3810900
102.353898	12888	0	3802637	3810900
102.367082	12888	0	3802637	3810900
102.373120	12888	0	3802637	3810900
102.385192	12888	0	3802637	3810900
102.394588	12888	0	3802637	3810900
102.402400	12888	0	3802637	3810900
102.412252	12888	0	3802637	3810900
102.422644	12888	0	3802637	3810900
102.430704	12888	0	3802637	3810900
102.441759	12888	0	3802637	3810900
102.451923	12888	0	3802637	3810900
102.461160	12888	0	3802637	3810900
102.470736	12888	0	3802637	3810900
102.478928	12888	0	3802637	3810900
102.491701	12888	0	3802637	3810900
102.503472	12888	0	3802637	3810900
102.517656	12888	0	3802637	3810900
102.524153	12888	0	3802637	3810900
102.537251	12888	0	3802637	3810900
102.549385	12888	0	3802637	3810900
102.561987	12888	0	3802637	3810900
102.575813	12888	0	3802637	3810900
102.588818	12888	0	3802637	3810900
102.601745	12888	0	3802637	3810900
102.615687	12888	0	3802637	3810900
102.625680	12888	0	3802637	3810900
102.633111	12888	0	3802637	3810900
102.646575	12888	0	3802637	3810900
102.657554	12888	0	3802637	3810900
102.668395	12888	0	3802637	3810900
102.674267	12888	0	3802637	3810900
102.686158	12888	0	3802637	3810900
102.700039	12888	0	3802637	3810900
102.707549	12888	0	3802637	3810900
102.715694	12888	0	3802637	3810900
102.723523	12888	0	3802637	3810900
102.732159	12888	0	3802637	3810900
102.742012	12888	0	3802637	3810900
102.755063	12888	0	3802637	3810900
102.768713	12888	0	3802637	3810900
102.779933	12888	0	3802637	3810900
102.787178	12888	0	3802637	3810900
102.796357	12888	0	3802637	3810900
102.811420	12888	0	3802637	3810900
102.822492	12888	0	3802637	3810900
102.837632	12888	0	3802637	3810900
102.848288	12888	0	3802637	3810900
102.856250	12888	0	3802637	3810900
102.865265	12888	0	3802637	3810900
102.871435	12888	0	3802637	3810900
102.883448	12888	0	3802637	3810900
102.898392	12888	0	3802637	3810900
102.905975	12888	0	3802637	3810900
102.912225	12888	0	3802637	3810900
102.923481	12888	0	3802637	3810900
102.935882	12888	0	3802637	3810900
102.948037	12888	0	3802637	3810900
102.955993	12888	0	3802637	3810900
102.964489	12888	0	3802637	3810900
102.973098	12888	0	3802637	3810900
102.979094	12888	0	3802637	3810900
102.987810	12888	0	3802637	3810900
103.001040	12888	0	3802637	3810900
103.012973	12888	0	3802637	3810900
103.019084	12888	0	3802637	3810900
103.025108	12888	0	3802637	3810900
103.038393	12888	0	3802637	3810900
103.045818	12888	0	3802637	3810900
103.059623	12888	0	3802637	3810900
103.068287	12888	0	3802637	3810900
103.073492	12888	0	3802637	3810900
103.084439	12888	0	3802637	3810900
103.093630	12888	0	3802637	3810900
103.099054	12888	0	3802637	3810900
103.110098	12888	0	3802637	3810900
103.124582	12888	0	3802637	3810900
103.138422	12888	0	3802637	3810900
103.145132	12888	0	3802637	3810900
103.155689	12888	0	3802637	3810900
103.169285	12888	0	3802637	3810900
103.174644	12888	0	3802637	3810900
103.185611	12888	0	3802637	3810900
103.194432	12888	0	3802637	3810900
103.207945	12888	0	3802637	3810900
103.216573	12888	0	3802637	3810900
103.226477	12888	0	3802637	3810900
103.239394	12888	0	3802637	3810900
103.253216	12888	0	3802637	3810900
103.261501	12888	0	3802637	3810900
103.267134	12888	0	3802637	3810900
103.274609	12888	0	3802637	3810900
103.288244	12888	0	3802637	3810900
103.299246	12888	0	3802637	3810900
103.310277	12888	0	3802637	3810900
103.322109	12888	0	3802637	3810900
103.335951	12888	0	3802637	3810900
103.350213	12888	0	3802637	3810900
103.363068	12888	0	3802637	3810900
103.374627	12888	0	3802637	3810900
103.385463	12888	0	3802637	3810900
103.393011	12888	0	3802637	3810900
103.405943	12888	0	3802637	3810900
103.412101	12888	0	3802637	3810900
103.425490	12888	0	3802637	3810900
103.438737	12888	0	3802637	3810900
103.450969	12888	0	3802637	3810900
103.459991	12888	0	3802637	3810900
103.466858	12888	0	3802637	3810900
103.481886	12888	0	3802637	3810900
103.495848	12888	0	3802637	3810900
103.507232	12888	0	3802637	3810900
103.517546	12888	0	3802637	3810900
103.526734	12888	0	3802637	3810900
103.531925	12888	0	3802637	3810900
103.537363	12888	0	3802637	3810900
103.552367	12888	0	3802637	3810900
103.558757	12888	0	3802637	3810900
103.567537	12888	0	3802637	3810900
103.574738	12888	0	3802637	3810900
103.584458	12888	0	3802637	3810900
103.589916	12888	0	3802637	3810900
103.595636	12888	0	3802637	3810900
103.603447	12888	0	3802637	3810900
103.615998	12888	0	3802637	3810900
103.625273	12888	0	3802637	3810900
103.634002	12888	0	3802637	3810900
103.646396	12888	0	3802637	3810900
103.657728	12888	0	3802637	3810900
103.668415	12888	0	3802637	3810900
103.674529	12888	0	3802637	3810900
103.682195	12888	0	3802637	3810900
103.694969	12888	0	3802637	3810900
103.709960	12888	0	3802637	3810900
103.718271	12888	0	3802637	3810900
103.731514	12888	0	3802637	3810900
103.743452	12888	0	3802637	3810900
103.749425	12888	0	3802637	3810900
103.757638	12888	0	3802637	3810900
103.771557	12888	0	3802637	3810900
103.784545	12888	0	3802637	3810900
103.792807	12888	0	3802637	3810900
103.804677	12888	0	3802637	3810900
103.811093	12888	0	3802637	3810900
103.817148	12888	0	3802637	3810900
103.826058	12888	0	3802637	3810900
103.841221	12888	0	3802637	3810900
103.846415	12888	0	3802637	3810900
103.857867	12888	0	3802637	3810900
103.872732	12888	0	3802637	3810900
103.885383	12888	0	3802637	3810900
103.894864	12888	0	3802637	3810900
103.902767	12888	0	3802637	3810900
103.913499	12888	0	3802637	3810900
103.919006	12888	0	3802637	3810900
103.924620	12888	0	3802637	3810900
103.935117	12888	0	3802637	3810900
103.947588	12888	0	3802637	3810900
103.957527	12888	0	3802637	3810900
103.971500	12888	0	3802637	3810900
103.982012	12888	0	3802637	3810900
103.994926	12888	0	3802637	3810900
104.006203	12888	0	3802637	3810900
104.017188	12888	0	3802637	3810900
104.025171	12888	0	3802637	3810900
104.033423	12888	0	3802637	3810900
104.048077	12888	0	3802637	3810900
104.058753	12888	0	3802637	3810900
104.071119	12888	0	3802637	3810900
104.080328	12888	0	3802637	3810900
104.091207	12888	0	3802637	3810900
104.096604	12888	0	3802637	3810900
104.111144	12888	0	3802637	3810900
104.116372	12888	0	3802637	3810900
104.131489	12888	0	3802637	3810900
104.143210	12888	0	3802637	3810900
104.148466	12888	0	3802637	3810900
104.161351	12888	0	3802637	3810900
104.170739	12888	0	3802637	3810900
104.178289	12888	0	3802637	3810900
104.188778	12888	0	3802637	3810900
104.199520	12888	0	3802637	3810900
104.212041	12888	0	3802637	3810900
104.218001	12888	0	3802637	3810900
104.223672	12888	0	3802637	3810900
104.230013	12888	0	3802637	3810900
104.239812	12888	0	3802637	3810900
104.248703	12888	0	3802637	3810900
104.259359	12888	0	3802637	3810900
104.269742	12888	0	3802637	3810900
104.277263	12888	0	3802637	3810900
104.282811	12888	0	3802637	3810900
104.288794	12888	0	3802637	3810900
104.295890	12888	0	3802637	3810900
104.307775	12888	0	3802637	3810900
104.317866	12888	0	3802637	3810900
104.326665	12888	0	3802637	3810900
104.336696	12888	0	3802637	3810900
104.345822	12888	0	3802637	3810900
104.358940	12888	0	3802637	3810900
104.366353	12888	0	3802637	3810900
104.376656	12888	0	3802637	3810900
104.381972	12888	0	3802637	3810900
104.389625	12888	0	3802637	3810900
104.399869	12888	0	3802637	3810900
104.409257	12888	0	3802637	3810900
104.419380	12888	0	3802637	3810900
104.426542	12888	0	3802637	3810900
104.434597	12888	0	3802637	3810900
104.449103	12888	0	3802637	3810900
104.461663	12888	0	3802637	3810900
104.474139	12888	0	3802637	3810900
104.482819	12888	0	3802637	3810900
104.490815	12888	0	3802637	3810900
104.500495	12888	0	3802637	3810900
104.515318	12888	0	3802637	3810900
104.529957	12888	0	3802637	3810900
104.541802	12888	0	3802637	3810900
104.547173	12888	0	3802637	3810900
104.560819	12888	0	3802637	3810900
104.572431	12888	0	3802637	3810900
104.584231	12888	0	3802637	3810900
104.594921	12888	0	3802637	3810900
104.601660	12888	0	3802637	3810900
104.608509	12888	0	3802637	3810900
104.618323	12888	0	3802637	3810900
104.627610	12888	0	3802637	3810900
104.641061	12888	0	3802637	3810900
104.654624	12888	0	3802637	3810900
104.666279	12888	0	3802637	3810900
104.672688	12888	0	3802637	3810900
104.686301	12888	0	3802637	3810900
104.700498	12888	0	3802637	3810900
104.710636	12888	0	3802637	3810900
104.719870	12888	0	3802637	3810900
104.727053	12888	0	3802637	3810900
104.741683	12888	0	3802637	3810900
104.749414	12888	0	3802637	3810900
104.760959	12888	0	3802637	3810900
104.776110	12888	0	3802637	3810900
104.784239	12888	0	3802637	3810900
104.793056	12888	0	3802637	3810900
104.806924	12888	0	3802637	3810900
104.819137	12888	0	3802637	3810900
104.824658	12888	0	3802637	3810900
104.830492	12888	0	3802637	3810900
104.845119	12888	0	3802637	3810900
104.856951	12888	0	3802637	3810900
104.865217	12888	0	3802637	3810900
104.875430	12888	0	3802637	3810900
104.888287	12888	0	3802637	3810900
104.895271	12888	0	3802637	3810900
104.901168	12888	0	3802637	3810900
104.913187	12888	0	3802637	3810900
104.923610	12888	0	3802637	3810900
104.930627	12888	0	3802637	3810900
104.937107	12888	0	3802637	3810900
104.946263	12888	0	3802637	3810900
104.959675	12888	0	3802637	3810900
104.965711	12888	0	3802637	3810900
104.978057	12888	0	3802637	3810900
104.988844	12888	0	3802637	3810900
105.002074	12888	0	3802637	3810900
105.013272	12888	0	3802637	3810900
105.024655	12888	0	3802637	3810900
105.039058	12888	0	3802637	3810900
105.048865	12888	0	3802637	3810900
105.054337	12888	0	3802637	3810900
105.063554	12888	0	3802637	3810900
105.069079	12888	0	3802637	3810900
105.078579	12888	0	3802637	3810900
105.092262	12888	0	3802637	3810900
105.097631	12888	0	3802637	3810900
105.111887	12888	0	3802637	3810900
105.126450	12888	0	3802637	3810900
105.133552	12888	0	3802637	3810900
105.144474	12888	0	3802637	3810900
105.157077	12888	0	3802637	3810900
105.164104	12888	0	3802637	3810900
105.171662	12888	0	3802637	3810900
105.178388	12888	0	3802637	3810900
105.191340	12888	0	3802637	3810900
105.197876	12888	0	3802637	3810900
105.208830	12888	0	3802637	3810900
105.214334	12888	0	3802637	3810900
105.222796	12888	0	3802637	3810900
105.231710	12888	0	3802637	3810900
105.237470	12888	0	3802637	3810900
105.245168	12888	0	3802637	3810900
105.257053	12888	0	3802637	3810900
105.266901	12888	0	3802637	3810900
105.273454	12888	0	3802637	3810900
105.280773	12888	0	3802637	3810900
105.286693	12888	0	3802637	3810900
105.292394	12888	0	3802637	3810900
105.301572	12888	0	3802637	3810900
105.308482	12888	0	3802637	3810900
105.314954	12888	0	3802637	3810900
105.322851	12888	0	3802637	3810900
105.330806	12888	0	3802637	3810900
105.342716	12888	0	3802637	3810900
105.354864	12888	0	3802637	3810900
105.369819	12888	0	3802637	3810900
105.380980	12888	0	3802637	3810900
105.392437	12888	0	3802637	3810900
105.405241	12888	0	3802637	3810900
105.411940	12888	0	3802637	3810900
105.423163	12888	0	3802637	3810900
105.433094	12888	0	3802637	3810900
105.444306	12888	0	3802637	3810900
105.458147	12888	0	3802637	3810900
105.472770	12888	0	3802637	3810900
105.481634	12888	0	3802637	3810900
105.495213	12888	0	3802637	3810900
105.502906	12888	0	3802637	3810900
105.513739	12888	0	3802637	3810900
105.521833	12888	0	3802637	3810900
105.530278	12888	0	3802637	3810900
105.541893	12888	0	3802637	3810900
105.548961	12888	0	3802637	3810900
105.559611	12888	0	3802637	3810900
105.565777	12888	0	3802637	3810900
105.579335	12888	0	3802637	3810900
105.593164	12888	0	3802637	3810900
105.604401	12888	0	3802637	3810900
105.613632	12888	0	3802637	3810900
105.624743	12888	0	3802637	3810900
105.639157	12888	0	3802637	3810900
105.653188	12888	0	3802637	3810900
105.660626	12888	0	3802637	3810900
105.674612	12888	0	3802637	3810900
105.684771	12888	0	3802637	3810900
105.695308	12888	0	3802637	3810900
105.707141	12888	0	3802637	3810900
105.720629	12888	0	3802637	3810900
105.733903	12888	0	3802637	3810900
105.744776	12888	0	3802637	3810900
105.758125	12888	0	3802637	3810900
105.772722	12888	0	3802637	3810900
105.777978	12888	0	3802637	3810900
105.791492	12888	0	3802637	3810900
105.797302	12888	0	3802637	3810900
105.812398	12888	0	3802637	3810900
105.826901	12888	0	3802637	3810900
105.832354	12888	0	3802637	3810900
105.841156	12888	0	3802637	3810900
105.848956	12888	0	3802637	3810900
105.856935	12888	0	3802637	3810900
105.868667	12888	0	3802637	3810900
105.875764	12888	0	3802637	3810900
105.880953	12888	0	3802637	3810900
105.889527	12888	0	3802637	3810900
105.901547	12888	0	3802637	3810900
105.913813	12888	0	3802637	3810900
105.925337	12888	0	3802637	3810900
105.939039	12888	0	3802637	3810900
105.952764	12888	0	3802637	3810900
105.959025	12888	0	3802637	3810900
105.970615	12888	0	3802637	3810900
105.976881	12888	0	3802637	3810900
105.989106	12888	0	3802637	3810900
105.996520	12888	0	3802637	3810900
106.005305	12888	0	3802637	3810900
106.017761	12888	0	3802637	3810900
106.032512	12888	0	3802637	3810900
106.045122	12888	0	3802637	3810900
106.058486	12888	0	3802637	3810900
106.072021	12888	0	3802637	3810900
106.083019	12888	0	3802637	3810900
106.091536	12888	0	3802637	3810900
106.097908	12888	0	3802637	3810900
106.109883	12888	0	3802637	3810900
106.117044	12888	0	3802637	3810900
106.126454	12888	0	3802637	3810900
106.138425	12888	0	3802637	3810900
106.147174	12888	0	3802637	3810900
106.156584	12888	0	3802637	3810900
106.169511	12888	0	3802637	3810900
106.181719	12888	0	3802637	3810900
106.191116	12888	0	3802637	3810900
106.205014	12888	0	3802637	3810900
106.216920	12888	0	3802637	3810900
106.223342	12888	0	3802637	3810900
106.229662	12888	0	3802637	3810900
106.238411	12888	0	3802637	3810900
106.249100	12888	0	3802637	3810900
106.258548	12888	0	3802637	3810900
106.269227	12888	0	3802637	3810900
106.276923	12888	0	3802637	3810900
106.285238	12888	0	3802637	3810900
106.299942	12888	0	3802637	3810900
106.314031	12888	0	3802637	3810900
106.320746	12888	0	3802637	3810900
106.333610	12888	0	3802637	3810900
106.340810	12888	0	3802637	3810900
106.355296	12888	0	3802637	3810900
106.367347	12888	0	3802637	3810900
106.381076	12888	0	3802637	3810900
106.389847	12888	0	3802637	3810900
106.397612	12888	0	3802637	3810900
106.407147	12888	0	3802637	3810900
106.415266	12888	0	3802637	3810900
106.420901	12888	0	3802637	3810900
106.432796	12888	0	3802637	3810900
106.440201	12888	0	3802637	3810900
106.454661	12888	0	3802637	3810900
106.466165	12888	0	3802637	3810900
106.479937	12888	0	3802637	3810900
106.487467	12888	0	3802637	3810900
106.493585	12888	0	3802637	3810900
106.503883	12888	0	3802637	3810900
106.510415	12888	0	3802637	3810900
106.519358	12888	0	3802637	3810900
106.525708	12888	0	3802637	3810900
106.532366	12888	0	3802637	3810900
106.541272	12888	0	3802637	3810900
106.554087	12888	0	3802637	3810900
106.565758	12888	0	3802637	3810900
106.578775	12888	0	3802637	3810900
106.592885	12888	0	3802637	3810900
106.603207	12888	0	3802637	3810900
106.611058	12888	0	3802637	3810900
106.622813	12888	0	3802637	3810900
106.635280	12888	0	3802637	3810900
106.646364	12888	0	3802637	3810900
106.660273	12888	0	3802637	3810900
106.667397	12888	0	3802637	3810900
106.675094	12888	0	3802637	3810900
106.682041	12888	0	3802637	3810900
106.689267	12888	0	3802637	3810900
106.698542	12888	0	3802637	3810900
106.710043	12888	0	3802637	3810900
106.722585	12888	0	3802637	3810900
106.736958	12888	0	3802637	3810900
106.747833	12888	0	3802637	3810900
106.761460	12888	0	3802637	3810900
106.774161	12888	0	3802637	3810900
106.782813	12888	0	3802637	3810900
106.788798	12888	0	3802637	3810900
106.794462	12888	0	3802637	3810900
106.803688	12888	0	3802637	3810900
106.812401	12888	0	3802637	3810900
106.819512	12888	0	3802637	3810900
106.827236	12888	0	3802637	3810900
106.839627	12888	0	3802637	3810900
106.851104	12888	0	3802637	3810900
106.860821	12888	0	3802637	3810900
106.870723	12888	0	3802637	3810900
106.883026	12888	0	3802637	3810900
106.895133	12888	0	3802637	3810900
106.908979	12888	0	3802637	3810900
106.915142	12888	0	3802637	3810900
106.924800	12888	0	3802637	3810900
106.934129	12888	0	3802637	3810900
106.940073	12888	0	3802637	3810900
106.954672	12888	0	3802637	3810900
106.967876	12888	0	3802637	3810900
106.981830	12888	0	3802637	3810900
106.992271	12888	0	3802637	3810900
106.998122	12888	0	3802637	3810900
107.013906	12888	0	3802637	3810900
107.023521	12888	0	3802637	3810900
107.033012	12888	0	3802637	3810900
107.038859	12888	0	3802637	3810900
107.044314	12888	0	3802637	3810900
107.057712	12888	0	3802637	3810900
107.065168	12888	0	3802637	3810900
107.076698	12888	0	3802637	3810900
107.083928	12888	0	3802637	3810900
107.093603	12888	0	3802637	3810900
107.104839	12888	0	3802637	3810900
107.113841	12888	0	3802637	3810900
107.119239	12888	0	3802637	3810900
107.129847	12888	0	3802637	3810900
107.142394	12888	0	3802637	3810900
107.156844	12888	0	3802637	3810900
107.164142	12888	0	3802637	3810900
107.176344	12888	0	3802637	3810900
107.189902	12888	0	3802637	3810900
107.198431	12888	0	3802637	3810900
107.213480	12888	0	3802637	3810900
107.227730	12888	0	3802637	3810900
107.237201	12888	0	3802637	3810900
107.248768	12888	0	3802637	3810900
107.255790	12888	0	3802637	3810900
107.267933	12888	0	3802637	3810900
107.273839	12888	0	3802637	3810900
107.284527	12888	0	3802637	3810900
107.292108	12888	0	3802637	3810900
107.301559	12888	0	3802637	3810900
107.314078	12888	0	3802637	3810900
107.320750	12888	0	3802637	3810900
107.333834	12888	0	3802637	3810900
107.339534	12888	0	3802637	3810900
107.354258	12888	0	3802637	3810900
107.361971	12888	0	3802637	3810900
107.370792	12888	0	3802637	3810900
107.384959	12888	0	3802637	3810900
107.398393	12888	0	3802637	3810900
107.413507	12888	0	3802637	3810900
107.424837	12888	0	3802637	3810900
107.439805	12888	0	3802637	3810900
107.453759	12888	0	3802637	3810900
107.465271	12888	0	3802637	3810900
107.472479	12888	0	3802637	3810900
107.481357	12888	0	3802637	3810900
107.490251	12888	0	3802637	3810900
107.501678	12888	0	3802637	3810900
107.506916	12888	0	3802637	3810900
107.520467	12888	0	3802637	3810900
107.532450	12888	0	3802637	3810900
107.540191	12888	0	3802637	3810900
107.552814	12888	0	3802637	3810900
107.560500	12888	0	3802637	3810900
107.574725	12888	0	3802637	3810900
107.581598	12888	0	3802637	3810900
107.587799	12888	0	3802637	3810900
107.602152	12888	0	3802637	3810900
107.614752	12888	0	3802637	3810900
107.620227	12888	0	3802637	3810900
107.628546	12888	0	3802637	3810900
107.633853	12888	0	3802637	3810900
107.640799	12888	0	3802637	3810900
107.651722	12888	0	3802637	3810900
107.664711	12888	0	3802637	3810900
107.679649	12888	0	3802637	3810900
107.689379	12888	0	3802637	3810900
107.696883	12888	0	3802637	3810900
107.709790	12888	0	3802637	3810900
107.720987	12888	0	3802637	3810900
107.735226	12888	0	3802637	3810900
107.745792	12888	0	3802637	3810900
107.757932	12888	0	3802637	3810900
107.764208	12888	0	3802637	3810900
107.779362	12888	0	3802637	3810900
107.787519	12888	0	3802637	3810900
107.792777	12888	0	3802637	3810900
107.805813	12888	0	3802637	3810900
107.818437	12888	0	3802637	3810900
107.827309	12888	0	3802637	3810900
107.834420	12888	0	3802637	3810900
107.844641	12888	0	3802637	3810900
107.856694	12888	0	3802637	3810900
107.869809	12888	0	3802637	3810900
107.884568	12888	0	3802637	3810900
107.894243	12888	0	3802637	3810900
107.906594	12888	0	3802637	3810900
107.914154	12888	0	3802637	3810900
107.924022	12888	0	3802637	3810900
107.929725	12888	0	3802637	3810900
107.941579	12888	0	3802637	3810900
107.948864	12888	0	3802637	3810900
107.962356	12888	0	3802637	3810900
107.976788	12888	0	3802637	3810900
107.991815	12888	0	3802637	3810900
108.004851	12888	0	3802637	3810900
108.015160	12888	0	3802637	3810900
108.027084	12888	0	3802637	3810900
108.035405	12888	0	3802637	3810900
108.049501	12888	0	3802637	3810900
108.059630	12888	0	3802637	3810900
108.066205	12888	0	3802637	3810900
108.080281	12888	0	3802637	3810900
108.087073	12888	0	3802637	3810900
108.092682	12888	0	3802637	3810900
108.099467	12888	0	3802637	3810900
108.105020	12888	0	3802637	3810900
108.120215	12888	0	3802637	3810900
108.134518	12888	0	3802637	3810900
108.142694	12888	0	3802637	3810900
108.149899	12888	0	3802637	3810900
108.155882	12888	0	3802637	3810900
108.170361	12888	0	3802637	3810900
108.175574	12888	0	3802637	3810900
108.189721	12888	0	3802637	3810900
108.203348	12888	0	3802637	3810900
108.211629	12888	0	3802637	3810900
108.222610	12888	0	3802637	3810900
108.236240	12888	0	3802637	3810900
108.247467	12888	0	3802637	3810900
108.262259	12888	0	3802637	3810900
108.275379	12888	0	3802637	3810900
108.287357	12888	0	3802637	3810900
108.299360	12888	0	3802637	3810900
108.309322	12888	0	3802637	3810900
108.318427	12888	0	3802637	3810900
108.325586	12888	0	3802637	3810900
108.335701	12888	0	3802637	3810900
108.342319	12888	0	3802637	3810900
108.347879	12888	0	3802637	3810900
108.359856	12888	0	3802637	3810900
108.367499	12888	0	3802637	3810900
108.378445	12888	0	3802637	3810900
108.388035	12888	0	3802637	3810900
108.397270	12888	0	3802637	3810900
108.411993	12888	0	3802637	3810900
108.418925	12888	0	3802637	3810900
108.432899	12888	0	3802637	3810900
108.446927	12888	0	3802637	3810900
108.461388	12888	0	3802637	3810900
108.472246	12888	0	3802637	3810900
108.481169	12888	0	3802637	3810900
108.494087	12888	0	3802637	3810900
108.499824	12888	0	3802637	3810900
108.508713	12888	0	3802637	3810900
108.519632	12888	0	3802637	3810900
108.528230	12888	0	3802637	3810900
108.533892	12888	0	3802637	3810900
108.542492	12888	0	3802637	3810900
108.549359	12888	0	3802637	3810900
108.562141	12888	0	3802637	3810900
108.567833	12888	0	3802637	3810900
108.576191	12888	0	3802637	3810900
108.582415	12888	0	3802637	3810900
108.589275	12888	0	3802637	3810900
108.596802	12888	0	3802637	3810900
108.607599	12888	0	3802637	3810900
108.618157	12888	0	3802637	3810900
108.631653	12888	0	3802637	3810900
108.642899	12888	0	3802637	3810900
108.655343	12888	0	3802637	3810900
108.670005	12888	0	3802637	3810900
108.684826	12888	0	3802637	3810900
108.695692	12888	0	3802637	3810900
108.710797	12888	0	3802637	3810900
108.720046	12888	0	3802637	3810900
108.734755	12888	0	3802637	3810900
108.744653	12888	0	3802637	3810900
108.753912	12888	0	3802637	3810900
108.759779	12888	0	3802637	3810900
108.767851	12888	0	3802637	3810900
108.773234	12888	0	3802637	3810900
108.781002	12888	0	3802637	3810900
108.791870	12888	0	3802637	3810900
108.803121	12888	0	3802637	3810900
108.809987	12888	0	3802637	3810900
108.821092	12888	0	3802637	3810900
108.834313	12888	0	3802637	3810900
108.846342	12888	0	3802637	3810900
108.860813	12888	0	3802637	3810900
108.868328	12888	0	3802637	3810900
108.877070	12888	0	3802637	3810900
108.888943	12888	0	3802637	3810900
108.902717	12888	0	3802637	3810900
108.911320	12888	0	3802637	3810900
108.920109	12888	0	3802637	3810900
108.932915	12888	0	3802637	3810900
108.943921	12888	0	3802637	3810900
108.949370	12888	0	3802637	3810900
108.957823	12888	0	3802637	3810900
108.965849	12888	0	3802637	3810900
108.978603	12888	0	3802637	3810900
108.987831	12888	0	3802637	3810900
108.994601	12888	0	3802637	3810900
109.005742	12888	0	3802637	3810900
109.019926	12888	0	3802637	3810900
109.032878	12888	0	3802637	3810900
109.042468	12888	0	3802637	3810900
109.053230	12888	0	3802637	3810900
109.068314	12888	0	3802637	3810900
109.079429	12888	0	3802637	3810900
109.088963	12888	0	3802637	3810900
109.101564	12888	0	3802637	3810900
109.113862	12888	0	3802637	3810900
109.127054	12888	0	3802637	3810900
109.139625	12888	0	3802637	3810900
109.147340	12888	0	3802637	3810900
109.154367	12888	0	3802637	3810900
109.161886	12888	0	3802637	3810900
109.171279	12888	0	3802637	3810900
109.184409	12888	0	3802637	3810900
109.197448	12888	0	3802637	3810900
109.212049	12888	0	3802637	3810900
109.222969	12888	0	3802637	3810900
109.237641	12888	0	3802637	3810900
109.252559	12888	0	3802637	3810900
109.267370	12888	0	3802637	3810900
109.277719	12888	0	3802637	3810900
109.283448	12888	0	3802637	3810900
109.289089	12888	0	3802637	3810900
109.294843	12888	0	3802637	3810900
109.303164	12888	0	3802637	3810900
109.317554	12888	0	3802637	3810900
109.323944	12888	0	3802637	3810900
109.337848	12888	0	3802637	3810900
109.345953	12888	0	3802637	3810900
109.354033	12888	0	3802637	3810900
109.363820	12888	0	3802637	3810900
109.370641	12888	0	3802637	3810900
109.378880	12888	0	3802637	3810900
109.392222	12888	0	3802637	3810900
109.405189	12888	0	3802637	3810900
109.416021	12888	0	3802637	3810900
109.430932	12888	0	3802637	3810900
109.444441	12888	0	3802637	3810900
109.450523	12888	0	3802637	3810900
109.464048	12888	0	3802637	3810900
109.479183	12888	0	3802637	3810900
109.486132	12888	0	3802637	3810900
109.495842	12888	0	3802637	3810900
109.504365	12888	0	3802637	3810900
109.516148	12888	0	3802637	3810900
109.523759	12888	0	3802637	3810900
109.529379	12888	0	3802637	3810900
109.538297	12888	0	3802637	3810900
109.551857	12888	0	3802637	3810900
109.563200	12888	0	3802637	3810900
109.577712	12888	0	3802637	3810900
109.586182	12888	0	3802637	3810900
109.593772	12888	0	3802637	3810900
109.598991	12888	0	3802637	3810900
109.613113	12888	0	3802637	3810900
109.621367	12888	0	3802637	3810900
109.634625	12888	0	3802637	3810900
109.642083	12888	0	3802637	3810900
109.653673	12888	0	3802637	3810900
109.661756	12888	0	3802637	3810900
109.673116	12888	0	3802637	3810900
109.684478	12888	0	3802637	3810900
109.691648	12888	0	3802637	3810900
109.700533	12888	0	3802637	3810900
109.713052	12888	0	3802637	3810900
109.722739	12888	0	3802637	3810900
109.737428	12888	0	3802637	3810900
109.747192	12888	0	3802637	3810900
109.756159	12888	0	3802637	3810900
109.767896	12888	0	3802637	3810900
109.782356	12888	0	3802637	3810900
109.796042	12888	0	3802637	3810900
109.809702	12888	0	3802637	3810900
109.816449	12888	0	3802637	3810900
109.825001	12888	0	3802637	3810900
109.833016	12888	0	3802637	3810900
109.842173	12888	0	3802637	3810900
109.852652	12888	0	3802637	3810900
109.863922	12888	0	3802637	3810900
109.870931	12888	0	3802637	3810900
109.881033	12888	0	3802637	3810900
109.891719	12888	0	3802637	3810900
109.900663	12888	0	3802637	3810900
109.906496	12888	0	3802637	3810900
109.912313	12888	0	3802637	3810900
109.924593	12888	0	3802637	3810900
109.930353	12888	0	3802637	3810900
109.935993	12888	0	3802637	3810900
109.943656	12888	0	3802637	3810900
109.948961	12888	0	3802637	3810900
109.956693	12888	0	3802637	3810900
109.963199	12888	0	3802637	3810900
109.977809	12888	0	3802637	3810900
109.989184	12888	0	3802637	3810900
110.000422	12888	0	3802637	3810900
110.007366	12888	0	3802637	3810900
110.015261	12888	0	3802637	3810900
110.029503	12888	0	3802637	3810900
110.038318	12888	0	3802637	3810900
110.048088	12888	0	3802637	3810900
110.059161	12888	0	3802637	3810900
110.070962	12888	0	3802637	3810900
110.079318	12888	0	3802637	3810900
110.087987	12888	0	3802637	3810900
110.095434	12888	0	3802637	3810900
110.101672	12888	0	3802637	3810900
110.110353	12888	0	3802637	3810900
110.120607	12888	0	3802637	3810900
110.128492	12888	0	3802637	3810900
110.139464	12888	0	3802637	3810900
110.145770	12888	0	3802637	3810900
110.152380	12888	0	3802637	3810900
110.164500	12888	0	3802637	3810900
110.177716	12888	0	3802637	3810900
110.185401	12888	0	3802637	3810900
110.198620	12888	0	3802637	3810900
110.213665	12888	0	3802637	3810900
110.219786	12888	0	3802637	3810900
110.231817	12888	0	3802637	3810900
110.243935	12888	0	3802637	3810900
110.249528	12888	0	3802637	3810900
110.260156	12888	0	3802637	3810900
110.268594	12888	0	3802637	3810900
110.277772	12888	0	3802637	3810900
110.288644	12888	0	3802637	3810900
110.297646	12888	0	3802637	3810900
110.306744	12888	0	3802637	3810900
110.320566	12888	0	3802637	3810900
110.331381	12888	0	3802637	3810900
110.341405	12888	0	3802637	3810900
110.354563	12888	0	3802637	3810900
110.364603	12888	0	3802637	3810900
110.371762	12888	0	3802637	3810900
110.377166	12888	0	3802637	3810900
110.383016	12888	0	3802637	3810900
110.395198	12888	0	3802637	3810900
110.409501	12888	0	3802637	3810900
110.422628	12888	0	3802637	3810900
110.429901	12888	0	3802637	3810900
110.438376	12888	0	3802637	3810900
110.449813	12888	0	3802637	3810900
110.458184	12888	0	3802637	3810900
110.469355	12888	0	3802637	3810900
110.476312	12888	0	3802637	3810900
110.482798	12888	0	3802637	3810900
110.489845	12888	0	3802637	3810900
110.498644	12888	0	3802637	3810900
110.504846	12888	0	3802637	3810900
110.518048	12888	0	3802637	3810900
110.526965	12888	0	3802637	3810900
110.538096	12888	0	3802637	3810900
110.550581	12888	0	3802637	3810900
110.562702	12888	0	3802637	3810900
110.572434	12888	0	3802637	3810900
110.578791	12888	0	3802637	3810900
110.587166	12888	0	3802637	3810900
110.592841	12888	0	3802637	3810900
110.600620	12888	0	3802637	3810900
110.609412	12888	0	3802637	3810900
110.624546	12888	0	3802637	3810900
110.632630	12888	0	3802637	3810900
110.642139	12888	0	3802637	3810900
110.653685	12888	0	3802637	3810900
110.663478	12888	0	3802637	3810900
110.678533	12888	0	3802637	3810900
110.691550	12888	0	3802637	3810900
110.702476	12888	0	3802637	3810900
110.710708	12888	0	3802637	3810900
110.718210	12888	0	3802637	3810900
110.731640	12888	0	3802637	3810900
110.744757	12888	0	3802637	3810900
110.756378	12888	0	3802637	3810900
110.761669	12888	0	3802637	3810900
110.774704	12888	0	3802637	3810900
110.780973	12888	0	3802637	3810900
110.795962	12888	0	3802637	3810900
110.806617	12888	0	3802637	3810900
110.817968	12888	0	3802637	3810900
110.824537	12888	0	3802637	3810900
110.834175	12888	0	3802637	3810900
110.840541	12888	0	3802637	3810900
110.849838	12888	0	3802637	3810900
110.860285	12888	0	3802637	3810900
110.872221	12888	0	3802637	3810900
110.881053	12888	0	3802637	3810900
110.888061	12888	0	3802637	3810900
110.897866	12888	0	3802637	3810900
110.912217	12888	0	3802637	3810900
110.920368	12888	0	3802637	3810900
110.926981	12888	0	3802637	3810900
110.937770	12888	0	3802637	3810900
110.947592	12888	0	3802637	3810900
110.956950	12888	0	3802637	3810900
110.966596	12888	0	3802637	3810900
110.977692	12888	0	3802637	3810900
110.985288	12888	0	3802637	3810900
110.992058	12888	0	3802637	3810900
111.001990	12888	0	3802637	3810900
111.009981	12888	0	3802637	3810900
111.018182	12888	0	3802637	3810900
111.030377	12888	0	3802637	3810900
111.037383	12888	0	3802637	3810900
111.050370	12888	0	3802637	3810900
111.056925	12888	0	3802637	3810900
111.067589	12888	0	3802637	3810900
111.082199	12888	0	3802637	3810900
111.090029	12888	0	3802637	3810900
111.095754	12888	0	3802637	3810900
111.109754	12888	0	3802637	3810900
111.121358	12888	0	3802637	3810900
111.130737	12888	0	3802637	3810900
111.136957	12888	0	3802637	3810900
111.151110	12888	0	3802637	3810900
111.161148	12888	0	3802637	3810900
111.171779	12888	0	3802637	3810900
111.184151	12888	0	3802637	3810900
111.190913	12888	0	3802637	3810900
111.200439	12888	0	3802637	3810900
111.205796	12888	0	3802637	3810900
111.219441	12888	0	3802637	3810900
111.229734	12888	0	3802637	3810900
111.242240	12888	0	3802637	3810900
111.250850	12888	0	3802637	3810900
111.259041	12888	0	3802637	3810900
111.264609	12888	0	3802637	3810900
111.278700	12888	0	3802637	3810900
111.293215	12888	0	3802637	3810900
111.300324	12888	0	3802637	3810900
111.313426	12888	0	3802637	3810900
111.327075	12888	0	3802637	3810900
111.335776	12888	0	3802637	3810900
111.344097	12888	0	3802637	3810900
111.358925	12888	0	3802637	3810900
111.367141	12888	0	3802637	3810900
111.380763	12888	0	3802637	3810900
111.390160	12888	0	3802637	3810900
111.396411	12888	0	3802637	3810900
111.403439	12888	0	3802637	3810900
111.417263	12888	0	3802637	3810900
111.424255	12888	0	3802637	3810900
111.438547	12888	0	3802637	3810900
111.448331	12888	0	3802637	3810900
111.454955	12888	0	3802637	3810900
111.468873	12888	0	3802637	3810900
111.481085	12888	0	3802637	3810900
111.493851	12888	0	3802637	3810900
111.506002	12888	0	3802637	3810900
111.516769	12888	0	3802637	3810900
111.529147	12888	0	3802637	3810900
111.534725	12888	0	3802637	3810900
111.542834	12888	0	3802637	3810900
111.552452	12888	0	3802637	3810900
111.567615	12888	0	3802637	3810900
111.577066	12888	0	3802637	3810900
111.589196	12888	0	3802637	3810900
111.597162	12888	0	3802637	3810900
111.605208	12888	0	3802637	3810900
111.613828	12888	0	3802637	3810900
111.628246	12888	0	3802637	3810900
111.642305	12888	0	3802637	3810900
111.648733	12888	0	3802637	3810900
111.663215	12888	0	3802637	3810900
111.674994	12888	0	3802637	3810900
111.682639	12888	0	3802637	3810900
111.690261	12888	0	3802637	3810900
111.699588	12888	0	3802637	3810900
111.711676	12888	0	3802637	3810900
111.724310	12888	0	3802637	3810900
111.733007	12888	0	3802637	3810900
111.740740	12888	0	3802637	3810900
111.751771	12888	0	3802637	3810900
111.763696	12888	0	3802637	3810900
111.771423	12888	0	3802637	3810900
111.776880	12888	0	3802637	3810900
111.786928	12888	0	3802637	3810900
111.799677	12888	0	3802637	3810900
111.813068	12888	0	3802637	3810900
111.820710	12888	0	3802637	3810900
111.834757	12888	0	3802637	3810900
111.842140	12888	0	3802637	3810900
111.854803	12888	0	3802637	3810900
111.862551	12888	0	3802637	3810900
111.873650	12888	0	3802637	3810900
111.883334	12888	0	3802637	3810900
111.896071	12888	0	3802637	3810900
111.910230	12888	0	3802637	3810900
111.915656	12888	0	3802637	3810900
111.930687	12888	0	3802637	3810900
111.939580	12888	0	3802637	3810900
111.945178	12888	0	3802637	3810900
111.951180	12888	0	3802637	3810900
111.964857	12888	0	3802637	3810900
111.979834	12888	0	3802637	3810900
111.986592	12888	0	3802637	3810900
111.992865	12888	0	3802637	3810900
112.004400	12888	0	3802637	3810900
112.014156	12888	0	3802637	3810900
112.021022	12888	0	3802637	3810900
112.033215	12888	0	3802637	3810900
112.045085	12888	0	3802637	3810900
112.057722	12888	0	3802637	3810900
112.066443	12888	0	3802637	3810900
112.077642	12888	0	3802637	3810900
112.084641	12888	0	3802637	3810900
112.093513	12888	0	3802637	3810900
112.102628	12888	0	3802637	3810900
112.114750	12888	0	3802637	3810900
112.120611	12888	0	3802637	3810900
112.126879	12888	0	3802637	3810900
112.135065	12888	0	3802637	3810900
112.143235	12888	0	3802637	3810900
112.150343	12888	0	3802637	3810900
112.156461	12888	0	3802637	3810900
112.162797	12888	0	3802637	3810900
112.175869	12888	0	3802637	3810900
112.185974	12888	0	3802637	3810900
112.198632	12888	0	3802637	3810900
112.207481	12888	0	3802637	3810900
112.213513	12888	0	3802637	3810900
112.225240	12888	0	3802637	3810900
112.230773	12888	0	3802637	3810900
112.237154	12888	0	3802637	3810900
112.249643	12888	0	3802637	3810900
112.262464	12888	0	3802637	3810900
112.272151	12888	0	3802637	3810900
112.283304	12888	0	3802637	3810900
112.297063	12888	0	3802637	3810900
112.304458	12888	0	3802637	3810900
112.315904	12888	0	3802637	3810900
112.321606	12888	0	3802637	3810900
112.333529	12888	0	3802637	3810900
112.341911	12888	0	3802637	3810900
112.350120	12888	0	3802637	3810900
112.364162	12888	0	3802637	3810900
112.372771	12888	0	3802637	3810900
112.385726	12888	0	3802637	3810900
112.393596	12888	0	3802637	3810900
112.402104	12888	0	3802637	3810900
112.412230	12888	0	3802637	3810900
112.425789	12888	0	3802637	3810900
112.438315	12888	0	3802637	3810900
112.448600	12888	0	3802637	3810900
112.457517	12888	0	3802637	3810900
112.468628	12888	0	3802637	3810900
112.475227	12888	0	3802637	3810900
112.488976	12888	0	3802637	3810900
112.502128	12888	0	3802637	3810900
112.508981	12888	0	3802637	3810900
112.520982	12888	0	3802637	3810900
112.533443	12888	0	3802637	3810900
112.546471	12888	0	3802637	3810900
112.558568	12888	0	3802637	3810900
112.568583	12888	0	3802637	3810900
112.578774	12888	0	3802637	3810900
112.588344	12888	0	3802637	3810900
112.595519	12888	0	3802637	3810900
112.607908	12888	0	3802637	3810900
112.621053	12888	0	3802637	3810900
112.631169	12888	0	3802637	3810900
112.643777	12888	0	3802637	3810900
112.656173	12888	0	3802637	3810900
112.671087	12888	0	3802637	3810900
112.681791	12888	0	3802637	3810900
112.688134	12888	0	3802637	3810900
112.702973	12888	0	3802637	3810900
112.710575	12888	0	3802637	3810900
112.718036	12888	0	3802637	3810900
112.727084	12888	0	3802637	3810900
112.736063	12888	0	3802637	3810900
112.745126	12888	0	3802637	3810900
112.752895	12888	0	3802637	3810900
112.759539	12888	0	3802637	3810900
112.770289	12888	0	3802637	3810900
112.781811	12888	0	3802637	3810900
112.793607	12888	0	3802637	3810900
112.801423	12888	0	3802637	3810900
112.809112	12888	0	3802637	3810900
112.823942	12888	0	3802637	3810900
112.829522	12888	0	3802637	3810900
112.839762	12888	0	3802637	3810900
112.854405	12888	0	3802637	3810900
112.860931	12888	0	3802637	3810900
112.874751	12888	0	3802637	3810900
112.888516	12888	0	3802637	3810900
112.896884	12888	0	3802637	3810900
112.905589	12888	0	3802637	3810900
112.914452	12888	0	3802637	3810900
112.928371	12888	0	3802637	3810900
112.935467	12888	0	3802637	3810900
112.945604	12888	0	3802637	3810900
112.959927	12888	0	3802637	3810900
112.968001	12888	0	3802637	3810900
112.979117	12888	0	3802637	3810900
112.986138	12888	0	3802637	3810900
112.993476	12888	0	3802637	3810900
113.003744	12888	0	3802637	3810900
113.011616	12888	0	3802637	3810900
113.020657	12888	0	3802637	3810900
113.028025	12888	0	3802637	3810900
113.037390	12888	0	3802637	3810900
113.045372	12888	0	3802637	3810900
113.052318	12888	0	3802637	3810900
113.064236	12888	0	3802637	3810900
113.076059	12888	0	3802637	3810900
113.081929	12888	0	3802637	3810900
113.088706	12888	0	3802637	3810900
113.098695	12888	0	3802637	3810900
113.111160	12888	0	3802637	3810900
113.117676	12888	0	3802637	3810900
113.132156	12888	0	3802637	3810900
113.140941	12888	0	3802637	3810900
113.149655	12888	0	3802637	3810900
113.158593	12888	0	3802637	3810900
113.172388	12888	0	3802637	3810900
113.185485	12888	0	3802637	3810900
113.193099	12888	0	3802637	3810900
113.198994	12888	0	3802637	3810900
113.205808	12888	0	3802637	3810900
113.215661	12888	0	3802637	3810900
113.223322	12888	0	3802637	3810900
113.237721	12888	0	3802637	3810900
113.250745	12888	0	3802637	3810900
113.263263	12888	0	3802637	3810900
113.270366	12888	0	3802637	3810900
113.280861	12888	0	3802637	3810900
113.295840	12888	0	3802637	3810900
113.301764	12888	0	3802637	3810900
113.310876	12888	0	3802637	3810900
113.318748	12888	0	3802637	3810900
113.330168	12888	0	3802637	3810900
113.341291	12888	0	3802637	3810900
113.349413	12888	0	3802637	3810900
113.356166	12888	0	3802637	3810900
113.367123	12888	0	3802637	3810900
113.374517	12888	0	3802637	3810900
113.383702	12888	0	3802637	3810900
113.397095	12888	0	3802637	3810900
113.403226	12888	0	3802637	3810900
113.413713	12888	0	3802637	3810900
113.420510	12888	0	3802637	3810900
113.429644	12888	0	3802637	3810900
113.436815	12888	0	3802637	3810900
113.444497	12888	0	3802637	3810900
113.452459	12888	0	3802637	3810900
113.458862	12888	0	3802637	3810900
113.466110	12888	0	3802637	3810900
113.476069	12888	0	3802637	3810900
113.484443	12888	0	3802637	3810900
113.493712	12888	0	3802637	3810900
113.502132	12888	0	3802637	3810900
113.509339	12888	0	3802637	3810900
113.520308	12888	0	3802637	3810900
113.529049	12888	0	3802637	3810900
113.537341	12888	0	3802637	3810900
113.544378	12888	0	3802637	3810900
113.557304	12888	0	3802637	3810900
113.564312	12888	0	3802637	3810900
113.573557	12888	0	3802637	3810900
113.586555	12888	0	3802637	3810900
113.597382	12888	0	3802637	3810900
113.611921	12888	0	3802637	3810900
113.624894	12888	0	3802637	3810900
113.634263	12888	0	3802637	3810900
113.647846	12888	0	3802637	3810900
113.657582	12888	0	3802637	3810900
113.663581	12888	0	3802637	3810900
113.670296	12888	0	3802637	3810900
113.681106	12888	0	3802637	3810900
113.689430	12888	0	3802637	3810900
113.699981	12888	0	3802637	3810900
113.707514	12888	0	3802637	3810900
113.715286	12888	0	3802637	3810900
113.729971	12888	0	3802637	3810900
113.744625	12888	0	3802637	3810900
113.759606	12888	0	3802637	3810900
113.771134	12888	0	3802637	3810900
113.779025	12888	0	3802637	3810900
113.788221	12888	0	3802637	3810900
113.796815	12888	0	3802637	3810900
113.805833	12888	0	3802637	3810900
113.817369	12888	0	3802637	3810900
113.824741	12888	0	3802637	3810900
113.836920	12888	0	3802637	3810900
113.850601	12888	0	3802637	3810900
113.865058	12888	0	3802637	3810900
113.874686	12888	0	3802637	3810900
113.881657	12888	0	3802637	3810900
113.888550	12888	0	3802637	3810900
113.896173	12888	0	3802637	3810900
113.905048	12888	0	3802637	3810900
113.919576	12888	0	3802637	3810900
113.933021	12888	0	3802637	3810900
113.939854	12888	0	3802637	3810900
113.953378	12888	0	3802637	3810900
113.962009	12888	0	3802637	3810900
113.969023	12888	0	3802637	3810900
113.977926	12888	0	3802637	3810900
113.985963	12888	0	3802637	3810900
113.993347	12888	0	3802637	3810900
114.004566	12888	0	3802637	3810900
114.013466	12888	0	3802637	3810900
114.021660	12888	0	3802637	3810900
114.032246	12888	0	3802637	3810900
114.043025	12888	0	3802637	3810900
114.049080	12888	0	3802637	3810900
114.061231	12888	0	3802637	3810900
114.069921	12888	0	3802637	3810900
114.081406	12888	0	3802637	3810900
114.093363	12888	0	3802637	3810900
114.100402	12888	0	3802637	3810900
114.105611	12888	0	3802637	3810900
114.111427	12888	0	3802637	3810900
114.116948	12888	0	3802637	3810900
114.122208	12888	0	3802637	3810900
114.135077	12888	0	3802637	3810900
114.142568	12888	0	3802637	3810900
114.154758	12888	0	3802637	3810900
114.162307	12888	0	3802637	3810900
114.167633	12888	0	3802637	3810900
114.173146	12888	0	3802637	3810900
114.182951	12888	0	3802637	3810900
114.193422	12888	0	3802637	3810900
114.201934	12888	0	3802637	3810900
114.209434	12888	0	3802637	3810900
114.220345	12888	0	3802637	3810900
114.227427	12888	0	3802637	3810900
114.234618	12888	0	3802637	3810900
114.246947	12888	0	3802637	3810900
114.254207	12888	0	3802637	3810900
114.267021	12888	0	3802637	3810900
114.278053	12888	0	3802637	3810900
114.287146	12888	0	3802637	3810900
114.297330	12888	0	3802637	3810900
114.311047	12888	0	3802637	3810900
114.316594	12888	0	3802637	3810900
114.329640	12888	0	3802637	3810900
114.336706	12888	0	3802637	3810900
114.346514	12888	0	3802637	3810900
114.354235	12888	0	3802637	3810900
114.369334	12888	0	3802637	3810900
114.381365	12888	0	3802637	3810900
114.395395	12888	0	3802637	3810900
114.407868	12888	0	3802637	3810900
114.414222	12888	0	3802637	3810900
114.428225	12888	0	3802637	3810900
114.438193	12888	0	3802637	3810900
114.447906	12888	0	3802637	3810900
114.456517	12888	0	3802637	3810900
114.471319	12888	0	3802637	3810900
114.482723	12888	0	3802637	3810900
114.488010	12888	0	3802637	3810900
114.500699	12888	0	3802637	3810900
114.507527	12888	0	3802637	3810900
114.515399	12888	0	3802637	3810900
114.524835	12888	0	3802637	3810900
114.536166	12888	0	3802637	3810900
114.543550	12888	0	3802637	3810900
114.552211	12888	0	3802637	3810900
114.557705	12888	0	3802637	3810900
114.567361	12888	0	3802637	3810900
114.573774	12888	0	3802637	3810900
114.580010	12888	0	3802637	3810900
114.593271	12888	0	3802637	3810900
114.606911	12888	0	3802637	3810900
114.612657	12888	0	3802637	3810900
114.627638	12888	0	3802637	3810900
114.634620	12888	0	3802637	3810900
114.641423	12888	0	3802637	3810900
114.649614	12888	0	3802637	3810900
114.658336	12888	0	3802637	3810900
114.670569	12888	0	3802637	3810900
114.679388	12888	0	3802637	3810900
114.692122	12888	0	3802637	3810900
114.706920	12888	0	3802637	3810900
114.717714	12888	0	3802637	3810900
114.728698	12888	0	3802637	3810900
114.736389	12888	0	3802637	3810900
114.746557	12888	0	3802637	3810900
114.759113	12888	0	3802637	3810900
114.766137	12888	0	3802637	3810900
114.773050	12888	0	3802637	3810900
114.786019	12888	0	3802637	3810900
114.797008	12888	0	3802637	3810900
114.811457	12888	0	3802637	3810900
114.823050	12888	0	3802637	3810900
114.831335	12888	0	3802637	3810900
114.841692	12888	0	3802637	3810900
114.849194	12888	0	3802637	3810900
114.855947	12888	0	3802637	3810900
114.861761	12888	0	3802637	3810900
114.868379	12888	0	3802637	3810900
114.876562	12888	0	3802637	3810900
114.882685	12888	0	3802637	3810900
114.892684	12888	0	3802637	3810900
114.907269	12888	0	3802637	3810900
114.914054	12888	0	3802637	3810900
114.926164	12888	0	3802637	3810900
114.941105	12888	0	3802637	3810900
114.949891	12888	0	3802637	3810900
114.959782	12888	0	3802637	3810900
114.966577	12888	0	3802637	3810900
114.980473	12888	0	3802637	3810900
114.995531	12888	0	3802637	3810900
115.009233	12888	0	3802637	3810900
115.022552	12888	0	3802637	3810900
115.035372	12888	0	3802637	3810900
115.044402	12888	0	3802637	3810900
115.051185	12888	0	3802637	3810900
115.065283	12888	0	3802637	3810900
115.072529	12888	0	3802637	3810900
115.080952	12888	0	3802637	3810900
115.091379	12888	0	3802637	3810900
115.104614	12888	0	3802637	3810900
115.118340	12888	0	3802637	3810900
115.129763	12888	0	3802637	3810900
115.142147	12888	0	3802637	3810900
115.147743	12888	0	3802637	3810900
115.153828	12888	0	3802637	3810900
115.168964	12888	0	3802637	3810900
115.177211	12888	0	3802637	3810900
115.183221	12888	0	3802637	3810900
115.196566	12888	0	3802637	3810900
115.209709	12888	0	3802637	3810900
115.220016	12888	0	3802637	3810900
115.232170	12888	0	3802637	3810900
115.239888	12888	0	3802637	3810900
115.248993	12888	0	3802637	3810900
115.258172	12888	0	3802637	3810900
115.273331	12888	0	3802637	3810900
115.287929	12888	0	3802637	3810900
115.299990	12888	0	3802637	3810900
115.309480	12888	0	3802637	3810900
115.314712	12888	0	3802637	3810900
115.321092	12888	0	3802637	3810900
115.326613	12888	0	3802637	3810900
115.335550	12888	0	3802637	3810900
115.341418	12888	0	3802637	3810900
115.355576	12888	0	3802637	3810900
115.360947	12888	0	3802637	3810900
115.374069	12888	0	3802637	3810900
115.379233	12888	0	3802637	3810900
115.384465	12888	0	3802637	3810900
115.393942	12888	0	3802637	3810900
115.404172	12888	0	3802637	3810900
115.411449	12888	0	3802637	3810900
115.418450	12888	0	3802637	3810900
115.431660	12888	0	3802637	3810900
115.439726	12888	0	3802637	3810900
115.446027	12888	0	3802637	3810900
115.458273	12888	0	3802637	3810900
115.469730	12888	0	3802637	3810900
115.484471	12888	0	3802637	3810900
115.491265	12888	0	3802637	3810900
115.505986	12888	0	3802637	3810900
115.513496	12888	0	3802637	3810900
115.527422	12888	0	3802637	3810900
115.540528	12888	0	3802637	3810900
115.549018	12888	0	3802637	3810900
115.556162	12888	0	3802637	3810900
115.565698	12888	0	3802637	3810900
115.572674	12888	0	3802637	3810900
115.583704	12888	0	3802637	3810900
115.589425	12888	0	3802637	3810900
115.601717	12888	0	3802637	3810900
115.614389	12888	0	3802637	3810900
115.623148	12888	0	3802637	3810900
115.632776	12888	0	3802637	3810900
115.642878	12888	0	3802637	3810900
115.652157	12888	0	3802637	3810900
115.660674	12888	0	3802637	3810900
115.666914	12888	0	3802637	3810900
115.678468	12888	0	3802637	3810900
115.687368	12888	0	3802637	3810900
115.695976	12888	0	3802637	3810900
115.702180	12888	0	3802637	3810900
115.715722	12888	0	3802637	3810900
115.726417	12888	0	3802637	3810900
115.736261	12888	0	3802637	3810900
115.741812	12888	0	3802637	3810900
115.754786	12888	0	3802637	3810900
115.761867	12888	0	3802637	3810900
115.772931	12888	0	3802637	3810900
115.783182	12888	0	3802637	3810900
115.789061	12888	0	3802637	3810900
115.797478	12888	0	3802637	3810900
115.806377	12888	0	3802637	3810900
115.812406	12888	0	3802637	3810900
115.820702	12888	0	3802637	3810900
115.826323	12888	0	3802637	3810900
115.835338	12888	0	3802637	3810900
115.848099	12888	0	3802637	3810900
115.856052	12888	0	3802637	3810900
115.865494	12888	0	3802637	3810900
115.875031	12888	0	3802637	3810900
115.887664	12888	0	3802637	3810900
115.898373	12888	0	3802637	3810900
115.903990	12888	0	3802637	3810900
115.914883	12888	0	3802637	3810900
115.922993	12888	0	3802637	3810900
115.931867	12888	0	3802637	3810900
115.940798	12888	0	3802637	3810900
115.950828	12888	0	3802637	3810900
115.962744	12888	0	3802637	3810900
115.975313	12888	0	3802637	3810900
115.987715	12888	0	3802637	3810900
116.000002	12888	0	3802637	3810900
116.010342	12888	0	3802637	3810900
116.018680	12888	0	3802637	3810900
116.026535	12888	0	3802637	3810900
116.032935	12888	0	3802637	3810900
116.045359	12888	0	3802637	3810900
116.059374	12888	0	3802637	3810900
116.067498	12888	0	3802637	3810900
116.078458	12888	0	3802637	3810900
116.085631	12888	0	3802637	3810900
116.095095	12888	0	3802637	3810900
116.103686	12888	0	3802637	3810900
116.116655	12888	0	3802637	3810900
116.131342	12888	0	3802637	3810900
116.141533	12888	0	3802637	3810900
116.150855	12888	0	3802637	3810900
116.160228	12888	0	3802637	3810900
116.165423	12888	0	3802637	3810900
116.177797	12888	0	3802637	3810900
116.184064	12888	0	3802637	3810900
116.198196	12888	0	3802637	3810900
116.208703	12888	0	3802637	3810900
116.215696	12888	0	3802637	3810900
116.227112	12888	0	3802637	3810900
116.238218	12888	0	3802637	3810900
116.244789	12888	0	3802637	3810900
116.250710	12888	0	3802637	3810900
116.265823	12888	0	3802637	3810900
116.276147	12888	0	3802637	3810900
116.285014	12888	0	3802637	3810900
116.300165	12888	0	3802637	3810900
116.313363	12888	0	3802637	3810900
116.319365	12888	0	3802637	3810900
116.326382	12888	0	3802637	3810900
116.340759	12888	0	3802637	3810900
116.347278	12888	0	3802637	3810900
116.357071	12888	0	3802637	3810900
116.362891	12888	0	3802637	3810900
116.375456	12888	0	3802637	3810900
116.387321	12888	0	3802637	3810900
116.402431	12888	0	3802637	3810900
116.409495	12888	0	3802637	3810900
116.422602	12888	0	3802637	3810900
116.434609	12888	0	3802637	3810900
116.441656	12888	0	3802637	3810900
116.448322	12888	0	3802637	3810900
116.455056	12888	0	3802637	3810900
116.465675	12888	0	3802637	3810900
116.472341	12888	0	3802637	3810900
116.483245	12888	0	3802637	3810900
116.494991	12888	0	3802637	3810900
116.502849	12888	0	3802637	3810900
116.516415	12888	0	3802637	3810900
116.523157	12888	0	3802637	3810900
116.532496	12888	0	3802637	3810900
116.545456	12888	0	3802637	3810900
116.559343	12888	0	3802637	3810900
116.571475	12888	0	3802637	3810900
116.579528	12888	0	3802637	3810900
116.585698	12888	0	3802637	3810900
116.596972	12888	0	3802637	3810900
116.607068	12888	0	3802637	3810900
116.615353	12888	0	3802637	3810900
116.629408	12888	0	3802637	3810900
116.636097	12888	0	3802637	3810900
116.649192	12888	0	3802637	3810900
116.661743	12888	0	3802637	3810900
116.667653	12888	0	3802637	3810900
116.674151	12888	0	3802637	3810900
116.681471	12888	0	3802637	3810900
116.687440	12888	0	3802637	3810900
116.693259	12888	0	3802637	3810900
116.702867	12888	0	3802637	3810900
116.708841	12888	0	3802637	3810900
116.720590	12888	0	3802637	3810900
116.730341	12888	0	3802637	3810900
116.736572	12888	0	3802637	3810900
116.747461	12888	0	3802637	3810900
116.754583	12888	0	3802637	3810900
116.761799	12888	0	3802637	3810900
116.775883	12888	0	3802637	3810900
116.790372	12888	0	3802637	3810900
116.798540	12888	0	3802637	3810900
116.806510	12888	0	3802637	3810900
116.815776	12888	0	3802637	3810900
116.827964	12888	0	3802637	3810900
116.839706	12888	0	3802637	3810900
116.848746	12888	0	3802637	3810900
116.862507	12888	0	3802637	3810900
116.874012	12888	0	3802637	3810900
116.888166	12888	0	3802637	3810900
116.895753	12888	0	3802637	3810900
116.904972	12888	0	3802637	3810900
116.916725	12888	0	3802637	3810900
116.922904	12888	0	3802637	3810900
116.936302	12888	0	3802637	3810900
116.943593	12888	0	3802637	3810900
116.953602	12888	0	3802637	3810900
116.960600	12888	0	3802637	3810900
116.968523	12888	0	3802637	3810900
116.976753	12888	0	3802637	3810900
116.984765	12888	0	3802637	3810900
116.990926	12888	0	3802637	3810900
116.997346	12888	0	3802637	3810900
117.012253	12888	0	3802637	3810900
117.026199	12888	0	3802637	3810900
117.032750	12888	0	3802637	3810900
117.046379	12888	0	3802637	3810900
117.054803	12888	0	3802637	3810900
117.063328	12888	0	3802637	3810900
117.076173	12888	0	3802637	3810900
117.091015	12888	0	3802637	3810900
117.098842	12888	0	3802637	3810900
117.107894	12888	0	3802637	3810900
117.123033	12888	0	3802637	3810900
117.131924	12888	0	3802637	3810900
117.141691	12888	0	3802637	3810900
117.149813	12888	0	3802637	3810900
117.164607	12888	0	3802637	3810900
117.175118	12888	0	3802637	3810900
117.180787	12888	0	3802637	3810900
117.192430	12888	0	3802637	3810900
117.201347	12888	0	3802637	3810900
117.208143	12888	0	3802637	3810900
117.219792	12888	0	3802637	3810900
117.231690	12888	0	3802637	3810900
117.245207	12888	0	3802637	3810900
117.252772	12888	0	3802637	3810900
117.266054	12888	0	3802637	3810900
117.272005	12888	0	3802637	3810900
117.281249	12888	0	3802637	3810900
117.293585	12888	0	3802637	3810900
117.301648	12888	0	3802637	3810900
117.310133	12888	0	3802637	3810900
117.324693	12888	0	3802637	3810900
117.339639	12888	0	3802637	3810900
117.352361	12888	0	3802637	3810900
117.361419	12888	0	3802637	3810900
117.368814	12888	0	3802637	3810900
117.379482	12888	0	3802637	3810900
117.389086	12888	0	3802637	3810900
117.400607	12888	0	3802637	3810900
117.409955	12888	0	3802637	3810900
117.420316	12888	0	3802637	3810900
117.429035	12888	0	3802637	3810900
117.439536	12888	0	3802637	3810900
117.451214	12888	0	3802637	3810900
117.464141	12888	0	3802637	3810900
117.476635	12888	0	3802637	3810900
117.489375	12888	0	3802637	3810900
117.498914	12888	0	3802637	3810900
117.504283	12888	0	3802637	3810900
117.516134	12888	0	3802637	3810900
117.529414	12888	0	3802637	3810900
117.536411	12888	0	3802637	3810900
117.542246	12888	0	3802637	3810900
117.555353	12888	0	3802637	3810900
117.563029	12888	0	3802637	3810900
117.569954	12888	0	3802637	3810900
117.581907	12888	0	3802637	3810900
117.589315	12888	0	3802637	3810900
117.595693	12888	0	3802637	3810900
117.606161	12888	0	3802637	3810900
117.611937	12888	0	3802637	3810900
117.625568	12888	0	3802637	3810900
117.634332	12888	0	3802637	3810900
117.640262	12888	0	3802637	3810900
117.650412	12888	0	3802637	3810900
117.657839	12888	0	3802637	3810900
117.670644	12888	0	3802637	3810900
117.678755	12888	0	3802637	3810900
117.685900	12888	0	3802637	3810900
117.696470	12888	0	3802637	3810900
117.703013	12888	0	3802637	3810900
117.711741	12888	0	3802637	3810900
117.724912	12888	0	3802637	3810900
117.734181	12888	0	3802637	3810900
117.743900	12888	0	3802637	3810900
117.755398	12888	0	3802637	3810900
117.763762	12888	0	3802637	3810900
117.773725	12888	0	3802637	3810900
117.787500	12888	0	3802637	3810900
117.801162	12888	0	3802637	3810900
117.810611	12888	0	3802637	3810900
117.825543	12888	0	3802637	3810900
117.839712	12888	0	3802637	3810900
117.852151	12888	0	3802637	3810900
117.861451	12888	0	3802637	3810900
117.871301	12888	0	3802637	3810900
117.882531	12888	0	3802637	3810900
117.888854	12888	0	3802637	3810900
117.897871	12888	0	3802637	3810900
117.909730	12888	0	3802637	3810900
117.916152	12888	0	3802637	3810900
117.931228	12888	0	3802637	3810900
117.939317	12888	0	3802637	3810900
117.947653	12888	0	3802637	3810900
117.956125	12888	0	3802637	3810900
117.966128	12888	0	3802637	3810900
117.975274	12888	0	3802637	3810900
117.989025	12888	0	3802637	3810900
117.995489	12888	0	3802637	3810900
118.004950	12888	0	3802637	3810900
118.013253	12888	0	3802637	3810900
118.026617	12888	0	3802637	3810900
118.039643	12888	0	3802637	3810900
118.051662	12888	0	3802637	3810900
118.061944	12888	0	3802637	3810900
118.072960	12888	0	3802637	3810900
118.084433	12888	0	3802637	3810900
118.095234	12888	0	3802637	3810900
118.103534	12888	0	3802637	3810900
118.113549	12888	0	3802637	3810900
118.128517	12888	0	3802637	3810900
118.142142	12888	0	3802637	3810900
118.152124	12888	0	3802637	3810900
118.160845	12888	0	3802637	3810900
118.168834	12888	0	3802637	3810900
118.178867	12888	0	3802637	3810900
118.186515	12888	0	3802637	3810900
118.194338	12888	0	3802637	3810900
118.203990	12888	0	3802637	3810900
118.210252	12888	0	3802637	3810900
118.223211	12888	0	3802637	3810900
118.229251	12888	0	3802637	3810900
118.237292	12888	0	3802637	3810900
118.251808	12888	0	3802637	3810900
118.260729	12888	0	3802637	3810900
118.272972	12888	0	3802637	3810900
118.282235	12888	0	3802637	3810900
118.293598	12888	0	3802637	3810900
118.307260	12888	0	3802637	3810900
118.321249	12888	0	3802637	3810900
118.333107	12888	0	3802637	3810900
118.347874	12888	0	3802637	3810900
118.362899	12888	0	3802637	3810900
118.369308	12888	0	3802637	3810900
118.379436	12888	0	3802637	3810900
118.389222	12888	0	3802637	3810900
118.400231	12888	0	3802637	3810900
118.411723	12888	0	3802637	3810900
118.421923	12888	0	3802637	3810900
118.433305	12888	0	3802637	3810900
118.440297	12888	0	3802637	3810900
118.448492	12888	0	3802637	3810900
118.461845	12888	0	3802637	3810900
118.467047	12888	0	3802637	3810900
118.476152	12888	0	3802637	3810900
118.486838	12888	0	3802637	3810900
118.498261	12888	0	3802637	3810900
118.504308	12888	0	3802637	3810900
118.517111	12888	0	3802637	3810900
118.527884	12888	0	3802637	3810900
118.534057	12888	0	3802637	3810900
118.542498	12888	0	3802637	3810900
118.551770	12888	0	3802637	3810900
118.559089	12888	0	3802637	3810900
118.571022	12888	0	3802637	3810900
118.581890	12888	0	3802637	3810900
118.595731	12888	0	3802637	3810900
118.604543	12888	0	3802637	3810900
118.612499	12888	0	3802637	3810900
118.617716	12888	0	3802637	3810900
118.631134	12888	0	3802637	3810900
118.639287	12888	0	3802637	3810900
118.648709	12888	0	3802637	3810900
118.656013	12888	0	3802637	3810900
118.670399	12888	0	3802637	3810900
118.682919	12888	0	3802637	3810900
118.692647	12888	0	3802637	3810900
118.703637	12888	0	3802637	3810900
118.712611	12888	0	3802637	3810900
118.722797	12888	0	3802637	3810900
118.734692	12888	0	3802637	3810900
118.746301	12888	0	3802637	3810900
118.757569	12888	0	3802637	3810900
118.770608	12888	0	3802637	3810900
118.781898	12888	0	3802637	3810900
118.793749	12888	0	3802637	3810900
118.800951	12888	0	3802637	3810900
118.807424	12888	0	3802637	3810900
118.821554	12888	0	3802637	3810900
118.828942	12888	0	3802637	3810900
118.836667	12888	0	3802637	3810900
118.850371	12888	0	3802637	3810900
118.859273	12888	0	3802637	3810900
118.867089	12888	0	3802637	3810900
118.873961	12888	0	3802637	3810900
118.884998	12888	0	3802637	3810900
118.894104	12888	0	3802637	3810900
118.899577	12888	0	3802637	3810900
118.913884	12888	0	3802637	3810900
118.928215	12888	0	3802637	3810900
118.936609	12888	0	3802637	3810900
118.947687	12888	0	3802637	3810900
118.961469	12888	0	3802637	3810900
118.972592	12888	0	3802637	3810900
118.983171	12888	0	3802637	3810900
118.994790	12888	0	3802637	3810900
119.007816	12888	0	3802637	3810900
119.022422	12888	0	3802637	3810900
119.031432	12888	0	3802637	3810900
119.041064	12888	0	3802637	3810900
119.052460	12888	0	3802637	3810900
119.064228	12888	0	3802637	3810900
119.070636	12888	0	3802637	3810900
119.079702	12888	0	3802637	3810900
119.091629	12888	0	3802637	3810900
119.098701	12888	0	3802637	3810900
119.104574	12888	0	3802637	3810900
119.112989	12888	0	3802637	3810900
119.118698	12888	0	3802637	3810900
119.128107	12888	0	3802637	3810900
119.133454	12888	0	3802637	3810900
119.144530	12888	0	3802637	3810900
119.154547	12888	0	3802637	3810900
119.160145	12888	0	3802637	3810900
119.169284	12888	0	3802637	3810900
119.181260	12888	0	3802637	3810900
119.188103	12888	0	3802637	3810900
119.201020	12888	0	3802637	3810900
119.206344	12888	0	3802637	3810900
119.216564	12888	0	3802637	3810900
119.225577	12888	0	3802637	3810900
119.236530	12888	0	3802637	3810900
119.245021	12888	0	3802637	3810900
119.252411	12888	0	3802637	3810900
119.260652	12888	0	3802637	3810900
119.275810	12888	0	3802637	3810900
119.281942	12888	0	3802637	3810900
119.295801	12888	0	3802637	3810900
119.305318	12888	0	3802637	3810900
119.318100	12888	0	3802637	3810900
119.324494	12888	0	3802637	3810900
119.332333	12888	0	3802637	3810900
119.337858	12888	0	3802637	3810900
119.350565	12888	0	3802637	3810900
119.364625	12888	0	3802637	3810900
119.378009	12888	0	3802637	3810900
119.383333	12888	0	3802637	3810900
119.393244	12888	0	3802637	3810900
119.404905	12888	0	3802637	3810900
119.417477	12888	0	3802637	3810900
119.431279	12888	0	3802637	3810900
119.439921	12888	0	3802637	3810900
119.445355	12888	0	3802637	3810900
119.458398	12888	0	3802637	3810900
119.473238	12888	0	3802637	3810900
119.486116	12888	0	3802637	3810900
119.493296	12888	0	3802637	3810900
119.506430	12888	0	3802637	3810900
119.516290	12888	0	3802637	3810900
119.530610	12888	0	3802637	3810900
119.542441	12888	0	3802637	3810900
119.549647	12888	0	3802637	3810900
119.554893	12888	0	3802637	3810900
119.568720	12888	0	3802637	3810900
119.578069	12888	0	3802637	3810900
119.587235	12888	0	3802637	3810900
119.596387	12888	0	3802637	3810900
119.606953	12888	0	3802637	3810900
119.615917	12888	0	3802637	3810900
119.623399	12888	0	3802637	3810900
119.634695	12888	0	3802637	3810900
119.644827	12888	0	3802637	3810900
119.650774	12888	0	3802637	3810900
119.662158	12888	0	3802637	3810900
119.672656	12888	0	3802637	3810900
119.685967	12888	0	3802637	3810900
119.695270	12888	0	3802637	3810900
119.707267	12888	0	3802637	3810900
119.717262	12888	0	3802637	3810900
119.731470	12888	0	3802637	3810900
119.737804	12888	0	3802637	3810900
119.743762	12888	0	3802637	3810900
119.755754	12888	0	3802637	3810900
119.761116	12888	0	3802637	3810900
119.766382	12888	0	3802637	3810900
119.771657	12888	0	3802637	3810900
119.784692	12888	0	3802637	3810900
119.798402	12888	0	3802637	3810900
119.812677	12888	0	3802637	3810900
119.824475	12888	0	3802637	3810900
119.837237	12888	0	3802637	3810900
119.842490	12888	0	3802637	3810900
119.847852	12888	0	3802637	3810900
119.857006	12888	0	3802637	3810900
119.869678	12888	0	3802637	3810900
119.884462	12888	0	3802637	3810900
119.890052	12888	0	3802637	3810900
119.897122	12888	0	3802637	3810900
119.911719	12888	0	3802637	3810900
119.920255	12888	0	3802637	3810900
119.931927	12888	0	3802637	3810900
119.946253	12888	0	3802637	3810900
119.958029	12888	0	3802637	3810900
119.971183	12888	0	3802637	3810900
119.981481	12888	0	3802637	3810900
119.995930	12888	0	3802637	3810900
120.005244	12888	0	3802637	3810900
120.012797	12888	0	3802637	3810900
120.023586	12888	0	3802637	3810900
120.035124	12888	0	3802637	3810900
120.042914	12888	0	3802637	3810900
120.049943	12888	0	3802637	3810900
120.055906	12888	0	3802637	3810900
120.062794	12888	0	3802637	3810900
120.069596	12888	0	3802637	3810900
120.082542	12888	0	3802637	3810900
120.096289	12888	0	3802637	3810900
120.107166	12888	0	3802637	3810900
120.116982	12888	0	3802637	3810900
120.125178	12888	0	3802637	3810900
120.133640	12888	0	3802637	3810900
120.142331	12888	0	3802637	3810900
120.157280	12888	0	3802637	3810900
120.167596	12888	0	3802637	3810900
120.182432	12888	0	3802637	3810900
120.194055	12888	0	3802637	3810900
120.203737	12888	0	3802637	3810900
120.217878	12888	0	3802637	3810900
120.228323	12888	0	3802637	3810900
120.239604	12888	0	3802637	3810900
120.251051	12888	0	3802637	3810900
120.263977	12888	0	3802637	3810900
120.277471	12888	0	3802637	3810900
120.290800	12888	0	3802637	3810900
120.305287	12888	0	3802637	3810900
120.310697	12888	0	3802637	3810900
120.317805	12888	0	3802637	3810900
120.323245	12888	0	3802637	3810900
120.332100	12888	0	3802637	3810900
120.340445	12888	0	3802637	3810900
120.348954	12888	0	3802637	3810900
120.360810	12888	0	3802637	3810900
120.373398	12888	0	3802637	3810900
120.381642	12888	0	3802637	3810900
120.393262	12888	0	3802637	3810900
120.406190	12888	0	3802637	3810900
120.416690	12888	0	3802637	3810900
120.428387	12888	0	3802637	3810900
120.435167	12888	0	3802637	3810900
120.449133	12888	0	3802637	3810900
120.463318	12888	0	3802637	3810900
120.475997	12888	0	3802637	3810900
120.489518	12888	0	3802637	3810900
120.502160	12888	0	3802637	3810900
120.512999	12888	0	3802637	3810900
120.524003	12888	0	3802637	3810900
120.538875	12888	0	3802637	3810900
120.552718	12888	0	3802637	3810900
120.564019	12888	0	3802637	3810900
120.574719	12888	0	3802637	3810900
120.584725	12888	0	3802637	3810900
120.591658	12888	0	3802637	3810900
120.596875	12888	0	3802637	3810900
120.606496	12888	0	3802637	3810900
120.613806	12888	0	3802637	3810900
120.619300	12888	0	3802637	3810900
120.632996	12888	0	3802637	3810900
120.646433	12888	0	3802637	3810900
120.658762	12888	0	3802637	3810900
120.671791	12888	0	3802637	3810900
120.681506	12888	0	3802637	3810900
120.693019	12888	0	3802637	3810900
120.700747	12888	0	3802637	3810900
120.707941	12888	0	3802637	3810900
120.713907	12888	0	3802637	3810900
120.725190	12888	0	3802637	3810900
120.735265	12888	0	3802637	3810900
120.747121	12888	0	3802637	3810900
120.758638	12888	0	3802637	3810900
120.768433	12888	0	3802637	3810900
120.776976	12888	0	3802637	3810900
120.782178	12888	0	3802637	3810900
120.794050	12888	0	3802637	3810900
120.801174	12888	0	3802637	3810900
120.815122	12888	0	3802637	3810900
120.828493	12888	0	3802637	3810900
120.834073	12888	0	3802637	3810900
120.844843	12888	0	3802637	3810900
120.857436	12888	0	3802637	3810900
120.868275	12888	0	3802637	3810900
120.877324	12888	0	3802637	3810900
120.883824	12888	0	3802637	3810900
120.891697	12888	0	3802637	3810900
120.899479	12888	0	3802637	3810900
120.911176	12888	0	3802637	3810900
120.916916	12888	0	3802637	3810900
120.930006	12888	0	3802637	3810900
120.937027	12888	0	3802637	3810900
120.951827	12888	0	3802637	3810900
120.963223	12888	0	3802637	3810900
120.972083	12888	0	3802637	3810900
120.978760	12888	0	3802637	3810900
120.988001	12888	0	3802637	3810900
121.001123	12888	0	3802637	3810900
121.013182	12888	0	3802637	3810900
121.021807	12888	0	3802637	3810900
121.030595	12888	0	3802637	3810900
121.042220	12888	0	3802637	3810900
121.051225	12888	0	3802637	3810900
121.063335	12888	0	3802637	3810900
121.073420	12888	0	3802637	3810900
121.086290	12888	0	3802637	3810900
121.100159	12888	0	3802637	3810900
121.108350	12888	0	3802637	3810900
121.113937	12888	0	3802637	3810900
121.127192	12888	0	3802637	3810900
121.139021	12888	0	3802637	3810900
121.146149	12888	0	3802637	3810900
121.157244	12888	0	3802637	3810900
121.168858	12888	0	3802637	3810900
121.175630	12888	0	3802637	3810900
121.184948	12888	0	3802637	3810900
121.193130	12888	0	3802637	3810900
121.199394	12888	0	3802637	3810900
121.210573	12888	0	3802637	3810900
121.224120	12888	0	3802637	3810900
121.230874	12888	0	3802637	3810900
121.238572	12888	0	3802637	3810900
121.247268	12888	0	3802637	3810900
121.262284	12888	0	3802637	3810900
121.277349	12888	0	3802637	3810900
121.286795	12888	0	3802637	3810900
121.300212	12888	0	3802637	3810900
121.306836	12888	0	3802637	3810900
121.316467	12888	0	3802637	3810900
121.325961	12888	0	3802637	3810900
121.333350	12888	0	3802637	3810900
121.340306	12888	0	3802637	3810900
121.351877	12888	0	3802637	3810900
121.362985	12888	0	3802637	3810900
121.377473	12888	0	3802637	3810900
121.386115	12888	0	3802637	3810900
121.391727	12888	0	3802637	3810900
121.400356	12888	0	3802637	3810900
121.411342	12888	0	3802637	3810900
121.417357	12888	0	3802637	3810900
121.426115	12888	0	3802637	3810900
121.436120	12888	0	3802637	3810900
121.447218	12888	0	3802637	3810900
121.461489	12888	0	3802637	3810900
121.470954	12888	0	3802637	3810900
121.476372	12888	0	3802637	3810900
121.487553	12888	0	3802637	3810900
121.495848	12888	0	3802637	3810900
121.501943	12888	0	3802637	3810900
121.514964	12888	0	3802637	3810900
121.525801	12888	0	3802637	3810900
121.531103	12888	0	3802637	3810900
121.541149	12888	0	3802637	3810900
121.554486	12888	0	3802637	3810900
121.565843	12888	0	3802637	3810900
121.577131	12888	0	3802637	3810900
121.589939	12888	0	3802637	3810900
121.601369	12888	0	3802637	3810900
121.607334	12888	0	3802637	3810900
121.621512	12888	0	3802637	3810900
121.631415	12888	0	3802637	3810900
121.644400	12888	0	3802637	3810900
121.650276	12888	0	3802637	3810900
121.661885	12888	0	3802637	3810900
121.672896	12888	0	3802637	3810900
121.678208	12888	0	3802637	3810900
121.688042	12888	0	3802637	3810900
121.694771	12888	0	3802637	3810900
121.704999	12888	0	3802637	3810900
121.718406	12888	0	3802637	3810900
121.726772	12888	0	3802637	3810900
121.735506	12888	0	3802637	3810900
121.747756	12888	0	3802637	3810900
121.759788	12888	0	3802637	3810900
121.767082	12888	0	3802637	3810900
121.772734	12888	0	3802637	3810900
121.782426	12888	0	3802637	3810900
121.791381	12888	0	3802637	3810900
121.806644	12888	0	3802637	3810900
121.820646	12888	0	3802637	3810900
121.828098	12888	0	3802637	3810900
121.839812	12888	0	3802637	3810900
121.845678	12888	0	3802637	3810900
121.859315	12888	0	3802637	3810900
121.867857	12888	0	3802637	3810900
121.873999	12888	0	3802637	3810900
121.886734	12888	0	3802637	3810900
121.899111	12888	0	3802637	3810900
121.912185	12888	0	3802637	3810900
121.917740	12888	0	3802637	3810900
121.924810	12888	0	3802637	3810900
121.937934	12888	0	3802637	3810900
121.948357	12888	0	3802637	3810900
121.959073	12888	0	3802637	3810900
121.966291	12888	0	3802637	3810900
121.978208	12888	0	3802637	3810900
121.989696	12888	0	3802637	3810900
121.996287	12888	0	3802637	3810900
122.005003	12888	0	3802637	3810900
122.017865	12888	0	3802637	3810900
122.027400	12888	0	3802637	3810900
122.039382	12888	0	3802637	3810900
122.047592	12888	0	3802637	3810900
122.056886	12888	0	3802637	3810900
122.066663	12888	0	3802637	3810900
122.072905	12888	0	3802637	3810900
122.087008	12888	0	3802637	3810900
122.100598	12888	0	3802637	3810900
122.111637	12888	0	3802637	3810900
122.124442	12888	0	3802637	3810900
122.132414	12888	0	3802637	3810900
122.138733	12888	0	3802637	3810900
122.144448	12888	0	3802637	3810900
122.150861	12888	0	3802637	3810900
122.164612	12888	0	3802637	3810900
122.177246	12888	0	3802637	3810900
122.184852	12888	0	3802637	3810900
122.192365	12888	0	3802637	3810900
122.203613	12888	0	3802637	3810900
122.215844	12888	0	3802637	3810900
122.223131	12888	0	3802637	3810900
122.231497	12888	0	3802637	3810900
122.239882	12888	0	3802637	3810900
122.254408	12888	0	3802637	3810900
122.259690	12888	0	3802637	3810900
122.272248	12888	0	3802637	3810900
122.280524	12888	0	3802637	3810900
122.289093	12888	0	3802637	3810900
122.299448	12888	0	3802637	3810900
122.310308	12888	0	3802637	3810900
122.319248	12888	0	3802637	3810900
122.326860	12888	0	3802637	3810900
122.333583	12888	0	3802637	3810900
122.346166	12888	0	3802637	3810900
122.357162	12888	0	3802637	3810900
122.364705	12888	0	3802637	3810900
122.374713	12888	0	3802637	3810900
122.380799	12888	0	3802637	3810900
122.386990	12888	0	3802637	3810900
122.397781	12888	0	3802637	3810900
122.412238	12888	0	3802637	3810900
122.422957	12888	0	3802637	3810900
122.436785	12888	0	3802637	3810900
122.444564	12888	0	3802637	3810900
122.458500	12888	0	3802637	3810900
122.468495	12888	0	3802637	3810900
122.478763	12888	0	3802637	3810900
122.486933	12888	0	3802637	3810900
122.499867	12888	0	3802637	3810900
122.507371	12888	0	3802637	3810900
122.519412	12888	0	3802637	3810900
122.529842	12888	0	3802637	3810900
122.541592	12888	0	3802637	3810900
122.551726	12888	0	3802637	3810900
122.565226	12888	0	3802637	3810900
122.572457	12888	0	3802637	3810900
122.581617	12888	0	3802637	3810900
122.588729	12888	0	3802637	3810900
122.596910	12888	0	3802637	3810900
122.606899	12888	0	3802637	3810900
122.621762	12888	0	3802637	3810900
122.631899	12888	0	3802637	3810900
122.645958	12888	0	3802637	3810900
122.654626	12888	0	3802637	3810900
122.661870	12888	0	3802637	3810900
122.673623	12888	0	3802637	3810900
122.683754	12888	0	3802637	3810900
122.694750	12888	0	3802637	3810900
122.700040	12888	0	3802637	3810900
122.712781	12888	0	3802637	3810900
122.720201	12888	0	3802637	3810900
122.735285	12888	0	3802637	3810900
122.741276	12888	0	3802637	3810900
122.749318	12888	0	3802637	3810900
122.759771	12888	0	3802637	3810900
122.772069	12888	0	3802637	3810900
122.780458	12888	0	3802637	3810900
122.790628	12888	0	3802637	3810900
122.799045	12888	0	3802637	3810900
122.806952	12888	0	3802637	3810900
122.818451	12888	0	3802637	3810900
122.826161	12888	0	3802637	3810900
122.835615	12888	0	3802637	3810900
122.848769	12888	0	3802637	3810900
122.861006	12888	0	3802637	3810900
122.869959	12888	0	3802637	3810900
122.879665	12888	0	3802637	3810900
122.892463	12888	0	3802637	3810900
122.906201	12888	0	3802637	3810900
122.917764	12888	0	3802637	3810900
122.926559	12888	0	3802637	3810900
122.932093	12888	0	3802637	3810900
122.941595	12888	0	3802637	3810900
122.949696	12888	0	3802637	3810900
122.960219	12888	0	3802637	3810900
122.967207	12888	0	3802637	3810900
122.979839	12888	0	3802637	3810900
122.989094	12888	0	3802637	3810900
122.998772	12888	0	3802637	3810900
123.004611	12888	0	3802637	3810900
123.011960	12888	0	3802637	3810900
123.026580	12888	0	3802637	3810900
123.038572	12888	0	3802637	3810900
123.050376	12888	0	3802637	3810900
123.064610	12888	0	3802637	3810900
123.076262	12888	0	3802637	3810900
123.084225	12888	0	3802637	3810900
123.090694	12888	0	3802637	3810900
123.098901	12888	0	3802637	3810900
123.105573	12888	0	3802637	3810900
123.113532	12888	0	3802637	3810900
123.121198	12888	0	3802637	3810900
123.133866	12888	0	3802637	3810900
123.140274	12888	0	3802637	3810900
123.151905	12888	0	3802637	3810900
123.165436	12888	0	3802637	3810900
123.173126	12888	0	3802637	3810900
123.184015	12888	0	3802637	3810900
123.197283	12888	0	3802637	3810900
123.207374	12888	0	3802637	3810900
123.219738	12888	0	3802637	3810900
123.229833	12888	0	3802637	3810900
123.238714	12888	0	3802637	3810900
123.248221	12888	0	3802637	3810900
123.260873	12888	0	3802637	3810900
123.268293	12888	0	3802637	3810900
123.273536	12888	0	3802637	3810900
123.284292	12888	0	3802637	3810900
123.296072	12888	0	3802637	3810900
123.305044	12888	0	3802637	3810900
123.315523	12888	0	3802637	3810900
123.325699	12888	0	3802637	3810900
123.332314	12888	0	3802637	3810900
123.339155	12888	0	3802637	3810900
123.346475	12888	0	3802637	3810900
123.359920	12888	0	3802637	3810900
123.374464	12888	0	3802637	3810900
123.385693	12888	0	3802637	3810900
123.392019	12888	0	3802637	3810900
123.406862	12888	0	3802637	3810900
123.415967	12888	0	3802637	3810900
123.430454	12888	0	3802637	3810900
123.441744	12888	0	3802637	3810900
123.453211	12888	0	3802637	3810900
123.466640	12888	0	3802637	3810900
123.481311	12888	0	3802637	3810900
123.494881	12888	0	3802637	3810900
123.503838	12888	0	3802637	3810900
123.518908	12888	0	3802637	3810900
123.534026	12888	0	3802637	3810900
123.546680	12888	0	3802637	3810900
123.552781	12888	0	3802637	3810900
123.567805	12888	0	3802637	3810900
123.578930	12888	0	3802637	3810900
123.591432	12888	0	3802637	3810900
123.605403	12888	0	3802637	3810900
123.617230	12888	0	3802637	3810900
123.631964	12888	0	3802637	3810900
123.642156	12888	0	3802637	3810900
123.653106	12888	0	3802637	3810900
123.664324	12888	0	3802637	3810900
123.676766	12888	0	3802637	3810900
123.689550	12888	0	3802637	3810900
123.696880	12888	0	3802637	3810900
123.710501	12888	0	3802637	3810900
123.717398	12888	0	3802637	3810900
123.727245	12888	0	3802637	3810900
123.741242	12888	0	3802637	3810900
123.753404	12888	0	3802637	3810900
123.765670	12888	0	3802637	3810900
123.779152	12888	0	3802637	3810900
123.791695	12888	0	3802637	3810900
123.800843	12888	0	3802637	3810900
123.810318	12888	0	3802637	3810900
123.816359	12888	0	3802637	3810900
123.825235	12888	0	3802637	3810900
123.833097	12888	0	3802637	3810900
123.846791	12888	0	3802637	3810900
123.852195	12888	0	3802637	3810900
123.860453	12888	0	3802637	3810900
123.873936	12888	0	3802637	3810900
123.887877	12888	0	3802637	3810900
123.898336	12888	0	3802637	3810900
123.903763	12888	0	3802637	3810900
123.912165	12888	0	3802637	3810900
123.920071	12892	1	889081	889040
123.933380	12894	4	904663	904634
123.943790	12898	2	930989	930961
123.955144	12902	2	956189	956160
123.967856	12906	2	977832	977832
123.973408	12907	3	982593	982552
123.979194	12909	3	998175	998146
123.988061	12912	2	1017006	1017006
123.994844	12914	2	1031961	1031961
124.006978	12918	3	1054430	1054430
124.020088	12923	2	1086545	1086545
124.035156	12927	3	1115773	1115773
124.047254	12931	0	1138978	1146008
124.054282	12933	3	1153722	1153722
124.067583	12937	3	1182065	1181122
124.082639	12941	3	1207422	1205506
124.096087	12946	3	1238830	1238830
124.108515	12949	3	1267048	1260217
124.114947	12950	4	1273867	1272902
124.122345	12952	3	1295533	1292620
124.128385	12954	3	1310552	1309596
124.133565	12955	0	1315192	1321426
124.146694	12960	3	1346092	1343635
124.159679	12963	0	1369685	1374377
124.168460	12965	3	1391505	1390540
124.177244	12967	3	1413171	1410258
124.190685	12973	2	1451556	1450883
124.197352	12975	3	1463730	1461273
124.210890	12978	0	1487323	1492015
124.218907	12981	3	1513614	1513614
124.228814	12983	2	1526786	1526786
124.237062	12985	3	1541437	1541437
124.247767	12987	3	1565879	1565879
124.259684	12989	0	1582195	1588038
124.273614	12993	3	1615013	1615013
124.285990	12996	0	1647374	1651690
124.298080	13000	3	1675197	1675197
124.304686	13001	2	1691829	1682633
124.313646	13003	3	1707915	1706234
124.319668	13005	3	1726475	1721798
124.329253	13008	2	1748773	1748773
124.338704	13008	0	1748773	1755323
124.346882	13011	2	1788136	1788136
124.358739	13015	3	1817079	1817079
124.368019	13017	2	1843246	1843246
124.377439	13020	3	1868112	1862300
124.385627	13023	3	1887662	1887662
124.397205	13023	0	1887662	1896944
124.408809	13027	2	1946381	1941704
124.415043	13029	3	1955912	1954181
124.422479	13031	2	1981293	1969554
124.437357	13035	3	2013161	2007349
124.452314	13038	0	2032711	2041993
124.464598	13041	0	2087208	2091496
124.472833	13044	3	2112993	2110266
124.484749	13046	2	2144463	2128072
124.492062	13048	3	2161256	2158842
124.503814	13052	2	2192904	2190492
124.511245	13053	0	2198699	2204148
124.523503	13055	1	2246449	2244566
124.534136	13058	3	2270688	2270688
124.542753	13060	2	2289243	2289243
124.548911	13060	0	2289243	2293566
124.555954	13062	3	2317697	2317697
124.571042	13067	2	2358398	2355986
124.585806	13068	0	2364193	2369642
124.593043	13068	0	2364193	2369642
124.606148	13068	0	2364193	2369642
124.619630	13068	0	2364193	2369642
124.627561	13068	0	2364193	2369642
124.638370	13068	0	2364193	2369642
124.645855	13068	0	2364193	2369642
124.658600	13068	0	2364193	2369642
124.670869	13068	0	2364193	2369642
124.684844	13068	0	2364193	2369642
124.691538	13068	0	2364193	2369642
124.699321	13068	0	2364193	2369642
124.707276	13068	0	2364193	2369642
124.721027	13068	0	2364193	2369642
124.734401	13068	0	2364193	2369642
124.748404	13068	0	2364193	2369642
124.758336	13068	0	2364193	2369642
124.770107	13068	0	2364193	2369642
124.783801	13068	0	2364193	2369642
124.798374	13068	0	2364193	2369642
124.813021	13068	0	2364193	2369642
124.828069	13068	0	2364193	2369642
124.839179	13068	0	2364193	2369642
124.848225	13068	0	2364193	2369642
124.855222	13068	0	2364193	2369642
124.868542	13068	0	2364193	2369642
124.875316	13068	0	2364193	2369642
124.886573	13068	0	2364193	2369642
124.894500	13068	0	2364193	2369642
124.908174	13068	0	2364193	2369642
124.920842	13068	0	2364193	2369642
124.933882	13068	0	2364193	2369642
124.939359	13068	0	2364193	2369642
124.950508	13068	0	2364193	2369642
124.961180	13068	0	2364193	2369642
124.970946	13068	0	2364193	2369642
124.976148	13068	0	2364193	2369642
124.987720	13068	0	2364193	2369642
124.998132	13068	0	2364193	2369642
125.006197	13068	0	2364193	2369642
125.016100	13068	0	2364193	2369642
125.029007	13068	0	2364193	2369642
125.037285	13068	0	2364193	2369642
125.044859	13068	0	2364193	2369642
125.051935	13068	0	2364193	2369642
125.057784	13068	0	2364193	2369642
125.065558	13068	0	2364193	2369642
125.072356	13068	0	2364193	2369642
125.081985	13068	0	2364193	2369642
125.094071	13068	0	2364193	2369642
125.100904	13068	0	2364193	2369642
125.113723	13068	0	2364193	2369642
125.126685	13068	0	2364193	2369642
125.134214	13068	0	2364193	2369642
125.145638	13068	0	2364193	2369642
125.157593	13068	0	2364193	2369642
125.164385	13068	0	2364193	2369642
125.178508	13068	0	2364193	2369642
125.185246	13068	0	2364193	2369642
125.192348	13068	0	2364193	2369642
125.200020	13068	0	2364193	2369642
125.205443	13068	0	2364193	2369642
125.214733	13068	0	2364193	2369642
125.229876	13068	0	2364193	2369642
125.238638	13068	0	2364193	2369642
125.252302	13068	0	2364193	2369642
125.262956	13068	0	2364193	2369642
125.271980	13068	0	2364193	2369642
125.277552	13068	0	2364193	2369642
125.288245	13068	0	2364193	2369642
125.301123	13068	0	2364193	2369642
125.313815	13068	0	2364193	2369642
125.322813	13068	0	2364193	2369642
125.329238	13068	0	2364193	2369642
125.334625	13068	0	2364193	2369642
125.341886	13068	0	2364193	2369642
125.353131	13068	0	2364193	2369642
125.365978	13068	0	2364193	2369642
125.378506	13069	2	749104	2369642
125.390371	13071	0	763180	770671
125.400410	13074	2	790649	787909
125.412364	13076	2	821988	803623
125.422238	13079	3	841407	841407
125.431403	13081	3	863583	863583
125.441451	13083	0	880808	885839
125.450082	13083	0	880808	885839
125.457530	13083	0	880808	885839
125.466701	13085	2	936310	933964
125.473762	13087	2	955978	948469
125.484434	13090	2	975502	975502
125.497623	13092	3	1004943	1004943
125.510072	13095	2	1034682	1026108
125.515277	13096	0	1041381	1046426
125.524926	13098	0	1058606	1063637
125.534480	13098	0	1058606	1063637
125.540329	13099	3	1107634	1063637
125.551202	13101	3	1123252	1123252
125.565881	13104	2	1162791	1159115
125.574985	13105	0	1169090	1173439
125.584599	13107	0	1201611	1206697
125.594133	13109	0	1215692	1221592
125.609296	13113	3	1255984	1255984
125.616431	13113	0	1255984	1261033
125.623753	13113	0	1255984	1261033
125.629801	13114	3	1308522	1261033
125.643648	13116	0	1324140	1333482
125.655911	13119	3	1363679	1360003
125.668731	13121	2	1396578	1374327
125.679706	13124	2	1416580	1416580
125.692695	13126	3	1441864	1441864
125.700475	13128	0	1456872	1461921
125.715497	13128	0	1456872	1461921
125.724543	13129	0	1514159	1521221
125.736422	13131	0	1532507	1539165
125.747554	13133	2	1557707	1557707
125.756012	13135	2	1571578	1571578
125.761513	13135	0	1571578	1576657
125.769906	13135	0	1571578	1576657
125.783190	13139	3	1622089	1622089
125.795261	13142	2	1655913	1651929
125.806179	13143	0	1661336	1669948
125.821141	13143	0	1661336	1669948
125.830685	13144	0	1726193	1733255
125.840318	13146	0	1744541	1751199
125.847692	13148	2	1769741	1769741
125.859032	13150	0	1783612	1788691
125.867296	13152	3	1817798	1817798
125.874978	13154	3	1834123	1834123
125.886594	13156	0	1858080	1863963
125.897707	13158	0	1873370	1881982
125.906959	13158	0	1873370	1881982
125.917523	13159	2	1940465	1881982
125.927108	13161	3	1957529	1957529
125.934126	13162	2	1974334	1962612
125.944616	13165	0	1993671	2001078
125.954722	13165	0	1993671	2001078
125.968883	13169	3	2055578	2055578
125.975723	13170	2	2077569	2062976
125.986198	13172	3	2096963	2092357
126.000755	13173	0	2101669	2107531
126.012312	13174	2	2169975	2107531
126.021176	13176	0	2187039	2192122
126.030397	13178	0	2208895	2214332
126.043600	13180	0	2223181	2230588
126.054510	13183	2	2278452	2273467
126.067341	13185	2	2307079	2292486
126.077154	13188	3	2331179	2331179
126.087065	13188	0	2331179	2337041
126.098774	13188	0	2331179	2337041
126.106628	13190	3	2414468	2410009
126.112173	13191	0	2420311	2430809
126.122882	13193	0	2450607	2457217
126.129245	13195	3	2468676	2468676
126.142217	13196	3	2511261	2477233
126.149708	13198	3	2529750	2524759
126.160471	13201	2	2561853	2561853
126.172803	13203	0	2578006	2581872
126.181075	13203	0	2578006	2581872
126.187022	13203	0	2578006	2581872
126.193975	13205	3	2660844	2656385
126.203137	13206	0	2666687	2677185
126.217469	13210	2	2715052	2715052
126.226959	13210	0	2715052	2723609
126.239326	13212	3	2761903	2761903
126.244625	13213	3	2776126	2771135
126.253886	13215	3	2801593	2787082
126.268171	13218	0	2824382	2828248
126.283227	13218	0	2824382	2828248
126.290292	13218	0	2824382	2828248
126.297450	13220	2	2914405	2909700
126.306121	13221	0	2921821	2928070
126.316778	13223	0	2949387	2956258
126.324041	13225	0	2966787	2971105
126.331917	13225	0	2966787	2971105
126.343374	13228	2	3025612	3019771
126.352462	13229	0	3033015	3038455
126.358173	13231	2	3062184	3062184
126.368349	13233	0	3077686	3081999
126.379774	13233	0	3077686	3081999
126.386727	13233	0	3077686	3081999
126.393281	13234	3	3159810	3081999
126.402551	13236	3	3179320	3179320
126.411950	13237	3	3201072	3185569
126.420590	13239	3	3218819	3213757
126.426031	13240	0	3224286	3228604
126.431914	13240	0	3224286	3228604
126.445717	13243	2	3283111	3277270
126.458546	13245	2	3312276	3295954
126.469835	13248	0	3335185	3339498
126.479646	13248	0	3335185	3339498
126.489121	13248	0	3335185	3339498
126.503498	13249	3	3421013	3339498
126.511651	13251	3	3438581	3438581
126.523493	13252	2	3461783	3445140
126.529115	13253	3	3467983	3467983
126.541496	13255	0	3485637	3492240
126.555497	13256	3	3531270	3492240
126.565495	13259	2	3556009	3556009
126.571810	13259	0	3556009	3560289
126.585740	13262	2	3596871	3590885
126.591385	13263	0	3604583	3608081
126.602517	13263	0	3604583	3608081
126.612868	13263	0	3604583	3608081
126.623082	13264	0	3694030	3701018
126.633898	13267	2	3734800	3718157
126.647399	13270	2	3758654	3758654
126.658835	13270	0	3758654	3765257
126.664883	13271	3	3804287	3765257
126.677349	13274	0	3829026	3833306
126.687362	13276	3	3857287	3857287
126.696286	13278	0	3877600	3881098
126.706003	13278	0	3877600	3881098
126.711961	13278	0	3877600	3881098
126.724831	13278	0	3877600	3881098
126.739165	13281	2	3991060	3991060
126.745153	13281	0	3991060	3998023
126.753433	13283	3	4017810	4017810
126.762934	13285	2	4037226	4037226
126.777939	13285	0	4037226	4044546
126.786468	13286	2	4086726	4044546
126.801121	13289	0	4109052	4117209
126.807741	13291	2	4139655	4139655
126.814203	13293	2	4159783	4159783
126.827791	13293	0	4159783	4165619
126.840668	13293	0	4159783	4165619
126.854407	13295	2	4274034	4268556
126.862549	13296	0	4279089	4286052
126.876318	13300	0	4325255	4332575
126.881881	13300	0	4325255	4332575
126.889045	13300	0	4325255	4332575
126.897255	13303	2	4391263	4384871
126.910931	13305	3	4424185	4405238
126.918959	13307	2	4441284	4435082
126.929818	13308	0	4447812	4453648
126.941177	13308	0	4447812	4453648
126.946975	13308	0	4447812	4453648
126.960518	13308	0	4447812	4453648
126.972520	13308	0	4447812	4453648
126.984149	13308	0	4447812	4453648
126.994717	13308	0	4447812	4453648
127.006035	13308	0	4447812	4453648
127.012595	13308	0	4447812	4453648
127.018621	13308	0	4447812	4453648
127.031576	13308	0	4447812	4453648
127.040854	13308	0	4447812	4453648
127.052405	13308	0	4447812	4453648
127.058985	13308	0	4447812	4453648
127.067014	13308	0	4447812	4453648
127.081753	13308	0	4447812	4453648
127.090923	13308	0	4447812	4453648
127.098962	13308	0	4447812	4453648
127.106822	13308	0	4447812	4453648
127.112522	13308	0	4447812	4453648
127.120400	13308	0	4447812	4453648
127.132796	13308	0	4447812	4453648
127.138119	13308	0	4447812	4453648
127.152189	13308	0	4447812	4453648
127.162009	13308	0	4447812	4453648
127.168425	13308	0	4447812	4453648
127.181730	13308	0	4447812	4453648
127.194276	13308	0	4447812	4453648
127.205711	13308	0	4447812	4453648
127.213374	13308	0	4447812	4453648
127.220278	13308	0	4447812	4453648
127.231890	13308	0	4447812	4453648
127.246736	13308	0	4447812	4453648
127.254487	13308	0	4447812	4453648
127.268958	13308	0	4447812	4453648
127.277724	13308	0	4447812	4453648
127.288306	13308	0	4447812	4453648
127.301588	13308	0	4447812	4453648
127.309139	13308	0	4447812	4453648
127.314996	13308	0	4447812	4453648
127.325940	13308	0	4447812	4453648
127.339936	13308	0	4447812	4453648
127.347802	13308	0	4447812	4453648
127.357523	13308	0	4447812	4453648
127.363774	13308	0	4447812	4453648
127.372343	13308	0	4447812	4453648
127.380651	13308	0	4447812	4453648
127.388667	13308	0	4447812	4453648
127.398041	13308	0	4447812	4453648
127.408791	13308	0	4447812	4453648
127.418585	13308	0	4447812	4453648
127.426444	13308	0	4447812	4453648
127.435418	13308	0	4447812	4453648
127.445041	13308	0	4447812	4453648
127.459109	13308	0	4447812	4453648
127.468711	13308	0	4447812	4453648
127.474777	13308	0	4447812	4453648
127.483937	13308	0	4447812	4453648
127.496600	13308	0	4447812	4453648
127.503609	13308	0	4447812	4453648
127.512893	13308	0	4447812	4453648
127.523517	13308	0	4447812	4453648
127.535834	13308	0	4447812	4453648
127.549108	13308	0	4447812	4453648
127.563218	13308	0	4447812	4453648
127.574828	13308	0	4447812	4453648
127.585700	13308	0	4447812	4453648
127.594747	13308	0	4447812	4453648
127.606622	13308	0	4447812	4453648
127.620501	13308	0	4447812	4453648
127.633148	13308	0	4447812	4453648
127.644878	13308	0	4447812	4453648
127.652402	13308	0	4447812	4453648
127.661614	13308	0	4447812	4453648
127.670014	13308	0	4447812	4453648
127.685121	13308	0	4447812	4453648
127.694726	13308	0	4447812	4453648
127.700873	13308	0	4447812	4453648
127.711899	13308	0	4447812	4453648
127.717338	13308	0	4447812	4453648
127.731360	13308	0	4447812	4453648
127.737961	13308	0	4447812	4453648
127.746812	13308	0	4447812	4453648
127.755307	13308	0	4447812	4453648
127.768506	13308	0	4447812	4453648
127.780619	13308	0	4447812	4453648
127.793594	13308	0	4447812	4453648
127.804717	13308	0	4447812	4453648
127.816494	13308	0	4447812	4453648
127.826467	13308	0	4447812	4453648
127.838134	13308	0	4447812	4453648
127.844557	13308	0	4447812	4453648
127.856831	13308	0	4447812	4453648
127.870016	13308	0	4447812	4453648
127.875820	13308	0	4447812	4453648
127.889644	13308	0	4447812	4453648
127.900134	13308	0	4447812	4453648
127.908085	13308	0	4447812	4453648
127.921152	13308	0	4447812	4453648
127.930689	13308	0	4447812	4453648
127.941092	13308	0	4447812	4453648
127.948995	13308	0	4447812	4453648
127.955023	13308	0	4447812	4453648
127.966029	13308	0	4447812	4453648
127.976535	13308	0	4447812	4453648
127.984665	13308	0	4447812	4453648
127.990153	13308	0	4447812	4453648
127.997717	13308	0	4447812	4453648
128.004625	13308	0	4447812	4453648
128.015203	13308	0	4447812	4453648
128.026701	13308	0	4447812	4453648
128.040603	13308	0	4447812	4453648
128.054625	13308	0	4447812	4453648
128.062019	13308	0	4447812	4453648
128.071224	13308	0	4447812	4453648
128.080675	13308	0	4447812	4453648
128.092948	13308	0	4447812	4453648
128.101233	13308	0	4447812	4453648
128.110117	13308	0	4447812	4453648
128.119255	13308	0	4447812	4453648
128.125222	13308	0	4447812	4453648
128.131761	13308	0	4447812	4453648
128.146704	13308	0	4447812	4453648
128.154859	13308	0	4447812	4453648
128.166203	13308	0	4447812	4453648
128.171559	13308	0	4447812	4453648
128.177529	13308	0	4447812	4453648
128.188856	13308	0	4447812	4453648
128.196223	13308	0	4447812	4453648
128.203167	13308	0	4447812	4453648
128.216144	13308	0	4447812	4453648
128.223576	13308	0	4447812	4453648
128.230596	13308	0	4447812	4453648
128.237760	13308	0	4447812	4453648
128.243355	13308	0	4447812	4453648
128.255759	13308	0	4447812	4453648
128.266441	13308	0	4447812	4453648
128.273173	13308	0	4447812	4453648
128.282310	13308	0	4447812	4453648
128.297037	13308	0	4447812	4453648
128.306596	13308	0	4447812	4453648
128.314324	13308	0	4447812	4453648
128.319857	13308	0	4447812	4453648
128.327266	13308	0	4447812	4453648
128.339742	13308	0	4447812	4453648
128.348331	13308	0	4447812	4453648
128.361688	13308	0	4447812	4453648
128.375992	13308	0	4447812	4453648
128.384984	13308	0	4447812	4453648
128.391425	13308	0	4447812	4453648
128.406345	13308	0	4447812	4453648
128.418090	13308	0	4447812	4453648
128.431366	13308	0	4447812	4453648
128.442982	13308	0	4447812	4453648
128.449779	13308	0	4447812	4453648
128.458772	13308	0	4447812	4453648
128.469611	13308	0	4447812	4453648
128.483647	13308	0	4447812	4453648
128.497013	13308	0	4447812	4453648
128.503176	13308	0	4447812	4453648
128.513088	13308	0	4447812	4453648
128.520886	13308	0	4447812	4453648
128.527029	13308	0	4447812	4453648
128.540022	13308	0	4447812	4453648
128.546365	13308	0	4447812	4453648
128.557296	13310	2	790893	784766
128.565117	13311	0	798749	807407
128.578761	13313	3	838490	838490
128.587520	13315	3	858138	858138
128.596240	13315	0	858138	863673
128.607728	13315	0	858138	863673
128.622131	13317	0	918674	927327
128.631545	13319	0	939116	945986
128.637953	13321	2	970051	970051
128.649509	13323	0	986230	992175
128.656074	13323	0	986230	992175
128.668311	13323	0	986230	992175
128.677960	13323	0	986230	992175
128.683410	13323	0	986230	992175
128.690442	13324	0	1091153	1096298
128.701319	13326	0	1110281	1118939
128.710270	13326	0	1110281	1118939
128.719130	13328	0	1150022	1154700
128.725340	13330	3	1169670	1169670
128.739144	13330	0	1169670	1175205
128.749913	13331	3	1223867	1175205
128.763691	13334	3	1250648	1250648
128.772959	13334	0	1250648	1257518
128.781709	13336	0	1281583	1287525
128.790970	13338	0	1297762	1303707
128.804866	13338	0	1297762	1303707
128.819490	13338	0	1297762	1303707
128.827405	13338	0	1297762	1303707
128.841202	13341	3	1416748	1416748
128.850703	13341	0	1416748	1421834
128.864299	13344	3	1459397	1452608
128.870605	13345	0	1464560	1468871
128.881416	13345	0	1464560	1468871
128.892384	13347	2	1524074	1524074
128.899287	13348	2	1538970	1530760
128.908826	13349	0	1545237	1553044
128.922626	13351	3	1584177	1584177
128.930975	13352	2	1600911	1591986
128.943748	13353	0	1607995	1616477
128.954431	13353	0	1607995	1616477
128.969096	13353	0	1607995	1616477
128.980144	13353	0	1607995	1616477
128.988402	13353	0	1607995	1616477
128.996479	13354	0	1725590	1730709
129.007750	13356	0	1739451	1744537
129.015051	13358	2	1769430	1769430
129.025672	13360	0	1787263	1791574
129.038896	13360	0	1787263	1791574
129.052294	13363	2	1861673	1853463
129.065918	13364	0	1867940	1875747
129.077296	13366	0	1906880	1914689
129.082686	13368	3	1930698	1930698
129.090691	13368	0	1930698	1939180
129.099061	13368	0	1930698	1939180
129.108929	13368	0	1930698	1939180
129.117527	13368	0	1930698	1939180
129.125741	13368	0	1930698	1939180
129.138519	13369	0	2053877	2058504
129.146171	13371	0	2070997	2079476
129.155766	13372	2	2101009	2079476
129.162217	13373	0	2107474	2113279
129.172955	13375	0	2123601	2127075
129.187526	13376	2	2179112	2127075
129.198841	13378	2	2202171	2192883
129.204772	13379	0	2209842	2216401
129.214147	13380	2	2242454	2216401
129.221120	13381	0	2250478	2254735
129.226636	13383	2	2270321	2270321
129.236029	13383	0	2270321	2275735
129.250321	13383	0	2270321	2275735
129.263175	13383	0	2270321	2275735
129.272129	13384	2	2391681	2275735
129.277347	13384	0	2391681	2396308
129.291688	13386	0	2408801	2417280
129.301427	13390	2	2461405	2461405
129.316325	13390	0	2461405	2464879
129.325449	13392	2	2523378	2523378
129.335687	13394	2	2547646	2547646
129.346134	13394	0	2547646	2554205
129.353390	13396	2	2588282	2588282
129.367417	13398	0	2608125	2613539
129.376106	13398	0	2608125	2613539
129.384285	13398	0	2608125	2613539
129.398264	13398	0	2608125	2613539
129.403595	13398	0	2608125	2613539
129.409220	13399	3	2737271	2613539
129.416941	13401	2	2756170	2756170
129.424858	13401	0	2756170	2763575
129.430539	13402	2	2790206	2763575
129.437886	13403	0	2797201	2806579
129.449004	13405	0	2821991	2827298
129.458860	13405	0	2821991	2827298
129.465081	13405	0	2821991	2827298
129.476375	13407	0	2890705	2898528
129.481900	13409	3	2913847	2913847
129.490077	13409	0	2913847	2918490
129.500625	13412	2	2960945	2954051
129.515385	13413	0	2966462	2968770
129.526890	13413	0	2966462	2968770
129.536039	13413	0	2966462	2968770
129.546106	13414	2	3089298	2968770
129.552538	13415	2	3101565	3094806
129.560153	13416	0	3108197	3115602
129.573938	13418	0	3149228	3158606
129.585183	13420	0	3174018	3179325
129.598942	13420	0	3174018	3179325
129.612222	13422	0	3242732	3250555
129.626987	13425	3	3293927	3270517
129.637398	13428	0	3318489	3320797
129.651479	13428	0	3318489	3320797
129.661141	13428	0	3318489	3320797
129.666788	13428	0	3318489	3320797
129.672580	13428	0	3318489	3320797
129.685983	13429	2	3441191	3320797
129.694749	13431	0	3459766	3465627
129.701258	13431	0	3459766	3465627
129.711199	13434	2	3508879	3499722
129.725347	13435	0	3515894	3523256
129.734151	13435	0	3515894	3523256
129.741524	13436	2	3585745	3523256
129.751319	13439	2	3613518	3613518
129.763497	13439	0	3613518	3622507
129.775469	13443	3	3674732	3674732
129.790644	13443	0	3674732	3683624
129.801875	13443	0	3674732	3683624
129.811224	13443	0	3674732	3683624
129.818257	13443	0	3674732	3683624
129.829233	13444	2	3814449	3683624
129.839101	13446	0	3833024	3838885
129.854219	13448	0	3867150	3872980
129.869223	13450	0	3889152	3896514
129.881689	13450	0	3889152	3896514
129.894765	13453	2	3981675	3971819
129.909351	13454	0	3986776	3995765
129.919110	13457	3	4042950	4033948
129.925358	13458	0	4047990	4056882
129.935339	13458	0	4047990	4056882
129.941665	13458	0	4047990	4056882
129.951246	13458	0	4047990	4056882
129.961752	13458	0	4047990	4056882
129.972771	13458	0	4047990	4056882
129.978244	13459	2	4196278	4056882
129.992094	13461	0	4217009	4223251
130.001602	13462	2	4252917	4223251
130.012998	13465	2	4286430	4286430
130.021230	13465	0	4286430	4292651
130.032575	13465	0	4286430	4292651
130.047167	13467	2	4362825	4362825
130.060786	13469	0	4384021	4389085
130.073939	13473	3	4440576	4440576
130.082695	13473	0	4440576	4443308
130.090191	13473	0	4440576	4443308
130.096835	13473	0	4440576	4443308
130.109007	13473	0	4440576	4443308
130.116074	13473	0	4440576	4443308
130.130412	13476	2	4599821	4599821
130.139776	13476	0	4599821	4606063
130.145996	13477	3	4635729	4606063
130.157338	13480	3	4669242	4669242
130.167555	13480	0	4669242	4675463
130.182685	13482	2	4745637	4745637
130.191780	13484	0	4766833	4771897
130.206743	13486	2	4804470	4804470
130.215553	13488	2	4823388	4823388
130.229805	13488	0	4823388	4826120
130.243521	13488	0	4823388	4826120
130.253243	13488	0	4823388	4826120
130.263738	13488	0	4823388	4826120
130.277451	13490	3	4978177	4969695
130.289445	13491	0	4985532	4991777
130.299902	13495	2	5040571	5040571
130.305722	13495	0	5040571	5046000
130.312618	13495	0	5040571	5046000
130.323293	13495	0	5040571	5046000
130.331443	13497	3	5119425	5119425
130.344308	13499	0	5143222	5150232
130.351256	13499	0	5143222	5150232
130.362712	13501	0	5191431	5197627
130.377359	13503	0	5212868	5218281
130.387698	13503	0	5212868	5218281
130.400220	13503	0	5212868	5218281
130.411803	13503	0	5212868	5218281
130.425443	13504	0	5364676	5371683
130.437655	13506	0	5387520	5393765
130.449426	13509	3	5436750	5428460
130.454581	13510	0	5442559	5447988
130.461991	13510	0	5442559	5447988
130.473124	13510	0	5442559	5447988
130.479206	13512	0	5521413	5526457
130.490000	13514	0	5545210	5552220
130.498961	13514	0	5545210	5552220
130.504680	13516	2	5593419	5593419
130.517234	13518	0	5614856	5620269
130.525419	13518	0	5614856	5620269
130.534693	13518	0	5614856	5620269
130.543231	13518	0	5614856	5620269
130.552750	13518	0	5614856	5620269
130.558148	13518	0	5614856	5620269
130.567361	13519	0	5766865	5773046
130.579043	13521	0	5787422	5794068
130.587302	13522	2	5824430	5794068
130.595687	13524	3	5849465	5838772
130.605248	13525	0	5853743	5860019
130.610530	13525	0	5853743	5860019
130.624428	13526	2	5931938	5860019
130.636724	13529	0	5962426	5967475
130.643026	13529	0	5962426	5967475
130.656846	13531	0	6007446	6014810
130.669944	13533	0	6033058	6039285
130.679028	13533	0	6033058	6039285
130.687838	13533	0	6033058	6039285
130.701755	13533	0	6033058	6039285
130.710087	13533	0	6033058	6039285
130.722235	13535	2	6207194	6198996
130.730202	13536	0	6213372	6220018
130.742515	13538	3	6258526	6258526
130.750226	13540	3	6279693	6279693
130.760993	13540	0	6279693	6285969
130.768839	13540	0	6279693	6285969
130.776076	13541	2	6357888	6285969
130.784890	13542	0	6363738	6371853
130.796421	13544	0	6388376	6393425
130.811052	13546	0	6433396	6440760
130.824007	13548	0	6459008	6465235
130.833245	13548	0	6459008	6465235
130.846958	13548	0	6459008	6465235
130.853783	13548	0	6459008	6465235
130.861101	13548	0	6459008	6465235
130.876004	13548	0	6459008	6465235
130.887324	13548	0	6459008	6465235
130.901148	13548	0	6459008	6465235
130.908069	13548	0	6459008	6465235
130.920461	13548	0	6459008	6465235
130.928206	13548	0	6459008	6465235
130.942066	13548	0	6459008	6465235
130.952964	13548	0	6459008	6465235
130.958910	13548	0	6459008	6465235
130.972264	13548	0	6459008	6465235
130.980691	13548	0	6459008	6465235
130.987036	13548	0	6459008	6465235
131.001212	13548	0	6459008	6465235
131.006987	13548	0	6459008	6465235
131.014119	13548	0	6459008	6465235
131.025624	13548	0	6459008	6465235
131.037420	13548	0	6459008	6465235
131.052197	13548	0	6459008	6465235
131.059362	13548	0	6459008	6465235
131.068198	13548	0	6459008	6465235
131.079160	13548	0	6459008	6465235
131.092035	13548	0	6459008	6465235
131.103659	13548	0	6459008	6465235
131.110936	13548	0	6459008	6465235
131.118968	13548	0	6459008	6465235
131.125676	13548	0	6459008	6465235
131.131723	13548	0	6459008	6465235
131.142836	13548	0	6459008	6465235
131.157907	13548	0	6459008	6465235
131.167161	13548	0	6459008	6465235
131.182107	13548	0	6459008	6465235
131.188346	13548	0	6459008	6465235
131.201809	13548	0	6459008	6465235
131.210073	13548	0	6459008	6465235
131.216984	13548	0	6459008	6465235
131.231709	13548	0	6459008	6465235
131.245602	13548	0	6459008	6465235
131.252895	13548	0	6459008	6465235
131.266428	13548	0	6459008	6465235
131.277443	13548	0	6459008	6465235
131.288487	13548	0	6459008	6465235
131.294924	13548	0	6459008	6465235
131.309024	13548	0	6459008	6465235
131.318701	13548	0	6459008	6465235
131.324724	13548	0	6459008	6465235
131.330926	13548	0	6459008	6465235
131.343746	13548	0	6459008	6465235
131.354399	13548	0	6459008	6465235
131.368083	13548	0	6459008	6465235
131.378475	13548	0	6459008	6465235
131.390269	13548	0	6459008	6465235
131.401398	13548	0	6459008	6465235
131.410417	13548	0	6459008	6465235
131.423252	13548	0	6459008	6465235
131.434499	13548	0	6459008	6465235
131.443603	13548	0	6459008	6465235
131.454351	13548	0	6459008	6465235
131.466717	13548	0	6459008	6465235
131.472311	13548	0	6459008	6465235
131.479967	13548	0	6459008	6465235
131.493413	13548	0	6459008	6465235
131.506856	13548	0	6459008	6465235
131.518917	13548	0	6459008	6465235
131.529504	13548	0	6459008	6465235
131.536099	13548	0	6459008	6465235
131.547590	13548	0	6459008	6465235
131.553485	13548	0	6459008	6465235
131.560381	13548	0	6459008	6465235
131.570628	13548	0	6459008	6465235
131.582489	13548	0	6459008	6465235
131.590591	13548	0	6459008	6465235
131.603631	13548	0	6459008	6465235
131.609482	13548	0	6459008	6465235
131.615329	13548	0	6459008	6465235
131.626758	13548	0	6459008	6465235
131.640275	13548	0	6459008	6465235
131.653780	13548	0	6459008	6465235
131.661829	13548	0	6459008	6465235
131.676908	13548	0	6459008	6465235
131.690447	13548	0	6459008	6465235
131.702071	13548	0	6459008	6465235
131.715797	13548	0	6459008	6465235
131.723882	13548	0	6459008	6465235
131.731736	13548	0	6459008	6465235
131.738845	13548	0	6459008	6465235
131.746945	13548	0	6459008	6465235
131.757370	13548	0	6459008	6465235
131.764754	13548	0	6459008	6465235
131.778725	13548	0	6459008	6465235
131.791283	13548	0	6459008	6465235
131.796449	13548	0	6459008	6465235
131.806059	13548	0	6459008	6465235
131.813428	13548	0	6459008	6465235
131.819373	13548	0	6459008	6465235
131.830762	13548	0	6459008	6465235
131.836032	13548	0	6459008	6465235
131.843021	13548	0	6459008	6465235
131.848322	13548	0	6459008	6465235
131.862021	13548	0	6459008	6465235
131.874518	13548	0	6459008	6465235
131.880237	13548	0	6459008	6465235
131.887479	13548	0	6459008	6465235
131.896078	13548	0	6459008	6465235
131.905636	13548	0	6459008	6465235
131.914994	13548	0	6459008	6465235
131.925046	13548	0	6459008	6465235
131.934290	13548	0	6459008	6465235
131.942736	13548	0	6459008	6465235
131.948263	13548	0	6459008	6465235
131.960572	13548	0	6459008	6465235
131.969059	13548	0	6459008	6465235
131.982953	13548	0	6459008	6465235
131.991617	13548	0	6459008	6465235
132.001085	13548	0	6459008	6465235
132.014075	13548	0	6459008	6465235
132.026916	13548	0	6459008	6465235
132.040655	13548	0	6459008	6465235
132.050084	13548	0	6459008	6465235
132.058362	13548	0	6459008	6465235
132.073067	13548	0	6459008	6465235
132.082369	13548	0	6459008	6465235
132.092530	13548	0	6459008	6465235
132.100960	13548	0	6459008	6465235
132.109445	13548	0	6459008	6465235
132.119180	13548	0	6459008	6465235
132.124527	13548	0	6459008	6465235
132.135473	13548	0	6459008	6465235
132.142820	13548	0	6459008	6465235
132.156382	13548	0	6459008	6465235
132.162724	13548	0	6459008	6465235
132.177204	13548	0	6459008	6465235
132.191898	13548	0	6459008	6465235
132.200193	13548	0	6459008	6465235
132.214109	13548	0	6459008	6465235
132.221311	13548	0	6459008	6465235
132.230020	13548	0	6459008	6465235
132.239302	13548	0	6459008	6465235
132.248024	13548	0	6459008	6465235
132.254694	13548	0	6459008	6465235
132.263631	13548	0	6459008	6465235
132.275508	13548	0	6459008	6465235
132.282549	13548	0	6459008	6465235
132.292239	13548	0	6459008	6465235
132.307078	13548	0	6459008	6465235
132.320821	13548	0	6459008	6465235
132.332649	13548	0	6459008	6465235
132.344158	13548	0	6459008	6465235
132.352148	13548	0	6459008	6465235
132.366553	13548	0	6459008	6465235
132.376824	13548	0	6459008	6465235
132.383205	13548	0	6459008	6465235
132.394290	13548	0	6459008	6465235
132.409329	13548	0	6459008	6465235
132.421430	13548	0	6459008	6465235
132.431476	13548	0	6459008	6465235
132.437128	13548	0	6459008	6465235
132.445284	13548	0	6459008	6465235
132.455616	13548	0	6459008	6465235
132.463883	13548	0	6459008	6465235
132.477153	13548	0	6459008	6465235
132.482378	13548	0	6459008	6465235
132.490485	13548	0	6459008	6465235
132.503035	13548	0	6459008	6465235
132.511892	13548	0	6459008	6465235
132.520093	13548	0	6459008	6465235
132.534534	13548	0	6459008	6465235
132.540173	13548	0	6459008	6465235
132.552606	13548	0	6459008	6465235
132.559096	13548	0	6459008	6465235
132.571937	13548	0	6459008	6465235
132.586438	13548	0	6459008	6465235
132.597417	13548	0	6459008	6465235
132.607592	13548	0	6459008	6465235
132.621608	13548	0	6459008	6465235
132.636806	13548	0	6459008	6465235
132.650256	13548	0	6459008	6465235
132.660180	13548	0	6459008	6465235
132.665877	13548	0	6459008	6465235
132.674733	13548	0	6459008	6465235
132.685076	13548	0	6459008	6465235
132.693922	13548	0	6459008	6465235
132.708731	13548	0	6459008	6465235
132.719638	13548	0	6459008	6465235
132.725280	13548	0	6459008	6465235
132.736761	13548	0	6459008	6465235
132.745796	13548	0	6459008	6465235
132.760623	13548	0	6459008	6465235
132.769111	13548	0	6459008	6465235
132.774432	13548	0	6459008	6465235
132.783884	13548	0	6459008	6465235
132.795334	13548	0	6459008	6465235
132.804741	13548	0	6459008	6465235
132.810983	13548	0	6459008	6465235
132.822757	13548	0	6459008	6465235
132.836533	13548	0	6459008	6465235
132.849583	13548	0	6459008	6465235
132.856827	13548	0	6459008	6465235
132.866426	13548	0	6459008	6465235
132.883282	13548	0	6459008	6465235
132.897495	13548	0	6459008	6465235
132.908641	13548	0	6459008	6465235
132.921836	13548	0	6459008	6465235
132.932715	13548	0	6459008	6465235
132.943805	13548	0	6459008	6465235
132.952660	13548	0	6459008	6465235
132.967487	13548	0	6459008	6465235
132.979386	13548	0	6459008	6465235
132.992361	13548	0	6459008	6465235
133.006106	13548	0	6459008	6465235
133.019061	13548	0	6459008	6465235
133.032117	13548	0	6459008	6465235
133.039670	13548	0	6459008	6465235
133.044872	13548	0	6459008	6465235
133.053117	13548	0	6459008	6465235
133.063826	13548	0	6459008	6465235
133.071337	13548	0	6459008	6465235
133.079938	13548	0	6459008	6465235
133.090527	13548	0	6459008	6465235
133.097233	13548	0	6459008	6465235
133.105836	13548	0	6459008	6465235
133.118824	13548	0	6459008	6465235
133.124642	13548	0	6459008	6465235
133.132272	13548	0	6459008	6465235
133.142220	13548	0	6459008	6465235
133.151468	13548	0	6459008	6465235
133.165273	13548	0	6459008	6465235
133.175785	13548	0	6459008	6465235
133.182257	13548	0	6459008	6465235
133.196772	13548	0	6459008	6465235
133.203537	13548	0	6459008	6465235
133.213333	13548	0	6459008	6465235
133.227079	13548	0	6459008	6465235
133.235924	13548	0	6459008	6465235
133.246704	13548	0	6459008	6465235
133.254608	13548	0	6459008	6465235
133.263895	13548	0	6459008	6465235
133.275158	13548	0	6459008	6465235
133.283851	13548	0	6459008	6465235
133.297214	13548	0	6459008	6465235
133.309533	13548	0	6459008	6465235
133.319571	13548	0	6459008	6465235
133.330517	13548	0	6459008	6465235
133.337051	13549	3	811558	6465235
133.348354	13551	3	834423	834423
133.361196	13551	0	834423	841144
133.374683	13554	2	896016	883954
133.381216	13555	0	904260	912450
133.389854	13555	0	904260	912450
133.398602	13555	0	904260	912450
133.404534	13555	0	904260	912450
133.410448	13555	0	904260	912450
133.423374	13557	0	995797	1002052
133.431912	13559	2	1019187	1019187
133.442840	13559	0	1019187	1025895
133.457915	13563	3	1078400	1078400
133.469259	13563	0	1078400	1086427
133.482206	13563	0	1078400	1086427
133.490981	13563	0	1078400	1086427
133.497260	13563	0	1078400	1086427
133.510073	13563	0	1078400	1086427
133.521467	13563	0	1078400	1086427
133.530795	13565	2	1262098	1252948
133.544586	13566	0	1269993	1276714
133.559082	13568	0	1315155	1319524
133.573714	13570	0	1339830	1348020
133.584576	13570	0	1339830	1348020
133.596080	13570	0	1339830	1348020
133.608758	13572	3	1431367	1431367
133.619461	13574	2	1454757	1454757
133.633810	13574	0	1454757	1461465
133.647023	13578	3	1513970	1513970
133.654016	13578	0	1513970	1521997
133.661489	13578	0	1513970	1521997
133.674295	13578	0	1513970	1521997
133.688171	13578	0	1513970	1521997
133.699433	13578	0	1513970	1521997
133.711575	13578	0	1513970	1521997
133.719333	13578	0	1513970	1521997
133.730603	13581	2	1698807	1698807
133.744903	13581	0	1698807	1703919
133.758066	13583	0	1743121	1749781
133.770419	13585	0	1770517	1774423
133.778231	13585	0	1770517	1774423
133.786612	13585	0	1770517	1774423
133.798958	13585	0	1770517	1774423
133.805371	13586	3	1853930	1774423
133.818223	13588	3	1878501	1865675
133.824602	13589	0	1885984	1893987
133.832738	13589	0	1885984	1893987
133.839498	13589	0	1885984	1893987
133.852051	13592	3	1954202	1942669
133.866306	13593	0	1960428	1967141
133.879344	13593	0	1960428	1967141
133.888803	13593	0	1960428	1967141
133.897633	13593	0	1960428	1967141
133.907484	13593	0	1960428	1967141
133.917622	13593	0	1960428	1967141
133.930111	13594	0	2133805	2139684
133.943083	13596	0	2151151	2156263
133.956554	13598	3	2195465	2195465
133.966396	13599	2	2214749	2202125
133.979210	13600	0	2222861	2226767
133.992459	13600	0	2222861	2226767
133.998279	13600	0	2222861	2226767
134.004523	13601	3	2306274	2226767
134.015865	13603	3	2330845	2318019
134.030445	13604	0	2338328	2346331
134.036366	13605	3	2383242	2346331
134.047105	13608	3	2412772	2412772
134.059270	13608	0	2412772	2419485
134.066574	13608	0	2412772	2419485
134.078137	13608	0	2412772	2419485
134.083518	13608	0	2412772	2419485
134.093725	13608	0	2412772	2419485
134.101578	13608	0	2412772	2419485
134.113300	13608	0	2412772	2419485
134.119085	13609	0	2587861	2594140
134.130387	13611	0	2606320	2610646
134.145276	13613	0	2649934	2655427
134.159884	13615	0	2677945	2684990
134.174183	13615	0	2677945	2684990
134.188094	13616	2	2772210	2684990
134.200666	13619	3	2803929	2803929
134.205904	13619	0	2803929	2809391
134.216786	13621	2	2853076	2853076
134.222492	13621	0	2853076	2859650
134.230363	13623	2	2881565	2881565
134.242472	13623	0	2881565	2886654
134.248141	13623	0	2881565	2886654
134.253688	13623	0	2881565	2886654
134.264925	13623	0	2881565	2886654
134.278231	13623	0	2881565	2886654
134.288355	13623	0	2881565	2886654
134.293588	13623	0	2881565	2886654
134.302799	13626	2	3080083	3080083
134.310402	13626	0	3080083	3084409
134.320889	13628	3	3123697	3123697
134.333148	13630	3	3151708	3151708
134.339584	13630	0	3151708	3158753
134.353330	13630	0	3151708	3158753
134.361953	13630	0	3151708	3158753
134.373724	13632	0	3254995	3261543
134.385516	13634	0	3277692	3283154
134.400347	13636	2	3326839	3326839
134.407316	13637	3	3346790	3333413
134.413491	13638	0	3355328	3360417
134.427140	13638	0	3355328	3360417
134.435912	13638	0	3355328	3360417
134.443104	13638	0	3355328	3360417
134.453014	13638	0	3355328	3360417
134.467959	13638	0	3355328	3360417
134.476789	13639	2	3542654	3360417
134.489497	13641	0	3565732	3571503
134.495786	13641	0	3565732	3571503
134.503446	13641	0	3565732	3571503
134.513667	13644	3	3626455	3616083
134.524483	13645	0	3630684	3635007
134.534161	13645	0	3630684	3635007
134.545723	13645	0	3630684	3635007
134.552525	13647	0	3723149	3729006
134.563891	13649	0	3747020	3755602
134.575085	13649	0	3747020	3755602
134.590142	13652	3	3824297	3810188
134.602998	13653	0	3832099	3838303
134.613313	13653	0	3832099	3838303
134.624204	13653	0	3832099	3838303
134.637701	13653	0	3832099	3838303
134.652670	13653	0	3832099	3838303
134.659521	13653	0	3832099	3838303
134.667742	13654	0	4024158	4029627
134.674772	13655	2	4039414	4029627
134.680075	13656	0	4047236	4053007
134.693382	13657	3	4085925	4053007
134.701341	13659	3	4107959	4097587
134.715889	13660	0	4112188	4116511
134.722632	13660	0	4112188	4116511
134.734581	13662	2	4204653	4204653
134.749005	13664	0	4228524	4237106
134.763709	13666	2	4285456	4285456
134.775466	13668	2	4313603	4313603
134.785569	13668	0	4313603	4319807
134.797459	13668	0	4313603	4319807
134.802841	13668	0	4313603	4319807
134.809585	13668	0	4313603	4319807
134.815694	13668	0	4313603	4319807
134.823577	13668	0	4313603	4319807
134.836619	13668	0	4313603	4319807
134.847165	13668	0	4313603	4319807
134.857047	13669	0	4519762	4527956
134.868984	13671	0	4548322	4554965
134.880782	13671	0	4548322	4554965
134.891294	13673	0	4606210	4613183
134.902686	13675	0	4634269	4639283
134.914538	13675	0	4634269	4639283
134.927310	13675	0	4634269	4639283
134.936145	13677	0	4729414	4734477
134.941678	13679	3	4751925	4751925
134.955031	13679	0	4751925	4758126
134.961765	13681	0	4796020	4801077
134.967833	13683	0	4816900	4822726
134.974091	13683	0	4816900	4822726
134.988366	13683	0	4816900	4822726
134.997572	13683	0	4816900	4822726
135.008891	13683	0	4816900	4822726
135.021482	13683	0	4816900	4822726
135.031251	13683	0	4816900	4822726
135.038036	13684	3	5014622	4822726
135.052592	13686	0	5043182	5049825
135.064006	13686	0	5043182	5049825
135.076120	13688	0	5101070	5108043
135.082700	13690	2	5129129	5129129
135.092245	13690	0	5129129	5134143
135.100632	13690	0	5129129	5134143
135.109381	13690	0	5129129	5134143
135.120463	13692	0	5224274	5229337
135.126560	13694	3	5246785	5246785
135.133598	13694	0	5246785	5252986
135.146528	13696	0	5290880	5295937
135.159448	13698	0	5311760	5317586
135.173528	13698	0	5311760	5317586
135.187483	13698	0	5311760	5317586
135.193100	13698	0	5311760	5317586
135.205766	13698	0	5311760	5317586
135.218339	13698	0	5311760	5317586
135.233414	13700	3	5533154	5519826
135.241676	13701	0	5542040	5550191
135.252008	13701	0	5542040	5550191
135.263405	13703	0	5596135	5601880
135.269797	13705	3	5620612	5620612
135.278775	13705	0	5620612	5627571
135.286221	13705	0	5620612	5627571
135.292702	13705	0	5620612	5627571
135.302677	13705	0	5620612	5627571
135.312373	13707	0	5722629	5725354
135.318407	13709	2	5744034	5744034
135.332168	13710	2	5788246	5750214
135.343326	13713	2	5816919	5816919
135.356484	13713	0	5816919	5822019
135.363191	13713	0	5816919	5822019
135.368643	13713	0	5816919	5822019
135.381488	13713	0	5816919	5822019
135.387966	13713	0	5816919	5822019
135.395707	13713	0	5816919	5822019
135.408978	13713	0	5816919	5822019
135.415607	13713	0	5816919	5822019
135.423911	13714	3	6021643	5822019
135.436596	13716	2	6050868	6050868
135.442360	13716	0	6050868	6059019
135.456321	13717	2	6100277	6059019
135.464554	13719	2	6123609	6110708
135.477264	13720	0	6129440	6136399
135.492081	13720	0	6129440	6136399
135.505183	13721	2	6224057	6136399
135.518440	13724	0	6252862	6259042
135.530587	13724	0	6252862	6259042
135.539290	13726	3	6304030	6304030
135.549131	13728	0	6325747	6330847
135.555445	13728	0	6325747	6330847
135.569687	13728	0	6325747	6330847
135.582276	13728	0	6325747	6330847
135.593370	13728	0	6325747	6330847
135.604695	13728	0	6325747	6330847
135.614910	13728	0	6325747	6330847
135.626104	13730	3	6538959	6529126
135.639984	13731	0	6544755	6551361
135.652024	13733	0	6598735	6606479
135.658877	13734	3	6621636	6606479
135.665453	13735	0	6627877	6633291
135.675674	13735	0	6627877	6633291
135.681366	13735	0	6627877	6633291
135.689511	13735	0	6627877	6633291
135.696728	13735	0	6627877	6633291
135.707765	13737	0	6736377	6742168
135.722856	13739	0	6763140	6771189
135.732513	13739	0	6763140	6771189
135.745214	13741	0	6820138	6827121
135.752665	13743	2	6846358	6846358
135.761072	13743	0	6846358	6851416
135.771019	13743	0	6846358	6851416
135.785601	13743	0	6846358	6851416
135.793367	13743	0	6846358	6851416
135.807365	13743	0	6846358	6851416
135.819458	13743	0	6846358	6851416
135.825967	13743	0	6846358	6851416
135.835201	13743	0	6846358	6851416
135.843740	13743	0	6846358	6851416
135.851186	13744	0	7054201	7058850
135.865786	13746	0	7074479	7081085
135.876306	13746	0	7074479	7081085
135.886796	13748	0	7128459	7136203
135.899710	13750	0	7157601	7163015
135.907644	13750	0	7157601	7163015
135.919214	13750	0	7157601	7163015
135.928973	13750	0	7157601	7163015
135.939597	13750	0	7157601	7163015
135.948601	13751	2	7259506	7163015
135.954179	13752	0	7266101	7271892
135.960470	13753	2	7287055	7271892
135.968799	13754	0	7292864	7300913
135.976825	13754	0	7292864	7300913
135.984292	13754	0	7292864	7300913
135.995652	13756	0	7349862	7356845
136.006603	13758	0	7376082	7381140
136.020809	13758	0	7376082	7381140
136.034546	13758	0	7376082	7381140
136.047592	13758	0	7376082	7381140
136.053429	13758	0	7376082	7381140
136.064347	13758	0	7376082	7381140
136.077940	13758	0	7376082	7381140
136.088825	13758	0	7376082	7381140
136.099900	13759	0	7584331	7588969
136.109550	13760	3	7598933	7588969
136.121880	13761	0	7605138	7610955
136.134001	13761	0	7605138	7610955
136.146477	13763	0	7658644	7667507
136.159342	13765	3	7688032	7688032
136.165170	13765	0	7688032	7693703
136.175616	13765	0	7688032	7693703
136.185882	13765	0	7688032	7693703
136.193825	13765	0	7688032	7693703
136.208349	13765	0	7688032	7693703
136.219427	13767	3	7803277	7803277
136.232444	13769	0	7828645	7834881
136.246315	13769	0	7828645	7834881
136.256796	13771	3	7887663	7887663
136.271413	13773	3	7916343	7916343
136.283053	13773	0	7916343	7922933
136.297331	13773	0	7916343	7922933
136.305014	13773	0	7916343	7922933
136.318867	13773	0	7916343	7922933
136.324895	13773	0	7916343	7922933
136.336807	13773	0	7916343	7922933
136.346424	13773	0	7916343	7922933
136.356619	13773	0	7916343	7922933
136.362824	13774	0	8135033	8139671
136.372149	13776	0	8155840	8161657
136.378845	13776	0	8155840	8161657
136.388894	13777	2	8203099	8161657
136.398607	13778	0	8209346	8218209
136.412284	13780	0	8238734	8244405
136.426557	13780	0	8238734	8244405
136.438033	13780	0	8238734	8244405
136.451181	13782	0	8353979	8357879
136.461400	13784	3	8379347	8379347
136.468915	13784	0	8379347	8385583
136.474127	13784	0	8379347	8385583
136.487821	13786	0	8438365	8445353
136.494458	13786	0	8438365	8445353
136.500641	13788	2	8467045	8467045
136.506782	13788	0	8467045	8473635
136.519746	13788	0	8467045	8473635
136.528338	13788	0	8467045	8473635
136.541296	13788	0	8467045	8473635
136.554344	13788	0	8467045	8473635
136.566754	13788	0	8467045	8473635
136.579738	13788	0	8467045	8473635
136.590919	13788	0	8467045	8473635
136.605057	13788	0	8467045	8473635
136.617760	13788	0	8467045	8473635
136.631707	13788	0	8467045	8473635
136.645277	13788	0	8467045	8473635
136.655799	13788	0	8467045	8473635
136.663278	13788	0	8467045	8473635
136.678500	13788	0	8467045	8473635
136.687162	13788	0	8467045	8473635
136.695349	13788	0	8467045	8473635
136.709440	13788	0	8467045	8473635
136.724644	13788	0	8467045	8473635
136.734871	13788	0	8467045	8473635
136.748138	13788	0	8467045	8473635
136.755260	13788	0	8467045	8473635
136.762046	13788	0	8467045	8473635
136.776680	13788	0	8467045	8473635
136.788243	13788	0	8467045	8473635
136.798179	13788	0	8467045	8473635
136.811640	13788	0	8467045	8473635
136.819812	13788	0	8467045	8473635
136.833023	13788	0	8467045	8473635
136.847618	13788	0	8467045	8473635
136.857111	13788	0	8467045	8473635
136.868119	13788	0	8467045	8473635
136.878719	13788	0	8467045	8473635
136.885895	13788	0	8467045	8473635
136.893991	13788	0	8467045	8473635
136.904018	13788	0	8467045	8473635
136.914523	13788	0	8467045	8473635
136.927582	13788	0	8467045	8473635
136.936377	13788	0	8467045	8473635
136.951572	13788	0	8467045	8473635
136.963460	13788	0	8467045	8473635
136.977150	13788	0	8467045	8473635
136.985731	13788	0	8467045	8473635
136.999114	13788	0	8467045	8473635
137.011406	13788	0	8467045	8473635
137.017419	13788	0	8467045	8473635
137.027131	13788	0	8467045	8473635
137.034161	13788	0	8467045	8473635
137.041270	13788	0	8467045	8473635
137.049894	13788	0	8467045	8473635
137.062216	13788	0	8467045	8473635
137.069653	13788	0	8467045	8473635
137.084649	13788	0	8467045	8473635
137.092165	13788	0	8467045	8473635
137.104702	13788	0	8467045	8473635
137.113305	13788	0	8467045	8473635
137.124297	13788	0	8467045	8473635
137.136099	13788	0	8467045	8473635
137.143768	13788	0	8467045	8473635
137.149591	13788	0	8467045	8473635
137.159544	13788	0	8467045	8473635
137.170799	13788	0	8467045	8473635
137.184786	13788	0	8467045	8473635
137.193020	13788	0	8467045	8473635
137.203296	13788	0	8467045	8473635
137.209807	13788	0	8467045	8473635
137.222595	13788	0	8467045	8473635
137.229953	13788	0	8467045	8473635
137.236394	13788	0	8467045	8473635
137.244560	13788	0	8467045	8473635
137.257991	13788	0	8467045	8473635
137.272496	13788	0	8467045	8473635
137.284146	13788	0	8467045	8473635
137.293675	13788	0	8467045	8473635
137.304072	13788	0	8467045	8473635
137.317511	13788	0	8467045	8473635
137.331665	13788	0	8467045	8473635
137.339349	13788	0	8467045	8473635
137.354454	13788	0	8467045	8473635
137.367464	13788	0	8467045	8473635
137.373171	13788	0	8467045	8473635
137.378499	13788	0	8467045	8473635
137.389965	13788	0	8467045	8473635
137.401277	13788	0	8467045	8473635
137.409313	13788	0	8467045	8473635
137.422821	13788	0	8467045	8473635
137.434174	13788	0	8467045	8473635
137.444684	13788	0	8467045	8473635
137.452949	13788	0	8467045	8473635
137.463124	13788	0	8467045	8473635
137.476928	13788	0	8467045	8473635
137.484945	13788	0	8467045	8473635
137.492785	13788	0	8467045	8473635
137.502573	13788	0	8467045	8473635
137.512531	13788	0	8467045	8473635
137.517897	13788	0	8467045	8473635
137.525107	13788	0	8467045	8473635
137.530863	13788	0	8467045	8473635
137.539103	13788	0	8467045	8473635
137.554179	13788	0	8467045	8473635
137.561607	13788	0	8467045	8473635
137.571853	13788	0	8467045	8473635
137.579682	13788	0	8467045	8473635
137.585556	13788	0	8467045	8473635
137.597687	13788	0	8467045	8473635
137.607483	13788	0	8467045	8473635
137.615616	13788	0	8467045	8473635
137.622390	13788	0	8467045	8473635
137.629967	13788	0	8467045	8473635
137.641320	13788	0	8467045	8473635
137.650059	13788	0	8467045	8473635
137.661031	13788	0	8467045	8473635
137.669522	13788	0	8467045	8473635
137.678394	13788	0	8467045	8473635
137.687922	13788	0	8467045	8473635
137.699502	13788	0	8467045	8473635
137.713043	13788	0	8467045	8473635
137.722574	13788	0	8467045	8473635
137.736778	13788	0	8467045	8473635
137.751914	13788	0	8467045	8473635
137.761323	13788	0	8467045	8473635
137.774067	13788	0	8467045	8473635
137.789150	13788	0	8467045	8473635
137.798809	13788	0	8467045	8473635
137.804620	13788	0	8467045	8473635
137.812401	13788	0	8467045	8473635
137.819827	13788	0	8467045	8473635
137.831265	13788	0	8467045	8473635
137.839703	13788	0	8467045	8473635
137.847256	13788	0	8467045	8473635
137.858456	13788	0	8467045	8473635
137.866750	13788	0	8467045	8473635
137.874321	13788	0	8467045	8473635
137.884999	13788	0	8467045	8473635
137.899165	13788	0	8467045	8473635
137.909936	13788	0	8467045	8473635
137.917782	13788	0	8467045	8473635
137.924474	13788	0	8467045	8473635
137.936625	13788	0	8467045	8473635
137.947558	13788	0	8467045	8473635
137.958493	13788	0	8467045	8473635
137.967572	13788	0	8467045	8473635
137.981610	13788	0	8467045	8473635
137.993172	13788	0	8467045	8473635
138.002180	13788	0	8467045	8473635
138.012539	13788	0	8467045	8473635
138.022715	13788	0	8467045	8473635
138.036871	13788	0	8467045	8473635
138.042890	13788	0	8467045	8473635
138.053314	13788	0	8467045	8473635
138.062698	13788	0	8467045	8473635
138.074348	13788	0	8467045	8473635
138.085202	13788	0	8467045	8473635
138.096852	13788	0	8467045	8473635
138.108985	13788	0	8467045	8473635
138.120122	13788	0	8467045	8473635
138.131911	13788	0	8467045	8473635
138.138818	13788	0	8467045	8473635
138.152522	13788	0	8467045	8473635
138.163388	13788	0	8467045	8473635
138.168706	13788	0	8467045	8473635
138.183754	13788	0	8467045	8473635
138.196140	13788	0	8467045	8473635
138.207003	13788	0	8467045	8473635
138.219906	13788	0	8467045	8473635
138.232041	13788	0	8467045	8473635
138.246259	13788	0	8467045	8473635
138.255264	13788	0	8467045	8473635
138.265043	13788	0	8467045	8473635
138.274526	13788	0	8467045	8473635
138.280222	13788	0	8467045	8473635
138.293747	13788	0	8467045	8473635
138.305506	13788	0	8467045	8473635
138.311709	13788	0	8467045	8473635
138.320295	13788	0	8467045	8473635
138.332881	13788	0	8467045	8473635
138.340829	13788	0	8467045	8473635
138.351112	13788	0	8467045	8473635
138.366245	13788	0	8467045	8473635
138.377023	13788	0	8467045	8473635
138.386986	13788	0	8467045	8473635
138.394769	13788	0	8467045	8473635
138.408623	13788	0	8467045	8473635
138.422742	13788	0	8467045	8473635
138.432096	13788	0	8467045	8473635
138.446442	13788	0	8467045	8473635
138.455448	13788	0	8467045	8473635
138.470405	13788	0	8467045	8473635
138.483938	13788	0	8467045	8473635
138.496228	13788	0	8467045	8473635
138.505747	13788	0	8467045	8473635
138.511005	13788	0	8467045	8473635
138.526081	13788	0	8467045	8473635
138.531400	13788	0	8467045	8473635
138.540876	13788	0	8467045	8473635
138.546825	13788	0	8467045	8473635
138.556832	13788	0	8467045	8473635
138.565865	13788	0	8467045	8473635
138.572685	13788	0	8467045	8473635
138.579558	13788	0	8467045	8473635
138.585075	13788	0	8467045	8473635
138.599318	13788	0	8467045	8473635
138.610265	13788	0	8467045	8473635
138.616922	13788	0	8467045	8473635
138.623041	13788	0	8467045	8473635
138.635688	13788	0	8467045	8473635
138.647380	13788	0	8467045	8473635
138.658962	13788	0	8467045	8473635
138.672422	13788	0	8467045	8473635
138.681905	13788	0	8467045	8473635
138.693953	13788	0	8467045	8473635
138.700926	13788	0	8467045	8473635
138.711587	13788	0	8467045	8473635
138.721125	13788	0	8467045	8473635
138.727234	13788	0	8467045	8473635
138.734194	13788	0	8467045	8473635
138.740041	13788	0	8467045	8473635
138.752754	13788	0	8467045	8473635
138.765184	13788	0	8467045	8473635
138.774795	13788	0	8467045	8473635
138.785785	13788	0	8467045	8473635
138.792820	13788	0	8467045	8473635
138.801714	13788	0	8467045	8473635
138.813436	13788	0	8467045	8473635
138.825119	13788	0	8467045	8473635
138.834185	13788	0	8467045	8473635
138.842345	13788	0	8467045	8473635
138.854594	13788	0	8467045	8473635
138.865710	13788	0	8467045	8473635
138.879809	13788	0	8467045	8473635
138.888210	13788	0	8467045	8473635
138.901918	13788	0	8467045	8473635
138.916521	13788	0	8467045	8473635
138.926011	13788	0	8467045	8473635
138.938268	13788	0	8467045	8473635
138.949047	13788	0	8467045	8473635
138.957208	13788	0	8467045	8473635
138.966928	13788	0	8467045	8473635
138.980572	13788	0	8467045	8473635
138.988592	13788	0	8467045	8473635
139.002609	13788	0	8467045	8473635
139.008421	13788	0	8467045	8473635
139.018629	13788	0	8467045	8473635
139.027595	13788	0	8467045	8473635
139.038027	13788	0	8467045	8473635
139.047079	13788	0	8467045	8473635
139.053802	13788	0	8467045	8473635
139.065351	13788	0	8467045	8473635
139.077374	13788	0	8467045	8473635
139.082677	13788	0	8467045	8473635
139.089220	13788	0	8467045	8473635
139.100552	13788	0	8467045	8473635
139.113847	13788	0	8467045	8473635
139.127863	13788	0	8467045	8473635
139.134538	13788	0	8467045	8473635
139.143243	13788	0	8467045	8473635
139.150173	13788	0	8467045	8473635
139.155336	13788	0	8467045	8473635
139.162177	13788	0	8467045	8473635
139.176216	13788	0	8467045	8473635
139.189171	13788	0	8467045	8473635
139.201614	13788	0	8467045	8473635
139.207261	13788	0	8467045	8473635
139.213753	13788	0	8467045	8473635
139.219510	13788	0	8467045	8473635
139.230560	13788	0	8467045	8473635
139.235982	13788	0	8467045	8473635
139.248800	13788	0	8467045	8473635
139.257195	13788	0	8467045	8473635
139.267873	13788	0	8467045	8473635
139.281706	13788	0	8467045	8473635
139.294234	13788	0	8467045	8473635
139.306610	13788	0	8467045	8473635
139.313188	13788	0	8467045	8473635
139.325656	13788	0	8467045	8473635
139.334140	13788	0	8467045	8473635
139.340679	13788	0	8467045	8473635
139.350047	13788	0	8467045	8473635
139.357909	13788	0	8467045	8473635
139.364705	13788	0	8467045	8473635
139.374025	13788	0	8467045	8473635
139.386121	13788	0	8467045	8473635
139.401150	13788	0	8467045	8473635
139.414667	13788	0	8467045	8473635
139.426001	13788	0	8467045	8473635
139.435715	13788	0	8467045	8473635
139.449289	13788	0	8467045	8473635
139.457999	13788	0	8467045	8473635
139.469290	13788	0	8467045	8473635
139.480023	13788	0	8467045	8473635
139.485621	13788	0	8467045	8473635
139.500501	13788	0	8467045	8473635
139.508002	13788	0	8467045	8473635
139.522689	13788	0	8467045	8473635
139.528057	13788	0	8467045	8473635
139.539094	13788	0	8467045	8473635
139.548544	13788	0	8467045	8473635
139.558179	13788	0	8467045	8473635
139.566490	13788	0	8467045	8473635
139.574366	13788	0	8467045	8473635
139.586948	13788	0	8467045	8473635
139.595313	13788	0	8467045	8473635
139.604011	13788	0	8467045	8473635
139.617328	13788	0	8467045	8473635
139.630683	13788	0	8467045	8473635
139.645818	13788	0	8467045	8473635
139.654894	13788	0	8467045	8473635
139.665719	13788	0	8467045	8473635
139.677421	13788	0	8467045	8473635
139.684519	13788	0	8467045	8473635
139.692769	13788	0	8467045	8473635
139.701924	13788	0	8467045	8473635
139.711449	13788	0	8467045	8473635
139.719678	13788	0	8467045	8473635
139.734648	13788	0	8467045	8473635
139.746515	13788	0	8467045	8473635
139.760508	13788	0	8467045	8473635
139.771663	13788	0	8467045	8473635
139.784015	13788	0	8467045	8473635
139.796647	13788	0	8467045	8473635
139.803157	13788	0	8467045	8473635
139.811595	13788	0	8467045	8473635
139.823798	13788	0	8467045	8473635
139.834536	13788	0	8467045	8473635
139.844916	13788	0	8467045	8473635
139.850419	13788	0	8467045	8473635
139.855592	13788	0	8467045	8473635
139.869796	13788	0	8467045	8473635
139.880089	13788	0	8467045	8473635
139.890172	13788	0	8467045	8473635
139.902701	13788	0	8467045	8473635
139.916389	13788	0	8467045	8473635
139.922976	13788	0	8467045	8473635
139.930711	13788	0	8467045	8473635
139.937343	13788	0	8467045	8473635
139.947213	13788	0	8467045	8473635
139.961487	13788	0	8467045	8473635
139.967758	13788	0	8467045	8473635
139.977504	13788	0	8467045	8473635
139.992220	13788	0	8467045	8473635
140.000221	13788	0	8467045	8473635
140.014384	13788	0	8467045	8473635
140.025078	13788	0	8467045	8473635
140.032297	13788	0	8467045	8473635
140.038520	13788	0	8467045	8473635
140.051691	13788	0	8467045	8473635
140.062483	13788	0	8467045	8473635
140.076891	13788	0	8467045	8473635
140.085663	13788	0	8467045	8473635
140.092061	13788	0	8467045	8473635
140.106216	13788	0	8467045	8473635
140.111718	13788	0	8467045	8473635
140.121153	13788	0	8467045	8473635
140.127096	13789	3	847600	8473635
140.139308	13790	3	870768	855935
140.148806	13791	0	877852	886840
140.163269	13791	0	877852	886840
140.175032	13791	0	877852	886840
140.184718	13793	2	943611	943611
140.192941	13793	0	943611	952666
140.202230	13795	0	973353	977587
140.211287	13795	0	973353	977587
140.223528	13795	0	973353	977587
140.236612	13795	0	973353	977587
140.249226	13795	0	973353	977587
140.259327	13796	2	1077574	977587
140.271128	13797	0	1083896	1090960
140.280084	13799	0	1108571	1114897
140.293243	13799	0	1108571	1114897
140.307122	13801	3	1158779	1158779
140.316543	13803	2	1184404	1184404
140.327387	13803	0	1184404	1189140
140.335439	13803	0	1184404	1189140
140.340694	13803	0	1184404	1189140
140.354887	13803	0	1184404	1189140
140.369797	13803	0	1184404	1189140
140.383802	13803	0	1184404	1189140
140.392117	13803	0	1184404	1189140
140.406719	13803	0	1184404	1189140
140.417878	13803	0	1184404	1189140
140.425996	13803	0	1184404	1189140
140.438969	13804	3	1411882	1189140
140.446366	13804	0	1411882	1420217
140.454027	13805	3	1435050	1420217
140.460053	13806	2	1442134	1442134
140.470960	13806	0	1442134	1451122
140.483322	13806	0	1442134	1451122
140.494408	13807	3	1500844	1451122
140.503671	13808	0	1507893	1516948
140.515705	13810	3	1537635	1537635
140.529436	13810	0	1537635	1541869
140.534897	13810	0	1537635	1541869
140.541673	13810	0	1537635	1541869
140.548908	13810	0	1537635	1541869
140.554708	13810	0	1537635	1541869
140.569815	13810	0	1537635	1541869
140.582191	13812	2	1648178	1648178
140.597082	13812	0	1648178	1655242
140.604329	13814	3	1672853	1672853
140.619539	13814	0	1672853	1679179
140.633801	13814	0	1672853	1679179
140.643638	13816	2	1723061	1723061
140.657977	13817	3	1742555	1729380
140.663516	13818	0	1748686	1753422
140.671002	13818	0	1748686	1753422
140.680893	13818	0	1748686	1753422
140.687642	13818	0	1748686	1753422
140.699233	13818	0	1748686	1753422
140.713665	13818	0	1748686	1753422
140.720358	13818	0	1748686	1753422
140.725548	13818	0	1748686	1753422
140.731404	13818	0	1748686	1753422
140.746032	13818	0	1748686	1753422
140.755535	13818	0	1748686	1753422
140.764168	13818	0	1748686	1753422
140.776508	13818	0	1748686	1753422
140.788588	13818	0	1748686	1753422
140.794872	13819	3	1980940	1753422
140.803147	13819	0	1980940	1991118
140.812244	13820	3	2004263	1991118
140.824508	13821	0	2010522	2014791
140.838863	13821	0	2010522	2014791
140.852887	13824	2	2083211	2068397
140.863297	13825	0	2088644	2094976
140.871200	13825	0	2088644	2094976
140.880002	13825	0	2088644	2094976
140.885484	13825	0	2088644	2094976
140.897928	13825	0	2088644	2094976
140.912074	13827	2	2200293	2200293
140.925550	13829	3	2228123	2228123
140.937547	13829	0	2228123	2235954
140.946704	13829	0	2228123	2235954
140.961661	13831	2	2289458	2289458
140.971312	13831	0	2289458	2297923
140.977415	13833	3	2316834	2316834
140.992293	13833	0	2316834	2320783
140.998194	13833	0	2316834	2320783
141.004388	13833	0	2316834	2320783
141.017721	13833	0	2316834	2320783
141.023036	13833	0	2316834	2320783
141.031886	13833	0	2316834	2320783
141.041730	13833	0	2316834	2320783
141.052307	13833	0	2316834	2320783
141.067444	13833	0	2316834	2320783
141.079181	13833	0	2316834	2320783
141.093032	13834	0	2551025	2561203
141.106273	13836	0	2580607	2584876
141.112790	13836	0	2580607	2584876
141.123289	13836	0	2580607	2584876
141.133037	13838	0	2633381	2638482
141.143481	13840	0	2658729	2665061
141.155513	13840	0	2658729	2665061
141.162745	13840	0	2658729	2665061
141.170016	13840	0	2658729	2665061
141.183061	13840	0	2658729	2665061
141.196706	13842	0	2770378	2777846
141.207185	13844	0	2798208	2806039
141.221994	13844	0	2798208	2806039
141.230402	13845	2	2853236	2806039
141.238130	13846	0	2859543	2868008
141.249358	13848	0	2886919	2890868
141.257279	13848	0	2886919	2890868
141.270413	13848	0	2886919	2890868
141.278883	13848	0	2886919	2890868
141.285705	13848	0	2886919	2890868
141.297845	13848	0	2886919	2890868
141.310729	13848	0	2886919	2890868
141.316283	13848	0	2886919	2890868
141.324118	13848	0	2886919	2890868
141.335870	13848	0	2886919	2890868
141.350920	13849	0	3119245	3125490
141.359612	13851	3	3143125	3143125
141.369537	13851	0	3143125	3150917
141.377184	13851	0	3143125	3150917
141.384964	13851	0	3143125	3150917
141.397440	13853	0	3205026	3211700
141.408984	13855	0	3235896	3240172
141.414345	13855	0	3235896	3240172
141.426847	13855	0	3235896	3240172
141.438891	13855	0	3235896	3240172
141.445123	13855	0	3235896	3240172
141.459902	13857	0	3354667	3362492
141.469517	13859	3	3383912	3383912
141.478610	13859	0	3383912	3390445
141.490910	13859	0	3383912	3390445
141.502961	13861	0	3443007	3449287
141.511774	13863	0	3469382	3475254
141.518888	13863	0	3469382	3475254
141.531608	13863	0	3469382	3475254
141.537363	13863	0	3469382	3475254
141.545099	13863	0	3469382	3475254
141.553610	13863	0	3469382	3475254
141.562896	13863	0	3469382	3475254
141.577459	13863	0	3469382	3475254
141.583403	13863	0	3469382	3475254
141.593336	13863	0	3469382	3475254
141.604883	13863	0	3469382	3475254
141.615786	13863	0	3469382	3475254
141.622692	13864	0	3710412	3716657
141.637756	13866	0	3734292	3742084
141.649008	13866	0	3734292	3742084
141.654418	13866	0	3734292	3742084
141.668322	13868	0	3796193	3802867
141.678752	13870	0	3827063	3831339
141.684287	13870	0	3827063	3831339
141.691552	13870	0	3827063	3831339
141.698535	13870	0	3827063	3831339
141.709293	13870	0	3827063	3831339
141.718639	13870	0	3827063	3831339
141.730489	13872	0	3945834	3953659
141.736999	13873	3	3969986	3953659
141.751372	13874	0	3975079	3981612
141.765521	13876	0	4034174	4040454
141.773797	13878	0	4060549	4066421
141.788566	13878	0	4060549	4066421
141.798204	13878	0	4060549	4066421
141.813352	13878	0	4060549	4066421
141.818598	13878	0	4060549	4066421
141.826434	13878	0	4060549	4066421
141.841540	13878	0	4060549	4066421
141.853560	13878	0	4060549	4066421
141.863918	13878	0	4060549	4066421
141.869665	13879	2	4300590	4066421
141.877351	13879	0	4300590	4305667
141.884873	13881	0	4326489	4331886
141.892335	13881	0	4326489	4331886
141.903383	13881	0	4326489	4331886
141.910130	13883	0	4383308	4391886
141.923357	13885	0	4414942	4420712
141.931311	13885	0	4414942	4420712
141.941613	13885	0	4414942	4420712
141.947205	13885	0	4414942	4420712
141.961735	13885	0	4414942	4420712
141.970344	13886	2	4534210	4420712
141.984480	13887	0	4539653	4546256
141.997118	13889	0	4572275	4578524
142.002687	13889	0	4572275	4578524
142.014613	13889	0	4572275	4578524
142.023856	13891	3	4638931	4638931
142.030121	13891	0	4638931	4644417
142.044126	13893	0	4665727	4671597
142.059132	13893	0	4665727	4671597
142.070261	13893	0	4665727	4671597
142.079201	13893	0	4665727	4671597
142.087436	13893	0	4665727	4671597
142.099982	13893	0	4665727	4671597
142.112838	13893	0	4665727	4671597
142.123643	13893	0	4665727	4671597
142.136219	13893	0	4665727	4671597
142.150864	13894	0	4912910	4917987
142.158585	13896	0	4938809	4944206
142.173377	13896	0	4938809	4944206
142.186399	13898	0	4995628	5004206
142.199310	13900	0	5027262	5033032
142.213202	13900	0	5027262	5033032
142.227617	13900	0	5027262	5033032
142.233844	13900	0	5027262	5033032
142.243370	13901	3	5146530	5033032
142.252779	13902	0	5151973	5158576
142.259017	13903	2	5176465	5158576
142.266030	13904	0	5184595	5190844
142.278532	13904	0	5184595	5190844
142.288896	13905	2	5243453	5190844
142.296966	13906	0	5251251	5256737
142.310414	13908	0	5278047	5283917
142.331729	13908	0	5278047	5283917
142.341997	13908	0	5278047	5283917
142.355888	13908	0	5278047	5283917
142.368444	13908	0	5278047	5283917
142.377574	13908	0	5278047	5283917
142.388241	13908	0	5278047	5283917
142.398303	13908	0	5278047	5283917
142.407660	13908	0	5278047	5283917
142.418703	13908	0	5278047	5283917
142.427060	13908	0	5278047	5283917
142.436928	13909	0	5528210	5534820
142.443213	13911	0	5550442	5553933
142.456606	13911	0	5550442	5553933
142.465652	13913	2	5602008	5602008
142.472450	13913	0	5602008	5606999
142.483823	13915	0	5629902	5634614
142.489775	13915	0	5629902	5634614
142.496331	13915	0	5629902	5634614
142.511235	13915	0	5629902	5634614
142.525135	13915	0	5629902	5634614
142.537937	13915	0	5629902	5634614
142.545620	13917	2	5758683	5758683
142.558220	13919	2	5791294	5791294
142.563570	13919	0	5791294	5799105
142.577567	13919	0	5791294	5799105
142.589262	13921	0	5860447	5865902
142.596755	13922	2	5883772	5865902
142.607024	13923	0	5892015	5897387
142.622154	13923	0	5892015	5897387
142.636740	13923	0	5892015	5897387
142.646102	13923	0	5892015	5897387
142.656028	13923	0	5892015	5897387
142.665792	13923	0	5892015	5897387
142.680158	13923	0	5892015	5897387
142.691978	13923	0	5892015	5897387
142.701253	13923	0	5892015	5897387
142.706994	13923	0	5892015	5897387
142.715252	13924	2	6149147	5897387
142.724662	13925	2	6166358	6155757
142.736068	13926	0	6171379	6174870
142.744724	13926	0	6171379	6174870
142.755309	13928	0	6222945	6227936
142.768967	13930	0	6250839	6255551
142.781871	13930	0	6250839	6255551
142.796878	13930	0	6250839	6255551
142.811551	13930	0	6250839	6255551
142.823331	13932	2	6379620	6379620
142.830526	13932	0	6379620	6387410
142.842733	13934	3	6412231	6412231
142.851009	13934	0	6412231	6420042
142.859029	13934	0	6412231	6420042
142.868739	13934	0	6412231	6420042
142.882357	13936	0	6481384	6486839
142.893187	13938	0	6512952	6518324
142.898552	13938	0	6512952	6518324
142.913167	13938	0	6512952	6518324
142.920235	13938	0	6512952	6518324
142.931459	13938	0	6512952	6518324
142.940058	13938	0	6512952	6518324
142.955188	13938	0	6512952	6518324
142.960857	13938	0	6512952	6518324
142.970837	13938	0	6512952	6518324
142.981025	13938	0	6512952	6518324
142.990630	13938	0	6512952	6518324
143.000516	13938	0	6512952	6518324
143.013626	13940	3	6794417	6781562
143.020605	13941	0	6799120	6805213
143.031321	13941	0	6799120	6805213
143.045838	13943	0	6862169	6871518
143.054739	13944	3	6889942	6871518
143.061318	13945	0	6894893	6899579
143.067951	13945	0	6894893	6899579
143.076720	13945	0	6894893	6899579
143.090792	13945	0	6894893	6899579
143.100123	13945	0	6894893	6899579
143.115179	13947	0	7025154	7032555
143.129589	13949	0	7053641	7061051
143.144124	13949	0	7053641	7061051
143.156500	13951	0	7120659	7124534
143.162155	13952	3	7143517	7124534
143.175036	13953	0	7151248	7158678
143.183610	13953	0	7151248	7158678
143.194728	13953	0	7151248	7158678
143.200244	13953	0	7151248	7158678
143.211802	13953	0	7151248	7158678
143.226876	13953	0	7151248	7158678
143.237914	13953	0	7151248	7158678
143.244288	13953	0	7151248	7158678
143.251743	13953	0	7151248	7158678
143.257352	13953	0	7151248	7158678
143.263657	13953	0	7151248	7158678
143.270568	13953	0	7151248	7158678
143.282767	13956	3	7444630	7444630
143.297350	13956	0	7444630	7450723
143.303014	13956	0	7444630	7450723
143.314084	13958	0	7507679	7517028
143.326393	13960	0	7540403	7545089
143.332272	13960	0	7540403	7545089
143.341394	13960	0	7540403	7545089
143.348864	13960	0	7540403	7545089
143.363583	13960	0	7540403	7545089
143.373174	13960	0	7540403	7545089
143.384237	13962	0	7670664	7678065
143.397989	13964	0	7699151	7706561
143.403721	13964	0	7699151	7706561
143.417015	13964	0	7699151	7706561
143.431979	13967	3	7789027	7770044
143.443937	13968	0	7796758	7804188
143.452496	13968	0	7796758	7804188
143.461055	13968	0	7796758	7804188
143.472041	13968	0	7796758	7804188
143.484986	13968	0	7796758	7804188
143.491074	13968	0	7796758	7804188
143.500045	13968	0	7796758	7804188
143.508542	13968	0	7796758	7804188
143.518177	13968	0	7796758	7804188
143.530925	13968	0	7796758	7804188
143.543822	13969	0	8069379	8073298
143.549450	13969	0	8069379	8073298
143.557255	13971	0	8093856	8101205
143.566108	13971	0	8093856	8101205
143.573407	13971	0	8093856	8101205
143.587172	13973	0	8159079	8165677
143.592900	13973	0	8159079	8165677
143.602114	13975	0	8192757	8197819
143.616686	13975	0	8192757	8197819
143.627536	13975	0	8192757	8197819
143.641926	13975	0	8192757	8197819
143.650791	13975	0	8192757	8197819
143.664468	13977	0	8334970	8340778
143.675264	13979	0	8363973	8372863
143.683475	13979	0	8363973	8372863
143.693020	13979	0	8363973	8372863
143.707433	13981	0	8434416	8441787
143.718859	13983	0	8464253	8467375
143.725080	13983	0	8464253	8467375
143.733315	13983	0	8464253	8467375
143.747005	13983	0	8464253	8467375
143.753633	13983	0	8464253	8467375
143.763615	13983	0	8464253	8467375
143.778728	13983	0	8464253	8467375
143.786342	13983	0	8464253	8467375
143.799966	13983	0	8464253	8467375
143.814075	13983	0	8464253	8467375
143.822042	13984	0	8727569	8731488
143.832226	13986	0	8752046	8759395
143.839667	13986	0	8752046	8759395
143.853623	13987	3	8811423	8759395
143.868686	13990	2	8850947	8850947
143.883527	13990	0	8850947	8856009
143.891984	13990	0	8850947	8856009
143.902112	13990	0	8850947	8856009
143.911996	13990	0	8850947	8856009
143.924648	13990	0	8850947	8856009
143.931382	13991	2	8983901	8856009
143.943575	13992	0	8993160	8998968
143.956648	13994	0	9022163	9031053
143.964738	13994	0	9022163	9031053
143.970847	13994	0	9022163	9031053
143.982641	13996	0	9092606	9099977
143.996009	13998	0	9122443	9125565
144.003747	13998	0	9122443	9125565
144.013729	13998	0	9122443	9125565
144.019427	13998	0	9122443	9125565
144.029332	13998	0	9122443	9125565
144.039100	13998	0	9122443	9125565
144.050251	13998	0	9122443	9125565
144.062860	13998	0	9122443	9125565
144.072079	13998	0	9122443	9125565
144.077499	13998	0	9122443	9125565
144.084301	13998	0	9122443	9125565
144.095566	13998	0	9122443	9125565
144.101321	13998	0	9122443	9125565
144.113239	13998	0	9122443	9125565
144.124987	13999	0	9394197	9401113
144.134253	14001	0	9420266	9430367
144.148011	14001	0	9420266	9430367
144.162293	14003	0	9491604	9497060
144.171800	14005	2	9520784	9520784
144.184897	14005	0	9520784	9526588
144.196756	14005	0	9520784	9526588
144.204624	14005	0	9520784	9526588
144.213836	14005	0	9520784	9526588
144.223454	14005	0	9520784	9526588
144.229765	14005	0	9520784	9526588
144.237480	14007	3	9659338	9659338
144.243172	14007	0	9659338	9663983
144.255917	14009	0	9688483	9696999
144.262031	14009	0	9688483	9696999
144.273436	14009	0	9688483	9696999
144.282941	14011	0	9758123	9764730
144.291663	14013	3	9790109	9790109
144.297579	14013	0	9790109	9793931
144.308700	14013	0	9790109	9793931
144.320544	14013	0	9790109	9793931
144.332106	14013	0	9790109	9793931
144.344078	14013	0	9790109	9793931
144.354440	14013	0	9790109	9793931
144.361519	14013	0	9790109	9793931
144.376528	14013	0	9790109	9793931
144.383667	14013	0	9790109	9793931
144.390621	14013	0	9790109	9793931
144.403725	14013	0	9790109	9793931
144.418452	14014	0	10068264	10075180
144.431982	14016	0	10094333	10104434
144.441719	14016	0	10094333	10104434
144.453651	14017	2	10158242	10104434
144.464848	14018	0	10165671	10171127
144.472521	14020	3	10194851	10194851
144.483595	14020	0	10194851	10200655
144.489936	14020	0	10194851	10200655
144.500773	14020	0	10194851	10200655
144.512282	14020	0	10194851	10200655
144.526511	14020	0	10194851	10200655
144.533664	14021	2	10326056	10200655
144.539226	14022	0	10333405	10338050
144.552579	14024	0	10362550	10371066
144.562160	14024	0	10362550	10371066
144.568053	14024	0	10362550	10371066
144.578059	14024	0	10362550	10371066
144.589717	14026	0	10432190	10438797
144.595176	14028	3	10464176	10464176
144.601666	14028	0	10464176	10467998
144.615383	14028	0	10464176	10467998
144.621812	14028	0	10464176	10467998
144.632035	14028	0	10464176	10467998
144.640367	14028	0	10464176	10467998
144.653975	14028	0	10464176	10467998
144.668179	14028	0	10464176	10467998
144.675387	14028	0	10464176	10467998
144.684222	14028	0	10464176	10467998
144.697663	14028	0	10464176	10467998
144.710420	14028	0	10464176	10467998
144.721703	14028	0	10464176	10467998
144.736203	14028	0	10464176	10467998
144.750972	14028	0	10464176	10467998
144.759217	14028	0	10464176	10467998
144.771983	14028	0	10464176	10467998
144.785482	14028	0	10464176	10467998
144.798689	14028	0	10464176	10467998
144.807458	14028	0	10464176	10467998
144.822528	14028	0	10464176	10467998
144.827941	14028	0	10464176	10467998
144.833448	14028	0	10464176	10467998
144.845984	14028	0	10464176	10467998
144.856260	14028	0	10464176	10467998
144.867891	14028	0	10464176	10467998
144.880571	14028	0	10464176	10467998
144.886943	14028	0	10464176	10467998
144.895580	14028	0	10464176	10467998
144.908643	14028	0	10464176	10467998
144.917032	14028	0	10464176	10467998
144.928381	14028	0	10464176	10467998
144.936271	14028	0	10464176	10467998
144.951462	14028	0	10464176	10467998
144.966237	14028	0	10464176	10467998
144.979796	14028	0	10464176	10467998
144.991593	14028	0	10464176	10467998
145.002875	14028	0	10464176	10467998
145.014899	14028	0	10464176	10467998
145.025356	14028	0	10464176	10467998
145.035227	14028	0	10464176	10467998
145.047881	14028	0	10464176	10467998
145.054720	14028	0	10464176	10467998
145.065571	14028	0	10464176	10467998
145.071831	14028	0	10464176	10467998
145.082065	14028	0	10464176	10467998
145.093716	14028	0	10464176	10467998
145.104222	14028	0	10464176	10467998
145.111093	14028	0	10464176	10467998
145.122103	14028	0	10464176	10467998
145.127366	14028	0	10464176	10467998
145.136362	14028	0	10464176	10467998
145.143506	14028	0	10464176	10467998
145.154921	14028	0	10464176	10467998
145.165540	14028	0	10464176	10467998
145.180466	14028	0	10464176	10467998
145.193107	14028	0	10464176	10467998
145.203073	14028	0	10464176	10467998
145.209603	14028	0	10464176	10467998
145.215792	14028	0	10464176	10467998
145.222529	14028	0	10464176	10467998
145.231353	14028	0	10464176	10467998
145.237845	14028	0	10464176	10467998
145.250211	14028	0	10464176	10467998
145.262227	14028	0	10464176	10467998
145.268849	14028	0	10464176	10467998
145.283143	14028	0	10464176	10467998
145.297824	14028	0	10464176	10467998
145.311972	14028	0	10464176	10467998
145.318915	14028	0	10464176	10467998
145.331236	14028	0	10464176	10467998
145.344361	14028	0	10464176	10467998
145.352212	14028	0	10464176	10467998
145.363877	14028	0	10464176	10467998
145.374672	14028	0	10464176	10467998
145.384334	14028	0	10464176	10467998
145.395278	14028	0	10464176	10467998
145.408192	14028	0	10464176	10467998
145.415216	14028	0	10464176	10467998
145.426835	14028	0	10464176	10467998
145.434529	14028	0	10464176	10467998
145.449170	14028	0	10464176	10467998
145.456938	14028	0	10464176	10467998
145.471170	14028	0	10464176	10467998
145.480142	14028	0	10464176	10467998
145.492056	14028	0	10464176	10467998
145.507114	14028	0	10464176	10467998
145.515811	14028	0	10464176	10467998
145.522545	14028	0	10464176	10467998
145.536249	14028	0	10464176	10467998
145.543560	14028	0	10464176	10467998
145.553877	14028	0	10464176	10467998
145.568985	14028	0	10464176	10467998
145.577733	14028	0	10464176	10467998
145.585731	14028	0	10464176	10467998
145.592059	14028	0	10464176	10467998
145.598775	14028	0	10464176	10467998
145.612244	14028	0	10464176	10467998
145.620285	14028	0	10464176	10467998
145.630773	14028	0	10464176	10467998
145.638861	14028	0	10464176	10467998
145.653622	14028	0	10464176	10467998
145.661167	14028	0	10464176	10467998
145.669286	14028	0	10464176	10467998
145.680326	14028	0	10464176	10467998
145.689671	14028	0	10464176	10467998
145.699742	14028	0	10464176	10467998
145.713959	14028	0	10464176	10467998
145.724814	14028	0	10464176	10467998
145.739547	14028	0	10464176	10467998
145.747201	14028	0	10464176	10467998
145.759342	14028	0	10464176	10467998
145.768606	14028	0	10464176	10467998
145.778338	14028	0	10464176	10467998
145.793226	14028	0	10464176	10467998
145.804231	14028	0	10464176	10467998
145.815526	14028	0	10464176	10467998
145.827141	14028	0	10464176	10467998
145.833054	14028	0	10464176	10467998
145.847897	14028	0	10464176	10467998
145.857543	14028	0	10464176	10467998
145.863999	14028	0	10464176	10467998
145.875441	14028	0	10464176	10467998
145.888409	14028	0	10464176	10467998
145.896199	14028	0	10464176	10467998
145.909409	14028	0	10464176	10467998
145.916676	14028	0	10464176	10467998
145.926156	14028	0	10464176	10467998
145.932879	14028	0	10464176	10467998
145.943462	14028	0	10464176	10467998
145.952215	14028	0	10464176	10467998
145.960868	14028	0	10464176	10467998
145.967715	14028	0	10464176	10467998
145.981926	14028	0	10464176	10467998
145.992237	14028	0	10464176	10467998
146.002363	14028	0	10464176	10467998
146.015656	14028	0	10464176	10467998
146.025684	14028	0	10464176	10467998
146.033887	14028	0	10464176	10467998
146.041833	14028	0	10464176	10467998
146.048438	14028	0	10464176	10467998
146.061275	14028	0	10464176	10467998
146.067079	14028	0	10464176	10467998
146.077527	14028	0	10464176	10467998
146.089888	14028	0	10464176	10467998
146.097838	14028	0	10464176	10467998
146.109314	14028	0	10464176	10467998
146.114585	14028	0	10464176	10467998
146.128282	14028	0	10464176	10467998
146.134804	14028	0	10464176	10467998
146.146564	14028	0	10464176	10467998
146.160523	14028	0	10464176	10467998
146.167258	14028	0	10464176	10467998
146.177767	14028	0	10464176	10467998
146.186422	14028	0	10464176	10467998
146.195887	14028	0	10464176	10467998
146.210505	14028	0	10464176	10467998
146.218514	14028	0	10464176	10467998
146.228015	14028	0	10464176	10467998
146.234965	14028	0	10464176	10467998
146.249736	14028	0	10464176	10467998
146.257396	14028	0	10464176	10467998
146.265706	14028	0	10464176	10467998
146.276554	14028	0	10464176	10467998
146.289844	14028	0	10464176	10467998
146.303145	14028	0	10464176	10467998
146.310707	14028	0	10464176	10467998
146.320821	14028	0	10464176	10467998
146.328640	14028	0	10464176	10467998
146.335479	14028	0	10464176	10467998
146.346039	14028	0	10464176	10467998
146.361163	14028	0	10464176	10467998
146.367070	14028	0	10464176	10467998
146.378748	14028	0	10464176	10467998
146.384710	14028	0	10464176	10467998
146.398015	14028	0	10464176	10467998
146.409461	14028	0	10464176	10467998
146.417505	14028	0	10464176	10467998
146.425122	14028	0	10464176	10467998
146.436641	14028	0	10464176	10467998
146.450987	14028	0	10464176	10467998
146.460894	14028	0	10464176	10467998
146.470279	14028	0	10464176	10467998
146.477384	14028	0	10464176	10467998
146.486876	14028	0	10464176	10467998
146.497790	14028	0	10464176	10467998
146.507004	14028	0	10464176	10467998
146.519695	14028	0	10464176	10467998
146.528952	14028	0	10464176	10467998
146.542556	14028	0	10464176	10467998
146.548600	14028	0	10464176	10467998
146.562618	14028	0	10464176	10467998
146.575410	14028	0	10464176	10467998
146.588715	14028	0	10464176	10467998
146.603902	14028	0	10464176	10467998
146.616605	14028	0	10464176	10467998
146.625391	14028	0	10464176	10467998
146.637537	14028	0	10464176	10467998
146.645809	14028	0	10464176	10467998
146.651327	14028	0	10464176	10467998
146.663743	14028	0	10464176	10467998
146.674749	14028	0	10464176	10467998
146.689133	14028	0	10464176	10467998
146.699036	14028	0	10464176	10467998
146.713115	14028	0	10464176	10467998
146.718695	14028	0	10464176	10467998
146.730684	14028	0	10464176	10467998
146.744246	14028	0	10464176	10467998
146.756274	14028	0	10464176	10467998
146.766152	14028	0	10464176	10467998
146.776668	14028	0	10464176	10467998
146.782023	14028	0	10464176	10467998
146.790688	14028	0	10464176	10467998
146.803842	14028	0	10464176	10467998
146.817601	14028	0	10464176	10467998
146.831427	14028	0	10464176	10467998
146.840052	14028	0	10464176	10467998
146.845252	14028	0	10464176	10467998
146.856500	14028	0	10464176	10467998
146.862536	14028	0	10464176	10467998
146.877361	14028	0	10464176	10467998
146.883218	14028	0	10464176	10467998
146.894536	14028	0	10464176	10467998
146.903915	14028	0	10464176	10467998
146.911058	14028	0	10464176	10467998
146.922908	14028	0	10464176	10467998
146.929720	14028	0	10464176	10467998
146.938933	14028	0	10464176	10467998
146.946166	14028	0	10464176	10467998
146.958992	14028	0	10464176	10467998
146.968932	14028	0	10464176	10467998
146.982015	14028	0	10464176	10467998
146.994082	14028	0	10464176	10467998
147.005821	14028	0	10464176	10467998
147.015533	14028	0	10464176	10467998
147.027919	14028	0	10464176	10467998
147.038775	14028	0	10464176	10467998
147.044779	14028	0	10464176	10467998
147.059130	14028	0	10464176	10467998
147.073492	14028	0	10464176	10467998
147.079524	14028	0	10464176	10467998
147.092096	14028	0	10464176	10467998
147.102572	14028	0	10464176	10467998
147.110953	14028	0	10464176	10467998
147.118373	14028	0	10464176	10467998
147.130706	14028	0	10464176	10467998
147.145401	14028	0	10464176	10467998
147.157780	14028	0	10464176	10467998
147.163987	14028	0	10464176	10467998
147.175867	14028	0	10464176	10467998
147.181937	14028	0	10464176	10467998
147.190826	14028	0	10464176	10467998
147.203156	14028	0	10464176	10467998
147.217257	14028	0	10464176	10467998
147.229812	14028	0	10464176	10467998
147.242185	14028	0	10464176	10467998
147.249771	14028	0	10464176	10467998
147.255379	14028	0	10464176	10467998
147.270495	14028	0	10464176	10467998
147.276000	14028	0	10464176	10467998
147.283682	14028	0	10464176	10467998
147.291729	14028	0	10464176	10467998
147.298160	14028	0	10464176	10467998
147.311859	14028	0	10464176	10467998
147.322504	14028	0	10464176	10467998
147.331828	14028	0	10464176	10467998
147.343802	14028	0	10464176	10467998
147.357779	14028	0	10464176	10467998
147.364054	14028	0	10464176	10467998
147.372480	14028	0	10464176	10467998
147.381699	14028	0	10464176	10467998
147.392040	14028	0	10464176	10467998
147.401395	14028	0	10464176	10467998
147.407864	14028	0	10464176	10467998
147.419653	14028	0	10464176	10467998
147.431491	14028	0	10464176	10467998
147.441696	14028	0	10464176	10467998
147.448593	14028	0	10464176	10467998
147.461986	14028	0	10464176	10467998
147.469008	14028	0	10464176	10467998
147.477708	14028	0	10464176	10467998
147.488576	14028	0	10464176	10467998
147.496300	14028	0	10464176	10467998
147.504753	14028	0	10464176	10467998
147.518784	14028	0	10464176	10467998
147.526128	14028	0	10464176	10467998
147.532851	14028	0	10464176	10467998
147.540927	14028	0	10464176	10467998
147.555229	14028	0	10464176	10467998
147.570134	14028	0	10464176	10467998
147.578501	14028	0	10464176	10467998
147.584509	14028	0	10464176	10467998
147.591185	14028	0	10464176	10467998
147.606316	14028	0	10464176	10467998
147.617797	14028	0	10464176	10467998
147.631121	14028	0	10464176	10467998
147.643800	14028	0	10464176	10467998
147.651042	14028	0	10464176	10467998
147.659548	14028	0	10464176	10467998
147.673437	14028	0	10464176	10467998
147.686270	14028	0	10464176	10467998
147.695557	14028	0	10464176	10467998
147.707100	14028	0	10464176	10467998
147.721013	14028	0	10464176	10467998
147.727275	14028	0	10464176	10467998
147.736173	14028	0	10464176	10467998
147.745493	14028	0	10464176	10467998
147.752676	14028	0	10464176	10467998
147.767560	14028	0	10464176	10467998
147.782594	14028	0	10464176	10467998
147.796473	14028	0	10464176	10467998
147.806013	14028	0	10464176	10467998
147.815257	14028	0	10464176	10467998
147.827166	14028	0	10464176	10467998
147.834299	14028	0	10464176	10467998
147.848020	14028	0	10464176	10467998
147.856250	14028	0	10464176	10467998
147.864353	14028	0	10464176	10467998
147.875526	14028	0	10464176	10467998
147.885953	14028	0	10464176	10467998
147.893912	14028	0	10464176	10467998
147.906730	14028	0	10464176	10467998
147.914423	14028	0	10464176	10467998
147.924664	14028	0	10464176	10467998
147.938134	14028	0	10464176	10467998
147.944581	14028	0	10464176	10467998
147.956275	14028	0	10464176	10467998
147.967661	14028	0	10464176	10467998
147.981949	14028	0	10464176	10467998
147.992089	14028	0	10464176	10467998
148.005171	14028	0	10464176	10467998
148.018867	14028	0	10464176	10467998
148.028350	14028	0	10464176	10467998
148.033796	14028	0	10464176	10467998
148.042997	14028	0	10464176	10467998
148.056525	14028	0	10464176	10467998
148.067515	14028	0	10464176	10467998
148.078912	14028	0	10464176	10467998
148.086438	14028	0	10464176	10467998
148.096341	14028	0	10464176	10467998
148.107780	14028	0	10464176	10467998
148.120381	14028	0	10464176	10467998
148.131080	14028	0	10464176	10467998
148.138888	14028	0	10464176	10467998
148.150778	14028	0	10464176	10467998
148.156598	14028	0	10464176	10467998
148.165615	14028	0	10464176	10467998
148.180465	14028	0	10464176	10467998
148.192821	14028	0	10464176	10467998
148.203443	14028	0	10464176	10467998
148.211454	14028	0	10464176	10467998
148.218169	14028	0	10464176	10467998
148.229842	14028	0	10464176	10467998
148.235823	14028	0	10464176	10467998
148.248963	14028	0	10464176	10467998
148.259654	14028	0	10464176	10467998
148.272539	14028	0	10464176	10467998
148.287132	14028	0	10464176	10467998
148.292673	14028	0	10464176	10467998
148.301105	14028	0	10464176	10467998
148.314681	14028	0	10464176	10467998
148.329060	14028	0	10464176	10467998
148.344139	14028	0	10464176	10467998
148.356078	14028	0	10464176	10467998
148.370121	14028	0	10464176	10467998
148.378233	14028	0	10464176	10467998
148.390993	14028	0	10464176	10467998
148.397043	14028	0	10464176	10467998
148.409586	14028	0	10464176	10467998
148.417427	14028	0	10464176	10467998
148.428934	14028	0	10464176	10467998
148.437842	14028	0	10464176	10467998
148.445916	14028	0	10464176	10467998
148.457849	14028	0	10464176	10467998
148.472119	14028	0	10464176	10467998
148.483245	14028	0	10464176	10467998
148.489240	14028	0	10464176	10467998
148.495717	14028	0	10464176	10467998
148.501044	14028	0	10464176	10467998
148.509167	14028	0	10464176	10467998
148.520647	14028	0	10464176	10467998
148.535197	14028	0	10464176	10467998
148.546266	14028	0	10464176	10467998
148.554844	14028	0	10464176	10467998
148.561789	14028	0	10464176	10467998
148.569959	14028	0	10464176	10467998
148.582911	14028	0	10464176	10467998
148.592408	14028	0	10464176	10467998
148.599401	14028	0	10464176	10467998
148.606251	14028	0	10464176	10467998
148.614763	14028	0	10464176	10467998
148.626514	14028	0	10464176	10467998
148.638472	14028	0	10464176	10467998
148.653303	14028	0	10464176	10467998
148.661662	14028	0	10464176	10467998
148.673475	14028	0	10464176	10467998
148.686344	14028	0	10464176	10467998
148.697713	14028	0	10464176	10467998
148.711758	14028	0	10464176	10467998
148.722813	14028	0	10464176	10467998
148.729377	14028	0	10464176	10467998
148.740985	14028	0	10464176	10467998
148.751193	14028	0	10464176	10467998
148.761348	14028	0	10464176	10467998
148.774202	14028	0	10464176	10467998
148.780592	14028	0	10464176	10467998
148.789872	14028	0	10464176	10467998
148.801639	14028	0	10464176	10467998
148.813493	14028	0	10464176	10467998
148.818696	14028	0	10464176	10467998
148.832221	14028	0	10464176	10467998
148.839999	14028	0	10464176	10467998
148.846392	14028	0	10464176	10467998
148.851791	14028	0	10464176	10467998
148.861057	14028	0	10464176	10467998
148.868169	14028	0	10464176	10467998
148.882684	14028	0	10464176	10467998
148.894153	14028	0	10464176	10467998
148.900015	14028	0	10464176	10467998
148.906685	14028	0	10464176	10467998
148.919839	14028	0	10464176	10467998
148.926020	14028	0	10464176	10467998
148.940878	14028	0	10464176	10467998
148.948646	14028	0	10464176	10467998
148.959320	14028	0	10464176	10467998
148.972152	14028	0	10464176	10467998
148.980323	14028	0	10464176	10467998
148.992758	14028	0	10464176	10467998
149.005958	14028	0	10464176	10467998
149.019035	14028	0	10464176	10467998
149.029997	14028	0	10464176	10467998
149.040625	14028	0	10464176	10467998
149.051075	14028	0	10464176	10467998
149.062277	14028	0	10464176	10467998
149.071943	14028	0	10464176	10467998
149.083183	14028	0	10464176	10467998
149.088384	14028	0	10464176	10467998
149.100994	14028	0	10464176	10467998
149.116100	14028	0	10464176	10467998
149.124693	14028	0	10464176	10467998
149.130405	14028	0	10464176	10467998
149.138878	14028	0	10464176	10467998
149.150769	14028	0	10464176	10467998
149.160111	14028	0	10464176	10467998
149.171522	14028	0	10464176	10467998
149.181698	14028	0	10464176	10467998
149.196055	14028	0	10464176	10467998
149.206054	14028	0	10464176	10467998
149.212294	14028	0	10464176	10467998
149.218581	14028	0	10464176	10467998
149.233733	14028	0	10464176	10467998
149.239324	14028	0	10464176	10467998
149.244755	14028	0	10464176	10467998
149.257176	14028	0	10464176	10467998
149.270365	14028	0	10464176	10467998
149.277521	14028	0	10464176	10467998
149.290021	14028	0	10464176	10467998
149.296930	14028	0	10464176	10467998
149.307264	14028	0	10464176	10467998
149.317088	14028	0	10464176	10467998
149.331683	14028	0	10464176	10467998
149.340798	14028	0	10464176	10467998
149.346733	14028	0	10464176	10467998
149.356169	14029	0	870476	875206
149.369852	14031	0	896009	901857
149.381562	14031	0	896009	901857
149.387333	14032	2	957422	901857
149.394613	14033	0	965284	971936
149.406559	14034	3	992839	971936
149.416339	14035	0	999169	1005483
149.431397	14035	0	999169	1005483
149.445907	14035	0	999169	1005483
149.455781	14035	0	999169	1005483
149.468810	14035	0	999169	1005483
149.482593	14035	0	999169	1005483
149.493796	14037	3	1143881	1143881
149.500054	14037	0	1143881	1152141
149.511453	14039	2	1175594	1175594
149.517339	14039	0	1175594	1181495
149.523859	14039	0	1175594	1181495
149.536610	14039	0	1175594	1181495
149.551504	14041	2	1244656	1244656
149.559590	14041	0	1244656	1249243
149.572061	14043	0	1272000	1279910
149.581651	14043	0	1272000	1279910
149.588627	14043	0	1272000	1279910
149.594083	14043	0	1272000	1279910
149.604055	14043	0	1272000	1279910
149.611144	14043	0	1272000	1279910
149.618991	14043	0	1272000	1279910
149.625547	14043	0	1272000	1279910
149.633692	14043	0	1272000	1279910
149.648321	14043	0	1272000	1279910
149.658833	14043	0	1272000	1279910
149.671399	14043	0	1272000	1279910
149.676807	14043	0	1272000	1279910
149.690722	14043	0	1272000	1279910
149.699769	14043	0	1272000	1279910
149.710573	14043	0	1272000	1279910
149.725733	14044	0	1558841	1563571
149.738135	14045	2	1577234	1563571
149.753204	14046	0	1584374	1590222
149.758723	14046	0	1584374	1590222
149.767485	14046	0	1584374	1590222
149.775148	14046	0	1584374	1590222
149.786048	14047	2	1645787	1590222
149.799879	14048	0	1653649	1660301
149.810145	14049	3	1681204	1660301
149.816530	14050	0	1687534	1693848
149.823701	14050	0	1687534	1693848
149.833451	14050	0	1687534	1693848
149.842505	14050	0	1687534	1693848
149.857478	14050	0	1687534	1693848
149.871583	14050	0	1687534	1693848
149.882446	14050	0	1687534	1693848
149.888633	14050	0	1687534	1693848
149.903595	14051	2	1826042	1693848
149.913675	14052	0	1832246	1840506
149.924578	14054	2	1863959	1863959
149.934779	14054	0	1863959	1869860
149.943206	14054	0	1863959	1869860
149.952070	14054	0	1863959	1869860
149.958602	14055	2	1925110	1869860
149.964295	14056	0	1933021	1937608
149.975993	14057	3	1956412	1937608
149.989406	14058	0	1960365	1968275
149.996773	14058	0	1960365	1968275
150.011261	14058	0	1960365	1968275
150.016762	14058	0	1960365	1968275
150.022881	14058	0	1960365	1968275
150.029343	14058	0	1960365	1968275
150.039073	14058	0	1960365	1968275
150.052250	14058	0	1960365	1968275
150.063817	14058	0	1960365	1968275
150.076519	14058	0	1960365	1968275
150.082734	14058	0	1960365	1968275
150.092777	14058	0	1960365	1968275
150.105957	14058	0	1960365	1968275
150.113668	14058	0	1960365	1968275
150.126374	14058	0	1960365	1968275
150.134735	14058	0	1960365	1968275
150.141434	14059	0	2255668	2261127
150.155698	14061	2	2284255	2284255
150.162244	14061	0	2284255	2292097
150.172913	14061	0	2284255	2292097
150.186355	14061	0	2284255	2292097
150.193346	14063	0	2351689	2357177
150.207323	14065	3	2379837	2379837
150.217283	14065	0	2379837	2388079
150.228885	14065	0	2379837	2388079
150.242777	14065	0	2379837	2388079
150.251342	14065	0	2379837	2388079
150.263413	14065	0	2379837	2388079
150.272531	14065	0	2379837	2388079
150.285108	14065	0	2379837	2388079
150.294053	14066	1	2516984	2388079
150.300178	14067	0	2521705	2527584
150.311521	14068	2	2547507	2527584
150.322646	14069	0	2557339	2562055
150.337419	14069	0	2557339	2562055
150.343976	14069	0	2557339	2562055
150.354678	14070	2	2621853	2562055
150.364863	14071	0	2627776	2634017
150.373899	14072	3	2652994	2634017
150.380965	14073	0	2660460	2664717
150.392202	14073	0	2660460	2664717
150.399569	14073	0	2660460	2664717
150.404902	14073	0	2660460	2664717
150.413352	14073	0	2660460	2664717
150.419855	14073	0	2660460	2664717
150.431486	14073	0	2660460	2664717
150.445283	14073	0	2660460	2664717
150.460458	14073	0	2660460	2664717
150.474307	14073	0	2660460	2664717
150.484754	14073	0	2660460	2664717
150.492822	14073	0	2660460	2664717
150.499881	14073	0	2660460	2664717
150.513470	14073	0	2660460	2664717
150.523731	14073	0	2660460	2664717
150.532373	14074	3	2954567	2664717
150.540553	14074	0	2954567	2960026
150.549272	14076	2	2983154	2983154
150.564433	14076	0	2983154	2990996
150.573421	14076	0	2983154	2990996
150.580356	14077	3	3045563	2990996
150.590716	14078	0	3050588	3056076
150.605286	14080	0	3078736	3086978
150.612277	14080	0	3078736	3086978
150.622713	14080	0	3078736	3086978
150.628590	14080	0	3078736	3086978
150.639288	14080	0	3078736	3086978
150.645701	14080	0	3078736	3086978
150.657544	14080	0	3078736	3086978
150.665188	14082	0	3220604	3226483
150.674493	14083	2	3246406	3226483
150.688046	14084	0	3256238	3260954
150.698598	14084	0	3256238	3260954
150.705501	14084	0	3256238	3260954
150.720614	14087	2	3351893	3332916
150.732194	14088	0	3359359	3363616
150.737864	14088	0	3359359	3363616
150.750337	14088	0	3359359	3363616
150.756006	14088	0	3359359	3363616
150.765242	14088	0	3359359	3363616
150.776967	14088	0	3359359	3363616
150.789144	14088	0	3359359	3363616
150.803702	14088	0	3359359	3363616
150.817228	14088	0	3359359	3363616
150.829218	14088	0	3359359	3363616
150.842611	14088	0	3359359	3363616
150.848568	14088	0	3359359	3363616
150.858418	14089	3	3649510	3363616
150.864758	14089	0	3649510	3655401
150.878902	14091	0	3677783	3683654
150.886693	14091	0	3677783	3683654
150.897361	14091	0	3677783	3683654
150.907394	14093	0	3749842	3758810
150.915261	14094	2	3781459	3758810
150.922169	14095	0	3786179	3794392
150.928848	14095	0	3786179	3794392
150.941845	14095	0	3786179	3794392
150.955610	14095	0	3786179	3794392
150.970102	14095	0	3786179	3794392
150.976783	14095	0	3786179	3794392
150.984364	14095	0	3786179	3794392
150.993220	14097	0	3938333	3943293
151.004171	14098	3	3963383	3943293
151.009634	14099	0	3970017	3977829
151.018621	14099	0	3970017	3977829
151.032769	14099	0	3970017	3977829
151.046237	14101	0	4046947	4054752
151.058185	14103	0	4081794	4086511
151.064575	14103	0	4081794	4086511
151.076664	14103	0	4081794	4086511
151.089325	14103	0	4081794	4086511
151.096791	14103	0	4081794	4086511
151.110939	14103	0	4081794	4086511
151.119288	14103	0	4081794	4086511
151.125284	14103	0	4081794	4086511
151.139399	14103	0	4081794	4086511
151.153189	14103	0	4081794	4086511
151.162033	14103	0	4081794	4086511
151.173521	14103	0	4081794	4086511
151.181045	14104	0	4380386	4386277
151.191203	14106	0	4408659	4414530
151.198976	14106	0	4408659	4414530
151.212168	14106	0	4408659	4414530
151.218484	14108	2	4480718	4480718
151.226827	14108	0	4480718	4489686
151.237915	14110	0	4517055	4525268
151.249197	14110	0	4517055	4525268
151.255329	14110	0	4517055	4525268
151.267190	14110	0	4517055	4525268
151.279138	14110	0	4517055	4525268
151.284766	14110	0	4517055	4525268
151.295019	14111	2	4664113	4525268
151.304385	14112	0	4669209	4674169
151.316516	14114	0	4700893	4708705
151.326823	14114	0	4700893	4708705
151.337476	14115	3	4771937	4708705
151.351800	14117	3	4806064	4785628
151.364731	14118	0	4812670	4817387
151.378427	14118	0	4812670	4817387
151.387434	14118	0	4812670	4817387
151.400116	14118	0	4812670	4817387
151.408856	14118	0	4812670	4817387
151.421036	14118	0	4812670	4817387
151.435652	14118	0	4812670	4817387
151.441728	14118	0	4812670	4817387
151.455074	14118	0	4812670	4817387
151.461431	14118	0	4812670	4817387
151.471299	14118	0	4812670	4817387
151.483665	14118	0	4812670	4817387
151.492402	14119	0	5117882	5122118
151.499856	14120	3	5139477	5122118
151.514805	14121	0	5148820	5155846
151.527994	14122	3	5214555	5155846
151.536081	14123	0	5219612	5224702
151.544911	14125	0	5250613	5256853
151.558416	14125	0	5250613	5256853
151.570715	14125	0	5250613	5256853
151.582356	14125	0	5250613	5256853
151.593627	14125	0	5250613	5256853
151.603897	14127	3	5400219	5400219
151.609425	14127	0	5400219	5406451
151.617669	14129	0	5431190	5437435
151.625275	14129	0	5431190	5437435
151.633469	14129	0	5431190	5437435
151.642438	14131	3	5507236	5507236
151.656542	14133	0	5544997	5550442
151.664466	14133	0	5544997	5550442
151.672286	14133	0	5544997	5550442
151.678145	14133	0	5544997	5550442
151.691488	14133	0	5544997	5550442
151.699888	14133	0	5544997	5550442
151.710870	14133	0	5544997	5550442
151.717296	14133	0	5544997	5550442
151.731235	14133	0	5544997	5550442
151.737976	14133	0	5544997	5550442
151.748903	14133	0	5544997	5550442
151.763796	14133	0	5544997	5550442
151.772250	14133	0	5544997	5550442
151.785468	14135	2	5877905	5860546
151.795416	14136	0	5887248	5894274
151.801399	14136	0	5887248	5894274
151.815185	14136	0	5887248	5894274
151.827107	14138	0	5958040	5963130
151.840965	14140	0	5989041	5995281
151.851534	14140	0	5989041	5995281
151.857425	14140	0	5989041	5995281
151.868024	14140	0	5989041	5995281
151.876175	14140	0	5989041	5995281
151.888439	14140	0	5989041	5995281
151.896345	14142	0	6138647	6144879
151.905910	14144	2	6169618	6169618
151.915310	14144	0	6169618	6175863
151.929077	14144	0	6169618	6175863
151.940640	14146	3	6245664	6245664
151.952168	14147	2	6276427	6253849
151.966541	14148	0	6283425	6288870
151.981599	14148	0	6283425	6288870
151.992127	14148	0	6283425	6288870
152.003369	14148	0	6283425	6288870
152.015675	14148	0	6283425	6288870
152.021063	14148	0	6283425	6288870
152.033751	14148	0	6283425	6288870
152.043394	14148	0	6283425	6288870
152.049900	14148	0	6283425	6288870
152.056128	14148	0	6283425	6288870
152.064503	14148	0	6283425	6288870
152.072720	14148	0	6283425	6288870
152.078142	14148	0	6283425	6288870
152.086296	14149	2	6604235	6288870
152.101160	14151	0	6631674	6639030
152.115684	14151	0	6631674	6639030
152.127700	14153	0	6706220	6709356
152.136241	14154	2	6732812	6709356
152.145864	14155	0	6740239	6748814
152.155930	14155	0	6740239	6748814
152.163324	14155	0	6740239	6748814
152.169307	14155	0	6740239	6748814
152.176548	14155	0	6740239	6748814
152.188034	14155	0	6740239	6748814
152.194301	14155	0	6740239	6748814
152.208316	14157	0	6898643	6903731
152.220740	14159	0	6923515	6929736
152.228701	14159	0	6923515	6929736
152.240704	14161	3	6995714	6995714
152.251601	14162	3	7027462	7004691
152.263309	14163	0	7034064	7039161
152.269985	14163	0	7034064	7039161
152.283775	14163	0	7034064	7039161
152.292729	14163	0	7034064	7039161
152.307696	14163	0	7034064	7039161
152.319794	14163	0	7034064	7039161
152.326886	14163	0	7034064	7039161
152.337184	14163	0	7034064	7039161
152.346579	14163	0	7034064	7039161
152.352687	14163	0	7034064	7039161
152.362778	14163	0	7034064	7039161
152.368646	14163	0	7034064	7039161
152.383272	14163	0	7034064	7039161
152.390744	14163	0	7034064	7039161
152.401828	14163	0	7034064	7039161
152.414899	14164	0	7353295	7360336
152.422077	14166	3	7380734	7380734
152.435113	14166	0	7380734	7388090
152.441562	14166	0	7380734	7388090
152.447996	14166	0	7380734	7388090
152.461939	14168	0	7455280	7458416
152.474538	14170	2	7489299	7489299
152.483972	14170	0	7489299	7497874
152.494237	14170	0	7489299	7497874
152.508921	14170	0	7489299	7497874
152.517869	14170	0	7489299	7497874
152.523540	14170	0	7489299	7497874
152.537725	14170	0	7489299	7497874
152.549599	14170	0	7489299	7497874
152.563403	14172	0	7647703	7652791
152.576678	14174	3	7672575	7672575
152.588573	14174	0	7672575	7678796
152.598383	14174	0	7672575	7678796
152.609839	14175	3	7738917	7678796
152.618580	14176	0	7744774	7753751
152.625334	14176	0	7744774	7753751
152.640102	14178	0	7783124	7788221
152.647666	14178	0	7783124	7788221
152.660693	14178	0	7783124	7788221
152.667815	14178	0	7783124	7788221
152.675317	14178	0	7783124	7788221
152.682285	14178	0	7783124	7788221
152.693174	14178	0	7783124	7788221
152.707078	14178	0	7783124	7788221
152.715577	14178	0	7783124	7788221
152.722952	14178	0	7783124	7788221
152.732586	14178	0	7783124	7788221
152.745358	14178	0	7783124	7788221
152.755995	14178	0	7783124	7788221
152.770767	14178	0	7783124	7788221
152.784380	14178	0	7783124	7788221
152.797504	14178	0	7783124	7788221
152.807688	14178	0	7783124	7788221
152.824881	14178	0	7783124	7788221
152.838118	14180	2	8115877	8101440
152.846759	14181	0	8120921	8127899
152.859015	14181	0	8120921	8127899
152.865578	14181	0	8120921	8127899
152.871060	14181	0	8120921	8127899
152.882741	14183	0	8179978	8184625
152.890787	14183	0	8179978	8184625
152.905528	14185	0	8208391	8213384
152.919991	14185	0	8208391	8213384
152.930978	14185	0	8208391	8213384
152.937522	14185	0	8208391	8213384
152.943852	14185	0	8208391	8213384
152.955733	14185	0	8208391	8213384
152.968099	14185	0	8208391	8213384
152.977496	14185	0	8208391	8213384
152.991574	14187	3	8362904	8362904
152.997127	14187	0	8362904	8368723
153.008189	14189	3	8396155	8396155
153.014045	14189	0	8396155	8400414
153.027801	14189	0	8396155	8400414
153.037136	14189	0	8396155	8400414
153.048866	14191	2	8479717	8479717
153.058724	14191	0	8479717	8486333
153.067982	14193	2	8520835	8520835
153.083065	14193	0	8520835	8528970
153.090713	14193	0	8520835	8528970
153.097943	14193	0	8520835	8528970
153.104802	14193	0	8520835	8528970
153.118747	14193	0	8520835	8528970
153.131308	14193	0	8520835	8528970
153.138763	14193	0	8520835	8528970
153.147310	14193	0	8520835	8528970
153.157364	14193	0	8520835	8528970
153.162548	14193	0	8520835	8528970
153.174232	14193	0	8520835	8528970
153.183195	14193	0	8520835	8528970
153.190033	14193	0	8520835	8528970
153.195511	14193	0	8520835	8528970
153.208829	14193	0	8520835	8528970
153.221880	14194	0	8854816	8859092
153.232670	14196	0	8878573	8885551
153.238317	14196	0	8878573	8885551
153.247243	14196	0	8878573	8885551
153.253641	14196	0	8878573	8885551
153.262031	14198	2	8937630	8937630
153.272256	14199	3	8959432	8942277
153.286131	14200	0	8966043	8971036
153.291493	14200	0	8966043	8971036
153.299665	14200	0	8966043	8971036
153.305909	14200	0	8966043	8971036
153.314857	14200	0	8966043	8971036
153.320181	14200	0	8966043	8971036
153.325644	14200	0	8966043	8971036
153.335967	14200	0	8966043	8971036
153.346451	14202	3	9120556	9120556
153.359222	14202	0	9120556	9126375
153.369755	14204	0	9153807	9158066
153.381980	14204	0	9153807	9158066
153.393011	14204	0	9153807	9158066
153.401364	14206	3	9237369	9237369
153.409956	14206	0	9237369	9243985
153.425081	14208	2	9278487	9278487
153.432788	14208	0	9278487	9286622
153.446986	14208	0	9278487	9286622
153.461572	14208	0	9278487	9286622
153.471739	14208	0	9278487	9286622
153.479921	14208	0	9278487	9286622
153.494916	14208	0	9278487	9286622
153.504895	14208	0	9278487	9286622
153.516981	14208	0	9278487	9286622
153.523550	14208	0	9278487	9286622
153.533919	14208	0	9278487	9286622
153.546458	14208	0	9278487	9286622
153.555652	14208	0	9278487	9286622
153.569104	14208	0	9278487	9286622
153.583969	14208	0	9278487	9286622
153.591200	14208	0	9278487	9286622
153.596872	14208	0	9278487	9286622
153.606731	14209	0	9625518	9632141
153.621252	14210	3	9650782	9632141
153.628322	14211	0	9658171	9664768
153.635493	14211	0	9658171	9664768
153.643468	14211	0	9658171	9664768
153.654191	14211	0	9658171	9664768
153.662715	14211	0	9658171	9664768
153.675219	14213	0	9743327	9750663
153.681678	14213	0	9743327	9750663
153.691529	14215	3	9781061	9781061
153.697757	14215	0	9781061	9786508
153.704513	14215	0	9781061	9786508
153.712524	14215	0	9781061	9786508
153.722205	14215	0	9781061	9786508
153.727667	14215	0	9781061	9786508
153.738237	14215	0	9781061	9786508
153.749096	14215	0	9781061	9786508
153.760837	14215	0	9781061	9786508
153.768410	14217	0	9933713	9940761
153.783370	14219	0	9966284	9971687
153.789681	14219	0	9966284	9971687
153.804293	14219	0	9966284	9971687
153.810860	14219	0	9966284	9971687
153.825390	14221	0	10041538	10048883
153.832954	14223	0	10077197	10082965
153.847175	14223	0	10077197	10082965
153.858725	14223	0	10077197	10082965
153.864530	14223	0	10077197	10082965
153.879093	14223	0	10077197	10082965
153.893327	14223	0	10077197	10082965
153.903296	14223	0	10077197	10082965
153.910385	14223	0	10077197	10082965
153.921055	14223	0	10077197	10082965
153.933914	14223	0	10077197	10082965
153.947086	14223	0	10077197	10082965
153.955480	14223	0	10077197	10082965
153.963156	14223	0	10077197	10082965
153.978148	14223	0	10077197	10082965
153.983700	14223	0	10077197	10082965
153.998233	14224	0	10411228	10417851
154.005396	14225	3	10436492	10417851
154.017519	14226	0	10443881	10450478
154.027211	14226	0	10443881	10450478
154.041186	14226	0	10443881	10450478
154.048710	14228	3	10529037	10529037
154.058057	14228	0	10529037	10536373
154.063479	14228	0	10529037	10536373
154.075827	14230	0	10566771	10572218
154.085169	14230	0	10566771	10572218
154.097691	14230	0	10566771	10572218
154.103724	14230	0	10566771	10572218
154.112313	14230	0	10566771	10572218
154.118451	14230	0	10566771	10572218
154.124105	14230	0	10566771	10572218
154.138625	14232	0	10719423	10726471
154.145977	14233	3	10745451	10726471
154.151460	14234	0	10751994	10757397
154.161106	14234	0	10751994	10757397
154.171830	14234	0	10751994	10757397
154.182160	14235	2	10821443	10757397
154.194578	14236	0	10827248	10834593
154.209373	14238	0	10862907	10868675
154.216570	14238	0	10862907	10868675
154.221837	14238	0	10862907	10868675
154.236326	14238	0	10862907	10868675
154.245019	14238	0	10862907	10868675
154.251434	14238	0	10862907	10868675
154.265280	14238	0	10862907	10868675
154.270700	14238	0	10862907	10868675
154.276855	14238	0	10862907	10868675
154.285949	14238	0	10862907	10868675
154.291764	14238	0	10862907	10868675
154.300867	14238	0	10862907	10868675
154.311486	14238	0	10862907	10868675
154.317806	14238	0	10862907	10868675
154.327152	14238	0	10862907	10868675
154.339231	14238	0	10862907	10868675
154.350052	14238	0	10862907	10868675
154.361039	14239	3	11186635	10868675
154.375845	14240	2	11207496	11191691
154.384749	14241	0	11214439	11219504
154.395474	14241	0	11214439	11219504
154.403252	14241	0	11214439	11219504
154.416730	14243	3	11281730	11281730
154.422510	14243	0	11281730	11287154
154.427900	14243	0	11281730	11287154
154.441078	14245	0	11317112	11325609
154.449747	14245	0	11317112	11325609
154.463138	14245	0	11317112	11325609
154.470040	14245	0	11317112	11325609
154.476467	14245	0	11317112	11325609
154.486501	14245	0	11317112	11325609
154.501116	14245	0	11317112	11325609
154.514272	14245	0	11317112	11325609
154.528558	14246	3	11491293	11325609
154.535686	14247	0	11499851	11507601
154.546089	14247	0	11499851	11507601
154.552584	14249	0	11541508	11546521
154.566769	14249	0	11541508	11546521
154.573007	14249	0	11541508	11546521
154.579501	14249	0	11541508	11546521
154.593603	14251	0	11626086	11632993
154.602694	14252	3	11655627	11632993
154.611489	14253	0	11660618	11666416
154.626047	14253	0	11660618	11666416
154.636615	14253	0	11660618	11666416
154.651620	14253	0	11660618	11666416
154.659188	14253	0	11660618	11666416
154.670574	14253	0	11660618	11666416
154.676955	14253	0	11660618	11666416
154.683500	14253	0	11660618	11666416
154.693783	14253	0	11660618	11666416
154.702790	14253	0	11660618	11666416
154.715812	14253	0	11660618	11666416
154.723683	14253	0	11660618	11666416
154.736604	14253	0	11660618	11666416
154.750335	14253	0	11660618	11666416
154.762619	14254	0	11995040	12000096
154.776777	14256	0	12022844	12027909
154.788740	14256	0	12022844	12027909
154.794893	14256	0	12022844	12027909
154.807965	14258	0	12090135	12095559
154.816391	14260	3	12125517	12125517
154.824555	14260	0	12125517	12134014
154.838158	14260	0	12125517	12134014
154.849872	14260	0	12125517	12134014
154.862318	14260	0	12125517	12134014
154.876453	14260	0	12125517	12134014
154.882362	14260	0	12125517	12134014
154.893706	14260	0	12125517	12134014
154.906256	14262	0	12308256	12316006
154.913989	14262	0	12308256	12316006
154.926902	14264	0	12349913	12354926
154.938919	14264	0	12349913	12354926
154.946832	14264	0	12349913	12354926
154.959601	14266	2	12434491	12434491
154.968304	14266	0	12434491	12441398
154.979074	14268	0	12469023	12474821
154.990788	14268	0	12469023	12474821
154.997358	14268	0	12469023	12474821
155.008818	14268	0	12469023	12474821
155.022358	14268	0	12469023	12474821
155.037084	14268	0	12469023	12474821
155.051209	14268	0	12469023	12474821
155.063123	14268	0	12469023	12474821
155.069651	14268	0	12469023	12474821
155.076697	14268	0	12469023	12474821
155.091115	14268	0	12469023	12474821
155.104469	14268	0	12469023	12474821
155.119074	14268	0	12469023	12474821
155.133951	14268	0	12469023	12474821
155.145108	14268	0	12469023	12474821
155.159455	14268	0	12469023	12474821
155.170237	14268	0	12469023	12474821
155.178493	14268	0	12469023	12474821
155.191170	14268	0	12469023	12474821
155.197570	14268	0	12469023	12474821
155.205829	14268	0	12469023	12474821
155.216420	14268	0	12469023	12474821
155.222716	14268	0	12469023	12474821
155.237056	14268	0	12469023	12474821
155.242545	14268	0	12469023	12474821
155.256275	14268	0	12469023	12474821
155.262192	14268	0	12469023	12474821
155.269361	14268	0	12469023	12474821
155.276097	14268	0	12469023	12474821
155.283294	14268	0	12469023	12474821
155.292732	14268	0	12469023	12474821
155.305714	14268	0	12469023	12474821
155.316956	14268	0	12469023	12474821
155.331341	14268	0	12469023	12474821
155.343028	14268	0	12469023	12474821
155.352405	14268	0	12469023	12474821
155.361306	14268	0	12469023	12474821
155.368549	14268	0	12469023	12474821
155.378757	14268	0	12469023	12474821
155.393926	14268	0	12469023	12474821
155.404909	14268	0	12469023	12474821
155.419533	14268	0	12469023	12474821
155.426453	14268	0	12469023	12474821
155.432087	14268	0	12469023	12474821
155.445876	14268	0	12469023	12474821
155.451693	14268	0	12469023	12474821
155.460084	14268	0	12469023	12474821
155.468966	14268	0	12469023	12474821
155.480965	14268	0	12469023	12474821
155.494895	14268	0	12469023	12474821
155.501779	14268	0	12469023	12474821
155.510280	14268	0	12469023	12474821
155.520858	14268	0	12469023	12474821
155.534679	14268	0	12469023	12474821
155.546692	14268	0	12469023	12474821
155.557878	14268	0	12469023	12474821
155.564359	14268	0	12469023	12474821
155.570081	14268	0	12469023	12474821
155.579372	14268	0	12469023	12474821
155.590928	14268	0	12469023	12474821
155.602708	14268	0	12469023	12474821
155.616471	14268	0	12469023	12474821
155.626704	14268	0	12469023	12474821
155.639848	14268	0	12469023	12474821
155.652070	14268	0	12469023	12474821
155.665530	14268	0	12469023	12474821
155.671877	14268	0	12469023	12474821
155.679097	14268	0	12469023	12474821
155.685033	14268	0	12469023	12474821
155.696674	14268	0	12469023	12474821
155.704747	14268	0	12469023	12474821
155.717535	14268	0	12469023	12474821
155.729545	14268	0	12469023	12474821
155.736148	14268	0	12469023	12474821
155.743435	14268	0	12469023	12474821
155.757638	14268	0	12469023	12474821
155.771571	14268	0	12469023	12474821
155.785047	14268	0	12469023	12474821
155.792706	14268	0	12469023	12474821
155.805583	14268	0	12469023	12474821
155.814722	14268	0	12469023	12474821
155.824633	14268	0	12469023	12474821
155.830910	14268	0	12469023	12474821
155.846021	14268	0	12469023	12474821
155.852790	14268	0	12469023	12474821
155.862716	14268	0	12469023	12474821
155.876587	14268	0	12469023	12474821
155.891268	14268	0	12469023	12474821
155.903513	14268	0	12469023	12474821
155.909276	14268	0	12469023	12474821
155.919587	14268	0	12469023	12474821
155.934735	14268	0	12469023	12474821
155.944904	14268	0	12469023	12474821
155.955129	14268	0	12469023	12474821
155.962079	14268	0	12469023	12474821
155.977025	14268	0	12469023	12474821
155.988888	14268	0	12469023	12474821
155.994628	14268	0	12469023	12474821
156.001277	14268	0	12469023	12474821
156.010491	14268	0	12469023	12474821
156.018202	14268	0	12469023	12474821
156.032000	14268	0	12469023	12474821
156.039484	14268	0	12469023	12474821
156.045547	14268	0	12469023	12474821
156.059201	14268	0	12469023	12474821
156.070389	14268	0	12469023	12474821
156.079486	14268	0	12469023	12474821
156.094311	14268	0	12469023	12474821
156.104527	14268	0	12469023	12474821
156.119199	14268	0	12469023	12474821
156.127811	14268	0	12469023	12474821
156.142695	14268	0	12469023	12474821
156.154852	14268	0	12469023	12474821
156.160434	14268	0	12469023	12474821
156.171233	14268	0	12469023	12474821
156.183431	14268	0	12469023	12474821
156.198492	14268	0	12469023	12474821
156.209443	14268	0	12469023	12474821
156.217772	14268	0	12469023	12474821
156.230373	14268	0	12469023	12474821
156.244087	14268	0	12469023	12474821
156.257356	14268	0	12469023	12474821
156.271386	14268	0	12469023	12474821
156.276664	14268	0	12469023	12474821
156.282752	14268	0	12469023	12474821
156.296987	14268	0	12469023	12474821
156.304897	14268	0	12469023	12474821
156.313853	14268	0	12469023	12474821
156.328891	14268	0	12469023	12474821
156.334760	14268	0	12469023	12474821
156.349641	14268	0	12469023	12474821
156.355745	14268	0	12469023	12474821
156.361206	14268	0	12469023	12474821
156.372226	14268	0	12469023	12474821
156.377864	14268	0	12469023	12474821
156.387076	14268	0	12469023	12474821
156.396292	14268	0	12469023	12474821
156.410198	14268	0	12469023	12474821
156.417188	14268	0	12469023	12474821
156.430306	14268	0	12469023	12474821
156.436061	14268	0	12469023	12474821
156.447453	14268	0	12469023	12474821
156.459313	14268	0	12469023	12474821
156.468760	14268	0	12469023	12474821
156.480563	14268	0	12469023	12474821
156.487658	14268	0	12469023	12474821
156.494573	14268	0	12469023	12474821
156.508668	14268	0	12469023	12474821
156.520788	14268	0	12469023	12474821
156.529098	14268	0	12469023	12474821
156.541518	14268	0	12469023	12474821
156.552361	14268	0	12469023	12474821
156.564246	14268	0	12469023	12474821
156.576126	14268	0	12469023	12474821
156.582909	14268	0	12469023	12474821
156.595123	14268	0	12469023	12474821
156.606571	14268	0	12469023	12474821
156.613385	14268	0	12469023	12474821
156.619259	14268	0	12469023	12474821
156.628756	14268	0	12469023	12474821
156.636219	14268	0	12469023	12474821
156.649064	14268	0	12469023	12474821
156.657756	14268	0	12469023	12474821
156.667476	14268	0	12469023	12474821
156.677361	14268	0	12469023	12474821
156.682695	14268	0	12469023	12474821
156.693275	14268	0	12469023	12474821
156.706571	14268	0	12469023	12474821
156.716602	14268	0	12469023	12474821
156.724315	14268	0	12469023	12474821
156.737948	14268	0	12469023	12474821
156.750405	14268	0	12469023	12474821
156.762423	14268	0	12469023	12474821
156.767930	14268	0	12469023	12474821
156.777109	14268	0	12469023	12474821
156.790513	14268	0	12469023	12474821
156.800512	14268	0	12469023	12474821
156.814383	14268	0	12469023	12474821
156.823957	14268	0	12469023	12474821
156.836254	14268	0	12469023	12474821
156.842477	14268	0	12469023	12474821
156.855343	14268	0	12469023	12474821
156.867370	14268	0	12469023	12474821
156.872715	14268	0	12469023	12474821
156.879394	14268	0	12469023	12474821
156.888156	14268	0	12469023	12474821
156.898557	14268	0	12469023	12474821
156.907780	14268	0	12469023	12474821
156.922298	14268	0	12469023	12474821
156.930145	14268	0	12469023	12474821
156.941428	14268	0	12469023	12474821
156.951471	14268	0	12469023	12474821
156.961030	14268	0	12469023	12474821
156.971199	14268	0	12469023	12474821
156.976870	14268	0	12469023	12474821
156.982769	14268	0	12469023	12474821
156.988647	14268	0	12469023	12474821
157.003477	14268	0	12469023	12474821
157.009174	14268	0	12469023	12474821
157.024294	14268	0	12469023	12474821
157.038303	14268	0	12469023	12474821
157.050421	14268	0	12469023	12474821
157.063671	14268	0	12469023	12474821
157.076562	14268	0	12469023	12474821
157.088587	14268	0	12469023	12474821
157.100008	14268	0	12469023	12474821
157.108396	14268	0	12469023	12474821
157.114505	14268	0	12469023	12474821
157.128162	14268	0	12469023	12474821
157.143078	14268	0	12469023	12474821
157.153646	14268	0	12469023	12474821
157.164461	14268	0	12469023	12474821
157.176976	14268	0	12469023	12474821
157.192176	14268	0	12469023	12474821
157.203684	14268	0	12469023	12474821
157.215527	14268	0	12469023	12474821
157.228417	14268	0	12469023	12474821
157.240727	14268	0	12469023	12474821
157.251737	14268	0	12469023	12474821
157.261664	14268	0	12469023	12474821
157.276888	14268	0	12469023	12474821
157.290420	14268	0	12469023	12474821
157.304281	14268	0	12469023	12474821
157.311982	14268	0	12469023	12474821
157.321012	14268	0	12469023	12474821
157.332788	14268	0	12469023	12474821
157.346555	14268	0	12469023	12474821
157.360389	14268	0	12469023	12474821
157.370201	14268	0	12469023	12474821
157.385209	14268	0	12469023	12474821
157.393275	14268	0	12469023	12474821
157.401002	14268	0	12469023	12474821
157.412126	14268	0	12469023	12474821
157.424811	14268	0	12469023	12474821
157.431912	14268	0	12469023	12474821
157.439242	14268	0	12469023	12474821
157.449194	14268	0	12469023	12474821
157.459619	14268	0	12469023	12474821
157.466593	14268	0	12469023	12474821
157.478639	14268	0	12469023	12474821
157.487278	14268	0	12469023	12474821
157.493564	14268	0	12469023	12474821
157.505912	14268	0	12469023	12474821
157.512215	14268	0	12469023	12474821
157.517424	14268	0	12469023	12474821
157.526802	14268	0	12469023	12474821
157.533911	14268	0	12469023	12474821
157.545751	14268	0	12469023	12474821
157.556995	14268	0	12469023	12474821
157.566514	14268	0	12469023	12474821
157.571974	14268	0	12469023	12474821
157.578982	14268	0	12469023	12474821
157.592082	14268	0	12469023	12474821
157.604482	14268	0	12469023	12474821
157.614396	14268	0	12469023	12474821
157.621049	14268	0	12469023	12474821
157.630088	14268	0	12469023	12474821
157.642967	14268	0	12469023	12474821
157.651582	14268	0	12469023	12474821
157.661497	14268	0	12469023	12474821
157.676240	14268	0	12469023	12474821
157.682697	14268	0	12469023	12474821
157.693406	14268	0	12469023	12474821
157.701589	14268	0	12469023	12474821
157.716559	14268	0	12469023	12474821
157.723570	14268	0	12469023	12474821
157.734260	14268	0	12469023	12474821
157.748432	14268	0	12469023	12474821
157.754535	14268	0	12469023	12474821
157.768622	14268	0	12469023	12474821
157.783176	14268	0	12469023	12474821
157.788476	14268	0	12469023	12474821
157.798364	14268	0	12469023	12474821
157.806802	14268	0	12469023	12474821
157.812428	14268	0	12469023	12474821
157.824607	14268	0	12469023	12474821
157.839743	14268	0	12469023	12474821
157.846483	14268	0	12469023	12474821
157.853297	14268	0	12469023	12474821
157.866324	14268	0	12469023	12474821
157.871709	14268	0	12469023	12474821
157.883729	14268	0	12469023	12474821
157.889440	14268	0	12469023	12474821
157.901521	14268	0	12469023	12474821
157.910307	14268	0	12469023	12474821
157.924231	14268	0	12469023	12474821
157.934705	14268	0	12469023	12474821
157.946600	14268	0	12469023	12474821
157.958238	14268	0	12469023	12474821
157.963557	14268	0	12469023	12474821
157.971103	14268	0	12469023	12474821
157.984142	14268	0	12469023	12474821
157.989981	14268	0	12469023	12474821
157.999355	14268	0	12469023	12474821
158.007417	14268	0	12469023	12474821
158.019748	14268	0	12469023	12474821
158.031422	14268	0	12469023	12474821
158.040122	14268	0	12469023	12474821
158.052336	14268	0	12469023	12474821
158.066851	14268	0	12469023	12474821
158.073955	14268	0	12469023	12474821
158.080489	14268	0	12469023	12474821
158.091829	14268	0	12469023	12474821
158.099852	14268	0	12469023	12474821
158.110062	14268	0	12469023	12474821
158.122130	14268	0	12469023	12474821
158.137177	14268	0	12469023	12474821
158.148309	14268	0	12469023	12474821
158.163441	14268	0	12469023	12474821
158.171938	14268	0	12469023	12474821
158.185963	14268	0	12469023	12474821
158.196839	14268	0	12469023	12474821
158.209438	14268	0	12469023	12474821
158.217505	14268	0	12469023	12474821
158.229506	14268	0	12469023	12474821
158.240364	14268	0	12469023	12474821
158.246894	14268	0	12469023	12474821
158.261004	14268	0	12469023	12474821
158.271212	14268	0	12469023	12474821
158.283094	14268	0	12469023	12474821
158.289233	14268	0	12469023	12474821
158.302375	14268	0	12469023	12474821
158.308753	14268	0	12469023	12474821
158.320070	14268	0	12469023	12474821
158.332800	14268	0	12469023	12474821
158.338197	14268	0	12469023	12474821
158.349327	14268	0	12469023	12474821
158.356947	14268	0	12469023	12474821
158.367563	14268	0	12469023	12474821
158.375436	14268	0	12469023	12474821
158.380791	14268	0	12469023	12474821
158.393487	14268	0	12469023	12474821
158.405732	14268	0	12469023	12474821
158.417947	14268	0	12469023	12474821
158.427618	14268	0	12469023	12474821
158.441598	14268	0	12469023	12474821
158.454883	14268	0	12469023	12474821
158.463810	14268	0	12469023	12474821
158.478920	14268	0	12469023	12474821
158.494734	14268	0	12469023	12474821
158.507379	14268	0	12469023	12474821
158.518499	14268	0	12469023	12474821
158.529380	14268	0	12469023	12474821
158.539949	14268	0	12469023	12474821
158.553366	14268	0	12469023	12474821
158.561889	14268	0	12469023	12474821
158.567518	14268	0	12469023	12474821
158.577879	14268	0	12469023	12474821
158.588933	14268	0	12469023	12474821
158.594802	14268	0	12469023	12474821
158.602404	14268	0	12469023	12474821
158.614728	14268	0	12469023	12474821
158.621869	14268	0	12469023	12474821
158.629407	14268	0	12469023	12474821
158.639568	14268	0	12469023	12474821
158.650318	14268	0	12469023	12474821
158.660025	14268	0	12469023	12474821
158.673850	14268	0	12469023	12474821
158.687137	14268	0	12469023	12474821
158.694352	14268	0	12469023	12474821
158.703159	14268	0	12469023	12474821
158.717666	14268	0	12469023	12474821
158.726327	14268	0	12469023	12474821
158.734304	14268	0	12469023	12474821
158.742082	14268	0	12469023	12474821
158.755609	14268	0	12469023	12474821
158.770762	14268	0	12469023	12474821
158.782442	14268	0	12469023	12474821
158.788659	14268	0	12469023	12474821
158.800533	14268	0	12469023	12474821
158.809044	14268	0	12469023	12474821
158.822306	14268	0	12469023	12474821
158.827863	14268	0	12469023	12474821
158.878860	14268	0	12469023	12474821
158.885040	14268	0	12469023	12474821
158.894527	14268	0	12469023	12474821
158.904196	14268	0	12469023	12474821
158.914738	14268	0	12469023	12474821
158.920984	14268	0	12469023	12474821
158.930166	14268	0	12469023	12474821
158.944268	14268	0	12469023	12474821
158.949682	14268	0	12469023	12474821
158.963313	14268	0	12469023	12474821
158.971051	14268	0	12469023	12474821
158.977602	14268	0	12469023	12474821
158.987009	14268	0	12469023	12474821
158.992532	14268	0	12469023	12474821
158.998130	14268	0	12469023	12474821
159.008861	14268	0	12469023	12474821
159.022187	14268	0	12469023	12474821
159.029492	14268	0	12469023	12474821
159.035393	14268	0	12469023	12474821
159.042717	14268	0	12469023	12474821
159.049377	14268	0	12469023	12474821
159.056369	14268	0	12469023	12474821
159.065485	14268	0	12469023	12474821
159.071524	14268	0	12469023	12474821
159.077340	14268	0	12469023	12474821
159.086874	14268	0	12469023	12474821
159.100329	14268	0	12469023	12474821
159.108619	14268	0	12469023	12474821
159.116196	14268	0	12469023	12474821
159.125509	14268	0	12469023	12474821
159.132072	14268	0	12469023	12474821
159.147144	14268	0	12469023	12474821
159.159273	14268	0	12469023	12474821
159.173421	14268	0	12469023	12474821
159.181160	14268	0	12469023	12474821
159.188112	14268	0	12469023	12474821
159.195894	14268	0	12469023	12474821
159.202180	14268	0	12469023	12474821
159.215245	14268	0	12469023	12474821
159.220602	14268	0	12469023	12474821
159.230405	14268	0	12469023	12474821
159.240597	14268	0	12469023	12474821
159.248062	14268	0	12469023	12474821
159.257569	14268	0	12469023	12474821
159.271176	14268	0	12469023	12474821
159.286082	14268	0	12469023	12474821
159.297067	14268	0	12469023	12474821
159.308523	14268	0	12469023	12474821
159.318176	14268	0	12469023	12474821
159.327459	14268	0	12469023	12474821
159.340267	14268	0	12469023	12474821
159.346597	14268	0	12469023	12474821
159.355724	14268	0	12469023	12474821
159.370848	14268	0	12469023	12474821
159.379556	14268	0	12469023	12474821
159.386436	14268	0	12469023	12474821
159.396401	14268	0	12469023	12474821
159.403095	14268	0	12469023	12474821
159.412543	14268	0	12469023	12474821
159.426054	14268	0	12469023	12474821
159.436341	14268	0	12469023	12474821
159.441771	14268	0	12469023	12474821
159.451689	14268	0	12469023	12474821
159.463121	14268	0	12469023	12474821
159.475133	14268	0	12469023	12474821
159.483890	14268	0	12469023	12474821
159.492737	14268	0	12469023	12474821
159.499844	14268	0	12469023	12474821
159.511322	14268	0	12469023	12474821
159.518305	14268	0	12469023	12474821
159.525033	14268	0	12469023	12474821
159.531083	14268	0	12469023	12474821
159.545115	14268	0	12469023	12474821
159.555750	14268	0	12469023	12474821
159.568708	14268	0	12469023	12474821
159.581181	14268	0	12469023	12474821
159.591962	14268	0	12469023	12474821
159.606694	14268	0	12469023	12474821
159.618122	14268	0	12469023	12474821
159.626323	14268	0	12469023	12474821
159.640523	14268	0	12469023	12474821
159.654815	14268	0	12469023	12474821
159.664507	14268	0	12469023	12474821
159.675381	14268	0	12469023	12474821
159.681522	14268	0	12469023	12474821
159.694463	14268	0	12469023	12474821
159.708270	14268	0	12469023	12474821
159.716776	14268	0	12469023	12474821
159.723541	14268	0	12469023	12474821
159.731762	14268	0	12469023	12474821
159.744297	14268	0	12469023	12474821
159.757914	14268	0	12469023	12474821
159.764169	14268	0	12469023	12474821
159.770923	14268	0	12469023	12474821
159.785864	14268	0	12469023	12474821
159.800175	14268	0	12469023	12474821
159.809154	14268	0	12469023	12474821
159.814864	14268	0	12469023	12474821
159.821049	14268	0	12469023	12474821
159.832376	14268	0	12469023	12474821
159.845369	14268	0	12469023	12474821
159.852051	14268	0	12469023	12474821
159.859176	14268	0	12469023	12474821
159.864415	14268	0	12469023	12474821
159.873506	14268	0	12469023	12474821
159.881677	14268	0	12469023	12474821
159.895293	14268	0	12469023	12474821
159.905611	14268	0	12469023	12474821
159.912757	14268	0	12469023	12474821
159.926374	14268	0	12469023	12474821
159.938334	14268	0	12469023	12474821
159.949412	14268	0	12469023	12474821
159.956062	14268	0	12469023	12474821
159.966919	14268	0	12469023	12474821
159.976333	14268	0	12469023	12474821
159.986426	14268	0	12469023	12474821
159.992197	14268	0	12469023	12474821
160.004913	14268	0	12469023	12474821
160.010773	14268	0	12469023	12474821
160.022765	14268	0	12469023	12474821
160.034210	14268	0	12469023	12474821
160.048648	14268	0	12469023	12474821
160.060752	14268	0	12469023	12474821
160.066121	14268	0	12469023	12474821
160.071432	14268	0	12469023	12474821
160.083680	14268	0	12469023	12474821
160.089910	14268	0	12469023	12474821
160.099781	14268	0	12469023	12474821
160.114273	14268	0	12469023	12474821
160.120510	14268	0	12469023	12474821
160.130734	14268	0	12469023	12474821
160.137606	14268	0	12469023	12474821
160.152374	14268	0	12469023	12474821
160.158861	14268	0	12469023	12474821
160.168320	14268	0	12469023	12474821
160.174760	14268	0	12469023	12474821
160.183798	14268	0	12469023	12474821
160.196737	14268	0	12469023	12474821
160.206193	14268	0	12469023	12474821
160.215192	14268	0	12469023	12474821
160.228316	14268	0	12469023	12474821
160.236092	14268	0	12469023	12474821
160.250122	14268	0	12469023	12474821
160.255924	14268	0	12469023	12474821
160.263135	14268	0	12469023	12474821
160.270679	14268	0	12469023	12474821
160.282167	14268	0	12469023	12474821
160.289294	14268	0	12469023	12474821
160.296355	14268	0	12469023	12474821
160.305846	14268	0	12469023	12474821
160.316599	14268	0	12469023	12474821
160.328645	14268	0	12469023	12474821
160.338843	14268	0	12469023	12474821
160.346498	14268	0	12469023	12474821
160.358137	14268	0	12469023	12474821
160.370072	14268	0	12469023	12474821
160.385182	14268	0	12469023	12474821
160.398402	14268	0	12469023	12474821
160.406929	14268	0	12469023	12474821
160.418727	14268	0	12469023	12474821
160.431270	14268	0	12469023	12474821
160.441827	14268	0	12469023	12474821
160.453706	14268	0	12469023	12474821
160.460951	14268	0	12469023	12474821
160.472949	14268	0	12469023	12474821
160.487482	14268	0	12469023	12474821
160.499476	14268	0	12469023	12474821
160.506375	14268	0	12469023	12474821
160.519604	14268	0	12469023	12474821
160.528395	14268	0	12469023	12474821
160.543326	14268	0	12469023	12474821
160.555607	14268	0	12469023	12474821
160.565643	14268	0	12469023	12474821
160.571467	14268	0	12469023	12474821
160.576911	14268	0	12469023	12474821
160.587029	14268	0	12469023	12474821
160.601081	14268	0	12469023	12474821
160.614868	14268	0	12469023	12474821
160.623519	14268	0	12469023	12474821
160.637730	14268	0	12469023	12474821
160.648798	14268	0	12469023	12474821
160.657298	14268	0	12469023	12474821
160.672138	14268	0	12469023	12474821
160.686819	14268	0	12469023	12474821
160.697096	14268	0	12469023	12474821
160.712205	14268	0	12469023	12474821
160.722114	14268	0	12469023	12474821
160.731057	14268	0	12469023	12474821
160.743575	14268	0	12469023	12474821
160.754803	14268	0	12469023	12474821
160.768164	14268	0	12469023	12474821
160.782434	14268	0	12469023	12474821
160.789295	14268	0	12469023	12474821
160.803585	14268	0	12469023	12474821
160.808830	14268	0	12469023	12474821
160.821820	14268	0	12469023	12474821
160.830909	14268	0	12469023	12474821
160.840138	14268	0	12469023	12474821
160.847552	14268	0	12469023	12474821
160.855982	14268	0	12469023	12474821
160.868055	14268	0	12469023	12474821
160.881586	14268	0	12469023	12474821
160.895054	14268	0	12469023	12474821
160.901034	14268	0	12469023	12474821
160.906736	14268	0	12469023	12474821
160.921233	14268	0	12469023	12474821
160.935594	14268	0	12469023	12474821
160.950368	14268	0	12469023	12474821
160.956020	14268	0	12469023	12474821
160.969717	14268	0	12469023	12474821
160.981747	14268	0	12469023	12474821
160.988422	14268	0	12469023	12474821
161.001849	14268	0	12469023	12474821
161.007351	14268	0	12469023	12474821
161.015808	14268	0	12469023	12474821
161.028112	14268	0	12469023	12474821
161.038920	14268	0	12469023	12474821
161.046592	14268	0	12469023	12474821
161.055365	14268	0	12469023	12474821
161.070299	14268	0	12469023	12474821
161.080767	14268	0	12469023	12474821
161.094298	14268	0	12469023	12474821
161.107106	14268	0	12469023	12474821
161.117070	14268	0	12469023	12474821
161.130829	14268	0	12469023	12474821
161.138738	14268	0	12469023	12474821
161.150785	14268	0	12469023	12474821
161.158735	14268	0	12469023	12474821
161.169042	14268	0	12469023	12474821
161.177447	14268	0	12469023	12474821
161.191934	14268	0	12469023	12474821
161.203397	14268	0	12469023	12474821
161.215675	14268	0	12469023	12474821
161.229857	14268	0	12469023	12474821
161.235372	14268	0	12469023	12474821
161.243729	14268	0	12469023	12474821
161.250092	14268	0	12469023	12474821
161.258671	14268	0	12469023	12474821
161.273180	14268	0	12469023	12474821
161.283275	14268	0	12469023	12474821
161.297503	14268	0	12469023	12474821
161.304668	14268	0	12469023	12474821
161.310838	14268	0	12469023	12474821
161.324081	14268	0	12469023	12474821
161.333130	14268	0	12469023	12474821
161.342209	14268	0	12469023	12474821
161.356755	14268	0	12469023	12474821
161.365998	14268	0	12469023	12474821
161.376705	14268	0	12469023	12474821
161.387119	14269	0	903872	909376
161.400517	14270	2	924837	909376
161.412969	14271	0	931489	935848
161.424681	14271	0	931489	935848
161.436123	14271	0	931489	935848
161.449380	14272	3	997378	935848
161.462706	14273	0	1003205	1009895
161.471568	14273	0	1003205	1009895
161.478488	14275	3	1039984	1039984
161.490135	14275	0	1039984	1047462
161.497562	14275	0	1039984	1047462
161.507446	14275	0	1039984	1047462
161.513405	14275	0	1039984	1047462
161.525398	14275	0	1039984	1047462
161.537428	14275	0	1039984	1047462
161.543987	14275	0	1039984	1047462
161.555741	14275	0	1039984	1047462
161.565755	14277	4	1204517	1204517
161.576422	14277	0	1204517	1209645
161.583299	14279	2	1237193	1237193
161.592610	14279	0	1237193	1246561
161.606814	14279	0	1237193	1246561
161.617109	14279	0	1237193	1246561
161.632002	14281	0	1325345	1331233
161.641111	14282	3	1355078	1331233
161.653135	14283	0	1361352	1367548
161.666479	14283	0	1361352	1367548
161.679970	14283	0	1361352	1367548
161.693450	14283	0	1361352	1367548
161.702950	14283	0	1361352	1367548
161.709001	14283	0	1361352	1367548
161.717101	14283	0	1361352	1367548
161.730111	14283	0	1361352	1367548
161.744542	14283	0	1361352	1367548
161.756190	14283	0	1361352	1367548
161.763316	14283	0	1361352	1367548
161.772100	14283	0	1361352	1367548
161.778450	14283	0	1361352	1367548
161.786950	14283	0	1361352	1367548
161.795665	14283	0	1361352	1367548
161.809987	14283	0	1361352	1367548
161.824521	14283	0	1361352	1367548
161.829716	14283	0	1361352	1367548
161.841442	14283	0	1361352	1367548
161.854746	14284	0	1709440	1714944
161.862226	14284	0	1709440	1714944
161.868934	14285	3	1730405	1714944
161.883968	14286	0	1737057	1741416
161.892335	14286	0	1737057	1741416
161.899802	14286	0	1737057	1741416
161.909116	14286	0	1737057	1741416
161.922038	14286	0	1737057	1741416
161.936970	14288	0	1808773	1815463
161.943562	14288	0	1808773	1815463
161.954309	14289	3	1839678	1815463
161.964364	14290	0	1845552	1853030
161.975784	14290	0	1845552	1853030
161.989909	14290	0	1845552	1853030
161.997134	14290	0	1845552	1853030
162.002438	14290	0	1845552	1853030
162.011077	14290	0	1845552	1853030
162.022297	14290	0	1845552	1853030
162.029184	14290	0	1845552	1853030
162.042291	14290	0	1845552	1853030
162.049231	14290	0	1845552	1853030
162.060728	14290	0	1845552	1853030
162.075381	14290	0	1845552	1853030
162.089128	14292	0	2010085	2015213
162.095074	14292	0	2010085	2015213
162.102533	14292	0	2010085	2015213
162.109083	14293	3	2037619	2015213
162.120123	14294	0	2042761	2052129
162.132630	14294	0	2042761	2052129
162.143069	14294	0	2042761	2052129
162.153543	14294	0	2042761	2052129
162.165821	14294	0	2042761	2052129
162.176644	14295	2	2123809	2052129
162.191609	14296	0	2130913	2136801
162.202990	14297	3	2160646	2136801
162.215309	14298	0	2166920	2173116
162.222334	14298	0	2166920	2173116
162.231278	14298	0	2166920	2173116
162.244226	14298	0	2166920	2173116
162.258737	14298	0	2166920	2173116
162.272628	14298	0	2166920	2173116
162.286851	14298	0	2166920	2173116
162.295427	14298	0	2166920	2173116
162.304250	14298	0	2166920	2173116
162.310367	14298	0	2166920	2173116
162.320728	14298	0	2166920	2173116
162.329858	14298	0	2166920	2173116
162.341450	14298	0	2166920	2173116
162.349503	14298	0	2166920	2173116
162.364378	14298	0	2166920	2173116
162.377538	14298	0	2166920	2173116
162.388944	14298	0	2166920	2173116
162.396504	14298	0	2166920	2173116
162.406290	14298	0	2166920	2173116
162.419370	14298	0	2166920	2173116
162.430952	14298	0	2166920	2173116
162.438626	14298	0	2166920	2173116
162.449095	14298	0	2166920	2173116
162.463739	14299	2	2520757	2173116
162.476779	14299	0	2520757	2528637
162.484737	14301	3	2551368	2551368
162.490479	14301	0	2551368	2557589
162.498753	14301	0	2551368	2557589
162.505481	14301	0	2551368	2557589
162.519638	14301	0	2551368	2557589
162.528260	14301	0	2551368	2557589
162.534230	14302	2	2623437	2557589
162.543418	14303	0	2629651	2637091
162.557958	14305	3	2664244	2664244
162.571236	14305	0	2664244	2673169
162.583197	14305	0	2664244	2673169
162.593210	14305	0	2664244	2673169
162.603986	14305	0	2664244	2673169
162.614747	14305	0	2664244	2673169
162.628072	14305	0	2664244	2673169
162.640255	14306	3	2834004	2673169
162.647180	14307	0	2839911	2846171
162.658218	14309	2	2879043	2879043
162.665763	14309	0	2879043	2886157
162.673407	14309	0	2879043	2886157
162.684402	14309	0	2879043	2886157
162.697259	14311	2	2959580	2959580
162.706976	14311	0	2959580	2965861
162.722166	14313	0	2992246	2999738
162.736043	14313	0	2992246	2999738
162.742281	14313	0	2992246	2999738
162.755308	14313	0	2992246	2999738
162.770377	14313	0	2992246	2999738
162.783458	14313	0	2992246	2999738
162.796841	14313	0	2992246	2999738
162.809507	14313	0	2992246	2999738
162.818727	14313	0	2992246	2999738
162.825662	14313	0	2992246	2999738
162.831568	14313	0	2992246	2999738
162.840487	14313	0	2992246	2999738
162.850642	14313	0	2992246	2999738
162.865151	14313	0	2992246	2999738
162.873785	14313	0	2992246	2999738
162.881058	14314	2	3349253	2999738
162.895213	14315	2	3375175	3357133
162.904035	14316	0	3379864	3386085
162.913032	14316	0	3379864	3386085
162.921698	14316	0	3379864	3386085
162.936376	14318	2	3458147	3458147
162.948794	14318	0	3458147	3465587
162.954727	14320	2	3492740	3492740
162.967188	14320	0	3492740	3501665
162.976577	14320	0	3492740	3501665
162.988267	14320	0	3492740	3501665
162.997123	14320	0	3492740	3501665
163.010696	14320	0	3492740	3501665
163.022582	14320	0	3492740	3501665
163.029396	14321	2	3662500	3501665
163.040400	14322	0	3668407	3674667
163.048917	14324	2	3707539	3707539
163.054130	14324	0	3707539	3714653
163.065816	14324	0	3707539	3714653
163.073346	14324	0	3707539	3714653
163.079306	14324	0	3707539	3714653
163.089013	14326	0	3788076	3794357
163.101307	14328	0	3820742	3828234
163.106564	14328	0	3820742	3828234
163.116678	14328	0	3820742	3828234
163.127219	14328	0	3820742	3828234
163.134961	14328	0	3820742	3828234
163.147589	14328	0	3820742	3828234
163.153759	14328	0	3820742	3828234
163.162972	14328	0	3820742	3828234
163.175545	14328	0	3820742	3828234
163.189972	14328	0	3820742	3828234
163.204542	14328	0	3820742	3828234
163.213254	14328	0	3820742	3828234
163.226362	14328	0	3820742	3828234
163.235149	14328	0	3820742	3828234
163.247853	14328	0	3820742	3828234
163.259581	14329	0	4170680	4176515
163.268942	14331	3	4201505	4201505
163.282325	14331	0	4201505	4205413
163.293978	14331	0	4201505	4205413
163.299893	14331	0	4201505	4205413
163.313135	14333	0	4276580	4282069
163.326784	14335	2	4315172	4315172
163.337414	14335	0	4315172	4320592
163.344149	14335	0	4315172	4320592
163.353109	14335	0	4315172	4320592
163.366419	14335	0	4315172	4320592
163.373306	14335	0	4315172	4320592
163.386786	14335	0	4315172	4320592
163.401550	14335	0	4315172	4320592
163.408064	14337	0	4492248	4493407
163.422079	14339	0	4524939	4529982
163.434738	14339	0	4524939	4529982
163.449576	14339	0	4524939	4529982
163.457105	14340	2	4610125	4529982
163.466946	14341	0	4619490	4626150
163.475823	14341	0	4619490	4626150
163.487677	14343	0	4659543	4667387
163.497153	14343	0	4659543	4667387
163.504428	14343	0	4659543	4667387
163.518418	14343	0	4659543	4667387
163.525747	14343	0	4659543	4667387
163.539331	14343	0	4659543	4667387
163.548062	14343	0	4659543	4667387
163.562525	14343	0	4659543	4667387
163.574277	14343	0	4659543	4667387
163.588875	14343	0	4659543	4667387
163.601386	14343	0	4659543	4667387
163.611101	14343	0	4659543	4667387
163.620961	14343	0	4659543	4667387
163.630435	14343	0	4659543	4667387
163.636969	14343	0	4659543	4667387
163.651632	14343	0	4659543	4667387
163.662199	14344	3	5025507	4667387
163.670713	14344	0	5025507	5031342
163.679998	14345	3	5048607	5031342
163.692549	14346	0	5056332	5060240
163.704583	14346	0	5056332	5060240
163.719682	14348	2	5131407	5131407
163.726272	14348	0	5131407	5136896
163.736386	14348	0	5131407	5136896
163.744710	14350	2	5169999	5169999
163.752074	14350	0	5169999	5175419
163.759164	14350	0	5169999	5175419
163.765521	14350	0	5169999	5175419
163.774473	14350	0	5169999	5175419
163.783138	14350	0	5169999	5175419
163.796063	14350	0	5169999	5175419
163.803820	14350	0	5169999	5175419
163.814698	14350	0	5169999	5175419
163.828174	14350	0	5169999	5175419
163.838234	14352	0	5347075	5348234
163.844384	14352	0	5347075	5348234
163.854890	14354	0	5379766	5384809
163.867040	14354	0	5379766	5384809
163.873435	14354	0	5379766	5384809
163.883044	14354	0	5379766	5384809
163.889474	14354	0	5379766	5384809
163.895033	14354	0	5379766	5384809
163.902811	14356	3	5474317	5474317
163.911467	14356	0	5474317	5480977
163.918819	14356	0	5474317	5480977
163.924807	14358	3	5514370	5514370
163.937832	14358	0	5514370	5522214
163.946342	14358	0	5514370	5522214
163.957353	14358	0	5514370	5522214
163.965567	14358	0	5514370	5522214
163.978931	14358	0	5514370	5522214
163.993836	14358	0	5514370	5522214
164.001587	14358	0	5514370	5522214
164.006858	14358	0	5514370	5522214
164.016979	14358	0	5514370	5522214
164.031845	14358	0	5514370	5522214
164.041977	14358	0	5514370	5522214
164.048394	14358	0	5514370	5522214
164.054757	14358	0	5514370	5522214
164.062701	14358	0	5514370	5522214
164.072460	14358	0	5514370	5522214
164.081743	14358	0	5514370	5522214
164.092616	14358	0	5514370	5522214
164.100024	14358	0	5514370	5522214
164.109780	14358	0	5514370	5522214
164.123820	14360	3	5913863	5905767
164.135925	14360	0	5913863	5924242
164.147892	14360	0	5913863	5924242
164.153163	14360	0	5913863	5924242
164.159983	14360	0	5913863	5924242
164.167883	14362	0	5985488	5994366
164.173286	14362	0	5985488	5994366
164.182478	14363	0	6008941	6016644
164.196192	14363	0	6008941	6016644
164.209413	14363	0	6008941	6016644
164.216722	14363	0	6008941	6016644
164.223036	14363	0	6008941	6016644
164.236741	14363	0	6008941	6016644
164.244010	14363	0	6008941	6016644
164.255601	14365	3	6184389	6184389
164.267803	14366	3	6213665	6194841
164.279492	14366	0	6213665	6223708
164.293605	14366	0	6213665	6223708
164.306180	14368	3	6291498	6291498
164.318941	14369	0	6308495	6316615
164.326524	14369	0	6308495	6316615
164.339697	14369	0	6308495	6316615
164.352874	14369	0	6308495	6316615
164.362929	14369	0	6308495	6316615
164.369330	14369	0	6308495	6316615
164.378103	14369	0	6308495	6316615
164.392067	14369	0	6308495	6316615
164.400108	14369	0	6308495	6316615
164.410242	14369	0	6308495	6316615
164.422468	14369	0	6308495	6316615
164.431144	14369	0	6308495	6316615
164.441917	14369	0	6308495	6316615
164.455558	14369	0	6308495	6316615
164.465557	14369	0	6308495	6316615
164.473531	14369	0	6308495	6316615
164.482749	14369	0	6308495	6316615
164.490669	14369	0	6308495	6316615
164.496564	14369	0	6308495	6316615
164.511690	14370	0	6664980	6673076
164.518001	14370	0	6664980	6673076
164.525728	14371	3	6681172	6673076
164.536036	14371	0	6681172	6691551
164.549051	14371	0	6681172	6691551
164.564019	14373	3	6752797	6752797
164.571053	14373	0	6752797	6761675
164.577927	14374	3	6776250	6761675
164.592502	14374	0	6776250	6783953
164.603721	14374	0	6776250	6783953
164.610458	14374	0	6776250	6783953
164.615765	14374	0	6776250	6783953
164.628293	14374	0	6776250	6783953
164.638226	14374	0	6776250	6783953
164.646771	14374	0	6776250	6783953
164.655454	14374	0	6776250	6783953
164.663523	14374	0	6776250	6783953
164.673525	14376	3	6951698	6951698
164.679212	14376	0	6951698	6962150
164.693969	14377	3	6980974	6962150
164.703092	14377	0	6980974	6991017
164.715650	14377	0	6980974	6991017
164.723073	14377	0	6980974	6991017
164.732310	14378	3	7051826	6991017
164.747273	14380	3	7075804	7063868
164.755724	14380	0	7075804	7083924
164.763895	14380	0	7075804	7083924
164.774754	14380	0	7075804	7083924
164.782392	14380	0	7075804	7083924
164.796182	14380	0	7075804	7083924
164.804018	14380	0	7075804	7083924
164.813156	14380	0	7075804	7083924
164.821087	14380	0	7075804	7083924
164.827639	14381	2	7240100	7083924
164.841452	14385	2	7266166	7266166
164.854039	14388	2	7286426	7286399
164.861572	14391	2	7302033	7302033
164.869978	14393	2	7315406	7315406
164.875809	14395	2	7325022	7325022
164.883809	14398	2	7341167	7341167
164.889042	14399	2	7345768	7345746
164.901370	14401	2	7360913	7360900
164.916034	14405	2	7386232	7386219
164.930274	14410	2	7415066	7415066
164.943027	14413	3	7434469	7434469
164.950758	14415	2	7449247	7449247
164.964147	14419	2	7472102	7472102
164.977561	14423	2	7500754	7500754
164.983693	14424	3	7508033	7507693
164.990409	14425	0	7515374	7522318
164.998738	14427	2	7532364	7532088
165.009858	14431	3	7551033	7550732
165.015183	14432	3	7559683	7559683
165.030727	14435	3	7580433	7580117
165.043481	14439	2	7603805	7603464
165.052725	14441	2	7623494	7617654
165.067449	14443	0	7637236	7644286
165.080393	14447	2	7663127	7663127
165.085873	14448	3	7675486	7670516
165.099652	14453	2	7707019	7707019
165.109015	14454	3	7713939	7712887
165.118578	14456	2	7738857	7729108
165.127561	14457	2	7745626	7744722
165.132923	14458	3	7756806	7756806
165.146760	14462	2	7786302	7786302
165.157747	14465	2	7804697	7804035
165.168011	14468	2	7824422	7824422
165.182398	14471	3	7858375	7844790
165.187597	14473	2	7869876	7869876
165.198426	14475	0	7887393	7893633
165.204015	14477	3	7901425	7901425
165.210493	14478	3	7915774	7906883
165.220977	14480	2	7932412	7930969
165.229065	14483	2	7952481	7952481
165.242638	14485	0	7968318	7972528
165.250780	14487	3	7994658	7993888
165.257124	14489	3	8005404	8002042
165.264191	14490	3	8010831	8010831
165.277948	14493	3	8041864	8032791
165.288350	14496	3	8065931	8065931
165.300324	14499	3	8091957	8090343
165.313683	14500	0	8098528	8105029
165.328501	14500	0	8098528	8105029
165.341534	14500	0	8098528	8105029
165.349252	14500	0	8098528	8105029
165.356024	14500	0	8098528	8105029
165.366317	14500	0	8098528	8105029
165.371721	14500	0	8098528	8105029
165.381065	14500	0	8098528	8105029
165.388047	14500	0	8098528	8105029
165.400839	14500	0	8098528	8105029
165.412791	14500	0	8098528	8105029
165.423518	14500	0	8098528	8105029
165.437501	14500	0	8098528	8105029
165.446323	14500	0	8098528	8105029
165.454739	14500	0	8098528	8105029
165.462897	14500	0	8098528	8105029
165.477543	14500	0	8098528	8105029
165.485383	14500	0	8098528	8105029
165.494883	14500	0	8098528	8105029
165.502953	14500	0	8098528	8105029
165.515153	14500	0	8098528	8105029
165.521837	14500	0	8098528	8105029
165.532232	14500	0	8098528	8105029
165.540595	14500	0	8098528	8105029
165.555260	14500	0	8098528	8105029
165.562747	14500	0	8098528	8105029
165.570983	14500	0	8098528	8105029
165.578141	14500	0	8098528	8105029
165.583560	14500	0	8098528	8105029
165.592020	14500	0	8098528	8105029
165.605760	14500	0	8098528	8105029
165.611159	14500	0	8098528	8105029
165.618687	14500	0	8098528	8105029
165.629370	14500	0	8098528	8105029
165.642296	14500	0	8098528	8105029
165.654834	14500	0	8098528	8105029
165.664110	14500	0	8098528	8105029
165.669527	14500	0	8098528	8105029
165.677079	14500	0	8098528	8105029
165.689464	14500	0	8098528	8105029
165.701078	14500	0	8098528	8105029
165.715750	14500	0	8098528	8105029
165.723750	14500	0	8098528	8105029
165.734256	14500	0	8098528	8105029
165.744627	14500	0	8098528	8105029
165.750285	14500	0	8098528	8105029
165.758713	14500	0	8098528	8105029
165.768918	14500	0	8098528	8105029
165.779500	14500	0	8098528	8105029
165.788868	14500	0	8098528	8105029
165.797064	14500	0	8098528	8105029
165.809860	14500	0	8098528	8105029
165.816100	14500	0	8098528	8105029
165.830590	14500	0	8098528	8105029
165.845340	14500	0	8098528	8105029
165.856443	14500	0	8098528	8105029
165.862141	14500	0	8098528	8105029
165.874903	14500	0	8098528	8105029
165.883389	14500	0	8098528	8105029
165.896702	14500	0	8098528	8105029
165.908596	14500	0	8098528	8105029
165.917720	14500	0	8098528	8105029
165.930404	14500	0	8098528	8105029
165.936164	14500	0	8098528	8105029
165.946636	14500	0	8098528	8105029
165.953896	14500	0	8098528	8105029
165.960591	14500	0	8098528	8105029
165.972176	14500	0	8098528	8105029
165.978920	14500	0	8098528	8105029
165.988542	14500	0	8098528	8105029
166.002487	14500	0	8098528	8105029
166.010991	14500	0	8098528	8105029
166.017592	14500	0	8098528	8105029
166.025020	14500	0	8098528	8105029
166.033629	14500	0	8098528	8105029
166.041879	14500	0	8098528	8105029
166.056363	14500	0	8098528	8105029
166.067274	14500	0	8098528	8105029
166.074879	14500	0	8098528	8105029
166.088964	14500	0	8098528	8105029
166.102744	14500	0	8098528	8105029
166.108790	14500	0	8098528	8105029
166.123635	14500	0	8098528	8105029
166.131819	14500	0	8098528	8105029
166.137682	14500	0	8098528	8105029
166.149978	14500	0	8098528	8105029
166.161853	14500	0	8098528	8105029
166.174636	14500	0	8098528	8105029
166.181629	14500	0	8098528	8105029
166.195032	14500	0	8098528	8105029
166.202894	14500	0	8098528	8105029
166.212815	14500	0	8098528	8105029
166.227200	14500	0	8098528	8105029
166.238760	14500	0	8098528	8105029
166.244571	14500	0	8098528	8105029
166.253512	14500	0	8098528	8105029
166.263430	14500	0	8098528	8105029
166.275203	14500	0	8098528	8105029
166.282464	14500	0	8098528	8105029
166.297108	14500	0	8098528	8105029
166.307494	14500	0	8098528	8105029
166.314747	14500	0	8098528	8105029
166.326585	14500	0	8098528	8105029
166.339074	14500	0	8098528	8105029
166.351347	14500	0	8098528	8105029
166.356737	14500	0	8098528	8105029
166.368306	14500	0	8098528	8105029
166.380627	14500	0	8098528	8105029
166.394628	14500	0	8098528	8105029
166.407889	14500	0	8098528	8105029
166.417793	14500	0	8098528	8105029
166.425769	14500	0	8098528	8105029
166.432091	14500	0	8098528	8105029
166.439584	14500	0	8098528	8105029
166.449840	14500	0	8098528	8105029
166.455883	14500	0	8098528	8105029
166.470575	14500	0	8098528	8105029
166.475829	14500	0	8098528	8105029
166.483675	14500	0	8098528	8105029
166.493463	14500	0	8098528	8105029
166.505115	14500	0	8098528	8105029
166.517572	14500	0	8098528	8105029
166.530025	14500	0	8098528	8105029
166.537743	14500	0	8098528	8105029
166.546180	14500	0	8098528	8105029
166.554145	14500	0	8098528	8105029
166.561661	14500	0	8098528	8105029
166.568670	14500	0	8098528	8105029
166.577467	14500	0	8098528	8105029
166.588008	14500	0	8098528	8105029
166.593341	14500	0	8098528	8105029
166.608944	14500	0	8098528	8105029
166.619460	14500	0	8098528	8105029
166.635362	14500	0	8098528	8105029
166.650741	14500	0	8098528	8105029
166.663800	14500	0	8098528	8105029
166.672882	14500	0	8098528	8105029
166.683764	14500	0	8098528	8105029
166.696660	14500	0	8098528	8105029
166.706971	14500	0	8098528	8105029
166.715797	14500	0	8098528	8105029
166.725058	14500	0	8098528	8105029
166.737502	14500	0	8098528	8105029
166.746315	14500	0	8098528	8105029
166.760565	14500	0	8098528	8105029
166.767161	14500	0	8098528	8105029
166.775325	14500	0	8098528	8105029
166.789979	14500	0	8098528	8105029
166.802587	14500	0	8098528	8105029
166.815041	14500	0	8098528	8105029
166.823484	14500	0	8098528	8105029
166.837063	14500	0	8098528	8105029
166.852188	14500	0	8098528	8105029
166.872551	14500	0	8098528	8105029
166.879125	14500	0	8098528	8105029
166.892901	14500	0	8098528	8105029
166.899610	14500	0	8098528	8105029
166.913674	14500	0	8098528	8105029
166.921822	14500	0	8098528	8105029
166.928093	14500	0	8098528	8105029
166.938879	14500	0	8098528	8105029
166.952296	14500	0	8098528	8105029
166.960226	14500	0	8098528	8105029
166.972820	14500	0	8098528	8105029
166.980546	14500	0	8098528	8105029
166.988758	14500	0	8098528	8105029
166.999591	14500	0	8098528	8105029
167.014797	14500	0	8098528	8105029
167.020752	14500	0	8098528	8105029
167.032524	14500	0	8098528	8105029
167.039035	14500	0	8098528	8105029
167.053881	14500	0	8098528	8105029
167.062471	14500	0	8098528	8105029
167.070372	14500	0	8098528	8105029
167.075968	14500	0	8098528	8105029
167.090440	14500	0	8098528	8105029
167.096329	14500	0	8098528	8105029
167.108620	14500	0	8098528	8105029
167.119487	14500	0	8098528	8105029
167.128117	14500	0	8098528	8105029
167.133454	14500	0	8098528	8105029
167.138828	14500	0	8098528	8105029
167.152737	14500	0	8098528	8105029
167.158080	14500	0	8098528	8105029
167.165293	14500	0	8098528	8105029
167.173828	14500	0	8098528	8105029
167.187333	14500	0	8098528	8105029
167.200474	14500	0	8098528	8105029
167.206444	14500	0	8098528	8105029
167.215271	14500	0	8098528	8105029
167.229796	14500	0	8098528	8105029
167.242062	14500	0	8098528	8105029
167.256482	14500	0	8098528	8105029
167.265428	14500	0	8098528	8105029
167.274635	14500	0	8098528	8105029
167.286684	14500	0	8098528	8105029
167.293520	14500	0	8098528	8105029
167.305696	14500	0	8098528	8105029
167.314942	14500	0	8098528	8105029
167.325547	14500	0	8098528	8105029
167.339916	14500	0	8098528	8105029
167.353968	14500	0	8098528	8105029
167.369551	14500	0	8098528	8105029
167.377890	14500	0	8098528	8105029
167.390035	14500	0	8098528	8105029
167.404248	14500	0	8098528	8105029
167.410026	14500	0	8098528	8105029
167.420276	14500	0	8098528	8105029
167.428316	14500	0	8098528	8105029
167.439391	14500	0	8098528	8105029
167.451293	14500	0	8098528	8105029
167.458332	14500	0	8098528	8105029
167.465777	14500	0	8098528	8105029
167.473941	14500	0	8098528	8105029
167.486759	14500	0	8098528	8105029
167.492931	14500	0	8098528	8105029
167.507733	14500	0	8098528	8105029
167.520317	14500	0	8098528	8105029
167.533041	14500	0	8098528	8105029
167.541781	14500	0	8098528	8105029
167.553830	14500	0	8098528	8105029
167.562364	14500	0	8098528	8105029
167.571702	14500	0	8098528	8105029
167.581891	14500	0	8098528	8105029
167.589938	14500	0	8098528	8105029
167.597202	14500	0	8098528	8105029
167.610838	14500	0	8098528	8105029
167.616801	14500	0	8098528	8105029
167.625248	14500	0	8098528	8105029
167.640106	14500	0	8098528	8105029
167.653292	14500	0	8098528	8105029
167.665925	14500	0	8098528	8105029
167.675370	14500	0	8098528	8105029
167.683660	14500	0	8098528	8105029
167.689721	14500	0	8098528	8105029
167.704571	14500	0	8098528	8105029
167.711753	14500	0	8098528	8105029
167.725346	14500	0	8098528	8105029
167.739584	14500	0	8098528	8105029
167.750535	14500	0	8098528	8105029
167.763753	14500	0	8098528	8105029
167.769479	14500	0	8098528	8105029
167.783836	14500	0	8098528	8105029
167.790831	14500	0	8098528	8105029
167.800807	14500	0	8098528	8105029
167.810092	14500	0	8098528	8105029
167.816225	14500	0	8098528	8105029
167.834831	14500	0	8098528	8105029
167.845988	14500	0	8098528	8105029
167.860159	14500	0	8098528	8105029
167.865518	14500	0	8098528	8105029
167.877159	14500	0	8098528	8105029
167.882942	14500	0	8098528	8105029
167.893721	14500	0	8098528	8105029
167.902330	14500	0	8098528	8105029
167.915668	14500	0	8098528	8105029
167.922355	14500	0	8098528	8105029
167.927767	14500	0	8098528	8105029
167.942770	14500	0	8098528	8105029
167.950372	14500	0	8098528	8105029
167.960004	14500	0	8098528	8105029
167.967556	14500	0	8098528	8105029
167.982571	14500	0	8098528	8105029
167.990111	14500	0	8098528	8105029
168.003180	14500	0	8098528	8105029
168.014782	14500	0	8098528	8105029
168.027124	14500	0	8098528	8105029
168.042581	14500	0	8098528	8105029
168.057438	14500	0	8098528	8105029
168.063013	14500	0	8098528	8105029
168.072594	14500	0	8098528	8105029
168.082314	14500	0	8098528	8105029
168.090768	14500	0	8098528	8105029
168.104065	14500	0	8098528	8105029
168.115436	14500	0	8098528	8105029
168.132518	14500	0	8098528	8105029
168.137860	14500	0	8098528	8105029
168.144187	14500	0	8098528	8105029
168.155246	14500	0	8098528	8105029
168.163438	14500	0	8098528	8105029
168.172205	14500	0	8098528	8105029
168.177784	14500	0	8098528	8105029
168.189871	14500	0	8098528	8105029
168.205999	14500	0	8098528	8105029
168.219570	14500	0	8098528	8105029
168.231911	14500	0	8098528	8105029
168.245444	14500	0	8098528	8105029
168.255637	14500	0	8098528	8105029
168.269155	14500	0	8098528	8105029
168.283309	14500	0	8098528	8105029
168.291629	14500	0	8098528	8105029
168.305717	14500	0	8098528	8105029
168.318285	14500	0	8098528	8105029
168.324781	14500	0	8098528	8105029
168.331446	14500	0	8098528	8105029
168.346727	14500	0	8098528	8105029
168.352460	14500	0	8098528	8105029
168.361928	14500	0	8098528	8105029
168.374477	14500	0	8098528	8105029
168.388123	14500	0	8098528	8105029
168.403176	14500	0	8098528	8105029
168.416927	14500	0	8098528	8105029
168.426997	14500	0	8098528	8105029
168.434976	14500	0	8098528	8105029
168.448902	14500	0	8098528	8105029
168.462823	14500	0	8098528	8105029
168.469546	14500	0	8098528	8105029
168.475773	14500	0	8098528	8105029
168.489883	14500	0	8098528	8105029
168.504457	14500	0	8098528	8105029
168.519316	14500	0	8098528	8105029
168.531111	14500	0	8098528	8105029
168.542671	14500	0	8098528	8105029
168.554342	14500	0	8098528	8105029
168.564004	14500	0	8098528	8105029
168.575059	14500	0	8098528	8105029
168.583146	14500	0	8098528	8105029
168.590041	14500	0	8098528	8105029
168.601695	14500	0	8098528	8105029
168.616498	14500	0	8098528	8105029
168.627362	14500	0	8098528	8105029
168.639976	14500	0	8098528	8105029
168.654150	14500	0	8098528	8105029
168.660692	14500	0	8098528	8105029
168.667706	14500	0	8098528	8105029
168.680611	14500	0	8098528	8105029
168.690786	14500	0	8098528	8105029
168.698994	14500	0	8098528	8105029
168.712215	14500	0	8098528	8105029
168.720726	14500	0	8098528	8105029
168.730801	14500	0	8098528	8105029
168.742852	14500	0	8098528	8105029
168.749610	14500	0	8098528	8105029
168.756610	14500	0	8098528	8105029
168.765349	14500	0	8098528	8105029
168.776321	14500	0	8098528	8105029
168.791562	14500	0	8098528	8105029
168.809199	14500	0	8098528	8105029
168.821061	14500	0	8098528	8105029
168.826826	14500	0	8098528	8105029
168.832878	14500	0	8098528	8105029
168.845924	14500	0	8098528	8105029
168.851957	14500	0	8098528	8105029
168.861812	14500	0	8098528	8105029
168.874228	14500	0	8098528	8105029
168.880368	14500	0	8098528	8105029
168.891991	14500	0	8098528	8105029
168.901587	14500	0	8098528	8105029
168.913170	14500	0	8098528	8105029
168.922772	14500	0	8098528	8105029
168.936678	14500	0	8098528	8105029
168.946165	14500	0	8098528	8105029
168.951453	14500	0	8098528	8105029
168.965368	14500	0	8098528	8105029
168.979693	14500	0	8098528	8105029
168.984959	14500	0	8098528	8105029
168.997277	14500	0	8098528	8105029
169.003511	14500	0	8098528	8105029
169.016515	14500	0	8098528	8105029
169.024183	14500	0	8098528	8105029
169.031071	14500	0	8098528	8105029
169.039387	14500	0	8098528	8105029
169.051181	14500	0	8098528	8105029
169.057737	14500	0	8098528	8105029
169.072242	14500	0	8098528	8105029
169.079701	14500	0	8098528	8105029
169.087935	14500	0	8098528	8105029
169.098588	14500	0	8098528	8105029
169.104877	14500	0	8098528	8105029
169.118867	14500	0	8098528	8105029
169.129699	14500	0	8098528	8105029
169.134955	14500	0	8098528	8105029
169.143971	14500	0	8098528	8105029
169.156818	14500	0	8098528	8105029
169.165038	14500	0	8098528	8105029
169.178030	14500	0	8098528	8105029
169.189830	14500	0	8098528	8105029
169.202802	14500	0	8098528	8105029
169.213020	14500	0	8098528	8105029
169.224202	14500	0	8098528	8105029
169.229640	14500	0	8098528	8105029
169.239979	14500	0	8098528	8105029
169.253111	14500	0	8098528	8105029
169.263168	14500	0	8098528	8105029
169.272733	14500	0	8098528	8105029
169.286443	14500	0	8098528	8105029
169.298745	14500	0	8098528	8105029
169.305038	14500	0	8098528	8105029
169.313649	14500	0	8098528	8105029
169.323865	14500	0	8098528	8105029
169.332992	14500	0	8098528	8105029
169.343791	14500	0	8098528	8105029
169.348969	14500	0	8098528	8105029
169.360014	14500	0	8098528	8105029
169.367107	14500	0	8098528	8105029
169.377360	14500	0	8098528	8105029
169.383086	14500	0	8098528	8105029
169.392345	14500	0	8098528	8105029
169.398802	14500	0	8098528	8105029
169.404658	14500	0	8098528	8105029
169.410581	14500	0	8098528	8105029
169.416930	14500	0	8098528	8105029
169.423301	14500	0	8098528	8105029
169.432884	14500	0	8098528	8105029
169.445901	14500	0	8098528	8105029
169.459010	14500	0	8098528	8105029
169.471448	14500	0	8098528	8105029
169.483632	14500	0	8098528	8105029
169.493768	14500	0	8098528	8105029
169.506770	14500	0	8098528	8105029
169.521759	14500	0	8098528	8105029
169.535438	14500	0	8098528	8105029
169.545485	14500	0	8098528	8105029
169.555274	14500	0	8098528	8105029
169.561651	14500	0	8098528	8105029
169.575002	14500	0	8098528	8105029
169.585341	14500	0	8098528	8105029
169.594730	14500	0	8098528	8105029
169.604751	14500	0	8098528	8105029
169.617555	14500	0	8098528	8105029
169.629698	14500	0	8098528	8105029
169.635822	14502	2	746773	745351
169.648581	14505	2	771430	771430
169.659636	14507	0	783977	789828
169.674395	14509	0	811290	819210
169.680117	14511	2	829391	829391
169.693316	14514	3	853241	851294
169.707926	14516	3	891820	866183
169.716036	14518	3	902737	902737
169.726822	14522	2	931894	931894
169.741149	14524	0	958039	962000
169.748364	14526	2	971346	971346
169.756385	14527	3	982901	977080
169.770886	14530	0	1002697	1012175
169.781277	14530	0	1002697	1012175
169.791976	14532	2	1050908	1048716
169.806087	14535	1	1078015	1078015
169.817091	14536	3	1087956	1085473
169.823157	14537	0	1096164	1100439
169.830716	14537	0	1096164	1100439
169.838742	14539	2	1121516	1121516
169.849211	14541	2	1134839	1134839
169.856006	14542	2	1150455	1143058
169.861500	14543	2	1159081	1159081
169.874559	14545	0	1172790	1176714
169.885969	14545	0	1172790	1176714
169.892424	14546	3	1209245	1176714
169.901285	14548	3	1225230	1225230
169.907089	14549	2	1236244	1229559
169.924302	14552	3	1262073	1262073
169.935759	14553	2	1282701	1266389
169.941507	14554	2	1290586	1290586
169.947896	14556	2	1302697	1302697
169.953146	14557	3	1316206	1309326
169.963538	14560	2	1337403	1337403
169.971207	14560	0	1337403	1342919
169.982485	14561	3	1377889	1342919
169.993444	14563	0	1391585	1396296
170.007673	14566	3	1418483	1415832
170.021374	14568	2	1447696	1428235
170.033485	14570	2	1466503	1462863
170.041037	14570	3	1466503	1462863
170.047568	14571	3	1475481	1475481
170.060441	14573	3	1497683	1497683
170.074860	14575	0	1515271	1519978
170.082814	14575	0	1515271	1519978
170.092890	14576	3	1561773	1519978
170.106819	14578	0	1575782	1583219
170.121765	14582	2	1610219	1610219
170.134614	14582	0	1610219	1616117
170.146247	14585	3	1648615	1645796
170.160587	14587	3	1669246	1660724
170.169188	14589	2	1684071	1680970
170.175817	14590	2	1693063	1693063
170.185288	14590	0	1693063	1698156
170.196991	14590	0	1693063	1698156
170.209117	14593	3	1750565	1750565
170.216200	14594	3	1765618	1756827
170.229523	14597	2	1787063	1787063
170.240193	14597	0	1787063	1797572
170.252025	14598	3	1822173	1797572
170.258606	14599	0	1829193	1838219
170.268733	14601	0	1847500	1853282
170.279445	14603	3	1871225	1871225
170.292154	14605	0	1887100	1891768
170.306758	14605	0	1887100	1891768
170.314391	14606	2	1939676	1891768
170.322912	14607	3	1948967	1945878
170.331943	14608	0	1955213	1964568
170.337208	14609	3	1975476	1964568
170.345618	14610	3	1982505	1982505
170.357954	14612	0	2001004	2005310
170.371378	14614	3	2033474	2033474
170.380533	14616	2	2047644	2047644
170.389774	14617	3	2063813	2053398
170.401464	14618	0	2072715	2079374
170.410132	14620	0	2087601	2092649
170.423516	14620	0	2087601	2092649
170.433746	14620	0	2087601	2092649
170.441192	14621	0	2143038	2146156
170.447043	14622	3	2148698	2146156
170.460708	14623	0	2154122	2161167
170.470592	14626	2	2185386	2182231
170.476815	14627	0	2190064	2193201
170.484535	14627	0	2190064	2193201
170.495137	14628	3	2218671	2193201
170.506394	14630	4	2240684	2236080
170.512957	14631	0	2246503	2251603
170.519868	14632	3	2264435	2251603
170.534929	14635	3	2288704	2288704
170.545114	14635	0	2288704	2296110
170.556572	14635	0	2288704	2296110
170.568416	14636	2	2353339	2296110
170.576401	14637	3	2363868	2360388
170.584335	14638	0	2371634	2378277
170.595235	14640	3	2396744	2396744
170.606747	14642	0	2410564	2415616
170.617344	14643	3	2440339	2415616
170.625399	14645	3	2453602	2449684
170.631772	14646	3	2461002	2461002
170.643814	14648	2	2484859	2484859
170.649659	14649	2	2494687	2490709
170.662842	14650	0	2500142	2508722
170.673866	14650	0	2500142	2508722
170.681930	14650	0	2500142	2508722
170.691433	14650	0	2500142	2508722
170.703548	14652	2	2575872	2572567
170.716011	14653	0	2582490	2588680
170.722634	14655	3	2607388	2607388
170.728683	14656	2	2618799	2614020
170.744145	14657	0	2625354	2631958
170.754708	14658	3	2660975	2631958
170.766018	14660	3	2675781	2671858
170.776005	14661	0	2682812	2686321
170.787688	14663	0	2709415	2715234
170.797624	14665	2	2726184	2726184
170.807786	14665	0	2726184	2732736
170.817371	14665	0	2726184	2732736
170.825777	14665	0	2726184	2732736
170.838566	14666	3	2795384	2732736
170.848689	14668	2	2812413	2812413
170.859185	14670	2	2834236	2834236
170.865264	14671	2	2843824	2839684
170.880178	14672	0	2848449	2855775
170.887472	14674	2	2892053	2892053
170.896043	14676	2	2910257	2910257
170.910856	14677	2	2932225	2917647
170.921563	14679	3	2951530	2946924
170.929699	14680	0	2956215	2961982
170.939769	14680	0	2956215	2961982
170.948328	14680	0	2956215	2961982
170.953661	14680	0	2956215	2961982
170.967407	14683	2	3042658	3042658
170.978339	14684	3	3063269	3049284
170.985807	14685	3	3070601	3070601
170.993016	14687	3	3086935	3086935
171.002347	14687	0	3086935	3093151
171.009849	14687	0	3086935	3093151
171.024259	14691	3	3149023	3149023
171.036357	14693	2	3174045	3174045
171.052191	14695	0	3192979	3200306
171.064602	14695	0	3192979	3200306
171.074725	14695	0	3192979	3200306
171.086164	14696	0	3272238	3277696
171.101325	14698	0	3287914	3298398
171.110916	14700	3	3318160	3318160
171.118926	14702	2	3336269	3336269
171.130108	14702	0	3336269	3344848
171.143169	14703	3	3378935	3344848
171.149916	14704	2	3383225	3383225
171.166740	14706	0	3401289	3408044
171.180868	14708	2	3429129	3429129
171.187800	14710	3	3445235	3445235
171.199159	14710	0	3445235	3449084
171.213835	14710	0	3445235	3449084
171.220811	14710	0	3445235	3449084
171.234177	14713	2	3540557	3540557
171.246785	14715	3	3568734	3568734
171.257975	14717	2	3587909	3587909
171.270208	14717	0	3587909	3597591
171.283288	14719	0	3637595	3642652
171.297094	14721	0	3651904	3658790
171.304469	14723	0	3679556	3683061
171.314223	14725	0	3693870	3702747
171.323668	14725	0	3693870	3702747
171.333807	14725	0	3693870	3702747
171.343613	14725	0	3693870	3702747
171.351065	14726	2	3781446	3702747
171.365042	14728	0	3800856	3807064
171.377964	14730	0	3828391	3835387
171.388124	14732	0	3845841	3850120
171.397275	14732	0	3845841	3850120
171.403745	14734	2	3890955	3890955
171.410671	14735	2	3904555	3898727
171.422073	14736	0	3911838	3917221
171.427909	14736	0	3911838	3917221
171.433695	14737	2	3933489	3917221
171.445530	14739	3	3951281	3946299
171.462641	14740	0	3956333	3960608
171.471399	14740	0	3956333	3960608
171.480075	14740	0	3956333	3960608
171.490636	14740	0	3956333	3960608
171.503451	14740	0	3956333	3960608
171.512170	14740	0	3956333	3960608
171.523944	14740	0	3956333	3960608
171.536041	14740	0	3956333	3960608
171.550790	14740	0	3956333	3960608
171.557442	14740	0	3956333	3960608
171.565855	14740	0	3956333	3960608
171.579513	14740	0	3956333	3960608
171.586528	14740	0	3956333	3960608
171.594566	14740	0	3956333	3960608
171.605909	14740	0	3956333	3960608
171.620020	14740	0	3956333	3960608
171.634728	14740	0	3956333	3960608
171.647711	14740	0	3956333	3960608
171.657990	14740	0	3956333	3960608
171.663326	14740	0	3956333	3960608
171.670806	14740	0	3956333	3960608
171.682923	14740	0	3956333	3960608
171.689168	14740	0	3956333	3960608
171.702317	14740	0	3956333	3960608
171.710488	14740	0	3956333	3960608
171.723315	14740	0	3956333	3960608
171.736958	14740	0	3956333	3960608
171.745845	14740	0	3956333	3960608
171.760428	14740	0	3956333	3960608
171.765731	14740	0	3956333	3960608
171.779800	14740	0	3956333	3960608
171.793846	14740	0	3956333	3960608
171.808348	14740	0	3956333	3960608
171.820267	14740	0	3956333	3960608
171.835129	14740	0	3956333	3960608
171.848878	14740	0	3956333	3960608
171.856630	14740	0	3956333	3960608
171.864587	14740	0	3956333	3960608
171.873790	14740	0	3956333	3960608
171.880062	14740	0	3956333	3960608
171.894134	14740	0	3956333	3960608
171.903750	14740	0	3956333	3960608
171.909246	14740	0	3956333	3960608
171.916524	14740	0	3956333	3960608
171.929516	14740	0	3956333	3960608
171.939157	14740	0	3956333	3960608
171.950309	14740	0	3956333	3960608
171.962983	14740	0	3956333	3960608
171.971466	14740	0	3956333	3960608
171.978023	14740	0	3956333	3960608
171.985607	14740	0	3956333	3960608
171.997410	14740	0	3956333	3960608
172.010166	14740	0	3956333	3960608
172.020024	14740	0	3956333	3960608
172.029368	14740	0	3956333	3960608
172.041252	14740	0	3956333	3960608
172.055244	14740	0	3956333	3960608
172.061655	14740	0	3956333	3960608
172.076104	14740	0	3956333	3960608
172.090694	14740	0	3956333	3960608
172.105809	14740	0	3956333	3960608
172.119059	14740	0	3956333	3960608
172.126886	14740	0	3956333	3960608
172.141951	14740	0	3956333	3960608
172.153769	14740	0	3956333	3960608
172.160918	14740	0	3956333	3960608
172.172472	14740	0	3956333	3960608
172.186421	14740	0	3956333	3960608
172.196650	14740	0	3956333	3960608
172.209445	14740	0	3956333	3960608
172.215210	14740	0	3956333	3960608
172.223926	14740	0	3956333	3960608
172.236541	14740	0	3956333	3960608
172.244961	14740	0	3956333	3960608
172.253219	14740	0	3956333	3960608
172.266945	14740	0	3956333	3960608
172.278932	14740	0	3956333	3960608
172.286867	14740	0	3956333	3960608
172.301792	14740	0	3956333	3960608
172.310470	14740	0	3956333	3960608
172.325789	14740	0	3956333	3960608
172.333511	14740	0	3956333	3960608
172.342491	14740	0	3956333	3960608
172.352472	14740	0	3956333	3960608
172.364946	14740	0	3956333	3960608
172.373290	14740	0	3956333	3960608
172.384822	14740	0	3956333	3960608
172.393771	14740	0	3956333	3960608
172.404430	14740	0	3956333	3960608
172.413961	14740	0	3956333	3960608
172.426910	14740	0	3956333	3960608
172.441319	14740	0	3956333	3960608
172.450776	14740	0	3956333	3960608
172.458466	14740	0	3956333	3960608
172.468620	14740	0	3956333	3960608
172.482596	14740	0	3956333	3960608
172.495105	14740	0	3956333	3960608
172.508681	14740	0	3956333	3960608
172.516071	14740	0	3956333	3960608
172.524670	14740	0	3956333	3960608
172.539638	14740	0	3956333	3960608
172.552697	14740	0	3956333	3960608
172.568222	14740	0	3956333	3960608
172.578015	14740	0	3956333	3960608
172.588508	14740	0	3956333	3960608
172.602802	14740	0	3956333	3960608
172.612861	14740	0	3956333	3960608
172.621221	14740	0	3956333	3960608
172.635564	14740	0	3956333	3960608
172.644937	14740	0	3956333	3960608
172.658098	14740	0	3956333	3960608
172.664630	14740	0	3956333	3960608
172.677600	14740	0	3956333	3960608
172.690292	14740	0	3956333	3960608
172.699717	14740	0	3956333	3960608
172.711764	14740	0	3956333	3960608
172.717256	14740	0	3956333	3960608
172.727291	14740	0	3956333	3960608
172.733865	14740	0	3956333	3960608
172.746350	14740	0	3956333	3960608
172.753765	14740	0	3956333	3960608
172.762642	14740	0	3956333	3960608
172.774556	14740	0	3956333	3960608
172.786355	14740	0	3956333	3960608
172.800523	14740	0	3956333	3960608
172.814707	14740	0	3956333	3960608
172.823992	14740	0	3956333	3960608
172.838938	14740	0	3956333	3960608
172.849583	14740	0	3956333	3960608
172.858021	14740	0	3956333	3960608
172.865938	14740	0	3956333	3960608
172.876205	14740	0	3956333	3960608
172.883372	14740	0	3956333	3960608
172.892795	14740	0	3956333	3960608
172.900731	14740	0	3956333	3960608
172.914686	14740	0	3956333	3960608
172.922547	14740	0	3956333	3960608
172.936254	14740	0	3956333	3960608
172.946734	14740	0	3956333	3960608
172.954111	14740	0	3956333	3960608
172.960576	14740	0	3956333	3960608
172.975071	14740	0	3956333	3960608
172.988428	14740	0	3956333	3960608
173.000895	14740	0	3956333	3960608
173.008130	14740	0	3956333	3960608
173.014425	14740	0	3956333	3960608
173.023797	14740	0	3956333	3960608
173.034321	14740	0	3956333	3960608
173.040201	14740	0	3956333	3960608
173.054580	14741	3	773069	3960608
173.060221	14742	2	784263	780027
173.070588	14743	0	790598	794546
173.077187	14744	2	811101	794546
173.086217	14746	3	832460	825990
173.096624	14747	0	839157	844310
173.110884	14749	0	889494	895703
173.123349	14751	0	905792	912502
173.132430	14754	3	946790	941077
173.145637	14755	0	953087	958589
173.152852	14755	0	953087	958589
173.159981	14755	0	953087	958589
173.169348	14756	0	1043736	1050693
173.183629	14759	3	1084801	1068125
173.198713	14762	0	1108948	1115645
173.208063	14762	0	1108948	1115645
173.215889	14764	0	1162360	1167042
173.224108	14766	0	1179443	1183798
173.231795	14768	2	1207851	1207851
173.244860	14770	0	1228444	1231993
173.251396	14770	0	1228444	1231993
173.261561	14770	0	1228444	1231993
173.276473	14770	0	1228444	1231993
173.284243	14771	2	1318983	1231993
173.292726	14772	3	1329452	1324482
173.302039	14773	0	1335742	1342761
173.312111	14773	0	1335742	1342761
173.323670	14776	3	1374061	1368489
173.336749	14777	0	1379955	1385675
173.349683	14777	0	1379955	1385675
173.358944	14778	3	1428262	1385675
173.364519	14779	0	1432168	1439267
173.374776	14781	2	1456991	1456991
173.386875	14781	0	1456991	1464363
173.396283	14783	0	1494120	1499181
173.406782	14785	3	1511403	1511403
173.418200	14785	0	1511403	1518417
173.433010	14785	0	1511403	1518417
173.445759	14785	0	1511403	1518417
173.458190	14787	2	1629320	1623834
173.473313	14790	2	1661159	1661159
173.482673	14791	3	1673566	1667401
173.497400	14792	0	1680648	1687896
173.502950	14792	0	1680648	1687896
173.515491	14792	0	1680648	1687896
173.527469	14794	3	1734646	1734646
173.535152	14795	3	1746540	1740168
173.545333	14796	0	1752442	1760563
173.553066	14796	0	1752442	1760563
173.565663	14798	0	1783029	1790449
173.579316	14800	0	1803340	1809166
173.591350	14800	0	1803340	1809166
173.597755	14800	0	1803340	1809166
173.611642	14800	0	1803340	1809166
173.626031	14800	0	1803340	1809166
173.636775	14800	0	1803340	1809166
173.646326	14800	0	1803340	1809166
173.656722	14801	0	1907711	1913592
173.670258	14803	0	1925363	1930818
173.681710	14805	2	1956110	1956110
173.687243	14805	0	1956110	1962367
173.702303	14807	0	1979756	1987157
173.714875	14807	0	1979756	1987157
173.724992	14808	3	2033939	1987157
173.730641	14809	3	2040167	2040167
173.737698	14811	2	2055641	2055641
173.750345	14813	2	2082320	2082320
173.764725	14815	0	2100522	2108364
173.777691	14815	0	2100522	2108364
173.784226	14815	0	2100522	2108364
173.789491	14815	0	2100522	2108364
173.803724	14815	0	2100522	2108364
173.818832	14816	3	2207176	2108364
173.833251	14818	0	2226176	2234770
173.840112	14818	0	2226176	2234770
173.852265	14820	0	2265703	2270439
173.863184	14822	0	2285326	2290763
173.877612	14822	0	2285326	2290763
173.885088	14822	0	2285326	2290763
173.892080	14824	2	2345668	2345668
173.898000	14824	0	2345668	2354290
173.911517	14826	0	2366011	2372870
173.919159	14828	3	2396889	2396889
173.930688	14830	3	2412935	2412935
173.937100	14830	0	2412935	2418774
173.948576	14830	0	2412935	2418774
173.956271	14830	0	2412935	2418774
173.969025	14830	0	2412935	2418774
173.982031	14830	0	2412935	2418774
173.989267	14830	0	2412935	2418774
174.003501	14831	0	2522343	2528196
174.018774	14833	0	2541657	2549828
174.028698	14834	2	2571422	2549828
174.043035	14837	3	2597124	2597124
174.054604	14837	0	2597124	2602977
174.062802	14837	0	2597124	2602977
174.068204	14837	0	2597124	2602977
174.078561	14839	2	2661362	2661362
174.086590	14840	2	2675381	2667177
174.097238	14841	0	2682031	2689022
174.105918	14841	0	2682031	2689022
174.117706	14843	0	2716579	2720855
174.127591	14845	0	2733493	2738156
174.134255	14845	0	2733493	2738156
174.141555	14845	0	2733493	2738156
174.153084	14845	0	2733493	2738156
174.160985	14845	0	2733493	2738156
174.175984	14846	2	2841080	2738156
174.187596	14848	0	2854874	2859961
174.199879	14850	0	2884800	2890702
174.207915	14852	0	2902554	2906838
174.213320	14852	0	2902554	2906838
174.223933	14852	0	2902554	2906838
174.237044	14855	3	2976818	2968617
174.252067	14857	3	3016159	2990841
174.263922	14859	3	3038716	3029798
174.275794	14860	0	3045732	3054291
174.289307	14860	0	3045732	3054291
174.295831	14860	0	3045732	3054291
174.308175	14860	0	3045732	3054291
174.316394	14861	0	3171127	3178100
174.322003	14863	3	3188143	3188143
174.337080	14865	0	3221598	3227064
174.344202	14867	2	3245055	3245055
174.359160	14867	0	3245055	3253261
174.372758	14869	2	3315713	3315713
174.386298	14871	0	3336086	3343474
174.398764	14873	2	3372515	3372515
174.406034	14874	3	3384140	3377130
174.422815	14875	0	3390776	3395068
174.428588	14875	0	3390776	3395068
174.433907	14875	0	3390776	3395068
174.446216	14875	0	3390776	3395068
174.454273	14875	0	3390776	3395068
174.469370	14878	0	3524185	3532728
174.475679	14878	0	3524185	3532728
174.490816	14882	0	3577084	3580618
174.496123	14882	0	3577084	3580618
174.510525	14883	3	3632586	3580618
174.525295	14886	0	3663593	3670189
174.536558	14888	2	3704366	3704366
174.548484	14890	0	3724270	3729728
174.558801	14890	0	3724270	3729728
174.570057	14890	0	3724270	3729728
174.582594	14890	0	3724270	3729728
174.593475	14891	0	3853449	3858038
174.602484	14892	3	3864536	3858038
174.615268	14893	0	3873905	3878570
174.629021	14895	0	3914613	3920838
174.642413	14897	0	3937576	3942635
174.648827	14897	0	3937576	3942635
174.659351	14897	0	3937576	3942635
174.668265	14899	2	4007558	4007558
174.677262	14900	2	4022280	4013773
174.688976	14901	0	4027347	4033173
174.694911	14903	2	4060636	4060636
174.702121	14903	0	4060636	4066851
174.712805	14905	0	4078012	4082637
174.725404	14905	0	4078012	4082637
174.739550	14905	0	4078012	4082637
174.746184	14905	0	4078012	4082637
174.752785	14905	0	4078012	4082637
174.765970	14908	0	4221865	4229263
174.778507	14910	2	4262894	4262894
174.786535	14912	3	4287647	4287647
174.794258	14912	0	4287647	4293084
174.805661	14912	0	4287647	4293084
174.812484	14914	2	4356524	4356524
174.821329	14916	3	4379539	4379539
174.827955	14916	0	4379539	4384244
174.834842	14918	3	4413163	4413163
174.848077	14920	0	4432073	4434413
174.857873	14920	0	4432073	4434413
174.863866	14920	0	4432073	4434413
174.871734	14920	0	4432073	4434413
174.880152	14920	0	4432073	4434413
174.889645	14921	0	4558619	4564472
174.904334	14923	0	4582211	4590008
174.915745	14926	3	4637803	4629363
174.923139	14927	0	4643598	4648655
174.936747	14927	0	4643598	4648655
174.946868	14929	0	4710441	4717830
174.954388	14931	0	4729859	4734934
174.961317	14932	2	4760096	4734934
174.973121	14935	0	4790151	4795620
174.985051	14935	0	4790151	4795620
174.996830	14935	0	4790151	4795620
175.011726	14935	0	4790151	4795620
175.018646	14936	2	4925081	4795620
175.026213	14938	2	4943704	4943704
175.036512	14938	0	4943704	4949579
175.049212	14942	3	4999748	4999748
175.061754	14942	0	4999748	5007120
175.067597	14942	0	4999748	5007120
175.078348	14943	2	5069602	5007120
175.083959	14944	3	5076511	5076511
175.090413	14945	2	5092220	5082355
175.096296	14946	0	5097265	5106184
175.111787	14948	2	5138800	5138800
175.117728	14949	2	5153260	5144262
175.124484	14950	3	5158331	5158331
175.130766	14950	0	5158331	5167267
175.137188	14950	0	5158331	5167267
175.144723	14950	0	5158331	5167267
175.153965	14950	0	5158331	5167267
175.166158	14950	0	5158331	5167267
175.179015	14950	0	5158331	5167267
175.193176	14951	0	5302701	5308905
175.198533	14952	2	5316496	5308905
175.212210	14953	0	5324630	5329643
175.221585	14955	0	5359881	5366068
175.228138	14956	3	5375433	5366068
175.237142	14957	0	5383995	5389030
175.249576	14957	0	5383995	5389030
175.260130	14957	0	5383995	5389030
175.267764	14959	0	5457873	5461381
175.275124	14961	3	5477108	5477108
175.282854	14961	0	5477108	5482959
175.299531	14963	0	5521845	5527290
175.308356	14965	3	5545825	5545825
175.321173	14965	0	5545825	5551612
175.328686	14965	0	5545825	5551612
175.340417	14965	0	5545825	5551612
175.350489	14965	0	5545825	5551612
175.361659	14966	3	5695842	5551612
175.373395	14968	0	5716585	5722710
175.379560	14968	0	5716585	5722710
175.389912	14970	0	5760118	5767103
175.396859	14972	0	5785989	5792178
175.411372	14972	0	5785989	5792178
175.421951	14973	2	5857022	5792178
175.429058	14974	0	5862469	5869476
175.435653	14976	0	5883779	5888822
175.449982	14978	0	5921436	5926899
175.461647	14980	0	5940293	5942995
175.471508	14980	0	5940293	5942995
175.484079	14980	0	5940293	5942995
175.493496	14980	0	5940293	5942995
175.502625	14980	0	5940293	5942995
175.512724	14980	0	5940293	5942995
175.518548	14980	0	5940293	5942995
175.531441	14980	0	5940293	5942995
175.537978	14980	0	5940293	5942995
175.552690	14980	0	5940293	5942995
175.565557	14980	0	5940293	5942995
175.574357	14980	0	5940293	5942995
175.587632	14980	0	5940293	5942995
175.602118	14980	0	5940293	5942995
175.609201	14980	0	5940293	5942995
175.619977	14980	0	5940293	5942995
175.630030	14980	0	5940293	5942995
175.644210	14980	0	5940293	5942995
175.652260	14980	0	5940293	5942995
175.661539	14980	0	5940293	5942995
175.674842	14980	0	5940293	5942995
175.686865	14980	0	5940293	5942995
175.699747	14980	0	5940293	5942995
175.714492	14980	0	5940293	5942995
175.723921	14980	0	5940293	5942995
175.736281	14980	0	5940293	5942995
175.745797	14980	0	5940293	5942995
175.755510	14980	0	5940293	5942995
175.765039	14980	0	5940293	5942995
175.772863	14980	0	5940293	5942995
175.784240	14980	0	5940293	5942995
175.796318	14980	0	5940293	5942995
175.801663	14980	0	5940293	5942995
175.807027	14980	0	5940293	5942995
175.815579	14980	0	5940293	5942995
175.824303	14980	0	5940293	5942995
175.830128	14980	0	5940293	5942995
175.844263	14980	0	5940293	5942995
175.853181	14980	0	5940293	5942995
175.862326	14980	0	5940293	5942995
175.869809	14980	0	5940293	5942995
175.880280	14980	0	5940293	5942995
175.890129	14980	0	5940293	5942995
175.901153	14980	0	5940293	5942995
175.910954	14980	0	5940293	5942995
175.916795	14980	0	5940293	5942995
175.923797	14980	0	5940293	5942995
175.934678	14980	0	5940293	5942995
175.944259	14980	0	5940293	5942995
175.957586	14980	0	5940293	5942995
175.971671	14980	0	5940293	5942995
175.983874	14980	0	5940293	5942995
175.996513	14980	0	5940293	5942995
176.005413	14980	0	5940293	5942995
176.019722	14980	0	5940293	5942995
176.034193	14980	0	5940293	5942995
176.041943	14980	0	5940293	5942995
176.048216	14980	0	5940293	5942995
176.057912	14980	0	5940293	5942995
176.072561	14980	0	5940293	5942995
176.085585	14980	0	5940293	5942995
176.099752	14980	0	5940293	5942995
176.108576	14980	0	5940293	5942995
176.123313	14980	0	5940293	5942995
176.135430	14980	0	5940293	5942995
176.143195	14980	0	5940293	5942995
176.154326	14980	0	5940293	5942995
176.166064	14980	0	5940293	5942995
176.176656	14980	0	5940293	5942995
176.185288	14980	0	5940293	5942995
176.196489	14980	0	5940293	5942995
176.205660	14980	0	5940293	5942995
176.218302	14980	0	5940293	5942995
176.232865	14980	0	5940293	5942995
176.246887	14980	0	5940293	5942995
176.255995	14980	0	5940293	5942995
176.262725	14980	0	5940293	5942995
176.270932	14980	0	5940293	5942995
176.281822	14980	0	5940293	5942995
176.295331	14980	0	5940293	5942995
176.307240	14980	0	5940293	5942995
176.315915	14980	0	5940293	5942995
176.327887	14980	0	5940293	5942995
176.342175	14980	0	5940293	5942995
176.354204	14980	0	5940293	5942995
176.362781	14980	0	5940293	5942995
176.375481	14980	0	5940293	5942995
176.389503	14980	0	5940293	5942995
176.394837	14980	0	5940293	5942995
176.410074	14980	0	5940293	5942995
176.416945	14980	0	5940293	5942995
176.427897	14980	0	5940293	5942995
176.442645	14980	0	5940293	5942995
176.449400	14980	0	5940293	5942995
176.455539	14980	0	5940293	5942995
176.461639	14980	0	5940293	5942995
176.467843	14980	0	5940293	5942995
176.476252	14980	0	5940293	5942995
176.490462	14980	0	5940293	5942995
176.497999	14980	0	5940293	5942995
176.513013	14980	0	5940293	5942995
176.525899	14980	0	5940293	5942995
176.531663	14980	0	5940293	5942995
176.540126	14980	0	5940293	5942995
176.553245	14980	0	5940293	5942995
176.561970	14980	0	5940293	5942995
176.572372	14980	0	5940293	5942995
176.583180	14980	0	5940293	5942995
176.596572	14980	0	5940293	5942995
176.604412	14980	0	5940293	5942995
176.615298	14980	0	5940293	5942995
176.627053	14980	0	5940293	5942995
176.636837	14980	0	5940293	5942995
176.648560	14980	0	5940293	5942995
176.654535	14980	0	5940293	5942995
176.661484	14980	0	5940293	5942995
176.670398	14980	0	5940293	5942995
176.684393	14980	0	5940293	5942995
176.694273	14980	0	5940293	5942995
176.709064	14980	0	5940293	5942995
176.716912	14980	0	5940293	5942995
176.731492	14980	0	5940293	5942995
176.741577	14980	0	5940293	5942995
176.751179	14980	0	5940293	5942995
176.759765	14980	0	5940293	5942995
176.772787	14980	0	5940293	5942995
176.782557	14980	0	5940293	5942995
176.794424	14980	0	5940293	5942995
176.804367	14980	0	5940293	5942995
176.812615	14980	0	5940293	5942995
176.821408	14980	0	5940293	5942995
176.833886	14980	0	5940293	5942995
176.846677	14980	0	5940293	5942995
176.860450	14980	0	5940293	5942995
176.873699	14980	0	5940293	5942995
176.883495	14980	0	5940293	5942995
176.896628	14980	0	5940293	5942995
176.904353	14980	0	5940293	5942995
176.914857	14980	0	5940293	5942995
176.925853	14980	0	5940293	5942995
176.935973	14980	0	5940293	5942995
176.945876	14980	0	5940293	5942995
176.954488	14980	0	5940293	5942995
176.968857	14980	0	5940293	5942995
176.978213	14980	0	5940293	5942995
176.989706	14980	0	5940293	5942995
176.999184	14980	0	5940293	5942995
177.008145	14980	0	5940293	5942995
177.022964	14980	0	5940293	5942995
177.032244	14980	0	5940293	5942995
177.045275	14980	0	5940293	5942995
177.059498	14980	0	5940293	5942995
177.072130	14980	0	5940293	5942995
177.081205	14980	0	5940293	5942995
177.104673	14980	0	5940293	5942995
177.115570	14980	0	5940293	5942995
177.125598	14980	0	5940293	5942995
177.133634	14980	0	5940293	5942995
177.139246	14980	0	5940293	5942995
177.151246	14980	0	5940293	5942995
177.159796	14980	0	5940293	5942995
177.172681	14980	0	5940293	5942995
177.182684	14980	0	5940293	5942995
177.191633	14980	0	5940293	5942995
177.204310	14980	0	5940293	5942995
177.215304	14980	0	5940293	5942995
177.227123	14980	0	5940293	5942995
177.233061	14980	0	5940293	5942995
177.247777	14980	0	5940293	5942995
177.257374	14980	0	5940293	5942995
177.264831	14980	0	5940293	5942995
177.273037	14980	0	5940293	5942995
177.278728	14980	0	5940293	5942995
177.292815	14980	0	5940293	5942995
177.304055	14980	0	5940293	5942995
177.309360	14980	0	5940293	5942995
177.314846	14980	0	5940293	5942995
177.324061	14980	0	5940293	5942995
177.329500	14980	0	5940293	5942995
177.341291	14980	0	5940293	5942995
177.351405	14980	0	5940293	5942995
177.358147	14980	0	5940293	5942995
177.375881	14980	0	5940293	5942995
177.387213	14980	0	5940293	5942995
177.398962	14980	0	5940293	5942995
177.413113	14980	0	5940293	5942995
177.425161	14980	0	5940293	5942995
177.438941	14980	0	5940293	5942995
177.448858	14980	0	5940293	5942995
177.466795	14980	0	5940293	5942995
177.476914	14980	0	5940293	5942995
177.485607	14980	0	5940293	5942995
177.499862	14980	0	5940293	5942995
177.512384	14980	0	5940293	5942995
177.525306	14980	0	5940293	5942995
177.539106	14980	0	5940293	5942995
177.548565	14980	0	5940293	5942995
177.561602	14980	0	5940293	5942995
177.574547	14980	0	5940293	5942995
177.588212	14980	0	5940293	5942995
177.597358	14980	0	5940293	5942995
177.605946	14980	0	5940293	5942995
177.613660	14980	0	5940293	5942995
177.619512	14980	0	5940293	5942995
177.625239	14980	0	5940293	5942995
177.630785	14980	0	5940293	5942995
177.640216	14980	0	5940293	5942995
177.646768	14980	0	5940293	5942995
177.657796	14980	0	5940293	5942995
177.678763	14980	0	5940293	5942995
177.692653	14980	0	5940293	5942995
177.705450	14980	0	5940293	5942995
177.727902	14980	0	5940293	5942995
177.742309	14980	0	5940293	5942995
177.752129	14980	0	5940293	5942995
177.762716	14980	0	5940293	5942995
177.774738	14980	0	5940293	5942995
177.784781	14982	3	812944	805298
177.798773	14983	0	821034	828446
177.807846	14985	3	865423	865423
177.822977	14987	0	889745	898405
177.829463	14987	0	889745	898405
177.842991	14987	0	889745	898405
177.852565	14989	0	975149	981052
177.866787	14991	0	997401	1002513
177.879640	14994	3	1048374	1039285
177.887348	14995	0	1053896	1061378
177.902264	14995	0	1053896	1061378
177.912163	14995	0	1053896	1061378
177.946716	14996	0	1205538	1212517
177.954911	14998	3	1228309	1228309
177.969944	14999	2	1260344	1234567
177.976086	15000	0	1264706	1269431
177.988356	15002	0	1283610	1289158
178.002748	15002	0	1283610	1289158
178.018751	15002	0	1283610	1289158
178.027074	15004	2	1362555	1362555
178.110750	15004	3	1362555	1362555
178.125239	15006	2	1386596	1386596
178.132075	15006	0	1386596	1393639
178.146746	15007	2	1426559	1393639
178.160289	15008	0	1434810	1441134
178.170112	15010	0	1456425	1461939
178.177444	15010	0	1456425	1461939
178.183332	15010	0	1456425	1461939
178.197601	15010	0	1456425	1461939
178.208100	15010	0	1456425	1461939
178.215194	15010	0	1456425	1461939
178.222853	15010	0	1456425	1461939
178.237376	15010	0	1456425	1461939
178.248879	15010	0	1456425	1461939
178.259373	15010	0	1456425	1461939
178.266760	15010	0	1456425	1461939
178.278791	15011	3	1614199	1461939
178.286752	15011	0	1614199	1622296
178.297984	15011	0	1614199	1622296
178.308835	15013	3	1635017	1635017
178.315316	15013	0	1635017	1642108
178.325104	15013	0	1635017	1642108
178.331977	15014	3	1671985	1642108
178.341894	15016	2	1696481	1685278
178.355440	15017	0	1702367	1709400
178.367447	15017	0	1702367	1709400
178.375935	15017	0	1702367	1709400
178.389196	15019	3	1785834	1785834
178.396817	15021	2	1804605	1804605
178.409108	15021	0	1804605	1810153
178.418793	15023	3	1849234	1849234
178.426270	15023	0	1849234	1858638
178.435641	15025	0	1873559	1879024
178.450606	15025	0	1873559	1879024
178.464871	15025	0	1873559	1879024
178.473046	15025	0	1873559	1879024
178.486133	15025	0	1873559	1879024
178.492209	15025	0	1873559	1879024
178.500622	15025	0	1873559	1879024
178.508970	15025	0	1873559	1879024
178.518085	15025	0	1873559	1879024
178.529928	15026	0	2027258	2033377
178.541148	15028	2	2047854	2047854
178.554790	15028	0	2047854	2054526
178.563318	15028	0	2047854	2054526
178.570574	15029	3	2084834	2054526
178.576358	15030	3	2093032	2093032
178.587637	15031	2	2110021	2099322
178.599739	15032	0	2114351	2120627
178.613590	15032	0	2114351	2120627
178.623349	15032	0	2114351	2120627
178.638100	15033	2	2192558	2120627
178.651336	15034	0	2198416	2206589
178.663341	15036	0	2223194	2228314
178.676687	15036	0	2223194	2228314
178.682168	15036	0	2223194	2228314
178.692403	15037	2	2261269	2228314
178.698369	15038	2	2268340	2268340
178.704139	15038	0	2268340	2275814
178.715598	15039	2	2287496	2275814
178.727100	15040	0	2294107	2300312
178.738783	15040	0	2294107	2300312
178.754729	15040	0	2294107	2300312
178.768665	15040	0	2294107	2300312
178.782084	15040	0	2294107	2300312
178.792401	15040	0	2294107	2300312
178.799250	15040	0	2294107	2300312
178.812209	15040	0	2294107	2300312
178.818991	15040	0	2294107	2300312
178.834005	15040	0	2294107	2300312
178.840262	15040	0	2294107	2300312
178.855799	15041	0	2465054	2475183
178.862769	15042	3	2486021	2475183
178.877944	15043	0	2494975	2500071
178.884829	15043	0	2494975	2500071
178.895715	15045	3	2536732	2536732
178.902153	15045	0	2536732	2542581
178.907669	15046	3	2552400	2542581
178.920670	15047	0	2557502	2563384
178.935806	15047	0	2557502	2563384
178.949229	15047	0	2557502	2563384
178.962790	15047	0	2557502	2563384
178.968362	15048	3	2638323	2563384
178.978340	15049	0	2646440	2653443
178.986366	15051	3	2673109	2673109
178.994721	15051	0	2673109	2677819
179.004929	15053	2	2712947	2712947
179.016167	15055	2	2736460	2736460
179.023077	15055	0	2736460	2739988
179.030099	15055	0	2736460	2739988
179.039662	15055	0	2736460	2739988
179.047461	15055	0	2736460	2739988
179.059311	15055	0	2736460	2739988
179.068243	15055	0	2736460	2739988
179.078131	15055	0	2736460	2739988
179.088316	15055	0	2736460	2739988
179.100492	15055	0	2736460	2739988
179.112199	15056	0	2900251	2906124
179.125723	15058	0	2923094	2929775
179.138459	15058	0	2923094	2929775
179.151919	15060	0	2968115	2972419
179.158727	15062	2	2992671	2992671
179.173800	15062	0	2992671	3000875
179.180013	15062	0	2992671	3000875
179.193362	15062	0	2992671	3000875
179.198756	15062	0	2992671	3000875
179.205623	15064	3	3084130	3084130
179.214973	15065	3	3101605	3090390
179.228522	15066	0	3107472	3114138
179.243266	15070	2	3166576	3166576
179.256674	15070	0	3166576	3174765
179.262051	15070	0	3166576	3174765
179.366489	15070	0	3166576	3174765
179.376256	15070	0	3166576	3174765
179.390188	15070	0	3166576	3174765
179.398149	15070	0	3166576	3174765
179.405073	15070	0	3166576	3174765
179.411605	15070	0	3166576	3174765
179.425513	15071	0	3337274	3344315
179.435964	15073	3	3359330	3359330
179.446772	15073	0	3359330	3364804
179.452242	15073	0	3359330	3364804
179.465204	15075	3	3404177	3404177
179.478126	15076	3	3420978	3409623
179.489146	15077	0	3426046	3431901
179.499613	15077	0	3426046	3431901
179.508794	15077	0	3426046	3431901
179.518649	15077	0	3426046	3431901
179.526432	15077	0	3426046	3431901
179.539703	15079	0	3520637	3527284
179.545229	15080	2	3540454	3527284
179.556768	15081	0	3547796	3552818
179.563799	15081	0	3547796	3552818
179.577897	15083	0	3594675	3601643
179.588525	15085	0	3616169	3621634
179.595554	15085	0	3616169	3621634
179.605033	15085	0	3616169	3621634
179.612972	15085	0	3616169	3621634
179.618257	15085	0	3616169	3621634
179.633339	15085	0	3616169	3621634
179.641248	15085	0	3616169	3621634
179.655408	15086	3	3784982	3621634
179.665358	15088	3	3802304	3802304
179.677882	15088	0	3802304	3807400
179.686339	15090	3	3846423	3846423
179.698573	15092	0	3873862	3877760
179.706968	15092	0	3873862	3877760
179.716363	15092	0	3873862	3877760
179.721770	15092	0	3873862	3877760
179.727029	15092	0	3873862	3877760
179.734750	15093	2	3957284	3877760
179.741817	15094	0	3963922	3969009
179.755074	15096	0	3989202	3997318
179.766717	15096	0	3989202	3997318
179.776084	15098	0	4040433	4045904
179.783189	15100	2	4063679	4063679
179.790966	15100	0	4063679	4070290
179.802460	15100	0	4063679	4070290
179.811698	15100	0	4063679	4070290
179.823129	15100	0	4063679	4070290
179.836046	15100	0	4063679	4070290
179.842727	15100	0	4063679	4070290
179.853084	15100	0	4063679	4070290
179.863151	15101	3	4243246	4070290
179.874488	15103	2	4263287	4263287
179.888559	15103	0	4263287	4269933
179.899583	15105	0	4309465	4316861
179.911001	15107	0	4335504	4339410
179.923460	15107	0	4335504	4339410
179.937312	15107	0	4335504	4339410
179.945871	15109	0	4422445	4427517
179.952770	15111	2	4444561	4444561
179.958129	15111	0	4444561	4453063
179.968738	15111	0	4444561	4453063
179.977497	15113	0	4497594	4504951
179.989015	15115	0	4525311	4531907
180.002206	15115	0	4525311	4531907
180.014302	15115	0	4525311	4531907
180.024523	15115	0	4525311	4531907
180.035706	15115	0	4525311	4531907
180.041061	15115	0	4525311	4531907
180.052390	15115	0	4525311	4531907
180.061634	15117	3	4718741	4711261
180.067176	15118	0	4723448	4727760
180.077816	15119	2	4759664	4727760
180.088916	15120	0	4767089	4772559
180.099178	15122	0	4795075	4802059
180.106762	15122	0	4795075	4802059
180.118737	15122	0	4795075	4802059
180.130489	15122	0	4795075	4802059
180.136926	15122	0	4795075	4802059
180.144815	15123	3	4889262	4802059
180.156267	15125	2	4917072	4904848
180.173657	15126	0	4920950	4926373
180.187651	15128	0	4969926	4976483
180.195279	15129	2	4989837	4976483
180.201286	15130	0	4998416	5003505
180.209062	15130	0	4998416	5003505
180.217276	15130	0	4998416	5003505
180.225706	15130	0	4998416	5003505
180.233423	15130	0	4998416	5003505
180.246084	15130	0	4998416	5003505
180.256324	15130	0	4998416	5003505
180.264457	15130	0	4998416	5003505
180.272144	15130	0	4998416	5003505
180.286843	15130	0	4998416	5003505
180.292987	15130	0	4998416	5003505
180.301533	15131	0	5188791	5196550
180.307471	15131	0	5188791	5196550
180.323424	15133	0	5212538	5216450
180.332663	15133	0	5212538	5216450
180.339646	15135	3	5255297	5255297
180.349169	15137	2	5277574	5277574
180.357708	15137	0	5277574	5281826
180.373010	15137	0	5277574	5281826
180.379666	15137	0	5277574	5281826
180.393798	15137	0	5277574	5281826
180.400849	15138	3	5362313	5281826
180.408244	15139	0	5368059	5373542
180.418919	15141	3	5392587	5392587
180.432503	15141	0	5392587	5398045
180.446549	15142	3	5438768	5398045
180.459578	15143	0	5448028	5455032
180.468107	15145	0	5473842	5480449
180.477988	15145	0	5473842	5480449
180.489726	15145	0	5473842	5480449
180.501374	15145	0	5473842	5480449
180.510783	15145	0	5473842	5480449
180.525122	15145	0	5473842	5480449
180.535105	15145	0	5473842	5480449
180.540815	15145	0	5473842	5480449
180.553994	15147	3	5678369	5668596
180.568087	15148	0	5686066	5691897
180.578946	15150	3	5730161	5730161
180.592166	15152	0	5751010	5755303
180.600651	15152	0	5751010	5755303
180.607467	15152	0	5751010	5755303
180.614610	15152	0	5751010	5755303
180.623686	15153	3	5836396	5755303
180.633153	15155	3	5862462	5849119
180.640225	15156	0	5867076	5875638
180.646047	15156	0	5867076	5875638
180.651457	15156	0	5867076	5875638
180.662323	15158	0	5923848	5930051
180.668570	15159	3	5944169	5930051
180.675685	15160	0	5951921	5958136
180.684767	15160	0	5951921	5958136
180.692511	15160	0	5951921	5958136
180.699206	15160	0	5951921	5958136
180.713615	15160	0	5951921	5958136
180.723499	15160	0	5951921	5958136
180.738804	15160	0	5951921	5958136
180.751339	15160	0	5951921	5958136
180.758561	15161	3	6154229	5958136
180.771345	15163	2	6183700	6183700
180.779520	15163	0	6183700	6188698
180.785411	15163	0	6183700	6188698
180.793891	15164	3	6222704	6188698
180.808265	15167	0	6245823	6250095
180.815429	15167	0	6245823	6250095
180.827058	15167	0	6245823	6250095
180.832517	15167	0	6245823	6250095
180.839683	15169	0	6335067	6339746
180.850912	15171	0	6359937	6368115
180.860663	15171	0	6359937	6368115
180.875332	15173	0	6417935	6425708
180.888745	15175	0	6444978	6450783
180.902560	15175	0	6444978	6450783
180.911893	15175	0	6444978	6450783
180.917925	15175	0	6444978	6450783
180.929680	15175	0	6444978	6450783
180.941469	15175	0	6444978	6450783
180.947716	15175	0	6444978	6450783
180.953016	15175	0	6444978	6450783
180.963353	15175	0	6444978	6450783
180.974549	15176	0	6650126	6658299
180.986002	15178	2	6678702	6678702
180.991667	15178	0	6678702	6685209
181.004376	15178	0	6678702	6685209
181.013061	15179	2	6727787	6685209
181.062806	15182	0	6764388	6769408
181.069325	15182	0	6764388	6769408
181.077381	15184	2	6859488	6859488
181.090392	15186	0	6881901	6888126
181.099400	15186	0	6881901	6888126
181.111311	15189	2	6941833	6931039
181.121358	15190	0	6946862	6952654
181.129314	15190	0	6946862	6952654
181.136416	15190	0	6946862	6952654
181.141744	15190	0	6946862	6952654
181.154570	15190	0	6946862	6952654
181.169224	15190	0	6946862	6952654
181.180689	15190	0	6946862	6952654
181.186706	15190	0	6946862	6952654
181.196427	15190	0	6946862	6952654
181.211534	15193	2	7160454	7160454
181.225788	15193	0	7160454	7166272
181.232337	15193	0	7160454	7166272
181.244409	15195	0	7206887	7213056
181.254874	15197	2	7230421	7230421
181.269487	15197	0	7230421	7237450
181.283116	15197	0	7230421	7237450
181.301629	15197	0	7230421	7237450
181.309273	15198	2	7330269	7237450
181.317036	15199	0	7336526	7344684
181.330380	15201	0	7365409	7371175
181.340156	15201	0	7365409	7371175
181.351748	15203	0	7424131	7431508
181.363650	15205	0	7452689	7456548
181.377395	15205	0	7452689	7456548
181.384814	15205	0	7452689	7456548
181.390772	15205	0	7452689	7456548
181.396311	15205	0	7452689	7456548
181.403872	15205	0	7452689	7456548
181.418816	15205	0	7452689	7456548
181.430713	15205	0	7452689	7456548
181.435898	15205	0	7452689	7456548
181.444457	15206	0	7665471	7672417
181.455726	15208	2	7694667	7694667
181.465037	15208	0	7694667	7702818
181.476323	15209	3	7744124	7702818
181.482339	15210	0	7748774	7754555
181.495586	15212	0	7773309	7780294
181.506935	15212	0	7773309	7780294
181.516242	15212	0	7773309	7780294
181.529939	15214	0	7875452	7878185
181.541466	15216	0	7896819	7903016
181.547815	15216	0	7896819	7903016
181.561198	15217	2	7941075	7903016
181.576183	15220	0	7969776	7974811
181.581519	15220	0	7969776	7974811
181.592761	15220	0	7969776	7974811
181.598109	15220	0	7969776	7974811
181.605549	15220	0	7969776	7974811
181.618860	15220	0	7969776	7974811
181.631186	15220	0	7969776	7974811
181.645192	15220	0	7969776	7974811
181.659741	15220	0	7969776	7974811
181.673828	15220	0	7969776	7974811
181.680502	15220	0	7969776	7974811
181.691985	15220	0	7969776	7974811
181.703846	15220	0	7969776	7974811
181.718571	15220	0	7969776	7974811
181.724289	15220	0	7969776	7974811
181.739213	15220	0	7969776	7974811
181.747441	15220	0	7969776	7974811
181.754703	15220	0	7969776	7974811
181.768166	15220	0	7969776	7974811
181.777384	15220	0	7969776	7974811
181.788883	15220	0	7969776	7974811
181.794754	15220	0	7969776	7974811
181.807280	15220	0	7969776	7974811
181.816214	15220	0	7969776	7974811
181.823968	15220	0	7969776	7974811
181.831895	15220	0	7969776	7974811
181.844965	15220	0	7969776	7974811
181.860105	15220	0	7969776	7974811
181.868286	15220	0	7969776	7974811
181.882173	15220	0	7969776	7974811
181.895215	15220	0	7969776	7974811
181.909419	15220	0	7969776	7974811
181.914933	15220	0	7969776	7974811
181.927754	15220	0	7969776	7974811
181.942005	15220	0	7969776	7974811
181.951210	15220	0	7969776	7974811
181.959401	15220	0	7969776	7974811
181.972630	15220	0	7969776	7974811
181.983963	15220	0	7969776	7974811
181.995934	15220	0	7969776	7974811
182.008086	15220	0	7969776	7974811
182.018416	15220	0	7969776	7974811
182.026482	15220	0	7969776	7974811
182.038993	15220	0	7969776	7974811
182.052346	15220	0	7969776	7974811
182.061572	15220	0	7969776	7974811
182.068431	15220	0	7969776	7974811
182.074114	15220	0	7969776	7974811
182.083901	15220	0	7969776	7974811
182.098781	15220	0	7969776	7974811
182.106122	15220	0	7969776	7974811
182.115022	15220	0	7969776	7974811
182.127983	15220	0	7969776	7974811
182.141271	15220	0	7969776	7974811
182.153296	15220	0	7969776	7974811
182.166957	15220	0	7969776	7974811
182.180996	15220	0	7969776	7974811
182.195705	15220	0	7969776	7974811
182.207006	15220	0	7969776	7974811
182.218339	15220	0	7969776	7974811
182.230133	15220	0	7969776	7974811
182.245417	15220	0	7969776	7974811
182.253148	15220	0	7969776	7974811
182.265126	15220	0	7969776	7974811
182.278263	15220	0	7969776	7974811
182.293021	15220	0	7969776	7974811
182.306379	15220	0	7969776	7974811
182.321454	15220	0	7969776	7974811
182.327118	15220	0	7969776	7974811
182.337968	15220	0	7969776	7974811
182.348643	15220	0	7969776	7974811
182.362633	15220	0	7969776	7974811
182.371377	15220	0	7969776	7974811
182.382226	15220	0	7969776	7974811
182.394937	15220	0	7969776	7974811
182.402759	15220	0	7969776	7974811
182.413256	15220	0	7969776	7974811
182.421375	15220	0	7969776	7974811
182.434034	15220	0	7969776	7974811
182.441013	15220	0	7969776	7974811
182.447178	15220	0	7969776	7974811
182.459365	15220	0	7969776	7974811
182.467274	15220	0	7969776	7974811
182.476680	15220	0	7969776	7974811
182.488288	15220	0	7969776	7974811
182.497050	15220	0	7969776	7974811
182.502314	15220	0	7969776	7974811
182.516423	15220	0	7969776	7974811
182.524093	15220	0	7969776	7974811
182.529954	15220	0	7969776	7974811
182.538106	15220	0	7969776	7974811
182.549449	15220	0	7969776	7974811
182.556098	15220	0	7969776	7974811
182.563140	15220	0	7969776	7974811
182.570089	15220	0	7969776	7974811
182.576676	15220	0	7969776	7974811
182.589197	15220	0	7969776	7974811
182.603041	15220	0	7969776	7974811
182.608379	15220	0	7969776	7974811
182.616750	15220	0	7969776	7974811
182.626750	15220	0	7969776	7974811
182.638420	15220	0	7969776	7974811
182.650772	15220	0	7969776	7974811
182.658520	15220	0	7969776	7974811
182.666540	15220	0	7969776	7974811
182.672474	15220	0	7969776	7974811
182.686290	15220	0	7969776	7974811
182.696842	15220	0	7969776	7974811
182.702279	15220	0	7969776	7974811
182.708211	15220	0	7969776	7974811
182.720276	15220	0	7969776	7974811
182.735164	15220	0	7969776	7974811
182.745120	15220	0	7969776	7974811
182.757058	15220	0	7969776	7974811
182.770739	15220	0	7969776	7974811
182.776002	15220	0	7969776	7974811
182.790700	15220	0	7969776	7974811
182.800803	15220	0	7969776	7974811
182.810717	15220	0	7969776	7974811
182.822648	15220	0	7969776	7974811
182.831343	15220	0	7969776	7974811
182.839969	15220	0	7969776	7974811
182.854357	15220	0	7969776	7974811
182.867230	15220	0	7969776	7974811
182.881157	15220	0	7969776	7974811
182.894110	15220	0	7969776	7974811
182.899598	15220	0	7969776	7974811
182.911351	15220	0	7969776	7974811
182.926004	15220	0	7969776	7974811
182.935445	15220	0	7969776	7974811
182.940826	15220	0	7969776	7974811
182.954239	15220	0	7969776	7974811
182.968620	15220	0	7969776	7974811
182.980706	15220	0	7969776	7974811
182.995371	15220	0	7969776	7974811
183.006701	15220	0	7969776	7974811
183.021373	15220	0	7969776	7974811
183.027924	15220	0	7969776	7974811
183.033101	15220	0	7969776	7974811
183.044132	15220	0	7969776	7974811
183.049889	15220	0	7969776	7974811
183.060657	15220	0	7969776	7974811
183.070522	15220	0	7969776	7974811
183.081200	15220	0	7969776	7974811
183.091477	15220	0	7969776	7974811
183.106453	15220	0	7969776	7974811
183.115462	15220	0	7969776	7974811
183.121843	15220	0	7969776	7974811
183.133318	15220	0	7969776	7974811
183.139562	15220	0	7969776	7974811
183.152853	15220	0	7969776	7974811
183.164035	15220	0	7969776	7974811
183.174120	15220	0	7969776	7974811
183.182424	15220	0	7969776	7974811
183.193323	15220	0	7969776	7974811
183.199958	15220	0	7969776	7974811
183.211838	15220	0	7969776	7974811
183.225168	15220	0	7969776	7974811
183.238777	15220	0	7969776	7974811
183.247029	15220	0	7969776	7974811
183.255377	15220	0	7969776	7974811
183.267589	15220	0	7969776	7974811
183.277467	15220	0	7969776	7974811
183.288633	15220	0	7969776	7974811
183.298760	15220	0	7969776	7974811
183.307375	15220	0	7969776	7974811
183.317732	15220	0	7969776	7974811
183.329777	15220	0	7969776	7974811
183.335533	15220	0	7969776	7974811
183.350075	15220	0	7969776	7974811
183.359802	15220	0	7969776	7974811
183.369544	15220	0	7969776	7974811
183.382224	15220	0	7969776	7974811
183.389335	15220	0	7969776	7974811
183.401242	15220	0	7969776	7974811
183.416392	15220	0	7969776	7974811
183.429667	15220	0	7969776	7974811
183.443854	15220	0	7969776	7974811
183.456732	15220	0	7969776	7974811
183.467395	15220	0	7969776	7974811
183.472983	15220	0	7969776	7974811
183.482742	15220	0	7969776	7974811
183.488991	15220	0	7969776	7974811
183.495678	15220	0	7969776	7974811
183.508850	15220	0	7969776	7974811
183.522498	15220	0	7969776	7974811
183.528760	15220	0	7969776	7974811
183.540059	15220	0	7969776	7974811
183.547059	15220	0	7969776	7974811
183.556815	15220	0	7969776	7974811
183.569725	15220	0	7969776	7974811
183.575824	15220	0	7969776	7974811
183.590880	15220	0	7969776	7974811
183.598778	15220	0	7969776	7974811
183.605478	15220	0	7969776	7974811
183.620025	15220	0	7969776	7974811
183.628162	15220	0	7969776	7974811
183.637281	15220	0	7969776	7974811
183.648277	15220	0	7969776	7974811
183.657071	15220	0	7969776	7974811
183.667055	15220	0	7969776	7974811
183.677001	15220	0	7969776	7974811
183.685597	15220	0	7969776	7974811
183.693149	15220	0	7969776	7974811
183.705330	15220	0	7969776	7974811
183.719523	15220	0	7969776	7974811
183.726305	15220	0	7969776	7974811
183.733378	15220	0	7969776	7974811
183.739197	15220	0	7969776	7974811
183.747046	15220	0	7969776	7974811
183.754609	15220	0	7969776	7974811
183.761832	15220	0	7969776	7974811
183.775407	15220	0	7969776	7974811
183.780695	15220	0	7969776	7974811
183.790431	15220	0	7969776	7974811
183.804631	15220	0	7969776	7974811
183.818480	15220	0	7969776	7974811
183.831259	15220	0	7969776	7974811
183.843674	15220	0	7969776	7974811
183.853499	15220	0	7969776	7974811
183.859014	15220	0	7969776	7974811
183.870943	15220	0	7969776	7974811
183.878712	15220	0	7969776	7974811
183.890872	15220	0	7969776	7974811
183.900373	15220	0	7969776	7974811
183.912922	15220	0	7969776	7974811
183.927578	15220	0	7969776	7974811
183.942744	15220	0	7969776	7974811
183.955317	15220	0	7969776	7974811
183.965093	15220	0	7969776	7974811
183.979154	15220	0	7969776	7974811
183.988026	15220	0	7969776	7974811
184.000705	15220	0	7969776	7974811
184.014880	15220	0	7969776	7974811
184.021043	15220	0	7969776	7974811
184.033772	15220	0	7969776	7974811
184.044290	15220	0	7969776	7974811
184.052952	15220	0	7969776	7974811
184.062446	15220	0	7969776	7974811
184.070761	15220	0	7969776	7974811
184.083241	15220	0	7969776	7974811
184.095529	15220	0	7969776	7974811
184.106307	15220	0	7969776	7974811
184.119319	15220	0	7969776	7974811
184.125413	15220	0	7969776	7974811
184.135920	15220	0	7969776	7974811
184.145773	15220	0	7969776	7974811
184.160413	15220	0	7969776	7974811
184.174497	15220	0	7969776	7974811
184.180546	15220	0	7969776	7974811
184.195332	15220	0	7969776	7974811
184.208103	15220	0	7969776	7974811
184.220971	15220	0	7969776	7974811
184.231973	15220	0	7969776	7974811
184.243333	15220	0	7969776	7974811
184.252157	15220	0	7969776	7974811
184.258166	15220	0	7969776	7974811
184.269577	15220	0	7969776	7974811
184.274852	15220	0	7969776	7974811
184.286909	15220	0	7969776	7974811
184.295114	15220	0	7969776	7974811
184.309415	15220	0	7969776	7974811
184.320962	15220	0	7969776	7974811
184.334632	15220	0	7969776	7974811
184.344970	15220	0	7969776	7974811
184.355001	15220	0	7969776	7974811
184.360552	15220	0	7969776	7974811
184.372405	15220	0	7969776	7974811
184.382857	15220	0	7969776	7974811
184.395991	15220	0	7969776	7974811
184.401605	15220	0	7969776	7974811
184.407046	15220	0	7969776	7974811
184.415375	15220	0	7969776	7974811
184.426513	15220	0	7969776	7974811
184.441288	15220	0	7969776	7974811
184.455584	15220	0	7969776	7974811
184.470448	15220	0	7969776	7974811
184.485267	15220	0	7969776	7974811
184.491983	15220	0	7969776	7974811
184.504350	15220	0	7969776	7974811
184.513003	15220	0	7969776	7974811
184.522563	15220	0	7969776	7974811
184.535348	15220	0	7969776	7974811
184.543974	15220	0	7969776	7974811
184.555110	15220	0	7969776	7974811
184.570909	15220	0	7969776	7974811
184.583594	15220	0	7969776	7974811
184.594585	15220	0	7969776	7974811
184.604032	15220	0	7969776	7974811
184.614263	15220	0	7969776	7974811
184.625595	15220	0	7969776	7974811
184.635664	15220	0	7969776	7974811
184.642739	15220	0	7969776	7974811
184.652093	15220	0	7969776	7974811
184.667086	15220	0	7969776	7974811
184.677607	15220	0	7969776	7974811
184.684576	15220	0	7969776	7974811
184.691866	15220	0	7969776	7974811
184.705704	15220	0	7969776	7974811
184.716648	15220	0	7969776	7974811
184.730743	15220	0	7969776	7974811
184.740922	15220	0	7969776	7974811
184.751338	15220	0	7969776	7974811
184.764758	15220	0	7969776	7974811
184.778385	15220	0	7969776	7974811
184.786520	15220	0	7969776	7974811
184.801141	15220	0	7969776	7974811
184.812088	15220	0	7969776	7974811
184.823759	15220	0	7969776	7974811
184.838359	15221	0	831166	835523
184.853209	15223	0	852701	860172
184.865545	15223	0	852701	860172
184.873753	15224	2	900117	860172
184.879883	15225	0	906435	912641
184.887335	15227	2	932250	932250
184.896464	15227	0	932250	940034
184.903841	15227	0	932250	940034
184.909238	15227	0	932250	940034
184.922424	15227	0	932250	940034
184.935654	15229	2	1043508	1043508
184.942124	15229	0	1043508	1051010
184.951645	15230	2	1066182	1051010
184.965338	15231	0	1074475	1079185
184.975254	15231	0	1074475	1079185
184.984338	15233	2	1127895	1127895
184.993944	15233	0	1127895	1135745
185.006714	15235	0	1152998	1159312
185.016438	15235	0	1152998	1159312
185.025175	15235	0	1152998	1159312
185.034383	15235	0	1152998	1159312
185.046723	15235	0	1152998	1159312
185.059204	15235	0	1152998	1159312
185.069468	15235	0	1152998	1159312
185.090249	15235	0	1152998	1159312
185.101030	15235	0	1152998	1159312
185.112003	15237	2	1376299	1366463
185.127031	15238	0	1382189	1388912
185.135310	15238	0	1382189	1388912
185.149118	15240	0	1436394	1444175
185.157980	15242	0	1465639	1471095
185.171372	15242	0	1465639	1471095
185.185862	15242	0	1465639	1471095
185.194700	15242	0	1465639	1471095
185.208765	15244	0	1574270	1580193
185.218585	15245	3	1595354	1580193
185.231551	15246	0	1601288	1609499
185.244877	15247	3	1652966	1609499
185.256996	15249	2	1678918	1665538
185.272118	15250	0	1684718	1689879
185.283349	15250	0	1684718	1689879
185.289107	15250	0	1684718	1689879
185.299547	15250	0	1684718	1689879
185.305906	15250	0	1684718	1689879
185.315030	15250	0	1684718	1689879
185.322224	15250	0	1684718	1689879
185.337000	15250	0	1684718	1689879
185.344754	15250	0	1684718	1689879
185.354839	15251	0	1900195	1906076
185.369329	15253	0	1925836	1933190
185.384005	15253	0	1925836	1933190
185.392672	15255	0	1982787	1988688
185.404681	15257	3	2012746	2012746
185.416522	15257	0	2012746	2019812
185.424159	15257	0	2012746	2019812
185.430226	15257	0	2012746	2019812
185.438268	15257	0	2012746	2019812
185.453054	15257	0	2012746	2019812
185.459594	15259	3	2127873	2127873
185.468552	15260	2	2147982	2133651
185.481169	15261	0	2154278	2159762
185.491843	15261	0	2154278	2159762
185.498762	15263	0	2207146	2211470
185.512139	15265	4	2229990	2229990
185.521015	15265	0	2229990	2236598
185.526549	15265	0	2229990	2236598
185.532823	15265	0	2229990	2236598
185.544999	15265	0	2229990	2236598
185.551809	15265	0	2229990	2236598
185.557809	15265	0	2229990	2236598
185.565475	15265	0	2229990	2236598
185.576226	15265	0	2229990	2236598
185.589622	15265	0	2229990	2236598
185.601042	15265	0	2229990	2236598
185.613980	15265	0	2229990	2236598
185.625283	15267	3	2456801	2446827
185.633148	15268	0	2463091	2468941
185.644954	15268	0	2463091	2468941
185.650528	15268	0	2463091	2468941
185.660282	15270	3	2516610	2516610
185.666479	15270	0	2516610	2525633
185.676799	15272	0	2546152	2552048
185.682173	15272	0	2546152	2552048
185.693305	15272	0	2546152	2552048
185.707156	15272	0	2546152	2552048
185.718582	15272	0	2546152	2552048
185.723839	15273	2	2652302	2552048
185.731321	15274	0	2661745	2665625
185.736817	15275	2	2680888	2665625
185.750730	15276	0	2687189	2693465
185.755950	15276	0	2687189	2693465
185.761923	15276	0	2687189	2693465
185.767386	15278	2	2746150	2746150
185.778828	15278	0	2746150	2753171
185.791279	15280	0	2775180	2781752
185.805971	15280	0	2775180	2781752
185.813046	15280	0	2775180	2781752
185.823460	15280	0	2775180	2781752
185.834041	15280	0	2775180	2781752
185.845275	15280	0	2775180	2781752
185.858576	15280	0	2775180	2781752
185.872090	15280	0	2775180	2781752
186.211037	15280	0	2775180	2781752
186.218987	15280	0	2775180	2781752
186.229897	15280	0	2775180	2781752
186.235750	15281	2	2996342	2781752
186.250046	15281	0	2996342	3002577
186.262868	15281	0	2996342	3002577
186.270090	15282	3	3013364	3002577
186.279146	15283	0	3018466	3024549
186.287876	15283	0	3018466	3024549
186.300932	15283	0	3018466	3024549
186.316822	15285	0	3069880	3077259
186.329850	15287	0	3098233	3104505
186.340727	15287	0	3098233	3104505
186.355811	15287	0	3098233	3104505
186.369723	15287	0	3098233	3104505
186.382722	15289	2	3213475	3213475
186.390163	15289	0	3213475	3219697
186.397434	15290	3	3235019	3219697
186.404153	15291	0	3243562	3247859
186.411900	15291	0	3243562	3247859
186.418167	15291	0	3243562	3247859
186.429906	15291	0	3243562	3247859
186.438997	15293	3	3305597	3305597
186.448755	15293	0	3305597	3312607
186.467195	15295	0	3335939	3344894
186.478575	15295	0	3335939	3344894
186.487309	15295	0	3335939	3344894
186.493883	15295	0	3335939	3344894
186.508380	15295	0	3335939	3344894
186.517118	15295	0	3335939	3344894
186.532083	15295	0	3335939	3344894
186.544910	15295	0	3335939	3344894
186.556862	15296	3	3581680	3344894
186.571817	15298	3	3611716	3611716
186.586628	15298	0	3611716	3620471
186.599283	15300	0	3677165	3686080
186.605118	15301	2	3701629	3686080
186.618255	15302	0	3706719	3710999
186.626077	15302	0	3706719	3710999
186.639270	15302	0	3706719	3710999
186.649361	15303	3	3810976	3710999
186.660057	15306	2	3841914	3841914
186.669374	15306	0	3841914	3848192
186.676823	15306	0	3841914	3848192
186.685976	15308	0	3891966	3898178
186.700832	15310	0	3917533	3922246
186.710384	15310	0	3917533	3922246
186.722756	15310	0	3917533	3922246
186.737359	15310	0	3917533	3922246
186.744841	15310	0	3917533	3922246
186.754558	15310	0	3917533	3922246
186.768611	15310	0	3917533	3922246
186.781302	15310	0	3917533	3922246
186.794774	15310	0	3917533	3922246
186.809757	15311	0	4138053	4143885
186.817204	15312	2	4153806	4143885
186.832343	15313	0	4158889	4163535
186.847121	15314	3	4208541	4163535
186.855908	15315	0	4218676	4224942
186.862478	15316	2	4243711	4224942
186.878909	15317	0	4251020	4256838
186.893063	15317	0	4251020	4256838
186.900657	15317	0	4251020	4256838
186.909299	15317	0	4251020	4256838
186.917089	15317	0	4251020	4256838
186.924387	15317	0	4251020	4256838
186.933144	15318	2	4366990	4256838
186.942475	15319	0	4375556	4379781
186.954246	15321	0	4403245	4408344
186.967039	15321	0	4403245	4408344
186.976349	15321	0	4403245	4408344
186.987092	15323	3	4461614	4461614
186.995031	15323	0	4461614	4470156
187.004116	15325	0	4489739	4495535
187.013014	15325	0	4489739	4495535
187.020062	15325	0	4489739	4495535
187.033979	15325	0	4489739	4495535
187.049131	15325	0	4489739	4495535
187.060690	15325	0	4489739	4495535
187.070735	15325	0	4489739	4495535
187.076204	15325	0	4489739	4495535
187.090503	15325	0	4489739	4495535
187.104385	15325	0	4489739	4495535
187.116975	15326	0	4731381	4741571
187.125658	15327	2	4754699	4741571
187.135057	15328	0	4760978	4765257
187.146571	15328	0	4760978	4765257
187.152156	15328	0	4760978	4765257
187.158193	15328	0	4760978	4765257
187.168369	15330	0	4813744	4818832
187.179235	15332	3	4839063	4839063
187.186309	15332	0	4839063	4845293
187.197204	15332	0	4839063	4845293
187.211162	15332	0	4839063	4845293
187.222394	15332	0	4839063	4845293
187.229044	15332	0	4839063	4845293
187.240223	15332	0	4839063	4845293
187.254276	15334	0	4950580	4957910
187.261773	15335	3	4973237	4957910
187.270874	15336	0	4978308	4986092
187.281150	15336	0	4978308	4986092
187.294726	15336	0	4978308	4986092
187.307385	15338	3	5039419	5039419
187.317007	15340	2	5066917	5066917
187.328178	15340	0	5066917	5070824
187.341881	15340	0	5066917	5070824
187.353432	15340	0	5066917	5070824
187.365712	15340	0	5066917	5070824
187.379015	15340	0	5066917	5070824
187.393846	15340	0	5066917	5070824
187.404422	15340	0	5066917	5070824
187.415414	15341	3	5296412	5070824
187.425912	15343	3	5318876	5318876
187.441014	15343	0	5318876	5325512
187.446746	15345	2	5376033	5376033
187.458616	15346	2	5401686	5383084
187.467947	15347	0	5409928	5418105
187.476848	15347	0	5409928	5418105
187.484632	15347	0	5409928	5418105
187.498829	15347	0	5409928	5418105
187.512563	15347	0	5409928	5418105
187.522329	15349	0	5540109	5547790
187.536060	15351	0	5568754	5576929
187.549034	15351	0	5568754	5576929
187.560715	15354	2	5649608	5635324
187.570186	15355	0	5655065	5659768
187.578079	15355	0	5655065	5659768
187.588753	15355	0	5655065	5659768
187.594307	15355	0	5655065	5659768
187.606764	15355	0	5655065	5659768
187.614604	15355	0	5655065	5659768
187.620573	15355	0	5655065	5659768
187.632057	15355	0	5655065	5659768
187.647502	15355	0	5655065	5659768
187.660664	15356	3	5894253	5659768
187.669366	15356	0	5894253	5900500
187.680014	15358	0	5918108	5925940
187.694257	15358	0	5918108	5925940
187.708209	15361	2	6003431	5986610
187.716520	15362	0	6010833	6015134
187.727783	15362	0	6010833	6015134
187.737125	15362	0	6010833	6015134
187.751230	15362	0	6010833	6015134
187.760669	15364	3	6129612	6129612
187.768624	15365	3	6153678	6137348
187.779286	15366	0	6158706	6165323
187.792910	15368	3	6217874	6217874
187.805995	15370	0	6244210	6250058
187.816367	15370	0	6244210	6250058
187.829874	15370	0	6244210	6250058
187.842291	15370	0	6244210	6250058
187.852653	15370	0	6244210	6250058
187.864299	15370	0	6244210	6250058
187.869906	15370	0	6244210	6250058
187.883230	15370	0	6244210	6250058
187.890604	15370	0	6244210	6250058
187.900150	15370	0	6244210	6250058
187.906231	15370	0	6244210	6250058
187.915278	15371	0	6491389	6498382
187.929548	15373	0	6516859	6524528
187.944564	15373	0	6516859	6524528
187.952291	15373	0	6516859	6524528
187.962240	15375	3	6579049	6579049
187.974318	15375	0	6579049	6588801
187.986517	15377	0	6613888	6621659
187.991828	15377	0	6613888	6621659
188.005528	15377	0	6613888	6621659
188.020276	15377	0	6613888	6621659
188.028916	15377	0	6613888	6621659
188.035970	15377	0	6613888	6621659
188.050725	15379	0	6736338	6739466
188.056895	15379	0	6736338	6739466
188.071625	15381	0	6763681	6769869
188.085228	15381	0	6763681	6769869
188.100429	15382	3	6817789	6769869
188.110989	15383	0	6823672	6828720
188.125870	15385	0	6849395	6855628
188.134705	15385	0	6849395	6855628
188.149832	15385	0	6849395	6855628
188.162333	15385	0	6849395	6855628
188.175622	15385	0	6849395	6855628
188.183792	15385	0	6849395	6855628
188.194695	15385	0	6849395	6855628
188.206226	15385	0	6849395	6855628
188.217039	15385	0	6849395	6855628
188.223937	15385	0	6849395	6855628
188.235312	15385	0	6849395	6855628
188.248296	15386	0	7092046	7097125
188.254813	15388	2	7118005	7118005
188.265074	15388	0	7118005	7123420
188.277982	15388	0	7118005	7123420
188.292240	15390	0	7174846	7183386
188.298783	15391	2	7200238	7183386
188.305709	15392	0	7206395	7212239
188.313469	15392	0	7206395	7212239
188.327343	15392	0	7206395	7212239
188.334404	15392	0	7206395	7212239
188.349446	15392	0	7206395	7212239
188.363840	15392	0	7206395	7212239
188.377357	15394	0	7331245	7337850
188.389508	15395	2	7355760	7337850
188.398366	15396	0	7363908	7370130
188.412643	15396	0	7363908	7370130
188.424264	15397	2	7422758	7370130
188.435329	15398	0	7430550	7435939
188.441844	15400	2	7457285	7457285
188.451055	15400	0	7457285	7463122
188.463892	15400	0	7457285	7463122
188.476101	15400	0	7457285	7463122
188.481829	15400	0	7457285	7463122
188.495232	15400	0	7457285	7463122
188.506535	15400	0	7457285	7463122
188.515701	15400	0	7457285	7463122
188.528581	15400	0	7457285	7463122
188.536812	15400	0	7457285	7463122
188.549314	15400	0	7457285	7463122
188.558385	15400	0	7457285	7463122
188.570347	15401	2	7718115	7463122
188.583483	15402	3	7743078	7727851
188.591965	15403	0	7748883	7755072
188.603482	15403	0	7748883	7755072
188.611695	15403	0	7748883	7755072
188.625961	15405	0	7812929	7816447
188.638003	15407	0	7842387	7848944
188.646757	15407	0	7842387	7848944
188.658162	15407	0	7842387	7848944
188.671744	15407	0	7842387	7848944
188.677383	15407	0	7842387	7848944
188.692405	15407	0	7842387	7848944
188.697867	15408	2	7964067	7848944
188.708419	15409	0	7968358	7974975
188.717410	15411	0	7995470	8001692
188.734739	15411	0	7995470	8001692
188.740078	15412	2	8050782	8001692
188.748535	15413	0	8057740	8064713
188.757534	15415	2	8085224	8085224
188.766814	15415	0	8085224	8090294
188.773488	15415	0	8085224	8090294
188.779681	15415	0	8085224	8090294
188.786112	15415	0	8085224	8090294
188.796629	15415	0	8085224	8090294
188.811439	15415	0	8085224	8090294
188.826562	15415	0	8085224	8090294
188.840379	15415	0	8085224	8090294
188.847193	15415	0	8085224	8090294
188.857069	15415	0	8085224	8090294
188.865629	15415	0	8085224	8090294
188.877538	15415	0	8085224	8090294
188.888684	15417	3	8349912	8339282
188.896301	15418	0	8354955	8358465
188.904084	15418	0	8354955	8358465
188.910678	15419	3	8399553	8358465
188.917670	15420	0	8406561	8411566
188.930515	15422	0	8434431	8439073
188.937487	15422	0	8434431	8439073
188.945543	15422	0	8434431	8439073
188.962058	15422	0	8434431	8439073
188.973061	15422	0	8434431	8439073
188.987170	15423	3	8556032	8439073
189.000627	15424	0	8563043	8570842
189.012984	15426	0	8595810	8603586
189.018483	15426	0	8595810	8603586
189.032449	15427	2	8658330	8603586
189.040138	15428	0	8664911	8670304
189.047438	15430	2	8696237	8696237
189.056598	15430	0	8696237	8701669
189.069527	15430	0	8696237	8701669
189.080772	15430	0	8696237	8701669
189.089726	15430	0	8696237	8701669
189.100385	15430	0	8696237	8701669
189.110156	15430	0	8696237	8701669
189.117224	15430	0	8696237	8701669
189.129475	15430	0	8696237	8701669
189.136174	15430	0	8696237	8701669
189.142856	15430	0	8696237	8701669
189.151524	15430	0	8696237	8701669
189.164862	15433	3	8979294	8979294
189.175968	15433	0	8979294	8985095
189.184967	15433	0	8979294	8985095
189.194030	15435	0	9042722	9048890
189.207621	15437	0	9072162	9076829
189.212852	15437	0	9072162	9076829
189.222541	15437	0	9072162	9076829
189.232366	15437	0	9072162	9076829
189.241123	15437	0	9072162	9076829
189.250368	15437	0	9072162	9076829
189.261342	15437	0	9072162	9076829
189.272312	15439	0	9210042	9215817
189.278407	15439	0	9210042	9215817
189.294098	15441	0	9243947	9248954
189.302734	15441	0	9243947	9248954
189.316639	15441	0	9243947	9248954
189.325860	15443	0	9309259	9316224
189.338787	15444	3	9333518	9316224
189.350751	15445	0	9338568	9345582
189.361074	15445	0	9338568	9345582
189.369484	15445	0	9338568	9345582
189.381797	15445	0	9338568	9345582
189.394250	15445	0	9338568	9345582
189.404873	15445	0	9338568	9345582
189.410169	15445	0	9338568	9345582
189.422565	15445	0	9338568	9345582
189.434546	15445	0	9338568	9345582
189.444150	15445	0	9338568	9345582
189.455260	15445	0	9338568	9345582
189.463213	15445	0	9338568	9345582
189.474693	15446	0	9604552	9611494
189.489369	15448	0	9628972	9635133
189.499048	15448	0	9628972	9635133
189.508189	15448	0	9628972	9635133
189.518161	15450	3	9691969	9691969
189.533293	15452	0	9724654	9729275
189.544293	15452	0	9724654	9729275
189.556508	15452	0	9724654	9729275
189.565579	15452	0	9724654	9729275
189.571883	15452	0	9724654	9729275
189.586894	15454	0	9854909	9862284
189.600562	15456	0	9883369	9890726
189.614228	15456	0	9883369	9890726
189.622051	15457	2	9942920	9890726
189.630599	15458	0	9950287	9954183
189.644565	15460	0	9980905	9988259
189.652902	15460	0	9980905	9988259
189.661006	15460	0	9980905	9988259
189.672136	15460	0	9980905	9988259
189.680776	15460	0	9980905	9988259
189.693824	15460	0	9980905	9988259
189.702581	15460	0	9980905	9988259
189.716912	15460	0	9980905	9988259
189.723863	15460	0	9980905	9988259
189.730538	15460	0	9980905	9988259
189.742564	15460	0	9980905	9988259
189.749283	15460	0	9980905	9988259
189.756600	15460	0	9980905	9988259
189.771126	15460	0	9980905	9988259
189.785675	15460	0	9980905	9988259
189.793328	15460	0	9980905	9988259
189.806176	15460	0	9980905	9988259
189.821096	15460	0	9980905	9988259
189.827515	15460	0	9980905	9988259
189.838916	15460	0	9980905	9988259
189.846505	15460	0	9980905	9988259
189.852110	15460	0	9980905	9988259
189.857623	15460	0	9980905	9988259
189.869595	15460	0	9980905	9988259
189.884187	15460	0	9980905	9988259
189.890439	15460	0	9980905	9988259
189.899305	15460	0	9980905	9988259
189.912496	15460	0	9980905	9988259
189.918149	15460	0	9980905	9988259
189.928082	15460	0	9980905	9988259
189.933444	15460	0	9980905	9988259
189.939702	15460	0	9980905	9988259
189.950808	15460	0	9980905	9988259
189.962341	15460	0	9980905	9988259
189.974917	15460	0	9980905	9988259
189.988613	15460	0	9980905	9988259
190.003466	15460	0	9980905	9988259
190.017171	15460	0	9980905	9988259
190.028830	15460	0	9980905	9988259
190.039178	15460	0	9980905	9988259
190.046566	15460	0	9980905	9988259
190.054446	15460	0	9980905	9988259
190.063992	15460	0	9980905	9988259
190.069521	15460	0	9980905	9988259
190.083451	15460	0	9980905	9988259
190.095152	15460	0	9980905	9988259
190.107109	15460	0	9980905	9988259
190.117331	15460	0	9980905	9988259
190.127947	15460	0	9980905	9988259
190.133859	15460	0	9980905	9988259
190.139642	15460	0	9980905	9988259
190.151628	15460	0	9980905	9988259
190.164828	15460	0	9980905	9988259
190.178519	15460	0	9980905	9988259
190.191062	15460	0	9980905	9988259
190.201930	15460	0	9980905	9988259
190.214780	15460	0	9980905	9988259
190.226881	15460	0	9980905	9988259
190.240886	15460	0	9980905	9988259
190.247051	15460	0	9980905	9988259
190.253785	15460	0	9980905	9988259
190.260758	15460	0	9980905	9988259
190.266170	15460	0	9980905	9988259
190.280790	15460	0	9980905	9988259
190.291036	15460	0	9980905	9988259
190.298746	15460	0	9980905	9988259
190.310420	15460	0	9980905	9988259
190.319249	15460	0	9980905	9988259
190.334217	15460	0	9980905	9988259
190.342783	15460	0	9980905	9988259
190.356510	15460	0	9980905	9988259
190.362987	15460	0	9980905	9988259
190.369492	15460	0	9980905	9988259
190.382452	15460	0	9980905	9988259
190.394189	15460	0	9980905	9988259
190.402000	15460	0	9980905	9988259
190.412682	15460	0	9980905	9988259
190.423078	15460	0	9980905	9988259
190.433239	15460	0	9980905	9988259
190.439337	15460	0	9980905	9988259
190.446504	15460	0	9980905	9988259
190.460622	15460	0	9980905	9988259
190.471511	15460	0	9980905	9988259
190.482126	15460	0	9980905	9988259
190.490609	15460	0	9980905	9988259
190.504778	15460	0	9980905	9988259
190.512987	15460	0	9980905	9988259
190.526987	15460	0	9980905	9988259
190.540298	15460	0	9980905	9988259
190.551900	15460	0	9980905	9988259
190.560669	15460	0	9980905	9988259
190.568814	15460	0	9980905	9988259
190.579085	15460	0	9980905	9988259
190.589798	15460	0	9980905	9988259
190.595511	15460	0	9980905	9988259
190.601545	15460	0	9980905	9988259
190.608698	15460	0	9980905	9988259
190.620307	15460	0	9980905	9988259
190.628435	15460	0	9980905	9988259
190.634587	15460	0	9980905	9988259
190.640523	15460	0	9980905	9988259
190.648233	15460	0	9980905	9988259
190.653821	15460	0	9980905	9988259
190.668257	15460	0	9980905	9988259
190.683257	15460	0	9980905	9988259
190.690236	15460	0	9980905	9988259
190.701371	15460	0	9980905	9988259
190.714898	15460	0	9980905	9988259
190.721373	15460	0	9980905	9988259
190.732932	15460	0	9980905	9988259
190.745615	15460	0	9980905	9988259
190.754801	15460	0	9980905	9988259
190.769589	15460	0	9980905	9988259
190.776179	15460	0	9980905	9988259
190.781694	15460	0	9980905	9988259
190.790462	15460	0	9980905	9988259
190.800209	15460	0	9980905	9988259
190.811561	15460	0	9980905	9988259
190.819902	15460	0	9980905	9988259
190.844722	15460	0	9980905	9988259
190.852172	15460	0	9980905	9988259
190.858102	15460	0	9980905	9988259
190.863771	15460	0	9980905	9988259
190.878787	15460	0	9980905	9988259
190.888868	15460	0	9980905	9988259
190.894483	15460	0	9980905	9988259
190.909218	15460	0	9980905	9988259
190.915835	15460	0	9980905	9988259
190.925044	15460	0	9980905	9988259
190.930940	15460	0	9980905	9988259
190.943215	15460	0	9980905	9988259
190.953399	15460	0	9980905	9988259
190.967372	15460	0	9980905	9988259
190.978835	15460	0	9980905	9988259
190.992422	15460	0	9980905	9988259
191.000530	15460	0	9980905	9988259
191.007257	15460	0	9980905	9988259
191.022480	15460	0	9980905	9988259
191.028174	15460	0	9980905	9988259
191.033957	15460	0	9980905	9988259
191.049019	15460	0	9980905	9988259
191.062665	15460	0	9980905	9988259
191.072487	15460	0	9980905	9988259
191.086746	15460	0	9980905	9988259
191.101081	15460	0	9980905	9988259
191.108547	15460	0	9980905	9988259
191.120272	15460	0	9980905	9988259
191.133863	15460	0	9980905	9988259
191.146734	15460	0	9980905	9988259
191.158110	15460	0	9980905	9988259
191.167505	15460	0	9980905	9988259
191.175435	15460	0	9980905	9988259
191.182305	15460	0	9980905	9988259
191.196287	15460	0	9980905	9988259
191.204001	15460	0	9980905	9988259
191.211871	15460	0	9980905	9988259
191.225782	15460	0	9980905	9988259
191.231678	15460	0	9980905	9988259
191.237196	15460	0	9980905	9988259
191.247687	15460	0	9980905	9988259
191.253021	15460	0	9980905	9988259
191.263342	15460	0	9980905	9988259
191.268692	15460	0	9980905	9988259
191.282473	15460	0	9980905	9988259
191.291609	15460	0	9980905	9988259
191.303337	15460	0	9980905	9988259
191.315129	15460	0	9980905	9988259
191.323389	15460	0	9980905	9988259
191.330467	15460	0	9980905	9988259
191.342518	15460	0	9980905	9988259
191.357697	15460	0	9980905	9988259
191.371603	15460	0	9980905	9988259
191.381901	15460	0	9980905	9988259
191.387736	15460	0	9980905	9988259
191.395998	15460	0	9980905	9988259
191.402331	15460	0	9980905	9988259
191.413092	15460	0	9980905	9988259
191.420753	15460	0	9980905	9988259
191.426494	15460	0	9980905	9988259
191.439839	15460	0	9980905	9988259
191.446971	15460	0	9980905	9988259
191.457581	15460	0	9980905	9988259
191.467959	15460	0	9980905	9988259
191.475472	15460	0	9980905	9988259
191.483095	15460	0	9980905	9988259
191.492164	15460	0	9980905	9988259
191.498463	15460	0	9980905	9988259
191.511291	15460	0	9980905	9988259
191.523145	15460	0	9980905	9988259
191.530677	15460	0	9980905	9988259
191.536528	15460	0	9980905	9988259
191.548477	15460	0	9980905	9988259
191.557075	15460	0	9980905	9988259
191.566160	15460	0	9980905	9988259
191.576183	15460	0	9980905	9988259
191.588466	15460	0	9980905	9988259
191.600743	15460	0	9980905	9988259
191.610407	15460	0	9980905	9988259
191.619488	15460	0	9980905	9988259
191.626602	15460	0	9980905	9988259
191.635408	15460	0	9980905	9988259
191.642475	15460	0	9980905	9988259
191.655988	15460	0	9980905	9988259
191.670984	15460	0	9980905	9988259
191.686062	15460	0	9980905	9988259
191.700956	15460	0	9980905	9988259
191.711461	15460	0	9980905	9988259
191.718365	15460	0	9980905	9988259
191.725118	15460	0	9980905	9988259
191.732626	15460	0	9980905	9988259
191.741675	15460	0	9980905	9988259
191.756268	15460	0	9980905	9988259
191.762303	15460	0	9980905	9988259
191.776573	15460	0	9980905	9988259
191.782035	15460	0	9980905	9988259
191.797251	15460	0	9980905	9988259
191.806735	15460	0	9980905	9988259
191.812214	15460	0	9980905	9988259
191.823205	15460	0	9980905	9988259
191.828948	15460	0	9980905	9988259
191.837539	15460	0	9980905	9988259
191.852336	15460	0	9980905	9988259
191.864574	15460	0	9980905	9988259
191.879629	15460	0	9980905	9988259
191.894568	15460	0	9980905	9988259
191.903045	15460	0	9980905	9988259
191.908307	15460	0	9980905	9988259
191.921207	15460	0	9980905	9988259
191.933169	15460	0	9980905	9988259
191.939086	15460	0	9980905	9988259
191.949262	15460	0	9980905	9988259
191.958038	15460	0	9980905	9988259
191.965941	15460	0	9980905	9988259
191.978320	15460	0	9980905	9988259
191.984209	15460	0	9980905	9988259
191.990492	15460	0	9980905	9988259
192.003224	15460	0	9980905	9988259
192.011729	15460	0	9980905	9988259
192.017149	15460	0	9980905	9988259
192.030735	15460	0	9980905	9988259
192.036995	15460	0	9980905	9988259
192.044335	15460	0	9980905	9988259
192.057830	15460	0	9980905	9988259
192.066472	15460	0	9980905	9988259
192.075312	15460	0	9980905	9988259
192.083812	15460	0	9980905	9988259
192.094527	15460	0	9980905	9988259
192.104641	15460	0	9980905	9988259
192.115590	15460	0	9980905	9988259
192.126036	15460	0	9980905	9988259
192.137389	15460	0	9980905	9988259
192.145914	15460	0	9980905	9988259
192.160476	15460	0	9980905	9988259
192.173820	15460	0	9980905	9988259
192.186762	15460	0	9980905	9988259
192.196501	15460	0	9980905	9988259
192.210819	15460	0	9980905	9988259
192.224268	15460	0	9980905	9988259
192.237842	15460	0	9980905	9988259
192.245307	15460	0	9980905	9988259
192.252854	15460	0	9980905	9988259
192.263915	15460	0	9980905	9988259
192.269423	15460	0	9980905	9988259
192.275176	15460	0	9980905	9988259
192.282519	15460	0	9980905	9988259
192.287774	15460	0	9980905	9988259
192.294143	15460	0	9980905	9988259
192.303159	15460	0	9980905	9988259
192.318272	15460	0	9980905	9988259
192.332924	15460	0	9980905	9988259
192.341130	15460	0	9980905	9988259
192.356044	15460	0	9980905	9988259
192.366686	15460	0	9980905	9988259
192.375489	15460	0	9980905	9988259
192.382560	15460	0	9980905	9988259
192.392986	15460	0	9980905	9988259
192.398560	15460	0	9980905	9988259
192.409603	15460	0	9980905	9988259
192.421696	15460	0	9980905	9988259
192.427949	15460	0	9980905	9988259
192.440078	15460	0	9980905	9988259
192.452982	15460	0	9980905	9988259
192.461567	15460	0	9980905	9988259
192.474532	15460	0	9980905	9988259
192.482342	15460	0	9980905	9988259
192.492286	15460	0	9980905	9988259
192.501139	15460	0	9980905	9988259
192.509157	15460	0	9980905	9988259
192.519214	15460	0	9980905	9988259
192.528931	15460	0	9980905	9988259
192.541680	15460	0	9980905	9988259
192.554702	15460	0	9980905	9988259
192.569298	15460	0	9980905	9988259
192.575835	15460	0	9980905	9988259
192.583556	15460	0	9980905	9988259
192.590726	15460	0	9980905	9988259
192.605126	15460	0	9980905	9988259
192.616154	15460	0	9980905	9988259
192.624286	15460	0	9980905	9988259
192.630000	15460	0	9980905	9988259
192.636175	15460	0	9980905	9988259
192.642170	15460	0	9980905	9988259
192.655474	15460	0	9980905	9988259
192.664073	15460	0	9980905	9988259
192.675944	15460	0	9980905	9988259
192.682747	15460	0	9980905	9988259
192.694625	15460	0	9980905	9988259
192.701967	15460	0	9980905	9988259
192.716000	15460	0	9980905	9988259
192.723798	15460	0	9980905	9988259
192.729793	15460	0	9980905	9988259
192.741406	15460	0	9980905	9988259
192.754076	15460	0	9980905	9988259
192.761629	15460	0	9980905	9988259
192.773487	15460	0	9980905	9988259
192.779793	15460	0	9980905	9988259
192.789357	15460	0	9980905	9988259
192.801193	15460	0	9980905	9988259
192.812817	15460	0	9980905	9988259
192.825594	15460	0	9980905	9988259
192.832804	15460	0	9980905	9988259
192.846335	15460	0	9980905	9988259
192.854847	15460	0	9980905	9988259
192.869971	15460	0	9980905	9988259
192.881233	15460	0	9980905	9988259
192.895766	15460	0	9980905	9988259
192.903298	15460	0	9980905	9988259
192.916947	15460	0	9980905	9988259
192.929453	15460	0	9980905	9988259
192.937607	15460	0	9980905	9988259
192.947081	15460	0	9980905	9988259
192.955715	15460	0	9980905	9988259
192.966770	15460	0	9980905	9988259
192.979000	15460	0	9980905	9988259
192.992198	15460	0	9980905	9988259
193.003234	15460	0	9980905	9988259
193.015500	15460	0	9980905	9988259
193.026531	15460	0	9980905	9988259
193.038524	15460	0	9980905	9988259
193.047183	15460	0	9980905	9988259
193.059589	15460	0	9980905	9988259
193.064833	15460	0	9980905	9988259
193.071530	15460	0	9980905	9988259
193.086165	15460	0	9980905	9988259
193.098621	15460	0	9980905	9988259
193.110102	15460	0	9980905	9988259
193.117390	15460	0	9980905	9988259
193.130288	15460	0	9980905	9988259
193.144795	15460	0	9980905	9988259
193.151570	15460	0	9980905	9988259
193.162483	15460	0	9980905	9988259
193.177098	15460	0	9980905	9988259
193.191524	15460	0	9980905	9988259
193.204010	15460	0	9980905	9988259
193.216269	15460	0	9980905	9988259
193.222170	15460	0	9980905	9988259
193.234756	15460	0	9980905	9988259
193.245078	15460	0	9980905	9988259
193.258248	15460	0	9980905	9988259
193.271368	15460	0	9980905	9988259
193.278712	15460	0	9980905	9988259
193.283935	15460	0	9980905	9988259
193.291708	15460	0	9980905	9988259
193.297509	15460	0	9980905	9988259
193.306725	15460	0	9980905	9988259
193.313455	15460	0	9980905	9988259
193.323561	15460	0	9980905	9988259
193.335030	15460	0	9980905	9988259
193.343980	15460	0	9980905	9988259
193.354976	15460	0	9980905	9988259
193.365906	15460	0	9980905	9988259
193.380667	15460	0	9980905	9988259
193.389793	15460	0	9980905	9988259
193.401147	15460	0	9980905	9988259
193.410148	15460	0	9980905	9988259
193.418608	15460	0	9980905	9988259
193.433287	15460	0	9980905	9988259
193.445248	15460	0	9980905	9988259
193.452792	15460	0	9980905	9988259
193.458260	15460	0	9980905	9988259
193.470732	15460	0	9980905	9988259
193.476910	15460	0	9980905	9988259
193.491254	15460	0	9980905	9988259
193.503672	15460	0	9980905	9988259
193.517704	15460	0	9980905	9988259
193.524101	15460	0	9980905	9988259
193.532377	15460	0	9980905	9988259
193.543000	15460	0	9980905	9988259
193.553475	15460	0	9980905	9988259
193.565386	15460	0	9980905	9988259
193.574384	15460	0	9980905	9988259
193.579680	15460	0	9980905	9988259
193.589544	15460	0	9980905	9988259
193.604650	15460	0	9980905	9988259
193.611805	15460	0	9980905	9988259
193.618016	15460	0	9980905	9988259
193.632931	15460	0	9980905	9988259
193.643254	15460	0	9980905	9988259
193.655871	15460	0	9980905	9988259
193.663072	15460	0	9980905	9988259
193.670905	15460	0	9980905	9988259
193.678629	15460	0	9980905	9988259
193.683880	15460	0	9980905	9988259
193.690342	15460	0	9980905	9988259
193.703102	15460	0	9980905	9988259
193.713882	15460	0	9980905	9988259
193.726296	15460	0	9980905	9988259
193.738621	15460	0	9980905	9988259
193.744020	15460	0	9980905	9988259
193.757037	15460	0	9980905	9988259
193.763951	15460	0	9980905	9988259
193.776549	15460	0	9980905	9988259
193.782584	15460	0	9980905	9988259
193.793734	15460	0	9980905	9988259
193.803206	15460	0	9980905	9988259
193.815228	15460	0	9980905	9988259
193.820451	15460	0	9980905	9988259
193.834447	15460	0	9980905	9988259
193.841049	15460	0	9980905	9988259
193.853921	15460	0	9980905	9988259
193.861202	15460	0	9980905	9988259
193.870380	15460	0	9980905	9988259
193.876885	15460	0	9980905	9988259
193.891757	15460	0	9980905	9988259
193.904624	15460	0	9980905	9988259
193.918942	15460	0	9980905	9988259
193.932928	15460	0	9980905	9988259
193.944632	15460	0	9980905	9988259
193.951426	15460	0	9980905	9988259
193.957265	15460	0	9980905	9988259
193.963379	15460	0	9980905	9988259
193.974054	15460	0	9980905	9988259
193.983736	15460	0	9980905	9988259
193.997349	15460	0	9980905	9988259
194.005524	15460	0	9980905	9988259
194.020482	15460	0	9980905	9988259
194.035426	15460	0	9980905	9988259
194.047264	15460	0	9980905	9988259
194.053821	15460	0	9980905	9988259
194.067470	15460	0	9980905	9988259
194.078108	15460	0	9980905	9988259
194.085149	15460	0	9980905	9988259
194.092133	15460	0	9980905	9988259
194.099064	15460	0	9980905	9988259
194.110281	15460	0	9980905	9988259
194.120323	15460	0	9980905	9988259
194.133831	15460	0	9980905	9988259
194.146520	15460	0	9980905	9988259
194.154976	15460	0	9980905	9988259
194.165743	15460	0	9980905	9988259
194.177373	15460	0	9980905	9988259
194.190922	15460	0	9980905	9988259
194.199421	15461	0	878873	888724
194.208858	15461	0	878873	888724
194.215560	15463	3	914170	914170
194.224086	15463	0	914170	920349
194.230740	15463	0	914170	920349
194.243315	15463	0	914170	920349
194.257875	15465	0	982959	987710
194.271967	15467	0	1017606	1025526
194.283734	15467	0	1017606	1025526
194.297822	15467	0	1017606	1025526
194.309940	15467	0	1017606	1025526
194.322770	15467	0	1017606	1025526
194.336780	15470	2	1168631	1154551
194.345677	15471	0	1173719	1179214
194.352549	15471	0	1173719	1179214
194.358893	15471	0	1173719	1179214
194.368773	15473	0	1231588	1237426
194.379525	15475	3	1257656	1257656
194.385038	15475	0	1257656	1262010
194.391708	15475	0	1257656	1262010
194.397454	15475	0	1257656	1262010
194.410166	15475	0	1257656	1262010
194.420403	15475	0	1257656	1262010
194.432964	15475	0	1257656	1262010
194.444726	15475	0	1257656	1262010
194.454287	15475	0	1257656	1262010
194.465095	15475	0	1257656	1262010
194.479395	15475	0	1257656	1262010
194.485383	15475	0	1257656	1262010
194.496975	15475	0	1257656	1262010
194.502598	15476	0	1512737	1516709
194.508329	15477	2	1530243	1516709
194.514921	15478	3	1537324	1537324
194.525167	15478	0	1537324	1544672
194.531036	15478	0	1537324	1544672
194.542752	15478	0	1537324	1544672
194.551398	15480	0	1602683	1609385
194.558205	15480	0	1602683	1609385
194.565773	15481	3	1628331	1609385
194.576673	15482	0	1636372	1641501
194.581971	15482	0	1636372	1641501
194.588460	15482	0	1636372	1641501
194.602235	15482	0	1636372	1641501
194.616030	15482	0	1636372	1641501
194.623858	15482	0	1636372	1641501
194.631682	15482	0	1636372	1641501
194.642120	15483	3	1769483	1641501
194.656118	15484	0	1778849	1784769
194.670750	15486	0	1807999	1816974
194.684370	15486	0	1807999	1816974
194.691644	15487	3	1872417	1816974
194.705593	15489	3	1902805	1886160
194.720743	15490	0	1908725	1911913
194.731290	15490	0	1908725	1911913
194.745173	15490	0	1908725	1911913
194.758697	15490	0	1908725	1911913
194.764091	15490	0	1908725	1911913
194.771345	15490	0	1908725	1911913
194.783908	15490	0	1908725	1911913
194.795237	15490	0	1908725	1911913
194.800992	15490	0	1908725	1911913
194.812765	15490	0	1908725	1911913
194.825031	15490	0	1908725	1911913
194.833575	15490	0	1908725	1911913
194.841833	15491	2	2175888	1911913
194.853288	15491	0	2175888	2181788
194.865438	15493	0	2202026	2207526
194.878562	15493	0	2202026	2207526
194.885228	15493	0	2202026	2207526
194.897256	15494	3	2256656	2207526
194.902585	15495	3	2259802	2259802
194.913190	15495	0	2259802	2267229
194.928205	15497	0	2293610	2299802
194.941774	15497	0	2293610	2299802
194.953893	15497	0	2293610	2299802
194.960869	15497	0	2293610	2299802
194.974754	15497	0	2293610	2299802
194.987998	15497	0	2293610	2299802
195.002165	15497	0	2293610	2299802
195.011350	15499	3	2434184	2434184
195.024854	15500	3	2460046	2440868
195.033940	15501	0	2465548	2472610
195.040545	15501	0	2465548	2472610
195.047407	15501	0	2465548	2472610
195.061173	15501	0	2465548	2472610
195.067978	15502	3	2530455	2472610
195.082250	15503	0	2537153	2543346
195.092561	15505	2	2570112	2570112
195.103137	15505	0	2570112	2576374
195.114082	15505	0	2570112	2576374
195.121340	15505	0	2570112	2576374
195.129503	15505	0	2570112	2576374
195.143890	15505	0	2570112	2576374
195.150559	15505	0	2570112	2576374
195.160662	15505	0	2570112	2576374
195.172043	15505	0	2570112	2576374
195.183642	15505	0	2570112	2576374
195.193506	15505	0	2570112	2576374
195.208343	15505	0	2570112	2576374
195.215234	15505	0	2570112	2576374
195.225524	15505	0	2570112	2576374
195.239776	15505	0	2570112	2576374
195.248804	15505	0	2570112	2576374
195.259301	15505	0	2570112	2576374
195.264919	15506	0	2855717	2862790
195.271252	15506	0	2855717	2862790
195.285894	15508	0	2881962	2892137
195.300220	15508	0	2881962	2892137
195.315276	15508	0	2881962	2892137
195.324922	15510	0	2953393	2958874
195.337383	15512	3	2982651	2982651
195.348245	15512	0	2982651	2988502
195.362690	15512	0	2982651	2988502
195.373540	15512	0	2982651	2988502
195.382021	15512	0	2982651	2988502
195.393330	15512	0	2982651	2988502
195.403513	15512	0	2982651	2988502
195.417909	15513	2	3113938	2988502
195.429258	15514	0	3121411	3126116
195.442325	15516	0	3150681	3159324
195.450773	15516	0	3150681	3159324
195.461706	15516	0	3150681	3159324
195.472972	15518	2	3220511	3220511
195.481349	15518	0	3220511	3227150
195.489003	15520	0	3252603	3256544
195.495263	15520	0	3252603	3256544
195.506911	15520	0	3252603	3256544
195.519512	15520	0	3252603	3256544
195.529006	15520	0	3252603	3256544
195.538720	15520	0	3252603	3256544
195.553206	15520	0	3252603	3256544
195.562450	15520	0	3252603	3256544
195.573103	15520	0	3252603	3256544
195.582000	15520	0	3252603	3256544
195.595346	15520	0	3252603	3256544
195.608914	15520	0	3252603	3256544
195.618488	15520	0	3252603	3256544
195.625912	15520	0	3252603	3256544
195.638093	15522	2	3548682	3534124
195.648427	15523	0	3555656	3561146
195.659851	15523	0	3555656	3561146
195.666057	15523	0	3555656	3561146
195.680169	15525	2	3623999	3623999
195.694330	15526	3	3649000	3629896
195.701433	15527	0	3653296	3659206
195.714622	15527	0	3653296	3659206
195.721025	15527	0	3653296	3659206
195.736215	15527	0	3653296	3659206
195.751342	15527	0	3653296	3659206
195.764170	15528	3	3792803	3659206
195.777305	15529	0	3801807	3808819
195.784850	15531	0	3835111	3841337
195.795648	15531	0	3835111	3841337
195.808523	15531	0	3835111	3841337
195.817747	15532	3	3901061	3841337
195.827630	15533	0	3907728	3914730
195.838855	15535	0	3940753	3945396
195.851621	15535	0	3940753	3945396
195.864761	15535	0	3940753	3945396
195.870991	15535	0	3940753	3945396
195.877270	15535	0	3940753	3945396
195.885704	15535	0	3940753	3945396
195.895477	15535	0	3940753	3945396
195.900864	15535	0	3940753	3945396
195.908396	15535	0	3940753	3945396
195.921674	15535	0	3940753	3945396
195.928349	15535	0	3940753	3945396
195.937808	15535	0	3940753	3945396
195.949876	15535	0	3940753	3945396
195.963129	15535	0	3940753	3945396
195.976104	15535	0	3940753	3945396
195.983852	15535	0	3940753	3945396
195.992469	15535	0	3940753	3945396
195.999325	15535	0	3940753	3945396
196.011033	15536	0	4229072	4233757
196.024723	15538	0	4254418	4260314
196.035989	15538	0	4254418	4260314
196.046938	15538	0	4254418	4260314
196.054007	15538	0	4254418	4260314
196.067398	15540	0	4323600	4330234
196.081239	15541	3	4351142	4330234
196.092430	15542	0	4357405	4363683
196.099874	15542	0	4357405	4363683
196.111275	15542	0	4357405	4363683
196.118365	15542	0	4357405	4363683
196.125984	15542	0	4357405	4363683
196.137588	15542	0	4357405	4363683
196.147779	15542	0	4357405	4363683
196.159164	15542	0	4357405	4363683
196.169859	15544	0	4502138	4510351
196.177542	15544	0	4502138	4510351
196.183055	15546	2	4533790	4533790
196.195666	15546	0	4533790	4539665
196.202890	15546	0	4533790	4539665
196.215913	15548	2	4602734	4602734
196.224456	15548	0	4602734	4607395
196.232522	15550	2	4630115	4630115
196.242071	15550	0	4630115	4637830
196.247828	15550	0	4630115	4637830
196.259270	15550	0	4630115	4637830
196.265048	15550	0	4630115	4637830
196.278991	15550	0	4630115	4637830
196.291746	15550	0	4630115	4637830
196.305793	15550	0	4630115	4637830
196.313907	15550	0	4630115	4637830
196.325484	15550	0	4630115	4637830
196.332536	15550	0	4630115	4637830
196.342478	15550	0	4630115	4637830
196.351345	15550	0	4630115	4637830
196.365595	15550	0	4630115	4637830
196.371878	15550	0	4630115	4637830
196.380061	15550	0	4630115	4637830
196.394392	15550	0	4630115	4637830
196.407414	15550	0	4630115	4637830
196.414567	15550	0	4630115	4637830
196.420873	15551	0	4921086	4926961
196.435600	15553	2	4950562	4950562
196.450176	15553	0	4950562	4957626
196.460380	15553	0	4950562	4957626
196.472184	15553	0	4950562	4957626
196.483705	15555	0	5023173	5031760
196.489036	15555	0	5023173	5031760
196.497273	15557	3	5060241	5060241
196.502760	15557	0	5060241	5066100
196.511901	15557	0	5060241	5066100
196.518366	15557	0	5060241	5066100
196.532231	15557	0	5060241	5066100
196.539983	15557	0	5060241	5066100
196.549483	15557	0	5060241	5066100
196.558798	15557	0	5060241	5066100
196.570404	15557	0	5060241	5066100
196.577163	15558	2	5203002	5066100
196.583642	15559	0	5209257	5215060
196.590567	15559	0	5209257	5215060
196.597779	15561	2	5240993	5240993
196.609510	15561	0	5240993	5249902
196.616746	15561	0	5240993	5249902
196.631805	15562	2	5309404	5249902
196.637331	15563	2	5316032	5316032
196.645670	15563	0	5316032	5322161
196.660680	15565	0	5343102	5348558
196.668542	15565	0	5343102	5348558
196.676047	15565	0	5343102	5348558
196.685999	15565	0	5343102	5348558
196.697859	15565	0	5343102	5348558
196.703232	15565	0	5343102	5348558
196.714003	15565	0	5343102	5348558
196.719630	15565	0	5343102	5348558
196.730209	15565	0	5343102	5348558
196.735936	15565	0	5343102	5348558
196.746338	15565	0	5343102	5348558
196.755971	15565	0	5343102	5348558
196.764356	15565	0	5343102	5348558
196.776777	15565	0	5343102	5348558
196.789482	15566	2	5636481	5348558
196.803375	15567	2	5658164	5641948
196.809780	15568	0	5665167	5672988
196.816348	15568	0	5665167	5672988
196.824288	15568	0	5665167	5672988
196.830183	15568	0	5665167	5672988
196.835506	15568	0	5665167	5672988
196.841505	15569	1	5727579	5672988
196.851613	15570	0	5732633	5738097
196.859451	15572	2	5760769	5760769
196.873220	15572	0	5760769	5768957
196.886909	15572	0	5760769	5768957
196.900536	15572	0	5760769	5768957
196.914751	15572	0	5760769	5768957
196.924490	15572	0	5760769	5768957
196.938708	15574	3	5902589	5902589
196.949136	15574	0	5902589	5908392
196.960739	15576	0	5938092	5942724
196.969548	15576	0	5938092	5942724
196.978734	15576	0	5938092	5942724
196.991676	15578	2	6008386	6008386
197.006277	15580	2	6040813	6040813
197.016858	15580	0	6040813	6045105
197.031918	15580	0	6040813	6045105
197.042898	15580	0	6040813	6045105
197.049481	15580	0	6040813	6045105
197.055873	15580	0	6040813	6045105
197.063329	15580	0	6040813	6045105
197.069433	15580	0	6040813	6045105
197.082791	15580	0	6040813	6045105
197.091805	15580	0	6040813	6045105
197.100947	15580	0	6040813	6045105
197.113608	15580	0	6040813	6045105
197.128052	15580	0	6040813	6045105
197.134054	15580	0	6040813	6045105
197.144947	15580	0	6040813	6045105
197.154504	15580	0	6040813	6045105
197.160156	15581	2	6331250	6045105
197.172748	15582	2	6354024	6339002
197.183330	15583	0	6360598	6364486
197.195475	15583	0	6360598	6364486
197.208159	15585	2	6421581	6421581
197.220870	15586	3	6447921	6427819
197.233126	15587	0	6454944	6461572
197.241606	15587	0	6454944	6461572
197.251816	15587	0	6454944	6461572
197.262607	15587	0	6454944	6461572
197.268897	15587	0	6454944	6461572
197.280537	15587	0	6454944	6461572
197.293694	15588	3	6605193	6461572
197.299915	15589	0	6612940	6621055
197.307922	15589	0	6612940	6621055
197.316797	15591	3	6647201	6647201
197.322366	15591	0	6647201	6655221
197.335298	15591	0	6647201	6655221
197.350110	15593	4	6724804	6724804
197.359805	15593	0	6724804	6730668
197.368061	15595	0	6755850	6762502
197.376445	15595	0	6755850	6762502
197.391429	15595	0	6755850	6762502
197.401137	15595	0	6755850	6762502
197.410923	15595	0	6755850	6762502
197.420811	15595	0	6755850	6762502
197.426336	15595	0	6755850	6762502
197.441450	15595	0	6755850	6762502
197.453183	15595	0	6755850	6762502
197.465527	15595	0	6755850	6762502
197.472612	15595	0	6755850	6762502
197.479253	15595	0	6755850	6762502
197.492474	15595	0	6755850	6762502
197.502900	15596	2	7057842	6762502
197.513101	15597	2	7079037	7063688
197.524931	15598	0	7085957	7091794
197.530684	15598	0	7085957	7091794
197.541605	15598	0	7085957	7091794
197.549434	15599	3	7152160	7091794
197.557423	15600	0	7157976	7166906
197.572544	15602	0	7194226	7202404
197.583366	15602	0	7194226	7202404
197.595452	15602	0	7194226	7202404
197.607733	15602	0	7194226	7202404
197.619293	15602	0	7194226	7202404
197.625543	15602	0	7194226	7202404
197.635831	15602	0	7194226	7202404
197.642271	15604	0	7346339	7351398
197.651805	15604	0	7346339	7351398
197.660780	15606	3	7378098	7378098
197.671963	15606	0	7378098	7385763
197.686755	15606	0	7378098	7385763
197.698884	15608	0	7454853	7462653
197.705956	15609	2	7483085	7462653
197.719910	15610	0	7489738	7494409
197.730627	15610	0	7489738	7494409
197.741313	15610	0	7489738	7494409
197.747798	15610	0	7489738	7494409
197.757874	15610	0	7489738	7494409
197.770817	15610	0	7489738	7494409
197.784970	15610	0	7489738	7494409
197.799436	15610	0	7489738	7494409
197.813151	15610	0	7489738	7494409
197.820113	15610	0	7489738	7494409
197.826106	15610	0	7489738	7494409
197.837487	15610	0	7489738	7494409
197.849814	15611	2	7804174	7494409
197.859330	15611	0	7804174	7810427
197.872484	15613	0	7835050	7843624
197.884041	15613	0	7835050	7843624
197.894537	15613	0	7835050	7843624
197.902768	15615	0	7903257	7908704
197.915927	15617	0	7932542	7939131
197.923311	15617	0	7932542	7939131
197.933510	15617	0	7932542	7939131
197.941743	15617	0	7932542	7939131
197.951991	15617	0	7932542	7939131
197.957631	15617	0	7932542	7939131
197.971361	15619	3	8078062	8078062
197.981677	15620	3	8102034	8082718
197.989991	15621	0	8109042	8113721
197.998538	15621	0	8109042	8113721
198.005841	15621	0	8109042	8113721
198.018531	15623	0	8180985	8186385
198.032624	15625	0	8213909	8219727
198.046773	15625	0	8213909	8219727
198.052276	15625	0	8213909	8219727
198.064294	15625	0	8213909	8219727
198.069814	15625	0	8213909	8219727
198.078395	15625	0	8213909	8219727
198.084020	15625	0	8213909	8219727
198.095362	15625	0	8213909	8219727
198.107200	15625	0	8213909	8219727
198.112761	15625	0	8213909	8219727
198.123102	15625	0	8213909	8219727
198.134781	15625	0	8213909	8219727
198.144320	15625	0	8213909	8219727
198.156789	15627	2	8541219	8523866
198.163981	15628	0	8550491	8557474
198.177977	15628	0	8550491	8557474
198.191739	15630	3	8621181	8621181
198.206200	15632	0	8652158	8658312
198.215355	15632	0	8652158	8658312
198.225877	15632	0	8652158	8658312
198.239712	15632	0	8652158	8658312
198.245567	15632	0	8652158	8658312
198.255207	15632	0	8652158	8658312
198.261559	15632	0	8652158	8658312
198.269581	15634	2	8801771	8801771
198.282892	15636	3	8832685	8832685
198.295859	15636	0	8832685	8838897
198.303119	15636	0	8832685	8838897
198.314094	15638	0	8908599	8916724
198.323917	15639	3	8939279	8916724
198.338890	15640	0	8946232	8951694
198.352469	15640	0	8946232	8951694
198.360839	15640	0	8946232	8951694
198.368361	15640	0	8946232	8951694
198.382384	15640	0	8946232	8951694
198.393127	15640	0	8946232	8951694
198.398456	15640	0	8946232	8951694
198.406871	15640	0	8946232	8951694
198.416156	15640	0	8946232	8951694
198.429772	15640	0	8946232	8951694
198.442320	15640	0	8946232	8951694
198.448671	15640	0	8946232	8951694
198.458497	15642	3	9277965	9263199
198.470609	15643	0	9285272	9289945
198.476391	15643	0	9285272	9289945
198.490049	15645	3	9355374	9355374
198.497536	15645	0	9355374	9362745
198.510299	15647	0	9397129	9403771
198.521610	15647	0	9397129	9403771
198.534222	15647	0	9397129	9403771
198.542566	15647	0	9397129	9403771
198.554433	15647	0	9397129	9403771
198.566995	15647	0	9397129	9403771
198.577815	15649	0	9557061	9561332
198.588012	15651	0	9589521	9596922
198.599062	15651	0	9589521	9596922
198.608969	15651	0	9589521	9596922
198.620503	15653	0	9666115	9676233
198.629677	15654	2	9697655	9676233
198.643719	15655	0	9703144	9709315
198.649645	15655	0	9703144	9709315
198.658691	15655	0	9703144	9709315
198.668721	15655	0	9703144	9709315
198.677503	15655	0	9703144	9709315
198.691008	15655	0	9703144	9709315
198.696663	15655	0	9703144	9709315
198.711387	15655	0	9703144	9709315
198.723901	15655	0	9703144	9709315
198.732205	15655	0	9703144	9709315
198.745958	15655	0	9703144	9709315
198.758544	15655	0	9703144	9709315
198.768568	15656	0	10026026	10032969
198.779072	15658	3	10053338	10053338
198.788605	15658	0	10053338	10060679
198.797304	15658	0	10053338	10060679
198.808023	15659	3	10119787	10060679
198.822977	15661	3	10154424	10130966
198.828290	15662	3	10161760	10161760
198.833517	15662	0	10161760	10170253
198.847659	15662	0	10161760	10170253
198.861860	15662	0	10161760	10170253
198.875021	15662	0	10161760	10170253
198.882008	15662	0	10161760	10170253
198.895244	15664	3	10320120	10320120
198.901836	15664	0	10320120	10325171
198.911452	15666	0	10344937	10351115
198.924486	15666	0	10344937	10351115
198.932919	15667	3	10411183	10351115
198.939868	15668	0	10417007	10425964
198.954376	15670	0	10455378	10460413
198.966515	15670	0	10455378	10460413
198.980872	15670	0	10455378	10460413
198.988963	15670	0	10455378	10460413
198.994966	15670	0	10455378	10460413
199.007502	15670	0	10455378	10460413
199.020849	15670	0	10455378	10460413
199.031764	15670	0	10455378	10460413
199.041613	15670	0	10455378	10460413
199.053534	15670	0	10455378	10460413
199.066126	15670	0	10455378	10460413
199.076848	15670	0	10455378	10460413
199.086866	15671	0	10779199	10787746
199.095244	15673	2	10810283	10810283
199.102565	15673	0	10810283	10816490
199.108984	15673	0	10810283	10816490
199.122984	15674	3	10879072	10816490
199.131915	15675	0	10886471	10891528
199.142163	15677	0	10923247	10930999
199.154551	15677	0	10923247	10930999
199.162630	15677	0	10923247	10930999
199.174146	15677	0	10923247	10930999
199.189118	15677	0	10923247	10930999
199.198328	15677	0	10923247	10930999
199.207532	15679	0	11082991	11085684
199.215750	15681	2	11108634	11108634
199.224367	15681	0	11108634	11112492
199.238094	15681	0	11108634	11112492
199.250961	15683	0	11178440	11185806
199.260473	15685	3	11213750	11213750
199.269661	15685	0	11213750	11223411
199.281199	15685	0	11213750	11223411
199.286670	15685	0	11213750	11223411
199.292418	15685	0	11213750	11223411
199.300055	15685	0	11213750	11223411
199.305703	15685	0	11213750	11223411
199.316571	15685	0	11213750	11223411
199.327875	15685	0	11213750	11223411
199.336643	15685	0	11213750	11223411
199.345865	15685	0	11213750	11223411
199.356231	15685	0	11213750	11223411
199.366542	15685	0	11213750	11223411
199.378868	15685	0	11213750	11223411
199.388825	15685	0	11213750	11223411
199.395319	15685	0	11213750	11223411
199.404018	15685	0	11213750	11223411
199.413972	15686	0	11539040	11543295
199.426799	15688	0	11562745	11569712
199.436709	15688	0	11562745	11569712
199.446699	15689	2	11618663	11569712
199.453720	15690	0	11621765	11626388
199.467152	15692	0	11650116	11655112
199.478192	15692	0	11650116	11655112
199.489362	15692	0	11650116	11655112
199.498179	15692	0	11650116	11655112
199.508348	15692	0	11650116	11655112
199.514626	15692	0	11650116	11655112
199.525139	15693	2	11795988	11655112
199.532095	15694	0	11804519	11810274
199.538834	15694	0	11804519	11810274
199.544502	15696	0	11837686	11841926
199.556493	15696	0	11837686	11841926
199.570761	15696	0	11837686	11841926
199.576660	15697	3	11912653	11841926
199.590509	15698	0	11921191	11927821
199.604233	15700	0	11962299	11970456
199.616844	15700	0	11962299	11970456
199.624950	15700	0	11962299	11970456
199.633589	15700	0	11962299	11970456
199.644688	15700	0	11962299	11970456
199.650366	15700	0	11962299	11970456
199.661319	15700	0	11962299	11970456
199.675254	15700	0	11962299	11970456
199.683597	15700	0	11962299	11970456
199.691568	15700	0	11962299	11970456
199.705533	15700	0	11962299	11970456
199.719873	15700	0	11962299	11970456
199.728592	15700	0	11962299	11970456
199.737286	15700	0	11962299	11970456
199.744316	15700	0	11962299	11970456
199.749673	15700	0	11962299	11970456
199.756005	15700	0	11962299	11970456
199.761978	15700	0	11962299	11970456
199.770908	15700	0	11962299	11970456
199.777808	15700	0	11962299	11970456
199.784593	15700	0	11962299	11970456
199.796601	15700	0	11962299	11970456
199.802320	15700	0	11962299	11970456
199.812288	15700	0	11962299	11970456
199.820764	15700	0	11962299	11970456
199.829746	15700	0	11962299	11970456
199.839853	15700	0	11962299	11970456
199.848015	15700	0	11962299	11970456
199.855823	15700	0	11962299	11970456
199.869275	15700	0	11962299	11970456
199.876464	15700	0	11962299	11970456
199.883425	15700	0	11962299	11970456
199.898541	15700	0	11962299	11970456
199.909396	15700	0	11962299	11970456
199.924428	15700	0	11962299	11970456
199.930448	15700	0	11962299	11970456
199.937009	15700	0	11962299	11970456
199.951738	15700	0	11962299	11970456
199.966620	15700	0	11962299	11970456
199.974626	15700	0	11962299	11970456
199.982414	15700	0	11962299	11970456
199.987802	15700	0	11962299	11970456
200.002716	15700	0	11962299	11970456
200.012699	15700	0	11962299	11970456
200.022982	15700	0	11962299	11970456
200.034848	15700	0	11962299	11970456
200.041901	15700	0	11962299	11970456
200.052117	15700	0	11962299	11970456
200.059308	15700	0	11962299	11970456
200.071913	15700	0	11962299	11970456
200.082696	15700	0	11962299	11970456
200.093698	15700	0	11962299	11970456
200.101507	15700	0	11962299	11970456
200.112206	15700	0	11962299	11970456
200.120761	15700	0	11962299	11970456
200.127152	15700	0	11962299	11970456
200.136727	15700	0	11962299	11970456
200.144973	15700	0	11962299	11970456
200.157006	15700	0	11962299	11970456
200.168960	15700	0	11962299	11970456
200.177840	15700	0	11962299	11970456
200.190542	15700	0	11962299	11970456
200.200606	15700	0	11962299	11970456
200.210694	15700	0	11962299	11970456
200.224562	15700	0	11962299	11970456
200.234166	15700	0	11962299	11970456
200.239897	15700	0	11962299	11970456
200.254547	15700	0	11962299	11970456
200.266003	15700	0	11962299	11970456
200.279972	15700	0	11962299	11970456
200.290054	15700	0	11962299	11970456
200.295635	15700	0	11962299	11970456
200.303262	15700	0	11962299	11970456
200.316017	15700	0	11962299	11970456
200.325154	15700	0	11962299	11970456
200.330861	15700	0	11962299	11970456
200.342126	15700	0	11962299	11970456
200.350549	15700	0	11962299	11970456
200.358868	15700	0	11962299	11970456
200.364571	15700	0	11962299	11970456
200.379111	15700	0	11962299	11970456
200.393033	15700	0	11962299	11970456
200.403662	15700	0	11962299	11970456
200.413469	15700	0	11962299	11970456
200.418993	15700	0	11962299	11970456
200.428237	15700	0	11962299	11970456
200.434826	15700	0	11962299	11970456
200.444032	15700	0	11962299	11970456
200.455423	15700	0	11962299	11970456
200.469118	15700	0	11962299	11970456
200.481363	15700	0	11962299	11970456
200.496548	15700	0	11962299	11970456
200.504660	15700	0	11962299	11970456
200.516274	15700	0	11962299	11970456
200.521709	15700	0	11962299	11970456
200.528451	15700	0	11962299	11970456
200.543430	15700	0	11962299	11970456
200.557121	15700	0	11962299	11970456
200.564554	15700	0	11962299	11970456
200.577384	15700	0	11962299	11970456
200.584138	15700	0	11962299	11970456
200.594214	15700	0	11962299	11970456
200.601750	15700	0	11962299	11970456
200.609770	15700	0	11962299	11970456
200.622965	15700	0	11962299	11970456
200.629249	15700	0	11962299	11970456
200.638768	15700	0	11962299	11970456
200.646780	15700	0	11962299	11970456
200.655367	15700	0	11962299	11970456
200.666567	15700	0	11962299	11970456
200.674579	15700	0	11962299	11970456
200.686623	15700	0	11962299	11970456
200.698203	15700	0	11962299	11970456
200.708702	15700	0	11962299	11970456
200.719404	15700	0	11962299	11970456
200.732388	15700	0	11962299	11970456
200.738444	15700	0	11962299	11970456
200.744545	15700	0	11962299	11970456
200.756722	15700	0	11962299	11970456
200.768890	15700	0	11962299	11970456
200.779583	15700	0	11962299	11970456
200.790730	15700	0	11962299	11970456
200.799214	15700	0	11962299	11970456
200.805991	15700	0	11962299	11970456
200.813474	15700	0	11962299	11970456
200.822830	15700	0	11962299	11970456
200.832093	15700	0	11962299	11970456
200.845706	15700	0	11962299	11970456
200.854794	15700	0	11962299	11970456
200.868332	15700	0	11962299	11970456
200.879865	15700	0	11962299	11970456
200.892197	15700	0	11962299	11970456
200.900463	15700	0	11962299	11970456
200.910370	15700	0	11962299	11970456
200.924158	15700	0	11962299	11970456
200.938449	15700	0	11962299	11970456
200.950624	15700	0	11962299	11970456
200.964005	15700	0	11962299	11970456
200.977214	15700	0	11962299	11970456
200.984647	15700	0	11962299	11970456
200.994963	15700	0	11962299	11970456
201.000978	15700	0	11962299	11970456
201.015112	15700	0	11962299	11970456
201.030211	15700	0	11962299	11970456
201.038112	15700	0	11962299	11970456
201.043417	15700	0	11962299	11970456
201.057956	15700	0	11962299	11970456
201.066730	15700	0	11962299	11970456
201.080201	15700	0	11962299	11970456
201.091605	15700	0	11962299	11970456
201.103844	15700	0	11962299	11970456
201.110800	15700	0	11962299	11970456
201.117497	15700	0	11962299	11970456
201.123385	15700	0	11962299	11970456
201.136620	15700	0	11962299	11970456
201.151125	15700	0	11962299	11970456
201.164610	15700	0	11962299	11970456
201.172501	15700	0	11962299	11970456
201.185197	15700	0	11962299	11970456
201.190647	15700	0	11962299	11970456
201.196892	15700	0	11962299	11970456
201.207260	15700	0	11962299	11970456
201.214933	15700	0	11962299	11970456
201.224554	15700	0	11962299	11970456
201.234315	15700	0	11962299	11970456
201.245806	15700	0	11962299	11970456
201.253338	15700	0	11962299	11970456
201.261332	15700	0	11962299	11970456
201.269298	15700	0	11962299	11970456
201.281727	15700	0	11962299	11970456
201.289879	15700	0	11962299	11970456
201.299982	15700	0	11962299	11970456
201.313444	15700	0	11962299	11970456
201.327003	15700	0	11962299	11970456
201.332551	15700	0	11962299	11970456
201.338856	15700	0	11962299	11970456
201.352851	15700	0	11962299	11970456
201.358709	15700	0	11962299	11970456
201.367887	15700	0	11962299	11970456
201.378021	15700	0	11962299	11970456
201.387737	15700	0	11962299	11970456
201.394177	15700	0	11962299	11970456
201.401333	15700	0	11962299	11970456
201.412455	15700	0	11962299	11970456
201.418708	15700	0	11962299	11970456
201.430786	15700	0	11962299	11970456
201.445023	15700	0	11962299	11970456
201.458536	15700	0	11962299	11970456
201.465701	15700	0	11962299	11970456
201.479861	15700	0	11962299	11970456
201.491927	15700	0	11962299	11970456
201.498989	15700	0	11962299	11970456
201.509404	15700	0	11962299	11970456
201.516033	15700	0	11962299	11970456
201.522793	15700	0	11962299	11970456
201.535309	15700	0	11962299	11970456
201.545277	15700	0	11962299	11970456
201.550518	15700	0	11962299	11970456
201.558536	15700	0	11962299	11970456
201.570089	15700	0	11962299	11970456
201.576854	15700	0	11962299	11970456
201.586069	15700	0	11962299	11970456
201.600670	15700	0	11962299	11970456
201.614485	15700	0	11962299	11970456
201.622374	15700	0	11962299	11970456
201.630697	15700	0	11962299	11970456
201.638372	15700	0	11962299	11970456
201.652252	15700	0	11962299	11970456
201.664861	15700	0	11962299	11970456
201.678075	15700	0	11962299	11970456
201.693117	15700	0	11962299	11970456
201.703825	15700	0	11962299	11970456
201.714866	15700	0	11962299	11970456
201.725728	15700	0	11962299	11970456
201.731423	15700	0	11962299	11970456
201.744946	15700	0	11962299	11970456
201.755111	15700	0	11962299	11970456
201.761788	15700	0	11962299	11970456
201.773395	15700	0	11962299	11970456
201.785385	15700	0	11962299	11970456
201.794566	15700	0	11962299	11970456
201.802454	15700	0	11962299	11970456
201.812750	15700	0	11962299	11970456
201.822862	15700	0	11962299	11970456
201.833196	15700	0	11962299	11970456
201.839012	15700	0	11962299	11970456
201.853937	15700	0	11962299	11970456
201.865224	15700	0	11962299	11970456
201.874329	15700	0	11962299	11970456
201.880877	15700	0	11962299	11970456
201.890739	15700	0	11962299	11970456
201.903605	15700	0	11962299	11970456
201.909546	15700	0	11962299	11970456
201.919640	15700	0	11962299	11970456
201.965481	15700	0	11962299	11970456
201.976885	15700	0	11962299	11970456
201.983186	15700	0	11962299	11970456
201.994455	15700	0	11962299	11970456
202.004148	15700	0	11962299	11970456
202.017478	15700	0	11962299	11970456
202.027904	15700	0	11962299	11970456
202.033205	15700	0	11962299	11970456
202.040709	15700	0	11962299	11970456
202.048689	15700	0	11962299	11970456
202.059541	15700	0	11962299	11970456
202.072368	15700	0	11962299	11970456
202.078752	15700	0	11962299	11970456
202.088655	15700	0	11962299	11970456
202.093932	15700	0	11962299	11970456
202.108867	15700	0	11962299	11970456
202.123911	15700	0	11962299	11970456
202.136875	15700	0	11962299	11970456
202.150445	15700	0	11962299	11970456
202.162225	15700	0	11962299	11970456
202.173647	15700	0	11962299	11970456
202.187358	15700	0	11962299	11970456
202.197707	15700	0	11962299	11970456
202.207206	15700	0	11962299	11970456
202.215663	15700	0	11962299	11970456
202.228945	15700	0	11962299	11970456
202.238399	15700	0	11962299	11970456
202.247360	15700	0	11962299	11970456
202.254939	15700	0	11962299	11970456
202.268587	15700	0	11962299	11970456
202.283450	15700	0	11962299	11970456
202.292873	15700	0	11962299	11970456
202.300977	15700	0	11962299	11970456
202.311825	15700	0	11962299	11970456
202.323317	15700	0	11962299	11970456
202.329081	15700	0	11962299	11970456
202.337777	15700	0	11962299	11970456
202.351735	15700	0	11962299	11970456
202.359735	15700	0	11962299	11970456
202.365755	15700	0	11962299	11970456
202.379769	15700	0	11962299	11970456
202.386482	15700	0	11962299	11970456
202.399970	15700	0	11962299	11970456
202.405614	15700	0	11962299	11970456
202.413548	15700	0	11962299	11970456
202.418822	15700	0	11962299	11970456
202.426685	15700	0	11962299	11970456
202.435379	15700	0	11962299	11970456
202.443611	15700	0	11962299	11970456
202.451661	15700	0	11962299	11970456
202.464329	15700	0	11962299	11970456
202.478477	15700	0	11962299	11970456
202.489378	15700	0	11962299	11970456
202.499238	15700	0	11962299	11970456
202.513128	15700	0	11962299	11970456
202.523210	15700	0	11962299	11970456
202.533088	15700	0	11962299	11970456
202.539987	15700	0	11962299	11970456
202.553978	15700	0	11962299	11970456
202.562164	15700	0	11962299	11970456
202.571995	15700	0	11962299	11970456
202.585039	15700	0	11962299	11970456
202.595264	15700	0	11962299	11970456
202.606293	15700	0	11962299	11970456
202.614710	15700	0	11962299	11970456
202.622756	15700	0	11962299	11970456
202.632863	15700	0	11962299	11970456
202.644006	15700	0	11962299	11970456
202.651379	15700	0	11962299	11970456
202.662733	15700	0	11962299	11970456
202.672340	15700	0	11962299	11970456
202.679912	15700	0	11962299	11970456
202.688719	15700	0	11962299	11970456
202.701546	15700	0	11962299	11970456
202.709618	15700	0	11962299	11970456
202.715277	15700	0	11962299	11970456
202.725712	15700	0	11962299	11970456
202.735914	15700	0	11962299	11970456
202.743029	15700	0	11962299	11970456
202.756102	15700	0	11962299	11970456
202.769027	15700	0	11962299	11970456
202.776608	15700	0	11962299	11970456
202.787968	15700	0	11962299	11970456
202.802171	15700	0	11962299	11970456
202.809483	15700	0	11962299	11970456
202.822933	15700	0	11962299	11970456
202.837350	15700	0	11962299	11970456
202.844502	15700	0	11962299	11970456
202.855432	15700	0	11962299	11970456
202.869990	15700	0	11962299	11970456
202.884311	15700	0	11962299	11970456
202.894294	15700	0	11962299	11970456
202.909007	15700	0	11962299	11970456
202.915970	15700	0	11962299	11970456
202.924274	15700	0	11962299	11970456
202.934274	15700	0	11962299	11970456
202.947539	15700	0	11962299	11970456
202.954368	15700	0	11962299	11970456
202.963769	15700	0	11962299	11970456
202.976850	15700	0	11962299	11970456
202.988454	15700	0	11962299	11970456
203.000477	15700	0	11962299	11970456
203.006565	15700	0	11962299	11970456
203.016511	15700	0	11962299	11970456
203.026226	15700	0	11962299	11970456
203.040643	15700	0	11962299	11970456
203.048949	15700	0	11962299	11970456
203.054196	15700	0	11962299	11970456
203.067139	15700	0	11962299	11970456
203.080436	15700	0	11962299	11970456
203.092381	15700	0	11962299	11970456
203.098205	15700	0	11962299	11970456
203.105895	15700	0	11962299	11970456
203.115527	15700	0	11962299	11970456
203.126946	15700	0	11962299	11970456
203.136057	15700	0	11962299	11970456
203.142025	15700	0	11962299	11970456
203.151295	15700	0	11962299	11970456
203.156764	15700	0	11962299	11970456
203.171735	15700	0	11962299	11970456
203.180191	15700	0	11962299	11970456
203.189826	15700	0	11962299	11970456
203.196792	15700	0	11962299	11970456
203.209983	15700	0	11962299	11970456
203.216537	15700	0	11962299	11970456
203.229342	15700	0	11962299	11970456
203.237744	15700	0	11962299	11970456
203.251827	15700	0	11962299	11970456
203.261450	15700	0	11962299	11970456
203.276562	15700	0	11962299	11970456
203.286809	15700	0	11962299	11970456
203.301409	15700	0	11962299	11970456
203.316404	15700	0	11962299	11970456
203.330279	15700	0	11962299	11970456
203.341451	15700	0	11962299	11970456
203.349103	15700	0	11962299	11970456
203.363881	15700	0	11962299	11970456
203.369473	15700	0	11962299	11970456
203.383850	15700	0	11962299	11970456
203.389771	15700	0	11962299	11970456
203.394990	15700	0	11962299	11970456
203.404515	15700	0	11962299	11970456
203.416504	15700	0	11962299	11970456
203.423126	15700	0	11962299	11970456
203.433849	15700	0	11962299	11970456
203.448964	15700	0	11962299	11970456
203.457214	15700	0	11962299	11970456
203.469849	15700	0	11962299	11970456
203.476471	15700	0	11962299	11970456
203.482939	15700	0	11962299	11970456
203.497379	15700	0	11962299	11970456
203.507880	15700	0	11962299	11970456
203.520097	15700	0	11962299	11970456
203.533966	15700	0	11962299	11970456
203.544229	15700	0	11962299	11970456
203.557512	15700	0	11962299	11970456
203.567294	15700	0	11962299	11970456
203.581347	15700	0	11962299	11970456
203.587404	15700	0	11962299	11970456
203.599274	15700	0	11962299	11970456
203.607932	15700	0	11962299	11970456
203.620096	15700	0	11962299	11970456
203.630356	15700	0	11962299	11970456
203.643662	15700	0	11962299	11970456
203.655431	15700	0	11962299	11970456
203.663069	15700	0	11962299	11970456
203.672954	15700	0	11962299	11970456
203.688162	15700	0	11962299	11970456
203.699581	15700	0	11962299	11970456
203.706435	15700	0	11962299	11970456
203.721104	15700	0	11962299	11970456
203.728255	15700	0	11962299	11970456
203.742899	15700	0	11962299	11970456
203.751832	15700	0	11962299	11970456
203.759610	15700	0	11962299	11970456
203.765529	15700	0	11962299	11970456
203.780195	15700	0	11962299	11970456
203.792271	15700	0	11962299	11970456
203.802627	15700	0	11962299	11970456
203.813211	15700	0	11962299	11970456
203.820922	15700	0	11962299	11970456
203.829639	15700	0	11962299	11970456
203.843569	15700	0	11962299	11970456
203.849002	15700	0	11962299	11970456
203.856264	15700	0	11962299	11970456
203.869580	15700	0	11962299	11970456
203.884309	15700	0	11962299	11970456
203.891545	15700	0	11962299	11970456
203.899653	15700	0	11962299	11970456
203.905290	15700	0	11962299	11970456
203.917707	15700	0	11962299	11970456
203.924622	15700	0	11962299	11970456
203.933380	15700	0	11962299	11970456
203.939447	15700	0	11962299	11970456
203.951013	15700	0	11962299	11970456
203.958185	15700	0	11962299	11970456
203.972049	15700	0	11962299	11970456
203.980184	15700	0	11962299	11970456
203.990628	15700	0	11962299	11970456
204.003551	15700	0	11962299	11970456
204.013523	15700	0	11962299	11970456
204.024248	15700	0	11962299	11970456
204.031547	15700	0	11962299	11970456
204.040959	15700	0	11962299	11970456
204.047152	15700	0	11962299	11970456
204.061929	15700	0	11962299	11970456
204.073891	15700	0	11962299	11970456
204.086475	15700	0	11962299	11970456
204.097696	15700	0	11962299	11970456
204.108503	15700	0	11962299	11970456
204.122230	15700	0	11962299	11970456
204.131268	15700	0	11962299	11970456
204.144371	15700	0	11962299	11970456
204.159385	15700	0	11962299	11970456
204.173974	15700	0	11962299	11970456
204.189147	15700	0	11962299	11970456
204.199298	15700	0	11962299	11970456
204.212973	15700	0	11962299	11970456
204.221576	15700	0	11962299	11970456
204.234408	15700	0	11962299	11970456
204.241269	15700	0	11962299	11970456
204.249618	15700	0	11962299	11970456
204.261855	15700	0	11962299	11970456
204.276340	15700	0	11962299	11970456
204.285728	15700	0	11962299	11970456
204.296574	15700	0	11962299	11970456
204.308487	15700	0	11962299	11970456
204.315879	15700	0	11962299	11970456
204.324201	15700	0	11962299	11970456
204.332082	15700	0	11962299	11970456
204.344834	15700	0	11962299	11970456
204.356057	15700	0	11962299	11970456
204.368694	15700	0	11962299	11970456
204.375488	15700	0	11962299	11970456
204.387984	15700	0	11962299	11970456
204.394618	15700	0	11962299	11970456
204.409595	15700	0	11962299	11970456
204.420508	15700	0	11962299	11970456
204.432833	15700	0	11962299	11970456
204.445371	15700	0	11962299	11970456
204.453981	15700	0	11962299	11970456
204.459309	15700	0	11962299	11970456
204.464556	15700	0	11962299	11970456
204.475640	15700	0	11962299	11970456
204.486301	15700	0	11962299	11970456
204.499709	15700	0	11962299	11970456
204.511155	15700	0	11962299	11970456
204.525762	15700	0	11962299	11970456
204.531229	15700	0	11962299	11970456
204.544109	15700	0	11962299	11970456
204.555392	15700	0	11962299	11970456
204.570554	15700	0	11962299	11970456
204.582340	15700	0	11962299	11970456
204.596542	15700	0	11962299	11970456
204.610597	15700	0	11962299	11970456
204.623554	15700	0	11962299	11970456
204.634312	15700	0	11962299	11970456
204.647317	15700	0	11962299	11970456
204.652573	15700	0	11962299	11970456
204.661263	15700	0	11962299	11970456
204.676098	15700	0	11962299	11970456
204.690207	15700	0	11962299	11970456
204.697912	15700	0	11962299	11970456
204.712760	15700	0	11962299	11970456
204.723643	15700	0	11962299	11970456
204.736155	15700	0	11962299	11970456
204.744284	15700	0	11962299	11970456
204.757782	15701	0	896139	902827
204.770376	15703	0	926688	933372
204.777525	15703	0	926688	933372
204.792235	15703	0	926688	933372
204.800198	15704	3	1004045	933372
204.810920	15705	0	1013078	1019185
204.820242	15706	2	1047272	1019185
204.829982	15707	0	1056346	1063463
204.836807	15707	0	1056346	1063463
204.850722	15707	0	1056346	1063463
204.862473	15707	0	1056346	1063463
204.872883	15707	0	1056346	1063463
204.881549	15707	0	1056346	1063463
204.890687	15709	3	1221097	1221097
204.902740	15711	3	1248588	1248588
204.910135	15711	0	1248588	1255654
204.922842	15711	0	1248588	1255654
204.928774	15712	2	1318589	1255654
204.938600	15713	0	1324871	1331167
204.946356	15715	3	1358038	1358038
204.954062	15715	0	1358038	1364537
204.963325	15715	0	1358038	1364537
204.976335	15715	0	1358038	1364537
204.982565	15715	0	1358038	1364537
204.992471	15715	0	1358038	1364537
205.002054	15715	0	1358038	1364537
205.007825	15715	0	1358038	1364537
205.013786	15715	0	1358038	1364537
205.027199	15715	0	1358038	1364537
205.041938	15715	0	1358038	1364537
205.055572	15715	0	1358038	1364537
205.066631	15715	0	1358038	1364537
205.079235	15715	0	1358038	1364537
205.092935	15716	0	1692390	1699053
205.103752	15718	3	1725204	1725204
205.110592	15718	0	1725204	1731873
205.119009	15718	0	1725204	1731873
205.131544	15718	0	1725204	1731873
205.139383	15718	0	1725204	1731873
205.149171	15719	3	1801871	1731873
205.162890	15720	0	1810464	1817711
205.174038	15721	3	1842286	1817711
205.187005	15722	0	1848204	1853724
205.192549	15722	0	1848204	1853724
205.199156	15722	0	1848204	1853724
205.211146	15722	0	1848204	1853724
205.223511	15722	0	1848204	1853724
205.230927	15722	0	1848204	1853724
205.244992	15722	0	1848204	1853724
205.257908	15724	0	2001015	2008125
205.268224	15726	2	2033553	2033553
205.279792	15726	0	2033553	2039028
205.291673	15726	0	2033553	2039028
205.297398	15726	0	2033553	2039028
205.307206	15728	2	2108959	2108959
205.317121	15728	0	2108959	2116443
205.332147	15730	0	2144831	2150581
205.340826	15730	0	2144831	2150581
205.346584	15730	0	2144831	2150581
205.356947	15730	0	2144831	2150581
205.370965	15730	0	2144831	2150581
205.377741	15730	0	2144831	2150581
205.384359	15730	0	2144831	2150581
205.392306	15730	0	2144831	2150581
205.397998	15730	0	2144831	2150581
205.410503	15730	0	2144831	2150581
205.421051	15730	0	2144831	2150581
205.427858	15730	0	2144831	2150581
205.434099	15730	0	2144831	2150581
205.447630	15730	0	2144831	2150581
205.462209	15730	0	2144831	2150581
205.472334	15730	0	2144831	2150581
205.478758	15730	0	2144831	2150581
205.488012	15730	0	2144831	2150581
205.502694	15730	0	2144831	2150581
205.509572	15730	0	2144831	2150581
205.519131	15730	0	2144831	2150581
205.532018	15730	0	2144831	2150581
205.546194	15731	2	2472206	2150581
205.552446	15731	0	2472206	2476873
205.558764	15731	0	2472206	2476873
205.573059	15733	0	2500880	2506780
205.581205	15733	0	2500880	2506780
205.593706	15733	0	2500880	2506780
205.608760	15733	0	2500880	2506780
205.619181	15734	2	2569792	2506780
205.626281	15735	0	2575281	2581902
205.637023	15735	0	2575281	2581902
205.647542	15737	2	2611556	2611556
205.654375	15737	0	2611556	2618622
205.667884	15737	0	2611556	2618622
205.677498	15737	0	2611556	2618622
205.684678	15737	0	2611556	2618622
205.695392	15737	0	2611556	2618622
205.702947	15737	0	2611556	2618622
205.715538	15737	0	2611556	2618622
205.729761	15737	0	2611556	2618622
205.740211	15737	0	2611556	2618622
205.747160	15737	0	2611556	2618622
205.760114	15737	0	2611556	2618622
205.770939	15739	3	2791135	2791135
205.779891	15739	0	2791135	2800177
205.791017	15740	3	2827803	2800177
205.800813	15741	0	2833245	2840771
205.812619	15741	0	2833245	2840771
205.823576	15741	0	2833245	2840771
205.838603	15743	3	2913762	2913762
205.846753	15743	0	2913762	2919624
205.853994	15745	2	2944084	2944084
205.865592	15745	0	2944084	2950760
205.880659	15745	0	2944084	2950760
205.888110	15745	0	2944084	2950760
205.899548	15745	0	2944084	2950760
205.913366	15745	0	2944084	2950760
205.927561	15745	0	2944084	2950760
205.937096	15745	0	2944084	2950760
205.946157	15745	0	2944084	2950760
205.954917	15745	0	2944084	2950760
205.964957	15745	0	2944084	2950760
205.972479	15745	0	2944084	2950760
205.981328	15745	0	2944084	2950760
205.993202	15745	0	2944084	2950760
206.004501	15745	0	2944084	2950760
206.019310	15745	0	2944084	2950760
206.029558	15745	0	2944084	2950760
206.044057	15746	0	3274571	3279644
206.051820	15746	0	3274571	3279644
206.057465	15747	3	3295482	3279644
206.069336	15748	0	3302532	3307665
206.075097	15748	0	3302532	3307665
206.083664	15748	0	3302532	3307665
206.090410	15748	0	3302532	3307665
206.100698	15750	0	3369956	3375434
206.111718	15750	0	3369956	3375434
206.126139	15752	0	3405480	3414144
206.140399	15752	0	3405480	3414144
206.149461	15752	0	3405480	3414144
206.162401	15752	0	3405480	3414144
206.175376	15752	0	3405480	3414144
206.184457	15752	0	3405480	3414144
206.193364	15752	0	3405480	3414144
206.201170	15752	0	3405480	3414144
206.213896	15754	0	3588443	3596300
206.221493	15754	0	3588443	3596300
206.234470	15756	0	3630266	3635178
206.245554	15756	0	3630266	3635178
206.260140	15756	0	3630266	3635178
206.273934	15758	0	3714786	3721853
206.285618	15759	3	3744476	3721853
206.292862	15760	0	3749591	3755493
206.304082	15760	0	3749591	3755493
206.310293	15760	0	3749591	3755493
206.325218	15760	0	3749591	3755493
206.340366	15760	0	3749591	3755493
206.347325	15760	0	3749591	3755493
206.355035	15760	0	3749591	3755493
206.363827	15760	0	3749591	3755493
206.370325	15760	0	3749591	3755493
206.380655	15760	0	3749591	3755493
206.389423	15760	0	3749591	3755493
206.396075	15760	0	3749591	3755493
206.411190	15760	0	3749591	3755493
206.420872	15760	0	3749591	3755493
206.432333	15760	0	3749591	3755493
206.446101	15760	0	3749591	3755493
206.455389	15760	0	3749591	3755493
206.463567	15760	0	3749591	3755493
206.473129	15760	0	3749591	3755493
206.480085	15761	0	4101235	4105552
206.489951	15761	0	4101235	4105552
206.495330	15763	2	4130174	4130174
206.505841	15763	0	4130174	4138391
206.512903	15763	0	4130174	4138391
206.522242	15763	0	4130174	4138391
206.531592	15763	0	4130174	4138391
206.538143	15764	2	4207584	4138391
206.547900	15765	0	4212290	4221682
206.562803	15767	2	4251725	4251725
206.576273	15767	0	4251725	4257570
206.583020	15767	0	4251725	4257570
206.596703	15767	0	4251725	4257570
206.604870	15767	0	4251725	4257570
206.616808	15767	0	4251725	4257570
206.625727	15767	0	4251725	4257570
206.640174	15767	0	4251725	4257570
206.649249	15769	0	4421186	4429422
206.661828	15770	3	4453269	4429422
206.673920	15771	0	4457573	4464486
206.682546	15771	0	4457573	4464486
206.690705	15771	0	4457573	4464486
206.705463	15773	0	4535796	4544404
206.720451	15775	0	4570381	4573904
206.732853	15775	0	4570381	4573904
206.739655	15775	0	4570381	4573904
206.751656	15775	0	4570381	4573904
206.762497	15775	0	4570381	4573904
206.775100	15775	0	4570381	4573904
206.789473	15775	0	4570381	4573904
206.794775	15775	0	4570381	4573904
206.801081	15775	0	4570381	4573904
206.807839	15775	0	4570381	4573904
206.814611	15775	0	4570381	4573904
206.828840	15775	0	4570381	4573904
206.840179	15775	0	4570381	4573904
206.853618	15775	0	4570381	4573904
206.867937	15775	0	4570381	4573904
206.879079	15776	0	4908234	4913738
206.888729	15778	0	4935765	4940043
206.903040	15778	0	4935765	4940043
206.913800	15778	0	4935765	4940043
206.920872	15780	2	5007425	5007425
206.933803	15780	0	5007425	5014091
206.943958	15782	2	5044100	5044100
206.955059	15782	0	5044100	5051526
206.969514	15782	0	5044100	5051526
206.984161	15782	0	5044100	5051526
206.995507	15782	0	5044100	5051526
207.009257	15782	0	5044100	5051526
207.020945	15782	0	5044100	5051526
207.031103	15784	0	5208499	5213614
207.040661	15784	0	5208499	5213614
207.054615	15786	0	5241078	5250368
207.066789	15786	0	5241078	5250368
207.074478	15786	0	5241078	5250368
207.082603	15786	0	5241078	5250368
207.090682	15786	0	5241078	5250368
207.100749	15788	3	5329136	5329136
207.111550	15788	0	5329136	5335068
207.124822	15790	0	5365138	5371362
207.134020	15790	0	5365138	5371362
207.144826	15790	0	5365138	5371362
207.158568	15790	0	5365138	5371362
207.172735	15790	0	5365138	5371362
207.187460	15790	0	5365138	5371362
207.198100	15790	0	5365138	5371362
207.205708	15790	0	5365138	5371362
207.213804	15790	0	5365138	5371362
207.221470	15790	0	5365138	5371362
207.230270	15790	0	5365138	5371362
207.241975	15790	0	5365138	5371362
207.249854	15790	0	5365138	5371362
207.258122	15790	0	5365138	5371362
207.272125	15790	0	5365138	5371362
207.284516	15791	0	5711994	5717719
207.297695	15793	2	5739939	5739939
207.309645	15793	0	5739939	5748347
207.317564	15793	0	5739939	5748347
207.328179	15793	0	5739939	5748347
207.337169	15795	0	5820221	5825579
207.344706	15795	0	5820221	5825579
207.350111	15795	0	5820221	5825579
207.360200	15797	0	5857573	5861415
207.369700	15797	0	5857573	5861415
207.384405	15797	0	5857573	5861415
207.395285	15797	0	5857573	5861415
207.409053	15797	0	5857573	5861415
207.417049	15797	0	5857573	5861415
207.422293	15797	0	5857573	5861415
207.435750	15799	2	6026976	6026976
207.448397	15799	0	6026976	6034040
207.455405	15801	0	6062772	6068228
207.468634	15801	0	6062772	6068228
207.478761	15801	0	6062772	6068228
207.492420	15801	0	6062772	6068228
207.505728	15803	0	6148507	6157119
207.514207	15803	0	6148507	6157119
207.520542	15805	3	6189194	6189194
207.533423	15805	0	6189194	6195882
207.543057	15805	0	6189194	6195882
207.553806	15805	0	6189194	6195882
207.565865	15805	0	6189194	6195882
207.578502	15805	0	6189194	6195882
207.586948	15805	0	6189194	6195882
207.601399	15805	0	6189194	6195882
207.614896	15805	0	6189194	6195882
207.622746	15805	0	6189194	6195882
207.632422	15805	0	6189194	6195882
207.644851	15805	0	6189194	6195882
207.652463	15805	0	6189194	6195882
207.658363	15805	0	6189194	6195882
207.664346	15805	0	6189194	6195882
207.672663	15805	0	6189194	6195882
207.681174	15805	0	6189194	6195882
207.689515	15806	2	6553845	6195882
207.701351	15807	2	6579504	6561476
207.707111	15808	0	6584073	6590184
207.722223	15808	0	6584073	6590184
207.729271	15808	0	6584073	6590184
207.740719	15808	0	6584073	6590184
207.750774	15810	0	6662047	6669323
207.764364	15812	0	6696371	6705230
207.773965	15812	0	6696371	6705230
207.781659	15812	0	6696371	6705230
207.788177	15812	0	6696371	6705230
207.801412	15812	0	6696371	6705230
207.809480	15812	0	6696371	6705230
207.824512	15812	0	6696371	6705230
207.833830	15812	0	6696371	6705230
207.839710	15813	3	6866035	6705230
207.850620	15814	0	6871892	6878170
207.859671	15816	2	6911097	6911097
207.867629	15816	0	6911097	6918131
207.880502	15816	0	6911097	6918131
207.886066	15816	0	6911097	6918131
207.897886	15818	0	6991559	6997806
207.907071	15818	0	6991559	6997806
207.915265	15820	0	7024248	7031692
207.924572	15820	0	7024248	7031692
207.933829	15820	0	7024248	7031692
207.939465	15820	0	7024248	7031692
207.946024	15820	0	7024248	7031692
207.960675	15820	0	7024248	7031692
207.975851	15820	0	7024248	7031692
207.985269	15820	0	7024248	7031692
207.990787	15820	0	7024248	7031692
208.003356	15820	0	7024248	7031692
208.018433	15820	0	7024248	7031692
208.027554	15820	0	7024248	7031692
208.037051	15820	0	7024248	7031692
208.048566	15820	0	7024248	7031692
208.059592	15820	0	7024248	7031692
208.069025	15820	0	7024248	7031692
208.080261	15821	2	7391997	7031692
208.086422	15821	0	7391997	7399026
208.092946	15821	0	7391997	7399026
208.104287	15823	0	7424393	7430685
208.117502	15823	0	7424393	7430685
208.125502	15823	0	7424393	7430685
208.136782	15823	0	7424393	7430685
208.148268	15823	0	7424393	7430685
208.156150	15825	0	7508658	7516066
208.164861	15825	0	7508658	7516066
208.173918	15827	2	7548711	7548711
208.189006	15827	0	7548711	7555365
208.203450	15827	0	7548711	7555365
208.214588	15827	0	7548711	7555365
208.223044	15827	0	7548711	7555365
208.236791	15827	0	7548711	7555365
208.249624	15827	0	7548711	7555365
208.260731	15827	0	7548711	7555365
208.268087	15827	0	7548711	7555365
208.273783	15828	2	7719317	7555365
208.285804	15829	0	7727002	7732466
208.299132	15831	0	7760857	7766318
208.305386	15831	0	7760857	7766318
208.312453	15831	0	7760857	7766318
208.322940	15831	0	7760857	7766318
208.328352	15832	2	7828936	7766318
208.340307	15833	0	7832833	7837506
208.349920	15835	0	7866009	7870700
208.358854	15835	0	7866009	7870700
208.365170	15835	0	7866009	7870700
208.379232	15835	0	7866009	7870700
208.391854	15835	0	7866009	7870700
208.397936	15835	0	7866009	7870700
208.404956	15835	0	7866009	7870700
208.410723	15835	0	7866009	7870700
208.417431	15835	0	7866009	7870700
208.429916	15835	0	7866009	7870700
208.443424	15835	0	7866009	7870700
208.450523	15835	0	7866009	7870700
208.460376	15835	0	7866009	7870700
208.475505	15835	0	7866009	7870700
208.480693	15835	0	7866009	7870700
208.493309	15835	0	7866009	7870700
208.499198	15835	0	7866009	7870700
208.513218	15835	0	7866009	7870700
208.527122	15836	0	8210363	8216182
208.533782	15836	0	8210363	8216182
208.546529	15838	0	8241209	8245131
208.553692	15838	0	8241209	8245131
208.564980	15838	0	8241209	8245131
208.578129	15838	0	8241209	8245131
208.586052	15839	3	8310068	8245131
208.599946	15840	0	8316256	8321727
208.607684	15841	3	8346616	8321727
208.619150	15842	0	8354783	8360239
208.632239	15842	0	8354783	8360239
208.642446	15842	0	8354783	8360239
208.651633	15842	0	8354783	8360239
208.659456	15842	0	8354783	8360239
208.665621	15842	0	8354783	8360239
208.677167	15842	0	8354783	8360239
208.691368	15842	0	8354783	8360239
208.700943	15844	0	8531829	8533002
208.712094	15845	2	8555980	8533002
208.723717	15846	0	8564567	8569644
208.729813	15846	0	8564567	8569644
208.741456	15846	0	8564567	8569644
208.751744	15846	0	8564567	8569644
208.762894	15848	2	8659107	8659107
208.770015	15848	0	8659107	8665746
208.780269	15849	2	8694092	8665746
208.794929	15850	0	8699149	8706967
208.805150	15850	0	8699149	8706967
208.815116	15850	0	8699149	8706967
208.823944	15850	0	8699149	8706967
208.835471	15850	0	8699149	8706967
208.850554	15850	0	8699149	8706967
208.858541	15850	0	8699149	8706967
208.867628	15850	0	8699149	8706967
208.881103	15850	0	8699149	8706967
208.888476	15850	0	8699149	8706967
208.898375	15850	0	8699149	8706967
208.911904	15850	0	8699149	8706967
208.918664	15850	0	8699149	8706967
208.932643	15850	0	8699149	8706967
208.944606	15850	0	8699149	8706967
208.952446	15850	0	8699149	8706967
208.960235	15850	0	8699149	8706967
208.967058	15851	0	9076137	9083542
208.981036	15852	0	9090952	9096878
208.989272	15852	0	9090952	9096878
208.999577	15852	0	9090952	9096878
209.008978	15852	0	9090952	9096878
209.022933	15854	3	9164730	9164730
209.030579	15854	0	9164730	9172562
209.036152	15855	2	9190448	9172562
209.041771	15855	0	9190448	9199077
209.054980	15855	0	9190448	9199077
209.066633	15855	0	9190448	9199077
209.076750	15855	0	9190448	9199077
209.083471	15855	0	9190448	9199077
209.090033	15855	0	9190448	9199077
209.103639	15855	0	9190448	9199077
209.112531	15855	0	9190448	9199077
209.119438	15855	0	9190448	9199077
209.128859	15855	0	9190448	9199077
209.139654	15857	0	9367472	9377320
209.147682	15858	2	9394812	9377320
209.161036	15858	0	9394812	9403819
209.169901	15858	0	9394812	9403819
209.177553	15858	0	9394812	9403819
209.190737	15860	0	9482460	9487571
209.198814	15860	0	9482460	9487571
209.208952	15861	0	9503908	9512168
209.222364	15861	0	9503908	9512168
209.233121	15861	0	9503908	9512168
209.240435	15861	0	9503908	9512168
209.252817	15861	0	9503908	9512168
209.266326	15861	0	9503908	9512168
209.271997	15861	0	9503908	9512168
209.278357	15861	0	9503908	9512168
209.285357	15861	0	9503908	9512168
209.290722	15861	0	9503908	9512168
209.299253	15861	0	9503908	9512168
209.309003	15861	0	9503908	9512168
209.319825	15861	0	9503908	9512168
209.329636	15861	0	9503908	9512168
209.335839	15861	0	9503908	9512168
209.341252	15861	0	9503908	9512168
209.348509	15861	0	9503908	9512168
209.362522	15861	0	9503908	9512168
209.371275	15861	0	9503908	9512168
209.385599	15861	0	9503908	9512168
209.390903	15862	0	9869990	9878159
209.400326	15863	3	9886332	9878159
209.406417	15863	0	9886332	9896954
209.422435	15863	0	9886332	9896954
209.443091	15865	0	9958890	9967939
209.452597	15866	2	9982731	9967939
209.465142	15866	0	9982731	9990583
209.478506	15866	0	9982731	9990583
209.487858	15866	0	9982731	9990583
209.494690	15866	0	9982731	9990583
209.509707	15866	0	9982731	9990583
209.523783	15866	0	9982731	9990583
209.531045	15866	0	9982731	9990583
209.537757	15866	0	9982731	9990583
209.549581	15868	3	10160140	10160140
209.562049	15869	3	10189832	10170796
209.569336	15869	0	10189832	10200021
209.580495	15869	0	10189832	10200021
209.588091	15869	0	10189832	10200021
209.600203	15871	3	10268508	10268508
209.615141	15872	0	10285711	10293968
209.627750	15872	0	10285711	10293968
209.642785	15872	0	10285711	10293968
209.656197	15872	0	10285711	10293968
209.666929	15872	0	10285711	10293968
209.679681	15872	0	10285711	10293968
209.687392	15872	0	10285711	10293968
209.694756	15872	0	10285711	10293968
209.700824	15872	0	10285711	10293968
209.708109	15872	0	10285711	10293968
209.715219	15872	0	10285711	10293968
209.727315	15872	0	10285711	10293968
209.737388	15872	0	10285711	10293968
209.746460	15872	0	10285711	10293968
209.751693	15872	0	10285711	10293968
209.757531	15872	0	10285711	10293968
209.766035	15872	0	10285711	10293968
209.779983	15872	0	10285711	10293968
209.786516	15872	0	10285711	10293968
209.801057	15872	0	10285711	10293968
209.810998	15872	0	10285711	10293968
209.822281	15872	0	10285711	10293968
209.836160	15872	0	10285711	10293968
209.849923	15872	0	10285711	10293968
209.860311	15872	0	10285711	10293968
209.872918	15872	0	10285711	10293968
209.885429	15872	0	10285711	10293968
209.892826	15872	0	10285711	10293968
209.902273	15872	0	10285711	10293968
209.913427	15872	0	10285711	10293968
209.922283	15872	0	10285711	10293968
209.935838	15872	0	10285711	10293968
209.944555	15872	0	10285711	10293968
209.955628	15872	0	10285711	10293968
209.961346	15872	0	10285711	10293968
209.974545	15872	0	10285711	10293968
209.983629	15872	0	10285711	10293968
209.993544	15872	0	10285711	10293968
210.001676	15872	0	10285711	10293968
210.016396	15872	0	10285711	10293968
210.025850	15872	0	10285711	10293968
210.036013	15872	0	10285711	10293968
210.049569	15872	0	10285711	10293968
210.061621	15872	0	10285711	10293968
210.069059	15872	0	10285711	10293968
210.075272	15872	0	10285711	10293968
210.089215	15872	0	10285711	10293968
210.099876	15872	0	10285711	10293968
210.110433	15872	0	10285711	10293968
210.115980	15872	0	10285711	10293968
210.129060	15872	0	10285711	10293968
210.144221	15872	0	10285711	10293968
210.157529	15872	0	10285711	10293968
210.164338	15872	0	10285711	10293968
210.174629	15872	0	10285711	10293968
210.186324	15872	0	10285711	10293968
210.195016	15872	0	10285711	10293968
210.209146	15872	0	10285711	10293968
210.223571	15872	0	10285711	10293968
210.237983	15872	0	10285711	10293968
210.250916	15872	0	10285711	10293968
210.258091	15872	0	10285711	10293968
210.270743	15872	0	10285711	10293968
210.282260	15872	0	10285711	10293968
210.289768	15872	0	10285711	10293968
210.297199	15872	0	10285711	10293968
210.309697	15872	0	10285711	10293968
210.322253	15872	0	10285711	10293968
210.333512	15872	0	10285711	10293968
210.344505	15872	0	10285711	10293968
210.354261	15872	0	10285711	10293968
210.368715	15872	0	10285711	10293968
210.379195	15872	0	10285711	10293968
210.388028	15872	0	10285711	10293968
210.393198	15872	0	10285711	10293968
210.406127	15872	0	10285711	10293968
210.418167	15872	0	10285711	10293968
210.432330	15872	0	10285711	10293968
210.438235	15872	0	10285711	10293968
210.450950	15872	0	10285711	10293968
210.464146	15872	0	10285711	10293968
210.476643	15872	0	10285711	10293968
210.490357	15872	0	10285711	10293968
210.501785	15872	0	10285711	10293968
210.516126	15872	0	10285711	10293968
210.526822	15872	0	10285711	10293968
210.537361	15872	0	10285711	10293968
210.546361	15872	0	10285711	10293968
210.559043	15872	0	10285711	10293968
210.574249	15872	0	10285711	10293968
210.859672	15872	0	10285711	10293968
210.879527	15872	0	10285711	10293968
210.893804	15872	0	10285711	10293968
210.906968	15872	0	10285711	10293968
210.921424	15872	0	10285711	10293968
210.931438	15872	0	10285711	10293968
210.939777	15872	0	10285711	10293968
210.954245	15872	0	10285711	10293968
210.963430	15872	0	10285711	10293968
210.975189	15872	0	10285711	10293968
210.982371	15872	0	10285711	10293968
210.990389	15872	0	10285711	10293968
211.003527	15872	0	10285711	10293968
211.017718	15872	0	10285711	10293968
211.023331	15872	0	10285711	10293968
211.032445	15872	0	10285711	10293968
211.046797	15872	0	10285711	10293968
211.060389	15872	0	10285711	10293968
211.069317	15872	0	10285711	10293968
211.075537	15872	0	10285711	10293968
211.089793	15872	0	10285711	10293968
211.102409	15872	0	10285711	10293968
211.108142	15872	0	10285711	10293968
211.122738	15872	0	10285711	10293968
211.135376	15872	0	10285711	10293968
211.145310	15872	0	10285711	10293968
211.156956	15872	0	10285711	10293968
211.170267	15872	0	10285711	10293968
211.182644	15872	0	10285711	10293968
211.189365	15872	0	10285711	10293968
211.198617	15872	0	10285711	10293968
211.211035	15872	0	10285711	10293968
211.223871	15872	0	10285711	10293968
211.234136	15872	0	10285711	10293968
211.246178	15872	0	10285711	10293968
211.251680	15872	0	10285711	10293968
211.259255	15872	0	10285711	10293968
211.271224	15872	0	10285711	10293968
211.281580	15872	0	10285711	10293968
211.292486	15872	0	10285711	10293968
211.300697	15872	0	10285711	10293968
211.306992	15872	0	10285711	10293968
211.313625	15872	0	10285711	10293968
211.322433	15872	0	10285711	10293968
211.330019	15872	0	10285711	10293968
211.339898	15872	0	10285711	10293968
211.346990	15872	0	10285711	10293968
211.360855	15872	0	10285711	10293968
211.370081	15872	0	10285711	10293968
211.383414	15872	0	10285711	10293968
211.390033	15872	0	10285711	10293968
211.402064	15872	0	10285711	10293968
211.413877	15872	0	10285711	10293968
211.421272	15872	0	10285711	10293968
211.427484	15872	0	10285711	10293968
211.441299	15872	0	10285711	10293968
211.455345	15872	0	10285711	10293968
211.468830	15872	0	10285711	10293968
211.474880	15872	0	10285711	10293968
211.487570	15872	0	10285711	10293968
211.503541	15872	0	10285711	10293968
211.517754	15872	0	10285711	10293968
211.526040	15872	0	10285711	10293968
211.536476	15872	0	10285711	10293968
211.544841	15872	0	10285711	10293968
211.556814	15872	0	10285711	10293968
211.564962	15872	0	10285711	10293968
211.572308	15872	0	10285711	10293968
211.578855	15872	0	10285711	10293968
211.590997	15872	0	10285711	10293968
211.597780	15872	0	10285711	10293968
211.607145	15872	0	10285711	10293968
211.614047	15872	0	10285711	10293968
211.627840	15872	0	10285711	10293968
211.637936	15872	0	10285711	10293968
211.647064	15872	0	10285711	10293968
211.660809	15872	0	10285711	10293968
211.666222	15872	0	10285711	10293968
211.675525	15872	0	10285711	10293968
211.686936	15872	0	10285711	10293968
211.700967	15872	0	10285711	10293968
211.713315	15872	0	10285711	10293968
211.724182	15872	0	10285711	10293968
211.735439	15872	0	10285711	10293968
211.748271	15872	0	10285711	10293968
211.757139	15872	0	10285711	10293968
211.768306	15872	0	10285711	10293968
211.776961	15872	0	10285711	10293968
211.786026	15872	0	10285711	10293968
211.797930	15872	0	10285711	10293968
211.806544	15872	0	10285711	10293968
211.818392	15872	0	10285711	10293968
211.826145	15872	0	10285711	10293968
211.840469	15872	0	10285711	10293968
211.852063	15872	0	10285711	10293968
211.859250	15872	0	10285711	10293968
211.866045	15872	0	10285711	10293968
211.887646	15872	0	10285711	10293968
211.893941	15872	0	10285711	10293968
211.902691	15872	0	10285711	10293968
211.909145	15872	0	10285711	10293968
211.923039	15872	0	10285711	10293968
211.934388	15872	0	10285711	10293968
211.944974	15872	0	10285711	10293968
211.951023	15872	0	10285711	10293968
211.965680	15872	0	10285711	10293968
211.973212	15872	0	10285711	10293968
211.981267	15872	0	10285711	10293968
211.990941	15872	0	10285711	10293968
212.005977	15872	0	10285711	10293968
212.021071	15872	0	10285711	10293968
212.031756	15872	0	10285711	10293968
212.045288	15872	0	10285711	10293968
212.055685	15872	0	10285711	10293968
212.063110	15872	0	10285711	10293968
212.075091	15872	0	10285711	10293968
212.088505	15872	0	10285711	10293968
212.101568	15872	0	10285711	10293968
212.108946	15872	0	10285711	10293968
212.122127	15872	0	10285711	10293968
212.131438	15872	0	10285711	10293968
212.141150	15872	0	10285711	10293968
212.151631	15872	0	10285711	10293968
212.160491	15872	0	10285711	10293968
212.174285	15872	0	10285711	10293968
212.180668	15872	0	10285711	10293968
212.188963	15872	0	10285711	10293968
212.195488	15872	0	10285711	10293968
212.209396	15872	0	10285711	10293968
212.216945	15872	0	10285711	10293968
212.229882	15872	0	10285711	10293968
212.241027	15872	0	10285711	10293968
212.247873	15872	0	10285711	10293968
212.254240	15872	0	10285711	10293968
212.265799	15872	0	10285711	10293968
212.272990	15872	0	10285711	10293968
212.278778	15872	0	10285711	10293968
212.285137	15872	0	10285711	10293968
212.293342	15872	0	10285711	10293968
212.308505	15872	0	10285711	10293968
212.320286	15872	0	10285711	10293968
212.332361	15872	0	10285711	10293968
212.343630	15872	0	10285711	10293968
212.355570	15872	0	10285711	10293968
212.364307	15872	0	10285711	10293968
212.371307	15872	0	10285711	10293968
212.381265	15872	0	10285711	10293968
212.390346	15872	0	10285711	10293968
212.402032	15872	0	10285711	10293968
212.411102	15872	0	10285711	10293968
212.420711	15872	0	10285711	10293968
212.433339	15872	0	10285711	10293968
212.442898	15872	0	10285711	10293968
212.454635	15872	0	10285711	10293968
212.464933	15872	0	10285711	10293968
212.477709	15872	0	10285711	10293968
212.488118	15872	0	10285711	10293968
212.499718	15872	0	10285711	10293968
212.510358	15872	0	10285711	10293968
212.520084	15872	0	10285711	10293968
212.532455	15872	0	10285711	10293968
212.545329	15872	0	10285711	10293968
212.556353	15872	0	10285711	10293968
212.562941	15872	0	10285711	10293968
212.573438	15872	0	10285711	10293968
212.584489	15872	0	10285711	10293968
212.598160	15872	0	10285711	10293968
212.607357	15872	0	10285711	10293968
212.618142	15872	0	10285711	10293968
212.627811	15872	0	10285711	10293968
212.638543	15872	0	10285711	10293968
212.644311	15872	0	10285711	10293968
212.657646	15872	0	10285711	10293968
212.666910	15872	0	10285711	10293968
212.674465	15872	0	10285711	10293968
212.689454	15872	0	10285711	10293968
212.701815	15872	0	10285711	10293968
212.716831	15872	0	10285711	10293968
212.728708	15872	0	10285711	10293968
212.740679	15872	0	10285711	10293968
212.746052	15872	0	10285711	10293968
212.757148	15872	0	10285711	10293968
212.768871	15872	0	10285711	10293968
212.781613	15872	0	10285711	10293968
212.794071	15872	0	10285711	10293968
212.807430	15872	0	10285711	10293968
212.816450	15872	0	10285711	10293968
212.828478	15872	0	10285711	10293968
212.835385	15872	0	10285711	10293968
212.850295	15872	0	10285711	10293968
212.859644	15872	0	10285711	10293968
212.865121	15872	0	10285711	10293968
212.879705	15872	0	10285711	10293968
212.886397	15872	0	10285711	10293968
212.891862	15872	0	10285711	10293968
212.905066	15872	0	10285711	10293968
212.912745	15872	0	10285711	10293968
212.923657	15872	0	10285711	10293968
212.933657	15872	0	10285711	10293968
212.942723	15872	0	10285711	10293968
212.952745	15872	0	10285711	10293968
212.958970	15872	0	10285711	10293968
212.967892	15872	0	10285711	10293968
212.978058	15872	0	10285711	10293968
212.987446	15872	0	10285711	10293968
212.999655	15872	0	10285711	10293968
213.011668	15872	0	10285711	10293968
213.022882	15872	0	10285711	10293968
213.030449	15872	0	10285711	10293968
213.040138	15872	0	10285711	10293968
213.046646	15872	0	10285711	10293968
213.054266	15872	0	10285711	10293968
213.067079	15872	0	10285711	10293968
213.078697	15872	0	10285711	10293968
213.087116	15872	0	10285711	10293968
213.094198	15872	0	10285711	10293968
213.108641	15872	0	10285711	10293968
213.115335	15872	0	10285711	10293968
213.125027	15872	0	10285711	10293968
213.131273	15872	0	10285711	10293968
213.145962	15872	0	10285711	10293968
213.153517	15872	0	10285711	10293968
213.159964	15872	0	10285711	10293968
213.166133	15872	0	10285711	10293968
213.172035	15872	0	10285711	10293968
213.182428	15872	0	10285711	10293968
213.192105	15872	0	10285711	10293968
213.202624	15872	0	10285711	10293968
213.213935	15872	0	10285711	10293968
213.226083	15872	0	10285711	10293968
213.237785	15872	0	10285711	10293968
213.250810	15872	0	10285711	10293968
213.261352	15872	0	10285711	10293968
213.273127	15872	0	10285711	10293968
213.280012	15872	0	10285711	10293968
213.289784	15872	0	10285711	10293968
213.295446	15872	0	10285711	10293968
213.303510	15872	0	10285711	10293968
213.312300	15872	0	10285711	10293968
213.321654	15872	0	10285711	10293968
213.333580	15872	0	10285711	10293968
213.342156	15872	0	10285711	10293968
213.354121	15872	0	10285711	10293968
213.368585	15872	0	10285711	10293968
213.376981	15872	0	10285711	10293968
213.387168	15872	0	10285711	10293968
213.402015	15872	0	10285711	10293968
213.407616	15872	0	10285711	10293968
213.417022	15872	0	10285711	10293968
213.431876	15872	0	10285711	10293968
213.443372	15872	0	10285711	10293968
213.453109	15872	0	10285711	10293968
213.466129	15872	0	10285711	10293968
213.476336	15872	0	10285711	10293968
213.490384	15872	0	10285711	10293968
213.496462	15872	0	10285711	10293968
213.510727	15872	0	10285711	10293968
213.525674	15872	0	10285711	10293968
213.534805	15872	0	10285711	10293968
213.543605	15872	0	10285711	10293968
213.554818	15872	0	10285711	10293968
213.568338	15872	0	10285711	10293968
213.582146	15872	0	10285711	10293968
213.588690	15872	0	10285711	10293968
213.598946	15872	0	10285711	10293968
213.613780	15872	0	10285711	10293968
213.623066	15872	0	10285711	10293968
213.633878	15872	0	10285711	10293968
213.648635	15872	0	10285711	10293968
213.657154	15872	0	10285711	10293968
213.663574	15872	0	10285711	10293968
213.670759	15872	0	10285711	10293968
213.679879	15872	0	10285711	10293968
213.694735	15872	0	10285711	10293968
213.708285	15872	0	10285711	10293968
213.721181	15872	0	10285711	10293968
213.729771	15872	0	10285711	10293968
213.736202	15872	0	10285711	10293968
213.749413	15872	0	10285711	10293968
213.762363	15872	0	10285711	10293968
213.776636	15872	0	10285711	10293968
213.783962	15872	0	10285711	10293968
213.798799	15872	0	10285711	10293968
213.806771	15872	0	10285711	10293968
213.822783	15872	0	10285711	10293968
213.835652	15872	0	10285711	10293968
213.847374	15872	0	10285711	10293968
213.855880	15872	0	10285711	10293968
213.869874	15872	0	10285711	10293968
213.875417	15872	0	10285711	10293968
213.880616	15872	0	10285711	10293968
213.890536	15872	0	10285711	10293968
213.900256	15872	0	10285711	10293968
213.908905	15872	0	10285711	10293968
213.917059	15872	0	10285711	10293968
213.930745	15872	0	10285711	10293968
213.945071	15872	0	10285711	10293968
213.958139	15872	0	10285711	10293968
213.970521	15872	0	10285711	10293968
213.978499	15872	0	10285711	10293968
213.983806	15872	0	10285711	10293968
213.997900	15872	0	10285711	10293968
214.009393	15872	0	10285711	10293968
214.016019	15872	0	10285711	10293968
214.025818	15872	0	10285711	10293968
214.037537	15872	0	10285711	10293968
214.049733	15872	0	10285711	10293968
214.057344	15872	0	10285711	10293968
214.064610	15872	0	10285711	10293968
214.073470	15872	0	10285711	10293968
214.080605	15872	0	10285711	10293968
214.090242	15872	0	10285711	10293968
214.099249	15872	0	10285711	10293968
214.108015	15872	0	10285711	10293968
214.122475	15872	0	10285711	10293968
214.131279	15872	0	10285711	10293968
214.140570	15872	0	10285711	10293968
214.155697	15872	0	10285711	10293968
214.170204	15872	0	10285711	10293968
214.176770	15872	0	10285711	10293968
214.189426	15872	0	10285711	10293968
214.200889	15872	0	10285711	10293968
214.207160	15872	0	10285711	10293968
214.219124	15872	0	10285711	10293968
214.227681	15872	0	10285711	10293968
214.241955	15872	0	10285711	10293968
214.252304	15872	0	10285711	10293968
214.262844	15872	0	10285711	10293968
214.277166	15872	0	10285711	10293968
214.290309	15872	0	10285711	10293968
214.298075	15872	0	10285711	10293968
214.313191	15872	0	10285711	10293968
214.325034	15872	0	10285711	10293968
214.333595	15872	0	10285711	10293968
214.342371	15872	0	10285711	10293968
214.349732	15872	0	10285711	10293968
214.358305	15872	0	10285711	10293968
214.372667	15872	0	10285711	10293968
214.380134	15872	0	10285711	10293968
214.391387	15872	0	10285711	10293968
214.408875	15872	0	10285711	10293968
214.415257	15872	0	10285711	10293968
214.434887	15872	0	10285711	10293968
214.449365	15872	0	10285711	10293968
214.458072	15872	0	10285711	10293968
214.464775	15872	0	10285711	10293968
214.471506	15872	0	10285711	10293968
214.483163	15872	0	10285711	10293968
214.491774	15872	0	10285711	10293968
214.499453	15872	0	10285711	10293968
214.511112	15872	0	10285711	10293968
214.519380	15872	0	10285711	10293968
214.529808	15872	0	10285711	10293968
214.539331	15872	0	10285711	10293968
214.544835	15872	0	10285711	10293968
214.553108	15872	0	10285711	10293968
214.561662	15872	0	10285711	10293968
214.571699	15872	0	10285711	10293968
214.577494	15872	0	10285711	10293968
214.590280	15872	0	10285711	10293968
214.597031	15872	0	10285711	10293968
214.609997	15872	0	10285711	10293968
214.617076	15872	0	10285711	10293968
214.622972	15872	0	10285711	10293968
214.629953	15872	0	10285711	10293968
214.642307	15872	0	10285711	10293968
214.655862	15872	0	10285711	10293968
214.669948	15872	0	10285711	10293968
214.675135	15872	0	10285711	10293968
214.681873	15872	0	10285711	10293968
214.693933	15872	0	10285711	10293968
214.701456	15872	0	10285711	10293968
214.711952	15872	0	10285711	10293968
214.726011	15872	0	10285711	10293968
214.741230	15872	0	10285711	10293968
214.754242	15872	0	10285711	10293968
214.763453	15872	0	10285711	10293968
214.777859	15872	0	10285711	10293968
214.791425	15872	0	10285711	10293968
214.806832	15872	0	10285711	10293968
214.822841	15872	0	10285711	10293968
214.834820	15872	0	10285711	10293968
214.849317	15872	0	10285711	10293968
214.856190	15872	0	10285711	10293968
214.865880	15872	0	10285711	10293968
214.877644	15872	0	10285711	10293968
214.884355	15872	0	10285711	10293968
214.899325	15872	0	10285711	10293968
214.914306	15872	0	10285711	10293968
214.922816	15872	0	10285711	10293968
214.934327	15872	0	10285711	10293968
214.945636	15872	0	10285711	10293968
214.957661	15872	0	10285711	10293968
214.967726	15872	0	10285711	10293968
214.975378	15872	0	10285711	10293968
214.980677	15872	0	10285711	10293968
214.992750	15872	0	10285711	10293968
215.006311	15872	0	10285711	10293968
215.021325	15872	0	10285711	10293968
215.031199	15872	0	10285711	10293968
215.039296	15872	0	10285711	10293968
215.051928	15872	0	10285711	10293968
215.065951	15872	0	10285711	10293968
215.074940	15872	0	10285711	10293968
215.080928	15872	0	10285711	10293968
215.095236	15872	0	10285711	10293968
215.101149	15872	0	10285711	10293968
215.107890	15872	0	10285711	10293968
215.122397	15872	0	10285711	10293968
215.133959	15872	0	10285711	10293968
215.142455	15872	0	10285711	10293968
215.156972	15872	0	10285711	10293968
215.162411	15872	0	10285711	10293968
215.171119	15872	0	10285711	10293968
215.179615	15872	0	10285711	10293968
215.189963	15872	0	10285711	10293968
215.198760	15872	0	10285711	10293968
215.207292	15872	0	10285711	10293968
215.212829	15872	0	10285711	10293968
215.226799	15872	0	10285711	10293968
215.239029	15872	0	10285711	10293968
215.249454	15872	0	10285711	10293968
215.255677	15872	0	10285711	10293968
215.270220	15872	0	10285711	10293968
215.282649	15872	0	10285711	10293968
215.290721	15872	0	10285711	10293968
215.296480	15872	0	10285711	10293968
215.306293	15872	0	10285711	10293968
215.315513	15872	0	10285711	10293968
215.329945	15872	0	10285711	10293968
215.343828	15872	0	10285711	10293968
215.352636	15872	0	10285711	10293968
215.361044	15872	0	10285711	10293968
215.372177	15872	0	10285711	10293968
215.380143	15872	0	10285711	10293968
215.390836	15872	0	10285711	10293968
215.404905	15872	0	10285711	10293968
215.414629	15872	0	10285711	10293968
215.422073	15872	0	10285711	10293968
215.434074	15872	0	10285711	10293968
215.441407	15872	0	10285711	10293968
215.457767	15872	0	10285711	10293968
215.470745	15872	0	10285711	10293968
215.478386	15872	0	10285711	10293968
215.486775	15872	0	10285711	10293968
215.499389	15872	0	10285711	10293968
215.508467	15872	0	10285711	10293968
215.522812	15872	0	10285711	10293968
215.530841	15872	0	10285711	10293968
215.546753	15872	0	10285711	10293968
215.554836	15872	0	10285711	10293968
215.566511	15872	0	10285711	10293968
215.582763	15872	0	10285711	10293968
215.594771	15872	0	10285711	10293968
215.605178	15872	0	10285711	10293968
215.617276	15872	0	10285711	10293968
215.629395	15872	0	10285711	10293968
215.641249	15872	0	10285711	10293968
215.655417	15872	0	10285711	10293968
215.663150	15872	0	10285711	10293968
215.676112	15872	0	10285711	10293968
215.686989	15872	0	10285711	10293968
215.695829	15872	0	10285711	10293968
215.707766	15872	0	10285711	10293968
215.721725	15872	0	10285711	10293968
215.729548	15872	0	10285711	10293968
215.736941	15872	0	10285711	10293968
215.746737	15872	0	10285711	10293968
215.756091	15872	0	10285711	10293968
215.767266	15872	0	10285711	10293968
215.801654	15872	0	10285711	10293968
215.814916	15872	0	10285711	10293968
215.842760	15872	0	10285711	10293968
215.851447	15872	0	10285711	10293968
215.857126	15872	0	10285711	10293968
215.865763	15872	0	10285711	10293968
215.872504	15872	0	10285711	10293968
215.883593	15872	0	10285711	10293968
215.890340	15872	0	10285711	10293968
215.903125	15872	0	10285711	10293968
215.911055	15872	0	10285711	10293968
215.917979	15872	0	10285711	10293968
215.931761	15872	0	10285711	10293968
215.943535	15872	0	10285711	10293968
215.952547	15872	0	10285711	10293968
215.958745	15872	0	10285711	10293968
215.964345	15872	0	10285711	10293968
215.978746	15872	0	10285711	10293968
215.991846	15872	0	10285711	10293968
215.997518	15872	0	10285711	10293968
216.002991	15872	0	10285711	10293968
216.018596	15872	0	10285711	10293968
216.026742	15872	0	10285711	10293968
216.036630	15872	0	10285711	10293968
216.049177	15872	0	10285711	10293968
216.065437	15872	0	10285711	10293968
216.078707	15872	0	10285711	10293968
216.087046	15872	0	10285711	10293968
216.096416	15872	0	10285711	10293968
216.104033	15872	0	10285711	10293968
216.114145	15872	0	10285711	10293968
216.128074	15872	0	10285711	10293968
216.135331	15872	0	10285711	10293968
216.146867	15872	0	10285711	10293968
216.156186	15872	0	10285711	10293968
216.171264	15872	0	10285711	10293968
216.185230	15872	0	10285711	10293968
216.193212	15872	0	10285711	10293968
216.208208	15872	0	10285711	10293968
216.216993	15872	0	10285711	10293968
216.224298	15872	0	10285711	10293968
216.233777	15872	0	10285711	10293968
216.242097	15872	0	10285711	10293968
216.251861	15872	0	10285711	10293968
216.264003	15872	0	10285711	10293968
216.278524	15872	0	10285711	10293968
216.292473	15872	0	10285711	10293968
216.306034	15872	0	10285711	10293968
216.315947	15872	0	10285711	10293968
216.322290	15872	0	10285711	10293968
216.329746	15872	0	10285711	10293968
216.343496	15872	0	10285711	10293968
216.366801	15872	0	10285711	10293968
216.376266	15872	0	10285711	10293968
216.389810	15872	0	10285711	10293968
216.403727	15872	0	10285711	10293968
216.409612	15872	0	10285711	10293968
216.420310	15872	0	10285711	10293968
216.431067	15872	0	10285711	10293968
216.447254	15872	0	10285711	10293968
216.454892	15872	0	10285711	10293968
216.473033	15872	0	10285711	10293968
216.482833	15872	0	10285711	10293968
216.493367	15872	0	10285711	10293968
216.502354	15872	0	10285711	10293968
216.518926	15872	0	10285711	10293968
216.534816	15872	0	10285711	10293968
216.544274	15872	0	10285711	10293968
216.556455	15872	0	10285711	10293968
216.568174	15872	0	10285711	10293968
216.574974	15872	0	10285711	10293968
216.585337	15872	0	10285711	10293968
216.594741	15872	0	10285711	10293968
216.602978	15872	0	10285711	10293968
216.614705	15872	0	10285711	10293968
216.622547	15872	0	10285711	10293968
216.630764	15872	0	10285711	10293968
216.645742	15872	0	10285711	10293968
216.656171	15872	0	10285711	10293968
216.668820	15872	0	10285711	10293968
216.681577	15872	0	10285711	10293968
216.694760	15872	0	10285711	10293968
216.710748	15872	0	10285711	10293968
216.726757	15872	0	10285711	10293968
216.742788	15872	0	10285711	10293968
216.758760	15872	0	10285711	10293968
216.766741	15872	0	10285711	10293968
216.778716	15872	0	10285711	10293968
216.791150	15872	0	10285711	10293968
216.801592	15872	0	10285711	10293968
216.811066	15872	0	10285711	10293968
216.825644	15872	0	10285711	10293968
216.841355	15872	0	10285711	10293968
216.850096	15872	0	10285711	10293968
216.864160	15872	0	10285711	10293968
216.878768	15872	0	10285711	10293968
216.888654	15872	0	10285711	10293968
216.894949	15872	0	10285711	10293968
216.902635	15872	0	10285711	10293968
216.909374	15872	0	10285711	10293968
216.924522	15872	0	10285711	10293968
216.937565	15872	0	10285711	10293968
216.948981	15872	0	10285711	10293968
216.954233	15872	0	10285711	10293968
216.969077	15872	0	10285711	10293968
216.974504	15872	0	10285711	10293968
216.987583	15872	0	10285711	10293968
216.994824	15872	0	10285711	10293968
217.010805	15872	0	10285711	10293968
217.025873	15872	0	10285711	10293968
217.038786	15872	0	10285711	10293968
217.054748	15872	0	10285711	10293968
217.061199	15872	0	10285711	10293968
217.073130	15872	0	10285711	10293968
217.090752	15872	0	10285711	10293968
217.106741	15872	0	10285711	10293968
217.114752	15872	0	10285711	10293968
217.130755	15872	0	10285711	10293968
217.140626	15872	0	10285711	10293968
217.147533	15872	0	10285711	10293968
217.158752	15872	0	10285711	10293968
217.174753	15872	0	10285711	10293968
217.184748	15872	0	10285711	10293968
217.197541	15872	0	10285711	10293968
217.203797	15872	0	10285711	10293968
217.210742	15872	0	10285711	10293968
217.219064	15872	0	10285711	10293968
217.228796	15872	0	10285711	10293968
217.238984	15872	0	10285711	10293968
217.247348	15872	0	10285711	10293968
217.253763	15872	0	10285711	10293968
217.266898	15872	0	10285711	10293968
217.281110	15872	0	10285711	10293968
217.300113	15872	0	10285711	10293968
217.308641	15872	0	10285711	10293968
217.322786	15872	0	10285711	10293968
217.332963	15872	0	10285711	10293968
217.348137	15872	0	10285711	10293968
217.359596	15872	0	10285711	10293968
217.370912	15872	0	10285711	10293968
217.385162	15872	0	10285711	10293968
217.395793	15872	0	10285711	10293968
217.401064	15872	0	10285711	10293968
217.416455	15872	0	10285711	10293968
217.430453	15872	0	10285711	10293968
217.443342	15872	0	10285711	10293968
217.448858	15872	0	10285711	10293968
217.470746	15872	0	10285711	10293968
217.478469	15872	0	10285711	10293968
217.491103	15872	0	10285711	10293968
217.499890	15872	0	10285711	10293968
217.513724	15872	0	10285711	10293968
217.526922	15872	0	10285711	10293968
217.536855	15872	0	10285711	10293968
217.551645	15872	0	10285711	10293968
217.562969	15872	0	10285711	10293968
217.574839	15872	0	10285711	10293968
217.586301	15872	0	10285711	10293968
217.598537	15872	0	10285711	10293968
217.604064	15872	0	10285711	10293968
217.610839	15872	0	10285711	10293968
217.622606	15872	0	10285711	10293968
217.631497	15872	0	10285711	10293968
217.641898	15872	0	10285711	10293968
217.657101	15872	0	10285711	10293968
217.672123	15872	0	10285711	10293968
217.679618	15872	0	10285711	10293968
217.705486	15872	0	10285711	10293968
217.714313	15872	0	10285711	10293968
217.719671	15872	0	10285711	10293968
217.725146	15872	0	10285711	10293968
217.732633	15872	0	10285711	10293968
217.739691	15872	0	10285711	10293968
217.752232	15872	0	10285711	10293968
217.760141	15872	0	10285711	10293968
217.774410	15872	0	10285711	10293968
217.788148	15872	0	10285711	10293968
217.802917	15872	0	10285711	10293968
217.819058	15872	0	10285711	10293968
217.833323	15872	0	10285711	10293968
217.843158	15872	0	10285711	10293968
217.857085	15872	0	10285711	10293968
217.878800	15872	0	10285711	10293968
217.891166	15872	0	10285711	10293968
217.899344	15872	0	10285711	10293968
217.916316	15872	0	10285711	10293968
217.922190	15872	0	10285711	10293968
217.934023	15872	0	10285711	10293968
217.948530	15872	0	10285711	10293968
217.960374	15872	0	10285711	10293968
217.975065	15872	0	10285711	10293968
217.986261	15872	0	10285711	10293968
217.991866	15872	0	10285711	10293968
218.004286	15872	0	10285711	10293968
218.015945	15872	0	10285711	10293968
218.023481	15872	0	10285711	10293968
218.035568	15872	0	10285711	10293968
218.046554	15872	0	10285711	10293968
218.059145	15872	0	10285711	10293968
218.069144	15872	0	10285711	10293968
218.081507	15872	0	10285711	10293968
218.088035	15872	0	10285711	10293968
218.097457	15872	0	10285711	10293968
218.107535	15872	0	10285711	10293968
218.122676	15872	0	10285711	10293968
218.129937	15872	0	10285711	10293968
218.138793	15872	0	10285711	10293968
218.153325	15872	0	10285711	10293968
218.160547	15872	0	10285711	10293968
218.175351	15872	0	10285711	10293968
218.187548	15872	0	10285711	10293968
218.202147	15872	0	10285711	10293968
218.215563	15872	0	10285711	10293968
218.227984	15872	0	10285711	10293968
218.239888	15872	0	10285711	10293968
218.248327	15872	0	10285711	10293968
218.261050	15872	0	10285711	10293968
218.275540	15872	0	10285711	10293968
218.290575	15872	0	10285711	10293968
218.302985	15872	0	10285711	10293968
218.314272	15872	0	10285711	10293968
218.320998	15872	0	10285711	10293968
218.333482	15872	0	10285711	10293968
218.346024	15872	0	10285711	10293968
218.358857	15872	0	10285711	10293968
218.370470	15872	0	10285711	10293968
218.378086	15872	0	10285711	10293968
218.389466	15872	0	10285711	10293968
218.399052	15872	0	10285711	10293968
218.412026	15872	0	10285711	10293968
218.421871	15872	0	10285711	10293968
218.429268	15872	0	10285711	10293968
218.438679	15872	0	10285711	10293968
218.446028	15872	0	10285711	10293968
218.454987	15872	0	10285711	10293968
218.462388	15872	0	10285711	10293968
218.474219	15872	0	10285711	10293968
218.483259	15872	0	10285711	10293968
218.488578	15872	0	10285711	10293968
218.501663	15872	0	10285711	10293968
218.509583	15872	0	10285711	10293968
218.524802	15872	0	10285711	10293968
218.536409	15872	0	10285711	10293968
218.544124	15872	0	10285711	10293968
218.555486	15872	0	10285711	10293968
218.564937	15872	0	10285711	10293968
218.571585	15872	0	10285711	10293968
218.577811	15872	0	10285711	10293968
218.586976	15872	0	10285711	10293968
218.592660	15872	0	10285711	10293968
218.604658	15872	0	10285711	10293968
218.615334	15872	0	10285711	10293968
218.627391	15872	0	10285711	10293968
218.641136	15872	0	10285711	10293968
218.648510	15872	0	10285711	10293968
218.662371	15872	0	10285711	10293968
218.670814	15872	0	10285711	10293968
218.684856	15872	0	10285711	10293968
218.692434	15872	0	10285711	10293968
218.708136	15872	0	10285711	10293968
218.717008	15872	0	10285711	10293968
218.726615	15872	0	10285711	10293968
218.742110	15872	0	10285711	10293968
218.755701	15872	0	10285711	10293968
218.764621	15872	0	10285711	10293968
218.778115	15872	0	10285711	10293968
218.792870	15872	0	10285711	10293968
218.805765	15872	0	10285711	10293968
218.822750	15872	0	10285711	10293968
218.834807	15872	0	10285711	10293968
218.843480	15872	0	10285711	10293968
218.848797	15872	0	10285711	10293968
218.861846	15872	0	10285711	10293968
218.868934	15872	0	10285711	10293968
218.877783	15872	0	10285711	10293968
218.889571	15872	0	10285711	10293968
218.898839	15872	0	10285711	10293968
218.911684	15872	0	10285711	10293968
218.925554	15872	0	10285711	10293968
218.939551	15872	0	10285711	10293968
218.954768	15872	0	10285711	10293968
218.963777	15872	0	10285711	10293968
218.970063	15872	0	10285711	10293968
218.986754	15872	0	10285711	10293968
218.994738	15872	0	10285711	10293968
219.010775	15872	0	10285711	10293968
219.026750	15872	0	10285711	10293968
219.040278	15872	0	10285711	10293968
219.054776	15872	0	10285711	10293968
219.069470	15872	0	10285711	10293968
219.074794	15872	0	10285711	10293968
219.085290	15872	0	10285711	10293968
219.091598	15872	0	10285711	10293968
219.105473	15872	0	10285711	10293968
219.117972	15872	0	10285711	10293968
219.128970	15872	0	10285711	10293968
219.135512	15872	0	10285711	10293968
219.142799	15872	0	10285711	10293968
219.156887	15872	0	10285711	10293968
